日付,開催場,R,race_id,racekey,発走,番組表示,馬番,馬名,騎手,基準オッズ,人気,ラップ適性,ラップキャラ,SAV,信頼度,妙味度,展開順位,ST指数,仕上指数,合計値,合計値順位,出遅率,先行力,追走力,持久力,持続力,瞬発力,前3F順位,前3F差,前3F内外,勝負所順位,勝負所差,勝負所内外,G前順位,G前差,G前内外,斤量,騎手タイプ,騎手指数,騎手コメント,当該コース騎手総数,当該コース騎手勝率,当該コース騎手連対率,当該コース騎手複勝率,厩舎,最近放牧先,何走目,厩舎外厩総数,厩舎外厩勝率,厩舎外厩連対率,厩舎外厩複勝率,馬外厩総数,馬外厩勝率,馬外厩連対率,馬外厩複勝率,性,齢,前肢,後肢,蹄,重適性,特記1,特記2,特記3,父馬名,血統総数,血統勝率,血統連対率,血統複勝率,1週前追切,最終追切,調教指数,調教パターン,source_url,source_status
2026-08-29,新潟,2,202604030302,04263302,10:15,2R ダ1800 ３歳未勝利 10:15,1,ロマンス,石橋脩,29.0,9,中速バランス,,43,Ｄ,Ｄ,12,29,39,-12,12,0%,55 (5),51 (8),47 (10),36 (14),35 (15),3,4,内,6,3,中,12,10,中,55,[先][追],61,"調教師○,コース○",90,4%,13%,26%,上原佑紀,トゥモローＦ栃木,1,67,10 %,19 %,30 %,2,0%,0%,0 %,牝,3,短,短,中標ベ,○,完歩小さ,腰甘い,,エピファネイア,60,8%,12%,17%,53(南Ｗ),53(南Ｗ),39,併用終い重点,https://stride.get-luck.jp/member/race_viewer_test.php?racedate=20260829&racekey=04263302&jo=0&idpm=iFT66JycF8pFY,PASS
2026-08-29,新潟,2,202604030302,04263302,10:15,2R ダ1800 ３歳未勝利 10:15,2,オーパパ,佐藤翔馬,69.4,12,低速スタミナ,,43,Ｄ,Ｄ,13,31,39,-10,10,0%,56 (3),32 (15),32 (15),44 (10),58 (5),4,4,中,11,7,中,13,10,大外,54,,39,,33,0%,0%,6%,斎藤誠,エスティＦ小見川,1,255,9 %,15 %,25 %,6,0%,0%,0 %,牡,3,短,短,小ベ,△,腰甘い,,,アメリカンペイトリオット,35,9%,11%,14%,45(美坂),44(美坂),39,坂路平均,https://stride.get-luck.jp/member/race_viewer_test.php?racedate=20260829&racekey=04263302&jo=0&idpm=iFT66JycF8pFY,PASS
2026-08-29,新潟,2,202604030302,04263302,10:15,2R ダ1800 ３歳未勝利 10:15,3,ネイティヴプライド,松山弘平,14.0,6,超低速バランス,,54,Ｄ,Ｄ,8,38,39,-3,7,0%,55 (4),60 (3),54 (6),55 (7),52 (8),6,6,内,3,1,内,8,7,内,57,[先][続][瞬],58,"枠脚質×,直近▲",24,17%,29%,38%,高木登,ノーザンＦ天栄,6,,,,,,,,,牡,3,短,普,中標ベ,△,上が速×,腰甘い,,クリソベリル,20,30%,45%,55%,42(南Ｗ),52(南Ｗ),39,併用平均,https://stride.get-luck.jp/member/race_viewer_test.php?racedate=20260829&racekey=04263302&jo=0&idpm=iFT66JycF8pFY,PASS
2026-08-29,新潟,2,202604030302,04263302,10:15,2R ダ1800 ３歳未勝利 10:15,4,ダイヒョウカーク,杉原誠人,46.6,10,超低速スタミナ,カスリ,40,Ｄ,Ｄ,14,28,36,-16,13,50%,50 (8),52 (6),52 (8),40 (12),35 (14),7,6,中,5,3,外,14,11,外,57,[追][瞬],40,"コース×,枠脚質×",82,5%,6%,13%,松山将樹,ＫＳトレーニングＣ,3,66,5 %,9 %,11 %,,,,,牡,3,短,短,小ベ,△,腰甘い,,,ダンカーク,51,2%,8%,8%,59(南Ｗ),51(南Ｗ),36,コース終い重点,https://stride.get-luck.jp/member/race_viewer_test.php?racedate=20260829&racekey=04263302&jo=0&idpm=iFT66JycF8pFY,PASS
2026-08-29,新潟,2,202604030302,04263302,10:15,2R ダ1800 ３歳未勝利 10:15,5,プリヴィマーク,武藤雅,49.0,11,中速瞬発,,51,Ｄ,Ｄ,9,25,28,-27,15,0%,30 (15),39 (13),56 (4),43 (11),36 (13),14,12,最内,15,10,最内,9,8,外,57,[久][続][瞬],53,"馬主○,コース○,枠脚質×",111,6%,14%,20%,池上昌和,ノーザンＦ天栄,1,129,12 %,22 %,29 %,2,0%,0%,0 %,牡,3,短,短,小ベ,○,腰甘い,,,バゴ,19,5%,11%,11%,25(南Ｗ),48(南Ｗ),28,併用平均,https://stride.get-luck.jp/member/race_viewer_test.php?racedate=20260829&racekey=04263302&jo=0&idpm=iFT66JycF8pFY,PASS
2026-08-29,新潟,2,202604030302,04263302,10:15,2R ダ1800 ３歳未勝利 10:15,6,ガードオブオナー,津村明秀,4.8,2,中速瞬発,,70,Ｃ,Ｃ,4,44,40,4,3,29%,50 (9),68 (1),64 (2),57 (5),47 (10),9,8,内,1,0,中,4,2,中,57,[続][瞬],66,"調教師○,コース○,枠脚質×,直近◎",89,10%,17%,34%,林徹,ノーザンＦ天栄,1,318,15 %,27 %,37 %,6,0%,33%,33 %,牡,3,普,普,中ベ,○,腰甘い,良脚長使,上が速×,サトノダイヤモンド,43,2%,7%,23%,56(南Ｗ),53(南Ｗ),40,坂路終い重点,https://stride.get-luck.jp/member/race_viewer_test.php?racedate=20260829&racekey=04263302&jo=0&idpm=iFT66JycF8pFY,PASS
2026-08-29,新潟,2,202604030302,04263302,10:15,2R ダ1800 ３歳未勝利 10:15,7,ゴールドプレイヤー,戸崎圭太,3.0,1,超低速スタミナ,カスリ,77,Ｂ,ＡＡ,1,44,45,9,2,0%,55 (6),60 (4),54 (7),55 (6),53 (7),5,6,最内,4,2,最内,1,0,外,57,[先][続][瞬],59,"コース○,枠脚質×,直近×",72,22%,33%,44%,古賀慎明,ＫＳトレーニングＣ,3,4,0 %,25 %,50 %,,,,,牡,3,短,短,小標ベ,◎,大トビ,上が掛○,腰甘い,ゴールドアクター,10,30%,30%,40%,67(南Ｗ),60(南Ｗ),45,併用終い重点,https://stride.get-luck.jp/member/race_viewer_test.php?racedate=20260829&racekey=04263302&jo=0&idpm=iFT66JycF8pFY,PASS
2026-08-29,新潟,2,202604030302,04263302,10:15,2R ダ1800 ３歳未勝利 10:15,8,エターナルホープ,原優介,6.3,4,低速持続,,64,Ｃ,Ｄ,6,38,34,-8,8,40%,48 (11),41 (12),45 (11),54 (8),60 (3),12,10,内,12,7,最内,6,4,中,57,[追][久][続],41,"コース○,枠脚質○,直近○",141,4%,9%,13%,鈴木慎太郎,ＫＳトレーニングＣ,2,30,0 %,0 %,7 %,1,0%,0%,100 %,牡,3,短,短,小ベ,◎,腰甘い,府中向き,,エピカリス,10,0%,10%,20%,,45(南Ｗ),34,コース終い重点,https://stride.get-luck.jp/member/race_viewer_test.php?racedate=20260829&racekey=04263302&jo=0&idpm=iFT66JycF8pFY,PASS
2026-08-29,新潟,2,202604030302,04263302,10:15,2R ダ1800 ３歳未勝利 10:15,9,オウケンサクラコ,丸田恭介,21.6,8,超低速スタミナ,カスリ,65,Ｃ,Ｓ,5,42,36,-2,6,86%,36 (14),61 (2),68 (1),63 (1),51 (9),11,10,最内,8,5,中,5,3,大外,55,[続][瞬],46,"コース○,枠脚質○",69,4%,12%,14%,田中勝春,ＬＩＯ　ＲＣ,2,3,0 %,0 %,0 %,,,,,牝,3,短,短,小標ベ,△,脚抜ダ○,砂被る×,展開待ち,レインボーライン,10,10%,30%,30%,47(美坂),39(美坂),36,坂路平均,https://stride.get-luck.jp/member/race_viewer_test.php?racedate=20260829&racekey=04263302&jo=0&idpm=iFT66JycF8pFY,PASS
2026-08-29,新潟,2,202604030302,04263302,10:15,2R ダ1800 ３歳未勝利 10:15,10,マーゴットライズ,菊沢一樹,14.6,7,超低速底力,ピッタリ,63,Ｃ,Ｓ,7,40,39,-1,5,57%,38 (13),51 (7),59 (3),60 (3),55 (6),15,12,内,13,7,内,7,4,外,57,[続][瞬],54,"コース×,枠脚質○,直近◎,誕(無)",202,5%,10%,16%,伊坂重信,ノーザンＦ天栄,4,1,0 %,0 %,0 %,,,,,牡,3,短,短,小ベ,○,脚抜ダ○,腰甘い,新潟向き,インディチャンプ,5,0%,0%,20%,,55(新ダ),39,コース平均,https://stride.get-luck.jp/member/race_viewer_test.php?racedate=20260829&racekey=04263302&jo=0&idpm=iFT66JycF8pFY,PASS
2026-08-29,新潟,2,202604030302,04263302,10:15,2R ダ1800 ３歳未勝利 10:15,11,アデルフィー,三浦皇成,5.0,3,超低速バランス,,71,Ｃ,Ｃ,3,44,49,13,1,17%,54 (7),50 (10),47 (9),58 (4),63 (1),10,8,中,10,5,外,3,2,外,57,[続][瞬],62,"コース○,枠脚質○,直近▲",78,14%,24%,29%,金成貴史,相川牧場,3,2,0 %,50 %,50 %,2,0%,50%,50 %,牡,3,短,普,細標ベ,△,腰甘い,緩急苦手,高脚使う,モーニン,14,7%,14%,14%,58(南Ｗ),65(南Ｗ),49,コース終い重点,https://stride.get-luck.jp/member/race_viewer_test.php?racedate=20260829&racekey=04263302&jo=0&idpm=iFT66JycF8pFY,PASS
2026-08-29,新潟,2,202604030302,04263302,10:15,2R ダ1800 ３歳未勝利 10:15,12,ヌビアン,石田拓郎,117.1,15,超低速底力,ピッタリ,47,Ｄ,Ｄ,10,33,38,-9,9,33%,69 (1),54 (5),40 (13),37 (13),42 (11),1,0,最内,2,0,最内,10,9,最内,55,,43,"コース×,直近○",81,2%,5%,9%,清水英克,小野瀬ファーム,4,2,0 %,0 %,0 %,,,,,牡,3,短,短,小標ベ,△,腰甘い,脚捌き△,,シニスターミニスター,142,8%,18%,25%,29(美坂),51(美坂),38,坂路平均,https://stride.get-luck.jp/member/race_viewer_test.php?racedate=20260829&racekey=04263302&jo=0&idpm=iFT66JycF8pFY,PASS
2026-08-29,新潟,2,202604030302,04263302,10:15,2R ダ1800 ３歳未勝利 10:15,13,バターショコラ,小崎綾也,70.8,13,低速底力,カスリ,43,Ｄ,Ｄ,11,34,35,-11,11,60%,48 (10),37 (14),42 (12),51 (9),59 (4),13,10,中,14,8,外,11,10,内,55,[久][続][瞬],54,枠脚質×,36,14%,22%,33%,戸田博文,ムラセファーム,2,129,4 %,10 %,17 %,1,0%,0%,0 %,牝,3,短,短,細標ベ,△,追頭上る,完歩小さ,高速場×,マインドユアビスケッツ,62,10%,18%,23%,,47(南Ｗ),35,コース終い重点,https://stride.get-luck.jp/member/race_viewer_test.php?racedate=20260829&racekey=04263302&jo=0&idpm=iFT66JycF8pFY,PASS
2026-08-29,新潟,2,202604030302,04263302,10:15,2R ダ1800 ３歳未勝利 10:15,14,ハチマン,水沼元輝,89.4,14,高速持続,,30,Ｄ,Ｄ,15,23,35,-22,14,0%,62 (2),42 (11),36 (14),34 (15),41 (12),2,4,最内,9,5,最内,15,14,最内,54,[瞬],33,,50,0%,4%,8%,柄崎将寿,大東牧場,2,2,0 %,0 %,0 %,1,0%,0%,0 %,牡,3,短,短,小標起,△,腰甘い,,,アルアイン,12,0%,8%,8%,,46(美坂),35,坂路平均,https://stride.get-luck.jp/member/race_viewer_test.php?racedate=20260829&racekey=04263302&jo=0&idpm=iFT66JycF8pFY,PASS
2026-08-29,新潟,2,202604030302,04263302,10:15,2R ダ1800 ３歳未勝利 10:15,15,カシマライフウ,大野拓弥,6.4,5,超低速底力,ピッタリ,73,Ｃ,Ａ,2,43,40,3,4,20%,45 (12),51 (9),54 (5),62 (2),62 (2),8,8,最内,7,4,内,2,1,大外,57,[先][追][瞬],41,"コース×,枠脚質○,直近○",58,7%,10%,17%,伊藤伸一,小野瀬ファーム,7,,,,,,,,,牡,3,短,短,小標ベ,○,腰甘い,加速遅い,,シュヴァルグラン,23,9%,17%,26%,,26(美坂),40,併用平均,https://stride.get-luck.jp/member/race_viewer_test.php?racedate=20260829&racekey=04263302&jo=0&idpm=iFT66JycF8pFY,PASS
2026-08-29,新潟,3,202604030303,04263303,10:45,3R 芝1600 ２歳未勝利 10:45,1,マムダッドベル,谷原柚希,44.6,11,高速持続,,47,Ｄ,Ｄ,8,28,36,-12,8,0%,53 (4),50 (6),44 (10),46 (8),48 (7),5,11,内,4,9,内,8,11,内,51,,45,,,%,%,%,粕谷昌央,吉澤Ｓ－ＥＡＳＴ,2,43,2 %,5 %,9 %,,,,,牝,2,短,短,小標ベ,△,,,,ゴールドドリーム,3,0%,0%,0%,,46(美坂),36,坂路平均,https://stride.get-luck.jp/member/race_viewer_test.php?racedate=20260829&racekey=04263303&jo=0&idpm=iFT66JycF8pFY,PASS
2026-08-29,新潟,3,202604030303,04263303,10:45,3R 芝1600 ２歳未勝利 10:45,2,ノルトハウゼン,三浦皇成,5.0,3,高速瞬発,カスリ,82,Ｂ,ＡＡ,1,40,38,2,1,100%,49 (7),52 (4),55 (3),58 (4),57 (2),7,14,中,6,11,中,1,0,大外,55,[続][瞬],52,"コース○,枠脚質○,直近▲",61,13%,21%,26%,菊沢隆徳,山元トレセン,1,177,10 %,20 %,28 %,1,0%,0%,0 %,牡,2,短,短,小標ベ,△,上が速×,腰甘い,,イスラボニータ,113,7%,14%,21%,55(南Ｗ),60(美坂),38,コース平均,https://stride.get-luck.jp/member/race_viewer_test.php?racedate=20260829&racekey=04263303&jo=0&idpm=iFT66JycF8pFY,PASS
2026-08-29,新潟,3,202604030303,04263303,10:45,3R 芝1600 ２歳未勝利 10:45,3,ルクスマグナ,岩田康誠,15.4,7,中速瞬発,ピッタリ,41,Ｄ,Ｄ,10,26,32,-18,9,100%,49 (6),49 (7),51 (4),48 (7),47 (8),6,14,最内,7,11,内,10,13,外,55,[先][続][瞬],40,直近×,26,4%,19%,19%,高柳瑞樹,テンコーＴＣ,1,53,9 %,13 %,25 %,1,0%,0%,0 %,牡,2,短,短,細標起,○,腰甘い,,,モーリス,253,11%,20%,26%,48(南Ｗ),47(南Ｗ),32,併用平均,https://stride.get-luck.jp/member/race_viewer_test.php?racedate=20260829&racekey=04263303&jo=0&idpm=iFT66JycF8pFY,PASS
2026-08-29,新潟,3,202604030303,04263303,10:45,3R 芝1600 ２歳未勝利 10:45,4,ビスクヴィート,内田博幸,28.8,10,中速瞬発,ピッタリ,42,Ｄ,Ｄ,9,21,37,-18,10,0%,53 (5),52 (5),47 (8),41 (9),40 (10),4,11,最内,5,10,最内,9,12,中,55,[追][続],41,,30,3%,7%,10%,中舘英二,阿見トレセン,2,41,15 %,22 %,27 %,,,,,牡,2,短,短,小標ベ,△,突っ張る,,,マインドユアビスケッツ,36,8%,14%,14%,46(美坂),61(美坂),37,坂路平均,https://stride.get-luck.jp/member/race_viewer_test.php?racedate=20260829&racekey=04263303&jo=0&idpm=iFT66JycF8pFY,PASS
2026-08-29,新潟,3,202604030303,04263303,10:45,3R 芝1600 ２歳未勝利 10:45,5,アルアンダルス,石橋脩,28.1,9,高速瞬発,カスリ,68,Ｃ,Ｓ,5,36,35,-5,4,50%,56 (3),59 (3),50 (5),49 (6),49 (6),3,9,最内,3,6,最内,5,5,内,55,[先][追],45,コース×,60,2%,10%,20%,小野次郎,相川牧場,2,,,,,,,,,牝,2,短,普,細ベ,△,完歩小さ,脚捌き△,,ジャスタウェイ,102,3%,12%,21%,,48(南Ｗ),35,コース終い重点,https://stride.get-luck.jp/member/race_viewer_test.php?racedate=20260829&racekey=04263303&jo=0&idpm=iFT66JycF8pFY,PASS
2026-08-29,新潟,3,202604030303,04263303,10:45,3R 芝1600 ２歳未勝利 10:45,6,ホウオウビリーヴ,戸崎圭太,6.7,4,中速瞬発,ピッタリ,79,Ｂ,Ａ,2,31,38,-7,6,100%,37 (10),46 (9),70 (1),63 (1),56 (3),11,19,内,10,15,内,2,1,外,55,[先][続][瞬],63,"馬主○,コース○,枠脚質○,直近×",61,18%,31%,43%,木村哲也,ノーザンＦ天栄,1,697,20 %,33 %,43 %,1,0%,0%,0 %,牡,2,短,短,小標ベ,△,,,,インディチャンプ,24,8%,25%,29%,57(南Ｗ),41(南Ｗ),38,併用終い重点,https://stride.get-luck.jp/member/race_viewer_test.php?racedate=20260829&racekey=04263303&jo=0&idpm=iFT66JycF8pFY,PASS
2026-08-29,新潟,3,202604030303,04263303,10:45,3R 芝1600 ２歳未勝利 10:45,7,レーゲンシャウアー,柴田大知,26.4,8,中速瞬発,ピッタリ,32,Ｄ,Ｄ,11,18,25,-33,11,100%,58 (2),60 (2),49 (7),33 (11),29 (11),2,6,最内,2,4,最内,11,15,最内,55,[続][瞬],45,馬主○,25,0%,4%,16%,天間昭一,真歌トレーニングＰ,3,4,0 %,0 %,0 %,,,,,牝,2,短,短,小標,○,,,,ディーマジェスティ,37,0%,5%,8%,,31(美坂),25,坂路平均,https://stride.get-luck.jp/member/race_viewer_test.php?racedate=20260829&racekey=04263303&jo=0&idpm=iFT66JycF8pFY,PASS
2026-08-29,新潟,3,202604030303,04263303,10:45,3R 芝1600 ２歳未勝利 10:45,8,アウアリイ,菊沢一樹,3.6,2,中速瞬発,ピッタリ,78,Ｂ,Ｃ,3,32,38,-6,5,0%,43 (9),47 (8),59 (2),59 (3),56 (4),8,15,内,8,12,最内,3,2,中,55,[続][瞬],50,"コース×,直近◎,誕(無)",59,5%,10%,17%,奥村武,山元トレセン,1,70,10 %,16 %,23 %,1,0%,0%,100 %,牡,2,短,短,中標起,○,Ｐ遅い○,腰甘い,,モーリス,253,11%,20%,26%,60(南Ｗ),54(南Ｗ),38,コース終い重点,https://stride.get-luck.jp/member/race_viewer_test.php?racedate=20260829&racekey=04263303&jo=0&idpm=iFT66JycF8pFY,PASS
2026-08-29,新潟,3,202604030303,04263303,10:45,3R 芝1600 ２歳未勝利 10:45,9,パープルタウン,津村明秀,14.0,6,高速瞬発,カスリ,60,Ｄ,Ａ,7,29,38,-9,7,100%,45 (8),42 (10),49 (6),53 (5),55 (5),9,16,最内,9,15,最内,7,7,中,55,[続][瞬],59,"コース○,直近◎",62,6%,18%,35%,鈴木慎太郎,高橋ＴＣ,2,46,4 %,7 %,15 %,,,,,牝,2,短,短,細標ベ,△,腰甘い,,突っ張る,グレーターロンドン,44,11%,16%,23%,,53(南Ｗ),38,コース終い重点,https://stride.get-luck.jp/member/race_viewer_test.php?racedate=20260829&racekey=04263303&jo=0&idpm=iFT66JycF8pFY,PASS
2026-08-29,新潟,3,202604030303,04263303,10:45,3R 芝1600 ２歳未勝利 10:45,10,サウンドシェリー,松山弘平,3.0,1,中速瞬発,ピッタリ,70,Ｄ,ＡＡ,4,32,46,2,2,0%,36 (11),27 (11),47 (9),62 (2),67 (1),10,19,最内,11,20,最内,4,4,大外,55,[先][続][瞬],70,"枠脚質○,直近▲",19,11%,21%,37%,鈴木孝志,名張ホースランドＰ,2,1,0 %,0 %,0 %,,,,,牝,2,普,普,小標,○,,,,シルバーステート,154,7%,18%,29%,,64(栗坂),46,坂路平均,https://stride.get-luck.jp/member/race_viewer_test.php?racedate=20260829&racekey=04263303&jo=0&idpm=iFT66JycF8pFY,PASS
2026-08-29,新潟,3,202604030303,04263303,10:45,3R 芝1600 ２歳未勝利 10:45,11,キムケンシーサー,今村聖奈,7.1,5,超高速スタミナ,,68,Ｃ,Ｄ,6,35,38,-3,3,50%,71 (1),65 (1),29 (11),38 (10),46 (9),1,0,最内,1,0,最内,6,5,最内,53,[先][追][瞬],41,,27,15%,19%,22%,前川恭子,三重ホースＴＣ,1,48,8 %,13 %,17 %,1,0%,0%,100 %,牡,2,普,普,中標,○,滞競馬○,他馬気に,,グレーターロンドン,44,11%,16%,23%,43(ＣＷ),50(栗Ｐ),38,コース平均,https://stride.get-luck.jp/member/race_viewer_test.php?racedate=20260829&racekey=04263303&jo=0&idpm=iFT66JycF8pFY,PASS
2026-08-29,新潟,4,202604030304,04263304,11:15,4R 芝1400 ２歳新馬 11:15,1,ポケットブック,小崎綾也,78.9,12,,,40,Ｄ,Ｄ,13,23,25,-26,18,,41 (9),43 (10),54 (4),47 (14),42 (9),9,11,最内,9,14,最内,13,25,最内,55,[久][続][瞬],52,,15,0%,7%,7%,池上昌和,ＫＳトレーニングＣ,1,144,5 %,13 %,20 %,,,,,牡,2,,,,,,,,ステルヴィオ,6,17%,17%,17%,32(南Ｗ),57(南Ｗ),25,併用終い重点,https://stride.get-luck.jp/member/race_viewer_test.php?racedate=20260829&racekey=04263304&jo=0&idpm=iFT66JycF8pFY,PASS
2026-08-29,新潟,4,202604030304,04263304,11:15,4R 芝1400 ２歳新馬 11:15,2,ジェイエルキール,江田照男,32.9,9,,,52,Ｄ,Ｄ,10,25,33,-16,14,,41 (18),43 (12),54 (5),47 (4),42 (10),10,11,内,10,14,内,10,21,中,55,[続][瞬],43,,21,0%,5%,5%,菊川正達,テンコーＴＣ,1,25,0 %,4 %,8 %,,,,,牝,2,,,,,,,,ノーブルミッション,10,0%,0%,10%,50(南Ｗ),43(南Ｗ),33,コース終い重点,https://stride.get-luck.jp/member/race_viewer_test.php?racedate=20260829&racekey=04263304&jo=0&idpm=iFT66JycF8pFY,PASS
2026-08-29,新潟,4,202604030304,04263304,11:15,4R 芝1400 ２歳新馬 11:15,3,クラウンロムパイア,木幡育也,99.2,16,,,41,Ｄ,Ｄ,12,23,36,-15,12,,41 (17),43 (17),54 (13),47 (5),42 (11),14,13,中,12,15,外,12,25,外,55,[先][追],41,,8,0%,0%,0%,松永康利,菅井牧場,1,1,0 %,0 %,0 %,,,,,牡,2,,,,,,,,レッドファルクス,35,3%,3%,9%,52(南Ｗ),46(南Ｗ),36,併用終い重点,https://stride.get-luck.jp/member/race_viewer_test.php?racedate=20260829&racekey=04263304&jo=0&idpm=iFT66JycF8pFY,PASS
2026-08-29,新潟,4,202604030304,04263304,11:15,4R 芝1400 ２歳新馬 11:15,4,エクラドリオン,Ｃ．ルメール,2.1,1,,,136,ＡＡ,Ｂ,1,50,38,14,1,,66 (1),71 (1),57 (3),73 (1),71 (1),1,0,内,1,0,内,1,0,内,55,[先][追][続][瞬],77,,24,25%,54%,58%,中舘英二,ノーザンＦ天栄,1,210,10 %,20 %,30 %,,,,,牡,2,,,,,,,,リオンディーズ,136,5%,10%,17%,63(南Ｗ),51(南Ｗ),38,併用終い重点,https://stride.get-luck.jp/member/race_viewer_test.php?racedate=20260829&racekey=04263304&jo=0&idpm=iFT66JycF8pFY,PASS
2026-08-29,新潟,4,202604030304,04263304,11:15,4R 芝1400 ２歳新馬 11:15,5,ショウナンバッカス,岩田康誠,19.8,7,,,44,Ｄ,Ｄ,16,23,36,-15,11,,41 (10),43 (14),54 (6),47 (6),42 (18),17,15,中,15,17,外,16,26,大外,55,[先][続][瞬],45,直近×,21,0%,5%,19%,栗田徹,ＫＳトレーニングＣ,1,6,0 %,17 %,17 %,,,,,牡,2,,,,,,,,スワーヴリチャード,65,9%,15%,25%,52(南Ｗ),49(美坂),36,併用平均,https://stride.get-luck.jp/member/race_viewer_test.php?racedate=20260829&racekey=04263304&jo=0&idpm=iFT66JycF8pFY,PASS
2026-08-29,新潟,4,202604030304,04263304,11:15,4R 芝1400 ２歳新馬 11:15,6,ヨツバ,杉原誠人,109.5,18,,,40,Ｄ,Ｄ,14,23,34,-17,16,,41 (11),43 (18),54 (7),47 (7),42 (17),13,13,内,11,15,中,14,25,中,55,[追][瞬],52,,44,5%,11%,16%,本間忍,茨城県,1,,,,,,,,,牡,2,,,,,,,,フォーウィールドライブ,14,0%,21%,29%,44(南Ｗ),35(南Ｗ),34,併用平均,https://stride.get-luck.jp/member/race_viewer_test.php?racedate=20260829&racekey=04263304&jo=0&idpm=iFT66JycF8pFY,PASS
2026-08-29,新潟,4,202604030304,04263304,11:15,4R 芝1400 ２歳新馬 11:15,7,タワーウマザンマイ,原優介,40.6,11,,,53,Ｄ,Ｄ,8,30,36,-8,8,,58 (8),49 (8),32 (18),40 (18),55 (8),8,5,最内,8,9,最内,8,21,内,55,[追][久][続],46,"調教師○,直近○",42,2%,5%,17%,青木孝文,鉾田ファーム,1,,,,,,,,,牡,2,,,,,,,,タワーオブロンドン,19,5%,21%,37%,58(南Ｗ),51(南Ｗ),36,併用平均,https://stride.get-luck.jp/member/race_viewer_test.php?racedate=20260829&racekey=04263304&jo=0&idpm=iFT66JycF8pFY,PASS
2026-08-29,新潟,4,202604030304,04263304,11:15,4R 芝1400 ２歳新馬 11:15,8,チョトツモウシン,菅原隆一,108.7,17,,,41,Ｄ,Ｄ,18,23,35,-16,15,,41 (12),43 (16),54 (8),47 (8),42 (12),12,13,最内,18,19,最内,18,28,大外,55,,50,,3,0%,0%,0%,小手川準,鳴田牧場,1,24,0 %,8 %,13 %,,,,,牡,2,,,,,,,,インティ,,,,,50(南Ｗ),45(南Ｗ),35,併用中重点,https://stride.get-luck.jp/member/race_viewer_test.php?racedate=20260829&racekey=04263304&jo=0&idpm=iFT66JycF8pFY,PASS
2026-08-29,新潟,4,202604030304,04263304,11:15,4R 芝1400 ２歳新馬 11:15,9,ニシノムホウモノ,Ｍ．ミシェル,28.3,8,,,52,Ｄ,Ｄ,9,23,36,-15,9,,41 (13),43 (11),54 (9),47 (9),42 (13),18,17,最内,17,18,中,9,21,外,55,,57,,,%,%,%,村田一誠,西山牧場阿見分場,1,52,6 %,6 %,10 %,,,,,牡,2,,,,,,,,ビッグアーサー,52,4%,10%,15%,57(美坂),57(南Ｗ),36,併用終い重点,https://stride.get-luck.jp/member/race_viewer_test.php?racedate=20260829&racekey=04263304&jo=0&idpm=iFT66JycF8pFY,PASS
2026-08-29,新潟,4,202604030304,04263304,11:15,4R 芝1400 ２歳新馬 11:15,10,レッドアバンドーネ,津村明秀,12.1,5,,,72,Ｃ,Ｓ,4,37,37,0,6,,60 (6),53 (6),35 (15),44 (15),58 (7),4,2,内,4,6,内,4,15,内,55,[続][瞬],63,直近◎,48,15%,25%,42%,上原佑紀,山元トレセン,1,77,12 %,22 %,47 %,,,,,牡,2,,,,,,,,ミンザール,,,,,52(南Ｗ),53(南Ｗ),37,併用終い重点,https://stride.get-luck.jp/member/race_viewer_test.php?racedate=20260829&racekey=04263304&jo=0&idpm=iFT66JycF8pFY,PASS
2026-08-29,新潟,4,202604030304,04263304,11:15,4R 芝1400 ２歳新馬 11:15,11,アヴァンデセール,佐藤翔馬,85.4,15,,,44,Ｄ,Ｄ,11,23,36,-15,10,,41 (14),43 (9),54 (10),47 (10),42 (14),16,15,内,14,17,最内,11,24,大外,52,,43,,11,9%,9%,9%,田中剛,ＫＳトレーニングＣ,1,63,0 %,3 %,6 %,,,,,牝,2,,,,,,,,タワーオブロンドン,19,5%,21%,37%,60(美坂),47(美坂),36,坂路平均,https://stride.get-luck.jp/member/race_viewer_test.php?racedate=20260829&racekey=04263304&jo=0&idpm=iFT66JycF8pFY,PASS
2026-08-29,新潟,4,202604030304,04263304,11:15,4R 芝1400 ２歳新馬 11:15,12,セレスティナ,今村聖奈,5.3,2,,,63,Ｃ,Ｄ,7,36,42,4,4,,60 (4),53 (5),35 (17),44 (16),58 (4),5,3,最内,5,7,最内,7,18,最内,53,[先][追][瞬],46,,34,3%,6%,9%,高柳瑞樹,テンコーＴＣ,1,53,9 %,13 %,25 %,,,,,牝,2,,,,,,,,コントレイル,30,3%,17%,27%,60(南Ｗ),60(美坂),42,併用平均,https://stride.get-luck.jp/member/race_viewer_test.php?racedate=20260829&racekey=04263304&jo=0&idpm=iFT66JycF8pFY,PASS
2026-08-29,新潟,4,202604030304,04263304,11:15,4R 芝1400 ２歳新馬 11:15,13,イントリー,武藤雅,9.0,4,,,95,ＡＡ,Ｓ,2,41,41,8,2,,62 (3),69 (2),63 (2),71 (3),63 (3),2,1,最内,2,1,最内,2,9,最内,55,[久][続][瞬],43,,34,0%,3%,6%,尾形和幸,吉澤Ｓ－ＥＡＳＴ,1,19,0 %,5 %,21 %,,,,,牝,2,,,,,,,,フィエールマン,43,7%,21%,26%,63(南Ｗ),56(南Ｗ),41,併用終い重点,https://stride.get-luck.jp/member/race_viewer_test.php?racedate=20260829&racekey=04263304&jo=0&idpm=iFT66JycF8pFY,PASS
2026-08-29,新潟,4,202604030304,04263304,11:15,4R 芝1400 ２歳新馬 11:15,14,イデアモッコス,野中悠太郎,83.9,13,,,40,Ｄ,Ｄ,15,23,36,-15,13,,41 (15),43 (13),54 (11),47 (11),42 (15),11,11,中,13,16,内,15,25,内,55,[先][続][瞬],41,,19,0%,5%,16%,的場均,小野瀬ファーム,1,9,0 %,0 %,0 %,,,,,牡,2,,,,,,,,ビッグアーサー,52,4%,10%,15%,60(南Ｗ),52(南Ｗ),36,コース平均,https://stride.get-luck.jp/member/race_viewer_test.php?racedate=20260829&racekey=04263304&jo=0&idpm=iFT66JycF8pFY,PASS
2026-08-29,新潟,4,202604030304,04263304,11:15,4R 芝1400 ２歳新馬 11:15,15,コメットサン,松山弘平,5.8,3,,,82,Ｂ,Ｓ,3,42,38,6,3,,62 (2),69 (3),63 (1),71 (2),63 (2),3,1,中,3,1,中,3,12,中,55,[先][続][瞬],67,"馬主○,直近▲",8,0%,0%,13%,西園翔太,宇治田原優駿Ｓ,1,144,10 %,25 %,31 %,,,,,牝,2,,,,,,,,ビッグアーサー,52,4%,10%,15%,56(ＣＷ),54(栗坂),38,併用平均,https://stride.get-luck.jp/member/race_viewer_test.php?racedate=20260829&racekey=04263304&jo=0&idpm=iFT66JycF8pFY,PASS
2026-08-29,新潟,4,202604030304,04263304,11:15,4R 芝1400 ２歳新馬 11:15,16,ホワイトホール,嶋田純次,39.3,10,,,65,Ｃ,Ｓ,6,33,36,-5,7,,59 (7),53 (4),38 (14),47 (13),58 (5),7,4,内,6,7,中,6,17,中,55,[先][追],48,,25,0%,8%,12%,清水英克,ミルファーム,1,4,0 %,0 %,0 %,,,,,牝,2,,,,,,,,ロジャーバローズ,36,0%,8%,19%,57(南Ｗ),52(南Ｗ),36,併用平均,https://stride.get-luck.jp/member/race_viewer_test.php?racedate=20260829&racekey=04263304&jo=0&idpm=iFT66JycF8pFY,PASS
2026-08-29,新潟,4,202604030304,04263304,11:15,4R 芝1400 ２歳新馬 11:15,17,モチロンコクラ,小林凌大,83.9,14,,,41,Ｄ,Ｄ,17,23,29,-22,17,,41 (16),43 (15),54 (12),47 (12),42 (16),15,15,最内,16,18,内,17,27,外,55,[久],42,,10,0%,10%,10%,伊藤伸一,井ノ岡ＴＣ,1,5,0 %,0 %,0 %,,,,,牝,2,,,,,,,,ホークビル,12,8%,8%,8%,44(南Ｗ),38(南Ｗ),29,コース終い重点,https://stride.get-luck.jp/member/race_viewer_test.php?racedate=20260829&racekey=04263304&jo=0&idpm=iFT66JycF8pFY,PASS
2026-08-29,新潟,4,202604030304,04263304,11:15,4R 芝1400 ２歳新馬 11:15,18,ショウナンワンパク,丸山元気,14.0,6,,,70,Ｃ,Ｓ,5,38,37,1,5,,60 (5),53 (7),35 (16),44 (17),58 (6),6,3,中,7,7,外,5,16,外,55,[先][続][瞬],45,直近×,32,3%,13%,25%,古賀大生,ＫＳトレーニングＣ,1,,,,,,,,,牡,2,,,,,,,,カラヴァッジオ,4,25%,25%,25%,53(南Ｗ),53(美坂),37,併用平均,https://stride.get-luck.jp/member/race_viewer_test.php?racedate=20260829&racekey=04263304&jo=0&idpm=iFT66JycF8pFY,PASS
2026-08-29,新潟,5,202604030305,04263305,11:45,5R 芝2200 ３歳未勝利 11:45,1,ローレルエース,江田照男,40.4,10,低速バランス,,50,Ｄ,Ｄ,12,36,41,-11,12,0%,37 (17),61 (2),74 (1),56 (4),39 (16),17,15,最内,10,9,最内,12,13,内,57,[続][瞬],45,枠脚質○,12,0%,0%,0%,松永康利,沼田ファーム,2,113,5 %,11 %,12 %,,,,,牡,3,短,短,細標ベ,△,腰甘い,,,ヤマカツエース,,,,,49(美坂),51(美坂),41,坂路平均,https://stride.get-luck.jp/member/race_viewer_test.php?racedate=20260829&racekey=04263305&jo=0&idpm=iFT66JycF8pFY,PASS
2026-08-29,新潟,5,202604030305,04263305,11:45,5R 芝2200 ３歳未勝利 11:45,2,イクオクコウネン,Ｃ．ルメール,5.0,3,中速バランス,カスリ,97,ＡＡ,Ｓ,1,49,44,5,1,33%,63 (3),63 (1),49 (9),53 (10),55 (7),3,3,最内,2,0,内,1,0,内,57,[先][追][続][瞬],80,枠脚質×,8,63%,75%,100%,斉藤崇史,吉澤Ｓ－ＷＥＳＴ,1,28,7 %,7 %,21 %,,,,,セ,3,普,普,中標,○,追頭上る,,,スワーヴリチャード,2,50%,50%,50%,57(ＣＷ),54(ＣＷ),44,併用終い重点,https://stride.get-luck.jp/member/race_viewer_test.php?racedate=20260829&racekey=04263305&jo=0&idpm=iFT66JycF8pFY,PASS
2026-08-29,新潟,5,202604030305,04263305,11:45,5R 芝2200 ３歳未勝利 11:45,3,レイランディ,川須栄彦,64.0,11,中速バランス,カスリ,68,Ｃ,Ｓ,5,45,43,0,7,0%,55 (5),54 (8),49 (11),50 (11),51 (13),6,7,中,6,7,中,5,8,外,57,[続][瞬],44,枠脚質○,1,0%,0%,0%,古賀慎明,山元トレセン,2,55,9 %,13 %,24 %,2,0%,0%,0 %,牡,3,短,短,小標ベ,△,腰甘い,,,ジャスタウェイ,19,0%,0%,5%,,48(美坂),43,坂路平均,https://stride.get-luck.jp/member/race_viewer_test.php?racedate=20260829&racekey=04263305&jo=0&idpm=iFT66JycF8pFY,PASS
2026-08-29,新潟,5,202604030305,04263305,11:45,5R 芝2200 ３歳未勝利 11:45,4,ブリックアブラック,佐藤翔馬,64.5,12,中速バランス,カスリ,54,Ｄ,Ｄ,11,42,42,-4,10,0%,29 (18),51 (12),73 (2),68 (1),57 (3),18,20,最内,16,15,内,11,12,外,54,,45,,,%,%,%,高木登,松風馬事センター,7,2,0 %,0 %,0 %,,,,,牡,3,普,普,中標ベ,△,渋馬場○,腰甘い,減量効○,ブリックスアンドモルタル,16,6%,13%,13%,,52(美坂),42,坂路平均,https://stride.get-luck.jp/member/race_viewer_test.php?racedate=20260829&racekey=04263305&jo=0&idpm=iFT66JycF8pFY,PASS
2026-08-29,新潟,5,202604030305,04263305,11:45,5R 芝2200 ３歳未勝利 11:45,5,ピクシーゲイル,木幡育也,191.0,17,中速スタミナ,,42,Ｄ,Ｄ,14,31,43,-14,14,33%,39 (16),30 (17),42 (14),47 (13),53 (11),14,13,最内,17,16,最内,14,15,中,57,[先][追],40,,6,0%,0%,0%,松永康利,高橋ＴＣ,2,28,0 %,0 %,7 %,2,0%,0%,0 %,牡,3,短,短,小ベ,△,腰甘い,砂被る×,,ダノンスマッシュ,1,0%,0%,0%,,,43,,https://stride.get-luck.jp/member/race_viewer_test.php?racedate=20260829&racekey=04263305&jo=0&idpm=iFT66JycF8pFY,PASS
2026-08-29,新潟,5,202604030305,04263305,11:45,5R 芝2200 ３歳未勝利 11:45,6,サヴマ,菊沢一樹,12.4,6,中速バランス,カスリ,66,Ｃ,ＡＡ,7,46,44,2,5,50%,55 (6),55 (5),50 (8),53 (9),55 (8),4,6,内,4,6,内,7,8,内,57,[続][瞬],54,"枠脚質×,直近◎,誕(無)",28,4%,4%,14%,辻哲英,エスティＦ小見川,4,,,,,,,,,牡,3,短,短,小ベ,△,上が速×,内枠○,完歩小さ,キセキ,2,0%,0%,100%,,27(美坂),44,坂路平均,https://stride.get-luck.jp/member/race_viewer_test.php?racedate=20260829&racekey=04263305&jo=0&idpm=iFT66JycF8pFY,PASS
2026-08-29,新潟,5,202604030305,04263305,11:45,5R 芝2200 ３歳未勝利 11:45,7,ヤマメホープ,戸崎圭太,2.7,1,中速バランス,カスリ,70,Ｄ,Ａ,3,47,44,3,2,14%,68 (1),59 (4),39 (17),46 (14),53 (10),1,0,最内,1,0,最内,3,7,最内,57,[先][続][瞬],52,"枠脚質×,直近×",19,21%,37%,42%,久保田貴士,松風馬事センター,8,,,,,,,,,牡,3,短,短,細標ベ,△,完歩小さ,荒馬場○,上が速×,コントレイル,2,0%,50%,50%,49(南Ｗ),55(南Ｗ),44,コース終い重点,https://stride.get-luck.jp/member/race_viewer_test.php?racedate=20260829&racekey=04263305&jo=0&idpm=iFT66JycF8pFY,PASS
2026-08-29,新潟,5,202604030305,04263305,11:45,5R 芝2200 ３歳未勝利 11:45,8,ピグマリオン,嶋田純次,110.8,14,超低速スタミナ,,33,Ｄ,Ｄ,16,26,26,-36,18,0%,47 (12),37 (16),41 (16),25 (18),22 (18),12,11,中,15,14,最内,16,18,最内,57,[先][追],53,枠脚質○,9,0%,0%,0%,室井潔,ミルファーム千葉,1,7,29 %,29 %,43 %,3,0%,0%,0 %,牡,3,短,短,小標ベ,△,腰甘い,,,アメリカンペイトリオット,5,0%,0%,0%,40(南Ｗ),46(南Ｗ),26,コース平均,https://stride.get-luck.jp/member/race_viewer_test.php?racedate=20260829&racekey=04263305&jo=0&idpm=iFT66JycF8pFY,PASS
2026-08-29,新潟,5,202604030305,04263305,11:45,5R 芝2200 ３歳未勝利 11:45,9,ゾネブルーム,丸山元気,4.4,2,中速持続,ピッタリ,75,Ｂ,Ｃ,2,46,45,3,3,20%,63 (2),59 (3),45 (13),49 (12),52 (12),2,2,内,3,1,中,2,6,中,57,[先][続][瞬],42,"枠脚質○,直近×",19,0%,5%,21%,矢嶋大樹,ノーザンＦ天栄,2,15,0 %,0 %,13 %,1,0%,0%,0 %,牡,3,短,短,小標ベ,△,腰甘い,上が速×,,ヴァンゴッホ,2,0%,50%,100%,,39(南Ｗ),45,コース平均,https://stride.get-luck.jp/member/race_viewer_test.php?racedate=20260829&racekey=04263305&jo=0&idpm=iFT66JycF8pFY,PASS
2026-08-29,新潟,5,202604030305,04263305,11:45,5R 芝2200 ３歳未勝利 11:45,10,アルティマローネ,武藤雅,20.0,9,中速底力,カスリ,57,Ｄ,Ｄ,10,44,40,-4,9,25%,55 (7),54 (6),49 (10),53 (8),55 (6),7,8,内,8,8,内,10,11,中,55,[久][続][瞬],46,枠脚質○,14,0%,0%,0%,武市康男,ノーザンＦ天栄,2,3,0 %,0 %,0 %,,,,,牝,3,短,短,小標ベ,△,追頭上る,腰甘い,,マインドユアビスケッツ,2,50%,50%,50%,,32(美坂),40,坂路平均,https://stride.get-luck.jp/member/race_viewer_test.php?racedate=20260829&racekey=04263305&jo=0&idpm=iFT66JycF8pFY,PASS
2026-08-29,新潟,5,202604030305,04263305,11:45,5R 芝2200 ３歳未勝利 11:45,11,キコリータ,今村聖奈,11.5,4,中速持続,ピッタリ,59,Ｄ,Ｄ,9,43,35,-10,11,57%,51 (9),51 (11),50 (7),54 (6),56 (5),10,10,内,9,9,中,9,10,外,53,[先][追][瞬],46,枠脚質×,6,17%,33%,33%,田中勝春,山元トレセン,3,4,0 %,0 %,0 %,1,0%,0%,0 %,牝,3,短,短,細標ベ,△,加速遅い,上が速×,腰甘い,レイデオロ,20,10%,30%,40%,,17(美坂),35,坂路平均,https://stride.get-luck.jp/member/race_viewer_test.php?racedate=20260829&racekey=04263305&jo=0&idpm=iFT66JycF8pFY,PASS
2026-08-29,新潟,5,202604030305,04263305,11:45,5R 芝2200 ３歳未勝利 11:45,12,アージェンタイド,小崎綾也,119.6,16,高速瞬発,,32,Ｄ,Ｄ,17,29,34,-25,15,80%,53 (8),44 (15),41 (15),39 (16),42 (15),8,9,最内,14,11,最内,17,18,内,57,[久][続][瞬],50,枠脚質○,7,14%,29%,29%,秋本大介,阿見トレセン,2,1,0 %,100 %,100 %,,,,,牡,3,短,短,小標ベ,△,腰甘い,,,ブラックタイド,11,9%,9%,27%,,,34,,https://stride.get-luck.jp/member/race_viewer_test.php?racedate=20260829&racekey=04263305&jo=0&idpm=iFT66JycF8pFY,PASS
2026-08-29,新潟,5,202604030305,04263305,11:45,5R 芝2200 ３歳未勝利 11:45,13,ゴールドエンバー,大野拓弥,11.6,5,中速バランス,カスリ,69,Ｃ,Ａ,4,44,44,0,8,11%,50 (10),52 (10),51 (6),55 (5),56 (4),9,9,中,7,8,外,4,7,大外,57,[先][追][瞬],47,"枠脚質○,直近○",9,0%,0%,11%,竹内正洋,ジョイナスファーム,2,15,7 %,20 %,20 %,3,0%,33%,33 %,牡,3,短,短,小標ベ,△,首使い×,腰甘い,脚外振走,バゴ,10,10%,10%,10%,,45(南Ｗ),44,コース終い重点,https://stride.get-luck.jp/member/race_viewer_test.php?racedate=20260829&racekey=04263305&jo=0&idpm=iFT66JycF8pFY,PASS
2026-08-29,新潟,5,202604030305,04263305,11:45,5R 芝2200 ３歳未勝利 11:45,14,アティラン,原優介,117.8,15,超低速スタミナ,,41,Ｄ,Ｄ,15,32,21,-35,17,0%,58 (4),54 (7),46 (12),35 (17),32 (17),5,7,最内,5,6,最内,15,16,最内,55,[追][久][続],44,"枠脚質×,直近○",12,0%,8%,17%,寺島良,吉澤Ｓ－ＷＥＳＴ,2,44,5 %,14 %,20 %,1,0%,0%,0 %,牝,3,普,普,中標,○,砂被る×,,,ヴァンゴッホ,2,0%,50%,100%,,7(ＣＷ),21,コース終い重点,https://stride.get-luck.jp/member/race_viewer_test.php?racedate=20260829&racekey=04263305&jo=0&idpm=iFT66JycF8pFY,PASS
2026-08-29,新潟,5,202604030305,04263305,11:45,5R 芝2200 ３歳未勝利 11:45,15,アンヴデット,石神深道,13.6,7,中速底力,カスリ,69,Ｃ,ＡＡ,8,45,44,1,6,25%,44 (14),53 (9),59 (3),61 (2),58 (2),15,13,中,13,11,中,8,9,大外,53,,52,直近◎,4,25%,50%,50%,高橋文雅,ノーザンＦ天栄,1,116,8 %,10 %,16 %,4,0%,0%,0 %,牝,3,短,短,細ベ,△,突っ張る,完歩小さ,追頭上る,リアルスティール,9,0%,0%,11%,41(南Ｗ),50(南Ｗ),44,併用終い重点,https://stride.get-luck.jp/member/race_viewer_test.php?racedate=20260829&racekey=04263305&jo=0&idpm=iFT66JycF8pFY,PASS
2026-08-29,新潟,5,202604030305,04263305,11:45,5R 芝2200 ３歳未勝利 11:45,16,ルミナスレイナ,石田拓郎,104.6,13,中速瞬発,,49,Ｄ,Ｄ,13,38,36,-14,13,0%,47 (11),49 (13),53 (5),54 (7),53 (9),13,12,内,11,10,外,13,13,大外,53,,50,直近○,4,0%,0%,0%,菊沢隆徳,ＫＳトレーニングＣ,1,363,6 %,15 %,21 %,3,0%,0%,0 %,牝,3,短,短,中標ベ,△,完歩小さ,腰甘い,,デクラレーションオブウォー,3,33%,33%,33%,49(南Ｗ),41(南Ｗ),36,コース平均,https://stride.get-luck.jp/member/race_viewer_test.php?racedate=20260829&racekey=04263305&jo=0&idpm=iFT66JycF8pFY,PASS
2026-08-29,新潟,5,202604030305,04263305,11:45,5R 芝2200 ３歳未勝利 11:45,17,ホウライブラック,野中悠太郎,198.5,18,低速底力,,29,Ｄ,Ｄ,18,23,40,-25,16,0%,40 (15),27 (18),38 (18),43 (15),50 (14),16,14,内,18,18,最内,18,19,中,55,[先][続][瞬],40,枠脚質×,8,0%,13%,25%,鈴木慎太郎,松風馬事センター,1,5,0 %,0 %,0 %,1,0%,0%,0 %,牝,3,短,短,小標ベ,△,,,,キタサンブラック,19,5%,11%,16%,44(南Ｐ),45(南Ｗ),40,併用終い重点,https://stride.get-luck.jp/member/race_viewer_test.php?racedate=20260829&racekey=04263305&jo=0&idpm=iFT66JycF8pFY,PASS
2026-08-29,新潟,5,202604030305,04263305,11:45,5R 芝2200 ３歳未勝利 11:45,18,オレンジフィールド,松山弘平,15.3,8,高速持続,カスリ,67,Ｃ,Ｓ,6,42,49,3,4,20%,45 (13),48 (14),53 (4),59 (3),60 (1),11,11,最内,12,10,内,6,8,中,55,[先][続][瞬],69,"枠脚質○,直近▲",5,20%,40%,40%,北出成人,ワコーＦアカデミー,3,39,10 %,15 %,28 %,1,0%,0%,100 %,牝,3,普,普,中標,○,ダート×,一本調子,瞬発力×,サトノクラウン,12,0%,0%,17%,36(栗坂),53(栗坂),49,坂路平均,https://stride.get-luck.jp/member/race_viewer_test.php?racedate=20260829&racekey=04263305&jo=0&idpm=iFT66JycF8pFY,PASS
2026-08-29,新潟,6,202604030306,04263306,14:35,6R ダ1800 新発田城特別 1勝クラス 14:35,1,ボールドタワー,Ｍ．ミシェル,21.0,7,超低速持続,,52,Ｄ,Ｄ,7,45,35,-24,14,17%,44 (10),43 (12),48 (9),56 (5),60 (4),10,9,最内,10,13,最内,7,16,大外,55,,63,,,%,%,%,鈴木慎太郎,高橋ＴＣ,1,80,3 %,3 %,10 %,4,0%,0%,25 %,牡,3,短,短,小標,△,ブ効果○,内もたれ,ズブイ,タワーオブロンドン,6,17%,17%,17%,41(南Ｗ),47(南Ｗ),35,コース平均,https://stride.get-luck.jp/member/race_viewer_test.php?racedate=20260829&racekey=04263306&jo=0&idpm=iFT66JycF8pFY,PASS
2026-08-29,新潟,6,202604030306,04263306,14:35,6R ダ1800 新発田城特別 1勝クラス 14:35,2,コスモシェルベット,武藤雅,34.7,12,低速底力,,55,Ｄ,Ｄ,6,49,46,-9,6,0%,57 (5),51 (8),44 (11),52 (7),58 (5),5,5,最内,6,9,最内,6,16,中,58,[久][続][瞬],44,"コース○,枠脚質×",111,6%,14%,20%,水野貴広,ビッグレッドＦ鉾田,1,61,0 %,2 %,7 %,3,0%,0%,0 %,牡,4,短,短,小標ベ,◎,終い甘い,外被る×,腰甘い,マインドユアビスケッツ,62,10%,18%,23%,49(南Ｗ),53(南Ｗ),46,コース平均,https://stride.get-luck.jp/member/race_viewer_test.php?racedate=20260829&racekey=04263306&jo=0&idpm=iFT66JycF8pFY,PASS
2026-08-29,新潟,6,202604030306,04263306,14:35,6R ダ1800 新発田城特別 1勝クラス 14:35,3,ルーナディサングエ,菅原隆一,2.7,1,超低速持続,,115,ＡＡ,Ｓ,1,60,52,8,1,14%,62 (3),65 (2),55 (5),57 (4),55 (7),3,2,内,2,2,最内,1,0,内,55,,53,,9,0%,11%,22%,天間昭一,阿見トレセン,2,16,0 %,6 %,13 %,1,0%,100%,100 %,牡,3,短,普,小標ベ,△,足元弱い,フット×,脚外振走,リアルスティール,65,12%,17%,25%,,21(美坂),52,坂路テン重点,https://stride.get-luck.jp/member/race_viewer_test.php?racedate=20260829&racekey=04263306&jo=0&idpm=iFT66JycF8pFY,PASS
2026-08-29,新潟,6,202604030306,04263306,14:35,6R ダ1800 新発田城特別 1勝クラス 14:35,4,ヨドノタイヨウ,松山弘平,7.5,5,超低速スタミナ,ピッタリ,73,Ｃ,ＡＡ,3,54,55,5,2,12%,65 (1),67 (1),54 (6),48 (10),43 (10),1,0,最内,1,0,最内,3,10,最内,58,[先][続][瞬],58,"枠脚質×,直近▲",24,17%,29%,38%,室井潔,高橋ＴＣ,2,2,0 %,0 %,0 %,,,,,牡,4,普,普,小ベ,○,腰甘い,時計速×,,ミッキーロケット,14,7%,21%,29%,,55(南Ｗ),55,コース終い重点,https://stride.get-luck.jp/member/race_viewer_test.php?racedate=20260829&racekey=04263306&jo=0&idpm=iFT66JycF8pFY,PASS
2026-08-29,新潟,6,202604030306,04263306,14:35,6R ダ1800 新発田城特別 1勝クラス 14:35,5,トレベルオール,大野拓弥,6.8,3,中速バランス,,60,Ｄ,Ｄ,5,49,42,-13,8,0%,39 (12),55 (4),67 (2),53 (6),39 (14),14,14,内,11,13,中,5,15,最内,58,[先][追][瞬],43,"コース×,直近○",58,7%,10%,17%,辻哲英,エスティＦ小見川,1,90,6 %,12 %,24 %,6,0%,0%,33 %,牡,5,短,短,小標ベ,○,腰甘い,内枠○,小回向き,オルフェーヴル,79,9%,15%,25%,42(南Ｗ),47(南Ｗ),42,コース中重点,https://stride.get-luck.jp/member/race_viewer_test.php?racedate=20260829&racekey=04263306&jo=0&idpm=iFT66JycF8pFY,PASS
2026-08-29,新潟,6,202604030306,04263306,14:35,6R ダ1800 新発田城特別 1勝クラス 14:35,6,ルシャルムール,原優介,5.3,2,超低速底力,カスリ,85,Ｂ,Ｓ,2,56,52,4,3,38%,38 (15),57 (3),69 (1),71 (1),63 (2),15,15,最内,9,13,内,2,7,中,58,[追][久][続],44,"コース○,枠脚質○,直近○",141,4%,9%,13%,古賀大生,山元トレセン,1,1,0 %,0 %,100 %,6,0%,33%,50 %,セ,4,短,普,細標起,○,時計速×,上が掛○,Ｐ速い○,ルヴァンスレーヴ,48,2%,19%,31%,58(南Ｗ),55(美坂),52,併用平均,https://stride.get-luck.jp/member/race_viewer_test.php?racedate=20260829&racekey=04263306&jo=0&idpm=iFT66JycF8pFY,PASS
2026-08-29,新潟,6,202604030306,04263306,14:35,6R ダ1800 新発田城特別 1勝クラス 14:35,7,アバレリュウ,野中悠太郎,24.5,9,超低速スタミナ,ピッタリ,52,Ｄ,Ｄ,9,43,36,-25,15,11%,48 (8),54 (7),57 (3),51 (8),45 (8),8,7,最内,5,8,内,9,16,内,58,[先][続][瞬],35,,64,5%,9%,16%,鈴木慎太郎,エスティＦ小見川,1,49,10 %,20 %,31 %,3,0%,33%,100 %,牡,4,短,普,小標ベ,○,腰甘い,,,マクフィ,54,11%,19%,26%,39(南Ｗ),44(南Ｗ),36,併用平均,https://stride.get-luck.jp/member/race_viewer_test.php?racedate=20260829&racekey=04263306&jo=0&idpm=iFT66JycF8pFY,PASS
2026-08-29,新潟,6,202604030306,04263306,14:35,6R ダ1800 新発田城特別 1勝クラス 14:35,8,アビヤント,三浦皇成,7.0,4,超低速持続,,73,Ｃ,ＡＡ,4,52,52,0,4,0%,54 (7),54 (6),51 (7),60 (2),64 (1),6,5,中,4,6,最内,4,10,内,55,[続][瞬],64,"調教師○,コース○,枠脚質○,直近▲",78,14%,24%,29%,鹿戸雄一,大山ヒルズ,1,2,0 %,0 %,50 %,,,,,牡,3,短,普,小標起,○,脚抜ダ○,,,モーリス,54,15%,28%,33%,54(南Ｗ),58(美坂),52,坂路平均,https://stride.get-luck.jp/member/race_viewer_test.php?racedate=20260829&racekey=04263306&jo=0&idpm=iFT66JycF8pFY,PASS
2026-08-29,新潟,6,202604030306,04263306,14:35,6R ダ1800 新発田城特別 1勝クラス 14:35,9,ゴットランド,岩田康誠,27.5,11,超低速バランス,,46,Ｄ,Ｄ,11,39,51,-14,9,0%,62 (4),54 (5),44 (12),38 (13),38 (15),2,2,最内,3,4,最内,11,18,最内,58,[先][続][瞬],38,直近×,36,6%,22%,28%,斎藤誠,エスティＦ小見川,1,255,9 %,15 %,25 %,6,17%,17%,17 %,牡,4,短,短,小ベ,◎,フット×,,,リオンディーズ,80,4%,6%,16%,66(南Ｗ),65(南Ｗ),51,併用平均,https://stride.get-luck.jp/member/race_viewer_test.php?racedate=20260829&racekey=04263306&jo=0&idpm=iFT66JycF8pFY,PASS
2026-08-29,新潟,6,202604030306,04263306,14:35,6R ダ1800 新発田城特別 1勝クラス 14:35,10,リアライズオーラム,石橋脩,21.6,8,低速瞬発,,36,Ｄ,Ｄ,15,36,51,-17,10,20%,62 (2),48 (9),36 (15),35 (15),41 (11),4,4,内,7,10,内,15,21,内,58,[先][追],53,"調教師○,コース○",90,4%,13%,26%,上原佑紀,山元トレセン,1,77,12 %,22 %,47 %,1,0%,0%,0 %,セ,4,短,普,中標ベ,○,集中力×,ブ効果○,,オルフェーヴル,79,9%,15%,25%,57(南Ｗ),72(南Ｗ),51,併用終い重点,https://stride.get-luck.jp/member/race_viewer_test.php?racedate=20260829&racekey=04263306&jo=0&idpm=iFT66JycF8pFY,PASS
2026-08-29,新潟,6,202604030306,04263306,14:35,6R ダ1800 新発田城特別 1勝クラス 14:35,11,ヴェーヌドール,菊沢一樹,79.1,15,超低速底力,カスリ,42,Ｄ,Ｄ,12,40,45,-19,11,29%,55 (6),42 (13),36 (14),44 (11),55 (6),7,6,内,13,15,最内,12,19,内,58,[続][瞬],56,"コース×,枠脚質○,直近◎,誕(無)",202,5%,10%,16%,平岩大典,山元トレセン,1,4,0 %,25 %,25 %,,,,,牡,4,普,普,中標ベ,△,ダ向き,フット×,広馬場向,エピファネイア,60,8%,12%,17%,51(南Ｗ),52(南Ｗ),45,コース終い重点,https://stride.get-luck.jp/member/race_viewer_test.php?racedate=20260829&racekey=04263306&jo=0&idpm=iFT66JycF8pFY,PASS
2026-08-29,新潟,6,202604030306,04263306,14:35,6R ダ1800 新発田城特別 1勝クラス 14:35,12,サウジバラード,丸山元気,26.5,10,超低速バランス,,52,Ｄ,Ｄ,8,45,51,-8,5,0%,47 (9),46 (11),49 (8),58 (3),63 (3),9,8,内,8,11,最内,8,16,外,55,[先][続][瞬],55,"コース○,枠脚質○,直近×",115,10%,22%,32%,加藤征弘,山元トレセン,1,251,7 %,15 %,24 %,2,0%,0%,0 %,牡,3,短,短,小標ベ,△,砂被る×,馬込み×,,ジャスタウェイ,84,5%,11%,13%,58(美坂),63(美坂),51,坂路平均,https://stride.get-luck.jp/member/race_viewer_test.php?racedate=20260829&racekey=04263306&jo=0&idpm=iFT66JycF8pFY,PASS
2026-08-29,新潟,6,202604030306,04263306,14:35,6R ダ1800 新発田城特別 1勝クラス 14:35,13,マルカベント,小林脩斗,52.6,14,中速持続,,38,Ｄ,Ｄ,13,37,47,-20,12,0%,38 (14),37 (14),47 (10),42 (12),41 (12),11,12,内,14,17,最内,13,21,最内,58,[追],37,枠脚質×,65,3%,6%,15%,浅利英明,松風馬事センター,1,22,0 %,9 %,14 %,,,,,牡,4,短,短,中標ベ,○,芝大丈夫,,,ドレフォン,117,9%,15%,22%,59(南Ｗ),52(美坂),47,併用平均,https://stride.get-luck.jp/member/race_viewer_test.php?racedate=20260829&racekey=04263306&jo=0&idpm=iFT66JycF8pFY,PASS
2026-08-29,新潟,6,202604030306,04263306,14:35,6R ダ1800 新発田城特別 1勝クラス 14:35,14,ジンガー,柴田大知,36.2,13,超高速スタミナ,,37,Ｄ,Ｄ,14,36,47,-21,13,40%,38 (13),29 (15),38 (13),36 (14),41 (13),12,13,最内,15,19,最内,14,21,中,58,[続][瞬],44,"調教師○,枠脚質○",47,6%,11%,19%,粕谷昌央,ムラセファーム,1,105,1 %,1 %,3 %,,,,,牡,4,普,普,中標,○,ズブイ,,,スワーヴリチャード,11,27%,27%,27%,54(美坂),41(南Ｗ),47,坂路終い重点,https://stride.get-luck.jp/member/race_viewer_test.php?racedate=20260829&racekey=04263306&jo=0&idpm=iFT66JycF8pFY,PASS
2026-08-29,新潟,6,202604030306,04263306,14:35,6R ダ1800 新発田城特別 1勝クラス 14:35,15,サトノラポール,津村明秀,13.5,6,中速持続,,50,Ｄ,Ｄ,10,41,51,-12,7,13%,40 (11),47 (10),56 (4),50 (9),44 (9),13,13,中,12,14,外,10,18,大外,58,[続][瞬],63,"コース○,枠脚質×,直近◎",89,10%,17%,34%,鹿戸雄一,ノーザンＦ天栄,2,83,8 %,25 %,31 %,5,20%,20%,40 %,セ,4,短,普,小標ベ,○,芝軽い○,フット×,ダ向き,サートゥルナーリア,15,7%,13%,20%,53(南Ｗ),52(美坂),51,併用平均,https://stride.get-luck.jp/member/race_viewer_test.php?racedate=20260829&racekey=04263306&jo=0&idpm=iFT66JycF8pFY,PASS
2026-08-29,新潟,7,202604030307,04263307,15:10,7R 芝2000 赤倉特別 2勝クラス WIN5 15:10,1,ハギノコラソン,小崎綾也,63.7,15,超低速底力,,33,Ｄ,Ｄ,17,51,51,-16,15,10%,55 (6),50 (8),46 (12),37 (15),35 (15),4,8,中,3,5,内,17,22,内,53,[久][続][瞬],48,枠脚質○,6,0%,0%,0%,寺島良,チャンピオンヒルズ,1,154,10 %,19 %,27 %,10,20%,30%,40 %,牝,4,普,普,中標,○,ブ効果○,揉れ弱い,広馬場向,ミッキーアイル,73,5%,18%,30%,42(ＣＷ),46(ＣＷ),51,併用終い重点,https://stride.get-luck.jp/member/race_viewer_test.php?racedate=20260829&racekey=04263307&jo=0&idpm=iFT66JycF8pFY,PASS
2026-08-29,新潟,7,202604030307,04263307,15:10,7R 芝2000 赤倉特別 2勝クラス WIN5 15:10,2,ボウウィンドウ,Ｃ．ルメール,2.6,1,高速バランス,カスリ,120,ＡＡ,Ｓ,1,60,63,5,1,25%,62 (2),72 (1),52 (6),52 (8),51 (11),2,7,最内,1,0,最内,1,0,最内,55,[先][追][続][瞬],80,"馬主○,枠脚質×",9,33%,67%,67%,武井亮,ノーザンＦ天栄,1,310,15 %,23 %,34 %,7,29%,43%,71 %,牝,4,短,短,小ベ,△,腰甘い,芝軽い○,,サートゥルナーリア,84,13%,23%,32%,62(南Ｗ),67(南Ｗ),63,コース平均,https://stride.get-luck.jp/member/race_viewer_test.php?racedate=20260829&racekey=04263307&jo=0&idpm=iFT66JycF8pFY,PASS
2026-08-29,新潟,7,202604030307,04263307,15:10,7R 芝2000 赤倉特別 2勝クラス WIN5 15:10,3,バンフィエルド,柴田大知,37.9,12,中速底力,,36,Ｄ,Ｄ,16,51,44,-23,17,10%,70 (1),55 (6),34 (17),29 (17),34 (16),1,0,最内,10,11,最内,16,21,外,53,[続][瞬],44,"調教師○,枠脚質×",7,0%,0%,0%,粕谷昌央,ムラセファーム,2,63,0 %,2 %,2 %,1,0%,0%,0 %,牡,7,短,短,小標ベ,○,上が速×,連闘○,中京向き,オルフェーヴル,122,4%,13%,21%,,44(南Ｗ),44,コース平均,https://stride.get-luck.jp/member/race_viewer_test.php?racedate=20260829&racekey=04263307&jo=0&idpm=iFT66JycF8pFY,PASS
2026-08-29,新潟,7,202604030307,04263307,15:10,7R 芝2000 赤倉特別 2勝クラス WIN5 15:10,4,ツルマウカタチ,嶋田純次,47.3,13,高速瞬発,,56,Ｄ,Ｄ,10,58,58,-2,5,39%,46 (12),41 (15),48 (8),55 (5),59 (3),12,14,内,15,14,中,10,15,中,55,[先][追],43,枠脚質×,3,0%,0%,33%,手塚貴久,吉澤Ｓ－ＥＡＳＴ,2,32,9 %,16 %,19 %,7,0%,14%,29 %,牡,5,短,普,細ベ,△,渋馬場○,外枠○,腰甘い,ヤングマンパワー,5,20%,20%,20%,51(南Ｗ),56(南Ｗ),58,併用終い重点,https://stride.get-luck.jp/member/race_viewer_test.php?racedate=20260829&racekey=04263307&jo=0&idpm=iFT66JycF8pFY,PASS
2026-08-29,新潟,7,202604030307,04263307,15:10,7R 芝2000 赤倉特別 2勝クラス WIN5 15:10,5,ロールザダイス,Ｍ．ミシェル,30.2,11,中速瞬発,カスリ,38,Ｄ,Ｄ,15,46,58,-14,14,33%,59 (3),55 (7),44 (13),35 (16),32 (17),3,7,内,2,4,最内,15,21,最内,55,,52,,,%,%,%,池江泰寿,大山ヒルズ,1,81,16 %,33 %,41 %,6,33%,50%,83 %,セ,4,普,普,小ベ,△,使込×,腰甘い,,エピファネイア,360,10%,20%,28%,67(ＣＷ),59(栗坂),58,坂路平均,https://stride.get-luck.jp/member/race_viewer_test.php?racedate=20260829&racekey=04263307&jo=0&idpm=iFT66JycF8pFY,PASS
2026-08-29,新潟,7,202604030307,04263307,15:10,7R 芝2000 赤倉特別 2勝クラス WIN5 15:10,6,オリバナム,戸崎圭太,14.0,6,高速瞬発,,62,Ｃ,Ｓ,8,57,47,-14,13,11%,54 (7),43 (13),42 (15),51 (11),59 (4),7,11,内,14,13,外,8,14,大外,54,[先][続][瞬],49,"枠脚質×,直近×",19,11%,21%,37%,斉藤崇史,宇治田原優駿Ｓ,2,83,17 %,22 %,35 %,1,0%,100%,100 %,牝,4,短,普,小標,○,芝向き,内枠○,芝軽い○,ロジャーバローズ,36,0%,8%,19%,25(栗Ｐ),42(栗Ｐ),47,コース終い重点,https://stride.get-luck.jp/member/race_viewer_test.php?racedate=20260829&racekey=04263307&jo=0&idpm=iFT66JycF8pFY,PASS
2026-08-29,新潟,7,202604030307,04263307,15:10,7R 芝2000 赤倉特別 2勝クラス WIN5 15:10,7,ジャンビ,木幡育也,73.5,16,高速バランス,カスリ,50,Ｄ,Ｄ,12,57,38,-23,16,31%,45 (13),36 (17),46 (11),52 (6),57 (7),15,16,内,17,15,最内,12,17,大外,52,[先][追],39,,2,0%,0%,0%,勢司和浩,ＫＳトレーニングＣ,2,81,6 %,11 %,14 %,4,25%,25%,25 %,牝,5,短,短,小ベ,○,荒馬場○,直長向き,新潟外向,スクリーンヒーロー,119,10%,14%,27%,3(南Ｗ),15(南Ｗ),38,コース平均,https://stride.get-luck.jp/member/race_viewer_test.php?racedate=20260829&racekey=04263307&jo=0&idpm=iFT66JycF8pFY,PASS
2026-08-29,新潟,7,202604030307,04263307,15:10,7R 芝2000 赤倉特別 2勝クラス WIN5 15:10,8,ホウオウタイタン,丸山元気,5.2,2,中速持続,カスリ,75,Ｂ,Ｃ,3,60,59,1,3,70%,29 (17),57 (4),73 (1),72 (1),60 (2),17,23,最内,11,12,中,3,10,最内,55,[先][続][瞬],43,"枠脚質○,直近×",27,11%,15%,19%,須貝尚介,チャンピオンヒルズ,3,21,5 %,14 %,24 %,1,0%,100%,100 %,牝,4,普,普,中標,△,展開待ち,終い確実,ゲート×,キズナ,259,12%,19%,26%,,58(栗坂),59,坂路平均,https://stride.get-luck.jp/member/race_viewer_test.php?racedate=20260829&racekey=04263307&jo=0&idpm=iFT66JycF8pFY,PASS
2026-08-29,新潟,7,202604030307,04263307,15:10,7R 芝2000 赤倉特別 2勝クラス WIN5 15:10,9,バガン,岩田康誠,27.7,10,中速持続,カスリ,50,Ｄ,Ｄ,11,56,57,-5,6,7%,51 (8),41 (14),44 (14),51 (10),58 (6),9,12,最内,12,12,内,11,17,内,55,[先][続][瞬],41,"枠脚質×,直近×",5,20%,20%,20%,宮地貴稔,フォレストヒル,2,5,0 %,0 %,40 %,13,8%,23%,46 %,牡,8,短,短,中標ベ,○,瞬発力×,平坦向き,,バゴ,58,2%,3%,10%,54(栗坂),56(栗坂),57,坂路平均,https://stride.get-luck.jp/member/race_viewer_test.php?racedate=20260829&racekey=04263307&jo=0&idpm=iFT66JycF8pFY,PASS
2026-08-29,新潟,7,202604030307,04263307,15:10,7R 芝2000 赤倉特別 2勝クラス WIN5 15:10,10,ペッレグリーニ,内田博幸,27.7,9,中速瞬発,カスリ,66,Ｃ,Ｓ,4,59,58,-1,4,33%,44 (14),59 (3),61 (3),59 (3),52 (10),14,16,最内,8,9,内,4,12,大外,55,[追][続],43,枠脚質○,7,0%,0%,0%,手塚貴久,ノーザンＦ天栄,1,545,14 %,26 %,39 %,12,17%,33%,42 %,セ,5,短,短,小標ベ,○,平坦向き,完歩小さ,追頭上る,レイデオロ,95,8%,14%,21%,61(美坂),62(美坂),58,坂路平均,https://stride.get-luck.jp/member/race_viewer_test.php?racedate=20260829&racekey=04263307&jo=0&idpm=iFT66JycF8pFY,PASS
2026-08-29,新潟,7,202604030307,04263307,15:10,7R 芝2000 赤倉特別 2勝クラス WIN5 15:10,11,ティムール,原優介,56.5,14,中速瞬発,カスリ,41,Ｄ,Ｄ,14,55,58,-5,7,16%,34 (16),47 (9),63 (2),60 (2),53 (9),16,21,最内,13,13,最内,14,20,内,55,[追][久][続],43,"枠脚質○,直近○",9,11%,33%,33%,中竹和也,大山ヒルズ,1,659,6 %,13 %,19 %,13,8%,23%,62 %,牡,6,短,短,小標ベ,○,良脚長使,少頭数○,時計掛○,キズナ,259,12%,19%,26%,49(栗坂),55(栗坂),58,坂路平均,https://stride.get-luck.jp/member/race_viewer_test.php?racedate=20260829&racekey=04263307&jo=0&idpm=iFT66JycF8pFY,PASS
2026-08-29,新潟,7,202604030307,04263307,15:10,7R 芝2000 赤倉特別 2勝クラス WIN5 15:10,12,マイネルアズーロ,津村明秀,10.6,4,中速バランス,ピッタリ,64,Ｃ,Ｂ,6,54,56,-8,11,0%,58 (4),38 (16),36 (16),46 (14),58 (5),6,9,内,16,14,内,6,13,最内,55,[続][瞬],58,"枠脚質○,直近◎",19,5%,21%,37%,鹿戸雄一,ビッグレッドＦ鉾田,1,31,10 %,16 %,23 %,1,0%,0%,0 %,牡,4,短,普,小標ベ,○,腰甘い,上が速×,,ダノンバラード,128,7%,13%,20%,46(南Ｗ),53(南Ｗ),56,併用終い重点,https://stride.get-luck.jp/member/race_viewer_test.php?racedate=20260829&racekey=04263307&jo=0&idpm=iFT66JycF8pFY,PASS
2026-08-29,新潟,7,202604030307,04263307,15:10,7R 芝2000 赤倉特別 2勝クラス WIN5 15:10,13,エリーナストーム,三浦皇成,12.4,5,中速バランス,ピッタリ,65,Ｃ,ＡＡ,5,57,55,-6,9,15%,42 (15),46 (10),55 (5),47 (12),40 (14),13,15,中,7,9,外,5,12,内,53,[続][瞬],52,"調教師○,枠脚質×,直近▲",12,8%,8%,17%,鹿戸雄一,ノーザンＦ天栄,1,377,16 %,32 %,40 %,5,0%,40%,80 %,牝,4,普,普,中標ベ,△,大トビ,脚捌き△,腰甘い,サトノアラジン,61,7%,11%,15%,57(南Ｗ),49(南Ｗ),55,併用終い重点,https://stride.get-luck.jp/member/race_viewer_test.php?racedate=20260829&racekey=04263307&jo=0&idpm=iFT66JycF8pFY,PASS
2026-08-29,新潟,7,202604030307,04263307,15:10,7R 芝2000 赤倉特別 2勝クラス WIN5 15:10,14,カフェアローロ,石神深道,102.0,17,超低速スタミナ,,48,Ｄ,Ｄ,13,55,58,-5,8,12%,47 (11),45 (11),50 (7),52 (7),54 (8),11,14,最内,6,8,最内,13,18,中,52,,46,直近◎,4,0%,0%,0%,古賀慎明,トゥモローＦ栃木,2,74,9 %,22 %,31 %,6,0%,0%,17 %,牝,5,短,普,細ベ,△,腰甘い,上が掛○,器用さ欠,ダンカーク,21,0%,0%,0%,24(美坂),56(南Ｗ),58,併用終い重点,https://stride.get-luck.jp/member/race_viewer_test.php?racedate=20260829&racekey=04263307&jo=0&idpm=iFT66JycF8pFY,PASS
2026-08-29,新潟,7,202604030307,04263307,15:10,7R 芝2000 赤倉特別 2勝クラス WIN5 15:10,15,スピンザブラッド,松山弘平,22.4,8,中速持続,カスリ,60,Ｄ,Ａ,9,57,54,-7,10,7%,57 (5),56 (5),47 (10),47 (13),48 (12),5,9,最内,5,6,最内,9,14,外,55,[先][続][瞬],57,"枠脚質○,直近▲",4,0%,0%,0%,平岩大典,山元トレセン,2,,,,,3,33%,67%,67 %,牡,5,短,普,小標ベ,○,腰甘い,ダ大丈夫,,ブリックスアンドモルタル,122,10%,17%,25%,56(南Ｗ),55(南Ｗ),54,コース終い重点,https://stride.get-luck.jp/member/race_viewer_test.php?racedate=20260829&racekey=04263307&jo=0&idpm=iFT66JycF8pFY,PASS
2026-08-29,新潟,7,202604030307,04263307,15:10,7R 芝2000 赤倉特別 2勝クラス WIN5 15:10,16,ピエナフェーヴル,田辺裕信,5.2,3,中速持続,カスリ,76,Ｂ,Ｃ,2,58,64,4,2,20%,48 (10),44 (12),48 (9),56 (4),60 (1),10,13,中,9,10,中,2,10,外,56,[先][追][瞬],62,"枠脚質×,直近◎",9,11%,22%,22%,萱野浩二,ＫＳトレーニングＣ,2,124,2 %,6 %,14 %,2,0%,50%,100 %,牡,4,普,普,小標ベ,△,腰甘い,終い確実,Ｒ中鼻血,オルフェーヴル,122,4%,13%,21%,58(美坂),67(美坂),64,坂路平均,https://stride.get-luck.jp/member/race_viewer_test.php?racedate=20260829&racekey=04263307&jo=0&idpm=iFT66JycF8pFY,PASS
2026-08-29,新潟,7,202604030307,04263307,15:10,7R 芝2000 赤倉特別 2勝クラス WIN5 15:10,17,マイネルアレス,菊沢一樹,15.5,7,中速瞬発,カスリ,64,Ｃ,Ｓ,7,57,51,-10,12,9%,49 (9),65 (2),60 (4),51 (9),41 (13),8,11,中,4,5,中,7,13,中,56,[続][瞬],51,"枠脚質○,直近◎,誕(無)",28,7%,14%,21%,相沢郁,ビッグレッドＦ鉾田,1,49,2 %,16 %,27 %,5,0%,20%,60 %,牡,4,短,普,小ベ,○,上が速×,荒馬場○,上が掛○,スクリーンヒーロー,119,10%,14%,27%,46(南Ｗ),56(南Ｗ),51,コース終い重点,https://stride.get-luck.jp/member/race_viewer_test.php?racedate=20260829&racekey=04263307&jo=0&idpm=iFT66JycF8pFY,PASS
2026-08-29,新潟,8,202604030308,04263308,15:45,8R ダ1800 ＢＳＮ賞 WIN5 15:45,1,ピカピカサンダー,三浦皇成,6.2,3,超低速バランス,,62,Ｃ,Ｄ,5,59,70,-11,6,0%,64 (1),61 (1),39 (11),36 (10),42 (10),1,0,最内,1,0,最内,5,18,最内,57,[続][瞬],51,"調教師○,コース○,直近▲",78,14%,24%,29%,鹿戸雄一,ノーザンＦ天栄,1,377,16 %,32 %,40 %,8,38%,50%,50 %,牡,4,短,普,小標ベ,◎,府中向き,砂被る×,時計速○,アジアエクスプレス,66,11%,15%,21%,59(美坂),53(美坂),70,坂路平均,https://stride.get-luck.jp/member/race_viewer_test.php?racedate=20260829&racekey=04263308&jo=0&idpm=iFT66JycF8pFY,PASS
2026-08-29,新潟,8,202604030308,04263308,15:45,8R ダ1800 ＢＳＮ賞 WIN5 15:45,2,アムールドパリ,田辺裕信,6.5,4,超低速バランス,,66,Ｃ,Ｄ,3,61,70,-9,4,0%,62 (2),59 (2),39 (10),33 (11),36 (11),2,3,最内,3,3,最内,3,17,内,55,[先][追][瞬],60,直近◎,45,13%,18%,29%,稲垣幸雄,山元トレセン,1,45,7 %,29 %,33 %,14,14%,71%,71 %,牝,5,普,普,小標ベ,◎,根性有り,腰甘い,脚抜ダ○,マインドユアビスケッツ,62,10%,18%,23%,45(南Ｗ),45(南Ｗ),70,コース終い重点,https://stride.get-luck.jp/member/race_viewer_test.php?racedate=20260829&racekey=04263308&jo=0&idpm=iFT66JycF8pFY,PASS
2026-08-29,新潟,8,202604030308,04263308,15:45,8R ダ1800 ＢＳＮ賞 WIN5 15:45,3,タガノバビロン,松山弘平,2.2,1,低速底力,ピッタリ,123,ＡＡ,Ｂ,1,67,70,-3,1,42%,59 (3),54 (6),40 (8),57 (4),72 (1),3,4,内,4,4,中,1,0,外,57,[先][続][瞬],54,"枠脚質○,直近▲",24,17%,29%,38%,西園翔太,宇治田原優駿Ｓ,1,144,10 %,25 %,31 %,9,33%,67%,67 %,牡,4,短,短,小標ベ,◎,鉄砲○,高速場×,上が速×,ヘニーヒューズ,117,6%,20%,24%,61(栗坂),59(栗坂),70,併用平均,https://stride.get-luck.jp/member/race_viewer_test.php?racedate=20260829&racekey=04263308&jo=0&idpm=iFT66JycF8pFY,PASS
2026-08-29,新潟,8,202604030308,04263308,15:45,8R ダ1800 ＢＳＮ賞 WIN5 15:45,4,フタイテンロック,小崎綾也,32.5,8,低速底力,ピッタリ,58,Ｄ,Ｄ,7,63,49,-28,11,0%,58 (4),59 (3),46 (7),49 (6),53 (5),4,5,最内,2,3,内,7,20,中,57,[久][続][瞬],44,,36,14%,22%,33%,佐藤吉勝,井ノ岡ＴＣ,1,128,0 %,1 %,2 %,8,0%,13%,13 %,牡,7,普,普,小標,△,スタミ○,腰甘い,脚捌き△,トーセンジョーダン,9,0%,11%,33%,50(南Ｗ),43(南Ｗ),49,コース平均,https://stride.get-luck.jp/member/race_viewer_test.php?racedate=20260829&racekey=04263308&jo=0&idpm=iFT66JycF8pFY,PASS
2026-08-29,新潟,8,202604030308,04263308,15:45,8R ダ1800 ＢＳＮ賞 WIN5 15:45,5,ショウナンライシン,原優介,26.3,7,中速底力,カスリ,62,Ｃ,Ｓ,6,61,69,-10,5,0%,44 (7),55 (5),63 (2),58 (3),47 (6),8,14,中,6,10,最内,6,18,中,58,[追][久][続],42,"コース○,直近○",141,4%,9%,13%,大竹正博,ＫＳトレーニングＣ,1,76,14 %,20 %,28 %,19,26%,32%,32 %,牡,6,普,普,小ベ,◎,前行く○,福島向き,脚抜ダ○,エスケンデレヤ,33,6%,9%,21%,57(南Ｗ),64(美坂),69,併用平均,https://stride.get-luck.jp/member/race_viewer_test.php?racedate=20260829&racekey=04263308&jo=0&idpm=iFT66JycF8pFY,PASS
2026-08-29,新潟,8,202604030308,04263308,15:45,8R ダ1800 ＢＳＮ賞 WIN5 15:45,6,カズタンジャー,Ｃ．ルメール,3.9,2,低速持続,カスリ,102,ＡＡ,ＡＡ,2,64,70,-6,2,22%,42 (8),38 (9),52 (5),49 (7),46 (7),7,13,最内,9,13,内,2,6,大外,59,[先][追][続][瞬],75,"馬主○,枠脚質○",30,27%,60%,63%,新谷功一,ノーザンＦしがらき,1,52,17 %,25 %,33 %,,,,,牡,5,普,長,小標起,○,スタ芝×,広馬場向,ズブイ,ドレフォン,117,9%,15%,22%,33(栗坂),33(栗坂),70,併用終い重点,https://stride.get-luck.jp/member/race_viewer_test.php?racedate=20260829&racekey=04263308&jo=0&idpm=iFT66JycF8pFY,PASS
2026-08-29,新潟,8,202604030308,04263308,15:45,8R ダ1800 ＢＳＮ賞 WIN5 15:45,7,メイショウズイウン,石橋脩,16.6,6,超低速バランス,,57,Ｄ,Ｄ,8,60,66,-14,7,6%,56 (5),59 (4),49 (6),44 (9),42 (9),5,7,最内,5,5,最内,8,20,内,57,[先][追],43,コース○,90,4%,13%,26%,本田優,宇治田原優駿Ｓ,1,678,6 %,14 %,20 %,7,43%,43%,43 %,牡,4,短,短,中標ベ,◎,気難しい,馬込平気,右回り○,ホッコータルマエ,126,9%,21%,26%,58(ＣＷ),53(ＣＷ),66,併用平均,https://stride.get-luck.jp/member/race_viewer_test.php?racedate=20260829&racekey=04263308&jo=0&idpm=iFT66JycF8pFY,PASS
2026-08-29,新潟,8,202604030308,04263308,15:45,8R ダ1800 ＢＳＮ賞 WIN5 15:45,8,ピースオブザライフ,武藤雅,36.6,9,低速底力,ピッタリ,34,Ｄ,Ｄ,11,55,62,-23,10,22%,42 (9),41 (8),55 (4),50 (5),44 (8),9,15,最内,10,14,最内,11,27,最内,55,[久][続][瞬],43,コース○,111,6%,14%,20%,野中賢二,チャンピオンヒルズ,1,161,11 %,20 %,31 %,12,0%,8%,17 %,牝,6,短,普,小ベ,◎,腰甘い,,,キタサンブラック,40,15%,25%,43%,68(ＣＷ),53(栗坂),62,坂路平均,https://stride.get-luck.jp/member/race_viewer_test.php?racedate=20260829&racekey=04263308&jo=0&idpm=iFT66JycF8pFY,PASS
2026-08-29,新潟,8,202604030308,04263308,15:45,8R ダ1800 ＢＳＮ賞 WIN5 15:45,9,ハセドン,菊沢一樹,41.7,10,中速スタミナ,,48,Ｄ,Ｄ,9,57,65,-18,9,50%,50 (6),37 (10),40 (9),48 (8),58 (2),6,10,最内,8,12,最内,9,23,最内,58,[続][瞬],47,"コース×,直近◎,誕(無)",202,5%,10%,16%,大和田成,ノーザンＦ天栄,1,42,7 %,12 %,33 %,3,0%,0%,0 %,牡,7,短,普,細標ベ,◎,ダ向き,ブ効果○,時計速×,モーリス,54,15%,28%,33%,51(南Ｗ),65(美坂),65,併用平均,https://stride.get-luck.jp/member/race_viewer_test.php?racedate=20260829&racekey=04263308&jo=0&idpm=iFT66JycF8pFY,PASS
2026-08-29,新潟,8,202604030308,04263308,15:45,8R ダ1800 ＢＳＮ賞 WIN5 15:45,10,ハビレ,岩田康誠,6.9,5,低速スタミナ,カスリ,63,Ｃ,Ｄ,4,61,70,-9,3,10%,39 (10),51 (7),66 (1),65 (1),54 (4),10,15,内,7,11,内,4,18,外,57,[先][続][瞬],43,直近×,36,6%,22%,28%,武井亮,エスティＦ小見川,3,24,8 %,13 %,21 %,1,0%,0%,0 %,牡,5,短,普,小標ベ,◎,広馬場向,腰甘い,,ヘニーヒューズ,117,6%,20%,24%,66(南Ｗ),45(南Ｗ),70,コース平均,https://stride.get-luck.jp/member/race_viewer_test.php?racedate=20260829&racekey=04263308&jo=0&idpm=iFT66JycF8pFY,PASS
2026-08-29,新潟,8,202604030308,04263308,15:45,8R ダ1800 ＢＳＮ賞 WIN5 15:45,11,ベルイストワール,杉原誠人,53.1,11,超低速持続,,39,Ｄ,Ｄ,10,57,69,-14,8,18%,36 (11),36 (11),60 (3),62 (2),57 (3),11,17,最内,11,14,中,10,25,中,55,[追][瞬],47,コース×,82,5%,6%,13%,松尾卓哉,松風馬事センター,1,8,13 %,25 %,50 %,,,,,牝,5,普,普,小標起,○,外枠○,大トビ,時計速×,ミッキーグローリー,17,12%,18%,29%,68(美坂),61(美坂),69,坂路平均,https://stride.get-luck.jp/member/race_viewer_test.php?racedate=20260829&racekey=04263308&jo=0&idpm=iFT66JycF8pFY,PASS
2026-08-29,新潟,9,202604030309,04263309,16:25,9R 芝2200 ３歳上１勝クラス(無料開放レース) 16:25,1,ダンシングアウェイ,小崎綾也,48.4,11,中速瞬発,カスリ,35,Ｄ,Ｄ,11,33,54,-23,10,20%,53 (6),43 (10),43 (11),29 (13),28 (13),6,13,最内,6,10,最内,11,15,最内,55,[久][続][瞬],51,枠脚質○,7,14%,29%,29%,柄崎将寿,トゥモローＦ栃木,1,2,50 %,50 %,50 %,,,,,牡,3,短,短,細標ベ,△,突っ張る,追頭上る,腰甘い,ジャスタウェイ,19,0%,0%,5%,57(南Ｗ),48(美坂),54,併用平均,https://stride.get-luck.jp/member/race_viewer_test.php?racedate=20260829&racekey=04263309&jo=0&idpm=iFT66JycF8pFY,PASS
2026-08-29,新潟,9,202604030309,04263309,16:25,9R 芝2200 ３歳上１勝クラス(無料開放レース) 16:25,2,プレイザリード,田辺裕信,4.5,3,低速瞬発,,74,Ｂ,Ｃ,3,49,58,-3,3,0%,62 (2),40 (12),32 (13),44 (10),59 (3),3,7,最内,7,12,最内,3,3,大外,55,[先][追][瞬],66,"馬主○,直近◎",10,0%,10%,30%,加藤士津八,山元トレセン,1,72,8 %,14 %,22 %,5,20%,40%,80 %,牡,3,短,短,中標ベ,○,腰甘い,上が速×,,キズナ,38,16%,24%,39%,57(南Ｗ),71(美坂),58,併用テン重点,https://stride.get-luck.jp/member/race_viewer_test.php?racedate=20260829&racekey=04263309&jo=0&idpm=iFT66JycF8pFY,PASS
2026-08-29,新潟,9,202604030309,04263309,16:25,9R 芝2200 ３歳上１勝クラス(無料開放レース) 16:25,3,ディーンズリスター,岩田康誠,13.4,6,低速バランス,カスリ,68,Ｃ,ＡＡ,5,48,42,-20,8,43%,55 (4),48 (7),44 (10),49 (8),56 (6),5,12,内,3,8,中,5,5,中,58,[先][続][瞬],41,"枠脚質×,直近×",6,0%,0%,33%,斉藤崇史,ノーザンＦしがらき,1,603,15 %,26 %,34 %,5,20%,20%,40 %,セ,7,長,長,中標起,△,上が速×,脚捌き△,,ディープインパクト,49,6%,16%,24%,48(栗Ｐ),48(栗Ｐ),42,コース終い重点,https://stride.get-luck.jp/member/race_viewer_test.php?racedate=20260829&racekey=04263309&jo=0&idpm=iFT66JycF8pFY,PASS
2026-08-29,新潟,9,202604030309,04263309,16:25,9R 芝2200 ３歳上１勝クラス(無料開放レース) 16:25,4,シャインフリーリー,柴田大知,27.9,8,中速バランス,ピッタリ,55,Ｄ,Ｄ,9,45,48,-17,7,11%,37 (12),58 (3),68 (2),57 (3),42 (11),12,27,最内,10,16,内,9,9,中,58,[続][瞬],42,枠脚質×,20,0%,5%,10%,深山雅史,コスモヴューＦ,2,9,11 %,22 %,22 %,1,0%,100%,100 %,牡,4,短,普,中標起,△,枠駐不良,砂被る○,腰甘い,ウインブライト,6,17%,17%,17%,,51(美坂),48,坂路平均,https://stride.get-luck.jp/member/race_viewer_test.php?racedate=20260829&racekey=04263309&jo=0&idpm=iFT66JycF8pFY,PASS
2026-08-29,新潟,9,202604030309,04263309,16:25,9R 芝2200 ３歳上１勝クラス(無料開放レース) 16:25,5,ノーマジック,水沼元輝,64.1,13,低速バランス,カスリ,34,Ｄ,Ｄ,12,34,42,-34,12,14%,43 (11),40 (11),52 (4),46 (9),43 (10),11,22,内,11,16,中,12,15,中,53,[瞬],41,,5,20%,20%,20%,戸田博文,ムラセファーム,1,221,2 %,6 %,10 %,4,0%,0%,0 %,牝,5,普,普,小ベ,△,フット×,左斜飛,平地力×,ストロングリターン,2,0%,0%,0%,54(南Ｗ),51(南Ｗ),42,併用平均,https://stride.get-luck.jp/member/race_viewer_test.php?racedate=20260829&racekey=04263309&jo=0&idpm=iFT66JycF8pFY,PASS
2026-08-29,新潟,9,202604030309,04263309,16:25,9R 芝2200 ３歳上１勝クラス(無料開放レース) 16:25,6,オプレントジュエル,三浦皇成,10.9,5,中速バランス,ピッタリ,62,Ｃ,Ｂ,6,51,55,-4,4,0%,51 (7),51 (4),49 (8),54 (4),57 (5),7,15,最内,5,9,内,6,6,外,56,[続][瞬],49,"枠脚質○,直近▲",19,0%,21%,26%,中舘英二,山元トレセン,2,37,8 %,24 %,32 %,3,33%,33%,67 %,牝,4,短,普,小ベ,△,B必要,腰甘い,,ブリックスアンドモルタル,16,6%,13%,13%,58(美坂),54(美坂),55,坂路平均,https://stride.get-luck.jp/member/race_viewer_test.php?racedate=20260829&racekey=04263309&jo=0&idpm=iFT66JycF8pFY,PASS
2026-08-29,新潟,9,202604030309,04263309,16:25,9R 芝2200 ３歳上１勝クラス(無料開放レース) 16:25,7,ミッドセンチュリー,嶋田純次,14.7,7,中速バランス,ピッタリ,62,Ｃ,Ｓ,7,51,37,-22,9,4%,54 (5),50 (6),45 (9),52 (5),58 (4),4,11,最内,4,8,最内,7,6,内,58,[先][追],48,枠脚質○,9,0%,0%,0%,松山将樹,ミルファーム千葉,4,6,0 %,0 %,17 %,2,0%,0%,50 %,牡,4,短,短,小ベ,○,腰甘い,上が速×,展開待ち,トゥザグローリー,2,0%,0%,0%,,39(南Ｗ),37,コース終い重点,https://stride.get-luck.jp/member/race_viewer_test.php?racedate=20260829&racekey=04263309&jo=0&idpm=iFT66JycF8pFY,PASS
2026-08-29,新潟,9,202604030309,04263309,16:25,9R 芝2200 ３歳上１勝クラス(無料開放レース) 16:25,8,ゴンファロニエーレ,戸崎圭太,3.9,2,中速バランス,ピッタリ,72,Ｃ,Ｄ,4,56,55,1,2,0%,60 (3),70 (1),50 (7),52 (7),53 (7),2,6,内,1,0,内,4,3,内,55,[先][続][瞬],62,"調教師○,馬主○,枠脚質×,直近×",19,21%,37%,42%,田中博康,ノーザンＦ天栄,1,343,22 %,36 %,46 %,3,0%,0%,33 %,牡,3,短,普,細ベ,△,腰甘い,脚捌き△,,エピファネイア,30,10%,30%,37%,59(南Ｗ),50(南Ｗ),55,コース平均,https://stride.get-luck.jp/member/race_viewer_test.php?racedate=20260829&racekey=04263309&jo=0&idpm=iFT66JycF8pFY,PASS
2026-08-29,新潟,9,202604030309,04263309,16:25,9R 芝2200 ３歳上１勝クラス(無料開放レース) 16:25,9,コウセイケンタロス,上里直汰,57.6,12,低速瞬発,,28,Ｄ,Ｄ,13,24,42,-44,13,44%,44 (10),39 (13),50 (6),41 (12),37 (12),10,22,最内,12,17,最内,13,17,内,55,,45,,3,0%,0%,0%,和田雄二,オークヒルファーム,1,129,0 %,2 %,2 %,1,0%,0%,0 %,セ,4,短,短,小標起,○,上が速×,腰甘い,,ハービンジャー,57,7%,11%,18%,51(南Ｗ),43(南Ｗ),42,コース平均,https://stride.get-luck.jp/member/race_viewer_test.php?racedate=20260829&racekey=04263309&jo=0&idpm=iFT66JycF8pFY,PASS
2026-08-29,新潟,9,202604030309,04263309,16:25,9R 芝2200 ３歳上１勝クラス(無料開放レース) 16:25,10,フォーグッド,原優介,38.8,10,中速バランス,ピッタリ,41,Ｄ,Ｄ,10,41,45,-24,11,22%,46 (8),44 (9),50 (5),52 (6),52 (8),8,20,最内,8,14,最内,10,13,内,58,[追][久][続],42,"枠脚質×,直近○",12,0%,8%,17%,平岩大典,ノーザンＦ天栄,1,5,0 %,0 %,0 %,14,0%,29%,36 %,セ,7,普,普,小ベ,○,時計速×,時計掛○,上が速×,ディープインパクト,49,6%,16%,24%,51(南Ｗ),53(南Ｗ),45,コース終い重点,https://stride.get-luck.jp/member/race_viewer_test.php?racedate=20260829&racekey=04263309&jo=0&idpm=iFT66JycF8pFY,PASS
2026-08-29,新潟,9,202604030309,04263309,16:25,9R 芝2200 ３歳上１勝クラス(無料開放レース) 16:25,11,ランブルスコ,Ｃ．ルメール,3.1,1,低速瞬発,,86,Ａ,Ｓ,1,51,55,-4,5,67%,32 (13),50 (5),69 (1),70 (1),59 (2),13,31,最内,13,19,最内,1,0,外,55,[先][追][続][瞬],69,枠脚質×,8,63%,75%,100%,蛯名正義,ノーザンＦ天栄,1,127,10 %,20 %,27 %,3,33%,67%,67 %,牡,3,短,短,小標ベ,△,腰甘い,広馬場向,,キタサンブラック,19,5%,11%,16%,58(南Ｗ),47(南Ｗ),55,コース終い重点,https://stride.get-luck.jp/member/race_viewer_test.php?racedate=20260829&racekey=04263309&jo=0&idpm=iFT66JycF8pFY,PASS
2026-08-29,新潟,9,202604030309,04263309,16:25,9R 芝2200 ３歳上１勝クラス(無料開放レース) 16:25,12,テイキットイージー,武藤雅,29.6,9,低速バランス,カスリ,58,Ｄ,Ｄ,8,51,48,-11,6,7%,45 (9),48 (8),54 (3),60 (2),60 (1),9,21,中,9,15,外,8,8,大外,58,[久][続][瞬],42,枠脚質×,14,0%,0%,0%,萱野浩二,ビッグレッドＦ鉾田,4,6,17 %,33 %,33 %,2,0%,0%,0 %,牡,5,短,普,中標ベ,○,器用さ欠,時計速×,上が掛○,ゴールドシップ,85,5%,12%,18%,28(南Ｗ),50(南Ｗ),48,コース終い重点,https://stride.get-luck.jp/member/race_viewer_test.php?racedate=20260829&racekey=04263309&jo=0&idpm=iFT66JycF8pFY,PASS
2026-08-29,新潟,9,202604030309,04263309,16:25,9R 芝2200 ３歳上１勝クラス(無料開放レース) 16:25,13,マイネルリーヒム,菊沢一樹,5.7,4,中速持続,カスリ,75,Ｂ,Ｂ,2,57,55,2,1,0%,66 (1),68 (2),43 (12),43 (11),47 (9),1,0,最内,2,0,最内,2,3,最内,55,[続][瞬],53,"枠脚質○,直近◎,誕(無)",28,4%,4%,14%,武市康男,ビッグレッドＦ鉾田,3,14,0 %,21 %,29 %,1,0%,0%,0 %,牡,3,短,普,小標,△,荒馬場○,追頭上る,手前替×,ゴールドシップ,85,5%,12%,18%,48(南Ｗ),46(南Ｗ),55,コース平均,https://stride.get-luck.jp/member/race_viewer_test.php?racedate=20260829&racekey=04263309&jo=0&idpm=iFT66JycF8pFY,PASS
2026-08-29,新潟,10,202604030310,04263310,17:00,10R 芝1400 ３歳上１勝クラス 17:00,1,ビリオネアボーイ,丸田恭介,77.1,14,超高速瞬発,,33,Ｄ,Ｄ,17,33,52,-25,14,33%,39 (16),38 (16),48 (13),42 (15),40 (16),12,12,最内,14,10,最内,17,23,最内,58,[続][瞬],41,枠脚質×,27,0%,0%,15%,武市康男,菅井牧場,1,11,9 %,18 %,18 %,,,,,牡,4,普,普,小標ベ,△,前行く○,気難しい,,アメリカンファラオ,11,9%,9%,9%,51(南Ｗ),59(南Ｗ),52,コース平均,https://stride.get-luck.jp/member/race_viewer_test.php?racedate=20260829&racekey=04263310&jo=0&idpm=iFT66JycF8pFY,PASS
2026-08-29,新潟,10,202604030310,04263310,17:00,10R 芝1400 ３歳上１勝クラス 17:00,2,アルシャンティ,杉原誠人,112.6,17,高速スタミナ,カスリ,31,Ｄ,Ｄ,18,31,43,-36,17,14%,58 (5),56 (7),49 (10),32 (17),23 (18),3,3,内,6,2,内,18,24,内,56,[追][瞬],51,,44,5%,11%,16%,室井潔,相川牧場,1,2,0 %,0 %,0 %,1,0%,0%,0 %,牝,4,短,短,小標起,○,突っ張る,スピ無し,腰甘い,バゴ,58,2%,3%,10%,44(南Ｗ),51(南Ｗ),43,併用終い重点,https://stride.get-luck.jp/member/race_viewer_test.php?racedate=20260829&racekey=04263310&jo=0&idpm=iFT66JycF8pFY,PASS
2026-08-29,新潟,10,202604030310,04263310,17:00,10R 芝1400 ３歳上１勝クラス 17:00,3,キャトルエピス,Ｍ．ミシェル,15.0,5,中速底力,カスリ,79,Ｂ,Ｓ,3,43,54,-13,8,12%,61 (3),58 (3),48 (12),43 (14),41 (15),4,4,最内,4,0,最内,3,9,最内,56,,56,,,%,%,%,栗田徹,山元トレセン,1,91,4 %,13 %,25 %,4,25%,25%,50 %,牝,4,短,短,細標ベ,○,脚捌き△,渋馬場○,上が掛○,キズナ,259,12%,19%,26%,64(南Ｗ),63(美坂),54,併用平均,https://stride.get-luck.jp/member/race_viewer_test.php?racedate=20260829&racekey=04263310&jo=0&idpm=iFT66JycF8pFY,PASS
2026-08-29,新潟,10,202604030310,04263310,17:00,10R 芝1400 ３歳上１勝クラス 17:00,4,ソードスレイプニル,今村聖奈,18.3,7,高速スタミナ,カスリ,62,Ｃ,Ｓ,8,48,52,-10,7,57%,64 (2),54 (8),40 (16),48 (10),57 (5),2,2,最内,5,2,最内,8,14,最内,51,[先][追][瞬],50,枠脚質○,34,3%,6%,9%,鈴木慎太郎,エスティＦ小見川,1,49,10 %,20 %,31 %,4,25%,50%,50 %,牝,3,短,短,小ベ,△,芝向き,完歩小さ,突っ張る,インディチャンプ,24,8%,25%,29%,56(南Ｗ),67(南Ｗ),52,併用平均,https://stride.get-luck.jp/member/race_viewer_test.php?racedate=20260829&racekey=04263310&jo=0&idpm=iFT66JycF8pFY,PASS
2026-08-29,新潟,10,202604030310,04263310,17:00,10R 芝1400 ３歳上１勝クラス 17:00,5,メイリー,武藤雅,13.0,4,高速スタミナ,カスリ,58,Ｄ,Ｄ,11,51,35,-24,12,31%,33 (18),43 (13),60 (3),65 (2),65 (1),18,17,最内,16,12,中,11,18,外,56,[久][続][瞬],40,枠脚質×,34,0%,3%,6%,鈴木慎太郎,エスティＦ小見川,2,25,8 %,16 %,28 %,4,0%,0%,0 %,牝,4,短,短,小ベ,○,芝軽い○,内枠○,完歩小さ,タワーオブロンドン,19,5%,21%,37%,,39(南Ｗ),35,コース終い重点,https://stride.get-luck.jp/member/race_viewer_test.php?racedate=20260829&racekey=04263310&jo=0&idpm=iFT66JycF8pFY,PASS
2026-08-29,新潟,10,202604030310,04263310,17:00,10R 芝1400 ３歳上１勝クラス 17:00,6,タイセイフレッサ,戸崎圭太,3.3,2,高速底力,ピッタリ,81,Ｂ,Ｃ,2,53,59,2,1,11%,43 (13),58 (4),65 (2),65 (1),60 (3),13,12,内,8,3,外,2,9,大外,53,[先][続][瞬],53,"調教師○,枠脚質×,直近×",45,22%,36%,49%,斎藤誠,エスティＦ小見川,1,255,9 %,15 %,25 %,6,17%,33%,50 %,牝,3,短,普,細ベ,○,突っ張る,時計速×,,キズナ,259,12%,19%,26%,62(美坂),68(美坂),59,坂路平均,https://stride.get-luck.jp/member/race_viewer_test.php?racedate=20260829&racekey=04263310&jo=0&idpm=iFT66JycF8pFY,PASS
2026-08-29,新潟,10,202604030310,04263310,17:00,10R 芝1400 ３歳上１勝クラス 17:00,7,ベレーバスク,丸山元気,11.4,3,高速持続,カスリ,72,Ｃ,Ｓ,4,54,55,-1,3,0%,52 (8),58 (5),56 (5),56 (5),53 (8),8,6,中,1,0,外,4,11,外,53,[先][続][瞬],43,"枠脚質×,直近×",32,3%,13%,25%,清水英克,ビッグレッドＦ鉾田,2,30,3 %,3 %,10 %,2,0%,0%,0 %,牝,3,短,短,細標ベ,△,上が速×,腰甘い,,ベンバトル,26,8%,19%,27%,,53(南Ｗ),55,コース終い重点,https://stride.get-luck.jp/member/race_viewer_test.php?racedate=20260829&racekey=04263310&jo=0&idpm=iFT66JycF8pFY,PASS
2026-08-29,新潟,10,202604030310,04263310,17:00,10R 芝1400 ３歳上１勝クラス 17:00,8,フェーダーローター,柴田大知,30.3,12,高速持続,カスリ,56,Ｄ,Ｄ,9,46,39,-25,13,11%,47 (12),50 (10),54 (7),54 (7),54 (7),11,10,最内,11,5,内,9,16,外,53,[続][瞬],48,"馬主○,枠脚質×",25,0%,0%,4%,天間昭一,ビッグレッドＦ鉾田,2,31,10 %,10 %,13 %,1,0%,0%,0 %,牝,3,短,短,小標ベ,△,腰甘い,完歩小さ,,ベンバトル,26,8%,19%,27%,,25(南Ｗ),39,コース平均,https://stride.get-luck.jp/member/race_viewer_test.php?racedate=20260829&racekey=04263310&jo=0&idpm=iFT66JycF8pFY,PASS
2026-08-29,新潟,10,202604030310,04263310,17:00,10R 芝1400 ３歳上１勝クラス 17:00,9,ライネリーベ,Ｃ．ルメール,2.5,1,高速スタミナ,カスリ,123,ＡＡ,ＡＡ,1,56,55,1,2,0%,51 (9),66 (1),67 (1),61 (3),52 (11),10,8,最内,2,0,内,1,0,内,56,[先][追][続][瞬],83,"調教師○,枠脚質○",24,25%,54%,58%,木村哲也,ノーザンＦ天栄,1,697,20 %,33 %,43 %,6,0%,33%,50 %,牝,4,短,短,小標ベ,○,腰甘い,完歩小さ,突っ張る,サトノダイヤモンド,99,8%,16%,24%,64(南Ｗ),42(南Ｗ),55,併用終い重点,https://stride.get-luck.jp/member/race_viewer_test.php?racedate=20260829&racekey=04263310&jo=0&idpm=iFT66JycF8pFY,PASS
2026-08-29,新潟,10,202604030310,04263310,17:00,10R 芝1400 ３歳上１勝クラス 17:00,10,ワカミヤイリオス,水沼元輝,103.3,16,超低速スタミナ,,38,Ｄ,Ｄ,16,38,39,-33,16,50%,38 (17),36 (17),48 (14),46 (12),47 (13),17,15,最内,18,12,内,16,22,外,55,[瞬],38,,13,0%,0%,0%,西田雄一郎,エスティＦ小見川,1,29,0 %,0 %,0 %,,,,,セ,4,短,短,小ベ,△,腰甘い,,,ルヴァンスレーヴ,5,0%,20%,20%,,48(南Ｗ),39,コース平均,https://stride.get-luck.jp/member/race_viewer_test.php?racedate=20260829&racekey=04263310&jo=0&idpm=iFT66JycF8pFY,PASS
2026-08-29,新潟,10,202604030310,04263310,17:00,10R 芝1400 ３歳上１勝クラス 17:00,11,ダイユウルミナス,小崎綾也,98.5,15,超高速底力,カスリ,54,Ｄ,Ｄ,10,48,48,-14,9,60%,57 (6),57 (6),50 (9),48 (11),47 (12),6,5,内,7,2,中,10,17,中,53,[久][続][瞬],51,,15,0%,7%,7%,松永康利,沼田ファーム,4,39,3 %,8 %,15 %,,,,,牝,3,短,短,小標ベ,△,腰甘い,,,ダノンスマッシュ,32,0%,9%,16%,43(美坂),45(南Ｗ),48,坂路終い重点,https://stride.get-luck.jp/member/race_viewer_test.php?racedate=20260829&racekey=04263310&jo=0&idpm=iFT66JycF8pFY,PASS
2026-08-29,新潟,10,202604030310,04263310,17:00,10R 芝1400 ３歳上１勝クラス 17:00,12,カシノリアーナ,谷原柚希,118.9,18,超高速スタミナ,,43,Ｄ,Ｄ,13,40,30,-40,18,33%,47 (11),39 (15),41 (15),46 (13),52 (10),14,12,中,13,10,内,13,20,外,50,,54,,2,0%,0%,0%,天間昭一,阿見トレセン,1,25,12 %,20 %,24 %,3,33%,33%,33 %,牝,3,短,短,小標ベ,△,腰甘い,,,サトノクラウン,86,6%,7%,14%,36(美坂),12(南Ｗ),30,併用中重点,https://stride.get-luck.jp/member/race_viewer_test.php?racedate=20260829&racekey=04263310&jo=0&idpm=iFT66JycF8pFY,PASS
2026-08-29,新潟,10,202604030310,04263310,17:00,10R 芝1400 ３歳上１勝クラス 17:00,13,サーロー,原優介,28.9,11,低速底力,,40,Ｄ,Ｄ,15,42,51,-17,10,33%,70 (1),52 (9),31 (17),32 (18),39 (17),1,0,最内,10,4,最内,15,21,最内,53,[追][久][続],42,"枠脚質×,直近○",42,2%,5%,17%,勢司和浩,ＫＳトレーニングＣ,1,112,2 %,3 %,10 %,3,33%,33%,33 %,牝,3,短,短,小標ベ,△,腰甘い,外枠○,,ヘンリーバローズ,8,0%,0%,0%,62(南Ｗ),52(南Ｗ),51,コース終い重点,https://stride.get-luck.jp/member/race_viewer_test.php?racedate=20260829&racekey=04263310&jo=0&idpm=iFT66JycF8pFY,PASS
2026-08-29,新潟,10,202604030310,04263310,17:00,10R 芝1400 ３歳上１勝クラス 17:00,14,ホットゥトロット,大野拓弥,19.6,9,高速スタミナ,カスリ,45,Ｄ,Ｄ,12,38,52,-20,11,29%,40 (14),39 (14),48 (11),53 (8),56 (6),15,14,内,15,11,外,12,19,大外,55,[先][追][瞬],46,"枠脚質○,直近○",28,11%,25%,29%,堀内岳志,下河辺牧場,1,15,0 %,0 %,7 %,5,0%,0%,0 %,牡,3,短,短,小ベ,△,フット×,手前替×,,インディチャンプ,24,8%,25%,29%,53(南Ｗ),41(南Ｗ),52,コース終い重点,https://stride.get-luck.jp/member/race_viewer_test.php?racedate=20260829&racekey=04263310&jo=0&idpm=iFT66JycF8pFY,PASS
2026-08-29,新潟,10,202604030310,04263310,17:00,10R 芝1400 ３歳上１勝クラス 17:00,15,ディサイドオンミー,上里直汰,73.3,13,超高速スタミナ,,41,Ｄ,Ｄ,14,39,41,-30,15,0%,53 (7),35 (18),31 (18),40 (16),53 (9),7,6,最内,17,12,最内,14,21,中,50,,49,,7,0%,0%,0%,堀内岳志,山元トレセン,5,,,,,,,,,牝,3,短,短,細ベ,△,食い細,上が速×,内枠○,ベンバトル,26,8%,19%,27%,,,41,,https://stride.get-luck.jp/member/race_viewer_test.php?racedate=20260829&racekey=04263310&jo=0&idpm=iFT66JycF8pFY,PASS
2026-08-29,新潟,10,202604030310,04263310,17:00,10R 芝1400 ３歳上１勝クラス 17:00,16,リラベガ,菊沢一樹,16.2,6,超高速底力,カスリ,68,Ｃ,Ｓ,6,51,55,-4,6,29%,39 (15),45 (12),56 (6),60 (4),61 (2),16,14,中,12,9,中,6,13,内,53,[続][瞬],56,"枠脚質○,直近◎,誕(無)",62,3%,8%,10%,岩戸孝樹,エスティＦ小見川,1,151,7 %,10 %,16 %,4,25%,25%,50 %,牝,3,短,短,小標ベ,△,腰甘い,突っ張る,,タリスマニック,19,0%,0%,0%,57(南Ｗ),57(南Ｗ),55,併用平均,https://stride.get-luck.jp/member/race_viewer_test.php?racedate=20260829&racekey=04263310&jo=0&idpm=iFT66JycF8pFY,PASS
2026-08-29,新潟,10,202604030310,04263310,17:00,10R 芝1400 ３歳上１勝クラス 17:00,17,ガミーヌ,石神深道,28.7,10,高速瞬発,,72,Ｃ,Ｓ,5,53,55,-2,4,9%,59 (4),66 (2),59 (4),52 (9),45 (14),5,4,中,3,0,中,5,11,中,51,,54,直近◎,28,4%,4%,4%,水野貴広,ビッグレッドＦ鉾田,3,19,5 %,42 %,42 %,,,,,牝,3,短,短,細ベ,△,腰甘い,広馬場向,平坦向き,フィエールマン,43,7%,21%,26%,,,55,,https://stride.get-luck.jp/member/race_viewer_test.php?racedate=20260829&racekey=04263310&jo=0&idpm=iFT66JycF8pFY,PASS
2026-08-29,新潟,10,202604030310,04263310,17:00,10R 芝1400 ３歳上１勝クラス 17:00,18,タイキオーベロン,石田拓郎,18.6,8,高速スタミナ,カスリ,64,Ｃ,Ｓ,7,52,54,-4,5,9%,49 (10),50 (11),51 (8),55 (6),57 (4),9,7,内,9,4,中,7,14,大外,56,,46,直近○,23,4%,4%,4%,高木登,松風馬事センター,2,154,7 %,14 %,23 %,1,0%,0%,0 %,牡,4,短,短,小ベ,△,馬込平気,時計速×,内枠○,ダノンレジェンド,14,0%,0%,0%,60(美坂),61(美坂),54,坂路平均,https://stride.get-luck.jp/member/race_viewer_test.php?racedate=20260829&racekey=04263310&jo=0&idpm=iFT66JycF8pFY,PASS
2026-08-29,新潟,11,202604030311,04263311,17:30,11R 芝2000 ３歳未勝利 17:30,1,ウィズアツインクル,武藤雅,61.4,16,高速持続,カスリ,48,Ｄ,Ｄ,12,38,43,-7,9,0%,53 (10),42 (14),33 (18),45 (12),56 (4),6,5,最内,11,11,最内,12,18,内,57,[久][続][瞬],47,枠脚質○,28,11%,14%,21%,牧光二,阿見トレセン,2,122,8 %,15 %,19 %,,,,,牡,3,短,短,中標ベ,△,上が速×,腰甘い,フット×,ダノンバラード,128,7%,13%,20%,50(美坂),55(南Ｗ),43,併用終い重点,https://stride.get-luck.jp/member/race_viewer_test.php?racedate=20260829&racekey=04263311&jo=0&idpm=iFT66JycF8pFY,PASS
2026-08-29,新潟,11,202604030311,04263311,17:30,11R 芝2000 ３歳未勝利 17:30,2,ムーングレイル,石神深道,12.1,4,中速瞬発,,70,Ｃ,Ｓ,3,46,51,9,1,10%,65 (1),68 (1),50 (9),52 (8),52 (7),1,0,内,1,0,最内,3,11,最内,55,,50,直近◎,19,0%,11%,21%,森一誠,エスティＦ小見川,1,45,9 %,20 %,36 %,5,0%,20%,40 %,セ,3,短,短,小ベ,△,腰甘い,,,ミッキーアイル,73,5%,18%,30%,64(美坂),65(南Ｗ),51,併用平均,https://stride.get-luck.jp/member/race_viewer_test.php?racedate=20260829&racekey=04263311&jo=0&idpm=iFT66JycF8pFY,PASS
2026-08-29,新潟,11,202604030311,04263311,17:30,11R 芝2000 ３歳未勝利 17:30,3,エリュグレイス,戸崎圭太,5.6,2,中速底力,カスリ,68,Ｃ,Ｄ,4,41,44,-3,6,0%,65 (2),60 (3),40 (16),31 (18),28 (18),2,1,最内,2,3,最内,4,12,内,55,[先][続][瞬],49,"枠脚質×,直近×",22,9%,23%,23%,和田勇介,山元トレセン,1,243,8 %,14 %,21 %,3,0%,67%,100 %,牝,3,短,短,細ベ,△,良脚長使,腰甘い,上が掛○,エピファネイア,360,10%,20%,28%,52(南Ｗ),42(南Ｗ),44,コース終い重点,https://stride.get-luck.jp/member/race_viewer_test.php?racedate=20260829&racekey=04263311&jo=0&idpm=iFT66JycF8pFY,PASS
2026-08-29,新潟,11,202604030311,04263311,17:30,11R 芝2000 ３歳未勝利 17:30,4,ジーナグレイス,川須栄彦,34.2,12,中速瞬発,,59,Ｄ,Ｄ,7,42,43,-3,5,29%,54 (9),53 (9),48 (11),49 (9),50 (9),9,7,最内,8,9,最内,7,14,内,55,[続][瞬],47,,,%,%,%,田中勝春,ノーザンＦ天栄,4,,,,,,,,,牝,3,短,短,小標ベ,△,突っ張る,平坦向き,完歩小さ,キセキ,11,0%,9%,18%,,,43,,https://stride.get-luck.jp/member/race_viewer_test.php?racedate=20260829&racekey=04263311&jo=0&idpm=iFT66JycF8pFY,PASS
2026-08-29,新潟,11,202604030311,04263311,17:30,11R 芝2000 ３歳未勝利 17:30,5,グランフルス,菊沢一樹,52.9,15,中速バランス,カスリ,47,Ｄ,Ｄ,13,38,43,-7,10,25%,41 (15),49 (10),64 (2),59 (4),52 (8),15,11,最内,13,12,内,13,18,外,57,[続][瞬],51,"枠脚質×,直近◎,誕(無)",32,9%,16%,19%,矢野英一,ノルマンディーＦ,3,,,,,,,,,牡,3,短,短,小標ベ,△,脚捌き△,追頭上る,腰甘い,イスラボニータ,113,7%,14%,21%,39(札ダ),52(札ダ),43,コース平均,https://stride.get-luck.jp/member/race_viewer_test.php?racedate=20260829&racekey=04263311&jo=0&idpm=iFT66JycF8pFY,PASS
2026-08-29,新潟,11,202604030311,04263311,17:30,11R 芝2000 ３歳未勝利 17:30,6,レインボーワールド,野中悠太郎,170.1,17,超低速バランス,,39,Ｄ,Ｄ,16,33,31,-24,17,0%,42 (14),38 (17),45 (12),43 (16),43 (15),13,9,中,16,14,中,16,20,大外,55,[先][続][瞬],51,馬主○,11,0%,0%,0%,畠山吉宏,松風馬事センター,1,30,0 %,0 %,3 %,1,0%,0%,0 %,牝,3,短,短,小立,○,腰甘い,,,トゥザワールド,16,13%,19%,19%,30(南Ｗ),47(南Ｗ),31,コース平均,https://stride.get-luck.jp/member/race_viewer_test.php?racedate=20260829&racekey=04263311&jo=0&idpm=iFT66JycF8pFY,PASS
2026-08-29,新潟,11,202604030311,04263311,17:30,11R 芝2000 ３歳未勝利 17:30,7,ミリオングローリー,丸山元気,20.9,6,高速持続,カスリ,63,Ｃ,Ｓ,9,43,44,-1,4,25%,37 (16),48 (11),70 (1),68 (1),62 (3),16,14,最内,15,14,内,9,15,外,57,[先][続][瞬],41,"枠脚質○,直近×",17,12%,12%,24%,蛯名正義,ファンタストクラブ,2,5,60 %,60 %,60 %,,,,,牡,3,短,短,細標ベ,○,芝向き,時計速×,腰甘い,ミッキーグローリー,15,0%,7%,7%,,49(美坂),44,坂路平均,https://stride.get-luck.jp/member/race_viewer_test.php?racedate=20260829&racekey=04263311&jo=0&idpm=iFT66JycF8pFY,PASS
2026-08-29,新潟,11,202604030311,04263311,17:30,11R 芝2000 ３歳未勝利 17:30,8,スイートハイデン,岩田康誠,26.7,10,高速スタミナ,,44,Ｄ,Ｄ,14,37,41,-10,14,20%,57 (5),54 (6),44 (13),45 (14),47 (12),10,7,中,12,11,中,14,19,中,55,[先][続][瞬],43,"枠脚質×,直近×",9,0%,0%,0%,菊川正達,吉澤Ｓ－ＥＡＳＴ,3,9,0 %,11 %,11 %,,,,,牝,3,短,短,小ベ,△,終い甘い,腰甘い,完歩小さ,ロジャーバローズ,36,0%,8%,19%,39(南Ｗ),41(南Ｗ),41,コース平均,https://stride.get-luck.jp/member/race_viewer_test.php?racedate=20260829&racekey=04263311&jo=0&idpm=iFT66JycF8pFY,PASS
2026-08-29,新潟,11,202604030311,04263311,17:30,11R 芝2000 ３歳未勝利 17:30,9,ヘルヴィッツ,小崎綾也,42.2,13,中速バランス,カスリ,49,Ｄ,Ｄ,11,40,43,-5,8,0%,36 (17),39 (16),58 (4),65 (3),67 (2),17,14,内,17,16,最内,11,18,大外,57,[久][続][瞬],48,枠脚質○,6,0%,0%,17%,柄崎将寿,エスティＦ小見川,2,13,0 %,8 %,8 %,1,0%,0%,0 %,牡,3,短,短,細標,○,腰甘い,フット×,完歩小さ,ミスターメロディ,29,10%,17%,21%,,56(美坂),43,坂路平均,https://stride.get-luck.jp/member/race_viewer_test.php?racedate=20260829&racekey=04263311&jo=0&idpm=iFT66JycF8pFY,PASS
2026-08-29,新潟,11,202604030311,04263311,17:30,11R 芝2000 ３歳未勝利 17:30,10,ノブステップ,石田拓郎,206.0,18,高速底力,,36,Ｄ,Ｄ,18,32,39,-17,16,14%,55 (7),47 (13),36 (17),36 (17),39 (17),5,4,内,10,10,内,18,21,内,55,,48,"枠脚質○,直近○",14,0%,0%,7%,田中勝春,小野瀬ファーム,3,3,0 %,33 %,33 %,,,,,牡,3,短,短,細ベ,△,脚捌き△,腰甘い,揉れ弱い,ダノンキングリー,13,23%,31%,38%,,17(美坂),39,坂路平均,https://stride.get-luck.jp/member/race_viewer_test.php?racedate=20260829&racekey=04263311&jo=0&idpm=iFT66JycF8pFY,PASS
2026-08-29,新潟,11,202604030311,04263311,17:30,11R 芝2000 ３歳未勝利 17:30,11,ヤマニンリンキング,大野拓弥,5.9,3,中速持続,ピッタリ,79,Ｂ,Ｂ,2,47,44,3,2,0%,55 (8),64 (2),62 (3),53 (7),45 (13),3,3,最内,3,5,最内,2,8,中,57,[先][追][瞬],45,"馬主○,枠脚質○,直近○",13,0%,15%,23%,辻哲英,エスティＦ小見川,2,15,13 %,13 %,33 %,,,,,牡,3,短,短,小標ベ,△,時計速×,,,ディーマジェスティ,37,0%,5%,8%,44(美坂),38(美坂),44,坂路平均,https://stride.get-luck.jp/member/race_viewer_test.php?racedate=20260829&racekey=04263311&jo=0&idpm=iFT66JycF8pFY,PASS
2026-08-29,新潟,11,202604030311,04263311,17:30,11R 芝2000 ３歳未勝利 17:30,12,イベリスアマラ,内田博幸,25.4,9,中速持続,ピッタリ,62,Ｃ,Ｓ,6,36,36,-16,15,50%,56 (6),56 (5),48 (10),44 (15),41 (16),4,3,中,4,7,内,6,13,中,57,[追][続],52,"馬主○,枠脚質○",9,0%,0%,11%,高橋文雅,ノーザンＦ天栄,1,116,8 %,10 %,16 %,4,0%,0%,0 %,牡,3,短,短,小標ベ,△,腰甘い,上が掛○,芝向き,オルフェーヴル,122,4%,13%,21%,41(南Ｗ),50(南Ｗ),36,コース終い重点,https://stride.get-luck.jp/member/race_viewer_test.php?racedate=20260829&racekey=04263311&jo=0&idpm=iFT66JycF8pFY,PASS
2026-08-29,新潟,11,202604030311,04263311,17:30,11R 芝2000 ３歳未勝利 17:30,13,イノーマル,三浦皇成,14.7,5,中速持続,ピッタリ,62,Ｃ,Ｓ,5,42,42,-4,7,0%,58 (3),53 (8),42 (15),46 (11),50 (10),7,5,中,6,8,外,5,13,外,57,[続][瞬],52,"調教師○,枠脚質×,直近▲",22,18%,18%,23%,高柳瑞樹,テンコーＴＣ,2,27,15 %,22 %,22 %,,,,,牡,3,短,短,中標ベ,△,腰甘い,,,コントレイル,30,3%,17%,27%,,47(南Ｗ),42,コース平均,https://stride.get-luck.jp/member/race_viewer_test.php?racedate=20260829&racekey=04263311&jo=0&idpm=iFT66JycF8pFY,PASS
2026-08-29,新潟,11,202604030311,04263311,17:30,11R 芝2000 ３歳未勝利 17:30,14,マイネルアルゴー,柴田大知,31.1,11,低速バランス,,43,Ｄ,Ｄ,15,36,43,-9,13,50%,47 (12),42 (15),42 (14),45 (13),48 (11),12,9,最内,14,13,最内,15,19,最内,57,[続][瞬],46,"馬主○,枠脚質○",28,7%,14%,18%,清水英克,ビッグレッドＦ鉾田,1,43,2 %,12 %,12 %,1,0%,0%,0 %,牡,3,短,短,小ベ,△,フット×,脚外振走,心房細動,スクリーンヒーロー,119,10%,14%,27%,49(南Ｗ),52(南Ｗ),43,コース平均,https://stride.get-luck.jp/member/race_viewer_test.php?racedate=20260829&racekey=04263311&jo=0&idpm=iFT66JycF8pFY,PASS
2026-08-29,新潟,11,202604030311,04263311,17:30,11R 芝2000 ３歳未勝利 17:30,15,レッドレガリア,Ｃ．ルメール,2.1,1,中速底力,カスリ,120,ＡＡ,Ｂ,1,45,46,3,3,25%,44 (13),48 (12),56 (5),66 (2),70 (1),14,10,内,9,10,外,1,0,大外,57,[先][追][続][瞬],86,"調教師○,馬主○,枠脚質×",8,25%,38%,50%,木村哲也,ノーザンＦ天栄,2,59,17 %,27 %,37 %,1,0%,0%,100 %,牡,3,短,短,小ベ,△,,,,エピファネイア,360,10%,20%,28%,55(南Ｗ),45(南Ｗ),46,併用終い重点,https://stride.get-luck.jp/member/race_viewer_test.php?racedate=20260829&racekey=04263311&jo=0&idpm=iFT66JycF8pFY,PASS
2026-08-29,新潟,11,202604030311,04263311,17:30,11R 芝2000 ３歳未勝利 17:30,16,トーアシチフクジン,Ｍ．ミシェル,51.0,14,低速底力,,36,Ｄ,Ｄ,17,27,29,-32,18,38%,30 (18),27 (18),51 (8),53 (6),53 (6),18,17,最内,18,21,最内,17,21,最内,57,,58,,,%,%,%,村田一誠,高橋ＴＣ,1,69,7 %,10 %,17 %,1,0%,0%,0 %,牡,3,普,普,小標ベ,△,砂被る×,腰甘い,上が掛○,ニューイヤーズデイ,36,17%,31%,36%,47(美坂),46(南Ｗ),29,併用終い重点,https://stride.get-luck.jp/member/race_viewer_test.php?racedate=20260829&racekey=04263311&jo=0&idpm=iFT66JycF8pFY,PASS
2026-08-29,新潟,11,202604030311,04263311,17:30,11R 芝2000 ３歳未勝利 17:30,17,コスモアルペジオ,石橋脩,22.9,8,中速バランス,カスリ,59,Ｄ,Ｄ,8,38,43,-7,11,0%,49 (11),53 (7),56 (6),56 (5),54 (5),11,8,内,7,9,中,8,14,大外,57,[先][追],43,枠脚質×,21,10%,24%,33%,鹿戸雄一,ビッグレッドＦ鉾田,1,31,10 %,16 %,23 %,2,0%,0%,0 %,牡,3,短,短,細標,○,突っ張る,腰甘い,,ゴールドシップ,223,5%,14%,22%,53(南Ｗ),57(南Ｗ),43,併用終い重点,https://stride.get-luck.jp/member/race_viewer_test.php?racedate=20260829&racekey=04263311&jo=0&idpm=iFT66JycF8pFY,PASS
2026-08-29,新潟,11,202604030311,04263311,17:30,11R 芝2000 ３歳未勝利 17:30,18,ピースフルマインド,原優介,22.8,7,中速底力,カスリ,57,Ｄ,Ｄ,10,41,38,-9,12,17%,57 (4),59 (4),52 (7),46 (10),43 (14),8,6,内,5,7,最内,10,15,最内,55,[追][久][続],42,"枠脚質×,直近○",22,9%,14%,14%,伊坂重信,ノーザンＦ天栄,4,1,0 %,0 %,0 %,,,,,牝,3,短,普,小ベ,△,腰甘い,上が速×,,レイデオロ,95,8%,14%,21%,38(札ダ),40(札ダ),38,コース平均,https://stride.get-luck.jp/member/race_viewer_test.php?racedate=20260829&racekey=04263311&jo=0&idpm=iFT66JycF8pFY,PASS
2026-08-29,新潟,12,202604030312,04263312,18:05,12R ダ1200 ３歳未勝利 18:05,1,ペイシャラム,江田照男,22.8,7,中速スタミナ,ピッタリ,51,Ｄ,Ｄ,8,22,35,-23,11,100%,42 (14),44 (11),55 (5),57 (7),54 (6),11,15,内,9,15,内,8,19,最内,55,[続][瞬],45,枠脚質○,46,7%,7%,9%,菊川正達,ブルーステーブル,1,71,6 %,13 %,13 %,1,0%,0%,0 %,牝,3,短,短,小標ベ,○,腰甘い,,,オーヴァルエース,9,11%,11%,11%,47(南Ｗ),50(南Ｗ),35,コース平均,https://stride.get-luck.jp/member/race_viewer_test.php?racedate=20260829&racekey=04263312&jo=0&idpm=iFT66JycF8pFY,PASS
2026-08-29,新潟,12,202604030312,04263312,18:05,12R ダ1200 ３歳未勝利 18:05,2,リベラル,佐藤翔馬,107.3,14,高速スタミナ,カスリ,33,Ｄ,Ｄ,14,18,28,-34,14,100%,45 (12),44 (12),47 (10),40 (13),41 (13),14,17,内,14,17,中,14,24,外,52,,45,,56,7%,11%,14%,小手川準,ＫＳトレーニングＣ,1,141,4 %,4 %,8 %,1,0%,0%,0 %,牝,3,普,普,中標ベ,○,腰甘い,,,ダノンスマッシュ,5,0%,0%,20%,36(美坂),42(美坂),28,坂路平均,https://stride.get-luck.jp/member/race_viewer_test.php?racedate=20260829&racekey=04263312&jo=0&idpm=iFT66JycF8pFY,PASS
2026-08-29,新潟,12,202604030312,04263312,18:05,12R ダ1200 ３歳未勝利 18:05,3,エリースノー,津村明秀,3.5,2,高速スタミナ,カスリ,95,ＡＡ,Ａ,2,43,40,3,2,43%,60 (3),61 (2),52 (8),60 (2),59 (3),3,7,最内,3,7,最内,2,6,内,55,[続][瞬],74,"コース○,枠脚質×,直近◎",72,10%,21%,32%,武市康男,ＫＳトレーニングＣ,1,358,4 %,9 %,14 %,6,0%,0%,17 %,牝,3,短,短,細標ベ,○,腰甘い,広馬場向,脚抜ダ○,サンダースノー,35,14%,20%,23%,,50(美坂),40,坂路平均,https://stride.get-luck.jp/member/race_viewer_test.php?racedate=20260829&racekey=04263312&jo=0&idpm=iFT66JycF8pFY,PASS
2026-08-29,新潟,12,202604030312,04263312,18:05,12R ダ1200 ３歳未勝利 18:05,4,チュラヴェール,大野拓弥,6.0,3,中速スタミナ,ピッタリ,57,Ｄ,Ｄ,7,33,40,-7,5,9%,71 (1),69 (1),45 (11),37 (14),39 (14),1,0,最内,1,0,最内,7,17,最内,55,[先][追][瞬],50,"調教師○,直近○",38,0%,3%,18%,松山将樹,菅井牧場,4,1,0 %,0 %,0 %,1,0%,0%,0 %,牝,3,短,普,小標起,△,ブ効果○,一本調子,突っ張る,ホッコータルマエ,74,7%,16%,26%,27(札ダ),38(札ダ),40,コース平均,https://stride.get-luck.jp/member/race_viewer_test.php?racedate=20260829&racekey=04263312&jo=0&idpm=iFT66JycF8pFY,PASS
2026-08-29,新潟,12,202604030312,04263312,18:05,12R ダ1200 ３歳未勝利 18:05,5,シカゴキャッツ,木幡育也,117.2,15,中速底力,カスリ,35,Ｄ,Ｄ,13,13,6,-61,15,50%,47 (10),50 (8),56 (4),32 (15),29 (15),9,14,中,8,14,中,13,24,中,57,[先][追],38,,35,0%,3%,9%,新開幸一,小野瀬ファーム,1,13,8 %,8 %,8 %,,,,,牡,3,短,短,中標ベ,○,腰甘い,,,エスポワールシチー,55,7%,9%,15%,,20(美坂),6,坂路テン重点,https://stride.get-luck.jp/member/race_viewer_test.php?racedate=20260829&racekey=04263312&jo=0&idpm=iFT66JycF8pFY,PASS
2026-08-29,新潟,12,202604030312,04263312,18:05,12R ダ1200 ３歳未勝利 18:05,6,ペイシャダンシング,原優介,32.0,9,中速スタミナ,ピッタリ,50,Ｄ,Ｄ,9,30,35,-15,8,100%,47 (11),48 (10),52 (7),59 (3),58 (5),12,16,中,11,16,外,9,19,外,55,[追][久][続],55,"コース○,枠脚質○,直近○",117,6%,11%,21%,粕谷昌央,キタジョファーム,2,14,0 %,0 %,0 %,,,,,牝,3,短,短,小ベ,△,,,,オーヴァルエース,9,11%,11%,11%,48(美坂),48(美坂),35,坂路平均,https://stride.get-luck.jp/member/race_viewer_test.php?racedate=20260829&racekey=04263312&jo=0&idpm=iFT66JycF8pFY,PASS
2026-08-29,新潟,12,202604030312,04263312,18:05,12R ダ1200 ３歳未勝利 18:05,7,ロンバスブレス,上里直汰,2.3,1,中速スタミナ,ピッタリ,120,ＡＡ,Ｂ,1,47,40,7,1,20%,63 (2),60 (3),45 (12),62 (1),65 (1),2,5,最内,2,5,最内,1,0,内,52,,48,,36,6%,8%,8%,石栗龍彦,小野瀬ファーム,3,,,,,,,,,牝,3,短,短,小ベ,△,他馬気に,腰甘い,,イスラボニータ,73,3%,11%,25%,,21(南Ｗ),40,コース平均,https://stride.get-luck.jp/member/race_viewer_test.php?racedate=20260829&racekey=04263312&jo=0&idpm=iFT66JycF8pFY,PASS
2026-08-29,新潟,12,202604030312,04263312,18:05,12R ダ1200 ３歳未勝利 18:05,8,ブライティアロード,石橋脩,19.7,6,超高速スタミナ,,62,Ｃ,Ｓ,5,33,33,-14,7,100%,47 (9),37 (14),26 (15),49 (9),61 (2),7,13,最内,13,17,最内,5,15,大外,55,[先][追],67,"コース○,枠脚質○",74,9%,22%,34%,和田正一郎,和田牧場（千葉県）,1,328,2 %,2 %,5 %,1,0%,0%,0 %,牝,3,短,短,小標ベ,○,腰甘い,馬込△,他馬気に,ダノンスマッシュ,5,0%,0%,20%,51(南Ｗ),46(南Ｗ),33,併用終い重点,https://stride.get-luck.jp/member/race_viewer_test.php?racedate=20260829&racekey=04263312&jo=0&idpm=iFT66JycF8pFY,PASS
2026-08-29,新潟,12,202604030312,04263312,18:05,12R ダ1200 ３歳未勝利 18:05,9,サンシュノジンギ,石田拓郎,83.8,13,高速持続,,42,Ｄ,Ｄ,12,21,28,-31,12,100%,44 (13),40 (13),41 (14),41 (12),45 (11),13,17,最内,12,17,内,12,21,中,55,,43,"コース×,枠脚質○,直近○",83,0%,4%,8%,奥村武,ジョイナスファーム,1,200,6 %,10 %,14 %,1,0%,0%,0 %,牡,3,短,短,小標起,△,,,,マインドユアビスケッツ,32,6%,13%,19%,43(南Ｗ),47(南Ｗ),28,コース平均,https://stride.get-luck.jp/member/race_viewer_test.php?racedate=20260829&racekey=04263312&jo=0&idpm=iFT66JycF8pFY,PASS
2026-08-29,新潟,12,202604030312,04263312,18:05,12R ダ1200 ３歳未勝利 18:05,10,ガヤーズベース,野中悠太郎,57.4,12,低速持続,,50,Ｄ,Ｄ,10,33,33,-14,6,50%,52 (6),56 (4),58 (3),57 (6),53 (8),5,11,内,4,11,内,10,19,中,57,[先][続][瞬],38,枠脚質○,43,0%,2%,5%,田中勝春,小野瀬ファーム,1,19,0 %,11 %,11 %,,,,,牡,3,短,短,細標,△,完歩小さ,腰甘い,,フォーウィールドライブ,30,10%,10%,23%,33(美坂),39(美坂),33,坂路平均,https://stride.get-luck.jp/member/race_viewer_test.php?racedate=20260829&racekey=04263312&jo=0&idpm=iFT66JycF8pFY,PASS
2026-08-29,新潟,12,202604030312,04263312,18:05,12R ダ1200 ３歳未勝利 18:05,11,ケイツーキップ,水沼元輝,23.1,8,超高速持続,,58,Ｄ,Ｄ,6,32,32,-16,10,0%,53 (4),50 (9),42 (13),41 (11),45 (10),4,11,最内,5,11,最内,6,17,内,52,[瞬],40,,46,0%,0%,2%,清水英克,ＫＳトレーニングＣ,2,102,6 %,9 %,17 %,1,0%,0%,0 %,牝,3,短,短,小標ベ,○,加速遅い,完歩小さ,腰甘い,ラブリーデイ,13,0%,0%,8%,45(美坂),45(美坂),32,坂路平均,https://stride.get-luck.jp/member/race_viewer_test.php?racedate=20260829&racekey=04263312&jo=0&idpm=iFT66JycF8pFY,PASS
2026-08-29,新潟,12,202604030312,04263312,18:05,12R ダ1200 ３歳未勝利 18:05,12,カフェオドヴィー,杉原誠人,35.9,10,中速スタミナ,ピッタリ,29,Ｄ,Ｄ,15,13,35,-32,13,100%,28 (15),30 (15),55 (6),44 (10),42 (12),15,24,最内,15,24,最内,15,25,最内,57,[追][瞬],50,枠脚質×,64,5%,6%,11%,古賀慎明,阿見トレセン,1,73,5 %,8 %,12 %,1,0%,0%,0 %,牡,3,普,普,中ベ,○,,,,ヘニーヒューズ,149,10%,19%,28%,46(美坂),56(南Ｗ),35,坂路平均,https://stride.get-luck.jp/member/race_viewer_test.php?racedate=20260829&racekey=04263312&jo=0&idpm=iFT66JycF8pFY,PASS
2026-08-29,新潟,12,202604030312,04263312,18:05,12R ダ1200 ３歳未勝利 18:05,13,テラシエスタ,小林脩斗,41.8,11,超高速持続,,47,Ｄ,Ｄ,11,26,39,-15,9,100%,48 (8),56 (5),66 (1),54 (8),46 (9),10,15,最内,10,15,最内,11,20,内,57,[追],48,"コース○,枠脚質×",77,5%,6%,14%,黒岩陽一,吉澤Ｓ－ＥＡＳＴ,2,64,13 %,23 %,30 %,1,0%,0%,0 %,牡,3,短,短,中標ベ,○,腰甘い,脚捌き△,,ジャスタウェイ,38,11%,24%,24%,54(南Ｗ),56(南Ｗ),39,コース平均,https://stride.get-luck.jp/member/race_viewer_test.php?racedate=20260829&racekey=04263312&jo=0&idpm=iFT66JycF8pFY,PASS
2026-08-29,新潟,12,202604030312,04263312,18:05,12R ダ1200 ３歳未勝利 18:05,14,トリエンナーレ,石神深道,8.6,4,中速スタミナ,ピッタリ,67,Ｃ,Ｃ,4,35,40,-5,4,0%,49 (7),55 (6),63 (2),59 (4),53 (7),8,13,内,7,13,最内,4,14,中,53,,54,直近◎,58,3%,7%,10%,森一誠,阿見トレセン,1,18,6 %,17 %,17 %,,,,,牝,3,短,短,細標ベ,△,喉不安,,,マインドユアビスケッツ,32,6%,13%,19%,49(南Ｗ),53(南Ｗ),40,併用終い重点,https://stride.get-luck.jp/member/race_viewer_test.php?racedate=20260829&racekey=04263312&jo=0&idpm=iFT66JycF8pFY,PASS
2026-08-29,新潟,12,202604030312,04263312,18:05,12R ダ1200 ３歳未勝利 18:05,15,ライヴマティーニ,谷原柚希,12.2,5,中速スタミナ,ピッタリ,70,Ｃ,Ｓ,3,38,40,-2,3,20%,53 (5),52 (7),48 (9),58 (5),59 (4),6,12,中,6,12,中,3,13,外,51,,55,,6,0%,0%,0%,尾形和幸,小野瀬ファーム,2,18,0 %,6 %,22 %,,,,,牝,3,短,短,小標ベ,△,腰甘い,突っ張る,,ゴールドドリーム,29,3%,7%,14%,,,40,,https://stride.get-luck.jp/member/race_viewer_test.php?racedate=20260829&racekey=04263312&jo=0&idpm=iFT66JycF8pFY,PASS
2026-08-29,中京,1,202607030301,07263301,09:50,1R 芝2000 ２歳未勝利 09:50,1,エンルートフライト,坂井瑠星,2.5,1,低速瞬発,カスリ,84,Ｂ,ＡＡ,1,34,38,-4,2,0%,52 (4),47 (8),46 (8),58 (3),71 (1),4,13,最内,5,4,内,1,0,外,55,[先][続][瞬],58,"馬主○,コース○,枠脚質○,直近◎",98,18%,30%,41%,池添学,ノーザンＦしがらき,2,160,14 %,24 %,38 %,,,,,牡,2,短,短,小標ベ,△,突っ張る,脚外振走,腰甘い,コントレイル,54,11%,33%,39%,49(ＣＷ),51(ＣＷ),38,併用終い重点,https://stride.get-luck.jp/member/race_viewer_test.php?racedate=20260829&racekey=07263301&jo=1&idpm=iFT66JycF8pFY,PASS
2026-08-29,中京,1,202607030301,07263301,09:50,1R 芝2000 ２歳未勝利 09:50,2,ブラックミューズ,岩田望来,5.3,3,高速底力,,82,Ｂ,Ｓ,3,34,39,-3,1,33%,72 (1),60 (2),36 (11),32 (11),40 (9),1,0,最内,3,0,最内,3,0,最内,55,[続][瞬],52,"コース○,枠脚質○,直近×",113,19%,27%,33%,松永幹夫,ノーザンＦしがらき,3,34,9 %,24 %,24 %,,,,,牝,2,短,短,小ベ,○,ズブイ,広馬場向,,ミスターメロディ,21,10%,14%,19%,,39(栗Ｅ),39,コース中重点,https://stride.get-luck.jp/member/race_viewer_test.php?racedate=20260829&racekey=07263301&jo=1&idpm=iFT66JycF8pFY,PASS
2026-08-29,中京,1,202607030301,07263301,09:50,1R 芝2000 ２歳未勝利 09:50,3,プッシュザリミット,Ｍ．デムーロ,23.1,10,中速持続,,30,Ｄ,Ｄ,11,22,35,-19,11,100%,42 (9),24 (11),38 (10),36 (10),42 (8),9,24,内,11,19,最内,11,16,最内,55,[先][追][瞬],48,,33,3%,18%,27%,柴田卓,キャニオンファーム土山,1,4,25 %,25 %,25 %,1,0%,0%,0 %,牡,2,普,普,中標,○,,,,アールスター,,,,,41(栗坂),54(栗坂),35,坂路平均,https://stride.get-luck.jp/member/race_viewer_test.php?racedate=20260829&racekey=07263301&jo=1&idpm=iFT66JycF8pFY,PASS
2026-08-29,中京,1,202607030301,07263301,09:50,1R 芝2000 ２歳未勝利 09:50,4,ディープナイト,荻野琢真,43.4,11,低速瞬発,カスリ,45,Ｄ,Ｄ,9,27,35,-14,8,0%,46 (8),48 (7),53 (5),55 (4),55 (4),8,21,最内,7,8,内,9,11,中,55,[先][続][瞬],44,,3,0%,0%,33%,牧田和弥,吉澤Ｓ－ＷＥＳＴ,2,105,8 %,12 %,19 %,,,,,牡,2,普,普,中標,○,,,,シュヴァルグラン,30,7%,13%,17%,47(ＣＷ),48(栗坂),35,併用平均,https://stride.get-luck.jp/member/race_viewer_test.php?racedate=20260829&racekey=07263301&jo=1&idpm=iFT66JycF8pFY,PASS
2026-08-29,中京,1,202607030301,07263301,09:50,1R 芝2000 ２歳未勝利 09:50,5,レイデアルマス,西村淳也,12.5,5,中速瞬発,,74,Ｂ,Ｓ,6,26,38,-12,6,100%,47 (7),46 (10),50 (6),54 (5),56 (3),7,19,最内,8,8,最内,6,3,大外,55,[先][追][瞬],46,"コース×,枠脚質○,直近○",88,10%,22%,31%,杉山佳明,ノーザンＦしがらき,1,117,10 %,19 %,29 %,1,0%,0%,0 %,牡,2,短,短,小標ベ,△,腰甘い,,,ドレフォン,93,6%,15%,22%,42(ＣＷ),52(栗坂),38,併用平均,https://stride.get-luck.jp/member/race_viewer_test.php?racedate=20260829&racekey=07263301&jo=1&idpm=iFT66JycF8pFY,PASS
2026-08-29,中京,1,202607030301,07263301,09:50,1R 芝2000 ２歳未勝利 09:50,6,ピュアノーブル,菱田裕二,11.4,4,中速バランス,カスリ,63,Ｃ,Ａ,7,31,38,-7,5,100%,59 (2),47 (9),39 (9),44 (9),57 (2),3,10,最内,4,3,最内,7,6,最内,55,[先][瞬],49,"調教師○,枠脚質×,直近▲",58,5%,9%,12%,岡田稲男,社台ファーム鈴鹿,2,4,25 %,25 %,25 %,,,,,牝,2,普,普,中標,○,集中力×,,,リオンディーズ,200,4%,14%,24%,,42(ＣＷ),38,コース平均,https://stride.get-luck.jp/member/race_viewer_test.php?racedate=20260829&racekey=07263301&jo=1&idpm=iFT66JycF8pFY,PASS
2026-08-29,中京,1,202607030301,07263301,09:50,1R 芝2000 ２歳未勝利 09:50,7,マンナット,川田将雅,4.1,2,低速瞬発,カスリ,77,Ｂ,Ｃ,4,32,39,-5,4,0%,40 (10),54 (4),63 (2),64 (1),54 (5),10,25,最内,9,8,中,4,2,外,55,[先][追],76,"馬主○,コース○,枠脚質○,直近×",108,32%,55%,68%,斉藤崇史,ダーレー・ジャパン岡山,2,,,,,,,,,牡,2,普,普,中標,,,,,キズナ,417,12%,20%,29%,,,39,,https://stride.get-luck.jp/member/race_viewer_test.php?racedate=20260829&racekey=07263301&jo=1&idpm=iFT66JycF8pFY,PASS
2026-08-29,中京,1,202607030301,07263301,09:50,1R 芝2000 ２歳未勝利 09:50,8,ハルカカナタ,幸英明,13.4,7,中速持続,,83,Ｂ,Ｓ,2,30,32,-14,7,100%,51 (5),61 (1),58 (3),50 (6),39 (10),5,16,最内,1,0,内,2,0,内,55,[追][久][続],41,"コース×,枠脚質×,直近○",129,5%,16%,29%,秋山真一郎,ノーザンＦしがらき,1,23,4 %,9 %,13 %,1,0%,0%,0 %,牝,2,普,普,中標,○,気が強い,,,ドレフォン,93,6%,15%,22%,69(ＣＷ),42(ＣＷ),32,コース終い重点,https://stride.get-luck.jp/member/race_viewer_test.php?racedate=20260829&racekey=07263301&jo=1&idpm=iFT66JycF8pFY,PASS
2026-08-29,中京,1,202607030301,07263301,09:50,1R 芝2000 ２歳未勝利 09:50,9,ゴルディアス,松若風馬,22.8,9,中速バランス,カスリ,57,Ｄ,Ｄ,8,23,37,-16,9,0%,49 (6),53 (5),53 (4),45 (8),37 (11),6,18,内,6,6,最内,8,8,内,55,[先][追][瞬],40,"コース×,枠脚質×,直近○",72,6%,21%,28%,小崎憲,チャンピオンヒルズ,1,350,3 %,7 %,15 %,1,0%,0%,0 %,牡,2,普,普,中標,△,,,,ゴールドシップ,162,4%,12%,19%,53(ＣＷ),69(栗坂),37,坂路平均,https://stride.get-luck.jp/member/race_viewer_test.php?racedate=20260829&racekey=07263301&jo=1&idpm=iFT66JycF8pFY,PASS
2026-08-29,中京,1,202607030301,07263301,09:50,1R 芝2000 ２歳未勝利 09:50,10,ホットロッドハート,吉村誠之助,14.4,8,低速瞬発,カスリ,43,Ｄ,Ｄ,10,26,33,-17,10,100%,36 (11),52 (6),66 (1),61 (2),47 (7),11,28,最内,10,12,最内,10,12,最内,55,,53,"枠脚質○,直近◎",49,4%,10%,22%,前川恭子,社台ファーム鈴鹿,1,5,0 %,0 %,0 %,1,0%,0%,0 %,牡,2,普,普,中標,○,内もたれ,,,ホットロッドチャーリー,1,0%,0%,0%,42(ＣＷ),49(栗Ｐ),33,コース平均,https://stride.get-luck.jp/member/race_viewer_test.php?racedate=20260829&racekey=07263301&jo=1&idpm=iFT66JycF8pFY,PASS
2026-08-29,中京,1,202607030301,07263301,09:50,1R 芝2000 ２歳未勝利 09:50,11,メモリアデルレ,田山旺佑,12.8,6,中速瞬発,,77,Ｂ,Ｓ,5,34,38,-4,3,0%,57 (3),57 (3),49 (7),50 (7),52 (6),2,9,内,2,0,中,5,2,中,54,,44,直近○,27,4%,22%,30%,吉岡辰弥,グリーンウッド,2,74,26 %,36 %,46 %,,,,,牡,2,普,普,中標,○,,,,エピファネイア,467,9%,19%,27%,14(栗坂),29(栗坂),38,坂路テン重点,https://stride.get-luck.jp/member/race_viewer_test.php?racedate=20260829&racekey=07263301&jo=1&idpm=iFT66JycF8pFY,PASS
2026-08-29,中京,2,202607030302,07263302,10:25,2R ダ1800 ２歳未勝利 10:25,1,ドリームオブコージ,岡田祥嗣,49.1,12,低速瞬発,,41,Ｄ,Ｄ,12,17,36,-21,8,100%,40 (9),48 (8),61 (4),55 (4),44 (9),9,27,最内,9,22,最内,12,23,最内,55,[先][追],48,,13,0%,8%,15%,安田翔伍,宇治田原優駿Ｓ,2,39,8 %,23 %,38 %,,,,,牡,2,普,普,中標,○,,,,キングオブコージ,,,,,45(栗坂),56(栗坂),36,坂路平均,https://stride.get-luck.jp/member/race_viewer_test.php?racedate=20260829&racekey=07263302&jo=1&idpm=iFT66JycF8pFY,PASS
2026-08-29,中京,2,202607030302,07263302,10:25,2R ダ1800 ２歳未勝利 10:25,2,ボビーザグレート,菱田裕二,9.2,5,超低速持続,ピッタリ,79,Ｂ,Ｓ,3,29,29,-16,5,100%,48 (8),59 (5),63 (1),63 (2),53 (6),8,19,最内,5,12,内,3,11,中,55,[先][瞬],49,"コース×,直近▲",89,7%,13%,24%,柴田卓,チャンピオンヒルズ,1,8,13 %,25 %,25 %,1,0%,0%,0 %,牡,2,普,普,中標,△,大トビ,,,シャンハイボビー,73,4%,11%,18%,44(ＣＷ),53(栗坂),29,坂路平均,https://stride.get-luck.jp/member/race_viewer_test.php?racedate=20260829&racekey=07263302&jo=1&idpm=iFT66JycF8pFY,PASS
2026-08-29,中京,2,202607030302,07263302,10:25,2R ダ1800 ２歳未勝利 10:25,3,ダノンアズール,岩田望来,4.1,2,高速瞬発,,83,Ｂ,Ｂ,2,22,37,-15,3,0%,54 (4),51 (6),46 (8),50 (7),56 (2),4,14,最内,6,13,最内,2,10,外,55,[続][瞬],47,"コース×,直近×",136,10%,21%,29%,茶木太樹,ノーザンＦしがらき,2,53,6 %,15 %,25 %,,,,,牡,2,短,短,細標ベ,○,,,突っ張る,ダノンキングリー,7,0%,14%,14%,,28(栗坂),37,坂路平均,https://stride.get-luck.jp/member/race_viewer_test.php?racedate=20260829&racekey=07263302&jo=1&idpm=iFT66JycF8pFY,PASS
2026-08-29,中京,2,202607030302,07263302,10:25,2R ダ1800 ２歳未勝利 10:25,4,ゴールドシューター,富田暁,34.1,11,中速瞬発,,42,Ｄ,Ｄ,11,17,35,-22,10,100%,39 (12),37 (11),48 (6),60 (3),71 (1),12,29,最内,12,32,最内,11,22,内,55,[先][追][続][瞬],62,"コース×,枠脚質○,直近◎",97,3%,7%,18%,加藤公太,キャニオンファーム土山,2,29,3 %,7 %,14 %,,,,,牡,2,普,普,中標,○,,,,ゴールドアクター,11,0%,18%,18%,,52(栗坂),35,坂路平均,https://stride.get-luck.jp/member/race_viewer_test.php?racedate=20260829&racekey=07263302&jo=1&idpm=iFT66JycF8pFY,PASS
2026-08-29,中京,2,202607030302,07263302,10:25,2R ダ1800 ２歳未勝利 10:25,5,バミューダブーケ,松若風馬,13.8,6,低速スタミナ,,46,Ｄ,Ｄ,9,17,29,-28,12,100%,54 (3),44 (9),37 (12),41 (10),54 (5),3,13,内,8,17,最内,9,21,中,55,[先][追][瞬],58,"コース○,枠脚質○,直近○",105,8%,17%,31%,杉山佳明,山元トレセン,1,90,17 %,24 %,38 %,1,0%,0%,0 %,牝,2,普,普,,,一本調子,,,ダノンキングリー,7,0%,14%,14%,42(ＣＷ),46(栗坂),29,併用平均,https://stride.get-luck.jp/member/race_viewer_test.php?racedate=20260829&racekey=07263302&jo=1&idpm=iFT66JycF8pFY,PASS
2026-08-29,中京,2,202607030302,07263302,10:25,2R ダ1800 ２歳未勝利 10:25,6,ダヌラーサナ,田山旺佑,7.7,4,中速持続,,67,Ｃ,Ｄ,4,22,37,-15,4,100%,49 (7),59 (4),62 (3),51 (6),33 (12),7,18,内,4,11,最内,4,15,内,54,,52,"調教師○,直近○",32,9%,16%,22%,新谷功一,社台ファーム鈴鹿,1,13,0 %,8 %,31 %,1,0%,0%,0 %,牝,2,普,普,中標,○,,,,レイデオロ,63,3%,8%,14%,60(ＣＷ),37(ＣＷ),37,併用終い重点,https://stride.get-luck.jp/member/race_viewer_test.php?racedate=20260829&racekey=07263302&jo=1&idpm=iFT66JycF8pFY,PASS
2026-08-29,中京,2,202607030302,07263302,10:25,2R ダ1800 ２歳未勝利 10:25,7,オーリエイト,吉村誠之助,2.5,1,超低速底力,カスリ,131,Ｓ,Ｓ,1,36,39,1,1,100%,50 (6),60 (2),63 (2),64 (1),55 (4),6,17,最内,3,9,最内,1,0,内,55,,62,"コース×,枠脚質×,直近◎",91,7%,19%,26%,小栗実,宇治田原優駿Ｓ,1,73,1 %,14 %,21 %,1,0%,100%,100 %,牡,2,普,普,,,ブ効果○,,,ナダル,70,14%,23%,34%,65(ＣＷ),59(栗坂),39,併用テン重点,https://stride.get-luck.jp/member/race_viewer_test.php?racedate=20260829&racekey=07263302&jo=1&idpm=iFT66JycF8pFY,PASS
2026-08-29,中京,2,202607030302,07263302,10:25,2R ダ1800 ２歳未勝利 10:25,8,アンナモエ,酒井学,24.9,9,高速持続,,45,Ｄ,Ｄ,10,17,36,-21,9,100%,40 (11),32 (12),41 (9),42 (9),50 (8),10,27,内,11,32,内,10,21,外,55,[先][追],55,"コース○,枠脚質○",96,7%,13%,15%,天間昭一,エスティＦ小見川,2,2,0 %,0 %,0 %,,,,,牝,2,短,短,小標ベ,○,腰甘い,,,オメガパフューム,,,,,,56(美坂),36,坂路平均,https://stride.get-luck.jp/member/race_viewer_test.php?racedate=20260829&racekey=07263302&jo=1&idpm=iFT66JycF8pFY,PASS
2026-08-29,中京,2,202607030302,07263302,10:25,2R ダ1800 ２歳未勝利 10:25,9,ルガルデ,柴田裕一郎,26.5,10,低速スタミナ,,58,Ｄ,Ｄ,7,23,35,-16,6,100%,68 (1),60 (3),38 (11),34 (12),39 (11),2,0,内,1,0,内,7,18,内,53,,53,"調教師○,馬主○",52,4%,6%,8%,中竹和也,大山ヒルズ,2,370,10 %,17 %,26 %,,,,,牡,2,普,普,中標,○,,,,マニングス,5,20%,20%,20%,,52(栗坂),35,坂路平均,https://stride.get-luck.jp/member/race_viewer_test.php?racedate=20260829&racekey=07263302&jo=1&idpm=iFT66JycF8pFY,PASS
2026-08-29,中京,2,202607030302,07263302,10:25,2R ダ1800 ２歳未勝利 10:25,10,ミリオンカラー,国分優作,17.8,8,中速バランス,,54,Ｄ,Ｄ,8,17,39,-18,7,0%,51 (5),49 (7),48 (7),48 (8),50 (7),5,16,内,7,15,最内,8,19,最内,55,[続][瞬],42,コース×,92,1%,4%,13%,北出成人,島上牧場,2,1,0 %,0 %,0 %,,,,,牝,2,普,普,中標,○,大トビ,,,カラヴァッジオ,3,0%,0%,0%,,58(栗坂),39,坂路平均,https://stride.get-luck.jp/member/race_viewer_test.php?racedate=20260829&racekey=07263302&jo=1&idpm=iFT66JycF8pFY,PASS
2026-08-29,中京,2,202607030302,07263302,10:25,2R ダ1800 ２歳未勝利 10:25,11,ソリドゥス,秋山稔樹,7.0,3,高速瞬発,,65,Ｃ,Ｄ,5,24,41,-9,2,100%,67 (2),61 (1),41 (10),36 (11),40 (10),1,0,最内,2,0,最内,5,15,最内,55,[追][久],25,コース×,66,2%,6%,14%,安達昭夫,キャニオンファーム土山,3,2,0 %,0 %,0 %,,,,,牡,2,普,普,中標,○,ダ大丈夫,,,アジアエクスプレス,158,7%,18%,23%,,62(栗坂),41,坂路平均,https://stride.get-luck.jp/member/race_viewer_test.php?racedate=20260829&racekey=07263302&jo=1&idpm=iFT66JycF8pFY,PASS
2026-08-29,中京,2,202607030302,07263302,10:25,2R ダ1800 ２歳未勝利 10:25,12,ジュンヴァグネル,幸英明,14.5,7,中速瞬発,,60,Ｄ,Ａ,6,21,26,-27,11,0%,40 (10),41 (10),52 (5),55 (5),56 (3),11,27,中,10,27,最内,6,17,中,55,[追][久][続],46,"コース○,枠脚質×,直近○",198,8%,14%,26%,浜田多実雄,ノーザンＦしがらき,1,42,2 %,5 %,7 %,1,0%,0%,0 %,牡,2,普,普,中標,○,,,,ジャスタウェイ,219,6%,16%,22%,63(栗坂),44(栗坂),26,坂路平均,https://stride.get-luck.jp/member/race_viewer_test.php?racedate=20260829&racekey=07263302&jo=1&idpm=iFT66JycF8pFY,PASS
2026-08-29,中京,3,202607030303,07263303,10:55,3R 芝1400 ２歳新馬 10:55,1,クリノライジング,田口貫太,30.8,10,,,42,Ｄ,Ｄ,9,19,35,-20,9,,37 (10),41 (10),54 (6),46 (6),39 (10),12,13,最内,11,15,内,9,21,内,55,,45,"調教師○,コース×,直近▲",30,7%,7%,10%,大橋勇樹,三重ホースＴＣ,1,291,2 %,9 %,16 %,,,,,牝,2,,,,,,,,イスラボニータ,145,10%,22%,32%,46(ＣＷ),49(ＣＷ),35,併用平均,https://stride.get-luck.jp/member/race_viewer_test.php?racedate=20260829&racekey=07263303&jo=1&idpm=iFT66JycF8pFY,PASS
2026-08-29,中京,3,202607030303,07263303,10:55,3R 芝1400 ２歳新馬 10:55,2,ワンキャンパス,長岡禎仁,40.6,11,,,41,Ｄ,Ｄ,10,18,36,-20,10,,37 (9),41 (9),54 (7),46 (7),39 (12),9,11,最内,9,14,最内,10,22,中,55,[続],46,馬主○,31,6%,6%,6%,深山雅史,ＫＳトレーニングＣ,1,343,4 %,8 %,13 %,,,,,牝,2,,,,,,,,ビッグアーサー,75,3%,9%,21%,46(南Ｗ),49(南Ｗ),36,併用平均,https://stride.get-luck.jp/member/race_viewer_test.php?racedate=20260829&racekey=07263303&jo=1&idpm=iFT66JycF8pFY,PASS
2026-08-29,中京,3,202607030303,07263303,10:55,3R 芝1400 ２歳新馬 10:55,3,パルフェクシオン,田山旺佑,3.2,1,,,113,ＡＡ,Ｓ,1,45,48,19,1,,61 (1),64 (2),57 (4),64 (2),65 (2),2,0,内,2,0,内,1,0,内,54,,49,直近○,17,12%,18%,24%,大久保龍志,大山ヒルズ,1,97,13 %,24 %,33 %,,,,,牝,2,,,,,,,,キズナ,417,12%,20%,29%,44(栗Ｐ),71(栗坂),48,坂路平均,https://stride.get-luck.jp/member/race_viewer_test.php?racedate=20260829&racekey=07263303&jo=1&idpm=iFT66JycF8pFY,PASS
2026-08-29,中京,3,202607030303,07263303,10:55,3R 芝1400 ２歳新馬 10:55,4,リムリックアイル,川田将雅,3.3,2,,,96,ＡＡ,Ａ,2,37,41,4,3,,57 (4),62 (3),61 (1),62 (3),58 (3),5,2,内,4,2,最内,2,5,内,55,[先][追],69,"馬主○,コース○,直近×",47,26%,53%,64%,藤野健太,ノーザンＦしがらき,1,18,0 %,6 %,11 %,,,,,牝,2,,,,,,,,シスキン,17,6%,24%,35%,53(ＣＷ),55(ＣＷ),41,併用平均,https://stride.get-luck.jp/member/race_viewer_test.php?racedate=20260829&racekey=07263303&jo=1&idpm=iFT66JycF8pFY,PASS
2026-08-29,中京,3,202607030303,07263303,10:55,3R 芝1400 ２歳新馬 10:55,5,ビンチャリ,岩田望来,8.2,4,,,80,Ｂ,Ｓ,4,39,37,2,4,,59 (3),62 (4),59 (3),61 (4),58 (4),3,1,中,3,1,中,4,10,中,55,[続][瞬],51,"調教師○,コース×,直近×",69,13%,32%,36%,千田輝彦,ダーレー・ジャパン岡山,1,17,6 %,18 %,24 %,,,,,牝,2,,,,,,,,モーリス,338,10%,17%,28%,25(ＣＷ),57(ＣＷ),37,併用終い重点,https://stride.get-luck.jp/member/race_viewer_test.php?racedate=20260829&racekey=07263303&jo=1&idpm=iFT66JycF8pFY,PASS
2026-08-29,中京,3,202607030303,07263303,10:55,3R 芝1400 ２歳新馬 10:55,6,ジーティーハルカゼ,西村淳也,11.9,6,,,76,Ｂ,Ｓ,5,30,28,-16,6,,56 (5),49 (6),39 (10),45 (9),53 (6),4,2,最内,5,6,最内,5,11,最内,55,[先][追][瞬],61,"コース○,直近○",60,10%,30%,37%,辻野泰之,ノーザンＦしがらき,1,92,9 %,17 %,27 %,,,,,牝,2,,,,,,,,アドマイヤマーズ,47,13%,23%,26%,45(ＣＷ),37(栗坂),28,併用平均,https://stride.get-luck.jp/member/race_viewer_test.php?racedate=20260829&racekey=07263303&jo=1&idpm=iFT66JycF8pFY,PASS
2026-08-29,中京,3,202607030303,07263303,10:55,3R 芝1400 ２歳新馬 10:55,7,サルーミアモール,坂井瑠星,9.2,5,,,72,Ｃ,Ｓ,6,32,39,-3,5,,56 (6),49 (5),39 (9),45 (10),53 (5),6,3,中,6,7,内,6,12,内,55,[先][続][瞬],65,"コース○,直近◎",53,19%,21%,36%,加藤士津八,山元トレセン,1,72,8 %,14 %,22 %,,,,,牝,2,,,,,,,,ドレフォン,93,6%,15%,22%,54(南Ｗ),62(美坂),39,坂路平均,https://stride.get-luck.jp/member/race_viewer_test.php?racedate=20260829&racekey=07263303&jo=1&idpm=iFT66JycF8pFY,PASS
2026-08-29,中京,3,202607030303,07263303,10:55,3R 芝1400 ２歳新馬 10:55,8,インティサール,幸英明,4.2,3,,,96,ＡＡ,Ａ,3,42,41,9,2,,60 (2),64 (1),59 (2),65 (1),65 (1),1,0,最内,1,0,最内,3,5,最内,55,[追][久][続],45,"馬主○,コース×,直近○",69,4%,9%,17%,杉山佳明,ノーザンＦしがらき,1,117,10 %,19 %,29 %,,,,,牝,2,,,,,,,,バーイード,,,,,46(ＣＷ),57(栗坂),41,坂路平均,https://stride.get-luck.jp/member/race_viewer_test.php?racedate=20260829&racekey=07263303&jo=1&idpm=iFT66JycF8pFY,PASS
2026-08-29,中京,3,202607030303,07263303,10:55,3R 芝1400 ２歳新馬 10:55,9,マイフレダ,秋山稔樹,21.0,7,,,43,Ｄ,Ｄ,8,23,35,-16,7,,52 (7),43 (7),35 (12),37 (11),46 (7),7,4,最内,7,9,最内,8,21,最内,55,[追][久],37,,36,3%,8%,17%,井上智史,キャニオンファーム土山,1,46,2 %,7 %,13 %,,,,,牝,2,,,,,,,,ダノンスマッシュ,16,0%,6%,19%,54(ＣＷ),49(栗坂),35,坂路平均,https://stride.get-luck.jp/member/race_viewer_test.php?racedate=20260829&racekey=07263303&jo=1&idpm=iFT66JycF8pFY,PASS
2026-08-29,中京,3,202607030303,07263303,10:55,3R 芝1400 ２歳新馬 10:55,10,ドリームリボン,菱田裕二,24.9,8,,,49,Ｄ,Ｄ,7,23,34,-17,8,,52 (8),43 (8),35 (11),37 (12),46 (8),8,4,内,8,9,内,7,19,内,55,[先][瞬],43,"コース×,直近▲",51,0%,14%,18%,谷潔,名張ホースランドＰ,1,15,13 %,20 %,20 %,,,,,牝,2,,,,,,,,タリスマニック,22,14%,14%,27%,57(ＣＷ),19(栗坂),34,坂路平均,https://stride.get-luck.jp/member/race_viewer_test.php?racedate=20260829&racekey=07263303&jo=1&idpm=iFT66JycF8pFY,PASS
2026-08-29,中京,3,202607030303,07263303,10:55,3R 芝1400 ２歳新馬 10:55,11,カラスアゲハ,永島まなみ,29.6,9,,,37,Ｄ,Ｄ,11,18,29,-27,11,,37 (11),41 (11),54 (8),46 (8),39 (11),11,12,内,12,15,中,11,23,大外,53,[先],50,コース○,73,8%,12%,16%,佐藤吉勝,井ノ岡ＴＣ,1,128,0 %,1 %,2 %,,,,,牝,2,,,,,,,,ワールドプレミア,2,0%,0%,0%,46(南Ｗ),36(南Ｗ),29,コース終い重点,https://stride.get-luck.jp/member/race_viewer_test.php?racedate=20260829&racekey=07263303&jo=1&idpm=iFT66JycF8pFY,PASS
2026-08-29,中京,3,202607030303,07263303,10:55,3R 芝1400 ２歳新馬 10:55,12,ウルウノマーズ,藤懸貴志,49.3,12,,,37,Ｄ,Ｄ,12,18,28,-28,12,,37 (12),41 (12),54 (5),46 (5),39 (9),10,11,中,10,14,外,12,23,外,55,[先][追][瞬],39,,23,4%,4%,4%,青木孝文,ＫＳトレーニングＣ,1,221,1 %,6 %,10 %,,,,,牝,2,,,,,,,,アドマイヤマーズ,47,13%,23%,26%,45(南Ｗ),34(南Ｗ),28,併用平均,https://stride.get-luck.jp/member/race_viewer_test.php?racedate=20260829&racekey=07263303&jo=1&idpm=iFT66JycF8pFY,PASS
2026-08-29,中京,4,202607030304,07263304,11:25,4R 芝2200 ３歳未勝利 11:25,1,タイセイグローバル,角田大和,22.6,7,中速瞬発,,50,Ｄ,Ｄ,11,39,40,-9,10,10%,58 (3),51 (8),40 (14),44 (12),49 (11),3,12,最内,3,12,内,11,10,内,57,[久],28,"枠脚質○,直近×",24,0%,8%,13%,小林真也,社台ファーム鈴鹿,2,7,0 %,14 %,14 %,3,0%,0%,0 %,牡,3,普,普,中標,○,芝向き,,,アドマイヤマーズ,4,0%,0%,0%,,35(栗坂),40,坂路平均,https://stride.get-luck.jp/member/race_viewer_test.php?racedate=20260829&racekey=07263304&jo=1&idpm=iFT66JycF8pFY,PASS
2026-08-29,中京,4,202607030304,07263304,11:25,4R 芝2200 ３歳未勝利 11:25,2,アメジストブリエ,富田暁,83.2,14,中速瞬発,,54,Ｄ,Ｄ,13,39,40,-9,11,17%,45 (11),48 (10),56 (7),52 (8),49 (10),9,20,内,11,18,外,13,11,外,55,[先][追][続][瞬],59,"調教師○,枠脚質×,直近◎",28,7%,14%,21%,武英智,キャニオンファーム土山,1,63,2 %,5 %,10 %,,,,,牝,3,普,普,小標ベ,△,砂被る×,腰甘い,,レイデオロ,31,10%,13%,16%,40(栗坂),41(栗坂),40,坂路終い重点,https://stride.get-luck.jp/member/race_viewer_test.php?racedate=20260829&racekey=07263304&jo=1&idpm=iFT66JycF8pFY,PASS
2026-08-29,中京,4,202607030304,07263304,11:25,4R 芝2200 ３歳未勝利 11:25,3,プロスト,田口貫太,25.5,9,高速持続,,69,Ｃ,Ｓ,6,48,43,3,3,14%,50 (7),64 (2),59 (4),55 (5),51 (8),8,19,中,6,15,外,6,4,大外,57,,41,"枠脚質○,直近▲",12,8%,8%,25%,梅田智之,吉澤Ｓ－ＷＥＳＴ,2,133,5 %,9 %,19 %,1,0%,0%,0 %,牡,3,普,普,中標,△,体質弱い,,,アルアイン,6,0%,0%,0%,,59(ＣＷ),43,コース平均,https://stride.get-luck.jp/member/race_viewer_test.php?racedate=20260829&racekey=07263304&jo=1&idpm=iFT66JycF8pFY,PASS
2026-08-29,中京,4,202607030304,07263304,11:25,4R 芝2200 ３歳未勝利 11:25,4,ヴィスメンティス,吉村誠之助,17.2,6,中速瞬発,,57,Ｄ,Ｄ,8,46,37,-5,6,0%,54 (5),54 (5),47 (10),52 (7),57 (4),5,16,最内,7,15,最内,8,8,中,57,,62,"馬主○,枠脚質×,直近◎",10,0%,10%,20%,池江泰寿,ノーザンＦしがらき,3,43,7 %,16 %,30 %,,,,,牡,3,普,普,小標ベ,△,腰甘い,,,オルフェーヴル,44,7%,11%,18%,,46(ＣＷ),37,コース終い重点,https://stride.get-luck.jp/member/race_viewer_test.php?racedate=20260829&racekey=07263304&jo=1&idpm=iFT66JycF8pFY,PASS
2026-08-29,中京,4,202607030304,07263304,11:25,4R 芝2200 ３歳未勝利 11:25,5,ジュンヴァッテッド,柴田裕一郎,108.5,16,高速バランス,,62,Ｃ,Ｓ,7,36,39,-13,13,0%,42 (14),50 (9),61 (2),51 (10),42 (15),13,24,内,12,19,内,7,6,内,55,,42,,7,0%,29%,29%,浜田多実雄,ノーザンＦしがらき,1,42,2 %,5 %,7 %,2,0%,0%,0 %,牡,3,普,普,中標,○,,,,ワールドエース,9,0%,0%,0%,51(栗坂),41(栗坂),39,坂路平均,https://stride.get-luck.jp/member/race_viewer_test.php?racedate=20260829&racekey=07263304&jo=1&idpm=iFT66JycF8pFY,PASS
2026-08-29,中京,4,202607030304,07263304,11:25,4R 芝2200 ３歳未勝利 11:25,6,カパルア,太宰啓介,52.5,12,中速バランス,カスリ,28,Ｄ,Ｄ,16,23,39,-26,15,0%,76 (1),68 (1),27 (16),21 (16),21 (16),1,0,最内,1,0,最内,16,17,最内,57,[先][瞬],56,馬主○,6,0%,0%,0%,松永幹夫,社台ファーム鈴鹿,1,50,6 %,16 %,26 %,3,0%,0%,33 %,牡,3,長,長,中標,△,スタミ○,大トビ,一本調子,ブリックスアンドモルタル,27,7%,15%,26%,55(ＣＷ),44(栗坂),39,併用平均,https://stride.get-luck.jp/member/race_viewer_test.php?racedate=20260829&racekey=07263304&jo=1&idpm=iFT66JycF8pFY,PASS
2026-08-29,中京,4,202607030304,07263304,11:25,4R 芝2200 ３歳未勝利 11:25,7,クールドリオン,団野大成,10.7,5,中速バランス,カスリ,72,Ｃ,Ｓ,4,41,50,3,4,0%,47 (9),53 (6),56 (6),55 (4),54 (6),10,21,最内,9,17,内,4,3,外,57,[追],44,"枠脚質○,直近▲",30,7%,10%,17%,庄野靖志,キャニオンファーム土山,1,126,13 %,21 %,32 %,2,0%,0%,50 %,牡,3,普,普,中標,○,,,,スワーヴリチャード,7,0%,43%,43%,62(栗坂),72(栗坂),50,坂路平均,https://stride.get-luck.jp/member/race_viewer_test.php?racedate=20260829&racekey=07263304&jo=1&idpm=iFT66JycF8pFY,PASS
2026-08-29,中京,4,202607030304,07263304,11:25,4R 芝2200 ３歳未勝利 11:25,8,スクランプシャス,菱田裕二,6.7,3,中速バランス,カスリ,77,Ｂ,Ａ,2,46,49,7,1,0%,55 (4),52 (7),44 (12),52 (6),59 (2),4,15,中,4,14,中,2,2,中,57,[先][瞬],53,"枠脚質○,直近▲",32,6%,9%,19%,橋口慎介,社台ファーム鈴鹿,2,1,0 %,0 %,0 %,,,,,牡,3,普,普,中標,△,フワフワ,ブ効果○,集中力×,シルバーステート,25,16%,24%,32%,,61(栗坂),49,坂路平均,https://stride.get-luck.jp/member/race_viewer_test.php?racedate=20260829&racekey=07263304&jo=1&idpm=iFT66JycF8pFY,PASS
2026-08-29,中京,4,202607030304,07263304,11:25,4R 芝2200 ３歳未勝利 11:25,9,サンタカタリナ,松若風馬,25.4,8,中速底力,,53,Ｄ,Ｄ,9,39,36,-13,12,50%,54 (6),47 (11),43 (13),43 (15),45 (13),6,16,内,5,15,内,9,9,外,55,[先][追][瞬],64,"調教師○,枠脚質○,直近○",28,0%,4%,7%,杉山晴紀,グリーンウッド,1,197,14 %,28 %,40 %,2,0%,0%,0 %,牝,3,普,普,中標ベ,△,立回り×,府中向き,,スワーヴリチャード,7,0%,43%,43%,56(ＣＷ),46(ＣＷ),36,併用終い重点,https://stride.get-luck.jp/member/race_viewer_test.php?racedate=20260829&racekey=07263304&jo=1&idpm=iFT66JycF8pFY,PASS
2026-08-29,中京,4,202607030304,07263304,11:25,4R 芝2200 ３歳未勝利 11:25,10,テイエムプレミラン,森田誠也,51.5,11,中速底力,,52,Ｄ,Ｄ,10,40,43,-5,7,11%,42 (13),54 (4),63 (1),59 (3),54 (5),12,23,最内,8,17,中,10,9,大外,54,,44,,2,0%,50%,50%,宮地貴稔,グリーンウッド,6,,,,,,,,,牡,3,普,普,中標,○,集中力×,芝大丈夫,スタミ○,ダノンプレミアム,,,,,,53(栗坂),43,坂路テン重点,https://stride.get-luck.jp/member/race_viewer_test.php?racedate=20260829&racekey=07263304&jo=1&idpm=iFT66JycF8pFY,PASS
2026-08-29,中京,4,202607030304,07263304,11:25,4R 芝2200 ３歳未勝利 11:25,11,パシフィックドーン,西村淳也,9.3,4,,,73,Ｃ,Ｓ,3,31,44,-13,14,,49 (8),41 (14),46 (11),44 (13),43 (14),7,19,最内,10,18,最内,3,3,最内,57,[先][追][瞬],59,直近○,38,16%,32%,37%,池添学,ノーザンＦしがらき,1,639,13 %,24 %,35 %,,,,,牡,3,,,,,,,,ハービンジャー,61,10%,16%,30%,53(ＣＷ),51(栗坂),44,併用平均,https://stride.get-luck.jp/member/race_viewer_test.php?racedate=20260829&racekey=07263304&jo=1&idpm=iFT66JycF8pFY,PASS
2026-08-29,中京,4,202607030304,07263304,11:25,4R 芝2200 ３歳未勝利 11:25,12,チュオンソン,酒井学,42.6,10,中速瞬発,,56,Ｄ,Ｄ,12,39,42,-7,8,0%,39 (15),41 (15),59 (3),60 (2),59 (3),15,25,最内,15,22,最内,12,11,大外,57,[先][追],45,枠脚質○,22,5%,18%,27%,昆貢,グリーンウッド,5,,,,,,,,,牡,3,短,短,中標ベ,△,半周向き,コーナ×,Ｒ中頭高,ウインブライト,1,0%,0%,0%,,49(栗坂),42,坂路平均,https://stride.get-luck.jp/member/race_viewer_test.php?racedate=20260829&racekey=07263304&jo=1&idpm=iFT66JycF8pFY,PASS
2026-08-29,中京,4,202607030304,07263304,11:25,4R 芝2200 ３歳未勝利 11:25,13,マイコンプリート,岩田望来,1.9,1,中速瞬発,,88,Ａ,Ｃ,1,47,47,6,2,100%,43 (12),47 (12),58 (5),65 (1),67 (1),14,24,中,13,20,中,1,0,内,57,[続][瞬],54,"枠脚質○,直近×",44,7%,16%,30%,友道康夫,ノーザンＦしがらき,2,219,12 %,21 %,32 %,,,,,セ,3,普,普,中標,○,,,,エピファネイア,78,9%,21%,29%,,58(ＣＷ),47,コース平均,https://stride.get-luck.jp/member/race_viewer_test.php?racedate=20260829&racekey=07263304&jo=1&idpm=iFT66JycF8pFY,PASS
2026-08-29,中京,4,202607030304,07263304,11:25,4R 芝2200 ３歳未勝利 11:25,14,マテンロウルクス,中井裕二,68.7,13,超低速底力,,35,Ｄ,Ｄ,15,26,33,-29,16,50%,37 (16),25 (16),51 (9),49 (11),48 (12),16,27,最内,16,26,最内,15,15,内,57,[続][瞬],40,,7,0%,0%,0%,藤原英昭,ノーザンＦしがらき,1,331,13 %,21 %,31 %,3,0%,0%,0 %,牡,3,普,普,中標,△,ダ向き,,,リオンリオン,,,,,58(ＣＷ),35(ＣＷ),33,コース終い重点,https://stride.get-luck.jp/member/race_viewer_test.php?racedate=20260829&racekey=07263304&jo=1&idpm=iFT66JycF8pFY,PASS
2026-08-29,中京,4,202607030304,07263304,11:25,4R 芝2200 ３歳未勝利 11:25,15,レイアン,Ｍ．デムーロ,91.3,15,中速瞬発,,43,Ｄ,Ｄ,14,38,43,-7,9,0%,45 (10),44 (13),53 (8),52 (9),51 (7),11,22,内,14,20,最内,14,12,中,55,[先][追][瞬],57,枠脚質×,18,11%,22%,33%,笹田和秀,ノーザンＦしがらき,2,1,0 %,0 %,0 %,1,0%,0%,0 %,牝,3,短,短,中標,○,,,,サートゥルナーリア,16,19%,31%,31%,37(栗坂),54(栗坂),43,併用平均,https://stride.get-luck.jp/member/race_viewer_test.php?racedate=20260829&racekey=07263304&jo=1&idpm=iFT66JycF8pFY,PASS
2026-08-29,中京,4,202607030304,07263304,11:25,4R 芝2200 ３歳未勝利 11:25,16,ナムラヴンダー,幸英明,5.7,2,中速瞬発,,71,Ｃ,Ｂ,5,41,44,-3,5,8%,63 (2),59 (3),38 (15),44 (14),50 (9),2,10,最内,2,11,最内,5,4,内,57,[追][久][続],53,"枠脚質○,直近○",47,2%,15%,23%,河嶋宏樹,宇治田原優駿Ｓ,3,8,25 %,25 %,38 %,2,0%,0%,50 %,牡,3,短,短,中標,○,ソラ使う,広馬場向,口向悪い,キセキ,3,0%,33%,33%,,43(栗坂),44,坂路平均,https://stride.get-luck.jp/member/race_viewer_test.php?racedate=20260829&racekey=07263304&jo=1&idpm=iFT66JycF8pFY,PASS
2026-08-29,中京,5,202607030305,07263305,11:55,5R 芝2000 ３歳未勝利(無料開放レース) 11:55,1,ワンダーデリエール,田山旺佑,8.5,4,中速瞬発,,74,Ｂ,Ｓ,4,51,43,6,1,0%,35 (13),57 (3),70 (1),70 (1),64 (2),13,24,最内,9,17,中,4,12,外,54,,50,直近○,27,4%,22%,30%,小崎憲,キャニオンファーム土山,1,52,12 %,19 %,25 %,,,,,牝,3,普,普,中標,○,少頭数○,大トビ,芝大丈夫,ダノンプレミアム,20,5%,15%,20%,,71(栗坂),43,坂路平均,https://stride.get-luck.jp/member/race_viewer_test.php?racedate=20260829&racekey=07263305&jo=1&idpm=iFT66JycF8pFY,PASS
2026-08-29,中京,5,202607030305,07263305,11:55,5R 芝2000 ３歳未勝利(無料開放レース) 11:55,2,リアライズアリス,松若風馬,24.2,8,高速持続,,59,Ｄ,Ｄ,8,42,40,-6,6,0%,56 (4),43 (11),39 (12),49 (7),62 (3),4,8,内,10,18,外,8,16,外,55,[先][追][瞬],57,"調教師○,コース×,枠脚質×,直近○",72,6%,21%,28%,杉山晴紀,グリーンウッド,1,197,14 %,28 %,40 %,,,,,牝,3,普,普,小標,○,左モタレ,,,エピファネイア,467,9%,19%,27%,50(栗坂),52(栗坂),40,坂路平均,https://stride.get-luck.jp/member/race_viewer_test.php?racedate=20260829&racekey=07263305&jo=1&idpm=iFT66JycF8pFY,PASS
2026-08-29,中京,5,202607030305,07263305,11:55,5R 芝2000 ３歳未勝利(無料開放レース) 11:55,3,サンスベリア,中井裕二,47.4,12,中速瞬発,,29,Ｄ,Ｄ,13,22,38,-28,12,0%,38 (12),37 (12),54 (4),45 (9),36 (13),12,22,最内,13,22,最内,13,25,最内,55,[続][瞬],53,枠脚質○,22,0%,5%,5%,牧田和弥,チャンピオンヒルズ,1,7,0 %,0 %,0 %,,,,,牝,3,普,普,中標,○,,,,サートゥルナーリア,91,14%,24%,31%,35(ＣＷ),41(栗坂),38,併用終い重点,https://stride.get-luck.jp/member/race_viewer_test.php?racedate=20260829&racekey=07263305&jo=1&idpm=iFT66JycF8pFY,PASS
2026-08-29,中京,5,202607030305,07263305,11:55,5R 芝2000 ３歳未勝利(無料開放レース) 11:55,4,コスモフィレンツェ,幸英明,4.8,2,高速持続,,80,Ｂ,ＡＡ,3,45,48,5,2,0%,70 (1),70 (1),41 (10),41 (11),43 (10),1,0,最内,1,0,最内,3,10,最内,57,[追][久][続],47,"コース×,直近○",129,5%,16%,29%,北出成人,信楽牧場,3,46,7 %,22 %,35 %,,,,,牡,3,普,普,中標,△,右モタレ,平坦向き,一頭気抜,コントレイル,54,11%,33%,39%,,59(栗坂),48,坂路終い重点,https://stride.get-luck.jp/member/race_viewer_test.php?racedate=20260829&racekey=07263305&jo=1&idpm=iFT66JycF8pFY,PASS
2026-08-29,中京,5,202607030305,07263305,11:55,5R 芝2000 ３歳未勝利(無料開放レース) 11:55,5,クランズクラウン,泉谷楓真,14.5,6,中速持続,,68,Ｃ,Ｓ,6,42,37,-9,8,17%,43 (10),44 (10),53 (6),60 (2),65 (1),11,19,最内,8,17,内,6,14,中,55,[先][追],44,枠脚質○,32,6%,6%,9%,杉山晴紀,ノーザンＦしがらき,1,321,19 %,30 %,40 %,6,0%,17%,17 %,牝,3,普,普,中標,○,ブ効果○,気悪,,アドマイヤマーズ,47,13%,23%,26%,51(栗坂),56(栗坂),37,坂路終い重点,https://stride.get-luck.jp/member/race_viewer_test.php?racedate=20260829&racekey=07263305&jo=1&idpm=iFT66JycF8pFY,PASS
2026-08-29,中京,5,202607030305,07263305,11:55,5R 芝2000 ３歳未勝利(無料開放レース) 11:55,6,パンキー,西村淳也,7.3,3,高速バランス,,88,Ａ,Ｓ,2,42,44,-2,5,0%,43 (9),54 (5),60 (2),60 (3),57 (4),9,16,内,5,15,中,2,8,中,57,[先][追][瞬],53,"コース×,枠脚質○,直近○",88,10%,22%,31%,茶木太樹,チャンピオンヒルズ,1,41,7 %,12 %,20 %,,,,,牡,3,普,普,中標,○,併せ形○,瞬発力×,腰甘い,ウインブライト,32,0%,13%,28%,56(ＣＷ),48(栗坂),44,坂路平均,https://stride.get-luck.jp/member/race_viewer_test.php?racedate=20260829&racekey=07263305&jo=1&idpm=iFT66JycF8pFY,PASS
2026-08-29,中京,5,202607030305,07263305,11:55,5R 芝2000 ３歳未勝利(無料開放レース) 11:55,7,スリーキズナヒメ,永島まなみ,35.1,10,中速瞬発,,30,Ｄ,Ｄ,12,23,26,-39,13,25%,62 (2),45 (9),34 (13),33 (13),37 (12),2,7,中,12,19,内,12,25,中,53,[先],40,"コース×,枠脚質×",74,4%,5%,11%,橋田宜長,キャニオンファーム土山,1,6,33 %,33 %,33 %,,,,,牝,3,普,普,中標,○,,,,キズナ,417,12%,20%,29%,,50(栗坂),26,坂路平均,https://stride.get-luck.jp/member/race_viewer_test.php?racedate=20260829&racekey=07263305&jo=1&idpm=iFT66JycF8pFY,PASS
2026-08-29,中京,5,202607030305,07263305,11:55,5R 芝2000 ３歳未勝利(無料開放レース) 11:55,8,ゴールデンテティス,加藤祥太,8.6,5,中速底力,,72,Ｃ,Ｓ,5,43,44,-1,4,25%,50 (6),56 (4),54 (5),55 (4),55 (5),6,13,最内,3,11,最内,5,12,内,55,[先][続][瞬],37,,10,0%,0%,0%,庄野靖志,宇治田原優駿Ｓ,5,2,0 %,0 %,0 %,,,,,牝,3,普,普,中標,○,広馬場向,,,リアルスティール,137,7%,16%,25%,38(栗坂),52(栗坂),44,坂路平均,https://stride.get-luck.jp/member/race_viewer_test.php?racedate=20260829&racekey=07263305&jo=1&idpm=iFT66JycF8pFY,PASS
2026-08-29,中京,5,202607030305,07263305,11:55,5R 芝2000 ３歳未勝利(無料開放レース) 11:55,9,ウインリーブル,国分優作,40.6,11,,,32,Ｄ,Ｄ,11,23,40,-25,11,,48 (8),32 (13),40 (11),39 (12),41 (11),8,15,最内,11,19,最内,11,24,内,55,[続][瞬],48,,47,2%,4%,9%,緒方努,コスモヴューＦ,1,3,0 %,0 %,0 %,,,,,牝,3,,,,,,,,ゴールドシップ,162,4%,12%,19%,53(栗坂),53(ＣＷ),40,坂路平均,https://stride.get-luck.jp/member/race_viewer_test.php?racedate=20260829&racekey=07263305&jo=1&idpm=iFT66JycF8pFY,PASS
2026-08-29,中京,5,202607030305,07263305,11:55,5R 芝2000 ３歳未勝利(無料開放レース) 11:55,10,ビクスバイト,川田将雅,2.0,1,低速持続,カスリ,122,ＡＡ,Ｂ,1,42,46,0,3,25%,59 (3),60 (2),47 (8),48 (8),50 (7),3,8,最内,2,7,最内,1,0,内,55,[先][追],76,"コース○,枠脚質×,直近×",108,32%,55%,68%,佐藤悠太,ノーザンＦしがらき,1,63,17 %,30 %,37 %,3,0%,33%,100 %,牝,3,普,普,小ベ,△,右モタレ,瞬発力×,,サトノダイヤモンド,113,7%,11%,17%,37(栗坂),54(ＣＷ),46,併用終い重点,https://stride.get-luck.jp/member/race_viewer_test.php?racedate=20260829&racekey=07263305&jo=1&idpm=iFT66JycF8pFY,PASS
2026-08-29,中京,5,202607030305,07263305,11:55,5R 芝2000 ３歳未勝利(無料開放レース) 11:55,11,ラピス,団野大成,20.4,7,中速瞬発,,59,Ｄ,Ｄ,7,41,41,-6,7,50%,49 (7),47 (8),49 (7),51 (6),52 (6),7,14,内,6,15,内,7,16,内,55,[追],46,"コース○,枠脚質×,直近▲",91,8%,16%,24%,安田翔伍,大山ヒルズ,4,2,50 %,50 %,50 %,,,,,牝,3,普,普,中標,△,口向悪い,,,コントレイル,54,11%,33%,39%,51(栗坂),43(ＣＷ),41,併用平均,https://stride.get-luck.jp/member/race_viewer_test.php?racedate=20260829&racekey=07263305&jo=1&idpm=iFT66JycF8pFY,PASS
2026-08-29,中京,5,202607030305,07263305,11:55,5R 芝2000 ３歳未勝利(無料開放レース) 11:55,12,クラリノ,高倉稜,34.5,9,中速底力,,43,Ｄ,Ｄ,10,35,40,-13,9,50%,53 (5),51 (7),47 (9),45 (10),45 (8),5,12,内,4,13,最内,10,21,最内,55,[先][追][瞬],42,調教師○,24,0%,8%,21%,武英智,キャニオンファーム土山,1,63,2 %,5 %,10 %,2,0%,0%,0 %,牝,3,短,短,小標,△,,,,サトノクラウン,81,0%,4%,9%,45(栗坂),40(ＣＷ),40,坂路終い重点,https://stride.get-luck.jp/member/race_viewer_test.php?racedate=20260829&racekey=07263305&jo=1&idpm=iFT66JycF8pFY,PASS
2026-08-29,中京,5,202607030305,07263305,11:55,5R 芝2000 ３歳未勝利(無料開放レース) 11:55,13,プリティウーマン,富田暁,58.6,13,低速瞬発,カスリ,45,Ｄ,Ｄ,9,35,40,-13,10,0%,43 (11),53 (6),60 (3),53 (5),44 (9),10,17,最内,7,16,最内,9,20,内,55,[先][追][続][瞬],56,"枠脚質○,直近◎",63,5%,10%,17%,高橋一哉,宇治田原優駿Ｓ,1,95,6 %,13 %,18 %,2,0%,0%,0 %,牝,3,短,短,細標ベ,△,行たがる,腰甘い,,コントレイル,54,11%,33%,39%,46(栗坂),52(栗坂),40,坂路テン重点,https://stride.get-luck.jp/member/race_viewer_test.php?racedate=20260829&racekey=07263305&jo=1&idpm=iFT66JycF8pFY,PASS
2026-08-29,中京,6,202607030306,07263306,15:00,6R ダ1200 清洲特別 2勝クラス WIN5 15:00,1,フィドルファドル,川田将雅,4.1,3,中速スタミナ,ピッタリ,76,Ｂ,Ｃ,4,54,71,7,1,10%,28 (13),51 (7),78 (1),74 (1),48 (8),13,15,最内,13,11,最内,4,6,中,56,[先][追],58,"馬主○,枠脚質×,直近×",29,28%,48%,52%,矢作芳人,ノーザンＦしがらき,1,356,12 %,21 %,31 %,9,11%,22%,44 %,牝,4,短,短,細ベ,○,完歩小さ,中京向き,腰甘い,サトノアラジン,29,3%,17%,38%,82(栗坂),49(栗坂),71,坂路終い重点,https://stride.get-luck.jp/member/race_viewer_test.php?racedate=20260829&racekey=07263306&jo=1&idpm=iFT66JycF8pFY,PASS
2026-08-29,中京,6,202607030306,07263306,15:00,6R ダ1200 清洲特別 2勝クラス WIN5 15:00,2,ザウリ,田口貫太,23.3,7,高速スタミナ,カスリ,49,Ｄ,Ｄ,10,47,58,-13,11,22%,58 (3),53 (5),43 (12),45 (9),52 (6),3,2,内,5,2,最内,10,14,最内,58,,41,"枠脚質○,直近▲",26,8%,15%,19%,森田直行,吉澤Ｓ－ＷＥＳＴ,1,129,2 %,9 %,22 %,18,0%,17%,61 %,牡,7,普,普,小標ベ,○,終い確実,馬込平気,使込○,ビッグアーサー,51,4%,10%,14%,,51(ＣＷ),58,併用平均,https://stride.get-luck.jp/member/race_viewer_test.php?racedate=20260829&racekey=07263306&jo=1&idpm=iFT66JycF8pFY,PASS
2026-08-29,中京,6,202607030306,07263306,15:00,6R ダ1200 清洲特別 2勝クラス WIN5 15:00,3,オコタンペ,富田暁,30.1,9,中速底力,カスリ,71,Ｃ,Ｓ,5,54,55,-9,7,30%,49 (10),51 (6),52 (3),57 (3),60 (4),11,8,最内,10,4,内,5,8,大外,58,[先][追][続][瞬],51,"枠脚質×,直近◎",56,7%,16%,20%,須貝尚介,ノーザンＦしがらき,2,149,7 %,21 %,29 %,6,0%,17%,33 %,牡,5,短,短,中ベ,○,展開待ち,荒馬場○,後行く○,ニューイヤーズデイ,32,13%,28%,38%,,53(栗坂),55,坂路平均,https://stride.get-luck.jp/member/race_viewer_test.php?racedate=20260829&racekey=07263306&jo=1&idpm=iFT66JycF8pFY,PASS
2026-08-29,中京,6,202607030306,07263306,15:00,6R ダ1200 清洲特別 2勝クラス WIN5 15:00,4,シルフズミスチーフ,岩田望来,3.6,1,中速スタミナ,ピッタリ,87,Ｂ,Ｓ,2,56,62,0,2,12%,57 (4),56 (4),48 (7),52 (5),58 (5),2,2,最内,1,0,内,2,3,内,56,[続][瞬],53,"コース×,枠脚質×,直近×",86,15%,28%,40%,池江泰寿,ノーザンＦしがらき,1,464,12 %,23 %,31 %,10,10%,20%,40 %,牝,4,短,短,小ベ,◎,砂被る×,時計掛○,左回り○,イントゥミスチーフ,13,23%,46%,54%,56(ＣＷ),55(栗坂),62,併用平均,https://stride.get-luck.jp/member/race_viewer_test.php?racedate=20260829&racekey=07263306&jo=1&idpm=iFT66JycF8pFY,PASS
2026-08-29,中京,6,202607030306,07263306,15:00,6R ダ1200 清洲特別 2勝クラス WIN5 15:00,5,ルクスレイモンド,坂井瑠星,3.8,2,中速底力,カスリ,84,Ｂ,Ｂ,3,53,59,-6,6,0%,61 (1),58 (3),43 (11),42 (10),45 (9),1,0,最内,4,0,最内,3,4,最内,56,[先][続][瞬],63,"コース○,枠脚質×,直近◎",63,19%,32%,49%,上原佑紀,吉澤Ｓ－ＥＡＳＴ,1,20,20 %,25 %,35 %,4,25%,25%,75 %,牡,3,短,短,小標ベ,△,時計速×,追頭上る,外枠○,ヘニーヒューズ,117,7%,18%,26%,66(美坂),59(美坂),59,併用平均,https://stride.get-luck.jp/member/race_viewer_test.php?racedate=20260829&racekey=07263306&jo=1&idpm=iFT66JycF8pFY,PASS
2026-08-29,中京,6,202607030306,07263306,15:00,6R ダ1200 清洲特別 2勝クラス WIN5 15:00,6,ダノンモンテローザ,田山旺佑,13.0,6,中速持続,,63,Ｃ,ＡＡ,6,53,65,0,3,8%,49 (11),50 (8),51 (5),57 (2),62 (2),6,4,内,6,2,内,6,10,内,58,,49,"枠脚質○,直近○",19,5%,32%,42%,茶木太樹,チャンピオンヒルズ,2,15,7 %,13 %,13 %,2,50%,50%,50 %,セ,5,短,普,中標,○,スタ芝×,ダ向き,気難しい,ロードカナロア,92,9%,16%,23%,43(栗坂),65(栗坂),65,坂路平均,https://stride.get-luck.jp/member/race_viewer_test.php?racedate=20260829&racekey=07263306&jo=1&idpm=iFT66JycF8pFY,PASS
2026-08-29,中京,6,202607030306,07263306,15:00,6R ダ1200 清洲特別 2勝クラス WIN5 15:00,7,ローマンレイク,角田大和,27.8,8,中速スタミナ,ピッタリ,46,Ｄ,Ｄ,12,49,56,-13,10,25%,52 (6),63 (1),60 (2),52 (6),39 (11),5,4,最内,2,0,中,12,15,中,56,[久],31,"コース×,枠脚質×,直近×",68,4%,9%,13%,松永幹夫,ノーザンＦしがらき,1,398,10 %,19 %,28 %,10,10%,10%,30 %,牝,5,短,短,小標ベ,△,一本調子,馬込み×,良脚少し,ドレフォン,87,11%,24%,33%,41(栗坂),50(栗坂),56,坂路終い重点,https://stride.get-luck.jp/member/race_viewer_test.php?racedate=20260829&racekey=07263306&jo=1&idpm=iFT66JycF8pFY,PASS
2026-08-29,中京,6,202607030306,07263306,15:00,6R ダ1200 清洲特別 2勝クラス WIN5 15:00,8,ブルーノート,松若風馬,35.2,11,低速スタミナ,カスリ,49,Ｄ,Ｄ,9,47,47,-24,13,28%,52 (5),46 (11),44 (10),51 (7),62 (1),10,6,中,7,2,外,9,14,外,58,[先][追][瞬],50,"調教師○,枠脚質○,直近○",59,10%,14%,20%,梅田智之,吉澤Ｓ－ＷＥＳＴ,1,167,5 %,11 %,16 %,4,0%,0%,25 %,牡,7,短,普,中標,◎,展開待ち,腰甘い,後行く○,コパノリッキー,67,12%,13%,18%,52(栗坂),44(栗坂),47,坂路平均,https://stride.get-luck.jp/member/race_viewer_test.php?racedate=20260829&racekey=07263306&jo=1&idpm=iFT66JycF8pFY,PASS
2026-08-29,中京,6,202607030306,07263306,15:00,6R ダ1200 清洲特別 2勝クラス WIN5 15:00,9,シアター,長岡禎仁,47.8,13,超高速スタミナ,,49,Ｄ,Ｄ,11,50,57,-11,8,15%,51 (7),46 (10),45 (9),38 (12),37 (12),8,6,最内,9,4,最内,11,14,内,56,[続],40,枠脚質○,40,8%,13%,20%,茶木太樹,チャンピオンヒルズ,1,41,7 %,12 %,20 %,2,0%,0%,0 %,牝,5,短,普,小標ベ,△,内枠○,小回向き,後行く×,リアルスティール,19,11%,16%,16%,50(栗坂),61(栗坂),57,坂路終い重点,https://stride.get-luck.jp/member/race_viewer_test.php?racedate=20260829&racekey=07263306&jo=1&idpm=iFT66JycF8pFY,PASS
2026-08-29,中京,6,202607030306,07263306,15:00,6R ダ1200 清洲特別 2勝クラス WIN5 15:00,10,リードプリンシパル,川端海翼,46.8,12,中速スタミナ,ピッタリ,63,Ｃ,Ｓ,7,55,58,-5,5,47%,60 (2),62 (2),49 (6),40 (11),33 (13),4,2,中,3,0,外,7,10,外,56,[瞬],38,,55,4%,9%,13%,天間昭一,高橋ＴＣ,1,68,0 %,1 %,4 %,,,,,牝,4,普,普,中標,△,スタ悪い,終い確実,前行く×,ストロングリターン,41,10%,12%,20%,,64(美坂),58,坂路平均,https://stride.get-luck.jp/member/race_viewer_test.php?racedate=20260829&racekey=07263306&jo=1&idpm=iFT66JycF8pFY,PASS
2026-08-29,中京,6,202607030306,07263306,15:00,6R ダ1200 清洲特別 2勝クラス WIN5 15:00,11,アオイレーギーナ,幸英明,8.7,5,超高速持続,,50,Ｄ,Ｄ,8,46,61,-11,9,55%,31 (12),26 (13),52 (4),50 (8),48 (7),12,14,内,12,10,内,8,14,大外,56,[追][久][続],52,"コース○,枠脚質×,直近○",104,8%,14%,25%,宮地貴稔,グリーンウッド,1,64,6 %,13 %,23 %,,,,,牝,4,短,短,細標ベ,○,芝ダＯＫ,高速場×,馬場良通,リアルスティール,19,11%,16%,16%,70(栗坂),65(栗坂),61,坂路テン重点,https://stride.get-luck.jp/member/race_viewer_test.php?racedate=20260829&racekey=07263306&jo=1&idpm=iFT66JycF8pFY,PASS
2026-08-29,中京,6,202607030306,07263306,15:00,6R ダ1200 清洲特別 2勝クラス WIN5 15:00,12,バッハアルプゼー,西村淳也,6.0,4,高速底力,,97,ＡＡ,Ｓ,1,57,59,-2,4,0%,51 (8),49 (9),48 (8),54 (4),61 (3),9,6,内,8,2,中,1,0,大外,58,[先][追][瞬],61,"コース×,枠脚質○,直近○",58,12%,17%,33%,橋口慎介,チャンピオンヒルズ,1,414,9 %,16 %,24 %,,,,,牡,4,普,普,中標,○,腰甘い,砂被る×,,プラクティカルジョーク,3,0%,0%,0%,66(ＣＷ),57(栗坂),59,坂路平均,https://stride.get-luck.jp/member/race_viewer_test.php?racedate=20260829&racekey=07263306&jo=1&idpm=iFT66JycF8pFY,PASS
2026-08-29,中京,6,202607030306,07263306,15:00,6R ダ1200 清洲特別 2勝クラス WIN5 15:00,13,ゲーベル,吉村誠之助,30.3,10,中速スタミナ,ピッタリ,33,Ｄ,Ｄ,13,43,53,-22,12,14%,50 (9),38 (12),38 (13),37 (13),44 (10),7,4,中,11,4,中,13,19,中,58,,62,"馬主○,直近◎",43,14%,30%,37%,渡辺薫彦,フォレストヒル,1,137,7 %,12 %,20 %,8,13%,25%,25 %,牡,5,短,短,小ベ,○,ブ逆効果,新潟向き,,ミッキーアイル,79,13%,23%,29%,59(栗坂),60(栗坂),53,坂路平均,https://stride.get-luck.jp/member/race_viewer_test.php?racedate=20260829&racekey=07263306&jo=1&idpm=iFT66JycF8pFY,PASS
2026-08-29,中京,7,202607030307,07263307,15:35,7R 芝1400 長篠ステークス 3勝クラス WIN5 15:35,1,ボンヌソワレ,川田将雅,4.1,2,超高速バランス,,81,Ｂ,Ｂ,3,60,69,3,3,7%,53 (6),61 (2),57 (5),55 (6),49 (10),8,12,中,3,9,外,3,6,外,56,[先][追],68,"馬主○,コース○,枠脚質×,直近×",47,26%,53%,64%,宮田敬介,山元トレセン,2,26,27 %,35 %,46 %,4,75%,75%,100 %,牝,4,短,短,細ベ,△,気難しい,落着ほし,芝軽い○,レイデオロ,97,9%,15%,23%,66(美坂),66(美坂),69,併用平均,https://stride.get-luck.jp/member/race_viewer_test.php?racedate=20260829&racekey=07263307&jo=1&idpm=iFT66JycF8pFY,PASS
2026-08-29,中京,7,202607030307,07263307,15:35,7R 芝1400 長篠ステークス 3勝クラス WIN5 15:35,2,ロードマイライフ,長岡禎仁,46.7,14,超高速底力,カスリ,49,Ｄ,Ｄ,11,55,58,-13,11,19%,47 (10),34 (14),39 (14),47 (10),58 (2),11,14,中,13,16,中,11,15,大外,58,[続],37,,31,6%,6%,6%,佐藤悠太,グリーンウッド,1,21,5 %,10 %,14 %,12,0%,33%,33 %,牡,5,短,短,細ベ,○,ブ効果○,時計速×,上が速×,ロードカナロア,377,13%,20%,27%,58(ＣＷ),44(ＣＷ),58,併用終い重点,https://stride.get-luck.jp/member/race_viewer_test.php?racedate=20260829&racekey=07263307&jo=1&idpm=iFT66JycF8pFY,PASS
2026-08-29,中京,7,202607030307,07263307,15:35,7R 芝1400 長篠ステークス 3勝クラス WIN5 15:35,3,ビップジーニー,田山旺佑,45.8,13,超高速持続,,67,Ｃ,Ｓ,6,54,50,-22,15,22%,57 (3),54 (6),46 (10),37 (14),34 (13),3,9,最内,4,9,最内,6,10,最内,58,,45,直近○,17,12%,18%,24%,松下武士,ノーザンＦしがらき,1,239,10 %,21 %,30 %,9,22%,33%,33 %,牡,5,短,短,中ベ,○,京都向き,腰甘い,,サトノアラジン,80,11%,18%,24%,53(栗坂),52(栗坂),50,坂路終い重点,https://stride.get-luck.jp/member/race_viewer_test.php?racedate=20260829&racekey=07263307&jo=1&idpm=iFT66JycF8pFY,PASS
2026-08-29,中京,7,202607030307,07263307,15:35,7R 芝1400 長篠ステークス 3勝クラス WIN5 15:35,4,ブルクトーア,亀田温心,19.8,7,高速バランス,,66,Ｃ,Ｓ,7,57,62,-7,6,15%,51 (8),49 (10),49 (9),54 (7),57 (4),6,11,最内,8,13,最内,7,10,内,58,[先][追][瞬],51,"馬主○,枠脚質×",34,0%,0%,6%,長谷川浩大,ノーザンＦしがらき,1,61,10 %,18 %,25 %,9,22%,44%,56 %,牡,4,短,短,小標ベ,△,物見,口向悪い,,サクソンウォリアー,18,11%,22%,39%,64(栗坂),51(栗坂),62,坂路平均,https://stride.get-luck.jp/member/race_viewer_test.php?racedate=20260829&racekey=07263307&jo=1&idpm=iFT66JycF8pFY,PASS
2026-08-29,中京,7,202607030307,07263307,15:35,7R 芝1400 長篠ステークス 3勝クラス WIN5 15:35,5,チャンネルトンネル,団野大成,5.2,3,高速瞬発,,75,Ｂ,Ｃ,4,62,63,-1,4,10%,41 (13),55 (5),64 (1),65 (1),57 (5),13,17,内,11,14,外,4,8,中,58,[追],41,"コース○,枠脚質×,直近▲",77,8%,14%,26%,福永祐一,キャニオンファーム土山,1,103,16 %,36 %,49 %,9,11%,44%,44 %,牡,5,短,短,中ベ,○,一頭気抜,広馬場向,軟ら芝×,グレーターロンドン,25,8%,16%,20%,68(ＣＷ),66(ＣＷ),63,コース平均,https://stride.get-luck.jp/member/race_viewer_test.php?racedate=20260829&racekey=07263307&jo=1&idpm=iFT66JycF8pFY,PASS
2026-08-29,中京,7,202607030307,07263307,15:35,7R 芝1400 長篠ステークス 3勝クラス WIN5 15:35,6,セシリエプラージュ,Ｍ．デムーロ,24.1,9,高速持続,カスリ,33,Ｄ,Ｄ,14,49,56,-21,13,15%,32 (15),36 (13),56 (6),58 (3),56 (6),15,20,最内,15,20,最内,14,20,最内,56,[先][追][瞬],63,"コース○,枠脚質×",27,11%,26%,41%,中村直也,社台ファーム鈴鹿,1,17,12 %,12 %,24 %,6,17%,17%,17 %,牝,5,短,短,細ベ,△,,,,ブリックスアンドモルタル,122,9%,20%,32%,42(ＣＷ),49(栗坂),56,併用平均,https://stride.get-luck.jp/member/race_viewer_test.php?racedate=20260829&racekey=07263307&jo=1&idpm=iFT66JycF8pFY,PASS
2026-08-29,中京,7,202607030307,07263307,15:35,7R 芝1400 長篠ステークス 3勝クラス WIN5 15:35,7,コト,田口貫太,23.0,8,超高速瞬発,,30,Ｄ,Ｄ,15,43,62,-21,14,21%,47 (11),50 (9),53 (8),38 (13),29 (15),9,13,最内,10,13,内,15,21,内,56,,40,"コース×,直近▲",30,7%,7%,10%,野中賢二,フォレストヒル,1,138,9 %,16 %,25 %,,,,,牝,5,短,短,中ベ,△,良脚少し,使込○,馬込平気,キズナ,417,12%,20%,29%,67(栗坂),60(栗坂),62,坂路平均,https://stride.get-luck.jp/member/race_viewer_test.php?racedate=20260829&racekey=07263307&jo=1&idpm=iFT66JycF8pFY,PASS
2026-08-29,中京,7,202607030307,07263307,15:35,7R 芝1400 長篠ステークス 3勝クラス WIN5 15:35,8,ダークエクリプス,松若風馬,45.4,12,中速バランス,,48,Ｄ,Ｄ,12,54,62,-10,8,3%,55 (5),47 (11),42 (12),43 (11),49 (11),4,10,内,6,11,最内,12,16,最内,58,[先][追][瞬],44,"コース×,枠脚質○,直近○",62,5%,15%,29%,今野貞一,宇治田原優駿Ｓ,1,215,7 %,15 %,20 %,16,13%,19%,19 %,牡,7,普,普,小ベ,○,腰甘い,,,ドゥラメンテ,283,9%,19%,28%,58(栗坂),52(栗坂),62,坂路平均,https://stride.get-luck.jp/member/race_viewer_test.php?racedate=20260829&racekey=07263307&jo=1&idpm=iFT66JycF8pFY,PASS
2026-08-29,中京,7,202607030307,07263307,15:35,7R 芝1400 長篠ステークス 3勝クラス WIN5 15:35,9,モジャーリオ,菱田裕二,27.2,10,超高速持続,,47,Ｄ,Ｄ,13,54,62,-10,9,10%,43 (12),51 (7),58 (4),58 (4),53 (8),10,14,内,9,13,中,13,17,外,58,[先][瞬],39,"コース×,枠脚質○,直近▲",51,0%,14%,18%,斎藤誠,エスティＦ小見川,1,255,9 %,15 %,25 %,9,22%,22%,33 %,牡,4,短,普,小ベ,○,完歩小さ,突っ張る,腰甘い,リオンディーズ,200,4%,14%,24%,63(美坂),65(美坂),62,坂路平均,https://stride.get-luck.jp/member/race_viewer_test.php?racedate=20260829&racekey=07263307&jo=1&idpm=iFT66JycF8pFY,PASS
2026-08-29,中京,7,202607030307,07263307,15:35,7R 芝1400 長篠ステークス 3勝クラス WIN5 15:35,10,ポッドロワール,岩田望来,3.1,1,超高速底力,カスリ,85,Ｃ,Ｓ,2,65,66,5,1,12%,48 (9),59 (3),60 (2),63 (2),58 (3),12,15,最内,5,10,内,2,4,内,58,[続][瞬],45,"コース×,枠脚質×,直近×",69,13%,32%,36%,畠山吉宏,阿見トレセン,1,171,8 %,12 %,17 %,10,20%,50%,60 %,牡,4,短,短,小標ベ,○,府中向き,左回り○,芝軽い○,レイデオロ,97,9%,15%,23%,56(南Ｗ),69(南Ｗ),66,コース平均,https://stride.get-luck.jp/member/race_viewer_test.php?racedate=20260829&racekey=07263307&jo=1&idpm=iFT66JycF8pFY,PASS
2026-08-29,中京,7,202607030307,07263307,15:35,7R 芝1400 長篠ステークス 3勝クラス WIN5 15:35,11,フライングブレード,幸英明,32.9,11,高速持続,カスリ,52,Ｄ,Ｄ,9,54,53,-19,12,17%,52 (7),58 (4),55 (7),52 (8),47 (12),7,12,内,2,9,中,9,14,中,58,[追][久][続],55,"馬主○,コース×,枠脚質○,直近○",69,4%,9%,17%,飯田祐史,宇治田原優駿Ｓ,3,9,22 %,22 %,22 %,4,25%,25%,25 %,牡,6,短,普,中標ベ,○,Ｐ遅い○,広馬場向,腰甘い,ビッグアーサー,75,3%,9%,21%,37(ＣＷ),52(栗坂),53,併用中重点,https://stride.get-luck.jp/member/race_viewer_test.php?racedate=20260829&racekey=07263307&jo=1&idpm=iFT66JycF8pFY,PASS
2026-08-29,中京,7,202607030307,07263307,15:35,7R 芝1400 長篠ステークス 3勝クラス WIN5 15:35,12,ポエットリー,富田暁,67.1,15,高速バランス,,55,Ｄ,Ｄ,8,55,62,-9,7,21%,60 (2),33 (15),26 (15),40 (12),63 (1),2,8,内,12,15,内,8,14,内,56,[先][追][続][瞬],49,"コース×,枠脚質×,直近◎",41,5%,10%,20%,平田修,社台ファーム鈴鹿,1,16,6 %,19 %,19 %,3,0%,0%,0 %,牝,5,短,普,小ベ,○,滞競馬○,時計速×,腰甘い,ダイワメジャー,172,9%,15%,21%,70(栗坂),70(栗坂),62,併用平均,https://stride.get-luck.jp/member/race_viewer_test.php?racedate=20260829&racekey=07263307&jo=1&idpm=iFT66JycF8pFY,PASS
2026-08-29,中京,7,202607030307,07263307,15:35,7R 芝1400 長篠ステークス 3勝クラス WIN5 15:35,13,ユハンヌス,吉村誠之助,14.8,6,超高速瞬発,,51,Ｄ,Ｄ,10,53,63,-10,10,11%,37 (14),45 (12),59 (3),58 (5),52 (9),14,18,最内,14,16,最内,10,15,外,58,,65,"コース○,枠脚質○,直近◎",47,11%,17%,23%,大久保龍志,ダーレー・ジャパン岡山,1,14,0 %,36 %,43 %,3,0%,0%,33 %,牡,6,短,短,小ベ,△,良脚少し,スピ有り,小回向き,フランケル,47,13%,32%,49%,56(栗坂),48(栗Ｐ),63,坂路中重点,https://stride.get-luck.jp/member/race_viewer_test.php?racedate=20260829&racekey=07263307&jo=1&idpm=iFT66JycF8pFY,PASS
2026-08-29,中京,7,202607030307,07263307,15:35,7R 芝1400 長篠ステークス 3勝クラス WIN5 15:35,14,ガンマジーティーピ,西村淳也,8.2,5,超高速持続,,74,Ｂ,Ｓ,5,59,63,-4,5,45%,55 (4),50 (8),45 (11),50 (9),55 (7),5,10,中,7,11,中,5,8,大外,58,[先][追][瞬],60,"コース○,枠脚質○,直近○",60,10%,30%,37%,渡辺薫彦,チャンピオンヒルズ,1,153,5 %,18 %,32 %,8,13%,25%,50 %,牡,4,普,普,小標ベ,○,中京向き,芝軽い○,渋馬場○,カレンブラックヒル,39,5%,5%,13%,62(ＣＷ),59(ＣＷ),63,併用終い重点,https://stride.get-luck.jp/member/race_viewer_test.php?racedate=20260829&racekey=07263307&jo=1&idpm=iFT66JycF8pFY,PASS
2026-08-29,中京,7,202607030307,07263307,15:35,7R 芝1400 長篠ステークス 3勝クラス WIN5 15:35,15,ユウファラオ,中井裕二,7.9,4,超高速スタミナ,,100,ＡＡ,Ｓ,1,57,73,4,2,9%,73 (1),68 (1),42 (13),33 (15),34 (14),1,0,最内,1,0,最内,1,0,最内,55,[続][瞬],47,,22,0%,5%,14%,森秀行,チャンピオンヒルズ,1,717,10 %,18 %,23 %,4,0%,25%,25 %,牡,3,普,普,中標ベ,○,瞬発力×,良脚長使,内枠○,アメリカンファラオ,11,9%,9%,27%,64(栗坂),68(栗坂),73,坂路平均,https://stride.get-luck.jp/member/race_viewer_test.php?racedate=20260829&racekey=07263307&jo=1&idpm=iFT66JycF8pFY,PASS
2026-08-29,中京,8,202607030308,07263308,16:10,8R 芝1400 桑名特別 2勝クラス 16:10,1,カウンティフェア,田山旺佑,34.7,12,高速底力,ピッタリ,60,Ｄ,Ａ,9,58,53,-7,7,0%,61 (2),61 (2),53 (7),43 (11),37 (13),3,2,最内,3,4,内,9,15,中,56,,53,直近○,17,12%,18%,24%,高野友和,千代田牧場,3,6,0 %,0 %,17 %,2,0%,0%,50 %,牝,4,普,普,小標,○,上が速×,前行く○,ブ効果○,サートゥルナーリア,91,14%,24%,31%,32(栗坂),47(栗坂),53,坂路終い重点,https://stride.get-luck.jp/member/race_viewer_test.php?racedate=20260829&racekey=07263308&jo=1&idpm=iFT66JycF8pFY,PASS
2026-08-29,中京,8,202607030308,07263308,16:10,8R 芝1400 桑名特別 2勝クラス 16:10,2,ツーネサーン,富田暁,17.5,7,中速底力,カスリ,69,Ｃ,Ｓ,6,58,47,-13,10,6%,52 (6),54 (5),53 (6),53 (6),51 (6),6,5,最内,6,7,最内,6,12,中,58,[先][追][続][瞬],50,"コース×,枠脚質×,直近◎",41,5%,10%,20%,矢作芳人,ノーザンＦしがらき,1,356,12 %,21 %,31 %,7,14%,57%,71 %,牡,5,短,普,小ベ,△,上が速×,腰甘い,府中向き,フランケル,47,13%,32%,49%,38(栗Ｐ),48(栗Ｐ),47,併用中重点,https://stride.get-luck.jp/member/race_viewer_test.php?racedate=20260829&racekey=07263308&jo=1&idpm=iFT66JycF8pFY,PASS
2026-08-29,中京,8,202607030308,07263308,16:10,8R 芝1400 桑名特別 2勝クラス 16:10,3,サロニコス,西村淳也,23.4,8,中速瞬発,,59,Ｄ,Ｄ,10,53,56,-9,9,15%,40 (13),46 (10),56 (3),47 (8),41 (12),9,9,最内,10,12,最内,10,15,最内,56,[先][追][瞬],61,"コース○,枠脚質×,直近○",60,10%,30%,37%,松下武士,ノーザンＦしがらき,1,239,10 %,21 %,30 %,11,18%,27%,36 %,牝,5,短,短,小ベ,○,腰甘い,右回り○,行たがる,ロードカナロア,377,13%,20%,27%,60(栗坂),61(栗坂),56,坂路終い重点,https://stride.get-luck.jp/member/race_viewer_test.php?racedate=20260829&racekey=07263308&jo=1&idpm=iFT66JycF8pFY,PASS
2026-08-29,中京,8,202607030308,07263308,16:10,8R 芝1400 桑名特別 2勝クラス 16:10,4,アムールリーベ,荻野琢真,28.7,9,超高速持続,,62,Ｃ,Ｓ,8,56,53,-9,8,40%,59 (4),50 (8),40 (12),42 (12),48 (9),5,4,中,7,7,外,8,14,外,56,[先][続][瞬],47,,7,0%,0%,0%,宮地貴稔,ノーザンＦしがらき,1,22,9 %,18 %,27 %,7,0%,0%,0 %,牝,5,普,普,中標,○,気難しい,ダート×,滞競馬○,シルバーステート,202,10%,17%,27%,70(ＣＷ),67(栗坂),53,坂路平均,https://stride.get-luck.jp/member/race_viewer_test.php?racedate=20260829&racekey=07263308&jo=1&idpm=iFT66JycF8pFY,PASS
2026-08-29,中京,8,202607030308,07263308,16:10,8R 芝1400 桑名特別 2勝クラス 16:10,5,サクラオーラ,酒井学,34.3,11,高速スタミナ,カスリ,49,Ｄ,Ｄ,11,56,44,-18,12,3%,40 (12),51 (7),63 (2),58 (4),50 (7),13,11,内,9,12,中,11,18,外,56,[先][追],47,"コース×,枠脚質○",43,2%,5%,9%,河嶋宏樹,吉澤Ｓ－ＷＥＳＴ,2,6,0 %,0 %,17 %,3,0%,0%,33 %,牝,7,短,短,小ベ,△,瞬発力×,左回り○,平坦向き,シルバーステート,202,10%,17%,27%,42(栗坂),40(ＣＷ),44,併用終い重点,https://stride.get-luck.jp/member/race_viewer_test.php?racedate=20260829&racekey=07263308&jo=1&idpm=iFT66JycF8pFY,PASS
2026-08-29,中京,8,202607030308,07263308,16:10,8R 芝1400 桑名特別 2勝クラス 16:10,6,トライアンフパス,松若風馬,5.0,2,超高速底力,カスリ,76,Ｂ,Ｃ,3,62,65,9,1,27%,50 (7),53 (6),54 (5),56 (5),55 (4),7,6,内,5,7,中,3,10,外,53,[先][追][瞬],51,"コース×,枠脚質○,直近○",62,5%,15%,29%,宮徹,グリーンＦ,2,188,6 %,12 %,18 %,1,0%,0%,0 %,牝,3,短,短,小標ベ,△,左回り○,他馬気に,恐がり,ベンバトル,23,4%,13%,26%,73(栗坂),64(栗坂),65,坂路平均,https://stride.get-luck.jp/member/race_viewer_test.php?racedate=20260829&racekey=07263308&jo=1&idpm=iFT66JycF8pFY,PASS
2026-08-29,中京,8,202607030308,07263308,16:10,8R 芝1400 桑名特別 2勝クラス 16:10,7,リアライズ,角田大和,8.1,4,超高速持続,,71,Ｃ,Ｓ,5,58,60,0,6,0%,60 (3),57 (4),47 (10),44 (10),44 (10),1,0,最内,2,3,最内,5,12,内,58,[久],31,"コース×,枠脚質×,直近×",54,0%,4%,13%,石橋守,キャニオンファーム土山,1,193,11 %,18 %,25 %,7,14%,14%,57 %,牡,6,普,普,小標,△,Ｒ中頭高,スタ良い,渋馬場×,シルバーステート,202,10%,17%,27%,51(栗坂),61(ＣＷ),60,併用終い重点,https://stride.get-luck.jp/member/race_viewer_test.php?racedate=20260829&racekey=07263308&jo=1&idpm=iFT66JycF8pFY,PASS
2026-08-29,中京,8,202607030308,07263308,16:10,8R 芝1400 桑名特別 2勝クラス 16:10,8,キャッスルレイク,田口貫太,10.6,5,中速瞬発,,74,Ｂ,Ｓ,4,62,61,5,3,14%,69 (1),67 (1),52 (8),45 (9),42 (11),2,0,内,1,0,最内,4,11,最内,56,,44,"コース×,直近▲",30,7%,7%,10%,松下武士,グリーンウッド,2,51,8 %,12 %,18 %,5,40%,40%,60 %,牝,4,短,短,小標ベ,△,荒馬場○,ダート×,腰甘い,サートゥルナーリア,91,14%,24%,31%,54(栗坂),56(栗坂),61,坂路平均,https://stride.get-luck.jp/member/race_viewer_test.php?racedate=20260829&racekey=07263308&jo=1&idpm=iFT66JycF8pFY,PASS
2026-08-29,中京,8,202607030308,07263308,16:10,8R 芝1400 桑名特別 2勝クラス 16:10,9,エーデルヴェーグ,岩田望来,6.7,3,高速瞬発,,89,Ａ,Ｓ,2,60,59,1,4,25%,38 (14),44 (12),55 (4),66 (1),68 (2),12,11,最内,12,14,最内,2,6,大外,56,[続][瞬],52,"コース×,枠脚質×,直近×",69,13%,32%,36%,田中克典,ノーザンＦしがらき,1,150,10 %,15 %,23 %,7,29%,43%,43 %,牝,4,短,短,小標,○,右モタレ,体質弱い,瞬発力○,サートゥルナーリア,91,14%,24%,31%,55(ＣＷ),42(栗Ｐ),59,コース平均,https://stride.get-luck.jp/member/race_viewer_test.php?racedate=20260829&racekey=07263308&jo=1&idpm=iFT66JycF8pFY,PASS
2026-08-29,中京,8,202607030308,07263308,16:10,8R 芝1400 桑名特別 2勝クラス 16:10,10,ワンコールアウェイ,吉村誠之助,13.2,6,超高速バランス,,67,Ｃ,ＡＡ,7,59,59,0,5,0%,41 (10),41 (13),47 (11),62 (3),69 (1),14,11,中,13,14,中,7,13,最内,56,,68,"コース○,枠脚質×,直近◎",47,11%,17%,23%,杉山晴紀,グリーンウッド,1,197,14 %,28 %,40 %,1,0%,100%,100 %,牝,4,普,普,中標,◎,道悪○,馬込平気,腰甘い,サートゥルナーリア,91,14%,24%,31%,49(栗坂),63(栗坂),59,坂路平均,https://stride.get-luck.jp/member/race_viewer_test.php?racedate=20260829&racekey=07263308&jo=1&idpm=iFT66JycF8pFY,PASS
2026-08-29,中京,8,202607030308,07263308,16:10,8R 芝1400 桑名特別 2勝クラス 16:10,11,アスクキングコング,藤懸貴志,63.5,14,超高速底力,カスリ,33,Ｄ,Ｄ,13,44,58,-16,11,14%,41 (11),26 (14),26 (14),37 (13),53 (5),11,9,中,14,17,最内,13,23,中,58,[先][追][瞬],45,枠脚質○,23,4%,4%,4%,梅田智之,宇治田原優駿Ｓ,1,154,6 %,11 %,19 %,,,,,セ,8,短,短,小標起,◎,小倉向き,上が速×,荒馬場○,ロードカナロア,377,13%,20%,27%,54(栗坂),69(栗坂),58,坂路平均,https://stride.get-luck.jp/member/race_viewer_test.php?racedate=20260829&racekey=07263308&jo=1&idpm=iFT66JycF8pFY,PASS
2026-08-29,中京,8,202607030308,07263308,16:10,8R 芝1400 桑名特別 2勝クラス 16:10,12,サヴァビアン,秋山稔樹,44.0,13,低速持続,,42,Ｄ,Ｄ,12,51,42,-25,13,6%,42 (9),45 (11),52 (9),51 (7),50 (8),10,9,内,11,13,内,12,20,内,58,[追][久],41,枠脚質×,36,3%,8%,17%,新開幸一,オークヒルファーム,1,90,3 %,3 %,8 %,2,0%,0%,0 %,牡,8,短,短,小ベ,○,一本調子,ロカ向き,鉄砲×,カレンブラックヒル,39,5%,5%,13%,49(南Ｗ),42(南Ｗ),42,コース終い重点,https://stride.get-luck.jp/member/race_viewer_test.php?racedate=20260829&racekey=07263308&jo=1&idpm=iFT66JycF8pFY,PASS
2026-08-29,中京,8,202607030308,07263308,16:10,8R 芝1400 桑名特別 2勝クラス 16:10,13,モンテディアーナ,団野大成,30.6,10,中速スタミナ,,32,Ｄ,Ｄ,14,46,40,-32,14,15%,58 (5),48 (9),38 (13),33 (14),37 (14),4,4,内,8,9,最内,14,23,最内,56,[追],43,"コース○,枠脚質×,直近▲",77,8%,14%,26%,四位洋文,ノーザンＦしがらき,2,25,20 %,36 %,44 %,2,0%,50%,100 %,牝,4,普,普,中標,○,芝ダＯＫ,後行く×,腰甘い,ドレフォン,93,6%,15%,22%,,31(ＣＷ),40,併用平均,https://stride.get-luck.jp/member/race_viewer_test.php?racedate=20260829&racekey=07263308&jo=1&idpm=iFT66JycF8pFY,PASS
2026-08-29,中京,8,202607030308,07263308,16:10,8R 芝1400 桑名特別 2勝クラス 16:10,14,ダガーリング,坂井瑠星,2.3,1,超高速バランス,,116,ＡＡ,Ｂ,1,62,64,8,2,55%,48 (8),59 (3),65 (1),63 (2),56 (3),8,7,最内,4,6,内,1,0,中,58,[先][続][瞬],66,"コース○,枠脚質×,直近◎",53,19%,21%,36%,柴田卓,キャニオンファーム土山,1,4,25 %,25 %,25 %,1,100%,100%,100 %,牡,4,短,短,中ベ,○,減量効○,腰甘い,器用さ欠,タワーオブロンドン,35,0%,9%,11%,57(栗坂),73(栗坂),64,坂路平均,https://stride.get-luck.jp/member/race_viewer_test.php?racedate=20260829&racekey=07263308&jo=1&idpm=iFT66JycF8pFY,PASS
2026-08-29,中京,9,202607030309,07263309,16:45,9R ダ1800 ３歳上１勝クラス 16:45,1,ラグナトーレ,中井裕二,18.9,9,超低速持続,ピッタリ,65,Ｃ,Ｓ,4,43,51,-10,3,8%,43 (7),33 (9),51 (6),61 (2),60 (2),7,15,内,9,7,最内,4,11,大外,56,[続][瞬],47,コース○,74,3%,8%,14%,角田晃一,宇治田原優駿Ｓ,1,180,4 %,11 %,14 %,9,0%,0%,0 %,牝,4,普,普,小ベ,△,砂被る×,左回り○,腰甘い,オルフェーヴル,167,4%,10%,17%,61(栗坂),47(栗坂),51,坂路平均,https://stride.get-luck.jp/member/race_viewer_test.php?racedate=20260829&racekey=07263309&jo=1&idpm=iFT66JycF8pFY,PASS
2026-08-29,中京,9,202607030309,07263309,16:45,9R ダ1800 ３歳上１勝クラス 16:45,2,ブラッドムーン,田山旺佑,11.3,6,超低速持続,ピッタリ,53,Ｄ,Ｄ,6,35,46,-23,7,0%,51 (3),62 (1),53 (4),41 (8),39 (8),3,10,内,1,0,中,6,15,中,52,,71,"馬主○,直近○",32,9%,16%,22%,宮本博,名張ホースランドＰ,3,,,,,,,,,牝,3,普,普,中標,△,砂被る×,,,シニスターミニスター,285,10%,20%,28%,,47(栗坂),46,坂路平均,https://stride.get-luck.jp/member/race_viewer_test.php?racedate=20260829&racekey=07263309&jo=1&idpm=iFT66JycF8pFY,PASS
2026-08-29,中京,9,202607030309,07263309,16:45,9R ダ1800 ３歳上１勝クラス 16:45,3,コンテナライン,鮫島良太,11.8,7,超低速底力,カスリ,52,Ｄ,Ｄ,7,39,44,-21,6,53%,47 (5),46 (6),52 (5),54 (4),53 (4),5,13,内,5,3,中,7,15,外,56,[先][続][瞬],49,,22,0%,27%,32%,牧浦充徳,キャニオンファーム土山,1,117,8 %,19 %,26 %,,,,,牝,4,短,普,小標ベ,△,気難しい,大トビ,気悪,ドゥラメンテ,247,7%,17%,28%,58(ＣＷ),45(栗坂),44,坂路平均,https://stride.get-luck.jp/member/race_viewer_test.php?racedate=20260829&racekey=07263309&jo=1&idpm=iFT66JycF8pFY,PASS
2026-08-29,中京,9,202607030309,07263309,16:45,9R ダ1800 ３歳上１勝クラス 16:45,4,セレーノ,永島まなみ,4.8,3,超低速バランス,カスリ,61,Ｄ,Ｄ,5,37,52,-15,5,14%,66 (2),53 (5),34 (9),34 (9),49 (6),1,0,内,3,0,内,5,13,内,51,[先],40,コース○,149,5%,9%,13%,高橋亮,大山ヒルズ,1,43,12 %,14 %,23 %,5,20%,40%,40 %,牝,3,普,普,小標,△,腰甘い,脚外振走,,モーリス,151,6%,17%,23%,46(栗坂),49(ＣＷ),52,併用終い重点,https://stride.get-luck.jp/member/race_viewer_test.php?racedate=20260829&racekey=07263309&jo=1&idpm=iFT66JycF8pFY,PASS
2026-08-29,中京,9,202607030309,07263309,16:45,9R ダ1800 ３歳上１勝クラス 16:45,5,クラテロス,岩田望来,11.2,5,超低速瞬発,,45,Ｄ,Ｄ,8,35,34,-35,9,0%,50 (4),42 (7),47 (7),42 (7),45 (7),4,11,最内,4,2,最内,8,17,最内,53,[続][瞬],54,"コース×,枠脚質○,直近×",136,10%,21%,29%,寺島良,宇治田原優駿Ｓ,2,138,7 %,17 %,25 %,,,,,牝,3,普,普,小標,○,砂被る×,他馬気に,腰甘い,ホッコータルマエ,282,9%,17%,25%,21(ＣＷ),38(ＣＷ),34,コース終い重点,https://stride.get-luck.jp/member/race_viewer_test.php?racedate=20260829&racekey=07263309&jo=1&idpm=iFT66JycF8pFY,PASS
2026-08-29,中京,9,202607030309,07263309,16:45,9R ダ1800 ３歳上１勝クラス 16:45,6,ラテライト,菱田裕二,8.1,4,超低速スタミナ,,65,Ｃ,Ｄ,3,39,52,-13,4,15%,45 (6),58 (3),59 (2),57 (3),50 (5),6,14,最内,6,3,内,3,11,最内,56,[先][瞬],48,"コース×,枠脚質×,直近▲",89,7%,13%,24%,橋田宜長,宇治田原優駿Ｓ,2,1,0 %,0 %,100 %,3,0%,33%,33 %,牝,4,普,普,中標,○,展開待ち,良脚長使,,ブリックスアンドモルタル,72,6%,14%,22%,,,52,,https://stride.get-luck.jp/member/race_viewer_test.php?racedate=20260829&racekey=07263309&jo=1&idpm=iFT66JycF8pFY,PASS
2026-08-29,中京,9,202607030309,07263309,16:45,9R ダ1800 ３歳上１勝クラス 16:45,7,リアンクトワ,柴田裕一郎,15.5,8,超低速持続,ピッタリ,43,Ｄ,Ｄ,9,33,42,-29,8,50%,40 (9),59 (2),64 (1),46 (6),34 (9),9,18,最内,7,5,内,9,18,内,54,,37,,52,4%,6%,8%,辻野泰之,チャンピオンヒルズ,1,268,10 %,20 %,29 %,2,0%,0%,0 %,牝,5,普,普,中標,◎,突っ張る,腰甘い,,ドレフォン,351,11%,18%,29%,48(ＣＷ),56(栗坂),42,坂路平均,https://stride.get-luck.jp/member/race_viewer_test.php?racedate=20260829&racekey=07263309&jo=1&idpm=iFT66JycF8pFY,PASS
2026-08-29,中京,9,202607030309,07263309,16:45,9R ダ1800 ３歳上１勝クラス 16:45,8,シエーナカラー,酒井学,3.4,2,超低速底力,カスリ,76,Ｂ,Ｃ,2,44,52,-8,2,0%,41 (8),40 (8),55 (3),64 (1),60 (3),8,16,最内,8,5,最内,2,8,中,53,[先][追],48,コース○,96,7%,13%,15%,北出成人,アカデミー牧場,3,1,0 %,0 %,0 %,,,,,牝,3,普,普,中標,△,他馬気に,腰甘い,,デクラレーションオブウォー,112,6%,13%,19%,52(栗坂),56(栗坂),52,坂路終い重点,https://stride.get-luck.jp/member/race_viewer_test.php?racedate=20260829&racekey=07263309&jo=1&idpm=iFT66JycF8pFY,PASS
2026-08-29,中京,9,202607030309,07263309,16:45,9R ダ1800 ３歳上１勝クラス 16:45,9,メイショウアカリ,太宰啓介,2.9,1,超低速バランス,カスリ,116,ＡＡ,Ｓ,1,44,54,-6,1,33%,67 (1),57 (4),35 (8),50 (5),63 (1),2,1,最内,2,0,最内,1,0,最内,53,[先][瞬],58,"馬主○,コース○",66,6%,9%,14%,松下武士,宇治田原優駿Ｓ,1,242,5 %,10 %,19 %,1,0%,0%,100 %,牝,3,普,普,中標,◎,,,,ホッコータルマエ,282,9%,17%,25%,58(栗坂),55(栗坂),54,坂路平均,https://stride.get-luck.jp/member/race_viewer_test.php?racedate=20260829&racekey=07263309&jo=1&idpm=iFT66JycF8pFY,PASS
2026-08-29,中京,10,202607030310,07263310,17:15,10R ダ1400 ３歳上１勝クラス 17:15,1,ワイドグンサ,西村淳也,4.5,2,低速瞬発,,73,Ｃ,Ｄ,5,52,52,0,4,0%,34 (16),40 (15),64 (2),71 (1),69 (1),15,18,内,16,20,内,5,5,中,55,[先][追][瞬],60,"コース○,枠脚質○,直近○",104,10%,17%,30%,庄野靖志,キャニオンファーム土山,1,126,13 %,21 %,32 %,2,0%,50%,50 %,牡,3,普,普,小標,△,,,,ニューイヤーズデイ,82,13%,21%,35%,61(栗坂),66(栗坂),52,坂路平均,https://stride.get-luck.jp/member/race_viewer_test.php?racedate=20260829&racekey=07263310&jo=1&idpm=iFT66JycF8pFY,PASS
2026-08-29,中京,10,202607030310,07263310,17:15,10R ダ1400 ３歳上１勝クラス 17:15,2,パヴィーア,岩田望来,16.7,8,中速スタミナ,ピッタリ,65,Ｃ,Ｓ,7,41,45,-18,13,11%,47 (11),41 (14),42 (14),51 (7),57 (5),11,10,内,12,14,中,7,6,外,56,[続][瞬],45,"コース×,枠脚質×,直近×",117,15%,26%,36%,田中克典,チャンピオンヒルズ,1,170,14 %,25 %,34 %,5,20%,20%,40 %,牝,4,普,普,中標ベ,△,鉄砲○,素直,完歩小さ,メダグリアドーロ,9,11%,22%,22%,61(ＣＷ),46(栗坂),45,坂路終い重点,https://stride.get-luck.jp/member/race_viewer_test.php?racedate=20260829&racekey=07263310&jo=1&idpm=iFT66JycF8pFY,PASS
2026-08-29,中京,10,202607030310,07263310,17:15,10R ダ1400 ３歳上１勝クラス 17:15,3,ハッピーラブソング,菱田裕二,63.4,16,超低速スタミナ,,33,Ｄ,Ｄ,16,33,41,-30,16,50%,44 (12),46 (9),54 (6),42 (14),37 (15),12,13,最内,10,14,内,16,16,中,53,[先][瞬],48,"コース×,枠脚質×,直近▲",71,3%,7%,14%,牧浦充徳,キャニオンファーム土山,1,117,8 %,19 %,26 %,2,50%,50%,50 %,牝,3,普,普,中標,△,,,,バンドワゴン,18,11%,22%,33%,57(ＣＷ),51(栗坂),41,併用テン重点,https://stride.get-luck.jp/member/race_viewer_test.php?racedate=20260829&racekey=07263310&jo=1&idpm=iFT66JycF8pFY,PASS
2026-08-29,中京,10,202607030310,07263310,17:15,10R ダ1400 ３歳上１勝クラス 17:15,4,タイニーワンダー,田山旺佑,4.2,1,中速スタミナ,ピッタリ,82,Ｃ,Ｓ,2,60,52,8,1,0%,55 (7),58 (4),55 (5),59 (4),60 (2),7,7,内,7,8,中,2,1,大外,52,,58,直近○,29,0%,0%,10%,四位洋文,キャニオンファーム土山,1,132,6 %,14 %,17 %,4,25%,75%,75 %,牝,3,普,普,小標,○,ダ向き,根性有り,砂被る○,ドレフォン,351,11%,18%,29%,54(栗坂),47(栗坂),52,坂路終い重点,https://stride.get-luck.jp/member/race_viewer_test.php?racedate=20260829&racekey=07263310&jo=1&idpm=iFT66JycF8pFY,PASS
2026-08-29,中京,10,202607030310,07263310,17:15,10R ダ1400 ３歳上１勝クラス 17:15,5,ヴィヴァシャス,角田大和,34.3,12,中速スタミナ,ピッタリ,42,Ｄ,Ｄ,13,41,51,-12,9,7%,37 (14),33 (16),46 (11),53 (6),56 (6),13,15,最内,15,20,最内,13,13,外,56,[久],39,"コース○,枠脚質○,直近×",94,4%,11%,15%,笹田和秀,宇治田原優駿Ｓ,4,26,4 %,19 %,23 %,,,,,牝,4,普,普,中標,○,スピ有り,良脚長使,時計掛○,モズアスコット,40,10%,23%,30%,63(栗坂),60(栗坂),51,坂路平均,https://stride.get-luck.jp/member/race_viewer_test.php?racedate=20260829&racekey=07263310&jo=1&idpm=iFT66JycF8pFY,PASS
2026-08-29,中京,10,202607030310,07263310,17:15,10R ダ1400 ３歳上１勝クラス 17:15,6,ジューンセクレタ,富田暁,6.5,4,超低速スタミナ,,73,Ｃ,Ａ,4,54,52,2,3,12%,60 (3),68 (1),62 (3),49 (8),42 (13),4,2,内,2,0,内,4,4,内,55,[先][追][続][瞬],65,"調教師○,馬主○,コース×,枠脚質×,直近◎",80,5%,6%,11%,武英智,チャンピオンヒルズ,3,116,9 %,23 %,34 %,1,0%,0%,0 %,牡,3,普,普,中標ベ,△,腰甘い,,,マクリーンズミュージック,5,0%,20%,60%,,39(ＣＷ),52,コース終い重点,https://stride.get-luck.jp/member/race_viewer_test.php?racedate=20260829&racekey=07263310&jo=1&idpm=iFT66JycF8pFY,PASS
2026-08-29,中京,10,202607030310,07263310,17:15,10R ダ1400 ３歳上１勝クラス 17:15,7,ウォーターパラディ,国分恭介,27.4,10,低速持続,,58,Ｄ,Ｄ,9,42,50,-12,8,0%,56 (5),55 (7),46 (8),43 (12),43 (12),6,6,最内,8,8,最内,9,9,内,58,[先][追][続][瞬],43,"コース×,枠脚質×",55,2%,5%,15%,岡田稲男,グリーンウッド,1,132,5 %,13 %,20 %,,,,,牡,4,普,普,中標,◎,一本調子,内枠○,鉄砲×,ウォータービルド,3,0%,0%,0%,64(ＣＷ),57(栗坂),50,坂路平均,https://stride.get-luck.jp/member/race_viewer_test.php?racedate=20260829&racekey=07263310&jo=1&idpm=iFT66JycF8pFY,PASS
2026-08-29,中京,10,202607030310,07263310,17:15,10R ダ1400 ３歳上１勝クラス 17:15,8,メイショウサトノヒ,幸英明,33.1,11,中速スタミナ,ピッタリ,50,Ｄ,Ｄ,11,42,46,-16,11,6%,49 (10),42 (13),38 (15),46 (9),51 (9),10,10,最内,11,14,最内,11,11,中,58,[追][久][続],66,"馬主○,コース○,枠脚質×,直近○",144,6%,10%,17%,長谷川浩大,ワコーＦアカデミー,1,169,4 %,7 %,12 %,7,0%,0%,14 %,牡,4,普,普,中標,○,中京向き,時計掛○,腰甘い,ニューイヤーズデイ,82,13%,21%,35%,56(栗坂),46(栗坂),46,坂路平均,https://stride.get-luck.jp/member/race_viewer_test.php?racedate=20260829&racekey=07263310&jo=1&idpm=iFT66JycF8pFY,PASS
2026-08-29,中京,10,202607030310,07263310,17:15,10R ダ1400 ３歳上１勝クラス 17:15,9,ピョイットハレルヤ,松若風馬,22.8,9,中速スタミナ,ピッタリ,63,Ｃ,Ｓ,8,51,39,-14,10,0%,59 (4),57 (6),45 (12),44 (11),45 (10),3,2,最内,4,4,最内,8,7,中,53,[先][追][瞬],54,"コース○,直近○",88,7%,14%,18%,浜田多実雄,キャニオンファーム土山,2,62,6 %,11 %,21 %,2,0%,0%,100 %,牝,3,普,普,中標ベ,○,砂被る×,揉れ弱い,左回り○,フォーウィールドライブ,29,7%,14%,34%,,29(栗坂),39,坂路平均,https://stride.get-luck.jp/member/race_viewer_test.php?racedate=20260829&racekey=07263310&jo=1&idpm=iFT66JycF8pFY,PASS
2026-08-29,中京,10,202607030310,07263310,17:15,10R ダ1400 ３歳上１勝クラス 17:15,10,リンゲルブルーメ,川端海翼,14.4,6,低速スタミナ,カスリ,80,Ｂ,Ｓ,3,52,31,-21,15,24%,64 (1),63 (2),46 (10),40 (15),39 (14),1,0,最内,1,0,最内,3,2,最内,53,[瞬],41,,34,0%,3%,12%,佐藤悠太,ノーザンＦしがらき,1,63,17 %,30 %,37 %,10,0%,20%,30 %,牝,4,普,普,中標,○,ブ効果○,気を抜く,ズブイ,ドレフォン,351,11%,18%,29%,35(栗Ｐ),18(栗Ｐ),31,コーステン重点,https://stride.get-luck.jp/member/race_viewer_test.php?racedate=20260829&racekey=07263310&jo=1&idpm=iFT66JycF8pFY,PASS
2026-08-29,中京,10,202607030310,07263310,17:15,10R ダ1400 ３歳上１勝クラス 17:15,11,アルプスオジョー,田口貫太,36.7,13,中速持続,,53,Ｄ,Ｄ,10,48,49,-7,5,33%,34 (15),43 (11),68 (1),65 (2),59 (3),16,19,最内,14,18,内,10,10,大外,56,,43,"コース○,枠脚質×,直近▲",49,6%,12%,16%,手塚貴徳,若草牧場,1,2,0 %,0 %,0 %,1,0%,0%,0 %,牝,5,短,短,中標ベ,◎,ダ軽い○,脚抜ダ○,,パイロ,207,9%,15%,24%,54(南Ｗ),59(南Ｗ),49,併用終い重点,https://stride.get-luck.jp/member/race_viewer_test.php?racedate=20260829&racekey=07263310&jo=1&idpm=iFT66JycF8pFY,PASS
2026-08-29,中京,10,202607030310,07263310,17:15,10R ダ1400 ３歳上１勝クラス 17:15,12,マダムカマラード,秋山稔樹,16.0,7,超低速瞬発,,41,Ｄ,Ｄ,14,36,51,-17,12,50%,53 (9),48 (8),42 (13),34 (16),33 (16),5,5,内,6,7,内,14,14,内,53,[追][久],40,"コース×,枠脚質×",70,1%,10%,11%,宮徹,グリーンウッド,1,53,6 %,13 %,25 %,,,,,牝,3,普,普,中標,○,,,,ディーマジェスティ,50,8%,10%,20%,72(栗坂),62(栗坂),51,坂路終い重点,https://stride.get-luck.jp/member/race_viewer_test.php?racedate=20260829&racekey=07263310&jo=1&idpm=iFT66JycF8pFY,PASS
2026-08-29,中京,10,202607030310,07263310,17:15,10R ダ1400 ３歳上１勝クラス 17:15,13,グランメドウ,坂井瑠星,8.7,5,低速スタミナ,カスリ,68,Ｃ,Ｃ,6,45,48,-11,7,0%,61 (2),60 (3),46 (9),44 (10),44 (11),2,1,中,3,2,最内,6,6,最内,58,[先][続][瞬],64,"コース○,枠脚質×,直近◎",99,13%,24%,30%,藤岡健一,チャンピオンヒルズ,1,15,13 %,13 %,20 %,,,,,牡,5,普,長,中標起,○,砂被る○,腰甘い,,アメリカンファラオ,78,15%,19%,29%,49(栗坂),48(ＣＷ),48,坂路終い重点,https://stride.get-luck.jp/member/race_viewer_test.php?racedate=20260829&racekey=07263310&jo=1&idpm=iFT66JycF8pFY,PASS
2026-08-29,中京,10,202607030310,07263310,17:15,10R ダ1400 ３歳上１勝クラス 17:15,14,ハンザキ,永島まなみ,41.0,14,低速底力,,38,Ｄ,Ｄ,15,38,47,-19,14,17%,54 (8),44 (10),32 (16),43 (13),51 (8),9,8,最内,9,11,最内,15,15,最内,51,[先],47,"コース○,枠脚質○",120,3%,6%,12%,高橋義忠,ヒイラギステーブル（ａｗａｊｉ）,1,261,5 %,10 %,19 %,4,0%,0%,0 %,牝,3,普,普,中標ベ,○,終い確実,ダ向き,腰甘い,ハクサンムーン,5,0%,0%,0%,59(栗坂),65(栗坂),47,坂路終い重点,https://stride.get-luck.jp/member/race_viewer_test.php?racedate=20260829&racekey=07263310&jo=1&idpm=iFT66JycF8pFY,PASS
2026-08-29,中京,10,202607030310,07263310,17:15,10R ダ1400 ３歳上１勝クラス 17:15,15,タイセイレグノ,国分優作,45.1,15,超低速スタミナ,,49,Ｄ,Ｄ,12,44,50,-10,6,25%,37 (13),42 (12),61 (4),61 (3),59 (4),14,17,最内,13,18,最内,12,11,外,58,[続][瞬],36,"コース×,枠脚質×",66,2%,3%,8%,浜田多実雄,キャニオンファーム土山,1,121,10 %,16 %,21 %,7,14%,14%,14 %,セ,4,普,普,小標,○,気難しい,上が掛○,時計掛○,マジェスティックウォリアー,279,7%,12%,19%,64(栗坂),58(栗坂),50,坂路平均,https://stride.get-luck.jp/member/race_viewer_test.php?racedate=20260829&racekey=07263310&jo=1&idpm=iFT66JycF8pFY,PASS
2026-08-29,中京,10,202607030310,07263310,17:15,10R ダ1400 ３歳上１勝クラス 17:15,16,ジャンヌドゥレーヴ,中井裕二,4.9,3,中速スタミナ,ピッタリ,85,Ｂ,ＡＡ,1,55,52,3,2,33%,55 (6),58 (5),54 (7),55 (5),55 (7),8,7,中,5,7,外,1,0,外,53,[続][瞬],51,コース○,58,3%,9%,19%,角田晃一,宇治田原優駿Ｓ,1,180,4 %,11 %,14 %,2,0%,50%,50 %,牝,3,普,普,小標,○,終い確実,ダ大丈夫,腰甘い,ヘニーヒューズ,329,8%,17%,24%,58(栗坂),63(栗坂),52,坂路終い重点,https://stride.get-luck.jp/member/race_viewer_test.php?racedate=20260829&racekey=07263310&jo=1&idpm=iFT66JycF8pFY,PASS
2026-08-29,中京,11,202607030311,07263311,17:45,11R 芝1600 ３歳上１勝クラス 17:45,1,オーバースタンド,松若風馬,11.3,4,中速バランス,カスリ,76,Ｂ,Ｓ,3,55,61,6,2,8%,43 (8),48 (8),57 (5),59 (1),57 (3),8,16,中,9,19,中,3,6,大外,58,[先][追][瞬],42,"コース×,枠脚質×,直近○",60,3%,15%,25%,小崎憲,大山ヒルズ,2,54,11 %,24 %,35 %,5,20%,20%,40 %,牡,4,普,普,中標ベ,△,中京向き,腰甘い,根性有り,モズアスコット,40,8%,13%,28%,43(栗坂),65(栗坂),61,坂路平均,https://stride.get-luck.jp/member/race_viewer_test.php?racedate=20260829&racekey=07263311&jo=1&idpm=iFT66JycF8pFY,PASS
2026-08-29,中京,11,202607030311,07263311,17:45,11R 芝1600 ３歳上１勝クラス 17:45,2,エンベッカ,西村淳也,15.7,5,高速持続,カスリ,58,Ｄ,Ｄ,6,47,37,-26,13,14%,50 (6),59 (2),65 (1),50 (9),40 (12),6,12,最内,5,13,最内,6,12,内,56,[先][追][瞬],60,"コース○,枠脚質×,直近○",74,22%,32%,42%,柴田卓,ノーザンＦしがらき,1,18,6 %,11 %,17 %,5,0%,20%,20 %,牝,4,普,普,小標,△,コーナ×,口向悪い,,サトノダイヤモンド,113,7%,11%,17%,64(ＣＷ),36(ＣＷ),37,コース終い重点,https://stride.get-luck.jp/member/race_viewer_test.php?racedate=20260829&racekey=07263311&jo=1&idpm=iFT66JycF8pFY,PASS
2026-08-29,中京,11,202607030311,07263311,17:45,11R 芝1600 ３歳上１勝クラス 17:45,3,ファルカータ,坂井瑠星,2.5,1,高速バランス,ピッタリ,80,Ｃ,ＡＡ,2,61,55,6,1,0%,62 (2),58 (4),42 (11),49 (10),53 (7),2,5,内,2,7,最内,2,5,内,53,[先][続][瞬],63,"調教師○,馬主○,コース○,枠脚質×,直近◎",86,15%,27%,35%,友道康夫,ドラゴンファーム,1,14,14 %,36 %,43 %,2,50%,50%,50 %,牝,3,普,普,中標,○,広馬場向,,,エピファネイア,467,9%,19%,27%,72(ＣＷ),22(ＣＷ),55,コース終い重点,https://stride.get-luck.jp/member/race_viewer_test.php?racedate=20260829&racekey=07263311&jo=1&idpm=iFT66JycF8pFY,PASS
2026-08-29,中京,11,202607030311,07263311,17:45,11R 芝1600 ３歳上１勝クラス 17:45,4,リアンマヒナ,岩田望来,3.6,2,超高速バランス,カスリ,70,Ｃ,Ｄ,4,54,57,1,5,12%,59 (4),58 (3),48 (8),50 (8),52 (10),4,8,最内,4,10,内,4,8,中,55,[続][瞬],49,"コース×,枠脚質×,直近×",90,16%,30%,47%,高橋一哉,宇治田原優駿Ｓ,1,95,6 %,13 %,18 %,4,25%,50%,75 %,牡,3,普,普,中標,◎,瞬発力○,,,モズアスコット,40,8%,13%,28%,70(ＣＷ),62(栗坂),57,坂路平均,https://stride.get-luck.jp/member/race_viewer_test.php?racedate=20260829&racekey=07263311&jo=1&idpm=iFT66JycF8pFY,PASS
2026-08-29,中京,11,202607030311,07263311,17:45,11R 芝1600 ３歳上１勝クラス 17:45,5,メイショウビストロ,菱田裕二,20.1,8,中速バランス,カスリ,52,Ｄ,Ｄ,9,47,41,-22,12,29%,41 (12),37 (12),45 (9),55 (6),59 (1),13,19,内,12,24,内,9,13,大外,58,[先][瞬],45,"調教師○,コース×,枠脚質○,直近▲",45,2%,7%,9%,岡田稲男,グリーンウッド,3,25,0 %,8 %,16 %,1,0%,0%,100 %,牡,4,普,普,中標,○,一頭気抜,他馬気に,完歩小さ,カルフォルニアクローム,33,3%,6%,15%,,34(ＣＷ),41,コース平均,https://stride.get-luck.jp/member/race_viewer_test.php?racedate=20260829&racekey=07263311&jo=1&idpm=iFT66JycF8pFY,PASS
2026-08-29,中京,11,202607030311,07263311,17:45,11R 芝1600 ３歳上１勝クラス 17:45,6,レッドリガーレ,幸英明,18.3,7,中速バランス,カスリ,56,Ｄ,Ｄ,7,52,55,-3,6,17%,42 (11),47 (9),58 (3),57 (3),53 (6),9,17,最内,10,19,最内,7,12,中,55,[追][久][続],45,"コース×,枠脚質×,直近○",105,5%,8%,12%,斉藤崇史,吉澤Ｓ－ＷＥＳＴ,2,13,15 %,23 %,23 %,2,0%,0%,0 %,牡,3,普,普,中標,△,器用さ欠,,,モーリス,338,10%,17%,28%,22(栗Ｐ),47(栗Ｐ),55,コース終い重点,https://stride.get-luck.jp/member/race_viewer_test.php?racedate=20260829&racekey=07263311&jo=1&idpm=iFT66JycF8pFY,PASS
2026-08-29,中京,11,202607030311,07263311,17:45,11R 芝1600 ３歳上１勝クラス 17:45,7,チャンピオンロード,富田暁,42.9,12,超高速持続,,28,Ｄ,Ｄ,13,37,54,-19,11,100%,53 (5),40 (11),30 (13),32 (12),42 (11),5,11,内,11,20,内,13,21,内,55,[先][追][続][瞬],50,"コース×,枠脚質×,直近◎",61,3%,11%,21%,矢作芳人,チャンピオンヒルズ,2,135,9 %,18 %,27 %,,,,,牡,3,普,普,中標,○,,,,セントマークスバシリカ,8,13%,25%,25%,,61(栗坂),54,坂路平均,https://stride.get-luck.jp/member/race_viewer_test.php?racedate=20260829&racekey=07263311&jo=1&idpm=iFT66JycF8pFY,PASS
2026-08-29,中京,11,202607030311,07263311,17:45,11R 芝1600 ３歳上１勝クラス 17:45,8,フレイムスター,吉村誠之助,27.0,10,高速持続,カスリ,50,Ｄ,Ｄ,10,47,54,-9,7,10%,69 (1),70 (1),49 (7),26 (13),22 (13),1,0,最内,1,0,最内,10,14,最内,55,,73,"コース○,直近◎",53,15%,25%,36%,清水久詞,チャンピオンヒルズ,1,430,9 %,18 %,25 %,4,0%,0%,0 %,牡,3,短,普,小標ベ,△,芝ダＯＫ,他馬気に,恐がり,ドレフォン,93,6%,15%,22%,55(栗坂),55(ＣＷ),54,併用終い重点,https://stride.get-luck.jp/member/race_viewer_test.php?racedate=20260829&racekey=07263311&jo=1&idpm=iFT66JycF8pFY,PASS
2026-08-29,中京,11,202607030311,07263311,17:45,11R 芝1600 ３歳上１勝クラス 17:45,9,ヴォーカライズ,田山旺佑,5.1,3,超低速バランス,,98,ＡＡ,Ｓ,1,59,55,4,3,0%,61 (3),54 (5),38 (12),47 (11),55 (4),3,6,最内,3,9,最内,1,0,中,54,,52,"枠脚質○,直近○",24,4%,13%,29%,高野友和,チャンピオンヒルズ,1,113,12 %,24 %,29 %,6,17%,33%,50 %,牡,3,短,普,小ベ,△,ブ効果○,スピ無し,ダ向き,ブリックスアンドモルタル,122,9%,20%,32%,50(栗坂),53(栗坂),55,坂路終い重点,https://stride.get-luck.jp/member/race_viewer_test.php?racedate=20260829&racekey=07263311&jo=1&idpm=iFT66JycF8pFY,PASS
2026-08-29,中京,11,202607030311,07263311,17:45,11R 芝1600 ３歳上１勝クラス 17:45,10,エイズルブルーム,国分優作,25.6,9,高速バランス,ピッタリ,54,Ｄ,Ｄ,8,50,48,-12,10,17%,43 (9),50 (6),62 (2),58 (2),52 (9),11,18,中,7,18,外,8,13,外,53,[続][瞬],44,"調教師○,枠脚質×",36,0%,3%,6%,坂口智康,チャンピオンヒルズ,1,230,7 %,16 %,23 %,5,20%,20%,40 %,牝,3,普,普,小標,◎,終い確実,良脚長使,,リオンディーズ,200,4%,14%,24%,49(ＣＷ),54(ＣＷ),48,コース平均,https://stride.get-luck.jp/member/race_viewer_test.php?racedate=20260829&racekey=07263311&jo=1&idpm=iFT66JycF8pFY,PASS
2026-08-29,中京,11,202607030311,07263311,17:45,11R 芝1600 ３歳上１勝クラス 17:45,11,ギザキズラヴ,藤懸貴志,56.2,13,高速瞬発,カスリ,43,Ｄ,Ｄ,11,45,54,-11,9,8%,37 (13),33 (13),45 (10),53 (7),58 (2),12,19,最内,13,25,最内,11,16,最内,56,[先][追][瞬],40,枠脚質○,17,0%,0%,6%,加藤公太,グリーンウッド,2,5,0 %,0 %,0 %,1,0%,0%,0 %,牝,4,普,普,中標,△,腰甘い,,,キズナ,417,12%,20%,29%,,62(栗坂),54,坂路終い重点,https://stride.get-luck.jp/member/race_viewer_test.php?racedate=20260829&racekey=07263311&jo=1&idpm=iFT66JycF8pFY,PASS
2026-08-29,中京,11,202607030311,07263311,17:45,11R 芝1600 ３歳上１勝クラス 17:45,12,グローブアマランス,田口貫太,16.1,6,超高速底力,,66,Ｃ,Ｓ,5,55,59,4,4,22%,47 (7),49 (7),54 (6),56 (5),55 (5),7,14,最内,6,16,最内,5,9,外,56,,39,"コース×,枠脚質×,直近▲",40,3%,5%,8%,中尾秀正,グリーンウッド,2,41,2 %,12 %,24 %,5,0%,20%,60 %,牝,5,短,普,中ベ,○,阪神向き,コーナ×,軟ら芝×,ドゥラメンテ,283,9%,19%,28%,,62(栗坂),59,坂路平均,https://stride.get-luck.jp/member/race_viewer_test.php?racedate=20260829&racekey=07263311&jo=1&idpm=iFT66JycF8pFY,PASS
2026-08-29,中京,11,202607030311,07263311,17:45,11R 芝1600 ３歳上１勝クラス 17:45,13,リオンプライム,中井裕二,34.0,11,高速持続,カスリ,41,Ｄ,Ｄ,12,46,54,-10,8,20%,42 (10),47 (10),57 (4),56 (4),53 (8),10,17,内,8,18,内,12,17,内,56,[続][瞬],48,,20,0%,0%,15%,鈴木孝志,山岡トレセン,1,258,8 %,14 %,22 %,2,0%,0%,0 %,牝,4,普,普,中標,○,コーナ×,上が速×,荒馬場○,リオンディーズ,200,4%,14%,24%,62(ＣＷ),67(栗坂),54,併用平均,https://stride.get-luck.jp/member/race_viewer_test.php?racedate=20260829&racekey=07263311&jo=1&idpm=iFT66JycF8pFY,PASS
2026-08-29,中京,12,202607030312,07263312,18:15,12R ダ1800 ３歳未勝利 18:15,1,クロレ,坂井瑠星,5.4,3,中速スタミナ,,97,ＡＡ,Ｓ,1,44,43,7,1,33%,65 (2),55 (5),33 (14),46 (10),58 (4),2,3,最内,2,0,内,1,0,内,55,[先][続][瞬],74,"コース○,枠脚質○,直近◎",137,19%,31%,43%,福永祐一,大山ヒルズ,2,14,0 %,21 %,36 %,,,,,牝,3,短,短,小ベ,○,乗り難し,揉れ弱い,腰甘い,クォリティロード,16,6%,13%,19%,,61(栗坂),43,坂路平均,https://stride.get-luck.jp/member/race_viewer_test.php?racedate=20260829&racekey=07263312&jo=1&idpm=iFT66JycF8pFY,PASS
2026-08-29,中京,12,202607030312,07263312,18:15,12R ダ1800 ３歳未勝利 18:15,2,ゴールデンドラゴン,松若風馬,2.5,1,超低速底力,カスリ,72,Ｄ,Ａ,4,40,40,0,3,12%,39 (13),42 (12),58 (4),69 (2),65 (1),11,17,中,13,12,内,4,8,外,57,[先][追][瞬],47,"コース○,枠脚質×,直近○",105,8%,17%,31%,宮本博,信楽牧場,6,1,0 %,0 %,0 %,,,,,牡,3,普,普,中標,○,終い確実,ズブイ,芝×,フィエールマン,12,0%,0%,17%,,30(栗坂),40,坂路終い重点,https://stride.get-luck.jp/member/race_viewer_test.php?racedate=20260829&racekey=07263312&jo=1&idpm=iFT66JycF8pFY,PASS
2026-08-29,中京,12,202607030312,07263312,18:15,12R ダ1800 ３歳未勝利 18:15,3,タガノランパート,田口貫太,3.8,2,超低速底力,カスリ,79,Ｂ,Ｃ,2,43,40,3,2,67%,55 (5),61 (2),53 (6),53 (4),52 (5),5,10,内,4,2,最内,2,5,内,57,,39,"コース○,枠脚質×,直近▲",70,6%,11%,21%,奥村豊,宇治田原優駿Ｓ,2,27,0 %,7 %,15 %,1,0%,0%,0 %,牡,3,普,普,中標,△,,,,タワーオブロンドン,34,3%,15%,26%,,,40,,https://stride.get-luck.jp/member/race_viewer_test.php?racedate=20260829&racekey=07263312&jo=1&idpm=iFT66JycF8pFY,PASS
2026-08-29,中京,12,202607030312,07263312,18:15,12R ダ1800 ３歳未勝利 18:15,4,クリコバロー,酒井学,25.5,10,超低速底力,カスリ,49,Ｄ,Ｄ,14,33,38,-9,6,11%,41 (12),37 (13),51 (9),50 (6),49 (9),12,18,最内,12,12,最内,14,17,大外,57,[先][追],47,"コース○,枠脚質×",96,7%,13%,15%,渡辺薫彦,キャニオンファーム土山,1,57,7 %,9 %,18 %,4,0%,0%,0 %,牡,3,普,普,中標,△,展開待ち,加速遅い,ズブイ,ロジャーバローズ,36,11%,22%,25%,60(ＣＷ),52(ＣＷ),38,併用平均,https://stride.get-luck.jp/member/race_viewer_test.php?racedate=20260829&racekey=07263312&jo=1&idpm=iFT66JycF8pFY,PASS
2026-08-29,中京,12,202607030312,07263312,18:15,12R ダ1800 ３歳未勝利 18:15,5,シャイニングスター,幸英明,17.7,7,中速瞬発,,46,Ｄ,Ｄ,10,30,34,-16,11,33%,51 (7),45 (9),45 (11),48 (8),51 (6),7,12,中,10,10,内,10,15,外,57,[追][久][続],51,"コース○,枠脚質×,直近○",198,8%,14%,26%,小椋研介,宇治田原優駿Ｓ,1,42,7 %,19 %,29 %,1,0%,0%,0 %,牡,3,普,普,中標,○,大トビ,腰甘い,,ルーラーシップ,280,6%,12%,18%,63(栗坂),51(栗坂),34,坂路平均,https://stride.get-luck.jp/member/race_viewer_test.php?racedate=20260829&racekey=07263312&jo=1&idpm=iFT66JycF8pFY,PASS
2026-08-29,中京,12,202607030312,07263312,18:15,12R ダ1800 ３歳未勝利 18:15,6,ブクブクー,田山旺佑,15.4,5,中速底力,,74,Ｂ,Ｓ,3,38,33,-9,5,0%,52 (6),57 (4),53 (7),53 (5),51 (7),6,11,最内,5,4,最内,3,7,中,56,,53,"枠脚質○,直近○",32,9%,16%,22%,小栗実,大山ヒルズ,2,37,8 %,19 %,30 %,2,0%,0%,0 %,牡,3,短,短,小ベ,△,腰甘い,,,ヤウポン,3,0%,0%,0%,,,33,,https://stride.get-luck.jp/member/race_viewer_test.php?racedate=20260829&racekey=07263312&jo=1&idpm=iFT66JycF8pFY,PASS
2026-08-29,中京,12,202607030312,07263312,18:15,12R ダ1800 ３歳未勝利 18:15,7,ベルラフィネ,柴田裕一郎,36.9,12,超低速瞬発,,43,Ｄ,Ｄ,13,29,39,-12,9,100%,57 (3),43 (11),34 (13),47 (9),58 (3),4,9,最内,11,10,最内,13,16,最内,53,,38,枠脚質×,52,4%,6%,8%,岡田稲男,グリーンウッド,2,74,9 %,15 %,27 %,,,,,牝,3,普,普,中標,△,,,,ドレフォン,351,11%,18%,29%,,59(栗坂),39,坂路平均,https://stride.get-luck.jp/member/race_viewer_test.php?racedate=20260829&racekey=07263312&jo=1&idpm=iFT66JycF8pFY,PASS
2026-08-29,中京,12,202607030312,07263312,18:15,12R ダ1800 ３歳未勝利 18:15,8,シホノグラツィア,団野大成,13.1,4,中速瞬発,,66,Ｃ,ＡＡ,5,24,37,-19,14,100%,30 (14),31 (14),61 (2),71 (1),64 (2),14,25,最内,14,18,最内,5,10,外,57,[追],49,"コース○,枠脚質○,直近▲",144,10%,23%,31%,佐藤悠太,ノーザンＦしがらき,1,63,17 %,30 %,37 %,1,0%,0%,0 %,牡,3,短,短,細ベ,○,完歩小さ,,,キズナ,387,12%,22%,32%,58(ＣＷ),51(ＣＷ),37,併用終い重点,https://stride.get-luck.jp/member/race_viewer_test.php?racedate=20260829&racekey=07263312&jo=1&idpm=iFT66JycF8pFY,PASS
2026-08-29,中京,12,202607030312,07263312,18:15,12R ダ1800 ３歳未勝利 18:15,9,クロームクロス,菱田裕二,37.3,13,超低速バランス,カスリ,52,Ｄ,Ｄ,7,33,37,-10,7,25%,50 (8),45 (10),45 (10),46 (11),49 (8),9,13,内,9,9,中,7,13,大外,57,[先][瞬],55,"コース×,枠脚質○,直近▲",89,7%,13%,24%,西園翔太,チャンピオンヒルズ,1,129,8 %,14 %,21 %,2,0%,0%,0 %,牡,3,普,普,中標,△,腰甘い,フット×,,ミスターメロディ,18,0%,0%,11%,63(栗坂),42(栗坂),37,併用平均,https://stride.get-luck.jp/member/race_viewer_test.php?racedate=20260829&racekey=07263312&jo=1&idpm=iFT66JycF8pFY,PASS
2026-08-29,中京,12,202607030312,07263312,18:15,12R ダ1800 ３歳未勝利 18:15,10,ガラード,吉村誠之助,22.2,8,超低速持続,ピッタリ,52,Ｄ,Ｄ,8,33,39,-8,4,80%,45 (10),53 (7),59 (3),48 (7),41 (13),10,16,最内,8,8,内,8,13,外,57,,59,"コース×,枠脚質×,直近◎",91,7%,19%,26%,杉山佳明,キャニオンファーム栗東,1,1,0 %,0 %,0 %,,,,,牡,3,普,普,中標,△,気難しい,砂被る○,,ルヴァンスレーヴ,110,11%,20%,30%,42(ＣＷ),55(栗坂),39,併用平均,https://stride.get-luck.jp/member/race_viewer_test.php?racedate=20260829&racekey=07263312&jo=1&idpm=iFT66JycF8pFY,PASS
2026-08-29,中京,12,202607030312,07263312,18:15,12R ダ1800 ３歳未勝利 18:15,11,メイショウハーブス,藤懸貴志,22.6,9,中速瞬発,,45,Ｄ,Ｄ,12,28,35,-17,12,0%,48 (9),49 (8),52 (8),44 (12),42 (12),8,13,最内,6,7,最内,12,15,内,57,[先][追][瞬],37,枠脚質○,72,1%,8%,15%,高橋義忠,宇治田原優駿Ｓ,2,108,6 %,13 %,19 %,2,0%,0%,0 %,牡,3,普,普,中標,○,気難しい,,,リアルスティール,124,12%,19%,29%,33(札ダ),42(栗坂),35,併用平均,https://stride.get-luck.jp/member/race_viewer_test.php?racedate=20260829&racekey=07263312&jo=1&idpm=iFT66JycF8pFY,PASS
2026-08-29,中京,12,202607030312,07263312,18:15,12R ダ1800 ３歳未勝利 18:15,12,トラッドロア,富田暁,36.3,11,超低速スタミナ,,45,Ｄ,Ｄ,11,28,39,-13,10,100%,57 (4),67 (1),55 (5),33 (14),27 (14),3,8,内,1,0,中,11,15,中,55,[先][追][続][瞬],53,"コース×,枠脚質×,直近◎",97,3%,7%,18%,高野友和,チャンピオンヒルズ,1,113,12 %,24 %,29 %,1,0%,0%,0 %,牝,3,普,普,中標,○,,,,ヤウポン,3,0%,0%,0%,55(栗坂),57(栗坂),39,坂路平均,https://stride.get-luck.jp/member/race_viewer_test.php?racedate=20260829&racekey=07263312&jo=1&idpm=iFT66JycF8pFY,PASS
2026-08-29,中京,12,202607030312,07263312,18:15,12R ダ1800 ３歳未勝利 18:15,13,サマーナジュム,中井裕二,39.7,14,超低速底力,カスリ,53,Ｄ,Ｄ,6,38,24,-18,13,0%,66 (1),60 (3),36 (12),39 (13),48 (10),1,0,最内,3,0,最内,6,13,最内,57,[続][瞬],41,コース○,74,3%,8%,14%,角田晃一,大山ヒルズ,3,15,0 %,27 %,40 %,1,0%,0%,0 %,牡,3,短,短,小ベ,△,ズブイ,加速遅い,腰甘い,キズナ,387,12%,22%,32%,,21(栗坂),24,坂路平均,https://stride.get-luck.jp/member/race_viewer_test.php?racedate=20260829&racekey=07263312&jo=1&idpm=iFT66JycF8pFY,PASS
2026-08-29,中京,12,202607030312,07263312,18:15,12R ダ1800 ３歳未勝利 18:15,14,メイショウジンソウ,太宰啓介,16.7,6,超低速底力,カスリ,49,Ｄ,Ｄ,9,32,38,-10,8,100%,42 (11),54 (6),65 (1),54 (3),43 (11),13,18,内,7,8,外,9,15,大外,57,[先][瞬],58,"馬主○,コース○,枠脚質×",66,6%,9%,14%,本田優,宇治田原優駿Ｓ,3,105,8 %,12 %,23 %,,,,,牡,3,普,普,中標,○,砂被る×,,,ゴールドドリーム,36,3%,14%,17%,,54(ＣＷ),38,コース平均,https://stride.get-luck.jp/member/race_viewer_test.php?racedate=20260829&racekey=07263312&jo=1&idpm=iFT66JycF8pFY,PASS
2026-08-29,札幌,1,202601020301,01262301,10:00,1R ダ1700 ３歳未勝利 10:00,1,アズライトアスール,河原田菜々,36.4,14,高速底力,,36,Ｄ,Ｄ,13,34,34,-12,11,29%,36 (13),42 (12),56 (3),56 (5),53 (6),13,16,内,13,15,最内,13,16,内,53,,54,"枠脚質×,直近◎",14,14%,21%,21%,鈴木孝志,山岡トレセン,3,64,13 %,23 %,44 %,,,,,牡,3,普,普,中標,△,スピ無し,,,ミッキーアイル,31,3%,10%,16%,39(札ダ),51(札ダ),34,コース平均,https://stride.get-luck.jp/member/race_viewer_test.php?racedate=20260829&racekey=01262301&jo=2&idpm=iFT66JycF8pFY,PASS
2026-08-29,札幌,1,202601020301,01262301,10:00,1R ダ1700 ３歳未勝利 10:00,2,ロードステラート,横山和生,8.8,6,超低速バランス,,62,Ｃ,Ｃ,9,41,39,0,5,0%,53 (5),63 (3),63 (2),44 (11),35 (14),5,5,最内,3,1,中,9,9,中,57,[久][続],69,"馬主○,コース×,直近○",112,13%,26%,47%,武英智,ケイアイファーム,2,,,,,,,,,牡,3,普,普,中標ベ,◎,物見,一本調子,スタミ○,キタサンブラック,33,12%,27%,33%,,63(札芝),39,コース平均,https://stride.get-luck.jp/member/race_viewer_test.php?racedate=20260829&racekey=01262301&jo=2&idpm=iFT66JycF8pFY,PASS
2026-08-29,札幌,1,202601020301,01262301,10:00,1R ダ1700 ３歳未勝利 10:00,3,アスコットダンス,古川奈穂,23.1,12,中速持続,,45,Ｄ,Ｄ,11,36,26,-18,14,0%,64 (2),50 (7),32 (14),28 (14),39 (12),2,1,内,4,4,最内,11,13,最内,53,[先][追],41,コース×,77,3%,4%,5%,高橋康之,日高軽種馬共同育成,1,28,7 %,11 %,11 %,,,,,牝,3,普,普,小標ベ,○,芝向き,完歩小さ,腰甘い,モズアスコット,9,22%,67%,67%,42(札ダ),39(札ダ),26,コーステン重点,https://stride.get-luck.jp/member/race_viewer_test.php?racedate=20260829&racekey=01262301&jo=2&idpm=iFT66JycF8pFY,PASS
2026-08-29,札幌,1,202601020301,01262301,10:00,1R ダ1700 ３歳未勝利 10:00,4,ショウナンタヅナ,池添謙一,8.7,5,低速持続,,63,Ｃ,Ｃ,7,40,39,-1,6,46%,50 (8),44 (10),42 (11),55 (6),61 (3),6,7,最内,7,9,最内,7,8,内,57,[続][瞬],60,"馬主○,コース○,枠脚質×",69,10%,16%,28%,武市康男,ＫＳトレーニングＣ,6,3,0 %,33 %,100 %,,,,,牡,3,短,普,中標ベ,△,気難しい,完歩小さ,腰甘い,ドレフォン,120,10%,19%,30%,,77(札ダ),39,コーステン重点,https://stride.get-luck.jp/member/race_viewer_test.php?racedate=20260829&racekey=01262301&jo=2&idpm=iFT66JycF8pFY,PASS
2026-08-29,札幌,1,202601020301,01262301,10:00,1R ダ1700 ３歳未勝利 10:00,5,フロムザムーン,石川倭,21.9,10,低速持続,,52,Ｄ,Ｄ,10,34,35,-11,10,45%,36 (14),33 (14),44 (10),59 (2),63 (2),14,17,最内,14,19,最内,10,11,外,57,,51,,26,12%,15%,19%,畑端省吾,吉澤Ｓ－ＷＥＳＴ,3,13,8 %,15 %,23 %,1,0%,0%,0 %,牡,3,普,普,小標起,△,気難しい,,,ルヴァンスレーヴ,51,10%,20%,27%,42(函Ｗ),46(函Ｗ),35,コース平均,https://stride.get-luck.jp/member/race_viewer_test.php?racedate=20260829&racekey=01262301&jo=2&idpm=iFT66JycF8pFY,PASS
2026-08-29,札幌,1,202601020301,01262301,10:00,1R ダ1700 ３歳未勝利 10:00,6,ワンダーアスク,川又賢治,13.5,8,低速スタミナ,,69,Ｃ,ＡＡ,2,45,38,3,2,0%,65 (1),67 (1),55 (4),47 (10),43 (11),3,2,最内,1,0,内,2,6,内,55,[先][続][瞬],38,,30,0%,3%,7%,笹田和秀,キャニオンファーム土山,5,,,,,,,,,牝,3,普,普,小標,○,揉れ弱い,他馬気に,ダ大丈夫,オルフェーヴル,40,5%,10%,20%,21(函Ｗ),56(函Ｗ),38,コース平均,https://stride.get-luck.jp/member/race_viewer_test.php?racedate=20260829&racekey=01262301&jo=2&idpm=iFT66JycF8pFY,PASS
2026-08-29,札幌,1,202601020301,01262301,10:00,1R ダ1700 ３歳未勝利 10:00,7,ダリアフレイバー,鮫島克駿,23.0,11,超低速バランス,,42,Ｄ,Ｄ,12,30,33,-17,13,33%,42 (11),45 (9),53 (6),58 (3),56 (4),10,13,中,12,14,中,12,14,中,55,[先][瞬],46,"コース×,枠脚質×",119,8%,19%,30%,河嶋宏樹,エクワインＲ,1,2,0 %,0 %,0 %,,,,,牝,3,普,普,中標,○,滞競馬○,食い細,,ルヴァンスレーヴ,51,10%,20%,27%,57(札芝),54(札芝),33,コース平均,https://stride.get-luck.jp/member/race_viewer_test.php?racedate=20260829&racekey=01262301&jo=2&idpm=iFT66JycF8pFY,PASS
2026-08-29,札幌,1,202601020301,01262301,10:00,1R ダ1700 ３歳未勝利 10:00,8,アイムスティルミー,古川吉洋,27.2,13,超低速持続,カスリ,29,Ｄ,Ｄ,14,28,39,-13,12,18%,50 (9),44 (11),42 (12),40 (12),45 (10),7,9,最内,9,12,最内,14,18,最内,57,[続][瞬],48,"コース×,枠脚質○,直近◎",120,5%,11%,17%,奥平雅士,ミルファーム千葉,1,59,0 %,5 %,10 %,3,0%,0%,0 %,セ,3,短,短,小標ベ,△,腰甘い,,,ダノンバラード,17,0%,6%,24%,44(南Ｗ),57(札ダ),39,コース平均,https://stride.get-luck.jp/member/race_viewer_test.php?racedate=20260829&racekey=01262301&jo=2&idpm=iFT66JycF8pFY,PASS
2026-08-29,札幌,1,202601020301,01262301,10:00,1R ダ1700 ３歳未勝利 10:00,9,ゴールデンダガー,横山琉人,6.2,2,超低速スタミナ,カスリ,64,Ｃ,Ｄ,8,42,40,2,4,14%,40 (12),55 (5),69 (1),66 (1),54 (5),11,14,最内,8,10,内,8,9,大外,57,[追][続],37,"コース×,枠脚質○,直近▲",66,2%,3%,9%,中舘英二,木村牧場,1,1,0 %,0 %,0 %,,,,,牡,3,短,短,中ベ,△,ダ向き,瞬発力×,,フィエールマン,5,0%,0%,0%,51(札ダ),62(札ダ),40,コース終い重点,https://stride.get-luck.jp/member/race_viewer_test.php?racedate=20260829&racekey=01262301&jo=2&idpm=iFT66JycF8pFY,PASS
2026-08-29,札幌,1,202601020301,01262301,10:00,1R ダ1700 ３歳未勝利 10:00,10,クールフィデル,落合玄太,14.4,9,中速バランス,,68,Ｃ,Ｓ,3,40,39,-1,7,29%,43 (10),47 (8),54 (5),51 (8),48 (8),12,14,内,11,13,内,3,7,中,57,,51,,12,0%,0%,0%,和田勇介,社台ファーム,2,3,0 %,0 %,0 %,,,,,牡,3,短,短,細標起,△,滞競馬○,上が速×,腰甘い,サートゥルナーリア,10,10%,10%,20%,,75(札ダ),39,コース平均,https://stride.get-luck.jp/member/race_viewer_test.php?racedate=20260829&racekey=01262301&jo=2&idpm=iFT66JycF8pFY,PASS
2026-08-29,札幌,1,202601020301,01262301,10:00,1R ダ1700 ３歳未勝利 10:00,11,メイショウタイザン,小沢大仁,12.7,7,低速バランス,,66,Ｃ,ＡＡ,6,43,40,3,3,22%,51 (6),40 (13),36 (13),57 (4),68 (1),9,9,中,10,12,中,6,7,大外,57,[先][瞬],37,"枠脚質○,直近▲",52,4%,8%,12%,高橋義忠,ヒイラギステーブル（ａｗａｊｉ）,6,,,,,,,,,牡,3,普,普,中標,△,小回向き,左モタレ,物見,ミッキーアイル,31,3%,10%,16%,,37(函Ｗ),40,コース終い重点,https://stride.get-luck.jp/member/race_viewer_test.php?racedate=20260829&racekey=01262301&jo=2&idpm=iFT66JycF8pFY,PASS
2026-08-29,札幌,1,202601020301,01262301,10:00,1R ダ1700 ３歳未勝利 10:00,12,サンオブザサン,斎藤新,3.9,1,超低速底力,ピッタリ,68,Ｄ,Ｓ,4,39,40,-1,8,25%,50 (7),51 (6),51 (8),52 (7),52 (7),8,9,内,6,7,最内,4,7,外,57,[追][続],47,"コース×,枠脚質○,直近◎",78,6%,14%,26%,高橋一哉,ファンタストクラブ,2,1,0 %,0 %,0 %,,,,,牡,3,普,普,中標,○,ブ効果○,腰甘い,,タニノフランケル,1,0%,100%,100%,,45(札ダ),40,コース平均,https://stride.get-luck.jp/member/race_viewer_test.php?racedate=20260829&racekey=01262301&jo=2&idpm=iFT66JycF8pFY,PASS
2026-08-29,札幌,1,202601020301,01262301,10:00,1R ダ1700 ３歳未勝利 10:00,13,ベルアズーロ,小林美駒,7.0,4,中速底力,,89,Ａ,Ｓ,1,52,40,12,1,0%,64 (3),64 (2),52 (7),48 (9),47 (9),1,0,最内,2,0,最内,1,0,最内,54,,56,"コース○,直近○",52,13%,25%,35%,西村真幸,アカデミー牧場,6,,,,,,,,,牡,3,普,普,中標,○,大トビ,,,フィレンツェファイア,2,50%,50%,50%,37(栗坂),29(札芝),40,坂路平均,https://stride.get-luck.jp/member/race_viewer_test.php?racedate=20260829&racekey=01262301&jo=2&idpm=iFT66JycF8pFY,PASS
2026-08-29,札幌,1,202601020301,01262301,10:00,1R ダ1700 ３歳未勝利 10:00,14,アーデルブリックス,北村友一,6.7,3,中速持続,,67,Ｃ,Ｄ,5,37,41,-2,9,0%,56 (4),56 (4),50 (9),37 (13),36 (13),4,4,内,5,5,内,5,7,最内,57,[先][続][瞬],65,"馬主○,コース○,直近○",57,18%,26%,28%,坂口智康,ノーザンＦ空港,1,9,11 %,22 %,33 %,1,0%,100%,100 %,牡,3,普,普,小標ベ,○,滞競馬○,一本調子,腰甘い,ブリックスアンドモルタル,16,0%,19%,19%,52(札ダ),59(札ダ),41,コース平均,https://stride.get-luck.jp/member/race_viewer_test.php?racedate=20260829&racekey=01262301&jo=2&idpm=iFT66JycF8pFY,PASS
2026-08-29,札幌,2,202601020302,01262302,10:30,2R 芝1500 ２歳未勝利 10:30,1,セールデュクール,和田陽希,46.4,13,中速バランス,ピッタリ,26,Ｄ,Ｄ,13,18,33,-25,12,100%,42 (11),40 (10),49 (7),29 (13),27 (13),13,8,内,10,4,中,13,15,中,52,,48,,11,0%,0%,9%,深山雅史,真歌トレーニングＰ,3,,,,,,,,,牝,2,普,普,小標ベ,△,腰甘い,,,ベンバトル,6,17%,17%,17%,,,33,,https://stride.get-luck.jp/member/race_viewer_test.php?racedate=20260829&racekey=01262302&jo=2&idpm=iFT66JycF8pFY,PASS
2026-08-29,札幌,2,202601020302,01262302,10:30,2R 芝1500 ２歳未勝利 10:30,2,ロゼハイスクール,古川奈穂,35.7,11,低速バランス,カスリ,35,Ｄ,Ｄ,12,19,30,-27,13,100%,43 (10),39 (11),46 (10),34 (12),34 (12),8,5,中,8,4,外,12,13,外,53,[先][追],42,枠脚質×,19,0%,5%,5%,小崎憲,日高軽種馬共同育成,1,,,,,,,,,牝,2,短,短,小標,○,,,,ミスチヴィアスアレックス,,,,,30(函Ｗ),52(札ダ),30,コース平均,https://stride.get-luck.jp/member/race_viewer_test.php?racedate=20260829&racekey=01262302&jo=2&idpm=iFT66JycF8pFY,PASS
2026-08-29,札幌,2,202601020302,01262302,10:30,2R 芝1500 ２歳未勝利 10:30,3,フォルトゥナロッサ,浜中俊,2.6,1,中速バランス,ピッタリ,75,Ｃ,Ａ,2,42,46,12,1,100%,46 (8),62 (2),65 (2),66 (1),61 (1),6,4,最内,2,0,内,2,1,内,55,[先][追][続][瞬],60,"調教師○,コース×,枠脚質×,直近○",51,10%,25%,43%,武幸四郎,社台ファーム鈴鹿,2,4,0 %,25 %,25 %,,,,,牝,2,普,普,中標,○,,,,サートゥルナーリア,48,19%,31%,48%,49(函Ｗ),56(函Ｗ),46,コース平均,https://stride.get-luck.jp/member/race_viewer_test.php?racedate=20260829&racekey=01262302&jo=2&idpm=iFT66JycF8pFY,PASS
2026-08-29,札幌,2,202601020302,01262302,10:30,2R 芝1500 ２歳未勝利 10:30,4,セイレイカ,横山典弘,7.9,5,中速バランス,ピッタリ,64,Ｃ,Ｄ,5,32,42,-2,6,0%,55 (5),51 (7),46 (11),52 (7),53 (6),10,6,内,7,2,内,5,4,中,55,[先][追][瞬],67,枠脚質○,15,20%,27%,40%,昆貢,ファンタストクラブ,2,59,5 %,14 %,29 %,,,,,牝,2,普,普,小標,○,,,,エフフォーリア,13,15%,31%,38%,51(札ダ),53(札ダ),42,コーステン重点,https://stride.get-luck.jp/member/race_viewer_test.php?racedate=20260829&racekey=01262302&jo=2&idpm=iFT66JycF8pFY,PASS
2026-08-29,札幌,2,202601020302,01262302,10:30,2R 芝1500 ２歳未勝利 10:30,5,タプティ,小沢大仁,5.7,2,中速持続,カスリ,64,Ｃ,Ｄ,6,34,38,-4,7,0%,62 (3),39 (12),27 (13),51 (8),60 (2),4,2,内,11,5,内,6,4,大外,55,[先][瞬],35,"枠脚質×,直近▲",17,12%,18%,18%,岡田稲男,宇治田原優駿Ｓ,2,122,9 %,16 %,26 %,,,,,牝,2,普,普,中標,○,ズブイ,,,ダノンスマッシュ,5,0%,0%,0%,,,38,,https://stride.get-luck.jp/member/race_viewer_test.php?racedate=20260829&racekey=01262302&jo=2&idpm=iFT66JycF8pFY,PASS
2026-08-29,札幌,2,202601020302,01262302,10:30,2R 芝1500 ２歳未勝利 10:30,6,ルギッドドランジュ,北村友一,7.3,4,中速持続,カスリ,67,Ｃ,Ｄ,4,38,40,2,3,0%,64 (1),61 (3),47 (9),53 (6),55 (5),2,1,中,1,0,外,4,3,外,55,[先][続][瞬],59,"枠脚質×,直近○",25,8%,12%,40%,秋本大介,９９．９,2,,,,,,,,,牝,2,普,普,小標,○,,,,ジャンダルム,2,0%,0%,50%,,55(函Ｗ),40,コース平均,https://stride.get-luck.jp/member/race_viewer_test.php?racedate=20260829&racekey=01262302&jo=2&idpm=iFT66JycF8pFY,PASS
2026-08-29,札幌,2,202601020302,01262302,10:30,2R 芝1500 ２歳未勝利 10:30,7,コイゾラ,河原田菜々,35.4,10,中速瞬発,カスリ,42,Ｄ,Ｄ,10,28,37,-11,9,0%,63 (2),59 (4),46 (12),43 (11),45 (11),1,0,最内,3,0,最内,10,10,最内,51,,64,直近◎,3,0%,0%,0%,浅利英明,松風馬事センター,1,22,0 %,9 %,14 %,,,,,牝,2,短,短,細標起,○,脚捌き△,腰甘い,,インディチャンプ,8,13%,25%,25%,63(美坂),50(札芝),37,併用終い重点,https://stride.get-luck.jp/member/race_viewer_test.php?racedate=20260829&racekey=01262302&jo=2&idpm=iFT66JycF8pFY,PASS
2026-08-29,札幌,2,202601020302,01262302,10:30,2R 芝1500 ２歳未勝利 10:30,8,リラカリス,丹内祐次,24.4,9,中速持続,カスリ,56,Ｄ,Ｄ,8,31,37,-8,8,50%,52 (6),52 (6),50 (6),49 (10),48 (9),3,2,最内,5,2,最内,8,6,内,55,[先][追],42,"コース×,枠脚質×,直近×",87,8%,17%,30%,新谷功一,チャンピオンヒルズ,3,40,5 %,18 %,30 %,,,,,牝,2,普,普,小ベ,△,突っ張る,スタミ×,完歩小さ,レイデオロ,43,5%,19%,23%,,55(札ダ),37,コース中重点,https://stride.get-luck.jp/member/race_viewer_test.php?racedate=20260829&racekey=01262302&jo=2&idpm=iFT66JycF8pFY,PASS
2026-08-29,札幌,2,202601020302,01262302,10:30,2R 芝1500 ２歳未勝利 10:30,9,ソーハッピー,小林美駒,8.3,6,中速バランス,ピッタリ,72,Ｃ,Ｓ,3,36,38,-2,5,0%,47 (7),48 (8),50 (5),57 (3),58 (4),5,3,中,6,2,中,3,1,大外,52,,56,"枠脚質×,直近○",22,14%,27%,32%,松下武士,浦河町,2,,,,,,,,,牝,2,普,普,小標ベ,△,,,,モズアスコット,24,8%,13%,25%,49(札ダ),,38,コーステン重点,https://stride.get-luck.jp/member/race_viewer_test.php?racedate=20260829&racekey=01262302&jo=2&idpm=iFT66JycF8pFY,PASS
2026-08-29,札幌,2,202601020302,01262302,10:30,2R 芝1500 ２歳未勝利 10:30,10,アヴレディール,吉田隼人,6.4,3,中速バランス,ピッタリ,78,Ｂ,Ａ,1,40,43,7,2,0%,59 (4),62 (1),53 (3),59 (2),58 (3),7,4,内,4,0,中,1,0,中,55,[追],44,"コース○,枠脚質×,直近▲",37,3%,14%,19%,松永幹夫,チャンピオンヒルズ,2,28,0 %,21 %,46 %,,,,,牝,2,普,普,小標ベ,△,,,,ジャスタウェイ,59,3%,19%,24%,60(函Ｗ),37(函Ｗ),43,コース終い重点,https://stride.get-luck.jp/member/race_viewer_test.php?racedate=20260829&racekey=01262302&jo=2&idpm=iFT66JycF8pFY,PASS
2026-08-29,札幌,2,202601020302,01262302,10:30,2R 芝1500 ２歳未勝利 10:30,11,ルイスイメル,遠藤汰月,46.3,12,中速バランス,ピッタリ,39,Ｄ,Ｄ,11,23,35,-18,11,0%,35 (13),33 (13),49 (8),49 (9),49 (8),12,8,最内,12,6,最内,11,11,内,52,,43,,5,0%,0%,0%,本田優,宇治田原優駿Ｓ,2,245,4 %,13 %,21 %,,,,,牝,2,普,普,小標ベ,△,,,,モズアスコット,24,8%,13%,25%,34(函Ｗ),49(札ダ),35,コース平均,https://stride.get-luck.jp/member/race_viewer_test.php?racedate=20260829&racekey=01262302&jo=2&idpm=iFT66JycF8pFY,PASS
2026-08-29,札幌,2,202601020302,01262302,10:30,2R 芝1500 ２歳未勝利 10:30,12,バタフライ,原田和真,12.9,7,中速バランス,ピッタリ,58,Ｄ,Ｄ,9,31,46,1,4,100%,46 (9),47 (9),51 (4),54 (5),53 (7),9,6,最内,9,4,最内,9,8,大外,55,[先][久],42,,9,0%,0%,0%,松山将樹,ケイアイファーム,2,,,,,,,,,牝,2,普,普,中標,○,,,,タワーオブロンドン,7,0%,14%,14%,63(札ダ),44(札ダ),46,コーステン重点,https://stride.get-luck.jp/member/race_viewer_test.php?racedate=20260829&racekey=01262302&jo=2&idpm=iFT66JycF8pFY,PASS
2026-08-29,札幌,2,202601020302,01262302,10:30,2R 芝1500 ２歳未勝利 10:30,13,サトノパラディ,鮫島克駿,18.6,8,中速バランス,ピッタリ,65,Ｃ,Ｓ,7,29,35,-12,10,0%,36 (12),57 (5),70 (1),55 (4),48 (10),11,7,中,13,6,中,7,6,大外,55,[先][瞬],47,"コース×,枠脚質○",57,5%,12%,21%,平田修,ノーザンＦ空港,1,21,10 %,14 %,24 %,1,0%,0%,0 %,牝,2,短,普,小標,○,完歩小さ,突っ張る,,サトノクラウン,48,4%,8%,19%,37(函Ｗ),46(函Ｗ),35,コース平均,https://stride.get-luck.jp/member/race_viewer_test.php?racedate=20260829&racekey=01262302&jo=2&idpm=iFT66JycF8pFY,PASS
2026-08-29,札幌,3,202601020303,01262303,11:00,3R 芝1800 ２歳未勝利 11:00,1,ダノンキューブ,武豊,2.0,1,中速バランス,,113,ＡＡ,Ｂ,1,44,43,11,1,0%,67 (1),71 (1),40 (10),52 (5),59 (1),1,0,内,1,0,最内,1,0,最内,55,[続][瞬],58,コース○,58,9%,26%,38%,橋口慎介,ノーザンＦ空港,1,15,7 %,13 %,20 %,,,,,牝,2,普,普,小標ベ,△,行たがる,腰甘い,,キタサンブラック,77,16%,26%,40%,65(函Ｗ),62(函Ｗ),43,コース終い重点,https://stride.get-luck.jp/member/race_viewer_test.php?racedate=20260829&racekey=01262303&jo=2&idpm=iFT66JycF8pFY,PASS
2026-08-29,札幌,3,202601020303,01262303,11:00,3R 芝1800 ２歳未勝利 11:00,2,サンゴート,河原田菜々,31.7,10,中速バランス,,49,Ｄ,Ｄ,8,29,27,-20,9,100%,42 (9),42 (8),56 (5),62 (3),58 (2),10,17,中,10,16,内,8,15,外,51,,60,直近◎,5,0%,0%,20%,村田一誠,加藤ステーブル,1,15,7 %,13 %,13 %,,,,,牝,2,短,短,,,スタミ○,腰甘い,,インディチャンプ,8,13%,25%,25%,,42(函Ｗ),27,コース平均,https://stride.get-luck.jp/member/race_viewer_test.php?racedate=20260829&racekey=01262303&jo=2&idpm=iFT66JycF8pFY,PASS
2026-08-29,札幌,3,202601020303,01262303,11:00,3R 芝1800 ２歳未勝利 11:00,3,エコロナイン,鮫島克駿,5.3,3,高速瞬発,,68,Ｃ,Ｄ,3,34,41,-1,3,0%,53 (4),54 (5),48 (6),52 (4),53 (7),4,9,内,4,8,内,3,10,中,55,[先][瞬],42,コース×,50,8%,24%,34%,加藤征弘,ノーザンファーム,1,7,14 %,14 %,14 %,,,,,牡,2,短,短,中標ベ,△,腰甘い,,,セントマークスバシリカ,1,0%,0%,0%,60(函Ｗ),64(函Ｗ),41,コース中重点,https://stride.get-luck.jp/member/race_viewer_test.php?racedate=20260829&racekey=01262303&jo=2&idpm=iFT66JycF8pFY,PASS
2026-08-29,札幌,3,202601020303,01262303,11:00,3R 芝1800 ２歳未勝利 11:00,4,アイアムツヨスギル,池添謙一,18.7,7,低速瞬発,ピッタリ,41,Ｄ,Ｄ,9,18,34,-24,10,0%,38 (11),41 (10),62 (1),44 (8),35 (10),9,17,内,9,15,中,9,18,中,55,[続][瞬],48,"コース○,枠脚質○",29,17%,24%,41%,奥平雅士,山元トレセン,2,7,0 %,0 %,14 %,,,,,牡,2,普,普,中標,○,,フット×,,ロードカナロア,113,6%,16%,23%,,44(札ダ),34,コース終い重点,https://stride.get-luck.jp/member/race_viewer_test.php?racedate=20260829&racekey=01262303&jo=2&idpm=iFT66JycF8pFY,PASS
2026-08-29,札幌,3,202601020303,01262303,11:00,3R 芝1800 ２歳未勝利 11:00,5,ロマノヴェリテ,北村友一,5.2,2,低速瞬発,ピッタリ,69,Ｃ,Ｄ,2,33,38,-5,4,0%,43 (8),47 (6),59 (3),62 (2),56 (5),8,16,最内,8,14,内,2,9,外,55,[先][続][瞬],59,直近○,29,24%,45%,52%,中竹和也,大山ヒルズ,2,370,10 %,17 %,26 %,,,,,牡,2,普,普,小標,○,,,,コントレイル,30,13%,33%,43%,49(札ダ),31(札ダ),38,コース終い重点,https://stride.get-luck.jp/member/race_viewer_test.php?racedate=20260829&racekey=01262303&jo=2&idpm=iFT66JycF8pFY,PASS
2026-08-29,札幌,3,202601020303,01262303,11:00,3R 芝1800 ２歳未勝利 11:00,6,チェッリーニ,古川奈穂,24.8,9,中速バランス,,52,Ｄ,Ｄ,7,32,30,-14,7,100%,52 (5),42 (9),41 (9),49 (6),56 (4),5,10,最内,6,12,最内,7,14,内,53,[先][追],39,,22,0%,14%,14%,羽月友彦,ＪＯＪＩ　ＳＴＡＢＬＥ,2,17,0 %,0 %,0 %,,,,,牝,2,普,普,小標,○,,,,オルフェーヴル,89,8%,15%,24%,34(札ダ),15(札ダ),30,コース平均,https://stride.get-luck.jp/member/race_viewer_test.php?racedate=20260829&racekey=01262303&jo=2&idpm=iFT66JycF8pFY,PASS
2026-08-29,札幌,3,202601020303,01262303,11:00,3R 芝1800 ２歳未勝利 11:00,7,マシュマロデイズ,横山和生,8.9,4,中速持続,,60,Ｄ,Ｄ,6,35,42,1,2,100%,66 (2),60 (2),33 (11),40 (9),53 (8),2,1,最内,2,3,最内,6,12,最内,55,[久][続],69,"コース○,枠脚質○,直近○",48,15%,23%,33%,武英智,ノーザンファーム,2,1,100 %,100 %,100 %,,,,,牝,2,普,普,小標,△,,,,ホットロッドチャーリー,1,0%,0%,0%,,,42,,https://stride.get-luck.jp/member/race_viewer_test.php?racedate=20260829&racekey=01262303&jo=2&idpm=iFT66JycF8pFY,PASS
2026-08-29,札幌,3,202601020303,01262303,11:00,3R 芝1800 ２歳未勝利 11:00,8,トルネードサンダー,丹内祐次,15.5,6,中速バランス,,65,Ｃ,Ｓ,5,34,32,-10,6,0%,57 (3),54 (4),43 (8),49 (7),54 (6),3,7,最内,3,8,最内,5,10,内,55,[先][追],40,"コース×,枠脚質○,直近×",81,7%,23%,38%,安達昭夫,田口ファーム,1,5,0 %,0 %,20 %,1,0%,0%,0 %,牝,2,普,普,小ベ,△,,,,ヘンリーバローズ,8,13%,13%,50%,,44(札ダ),32,コース平均,https://stride.get-luck.jp/member/race_viewer_test.php?racedate=20260829&racekey=01262303&jo=2&idpm=iFT66JycF8pFY,PASS
2026-08-29,札幌,3,202601020303,01262303,11:00,3R 芝1800 ２歳未勝利 11:00,9,イドム,松本大輝,9.1,5,低速瞬発,ピッタリ,66,Ｃ,Ｃ,4,32,38,-6,5,0%,39 (10),44 (7),61 (2),65 (1),57 (3),11,18,最内,11,16,最内,4,10,大外,55,[先],43,,9,0%,11%,11%,高橋康之,浦河町,2,3,33 %,33 %,33 %,,,,,牡,2,短,短,小標ベ,△,,,,サトノクラウン,48,4%,8%,19%,45(函Ｗ),37(札ダ),38,コース平均,https://stride.get-luck.jp/member/race_viewer_test.php?racedate=20260829&racekey=01262303&jo=2&idpm=iFT66JycF8pFY,PASS
2026-08-29,札幌,3,202601020303,01262303,11:00,3R 芝1800 ２歳未勝利 11:00,10,マイネルサリーレ,斎藤新,24.0,8,中速持続,,40,Ｄ,Ｄ,10,21,37,-18,8,0%,48 (6),57 (3),58 (4),38 (10),32 (11),6,13,内,5,11,内,10,18,内,55,[追][続],49,"コース×,直近◎",41,10%,22%,32%,田島俊明,真歌トレーニングＰ,3,2,0 %,0 %,50 %,,,,,牡,2,短,短,小標ベ,△,,,,ゴールドシップ,160,9%,16%,28%,,63(函Ｗ),37,コース平均,https://stride.get-luck.jp/member/race_viewer_test.php?racedate=20260829&racekey=01262303&jo=2&idpm=iFT66JycF8pFY,PASS
2026-08-29,札幌,3,202601020303,01262303,11:00,3R 芝1800 ２歳未勝利 11:00,11,シャイニーヒーロー,大久保友雅,44.1,11,低速瞬発,ピッタリ,35,Ｄ,Ｄ,11,18,25,-33,11,0%,45 (7),39 (11),48 (7),37 (11),38 (9),7,14,最内,7,14,最内,11,20,最内,52,[続],43,,5,0%,0%,0%,畠山吉宏,門別町,2,1,0 %,0 %,0 %,,,,,牡,2,普,普,中標,○,,,,サトノアラジン,29,3%,7%,14%,,23(札ダ),25,コーステン重点,https://stride.get-luck.jp/member/race_viewer_test.php?racedate=20260829&racekey=01262303&jo=2&idpm=iFT66JycF8pFY,PASS
2026-08-29,札幌,4,202601020304,01262304,11:30,4R ダ1000 ３歳未勝利 11:30,1,ニシノギャルズ,石川倭,13.3,5,高速持続,,65,Ｃ,ＡＡ,3,38,41,-1,3,14%,46 (8),44 (11),44 (9),58 (3),60 (3),8,8,内,7,8,内,3,4,大外,55,,55,,5,20%,20%,20%,水野貴広,西山牧場阿見分場,2,48,8 %,15 %,19 %,1,0%,0%,0 %,牝,3,短,短,小ベ,△,腰甘い,,,セイウンコウセイ,1,0%,0%,0%,,,41,,https://stride.get-luck.jp/member/race_viewer_test.php?racedate=20260829&racekey=01262304&jo=2&idpm=iFT66JycF8pFY,PASS
2026-08-29,札幌,4,202601020304,01262304,11:30,4R ダ1000 ３歳未勝利 11:30,2,ゲレイロ,河原田菜々,17.8,7,超高速スタミナ,,53,Ｄ,Ｄ,6,32,35,-13,6,44%,64 (1),58 (2),43 (10),47 (10),49 (8),2,1,中,2,1,中,6,8,中,53,,62,直近◎,7,14%,29%,29%,今野貞一,宇治田原優駿Ｓ,4,7,29 %,29 %,29 %,,,,,牡,3,短,短,中標,△,滞競馬○,フット×,追頭上る,ミスターメロディ,10,20%,30%,40%,,59(札ダ),35,コース平均,https://stride.get-luck.jp/member/race_viewer_test.php?racedate=20260829&racekey=01262304&jo=2&idpm=iFT66JycF8pFY,PASS
2026-08-29,札幌,4,202601020304,01262304,11:30,4R ダ1000 ３歳未勝利 11:30,3,ハクサンレイホウ,黛弘人,24.9,10,高速底力,カスリ,55,Ｄ,Ｄ,5,33,30,-17,7,0%,59 (3),54 (3),44 (8),48 (7),50 (6),4,2,内,4,2,内,5,8,外,57,[先][追][久][続],38,,31,3%,10%,16%,武藤善則,吉澤Ｓ－ＥＡＳＴ,2,11,0 %,0 %,18 %,,,,,牡,3,短,短,小ベ,△,腰甘い,,,ハクサンムーン,2,0%,0%,0%,,41(札ダ),30,コース平均,https://stride.get-luck.jp/member/race_viewer_test.php?racedate=20260829&racekey=01262304&jo=2&idpm=iFT66JycF8pFY,PASS
2026-08-29,札幌,4,202601020304,01262304,11:30,4R ダ1000 ３歳未勝利 11:30,4,オスロクィーン,遠藤汰月,25.8,11,高速持続,,45,Ｄ,Ｄ,11,23,39,-18,9,40%,43 (11),46 (9),53 (4),55 (4),54 (4),9,8,中,8,8,中,11,11,大外,52,,43,,6,0%,0%,17%,武井亮,エクワインＲ,1,23,0 %,26 %,30 %,2,0%,0%,0 %,牝,3,短,短,細標ベ,△,コーナ×,完歩小さ,突っ張る,リアムズマップ,,,,,55(札ダ),61(札ダ),39,コース平均,https://stride.get-luck.jp/member/race_viewer_test.php?racedate=20260829&racekey=01262304&jo=2&idpm=iFT66JycF8pFY,PASS
2026-08-29,札幌,4,202601020304,01262304,11:30,4R ダ1000 ３歳未勝利 11:30,5,アニマレイ,小林美駒,3.2,2,中速底力,ピッタリ,79,Ｂ,Ｃ,1,42,42,4,1,17%,49 (7),49 (7),50 (6),63 (1),64 (1),6,6,最内,6,6,最内,1,0,内,54,,61,直近○,25,24%,44%,52%,須貝尚介,ノーザンＦ空港,2,22,27 %,36 %,50 %,1,0%,0%,100 %,牡,3,短,短,小ベ,○,根性有り,腰甘い,,ニューイヤーズデイ,4,25%,25%,25%,,60(函Ｗ),42,コース平均,https://stride.get-luck.jp/member/race_viewer_test.php?racedate=20260829&racekey=01262304&jo=2&idpm=iFT66JycF8pFY,PASS
2026-08-29,札幌,4,202601020304,01262304,11:30,4R ダ1000 ３歳未勝利 11:30,6,ハイティー,武豊,3.1,1,高速持続,,59,Ｄ,Ａ,4,23,50,-7,5,0%,45 (9),46 (10),49 (7),44 (11),44 (10),10,10,最内,11,10,最内,4,7,大外,55,[続][瞬],65,,21,29%,52%,57%,木村哲也,ノーザンＦ天栄,2,59,17 %,27 %,37 %,,,,,牝,3,短,短,小標ベ,○,完歩小さ,,,ミスターメロディ,10,20%,30%,40%,54(札ダ),66(札ダ),50,コース終い重点,https://stride.get-luck.jp/member/race_viewer_test.php?racedate=20260829&racekey=01262304&jo=2&idpm=iFT66JycF8pFY,PASS
2026-08-29,札幌,4,202601020304,01262304,11:30,4R ダ1000 ３歳未勝利 11:30,7,フェイスリフト,古川吉洋,4.4,3,中速スタミナ,カスリ,79,Ｂ,Ｃ,2,42,40,2,2,40%,44 (10),49 (8),59 (2),63 (2),61 (2),11,10,内,10,10,内,2,1,外,57,[続][瞬],51,"枠脚質×,直近◎",32,6%,6%,19%,嘉藤貴行,ミルファーム千葉,2,8,0 %,0 %,25 %,4,0%,0%,50 %,牡,3,短,短,細標ベ,◎,時計掛○,荒馬場○,平坦向き,フォーウィールドライブ,14,7%,36%,43%,,53(札ダ),40,コーステン重点,https://stride.get-luck.jp/member/race_viewer_test.php?racedate=20260829&racekey=01262304&jo=2&idpm=iFT66JycF8pFY,PASS
2026-08-29,札幌,4,202601020304,01262304,11:30,4R ダ1000 ３歳未勝利 11:30,8,ジューンマロン,川又賢治,30.3,12,高速瞬発,,45,Ｄ,Ｄ,10,18,39,-23,11,50%,58 (4),51 (6),37 (12),25 (12),27 (12),3,2,最内,3,2,最内,10,10,内,55,[先][続][瞬],36,,14,14%,29%,29%,武英智,チャンピオンヒルズ,2,309,8 %,16 %,27 %,,,,,牝,3,普,普,中標,○,落着ほし,脚外振走,突っ張る,ダノンキングリー,3,0%,0%,0%,53(函Ｗ),59(札芝),39,コース終い重点,https://stride.get-luck.jp/member/race_viewer_test.php?racedate=20260829&racekey=01262304&jo=2&idpm=iFT66JycF8pFY,PASS
2026-08-29,札幌,4,202601020304,01262304,11:30,4R ダ1000 ３歳未勝利 11:30,9,ディースカウ,吉田隼人,22.8,8,低速瞬発,,32,Ｄ,Ｄ,12,13,33,-34,12,0%,27 (12),27 (12),40 (11),48 (8),51 (5),12,18,最内,12,18,最内,12,14,最内,57,[追],48,"枠脚質○,直近▲",14,7%,7%,21%,須貝尚介,ノルマンディーＦ小野町,1,,,,,,,,,牡,3,普,普,中立,△,,,,エピファネイア,10,0%,0%,10%,35(札ダ),63(札ダ),33,コース平均,https://stride.get-luck.jp/member/race_viewer_test.php?racedate=20260829&racekey=01262304&jo=2&idpm=iFT66JycF8pFY,PASS
2026-08-29,札幌,4,202601020304,01262304,11:30,4R ダ1000 ３歳未勝利 11:30,10,マッシブショット,横山琉人,24.5,9,低速底力,カスリ,53,Ｄ,Ｄ,8,29,28,-23,10,17%,50 (6),53 (4),57 (3),51 (5),49 (7),7,8,最内,9,8,最内,8,8,内,57,[追][続],40,直近▲,25,12%,24%,36%,武藤善則,ブルーステーブル,1,30,3 %,17 %,23 %,3,0%,0%,0 %,セ,3,普,普,小ベ,△,砂被る×,追頭上る,完歩小さ,ヴァンゴッホ,1,0%,0%,100%,,33(札ダ),28,コース平均,https://stride.get-luck.jp/member/race_viewer_test.php?racedate=20260829&racekey=01262304&jo=2&idpm=iFT66JycF8pFY,PASS
2026-08-29,札幌,4,202601020304,01262304,11:30,4R ダ1000 ３歳未勝利 11:30,11,ミスマラッカ,鮫島克駿,14.9,6,中速スタミナ,カスリ,51,Ｄ,Ｄ,9,29,33,-18,8,0%,53 (5),53 (5),51 (5),48 (9),47 (9),5,4,最内,5,4,最内,9,9,大外,55,[先][瞬],57,枠脚質○,29,7%,17%,24%,本間忍,ＫＳトレーニングＣ,3,53,4 %,4 %,9 %,,,,,牝,3,短,短,中標ベ,△,腰甘い,,,マテラスカイ,,,,,37(函Ｗ),50(札ダ),33,コーステン重点,https://stride.get-luck.jp/member/race_viewer_test.php?racedate=20260829&racekey=01262304&jo=2&idpm=iFT66JycF8pFY,PASS
2026-08-29,札幌,4,202601020304,01262304,11:30,4R ダ1000 ３歳未勝利 11:30,12,スマートコーラル,古川奈穂,11.8,4,超低速スタミナ,,53,Ｄ,Ｄ,7,36,37,-7,4,10%,61 (2),70 (1),74 (1),49 (6),42 (11),1,0,最内,1,0,最内,7,8,最内,53,[先][追],44,,41,7%,22%,27%,石坂公一,田口トレーニングＦ,2,,,,,,,,,牝,3,普,普,中標,○,ブ効果○,大トビ,,マジェスティックウォリアー,15,20%,27%,40%,59(函Ｗ),43(函芝),37,コース平均,https://stride.get-luck.jp/member/race_viewer_test.php?racedate=20260829&racekey=01262304&jo=2&idpm=iFT66JycF8pFY,PASS
2026-08-29,札幌,5,202601020305,01262305,12:20,5R ダ1700 ２歳新馬 12:20,1,ユーフォナイト,武豊,6.3,3,,,69,Ｃ,Ｄ,6,28,42,2,2,,58 (4),51 (4),38 (12),44 (13),55 (5),4,3,内,5,7,内,6,11,内,55,[続][瞬],64,コース○,89,20%,37%,47%,加藤征弘,浦河町,1,2,0 %,50 %,50 %,,,,,牡,2,,,,,,,,ドレフォン,120,10%,19%,30%,65(函Ｗ),57(函Ｗ),42,コース中重点,https://stride.get-luck.jp/member/race_viewer_test.php?racedate=20260829&racekey=01262305&jo=2&idpm=iFT66JycF8pFY,PASS
2026-08-29,札幌,5,202601020305,01262305,12:20,5R ダ1700 ２歳新馬 12:20,2,ハイネスプラウド,河原田菜々,22.0,10,,,43,Ｄ,Ｄ,11,13,33,-22,10,,39 (14),41 (10),55 (5),46 (5),40 (10),13,15,最内,13,17,最内,11,19,最内,51,,59,直近◎,14,14%,21%,21%,武井亮,ノーザンＦ天栄,1,310,15 %,23 %,34 %,,,,,牡,2,,,,,,,,クリソベリル,23,13%,17%,22%,54(南Ｗ),56(札ダ),33,併用平均,https://stride.get-luck.jp/member/race_viewer_test.php?racedate=20260829&racekey=01262305&jo=2&idpm=iFT66JycF8pFY,PASS
2026-08-29,札幌,5,202601020305,01262305,12:20,5R ダ1700 ２歳新馬 12:20,3,ロンバルディア,丹内祐次,9.4,5,,,71,Ｃ,Ｓ,5,26,34,-8,5,,58 (5),51 (5),38 (13),44 (12),55 (6),6,4,中,6,7,外,5,11,外,55,[先][追],44,"コース○,直近×",198,11%,25%,38%,伊藤圭三,ファンタストクラブ,1,63,10 %,16 %,29 %,,,,,牡,2,,,,,,,,ルヴァンスレーヴ,51,10%,20%,27%,43(函Ｗ),50(函Ｗ),34,コース平均,https://stride.get-luck.jp/member/race_viewer_test.php?racedate=20260829&racekey=01262305&jo=2&idpm=iFT66JycF8pFY,PASS
2026-08-29,札幌,5,202601020305,01262305,12:20,5R ダ1700 ２歳新馬 12:20,4,ウィナーズクロノ,松本大輝,24.8,12,,,38,Ｄ,Ｄ,14,13,30,-25,14,,39 (9),41 (11),55 (6),46 (10),40 (14),14,15,内,14,17,内,14,21,中,55,[先],44,,43,5%,9%,12%,昆貢,ファンタストクラブ,1,136,7 %,15 %,24 %,,,,,牡,2,,,,,,,,フィレンツェファイア,2,50%,50%,50%,42(函Ｗ),41(札ダ),30,コーステン重点,https://stride.get-luck.jp/member/race_viewer_test.php?racedate=20260829&racekey=01262305&jo=2&idpm=iFT66JycF8pFY,PASS
2026-08-29,札幌,5,202601020305,01262305,12:20,5R ダ1700 ２歳新馬 12:20,5,フィールザウィル,小沢大仁,16.9,7,,,39,Ｄ,Ｄ,13,13,33,-22,11,,39 (10),41 (14),55 (4),46 (7),40 (11),12,14,中,12,16,外,13,20,大外,55,[先][瞬],35,直近▲,52,4%,8%,12%,伊藤大士,田口トレーニングＦ,1,24,8 %,8 %,13 %,,,,,牝,2,,,,,,,,ウィルテイクチャージ,1,0%,0%,0%,60(札ダ),29(札芝),33,併用平均,https://stride.get-luck.jp/member/race_viewer_test.php?racedate=20260829&racekey=01262305&jo=2&idpm=iFT66JycF8pFY,PASS
2026-08-29,札幌,5,202601020305,01262305,12:20,5R ダ1700 ２歳新馬 12:20,6,コスモセイント,池添謙一,18.3,9,,,44,Ｄ,Ｄ,10,13,33,-22,9,,39 (11),41 (12),55 (8),46 (4),40 (9),9,12,中,11,15,中,10,19,外,55,[続][瞬],48,コース○,69,10%,16%,28%,矢嶋大樹,山元トレセン,1,27,0 %,7 %,15 %,,,,,牡,2,,,,,,,,クリソベリル,23,13%,17%,22%,50(美坂),60(札ダ),33,併用平均,https://stride.get-luck.jp/member/race_viewer_test.php?racedate=20260829&racekey=01262305&jo=2&idpm=iFT66JycF8pFY,PASS
2026-08-29,札幌,5,202601020305,01262305,12:20,5R ダ1700 ２歳新馬 12:20,7,フクノブロッサム,遠藤汰月,44.2,14,,,40,Ｄ,Ｄ,12,13,33,-22,12,,39 (12),41 (9),55 (9),46 (9),40 (12),10,13,最内,9,15,最内,12,20,内,52,,41,,7,0%,0%,14%,竹内正洋,高橋ＴＣ,1,2,0 %,0 %,0 %,,,,,牝,2,,,,,,,,アルアイン,5,0%,20%,20%,53(札ダ),62(札ダ),33,コース平均,https://stride.get-luck.jp/member/race_viewer_test.php?racedate=20260829&racekey=01262305&jo=2&idpm=iFT66JycF8pFY,PASS
2026-08-29,札幌,5,202601020305,01262305,12:20,5R ダ1700 ２歳新馬 12:20,8,テンラッキーロード,鮫島克駿,6.9,4,,,78,Ｂ,Ａ,3,30,34,-4,4,,59 (3),66 (2),62 (1),68 (2),60 (2),2,2,最内,2,2,最内,3,9,最内,55,[先][瞬],57,"調教師○,コース×",119,8%,19%,30%,高柳大輔,ノーザンファーム,1,5,0 %,0 %,0 %,,,,,牡,2,,,,,,,,ドレフォン,120,10%,19%,30%,57(札ダ),33(札ダ),34,コース平均,https://stride.get-luck.jp/member/race_viewer_test.php?racedate=20260829&racekey=01262305&jo=2&idpm=iFT66JycF8pFY,PASS
2026-08-29,札幌,5,202601020305,01262305,12:20,5R ダ1700 ２歳新馬 12:20,9,ハリケンライズ,石川倭,34.0,13,,,72,Ｃ,Ｓ,4,21,32,-15,7,,56 (7),51 (6),40 (10),46 (6),55 (7),7,5,内,7,8,中,4,10,中,55,,49,,26,12%,15%,19%,高柳大輔,チャンピオンヒルズ,1,154,14 %,22 %,33 %,,,,,牡,2,,,,,,,,モーリス,36,3%,6%,14%,54(函Ｗ),45(札ダ),32,併用テン重点,https://stride.get-luck.jp/member/race_viewer_test.php?racedate=20260829&racekey=01262305&jo=2&idpm=iFT66JycF8pFY,PASS
2026-08-29,札幌,5,202601020305,01262305,12:20,5R ダ1700 ２歳新馬 12:20,10,ゴーストミステリー,横山和生,3.4,1,,,113,ＡＡ,Ｓ,1,41,34,7,1,,63 (1),68 (1),57 (3),69 (1),68 (1),1,0,最内,1,0,最内,1,0,最内,55,[久][続],58,"コース×,直近○",112,13%,26%,47%,黒岩陽一,吉澤Ｓ－ＥＡＳＴ,1,180,6 %,10 %,13 %,,,,,牡,2,,,,,,,,ゴーストザッパー,4,0%,50%,50%,50(札ダ),57(札ダ),34,コース平均,https://stride.get-luck.jp/member/race_viewer_test.php?racedate=20260829&racekey=01262305&jo=2&idpm=iFT66JycF8pFY,PASS
2026-08-29,札幌,5,202601020305,01262305,12:20,5R ダ1700 ２歳新馬 12:20,11,モントリオール,横山武史,4.7,2,,,86,Ａ,Ａ,2,31,38,1,3,,59 (2),66 (3),62 (2),68 (3),60 (3),3,2,中,3,2,内,2,6,内,55,[続][瞬],51,"コース○,直近▲",148,18%,30%,39%,松尾卓哉,ノーザンＦ天栄,1,6,17 %,17 %,17 %,,,,,牡,2,,,,,,,,ニューイヤーズデイ,31,10%,13%,23%,57(南Ｗ),61(札ダ),38,併用平均,https://stride.get-luck.jp/member/race_viewer_test.php?racedate=20260829&racekey=01262305&jo=2&idpm=iFT66JycF8pFY,PASS
2026-08-29,札幌,5,202601020305,01262305,12:20,5R ダ1700 ２歳新馬 12:20,12,リュウノタキノボリ,横山琉人,17.6,8,,,50,Ｄ,Ｄ,8,18,33,-17,8,,55 (8),47 (8),35 (14),40 (14),53 (8),8,6,最内,8,10,最内,8,17,最内,55,[追][続],34,"コース×,直近▲",66,2%,3%,9%,堀内岳志,エスティＦ小見川,1,106,2 %,8 %,13 %,,,,,牡,2,,,,,,,,タワーオブロンドン,4,0%,0%,50%,63(美坂),38(南Ｗ),33,併用終い重点,https://stride.get-luck.jp/member/race_viewer_test.php?racedate=20260829&racekey=01262305&jo=2&idpm=iFT66JycF8pFY,PASS
2026-08-29,札幌,5,202601020305,01262305,12:20,5R ダ1700 ２歳新馬 12:20,13,ルクシエル,斎藤新,23.3,11,,,44,Ｄ,Ｄ,9,13,33,-22,13,,39 (13),41 (13),55 (7),46 (8),40 (13),11,13,内,10,15,内,9,19,中,55,[追][続],48,"コース×,直近◎",78,6%,14%,26%,浜田多実雄,新冠町,1,,,,,,,,,牡,2,,,,,,,,シニスターミニスター,90,11%,24%,28%,56(函Ｗ),51(函Ｗ),33,コース平均,https://stride.get-luck.jp/member/race_viewer_test.php?racedate=20260829&racekey=01262305&jo=2&idpm=iFT66JycF8pFY,PASS
2026-08-29,札幌,5,202601020305,01262305,12:20,5R ダ1700 ２歳新馬 12:20,14,ルボワ,北村友一,11.9,6,,,64,Ｃ,Ａ,7,25,34,-9,6,,58 (6),51 (7),38 (11),44 (11),55 (4),5,4,最内,4,7,最内,7,13,最内,55,[先][続][瞬],67,"コース○,直近○",57,18%,26%,28%,杉山佳明,ノーザンＦ空港,1,22,9 %,23 %,27 %,,,,,牡,2,,,,,,,,ブリックスアンドモルタル,16,0%,19%,19%,57(函Ｗ),57(函Ｗ),34,コーステン重点,https://stride.get-luck.jp/member/race_viewer_test.php?racedate=20260829&racekey=01262305&jo=2&idpm=iFT66JycF8pFY,PASS
2026-08-29,札幌,6,202601020306,01262306,12:50,6R 芝1500 ３歳未勝利 12:50,1,ヒルノボローニャ,古川吉洋,29.3,11,中速バランス,カスリ,35,Ｄ,Ｄ,14,33,43,-12,12,0%,73 (1),57 (4),41 (12),34 (14),33 (14),1,0,最内,2,0,最内,14,13,最内,57,[続][瞬],52,"馬主○,直近◎",32,3%,9%,22%,昆貢,ファンタストクラブ,1,136,7 %,15 %,24 %,1,0%,0%,0 %,セ,3,普,普,中標,○,追頭上る,突っ張る,,アメリカンペイトリオット,23,4%,4%,13%,59(札ダ),68(札芝),43,コース平均,https://stride.get-luck.jp/member/race_viewer_test.php?racedate=20260829&racekey=01262306&jo=2&idpm=iFT66JycF8pFY,PASS
2026-08-29,札幌,6,202601020306,01262306,12:50,6R 芝1500 ３歳未勝利 12:50,2,フレンチブラッサム,横山典弘,14.3,9,低速スタミナ,,47,Ｄ,Ｄ,10,39,43,-6,9,11%,45 (12),51 (9),54 (6),50 (8),44 (10),11,13,中,8,3,外,10,9,大外,55,[先][追][瞬],52,枠脚質×,15,20%,27%,40%,柄崎将寿,高橋ＴＣ,4,,,,,,,,,牝,3,短,短,細ベ,△,気悪,追頭上る,ズブイ,ホッコータルマエ,6,0%,0%,0%,,,43,,https://stride.get-luck.jp/member/race_viewer_test.php?racedate=20260829&racekey=01262306&jo=2&idpm=iFT66JycF8pFY,PASS
2026-08-29,札幌,6,202601020306,01262306,12:50,6R 芝1500 ３歳未勝利 12:50,3,イトシサ,北村友一,11.4,5,低速持続,カスリ,66,Ｃ,Ａ,5,41,44,-3,6,0%,56 (2),55 (5),50 (8),49 (10),47 (9),5,8,内,6,2,内,5,3,外,57,[先][続][瞬],51,"枠脚質×,直近○",25,8%,12%,40%,田中博康,ノーザンＦ天栄,4,1,100 %,100 %,100 %,,,,,牡,3,短,短,中標ベ,○,腰甘い,追頭上る,完歩小さ,インディチャンプ,8,13%,25%,25%,,55(函ダ),44,コース終い重点,https://stride.get-luck.jp/member/race_viewer_test.php?racedate=20260829&racekey=01262306&jo=2&idpm=iFT66JycF8pFY,PASS
2026-08-29,札幌,6,202601020306,01262306,12:50,6R 芝1500 ３歳未勝利 12:50,4,ヒメヒオウギ,河原田菜々,14.1,8,中速バランス,カスリ,62,Ｃ,Ｓ,7,42,40,-6,8,9%,52 (7),52 (7),50 (9),54 (4),59 (4),6,10,最内,5,2,最内,7,4,内,51,,63,"枠脚質×,直近◎",3,0%,0%,0%,中竹和也,山口ステーブル,3,,,,,,,,,牝,3,短,短,小標ベ,△,滞競馬○,芝重い×,上が速×,コントレイル,30,13%,33%,43%,,50(札ダ),40,コース平均,https://stride.get-luck.jp/member/race_viewer_test.php?racedate=20260829&racekey=01262306&jo=2&idpm=iFT66JycF8pFY,PASS
2026-08-29,札幌,6,202601020306,01262306,12:50,6R 芝1500 ３歳未勝利 12:50,5,グリニッジローズ,落合玄太,50.1,14,超高速底力,,44,Ｄ,Ｄ,11,31,43,-14,13,0%,55 (4),39 (13),37 (13),34 (13),39 (12),3,7,中,12,6,内,11,10,内,55,,50,,8,0%,13%,25%,田中剛,グランデファーム,1,5,0 %,0 %,0 %,2,0%,0%,0 %,牝,3,短,短,小標ベ,△,芝×,,,タワーオブロンドン,7,0%,14%,14%,,59(札ダ),43,コース終い重点,https://stride.get-luck.jp/member/race_viewer_test.php?racedate=20260829&racekey=01262306&jo=2&idpm=iFT66JycF8pFY,PASS
2026-08-29,札幌,6,202601020306,01262306,12:50,6R 芝1500 ３歳未勝利 12:50,6,エイシンキーンラン,横山琉人,11.6,6,中速瞬発,,65,Ｃ,Ａ,6,45,57,14,1,0%,47 (10),52 (6),54 (7),54 (6),51 (7),7,10,内,7,2,中,6,3,中,55,[追][続],36,直近▲,30,0%,3%,3%,田中剛,阿見トレセン,2,50,4 %,8 %,12 %,1,0%,0%,0 %,牝,3,短,短,小ベ,△,腰甘い,,,エイシンヒカリ,19,5%,11%,26%,,62(札ダ),57,コース終い重点,https://stride.get-luck.jp/member/race_viewer_test.php?racedate=20260829&racekey=01262306&jo=2&idpm=iFT66JycF8pFY,PASS
2026-08-29,札幌,6,202601020306,01262306,12:50,6R 芝1500 ３歳未勝利 12:50,7,ランウェイミューズ,丹内祐次,6.5,3,中速持続,ピッタリ,75,Ｂ,Ａ,2,44,49,5,3,20%,53 (6),62 (1),58 (4),54 (5),43 (11),8,10,中,1,0,中,2,1,中,55,[先][追],39,"コース×,枠脚質×,直近×",87,8%,17%,30%,竹内正洋,ノーザンＦ空港,2,,,,,,,,,牝,3,短,短,細ベ,○,平坦向き,非力,時計掛○,シルバーステート,75,5%,17%,29%,,60(札ダ),49,コース平均,https://stride.get-luck.jp/member/race_viewer_test.php?racedate=20260829&racekey=01262306&jo=2&idpm=iFT66JycF8pFY,PASS
2026-08-29,札幌,6,202601020306,01262306,12:50,6R 芝1500 ３歳未勝利 12:50,8,サートゥルチェア,横山和生,8.8,4,中速瞬発,,68,Ｃ,Ｃ,4,43,44,-1,5,0%,36 (13),51 (10),60 (2),66 (1),67 (1),12,14,最内,9,4,中,4,3,大外,55,[久][続],70,"コース○,枠脚質○,直近○",47,15%,26%,32%,嘉藤貴行,ＫＳトレーニングＣ,1,173,9 %,18 %,25 %,2,0%,0%,50 %,牝,3,短,短,細ベ,△,脚外振走,腰甘い,,サートゥルナーリア,48,19%,31%,48%,54(函Ｗ),58(札ダ),44,コース平均,https://stride.get-luck.jp/member/race_viewer_test.php?racedate=20260829&racekey=01262306&jo=2&idpm=iFT66JycF8pFY,PASS
2026-08-29,札幌,6,202601020306,01262306,12:50,6R 芝1500 ３歳未勝利 12:50,9,ハイバーニアン,長浜鴻緒,33.2,12,超高速底力,,38,Ｄ,Ｄ,13,33,36,-19,14,100%,48 (9),22 (14),27 (14),37 (12),62 (2),10,12,内,14,11,最内,13,12,中,56,,41,枠脚質○,12,0%,17%,25%,高橋文雅,田中牧場,1,,,,,,,,,牡,3,短,短,小標,○,脚外振走,,,タリスマニック,18,6%,6%,11%,56(札ダ),64(札ダ),36,コース平均,https://stride.get-luck.jp/member/race_viewer_test.php?racedate=20260829&racekey=01262306&jo=2&idpm=iFT66JycF8pFY,PASS
2026-08-29,札幌,6,202601020306,01262306,12:50,6R 芝1500 ３歳未勝利 12:50,10,ジャーナーリア,池添謙一,16.6,10,中速スタミナ,,53,Ｄ,Ｄ,8,41,43,-4,7,0%,55 (5),46 (12),43 (11),46 (11),54 (6),2,6,最内,11,5,最内,8,7,中,57,[続][瞬],49,コース○,39,5%,15%,23%,本田優,宇治田原優駿Ｓ,8,2,0 %,0 %,50 %,1,0%,0%,100 %,牡,3,普,普,中標ベ,△,ダ向き,脚抜ダ○,,サートゥルナーリア,48,19%,31%,48%,,,43,,https://stride.get-luck.jp/member/race_viewer_test.php?racedate=20260829&racekey=01262306&jo=2&idpm=iFT66JycF8pFY,PASS
2026-08-29,札幌,6,202601020306,01262306,12:50,6R 芝1500 ３歳未勝利 12:50,11,ペカリーナ,小林美駒,4.7,2,高速持続,カスリ,78,Ｂ,Ｃ,1,48,48,8,2,0%,56 (3),60 (2),55 (5),55 (3),51 (8),4,8,最内,3,0,内,1,0,内,52,,63,"馬主○,直近○",22,14%,27%,32%,竹内正洋,ＫＳトレーニングＣ,3,73,7 %,16 %,30 %,1,0%,0%,100 %,牝,3,短,短,細標ベ,△,腰甘い,芝大丈夫,,ルーラーシップ,85,8%,19%,22%,56(札ダ),49(札ダ),48,コース平均,https://stride.get-luck.jp/member/race_viewer_test.php?racedate=20260829&racekey=01262306&jo=2&idpm=iFT66JycF8pFY,PASS
2026-08-29,札幌,6,202601020306,01262306,12:50,6R 芝1500 ３歳未勝利 12:50,12,サウンドファミリエ,吉田隼人,3.3,1,中速持続,ピッタリ,72,Ｄ,Ｓ,3,46,44,2,4,43%,31 (14),51 (8),64 (1),66 (2),60 (3),14,18,最内,13,7,最内,3,1,最内,55,[追],44,"コース○,枠脚質×,直近▲",37,3%,14%,19%,和田正一郎,和田牧場（千葉県）,5,12,0 %,25 %,42 %,,,,,牝,3,短,短,小標起,○,外枠○,大トビ,小回向き,シルバーステート,75,5%,17%,29%,,55(札ダ),44,コーステン重点,https://stride.get-luck.jp/member/race_viewer_test.php?racedate=20260829&racekey=01262306&jo=2&idpm=iFT66JycF8pFY,PASS
2026-08-29,札幌,6,202601020306,01262306,12:50,6R 芝1500 ３歳未勝利 12:50,13,シンデレラカラー,原田和真,46.9,13,中速持続,ピッタリ,42,Ｄ,Ｄ,12,38,42,-8,10,12%,45 (11),58 (3),60 (3),52 (7),37 (13),13,14,内,4,1,外,12,10,外,55,[先][久],39,,9,0%,0%,0%,加藤和宏,軽種馬育成調教Ｃ,1,2,0 %,0 %,0 %,1,0%,0%,0 %,牝,3,短,短,細ベ,○,使込×,ダ向き,上が速×,ビーチパトロール,23,4%,9%,17%,52(函Ｗ),47(札ダ),42,コーステン重点,https://stride.get-luck.jp/member/race_viewer_test.php?racedate=20260829&racekey=01262306&jo=2&idpm=iFT66JycF8pFY,PASS
2026-08-29,札幌,6,202601020306,01262306,12:50,6R 芝1500 ３歳未勝利 12:50,14,ビロングトゥミー,斎藤新,13.2,7,高速バランス,,49,Ｄ,Ｄ,9,37,43,-8,11,33%,48 (8),46 (11),47 (10),50 (9),54 (5),9,12,最内,10,4,内,9,8,内,55,[追][続],51,"コース×,枠脚質○,直近◎",32,6%,13%,28%,前川恭子,アクティファーム,1,,,,,,,,,牝,3,普,普,小標ベ,△,食い細,突っ張る,,ジャスタウェイ,59,3%,19%,24%,15(札ダ),80(札芝),43,コース平均,https://stride.get-luck.jp/member/race_viewer_test.php?racedate=20260829&racekey=01262306&jo=2&idpm=iFT66JycF8pFY,PASS
2026-08-29,札幌,7,202601020307,01262307,13:20,7R 芝1200 ３歳上１勝クラス 13:20,1,ハッピーラッキー,河原田菜々,8.6,5,高速持続,,59,Ｄ,Ｄ,8,52,55,-3,5,8%,56 (5),49 (9),44 (12),52 (8),54 (7),7,7,最内,7,3,内,8,6,大外,52,,55,"枠脚質×,直近◎",6,17%,33%,33%,武市康男,ＫＳトレーニングＣ,5,6,0 %,0 %,17 %,,,,,牡,3,短,短,小標ベ,○,馬込平気,追頭上る,時計掛○,ウインブライト,5,0%,0%,20%,,45(札ダ),55,コース平均,https://stride.get-luck.jp/member/race_viewer_test.php?racedate=20260829&racekey=01262307&jo=2&idpm=iFT66JycF8pFY,PASS
2026-08-29,札幌,7,202601020307,01262307,13:20,7R 芝1200 ３歳上１勝クラス 13:20,2,プリュノワール,横山武史,8.9,7,超高速スタミナ,ピッタリ,62,Ｃ,Ｃ,6,48,59,-3,6,27%,43 (12),53 (5),59 (3),54 (3),50 (11),13,11,最内,12,6,内,6,5,最内,56,[続][瞬],47,"コース○,枠脚質×,直近▲",76,14%,30%,45%,浅利英明,ノーザンＦ空港,1,,,,,,,,,牝,5,短,短,小ベ,△,時計速×,小回向き,荒馬場○,ロードカナロア,94,14%,26%,34%,63(札ダ),65(札ダ),59,コーステン重点,https://stride.get-luck.jp/member/race_viewer_test.php?racedate=20260829&racekey=01262307&jo=2&idpm=iFT66JycF8pFY,PASS
2026-08-29,札幌,7,202601020307,01262307,13:20,7R 芝1200 ３歳上１勝クラス 13:20,3,レッドカメリア,古川吉洋,53.5,13,超高速底力,カスリ,47,Ｄ,Ｄ,13,49,22,-39,16,17%,41 (13),35 (15),39 (16),54 (4),58 (2),10,9,最内,11,6,最内,13,10,内,56,[続][瞬],47,"枠脚質×,直近◎",53,4%,9%,13%,佐藤吉勝,ミルファーム千葉,5,4,0 %,0 %,25 %,1,0%,0%,0 %,牝,6,短,短,小ベ,△,完歩小さ,追頭上る,時計速×,レーヴミストラル,2,0%,0%,0%,,22(札ダ),22,コーステン重点,https://stride.get-luck.jp/member/race_viewer_test.php?racedate=20260829&racekey=01262307&jo=2&idpm=iFT66JycF8pFY,PASS
2026-08-29,札幌,7,202601020307,01262307,13:20,7R 芝1200 ３歳上１勝クラス 13:20,4,ニルマーネル,横山和生,8.6,6,高速底力,,74,Ｂ,Ｓ,3,52,56,-2,4,33%,46 (11),48 (11),51 (5),61 (1),59 (1),14,11,中,16,8,内,3,3,外,54,[久][続],64,"馬主○,枠脚質×,直近○",47,17%,32%,40%,小島茂之,ノーザンＦ空港,1,26,8 %,12 %,23 %,3,0%,0%,67 %,牝,3,短,短,細標ベ,△,腰甘い,渋馬場○,時計掛○,モーリス,58,7%,10%,22%,59(函Ｗ),62(函Ｗ),56,コース平均,https://stride.get-luck.jp/member/race_viewer_test.php?racedate=20260829&racekey=01262307&jo=2&idpm=iFT66JycF8pFY,PASS
2026-08-29,札幌,7,202601020307,01262307,13:20,7R 芝1200 ３歳上１勝クラス 13:20,5,グロリアスマーチ,鮫島克駿,12.9,8,中速バランス,,55,Ｄ,Ｄ,12,50,54,-6,9,0%,58 (4),78 (1),78 (1),53 (6),41 (15),4,5,最内,1,0,内,12,8,内,56,[先][瞬],60,"馬主○,コース○,枠脚質×",63,16%,24%,37%,須貝尚介,追分Ｆリリーバレー,2,4,25 %,50 %,50 %,1,0%,100%,100 %,牡,3,短,普,小標ベ,○,荒馬場○,上が速×,,モーリス,58,7%,10%,22%,50(函Ｗ),58(函芝),54,コース平均,https://stride.get-luck.jp/member/race_viewer_test.php?racedate=20260829&racekey=01262307&jo=2&idpm=iFT66JycF8pFY,PASS
2026-08-29,札幌,7,202601020307,01262307,13:20,7R 芝1200 ３歳上１勝クラス 13:20,6,ロードヴェルテクス,和田陽希,38.8,12,超高速スタミナ,ピッタリ,25,Ｄ,Ｄ,16,43,37,-30,15,50%,35 (15),33 (16),42 (15),51 (13),54 (6),15,12,内,14,7,中,16,16,外,53,,45,,15,0%,7%,13%,奥村豊,ケイアイファーム,1,5,0 %,20 %,40 %,1,0%,0%,0 %,牡,3,普,普,中標,△,一本調子,,,ドレフォン,35,9%,23%,31%,,50(札ダ),37,コース平均,https://stride.get-luck.jp/member/race_viewer_test.php?racedate=20260829&racekey=01262307&jo=2&idpm=iFT66JycF8pFY,PASS
2026-08-29,札幌,7,202601020307,01262307,13:20,7R 芝1200 ３歳上１勝クラス 13:20,7,ミレニアルピンク,斎藤新,24.4,10,超高速スタミナ,ピッタリ,56,Ｄ,Ｄ,10,52,47,-11,12,20%,69 (1),59 (2),44 (11),46 (15),49 (14),1,0,最内,3,0,最内,10,7,最内,54,[追][続],53,"枠脚質×,直近◎",45,7%,13%,18%,安田翔伍,宇治田原優駿Ｓ,4,1,0 %,0 %,0 %,,,,,牝,3,普,普,中標,◎,口向悪い,時計掛○,完歩小さ,ラブリーデイ,15,13%,20%,27%,45(札ダ),41(札ダ),47,コース平均,https://stride.get-luck.jp/member/race_viewer_test.php?racedate=20260829&racekey=01262307&jo=2&idpm=iFT66JycF8pFY,PASS
2026-08-29,札幌,7,202601020307,01262307,13:20,7R 芝1200 ３歳上１勝クラス 13:20,8,ジーティーエスピ,丹内祐次,6.7,4,高速スタミナ,カスリ,59,Ｄ,Ｄ,7,51,54,-5,8,0%,50 (10),56 (3),58 (4),54 (5),50 (12),11,9,中,13,6,外,7,6,内,58,[先][追],38,"コース×,枠脚質○,直近×",93,8%,13%,30%,中村直也,シュウジデイＦ,1,13,8 %,23 %,31 %,,,,,牡,4,普,普,中標,◎,小回向き,完歩小さ,福島向き,ドゥラメンテ,19,0%,16%,26%,59(札ダ),78(札ダ),54,コース平均,https://stride.get-luck.jp/member/race_viewer_test.php?racedate=20260829&racekey=01262307&jo=2&idpm=iFT66JycF8pFY,PASS
2026-08-29,札幌,7,202601020307,01262307,13:20,7R 芝1200 ３歳上１勝クラス 13:20,9,ラプランセス,横山琉人,5.5,2,高速バランス,,79,Ｂ,Ｂ,2,55,59,4,1,33%,50 (9),48 (10),48 (7),55 (2),56 (3),9,8,内,8,4,最内,2,0,内,54,[追][続],37,"枠脚質×,直近▲",34,0%,6%,6%,斎藤誠,山元トレセン,2,66,8 %,18 %,30 %,3,0%,0%,67 %,牝,3,短,短,小ベ,△,広馬場向,完歩小さ,上が速×,エピファネイア,18,0%,6%,6%,13(札ダ),62(札ダ),59,コース平均,https://stride.get-luck.jp/member/race_viewer_test.php?racedate=20260829&racekey=01262307&jo=2&idpm=iFT66JycF8pFY,PASS
2026-08-29,札幌,7,202601020307,01262307,13:20,7R 芝1200 ３歳上１勝クラス 13:20,10,ハルヒメ,小林美駒,14.1,9,超高速底力,カスリ,62,Ｃ,Ｓ,5,52,54,-4,7,9%,55 (6),51 (6),47 (8),52 (7),53 (8),3,4,内,2,0,中,5,5,中,51,,55,直近○,24,13%,25%,38%,矢嶋大樹,社台ファーム,1,1,0 %,0 %,100 %,1,0%,0%,100 %,牝,3,普,普,小標起,○,ブ効果○,ハナ拘ず,完歩小さ,マインドユアビスケッツ,12,17%,25%,33%,61(札ダ),61(札ダ),54,コース平均,https://stride.get-luck.jp/member/race_viewer_test.php?racedate=20260829&racekey=01262307&jo=2&idpm=iFT66JycF8pFY,PASS
2026-08-29,札幌,7,202601020307,01262307,13:20,7R 芝1200 ３歳上１勝クラス 13:20,11,ペガサスノース,落合玄太,66.9,15,超高速スタミナ,ピッタリ,55,Ｄ,Ｄ,11,48,43,-19,14,8%,31 (16),46 (12),62 (2),15 (16),16 (16),16,13,最内,15,8,最内,11,8,中,56,,50,,9,0%,0%,0%,高柳大輔,シュウジデイＦ,1,11,0 %,9 %,9 %,,,,,牝,4,普,普,中標,○,ダート×,揉れ弱い,気難しい,ロードカナロア,94,14%,26%,34%,,27(札ダ),43,コーステン重点,https://stride.get-luck.jp/member/race_viewer_test.php?racedate=20260829&racekey=01262307&jo=2&idpm=iFT66JycF8pFY,PASS
2026-08-29,札幌,7,202601020307,01262307,13:20,7R 芝1200 ３歳上１勝クラス 13:20,12,ペイシャアーサー,遠藤汰月,72.7,16,超高速底力,カスリ,32,Ｄ,Ｄ,15,42,54,-14,13,15%,40 (14),44 (14),51 (6),51 (12),51 (10),12,10,内,10,5,中,15,14,中,55,,34,,5,0%,0%,20%,本間忍,ブルーステーブル,4,8,0 %,0 %,50 %,1,0%,0%,100 %,牡,4,短,短,中標ベ,△,上が速×,時計速×,腰甘い,ビッグアーサー,68,9%,19%,25%,56(札ダ),73(札ダ),54,コース平均,https://stride.get-luck.jp/member/race_viewer_test.php?racedate=20260829&racekey=01262307&jo=2&idpm=iFT66JycF8pFY,PASS
2026-08-29,札幌,7,202601020307,01262307,13:20,7R 芝1200 ３歳上１勝クラス 13:20,13,ナンナンプー,石川倭,37.6,11,超高速スタミナ,ピッタリ,57,Ｄ,Ｄ,9,48,54,-8,10,22%,61 (2),54 (4),45 (10),47 (14),49 (13),6,6,内,4,1,外,9,7,外,56,,50,,8,13%,13%,13%,水野貴広,阿見トレセン,6,,,,,,,,,牝,4,短,短,小標ベ,○,上が速×,時計速×,時計掛○,フィエールマン,4,0%,25%,50%,,61(函Ｗ),54,コース平均,https://stride.get-luck.jp/member/race_viewer_test.php?racedate=20260829&racekey=01262307&jo=2&idpm=iFT66JycF8pFY,PASS
2026-08-29,札幌,7,202601020307,01262307,13:20,7R 芝1200 ３歳上１勝クラス 13:20,14,マグネシアブリック,北村友一,6.6,3,超高速持続,,65,Ｃ,Ｄ,4,53,56,-1,3,8%,52 (8),45 (13),43 (13),52 (10),54 (5),5,5,中,9,4,外,4,4,内,58,[先][続][瞬],54,"枠脚質○,直近○",29,3%,21%,24%,中舘英二,木村牧場,1,1,0 %,0 %,0 %,,,,,セ,4,短,短,小ベ,○,腰甘い,完歩小さ,,ブリックスアンドモルタル,12,0%,0%,0%,64(札ダ),50(札ダ),56,コース平均,https://stride.get-luck.jp/member/race_viewer_test.php?racedate=20260829&racekey=01262307&jo=2&idpm=iFT66JycF8pFY,PASS
2026-08-29,札幌,7,202601020307,01262307,13:20,7R 芝1200 ３歳上１勝クラス 13:20,15,ツルノマイハシ,武豊,4.3,1,超高速持続,,79,Ｂ,Ｓ,1,53,59,2,2,67%,59 (3),50 (8),42 (14),52 (9),54 (4),2,3,最内,6,2,最内,1,0,大外,54,[続][瞬],71,"コース○,枠脚質○",63,21%,37%,41%,杉浦宏昭,社台ファーム,1,11,0 %,0 %,9 %,,,,,牝,3,短,短,小標ベ,△,小回向き,腰甘い,,モーリス,58,7%,10%,22%,46(函Ｗ),73(札ダ),59,コース平均,https://stride.get-luck.jp/member/race_viewer_test.php?racedate=20260829&racekey=01262307&jo=2&idpm=iFT66JycF8pFY,PASS
2026-08-29,札幌,7,202601020307,01262307,13:20,7R 芝1200 ３歳上１勝クラス 13:20,16,スプリングデイ,黛弘人,56.1,14,高速スタミナ,カスリ,47,Ｄ,Ｄ,14,49,51,-10,11,29%,54 (7),51 (7),47 (9),51 (11),52 (9),8,7,中,5,2,中,14,10,中,56,[先][追][久][続],40,"馬主○,枠脚質×",45,9%,13%,18%,伊藤大士,ミルファーム,2,9,0 %,11 %,22 %,,,,,牝,5,短,短,小標ベ,○,時計速×,平坦向き,小回向き,ディスクリートキャット,23,9%,13%,26%,54(札ダ),29(札芝),51,コース平均,https://stride.get-luck.jp/member/race_viewer_test.php?racedate=20260829&racekey=01262307&jo=2&idpm=iFT66JycF8pFY,PASS
2026-08-29,札幌,8,202601020308,01262308,13:50,8R ダ1700 ３歳上１勝クラス(無料開放レース) 13:50,1,エコロゼルダ,斎藤新,22.0,9,高速バランス,,53,Ｄ,Ｄ,7,36,51,-17,7,33%,40 (10),47 (7),62 (1),48 (7),43 (9),11,20,内,9,19,内,7,14,最内,53,[追][続],50,"コース×,直近◎",78,6%,14%,26%,牧浦充徳,グリーンウッド,2,59,7 %,10 %,15 %,,,,,牝,3,短,短,中標ベ,○,,,,ブラックタイド,30,3%,3%,7%,13(札ダ),66(札ダ),51,コース平均,https://stride.get-luck.jp/member/race_viewer_test.php?racedate=20260829&racekey=01262308&jo=2&idpm=iFT66JycF8pFY,PASS
2026-08-29,札幌,8,202601020308,01262308,13:50,8R ダ1700 ３歳上１勝クラス(無料開放レース) 13:50,2,ガビーズメロディ,原田和真,40.8,11,超低速持続,カスリ,39,Ｄ,Ｄ,11,28,51,-25,10,0%,51 (3),53 (3),51 (7),28 (11),29 (11),5,14,最内,5,14,最内,11,18,最内,55,[先][久],40,,37,3%,14%,16%,伊坂重信,ＫＳトレーニングＣ,2,29,0 %,0 %,10 %,,,,,牡,3,短,短,小ベ,△,加速遅い,腰甘い,,ミスターメロディ,7,29%,43%,43%,,68(札ダ),51,コーステン重点,https://stride.get-luck.jp/member/race_viewer_test.php?racedate=20260829&racekey=01262308&jo=2&idpm=iFT66JycF8pFY,PASS
2026-08-29,札幌,8,202601020308,01262308,13:50,8R ダ1700 ３歳上１勝クラス(無料開放レース) 13:50,3,ロードアルディート,横山和生,3.3,2,超低速スタミナ,,73,Ｃ,Ｄ,2,54,52,2,3,25%,41 (9),41 (11),53 (6),67 (1),65 (1),9,18,最内,10,20,最内,2,8,大外,58,[久][続],68,"馬主○,コース×,直近○",112,13%,26%,47%,武幸四郎,ケイアイファーム,2,,,,,,,,,牡,4,普,普,中標,○,広馬場向,手前替×,展開待ち,ドゥラメンテ,60,15%,28%,38%,,57(札ダ),52,コース平均,https://stride.get-luck.jp/member/race_viewer_test.php?racedate=20260829&racekey=01262308&jo=2&idpm=iFT66JycF8pFY,PASS
2026-08-29,札幌,8,202601020308,01262308,13:50,8R ダ1700 ３歳上１勝クラス(無料開放レース) 13:50,4,エタンセル,小林美駒,8.0,5,超低速バランス,,64,Ｃ,Ｄ,4,47,53,-4,5,0%,50 (5),49 (5),48 (9),53 (4),54 (5),3,11,内,3,13,中,4,11,外,52,,58,"コース○,直近○",52,13%,25%,35%,高木登,松風馬事センター,2,154,7 %,14 %,23 %,,,,,牡,3,短,普,小標ベ,◎,鉄砲×,Ｐ遅い○,腰甘い,ブリックスアンドモルタル,16,0%,19%,19%,38(札ダ),58(札ダ),53,コース平均,https://stride.get-luck.jp/member/race_viewer_test.php?racedate=20260829&racekey=01262308&jo=2&idpm=iFT66JycF8pFY,PASS
2026-08-29,札幌,8,202601020308,01262308,13:50,8R ダ1700 ３歳上１勝クラス(無料開放レース) 13:50,5,アチーヴァー,丹内祐次,3.0,1,超低速底力,,110,ＡＡ,Ｓ,1,57,52,5,1,25%,49 (7),51 (4),54 (3),61 (2),59 (3),7,15,内,7,15,内,1,0,大外,55,[先][追],53,"コース○,枠脚質○,直近×",198,11%,25%,38%,石坂公一,社台ファーム,1,,,,,,,,,牡,3,普,普,小標ベ,◎,外枠○,上が掛○,腰甘い,ニューイヤーズデイ,31,10%,13%,23%,58(函Ｗ),45(函芝),52,コーステン重点,https://stride.get-luck.jp/member/race_viewer_test.php?racedate=20260829&racekey=01262308&jo=2&idpm=iFT66JycF8pFY,PASS
2026-08-29,札幌,8,202601020308,01262308,13:50,8R ダ1700 ３歳上１勝クラス(無料開放レース) 13:50,6,レッドフロイデ,河原田菜々,7.7,4,低速底力,カスリ,64,Ｃ,Ｄ,5,51,52,-1,4,0%,51 (4),53 (2),53 (5),57 (3),55 (4),4,12,最内,4,13,内,5,11,中,51,,63,直近◎,14,14%,21%,21%,大久保龍志,社台ファーム,1,1,0 %,0 %,0 %,,,,,牡,3,普,普,中標,○,ブ効果○,,,モーリス,36,3%,6%,14%,45(函Ｗ),51(札ダ),52,コース平均,https://stride.get-luck.jp/member/race_viewer_test.php?racedate=20260829&racekey=01262308&jo=2&idpm=iFT66JycF8pFY,PASS
2026-08-29,札幌,8,202601020308,01262308,13:50,8R ダ1700 ３歳上１勝クラス(無料開放レース) 13:50,7,グローリーバローズ,鮫島克駿,17.4,7,中速持続,カスリ,41,Ｄ,Ｄ,9,35,48,-21,9,0%,38 (11),41 (10),59 (2),46 (8),43 (10),10,20,最内,11,22,最内,9,18,内,55,[先][瞬],48,"コース×,枠脚質○",119,8%,19%,30%,辻野泰之,ノーザンＦしがらき,5,,,,,,,,,セ,3,普,普,中標,○,気難しい,,,サートゥルナーリア,10,10%,10%,20%,,51(札ダ),48,コース終い重点,https://stride.get-luck.jp/member/race_viewer_test.php?racedate=20260829&racekey=01262308&jo=2&idpm=iFT66JycF8pFY,PASS
2026-08-29,札幌,8,202601020308,01262308,13:50,8R ダ1700 ３歳上１勝クラス(無料開放レース) 13:50,8,ピエナオルカ,古川吉洋,5.5,3,中速底力,,65,Ｃ,Ｄ,3,55,52,3,2,8%,72 (1),77 (1),48 (8),46 (9),47 (7),1,0,最内,1,0,最内,3,10,最内,55,[続][瞬],47,"コース×,直近◎",120,5%,11%,17%,谷潔,ワコーＦアカデミー,6,18,6 %,22 %,28 %,1,0%,0%,0 %,牡,3,普,普,中標,◎,ブ効果○,口向悪い,脚抜ダ○,ゴールドドリーム,20,5%,15%,20%,41(札ダ),46(札ダ),52,コース終い重点,https://stride.get-luck.jp/member/race_viewer_test.php?racedate=20260829&racekey=01262308&jo=2&idpm=iFT66JycF8pFY,PASS
2026-08-29,札幌,8,202601020308,01262308,13:50,8R ダ1700 ３歳上１勝クラス(無料開放レース) 13:50,9,スターオブロンドン,小沢大仁,12.0,6,中速底力,,59,Ｄ,Ｄ,6,44,56,-4,6,18%,62 (2),45 (9),24 (11),48 (6),59 (2),2,8,最内,2,12,最内,6,12,内,55,[先][瞬],33,"枠脚質×,直近▲",52,4%,8%,12%,矢作芳人,シュウジデイＦ,1,105,13 %,26 %,31 %,3,33%,33%,33 %,牡,3,短,短,中標ベ,◎,ダ大丈夫,砂被る○,腰甘い,タワーオブロンドン,4,0%,0%,50%,64(函Ｗ),63(函Ｗ),56,コース平均,https://stride.get-luck.jp/member/race_viewer_test.php?racedate=20260829&racekey=01262308&jo=2&idpm=iFT66JycF8pFY,PASS
2026-08-29,札幌,8,202601020308,01262308,13:50,8R ダ1700 ３歳上１勝クラス(無料開放レース) 13:50,10,ルージュエピック,松本大輝,31.0,10,超低速底力,,39,Ｄ,Ｄ,10,33,39,-32,11,17%,50 (6),45 (8),45 (10),44 (10),47 (8),6,14,中,6,15,中,10,18,中,53,[先],45,,43,5%,9%,12%,田中克典,宇治田原優駿Ｓ,2,23,9 %,9 %,13 %,1,0%,0%,0 %,牝,3,普,普,中標,△,体質弱い,馬込平気,,クリソベリル,23,13%,17%,22%,39(函Ｗ),38(函Ｗ),39,コース平均,https://stride.get-luck.jp/member/race_viewer_test.php?racedate=20260829&racekey=01262308&jo=2&idpm=iFT66JycF8pFY,PASS
2026-08-29,札幌,8,202601020308,01262308,13:50,8R ダ1700 ３歳上１勝クラス(無料開放レース) 13:50,11,ノリノドラゴン,吉田隼人,20.0,8,超低速持続,カスリ,50,Ｄ,Ｄ,8,39,47,-18,8,25%,46 (8),48 (6),54 (4),51 (5),49 (6),8,16,最内,8,17,最内,8,15,中,55,[追],45,"コース○,枠脚質○,直近▲",75,8%,17%,23%,荒川義之,宇治田原優駿Ｓ,4,94,7 %,11 %,21 %,1,0%,0%,0 %,牡,3,普,普,中標,○,脚捌き△,上が掛○,小回向き,ホッコータルマエ,72,7%,22%,32%,27(函Ｗ),29(札ダ),47,コース平均,https://stride.get-luck.jp/member/race_viewer_test.php?racedate=20260829&racekey=01262308&jo=2&idpm=iFT66JycF8pFY,PASS
2026-08-29,札幌,9,202601020309,01262309,14:20,9R 芝1800 ３歳上１勝クラス 14:20,1,ミエノストロング,横山和生,8.6,4,中速持続,ピッタリ,59,Ｄ,Ｄ,6,47,58,-5,5,0%,45 (9),43 (9),49 (7),50 (6),52 (4),7,12,最内,8,9,最内,6,9,外,55,[久][続],67,"コース○,直近○",48,15%,23%,33%,上原佑紀,山元トレセン,1,77,12 %,22 %,47 %,4,25%,50%,100 %,牡,3,短,普,中標ベ,△,小回向き,突っ張る,,シスキン,16,31%,44%,50%,56(南Ｗ),64(函Ｗ),58,併用平均,https://stride.get-luck.jp/member/race_viewer_test.php?racedate=20260829&racekey=01262309&jo=2&idpm=iFT66JycF8pFY,PASS
2026-08-29,札幌,9,202601020309,01262309,14:20,9R 芝1800 ３歳上１勝クラス 14:20,2,マイバラード,遠藤汰月,29.3,10,中速バランス,カスリ,52,Ｄ,Ｄ,8,48,54,-8,6,2%,36 (12),41 (10),63 (2),71 (1),71 (1),11,16,最内,11,11,最内,8,11,内,55,,35,,3,0%,0%,0%,松永康利,真歌トレーニングＰ,6,5,0 %,0 %,20 %,,,,,牡,6,短,短,小標,△,展開待ち,一本調子,時計掛○,ダノンバラード,68,7%,22%,35%,,51(函Ｗ),54,コース平均,https://stride.get-luck.jp/member/race_viewer_test.php?racedate=20260829&racekey=01262309&jo=2&idpm=iFT66JycF8pFY,PASS
2026-08-29,札幌,9,202601020309,01262309,14:20,9R 芝1800 ３歳上１勝クラス 14:20,3,アイドクレース,横山武史,2.4,1,中速底力,カスリ,90,Ａ,Ａ,1,54,60,4,1,8%,50 (6),55 (6),56 (4),60 (3),60 (2),6,10,中,5,6,中,1,0,大外,53,[続][瞬],65,"コース○,枠脚質×,直近▲",73,27%,42%,53%,金成貴史,真歌トレーニングＰ,1,3,0 %,0 %,0 %,1,0%,0%,0 %,牝,3,短,短,細標ベ,○,馬込平気,完歩小さ,ロカ向き,ダノンバラード,68,7%,22%,35%,,58(函Ｗ),60,コース平均,https://stride.get-luck.jp/member/race_viewer_test.php?racedate=20260829&racekey=01262309&jo=2&idpm=iFT66JycF8pFY,PASS
2026-08-29,札幌,9,202601020309,01262309,14:20,9R 芝1800 ３歳上１勝クラス 14:20,4,ウインイルネージュ,黛弘人,36.7,12,中速瞬発,,29,Ｄ,Ｄ,12,39,45,-26,12,25%,36 (11),33 (12),54 (6),52 (5),50 (6),12,16,内,12,14,最内,12,18,最内,56,[先][追][久][続],48,馬主○,30,3%,3%,10%,和田正一郎,和田牧場（千葉県）,1,328,2 %,2 %,5 %,6,0%,0%,0 %,牝,4,短,短,細ベ,△,スピ無し,時計速×,腰甘い,ゴールドシップ,160,9%,16%,28%,37(札ダ),62(札ダ),45,コース平均,https://stride.get-luck.jp/member/race_viewer_test.php?racedate=20260829&racekey=01262309&jo=2&idpm=iFT66JycF8pFY,PASS
2026-08-29,札幌,9,202601020309,01262309,14:20,9R 芝1800 ３歳上１勝クラス 14:20,5,カージオイド,長浜鴻緒,13.1,5,超低速スタミナ,,65,Ｃ,ＡＡ,5,49,60,-1,3,14%,63 (2),62 (1),42 (9),36 (12),36 (11),2,5,内,2,0,内,5,7,内,57,,40,,10,0%,0%,0%,黒岩陽一,山口ステーブル,1,6,17 %,33 %,33 %,2,0%,0%,0 %,牡,4,普,普,中ベ,△,スタミ×,上が掛○,広馬場向,サトノダイヤモンド,66,14%,17%,23%,60(札ダ),63(札ダ),60,コース平均,https://stride.get-luck.jp/member/race_viewer_test.php?racedate=20260829&racekey=01262309&jo=2&idpm=iFT66JycF8pFY,PASS
2026-08-29,札幌,9,202601020309,01262309,14:20,9R 芝1800 ３歳上１勝クラス 14:20,6,ブランドブラン,鮫島克駿,6.8,3,中速バランス,カスリ,69,Ｃ,Ｄ,4,51,55,-4,4,0%,69 (1),62 (2),33 (12),44 (9),58 (3),1,0,最内,1,0,最内,4,6,最内,55,[先][瞬],47,"コース×,枠脚質○",50,8%,24%,34%,杉山晴紀,チャンピオンヒルズ,2,124,15 %,24 %,33 %,1,0%,0%,0 %,牡,3,普,普,中標,○,芝向き,平坦向き,追頭上る,フロステッド,2,0%,0%,0%,,45(函Ｗ),55,コース平均,https://stride.get-luck.jp/member/race_viewer_test.php?racedate=20260829&racekey=01262309&jo=2&idpm=iFT66JycF8pFY,PASS
2026-08-29,札幌,9,202601020309,01262309,14:20,9R 芝1800 ３歳上１勝クラス 14:20,7,グランセゾン,武豊,3.7,2,中速持続,ピッタリ,73,Ｃ,Ｄ,2,51,61,2,2,23%,46 (8),57 (5),65 (1),60 (2),51 (5),8,12,内,6,6,内,2,5,外,56,[続][瞬],61,コース○,58,9%,26%,38%,栗田徹,エスティＦ小見川,4,5,20 %,20 %,40 %,,,,,牝,4,普,普,小標ベ,○,ロカ向き,追頭上る,小回向き,オルフェーヴル,89,8%,15%,24%,60(函Ｗ),51(函Ｗ),61,コース平均,https://stride.get-luck.jp/member/race_viewer_test.php?racedate=20260829&racekey=01262309&jo=2&idpm=iFT66JycF8pFY,PASS
2026-08-29,札幌,9,202601020309,01262309,14:20,9R 芝1800 ３歳上１勝クラス 14:20,8,キタノサリスカ,和田陽希,22.0,8,超低速底力,,49,Ｄ,Ｄ,9,46,54,-10,8,14%,44 (10),45 (7),55 (5),53 (4),49 (7),10,14,最内,9,9,内,9,12,中,50,,46,,11,0%,9%,9%,羽月友彦,宇治田原優駿Ｓ,3,48,10 %,13 %,21 %,,,,,牝,3,普,普,中標,○,スタ芝×,,,タイセイレジェンド,2,0%,0%,0%,,63(札ダ),54,コーステン重点,https://stride.get-luck.jp/member/race_viewer_test.php?racedate=20260829&racekey=01262309&jo=2&idpm=iFT66JycF8pFY,PASS
2026-08-29,札幌,9,202601020309,01262309,14:20,9R 芝1800 ３歳上１勝クラス 14:20,9,カイシンパジェント,桑村真明,29.8,11,中速バランス,カスリ,44,Ｄ,Ｄ,10,45,48,-17,11,0%,52 (4),45 (8),42 (10),43 (10),48 (9),4,10,最内,7,7,最内,10,14,内,53,,51,,3,0%,0%,0%,角川秀樹,,,,,,,,,,,牝,3,普,普,中標,○,,,,デクラレーションオブウォー,36,19%,28%,39%,,85(地方),48,コース平均,https://stride.get-luck.jp/member/race_viewer_test.php?racedate=20260829&racekey=01262309&jo=2&idpm=iFT66JycF8pFY,PASS
2026-08-29,札幌,9,202601020309,01262309,14:20,9R 芝1800 ３歳上１勝クラス 14:20,10,エオアリイ,丹内祐次,13.8,6,中速底力,カスリ,54,Ｄ,Ｄ,7,46,54,-10,9,0%,51 (5),59 (3),58 (3),45 (7),34 (12),5,10,内,4,5,最内,7,11,最内,58,[先][追],39,"コース×,直近×",81,7%,23%,38%,平岩大典,エクワインＲ,2,1,0 %,0 %,0 %,1,0%,0%,0 %,牡,4,短,普,小ベ,○,腰甘い,追頭上る,,ドゥラメンテ,116,16%,21%,30%,50(函Ｗ),53(函Ｗ),54,コース平均,https://stride.get-luck.jp/member/race_viewer_test.php?racedate=20260829&racekey=01262309&jo=2&idpm=iFT66JycF8pFY,PASS
2026-08-29,札幌,9,202601020309,01262309,14:20,9R 芝1800 ３歳上１勝クラス 14:20,11,エイトスターズ,吉田隼人,24.9,9,低速瞬発,,39,Ｄ,Ｄ,11,43,54,-13,10,14%,49 (7),39 (11),39 (11),40 (11),45 (10),9,12,中,10,9,中,11,15,外,56,[追],50,"馬主○,コース○,枠脚質○,直近▲",34,18%,26%,41%,坂口智康,ノーザンＦしがらき,3,6,17 %,33 %,33 %,,,,,牝,6,普,普,中標,△,脚使処難,展開待ち,ソラ使う,ジャスタウェイ,59,3%,19%,24%,,66(札ダ),54,コース平均,https://stride.get-luck.jp/member/race_viewer_test.php?racedate=20260829&racekey=01262309&jo=2&idpm=iFT66JycF8pFY,PASS
2026-08-29,札幌,9,202601020309,01262309,14:20,9R 芝1800 ３歳上１勝クラス 14:20,12,コスモキャバリエ,石川倭,15.1,7,低速バランス,,70,Ｃ,Ｓ,3,49,51,-10,7,0%,59 (3),58 (4),44 (8),45 (8),48 (8),3,6,最内,3,3,最内,3,6,中,58,,51,,8,0%,13%,13%,室井潔,ビッグレッドＦ鉾田,2,3,0 %,33 %,33 %,2,0%,50%,50 %,牡,4,短,短,小標ベ,△,瞬発力△,上が速×,荒馬場○,ダノンバラード,68,7%,22%,35%,,,51,,https://stride.get-luck.jp/member/race_viewer_test.php?racedate=20260829&racekey=01262309&jo=2&idpm=iFT66JycF8pFY,PASS
2026-08-29,札幌,10,202601020310,01262310,14:50,10R 芝1200 すずらん賞 オープン 14:50,1,ルアシュエル,落合玄太,13.3,7,,,58,Ｄ,Ｄ,6,36,49,-13,8,,42 (9),45 (9),50 (5),43 (8),43 (9),11,8,内,10,8,中,6,13,外,55,,49,,9,0%,0%,0%,田中淳司,,,,,,,,,,,牡,2,,,,,,,,シュウジ,,,,,,72(地方),49,コース平均,https://stride.get-luck.jp/member/race_viewer_test.php?racedate=20260829&racekey=01262310&jo=2&idpm=iFT66JycF8pFY,PASS
2026-08-29,札幌,10,202601020310,01262310,14:50,10R 芝1200 すずらん賞 オープン 14:50,2,ルベルグラン,桑村真明,24.2,8,,,52,Ｄ,Ｄ,9,35,29,-34,12,,46 (8),47 (7),50 (7),39 (12),39 (12),12,9,最内,11,9,内,9,14,内,55,,49,,7,0%,0%,0%,角川秀樹,,,,,,,,,,,牝,2,,,,,,,,ダノンスマッシュ,4,0%,0%,25%,,56(地方),29,コース平均,https://stride.get-luck.jp/member/race_viewer_test.php?racedate=20260829&racekey=01262310&jo=2&idpm=iFT66JycF8pFY,PASS
2026-08-29,札幌,10,202601020310,01262310,14:50,10R 芝1200 すずらん賞 オープン 14:50,3,ワールドエンジェル,横山和生,4.5,2,高速スタミナ,カスリ,65,Ｃ,Ｄ,4,40,49,-9,4,0%,54 (5),59 (3),62 (2),58 (3),53 (5),5,4,内,5,4,最内,4,10,外,55,[久][続],68,直近○,47,17%,32%,40%,橋田宜長,浦河町,1,,,,,,,,,牝,2,普,普,,,スピ有り,,,スワーヴリチャード,13,8%,8%,8%,,76(函Ｗ),49,コース平均,https://stride.get-luck.jp/member/race_viewer_test.php?racedate=20260829&racekey=01262310&jo=2&idpm=iFT66JycF8pFY,PASS
2026-08-29,札幌,10,202601020310,01262310,14:50,10R 芝1200 すずらん賞 オープン 14:50,4,スハッチェ,宮内勇樹,32.2,12,,,47,Ｄ,Ｄ,12,33,35,-30,11,,42 (10),42 (11),45 (8),43 (11),45 (8),9,7,最内,8,7,最内,12,16,内,55,,49,,,%,%,%,川島洋人,,,,,,,,,,,牝,2,,,,,,,,タニノフランケル,,,,,,68(地方),35,コーステン重点,https://stride.get-luck.jp/member/race_viewer_test.php?racedate=20260829&racekey=01262310&jo=2&idpm=iFT66JycF8pFY,PASS
2026-08-29,札幌,10,202601020310,01262310,14:50,10R 芝1200 すずらん賞 オープン 14:50,5,ピンクゴールド,小野楓馬,26.9,11,,,47,Ｄ,Ｄ,11,33,38,-27,10,,42 (11),42 (10),45 (9),43 (10),45 (7),10,7,中,9,7,外,11,16,外,55,,49,,4,0%,0%,0%,小野望,,,,,,,,,,,牝,2,,,,,,,,ヘンリーバローズ,2,0%,0%,0%,,74(地方),38,コーステン重点,https://stride.get-luck.jp/member/race_viewer_test.php?racedate=20260829&racekey=01262310&jo=2&idpm=iFT66JycF8pFY,PASS
2026-08-29,札幌,10,202601020310,01262310,14:50,10R 芝1200 すずらん賞 オープン 14:50,6,トラデスカンティア,服部茂史,25.2,9,,,58,Ｄ,Ｄ,7,38,48,-12,6,,50 (6),47 (6),45 (10),45 (6),47 (6),7,5,中,6,5,中,7,13,中,55,,49,,5,0%,0%,0%,松本隆宏,,,,,,,,,,,牝,2,,,,,,,,シルバーステート,42,5%,14%,29%,,68(地方),48,コーステン重点,https://stride.get-luck.jp/member/race_viewer_test.php?racedate=20260829&racekey=01262310&jo=2&idpm=iFT66JycF8pFY,PASS
2026-08-29,札幌,10,202601020310,01262310,14:50,10R 芝1200 すずらん賞 オープン 14:50,7,ピクニックマーチ,木幡初也,12.8,6,高速スタミナ,カスリ,50,Ｄ,Ｄ,10,36,48,-14,9,100%,62 (3),60 (2),53 (4),43 (7),42 (11),3,2,最内,3,2,最内,10,15,最内,55,[追][久][続][瞬],38,調教師○,,%,%,%,竹内正洋,下河辺牧場,1,126,10 %,13 %,18 %,1,100%,100%,100 %,牝,2,短,短,小ベ,△,Ｐ速い○,小回向き,,シスキン,5,20%,40%,60%,56(南Ｗ),65(札ダ),48,コース平均,https://stride.get-luck.jp/member/race_viewer_test.php?racedate=20260829&racekey=01262310&jo=2&idpm=iFT66JycF8pFY,PASS
2026-08-29,札幌,10,202601020310,01262310,14:50,10R 芝1200 すずらん賞 オープン 14:50,8,タイフーンナイン,斎藤新,5.3,3,高速バランス,,72,Ｃ,Ｃ,2,43,49,-6,2,0%,31 (12),34 (12),45 (11),71 (1),74 (1),6,5,最内,12,9,最内,2,8,最内,55,[追][続],53,直近◎,45,7%,13%,18%,柴田卓,９９．９,3,,,,,,,,,牝,2,普,普,小標,○,平坦向き,渋馬場○,突っ張る,ダノンプレミアム,6,33%,50%,50%,,42(札ダ),49,コース平均,https://stride.get-luck.jp/member/race_viewer_test.php?racedate=20260829&racekey=01262310&jo=2&idpm=iFT66JycF8pFY,PASS
2026-08-29,札幌,10,202601020310,01262310,14:50,10R 芝1200 すずらん賞 オープン 14:50,9,ムーンベリル,北村友一,12.5,5,中速スタミナ,,70,Ｃ,Ｓ,3,45,44,-9,3,0%,58 (4),58 (4),54 (3),56 (4),55 (3),2,1,中,2,1,中,3,9,中,55,[先][続][瞬],68,"馬主○,直近○",29,3%,21%,24%,西村真幸,ノーザンＦしがらき,1,342,9 %,20 %,29 %,1,0%,100%,100 %,牝,2,短,短,細標ベ,△,腰甘い,,,クリソベリル,,,,,66(ＣＷ),23(札芝),44,併用平均,https://stride.get-luck.jp/member/race_viewer_test.php?racedate=20260829&racekey=01262310&jo=2&idpm=iFT66JycF8pFY,PASS
2026-08-29,札幌,10,202601020310,01262310,14:50,10R 芝1200 すずらん賞 オープン 14:50,10,ヌーンベルク,横山武史,7.1,4,高速底力,ピッタリ,59,Ｄ,Ｄ,5,39,48,-11,5,33%,62 (2),47 (8),29 (12),51 (5),60 (2),4,2,内,4,2,内,5,12,内,55,[続][瞬],47,"コース○,直近▲",76,14%,30%,45%,武井亮,浦河町,1,5,0 %,0 %,20 %,1,0%,0%,100 %,牝,2,普,普,中標,○,腰甘い,,,タワーオブロンドン,21,19%,24%,24%,53(札ダ),66(札ダ),48,コース平均,https://stride.get-luck.jp/member/race_viewer_test.php?racedate=20260829&racekey=01262310&jo=2&idpm=iFT66JycF8pFY,PASS
2026-08-29,札幌,10,202601020310,01262310,14:50,10R 芝1200 すずらん賞 オープン 14:50,11,ラビリンスティアラ,石川倭,25.2,10,,,56,Ｄ,Ｄ,8,37,48,-13,7,,46 (7),47 (5),50 (6),43 (9),43 (10),8,6,内,7,6,内,8,13,大外,55,,49,,8,13%,13%,13%,村上正和,,,,,,,,,,,牝,2,,,,,,,,サブノジュニア,,,,,,64(地方),48,コース平均,https://stride.get-luck.jp/member/race_viewer_test.php?racedate=20260829&racekey=01262310&jo=2&idpm=iFT66JycF8pFY,PASS
2026-08-29,札幌,10,202601020310,01262310,14:50,10R 芝1200 すずらん賞 オープン 14:50,12,ウインガラハッド,丹内祐次,2.7,1,高速スタミナ,カスリ,111,ＡＡ,Ｓ,1,47,49,-2,1,0%,64 (1),71 (1),70 (1),63 (2),55 (4),1,0,最内,1,0,最内,1,0,最内,55,[先][追],33,"コース×,直近×",93,8%,13%,30%,宮徹,グリーンウッド,1,53,6 %,13 %,25 %,,,,,牡,2,普,普,中標,○,,,,ビッグアーサー,68,9%,19%,25%,65(函Ｗ),46(函Ｗ),49,コース終い重点,https://stride.get-luck.jp/member/race_viewer_test.php?racedate=20260829&racekey=01262310&jo=2&idpm=iFT66JycF8pFY,PASS
2026-08-29,札幌,11,202601020311,01262311,15:25,11R 芝2000 札幌日刊スポーツ杯 2勝クラス WIN5 15:25,1,エボルヴィング,小沢大仁,13.6,9,中速持続,カスリ,60,Ｄ,Ｂ,7,57,58,-3,5,20%,49 (9),50 (9),51 (5),51 (9),50 (10),10,11,内,7,13,中,7,14,大外,58,[先][瞬],33,"枠脚質×,直近▲",19,0%,21%,37%,藤原英昭,ノーザンＦ空港,2,3,67 %,67 %,67 %,,,,,牡,5,短,短,中標起,◎,集中力×,根性有り,良脚長使,ハーツクライ,111,13%,18%,23%,52(函Ｗ),59(函Ｗ),58,コース中重点,https://stride.get-luck.jp/member/race_viewer_test.php?racedate=20260829&racekey=01262311&jo=2&idpm=iFT66JycF8pFY,PASS
2026-08-29,札幌,11,202601020311,01262311,15:25,11R 芝2000 札幌日刊スポーツ杯 2勝クラス WIN5 15:25,2,マイネルバーテクス,丹内祐次,28.3,11,中速バランス,ピッタリ,57,Ｄ,Ｄ,8,55,55,-8,9,19%,35 (12),36 (13),50 (7),53 (6),53 (7),13,15,内,13,18,内,8,15,最内,58,[先][追],41,"コース○,枠脚質×,直近×",85,11%,25%,38%,水野貴広,真歌トレーニングＰ,1,20,5 %,5 %,10 %,4,0%,0%,0 %,牡,5,短,短,小標ベ,○,併せ形○,小回向き,鉄砲×,エピファネイア,175,9%,19%,30%,58(函Ｗ),60(函Ｗ),55,コース平均,https://stride.get-luck.jp/member/race_viewer_test.php?racedate=20260829&racekey=01262311&jo=2&idpm=iFT66JycF8pFY,PASS
2026-08-29,札幌,11,202601020311,01262311,15:25,11R 芝2000 札幌日刊スポーツ杯 2勝クラス WIN5 15:25,3,マイネルフォルツァ,横山武史,11.3,5,高速底力,,60,Ｄ,Ｃ,6,59,62,3,3,24%,54 (7),52 (7),48 (8),53 (7),54 (4),2,6,最内,8,14,最内,6,14,中,58,[続][瞬],48,"コース○,枠脚質×,直近▲",82,15%,33%,40%,金成貴史,ビッグレッドＦ鉾田,3,11,9 %,18 %,36 %,4,25%,25%,25 %,牡,6,短,普,大ベ,△,腰甘い,Ｒ中鼻血,上が速×,ゴールドシップ,160,9%,16%,28%,,,62,,https://stride.get-luck.jp/member/race_viewer_test.php?racedate=20260829&racekey=01262311&jo=2&idpm=iFT66JycF8pFY,PASS
2026-08-29,札幌,11,202601020311,01262311,15:25,11R 芝2000 札幌日刊スポーツ杯 2勝クラス WIN5 15:25,4,ウィルサヴァイブ,横山典弘,10.7,4,中速バランス,ピッタリ,41,Ｄ,Ｄ,13,51,54,-13,14,0%,45 (11),43 (11),47 (9),49 (10),51 (9),11,12,最内,12,16,最内,13,20,内,56,[先][追][瞬],51,枠脚質×,21,10%,14%,33%,須貝尚介,ノーザンＦしがらき,5,9,11 %,22 %,44 %,,,,,牝,4,短,短,細標ベ,△,根性有り,芝軽い○,Ｐ遅い○,アルアイン,18,0%,0%,11%,39(札ダ),61(札ダ),54,コーステン重点,https://stride.get-luck.jp/member/race_viewer_test.php?racedate=20260829&racekey=01262311&jo=2&idpm=iFT66JycF8pFY,PASS
2026-08-29,札幌,11,202601020311,01262311,15:25,11R 芝2000 札幌日刊スポーツ杯 2勝クラス WIN5 15:25,5,ハニードレス,古川吉洋,36.0,13,中速底力,,51,Ｄ,Ｄ,11,54,58,-6,7,8%,56 (5),49 (10),43 (12),47 (11),51 (8),6,8,中,5,12,外,11,17,外,56,[続][瞬],62,"馬主○,枠脚質○,直近◎",48,13%,15%,19%,牧光二,社台ファーム,1,1,0 %,0 %,100 %,,,,,牝,4,短,短,細ベ,△,突っ張る,腰甘い,,ブリックスアンドモルタル,44,14%,20%,25%,46(札ダ),69(札ダ),58,コース平均,https://stride.get-luck.jp/member/race_viewer_test.php?racedate=20260829&racekey=01262311&jo=2&idpm=iFT66JycF8pFY,PASS
2026-08-29,札幌,11,202601020311,01262311,15:25,11R 芝2000 札幌日刊スポーツ杯 2勝クラス WIN5 15:25,6,アリスメティーク,横山和生,2.8,1,中速バランス,ピッタリ,122,ＡＡ,Ｓ,1,63,59,4,1,22%,56 (4),53 (4),47 (10),63 (1),66 (1),4,7,内,3,10,最内,1,0,内,56,[久][続],71,"コース○,枠脚質○,直近○",60,17%,28%,33%,大竹正博,山元トレセン,1,130,15 %,28 %,38 %,7,14%,57%,71 %,牝,4,短,普,細標起,◎,馬込平気,立回り○,腰甘い,ミッキーアイル,22,18%,23%,23%,60(函Ｗ),59(函Ｗ),59,コース平均,https://stride.get-luck.jp/member/race_viewer_test.php?racedate=20260829&racekey=01262311&jo=2&idpm=iFT66JycF8pFY,PASS
2026-08-29,札幌,11,202601020311,01262311,15:25,11R 芝2000 札幌日刊スポーツ杯 2勝クラス WIN5 15:25,7,メイショウアイル,武豊,7.1,3,中速バランス,ピッタリ,76,Ｂ,ＡＡ,2,59,63,4,2,12%,51 (8),58 (3),58 (3),59 (3),55 (2),9,10,中,10,14,外,2,10,外,58,[続][瞬],54,"馬主○,コース×,枠脚質×",59,12%,17%,24%,高橋義忠,宇治田原優駿Ｓ,2,108,6 %,13 %,19 %,6,17%,17%,50 %,牡,4,普,普,中標,○,中京向き,軟ら芝○,追頭上る,ミッキーアイル,22,18%,23%,23%,50(函Ｗ),63(函Ｗ),63,コース平均,https://stride.get-luck.jp/member/race_viewer_test.php?racedate=20260829&racekey=01262311&jo=2&idpm=iFT66JycF8pFY,PASS
2026-08-29,札幌,11,202601020311,01262311,15:25,11R 芝2000 札幌日刊スポーツ杯 2勝クラス WIN5 15:25,8,レジェンドシップ,浜中俊,12.2,6,中速バランス,ピッタリ,51,Ｄ,Ｄ,10,53,55,-10,12,23%,60 (2),53 (5),43 (13),39 (12),43 (13),3,6,中,2,10,中,10,17,中,58,[先][追][続][瞬],52,"枠脚質○,直近○",44,11%,20%,32%,佐藤悠太,チャンピオンヒルズ,2,29,10 %,21 %,38 %,10,0%,10%,40 %,セ,6,短,短,中標ベ,△,ソラ使う,気難しい,少頭数○,ゴールドシップ,160,9%,16%,28%,,53(札ダ),55,コース平均,https://stride.get-luck.jp/member/race_viewer_test.php?racedate=20260829&racekey=01262311&jo=2&idpm=iFT66JycF8pFY,PASS
2026-08-29,札幌,11,202601020311,01262311,15:25,11R 芝2000 札幌日刊スポーツ杯 2勝クラス WIN5 15:25,9,ナグルファル,落合玄太,34.5,12,中速瞬発,カスリ,53,Ｄ,Ｄ,9,49,58,-11,13,11%,58 (3),36 (12),27 (14),37 (13),53 (6),7,9,内,9,14,内,9,16,内,58,,51,,3,0%,0%,0%,中舘英二,山元トレセン,1,133,11 %,23 %,29 %,1,0%,0%,0 %,セ,4,短,短,小標ベ,△,渋馬場×,腰甘い,,エピファネイア,175,9%,19%,30%,67(美坂),69(札ダ),58,併用平均,https://stride.get-luck.jp/member/race_viewer_test.php?racedate=20260829&racekey=01262311&jo=2&idpm=iFT66JycF8pFY,PASS
2026-08-29,札幌,11,202601020311,01262311,15:25,11R 芝2000 札幌日刊スポーツ杯 2勝クラス WIN5 15:25,10,ドッビアーコ,和田陽希,43.5,14,低速バランス,カスリ,41,Ｄ,Ｄ,14,52,58,-8,10,5%,68 (1),72 (1),55 (4),27 (14),20 (14),1,0,最内,1,0,最内,14,20,最内,58,,36,,15,7%,7%,20%,奥村豊,ノーザンファーム,2,3,0 %,0 %,33 %,2,0%,0%,50 %,セ,5,短,短,大標ベ,△,鉄砲○,時計掛○,,ストリートボス,,,,,,51(札ダ),58,コース平均,https://stride.get-luck.jp/member/race_viewer_test.php?racedate=20260829&racekey=01262311&jo=2&idpm=iFT66JycF8pFY,PASS
2026-08-29,札幌,11,202601020311,01262311,15:25,11R 芝2000 札幌日刊スポーツ杯 2勝クラス WIN5 15:25,11,フォルテフィオーレ,鮫島克駿,21.7,10,中速持続,カスリ,45,Ｄ,Ｄ,12,53,56,-9,11,4%,34 (14),35 (14),51 (6),54 (5),54 (3),12,15,最内,14,19,最内,12,18,大外,58,[先][瞬],54,"コース○,枠脚質○",55,15%,25%,38%,上原佑紀,ケイアイファーム,1,5,20 %,20 %,20 %,3,33%,33%,33 %,牡,5,短,短,小ベ,○,前行く○,完歩小さ,小回向き,ドゥラメンテ,116,16%,21%,30%,29(函Ｗ),56(函Ｗ),56,コース平均,https://stride.get-luck.jp/member/race_viewer_test.php?racedate=20260829&racekey=01262311&jo=2&idpm=iFT66JycF8pFY,PASS
2026-08-29,札幌,11,202601020311,01262311,15:25,11R 芝2000 札幌日刊スポーツ杯 2勝クラス WIN5 15:25,12,バルティカ,北村友一,5.9,2,中速バランス,ピッタリ,73,Ｃ,Ｂ,3,60,59,1,4,0%,55 (6),52 (8),47 (11),51 (8),53 (5),5,8,最内,6,12,最内,3,10,中,58,[先][続][瞬],55,"枠脚質○,直近○",31,13%,19%,26%,高橋亮,ノーザンＦ空港,4,1,0 %,0 %,0 %,,,,,牡,4,短,短,中標,◎,時計掛○,,ハナ拘ず,ルーラーシップ,85,8%,19%,22%,,49(函Ｗ),59,コース平均,https://stride.get-luck.jp/member/race_viewer_test.php?racedate=20260829&racekey=01262311&jo=2&idpm=iFT66JycF8pFY,PASS
2026-08-29,札幌,11,202601020311,01262311,15:25,11R 芝2000 札幌日刊スポーツ杯 2勝クラス WIN5 15:25,13,コリカンチャ,斎藤新,12.3,7,高速瞬発,,67,Ｃ,Ａ,4,56,54,-8,8,21%,45 (10),58 (2),64 (2),58 (4),48 (12),8,10,最内,4,11,内,4,12,内,58,[追][続],50,直近◎,39,5%,10%,18%,井上智史,ノーザンＦしがらき,1,49,0 %,4 %,6 %,7,14%,14%,14 %,セ,4,短,普,小標ベ,△,右回り○,ブ効果○,小回り×,ブリックスアンドモルタル,44,14%,20%,25%,66(栗坂),45(函Ｗ),54,併用平均,https://stride.get-luck.jp/member/race_viewer_test.php?racedate=20260829&racekey=01262311&jo=2&idpm=iFT66JycF8pFY,PASS
2026-08-29,札幌,11,202601020311,01262311,15:25,11R 芝2000 札幌日刊スポーツ杯 2勝クラス WIN5 15:25,14,バースライト,吉田隼人,13.2,8,低速バランス,カスリ,61,Ｄ,Ｂ,5,56,58,-4,6,33%,35 (13),53 (6),69 (1),61 (2),48 (11),14,15,中,11,15,中,5,14,外,58,[追],41,"馬主○,枠脚質×,直近▲",43,2%,12%,16%,武幸四郎,ノーザンＦ空港,1,57,18 %,28 %,46 %,1,0%,0%,100 %,牡,4,普,普,中ベ,○,器用さ欠,少頭数○,上が掛○,モーリス,136,8%,17%,25%,62(札ダ),77(札ダ),58,コース平均,https://stride.get-luck.jp/member/race_viewer_test.php?racedate=20260829&racekey=01262311&jo=2&idpm=iFT66JycF8pFY,PASS
2026-08-29,札幌,12,202601020312,01262312,16:00,12R ダ1700 千歳特別 2勝クラス 16:00,1,エンプレスフレーム,原田和真,32.4,10,低速スタミナ,,48,Ｄ,Ｄ,9,53,50,-15,11,0%,52 (4),59 (3),58 (2),48 (10),42 (10),5,11,内,4,4,最内,9,13,内,56,[先][久],42,,37,3%,14%,16%,上原博之,西山牧場阿見分場,3,18,22 %,28 %,39 %,2,100%,100%,100 %,牝,4,短,短,小標ベ,◎,脚抜ダ○,時計速○,芝×,カルフォルニアクローム,28,11%,25%,25%,55(札ダ),54(札ダ),50,コース平均,https://stride.get-luck.jp/member/race_viewer_test.php?racedate=20260829&racekey=01262312&jo=2&idpm=iFT66JycF8pFY,PASS
2026-08-29,札幌,12,202601020312,01262312,16:00,12R ダ1700 千歳特別 2勝クラス 16:00,2,ルージュマローネ,鮫島克駿,22.0,8,低速スタミナ,,43,Ｄ,Ｄ,10,47,58,-13,10,7%,73 (1),55 (4),35 (11),23 (12),29 (12),1,0,最内,1,0,最内,10,14,最内,56,[先][瞬],51,"コース×,枠脚質○",119,8%,19%,30%,栗田徹,山元トレセン,1,91,4 %,13 %,25 %,7,0%,14%,29 %,牝,4,短,短,中標ベ,△,前行く○,シブトイ,完歩小さ,ダイワメジャー,33,12%,18%,21%,61(函Ｗ),60(函Ｗ),58,コーステン重点,https://stride.get-luck.jp/member/race_viewer_test.php?racedate=20260829&racekey=01262312&jo=2&idpm=iFT66JycF8pFY,PASS
2026-08-29,札幌,12,202601020312,01262312,16:00,12R ダ1700 千歳特別 2勝クラス 16:00,3,ディアウス,横山武史,6.5,3,低速底力,カスリ,69,Ｃ,Ｄ,4,61,59,2,4,18%,59 (2),65 (1),57 (3),54 (4),50 (7),2,7,最内,2,0,内,4,6,内,58,[続][瞬],53,"コース○,直近▲",148,18%,30%,39%,吉岡辰弥,谷川牧場,1,,,,,,,,,牡,4,普,普,中標,◎,滞競馬○,脚抜ダ○,,シニスターミニスター,90,11%,24%,28%,32(札ダ),51(札ダ),59,コース平均,https://stride.get-luck.jp/member/race_viewer_test.php?racedate=20260829&racekey=01262312&jo=2&idpm=iFT66JycF8pFY,PASS
2026-08-29,札幌,12,202601020312,01262312,16:00,12R ダ1700 千歳特別 2勝クラス 16:00,4,アラナコア,吉田隼人,12.2,6,超低速スタミナ,,67,Ｃ,Ａ,5,59,56,-3,5,20%,57 (3),62 (2),56 (5),50 (7),46 (9),3,8,内,3,1,中,5,7,中,58,[追],41,"コース○,直近▲",75,8%,17%,23%,田中克典,吉澤Ｓ－ＷＥＳＴ,1,86,10 %,24 %,29 %,6,0%,33%,33 %,牡,5,短,短,中標,○,馬込平気,口向悪い,ダ向き,ブリックスアンドモルタル,16,0%,19%,19%,61(栗Ｐ),59(函芝),56,コーステン重点,https://stride.get-luck.jp/member/race_viewer_test.php?racedate=20260829&racekey=01262312&jo=2&idpm=iFT66JycF8pFY,PASS
2026-08-29,札幌,12,202601020312,01262312,16:00,12R ダ1700 千歳特別 2勝クラス 16:00,5,ホレーショ,丹内祐次,11.8,5,超低速持続,カスリ,58,Ｄ,Ｄ,6,54,59,-5,6,0%,50 (6),46 (8),46 (8),50 (8),52 (6),6,12,最内,6,7,最内,6,10,外,58,[先][追],49,"コース○,枠脚質○,直近×",198,11%,25%,38%,西田雄一郎,ノーザンファーム,1,4,0 %,0 %,0 %,,,,,牡,5,短,短,小ベ,◎,砂被る×,上が速×,,リアルインパクト,13,8%,15%,23%,45(札ダ),57(札ダ),59,コース平均,https://stride.get-luck.jp/member/race_viewer_test.php?racedate=20260829&racekey=01262312&jo=2&idpm=iFT66JycF8pFY,PASS
2026-08-29,札幌,12,202601020312,01262312,16:00,12R ダ1700 千歳特別 2勝クラス 16:00,6,レディゴディヴァ,石川倭,40.8,12,低速底力,カスリ,56,Ｄ,Ｄ,7,48,58,-12,8,0%,46 (9),45 (10),48 (7),46 (11),46 (8),10,15,内,10,11,最内,7,10,大外,56,,50,,26,12%,15%,19%,小崎憲,キャニオンファーム土山,2,26,0 %,12 %,23 %,2,0%,0%,0 %,牝,4,短,短,中標ベ,△,砂被る×,ハナ条件,腰甘い,ルヴァンスレーヴ,51,10%,20%,27%,55(札ダ),74(札ダ),58,コース平均,https://stride.get-luck.jp/member/race_viewer_test.php?racedate=20260829&racekey=01262312&jo=2&idpm=iFT66JycF8pFY,PASS
2026-08-29,札幌,12,202601020312,01262312,16:00,12R ダ1700 千歳特別 2勝クラス 16:00,7,リメンバーヒム,小沢大仁,16.6,7,中速底力,,55,Ｄ,Ｄ,8,54,58,-6,7,17%,41 (11),36 (11),44 (10),56 (3),61 (2),9,14,最内,12,13,最内,8,11,中,58,[先][瞬],38,"枠脚質○,直近▲",52,4%,8%,12%,浜田多実雄,山岡トレセン,3,,,,,,,,,牡,4,普,普,中ベ,◎,終い甘い,腰甘い,,コパノリッキー,34,6%,9%,12%,59(函Ｗ),37(函Ｗ),58,コース終い重点,https://stride.get-luck.jp/member/race_viewer_test.php?racedate=20260829&racekey=01262312&jo=2&idpm=iFT66JycF8pFY,PASS
2026-08-29,札幌,12,202601020312,01262312,16:00,12R ダ1700 千歳特別 2勝クラス 16:00,8,ヤコブセン,横山琉人,34.5,11,中速瞬発,,41,Ｄ,Ｄ,11,45,58,-15,12,5%,34 (12),52 (6),67 (1),51 (6),40 (11),12,16,最内,7,8,内,11,15,中,58,[追][続],36,"コース×,直近▲",66,2%,3%,9%,斎藤誠,エクワインＲ,1,37,3 %,8 %,16 %,4,0%,0%,0 %,牡,4,短,普,小ベ,△,展開待ち,内枠○,荒馬場○,エピファネイア,52,2%,8%,19%,54(函Ｗ),71(函Ｗ),58,コース平均,https://stride.get-luck.jp/member/race_viewer_test.php?racedate=20260829&racekey=01262312&jo=2&idpm=iFT66JycF8pFY,PASS
2026-08-29,札幌,12,202601020312,01262312,16:00,12R ダ1700 千歳特別 2勝クラス 16:00,9,マーゴットサンズ,武豊,8.5,4,低速持続,ピッタリ,69,Ｃ,Ｃ,3,55,72,9,2,0%,51 (5),45 (9),44 (9),52 (5),56 (5),4,9,最内,9,9,最内,3,6,大外,53,[続][瞬],65,コース○,89,20%,37%,47%,伊坂重信,山元トレセン,3,5,20 %,20 %,40 %,,,,,牝,3,短,短,細標ベ,△,完歩小さ,腰甘い,行たがる,ミスチヴィアスアレックス,6,33%,33%,50%,,73(札ダ),72,コース終い重点,https://stride.get-luck.jp/member/race_viewer_test.php?racedate=20260829&racekey=01262312&jo=2&idpm=iFT66JycF8pFY,PASS
2026-08-29,札幌,12,202601020312,01262312,16:00,12R ダ1700 千歳特別 2勝クラス 16:00,10,オンザムービー,横山和生,2.6,1,中速スタミナ,,91,Ａ,ＡＡ,1,68,59,9,1,29%,43 (10),51 (7),57 (4),64 (1),61 (1),11,15,中,8,8,外,1,0,大外,55,[久][続],69,"馬主○,コース×,枠脚質○,直近○",112,13%,26%,47%,牧田和弥,ファンタストクラブ,2,1,0 %,0 %,0 %,,,,,牡,3,普,普,中標,◎,物見,軟ら芝○,ダ向き,サンダースノー,41,12%,32%,41%,52(函Ｗ),54(函Ｗ),59,コース平均,https://stride.get-luck.jp/member/race_viewer_test.php?racedate=20260829&racekey=01262312&jo=2&idpm=iFT66JycF8pFY,PASS
2026-08-29,札幌,12,202601020312,01262312,16:00,12R ダ1700 千歳特別 2勝クラス 16:00,11,タガノエルー,古川吉洋,3.5,2,超低速スタミナ,,75,Ｂ,Ｃ,2,62,59,3,3,11%,48 (7),52 (5),55 (6),59 (2),58 (4),8,13,中,5,7,中,2,5,外,55,[続][瞬],50,"調教師○,馬主○,コース×,枠脚質×,直近◎",120,5%,11%,17%,宮徹,宇治田原優駿Ｓ,3,6,17 %,33 %,50 %,1,100%,100%,100 %,牡,3,普,普,中立,○,ダ向き,腰甘い,枠駐不良,モズアスコット,9,22%,67%,67%,15(函Ｗ),41(函Ｗ),59,コース終い重点,https://stride.get-luck.jp/member/race_viewer_test.php?racedate=20260829&racekey=01262312&jo=2&idpm=iFT66JycF8pFY,PASS
2026-08-29,札幌,12,202601020312,01262312,16:00,12R ダ1700 千歳特別 2勝クラス 16:00,12,シャンハイナイト,河原田菜々,23.7,9,中速スタミナ,,37,Ｄ,Ｄ,12,48,57,-13,9,29%,47 (8),31 (12),33 (12),48 (9),59 (3),7,13,内,11,12,内,12,16,最内,56,,55,直近◎,14,14%,21%,21%,村田一誠,高橋ＴＣ,2,33,9 %,27 %,30 %,,,,,牝,4,普,普,小標ベ,△,砂被る×,脚外振走,大トビ,シャンハイボビー,13,0%,0%,0%,58(南Ｗ),54(美坂),57,併用終い重点,https://stride.get-luck.jp/member/race_viewer_test.php?racedate=20260829&racekey=01262312&jo=2&idpm=iFT66JycF8pFY,PASS
