date,track,race_no,horse_no,horse_name,finish_raw,finish_numeric,status,popularity,source_url,source_path,source_sha256
2026-07-12,函館,11,1,エラトー,4,4.0,COMPLETED,6.0,https://www.jra.go.jp/JRADB/accessS.html?CNAME=pw01sde1002202601101120260712%2F3E,outputs/longshot_placer_index_expanded_20260811/jra_result_html/20260712_函館_11.html,48c6573826af431cb3ce08ed77ee03c021d242c0f2724daecf288f14c14863fa
2026-07-12,函館,11,2,パレハ,8,8.0,COMPLETED,2.0,https://www.jra.go.jp/JRADB/accessS.html?CNAME=pw01sde1002202601101120260712%2F3E,outputs/longshot_placer_index_expanded_20260811/jra_result_html/20260712_函館_11.html,48c6573826af431cb3ce08ed77ee03c021d242c0f2724daecf288f14c14863fa
2026-07-12,函館,11,3,タシット,7,7.0,COMPLETED,10.0,https://www.jra.go.jp/JRADB/accessS.html?CNAME=pw01sde1002202601101120260712%2F3E,outputs/longshot_placer_index_expanded_20260811/jra_result_html/20260712_函館_11.html,48c6573826af431cb3ce08ed77ee03c021d242c0f2724daecf288f14c14863fa
2026-07-12,函館,11,4,シルトホルン,3,3.0,COMPLETED,1.0,https://www.jra.go.jp/JRADB/accessS.html?CNAME=pw01sde1002202601101120260712%2F3E,outputs/longshot_placer_index_expanded_20260811/jra_result_html/20260712_函館_11.html,48c6573826af431cb3ce08ed77ee03c021d242c0f2724daecf288f14c14863fa
2026-07-12,函館,11,5,キョウエイブリッサ,5,5.0,COMPLETED,3.0,https://www.jra.go.jp/JRADB/accessS.html?CNAME=pw01sde1002202601101120260712%2F3E,outputs/longshot_placer_index_expanded_20260811/jra_result_html/20260712_函館_11.html,48c6573826af431cb3ce08ed77ee03c021d242c0f2724daecf288f14c14863fa
2026-07-12,函館,11,6,レディントン,11,11.0,COMPLETED,11.0,https://www.jra.go.jp/JRADB/accessS.html?CNAME=pw01sde1002202601101120260712%2F3E,outputs/longshot_placer_index_expanded_20260811/jra_result_html/20260712_函館_11.html,48c6573826af431cb3ce08ed77ee03c021d242c0f2724daecf288f14c14863fa
2026-07-12,函館,11,7,エエヤン,12,12.0,COMPLETED,14.0,https://www.jra.go.jp/JRADB/accessS.html?CNAME=pw01sde1002202601101120260712%2F3E,outputs/longshot_placer_index_expanded_20260811/jra_result_html/20260712_函館_11.html,48c6573826af431cb3ce08ed77ee03c021d242c0f2724daecf288f14c14863fa
2026-07-12,函館,11,8,ストレイトトーカー,14,14.0,COMPLETED,5.0,https://www.jra.go.jp/JRADB/accessS.html?CNAME=pw01sde1002202601101120260712%2F3E,outputs/longshot_placer_index_expanded_20260811/jra_result_html/20260712_函館_11.html,48c6573826af431cb3ce08ed77ee03c021d242c0f2724daecf288f14c14863fa
2026-07-12,函館,11,9,レディネス,10,10.0,COMPLETED,4.0,https://www.jra.go.jp/JRADB/accessS.html?CNAME=pw01sde1002202601101120260712%2F3E,outputs/longshot_placer_index_expanded_20260811/jra_result_html/20260712_函館_11.html,48c6573826af431cb3ce08ed77ee03c021d242c0f2724daecf288f14c14863fa
2026-07-12,函館,11,10,ヴーレヴー,1,1.0,COMPLETED,8.0,https://www.jra.go.jp/JRADB/accessS.html?CNAME=pw01sde1002202601101120260712%2F3E,outputs/longshot_placer_index_expanded_20260811/jra_result_html/20260712_函館_11.html,48c6573826af431cb3ce08ed77ee03c021d242c0f2724daecf288f14c14863fa
2026-07-12,函館,11,11,パトリックハンサム,9,9.0,COMPLETED,12.0,https://www.jra.go.jp/JRADB/accessS.html?CNAME=pw01sde1002202601101120260712%2F3E,outputs/longshot_placer_index_expanded_20260811/jra_result_html/20260712_函館_11.html,48c6573826af431cb3ce08ed77ee03c021d242c0f2724daecf288f14c14863fa
2026-07-12,函館,11,12,レディーヴァリュー,2,2.0,COMPLETED,7.0,https://www.jra.go.jp/JRADB/accessS.html?CNAME=pw01sde1002202601101120260712%2F3E,outputs/longshot_placer_index_expanded_20260811/jra_result_html/20260712_函館_11.html,48c6573826af431cb3ce08ed77ee03c021d242c0f2724daecf288f14c14863fa
2026-07-12,函館,11,13,ウインシュクラン,13,13.0,COMPLETED,13.0,https://www.jra.go.jp/JRADB/accessS.html?CNAME=pw01sde1002202601101120260712%2F3E,outputs/longshot_placer_index_expanded_20260811/jra_result_html/20260712_函館_11.html,48c6573826af431cb3ce08ed77ee03c021d242c0f2724daecf288f14c14863fa
2026-07-12,函館,11,14,リラボニート,6,6.0,COMPLETED,9.0,https://www.jra.go.jp/JRADB/accessS.html?CNAME=pw01sde1002202601101120260712%2F3E,outputs/longshot_placer_index_expanded_20260811/jra_result_html/20260712_函館_11.html,48c6573826af431cb3ce08ed77ee03c021d242c0f2724daecf288f14c14863fa
2026-07-12,小倉,10,1,ダノンカゼルタ,2,2.0,COMPLETED,4.0,https://www.jra.go.jp/JRADB/accessS.html?CNAME=pw01sde1010202602061020260712%2FF1,outputs/longshot_placer_index_expanded_20260811/jra_result_html/20260712_小倉_10.html,4198da6bdbece3065280922411971934183ae240507b6025c9b83fbd9e342017
2026-07-12,小倉,10,2,ショウナンハウル,11,11.0,COMPLETED,9.0,https://www.jra.go.jp/JRADB/accessS.html?CNAME=pw01sde1010202602061020260712%2FF1,outputs/longshot_placer_index_expanded_20260811/jra_result_html/20260712_小倉_10.html,4198da6bdbece3065280922411971934183ae240507b6025c9b83fbd9e342017
2026-07-12,小倉,10,3,プリズマジコ,5,5.0,COMPLETED,2.0,https://www.jra.go.jp/JRADB/accessS.html?CNAME=pw01sde1010202602061020260712%2FF1,outputs/longshot_placer_index_expanded_20260811/jra_result_html/20260712_小倉_10.html,4198da6bdbece3065280922411971934183ae240507b6025c9b83fbd9e342017
2026-07-12,小倉,10,4,ハッピーダンチャン,6,6.0,COMPLETED,11.0,https://www.jra.go.jp/JRADB/accessS.html?CNAME=pw01sde1010202602061020260712%2FF1,outputs/longshot_placer_index_expanded_20260811/jra_result_html/20260712_小倉_10.html,4198da6bdbece3065280922411971934183ae240507b6025c9b83fbd9e342017
2026-07-12,小倉,10,5,フォーチュンライド,8,8.0,COMPLETED,1.0,https://www.jra.go.jp/JRADB/accessS.html?CNAME=pw01sde1010202602061020260712%2FF1,outputs/longshot_placer_index_expanded_20260811/jra_result_html/20260712_小倉_10.html,4198da6bdbece3065280922411971934183ae240507b6025c9b83fbd9e342017
2026-07-12,小倉,10,6,アスクエピソード,7,7.0,COMPLETED,10.0,https://www.jra.go.jp/JRADB/accessS.html?CNAME=pw01sde1010202602061020260712%2FF1,outputs/longshot_placer_index_expanded_20260811/jra_result_html/20260712_小倉_10.html,4198da6bdbece3065280922411971934183ae240507b6025c9b83fbd9e342017
2026-07-12,小倉,10,7,レイピカケ,10,10.0,COMPLETED,5.0,https://www.jra.go.jp/JRADB/accessS.html?CNAME=pw01sde1010202602061020260712%2FF1,outputs/longshot_placer_index_expanded_20260811/jra_result_html/20260712_小倉_10.html,4198da6bdbece3065280922411971934183ae240507b6025c9b83fbd9e342017
2026-07-12,小倉,10,8,コリカンチャ,4,4.0,COMPLETED,6.0,https://www.jra.go.jp/JRADB/accessS.html?CNAME=pw01sde1010202602061020260712%2FF1,outputs/longshot_placer_index_expanded_20260811/jra_result_html/20260712_小倉_10.html,4198da6bdbece3065280922411971934183ae240507b6025c9b83fbd9e342017
2026-07-12,小倉,10,9,オデット,3,3.0,COMPLETED,8.0,https://www.jra.go.jp/JRADB/accessS.html?CNAME=pw01sde1010202602061020260712%2FF1,outputs/longshot_placer_index_expanded_20260811/jra_result_html/20260712_小倉_10.html,4198da6bdbece3065280922411971934183ae240507b6025c9b83fbd9e342017
2026-07-12,小倉,10,10,ジャスティンガルフ,1,1.0,COMPLETED,3.0,https://www.jra.go.jp/JRADB/accessS.html?CNAME=pw01sde1010202602061020260712%2FF1,outputs/longshot_placer_index_expanded_20260811/jra_result_html/20260712_小倉_10.html,4198da6bdbece3065280922411971934183ae240507b6025c9b83fbd9e342017
2026-07-12,小倉,10,11,オウケンボルト,9,9.0,COMPLETED,7.0,https://www.jra.go.jp/JRADB/accessS.html?CNAME=pw01sde1010202602061020260712%2FF1,outputs/longshot_placer_index_expanded_20260811/jra_result_html/20260712_小倉_10.html,4198da6bdbece3065280922411971934183ae240507b6025c9b83fbd9e342017
2026-07-12,小倉,11,1,メルキオル,11,11.0,COMPLETED,9.0,https://www.jra.go.jp/JRADB/accessS.html?CNAME=pw01sde1010202602061120260712%2FA6,outputs/longshot_placer_index_expanded_20260811/jra_result_html/20260712_小倉_11.html,a463dea9ae8abb16c86035faac1dbe9d92c3c5472ab1849add15d94b7ea934a4
2026-07-12,小倉,11,2,ゴッドブルービー,5,5.0,COMPLETED,7.0,https://www.jra.go.jp/JRADB/accessS.html?CNAME=pw01sde1010202602061120260712%2FA6,outputs/longshot_placer_index_expanded_20260811/jra_result_html/20260712_小倉_11.html,a463dea9ae8abb16c86035faac1dbe9d92c3c5472ab1849add15d94b7ea934a4
2026-07-12,小倉,11,3,ジンセイ,4,4.0,COMPLETED,4.0,https://www.jra.go.jp/JRADB/accessS.html?CNAME=pw01sde1010202602061120260712%2FA6,outputs/longshot_placer_index_expanded_20260811/jra_result_html/20260712_小倉_11.html,a463dea9ae8abb16c86035faac1dbe9d92c3c5472ab1849add15d94b7ea934a4
2026-07-12,小倉,11,4,サンライズアリオン,10,10.0,COMPLETED,10.0,https://www.jra.go.jp/JRADB/accessS.html?CNAME=pw01sde1010202602061120260712%2FA6,outputs/longshot_placer_index_expanded_20260811/jra_result_html/20260712_小倉_11.html,a463dea9ae8abb16c86035faac1dbe9d92c3c5472ab1849add15d94b7ea934a4
2026-07-12,小倉,11,5,スナークラファエロ,2,2.0,COMPLETED,5.0,https://www.jra.go.jp/JRADB/accessS.html?CNAME=pw01sde1010202602061120260712%2FA6,outputs/longshot_placer_index_expanded_20260811/jra_result_html/20260712_小倉_11.html,a463dea9ae8abb16c86035faac1dbe9d92c3c5472ab1849add15d94b7ea934a4
2026-07-12,小倉,11,6,レイナデアルシーラ,1,1.0,COMPLETED,6.0,https://www.jra.go.jp/JRADB/accessS.html?CNAME=pw01sde1010202602061120260712%2FA6,outputs/longshot_placer_index_expanded_20260811/jra_result_html/20260712_小倉_11.html,a463dea9ae8abb16c86035faac1dbe9d92c3c5472ab1849add15d94b7ea934a4
2026-07-12,小倉,11,7,モンブランミノル,9,9.0,COMPLETED,3.0,https://www.jra.go.jp/JRADB/accessS.html?CNAME=pw01sde1010202602061120260712%2FA6,outputs/longshot_placer_index_expanded_20260811/jra_result_html/20260712_小倉_11.html,a463dea9ae8abb16c86035faac1dbe9d92c3c5472ab1849add15d94b7ea934a4
2026-07-12,小倉,11,8,メイショウズイウン,6,6.0,COMPLETED,8.0,https://www.jra.go.jp/JRADB/accessS.html?CNAME=pw01sde1010202602061120260712%2FA6,outputs/longshot_placer_index_expanded_20260811/jra_result_html/20260712_小倉_11.html,a463dea9ae8abb16c86035faac1dbe9d92c3c5472ab1849add15d94b7ea934a4
2026-07-12,小倉,11,9,シュラザック,3,3.0,COMPLETED,2.0,https://www.jra.go.jp/JRADB/accessS.html?CNAME=pw01sde1010202602061120260712%2FA6,outputs/longshot_placer_index_expanded_20260811/jra_result_html/20260712_小倉_11.html,a463dea9ae8abb16c86035faac1dbe9d92c3c5472ab1849add15d94b7ea934a4
2026-07-12,小倉,11,10,フェルヴェンテ,7,7.0,COMPLETED,11.0,https://www.jra.go.jp/JRADB/accessS.html?CNAME=pw01sde1010202602061120260712%2FA6,outputs/longshot_placer_index_expanded_20260811/jra_result_html/20260712_小倉_11.html,a463dea9ae8abb16c86035faac1dbe9d92c3c5472ab1849add15d94b7ea934a4
2026-07-12,小倉,11,11,モックモック,8,8.0,COMPLETED,1.0,https://www.jra.go.jp/JRADB/accessS.html?CNAME=pw01sde1010202602061120260712%2FA6,outputs/longshot_placer_index_expanded_20260811/jra_result_html/20260712_小倉_11.html,a463dea9ae8abb16c86035faac1dbe9d92c3c5472ab1849add15d94b7ea934a4
2026-07-12,小倉,12,1,ドルチェミスト,15,15.0,COMPLETED,8.0,https://www.jra.go.jp/JRADB/accessS.html?CNAME=pw01sde1010202602061220260712%2F5B,outputs/longshot_placer_index_expanded_20260811/jra_result_html/20260712_小倉_12.html,62d382170ada070f0ab99ba94ee8cad653bfacb4614c17015fc1b2257b95f15d
2026-07-12,小倉,12,2,リアルアルバ,16,16.0,COMPLETED,16.0,https://www.jra.go.jp/JRADB/accessS.html?CNAME=pw01sde1010202602061220260712%2F5B,outputs/longshot_placer_index_expanded_20260811/jra_result_html/20260712_小倉_12.html,62d382170ada070f0ab99ba94ee8cad653bfacb4614c17015fc1b2257b95f15d
2026-07-12,小倉,12,3,セレブトーチ,13,13.0,COMPLETED,5.0,https://www.jra.go.jp/JRADB/accessS.html?CNAME=pw01sde1010202602061220260712%2F5B,outputs/longshot_placer_index_expanded_20260811/jra_result_html/20260712_小倉_12.html,62d382170ada070f0ab99ba94ee8cad653bfacb4614c17015fc1b2257b95f15d
2026-07-12,小倉,12,4,フィラーエ,5,5.0,COMPLETED,6.0,https://www.jra.go.jp/JRADB/accessS.html?CNAME=pw01sde1010202602061220260712%2F5B,outputs/longshot_placer_index_expanded_20260811/jra_result_html/20260712_小倉_12.html,62d382170ada070f0ab99ba94ee8cad653bfacb4614c17015fc1b2257b95f15d
2026-07-12,小倉,12,5,ウインマスカレード,10,10.0,COMPLETED,1.0,https://www.jra.go.jp/JRADB/accessS.html?CNAME=pw01sde1010202602061220260712%2F5B,outputs/longshot_placer_index_expanded_20260811/jra_result_html/20260712_小倉_12.html,62d382170ada070f0ab99ba94ee8cad653bfacb4614c17015fc1b2257b95f15d
2026-07-12,小倉,12,6,ジュエルハウス,11,11.0,COMPLETED,13.0,https://www.jra.go.jp/JRADB/accessS.html?CNAME=pw01sde1010202602061220260712%2F5B,outputs/longshot_placer_index_expanded_20260811/jra_result_html/20260712_小倉_12.html,62d382170ada070f0ab99ba94ee8cad653bfacb4614c17015fc1b2257b95f15d
2026-07-12,小倉,12,7,ラブカムーン,8,8.0,COMPLETED,14.0,https://www.jra.go.jp/JRADB/accessS.html?CNAME=pw01sde1010202602061220260712%2F5B,outputs/longshot_placer_index_expanded_20260811/jra_result_html/20260712_小倉_12.html,62d382170ada070f0ab99ba94ee8cad653bfacb4614c17015fc1b2257b95f15d
2026-07-12,小倉,12,8,ノボリリア,1,1.0,COMPLETED,2.0,https://www.jra.go.jp/JRADB/accessS.html?CNAME=pw01sde1010202602061220260712%2F5B,outputs/longshot_placer_index_expanded_20260811/jra_result_html/20260712_小倉_12.html,62d382170ada070f0ab99ba94ee8cad653bfacb4614c17015fc1b2257b95f15d
2026-07-12,小倉,12,9,テルヴィセクス,7,7.0,COMPLETED,4.0,https://www.jra.go.jp/JRADB/accessS.html?CNAME=pw01sde1010202602061220260712%2F5B,outputs/longshot_placer_index_expanded_20260811/jra_result_html/20260712_小倉_12.html,62d382170ada070f0ab99ba94ee8cad653bfacb4614c17015fc1b2257b95f15d
2026-07-12,小倉,12,10,ギザキズラヴ,12,12.0,COMPLETED,15.0,https://www.jra.go.jp/JRADB/accessS.html?CNAME=pw01sde1010202602061220260712%2F5B,outputs/longshot_placer_index_expanded_20260811/jra_result_html/20260712_小倉_12.html,62d382170ada070f0ab99ba94ee8cad653bfacb4614c17015fc1b2257b95f15d
2026-07-12,小倉,12,11,ウォーターデライト,6,6.0,COMPLETED,7.0,https://www.jra.go.jp/JRADB/accessS.html?CNAME=pw01sde1010202602061220260712%2F5B,outputs/longshot_placer_index_expanded_20260811/jra_result_html/20260712_小倉_12.html,62d382170ada070f0ab99ba94ee8cad653bfacb4614c17015fc1b2257b95f15d
2026-07-12,小倉,12,12,ベネメレンティ,14,14.0,COMPLETED,11.0,https://www.jra.go.jp/JRADB/accessS.html?CNAME=pw01sde1010202602061220260712%2F5B,outputs/longshot_placer_index_expanded_20260811/jra_result_html/20260712_小倉_12.html,62d382170ada070f0ab99ba94ee8cad653bfacb4614c17015fc1b2257b95f15d
2026-07-12,小倉,12,13,シャインベック,9,9.0,COMPLETED,12.0,https://www.jra.go.jp/JRADB/accessS.html?CNAME=pw01sde1010202602061220260712%2F5B,outputs/longshot_placer_index_expanded_20260811/jra_result_html/20260712_小倉_12.html,62d382170ada070f0ab99ba94ee8cad653bfacb4614c17015fc1b2257b95f15d
2026-07-12,小倉,12,14,アットザラヴアスク,17,17.0,COMPLETED,17.0,https://www.jra.go.jp/JRADB/accessS.html?CNAME=pw01sde1010202602061220260712%2F5B,outputs/longshot_placer_index_expanded_20260811/jra_result_html/20260712_小倉_12.html,62d382170ada070f0ab99ba94ee8cad653bfacb4614c17015fc1b2257b95f15d
2026-07-12,小倉,12,15,ベルファスト,2,2.0,COMPLETED,3.0,https://www.jra.go.jp/JRADB/accessS.html?CNAME=pw01sde1010202602061220260712%2F5B,outputs/longshot_placer_index_expanded_20260811/jra_result_html/20260712_小倉_12.html,62d382170ada070f0ab99ba94ee8cad653bfacb4614c17015fc1b2257b95f15d
2026-07-12,小倉,12,16,ジューンオアシス,4,4.0,COMPLETED,9.0,https://www.jra.go.jp/JRADB/accessS.html?CNAME=pw01sde1010202602061220260712%2F5B,outputs/longshot_placer_index_expanded_20260811/jra_result_html/20260712_小倉_12.html,62d382170ada070f0ab99ba94ee8cad653bfacb4614c17015fc1b2257b95f15d
2026-07-12,小倉,12,17,モルティフレーバー,3,3.0,COMPLETED,10.0,https://www.jra.go.jp/JRADB/accessS.html?CNAME=pw01sde1010202602061220260712%2F5B,outputs/longshot_placer_index_expanded_20260811/jra_result_html/20260712_小倉_12.html,62d382170ada070f0ab99ba94ee8cad653bfacb4614c17015fc1b2257b95f15d
2026-07-12,福島,7,1,コスモシグルン,12,12.0,COMPLETED,7.0,https://www.jra.go.jp/JRADB/accessS.html?CNAME=pw01sde1003202602060720260712%2F47,outputs/longshot_placer_index_expanded_20260811/jra_result_html/20260712_福島_07.html,15119f7d23c31c4da76f789f15fe3c00a0bb505d8e82d51cae45a41b27d18985
2026-07-12,福島,7,2,イマジェリーナ,16,16.0,COMPLETED,16.0,https://www.jra.go.jp/JRADB/accessS.html?CNAME=pw01sde1003202602060720260712%2F47,outputs/longshot_placer_index_expanded_20260811/jra_result_html/20260712_福島_07.html,15119f7d23c31c4da76f789f15fe3c00a0bb505d8e82d51cae45a41b27d18985
2026-07-12,福島,7,3,マリノマーベラス,9,9.0,COMPLETED,13.0,https://www.jra.go.jp/JRADB/accessS.html?CNAME=pw01sde1003202602060720260712%2F47,outputs/longshot_placer_index_expanded_20260811/jra_result_html/20260712_福島_07.html,15119f7d23c31c4da76f789f15fe3c00a0bb505d8e82d51cae45a41b27d18985
2026-07-12,福島,7,4,シャインフォーミー,1,1.0,COMPLETED,2.0,https://www.jra.go.jp/JRADB/accessS.html?CNAME=pw01sde1003202602060720260712%2F47,outputs/longshot_placer_index_expanded_20260811/jra_result_html/20260712_福島_07.html,15119f7d23c31c4da76f789f15fe3c00a0bb505d8e82d51cae45a41b27d18985
2026-07-12,福島,7,5,モーニングダリア,13,13.0,COMPLETED,15.0,https://www.jra.go.jp/JRADB/accessS.html?CNAME=pw01sde1003202602060720260712%2F47,outputs/longshot_placer_index_expanded_20260811/jra_result_html/20260712_福島_07.html,15119f7d23c31c4da76f789f15fe3c00a0bb505d8e82d51cae45a41b27d18985
2026-07-12,福島,7,6,インザライムライト,6,6.0,COMPLETED,8.0,https://www.jra.go.jp/JRADB/accessS.html?CNAME=pw01sde1003202602060720260712%2F47,outputs/longshot_placer_index_expanded_20260811/jra_result_html/20260712_福島_07.html,15119f7d23c31c4da76f789f15fe3c00a0bb505d8e82d51cae45a41b27d18985
2026-07-12,福島,7,7,リナシタ,7,7.0,COMPLETED,9.0,https://www.jra.go.jp/JRADB/accessS.html?CNAME=pw01sde1003202602060720260712%2F47,outputs/longshot_placer_index_expanded_20260811/jra_result_html/20260712_福島_07.html,15119f7d23c31c4da76f789f15fe3c00a0bb505d8e82d51cae45a41b27d18985
2026-07-12,福島,7,8,フライスカイハイ,4,4.0,COMPLETED,11.0,https://www.jra.go.jp/JRADB/accessS.html?CNAME=pw01sde1003202602060720260712%2F47,outputs/longshot_placer_index_expanded_20260811/jra_result_html/20260712_福島_07.html,15119f7d23c31c4da76f789f15fe3c00a0bb505d8e82d51cae45a41b27d18985
2026-07-12,福島,7,9,ウインディナナコ,8,8.0,COMPLETED,4.0,https://www.jra.go.jp/JRADB/accessS.html?CNAME=pw01sde1003202602060720260712%2F47,outputs/longshot_placer_index_expanded_20260811/jra_result_html/20260712_福島_07.html,15119f7d23c31c4da76f789f15fe3c00a0bb505d8e82d51cae45a41b27d18985
2026-07-12,福島,7,10,ノーブルクロンヌ,3,3.0,COMPLETED,3.0,https://www.jra.go.jp/JRADB/accessS.html?CNAME=pw01sde1003202602060720260712%2F47,outputs/longshot_placer_index_expanded_20260811/jra_result_html/20260712_福島_07.html,15119f7d23c31c4da76f789f15fe3c00a0bb505d8e82d51cae45a41b27d18985
2026-07-12,福島,7,11,キッショウダラニ,11,11.0,COMPLETED,1.0,https://www.jra.go.jp/JRADB/accessS.html?CNAME=pw01sde1003202602060720260712%2F47,outputs/longshot_placer_index_expanded_20260811/jra_result_html/20260712_福島_07.html,15119f7d23c31c4da76f789f15fe3c00a0bb505d8e82d51cae45a41b27d18985
2026-07-12,福島,7,12,ラルルジェンヌ,2,2.0,COMPLETED,5.0,https://www.jra.go.jp/JRADB/accessS.html?CNAME=pw01sde1003202602060720260712%2F47,outputs/longshot_placer_index_expanded_20260811/jra_result_html/20260712_福島_07.html,15119f7d23c31c4da76f789f15fe3c00a0bb505d8e82d51cae45a41b27d18985
2026-07-12,福島,7,13,スイートハイデン,5,5.0,COMPLETED,10.0,https://www.jra.go.jp/JRADB/accessS.html?CNAME=pw01sde1003202602060720260712%2F47,outputs/longshot_placer_index_expanded_20260811/jra_result_html/20260712_福島_07.html,15119f7d23c31c4da76f789f15fe3c00a0bb505d8e82d51cae45a41b27d18985
2026-07-12,福島,7,14,ベルオーシャン,10,10.0,COMPLETED,6.0,https://www.jra.go.jp/JRADB/accessS.html?CNAME=pw01sde1003202602060720260712%2F47,outputs/longshot_placer_index_expanded_20260811/jra_result_html/20260712_福島_07.html,15119f7d23c31c4da76f789f15fe3c00a0bb505d8e82d51cae45a41b27d18985
2026-07-12,福島,7,15,サクラモンストール,14,14.0,COMPLETED,14.0,https://www.jra.go.jp/JRADB/accessS.html?CNAME=pw01sde1003202602060720260712%2F47,outputs/longshot_placer_index_expanded_20260811/jra_result_html/20260712_福島_07.html,15119f7d23c31c4da76f789f15fe3c00a0bb505d8e82d51cae45a41b27d18985
2026-07-12,福島,7,16,ダノンクラウディア,15,15.0,COMPLETED,12.0,https://www.jra.go.jp/JRADB/accessS.html?CNAME=pw01sde1003202602060720260712%2F47,outputs/longshot_placer_index_expanded_20260811/jra_result_html/20260712_福島_07.html,15119f7d23c31c4da76f789f15fe3c00a0bb505d8e82d51cae45a41b27d18985
2026-07-12,福島,10,1,ダカラフェスティヴ,7,7.0,COMPLETED,7.0,https://www.jra.go.jp/JRADB/accessS.html?CNAME=pw01sde1003202602061020260712%2FA6,outputs/longshot_placer_index_expanded_20260811/jra_result_html/20260712_福島_10.html,3447e7150732f7719777ed3cafc685d0e5340628365e985d7f499d003193b5c4
2026-07-12,福島,10,2,ジェイエルマスター,6,6.0,COMPLETED,3.0,https://www.jra.go.jp/JRADB/accessS.html?CNAME=pw01sde1003202602061020260712%2FA6,outputs/longshot_placer_index_expanded_20260811/jra_result_html/20260712_福島_10.html,3447e7150732f7719777ed3cafc685d0e5340628365e985d7f499d003193b5c4
2026-07-12,福島,10,3,リフレックス,2,2.0,COMPLETED,1.0,https://www.jra.go.jp/JRADB/accessS.html?CNAME=pw01sde1003202602061020260712%2FA6,outputs/longshot_placer_index_expanded_20260811/jra_result_html/20260712_福島_10.html,3447e7150732f7719777ed3cafc685d0e5340628365e985d7f499d003193b5c4
2026-07-12,福島,10,4,ハッスルダンク,9,9.0,COMPLETED,10.0,https://www.jra.go.jp/JRADB/accessS.html?CNAME=pw01sde1003202602061020260712%2FA6,outputs/longshot_placer_index_expanded_20260811/jra_result_html/20260712_福島_10.html,3447e7150732f7719777ed3cafc685d0e5340628365e985d7f499d003193b5c4
2026-07-12,福島,10,5,ゲキザル,4,4.0,COMPLETED,9.0,https://www.jra.go.jp/JRADB/accessS.html?CNAME=pw01sde1003202602061020260712%2FA6,outputs/longshot_placer_index_expanded_20260811/jra_result_html/20260712_福島_10.html,3447e7150732f7719777ed3cafc685d0e5340628365e985d7f499d003193b5c4
2026-07-12,福島,10,6,サトミノエンジェル,5,5.0,COMPLETED,6.0,https://www.jra.go.jp/JRADB/accessS.html?CNAME=pw01sde1003202602061020260712%2FA6,outputs/longshot_placer_index_expanded_20260811/jra_result_html/20260712_福島_10.html,3447e7150732f7719777ed3cafc685d0e5340628365e985d7f499d003193b5c4
2026-07-12,福島,10,7,ティンティンデオ,11,11.0,COMPLETED,11.0,https://www.jra.go.jp/JRADB/accessS.html?CNAME=pw01sde1003202602061020260712%2FA6,outputs/longshot_placer_index_expanded_20260811/jra_result_html/20260712_福島_10.html,3447e7150732f7719777ed3cafc685d0e5340628365e985d7f499d003193b5c4
2026-07-12,福島,10,8,オンザライン,3,3.0,COMPLETED,8.0,https://www.jra.go.jp/JRADB/accessS.html?CNAME=pw01sde1003202602061020260712%2FA6,outputs/longshot_placer_index_expanded_20260811/jra_result_html/20260712_福島_10.html,3447e7150732f7719777ed3cafc685d0e5340628365e985d7f499d003193b5c4
2026-07-12,福島,10,9,チギリ,10,10.0,COMPLETED,4.0,https://www.jra.go.jp/JRADB/accessS.html?CNAME=pw01sde1003202602061020260712%2FA6,outputs/longshot_placer_index_expanded_20260811/jra_result_html/20260712_福島_10.html,3447e7150732f7719777ed3cafc685d0e5340628365e985d7f499d003193b5c4
2026-07-12,福島,10,10,スマートケープ,8,8.0,COMPLETED,5.0,https://www.jra.go.jp/JRADB/accessS.html?CNAME=pw01sde1003202602061020260712%2FA6,outputs/longshot_placer_index_expanded_20260811/jra_result_html/20260712_福島_10.html,3447e7150732f7719777ed3cafc685d0e5340628365e985d7f499d003193b5c4
2026-07-12,福島,10,11,ドバイブルース,1,1.0,COMPLETED,2.0,https://www.jra.go.jp/JRADB/accessS.html?CNAME=pw01sde1003202602061020260712%2FA6,outputs/longshot_placer_index_expanded_20260811/jra_result_html/20260712_福島_10.html,3447e7150732f7719777ed3cafc685d0e5340628365e985d7f499d003193b5c4
2026-07-12,福島,11,1,ボーンディスウェイ,5,5.0,COMPLETED,14.0,https://www.jra.go.jp/JRADB/accessS.html?CNAME=pw01sde1003202602061120260712%2F5B,outputs/longshot_placer_index_expanded_20260811/jra_result_html/20260712_福島_11.html,0bc5f0aa5184c8305d69a02eabd52ffc1aca8ed9c9d7c35988317b5502650202
2026-07-12,福島,11,2,コントラポスト,9,9.0,COMPLETED,8.0,https://www.jra.go.jp/JRADB/accessS.html?CNAME=pw01sde1003202602061120260712%2F5B,outputs/longshot_placer_index_expanded_20260811/jra_result_html/20260712_福島_11.html,0bc5f0aa5184c8305d69a02eabd52ffc1aca8ed9c9d7c35988317b5502650202
2026-07-12,福島,11,3,ショウナンマグマ,14,14.0,COMPLETED,16.0,https://www.jra.go.jp/JRADB/accessS.html?CNAME=pw01sde1003202602061120260712%2F5B,outputs/longshot_placer_index_expanded_20260811/jra_result_html/20260712_福島_11.html,0bc5f0aa5184c8305d69a02eabd52ffc1aca8ed9c9d7c35988317b5502650202
2026-07-12,福島,11,4,カラマティアノス,7,7.0,COMPLETED,1.0,https://www.jra.go.jp/JRADB/accessS.html?CNAME=pw01sde1003202602061120260712%2F5B,outputs/longshot_placer_index_expanded_20260811/jra_result_html/20260712_福島_11.html,0bc5f0aa5184c8305d69a02eabd52ffc1aca8ed9c9d7c35988317b5502650202
2026-07-12,福島,11,5,オーロラエックス,8,8.0,COMPLETED,11.0,https://www.jra.go.jp/JRADB/accessS.html?CNAME=pw01sde1003202602061120260712%2F5B,outputs/longshot_placer_index_expanded_20260811/jra_result_html/20260712_福島_11.html,0bc5f0aa5184c8305d69a02eabd52ffc1aca8ed9c9d7c35988317b5502650202
2026-07-12,福島,11,6,マイネルモーント,2,2.0,COMPLETED,6.0,https://www.jra.go.jp/JRADB/accessS.html?CNAME=pw01sde1003202602061120260712%2F5B,outputs/longshot_placer_index_expanded_20260811/jra_result_html/20260712_福島_11.html,0bc5f0aa5184c8305d69a02eabd52ffc1aca8ed9c9d7c35988317b5502650202
2026-07-12,福島,11,7,メリオーレム,16,16.0,COMPLETED,9.0,https://www.jra.go.jp/JRADB/accessS.html?CNAME=pw01sde1003202602061120260712%2F5B,outputs/longshot_placer_index_expanded_20260811/jra_result_html/20260712_福島_11.html,0bc5f0aa5184c8305d69a02eabd52ffc1aca8ed9c9d7c35988317b5502650202
2026-07-12,福島,11,8,クリスマスパレード,11,11.0,COMPLETED,13.0,https://www.jra.go.jp/JRADB/accessS.html?CNAME=pw01sde1003202602061120260712%2F5B,outputs/longshot_placer_index_expanded_20260811/jra_result_html/20260712_福島_11.html,0bc5f0aa5184c8305d69a02eabd52ffc1aca8ed9c9d7c35988317b5502650202
2026-07-12,福島,11,9,オニャンコポン,3,3.0,COMPLETED,15.0,https://www.jra.go.jp/JRADB/accessS.html?CNAME=pw01sde1003202602061120260712%2F5B,outputs/longshot_placer_index_expanded_20260811/jra_result_html/20260712_福島_11.html,0bc5f0aa5184c8305d69a02eabd52ffc1aca8ed9c9d7c35988317b5502650202
2026-07-12,福島,11,10,センツブラッド,4,4.0,COMPLETED,7.0,https://www.jra.go.jp/JRADB/accessS.html?CNAME=pw01sde1003202602061120260712%2F5B,outputs/longshot_placer_index_expanded_20260811/jra_result_html/20260712_福島_11.html,0bc5f0aa5184c8305d69a02eabd52ffc1aca8ed9c9d7c35988317b5502650202
2026-07-12,福島,11,11,アスクナイスショー,1,1.0,COMPLETED,2.0,https://www.jra.go.jp/JRADB/accessS.html?CNAME=pw01sde1003202602061120260712%2F5B,outputs/longshot_placer_index_expanded_20260811/jra_result_html/20260712_福島_11.html,0bc5f0aa5184c8305d69a02eabd52ffc1aca8ed9c9d7c35988317b5502650202
2026-07-12,福島,11,12,リカンカブール,13,13.0,COMPLETED,10.0,https://www.jra.go.jp/JRADB/accessS.html?CNAME=pw01sde1003202602061120260712%2F5B,outputs/longshot_placer_index_expanded_20260811/jra_result_html/20260712_福島_11.html,0bc5f0aa5184c8305d69a02eabd52ffc1aca8ed9c9d7c35988317b5502650202
2026-07-12,福島,11,13,バトルボーン,12,12.0,COMPLETED,4.0,https://www.jra.go.jp/JRADB/accessS.html?CNAME=pw01sde1003202602061120260712%2F5B,outputs/longshot_placer_index_expanded_20260811/jra_result_html/20260712_福島_11.html,0bc5f0aa5184c8305d69a02eabd52ffc1aca8ed9c9d7c35988317b5502650202
2026-07-12,福島,11,14,オールナット,15,15.0,COMPLETED,12.0,https://www.jra.go.jp/JRADB/accessS.html?CNAME=pw01sde1003202602061120260712%2F5B,outputs/longshot_placer_index_expanded_20260811/jra_result_html/20260712_福島_11.html,0bc5f0aa5184c8305d69a02eabd52ffc1aca8ed9c9d7c35988317b5502650202
2026-07-12,福島,11,15,ヤマニンブークリエ,6,6.0,COMPLETED,5.0,https://www.jra.go.jp/JRADB/accessS.html?CNAME=pw01sde1003202602061120260712%2F5B,outputs/longshot_placer_index_expanded_20260811/jra_result_html/20260712_福島_11.html,0bc5f0aa5184c8305d69a02eabd52ffc1aca8ed9c9d7c35988317b5502650202
2026-07-12,福島,11,16,サヴォーナ,10,10.0,COMPLETED,3.0,https://www.jra.go.jp/JRADB/accessS.html?CNAME=pw01sde1003202602061120260712%2F5B,outputs/longshot_placer_index_expanded_20260811/jra_result_html/20260712_福島_11.html,0bc5f0aa5184c8305d69a02eabd52ffc1aca8ed9c9d7c35988317b5502650202
2026-07-18,函館,3,1,ジャストグレース,8,8.0,COMPLETED,8.0,https://www.jra.go.jp/JRADB/accessS.html?CNAME=pw01sde1002202601110320260718%2F37,outputs/longshot_placer_index_expanded_20260811/jra_result_html/20260718_函館_03.html,c8323c7797772d4c4785c5871804a289bba8b7cae218dea68b09dbf297571c21
2026-07-18,函館,3,2,ザンテソーロ,4,4.0,COMPLETED,4.0,https://www.jra.go.jp/JRADB/accessS.html?CNAME=pw01sde1002202601110320260718%2F37,outputs/longshot_placer_index_expanded_20260811/jra_result_html/20260718_函館_03.html,c8323c7797772d4c4785c5871804a289bba8b7cae218dea68b09dbf297571c21
2026-07-18,函館,3,3,マーゴットデウス,6,6.0,COMPLETED,6.0,https://www.jra.go.jp/JRADB/accessS.html?CNAME=pw01sde1002202601110320260718%2F37,outputs/longshot_placer_index_expanded_20260811/jra_result_html/20260718_函館_03.html,c8323c7797772d4c4785c5871804a289bba8b7cae218dea68b09dbf297571c21
2026-07-18,函館,3,4,ウインガネーシャ,2,2.0,COMPLETED,2.0,https://www.jra.go.jp/JRADB/accessS.html?CNAME=pw01sde1002202601110320260718%2F37,outputs/longshot_placer_index_expanded_20260811/jra_result_html/20260718_函館_03.html,c8323c7797772d4c4785c5871804a289bba8b7cae218dea68b09dbf297571c21
2026-07-18,函館,3,5,ハイランダー,5,5.0,COMPLETED,5.0,https://www.jra.go.jp/JRADB/accessS.html?CNAME=pw01sde1002202601110320260718%2F37,outputs/longshot_placer_index_expanded_20260811/jra_result_html/20260718_函館_03.html,c8323c7797772d4c4785c5871804a289bba8b7cae218dea68b09dbf297571c21
2026-07-18,函館,3,6,リベンジャー,12,12.0,COMPLETED,9.0,https://www.jra.go.jp/JRADB/accessS.html?CNAME=pw01sde1002202601110320260718%2F37,outputs/longshot_placer_index_expanded_20260811/jra_result_html/20260718_函館_03.html,c8323c7797772d4c4785c5871804a289bba8b7cae218dea68b09dbf297571c21
2026-07-18,函館,3,7,エトワールブルー,10,10.0,COMPLETED,12.0,https://www.jra.go.jp/JRADB/accessS.html?CNAME=pw01sde1002202601110320260718%2F37,outputs/longshot_placer_index_expanded_20260811/jra_result_html/20260718_函館_03.html,c8323c7797772d4c4785c5871804a289bba8b7cae218dea68b09dbf297571c21
2026-07-18,函館,3,8,リバーソニック,1,1.0,COMPLETED,3.0,https://www.jra.go.jp/JRADB/accessS.html?CNAME=pw01sde1002202601110320260718%2F37,outputs/longshot_placer_index_expanded_20260811/jra_result_html/20260718_函館_03.html,c8323c7797772d4c4785c5871804a289bba8b7cae218dea68b09dbf297571c21
2026-07-18,函館,3,9,フェンリル,7,7.0,COMPLETED,10.0,https://www.jra.go.jp/JRADB/accessS.html?CNAME=pw01sde1002202601110320260718%2F37,outputs/longshot_placer_index_expanded_20260811/jra_result_html/20260718_函館_03.html,c8323c7797772d4c4785c5871804a289bba8b7cae218dea68b09dbf297571c21
2026-07-18,函館,3,10,ゴールデンボブ,11,11.0,COMPLETED,7.0,https://www.jra.go.jp/JRADB/accessS.html?CNAME=pw01sde1002202601110320260718%2F37,outputs/longshot_placer_index_expanded_20260811/jra_result_html/20260718_函館_03.html,c8323c7797772d4c4785c5871804a289bba8b7cae218dea68b09dbf297571c21
2026-07-18,函館,3,11,ポップアップ,3,3.0,COMPLETED,1.0,https://www.jra.go.jp/JRADB/accessS.html?CNAME=pw01sde1002202601110320260718%2F37,outputs/longshot_placer_index_expanded_20260811/jra_result_html/20260718_函館_03.html,c8323c7797772d4c4785c5871804a289bba8b7cae218dea68b09dbf297571c21
2026-07-18,函館,3,12,エースオブゴールド,9,9.0,COMPLETED,11.0,https://www.jra.go.jp/JRADB/accessS.html?CNAME=pw01sde1002202601110320260718%2F37,outputs/longshot_placer_index_expanded_20260811/jra_result_html/20260718_函館_03.html,c8323c7797772d4c4785c5871804a289bba8b7cae218dea68b09dbf297571c21
2026-07-18,函館,5,1,サンオブザサン,8,8.0,COMPLETED,8.0,https://www.jra.go.jp/JRADB/accessS.html?CNAME=pw01sde1002202601110520260718%2FA1,outputs/longshot_placer_index_expanded_20260811/jra_result_html/20260718_函館_05.html,26817a95c35fd6ee7d0c8926d56d3b78ee31c92ac46001a358ce8aca9ef3540e
2026-07-18,函館,5,2,バンダムソレール,2,2.0,COMPLETED,10.0,https://www.jra.go.jp/JRADB/accessS.html?CNAME=pw01sde1002202601110520260718%2FA1,outputs/longshot_placer_index_expanded_20260811/jra_result_html/20260718_函館_05.html,26817a95c35fd6ee7d0c8926d56d3b78ee31c92ac46001a358ce8aca9ef3540e
2026-07-18,函館,5,3,チャーチルデュース,11,11.0,COMPLETED,5.0,https://www.jra.go.jp/JRADB/accessS.html?CNAME=pw01sde1002202601110520260718%2FA1,outputs/longshot_placer_index_expanded_20260811/jra_result_html/20260718_函館_05.html,26817a95c35fd6ee7d0c8926d56d3b78ee31c92ac46001a358ce8aca9ef3540e
2026-07-18,函館,5,4,コウソクユノ,10,10.0,COMPLETED,6.0,https://www.jra.go.jp/JRADB/accessS.html?CNAME=pw01sde1002202601110520260718%2FA1,outputs/longshot_placer_index_expanded_20260811/jra_result_html/20260718_函館_05.html,26817a95c35fd6ee7d0c8926d56d3b78ee31c92ac46001a358ce8aca9ef3540e
2026-07-18,函館,5,5,ディープマウンテン,12,12.0,COMPLETED,13.0,https://www.jra.go.jp/JRADB/accessS.html?CNAME=pw01sde1002202601110520260718%2FA1,outputs/longshot_placer_index_expanded_20260811/jra_result_html/20260718_函館_05.html,26817a95c35fd6ee7d0c8926d56d3b78ee31c92ac46001a358ce8aca9ef3540e
2026-07-18,函館,5,6,イトシサ,3,3.0,COMPLETED,3.0,https://www.jra.go.jp/JRADB/accessS.html?CNAME=pw01sde1002202601110520260718%2FA1,outputs/longshot_placer_index_expanded_20260811/jra_result_html/20260718_函館_05.html,26817a95c35fd6ee7d0c8926d56d3b78ee31c92ac46001a358ce8aca9ef3540e
2026-07-18,函館,5,7,フロムザムーン,5,5.0,COMPLETED,14.0,https://www.jra.go.jp/JRADB/accessS.html?CNAME=pw01sde1002202601110520260718%2FA1,outputs/longshot_placer_index_expanded_20260811/jra_result_html/20260718_函館_05.html,26817a95c35fd6ee7d0c8926d56d3b78ee31c92ac46001a358ce8aca9ef3540e
2026-07-18,函館,5,8,ホウオウライセンス,1,1.0,COMPLETED,11.0,https://www.jra.go.jp/JRADB/accessS.html?CNAME=pw01sde1002202601110520260718%2FA1,outputs/longshot_placer_index_expanded_20260811/jra_result_html/20260718_函館_05.html,26817a95c35fd6ee7d0c8926d56d3b78ee31c92ac46001a358ce8aca9ef3540e
2026-07-18,函館,5,9,ペガサスウィンド,4,4.0,COMPLETED,4.0,https://www.jra.go.jp/JRADB/accessS.html?CNAME=pw01sde1002202601110520260718%2FA1,outputs/longshot_placer_index_expanded_20260811/jra_result_html/20260718_函館_05.html,26817a95c35fd6ee7d0c8926d56d3b78ee31c92ac46001a358ce8aca9ef3540e
2026-07-18,函館,5,10,ダノンアクション,14,14.0,COMPLETED,7.0,https://www.jra.go.jp/JRADB/accessS.html?CNAME=pw01sde1002202601110520260718%2FA1,outputs/longshot_placer_index_expanded_20260811/jra_result_html/20260718_函館_05.html,26817a95c35fd6ee7d0c8926d56d3b78ee31c92ac46001a358ce8aca9ef3540e
2026-07-18,函館,5,11,ルージュプルーヴ,13,13.0,COMPLETED,12.0,https://www.jra.go.jp/JRADB/accessS.html?CNAME=pw01sde1002202601110520260718%2FA1,outputs/longshot_placer_index_expanded_20260811/jra_result_html/20260718_函館_05.html,26817a95c35fd6ee7d0c8926d56d3b78ee31c92ac46001a358ce8aca9ef3540e
2026-07-18,函館,5,12,モンロワイヤル,6,6.0,COMPLETED,1.0,https://www.jra.go.jp/JRADB/accessS.html?CNAME=pw01sde1002202601110520260718%2FA1,outputs/longshot_placer_index_expanded_20260811/jra_result_html/20260718_函館_05.html,26817a95c35fd6ee7d0c8926d56d3b78ee31c92ac46001a358ce8aca9ef3540e
2026-07-18,函館,5,13,レースクイーン,9,9.0,COMPLETED,9.0,https://www.jra.go.jp/JRADB/accessS.html?CNAME=pw01sde1002202601110520260718%2FA1,outputs/longshot_placer_index_expanded_20260811/jra_result_html/20260718_函館_05.html,26817a95c35fd6ee7d0c8926d56d3b78ee31c92ac46001a358ce8aca9ef3540e
2026-07-18,函館,5,14,メイショウセンドウ,7,7.0,COMPLETED,2.0,https://www.jra.go.jp/JRADB/accessS.html?CNAME=pw01sde1002202601110520260718%2FA1,outputs/longshot_placer_index_expanded_20260811/jra_result_html/20260718_函館_05.html,26817a95c35fd6ee7d0c8926d56d3b78ee31c92ac46001a358ce8aca9ef3540e
2026-07-18,函館,11,1,チュウワクリスエス,9,9.0,COMPLETED,7.0,https://www.jra.go.jp/JRADB/accessS.html?CNAME=pw01sde1002202601111120260718%2F1F,outputs/longshot_placer_index_expanded_20260811/jra_result_html/20260718_函館_11.html,89e905f08101e295d8aa6aa034c5957cdf6de317d06b948acd7806849b027c53
2026-07-18,函館,11,2,コトホドサヨウニ,13,13.0,COMPLETED,9.0,https://www.jra.go.jp/JRADB/accessS.html?CNAME=pw01sde1002202601111120260718%2F1F,outputs/longshot_placer_index_expanded_20260811/jra_result_html/20260718_函館_11.html,89e905f08101e295d8aa6aa034c5957cdf6de317d06b948acd7806849b027c53
2026-07-18,函館,11,3,オウギノカナメ,4,4.0,COMPLETED,10.0,https://www.jra.go.jp/JRADB/accessS.html?CNAME=pw01sde1002202601111120260718%2F1F,outputs/longshot_placer_index_expanded_20260811/jra_result_html/20260718_函館_11.html,89e905f08101e295d8aa6aa034c5957cdf6de317d06b948acd7806849b027c53
2026-07-18,函館,11,4,ホールシバン,5,5.0,COMPLETED,12.0,https://www.jra.go.jp/JRADB/accessS.html?CNAME=pw01sde1002202601111120260718%2F1F,outputs/longshot_placer_index_expanded_20260811/jra_result_html/20260718_函館_11.html,89e905f08101e295d8aa6aa034c5957cdf6de317d06b948acd7806849b027c53
2026-07-18,函館,11,5,イガッチ,10,10.0,COMPLETED,5.0,https://www.jra.go.jp/JRADB/accessS.html?CNAME=pw01sde1002202601111120260718%2F1F,outputs/longshot_placer_index_expanded_20260811/jra_result_html/20260718_函館_11.html,89e905f08101e295d8aa6aa034c5957cdf6de317d06b948acd7806849b027c53
2026-07-18,函館,11,6,テーオードレフォン,6,6.0,COMPLETED,11.0,https://www.jra.go.jp/JRADB/accessS.html?CNAME=pw01sde1002202601111120260718%2F1F,outputs/longshot_placer_index_expanded_20260811/jra_result_html/20260718_函館_11.html,89e905f08101e295d8aa6aa034c5957cdf6de317d06b948acd7806849b027c53
2026-07-18,函館,11,7,ラタフォレスト,8,8.0,COMPLETED,4.0,https://www.jra.go.jp/JRADB/accessS.html?CNAME=pw01sde1002202601111120260718%2F1F,outputs/longshot_placer_index_expanded_20260811/jra_result_html/20260718_函館_11.html,89e905f08101e295d8aa6aa034c5957cdf6de317d06b948acd7806849b027c53
2026-07-18,函館,11,8,ハグ,7,7.0,COMPLETED,6.0,https://www.jra.go.jp/JRADB/accessS.html?CNAME=pw01sde1002202601111120260718%2F1F,outputs/longshot_placer_index_expanded_20260811/jra_result_html/20260718_函館_11.html,89e905f08101e295d8aa6aa034c5957cdf6de317d06b948acd7806849b027c53
2026-07-18,函館,11,9,アスクデビューモア,11,11.0,COMPLETED,13.0,https://www.jra.go.jp/JRADB/accessS.html?CNAME=pw01sde1002202601111120260718%2F1F,outputs/longshot_placer_index_expanded_20260811/jra_result_html/20260718_函館_11.html,89e905f08101e295d8aa6aa034c5957cdf6de317d06b948acd7806849b027c53
2026-07-18,函館,11,10,ウェイワードアクト,1,1.0,COMPLETED,1.0,https://www.jra.go.jp/JRADB/accessS.html?CNAME=pw01sde1002202601111120260718%2F1F,outputs/longshot_placer_index_expanded_20260811/jra_result_html/20260718_函館_11.html,89e905f08101e295d8aa6aa034c5957cdf6de317d06b948acd7806849b027c53
2026-07-18,函館,11,11,ヒルノハンブルク,3,3.0,COMPLETED,3.0,https://www.jra.go.jp/JRADB/accessS.html?CNAME=pw01sde1002202601111120260718%2F1F,outputs/longshot_placer_index_expanded_20260811/jra_result_html/20260718_函館_11.html,89e905f08101e295d8aa6aa034c5957cdf6de317d06b948acd7806849b027c53
2026-07-18,函館,11,12,レヴォントゥレット,2,2.0,COMPLETED,2.0,https://www.jra.go.jp/JRADB/accessS.html?CNAME=pw01sde1002202601111120260718%2F1F,outputs/longshot_placer_index_expanded_20260811/jra_result_html/20260718_函館_11.html,89e905f08101e295d8aa6aa034c5957cdf6de317d06b948acd7806849b027c53
2026-07-18,函館,11,13,マーブルロック,12,12.0,COMPLETED,8.0,https://www.jra.go.jp/JRADB/accessS.html?CNAME=pw01sde1002202601111120260718%2F1F,outputs/longshot_placer_index_expanded_20260811/jra_result_html/20260718_函館_11.html,89e905f08101e295d8aa6aa034c5957cdf6de317d06b948acd7806849b027c53
2026-07-18,小倉,6,1,サンマルマニック,7,7.0,COMPLETED,13.0,https://www.jra.go.jp/JRADB/accessS.html?CNAME=pw01sde1010202602070620260718%2FBE,outputs/longshot_placer_index_expanded_20260811/jra_result_html/20260718_小倉_06.html,329cd72fa9619363ab493c855d23392fa349f2c2913d95952986d44d97e1566d
2026-07-18,小倉,6,2,ムソウテンセイ,6,6.0,COMPLETED,5.0,https://www.jra.go.jp/JRADB/accessS.html?CNAME=pw01sde1010202602070620260718%2FBE,outputs/longshot_placer_index_expanded_20260811/jra_result_html/20260718_小倉_06.html,329cd72fa9619363ab493c855d23392fa349f2c2913d95952986d44d97e1566d
2026-07-18,小倉,6,3,リテラシー,3,3.0,COMPLETED,6.0,https://www.jra.go.jp/JRADB/accessS.html?CNAME=pw01sde1010202602070620260718%2FBE,outputs/longshot_placer_index_expanded_20260811/jra_result_html/20260718_小倉_06.html,329cd72fa9619363ab493c855d23392fa349f2c2913d95952986d44d97e1566d
2026-07-18,小倉,6,4,コカボムショット,9,9.0,COMPLETED,12.0,https://www.jra.go.jp/JRADB/accessS.html?CNAME=pw01sde1010202602070620260718%2FBE,outputs/longshot_placer_index_expanded_20260811/jra_result_html/20260718_小倉_06.html,329cd72fa9619363ab493c855d23392fa349f2c2913d95952986d44d97e1566d
2026-07-18,小倉,6,5,ダイメイミラクル,12,12.0,COMPLETED,11.0,https://www.jra.go.jp/JRADB/accessS.html?CNAME=pw01sde1010202602070620260718%2FBE,outputs/longshot_placer_index_expanded_20260811/jra_result_html/20260718_小倉_06.html,329cd72fa9619363ab493c855d23392fa349f2c2913d95952986d44d97e1566d
2026-07-18,小倉,6,6,キープシャイニング,1,1.0,COMPLETED,2.0,https://www.jra.go.jp/JRADB/accessS.html?CNAME=pw01sde1010202602070620260718%2FBE,outputs/longshot_placer_index_expanded_20260811/jra_result_html/20260718_小倉_06.html,329cd72fa9619363ab493c855d23392fa349f2c2913d95952986d44d97e1566d
2026-07-18,小倉,6,7,ハクアイタワー,8,8.0,COMPLETED,7.0,https://www.jra.go.jp/JRADB/accessS.html?CNAME=pw01sde1010202602070620260718%2FBE,outputs/longshot_placer_index_expanded_20260811/jra_result_html/20260718_小倉_06.html,329cd72fa9619363ab493c855d23392fa349f2c2913d95952986d44d97e1566d
2026-07-18,小倉,6,8,ゼンノゾンターク,4,4.0,COMPLETED,10.0,https://www.jra.go.jp/JRADB/accessS.html?CNAME=pw01sde1010202602070620260718%2FBE,outputs/longshot_placer_index_expanded_20260811/jra_result_html/20260718_小倉_06.html,329cd72fa9619363ab493c855d23392fa349f2c2913d95952986d44d97e1566d
2026-07-18,小倉,6,9,ルクスドリーム,5,5.0,COMPLETED,8.0,https://www.jra.go.jp/JRADB/accessS.html?CNAME=pw01sde1010202602070620260718%2FBE,outputs/longshot_placer_index_expanded_20260811/jra_result_html/20260718_小倉_06.html,329cd72fa9619363ab493c855d23392fa349f2c2913d95952986d44d97e1566d
2026-07-18,小倉,6,10,コパノルーカス,中止,,中止,9.0,https://www.jra.go.jp/JRADB/accessS.html?CNAME=pw01sde1010202602070620260718%2FBE,outputs/longshot_placer_index_expanded_20260811/jra_result_html/20260718_小倉_06.html,329cd72fa9619363ab493c855d23392fa349f2c2913d95952986d44d97e1566d
2026-07-18,小倉,6,11,ジューンマーチ,10,10.0,COMPLETED,4.0,https://www.jra.go.jp/JRADB/accessS.html?CNAME=pw01sde1010202602070620260718%2FBE,outputs/longshot_placer_index_expanded_20260811/jra_result_html/20260718_小倉_06.html,329cd72fa9619363ab493c855d23392fa349f2c2913d95952986d44d97e1566d
2026-07-18,小倉,6,12,キングズテイル,2,2.0,COMPLETED,3.0,https://www.jra.go.jp/JRADB/accessS.html?CNAME=pw01sde1010202602070620260718%2FBE,outputs/longshot_placer_index_expanded_20260811/jra_result_html/20260718_小倉_06.html,329cd72fa9619363ab493c855d23392fa349f2c2913d95952986d44d97e1566d
2026-07-18,小倉,6,13,ラクホマレ,11,11.0,COMPLETED,1.0,https://www.jra.go.jp/JRADB/accessS.html?CNAME=pw01sde1010202602070620260718%2FBE,outputs/longshot_placer_index_expanded_20260811/jra_result_html/20260718_小倉_06.html,329cd72fa9619363ab493c855d23392fa349f2c2913d95952986d44d97e1566d
2026-07-18,福島,4,1,エメラルファイン,13,13.0,COMPLETED,13.0,https://www.jra.go.jp/JRADB/accessS.html?CNAME=pw01sde1003202602070420260718%2F09,outputs/longshot_placer_index_expanded_20260811/jra_result_html/20260718_福島_04.html,577124716e78094d86b2426090498fb6afa45fd2b3a43993645994c5c23c5ba4
2026-07-18,福島,4,2,ダイユウルミナス,10,10.0,COMPLETED,2.0,https://www.jra.go.jp/JRADB/accessS.html?CNAME=pw01sde1003202602070420260718%2F09,outputs/longshot_placer_index_expanded_20260811/jra_result_html/20260718_福島_04.html,577124716e78094d86b2426090498fb6afa45fd2b3a43993645994c5c23c5ba4
2026-07-18,福島,4,3,ハイティー,14,14.0,COMPLETED,4.0,https://www.jra.go.jp/JRADB/accessS.html?CNAME=pw01sde1003202602070420260718%2F09,outputs/longshot_placer_index_expanded_20260811/jra_result_html/20260718_福島_04.html,577124716e78094d86b2426090498fb6afa45fd2b3a43993645994c5c23c5ba4
2026-07-18,福島,4,4,オンナキュヌヴィ,2,2.0,COMPLETED,6.0,https://www.jra.go.jp/JRADB/accessS.html?CNAME=pw01sde1003202602070420260718%2F09,outputs/longshot_placer_index_expanded_20260811/jra_result_html/20260718_福島_04.html,577124716e78094d86b2426090498fb6afa45fd2b3a43993645994c5c23c5ba4
2026-07-18,福島,4,5,フロステリオン,15,15.0,COMPLETED,14.0,https://www.jra.go.jp/JRADB/accessS.html?CNAME=pw01sde1003202602070420260718%2F09,outputs/longshot_placer_index_expanded_20260811/jra_result_html/20260718_福島_04.html,577124716e78094d86b2426090498fb6afa45fd2b3a43993645994c5c23c5ba4
2026-07-18,福島,4,6,バランソワール,11,11.0,COMPLETED,7.0,https://www.jra.go.jp/JRADB/accessS.html?CNAME=pw01sde1003202602070420260718%2F09,outputs/longshot_placer_index_expanded_20260811/jra_result_html/20260718_福島_04.html,577124716e78094d86b2426090498fb6afa45fd2b3a43993645994c5c23c5ba4
2026-07-18,福島,4,7,マイネルヴェーゼン,7,7.0,COMPLETED,8.0,https://www.jra.go.jp/JRADB/accessS.html?CNAME=pw01sde1003202602070420260718%2F09,outputs/longshot_placer_index_expanded_20260811/jra_result_html/20260718_福島_04.html,577124716e78094d86b2426090498fb6afa45fd2b3a43993645994c5c23c5ba4
2026-07-18,福島,4,8,ジーティートゥーリ,9,9.0,COMPLETED,11.0,https://www.jra.go.jp/JRADB/accessS.html?CNAME=pw01sde1003202602070420260718%2F09,outputs/longshot_placer_index_expanded_20260811/jra_result_html/20260718_福島_04.html,577124716e78094d86b2426090498fb6afa45fd2b3a43993645994c5c23c5ba4
2026-07-18,福島,4,9,エンジェルサン,3,3.0,COMPLETED,9.0,https://www.jra.go.jp/JRADB/accessS.html?CNAME=pw01sde1003202602070420260718%2F09,outputs/longshot_placer_index_expanded_20260811/jra_result_html/20260718_福島_04.html,577124716e78094d86b2426090498fb6afa45fd2b3a43993645994c5c23c5ba4
2026-07-18,福島,4,10,ウインドオブヘヴン,6,6.0,COMPLETED,3.0,https://www.jra.go.jp/JRADB/accessS.html?CNAME=pw01sde1003202602070420260718%2F09,outputs/longshot_placer_index_expanded_20260811/jra_result_html/20260718_福島_04.html,577124716e78094d86b2426090498fb6afa45fd2b3a43993645994c5c23c5ba4
2026-07-18,福島,4,11,ラウンドヒル,4,4.0,COMPLETED,5.0,https://www.jra.go.jp/JRADB/accessS.html?CNAME=pw01sde1003202602070420260718%2F09,outputs/longshot_placer_index_expanded_20260811/jra_result_html/20260718_福島_04.html,577124716e78094d86b2426090498fb6afa45fd2b3a43993645994c5c23c5ba4
2026-07-18,福島,4,12,リーデレクオーレ,1,1.0,COMPLETED,1.0,https://www.jra.go.jp/JRADB/accessS.html?CNAME=pw01sde1003202602070420260718%2F09,outputs/longshot_placer_index_expanded_20260811/jra_result_html/20260718_福島_04.html,577124716e78094d86b2426090498fb6afa45fd2b3a43993645994c5c23c5ba4
2026-07-18,福島,4,13,スラッシュコード,8,8.0,COMPLETED,10.0,https://www.jra.go.jp/JRADB/accessS.html?CNAME=pw01sde1003202602070420260718%2F09,outputs/longshot_placer_index_expanded_20260811/jra_result_html/20260718_福島_04.html,577124716e78094d86b2426090498fb6afa45fd2b3a43993645994c5c23c5ba4
2026-07-18,福島,4,14,レレリオーナ,12,12.0,COMPLETED,15.0,https://www.jra.go.jp/JRADB/accessS.html?CNAME=pw01sde1003202602070420260718%2F09,outputs/longshot_placer_index_expanded_20260811/jra_result_html/20260718_福島_04.html,577124716e78094d86b2426090498fb6afa45fd2b3a43993645994c5c23c5ba4
2026-07-18,福島,4,15,シエラモレーナ,5,5.0,COMPLETED,12.0,https://www.jra.go.jp/JRADB/accessS.html?CNAME=pw01sde1003202602070420260718%2F09,outputs/longshot_placer_index_expanded_20260811/jra_result_html/20260718_福島_04.html,577124716e78094d86b2426090498fb6afa45fd2b3a43993645994c5c23c5ba4
2026-07-18,福島,4,16,ココニーナ,16,16.0,COMPLETED,16.0,https://www.jra.go.jp/JRADB/accessS.html?CNAME=pw01sde1003202602070420260718%2F09,outputs/longshot_placer_index_expanded_20260811/jra_result_html/20260718_福島_04.html,577124716e78094d86b2426090498fb6afa45fd2b3a43993645994c5c23c5ba4
2026-07-18,福島,8,1,サムハラ,5,5.0,COMPLETED,3.0,https://www.jra.go.jp/JRADB/accessS.html?CNAME=pw01sde1003202602070820260718%2FDD,outputs/longshot_placer_index_expanded_20260811/jra_result_html/20260718_福島_08.html,246e435799d36dc66ed34eb0a3688254e8cf36d5260cc94fdd4485cf86c257d5
2026-07-18,福島,8,2,ブルズアイプリンス,10,10.0,COMPLETED,8.0,https://www.jra.go.jp/JRADB/accessS.html?CNAME=pw01sde1003202602070820260718%2FDD,outputs/longshot_placer_index_expanded_20260811/jra_result_html/20260718_福島_08.html,246e435799d36dc66ed34eb0a3688254e8cf36d5260cc94fdd4485cf86c257d5
2026-07-18,福島,8,3,サトノセレナーデ,12,12.0,COMPLETED,13.0,https://www.jra.go.jp/JRADB/accessS.html?CNAME=pw01sde1003202602070820260718%2FDD,outputs/longshot_placer_index_expanded_20260811/jra_result_html/20260718_福島_08.html,246e435799d36dc66ed34eb0a3688254e8cf36d5260cc94fdd4485cf86c257d5
2026-07-18,福島,8,4,クリノゴッホ,除外,,除外,,https://www.jra.go.jp/JRADB/accessS.html?CNAME=pw01sde1003202602070820260718%2FDD,outputs/longshot_placer_index_expanded_20260811/jra_result_html/20260718_福島_08.html,246e435799d36dc66ed34eb0a3688254e8cf36d5260cc94fdd4485cf86c257d5
2026-07-18,福島,8,5,ロンドンアームズ,7,7.0,COMPLETED,2.0,https://www.jra.go.jp/JRADB/accessS.html?CNAME=pw01sde1003202602070820260718%2FDD,outputs/longshot_placer_index_expanded_20260811/jra_result_html/20260718_福島_08.html,246e435799d36dc66ed34eb0a3688254e8cf36d5260cc94fdd4485cf86c257d5
2026-07-18,福島,8,6,コルチェスター,11,11.0,COMPLETED,9.0,https://www.jra.go.jp/JRADB/accessS.html?CNAME=pw01sde1003202602070820260718%2FDD,outputs/longshot_placer_index_expanded_20260811/jra_result_html/20260718_福島_08.html,246e435799d36dc66ed34eb0a3688254e8cf36d5260cc94fdd4485cf86c257d5
2026-07-18,福島,8,7,ココボロ,3,3.0,COMPLETED,15.0,https://www.jra.go.jp/JRADB/accessS.html?CNAME=pw01sde1003202602070820260718%2FDD,outputs/longshot_placer_index_expanded_20260811/jra_result_html/20260718_福島_08.html,246e435799d36dc66ed34eb0a3688254e8cf36d5260cc94fdd4485cf86c257d5
2026-07-18,福島,8,8,リネンタイリン,9,9.0,COMPLETED,11.0,https://www.jra.go.jp/JRADB/accessS.html?CNAME=pw01sde1003202602070820260718%2FDD,outputs/longshot_placer_index_expanded_20260811/jra_result_html/20260718_福島_08.html,246e435799d36dc66ed34eb0a3688254e8cf36d5260cc94fdd4485cf86c257d5
2026-07-18,福島,8,9,シークレットイスラ,13,13.0,COMPLETED,10.0,https://www.jra.go.jp/JRADB/accessS.html?CNAME=pw01sde1003202602070820260718%2FDD,outputs/longshot_placer_index_expanded_20260811/jra_result_html/20260718_福島_08.html,246e435799d36dc66ed34eb0a3688254e8cf36d5260cc94fdd4485cf86c257d5
2026-07-18,福島,8,10,ダノンゴーイチ,4,4.0,COMPLETED,5.0,https://www.jra.go.jp/JRADB/accessS.html?CNAME=pw01sde1003202602070820260718%2FDD,outputs/longshot_placer_index_expanded_20260811/jra_result_html/20260718_福島_08.html,246e435799d36dc66ed34eb0a3688254e8cf36d5260cc94fdd4485cf86c257d5
2026-07-18,福島,8,11,ブライティアブーケ,2,2.0,COMPLETED,6.0,https://www.jra.go.jp/JRADB/accessS.html?CNAME=pw01sde1003202602070820260718%2FDD,outputs/longshot_placer_index_expanded_20260811/jra_result_html/20260718_福島_08.html,246e435799d36dc66ed34eb0a3688254e8cf36d5260cc94fdd4485cf86c257d5
2026-07-18,福島,8,12,コックオーヴァン,1,1.0,COMPLETED,4.0,https://www.jra.go.jp/JRADB/accessS.html?CNAME=pw01sde1003202602070820260718%2FDD,outputs/longshot_placer_index_expanded_20260811/jra_result_html/20260718_福島_08.html,246e435799d36dc66ed34eb0a3688254e8cf36d5260cc94fdd4485cf86c257d5
2026-07-18,福島,8,13,ルシェロアズーリ,6,6.0,COMPLETED,1.0,https://www.jra.go.jp/JRADB/accessS.html?CNAME=pw01sde1003202602070820260718%2FDD,outputs/longshot_placer_index_expanded_20260811/jra_result_html/20260718_福島_08.html,246e435799d36dc66ed34eb0a3688254e8cf36d5260cc94fdd4485cf86c257d5
2026-07-18,福島,8,14,ミセスリリー,8,8.0,COMPLETED,14.0,https://www.jra.go.jp/JRADB/accessS.html?CNAME=pw01sde1003202602070820260718%2FDD,outputs/longshot_placer_index_expanded_20260811/jra_result_html/20260718_福島_08.html,246e435799d36dc66ed34eb0a3688254e8cf36d5260cc94fdd4485cf86c257d5
2026-07-18,福島,8,15,コパノトーマス,15,15.0,COMPLETED,7.0,https://www.jra.go.jp/JRADB/accessS.html?CNAME=pw01sde1003202602070820260718%2FDD,outputs/longshot_placer_index_expanded_20260811/jra_result_html/20260718_福島_08.html,246e435799d36dc66ed34eb0a3688254e8cf36d5260cc94fdd4485cf86c257d5
2026-07-18,福島,8,16,ウインイルネージュ,14,14.0,COMPLETED,12.0,https://www.jra.go.jp/JRADB/accessS.html?CNAME=pw01sde1003202602070820260718%2FDD,outputs/longshot_placer_index_expanded_20260811/jra_result_html/20260718_福島_08.html,246e435799d36dc66ed34eb0a3688254e8cf36d5260cc94fdd4485cf86c257d5
2026-07-18,福島,12,1,ブルーリヴァーサル,14,14.0,COMPLETED,16.0,https://www.jra.go.jp/JRADB/accessS.html?CNAME=pw01sde1003202602071220260718%2FF1,outputs/longshot_placer_index_expanded_20260811/jra_result_html/20260718_福島_12.html,48a6ed576046592f71cb7dff493644ac2d6819d9300b1b6411c8f2b2638d3dba
2026-07-18,福島,12,2,ソニックブレイカー,2,2.0,COMPLETED,1.0,https://www.jra.go.jp/JRADB/accessS.html?CNAME=pw01sde1003202602071220260718%2FF1,outputs/longshot_placer_index_expanded_20260811/jra_result_html/20260718_福島_12.html,48a6ed576046592f71cb7dff493644ac2d6819d9300b1b6411c8f2b2638d3dba
2026-07-18,福島,12,3,ディヴァインスカイ,7,7.0,COMPLETED,6.0,https://www.jra.go.jp/JRADB/accessS.html?CNAME=pw01sde1003202602071220260718%2FF1,outputs/longshot_placer_index_expanded_20260811/jra_result_html/20260718_福島_12.html,48a6ed576046592f71cb7dff493644ac2d6819d9300b1b6411c8f2b2638d3dba
2026-07-18,福島,12,4,ベアアッコチャン,5,5.0,COMPLETED,9.0,https://www.jra.go.jp/JRADB/accessS.html?CNAME=pw01sde1003202602071220260718%2FF1,outputs/longshot_placer_index_expanded_20260811/jra_result_html/20260718_福島_12.html,48a6ed576046592f71cb7dff493644ac2d6819d9300b1b6411c8f2b2638d3dba
2026-07-18,福島,12,5,ノアスペシャル,6,6.0,COMPLETED,8.0,https://www.jra.go.jp/JRADB/accessS.html?CNAME=pw01sde1003202602071220260718%2FF1,outputs/longshot_placer_index_expanded_20260811/jra_result_html/20260718_福島_12.html,48a6ed576046592f71cb7dff493644ac2d6819d9300b1b6411c8f2b2638d3dba
2026-07-18,福島,12,6,ロイヤルスパイア,1,1.0,COMPLETED,2.0,https://www.jra.go.jp/JRADB/accessS.html?CNAME=pw01sde1003202602071220260718%2FF1,outputs/longshot_placer_index_expanded_20260811/jra_result_html/20260718_福島_12.html,48a6ed576046592f71cb7dff493644ac2d6819d9300b1b6411c8f2b2638d3dba
2026-07-18,福島,12,7,トワイライトサイト,10,10.0,COMPLETED,13.0,https://www.jra.go.jp/JRADB/accessS.html?CNAME=pw01sde1003202602071220260718%2FF1,outputs/longshot_placer_index_expanded_20260811/jra_result_html/20260718_福島_12.html,48a6ed576046592f71cb7dff493644ac2d6819d9300b1b6411c8f2b2638d3dba
2026-07-18,福島,12,8,アンプイットアップ,3,3.0,COMPLETED,4.0,https://www.jra.go.jp/JRADB/accessS.html?CNAME=pw01sde1003202602071220260718%2FF1,outputs/longshot_placer_index_expanded_20260811/jra_result_html/20260718_福島_12.html,48a6ed576046592f71cb7dff493644ac2d6819d9300b1b6411c8f2b2638d3dba
2026-07-18,福島,12,9,ナインオブレター,8,8.0,COMPLETED,14.0,https://www.jra.go.jp/JRADB/accessS.html?CNAME=pw01sde1003202602071220260718%2FF1,outputs/longshot_placer_index_expanded_20260811/jra_result_html/20260718_福島_12.html,48a6ed576046592f71cb7dff493644ac2d6819d9300b1b6411c8f2b2638d3dba
2026-07-18,福島,12,10,トリスティ,15,15.0,COMPLETED,10.0,https://www.jra.go.jp/JRADB/accessS.html?CNAME=pw01sde1003202602071220260718%2FF1,outputs/longshot_placer_index_expanded_20260811/jra_result_html/20260718_福島_12.html,48a6ed576046592f71cb7dff493644ac2d6819d9300b1b6411c8f2b2638d3dba
2026-07-18,福島,12,11,マナマカナ,13,13.0,COMPLETED,12.0,https://www.jra.go.jp/JRADB/accessS.html?CNAME=pw01sde1003202602071220260718%2FF1,outputs/longshot_placer_index_expanded_20260811/jra_result_html/20260718_福島_12.html,48a6ed576046592f71cb7dff493644ac2d6819d9300b1b6411c8f2b2638d3dba
2026-07-18,福島,12,12,ベリーベリーベリー,9,9.0,COMPLETED,11.0,https://www.jra.go.jp/JRADB/accessS.html?CNAME=pw01sde1003202602071220260718%2FF1,outputs/longshot_placer_index_expanded_20260811/jra_result_html/20260718_福島_12.html,48a6ed576046592f71cb7dff493644ac2d6819d9300b1b6411c8f2b2638d3dba
2026-07-18,福島,12,13,ベルゼビュート,4,4.0,COMPLETED,3.0,https://www.jra.go.jp/JRADB/accessS.html?CNAME=pw01sde1003202602071220260718%2FF1,outputs/longshot_placer_index_expanded_20260811/jra_result_html/20260718_福島_12.html,48a6ed576046592f71cb7dff493644ac2d6819d9300b1b6411c8f2b2638d3dba
2026-07-18,福島,12,14,エコロカディス,12,12.0,COMPLETED,7.0,https://www.jra.go.jp/JRADB/accessS.html?CNAME=pw01sde1003202602071220260718%2FF1,outputs/longshot_placer_index_expanded_20260811/jra_result_html/20260718_福島_12.html,48a6ed576046592f71cb7dff493644ac2d6819d9300b1b6411c8f2b2638d3dba
2026-07-18,福島,12,15,ロックオブソシジ,16,16.0,COMPLETED,15.0,https://www.jra.go.jp/JRADB/accessS.html?CNAME=pw01sde1003202602071220260718%2FF1,outputs/longshot_placer_index_expanded_20260811/jra_result_html/20260718_福島_12.html,48a6ed576046592f71cb7dff493644ac2d6819d9300b1b6411c8f2b2638d3dba
2026-07-18,福島,12,16,アイアンナックル,11,11.0,COMPLETED,5.0,https://www.jra.go.jp/JRADB/accessS.html?CNAME=pw01sde1003202602071220260718%2FF1,outputs/longshot_placer_index_expanded_20260811/jra_result_html/20260718_福島_12.html,48a6ed576046592f71cb7dff493644ac2d6819d9300b1b6411c8f2b2638d3dba
2026-07-19,函館,3,1,サクセスゴールド,4,4.0,COMPLETED,8.0,https://www.jra.go.jp/JRADB/accessS.html?CNAME=pw01sde1002202601120320260719%2F67,outputs/longshot_placer_index_expanded_20260811/jra_result_html/20260719_函館_03.html,e822edcb7a591b9705e9e87e936283be02680a553712a60b93ee80c65b2bebdc
2026-07-19,函館,3,2,デルマバンダイサン,5,5.0,COMPLETED,6.0,https://www.jra.go.jp/JRADB/accessS.html?CNAME=pw01sde1002202601120320260719%2F67,outputs/longshot_placer_index_expanded_20260811/jra_result_html/20260719_函館_03.html,e822edcb7a591b9705e9e87e936283be02680a553712a60b93ee80c65b2bebdc
2026-07-19,函館,3,3,ルージュリヴィエラ,2,2.0,COMPLETED,4.0,https://www.jra.go.jp/JRADB/accessS.html?CNAME=pw01sde1002202601120320260719%2F67,outputs/longshot_placer_index_expanded_20260811/jra_result_html/20260719_函館_03.html,e822edcb7a591b9705e9e87e936283be02680a553712a60b93ee80c65b2bebdc
2026-07-19,函館,3,4,ロジクリスエス,6,6.0,COMPLETED,10.0,https://www.jra.go.jp/JRADB/accessS.html?CNAME=pw01sde1002202601120320260719%2F67,outputs/longshot_placer_index_expanded_20260811/jra_result_html/20260719_函館_03.html,e822edcb7a591b9705e9e87e936283be02680a553712a60b93ee80c65b2bebdc
2026-07-19,函館,3,5,マスカルポーネ,8,8.0,COMPLETED,9.0,https://www.jra.go.jp/JRADB/accessS.html?CNAME=pw01sde1002202601120320260719%2F67,outputs/longshot_placer_index_expanded_20260811/jra_result_html/20260719_函館_03.html,e822edcb7a591b9705e9e87e936283be02680a553712a60b93ee80c65b2bebdc
2026-07-19,函館,3,6,キヨタリート,14,14.0,COMPLETED,11.0,https://www.jra.go.jp/JRADB/accessS.html?CNAME=pw01sde1002202601120320260719%2F67,outputs/longshot_placer_index_expanded_20260811/jra_result_html/20260719_函館_03.html,e822edcb7a591b9705e9e87e936283be02680a553712a60b93ee80c65b2bebdc
2026-07-19,函館,3,7,キセログラフィカ,10,10.0,COMPLETED,7.0,https://www.jra.go.jp/JRADB/accessS.html?CNAME=pw01sde1002202601120320260719%2F67,outputs/longshot_placer_index_expanded_20260811/jra_result_html/20260719_函館_03.html,e822edcb7a591b9705e9e87e936283be02680a553712a60b93ee80c65b2bebdc
2026-07-19,函館,3,8,トーレス,9,9.0,COMPLETED,14.0,https://www.jra.go.jp/JRADB/accessS.html?CNAME=pw01sde1002202601120320260719%2F67,outputs/longshot_placer_index_expanded_20260811/jra_result_html/20260719_函館_03.html,e822edcb7a591b9705e9e87e936283be02680a553712a60b93ee80c65b2bebdc
2026-07-19,函館,3,9,ブレイズランナー,1,1.0,COMPLETED,2.0,https://www.jra.go.jp/JRADB/accessS.html?CNAME=pw01sde1002202601120320260719%2F67,outputs/longshot_placer_index_expanded_20260811/jra_result_html/20260719_函館_03.html,e822edcb7a591b9705e9e87e936283be02680a553712a60b93ee80c65b2bebdc
2026-07-19,函館,3,10,ドゥブルヴェ,12,12.0,COMPLETED,13.0,https://www.jra.go.jp/JRADB/accessS.html?CNAME=pw01sde1002202601120320260719%2F67,outputs/longshot_placer_index_expanded_20260811/jra_result_html/20260719_函館_03.html,e822edcb7a591b9705e9e87e936283be02680a553712a60b93ee80c65b2bebdc
2026-07-19,函館,3,11,ホウオウファラオ,3,3.0,COMPLETED,3.0,https://www.jra.go.jp/JRADB/accessS.html?CNAME=pw01sde1002202601120320260719%2F67,outputs/longshot_placer_index_expanded_20260811/jra_result_html/20260719_函館_03.html,e822edcb7a591b9705e9e87e936283be02680a553712a60b93ee80c65b2bebdc
2026-07-19,函館,3,12,スマートコーラル,7,7.0,COMPLETED,5.0,https://www.jra.go.jp/JRADB/accessS.html?CNAME=pw01sde1002202601120320260719%2F67,outputs/longshot_placer_index_expanded_20260811/jra_result_html/20260719_函館_03.html,e822edcb7a591b9705e9e87e936283be02680a553712a60b93ee80c65b2bebdc
2026-07-19,函館,3,13,ニシノモリミチ,11,11.0,COMPLETED,1.0,https://www.jra.go.jp/JRADB/accessS.html?CNAME=pw01sde1002202601120320260719%2F67,outputs/longshot_placer_index_expanded_20260811/jra_result_html/20260719_函館_03.html,e822edcb7a591b9705e9e87e936283be02680a553712a60b93ee80c65b2bebdc
2026-07-19,函館,3,14,ダイユウアドバンス,13,13.0,COMPLETED,12.0,https://www.jra.go.jp/JRADB/accessS.html?CNAME=pw01sde1002202601120320260719%2F67,outputs/longshot_placer_index_expanded_20260811/jra_result_html/20260719_函館_03.html,e822edcb7a591b9705e9e87e936283be02680a553712a60b93ee80c65b2bebdc
2026-07-19,函館,12,1,ザカリナン,2,2.0,COMPLETED,5.0,https://www.jra.go.jp/JRADB/accessS.html?CNAME=pw01sde1002202601121220260719%2F04,outputs/longshot_placer_index_expanded_20260811/jra_result_html/20260719_函館_12.html,47a67c1b21cac266ac0c3f05fc783024d2becc844d8f1c089d423c9be64c81f6
2026-07-19,函館,12,2,コモンスナイプ,5,5.0,COMPLETED,4.0,https://www.jra.go.jp/JRADB/accessS.html?CNAME=pw01sde1002202601121220260719%2F04,outputs/longshot_placer_index_expanded_20260811/jra_result_html/20260719_函館_12.html,47a67c1b21cac266ac0c3f05fc783024d2becc844d8f1c089d423c9be64c81f6
2026-07-19,函館,12,3,マグネシアブリック,3,3.0,COMPLETED,3.0,https://www.jra.go.jp/JRADB/accessS.html?CNAME=pw01sde1002202601121220260719%2F04,outputs/longshot_placer_index_expanded_20260811/jra_result_html/20260719_函館_12.html,47a67c1b21cac266ac0c3f05fc783024d2becc844d8f1c089d423c9be64c81f6
2026-07-19,函館,12,4,ホウオウヘッセン,1,1.0,COMPLETED,1.0,https://www.jra.go.jp/JRADB/accessS.html?CNAME=pw01sde1002202601121220260719%2F04,outputs/longshot_placer_index_expanded_20260811/jra_result_html/20260719_函館_12.html,47a67c1b21cac266ac0c3f05fc783024d2becc844d8f1c089d423c9be64c81f6
2026-07-19,函館,12,5,ロードクラシコ,7,7.0,COMPLETED,2.0,https://www.jra.go.jp/JRADB/accessS.html?CNAME=pw01sde1002202601121220260719%2F04,outputs/longshot_placer_index_expanded_20260811/jra_result_html/20260719_函館_12.html,47a67c1b21cac266ac0c3f05fc783024d2becc844d8f1c089d423c9be64c81f6
2026-07-19,函館,12,6,ブラヴィーノ,12,12.0,COMPLETED,14.0,https://www.jra.go.jp/JRADB/accessS.html?CNAME=pw01sde1002202601121220260719%2F04,outputs/longshot_placer_index_expanded_20260811/jra_result_html/20260719_函館_12.html,47a67c1b21cac266ac0c3f05fc783024d2becc844d8f1c089d423c9be64c81f6
2026-07-19,函館,12,7,ミスターバッドガイ,6,6.0,COMPLETED,6.0,https://www.jra.go.jp/JRADB/accessS.html?CNAME=pw01sde1002202601121220260719%2F04,outputs/longshot_placer_index_expanded_20260811/jra_result_html/20260719_函館_12.html,47a67c1b21cac266ac0c3f05fc783024d2becc844d8f1c089d423c9be64c81f6
2026-07-19,函館,12,8,ロードヴェルテクス,8,8.0,COMPLETED,10.0,https://www.jra.go.jp/JRADB/accessS.html?CNAME=pw01sde1002202601121220260719%2F04,outputs/longshot_placer_index_expanded_20260811/jra_result_html/20260719_函館_12.html,47a67c1b21cac266ac0c3f05fc783024d2becc844d8f1c089d423c9be64c81f6
2026-07-19,函館,12,9,シャインズオンユー,4,4.0,COMPLETED,9.0,https://www.jra.go.jp/JRADB/accessS.html?CNAME=pw01sde1002202601121220260719%2F04,outputs/longshot_placer_index_expanded_20260811/jra_result_html/20260719_函館_12.html,47a67c1b21cac266ac0c3f05fc783024d2becc844d8f1c089d423c9be64c81f6
2026-07-19,函館,12,10,マイオウンウェイ,11,11.0,COMPLETED,13.0,https://www.jra.go.jp/JRADB/accessS.html?CNAME=pw01sde1002202601121220260719%2F04,outputs/longshot_placer_index_expanded_20260811/jra_result_html/20260719_函館_12.html,47a67c1b21cac266ac0c3f05fc783024d2becc844d8f1c089d423c9be64c81f6
2026-07-19,函館,12,11,フレンドモナコ,13,13.0,COMPLETED,11.0,https://www.jra.go.jp/JRADB/accessS.html?CNAME=pw01sde1002202601121220260719%2F04,outputs/longshot_placer_index_expanded_20260811/jra_result_html/20260719_函館_12.html,47a67c1b21cac266ac0c3f05fc783024d2becc844d8f1c089d423c9be64c81f6
2026-07-19,函館,12,12,ソードマスター,14,14.0,COMPLETED,7.0,https://www.jra.go.jp/JRADB/accessS.html?CNAME=pw01sde1002202601121220260719%2F04,outputs/longshot_placer_index_expanded_20260811/jra_result_html/20260719_函館_12.html,47a67c1b21cac266ac0c3f05fc783024d2becc844d8f1c089d423c9be64c81f6
2026-07-19,函館,12,13,アヤサンジョリーン,9,9.0,COMPLETED,12.0,https://www.jra.go.jp/JRADB/accessS.html?CNAME=pw01sde1002202601121220260719%2F04,outputs/longshot_placer_index_expanded_20260811/jra_result_html/20260719_函館_12.html,47a67c1b21cac266ac0c3f05fc783024d2becc844d8f1c089d423c9be64c81f6
2026-07-19,函館,12,14,ルクスアドラー,10,10.0,COMPLETED,8.0,https://www.jra.go.jp/JRADB/accessS.html?CNAME=pw01sde1002202601121220260719%2F04,outputs/longshot_placer_index_expanded_20260811/jra_result_html/20260719_函館_12.html,47a67c1b21cac266ac0c3f05fc783024d2becc844d8f1c089d423c9be64c81f6
2026-07-19,小倉,7,1,ピアストイヤーズ,1,1.0,COMPLETED,1.0,https://www.jra.go.jp/JRADB/accessS.html?CNAME=pw01sde1010202602080720260719%2FA3,outputs/longshot_placer_index_expanded_20260811/jra_result_html/20260719_小倉_07.html,636abb214fbfb070ead3152ea850dc66d57a66bf0f1d1031c9882106d2144b74
2026-07-19,小倉,7,2,ウェルカムソング,4,4.0,COMPLETED,2.0,https://www.jra.go.jp/JRADB/accessS.html?CNAME=pw01sde1010202602080720260719%2FA3,outputs/longshot_placer_index_expanded_20260811/jra_result_html/20260719_小倉_07.html,636abb214fbfb070ead3152ea850dc66d57a66bf0f1d1031c9882106d2144b74
2026-07-19,小倉,7,3,アスクザアメリカン,8,8.0,COMPLETED,16.0,https://www.jra.go.jp/JRADB/accessS.html?CNAME=pw01sde1010202602080720260719%2FA3,outputs/longshot_placer_index_expanded_20260811/jra_result_html/20260719_小倉_07.html,636abb214fbfb070ead3152ea850dc66d57a66bf0f1d1031c9882106d2144b74
2026-07-19,小倉,7,4,ヒットザグラウンド,12,12.0,COMPLETED,9.0,https://www.jra.go.jp/JRADB/accessS.html?CNAME=pw01sde1010202602080720260719%2FA3,outputs/longshot_placer_index_expanded_20260811/jra_result_html/20260719_小倉_07.html,636abb214fbfb070ead3152ea850dc66d57a66bf0f1d1031c9882106d2144b74
2026-07-19,小倉,7,5,アーリントンロウ,6,6.0,COMPLETED,5.0,https://www.jra.go.jp/JRADB/accessS.html?CNAME=pw01sde1010202602080720260719%2FA3,outputs/longshot_placer_index_expanded_20260811/jra_result_html/20260719_小倉_07.html,636abb214fbfb070ead3152ea850dc66d57a66bf0f1d1031c9882106d2144b74
2026-07-19,小倉,7,6,ラブアイミー,11,11.0,COMPLETED,11.0,https://www.jra.go.jp/JRADB/accessS.html?CNAME=pw01sde1010202602080720260719%2FA3,outputs/longshot_placer_index_expanded_20260811/jra_result_html/20260719_小倉_07.html,636abb214fbfb070ead3152ea850dc66d57a66bf0f1d1031c9882106d2144b74
2026-07-19,小倉,7,7,フィラーエ,7,7.0,COMPLETED,6.0,https://www.jra.go.jp/JRADB/accessS.html?CNAME=pw01sde1010202602080720260719%2FA3,outputs/longshot_placer_index_expanded_20260811/jra_result_html/20260719_小倉_07.html,636abb214fbfb070ead3152ea850dc66d57a66bf0f1d1031c9882106d2144b74
2026-07-19,小倉,7,8,タガノアルブラック,除外,,除外,,https://www.jra.go.jp/JRADB/accessS.html?CNAME=pw01sde1010202602080720260719%2FA3,outputs/longshot_placer_index_expanded_20260811/jra_result_html/20260719_小倉_07.html,636abb214fbfb070ead3152ea850dc66d57a66bf0f1d1031c9882106d2144b74
2026-07-19,小倉,7,9,キョラムン,5,5.0,COMPLETED,7.0,https://www.jra.go.jp/JRADB/accessS.html?CNAME=pw01sde1010202602080720260719%2FA3,outputs/longshot_placer_index_expanded_20260811/jra_result_html/20260719_小倉_07.html,636abb214fbfb070ead3152ea850dc66d57a66bf0f1d1031c9882106d2144b74
2026-07-19,小倉,7,10,ダイアナクイーン,2,2.0,COMPLETED,3.0,https://www.jra.go.jp/JRADB/accessS.html?CNAME=pw01sde1010202602080720260719%2FA3,outputs/longshot_placer_index_expanded_20260811/jra_result_html/20260719_小倉_07.html,636abb214fbfb070ead3152ea850dc66d57a66bf0f1d1031c9882106d2144b74
2026-07-19,小倉,7,11,ミライハーモニー,9,9.0,COMPLETED,4.0,https://www.jra.go.jp/JRADB/accessS.html?CNAME=pw01sde1010202602080720260719%2FA3,outputs/longshot_placer_index_expanded_20260811/jra_result_html/20260719_小倉_07.html,636abb214fbfb070ead3152ea850dc66d57a66bf0f1d1031c9882106d2144b74
2026-07-19,小倉,7,12,ペルフェツィオーネ,13,13.0,COMPLETED,15.0,https://www.jra.go.jp/JRADB/accessS.html?CNAME=pw01sde1010202602080720260719%2FA3,outputs/longshot_placer_index_expanded_20260811/jra_result_html/20260719_小倉_07.html,636abb214fbfb070ead3152ea850dc66d57a66bf0f1d1031c9882106d2144b74
2026-07-19,小倉,7,13,マウンテンバローズ,3,3.0,COMPLETED,8.0,https://www.jra.go.jp/JRADB/accessS.html?CNAME=pw01sde1010202602080720260719%2FA3,outputs/longshot_placer_index_expanded_20260811/jra_result_html/20260719_小倉_07.html,636abb214fbfb070ead3152ea850dc66d57a66bf0f1d1031c9882106d2144b74
2026-07-19,小倉,7,14,レオナルドスター,10,10.0,COMPLETED,10.0,https://www.jra.go.jp/JRADB/accessS.html?CNAME=pw01sde1010202602080720260719%2FA3,outputs/longshot_placer_index_expanded_20260811/jra_result_html/20260719_小倉_07.html,636abb214fbfb070ead3152ea850dc66d57a66bf0f1d1031c9882106d2144b74
2026-07-19,小倉,7,15,ソリスディエス,16,16.0,COMPLETED,14.0,https://www.jra.go.jp/JRADB/accessS.html?CNAME=pw01sde1010202602080720260719%2FA3,outputs/longshot_placer_index_expanded_20260811/jra_result_html/20260719_小倉_07.html,636abb214fbfb070ead3152ea850dc66d57a66bf0f1d1031c9882106d2144b74
2026-07-19,小倉,7,16,バーケンティン,15,15.0,COMPLETED,13.0,https://www.jra.go.jp/JRADB/accessS.html?CNAME=pw01sde1010202602080720260719%2FA3,outputs/longshot_placer_index_expanded_20260811/jra_result_html/20260719_小倉_07.html,636abb214fbfb070ead3152ea850dc66d57a66bf0f1d1031c9882106d2144b74
2026-07-19,小倉,7,17,イリスアスール,14,14.0,COMPLETED,12.0,https://www.jra.go.jp/JRADB/accessS.html?CNAME=pw01sde1010202602080720260719%2FA3,outputs/longshot_placer_index_expanded_20260811/jra_result_html/20260719_小倉_07.html,636abb214fbfb070ead3152ea850dc66d57a66bf0f1d1031c9882106d2144b74
2026-07-19,小倉,11,1,ゼンダンハヤブサ,1,1.0,COMPLETED,10.0,https://www.jra.go.jp/JRADB/accessS.html?CNAME=pw01sde1010202602081120260719%2FB7,outputs/longshot_placer_index_expanded_20260811/jra_result_html/20260719_小倉_11.html,1c3a249ff95f6e3e5428dd33a048edc2be9d57d44492bd259d6eb45d931c2771
2026-07-19,小倉,11,2,タガノアビー,9,9.0,COMPLETED,4.0,https://www.jra.go.jp/JRADB/accessS.html?CNAME=pw01sde1010202602081120260719%2FB7,outputs/longshot_placer_index_expanded_20260811/jra_result_html/20260719_小倉_11.html,1c3a249ff95f6e3e5428dd33a048edc2be9d57d44492bd259d6eb45d931c2771
2026-07-19,小倉,11,3,ナムラエイハブ,5,5.0,COMPLETED,12.0,https://www.jra.go.jp/JRADB/accessS.html?CNAME=pw01sde1010202602081120260719%2FB7,outputs/longshot_placer_index_expanded_20260811/jra_result_html/20260719_小倉_11.html,1c3a249ff95f6e3e5428dd33a048edc2be9d57d44492bd259d6eb45d931c2771
2026-07-19,小倉,11,4,コパノサントス,14,14.0,COMPLETED,15.0,https://www.jra.go.jp/JRADB/accessS.html?CNAME=pw01sde1010202602081120260719%2FB7,outputs/longshot_placer_index_expanded_20260811/jra_result_html/20260719_小倉_11.html,1c3a249ff95f6e3e5428dd33a048edc2be9d57d44492bd259d6eb45d931c2771
2026-07-19,小倉,11,5,エヒト,中止,,中止,7.0,https://www.jra.go.jp/JRADB/accessS.html?CNAME=pw01sde1010202602081120260719%2FB7,outputs/longshot_placer_index_expanded_20260811/jra_result_html/20260719_小倉_11.html,1c3a249ff95f6e3e5428dd33a048edc2be9d57d44492bd259d6eb45d931c2771
2026-07-19,小倉,11,6,ガイアメンテ,4,4.0,COMPLETED,2.0,https://www.jra.go.jp/JRADB/accessS.html?CNAME=pw01sde1010202602081120260719%2FB7,outputs/longshot_placer_index_expanded_20260811/jra_result_html/20260719_小倉_11.html,1c3a249ff95f6e3e5428dd33a048edc2be9d57d44492bd259d6eb45d931c2771
2026-07-19,小倉,11,7,トータルクラリティ,7,7.0,COMPLETED,17.0,https://www.jra.go.jp/JRADB/accessS.html?CNAME=pw01sde1010202602081120260719%2FB7,outputs/longshot_placer_index_expanded_20260811/jra_result_html/20260719_小倉_11.html,1c3a249ff95f6e3e5428dd33a048edc2be9d57d44492bd259d6eb45d931c2771
2026-07-19,小倉,11,8,サフィラ,11,11.0,COMPLETED,8.0,https://www.jra.go.jp/JRADB/accessS.html?CNAME=pw01sde1010202602081120260719%2FB7,outputs/longshot_placer_index_expanded_20260811/jra_result_html/20260719_小倉_11.html,1c3a249ff95f6e3e5428dd33a048edc2be9d57d44492bd259d6eb45d931c2771
2026-07-19,小倉,11,9,ジーティーアダマン,6,6.0,COMPLETED,3.0,https://www.jra.go.jp/JRADB/accessS.html?CNAME=pw01sde1010202602081120260719%2FB7,outputs/longshot_placer_index_expanded_20260811/jra_result_html/20260719_小倉_11.html,1c3a249ff95f6e3e5428dd33a048edc2be9d57d44492bd259d6eb45d931c2771
2026-07-19,小倉,11,10,マイネルメモリー,10,10.0,COMPLETED,11.0,https://www.jra.go.jp/JRADB/accessS.html?CNAME=pw01sde1010202602081120260719%2FB7,outputs/longshot_placer_index_expanded_20260811/jra_result_html/20260719_小倉_11.html,1c3a249ff95f6e3e5428dd33a048edc2be9d57d44492bd259d6eb45d931c2771
2026-07-19,小倉,11,11,カネフラ,13,13.0,COMPLETED,14.0,https://www.jra.go.jp/JRADB/accessS.html?CNAME=pw01sde1010202602081120260719%2FB7,outputs/longshot_placer_index_expanded_20260811/jra_result_html/20260719_小倉_11.html,1c3a249ff95f6e3e5428dd33a048edc2be9d57d44492bd259d6eb45d931c2771
2026-07-19,小倉,11,12,ケイズレーヴ,12,12.0,COMPLETED,16.0,https://www.jra.go.jp/JRADB/accessS.html?CNAME=pw01sde1010202602081120260719%2FB7,outputs/longshot_placer_index_expanded_20260811/jra_result_html/20260719_小倉_11.html,1c3a249ff95f6e3e5428dd33a048edc2be9d57d44492bd259d6eb45d931c2771
2026-07-19,小倉,11,13,カエルム,15,15.0,COMPLETED,13.0,https://www.jra.go.jp/JRADB/accessS.html?CNAME=pw01sde1010202602081120260719%2FB7,outputs/longshot_placer_index_expanded_20260811/jra_result_html/20260719_小倉_11.html,1c3a249ff95f6e3e5428dd33a048edc2be9d57d44492bd259d6eb45d931c2771
2026-07-19,小倉,11,14,ウエストナウ,8,8.0,COMPLETED,5.0,https://www.jra.go.jp/JRADB/accessS.html?CNAME=pw01sde1010202602081120260719%2FB7,outputs/longshot_placer_index_expanded_20260811/jra_result_html/20260719_小倉_11.html,1c3a249ff95f6e3e5428dd33a048edc2be9d57d44492bd259d6eb45d931c2771
2026-07-19,小倉,11,15,テーオーソラネル,17,17.0,COMPLETED,18.0,https://www.jra.go.jp/JRADB/accessS.html?CNAME=pw01sde1010202602081120260719%2FB7,outputs/longshot_placer_index_expanded_20260811/jra_result_html/20260719_小倉_11.html,1c3a249ff95f6e3e5428dd33a048edc2be9d57d44492bd259d6eb45d931c2771
2026-07-19,小倉,11,16,ノーランサンライズ,16,16.0,COMPLETED,9.0,https://www.jra.go.jp/JRADB/accessS.html?CNAME=pw01sde1010202602081120260719%2FB7,outputs/longshot_placer_index_expanded_20260811/jra_result_html/20260719_小倉_11.html,1c3a249ff95f6e3e5428dd33a048edc2be9d57d44492bd259d6eb45d931c2771
2026-07-19,小倉,11,17,ジョバンニ,2,2.0,COMPLETED,1.0,https://www.jra.go.jp/JRADB/accessS.html?CNAME=pw01sde1010202602081120260719%2FB7,outputs/longshot_placer_index_expanded_20260811/jra_result_html/20260719_小倉_11.html,1c3a249ff95f6e3e5428dd33a048edc2be9d57d44492bd259d6eb45d931c2771
2026-07-19,小倉,11,18,レーゼドラマ,3,3.0,COMPLETED,6.0,https://www.jra.go.jp/JRADB/accessS.html?CNAME=pw01sde1010202602081120260719%2FB7,outputs/longshot_placer_index_expanded_20260811/jra_result_html/20260719_小倉_11.html,1c3a249ff95f6e3e5428dd33a048edc2be9d57d44492bd259d6eb45d931c2771
2026-07-19,福島,2,1,ジェイエルグリーン,6,6.0,COMPLETED,13.0,https://www.jra.go.jp/JRADB/accessS.html?CNAME=pw01sde1003202602080220260719%2FCF,outputs/longshot_placer_index_expanded_20260811/jra_result_html/20260719_福島_02.html,11c65fbf757c70899d048e024c68fa3423126fc193649b00a651702563ab9e6b
2026-07-19,福島,2,2,ジャストビコーズ,9,9.0,COMPLETED,3.0,https://www.jra.go.jp/JRADB/accessS.html?CNAME=pw01sde1003202602080220260719%2FCF,outputs/longshot_placer_index_expanded_20260811/jra_result_html/20260719_福島_02.html,11c65fbf757c70899d048e024c68fa3423126fc193649b00a651702563ab9e6b
2026-07-19,福島,2,3,ダイナマイトメロン,12,12.0,COMPLETED,11.0,https://www.jra.go.jp/JRADB/accessS.html?CNAME=pw01sde1003202602080220260719%2FCF,outputs/longshot_placer_index_expanded_20260811/jra_result_html/20260719_福島_02.html,11c65fbf757c70899d048e024c68fa3423126fc193649b00a651702563ab9e6b
2026-07-19,福島,2,4,ルビーサンセット,14,14.0,COMPLETED,16.0,https://www.jra.go.jp/JRADB/accessS.html?CNAME=pw01sde1003202602080220260719%2FCF,outputs/longshot_placer_index_expanded_20260811/jra_result_html/20260719_福島_02.html,11c65fbf757c70899d048e024c68fa3423126fc193649b00a651702563ab9e6b
2026-07-19,福島,2,5,フジサン,4,4.0,COMPLETED,9.0,https://www.jra.go.jp/JRADB/accessS.html?CNAME=pw01sde1003202602080220260719%2FCF,outputs/longshot_placer_index_expanded_20260811/jra_result_html/20260719_福島_02.html,11c65fbf757c70899d048e024c68fa3423126fc193649b00a651702563ab9e6b
2026-07-19,福島,2,6,グレイスルーラー,11,11.0,COMPLETED,8.0,https://www.jra.go.jp/JRADB/accessS.html?CNAME=pw01sde1003202602080220260719%2FCF,outputs/longshot_placer_index_expanded_20260811/jra_result_html/20260719_福島_02.html,11c65fbf757c70899d048e024c68fa3423126fc193649b00a651702563ab9e6b
2026-07-19,福島,2,7,キリスパークル,5,5.0,COMPLETED,12.0,https://www.jra.go.jp/JRADB/accessS.html?CNAME=pw01sde1003202602080220260719%2FCF,outputs/longshot_placer_index_expanded_20260811/jra_result_html/20260719_福島_02.html,11c65fbf757c70899d048e024c68fa3423126fc193649b00a651702563ab9e6b
2026-07-19,福島,2,8,サトノスターライト,8,8.0,COMPLETED,5.0,https://www.jra.go.jp/JRADB/accessS.html?CNAME=pw01sde1003202602080220260719%2FCF,outputs/longshot_placer_index_expanded_20260811/jra_result_html/20260719_福島_02.html,11c65fbf757c70899d048e024c68fa3423126fc193649b00a651702563ab9e6b
2026-07-19,福島,2,9,アオゾラランチ,7,7.0,COMPLETED,10.0,https://www.jra.go.jp/JRADB/accessS.html?CNAME=pw01sde1003202602080220260719%2FCF,outputs/longshot_placer_index_expanded_20260811/jra_result_html/20260719_福島_02.html,11c65fbf757c70899d048e024c68fa3423126fc193649b00a651702563ab9e6b
2026-07-19,福島,2,10,ロジタイガー,15,15.0,COMPLETED,14.0,https://www.jra.go.jp/JRADB/accessS.html?CNAME=pw01sde1003202602080220260719%2FCF,outputs/longshot_placer_index_expanded_20260811/jra_result_html/20260719_福島_02.html,11c65fbf757c70899d048e024c68fa3423126fc193649b00a651702563ab9e6b
2026-07-19,福島,2,11,ジャストマイウェイ,13,13.0,COMPLETED,7.0,https://www.jra.go.jp/JRADB/accessS.html?CNAME=pw01sde1003202602080220260719%2FCF,outputs/longshot_placer_index_expanded_20260811/jra_result_html/20260719_福島_02.html,11c65fbf757c70899d048e024c68fa3423126fc193649b00a651702563ab9e6b
2026-07-19,福島,2,12,チョコスコーン,16,16.0,COMPLETED,15.0,https://www.jra.go.jp/JRADB/accessS.html?CNAME=pw01sde1003202602080220260719%2FCF,outputs/longshot_placer_index_expanded_20260811/jra_result_html/20260719_福島_02.html,11c65fbf757c70899d048e024c68fa3423126fc193649b00a651702563ab9e6b
2026-07-19,福島,2,13,アマンヘセル,3,3.0,COMPLETED,6.0,https://www.jra.go.jp/JRADB/accessS.html?CNAME=pw01sde1003202602080220260719%2FCF,outputs/longshot_placer_index_expanded_20260811/jra_result_html/20260719_福島_02.html,11c65fbf757c70899d048e024c68fa3423126fc193649b00a651702563ab9e6b
2026-07-19,福島,2,14,ピースフルマインド,10,10.0,COMPLETED,2.0,https://www.jra.go.jp/JRADB/accessS.html?CNAME=pw01sde1003202602080220260719%2FCF,outputs/longshot_placer_index_expanded_20260811/jra_result_html/20260719_福島_02.html,11c65fbf757c70899d048e024c68fa3423126fc193649b00a651702563ab9e6b
2026-07-19,福島,2,15,クリスタルドレス,2,2.0,COMPLETED,4.0,https://www.jra.go.jp/JRADB/accessS.html?CNAME=pw01sde1003202602080220260719%2FCF,outputs/longshot_placer_index_expanded_20260811/jra_result_html/20260719_福島_02.html,11c65fbf757c70899d048e024c68fa3423126fc193649b00a651702563ab9e6b
2026-07-19,福島,2,16,クレアノア,1,1.0,COMPLETED,1.0,https://www.jra.go.jp/JRADB/accessS.html?CNAME=pw01sde1003202602080220260719%2FCF,outputs/longshot_placer_index_expanded_20260811/jra_result_html/20260719_福島_02.html,11c65fbf757c70899d048e024c68fa3423126fc193649b00a651702563ab9e6b
2026-07-19,福島,4,1,ヤマニンルーバス,12,12.0,COMPLETED,12.0,https://www.jra.go.jp/JRADB/accessS.html?CNAME=pw01sde1003202602080420260719%2F39,outputs/longshot_placer_index_expanded_20260811/jra_result_html/20260719_福島_04.html,9d4e1a37d6578e98e5ae9e5964b949b82ee7ca3c525733b09059a6360facadfb
2026-07-19,福島,4,2,アーティラリー,1,1.0,COMPLETED,6.0,https://www.jra.go.jp/JRADB/accessS.html?CNAME=pw01sde1003202602080420260719%2F39,outputs/longshot_placer_index_expanded_20260811/jra_result_html/20260719_福島_04.html,9d4e1a37d6578e98e5ae9e5964b949b82ee7ca3c525733b09059a6360facadfb
2026-07-19,福島,4,3,フェスティヴハート,9,9.0,COMPLETED,1.0,https://www.jra.go.jp/JRADB/accessS.html?CNAME=pw01sde1003202602080420260719%2F39,outputs/longshot_placer_index_expanded_20260811/jra_result_html/20260719_福島_04.html,9d4e1a37d6578e98e5ae9e5964b949b82ee7ca3c525733b09059a6360facadfb
2026-07-19,福島,4,4,トラストレガート,4,4.0,COMPLETED,10.0,https://www.jra.go.jp/JRADB/accessS.html?CNAME=pw01sde1003202602080420260719%2F39,outputs/longshot_placer_index_expanded_20260811/jra_result_html/20260719_福島_04.html,9d4e1a37d6578e98e5ae9e5964b949b82ee7ca3c525733b09059a6360facadfb
2026-07-19,福島,4,5,デルマザオウ,2,2.0,COMPLETED,4.0,https://www.jra.go.jp/JRADB/accessS.html?CNAME=pw01sde1003202602080420260719%2F39,outputs/longshot_placer_index_expanded_20260811/jra_result_html/20260719_福島_04.html,9d4e1a37d6578e98e5ae9e5964b949b82ee7ca3c525733b09059a6360facadfb
2026-07-19,福島,4,6,カムオンオーバー,10,10.0,COMPLETED,11.0,https://www.jra.go.jp/JRADB/accessS.html?CNAME=pw01sde1003202602080420260719%2F39,outputs/longshot_placer_index_expanded_20260811/jra_result_html/20260719_福島_04.html,9d4e1a37d6578e98e5ae9e5964b949b82ee7ca3c525733b09059a6360facadfb
2026-07-19,福島,4,7,ペタルズダンス,7,7.0,COMPLETED,5.0,https://www.jra.go.jp/JRADB/accessS.html?CNAME=pw01sde1003202602080420260719%2F39,outputs/longshot_placer_index_expanded_20260811/jra_result_html/20260719_福島_04.html,9d4e1a37d6578e98e5ae9e5964b949b82ee7ca3c525733b09059a6360facadfb
2026-07-19,福島,4,8,ランランリンリン,14,14.0,COMPLETED,13.0,https://www.jra.go.jp/JRADB/accessS.html?CNAME=pw01sde1003202602080420260719%2F39,outputs/longshot_placer_index_expanded_20260811/jra_result_html/20260719_福島_04.html,9d4e1a37d6578e98e5ae9e5964b949b82ee7ca3c525733b09059a6360facadfb
2026-07-19,福島,4,9,ユニバーサルラヴ,3,3.0,COMPLETED,2.0,https://www.jra.go.jp/JRADB/accessS.html?CNAME=pw01sde1003202602080420260719%2F39,outputs/longshot_placer_index_expanded_20260811/jra_result_html/20260719_福島_04.html,9d4e1a37d6578e98e5ae9e5964b949b82ee7ca3c525733b09059a6360facadfb
2026-07-19,福島,4,10,ハピネスドリーム,8,8.0,COMPLETED,9.0,https://www.jra.go.jp/JRADB/accessS.html?CNAME=pw01sde1003202602080420260719%2F39,outputs/longshot_placer_index_expanded_20260811/jra_result_html/20260719_福島_04.html,9d4e1a37d6578e98e5ae9e5964b949b82ee7ca3c525733b09059a6360facadfb
2026-07-19,福島,4,11,ハリコミチュウ,13,13.0,COMPLETED,3.0,https://www.jra.go.jp/JRADB/accessS.html?CNAME=pw01sde1003202602080420260719%2F39,outputs/longshot_placer_index_expanded_20260811/jra_result_html/20260719_福島_04.html,9d4e1a37d6578e98e5ae9e5964b949b82ee7ca3c525733b09059a6360facadfb
2026-07-19,福島,4,12,ウィッシュリスト,15,15.0,COMPLETED,15.0,https://www.jra.go.jp/JRADB/accessS.html?CNAME=pw01sde1003202602080420260719%2F39,outputs/longshot_placer_index_expanded_20260811/jra_result_html/20260719_福島_04.html,9d4e1a37d6578e98e5ae9e5964b949b82ee7ca3c525733b09059a6360facadfb
2026-07-19,福島,4,13,アルティソナンテ,5,5.0,COMPLETED,7.0,https://www.jra.go.jp/JRADB/accessS.html?CNAME=pw01sde1003202602080420260719%2F39,outputs/longshot_placer_index_expanded_20260811/jra_result_html/20260719_福島_04.html,9d4e1a37d6578e98e5ae9e5964b949b82ee7ca3c525733b09059a6360facadfb
2026-07-19,福島,4,14,マッドヘッドラブ,11,11.0,COMPLETED,14.0,https://www.jra.go.jp/JRADB/accessS.html?CNAME=pw01sde1003202602080420260719%2F39,outputs/longshot_placer_index_expanded_20260811/jra_result_html/20260719_福島_04.html,9d4e1a37d6578e98e5ae9e5964b949b82ee7ca3c525733b09059a6360facadfb
2026-07-19,福島,4,15,ジーティーヒラリ,6,6.0,COMPLETED,8.0,https://www.jra.go.jp/JRADB/accessS.html?CNAME=pw01sde1003202602080420260719%2F39,outputs/longshot_placer_index_expanded_20260811/jra_result_html/20260719_福島_04.html,9d4e1a37d6578e98e5ae9e5964b949b82ee7ca3c525733b09059a6360facadfb
2026-07-19,福島,11,1,メイショウホウレン,4,4.0,COMPLETED,6.0,https://www.jra.go.jp/JRADB/accessS.html?CNAME=pw01sde1003202602081120260719%2F6C,outputs/longshot_placer_index_expanded_20260811/jra_result_html/20260719_福島_11.html,7d304732fab8f933abda19c46c0023d2e4a10be36badd472be602c39363cf178
2026-07-19,福島,11,2,ジョーローリット,1,1.0,COMPLETED,10.0,https://www.jra.go.jp/JRADB/accessS.html?CNAME=pw01sde1003202602081120260719%2F6C,outputs/longshot_placer_index_expanded_20260811/jra_result_html/20260719_福島_11.html,7d304732fab8f933abda19c46c0023d2e4a10be36badd472be602c39363cf178
2026-07-19,福島,11,3,ロードアウォード,8,8.0,COMPLETED,9.0,https://www.jra.go.jp/JRADB/accessS.html?CNAME=pw01sde1003202602081120260719%2F6C,outputs/longshot_placer_index_expanded_20260811/jra_result_html/20260719_福島_11.html,7d304732fab8f933abda19c46c0023d2e4a10be36badd472be602c39363cf178
2026-07-19,福島,11,4,カズゴルティス,12,12.0,COMPLETED,15.0,https://www.jra.go.jp/JRADB/accessS.html?CNAME=pw01sde1003202602081120260719%2F6C,outputs/longshot_placer_index_expanded_20260811/jra_result_html/20260719_福島_11.html,7d304732fab8f933abda19c46c0023d2e4a10be36badd472be602c39363cf178
2026-07-19,福島,11,5,エコロアゼル,9,9.0,COMPLETED,1.0,https://www.jra.go.jp/JRADB/accessS.html?CNAME=pw01sde1003202602081120260719%2F6C,outputs/longshot_placer_index_expanded_20260811/jra_result_html/20260719_福島_11.html,7d304732fab8f933abda19c46c0023d2e4a10be36badd472be602c39363cf178
2026-07-19,福島,11,6,ケイアイアニラ,15,15.0,COMPLETED,16.0,https://www.jra.go.jp/JRADB/accessS.html?CNAME=pw01sde1003202602081120260719%2F6C,outputs/longshot_placer_index_expanded_20260811/jra_result_html/20260719_福島_11.html,7d304732fab8f933abda19c46c0023d2e4a10be36badd472be602c39363cf178
2026-07-19,福島,11,7,ガビーズシスター,2,2.0,COMPLETED,3.0,https://www.jra.go.jp/JRADB/accessS.html?CNAME=pw01sde1003202602081120260719%2F6C,outputs/longshot_placer_index_expanded_20260811/jra_result_html/20260719_福島_11.html,7d304732fab8f933abda19c46c0023d2e4a10be36badd472be602c39363cf178
2026-07-19,福島,11,8,マニバドラ,16,16.0,COMPLETED,4.0,https://www.jra.go.jp/JRADB/accessS.html?CNAME=pw01sde1003202602081120260719%2F6C,outputs/longshot_placer_index_expanded_20260811/jra_result_html/20260719_福島_11.html,7d304732fab8f933abda19c46c0023d2e4a10be36badd472be602c39363cf178
2026-07-19,福島,11,9,ジャスパーゴールド,13,13.0,COMPLETED,14.0,https://www.jra.go.jp/JRADB/accessS.html?CNAME=pw01sde1003202602081120260719%2F6C,outputs/longshot_placer_index_expanded_20260811/jra_result_html/20260719_福島_11.html,7d304732fab8f933abda19c46c0023d2e4a10be36badd472be602c39363cf178
2026-07-19,福島,11,10,ゲッティヴィラ,6,6.0,COMPLETED,13.0,https://www.jra.go.jp/JRADB/accessS.html?CNAME=pw01sde1003202602081120260719%2F6C,outputs/longshot_placer_index_expanded_20260811/jra_result_html/20260719_福島_11.html,7d304732fab8f933abda19c46c0023d2e4a10be36badd472be602c39363cf178
2026-07-19,福島,11,11,プレゼンティーア,7,7.0,COMPLETED,8.0,https://www.jra.go.jp/JRADB/accessS.html?CNAME=pw01sde1003202602081120260719%2F6C,outputs/longshot_placer_index_expanded_20260811/jra_result_html/20260719_福島_11.html,7d304732fab8f933abda19c46c0023d2e4a10be36badd472be602c39363cf178
2026-07-19,福島,11,12,グッジョブ,10,10.0,COMPLETED,12.0,https://www.jra.go.jp/JRADB/accessS.html?CNAME=pw01sde1003202602081120260719%2F6C,outputs/longshot_placer_index_expanded_20260811/jra_result_html/20260719_福島_11.html,7d304732fab8f933abda19c46c0023d2e4a10be36badd472be602c39363cf178
2026-07-19,福島,11,13,ユキマル,5,5.0,COMPLETED,2.0,https://www.jra.go.jp/JRADB/accessS.html?CNAME=pw01sde1003202602081120260719%2F6C,outputs/longshot_placer_index_expanded_20260811/jra_result_html/20260719_福島_11.html,7d304732fab8f933abda19c46c0023d2e4a10be36badd472be602c39363cf178
2026-07-19,福島,11,14,ファムエレガンテ,3,3.0,COMPLETED,5.0,https://www.jra.go.jp/JRADB/accessS.html?CNAME=pw01sde1003202602081120260719%2F6C,outputs/longshot_placer_index_expanded_20260811/jra_result_html/20260719_福島_11.html,7d304732fab8f933abda19c46c0023d2e4a10be36badd472be602c39363cf178
2026-07-19,福島,11,15,ショウナンアビアス,14,14.0,COMPLETED,7.0,https://www.jra.go.jp/JRADB/accessS.html?CNAME=pw01sde1003202602081120260719%2F6C,outputs/longshot_placer_index_expanded_20260811/jra_result_html/20260719_福島_11.html,7d304732fab8f933abda19c46c0023d2e4a10be36badd472be602c39363cf178
2026-07-19,福島,11,16,ルディック,11,11.0,COMPLETED,11.0,https://www.jra.go.jp/JRADB/accessS.html?CNAME=pw01sde1003202602081120260719%2F6C,outputs/longshot_placer_index_expanded_20260811/jra_result_html/20260719_福島_11.html,7d304732fab8f933abda19c46c0023d2e4a10be36badd472be602c39363cf178
2026-07-19,福島,12,1,アルデキングダム,14,14.0,COMPLETED,4.0,https://www.jra.go.jp/JRADB/accessS.html?CNAME=pw01sde1003202602081220260719%2F21,outputs/longshot_placer_index_expanded_20260811/jra_result_html/20260719_福島_12.html,6868d548d608b0fa3d83756010fe3e72498ada5dcbe89316cf7786ec3d4ba4d6
2026-07-19,福島,12,2,メリーサウンド,7,7.0,COMPLETED,11.0,https://www.jra.go.jp/JRADB/accessS.html?CNAME=pw01sde1003202602081220260719%2F21,outputs/longshot_placer_index_expanded_20260811/jra_result_html/20260719_福島_12.html,6868d548d608b0fa3d83756010fe3e72498ada5dcbe89316cf7786ec3d4ba4d6
2026-07-19,福島,12,3,ソナタン,10,10.0,COMPLETED,8.0,https://www.jra.go.jp/JRADB/accessS.html?CNAME=pw01sde1003202602081220260719%2F21,outputs/longshot_placer_index_expanded_20260811/jra_result_html/20260719_福島_12.html,6868d548d608b0fa3d83756010fe3e72498ada5dcbe89316cf7786ec3d4ba4d6
2026-07-19,福島,12,4,ジーティーブラック,2,2.0,COMPLETED,7.0,https://www.jra.go.jp/JRADB/accessS.html?CNAME=pw01sde1003202602081220260719%2F21,outputs/longshot_placer_index_expanded_20260811/jra_result_html/20260719_福島_12.html,6868d548d608b0fa3d83756010fe3e72498ada5dcbe89316cf7786ec3d4ba4d6
2026-07-19,福島,12,5,ノアチュロス,8,8.0,COMPLETED,12.0,https://www.jra.go.jp/JRADB/accessS.html?CNAME=pw01sde1003202602081220260719%2F21,outputs/longshot_placer_index_expanded_20260811/jra_result_html/20260719_福島_12.html,6868d548d608b0fa3d83756010fe3e72498ada5dcbe89316cf7786ec3d4ba4d6
2026-07-19,福島,12,6,サムシングニュー,3,3.0,COMPLETED,5.0,https://www.jra.go.jp/JRADB/accessS.html?CNAME=pw01sde1003202602081220260719%2F21,outputs/longshot_placer_index_expanded_20260811/jra_result_html/20260719_福島_12.html,6868d548d608b0fa3d83756010fe3e72498ada5dcbe89316cf7786ec3d4ba4d6
2026-07-19,福島,12,7,イサチルシーキング,15,15.0,COMPLETED,2.0,https://www.jra.go.jp/JRADB/accessS.html?CNAME=pw01sde1003202602081220260719%2F21,outputs/longshot_placer_index_expanded_20260811/jra_result_html/20260719_福島_12.html,6868d548d608b0fa3d83756010fe3e72498ada5dcbe89316cf7786ec3d4ba4d6
2026-07-19,福島,12,8,スーパーホース,13,13.0,COMPLETED,13.0,https://www.jra.go.jp/JRADB/accessS.html?CNAME=pw01sde1003202602081220260719%2F21,outputs/longshot_placer_index_expanded_20260811/jra_result_html/20260719_福島_12.html,6868d548d608b0fa3d83756010fe3e72498ada5dcbe89316cf7786ec3d4ba4d6
2026-07-19,福島,12,9,キングプロフィット,9,9.0,COMPLETED,15.0,https://www.jra.go.jp/JRADB/accessS.html?CNAME=pw01sde1003202602081220260719%2F21,outputs/longshot_placer_index_expanded_20260811/jra_result_html/20260719_福島_12.html,6868d548d608b0fa3d83756010fe3e72498ada5dcbe89316cf7786ec3d4ba4d6
2026-07-19,福島,12,10,ノーウェアマン,4,4.0,COMPLETED,9.0,https://www.jra.go.jp/JRADB/accessS.html?CNAME=pw01sde1003202602081220260719%2F21,outputs/longshot_placer_index_expanded_20260811/jra_result_html/20260719_福島_12.html,6868d548d608b0fa3d83756010fe3e72498ada5dcbe89316cf7786ec3d4ba4d6
2026-07-19,福島,12,11,エアトベーレ,1,1.0,COMPLETED,1.0,https://www.jra.go.jp/JRADB/accessS.html?CNAME=pw01sde1003202602081220260719%2F21,outputs/longshot_placer_index_expanded_20260811/jra_result_html/20260719_福島_12.html,6868d548d608b0fa3d83756010fe3e72498ada5dcbe89316cf7786ec3d4ba4d6
2026-07-19,福島,12,12,ウインドワンピース,6,6.0,COMPLETED,14.0,https://www.jra.go.jp/JRADB/accessS.html?CNAME=pw01sde1003202602081220260719%2F21,outputs/longshot_placer_index_expanded_20260811/jra_result_html/20260719_福島_12.html,6868d548d608b0fa3d83756010fe3e72498ada5dcbe89316cf7786ec3d4ba4d6
2026-07-19,福島,12,13,カイトヴィント,12,12.0,COMPLETED,10.0,https://www.jra.go.jp/JRADB/accessS.html?CNAME=pw01sde1003202602081220260719%2F21,outputs/longshot_placer_index_expanded_20260811/jra_result_html/20260719_福島_12.html,6868d548d608b0fa3d83756010fe3e72498ada5dcbe89316cf7786ec3d4ba4d6
2026-07-19,福島,12,14,リポジノ,11,11.0,COMPLETED,6.0,https://www.jra.go.jp/JRADB/accessS.html?CNAME=pw01sde1003202602081220260719%2F21,outputs/longshot_placer_index_expanded_20260811/jra_result_html/20260719_福島_12.html,6868d548d608b0fa3d83756010fe3e72498ada5dcbe89316cf7786ec3d4ba4d6
2026-07-19,福島,12,15,ヘルヴェティオス,5,5.0,COMPLETED,3.0,https://www.jra.go.jp/JRADB/accessS.html?CNAME=pw01sde1003202602081220260719%2F21,outputs/longshot_placer_index_expanded_20260811/jra_result_html/20260719_福島_12.html,6868d548d608b0fa3d83756010fe3e72498ada5dcbe89316cf7786ec3d4ba4d6
2026-07-25,中京,4,1,ヨシノサンキュー,14,14.0,COMPLETED,14.0,https://www.jra.go.jp/JRADB/accessS.html?CNAME=pw01sde1007202602010420260725%2FA2,outputs/longshot_placer_index_expanded_20260811/jra_result_html/20260725_中京_04.html,8d72499cbe92473307d7aad7f9c62e52229181d660aa789119cc944ddd2f4cab
2026-07-25,中京,4,2,ベルアズーロ,8,8.0,COMPLETED,4.0,https://www.jra.go.jp/JRADB/accessS.html?CNAME=pw01sde1007202602010420260725%2FA2,outputs/longshot_placer_index_expanded_20260811/jra_result_html/20260725_中京_04.html,8d72499cbe92473307d7aad7f9c62e52229181d660aa789119cc944ddd2f4cab
2026-07-25,中京,4,3,ヴァンドゥーヴル,10,10.0,COMPLETED,6.0,https://www.jra.go.jp/JRADB/accessS.html?CNAME=pw01sde1007202602010420260725%2FA2,outputs/longshot_placer_index_expanded_20260811/jra_result_html/20260725_中京_04.html,8d72499cbe92473307d7aad7f9c62e52229181d660aa789119cc944ddd2f4cab
2026-07-25,中京,4,4,テリコス,13,13.0,COMPLETED,8.0,https://www.jra.go.jp/JRADB/accessS.html?CNAME=pw01sde1007202602010420260725%2FA2,outputs/longshot_placer_index_expanded_20260811/jra_result_html/20260725_中京_04.html,8d72499cbe92473307d7aad7f9c62e52229181d660aa789119cc944ddd2f4cab
2026-07-25,中京,4,5,テイクザスローン,9,9.0,COMPLETED,13.0,https://www.jra.go.jp/JRADB/accessS.html?CNAME=pw01sde1007202602010420260725%2FA2,outputs/longshot_placer_index_expanded_20260811/jra_result_html/20260725_中京_04.html,8d72499cbe92473307d7aad7f9c62e52229181d660aa789119cc944ddd2f4cab
2026-07-25,中京,4,6,ロードファイター,6,6.0,COMPLETED,9.0,https://www.jra.go.jp/JRADB/accessS.html?CNAME=pw01sde1007202602010420260725%2FA2,outputs/longshot_placer_index_expanded_20260811/jra_result_html/20260725_中京_04.html,8d72499cbe92473307d7aad7f9c62e52229181d660aa789119cc944ddd2f4cab
2026-07-25,中京,4,7,グランピアン,15,15.0,COMPLETED,16.0,https://www.jra.go.jp/JRADB/accessS.html?CNAME=pw01sde1007202602010420260725%2FA2,outputs/longshot_placer_index_expanded_20260811/jra_result_html/20260725_中京_04.html,8d72499cbe92473307d7aad7f9c62e52229181d660aa789119cc944ddd2f4cab
2026-07-25,中京,4,8,ナウオアネヴァー,1,1.0,COMPLETED,1.0,https://www.jra.go.jp/JRADB/accessS.html?CNAME=pw01sde1007202602010420260725%2FA2,outputs/longshot_placer_index_expanded_20260811/jra_result_html/20260725_中京_04.html,8d72499cbe92473307d7aad7f9c62e52229181d660aa789119cc944ddd2f4cab
2026-07-25,中京,4,9,マーゴットショット,3,3.0,COMPLETED,15.0,https://www.jra.go.jp/JRADB/accessS.html?CNAME=pw01sde1007202602010420260725%2FA2,outputs/longshot_placer_index_expanded_20260811/jra_result_html/20260725_中京_04.html,8d72499cbe92473307d7aad7f9c62e52229181d660aa789119cc944ddd2f4cab
2026-07-25,中京,4,10,ワイドヴィンクルム,11,11.0,COMPLETED,12.0,https://www.jra.go.jp/JRADB/accessS.html?CNAME=pw01sde1007202602010420260725%2FA2,outputs/longshot_placer_index_expanded_20260811/jra_result_html/20260725_中京_04.html,8d72499cbe92473307d7aad7f9c62e52229181d660aa789119cc944ddd2f4cab
2026-07-25,中京,4,11,ボクサークラブ,5,5.0,COMPLETED,7.0,https://www.jra.go.jp/JRADB/accessS.html?CNAME=pw01sde1007202602010420260725%2FA2,outputs/longshot_placer_index_expanded_20260811/jra_result_html/20260725_中京_04.html,8d72499cbe92473307d7aad7f9c62e52229181d660aa789119cc944ddd2f4cab
2026-07-25,中京,4,12,アステリアート,16,16.0,COMPLETED,11.0,https://www.jra.go.jp/JRADB/accessS.html?CNAME=pw01sde1007202602010420260725%2FA2,outputs/longshot_placer_index_expanded_20260811/jra_result_html/20260725_中京_04.html,8d72499cbe92473307d7aad7f9c62e52229181d660aa789119cc944ddd2f4cab
2026-07-25,中京,4,13,ジャスティンレビン,7,7.0,COMPLETED,5.0,https://www.jra.go.jp/JRADB/accessS.html?CNAME=pw01sde1007202602010420260725%2FA2,outputs/longshot_placer_index_expanded_20260811/jra_result_html/20260725_中京_04.html,8d72499cbe92473307d7aad7f9c62e52229181d660aa789119cc944ddd2f4cab
2026-07-25,中京,4,14,タロ,2,2.0,COMPLETED,3.0,https://www.jra.go.jp/JRADB/accessS.html?CNAME=pw01sde1007202602010420260725%2FA2,outputs/longshot_placer_index_expanded_20260811/jra_result_html/20260725_中京_04.html,8d72499cbe92473307d7aad7f9c62e52229181d660aa789119cc944ddd2f4cab
2026-07-25,中京,4,15,コーディアリティ,12,12.0,COMPLETED,10.0,https://www.jra.go.jp/JRADB/accessS.html?CNAME=pw01sde1007202602010420260725%2FA2,outputs/longshot_placer_index_expanded_20260811/jra_result_html/20260725_中京_04.html,8d72499cbe92473307d7aad7f9c62e52229181d660aa789119cc944ddd2f4cab
2026-07-25,中京,4,16,アスクハッピーマン,4,4.0,COMPLETED,2.0,https://www.jra.go.jp/JRADB/accessS.html?CNAME=pw01sde1007202602010420260725%2FA2,outputs/longshot_placer_index_expanded_20260811/jra_result_html/20260725_中京_04.html,8d72499cbe92473307d7aad7f9c62e52229181d660aa789119cc944ddd2f4cab
2026-07-25,中京,12,1,オースミサイファー,5,5.0,COMPLETED,11.0,https://www.jra.go.jp/JRADB/accessS.html?CNAME=pw01sde1007202602011220260725%2F8A,outputs/longshot_placer_index_expanded_20260811/jra_result_html/20260725_中京_12.html,bd4286676a7371c70110d4457c89b7f49702d0a875dc286840f9cf2b4bc52582
2026-07-25,中京,12,2,カフラー,16,16.0,COMPLETED,12.0,https://www.jra.go.jp/JRADB/accessS.html?CNAME=pw01sde1007202602011220260725%2F8A,outputs/longshot_placer_index_expanded_20260811/jra_result_html/20260725_中京_12.html,bd4286676a7371c70110d4457c89b7f49702d0a875dc286840f9cf2b4bc52582
2026-07-25,中京,12,3,ムーンライトダイヤ,1,1.0,COMPLETED,5.0,https://www.jra.go.jp/JRADB/accessS.html?CNAME=pw01sde1007202602011220260725%2F8A,outputs/longshot_placer_index_expanded_20260811/jra_result_html/20260725_中京_12.html,bd4286676a7371c70110d4457c89b7f49702d0a875dc286840f9cf2b4bc52582
2026-07-25,中京,12,4,ビッグヒーロー,2,2.0,COMPLETED,2.0,https://www.jra.go.jp/JRADB/accessS.html?CNAME=pw01sde1007202602011220260725%2F8A,outputs/longshot_placer_index_expanded_20260811/jra_result_html/20260725_中京_12.html,bd4286676a7371c70110d4457c89b7f49702d0a875dc286840f9cf2b4bc52582
2026-07-25,中京,12,5,オレンジフィールド,11,11.0,COMPLETED,7.0,https://www.jra.go.jp/JRADB/accessS.html?CNAME=pw01sde1007202602011220260725%2F8A,outputs/longshot_placer_index_expanded_20260811/jra_result_html/20260725_中京_12.html,bd4286676a7371c70110d4457c89b7f49702d0a875dc286840f9cf2b4bc52582
2026-07-25,中京,12,6,リザレクティア,14,14.0,COMPLETED,15.0,https://www.jra.go.jp/JRADB/accessS.html?CNAME=pw01sde1007202602011220260725%2F8A,outputs/longshot_placer_index_expanded_20260811/jra_result_html/20260725_中京_12.html,bd4286676a7371c70110d4457c89b7f49702d0a875dc286840f9cf2b4bc52582
2026-07-25,中京,12,7,アスクブームキセキ,6,6.0,COMPLETED,9.0,https://www.jra.go.jp/JRADB/accessS.html?CNAME=pw01sde1007202602011220260725%2F8A,outputs/longshot_placer_index_expanded_20260811/jra_result_html/20260725_中京_12.html,bd4286676a7371c70110d4457c89b7f49702d0a875dc286840f9cf2b4bc52582
2026-07-25,中京,12,8,ララディアーブル,3,3.0,COMPLETED,4.0,https://www.jra.go.jp/JRADB/accessS.html?CNAME=pw01sde1007202602011220260725%2F8A,outputs/longshot_placer_index_expanded_20260811/jra_result_html/20260725_中京_12.html,bd4286676a7371c70110d4457c89b7f49702d0a875dc286840f9cf2b4bc52582
2026-07-25,中京,12,9,サーブルディアマン,12,12.0,COMPLETED,8.0,https://www.jra.go.jp/JRADB/accessS.html?CNAME=pw01sde1007202602011220260725%2F8A,outputs/longshot_placer_index_expanded_20260811/jra_result_html/20260725_中京_12.html,bd4286676a7371c70110d4457c89b7f49702d0a875dc286840f9cf2b4bc52582
2026-07-25,中京,12,10,レインボーステート,4,4.0,COMPLETED,3.0,https://www.jra.go.jp/JRADB/accessS.html?CNAME=pw01sde1007202602011220260725%2F8A,outputs/longshot_placer_index_expanded_20260811/jra_result_html/20260725_中京_12.html,bd4286676a7371c70110d4457c89b7f49702d0a875dc286840f9cf2b4bc52582
2026-07-25,中京,12,11,レッドピアレス,10,10.0,COMPLETED,10.0,https://www.jra.go.jp/JRADB/accessS.html?CNAME=pw01sde1007202602011220260725%2F8A,outputs/longshot_placer_index_expanded_20260811/jra_result_html/20260725_中京_12.html,bd4286676a7371c70110d4457c89b7f49702d0a875dc286840f9cf2b4bc52582
2026-07-25,中京,12,12,マーチャンシップ,15,15.0,COMPLETED,13.0,https://www.jra.go.jp/JRADB/accessS.html?CNAME=pw01sde1007202602011220260725%2F8A,outputs/longshot_placer_index_expanded_20260811/jra_result_html/20260725_中京_12.html,bd4286676a7371c70110d4457c89b7f49702d0a875dc286840f9cf2b4bc52582
2026-07-25,中京,12,13,ミッキーラヴィータ,8,8.0,COMPLETED,1.0,https://www.jra.go.jp/JRADB/accessS.html?CNAME=pw01sde1007202602011220260725%2F8A,outputs/longshot_placer_index_expanded_20260811/jra_result_html/20260725_中京_12.html,bd4286676a7371c70110d4457c89b7f49702d0a875dc286840f9cf2b4bc52582
2026-07-25,中京,12,14,オーケーキュート,9,9.0,COMPLETED,14.0,https://www.jra.go.jp/JRADB/accessS.html?CNAME=pw01sde1007202602011220260725%2F8A,outputs/longshot_placer_index_expanded_20260811/jra_result_html/20260725_中京_12.html,bd4286676a7371c70110d4457c89b7f49702d0a875dc286840f9cf2b4bc52582
2026-07-25,中京,12,15,シャンジュマン,13,13.0,COMPLETED,16.0,https://www.jra.go.jp/JRADB/accessS.html?CNAME=pw01sde1007202602011220260725%2F8A,outputs/longshot_placer_index_expanded_20260811/jra_result_html/20260725_中京_12.html,bd4286676a7371c70110d4457c89b7f49702d0a875dc286840f9cf2b4bc52582
2026-07-25,中京,12,16,ラミエルノムスコ,7,7.0,COMPLETED,6.0,https://www.jra.go.jp/JRADB/accessS.html?CNAME=pw01sde1007202602011220260725%2F8A,outputs/longshot_placer_index_expanded_20260811/jra_result_html/20260725_中京_12.html,bd4286676a7371c70110d4457c89b7f49702d0a875dc286840f9cf2b4bc52582
2026-07-25,新潟,1,1,コスモバルムンク,6,6.0,COMPLETED,5.0,https://www.jra.go.jp/JRADB/accessS.html?CNAME=pw01sde1004202602010120260725%2FA5,outputs/longshot_placer_index_expanded_20260811/jra_result_html/20260725_新潟_01.html,6656cb329c6849689decb224d4b16482f919a27842d3019035aaa078c6868472
2026-07-25,新潟,1,2,フルーツバスケット,2,2.0,COMPLETED,2.0,https://www.jra.go.jp/JRADB/accessS.html?CNAME=pw01sde1004202602010120260725%2FA5,outputs/longshot_placer_index_expanded_20260811/jra_result_html/20260725_新潟_01.html,6656cb329c6849689decb224d4b16482f919a27842d3019035aaa078c6868472
2026-07-25,新潟,1,3,ソラニワラエバ,7,7.0,COMPLETED,4.0,https://www.jra.go.jp/JRADB/accessS.html?CNAME=pw01sde1004202602010120260725%2FA5,outputs/longshot_placer_index_expanded_20260811/jra_result_html/20260725_新潟_01.html,6656cb329c6849689decb224d4b16482f919a27842d3019035aaa078c6868472
2026-07-25,新潟,1,4,コルサロ,4,4.0,COMPLETED,7.0,https://www.jra.go.jp/JRADB/accessS.html?CNAME=pw01sde1004202602010120260725%2FA5,outputs/longshot_placer_index_expanded_20260811/jra_result_html/20260725_新潟_01.html,6656cb329c6849689decb224d4b16482f919a27842d3019035aaa078c6868472
2026-07-25,新潟,1,5,トリプティーク,9,9.0,COMPLETED,9.0,https://www.jra.go.jp/JRADB/accessS.html?CNAME=pw01sde1004202602010120260725%2FA5,outputs/longshot_placer_index_expanded_20260811/jra_result_html/20260725_新潟_01.html,6656cb329c6849689decb224d4b16482f919a27842d3019035aaa078c6868472
2026-07-25,新潟,1,6,ローグアン,8,8.0,COMPLETED,10.0,https://www.jra.go.jp/JRADB/accessS.html?CNAME=pw01sde1004202602010120260725%2FA5,outputs/longshot_placer_index_expanded_20260811/jra_result_html/20260725_新潟_01.html,6656cb329c6849689decb224d4b16482f919a27842d3019035aaa078c6868472
2026-07-25,新潟,1,7,ノシェリー,3,3.0,COMPLETED,3.0,https://www.jra.go.jp/JRADB/accessS.html?CNAME=pw01sde1004202602010120260725%2FA5,outputs/longshot_placer_index_expanded_20260811/jra_result_html/20260725_新潟_01.html,6656cb329c6849689decb224d4b16482f919a27842d3019035aaa078c6868472
2026-07-25,新潟,1,8,ランドジャイアンツ,5,5.0,COMPLETED,6.0,https://www.jra.go.jp/JRADB/accessS.html?CNAME=pw01sde1004202602010120260725%2FA5,outputs/longshot_placer_index_expanded_20260811/jra_result_html/20260725_新潟_01.html,6656cb329c6849689decb224d4b16482f919a27842d3019035aaa078c6868472
2026-07-25,新潟,1,9,ワンコール,10,10.0,COMPLETED,8.0,https://www.jra.go.jp/JRADB/accessS.html?CNAME=pw01sde1004202602010120260725%2FA5,outputs/longshot_placer_index_expanded_20260811/jra_result_html/20260725_新潟_01.html,6656cb329c6849689decb224d4b16482f919a27842d3019035aaa078c6868472
2026-07-25,新潟,1,10,レゾルーティオ,1,1.0,COMPLETED,1.0,https://www.jra.go.jp/JRADB/accessS.html?CNAME=pw01sde1004202602010120260725%2FA5,outputs/longshot_placer_index_expanded_20260811/jra_result_html/20260725_新潟_01.html,6656cb329c6849689decb224d4b16482f919a27842d3019035aaa078c6868472
2026-07-25,新潟,7,1,ポッドロワール,2,2.0,COMPLETED,4.0,https://www.jra.go.jp/JRADB/accessS.html?CNAME=pw01sde1004202602010720260725%2FE3,outputs/longshot_placer_index_expanded_20260811/jra_result_html/20260725_新潟_07.html,7fe049c456dba4e7a10d0aba5d1748d1cc3ec4d03018f71f72e6a858cdbb59b6
2026-07-25,新潟,7,2,コートアリシアン,4,4.0,COMPLETED,1.0,https://www.jra.go.jp/JRADB/accessS.html?CNAME=pw01sde1004202602010720260725%2FE3,outputs/longshot_placer_index_expanded_20260811/jra_result_html/20260725_新潟_07.html,7fe049c456dba4e7a10d0aba5d1748d1cc3ec4d03018f71f72e6a858cdbb59b6
2026-07-25,新潟,7,3,エマヌエーレ,3,3.0,COMPLETED,5.0,https://www.jra.go.jp/JRADB/accessS.html?CNAME=pw01sde1004202602010720260725%2FE3,outputs/longshot_placer_index_expanded_20260811/jra_result_html/20260725_新潟_07.html,7fe049c456dba4e7a10d0aba5d1748d1cc3ec4d03018f71f72e6a858cdbb59b6
2026-07-25,新潟,7,4,スマイルアップ,8,8.0,COMPLETED,9.0,https://www.jra.go.jp/JRADB/accessS.html?CNAME=pw01sde1004202602010720260725%2FE3,outputs/longshot_placer_index_expanded_20260811/jra_result_html/20260725_新潟_07.html,7fe049c456dba4e7a10d0aba5d1748d1cc3ec4d03018f71f72e6a858cdbb59b6
2026-07-25,新潟,7,5,エイムフォーエース,16,16.0,COMPLETED,16.0,https://www.jra.go.jp/JRADB/accessS.html?CNAME=pw01sde1004202602010720260725%2FE3,outputs/longshot_placer_index_expanded_20260811/jra_result_html/20260725_新潟_07.html,7fe049c456dba4e7a10d0aba5d1748d1cc3ec4d03018f71f72e6a858cdbb59b6
2026-07-25,新潟,7,6,ピコローズ,1,1.0,COMPLETED,3.0,https://www.jra.go.jp/JRADB/accessS.html?CNAME=pw01sde1004202602010720260725%2FE3,outputs/longshot_placer_index_expanded_20260811/jra_result_html/20260725_新潟_07.html,7fe049c456dba4e7a10d0aba5d1748d1cc3ec4d03018f71f72e6a858cdbb59b6
2026-07-25,新潟,7,7,アームテイル,12,12.0,COMPLETED,15.0,https://www.jra.go.jp/JRADB/accessS.html?CNAME=pw01sde1004202602010720260725%2FE3,outputs/longshot_placer_index_expanded_20260811/jra_result_html/20260725_新潟_07.html,7fe049c456dba4e7a10d0aba5d1748d1cc3ec4d03018f71f72e6a858cdbb59b6
2026-07-25,新潟,7,8,ボンヌソワレ,5,5.0,COMPLETED,2.0,https://www.jra.go.jp/JRADB/accessS.html?CNAME=pw01sde1004202602010720260725%2FE3,outputs/longshot_placer_index_expanded_20260811/jra_result_html/20260725_新潟_07.html,7fe049c456dba4e7a10d0aba5d1748d1cc3ec4d03018f71f72e6a858cdbb59b6
2026-07-25,新潟,7,9,モンテシート,7,7.0,COMPLETED,7.0,https://www.jra.go.jp/JRADB/accessS.html?CNAME=pw01sde1004202602010720260725%2FE3,outputs/longshot_placer_index_expanded_20260811/jra_result_html/20260725_新潟_07.html,7fe049c456dba4e7a10d0aba5d1748d1cc3ec4d03018f71f72e6a858cdbb59b6
2026-07-25,新潟,7,10,チューラワンサ,6,6.0,COMPLETED,10.0,https://www.jra.go.jp/JRADB/accessS.html?CNAME=pw01sde1004202602010720260725%2FE3,outputs/longshot_placer_index_expanded_20260811/jra_result_html/20260725_新潟_07.html,7fe049c456dba4e7a10d0aba5d1748d1cc3ec4d03018f71f72e6a858cdbb59b6
2026-07-25,新潟,7,11,ヴェサリウス,13,13.0,COMPLETED,12.0,https://www.jra.go.jp/JRADB/accessS.html?CNAME=pw01sde1004202602010720260725%2FE3,outputs/longshot_placer_index_expanded_20260811/jra_result_html/20260725_新潟_07.html,7fe049c456dba4e7a10d0aba5d1748d1cc3ec4d03018f71f72e6a858cdbb59b6
2026-07-25,新潟,7,12,ミストレス,10,10.0,COMPLETED,13.0,https://www.jra.go.jp/JRADB/accessS.html?CNAME=pw01sde1004202602010720260725%2FE3,outputs/longshot_placer_index_expanded_20260811/jra_result_html/20260725_新潟_07.html,7fe049c456dba4e7a10d0aba5d1748d1cc3ec4d03018f71f72e6a858cdbb59b6
2026-07-25,新潟,7,13,スティールブルー,9,9.0,COMPLETED,11.0,https://www.jra.go.jp/JRADB/accessS.html?CNAME=pw01sde1004202602010720260725%2FE3,outputs/longshot_placer_index_expanded_20260811/jra_result_html/20260725_新潟_07.html,7fe049c456dba4e7a10d0aba5d1748d1cc3ec4d03018f71f72e6a858cdbb59b6
2026-07-25,新潟,7,14,ルミノメテオール,17,17.0,COMPLETED,17.0,https://www.jra.go.jp/JRADB/accessS.html?CNAME=pw01sde1004202602010720260725%2FE3,outputs/longshot_placer_index_expanded_20260811/jra_result_html/20260725_新潟_07.html,7fe049c456dba4e7a10d0aba5d1748d1cc3ec4d03018f71f72e6a858cdbb59b6
2026-07-25,新潟,7,15,ウナギノボリ,除外,,除外,,https://www.jra.go.jp/JRADB/accessS.html?CNAME=pw01sde1004202602010720260725%2FE3,outputs/longshot_placer_index_expanded_20260811/jra_result_html/20260725_新潟_07.html,7fe049c456dba4e7a10d0aba5d1748d1cc3ec4d03018f71f72e6a858cdbb59b6
2026-07-25,新潟,7,16,キタサンダムール,11,11.0,COMPLETED,6.0,https://www.jra.go.jp/JRADB/accessS.html?CNAME=pw01sde1004202602010720260725%2FE3,outputs/longshot_placer_index_expanded_20260811/jra_result_html/20260725_新潟_07.html,7fe049c456dba4e7a10d0aba5d1748d1cc3ec4d03018f71f72e6a858cdbb59b6
2026-07-25,新潟,7,17,モジャーリオ,14,14.0,COMPLETED,8.0,https://www.jra.go.jp/JRADB/accessS.html?CNAME=pw01sde1004202602010720260725%2FE3,outputs/longshot_placer_index_expanded_20260811/jra_result_html/20260725_新潟_07.html,7fe049c456dba4e7a10d0aba5d1748d1cc3ec4d03018f71f72e6a858cdbb59b6
2026-07-25,新潟,7,18,フライングブレード,15,15.0,COMPLETED,14.0,https://www.jra.go.jp/JRADB/accessS.html?CNAME=pw01sde1004202602010720260725%2FE3,outputs/longshot_placer_index_expanded_20260811/jra_result_html/20260725_新潟_07.html,7fe049c456dba4e7a10d0aba5d1748d1cc3ec4d03018f71f72e6a858cdbb59b6
2026-07-25,新潟,8,1,ヴィエントデコラ,5,5.0,COMPLETED,6.0,https://www.jra.go.jp/JRADB/accessS.html?CNAME=pw01sde1004202602010820260725%2F98,outputs/longshot_placer_index_expanded_20260811/jra_result_html/20260725_新潟_08.html,5751cb277c832a9b9aeb00561f66a630f7721a3ec32e2fbf975e74254b7baf21
2026-07-25,新潟,8,2,ライヴスプーン,3,3.0,COMPLETED,10.0,https://www.jra.go.jp/JRADB/accessS.html?CNAME=pw01sde1004202602010820260725%2F98,outputs/longshot_placer_index_expanded_20260811/jra_result_html/20260725_新潟_08.html,5751cb277c832a9b9aeb00561f66a630f7721a3ec32e2fbf975e74254b7baf21
2026-07-25,新潟,8,3,ケルピー,11,11.0,COMPLETED,12.0,https://www.jra.go.jp/JRADB/accessS.html?CNAME=pw01sde1004202602010820260725%2F98,outputs/longshot_placer_index_expanded_20260811/jra_result_html/20260725_新潟_08.html,5751cb277c832a9b9aeb00561f66a630f7721a3ec32e2fbf975e74254b7baf21
2026-07-25,新潟,8,4,メトロポリターナ,8,8.0,COMPLETED,13.0,https://www.jra.go.jp/JRADB/accessS.html?CNAME=pw01sde1004202602010820260725%2F98,outputs/longshot_placer_index_expanded_20260811/jra_result_html/20260725_新潟_08.html,5751cb277c832a9b9aeb00561f66a630f7721a3ec32e2fbf975e74254b7baf21
2026-07-25,新潟,8,5,イリュストル,10,10.0,COMPLETED,8.0,https://www.jra.go.jp/JRADB/accessS.html?CNAME=pw01sde1004202602010820260725%2F98,outputs/longshot_placer_index_expanded_20260811/jra_result_html/20260725_新潟_08.html,5751cb277c832a9b9aeb00561f66a630f7721a3ec32e2fbf975e74254b7baf21
2026-07-25,新潟,8,6,ロケットパンチ,1,1.0,COMPLETED,3.0,https://www.jra.go.jp/JRADB/accessS.html?CNAME=pw01sde1004202602010820260725%2F98,outputs/longshot_placer_index_expanded_20260811/jra_result_html/20260725_新潟_08.html,5751cb277c832a9b9aeb00561f66a630f7721a3ec32e2fbf975e74254b7baf21
2026-07-25,新潟,8,7,ハルノアラシ,7,7.0,COMPLETED,11.0,https://www.jra.go.jp/JRADB/accessS.html?CNAME=pw01sde1004202602010820260725%2F98,outputs/longshot_placer_index_expanded_20260811/jra_result_html/20260725_新潟_08.html,5751cb277c832a9b9aeb00561f66a630f7721a3ec32e2fbf975e74254b7baf21
2026-07-25,新潟,8,8,コッレヴェッキオ,9,9.0,COMPLETED,4.0,https://www.jra.go.jp/JRADB/accessS.html?CNAME=pw01sde1004202602010820260725%2F98,outputs/longshot_placer_index_expanded_20260811/jra_result_html/20260725_新潟_08.html,5751cb277c832a9b9aeb00561f66a630f7721a3ec32e2fbf975e74254b7baf21
2026-07-25,新潟,8,9,アヴァランチ,13,13.0,COMPLETED,5.0,https://www.jra.go.jp/JRADB/accessS.html?CNAME=pw01sde1004202602010820260725%2F98,outputs/longshot_placer_index_expanded_20260811/jra_result_html/20260725_新潟_08.html,5751cb277c832a9b9aeb00561f66a630f7721a3ec32e2fbf975e74254b7baf21
2026-07-25,新潟,8,10,パイオニアスクエア,2,2.0,COMPLETED,2.0,https://www.jra.go.jp/JRADB/accessS.html?CNAME=pw01sde1004202602010820260725%2F98,outputs/longshot_placer_index_expanded_20260811/jra_result_html/20260725_新潟_08.html,5751cb277c832a9b9aeb00561f66a630f7721a3ec32e2fbf975e74254b7baf21
2026-07-25,新潟,8,11,インナーパッション,4,4.0,COMPLETED,1.0,https://www.jra.go.jp/JRADB/accessS.html?CNAME=pw01sde1004202602010820260725%2F98,outputs/longshot_placer_index_expanded_20260811/jra_result_html/20260725_新潟_08.html,5751cb277c832a9b9aeb00561f66a630f7721a3ec32e2fbf975e74254b7baf21
2026-07-25,新潟,8,12,バッカステソーロ,12,12.0,COMPLETED,7.0,https://www.jra.go.jp/JRADB/accessS.html?CNAME=pw01sde1004202602010820260725%2F98,outputs/longshot_placer_index_expanded_20260811/jra_result_html/20260725_新潟_08.html,5751cb277c832a9b9aeb00561f66a630f7721a3ec32e2fbf975e74254b7baf21
2026-07-25,新潟,8,13,ブレスドナイル,6,6.0,COMPLETED,9.0,https://www.jra.go.jp/JRADB/accessS.html?CNAME=pw01sde1004202602010820260725%2F98,outputs/longshot_placer_index_expanded_20260811/jra_result_html/20260725_新潟_08.html,5751cb277c832a9b9aeb00561f66a630f7721a3ec32e2fbf975e74254b7baf21
2026-07-25,新潟,10,1,シェリーシュシュ,7,7.0,COMPLETED,5.0,https://www.jra.go.jp/JRADB/accessS.html?CNAME=pw01sde1004202602011020260725%2F42,outputs/longshot_placer_index_expanded_20260811/jra_result_html/20260725_新潟_10.html,6438c08957577a8d8a0cea264880067944193f77e20866589b2eba67f3990a10
2026-07-25,新潟,10,2,ミウ,14,14.0,COMPLETED,12.0,https://www.jra.go.jp/JRADB/accessS.html?CNAME=pw01sde1004202602011020260725%2F42,outputs/longshot_placer_index_expanded_20260811/jra_result_html/20260725_新潟_10.html,6438c08957577a8d8a0cea264880067944193f77e20866589b2eba67f3990a10
2026-07-25,新潟,10,3,ベアエクスプレス,5,5.0,COMPLETED,8.0,https://www.jra.go.jp/JRADB/accessS.html?CNAME=pw01sde1004202602011020260725%2F42,outputs/longshot_placer_index_expanded_20260811/jra_result_html/20260725_新潟_10.html,6438c08957577a8d8a0cea264880067944193f77e20866589b2eba67f3990a10
2026-07-25,新潟,10,4,マイトリックスター,6,6.0,COMPLETED,15.0,https://www.jra.go.jp/JRADB/accessS.html?CNAME=pw01sde1004202602011020260725%2F42,outputs/longshot_placer_index_expanded_20260811/jra_result_html/20260725_新潟_10.html,6438c08957577a8d8a0cea264880067944193f77e20866589b2eba67f3990a10
2026-07-25,新潟,10,5,ナツミカンチャン,13,13.0,COMPLETED,6.0,https://www.jra.go.jp/JRADB/accessS.html?CNAME=pw01sde1004202602011020260725%2F42,outputs/longshot_placer_index_expanded_20260811/jra_result_html/20260725_新潟_10.html,6438c08957577a8d8a0cea264880067944193f77e20866589b2eba67f3990a10
2026-07-25,新潟,10,6,ディレクティオ,10,10.0,COMPLETED,11.0,https://www.jra.go.jp/JRADB/accessS.html?CNAME=pw01sde1004202602011020260725%2F42,outputs/longshot_placer_index_expanded_20260811/jra_result_html/20260725_新潟_10.html,6438c08957577a8d8a0cea264880067944193f77e20866589b2eba67f3990a10
2026-07-25,新潟,10,7,ミュージックレイン,11,11.0,COMPLETED,7.0,https://www.jra.go.jp/JRADB/accessS.html?CNAME=pw01sde1004202602011020260725%2F42,outputs/longshot_placer_index_expanded_20260811/jra_result_html/20260725_新潟_10.html,6438c08957577a8d8a0cea264880067944193f77e20866589b2eba67f3990a10
2026-07-25,新潟,10,8,メジロピオラ,2,2.0,COMPLETED,4.0,https://www.jra.go.jp/JRADB/accessS.html?CNAME=pw01sde1004202602011020260725%2F42,outputs/longshot_placer_index_expanded_20260811/jra_result_html/20260725_新潟_10.html,6438c08957577a8d8a0cea264880067944193f77e20866589b2eba67f3990a10
2026-07-25,新潟,10,9,ゴールドビリーヴ,1,1.0,COMPLETED,2.0,https://www.jra.go.jp/JRADB/accessS.html?CNAME=pw01sde1004202602011020260725%2F42,outputs/longshot_placer_index_expanded_20260811/jra_result_html/20260725_新潟_10.html,6438c08957577a8d8a0cea264880067944193f77e20866589b2eba67f3990a10
2026-07-25,新潟,10,10,ナックレジーナ,12,12.0,COMPLETED,10.0,https://www.jra.go.jp/JRADB/accessS.html?CNAME=pw01sde1004202602011020260725%2F42,outputs/longshot_placer_index_expanded_20260811/jra_result_html/20260725_新潟_10.html,6438c08957577a8d8a0cea264880067944193f77e20866589b2eba67f3990a10
2026-07-25,新潟,10,11,オリエンタルガール,8,8.0,COMPLETED,13.0,https://www.jra.go.jp/JRADB/accessS.html?CNAME=pw01sde1004202602011020260725%2F42,outputs/longshot_placer_index_expanded_20260811/jra_result_html/20260725_新潟_10.html,6438c08957577a8d8a0cea264880067944193f77e20866589b2eba67f3990a10
2026-07-25,新潟,10,12,カーボフリオ,3,3.0,COMPLETED,1.0,https://www.jra.go.jp/JRADB/accessS.html?CNAME=pw01sde1004202602011020260725%2F42,outputs/longshot_placer_index_expanded_20260811/jra_result_html/20260725_新潟_10.html,6438c08957577a8d8a0cea264880067944193f77e20866589b2eba67f3990a10
2026-07-25,新潟,10,13,アドバンスジェンヌ,9,9.0,COMPLETED,9.0,https://www.jra.go.jp/JRADB/accessS.html?CNAME=pw01sde1004202602011020260725%2F42,outputs/longshot_placer_index_expanded_20260811/jra_result_html/20260725_新潟_10.html,6438c08957577a8d8a0cea264880067944193f77e20866589b2eba67f3990a10
2026-07-25,新潟,10,14,バーヴァンシー,4,4.0,COMPLETED,3.0,https://www.jra.go.jp/JRADB/accessS.html?CNAME=pw01sde1004202602011020260725%2F42,outputs/longshot_placer_index_expanded_20260811/jra_result_html/20260725_新潟_10.html,6438c08957577a8d8a0cea264880067944193f77e20866589b2eba67f3990a10
2026-07-25,新潟,10,15,アジャイブ,15,15.0,COMPLETED,14.0,https://www.jra.go.jp/JRADB/accessS.html?CNAME=pw01sde1004202602011020260725%2F42,outputs/longshot_placer_index_expanded_20260811/jra_result_html/20260725_新潟_10.html,6438c08957577a8d8a0cea264880067944193f77e20866589b2eba67f3990a10
2026-07-25,新潟,12,1,ミスバレンシア,17,17.0,COMPLETED,9.0,https://www.jra.go.jp/JRADB/accessS.html?CNAME=pw01sde1004202602011220260725%2FAC,outputs/longshot_placer_index_expanded_20260811/jra_result_html/20260725_新潟_12.html,dbf208f6dae18593c29254530a3d2bdaf0702ed39dda2f611f8f4d2e8c757657
2026-07-25,新潟,12,2,リラ,16,16.0,COMPLETED,1.0,https://www.jra.go.jp/JRADB/accessS.html?CNAME=pw01sde1004202602011220260725%2FAC,outputs/longshot_placer_index_expanded_20260811/jra_result_html/20260725_新潟_12.html,dbf208f6dae18593c29254530a3d2bdaf0702ed39dda2f611f8f4d2e8c757657
2026-07-25,新潟,12,3,クリールスル,9,9.0,COMPLETED,8.0,https://www.jra.go.jp/JRADB/accessS.html?CNAME=pw01sde1004202602011220260725%2FAC,outputs/longshot_placer_index_expanded_20260811/jra_result_html/20260725_新潟_12.html,dbf208f6dae18593c29254530a3d2bdaf0702ed39dda2f611f8f4d2e8c757657
2026-07-25,新潟,12,4,ルージュダリア,5,5.0,COMPLETED,3.0,https://www.jra.go.jp/JRADB/accessS.html?CNAME=pw01sde1004202602011220260725%2FAC,outputs/longshot_placer_index_expanded_20260811/jra_result_html/20260725_新潟_12.html,dbf208f6dae18593c29254530a3d2bdaf0702ed39dda2f611f8f4d2e8c757657
2026-07-25,新潟,12,5,リアライズリバティ,6,6.0,COMPLETED,6.0,https://www.jra.go.jp/JRADB/accessS.html?CNAME=pw01sde1004202602011220260725%2FAC,outputs/longshot_placer_index_expanded_20260811/jra_result_html/20260725_新潟_12.html,dbf208f6dae18593c29254530a3d2bdaf0702ed39dda2f611f8f4d2e8c757657
2026-07-25,新潟,12,6,ショウナンマリーナ,12,12.0,COMPLETED,16.0,https://www.jra.go.jp/JRADB/accessS.html?CNAME=pw01sde1004202602011220260725%2FAC,outputs/longshot_placer_index_expanded_20260811/jra_result_html/20260725_新潟_12.html,dbf208f6dae18593c29254530a3d2bdaf0702ed39dda2f611f8f4d2e8c757657
2026-07-25,新潟,12,7,ロジャリーマイン,1,1.0,COMPLETED,10.0,https://www.jra.go.jp/JRADB/accessS.html?CNAME=pw01sde1004202602011220260725%2FAC,outputs/longshot_placer_index_expanded_20260811/jra_result_html/20260725_新潟_12.html,dbf208f6dae18593c29254530a3d2bdaf0702ed39dda2f611f8f4d2e8c757657
2026-07-25,新潟,12,8,ウインロゼライト,10,10.0,COMPLETED,15.0,https://www.jra.go.jp/JRADB/accessS.html?CNAME=pw01sde1004202602011220260725%2FAC,outputs/longshot_placer_index_expanded_20260811/jra_result_html/20260725_新潟_12.html,dbf208f6dae18593c29254530a3d2bdaf0702ed39dda2f611f8f4d2e8c757657
2026-07-25,新潟,12,9,カフェラバー,4,4.0,COMPLETED,7.0,https://www.jra.go.jp/JRADB/accessS.html?CNAME=pw01sde1004202602011220260725%2FAC,outputs/longshot_placer_index_expanded_20260811/jra_result_html/20260725_新潟_12.html,dbf208f6dae18593c29254530a3d2bdaf0702ed39dda2f611f8f4d2e8c757657
2026-07-25,新潟,12,10,リラベガ,8,8.0,COMPLETED,12.0,https://www.jra.go.jp/JRADB/accessS.html?CNAME=pw01sde1004202602011220260725%2FAC,outputs/longshot_placer_index_expanded_20260811/jra_result_html/20260725_新潟_12.html,dbf208f6dae18593c29254530a3d2bdaf0702ed39dda2f611f8f4d2e8c757657
2026-07-25,新潟,12,11,ガラク,15,15.0,COMPLETED,5.0,https://www.jra.go.jp/JRADB/accessS.html?CNAME=pw01sde1004202602011220260725%2FAC,outputs/longshot_placer_index_expanded_20260811/jra_result_html/20260725_新潟_12.html,dbf208f6dae18593c29254530a3d2bdaf0702ed39dda2f611f8f4d2e8c757657
2026-07-25,新潟,12,12,ワディアルリヤハ,3,3.0,COMPLETED,4.0,https://www.jra.go.jp/JRADB/accessS.html?CNAME=pw01sde1004202602011220260725%2FAC,outputs/longshot_placer_index_expanded_20260811/jra_result_html/20260725_新潟_12.html,dbf208f6dae18593c29254530a3d2bdaf0702ed39dda2f611f8f4d2e8c757657
2026-07-25,新潟,12,13,ジョワイユノエル,2,2.0,COMPLETED,11.0,https://www.jra.go.jp/JRADB/accessS.html?CNAME=pw01sde1004202602011220260725%2FAC,outputs/longshot_placer_index_expanded_20260811/jra_result_html/20260725_新潟_12.html,dbf208f6dae18593c29254530a3d2bdaf0702ed39dda2f611f8f4d2e8c757657
2026-07-25,新潟,12,14,テンハートビート,13,13.0,COMPLETED,14.0,https://www.jra.go.jp/JRADB/accessS.html?CNAME=pw01sde1004202602011220260725%2FAC,outputs/longshot_placer_index_expanded_20260811/jra_result_html/20260725_新潟_12.html,dbf208f6dae18593c29254530a3d2bdaf0702ed39dda2f611f8f4d2e8c757657
2026-07-25,新潟,12,15,タイセイフレッサ,11,11.0,COMPLETED,2.0,https://www.jra.go.jp/JRADB/accessS.html?CNAME=pw01sde1004202602011220260725%2FAC,outputs/longshot_placer_index_expanded_20260811/jra_result_html/20260725_新潟_12.html,dbf208f6dae18593c29254530a3d2bdaf0702ed39dda2f611f8f4d2e8c757657
2026-07-25,新潟,12,16,ブルバンビーナ,14,14.0,COMPLETED,17.0,https://www.jra.go.jp/JRADB/accessS.html?CNAME=pw01sde1004202602011220260725%2FAC,outputs/longshot_placer_index_expanded_20260811/jra_result_html/20260725_新潟_12.html,dbf208f6dae18593c29254530a3d2bdaf0702ed39dda2f611f8f4d2e8c757657
2026-07-25,新潟,12,17,メイリー,7,7.0,COMPLETED,13.0,https://www.jra.go.jp/JRADB/accessS.html?CNAME=pw01sde1004202602011220260725%2FAC,outputs/longshot_placer_index_expanded_20260811/jra_result_html/20260725_新潟_12.html,dbf208f6dae18593c29254530a3d2bdaf0702ed39dda2f611f8f4d2e8c757657
2026-07-25,札幌,7,1,ペイシャアーサー,9,9.0,COMPLETED,15.0,https://www.jra.go.jp/JRADB/accessS.html?CNAME=pw01sde1001202601010720260725%2FD4,outputs/longshot_placer_index_expanded_20260811/jra_result_html/20260725_札幌_07.html,7fb6eac04d7e7c2d59a44483e1fc376b0e4e8af31ba811af68bb92db27c5fb41
2026-07-25,札幌,7,2,ハッピーラッキー,3,3.0,COMPLETED,5.0,https://www.jra.go.jp/JRADB/accessS.html?CNAME=pw01sde1001202601010720260725%2FD4,outputs/longshot_placer_index_expanded_20260811/jra_result_html/20260725_札幌_07.html,7fb6eac04d7e7c2d59a44483e1fc376b0e4e8af31ba811af68bb92db27c5fb41
2026-07-25,札幌,7,3,ナンナンプー,5,5.0,COMPLETED,12.0,https://www.jra.go.jp/JRADB/accessS.html?CNAME=pw01sde1001202601010720260725%2FD4,outputs/longshot_placer_index_expanded_20260811/jra_result_html/20260725_札幌_07.html,7fb6eac04d7e7c2d59a44483e1fc376b0e4e8af31ba811af68bb92db27c5fb41
2026-07-25,札幌,7,4,シュークリーム,6,6.0,COMPLETED,6.0,https://www.jra.go.jp/JRADB/accessS.html?CNAME=pw01sde1001202601010720260725%2FD4,outputs/longshot_placer_index_expanded_20260811/jra_result_html/20260725_札幌_07.html,7fb6eac04d7e7c2d59a44483e1fc376b0e4e8af31ba811af68bb92db27c5fb41
2026-07-25,札幌,7,5,ランプローグ,11,11.0,COMPLETED,10.0,https://www.jra.go.jp/JRADB/accessS.html?CNAME=pw01sde1001202601010720260725%2FD4,outputs/longshot_placer_index_expanded_20260811/jra_result_html/20260725_札幌_07.html,7fb6eac04d7e7c2d59a44483e1fc376b0e4e8af31ba811af68bb92db27c5fb41
2026-07-25,札幌,7,6,セガンティーニ,12,12.0,COMPLETED,4.0,https://www.jra.go.jp/JRADB/accessS.html?CNAME=pw01sde1001202601010720260725%2FD4,outputs/longshot_placer_index_expanded_20260811/jra_result_html/20260725_札幌_07.html,7fb6eac04d7e7c2d59a44483e1fc376b0e4e8af31ba811af68bb92db27c5fb41
2026-07-25,札幌,7,7,ニシノサリーナ,2,2.0,COMPLETED,1.0,https://www.jra.go.jp/JRADB/accessS.html?CNAME=pw01sde1001202601010720260725%2FD4,outputs/longshot_placer_index_expanded_20260811/jra_result_html/20260725_札幌_07.html,7fb6eac04d7e7c2d59a44483e1fc376b0e4e8af31ba811af68bb92db27c5fb41
2026-07-25,札幌,7,8,サトノカスターニャ,14,14.0,COMPLETED,7.0,https://www.jra.go.jp/JRADB/accessS.html?CNAME=pw01sde1001202601010720260725%2FD4,outputs/longshot_placer_index_expanded_20260811/jra_result_html/20260725_札幌_07.html,7fb6eac04d7e7c2d59a44483e1fc376b0e4e8af31ba811af68bb92db27c5fb41
2026-07-25,札幌,7,9,カイショー,7,7.0,COMPLETED,2.0,https://www.jra.go.jp/JRADB/accessS.html?CNAME=pw01sde1001202601010720260725%2FD4,outputs/longshot_placer_index_expanded_20260811/jra_result_html/20260725_札幌_07.html,7fb6eac04d7e7c2d59a44483e1fc376b0e4e8af31ba811af68bb92db27c5fb41
2026-07-25,札幌,7,10,アイアムステキ,8,8.0,COMPLETED,9.0,https://www.jra.go.jp/JRADB/accessS.html?CNAME=pw01sde1001202601010720260725%2FD4,outputs/longshot_placer_index_expanded_20260811/jra_result_html/20260725_札幌_07.html,7fb6eac04d7e7c2d59a44483e1fc376b0e4e8af31ba811af68bb92db27c5fb41
2026-07-25,札幌,7,11,ペガサスノース,15,15.0,COMPLETED,8.0,https://www.jra.go.jp/JRADB/accessS.html?CNAME=pw01sde1001202601010720260725%2FD4,outputs/longshot_placer_index_expanded_20260811/jra_result_html/20260725_札幌_07.html,7fb6eac04d7e7c2d59a44483e1fc376b0e4e8af31ba811af68bb92db27c5fb41
2026-07-25,札幌,7,12,ジーティーエスピ,4,4.0,COMPLETED,3.0,https://www.jra.go.jp/JRADB/accessS.html?CNAME=pw01sde1001202601010720260725%2FD4,outputs/longshot_placer_index_expanded_20260811/jra_result_html/20260725_札幌_07.html,7fb6eac04d7e7c2d59a44483e1fc376b0e4e8af31ba811af68bb92db27c5fb41
2026-07-25,札幌,7,13,グランテレーズ,1,1.0,COMPLETED,11.0,https://www.jra.go.jp/JRADB/accessS.html?CNAME=pw01sde1001202601010720260725%2FD4,outputs/longshot_placer_index_expanded_20260811/jra_result_html/20260725_札幌_07.html,7fb6eac04d7e7c2d59a44483e1fc376b0e4e8af31ba811af68bb92db27c5fb41
2026-07-25,札幌,7,14,イズルード,10,10.0,COMPLETED,14.0,https://www.jra.go.jp/JRADB/accessS.html?CNAME=pw01sde1001202601010720260725%2FD4,outputs/longshot_placer_index_expanded_20260811/jra_result_html/20260725_札幌_07.html,7fb6eac04d7e7c2d59a44483e1fc376b0e4e8af31ba811af68bb92db27c5fb41
2026-07-25,札幌,7,15,マティンデ,13,13.0,COMPLETED,13.0,https://www.jra.go.jp/JRADB/accessS.html?CNAME=pw01sde1001202601010720260725%2FD4,outputs/longshot_placer_index_expanded_20260811/jra_result_html/20260725_札幌_07.html,7fb6eac04d7e7c2d59a44483e1fc376b0e4e8af31ba811af68bb92db27c5fb41
2026-07-26,中京,4,1,アイランド,3,3.0,COMPLETED,1.0,https://www.jra.go.jp/JRADB/accessS.html?CNAME=pw01sde1007202602020420260726%2FD2,outputs/longshot_placer_index_expanded_20260811/jra_result_html/20260726_中京_04.html,b8300ef4fff246a97b99d9ac9ed2f04d269ad7a918c08aba96d7719f8ed41398
2026-07-26,中京,4,2,ディープシャロー,15,15.0,COMPLETED,6.0,https://www.jra.go.jp/JRADB/accessS.html?CNAME=pw01sde1007202602020420260726%2FD2,outputs/longshot_placer_index_expanded_20260811/jra_result_html/20260726_中京_04.html,b8300ef4fff246a97b99d9ac9ed2f04d269ad7a918c08aba96d7719f8ed41398
2026-07-26,中京,4,3,シギーコルエンド,10,10.0,COMPLETED,11.0,https://www.jra.go.jp/JRADB/accessS.html?CNAME=pw01sde1007202602020420260726%2FD2,outputs/longshot_placer_index_expanded_20260811/jra_result_html/20260726_中京_04.html,b8300ef4fff246a97b99d9ac9ed2f04d269ad7a918c08aba96d7719f8ed41398
2026-07-26,中京,4,4,クリコバロー,13,13.0,COMPLETED,7.0,https://www.jra.go.jp/JRADB/accessS.html?CNAME=pw01sde1007202602020420260726%2FD2,outputs/longshot_placer_index_expanded_20260811/jra_result_html/20260726_中京_04.html,b8300ef4fff246a97b99d9ac9ed2f04d269ad7a918c08aba96d7719f8ed41398
2026-07-26,中京,4,5,ラスカルキッド,12,12.0,COMPLETED,15.0,https://www.jra.go.jp/JRADB/accessS.html?CNAME=pw01sde1007202602020420260726%2FD2,outputs/longshot_placer_index_expanded_20260811/jra_result_html/20260726_中京_04.html,b8300ef4fff246a97b99d9ac9ed2f04d269ad7a918c08aba96d7719f8ed41398
2026-07-26,中京,4,6,グランシャン,9,9.0,COMPLETED,5.0,https://www.jra.go.jp/JRADB/accessS.html?CNAME=pw01sde1007202602020420260726%2FD2,outputs/longshot_placer_index_expanded_20260811/jra_result_html/20260726_中京_04.html,b8300ef4fff246a97b99d9ac9ed2f04d269ad7a918c08aba96d7719f8ed41398
2026-07-26,中京,4,7,マジックハンド,6,6.0,COMPLETED,10.0,https://www.jra.go.jp/JRADB/accessS.html?CNAME=pw01sde1007202602020420260726%2FD2,outputs/longshot_placer_index_expanded_20260811/jra_result_html/20260726_中京_04.html,b8300ef4fff246a97b99d9ac9ed2f04d269ad7a918c08aba96d7719f8ed41398
2026-07-26,中京,4,8,カツラコマチ,8,8.0,COMPLETED,14.0,https://www.jra.go.jp/JRADB/accessS.html?CNAME=pw01sde1007202602020420260726%2FD2,outputs/longshot_placer_index_expanded_20260811/jra_result_html/20260726_中京_04.html,b8300ef4fff246a97b99d9ac9ed2f04d269ad7a918c08aba96d7719f8ed41398
2026-07-26,中京,4,9,タイセイゼスティ,5,5.0,COMPLETED,8.0,https://www.jra.go.jp/JRADB/accessS.html?CNAME=pw01sde1007202602020420260726%2FD2,outputs/longshot_placer_index_expanded_20260811/jra_result_html/20260726_中京_04.html,b8300ef4fff246a97b99d9ac9ed2f04d269ad7a918c08aba96d7719f8ed41398
2026-07-26,中京,4,10,ウォーブレイク,14,14.0,COMPLETED,13.0,https://www.jra.go.jp/JRADB/accessS.html?CNAME=pw01sde1007202602020420260726%2FD2,outputs/longshot_placer_index_expanded_20260811/jra_result_html/20260726_中京_04.html,b8300ef4fff246a97b99d9ac9ed2f04d269ad7a918c08aba96d7719f8ed41398
2026-07-26,中京,4,11,エアアルチーナ,1,1.0,COMPLETED,2.0,https://www.jra.go.jp/JRADB/accessS.html?CNAME=pw01sde1007202602020420260726%2FD2,outputs/longshot_placer_index_expanded_20260811/jra_result_html/20260726_中京_04.html,b8300ef4fff246a97b99d9ac9ed2f04d269ad7a918c08aba96d7719f8ed41398
2026-07-26,中京,4,12,トラッドロア,7,7.0,COMPLETED,9.0,https://www.jra.go.jp/JRADB/accessS.html?CNAME=pw01sde1007202602020420260726%2FD2,outputs/longshot_placer_index_expanded_20260811/jra_result_html/20260726_中京_04.html,b8300ef4fff246a97b99d9ac9ed2f04d269ad7a918c08aba96d7719f8ed41398
2026-07-26,中京,4,13,マテンロウアワー,4,4.0,COMPLETED,4.0,https://www.jra.go.jp/JRADB/accessS.html?CNAME=pw01sde1007202602020420260726%2FD2,outputs/longshot_placer_index_expanded_20260811/jra_result_html/20260726_中京_04.html,b8300ef4fff246a97b99d9ac9ed2f04d269ad7a918c08aba96d7719f8ed41398
2026-07-26,中京,4,14,マーチンゲール,2,2.0,COMPLETED,3.0,https://www.jra.go.jp/JRADB/accessS.html?CNAME=pw01sde1007202602020420260726%2FD2,outputs/longshot_placer_index_expanded_20260811/jra_result_html/20260726_中京_04.html,b8300ef4fff246a97b99d9ac9ed2f04d269ad7a918c08aba96d7719f8ed41398
2026-07-26,中京,4,15,ウィスピア,11,11.0,COMPLETED,12.0,https://www.jra.go.jp/JRADB/accessS.html?CNAME=pw01sde1007202602020420260726%2FD2,outputs/longshot_placer_index_expanded_20260811/jra_result_html/20260726_中京_04.html,b8300ef4fff246a97b99d9ac9ed2f04d269ad7a918c08aba96d7719f8ed41398
2026-07-26,中京,10,1,イーサンハンター,14,14.0,COMPLETED,14.0,https://www.jra.go.jp/JRADB/accessS.html?CNAME=pw01sde1007202602021020260726%2F50,outputs/longshot_placer_index_expanded_20260811/jra_result_html/20260726_中京_10.html,1ad96ba1bdd839a021f611cb49174f23cb6c2945a3e9dfae188fe1d5ff02f733
2026-07-26,中京,10,2,ラブインアクション,3,3.0,COMPLETED,2.0,https://www.jra.go.jp/JRADB/accessS.html?CNAME=pw01sde1007202602021020260726%2F50,outputs/longshot_placer_index_expanded_20260811/jra_result_html/20260726_中京_10.html,1ad96ba1bdd839a021f611cb49174f23cb6c2945a3e9dfae188fe1d5ff02f733
2026-07-26,中京,10,3,ハードシングス,12,12.0,COMPLETED,9.0,https://www.jra.go.jp/JRADB/accessS.html?CNAME=pw01sde1007202602021020260726%2F50,outputs/longshot_placer_index_expanded_20260811/jra_result_html/20260726_中京_10.html,1ad96ba1bdd839a021f611cb49174f23cb6c2945a3e9dfae188fe1d5ff02f733
2026-07-26,中京,10,4,ワイルドブッター,10,10.0,COMPLETED,15.0,https://www.jra.go.jp/JRADB/accessS.html?CNAME=pw01sde1007202602021020260726%2F50,outputs/longshot_placer_index_expanded_20260811/jra_result_html/20260726_中京_10.html,1ad96ba1bdd839a021f611cb49174f23cb6c2945a3e9dfae188fe1d5ff02f733
2026-07-26,中京,10,5,ダディーズグーグー,11,11.0,COMPLETED,13.0,https://www.jra.go.jp/JRADB/accessS.html?CNAME=pw01sde1007202602021020260726%2F50,outputs/longshot_placer_index_expanded_20260811/jra_result_html/20260726_中京_10.html,1ad96ba1bdd839a021f611cb49174f23cb6c2945a3e9dfae188fe1d5ff02f733
2026-07-26,中京,10,6,ザングウィル,2,2.0,COMPLETED,6.0,https://www.jra.go.jp/JRADB/accessS.html?CNAME=pw01sde1007202602021020260726%2F50,outputs/longshot_placer_index_expanded_20260811/jra_result_html/20260726_中京_10.html,1ad96ba1bdd839a021f611cb49174f23cb6c2945a3e9dfae188fe1d5ff02f733
2026-07-26,中京,10,7,シャープインサイト,13,13.0,COMPLETED,12.0,https://www.jra.go.jp/JRADB/accessS.html?CNAME=pw01sde1007202602021020260726%2F50,outputs/longshot_placer_index_expanded_20260811/jra_result_html/20260726_中京_10.html,1ad96ba1bdd839a021f611cb49174f23cb6c2945a3e9dfae188fe1d5ff02f733
2026-07-26,中京,10,8,フロンティエール,8,8.0,COMPLETED,10.0,https://www.jra.go.jp/JRADB/accessS.html?CNAME=pw01sde1007202602021020260726%2F50,outputs/longshot_placer_index_expanded_20260811/jra_result_html/20260726_中京_10.html,1ad96ba1bdd839a021f611cb49174f23cb6c2945a3e9dfae188fe1d5ff02f733
2026-07-26,中京,10,9,エシェックオロワ,7,7.0,COMPLETED,16.0,https://www.jra.go.jp/JRADB/accessS.html?CNAME=pw01sde1007202602021020260726%2F50,outputs/longshot_placer_index_expanded_20260811/jra_result_html/20260726_中京_10.html,1ad96ba1bdd839a021f611cb49174f23cb6c2945a3e9dfae188fe1d5ff02f733
2026-07-26,中京,10,10,ポッドリプル,1,1.0,COMPLETED,1.0,https://www.jra.go.jp/JRADB/accessS.html?CNAME=pw01sde1007202602021020260726%2F50,outputs/longshot_placer_index_expanded_20260811/jra_result_html/20260726_中京_10.html,1ad96ba1bdd839a021f611cb49174f23cb6c2945a3e9dfae188fe1d5ff02f733
2026-07-26,中京,10,11,アーガイルショア,4,4.0,COMPLETED,5.0,https://www.jra.go.jp/JRADB/accessS.html?CNAME=pw01sde1007202602021020260726%2F50,outputs/longshot_placer_index_expanded_20260811/jra_result_html/20260726_中京_10.html,1ad96ba1bdd839a021f611cb49174f23cb6c2945a3e9dfae188fe1d5ff02f733
2026-07-26,中京,10,12,モンスエ,6,6.0,COMPLETED,7.0,https://www.jra.go.jp/JRADB/accessS.html?CNAME=pw01sde1007202602021020260726%2F50,outputs/longshot_placer_index_expanded_20260811/jra_result_html/20260726_中京_10.html,1ad96ba1bdd839a021f611cb49174f23cb6c2945a3e9dfae188fe1d5ff02f733
2026-07-26,中京,10,13,レイム,9,9.0,COMPLETED,11.0,https://www.jra.go.jp/JRADB/accessS.html?CNAME=pw01sde1007202602021020260726%2F50,outputs/longshot_placer_index_expanded_20260811/jra_result_html/20260726_中京_10.html,1ad96ba1bdd839a021f611cb49174f23cb6c2945a3e9dfae188fe1d5ff02f733
2026-07-26,中京,10,14,ラトラース,16,16.0,COMPLETED,8.0,https://www.jra.go.jp/JRADB/accessS.html?CNAME=pw01sde1007202602021020260726%2F50,outputs/longshot_placer_index_expanded_20260811/jra_result_html/20260726_中京_10.html,1ad96ba1bdd839a021f611cb49174f23cb6c2945a3e9dfae188fe1d5ff02f733
2026-07-26,中京,10,15,マイティキングダム,15,15.0,COMPLETED,4.0,https://www.jra.go.jp/JRADB/accessS.html?CNAME=pw01sde1007202602021020260726%2F50,outputs/longshot_placer_index_expanded_20260811/jra_result_html/20260726_中京_10.html,1ad96ba1bdd839a021f611cb49174f23cb6c2945a3e9dfae188fe1d5ff02f733
2026-07-26,中京,10,16,キーンセンス,5,5.0,COMPLETED,3.0,https://www.jra.go.jp/JRADB/accessS.html?CNAME=pw01sde1007202602021020260726%2F50,outputs/longshot_placer_index_expanded_20260811/jra_result_html/20260726_中京_10.html,1ad96ba1bdd839a021f611cb49174f23cb6c2945a3e9dfae188fe1d5ff02f733
2026-07-26,中京,11,1,ペイシャシス,9,9.0,COMPLETED,5.0,https://www.jra.go.jp/JRADB/accessS.html?CNAME=pw01sde1007202602021120260726%2F05,outputs/longshot_placer_index_expanded_20260811/jra_result_html/20260726_中京_11.html,15f1c8bc7656de0e1570ba8efb27df6ab22d51d3f0889e30f4b7b3066eb3682d
2026-07-26,中京,11,2,カラペルソナ,5,5.0,COMPLETED,2.0,https://www.jra.go.jp/JRADB/accessS.html?CNAME=pw01sde1007202602021120260726%2F05,outputs/longshot_placer_index_expanded_20260811/jra_result_html/20260726_中京_11.html,15f1c8bc7656de0e1570ba8efb27df6ab22d51d3f0889e30f4b7b3066eb3682d
2026-07-26,中京,11,3,エンヴェロップ,7,7.0,COMPLETED,7.0,https://www.jra.go.jp/JRADB/accessS.html?CNAME=pw01sde1007202602021120260726%2F05,outputs/longshot_placer_index_expanded_20260811/jra_result_html/20260726_中京_11.html,15f1c8bc7656de0e1570ba8efb27df6ab22d51d3f0889e30f4b7b3066eb3682d
2026-07-26,中京,11,4,ペプチドブッドレア,4,4.0,COMPLETED,6.0,https://www.jra.go.jp/JRADB/accessS.html?CNAME=pw01sde1007202602021120260726%2F05,outputs/longshot_placer_index_expanded_20260811/jra_result_html/20260726_中京_11.html,15f1c8bc7656de0e1570ba8efb27df6ab22d51d3f0889e30f4b7b3066eb3682d
2026-07-26,中京,11,5,オリーボーレン,16,16.0,COMPLETED,11.0,https://www.jra.go.jp/JRADB/accessS.html?CNAME=pw01sde1007202602021120260726%2F05,outputs/longshot_placer_index_expanded_20260811/jra_result_html/20260726_中京_11.html,15f1c8bc7656de0e1570ba8efb27df6ab22d51d3f0889e30f4b7b3066eb3682d
2026-07-26,中京,11,6,カモメガトンダ,14,14.0,COMPLETED,10.0,https://www.jra.go.jp/JRADB/accessS.html?CNAME=pw01sde1007202602021120260726%2F05,outputs/longshot_placer_index_expanded_20260811/jra_result_html/20260726_中京_11.html,15f1c8bc7656de0e1570ba8efb27df6ab22d51d3f0889e30f4b7b3066eb3682d
2026-07-26,中京,11,7,ラガークイン,15,15.0,COMPLETED,13.0,https://www.jra.go.jp/JRADB/accessS.html?CNAME=pw01sde1007202602021120260726%2F05,outputs/longshot_placer_index_expanded_20260811/jra_result_html/20260726_中京_11.html,15f1c8bc7656de0e1570ba8efb27df6ab22d51d3f0889e30f4b7b3066eb3682d
2026-07-26,中京,11,8,エイズルブルーム,10,10.0,COMPLETED,8.0,https://www.jra.go.jp/JRADB/accessS.html?CNAME=pw01sde1007202602021120260726%2F05,outputs/longshot_placer_index_expanded_20260811/jra_result_html/20260726_中京_11.html,15f1c8bc7656de0e1570ba8efb27df6ab22d51d3f0889e30f4b7b3066eb3682d
2026-07-26,中京,11,9,ロケベンドラ,1,1.0,COMPLETED,4.0,https://www.jra.go.jp/JRADB/accessS.html?CNAME=pw01sde1007202602021120260726%2F05,outputs/longshot_placer_index_expanded_20260811/jra_result_html/20260726_中京_11.html,15f1c8bc7656de0e1570ba8efb27df6ab22d51d3f0889e30f4b7b3066eb3682d
2026-07-26,中京,11,10,ウォーターエルピス,12,12.0,COMPLETED,14.0,https://www.jra.go.jp/JRADB/accessS.html?CNAME=pw01sde1007202602021120260726%2F05,outputs/longshot_placer_index_expanded_20260811/jra_result_html/20260726_中京_11.html,15f1c8bc7656de0e1570ba8efb27df6ab22d51d3f0889e30f4b7b3066eb3682d
2026-07-26,中京,11,11,バースデイフライト,3,3.0,COMPLETED,1.0,https://www.jra.go.jp/JRADB/accessS.html?CNAME=pw01sde1007202602021120260726%2F05,outputs/longshot_placer_index_expanded_20260811/jra_result_html/20260726_中京_11.html,15f1c8bc7656de0e1570ba8efb27df6ab22d51d3f0889e30f4b7b3066eb3682d
2026-07-26,中京,11,12,ポペット,6,6.0,COMPLETED,9.0,https://www.jra.go.jp/JRADB/accessS.html?CNAME=pw01sde1007202602021120260726%2F05,outputs/longshot_placer_index_expanded_20260811/jra_result_html/20260726_中京_11.html,15f1c8bc7656de0e1570ba8efb27df6ab22d51d3f0889e30f4b7b3066eb3682d
2026-07-26,中京,11,13,シャンパンライフ,2,2.0,COMPLETED,3.0,https://www.jra.go.jp/JRADB/accessS.html?CNAME=pw01sde1007202602021120260726%2F05,outputs/longshot_placer_index_expanded_20260811/jra_result_html/20260726_中京_11.html,15f1c8bc7656de0e1570ba8efb27df6ab22d51d3f0889e30f4b7b3066eb3682d
2026-07-26,中京,11,14,リトルスカーレット,13,13.0,COMPLETED,15.0,https://www.jra.go.jp/JRADB/accessS.html?CNAME=pw01sde1007202602021120260726%2F05,outputs/longshot_placer_index_expanded_20260811/jra_result_html/20260726_中京_11.html,15f1c8bc7656de0e1570ba8efb27df6ab22d51d3f0889e30f4b7b3066eb3682d
2026-07-26,中京,11,15,マルモア,8,8.0,COMPLETED,16.0,https://www.jra.go.jp/JRADB/accessS.html?CNAME=pw01sde1007202602021120260726%2F05,outputs/longshot_placer_index_expanded_20260811/jra_result_html/20260726_中京_11.html,15f1c8bc7656de0e1570ba8efb27df6ab22d51d3f0889e30f4b7b3066eb3682d
2026-07-26,中京,11,16,ウォーターエアリー,11,11.0,COMPLETED,12.0,https://www.jra.go.jp/JRADB/accessS.html?CNAME=pw01sde1007202602021120260726%2F05,outputs/longshot_placer_index_expanded_20260811/jra_result_html/20260726_中京_11.html,15f1c8bc7656de0e1570ba8efb27df6ab22d51d3f0889e30f4b7b3066eb3682d
2026-07-26,新潟,7,1,ファーヴェント,3,3.0,COMPLETED,6.0,https://www.jra.go.jp/JRADB/accessS.html?CNAME=pw01sde1004202602020720260726%2F13,outputs/longshot_placer_index_expanded_20260811/jra_result_html/20260726_新潟_07.html,2eecd947f7cf063fe40509a676e6dbc05cad01bd3d26ba615f6d0ee267efd72e
2026-07-26,新潟,7,2,ジュタ,7,7.0,COMPLETED,13.0,https://www.jra.go.jp/JRADB/accessS.html?CNAME=pw01sde1004202602020720260726%2F13,outputs/longshot_placer_index_expanded_20260811/jra_result_html/20260726_新潟_07.html,2eecd947f7cf063fe40509a676e6dbc05cad01bd3d26ba615f6d0ee267efd72e
2026-07-26,新潟,7,3,アンパドゥ,1,1.0,COMPLETED,1.0,https://www.jra.go.jp/JRADB/accessS.html?CNAME=pw01sde1004202602020720260726%2F13,outputs/longshot_placer_index_expanded_20260811/jra_result_html/20260726_新潟_07.html,2eecd947f7cf063fe40509a676e6dbc05cad01bd3d26ba615f6d0ee267efd72e
2026-07-26,新潟,7,4,マテンロウスカイ,6,6.0,COMPLETED,12.0,https://www.jra.go.jp/JRADB/accessS.html?CNAME=pw01sde1004202602020720260726%2F13,outputs/longshot_placer_index_expanded_20260811/jra_result_html/20260726_新潟_07.html,2eecd947f7cf063fe40509a676e6dbc05cad01bd3d26ba615f6d0ee267efd72e
2026-07-26,新潟,7,5,レディマリオン,8,8.0,COMPLETED,11.0,https://www.jra.go.jp/JRADB/accessS.html?CNAME=pw01sde1004202602020720260726%2F13,outputs/longshot_placer_index_expanded_20260811/jra_result_html/20260726_新潟_07.html,2eecd947f7cf063fe40509a676e6dbc05cad01bd3d26ba615f6d0ee267efd72e
2026-07-26,新潟,7,6,シリウスコルト,10,10.0,COMPLETED,4.0,https://www.jra.go.jp/JRADB/accessS.html?CNAME=pw01sde1004202602020720260726%2F13,outputs/longshot_placer_index_expanded_20260811/jra_result_html/20260726_新潟_07.html,2eecd947f7cf063fe40509a676e6dbc05cad01bd3d26ba615f6d0ee267efd72e
2026-07-26,新潟,7,7,エルトンバローズ,5,5.0,COMPLETED,3.0,https://www.jra.go.jp/JRADB/accessS.html?CNAME=pw01sde1004202602020720260726%2F13,outputs/longshot_placer_index_expanded_20260811/jra_result_html/20260726_新潟_07.html,2eecd947f7cf063fe40509a676e6dbc05cad01bd3d26ba615f6d0ee267efd72e
2026-07-26,新潟,7,8,ダノンセンチュリー,11,11.0,COMPLETED,2.0,https://www.jra.go.jp/JRADB/accessS.html?CNAME=pw01sde1004202602020720260726%2F13,outputs/longshot_placer_index_expanded_20260811/jra_result_html/20260726_新潟_07.html,2eecd947f7cf063fe40509a676e6dbc05cad01bd3d26ba615f6d0ee267efd72e
2026-07-26,新潟,7,9,サンダーストラック,9,9.0,COMPLETED,9.0,https://www.jra.go.jp/JRADB/accessS.html?CNAME=pw01sde1004202602020720260726%2F13,outputs/longshot_placer_index_expanded_20260811/jra_result_html/20260726_新潟_07.html,2eecd947f7cf063fe40509a676e6dbc05cad01bd3d26ba615f6d0ee267efd72e
2026-07-26,新潟,7,10,クランフォード,2,2.0,COMPLETED,8.0,https://www.jra.go.jp/JRADB/accessS.html?CNAME=pw01sde1004202602020720260726%2F13,outputs/longshot_placer_index_expanded_20260811/jra_result_html/20260726_新潟_07.html,2eecd947f7cf063fe40509a676e6dbc05cad01bd3d26ba615f6d0ee267efd72e
2026-07-26,新潟,7,11,ドロップオブライト,12,12.0,COMPLETED,10.0,https://www.jra.go.jp/JRADB/accessS.html?CNAME=pw01sde1004202602020720260726%2F13,outputs/longshot_placer_index_expanded_20260811/jra_result_html/20260726_新潟_07.html,2eecd947f7cf063fe40509a676e6dbc05cad01bd3d26ba615f6d0ee267efd72e
2026-07-26,新潟,7,12,ランスオブカオス,13,13.0,COMPLETED,5.0,https://www.jra.go.jp/JRADB/accessS.html?CNAME=pw01sde1004202602020720260726%2F13,outputs/longshot_placer_index_expanded_20260811/jra_result_html/20260726_新潟_07.html,2eecd947f7cf063fe40509a676e6dbc05cad01bd3d26ba615f6d0ee267efd72e
2026-07-26,新潟,7,13,ブエナオンダ,4,4.0,COMPLETED,14.0,https://www.jra.go.jp/JRADB/accessS.html?CNAME=pw01sde1004202602020720260726%2F13,outputs/longshot_placer_index_expanded_20260811/jra_result_html/20260726_新潟_07.html,2eecd947f7cf063fe40509a676e6dbc05cad01bd3d26ba615f6d0ee267efd72e
2026-07-26,新潟,7,14,メタルスピード,14,14.0,COMPLETED,7.0,https://www.jra.go.jp/JRADB/accessS.html?CNAME=pw01sde1004202602020720260726%2F13,outputs/longshot_placer_index_expanded_20260811/jra_result_html/20260726_新潟_07.html,2eecd947f7cf063fe40509a676e6dbc05cad01bd3d26ba615f6d0ee267efd72e
2026-07-26,新潟,8,1,コンアフェット,10,10.0,COMPLETED,4.0,https://www.jra.go.jp/JRADB/accessS.html?CNAME=pw01sde1004202602020820260726%2FC8,outputs/longshot_placer_index_expanded_20260811/jra_result_html/20260726_新潟_08.html,a54fb374e527683be6c8b1ac09d7fcf232905e460a225cd6a95f3f4587f3a877
2026-07-26,新潟,8,2,ステアハート,15,15.0,COMPLETED,1.0,https://www.jra.go.jp/JRADB/accessS.html?CNAME=pw01sde1004202602020820260726%2FC8,outputs/longshot_placer_index_expanded_20260811/jra_result_html/20260726_新潟_08.html,a54fb374e527683be6c8b1ac09d7fcf232905e460a225cd6a95f3f4587f3a877
2026-07-26,新潟,8,3,ヴァンアグレアブル,8,8.0,COMPLETED,8.0,https://www.jra.go.jp/JRADB/accessS.html?CNAME=pw01sde1004202602020820260726%2FC8,outputs/longshot_placer_index_expanded_20260811/jra_result_html/20260726_新潟_08.html,a54fb374e527683be6c8b1ac09d7fcf232905e460a225cd6a95f3f4587f3a877
2026-07-26,新潟,8,4,ベルイストワール,4,4.0,COMPLETED,13.0,https://www.jra.go.jp/JRADB/accessS.html?CNAME=pw01sde1004202602020820260726%2FC8,outputs/longshot_placer_index_expanded_20260811/jra_result_html/20260726_新潟_08.html,a54fb374e527683be6c8b1ac09d7fcf232905e460a225cd6a95f3f4587f3a877
2026-07-26,新潟,8,5,カーラデマドレ,6,6.0,COMPLETED,5.0,https://www.jra.go.jp/JRADB/accessS.html?CNAME=pw01sde1004202602020820260726%2FC8,outputs/longshot_placer_index_expanded_20260811/jra_result_html/20260726_新潟_08.html,a54fb374e527683be6c8b1ac09d7fcf232905e460a225cd6a95f3f4587f3a877
2026-07-26,新潟,8,6,パースウェイド,2,2.0,COMPLETED,6.0,https://www.jra.go.jp/JRADB/accessS.html?CNAME=pw01sde1004202602020820260726%2FC8,outputs/longshot_placer_index_expanded_20260811/jra_result_html/20260726_新潟_08.html,a54fb374e527683be6c8b1ac09d7fcf232905e460a225cd6a95f3f4587f3a877
2026-07-26,新潟,8,7,ケイツーリーブル,9,9.0,COMPLETED,3.0,https://www.jra.go.jp/JRADB/accessS.html?CNAME=pw01sde1004202602020820260726%2FC8,outputs/longshot_placer_index_expanded_20260811/jra_result_html/20260726_新潟_08.html,a54fb374e527683be6c8b1ac09d7fcf232905e460a225cd6a95f3f4587f3a877
2026-07-26,新潟,8,8,アンドリーナ,5,5.0,COMPLETED,12.0,https://www.jra.go.jp/JRADB/accessS.html?CNAME=pw01sde1004202602020820260726%2FC8,outputs/longshot_placer_index_expanded_20260811/jra_result_html/20260726_新潟_08.html,a54fb374e527683be6c8b1ac09d7fcf232905e460a225cd6a95f3f4587f3a877
2026-07-26,新潟,8,9,レーヴドレフォン,11,11.0,COMPLETED,15.0,https://www.jra.go.jp/JRADB/accessS.html?CNAME=pw01sde1004202602020820260726%2FC8,outputs/longshot_placer_index_expanded_20260811/jra_result_html/20260726_新潟_08.html,a54fb374e527683be6c8b1ac09d7fcf232905e460a225cd6a95f3f4587f3a877
2026-07-26,新潟,8,10,ヴァズレーヌ,3,3.0,COMPLETED,9.0,https://www.jra.go.jp/JRADB/accessS.html?CNAME=pw01sde1004202602020820260726%2FC8,outputs/longshot_placer_index_expanded_20260811/jra_result_html/20260726_新潟_08.html,a54fb374e527683be6c8b1ac09d7fcf232905e460a225cd6a95f3f4587f3a877
2026-07-26,新潟,8,11,パイシャオピン,13,13.0,COMPLETED,2.0,https://www.jra.go.jp/JRADB/accessS.html?CNAME=pw01sde1004202602020820260726%2FC8,outputs/longshot_placer_index_expanded_20260811/jra_result_html/20260726_新潟_08.html,a54fb374e527683be6c8b1ac09d7fcf232905e460a225cd6a95f3f4587f3a877
2026-07-26,新潟,8,12,ルトゥール,12,12.0,COMPLETED,14.0,https://www.jra.go.jp/JRADB/accessS.html?CNAME=pw01sde1004202602020820260726%2FC8,outputs/longshot_placer_index_expanded_20260811/jra_result_html/20260726_新潟_08.html,a54fb374e527683be6c8b1ac09d7fcf232905e460a225cd6a95f3f4587f3a877
2026-07-26,新潟,8,13,スルーザナイト,14,14.0,COMPLETED,10.0,https://www.jra.go.jp/JRADB/accessS.html?CNAME=pw01sde1004202602020820260726%2FC8,outputs/longshot_placer_index_expanded_20260811/jra_result_html/20260726_新潟_08.html,a54fb374e527683be6c8b1ac09d7fcf232905e460a225cd6a95f3f4587f3a877
2026-07-26,新潟,8,14,エターナルプロミス,7,7.0,COMPLETED,11.0,https://www.jra.go.jp/JRADB/accessS.html?CNAME=pw01sde1004202602020820260726%2FC8,outputs/longshot_placer_index_expanded_20260811/jra_result_html/20260726_新潟_08.html,a54fb374e527683be6c8b1ac09d7fcf232905e460a225cd6a95f3f4587f3a877
2026-07-26,新潟,8,15,モモンウールー,1,1.0,COMPLETED,7.0,https://www.jra.go.jp/JRADB/accessS.html?CNAME=pw01sde1004202602020820260726%2FC8,outputs/longshot_placer_index_expanded_20260811/jra_result_html/20260726_新潟_08.html,a54fb374e527683be6c8b1ac09d7fcf232905e460a225cd6a95f3f4587f3a877
2026-07-26,新潟,10,1,ショービット,9,9.0,COMPLETED,13.0,https://www.jra.go.jp/JRADB/accessS.html?CNAME=pw01sde1004202602021020260726%2F72,outputs/longshot_placer_index_expanded_20260811/jra_result_html/20260726_新潟_10.html,bad3391dc93f90110586087fdac06d22fc419e1bbc5afceb822cc8ed9249eea5
2026-07-26,新潟,10,2,ネクストドア,10,10.0,COMPLETED,8.0,https://www.jra.go.jp/JRADB/accessS.html?CNAME=pw01sde1004202602021020260726%2F72,outputs/longshot_placer_index_expanded_20260811/jra_result_html/20260726_新潟_10.html,bad3391dc93f90110586087fdac06d22fc419e1bbc5afceb822cc8ed9249eea5
2026-07-26,新潟,10,3,ブルーリファール,5,5.0,COMPLETED,7.0,https://www.jra.go.jp/JRADB/accessS.html?CNAME=pw01sde1004202602021020260726%2F72,outputs/longshot_placer_index_expanded_20260811/jra_result_html/20260726_新潟_10.html,bad3391dc93f90110586087fdac06d22fc419e1bbc5afceb822cc8ed9249eea5
2026-07-26,新潟,10,4,パーシヴァル,11,11.0,COMPLETED,3.0,https://www.jra.go.jp/JRADB/accessS.html?CNAME=pw01sde1004202602021020260726%2F72,outputs/longshot_placer_index_expanded_20260811/jra_result_html/20260726_新潟_10.html,bad3391dc93f90110586087fdac06d22fc419e1bbc5afceb822cc8ed9249eea5
2026-07-26,新潟,10,5,ゴットタレント,8,8.0,COMPLETED,2.0,https://www.jra.go.jp/JRADB/accessS.html?CNAME=pw01sde1004202602021020260726%2F72,outputs/longshot_placer_index_expanded_20260811/jra_result_html/20260726_新潟_10.html,bad3391dc93f90110586087fdac06d22fc419e1bbc5afceb822cc8ed9249eea5
2026-07-26,新潟,10,6,マーゴットライズ,3,3.0,COMPLETED,9.0,https://www.jra.go.jp/JRADB/accessS.html?CNAME=pw01sde1004202602021020260726%2F72,outputs/longshot_placer_index_expanded_20260811/jra_result_html/20260726_新潟_10.html,bad3391dc93f90110586087fdac06d22fc419e1bbc5afceb822cc8ed9249eea5
2026-07-26,新潟,10,7,ロジキセキ,2,2.0,COMPLETED,4.0,https://www.jra.go.jp/JRADB/accessS.html?CNAME=pw01sde1004202602021020260726%2F72,outputs/longshot_placer_index_expanded_20260811/jra_result_html/20260726_新潟_10.html,bad3391dc93f90110586087fdac06d22fc419e1bbc5afceb822cc8ed9249eea5
2026-07-26,新潟,10,8,エーデルクラフト,13,13.0,COMPLETED,5.0,https://www.jra.go.jp/JRADB/accessS.html?CNAME=pw01sde1004202602021020260726%2F72,outputs/longshot_placer_index_expanded_20260811/jra_result_html/20260726_新潟_10.html,bad3391dc93f90110586087fdac06d22fc419e1bbc5afceb822cc8ed9249eea5
2026-07-26,新潟,10,9,トップデュオ,1,1.0,COMPLETED,1.0,https://www.jra.go.jp/JRADB/accessS.html?CNAME=pw01sde1004202602021020260726%2F72,outputs/longshot_placer_index_expanded_20260811/jra_result_html/20260726_新潟_10.html,bad3391dc93f90110586087fdac06d22fc419e1bbc5afceb822cc8ed9249eea5
2026-07-26,新潟,10,10,カンフーヒーロー,14,14.0,COMPLETED,14.0,https://www.jra.go.jp/JRADB/accessS.html?CNAME=pw01sde1004202602021020260726%2F72,outputs/longshot_placer_index_expanded_20260811/jra_result_html/20260726_新潟_10.html,bad3391dc93f90110586087fdac06d22fc419e1bbc5afceb822cc8ed9249eea5
2026-07-26,新潟,10,11,エルアン,7,7.0,COMPLETED,6.0,https://www.jra.go.jp/JRADB/accessS.html?CNAME=pw01sde1004202602021020260726%2F72,outputs/longshot_placer_index_expanded_20260811/jra_result_html/20260726_新潟_10.html,bad3391dc93f90110586087fdac06d22fc419e1bbc5afceb822cc8ed9249eea5
2026-07-26,新潟,10,12,トウシンライオット,6,6.0,COMPLETED,10.0,https://www.jra.go.jp/JRADB/accessS.html?CNAME=pw01sde1004202602021020260726%2F72,outputs/longshot_placer_index_expanded_20260811/jra_result_html/20260726_新潟_10.html,bad3391dc93f90110586087fdac06d22fc419e1bbc5afceb822cc8ed9249eea5
2026-07-26,新潟,10,13,パワポケウォーズ,4,4.0,COMPLETED,12.0,https://www.jra.go.jp/JRADB/accessS.html?CNAME=pw01sde1004202602021020260726%2F72,outputs/longshot_placer_index_expanded_20260811/jra_result_html/20260726_新潟_10.html,bad3391dc93f90110586087fdac06d22fc419e1bbc5afceb822cc8ed9249eea5
2026-07-26,新潟,10,14,コスモメイウェザー,12,12.0,COMPLETED,11.0,https://www.jra.go.jp/JRADB/accessS.html?CNAME=pw01sde1004202602021020260726%2F72,outputs/longshot_placer_index_expanded_20260811/jra_result_html/20260726_新潟_10.html,bad3391dc93f90110586087fdac06d22fc419e1bbc5afceb822cc8ed9249eea5
2026-07-26,札幌,4,1,タイセイルビー,1,1.0,COMPLETED,5.0,https://www.jra.go.jp/JRADB/accessS.html?CNAME=pw01sde1001202601020420260726%2FE5,outputs/longshot_placer_index_expanded_20260811/jra_result_html/20260726_札幌_04.html,eba84e4ed31650f7abfefd7d0d532f198f7644f393e994e5f8a76b25ad2bf329
2026-07-26,札幌,4,2,ケンブリッジ,11,11.0,COMPLETED,10.0,https://www.jra.go.jp/JRADB/accessS.html?CNAME=pw01sde1001202601020420260726%2FE5,outputs/longshot_placer_index_expanded_20260811/jra_result_html/20260726_札幌_04.html,eba84e4ed31650f7abfefd7d0d532f198f7644f393e994e5f8a76b25ad2bf329
2026-07-26,札幌,4,3,タイガーゲイト,8,8.0,COMPLETED,11.0,https://www.jra.go.jp/JRADB/accessS.html?CNAME=pw01sde1001202601020420260726%2FE5,outputs/longshot_placer_index_expanded_20260811/jra_result_html/20260726_札幌_04.html,eba84e4ed31650f7abfefd7d0d532f198f7644f393e994e5f8a76b25ad2bf329
2026-07-26,札幌,4,4,アンミックス,10,10.0,COMPLETED,3.0,https://www.jra.go.jp/JRADB/accessS.html?CNAME=pw01sde1001202601020420260726%2FE5,outputs/longshot_placer_index_expanded_20260811/jra_result_html/20260726_札幌_04.html,eba84e4ed31650f7abfefd7d0d532f198f7644f393e994e5f8a76b25ad2bf329
2026-07-26,札幌,4,5,メイショウタイザン,6,6.0,COMPLETED,4.0,https://www.jra.go.jp/JRADB/accessS.html?CNAME=pw01sde1001202601020420260726%2FE5,outputs/longshot_placer_index_expanded_20260811/jra_result_html/20260726_札幌_04.html,eba84e4ed31650f7abfefd7d0d532f198f7644f393e994e5f8a76b25ad2bf329
2026-07-26,札幌,4,6,ショウナンタヅナ,5,5.0,COMPLETED,6.0,https://www.jra.go.jp/JRADB/accessS.html?CNAME=pw01sde1001202601020420260726%2FE5,outputs/longshot_placer_index_expanded_20260811/jra_result_html/20260726_札幌_04.html,eba84e4ed31650f7abfefd7d0d532f198f7644f393e994e5f8a76b25ad2bf329
2026-07-26,札幌,4,7,ロスニーニョス,7,7.0,COMPLETED,9.0,https://www.jra.go.jp/JRADB/accessS.html?CNAME=pw01sde1001202601020420260726%2FE5,outputs/longshot_placer_index_expanded_20260811/jra_result_html/20260726_札幌_04.html,eba84e4ed31650f7abfefd7d0d532f198f7644f393e994e5f8a76b25ad2bf329
2026-07-26,札幌,4,8,クルビデンス,2,2.0,COMPLETED,8.0,https://www.jra.go.jp/JRADB/accessS.html?CNAME=pw01sde1001202601020420260726%2FE5,outputs/longshot_placer_index_expanded_20260811/jra_result_html/20260726_札幌_04.html,eba84e4ed31650f7abfefd7d0d532f198f7644f393e994e5f8a76b25ad2bf329
2026-07-26,札幌,4,9,シンエンドーツダ,3,3.0,COMPLETED,1.0,https://www.jra.go.jp/JRADB/accessS.html?CNAME=pw01sde1001202601020420260726%2FE5,outputs/longshot_placer_index_expanded_20260811/jra_result_html/20260726_札幌_04.html,eba84e4ed31650f7abfefd7d0d532f198f7644f393e994e5f8a76b25ad2bf329
2026-07-26,札幌,4,10,セラサイト,4,4.0,COMPLETED,2.0,https://www.jra.go.jp/JRADB/accessS.html?CNAME=pw01sde1001202601020420260726%2FE5,outputs/longshot_placer_index_expanded_20260811/jra_result_html/20260726_札幌_04.html,eba84e4ed31650f7abfefd7d0d532f198f7644f393e994e5f8a76b25ad2bf329
2026-07-26,札幌,4,11,ホウオウショパン,9,9.0,COMPLETED,7.0,https://www.jra.go.jp/JRADB/accessS.html?CNAME=pw01sde1001202601020420260726%2FE5,outputs/longshot_placer_index_expanded_20260811/jra_result_html/20260726_札幌_04.html,eba84e4ed31650f7abfefd7d0d532f198f7644f393e994e5f8a76b25ad2bf329
2026-08-01,中京,7,1,ケーブパール,3,3.0,COMPLETED,3.0,https://www.jra.go.jp/JRADB/accessS.html?CNAME=pw01sde1007202602030720260801%2F7A,outputs/longshot_placer_index_expanded_20260811/jra_result_html/20260801_中京_07.html,c80b6a9d7084ae149f24071247cb0dd25bca3411ad00170006afb59d5ae6b55c
2026-08-01,中京,7,2,アンドゥーリル,6,6.0,COMPLETED,1.0,https://www.jra.go.jp/JRADB/accessS.html?CNAME=pw01sde1007202602030720260801%2F7A,outputs/longshot_placer_index_expanded_20260811/jra_result_html/20260801_中京_07.html,c80b6a9d7084ae149f24071247cb0dd25bca3411ad00170006afb59d5ae6b55c
2026-08-01,中京,7,3,オールセインツ,8,8.0,COMPLETED,9.0,https://www.jra.go.jp/JRADB/accessS.html?CNAME=pw01sde1007202602030720260801%2F7A,outputs/longshot_placer_index_expanded_20260811/jra_result_html/20260801_中京_07.html,c80b6a9d7084ae149f24071247cb0dd25bca3411ad00170006afb59d5ae6b55c
2026-08-01,中京,7,4,ミエスペランサ,5,5.0,COMPLETED,8.0,https://www.jra.go.jp/JRADB/accessS.html?CNAME=pw01sde1007202602030720260801%2F7A,outputs/longshot_placer_index_expanded_20260811/jra_result_html/20260801_中京_07.html,c80b6a9d7084ae149f24071247cb0dd25bca3411ad00170006afb59d5ae6b55c
2026-08-01,中京,7,5,キングメーカー,11,11.0,COMPLETED,5.0,https://www.jra.go.jp/JRADB/accessS.html?CNAME=pw01sde1007202602030720260801%2F7A,outputs/longshot_placer_index_expanded_20260811/jra_result_html/20260801_中京_07.html,c80b6a9d7084ae149f24071247cb0dd25bca3411ad00170006afb59d5ae6b55c
2026-08-01,中京,7,6,ハワイアンティアレ,1,1.0,COMPLETED,7.0,https://www.jra.go.jp/JRADB/accessS.html?CNAME=pw01sde1007202602030720260801%2F7A,outputs/longshot_placer_index_expanded_20260811/jra_result_html/20260801_中京_07.html,c80b6a9d7084ae149f24071247cb0dd25bca3411ad00170006afb59d5ae6b55c
2026-08-01,中京,7,7,ミストレス,10,10.0,COMPLETED,11.0,https://www.jra.go.jp/JRADB/accessS.html?CNAME=pw01sde1007202602030720260801%2F7A,outputs/longshot_placer_index_expanded_20260811/jra_result_html/20260801_中京_07.html,c80b6a9d7084ae149f24071247cb0dd25bca3411ad00170006afb59d5ae6b55c
2026-08-01,中京,7,8,テラメリタ,2,2.0,COMPLETED,4.0,https://www.jra.go.jp/JRADB/accessS.html?CNAME=pw01sde1007202602030720260801%2F7A,outputs/longshot_placer_index_expanded_20260811/jra_result_html/20260801_中京_07.html,c80b6a9d7084ae149f24071247cb0dd25bca3411ad00170006afb59d5ae6b55c
2026-08-01,中京,7,9,ノクナレア,4,4.0,COMPLETED,2.0,https://www.jra.go.jp/JRADB/accessS.html?CNAME=pw01sde1007202602030720260801%2F7A,outputs/longshot_placer_index_expanded_20260811/jra_result_html/20260801_中京_07.html,c80b6a9d7084ae149f24071247cb0dd25bca3411ad00170006afb59d5ae6b55c
2026-08-01,中京,7,10,エポックヴィーナス,7,7.0,COMPLETED,6.0,https://www.jra.go.jp/JRADB/accessS.html?CNAME=pw01sde1007202602030720260801%2F7A,outputs/longshot_placer_index_expanded_20260811/jra_result_html/20260801_中京_07.html,c80b6a9d7084ae149f24071247cb0dd25bca3411ad00170006afb59d5ae6b55c
2026-08-01,中京,7,11,アイルシャイン,9,9.0,COMPLETED,10.0,https://www.jra.go.jp/JRADB/accessS.html?CNAME=pw01sde1007202602030720260801%2F7A,outputs/longshot_placer_index_expanded_20260811/jra_result_html/20260801_中京_07.html,c80b6a9d7084ae149f24071247cb0dd25bca3411ad00170006afb59d5ae6b55c
2026-08-01,中京,10,1,リードプリンシパル,12,12.0,COMPLETED,14.0,https://www.jra.go.jp/JRADB/accessS.html?CNAME=pw01sde1007202602031020260801%2FD9,outputs/longshot_placer_index_expanded_20260811/jra_result_html/20260801_中京_10.html,a36b45e4fb499f6fcc4f37752cb3d0caebf8e8651ccbbf880c3e1dfb5b63c0c6
2026-08-01,中京,10,2,ハウリングウィンド,10,10.0,COMPLETED,3.0,https://www.jra.go.jp/JRADB/accessS.html?CNAME=pw01sde1007202602031020260801%2FD9,outputs/longshot_placer_index_expanded_20260811/jra_result_html/20260801_中京_10.html,a36b45e4fb499f6fcc4f37752cb3d0caebf8e8651ccbbf880c3e1dfb5b63c0c6
2026-08-01,中京,10,3,ヴィヴァシャス,13,13.0,COMPLETED,12.0,https://www.jra.go.jp/JRADB/accessS.html?CNAME=pw01sde1007202602031020260801%2FD9,outputs/longshot_placer_index_expanded_20260811/jra_result_html/20260801_中京_10.html,a36b45e4fb499f6fcc4f37752cb3d0caebf8e8651ccbbf880c3e1dfb5b63c0c6
2026-08-01,中京,10,4,ケイアイマウンガ,4,4.0,COMPLETED,6.0,https://www.jra.go.jp/JRADB/accessS.html?CNAME=pw01sde1007202602031020260801%2FD9,outputs/longshot_placer_index_expanded_20260811/jra_result_html/20260801_中京_10.html,a36b45e4fb499f6fcc4f37752cb3d0caebf8e8651ccbbf880c3e1dfb5b63c0c6
2026-08-01,中京,10,5,メイショウアボット,7,7.0,COMPLETED,11.0,https://www.jra.go.jp/JRADB/accessS.html?CNAME=pw01sde1007202602031020260801%2FD9,outputs/longshot_placer_index_expanded_20260811/jra_result_html/20260801_中京_10.html,a36b45e4fb499f6fcc4f37752cb3d0caebf8e8651ccbbf880c3e1dfb5b63c0c6
2026-08-01,中京,10,6,ルージュミステリオ,15,15.0,COMPLETED,15.0,https://www.jra.go.jp/JRADB/accessS.html?CNAME=pw01sde1007202602031020260801%2FD9,outputs/longshot_placer_index_expanded_20260811/jra_result_html/20260801_中京_10.html,a36b45e4fb499f6fcc4f37752cb3d0caebf8e8651ccbbf880c3e1dfb5b63c0c6
2026-08-01,中京,10,7,ヴェルジーネ,2,2.0,COMPLETED,5.0,https://www.jra.go.jp/JRADB/accessS.html?CNAME=pw01sde1007202602031020260801%2FD9,outputs/longshot_placer_index_expanded_20260811/jra_result_html/20260801_中京_10.html,a36b45e4fb499f6fcc4f37752cb3d0caebf8e8651ccbbf880c3e1dfb5b63c0c6
2026-08-01,中京,10,8,タイセイブロウ,9,9.0,COMPLETED,10.0,https://www.jra.go.jp/JRADB/accessS.html?CNAME=pw01sde1007202602031020260801%2FD9,outputs/longshot_placer_index_expanded_20260811/jra_result_html/20260801_中京_10.html,a36b45e4fb499f6fcc4f37752cb3d0caebf8e8651ccbbf880c3e1dfb5b63c0c6
2026-08-01,中京,10,9,キンダープンシュ,6,6.0,COMPLETED,7.0,https://www.jra.go.jp/JRADB/accessS.html?CNAME=pw01sde1007202602031020260801%2FD9,outputs/longshot_placer_index_expanded_20260811/jra_result_html/20260801_中京_10.html,a36b45e4fb499f6fcc4f37752cb3d0caebf8e8651ccbbf880c3e1dfb5b63c0c6
2026-08-01,中京,10,10,カフェノワール,3,3.0,COMPLETED,2.0,https://www.jra.go.jp/JRADB/accessS.html?CNAME=pw01sde1007202602031020260801%2FD9,outputs/longshot_placer_index_expanded_20260811/jra_result_html/20260801_中京_10.html,a36b45e4fb499f6fcc4f37752cb3d0caebf8e8651ccbbf880c3e1dfb5b63c0c6
2026-08-01,中京,10,11,ウォーターデライト,8,8.0,COMPLETED,8.0,https://www.jra.go.jp/JRADB/accessS.html?CNAME=pw01sde1007202602031020260801%2FD9,outputs/longshot_placer_index_expanded_20260811/jra_result_html/20260801_中京_10.html,a36b45e4fb499f6fcc4f37752cb3d0caebf8e8651ccbbf880c3e1dfb5b63c0c6
2026-08-01,中京,10,12,エコログロウ,16,16.0,COMPLETED,9.0,https://www.jra.go.jp/JRADB/accessS.html?CNAME=pw01sde1007202602031020260801%2FD9,outputs/longshot_placer_index_expanded_20260811/jra_result_html/20260801_中京_10.html,a36b45e4fb499f6fcc4f37752cb3d0caebf8e8651ccbbf880c3e1dfb5b63c0c6
2026-08-01,中京,10,13,クインズセレネ,11,11.0,COMPLETED,13.0,https://www.jra.go.jp/JRADB/accessS.html?CNAME=pw01sde1007202602031020260801%2FD9,outputs/longshot_placer_index_expanded_20260811/jra_result_html/20260801_中京_10.html,a36b45e4fb499f6fcc4f37752cb3d0caebf8e8651ccbbf880c3e1dfb5b63c0c6
2026-08-01,中京,10,14,プルメリアリノ,1,1.0,COMPLETED,1.0,https://www.jra.go.jp/JRADB/accessS.html?CNAME=pw01sde1007202602031020260801%2FD9,outputs/longshot_placer_index_expanded_20260811/jra_result_html/20260801_中京_10.html,a36b45e4fb499f6fcc4f37752cb3d0caebf8e8651ccbbf880c3e1dfb5b63c0c6
2026-08-01,中京,10,15,アメリカンビーチ,5,5.0,COMPLETED,4.0,https://www.jra.go.jp/JRADB/accessS.html?CNAME=pw01sde1007202602031020260801%2FD9,outputs/longshot_placer_index_expanded_20260811/jra_result_html/20260801_中京_10.html,a36b45e4fb499f6fcc4f37752cb3d0caebf8e8651ccbbf880c3e1dfb5b63c0c6
2026-08-01,中京,10,16,ジョードリウム,14,14.0,COMPLETED,16.0,https://www.jra.go.jp/JRADB/accessS.html?CNAME=pw01sde1007202602031020260801%2FD9,outputs/longshot_placer_index_expanded_20260811/jra_result_html/20260801_中京_10.html,a36b45e4fb499f6fcc4f37752cb3d0caebf8e8651ccbbf880c3e1dfb5b63c0c6
2026-08-01,新潟,6,1,タイセイプランセス,1,1.0,COMPLETED,3.0,https://www.jra.go.jp/JRADB/accessS.html?CNAME=pw01sde1004202602030620260801%2FE7,outputs/longshot_placer_index_expanded_20260811/jra_result_html/20260801_新潟_06.html,cedcab4480d4f4eb9e38075a557f950dca527dc0f9e8e781358cb32aba6e5704
2026-08-01,新潟,6,2,ホウオウトランプ,11,11.0,COMPLETED,4.0,https://www.jra.go.jp/JRADB/accessS.html?CNAME=pw01sde1004202602030620260801%2FE7,outputs/longshot_placer_index_expanded_20260811/jra_result_html/20260801_新潟_06.html,cedcab4480d4f4eb9e38075a557f950dca527dc0f9e8e781358cb32aba6e5704
2026-08-01,新潟,6,3,セイロンジェムズ,8,8.0,COMPLETED,2.0,https://www.jra.go.jp/JRADB/accessS.html?CNAME=pw01sde1004202602030620260801%2FE7,outputs/longshot_placer_index_expanded_20260811/jra_result_html/20260801_新潟_06.html,cedcab4480d4f4eb9e38075a557f950dca527dc0f9e8e781358cb32aba6e5704
2026-08-01,新潟,6,4,クラッシファイド,9,9.0,COMPLETED,6.0,https://www.jra.go.jp/JRADB/accessS.html?CNAME=pw01sde1004202602030620260801%2FE7,outputs/longshot_placer_index_expanded_20260811/jra_result_html/20260801_新潟_06.html,cedcab4480d4f4eb9e38075a557f950dca527dc0f9e8e781358cb32aba6e5704
2026-08-01,新潟,6,5,コスモスプモーニ,12,12.0,COMPLETED,12.0,https://www.jra.go.jp/JRADB/accessS.html?CNAME=pw01sde1004202602030620260801%2FE7,outputs/longshot_placer_index_expanded_20260811/jra_result_html/20260801_新潟_06.html,cedcab4480d4f4eb9e38075a557f950dca527dc0f9e8e781358cb32aba6e5704
2026-08-01,新潟,6,6,エリカアンディーヴ,7,7.0,COMPLETED,5.0,https://www.jra.go.jp/JRADB/accessS.html?CNAME=pw01sde1004202602030620260801%2FE7,outputs/longshot_placer_index_expanded_20260811/jra_result_html/20260801_新潟_06.html,cedcab4480d4f4eb9e38075a557f950dca527dc0f9e8e781358cb32aba6e5704
2026-08-01,新潟,6,7,ツルマウカタチ,5,5.0,COMPLETED,9.0,https://www.jra.go.jp/JRADB/accessS.html?CNAME=pw01sde1004202602030620260801%2FE7,outputs/longshot_placer_index_expanded_20260811/jra_result_html/20260801_新潟_06.html,cedcab4480d4f4eb9e38075a557f950dca527dc0f9e8e781358cb32aba6e5704
2026-08-01,新潟,6,8,キーウェーブ,10,10.0,COMPLETED,11.0,https://www.jra.go.jp/JRADB/accessS.html?CNAME=pw01sde1004202602030620260801%2FE7,outputs/longshot_placer_index_expanded_20260811/jra_result_html/20260801_新潟_06.html,cedcab4480d4f4eb9e38075a557f950dca527dc0f9e8e781358cb32aba6e5704
2026-08-01,新潟,6,9,リカントロポ,3,3.0,COMPLETED,8.0,https://www.jra.go.jp/JRADB/accessS.html?CNAME=pw01sde1004202602030620260801%2FE7,outputs/longshot_placer_index_expanded_20260811/jra_result_html/20260801_新潟_06.html,cedcab4480d4f4eb9e38075a557f950dca527dc0f9e8e781358cb32aba6e5704
2026-08-01,新潟,6,10,コンフォルツァ,2,2.0,COMPLETED,1.0,https://www.jra.go.jp/JRADB/accessS.html?CNAME=pw01sde1004202602030620260801%2FE7,outputs/longshot_placer_index_expanded_20260811/jra_result_html/20260801_新潟_06.html,cedcab4480d4f4eb9e38075a557f950dca527dc0f9e8e781358cb32aba6e5704
2026-08-01,新潟,6,11,スピンザブラッド,4,4.0,COMPLETED,10.0,https://www.jra.go.jp/JRADB/accessS.html?CNAME=pw01sde1004202602030620260801%2FE7,outputs/longshot_placer_index_expanded_20260811/jra_result_html/20260801_新潟_06.html,cedcab4480d4f4eb9e38075a557f950dca527dc0f9e8e781358cb32aba6e5704
2026-08-01,新潟,6,12,ミーントゥビー,6,6.0,COMPLETED,7.0,https://www.jra.go.jp/JRADB/accessS.html?CNAME=pw01sde1004202602030620260801%2FE7,outputs/longshot_placer_index_expanded_20260811/jra_result_html/20260801_新潟_06.html,cedcab4480d4f4eb9e38075a557f950dca527dc0f9e8e781358cb32aba6e5704
2026-08-01,新潟,7,1,ベルダイナフェロー,9,9.0,COMPLETED,8.0,https://www.jra.go.jp/JRADB/accessS.html?CNAME=pw01sde1004202602030720260801%2F9C,outputs/longshot_placer_index_expanded_20260811/jra_result_html/20260801_新潟_07.html,4e751405e2c5ae7ab084ddaf0250bc2340c49d987d9225c6421704489f85a306
2026-08-01,新潟,7,2,アラレタバシル,2,2.0,COMPLETED,4.0,https://www.jra.go.jp/JRADB/accessS.html?CNAME=pw01sde1004202602030720260801%2F9C,outputs/longshot_placer_index_expanded_20260811/jra_result_html/20260801_新潟_07.html,4e751405e2c5ae7ab084ddaf0250bc2340c49d987d9225c6421704489f85a306
2026-08-01,新潟,7,3,エイブラムス,7,7.0,COMPLETED,9.0,https://www.jra.go.jp/JRADB/accessS.html?CNAME=pw01sde1004202602030720260801%2F9C,outputs/longshot_placer_index_expanded_20260811/jra_result_html/20260801_新潟_07.html,4e751405e2c5ae7ab084ddaf0250bc2340c49d987d9225c6421704489f85a306
2026-08-01,新潟,7,4,サンセットブライト,8,8.0,COMPLETED,12.0,https://www.jra.go.jp/JRADB/accessS.html?CNAME=pw01sde1004202602030720260801%2F9C,outputs/longshot_placer_index_expanded_20260811/jra_result_html/20260801_新潟_07.html,4e751405e2c5ae7ab084ddaf0250bc2340c49d987d9225c6421704489f85a306
2026-08-01,新潟,7,5,アデランテ,6,6.0,COMPLETED,7.0,https://www.jra.go.jp/JRADB/accessS.html?CNAME=pw01sde1004202602030720260801%2F9C,outputs/longshot_placer_index_expanded_20260811/jra_result_html/20260801_新潟_07.html,4e751405e2c5ae7ab084ddaf0250bc2340c49d987d9225c6421704489f85a306
2026-08-01,新潟,7,6,ペンナヴェローチェ,5,5.0,COMPLETED,1.0,https://www.jra.go.jp/JRADB/accessS.html?CNAME=pw01sde1004202602030720260801%2F9C,outputs/longshot_placer_index_expanded_20260811/jra_result_html/20260801_新潟_07.html,4e751405e2c5ae7ab084ddaf0250bc2340c49d987d9225c6421704489f85a306
2026-08-01,新潟,7,7,ゲンパチムサシ,12,12.0,COMPLETED,14.0,https://www.jra.go.jp/JRADB/accessS.html?CNAME=pw01sde1004202602030720260801%2F9C,outputs/longshot_placer_index_expanded_20260811/jra_result_html/20260801_新潟_07.html,4e751405e2c5ae7ab084ddaf0250bc2340c49d987d9225c6421704489f85a306
2026-08-01,新潟,7,8,ラフエイジアン,4,4.0,COMPLETED,10.0,https://www.jra.go.jp/JRADB/accessS.html?CNAME=pw01sde1004202602030720260801%2F9C,outputs/longshot_placer_index_expanded_20260811/jra_result_html/20260801_新潟_07.html,4e751405e2c5ae7ab084ddaf0250bc2340c49d987d9225c6421704489f85a306
2026-08-01,新潟,7,9,ブルータス,14,14.0,COMPLETED,5.0,https://www.jra.go.jp/JRADB/accessS.html?CNAME=pw01sde1004202602030720260801%2F9C,outputs/longshot_placer_index_expanded_20260811/jra_result_html/20260801_新潟_07.html,4e751405e2c5ae7ab084ddaf0250bc2340c49d987d9225c6421704489f85a306
2026-08-01,新潟,7,10,フームスムート,13,13.0,COMPLETED,13.0,https://www.jra.go.jp/JRADB/accessS.html?CNAME=pw01sde1004202602030720260801%2F9C,outputs/longshot_placer_index_expanded_20260811/jra_result_html/20260801_新潟_07.html,4e751405e2c5ae7ab084ddaf0250bc2340c49d987d9225c6421704489f85a306
2026-08-01,新潟,7,11,レイバックスピン,1,1.0,COMPLETED,2.0,https://www.jra.go.jp/JRADB/accessS.html?CNAME=pw01sde1004202602030720260801%2F9C,outputs/longshot_placer_index_expanded_20260811/jra_result_html/20260801_新潟_07.html,4e751405e2c5ae7ab084ddaf0250bc2340c49d987d9225c6421704489f85a306
2026-08-01,新潟,7,12,クロニクル,3,3.0,COMPLETED,6.0,https://www.jra.go.jp/JRADB/accessS.html?CNAME=pw01sde1004202602030720260801%2F9C,outputs/longshot_placer_index_expanded_20260811/jra_result_html/20260801_新潟_07.html,4e751405e2c5ae7ab084ddaf0250bc2340c49d987d9225c6421704489f85a306
2026-08-01,新潟,7,13,カフェニクス,15,15.0,COMPLETED,11.0,https://www.jra.go.jp/JRADB/accessS.html?CNAME=pw01sde1004202602030720260801%2F9C,outputs/longshot_placer_index_expanded_20260811/jra_result_html/20260801_新潟_07.html,4e751405e2c5ae7ab084ddaf0250bc2340c49d987d9225c6421704489f85a306
2026-08-01,新潟,7,14,ショウサンジョージ,10,10.0,COMPLETED,3.0,https://www.jra.go.jp/JRADB/accessS.html?CNAME=pw01sde1004202602030720260801%2F9C,outputs/longshot_placer_index_expanded_20260811/jra_result_html/20260801_新潟_07.html,4e751405e2c5ae7ab084ddaf0250bc2340c49d987d9225c6421704489f85a306
2026-08-01,新潟,7,15,オレデイイノカ,11,11.0,COMPLETED,15.0,https://www.jra.go.jp/JRADB/accessS.html?CNAME=pw01sde1004202602030720260801%2F9C,outputs/longshot_placer_index_expanded_20260811/jra_result_html/20260801_新潟_07.html,4e751405e2c5ae7ab084ddaf0250bc2340c49d987d9225c6421704489f85a306
2026-08-01,新潟,10,1,タマモブレイキン,2,2.0,COMPLETED,3.0,https://www.jra.go.jp/JRADB/accessS.html?CNAME=pw01sde1004202602031020260801%2FFB,outputs/longshot_placer_index_expanded_20260811/jra_result_html/20260801_新潟_10.html,89bea39d5a2109e032793507950ada76cc6c0cfc4dde121266c61ce3652f906f
2026-08-01,新潟,10,2,パワポケグッド,6,6.0,COMPLETED,12.0,https://www.jra.go.jp/JRADB/accessS.html?CNAME=pw01sde1004202602031020260801%2FFB,outputs/longshot_placer_index_expanded_20260811/jra_result_html/20260801_新潟_10.html,89bea39d5a2109e032793507950ada76cc6c0cfc4dde121266c61ce3652f906f
2026-08-01,新潟,10,3,セイクリッドシチー,12,12.0,COMPLETED,13.0,https://www.jra.go.jp/JRADB/accessS.html?CNAME=pw01sde1004202602031020260801%2FFB,outputs/longshot_placer_index_expanded_20260811/jra_result_html/20260801_新潟_10.html,89bea39d5a2109e032793507950ada76cc6c0cfc4dde121266c61ce3652f906f
2026-08-01,新潟,10,4,タニセンローマ,4,4.0,COMPLETED,7.0,https://www.jra.go.jp/JRADB/accessS.html?CNAME=pw01sde1004202602031020260801%2FFB,outputs/longshot_placer_index_expanded_20260811/jra_result_html/20260801_新潟_10.html,89bea39d5a2109e032793507950ada76cc6c0cfc4dde121266c61ce3652f906f
2026-08-01,新潟,10,5,ロードプレリュード,8,8.0,COMPLETED,2.0,https://www.jra.go.jp/JRADB/accessS.html?CNAME=pw01sde1004202602031020260801%2FFB,outputs/longshot_placer_index_expanded_20260811/jra_result_html/20260801_新潟_10.html,89bea39d5a2109e032793507950ada76cc6c0cfc4dde121266c61ce3652f906f
2026-08-01,新潟,10,6,イネガラーブル,14,14.0,COMPLETED,5.0,https://www.jra.go.jp/JRADB/accessS.html?CNAME=pw01sde1004202602031020260801%2FFB,outputs/longshot_placer_index_expanded_20260811/jra_result_html/20260801_新潟_10.html,89bea39d5a2109e032793507950ada76cc6c0cfc4dde121266c61ce3652f906f
2026-08-01,新潟,10,7,ダイヒョウカーク,5,5.0,COMPLETED,14.0,https://www.jra.go.jp/JRADB/accessS.html?CNAME=pw01sde1004202602031020260801%2FFB,outputs/longshot_placer_index_expanded_20260811/jra_result_html/20260801_新潟_10.html,89bea39d5a2109e032793507950ada76cc6c0cfc4dde121266c61ce3652f906f
2026-08-01,新潟,10,8,フッカツノジャンボ,取消,,取消,,https://www.jra.go.jp/JRADB/accessS.html?CNAME=pw01sde1004202602031020260801%2FFB,outputs/longshot_placer_index_expanded_20260811/jra_result_html/20260801_新潟_10.html,89bea39d5a2109e032793507950ada76cc6c0cfc4dde121266c61ce3652f906f
2026-08-01,新潟,10,9,ゼンノスタニング,11,11.0,COMPLETED,6.0,https://www.jra.go.jp/JRADB/accessS.html?CNAME=pw01sde1004202602031020260801%2FFB,outputs/longshot_placer_index_expanded_20260811/jra_result_html/20260801_新潟_10.html,89bea39d5a2109e032793507950ada76cc6c0cfc4dde121266c61ce3652f906f
2026-08-01,新潟,10,10,デアトゥノウ,10,10.0,COMPLETED,10.0,https://www.jra.go.jp/JRADB/accessS.html?CNAME=pw01sde1004202602031020260801%2FFB,outputs/longshot_placer_index_expanded_20260811/jra_result_html/20260801_新潟_10.html,89bea39d5a2109e032793507950ada76cc6c0cfc4dde121266c61ce3652f906f
2026-08-01,新潟,10,11,ブライトラン,1,1.0,COMPLETED,9.0,https://www.jra.go.jp/JRADB/accessS.html?CNAME=pw01sde1004202602031020260801%2FFB,outputs/longshot_placer_index_expanded_20260811/jra_result_html/20260801_新潟_10.html,89bea39d5a2109e032793507950ada76cc6c0cfc4dde121266c61ce3652f906f
2026-08-01,新潟,10,12,クリアーゲイル,9,9.0,COMPLETED,4.0,https://www.jra.go.jp/JRADB/accessS.html?CNAME=pw01sde1004202602031020260801%2FFB,outputs/longshot_placer_index_expanded_20260811/jra_result_html/20260801_新潟_10.html,89bea39d5a2109e032793507950ada76cc6c0cfc4dde121266c61ce3652f906f
2026-08-01,新潟,10,13,ゴールドプレイヤー,3,3.0,COMPLETED,1.0,https://www.jra.go.jp/JRADB/accessS.html?CNAME=pw01sde1004202602031020260801%2FFB,outputs/longshot_placer_index_expanded_20260811/jra_result_html/20260801_新潟_10.html,89bea39d5a2109e032793507950ada76cc6c0cfc4dde121266c61ce3652f906f
2026-08-01,新潟,10,14,ニュークリアス,7,7.0,COMPLETED,8.0,https://www.jra.go.jp/JRADB/accessS.html?CNAME=pw01sde1004202602031020260801%2FFB,outputs/longshot_placer_index_expanded_20260811/jra_result_html/20260801_新潟_10.html,89bea39d5a2109e032793507950ada76cc6c0cfc4dde121266c61ce3652f906f
2026-08-01,新潟,10,15,ノクターナルハント,13,13.0,COMPLETED,11.0,https://www.jra.go.jp/JRADB/accessS.html?CNAME=pw01sde1004202602031020260801%2FFB,outputs/longshot_placer_index_expanded_20260811/jra_result_html/20260801_新潟_10.html,89bea39d5a2109e032793507950ada76cc6c0cfc4dde121266c61ce3652f906f
2026-08-01,新潟,11,1,ヴェニゼロス,4,4.0,COMPLETED,3.0,https://www.jra.go.jp/JRADB/accessS.html?CNAME=pw01sde1004202602031120260801%2FB0,outputs/longshot_placer_index_expanded_20260811/jra_result_html/20260801_新潟_11.html,a57ddc1c99be93533a7c6d6453cb7d70ef7ed111422093e70f025460fe5742b7
2026-08-01,新潟,11,2,ジワタネホ,1,1.0,COMPLETED,2.0,https://www.jra.go.jp/JRADB/accessS.html?CNAME=pw01sde1004202602031120260801%2FB0,outputs/longshot_placer_index_expanded_20260811/jra_result_html/20260801_新潟_11.html,a57ddc1c99be93533a7c6d6453cb7d70ef7ed111422093e70f025460fe5742b7
2026-08-01,新潟,11,3,ブライトエアリー,10,10.0,COMPLETED,5.0,https://www.jra.go.jp/JRADB/accessS.html?CNAME=pw01sde1004202602031120260801%2FB0,outputs/longshot_placer_index_expanded_20260811/jra_result_html/20260801_新潟_11.html,a57ddc1c99be93533a7c6d6453cb7d70ef7ed111422093e70f025460fe5742b7
2026-08-01,新潟,11,4,キリスパークル,8,8.0,COMPLETED,13.0,https://www.jra.go.jp/JRADB/accessS.html?CNAME=pw01sde1004202602031120260801%2FB0,outputs/longshot_placer_index_expanded_20260811/jra_result_html/20260801_新潟_11.html,a57ddc1c99be93533a7c6d6453cb7d70ef7ed111422093e70f025460fe5742b7
2026-08-01,新潟,11,5,ブライスフェアリー,3,3.0,COMPLETED,4.0,https://www.jra.go.jp/JRADB/accessS.html?CNAME=pw01sde1004202602031120260801%2FB0,outputs/longshot_placer_index_expanded_20260811/jra_result_html/20260801_新潟_11.html,a57ddc1c99be93533a7c6d6453cb7d70ef7ed111422093e70f025460fe5742b7
2026-08-01,新潟,11,6,フロンテアムーン,7,7.0,COMPLETED,10.0,https://www.jra.go.jp/JRADB/accessS.html?CNAME=pw01sde1004202602031120260801%2FB0,outputs/longshot_placer_index_expanded_20260811/jra_result_html/20260801_新潟_11.html,a57ddc1c99be93533a7c6d6453cb7d70ef7ed111422093e70f025460fe5742b7
2026-08-01,新潟,11,7,フュチュール,11,11.0,COMPLETED,14.0,https://www.jra.go.jp/JRADB/accessS.html?CNAME=pw01sde1004202602031120260801%2FB0,outputs/longshot_placer_index_expanded_20260811/jra_result_html/20260801_新潟_11.html,a57ddc1c99be93533a7c6d6453cb7d70ef7ed111422093e70f025460fe5742b7
2026-08-01,新潟,11,8,クイーンアン,14,14.0,COMPLETED,7.0,https://www.jra.go.jp/JRADB/accessS.html?CNAME=pw01sde1004202602031120260801%2FB0,outputs/longshot_placer_index_expanded_20260811/jra_result_html/20260801_新潟_11.html,a57ddc1c99be93533a7c6d6453cb7d70ef7ed111422093e70f025460fe5742b7
2026-08-01,新潟,11,9,ティンブロポップ,12,12.0,COMPLETED,16.0,https://www.jra.go.jp/JRADB/accessS.html?CNAME=pw01sde1004202602031120260801%2FB0,outputs/longshot_placer_index_expanded_20260811/jra_result_html/20260801_新潟_11.html,a57ddc1c99be93533a7c6d6453cb7d70ef7ed111422093e70f025460fe5742b7
2026-08-01,新潟,11,10,ケープティアラ,15,15.0,COMPLETED,18.0,https://www.jra.go.jp/JRADB/accessS.html?CNAME=pw01sde1004202602031120260801%2FB0,outputs/longshot_placer_index_expanded_20260811/jra_result_html/20260801_新潟_11.html,a57ddc1c99be93533a7c6d6453cb7d70ef7ed111422093e70f025460fe5742b7
2026-08-01,新潟,11,11,クリスタルドレス,2,2.0,COMPLETED,1.0,https://www.jra.go.jp/JRADB/accessS.html?CNAME=pw01sde1004202602031120260801%2FB0,outputs/longshot_placer_index_expanded_20260811/jra_result_html/20260801_新潟_11.html,a57ddc1c99be93533a7c6d6453cb7d70ef7ed111422093e70f025460fe5742b7
2026-08-01,新潟,11,12,アニゴザントス,6,6.0,COMPLETED,9.0,https://www.jra.go.jp/JRADB/accessS.html?CNAME=pw01sde1004202602031120260801%2FB0,outputs/longshot_placer_index_expanded_20260811/jra_result_html/20260801_新潟_11.html,a57ddc1c99be93533a7c6d6453cb7d70ef7ed111422093e70f025460fe5742b7
2026-08-01,新潟,11,13,ラスターヴァース,9,9.0,COMPLETED,11.0,https://www.jra.go.jp/JRADB/accessS.html?CNAME=pw01sde1004202602031120260801%2FB0,outputs/longshot_placer_index_expanded_20260811/jra_result_html/20260801_新潟_11.html,a57ddc1c99be93533a7c6d6453cb7d70ef7ed111422093e70f025460fe5742b7
2026-08-01,新潟,11,14,ジャストビコーズ,17,17.0,COMPLETED,6.0,https://www.jra.go.jp/JRADB/accessS.html?CNAME=pw01sde1004202602031120260801%2FB0,outputs/longshot_placer_index_expanded_20260811/jra_result_html/20260801_新潟_11.html,a57ddc1c99be93533a7c6d6453cb7d70ef7ed111422093e70f025460fe5742b7
2026-08-01,新潟,11,15,ヤマニンジェンナ,18,18.0,COMPLETED,17.0,https://www.jra.go.jp/JRADB/accessS.html?CNAME=pw01sde1004202602031120260801%2FB0,outputs/longshot_placer_index_expanded_20260811/jra_result_html/20260801_新潟_11.html,a57ddc1c99be93533a7c6d6453cb7d70ef7ed111422093e70f025460fe5742b7
2026-08-01,新潟,11,16,カタカムナ,13,13.0,COMPLETED,12.0,https://www.jra.go.jp/JRADB/accessS.html?CNAME=pw01sde1004202602031120260801%2FB0,outputs/longshot_placer_index_expanded_20260811/jra_result_html/20260801_新潟_11.html,a57ddc1c99be93533a7c6d6453cb7d70ef7ed111422093e70f025460fe5742b7
2026-08-01,新潟,11,17,パルミエ,16,16.0,COMPLETED,15.0,https://www.jra.go.jp/JRADB/accessS.html?CNAME=pw01sde1004202602031120260801%2FB0,outputs/longshot_placer_index_expanded_20260811/jra_result_html/20260801_新潟_11.html,a57ddc1c99be93533a7c6d6453cb7d70ef7ed111422093e70f025460fe5742b7
2026-08-01,新潟,11,18,ウラヌスリング,5,5.0,COMPLETED,8.0,https://www.jra.go.jp/JRADB/accessS.html?CNAME=pw01sde1004202602031120260801%2FB0,outputs/longshot_placer_index_expanded_20260811/jra_result_html/20260801_新潟_11.html,a57ddc1c99be93533a7c6d6453cb7d70ef7ed111422093e70f025460fe5742b7
2026-08-01,新潟,12,1,アスクザアメリカン,14,14.0,COMPLETED,13.0,https://www.jra.go.jp/JRADB/accessS.html?CNAME=pw01sde1004202602031220260801%2F65,outputs/longshot_placer_index_expanded_20260811/jra_result_html/20260801_新潟_12.html,62137174cb024915d1950ce2db940d8a2288b2ae23dd12a16fac22a8e1c2a3b7
2026-08-01,新潟,12,2,タイキオーベロン,4,4.0,COMPLETED,5.0,https://www.jra.go.jp/JRADB/accessS.html?CNAME=pw01sde1004202602031220260801%2F65,outputs/longshot_placer_index_expanded_20260811/jra_result_html/20260801_新潟_12.html,62137174cb024915d1950ce2db940d8a2288b2ae23dd12a16fac22a8e1c2a3b7
2026-08-01,新潟,12,3,ソナタン,9,9.0,COMPLETED,9.0,https://www.jra.go.jp/JRADB/accessS.html?CNAME=pw01sde1004202602031220260801%2F65,outputs/longshot_placer_index_expanded_20260811/jra_result_html/20260801_新潟_12.html,62137174cb024915d1950ce2db940d8a2288b2ae23dd12a16fac22a8e1c2a3b7
2026-08-01,新潟,12,4,ダイユウルミナス,8,8.0,COMPLETED,11.0,https://www.jra.go.jp/JRADB/accessS.html?CNAME=pw01sde1004202602031220260801%2F65,outputs/longshot_placer_index_expanded_20260811/jra_result_html/20260801_新潟_12.html,62137174cb024915d1950ce2db940d8a2288b2ae23dd12a16fac22a8e1c2a3b7
2026-08-01,新潟,12,5,クリノゴッホ,10,10.0,COMPLETED,14.0,https://www.jra.go.jp/JRADB/accessS.html?CNAME=pw01sde1004202602031220260801%2F65,outputs/longshot_placer_index_expanded_20260811/jra_result_html/20260801_新潟_12.html,62137174cb024915d1950ce2db940d8a2288b2ae23dd12a16fac22a8e1c2a3b7
2026-08-01,新潟,12,6,ホウオウショコラ,2,2.0,COMPLETED,6.0,https://www.jra.go.jp/JRADB/accessS.html?CNAME=pw01sde1004202602031220260801%2F65,outputs/longshot_placer_index_expanded_20260811/jra_result_html/20260801_新潟_12.html,62137174cb024915d1950ce2db940d8a2288b2ae23dd12a16fac22a8e1c2a3b7
2026-08-01,新潟,12,7,カガラプンツェル,1,1.0,COMPLETED,1.0,https://www.jra.go.jp/JRADB/accessS.html?CNAME=pw01sde1004202602031220260801%2F65,outputs/longshot_placer_index_expanded_20260811/jra_result_html/20260801_新潟_12.html,62137174cb024915d1950ce2db940d8a2288b2ae23dd12a16fac22a8e1c2a3b7
2026-08-01,新潟,12,8,カシオペア,3,3.0,COMPLETED,7.0,https://www.jra.go.jp/JRADB/accessS.html?CNAME=pw01sde1004202602031220260801%2F65,outputs/longshot_placer_index_expanded_20260811/jra_result_html/20260801_新潟_12.html,62137174cb024915d1950ce2db940d8a2288b2ae23dd12a16fac22a8e1c2a3b7
2026-08-01,新潟,12,9,ラブソング,12,12.0,COMPLETED,15.0,https://www.jra.go.jp/JRADB/accessS.html?CNAME=pw01sde1004202602031220260801%2F65,outputs/longshot_placer_index_expanded_20260811/jra_result_html/20260801_新潟_12.html,62137174cb024915d1950ce2db940d8a2288b2ae23dd12a16fac22a8e1c2a3b7
2026-08-01,新潟,12,10,グラデュエール,13,13.0,COMPLETED,17.0,https://www.jra.go.jp/JRADB/accessS.html?CNAME=pw01sde1004202602031220260801%2F65,outputs/longshot_placer_index_expanded_20260811/jra_result_html/20260801_新潟_12.html,62137174cb024915d1950ce2db940d8a2288b2ae23dd12a16fac22a8e1c2a3b7
2026-08-01,新潟,12,11,レモンバーム,16,16.0,COMPLETED,3.0,https://www.jra.go.jp/JRADB/accessS.html?CNAME=pw01sde1004202602031220260801%2F65,outputs/longshot_placer_index_expanded_20260811/jra_result_html/20260801_新潟_12.html,62137174cb024915d1950ce2db940d8a2288b2ae23dd12a16fac22a8e1c2a3b7
2026-08-01,新潟,12,12,シルフィー,11,11.0,COMPLETED,10.0,https://www.jra.go.jp/JRADB/accessS.html?CNAME=pw01sde1004202602031220260801%2F65,outputs/longshot_placer_index_expanded_20260811/jra_result_html/20260801_新潟_12.html,62137174cb024915d1950ce2db940d8a2288b2ae23dd12a16fac22a8e1c2a3b7
2026-08-01,新潟,12,13,ロードストラダーレ,17,17.0,COMPLETED,8.0,https://www.jra.go.jp/JRADB/accessS.html?CNAME=pw01sde1004202602031220260801%2F65,outputs/longshot_placer_index_expanded_20260811/jra_result_html/20260801_新潟_12.html,62137174cb024915d1950ce2db940d8a2288b2ae23dd12a16fac22a8e1c2a3b7
2026-08-01,新潟,12,14,ヤマニンアレシス,6,6.0,COMPLETED,2.0,https://www.jra.go.jp/JRADB/accessS.html?CNAME=pw01sde1004202602031220260801%2F65,outputs/longshot_placer_index_expanded_20260811/jra_result_html/20260801_新潟_12.html,62137174cb024915d1950ce2db940d8a2288b2ae23dd12a16fac22a8e1c2a3b7
2026-08-01,新潟,12,15,ソルトバーン,15,15.0,COMPLETED,16.0,https://www.jra.go.jp/JRADB/accessS.html?CNAME=pw01sde1004202602031220260801%2F65,outputs/longshot_placer_index_expanded_20260811/jra_result_html/20260801_新潟_12.html,62137174cb024915d1950ce2db940d8a2288b2ae23dd12a16fac22a8e1c2a3b7
2026-08-01,新潟,12,16,ゴールドパレード,7,7.0,COMPLETED,4.0,https://www.jra.go.jp/JRADB/accessS.html?CNAME=pw01sde1004202602031220260801%2F65,outputs/longshot_placer_index_expanded_20260811/jra_result_html/20260801_新潟_12.html,62137174cb024915d1950ce2db940d8a2288b2ae23dd12a16fac22a8e1c2a3b7
2026-08-01,新潟,12,17,ステキサプライズ,5,5.0,COMPLETED,12.0,https://www.jra.go.jp/JRADB/accessS.html?CNAME=pw01sde1004202602031220260801%2F65,outputs/longshot_placer_index_expanded_20260811/jra_result_html/20260801_新潟_12.html,62137174cb024915d1950ce2db940d8a2288b2ae23dd12a16fac22a8e1c2a3b7
2026-08-02,中京,3,1,ムーンパッセ,7,7.0,COMPLETED,5.0,https://www.jra.go.jp/JRADB/accessS.html?CNAME=pw01sde1007202602040320260802%2FD6,outputs/longshot_placer_index_expanded_20260811/jra_result_html/20260802_中京_03.html,a540a20a0415b669f7a21968d792d16644ac1dd708406f634b40a34b67348c4d
2026-08-02,中京,3,2,トゥーレジット,2,2.0,COMPLETED,2.0,https://www.jra.go.jp/JRADB/accessS.html?CNAME=pw01sde1007202602040320260802%2FD6,outputs/longshot_placer_index_expanded_20260811/jra_result_html/20260802_中京_03.html,a540a20a0415b669f7a21968d792d16644ac1dd708406f634b40a34b67348c4d
2026-08-02,中京,3,3,アレオクール,4,4.0,COMPLETED,1.0,https://www.jra.go.jp/JRADB/accessS.html?CNAME=pw01sde1007202602040320260802%2FD6,outputs/longshot_placer_index_expanded_20260811/jra_result_html/20260802_中京_03.html,a540a20a0415b669f7a21968d792d16644ac1dd708406f634b40a34b67348c4d
2026-08-02,中京,3,4,サウンドファイト,8,8.0,COMPLETED,8.0,https://www.jra.go.jp/JRADB/accessS.html?CNAME=pw01sde1007202602040320260802%2FD6,outputs/longshot_placer_index_expanded_20260811/jra_result_html/20260802_中京_03.html,a540a20a0415b669f7a21968d792d16644ac1dd708406f634b40a34b67348c4d
2026-08-02,中京,3,5,ヤマトクオーレ,10,10.0,COMPLETED,10.0,https://www.jra.go.jp/JRADB/accessS.html?CNAME=pw01sde1007202602040320260802%2FD6,outputs/longshot_placer_index_expanded_20260811/jra_result_html/20260802_中京_03.html,a540a20a0415b669f7a21968d792d16644ac1dd708406f634b40a34b67348c4d
2026-08-02,中京,3,6,ベルコート,3,3.0,COMPLETED,3.0,https://www.jra.go.jp/JRADB/accessS.html?CNAME=pw01sde1007202602040320260802%2FD6,outputs/longshot_placer_index_expanded_20260811/jra_result_html/20260802_中京_03.html,a540a20a0415b669f7a21968d792d16644ac1dd708406f634b40a34b67348c4d
2026-08-02,中京,3,7,ミライノシャチョウ,5,5.0,COMPLETED,6.0,https://www.jra.go.jp/JRADB/accessS.html?CNAME=pw01sde1007202602040320260802%2FD6,outputs/longshot_placer_index_expanded_20260811/jra_result_html/20260802_中京_03.html,a540a20a0415b669f7a21968d792d16644ac1dd708406f634b40a34b67348c4d
2026-08-02,中京,3,8,スーサンコルティナ,1,1.0,COMPLETED,9.0,https://www.jra.go.jp/JRADB/accessS.html?CNAME=pw01sde1007202602040320260802%2FD6,outputs/longshot_placer_index_expanded_20260811/jra_result_html/20260802_中京_03.html,a540a20a0415b669f7a21968d792d16644ac1dd708406f634b40a34b67348c4d
2026-08-02,中京,3,9,リボンロゼッタ,6,6.0,COMPLETED,7.0,https://www.jra.go.jp/JRADB/accessS.html?CNAME=pw01sde1007202602040320260802%2FD6,outputs/longshot_placer_index_expanded_20260811/jra_result_html/20260802_中京_03.html,a540a20a0415b669f7a21968d792d16644ac1dd708406f634b40a34b67348c4d
2026-08-02,中京,3,10,ジーティーマンフク,9,9.0,COMPLETED,4.0,https://www.jra.go.jp/JRADB/accessS.html?CNAME=pw01sde1007202602040320260802%2FD6,outputs/longshot_placer_index_expanded_20260811/jra_result_html/20260802_中京_03.html,a540a20a0415b669f7a21968d792d16644ac1dd708406f634b40a34b67348c4d
2026-08-02,中京,4,1,メテオロイド,14,14.0,COMPLETED,4.0,https://www.jra.go.jp/JRADB/accessS.html?CNAME=pw01sde1007202602040420260802%2F8B,outputs/longshot_placer_index_expanded_20260811/jra_result_html/20260802_中京_04.html,65557ff6169ddb7b5d250c469d275548ec367942226b2e6288bdc6068765a0bb
2026-08-02,中京,4,2,アステルディーヴァ,8,8.0,COMPLETED,12.0,https://www.jra.go.jp/JRADB/accessS.html?CNAME=pw01sde1007202602040420260802%2F8B,outputs/longshot_placer_index_expanded_20260811/jra_result_html/20260802_中京_04.html,65557ff6169ddb7b5d250c469d275548ec367942226b2e6288bdc6068765a0bb
2026-08-02,中京,4,3,ラジャブルック,13,13.0,COMPLETED,15.0,https://www.jra.go.jp/JRADB/accessS.html?CNAME=pw01sde1007202602040420260802%2F8B,outputs/longshot_placer_index_expanded_20260811/jra_result_html/20260802_中京_04.html,65557ff6169ddb7b5d250c469d275548ec367942226b2e6288bdc6068765a0bb
2026-08-02,中京,4,4,リアライズガイザー,9,9.0,COMPLETED,8.0,https://www.jra.go.jp/JRADB/accessS.html?CNAME=pw01sde1007202602040420260802%2F8B,outputs/longshot_placer_index_expanded_20260811/jra_result_html/20260802_中京_04.html,65557ff6169ddb7b5d250c469d275548ec367942226b2e6288bdc6068765a0bb
2026-08-02,中京,4,5,モズタイシソウシ,11,11.0,COMPLETED,9.0,https://www.jra.go.jp/JRADB/accessS.html?CNAME=pw01sde1007202602040420260802%2F8B,outputs/longshot_placer_index_expanded_20260811/jra_result_html/20260802_中京_04.html,65557ff6169ddb7b5d250c469d275548ec367942226b2e6288bdc6068765a0bb
2026-08-02,中京,4,6,グラマラス,7,7.0,COMPLETED,10.0,https://www.jra.go.jp/JRADB/accessS.html?CNAME=pw01sde1007202602040420260802%2F8B,outputs/longshot_placer_index_expanded_20260811/jra_result_html/20260802_中京_04.html,65557ff6169ddb7b5d250c469d275548ec367942226b2e6288bdc6068765a0bb
2026-08-02,中京,4,7,ディアデムドール,12,12.0,COMPLETED,13.0,https://www.jra.go.jp/JRADB/accessS.html?CNAME=pw01sde1007202602040420260802%2F8B,outputs/longshot_placer_index_expanded_20260811/jra_result_html/20260802_中京_04.html,65557ff6169ddb7b5d250c469d275548ec367942226b2e6288bdc6068765a0bb
2026-08-02,中京,4,8,ザキノフレンズ,6,6.0,COMPLETED,6.0,https://www.jra.go.jp/JRADB/accessS.html?CNAME=pw01sde1007202602040420260802%2F8B,outputs/longshot_placer_index_expanded_20260811/jra_result_html/20260802_中京_04.html,65557ff6169ddb7b5d250c469d275548ec367942226b2e6288bdc6068765a0bb
2026-08-02,中京,4,9,クロカミジョウ,10,10.0,COMPLETED,2.0,https://www.jra.go.jp/JRADB/accessS.html?CNAME=pw01sde1007202602040420260802%2F8B,outputs/longshot_placer_index_expanded_20260811/jra_result_html/20260802_中京_04.html,65557ff6169ddb7b5d250c469d275548ec367942226b2e6288bdc6068765a0bb
2026-08-02,中京,4,10,チョウスター,3,3.0,COMPLETED,11.0,https://www.jra.go.jp/JRADB/accessS.html?CNAME=pw01sde1007202602040420260802%2F8B,outputs/longshot_placer_index_expanded_20260811/jra_result_html/20260802_中京_04.html,65557ff6169ddb7b5d250c469d275548ec367942226b2e6288bdc6068765a0bb
2026-08-02,中京,4,11,ビービーシナジー,1,1.0,COMPLETED,3.0,https://www.jra.go.jp/JRADB/accessS.html?CNAME=pw01sde1007202602040420260802%2F8B,outputs/longshot_placer_index_expanded_20260811/jra_result_html/20260802_中京_04.html,65557ff6169ddb7b5d250c469d275548ec367942226b2e6288bdc6068765a0bb
2026-08-02,中京,4,12,マクアケ,4,4.0,COMPLETED,5.0,https://www.jra.go.jp/JRADB/accessS.html?CNAME=pw01sde1007202602040420260802%2F8B,outputs/longshot_placer_index_expanded_20260811/jra_result_html/20260802_中京_04.html,65557ff6169ddb7b5d250c469d275548ec367942226b2e6288bdc6068765a0bb
2026-08-02,中京,4,13,プレデンシア,5,5.0,COMPLETED,7.0,https://www.jra.go.jp/JRADB/accessS.html?CNAME=pw01sde1007202602040420260802%2F8B,outputs/longshot_placer_index_expanded_20260811/jra_result_html/20260802_中京_04.html,65557ff6169ddb7b5d250c469d275548ec367942226b2e6288bdc6068765a0bb
2026-08-02,中京,4,14,マルカスマッシュ,15,15.0,COMPLETED,16.0,https://www.jra.go.jp/JRADB/accessS.html?CNAME=pw01sde1007202602040420260802%2F8B,outputs/longshot_placer_index_expanded_20260811/jra_result_html/20260802_中京_04.html,65557ff6169ddb7b5d250c469d275548ec367942226b2e6288bdc6068765a0bb
2026-08-02,中京,4,15,ナムラロダン,2,2.0,COMPLETED,1.0,https://www.jra.go.jp/JRADB/accessS.html?CNAME=pw01sde1007202602040420260802%2F8B,outputs/longshot_placer_index_expanded_20260811/jra_result_html/20260802_中京_04.html,65557ff6169ddb7b5d250c469d275548ec367942226b2e6288bdc6068765a0bb
2026-08-02,中京,4,16,ジーティーリボーン,16,16.0,COMPLETED,14.0,https://www.jra.go.jp/JRADB/accessS.html?CNAME=pw01sde1007202602040420260802%2F8B,outputs/longshot_placer_index_expanded_20260811/jra_result_html/20260802_中京_04.html,65557ff6169ddb7b5d250c469d275548ec367942226b2e6288bdc6068765a0bb
2026-08-02,中京,12,1,ジュピターバローズ,中止,,中止,10.0,https://www.jra.go.jp/JRADB/accessS.html?CNAME=pw01sde1007202602041220260802%2F73,outputs/longshot_placer_index_expanded_20260811/jra_result_html/20260802_中京_12.html,d6692ae5e5177d44f0c2214317f89999672e9beb76223591e233d0227e881da3
2026-08-02,中京,12,2,チヨ,7,7.0,COMPLETED,9.0,https://www.jra.go.jp/JRADB/accessS.html?CNAME=pw01sde1007202602041220260802%2F73,outputs/longshot_placer_index_expanded_20260811/jra_result_html/20260802_中京_12.html,d6692ae5e5177d44f0c2214317f89999672e9beb76223591e233d0227e881da3
2026-08-02,中京,12,3,アルジェンテーラ,10,10.0,COMPLETED,4.0,https://www.jra.go.jp/JRADB/accessS.html?CNAME=pw01sde1007202602041220260802%2F73,outputs/longshot_placer_index_expanded_20260811/jra_result_html/20260802_中京_12.html,d6692ae5e5177d44f0c2214317f89999672e9beb76223591e233d0227e881da3
2026-08-02,中京,12,4,カフラー,17,17.0,COMPLETED,14.0,https://www.jra.go.jp/JRADB/accessS.html?CNAME=pw01sde1007202602041220260802%2F73,outputs/longshot_placer_index_expanded_20260811/jra_result_html/20260802_中京_12.html,d6692ae5e5177d44f0c2214317f89999672e9beb76223591e233d0227e881da3
2026-08-02,中京,12,5,ホウオウスカイハイ,14,14.0,COMPLETED,17.0,https://www.jra.go.jp/JRADB/accessS.html?CNAME=pw01sde1007202602041220260802%2F73,outputs/longshot_placer_index_expanded_20260811/jra_result_html/20260802_中京_12.html,d6692ae5e5177d44f0c2214317f89999672e9beb76223591e233d0227e881da3
2026-08-02,中京,12,6,モカプウイング,5,5.0,COMPLETED,7.0,https://www.jra.go.jp/JRADB/accessS.html?CNAME=pw01sde1007202602041220260802%2F73,outputs/longshot_placer_index_expanded_20260811/jra_result_html/20260802_中京_12.html,d6692ae5e5177d44f0c2214317f89999672e9beb76223591e233d0227e881da3
2026-08-02,中京,12,7,グランスプリント,15,15.0,COMPLETED,15.0,https://www.jra.go.jp/JRADB/accessS.html?CNAME=pw01sde1007202602041220260802%2F73,outputs/longshot_placer_index_expanded_20260811/jra_result_html/20260802_中京_12.html,d6692ae5e5177d44f0c2214317f89999672e9beb76223591e233d0227e881da3
2026-08-02,中京,12,8,ハピネスサンライズ,8,8.0,COMPLETED,6.0,https://www.jra.go.jp/JRADB/accessS.html?CNAME=pw01sde1007202602041220260802%2F73,outputs/longshot_placer_index_expanded_20260811/jra_result_html/20260802_中京_12.html,d6692ae5e5177d44f0c2214317f89999672e9beb76223591e233d0227e881da3
2026-08-02,中京,12,9,フィアレスウィル,11,11.0,COMPLETED,12.0,https://www.jra.go.jp/JRADB/accessS.html?CNAME=pw01sde1007202602041220260802%2F73,outputs/longshot_placer_index_expanded_20260811/jra_result_html/20260802_中京_12.html,d6692ae5e5177d44f0c2214317f89999672e9beb76223591e233d0227e881da3
2026-08-02,中京,12,10,ルージュエテルナ,6,6.0,COMPLETED,5.0,https://www.jra.go.jp/JRADB/accessS.html?CNAME=pw01sde1007202602041220260802%2F73,outputs/longshot_placer_index_expanded_20260811/jra_result_html/20260802_中京_12.html,d6692ae5e5177d44f0c2214317f89999672e9beb76223591e233d0227e881da3
2026-08-02,中京,12,11,リントゥラウル,4,4.0,COMPLETED,8.0,https://www.jra.go.jp/JRADB/accessS.html?CNAME=pw01sde1007202602041220260802%2F73,outputs/longshot_placer_index_expanded_20260811/jra_result_html/20260802_中京_12.html,d6692ae5e5177d44f0c2214317f89999672e9beb76223591e233d0227e881da3
2026-08-02,中京,12,12,ミッキーラヴィータ,3,3.0,COMPLETED,2.0,https://www.jra.go.jp/JRADB/accessS.html?CNAME=pw01sde1007202602041220260802%2F73,outputs/longshot_placer_index_expanded_20260811/jra_result_html/20260802_中京_12.html,d6692ae5e5177d44f0c2214317f89999672e9beb76223591e233d0227e881da3
2026-08-02,中京,12,13,マルモリキャスター,13,13.0,COMPLETED,11.0,https://www.jra.go.jp/JRADB/accessS.html?CNAME=pw01sde1007202602041220260802%2F73,outputs/longshot_placer_index_expanded_20260811/jra_result_html/20260802_中京_12.html,d6692ae5e5177d44f0c2214317f89999672e9beb76223591e233d0227e881da3
2026-08-02,中京,12,14,アラビアンジョイ,1,1.0,COMPLETED,3.0,https://www.jra.go.jp/JRADB/accessS.html?CNAME=pw01sde1007202602041220260802%2F73,outputs/longshot_placer_index_expanded_20260811/jra_result_html/20260802_中京_12.html,d6692ae5e5177d44f0c2214317f89999672e9beb76223591e233d0227e881da3
2026-08-02,中京,12,15,コカボムショット,16,16.0,COMPLETED,18.0,https://www.jra.go.jp/JRADB/accessS.html?CNAME=pw01sde1007202602041220260802%2F73,outputs/longshot_placer_index_expanded_20260811/jra_result_html/20260802_中京_12.html,d6692ae5e5177d44f0c2214317f89999672e9beb76223591e233d0227e881da3
2026-08-02,中京,12,16,エールドリー,9,9.0,COMPLETED,16.0,https://www.jra.go.jp/JRADB/accessS.html?CNAME=pw01sde1007202602041220260802%2F73,outputs/longshot_placer_index_expanded_20260811/jra_result_html/20260802_中京_12.html,d6692ae5e5177d44f0c2214317f89999672e9beb76223591e233d0227e881da3
2026-08-02,中京,12,17,ケイアイブラック,12,12.0,COMPLETED,13.0,https://www.jra.go.jp/JRADB/accessS.html?CNAME=pw01sde1007202602041220260802%2F73,outputs/longshot_placer_index_expanded_20260811/jra_result_html/20260802_中京_12.html,d6692ae5e5177d44f0c2214317f89999672e9beb76223591e233d0227e881da3
2026-08-02,中京,12,18,モンシーク,2,2.0,COMPLETED,1.0,https://www.jra.go.jp/JRADB/accessS.html?CNAME=pw01sde1007202602041220260802%2F73,outputs/longshot_placer_index_expanded_20260811/jra_result_html/20260802_中京_12.html,d6692ae5e5177d44f0c2214317f89999672e9beb76223591e233d0227e881da3
2026-08-02,新潟,12,1,ノブステップ,11,11.0,COMPLETED,14.0,https://www.jra.go.jp/JRADB/accessS.html?CNAME=pw01sde1004202602041220260802%2F95,outputs/longshot_placer_index_expanded_20260811/jra_result_html/20260802_新潟_12.html,e8db2d82bef8f4233edc1a31935af3d2c9bc0d64f8324c1fe12eb4443b08391a
2026-08-02,新潟,12,2,アラムベイ,7,7.0,COMPLETED,9.0,https://www.jra.go.jp/JRADB/accessS.html?CNAME=pw01sde1004202602041220260802%2F95,outputs/longshot_placer_index_expanded_20260811/jra_result_html/20260802_新潟_12.html,e8db2d82bef8f4233edc1a31935af3d2c9bc0d64f8324c1fe12eb4443b08391a
2026-08-02,新潟,12,3,ベルバード,6,6.0,COMPLETED,11.0,https://www.jra.go.jp/JRADB/accessS.html?CNAME=pw01sde1004202602041220260802%2F95,outputs/longshot_placer_index_expanded_20260811/jra_result_html/20260802_新潟_12.html,e8db2d82bef8f4233edc1a31935af3d2c9bc0d64f8324c1fe12eb4443b08391a
2026-08-02,新潟,12,4,エイシンイクサボシ,5,5.0,COMPLETED,10.0,https://www.jra.go.jp/JRADB/accessS.html?CNAME=pw01sde1004202602041220260802%2F95,outputs/longshot_placer_index_expanded_20260811/jra_result_html/20260802_新潟_12.html,e8db2d82bef8f4233edc1a31935af3d2c9bc0d64f8324c1fe12eb4443b08391a
2026-08-02,新潟,12,5,ノベンバーベイズ,13,13.0,COMPLETED,13.0,https://www.jra.go.jp/JRADB/accessS.html?CNAME=pw01sde1004202602041220260802%2F95,outputs/longshot_placer_index_expanded_20260811/jra_result_html/20260802_新潟_12.html,e8db2d82bef8f4233edc1a31935af3d2c9bc0d64f8324c1fe12eb4443b08391a
2026-08-02,新潟,12,6,ゴッドレイ,4,4.0,COMPLETED,3.0,https://www.jra.go.jp/JRADB/accessS.html?CNAME=pw01sde1004202602041220260802%2F95,outputs/longshot_placer_index_expanded_20260811/jra_result_html/20260802_新潟_12.html,e8db2d82bef8f4233edc1a31935af3d2c9bc0d64f8324c1fe12eb4443b08391a
2026-08-02,新潟,12,7,セレスティアハート,17,17.0,COMPLETED,15.0,https://www.jra.go.jp/JRADB/accessS.html?CNAME=pw01sde1004202602041220260802%2F95,outputs/longshot_placer_index_expanded_20260811/jra_result_html/20260802_新潟_12.html,e8db2d82bef8f4233edc1a31935af3d2c9bc0d64f8324c1fe12eb4443b08391a
2026-08-02,新潟,12,8,ニシノタチアナ,12,12.0,COMPLETED,7.0,https://www.jra.go.jp/JRADB/accessS.html?CNAME=pw01sde1004202602041220260802%2F95,outputs/longshot_placer_index_expanded_20260811/jra_result_html/20260802_新潟_12.html,e8db2d82bef8f4233edc1a31935af3d2c9bc0d64f8324c1fe12eb4443b08391a
2026-08-02,新潟,12,9,モントーヤ,9,9.0,COMPLETED,6.0,https://www.jra.go.jp/JRADB/accessS.html?CNAME=pw01sde1004202602041220260802%2F95,outputs/longshot_placer_index_expanded_20260811/jra_result_html/20260802_新潟_12.html,e8db2d82bef8f4233edc1a31935af3d2c9bc0d64f8324c1fe12eb4443b08391a
2026-08-02,新潟,12,10,ヤマカンドリーミン,10,10.0,COMPLETED,17.0,https://www.jra.go.jp/JRADB/accessS.html?CNAME=pw01sde1004202602041220260802%2F95,outputs/longshot_placer_index_expanded_20260811/jra_result_html/20260802_新潟_12.html,e8db2d82bef8f4233edc1a31935af3d2c9bc0d64f8324c1fe12eb4443b08391a
2026-08-02,新潟,12,11,ピコバレット,8,8.0,COMPLETED,12.0,https://www.jra.go.jp/JRADB/accessS.html?CNAME=pw01sde1004202602041220260802%2F95,outputs/longshot_placer_index_expanded_20260811/jra_result_html/20260802_新潟_12.html,e8db2d82bef8f4233edc1a31935af3d2c9bc0d64f8324c1fe12eb4443b08391a
2026-08-02,新潟,12,12,スイートハイデン,除外,,除外,,https://www.jra.go.jp/JRADB/accessS.html?CNAME=pw01sde1004202602041220260802%2F95,outputs/longshot_placer_index_expanded_20260811/jra_result_html/20260802_新潟_12.html,e8db2d82bef8f4233edc1a31935af3d2c9bc0d64f8324c1fe12eb4443b08391a
2026-08-02,新潟,12,13,ノーブルクロンヌ,1,1.0,COMPLETED,4.0,https://www.jra.go.jp/JRADB/accessS.html?CNAME=pw01sde1004202602041220260802%2F95,outputs/longshot_placer_index_expanded_20260811/jra_result_html/20260802_新潟_12.html,e8db2d82bef8f4233edc1a31935af3d2c9bc0d64f8324c1fe12eb4443b08391a
2026-08-02,新潟,12,14,シャインアルプス,2,2.0,COMPLETED,1.0,https://www.jra.go.jp/JRADB/accessS.html?CNAME=pw01sde1004202602041220260802%2F95,outputs/longshot_placer_index_expanded_20260811/jra_result_html/20260802_新潟_12.html,e8db2d82bef8f4233edc1a31935af3d2c9bc0d64f8324c1fe12eb4443b08391a
2026-08-02,新潟,12,15,ウインテラジーナ,3,3.0,COMPLETED,2.0,https://www.jra.go.jp/JRADB/accessS.html?CNAME=pw01sde1004202602041220260802%2F95,outputs/longshot_placer_index_expanded_20260811/jra_result_html/20260802_新潟_12.html,e8db2d82bef8f4233edc1a31935af3d2c9bc0d64f8324c1fe12eb4443b08391a
2026-08-02,新潟,12,16,ペルシアーノ,14,14.0,COMPLETED,5.0,https://www.jra.go.jp/JRADB/accessS.html?CNAME=pw01sde1004202602041220260802%2F95,outputs/longshot_placer_index_expanded_20260811/jra_result_html/20260802_新潟_12.html,e8db2d82bef8f4233edc1a31935af3d2c9bc0d64f8324c1fe12eb4443b08391a
2026-08-02,新潟,12,17,ブロッコロ,16,16.0,COMPLETED,16.0,https://www.jra.go.jp/JRADB/accessS.html?CNAME=pw01sde1004202602041220260802%2F95,outputs/longshot_placer_index_expanded_20260811/jra_result_html/20260802_新潟_12.html,e8db2d82bef8f4233edc1a31935af3d2c9bc0d64f8324c1fe12eb4443b08391a
2026-08-02,新潟,12,18,ホウオウパーソンズ,15,15.0,COMPLETED,8.0,https://www.jra.go.jp/JRADB/accessS.html?CNAME=pw01sde1004202602041220260802%2F95,outputs/longshot_placer_index_expanded_20260811/jra_result_html/20260802_新潟_12.html,e8db2d82bef8f4233edc1a31935af3d2c9bc0d64f8324c1fe12eb4443b08391a
2026-08-02,札幌,6,1,ステイアンビシャス,2,2.0,COMPLETED,10.0,https://www.jra.go.jp/JRADB/accessS.html?CNAME=pw01sde1001202601040620260802%2F08,outputs/longshot_placer_index_expanded_20260811/jra_result_html/20260802_札幌_06.html,394ce50bb726ac6689e236e5893225eeb2f1eb8f7a7257421ef2eb6a9e6187e9
2026-08-02,札幌,6,2,アスクガンバーレ,3,3.0,COMPLETED,5.0,https://www.jra.go.jp/JRADB/accessS.html?CNAME=pw01sde1001202601040620260802%2F08,outputs/longshot_placer_index_expanded_20260811/jra_result_html/20260802_札幌_06.html,394ce50bb726ac6689e236e5893225eeb2f1eb8f7a7257421ef2eb6a9e6187e9
2026-08-02,札幌,6,3,ロードアマルフィ,4,4.0,COMPLETED,2.0,https://www.jra.go.jp/JRADB/accessS.html?CNAME=pw01sde1001202601040620260802%2F08,outputs/longshot_placer_index_expanded_20260811/jra_result_html/20260802_札幌_06.html,394ce50bb726ac6689e236e5893225eeb2f1eb8f7a7257421ef2eb6a9e6187e9
2026-08-02,札幌,6,4,マテンロウカナロア,9,9.0,COMPLETED,1.0,https://www.jra.go.jp/JRADB/accessS.html?CNAME=pw01sde1001202601040620260802%2F08,outputs/longshot_placer_index_expanded_20260811/jra_result_html/20260802_札幌_06.html,394ce50bb726ac6689e236e5893225eeb2f1eb8f7a7257421ef2eb6a9e6187e9
2026-08-02,札幌,6,5,ココデイック,7,7.0,COMPLETED,8.0,https://www.jra.go.jp/JRADB/accessS.html?CNAME=pw01sde1001202601040620260802%2F08,outputs/longshot_placer_index_expanded_20260811/jra_result_html/20260802_札幌_06.html,394ce50bb726ac6689e236e5893225eeb2f1eb8f7a7257421ef2eb6a9e6187e9
2026-08-02,札幌,6,6,グランセレスト,10,10.0,COMPLETED,7.0,https://www.jra.go.jp/JRADB/accessS.html?CNAME=pw01sde1001202601040620260802%2F08,outputs/longshot_placer_index_expanded_20260811/jra_result_html/20260802_札幌_06.html,394ce50bb726ac6689e236e5893225eeb2f1eb8f7a7257421ef2eb6a9e6187e9
2026-08-02,札幌,6,7,ステラデルークス,8,8.0,COMPLETED,4.0,https://www.jra.go.jp/JRADB/accessS.html?CNAME=pw01sde1001202601040620260802%2F08,outputs/longshot_placer_index_expanded_20260811/jra_result_html/20260802_札幌_06.html,394ce50bb726ac6689e236e5893225eeb2f1eb8f7a7257421ef2eb6a9e6187e9
2026-08-02,札幌,6,8,タイセイジェイド,5,5.0,COMPLETED,3.0,https://www.jra.go.jp/JRADB/accessS.html?CNAME=pw01sde1001202601040620260802%2F08,outputs/longshot_placer_index_expanded_20260811/jra_result_html/20260802_札幌_06.html,394ce50bb726ac6689e236e5893225eeb2f1eb8f7a7257421ef2eb6a9e6187e9
2026-08-02,札幌,6,9,ゼルダ,除外,,除外,,https://www.jra.go.jp/JRADB/accessS.html?CNAME=pw01sde1001202601040620260802%2F08,outputs/longshot_placer_index_expanded_20260811/jra_result_html/20260802_札幌_06.html,394ce50bb726ac6689e236e5893225eeb2f1eb8f7a7257421ef2eb6a9e6187e9
2026-08-02,札幌,6,10,セイントホース,1,1.0,COMPLETED,6.0,https://www.jra.go.jp/JRADB/accessS.html?CNAME=pw01sde1001202601040620260802%2F08,outputs/longshot_placer_index_expanded_20260811/jra_result_html/20260802_札幌_06.html,394ce50bb726ac6689e236e5893225eeb2f1eb8f7a7257421ef2eb6a9e6187e9
2026-08-02,札幌,6,11,カフジクロミエ,6,6.0,COMPLETED,9.0,https://www.jra.go.jp/JRADB/accessS.html?CNAME=pw01sde1001202601040620260802%2F08,outputs/longshot_placer_index_expanded_20260811/jra_result_html/20260802_札幌_06.html,394ce50bb726ac6689e236e5893225eeb2f1eb8f7a7257421ef2eb6a9e6187e9
2026-08-02,札幌,8,1,エコロハート,2,2.0,COMPLETED,7.0,https://www.jra.go.jp/JRADB/accessS.html?CNAME=pw01sde1001202601040820260802%2F72,outputs/longshot_placer_index_expanded_20260811/jra_result_html/20260802_札幌_08.html,f482bc6373504046ddfcf337599d4aa71292b157bb24e7f9b293773fbe2e0d8b
2026-08-02,札幌,8,2,サトノワーグナー,1,1.0,COMPLETED,2.0,https://www.jra.go.jp/JRADB/accessS.html?CNAME=pw01sde1001202601040820260802%2F72,outputs/longshot_placer_index_expanded_20260811/jra_result_html/20260802_札幌_08.html,f482bc6373504046ddfcf337599d4aa71292b157bb24e7f9b293773fbe2e0d8b
2026-08-02,札幌,8,3,ブライトアゲイン,9,9.0,COMPLETED,8.0,https://www.jra.go.jp/JRADB/accessS.html?CNAME=pw01sde1001202601040820260802%2F72,outputs/longshot_placer_index_expanded_20260811/jra_result_html/20260802_札幌_08.html,f482bc6373504046ddfcf337599d4aa71292b157bb24e7f9b293773fbe2e0d8b
2026-08-02,札幌,8,4,グレートスティック,13,13.0,COMPLETED,13.0,https://www.jra.go.jp/JRADB/accessS.html?CNAME=pw01sde1001202601040820260802%2F72,outputs/longshot_placer_index_expanded_20260811/jra_result_html/20260802_札幌_08.html,f482bc6373504046ddfcf337599d4aa71292b157bb24e7f9b293773fbe2e0d8b
2026-08-02,札幌,8,5,ザカリナン,7,7.0,COMPLETED,3.0,https://www.jra.go.jp/JRADB/accessS.html?CNAME=pw01sde1001202601040820260802%2F72,outputs/longshot_placer_index_expanded_20260811/jra_result_html/20260802_札幌_08.html,f482bc6373504046ddfcf337599d4aa71292b157bb24e7f9b293773fbe2e0d8b
2026-08-02,札幌,8,6,ロードクラシコ,12,12.0,COMPLETED,6.0,https://www.jra.go.jp/JRADB/accessS.html?CNAME=pw01sde1001202601040820260802%2F72,outputs/longshot_placer_index_expanded_20260811/jra_result_html/20260802_札幌_08.html,f482bc6373504046ddfcf337599d4aa71292b157bb24e7f9b293773fbe2e0d8b
2026-08-02,札幌,8,7,ブライアーヒル,10,10.0,COMPLETED,10.0,https://www.jra.go.jp/JRADB/accessS.html?CNAME=pw01sde1001202601040820260802%2F72,outputs/longshot_placer_index_expanded_20260811/jra_result_html/20260802_札幌_08.html,f482bc6373504046ddfcf337599d4aa71292b157bb24e7f9b293773fbe2e0d8b
2026-08-02,札幌,8,8,アースコーリング,11,11.0,COMPLETED,14.0,https://www.jra.go.jp/JRADB/accessS.html?CNAME=pw01sde1001202601040820260802%2F72,outputs/longshot_placer_index_expanded_20260811/jra_result_html/20260802_札幌_08.html,f482bc6373504046ddfcf337599d4aa71292b157bb24e7f9b293773fbe2e0d8b
2026-08-02,札幌,8,9,アートフォーム,14,14.0,COMPLETED,12.0,https://www.jra.go.jp/JRADB/accessS.html?CNAME=pw01sde1001202601040820260802%2F72,outputs/longshot_placer_index_expanded_20260811/jra_result_html/20260802_札幌_08.html,f482bc6373504046ddfcf337599d4aa71292b157bb24e7f9b293773fbe2e0d8b
2026-08-02,札幌,8,10,シャインズオンユー,8,8.0,COMPLETED,9.0,https://www.jra.go.jp/JRADB/accessS.html?CNAME=pw01sde1001202601040820260802%2F72,outputs/longshot_placer_index_expanded_20260811/jra_result_html/20260802_札幌_08.html,f482bc6373504046ddfcf337599d4aa71292b157bb24e7f9b293773fbe2e0d8b
2026-08-02,札幌,8,11,ダブルチャレンジ,5,5.0,COMPLETED,5.0,https://www.jra.go.jp/JRADB/accessS.html?CNAME=pw01sde1001202601040820260802%2F72,outputs/longshot_placer_index_expanded_20260811/jra_result_html/20260802_札幌_08.html,f482bc6373504046ddfcf337599d4aa71292b157bb24e7f9b293773fbe2e0d8b
2026-08-02,札幌,8,12,レッドカメリア,4,4.0,COMPLETED,11.0,https://www.jra.go.jp/JRADB/accessS.html?CNAME=pw01sde1001202601040820260802%2F72,outputs/longshot_placer_index_expanded_20260811/jra_result_html/20260802_札幌_08.html,f482bc6373504046ddfcf337599d4aa71292b157bb24e7f9b293773fbe2e0d8b
2026-08-02,札幌,8,13,ディーズメンフィス,6,6.0,COMPLETED,4.0,https://www.jra.go.jp/JRADB/accessS.html?CNAME=pw01sde1001202601040820260802%2F72,outputs/longshot_placer_index_expanded_20260811/jra_result_html/20260802_札幌_08.html,f482bc6373504046ddfcf337599d4aa71292b157bb24e7f9b293773fbe2e0d8b
2026-08-02,札幌,8,14,ジーティーエスピ,3,3.0,COMPLETED,1.0,https://www.jra.go.jp/JRADB/accessS.html?CNAME=pw01sde1001202601040820260802%2F72,outputs/longshot_placer_index_expanded_20260811/jra_result_html/20260802_札幌_08.html,f482bc6373504046ddfcf337599d4aa71292b157bb24e7f9b293773fbe2e0d8b
2026-08-08,中京,1,1,メイショウジェード,2,2.0,COMPLETED,3.0,https://www.jra.go.jp/JRADB/accessS.html?CNAME=pw01sde1007202602050120260808%2F4D,outputs/longshot_placer_index_expanded_20260811/jra_result_html/20260808_中京_01.html,7baf12f19286595382ad4c81cb76c2168136b512b8c2f22b9a68b6e85eb9f1d5
2026-08-08,中京,1,2,プリメラエストレラ,7,7.0,COMPLETED,4.0,https://www.jra.go.jp/JRADB/accessS.html?CNAME=pw01sde1007202602050120260808%2F4D,outputs/longshot_placer_index_expanded_20260811/jra_result_html/20260808_中京_01.html,7baf12f19286595382ad4c81cb76c2168136b512b8c2f22b9a68b6e85eb9f1d5
2026-08-08,中京,1,3,タナコクシテンホウ,6,6.0,COMPLETED,8.0,https://www.jra.go.jp/JRADB/accessS.html?CNAME=pw01sde1007202602050120260808%2F4D,outputs/longshot_placer_index_expanded_20260811/jra_result_html/20260808_中京_01.html,7baf12f19286595382ad4c81cb76c2168136b512b8c2f22b9a68b6e85eb9f1d5
2026-08-08,中京,1,4,シュプレヒコール,3,3.0,COMPLETED,2.0,https://www.jra.go.jp/JRADB/accessS.html?CNAME=pw01sde1007202602050120260808%2F4D,outputs/longshot_placer_index_expanded_20260811/jra_result_html/20260808_中京_01.html,7baf12f19286595382ad4c81cb76c2168136b512b8c2f22b9a68b6e85eb9f1d5
2026-08-08,中京,1,5,ララララブソング,9,9.0,COMPLETED,9.0,https://www.jra.go.jp/JRADB/accessS.html?CNAME=pw01sde1007202602050120260808%2F4D,outputs/longshot_placer_index_expanded_20260811/jra_result_html/20260808_中京_01.html,7baf12f19286595382ad4c81cb76c2168136b512b8c2f22b9a68b6e85eb9f1d5
2026-08-08,中京,1,6,ロンリーマン,5,5.0,COMPLETED,5.0,https://www.jra.go.jp/JRADB/accessS.html?CNAME=pw01sde1007202602050120260808%2F4D,outputs/longshot_placer_index_expanded_20260811/jra_result_html/20260808_中京_01.html,7baf12f19286595382ad4c81cb76c2168136b512b8c2f22b9a68b6e85eb9f1d5
2026-08-08,中京,1,7,イザベル,8,8.0,COMPLETED,6.0,https://www.jra.go.jp/JRADB/accessS.html?CNAME=pw01sde1007202602050120260808%2F4D,outputs/longshot_placer_index_expanded_20260811/jra_result_html/20260808_中京_01.html,7baf12f19286595382ad4c81cb76c2168136b512b8c2f22b9a68b6e85eb9f1d5
2026-08-08,中京,1,8,カローナ,4,4.0,COMPLETED,7.0,https://www.jra.go.jp/JRADB/accessS.html?CNAME=pw01sde1007202602050120260808%2F4D,outputs/longshot_placer_index_expanded_20260811/jra_result_html/20260808_中京_01.html,7baf12f19286595382ad4c81cb76c2168136b512b8c2f22b9a68b6e85eb9f1d5
2026-08-08,中京,1,9,ジーティーキャリー,1,1.0,COMPLETED,1.0,https://www.jra.go.jp/JRADB/accessS.html?CNAME=pw01sde1007202602050120260808%2F4D,outputs/longshot_placer_index_expanded_20260811/jra_result_html/20260808_中京_01.html,7baf12f19286595382ad4c81cb76c2168136b512b8c2f22b9a68b6e85eb9f1d5
2026-08-08,中京,2,1,ダイメイアゲイン,7,7.0,COMPLETED,7.0,https://www.jra.go.jp/JRADB/accessS.html?CNAME=pw01sde1007202602050220260808%2F02,outputs/longshot_placer_index_expanded_20260811/jra_result_html/20260808_中京_02.html,3400ac9c0b26597b290b8c3279377b72b9ed7c692a3d3dbc41a4029c991b5d02
2026-08-08,中京,2,2,スターオブザイヤー,2,2.0,COMPLETED,5.0,https://www.jra.go.jp/JRADB/accessS.html?CNAME=pw01sde1007202602050220260808%2F02,outputs/longshot_placer_index_expanded_20260811/jra_result_html/20260808_中京_02.html,3400ac9c0b26597b290b8c3279377b72b9ed7c692a3d3dbc41a4029c991b5d02
2026-08-08,中京,2,3,コンテスタード,1,1.0,COMPLETED,1.0,https://www.jra.go.jp/JRADB/accessS.html?CNAME=pw01sde1007202602050220260808%2F02,outputs/longshot_placer_index_expanded_20260811/jra_result_html/20260808_中京_02.html,3400ac9c0b26597b290b8c3279377b72b9ed7c692a3d3dbc41a4029c991b5d02
2026-08-08,中京,2,4,モノホンプレイヤー,6,6.0,COMPLETED,2.0,https://www.jra.go.jp/JRADB/accessS.html?CNAME=pw01sde1007202602050220260808%2F02,outputs/longshot_placer_index_expanded_20260811/jra_result_html/20260808_中京_02.html,3400ac9c0b26597b290b8c3279377b72b9ed7c692a3d3dbc41a4029c991b5d02
2026-08-08,中京,2,5,エルピスノヴァ,4,4.0,COMPLETED,3.0,https://www.jra.go.jp/JRADB/accessS.html?CNAME=pw01sde1007202602050220260808%2F02,outputs/longshot_placer_index_expanded_20260811/jra_result_html/20260808_中京_02.html,3400ac9c0b26597b290b8c3279377b72b9ed7c692a3d3dbc41a4029c991b5d02
2026-08-08,中京,2,6,ブレイズカルナバル,3,3.0,COMPLETED,4.0,https://www.jra.go.jp/JRADB/accessS.html?CNAME=pw01sde1007202602050220260808%2F02,outputs/longshot_placer_index_expanded_20260811/jra_result_html/20260808_中京_02.html,3400ac9c0b26597b290b8c3279377b72b9ed7c692a3d3dbc41a4029c991b5d02
2026-08-08,中京,2,7,ベルメサージュ,5,5.0,COMPLETED,6.0,https://www.jra.go.jp/JRADB/accessS.html?CNAME=pw01sde1007202602050220260808%2F02,outputs/longshot_placer_index_expanded_20260811/jra_result_html/20260808_中京_02.html,3400ac9c0b26597b290b8c3279377b72b9ed7c692a3d3dbc41a4029c991b5d02
2026-08-08,中京,3,1,ジュエルサンライズ,4,4.0,COMPLETED,11.0,https://www.jra.go.jp/JRADB/accessS.html?CNAME=pw01sde1007202602050320260808%2FB7,outputs/longshot_placer_index_expanded_20260811/jra_result_html/20260808_中京_03.html,7ca779c9604f79d96968f12d612eb1ebc70cfceed0838dd2e1da08f00f857c99
2026-08-08,中京,3,2,ピョイットハレルヤ,1,1.0,COMPLETED,2.0,https://www.jra.go.jp/JRADB/accessS.html?CNAME=pw01sde1007202602050320260808%2FB7,outputs/longshot_placer_index_expanded_20260811/jra_result_html/20260808_中京_03.html,7ca779c9604f79d96968f12d612eb1ebc70cfceed0838dd2e1da08f00f857c99
2026-08-08,中京,3,3,エルヴィッタ,7,7.0,COMPLETED,10.0,https://www.jra.go.jp/JRADB/accessS.html?CNAME=pw01sde1007202602050320260808%2FB7,outputs/longshot_placer_index_expanded_20260811/jra_result_html/20260808_中京_03.html,7ca779c9604f79d96968f12d612eb1ebc70cfceed0838dd2e1da08f00f857c99
2026-08-08,中京,3,4,ゼフィルス,9,9.0,COMPLETED,9.0,https://www.jra.go.jp/JRADB/accessS.html?CNAME=pw01sde1007202602050320260808%2FB7,outputs/longshot_placer_index_expanded_20260811/jra_result_html/20260808_中京_03.html,7ca779c9604f79d96968f12d612eb1ebc70cfceed0838dd2e1da08f00f857c99
2026-08-08,中京,3,5,サウンドディアナ,10,10.0,COMPLETED,15.0,https://www.jra.go.jp/JRADB/accessS.html?CNAME=pw01sde1007202602050320260808%2FB7,outputs/longshot_placer_index_expanded_20260811/jra_result_html/20260808_中京_03.html,7ca779c9604f79d96968f12d612eb1ebc70cfceed0838dd2e1da08f00f857c99
2026-08-08,中京,3,6,エターナルビジョン,6,6.0,COMPLETED,13.0,https://www.jra.go.jp/JRADB/accessS.html?CNAME=pw01sde1007202602050320260808%2FB7,outputs/longshot_placer_index_expanded_20260811/jra_result_html/20260808_中京_03.html,7ca779c9604f79d96968f12d612eb1ebc70cfceed0838dd2e1da08f00f857c99
2026-08-08,中京,3,7,エルヴィオラ,16,16.0,COMPLETED,12.0,https://www.jra.go.jp/JRADB/accessS.html?CNAME=pw01sde1007202602050320260808%2FB7,outputs/longshot_placer_index_expanded_20260811/jra_result_html/20260808_中京_03.html,7ca779c9604f79d96968f12d612eb1ebc70cfceed0838dd2e1da08f00f857c99
2026-08-08,中京,3,8,タガノプディング,2,2.0,COMPLETED,1.0,https://www.jra.go.jp/JRADB/accessS.html?CNAME=pw01sde1007202602050320260808%2FB7,outputs/longshot_placer_index_expanded_20260811/jra_result_html/20260808_中京_03.html,7ca779c9604f79d96968f12d612eb1ebc70cfceed0838dd2e1da08f00f857c99
2026-08-08,中京,3,9,トリビア,14,14.0,COMPLETED,3.0,https://www.jra.go.jp/JRADB/accessS.html?CNAME=pw01sde1007202602050320260808%2FB7,outputs/longshot_placer_index_expanded_20260811/jra_result_html/20260808_中京_03.html,7ca779c9604f79d96968f12d612eb1ebc70cfceed0838dd2e1da08f00f857c99
2026-08-08,中京,3,10,キャスケード,3,3.0,COMPLETED,4.0,https://www.jra.go.jp/JRADB/accessS.html?CNAME=pw01sde1007202602050320260808%2FB7,outputs/longshot_placer_index_expanded_20260811/jra_result_html/20260808_中京_03.html,7ca779c9604f79d96968f12d612eb1ebc70cfceed0838dd2e1da08f00f857c99
2026-08-08,中京,3,11,スナークオーロラ,12,12.0,COMPLETED,16.0,https://www.jra.go.jp/JRADB/accessS.html?CNAME=pw01sde1007202602050320260808%2FB7,outputs/longshot_placer_index_expanded_20260811/jra_result_html/20260808_中京_03.html,7ca779c9604f79d96968f12d612eb1ebc70cfceed0838dd2e1da08f00f857c99
2026-08-08,中京,3,12,ジャミールアイン,8,8.0,COMPLETED,8.0,https://www.jra.go.jp/JRADB/accessS.html?CNAME=pw01sde1007202602050320260808%2FB7,outputs/longshot_placer_index_expanded_20260811/jra_result_html/20260808_中京_03.html,7ca779c9604f79d96968f12d612eb1ebc70cfceed0838dd2e1da08f00f857c99
2026-08-08,中京,3,13,アスターエポワス,5,5.0,COMPLETED,5.0,https://www.jra.go.jp/JRADB/accessS.html?CNAME=pw01sde1007202602050320260808%2FB7,outputs/longshot_placer_index_expanded_20260811/jra_result_html/20260808_中京_03.html,7ca779c9604f79d96968f12d612eb1ebc70cfceed0838dd2e1da08f00f857c99
2026-08-08,中京,3,14,オーブフレッシュ,11,11.0,COMPLETED,7.0,https://www.jra.go.jp/JRADB/accessS.html?CNAME=pw01sde1007202602050320260808%2FB7,outputs/longshot_placer_index_expanded_20260811/jra_result_html/20260808_中京_03.html,7ca779c9604f79d96968f12d612eb1ebc70cfceed0838dd2e1da08f00f857c99
2026-08-08,中京,3,15,ワイルドチャーム,13,13.0,COMPLETED,6.0,https://www.jra.go.jp/JRADB/accessS.html?CNAME=pw01sde1007202602050320260808%2FB7,outputs/longshot_placer_index_expanded_20260811/jra_result_html/20260808_中京_03.html,7ca779c9604f79d96968f12d612eb1ebc70cfceed0838dd2e1da08f00f857c99
2026-08-08,中京,3,16,タワワ,15,15.0,COMPLETED,14.0,https://www.jra.go.jp/JRADB/accessS.html?CNAME=pw01sde1007202602050320260808%2FB7,outputs/longshot_placer_index_expanded_20260811/jra_result_html/20260808_中京_03.html,7ca779c9604f79d96968f12d612eb1ebc70cfceed0838dd2e1da08f00f857c99
2026-08-08,中京,4,1,ラヴィアンコール,8,8.0,COMPLETED,6.0,https://www.jra.go.jp/JRADB/accessS.html?CNAME=pw01sde1007202602050420260808%2F6C,outputs/longshot_placer_index_expanded_20260811/jra_result_html/20260808_中京_04.html,e7edcd01511a0a1dc4a955a45e5f8f17706a754851df1a24a1de2c5ee52d641a
2026-08-08,中京,4,2,レディトゥフライト,3,3.0,COMPLETED,13.0,https://www.jra.go.jp/JRADB/accessS.html?CNAME=pw01sde1007202602050420260808%2F6C,outputs/longshot_placer_index_expanded_20260811/jra_result_html/20260808_中京_04.html,e7edcd01511a0a1dc4a955a45e5f8f17706a754851df1a24a1de2c5ee52d641a
2026-08-08,中京,4,3,グランドフィナーレ,14,14.0,COMPLETED,11.0,https://www.jra.go.jp/JRADB/accessS.html?CNAME=pw01sde1007202602050420260808%2F6C,outputs/longshot_placer_index_expanded_20260811/jra_result_html/20260808_中京_04.html,e7edcd01511a0a1dc4a955a45e5f8f17706a754851df1a24a1de2c5ee52d641a
2026-08-08,中京,4,4,インドミタビリティ,4,4.0,COMPLETED,2.0,https://www.jra.go.jp/JRADB/accessS.html?CNAME=pw01sde1007202602050420260808%2F6C,outputs/longshot_placer_index_expanded_20260811/jra_result_html/20260808_中京_04.html,e7edcd01511a0a1dc4a955a45e5f8f17706a754851df1a24a1de2c5ee52d641a
2026-08-08,中京,4,5,タニセンゴールド,1,1.0,COMPLETED,1.0,https://www.jra.go.jp/JRADB/accessS.html?CNAME=pw01sde1007202602050420260808%2F6C,outputs/longshot_placer_index_expanded_20260811/jra_result_html/20260808_中京_04.html,e7edcd01511a0a1dc4a955a45e5f8f17706a754851df1a24a1de2c5ee52d641a
2026-08-08,中京,4,6,クリノリキオー,5,5.0,COMPLETED,4.0,https://www.jra.go.jp/JRADB/accessS.html?CNAME=pw01sde1007202602050420260808%2F6C,outputs/longshot_placer_index_expanded_20260811/jra_result_html/20260808_中京_04.html,e7edcd01511a0a1dc4a955a45e5f8f17706a754851df1a24a1de2c5ee52d641a
2026-08-08,中京,4,7,マイカラー,16,16.0,COMPLETED,3.0,https://www.jra.go.jp/JRADB/accessS.html?CNAME=pw01sde1007202602050420260808%2F6C,outputs/longshot_placer_index_expanded_20260811/jra_result_html/20260808_中京_04.html,e7edcd01511a0a1dc4a955a45e5f8f17706a754851df1a24a1de2c5ee52d641a
2026-08-08,中京,4,8,キタノハイテイル,2,2.0,COMPLETED,9.0,https://www.jra.go.jp/JRADB/accessS.html?CNAME=pw01sde1007202602050420260808%2F6C,outputs/longshot_placer_index_expanded_20260811/jra_result_html/20260808_中京_04.html,e7edcd01511a0a1dc4a955a45e5f8f17706a754851df1a24a1de2c5ee52d641a
2026-08-08,中京,4,9,チュウワヘネシー,12,12.0,COMPLETED,15.0,https://www.jra.go.jp/JRADB/accessS.html?CNAME=pw01sde1007202602050420260808%2F6C,outputs/longshot_placer_index_expanded_20260811/jra_result_html/20260808_中京_04.html,e7edcd01511a0a1dc4a955a45e5f8f17706a754851df1a24a1de2c5ee52d641a
2026-08-08,中京,4,10,ガラード,10,10.0,COMPLETED,8.0,https://www.jra.go.jp/JRADB/accessS.html?CNAME=pw01sde1007202602050420260808%2F6C,outputs/longshot_placer_index_expanded_20260811/jra_result_html/20260808_中京_04.html,e7edcd01511a0a1dc4a955a45e5f8f17706a754851df1a24a1de2c5ee52d641a
2026-08-08,中京,4,11,メイショウゴッホ,9,9.0,COMPLETED,12.0,https://www.jra.go.jp/JRADB/accessS.html?CNAME=pw01sde1007202602050420260808%2F6C,outputs/longshot_placer_index_expanded_20260811/jra_result_html/20260808_中京_04.html,e7edcd01511a0a1dc4a955a45e5f8f17706a754851df1a24a1de2c5ee52d641a
2026-08-08,中京,4,12,マテンロウアワー,6,6.0,COMPLETED,5.0,https://www.jra.go.jp/JRADB/accessS.html?CNAME=pw01sde1007202602050420260808%2F6C,outputs/longshot_placer_index_expanded_20260811/jra_result_html/20260808_中京_04.html,e7edcd01511a0a1dc4a955a45e5f8f17706a754851df1a24a1de2c5ee52d641a
2026-08-08,中京,4,13,サンライズナスカ,11,11.0,COMPLETED,10.0,https://www.jra.go.jp/JRADB/accessS.html?CNAME=pw01sde1007202602050420260808%2F6C,outputs/longshot_placer_index_expanded_20260811/jra_result_html/20260808_中京_04.html,e7edcd01511a0a1dc4a955a45e5f8f17706a754851df1a24a1de2c5ee52d641a
2026-08-08,中京,4,14,イコミキマル,15,15.0,COMPLETED,16.0,https://www.jra.go.jp/JRADB/accessS.html?CNAME=pw01sde1007202602050420260808%2F6C,outputs/longshot_placer_index_expanded_20260811/jra_result_html/20260808_中京_04.html,e7edcd01511a0a1dc4a955a45e5f8f17706a754851df1a24a1de2c5ee52d641a
2026-08-08,中京,4,15,ブラストオフ,13,13.0,COMPLETED,7.0,https://www.jra.go.jp/JRADB/accessS.html?CNAME=pw01sde1007202602050420260808%2F6C,outputs/longshot_placer_index_expanded_20260811/jra_result_html/20260808_中京_04.html,e7edcd01511a0a1dc4a955a45e5f8f17706a754851df1a24a1de2c5ee52d641a
2026-08-08,中京,4,16,トゥレネヴェリテ,7,7.0,COMPLETED,14.0,https://www.jra.go.jp/JRADB/accessS.html?CNAME=pw01sde1007202602050420260808%2F6C,outputs/longshot_placer_index_expanded_20260811/jra_result_html/20260808_中京_04.html,e7edcd01511a0a1dc4a955a45e5f8f17706a754851df1a24a1de2c5ee52d641a
2026-08-08,中京,5,1,リトルスカーレット,7,7.0,COMPLETED,5.0,https://www.jra.go.jp/JRADB/accessS.html?CNAME=pw01sde1007202602050520260808%2F21,outputs/longshot_placer_index_expanded_20260811/jra_result_html/20260808_中京_05.html,8794db1f6b00c50e7823e42713f9ad57c737054a572a744ad4856bbed8721eb4
2026-08-08,中京,5,2,エイシンビーコン,5,5.0,COMPLETED,2.0,https://www.jra.go.jp/JRADB/accessS.html?CNAME=pw01sde1007202602050520260808%2F21,outputs/longshot_placer_index_expanded_20260811/jra_result_html/20260808_中京_05.html,8794db1f6b00c50e7823e42713f9ad57c737054a572a744ad4856bbed8721eb4
2026-08-08,中京,5,3,レイクラシック,1,1.0,COMPLETED,1.0,https://www.jra.go.jp/JRADB/accessS.html?CNAME=pw01sde1007202602050520260808%2F21,outputs/longshot_placer_index_expanded_20260811/jra_result_html/20260808_中京_05.html,8794db1f6b00c50e7823e42713f9ad57c737054a572a744ad4856bbed8721eb4
2026-08-08,中京,5,4,ワンダーデリエール,2,2.0,COMPLETED,4.0,https://www.jra.go.jp/JRADB/accessS.html?CNAME=pw01sde1007202602050520260808%2F21,outputs/longshot_placer_index_expanded_20260811/jra_result_html/20260808_中京_05.html,8794db1f6b00c50e7823e42713f9ad57c737054a572a744ad4856bbed8721eb4
2026-08-08,中京,5,5,ゼンノインヴォーク,3,3.0,COMPLETED,3.0,https://www.jra.go.jp/JRADB/accessS.html?CNAME=pw01sde1007202602050520260808%2F21,outputs/longshot_placer_index_expanded_20260811/jra_result_html/20260808_中京_05.html,8794db1f6b00c50e7823e42713f9ad57c737054a572a744ad4856bbed8721eb4
2026-08-08,中京,5,6,ウインヘリオドール,6,6.0,COMPLETED,7.0,https://www.jra.go.jp/JRADB/accessS.html?CNAME=pw01sde1007202602050520260808%2F21,outputs/longshot_placer_index_expanded_20260811/jra_result_html/20260808_中京_05.html,8794db1f6b00c50e7823e42713f9ad57c737054a572a744ad4856bbed8721eb4
2026-08-08,中京,5,7,アステルディーヴァ,4,4.0,COMPLETED,6.0,https://www.jra.go.jp/JRADB/accessS.html?CNAME=pw01sde1007202602050520260808%2F21,outputs/longshot_placer_index_expanded_20260811/jra_result_html/20260808_中京_05.html,8794db1f6b00c50e7823e42713f9ad57c737054a572a744ad4856bbed8721eb4
2026-08-08,中京,5,8,シンゼンイセ,8,8.0,COMPLETED,8.0,https://www.jra.go.jp/JRADB/accessS.html?CNAME=pw01sde1007202602050520260808%2F21,outputs/longshot_placer_index_expanded_20260811/jra_result_html/20260808_中京_05.html,8794db1f6b00c50e7823e42713f9ad57c737054a572a744ad4856bbed8721eb4
2026-08-08,中京,6,1,オトコギアンパン,10,10.0,COMPLETED,6.0,https://www.jra.go.jp/JRADB/accessS.html?CNAME=pw01sde1007202602050620260808%2FD6,outputs/longshot_placer_index_expanded_20260811/jra_result_html/20260808_中京_06.html,41229948704adb7a1c66ce80d5f5230fdffa5e9581bcbffb430095aea766d0ce
2026-08-08,中京,6,2,バガン,8,8.0,COMPLETED,10.0,https://www.jra.go.jp/JRADB/accessS.html?CNAME=pw01sde1007202602050620260808%2FD6,outputs/longshot_placer_index_expanded_20260811/jra_result_html/20260808_中京_06.html,41229948704adb7a1c66ce80d5f5230fdffa5e9581bcbffb430095aea766d0ce
2026-08-08,中京,6,3,ショウナンバルドル,5,5.0,COMPLETED,2.0,https://www.jra.go.jp/JRADB/accessS.html?CNAME=pw01sde1007202602050620260808%2FD6,outputs/longshot_placer_index_expanded_20260811/jra_result_html/20260808_中京_06.html,41229948704adb7a1c66ce80d5f5230fdffa5e9581bcbffb430095aea766d0ce
2026-08-08,中京,6,4,テイエムアイラン,1,1.0,COMPLETED,1.0,https://www.jra.go.jp/JRADB/accessS.html?CNAME=pw01sde1007202602050620260808%2FD6,outputs/longshot_placer_index_expanded_20260811/jra_result_html/20260808_中京_06.html,41229948704adb7a1c66ce80d5f5230fdffa5e9581bcbffb430095aea766d0ce
2026-08-08,中京,6,5,サクラオーラ,6,6.0,COMPLETED,9.0,https://www.jra.go.jp/JRADB/accessS.html?CNAME=pw01sde1007202602050620260808%2FD6,outputs/longshot_placer_index_expanded_20260811/jra_result_html/20260808_中京_06.html,41229948704adb7a1c66ce80d5f5230fdffa5e9581bcbffb430095aea766d0ce
2026-08-08,中京,6,6,マイネルフォルツァ,11,11.0,COMPLETED,8.0,https://www.jra.go.jp/JRADB/accessS.html?CNAME=pw01sde1007202602050620260808%2FD6,outputs/longshot_placer_index_expanded_20260811/jra_result_html/20260808_中京_06.html,41229948704adb7a1c66ce80d5f5230fdffa5e9581bcbffb430095aea766d0ce
2026-08-08,中京,6,7,スナークピカソ,4,4.0,COMPLETED,5.0,https://www.jra.go.jp/JRADB/accessS.html?CNAME=pw01sde1007202602050620260808%2FD6,outputs/longshot_placer_index_expanded_20260811/jra_result_html/20260808_中京_06.html,41229948704adb7a1c66ce80d5f5230fdffa5e9581bcbffb430095aea766d0ce
2026-08-08,中京,6,8,ビップディラン,2,2.0,COMPLETED,4.0,https://www.jra.go.jp/JRADB/accessS.html?CNAME=pw01sde1007202602050620260808%2FD6,outputs/longshot_placer_index_expanded_20260811/jra_result_html/20260808_中京_06.html,41229948704adb7a1c66ce80d5f5230fdffa5e9581bcbffb430095aea766d0ce
2026-08-08,中京,6,9,ケイテンアイジン,9,9.0,COMPLETED,11.0,https://www.jra.go.jp/JRADB/accessS.html?CNAME=pw01sde1007202602050620260808%2FD6,outputs/longshot_placer_index_expanded_20260811/jra_result_html/20260808_中京_06.html,41229948704adb7a1c66ce80d5f5230fdffa5e9581bcbffb430095aea766d0ce
2026-08-08,中京,6,10,クイックバイオ,3,3.0,COMPLETED,7.0,https://www.jra.go.jp/JRADB/accessS.html?CNAME=pw01sde1007202602050620260808%2FD6,outputs/longshot_placer_index_expanded_20260811/jra_result_html/20260808_中京_06.html,41229948704adb7a1c66ce80d5f5230fdffa5e9581bcbffb430095aea766d0ce
2026-08-08,中京,6,11,オリバナム,7,7.0,COMPLETED,3.0,https://www.jra.go.jp/JRADB/accessS.html?CNAME=pw01sde1007202602050620260808%2FD6,outputs/longshot_placer_index_expanded_20260811/jra_result_html/20260808_中京_06.html,41229948704adb7a1c66ce80d5f5230fdffa5e9581bcbffb430095aea766d0ce
2026-08-08,中京,7,1,タガノマカシヤ,7,7.0,COMPLETED,4.0,https://www.jra.go.jp/JRADB/accessS.html?CNAME=pw01sde1007202602050720260808%2F8B,outputs/longshot_placer_index_expanded_20260811/jra_result_html/20260808_中京_07.html,079ee23b2af35583b9914e424a1a253ab79fe9d1c61302b9e805a8fdbd435f4c
2026-08-08,中京,7,2,メイショウコガシラ,5,5.0,COMPLETED,7.0,https://www.jra.go.jp/JRADB/accessS.html?CNAME=pw01sde1007202602050720260808%2F8B,outputs/longshot_placer_index_expanded_20260811/jra_result_html/20260808_中京_07.html,079ee23b2af35583b9914e424a1a253ab79fe9d1c61302b9e805a8fdbd435f4c
2026-08-08,中京,7,3,シンビリーブ,1,1.0,COMPLETED,2.0,https://www.jra.go.jp/JRADB/accessS.html?CNAME=pw01sde1007202602050720260808%2F8B,outputs/longshot_placer_index_expanded_20260811/jra_result_html/20260808_中京_07.html,079ee23b2af35583b9914e424a1a253ab79fe9d1c61302b9e805a8fdbd435f4c
2026-08-08,中京,7,4,インザモーメント,4,4.0,COMPLETED,6.0,https://www.jra.go.jp/JRADB/accessS.html?CNAME=pw01sde1007202602050720260808%2F8B,outputs/longshot_placer_index_expanded_20260811/jra_result_html/20260808_中京_07.html,079ee23b2af35583b9914e424a1a253ab79fe9d1c61302b9e805a8fdbd435f4c
2026-08-08,中京,7,5,ユウトザユウト,2,2.0,COMPLETED,8.0,https://www.jra.go.jp/JRADB/accessS.html?CNAME=pw01sde1007202602050720260808%2F8B,outputs/longshot_placer_index_expanded_20260811/jra_result_html/20260808_中京_07.html,079ee23b2af35583b9914e424a1a253ab79fe9d1c61302b9e805a8fdbd435f4c
2026-08-08,中京,7,6,クァンタムウェーブ,6,6.0,COMPLETED,3.0,https://www.jra.go.jp/JRADB/accessS.html?CNAME=pw01sde1007202602050720260808%2F8B,outputs/longshot_placer_index_expanded_20260811/jra_result_html/20260808_中京_07.html,079ee23b2af35583b9914e424a1a253ab79fe9d1c61302b9e805a8fdbd435f4c
2026-08-08,中京,7,7,ロードヴォイジャー,8,8.0,COMPLETED,1.0,https://www.jra.go.jp/JRADB/accessS.html?CNAME=pw01sde1007202602050720260808%2F8B,outputs/longshot_placer_index_expanded_20260811/jra_result_html/20260808_中京_07.html,079ee23b2af35583b9914e424a1a253ab79fe9d1c61302b9e805a8fdbd435f4c
2026-08-08,中京,7,8,メイショウシナノ,3,3.0,COMPLETED,5.0,https://www.jra.go.jp/JRADB/accessS.html?CNAME=pw01sde1007202602050720260808%2F8B,outputs/longshot_placer_index_expanded_20260811/jra_result_html/20260808_中京_07.html,079ee23b2af35583b9914e424a1a253ab79fe9d1c61302b9e805a8fdbd435f4c
2026-08-08,中京,8,1,リアルペガサス,12,12.0,COMPLETED,11.0,https://www.jra.go.jp/JRADB/accessS.html?CNAME=pw01sde1007202602050820260808%2F40,outputs/longshot_placer_index_expanded_20260811/jra_result_html/20260808_中京_08.html,e2065944e16ff0159c65a3457f1fe045a74e6bd8ea7d80299f0da8e6b9e779a9
2026-08-08,中京,8,2,ブルーストレイル,9,9.0,COMPLETED,12.0,https://www.jra.go.jp/JRADB/accessS.html?CNAME=pw01sde1007202602050820260808%2F40,outputs/longshot_placer_index_expanded_20260811/jra_result_html/20260808_中京_08.html,e2065944e16ff0159c65a3457f1fe045a74e6bd8ea7d80299f0da8e6b9e779a9
2026-08-08,中京,8,3,サンライズオスカー,2,2.0,COMPLETED,9.0,https://www.jra.go.jp/JRADB/accessS.html?CNAME=pw01sde1007202602050820260808%2F40,outputs/longshot_placer_index_expanded_20260811/jra_result_html/20260808_中京_08.html,e2065944e16ff0159c65a3457f1fe045a74e6bd8ea7d80299f0da8e6b9e779a9
2026-08-08,中京,8,4,レーンアジリティ,10,10.0,COMPLETED,7.0,https://www.jra.go.jp/JRADB/accessS.html?CNAME=pw01sde1007202602050820260808%2F40,outputs/longshot_placer_index_expanded_20260811/jra_result_html/20260808_中京_08.html,e2065944e16ff0159c65a3457f1fe045a74e6bd8ea7d80299f0da8e6b9e779a9
2026-08-08,中京,8,5,エイユーファイヤー,5,5.0,COMPLETED,6.0,https://www.jra.go.jp/JRADB/accessS.html?CNAME=pw01sde1007202602050820260808%2F40,outputs/longshot_placer_index_expanded_20260811/jra_result_html/20260808_中京_08.html,e2065944e16ff0159c65a3457f1fe045a74e6bd8ea7d80299f0da8e6b9e779a9
2026-08-08,中京,8,6,メイショウオグマ,7,7.0,COMPLETED,8.0,https://www.jra.go.jp/JRADB/accessS.html?CNAME=pw01sde1007202602050820260808%2F40,outputs/longshot_placer_index_expanded_20260811/jra_result_html/20260808_中京_08.html,e2065944e16ff0159c65a3457f1fe045a74e6bd8ea7d80299f0da8e6b9e779a9
2026-08-08,中京,8,7,クレスコドルフィン,11,11.0,COMPLETED,10.0,https://www.jra.go.jp/JRADB/accessS.html?CNAME=pw01sde1007202602050820260808%2F40,outputs/longshot_placer_index_expanded_20260811/jra_result_html/20260808_中京_08.html,e2065944e16ff0159c65a3457f1fe045a74e6bd8ea7d80299f0da8e6b9e779a9
2026-08-08,中京,8,8,スマートグロワール,8,8.0,COMPLETED,3.0,https://www.jra.go.jp/JRADB/accessS.html?CNAME=pw01sde1007202602050820260808%2F40,outputs/longshot_placer_index_expanded_20260811/jra_result_html/20260808_中京_08.html,e2065944e16ff0159c65a3457f1fe045a74e6bd8ea7d80299f0da8e6b9e779a9
2026-08-08,中京,8,9,リアンドゥクール,1,1.0,COMPLETED,1.0,https://www.jra.go.jp/JRADB/accessS.html?CNAME=pw01sde1007202602050820260808%2F40,outputs/longshot_placer_index_expanded_20260811/jra_result_html/20260808_中京_08.html,e2065944e16ff0159c65a3457f1fe045a74e6bd8ea7d80299f0da8e6b9e779a9
2026-08-08,中京,8,10,テーオーカイザー,3,3.0,COMPLETED,2.0,https://www.jra.go.jp/JRADB/accessS.html?CNAME=pw01sde1007202602050820260808%2F40,outputs/longshot_placer_index_expanded_20260811/jra_result_html/20260808_中京_08.html,e2065944e16ff0159c65a3457f1fe045a74e6bd8ea7d80299f0da8e6b9e779a9
2026-08-08,中京,8,11,ゴンタ,4,4.0,COMPLETED,4.0,https://www.jra.go.jp/JRADB/accessS.html?CNAME=pw01sde1007202602050820260808%2F40,outputs/longshot_placer_index_expanded_20260811/jra_result_html/20260808_中京_08.html,e2065944e16ff0159c65a3457f1fe045a74e6bd8ea7d80299f0da8e6b9e779a9
2026-08-08,中京,8,12,バケラッタ,6,6.0,COMPLETED,5.0,https://www.jra.go.jp/JRADB/accessS.html?CNAME=pw01sde1007202602050820260808%2F40,outputs/longshot_placer_index_expanded_20260811/jra_result_html/20260808_中京_08.html,e2065944e16ff0159c65a3457f1fe045a74e6bd8ea7d80299f0da8e6b9e779a9
2026-08-08,中京,10,1,マユナイト,10,10.0,COMPLETED,6.0,https://www.jra.go.jp/JRADB/accessS.html?CNAME=pw01sde1007202602051020260808%2FEA,outputs/longshot_placer_index_expanded_20260811/jra_result_html/20260808_中京_10.html,207d46ea43d9c7482765d2e2f331ba40df7bd086bde4099848d65271f258c6c1
2026-08-08,中京,10,2,ヤマニンコルザ,4,4.0,COMPLETED,2.0,https://www.jra.go.jp/JRADB/accessS.html?CNAME=pw01sde1007202602051020260808%2FEA,outputs/longshot_placer_index_expanded_20260811/jra_result_html/20260808_中京_10.html,207d46ea43d9c7482765d2e2f331ba40df7bd086bde4099848d65271f258c6c1
2026-08-08,中京,10,3,シュクルリー,9,9.0,COMPLETED,11.0,https://www.jra.go.jp/JRADB/accessS.html?CNAME=pw01sde1007202602051020260808%2FEA,outputs/longshot_placer_index_expanded_20260811/jra_result_html/20260808_中京_10.html,207d46ea43d9c7482765d2e2f331ba40df7bd086bde4099848d65271f258c6c1
2026-08-08,中京,10,4,エバイダンス,2,2.0,COMPLETED,1.0,https://www.jra.go.jp/JRADB/accessS.html?CNAME=pw01sde1007202602051020260808%2FEA,outputs/longshot_placer_index_expanded_20260811/jra_result_html/20260808_中京_10.html,207d46ea43d9c7482765d2e2f331ba40df7bd086bde4099848d65271f258c6c1
2026-08-08,中京,10,5,グロリアスニケ,12,12.0,COMPLETED,14.0,https://www.jra.go.jp/JRADB/accessS.html?CNAME=pw01sde1007202602051020260808%2FEA,outputs/longshot_placer_index_expanded_20260811/jra_result_html/20260808_中京_10.html,207d46ea43d9c7482765d2e2f331ba40df7bd086bde4099848d65271f258c6c1
2026-08-08,中京,10,6,フェイトブレイカー,7,7.0,COMPLETED,9.0,https://www.jra.go.jp/JRADB/accessS.html?CNAME=pw01sde1007202602051020260808%2FEA,outputs/longshot_placer_index_expanded_20260811/jra_result_html/20260808_中京_10.html,207d46ea43d9c7482765d2e2f331ba40df7bd086bde4099848d65271f258c6c1
2026-08-08,中京,10,7,カワキタベレッタ,6,6.0,COMPLETED,16.0,https://www.jra.go.jp/JRADB/accessS.html?CNAME=pw01sde1007202602051020260808%2FEA,outputs/longshot_placer_index_expanded_20260811/jra_result_html/20260808_中京_10.html,207d46ea43d9c7482765d2e2f331ba40df7bd086bde4099848d65271f258c6c1
2026-08-08,中京,10,8,サンシャインビーチ,11,11.0,COMPLETED,8.0,https://www.jra.go.jp/JRADB/accessS.html?CNAME=pw01sde1007202602051020260808%2FEA,outputs/longshot_placer_index_expanded_20260811/jra_result_html/20260808_中京_10.html,207d46ea43d9c7482765d2e2f331ba40df7bd086bde4099848d65271f258c6c1
2026-08-08,中京,10,9,アリュウ,16,16.0,COMPLETED,12.0,https://www.jra.go.jp/JRADB/accessS.html?CNAME=pw01sde1007202602051020260808%2FEA,outputs/longshot_placer_index_expanded_20260811/jra_result_html/20260808_中京_10.html,207d46ea43d9c7482765d2e2f331ba40df7bd086bde4099848d65271f258c6c1
2026-08-08,中京,10,10,ザムーン,14,14.0,COMPLETED,7.0,https://www.jra.go.jp/JRADB/accessS.html?CNAME=pw01sde1007202602051020260808%2FEA,outputs/longshot_placer_index_expanded_20260811/jra_result_html/20260808_中京_10.html,207d46ea43d9c7482765d2e2f331ba40df7bd086bde4099848d65271f258c6c1
2026-08-08,中京,10,11,ヒルノジェノヴァ,13,13.0,COMPLETED,15.0,https://www.jra.go.jp/JRADB/accessS.html?CNAME=pw01sde1007202602051020260808%2FEA,outputs/longshot_placer_index_expanded_20260811/jra_result_html/20260808_中京_10.html,207d46ea43d9c7482765d2e2f331ba40df7bd086bde4099848d65271f258c6c1
2026-08-08,中京,10,12,フルドフォルク,8,8.0,COMPLETED,10.0,https://www.jra.go.jp/JRADB/accessS.html?CNAME=pw01sde1007202602051020260808%2FEA,outputs/longshot_placer_index_expanded_20260811/jra_result_html/20260808_中京_10.html,207d46ea43d9c7482765d2e2f331ba40df7bd086bde4099848d65271f258c6c1
2026-08-08,中京,10,13,モチモチチャン,15,15.0,COMPLETED,13.0,https://www.jra.go.jp/JRADB/accessS.html?CNAME=pw01sde1007202602051020260808%2FEA,outputs/longshot_placer_index_expanded_20260811/jra_result_html/20260808_中京_10.html,207d46ea43d9c7482765d2e2f331ba40df7bd086bde4099848d65271f258c6c1
2026-08-08,中京,10,14,マイベスティー,5,5.0,COMPLETED,4.0,https://www.jra.go.jp/JRADB/accessS.html?CNAME=pw01sde1007202602051020260808%2FEA,outputs/longshot_placer_index_expanded_20260811/jra_result_html/20260808_中京_10.html,207d46ea43d9c7482765d2e2f331ba40df7bd086bde4099848d65271f258c6c1
2026-08-08,中京,10,15,モズオサキニ,1,1.0,COMPLETED,5.0,https://www.jra.go.jp/JRADB/accessS.html?CNAME=pw01sde1007202602051020260808%2FEA,outputs/longshot_placer_index_expanded_20260811/jra_result_html/20260808_中京_10.html,207d46ea43d9c7482765d2e2f331ba40df7bd086bde4099848d65271f258c6c1
2026-08-08,中京,10,16,ガルディエンヌ,3,3.0,COMPLETED,3.0,https://www.jra.go.jp/JRADB/accessS.html?CNAME=pw01sde1007202602051020260808%2FEA,outputs/longshot_placer_index_expanded_20260811/jra_result_html/20260808_中京_10.html,207d46ea43d9c7482765d2e2f331ba40df7bd086bde4099848d65271f258c6c1
2026-08-08,中京,11,1,レッドリガーレ,5,5.0,COMPLETED,6.0,https://www.jra.go.jp/JRADB/accessS.html?CNAME=pw01sde1007202602051120260808%2F9F,outputs/longshot_placer_index_expanded_20260811/jra_result_html/20260808_中京_11.html,cce09b07c0eb30a069a5dd0d808512dabaddfe9cf74c72856cf972fb3f83c3e2
2026-08-08,中京,11,2,ゴージャス,9,9.0,COMPLETED,7.0,https://www.jra.go.jp/JRADB/accessS.html?CNAME=pw01sde1007202602051120260808%2F9F,outputs/longshot_placer_index_expanded_20260811/jra_result_html/20260808_中京_11.html,cce09b07c0eb30a069a5dd0d808512dabaddfe9cf74c72856cf972fb3f83c3e2
2026-08-08,中京,11,3,オーライカモン,11,11.0,COMPLETED,4.0,https://www.jra.go.jp/JRADB/accessS.html?CNAME=pw01sde1007202602051120260808%2F9F,outputs/longshot_placer_index_expanded_20260811/jra_result_html/20260808_中京_11.html,cce09b07c0eb30a069a5dd0d808512dabaddfe9cf74c72856cf972fb3f83c3e2
2026-08-08,中京,11,4,バルセシート,1,1.0,COMPLETED,1.0,https://www.jra.go.jp/JRADB/accessS.html?CNAME=pw01sde1007202602051120260808%2F9F,outputs/longshot_placer_index_expanded_20260811/jra_result_html/20260808_中京_11.html,cce09b07c0eb30a069a5dd0d808512dabaddfe9cf74c72856cf972fb3f83c3e2
2026-08-08,中京,11,5,シャーリーゴールド,2,2.0,COMPLETED,8.0,https://www.jra.go.jp/JRADB/accessS.html?CNAME=pw01sde1007202602051120260808%2F9F,outputs/longshot_placer_index_expanded_20260811/jra_result_html/20260808_中京_11.html,cce09b07c0eb30a069a5dd0d808512dabaddfe9cf74c72856cf972fb3f83c3e2
2026-08-08,中京,11,6,グローブアマランス,4,4.0,COMPLETED,5.0,https://www.jra.go.jp/JRADB/accessS.html?CNAME=pw01sde1007202602051120260808%2F9F,outputs/longshot_placer_index_expanded_20260811/jra_result_html/20260808_中京_11.html,cce09b07c0eb30a069a5dd0d808512dabaddfe9cf74c72856cf972fb3f83c3e2
2026-08-08,中京,11,7,エスティヴァリス,7,7.0,COMPLETED,9.0,https://www.jra.go.jp/JRADB/accessS.html?CNAME=pw01sde1007202602051120260808%2F9F,outputs/longshot_placer_index_expanded_20260811/jra_result_html/20260808_中京_11.html,cce09b07c0eb30a069a5dd0d808512dabaddfe9cf74c72856cf972fb3f83c3e2
2026-08-08,中京,11,8,インターポーザー,6,6.0,COMPLETED,11.0,https://www.jra.go.jp/JRADB/accessS.html?CNAME=pw01sde1007202602051120260808%2F9F,outputs/longshot_placer_index_expanded_20260811/jra_result_html/20260808_中京_11.html,cce09b07c0eb30a069a5dd0d808512dabaddfe9cf74c72856cf972fb3f83c3e2
2026-08-08,中京,11,9,オーバースタンド,3,3.0,COMPLETED,3.0,https://www.jra.go.jp/JRADB/accessS.html?CNAME=pw01sde1007202602051120260808%2F9F,outputs/longshot_placer_index_expanded_20260811/jra_result_html/20260808_中京_11.html,cce09b07c0eb30a069a5dd0d808512dabaddfe9cf74c72856cf972fb3f83c3e2
2026-08-08,中京,11,10,ホールドミーワンス,10,10.0,COMPLETED,10.0,https://www.jra.go.jp/JRADB/accessS.html?CNAME=pw01sde1007202602051120260808%2F9F,outputs/longshot_placer_index_expanded_20260811/jra_result_html/20260808_中京_11.html,cce09b07c0eb30a069a5dd0d808512dabaddfe9cf74c72856cf972fb3f83c3e2
2026-08-08,中京,11,11,メイショウハボマイ,12,12.0,COMPLETED,12.0,https://www.jra.go.jp/JRADB/accessS.html?CNAME=pw01sde1007202602051120260808%2F9F,outputs/longshot_placer_index_expanded_20260811/jra_result_html/20260808_中京_11.html,cce09b07c0eb30a069a5dd0d808512dabaddfe9cf74c72856cf972fb3f83c3e2
2026-08-08,中京,11,12,テイエムスティール,8,8.0,COMPLETED,2.0,https://www.jra.go.jp/JRADB/accessS.html?CNAME=pw01sde1007202602051120260808%2F9F,outputs/longshot_placer_index_expanded_20260811/jra_result_html/20260808_中京_11.html,cce09b07c0eb30a069a5dd0d808512dabaddfe9cf74c72856cf972fb3f83c3e2
2026-08-08,中京,12,1,ウイングサンライズ,6,6.0,COMPLETED,8.0,https://www.jra.go.jp/JRADB/accessS.html?CNAME=pw01sde1007202602051220260808%2F54,outputs/longshot_placer_index_expanded_20260811/jra_result_html/20260808_中京_12.html,e41298f90eb89558b0457aeb71777bf8a17f39158fb50ebc6e4193d336bd3988
2026-08-08,中京,12,2,ティグリス,11,11.0,COMPLETED,7.0,https://www.jra.go.jp/JRADB/accessS.html?CNAME=pw01sde1007202602051220260808%2F54,outputs/longshot_placer_index_expanded_20260811/jra_result_html/20260808_中京_12.html,e41298f90eb89558b0457aeb71777bf8a17f39158fb50ebc6e4193d336bd3988
2026-08-08,中京,12,3,マスティカーレ,18,18.0,COMPLETED,5.0,https://www.jra.go.jp/JRADB/accessS.html?CNAME=pw01sde1007202602051220260808%2F54,outputs/longshot_placer_index_expanded_20260811/jra_result_html/20260808_中京_12.html,e41298f90eb89558b0457aeb71777bf8a17f39158fb50ebc6e4193d336bd3988
2026-08-08,中京,12,4,バルフルール,3,3.0,COMPLETED,12.0,https://www.jra.go.jp/JRADB/accessS.html?CNAME=pw01sde1007202602051220260808%2F54,outputs/longshot_placer_index_expanded_20260811/jra_result_html/20260808_中京_12.html,e41298f90eb89558b0457aeb71777bf8a17f39158fb50ebc6e4193d336bd3988
2026-08-08,中京,12,5,ルナフィオーレ,12,12.0,COMPLETED,4.0,https://www.jra.go.jp/JRADB/accessS.html?CNAME=pw01sde1007202602051220260808%2F54,outputs/longshot_placer_index_expanded_20260811/jra_result_html/20260808_中京_12.html,e41298f90eb89558b0457aeb71777bf8a17f39158fb50ebc6e4193d336bd3988
2026-08-08,中京,12,6,ペスキエーラ,17,17.0,COMPLETED,15.0,https://www.jra.go.jp/JRADB/accessS.html?CNAME=pw01sde1007202602051220260808%2F54,outputs/longshot_placer_index_expanded_20260811/jra_result_html/20260808_中京_12.html,e41298f90eb89558b0457aeb71777bf8a17f39158fb50ebc6e4193d336bd3988
2026-08-08,中京,12,7,エコロディアン,2,2.0,COMPLETED,2.0,https://www.jra.go.jp/JRADB/accessS.html?CNAME=pw01sde1007202602051220260808%2F54,outputs/longshot_placer_index_expanded_20260811/jra_result_html/20260808_中京_12.html,e41298f90eb89558b0457aeb71777bf8a17f39158fb50ebc6e4193d336bd3988
2026-08-08,中京,12,8,ルージュマデイラ,10,10.0,COMPLETED,14.0,https://www.jra.go.jp/JRADB/accessS.html?CNAME=pw01sde1007202602051220260808%2F54,outputs/longshot_placer_index_expanded_20260811/jra_result_html/20260808_中京_12.html,e41298f90eb89558b0457aeb71777bf8a17f39158fb50ebc6e4193d336bd3988
2026-08-08,中京,12,9,ルージュシャラポワ,16,16.0,COMPLETED,18.0,https://www.jra.go.jp/JRADB/accessS.html?CNAME=pw01sde1007202602051220260808%2F54,outputs/longshot_placer_index_expanded_20260811/jra_result_html/20260808_中京_12.html,e41298f90eb89558b0457aeb71777bf8a17f39158fb50ebc6e4193d336bd3988
2026-08-08,中京,12,10,ココロザスノ,9,9.0,COMPLETED,11.0,https://www.jra.go.jp/JRADB/accessS.html?CNAME=pw01sde1007202602051220260808%2F54,outputs/longshot_placer_index_expanded_20260811/jra_result_html/20260808_中京_12.html,e41298f90eb89558b0457aeb71777bf8a17f39158fb50ebc6e4193d336bd3988
2026-08-08,中京,12,11,フェブリノ,5,5.0,COMPLETED,9.0,https://www.jra.go.jp/JRADB/accessS.html?CNAME=pw01sde1007202602051220260808%2F54,outputs/longshot_placer_index_expanded_20260811/jra_result_html/20260808_中京_12.html,e41298f90eb89558b0457aeb71777bf8a17f39158fb50ebc6e4193d336bd3988
2026-08-08,中京,12,12,グレンセロース,4,4.0,COMPLETED,3.0,https://www.jra.go.jp/JRADB/accessS.html?CNAME=pw01sde1007202602051220260808%2F54,outputs/longshot_placer_index_expanded_20260811/jra_result_html/20260808_中京_12.html,e41298f90eb89558b0457aeb71777bf8a17f39158fb50ebc6e4193d336bd3988
2026-08-08,中京,12,13,タガノプトゥリ,14,14.0,COMPLETED,16.0,https://www.jra.go.jp/JRADB/accessS.html?CNAME=pw01sde1007202602051220260808%2F54,outputs/longshot_placer_index_expanded_20260811/jra_result_html/20260808_中京_12.html,e41298f90eb89558b0457aeb71777bf8a17f39158fb50ebc6e4193d336bd3988
2026-08-08,中京,12,14,ミヤジマミコ,8,8.0,COMPLETED,17.0,https://www.jra.go.jp/JRADB/accessS.html?CNAME=pw01sde1007202602051220260808%2F54,outputs/longshot_placer_index_expanded_20260811/jra_result_html/20260808_中京_12.html,e41298f90eb89558b0457aeb71777bf8a17f39158fb50ebc6e4193d336bd3988
2026-08-08,中京,12,15,ゴッドアイ,1,1.0,COMPLETED,1.0,https://www.jra.go.jp/JRADB/accessS.html?CNAME=pw01sde1007202602051220260808%2F54,outputs/longshot_placer_index_expanded_20260811/jra_result_html/20260808_中京_12.html,e41298f90eb89558b0457aeb71777bf8a17f39158fb50ebc6e4193d336bd3988
2026-08-08,中京,12,16,ハッピーリオン,15,15.0,COMPLETED,10.0,https://www.jra.go.jp/JRADB/accessS.html?CNAME=pw01sde1007202602051220260808%2F54,outputs/longshot_placer_index_expanded_20260811/jra_result_html/20260808_中京_12.html,e41298f90eb89558b0457aeb71777bf8a17f39158fb50ebc6e4193d336bd3988
2026-08-08,中京,12,17,グッデイ,7,7.0,COMPLETED,13.0,https://www.jra.go.jp/JRADB/accessS.html?CNAME=pw01sde1007202602051220260808%2F54,outputs/longshot_placer_index_expanded_20260811/jra_result_html/20260808_中京_12.html,e41298f90eb89558b0457aeb71777bf8a17f39158fb50ebc6e4193d336bd3988
2026-08-08,中京,12,18,スターアスコット,13,13.0,COMPLETED,6.0,https://www.jra.go.jp/JRADB/accessS.html?CNAME=pw01sde1007202602051220260808%2F54,outputs/longshot_placer_index_expanded_20260811/jra_result_html/20260808_中京_12.html,e41298f90eb89558b0457aeb71777bf8a17f39158fb50ebc6e4193d336bd3988
2026-08-08,新潟,1,1,マイネルヴェスペル,9,9.0,COMPLETED,8.0,https://www.jra.go.jp/JRADB/accessS.html?CNAME=pw01sde1004202602050120260808%2F6F,outputs/longshot_placer_index_expanded_20260811/jra_result_html/20260808_新潟_01.html,a599e00b697e7b3d2e8796e7713062fe601b9198eca23a0b39c18289e9081528
2026-08-08,新潟,1,2,トランサルピナ,3,3.0,COMPLETED,6.0,https://www.jra.go.jp/JRADB/accessS.html?CNAME=pw01sde1004202602050120260808%2F6F,outputs/longshot_placer_index_expanded_20260811/jra_result_html/20260808_新潟_01.html,a599e00b697e7b3d2e8796e7713062fe601b9198eca23a0b39c18289e9081528
2026-08-08,新潟,1,3,リーディンアクター,10,10.0,COMPLETED,4.0,https://www.jra.go.jp/JRADB/accessS.html?CNAME=pw01sde1004202602050120260808%2F6F,outputs/longshot_placer_index_expanded_20260811/jra_result_html/20260808_新潟_01.html,a599e00b697e7b3d2e8796e7713062fe601b9198eca23a0b39c18289e9081528
2026-08-08,新潟,1,4,シュアシング,12,12.0,COMPLETED,11.0,https://www.jra.go.jp/JRADB/accessS.html?CNAME=pw01sde1004202602050120260808%2F6F,outputs/longshot_placer_index_expanded_20260811/jra_result_html/20260808_新潟_01.html,a599e00b697e7b3d2e8796e7713062fe601b9198eca23a0b39c18289e9081528
2026-08-08,新潟,1,5,コスモルミナ,4,4.0,COMPLETED,3.0,https://www.jra.go.jp/JRADB/accessS.html?CNAME=pw01sde1004202602050120260808%2F6F,outputs/longshot_placer_index_expanded_20260811/jra_result_html/20260808_新潟_01.html,a599e00b697e7b3d2e8796e7713062fe601b9198eca23a0b39c18289e9081528
2026-08-08,新潟,1,6,アミノショコラ,13,13.0,COMPLETED,13.0,https://www.jra.go.jp/JRADB/accessS.html?CNAME=pw01sde1004202602050120260808%2F6F,outputs/longshot_placer_index_expanded_20260811/jra_result_html/20260808_新潟_01.html,a599e00b697e7b3d2e8796e7713062fe601b9198eca23a0b39c18289e9081528
2026-08-08,新潟,1,7,エルシオン,11,11.0,COMPLETED,10.0,https://www.jra.go.jp/JRADB/accessS.html?CNAME=pw01sde1004202602050120260808%2F6F,outputs/longshot_placer_index_expanded_20260811/jra_result_html/20260808_新潟_01.html,a599e00b697e7b3d2e8796e7713062fe601b9198eca23a0b39c18289e9081528
2026-08-08,新潟,1,8,セイウンイーリス,2,2.0,COMPLETED,5.0,https://www.jra.go.jp/JRADB/accessS.html?CNAME=pw01sde1004202602050120260808%2F6F,outputs/longshot_placer_index_expanded_20260811/jra_result_html/20260808_新潟_01.html,a599e00b697e7b3d2e8796e7713062fe601b9198eca23a0b39c18289e9081528
2026-08-08,新潟,1,9,コウソクレムリア,6,6.0,COMPLETED,7.0,https://www.jra.go.jp/JRADB/accessS.html?CNAME=pw01sde1004202602050120260808%2F6F,outputs/longshot_placer_index_expanded_20260811/jra_result_html/20260808_新潟_01.html,a599e00b697e7b3d2e8796e7713062fe601b9198eca23a0b39c18289e9081528
2026-08-08,新潟,1,10,ウインリスノアール,7,7.0,COMPLETED,2.0,https://www.jra.go.jp/JRADB/accessS.html?CNAME=pw01sde1004202602050120260808%2F6F,outputs/longshot_placer_index_expanded_20260811/jra_result_html/20260808_新潟_01.html,a599e00b697e7b3d2e8796e7713062fe601b9198eca23a0b39c18289e9081528
2026-08-08,新潟,1,11,クールボビー,5,5.0,COMPLETED,9.0,https://www.jra.go.jp/JRADB/accessS.html?CNAME=pw01sde1004202602050120260808%2F6F,outputs/longshot_placer_index_expanded_20260811/jra_result_html/20260808_新潟_01.html,a599e00b697e7b3d2e8796e7713062fe601b9198eca23a0b39c18289e9081528
2026-08-08,新潟,1,12,ヴィンチェローズ,8,8.0,COMPLETED,12.0,https://www.jra.go.jp/JRADB/accessS.html?CNAME=pw01sde1004202602050120260808%2F6F,outputs/longshot_placer_index_expanded_20260811/jra_result_html/20260808_新潟_01.html,a599e00b697e7b3d2e8796e7713062fe601b9198eca23a0b39c18289e9081528
2026-08-08,新潟,1,13,グルーヴェンス,1,1.0,COMPLETED,1.0,https://www.jra.go.jp/JRADB/accessS.html?CNAME=pw01sde1004202602050120260808%2F6F,outputs/longshot_placer_index_expanded_20260811/jra_result_html/20260808_新潟_01.html,a599e00b697e7b3d2e8796e7713062fe601b9198eca23a0b39c18289e9081528
2026-08-08,新潟,2,1,リングスター,10,10.0,COMPLETED,9.0,https://www.jra.go.jp/JRADB/accessS.html?CNAME=pw01sde1004202602050220260808%2F24,outputs/longshot_placer_index_expanded_20260811/jra_result_html/20260808_新潟_02.html,37a7ae0a9a2a79aec4b6b79a847e46034da25d70ee0d7312d3479f16d62c319c
2026-08-08,新潟,2,2,アイビーカイロス,5,5.0,COMPLETED,3.0,https://www.jra.go.jp/JRADB/accessS.html?CNAME=pw01sde1004202602050220260808%2F24,outputs/longshot_placer_index_expanded_20260811/jra_result_html/20260808_新潟_02.html,37a7ae0a9a2a79aec4b6b79a847e46034da25d70ee0d7312d3479f16d62c319c
2026-08-08,新潟,2,3,ジャスパートレノ,1,1.0,COMPLETED,1.0,https://www.jra.go.jp/JRADB/accessS.html?CNAME=pw01sde1004202602050220260808%2F24,outputs/longshot_placer_index_expanded_20260811/jra_result_html/20260808_新潟_02.html,37a7ae0a9a2a79aec4b6b79a847e46034da25d70ee0d7312d3479f16d62c319c
2026-08-08,新潟,2,4,ベアベルヴォワ,9,9.0,COMPLETED,10.0,https://www.jra.go.jp/JRADB/accessS.html?CNAME=pw01sde1004202602050220260808%2F24,outputs/longshot_placer_index_expanded_20260811/jra_result_html/20260808_新潟_02.html,37a7ae0a9a2a79aec4b6b79a847e46034da25d70ee0d7312d3479f16d62c319c
2026-08-08,新潟,2,5,サザンヴィターレ,3,3.0,COMPLETED,7.0,https://www.jra.go.jp/JRADB/accessS.html?CNAME=pw01sde1004202602050220260808%2F24,outputs/longshot_placer_index_expanded_20260811/jra_result_html/20260808_新潟_02.html,37a7ae0a9a2a79aec4b6b79a847e46034da25d70ee0d7312d3479f16d62c319c
2026-08-08,新潟,2,6,ビーテリオス,4,4.0,COMPLETED,8.0,https://www.jra.go.jp/JRADB/accessS.html?CNAME=pw01sde1004202602050220260808%2F24,outputs/longshot_placer_index_expanded_20260811/jra_result_html/20260808_新潟_02.html,37a7ae0a9a2a79aec4b6b79a847e46034da25d70ee0d7312d3479f16d62c319c
2026-08-08,新潟,2,7,スマートブライド,2,2.0,COMPLETED,2.0,https://www.jra.go.jp/JRADB/accessS.html?CNAME=pw01sde1004202602050220260808%2F24,outputs/longshot_placer_index_expanded_20260811/jra_result_html/20260808_新潟_02.html,37a7ae0a9a2a79aec4b6b79a847e46034da25d70ee0d7312d3479f16d62c319c
2026-08-08,新潟,2,8,ナムラアラバイ,6,6.0,COMPLETED,6.0,https://www.jra.go.jp/JRADB/accessS.html?CNAME=pw01sde1004202602050220260808%2F24,outputs/longshot_placer_index_expanded_20260811/jra_result_html/20260808_新潟_02.html,37a7ae0a9a2a79aec4b6b79a847e46034da25d70ee0d7312d3479f16d62c319c
2026-08-08,新潟,2,9,ホシノサミダレ,8,8.0,COMPLETED,4.0,https://www.jra.go.jp/JRADB/accessS.html?CNAME=pw01sde1004202602050220260808%2F24,outputs/longshot_placer_index_expanded_20260811/jra_result_html/20260808_新潟_02.html,37a7ae0a9a2a79aec4b6b79a847e46034da25d70ee0d7312d3479f16d62c319c
2026-08-08,新潟,2,10,ブルドッグドン,7,7.0,COMPLETED,5.0,https://www.jra.go.jp/JRADB/accessS.html?CNAME=pw01sde1004202602050220260808%2F24,outputs/longshot_placer_index_expanded_20260811/jra_result_html/20260808_新潟_02.html,37a7ae0a9a2a79aec4b6b79a847e46034da25d70ee0d7312d3479f16d62c319c
2026-08-08,新潟,3,1,ソヴリンゲート,5,5.0,COMPLETED,10.0,https://www.jra.go.jp/JRADB/accessS.html?CNAME=pw01sde1004202602050320260808%2FD9,outputs/longshot_placer_index_expanded_20260811/jra_result_html/20260808_新潟_03.html,c011f0a298f757872fb6d0c56bcc10028da80a182b5e6445f340b0d4352d8d0b
2026-08-08,新潟,3,2,オペレッタテソーロ,10,10.0,COMPLETED,9.0,https://www.jra.go.jp/JRADB/accessS.html?CNAME=pw01sde1004202602050320260808%2FD9,outputs/longshot_placer_index_expanded_20260811/jra_result_html/20260808_新潟_03.html,c011f0a298f757872fb6d0c56bcc10028da80a182b5e6445f340b0d4352d8d0b
2026-08-08,新潟,3,3,スヴェンガーリ,12,12.0,COMPLETED,6.0,https://www.jra.go.jp/JRADB/accessS.html?CNAME=pw01sde1004202602050320260808%2FD9,outputs/longshot_placer_index_expanded_20260811/jra_result_html/20260808_新潟_03.html,c011f0a298f757872fb6d0c56bcc10028da80a182b5e6445f340b0d4352d8d0b
2026-08-08,新潟,3,4,エートレイン,9,9.0,COMPLETED,5.0,https://www.jra.go.jp/JRADB/accessS.html?CNAME=pw01sde1004202602050320260808%2FD9,outputs/longshot_placer_index_expanded_20260811/jra_result_html/20260808_新潟_03.html,c011f0a298f757872fb6d0c56bcc10028da80a182b5e6445f340b0d4352d8d0b
2026-08-08,新潟,3,5,ニシノアナベル,7,7.0,COMPLETED,11.0,https://www.jra.go.jp/JRADB/accessS.html?CNAME=pw01sde1004202602050320260808%2FD9,outputs/longshot_placer_index_expanded_20260811/jra_result_html/20260808_新潟_03.html,c011f0a298f757872fb6d0c56bcc10028da80a182b5e6445f340b0d4352d8d0b
2026-08-08,新潟,3,6,コラリオン,1,1.0,COMPLETED,3.0,https://www.jra.go.jp/JRADB/accessS.html?CNAME=pw01sde1004202602050320260808%2FD9,outputs/longshot_placer_index_expanded_20260811/jra_result_html/20260808_新潟_03.html,c011f0a298f757872fb6d0c56bcc10028da80a182b5e6445f340b0d4352d8d0b
2026-08-08,新潟,3,7,アトミックリーチ,4,4.0,COMPLETED,1.0,https://www.jra.go.jp/JRADB/accessS.html?CNAME=pw01sde1004202602050320260808%2FD9,outputs/longshot_placer_index_expanded_20260811/jra_result_html/20260808_新潟_03.html,c011f0a298f757872fb6d0c56bcc10028da80a182b5e6445f340b0d4352d8d0b
2026-08-08,新潟,3,8,フォンターナドーロ,11,11.0,COMPLETED,7.0,https://www.jra.go.jp/JRADB/accessS.html?CNAME=pw01sde1004202602050320260808%2FD9,outputs/longshot_placer_index_expanded_20260811/jra_result_html/20260808_新潟_03.html,c011f0a298f757872fb6d0c56bcc10028da80a182b5e6445f340b0d4352d8d0b
2026-08-08,新潟,3,9,ニシノリリックス,8,8.0,COMPLETED,12.0,https://www.jra.go.jp/JRADB/accessS.html?CNAME=pw01sde1004202602050320260808%2FD9,outputs/longshot_placer_index_expanded_20260811/jra_result_html/20260808_新潟_03.html,c011f0a298f757872fb6d0c56bcc10028da80a182b5e6445f340b0d4352d8d0b
2026-08-08,新潟,3,10,インテルラゴス,6,6.0,COMPLETED,2.0,https://www.jra.go.jp/JRADB/accessS.html?CNAME=pw01sde1004202602050320260808%2FD9,outputs/longshot_placer_index_expanded_20260811/jra_result_html/20260808_新潟_03.html,c011f0a298f757872fb6d0c56bcc10028da80a182b5e6445f340b0d4352d8d0b
2026-08-08,新潟,3,11,コスモプルー,2,2.0,COMPLETED,8.0,https://www.jra.go.jp/JRADB/accessS.html?CNAME=pw01sde1004202602050320260808%2FD9,outputs/longshot_placer_index_expanded_20260811/jra_result_html/20260808_新潟_03.html,c011f0a298f757872fb6d0c56bcc10028da80a182b5e6445f340b0d4352d8d0b
2026-08-08,新潟,3,12,エピックジャーニー,3,3.0,COMPLETED,4.0,https://www.jra.go.jp/JRADB/accessS.html?CNAME=pw01sde1004202602050320260808%2FD9,outputs/longshot_placer_index_expanded_20260811/jra_result_html/20260808_新潟_03.html,c011f0a298f757872fb6d0c56bcc10028da80a182b5e6445f340b0d4352d8d0b
2026-08-08,新潟,4,1,サリーアン,3,3.0,COMPLETED,8.0,https://www.jra.go.jp/JRADB/accessS.html?CNAME=pw01sde1004202602050420260808%2F8E,outputs/longshot_placer_index_expanded_20260811/jra_result_html/20260808_新潟_04.html,79a63877ad8c4a8a7a6cc8962bc6489595dcc6442cf3d32093924af083a38fbd
2026-08-08,新潟,4,2,マイチバイ,8,8.0,COMPLETED,14.0,https://www.jra.go.jp/JRADB/accessS.html?CNAME=pw01sde1004202602050420260808%2F8E,outputs/longshot_placer_index_expanded_20260811/jra_result_html/20260808_新潟_04.html,79a63877ad8c4a8a7a6cc8962bc6489595dcc6442cf3d32093924af083a38fbd
2026-08-08,新潟,4,3,スティールヴォーグ,11,11.0,COMPLETED,1.0,https://www.jra.go.jp/JRADB/accessS.html?CNAME=pw01sde1004202602050420260808%2F8E,outputs/longshot_placer_index_expanded_20260811/jra_result_html/20260808_新潟_04.html,79a63877ad8c4a8a7a6cc8962bc6489595dcc6442cf3d32093924af083a38fbd
2026-08-08,新潟,4,4,ブルーダイヤシチー,4,4.0,COMPLETED,11.0,https://www.jra.go.jp/JRADB/accessS.html?CNAME=pw01sde1004202602050420260808%2F8E,outputs/longshot_placer_index_expanded_20260811/jra_result_html/20260808_新潟_04.html,79a63877ad8c4a8a7a6cc8962bc6489595dcc6442cf3d32093924af083a38fbd
2026-08-08,新潟,4,5,カラクリスピリッツ,6,6.0,COMPLETED,9.0,https://www.jra.go.jp/JRADB/accessS.html?CNAME=pw01sde1004202602050420260808%2F8E,outputs/longshot_placer_index_expanded_20260811/jra_result_html/20260808_新潟_04.html,79a63877ad8c4a8a7a6cc8962bc6489595dcc6442cf3d32093924af083a38fbd
2026-08-08,新潟,4,6,ブレイブシュガー,7,7.0,COMPLETED,4.0,https://www.jra.go.jp/JRADB/accessS.html?CNAME=pw01sde1004202602050420260808%2F8E,outputs/longshot_placer_index_expanded_20260811/jra_result_html/20260808_新潟_04.html,79a63877ad8c4a8a7a6cc8962bc6489595dcc6442cf3d32093924af083a38fbd
2026-08-08,新潟,4,7,ジャストキュート,13,13.0,COMPLETED,6.0,https://www.jra.go.jp/JRADB/accessS.html?CNAME=pw01sde1004202602050420260808%2F8E,outputs/longshot_placer_index_expanded_20260811/jra_result_html/20260808_新潟_04.html,79a63877ad8c4a8a7a6cc8962bc6489595dcc6442cf3d32093924af083a38fbd
2026-08-08,新潟,4,8,セイウンヤオヨロズ,除外,,除外,,https://www.jra.go.jp/JRADB/accessS.html?CNAME=pw01sde1004202602050420260808%2F8E,outputs/longshot_placer_index_expanded_20260811/jra_result_html/20260808_新潟_04.html,79a63877ad8c4a8a7a6cc8962bc6489595dcc6442cf3d32093924af083a38fbd
2026-08-08,新潟,4,9,ユイハホンキダゼ,2,2.0,COMPLETED,5.0,https://www.jra.go.jp/JRADB/accessS.html?CNAME=pw01sde1004202602050420260808%2F8E,outputs/longshot_placer_index_expanded_20260811/jra_result_html/20260808_新潟_04.html,79a63877ad8c4a8a7a6cc8962bc6489595dcc6442cf3d32093924af083a38fbd
2026-08-08,新潟,4,10,スノーランス,5,5.0,COMPLETED,3.0,https://www.jra.go.jp/JRADB/accessS.html?CNAME=pw01sde1004202602050420260808%2F8E,outputs/longshot_placer_index_expanded_20260811/jra_result_html/20260808_新潟_04.html,79a63877ad8c4a8a7a6cc8962bc6489595dcc6442cf3d32093924af083a38fbd
2026-08-08,新潟,4,11,アーリマックス,10,10.0,COMPLETED,7.0,https://www.jra.go.jp/JRADB/accessS.html?CNAME=pw01sde1004202602050420260808%2F8E,outputs/longshot_placer_index_expanded_20260811/jra_result_html/20260808_新潟_04.html,79a63877ad8c4a8a7a6cc8962bc6489595dcc6442cf3d32093924af083a38fbd
2026-08-08,新潟,4,12,ホウオウバトラー,9,9.0,COMPLETED,10.0,https://www.jra.go.jp/JRADB/accessS.html?CNAME=pw01sde1004202602050420260808%2F8E,outputs/longshot_placer_index_expanded_20260811/jra_result_html/20260808_新潟_04.html,79a63877ad8c4a8a7a6cc8962bc6489595dcc6442cf3d32093924af083a38fbd
2026-08-08,新潟,4,13,トラスティア,1,1.0,COMPLETED,2.0,https://www.jra.go.jp/JRADB/accessS.html?CNAME=pw01sde1004202602050420260808%2F8E,outputs/longshot_placer_index_expanded_20260811/jra_result_html/20260808_新潟_04.html,79a63877ad8c4a8a7a6cc8962bc6489595dcc6442cf3d32093924af083a38fbd
2026-08-08,新潟,4,14,デルマシラカミ,12,12.0,COMPLETED,13.0,https://www.jra.go.jp/JRADB/accessS.html?CNAME=pw01sde1004202602050420260808%2F8E,outputs/longshot_placer_index_expanded_20260811/jra_result_html/20260808_新潟_04.html,79a63877ad8c4a8a7a6cc8962bc6489595dcc6442cf3d32093924af083a38fbd
2026-08-08,新潟,4,15,リオダプラタ,14,14.0,COMPLETED,12.0,https://www.jra.go.jp/JRADB/accessS.html?CNAME=pw01sde1004202602050420260808%2F8E,outputs/longshot_placer_index_expanded_20260811/jra_result_html/20260808_新潟_04.html,79a63877ad8c4a8a7a6cc8962bc6489595dcc6442cf3d32093924af083a38fbd
2026-08-08,新潟,5,1,クライングナウ,3,3.0,COMPLETED,10.0,https://www.jra.go.jp/JRADB/accessS.html?CNAME=pw01sde1004202602050520260808%2F43,outputs/longshot_placer_index_expanded_20260811/jra_result_html/20260808_新潟_05.html,7e2de6699ac962597455b379166308813fc685e7aa069d0fb24b6295aed96643
2026-08-08,新潟,5,2,キタノドンカルロ,14,14.0,COMPLETED,2.0,https://www.jra.go.jp/JRADB/accessS.html?CNAME=pw01sde1004202602050520260808%2F43,outputs/longshot_placer_index_expanded_20260811/jra_result_html/20260808_新潟_05.html,7e2de6699ac962597455b379166308813fc685e7aa069d0fb24b6295aed96643
2026-08-08,新潟,5,3,テキサスバローズ,11,11.0,COMPLETED,13.0,https://www.jra.go.jp/JRADB/accessS.html?CNAME=pw01sde1004202602050520260808%2F43,outputs/longshot_placer_index_expanded_20260811/jra_result_html/20260808_新潟_05.html,7e2de6699ac962597455b379166308813fc685e7aa069d0fb24b6295aed96643
2026-08-08,新潟,5,4,ユイノサダハル,4,4.0,COMPLETED,3.0,https://www.jra.go.jp/JRADB/accessS.html?CNAME=pw01sde1004202602050520260808%2F43,outputs/longshot_placer_index_expanded_20260811/jra_result_html/20260808_新潟_05.html,7e2de6699ac962597455b379166308813fc685e7aa069d0fb24b6295aed96643
2026-08-08,新潟,5,5,オウケンサクラコ,2,2.0,COMPLETED,11.0,https://www.jra.go.jp/JRADB/accessS.html?CNAME=pw01sde1004202602050520260808%2F43,outputs/longshot_placer_index_expanded_20260811/jra_result_html/20260808_新潟_05.html,7e2de6699ac962597455b379166308813fc685e7aa069d0fb24b6295aed96643
2026-08-08,新潟,5,6,キタイノホシ,6,6.0,COMPLETED,7.0,https://www.jra.go.jp/JRADB/accessS.html?CNAME=pw01sde1004202602050520260808%2F43,outputs/longshot_placer_index_expanded_20260811/jra_result_html/20260808_新潟_05.html,7e2de6699ac962597455b379166308813fc685e7aa069d0fb24b6295aed96643
2026-08-08,新潟,5,7,パワポケウォーズ,9,9.0,COMPLETED,12.0,https://www.jra.go.jp/JRADB/accessS.html?CNAME=pw01sde1004202602050520260808%2F43,outputs/longshot_placer_index_expanded_20260811/jra_result_html/20260808_新潟_05.html,7e2de6699ac962597455b379166308813fc685e7aa069d0fb24b6295aed96643
2026-08-08,新潟,5,8,シンショク,10,10.0,COMPLETED,6.0,https://www.jra.go.jp/JRADB/accessS.html?CNAME=pw01sde1004202602050520260808%2F43,outputs/longshot_placer_index_expanded_20260811/jra_result_html/20260808_新潟_05.html,7e2de6699ac962597455b379166308813fc685e7aa069d0fb24b6295aed96643
2026-08-08,新潟,5,9,ロイヤルタイム,13,13.0,COMPLETED,14.0,https://www.jra.go.jp/JRADB/accessS.html?CNAME=pw01sde1004202602050520260808%2F43,outputs/longshot_placer_index_expanded_20260811/jra_result_html/20260808_新潟_05.html,7e2de6699ac962597455b379166308813fc685e7aa069d0fb24b6295aed96643
2026-08-08,新潟,5,10,デルマカイモン,12,12.0,COMPLETED,9.0,https://www.jra.go.jp/JRADB/accessS.html?CNAME=pw01sde1004202602050520260808%2F43,outputs/longshot_placer_index_expanded_20260811/jra_result_html/20260808_新潟_05.html,7e2de6699ac962597455b379166308813fc685e7aa069d0fb24b6295aed96643
2026-08-08,新潟,5,11,アラビアンドリーム,1,1.0,COMPLETED,1.0,https://www.jra.go.jp/JRADB/accessS.html?CNAME=pw01sde1004202602050520260808%2F43,outputs/longshot_placer_index_expanded_20260811/jra_result_html/20260808_新潟_05.html,7e2de6699ac962597455b379166308813fc685e7aa069d0fb24b6295aed96643
2026-08-08,新潟,5,12,ウォーレーションズ,7,7.0,COMPLETED,5.0,https://www.jra.go.jp/JRADB/accessS.html?CNAME=pw01sde1004202602050520260808%2F43,outputs/longshot_placer_index_expanded_20260811/jra_result_html/20260808_新潟_05.html,7e2de6699ac962597455b379166308813fc685e7aa069d0fb24b6295aed96643
2026-08-08,新潟,5,13,コパノミラノ,8,8.0,COMPLETED,8.0,https://www.jra.go.jp/JRADB/accessS.html?CNAME=pw01sde1004202602050520260808%2F43,outputs/longshot_placer_index_expanded_20260811/jra_result_html/20260808_新潟_05.html,7e2de6699ac962597455b379166308813fc685e7aa069d0fb24b6295aed96643
2026-08-08,新潟,5,14,オーロラボレアリス,5,5.0,COMPLETED,4.0,https://www.jra.go.jp/JRADB/accessS.html?CNAME=pw01sde1004202602050520260808%2F43,outputs/longshot_placer_index_expanded_20260811/jra_result_html/20260808_新潟_05.html,7e2de6699ac962597455b379166308813fc685e7aa069d0fb24b6295aed96643
2026-08-08,新潟,5,15,ジーティーホクサイ,15,15.0,COMPLETED,15.0,https://www.jra.go.jp/JRADB/accessS.html?CNAME=pw01sde1004202602050520260808%2F43,outputs/longshot_placer_index_expanded_20260811/jra_result_html/20260808_新潟_05.html,7e2de6699ac962597455b379166308813fc685e7aa069d0fb24b6295aed96643
2026-08-08,新潟,6,1,ウインベアトリス,6,6.0,COMPLETED,5.0,https://www.jra.go.jp/JRADB/accessS.html?CNAME=pw01sde1004202602050620260808%2FF8,outputs/longshot_placer_index_expanded_20260811/jra_result_html/20260808_新潟_06.html,a0ae714efaeba7f72721b994c7b00db1b51fd41777d1d81f829ecc749661a445
2026-08-08,新潟,6,2,クライスレリアーナ,2,2.0,COMPLETED,2.0,https://www.jra.go.jp/JRADB/accessS.html?CNAME=pw01sde1004202602050620260808%2FF8,outputs/longshot_placer_index_expanded_20260811/jra_result_html/20260808_新潟_06.html,a0ae714efaeba7f72721b994c7b00db1b51fd41777d1d81f829ecc749661a445
2026-08-08,新潟,6,3,カフェアローロ,7,7.0,COMPLETED,9.0,https://www.jra.go.jp/JRADB/accessS.html?CNAME=pw01sde1004202602050620260808%2FF8,outputs/longshot_placer_index_expanded_20260811/jra_result_html/20260808_新潟_06.html,a0ae714efaeba7f72721b994c7b00db1b51fd41777d1d81f829ecc749661a445
2026-08-08,新潟,6,4,ジャンビ,5,5.0,COMPLETED,8.0,https://www.jra.go.jp/JRADB/accessS.html?CNAME=pw01sde1004202602050620260808%2FF8,outputs/longshot_placer_index_expanded_20260811/jra_result_html/20260808_新潟_06.html,a0ae714efaeba7f72721b994c7b00db1b51fd41777d1d81f829ecc749661a445
2026-08-08,新潟,6,5,キスアンドクライ,4,4.0,COMPLETED,3.0,https://www.jra.go.jp/JRADB/accessS.html?CNAME=pw01sde1004202602050620260808%2FF8,outputs/longshot_placer_index_expanded_20260811/jra_result_html/20260808_新潟_06.html,a0ae714efaeba7f72721b994c7b00db1b51fd41777d1d81f829ecc749661a445
2026-08-08,新潟,6,6,ミラーダカリエンテ,9,9.0,COMPLETED,7.0,https://www.jra.go.jp/JRADB/accessS.html?CNAME=pw01sde1004202602050620260808%2FF8,outputs/longshot_placer_index_expanded_20260811/jra_result_html/20260808_新潟_06.html,a0ae714efaeba7f72721b994c7b00db1b51fd41777d1d81f829ecc749661a445
2026-08-08,新潟,6,7,ビッグデイメイク,8,8.0,COMPLETED,10.0,https://www.jra.go.jp/JRADB/accessS.html?CNAME=pw01sde1004202602050620260808%2FF8,outputs/longshot_placer_index_expanded_20260811/jra_result_html/20260808_新潟_06.html,a0ae714efaeba7f72721b994c7b00db1b51fd41777d1d81f829ecc749661a445
2026-08-08,新潟,6,8,ラベルセーヌ,1,1.0,COMPLETED,1.0,https://www.jra.go.jp/JRADB/accessS.html?CNAME=pw01sde1004202602050620260808%2FF8,outputs/longshot_placer_index_expanded_20260811/jra_result_html/20260808_新潟_06.html,a0ae714efaeba7f72721b994c7b00db1b51fd41777d1d81f829ecc749661a445
2026-08-08,新潟,6,9,ドリームクルーズ,10,10.0,COMPLETED,6.0,https://www.jra.go.jp/JRADB/accessS.html?CNAME=pw01sde1004202602050620260808%2FF8,outputs/longshot_placer_index_expanded_20260811/jra_result_html/20260808_新潟_06.html,a0ae714efaeba7f72721b994c7b00db1b51fd41777d1d81f829ecc749661a445
2026-08-08,新潟,6,10,メランジェ,3,3.0,COMPLETED,4.0,https://www.jra.go.jp/JRADB/accessS.html?CNAME=pw01sde1004202602050620260808%2FF8,outputs/longshot_placer_index_expanded_20260811/jra_result_html/20260808_新潟_06.html,a0ae714efaeba7f72721b994c7b00db1b51fd41777d1d81f829ecc749661a445
2026-08-08,新潟,7,1,レイニング,4,4.0,COMPLETED,2.0,https://www.jra.go.jp/JRADB/accessS.html?CNAME=pw01sde1004202602050720260808%2FAD,outputs/longshot_placer_index_expanded_20260811/jra_result_html/20260808_新潟_07.html,71c041b76f99db049a2c2ba1b4ee690b16a1c2568211e5eae817ff3ddcf2673f
2026-08-08,新潟,7,2,ヤマニンサンパ,13,13.0,COMPLETED,9.0,https://www.jra.go.jp/JRADB/accessS.html?CNAME=pw01sde1004202602050720260808%2FAD,outputs/longshot_placer_index_expanded_20260811/jra_result_html/20260808_新潟_07.html,71c041b76f99db049a2c2ba1b4ee690b16a1c2568211e5eae817ff3ddcf2673f
2026-08-08,新潟,7,3,ヴォンフレ,5,5.0,COMPLETED,8.0,https://www.jra.go.jp/JRADB/accessS.html?CNAME=pw01sde1004202602050720260808%2FAD,outputs/longshot_placer_index_expanded_20260811/jra_result_html/20260808_新潟_07.html,71c041b76f99db049a2c2ba1b4ee690b16a1c2568211e5eae817ff3ddcf2673f
2026-08-08,新潟,7,4,エストゥペンダ,1,1.0,COMPLETED,1.0,https://www.jra.go.jp/JRADB/accessS.html?CNAME=pw01sde1004202602050720260808%2FAD,outputs/longshot_placer_index_expanded_20260811/jra_result_html/20260808_新潟_07.html,71c041b76f99db049a2c2ba1b4ee690b16a1c2568211e5eae817ff3ddcf2673f
2026-08-08,新潟,7,5,ラインベック,8,8.0,COMPLETED,12.0,https://www.jra.go.jp/JRADB/accessS.html?CNAME=pw01sde1004202602050720260808%2FAD,outputs/longshot_placer_index_expanded_20260811/jra_result_html/20260808_新潟_07.html,71c041b76f99db049a2c2ba1b4ee690b16a1c2568211e5eae817ff3ddcf2673f
2026-08-08,新潟,7,6,ミアネーロ,3,3.0,COMPLETED,4.0,https://www.jra.go.jp/JRADB/accessS.html?CNAME=pw01sde1004202602050720260808%2FAD,outputs/longshot_placer_index_expanded_20260811/jra_result_html/20260808_新潟_07.html,71c041b76f99db049a2c2ba1b4ee690b16a1c2568211e5eae817ff3ddcf2673f
2026-08-08,新潟,7,7,レガーロデルシエロ,12,12.0,COMPLETED,3.0,https://www.jra.go.jp/JRADB/accessS.html?CNAME=pw01sde1004202602050720260808%2FAD,outputs/longshot_placer_index_expanded_20260811/jra_result_html/20260808_新潟_07.html,71c041b76f99db049a2c2ba1b4ee690b16a1c2568211e5eae817ff3ddcf2673f
2026-08-08,新潟,7,8,ディマイザキッド,7,7.0,COMPLETED,5.0,https://www.jra.go.jp/JRADB/accessS.html?CNAME=pw01sde1004202602050720260808%2FAD,outputs/longshot_placer_index_expanded_20260811/jra_result_html/20260808_新潟_07.html,71c041b76f99db049a2c2ba1b4ee690b16a1c2568211e5eae817ff3ddcf2673f
2026-08-08,新潟,7,9,ジュンブロッサム,9,9.0,COMPLETED,7.0,https://www.jra.go.jp/JRADB/accessS.html?CNAME=pw01sde1004202602050720260808%2FAD,outputs/longshot_placer_index_expanded_20260811/jra_result_html/20260808_新潟_07.html,71c041b76f99db049a2c2ba1b4ee690b16a1c2568211e5eae817ff3ddcf2673f
2026-08-08,新潟,7,10,セントメモリーズ,14,14.0,COMPLETED,15.0,https://www.jra.go.jp/JRADB/accessS.html?CNAME=pw01sde1004202602050720260808%2FAD,outputs/longshot_placer_index_expanded_20260811/jra_result_html/20260808_新潟_07.html,71c041b76f99db049a2c2ba1b4ee690b16a1c2568211e5eae817ff3ddcf2673f
2026-08-08,新潟,7,11,ゴンバデカーブース,2,2.0,COMPLETED,10.0,https://www.jra.go.jp/JRADB/accessS.html?CNAME=pw01sde1004202602050720260808%2FAD,outputs/longshot_placer_index_expanded_20260811/jra_result_html/20260808_新潟_07.html,71c041b76f99db049a2c2ba1b4ee690b16a1c2568211e5eae817ff3ddcf2673f
2026-08-08,新潟,7,12,ドラゴンヘッド,15,15.0,COMPLETED,14.0,https://www.jra.go.jp/JRADB/accessS.html?CNAME=pw01sde1004202602050720260808%2FAD,outputs/longshot_placer_index_expanded_20260811/jra_result_html/20260808_新潟_07.html,71c041b76f99db049a2c2ba1b4ee690b16a1c2568211e5eae817ff3ddcf2673f
2026-08-08,新潟,7,13,ゴートゥファースト,10,10.0,COMPLETED,11.0,https://www.jra.go.jp/JRADB/accessS.html?CNAME=pw01sde1004202602050720260808%2FAD,outputs/longshot_placer_index_expanded_20260811/jra_result_html/20260808_新潟_07.html,71c041b76f99db049a2c2ba1b4ee690b16a1c2568211e5eae817ff3ddcf2673f
2026-08-08,新潟,7,14,アンリーロード,11,11.0,COMPLETED,13.0,https://www.jra.go.jp/JRADB/accessS.html?CNAME=pw01sde1004202602050720260808%2FAD,outputs/longshot_placer_index_expanded_20260811/jra_result_html/20260808_新潟_07.html,71c041b76f99db049a2c2ba1b4ee690b16a1c2568211e5eae817ff3ddcf2673f
2026-08-08,新潟,7,15,シンハナーダ,5,5.0,COMPLETED,6.0,https://www.jra.go.jp/JRADB/accessS.html?CNAME=pw01sde1004202602050720260808%2FAD,outputs/longshot_placer_index_expanded_20260811/jra_result_html/20260808_新潟_07.html,71c041b76f99db049a2c2ba1b4ee690b16a1c2568211e5eae817ff3ddcf2673f
2026-08-08,新潟,7,16,コスモブッドレア,16,16.0,COMPLETED,16.0,https://www.jra.go.jp/JRADB/accessS.html?CNAME=pw01sde1004202602050720260808%2FAD,outputs/longshot_placer_index_expanded_20260811/jra_result_html/20260808_新潟_07.html,71c041b76f99db049a2c2ba1b4ee690b16a1c2568211e5eae817ff3ddcf2673f
2026-08-08,新潟,8,1,ラヴィサンエール,4,4.0,COMPLETED,6.0,https://www.jra.go.jp/JRADB/accessS.html?CNAME=pw01sde1004202602050820260808%2F62,outputs/longshot_placer_index_expanded_20260811/jra_result_html/20260808_新潟_08.html,80629ee71c5654a51fa3c0edc23a472e7caa122d5ed268d076972dcfbfaf7941
2026-08-08,新潟,8,2,カレンハウ,3,3.0,COMPLETED,3.0,https://www.jra.go.jp/JRADB/accessS.html?CNAME=pw01sde1004202602050820260808%2F62,outputs/longshot_placer_index_expanded_20260811/jra_result_html/20260808_新潟_08.html,80629ee71c5654a51fa3c0edc23a472e7caa122d5ed268d076972dcfbfaf7941
2026-08-08,新潟,8,3,ラピッドテソーロ,6,6.0,COMPLETED,5.0,https://www.jra.go.jp/JRADB/accessS.html?CNAME=pw01sde1004202602050820260808%2F62,outputs/longshot_placer_index_expanded_20260811/jra_result_html/20260808_新潟_08.html,80629ee71c5654a51fa3c0edc23a472e7caa122d5ed268d076972dcfbfaf7941
2026-08-08,新潟,8,4,ニシノイサリビ,5,5.0,COMPLETED,4.0,https://www.jra.go.jp/JRADB/accessS.html?CNAME=pw01sde1004202602050820260808%2F62,outputs/longshot_placer_index_expanded_20260811/jra_result_html/20260808_新潟_08.html,80629ee71c5654a51fa3c0edc23a472e7caa122d5ed268d076972dcfbfaf7941
2026-08-08,新潟,8,5,ルークウォーム,1,1.0,COMPLETED,1.0,https://www.jra.go.jp/JRADB/accessS.html?CNAME=pw01sde1004202602050820260808%2F62,outputs/longshot_placer_index_expanded_20260811/jra_result_html/20260808_新潟_08.html,80629ee71c5654a51fa3c0edc23a472e7caa122d5ed268d076972dcfbfaf7941
2026-08-08,新潟,8,6,ウンスイ,9,9.0,COMPLETED,9.0,https://www.jra.go.jp/JRADB/accessS.html?CNAME=pw01sde1004202602050820260808%2F62,outputs/longshot_placer_index_expanded_20260811/jra_result_html/20260808_新潟_08.html,80629ee71c5654a51fa3c0edc23a472e7caa122d5ed268d076972dcfbfaf7941
2026-08-08,新潟,8,7,アンムート,2,2.0,COMPLETED,2.0,https://www.jra.go.jp/JRADB/accessS.html?CNAME=pw01sde1004202602050820260808%2F62,outputs/longshot_placer_index_expanded_20260811/jra_result_html/20260808_新潟_08.html,80629ee71c5654a51fa3c0edc23a472e7caa122d5ed268d076972dcfbfaf7941
2026-08-08,新潟,8,8,ソニックウェーブ,8,8.0,COMPLETED,7.0,https://www.jra.go.jp/JRADB/accessS.html?CNAME=pw01sde1004202602050820260808%2F62,outputs/longshot_placer_index_expanded_20260811/jra_result_html/20260808_新潟_08.html,80629ee71c5654a51fa3c0edc23a472e7caa122d5ed268d076972dcfbfaf7941
2026-08-08,新潟,8,9,トシミチ,7,7.0,COMPLETED,8.0,https://www.jra.go.jp/JRADB/accessS.html?CNAME=pw01sde1004202602050820260808%2F62,outputs/longshot_placer_index_expanded_20260811/jra_result_html/20260808_新潟_08.html,80629ee71c5654a51fa3c0edc23a472e7caa122d5ed268d076972dcfbfaf7941
2026-08-08,新潟,9,1,オリオアルセーリオ,6,6.0,COMPLETED,12.0,https://www.jra.go.jp/JRADB/accessS.html?CNAME=pw01sde1004202602050920260808%2F17,outputs/longshot_placer_index_expanded_20260811/jra_result_html/20260808_新潟_09.html,5b7cad585f2e7e40deb4272a93d7ccca1a07282bac5a6f32b85a41cbc573f9fb
2026-08-08,新潟,9,2,アレーティア,12,12.0,COMPLETED,11.0,https://www.jra.go.jp/JRADB/accessS.html?CNAME=pw01sde1004202602050920260808%2F17,outputs/longshot_placer_index_expanded_20260811/jra_result_html/20260808_新潟_09.html,5b7cad585f2e7e40deb4272a93d7ccca1a07282bac5a6f32b85a41cbc573f9fb
2026-08-08,新潟,9,3,ディペンダブル,7,7.0,COMPLETED,2.0,https://www.jra.go.jp/JRADB/accessS.html?CNAME=pw01sde1004202602050920260808%2F17,outputs/longshot_placer_index_expanded_20260811/jra_result_html/20260808_新潟_09.html,5b7cad585f2e7e40deb4272a93d7ccca1a07282bac5a6f32b85a41cbc573f9fb
2026-08-08,新潟,9,4,リバースザトレンド,1,1.0,COMPLETED,3.0,https://www.jra.go.jp/JRADB/accessS.html?CNAME=pw01sde1004202602050920260808%2F17,outputs/longshot_placer_index_expanded_20260811/jra_result_html/20260808_新潟_09.html,5b7cad585f2e7e40deb4272a93d7ccca1a07282bac5a6f32b85a41cbc573f9fb
2026-08-08,新潟,9,5,キタノエピックアン,3,3.0,COMPLETED,6.0,https://www.jra.go.jp/JRADB/accessS.html?CNAME=pw01sde1004202602050920260808%2F17,outputs/longshot_placer_index_expanded_20260811/jra_result_html/20260808_新潟_09.html,5b7cad585f2e7e40deb4272a93d7ccca1a07282bac5a6f32b85a41cbc573f9fb
2026-08-08,新潟,9,6,ガーネットテソーロ,8,8.0,COMPLETED,8.0,https://www.jra.go.jp/JRADB/accessS.html?CNAME=pw01sde1004202602050920260808%2F17,outputs/longshot_placer_index_expanded_20260811/jra_result_html/20260808_新潟_09.html,5b7cad585f2e7e40deb4272a93d7ccca1a07282bac5a6f32b85a41cbc573f9fb
2026-08-08,新潟,9,7,テルケンユミクイン,15,15.0,COMPLETED,10.0,https://www.jra.go.jp/JRADB/accessS.html?CNAME=pw01sde1004202602050920260808%2F17,outputs/longshot_placer_index_expanded_20260811/jra_result_html/20260808_新潟_09.html,5b7cad585f2e7e40deb4272a93d7ccca1a07282bac5a6f32b85a41cbc573f9fb
2026-08-08,新潟,9,8,ミュークチェルシー,14,14.0,COMPLETED,15.0,https://www.jra.go.jp/JRADB/accessS.html?CNAME=pw01sde1004202602050920260808%2F17,outputs/longshot_placer_index_expanded_20260811/jra_result_html/20260808_新潟_09.html,5b7cad585f2e7e40deb4272a93d7ccca1a07282bac5a6f32b85a41cbc573f9fb
2026-08-08,新潟,9,9,ラヴアンドライク,2,2.0,COMPLETED,4.0,https://www.jra.go.jp/JRADB/accessS.html?CNAME=pw01sde1004202602050920260808%2F17,outputs/longshot_placer_index_expanded_20260811/jra_result_html/20260808_新潟_09.html,5b7cad585f2e7e40deb4272a93d7ccca1a07282bac5a6f32b85a41cbc573f9fb
2026-08-08,新潟,9,10,ルージュカルデア,10,10.0,COMPLETED,5.0,https://www.jra.go.jp/JRADB/accessS.html?CNAME=pw01sde1004202602050920260808%2F17,outputs/longshot_placer_index_expanded_20260811/jra_result_html/20260808_新潟_09.html,5b7cad585f2e7e40deb4272a93d7ccca1a07282bac5a6f32b85a41cbc573f9fb
2026-08-08,新潟,9,11,カサビセンス,9,9.0,COMPLETED,14.0,https://www.jra.go.jp/JRADB/accessS.html?CNAME=pw01sde1004202602050920260808%2F17,outputs/longshot_placer_index_expanded_20260811/jra_result_html/20260808_新潟_09.html,5b7cad585f2e7e40deb4272a93d7ccca1a07282bac5a6f32b85a41cbc573f9fb
2026-08-08,新潟,9,12,シャオシンユン,11,11.0,COMPLETED,13.0,https://www.jra.go.jp/JRADB/accessS.html?CNAME=pw01sde1004202602050920260808%2F17,outputs/longshot_placer_index_expanded_20260811/jra_result_html/20260808_新潟_09.html,5b7cad585f2e7e40deb4272a93d7ccca1a07282bac5a6f32b85a41cbc573f9fb
2026-08-08,新潟,9,13,ライヴスプーン,13,13.0,COMPLETED,7.0,https://www.jra.go.jp/JRADB/accessS.html?CNAME=pw01sde1004202602050920260808%2F17,outputs/longshot_placer_index_expanded_20260811/jra_result_html/20260808_新潟_09.html,5b7cad585f2e7e40deb4272a93d7ccca1a07282bac5a6f32b85a41cbc573f9fb
2026-08-08,新潟,9,14,サイモンセレーノ,4,4.0,COMPLETED,1.0,https://www.jra.go.jp/JRADB/accessS.html?CNAME=pw01sde1004202602050920260808%2F17,outputs/longshot_placer_index_expanded_20260811/jra_result_html/20260808_新潟_09.html,5b7cad585f2e7e40deb4272a93d7ccca1a07282bac5a6f32b85a41cbc573f9fb
2026-08-08,新潟,9,15,イージーブリージー,5,5.0,COMPLETED,9.0,https://www.jra.go.jp/JRADB/accessS.html?CNAME=pw01sde1004202602050920260808%2F17,outputs/longshot_placer_index_expanded_20260811/jra_result_html/20260808_新潟_09.html,5b7cad585f2e7e40deb4272a93d7ccca1a07282bac5a6f32b85a41cbc573f9fb
2026-08-08,新潟,10,1,サレジオ,3,3.0,COMPLETED,1.0,https://www.jra.go.jp/JRADB/accessS.html?CNAME=pw01sde1004202602051020260808%2F0C,outputs/longshot_placer_index_expanded_20260811/jra_result_html/20260808_新潟_10.html,ac96902ab3e24e8a92bb625a357e30822db632138363d9ca532aaf55fa26f7f9
2026-08-08,新潟,10,2,エラルディーク,1,1.0,COMPLETED,2.0,https://www.jra.go.jp/JRADB/accessS.html?CNAME=pw01sde1004202602051020260808%2F0C,outputs/longshot_placer_index_expanded_20260811/jra_result_html/20260808_新潟_10.html,ac96902ab3e24e8a92bb625a357e30822db632138363d9ca532aaf55fa26f7f9
2026-08-08,新潟,10,3,ミズノミヤコ,9,9.0,COMPLETED,12.0,https://www.jra.go.jp/JRADB/accessS.html?CNAME=pw01sde1004202602051020260808%2F0C,outputs/longshot_placer_index_expanded_20260811/jra_result_html/20260808_新潟_10.html,ac96902ab3e24e8a92bb625a357e30822db632138363d9ca532aaf55fa26f7f9
2026-08-08,新潟,10,4,マツリダイコ,2,2.0,COMPLETED,3.0,https://www.jra.go.jp/JRADB/accessS.html?CNAME=pw01sde1004202602051020260808%2F0C,outputs/longshot_placer_index_expanded_20260811/jra_result_html/20260808_新潟_10.html,ac96902ab3e24e8a92bb625a357e30822db632138363d9ca532aaf55fa26f7f9
2026-08-08,新潟,10,5,ハナコトバ,7,7.0,COMPLETED,7.0,https://www.jra.go.jp/JRADB/accessS.html?CNAME=pw01sde1004202602051020260808%2F0C,outputs/longshot_placer_index_expanded_20260811/jra_result_html/20260808_新潟_10.html,ac96902ab3e24e8a92bb625a357e30822db632138363d9ca532aaf55fa26f7f9
2026-08-08,新潟,10,6,ルモンテ,12,12.0,COMPLETED,6.0,https://www.jra.go.jp/JRADB/accessS.html?CNAME=pw01sde1004202602051020260808%2F0C,outputs/longshot_placer_index_expanded_20260811/jra_result_html/20260808_新潟_10.html,ac96902ab3e24e8a92bb625a357e30822db632138363d9ca532aaf55fa26f7f9
2026-08-08,新潟,10,7,ヤマカンドリーミン,11,11.0,COMPLETED,13.0,https://www.jra.go.jp/JRADB/accessS.html?CNAME=pw01sde1004202602051020260808%2F0C,outputs/longshot_placer_index_expanded_20260811/jra_result_html/20260808_新潟_10.html,ac96902ab3e24e8a92bb625a357e30822db632138363d9ca532aaf55fa26f7f9
2026-08-08,新潟,10,8,ミッキーコンドル,6,6.0,COMPLETED,10.0,https://www.jra.go.jp/JRADB/accessS.html?CNAME=pw01sde1004202602051020260808%2F0C,outputs/longshot_placer_index_expanded_20260811/jra_result_html/20260808_新潟_10.html,ac96902ab3e24e8a92bb625a357e30822db632138363d9ca532aaf55fa26f7f9
2026-08-08,新潟,10,9,スタニングヴュー,5,5.0,COMPLETED,8.0,https://www.jra.go.jp/JRADB/accessS.html?CNAME=pw01sde1004202602051020260808%2F0C,outputs/longshot_placer_index_expanded_20260811/jra_result_html/20260808_新潟_10.html,ac96902ab3e24e8a92bb625a357e30822db632138363d9ca532aaf55fa26f7f9
2026-08-08,新潟,10,10,ガラク,4,4.0,COMPLETED,4.0,https://www.jra.go.jp/JRADB/accessS.html?CNAME=pw01sde1004202602051020260808%2F0C,outputs/longshot_placer_index_expanded_20260811/jra_result_html/20260808_新潟_10.html,ac96902ab3e24e8a92bb625a357e30822db632138363d9ca532aaf55fa26f7f9
2026-08-08,新潟,10,11,スピリットサージ,8,8.0,COMPLETED,9.0,https://www.jra.go.jp/JRADB/accessS.html?CNAME=pw01sde1004202602051020260808%2F0C,outputs/longshot_placer_index_expanded_20260811/jra_result_html/20260808_新潟_10.html,ac96902ab3e24e8a92bb625a357e30822db632138363d9ca532aaf55fa26f7f9
2026-08-08,新潟,10,12,クリスタルタワー,10,10.0,COMPLETED,11.0,https://www.jra.go.jp/JRADB/accessS.html?CNAME=pw01sde1004202602051020260808%2F0C,outputs/longshot_placer_index_expanded_20260811/jra_result_html/20260808_新潟_10.html,ac96902ab3e24e8a92bb625a357e30822db632138363d9ca532aaf55fa26f7f9
2026-08-08,新潟,10,13,クリールスル,13,13.0,COMPLETED,5.0,https://www.jra.go.jp/JRADB/accessS.html?CNAME=pw01sde1004202602051020260808%2F0C,outputs/longshot_placer_index_expanded_20260811/jra_result_html/20260808_新潟_10.html,ac96902ab3e24e8a92bb625a357e30822db632138363d9ca532aaf55fa26f7f9
2026-08-08,新潟,11,1,ブラヴィーノ,14,14.0,COMPLETED,18.0,https://www.jra.go.jp/JRADB/accessS.html?CNAME=pw01sde1004202602051120260808%2FC1,outputs/longshot_placer_index_expanded_20260811/jra_result_html/20260808_新潟_11.html,360e8654b06add789f1cc75cae5ab82979a7810d366492855f6caeeec91ce22f
2026-08-08,新潟,11,2,オタルイーグル,16,16.0,COMPLETED,9.0,https://www.jra.go.jp/JRADB/accessS.html?CNAME=pw01sde1004202602051120260808%2FC1,outputs/longshot_placer_index_expanded_20260811/jra_result_html/20260808_新潟_11.html,360e8654b06add789f1cc75cae5ab82979a7810d366492855f6caeeec91ce22f
2026-08-08,新潟,11,3,サツキレジーナ,5,5.0,COMPLETED,15.0,https://www.jra.go.jp/JRADB/accessS.html?CNAME=pw01sde1004202602051120260808%2FC1,outputs/longshot_placer_index_expanded_20260811/jra_result_html/20260808_新潟_11.html,360e8654b06add789f1cc75cae5ab82979a7810d366492855f6caeeec91ce22f
2026-08-08,新潟,11,4,ビスケット,18,18.0,COMPLETED,17.0,https://www.jra.go.jp/JRADB/accessS.html?CNAME=pw01sde1004202602051120260808%2FC1,outputs/longshot_placer_index_expanded_20260811/jra_result_html/20260808_新潟_11.html,360e8654b06add789f1cc75cae5ab82979a7810d366492855f6caeeec91ce22f
2026-08-08,新潟,11,5,カイショー,15,15.0,COMPLETED,3.0,https://www.jra.go.jp/JRADB/accessS.html?CNAME=pw01sde1004202602051120260808%2FC1,outputs/longshot_placer_index_expanded_20260811/jra_result_html/20260808_新潟_11.html,360e8654b06add789f1cc75cae5ab82979a7810d366492855f6caeeec91ce22f
2026-08-08,新潟,11,6,ミルトメロディー,10,10.0,COMPLETED,11.0,https://www.jra.go.jp/JRADB/accessS.html?CNAME=pw01sde1004202602051120260808%2FC1,outputs/longshot_placer_index_expanded_20260811/jra_result_html/20260808_新潟_11.html,360e8654b06add789f1cc75cae5ab82979a7810d366492855f6caeeec91ce22f
2026-08-08,新潟,11,7,ベルタソ,12,12.0,COMPLETED,5.0,https://www.jra.go.jp/JRADB/accessS.html?CNAME=pw01sde1004202602051120260808%2FC1,outputs/longshot_placer_index_expanded_20260811/jra_result_html/20260808_新潟_11.html,360e8654b06add789f1cc75cae5ab82979a7810d366492855f6caeeec91ce22f
2026-08-08,新潟,11,8,レモンバーム,11,11.0,COMPLETED,8.0,https://www.jra.go.jp/JRADB/accessS.html?CNAME=pw01sde1004202602051120260808%2FC1,outputs/longshot_placer_index_expanded_20260811/jra_result_html/20260808_新潟_11.html,360e8654b06add789f1cc75cae5ab82979a7810d366492855f6caeeec91ce22f
2026-08-08,新潟,11,9,ファンシーフリル,8,8.0,COMPLETED,2.0,https://www.jra.go.jp/JRADB/accessS.html?CNAME=pw01sde1004202602051120260808%2FC1,outputs/longshot_placer_index_expanded_20260811/jra_result_html/20260808_新潟_11.html,360e8654b06add789f1cc75cae5ab82979a7810d366492855f6caeeec91ce22f
2026-08-08,新潟,11,10,パーティーガール,6,6.0,COMPLETED,12.0,https://www.jra.go.jp/JRADB/accessS.html?CNAME=pw01sde1004202602051120260808%2FC1,outputs/longshot_placer_index_expanded_20260811/jra_result_html/20260808_新潟_11.html,360e8654b06add789f1cc75cae5ab82979a7810d366492855f6caeeec91ce22f
2026-08-08,新潟,11,11,ダイイズキャスト,9,9.0,COMPLETED,10.0,https://www.jra.go.jp/JRADB/accessS.html?CNAME=pw01sde1004202602051120260808%2FC1,outputs/longshot_placer_index_expanded_20260811/jra_result_html/20260808_新潟_11.html,360e8654b06add789f1cc75cae5ab82979a7810d366492855f6caeeec91ce22f
2026-08-08,新潟,11,12,ジュエルドレーサー,4,4.0,COMPLETED,14.0,https://www.jra.go.jp/JRADB/accessS.html?CNAME=pw01sde1004202602051120260808%2FC1,outputs/longshot_placer_index_expanded_20260811/jra_result_html/20260808_新潟_11.html,360e8654b06add789f1cc75cae5ab82979a7810d366492855f6caeeec91ce22f
2026-08-08,新潟,11,13,ブライティアブーケ,3,3.0,COMPLETED,6.0,https://www.jra.go.jp/JRADB/accessS.html?CNAME=pw01sde1004202602051120260808%2FC1,outputs/longshot_placer_index_expanded_20260811/jra_result_html/20260808_新潟_11.html,360e8654b06add789f1cc75cae5ab82979a7810d366492855f6caeeec91ce22f
2026-08-08,新潟,11,14,シャンクス,7,7.0,COMPLETED,4.0,https://www.jra.go.jp/JRADB/accessS.html?CNAME=pw01sde1004202602051120260808%2FC1,outputs/longshot_placer_index_expanded_20260811/jra_result_html/20260808_新潟_11.html,360e8654b06add789f1cc75cae5ab82979a7810d366492855f6caeeec91ce22f
2026-08-08,新潟,11,15,セイラダンサー,13,13.0,COMPLETED,13.0,https://www.jra.go.jp/JRADB/accessS.html?CNAME=pw01sde1004202602051120260808%2FC1,outputs/longshot_placer_index_expanded_20260811/jra_result_html/20260808_新潟_11.html,360e8654b06add789f1cc75cae5ab82979a7810d366492855f6caeeec91ce22f
2026-08-08,新潟,11,16,フェリスチカ,17,17.0,COMPLETED,16.0,https://www.jra.go.jp/JRADB/accessS.html?CNAME=pw01sde1004202602051120260808%2FC1,outputs/longshot_placer_index_expanded_20260811/jra_result_html/20260808_新潟_11.html,360e8654b06add789f1cc75cae5ab82979a7810d366492855f6caeeec91ce22f
2026-08-08,新潟,11,17,メテオロイド,1,1.0,COMPLETED,7.0,https://www.jra.go.jp/JRADB/accessS.html?CNAME=pw01sde1004202602051120260808%2FC1,outputs/longshot_placer_index_expanded_20260811/jra_result_html/20260808_新潟_11.html,360e8654b06add789f1cc75cae5ab82979a7810d366492855f6caeeec91ce22f
2026-08-08,新潟,11,18,リオクリスハーレー,2,2.0,COMPLETED,1.0,https://www.jra.go.jp/JRADB/accessS.html?CNAME=pw01sde1004202602051120260808%2FC1,outputs/longshot_placer_index_expanded_20260811/jra_result_html/20260808_新潟_11.html,360e8654b06add789f1cc75cae5ab82979a7810d366492855f6caeeec91ce22f
2026-08-08,新潟,12,1,エーデルクラフト,9,9.0,COMPLETED,12.0,https://www.jra.go.jp/JRADB/accessS.html?CNAME=pw01sde1004202602051220260808%2F76,outputs/longshot_placer_index_expanded_20260811/jra_result_html/20260808_新潟_12.html,207fc01c93bba3d5a097f9378c2076aea430ce03e7dbe3a70da0760b129a8795
2026-08-08,新潟,12,2,ラクシオンデクラ,15,15.0,COMPLETED,4.0,https://www.jra.go.jp/JRADB/accessS.html?CNAME=pw01sde1004202602051220260808%2F76,outputs/longshot_placer_index_expanded_20260811/jra_result_html/20260808_新潟_12.html,207fc01c93bba3d5a097f9378c2076aea430ce03e7dbe3a70da0760b129a8795
2026-08-08,新潟,12,3,マイネルリーヒム,1,1.0,COMPLETED,2.0,https://www.jra.go.jp/JRADB/accessS.html?CNAME=pw01sde1004202602051220260808%2F76,outputs/longshot_placer_index_expanded_20260811/jra_result_html/20260808_新潟_12.html,207fc01c93bba3d5a097f9378c2076aea430ce03e7dbe3a70da0760b129a8795
2026-08-08,新潟,12,4,リベルタアーラ,12,12.0,COMPLETED,15.0,https://www.jra.go.jp/JRADB/accessS.html?CNAME=pw01sde1004202602051220260808%2F76,outputs/longshot_placer_index_expanded_20260811/jra_result_html/20260808_新潟_12.html,207fc01c93bba3d5a097f9378c2076aea430ce03e7dbe3a70da0760b129a8795
2026-08-08,新潟,12,5,ローレルエース,11,11.0,COMPLETED,11.0,https://www.jra.go.jp/JRADB/accessS.html?CNAME=pw01sde1004202602051220260808%2F76,outputs/longshot_placer_index_expanded_20260811/jra_result_html/20260808_新潟_12.html,207fc01c93bba3d5a097f9378c2076aea430ce03e7dbe3a70da0760b129a8795
2026-08-08,新潟,12,6,コンフィグシス,10,10.0,COMPLETED,9.0,https://www.jra.go.jp/JRADB/accessS.html?CNAME=pw01sde1004202602051220260808%2F76,outputs/longshot_placer_index_expanded_20260811/jra_result_html/20260808_新潟_12.html,207fc01c93bba3d5a097f9378c2076aea430ce03e7dbe3a70da0760b129a8795
2026-08-08,新潟,12,7,フォーエバーラブ,8,8.0,COMPLETED,8.0,https://www.jra.go.jp/JRADB/accessS.html?CNAME=pw01sde1004202602051220260808%2F76,outputs/longshot_placer_index_expanded_20260811/jra_result_html/20260808_新潟_12.html,207fc01c93bba3d5a097f9378c2076aea430ce03e7dbe3a70da0760b129a8795
2026-08-08,新潟,12,8,ブラッキッシュ,2,2.0,COMPLETED,1.0,https://www.jra.go.jp/JRADB/accessS.html?CNAME=pw01sde1004202602051220260808%2F76,outputs/longshot_placer_index_expanded_20260811/jra_result_html/20260808_新潟_12.html,207fc01c93bba3d5a097f9378c2076aea430ce03e7dbe3a70da0760b129a8795
2026-08-08,新潟,12,9,ファインブライト,中止,,中止,16.0,https://www.jra.go.jp/JRADB/accessS.html?CNAME=pw01sde1004202602051220260808%2F76,outputs/longshot_placer_index_expanded_20260811/jra_result_html/20260808_新潟_12.html,207fc01c93bba3d5a097f9378c2076aea430ce03e7dbe3a70da0760b129a8795
2026-08-08,新潟,12,10,デリシューズマン,5,5.0,COMPLETED,13.0,https://www.jra.go.jp/JRADB/accessS.html?CNAME=pw01sde1004202602051220260808%2F76,outputs/longshot_placer_index_expanded_20260811/jra_result_html/20260808_新潟_12.html,207fc01c93bba3d5a097f9378c2076aea430ce03e7dbe3a70da0760b129a8795
2026-08-08,新潟,12,11,スカーレットジーン,13,13.0,COMPLETED,10.0,https://www.jra.go.jp/JRADB/accessS.html?CNAME=pw01sde1004202602051220260808%2F76,outputs/longshot_placer_index_expanded_20260811/jra_result_html/20260808_新潟_12.html,207fc01c93bba3d5a097f9378c2076aea430ce03e7dbe3a70da0760b129a8795
2026-08-08,新潟,12,12,ヤマニンリンキング,4,4.0,COMPLETED,7.0,https://www.jra.go.jp/JRADB/accessS.html?CNAME=pw01sde1004202602051220260808%2F76,outputs/longshot_placer_index_expanded_20260811/jra_result_html/20260808_新潟_12.html,207fc01c93bba3d5a097f9378c2076aea430ce03e7dbe3a70da0760b129a8795
2026-08-08,新潟,12,13,ディエスルージュ,3,3.0,COMPLETED,14.0,https://www.jra.go.jp/JRADB/accessS.html?CNAME=pw01sde1004202602051220260808%2F76,outputs/longshot_placer_index_expanded_20260811/jra_result_html/20260808_新潟_12.html,207fc01c93bba3d5a097f9378c2076aea430ce03e7dbe3a70da0760b129a8795
2026-08-08,新潟,12,14,オーブレーヌ,7,7.0,COMPLETED,5.0,https://www.jra.go.jp/JRADB/accessS.html?CNAME=pw01sde1004202602051220260808%2F76,outputs/longshot_placer_index_expanded_20260811/jra_result_html/20260808_新潟_12.html,207fc01c93bba3d5a097f9378c2076aea430ce03e7dbe3a70da0760b129a8795
2026-08-08,新潟,12,15,ジェイエルグリーン,14,14.0,COMPLETED,6.0,https://www.jra.go.jp/JRADB/accessS.html?CNAME=pw01sde1004202602051220260808%2F76,outputs/longshot_placer_index_expanded_20260811/jra_result_html/20260808_新潟_12.html,207fc01c93bba3d5a097f9378c2076aea430ce03e7dbe3a70da0760b129a8795
2026-08-08,新潟,12,16,ポポラヴィスタ,6,6.0,COMPLETED,3.0,https://www.jra.go.jp/JRADB/accessS.html?CNAME=pw01sde1004202602051220260808%2F76,outputs/longshot_placer_index_expanded_20260811/jra_result_html/20260808_新潟_12.html,207fc01c93bba3d5a097f9378c2076aea430ce03e7dbe3a70da0760b129a8795
2026-08-08,札幌,1,1,ルージュエピック,7,7.0,COMPLETED,7.0,https://www.jra.go.jp/JRADB/accessS.html?CNAME=pw01sde1001202601050120260808%2F60,outputs/longshot_placer_index_expanded_20260811/jra_result_html/20260808_札幌_01.html,c4c72c442024cb370d1cfdd5fc947478114ebf092bcac44f80af3fb40c1003bd
2026-08-08,札幌,1,2,セラサイト,5,5.0,COMPLETED,6.0,https://www.jra.go.jp/JRADB/accessS.html?CNAME=pw01sde1001202601050120260808%2F60,outputs/longshot_placer_index_expanded_20260811/jra_result_html/20260808_札幌_01.html,c4c72c442024cb370d1cfdd5fc947478114ebf092bcac44f80af3fb40c1003bd
2026-08-08,札幌,1,3,ジェイストリーク,3,3.0,COMPLETED,4.0,https://www.jra.go.jp/JRADB/accessS.html?CNAME=pw01sde1001202601050120260808%2F60,outputs/longshot_placer_index_expanded_20260811/jra_result_html/20260808_札幌_01.html,c4c72c442024cb370d1cfdd5fc947478114ebf092bcac44f80af3fb40c1003bd
2026-08-08,札幌,1,4,アルデバローズ,13,13.0,COMPLETED,13.0,https://www.jra.go.jp/JRADB/accessS.html?CNAME=pw01sde1001202601050120260808%2F60,outputs/longshot_placer_index_expanded_20260811/jra_result_html/20260808_札幌_01.html,c4c72c442024cb370d1cfdd5fc947478114ebf092bcac44f80af3fb40c1003bd
2026-08-08,札幌,1,5,サマースプラッシュ,8,8.0,COMPLETED,12.0,https://www.jra.go.jp/JRADB/accessS.html?CNAME=pw01sde1001202601050120260808%2F60,outputs/longshot_placer_index_expanded_20260811/jra_result_html/20260808_札幌_01.html,c4c72c442024cb370d1cfdd5fc947478114ebf092bcac44f80af3fb40c1003bd
2026-08-08,札幌,1,6,ルージュボニート,1,1.0,COMPLETED,1.0,https://www.jra.go.jp/JRADB/accessS.html?CNAME=pw01sde1001202601050120260808%2F60,outputs/longshot_placer_index_expanded_20260811/jra_result_html/20260808_札幌_01.html,c4c72c442024cb370d1cfdd5fc947478114ebf092bcac44f80af3fb40c1003bd
2026-08-08,札幌,1,7,ハスカップジャム,11,11.0,COMPLETED,14.0,https://www.jra.go.jp/JRADB/accessS.html?CNAME=pw01sde1001202601050120260808%2F60,outputs/longshot_placer_index_expanded_20260811/jra_result_html/20260808_札幌_01.html,c4c72c442024cb370d1cfdd5fc947478114ebf092bcac44f80af3fb40c1003bd
2026-08-08,札幌,1,8,サンエンジェルス,6,6.0,COMPLETED,8.0,https://www.jra.go.jp/JRADB/accessS.html?CNAME=pw01sde1001202601050120260808%2F60,outputs/longshot_placer_index_expanded_20260811/jra_result_html/20260808_札幌_01.html,c4c72c442024cb370d1cfdd5fc947478114ebf092bcac44f80af3fb40c1003bd
2026-08-08,札幌,1,9,フィーユレアル,9,9.0,COMPLETED,9.0,https://www.jra.go.jp/JRADB/accessS.html?CNAME=pw01sde1001202601050120260808%2F60,outputs/longshot_placer_index_expanded_20260811/jra_result_html/20260808_札幌_01.html,c4c72c442024cb370d1cfdd5fc947478114ebf092bcac44f80af3fb40c1003bd
2026-08-08,札幌,1,10,マーゴットクリュグ,2,2.0,COMPLETED,5.0,https://www.jra.go.jp/JRADB/accessS.html?CNAME=pw01sde1001202601050120260808%2F60,outputs/longshot_placer_index_expanded_20260811/jra_result_html/20260808_札幌_01.html,c4c72c442024cb370d1cfdd5fc947478114ebf092bcac44f80af3fb40c1003bd
2026-08-08,札幌,1,11,ルパピヨンブラン,10,10.0,COMPLETED,10.0,https://www.jra.go.jp/JRADB/accessS.html?CNAME=pw01sde1001202601050120260808%2F60,outputs/longshot_placer_index_expanded_20260811/jra_result_html/20260808_札幌_01.html,c4c72c442024cb370d1cfdd5fc947478114ebf092bcac44f80af3fb40c1003bd
2026-08-08,札幌,1,12,ワイルドカグラ,14,14.0,COMPLETED,11.0,https://www.jra.go.jp/JRADB/accessS.html?CNAME=pw01sde1001202601050120260808%2F60,outputs/longshot_placer_index_expanded_20260811/jra_result_html/20260808_札幌_01.html,c4c72c442024cb370d1cfdd5fc947478114ebf092bcac44f80af3fb40c1003bd
2026-08-08,札幌,1,13,シャドウルーラー,12,12.0,COMPLETED,3.0,https://www.jra.go.jp/JRADB/accessS.html?CNAME=pw01sde1001202601050120260808%2F60,outputs/longshot_placer_index_expanded_20260811/jra_result_html/20260808_札幌_01.html,c4c72c442024cb370d1cfdd5fc947478114ebf092bcac44f80af3fb40c1003bd
2026-08-08,札幌,1,14,ジーティービキニ,4,4.0,COMPLETED,2.0,https://www.jra.go.jp/JRADB/accessS.html?CNAME=pw01sde1001202601050120260808%2F60,outputs/longshot_placer_index_expanded_20260811/jra_result_html/20260808_札幌_01.html,c4c72c442024cb370d1cfdd5fc947478114ebf092bcac44f80af3fb40c1003bd
2026-08-08,札幌,2,1,ランダムナンバー,5,5.0,COMPLETED,7.0,https://www.jra.go.jp/JRADB/accessS.html?CNAME=pw01sde1001202601050220260808%2F15,outputs/longshot_placer_index_expanded_20260811/jra_result_html/20260808_札幌_02.html,6d6f3b58d855ff472edddd7a6430dcf586f39794e257d46a6c4d22548f827d19
2026-08-08,札幌,2,2,ショパンコンクール,11,11.0,COMPLETED,4.0,https://www.jra.go.jp/JRADB/accessS.html?CNAME=pw01sde1001202601050220260808%2F15,outputs/longshot_placer_index_expanded_20260811/jra_result_html/20260808_札幌_02.html,6d6f3b58d855ff472edddd7a6430dcf586f39794e257d46a6c4d22548f827d19
2026-08-08,札幌,2,3,アルデシンザン,4,4.0,COMPLETED,2.0,https://www.jra.go.jp/JRADB/accessS.html?CNAME=pw01sde1001202601050220260808%2F15,outputs/longshot_placer_index_expanded_20260811/jra_result_html/20260808_札幌_02.html,6d6f3b58d855ff472edddd7a6430dcf586f39794e257d46a6c4d22548f827d19
2026-08-08,札幌,2,4,リアルジャパン,10,10.0,COMPLETED,6.0,https://www.jra.go.jp/JRADB/accessS.html?CNAME=pw01sde1001202601050220260808%2F15,outputs/longshot_placer_index_expanded_20260811/jra_result_html/20260808_札幌_02.html,6d6f3b58d855ff472edddd7a6430dcf586f39794e257d46a6c4d22548f827d19
2026-08-08,札幌,2,5,トルネードサンダー,7,7.0,COMPLETED,5.0,https://www.jra.go.jp/JRADB/accessS.html?CNAME=pw01sde1001202601050220260808%2F15,outputs/longshot_placer_index_expanded_20260811/jra_result_html/20260808_札幌_02.html,6d6f3b58d855ff472edddd7a6430dcf586f39794e257d46a6c4d22548f827d19
2026-08-08,札幌,2,6,アズライトティアラ,13,13.0,COMPLETED,10.0,https://www.jra.go.jp/JRADB/accessS.html?CNAME=pw01sde1001202601050220260808%2F15,outputs/longshot_placer_index_expanded_20260811/jra_result_html/20260808_札幌_02.html,6d6f3b58d855ff472edddd7a6430dcf586f39794e257d46a6c4d22548f827d19
2026-08-08,札幌,2,7,チカバリエンテ,1,1.0,COMPLETED,1.0,https://www.jra.go.jp/JRADB/accessS.html?CNAME=pw01sde1001202601050220260808%2F15,outputs/longshot_placer_index_expanded_20260811/jra_result_html/20260808_札幌_02.html,6d6f3b58d855ff472edddd7a6430dcf586f39794e257d46a6c4d22548f827d19
2026-08-08,札幌,2,8,サンシルヴァリー,8,8.0,COMPLETED,11.0,https://www.jra.go.jp/JRADB/accessS.html?CNAME=pw01sde1001202601050220260808%2F15,outputs/longshot_placer_index_expanded_20260811/jra_result_html/20260808_札幌_02.html,6d6f3b58d855ff472edddd7a6430dcf586f39794e257d46a6c4d22548f827d19
2026-08-08,札幌,2,9,ライフイズアート,9,9.0,COMPLETED,3.0,https://www.jra.go.jp/JRADB/accessS.html?CNAME=pw01sde1001202601050220260808%2F15,outputs/longshot_placer_index_expanded_20260811/jra_result_html/20260808_札幌_02.html,6d6f3b58d855ff472edddd7a6430dcf586f39794e257d46a6c4d22548f827d19
2026-08-08,札幌,2,10,ジャストワナフライ,2,2.0,COMPLETED,9.0,https://www.jra.go.jp/JRADB/accessS.html?CNAME=pw01sde1001202601050220260808%2F15,outputs/longshot_placer_index_expanded_20260811/jra_result_html/20260808_札幌_02.html,6d6f3b58d855ff472edddd7a6430dcf586f39794e257d46a6c4d22548f827d19
2026-08-08,札幌,2,11,ルギッドドランジュ,3,3.0,COMPLETED,8.0,https://www.jra.go.jp/JRADB/accessS.html?CNAME=pw01sde1001202601050220260808%2F15,outputs/longshot_placer_index_expanded_20260811/jra_result_html/20260808_札幌_02.html,6d6f3b58d855ff472edddd7a6430dcf586f39794e257d46a6c4d22548f827d19
2026-08-08,札幌,2,12,ゴートゥービッツン,12,12.0,COMPLETED,12.0,https://www.jra.go.jp/JRADB/accessS.html?CNAME=pw01sde1001202601050220260808%2F15,outputs/longshot_placer_index_expanded_20260811/jra_result_html/20260808_札幌_02.html,6d6f3b58d855ff472edddd7a6430dcf586f39794e257d46a6c4d22548f827d19
2026-08-08,札幌,2,13,リラカリス,6,6.0,COMPLETED,13.0,https://www.jra.go.jp/JRADB/accessS.html?CNAME=pw01sde1001202601050220260808%2F15,outputs/longshot_placer_index_expanded_20260811/jra_result_html/20260808_札幌_02.html,6d6f3b58d855ff472edddd7a6430dcf586f39794e257d46a6c4d22548f827d19
2026-08-08,札幌,3,1,ホウオウチャールズ,12,12.0,COMPLETED,11.0,https://www.jra.go.jp/JRADB/accessS.html?CNAME=pw01sde1001202601050320260808%2FCA,outputs/longshot_placer_index_expanded_20260811/jra_result_html/20260808_札幌_03.html,72b040c85e2ca35ea0c6716da60df37a7350e4a4e77689590a9ec7e852da0a26
2026-08-08,札幌,3,2,ジングアップ,9,9.0,COMPLETED,9.0,https://www.jra.go.jp/JRADB/accessS.html?CNAME=pw01sde1001202601050320260808%2FCA,outputs/longshot_placer_index_expanded_20260811/jra_result_html/20260808_札幌_03.html,72b040c85e2ca35ea0c6716da60df37a7350e4a4e77689590a9ec7e852da0a26
2026-08-08,札幌,3,3,ロスニーニョス,10,10.0,COMPLETED,13.0,https://www.jra.go.jp/JRADB/accessS.html?CNAME=pw01sde1001202601050320260808%2FCA,outputs/longshot_placer_index_expanded_20260811/jra_result_html/20260808_札幌_03.html,72b040c85e2ca35ea0c6716da60df37a7350e4a4e77689590a9ec7e852da0a26
2026-08-08,札幌,3,4,シンエンドーツダ,5,5.0,COMPLETED,1.0,https://www.jra.go.jp/JRADB/accessS.html?CNAME=pw01sde1001202601050320260808%2FCA,outputs/longshot_placer_index_expanded_20260811/jra_result_html/20260808_札幌_03.html,72b040c85e2ca35ea0c6716da60df37a7350e4a4e77689590a9ec7e852da0a26
2026-08-08,札幌,3,5,フロムザムーン,6,6.0,COMPLETED,10.0,https://www.jra.go.jp/JRADB/accessS.html?CNAME=pw01sde1001202601050320260808%2FCA,outputs/longshot_placer_index_expanded_20260811/jra_result_html/20260808_札幌_03.html,72b040c85e2ca35ea0c6716da60df37a7350e4a4e77689590a9ec7e852da0a26
2026-08-08,札幌,3,6,ニシノモリミチ,13,13.0,COMPLETED,5.0,https://www.jra.go.jp/JRADB/accessS.html?CNAME=pw01sde1001202601050320260808%2FCA,outputs/longshot_placer_index_expanded_20260811/jra_result_html/20260808_札幌_03.html,72b040c85e2ca35ea0c6716da60df37a7350e4a4e77689590a9ec7e852da0a26
2026-08-08,札幌,3,7,ダディーズソード,14,14.0,COMPLETED,12.0,https://www.jra.go.jp/JRADB/accessS.html?CNAME=pw01sde1001202601050320260808%2FCA,outputs/longshot_placer_index_expanded_20260811/jra_result_html/20260808_札幌_03.html,72b040c85e2ca35ea0c6716da60df37a7350e4a4e77689590a9ec7e852da0a26
2026-08-08,札幌,3,8,デルマバンダイサン,7,7.0,COMPLETED,7.0,https://www.jra.go.jp/JRADB/accessS.html?CNAME=pw01sde1001202601050320260808%2FCA,outputs/longshot_placer_index_expanded_20260811/jra_result_html/20260808_札幌_03.html,72b040c85e2ca35ea0c6716da60df37a7350e4a4e77689590a9ec7e852da0a26
2026-08-08,札幌,3,9,ヘリオポリス,8,8.0,COMPLETED,14.0,https://www.jra.go.jp/JRADB/accessS.html?CNAME=pw01sde1001202601050320260808%2FCA,outputs/longshot_placer_index_expanded_20260811/jra_result_html/20260808_札幌_03.html,72b040c85e2ca35ea0c6716da60df37a7350e4a4e77689590a9ec7e852da0a26
2026-08-08,札幌,3,10,リン,2,2.0,COMPLETED,4.0,https://www.jra.go.jp/JRADB/accessS.html?CNAME=pw01sde1001202601050320260808%2FCA,outputs/longshot_placer_index_expanded_20260811/jra_result_html/20260808_札幌_03.html,72b040c85e2ca35ea0c6716da60df37a7350e4a4e77689590a9ec7e852da0a26
2026-08-08,札幌,3,11,ビレッジルイーザ,3,3.0,COMPLETED,6.0,https://www.jra.go.jp/JRADB/accessS.html?CNAME=pw01sde1001202601050320260808%2FCA,outputs/longshot_placer_index_expanded_20260811/jra_result_html/20260808_札幌_03.html,72b040c85e2ca35ea0c6716da60df37a7350e4a4e77689590a9ec7e852da0a26
2026-08-08,札幌,3,12,マルシュボヌール,11,11.0,COMPLETED,8.0,https://www.jra.go.jp/JRADB/accessS.html?CNAME=pw01sde1001202601050320260808%2FCA,outputs/longshot_placer_index_expanded_20260811/jra_result_html/20260808_札幌_03.html,72b040c85e2ca35ea0c6716da60df37a7350e4a4e77689590a9ec7e852da0a26
2026-08-08,札幌,3,13,イトシサ,4,4.0,COMPLETED,2.0,https://www.jra.go.jp/JRADB/accessS.html?CNAME=pw01sde1001202601050320260808%2FCA,outputs/longshot_placer_index_expanded_20260811/jra_result_html/20260808_札幌_03.html,72b040c85e2ca35ea0c6716da60df37a7350e4a4e77689590a9ec7e852da0a26
2026-08-08,札幌,3,14,インタノン,1,1.0,COMPLETED,3.0,https://www.jra.go.jp/JRADB/accessS.html?CNAME=pw01sde1001202601050320260808%2FCA,outputs/longshot_placer_index_expanded_20260811/jra_result_html/20260808_札幌_03.html,72b040c85e2ca35ea0c6716da60df37a7350e4a4e77689590a9ec7e852da0a26
2026-08-08,札幌,4,1,サンウリエル,7,7.0,COMPLETED,9.0,https://www.jra.go.jp/JRADB/accessS.html?CNAME=pw01sde1001202601050420260808%2F7F,outputs/longshot_placer_index_expanded_20260811/jra_result_html/20260808_札幌_04.html,e2bfae4621834898bdd43111673d993febebde7f748626dff04f3845909abd17
2026-08-08,札幌,4,2,アセンブリールーム,3,3.0,COMPLETED,5.0,https://www.jra.go.jp/JRADB/accessS.html?CNAME=pw01sde1001202601050420260808%2F7F,outputs/longshot_placer_index_expanded_20260811/jra_result_html/20260808_札幌_04.html,e2bfae4621834898bdd43111673d993febebde7f748626dff04f3845909abd17
2026-08-08,札幌,4,3,アッシュバーグ,10,10.0,COMPLETED,12.0,https://www.jra.go.jp/JRADB/accessS.html?CNAME=pw01sde1001202601050420260808%2F7F,outputs/longshot_placer_index_expanded_20260811/jra_result_html/20260808_札幌_04.html,e2bfae4621834898bdd43111673d993febebde7f748626dff04f3845909abd17
2026-08-08,札幌,4,4,ダノンフィオーレ,1,1.0,COMPLETED,4.0,https://www.jra.go.jp/JRADB/accessS.html?CNAME=pw01sde1001202601050420260808%2F7F,outputs/longshot_placer_index_expanded_20260811/jra_result_html/20260808_札幌_04.html,e2bfae4621834898bdd43111673d993febebde7f748626dff04f3845909abd17
2026-08-08,札幌,4,5,コスモレッド,13,13.0,COMPLETED,11.0,https://www.jra.go.jp/JRADB/accessS.html?CNAME=pw01sde1001202601050420260808%2F7F,outputs/longshot_placer_index_expanded_20260811/jra_result_html/20260808_札幌_04.html,e2bfae4621834898bdd43111673d993febebde7f748626dff04f3845909abd17
2026-08-08,札幌,4,6,ネッタイヤライ,4,4.0,COMPLETED,7.0,https://www.jra.go.jp/JRADB/accessS.html?CNAME=pw01sde1001202601050420260808%2F7F,outputs/longshot_placer_index_expanded_20260811/jra_result_html/20260808_札幌_04.html,e2bfae4621834898bdd43111673d993febebde7f748626dff04f3845909abd17
2026-08-08,札幌,4,7,ルーチェフィオーレ,14,14.0,COMPLETED,8.0,https://www.jra.go.jp/JRADB/accessS.html?CNAME=pw01sde1001202601050420260808%2F7F,outputs/longshot_placer_index_expanded_20260811/jra_result_html/20260808_札幌_04.html,e2bfae4621834898bdd43111673d993febebde7f748626dff04f3845909abd17
2026-08-08,札幌,4,8,ブライトフレア,9,9.0,COMPLETED,10.0,https://www.jra.go.jp/JRADB/accessS.html?CNAME=pw01sde1001202601050420260808%2F7F,outputs/longshot_placer_index_expanded_20260811/jra_result_html/20260808_札幌_04.html,e2bfae4621834898bdd43111673d993febebde7f748626dff04f3845909abd17
2026-08-08,札幌,4,9,ペイシャアーサー,12,12.0,COMPLETED,14.0,https://www.jra.go.jp/JRADB/accessS.html?CNAME=pw01sde1001202601050420260808%2F7F,outputs/longshot_placer_index_expanded_20260811/jra_result_html/20260808_札幌_04.html,e2bfae4621834898bdd43111673d993febebde7f748626dff04f3845909abd17
2026-08-08,札幌,4,10,フレッチャアズーラ,5,5.0,COMPLETED,1.0,https://www.jra.go.jp/JRADB/accessS.html?CNAME=pw01sde1001202601050420260808%2F7F,outputs/longshot_placer_index_expanded_20260811/jra_result_html/20260808_札幌_04.html,e2bfae4621834898bdd43111673d993febebde7f748626dff04f3845909abd17
2026-08-08,札幌,4,11,バルボアパーク,6,6.0,COMPLETED,3.0,https://www.jra.go.jp/JRADB/accessS.html?CNAME=pw01sde1001202601050420260808%2F7F,outputs/longshot_placer_index_expanded_20260811/jra_result_html/20260808_札幌_04.html,e2bfae4621834898bdd43111673d993febebde7f748626dff04f3845909abd17
2026-08-08,札幌,4,12,スタードメイソン,8,8.0,COMPLETED,13.0,https://www.jra.go.jp/JRADB/accessS.html?CNAME=pw01sde1001202601050420260808%2F7F,outputs/longshot_placer_index_expanded_20260811/jra_result_html/20260808_札幌_04.html,e2bfae4621834898bdd43111673d993febebde7f748626dff04f3845909abd17
2026-08-08,札幌,4,13,モルニケ,2,2.0,COMPLETED,2.0,https://www.jra.go.jp/JRADB/accessS.html?CNAME=pw01sde1001202601050420260808%2F7F,outputs/longshot_placer_index_expanded_20260811/jra_result_html/20260808_札幌_04.html,e2bfae4621834898bdd43111673d993febebde7f748626dff04f3845909abd17
2026-08-08,札幌,4,14,グロリアスマーチ,11,11.0,COMPLETED,6.0,https://www.jra.go.jp/JRADB/accessS.html?CNAME=pw01sde1001202601050420260808%2F7F,outputs/longshot_placer_index_expanded_20260811/jra_result_html/20260808_札幌_04.html,e2bfae4621834898bdd43111673d993febebde7f748626dff04f3845909abd17
2026-08-08,札幌,5,1,レイテスツドリーム,9,9.0,COMPLETED,12.0,https://www.jra.go.jp/JRADB/accessS.html?CNAME=pw01sde1001202601050520260808%2F34,outputs/longshot_placer_index_expanded_20260811/jra_result_html/20260808_札幌_05.html,af8a5d0c596b4b6e6a6931d38261cf31db177cbc6012bee3439fbe62b88d28d1
2026-08-08,札幌,5,2,ジーフォーリア,4,4.0,COMPLETED,2.0,https://www.jra.go.jp/JRADB/accessS.html?CNAME=pw01sde1001202601050520260808%2F34,outputs/longshot_placer_index_expanded_20260811/jra_result_html/20260808_札幌_05.html,af8a5d0c596b4b6e6a6931d38261cf31db177cbc6012bee3439fbe62b88d28d1
2026-08-08,札幌,5,3,イドム,5,5.0,COMPLETED,8.0,https://www.jra.go.jp/JRADB/accessS.html?CNAME=pw01sde1001202601050520260808%2F34,outputs/longshot_placer_index_expanded_20260811/jra_result_html/20260808_札幌_05.html,af8a5d0c596b4b6e6a6931d38261cf31db177cbc6012bee3439fbe62b88d28d1
2026-08-08,札幌,5,4,マーヴィン,12,12.0,COMPLETED,5.0,https://www.jra.go.jp/JRADB/accessS.html?CNAME=pw01sde1001202601050520260808%2F34,outputs/longshot_placer_index_expanded_20260811/jra_result_html/20260808_札幌_05.html,af8a5d0c596b4b6e6a6931d38261cf31db177cbc6012bee3439fbe62b88d28d1
2026-08-08,札幌,5,5,シルバーウィル,1,1.0,COMPLETED,3.0,https://www.jra.go.jp/JRADB/accessS.html?CNAME=pw01sde1001202601050520260808%2F34,outputs/longshot_placer_index_expanded_20260811/jra_result_html/20260808_札幌_05.html,af8a5d0c596b4b6e6a6931d38261cf31db177cbc6012bee3439fbe62b88d28d1
2026-08-08,札幌,5,6,シネファイル,2,2.0,COMPLETED,4.0,https://www.jra.go.jp/JRADB/accessS.html?CNAME=pw01sde1001202601050520260808%2F34,outputs/longshot_placer_index_expanded_20260811/jra_result_html/20260808_札幌_05.html,af8a5d0c596b4b6e6a6931d38261cf31db177cbc6012bee3439fbe62b88d28d1
2026-08-08,札幌,5,7,ムッチリスタイル,7,7.0,COMPLETED,1.0,https://www.jra.go.jp/JRADB/accessS.html?CNAME=pw01sde1001202601050520260808%2F34,outputs/longshot_placer_index_expanded_20260811/jra_result_html/20260808_札幌_05.html,af8a5d0c596b4b6e6a6931d38261cf31db177cbc6012bee3439fbe62b88d28d1
2026-08-08,札幌,5,8,ローレルメビウス,8,8.0,COMPLETED,9.0,https://www.jra.go.jp/JRADB/accessS.html?CNAME=pw01sde1001202601050520260808%2F34,outputs/longshot_placer_index_expanded_20260811/jra_result_html/20260808_札幌_05.html,af8a5d0c596b4b6e6a6931d38261cf31db177cbc6012bee3439fbe62b88d28d1
2026-08-08,札幌,5,9,ロマノヴェリテ,3,3.0,COMPLETED,7.0,https://www.jra.go.jp/JRADB/accessS.html?CNAME=pw01sde1001202601050520260808%2F34,outputs/longshot_placer_index_expanded_20260811/jra_result_html/20260808_札幌_05.html,af8a5d0c596b4b6e6a6931d38261cf31db177cbc6012bee3439fbe62b88d28d1
2026-08-08,札幌,5,10,マルカローゼ,10,10.0,COMPLETED,10.0,https://www.jra.go.jp/JRADB/accessS.html?CNAME=pw01sde1001202601050520260808%2F34,outputs/longshot_placer_index_expanded_20260811/jra_result_html/20260808_札幌_05.html,af8a5d0c596b4b6e6a6931d38261cf31db177cbc6012bee3439fbe62b88d28d1
2026-08-08,札幌,5,11,コジアン,6,6.0,COMPLETED,6.0,https://www.jra.go.jp/JRADB/accessS.html?CNAME=pw01sde1001202601050520260808%2F34,outputs/longshot_placer_index_expanded_20260811/jra_result_html/20260808_札幌_05.html,af8a5d0c596b4b6e6a6931d38261cf31db177cbc6012bee3439fbe62b88d28d1
2026-08-08,札幌,5,12,エイシンジュウライ,11,11.0,COMPLETED,11.0,https://www.jra.go.jp/JRADB/accessS.html?CNAME=pw01sde1001202601050520260808%2F34,outputs/longshot_placer_index_expanded_20260811/jra_result_html/20260808_札幌_05.html,af8a5d0c596b4b6e6a6931d38261cf31db177cbc6012bee3439fbe62b88d28d1
2026-08-08,札幌,6,1,インテンスゲイズ,4,4.0,COMPLETED,12.0,https://www.jra.go.jp/JRADB/accessS.html?CNAME=pw01sde1001202601050620260808%2FE9,outputs/longshot_placer_index_expanded_20260811/jra_result_html/20260808_札幌_06.html,a14f179120a800a5ace240a9ddac7a2a7544d189644cce597fd5f5234b9345ba
2026-08-08,札幌,6,2,ポリメトリック,7,7.0,COMPLETED,8.0,https://www.jra.go.jp/JRADB/accessS.html?CNAME=pw01sde1001202601050620260808%2FE9,outputs/longshot_placer_index_expanded_20260811/jra_result_html/20260808_札幌_06.html,a14f179120a800a5ace240a9ddac7a2a7544d189644cce597fd5f5234b9345ba
2026-08-08,札幌,6,3,オズマップ,14,14.0,COMPLETED,7.0,https://www.jra.go.jp/JRADB/accessS.html?CNAME=pw01sde1001202601050620260808%2FE9,outputs/longshot_placer_index_expanded_20260811/jra_result_html/20260808_札幌_06.html,a14f179120a800a5ace240a9ddac7a2a7544d189644cce597fd5f5234b9345ba
2026-08-08,札幌,6,4,ウィスカーパッド,3,3.0,COMPLETED,2.0,https://www.jra.go.jp/JRADB/accessS.html?CNAME=pw01sde1001202601050620260808%2FE9,outputs/longshot_placer_index_expanded_20260811/jra_result_html/20260808_札幌_06.html,a14f179120a800a5ace240a9ddac7a2a7544d189644cce597fd5f5234b9345ba
2026-08-08,札幌,6,5,ウインアベリア,15,15.0,COMPLETED,16.0,https://www.jra.go.jp/JRADB/accessS.html?CNAME=pw01sde1001202601050620260808%2FE9,outputs/longshot_placer_index_expanded_20260811/jra_result_html/20260808_札幌_06.html,a14f179120a800a5ace240a9ddac7a2a7544d189644cce597fd5f5234b9345ba
2026-08-08,札幌,6,6,インフィオラータ,6,6.0,COMPLETED,4.0,https://www.jra.go.jp/JRADB/accessS.html?CNAME=pw01sde1001202601050620260808%2FE9,outputs/longshot_placer_index_expanded_20260811/jra_result_html/20260808_札幌_06.html,a14f179120a800a5ace240a9ddac7a2a7544d189644cce597fd5f5234b9345ba
2026-08-08,札幌,6,7,ジョブックボー,11,11.0,COMPLETED,5.0,https://www.jra.go.jp/JRADB/accessS.html?CNAME=pw01sde1001202601050620260808%2FE9,outputs/longshot_placer_index_expanded_20260811/jra_result_html/20260808_札幌_06.html,a14f179120a800a5ace240a9ddac7a2a7544d189644cce597fd5f5234b9345ba
2026-08-08,札幌,6,8,プリュイドール,12,12.0,COMPLETED,6.0,https://www.jra.go.jp/JRADB/accessS.html?CNAME=pw01sde1001202601050620260808%2FE9,outputs/longshot_placer_index_expanded_20260811/jra_result_html/20260808_札幌_06.html,a14f179120a800a5ace240a9ddac7a2a7544d189644cce597fd5f5234b9345ba
2026-08-08,札幌,6,9,マリノリュミエール,9,9.0,COMPLETED,11.0,https://www.jra.go.jp/JRADB/accessS.html?CNAME=pw01sde1001202601050620260808%2FE9,outputs/longshot_placer_index_expanded_20260811/jra_result_html/20260808_札幌_06.html,a14f179120a800a5ace240a9ddac7a2a7544d189644cce597fd5f5234b9345ba
2026-08-08,札幌,6,10,ダンツアラーム,10,10.0,COMPLETED,13.0,https://www.jra.go.jp/JRADB/accessS.html?CNAME=pw01sde1001202601050620260808%2FE9,outputs/longshot_placer_index_expanded_20260811/jra_result_html/20260808_札幌_06.html,a14f179120a800a5ace240a9ddac7a2a7544d189644cce597fd5f5234b9345ba
2026-08-08,札幌,6,11,ゴコウコイコイ,2,2.0,COMPLETED,1.0,https://www.jra.go.jp/JRADB/accessS.html?CNAME=pw01sde1001202601050620260808%2FE9,outputs/longshot_placer_index_expanded_20260811/jra_result_html/20260808_札幌_06.html,a14f179120a800a5ace240a9ddac7a2a7544d189644cce597fd5f5234b9345ba
2026-08-08,札幌,6,12,ウインカトリーヌ,1,1.0,COMPLETED,3.0,https://www.jra.go.jp/JRADB/accessS.html?CNAME=pw01sde1001202601050620260808%2FE9,outputs/longshot_placer_index_expanded_20260811/jra_result_html/20260808_札幌_06.html,a14f179120a800a5ace240a9ddac7a2a7544d189644cce597fd5f5234b9345ba
2026-08-08,札幌,6,13,ラングロワブリッジ,13,13.0,COMPLETED,15.0,https://www.jra.go.jp/JRADB/accessS.html?CNAME=pw01sde1001202601050620260808%2FE9,outputs/longshot_placer_index_expanded_20260811/jra_result_html/20260808_札幌_06.html,a14f179120a800a5ace240a9ddac7a2a7544d189644cce597fd5f5234b9345ba
2026-08-08,札幌,6,14,グレイスルーラー,中止,,中止,14.0,https://www.jra.go.jp/JRADB/accessS.html?CNAME=pw01sde1001202601050620260808%2FE9,outputs/longshot_placer_index_expanded_20260811/jra_result_html/20260808_札幌_06.html,a14f179120a800a5ace240a9ddac7a2a7544d189644cce597fd5f5234b9345ba
2026-08-08,札幌,6,15,カリドーラ,5,5.0,COMPLETED,10.0,https://www.jra.go.jp/JRADB/accessS.html?CNAME=pw01sde1001202601050620260808%2FE9,outputs/longshot_placer_index_expanded_20260811/jra_result_html/20260808_札幌_06.html,a14f179120a800a5ace240a9ddac7a2a7544d189644cce597fd5f5234b9345ba
2026-08-08,札幌,6,16,スウィーティーベル,8,8.0,COMPLETED,9.0,https://www.jra.go.jp/JRADB/accessS.html?CNAME=pw01sde1001202601050620260808%2FE9,outputs/longshot_placer_index_expanded_20260811/jra_result_html/20260808_札幌_06.html,a14f179120a800a5ace240a9ddac7a2a7544d189644cce597fd5f5234b9345ba
2026-08-08,札幌,7,1,シェーンルスカ,5,5.0,COMPLETED,12.0,https://www.jra.go.jp/JRADB/accessS.html?CNAME=pw01sde1001202601050720260808%2F9E,outputs/longshot_placer_index_expanded_20260811/jra_result_html/20260808_札幌_07.html,198763e21ba68dc0a3fd3cc2750efc603205684b02fa33a02569b664f1940543
2026-08-08,札幌,7,2,ワイドデコラシオン,6,6.0,COMPLETED,2.0,https://www.jra.go.jp/JRADB/accessS.html?CNAME=pw01sde1001202601050720260808%2F9E,outputs/longshot_placer_index_expanded_20260811/jra_result_html/20260808_札幌_07.html,198763e21ba68dc0a3fd3cc2750efc603205684b02fa33a02569b664f1940543
2026-08-08,札幌,7,3,グランセレスト,11,11.0,COMPLETED,8.0,https://www.jra.go.jp/JRADB/accessS.html?CNAME=pw01sde1001202601050720260808%2F9E,outputs/longshot_placer_index_expanded_20260811/jra_result_html/20260808_札幌_07.html,198763e21ba68dc0a3fd3cc2750efc603205684b02fa33a02569b664f1940543
2026-08-08,札幌,7,4,ロードヴァルカン,3,3.0,COMPLETED,5.0,https://www.jra.go.jp/JRADB/accessS.html?CNAME=pw01sde1001202601050720260808%2F9E,outputs/longshot_placer_index_expanded_20260811/jra_result_html/20260808_札幌_07.html,198763e21ba68dc0a3fd3cc2750efc603205684b02fa33a02569b664f1940543
2026-08-08,札幌,7,5,ヨドノゴールド,2,2.0,COMPLETED,10.0,https://www.jra.go.jp/JRADB/accessS.html?CNAME=pw01sde1001202601050720260808%2F9E,outputs/longshot_placer_index_expanded_20260811/jra_result_html/20260808_札幌_07.html,198763e21ba68dc0a3fd3cc2750efc603205684b02fa33a02569b664f1940543
2026-08-08,札幌,7,6,ランドスター,1,1.0,COMPLETED,4.0,https://www.jra.go.jp/JRADB/accessS.html?CNAME=pw01sde1001202601050720260808%2F9E,outputs/longshot_placer_index_expanded_20260811/jra_result_html/20260808_札幌_07.html,198763e21ba68dc0a3fd3cc2750efc603205684b02fa33a02569b664f1940543
2026-08-08,札幌,7,7,テーオーナタリー,8,8.0,COMPLETED,3.0,https://www.jra.go.jp/JRADB/accessS.html?CNAME=pw01sde1001202601050720260808%2F9E,outputs/longshot_placer_index_expanded_20260811/jra_result_html/20260808_札幌_07.html,198763e21ba68dc0a3fd3cc2750efc603205684b02fa33a02569b664f1940543
2026-08-08,札幌,7,8,カップッチョ,7,7.0,COMPLETED,11.0,https://www.jra.go.jp/JRADB/accessS.html?CNAME=pw01sde1001202601050720260808%2F9E,outputs/longshot_placer_index_expanded_20260811/jra_result_html/20260808_札幌_07.html,198763e21ba68dc0a3fd3cc2750efc603205684b02fa33a02569b664f1940543
2026-08-08,札幌,7,9,ステラノヴァ,9,9.0,COMPLETED,7.0,https://www.jra.go.jp/JRADB/accessS.html?CNAME=pw01sde1001202601050720260808%2F9E,outputs/longshot_placer_index_expanded_20260811/jra_result_html/20260808_札幌_07.html,198763e21ba68dc0a3fd3cc2750efc603205684b02fa33a02569b664f1940543
2026-08-08,札幌,7,10,グレイトソン,4,4.0,COMPLETED,1.0,https://www.jra.go.jp/JRADB/accessS.html?CNAME=pw01sde1001202601050720260808%2F9E,outputs/longshot_placer_index_expanded_20260811/jra_result_html/20260808_札幌_07.html,198763e21ba68dc0a3fd3cc2750efc603205684b02fa33a02569b664f1940543
2026-08-08,札幌,7,11,セイルロケット,中止,,中止,9.0,https://www.jra.go.jp/JRADB/accessS.html?CNAME=pw01sde1001202601050720260808%2F9E,outputs/longshot_placer_index_expanded_20260811/jra_result_html/20260808_札幌_07.html,198763e21ba68dc0a3fd3cc2750efc603205684b02fa33a02569b664f1940543
2026-08-08,札幌,7,12,ランプローグ,10,10.0,COMPLETED,6.0,https://www.jra.go.jp/JRADB/accessS.html?CNAME=pw01sde1001202601050720260808%2F9E,outputs/longshot_placer_index_expanded_20260811/jra_result_html/20260808_札幌_07.html,198763e21ba68dc0a3fd3cc2750efc603205684b02fa33a02569b664f1940543
2026-08-08,札幌,8,1,レッドアイスピア,2,2.0,COMPLETED,11.0,https://www.jra.go.jp/JRADB/accessS.html?CNAME=pw01sde1001202601050820260808%2F53,outputs/longshot_placer_index_expanded_20260811/jra_result_html/20260808_札幌_08.html,c17e745a7b2e2ee087060d3336a364cf556ea56dd13877be992cc556b3679c6c
2026-08-08,札幌,8,2,セイカユウヒ,16,16.0,COMPLETED,14.0,https://www.jra.go.jp/JRADB/accessS.html?CNAME=pw01sde1001202601050820260808%2F53,outputs/longshot_placer_index_expanded_20260811/jra_result_html/20260808_札幌_08.html,c17e745a7b2e2ee087060d3336a364cf556ea56dd13877be992cc556b3679c6c
2026-08-08,札幌,8,3,クリオロゴールド,9,9.0,COMPLETED,5.0,https://www.jra.go.jp/JRADB/accessS.html?CNAME=pw01sde1001202601050820260808%2F53,outputs/longshot_placer_index_expanded_20260811/jra_result_html/20260808_札幌_08.html,c17e745a7b2e2ee087060d3336a364cf556ea56dd13877be992cc556b3679c6c
2026-08-08,札幌,8,4,ソワンドヴィクター,14,14.0,COMPLETED,10.0,https://www.jra.go.jp/JRADB/accessS.html?CNAME=pw01sde1001202601050820260808%2F53,outputs/longshot_placer_index_expanded_20260811/jra_result_html/20260808_札幌_08.html,c17e745a7b2e2ee087060d3336a364cf556ea56dd13877be992cc556b3679c6c
2026-08-08,札幌,8,5,クリコイーコ,11,11.0,COMPLETED,15.0,https://www.jra.go.jp/JRADB/accessS.html?CNAME=pw01sde1001202601050820260808%2F53,outputs/longshot_placer_index_expanded_20260811/jra_result_html/20260808_札幌_08.html,c17e745a7b2e2ee087060d3336a364cf556ea56dd13877be992cc556b3679c6c
2026-08-08,札幌,8,6,リネアベルタ,5,5.0,COMPLETED,9.0,https://www.jra.go.jp/JRADB/accessS.html?CNAME=pw01sde1001202601050820260808%2F53,outputs/longshot_placer_index_expanded_20260811/jra_result_html/20260808_札幌_08.html,c17e745a7b2e2ee087060d3336a364cf556ea56dd13877be992cc556b3679c6c
2026-08-08,札幌,8,7,ダノンベルビュー,12,12.0,COMPLETED,4.0,https://www.jra.go.jp/JRADB/accessS.html?CNAME=pw01sde1001202601050820260808%2F53,outputs/longshot_placer_index_expanded_20260811/jra_result_html/20260808_札幌_08.html,c17e745a7b2e2ee087060d3336a364cf556ea56dd13877be992cc556b3679c6c
2026-08-08,札幌,8,8,マメーアップル,10,10.0,COMPLETED,2.0,https://www.jra.go.jp/JRADB/accessS.html?CNAME=pw01sde1001202601050820260808%2F53,outputs/longshot_placer_index_expanded_20260811/jra_result_html/20260808_札幌_08.html,c17e745a7b2e2ee087060d3336a364cf556ea56dd13877be992cc556b3679c6c
2026-08-08,札幌,8,9,スッサンエア,8,8.0,COMPLETED,3.0,https://www.jra.go.jp/JRADB/accessS.html?CNAME=pw01sde1001202601050820260808%2F53,outputs/longshot_placer_index_expanded_20260811/jra_result_html/20260808_札幌_08.html,c17e745a7b2e2ee087060d3336a364cf556ea56dd13877be992cc556b3679c6c
2026-08-08,札幌,8,10,ジューンレトリバー,13,13.0,COMPLETED,12.0,https://www.jra.go.jp/JRADB/accessS.html?CNAME=pw01sde1001202601050820260808%2F53,outputs/longshot_placer_index_expanded_20260811/jra_result_html/20260808_札幌_08.html,c17e745a7b2e2ee087060d3336a364cf556ea56dd13877be992cc556b3679c6c
2026-08-08,札幌,8,11,ウインドオルフェ,15,15.0,COMPLETED,16.0,https://www.jra.go.jp/JRADB/accessS.html?CNAME=pw01sde1001202601050820260808%2F53,outputs/longshot_placer_index_expanded_20260811/jra_result_html/20260808_札幌_08.html,c17e745a7b2e2ee087060d3336a364cf556ea56dd13877be992cc556b3679c6c
2026-08-08,札幌,8,12,アンジュラフィーユ,3,3.0,COMPLETED,6.0,https://www.jra.go.jp/JRADB/accessS.html?CNAME=pw01sde1001202601050820260808%2F53,outputs/longshot_placer_index_expanded_20260811/jra_result_html/20260808_札幌_08.html,c17e745a7b2e2ee087060d3336a364cf556ea56dd13877be992cc556b3679c6c
2026-08-08,札幌,8,13,サトノフレイ,7,7.0,COMPLETED,1.0,https://www.jra.go.jp/JRADB/accessS.html?CNAME=pw01sde1001202601050820260808%2F53,outputs/longshot_placer_index_expanded_20260811/jra_result_html/20260808_札幌_08.html,c17e745a7b2e2ee087060d3336a364cf556ea56dd13877be992cc556b3679c6c
2026-08-08,札幌,8,14,モノノケ,6,6.0,COMPLETED,8.0,https://www.jra.go.jp/JRADB/accessS.html?CNAME=pw01sde1001202601050820260808%2F53,outputs/longshot_placer_index_expanded_20260811/jra_result_html/20260808_札幌_08.html,c17e745a7b2e2ee087060d3336a364cf556ea56dd13877be992cc556b3679c6c
2026-08-08,札幌,8,15,メイショウテンジン,4,4.0,COMPLETED,7.0,https://www.jra.go.jp/JRADB/accessS.html?CNAME=pw01sde1001202601050820260808%2F53,outputs/longshot_placer_index_expanded_20260811/jra_result_html/20260808_札幌_08.html,c17e745a7b2e2ee087060d3336a364cf556ea56dd13877be992cc556b3679c6c
2026-08-08,札幌,8,16,ミレニアルピンク,1,1.0,COMPLETED,13.0,https://www.jra.go.jp/JRADB/accessS.html?CNAME=pw01sde1001202601050820260808%2F53,outputs/longshot_placer_index_expanded_20260811/jra_result_html/20260808_札幌_08.html,c17e745a7b2e2ee087060d3336a364cf556ea56dd13877be992cc556b3679c6c
2026-08-08,札幌,9,1,リュミナーズ,7,7.0,COMPLETED,10.0,https://www.jra.go.jp/JRADB/accessS.html?CNAME=pw01sde1001202601050920260808%2F08,outputs/longshot_placer_index_expanded_20260811/jra_result_html/20260808_札幌_09.html,b0d0f843e5af06f1b83ed5c20314fa4423334d99f96f1c281d641c3ec1f1b6a5
2026-08-08,札幌,9,2,ヴェールミューズ,6,6.0,COMPLETED,6.0,https://www.jra.go.jp/JRADB/accessS.html?CNAME=pw01sde1001202601050920260808%2F08,outputs/longshot_placer_index_expanded_20260811/jra_result_html/20260808_札幌_09.html,b0d0f843e5af06f1b83ed5c20314fa4423334d99f96f1c281d641c3ec1f1b6a5
2026-08-08,札幌,9,3,ブーケドグレイス,8,8.0,COMPLETED,12.0,https://www.jra.go.jp/JRADB/accessS.html?CNAME=pw01sde1001202601050920260808%2F08,outputs/longshot_placer_index_expanded_20260811/jra_result_html/20260808_札幌_09.html,b0d0f843e5af06f1b83ed5c20314fa4423334d99f96f1c281d641c3ec1f1b6a5
2026-08-08,札幌,9,4,ビーチイン,10,10.0,COMPLETED,1.0,https://www.jra.go.jp/JRADB/accessS.html?CNAME=pw01sde1001202601050920260808%2F08,outputs/longshot_placer_index_expanded_20260811/jra_result_html/20260808_札幌_09.html,b0d0f843e5af06f1b83ed5c20314fa4423334d99f96f1c281d641c3ec1f1b6a5
2026-08-08,札幌,9,5,デルマサクラサク,5,5.0,COMPLETED,4.0,https://www.jra.go.jp/JRADB/accessS.html?CNAME=pw01sde1001202601050920260808%2F08,outputs/longshot_placer_index_expanded_20260811/jra_result_html/20260808_札幌_09.html,b0d0f843e5af06f1b83ed5c20314fa4423334d99f96f1c281d641c3ec1f1b6a5
2026-08-08,札幌,9,6,ミリオンアップ,11,11.0,COMPLETED,11.0,https://www.jra.go.jp/JRADB/accessS.html?CNAME=pw01sde1001202601050920260808%2F08,outputs/longshot_placer_index_expanded_20260811/jra_result_html/20260808_札幌_09.html,b0d0f843e5af06f1b83ed5c20314fa4423334d99f96f1c281d641c3ec1f1b6a5
2026-08-08,札幌,9,7,オテンバプリンセス,13,13.0,COMPLETED,3.0,https://www.jra.go.jp/JRADB/accessS.html?CNAME=pw01sde1001202601050920260808%2F08,outputs/longshot_placer_index_expanded_20260811/jra_result_html/20260808_札幌_09.html,b0d0f843e5af06f1b83ed5c20314fa4423334d99f96f1c281d641c3ec1f1b6a5
2026-08-08,札幌,9,8,マインセーラ,9,9.0,COMPLETED,13.0,https://www.jra.go.jp/JRADB/accessS.html?CNAME=pw01sde1001202601050920260808%2F08,outputs/longshot_placer_index_expanded_20260811/jra_result_html/20260808_札幌_09.html,b0d0f843e5af06f1b83ed5c20314fa4423334d99f96f1c281d641c3ec1f1b6a5
2026-08-08,札幌,9,9,ライフイズ,除外,,除外,,https://www.jra.go.jp/JRADB/accessS.html?CNAME=pw01sde1001202601050920260808%2F08,outputs/longshot_placer_index_expanded_20260811/jra_result_html/20260808_札幌_09.html,b0d0f843e5af06f1b83ed5c20314fa4423334d99f96f1c281d641c3ec1f1b6a5
2026-08-08,札幌,9,10,ランスノーブル,2,2.0,COMPLETED,8.0,https://www.jra.go.jp/JRADB/accessS.html?CNAME=pw01sde1001202601050920260808%2F08,outputs/longshot_placer_index_expanded_20260811/jra_result_html/20260808_札幌_09.html,b0d0f843e5af06f1b83ed5c20314fa4423334d99f96f1c281d641c3ec1f1b6a5
2026-08-08,札幌,9,11,ジーティーアリア,4,4.0,COMPLETED,5.0,https://www.jra.go.jp/JRADB/accessS.html?CNAME=pw01sde1001202601050920260808%2F08,outputs/longshot_placer_index_expanded_20260811/jra_result_html/20260808_札幌_09.html,b0d0f843e5af06f1b83ed5c20314fa4423334d99f96f1c281d641c3ec1f1b6a5
2026-08-08,札幌,9,12,スリーケイ,3,3.0,COMPLETED,7.0,https://www.jra.go.jp/JRADB/accessS.html?CNAME=pw01sde1001202601050920260808%2F08,outputs/longshot_placer_index_expanded_20260811/jra_result_html/20260808_札幌_09.html,b0d0f843e5af06f1b83ed5c20314fa4423334d99f96f1c281d641c3ec1f1b6a5
2026-08-08,札幌,9,13,グルーヴィーオン,12,12.0,COMPLETED,9.0,https://www.jra.go.jp/JRADB/accessS.html?CNAME=pw01sde1001202601050920260808%2F08,outputs/longshot_placer_index_expanded_20260811/jra_result_html/20260808_札幌_09.html,b0d0f843e5af06f1b83ed5c20314fa4423334d99f96f1c281d641c3ec1f1b6a5
2026-08-08,札幌,9,14,カルミアクラウン,1,1.0,COMPLETED,2.0,https://www.jra.go.jp/JRADB/accessS.html?CNAME=pw01sde1001202601050920260808%2F08,outputs/longshot_placer_index_expanded_20260811/jra_result_html/20260808_札幌_09.html,b0d0f843e5af06f1b83ed5c20314fa4423334d99f96f1c281d641c3ec1f1b6a5
2026-08-08,札幌,10,1,スカイサーベイ,8,8.0,COMPLETED,3.0,https://www.jra.go.jp/JRADB/accessS.html?CNAME=pw01sde1001202601051020260808%2FFD,outputs/longshot_placer_index_expanded_20260811/jra_result_html/20260808_札幌_10.html,d0f5ca76d7c201615c9b0c8a23f5da0c501f25463e69cc53404b5f05afe47840
2026-08-08,札幌,10,2,ヨシヒロ,6,6.0,COMPLETED,8.0,https://www.jra.go.jp/JRADB/accessS.html?CNAME=pw01sde1001202601051020260808%2FFD,outputs/longshot_placer_index_expanded_20260811/jra_result_html/20260808_札幌_10.html,d0f5ca76d7c201615c9b0c8a23f5da0c501f25463e69cc53404b5f05afe47840
2026-08-08,札幌,10,3,エボルヴィング,3,3.0,COMPLETED,7.0,https://www.jra.go.jp/JRADB/accessS.html?CNAME=pw01sde1001202601051020260808%2FFD,outputs/longshot_placer_index_expanded_20260811/jra_result_html/20260808_札幌_10.html,d0f5ca76d7c201615c9b0c8a23f5da0c501f25463e69cc53404b5f05afe47840
2026-08-08,札幌,10,4,メイショウアイル,4,4.0,COMPLETED,2.0,https://www.jra.go.jp/JRADB/accessS.html?CNAME=pw01sde1001202601051020260808%2FFD,outputs/longshot_placer_index_expanded_20260811/jra_result_html/20260808_札幌_10.html,d0f5ca76d7c201615c9b0c8a23f5da0c501f25463e69cc53404b5f05afe47840
2026-08-08,札幌,10,5,バルティカ,2,2.0,COMPLETED,5.0,https://www.jra.go.jp/JRADB/accessS.html?CNAME=pw01sde1001202601051020260808%2FFD,outputs/longshot_placer_index_expanded_20260811/jra_result_html/20260808_札幌_10.html,d0f5ca76d7c201615c9b0c8a23f5da0c501f25463e69cc53404b5f05afe47840
2026-08-08,札幌,10,6,デルマジュテーム,7,7.0,COMPLETED,6.0,https://www.jra.go.jp/JRADB/accessS.html?CNAME=pw01sde1001202601051020260808%2FFD,outputs/longshot_placer_index_expanded_20260811/jra_result_html/20260808_札幌_10.html,d0f5ca76d7c201615c9b0c8a23f5da0c501f25463e69cc53404b5f05afe47840
2026-08-08,札幌,10,7,レーヴドロペラ,5,5.0,COMPLETED,4.0,https://www.jra.go.jp/JRADB/accessS.html?CNAME=pw01sde1001202601051020260808%2FFD,outputs/longshot_placer_index_expanded_20260811/jra_result_html/20260808_札幌_10.html,d0f5ca76d7c201615c9b0c8a23f5da0c501f25463e69cc53404b5f05afe47840
2026-08-08,札幌,10,8,ビーオンザカバー,1,1.0,COMPLETED,1.0,https://www.jra.go.jp/JRADB/accessS.html?CNAME=pw01sde1001202601051020260808%2FFD,outputs/longshot_placer_index_expanded_20260811/jra_result_html/20260808_札幌_10.html,d0f5ca76d7c201615c9b0c8a23f5da0c501f25463e69cc53404b5f05afe47840
2026-08-08,札幌,11,1,アクションプラン,11,11.0,COMPLETED,9.0,https://www.jra.go.jp/JRADB/accessS.html?CNAME=pw01sde1001202601051120260808%2FB2,outputs/longshot_placer_index_expanded_20260811/jra_result_html/20260808_札幌_11.html,ab5eaac89f14d6e78d0529b44502ea6cdc265a4ba801125a123e894dd5934e51
2026-08-08,札幌,11,2,レヴォントゥレット,10,10.0,COMPLETED,8.0,https://www.jra.go.jp/JRADB/accessS.html?CNAME=pw01sde1001202601051120260808%2FB2,outputs/longshot_placer_index_expanded_20260811/jra_result_html/20260808_札幌_11.html,ab5eaac89f14d6e78d0529b44502ea6cdc265a4ba801125a123e894dd5934e51
2026-08-08,札幌,11,3,ルクソールカフェ,1,1.0,COMPLETED,3.0,https://www.jra.go.jp/JRADB/accessS.html?CNAME=pw01sde1001202601051120260808%2FB2,outputs/longshot_placer_index_expanded_20260811/jra_result_html/20260808_札幌_11.html,ab5eaac89f14d6e78d0529b44502ea6cdc265a4ba801125a123e894dd5934e51
2026-08-08,札幌,11,4,ナチュラルライズ,4,4.0,COMPLETED,5.0,https://www.jra.go.jp/JRADB/accessS.html?CNAME=pw01sde1001202601051120260808%2FB2,outputs/longshot_placer_index_expanded_20260811/jra_result_html/20260808_札幌_11.html,ab5eaac89f14d6e78d0529b44502ea6cdc265a4ba801125a123e894dd5934e51
2026-08-08,札幌,11,5,テーオーパスワード,3,3.0,COMPLETED,2.0,https://www.jra.go.jp/JRADB/accessS.html?CNAME=pw01sde1001202601051120260808%2FB2,outputs/longshot_placer_index_expanded_20260811/jra_result_html/20260808_札幌_11.html,ab5eaac89f14d6e78d0529b44502ea6cdc265a4ba801125a123e894dd5934e51
2026-08-08,札幌,11,6,ヴァルツァーシャル,5,5.0,COMPLETED,7.0,https://www.jra.go.jp/JRADB/accessS.html?CNAME=pw01sde1001202601051120260808%2FB2,outputs/longshot_placer_index_expanded_20260811/jra_result_html/20260808_札幌_11.html,ab5eaac89f14d6e78d0529b44502ea6cdc265a4ba801125a123e894dd5934e51
2026-08-08,札幌,11,7,テーオードレフォン,6,6.0,COMPLETED,11.0,https://www.jra.go.jp/JRADB/accessS.html?CNAME=pw01sde1001202601051120260808%2FB2,outputs/longshot_placer_index_expanded_20260811/jra_result_html/20260808_札幌_11.html,ab5eaac89f14d6e78d0529b44502ea6cdc265a4ba801125a123e894dd5934e51
2026-08-08,札幌,11,8,ウェイワードアクト,8,8.0,COMPLETED,1.0,https://www.jra.go.jp/JRADB/accessS.html?CNAME=pw01sde1001202601051120260808%2FB2,outputs/longshot_placer_index_expanded_20260811/jra_result_html/20260808_札幌_11.html,ab5eaac89f14d6e78d0529b44502ea6cdc265a4ba801125a123e894dd5934e51
2026-08-08,札幌,11,9,ヒルノハンブルク,7,7.0,COMPLETED,10.0,https://www.jra.go.jp/JRADB/accessS.html?CNAME=pw01sde1001202601051120260808%2FB2,outputs/longshot_placer_index_expanded_20260811/jra_result_html/20260808_札幌_11.html,ab5eaac89f14d6e78d0529b44502ea6cdc265a4ba801125a123e894dd5934e51
2026-08-08,札幌,11,10,オメガギネス,9,9.0,COMPLETED,6.0,https://www.jra.go.jp/JRADB/accessS.html?CNAME=pw01sde1001202601051120260808%2FB2,outputs/longshot_placer_index_expanded_20260811/jra_result_html/20260808_札幌_11.html,ab5eaac89f14d6e78d0529b44502ea6cdc265a4ba801125a123e894dd5934e51
2026-08-08,札幌,11,11,ペリエール,2,2.0,COMPLETED,4.0,https://www.jra.go.jp/JRADB/accessS.html?CNAME=pw01sde1001202601051120260808%2FB2,outputs/longshot_placer_index_expanded_20260811/jra_result_html/20260808_札幌_11.html,ab5eaac89f14d6e78d0529b44502ea6cdc265a4ba801125a123e894dd5934e51
2026-08-08,札幌,12,1,アスミル,6,6.0,COMPLETED,8.0,https://www.jra.go.jp/JRADB/accessS.html?CNAME=pw01sde1001202601051220260808%2F67,outputs/longshot_placer_index_expanded_20260811/jra_result_html/20260808_札幌_12.html,00a731ff7fde2fac89e635d5d31ab57e1dabbb5e6d1f328034f408bbc637007f
2026-08-08,札幌,12,2,ホウキボシ,7,7.0,COMPLETED,5.0,https://www.jra.go.jp/JRADB/accessS.html?CNAME=pw01sde1001202601051220260808%2F67,outputs/longshot_placer_index_expanded_20260811/jra_result_html/20260808_札幌_12.html,00a731ff7fde2fac89e635d5d31ab57e1dabbb5e6d1f328034f408bbc637007f
2026-08-08,札幌,12,3,ルクスジニア,4,4.0,COMPLETED,4.0,https://www.jra.go.jp/JRADB/accessS.html?CNAME=pw01sde1001202601051220260808%2F67,outputs/longshot_placer_index_expanded_20260811/jra_result_html/20260808_札幌_12.html,00a731ff7fde2fac89e635d5d31ab57e1dabbb5e6d1f328034f408bbc637007f
2026-08-08,札幌,12,4,マーゴットブロー,10,10.0,COMPLETED,7.0,https://www.jra.go.jp/JRADB/accessS.html?CNAME=pw01sde1001202601051220260808%2F67,outputs/longshot_placer_index_expanded_20260811/jra_result_html/20260808_札幌_12.html,00a731ff7fde2fac89e635d5d31ab57e1dabbb5e6d1f328034f408bbc637007f
2026-08-08,札幌,12,5,ウインイザナミ,11,11.0,COMPLETED,9.0,https://www.jra.go.jp/JRADB/accessS.html?CNAME=pw01sde1001202601051220260808%2F67,outputs/longshot_placer_index_expanded_20260811/jra_result_html/20260808_札幌_12.html,00a731ff7fde2fac89e635d5d31ab57e1dabbb5e6d1f328034f408bbc637007f
2026-08-08,札幌,12,6,スミレファースト,9,9.0,COMPLETED,13.0,https://www.jra.go.jp/JRADB/accessS.html?CNAME=pw01sde1001202601051220260808%2F67,outputs/longshot_placer_index_expanded_20260811/jra_result_html/20260808_札幌_12.html,00a731ff7fde2fac89e635d5d31ab57e1dabbb5e6d1f328034f408bbc637007f
2026-08-08,札幌,12,7,レイユール,8,8.0,COMPLETED,10.0,https://www.jra.go.jp/JRADB/accessS.html?CNAME=pw01sde1001202601051220260808%2F67,outputs/longshot_placer_index_expanded_20260811/jra_result_html/20260808_札幌_12.html,00a731ff7fde2fac89e635d5d31ab57e1dabbb5e6d1f328034f408bbc637007f
2026-08-08,札幌,12,8,ヒズマスターピース,5,5.0,COMPLETED,6.0,https://www.jra.go.jp/JRADB/accessS.html?CNAME=pw01sde1001202601051220260808%2F67,outputs/longshot_placer_index_expanded_20260811/jra_result_html/20260808_札幌_12.html,00a731ff7fde2fac89e635d5d31ab57e1dabbb5e6d1f328034f408bbc637007f
2026-08-08,札幌,12,9,レッドスティンガー,3,3.0,COMPLETED,2.0,https://www.jra.go.jp/JRADB/accessS.html?CNAME=pw01sde1001202601051220260808%2F67,outputs/longshot_placer_index_expanded_20260811/jra_result_html/20260808_札幌_12.html,00a731ff7fde2fac89e635d5d31ab57e1dabbb5e6d1f328034f408bbc637007f
2026-08-08,札幌,12,10,ブラックジェダイト,1,1.0,COMPLETED,3.0,https://www.jra.go.jp/JRADB/accessS.html?CNAME=pw01sde1001202601051220260808%2F67,outputs/longshot_placer_index_expanded_20260811/jra_result_html/20260808_札幌_12.html,00a731ff7fde2fac89e635d5d31ab57e1dabbb5e6d1f328034f408bbc637007f
2026-08-08,札幌,12,11,ジーネキング,2,2.0,COMPLETED,1.0,https://www.jra.go.jp/JRADB/accessS.html?CNAME=pw01sde1001202601051220260808%2F67,outputs/longshot_placer_index_expanded_20260811/jra_result_html/20260808_札幌_12.html,00a731ff7fde2fac89e635d5d31ab57e1dabbb5e6d1f328034f408bbc637007f
2026-08-08,札幌,12,12,ヴィンブルレー,13,13.0,COMPLETED,11.0,https://www.jra.go.jp/JRADB/accessS.html?CNAME=pw01sde1001202601051220260808%2F67,outputs/longshot_placer_index_expanded_20260811/jra_result_html/20260808_札幌_12.html,00a731ff7fde2fac89e635d5d31ab57e1dabbb5e6d1f328034f408bbc637007f
2026-08-08,札幌,12,13,オーシャントライブ,12,12.0,COMPLETED,12.0,https://www.jra.go.jp/JRADB/accessS.html?CNAME=pw01sde1001202601051220260808%2F67,outputs/longshot_placer_index_expanded_20260811/jra_result_html/20260808_札幌_12.html,00a731ff7fde2fac89e635d5d31ab57e1dabbb5e6d1f328034f408bbc637007f
2026-08-09,中京,1,1,ラピス,4,4.0,COMPLETED,7.0,https://www.jra.go.jp/JRADB/accessS.html?CNAME=pw01sde0107202602060120260809/9E,outputs/audit_20260809_r2/jra_horse_results_20260809_36r.csv,f273b71097ed10f318e750bf57f0e441e98d5725bd21a742e6eb468c70dce99f
2026-08-09,中京,1,2,レイアン,10,10.0,COMPLETED,9.0,https://www.jra.go.jp/JRADB/accessS.html?CNAME=pw01sde0107202602060120260809/9E,outputs/audit_20260809_r2/jra_horse_results_20260809_36r.csv,f273b71097ed10f318e750bf57f0e441e98d5725bd21a742e6eb468c70dce99f
2026-08-09,中京,1,3,クロスボーダー,5,5.0,COMPLETED,1.0,https://www.jra.go.jp/JRADB/accessS.html?CNAME=pw01sde0107202602060120260809/9E,outputs/audit_20260809_r2/jra_horse_results_20260809_36r.csv,f273b71097ed10f318e750bf57f0e441e98d5725bd21a742e6eb468c70dce99f
2026-08-09,中京,1,4,マイコンプリート,3,3.0,COMPLETED,4.0,https://www.jra.go.jp/JRADB/accessS.html?CNAME=pw01sde0107202602060120260809/9E,outputs/audit_20260809_r2/jra_horse_results_20260809_36r.csv,f273b71097ed10f318e750bf57f0e441e98d5725bd21a742e6eb468c70dce99f
2026-08-09,中京,1,5,ストラドーネ,16,16.0,COMPLETED,15.0,https://www.jra.go.jp/JRADB/accessS.html?CNAME=pw01sde0107202602060120260809/9E,outputs/audit_20260809_r2/jra_horse_results_20260809_36r.csv,f273b71097ed10f318e750bf57f0e441e98d5725bd21a742e6eb468c70dce99f
2026-08-09,中京,1,6,バンブラボー,12,12.0,COMPLETED,14.0,https://www.jra.go.jp/JRADB/accessS.html?CNAME=pw01sde0107202602060120260809/9E,outputs/audit_20260809_r2/jra_horse_results_20260809_36r.csv,f273b71097ed10f318e750bf57f0e441e98d5725bd21a742e6eb468c70dce99f
2026-08-09,中京,1,7,カミノトップワン,14,14.0,COMPLETED,11.0,https://www.jra.go.jp/JRADB/accessS.html?CNAME=pw01sde0107202602060120260809/9E,outputs/audit_20260809_r2/jra_horse_results_20260809_36r.csv,f273b71097ed10f318e750bf57f0e441e98d5725bd21a742e6eb468c70dce99f
2026-08-09,中京,1,8,ゴナビーオーライト,13,13.0,COMPLETED,12.0,https://www.jra.go.jp/JRADB/accessS.html?CNAME=pw01sde0107202602060120260809/9E,outputs/audit_20260809_r2/jra_horse_results_20260809_36r.csv,f273b71097ed10f318e750bf57f0e441e98d5725bd21a742e6eb468c70dce99f
2026-08-09,中京,1,9,ワンダーリュクス,11,11.0,COMPLETED,5.0,https://www.jra.go.jp/JRADB/accessS.html?CNAME=pw01sde0107202602060120260809/9E,outputs/audit_20260809_r2/jra_horse_results_20260809_36r.csv,f273b71097ed10f318e750bf57f0e441e98d5725bd21a742e6eb468c70dce99f
2026-08-09,中京,1,10,ニテンイチリュウ,15,15.0,COMPLETED,13.0,https://www.jra.go.jp/JRADB/accessS.html?CNAME=pw01sde0107202602060120260809/9E,outputs/audit_20260809_r2/jra_horse_results_20260809_36r.csv,f273b71097ed10f318e750bf57f0e441e98d5725bd21a742e6eb468c70dce99f
2026-08-09,中京,1,11,キービート,9,9.0,COMPLETED,16.0,https://www.jra.go.jp/JRADB/accessS.html?CNAME=pw01sde0107202602060120260809/9E,outputs/audit_20260809_r2/jra_horse_results_20260809_36r.csv,f273b71097ed10f318e750bf57f0e441e98d5725bd21a742e6eb468c70dce99f
2026-08-09,中京,1,12,オレンジフィールド,8,8.0,COMPLETED,6.0,https://www.jra.go.jp/JRADB/accessS.html?CNAME=pw01sde0107202602060120260809/9E,outputs/audit_20260809_r2/jra_horse_results_20260809_36r.csv,f273b71097ed10f318e750bf57f0e441e98d5725bd21a742e6eb468c70dce99f
2026-08-09,中京,1,13,チュオンソン,6,6.0,COMPLETED,8.0,https://www.jra.go.jp/JRADB/accessS.html?CNAME=pw01sde0107202602060120260809/9E,outputs/audit_20260809_r2/jra_horse_results_20260809_36r.csv,f273b71097ed10f318e750bf57f0e441e98d5725bd21a742e6eb468c70dce99f
2026-08-09,中京,1,14,フィンガーレイクス,1,1.0,COMPLETED,3.0,https://www.jra.go.jp/JRADB/accessS.html?CNAME=pw01sde0107202602060120260809/9E,outputs/audit_20260809_r2/jra_horse_results_20260809_36r.csv,f273b71097ed10f318e750bf57f0e441e98d5725bd21a742e6eb468c70dce99f
2026-08-09,中京,1,15,ティタノマキア,2,2.0,COMPLETED,2.0,https://www.jra.go.jp/JRADB/accessS.html?CNAME=pw01sde0107202602060120260809/9E,outputs/audit_20260809_r2/jra_horse_results_20260809_36r.csv,f273b71097ed10f318e750bf57f0e441e98d5725bd21a742e6eb468c70dce99f
2026-08-09,中京,1,16,ディアーモルタル,7,7.0,COMPLETED,10.0,https://www.jra.go.jp/JRADB/accessS.html?CNAME=pw01sde0107202602060120260809/9E,outputs/audit_20260809_r2/jra_horse_results_20260809_36r.csv,f273b71097ed10f318e750bf57f0e441e98d5725bd21a742e6eb468c70dce99f
2026-08-09,中京,2,1,ガリアルダ,3,3.0,COMPLETED,2.0,https://www.jra.go.jp/JRADB/accessS.html?CNAME=pw01sde0107202602060220260809/53,outputs/audit_20260809_r2/jra_horse_results_20260809_36r.csv,f273b71097ed10f318e750bf57f0e441e98d5725bd21a742e6eb468c70dce99f
2026-08-09,中京,2,2,レニュアージュ,1,1.0,COMPLETED,3.0,https://www.jra.go.jp/JRADB/accessS.html?CNAME=pw01sde0107202602060220260809/53,outputs/audit_20260809_r2/jra_horse_results_20260809_36r.csv,f273b71097ed10f318e750bf57f0e441e98d5725bd21a742e6eb468c70dce99f
2026-08-09,中京,2,3,リアンフィニ,2,2.0,COMPLETED,1.0,https://www.jra.go.jp/JRADB/accessS.html?CNAME=pw01sde0107202602060220260809/53,outputs/audit_20260809_r2/jra_horse_results_20260809_36r.csv,f273b71097ed10f318e750bf57f0e441e98d5725bd21a742e6eb468c70dce99f
2026-08-09,中京,2,4,ビップルーチェ,9,9.0,COMPLETED,9.0,https://www.jra.go.jp/JRADB/accessS.html?CNAME=pw01sde0107202602060220260809/53,outputs/audit_20260809_r2/jra_horse_results_20260809_36r.csv,f273b71097ed10f318e750bf57f0e441e98d5725bd21a742e6eb468c70dce99f
2026-08-09,中京,2,5,ピュアノーブル,5,5.0,COMPLETED,5.0,https://www.jra.go.jp/JRADB/accessS.html?CNAME=pw01sde0107202602060220260809/53,outputs/audit_20260809_r2/jra_horse_results_20260809_36r.csv,f273b71097ed10f318e750bf57f0e441e98d5725bd21a742e6eb468c70dce99f
2026-08-09,中京,2,6,ウィンザーローズ,4,4.0,COMPLETED,6.0,https://www.jra.go.jp/JRADB/accessS.html?CNAME=pw01sde0107202602060220260809/53,outputs/audit_20260809_r2/jra_horse_results_20260809_36r.csv,f273b71097ed10f318e750bf57f0e441e98d5725bd21a742e6eb468c70dce99f
2026-08-09,中京,2,7,ミリオンカラー,6,6.0,COMPLETED,8.0,https://www.jra.go.jp/JRADB/accessS.html?CNAME=pw01sde0107202602060220260809/53,outputs/audit_20260809_r2/jra_horse_results_20260809_36r.csv,f273b71097ed10f318e750bf57f0e441e98d5725bd21a742e6eb468c70dce99f
2026-08-09,中京,2,8,ジュエルシップ,7,7.0,COMPLETED,7.0,https://www.jra.go.jp/JRADB/accessS.html?CNAME=pw01sde0107202602060220260809/53,outputs/audit_20260809_r2/jra_horse_results_20260809_36r.csv,f273b71097ed10f318e750bf57f0e441e98d5725bd21a742e6eb468c70dce99f
2026-08-09,中京,2,9,ノンヴェドローラ,8,8.0,COMPLETED,4.0,https://www.jra.go.jp/JRADB/accessS.html?CNAME=pw01sde0107202602060220260809/53,outputs/audit_20260809_r2/jra_horse_results_20260809_36r.csv,f273b71097ed10f318e750bf57f0e441e98d5725bd21a742e6eb468c70dce99f
2026-08-09,中京,3,1,コパノマハロ,5,5.0,COMPLETED,6.0,https://www.jra.go.jp/JRADB/accessS.html?CNAME=pw01sde0107202602060320260809/08,outputs/audit_20260809_r2/jra_horse_results_20260809_36r.csv,f273b71097ed10f318e750bf57f0e441e98d5725bd21a742e6eb468c70dce99f
2026-08-09,中京,3,2,ショウナンバトレニ,2,2.0,COMPLETED,2.0,https://www.jra.go.jp/JRADB/accessS.html?CNAME=pw01sde0107202602060320260809/08,outputs/audit_20260809_r2/jra_horse_results_20260809_36r.csv,f273b71097ed10f318e750bf57f0e441e98d5725bd21a742e6eb468c70dce99f
2026-08-09,中京,3,3,ドリームオブコージ,8,8.0,COMPLETED,7.0,https://www.jra.go.jp/JRADB/accessS.html?CNAME=pw01sde0107202602060320260809/08,outputs/audit_20260809_r2/jra_horse_results_20260809_36r.csv,f273b71097ed10f318e750bf57f0e441e98d5725bd21a742e6eb468c70dce99f
2026-08-09,中京,3,4,ダンスコマンド,7,7.0,COMPLETED,4.0,https://www.jra.go.jp/JRADB/accessS.html?CNAME=pw01sde0107202602060320260809/08,outputs/audit_20260809_r2/jra_horse_results_20260809_36r.csv,f273b71097ed10f318e750bf57f0e441e98d5725bd21a742e6eb468c70dce99f
2026-08-09,中京,3,5,ディープナイト,6,6.0,COMPLETED,8.0,https://www.jra.go.jp/JRADB/accessS.html?CNAME=pw01sde0107202602060320260809/08,outputs/audit_20260809_r2/jra_horse_results_20260809_36r.csv,f273b71097ed10f318e750bf57f0e441e98d5725bd21a742e6eb468c70dce99f
2026-08-09,中京,3,6,ドラゴンバルド,1,1.0,COMPLETED,1.0,https://www.jra.go.jp/JRADB/accessS.html?CNAME=pw01sde0107202602060320260809/08,outputs/audit_20260809_r2/jra_horse_results_20260809_36r.csv,f273b71097ed10f318e750bf57f0e441e98d5725bd21a742e6eb468c70dce99f
2026-08-09,中京,3,7,ソウカイファンキー,3,3.0,COMPLETED,3.0,https://www.jra.go.jp/JRADB/accessS.html?CNAME=pw01sde0107202602060320260809/08,outputs/audit_20260809_r2/jra_horse_results_20260809_36r.csv,f273b71097ed10f318e750bf57f0e441e98d5725bd21a742e6eb468c70dce99f
2026-08-09,中京,3,8,リリーギャラクシー,4,4.0,COMPLETED,5.0,https://www.jra.go.jp/JRADB/accessS.html?CNAME=pw01sde0107202602060320260809/08,outputs/audit_20260809_r2/jra_horse_results_20260809_36r.csv,f273b71097ed10f318e750bf57f0e441e98d5725bd21a742e6eb468c70dce99f
2026-08-09,中京,4,1,レッドフレーザー,3,3.0,COMPLETED,7.0,https://www.jra.go.jp/JRADB/accessS.html?CNAME=pw01sde0107202602060420260809/BD,outputs/audit_20260809_r2/jra_horse_results_20260809_36r.csv,f273b71097ed10f318e750bf57f0e441e98d5725bd21a742e6eb468c70dce99f
2026-08-09,中京,4,2,アルヴァルディ,16,16.0,COMPLETED,14.0,https://www.jra.go.jp/JRADB/accessS.html?CNAME=pw01sde0107202602060420260809/BD,outputs/audit_20260809_r2/jra_horse_results_20260809_36r.csv,f273b71097ed10f318e750bf57f0e441e98d5725bd21a742e6eb468c70dce99f
2026-08-09,中京,4,3,タイセイゼスティ,7,7.0,COMPLETED,4.0,https://www.jra.go.jp/JRADB/accessS.html?CNAME=pw01sde0107202602060420260809/BD,outputs/audit_20260809_r2/jra_horse_results_20260809_36r.csv,f273b71097ed10f318e750bf57f0e441e98d5725bd21a742e6eb468c70dce99f
2026-08-09,中京,4,4,スパルタンエックス,11,11.0,COMPLETED,3.0,https://www.jra.go.jp/JRADB/accessS.html?CNAME=pw01sde0107202602060420260809/BD,outputs/audit_20260809_r2/jra_horse_results_20260809_36r.csv,f273b71097ed10f318e750bf57f0e441e98d5725bd21a742e6eb468c70dce99f
2026-08-09,中京,4,5,アイゼンハイム,12,12.0,COMPLETED,10.0,https://www.jra.go.jp/JRADB/accessS.html?CNAME=pw01sde0107202602060420260809/BD,outputs/audit_20260809_r2/jra_horse_results_20260809_36r.csv,f273b71097ed10f318e750bf57f0e441e98d5725bd21a742e6eb468c70dce99f
2026-08-09,中京,4,6,アラムシャピラス,2,2.0,COMPLETED,2.0,https://www.jra.go.jp/JRADB/accessS.html?CNAME=pw01sde0107202602060420260809/BD,outputs/audit_20260809_r2/jra_horse_results_20260809_36r.csv,f273b71097ed10f318e750bf57f0e441e98d5725bd21a742e6eb468c70dce99f
2026-08-09,中京,4,7,サンライズフリード,8,8.0,COMPLETED,8.0,https://www.jra.go.jp/JRADB/accessS.html?CNAME=pw01sde0107202602060420260809/BD,outputs/audit_20260809_r2/jra_horse_results_20260809_36r.csv,f273b71097ed10f318e750bf57f0e441e98d5725bd21a742e6eb468c70dce99f
2026-08-09,中京,4,8,ハオカノア,6,6.0,COMPLETED,9.0,https://www.jra.go.jp/JRADB/accessS.html?CNAME=pw01sde0107202602060420260809/BD,outputs/audit_20260809_r2/jra_horse_results_20260809_36r.csv,f273b71097ed10f318e750bf57f0e441e98d5725bd21a742e6eb468c70dce99f
2026-08-09,中京,4,9,グランセンチュリ,15,15.0,COMPLETED,11.0,https://www.jra.go.jp/JRADB/accessS.html?CNAME=pw01sde0107202602060420260809/BD,outputs/audit_20260809_r2/jra_horse_results_20260809_36r.csv,f273b71097ed10f318e750bf57f0e441e98d5725bd21a742e6eb468c70dce99f
2026-08-09,中京,4,10,ビーウィナー,10,10.0,COMPLETED,13.0,https://www.jra.go.jp/JRADB/accessS.html?CNAME=pw01sde0107202602060420260809/BD,outputs/audit_20260809_r2/jra_horse_results_20260809_36r.csv,f273b71097ed10f318e750bf57f0e441e98d5725bd21a742e6eb468c70dce99f
2026-08-09,中京,4,11,ジーティーピカソ,4,4.0,COMPLETED,5.0,https://www.jra.go.jp/JRADB/accessS.html?CNAME=pw01sde0107202602060420260809/BD,outputs/audit_20260809_r2/jra_horse_results_20260809_36r.csv,f273b71097ed10f318e750bf57f0e441e98d5725bd21a742e6eb468c70dce99f
2026-08-09,中京,4,12,メイショウヒタカミ,5,5.0,COMPLETED,6.0,https://www.jra.go.jp/JRADB/accessS.html?CNAME=pw01sde0107202602060420260809/BD,outputs/audit_20260809_r2/jra_horse_results_20260809_36r.csv,f273b71097ed10f318e750bf57f0e441e98d5725bd21a742e6eb468c70dce99f
2026-08-09,中京,4,13,エイシンリブウェル,1,1.0,COMPLETED,1.0,https://www.jra.go.jp/JRADB/accessS.html?CNAME=pw01sde0107202602060420260809/BD,outputs/audit_20260809_r2/jra_horse_results_20260809_36r.csv,f273b71097ed10f318e750bf57f0e441e98d5725bd21a742e6eb468c70dce99f
2026-08-09,中京,4,14,リリークリスタル,9,9.0,COMPLETED,15.0,https://www.jra.go.jp/JRADB/accessS.html?CNAME=pw01sde0107202602060420260809/BD,outputs/audit_20260809_r2/jra_horse_results_20260809_36r.csv,f273b71097ed10f318e750bf57f0e441e98d5725bd21a742e6eb468c70dce99f
2026-08-09,中京,4,15,ピースビート,13,13.0,COMPLETED,16.0,https://www.jra.go.jp/JRADB/accessS.html?CNAME=pw01sde0107202602060420260809/BD,outputs/audit_20260809_r2/jra_horse_results_20260809_36r.csv,f273b71097ed10f318e750bf57f0e441e98d5725bd21a742e6eb468c70dce99f
2026-08-09,中京,4,16,サクライロマウコロ,14,14.0,COMPLETED,12.0,https://www.jra.go.jp/JRADB/accessS.html?CNAME=pw01sde0107202602060420260809/BD,outputs/audit_20260809_r2/jra_horse_results_20260809_36r.csv,f273b71097ed10f318e750bf57f0e441e98d5725bd21a742e6eb468c70dce99f
2026-08-09,中京,5,1,ショウナンラウール,6,6.0,COMPLETED,12.0,https://www.jra.go.jp/JRADB/accessS.html?CNAME=pw01sde0107202602060520260809/72,outputs/audit_20260809_r2/jra_horse_results_20260809_36r.csv,f273b71097ed10f318e750bf57f0e441e98d5725bd21a742e6eb468c70dce99f
2026-08-09,中京,5,2,ロイヤルテール,8,8.0,COMPLETED,15.0,https://www.jra.go.jp/JRADB/accessS.html?CNAME=pw01sde0107202602060520260809/72,outputs/audit_20260809_r2/jra_horse_results_20260809_36r.csv,f273b71097ed10f318e750bf57f0e441e98d5725bd21a742e6eb468c70dce99f
2026-08-09,中京,5,3,ツァレヴナ,13,13.0,COMPLETED,7.0,https://www.jra.go.jp/JRADB/accessS.html?CNAME=pw01sde0107202602060520260809/72,outputs/audit_20260809_r2/jra_horse_results_20260809_36r.csv,f273b71097ed10f318e750bf57f0e441e98d5725bd21a742e6eb468c70dce99f
2026-08-09,中京,5,4,ルクスポップスター,11,11.0,COMPLETED,3.0,https://www.jra.go.jp/JRADB/accessS.html?CNAME=pw01sde0107202602060520260809/72,outputs/audit_20260809_r2/jra_horse_results_20260809_36r.csv,f273b71097ed10f318e750bf57f0e441e98d5725bd21a742e6eb468c70dce99f
2026-08-09,中京,5,5,カクウチ,9,9.0,COMPLETED,6.0,https://www.jra.go.jp/JRADB/accessS.html?CNAME=pw01sde0107202602060520260809/72,outputs/audit_20260809_r2/jra_horse_results_20260809_36r.csv,f273b71097ed10f318e750bf57f0e441e98d5725bd21a742e6eb468c70dce99f
2026-08-09,中京,5,6,カレンパンピナップ,15,15.0,COMPLETED,9.0,https://www.jra.go.jp/JRADB/accessS.html?CNAME=pw01sde0107202602060520260809/72,outputs/audit_20260809_r2/jra_horse_results_20260809_36r.csv,f273b71097ed10f318e750bf57f0e441e98d5725bd21a742e6eb468c70dce99f
2026-08-09,中京,5,7,ジャスティンルマン,1,1.0,COMPLETED,8.0,https://www.jra.go.jp/JRADB/accessS.html?CNAME=pw01sde0107202602060520260809/72,outputs/audit_20260809_r2/jra_horse_results_20260809_36r.csv,f273b71097ed10f318e750bf57f0e441e98d5725bd21a742e6eb468c70dce99f
2026-08-09,中京,5,8,リアライズブライト,2,2.0,COMPLETED,5.0,https://www.jra.go.jp/JRADB/accessS.html?CNAME=pw01sde0107202602060520260809/72,outputs/audit_20260809_r2/jra_horse_results_20260809_36r.csv,f273b71097ed10f318e750bf57f0e441e98d5725bd21a742e6eb468c70dce99f
2026-08-09,中京,5,9,サリカリーフォリア,14,14.0,COMPLETED,10.0,https://www.jra.go.jp/JRADB/accessS.html?CNAME=pw01sde0107202602060520260809/72,outputs/audit_20260809_r2/jra_horse_results_20260809_36r.csv,f273b71097ed10f318e750bf57f0e441e98d5725bd21a742e6eb468c70dce99f
2026-08-09,中京,5,10,ルシャリオ,12,12.0,COMPLETED,13.0,https://www.jra.go.jp/JRADB/accessS.html?CNAME=pw01sde0107202602060520260809/72,outputs/audit_20260809_r2/jra_horse_results_20260809_36r.csv,f273b71097ed10f318e750bf57f0e441e98d5725bd21a742e6eb468c70dce99f
2026-08-09,中京,5,11,ハイクライテリア,7,7.0,COMPLETED,14.0,https://www.jra.go.jp/JRADB/accessS.html?CNAME=pw01sde0107202602060520260809/72,outputs/audit_20260809_r2/jra_horse_results_20260809_36r.csv,f273b71097ed10f318e750bf57f0e441e98d5725bd21a742e6eb468c70dce99f
2026-08-09,中京,5,12,バトルアックス,5,5.0,COMPLETED,2.0,https://www.jra.go.jp/JRADB/accessS.html?CNAME=pw01sde0107202602060520260809/72,outputs/audit_20260809_r2/jra_horse_results_20260809_36r.csv,f273b71097ed10f318e750bf57f0e441e98d5725bd21a742e6eb468c70dce99f
2026-08-09,中京,5,13,オンザノアール,10,10.0,COMPLETED,4.0,https://www.jra.go.jp/JRADB/accessS.html?CNAME=pw01sde0107202602060520260809/72,outputs/audit_20260809_r2/jra_horse_results_20260809_36r.csv,f273b71097ed10f318e750bf57f0e441e98d5725bd21a742e6eb468c70dce99f
2026-08-09,中京,5,14,ペプチドレオン,3,3.0,COMPLETED,1.0,https://www.jra.go.jp/JRADB/accessS.html?CNAME=pw01sde0107202602060520260809/72,outputs/audit_20260809_r2/jra_horse_results_20260809_36r.csv,f273b71097ed10f318e750bf57f0e441e98d5725bd21a742e6eb468c70dce99f
2026-08-09,中京,5,15,ヴァリアントマーチ,16,16.0,COMPLETED,16.0,https://www.jra.go.jp/JRADB/accessS.html?CNAME=pw01sde0107202602060520260809/72,outputs/audit_20260809_r2/jra_horse_results_20260809_36r.csv,f273b71097ed10f318e750bf57f0e441e98d5725bd21a742e6eb468c70dce99f
2026-08-09,中京,5,16,マテンロウミラクル,4,4.0,COMPLETED,11.0,https://www.jra.go.jp/JRADB/accessS.html?CNAME=pw01sde0107202602060520260809/72,outputs/audit_20260809_r2/jra_horse_results_20260809_36r.csv,f273b71097ed10f318e750bf57f0e441e98d5725bd21a742e6eb468c70dce99f
2026-08-09,中京,6,1,マイバレンタイン,3,3.0,COMPLETED,1.0,https://www.jra.go.jp/JRADB/accessS.html?CNAME=pw01sde0107202602060620260809/27,outputs/audit_20260809_r2/jra_horse_results_20260809_36r.csv,f273b71097ed10f318e750bf57f0e441e98d5725bd21a742e6eb468c70dce99f
2026-08-09,中京,6,2,サトノアイボリー,2,2.0,COMPLETED,4.0,https://www.jra.go.jp/JRADB/accessS.html?CNAME=pw01sde0107202602060620260809/27,outputs/audit_20260809_r2/jra_horse_results_20260809_36r.csv,f273b71097ed10f318e750bf57f0e441e98d5725bd21a742e6eb468c70dce99f
2026-08-09,中京,6,3,カレントゥルーシー,5,5.0,COMPLETED,3.0,https://www.jra.go.jp/JRADB/accessS.html?CNAME=pw01sde0107202602060620260809/27,outputs/audit_20260809_r2/jra_horse_results_20260809_36r.csv,f273b71097ed10f318e750bf57f0e441e98d5725bd21a742e6eb468c70dce99f
2026-08-09,中京,6,4,ダイヤモンドハンズ,4,4.0,COMPLETED,6.0,https://www.jra.go.jp/JRADB/accessS.html?CNAME=pw01sde0107202602060620260809/27,outputs/audit_20260809_r2/jra_horse_results_20260809_36r.csv,f273b71097ed10f318e750bf57f0e441e98d5725bd21a742e6eb468c70dce99f
2026-08-09,中京,6,5,カリーニョ,1,1.0,COMPLETED,2.0,https://www.jra.go.jp/JRADB/accessS.html?CNAME=pw01sde0107202602060620260809/27,outputs/audit_20260809_r2/jra_horse_results_20260809_36r.csv,f273b71097ed10f318e750bf57f0e441e98d5725bd21a742e6eb468c70dce99f
2026-08-09,中京,6,6,ヤマニンループ,6,6.0,COMPLETED,5.0,https://www.jra.go.jp/JRADB/accessS.html?CNAME=pw01sde0107202602060620260809/27,outputs/audit_20260809_r2/jra_horse_results_20260809_36r.csv,f273b71097ed10f318e750bf57f0e441e98d5725bd21a742e6eb468c70dce99f
2026-08-09,中京,6,7,ショウナンハウル,7,7.0,COMPLETED,7.0,https://www.jra.go.jp/JRADB/accessS.html?CNAME=pw01sde0107202602060620260809/27,outputs/audit_20260809_r2/jra_horse_results_20260809_36r.csv,f273b71097ed10f318e750bf57f0e441e98d5725bd21a742e6eb468c70dce99f
2026-08-09,中京,7,1,イツモニコニコ,10,10.0,COMPLETED,13.0,https://www.jra.go.jp/JRADB/accessS.html?CNAME=pw01sde0107202602060720260809/DC,outputs/audit_20260809_r2/jra_horse_results_20260809_36r.csv,f273b71097ed10f318e750bf57f0e441e98d5725bd21a742e6eb468c70dce99f
2026-08-09,中京,7,2,フロムダスク,1,1.0,COMPLETED,12.0,https://www.jra.go.jp/JRADB/accessS.html?CNAME=pw01sde0107202602060720260809/DC,outputs/audit_20260809_r2/jra_horse_results_20260809_36r.csv,f273b71097ed10f318e750bf57f0e441e98d5725bd21a742e6eb468c70dce99f
2026-08-09,中京,7,3,レイピア,2,2.0,COMPLETED,2.0,https://www.jra.go.jp/JRADB/accessS.html?CNAME=pw01sde0107202602060720260809/DC,outputs/audit_20260809_r2/jra_horse_results_20260809_36r.csv,f273b71097ed10f318e750bf57f0e441e98d5725bd21a742e6eb468c70dce99f
2026-08-09,中京,7,4,プロトポロス,4,4.0,COMPLETED,17.0,https://www.jra.go.jp/JRADB/accessS.html?CNAME=pw01sde0107202602060720260809/DC,outputs/audit_20260809_r2/jra_horse_results_20260809_36r.csv,f273b71097ed10f318e750bf57f0e441e98d5725bd21a742e6eb468c70dce99f
2026-08-09,中京,7,5,ジェニファー,5,5.0,COMPLETED,9.0,https://www.jra.go.jp/JRADB/accessS.html?CNAME=pw01sde0107202602060720260809/DC,outputs/audit_20260809_r2/jra_horse_results_20260809_36r.csv,f273b71097ed10f318e750bf57f0e441e98d5725bd21a742e6eb468c70dce99f
2026-08-09,中京,7,6,レッドエヴァンス,3,3.0,COMPLETED,3.0,https://www.jra.go.jp/JRADB/accessS.html?CNAME=pw01sde0107202602060720260809/DC,outputs/audit_20260809_r2/jra_horse_results_20260809_36r.csv,f273b71097ed10f318e750bf57f0e441e98d5725bd21a742e6eb468c70dce99f
2026-08-09,中京,7,7,ディアナザール,9,9.0,COMPLETED,1.0,https://www.jra.go.jp/JRADB/accessS.html?CNAME=pw01sde0107202602060720260809/DC,outputs/audit_20260809_r2/jra_horse_results_20260809_36r.csv,f273b71097ed10f318e750bf57f0e441e98d5725bd21a742e6eb468c70dce99f
2026-08-09,中京,7,8,フィオライア,13,13.0,COMPLETED,14.0,https://www.jra.go.jp/JRADB/accessS.html?CNAME=pw01sde0107202602060720260809/DC,outputs/audit_20260809_r2/jra_horse_results_20260809_36r.csv,f273b71097ed10f318e750bf57f0e441e98d5725bd21a742e6eb468c70dce99f
2026-08-09,中京,7,9,クラスペディア,11,11.0,COMPLETED,10.0,https://www.jra.go.jp/JRADB/accessS.html?CNAME=pw01sde0107202602060720260809/DC,outputs/audit_20260809_r2/jra_horse_results_20260809_36r.csv,f273b71097ed10f318e750bf57f0e441e98d5725bd21a742e6eb468c70dce99f
2026-08-09,中京,7,10,ナムラローズマリー,12,12.0,COMPLETED,11.0,https://www.jra.go.jp/JRADB/accessS.html?CNAME=pw01sde0107202602060720260809/DC,outputs/audit_20260809_r2/jra_horse_results_20260809_36r.csv,f273b71097ed10f318e750bf57f0e441e98d5725bd21a742e6eb468c70dce99f
2026-08-09,中京,7,11,タマモブラックタイ,16,16.0,COMPLETED,16.0,https://www.jra.go.jp/JRADB/accessS.html?CNAME=pw01sde0107202602060720260809/DC,outputs/audit_20260809_r2/jra_horse_results_20260809_36r.csv,f273b71097ed10f318e750bf57f0e441e98d5725bd21a742e6eb468c70dce99f
2026-08-09,中京,7,12,インビンシブルパパ,17,17.0,COMPLETED,5.0,https://www.jra.go.jp/JRADB/accessS.html?CNAME=pw01sde0107202602060720260809/DC,outputs/audit_20260809_r2/jra_horse_results_20260809_36r.csv,f273b71097ed10f318e750bf57f0e441e98d5725bd21a742e6eb468c70dce99f
2026-08-09,中京,7,13,サンアントワーヌ,7,7.0,COMPLETED,7.0,https://www.jra.go.jp/JRADB/accessS.html?CNAME=pw01sde0107202602060720260809/DC,outputs/audit_20260809_r2/jra_horse_results_20260809_36r.csv,f273b71097ed10f318e750bf57f0e441e98d5725bd21a742e6eb468c70dce99f
2026-08-09,中京,7,14,コウセキ,18,18.0,COMPLETED,8.0,https://www.jra.go.jp/JRADB/accessS.html?CNAME=pw01sde0107202602060720260809/DC,outputs/audit_20260809_r2/jra_horse_results_20260809_36r.csv,f273b71097ed10f318e750bf57f0e441e98d5725bd21a742e6eb468c70dce99f
2026-08-09,中京,7,15,アンクルクロス,14,14.0,COMPLETED,4.0,https://www.jra.go.jp/JRADB/accessS.html?CNAME=pw01sde0107202602060720260809/DC,outputs/audit_20260809_r2/jra_horse_results_20260809_36r.csv,f273b71097ed10f318e750bf57f0e441e98d5725bd21a742e6eb468c70dce99f
2026-08-09,中京,7,16,アブキールベイ,8,8.0,COMPLETED,15.0,https://www.jra.go.jp/JRADB/accessS.html?CNAME=pw01sde0107202602060720260809/DC,outputs/audit_20260809_r2/jra_horse_results_20260809_36r.csv,f273b71097ed10f318e750bf57f0e441e98d5725bd21a742e6eb468c70dce99f
2026-08-09,中京,7,17,タマモイカロス,6,6.0,COMPLETED,6.0,https://www.jra.go.jp/JRADB/accessS.html?CNAME=pw01sde0107202602060720260809/DC,outputs/audit_20260809_r2/jra_horse_results_20260809_36r.csv,f273b71097ed10f318e750bf57f0e441e98d5725bd21a742e6eb468c70dce99f
2026-08-09,中京,7,18,ペプチドヤマト,15,15.0,COMPLETED,18.0,https://www.jra.go.jp/JRADB/accessS.html?CNAME=pw01sde0107202602060720260809/DC,outputs/audit_20260809_r2/jra_horse_results_20260809_36r.csv,f273b71097ed10f318e750bf57f0e441e98d5725bd21a742e6eb468c70dce99f
2026-08-09,中京,8,1,メイショウジェンマ,10,10.0,COMPLETED,11.0,https://www.jra.go.jp/JRADB/accessS.html?CNAME=pw01sde0107202602060820260809/91,outputs/audit_20260809_r2/jra_horse_results_20260809_36r.csv,f273b71097ed10f318e750bf57f0e441e98d5725bd21a742e6eb468c70dce99f
2026-08-09,中京,8,2,ブルックリンダンス,3,3.0,COMPLETED,2.0,https://www.jra.go.jp/JRADB/accessS.html?CNAME=pw01sde0107202602060820260809/91,outputs/audit_20260809_r2/jra_horse_results_20260809_36r.csv,f273b71097ed10f318e750bf57f0e441e98d5725bd21a742e6eb468c70dce99f
2026-08-09,中京,8,3,タイガースパーク,8,8.0,COMPLETED,8.0,https://www.jra.go.jp/JRADB/accessS.html?CNAME=pw01sde0107202602060820260809/91,outputs/audit_20260809_r2/jra_horse_results_20260809_36r.csv,f273b71097ed10f318e750bf57f0e441e98d5725bd21a742e6eb468c70dce99f
2026-08-09,中京,8,4,ケイツーリーブル,2,2.0,COMPLETED,3.0,https://www.jra.go.jp/JRADB/accessS.html?CNAME=pw01sde0107202602060820260809/91,outputs/audit_20260809_r2/jra_horse_results_20260809_36r.csv,f273b71097ed10f318e750bf57f0e441e98d5725bd21a742e6eb468c70dce99f
2026-08-09,中京,8,5,クロノスバレット,4,4.0,COMPLETED,4.0,https://www.jra.go.jp/JRADB/accessS.html?CNAME=pw01sde0107202602060820260809/91,outputs/audit_20260809_r2/jra_horse_results_20260809_36r.csv,f273b71097ed10f318e750bf57f0e441e98d5725bd21a742e6eb468c70dce99f
2026-08-09,中京,8,6,ジェシーテソーロ,11,11.0,COMPLETED,7.0,https://www.jra.go.jp/JRADB/accessS.html?CNAME=pw01sde0107202602060820260809/91,outputs/audit_20260809_r2/jra_horse_results_20260809_36r.csv,f273b71097ed10f318e750bf57f0e441e98d5725bd21a742e6eb468c70dce99f
2026-08-09,中京,8,7,トモジャザーン,9,9.0,COMPLETED,6.0,https://www.jra.go.jp/JRADB/accessS.html?CNAME=pw01sde0107202602060820260809/91,outputs/audit_20260809_r2/jra_horse_results_20260809_36r.csv,f273b71097ed10f318e750bf57f0e441e98d5725bd21a742e6eb468c70dce99f
2026-08-09,中京,8,8,キングオブフジ,7,7.0,COMPLETED,5.0,https://www.jra.go.jp/JRADB/accessS.html?CNAME=pw01sde0107202602060820260809/91,outputs/audit_20260809_r2/jra_horse_results_20260809_36r.csv,f273b71097ed10f318e750bf57f0e441e98d5725bd21a742e6eb468c70dce99f
2026-08-09,中京,8,9,ハイディージェン,5,5.0,COMPLETED,9.0,https://www.jra.go.jp/JRADB/accessS.html?CNAME=pw01sde0107202602060820260809/91,outputs/audit_20260809_r2/jra_horse_results_20260809_36r.csv,f273b71097ed10f318e750bf57f0e441e98d5725bd21a742e6eb468c70dce99f
2026-08-09,中京,8,10,シュヴァルツリーベ,6,6.0,COMPLETED,10.0,https://www.jra.go.jp/JRADB/accessS.html?CNAME=pw01sde0107202602060820260809/91,outputs/audit_20260809_r2/jra_horse_results_20260809_36r.csv,f273b71097ed10f318e750bf57f0e441e98d5725bd21a742e6eb468c70dce99f
2026-08-09,中京,8,11,リベッチオ,1,1.0,COMPLETED,1.0,https://www.jra.go.jp/JRADB/accessS.html?CNAME=pw01sde0107202602060820260809/91,outputs/audit_20260809_r2/jra_horse_results_20260809_36r.csv,f273b71097ed10f318e750bf57f0e441e98d5725bd21a742e6eb468c70dce99f
2026-08-09,中京,10,1,プールナバドラ,16,16.0,COMPLETED,7.0,https://www.jra.go.jp/JRADB/accessS.html?CNAME=pw01sde0107202602061020260809/3B,outputs/audit_20260809_r2/jra_horse_results_20260809_36r.csv,f273b71097ed10f318e750bf57f0e441e98d5725bd21a742e6eb468c70dce99f
2026-08-09,中京,10,2,ラヴネヴァーダイズ,3,3.0,COMPLETED,1.0,https://www.jra.go.jp/JRADB/accessS.html?CNAME=pw01sde0107202602061020260809/3B,outputs/audit_20260809_r2/jra_horse_results_20260809_36r.csv,f273b71097ed10f318e750bf57f0e441e98d5725bd21a742e6eb468c70dce99f
2026-08-09,中京,10,3,メイプルギャング,13,13.0,COMPLETED,14.0,https://www.jra.go.jp/JRADB/accessS.html?CNAME=pw01sde0107202602061020260809/3B,outputs/audit_20260809_r2/jra_horse_results_20260809_36r.csv,f273b71097ed10f318e750bf57f0e441e98d5725bd21a742e6eb468c70dce99f
2026-08-09,中京,10,4,ワイルドブッター,4,4.0,COMPLETED,15.0,https://www.jra.go.jp/JRADB/accessS.html?CNAME=pw01sde0107202602061020260809/3B,outputs/audit_20260809_r2/jra_horse_results_20260809_36r.csv,f273b71097ed10f318e750bf57f0e441e98d5725bd21a742e6eb468c70dce99f
2026-08-09,中京,10,5,スレッドザニードル,12,12.0,COMPLETED,12.0,https://www.jra.go.jp/JRADB/accessS.html?CNAME=pw01sde0107202602061020260809/3B,outputs/audit_20260809_r2/jra_horse_results_20260809_36r.csv,f273b71097ed10f318e750bf57f0e441e98d5725bd21a742e6eb468c70dce99f
2026-08-09,中京,10,6,リードプリンシパル,1,1.0,COMPLETED,16.0,https://www.jra.go.jp/JRADB/accessS.html?CNAME=pw01sde0107202602061020260809/3B,outputs/audit_20260809_r2/jra_horse_results_20260809_36r.csv,f273b71097ed10f318e750bf57f0e441e98d5725bd21a742e6eb468c70dce99f
2026-08-09,中京,10,7,シュネーグロッケン,8,8.0,COMPLETED,13.0,https://www.jra.go.jp/JRADB/accessS.html?CNAME=pw01sde0107202602061020260809/3B,outputs/audit_20260809_r2/jra_horse_results_20260809_36r.csv,f273b71097ed10f318e750bf57f0e441e98d5725bd21a742e6eb468c70dce99f
2026-08-09,中京,10,8,ナウオアネヴァー,14,14.0,COMPLETED,6.0,https://www.jra.go.jp/JRADB/accessS.html?CNAME=pw01sde0107202602061020260809/3B,outputs/audit_20260809_r2/jra_horse_results_20260809_36r.csv,f273b71097ed10f318e750bf57f0e441e98d5725bd21a742e6eb468c70dce99f
2026-08-09,中京,10,9,ガビーズブラザー,7,7.0,COMPLETED,9.0,https://www.jra.go.jp/JRADB/accessS.html?CNAME=pw01sde0107202602061020260809/3B,outputs/audit_20260809_r2/jra_horse_results_20260809_36r.csv,f273b71097ed10f318e750bf57f0e441e98d5725bd21a742e6eb468c70dce99f
2026-08-09,中京,10,10,グランデスフィーダ,6,6.0,COMPLETED,4.0,https://www.jra.go.jp/JRADB/accessS.html?CNAME=pw01sde0107202602061020260809/3B,outputs/audit_20260809_r2/jra_horse_results_20260809_36r.csv,f273b71097ed10f318e750bf57f0e441e98d5725bd21a742e6eb468c70dce99f
2026-08-09,中京,10,11,アメリカンビヨンド,2,2.0,COMPLETED,2.0,https://www.jra.go.jp/JRADB/accessS.html?CNAME=pw01sde0107202602061020260809/3B,outputs/audit_20260809_r2/jra_horse_results_20260809_36r.csv,f273b71097ed10f318e750bf57f0e441e98d5725bd21a742e6eb468c70dce99f
2026-08-09,中京,10,12,アイファーモービル,9,9.0,COMPLETED,8.0,https://www.jra.go.jp/JRADB/accessS.html?CNAME=pw01sde0107202602061020260809/3B,outputs/audit_20260809_r2/jra_horse_results_20260809_36r.csv,f273b71097ed10f318e750bf57f0e441e98d5725bd21a742e6eb468c70dce99f
2026-08-09,中京,10,13,ヴォンドゥ,5,5.0,COMPLETED,3.0,https://www.jra.go.jp/JRADB/accessS.html?CNAME=pw01sde0107202602061020260809/3B,outputs/audit_20260809_r2/jra_horse_results_20260809_36r.csv,f273b71097ed10f318e750bf57f0e441e98d5725bd21a742e6eb468c70dce99f
2026-08-09,中京,10,14,リーグナイト,10,10.0,COMPLETED,5.0,https://www.jra.go.jp/JRADB/accessS.html?CNAME=pw01sde0107202602061020260809/3B,outputs/audit_20260809_r2/jra_horse_results_20260809_36r.csv,f273b71097ed10f318e750bf57f0e441e98d5725bd21a742e6eb468c70dce99f
2026-08-09,中京,10,15,サヨノパララックス,11,11.0,COMPLETED,11.0,https://www.jra.go.jp/JRADB/accessS.html?CNAME=pw01sde0107202602061020260809/3B,outputs/audit_20260809_r2/jra_horse_results_20260809_36r.csv,f273b71097ed10f318e750bf57f0e441e98d5725bd21a742e6eb468c70dce99f
2026-08-09,中京,10,16,シンギタイ,15,15.0,COMPLETED,10.0,https://www.jra.go.jp/JRADB/accessS.html?CNAME=pw01sde0107202602061020260809/3B,outputs/audit_20260809_r2/jra_horse_results_20260809_36r.csv,f273b71097ed10f318e750bf57f0e441e98d5725bd21a742e6eb468c70dce99f
2026-08-09,中京,11,1,フロムレイブン,2,2.0,COMPLETED,1.0,https://www.jra.go.jp/JRADB/accessS.html?CNAME=pw01sde0107202602061120260809/F0,outputs/audit_20260809_r2/jra_horse_results_20260809_36r.csv,f273b71097ed10f318e750bf57f0e441e98d5725bd21a742e6eb468c70dce99f
2026-08-09,中京,11,2,パレットフレイバー,16,16.0,COMPLETED,17.0,https://www.jra.go.jp/JRADB/accessS.html?CNAME=pw01sde0107202602061120260809/F0,outputs/audit_20260809_r2/jra_horse_results_20260809_36r.csv,f273b71097ed10f318e750bf57f0e441e98d5725bd21a742e6eb468c70dce99f
2026-08-09,中京,11,3,モルティフレーバー,3,3.0,COMPLETED,7.0,https://www.jra.go.jp/JRADB/accessS.html?CNAME=pw01sde0107202602061120260809/F0,outputs/audit_20260809_r2/jra_horse_results_20260809_36r.csv,f273b71097ed10f318e750bf57f0e441e98d5725bd21a742e6eb468c70dce99f
2026-08-09,中京,11,4,フェリーニ,13,13.0,COMPLETED,10.0,https://www.jra.go.jp/JRADB/accessS.html?CNAME=pw01sde0107202602061120260809/F0,outputs/audit_20260809_r2/jra_horse_results_20260809_36r.csv,f273b71097ed10f318e750bf57f0e441e98d5725bd21a742e6eb468c70dce99f
2026-08-09,中京,11,5,マーシーラン,6,6.0,COMPLETED,5.0,https://www.jra.go.jp/JRADB/accessS.html?CNAME=pw01sde0107202602061120260809/F0,outputs/audit_20260809_r2/jra_horse_results_20260809_36r.csv,f273b71097ed10f318e750bf57f0e441e98d5725bd21a742e6eb468c70dce99f
2026-08-09,中京,11,6,アーリントンロウ,4,4.0,COMPLETED,4.0,https://www.jra.go.jp/JRADB/accessS.html?CNAME=pw01sde0107202602061120260809/F0,outputs/audit_20260809_r2/jra_horse_results_20260809_36r.csv,f273b71097ed10f318e750bf57f0e441e98d5725bd21a742e6eb468c70dce99f
2026-08-09,中京,11,7,セクシーマージュ,9,9.0,COMPLETED,9.0,https://www.jra.go.jp/JRADB/accessS.html?CNAME=pw01sde0107202602061120260809/F0,outputs/audit_20260809_r2/jra_horse_results_20260809_36r.csv,f273b71097ed10f318e750bf57f0e441e98d5725bd21a742e6eb468c70dce99f
2026-08-09,中京,11,8,スピリットライズ,7,7.0,COMPLETED,14.0,https://www.jra.go.jp/JRADB/accessS.html?CNAME=pw01sde0107202602061120260809/F0,outputs/audit_20260809_r2/jra_horse_results_20260809_36r.csv,f273b71097ed10f318e750bf57f0e441e98d5725bd21a742e6eb468c70dce99f
2026-08-09,中京,11,9,カラクニダケ,17,17.0,COMPLETED,13.0,https://www.jra.go.jp/JRADB/accessS.html?CNAME=pw01sde0107202602061120260809/F0,outputs/audit_20260809_r2/jra_horse_results_20260809_36r.csv,f273b71097ed10f318e750bf57f0e441e98d5725bd21a742e6eb468c70dce99f
2026-08-09,中京,11,10,アウクソー,8,8.0,COMPLETED,15.0,https://www.jra.go.jp/JRADB/accessS.html?CNAME=pw01sde0107202602061120260809/F0,outputs/audit_20260809_r2/jra_horse_results_20260809_36r.csv,f273b71097ed10f318e750bf57f0e441e98d5725bd21a742e6eb468c70dce99f
2026-08-09,中京,11,11,パリコレジェンヌ,1,1.0,COMPLETED,11.0,https://www.jra.go.jp/JRADB/accessS.html?CNAME=pw01sde0107202602061120260809/F0,outputs/audit_20260809_r2/jra_horse_results_20260809_36r.csv,f273b71097ed10f318e750bf57f0e441e98d5725bd21a742e6eb468c70dce99f
2026-08-09,中京,11,12,ドレドレ,除外,,除外,,https://www.jra.go.jp/JRADB/accessS.html?CNAME=pw01sde0107202602061120260809/F0,outputs/audit_20260809_r2/jra_horse_results_20260809_36r.csv,f273b71097ed10f318e750bf57f0e441e98d5725bd21a742e6eb468c70dce99f
2026-08-09,中京,11,13,ベランジェール,5,5.0,COMPLETED,8.0,https://www.jra.go.jp/JRADB/accessS.html?CNAME=pw01sde0107202602061120260809/F0,outputs/audit_20260809_r2/jra_horse_results_20260809_36r.csv,f273b71097ed10f318e750bf57f0e441e98d5725bd21a742e6eb468c70dce99f
2026-08-09,中京,11,14,マーゴットミスト,15,15.0,COMPLETED,3.0,https://www.jra.go.jp/JRADB/accessS.html?CNAME=pw01sde0107202602061120260809/F0,outputs/audit_20260809_r2/jra_horse_results_20260809_36r.csv,f273b71097ed10f318e750bf57f0e441e98d5725bd21a742e6eb468c70dce99f
2026-08-09,中京,11,15,ウェルカムソング,11,11.0,COMPLETED,2.0,https://www.jra.go.jp/JRADB/accessS.html?CNAME=pw01sde0107202602061120260809/F0,outputs/audit_20260809_r2/jra_horse_results_20260809_36r.csv,f273b71097ed10f318e750bf57f0e441e98d5725bd21a742e6eb468c70dce99f
2026-08-09,中京,11,16,ヤマニンフェイエル,10,10.0,COMPLETED,6.0,https://www.jra.go.jp/JRADB/accessS.html?CNAME=pw01sde0107202602061120260809/F0,outputs/audit_20260809_r2/jra_horse_results_20260809_36r.csv,f273b71097ed10f318e750bf57f0e441e98d5725bd21a742e6eb468c70dce99f
2026-08-09,中京,11,17,トウカイフルーレ,12,12.0,COMPLETED,16.0,https://www.jra.go.jp/JRADB/accessS.html?CNAME=pw01sde0107202602061120260809/F0,outputs/audit_20260809_r2/jra_horse_results_20260809_36r.csv,f273b71097ed10f318e750bf57f0e441e98d5725bd21a742e6eb468c70dce99f
2026-08-09,中京,11,18,フランクスピード,14,14.0,COMPLETED,12.0,https://www.jra.go.jp/JRADB/accessS.html?CNAME=pw01sde0107202602061120260809/F0,outputs/audit_20260809_r2/jra_horse_results_20260809_36r.csv,f273b71097ed10f318e750bf57f0e441e98d5725bd21a742e6eb468c70dce99f
2026-08-09,中京,12,1,プリュスエクラ,5,5.0,COMPLETED,7.0,https://www.jra.go.jp/JRADB/accessS.html?CNAME=pw01sde0107202602061220260809/A5,outputs/audit_20260809_r2/jra_horse_results_20260809_36r.csv,f273b71097ed10f318e750bf57f0e441e98d5725bd21a742e6eb468c70dce99f
2026-08-09,中京,12,2,ローズラフィネ,3,3.0,COMPLETED,4.0,https://www.jra.go.jp/JRADB/accessS.html?CNAME=pw01sde0107202602061220260809/A5,outputs/audit_20260809_r2/jra_horse_results_20260809_36r.csv,f273b71097ed10f318e750bf57f0e441e98d5725bd21a742e6eb468c70dce99f
2026-08-09,中京,12,3,レインボーステート,1,1.0,COMPLETED,2.0,https://www.jra.go.jp/JRADB/accessS.html?CNAME=pw01sde0107202602061220260809/A5,outputs/audit_20260809_r2/jra_horse_results_20260809_36r.csv,f273b71097ed10f318e750bf57f0e441e98d5725bd21a742e6eb468c70dce99f
2026-08-09,中京,12,4,カステッロトゥーレ,4,4.0,COMPLETED,9.0,https://www.jra.go.jp/JRADB/accessS.html?CNAME=pw01sde0107202602061220260809/A5,outputs/audit_20260809_r2/jra_horse_results_20260809_36r.csv,f273b71097ed10f318e750bf57f0e441e98d5725bd21a742e6eb468c70dce99f
2026-08-09,中京,12,5,ウォータールスール,9,9.0,COMPLETED,6.0,https://www.jra.go.jp/JRADB/accessS.html?CNAME=pw01sde0107202602061220260809/A5,outputs/audit_20260809_r2/jra_horse_results_20260809_36r.csv,f273b71097ed10f318e750bf57f0e441e98d5725bd21a742e6eb468c70dce99f
2026-08-09,中京,12,6,ジーティーウタマロ,14,14.0,COMPLETED,10.0,https://www.jra.go.jp/JRADB/accessS.html?CNAME=pw01sde0107202602061220260809/A5,outputs/audit_20260809_r2/jra_horse_results_20260809_36r.csv,f273b71097ed10f318e750bf57f0e441e98d5725bd21a742e6eb468c70dce99f
2026-08-09,中京,12,7,ララディアーブル,除外,,除外,,https://www.jra.go.jp/JRADB/accessS.html?CNAME=pw01sde0107202602061220260809/A5,outputs/audit_20260809_r2/jra_horse_results_20260809_36r.csv,f273b71097ed10f318e750bf57f0e441e98d5725bd21a742e6eb468c70dce99f
2026-08-09,中京,12,8,ヴェネラブル,15,15.0,COMPLETED,15.0,https://www.jra.go.jp/JRADB/accessS.html?CNAME=pw01sde0107202602061220260809/A5,outputs/audit_20260809_r2/jra_horse_results_20260809_36r.csv,f273b71097ed10f318e750bf57f0e441e98d5725bd21a742e6eb468c70dce99f
2026-08-09,中京,12,9,ネッカーズルム,8,8.0,COMPLETED,5.0,https://www.jra.go.jp/JRADB/accessS.html?CNAME=pw01sde0107202602061220260809/A5,outputs/audit_20260809_r2/jra_horse_results_20260809_36r.csv,f273b71097ed10f318e750bf57f0e441e98d5725bd21a742e6eb468c70dce99f
2026-08-09,中京,12,10,ブランチアウト,12,12.0,COMPLETED,3.0,https://www.jra.go.jp/JRADB/accessS.html?CNAME=pw01sde0107202602061220260809/A5,outputs/audit_20260809_r2/jra_horse_results_20260809_36r.csv,f273b71097ed10f318e750bf57f0e441e98d5725bd21a742e6eb468c70dce99f
2026-08-09,中京,12,11,スズノボンライミー,11,11.0,COMPLETED,14.0,https://www.jra.go.jp/JRADB/accessS.html?CNAME=pw01sde0107202602061220260809/A5,outputs/audit_20260809_r2/jra_horse_results_20260809_36r.csv,f273b71097ed10f318e750bf57f0e441e98d5725bd21a742e6eb468c70dce99f
2026-08-09,中京,12,12,リノルアナ,10,10.0,COMPLETED,13.0,https://www.jra.go.jp/JRADB/accessS.html?CNAME=pw01sde0107202602061220260809/A5,outputs/audit_20260809_r2/jra_horse_results_20260809_36r.csv,f273b71097ed10f318e750bf57f0e441e98d5725bd21a742e6eb468c70dce99f
2026-08-09,中京,12,13,ビッグヒーロー,2,2.0,COMPLETED,1.0,https://www.jra.go.jp/JRADB/accessS.html?CNAME=pw01sde0107202602061220260809/A5,outputs/audit_20260809_r2/jra_horse_results_20260809_36r.csv,f273b71097ed10f318e750bf57f0e441e98d5725bd21a742e6eb468c70dce99f
2026-08-09,中京,12,14,エングルマン,6,6.0,COMPLETED,11.0,https://www.jra.go.jp/JRADB/accessS.html?CNAME=pw01sde0107202602061220260809/A5,outputs/audit_20260809_r2/jra_horse_results_20260809_36r.csv,f273b71097ed10f318e750bf57f0e441e98d5725bd21a742e6eb468c70dce99f
2026-08-09,中京,12,15,ルージュソムニウム,7,7.0,COMPLETED,12.0,https://www.jra.go.jp/JRADB/accessS.html?CNAME=pw01sde0107202602061220260809/A5,outputs/audit_20260809_r2/jra_horse_results_20260809_36r.csv,f273b71097ed10f318e750bf57f0e441e98d5725bd21a742e6eb468c70dce99f
2026-08-09,中京,12,16,ビシェノ,13,13.0,COMPLETED,8.0,https://www.jra.go.jp/JRADB/accessS.html?CNAME=pw01sde0107202602061220260809/A5,outputs/audit_20260809_r2/jra_horse_results_20260809_36r.csv,f273b71097ed10f318e750bf57f0e441e98d5725bd21a742e6eb468c70dce99f
2026-08-09,新潟,1,1,エクスマキナ,4,4.0,COMPLETED,5.0,https://www.jra.go.jp/JRADB/accessS.html?CNAME=pw01sde0104202602060120260809/C0,outputs/audit_20260809_r2/jra_horse_results_20260809_36r.csv,f273b71097ed10f318e750bf57f0e441e98d5725bd21a742e6eb468c70dce99f
2026-08-09,新潟,1,2,エイシンウルクンデ,13,13.0,COMPLETED,11.0,https://www.jra.go.jp/JRADB/accessS.html?CNAME=pw01sde0104202602060120260809/C0,outputs/audit_20260809_r2/jra_horse_results_20260809_36r.csv,f273b71097ed10f318e750bf57f0e441e98d5725bd21a742e6eb468c70dce99f
2026-08-09,新潟,1,3,セレスタイト,7,7.0,COMPLETED,10.0,https://www.jra.go.jp/JRADB/accessS.html?CNAME=pw01sde0104202602060120260809/C0,outputs/audit_20260809_r2/jra_horse_results_20260809_36r.csv,f273b71097ed10f318e750bf57f0e441e98d5725bd21a742e6eb468c70dce99f
2026-08-09,新潟,1,4,モンサンアミュザン,14,14.0,COMPLETED,16.0,https://www.jra.go.jp/JRADB/accessS.html?CNAME=pw01sde0104202602060120260809/C0,outputs/audit_20260809_r2/jra_horse_results_20260809_36r.csv,f273b71097ed10f318e750bf57f0e441e98d5725bd21a742e6eb468c70dce99f
2026-08-09,新潟,1,5,マイホームパパ,12,12.0,COMPLETED,12.0,https://www.jra.go.jp/JRADB/accessS.html?CNAME=pw01sde0104202602060120260809/C0,outputs/audit_20260809_r2/jra_horse_results_20260809_36r.csv,f273b71097ed10f318e750bf57f0e441e98d5725bd21a742e6eb468c70dce99f
2026-08-09,新潟,1,6,アオイノリプー,8,8.0,COMPLETED,2.0,https://www.jra.go.jp/JRADB/accessS.html?CNAME=pw01sde0104202602060120260809/C0,outputs/audit_20260809_r2/jra_horse_results_20260809_36r.csv,f273b71097ed10f318e750bf57f0e441e98d5725bd21a742e6eb468c70dce99f
2026-08-09,新潟,1,7,コスモフラムオット,11,11.0,COMPLETED,13.0,https://www.jra.go.jp/JRADB/accessS.html?CNAME=pw01sde0104202602060120260809/C0,outputs/audit_20260809_r2/jra_horse_results_20260809_36r.csv,f273b71097ed10f318e750bf57f0e441e98d5725bd21a742e6eb468c70dce99f
2026-08-09,新潟,1,8,ラガリーガ,1,1.0,COMPLETED,1.0,https://www.jra.go.jp/JRADB/accessS.html?CNAME=pw01sde0104202602060120260809/C0,outputs/audit_20260809_r2/jra_horse_results_20260809_36r.csv,f273b71097ed10f318e750bf57f0e441e98d5725bd21a742e6eb468c70dce99f
2026-08-09,新潟,1,9,セイウンオオゾラ,6,6.0,COMPLETED,8.0,https://www.jra.go.jp/JRADB/accessS.html?CNAME=pw01sde0104202602060120260809/C0,outputs/audit_20260809_r2/jra_horse_results_20260809_36r.csv,f273b71097ed10f318e750bf57f0e441e98d5725bd21a742e6eb468c70dce99f
2026-08-09,新潟,1,10,ウィモウェ,9,9.0,COMPLETED,7.0,https://www.jra.go.jp/JRADB/accessS.html?CNAME=pw01sde0104202602060120260809/C0,outputs/audit_20260809_r2/jra_horse_results_20260809_36r.csv,f273b71097ed10f318e750bf57f0e441e98d5725bd21a742e6eb468c70dce99f
2026-08-09,新潟,1,11,シアルナーレ,2,2.0,COMPLETED,4.0,https://www.jra.go.jp/JRADB/accessS.html?CNAME=pw01sde0104202602060120260809/C0,outputs/audit_20260809_r2/jra_horse_results_20260809_36r.csv,f273b71097ed10f318e750bf57f0e441e98d5725bd21a742e6eb468c70dce99f
2026-08-09,新潟,1,12,マスターボリューム,16,16.0,COMPLETED,14.0,https://www.jra.go.jp/JRADB/accessS.html?CNAME=pw01sde0104202602060120260809/C0,outputs/audit_20260809_r2/jra_horse_results_20260809_36r.csv,f273b71097ed10f318e750bf57f0e441e98d5725bd21a742e6eb468c70dce99f
2026-08-09,新潟,1,13,スーパーユタカ,5,5.0,COMPLETED,3.0,https://www.jra.go.jp/JRADB/accessS.html?CNAME=pw01sde0104202602060120260809/C0,outputs/audit_20260809_r2/jra_horse_results_20260809_36r.csv,f273b71097ed10f318e750bf57f0e441e98d5725bd21a742e6eb468c70dce99f
2026-08-09,新潟,1,14,ツーハーツ,10,10.0,COMPLETED,6.0,https://www.jra.go.jp/JRADB/accessS.html?CNAME=pw01sde0104202602060120260809/C0,outputs/audit_20260809_r2/jra_horse_results_20260809_36r.csv,f273b71097ed10f318e750bf57f0e441e98d5725bd21a742e6eb468c70dce99f
2026-08-09,新潟,1,15,マハロハ,3,3.0,COMPLETED,9.0,https://www.jra.go.jp/JRADB/accessS.html?CNAME=pw01sde0104202602060120260809/C0,outputs/audit_20260809_r2/jra_horse_results_20260809_36r.csv,f273b71097ed10f318e750bf57f0e441e98d5725bd21a742e6eb468c70dce99f
2026-08-09,新潟,1,16,コスモモノポリー,15,15.0,COMPLETED,15.0,https://www.jra.go.jp/JRADB/accessS.html?CNAME=pw01sde0104202602060120260809/C0,outputs/audit_20260809_r2/jra_horse_results_20260809_36r.csv,f273b71097ed10f318e750bf57f0e441e98d5725bd21a742e6eb468c70dce99f
2026-08-09,新潟,2,1,クリガーレ,4,4.0,COMPLETED,6.0,https://www.jra.go.jp/JRADB/accessS.html?CNAME=pw01sde0104202602060220260809/75,outputs/audit_20260809_r2/jra_horse_results_20260809_36r.csv,f273b71097ed10f318e750bf57f0e441e98d5725bd21a742e6eb468c70dce99f
2026-08-09,新潟,2,2,アーバンアート,11,11.0,COMPLETED,10.0,https://www.jra.go.jp/JRADB/accessS.html?CNAME=pw01sde0104202602060220260809/75,outputs/audit_20260809_r2/jra_horse_results_20260809_36r.csv,f273b71097ed10f318e750bf57f0e441e98d5725bd21a742e6eb468c70dce99f
2026-08-09,新潟,2,3,ルブラッシュノモー,10,10.0,COMPLETED,11.0,https://www.jra.go.jp/JRADB/accessS.html?CNAME=pw01sde0104202602060220260809/75,outputs/audit_20260809_r2/jra_horse_results_20260809_36r.csv,f273b71097ed10f318e750bf57f0e441e98d5725bd21a742e6eb468c70dce99f
2026-08-09,新潟,2,4,ワイズジュエル,5,5.0,COMPLETED,3.0,https://www.jra.go.jp/JRADB/accessS.html?CNAME=pw01sde0104202602060220260809/75,outputs/audit_20260809_r2/jra_horse_results_20260809_36r.csv,f273b71097ed10f318e750bf57f0e441e98d5725bd21a742e6eb468c70dce99f
2026-08-09,新潟,2,5,エスシークザン,3,3.0,COMPLETED,2.0,https://www.jra.go.jp/JRADB/accessS.html?CNAME=pw01sde0104202602060220260809/75,outputs/audit_20260809_r2/jra_horse_results_20260809_36r.csv,f273b71097ed10f318e750bf57f0e441e98d5725bd21a742e6eb468c70dce99f
2026-08-09,新潟,2,6,イスクメル,1,1.0,COMPLETED,1.0,https://www.jra.go.jp/JRADB/accessS.html?CNAME=pw01sde0104202602060220260809/75,outputs/audit_20260809_r2/jra_horse_results_20260809_36r.csv,f273b71097ed10f318e750bf57f0e441e98d5725bd21a742e6eb468c70dce99f
2026-08-09,新潟,2,7,メジェグレイス,2,2.0,COMPLETED,5.0,https://www.jra.go.jp/JRADB/accessS.html?CNAME=pw01sde0104202602060220260809/75,outputs/audit_20260809_r2/jra_horse_results_20260809_36r.csv,f273b71097ed10f318e750bf57f0e441e98d5725bd21a742e6eb468c70dce99f
2026-08-09,新潟,2,8,ゴータマ,9,9.0,COMPLETED,9.0,https://www.jra.go.jp/JRADB/accessS.html?CNAME=pw01sde0104202602060220260809/75,outputs/audit_20260809_r2/jra_horse_results_20260809_36r.csv,f273b71097ed10f318e750bf57f0e441e98d5725bd21a742e6eb468c70dce99f
2026-08-09,新潟,2,9,キンバリー,7,7.0,COMPLETED,7.0,https://www.jra.go.jp/JRADB/accessS.html?CNAME=pw01sde0104202602060220260809/75,outputs/audit_20260809_r2/jra_horse_results_20260809_36r.csv,f273b71097ed10f318e750bf57f0e441e98d5725bd21a742e6eb468c70dce99f
2026-08-09,新潟,2,10,シジマ,6,6.0,COMPLETED,4.0,https://www.jra.go.jp/JRADB/accessS.html?CNAME=pw01sde0104202602060220260809/75,outputs/audit_20260809_r2/jra_horse_results_20260809_36r.csv,f273b71097ed10f318e750bf57f0e441e98d5725bd21a742e6eb468c70dce99f
2026-08-09,新潟,2,11,ドッカイッチャッテ,8,8.0,COMPLETED,8.0,https://www.jra.go.jp/JRADB/accessS.html?CNAME=pw01sde0104202602060220260809/75,outputs/audit_20260809_r2/jra_horse_results_20260809_36r.csv,f273b71097ed10f318e750bf57f0e441e98d5725bd21a742e6eb468c70dce99f
2026-08-09,新潟,3,1,ローズオブジャパン,2,2.0,COMPLETED,4.0,https://www.jra.go.jp/JRADB/accessS.html?CNAME=pw01sde0104202602060320260809/2A,outputs/audit_20260809_r2/jra_horse_results_20260809_36r.csv,f273b71097ed10f318e750bf57f0e441e98d5725bd21a742e6eb468c70dce99f
2026-08-09,新潟,3,2,クツワエターナル,8,8.0,COMPLETED,15.0,https://www.jra.go.jp/JRADB/accessS.html?CNAME=pw01sde0104202602060320260809/2A,outputs/audit_20260809_r2/jra_horse_results_20260809_36r.csv,f273b71097ed10f318e750bf57f0e441e98d5725bd21a742e6eb468c70dce99f
2026-08-09,新潟,3,3,ヨルヴィック,1,1.0,COMPLETED,3.0,https://www.jra.go.jp/JRADB/accessS.html?CNAME=pw01sde0104202602060320260809/2A,outputs/audit_20260809_r2/jra_horse_results_20260809_36r.csv,f273b71097ed10f318e750bf57f0e441e98d5725bd21a742e6eb468c70dce99f
2026-08-09,新潟,3,4,エコロセレナ,10,10.0,COMPLETED,2.0,https://www.jra.go.jp/JRADB/accessS.html?CNAME=pw01sde0104202602060320260809/2A,outputs/audit_20260809_r2/jra_horse_results_20260809_36r.csv,f273b71097ed10f318e750bf57f0e441e98d5725bd21a742e6eb468c70dce99f
2026-08-09,新潟,3,5,プティシラー,15,15.0,COMPLETED,10.0,https://www.jra.go.jp/JRADB/accessS.html?CNAME=pw01sde0104202602060320260809/2A,outputs/audit_20260809_r2/jra_horse_results_20260809_36r.csv,f273b71097ed10f318e750bf57f0e441e98d5725bd21a742e6eb468c70dce99f
2026-08-09,新潟,3,6,エトワールフィーユ,11,11.0,COMPLETED,13.0,https://www.jra.go.jp/JRADB/accessS.html?CNAME=pw01sde0104202602060320260809/2A,outputs/audit_20260809_r2/jra_horse_results_20260809_36r.csv,f273b71097ed10f318e750bf57f0e441e98d5725bd21a742e6eb468c70dce99f
2026-08-09,新潟,3,7,ロジザボード,3,3.0,COMPLETED,6.0,https://www.jra.go.jp/JRADB/accessS.html?CNAME=pw01sde0104202602060320260809/2A,outputs/audit_20260809_r2/jra_horse_results_20260809_36r.csv,f273b71097ed10f318e750bf57f0e441e98d5725bd21a742e6eb468c70dce99f
2026-08-09,新潟,3,8,テリオスレイ,5,5.0,COMPLETED,5.0,https://www.jra.go.jp/JRADB/accessS.html?CNAME=pw01sde0104202602060320260809/2A,outputs/audit_20260809_r2/jra_horse_results_20260809_36r.csv,f273b71097ed10f318e750bf57f0e441e98d5725bd21a742e6eb468c70dce99f
2026-08-09,新潟,3,9,ビューティドリーム,12,12.0,COMPLETED,11.0,https://www.jra.go.jp/JRADB/accessS.html?CNAME=pw01sde0104202602060320260809/2A,outputs/audit_20260809_r2/jra_horse_results_20260809_36r.csv,f273b71097ed10f318e750bf57f0e441e98d5725bd21a742e6eb468c70dce99f
2026-08-09,新潟,3,10,カウガールハット,7,7.0,COMPLETED,14.0,https://www.jra.go.jp/JRADB/accessS.html?CNAME=pw01sde0104202602060320260809/2A,outputs/audit_20260809_r2/jra_horse_results_20260809_36r.csv,f273b71097ed10f318e750bf57f0e441e98d5725bd21a742e6eb468c70dce99f
2026-08-09,新潟,3,11,アルペンローゼ,14,14.0,COMPLETED,8.0,https://www.jra.go.jp/JRADB/accessS.html?CNAME=pw01sde0104202602060320260809/2A,outputs/audit_20260809_r2/jra_horse_results_20260809_36r.csv,f273b71097ed10f318e750bf57f0e441e98d5725bd21a742e6eb468c70dce99f
2026-08-09,新潟,3,12,ハングローズ,4,4.0,COMPLETED,1.0,https://www.jra.go.jp/JRADB/accessS.html?CNAME=pw01sde0104202602060320260809/2A,outputs/audit_20260809_r2/jra_horse_results_20260809_36r.csv,f273b71097ed10f318e750bf57f0e441e98d5725bd21a742e6eb468c70dce99f
2026-08-09,新潟,3,13,キョウエイハル,9,9.0,COMPLETED,9.0,https://www.jra.go.jp/JRADB/accessS.html?CNAME=pw01sde0104202602060320260809/2A,outputs/audit_20260809_r2/jra_horse_results_20260809_36r.csv,f273b71097ed10f318e750bf57f0e441e98d5725bd21a742e6eb468c70dce99f
2026-08-09,新潟,3,14,グランキンバリー,13,13.0,COMPLETED,12.0,https://www.jra.go.jp/JRADB/accessS.html?CNAME=pw01sde0104202602060320260809/2A,outputs/audit_20260809_r2/jra_horse_results_20260809_36r.csv,f273b71097ed10f318e750bf57f0e441e98d5725bd21a742e6eb468c70dce99f
2026-08-09,新潟,3,15,セントリアン,6,6.0,COMPLETED,7.0,https://www.jra.go.jp/JRADB/accessS.html?CNAME=pw01sde0104202602060320260809/2A,outputs/audit_20260809_r2/jra_horse_results_20260809_36r.csv,f273b71097ed10f318e750bf57f0e441e98d5725bd21a742e6eb468c70dce99f
2026-08-09,新潟,4,1,ダゴベルト,12,12.0,COMPLETED,15.0,https://www.jra.go.jp/JRADB/accessS.html?CNAME=pw01sde0104202602060420260809/DF,outputs/audit_20260809_r2/jra_horse_results_20260809_36r.csv,f273b71097ed10f318e750bf57f0e441e98d5725bd21a742e6eb468c70dce99f
2026-08-09,新潟,4,2,オセアビシャイン,9,9.0,COMPLETED,12.0,https://www.jra.go.jp/JRADB/accessS.html?CNAME=pw01sde0104202602060420260809/DF,outputs/audit_20260809_r2/jra_horse_results_20260809_36r.csv,f273b71097ed10f318e750bf57f0e441e98d5725bd21a742e6eb468c70dce99f
2026-08-09,新潟,4,3,アデルフィー,4,4.0,COMPLETED,3.0,https://www.jra.go.jp/JRADB/accessS.html?CNAME=pw01sde0104202602060420260809/DF,outputs/audit_20260809_r2/jra_horse_results_20260809_36r.csv,f273b71097ed10f318e750bf57f0e441e98d5725bd21a742e6eb468c70dce99f
2026-08-09,新潟,4,4,キセログラフィカ,5,5.0,COMPLETED,5.0,https://www.jra.go.jp/JRADB/accessS.html?CNAME=pw01sde0104202602060420260809/DF,outputs/audit_20260809_r2/jra_horse_results_20260809_36r.csv,f273b71097ed10f318e750bf57f0e441e98d5725bd21a742e6eb468c70dce99f
2026-08-09,新潟,4,5,ヌビアン,7,7.0,COMPLETED,13.0,https://www.jra.go.jp/JRADB/accessS.html?CNAME=pw01sde0104202602060420260809/DF,outputs/audit_20260809_r2/jra_horse_results_20260809_36r.csv,f273b71097ed10f318e750bf57f0e441e98d5725bd21a742e6eb468c70dce99f
2026-08-09,新潟,4,6,ユイノスレチガイ,13,13.0,COMPLETED,9.0,https://www.jra.go.jp/JRADB/accessS.html?CNAME=pw01sde0104202602060420260809/DF,outputs/audit_20260809_r2/jra_horse_results_20260809_36r.csv,f273b71097ed10f318e750bf57f0e441e98d5725bd21a742e6eb468c70dce99f
2026-08-09,新潟,4,7,ジュングロワール,10,10.0,COMPLETED,14.0,https://www.jra.go.jp/JRADB/accessS.html?CNAME=pw01sde0104202602060420260809/DF,outputs/audit_20260809_r2/jra_horse_results_20260809_36r.csv,f273b71097ed10f318e750bf57f0e441e98d5725bd21a742e6eb468c70dce99f
2026-08-09,新潟,4,8,カシマライフウ,3,3.0,COMPLETED,4.0,https://www.jra.go.jp/JRADB/accessS.html?CNAME=pw01sde0104202602060420260809/DF,outputs/audit_20260809_r2/jra_horse_results_20260809_36r.csv,f273b71097ed10f318e750bf57f0e441e98d5725bd21a742e6eb468c70dce99f
2026-08-09,新潟,4,9,ハリコミチュウ,11,11.0,COMPLETED,6.0,https://www.jra.go.jp/JRADB/accessS.html?CNAME=pw01sde0104202602060420260809/DF,outputs/audit_20260809_r2/jra_horse_results_20260809_36r.csv,f273b71097ed10f318e750bf57f0e441e98d5725bd21a742e6eb468c70dce99f
2026-08-09,新潟,4,10,モンスターラッシュ,1,1.0,COMPLETED,2.0,https://www.jra.go.jp/JRADB/accessS.html?CNAME=pw01sde0104202602060420260809/DF,outputs/audit_20260809_r2/jra_horse_results_20260809_36r.csv,f273b71097ed10f318e750bf57f0e441e98d5725bd21a742e6eb468c70dce99f
2026-08-09,新潟,4,11,ラスタリア,14,14.0,COMPLETED,7.0,https://www.jra.go.jp/JRADB/accessS.html?CNAME=pw01sde0104202602060420260809/DF,outputs/audit_20260809_r2/jra_horse_results_20260809_36r.csv,f273b71097ed10f318e750bf57f0e441e98d5725bd21a742e6eb468c70dce99f
2026-08-09,新潟,4,12,クリムゾンリーフ,2,2.0,COMPLETED,1.0,https://www.jra.go.jp/JRADB/accessS.html?CNAME=pw01sde0104202602060420260809/DF,outputs/audit_20260809_r2/jra_horse_results_20260809_36r.csv,f273b71097ed10f318e750bf57f0e441e98d5725bd21a742e6eb468c70dce99f
2026-08-09,新潟,4,13,クィーンズウィンク,15,15.0,COMPLETED,10.0,https://www.jra.go.jp/JRADB/accessS.html?CNAME=pw01sde0104202602060420260809/DF,outputs/audit_20260809_r2/jra_horse_results_20260809_36r.csv,f273b71097ed10f318e750bf57f0e441e98d5725bd21a742e6eb468c70dce99f
2026-08-09,新潟,4,14,レッドリアライズ,6,6.0,COMPLETED,8.0,https://www.jra.go.jp/JRADB/accessS.html?CNAME=pw01sde0104202602060420260809/DF,outputs/audit_20260809_r2/jra_horse_results_20260809_36r.csv,f273b71097ed10f318e750bf57f0e441e98d5725bd21a742e6eb468c70dce99f
2026-08-09,新潟,4,15,カノープス,8,8.0,COMPLETED,11.0,https://www.jra.go.jp/JRADB/accessS.html?CNAME=pw01sde0104202602060420260809/DF,outputs/audit_20260809_r2/jra_horse_results_20260809_36r.csv,f273b71097ed10f318e750bf57f0e441e98d5725bd21a742e6eb468c70dce99f
2026-08-09,新潟,5,1,ブリングライト,12,12.0,COMPLETED,11.0,https://www.jra.go.jp/JRADB/accessS.html?CNAME=pw01sde0104202602060520260809/94,outputs/audit_20260809_r2/jra_horse_results_20260809_36r.csv,f273b71097ed10f318e750bf57f0e441e98d5725bd21a742e6eb468c70dce99f
2026-08-09,新潟,5,2,ベルゼビュート,4,4.0,COMPLETED,3.0,https://www.jra.go.jp/JRADB/accessS.html?CNAME=pw01sde0104202602060520260809/94,outputs/audit_20260809_r2/jra_horse_results_20260809_36r.csv,f273b71097ed10f318e750bf57f0e441e98d5725bd21a742e6eb468c70dce99f
2026-08-09,新潟,5,3,サトノエスケープ,2,2.0,COMPLETED,5.0,https://www.jra.go.jp/JRADB/accessS.html?CNAME=pw01sde0104202602060520260809/94,outputs/audit_20260809_r2/jra_horse_results_20260809_36r.csv,f273b71097ed10f318e750bf57f0e441e98d5725bd21a742e6eb468c70dce99f
2026-08-09,新潟,5,4,エコロバロン,11,11.0,COMPLETED,12.0,https://www.jra.go.jp/JRADB/accessS.html?CNAME=pw01sde0104202602060520260809/94,outputs/audit_20260809_r2/jra_horse_results_20260809_36r.csv,f273b71097ed10f318e750bf57f0e441e98d5725bd21a742e6eb468c70dce99f
2026-08-09,新潟,5,5,マジンタクシー,15,15.0,COMPLETED,10.0,https://www.jra.go.jp/JRADB/accessS.html?CNAME=pw01sde0104202602060520260809/94,outputs/audit_20260809_r2/jra_horse_results_20260809_36r.csv,f273b71097ed10f318e750bf57f0e441e98d5725bd21a742e6eb468c70dce99f
2026-08-09,新潟,5,6,ベアアッコチャン,5,5.0,COMPLETED,7.0,https://www.jra.go.jp/JRADB/accessS.html?CNAME=pw01sde0104202602060520260809/94,outputs/audit_20260809_r2/jra_horse_results_20260809_36r.csv,f273b71097ed10f318e750bf57f0e441e98d5725bd21a742e6eb468c70dce99f
2026-08-09,新潟,5,7,トキメキジニア,9,9.0,COMPLETED,15.0,https://www.jra.go.jp/JRADB/accessS.html?CNAME=pw01sde0104202602060520260809/94,outputs/audit_20260809_r2/jra_horse_results_20260809_36r.csv,f273b71097ed10f318e750bf57f0e441e98d5725bd21a742e6eb468c70dce99f
2026-08-09,新潟,5,8,プルシャプラ,8,8.0,COMPLETED,9.0,https://www.jra.go.jp/JRADB/accessS.html?CNAME=pw01sde0104202602060520260809/94,outputs/audit_20260809_r2/jra_horse_results_20260809_36r.csv,f273b71097ed10f318e750bf57f0e441e98d5725bd21a742e6eb468c70dce99f
2026-08-09,新潟,5,9,アンバサダネージュ,7,7.0,COMPLETED,1.0,https://www.jra.go.jp/JRADB/accessS.html?CNAME=pw01sde0104202602060520260809/94,outputs/audit_20260809_r2/jra_horse_results_20260809_36r.csv,f273b71097ed10f318e750bf57f0e441e98d5725bd21a742e6eb468c70dce99f
2026-08-09,新潟,5,10,スリーコーズ,3,3.0,COMPLETED,6.0,https://www.jra.go.jp/JRADB/accessS.html?CNAME=pw01sde0104202602060520260809/94,outputs/audit_20260809_r2/jra_horse_results_20260809_36r.csv,f273b71097ed10f318e750bf57f0e441e98d5725bd21a742e6eb468c70dce99f
2026-08-09,新潟,5,11,ゼファーテソーロ,1,1.0,COMPLETED,4.0,https://www.jra.go.jp/JRADB/accessS.html?CNAME=pw01sde0104202602060520260809/94,outputs/audit_20260809_r2/jra_horse_results_20260809_36r.csv,f273b71097ed10f318e750bf57f0e441e98d5725bd21a742e6eb468c70dce99f
2026-08-09,新潟,5,12,シュヴァルツシルト,6,6.0,COMPLETED,2.0,https://www.jra.go.jp/JRADB/accessS.html?CNAME=pw01sde0104202602060520260809/94,outputs/audit_20260809_r2/jra_horse_results_20260809_36r.csv,f273b71097ed10f318e750bf57f0e441e98d5725bd21a742e6eb468c70dce99f
2026-08-09,新潟,5,13,タイセイブルーム,10,10.0,COMPLETED,13.0,https://www.jra.go.jp/JRADB/accessS.html?CNAME=pw01sde0104202602060520260809/94,outputs/audit_20260809_r2/jra_horse_results_20260809_36r.csv,f273b71097ed10f318e750bf57f0e441e98d5725bd21a742e6eb468c70dce99f
2026-08-09,新潟,5,14,ソリッドベーシス,13,13.0,COMPLETED,14.0,https://www.jra.go.jp/JRADB/accessS.html?CNAME=pw01sde0104202602060520260809/94,outputs/audit_20260809_r2/jra_horse_results_20260809_36r.csv,f273b71097ed10f318e750bf57f0e441e98d5725bd21a742e6eb468c70dce99f
2026-08-09,新潟,5,15,ペッパーミル,14,14.0,COMPLETED,8.0,https://www.jra.go.jp/JRADB/accessS.html?CNAME=pw01sde0104202602060520260809/94,outputs/audit_20260809_r2/jra_horse_results_20260809_36r.csv,f273b71097ed10f318e750bf57f0e441e98d5725bd21a742e6eb468c70dce99f
2026-08-09,新潟,6,1,ライヒスアドラー,1,1.0,COMPLETED,1.0,https://www.jra.go.jp/JRADB/accessS.html?CNAME=pw01sde0104202602060620260809/49,outputs/audit_20260809_r2/jra_horse_results_20260809_36r.csv,f273b71097ed10f318e750bf57f0e441e98d5725bd21a742e6eb468c70dce99f
2026-08-09,新潟,6,2,コルレオニス,10,10.0,COMPLETED,7.0,https://www.jra.go.jp/JRADB/accessS.html?CNAME=pw01sde0104202602060620260809/49,outputs/audit_20260809_r2/jra_horse_results_20260809_36r.csv,f273b71097ed10f318e750bf57f0e441e98d5725bd21a742e6eb468c70dce99f
2026-08-09,新潟,6,3,カニキュル,2,2.0,COMPLETED,2.0,https://www.jra.go.jp/JRADB/accessS.html?CNAME=pw01sde0104202602060620260809/49,outputs/audit_20260809_r2/jra_horse_results_20260809_36r.csv,f273b71097ed10f318e750bf57f0e441e98d5725bd21a742e6eb468c70dce99f
2026-08-09,新潟,6,4,ガジュノリ,6,6.0,COMPLETED,4.0,https://www.jra.go.jp/JRADB/accessS.html?CNAME=pw01sde0104202602060620260809/49,outputs/audit_20260809_r2/jra_horse_results_20260809_36r.csv,f273b71097ed10f318e750bf57f0e441e98d5725bd21a742e6eb468c70dce99f
2026-08-09,新潟,6,5,ハギノアルデバラン,5,5.0,COMPLETED,8.0,https://www.jra.go.jp/JRADB/accessS.html?CNAME=pw01sde0104202602060620260809/49,outputs/audit_20260809_r2/jra_horse_results_20260809_36r.csv,f273b71097ed10f318e750bf57f0e441e98d5725bd21a742e6eb468c70dce99f
2026-08-09,新潟,6,6,マカナ,12,12.0,COMPLETED,3.0,https://www.jra.go.jp/JRADB/accessS.html?CNAME=pw01sde0104202602060620260809/49,outputs/audit_20260809_r2/jra_horse_results_20260809_36r.csv,f273b71097ed10f318e750bf57f0e441e98d5725bd21a742e6eb468c70dce99f
2026-08-09,新潟,6,7,モズロックンロール,13,13.0,COMPLETED,13.0,https://www.jra.go.jp/JRADB/accessS.html?CNAME=pw01sde0104202602060620260809/49,outputs/audit_20260809_r2/jra_horse_results_20260809_36r.csv,f273b71097ed10f318e750bf57f0e441e98d5725bd21a742e6eb468c70dce99f
2026-08-09,新潟,6,8,クリニクラウン,8,8.0,COMPLETED,10.0,https://www.jra.go.jp/JRADB/accessS.html?CNAME=pw01sde0104202602060620260809/49,outputs/audit_20260809_r2/jra_horse_results_20260809_36r.csv,f273b71097ed10f318e750bf57f0e441e98d5725bd21a742e6eb468c70dce99f
2026-08-09,新潟,6,9,サトノヴィレ,3,3.0,COMPLETED,9.0,https://www.jra.go.jp/JRADB/accessS.html?CNAME=pw01sde0104202602060620260809/49,outputs/audit_20260809_r2/jra_horse_results_20260809_36r.csv,f273b71097ed10f318e750bf57f0e441e98d5725bd21a742e6eb468c70dce99f
2026-08-09,新潟,6,10,エラン,7,7.0,COMPLETED,11.0,https://www.jra.go.jp/JRADB/accessS.html?CNAME=pw01sde0104202602060620260809/49,outputs/audit_20260809_r2/jra_horse_results_20260809_36r.csv,f273b71097ed10f318e750bf57f0e441e98d5725bd21a742e6eb468c70dce99f
2026-08-09,新潟,6,11,デルアヴァー,4,4.0,COMPLETED,5.0,https://www.jra.go.jp/JRADB/accessS.html?CNAME=pw01sde0104202602060620260809/49,outputs/audit_20260809_r2/jra_horse_results_20260809_36r.csv,f273b71097ed10f318e750bf57f0e441e98d5725bd21a742e6eb468c70dce99f
2026-08-09,新潟,6,12,エスコバル,9,9.0,COMPLETED,12.0,https://www.jra.go.jp/JRADB/accessS.html?CNAME=pw01sde0104202602060620260809/49,outputs/audit_20260809_r2/jra_horse_results_20260809_36r.csv,f273b71097ed10f318e750bf57f0e441e98d5725bd21a742e6eb468c70dce99f
2026-08-09,新潟,6,13,テンミラクルスター,11,11.0,COMPLETED,6.0,https://www.jra.go.jp/JRADB/accessS.html?CNAME=pw01sde0104202602060620260809/49,outputs/audit_20260809_r2/jra_horse_results_20260809_36r.csv,f273b71097ed10f318e750bf57f0e441e98d5725bd21a742e6eb468c70dce99f
2026-08-09,新潟,7,1,オオツカ,5,5.0,COMPLETED,10.0,https://www.jra.go.jp/JRADB/accessS.html?CNAME=pw01sde0104202602060720260809/FE,outputs/audit_20260809_r2/jra_horse_results_20260809_36r.csv,f273b71097ed10f318e750bf57f0e441e98d5725bd21a742e6eb468c70dce99f
2026-08-09,新潟,7,2,ファイアマン,11,11.0,COMPLETED,8.0,https://www.jra.go.jp/JRADB/accessS.html?CNAME=pw01sde0104202602060720260809/FE,outputs/audit_20260809_r2/jra_horse_results_20260809_36r.csv,f273b71097ed10f318e750bf57f0e441e98d5725bd21a742e6eb468c70dce99f
2026-08-09,新潟,7,3,ヒシアムルーズ,10,10.0,COMPLETED,9.0,https://www.jra.go.jp/JRADB/accessS.html?CNAME=pw01sde0104202602060720260809/FE,outputs/audit_20260809_r2/jra_horse_results_20260809_36r.csv,f273b71097ed10f318e750bf57f0e441e98d5725bd21a742e6eb468c70dce99f
2026-08-09,新潟,7,4,チェリヴェント,1,1.0,COMPLETED,6.0,https://www.jra.go.jp/JRADB/accessS.html?CNAME=pw01sde0104202602060720260809/FE,outputs/audit_20260809_r2/jra_horse_results_20260809_36r.csv,f273b71097ed10f318e750bf57f0e441e98d5725bd21a742e6eb468c70dce99f
2026-08-09,新潟,7,5,マクリール,9,9.0,COMPLETED,5.0,https://www.jra.go.jp/JRADB/accessS.html?CNAME=pw01sde0104202602060720260809/FE,outputs/audit_20260809_r2/jra_horse_results_20260809_36r.csv,f273b71097ed10f318e750bf57f0e441e98d5725bd21a742e6eb468c70dce99f
2026-08-09,新潟,7,6,ドンエレクトス,4,4.0,COMPLETED,3.0,https://www.jra.go.jp/JRADB/accessS.html?CNAME=pw01sde0104202602060720260809/FE,outputs/audit_20260809_r2/jra_horse_results_20260809_36r.csv,f273b71097ed10f318e750bf57f0e441e98d5725bd21a742e6eb468c70dce99f
2026-08-09,新潟,7,7,パラダイスフェイス,12,12.0,COMPLETED,12.0,https://www.jra.go.jp/JRADB/accessS.html?CNAME=pw01sde0104202602060720260809/FE,outputs/audit_20260809_r2/jra_horse_results_20260809_36r.csv,f273b71097ed10f318e750bf57f0e441e98d5725bd21a742e6eb468c70dce99f
2026-08-09,新潟,7,8,テンカムテキ,8,8.0,COMPLETED,11.0,https://www.jra.go.jp/JRADB/accessS.html?CNAME=pw01sde0104202602060720260809/FE,outputs/audit_20260809_r2/jra_horse_results_20260809_36r.csv,f273b71097ed10f318e750bf57f0e441e98d5725bd21a742e6eb468c70dce99f
2026-08-09,新潟,7,9,ショウナンバンライ,6,6.0,COMPLETED,2.0,https://www.jra.go.jp/JRADB/accessS.html?CNAME=pw01sde0104202602060720260809/FE,outputs/audit_20260809_r2/jra_horse_results_20260809_36r.csv,f273b71097ed10f318e750bf57f0e441e98d5725bd21a742e6eb468c70dce99f
2026-08-09,新潟,7,10,タガノアバンドーネ,7,7.0,COMPLETED,7.0,https://www.jra.go.jp/JRADB/accessS.html?CNAME=pw01sde0104202602060720260809/FE,outputs/audit_20260809_r2/jra_horse_results_20260809_36r.csv,f273b71097ed10f318e750bf57f0e441e98d5725bd21a742e6eb468c70dce99f
2026-08-09,新潟,7,11,パイロマンサー,2,2.0,COMPLETED,4.0,https://www.jra.go.jp/JRADB/accessS.html?CNAME=pw01sde0104202602060720260809/FE,outputs/audit_20260809_r2/jra_horse_results_20260809_36r.csv,f273b71097ed10f318e750bf57f0e441e98d5725bd21a742e6eb468c70dce99f
2026-08-09,新潟,7,12,メルカントゥール,3,3.0,COMPLETED,1.0,https://www.jra.go.jp/JRADB/accessS.html?CNAME=pw01sde0104202602060720260809/FE,outputs/audit_20260809_r2/jra_horse_results_20260809_36r.csv,f273b71097ed10f318e750bf57f0e441e98d5725bd21a742e6eb468c70dce99f
2026-08-09,新潟,8,1,クォーツァイト,6,6.0,COMPLETED,15.0,https://www.jra.go.jp/JRADB/accessS.html?CNAME=pw01sde0104202602060820260809/B3,outputs/audit_20260809_r2/jra_horse_results_20260809_36r.csv,f273b71097ed10f318e750bf57f0e441e98d5725bd21a742e6eb468c70dce99f
2026-08-09,新潟,8,2,ラヴェンデル,16,16.0,COMPLETED,9.0,https://www.jra.go.jp/JRADB/accessS.html?CNAME=pw01sde0104202602060820260809/B3,outputs/audit_20260809_r2/jra_horse_results_20260809_36r.csv,f273b71097ed10f318e750bf57f0e441e98d5725bd21a742e6eb468c70dce99f
2026-08-09,新潟,8,3,リュウノタブーク,12,12.0,COMPLETED,17.0,https://www.jra.go.jp/JRADB/accessS.html?CNAME=pw01sde0104202602060820260809/B3,outputs/audit_20260809_r2/jra_horse_results_20260809_36r.csv,f273b71097ed10f318e750bf57f0e441e98d5725bd21a742e6eb468c70dce99f
2026-08-09,新潟,8,4,ミスエル,7,7.0,COMPLETED,16.0,https://www.jra.go.jp/JRADB/accessS.html?CNAME=pw01sde0104202602060820260809/B3,outputs/audit_20260809_r2/jra_horse_results_20260809_36r.csv,f273b71097ed10f318e750bf57f0e441e98d5725bd21a742e6eb468c70dce99f
2026-08-09,新潟,8,5,スペルキャスター,4,4.0,COMPLETED,12.0,https://www.jra.go.jp/JRADB/accessS.html?CNAME=pw01sde0104202602060820260809/B3,outputs/audit_20260809_r2/jra_horse_results_20260809_36r.csv,f273b71097ed10f318e750bf57f0e441e98d5725bd21a742e6eb468c70dce99f
2026-08-09,新潟,8,6,ゼンダンタカ,5,5.0,COMPLETED,13.0,https://www.jra.go.jp/JRADB/accessS.html?CNAME=pw01sde0104202602060820260809/B3,outputs/audit_20260809_r2/jra_horse_results_20260809_36r.csv,f273b71097ed10f318e750bf57f0e441e98d5725bd21a742e6eb468c70dce99f
2026-08-09,新潟,8,7,ラトルシェ,13,13.0,COMPLETED,10.0,https://www.jra.go.jp/JRADB/accessS.html?CNAME=pw01sde0104202602060820260809/B3,outputs/audit_20260809_r2/jra_horse_results_20260809_36r.csv,f273b71097ed10f318e750bf57f0e441e98d5725bd21a742e6eb468c70dce99f
2026-08-09,新潟,8,8,カレンデュラ,3,3.0,COMPLETED,6.0,https://www.jra.go.jp/JRADB/accessS.html?CNAME=pw01sde0104202602060820260809/B3,outputs/audit_20260809_r2/jra_horse_results_20260809_36r.csv,f273b71097ed10f318e750bf57f0e441e98d5725bd21a742e6eb468c70dce99f
2026-08-09,新潟,8,9,サトノアルペジオ,15,15.0,COMPLETED,14.0,https://www.jra.go.jp/JRADB/accessS.html?CNAME=pw01sde0104202602060820260809/B3,outputs/audit_20260809_r2/jra_horse_results_20260809_36r.csv,f273b71097ed10f318e750bf57f0e441e98d5725bd21a742e6eb468c70dce99f
2026-08-09,新潟,8,10,ペイシャヴァルツー,17,17.0,COMPLETED,11.0,https://www.jra.go.jp/JRADB/accessS.html?CNAME=pw01sde0104202602060820260809/B3,outputs/audit_20260809_r2/jra_horse_results_20260809_36r.csv,f273b71097ed10f318e750bf57f0e441e98d5725bd21a742e6eb468c70dce99f
2026-08-09,新潟,8,11,ハニーローリエ,2,2.0,COMPLETED,1.0,https://www.jra.go.jp/JRADB/accessS.html?CNAME=pw01sde0104202602060820260809/B3,outputs/audit_20260809_r2/jra_horse_results_20260809_36r.csv,f273b71097ed10f318e750bf57f0e441e98d5725bd21a742e6eb468c70dce99f
2026-08-09,新潟,8,12,レジーナローズ,9,9.0,COMPLETED,4.0,https://www.jra.go.jp/JRADB/accessS.html?CNAME=pw01sde0104202602060820260809/B3,outputs/audit_20260809_r2/jra_horse_results_20260809_36r.csv,f273b71097ed10f318e750bf57f0e441e98d5725bd21a742e6eb468c70dce99f
2026-08-09,新潟,8,13,ロードトレゾール,8,8.0,COMPLETED,3.0,https://www.jra.go.jp/JRADB/accessS.html?CNAME=pw01sde0104202602060820260809/B3,outputs/audit_20260809_r2/jra_horse_results_20260809_36r.csv,f273b71097ed10f318e750bf57f0e441e98d5725bd21a742e6eb468c70dce99f
2026-08-09,新潟,8,14,ラブディーヴァ,10,10.0,COMPLETED,7.0,https://www.jra.go.jp/JRADB/accessS.html?CNAME=pw01sde0104202602060820260809/B3,outputs/audit_20260809_r2/jra_horse_results_20260809_36r.csv,f273b71097ed10f318e750bf57f0e441e98d5725bd21a742e6eb468c70dce99f
2026-08-09,新潟,8,15,キントラダンサー,11,11.0,COMPLETED,5.0,https://www.jra.go.jp/JRADB/accessS.html?CNAME=pw01sde0104202602060820260809/B3,outputs/audit_20260809_r2/jra_horse_results_20260809_36r.csv,f273b71097ed10f318e750bf57f0e441e98d5725bd21a742e6eb468c70dce99f
2026-08-09,新潟,8,16,メッエフアパラ,14,14.0,COMPLETED,8.0,https://www.jra.go.jp/JRADB/accessS.html?CNAME=pw01sde0104202602060820260809/B3,outputs/audit_20260809_r2/jra_horse_results_20260809_36r.csv,f273b71097ed10f318e750bf57f0e441e98d5725bd21a742e6eb468c70dce99f
2026-08-09,新潟,8,17,クールベイビー,1,1.0,COMPLETED,2.0,https://www.jra.go.jp/JRADB/accessS.html?CNAME=pw01sde0104202602060820260809/B3,outputs/audit_20260809_r2/jra_horse_results_20260809_36r.csv,f273b71097ed10f318e750bf57f0e441e98d5725bd21a742e6eb468c70dce99f
2026-08-09,新潟,9,1,タイセイピューマ,15,15.0,COMPLETED,14.0,https://www.jra.go.jp/JRADB/accessS.html?CNAME=pw01sde0104202602060920260809/68,outputs/audit_20260809_r2/jra_horse_results_20260809_36r.csv,f273b71097ed10f318e750bf57f0e441e98d5725bd21a742e6eb468c70dce99f
2026-08-09,新潟,9,2,プレアデスグループ,12,12.0,COMPLETED,12.0,https://www.jra.go.jp/JRADB/accessS.html?CNAME=pw01sde0104202602060920260809/68,outputs/audit_20260809_r2/jra_horse_results_20260809_36r.csv,f273b71097ed10f318e750bf57f0e441e98d5725bd21a742e6eb468c70dce99f
2026-08-09,新潟,9,3,フォンメイリー,14,14.0,COMPLETED,11.0,https://www.jra.go.jp/JRADB/accessS.html?CNAME=pw01sde0104202602060920260809/68,outputs/audit_20260809_r2/jra_horse_results_20260809_36r.csv,f273b71097ed10f318e750bf57f0e441e98d5725bd21a742e6eb468c70dce99f
2026-08-09,新潟,9,4,ダズリングダンス,11,11.0,COMPLETED,7.0,https://www.jra.go.jp/JRADB/accessS.html?CNAME=pw01sde0104202602060920260809/68,outputs/audit_20260809_r2/jra_horse_results_20260809_36r.csv,f273b71097ed10f318e750bf57f0e441e98d5725bd21a742e6eb468c70dce99f
2026-08-09,新潟,9,5,アスタールフナ,2,2.0,COMPLETED,2.0,https://www.jra.go.jp/JRADB/accessS.html?CNAME=pw01sde0104202602060920260809/68,outputs/audit_20260809_r2/jra_horse_results_20260809_36r.csv,f273b71097ed10f318e750bf57f0e441e98d5725bd21a742e6eb468c70dce99f
2026-08-09,新潟,9,6,ダノンモンテローザ,3,3.0,COMPLETED,4.0,https://www.jra.go.jp/JRADB/accessS.html?CNAME=pw01sde0104202602060920260809/68,outputs/audit_20260809_r2/jra_horse_results_20260809_36r.csv,f273b71097ed10f318e750bf57f0e441e98d5725bd21a742e6eb468c70dce99f
2026-08-09,新潟,9,7,シャンハイナイト,13,13.0,COMPLETED,8.0,https://www.jra.go.jp/JRADB/accessS.html?CNAME=pw01sde0104202602060920260809/68,outputs/audit_20260809_r2/jra_horse_results_20260809_36r.csv,f273b71097ed10f318e750bf57f0e441e98d5725bd21a742e6eb468c70dce99f
2026-08-09,新潟,9,8,キョウエイカンフ,4,4.0,COMPLETED,5.0,https://www.jra.go.jp/JRADB/accessS.html?CNAME=pw01sde0104202602060920260809/68,outputs/audit_20260809_r2/jra_horse_results_20260809_36r.csv,f273b71097ed10f318e750bf57f0e441e98d5725bd21a742e6eb468c70dce99f
2026-08-09,新潟,9,9,シュバルツガイスト,8,8.0,COMPLETED,15.0,https://www.jra.go.jp/JRADB/accessS.html?CNAME=pw01sde0104202602060920260809/68,outputs/audit_20260809_r2/jra_horse_results_20260809_36r.csv,f273b71097ed10f318e750bf57f0e441e98d5725bd21a742e6eb468c70dce99f
2026-08-09,新潟,9,10,フィーチャリング,10,10.0,COMPLETED,6.0,https://www.jra.go.jp/JRADB/accessS.html?CNAME=pw01sde0104202602060920260809/68,outputs/audit_20260809_r2/jra_horse_results_20260809_36r.csv,f273b71097ed10f318e750bf57f0e441e98d5725bd21a742e6eb468c70dce99f
2026-08-09,新潟,9,11,ハッピーウィズユー,7,7.0,COMPLETED,3.0,https://www.jra.go.jp/JRADB/accessS.html?CNAME=pw01sde0104202602060920260809/68,outputs/audit_20260809_r2/jra_horse_results_20260809_36r.csv,f273b71097ed10f318e750bf57f0e441e98d5725bd21a742e6eb468c70dce99f
2026-08-09,新潟,9,12,レッドセニョール,9,9.0,COMPLETED,13.0,https://www.jra.go.jp/JRADB/accessS.html?CNAME=pw01sde0104202602060920260809/68,outputs/audit_20260809_r2/jra_horse_results_20260809_36r.csv,f273b71097ed10f318e750bf57f0e441e98d5725bd21a742e6eb468c70dce99f
2026-08-09,新潟,9,13,アルジェンタージョ,5,5.0,COMPLETED,9.0,https://www.jra.go.jp/JRADB/accessS.html?CNAME=pw01sde0104202602060920260809/68,outputs/audit_20260809_r2/jra_horse_results_20260809_36r.csv,f273b71097ed10f318e750bf57f0e441e98d5725bd21a742e6eb468c70dce99f
2026-08-09,新潟,9,14,ピコテンダー,6,6.0,COMPLETED,1.0,https://www.jra.go.jp/JRADB/accessS.html?CNAME=pw01sde0104202602060920260809/68,outputs/audit_20260809_r2/jra_horse_results_20260809_36r.csv,f273b71097ed10f318e750bf57f0e441e98d5725bd21a742e6eb468c70dce99f
2026-08-09,新潟,9,15,マーゴットゲイン,1,1.0,COMPLETED,10.0,https://www.jra.go.jp/JRADB/accessS.html?CNAME=pw01sde0104202602060920260809/68,outputs/audit_20260809_r2/jra_horse_results_20260809_36r.csv,f273b71097ed10f318e750bf57f0e441e98d5725bd21a742e6eb468c70dce99f
2026-08-09,新潟,10,1,トラストモアリズム,4,4.0,COMPLETED,7.0,https://www.jra.go.jp/JRADB/accessS.html?CNAME=pw01sde0104202602061020260809/5D,outputs/audit_20260809_r2/jra_horse_results_20260809_36r.csv,f273b71097ed10f318e750bf57f0e441e98d5725bd21a742e6eb468c70dce99f
2026-08-09,新潟,10,2,ミッドセンチュリー,5,5.0,COMPLETED,3.0,https://www.jra.go.jp/JRADB/accessS.html?CNAME=pw01sde0104202602061020260809/5D,outputs/audit_20260809_r2/jra_horse_results_20260809_36r.csv,f273b71097ed10f318e750bf57f0e441e98d5725bd21a742e6eb468c70dce99f
2026-08-09,新潟,10,3,テイキットイージー,6,6.0,COMPLETED,6.0,https://www.jra.go.jp/JRADB/accessS.html?CNAME=pw01sde0104202602061020260809/5D,outputs/audit_20260809_r2/jra_horse_results_20260809_36r.csv,f273b71097ed10f318e750bf57f0e441e98d5725bd21a742e6eb468c70dce99f
2026-08-09,新潟,10,4,イスキオス,7,7.0,COMPLETED,5.0,https://www.jra.go.jp/JRADB/accessS.html?CNAME=pw01sde0104202602061020260809/5D,outputs/audit_20260809_r2/jra_horse_results_20260809_36r.csv,f273b71097ed10f318e750bf57f0e441e98d5725bd21a742e6eb468c70dce99f
2026-08-09,新潟,10,5,モートンアイランド,1,1.0,COMPLETED,2.0,https://www.jra.go.jp/JRADB/accessS.html?CNAME=pw01sde0104202602061020260809/5D,outputs/audit_20260809_r2/jra_horse_results_20260809_36r.csv,f273b71097ed10f318e750bf57f0e441e98d5725bd21a742e6eb468c70dce99f
2026-08-09,新潟,10,6,オプレントジュエル,3,3.0,COMPLETED,4.0,https://www.jra.go.jp/JRADB/accessS.html?CNAME=pw01sde0104202602061020260809/5D,outputs/audit_20260809_r2/jra_horse_results_20260809_36r.csv,f273b71097ed10f318e750bf57f0e441e98d5725bd21a742e6eb468c70dce99f
2026-08-09,新潟,10,7,ウップヘリーア,2,2.0,COMPLETED,1.0,https://www.jra.go.jp/JRADB/accessS.html?CNAME=pw01sde0104202602061020260809/5D,outputs/audit_20260809_r2/jra_horse_results_20260809_36r.csv,f273b71097ed10f318e750bf57f0e441e98d5725bd21a742e6eb468c70dce99f
2026-08-09,新潟,11,1,ワイズファミリア,7,7.0,COMPLETED,4.0,https://www.jra.go.jp/JRADB/accessS.html?CNAME=pw01sde0104202602061120260809/12,outputs/audit_20260809_r2/jra_horse_results_20260809_36r.csv,f273b71097ed10f318e750bf57f0e441e98d5725bd21a742e6eb468c70dce99f
2026-08-09,新潟,11,2,ルシアージュ,8,8.0,COMPLETED,5.0,https://www.jra.go.jp/JRADB/accessS.html?CNAME=pw01sde0104202602061120260809/12,outputs/audit_20260809_r2/jra_horse_results_20260809_36r.csv,f273b71097ed10f318e750bf57f0e441e98d5725bd21a742e6eb468c70dce99f
2026-08-09,新潟,11,3,バンオンタイム,3,3.0,COMPLETED,1.0,https://www.jra.go.jp/JRADB/accessS.html?CNAME=pw01sde0104202602061120260809/12,outputs/audit_20260809_r2/jra_horse_results_20260809_36r.csv,f273b71097ed10f318e750bf57f0e441e98d5725bd21a742e6eb468c70dce99f
2026-08-09,新潟,11,4,フジサン,9,9.0,COMPLETED,6.0,https://www.jra.go.jp/JRADB/accessS.html?CNAME=pw01sde0104202602061120260809/12,outputs/audit_20260809_r2/jra_horse_results_20260809_36r.csv,f273b71097ed10f318e750bf57f0e441e98d5725bd21a742e6eb468c70dce99f
2026-08-09,新潟,11,5,フーディエラン,5,5.0,COMPLETED,8.0,https://www.jra.go.jp/JRADB/accessS.html?CNAME=pw01sde0104202602061120260809/12,outputs/audit_20260809_r2/jra_horse_results_20260809_36r.csv,f273b71097ed10f318e750bf57f0e441e98d5725bd21a742e6eb468c70dce99f
2026-08-09,新潟,11,6,スカイドリーマー,11,11.0,COMPLETED,10.0,https://www.jra.go.jp/JRADB/accessS.html?CNAME=pw01sde0104202602061120260809/12,outputs/audit_20260809_r2/jra_horse_results_20260809_36r.csv,f273b71097ed10f318e750bf57f0e441e98d5725bd21a742e6eb468c70dce99f
2026-08-09,新潟,11,7,ピコプリンセス,10,10.0,COMPLETED,18.0,https://www.jra.go.jp/JRADB/accessS.html?CNAME=pw01sde0104202602061120260809/12,outputs/audit_20260809_r2/jra_horse_results_20260809_36r.csv,f273b71097ed10f318e750bf57f0e441e98d5725bd21a742e6eb468c70dce99f
2026-08-09,新潟,11,8,ガミーヌ,1,1.0,COMPLETED,11.0,https://www.jra.go.jp/JRADB/accessS.html?CNAME=pw01sde0104202602061120260809/12,outputs/audit_20260809_r2/jra_horse_results_20260809_36r.csv,f273b71097ed10f318e750bf57f0e441e98d5725bd21a742e6eb468c70dce99f
2026-08-09,新潟,11,9,スチールギターラグ,6,6.0,COMPLETED,3.0,https://www.jra.go.jp/JRADB/accessS.html?CNAME=pw01sde0104202602061120260809/12,outputs/audit_20260809_r2/jra_horse_results_20260809_36r.csv,f273b71097ed10f318e750bf57f0e441e98d5725bd21a742e6eb468c70dce99f
2026-08-09,新潟,11,10,ダノンドナウ,4,4.0,COMPLETED,2.0,https://www.jra.go.jp/JRADB/accessS.html?CNAME=pw01sde0104202602061120260809/12,outputs/audit_20260809_r2/jra_horse_results_20260809_36r.csv,f273b71097ed10f318e750bf57f0e441e98d5725bd21a742e6eb468c70dce99f
2026-08-09,新潟,11,11,オドラタス,16,16.0,COMPLETED,9.0,https://www.jra.go.jp/JRADB/accessS.html?CNAME=pw01sde0104202602061120260809/12,outputs/audit_20260809_r2/jra_horse_results_20260809_36r.csv,f273b71097ed10f318e750bf57f0e441e98d5725bd21a742e6eb468c70dce99f
2026-08-09,新潟,11,12,セルリア,2,2.0,COMPLETED,12.0,https://www.jra.go.jp/JRADB/accessS.html?CNAME=pw01sde0104202602061120260809/12,outputs/audit_20260809_r2/jra_horse_results_20260809_36r.csv,f273b71097ed10f318e750bf57f0e441e98d5725bd21a742e6eb468c70dce99f
2026-08-09,新潟,11,13,リーゼントモニカ,15,15.0,COMPLETED,15.0,https://www.jra.go.jp/JRADB/accessS.html?CNAME=pw01sde0104202602061120260809/12,outputs/audit_20260809_r2/jra_horse_results_20260809_36r.csv,f273b71097ed10f318e750bf57f0e441e98d5725bd21a742e6eb468c70dce99f
2026-08-09,新潟,11,14,ゲンパチロマン,18,18.0,COMPLETED,17.0,https://www.jra.go.jp/JRADB/accessS.html?CNAME=pw01sde0104202602061120260809/12,outputs/audit_20260809_r2/jra_horse_results_20260809_36r.csv,f273b71097ed10f318e750bf57f0e441e98d5725bd21a742e6eb468c70dce99f
2026-08-09,新潟,11,15,フルールロイヤル,17,17.0,COMPLETED,14.0,https://www.jra.go.jp/JRADB/accessS.html?CNAME=pw01sde0104202602061120260809/12,outputs/audit_20260809_r2/jra_horse_results_20260809_36r.csv,f273b71097ed10f318e750bf57f0e441e98d5725bd21a742e6eb468c70dce99f
2026-08-09,新潟,11,16,ベルランコントル,12,12.0,COMPLETED,7.0,https://www.jra.go.jp/JRADB/accessS.html?CNAME=pw01sde0104202602061120260809/12,outputs/audit_20260809_r2/jra_horse_results_20260809_36r.csv,f273b71097ed10f318e750bf57f0e441e98d5725bd21a742e6eb468c70dce99f
2026-08-09,新潟,11,17,ジーティージェミル,13,13.0,COMPLETED,16.0,https://www.jra.go.jp/JRADB/accessS.html?CNAME=pw01sde0104202602061120260809/12,outputs/audit_20260809_r2/jra_horse_results_20260809_36r.csv,f273b71097ed10f318e750bf57f0e441e98d5725bd21a742e6eb468c70dce99f
2026-08-09,新潟,11,18,レガリーノ,14,14.0,COMPLETED,13.0,https://www.jra.go.jp/JRADB/accessS.html?CNAME=pw01sde0104202602061120260809/12,outputs/audit_20260809_r2/jra_horse_results_20260809_36r.csv,f273b71097ed10f318e750bf57f0e441e98d5725bd21a742e6eb468c70dce99f
2026-08-09,新潟,12,1,インザライムライト,17,17.0,COMPLETED,14.0,https://www.jra.go.jp/JRADB/accessS.html?CNAME=pw01sde0104202602061220260809/C7,outputs/audit_20260809_r2/jra_horse_results_20260809_36r.csv,f273b71097ed10f318e750bf57f0e441e98d5725bd21a742e6eb468c70dce99f
2026-08-09,新潟,12,2,ウィズアツインクル,8,8.0,COMPLETED,15.0,https://www.jra.go.jp/JRADB/accessS.html?CNAME=pw01sde0104202602061220260809/C7,outputs/audit_20260809_r2/jra_horse_results_20260809_36r.csv,f273b71097ed10f318e750bf57f0e441e98d5725bd21a742e6eb468c70dce99f
2026-08-09,新潟,12,3,フレアリングベリー,13,13.0,COMPLETED,11.0,https://www.jra.go.jp/JRADB/accessS.html?CNAME=pw01sde0104202602061220260809/C7,outputs/audit_20260809_r2/jra_horse_results_20260809_36r.csv,f273b71097ed10f318e750bf57f0e441e98d5725bd21a742e6eb468c70dce99f
2026-08-09,新潟,12,4,シエラモレーナ,12,12.0,COMPLETED,13.0,https://www.jra.go.jp/JRADB/accessS.html?CNAME=pw01sde0104202602061220260809/C7,outputs/audit_20260809_r2/jra_horse_results_20260809_36r.csv,f273b71097ed10f318e750bf57f0e441e98d5725bd21a742e6eb468c70dce99f
2026-08-09,新潟,12,5,ロジシーザ,11,11.0,COMPLETED,16.0,https://www.jra.go.jp/JRADB/accessS.html?CNAME=pw01sde0104202602061220260809/C7,outputs/audit_20260809_r2/jra_horse_results_20260809_36r.csv,f273b71097ed10f318e750bf57f0e441e98d5725bd21a742e6eb468c70dce99f
2026-08-09,新潟,12,6,セリエンクーニゲン,2,2.0,COMPLETED,4.0,https://www.jra.go.jp/JRADB/accessS.html?CNAME=pw01sde0104202602061220260809/C7,outputs/audit_20260809_r2/jra_horse_results_20260809_36r.csv,f273b71097ed10f318e750bf57f0e441e98d5725bd21a742e6eb468c70dce99f
2026-08-09,新潟,12,7,ルナーファントム,15,15.0,COMPLETED,3.0,https://www.jra.go.jp/JRADB/accessS.html?CNAME=pw01sde0104202602061220260809/C7,outputs/audit_20260809_r2/jra_horse_results_20260809_36r.csv,f273b71097ed10f318e750bf57f0e441e98d5725bd21a742e6eb468c70dce99f
2026-08-09,新潟,12,8,タイセイギガース,14,14.0,COMPLETED,18.0,https://www.jra.go.jp/JRADB/accessS.html?CNAME=pw01sde0104202602061220260809/C7,outputs/audit_20260809_r2/jra_horse_results_20260809_36r.csv,f273b71097ed10f318e750bf57f0e441e98d5725bd21a742e6eb468c70dce99f
2026-08-09,新潟,12,9,サンロード,16,16.0,COMPLETED,17.0,https://www.jra.go.jp/JRADB/accessS.html?CNAME=pw01sde0104202602061220260809/C7,outputs/audit_20260809_r2/jra_horse_results_20260809_36r.csv,f273b71097ed10f318e750bf57f0e441e98d5725bd21a742e6eb468c70dce99f
2026-08-09,新潟,12,10,オンナキュヌヴィ,5,5.0,COMPLETED,2.0,https://www.jra.go.jp/JRADB/accessS.html?CNAME=pw01sde0104202602061220260809/C7,outputs/audit_20260809_r2/jra_horse_results_20260809_36r.csv,f273b71097ed10f318e750bf57f0e441e98d5725bd21a742e6eb468c70dce99f
2026-08-09,新潟,12,11,ハルカオル,10,10.0,COMPLETED,8.0,https://www.jra.go.jp/JRADB/accessS.html?CNAME=pw01sde0104202602061220260809/C7,outputs/audit_20260809_r2/jra_horse_results_20260809_36r.csv,f273b71097ed10f318e750bf57f0e441e98d5725bd21a742e6eb468c70dce99f
2026-08-09,新潟,12,12,ミクロスギガース,5,5.0,COMPLETED,12.0,https://www.jra.go.jp/JRADB/accessS.html?CNAME=pw01sde0104202602061220260809/C7,outputs/audit_20260809_r2/jra_horse_results_20260809_36r.csv,f273b71097ed10f318e750bf57f0e441e98d5725bd21a742e6eb468c70dce99f
2026-08-09,新潟,12,13,エンジェルサン,4,4.0,COMPLETED,9.0,https://www.jra.go.jp/JRADB/accessS.html?CNAME=pw01sde0104202602061220260809/C7,outputs/audit_20260809_r2/jra_horse_results_20260809_36r.csv,f273b71097ed10f318e750bf57f0e441e98d5725bd21a742e6eb468c70dce99f
2026-08-09,新潟,12,14,ココソラーレ,9,9.0,COMPLETED,10.0,https://www.jra.go.jp/JRADB/accessS.html?CNAME=pw01sde0104202602061220260809/C7,outputs/audit_20260809_r2/jra_horse_results_20260809_36r.csv,f273b71097ed10f318e750bf57f0e441e98d5725bd21a742e6eb468c70dce99f
2026-08-09,新潟,12,15,ルージュフィーリア,3,3.0,COMPLETED,1.0,https://www.jra.go.jp/JRADB/accessS.html?CNAME=pw01sde0104202602061220260809/C7,outputs/audit_20260809_r2/jra_horse_results_20260809_36r.csv,f273b71097ed10f318e750bf57f0e441e98d5725bd21a742e6eb468c70dce99f
2026-08-09,新潟,12,16,ラルルジェンヌ,7,7.0,COMPLETED,5.0,https://www.jra.go.jp/JRADB/accessS.html?CNAME=pw01sde0104202602061220260809/C7,outputs/audit_20260809_r2/jra_horse_results_20260809_36r.csv,f273b71097ed10f318e750bf57f0e441e98d5725bd21a742e6eb468c70dce99f
2026-08-09,新潟,12,17,ジェムシリカ,1,1.0,COMPLETED,6.0,https://www.jra.go.jp/JRADB/accessS.html?CNAME=pw01sde0104202602061220260809/C7,outputs/audit_20260809_r2/jra_horse_results_20260809_36r.csv,f273b71097ed10f318e750bf57f0e441e98d5725bd21a742e6eb468c70dce99f
2026-08-09,新潟,12,18,シルバーアックス,18,18.0,COMPLETED,7.0,https://www.jra.go.jp/JRADB/accessS.html?CNAME=pw01sde0104202602061220260809/C7,outputs/audit_20260809_r2/jra_horse_results_20260809_36r.csv,f273b71097ed10f318e750bf57f0e441e98d5725bd21a742e6eb468c70dce99f
2026-08-09,札幌,1,1,ベイビーブラザー,10,10.0,COMPLETED,8.0,https://www.jra.go.jp/JRADB/accessS.html?CNAME=pw01sde0101202601060120260809/B1,outputs/audit_20260809_r2/jra_horse_results_20260809_36r.csv,f273b71097ed10f318e750bf57f0e441e98d5725bd21a742e6eb468c70dce99f
2026-08-09,札幌,1,2,マーズエクレール,6,6.0,COMPLETED,2.0,https://www.jra.go.jp/JRADB/accessS.html?CNAME=pw01sde0101202601060120260809/B1,outputs/audit_20260809_r2/jra_horse_results_20260809_36r.csv,f273b71097ed10f318e750bf57f0e441e98d5725bd21a742e6eb468c70dce99f
2026-08-09,札幌,1,3,シンゼンノト,5,5.0,COMPLETED,5.0,https://www.jra.go.jp/JRADB/accessS.html?CNAME=pw01sde0101202601060120260809/B1,outputs/audit_20260809_r2/jra_horse_results_20260809_36r.csv,f273b71097ed10f318e750bf57f0e441e98d5725bd21a742e6eb468c70dce99f
2026-08-09,札幌,1,4,エコロヴァルド,3,3.0,COMPLETED,9.0,https://www.jra.go.jp/JRADB/accessS.html?CNAME=pw01sde0101202601060120260809/B1,outputs/audit_20260809_r2/jra_horse_results_20260809_36r.csv,f273b71097ed10f318e750bf57f0e441e98d5725bd21a742e6eb468c70dce99f
2026-08-09,札幌,1,5,シャムスクッカ,7,7.0,COMPLETED,7.0,https://www.jra.go.jp/JRADB/accessS.html?CNAME=pw01sde0101202601060120260809/B1,outputs/audit_20260809_r2/jra_horse_results_20260809_36r.csv,f273b71097ed10f318e750bf57f0e441e98d5725bd21a742e6eb468c70dce99f
2026-08-09,札幌,1,6,イチゴワタアメ,12,12.0,COMPLETED,11.0,https://www.jra.go.jp/JRADB/accessS.html?CNAME=pw01sde0101202601060120260809/B1,outputs/audit_20260809_r2/jra_horse_results_20260809_36r.csv,f273b71097ed10f318e750bf57f0e441e98d5725bd21a742e6eb468c70dce99f
2026-08-09,札幌,1,7,カナデ,9,9.0,COMPLETED,10.0,https://www.jra.go.jp/JRADB/accessS.html?CNAME=pw01sde0101202601060120260809/B1,outputs/audit_20260809_r2/jra_horse_results_20260809_36r.csv,f273b71097ed10f318e750bf57f0e441e98d5725bd21a742e6eb468c70dce99f
2026-08-09,札幌,1,8,ヴァイタリズム,11,11.0,COMPLETED,4.0,https://www.jra.go.jp/JRADB/accessS.html?CNAME=pw01sde0101202601060120260809/B1,outputs/audit_20260809_r2/jra_horse_results_20260809_36r.csv,f273b71097ed10f318e750bf57f0e441e98d5725bd21a742e6eb468c70dce99f
2026-08-09,札幌,1,9,ハイビスカス,4,4.0,COMPLETED,6.0,https://www.jra.go.jp/JRADB/accessS.html?CNAME=pw01sde0101202601060120260809/B1,outputs/audit_20260809_r2/jra_horse_results_20260809_36r.csv,f273b71097ed10f318e750bf57f0e441e98d5725bd21a742e6eb468c70dce99f
2026-08-09,札幌,1,10,テムファイア,1,1.0,COMPLETED,3.0,https://www.jra.go.jp/JRADB/accessS.html?CNAME=pw01sde0101202601060120260809/B1,outputs/audit_20260809_r2/jra_horse_results_20260809_36r.csv,f273b71097ed10f318e750bf57f0e441e98d5725bd21a742e6eb468c70dce99f
2026-08-09,札幌,1,11,モーモーワン,8,8.0,COMPLETED,12.0,https://www.jra.go.jp/JRADB/accessS.html?CNAME=pw01sde0101202601060120260809/B1,outputs/audit_20260809_r2/jra_horse_results_20260809_36r.csv,f273b71097ed10f318e750bf57f0e441e98d5725bd21a742e6eb468c70dce99f
2026-08-09,札幌,1,12,サルトヴェローチェ,2,2.0,COMPLETED,1.0,https://www.jra.go.jp/JRADB/accessS.html?CNAME=pw01sde0101202601060120260809/B1,outputs/audit_20260809_r2/jra_horse_results_20260809_36r.csv,f273b71097ed10f318e750bf57f0e441e98d5725bd21a742e6eb468c70dce99f
2026-08-09,札幌,2,1,メイショウマドンナ,3,3.0,COMPLETED,5.0,https://www.jra.go.jp/JRADB/accessS.html?CNAME=pw01sde0101202601060220260809/66,outputs/audit_20260809_r2/jra_horse_results_20260809_36r.csv,f273b71097ed10f318e750bf57f0e441e98d5725bd21a742e6eb468c70dce99f
2026-08-09,札幌,2,2,フジコンフィデンス,9,9.0,COMPLETED,4.0,https://www.jra.go.jp/JRADB/accessS.html?CNAME=pw01sde0101202601060220260809/66,outputs/audit_20260809_r2/jra_horse_results_20260809_36r.csv,f273b71097ed10f318e750bf57f0e441e98d5725bd21a742e6eb468c70dce99f
2026-08-09,札幌,2,3,ケイベエ,10,10.0,COMPLETED,9.0,https://www.jra.go.jp/JRADB/accessS.html?CNAME=pw01sde0101202601060220260809/66,outputs/audit_20260809_r2/jra_horse_results_20260809_36r.csv,f273b71097ed10f318e750bf57f0e441e98d5725bd21a742e6eb468c70dce99f
2026-08-09,札幌,2,4,メイヨシュア,8,8.0,COMPLETED,10.0,https://www.jra.go.jp/JRADB/accessS.html?CNAME=pw01sde0101202601060220260809/66,outputs/audit_20260809_r2/jra_horse_results_20260809_36r.csv,f273b71097ed10f318e750bf57f0e441e98d5725bd21a742e6eb468c70dce99f
2026-08-09,札幌,2,5,スイーヴル,1,1.0,COMPLETED,1.0,https://www.jra.go.jp/JRADB/accessS.html?CNAME=pw01sde0101202601060220260809/66,outputs/audit_20260809_r2/jra_horse_results_20260809_36r.csv,f273b71097ed10f318e750bf57f0e441e98d5725bd21a742e6eb468c70dce99f
2026-08-09,札幌,2,6,カッサンドラ,6,6.0,COMPLETED,3.0,https://www.jra.go.jp/JRADB/accessS.html?CNAME=pw01sde0101202601060220260809/66,outputs/audit_20260809_r2/jra_horse_results_20260809_36r.csv,f273b71097ed10f318e750bf57f0e441e98d5725bd21a742e6eb468c70dce99f
2026-08-09,札幌,2,7,ラブデウザ,7,7.0,COMPLETED,7.0,https://www.jra.go.jp/JRADB/accessS.html?CNAME=pw01sde0101202601060220260809/66,outputs/audit_20260809_r2/jra_horse_results_20260809_36r.csv,f273b71097ed10f318e750bf57f0e441e98d5725bd21a742e6eb468c70dce99f
2026-08-09,札幌,2,8,ルクスドリーム,除外,,除外,,https://www.jra.go.jp/JRADB/accessS.html?CNAME=pw01sde0101202601060220260809/66,outputs/audit_20260809_r2/jra_horse_results_20260809_36r.csv,f273b71097ed10f318e750bf57f0e441e98d5725bd21a742e6eb468c70dce99f
2026-08-09,札幌,2,9,マーゴットオネイロ,2,2.0,COMPLETED,2.0,https://www.jra.go.jp/JRADB/accessS.html?CNAME=pw01sde0101202601060220260809/66,outputs/audit_20260809_r2/jra_horse_results_20260809_36r.csv,f273b71097ed10f318e750bf57f0e441e98d5725bd21a742e6eb468c70dce99f
2026-08-09,札幌,2,10,ハクサンレイホウ,5,5.0,COMPLETED,11.0,https://www.jra.go.jp/JRADB/accessS.html?CNAME=pw01sde0101202601060220260809/66,outputs/audit_20260809_r2/jra_horse_results_20260809_36r.csv,f273b71097ed10f318e750bf57f0e441e98d5725bd21a742e6eb468c70dce99f
2026-08-09,札幌,2,11,ロングフルスペック,4,4.0,COMPLETED,6.0,https://www.jra.go.jp/JRADB/accessS.html?CNAME=pw01sde0101202601060220260809/66,outputs/audit_20260809_r2/jra_horse_results_20260809_36r.csv,f273b71097ed10f318e750bf57f0e441e98d5725bd21a742e6eb468c70dce99f
2026-08-09,札幌,2,12,テリオスルミ,11,11.0,COMPLETED,8.0,https://www.jra.go.jp/JRADB/accessS.html?CNAME=pw01sde0101202601060220260809/66,outputs/audit_20260809_r2/jra_horse_results_20260809_36r.csv,f273b71097ed10f318e750bf57f0e441e98d5725bd21a742e6eb468c70dce99f
2026-08-09,札幌,3,1,エオアリイ,5,5.0,COMPLETED,6.0,https://www.jra.go.jp/JRADB/accessS.html?CNAME=pw01sde0101202601060320260809/1B,outputs/audit_20260809_r2/jra_horse_results_20260809_36r.csv,f273b71097ed10f318e750bf57f0e441e98d5725bd21a742e6eb468c70dce99f
2026-08-09,札幌,3,2,グランツローゼ,9,9.0,COMPLETED,10.0,https://www.jra.go.jp/JRADB/accessS.html?CNAME=pw01sde0101202601060320260809/1B,outputs/audit_20260809_r2/jra_horse_results_20260809_36r.csv,f273b71097ed10f318e750bf57f0e441e98d5725bd21a742e6eb468c70dce99f
2026-08-09,札幌,3,3,マテンロウゼロ,6,6.0,COMPLETED,4.0,https://www.jra.go.jp/JRADB/accessS.html?CNAME=pw01sde0101202601060320260809/1B,outputs/audit_20260809_r2/jra_horse_results_20260809_36r.csv,f273b71097ed10f318e750bf57f0e441e98d5725bd21a742e6eb468c70dce99f
2026-08-09,札幌,3,4,レジェンドシップ,1,1.0,COMPLETED,2.0,https://www.jra.go.jp/JRADB/accessS.html?CNAME=pw01sde0101202601060320260809/1B,outputs/audit_20260809_r2/jra_horse_results_20260809_36r.csv,f273b71097ed10f318e750bf57f0e441e98d5725bd21a742e6eb468c70dce99f
2026-08-09,札幌,3,5,デルシエロ,4,4.0,COMPLETED,3.0,https://www.jra.go.jp/JRADB/accessS.html?CNAME=pw01sde0101202601060320260809/1B,outputs/audit_20260809_r2/jra_horse_results_20260809_36r.csv,f273b71097ed10f318e750bf57f0e441e98d5725bd21a742e6eb468c70dce99f
2026-08-09,札幌,3,6,サウンドサンライズ,8,8.0,COMPLETED,5.0,https://www.jra.go.jp/JRADB/accessS.html?CNAME=pw01sde0101202601060320260809/1B,outputs/audit_20260809_r2/jra_horse_results_20260809_36r.csv,f273b71097ed10f318e750bf57f0e441e98d5725bd21a742e6eb468c70dce99f
2026-08-09,札幌,3,7,ストラニエーロ,10,10.0,COMPLETED,8.0,https://www.jra.go.jp/JRADB/accessS.html?CNAME=pw01sde0101202601060320260809/1B,outputs/audit_20260809_r2/jra_horse_results_20260809_36r.csv,f273b71097ed10f318e750bf57f0e441e98d5725bd21a742e6eb468c70dce99f
2026-08-09,札幌,3,8,ピティロディア,7,7.0,COMPLETED,9.0,https://www.jra.go.jp/JRADB/accessS.html?CNAME=pw01sde0101202601060320260809/1B,outputs/audit_20260809_r2/jra_horse_results_20260809_36r.csv,f273b71097ed10f318e750bf57f0e441e98d5725bd21a742e6eb468c70dce99f
2026-08-09,札幌,3,9,エイカイコバチ,3,3.0,COMPLETED,7.0,https://www.jra.go.jp/JRADB/accessS.html?CNAME=pw01sde0101202601060320260809/1B,outputs/audit_20260809_r2/jra_horse_results_20260809_36r.csv,f273b71097ed10f318e750bf57f0e441e98d5725bd21a742e6eb468c70dce99f
2026-08-09,札幌,3,10,メイショウテンク,2,2.0,COMPLETED,1.0,https://www.jra.go.jp/JRADB/accessS.html?CNAME=pw01sde0101202601060320260809/1B,outputs/audit_20260809_r2/jra_horse_results_20260809_36r.csv,f273b71097ed10f318e750bf57f0e441e98d5725bd21a742e6eb468c70dce99f
2026-08-09,札幌,4,1,ロジクリスエス,6,6.0,COMPLETED,9.0,https://www.jra.go.jp/JRADB/accessS.html?CNAME=pw01sde0101202601060420260809/D0,outputs/audit_20260809_r2/jra_horse_results_20260809_36r.csv,f273b71097ed10f318e750bf57f0e441e98d5725bd21a742e6eb468c70dce99f
2026-08-09,札幌,4,2,コサージュ,13,13.0,COMPLETED,10.0,https://www.jra.go.jp/JRADB/accessS.html?CNAME=pw01sde0101202601060420260809/D0,outputs/audit_20260809_r2/jra_horse_results_20260809_36r.csv,f273b71097ed10f318e750bf57f0e441e98d5725bd21a742e6eb468c70dce99f
2026-08-09,札幌,4,3,オルビスケリー,14,14.0,COMPLETED,11.0,https://www.jra.go.jp/JRADB/accessS.html?CNAME=pw01sde0101202601060420260809/D0,outputs/audit_20260809_r2/jra_horse_results_20260809_36r.csv,f273b71097ed10f318e750bf57f0e441e98d5725bd21a742e6eb468c70dce99f
2026-08-09,札幌,4,4,マイネルトレマーズ,7,7.0,COMPLETED,5.0,https://www.jra.go.jp/JRADB/accessS.html?CNAME=pw01sde0101202601060420260809/D0,outputs/audit_20260809_r2/jra_horse_results_20260809_36r.csv,f273b71097ed10f318e750bf57f0e441e98d5725bd21a742e6eb468c70dce99f
2026-08-09,札幌,4,5,サクセスブルー,3,3.0,COMPLETED,7.0,https://www.jra.go.jp/JRADB/accessS.html?CNAME=pw01sde0101202601060420260809/D0,outputs/audit_20260809_r2/jra_horse_results_20260809_36r.csv,f273b71097ed10f318e750bf57f0e441e98d5725bd21a742e6eb468c70dce99f
2026-08-09,札幌,4,6,メイショウセンドウ,2,2.0,COMPLETED,3.0,https://www.jra.go.jp/JRADB/accessS.html?CNAME=pw01sde0101202601060420260809/D0,outputs/audit_20260809_r2/jra_horse_results_20260809_36r.csv,f273b71097ed10f318e750bf57f0e441e98d5725bd21a742e6eb468c70dce99f
2026-08-09,札幌,4,7,ブルーメンフェスト,10,10.0,COMPLETED,14.0,https://www.jra.go.jp/JRADB/accessS.html?CNAME=pw01sde0101202601060420260809/D0,outputs/audit_20260809_r2/jra_horse_results_20260809_36r.csv,f273b71097ed10f318e750bf57f0e441e98d5725bd21a742e6eb468c70dce99f
2026-08-09,札幌,4,8,メイショウノヴァス,5,5.0,COMPLETED,6.0,https://www.jra.go.jp/JRADB/accessS.html?CNAME=pw01sde0101202601060420260809/D0,outputs/audit_20260809_r2/jra_horse_results_20260809_36r.csv,f273b71097ed10f318e750bf57f0e441e98d5725bd21a742e6eb468c70dce99f
2026-08-09,札幌,4,9,ホウオウファラオ,4,4.0,COMPLETED,2.0,https://www.jra.go.jp/JRADB/accessS.html?CNAME=pw01sde0101202601060420260809/D0,outputs/audit_20260809_r2/jra_horse_results_20260809_36r.csv,f273b71097ed10f318e750bf57f0e441e98d5725bd21a742e6eb468c70dce99f
2026-08-09,札幌,4,10,バンダムソレール,1,1.0,COMPLETED,1.0,https://www.jra.go.jp/JRADB/accessS.html?CNAME=pw01sde0101202601060420260809/D0,outputs/audit_20260809_r2/jra_horse_results_20260809_36r.csv,f273b71097ed10f318e750bf57f0e441e98d5725bd21a742e6eb468c70dce99f
2026-08-09,札幌,4,11,サクセスゴールド,8,8.0,COMPLETED,4.0,https://www.jra.go.jp/JRADB/accessS.html?CNAME=pw01sde0101202601060420260809/D0,outputs/audit_20260809_r2/jra_horse_results_20260809_36r.csv,f273b71097ed10f318e750bf57f0e441e98d5725bd21a742e6eb468c70dce99f
2026-08-09,札幌,4,12,シーンオブドリーム,11,11.0,COMPLETED,8.0,https://www.jra.go.jp/JRADB/accessS.html?CNAME=pw01sde0101202601060420260809/D0,outputs/audit_20260809_r2/jra_horse_results_20260809_36r.csv,f273b71097ed10f318e750bf57f0e441e98d5725bd21a742e6eb468c70dce99f
2026-08-09,札幌,4,13,カプリースカラー,12,12.0,COMPLETED,13.0,https://www.jra.go.jp/JRADB/accessS.html?CNAME=pw01sde0101202601060420260809/D0,outputs/audit_20260809_r2/jra_horse_results_20260809_36r.csv,f273b71097ed10f318e750bf57f0e441e98d5725bd21a742e6eb468c70dce99f
2026-08-09,札幌,4,14,スナークホクサイ,9,9.0,COMPLETED,12.0,https://www.jra.go.jp/JRADB/accessS.html?CNAME=pw01sde0101202601060420260809/D0,outputs/audit_20260809_r2/jra_horse_results_20260809_36r.csv,f273b71097ed10f318e750bf57f0e441e98d5725bd21a742e6eb468c70dce99f
2026-08-09,札幌,5,1,ガザニア,12,12.0,COMPLETED,4.0,https://www.jra.go.jp/JRADB/accessS.html?CNAME=pw01sde0101202601060520260809/85,outputs/audit_20260809_r2/jra_horse_results_20260809_36r.csv,f273b71097ed10f318e750bf57f0e441e98d5725bd21a742e6eb468c70dce99f
2026-08-09,札幌,5,2,アブリコース,13,13.0,COMPLETED,5.0,https://www.jra.go.jp/JRADB/accessS.html?CNAME=pw01sde0101202601060520260809/85,outputs/audit_20260809_r2/jra_horse_results_20260809_36r.csv,f273b71097ed10f318e750bf57f0e441e98d5725bd21a742e6eb468c70dce99f
2026-08-09,札幌,5,3,アスコットペスカ,11,11.0,COMPLETED,13.0,https://www.jra.go.jp/JRADB/accessS.html?CNAME=pw01sde0101202601060520260809/85,outputs/audit_20260809_r2/jra_horse_results_20260809_36r.csv,f273b71097ed10f318e750bf57f0e441e98d5725bd21a742e6eb468c70dce99f
2026-08-09,札幌,5,4,ヌーベルフィズ,7,7.0,COMPLETED,6.0,https://www.jra.go.jp/JRADB/accessS.html?CNAME=pw01sde0101202601060520260809/85,outputs/audit_20260809_r2/jra_horse_results_20260809_36r.csv,f273b71097ed10f318e750bf57f0e441e98d5725bd21a742e6eb468c70dce99f
2026-08-09,札幌,5,5,チェッリーニ,8,8.0,COMPLETED,11.0,https://www.jra.go.jp/JRADB/accessS.html?CNAME=pw01sde0101202601060520260809/85,outputs/audit_20260809_r2/jra_horse_results_20260809_36r.csv,f273b71097ed10f318e750bf57f0e441e98d5725bd21a742e6eb468c70dce99f
2026-08-09,札幌,5,6,ソーハッピー,4,4.0,COMPLETED,10.0,https://www.jra.go.jp/JRADB/accessS.html?CNAME=pw01sde0101202601060520260809/85,outputs/audit_20260809_r2/jra_horse_results_20260809_36r.csv,f273b71097ed10f318e750bf57f0e441e98d5725bd21a742e6eb468c70dce99f
2026-08-09,札幌,5,7,ルイスイメル,10,10.0,COMPLETED,7.0,https://www.jra.go.jp/JRADB/accessS.html?CNAME=pw01sde0101202601060520260809/85,outputs/audit_20260809_r2/jra_horse_results_20260809_36r.csv,f273b71097ed10f318e750bf57f0e441e98d5725bd21a742e6eb468c70dce99f
2026-08-09,札幌,5,8,インサイドストーム,9,9.0,COMPLETED,12.0,https://www.jra.go.jp/JRADB/accessS.html?CNAME=pw01sde0101202601060520260809/85,outputs/audit_20260809_r2/jra_horse_results_20260809_36r.csv,f273b71097ed10f318e750bf57f0e441e98d5725bd21a742e6eb468c70dce99f
2026-08-09,札幌,5,9,バタフライ,6,6.0,COMPLETED,9.0,https://www.jra.go.jp/JRADB/accessS.html?CNAME=pw01sde0101202601060520260809/85,outputs/audit_20260809_r2/jra_horse_results_20260809_36r.csv,f273b71097ed10f318e750bf57f0e441e98d5725bd21a742e6eb468c70dce99f
2026-08-09,札幌,5,10,アヴレディール,3,3.0,COMPLETED,8.0,https://www.jra.go.jp/JRADB/accessS.html?CNAME=pw01sde0101202601060520260809/85,outputs/audit_20260809_r2/jra_horse_results_20260809_36r.csv,f273b71097ed10f318e750bf57f0e441e98d5725bd21a742e6eb468c70dce99f
2026-08-09,札幌,5,11,ウィエダンド,1,1.0,COMPLETED,1.0,https://www.jra.go.jp/JRADB/accessS.html?CNAME=pw01sde0101202601060520260809/85,outputs/audit_20260809_r2/jra_horse_results_20260809_36r.csv,f273b71097ed10f318e750bf57f0e441e98d5725bd21a742e6eb468c70dce99f
2026-08-09,札幌,5,12,セイレイカ,5,5.0,COMPLETED,2.0,https://www.jra.go.jp/JRADB/accessS.html?CNAME=pw01sde0101202601060520260809/85,outputs/audit_20260809_r2/jra_horse_results_20260809_36r.csv,f273b71097ed10f318e750bf57f0e441e98d5725bd21a742e6eb468c70dce99f
2026-08-09,札幌,5,13,フォルトゥナロッサ,2,2.0,COMPLETED,3.0,https://www.jra.go.jp/JRADB/accessS.html?CNAME=pw01sde0101202601060520260809/85,outputs/audit_20260809_r2/jra_horse_results_20260809_36r.csv,f273b71097ed10f318e750bf57f0e441e98d5725bd21a742e6eb468c70dce99f
2026-08-09,札幌,6,1,ダイナソーコー,7,7.0,COMPLETED,9.0,https://www.jra.go.jp/JRADB/accessS.html?CNAME=pw01sde0101202601060620260809/3A,outputs/audit_20260809_r2/jra_horse_results_20260809_36r.csv,f273b71097ed10f318e750bf57f0e441e98d5725bd21a742e6eb468c70dce99f
2026-08-09,札幌,6,2,マジックファイヤー,6,6.0,COMPLETED,10.0,https://www.jra.go.jp/JRADB/accessS.html?CNAME=pw01sde0101202601060620260809/3A,outputs/audit_20260809_r2/jra_horse_results_20260809_36r.csv,f273b71097ed10f318e750bf57f0e441e98d5725bd21a742e6eb468c70dce99f
2026-08-09,札幌,6,3,エコロゼルダ,10,10.0,COMPLETED,12.0,https://www.jra.go.jp/JRADB/accessS.html?CNAME=pw01sde0101202601060620260809/3A,outputs/audit_20260809_r2/jra_horse_results_20260809_36r.csv,f273b71097ed10f318e750bf57f0e441e98d5725bd21a742e6eb468c70dce99f
2026-08-09,札幌,6,4,ブリックアブラック,13,13.0,COMPLETED,11.0,https://www.jra.go.jp/JRADB/accessS.html?CNAME=pw01sde0101202601060620260809/3A,outputs/audit_20260809_r2/jra_horse_results_20260809_36r.csv,f273b71097ed10f318e750bf57f0e441e98d5725bd21a742e6eb468c70dce99f
2026-08-09,札幌,6,5,タビニュ,3,3.0,COMPLETED,5.0,https://www.jra.go.jp/JRADB/accessS.html?CNAME=pw01sde0101202601060620260809/3A,outputs/audit_20260809_r2/jra_horse_results_20260809_36r.csv,f273b71097ed10f318e750bf57f0e441e98d5725bd21a742e6eb468c70dce99f
2026-08-09,札幌,6,6,ハバタクジユウニ,9,9.0,COMPLETED,14.0,https://www.jra.go.jp/JRADB/accessS.html?CNAME=pw01sde0101202601060620260809/3A,outputs/audit_20260809_r2/jra_horse_results_20260809_36r.csv,f273b71097ed10f318e750bf57f0e441e98d5725bd21a742e6eb468c70dce99f
2026-08-09,札幌,6,7,ヘイジュード,5,5.0,COMPLETED,1.0,https://www.jra.go.jp/JRADB/accessS.html?CNAME=pw01sde0101202601060620260809/3A,outputs/audit_20260809_r2/jra_horse_results_20260809_36r.csv,f273b71097ed10f318e750bf57f0e441e98d5725bd21a742e6eb468c70dce99f
2026-08-09,札幌,6,8,ミカレオス,14,14.0,COMPLETED,13.0,https://www.jra.go.jp/JRADB/accessS.html?CNAME=pw01sde0101202601060620260809/3A,outputs/audit_20260809_r2/jra_horse_results_20260809_36r.csv,f273b71097ed10f318e750bf57f0e441e98d5725bd21a742e6eb468c70dce99f
2026-08-09,札幌,6,9,フォーチュンローズ,11,11.0,COMPLETED,7.0,https://www.jra.go.jp/JRADB/accessS.html?CNAME=pw01sde0101202601060620260809/3A,outputs/audit_20260809_r2/jra_horse_results_20260809_36r.csv,f273b71097ed10f318e750bf57f0e441e98d5725bd21a742e6eb468c70dce99f
2026-08-09,札幌,6,10,シャンドラファール,2,2.0,COMPLETED,4.0,https://www.jra.go.jp/JRADB/accessS.html?CNAME=pw01sde0101202601060620260809/3A,outputs/audit_20260809_r2/jra_horse_results_20260809_36r.csv,f273b71097ed10f318e750bf57f0e441e98d5725bd21a742e6eb468c70dce99f
2026-08-09,札幌,6,11,ドンテスタマスター,1,1.0,COMPLETED,2.0,https://www.jra.go.jp/JRADB/accessS.html?CNAME=pw01sde0101202601060620260809/3A,outputs/audit_20260809_r2/jra_horse_results_20260809_36r.csv,f273b71097ed10f318e750bf57f0e441e98d5725bd21a742e6eb468c70dce99f
2026-08-09,札幌,6,12,ラッキーシグネチャ,8,8.0,COMPLETED,6.0,https://www.jra.go.jp/JRADB/accessS.html?CNAME=pw01sde0101202601060620260809/3A,outputs/audit_20260809_r2/jra_horse_results_20260809_36r.csv,f273b71097ed10f318e750bf57f0e441e98d5725bd21a742e6eb468c70dce99f
2026-08-09,札幌,6,13,テイエムプレミラン,12,12.0,COMPLETED,8.0,https://www.jra.go.jp/JRADB/accessS.html?CNAME=pw01sde0101202601060620260809/3A,outputs/audit_20260809_r2/jra_horse_results_20260809_36r.csv,f273b71097ed10f318e750bf57f0e441e98d5725bd21a742e6eb468c70dce99f
2026-08-09,札幌,6,14,ギオンバヤシ,4,4.0,COMPLETED,3.0,https://www.jra.go.jp/JRADB/accessS.html?CNAME=pw01sde0101202601060620260809/3A,outputs/audit_20260809_r2/jra_horse_results_20260809_36r.csv,f273b71097ed10f318e750bf57f0e441e98d5725bd21a742e6eb468c70dce99f
2026-08-09,札幌,7,1,グランフルス,10,10.0,COMPLETED,11.0,https://www.jra.go.jp/JRADB/accessS.html?CNAME=pw01sde0101202601060720260809/EF,outputs/audit_20260809_r2/jra_horse_results_20260809_36r.csv,f273b71097ed10f318e750bf57f0e441e98d5725bd21a742e6eb468c70dce99f
2026-08-09,札幌,7,2,オートカリテ,14,14.0,COMPLETED,7.0,https://www.jra.go.jp/JRADB/accessS.html?CNAME=pw01sde0101202601060720260809/EF,outputs/audit_20260809_r2/jra_horse_results_20260809_36r.csv,f273b71097ed10f318e750bf57f0e441e98d5725bd21a742e6eb468c70dce99f
2026-08-09,札幌,7,3,デルマフジ,2,2.0,COMPLETED,2.0,https://www.jra.go.jp/JRADB/accessS.html?CNAME=pw01sde0101202601060720260809/EF,outputs/audit_20260809_r2/jra_horse_results_20260809_36r.csv,f273b71097ed10f318e750bf57f0e441e98d5725bd21a742e6eb468c70dce99f
2026-08-09,札幌,7,4,トリニタリオ,1,1.0,COMPLETED,1.0,https://www.jra.go.jp/JRADB/accessS.html?CNAME=pw01sde0101202601060720260809/EF,outputs/audit_20260809_r2/jra_horse_results_20260809_36r.csv,f273b71097ed10f318e750bf57f0e441e98d5725bd21a742e6eb468c70dce99f
2026-08-09,札幌,7,5,フローレンスフーガ,4,4.0,COMPLETED,4.0,https://www.jra.go.jp/JRADB/accessS.html?CNAME=pw01sde0101202601060720260809/EF,outputs/audit_20260809_r2/jra_horse_results_20260809_36r.csv,f273b71097ed10f318e750bf57f0e441e98d5725bd21a742e6eb468c70dce99f
2026-08-09,札幌,7,6,ショウナンアワード,8,8.0,COMPLETED,10.0,https://www.jra.go.jp/JRADB/accessS.html?CNAME=pw01sde0101202601060720260809/EF,outputs/audit_20260809_r2/jra_horse_results_20260809_36r.csv,f273b71097ed10f318e750bf57f0e441e98d5725bd21a742e6eb468c70dce99f
2026-08-09,札幌,7,7,メイショウローゼ,3,3.0,COMPLETED,3.0,https://www.jra.go.jp/JRADB/accessS.html?CNAME=pw01sde0101202601060720260809/EF,outputs/audit_20260809_r2/jra_horse_results_20260809_36r.csv,f273b71097ed10f318e750bf57f0e441e98d5725bd21a742e6eb468c70dce99f
2026-08-09,札幌,7,8,シークレットシティ,7,7.0,COMPLETED,8.0,https://www.jra.go.jp/JRADB/accessS.html?CNAME=pw01sde0101202601060720260809/EF,outputs/audit_20260809_r2/jra_horse_results_20260809_36r.csv,f273b71097ed10f318e750bf57f0e441e98d5725bd21a742e6eb468c70dce99f
2026-08-09,札幌,7,9,ウインアトム,13,13.0,COMPLETED,14.0,https://www.jra.go.jp/JRADB/accessS.html?CNAME=pw01sde0101202601060720260809/EF,outputs/audit_20260809_r2/jra_horse_results_20260809_36r.csv,f273b71097ed10f318e750bf57f0e441e98d5725bd21a742e6eb468c70dce99f
2026-08-09,札幌,7,10,エイシンリーガル,5,5.0,COMPLETED,12.0,https://www.jra.go.jp/JRADB/accessS.html?CNAME=pw01sde0101202601060720260809/EF,outputs/audit_20260809_r2/jra_horse_results_20260809_36r.csv,f273b71097ed10f318e750bf57f0e441e98d5725bd21a742e6eb468c70dce99f
2026-08-09,札幌,7,11,ウインブリザード,12,12.0,COMPLETED,13.0,https://www.jra.go.jp/JRADB/accessS.html?CNAME=pw01sde0101202601060720260809/EF,outputs/audit_20260809_r2/jra_horse_results_20260809_36r.csv,f273b71097ed10f318e750bf57f0e441e98d5725bd21a742e6eb468c70dce99f
2026-08-09,札幌,7,12,ピースフルマインド,9,9.0,COMPLETED,6.0,https://www.jra.go.jp/JRADB/accessS.html?CNAME=pw01sde0101202601060720260809/EF,outputs/audit_20260809_r2/jra_horse_results_20260809_36r.csv,f273b71097ed10f318e750bf57f0e441e98d5725bd21a742e6eb468c70dce99f
2026-08-09,札幌,7,13,ハートチャン,15,15.0,COMPLETED,15.0,https://www.jra.go.jp/JRADB/accessS.html?CNAME=pw01sde0101202601060720260809/EF,outputs/audit_20260809_r2/jra_horse_results_20260809_36r.csv,f273b71097ed10f318e750bf57f0e441e98d5725bd21a742e6eb468c70dce99f
2026-08-09,札幌,7,14,メイショウハーブス,11,11.0,COMPLETED,9.0,https://www.jra.go.jp/JRADB/accessS.html?CNAME=pw01sde0101202601060720260809/EF,outputs/audit_20260809_r2/jra_horse_results_20260809_36r.csv,f273b71097ed10f318e750bf57f0e441e98d5725bd21a742e6eb468c70dce99f
2026-08-09,札幌,7,15,レフィノス,16,16.0,COMPLETED,16.0,https://www.jra.go.jp/JRADB/accessS.html?CNAME=pw01sde0101202601060720260809/EF,outputs/audit_20260809_r2/jra_horse_results_20260809_36r.csv,f273b71097ed10f318e750bf57f0e441e98d5725bd21a742e6eb468c70dce99f
2026-08-09,札幌,7,16,ミリオングローリー,6,6.0,COMPLETED,5.0,https://www.jra.go.jp/JRADB/accessS.html?CNAME=pw01sde0101202601060720260809/EF,outputs/audit_20260809_r2/jra_horse_results_20260809_36r.csv,f273b71097ed10f318e750bf57f0e441e98d5725bd21a742e6eb468c70dce99f
2026-08-09,札幌,8,1,タイキフィアリーベ,5,5.0,COMPLETED,8.0,https://www.jra.go.jp/JRADB/accessS.html?CNAME=pw01sde0101202601060820260809/A4,outputs/audit_20260809_r2/jra_horse_results_20260809_36r.csv,f273b71097ed10f318e750bf57f0e441e98d5725bd21a742e6eb468c70dce99f
2026-08-09,札幌,8,2,ファミーユウルーズ,11,11.0,COMPLETED,14.0,https://www.jra.go.jp/JRADB/accessS.html?CNAME=pw01sde0101202601060820260809/A4,outputs/audit_20260809_r2/jra_horse_results_20260809_36r.csv,f273b71097ed10f318e750bf57f0e441e98d5725bd21a742e6eb468c70dce99f
2026-08-09,札幌,8,3,ノリノドラゴン,10,10.0,COMPLETED,13.0,https://www.jra.go.jp/JRADB/accessS.html?CNAME=pw01sde0101202601060820260809/A4,outputs/audit_20260809_r2/jra_horse_results_20260809_36r.csv,f273b71097ed10f318e750bf57f0e441e98d5725bd21a742e6eb468c70dce99f
2026-08-09,札幌,8,4,ホノボノ,13,13.0,COMPLETED,12.0,https://www.jra.go.jp/JRADB/accessS.html?CNAME=pw01sde0101202601060820260809/A4,outputs/audit_20260809_r2/jra_horse_results_20260809_36r.csv,f273b71097ed10f318e750bf57f0e441e98d5725bd21a742e6eb468c70dce99f
2026-08-09,札幌,8,5,メイショウコシュウ,2,2.0,COMPLETED,4.0,https://www.jra.go.jp/JRADB/accessS.html?CNAME=pw01sde0101202601060820260809/A4,outputs/audit_20260809_r2/jra_horse_results_20260809_36r.csv,f273b71097ed10f318e750bf57f0e441e98d5725bd21a742e6eb468c70dce99f
2026-08-09,札幌,8,6,ポンピエ,4,4.0,COMPLETED,3.0,https://www.jra.go.jp/JRADB/accessS.html?CNAME=pw01sde0101202601060820260809/A4,outputs/audit_20260809_r2/jra_horse_results_20260809_36r.csv,f273b71097ed10f318e750bf57f0e441e98d5725bd21a742e6eb468c70dce99f
2026-08-09,札幌,8,7,ピエナオルカ,8,8.0,COMPLETED,1.0,https://www.jra.go.jp/JRADB/accessS.html?CNAME=pw01sde0101202601060820260809/A4,outputs/audit_20260809_r2/jra_horse_results_20260809_36r.csv,f273b71097ed10f318e750bf57f0e441e98d5725bd21a742e6eb468c70dce99f
2026-08-09,札幌,8,8,テイクオンミー,3,3.0,COMPLETED,5.0,https://www.jra.go.jp/JRADB/accessS.html?CNAME=pw01sde0101202601060820260809/A4,outputs/audit_20260809_r2/jra_horse_results_20260809_36r.csv,f273b71097ed10f318e750bf57f0e441e98d5725bd21a742e6eb468c70dce99f
2026-08-09,札幌,8,9,クラウンアールシー,12,12.0,COMPLETED,11.0,https://www.jra.go.jp/JRADB/accessS.html?CNAME=pw01sde0101202601060820260809/A4,outputs/audit_20260809_r2/jra_horse_results_20260809_36r.csv,f273b71097ed10f318e750bf57f0e441e98d5725bd21a742e6eb468c70dce99f
2026-08-09,札幌,8,10,サンデーパーティー,14,14.0,COMPLETED,6.0,https://www.jra.go.jp/JRADB/accessS.html?CNAME=pw01sde0101202601060820260809/A4,outputs/audit_20260809_r2/jra_horse_results_20260809_36r.csv,f273b71097ed10f318e750bf57f0e441e98d5725bd21a742e6eb468c70dce99f
2026-08-09,札幌,8,11,ディアスポラ,7,7.0,COMPLETED,10.0,https://www.jra.go.jp/JRADB/accessS.html?CNAME=pw01sde0101202601060820260809/A4,outputs/audit_20260809_r2/jra_horse_results_20260809_36r.csv,f273b71097ed10f318e750bf57f0e441e98d5725bd21a742e6eb468c70dce99f
2026-08-09,札幌,8,12,ローズマイスター,1,1.0,COMPLETED,2.0,https://www.jra.go.jp/JRADB/accessS.html?CNAME=pw01sde0101202601060820260809/A4,outputs/audit_20260809_r2/jra_horse_results_20260809_36r.csv,f273b71097ed10f318e750bf57f0e441e98d5725bd21a742e6eb468c70dce99f
2026-08-09,札幌,8,13,ホウオウバローロ,6,6.0,COMPLETED,9.0,https://www.jra.go.jp/JRADB/accessS.html?CNAME=pw01sde0101202601060820260809/A4,outputs/audit_20260809_r2/jra_horse_results_20260809_36r.csv,f273b71097ed10f318e750bf57f0e441e98d5725bd21a742e6eb468c70dce99f
2026-08-09,札幌,8,14,ブリオメンテ,9,9.0,COMPLETED,7.0,https://www.jra.go.jp/JRADB/accessS.html?CNAME=pw01sde0101202601060820260809/A4,outputs/audit_20260809_r2/jra_horse_results_20260809_36r.csv,f273b71097ed10f318e750bf57f0e441e98d5725bd21a742e6eb468c70dce99f
2026-08-09,札幌,9,1,コスモファーブロス,3,3.0,COMPLETED,4.0,https://www.jra.go.jp/JRADB/accessS.html?CNAME=pw01sde0101202601060920260809/59,outputs/audit_20260809_r2/jra_horse_results_20260809_36r.csv,f273b71097ed10f318e750bf57f0e441e98d5725bd21a742e6eb468c70dce99f
2026-08-09,札幌,9,2,ニシノサリーナ,16,16.0,COMPLETED,1.0,https://www.jra.go.jp/JRADB/accessS.html?CNAME=pw01sde0101202601060920260809/59,outputs/audit_20260809_r2/jra_horse_results_20260809_36r.csv,f273b71097ed10f318e750bf57f0e441e98d5725bd21a742e6eb468c70dce99f
2026-08-09,札幌,9,3,アイアムステキ,11,11.0,COMPLETED,8.0,https://www.jra.go.jp/JRADB/accessS.html?CNAME=pw01sde0101202601060920260809/59,outputs/audit_20260809_r2/jra_horse_results_20260809_36r.csv,f273b71097ed10f318e750bf57f0e441e98d5725bd21a742e6eb468c70dce99f
2026-08-09,札幌,9,4,メラヴィリオーザ,12,12.0,COMPLETED,14.0,https://www.jra.go.jp/JRADB/accessS.html?CNAME=pw01sde0101202601060920260809/59,outputs/audit_20260809_r2/jra_horse_results_20260809_36r.csv,f273b71097ed10f318e750bf57f0e441e98d5725bd21a742e6eb468c70dce99f
2026-08-09,札幌,9,5,キタノクニカラ,15,15.0,COMPLETED,15.0,https://www.jra.go.jp/JRADB/accessS.html?CNAME=pw01sde0101202601060920260809/59,outputs/audit_20260809_r2/jra_horse_results_20260809_36r.csv,f273b71097ed10f318e750bf57f0e441e98d5725bd21a742e6eb468c70dce99f
2026-08-09,札幌,9,6,アトリウムチャペル,6,6.0,COMPLETED,7.0,https://www.jra.go.jp/JRADB/accessS.html?CNAME=pw01sde0101202601060920260809/59,outputs/audit_20260809_r2/jra_horse_results_20260809_36r.csv,f273b71097ed10f318e750bf57f0e441e98d5725bd21a742e6eb468c70dce99f
2026-08-09,札幌,9,7,スプリングデイ,8,8.0,COMPLETED,11.0,https://www.jra.go.jp/JRADB/accessS.html?CNAME=pw01sde0101202601060920260809/59,outputs/audit_20260809_r2/jra_horse_results_20260809_36r.csv,f273b71097ed10f318e750bf57f0e441e98d5725bd21a742e6eb468c70dce99f
2026-08-09,札幌,9,8,ハーモニーソング,13,13.0,COMPLETED,3.0,https://www.jra.go.jp/JRADB/accessS.html?CNAME=pw01sde0101202601060920260809/59,outputs/audit_20260809_r2/jra_horse_results_20260809_36r.csv,f273b71097ed10f318e750bf57f0e441e98d5725bd21a742e6eb468c70dce99f
2026-08-09,札幌,9,9,ラプランセス,4,4.0,COMPLETED,9.0,https://www.jra.go.jp/JRADB/accessS.html?CNAME=pw01sde0101202601060920260809/59,outputs/audit_20260809_r2/jra_horse_results_20260809_36r.csv,f273b71097ed10f318e750bf57f0e441e98d5725bd21a742e6eb468c70dce99f
2026-08-09,札幌,9,10,ルージュベルベット,1,1.0,COMPLETED,5.0,https://www.jra.go.jp/JRADB/accessS.html?CNAME=pw01sde0101202601060920260809/59,outputs/audit_20260809_r2/jra_horse_results_20260809_36r.csv,f273b71097ed10f318e750bf57f0e441e98d5725bd21a742e6eb468c70dce99f
2026-08-09,札幌,9,11,ウィングブルー,2,2.0,COMPLETED,2.0,https://www.jra.go.jp/JRADB/accessS.html?CNAME=pw01sde0101202601060920260809/59,outputs/audit_20260809_r2/jra_horse_results_20260809_36r.csv,f273b71097ed10f318e750bf57f0e441e98d5725bd21a742e6eb468c70dce99f
2026-08-09,札幌,9,12,マロンカラノテガミ,14,14.0,COMPLETED,16.0,https://www.jra.go.jp/JRADB/accessS.html?CNAME=pw01sde0101202601060920260809/59,outputs/audit_20260809_r2/jra_horse_results_20260809_36r.csv,f273b71097ed10f318e750bf57f0e441e98d5725bd21a742e6eb468c70dce99f
2026-08-09,札幌,9,13,アルマロクザン,10,10.0,COMPLETED,13.0,https://www.jra.go.jp/JRADB/accessS.html?CNAME=pw01sde0101202601060920260809/59,outputs/audit_20260809_r2/jra_horse_results_20260809_36r.csv,f273b71097ed10f318e750bf57f0e441e98d5725bd21a742e6eb468c70dce99f
2026-08-09,札幌,9,14,トレヴィ,5,5.0,COMPLETED,10.0,https://www.jra.go.jp/JRADB/accessS.html?CNAME=pw01sde0101202601060920260809/59,outputs/audit_20260809_r2/jra_horse_results_20260809_36r.csv,f273b71097ed10f318e750bf57f0e441e98d5725bd21a742e6eb468c70dce99f
2026-08-09,札幌,9,15,ノアールビーナス,7,7.0,COMPLETED,6.0,https://www.jra.go.jp/JRADB/accessS.html?CNAME=pw01sde0101202601060920260809/59,outputs/audit_20260809_r2/jra_horse_results_20260809_36r.csv,f273b71097ed10f318e750bf57f0e441e98d5725bd21a742e6eb468c70dce99f
2026-08-09,札幌,9,16,サトノカスターニャ,9,9.0,COMPLETED,12.0,https://www.jra.go.jp/JRADB/accessS.html?CNAME=pw01sde0101202601060920260809/59,outputs/audit_20260809_r2/jra_horse_results_20260809_36r.csv,f273b71097ed10f318e750bf57f0e441e98d5725bd21a742e6eb468c70dce99f
2026-08-09,札幌,10,1,マーゴットサンズ,5,5.0,COMPLETED,5.0,https://www.jra.go.jp/JRADB/accessS.html?CNAME=pw01sde0101202601061020260809/4E,outputs/audit_20260809_r2/jra_horse_results_20260809_36r.csv,f273b71097ed10f318e750bf57f0e441e98d5725bd21a742e6eb468c70dce99f
2026-08-09,札幌,10,2,テイエムゴッホ,12,12.0,COMPLETED,3.0,https://www.jra.go.jp/JRADB/accessS.html?CNAME=pw01sde0101202601061020260809/4E,outputs/audit_20260809_r2/jra_horse_results_20260809_36r.csv,f273b71097ed10f318e750bf57f0e441e98d5725bd21a742e6eb468c70dce99f
2026-08-09,札幌,10,3,プライベートアイズ,1,1.0,COMPLETED,4.0,https://www.jra.go.jp/JRADB/accessS.html?CNAME=pw01sde0101202601061020260809/4E,outputs/audit_20260809_r2/jra_horse_results_20260809_36r.csv,f273b71097ed10f318e750bf57f0e441e98d5725bd21a742e6eb468c70dce99f
2026-08-09,札幌,10,4,テルアスワッド,11,11.0,COMPLETED,10.0,https://www.jra.go.jp/JRADB/accessS.html?CNAME=pw01sde0101202601061020260809/4E,outputs/audit_20260809_r2/jra_horse_results_20260809_36r.csv,f273b71097ed10f318e750bf57f0e441e98d5725bd21a742e6eb468c70dce99f
2026-08-09,札幌,10,5,フォーワンセルフ,14,14.0,COMPLETED,13.0,https://www.jra.go.jp/JRADB/accessS.html?CNAME=pw01sde0101202601061020260809/4E,outputs/audit_20260809_r2/jra_horse_results_20260809_36r.csv,f273b71097ed10f318e750bf57f0e441e98d5725bd21a742e6eb468c70dce99f
2026-08-09,札幌,10,6,ストラーダ,13,13.0,COMPLETED,9.0,https://www.jra.go.jp/JRADB/accessS.html?CNAME=pw01sde0101202601061020260809/4E,outputs/audit_20260809_r2/jra_horse_results_20260809_36r.csv,f273b71097ed10f318e750bf57f0e441e98d5725bd21a742e6eb468c70dce99f
2026-08-09,札幌,10,7,マーウォルス,6,6.0,COMPLETED,7.0,https://www.jra.go.jp/JRADB/accessS.html?CNAME=pw01sde0101202601061020260809/4E,outputs/audit_20260809_r2/jra_horse_results_20260809_36r.csv,f273b71097ed10f318e750bf57f0e441e98d5725bd21a742e6eb468c70dce99f
2026-08-09,札幌,10,8,ベラジオワールド,3,3.0,COMPLETED,2.0,https://www.jra.go.jp/JRADB/accessS.html?CNAME=pw01sde0101202601061020260809/4E,outputs/audit_20260809_r2/jra_horse_results_20260809_36r.csv,f273b71097ed10f318e750bf57f0e441e98d5725bd21a742e6eb468c70dce99f
2026-08-09,札幌,10,9,レディゴディヴァ,8,8.0,COMPLETED,12.0,https://www.jra.go.jp/JRADB/accessS.html?CNAME=pw01sde0101202601061020260809/4E,outputs/audit_20260809_r2/jra_horse_results_20260809_36r.csv,f273b71097ed10f318e750bf57f0e441e98d5725bd21a742e6eb468c70dce99f
2026-08-09,札幌,10,10,リメンバーヒム,4,4.0,COMPLETED,8.0,https://www.jra.go.jp/JRADB/accessS.html?CNAME=pw01sde0101202601061020260809/4E,outputs/audit_20260809_r2/jra_horse_results_20260809_36r.csv,f273b71097ed10f318e750bf57f0e441e98d5725bd21a742e6eb468c70dce99f
2026-08-09,札幌,10,11,ウインハルモニア,7,7.0,COMPLETED,11.0,https://www.jra.go.jp/JRADB/accessS.html?CNAME=pw01sde0101202601061020260809/4E,outputs/audit_20260809_r2/jra_horse_results_20260809_36r.csv,f273b71097ed10f318e750bf57f0e441e98d5725bd21a742e6eb468c70dce99f
2026-08-09,札幌,10,12,チザルピーノ,10,10.0,COMPLETED,6.0,https://www.jra.go.jp/JRADB/accessS.html?CNAME=pw01sde0101202601061020260809/4E,outputs/audit_20260809_r2/jra_horse_results_20260809_36r.csv,f273b71097ed10f318e750bf57f0e441e98d5725bd21a742e6eb468c70dce99f
2026-08-09,札幌,10,13,タガノエルー,2,2.0,COMPLETED,1.0,https://www.jra.go.jp/JRADB/accessS.html?CNAME=pw01sde0101202601061020260809/4E,outputs/audit_20260809_r2/jra_horse_results_20260809_36r.csv,f273b71097ed10f318e750bf57f0e441e98d5725bd21a742e6eb468c70dce99f
2026-08-09,札幌,10,14,ネクストダンサー,9,9.0,COMPLETED,14.0,https://www.jra.go.jp/JRADB/accessS.html?CNAME=pw01sde0101202601061020260809/4E,outputs/audit_20260809_r2/jra_horse_results_20260809_36r.csv,f273b71097ed10f318e750bf57f0e441e98d5725bd21a742e6eb468c70dce99f
2026-08-09,札幌,11,1,クファシル,16,16.0,COMPLETED,13.0,https://www.jra.go.jp/JRADB/accessS.html?CNAME=pw01sde0101202601061120260809/03,outputs/audit_20260809_r2/jra_horse_results_20260809_36r.csv,f273b71097ed10f318e750bf57f0e441e98d5725bd21a742e6eb468c70dce99f
2026-08-09,札幌,11,2,アスティスプマンテ,3,3.0,COMPLETED,7.0,https://www.jra.go.jp/JRADB/accessS.html?CNAME=pw01sde0101202601061120260809/03,outputs/audit_20260809_r2/jra_horse_results_20260809_36r.csv,f273b71097ed10f318e750bf57f0e441e98d5725bd21a742e6eb468c70dce99f
2026-08-09,札幌,11,3,ブラックチャリス,6,6.0,COMPLETED,2.0,https://www.jra.go.jp/JRADB/accessS.html?CNAME=pw01sde0101202601061120260809/03,outputs/audit_20260809_r2/jra_horse_results_20260809_36r.csv,f273b71097ed10f318e750bf57f0e441e98d5725bd21a742e6eb468c70dce99f
2026-08-09,札幌,11,4,ステークホルダー,15,15.0,COMPLETED,16.0,https://www.jra.go.jp/JRADB/accessS.html?CNAME=pw01sde0101202601061120260809/03,outputs/audit_20260809_r2/jra_horse_results_20260809_36r.csv,f273b71097ed10f318e750bf57f0e441e98d5725bd21a742e6eb468c70dce99f
2026-08-09,札幌,11,5,ダノンマッキンリー,4,4.0,COMPLETED,8.0,https://www.jra.go.jp/JRADB/accessS.html?CNAME=pw01sde0101202601061120260809/03,outputs/audit_20260809_r2/jra_horse_results_20260809_36r.csv,f273b71097ed10f318e750bf57f0e441e98d5725bd21a742e6eb468c70dce99f
2026-08-09,札幌,11,6,シンバーシア,6,6.0,COMPLETED,11.0,https://www.jra.go.jp/JRADB/accessS.html?CNAME=pw01sde0101202601061120260809/03,outputs/audit_20260809_r2/jra_horse_results_20260809_36r.csv,f273b71097ed10f318e750bf57f0e441e98d5725bd21a742e6eb468c70dce99f
2026-08-09,札幌,11,7,ジョーメッドヴィン,8,8.0,COMPLETED,10.0,https://www.jra.go.jp/JRADB/accessS.html?CNAME=pw01sde0101202601061120260809/03,outputs/audit_20260809_r2/jra_horse_results_20260809_36r.csv,f273b71097ed10f318e750bf57f0e441e98d5725bd21a742e6eb468c70dce99f
2026-08-09,札幌,11,8,モズナナスター,11,11.0,COMPLETED,9.0,https://www.jra.go.jp/JRADB/accessS.html?CNAME=pw01sde0101202601061120260809/03,outputs/audit_20260809_r2/jra_horse_results_20260809_36r.csv,f273b71097ed10f318e750bf57f0e441e98d5725bd21a742e6eb468c70dce99f
2026-08-09,札幌,11,9,カンティーユ,14,14.0,COMPLETED,6.0,https://www.jra.go.jp/JRADB/accessS.html?CNAME=pw01sde0101202601061120260809/03,outputs/audit_20260809_r2/jra_horse_results_20260809_36r.csv,f273b71097ed10f318e750bf57f0e441e98d5725bd21a742e6eb468c70dce99f
2026-08-09,札幌,11,10,ナムラクララ,1,1.0,COMPLETED,1.0,https://www.jra.go.jp/JRADB/accessS.html?CNAME=pw01sde0101202601061120260809/03,outputs/audit_20260809_r2/jra_horse_results_20260809_36r.csv,f273b71097ed10f318e750bf57f0e441e98d5725bd21a742e6eb468c70dce99f
2026-08-09,札幌,11,11,ダンツエラン,12,12.0,COMPLETED,15.0,https://www.jra.go.jp/JRADB/accessS.html?CNAME=pw01sde0101202601061120260809/03,outputs/audit_20260809_r2/jra_horse_results_20260809_36r.csv,f273b71097ed10f318e750bf57f0e441e98d5725bd21a742e6eb468c70dce99f
2026-08-09,札幌,11,12,サウザンサニー,10,10.0,COMPLETED,12.0,https://www.jra.go.jp/JRADB/accessS.html?CNAME=pw01sde0101202601061120260809/03,outputs/audit_20260809_r2/jra_horse_results_20260809_36r.csv,f273b71097ed10f318e750bf57f0e441e98d5725bd21a742e6eb468c70dce99f
2026-08-09,札幌,11,13,ルシード,2,2.0,COMPLETED,3.0,https://www.jra.go.jp/JRADB/accessS.html?CNAME=pw01sde0101202601061120260809/03,outputs/audit_20260809_r2/jra_horse_results_20260809_36r.csv,f273b71097ed10f318e750bf57f0e441e98d5725bd21a742e6eb468c70dce99f
2026-08-09,札幌,11,14,マーブルパレス,9,9.0,COMPLETED,4.0,https://www.jra.go.jp/JRADB/accessS.html?CNAME=pw01sde0101202601061120260809/03,outputs/audit_20260809_r2/jra_horse_results_20260809_36r.csv,f273b71097ed10f318e750bf57f0e441e98d5725bd21a742e6eb468c70dce99f
2026-08-09,札幌,11,15,ウインアイオライト,13,13.0,COMPLETED,14.0,https://www.jra.go.jp/JRADB/accessS.html?CNAME=pw01sde0101202601061120260809/03,outputs/audit_20260809_r2/jra_horse_results_20260809_36r.csv,f273b71097ed10f318e750bf57f0e441e98d5725bd21a742e6eb468c70dce99f
2026-08-09,札幌,11,16,ロードフォアエース,5,5.0,COMPLETED,5.0,https://www.jra.go.jp/JRADB/accessS.html?CNAME=pw01sde0101202601061120260809/03,outputs/audit_20260809_r2/jra_horse_results_20260809_36r.csv,f273b71097ed10f318e750bf57f0e441e98d5725bd21a742e6eb468c70dce99f
2026-08-09,札幌,12,1,マイネルシンベリン,3,3.0,COMPLETED,2.0,https://www.jra.go.jp/JRADB/accessS.html?CNAME=pw01sde0101202601061220260809/B8,outputs/audit_20260809_r2/jra_horse_results_20260809_36r.csv,f273b71097ed10f318e750bf57f0e441e98d5725bd21a742e6eb468c70dce99f
2026-08-09,札幌,12,2,ロングミックス,4,4.0,COMPLETED,3.0,https://www.jra.go.jp/JRADB/accessS.html?CNAME=pw01sde0101202601061220260809/B8,outputs/audit_20260809_r2/jra_horse_results_20260809_36r.csv,f273b71097ed10f318e750bf57f0e441e98d5725bd21a742e6eb468c70dce99f
2026-08-09,札幌,12,3,ゴーゴータカシ,8,8.0,COMPLETED,7.0,https://www.jra.go.jp/JRADB/accessS.html?CNAME=pw01sde0101202601061220260809/B8,outputs/audit_20260809_r2/jra_horse_results_20260809_36r.csv,f273b71097ed10f318e750bf57f0e441e98d5725bd21a742e6eb468c70dce99f
2026-08-09,札幌,12,4,グレーヌドジョワ,1,1.0,COMPLETED,4.0,https://www.jra.go.jp/JRADB/accessS.html?CNAME=pw01sde0101202601061220260809/B8,outputs/audit_20260809_r2/jra_horse_results_20260809_36r.csv,f273b71097ed10f318e750bf57f0e441e98d5725bd21a742e6eb468c70dce99f
2026-08-09,札幌,12,5,グランセゾン,2,2.0,COMPLETED,6.0,https://www.jra.go.jp/JRADB/accessS.html?CNAME=pw01sde0101202601061220260809/B8,outputs/audit_20260809_r2/jra_horse_results_20260809_36r.csv,f273b71097ed10f318e750bf57f0e441e98d5725bd21a742e6eb468c70dce99f
2026-08-09,札幌,12,6,ドーギッド,5,5.0,COMPLETED,8.0,https://www.jra.go.jp/JRADB/accessS.html?CNAME=pw01sde0101202601061220260809/B8,outputs/audit_20260809_r2/jra_horse_results_20260809_36r.csv,f273b71097ed10f318e750bf57f0e441e98d5725bd21a742e6eb468c70dce99f
2026-08-09,札幌,12,7,ディーリライズ,6,6.0,COMPLETED,5.0,https://www.jra.go.jp/JRADB/accessS.html?CNAME=pw01sde0101202601061220260809/B8,outputs/audit_20260809_r2/jra_horse_results_20260809_36r.csv,f273b71097ed10f318e750bf57f0e441e98d5725bd21a742e6eb468c70dce99f
2026-08-09,札幌,12,8,ヴァロアーク,7,7.0,COMPLETED,1.0,https://www.jra.go.jp/JRADB/accessS.html?CNAME=pw01sde0101202601061220260809/B8,outputs/audit_20260809_r2/jra_horse_results_20260809_36r.csv,f273b71097ed10f318e750bf57f0e441e98d5725bd21a742e6eb468c70dce99f
