場所,コース,回り,年月日,曜日,時刻,馬名,Ｃ,性別,年齢,収得賞金,調教師,10F,9F,8F,7F,6F,5F,4F,3F,2F,1F,Lap9,Lap8,Lap7,Lap6,Lap5,Lap4,Lap3,Lap2,Lap1,血統登録番号,日付S,所属,種牡馬名,母名,現馬主名,生産者名,関連データ,馬番/仮番(出馬表モード時のみ)
栗東,C,右,20260722,水,4:58,アメリカンイズム,,牡,3,400,池江泰寿,,137.9,117.7,97.8,80.1,65.4,50.8,36.3,22.5,11.1,20.2,19.9,17.7,14.7,14.6,14.5,13.8,11.4,11.1,2023110081,2026.7.22,栗東,Authentic,Crescentcitypretty,吉澤ホールディングス,"Brittlyn Inc.",,
栗東,C,右,20260722,水,4:58,カフェノワール,,牝,6,400,池江泰寿,,139.1,118.7,98.8,81.0,66.3,51.5,36.8,22.7,11.1,20.4,19.9,17.8,14.7,14.8,14.7,14.1,11.6,11.1,2020100683,2026.7.22,栗東,ドゥラメンテ,デプロマトウショウ,石川達絵,桑田牧場,,
栗東,C,右,20260722,水,4:58,タマモブラックタイ,,牡,6,4100,角田晃一,,149.5,125.8,103.4,83.6,66.2,50.7,35.8,22.4,11.0,23.7,22.4,19.8,17.4,15.5,14.9,13.4,11.4,11.0,2020105400,2026.7.22,栗東,デクラレーションオブウォー,タマモイヤリング,タマモ,対馬正,,
栗東,C,右,20260722,水,4:58,トーホウキザン,,牡,6,900,高橋康之,,,,,,,57.1,39.7,24.1,11.7,,,,,,17.4,15.6,12.4,11.7,2020101764,2026.7.22,栗東,トーホウジャッカル,トーホウドルチェ,東豊物産,竹島幸治,,
栗東,C,右,20260722,水,4:58,バッデレイト,,牡,5,1500,上村洋行,,137.5,118.2,98.9,81.3,66.4,51.9,37.1,23.1,11.3,19.3,19.3,17.6,14.9,14.5,14.8,14.0,11.8,11.3,2021102728,2026.7.22,栗東,サトノダイヤモンド,ビーウインド,杉山忠国,杵臼牧場,,
栗東,C,右,20260722,水,4:58,バティック,,牝,2,未出走,上村洋行,,137.1,117.8,98.4,80.9,66.1,51.6,36.8,22.8,11.3,19.3,19.4,17.5,14.8,14.5,14.8,14.0,11.5,11.3,2024106168,2026.7.22,栗東,エピファネイア,イカット,キャロットファーム,ノーザンファーム,,
栗東,C,右,20260722,水,4:59,アレ,,牡,5,900,中内田充,,142.6,123.3,102.9,84.6,68.5,53.1,37.2,22.8,11.2,19.3,20.4,18.3,16.1,15.4,15.9,14.4,11.6,11.2,2021103287,2026.7.22,栗東,シルバーステート,ルックアミリオン,寺田秀樹,三嶋牧場,,
栗東,C,右,20260722,水,4:59,エイカイマッケンロ,,セ,7,1500,藤原英昭,,142.8,120.4,99.6,83.0,67.9,52.9,37.6,23.2,11.4,22.4,20.8,16.6,15.1,15.0,15.3,14.4,11.8,11.4,2019104800,2026.7.22,栗東,ロードカナロア,ダイワミランダ,二木英実,社台ファーム,,
栗東,C,右,20260722,水,4:59,キスアンドクライ,,牝,4,900,橋口慎介,,140.9,119.4,98.0,77.8,63.9,52.1,39.0,25.6,13.2,21.5,21.4,20.2,13.9,11.8,13.1,13.4,12.4,13.2,2022106616,2026.7.22,栗東,ワンアンドオンリー,アンラッシュ,ノースヒルズ,ノースヒルズ,,
栗東,C,右,20260722,水,4:59,クランフォード,,牝,5,2400,杉山晴紀,,,,,,,52.3,37.9,24.0,11.8,,,,,,14.4,13.9,12.2,11.8,2021100139,2026.7.22,栗東,ブリックスアンドモルタル,エンジェルフェイス,ロードホースクラブ,ケイアイファーム,,
栗東,C,右,20260722,水,4:59,シャフメラン,,牝,3,400,新谷功一,,154.1,130.0,107.5,87.1,69.8,53.9,38.2,23.7,11.7,24.1,22.5,20.4,17.3,15.9,15.7,14.5,12.0,11.7,2023103568,2026.7.22,栗東,ドレフォン,ミラクルレジェンド,吉田照哉,社台ファーム,,
栗東,C,右,20260722,水,4:59,スウィッチインラヴ,,牝,3,400,矢作芳人,,,,,,,53.6,37.5,23.8,11.9,,,,,,16.1,13.7,11.9,11.9,2023105300,2026.7.22,栗東,コントレイル,スウィッチインタイム,DMMドリームクラブ,ノーザンファーム,,
栗東,C,右,20260722,水,4:59,ストロベリーツリー,,牝,3,400,中内田充,,141.0,121.7,101.5,83.6,68.1,52.8,36.9,22.6,11.1,19.3,20.2,17.9,15.5,15.3,15.9,14.3,11.5,11.1,2023106887,2026.7.22,栗東,キタサンブラック,ウィンターコスモス,金子真人ホールディングス,ノーザンファーム,,
栗東,C,右,20260722,水,4:59,ゼフィルス,,牝,3,0,橋口慎介,,146.7,125.1,103.7,83.5,66.6,51.7,37.2,23.4,11.7,21.6,21.4,20.2,16.9,14.9,14.5,13.8,11.7,11.7,2023106996,2026.7.22,栗東,シスキン,ケアレスウィスパー,ケイズジャパン,ノーザンファーム,,
栗東,C,右,20260722,水,4:59,ニシノエビガタメ,,牡,3,0,吉村圭司,,141.1,120.5,100.8,84.5,69.1,53.6,38.0,23.6,11.7,20.6,19.7,16.3,15.4,15.5,15.6,14.4,11.9,11.7,2023106271,2026.7.22,栗東,シルバーステート,タッチオブピンク,西山茂行,村上欽哉,,
栗東,C,右,20260722,水,4:59,バルフルール,,牝,3,0,長谷川浩,,148.0,125.6,106.6,88.4,71.6,55.5,39.7,24.9,12.1,22.4,19.0,18.2,16.8,16.1,15.8,14.8,12.8,12.1,2023106909,2026.7.22,栗東,"Saxon Warrior",ヴォーセル,キャロットファーム,ノーザンファーム,,
栗東,C,右,20260722,水,4:59,ペプチドブッドレア,,牝,3,400,吉村圭司,,142.1,120.9,101.0,84.6,69.2,53.7,38.1,23.7,11.6,21.2,19.9,16.4,15.4,15.5,15.6,14.4,12.1,11.6,2023105720,2026.7.22,栗東,イスラボニータ,ペプチドセマム,沼川一彦,木村牧場,,
栗東,C,右,20260722,水,4:59,モカプウイング,,牝,3,0,加藤公太,,145.8,125.2,103.7,83.5,66.5,51.2,36.8,23.2,11.3,20.6,21.5,20.2,17.0,15.3,14.4,13.6,11.9,11.3,2023103334,2026.7.22,栗東,マインドユアビスケッツ,ウイングドウィール,西尾誠一郎,社台ファーム,,
栗東,C,右,20260722,水,4:59,リアライズルミナス,,牝,3,400,橋口慎介,,144.2,123.3,101.8,81.5,65.1,50.5,36.4,22.6,11.0,20.9,21.5,20.3,16.4,14.6,14.1,13.8,11.6,11.0,2023104830,2026.7.22,栗東,シルバーステート,ジュルビアン,今福洋介,大柳ファーム,,
栗東,C,右,20260722,水,4:59,レイクラシック,,牝,3,400,新谷功一,,153.0,129.5,106.9,86.6,69.2,53.5,37.7,23.3,11.5,23.5,22.6,20.3,17.4,15.7,15.8,14.4,11.8,11.5,2023103906,2026.7.22,栗東,キタサンブラック,メジロジェニファー,長谷川守正,レイクヴィラファーム,,
栗東,C,右,20260722,水,5:00,スパルタンエックス,,牡,3,0,東田明士,,150.7,127.3,105.3,85.7,69.2,52.7,36.6,22.7,11.3,23.4,22.0,19.6,16.5,16.5,16.1,13.9,11.4,11.3,2023100371,2026.7.22,栗東,ダノンプレミアム,スリールドランジュ,谷崎森吾,松本牧場,,
栗東,C,右,20260722,水,5:00,ハピネスサンライズ,,牝,3,0,東田明士,,152.3,128.6,106.3,86.2,69.5,52.9,36.6,22.5,11.1,23.7,22.3,20.1,16.7,16.6,16.3,14.1,11.4,11.1,2023100910,2026.7.22,栗東,ダノンスマッシュ,オークヴィル,ライフハウス,下河辺牧場,,
栗東,C,右,20260722,水,5:00,ラムラベイ,,牝,2,未出走,東田明士,,151.4,127.9,105.7,85.9,69.1,52.5,36.4,22.3,11.0,23.5,22.2,19.8,16.8,16.6,16.1,14.1,11.3,11.0,2024105758,2026.7.22,栗東,リアルインパクト,インラグジュアリー,社台レースホース,社台ファーム,,
栗東,C,右,20260722,水,5:01,アスタウイン,,牝,3,0,小椋研介,,143.6,123.7,103.6,85.3,69.9,54.7,39.2,24.3,11.5,19.9,20.1,18.3,15.4,15.2,15.5,14.9,12.8,11.5,2023101988,2026.7.22,栗東,ホッコータルマエ,アスタキサンチン,三宅勝俊,カナイシスタッド,,
栗東,C,右,20260722,水,5:01,ビップヴォルフ,,牡,3,400,小椋研介,,143.4,123.1,101.6,83.0,68.6,53.8,38.9,24.3,11.7,20.3,21.5,18.6,14.4,14.8,14.9,14.6,12.6,11.7,2023105418,2026.7.22,栗東,シルバーステート,ジョリージョコンド,鈴木邦英,坂東牧場,,
栗東,C,右,20260722,水,5:02,マディソンガール,,牝,4,900,中内田充,,,,,89.1,72.8,56.6,40.3,24.5,11.7,,,,16.3,16.2,16.3,15.8,12.8,11.7,2022105098,2026.7.22,栗東,キズナ,ヤンキーローズ,サンデーレーシング,ノーザンファーム,,
栗東,C,右,20260722,水,5:03,カツラノキサノキ,,牡,5,900,庄野靖志,,147.7,125.1,104.1,83.5,66.5,50.6,36.0,23.0,11.7,22.6,21.0,20.6,17.0,15.9,14.6,13.0,11.3,11.7,2021101461,2026.7.22,栗東,リオンディーズ,イトハユリ,桂土地,庄野牧場,,
栗東,C,右,20260722,水,5:03,クアトロジャック,,牡,5,1500,庄野靖志,,149.2,126.9,105.2,84.9,67.7,51.7,36.4,23.1,11.7,22.3,21.7,20.3,17.2,16.0,15.3,13.3,11.4,11.7,2021106105,2026.7.22,栗東,マジェスティックウォリアー,ハマナス,月舘範行,オリエント牧場,,
栗東,C,右,20260722,水,5:03,ナウオアネヴァー,,牡,3,0,寺島良,,,,,82.4,66.7,52.5,37.9,23.6,11.7,,,,15.7,14.2,14.6,14.3,11.9,11.7,2023104408,2026.7.22,栗東,キズナ,プリカジュール,ノースヒルズ,ノースヒルズ,,
栗東,C,右,20260722,水,5:03,ハギノコラソン,,牝,4,900,寺島良,,,,,83.9,68.1,53.6,38.5,23.8,11.8,,,,15.8,14.5,15.1,14.7,12.0,11.8,2022100439,2026.7.22,栗東,ミッキーアイル,ハギノセゾン,安岡美津子,村下明博,,
栗東,C,右,20260722,水,5:04,グラディオール,,牝,3,0,寺島良,,,,,87.0,70.8,55.5,39.4,24.1,11.7,,,,16.2,15.3,16.1,15.3,12.4,11.7,2023106877,2026.7.22,栗東,リオンディーズ,インダクティ,サンデーレーシング,ノーザンファーム,,
栗東,C,右,20260722,水,5:04,コンフェルマ,,セ,5,900,寺島良,,,,,82.0,65.4,50.8,36.5,23.2,11.8,,,,16.6,14.6,14.3,13.3,11.4,11.8,2021105970,2026.7.22,栗東,エピファネイア,ブルーダイアモンド,近藤英子,レイクヴィラファーム,,
栗東,C,右,20260722,水,5:05,ウォーブレイク,,牡,3,未出走,辻野泰之,,,,,89.7,72.7,56.8,40.5,25.4,12.8,,,,17.0,15.9,16.3,15.1,12.6,12.8,2023106642,2026.7.22,栗東,デクラレーションオブウォー,グレイスフルダンス,杉山忠国,明治牧場,,
栗東,C,右,20260722,水,5:05,ステラスプレンダー,,牝,5,900,石坂公一,,,,,,,56.4,39.9,25.5,12.5,,,,,,16.5,14.4,13.0,12.5,2021105604,2026.7.22,栗東,ロードカナロア,スクールミストレス,サンデーレーシング,ノーザンファーム,,
栗東,C,右,20260722,水,5:05,スマートエトワール,,牝,3,0,辻野泰之,,,,,86.1,70.3,54.8,39.3,24.5,12.1,,,,15.8,15.5,15.5,14.8,12.4,12.1,2023106004,2026.7.22,栗東,ドレフォン,スマートランウェイ,大川徹,杵臼牧場,,
栗東,C,右,20260722,水,5:05,レインボーステート,,牡,3,0,茶木太樹,,147.6,124.3,103.4,84.3,67.4,52.0,37.3,23.7,11.5,23.3,20.9,19.1,16.9,15.4,14.7,13.6,12.2,11.5,2023106943,2026.7.22,栗東,シルバーステート,カイルアコナ,シルクレーシング,ノーザンファーム,,
栗東,C,右,20260722,水,5:06,アステリアート,,牡,3,0,高橋義忠,,130.4,114.8,98.2,81.7,67.2,54.2,40.0,26.0,13.0,15.6,16.6,16.5,14.5,13.0,14.2,14.0,13.0,13.0,2023104950,2026.7.22,栗東,ヴァンゴッホ,ルフランエトワール,OHEレーシング,富田牧場,,
栗東,C,右,20260722,水,5:07,パンキー,,牡,3,0,茶木太樹,,144.5,122.1,102.0,83.9,67.9,52.9,37.6,23.9,12.0,22.4,20.1,18.1,16.0,15.0,15.3,13.7,11.9,12.0,2023102310,2026.7.22,栗東,ウインブライト,カルトマリーヌ,水谷昌晃,池田スタッド,,
栗東,C,右,20260722,水,5:08,アーガイルショア,,牝,3,400,安田翔伍,,151.1,127.4,103.2,83.3,66.6,51.4,36.7,23.0,11.4,23.7,24.2,19.9,16.7,15.2,14.7,13.7,11.6,11.4,2023103718,2026.7.22,栗東,ナダル,ベルプラージュ,キャロットファーム,追分ファーム,,
栗東,C,右,20260722,水,5:08,サンライズエイト,,牡,2,未出走,安田翔伍,,150.9,126.9,102.5,82.6,66.1,51.0,36.5,22.9,11.5,24.0,24.4,19.9,16.5,15.1,14.5,13.6,11.4,11.5,2024105728,2026.7.22,栗東,ロゴタイプ,アスクデピュティ,ライフハウス,社台ファーム,,
栗東,C,右,20260722,水,5:09,グランシャン,,牡,3,0,松永幹夫,,142.7,121.3,101.4,83.5,68.0,52.9,38.0,23.8,11.6,21.4,19.9,17.9,15.5,15.1,14.9,14.2,12.2,11.6,2023102630,2026.7.22,栗東,キズナ,サトノジェイド,モンレーヴ,今牧場,,
栗東,C,右,20260722,水,5:09,ハワイアンティアレ,,牝,5,1500,松永幹夫,,141.5,119.5,99.7,82.2,66.4,51.7,37.0,23.2,11.4,22.0,19.8,17.5,15.8,14.7,14.7,13.8,11.8,11.4,2021105255,2026.7.22,栗東,ロードカナロア,モアニケアラ,名古屋友豊,社台ファーム,,
栗東,C,右,20260722,水,5:09,マルモア,,牝,5,400,松永幹夫,,137.6,118.6,99.4,81.9,66.5,51.8,36.7,22.7,11.3,19.0,19.2,17.5,15.4,14.7,15.1,14.0,11.4,11.3,2021105245,2026.7.22,栗東,エピファネイア,マーブルカテドラル,インゼルレーシング,社台ファーム,,
栗東,C,右,20260722,水,5:10,フィソステギア,,牝,2,未出走,緒方努,,142.6,121.6,102.7,84.4,68.6,53.8,38.7,24.8,12.8,21.0,18.9,18.3,15.8,14.8,15.1,13.9,12.0,12.8,2024100835,2026.7.22,栗東,サリオス,ルエリア,佐々木基,ナカノファーム,,
栗東,C,右,20260722,水,5:10,フェーエンハフト,,牝,2,0,緒方努,,140.5,119.7,100.6,82.7,67.4,52.5,37.6,24.0,12.1,20.8,19.1,17.9,15.3,14.9,14.9,13.6,11.9,12.1,2024105969,2026.7.22,栗東,ダノンバラード,ナイトイーグル,吉田照哉,社台ファーム,,
栗東,C,右,20260722,水,5:10,モズタチアガレ,,牡,4,900,中尾秀正,,,,,80.4,65.2,51.4,37.2,23.5,11.8,,,,15.2,13.8,14.2,13.7,11.7,11.8,2022106010,2026.7.22,栗東,モズアスコット,カッチャウカモネ,北側雅司,アサヒ牧場,,
栗東,C,右,20260722,水,5:10,リリーギャラクシー,,牡,2,未出走,緒方努,,141.4,120.7,101.7,83.6,67.9,53.1,38.2,24.5,12.5,20.7,19.0,18.1,15.7,14.8,14.9,13.7,12.0,12.5,2024104835,2026.7.22,栗東,マカヒキ,セイユウスマイル,土井孝夫,畠山牧場,,
栗東,C,右,20260722,水,5:11,デルアヴァー,,牡,4,1500,松永幹夫,,146.9,127.5,107.2,88.0,71.2,55.5,40.3,25.4,12.1,19.4,20.3,19.2,16.8,15.7,15.2,14.9,13.3,12.1,2022110054,2026.7.22,栗東,Frankel,"Amour Briller",前田幸治,"North Hills Co.",,
栗東,C,右,20260722,水,5:16,ポッドロゴ,,牡,5,3800,西園翔太,,137.9,118.9,98.9,80.5,65.5,51.1,36.3,22.7,11.4,19.0,20.0,18.4,15.0,14.4,14.8,13.6,11.3,11.4,2021104873,2026.7.22,栗東,ロゴタイプ,スクラッタ,小川眞査雄,社台コーポレーション白老ファーム,,
栗東,C,右,20260722,水,5:17,ヤマニンアストロン,,牡,5,1500,石橋守,,,,,81.9,64.6,50.2,36.2,22.5,11.2,,,,17.3,14.4,14.0,13.7,11.3,11.2,2021106594,2026.7.22,栗東,ディーマジェスティ,ヤマニンアタシャン,土井肇,錦岡牧場,,
栗東,C,右,20260722,水,5:18,キングケープ,,牡,3,400,大橋勇樹,,148.3,125.3,103.8,83.8,67.4,51.7,37.1,23.6,11.6,23.0,21.5,20.0,16.4,15.7,14.6,13.5,12.0,11.6,2023102990,2026.7.22,栗東,フィエールマン,グリーンケープ,伊藤裕章,友田牧場,,
栗東,C,右,20260722,水,5:19,ディープシャロー,,牡,3,0,本田優,,152.3,130.7,108.8,88.2,70.0,53.3,37.3,22.7,11.1,21.6,21.9,20.6,18.2,16.7,16.0,14.6,11.6,11.1,2023100621,2026.7.22,栗東,ドレフォン,ニカモレイ,深見敏男,天羽禮治,,
栗東,C,右,20260722,水,5:19,ルイスイメル,,牝,2,未出走,本田優,,150.4,130.2,108.6,88.0,69.5,53.1,37.2,22.6,11.0,20.2,21.6,20.6,18.5,16.4,15.9,14.6,11.6,11.0,2024105051,2026.7.22,栗東,モズアスコット,ビオレイメル,ケーエスHD,前谷牧場,,
栗東,C,右,20260722,水,5:20,アリエスキング,,牡,5,900,庄野靖志,,,,,,,51.0,36.1,22.5,11.2,,,,,,14.9,13.6,11.3,11.2,2021101468,2026.7.22,栗東,シニスターミニスター,ピシーズクイーン,三宅勝俊,庄野牧場,,
栗東,C,右,20260722,水,5:20,シャンパンライフ,,牝,4,0,四位洋文,,,,,,,53.0,36.8,23.2,11.5,,,,,,16.2,13.6,11.7,11.5,2022105534,2026.7.22,栗東,イスラボニータ,メモリアルライフ,青山洋一,社台ファーム,,
栗東,C,右,20260722,水,5:21,クロンヌジャン,,牡,3,0,鈴木孝志,,185.1,136.3,101.4,82.3,67.2,52.9,37.9,23.6,11.7,48.8,34.9,19.1,15.1,14.3,15.0,14.3,11.9,11.7,2023105001,2026.7.22,栗東,アメリカンペイトリオット,エリカバイラ,吉田智,三嶋牧場,,
栗東,C,右,20260722,水,5:21,ゴージャス,,牝,4,400,四位洋文,,,,,,,53.6,37.1,23.3,11.4,,,,,,16.5,13.8,11.9,11.4,2022106996,2026.7.22,栗東,ゴールドシップ,サトノジャスミン,ローレルレーシング,村上欽哉,,
栗東,C,右,20260722,水,5:21,サウンドシェリー,,牝,2,未出走,鈴木孝志,,182.8,133.9,100.3,82.3,67.2,52.9,37.8,23.7,11.8,48.9,33.6,18.0,15.1,14.3,15.1,14.1,11.9,11.8,2024103035,2026.7.22,栗東,シルバーステート,サウンドガガ,増田雄一,小泉牧場,,
栗東,C,右,20260722,水,5:21,ジェミート,,牡,4,900,四位洋文,,139.4,120.5,101.8,84.1,68.0,52.9,37.5,23.5,11.6,18.9,18.7,17.7,16.1,15.1,15.4,14.0,11.9,11.6,2022100327,2026.7.22,栗東,モーニン,オスカークイーン,マブレーシング,中村雅明,,
栗東,C,右,20260722,水,5:21,パシアンジェンヌ,,牝,2,未出走,鈴木孝志,,184.8,136.0,101.9,82.8,67.6,53.2,38.2,24.0,12.1,48.8,34.1,19.1,15.2,14.4,15.0,14.2,11.9,12.1,2024105160,2026.7.22,栗東,フィレンツェファイア,カメリアテソーロ,吉田智,小河ファーム,,
栗東,C,右,20260722,水,5:22,ジーティーマンフク,,牡,2,未出走,四位洋文,,138.5,119.0,100.1,82.7,67.0,51.6,36.8,22.8,11.3,19.5,18.9,17.4,15.7,15.4,14.8,14.0,11.5,11.3,2024102891,2026.7.22,栗東,スワーヴリチャード,ポエティックレガシー,田畑利彦,吉田ファーム,,
栗東,C,右,20260722,水,5:22,ダンツシタン,,牡,3,900,本田優,,143.3,121.0,101.1,82.7,66.7,51.8,37.3,23.4,11.8,22.3,19.9,18.4,16.0,14.9,14.5,13.9,11.6,11.8,2023104848,2026.7.22,栗東,パイロ,マリスレーン,山元哲二,川越ファーム,,
栗東,C,右,20260722,水,5:22,テリコス,,牡,3,0,四位洋文,,141.2,121.5,102.5,85.1,69.2,53.6,37.6,23.1,11.4,19.7,19.0,17.4,15.9,15.6,16.0,14.5,11.7,11.4,2023101035,2026.7.22,栗東,ダイワメジャー,インドリヤ,平沼龍漢,シンボリ牧場,,
栗東,C,右,20260722,水,5:22,メイショウジンソウ,,牡,3,未出走,本田優,,141.3,121.6,101.1,82.8,67.2,52.2,37.3,23.5,12.0,19.7,20.5,18.3,15.6,15.0,14.9,13.8,11.5,12.0,2023101043,2026.7.22,栗東,ゴールドドリーム,スイートマルセル,松本好隆,シンボリ牧場,,
栗東,C,右,20260722,水,5:23,スターシップ,,牡,3,330,高柳大輔,,144.0,123.3,103.0,84.2,67.6,52.4,37.4,23.5,12.0,20.7,20.3,18.8,16.6,15.2,15.0,13.9,11.5,12.0,2023100704,2026.7.22,栗東,ラブリーデイ,インフィニティ,沖田正憲,沖田牧場,,
栗東,C,右,20260722,水,5:23,タロ,,牡,3,0,新谷功一,,136.9,117.8,99.1,82.7,68.0,53.9,38.7,24.0,12.0,19.1,18.7,16.4,14.7,14.1,15.2,14.7,12.0,12.0,2023102726,2026.7.22,栗東,リーチザクラウン,エンゲージスマイル,西村健,静内フアーム,,
栗東,C,右,20260722,水,5:23,ハイウェイワン,,牡,2,未出走,高柳大輔,,144.2,123.4,103.0,83.8,67.4,52.3,37.1,23.0,11.5,20.8,20.4,19.2,16.4,15.1,15.2,14.1,11.5,11.5,2024106362,2026.7.22,栗東,カリフォルニアクローム,シルバーポジー,サンデーレーシング,ノーザンファーム,,
栗東,C,右,20260722,水,5:23,ファルカータ,,牝,3,0,友道康夫,,,,,,,55.0,38.1,23.4,11.5,,,,,,16.9,14.7,11.9,11.5,2023105804,2026.7.22,栗東,エピファネイア,スピニングワイルドキャット,ロードホースクラブ,ケイアイファーム,,
栗東,C,右,20260722,水,5:23,フランクスピード,,牝,4,400,加藤公太,,143.3,124.7,105.5,87.8,71.2,55.4,40.2,25.6,12.3,18.6,19.2,17.7,16.6,15.8,15.2,14.6,13.3,12.3,2022104648,2026.7.22,栗東,Frankel,インピード,キャロットファーム,ノーザンファーム,,
栗東,C,右,20260722,水,5:23,ペガサスジルシ,,牝,3,0,新谷功一,,136.4,117.1,98.4,82.0,67.2,53.1,38.2,23.7,11.9,19.3,18.7,16.4,14.8,14.1,14.9,14.5,11.8,11.9,2023107350,2026.7.22,栗東,ブリックスアンドモルタル,レネットグルーヴ,後藤和成,ノーザンファーム,,
栗東,C,右,20260722,水,5:23,ヴァニーユ,,牝,2,未出走,高柳大輔,,145.0,123.9,103.4,84.2,67.8,52.7,37.4,23.1,11.6,21.1,20.5,19.2,16.4,15.1,15.3,14.3,11.5,11.6,2024102756,2026.7.22,栗東,ルーラーシップ,ヴァニラアイス,ヒダカ・ブリーダーズ・ユニオン,ヒダカフアーム,,
栗東,C,右,20260722,水,5:24,アンビアンス,,牝,4,400,清水久詞,,,,,83.4,67.7,53.1,37.7,23.5,11.8,,,,15.7,14.6,15.4,14.2,11.7,11.8,2022106634,2026.7.22,栗東,キズナ,クリアリーコンフューズド,前田幸大,ノースヒルズ,,
栗東,C,右,20260722,水,5:24,クイーンズホリデー,,牝,3,400,清水久詞,,,,,82.8,67.4,52.8,37.5,23.4,11.7,,,,15.4,14.6,15.3,14.1,11.7,11.7,2023100941,2026.7.22,栗東,オルフェーヴル,タイキオードリー,鈴木剛史,下河辺牧場,,
栗東,C,右,20260722,水,5:24,サンダーバード,,牝,3,400,武幸四郎,,,,,83.5,66.8,52.1,37.7,24.1,12.0,,,,16.7,14.7,14.4,13.6,12.1,12.0,2023105292,2026.7.22,栗東,エピファネイア,サロニカ,藤田晋,ノーザンファーム,,
栗東,C,右,20260722,水,5:24,タイセイゼスティ,,牡,3,0,奥村豊,,,,,84.8,69.3,54.5,38.9,24.1,11.9,,,,15.5,14.8,15.6,14.8,12.2,11.9,2023100969,2026.7.22,栗東,デクラレーションオブウォー,リンネ,田中成奉,下河辺牧場,,
栗東,C,右,20260722,水,5:24,テイエムパイロット,,牡,4,900,秋山真一,,141.1,121.3,102.4,85.4,69.4,53.8,37.8,22.9,11.3,19.8,18.9,17.0,16.0,15.6,16.0,14.9,11.6,11.3,2022103775,2026.7.22,栗東,パイロ,ピンクドッグウッド,竹園正繼,グランド牧場,,
栗東,C,右,20260722,水,5:24,ランスオブカオス,,牡,4,3850,奥村豊,,,,,83.8,68.2,53.5,38.2,23.5,11.4,,,,15.6,14.7,15.3,14.7,12.1,11.4,2022104401,2026.7.22,栗東,シルバーステート,ハイドラン,五影慶則,フジワラフアーム,,
栗東,C,右,20260722,水,5:24,リボンロゼッタ,,牝,2,未出走,秋山真一,,138.8,119.5,101.5,84.2,68.1,52.3,37.1,22.7,11.3,19.3,18.0,17.3,16.1,15.8,15.2,14.4,11.4,11.3,2024101153,2026.7.22,栗東,ミッキーアイル,リボーン,ノルマンディーサラブレッドレーシング,モリナガファーム,,
栗東,C,右,20260722,水,5:26,ナムラコスモス,,牝,3,1950,大橋勇樹,,147.7,126.7,106.2,87.8,71.7,56.5,40.7,25.6,12.9,21.0,20.5,18.4,16.1,15.2,15.8,15.1,12.7,12.9,2023106227,2026.7.22,栗東,ダノンプレミアム,ナムラリコリス,奈村睦弘,ヒダカシーサイドファーム,,
栗東,C,右,20260722,水,5:27,エスカレイト,,牝,3,400,小栗実,,,,,82.8,67.4,53.5,38.4,24.2,11.8,,,,15.4,13.9,15.1,14.2,12.4,11.8,2023105815,2026.7.22,栗東,ロードカナロア,フライングティパット,中村祐子,ケイアイファーム,,
栗東,C,右,20260722,水,5:28,ウィエダンド,,牝,2,未出走,小栗実,,,,,81.6,65.8,51.6,37.7,23.0,11.1,,,,15.8,14.2,13.9,14.7,11.9,11.1,2024106606,2026.7.22,栗東,シルバーステート,ポロンナルワ,フォレストレーシング,ノーザンファーム,,
栗東,C,右,20260722,水,5:28,オトコギアンパン,,牡,5,900,小栗実,,,,,84.0,67.9,53.7,38.4,23.4,11.4,,,,16.1,14.2,15.3,15.0,12.0,11.4,2021102727,2026.7.22,栗東,モーリス,パールズシャイン,増田和啓,杵臼牧場,,
栗東,C,右,20260722,水,5:28,ソーニーイシュー,,牡,5,2400,千田輝彦,,,,,,,55.3,38.8,23.9,11.3,,,,,,16.5,14.9,12.6,11.3,2021101705,2026.7.22,栗東,シニスターミニスター,ローズストリート,ゴドルフィン,ダーレー・ジャパン・ファーム,,
栗東,C,右,20260722,水,5:28,ノチェブエナ,,牝,3,0,小栗実,,,,,82.6,66.6,52.7,38.1,23.4,11.4,,,,16.0,13.9,14.6,14.7,12.0,11.4,2023103708,2026.7.22,栗東,キタサンブラック,ナターレ,G1レーシング,追分ファーム,,
栗東,C,右,20260722,水,5:29,イズジョーアザヤカ,,牝,3,0,千田輝彦,,,,,,,58.0,40.9,25.4,12.4,,,,,,17.1,15.5,13.0,12.4,2023100050,2026.7.22,栗東,アジアエクスプレス,フォーエバーカヨ,泉一郎,沖田哲夫,,
栗東,C,右,20260722,水,5:29,ワイルドチャーム,,牝,3,0,千田輝彦,,,,,,,58.0,40.2,24.5,11.7,,,,,,17.8,15.7,12.8,11.7,2023105350,2026.7.22,栗東,サートゥルナーリア,グァカモーレ,長谷川祐司,辻牧場,,
栗東,C,右,20260722,水,5:31,アトレッタ,,牡,3,400,斉藤崇史,,143.2,122.0,100.8,82.7,66.9,52.3,37.6,23.4,11.7,21.2,21.2,18.1,15.8,14.6,14.7,14.2,11.7,11.7,2023104008,2026.7.22,栗東,キズナ,シャッセロール,名古屋友豊,オリエント牧場,,
栗東,C,右,20260722,水,5:31,ポートデラメール,,牝,4,900,斉藤崇史,,144.1,122.7,101.6,83.2,67.3,52.6,37.8,23.6,11.6,21.4,21.1,18.4,15.9,14.7,14.8,14.2,12.0,11.6,2022105963,2026.7.22,栗東,ナダル,ジュベルアリ,シルクレーシング,レイクヴィラファーム,,
栗東,C,右,20260722,水,5:31,メアグローリア,,牝,2,0,斉藤崇史,,143.7,122.4,101.4,82.9,67.1,52.5,37.7,23.5,11.5,21.3,21.0,18.5,15.8,14.6,14.8,14.2,12.0,11.5,2024106969,2026.7.22,栗東,サリオス,アンティフォナ,シルクレーシング,社台コーポレーション白老ファーム,,
栗東,C,右,20260722,水,5:31,ローズラフィネ,,牝,3,0,友道康夫,,137.6,119.2,100.0,82.1,66.6,52.1,37.6,24.0,12.1,18.4,19.2,17.9,15.5,14.5,14.5,13.6,11.9,12.1,2023100998,2026.7.22,栗東,エピファネイア,ニーナドレス,平井裕,白井牧場,,
栗東,C,右,20260722,水,5:33,エシェックオロワ,,セ,3,400,千田輝彦,,,,,88.6,70.0,53.4,38.5,24.2,12.2,,,,18.6,16.6,14.9,14.3,12.0,12.2,2023103755,2026.7.22,栗東,ミッキーアイル,ウィズエモーション,吉田照哉,社台コーポレーション白老ファーム,,
栗東,C,右,20260722,水,5:33,ビービーシナジー,,牡,3,0,千田輝彦,,,,,88.0,69.8,53.7,38.1,23.7,11.6,,,,18.2,16.1,15.6,14.4,12.1,11.6,2023100552,2026.7.22,栗東,グレーターロンドン,リンピッドドラゴン,坂東牧場,坂東牧場,,
栗東,C,右,20260722,水,5:33,フォーシーファイン,,牡,3,0,斉藤崇史,,147.1,125.0,104.6,86.5,70.9,55.2,38.8,24.0,11.8,22.1,20.4,18.1,15.6,15.7,16.4,14.8,12.2,11.8,2023105316,2026.7.22,栗東,サトノダイヤモンド,ハーレクイーン,早野誠,ノーザンファーム,,
栗東,C,右,20260722,水,5:33,マーチンゲール,,牡,3,0,斉藤崇史,,146.2,124.5,104.3,86.2,70.8,55.1,38.8,24.1,12.0,21.7,20.2,18.1,15.4,15.7,16.3,14.7,12.1,12.0,2023102580,2026.7.22,栗東,シニスターミニスター,ジェセニア,OUMA,グランド牧場,,
栗東,C,右,20260722,水,5:33,ヤマニンバロネス,,牝,4,900,千田輝彦,,,,,86.5,70.4,54.1,38.6,24.4,11.8,,,,16.1,16.3,15.5,14.2,12.6,11.8,2022106609,2026.7.22,栗東,シニスターミニスター,ヤマニンバステト,土井肇,錦岡牧場,,
栗東,C,右,20260722,水,5:35,テンダーワーズ,,牝,3,0,中尾秀正,,136.7,119.1,100.6,83.3,68.8,53.5,38.3,23.7,11.4,17.6,18.5,17.3,14.5,15.3,15.2,14.6,12.3,11.4,2023103359,2026.7.22,栗東,サートゥルナーリア,オメガハートソング,吉田照哉,社台ファーム,,
栗東,C,右,20260722,水,5:36,ショウヘイ,,牡,4,7300,友道康夫,,147.5,124.9,105.1,86.1,69.1,53.0,37.4,23.2,11.5,22.6,19.8,19.0,17.0,16.1,15.6,14.2,11.7,11.5,2022104714,2026.7.22,栗東,サートゥルナーリア,オーロトラジェ,石川達絵,ノーザンファーム,,
栗東,C,右,20260722,水,5:37,ダンスコマンド,,牡,2,未出走,高橋一哉,,140.0,119.9,101.4,84.5,69.6,54.6,38.6,24.0,11.9,20.1,18.5,16.9,14.9,15.0,16.0,14.6,12.1,11.9,2024105941,2026.7.22,栗東,マインドユアビスケッツ,ダンサーデスティネイション,社台レースホース,社台ファーム,,
栗東,C,右,20260722,水,5:37,ミール,,牝,2,未出走,高橋一哉,,139.3,119.2,100.9,84.2,69.3,54.4,38.4,24.0,11.9,20.1,18.3,16.7,14.9,14.9,16.0,14.4,12.1,11.9,2024102645,2026.7.22,栗東,スワーヴリチャード,フレンチボウ,村田博司,鮫川フアーム,,
栗東,C,右,20260722,水,5:41,ワイルドブッター,,セ,4,400,武英智,,152.8,127.4,106.4,87.6,70.9,53.7,37.7,24.0,12.1,25.4,21.0,18.8,16.7,17.2,16.0,13.7,11.9,12.1,2022105077,2026.7.22,栗東,キンシャサノキセキ,ミセスワタナベ,モンレーヴ,ノーザンファーム,,
栗東,C,右,20260722,水,5:45,ダノンチャンピオン,,牡,2,未出走,安田翔伍,,144.4,122.7,101.7,83.0,66.8,51.3,36.8,23.0,11.4,21.7,21.0,18.7,16.2,15.5,14.5,13.8,11.6,11.4,2024105963,2026.7.22,栗東,ホットロッドチャーリー,トップデサイル,ダノックス,社台ファーム,,
栗東,C,右,20260722,水,5:45,ラピス,,牝,3,0,安田翔伍,,146.5,124.0,102.6,83.8,67.4,52.0,37.3,23.7,11.7,22.5,21.4,18.8,16.4,15.4,14.7,13.6,12.0,11.7,2023104405,2026.7.22,栗東,コントレイル,ファヴォーラ,寺田寿男,ノースヒルズ,,
栗東,C,右,20260722,水,5:45,リッケンバッカー,,牡,8,1150,西村真幸,,143.7,124.2,103.8,85.2,68.7,53.4,37.9,23.7,11.5,19.5,20.4,18.6,16.5,15.3,15.5,14.2,12.2,11.5,2018103590,2026.7.22,栗東,ロードカナロア,シティウェルズ,安原浩司,岡田牧場,,
栗東,C,右,20260722,水,5:46,ビジュアライズ,,牡,3,0,斉藤崇史,,149.2,126.4,105.0,85.7,68.7,52.9,37.8,23.4,11.4,22.8,21.4,19.3,17.0,15.8,15.1,14.4,12.0,11.4,2023102222,2026.7.22,栗東,キズナ,サークリング2,キャロットファーム,三嶋牧場,,
栗東,C,右,20260722,水,5:46,ルナパッショーネ,,牝,2,未出走,斉藤崇史,,148.7,126.0,104.6,85.4,68.3,52.5,37.6,23.1,11.4,22.7,21.4,19.2,17.1,15.8,14.9,14.5,11.7,11.4,2024106195,2026.7.22,栗東,サートゥルナーリア,ヴァシリカ,KOJIMAレーシング,ノーザンファーム,,
栗東,C,右,20260722,水,5:49,ビーグラッド,,牝,5,400,岡田稲男,,,,,,,51.7,36.1,22.4,11.2,,,,,,15.6,13.7,11.2,11.2,2021100683,2026.7.22,栗東,エピファネイア,シャブリ,インゼルレーシング,桑田牧場,,
栗東,C,右,20260722,水,5:49,メイショウビストロ,,牡,4,400,岡田稲男,,,,,83.5,67.2,52.6,37.9,24.3,11.7,,,,16.3,14.6,14.7,13.6,12.6,11.7,2022103251,2026.7.22,栗東,カリフォルニアクローム,メイショウオワラ,松本好隆,三嶋牧場,,
栗東,C,右,20260722,水,5:50,ウォーターブビンガ,,牡,3,0,藤野健太,,,,,80.2,65.6,51.8,37.6,24.2,12.1,,,,14.6,13.8,14.2,13.4,12.1,12.1,2023101867,2026.7.22,栗東,ダノンキングリー,ウォータールナ,山岡正人,伏木田牧場,,
栗東,C,右,20260722,水,5:50,マサノシリウス,,牡,3,0,藤野健太,,,,,80.9,66.5,52.6,38.6,25.2,13.0,,,,14.4,13.9,14.0,13.4,12.2,13.0,2023100018,2026.7.22,栗東,レイデオロ,ヤマイチファミリー,猪野毛雅人,猪野毛牧場,,
栗東,C,右,20260722,水,5:51,パイオニアスクエア,,牡,4,0,茶木太樹,,143.8,123.4,103.6,85.2,68.3,52.8,38.2,24.3,12.0,20.4,19.8,18.4,16.9,15.5,14.6,13.9,12.3,12.0,2022105367,2026.7.22,栗東,ドゥラメンテ,ジュリエットシアトル,社台レースホース,社台ファーム,,
栗東,C,右,20260722,水,5:54,ツーエムクロノス,,牡,4,900,本田優,,145.9,124.5,103.1,83.6,67.2,52.2,37.4,23.6,11.6,21.4,21.4,19.5,16.4,15.0,14.8,13.8,12.0,11.6,2022103651,2026.7.22,栗東,ノーブルミッション,スペランツァーレ,村上憲政,小倉光博,,
栗東,C,右,20260722,水,5:55,オリーボーレン,,牝,5,400,藤岡健一,,,,,83.5,65.7,50.6,35.9,22.9,11.5,,,,17.8,15.1,14.7,13.0,11.4,11.5,2021105739,2026.7.22,栗東,ニューイヤーズデイ,ブラマンジェ,シルクレーシング,ノーザンファーム,,
栗東,C,右,20260722,水,5:55,ワトルツリー,,牝,3,0,藤岡健一,,,,,84.0,66.1,51.1,36.3,23.1,11.7,,,,17.9,15.0,14.8,13.2,11.4,11.7,2023110056,2026.7.22,栗東,Frankel,Elisheva,前田幸治,"North Hills Co. Ltd",,
栗東,C,右,20260722,水,6:20,アレオクール,,牝,2,未出走,池添学,,139.8,119.5,99.5,82.8,67.7,52.8,37.4,23.0,11.3,20.3,20.0,16.7,15.1,14.9,15.4,14.4,11.7,11.3,2024106294,2026.7.22,栗東,キタサンブラック,クールサンバ,サンデーレーシング,ノーザンファーム,,
栗東,C,右,20260722,水,6:20,エリカエクスプレス,,牝,4,4500,杉山晴紀,,137.2,117.6,97.8,78.5,63.4,49.3,35.2,22.1,11.1,19.6,19.8,19.3,15.1,14.1,14.1,13.1,11.0,11.1,2022103205,2026.7.22,栗東,エピファネイア,エンタイスド,三木正浩,三嶋牧場,,
栗東,C,右,20260722,水,6:20,ダイイズキャスト,,牡,3,400,新谷功一,,,,,,,53.2,37.6,23.5,11.7,,,,,,15.6,14.1,11.8,11.7,2023107539,2026.7.22,栗東,Blame,Tizdaria,ノースヒルズ,"Monica Egger",,
栗東,C,右,20260722,水,6:20,パーシャングレー,,牡,3,400,池添学,,140.6,120.6,100.7,83.6,68.2,53.2,37.6,23.0,11.2,20.0,19.9,17.1,15.4,15.0,15.6,14.6,11.8,11.2,2023110015,2026.7.22,栗東,"Dark Angel","Lady of Persia",キャロットファーム,"Big Bear Bld/ Tinnakill Bld/ J Cantillon",,
栗東,C,右,20260722,水,6:21,インヴァイト,,牝,3,未出走,杉山晴紀,,140.4,121.0,101.8,84.1,68.2,52.7,37.6,23.4,11.5,19.4,19.2,17.7,15.9,15.5,15.1,14.2,11.9,11.5,2023101748,2026.7.22,栗東,キズナ,メイショウイザナミ,高昭牧場,高昭牧場,,
栗東,C,右,20260722,水,6:21,ウィスピア,,牡,3,0,小林真也,,145.1,124.5,104.0,84.6,68.1,52.3,37.1,23.1,11.6,20.6,20.5,19.4,16.5,15.8,15.2,14.0,11.5,11.6,2023102384,2026.7.22,栗東,マインドユアビスケッツ,スピリテッドエアー,平川三津,岡田スタツド,,
栗東,C,右,20260722,水,6:21,エイズルブルーム,,牝,3,400,坂口智康,,141.7,123.1,103.9,85.1,68.2,52.5,37.2,23.1,11.3,18.6,19.2,18.8,16.9,15.7,15.3,14.1,11.8,11.3,2023102996,2026.7.22,栗東,リオンディーズ,ペイシャフェリシタ,北所直人,友田牧場,,
栗東,C,右,20260722,水,6:21,エコロヴァルツ,,牡,5,6000,牧浦充徳,,142.8,122.9,102.8,85.0,69.0,53.7,38.5,24.0,11.6,19.9,20.1,17.8,16.0,15.3,15.2,14.5,12.4,11.6,2021101436,2026.7.22,栗東,ブラックタイド,プティプランセス,原村正紀,下河辺牧場,,
栗東,C,右,20260722,水,6:21,エンヴェロップ,,牝,3,400,佐藤悠太,,,,,86.1,69.3,53.5,38.3,24.2,11.6,,,,16.8,15.8,15.2,14.1,12.6,11.6,2023105792,2026.7.22,栗東,ロードカナロア,エンジェリックレイ,中村伊三美,ケイアイファーム,,
栗東,C,右,20260722,水,6:21,キトゥンズクラフト,,牡,2,未出走,池江泰寿,,,,,88.2,71.0,54.0,38.5,24.8,12.4,,,,17.2,17.0,15.5,13.7,12.4,12.4,2024107027,2026.7.22,栗東,オルフェーヴル,ダンスウィズキトゥン,サンデーレーシング,社台コーポレーション白老ファーム,,
栗東,C,右,20260722,水,6:21,キントラダンサー,,牝,4,900,長谷川浩,,141.7,122.9,103.4,85.0,67.7,52.7,38.1,24.2,12.4,18.8,19.5,18.4,17.3,15.0,14.6,13.9,11.8,12.4,2022104387,2026.7.22,栗東,キタサンブラック,キントラ,三木久史,フジワラフアーム,,
栗東,C,右,20260722,水,6:21,クライナリーゼ,,牡,3,0,高橋康之,,141.0,120.8,101.4,83.8,68.1,52.9,37.6,23.6,11.8,20.2,19.4,17.6,15.7,15.2,15.3,14.0,11.8,11.8,2023104192,2026.7.22,栗東,カレンブラックヒル,ウェルアウェイ,YGGホースクラブ,田端牧場,,
栗東,C,右,20260722,水,6:21,グレートアゲイン,,牡,3,0,牧浦充徳,,142.1,122.4,102.2,84.4,68.4,53.0,38.0,23.7,11.7,19.7,20.2,17.8,16.0,15.4,15.0,14.3,12.0,11.7,2023100567,2026.7.22,栗東,バンドワゴン,ハッピーロングラン,馬場幸夫,雅牧場,,
栗東,C,右,20260722,水,6:21,ケイアイワイラーパ,,牡,4,0,野中賢二,,138.3,118.4,100.0,82.8,67.2,52.2,37.1,23.4,11.5,19.9,18.4,17.2,15.6,15.0,15.1,13.7,11.9,11.5,2022103053,2026.7.22,栗東,ブリックスアンドモルタル,クインズミラーグロ,亀田和弘,富田牧場,,
栗東,C,右,20260722,水,6:21,ザングウィル,,牡,6,250,佐藤悠太,,,,,81.1,65.1,50.1,36.0,22.7,11.3,,,,16.0,15.0,14.1,13.3,11.4,11.3,2020110051,2026.7.22,栗東,"Dandy Man",Zaaqya,ゴドルフィン,"J. Lenihan",,
栗東,C,右,20260722,水,6:21,セレナード,,牝,2,未出走,池江泰寿,,,,,88.7,71.1,54.2,38.7,24.9,12.5,,,,17.6,16.9,15.5,13.8,12.4,12.5,2024106423,2026.7.22,栗東,レイデオロ,セリユーズ,シルクレーシング,ノーザンファーム,,
栗東,C,右,20260722,水,6:21,タイセイグローバル,,牡,3,0,小林真也,,143.9,123.5,103.1,83.9,67.2,51.6,36.7,23.1,11.6,20.4,20.4,19.2,16.7,15.6,14.9,13.6,11.5,11.6,2023105256,2026.7.22,栗東,アドマイヤマーズ,ラグプリンセス,田中成奉,社台ファーム,,
栗東,C,右,20260722,水,6:21,ナムラロダン,,牡,3,0,長谷川浩,,138.1,120.2,100.9,82.9,65.5,50.4,36.1,22.7,11.3,17.9,19.3,18.0,17.4,15.1,14.3,13.4,11.4,11.3,2023106223,2026.7.22,栗東,ミッキーアイル,サンクイーン2,奈村睦弘,谷川牧場,,
栗東,C,右,20260722,水,6:21,ビービークローサー,,牡,3,900,野中賢二,,137.2,117.2,98.8,81.8,66.3,51.4,36.2,22.6,11.1,20.0,18.4,17.0,15.5,14.9,15.2,13.6,11.5,11.1,2023100547,2026.7.22,栗東,グレーターロンドン,ハッピーベリンダ,坂東牧場,坂東牧場,,
栗東,C,右,20260722,水,6:21,ファンビッチャン,,牡,2,未出走,長谷川浩,,139.9,121.2,101.7,83.3,66.0,51.0,36.4,22.8,11.3,18.7,19.5,18.4,17.3,15.0,14.6,13.6,11.5,11.3,2024108230,2026.7.22,栗東,Justify,Doubled,増田和啓,"Nancy Shuford",,
栗東,C,右,20260722,水,6:21,マーゴットショット,,牡,3,0,小林真也,,144.3,123.8,103.3,84.1,67.4,51.9,36.8,23.1,11.6,20.5,20.5,19.2,16.7,15.5,15.1,13.7,11.5,11.6,2023100899,2026.7.22,栗東,ダノンスマッシュ,アッフェルマーレ,前田良平,下河辺牧場,,
栗東,C,右,20260722,水,6:21,ムーンパッセ,,牡,2,未出走,杉山晴紀,,139.5,120.1,100.9,83.4,67.4,51.9,37.0,23.2,11.3,19.4,19.2,17.5,16.0,15.5,14.9,13.8,11.9,11.3,2024100726,2026.7.22,栗東,コントレイル,オジョーノキセキ,井上香織,チャンピオンズファーム,,
栗東,C,右,20260722,水,6:21,ランブリングマン,,牡,3,400,前川恭子,,141.7,121.6,101.9,83.4,67.9,52.8,37.8,23.6,11.6,20.1,19.7,18.5,15.5,15.1,15.0,14.2,12.0,11.6,2023103837,2026.7.22,栗東,アポロケンタッキー,シレーナ,服部健太郎,ゼットステーブル,,
栗東,C,右,20260722,水,6:21,ワンダーヴァレル,,牝,3,未出走,杉山晴紀,,139.9,120.5,101.3,83.7,67.7,52.2,37.2,23.2,11.3,19.4,19.2,17.6,16.0,15.5,15.0,14.0,11.9,11.3,2023100165,2026.7.22,栗東,タワーオブロンドン,ワンダーアマービレ,山本能成,城地牧場,,
栗東,C,右,20260722,水,6:22,キーンセンス,,牡,3,400,松永幹夫,,137.2,118.9,99.3,81.6,66.9,52.3,37.8,23.6,11.5,18.3,19.6,17.7,14.7,14.6,14.5,14.2,12.1,11.5,2023110036,2026.7.22,栗東,Munnings,Canny,シルクレーシング,"Stonehaven Steadings",,
栗東,C,右,20260722,水,6:22,クァンタムウェーブ,,牡,4,1320,松永幹夫,,135.1,116.7,98.5,81.5,66.3,52.0,37.3,23.2,11.4,18.4,18.2,17.0,15.2,14.3,14.7,14.1,11.8,11.4,2022106395,2026.7.22,栗東,ナダル,クァンタムミス,キャロットファーム,田端牧場,,
栗東,C,右,20260722,水,6:22,クイーンズアイ,,牝,2,0,昆貢,,150.7,128.6,108.9,88.8,71.2,54.8,39.3,24.7,12.2,22.1,19.7,20.1,17.6,16.4,15.5,14.6,12.5,12.2,2024101015,2026.7.22,栗東,フォーウィールドライブ,スズカノジェリコ,高村勇一,"Blooming Farm",,
栗東,C,右,20260722,水,6:22,バラジ,,セ,7,2400,井上智史,,145.9,124.9,103.6,85.3,69.3,53.3,38.1,23.8,11.8,21.0,21.3,18.3,16.0,16.0,15.2,14.3,12.0,11.8,2019106698,2026.7.22,栗東,ヴァンセンヌ,シーダーアラジ,岡田牧雄,増本牧場,,
栗東,C,右,20260722,水,6:23,アイゼンハイム,,牡,3,0,辻野泰之,,,,,84.9,69.2,53.7,38.2,24.0,11.6,,,,15.7,15.5,15.5,14.2,12.4,11.6,2023100020,2026.7.22,栗東,サートゥルナーリア,ベラルーナ,江馬由将,上村清志,,
栗東,C,右,20260722,水,6:25,サイモンゼスト,,牡,3,400,谷潔,,144.8,124.6,103.7,84.4,67.5,51.4,36.4,23.3,11.4,20.2,20.9,19.3,16.9,16.1,15.0,13.1,11.9,11.4,2023102919,2026.7.22,栗東,サトノアラジン,ダノンエレガント,澤田昭紀,千代田牧場,,
栗東,C,右,20260722,水,6:25,ハヤブサカツオー,,牡,2,未出走,岡田稲男,,139.1,118.9,100.1,82.6,67.2,52.7,38.4,24.3,12.2,20.2,18.8,17.5,15.4,14.5,14.3,14.1,12.1,12.2,2024103393,2026.7.22,栗東,サートゥルナーリア,カツコ,武田修,新冠橋本牧場,,
栗東,C,右,20260722,水,6:25,ピュアノーブル,,牝,2,未出走,岡田稲男,,138.0,118.3,99.7,82.0,67.0,52.6,38.3,24.2,12.1,19.7,18.6,17.7,15.0,14.4,14.3,14.1,12.1,12.1,2024105997,2026.7.22,栗東,リオンディーズ,ピュアマインド,社台レースホース,社台ファーム,,
栗東,C,右,20260722,水,6:25,リサシテーション,,牡,3,1500,岡田稲男,,134.2,115.1,97.4,80.9,65.4,51.6,37.6,24.0,12.2,19.1,17.7,16.5,15.5,13.8,14.0,13.6,11.8,12.2,2023106651,2026.7.22,栗東,リオンディーズ,リヴァイバル,杉山忠国,明治牧場,,
栗東,C,右,20260722,水,6:30,プルメリアリノ,,牝,3,400,小栗実,,,,,84.8,67.8,52.1,37.4,23.6,11.9,,,,17.0,15.7,14.7,13.8,11.7,11.9,2023102213,2026.7.22,栗東,ミスチヴィアスアレックス,プルメリアミコ,武田浩典,まるとみ冨岡牧場,,
栗東,C,右,20260722,水,6:40,エポックヴィーナス,,牝,5,1500,新谷功一,,,,,,,50.7,35.0,22.0,10.9,,,,,,15.7,13.0,11.1,10.9,2021104153,2026.7.22,栗東,ヴィクトワールピサ,ベストオブミー,山田有暉朗,千代田牧場,,
栗東,C,右,20260722,水,6:43,マテンロウアワー,,牡,3,0,福永祐一,,,,,,,52.8,37.8,24.0,11.8,,,,,,15.0,13.8,12.2,11.8,2023110068,2026.7.22,栗東,Constitution,Stave,寺田千代乃,"Hinkle Farms",,
栗東,C,右,20260722,水,6:48,オオアバレ,,牡,3,0,奥村豊,,,,,84.4,68.7,53.7,38.3,23.8,11.9,,,,15.7,15.0,15.4,14.5,11.9,11.9,2023105916,2026.7.22,栗東,ゴールドドリーム,イントゥゾーン,幅田京子,絵笛牧場,,
栗東,C,右,20260722,水,6:48,レッドブライトン,,牡,3,0,奥村豊,,,,,83.6,68.2,53.2,37.8,23.5,11.7,,,,15.4,15.0,15.4,14.3,11.8,11.7,2023107357,2026.7.22,栗東,ミッキーアイル,レーゲンボーゲン,東京ホースレーシング,ノーザンファーム,,
栗東,C,右,20260722,水,6:50,ケーブパール,,牝,5,1500,友道康夫,,,,,91.6,70.4,52.0,36.4,22.3,10.9,,,,21.2,18.4,15.6,14.1,11.4,10.9,2021105161,2026.7.22,栗東,ブリックスアンドモルタル,ハナレイムーン,金子真人ホールディングス,社台ファーム,,
栗東,C,右,20260722,水,6:52,ルージュエピック,,牝,3,0,田中克典,,138.3,119.0,99.3,81.2,65.9,51.1,37.0,23.7,12.0,19.3,19.7,18.1,15.3,14.8,14.1,13.3,11.7,12.0,2023106616,2026.7.22,栗東,クリソベリル,エターナルディーバ,東京ホースレーシング,辻牧場,,
栗東,C,右,20260722,水,6:52,レッドボブ,,牡,4,900,田中克典,,138.8,119.5,99.7,81.6,66.2,51.4,37.2,23.8,12.0,19.3,19.8,18.1,15.4,14.8,14.2,13.4,11.8,12.0,2022105055,2026.7.22,栗東,レッドファルクス,マコトクラダリング,エースレーシング,ノーザンファーム,,
栗東,C,右,20260722,水,6:53,ウインクローバー,,牝,2,未出走,宮本博,,141.3,120.2,100.5,83.0,67.7,52.8,37.7,23.1,11.4,21.1,19.7,17.5,15.3,14.9,15.1,14.6,11.7,11.4,2024100762,2026.7.22,栗東,レイデオロ,ヤマノグラス,ウイン,チャンピオンズファーム,,
栗東,C,右,20260722,水,6:53,ゲインサポート,,セ,5,400,秋山真一,,141.8,119.2,99.9,82.9,68.0,53.6,38.4,23.9,11.8,22.6,19.3,17.0,14.9,14.4,15.2,14.5,12.1,11.8,2021104590,2026.7.22,栗東,デクラレーションオブウォー,ローザミスティカ,中越達也,矢野牧場,,
栗東,C,右,20260722,水,6:53,ダーコ,,牝,3,未出走,長谷川浩,,,,,,,53.6,38.8,24.7,12.2,,,,,,14.8,14.1,12.5,12.2,2023103497,2026.7.22,栗東,ロードカナロア,ノーワン,増田和啓,社台ファーム,,
栗東,C,右,20260722,水,6:53,レーヴドリュヌ,,牝,3,0,宮本博,,144.1,122.0,101.8,84.0,68.5,53.6,38.3,23.5,11.6,22.1,20.2,17.8,15.5,14.9,15.3,14.8,11.9,11.6,2023102073,2026.7.22,栗東,オルフェーヴル,ピエールドリュヌ,ターフ・スポート,高村牧場,,
栗東,C,右,20260722,水,6:57,ガビーズデトワール,,牝,3,0,牧田和弥,,138.8,118.6,99.2,82.2,67.2,52.3,37.2,23.3,11.8,20.2,19.4,17.0,15.0,14.9,15.1,13.9,11.5,11.8,2023106213,2026.7.22,栗東,アポロケンタッキー,アンジュデトワール,長島和彦,へいはた牧場,,
栗東,C,右,20260722,水,6:57,シェーラ,,牝,4,400,牧田和弥,,137.4,117.7,98.4,81.9,67.0,52.1,37.1,23.3,11.8,19.7,19.3,16.5,14.9,14.9,15.0,13.8,11.5,11.8,2022102139,2026.7.22,栗東,フィエールマン,ザッハトルテ,永田和彦,森永牧場,,
栗東,C,右,20260722,水,6:58,エターナルプロミス,,牝,4,900,茶木太樹,,141.7,120.8,101.1,82.7,67.1,51.7,36.5,22.8,11.2,20.9,19.7,18.4,15.6,15.4,15.2,13.7,11.6,11.2,2022104917,2026.7.22,栗東,ドレフォン,ディライトプロミス,シルクレーシング,ノーザンファーム,,
栗東,C,右,20260722,水,6:58,ダノンアズール,,牡,2,未出走,茶木太樹,,143.4,122.2,102.4,84.1,68.5,52.9,37.7,24.1,12.1,21.2,19.8,18.3,15.6,15.6,15.2,13.6,12.0,12.1,2024106361,2026.7.22,栗東,ダノンキングリー,ショウリュウハル,ダノックス,ノーザンファーム,,
栗東,C,右,20260722,水,6:58,ノーマンデー,,牡,2,未出走,茶木太樹,,144.9,123.5,103.5,84.9,69.3,53.4,38.1,24.2,12.2,21.4,20.0,18.6,15.6,15.9,15.3,13.9,12.0,12.2,2024104498,2026.7.22,栗東,サートゥルナーリア,ダイワプロパー,竹内真,静内フジカワ牧場,,
栗東,C,右,20260722,水,6:58,ルバート,,牡,2,未出走,茶木太樹,,145.6,123.9,103.7,85.1,69.5,53.8,38.3,24.0,12.0,21.7,20.2,18.6,15.6,15.7,15.5,14.3,12.0,12.0,2024107023,2026.7.22,栗東,ルーラーシップ,タイムハンドラー,G1レーシング,社台コーポレーション白老ファーム,,
栗東,C,右,20260722,水,6:59,クリコバロー,,牡,3,0,渡辺薫彦,,137.5,118.1,99.0,80.9,66.1,51.8,37.6,24.3,12.5,19.4,19.1,18.1,14.8,14.3,14.2,13.3,11.8,12.5,2023101412,2026.7.22,栗東,ロジャーバローズ,クリノリトミシュル,栗本依利子,宝寄山拓樹,,
栗東,C,右,20260722,水,6:59,チアフルラン,,牡,3,0,渡辺薫彦,,140.6,122.3,103.2,85.0,70.4,56.0,41.8,28.5,16.6,18.3,19.1,18.2,14.6,14.4,14.2,13.3,11.9,16.6,2023104747,2026.7.22,栗東,シャンハイボビー,プレイズラン,岡村善行,山岡ファーム,,
栗東,C,右,20260722,水,7:02,サーディンラン,,牡,3,400,武英智,,143.6,123.0,103.0,84.7,68.2,52.5,37.4,23.5,11.8,20.6,20.0,18.3,16.5,15.7,15.1,13.9,11.7,11.8,2023103440,2026.7.22,栗東,レイデオロ,ジョイエピフォラ,谷掛龍夫,社台ファーム,,
栗東,C,右,20260722,水,7:02,バトルナイト,,牡,2,未出走,武英智,,143.0,122.7,102.9,84.4,68.0,52.4,37.2,23.5,11.9,20.3,19.8,18.5,16.4,15.6,15.2,13.7,11.6,11.9,2024104201,2026.7.22,栗東,ベンバトル,エヴォリューション,安原浩司,岡田牧場,,
栗東,C,右,20260722,水,7:02,ペプチドヤマト,,牡,7,3600,武英智,,142.0,122.1,102.4,83.8,67.5,52.0,36.8,23.3,11.8,19.9,19.7,18.6,16.3,15.5,15.2,13.5,11.5,11.8,2019103605,2026.7.22,栗東,ドレフォン,ペプチドルビー,沼川一彦,杵臼牧場,,
栗東,C,右,20260722,水,7:09,ジョータルマエ,,セ,6,900,河嶋宏樹,,140.5,119.5,99.2,82.0,66.8,52.3,37.5,23.5,11.8,21.0,20.3,17.2,15.2,14.5,14.8,14.0,11.7,11.8,2020100771,2026.7.22,栗東,ホッコータルマエ,ジョーイロンデル,上田江吏子,斉藤政志,,
栗東,C,右,20260722,水,7:09,セーニョレガーレ,,牝,2,未出走,河嶋宏樹,,141.3,119.8,99.8,82.1,67.1,52.6,37.5,23.3,11.5,21.5,20.0,17.7,15.0,14.5,15.1,14.2,11.8,11.5,2024105735,2026.7.22,栗東,オルフェーヴル,アリエノール,社台レースホース,社台ファーム,,
栗東,C,右,20260722,水,7:09,ナムラヴンダー,,牡,3,0,河嶋宏樹,,141.9,120.2,100.1,82.5,67.4,52.8,37.6,23.4,11.6,21.7,20.1,17.6,15.1,14.6,15.2,14.2,11.8,11.6,2023106243,2026.7.22,栗東,キセキ,ナムラジュノー,奈村睦弘,藤本直弘,,
栗東,C,右,20260722,水,7:10,エクリュ,,牝,3,400,井上智史,,137.8,117.8,98.1,80.8,65.7,51.1,36.0,22.8,11.7,20.0,19.7,17.3,15.1,14.6,15.1,13.2,11.1,11.7,2023104305,2026.7.22,栗東,レイデオロ,ファミーユボヌール,原禮子,長浜牧場,,
栗東,C,右,20260722,水,7:10,シャインロード,,牡,2,0,井上智史,,142.5,121.8,102.1,84.7,69.3,54.2,38.9,25.0,12.8,20.7,19.7,17.4,15.4,15.1,15.3,13.9,12.2,12.8,2024107339,2026.7.22,栗東,タワーオブロンドン,ハマギク,MRS,パカパカファーム,,
栗東,C,右,20260722,水,7:10,ホウオウサンデー,,牡,8,900,井上智史,,137.1,117.3,97.8,80.2,65.6,50.9,36.0,23.0,11.9,19.8,19.5,17.6,14.6,14.7,14.9,13.0,11.1,11.9,2018105047,2026.7.22,栗東,キングカメハメハ,サンデースマイル2,小笹芳央,ノーザンファーム,,
栗東,C,右,20260722,水,7:13,ヴィエントデコラ,,牡,3,400,寺島良,,,,,,,53.9,38.4,24.3,12.2,,,,,,15.5,14.1,12.1,12.2,2023103677,2026.7.22,栗東,ルヴァンスレーヴ,イッツオンリーアクティングダッド,G1レーシング,追分ファーム,,
栗東,C,右,20260722,水,7:14,ゼロヴィジビリティ,,牡,3,900,寺島良,,,,,83.4,67.7,53.1,37.9,23.7,11.7,,,,15.7,14.6,15.2,14.2,12.0,11.7,2023101157,2026.7.22,栗東,ディスクリートキャット,ブルーミスト,ゴドルフィン,ダーレー・ジャパン・ファーム,,
栗東,C,右,20260722,水,7:14,ハッピーマン,,牡,4,6330,寺島良,,,,,85.3,69.2,54.1,38.5,24.1,11.9,,,,16.1,15.1,15.6,14.4,12.2,11.9,2022100140,2026.7.22,栗東,ダノンレジェンド,ベルミュール,田邉滋久,桑田牧場,,
栗東,C,右,20260722,水,7:22,アースグリッパー,,牝,2,0,秋山真一,,,,,85.7,69.0,53.5,38.6,24.7,12.4,,,,16.7,15.5,14.9,13.9,12.3,12.4,2024100733,2026.7.22,栗東,ヘニーヒューズ,シーイズチャンプ,中越達也,チャンピオンズファーム,,
栗東,C,右,20260722,水,7:22,ダイメイアゲイン,,牡,2,未出走,秋山真一,,,,,83.4,67.2,51.4,37.3,24.0,11.8,,,,16.2,15.8,14.1,13.3,12.2,11.8,2024100510,2026.7.22,栗東,ダノンキングリー,デルマヒジリ,宮本孝一,白井牧場,,
栗東,C,右,20260722,水,7:22,テラレガル,,牡,2,未出走,秋山真一,,,,,84.9,68.6,53.0,38.4,24.7,12.4,,,,16.3,15.6,14.6,13.7,12.3,12.4,2024101678,2026.7.22,栗東,ルーラーシップ,アースプレイ,安原浩司,ガーベラパークスタツド,,
栗東,C,右,20260722,水,7:44,テーオーエリーナ,,牝,3,0,宮徹,,,,,,,51.1,37.4,24.0,12.1,,,,,,13.7,13.4,11.9,12.1,2023106634,2026.7.22,栗東,ベストウォーリア,マロンコート,小笹公也,村上牧場,,
栗東,C,右,20260722,水,7:45,エコログロウ,,牡,3,400,牧浦充徳,,139.8,121.2,101.8,83.3,66.8,51.6,37.2,23.2,11.5,18.6,19.4,18.5,16.5,15.2,14.4,14.0,11.7,11.5,2023100961,2026.7.22,栗東,ドレフォン,ペイザージュ,原村正紀,下河辺牧場,,
栗東,C,右,20260722,水,7:45,エコロディアン,,牝,3,0,牧浦充徳,,141.5,122.8,103.1,84.3,67.6,52.7,38.1,23.5,11.5,18.7,19.7,18.8,16.7,14.9,14.6,14.6,12.0,11.5,2023107273,2026.7.22,栗東,シスキン,メッシーナ,原村正紀,ノーザンファーム,,
栗東,C,右,20260722,水,7:45,カモメガトンダ,,牝,3,400,今野貞一,,,,,,,54.3,38.2,24.2,12.2,,,,,,16.1,14.0,12.0,12.2,2023103611,2026.7.22,栗東,サートゥルナーリア,レーヌジャルダン,谷掛龍夫,社台ファーム,,
栗東,C,右,20260722,水,7:50,ウィテカービート,,牡,4,400,昆貢,,142.7,122.3,102.8,84.6,67.7,52.4,37.5,23.6,11.6,20.4,19.5,18.2,16.9,15.3,14.9,13.9,12.0,11.6,2022105936,2026.7.22,栗東,サトノアラジン,シルショコラティエ,NICKS,橋本牧場,,
栗東,C,右,20260722,水,7:50,ルルフィーユ,,牝,5,490,谷潔,,157.0,129.1,104.3,82.3,65.7,51.4,37.1,23.4,11.5,27.9,24.8,22.0,16.6,14.3,14.3,13.7,11.9,11.5,2021102894,2026.7.22,栗東,マクフィ,デューフォール,酒井孝敏,谷川牧場,,
栗東,C,右,20260722,水,7:51,ウェイヴムーン,,牡,3,0,石坂公一,,140.5,120.2,99.8,81.7,66.7,52.0,37.3,23.7,12.1,20.3,20.4,18.1,15.0,14.7,14.7,13.6,11.6,12.1,2023103332,2026.7.22,栗東,キズナ,インフレイムド,犬塚悠治郎,社台ファーム,,
栗東,C,右,20260722,水,7:51,ジャッキーバローズ,,牡,3,0,石坂公一,,141.2,120.8,100.3,82.2,67.1,52.5,37.5,23.8,12.1,20.4,20.5,18.1,15.1,14.6,15.0,13.7,11.7,12.1,2023100098,2026.7.22,栗東,クリソベリル,レガーロブロッサム,猪熊広次,木下牧場,,
栗東,C,右,20260722,水,7:53,オリンポスカズマ,,牡,6,400,平田修,,,,,87.5,71.1,55.7,39.8,24.7,12.2,,,,16.4,15.4,15.9,15.1,12.5,12.2,2020102013,2026.7.22,栗東,ヴィクトワールピサ,サクラサクラサクラ,吉田和美,野島牧場,,
栗東,C,右,20260722,水,7:55,ハッピーダンチャン,,牡,4,900,小椋研介,,,,,,,56.3,40.4,25.8,13.2,,,,,,15.9,14.6,12.6,13.2,2022100529,2026.7.22,栗東,ダンカーク,ハッピーエム,三宅勝俊,沖田博志,,
栗東,C,右,20260722,水,7:58,グロリアスニケ,,牝,3,0,千田輝彦,,,,,,,53.6,37.6,23.3,11.8,,,,,,16.0,14.3,11.5,11.8,2023102113,2026.7.22,栗東,グロリアスノア,サヤネエ,竹森幹雄,辻牧場,,
栗東,C,右,20260722,水,7:58,ダノンステート,,牡,3,0,千田輝彦,,,,,,,55.9,39.9,24.9,12.0,,,,,,16.0,15.0,12.9,12.0,2023105024,2026.7.22,栗東,シルバーステート,マダムヴェステル,ダノックス,三嶋牧場,,
栗東,C,右,20260722,水,7:58,ディアナザール,,牡,4,2400,斉藤崇史,,139.5,118.9,99.4,81.5,65.9,51.5,37.1,23.0,11.2,20.6,19.5,17.9,15.6,14.4,14.4,14.1,11.8,11.2,2022104933,2026.7.22,栗東,ロードカナロア,ドナウブルー,サンデーレーシング,ノーザンファーム,,
栗東,C,右,20260722,水,7:58,マサハヤルージュ,,牝,3,0,千田輝彦,,,,,,,55.0,39.7,24.9,12.1,,,,,,15.3,14.8,12.8,12.1,2023103357,2026.7.22,栗東,シャンハイボビー,エレベル,ドリーム&Dream,社台ファーム,,
栗東,C,右,20260722,水,7:58,ラミエルノムスコ,,牡,3,0,千田輝彦,,,,,,,57.5,40.1,24.5,11.9,,,,,,17.4,15.6,12.6,11.9,2023103248,2026.7.22,栗東,シルバーステート,ラミエル,桑畑夏美,前谷牧場,,
栗東,C,右,20260722,水,7:58,ララファキュルテ,,牡,3,400,斉藤崇史,,139.0,118.5,98.9,81.1,65.6,51.1,36.8,22.8,11.2,20.5,19.6,17.8,15.5,14.5,14.3,14.0,11.6,11.2,2023102845,2026.7.22,栗東,シスキン,ビットレート,フジイ興産,田中裕之,,
美浦,D,左,20260722,水,4:58,ボールドゾーン,,牡,6,1500,木村哲也,157.6,134.9,116.0,99.2,83.3,68.1,52.5,37.3,23.6,11.5,18.9,16.8,15.9,15.2,15.6,15.2,13.7,12.1,11.5,2020110130,2026.7.22,美浦,Mendelssohn,"Halo Dolly",シルクレーシング,"Spendthrift Farm LLC",,
美浦,D,左,20260722,水,4:59,エラガバリウム,,セ,3,0,千葉直人,174.0,148.9,125.0,104.3,87.1,69.8,53.0,37.9,23.6,11.0,23.9,20.7,17.2,17.3,16.8,15.1,14.3,12.6,11.0,2023107335,2026.7.22,美浦,レイデオロ,レッドオリヴィア,吉田和美,ノーザンファーム,,
美浦,D,左,20260722,水,4:59,ファリーザ,,牝,4,1500,千葉直人,172.6,147.9,123.9,103.0,85.8,68.9,52.1,37.1,23.2,11.1,24.0,20.9,17.2,16.9,16.8,15.0,13.9,12.1,11.1,2022105564,2026.7.22,美浦,ジャスタウェイ,ルーラ,吉田千津,社台ファーム,,
美浦,D,左,20260722,水,4:59,ミュージックレイン,,牝,3,0,村田一誠,158.9,135.4,117.1,99.5,83.4,67.4,52.7,38.1,24.5,12.2,18.3,17.6,16.1,16.0,14.7,14.6,13.6,12.3,12.2,2023104810,2026.7.22,美浦,マテラスカイ,ミスティレイン,阿南雅浩,スイートフアーム,,
美浦,D,左,20260722,水,5:00,アンパドゥ,,牡,5,2400,木村哲也,,,,,84.4,68.0,53.4,38.6,24.1,11.2,,,,16.4,14.6,14.8,14.5,12.9,11.2,2021110030,2026.7.22,美浦,Iffraaj,"Latharna Skies",ゴドルフィン,Godolphin,,
美浦,D,左,20260722,水,5:00,ゲクウ,,牡,4,900,小手川準,,,,,88.3,69.7,53.6,39.3,25.4,12.2,,,,18.6,16.1,14.3,13.9,13.2,12.2,2022103739,2026.7.22,美浦,スズカコーズウェイ,キスミーローズ,鈴木剛史,グランド牧場,,
美浦,D,左,20260722,水,5:00,ココナッツコースト,,牝,3,0,木村哲也,,,,,84.3,67.9,53.3,38.5,24.0,11.2,,,,16.4,14.6,14.8,14.5,12.8,11.2,2023103366,2026.7.22,美浦,モーリス,カウアイレーン,社台レースホース,社台ファーム,,
美浦,D,左,20260722,水,5:00,コスモバルムンク,,牡,2,0,小手川準,,,,,87.8,68.9,52.9,38.0,23.8,11.1,,,,18.9,16.0,14.9,14.2,12.7,11.1,2024103610,2026.7.22,美浦,ダノンバラード,ナーゲルリング,ビッグレッドファーム,ビッグレッドファーム,,
美浦,D,左,20260722,水,5:00,サンダーストラック,,牡,3,2450,木村哲也,,,,,84.8,67.6,52.3,37.8,23.7,11.0,,,,17.2,15.3,14.5,14.1,12.7,11.0,2023107053,2026.7.22,美浦,ロードカナロア,シーブルック,キャロットファーム,ノーザンファーム,,
美浦,D,左,20260722,水,5:00,スカイドリーマー,,牝,3,0,木村哲也,,,,,84.6,68.2,53.5,38.8,24.3,11.2,,,,16.4,14.7,14.7,14.5,13.1,11.2,2023104406,2026.7.22,美浦,コントレイル,フォローアドリーム,前田幸大,ノースヒルズ,,
美浦,D,左,20260722,水,5:00,ゼンノスタニング,,牡,3,0,小手川準,,,,,86.7,69.1,53.4,37.6,23.6,11.2,,,,17.6,15.7,15.8,14.0,12.4,11.2,2023104611,2026.7.22,美浦,シルバーステート,クーファウェヌス,大迫久美子,村上欽哉,,
美浦,D,左,20260722,水,5:00,ティラーノ,,牡,3,400,小手川準,,,,,87.0,67.8,51.9,37.4,23.5,11.1,,,,19.2,15.9,14.5,13.9,12.4,11.1,2023101855,2026.7.22,美浦,ゴールドシップ,モハー,北山敏隆,ヒダカフアーム,,
美浦,D,左,20260722,水,5:00,トリリオンボーイ,,セ,4,2400,武井亮,,,,,85.5,68.2,52.3,37.7,23.9,11.4,,,,17.3,15.9,14.6,13.8,12.5,11.4,2022102493,2026.7.22,美浦,マクフィ,フィメールモナーク,武田美香,様似共栄牧場,,
美浦,D,左,20260722,水,5:00,ナイトスラッガー,,牡,5,900,小手川準,,,,,85.5,67.0,51.4,36.9,23.3,10.9,,,,18.5,15.6,14.5,13.6,12.4,10.9,2021101603,2026.7.22,美浦,ルーラーシップ,トーホウアマポーラ,東豊物産,竹島幸治,,
美浦,D,左,20260722,水,5:00,フィールドノート,,牡,4,400,木村哲也,,,,,84.6,67.4,52.1,37.6,23.6,11.0,,,,17.2,15.3,14.5,14.0,12.6,11.0,2022107186,2026.7.22,美浦,ロードカナロア,フィンレイズラッキーチャーム,サンデーレーシング,ノーザンファーム,,
美浦,D,左,20260722,水,5:00,ミエノフェアリー,,牝,4,400,古賀慎明,,,,,85.6,67.9,51.8,37.7,24.0,11.4,,,,17.7,16.1,14.1,13.7,12.6,11.4,2022102064,2026.7.22,美浦,キズナ,ファータグリーン,里見美惠子,本間牧場,,
美浦,D,左,20260722,水,5:00,ミスバレンシア,,牝,3,400,武井亮,,,,,84.9,67.8,51.7,37.3,23.5,11.4,,,,17.1,16.1,14.4,13.8,12.1,11.4,2023103361,2026.7.22,美浦,ロジャーバローズ,オレンジティアラ,吉田照哉,社台ファーム,,
美浦,D,左,20260722,水,5:00,メリティス,,牝,3,0,嘉藤貴行,,,,,83.4,66.5,51.1,37.4,24.1,11.6,,,,16.9,15.4,13.7,13.3,12.5,11.6,2023106369,2026.7.22,美浦,パイロ,テイストオブハニー,フクキタル,パカパカファーム,,
美浦,D,左,20260722,水,5:00,レッドレガリア,,牡,3,0,木村哲也,,,,,85.1,67.9,52.6,38.0,23.9,11.2,,,,17.2,15.3,14.6,14.1,12.7,11.2,2023107340,2026.7.22,美浦,エピファネイア,レッドファンタジア,東京ホースレーシング,ノーザンファーム,,
美浦,D,左,20260722,水,5:00,ヴァズレーヌ,,牝,5,900,嘉藤貴行,,,,,82.1,66.9,52.0,37.2,23.3,11.3,,,,15.2,14.9,14.8,13.9,12.0,11.3,2021106707,2026.7.22,美浦,フリオーソ,ルヴェソンヴェール,ノルマンディーサラブレッドレーシング,ハシモトフアーム,,
美浦,D,左,20260722,水,5:01,エターナルシルバー,,牡,4,0,中舘英二,,,,,82.4,65.5,50.7,36.6,23.5,11.7,,,,16.9,14.8,14.1,13.1,11.8,11.7,2022106737,2026.7.22,美浦,シルバーステート,フォーエヴァーユアーズ,広尾レース,パカパカファーム,,
美浦,D,左,20260722,水,5:01,カウスリップ,,牝,4,1500,中舘英二,,,,,80.9,64.6,49.8,35.7,22.8,11.4,,,,16.3,14.8,14.1,12.9,11.4,11.4,2022100627,2026.7.22,美浦,ロードカナロア,キープセイク,中村祐子,ケイアイファーム,,
美浦,D,左,20260722,水,5:01,ガジュノリ,,牝,5,1500,尾形和幸,,,,,83.8,67.5,52.2,37.7,23.9,11.5,,,,16.3,15.3,14.5,13.8,12.4,11.5,2021101724,2026.7.22,美浦,サトノダイヤモンド,ガジュマル,中谷典生,チャンピオンズファーム,,
美浦,D,左,20260722,水,5:01,サトノフレア,,牡,3,0,堀宣行,,,,,83.4,65.3,50.0,35.7,22.6,11.1,,,,18.1,15.3,14.3,13.1,11.5,11.1,2023105904,2026.7.22,美浦,サトノジェネシス,サトノソレイユ,里見治,谷川牧場,,
美浦,D,左,20260722,水,5:01,サンセットブライト,,牝,5,1500,相沢郁,,,,,87.9,69.3,53.3,38.7,24.6,11.6,,,,18.6,16.0,14.6,14.1,13.0,11.6,2021102753,2026.7.22,美浦,ホッコータルマエ,デルマオサキ,神田紘爾,金成吉田牧場,,
美浦,D,左,20260722,水,5:01,ショウナンタハティ,,牡,4,200,中舘英二,,,,,84.5,67.6,52.7,38.3,24.2,11.8,,,,16.9,14.9,14.4,14.1,12.4,11.8,2022103911,2026.7.22,美浦,ドレフォン,ショウナンマシェリ,湘南,静内フアーム,,
美浦,D,左,20260722,水,5:01,ノーザンタイタン,,牝,3,400,中舘英二,,,,,81.5,65.0,50.2,36.0,23.1,11.5,,,,16.5,14.8,14.2,12.9,11.6,11.5,2023105275,2026.7.22,美浦,モーリス,オーサムウインド,村元康,ノーザンファーム,,
美浦,D,左,20260722,水,5:01,バーヴァンシー,,牝,3,0,村田一誠,,,,,,,51.8,36.6,23.6,11.6,,,,,,15.2,13.0,12.0,11.6,2023104394,2026.7.22,美浦,リオンリオン,スイートメドゥーサ,ノースヒルズ,ノースヒルズ,,
美浦,D,左,20260722,水,5:01,ヒラボクキャンティ,,牝,3,未出走,村田一誠,,,,,,,51.5,36.7,23.8,11.9,,,,,,14.8,12.9,11.9,11.9,2023102005,2026.7.22,美浦,デクラレーションオブウォー,ヒラボクスペシャル,平田牧場,鎌田正嗣,,
美浦,D,左,20260722,水,5:01,ベルウッドピース,,牡,3,400,中舘英二,,,,,84.8,68.0,52.9,38.5,24.3,11.8,,,,16.8,15.1,14.4,14.2,12.5,11.8,2023101642,2026.7.22,美浦,マジェスティックウォリアー,アオイシチフク,鈴木正一,市川フアーム,,
美浦,D,左,20260722,水,5:01,ペルシアーノ,,牝,3,0,相沢郁,,,,,86.6,67.6,51.9,37.9,24.0,11.3,,,,19.0,15.7,14.0,13.9,12.7,11.3,2023100653,2026.7.22,美浦,ダノンプレミアム,スピアーノ,シミズレーシング,荒井ファーム,,
美浦,D,左,20260722,水,5:01,ホウキボシ,,セ,6,900,堀宣行,,,,,84.9,66.8,51.5,36.6,23.5,11.9,,,,18.1,15.3,14.9,13.1,11.6,11.9,2020110058,2026.7.22,美浦,Zoustar,"La Collina",ゴドルフィン,"Kenilworth House Stud",,
美浦,D,左,20260722,水,5:01,ミッキーファルコン,,牡,3,400,堀宣行,,,,,86.6,68.0,52.5,37.8,24.7,12.6,,,,18.6,15.5,14.7,13.1,12.1,12.6,2023107259,2026.7.22,美浦,エピファネイア,ミッキークイーン,野田みづき,ノーザンファーム,,
美浦,D,左,20260722,水,5:01,ライヴバーボン,,牝,2,未出走,尾形和幸,,,,,83.5,67.2,52.0,37.5,23.8,11.5,,,,16.3,15.2,14.5,13.7,12.3,11.5,2024102446,2026.7.22,美浦,カリフォルニアクローム,コシミノダンサー,澤田孝之,大島牧場,,
美浦,D,左,20260722,水,5:01,ルクソールカフェ,,牡,4,5100,堀宣行,,,,,84.6,66.3,51.2,36.1,23.2,11.5,,,,18.3,15.1,15.1,12.9,11.7,11.5,2022110083,2026.7.22,美浦,"American Pharoah","Mary's Follies",西川光一,"Orpendale/Chelston/Wynatt & Westerberg Ireland ULC",,
美浦,D,左,20260722,水,5:01,ロンバスブレス,,牝,3,0,石栗龍彦,,,,,86.2,68.3,52.2,38.0,24.5,11.6,,,,17.9,16.1,14.2,13.5,12.9,11.6,2023106053,2026.7.22,美浦,イスラボニータ,プリンセスヨウク,ライオンレースホース,坂東牧場,,
美浦,D,左,20260722,水,5:02,エコロバロン,,牡,3,400,菊沢隆徳,,,,,87.3,69.4,54.0,38.5,24.4,12.0,,,,17.9,15.4,15.5,14.1,12.4,12.0,2023104992,2026.7.22,美浦,フォーウィールドライブ,アイコニック,原村正紀,三嶋牧場,,
美浦,D,左,20260722,水,5:02,エートレイン,,牡,2,未出走,岩戸孝樹,,,,,84.6,68.4,52.6,37.6,23.5,11.4,,,,16.2,15.8,15.0,14.1,12.1,11.4,2024101183,2026.7.22,美浦,エフフォーリア,シーサイドホーム,千明牧場,門別牧場,,
美浦,D,左,20260722,水,5:02,オペレッタテソーロ,,牝,2,未出走,菊川正達,,,,,84.5,67.6,52.5,37.4,23.3,11.3,,,,16.9,15.1,15.1,14.1,12.0,11.3,2024101272,2026.7.22,美浦,キタサンブラック,セバーンテソーロ,了徳寺健二ホールディングス,リョーケンファーム,,
美浦,D,左,20260722,水,5:02,カシノスパーク,,牡,3,400,天間昭一,,,,,87.6,68.9,52.8,37.9,23.7,11.1,,,,18.7,16.1,14.9,14.2,12.6,11.1,2023105779,2026.7.22,美浦,ロジャーバローズ,ビジューブランシュ,柏木務,グッドラック・ファーム,,
美浦,D,左,20260722,水,5:02,シャインアルプス,,牝,3,0,中川公成,,,,,85.8,67.3,51.6,36.5,23.3,11.3,,,,18.5,15.7,15.1,13.2,12.0,11.3,2023107234,2026.7.22,美浦,シルバーステート,マイエンフェルト,シルクレーシング,ノーザンファーム,,
美浦,D,左,20260722,水,5:02,スマイルディシー,,牝,4,400,中川公成,,,,,86.5,69.2,54.3,40.0,26.1,12.7,,,,17.3,14.9,14.3,13.9,13.4,12.7,2022104271,2026.7.22,美浦,ディスクリートキャット,カジノスマイル,高篠憲一,橋本牧場,,
美浦,D,左,20260722,水,5:02,ノベンバーベイズ,,牝,3,0,岩戸孝樹,,,,,83.4,67.5,52.0,37.1,23.3,11.2,,,,15.9,15.5,14.9,13.8,12.1,11.2,2023102900,2026.7.22,美浦,ダノンスマッシュ,ココナッツスルー,飯田正剛,千代田牧場,,
美浦,D,左,20260722,水,5:02,ノーブルミステリー,,牝,6,400,菊川正達,,,,,83.3,66.0,51.1,37.0,23.2,11.2,,,,17.3,14.9,14.1,13.8,12.0,11.2,2020106429,2026.7.22,美浦,ディーマジェスティ,マウンテンミステリー,吉木伸彦,金成吉田牧場,,
美浦,D,左,20260722,水,5:02,ハルノアラシ,,牡,4,400,相沢郁,,,,,87.0,68.5,52.6,37.6,23.4,11.3,,,,18.5,15.9,15.0,14.2,12.1,11.3,2022106099,2026.7.22,美浦,ミスターメロディ,ヒメベニサクラ,河内孝夫,大狩部牧場,,
美浦,D,左,20260722,水,5:02,ビーズスティンガー,,牝,2,未出走,中川公成,,,,,85.4,67.2,51.5,36.5,23.3,11.4,,,,18.2,15.7,15.0,13.2,11.9,11.4,2024102989,2026.7.22,美浦,ダノンスマッシュ,スコルピオンキッス,ウエスト.フォレスト.ステイブル,カミイスタット,,
美浦,D,左,20260722,水,5:02,マーゴットライズ,,牡,3,0,伊坂重信,,,,,89.2,70.2,54.1,38.8,24.1,11.7,,,,19.0,16.1,15.3,14.7,12.4,11.7,2023106889,2026.7.22,美浦,インディチャンプ,ウェイクミーアップ,前田良平,ノーザンファーム,,
美浦,D,左,20260722,水,5:02,モンツァフレイバー,,牡,4,0,久保田貴,,,,,86.5,70.2,54.7,39.1,24.5,12.0,,,,16.3,15.5,15.6,14.6,12.5,12.0,2022103181,2026.7.22,美浦,エピファネイア,メープルフレイバー,尾田信夫,丸幸小林牧場,,
美浦,D,左,20260722,水,5:02,ヨドノプレミアム,,牡,2,未出走,菊川正達,,,,,84.7,67.7,52.5,37.4,23.3,11.3,,,,17.0,15.2,15.1,14.1,12.0,11.3,2024102735,2026.7.22,美浦,ダノンプレミアム,サフランハーモニー,海原聖一,林農場,,
美浦,D,左,20260722,水,5:02,ルークスイテルム,,牡,2,未出走,中川公成,,,,,85.8,68.9,54.1,39.7,25.6,12.3,,,,16.9,14.8,14.4,14.1,13.3,12.3,2024104167,2026.7.22,美浦,マインドユアビスケッツ,ヘレナモルフォ,岡田牧雄,岡田スタツド,,
美浦,D,左,20260722,水,5:02,ワディアルリヤハ,,牝,3,400,中舘英二,,,,,83.7,66.6,51.2,36.7,23.1,11.1,,,,17.1,15.4,14.5,13.6,12.0,11.1,2023107372,2026.7.22,美浦,"St Mark's Basilica",ワディハッタ,吉田勝己,ノーザンファーム,,
美浦,D,左,20260722,水,5:02,ヴェントリナ,,牝,2,0,相沢郁,,,,,84.8,66.6,51.7,36.8,23.2,11.4,,,,18.2,14.9,14.9,13.6,11.8,11.4,2024101041,2026.7.22,美浦,ゴールドシップ,ライフアンドソウル,サラブレッドクラブ・ラフィアン,宝寄山拓樹,,
美浦,D,左,20260722,水,5:02,ヴォルールドクール,,牝,2,未出走,伊坂重信,,,,,88.7,69.9,53.9,38.6,23.9,11.7,,,,18.8,16.0,15.3,14.7,12.2,11.7,2024102642,2026.7.22,美浦,ニューイヤーズデイ,ジェトライ,岡田牧雄,鮫川フアーム,,
美浦,D,左,20260722,水,5:03,アラレタバシル,,牡,5,1500,松尾卓哉,,,,,82.8,66.4,50.8,36.5,23.2,11.3,,,,16.4,15.6,14.3,13.3,11.9,11.3,2021107192,2026.7.22,美浦,ケープブランコ,クサナギノツルギ,福田光博,トラストスリーファーム,,
美浦,D,左,20260722,水,5:03,ウィルステート,,牡,2,未出走,黒岩陽一,,,,,81.4,66.7,51.9,37.2,23.6,,,,,14.7,14.8,14.7,13.6,,,2024106113,2026.7.22,美浦,シルバーステート,アウィルアウェイ,吉田勝己,ノーザンファーム,,
美浦,D,左,20260722,水,5:03,クムシラコ,,牡,8,2400,千葉直人,,,,,94.3,73.7,55.4,39.3,24.3,11.5,,,,20.6,18.3,16.1,15.0,12.8,11.5,2018103205,2026.7.22,美浦,ディスクリートキャット,デイドリーマー,ミルファーム,猿橋義昭,,
美浦,D,左,20260722,水,5:03,サトノヴィレ,,セ,6,1500,鹿戸雄一,,,,,87.1,69.8,53.9,37.8,23.2,11.4,,,,17.3,15.9,16.1,14.6,11.8,11.4,2020104753,2026.7.22,美浦,デクラレーションオブウォー,ダイワジェラート,里見治,フジワラフアーム,,
美浦,D,左,20260722,水,5:03,スティールブルー,,牝,5,1500,田中勝春,,,,,,,52.8,38.2,24.3,11.5,,,,,,14.6,13.9,12.8,11.5,2021105888,2026.7.22,美浦,ルーラーシップ,レディバード,シルクレーシング,ノーザンファーム,,
美浦,D,左,20260722,水,5:03,セントゴーデンス,,セ,3,400,黒岩陽一,,,,,82.4,67.4,52.3,37.6,23.7,11.3,,,,15.0,15.1,14.7,13.9,12.4,11.3,2023107296,2026.7.22,美浦,ロードカナロア,ラッキーダイム,キャロットファーム,ノーザンファーム,,
美浦,D,左,20260722,水,5:03,ソレルビュレット,,牡,5,1500,松尾卓哉,,,,,84.5,67.4,51.6,36.9,23.5,11.5,,,,17.1,15.8,14.7,13.4,12.0,11.5,2021110061,2026.7.22,美浦,"Malibu Moon",Curluck,シルクレーシング,"St. Simon Place LLC & Scott Stephens",,
美浦,D,左,20260722,水,5:03,トーセンシントラ,,牡,2,未出走,中舘英二,,,,,83.7,67.0,52.3,37.9,24.6,12.1,,,,16.7,14.7,14.4,13.3,12.5,12.1,2024104757,2026.7.22,美浦,ハイランドリール,ヘルメット,島川隆哉,飛野牧場,,
美浦,D,左,20260722,水,5:03,ノーブルクライ,,牡,6,900,中舘英二,,,,,83.6,66.9,51.9,37.5,24.3,11.9,,,,16.7,15.0,14.4,13.2,12.4,11.9,2020102976,2026.7.22,美浦,ハーツクライ,ノーブルジュエリー,窪田芳郎,社台ファーム,,
美浦,D,左,20260722,水,5:03,ベールダウン,,牝,2,未出走,松尾卓哉,,,,,83.8,67.0,51.3,36.8,23.5,11.5,,,,16.8,15.7,14.5,13.3,12.0,11.5,2024105028,2026.7.22,美浦,フィレンツェファイア,マイネイディール,ビッグレッドファーム,真歌田中牧場,,
美浦,D,左,20260722,水,5:03,マイネルリシャール,,牡,2,未出走,鹿戸雄一,,,,,86.5,69.3,53.5,37.5,23.1,11.3,,,,17.2,15.8,16.0,14.4,11.8,11.3,2024106419,2026.7.22,美浦,スワーヴリチャード,セットプレイ,サラブレッドクラブ・ラフィアン,ノーザンファーム,,
美浦,D,左,20260722,水,5:03,ヤマニンアレシス,,牡,3,0,堀内岳志,,,,,89.4,71.8,55.5,40.4,25.9,12.4,,,,17.6,16.3,15.1,14.5,13.5,12.4,2023104357,2026.7.22,美浦,イスラボニータ,ヤマニンアストレア,土井肇,錦岡牧場,,
美浦,D,左,20260722,水,5:03,ラブディーヴァ,,牝,5,900,田中勝春,,,,,,,51.9,37.4,23.5,10.9,,,,,,14.5,13.9,12.6,10.9,2021104074,2026.7.22,美浦,ダイワメジャー,ラブディラン,ヒダカ・ブリーダーズ・ユニオン,谷岡牧場,,
美浦,D,左,20260722,水,5:03,ルミノメテオール,,牝,6,1500,金成貴史,,,,,84.2,66.9,51.7,37.2,23.7,11.6,,,,17.3,15.2,14.5,13.5,12.1,11.6,2020104332,2026.7.22,美浦,エピファネイア,クイーンナイサー,尾上松壽,タイヘイ牧場,,
美浦,D,左,20260722,水,5:03,レッドマスキュラー,,牡,2,未出走,黒岩陽一,,,,,82.2,67.3,52.2,37.5,23.7,11.4,,,,14.9,15.1,14.7,13.8,12.3,11.4,2024106048,2026.7.22,美浦,キズナ,ムーチョアンユージュアル,東京ホースレーシング,社台ファーム,,
美浦,D,左,20260722,水,5:04,エイシンイクサボシ,,牝,3,0,勢司和浩,,,,,84.7,67.9,52.6,37.8,23.9,11.7,,,,16.8,15.3,14.8,13.9,12.2,11.7,2023105536,2026.7.22,美浦,エイシンヒカリ,エイシンポラリス,栄進堂,中地義次,,
美浦,D,左,20260722,水,5:04,カセノソレイユ,,牡,3,0,鈴木伸尋,,,,,84.5,67.2,52.2,37.6,23.9,11.9,,,,17.3,15.0,14.6,13.7,12.0,11.9,2023104154,2026.7.22,美浦,アジアエクスプレス,デアリングプライド,平川進,須崎牧場,,
美浦,D,左,20260722,水,5:04,キコリータ,,牝,3,0,田中勝春,,,,,88.3,69.4,52.1,36.6,23.0,11.2,,,,18.9,17.3,15.5,13.6,11.8,11.2,2023103321,2026.7.22,美浦,レイデオロ,アルマンド,キーファーズ,社台ファーム,,
美浦,D,左,20260722,水,5:04,ケープティアラ,,牝,3,0,栗田徹,,,,,85.5,68.4,53.4,38.3,24.4,11.8,,,,17.1,15.0,15.1,13.9,12.6,11.8,2023100300,2026.7.22,美浦,サトノクラウン,ケープタウンシチー,友駿ホースクラブ,幌村牧場,,
美浦,D,左,20260722,水,5:04,シェーンリヒト,,牡,2,未出走,手塚貴久,,,,,83.2,66.7,51.4,37.3,23.6,11.3,,,,16.5,15.3,14.1,13.7,12.3,11.3,2024105874,2026.7.22,美浦,エフフォーリア,シェーングランツ,DMMドリームクラブ,社台ファーム,,
美浦,D,左,20260722,水,5:04,シリウスコルト,,牡,5,5350,田中勝春,,,,,88.9,68.4,51.6,37.2,23.4,11.0,,,,20.5,16.8,14.4,13.8,12.4,11.0,2021104094,2026.7.22,美浦,マクフィ,オールドフレイム,飯田正剛,千代田牧場,,
美浦,D,左,20260722,水,5:04,ノブステップ,,牡,3,0,田中勝春,,,,,88.1,69.2,52.0,36.5,23.2,11.5,,,,18.9,17.2,15.5,13.3,11.7,11.5,2023103955,2026.7.22,美浦,ダノンキングリー,クロースフレンド,前田亘輝,アラキフアーム,,
美浦,D,左,20260722,水,5:04,ファンシーフリル,,牝,3,400,蛯名利弘,,,,,84.8,67.4,52.6,37.7,23.5,11.4,,,,17.4,14.8,14.9,14.2,12.1,11.4,2023101676,2026.7.22,美浦,フォーウィールドライブ,ラブヴィサージュ,服部英利,荻伏服部牧場,,
美浦,D,左,20260722,水,5:04,メジロピオラ,,牝,3,0,武井亮,,,,,85.7,68.3,52.9,38.3,24.7,12.1,,,,17.4,15.4,14.6,13.6,12.6,12.1,2023103905,2026.7.22,美浦,リオンディーズ,メジロシャレード,フィールドレーシング,レイクヴィラファーム,,
美浦,D,左,20260722,水,5:04,モートンアイランド,,牝,3,400,手塚貴久,,,,,83.8,67.3,52.0,37.8,24.0,11.3,,,,16.5,15.3,14.2,13.8,12.7,11.3,2023107277,2026.7.22,美浦,モーリス,モシーン,シルクレーシング,ノーザンファーム,,
美浦,D,左,20260722,水,5:04,リアアーテシアン,,牝,3,0,武井亮,,,,,86.4,68.5,53.3,38.6,24.8,12.1,,,,17.9,15.2,14.7,13.8,12.7,12.1,2023103702,2026.7.22,美浦,シルバーステート,チェルシークロイスターズ,フィールドレーシング,追分ファーム,,
美浦,D,左,20260722,水,5:04,レディサン,,牝,3,400,栗田徹,,,,,83.2,66.4,51.5,37.9,24.6,11.8,,,,16.8,14.9,13.6,13.3,12.8,11.8,2023104852,2026.7.22,美浦,パイロ,ノーブルライラック,"CHEVAL ATTACHE",ガーベラパークスタツド,,
美浦,D,左,20260722,水,5:04,ローズブーケ,,牝,3,400,鈴木伸尋,,,,,83.6,66.3,51.7,37.4,23.9,11.9,,,,17.3,14.6,14.3,13.5,12.0,11.9,2023100453,2026.7.22,美浦,アジアエクスプレス,ドンプリムローズ,ターフ・スポート,米田牧場,,
美浦,D,左,20260722,水,5:04,ヴェントベローチェ,,牡,3,0,勢司和浩,,,,,86.3,69.3,53.9,38.9,24.7,12.0,,,,17.0,15.4,15.0,14.2,12.7,12.0,2023103133,2026.7.22,美浦,ダノンプレミアム,ケイココサージュ,丸山竜一,藤沢牧場,,
美浦,D,左,20260722,水,5:05,アレーティア,,牝,4,400,上原博之,,,,,83.0,65.7,50.9,37.0,23.5,11.5,,,,17.3,14.8,13.9,13.5,12.0,11.5,2022100101,2026.7.22,美浦,ブリックスアンドモルタル,リアルヴィーナス,水上行雄,笠松牧場,,
美浦,D,左,20260722,水,5:05,インザライムライト,,牝,3,0,和田雄二,,,,,87.9,69.8,53.8,38.6,24.2,11.6,,,,18.1,16.0,15.2,14.4,12.6,11.6,2023106441,2026.7.22,美浦,ベンバトル,コスモフットライト,ビッグレッドファーム,ビッグレッドファーム,,
美浦,D,左,20260722,水,5:05,ウィールズアップ,,牡,2,0,池上昌和,,,,,86.9,68.1,52.9,39.1,25.4,12.6,,,,18.8,15.2,13.8,13.7,12.8,12.6,2024105762,2026.7.22,美浦,ブリックスアンドモルタル,ウイングドウィール,G1レーシング,社台ファーム,,
美浦,D,左,20260722,水,5:05,エレクトス,,牡,2,未出走,池上昌和,,,,,86.6,69.3,54.1,39.3,25.1,11.8,,,,17.3,15.2,14.8,14.2,13.3,11.8,2024105112,2026.7.22,美浦,クリソベリル,ダンツチョイス,ヒダカ・ブリーダーズ・ユニオン,矢野牧場,,
美浦,D,左,20260722,水,5:05,キタノエピックアン,,牝,3,400,萱野浩二,,,,,86.4,69.2,52.9,37.9,24.1,11.8,,,,17.2,16.3,15.0,13.8,12.3,11.8,2023100485,2026.7.22,美浦,ベストウォーリア,スールマカロン,北所直人,川向高橋育成牧場,,
美浦,D,左,20260722,水,5:05,ケイツールピア,,牝,5,400,蛯名利弘,,,,,86.7,67.7,52.1,37.7,24.1,11.7,,,,19.0,15.6,14.4,13.6,12.4,11.7,2021101801,2026.7.22,美浦,アニマルキングダム,リップグロス,楠本勝美,道見牧場,,
美浦,D,左,20260722,水,5:05,コンヴァージョン,,牡,4,170,上原博之,,,,,83.8,66.5,51.6,37.3,23.6,11.4,,,,17.3,14.9,14.3,13.7,12.2,11.4,2022110092,2026.7.22,美浦,Caravaggio,"With Her Affection",栗山学,"Manabu Kuriyama",,
美浦,D,左,20260722,水,5:05,ゴータマ,,牡,2,未出走,池上昌和,,,,,88.6,69.5,53.6,38.9,24.5,12.0,,,,19.1,15.9,14.7,14.4,12.5,12.0,2024102067,2026.7.22,美浦,ディスクリートキャット,ベネフィサンス,岡田牧雄,富菜牧場,,
美浦,D,左,20260722,水,5:05,セイウンサイフィー,,牡,2,未出走,上原博之,,,,,83.8,66.4,51.3,37.2,23.7,11.6,,,,17.4,15.1,14.1,13.5,12.1,11.6,2024101690,2026.7.22,美浦,コントレイル,マストビーレイト,西山茂行,ガーベラパークスタツド,,
美浦,D,左,20260722,水,5:05,タイセイプランセス,,牝,4,900,池上昌和,,,,,89.1,69.1,53.2,38.3,24.0,11.4,,,,20.0,15.9,14.9,14.3,12.6,11.4,2022105014,2026.7.22,美浦,リアルスティール,プティフォリー,田中成奉,ノーザンファーム,,
美浦,D,左,20260722,水,5:05,デルマハッコウダ,,牡,2,未出走,天間昭一,,,,,83.9,67.9,52.9,38.2,24.4,12.0,,,,16.0,15.0,14.7,13.8,12.4,12.0,2024106075,2026.7.22,美浦,ジャスタウェイ,リリーアメリカ,浅沼廣幸,社台ファーム,,
美浦,D,左,20260722,水,5:05,トリプティーク,,牝,2,0,和田雄二,,,,,87.3,68.7,52.2,37.8,23.9,11.5,,,,18.6,16.5,14.4,13.9,12.4,11.5,2024101755,2026.7.22,美浦,イスラボニータ,ツバキエンジェル,本田恒雄,グランデファーム,,
美浦,D,左,20260722,水,5:05,ビアフォーナウ,,牝,5,400,池上昌和,,,,,86.1,69.1,54.0,39.4,25.5,12.2,,,,17.0,15.1,14.6,13.9,13.3,12.2,2021104481,2026.7.22,美浦,バトルプラン,カリストーガ,小林由明,北洋牧場,,
美浦,D,左,20260722,水,5:05,プレシャスローズ,,牝,2,未出走,池上昌和,,,,,87.2,70.0,54.9,39.9,26.0,12.6,,,,17.2,15.1,15.0,13.9,13.4,12.6,2024104083,2026.7.22,美浦,グレーターロンドン,プレシャスガール,ノルマンディーサラブレッドレーシング,上野正恵,,
美浦,D,左,20260722,水,5:05,レーゲンシャウアー,,牝,2,未出走,天間昭一,,,,,83.2,67.1,52.5,37.9,24.4,12.1,,,,16.1,14.6,14.6,13.5,12.3,12.1,2024104453,2026.7.22,美浦,ディーマジェスティ,ラプザントゥール,ブルースターズファーム,サンデーヒルズ,,
美浦,D,左,20260722,水,5:05,ローレルエース,,牡,3,0,松永康利,,,,,88.7,70.6,54.5,38.5,24.4,12.0,,,,18.1,16.1,16.0,14.1,12.4,12.0,2023104559,2026.7.22,美浦,ヤマカツエース,ウインクルジニー,ローレルレーシング,松木加代,,
美浦,D,左,20260722,水,5:06,アールグレイ,,牝,3,0,蛯名正義,,,,,83.8,67.4,52.4,37.9,24.5,12.0,,,,16.4,15.0,14.5,13.4,12.5,12.0,2023105003,2026.7.22,美浦,スワーヴリチャード,オピュレンス,広尾レース,三嶋牧場,,
美浦,D,左,20260722,水,5:06,ガンバレベアー,,牝,4,280,杉浦宏昭,,,,,86.5,66.0,50.5,36.5,23.5,11.6,,,,20.5,15.5,14.0,13.0,11.9,11.6,2022101141,2026.7.22,美浦,サトノアラジン,サンマルリトリート,熊木浩,ヴェルサイユファーム,,
美浦,D,左,20260722,水,5:06,キタノアヤカ,,牝,3,0,萱野浩二,,,,,86.8,69.5,54.2,39.7,25.4,12.1,,,,17.3,15.3,14.5,14.3,13.3,12.1,2023102715,2026.7.22,美浦,ロゴタイプ,ピンクノミーナ,北所直人,静内白井牧場,,
美浦,D,左,20260722,水,5:06,ケイケイ,,セ,5,900,杉浦宏昭,,,,,86.3,65.9,50.5,36.5,23.5,11.7,,,,20.4,15.4,14.0,13.0,11.8,11.7,2021103799,2026.7.22,美浦,イスラボニータ,スウィートハース,桑野克己,坂本智広,,
美浦,D,左,20260722,水,5:06,スマイルアップ,,牝,7,1500,萱野浩二,,,,,86.2,69.0,53.9,39.6,25.4,12.1,,,,17.2,15.1,14.3,14.2,13.3,12.1,2019103815,2026.7.22,美浦,イスラボニータ,アドマイヤオンリー,馬目勇,辻牧場,,
美浦,D,左,20260722,水,5:06,トレンドマーチ,,牡,3,0,萱野浩二,,,,,83.5,67.3,52.5,38.3,24.4,11.9,,,,16.2,14.8,14.2,13.9,12.5,11.9,2023102823,2026.7.22,美浦,サトノアラジン,マスターマイン,玉置潔,高橋フアーム,,
美浦,D,左,20260722,水,5:06,ハニーコム,,牝,5,1500,蛯名正義,,,,,84.4,67.8,52.6,37.9,24.4,12.0,,,,16.6,15.2,14.7,13.5,12.4,12.0,2021100789,2026.7.22,美浦,シルバーステート,マルハチメイフェア,ビッグレッドファーム,鮫川啓一,,
美浦,D,左,20260722,水,5:06,ホウオウパーソンズ,,牡,3,0,蛯名正義,,,,,85.1,68.9,52.6,37.6,23.5,11.1,,,,16.2,16.3,15.0,14.1,12.4,11.1,2023105361,2026.7.22,美浦,キタサンブラック,オーロリンチェ,小笹芳央,岡田スタツド,,
美浦,D,左,20260722,水,5:06,マイエラ,,牡,3,0,蛯名正義,,,,,85.8,69.2,53.0,38.0,23.8,11.2,,,,16.6,16.2,15.0,14.2,12.6,11.2,2023100639,2026.7.22,美浦,リオンディーズ,バージニアキャット,諸江幸祐,新井昭二牧場,,
美浦,D,左,20260722,水,5:06,リラ,,牝,3,400,蛯名正義,,,,,84.4,68.4,52.3,37.3,23.2,11.1,,,,16.0,16.1,15.0,14.1,12.1,11.1,2023104412,2026.7.22,美浦,キズナ,マジックファウンテン,前田幸大,ノースヒルズ,,
美浦,D,左,20260722,水,5:07,アイビーカイロス,,牝,2,未出走,牧光二,,,,,82.8,67.1,52.2,37.2,23.8,11.8,,,,15.7,14.9,15.0,13.4,12.0,11.8,2024108316,2026.7.22,美浦,"Maximus Mischief","Hello Bubbles",石坂茂ラボ,"Jerry Caroom",,
美浦,D,左,20260722,水,5:07,アンドレイア,,牡,2,未出走,牧光二,,,,,83.5,67.5,52.6,37.4,24.0,11.9,,,,16.0,14.9,15.2,13.4,12.1,11.9,2024102705,2026.7.22,美浦,ステルヴィオ,ミンデンユウカ,天堀忠博,富塚ファーム,,
美浦,D,左,20260722,水,5:07,ピコバレット,,牡,3,0,牧光二,,,,,84.0,67.7,52.8,37.6,24.0,11.9,,,,16.3,14.9,15.2,13.6,12.1,11.9,2023107508,2026.7.22,美浦,"Stay Inside","Burgundy Belle",ビジュピコ,"Wallings Bloodstock Pty Ltd",,
美浦,D,左,20260722,水,5:08,ティンブロポップ,,牝,3,0,和田勇介,,,,,85.0,67.1,52.5,38.7,24.4,11.6,,,,17.9,14.6,13.8,14.3,12.8,11.6,2023102065,2026.7.22,美浦,ジャスタウェイ,フィオーレカフェ,成田才仁,太陽牧場,,
美浦,D,左,20260722,水,5:08,ヘヴンズドライブ,,牝,3,0,和田勇介,,,,,87.6,68.6,53.8,39.4,25.1,11.8,,,,19.0,14.8,14.4,14.3,13.3,11.8,2023104438,2026.7.22,美浦,ダノンスマッシュ,マーレグリーン,レッドマジック,ハクレイファーム,,
美浦,D,左,20260722,水,5:08,ランドフォートレス,,牡,2,未出走,和田勇介,,,,,87.3,68.3,53.3,39.2,24.9,11.7,,,,19.0,15.0,14.1,14.3,13.2,11.7,2024106096,2026.7.22,美浦,イスラボニータ,レディシビル,梅澤明,社台ファーム,,
美浦,D,左,20260722,水,5:09,インナーパッション,,牡,3,400,斎藤誠,,,,,85.8,68.2,53.0,38.6,24.5,11.7,,,,17.6,15.2,14.4,14.1,12.8,11.7,2023103714,2026.7.22,美浦,キズナ,ブラインドラック,平井裕,追分ファーム,,
美浦,D,左,20260722,水,5:09,オオルリ,,牝,2,未出走,水野貴広,,,,,84.6,68.2,53.4,38.6,24.9,12.2,,,,16.4,14.8,14.8,13.7,12.7,12.2,2024103646,2026.7.22,美浦,ベンバトル,ウォーブル,ブルースターズファーム,ブルースターズファーム,,
美浦,D,左,20260722,水,5:09,カンフーヒーロー,,牡,3,0,的場均,,,,,86.3,69.1,54.3,39.0,25.0,12.2,,,,17.2,14.8,15.3,14.0,12.8,12.2,2023101482,2026.7.22,美浦,ストロングリターン,ラインステッチ,田頭勇貴,前野牧場,,
美浦,D,左,20260722,水,5:09,シンバーシア,,牝,5,2200,浅利英明,,,,,84.4,66.5,51.1,36.5,23.6,11.3,,,,17.9,15.4,14.6,12.9,12.3,11.3,2021105599,2026.7.22,美浦,ロードカナロア,スウィートリーズン,サンデーレーシング,ノーザンファーム,,
美浦,D,左,20260722,水,5:09,ジーネキング,,牡,3,1000,斎藤誠,,,,,85.2,67.1,51.9,37.9,24.2,11.5,,,,18.1,15.2,14.0,13.7,12.7,11.5,2023104885,2026.7.22,美浦,コントレイル,セカンダリーマーケット,山口雄司,酒井牧場,,
美浦,D,左,20260722,水,5:09,セレスティアハート,,牝,3,未出走,的場均,,,,,85.2,68.0,53.1,38.5,24.3,11.7,,,,17.2,14.9,14.6,14.2,12.6,11.7,2023100186,2026.7.22,美浦,モズアスコット,プリンセスフローラ,田頭勇貴,タガミファーム,,
美浦,D,左,20260722,水,5:09,ソニックライン,,セ,5,900,浅利英明,,,,,85.0,67.0,51.7,36.9,23.8,11.4,,,,18.0,15.3,14.8,13.1,12.4,11.4,2021105871,2026.7.22,美浦,リアルインパクト,ルミナスパレード,サンデーレーシング,ノーザンファーム,,
美浦,D,左,20260722,水,5:09,タイセイフレッサ,,牝,3,400,斎藤誠,,,,,84.8,67.5,52.5,38.1,24.0,11.2,,,,17.3,15.0,14.4,14.1,12.8,11.2,2023100914,2026.7.22,美浦,キズナ,キャシーズソング,田中成奉,下河辺牧場,,
美浦,D,左,20260722,水,5:09,タニセンローマ,,牡,3,0,斎藤誠,,,,,85.6,67.9,52.8,38.5,24.5,11.6,,,,17.7,15.1,14.3,14.0,12.9,11.6,2023101095,2026.7.22,美浦,シャンハイボビー,メイシャイン,染谷幸雄,タバタファーム,,
美浦,D,左,20260722,水,5:09,テングカゼ,,牡,2,未出走,的場均,,,,,85.4,68.3,53.7,38.7,24.7,12.1,,,,17.1,14.6,15.0,14.0,12.6,12.1,2024105454,2026.7.22,美浦,カデナ,プリモスペード,田頭勇貴,中橋清,,
美浦,D,左,20260722,水,5:09,ディマイザキッド,,牡,5,2400,清水英克,,,,,87.3,69.2,54.2,39.1,24.9,12.1,,,,18.1,15.0,15.1,14.2,12.8,12.1,2021104324,2026.7.22,美浦,ディーマジェスティ,ミスミーチャン,嶋田一成,服部牧場,,
美浦,D,左,20260722,水,5:09,ブラックジェダイト,,牡,4,900,大竹正博,162.5,140.3,119.9,99.9,82.3,67.6,52.7,38.4,24.4,11.6,20.4,20.0,17.6,14.7,14.9,14.3,14.0,12.8,11.6,2022106393,2026.7.22,美浦,キタサンブラック,ウェルアウェイ,YGGホースクラブ,田端牧場,,
美浦,D,左,20260722,水,5:09,メタルスピード,,牡,6,2400,斎藤誠,,,,,86.4,68.2,52.8,38.7,24.4,11.6,,,,18.2,15.4,14.1,14.3,12.8,11.6,2020101772,2026.7.22,美浦,シルバーステート,マイビビアーヌ,"Him Rock Racingホールディングス",タバタファーム,,
美浦,D,左,20260722,水,5:09,ライングラウス,,牡,2,未出走,水野貴広,,,,,83.9,67.8,53.0,38.3,24.6,12.1,,,,16.1,14.8,14.7,13.7,12.5,12.1,2024104199,2026.7.22,美浦,シニスターミニスター,アートオブビーン,大澤繁昌,岡田牧場,,
美浦,D,左,20260722,水,5:09,リッキースタイル,,牡,4,900,水野貴広,,,,,84.4,67.2,52.1,37.6,23.8,11.6,,,,17.2,15.1,14.5,13.8,12.2,11.6,2022103577,2026.7.22,美浦,ジャスタウェイ,ラズールリッキー,岡田牧雄,岡田スタツド,,
美浦,D,左,20260722,水,5:09,ロードソルスティス,,牡,4,900,斎藤誠,,,,,84.5,67.3,52.3,37.9,23.9,11.3,,,,17.2,15.0,14.4,14.0,12.6,11.3,2022100650,2026.7.22,美浦,サートゥルナーリア,ブリュネット,ロードホースクラブ,ケイアイファーム,,
美浦,D,左,20260722,水,5:10,ケブラダラボジェラ,,牝,2,未出走,伊藤伸一,,,,,87.5,69.1,54.2,39.4,24.9,12.2,,,,18.4,14.9,14.8,14.5,12.7,12.2,2024103613,2026.7.22,美浦,シルバーステート,バルタ,ビッグレッドファーム,ビッグレッドファーム,,
美浦,D,左,20260722,水,5:10,コスモティタノ,,牡,2,未出走,武市康男,,,,,86.5,69.4,54.1,39.0,24.3,11.6,,,,17.1,15.3,15.1,14.7,12.7,11.6,2024102727,2026.7.22,美浦,ヘンリーバローズ,カールジェシ,ビッグレッドファーム,中山牧場,,
美浦,D,左,20260722,水,5:10,シャンソンドール,,牝,4,900,奥村武,,,,,84.3,66.1,50.8,36.8,23.2,11.3,,,,18.2,15.3,14.0,13.6,11.9,11.3,2022105038,2026.7.22,美浦,レイデオロ,ベルディーヴァ,キャロットファーム,ノーザンファーム,,
美浦,D,左,20260722,水,5:10,ユニベールクイーン,,牝,3,0,武市康男,,,,,85.9,68.9,53.5,38.7,24.2,11.6,,,,17.0,15.4,14.8,14.5,12.6,11.6,2023102758,2026.7.22,美浦,ミスターメロディ,シントーアサヒ,住宅データ,静内山田牧場,,
美浦,D,左,20260722,水,5:10,リボルトバレット,,牡,5,400,伊藤伸一,,,,,87.4,69.0,54.1,39.3,24.8,12.1,,,,18.4,14.9,14.8,14.5,12.7,12.1,2021104822,2026.7.22,美浦,ラニ,リボルトレイダー,YGGホースクラブ,笹川大晃牧場,,
美浦,D,左,20260722,水,5:10,ローンウルフ,,牡,5,0,武市康男,,,,,87.9,70.6,55.2,40.0,25.1,12.1,,,,17.3,15.4,15.2,14.9,13.0,12.1,2021104112,2026.7.22,美浦,リアルインパクト,シェリレーヌ,飯田正剛,千代田牧場,,
美浦,D,左,20260722,水,5:11,カフェニクス,,牝,5,1500,柄崎将寿,,,,,86.0,67.9,52.4,37.5,23.8,11.3,,,,18.1,15.5,14.9,13.7,12.5,11.3,2021103288,2026.7.22,美浦,サンダースノー,ルミエールカフェ,西川光一,三嶋牧場,,
美浦,D,左,20260722,水,5:11,タイセイフェリーク,,牝,6,1500,青木孝文,,,,,88.5,69.4,53.5,38.9,24.8,11.8,,,,19.1,15.9,14.6,14.1,13.0,11.8,2020103713,2026.7.22,美浦,ミッキーロケット,レーヴルシード,田中成奉,ノーザンファーム,,
美浦,D,左,20260722,水,5:11,ハチマン,,牡,3,0,柄崎将寿,,,,,86.6,67.4,52.3,37.9,23.7,11.1,,,,19.2,15.1,14.4,14.2,12.6,11.1,2023101475,2026.7.22,美浦,アルアイン,コパノマルコリーニ,渡邊英俊,前野牧場,,
美浦,D,左,20260722,水,5:11,ブーケフォーミー,,牝,2,未出走,柄崎将寿,,,,,87.8,69.1,53.5,39.3,25.1,12.1,,,,18.7,15.6,14.2,14.2,13.0,12.1,2024101990,2026.7.22,美浦,エフフォーリア,ルミナーラ,伊藤昭文,辻牧場,,
美浦,D,左,20260722,水,5:11,ボーデコール,,牡,2,未出走,柄崎将寿,,,,,85.9,66.8,51.7,37.6,23.5,11.0,,,,19.1,15.1,14.1,14.1,12.5,11.0,2024105790,2026.7.22,美浦,イスラボニータ,エレベル,吉田照哉,社台ファーム,,
美浦,D,左,20260722,水,5:12,ランドジャイアンツ,,牡,2,0,本間忍,,,,,89.1,70.2,54.0,38.6,24.6,11.9,,,,18.9,16.2,15.4,14.0,12.7,11.9,2024101058,2026.7.22,美浦,ヘンリーバローズ,エメルヴェイエ,木村昌三,細川牧場,,
美浦,D,左,20260722,水,5:15,アインプロージット,,牝,3,0,小笠倫弘,,,,,90.9,71.4,56.0,40.5,25.2,11.7,,,,19.5,15.4,15.5,15.3,13.5,11.7,2023104415,2026.7.22,美浦,クリソベリル,ユナリオンス,ノースヒルズ,ノースヒルズ,,
美浦,D,左,20260722,水,5:15,オカメノコイ,,牝,4,900,小笠倫弘,,,,,81.8,65.3,50.8,37.1,23.7,11.5,,,,16.5,14.5,13.7,13.4,12.2,11.5,2022106698,2026.7.22,美浦,パイロ,クレオール,岡浩二,ハシモトフアーム,,
美浦,D,左,20260722,水,5:15,クラオルグジェシダ,,牝,2,未出走,田島俊明,,,,,85.1,67.8,52.7,37.5,23.7,11.5,,,,17.3,15.1,15.2,13.8,12.2,11.5,2024100295,2026.7.22,美浦,デクラレーションオブウォー,マリノジュリア,矢野悦三,クラウン日高牧場,,
美浦,D,左,20260722,水,5:15,サクラドール,,牡,3,0,田島俊明,,,,,85.5,67.8,52.7,37.5,23.7,11.4,,,,17.7,15.1,15.2,13.8,12.3,11.4,2023102868,2026.7.22,美浦,ゴールドドリーム,サクラクローバー,さくらコマース,谷岡牧場,,
美浦,D,左,20260722,水,5:15,ショービット,,牡,3,0,小笠倫弘,,,,,91.4,71.6,56.1,40.6,25.2,11.8,,,,19.8,15.5,15.5,15.4,13.4,11.8,2023101451,2026.7.22,美浦,フィレンツェファイア,ショーコーズ,吉冨学,本間牧場,,
美浦,D,左,20260722,水,5:15,スカイリッチ,,牡,3,0,小笠倫弘,,,,,82.2,65.4,51.0,37.2,23.9,11.6,,,,16.8,14.4,13.8,13.3,12.3,11.6,2023103458,2026.7.22,美浦,ハービンジャー,セウアズール,宇田豊,社台ファーム,,
美浦,D,左,20260722,水,5:15,フェルアフリーゼ,,牝,3,0,深山雅史,,,,,90.0,68.5,53.2,37.9,23.8,11.4,,,,21.5,15.3,15.3,14.1,12.4,11.4,2023107029,2026.7.22,美浦,ドレフォン,シフォンカール,シルクレーシング,ノーザンファーム,,
美浦,D,左,20260722,水,5:15,マジンタクシー,,牝,3,400,深山雅史,,,,,90.7,69.5,53.7,38.2,24.0,11.5,,,,21.2,15.8,15.5,14.2,12.5,11.5,2023100949,2026.7.22,美浦,マテラスカイ,ネオヴァシュラン,由井健太郎,下河辺牧場,,
美浦,D,左,20260722,水,5:16,テリオスブギ,,牝,2,未出走,田島俊明,,,,,86.1,68.5,53.7,39.0,25.1,12.1,,,,17.6,14.8,14.7,13.9,13.0,12.1,2024106551,2026.7.22,美浦,インディチャンプ,フレグラントブレス,鈴木美江子,ノーザンファーム,,
美浦,D,左,20260722,水,5:16,マイネルサリーレ,,牡,2,未出走,田島俊明,,,,,85.8,68.2,53.4,38.8,24.9,12.1,,,,17.6,14.8,14.6,13.9,12.8,12.1,2024103571,2026.7.22,美浦,ゴールドシップ,アセンダント,サラブレッドクラブ・ラフィアン,ビッグレッドファーム,,
美浦,D,左,20260722,水,5:16,ラヴトリガー,,牝,2,未出走,田島俊明,,,,,85.6,68.2,53.4,38.7,24.8,12.0,,,,17.4,14.8,14.7,13.9,12.8,12.0,2024101315,2026.7.22,美浦,モーニン,カンポデフィオーリ,野嶋祥二,川向高橋育成牧場,,
美浦,D,左,20260722,水,5:17,アルデラッシュ,,牝,2,未出走,田中剛,265.2,245.7,224.9,,82.5,65.9,50.9,36.9,23.8,11.6,20.8,,,16.6,15.0,14.0,13.1,12.2,11.6,2024106007,2026.7.22,美浦,ブリックスアンドモルタル,フォーエバーマーク,秋元竜弥,社台ファーム,,
美浦,D,左,20260722,水,5:17,メランジェ,,牝,4,900,田中剛,267.2,247.7,226.9,,88.6,69.7,53.9,38.8,24.8,12.3,20.8,,,18.9,15.8,15.1,14.0,12.5,12.3,2022105047,2026.7.22,美浦,スワーヴリチャード,ボシンシェ,シルクレーシング,ノーザンファーム,,
美浦,D,左,20260722,水,5:17,モンドプリューム,,牡,6,3600,水野貴広,,,,,92.5,69.4,53.2,38.2,24.3,11.8,,,,23.1,16.2,15.0,13.9,12.5,11.8,2020103876,2026.7.22,美浦,サトノダイヤモンド,エリモフェザー,落合幸弘,岡田スタツド,,
美浦,D,左,20260722,水,5:18,アジャイブ,,牝,3,0,小笠倫弘,,,,,84.5,67.1,52.0,37.4,23.8,11.5,,,,17.4,15.1,14.6,13.6,12.3,11.5,2023102676,2026.7.22,美浦,キセキ,アレクサンドレッタ,根岸朋弘,佐竹牧場,,
美浦,D,左,20260722,水,5:18,アレックスケー,,牡,2,未出走,小野次郎,,,,,86.4,69.4,53.1,37.7,24.1,11.7,,,,17.0,16.3,15.4,13.6,12.4,11.7,2024101581,2026.7.22,美浦,ミスチヴィアスアレックス,キララアモーレ,小田健太,浦河小林牧場,,
美浦,D,左,20260722,水,5:18,エイブラムス,,牡,5,1500,鈴木慎太,,,,,85.4,67.8,52.4,37.4,23.7,11.4,,,,17.6,15.4,15.0,13.7,12.3,11.4,2021100260,2026.7.22,美浦,フリオーソ,エグジビッツ,ノルマンディーサラブレッドレーシング,築紫洋,,
美浦,D,左,20260722,水,5:18,クアラトレンガヌ,,牡,3,0,小笠倫弘,,,,,84.8,67.3,52.1,37.5,23.9,11.6,,,,17.5,15.2,14.6,13.6,12.3,11.6,2023101869,2026.7.22,美浦,ジョーカプチーノ,プエルトプリンセサ,丸山担,伏木田牧場,,
美浦,D,左,20260722,水,5:18,ケルピー,,セ,4,300,小野次郎,,,,,86.3,69.6,53.6,37.6,23.4,11.3,,,,16.7,16.0,16.0,14.2,12.1,11.3,2022101801,2026.7.22,美浦,カレンブラックヒル,ニシケンイチリン,鈴木淳人,中川欽一,,
美浦,D,左,20260722,水,5:18,コスモブッドレア,,牡,5,2400,小野次郎,,,,,85.8,69.5,53.3,37.4,23.3,11.2,,,,16.3,16.2,15.9,14.1,12.1,11.2,2021106782,2026.7.22,美浦,ゴールドシップ,コスモバタフライ,ビッグレッドファーム,ビッグレッドファーム,,
美浦,D,左,20260722,水,5:18,ナックレジーナ,,牝,3,0,小野次郎,,,,,87.6,70.2,53.9,38.6,24.5,11.8,,,,17.4,16.3,15.3,14.1,12.7,11.8,2023105047,2026.7.22,美浦,サートゥルナーリア,アクティビューティ,小松欣也,宮内牧場,,
美浦,D,左,20260722,水,5:18,ノシェリー,,牡,2,0,鈴木慎太,,,,,84.7,67.2,52.1,37.0,23.5,11.4,,,,17.5,15.1,15.1,13.5,12.1,11.4,2024106085,2026.7.22,美浦,ロゴタイプ,レイヨンヴェール,中山栄一,社台ファーム,,
美浦,D,左,20260722,水,5:19,エタンセル,,牡,3,400,高木登,,,,,82.4,66.0,51.6,37.5,23.7,11.6,,,,16.4,14.4,14.1,13.8,12.1,11.6,2023102354,2026.7.22,美浦,ブリックスアンドモルタル,アナンジュパス,Gリビエール・レーシング,岡田スタツド,,
美浦,D,左,20260722,水,5:19,コスモメイウェザー,,牡,3,0,高木登,,,,,83.6,66.9,52.4,38.2,24.3,12.0,,,,16.7,14.5,14.2,13.9,12.3,12.0,2023105330,2026.7.22,美浦,シルバーステート,ベルヴォーグ,ビッグレッドファーム,ノーザンファーム,,
美浦,D,左,20260722,水,5:19,バトルクライ,,牡,7,7200,高木登,,,,,86.6,68.1,52.6,38.0,24.4,11.7,,,,18.5,15.5,14.6,13.6,12.7,11.7,2019103879,2026.7.22,美浦,イスラボニータ,ディアコメット,Gリビエール・レーシング,ディアレストクラブ,,
美浦,D,左,20260722,水,5:19,ファーストアライヴ,,牡,2,未出走,高木登,,,,,84.7,67.6,52.1,37.4,23.9,11.6,,,,17.1,15.5,14.7,13.5,12.3,11.6,2024106697,2026.7.22,美浦,シスキン,リモニウム,山田弘,ノーザンファーム,,
美浦,D,左,20260722,水,5:20,サトノビーツ,,牡,4,480,田中博康,,,,,84.0,66.8,51.5,37.5,24.0,11.6,,,,17.2,15.3,14.0,13.5,12.4,11.6,2022104746,2026.7.22,美浦,ドゥラメンテ,クイーンビー2,里見治,ノーザンファーム,,
美浦,D,左,20260722,水,5:20,ダノンダックス,,牡,2,未出走,田中博康,,,,,83.6,66.4,51.3,37.3,23.8,11.5,,,,17.2,15.1,14.0,13.5,12.3,11.5,2024106662,2026.7.22,美浦,サートゥルナーリア,ヤンキーローズ,ダノックス,ノーザンファーム,,
美浦,D,左,20260722,水,5:20,ツキノマバタキ,,牝,3,0,牧光二,,,,,,,52.4,37.5,23.8,11.3,,,,,,14.9,13.7,12.5,11.3,2023103569,2026.7.22,美浦,エイシンフラッシュ,ムーンビード,日下部勝徳,社台ファーム,,
美浦,D,左,20260722,水,5:20,ドリームクルーズ,,牝,5,900,戸田博文,,,,,84.2,66.5,51.4,36.8,23.2,11.2,,,,17.7,15.1,14.6,13.6,12.0,11.2,2021104899,2026.7.22,美浦,エピファネイア,パセンジャーシップ,DMMドリームクラブ,社台コーポレーション白老ファーム,,
美浦,D,左,20260722,水,5:20,バトルモクオ,,牡,3,0,戸田博文,,,,,85.1,67.1,52.0,37.2,23.4,11.2,,,,18.0,15.1,14.8,13.8,12.2,11.2,2023100800,2026.7.22,美浦,ベンバトル,クラウンロゼ,清進電設,クラウン日高牧場,,
美浦,D,左,20260722,水,5:20,ブライティアダイヤ,,牝,5,900,稲垣幸雄,,,,,88.9,69.9,53.9,38.9,24.5,11.6,,,,19.0,16.0,15.0,14.4,12.9,11.6,2021102468,2026.7.22,美浦,サトノアラジン,ブライティアナイル,小林昌志,雅牧場,,
美浦,D,左,20260722,水,5:20,ヨルヴィック,,牝,3,0,稲垣幸雄,,,,,85.2,67.8,52.9,38.3,24.1,11.5,,,,17.4,14.9,14.6,14.2,12.6,11.5,2023107242,2026.7.22,美浦,ナダル,マラムデール,吉田勝己,ノーザンファーム,,
美浦,D,左,20260722,水,5:21,ウインカーネリアン,,牡,9,21750,鹿戸雄一,,,,,81.7,66.6,52.4,37.9,23.7,11.3,,,,15.1,14.2,14.5,14.2,12.4,11.3,2017101429,2026.7.22,美浦,スクリーンヒーロー,コスモクリスタル,ウイン,コスモヴューファーム,,
美浦,D,左,20260722,水,5:21,キアラメンテ,,牝,4,400,鹿戸雄一,,,,,83.6,67.1,52.5,38.2,24.4,11.8,,,,16.5,14.6,14.3,13.8,12.6,11.8,2022105864,2026.7.22,美浦,ドゥラメンテ,レオパルディナ,キャロットファーム,社台コーポレーション白老ファーム,,
美浦,D,左,20260722,水,5:21,サトノラポール,,セ,4,400,鹿戸雄一,,,,,82.5,67.7,53.2,38.3,24.0,11.4,,,,14.8,14.5,14.9,14.3,12.6,11.4,2022104786,2026.7.22,美浦,サートゥルナーリア,サトノユリア,里見治,ノーザンファーム,,
美浦,D,左,20260722,水,5:21,ローシャムパーク,,牡,7,17900,田中博康,180.5,150.2,124.5,102.6,84.1,68.2,52.5,37.2,23.4,11.3,25.7,21.9,18.5,15.9,15.7,15.3,13.8,12.1,11.3,2019105552,2026.7.22,美浦,ハービンジャー,レネットグルーヴ,サンデーレーシング,ノーザンファーム,,
美浦,D,左,20260722,水,5:22,アルティシエル,,牡,3,0,辻哲英,,,,,87.4,69.2,53.9,39.2,25.2,12.3,,,,18.2,15.3,14.7,14.0,12.9,12.3,2023101970,2026.7.22,美浦,ヴァンゴッホ,ワンメイク,京都ホースレーシング,浦河育成牧場,,
美浦,D,左,20260722,水,5:22,エーデルクラフト,,牡,3,未出走,辻哲英,,,,,86.9,68.7,53.6,38.9,24.9,12.0,,,,18.2,15.1,14.7,14.0,12.9,12.0,2023103756,2026.7.22,美浦,ニューイヤーズデイ,ウルクラフト,キャロットファーム,社台コーポレーション白老ファーム,,
美浦,D,左,20260722,水,5:22,メッエフアパラ,,牡,5,900,辻哲英,,,,,87.9,69.8,54.2,39.5,25.5,12.3,,,,18.1,15.6,14.7,14.0,13.2,12.3,2021106066,2026.7.22,美浦,エスポワールシチー,ビーナストリック,丹羽裕正,岩見牧場,,
美浦,D,左,20260722,水,5:23,キタノローズ,,牝,3,0,室井潔,,,,,87.4,70.1,54.8,39.9,25.5,12.3,,,,17.3,15.3,14.9,14.4,13.2,12.3,2023100693,2026.7.22,美浦,サンダースノー,アリュージョン,北所直人,大江牧場,,
美浦,D,左,20260722,水,5:23,ミカッテヨンデイイ,,牝,6,1200,室井潔,,,,,84.8,66.4,51.5,37.1,23.7,11.7,,,,18.4,14.9,14.4,13.4,12.0,11.7,2020103049,2026.7.22,美浦,イスラボニータ,ボルティモア,ニューマレコード,社台ファーム,,
美浦,D,左,20260722,水,5:23,ヨーゼフ,,牡,3,0,戸田博文,,,,,88.1,70.1,54.3,38.9,24.7,11.8,,,,18.0,15.8,15.4,14.2,12.9,11.8,2023107061,2026.7.22,美浦,レイデオロ,ジョディー,小濱忠一,ノーザンファーム,,
美浦,D,左,20260722,水,5:23,ヴィーデ,,セ,4,400,戸田博文,,,,,87.7,69.8,54.0,38.8,24.6,11.8,,,,17.9,15.8,15.2,14.2,12.8,11.8,2022100548,2026.7.22,美浦,ルヴァンスレーヴ,ピアノボレロ,G1レーシング,片山牧場,,
美浦,D,左,20260722,水,5:24,ガヴァルニー,,牡,3,0,伊藤大士,,,,,88.7,68.7,52.8,38.2,24.3,11.6,,,,20.0,15.9,14.6,13.9,12.7,11.6,2023106934,2026.7.22,美浦,モーリス,エンジェルフォール,キャロットファーム,ノーザンファーム,,
美浦,D,左,20260722,水,5:24,キャルキュラス,,牝,3,0,古賀大生,,,,,88.9,70.4,53.6,38.3,25.1,12.4,,,,18.5,16.8,15.3,13.2,12.7,12.4,2023107207,2026.7.22,美浦,ミッキーアイル,プリマグラード,池谷誠一,ノーザンファーム,,
美浦,D,左,20260722,水,5:24,ダゴベルト,,牡,3,0,古賀大生,,,,,83.2,67.1,52.5,38.1,24.7,12.1,,,,16.1,14.6,14.4,13.4,12.6,12.1,2023106946,2026.7.22,美浦,ロードカナロア,カセドラルベル,サンデーレーシング,ノーザンファーム,,
美浦,D,左,20260722,水,5:24,フォルスラヴィ,,牡,2,未出走,伊藤大士,,,,,87.5,67.9,52.4,38.0,24.2,11.6,,,,19.6,15.5,14.4,13.8,12.6,11.6,2024108281,2026.7.22,美浦,"Mystic Guide",Melodic,YMホース,"Clarkland Farm LLC",,
美浦,D,左,20260722,水,5:24,ヘリオトロープ,,牡,4,900,古賀大生,,,,,83.5,67.1,52.5,38.1,24.7,12.1,,,,16.4,14.6,14.4,13.4,12.6,12.1,2022105198,2026.7.22,美浦,ヘニーヒューズ,ワンミリオンス,サンデーレーシング,ノーザンファーム,,
美浦,D,左,20260722,水,5:25,イデアクリスタル,,牝,3,0,手塚貴徳,,,,,84.0,67.2,51.9,37.6,24.1,11.7,,,,16.8,15.3,14.3,13.5,12.4,11.7,2023102033,2026.7.22,美浦,ホークビル,トゥルヴァーユ,益田修一,グランデファーム,,
美浦,D,左,20260722,水,5:25,チルチャンプ,,牝,3,0,手塚貴徳,,,,,82.8,66.5,51.5,37.2,23.7,11.5,,,,16.3,15.0,14.3,13.5,12.2,11.5,2023105307,2026.7.22,美浦,キタサンブラック,ダンダラ,藤田晋,ノーザンファーム,,
美浦,D,左,20260722,水,5:25,メモリーグラス,,牡,6,900,松永康利,,,,,,,58.4,41.0,26.0,12.5,,,,,,17.4,15.0,13.5,12.5,2020107095,2026.7.22,美浦,イスラボニータ,ラベンダーメモリー,田頭勇貴,浜本牧場,,
美浦,D,左,20260722,水,5:26,インチジオーネ,,牝,3,未出走,和田雄二,,,,,84.1,67.3,52.5,38.0,24.5,11.9,,,,16.8,14.8,14.5,13.5,12.6,11.9,2023107175,2026.7.22,美浦,フィレンツェファイア,フィビュラ,G1レーシング,ノーザンファーム,,
美浦,D,左,20260722,水,5:26,エクストラダーク,,牡,3,0,和田雄二,,,,,84.7,67.3,52.4,38.0,24.3,12.0,,,,17.4,14.9,14.4,13.7,12.3,12.0,2023101892,2026.7.22,美浦,シルバーステート,ガラスマスカレイド,キーウエスト,吉田ファーム,,
美浦,D,左,20260722,水,5:27,スコラーリ,,牡,7,400,古賀大生,,,,,100.2,71.2,52.9,37.4,23.6,11.5,,,,29.0,18.3,15.5,13.8,12.1,11.5,2019100718,2026.7.22,美浦,トゥザワールド,ヒカリヴィグラス,吉田和美,ヒカル牧場,,
美浦,D,左,20260722,水,5:28,キャントウェイト,,牡,5,1500,萱野浩二,,,,,82.2,66.5,52.2,37.7,23.8,11.5,,,,15.7,14.3,14.5,13.9,12.3,11.5,2021102800,2026.7.22,美浦,ゴールドシップ,マイネランデブー,ビッグレッドファーム,笹島智則,,
美浦,D,左,20260722,水,5:28,キョウエイシャトル,,牡,2,未出走,萱野浩二,,,,,83.9,68.7,53.8,38.9,24.9,12.1,,,,15.2,14.9,14.9,14.0,12.8,12.1,2024101173,2026.7.22,美浦,アニマルキングダム,エムオーシャトル,田中晴夫,門別牧場,,
美浦,D,左,20260722,水,5:28,グロッシェン,,牡,5,1500,手塚貴徳,,,,,,,52.3,37.9,24.1,11.1,,,,,,14.4,13.8,13.0,11.1,2021104844,2026.7.22,美浦,ニューイヤーズデイ,キャットコイン,社台レースホース,社台コーポレーション白老ファーム,,
美浦,D,左,20260722,水,5:28,プレママドンナ,,牝,2,未出走,手塚貴徳,,,,,,,51.5,37.4,23.9,11.0,,,,,,14.1,13.5,12.9,11.0,2024105769,2026.7.22,美浦,サートゥルナーリア,エイカイマドンナ,二木英実,社台ファーム,,
美浦,D,左,20260722,水,5:29,アテナブレイブ,,牝,2,0,手塚貴徳,,,,,,,53.5,37.4,23.9,11.6,,,,,,16.1,13.5,12.3,11.6,2024105671,2026.7.22,美浦,サリオス,アマゾーヌ,スリーエイチレーシング,山際牧場,,
美浦,D,左,20260722,水,5:29,ゴーストミステリー,,牡,2,未登録,,,,,,85.3,68.1,53.2,38.7,24.8,11.8,,,,17.2,14.9,14.5,13.9,13.0,11.8,2024105699,2026.7.22,,Ghostzapper,スライミー,,レースホース牧場,,
美浦,D,左,20260722,水,5:29,テラシエスタ,,牡,3,0,黒岩陽一,,,,,85.5,68.6,53.6,39.0,24.8,11.7,,,,16.9,15.0,14.6,14.2,13.1,11.7,2023102548,2026.7.22,美浦,ジャスタウェイ,ラストサマー,キヨタケ牧場,キヨタケ牧場,,
美浦,D,左,20260722,水,6:00,ゴッドレイ,,牝,3,0,伊藤大士,,,,,83.1,67.1,51.8,37.5,23.9,11.6,,,,16.0,15.3,14.3,13.6,12.3,11.6,2023106084,2026.7.22,美浦,コントレイル,コンセッションズ,迫田三果子,チャンピオンズファーム,,
美浦,D,左,20260722,水,6:00,サムシングスイート,,牝,3,400,伊藤大士,,,,,83.6,67.7,51.9,37.5,23.9,11.1,,,,15.9,15.8,14.4,13.6,12.8,11.1,2023106219,2026.7.22,美浦,サートゥルナーリア,サムシングジャスト,グリーンファーム,那須野,,
美浦,D,左,20260722,水,6:00,シャインネージュ,,牝,3,0,小野次郎,,,,,81.2,66.9,52.1,38.0,24.3,11.9,,,,14.3,14.8,14.1,13.7,12.4,11.9,2023102338,2026.7.22,美浦,ベストウォーリア,シャインカメリア,皆川博文,上野正恵,,
美浦,D,左,20260722,水,6:00,スーパーハイウェイ,,牡,3,0,伊藤大士,,,,,84.2,67.6,52.3,37.9,24.2,11.7,,,,16.6,15.3,14.4,13.7,12.5,11.7,2023106119,2026.7.22,美浦,アメリカンペイトリオット,ルージュノアール,徳増栄治,チャンピオンズファーム,,
美浦,D,左,20260722,水,6:00,ピコペアシェイプ,,セ,3,0,伊藤大士,,,,,84.2,68.0,52.2,37.7,24.0,11.2,,,,16.2,15.8,14.5,13.7,12.8,11.2,2023104832,2026.7.22,美浦,ダノンスマッシュ,マルモリバニー,ビジュピコ,大柳ファーム,,
美浦,D,左,20260722,水,6:00,ブルーリファール,,牡,3,0,小野次郎,,,,,80.9,66.9,52.1,38.0,24.3,11.9,,,,14.0,14.8,14.1,13.7,12.4,11.9,2023106180,2026.7.22,美浦,ブラックタイド,ビジネスライク,日下部勝徳,トモファーム,,
美浦,D,左,20260722,水,6:01,アルデバローズ,,牝,3,0,矢野英一,,,,,84.3,66.5,51.7,37.6,23.7,11.4,,,,17.8,14.8,14.1,13.9,12.3,11.4,2023100285,2026.7.22,美浦,ダノンスマッシュ,キリエ,秋元竜弥,平野牧場,,
美浦,D,左,20260722,水,6:01,クールベイビー,,牝,5,900,矢野英一,,,,,82.6,65.0,50.0,36.6,23.4,11.2,,,,17.6,15.0,13.4,13.2,12.2,11.2,2021100356,2026.7.22,美浦,アルアイン,クールユリア,川上哲司,久井牧場,,
美浦,D,左,20260722,水,6:01,ゴバド,,牝,3,400,加藤征弘,,,,,81.7,66.1,51.2,36.3,22.8,10.9,,,,15.6,14.9,14.9,13.5,11.9,10.9,2023105239,2026.7.22,美浦,トーセンラー,シャンデリアスピン,阿部友弘,社台ファーム,,
美浦,D,左,20260722,水,6:01,サイモンオリエント,,牡,2,未出走,勢司和浩,,,,,83.1,66.2,51.5,37.3,23.6,11.3,,,,16.9,14.7,14.2,13.7,12.3,11.3,2024102477,2026.7.22,美浦,シャンハイボビー,シェリーカスク,澤田昭紀,笠松牧場,,
美浦,D,左,20260722,水,6:01,サザンキンレンカ,,牝,2,未出走,畠山吉宏,,,,,82.2,65.9,51.1,36.9,23.9,12.0,,,,16.3,14.8,14.2,13.0,11.9,12.0,2024105501,2026.7.22,美浦,ルヴァンスレーヴ,カリフォルニアネクター,サザンホールディング,平野牧場,,
美浦,D,左,20260722,水,6:01,サトノシャムロック,,セ,4,400,古賀慎明,,,,,82.0,66.1,51.4,37.3,24.0,11.7,,,,15.9,14.7,14.1,13.3,12.3,11.7,2022104967,2026.7.22,美浦,ニューイヤーズデイ,ヒップホップスワン,里見治,ノーザンファーム,,
美浦,D,左,20260722,水,6:01,シュンポシオン,,牡,3,0,矢野英一,,,,,83.8,65.6,50.8,37.1,23.6,11.4,,,,18.2,14.8,13.7,13.5,12.2,11.4,2023102135,2026.7.22,美浦,アルアイン,グレイトサンディー,山藤賢,ディアレストクラブ,,
美浦,D,左,20260722,水,6:01,バンデルオーラ,,牡,7,2400,岩戸孝樹,,,,,84.1,67.6,52.4,37.6,24.1,11.7,,,,16.5,15.2,14.8,13.5,12.4,11.7,2019104915,2026.7.22,美浦,トーセンラー,マチカネハヤテ,社台レースホース,社台ファーム,,
美浦,D,左,20260722,水,6:01,フィールオーサム,,牝,4,900,岩戸孝樹,,,,,81.4,65.1,50.5,36.4,23.1,11.1,,,,16.3,14.6,14.1,13.3,12.0,11.1,2022105925,2026.7.22,美浦,ルヴァンスレーヴ,フィールザプリティ,櫻井正,平岡牧場,,
美浦,D,左,20260722,水,6:01,フィールマイプラン,,牡,3,400,岩戸孝樹,,,,,83.8,67.3,52.1,37.5,23.9,11.6,,,,16.5,15.2,14.6,13.6,12.3,11.6,2023103860,2026.7.22,美浦,サトノクラウン,フィールザプリティ,櫻井正,平岡牧場,,
美浦,D,左,20260722,水,6:01,フキョウワオン,,牡,3,0,勢司和浩,,,,,83.1,66.3,51.5,37.5,23.8,11.5,,,,16.8,14.8,14.0,13.7,12.3,11.5,2023103971,2026.7.22,美浦,リアルスティール,ステイホーム,吉野智博,イワミ牧場,,
美浦,D,左,20260722,水,6:01,フクチャントウメイ,,セ,5,900,加藤征弘,,,,,83.0,67.1,52.0,37.1,23.6,11.2,,,,15.9,15.1,14.9,13.5,12.4,11.2,2021105086,2026.7.22,美浦,ストロングリターン,スタートアップ,福田義明,社台ファーム,,
美浦,D,左,20260722,水,6:01,ブルージェイ,,牡,2,未出走,加藤征弘,,,,,82.3,66.4,51.4,36.5,23.0,11.0,,,,15.9,15.0,14.9,13.5,12.0,11.0,2024107032,2026.7.22,美浦,シスキン,ネオフレグランス,キャロットファーム,社台コーポレーション白老ファーム,,
美浦,D,左,20260722,水,6:01,ポッドロワール,,牡,4,1500,畠山吉宏,,,,,83.0,66.0,51.1,37.1,23.8,11.6,,,,17.0,14.9,14.0,13.3,12.2,11.6,2022101573,2026.7.22,美浦,レイデオロ,レディヴァルール,小川眞査雄,スマイルファーム,,
美浦,D,左,20260722,水,6:01,ミスタートントン,,牡,3,0,勢司和浩,,,,,86.2,70.1,55.0,40.2,25.8,12.5,,,,16.1,15.1,14.8,14.4,13.3,12.5,2023107532,2026.7.22,美浦,"Mo Town","Breezing Bye",村田哲朗,"Dominique Damico",,
美浦,D,左,20260722,水,6:01,リリカルフレア,,牝,2,0,畠山吉宏,,,,,81.1,65.2,50.9,37.2,24.3,11.9,,,,15.9,14.3,13.7,12.9,12.4,11.9,2024105822,2026.7.22,美浦,ポエティックフレア,キャーントストップ,社台レースホース,社台ファーム,,
美浦,D,左,20260722,水,6:01,ロジザボード,,牝,3,0,古賀慎明,,,,,83.3,66.7,51.9,37.7,24.1,11.7,,,,16.6,14.8,14.2,13.6,12.4,11.7,2023104017,2026.7.22,美浦,ドレフォン,ロジヒューズ,久米田正明,オリエント牧場,,
美浦,D,左,20260722,水,6:02,アイビークロノス,,牡,2,未出走,牧光二,,,,,83.4,67.9,53.8,38.7,24.5,12.0,,,,15.5,14.1,15.1,14.2,12.5,12.0,2024108317,2026.7.22,美浦,"Drain the Clock","Tomato Bisque",石坂茂ラボ,"Pony Express Sales Inc.",,
美浦,D,左,20260722,水,6:02,ウィズアツインクル,,牡,3,0,牧光二,,,,,83.9,68.5,54.1,38.8,24.5,12.0,,,,15.4,14.4,15.3,14.3,12.5,12.0,2023102388,2026.7.22,美浦,ダノンバラード,ツインクルスター,岡田牧雄,岡田スタツド,,
美浦,D,左,20260722,水,6:02,オーサムストローク,,牡,5,1500,伊藤圭三,,,,,87.9,70.1,53.6,38.7,24.4,11.4,,,,17.8,16.5,14.9,14.3,13.0,11.4,2021100557,2026.7.22,美浦,エピファネイア,グランドクララ,ライオンレースホース,秋場牧場,,
美浦,D,左,20260722,水,6:02,カゼノタカトシ,,牡,4,900,久保田貴,,,,,86.0,69.7,53.6,38.6,24.6,12.0,,,,16.3,16.1,15.0,14.0,12.6,12.0,2022107226,2026.7.22,美浦,レイデオロ,スマートグレイス,深井孟,飛野牧場,,
美浦,D,左,20260722,水,6:02,サトノエスケープ,,牡,3,400,久保田貴,,,,,84.5,68.5,52.7,37.5,23.9,11.5,,,,16.0,15.8,15.2,13.6,12.4,11.5,2023106932,2026.7.22,美浦,ジャスタウェイ,エルフィンコーブ,里見治,ノーザンファーム,,
美浦,D,左,20260722,水,6:02,サトノスプレマシー,,牝,2,未出走,久保田貴,,,,,85.0,68.9,52.9,37.9,24.1,11.6,,,,16.1,16.0,15.0,13.8,12.5,11.6,2024107260,2026.7.22,美浦,シルバーステート,サマーソワレ,里見治,千代田牧場,,
美浦,D,左,20260722,水,6:02,サングラデーション,,セ,6,430,千葉直人,,,,,84.2,67.9,53.1,38.5,24.4,11.5,,,,16.3,14.8,14.6,14.1,12.9,11.5,2020102864,2026.7.22,美浦,ドゥラメンテ,サンシャイン,社台レースホース,社台ファーム,,
美浦,D,左,20260722,水,6:02,ジェシーテソーロ,,牡,4,900,牧光二,,,,,83.7,68.2,54.4,39.8,25.4,12.5,,,,15.5,13.8,14.6,14.4,12.9,12.5,2022102260,2026.7.22,美浦,フィエールマン,トロントテソーロ,了徳寺健二ホールディングス,リョーケンファーム,,
美浦,D,左,20260722,水,6:02,ジャストピーチー,,牝,2,未登録,,,,,,88.9,71.6,56.2,40.7,26.0,12.2,,,,17.3,15.4,15.5,14.7,13.8,12.2,2024102151,2026.7.22,,ストラクター,ラペーシュ,,HARUNOファーム,,
美浦,D,左,20260722,水,6:02,タイセイミッション,,セ,5,1500,伊藤圭三,,,,,87.1,69.3,53.8,38.7,24.5,11.8,,,,17.8,15.5,15.1,14.2,12.7,11.8,2021101045,2026.7.22,美浦,キタサンブラック,パクスアジアーナ,田中成奉,天羽牧場,,
美浦,D,左,20260722,水,6:02,タイヨウノユビワ,,牝,3,0,小島茂之,,,,,88.2,71.4,56.1,40.6,26.0,12.2,,,,16.8,15.3,15.5,14.6,13.8,12.2,2023106521,2026.7.22,美浦,モズアスコット,エバープリンセス,日下部勝徳,ホース・マネジメント・ボス,,
美浦,D,左,20260722,水,6:02,タマモブレイキン,,牡,3,0,伊藤圭三,,,,,86.6,69.2,54.0,38.9,24.7,11.9,,,,17.4,15.2,15.1,14.2,12.8,11.9,2023103252,2026.7.22,美浦,ブリックスアンドモルタル,タマモボレロ,タマモ,前田牧場,,
美浦,D,左,20260722,水,6:02,ナムラアラバイ,,牡,2,未出走,武市康男,,,,,84.2,67.7,52.6,37.3,23.5,11.5,,,,16.5,15.1,15.3,13.8,12.0,11.5,2024100828,2026.7.22,美浦,マテラスカイ,ナムラビバ,奈村睦弘,ナカノファーム,,
美浦,D,左,20260722,水,6:02,パープルアドミラル,,牡,6,0,堀内岳志,,,,,85.3,68.7,53.8,39.4,25.5,12.2,,,,16.6,14.9,14.4,13.9,13.3,12.2,2020104328,2026.7.22,美浦,シビルウォー,ママノヨリミチ,岡田牧雄,聖心台牧場,,
美浦,D,左,20260722,水,6:02,フォーエバーラブ,,牡,3,0,金成貴史,,,,,86.2,68.8,53.1,38.1,23.7,11.5,,,,17.4,15.7,15.0,14.4,12.2,11.5,2023102941,2026.7.22,美浦,ミスターメロディ,プレシャスメイト,坂巻勝彦,千代田牧場,,
美浦,D,左,20260722,水,6:02,フクシマブリルハム,,牡,3,400,小島茂之,,,,,87.6,70.5,55.1,39.8,25.0,11.5,,,,17.1,15.4,15.3,14.8,13.5,11.5,2023105405,2026.7.22,美浦,ドレフォン,オモテナシ2,西本資史,チャンピオンズファーム,,
美浦,D,左,20260722,水,6:02,ブレスドナイル,,牝,4,100,金成貴史,,,,,86.8,69.2,53.5,38.3,23.9,11.3,,,,17.6,15.7,15.2,14.4,12.6,11.3,2022110061,2026.7.22,美浦,"Gun Runner","Pioneer Queen",飯田正剛,"Chiyoda Farm",,
美浦,D,左,20260722,水,6:02,ムーンストラック,,牝,4,500,武市康男,,,,,84.4,67.8,52.5,37.3,23.5,11.5,,,,16.6,15.3,15.2,13.8,12.0,11.5,2022104187,2026.7.22,美浦,シュヴァルグラン,リンターバル,坂巻勝彦,千代田牧場,,
美浦,D,左,20260722,水,6:02,ヤマメホープ,,牡,3,0,久保田貴,,,,,84.9,68.5,53.2,38.0,24.3,11.8,,,,16.4,15.3,15.2,13.7,12.5,11.8,2023103075,2026.7.22,美浦,コントレイル,レガリニ,越村哲男,畠山牧場,,
美浦,D,左,20260722,水,6:02,ルーラーリッチ,,セ,6,900,小島茂之,,,,,88.1,70.9,55.5,40.0,25.1,11.5,,,,17.2,15.4,15.5,14.9,13.6,11.5,2020102793,2026.7.22,美浦,ルーラーシップ,エバーキュート,宇田豊,社台ファーム,,
美浦,D,左,20260722,水,6:02,ロジャリーマイン,,牝,4,400,久保田貴,,,,,81.7,65.2,51.4,37.7,24.3,11.7,,,,16.5,13.8,13.7,13.4,12.6,11.7,2022105063,2026.7.22,美浦,エピファネイア,マリアライト,キャロットファーム,ノーザンファーム,,
美浦,D,左,20260722,水,6:03,アウアリイ,,牡,2,未出走,奥村武,,,,,84.5,68.2,52.6,37.7,24.0,11.6,,,,16.3,15.6,14.9,13.7,12.4,11.6,2024106017,2026.7.22,美浦,モーリス,ブルーハワイアン,吉田照哉,社台ファーム,,
美浦,D,左,20260722,水,6:03,インテルラゴス,,牝,2,未出走,奥村武,,,,,83.8,67.8,52.2,37.5,23.9,11.5,,,,16.0,15.6,14.7,13.6,12.4,11.5,2024106448,2026.7.22,美浦,インディチャンプ,ダンサール,吉田勝己,ノーザンファーム,,
美浦,D,左,20260722,水,6:03,グラムエッジ,,牡,3,0,手塚貴久,,,,,85.2,68.7,52.7,37.7,23.9,11.6,,,,16.5,16.0,15.0,13.8,12.3,11.6,2023107305,2026.7.22,美浦,ナダル,ランズエッジ,キャロットファーム,ノーザンファーム,,
美浦,D,左,20260722,水,6:03,シンハナーダ,,牡,5,2400,木村哲也,,,,,81.1,64.8,49.9,36.0,23.0,11.3,,,,16.3,14.9,13.9,13.0,11.7,11.3,2021105574,2026.7.22,美浦,レイデオロ,シンハディーパ,DMMドリームクラブ,ノーザンファーム,,
美浦,D,左,20260722,水,6:03,ダノンロッキー,,牡,5,0,古賀大生,,,,,85.7,69.0,53.9,39.1,25.0,11.7,,,,16.7,15.1,14.8,14.1,13.3,11.7,2021105654,2026.7.22,美浦,キズナ,ティファニーズオナー,ダノックス,ノーザンファーム,,
美浦,D,左,20260722,水,6:03,フルールロイヤル,,牝,3,0,青木孝文,,,,,84.6,67.4,52.4,38.4,24.6,11.7,,,,17.2,15.0,14.0,13.8,12.9,11.7,2023107018,2026.7.22,美浦,ハービンジャー,サングレアル,吉田勝己,ノーザンファーム,,
美浦,D,左,20260722,水,6:03,ブラッキッシュ,,牡,3,0,木村哲也,,,,,86.6,69.2,53.9,39.3,25.2,11.9,,,,17.4,15.3,14.6,14.1,13.3,11.9,2023107028,2026.7.22,美浦,キタサンブラック,シネマトグラフ,江馬由将,ノーザンファーム,,
美浦,D,左,20260722,水,6:03,プリヴィレッジ,,牡,2,未出走,石栗龍彦,,,,,86.8,70.8,54.6,39.6,25.6,12.5,,,,16.0,16.2,15.0,14.0,13.1,12.5,2024101422,2026.7.22,美浦,ミッキーアイル,プリンセスヨウク,ライオンレースホース,坂東牧場,,
美浦,D,左,20260722,水,6:03,ミズノミヤコ,,牝,3,0,青木孝文,,,,,83.7,66.7,51.8,37.8,24.0,11.6,,,,17.0,14.9,14.0,13.8,12.4,11.6,2023103051,2026.7.22,美浦,シルバーステート,スティルウォーター,植村仁,橋本牧場,,
美浦,D,左,20260722,水,6:03,ルークウォーム,,牝,2,400,手塚貴久,,,,,85.5,68.8,52.8,37.9,24.1,11.7,,,,16.7,16.0,14.9,13.8,12.4,11.7,2024100660,2026.7.22,美浦,"Too Darn Hot",スノースター,ゴドルフィン,ダーレー・ジャパン・ファーム,,
美浦,D,左,20260722,水,6:04,アイウィル,,牡,5,1500,高木登,,,,,84.0,67.5,52.2,37.6,23.3,11.0,,,,16.5,15.3,14.6,14.3,12.3,11.0,2021103502,2026.7.22,美浦,ドレフォン,ジュリーハーツ,Gリビエール・レーシング,岡田スタツド,,
美浦,D,左,20260722,水,6:04,アニエーネ,,牝,2,未出走,和田勇介,,,,,82.6,65.9,50.8,36.1,22.8,11.0,,,,16.7,15.1,14.7,13.3,11.8,11.0,2024103586,2026.7.22,美浦,ベンバトル,クアルティエーレ,ビッグレッドファーム,ビッグレッドファーム,,
美浦,D,左,20260722,水,6:04,アラムベイ,,牡,3,0,池上昌和,,,,,84.9,68.0,53.6,38.8,24.0,11.3,,,,16.9,14.4,14.8,14.8,12.7,11.3,2023101151,2026.7.22,美浦,ファインニードル,ハーロンベイ,ゴドルフィン,ダーレー・ジャパン・ファーム,,
美浦,D,左,20260722,水,6:04,アルセナール,,牝,5,2050,木村哲也,,,,,85.1,69.2,54.3,39.8,25.9,12.7,,,,15.9,14.9,14.5,13.9,13.2,12.7,2021105548,2026.7.22,美浦,エピファネイア,サンブルエミューズ,キャロットファーム,ノーザンファーム,,
美浦,D,左,20260722,水,6:04,イニシャルポイント,,牝,2,未出走,高木登,,,,,84.5,67.5,52.4,37.8,23.6,11.1,,,,17.0,15.1,14.6,14.2,12.5,11.1,2024108217,2026.7.22,美浦,Flightline,Farrell,ビッグレッドファーム,"Coffee Pot Stable",,
美浦,D,左,20260722,水,6:04,オリオアルセーリオ,,牝,4,400,木村哲也,,,,,86.3,70.2,55.1,40.3,26.1,12.7,,,,16.1,15.1,14.8,14.2,13.4,12.7,2022105132,2026.7.22,美浦,レイデオロ,リナーテ,サンデーレーシング,ノーザンファーム,,
美浦,D,左,20260722,水,6:04,カシノユメミヅキ,,牡,3,0,和田雄二,,,,,86.2,69.1,54.2,40.0,26.1,12.7,,,,17.1,14.9,14.2,13.9,13.4,12.7,2023109103,2026.7.22,美浦,メイショウボーラー,トウケイサクラ,柏木務,本田土寿,,
美浦,D,左,20260722,水,6:04,ガーネットテソーロ,,牝,3,400,高木登,,,,,85.1,68.0,52.7,38.2,23.8,11.1,,,,17.1,15.3,14.5,14.4,12.7,11.1,2023106734,2026.7.22,美浦,シルバーステート,アンカーテソーロ,了徳寺健二ホールディングス,リョーケンファーム,,
美浦,D,左,20260722,水,6:04,ゴールデンステップ,,牝,5,400,和田勇介,,,,,83.7,66.9,51.8,37.1,23.7,11.5,,,,16.8,15.1,14.7,13.4,12.2,11.5,2021103555,2026.7.22,美浦,ブリックスアンドモルタル,ルミナスレッド,岡田牧雄,岡田スタツド,,
美浦,D,左,20260722,水,6:04,スカーレットジーン,,牝,3,0,水野貴広,,,,,83.3,67.2,52.0,37.0,23.4,11.5,,,,16.1,15.2,15.0,13.6,11.9,11.5,2023103465,2026.7.22,美浦,トーセンラー,ダイワウィズミー,吉田千津,社台ファーム,,
美浦,D,左,20260722,水,6:04,タイキオーベロン,,牡,4,400,高木登,,,,,85.2,68.0,52.5,37.9,23.7,11.4,,,,17.2,15.5,14.6,14.2,12.3,11.4,2022103155,2026.7.22,美浦,ダノンレジェンド,ブラックフェアリー,大樹ファーム,ビクトリーホースランチ,,
美浦,D,左,20260722,水,6:04,ニシノブレイゼスト,,牡,4,900,高木登,,,,,86.2,68.5,53.0,38.3,23.7,11.3,,,,17.7,15.5,14.7,14.6,12.4,11.3,2022107011,2026.7.22,美浦,シルバーステート,ニシノステディー,西山茂行,村上欽哉,,
美浦,D,左,20260722,水,6:04,フジサンインフレ,,牡,2,未出走,池上昌和,,,,,84.5,68.2,53.6,38.7,24.1,11.6,,,,16.3,14.6,14.9,14.6,12.5,11.6,2024100161,2026.7.22,美浦,フォーウィールドライブ,サラマンドラ,藤田秀行,沖田牧場,,
美浦,D,左,20260722,水,6:04,メイショウバリスタ,,牡,3,0,西田雄一,,,,,86.7,69.6,54.8,39.7,25.5,12.5,,,,17.1,14.8,15.1,14.2,13.0,12.5,2023102069,2026.7.22,美浦,ワールドエース,レジーナカフェ,松本好隆,太陽牧場,,
美浦,D,左,20260722,水,6:04,モミスケ,,牡,2,未出走,水野貴広,,,,,83.7,67.5,52.1,37.1,23.4,11.3,,,,16.2,15.4,15.0,13.7,12.1,11.3,2024105532,2026.7.22,美浦,ビッグアーサー,クレーンズラヴァー,助川啓一,本桐村田牧場,,
美浦,D,左,20260722,水,6:04,ルフトシュピール,,牝,2,未出走,木村哲也,,,,,86.1,70.0,54.9,40.1,26.0,12.7,,,,16.1,15.1,14.8,14.1,13.3,12.7,2024106087,2026.7.22,美浦,キタサンブラック,レッドアネモス,社台レースホース,社台ファーム,,
美浦,D,左,20260722,水,6:05,カツノテンス,,牡,6,160,伊藤伸一,,,,,85.3,67.7,52.9,38.5,24.9,12.3,,,,17.6,14.8,14.4,13.6,12.6,12.3,2020105525,2026.7.22,美浦,シルバーステート,コウザンティアラ,勝野産業,新冠伊藤牧場,,
美浦,D,左,20260722,水,6:05,コパノフラメンコ,,牝,2,未出走,上原博之,,,,,86.2,69.0,54.0,38.8,24.7,11.9,,,,17.2,15.0,15.2,14.1,12.8,11.9,2024102665,2026.7.22,美浦,コパノリッキー,プリンシプルレディ,小林祥晃,大北牧場,,
美浦,D,左,20260722,水,6:05,スマートフランキー,,牡,4,120,高橋文雅,,,,,85.3,68.3,53.7,39.4,25.1,12.2,,,,17.0,14.6,14.3,14.3,12.9,12.2,2022101826,2026.7.22,美浦,スマートオーディン,スマートキャンディ,大川徹,中原牧場,,
美浦,D,左,20260722,水,6:05,ファイアマン,,牡,3,900,上原博之,,,,,86.8,69.6,54.4,39.3,25.0,11.9,,,,17.2,15.2,15.1,14.3,13.1,11.9,2023101154,2026.7.22,美浦,ディスクリートキャット,フラマブル,ゴドルフィン,ダーレー・ジャパン・ファーム,,
美浦,D,左,20260722,水,6:05,プラチナムディスク,,牝,3,0,小笠倫弘,,,,,86.2,69.0,53.9,38.9,24.8,11.7,,,,17.2,15.1,15.0,14.1,13.1,11.7,2023102383,2026.7.22,美浦,ゴールドドリーム,スノークラフト,岡田牧雄,岡田スタツド,,
美浦,D,左,20260722,水,6:05,マーシヴィガラス,,牡,6,900,的場均,,,,,85.5,69.1,53.4,38.6,24.8,12.0,,,,16.4,15.7,14.8,13.8,12.8,12.0,2020104099,2026.7.22,美浦,ネロ,スケッチーヴュー,佐藤好美,桑嶋峰雄,,
美浦,D,左,20260722,水,6:05,ワレモコウ,,牝,2,0,小笠倫弘,,,,,85.9,68.9,53.7,38.7,24.6,11.6,,,,17.0,15.2,15.0,14.1,13.0,11.6,2024102061,2026.7.22,美浦,タワーオブロンドン,アンナトルテ,岡浩二,富菜牧場,,
美浦,D,左,20260722,水,6:06,メーレスブリーゼ,,牝,3,0,水野貴広,,,,,92.1,69.4,53.9,39.3,24.9,11.3,,,,22.7,15.5,14.6,14.4,13.6,11.3,2023106429,2026.7.22,美浦,ゴールドシップ,ヴォイスオブジョイ,サラブレッドクラブ・ラフィアン,ビッグレッドファーム,,
美浦,D,左,20260722,水,6:08,アトミックリーチ,,牡,2,未出走,宮田敬介,,,,,84.6,67.0,51.2,37.0,23.4,11.2,,,,17.6,15.8,14.2,13.6,12.2,11.2,2024106508,2026.7.22,美浦,コントレイル,パリスビキニ,藤田晋,ノーザンファーム,,
美浦,D,左,20260722,水,6:08,アドマイヤウルトラ,,牡,3,0,宮田敬介,,,,,83.8,66.6,51.1,37.0,23.3,11.3,,,,17.2,15.5,14.1,13.7,12.0,11.3,2023106836,2026.7.22,美浦,リオンディーズ,アドマイヤシーマ,近藤旬子,ノーザンファーム,,
美浦,D,左,20260722,水,6:08,エラルディーク,,牝,3,400,宮田敬介,,,,,85.3,67.4,51.7,37.4,23.8,11.4,,,,17.9,15.7,14.3,13.6,12.4,11.4,2023110006,2026.7.22,美浦,Sottsass,"Noblesse Oblige",社台レースホース,"Shadai Corporation Ltd",,
美浦,D,左,20260722,水,6:08,ブラックティンカー,,牝,4,150,粕谷昌央,,,,,,,53.2,38.7,24.8,11.9,,,,,,14.5,13.9,12.9,11.9,2022100075,2026.7.22,美浦,シルバーステート,パシュート,ターフ・スポート,荻伏服部牧場,,
美浦,D,左,20260722,水,6:09,アドマイヤパープル,,牝,3,0,宮田敬介,,,,,,,52.3,37.2,23.8,11.6,,,,,,15.1,13.4,12.2,11.6,2023106879,2026.7.22,美浦,ロードカナロア,インナーレルム,近藤旬子,ノーザンファーム,,
美浦,D,左,20260722,水,6:09,ダノンセンチュリー,,牡,4,2400,宮田敬介,,,,,85.8,68.0,52.7,38.3,24.5,11.6,,,,17.8,15.3,14.4,13.8,12.9,11.6,2022104814,2026.7.22,美浦,フィエールマン,シャンブルドット,ダノックス,ノーザンファーム,,
美浦,D,左,20260722,水,6:09,メトロポリターナ,,牝,5,490,粕谷昌央,,,,,,,53.2,38.2,24.8,12.1,,,,,,15.0,13.4,12.7,12.1,2021110040,2026.7.22,美浦,Masar,"Golden Globe",庄司修二,Godolphin,,
美浦,D,左,20260722,水,6:12,グランフィエスタ,,牡,3,0,稲垣幸雄,,,,,84.6,67.6,52.6,38.4,25.0,12.5,,,,17.0,15.0,14.2,13.4,12.5,12.5,2023105577,2026.7.22,美浦,サートゥルナーリア,ミルウ,大塚亮一,隆栄牧場,,
美浦,D,左,20260722,水,6:12,ソレム,,牝,3,0,稲垣幸雄,,,,,82.8,66.7,51.6,37.6,24.5,12.1,,,,16.1,15.1,14.0,13.1,12.4,12.1,2023107213,2026.7.22,美浦,Sottsass,プレインチャント,シルクレーシング,ノーザンファーム,,
美浦,D,左,20260722,水,6:12,メラーキ,,牡,9,900,稲垣幸雄,,,,,84.8,66.6,51.0,36.9,23.9,11.7,,,,18.2,15.6,14.1,13.0,12.2,11.7,2017105634,2026.7.22,美浦,ハーツクライ,レツィーナ,大塚亮一,ノーザンファーム,,
美浦,D,左,20260722,水,6:13,アトラップモア,,牝,3,未出走,堀宣行,,,,,82.6,66.7,51.8,37.0,23.7,11.4,,,,15.9,14.9,14.8,13.3,12.3,11.4,2023102628,2026.7.22,美浦,ヘニーヒューズ,レディマドンナ,江馬由将,グランド牧場,,
美浦,D,左,20260722,水,6:13,ウリズンベー,,牡,3,400,古賀大生,,,,,83.3,65.8,51.3,37.6,24.1,11.6,,,,17.5,14.5,13.7,13.5,12.5,11.6,2023103709,2026.7.22,美浦,ルヴァンスレーヴ,ヌチバナ,G1レーシング,追分ファーム,,
美浦,D,左,20260722,水,6:13,チザルピーノ,,セ,5,900,堀宣行,,,,,82.5,66.5,51.6,36.8,23.6,11.3,,,,16.0,14.9,14.8,13.2,12.3,11.3,2021101928,2026.7.22,美浦,ドレフォン,マローブルー,金子真人ホールディングス,日高大洋牧場,,
美浦,D,左,20260722,水,6:13,ニュークリアス,,牡,3,0,古賀大生,,,,,83.7,66.2,51.8,37.7,24.2,11.7,,,,17.5,14.4,14.1,13.5,12.5,11.7,2023105341,2026.7.22,美浦,フィエールマン,リエヴェメンテ,池谷誠一,ノーザンファーム,,
美浦,D,左,20260722,水,6:15,キューティリップ,,牝,4,400,戸田博文,,,,,89.5,70.0,53.8,38.6,24.4,11.8,,,,19.5,16.2,15.2,14.2,12.6,11.8,2022105131,2026.7.22,美浦,リアルスティール,リップスポイズン,小濱忠一,ノーザンファーム,,
美浦,D,左,20260722,水,6:15,コウユーキミガイテ,,牝,2,未出走,竹内正洋,,,,,84.4,67.2,52.3,37.5,23.7,11.7,,,,17.2,14.9,14.8,13.8,12.0,11.7,2024100913,2026.7.22,美浦,ウィルテイクチャージ,プレシャスジェムズ,加治屋貞光,"Hyperion Farm",,
美浦,D,左,20260722,水,6:15,フジテンクウ,,牝,3,0,竹内正洋,,,,,85.9,68.1,52.9,38.0,24.2,11.9,,,,17.8,15.2,14.9,13.8,12.3,11.9,2023105179,2026.7.22,美浦,マインドユアビスケッツ,ワールプール,荒木誠,中村雅明,,
美浦,D,左,20260722,水,6:15,ユイチャンファイト,,牝,2,未出走,竹内正洋,,,,,85.8,68.2,53.1,38.2,24.4,12.2,,,,17.6,15.1,14.9,13.8,12.2,12.2,2024104916,2026.7.22,美浦,マテラスカイ,パーフェクトワン,由井健太郎,藤沢牧場,,
美浦,D,左,20260722,水,6:15,ユイノマチブセ,,牡,6,900,竹内正洋,,,,,86.8,69.4,53.6,38.7,24.7,12.1,,,,17.4,15.8,14.9,14.0,12.6,12.1,2020105147,2026.7.22,美浦,シニスターミニスター,デフィニール,由井健太郎,川島牧場,,
美浦,D,左,20260722,水,6:17,キタイノホシ,,牡,3,0,蛯名利弘,,,,,84.5,67.8,53.1,38.3,24.4,11.7,,,,16.7,14.7,14.8,13.9,12.7,11.7,2023100204,2026.7.22,美浦,ワールドエース,コイクレナイ,村田哲朗,築紫洋,,
美浦,D,左,20260722,水,6:17,セザンワールド,,セ,6,690,蛯名利弘,,,,,83.4,66.8,52.2,37.7,23.8,11.5,,,,16.6,14.6,14.5,13.9,12.3,11.5,2020106051,2026.7.22,美浦,トゥザワールド,ディアテイスティー,瀬山孝一,山岡牧場,,
美浦,D,左,20260722,水,6:17,パイシャオピン,,牝,4,900,鈴木伸尋,,,,,84.7,68.0,52.9,37.8,23.9,11.6,,,,16.7,15.1,15.1,13.9,12.3,11.6,2022103371,2026.7.22,美浦,ホッコータルマエ,パイクーニャン,ウエスト.フォレスト.ステイブル,山春牧場,,
美浦,D,左,20260722,水,6:17,モリノセピア,,牡,5,900,鈴木伸尋,,,,,85.6,68.4,53.1,38.1,23.9,11.3,,,,17.2,15.3,15.0,14.2,12.6,11.3,2021106307,2026.7.22,美浦,エスポワールシチー,ペルレストラーダ,森和久,須崎牧場,,
美浦,D,左,20260722,水,6:17,ラフエルガ,,牝,2,未出走,鈴木伸尋,,,,,84.9,68.1,52.9,37.9,23.8,11.4,,,,16.8,15.2,15.0,14.1,12.4,11.4,2024105946,2026.7.22,美浦,ニューイヤーズデイ,チカアレグレ,グリーンファーム,社台ファーム,,
美浦,D,左,20260722,水,6:18,ビップルーチェ,,牝,2,未出走,田島俊明,,,,,86.4,69.6,54.4,39.7,25.2,11.9,,,,16.8,15.2,14.7,14.5,13.3,11.9,2024104028,2026.7.22,美浦,サトノダイヤモンド,オルトリンデ,鈴木邦英,アフリートファーム,,
美浦,D,左,20260722,水,6:18,ヤマメジャンプ,,牡,2,未出走,田島俊明,,,,,86.3,69.3,54.3,39.6,25.1,11.8,,,,17.0,15.0,14.7,14.5,13.3,11.8,2024104819,2026.7.22,美浦,サートゥルナーリア,スティルウォーター,越村哲男,橋本牧場,,
美浦,D,左,20260722,水,6:48,アブリコース,,牝,2,未出走,小手川準,,,,,83.8,67.0,52.0,37.3,23.7,11.3,,,,16.8,15.0,14.7,13.6,12.4,11.3,2024103284,2026.7.22,美浦,パイロ,スクウェアセイル,大将レーシング,トド岩高原銀河農場物語,,
美浦,D,左,20260722,水,6:48,イスキオス,,牡,4,0,栗田徹,,,,,85.0,67.8,52.4,37.8,24.1,11.6,,,,17.2,15.4,14.6,13.7,12.5,11.6,2022105223,2026.7.22,美浦,キタサンブラック,アルベルティーヌ,村野康司,社台ファーム,,
美浦,D,左,20260722,水,6:48,クリニクラウン,,牝,6,1500,小手川準,,,,,84.3,68.6,53.9,39.1,24.8,11.9,,,,15.7,14.7,14.8,14.3,12.9,11.9,2020100934,2026.7.22,美浦,トビーズコーナー,ルナフォース,新木鈴子,ヒダカフアーム,,
美浦,D,左,20260722,水,6:48,サザンヴィターレ,,牝,2,未出走,栗田徹,,,,,84.5,67.4,51.9,37.5,23.8,11.6,,,,17.1,15.5,14.4,13.7,12.2,11.6,2024100877,2026.7.22,美浦,ルヴァンスレーヴ,セレナライティア,サザンホールディング,日西牧場,,
美浦,D,左,20260722,水,6:48,ジオパークカツキ,,牡,2,未出走,伊藤圭三,,,,,84.2,67.8,52.4,37.4,23.6,11.4,,,,16.4,15.4,15.0,13.8,12.2,11.4,2024102740,2026.7.22,美浦,ビッグアーサー,アリーハー,小関勝紀,バンブー牧場,,
美浦,D,左,20260722,水,6:48,ジョイアミーア,,牝,3,0,高柳瑞樹,,,,,,,52.0,37.3,24.0,11.5,,,,,,14.7,13.3,12.5,11.5,2023106907,2026.7.22,美浦,モズアスコット,ヴィータアレグリア,キャロットファーム,ノーザンファーム,,
美浦,D,左,20260722,水,6:48,ステラガーネット,,牝,2,未出走,栗田徹,,,,,82.9,66.4,51.8,37.4,24.0,11.7,,,,16.5,14.6,14.4,13.4,12.3,11.7,2024106348,2026.7.22,美浦,アルクトス,シャインガーネット,"Blooming Racing",ノーザンファーム,,
美浦,D,左,20260722,水,6:48,トップデュオ,,牡,3,0,尾関知人,,,,,84.3,66.9,51.6,37.4,23.7,11.4,,,,17.4,15.3,14.2,13.7,12.3,11.4,2023103801,2026.7.22,美浦,シスキン,デュアルネイチャー,G1レーシング,社台コーポレーション白老ファーム,,
美浦,D,左,20260722,水,6:48,ハヌル,,牝,5,400,岩戸孝樹,,,,,81.9,67.4,52.9,38.0,24.1,11.5,,,,14.5,14.5,14.9,13.9,12.6,11.5,2021103343,2026.7.22,美浦,トゥザグローリー,ムサ,ミルファーム,ミルファーム,,
美浦,D,左,20260722,水,6:48,フォルナカリア,,牡,3,0,栗田徹,,,,,82.2,66.0,51.4,37.2,23.9,11.8,,,,16.2,14.6,14.2,13.3,12.1,11.8,2023106959,2026.7.22,美浦,サートゥルナーリア,ガールオンファイア,サンデーレーシング,ノーザンファーム,,
美浦,D,左,20260722,水,6:48,マルディランダ,,牡,6,2400,金成貴史,,,,,84.7,67.2,52.5,37.9,23.9,11.3,,,,17.5,14.7,14.6,14.0,12.6,11.3,2020103063,2026.7.22,美浦,イスラボニータ,マルバイユ,社台レースホース,社台ファーム,,
美浦,D,左,20260722,水,6:48,モナコブル,,牡,5,900,岩戸孝樹,,,,,83.3,68.7,53.6,38.8,24.6,11.7,,,,14.6,15.1,14.8,14.2,12.9,11.7,2021109096,2026.7.22,美浦,ニューイヤーズデイ,メイチャリティ,千明牧場,千明牧場,,
美浦,D,左,20260722,水,6:48,ユイハホンキダゼ,,牡,3,0,尾関知人,,,,,83.7,66.4,51.0,37.1,23.8,11.5,,,,17.3,15.4,13.9,13.3,12.3,11.5,2023104344,2026.7.22,美浦,ディープブリランテ,ネネグース,由井健太郎,新冠橋本牧場,,
美浦,D,左,20260722,水,6:48,ラッキーモア,,牡,3,0,尾関知人,,,,,82.5,66.1,50.8,36.9,23.9,11.6,,,,16.4,15.3,13.9,13.0,12.3,11.6,2023110017,2026.7.22,美浦,"Lucky Vega","Class Act",張月勝,"Yulong Investments",,
美浦,D,左,20260722,水,6:48,リコルディオーロ,,牡,2,未出走,伊藤圭三,,,,,84.3,67.9,52.3,37.4,23.6,11.4,,,,16.4,15.6,14.9,13.8,12.2,11.4,2024102636,2026.7.22,美浦,ゴールドドリーム,メンブランツァ,ノルマンディーサラブレッドレーシング,鮫川啓一,,
美浦,D,左,20260722,水,6:48,リラベガ,,牝,3,400,岩戸孝樹,,,,,82.4,68.2,53.3,38.5,24.4,11.7,,,,14.2,14.9,14.8,14.1,12.7,11.7,2023106372,2026.7.22,美浦,タリスマニック,パティシエール,川崎賢二,パカパカファーム,,
美浦,D,左,20260722,水,6:48,ヴィシーチェック,,牝,2,未出走,小手川準,,,,,82.5,65.6,51.0,36.3,23.1,11.2,,,,16.9,14.6,14.7,13.2,11.9,11.2,2024105829,2026.7.22,美浦,ニューイヤーズデイ,クールデザイン,G1レーシング,社台ファーム,,
美浦,D,左,20260722,水,6:49,エピックジャーニー,,牡,2,未出走,浅利英明,,,,,,,,,,,,,,15.5,14.9,14.3,13.5,12.1,,2024103346,2026.7.22,美浦,エフフォーリア,アドヴェンチャレス,YGGホースクラブ,長浜牧場,,
美浦,D,左,20260722,水,6:49,エルアン,,牡,3,0,浅利英明,,,,,82.8,66.9,52.0,37.3,23.9,11.7,,,,15.9,14.9,14.7,13.4,12.2,11.7,2023100787,2026.7.22,美浦,アドマイヤマーズ,グレイスアン,TURFレーシング,木村牧場,,
美浦,D,左,20260722,水,6:49,クイーンズレイン,,牝,3,0,林徹,,,,,84.1,66.7,51.6,37.1,23.6,11.3,,,,17.4,15.1,14.5,13.5,12.3,11.3,2023103686,2026.7.22,美浦,エピファネイア,クィーンチャーム,G1レーシング,追分ファーム,,
美浦,D,左,20260722,水,6:49,クリアーゲイル,,牡,3,0,浅利英明,,,,,82.6,66.7,51.8,37.4,23.9,11.7,,,,15.9,14.9,14.4,13.5,12.2,11.7,2023103927,2026.7.22,美浦,フィエールマン,ウラガーノ,ディアレストクラブ,アサヒ牧場,,
美浦,D,左,20260722,水,6:49,コトブキヘスペラス,,牡,6,400,金成貴史,171.6,147.1,126.0,106.8,89.4,72.6,56.1,40.2,25.7,12.3,21.1,19.2,17.4,16.8,16.5,15.9,14.5,13.4,12.3,2020100209,2026.7.22,美浦,ハーツクライ,エーシンベロシティ,尾上松壽,下屋敷牧場,,
美浦,D,左,20260722,水,6:49,コールリッジ,,牡,3,0,林徹,,,,,86.3,68.5,53.1,38.4,24.3,11.6,,,,17.8,15.4,14.7,14.1,12.7,11.6,2023106338,2026.7.22,美浦,アルバート,モーニングフェイス,林正道,酒井牧場,,
美浦,D,左,20260722,水,6:49,ジュリ,,牝,3,0,萱野浩二,,,,,84.2,68.4,53.1,38.4,24.7,11.8,,,,15.8,15.3,14.7,13.7,12.9,11.8,2023103273,2026.7.22,美浦,ダノンスマッシュ,ラファエラ,大樹ファーム,松田牧場,,
美浦,D,左,20260722,水,6:49,スカーレットクラン,,牝,2,未出走,林徹,,,,,83.5,66.1,51.3,36.8,23.4,11.3,,,,17.4,14.8,14.5,13.4,12.1,11.3,2024106408,2026.7.22,美浦,ホットロッドチャーリー,スプレンダークラン,G1レーシング,ノーザンファーム,,
美浦,D,左,20260722,水,6:49,ゼノスフィア,,牡,2,未出走,林徹,,,,,83.2,67.6,53.0,38.3,24.3,11.7,,,,15.6,14.6,14.7,14.0,12.6,11.7,2024105951,2026.7.22,美浦,ブリックスアンドモルタル,テラノヴァ,社台レースホース,社台ファーム,,
美浦,D,左,20260722,水,6:49,チャリティチャリス,,牡,3,0,浅利英明,,,,,82.0,66.3,51.6,37.0,23.8,11.8,,,,15.7,14.7,14.6,13.2,12.0,11.8,2023103473,2026.7.22,美浦,ブリックスアンドモルタル,チャリティーライン,吉田千津,社台ファーム,,
美浦,D,左,20260722,水,6:49,ブレトワルダ,,セ,4,900,新開幸一,,,,,83.0,67.3,52.6,38.0,24.3,11.7,,,,15.7,14.7,14.6,13.7,12.6,11.7,2022102965,2026.7.22,美浦,マジェスティックウォリアー,クイーンマザー,大塚亮一,辻牧場,,
美浦,D,左,20260722,水,6:49,ミアネーロ,,牝,5,3350,林徹,,,,,83.2,66.3,51.2,37.5,23.8,11.2,,,,16.9,15.1,13.7,13.7,12.6,11.2,2021105801,2026.7.22,美浦,ドゥラメンテ,ミスエーニョ,シルクレーシング,ノーザンファーム,,
美浦,D,左,20260722,水,6:49,ロジキセキ,,牡,3,0,新開幸一,,,,,82.5,66.9,52.5,37.9,24.1,11.6,,,,15.6,14.4,14.6,13.8,12.5,11.6,2023100578,2026.7.22,美浦,アドマイヤマーズ,グロッタアズーラ,久米田正明,アイズスタッド,,
美浦,D,左,20260722,水,6:49,ヴェニゼロス,,牝,3,0,林徹,,,,,82.6,65.8,50.8,37.2,23.8,11.3,,,,16.8,15.0,13.6,13.4,12.5,11.3,2023106893,2026.7.22,美浦,コントレイル,ヴァシリカ,サンデーレーシング,ノーザンファーム,,
美浦,D,左,20260722,水,6:50,アンバサダネージュ,,牡,3,400,武藤善則,,,,,85.4,68.9,53.4,38.4,24.5,11.5,,,,16.5,15.5,15.0,13.9,13.0,11.5,2023103216,2026.7.22,美浦,シニスターミニスター,ヴォーグショコラ,志村幸彦,北洋牧場,,
美浦,D,左,20260722,水,6:50,ウィレマイト,,牝,2,未登録,,,,,,87.8,71.2,55.9,41.3,26.8,12.7,,,,16.6,15.3,14.6,14.5,14.1,12.7,2024106317,2026.7.22,,マインドユアビスケッツ,コーディエライト,,ノーザンファーム,,
美浦,D,左,20260722,水,6:50,ブルータス,,牡,4,1500,高柳瑞樹,,,,,82.6,66.2,51.7,37.4,23.6,11.3,,,,16.4,14.5,14.3,13.8,12.3,11.3,2022103703,2026.7.22,美浦,リオンディーズ,エンパイアブルー,広尾レース,木村秀則,,
美浦,D,左,20260722,水,6:50,リーゼントモニカ,,牝,3,未出走,辻哲英,,,,,87.0,70.7,55.6,40.9,26.5,12.7,,,,16.3,15.1,14.7,14.4,13.8,12.7,2023103074,2026.7.22,美浦,モズアスコット,リーゼントアイリス,三浦大輔,畠山牧場,,
美浦,D,左,20260722,水,6:50,レイズレガシー,,牡,3,0,高柳瑞樹,,,,,85.2,67.1,52.2,37.7,23.8,11.4,,,,18.1,14.9,14.5,13.9,12.4,11.4,2023102978,2026.7.22,美浦,ロジャーバローズ,スマートグレイス,吉井盛治,飛野牧場,,
美浦,D,左,20260722,水,6:50,ロケットパンチ,,セ,3,400,武藤善則,,,,,86.3,69.3,53.8,38.7,24.6,11.6,,,,17.0,15.5,15.1,14.1,13.0,11.6,2023100514,2026.7.22,美浦,ナダル,ベルキューティ,子安裕樹RC,清水牧場,,
美浦,D,左,20260722,水,6:51,カニキュル,,牝,5,1500,菊沢隆徳,,,,,81.5,65.1,50.9,36.8,23.8,11.8,,,,16.4,14.2,14.1,13.0,12.0,11.8,2021104865,2026.7.22,美浦,エピファネイア,シャルール,キャロットファーム,社台コーポレーション白老ファーム,,
美浦,D,左,20260722,水,6:51,コガネノソラ,,牝,5,6000,菊沢隆徳,,,,,82.5,66.2,51.7,37.4,23.7,11.3,,,,16.3,14.5,14.3,13.7,12.4,11.3,2021106823,2026.7.22,美浦,ゴールドシップ,マイネヒメル,ビッグレッドファーム,ビッグレッドファーム,,
美浦,D,左,20260722,水,6:51,ミリオンクラウン,,牡,3,120,和田雄二,,,,,85.7,68.6,53.6,39.3,25.6,12.3,,,,17.1,15.0,14.3,13.7,13.3,12.3,2023100840,2026.7.22,美浦,リーチザクラウン,サンヘレナ,本田恒雄,ケイズ,,
美浦,D,左,20260722,水,6:51,ヴェサリウス,,牡,5,1500,菊沢隆徳,,,,,84.9,68.3,52.7,38.5,24.9,12.1,,,,16.6,15.6,14.2,13.6,12.8,12.1,2021104401,2026.7.22,美浦,ロゴタイプ,サトノマイヒメ,福盛訓之,フジワラフアーム,,
美浦,D,左,20260722,水,6:52,トム,,牡,2,0,石栗龍彦,,,,,88.7,71.4,55.7,40.7,25.8,12.4,,,,17.3,15.7,15.0,14.9,13.4,12.4,2024102127,2026.7.22,美浦,アルクトス,エイシンエルヴァー,江川伸夫,信岡牧場,,
美浦,D,左,20260722,水,6:53,ケイツーリーブル,,牝,3,900,千葉直人,,,,,86.6,68.6,52.9,37.9,24.0,11.9,,,,18.0,15.7,15.0,13.9,12.1,11.9,2023103628,2026.7.22,美浦,ジャスタウェイ,コマノサラサ,楠本勝美,新井牧場,,
美浦,D,左,20260722,水,6:53,サマースイートピー,,牝,4,900,千葉直人,,,,,85.5,67.8,52.1,37.3,23.5,11.5,,,,17.7,15.7,14.8,13.8,12.0,11.5,2022107359,2026.7.22,美浦,モズアスコット,スイートガーデン,橋詰弘一,大作ステーブル,,
美浦,D,左,20260722,水,6:54,シュバルツガイスト,,牡,6,900,手塚貴徳,,,,,86.1,68.5,53.4,39.2,25.2,12.1,,,,17.6,15.1,14.2,14.0,13.1,12.1,2020103575,2026.7.22,美浦,キタサンブラック,フリーティングスピリット,インゼルレーシング,ノーザンファーム,,
美浦,D,左,20260722,水,6:54,マイトレーヤー,,牡,2,未出走,手塚貴徳,,,,,85.6,68.1,53.1,39.1,25.1,12.1,,,,17.5,15.0,14.0,14.0,13.0,12.1,2024105779,2026.7.22,美浦,マインドユアビスケッツ,エバーマノ,栗原政史,社台ファーム,,
美浦,D,左,20260722,水,6:57,ギフテッド,,牝,4,900,武井亮,183.1,155.5,129.5,106.4,86.4,68.9,53.3,38.6,24.5,11.5,26.0,23.1,20.0,17.5,15.6,14.7,14.1,13.0,11.5,2022102920,2026.7.22,美浦,モーリス,ルパン2,谷川牧場,谷川牧場,,
美浦,D,左,20260722,水,6:59,ゴールドパレード,,牡,3,400,天間昭一,,,,,89.0,71.4,55.0,39.4,24.6,11.6,,,,17.6,16.4,15.6,14.8,13.0,11.6,2023104505,2026.7.22,美浦,ゴールドアクター,ゴールドアピール,居城寿与,北勝ファーム,,
美浦,D,左,20260722,水,7:01,スカット,,牝,3,0,堀内岳志,,,,,88.6,71.1,55.8,41.2,26.8,12.8,,,,17.5,15.3,14.6,14.4,14.0,12.8,2023104590,2026.7.22,美浦,ゴールドドリーム,ラフィンナ,本杉芳郎,マリオステーブル,,
美浦,D,左,20260722,水,7:01,ノクターナルハント,,セ,3,0,和田勇介,163.1,139.8,119.7,100.7,82.2,66.6,52.4,37.9,24.2,12.0,20.1,19.0,18.5,15.6,14.2,14.5,13.7,12.2,12.0,2023101129,2026.7.22,美浦,アドマイヤムーン,スノーレパード,ゴドルフィン,ダーレー・ジャパン・ファーム,,
美浦,D,左,20260722,水,7:01,ルモンテ,,牡,3,0,堀内岳志,,,,,89.1,71.5,56.2,41.4,27.0,12.8,,,,17.6,15.3,14.8,14.4,14.2,12.8,2023106245,2026.7.22,美浦,ワールドプレミア,ステイインハート,柴原榮,マリオステーブル,,
美浦,D,左,20260722,水,7:03,イサチルクイーン,,牝,3,0,竹内正洋,,,,,86.8,69.0,52.2,37.2,23.8,11.9,,,,17.8,16.8,15.0,13.4,11.9,11.9,2023102680,2026.7.22,美浦,リオンディーズ,クインズオライリー,小坂功,佐竹牧場,,
美浦,D,左,20260722,水,7:03,エレスレイプニル,,牡,2,0,杉浦宏昭,,,,,87.0,68.3,53.7,39.7,25.7,12.8,,,,18.7,14.6,14.0,14.0,12.9,12.8,2024106831,2026.7.22,美浦,ハイランドリール,グラディエント,島川隆哉,エスティファーム,,
美浦,D,左,20260722,水,7:03,ソラニワラエバ,,牡,2,0,武井亮,,,,,81.5,65.7,51.4,37.6,24.5,12.2,,,,15.8,14.3,13.8,13.1,12.3,12.2,2024101481,2026.7.22,美浦,オルフェーヴル,ニンフ2,石瀬浩三,漆木康一,,
美浦,D,左,20260722,水,7:03,ベアベルヴォワ,,牝,2,未出走,杉浦宏昭,,,,,87.1,68.3,53.7,39.7,25.8,12.8,,,,18.8,14.6,14.0,13.9,13.0,12.8,2024107164,2026.7.22,美浦,ニューイヤーズデイ,ベルヴォワ,熊木浩,レイクヴィラファーム,,
美浦,D,左,20260722,水,7:03,レーザーキック,,牝,3,0,竹内正洋,,,,,88.2,69.5,52.8,37.5,23.8,11.8,,,,18.7,16.7,15.3,13.7,12.0,11.8,2023105231,2026.7.22,美浦,レイデオロ,ヴィエナブロー,KICレーシング,社台ファーム,,
美浦,D,左,20260722,水,7:04,メイリー,,牝,4,400,鈴木慎太,,,,,88.7,71.1,55.8,40.5,26.0,12.7,,,,17.6,15.3,15.3,14.5,13.3,12.7,2022106741,2026.7.22,美浦,タワーオブロンドン,レイロー,フクキタル,パカパカファーム,,
美浦,D,左,20260722,水,7:06,ハーツコンチェルト,,牡,6,1500,武井亮,,,,,81.7,65.3,50.9,37.2,24.3,11.8,,,,16.4,14.4,13.7,12.9,12.5,11.8,2020105681,2026.7.22,美浦,ハーツクライ,ナスノシベリウス,グリーンファーム,ハシモトフアーム,,
美浦,D,左,20260722,水,7:08,スプレーフォール,,牡,5,900,相沢郁,,,,,85.2,67.4,51.3,37.2,24.3,12.0,,,,17.8,16.1,14.1,12.9,12.3,12.0,2021107266,2026.7.22,美浦,カリフォルニアクローム,ジェイケイオジョウ,畑佐博,浜本牧場,,
美浦,D,左,20260722,水,7:08,スワローシチー,,牡,4,400,相沢郁,,,,,85.6,67.9,52.0,37.5,24.2,11.9,,,,17.7,15.9,14.5,13.3,12.3,11.9,2022106150,2026.7.22,美浦,ミッキースワロー,スコルピオンキッス,友駿ホースクラブ,カミイスタット,,
美浦,D,左,20260722,水,7:09,セイウンビッグバン,,牡,4,400,萱野浩二,,,,,88.7,68.5,51.8,36.9,23.5,11.4,,,,20.2,16.7,14.9,13.4,12.1,11.4,2022100737,2026.7.22,美浦,アドマイヤマーズ,セイウンメテオ,成田隆好,タツヤファーム,,
美浦,D,左,20260722,水,7:09,フームスムート,,牡,9,1500,水野貴広,,,,,83.9,67.4,52.7,37.9,23.7,11.5,,,,16.5,14.7,14.8,14.2,12.2,11.5,2017104238,2026.7.22,美浦,トゥザグローリー,ディアジーローズ,ディアレストクラブ,ディアレストクラブ,,
美浦,D,左,20260722,水,7:09,ヤマタケボニータ,,牡,3,0,萱野浩二,,,,,92.2,72.1,55.3,40.4,26.0,12.9,,,,20.1,16.8,14.9,14.4,13.1,12.9,2023100739,2026.7.22,美浦,イスラボニータ,フロルセレジェイラ,山中和子,オリオンファーム,,
美浦,D,左,20260722,水,7:09,ヴァイザーバルコ,,セ,6,940,水野貴広,,,,,88.1,71.4,53.9,38.0,24.9,12.4,,,,16.7,17.5,15.9,13.1,12.5,12.4,2020106694,2026.7.22,美浦,ゴールドシップ,カレイメモワール,ディアレストクラブ,ディアレストクラブ,,
美浦,D,左,20260722,水,7:12,サウジバラード,,牡,3,400,加藤征弘,,,,,84.6,67.4,52.1,36.9,23.5,11.3,,,,17.2,15.3,15.2,13.4,12.2,11.3,2023103519,2026.7.22,美浦,ジャスタウェイ,フィジオクラート,加藤正二郎,社台ファーム,,
美浦,D,左,20260722,水,7:12,スマートブライド,,牝,2,未出走,加藤征弘,,,,,86.2,68.0,52.7,38.5,24.9,12.2,,,,18.2,15.3,14.2,13.6,12.7,12.2,2024101716,2026.7.22,美浦,ヘニーヒューズ,スマートランウェイ,大川徹,杵臼牧場,,
美浦,D,左,20260722,水,7:12,ボンジュールパリ,,牡,2,未出走,加藤征弘,,,,,83.4,66.7,51.5,36.5,23.3,11.3,,,,16.7,15.2,15.0,13.2,12.0,11.3,2024106074,2026.7.22,美浦,ミスターメロディ,リュポメルー,加藤正二郎,社台ファーム,,
美浦,D,左,20260722,水,7:12,ミウ,,牝,3,0,加藤征弘,,,,,85.9,67.9,52.6,38.5,24.8,12.3,,,,18.0,15.3,14.1,13.7,12.5,12.3,2023106389,2026.7.22,美浦,ルーラーシップ,エレナレジーナ,広尾レース,木村秀則,,
美浦,D,左,20260722,水,7:12,ヴァルフォース,,牝,2,未出走,加藤征弘,,,,,84.4,66.5,51.4,37.5,24.0,11.6,,,,17.9,15.1,13.9,13.5,12.4,11.6,2024105987,2026.7.22,美浦,ロードカナロア,ハーエミネンシー,平田修,社台ファーム,,
美浦,D,左,20260722,水,7:13,エイムフォーエース,,牡,5,1190,武井亮,,,,,86.6,68.3,53.6,38.6,24.7,11.6,,,,18.3,14.7,15.0,13.9,13.1,11.6,2021104167,2026.7.22,美浦,サトノアラジン,ラストメッセージ,KHレーシング,千代田牧場,,
美浦,D,左,20260722,水,7:13,ケイジャーダ,,牝,2,未出走,佐藤吉勝,,,,,92.0,70.9,54.4,39.3,25.3,12.3,,,,21.1,16.5,15.1,14.0,13.0,12.3,2024103607,2026.7.22,美浦,グローリーヴェイズ,ダリオール,サラブレッドクラブ・ラフィアン,ビッグレッドファーム,,
美浦,D,左,20260722,水,7:13,セランディア,,牝,3,0,小野次郎,,,,,83.8,67.7,52.9,38.1,24.4,11.8,,,,16.1,14.8,14.8,13.7,12.6,11.8,2023106156,2026.7.22,美浦,ベンバトル,ファド,日下部勝徳,ディアレストクラブ,,
美浦,D,左,20260722,水,7:13,ニシノケンタマン,,牡,4,900,深山雅史,,,,,83.1,66.6,52.0,37.8,24.3,11.9,,,,16.5,14.6,14.2,13.5,12.4,11.9,2022106427,2026.7.22,美浦,アポロケンタッキー,オテンバランナー,西山茂行,中央牧場,,
美浦,D,左,20260722,水,7:13,プラネタリーアワー,,牝,3,0,加藤征弘,,,,,87.5,69.6,53.5,38.6,24.8,11.8,,,,17.9,16.1,14.9,13.8,13.0,11.8,2023103421,2026.7.22,美浦,ドレフォン,シャインサンデー,社台レースホース,社台ファーム,,
美浦,D,左,20260722,水,7:13,リベルタアーラ,,牝,3,0,深山雅史,,,,,83.4,66.9,52.3,38.0,24.4,11.8,,,,16.5,14.6,14.3,13.6,12.6,11.8,2023107126,2026.7.22,美浦,ブリックスアンドモルタル,デスティノアーラ,キャロットファーム,ノーザンファーム,,
美浦,D,左,20260722,水,7:13,ルブラッシュノモー,,牡,2,未出走,佐藤吉勝,,,,,91.3,70.2,54.2,39.4,25.5,12.5,,,,21.1,16.0,14.8,13.9,13.0,12.5,2024100867,2026.7.22,美浦,エポカドーロ,オスカークロンヌ,伊藤公一,日西牧場,,
美浦,D,左,20260722,水,7:14,カムバックトゥミー,,牝,3,0,佐藤吉勝,,,,,83.6,67.7,52.0,37.7,24.2,11.5,,,,15.9,15.7,14.3,13.5,12.7,11.5,2023106593,2026.7.22,美浦,ストーミーシー,タプローム,ミルファーム,ミルファーム,,
美浦,D,左,20260722,水,7:14,シジマ,,牝,2,未出走,池上昌和,,,,,83.9,68.0,53.0,38.1,24.9,12.5,,,,15.9,15.0,14.9,13.2,12.4,12.5,2024100678,2026.7.22,美浦,アメリカンペイトリオット,ハッシュ,ゴドルフィン,ダーレー・ジャパン・ファーム,,
美浦,D,左,20260722,水,7:14,シュラフ,,牝,4,1800,佐藤吉勝,,,,,83.1,67.0,51.7,37.1,23.8,11.3,,,,16.1,15.3,14.6,13.3,12.5,11.3,2022103324,2026.7.22,美浦,フォーウィールドライブ,テイア,ミルファーム,ミルファーム,,
美浦,D,左,20260722,水,7:14,ニシノルアノーヴァ,,牡,4,400,古賀慎明,,,,,85.1,67.9,52.6,38.1,24.4,11.8,,,,17.2,15.3,14.5,13.7,12.6,11.8,2022102709,2026.7.22,美浦,リオンディーズ,ニシノリコルディ,西山茂行,ガーベラパークスタツド,,
美浦,D,左,20260722,水,7:14,フレアリングベリー,,牝,3,0,池上昌和,,,,,85.5,69.3,54.3,38.8,24.8,12.1,,,,16.2,15.0,15.5,14.0,12.7,12.1,2023107370,2026.7.22,美浦,ポエティックフレア,ワイルドラズベリー,シルクレーシング,ノーザンファーム,,
美浦,D,左,20260722,水,7:14,ラヴィングリー,,牝,3,0,池上昌和,,,,,86.2,69.0,53.7,38.7,24.5,11.7,,,,17.2,15.3,15.0,14.2,12.8,11.7,2023103692,2026.7.22,美浦,クリソベリル,シャルムダムール,G1レーシング,追分ファーム,,
美浦,D,左,20260722,水,7:15,ゴールドスター,,牡,5,900,奥村武,,,,,83.8,68.0,53.3,38.4,24.1,11.3,,,,15.8,14.7,14.9,14.3,12.8,11.3,2021103561,2026.7.22,美浦,キズナ,ワンスインナムーン,井山登,岡田スタツド,,
美浦,D,左,20260722,水,7:15,サスケソルトバーン,,牡,2,未出走,和田雄二,,,,,83.7,67.5,52.9,38.3,24.8,12.4,,,,16.2,14.6,14.6,13.5,12.4,12.4,2024102123,2026.7.22,美浦,アニマルキングダム,ミスミズ,佐藤大介,日本中央競馬会日高育成牧場,,
美浦,D,左,20260722,水,7:15,サトノエピック,,牡,5,3400,奥村武,,,,,85.4,68.9,53.9,38.7,24.4,11.5,,,,16.5,15.0,15.2,14.3,12.9,11.5,2021105271,2026.7.22,美浦,キタサンブラック,ランドオーバーシー,里見治,社台ファーム,,
美浦,D,左,20260722,水,7:15,ミヤザキムスメ,,牝,3,0,和田雄二,,,,,84.8,68.4,53.6,38.8,25.1,12.6,,,,16.4,14.8,14.8,13.7,12.5,12.6,2023109146,2026.7.22,美浦,ミスチヴィアスアレックス,サトノコンドル,福田光博,福田米造,,
美浦,D,左,20260722,水,7:15,リアライズリバティ,,牝,3,400,池上昌和,,,,,86.0,68.9,53.6,39.0,24.8,12.1,,,,17.1,15.3,14.6,14.2,12.7,12.1,2023104303,2026.7.22,美浦,シスキン,バルレッタ,今福洋介,長浜牧場,,
美浦,D,左,20260722,水,7:15,レプレセンタル,,牡,3,0,池上昌和,,,,,85.3,69.5,54.4,39.5,25.2,12.0,,,,15.8,15.1,14.9,14.3,13.2,12.0,2023103624,2026.7.22,美浦,ジャスタウェイ,サクレディーヴァ,ノースヒルズ,アスラン,,
美浦,D,左,20260722,水,7:17,ウップヘリーア,,牡,3,400,黒岩陽一,163.1,137.2,116.2,97.5,81.6,66.7,51.6,37.1,23.4,11.4,21.0,18.7,15.9,14.9,15.1,14.5,13.7,12.0,11.4,2023107228,2026.7.22,美浦,エピファネイア,ボージェスト,サンデーレーシング,ノーザンファーム,,
美浦,D,左,20260722,水,7:17,クラッシファイド,,牡,5,900,黒岩陽一,163.9,137.6,116.7,98.2,82.0,67.0,51.9,37.3,23.6,11.5,20.9,18.5,16.2,15.0,15.1,14.6,13.7,12.1,11.5,2021105580,2026.7.22,美浦,リアルスティール,シークレットスパイス,キャロットファーム,ノーザンファーム,,
美浦,D,左,20260722,水,7:17,ペリエール,,牡,6,7250,黒岩陽一,162.3,136.8,115.8,97.3,81.4,66.5,51.4,37.0,23.4,11.5,21.0,18.5,15.9,14.9,15.1,14.4,13.6,11.9,11.5,2020101874,2026.7.22,美浦,ヘニーヒューズ,ソフトライム,長谷川祐司,チャンピオンズファーム,,
美浦,D,左,20260722,水,7:17,ホワイトフレアー,,牡,2,0,黒岩陽一,163.6,138.5,117.1,98.8,83.0,67.6,52.4,37.8,24.3,11.9,21.4,18.3,15.8,15.4,15.2,14.6,13.5,12.4,11.9,2024106066,2026.7.22,美浦,サリオス,ラブリイユアアイズ,井内康之,社台ファーム,,
美浦,D,左,20260722,水,7:17,ローズマイスター,,牡,4,400,黒岩陽一,164.2,138.9,117.7,99.2,83.4,68.1,52.8,38.3,24.6,11.9,21.2,18.5,15.8,15.3,15.3,14.5,13.7,12.7,11.9,2022104419,2026.7.22,美浦,ドレフォン,ロゼラニ,宮田大三,フジワラフアーム,,
美浦,D,左,20260722,水,7:18,サトノドルチェ,,セ,7,470,蛯名利弘,,,,,85.9,69.7,54.6,39.9,25.3,12.0,,,,16.2,15.1,14.7,14.6,13.3,12.0,2019105500,2026.7.22,美浦,オルフェーヴル,ラッドルチェンド,稲場澄,ノーザンファーム,,
美浦,D,左,20260722,水,7:18,サンシップ,,牡,6,460,本間忍,,,,,85.8,68.9,53.4,38.7,24.6,11.7,,,,16.9,15.5,14.7,14.1,12.9,11.7,2020103995,2026.7.22,美浦,ルーラーシップ,ダイアナヘイロー,駒秀,岡田牧場,,
美浦,D,左,20260722,水,7:19,クイーンアン,,牝,3,0,蛯名正義,,,,,85.3,69.3,54.1,39.0,24.4,11.5,,,,16.0,15.2,15.1,14.6,12.9,11.5,2023102090,2026.7.22,美浦,キタサンブラック,パドックシアトル,広尾レース,谷川牧場,,
美浦,D,左,20260722,水,7:19,グランシュレーム,,牝,2,未出走,高木登,,,,,83.2,67.5,52.5,37.6,24.0,11.8,,,,15.7,15.0,14.9,13.6,12.2,11.8,2024106933,2026.7.22,美浦,ナダル,リアリゾンルレーヴ,G1レーシング,追分ファーム,,
美浦,D,左,20260722,水,7:19,ネイティヴプライド,,牡,3,0,高木登,,,,,84.5,68.1,53.0,38.0,24.3,11.9,,,,16.4,15.1,15.0,13.7,12.4,11.9,2023105319,2026.7.22,美浦,クリソベリル,ビキニブロンド,山田弘,ノーザンファーム,,
美浦,D,左,20260722,水,7:19,リポサンテ,,牝,4,400,蛯名正義,,,,,84.7,68.8,53.8,38.8,24.1,11.4,,,,15.9,15.0,15.0,14.7,12.7,11.4,2022105338,2026.7.22,美浦,ブリックスアンドモルタル,サラス,インゼルレーシング,社台ファーム,,
美浦,D,左,20260722,水,7:19,ワイズジュエル,,牝,2,未出走,本間忍,,,,,86.8,69.4,54.2,39.4,25.4,12.4,,,,17.4,15.2,14.8,14.0,13.0,12.4,2024100105,2026.7.22,美浦,ミッキーアイル,トーセンナチュラル,山下裕司,石原牧場,,
美浦,D,左,20260722,水,7:22,キンバリー,,牡,2,未出走,伊藤伸一,,,,,85.5,67.2,52.0,37.0,23.4,11.3,,,,18.3,15.2,15.0,13.6,12.1,11.3,2024104006,2026.7.22,美浦,アルアイン,ドリームプレイ,柳橋俊昭,ラツキー牧場,,
美浦,D,左,20260722,水,7:22,コスモデュアリズム,,牡,2,未出走,伊藤伸一,,,,,86.1,67.7,52.3,37.3,23.5,11.4,,,,18.4,15.4,15.0,13.8,12.1,11.4,2024105344,2026.7.22,美浦,アルアイン,キルシェンロート,ビッグレッドファーム,嶋田牧場,,
美浦,D,左,20260722,水,7:22,ニシノリリックス,,牝,2,未出走,小野次郎,,,,,86.8,69.3,53.7,38.7,25.2,12.3,,,,17.5,15.6,15.0,13.5,12.9,12.3,2024103855,2026.7.22,美浦,リーチザクラウン,ニシノミンクス,西山茂行,村上欽哉牧場,,
美浦,D,左,20260722,水,7:22,ハニーアンバー,,牝,3,0,小野次郎,,,,,88.2,69.6,53.9,39.0,25.4,12.5,,,,18.6,15.7,14.9,13.6,12.9,12.5,2023109163,2026.7.22,美浦,ビッグアーサー,サクラコ,IZURUジャパン,夢大地グリーンバレー,,
美浦,D,左,20260722,水,7:22,ハンナパール,,牝,3,0,小野次郎,,,,,87.8,69.6,53.9,39.1,25.4,12.4,,,,18.2,15.7,14.8,13.7,13.0,12.4,2023100692,2026.7.22,美浦,ミッキーグローリー,ラベルリュンヌ,HMジャパン,エトルタファーム,,
美浦,D,左,20260722,水,7:25,ジーティーニッツァ,,牡,3,0,伊藤伸一,,,,,85.5,67.5,52.6,38.2,24.2,11.7,,,,18.0,14.9,14.4,14.0,12.5,11.7,2023106331,2026.7.22,美浦,ミスチヴィアスアレックス,ドリームデュネット,田畑利彦,浦河日成牧場,,
美浦,D,左,20260722,水,7:34,オレデイイノカ,,牡,8,1500,古賀慎明,,,,,86.8,68.4,52.5,37.9,24.4,11.9,,,,18.4,15.9,14.6,13.5,12.5,11.9,2018101243,2026.7.22,美浦,サウスヴィグラス,グレイスフルアート,福島徳佑,赤石牧場,,
美浦,D,左,20260722,水,7:35,アースヴィンチ,,牝,3,0,蛯名正義,,,,,84.8,68.5,53.6,38.4,24.2,11.6,,,,16.3,14.9,15.2,14.2,12.6,11.6,2023103789,2026.7.22,美浦,アルアイン,スクエアゴールド,中島真美,社台コーポレーション白老ファーム,,
美浦,D,左,20260722,水,7:35,カリーン,,牝,4,400,蛯名正義,,,,,84.3,68.2,53.4,38.1,24.0,11.6,,,,16.1,14.8,15.3,14.1,12.4,11.6,2022105532,2026.7.22,美浦,デクラレーションオブウォー,ムニラー,菅野隆志,社台ファーム,,
美浦,D,左,20260722,水,7:36,サルサロッサ,,牝,7,400,高柳瑞樹,,,,,85.9,69.0,53.6,38.5,24.6,12.0,,,,16.9,15.4,15.1,13.9,12.6,12.0,2019103100,2026.7.22,美浦,エスケンデレヤ,ノバラ,岡田牧雄,タガミファーム,,
美浦,D,左,20260722,水,7:36,ルシアージュ,,牝,3,0,高柳瑞樹,,,,,84.8,68.3,53.2,38.1,24.4,12.0,,,,16.5,15.1,15.1,13.7,12.4,12.0,2023106795,2026.7.22,美浦,コントレイル,アーデルワイゼ,シルクレーシング,社台コーポレーション白老ファーム,,
美浦,D,左,20260722,水,7:37,ルージュダリア,,牝,3,400,林徹,,,,,86.5,67.1,52.0,37.6,23.5,11.0,,,,19.4,15.1,14.4,14.1,12.5,11.0,2023105345,2026.7.22,美浦,リオンディーズ,レイリオン,東京ホースレーシング,ノーザンファーム,,
美浦,D,左,20260722,水,7:38,フェスティヴビーム,,セ,6,400,畠山吉宏,,,,,87.8,69.9,54.6,38.8,24.5,12.0,,,,17.9,15.3,15.8,14.3,12.5,12.0,2020102452,2026.7.22,美浦,リアルスティール,マクシマール,臼井義太郎,上水牧場,,
美浦,D,左,20260722,水,7:45,キャネル,,牡,5,900,手塚貴久,,,,,82.8,66.9,52.0,37.9,24.1,11.7,,,,15.9,14.9,14.1,13.8,12.4,11.7,2021105885,2026.7.22,美浦,ブリックスアンドモルタル,レッドラヴィータ,落合幸弘,ノーザンファーム,,
美浦,D,左,20260722,水,7:45,マクリール,,牡,3,1500,手塚貴久,,,,,83.8,67.2,52.3,38.0,24.3,11.7,,,,16.6,14.9,14.3,13.7,12.6,11.7,2023106821,2026.7.22,美浦,ロードカナロア,アイリッシュシー,シルクレーシング,ノーザンファーム,,
美浦,D,左,20260722,水,7:47,ウエスタンクリス,,牡,4,0,田中勝春,,,,,,,55.8,39.4,24.6,11.8,,,,,,16.4,14.8,12.8,11.8,2022103457,2026.7.22,美浦,ゴールデンマンデラ,ウエスタンバーキン,西川賢,ウエスタンファーム,,
美浦,D,左,20260722,水,7:47,ニシノマキロイ,,牡,2,未出走,田中勝春,,,,,,,55.5,39.2,24.5,11.8,,,,,,16.3,14.7,12.7,11.8,2024103935,2026.7.22,美浦,ニューイヤーズデイ,ニシノアジーブ,西山茂行,メイタイファーム,,
美浦,D,左,20260722,水,7:49,ノーブルラホーヤ,,牝,3,0,深山雅史,,,,,83.1,67.3,52.5,38.2,24.4,11.8,,,,15.8,14.8,14.3,13.8,12.6,11.8,2023103195,2026.7.22,美浦,ダノンキングリー,ラホーヤビーチ,ヒダカ・ブリーダーズ・ユニオン,藤原牧場,,
美浦,D,左,20260722,水,7:49,ユイノスレチガイ,,牡,3,0,深山雅史,,,,,82.2,66.6,51.9,37.6,24.2,11.9,,,,15.6,14.7,14.3,13.4,12.3,11.9,2023105973,2026.7.22,美浦,ダノンプレミアム,ハマギク,由井健太郎,パカパカファーム,,
美浦,D,左,20260722,水,7:50,キタノシオン,,牝,3,0,本間忍,,,,,87.3,68.9,53.0,38.4,24.3,11.7,,,,18.4,15.9,14.6,14.1,12.6,11.7,2023101411,2026.7.22,美浦,アジアエクスプレス,ガーランドワルツ,北所直人,宝寄山拓樹,,
美浦,D,左,20260722,水,7:50,ニシノアナベル,,牝,2,未出走,本間忍,,,,,86.7,68.4,52.6,37.9,24.1,11.7,,,,18.3,15.8,14.7,13.8,12.4,11.7,2024102786,2026.7.22,美浦,オメガパフューム,ニシノビアンカ,西山茂行,フクオカファーム,,
美浦,D,左,20260722,水,7:51,アイアンソリッド,,牝,4,400,本間忍,,,,,86.5,69.3,54.2,39.3,25.1,12.3,,,,17.2,15.1,14.9,14.2,12.8,12.3,2022100588,2026.7.22,美浦,スズカコーズウェイ,アイアンプラスワン,池上一馬,グローリーファーム,,
美浦,D,左,20260722,水,7:51,リアルセンター,,牝,5,400,千葉直人,,,,,87.7,69.9,53.8,38.4,23.8,11.3,,,,17.8,16.1,15.4,14.6,12.5,11.3,2021103518,2026.7.22,美浦,ゴールドシップ,ヌーナ,岡田牧雄,岡田スタツド,,
美浦,D,左,20260722,水,8:01,ゴールドシャーク,,牝,4,400,水野貴広,,,,,82.2,66.3,51.9,37.6,23.9,11.7,,,,15.9,14.4,14.3,13.7,12.2,11.7,2022101917,2026.7.22,美浦,オルフェーヴル,ゴールドゲッコー,野村茂雄,日高大洋牧場,,
美浦,D,左,20260722,水,8:02,クラウンアールシー,,牡,4,170,水野貴広,,,,,87.7,70.5,54.4,39.0,25.0,11.9,,,,17.2,16.1,15.4,14.0,13.1,11.9,2022101286,2026.7.22,美浦,ブリックスアンドモルタル,クラウンロゼ,矢野恭裕,クラウン日高牧場,,
美浦,D,左,20260722,水,8:34,ミュークチェルシー,,牝,4,400,稲垣幸雄,,,,,83.6,66.5,52.0,38.2,24.7,11.9,,,,17.1,14.5,13.8,13.5,12.8,11.9,2022104452,2026.7.22,美浦,カレンブラックヒル,キモンオレンジ,庄司修二,へいはた牧場,,
