場所,コース,回り,年月日,曜日,時刻,馬名,Ｃ,性別,年齢,収得賞金,調教師,10F,9F,8F,7F,6F,5F,4F,3F,2F,1F,Lap9,Lap8,Lap7,Lap6,Lap5,Lap4,Lap3,Lap2,Lap1,血統登録番号,日付S,所属,種牡馬名,母名,現馬主名,生産者名,関連データ,馬番/仮番(出馬表モード時のみ)
栗東,C,右,20260812,水,4:58,エイダンバローズ,,牡,2,未出走,上村洋行,,142.3,119.9,100.5,82.2,67.0,52.3,37.0,23.1,11.4,22.4,19.4,18.3,15.2,14.7,15.3,13.9,11.7,11.4,2024100451,2026.8.12,栗東,ロードカナロア,ターフウォー,猪熊広次,下河辺牧場,,
栗東,C,右,20260812,水,4:58,ガロンヌ,,牡,5,2500,上村洋行,,143.2,121.3,101.4,82.9,67.3,52.5,37.3,23.1,11.2,21.9,19.9,18.5,15.6,14.8,15.2,14.2,11.9,11.2,2021100494,2026.8.12,栗東,モーリス,リヴィエール,杉山忠国,明治牧場,,
栗東,C,右,20260812,水,4:58,トリポリタニア,,牡,4,2400,上村洋行,,142.5,120.5,100.9,82.4,67.0,52.4,37.1,23.1,11.3,22.0,19.6,18.5,15.4,14.6,15.3,14.0,11.8,11.3,2022104928,2026.8.12,栗東,ルヴァンスレーヴ,トリプライト,サンデーレーシング,ノーザンファーム,,
栗東,C,右,20260812,水,4:58,ベルソテイラ,,牝,3,400,西村真幸,,148.4,126.6,105.3,86.6,70.2,54.1,38.0,23.4,11.2,21.8,21.3,18.7,16.4,16.1,16.1,14.6,12.2,11.2,2023102641,2026.8.12,栗東,ホッコータルマエ,ティープラズマ,宮崎俊也,ゴールドアップカンパニー,,
栗東,C,右,20260812,水,4:58,ラッキーバック,,牡,3,400,西村真幸,,148.1,125.7,103.7,85.1,69.1,52.8,36.7,22.6,11.3,22.4,22.0,18.6,16.0,16.3,16.1,14.1,11.3,11.3,2023100126,2026.8.12,栗東,タワーオブロンドン,ショレアドルチェ,吉田和美,さとう,,
栗東,C,右,20260812,水,4:59,アロンソア,,牡,3,900,牧田和弥,,141.8,119.3,98.1,80.2,64.9,50.5,36.1,22.7,11.3,22.5,21.2,17.9,15.3,14.4,14.4,13.4,11.4,11.3,2023103958,2026.8.12,栗東,インディチャンプ,レッドフィオーレ,塚田義広,アラキフアーム,,
栗東,C,右,20260812,水,4:59,オックスアイ,,牡,3,900,清水久詞,,149.6,126.6,103.5,83.3,66.6,51.6,36.1,22.4,11.0,23.0,23.1,20.2,16.7,15.0,15.5,13.7,11.4,11.0,2023105810,2026.8.12,栗東,ダノンプレミアム,ハリケーンフラッグ,中村祐子,ケイアイファーム,,
栗東,C,右,20260812,水,4:59,カズタンジャー,,牡,5,4420,新谷功一,,142.1,121.6,102.0,84.2,68.1,53.3,38.2,23.9,11.8,20.5,19.6,17.8,16.1,14.8,15.1,14.3,12.1,11.8,2021101259,2026.8.12,栗東,ドレフォン,ダウンタウンブギ,吉田和美,クラウン日高牧場,,
栗東,C,右,20260812,水,4:59,キングズテイル,,牡,3,0,岡田稲男,,139.0,118.4,98.7,81.7,65.8,50.8,36.5,23.6,12.1,20.6,19.7,17.0,15.9,15.0,14.3,12.9,11.5,12.1,2023105124,2026.8.12,栗東,リオンディーズ,スマートオランプ,インゼルレーシング,桑田牧場,,
栗東,C,右,20260812,水,4:59,クインズショコラ,,牝,4,2400,新谷功一,,141.8,121.2,101.8,84.0,67.8,53.0,37.9,23.6,11.7,20.6,19.4,17.8,16.2,14.8,15.1,14.3,11.9,11.7,2022100159,2026.8.12,栗東,"Tiz the Law",アーチョコレート,ケイアイスタリオン,高昭牧場,,
栗東,C,右,20260812,水,4:59,クラッチスラッガー,,牡,3,400,池添学,,144.6,122.4,101.0,82.2,67.0,52.4,37.8,23.5,11.4,22.2,21.4,18.8,15.2,14.6,14.6,14.3,12.1,11.4,2023107351,2026.8.12,栗東,キズナ,レンブランサ,名古屋友豊,ノーザンファーム,,
栗東,C,右,20260812,水,4:59,ヒラボクソライア,,牡,3,400,東田明士,,137.5,116.5,97.1,79.5,64.1,50.1,36.0,22.7,11.4,21.0,19.4,17.6,15.4,14.0,14.1,13.3,11.3,11.4,2023102124,2026.8.12,栗東,ドレフォン,ヒラボクメルロー,平田牧場,辻牧場,,
栗東,C,右,20260812,水,4:59,プロスト,,牡,3,0,梅田智之,,145.1,124.0,101.0,79.8,63.5,50.4,36.7,23.4,11.8,21.1,23.0,21.2,16.3,13.1,13.7,13.3,11.6,11.8,2023101677,2026.8.12,栗東,アルアイン,エトヴァス,薪浦亨,荻伏三好フアーム,,
栗東,C,右,20260812,水,4:59,ペンダント,,牝,3,2650,池江泰寿,,146.1,124.5,102.7,82.9,66.3,51.1,36.5,22.7,11.1,21.6,21.8,19.8,16.6,15.2,14.6,13.8,11.6,11.1,2023105447,2026.8.12,栗東,オルフェーヴル,スパイラルステップ,石川達絵,レイクヴィラファーム,,
栗東,C,右,20260812,水,4:59,マイネルホウセン,,牡,3,0,清水久詞,,151.6,127.4,103.9,83.7,67.1,51.9,36.3,22.5,11.1,24.2,23.5,20.2,16.6,15.2,15.6,13.8,11.4,11.1,2023106487,2026.8.12,栗東,ゴールドシップ,レオンドーロ,サラブレッドクラブ・ラフィアン,ビッグレッドファーム,,
栗東,C,右,20260812,水,4:59,マリアナトレンチ,,牡,6,2400,東田明士,,139.3,118.3,98.2,79.9,64.5,50.2,36.0,22.7,11.4,21.0,20.1,18.3,15.4,14.3,14.2,13.3,11.3,11.4,2020102737,2026.8.12,栗東,ハーツクライ,アイアムルビー,谷掛龍夫,社台ファーム,,
栗東,C,右,20260812,水,4:59,メイショウタカネ,,牝,3,0,岡田稲男,,148.6,127.5,106.5,86.3,69.0,53.8,38.7,24.6,12.0,21.1,21.0,20.2,17.3,15.2,15.1,14.1,12.6,12.0,2023105028,2026.8.12,栗東,レイデオロ,メイショウオウヒ,松本好隆,三嶋牧場,,
栗東,C,右,20260812,水,4:59,メイショウユズルハ,,牡,7,2400,岡田稲男,,140.1,119.0,99.5,82.1,66.5,51.2,36.5,23.5,11.9,21.1,19.5,17.4,15.6,15.3,14.7,13.0,11.6,11.9,2019104089,2026.8.12,栗東,ディスクリートキャット,メイショウコブシ,松本好隆,三嶋牧場,,
栗東,C,右,20260812,水,5:00,エクスマウス,,牝,3,0,茶木太樹,,148.7,123.6,101.2,82.7,67.3,52.8,37.8,23.6,11.7,25.1,22.4,18.5,15.4,14.5,15.0,14.2,11.9,11.7,2023110009,2026.8.12,栗東,"Practical Joke","Lighthouse Bay",社台レースホース,"Shadai Farm",,
栗東,C,右,20260812,水,5:00,エンヤラヴフェイス,,牡,5,1150,森田直行,,141.7,121.4,102.3,84.9,69.3,53.7,37.9,24.0,12.1,20.3,19.1,17.4,15.6,15.6,15.8,13.9,11.9,12.1,2021101737,2026.8.12,栗東,エイシンヒカリ,タイキアプローズ,STレーシング,チャンピオンズファーム,,
栗東,C,右,20260812,水,5:00,キョウエイクローム,,牝,3,0,森田直行,,149.7,126.7,104.5,84.3,68.2,52.5,36.9,23.4,11.9,23.0,22.2,20.2,16.1,15.7,15.6,13.5,11.5,11.9,2023102343,2026.8.12,栗東,カリフォルニアクローム,ローズアダージョ,田中晴夫,上野正恵,,
栗東,C,右,20260812,水,5:00,スイッチビスケット,,牡,4,0,森田直行,,143.0,123.1,103.0,85.4,69.5,54.0,38.0,23.9,12.0,19.9,20.1,17.6,15.9,15.5,16.0,14.1,11.9,12.0,2022106295,2026.8.12,栗東,サトノクラウン,ジュエルトウショウ,田畑利彦,シンユウフアーム,,
栗東,C,右,20260812,水,5:00,スターリーデー,,牝,2,0,茶木太樹,,148.0,122.7,100.4,82.0,66.7,52.3,37.3,23.2,11.4,25.3,22.3,18.4,15.3,14.4,15.0,14.1,11.8,11.4,2024107146,2026.8.12,栗東,インディチャンプ,インザスポットライト,竹内真,レイクヴィラファーム,,
栗東,C,右,20260812,水,5:00,タイセイドゥマーニ,,牡,3,0,杉山晴紀,,,,,,,51.5,36.4,22.8,11.1,,,,,,15.1,13.6,11.7,11.1,2023105377,2026.8.12,栗東,ダイワメジャー,ギブユースマイル,田中成奉,千代田牧場,,
栗東,C,右,20260812,水,5:00,パンサーズ,,牡,3,0,今野貞一,,,,,,,53.7,38.3,23.3,11.0,,,,,,15.4,15.0,12.3,11.0,2023104325,2026.8.12,栗東,ダノンプレミアム,タガノフラッデル,宇治田原優駿ステーブル,新冠タガノファーム,,
栗東,C,右,20260812,水,5:00,ペコリズム,,牝,3,0,森田直行,,147.1,124.7,102.8,82.6,66.6,51.2,36.4,23.1,11.8,22.4,21.9,20.2,16.0,15.4,14.8,13.3,11.3,11.8,2023106339,2026.8.12,栗東,タワーオブロンドン,アイリッシュペコ,林正道,白井牧場,,
栗東,C,右,20260812,水,5:00,ロイドウェバー,,牡,3,0,杉山晴紀,,,,,,,50.8,36.1,22.5,11.0,,,,,,14.7,13.6,11.5,11.0,2023102013,2026.8.12,栗東,エピファネイア,リーチコンセンサス,江馬由将,川越ファーム,,
栗東,C,右,20260812,水,5:01,メイショウクモイ,,牡,6,400,飯田祐史,,142.6,120.3,99.3,80.9,65.8,51.5,37.1,23.7,11.9,22.3,21.0,18.4,15.1,14.3,14.4,13.4,11.8,11.9,2020106922,2026.8.12,栗東,フリオーソ,メーシャンス,松本好隆,三嶋牧場,,
栗東,C,右,20260812,水,5:02,クアトロジャック,,牡,5,1500,庄野靖志,,151.9,128.2,107.8,88.6,70.6,55.3,39.3,24.7,12.0,23.7,20.4,19.2,18.0,15.3,16.0,14.6,12.7,12.0,2021106105,2026.8.12,栗東,マジェスティックウォリアー,ハマナス,月舘範行,オリエント牧場,,
栗東,C,右,20260812,水,5:02,コロラート,,セ,2,未出走,飯田祐史,,151.8,129.0,109.1,89.0,71.2,55.6,40.5,25.9,13.2,22.8,19.9,20.1,17.8,15.6,15.1,14.6,12.7,13.2,2024102573,2026.8.12,栗東,モズアスコット,トイムム,成田才仁,高昭牧場,,
栗東,C,右,20260812,水,5:02,シンゼンコジロウ,,牡,3,0,飯田祐史,,153.2,130.7,110.1,89.7,71.3,55.5,40.3,25.8,13.1,22.5,20.6,20.4,18.4,15.8,15.2,14.5,12.7,13.1,2023107480,2026.8.12,栗東,サンダースノー,ポラリス,原司郎,大作ステーブル,,
栗東,C,右,20260812,水,5:02,テイクザスローン,,牡,3,0,武英智,,156.2,134.7,112.2,90.9,71.3,54.3,37.4,22.9,11.4,21.5,22.5,21.3,19.6,17.0,16.9,14.5,11.5,11.4,2023103707,2026.8.12,栗東,サトノクラウン,トロイメント,G1レーシング,追分ファーム,,
栗東,C,右,20260812,水,5:02,バスタードサフラン,,牝,5,2400,渡辺薫彦,,147.7,123.1,101.2,81.9,66.6,52.0,37.5,23.5,11.6,24.6,21.9,19.3,15.3,14.6,14.5,14.0,11.9,11.6,2021106610,2026.8.12,栗東,マジェスティックウォリアー,ウィッシュハピネス,ノースヒルズ,ノースヒルズ,,
栗東,C,右,20260812,水,5:02,マコトブリッツ,,牡,2,未出走,武英智,,154.7,133.3,111.0,89.7,69.9,53.3,36.7,22.5,11.2,21.4,22.3,21.3,19.8,16.6,16.6,14.2,11.3,11.2,2024102997,2026.8.12,栗東,ダノンレジェンド,マコトモンジョワ,ディアマント,カミイスタット,,
栗東,C,右,20260812,水,5:02,ラヴィニール,,牝,3,400,武英智,,153.7,132.2,110.5,89.4,69.5,52.8,36.5,22.5,11.2,21.5,21.7,21.1,19.9,16.7,16.3,14.0,11.3,11.2,2023107047,2026.8.12,栗東,キズナ,シンプリーラヴィシング,サンデーレーシング,ノーザンファーム,,
栗東,C,右,20260812,水,5:03,アティラン,,牝,3,0,寺島良,,146.5,125.0,104.9,86.6,70.3,55.1,38.9,24.0,11.8,21.5,20.1,18.3,16.3,15.2,16.2,14.9,12.2,11.8,2023105641,2026.8.12,栗東,ヴァンゴッホ,ジーニアル,水上ふじ子,笠松牧場,,
栗東,C,右,20260812,水,5:03,カラバッシュ,,牡,3,0,寺島良,,146.7,125.1,105.1,86.7,70.4,55.1,38.9,23.9,11.5,21.6,20.0,18.4,16.3,15.3,16.2,15.0,12.4,11.5,2023107252,2026.8.12,栗東,サートゥルナーリア,ミスセレンディピティ,シルクレーシング,ノーザンファーム,,
栗東,C,右,20260812,水,5:04,ショウグンマサムネ,,牡,3,400,佐藤悠太,,,,,82.1,66.3,51.6,36.9,22.9,11.2,,,,15.8,14.7,14.7,14.0,11.7,11.2,2023103897,2026.8.12,栗東,スワーヴリチャード,ナオミノユメ,塩澤正樹,レイクヴィラファーム,,
栗東,C,右,20260812,水,5:04,ダーコ,,牝,3,0,長谷川浩,,,,,85.9,69.2,52.5,38.0,23.6,11.1,,,,16.7,16.7,14.5,14.4,12.5,11.1,2023103497,2026.8.12,栗東,ロードカナロア,ノーワン,増田和啓,社台ファーム,,
栗東,C,右,20260812,水,5:05,アーサーバローズ,,牡,3,400,寺島良,,,,,84.4,67.1,52.3,37.1,23.0,11.4,,,,17.3,14.8,15.2,14.1,11.6,11.4,2023105468,2026.8.12,栗東,キセキ,シーカーマ,猪熊広次,静内フジカワ牧場,,
栗東,C,右,20260812,水,5:05,インフローレ,,牝,4,900,寺島良,,,,,83.7,66.8,51.9,36.9,22.9,11.3,,,,16.9,14.9,15.0,14.0,11.6,11.3,2022102729,2026.8.12,栗東,リオンディーズ,キュイキュイ,杉山忠国,杵臼牧場,,
栗東,C,右,20260812,水,5:05,オモイヲノセテ,,牝,3,400,高橋義忠,,144.1,121.3,100.8,82.3,66.3,52.0,37.1,23.5,11.9,22.8,20.5,18.5,16.0,14.3,14.9,13.6,11.6,11.9,2023103996,2026.8.12,栗東,ベンバトル,ピカロ,ターフ・スポート,大狩部牧場,,
栗東,C,右,20260812,水,5:05,コンセルノ,,牝,2,未出走,高橋義忠,,139.6,119.2,99.8,82.6,67.5,52.8,37.8,23.6,11.8,20.4,19.4,17.2,15.1,14.7,15.0,14.2,11.8,11.8,2024102197,2026.8.12,栗東,ホットロッドチャーリー,ラヴドワンズ,SYレーシング,丸幸小林牧場,,
栗東,C,右,20260812,水,5:05,ザングウィル,,牡,6,250,佐藤悠太,,,,,87.6,70.1,54.0,37.9,23.7,11.5,,,,17.5,16.1,16.1,14.2,12.2,11.5,2020110051,2026.8.12,栗東,"Dandy Man",Zaaqya,ゴドルフィン,"J. Lenihan",,
栗東,C,右,20260812,水,5:05,パストザクラウン,,牝,2,0,高橋義忠,,138.1,118.7,100.0,82.6,67.5,52.8,37.9,24.0,12.1,19.4,18.7,17.4,15.1,14.7,14.9,13.9,11.9,12.1,2024104298,2026.8.12,栗東,サトノクラウン,リリアンフェルス,福盛訓之,木村秀則,,
栗東,C,右,20260812,水,5:05,ロンティケチャップ,,牡,4,400,牧田和弥,,132.9,114.8,97.8,81.4,66.0,51.3,37.0,23.6,12.1,18.1,17.0,16.4,15.4,14.7,14.3,13.4,11.5,12.1,2022104106,2026.8.12,栗東,リーチザクラウン,ニシノオマージュ,ニューマレコード,谷藤弘美,,
栗東,C,右,20260812,水,5:05,ヴィスタグロッサ,,牝,2,未出走,高橋義忠,,145.4,123.1,102.1,83.6,67.7,52.5,37.6,23.8,12.0,22.3,21.0,18.5,15.9,15.2,14.9,13.8,11.8,12.0,2024100632,2026.8.12,栗東,ファインニードル,アウトオブサイト,ゴドルフィン,ダーレー・ジャパン・ファーム,,
栗東,C,右,20260812,水,5:06,ベルシュヴァル,,牝,3,400,中村直也,,146.2,126.0,105.3,85.5,68.5,53.5,38.3,23.9,11.7,20.2,20.7,19.8,17.0,15.0,15.2,14.4,12.2,11.7,2023102376,2026.8.12,栗東,ベンバトル,シュヴァリエ,ノルマンディーサラブレッドレーシング,岡田スタツド,,
栗東,C,右,20260812,水,5:07,コスモストーム,,牡,4,900,北出成人,,136.8,117.0,97.4,79.7,65.1,51.3,36.5,22.8,11.4,19.8,19.6,17.7,14.6,13.8,14.8,13.7,11.4,11.4,2022104120,2026.8.12,栗東,デクラレーションオブウォー,オリーブティアラ,コスモ・コスモ,千代田牧場,,
栗東,C,右,20260812,水,5:08,アーディアイリ,,牝,3,400,緒方努,,144.4,122.0,102.5,85.1,68.8,53.6,38.8,24.9,12.4,22.4,19.5,17.4,16.3,15.2,14.8,13.9,12.5,12.4,2023102460,2026.8.12,栗東,クリソベリル,オースミマコ,村上憲政,岡田牧場,,
栗東,C,右,20260812,水,5:08,マルモリマイベスト,,牡,2,0,緒方努,,143.2,120.1,99.8,82.5,67.1,52.7,38.3,24.5,12.1,23.1,20.3,17.3,15.4,14.4,14.4,13.8,12.4,12.1,2024108132,2026.8.12,栗東,ゴールドアクター,エイシンオリヒメ,山下繁美,リバティホースファーム,,
栗東,C,右,20260812,水,5:09,アビル,,牡,3,0,高橋一哉,,146.8,123.7,102.9,84.4,68.3,52.6,36.7,22.7,11.3,23.1,20.8,18.5,16.1,15.7,15.9,14.0,11.4,11.3,2023103904,2026.8.12,栗東,ルヴァンスレーヴ,メジロコウミョウ,シルクレーシング,レイクヴィラファーム,,
栗東,C,右,20260812,水,5:09,カーリキュー,,牝,3,400,高橋一哉,,144.6,122.0,101.3,83.2,67.5,52.1,36.5,22.5,11.3,22.6,20.7,18.1,15.7,15.4,15.6,14.0,11.2,11.3,2023101115,2026.8.12,栗東,ディスクリートキャット,オルトグラフ,ゴドルフィン,ダーレー・ジャパン・ファーム,,
栗東,C,右,20260812,水,5:09,ガネット,,牝,2,未出走,松永幹夫,,145.5,123.8,103.4,83.8,67.7,51.7,36.4,22.4,11.1,21.7,20.4,19.6,16.1,16.0,15.3,14.0,11.3,11.1,2024106951,2026.8.12,栗東,シスキン,ワッツダチャンセズ,G1レーシング,追分ファーム,,
栗東,C,右,20260812,水,5:09,グランシャン,,牡,3,0,松永幹夫,,147.5,125.9,105.0,85.7,69.6,53.8,38.0,23.7,11.8,21.6,20.9,19.3,16.1,15.8,15.8,14.3,11.9,11.8,2023102630,2026.8.12,栗東,キズナ,サトノジェイド,モンレーヴ,今牧場,,
栗東,C,右,20260812,水,5:09,ブラックミューズ,,牝,2,0,松永幹夫,,146.1,124.4,103.7,84.4,68.2,52.3,36.8,22.7,11.0,21.7,20.7,19.3,16.2,15.9,15.5,14.1,11.7,11.0,2024106131,2026.8.12,栗東,ミスターメロディ,アドマイヤアロー,柳田悠岐,ノーザンファーム,,
栗東,C,右,20260812,水,5:10,メイショウサッソウ,,牡,3,400,庄野靖志,,,,,,,54.1,38.8,24.5,11.9,,,,,,15.3,14.3,12.6,11.9,2023101953,2026.8.12,栗東,ダノンキングリー,メイショウヨソユキ,松本好隆,赤田牧場,,
栗東,C,右,20260812,水,5:11,エッセンシャルサン,,牡,2,未出走,牧浦充徳,,141.5,122.0,102.5,85.3,70.0,55.0,39.4,24.6,12.3,19.5,19.5,17.2,15.3,15.0,15.6,14.8,12.3,12.3,2024104205,2026.8.12,栗東,サートゥルナーリア,シティウェルズ,河村隆平,岡田牧場,,
栗東,C,右,20260812,水,5:11,サンジルダール,,牝,3,0,牧浦充徳,,138.6,120.6,101.1,83.3,68.1,53.4,38.8,24.3,12.1,18.0,19.5,17.8,15.2,14.7,14.6,14.5,12.2,12.1,2023103582,2026.8.12,栗東,レイデオロ,ラブリーベルナデット,社台レースホース,社台ファーム,,
栗東,C,右,20260812,水,5:11,フラッシング,,牡,5,900,牧浦充徳,,143.0,123.2,103.2,85.6,70.0,55.3,39.5,24.7,12.2,19.8,20.0,17.6,15.6,14.7,15.8,14.8,12.5,12.2,2021105971,2026.8.12,栗東,ドレフォン,プントバンコ,マークス,レイクヴィラファーム,,
栗東,C,右,20260812,水,5:12,アラタマフェーヴル,,牡,5,1500,浜田多実,,,,,,,52.9,38.7,25.1,12.6,,,,,,14.2,13.6,12.5,12.6,2021102115,2026.8.12,栗東,オルフェーヴル,アラタマクリスエス,荒木謙次,槇本牧場,,
栗東,C,右,20260812,水,5:12,オプティモ,,牡,3,400,緒方努,,140.2,118.4,97.7,80.1,64.8,50.1,36.2,23.5,12.1,21.8,20.7,17.6,15.3,14.7,13.9,12.7,11.4,12.1,2023104805,2026.8.12,栗東,タワーオブロンドン,タイキエイワン,カナヤマホールディングス,清水スタッド,,
栗東,C,右,20260812,水,5:12,コトテーラー,,牝,2,未出走,緒方努,,144.5,121.5,100.8,82.0,66.2,51.0,36.6,23.0,11.3,23.0,20.7,18.8,15.8,15.2,14.4,13.6,11.7,11.3,2024104829,2026.8.12,栗東,フィレンツェファイア,アルコセニョーラ,中西浩一,畠山牧場,,
栗東,C,右,20260812,水,5:12,ゼンノゾンターク,,牡,3,0,緒方努,,140.7,118.8,98.2,80.6,65.5,50.6,36.4,23.6,12.1,21.9,20.6,17.6,15.1,14.9,14.2,12.8,11.5,12.1,2023104605,2026.8.12,栗東,ダノンプレミアム,ヴォワルドール,大迫久美子,村上欽哉,,
栗東,C,右,20260812,水,5:12,メイショウプレマ,,牝,3,0,石橋守,,150.3,128.6,106.7,86.5,69.5,52.9,37.9,23.7,11.4,21.7,21.9,20.2,17.0,16.6,15.0,14.2,12.3,11.4,2023101585,2026.8.12,栗東,リオンディーズ,ヒガシドリーム,松本好隆,ヤナガワ牧場,,
栗東,C,右,20260812,水,5:13,クルクルミラクル,,牝,2,未出走,森田直行,,148.4,128.2,108.0,88.9,72.2,56.5,40.8,25.9,12.5,20.2,20.2,19.1,16.7,15.7,15.7,14.9,13.4,12.5,2024100784,2026.8.12,栗東,ミスチヴィアスアレックス,アナザーミラクル,村島聡乃,出口牧場,,
栗東,C,右,20260812,水,5:15,エボニーウイング,,牡,2,0,井上智史,,148.9,125.9,103.3,83.9,67.9,53.1,37.9,23.4,11.6,23.0,22.6,19.4,16.0,14.8,15.2,14.5,11.8,11.6,2024106185,2026.8.12,栗東,ミッキーアイル,ウイングステルス,シルクレーシング,ノーザンファーム,,
栗東,C,右,20260812,水,5:15,オーレアミスト,,セ,4,400,井上智史,,150.2,127.0,104.3,85.0,69.0,53.9,38.1,23.5,11.7,23.2,22.7,19.3,16.0,15.1,15.8,14.6,11.8,11.7,2022104841,2026.8.12,栗東,ゴールドドリーム,ジンジャーミスト,インゼルレーシング,ノーザンファーム,,
栗東,C,右,20260812,水,5:15,サンダーバース,,セ,5,1500,井上智史,,146.6,123.1,101.0,81.3,66.0,51.9,37.9,24.0,12.4,23.5,22.1,19.7,15.3,14.1,14.0,13.9,11.6,12.4,2021103582,2026.8.12,栗東,サンダースノー,エヴォリューション,岡田隆寛,岡田牧場,,
栗東,C,右,20260812,水,5:16,アウスヴァール,,セ,8,3750,昆貢,,152.5,126.8,103.3,83.5,67.2,52.1,37.2,22.7,11.4,25.7,23.5,19.8,16.3,15.1,14.9,14.5,11.3,11.4,2018101010,2026.8.12,栗東,ノヴェリスト,カネツスペシャル,ノルマンディーサラブレッドレーシング,宝寄山拓樹,,
栗東,C,右,20260812,水,5:17,グレイイングリーン,,牡,8,3800,池江泰寿,,,,,81.6,65.8,51.5,37.3,23.3,11.6,,,,15.8,14.3,14.2,14.0,11.7,11.6,2018105454,2026.8.12,栗東,ディープインパクト,リトルゲルダ,青芝商事,追分ファーム,,
栗東,C,右,20260812,水,5:18,クリノライジング,,牝,2,未出走,大橋勇樹,,146.7,125.4,104.7,85.0,68.8,53.9,38.9,24.5,12.4,21.3,20.7,19.7,16.2,14.9,15.0,14.4,12.1,12.4,2024102637,2026.8.12,栗東,イスラボニータ,ライジングサン,栗本守,鮫川啓一,,
栗東,C,右,20260812,水,5:18,リアルカムイ,,牡,2,未出走,大橋勇樹,,145.0,124.3,103.8,83.8,67.7,52.9,38.0,23.6,11.7,20.7,20.5,20.0,16.1,14.8,14.9,14.4,11.9,11.7,2024104764,2026.8.12,栗東,フォーウィールドライブ,シェーンリート,水谷光太郎,友田牧場,,
栗東,C,右,20260812,水,5:19,フォルナックス,,牝,3,400,奥村豊,,,,,83.4,67.2,52.5,37.4,23.1,11.4,,,,16.2,14.7,15.1,14.3,11.7,11.4,2023107183,2026.8.12,栗東,キタサンブラック,フォースタークルック,サンデーレーシング,ノーザンファーム,,
栗東,C,右,20260812,水,5:19,マルモリムソウ,,牡,2,400,大橋勇樹,,158.5,134.6,111.7,90.3,73.5,57.3,41.0,25.7,12.6,23.9,22.9,21.4,16.8,16.2,16.3,15.3,13.1,12.6,2024101644,2026.8.12,栗東,ビッグアーサー,オリーブジュエル,山下繁美,金石牧場,,
栗東,C,右,20260812,水,5:19,ミラキュラスアース,,牝,3,400,奥村豊,,,,,85.0,68.4,53.0,37.5,22.9,11.3,,,,16.6,15.4,15.5,14.6,11.6,11.3,2023107074,2026.8.12,栗東,ミスターメロディ,スピークソフトリー,NYレーシング,ノーザンファーム,,
栗東,C,右,20260812,水,5:19,ランスオブセヘル,,牝,5,900,奥村豊,,,,,83.3,67.6,52.1,37.3,22.9,11.3,,,,15.7,15.5,14.8,14.4,11.6,11.3,2021102754,2026.8.12,栗東,サトノアラジン,ビシャーラ,五影慶則,金成吉田牧場,,
栗東,C,右,20260812,水,5:19,リアルマロン,,牡,2,未出走,大橋勇樹,,158.5,134.5,111.7,90.4,73.5,57.4,40.9,25.6,12.6,24.0,22.8,21.3,16.9,16.1,16.5,15.3,13.0,12.6,2024105352,2026.8.12,栗東,ミッキーアイル,エヴィータアルゼンティーナ,水谷光太郎,下屋敷牧場,,
栗東,C,右,20260812,水,5:20,ソブリンズオーブ,,牝,3,0,小栗実,,,,,,,55.6,39.2,25.1,12.0,,,,,,16.4,14.1,13.1,12.0,2023103785,2026.8.12,栗東,マインドユアビスケッツ,ジュエルタワー,G1レーシング,社台コーポレーション白老ファーム,,
栗東,C,右,20260812,水,5:20,ブラックオリンピア,,牡,3,900,友道康夫,,,,,,,53.4,37.9,23.8,11.4,,,,,,15.5,14.1,12.4,11.4,2023107168,2026.8.12,栗東,キタサンブラック,ピノ,サンデーレーシング,ノーザンファーム,,
栗東,C,右,20260812,水,5:20,ホウオウサンデー,,牡,8,900,井上智史,,140.3,119.7,100.1,82.4,67.2,51.7,36.8,23.1,11.6,20.6,19.6,17.7,15.2,15.5,14.9,13.7,11.5,11.6,2018105047,2026.8.12,栗東,キングカメハメハ,サンデースマイル2,小笹芳央,ノーザンファーム,,
栗東,C,右,20260812,水,5:20,メイショウゲキリン,,牡,7,2400,笹田和秀,,137.5,116.5,97.8,80.8,66.1,51.0,36.2,22.8,11.5,21.0,18.7,17.0,14.7,15.1,14.8,13.4,11.3,11.5,2019104092,2026.8.12,栗東,キズナ,メイショウスズラン,松本好隆,三嶋牧場,,
栗東,C,右,20260812,水,5:21,メイショウジンソウ,,牡,3,0,本田優,,146.7,124.3,103.9,85.4,69.0,53.3,38.2,23.9,11.7,22.4,20.4,18.5,16.4,15.7,15.1,14.3,12.2,11.7,2023101043,2026.8.12,栗東,ゴールドドリーム,スイートマルセル,松本好隆,シンボリ牧場,,
栗東,C,右,20260812,水,5:21,リードアクター,,牡,3,0,本田優,,146.8,124.7,103.9,84.6,68.2,52.7,37.6,23.3,11.5,22.1,20.8,19.3,16.4,15.5,15.1,14.3,11.8,11.5,2023105148,2026.8.12,栗東,ゴールドアクター,ヴェルメリオ,生垣博志,大北牧場,,
栗東,C,右,20260812,水,5:21,レイワノキセキ,,牡,3,0,本田優,,148.1,125.6,104.2,84.8,68.2,52.6,37.5,23.2,11.5,22.5,21.4,19.4,16.6,15.6,15.1,14.3,11.7,11.5,2023102718,2026.8.12,栗東,シルバーステート,ミヤビキラメキ,猪又晶介,静内白井牧場,,
栗東,C,右,20260812,水,5:22,ティエラレイナ,,牝,3,400,四位洋文,,,,,,,53.8,37.0,23.0,11.4,,,,,,16.8,14.0,11.6,11.4,2023104861,2026.8.12,栗東,ナダル,エルパンドール,インゼルレーシング,杵臼牧場,,
栗東,C,右,20260812,水,5:22,メイショウカシワデ,,牡,5,1500,角田晃一,,136.2,118.2,100.0,83.5,69.2,55.0,39.9,25.1,12.7,18.0,18.2,16.5,14.3,14.2,15.1,14.8,12.4,12.7,2021103154,2026.8.12,栗東,シニスターミニスター,マノアラニ,松本好隆,林孝輝,,
栗東,C,右,20260812,水,5:22,モンテディアーナ,,牝,4,900,四位洋文,,,,,,,53.3,36.7,22.9,11.2,,,,,,16.6,13.8,11.7,11.2,2022104597,2026.8.12,栗東,ドレフォン,アズールムーン,毛利元昭,ノーザンファーム,,
栗東,C,右,20260812,水,5:23,メイショウピリカ,,牝,4,400,本田優,,152.6,128.2,103.8,83.5,66.8,51.2,36.3,22.9,11.7,24.4,24.4,20.3,16.7,15.6,14.9,13.4,11.2,11.7,2022102550,2026.8.12,栗東,オルフェーヴル,メイショウバーズ,松本好隆,中脇一幸,,
栗東,C,右,20260812,水,5:25,ソルパッサーレ,,牝,3,900,四位洋文,,152.5,129.6,106.7,85.8,68.2,52.6,37.4,23.6,11.9,22.9,22.9,20.9,17.6,15.6,15.2,13.8,11.7,11.9,2023102806,2026.8.12,栗東,キズナ,ベアフットレディ,TNレーシング,タイヘイ牧場,,
栗東,C,右,20260812,水,5:25,リヴァイアサン,,牡,2,未出走,四位洋文,,151.8,128.9,105.9,85.3,67.9,52.3,37.2,23.7,12.0,22.9,23.0,20.6,17.4,15.6,15.1,13.5,11.7,12.0,2024100204,2026.8.12,栗東,マインドユアビスケッツ,クラックシード,井上隆次,オリオンファーム,,
栗東,C,右,20260812,水,5:28,アビラーシャ,,牡,3,400,武幸四郎,,136.9,118.8,99.6,82.4,67.2,52.9,38.4,24.5,12.5,18.1,19.2,17.2,15.2,14.3,14.5,13.9,12.0,12.5,2023107017,2026.8.12,栗東,アドマイヤマーズ,サンカルパ2,インゼルレーシング,ノーザンファーム,,
栗東,C,右,20260812,水,5:28,エトワールハマー,,牡,2,未出走,武幸四郎,,136.4,118.2,99.0,82.0,66.9,52.7,38.2,24.3,12.4,18.2,19.2,17.0,15.1,14.2,14.5,13.9,11.9,12.4,2024100737,2026.8.12,栗東,エフフォーリア,ステラマドレード,浜田幸一,チャンピオンズファーム,,
栗東,C,右,20260812,水,5:28,グランワールド,,牡,3,0,新谷功一,,143.0,122.0,102.4,85.0,70.3,55.8,40.5,25.8,13.2,21.0,19.6,17.4,14.7,14.5,15.3,14.7,12.6,13.2,2023101572,2026.8.12,栗東,シニスターミニスター,コパノプリンセス,サイプレスホールディングス,ヤナガワ牧場,,
栗東,C,右,20260812,水,5:28,ゴーイントゥノヴァ,,牝,2,未出走,新谷功一,,139.8,118.9,99.5,81.9,67.2,52.7,37.5,23.4,11.4,20.9,19.4,17.6,14.7,14.5,15.2,14.1,12.0,11.4,2024104681,2026.8.12,栗東,キタサンブラック,ゴーイントゥザウィンドウ,柳田悠岐,千代田牧場,,
栗東,C,右,20260812,水,5:28,ペガサスジルシ,,牝,3,0,新谷功一,,141.3,120.4,100.9,83.4,68.7,54.2,38.9,24.4,12.0,20.9,19.5,17.5,14.7,14.5,15.3,14.5,12.4,12.0,2023107350,2026.8.12,栗東,ブリックスアンドモルタル,レネットグルーヴ,後藤和成,ノーザンファーム,,
栗東,C,右,20260812,水,5:29,チャンネルトンネル,,牡,5,1500,福永祐一,,,,,84.3,69.1,52.9,37.7,23.8,11.8,,,,15.2,16.2,15.2,13.9,12.0,11.8,2021106369,2026.8.12,栗東,グレーターロンドン,ギャルソンヌ,窪田芳郎,大栄牧場,,
栗東,C,右,20260812,水,5:29,マルカルーカス,,牡,2,未出走,福永祐一,,,,,83.3,68.2,52.7,37.5,23.6,11.9,,,,15.1,15.5,15.2,13.9,11.7,11.9,2024106041,2026.8.12,栗東,マインドユアビスケッツ,マルカソレイユ,日下部猛,社台ファーム,,
栗東,C,右,20260812,水,5:29,ランフォーヴァウ,,牝,4,3700,福永祐一,,,,,81.8,67.1,51.9,36.7,22.8,11.4,,,,14.7,15.2,15.2,13.9,11.4,11.4,2022105291,2026.8.12,栗東,ロードカナロア,キネオダンサー,窪田芳郎,社台ファーム,,
栗東,C,右,20260812,水,5:29,リリージョワ,,牝,3,2200,武幸四郎,,,,,,,51.9,36.6,22.5,11.1,,,,,,15.3,14.1,11.4,11.1,2023105312,2026.8.12,栗東,シルバーステート,デサフィアンテ,Gリビエール・レーシング,ノーザンファーム,,
栗東,C,右,20260812,水,5:32,ダディーズトリップ,,牡,10,900,千田輝彦,,151.0,128.5,107.0,88.2,71.7,55.6,38.9,23.4,11.3,22.5,21.5,18.8,16.5,16.1,16.7,15.5,12.1,11.3,2016100126,2026.8.12,栗東,ドリームジャーニー,ヴードゥーレディ,田島大史,オリエント牧場,,
栗東,C,右,20260812,水,5:32,デイトナモード,,牡,6,2400,千田輝彦,,137.9,117.5,99.4,82.3,67.4,52.7,38.0,24.0,12.1,20.4,18.1,17.1,14.9,14.7,14.7,14.0,11.9,12.1,2020101872,2026.8.12,栗東,アメリカンペイトリオット,セクレタ,前原敏行,チャンピオンズファーム,,
栗東,C,右,20260812,水,5:32,ラミエルノムスコ,,牡,3,0,千田輝彦,,,,,88.9,71.9,56.2,39.8,24.3,11.9,,,,17.0,15.7,16.4,15.5,12.4,11.9,2023103248,2026.8.12,栗東,シルバーステート,ラミエル,桑畑夏美,前谷牧場,,
栗東,C,右,20260812,水,5:33,ビンチャリ,,牝,2,未出走,千田輝彦,,,,,91.3,73.3,56.9,41.0,26.0,12.9,,,,18.0,16.4,15.9,15.0,13.1,12.9,2024100644,2026.8.12,栗東,モーリス,カリビアンゴールド,ゴドルフィン,ダーレー・ジャパン・ファーム,,
栗東,C,右,20260812,水,5:33,ファーヴニル,,牝,3,0,千田輝彦,,,,,91.4,73.4,57.0,41.1,26.0,13.0,,,,18.0,16.4,15.9,15.1,13.0,13.0,2023101691,2026.8.12,栗東,ディスクリートキャット,ケンブリッジアロー,ケンブリッジバレー,ケンブリッジバレー,,
栗東,C,右,20260812,水,5:33,ユウトザイシン,,牡,3,0,千田輝彦,,,,,87.8,68.9,53.2,39.0,24.7,12.6,,,,18.9,15.7,14.2,14.3,12.1,12.6,2023101700,2026.8.12,栗東,リアルインパクト,アグネスサクラ,鈴木紋菜,高昭牧場,,
栗東,C,右,20260812,水,5:34,アトレッタ,,牡,3,400,斉藤崇史,,145.8,123.2,102.3,84.3,68.5,52.9,37.6,23.4,11.8,22.6,20.9,18.0,15.8,15.6,15.3,14.2,11.6,11.8,2023104008,2026.8.12,栗東,キズナ,シャッセロール,名古屋友豊,オリエント牧場,,
栗東,C,右,20260812,水,5:34,タガノエルピーダ,,牝,5,2500,斉藤崇史,,143.3,121.6,100.8,83.0,67.1,51.8,36.5,22.7,11.3,21.7,20.8,17.8,15.9,15.3,15.3,13.8,11.4,11.3,2021106550,2026.8.12,栗東,キズナ,タガノレヴェントン,八木良司,新冠タガノファーム,,
栗東,C,右,20260812,水,5:34,マンナット,,牡,2,未出走,斉藤崇史,,144.4,122.3,101.4,83.4,67.6,52.1,36.8,22.8,11.4,22.1,20.9,18.0,15.8,15.5,15.3,14.0,11.4,11.4,2024100654,2026.8.12,栗東,キズナ,サマーエモーション,ゴドルフィン,ダーレー・ジャパン・ファーム,,
栗東,C,右,20260812,水,5:37,メイショウビストロ,,牡,4,400,岡田稲男,,143.5,122.8,103.2,85.3,69.4,53.9,38.6,24.3,11.8,20.7,19.6,17.9,15.9,15.5,15.3,14.3,12.5,11.8,2022103251,2026.8.12,栗東,カリフォルニアクローム,メイショウオワラ,松本好隆,三嶋牧場,,
栗東,C,右,20260812,水,5:40,シャンデルナゴル,,牡,6,1600,石坂公一,,150.7,128.8,106.1,83.9,67.6,52.7,37.5,23.1,11.5,21.9,22.7,22.2,16.3,14.9,15.2,14.4,11.6,11.5,2020103193,2026.8.12,栗東,サトノダイヤモンド,アガルタ,吉田勝己,ノーザンファーム,,
栗東,C,右,20260812,水,5:40,マイエレメント,,牝,4,1500,福永祐一,,,,,80.6,64.1,49.6,35.6,22.6,11.3,,,,16.5,14.5,14.0,13.0,11.3,11.3,2022101197,2026.8.12,栗東,エピファネイア,ソートアフター,キャロットファーム,オリオンファーム,,
栗東,C,右,20260812,水,5:41,シラヌイ,,牝,3,900,高橋亮,,,,,,,52.1,36.8,22.8,10.9,,,,,,15.3,14.0,11.9,10.9,2023105668,2026.8.12,栗東,フィレンツェファイア,ミスティック,カナヤマホールディングス,木田牧場,,
栗東,C,右,20260812,水,5:42,カツダルマ,,牡,2,0,秋山真一,,143.0,121.4,101.0,82.8,66.8,51.5,36.7,22.8,11.2,21.6,20.4,18.2,16.0,15.3,14.8,13.9,11.6,11.2,2024101744,2026.8.12,栗東,ビッグアーサー,レッドマーキュリー,一門会,金成吉田牧場,,
栗東,C,右,20260812,水,5:42,ケイアイアマゾン,,牡,3,400,秋山真一,,144.2,122.2,101.8,83.8,67.8,52.6,37.4,23.2,11.4,22.0,20.4,18.0,16.0,15.2,15.2,14.2,11.8,11.4,2023105762,2026.8.12,栗東,マインドユアビスケッツ,クインズヌーサ,亀田和弘,新冠橋本牧場,,
栗東,C,右,20260812,水,5:43,サーディンラン,,牡,3,900,武英智,,149.4,126.5,106.2,88.0,71.7,55.0,38.7,23.9,11.5,22.9,20.3,18.2,16.3,16.7,16.3,14.8,12.4,11.5,2023103440,2026.8.12,栗東,レイデオロ,ジョイエピフォラ,谷掛龍夫,社台ファーム,,
栗東,C,右,20260812,水,5:43,ステラヴェント,,牝,2,未出走,武英智,,148.5,126.0,105.6,87.6,71.3,54.6,38.4,23.7,11.5,22.5,20.4,18.0,16.3,16.7,16.2,14.7,12.2,11.5,2024103414,2026.8.12,栗東,ミッキーロケット,ペルレンケッテ,水谷昌晃,新冠橋本牧場,,
栗東,C,右,20260812,水,5:44,チェルヴァーラ,,牡,3,400,松下武士,,143.9,122.2,102.6,85.1,69.2,53.4,37.8,23.6,11.5,21.7,19.6,17.5,15.9,15.8,15.6,14.2,12.1,11.5,2023107106,2026.8.12,栗東,エピファネイア,チェッキーノ,サンデーレーシング,ノーザンファーム,,
栗東,C,右,20260812,水,5:46,イクオクコウネン,,セ,3,0,斉藤崇史,,147.2,125.0,103.8,85.7,69.7,53.9,37.9,23.4,11.5,22.2,21.2,18.1,16.0,15.8,16.0,14.5,11.9,11.5,2023105458,2026.8.12,栗東,スワーヴリチャード,ノッツダルジェント,中水英紀,スマイルファーム,,
栗東,C,右,20260812,水,5:46,シスキンブルーム,,牝,2,400,斉藤崇史,,146.9,124.5,103.4,85.3,69.4,53.7,37.6,23.2,11.4,22.4,21.1,18.1,15.9,15.7,16.1,14.4,11.8,11.4,2024106603,2026.8.12,栗東,シスキン,ボンジュールココロ,ホシノレーシング,ノーザンファーム,,
栗東,C,右,20260812,水,5:46,デススパイラル,,牝,2,未出走,前川恭子,,,,,83.0,67.3,52.9,37.8,23.7,11.9,,,,15.7,14.4,15.1,14.1,11.8,11.9,2024104977,2026.8.12,栗東,ダノンプレミアム,センショウレイナ,川勝裕之,藤原牧場,,
栗東,C,右,20260812,水,5:46,マーチンゲール,,牡,3,0,斉藤崇史,,147.6,125.4,104.2,86.0,70.0,54.2,38.2,23.5,11.5,22.2,21.2,18.2,16.0,15.8,16.0,14.7,12.0,11.5,2023102580,2026.8.12,栗東,シニスターミニスター,ジェセニア,OUMA,グランド牧場,,
栗東,C,右,20260812,水,5:46,ルナカカオ,,牝,3,0,前川恭子,,,,,83.7,67.9,53.4,38.0,23.7,11.8,,,,15.8,14.5,15.4,14.3,11.9,11.8,2023107432,2026.8.12,栗東,モズアスコット,リボーン,北畑忍,モリナガファーム,,
栗東,C,右,20260812,水,5:48,カフジポポー,,牡,2,未出走,森田直行,,144.0,123.0,102.4,84.1,67.5,52.9,38.8,25.1,13.2,21.0,20.6,18.3,16.6,14.6,14.1,13.7,11.9,13.2,2024104468,2026.8.12,栗東,エフフォーリア,ムーンフライト,加藤千豊,静内白井牧場,,
栗東,C,右,20260812,水,5:48,スイートポメロ,,牝,3,0,森田直行,,140.7,120.8,100.2,82.3,66.1,51.7,37.6,24.1,12.4,19.9,20.6,17.9,16.2,14.4,14.1,13.5,11.7,12.4,2023102133,2026.8.12,栗東,ダノンプレミアム,エレスチャル,河原義宏,ディアレストクラブ,,
栗東,C,右,20260812,水,5:48,モズレイラココナ,,牝,4,0,杉山佳明,,141.7,121.0,100.4,82.2,65.5,51.5,37.4,23.8,12.2,20.7,20.6,18.2,16.7,14.0,14.1,13.6,11.6,12.2,2022102122,2026.8.12,栗東,モズアスコット,ジーピークロス,キャピタル・システム,目黒牧場,,
栗東,C,右,20260812,水,5:49,エンジョイドライブ,,牡,4,0,宮本博,,136.2,117.2,98.9,82.2,67.3,52.5,37.5,23.6,12.1,19.0,18.3,16.7,14.9,14.8,15.0,13.9,11.5,12.1,2022102713,2026.8.12,栗東,フォーウィールドライブ,プリンセスメイク,田島政光,ガーベラパークスタツド,,
栗東,C,右,20260812,水,5:49,ビーアイフォルテ,,牝,4,900,牧田和弥,,147.6,123.8,103.7,84.8,68.9,53.5,37.6,23.5,11.4,23.8,20.1,18.9,15.9,15.4,15.9,14.1,12.1,11.4,2022104515,2026.8.12,栗東,シルバーステート,ビットアリエス,礒川正明,前田牧場,,
栗東,C,右,20260812,水,5:49,メイショウトライオ,,牝,3,未出走,石橋守,,147.4,126.6,106.6,87.9,71.1,54.3,38.8,24.4,12.2,20.8,20.0,18.7,16.8,16.8,15.5,14.4,12.2,12.2,2023100979,2026.8.12,栗東,リオンディーズ,メトカルフィア,松本好隆,庄野牧場,,
栗東,C,右,20260812,水,5:50,ラホーヤアイズ,,牝,2,0,藤野健太,,,,,,,51.5,36.8,23.5,11.5,,,,,,14.7,13.3,12.0,11.5,2024104986,2026.8.12,栗東,カリフォルニアクローム,ラホーヤビーチ,ヒダカ・ブリーダーズ・ユニオン,藤原牧場,,
栗東,C,右,20260812,水,5:52,ギザキズラヴ,,牝,4,0,加藤公太,,139.2,120.0,101.8,84.8,69.3,53.9,38.3,23.4,11.3,19.2,18.2,17.0,15.5,15.4,15.6,14.9,12.1,11.3,2022106715,2026.8.12,栗東,キズナ,アップワードスパイラル,フクキタル,パカパカファーム,,
栗東,C,右,20260812,水,5:52,マオノファースト,,牡,2,未出走,加藤公太,,138.1,118.7,99.9,82.8,67.9,52.9,37.9,23.0,11.3,19.4,18.8,17.1,14.9,15.0,15.0,14.9,11.7,11.3,2024108123,2026.8.12,栗東,サンダースノー,イナズマディオーネ,湯浅健司,上村勇人,,
栗東,C,右,20260812,水,5:52,マスリュウオー,,牝,2,未出走,加藤公太,,138.4,119.4,101.1,84.2,68.7,53.3,38.0,23.1,11.1,19.0,18.3,16.9,15.5,15.4,15.3,14.9,12.0,11.1,2024105248,2026.8.12,栗東,エフフォーリア,スイリュウオー,庄司芳則,グローリーファーム,,
栗東,C,右,20260812,水,5:53,クリノセーラーマン,,牡,3,400,大橋勇樹,,144.0,124.3,104.4,85.2,69.9,54.7,39.6,25.0,12.5,19.7,19.9,19.2,15.3,15.2,15.1,14.6,12.5,12.5,2023101199,2026.8.12,栗東,シャンハイボビー,ハッピーセーラー,栗本守,出口牧場,,
栗東,C,右,20260812,水,5:53,ナムラコスモス,,牝,3,1950,大橋勇樹,,140.2,120.6,101.5,83.3,67.3,52.1,37.0,23.2,11.3,19.6,19.1,18.2,16.0,15.2,15.1,13.8,11.9,11.3,2023106227,2026.8.12,栗東,ダノンプレミアム,ナムラリコリス,奈村睦弘,ヒダカシーサイドファーム,,
栗東,C,右,20260812,水,5:55,タイセイレスポンス,,セ,5,1500,安田翔伍,,141.2,122.0,102.6,84.7,68.8,53.2,37.9,23.6,11.5,19.2,19.4,17.9,15.9,15.6,15.3,14.3,12.1,11.5,2021105646,2026.8.12,栗東,ミッキーアイル,チャイマックス,田中成奉,ノーザンファーム,,
栗東,C,右,20260812,水,6:18,アレストラウム,,牡,2,未出走,佐藤悠太,,,,,81.0,66.0,51.5,36.5,22.5,11.2,,,,15.0,14.5,15.0,14.0,11.3,11.2,2024107128,2026.8.12,栗東,デクラレーションオブウォー,ピュアインペリアル,鈴木剛史,橋本牧場,,
栗東,C,右,20260812,水,6:18,ロードプレジール,,牡,8,2400,佐藤悠太,,,,,81.6,66.6,52.0,37.0,22.9,11.5,,,,15.0,14.6,15.0,14.1,11.4,11.5,2018102576,2026.8.12,栗東,キングカメハメハ,キャトルフィーユ,ロードホースクラブ,ケイアイファーム,,
栗東,C,右,20260812,水,6:18,ワンダーミューズ,,牝,3,0,今野貞一,,,,,,,54.3,38.5,24.1,11.4,,,,,,15.8,14.4,12.7,11.4,2023100166,2026.8.12,栗東,ミスチヴィアスアレックス,ワンダービーナス,山本能成,城地牧場,,
栗東,C,右,20260812,水,6:19,ジェントル,,牡,2,未出走,池添学,,141.6,122.5,103.6,86.5,71.2,55.7,39.9,25.1,12.7,19.1,18.9,17.1,15.3,15.5,15.8,14.8,12.4,12.7,2024103402,2026.8.12,栗東,ハービンジャー,シーズインクルーデッド,海老塚勝也,新冠橋本牧場,,
栗東,C,右,20260812,水,6:19,パシフィックドーン,,牡,3,未出走,池添学,,141.1,121.4,101.0,83.2,68.0,53.1,37.6,23.2,11.5,19.7,20.4,17.8,15.2,14.9,15.5,14.4,11.7,11.5,2023107212,2026.8.12,栗東,ハービンジャー,プルメリアスター,キャロットファーム,ノーザンファーム,,
栗東,C,右,20260812,水,6:19,マトラコーニッシュ,,牝,4,1500,池添学,,138.2,119.6,100.2,82.4,67.1,52.5,37.3,23.2,11.4,18.6,19.4,17.8,15.3,14.6,15.2,14.1,11.8,11.4,2022102500,2026.8.12,栗東,サートゥルナーリア,エアマスカット,社台レースホース,猿倉牧場,,
栗東,C,右,20260812,水,6:19,メイショウイッカク,,牡,3,0,池添学,,144.1,123.6,104.4,87.0,71.7,56.2,40.3,25.4,13.0,20.5,19.2,17.4,15.3,15.5,15.9,14.9,12.4,13.0,2023102242,2026.8.12,栗東,ドレフォン,メイショウショウブ,松本好隆,三嶋牧場,,
栗東,C,右,20260812,水,6:20,アクシュラ,,牝,3,0,橋口慎介,,137.2,118.0,99.1,82.8,68.0,53.4,38.6,24.9,12.8,19.2,18.9,16.3,14.8,14.6,14.8,13.7,12.1,12.8,2023104416,2026.8.12,栗東,ドレフォン,ユメノトビラ,ノースヒルズ,ノースヒルズ,,
栗東,C,右,20260812,水,6:20,アトモス,,牡,3,400,角田晃一,,139.8,120.2,99.6,82.4,67.4,52.4,37.2,22.9,11.5,19.6,20.6,17.2,15.0,15.0,15.2,14.3,11.4,11.5,2023100145,2026.8.12,栗東,キタサンブラック,コミカル,寺田寿男,下屋敷牧場,,
栗東,C,右,20260812,水,6:20,アワジシマ,,牡,2,未出走,北出成人,,142.3,119.7,99.9,84.5,67.5,52.5,37.6,23.9,11.8,22.6,19.8,15.4,17.0,15.0,14.9,13.7,12.1,11.8,2024105326,2026.8.12,栗東,シャンハイボビー,レーヌルネサンス,岡浩二,斉藤スタッド,,
栗東,C,右,20260812,水,6:20,イージーライダー,,牡,3,400,杉山晴紀,,141.3,120.6,100.8,83.6,68.0,52.9,37.7,23.3,11.5,20.7,19.8,17.2,15.6,15.1,15.2,14.4,11.8,11.5,2023102814,2026.8.12,栗東,キズナ,エセンテペ,エムズレーシング,高橋フアーム,,
栗東,C,右,20260812,水,6:20,ゴッドエスパーダ,,牡,4,1500,角田晃一,,140.5,120.9,100.2,83.1,67.9,52.8,37.6,23.1,11.6,19.6,20.7,17.1,15.2,15.1,15.2,14.5,11.5,11.6,2022106186,2026.8.12,栗東,レイデオロ,キョウワゼノビア,中西憲治,協和牧場,,
栗東,C,右,20260812,水,6:20,シャインゴーツ,,牡,3,0,北出成人,,141.5,118.8,99.8,83.5,66.1,52.7,38.9,24.8,12.7,22.7,19.0,16.3,17.4,13.4,13.8,14.1,12.1,12.7,2023102643,2026.8.12,栗東,アルアイン,プリンセスカナ,吉岡輝美,ゴールドアップカンパニー,,
栗東,C,右,20260812,水,6:20,シャドウフューリー,,牡,6,3800,杉山晴紀,,140.6,119.9,99.9,82.9,67.4,52.6,37.3,23.2,11.5,20.7,20.0,17.0,15.5,14.8,15.3,14.1,11.7,11.5,2020102853,2026.8.12,栗東,イスラボニータ,コージーロージー,飯塚知一,社台ファーム,,
栗東,C,右,20260812,水,6:20,スマートティアナ,,牝,3,400,石橋守,,145.5,123.9,104.1,85.8,68.9,52.1,37.6,23.7,11.1,21.6,19.8,18.3,16.9,16.8,14.5,13.9,12.6,11.1,2023102225,2026.8.12,栗東,シルバーステート,スマートオーシャン,大川徹,三嶋牧場,,
栗東,C,右,20260812,水,6:20,トウカイジーク,,牡,3,0,野中賢二,,142.3,121.4,102.1,83.8,67.6,52.8,38.0,23.8,11.6,20.9,19.3,18.3,16.2,14.8,14.8,14.2,12.2,11.6,2023100555,2026.8.12,栗東,マクフィ,トウカイセンス,内村正則,びらとり牧場,,
栗東,C,右,20260812,水,6:20,ナイトインチュニス,,牡,2,未出走,野中賢二,,141.7,120.7,101.7,83.3,67.2,52.4,37.8,23.7,11.5,21.0,19.0,18.4,16.1,14.8,14.6,14.1,12.2,11.5,2024102887,2026.8.12,栗東,サートゥルナーリア,キスオンザグリーン,キーウエスト,吉田ファーム,,
栗東,C,右,20260812,水,6:20,バッハアルプゼー,,牡,4,900,橋口慎介,,135.7,116.4,97.8,81.2,66.4,52.0,37.5,24.2,12.1,19.3,18.6,16.6,14.8,14.4,14.5,13.3,12.1,12.1,2022106923,2026.8.12,栗東,"Practical Joke",ファウンドアダイヤモンド,フォレストレーシング,松浦牧場,,
栗東,C,右,20260812,水,6:20,パフ,,牡,5,1500,橋口慎介,,134.8,115.6,97.4,80.9,65.9,51.0,36.7,23.5,12.1,19.2,18.2,16.5,15.0,14.9,14.3,13.2,11.4,12.1,2021100292,2026.8.12,栗東,レイデオロ,アンジュエ,ノースヒルズ,土居牧場,,
栗東,C,右,20260812,水,6:21,スターリングアップ,,牝,5,900,松永幹夫,,139.0,119.1,99.2,81.6,66.5,52.2,37.5,23.3,11.4,19.9,19.9,17.6,15.1,14.3,14.7,14.2,11.9,11.4,2021105102,2026.8.12,栗東,ブリックスアンドモルタル,ソウルスターリング,社台レースホース,社台ファーム,,
栗東,C,右,20260812,水,6:21,ダノンプレリュード,,牝,3,0,坂口智康,,140.3,121.5,101.5,83.4,68.6,53.2,37.6,23.4,11.5,18.8,20.0,18.1,14.8,15.4,15.6,14.2,11.9,11.5,2023107239,2026.8.12,栗東,キタサンブラック,マハゴニー,ダノックス,ノーザンファーム,,
栗東,C,右,20260812,水,6:21,テレプシコーラ,,牝,4,400,坂口智康,,141.4,122.4,102.4,84.5,69.3,53.9,38.2,23.8,11.5,19.0,20.0,17.9,15.2,15.4,15.7,14.4,12.3,11.5,2022100457,2026.8.12,栗東,ルーラーシップ,キスオンザグリーン,キーウエスト,吉田ファーム,,
栗東,C,右,20260812,水,6:22,アロマフェリス,,牝,4,500,辻野泰之,,,,,85.1,69.1,53.7,38.1,23.6,11.8,,,,16.0,15.4,15.6,14.5,11.8,11.8,2022104624,2026.8.12,栗東,レイデオロ,アロマドゥルセ,キャロットファーム,ノーザンファーム,,
栗東,C,右,20260812,水,6:22,コンテナライン,,牝,4,400,牧浦充徳,,140.8,123.3,106.2,88.4,72.1,56.5,40.5,25.0,11.8,17.5,17.1,17.8,16.3,15.6,16.0,15.5,13.2,11.8,2022105954,2026.8.12,栗東,ドゥラメンテ,アイヴィベル,住谷幾久子,レイクヴィラファーム,,
栗東,C,右,20260812,水,6:22,メイショウナナユキ,,牝,3,400,牧浦充徳,,157.3,134.8,111.6,90.1,73.5,57.6,41.2,25.4,11.9,22.5,23.2,21.5,16.6,15.9,16.4,15.8,13.5,11.9,2023101939,2026.8.12,栗東,ホッコータルマエ,メイショウルナ,松本好隆,中脇一幸,,
栗東,C,右,20260812,水,6:22,ルージュラボーテ,,牝,3,未出走,辻野泰之,,,,,84.6,68.9,53.5,38.0,23.7,11.9,,,,15.7,15.4,15.5,14.3,11.8,11.9,2023102249,2026.8.12,栗東,レイデオロ,レッドベレーザ,東京ホースレーシング,三嶋牧場,,
栗東,C,右,20260812,水,6:22,ロンポワン,,牝,3,0,辻野泰之,,,,,83.3,68.0,52.7,37.5,23.5,11.8,,,,15.3,15.3,15.2,14.0,11.7,11.8,2023103426,2026.8.12,栗東,ブリックスアンドモルタル,シャンペルゼリーゼ,社台レースホース,社台ファーム,,
栗東,C,右,20260812,水,6:23,ロードオールライト,,牡,5,1500,中内田充,,142.0,121.7,103.0,84.1,67.9,53.1,37.7,23.3,11.4,20.3,18.7,18.9,16.2,14.8,15.4,14.4,11.9,11.4,2021100148,2026.8.12,栗東,ハーツクライ,スピニングワイルドキャット,ロードホースクラブ,ケイアイファーム,,
栗東,C,右,20260812,水,6:26,スウィッチインラヴ,,牝,3,400,矢作芳人,,,,,,,50.7,35.5,22.4,11.4,,,,,,15.2,13.1,11.0,11.4,2023105300,2026.8.12,栗東,コントレイル,スウィッチインタイム,DMMドリームクラブ,ノーザンファーム,,
栗東,C,右,20260812,水,6:30,タイヴァス,,牡,2,未出走,矢作芳人,,134.8,116.4,98.1,81.2,66.6,51.3,36.4,22.7,11.5,18.4,18.3,16.9,14.6,15.3,14.9,13.7,11.2,11.5,2024103421,2026.8.12,栗東,ウィルテイクチャージ,ジョリーダンス,土井久美子,錦岡牧場,,
栗東,C,右,20260812,水,6:30,ホウオウモチーヴ,,牡,3,0,矢作芳人,,135.3,116.9,98.6,81.8,66.9,51.6,36.5,22.7,11.4,18.4,18.3,16.8,14.9,15.3,15.1,13.8,11.3,11.4,2023105281,2026.8.12,栗東,サートゥルナーリア,ギモーヴ,小笹芳央,ノーザンファーム,,
栗東,C,右,20260812,水,6:37,ゼンノフォトン,,牡,3,400,茶木太樹,,140.2,119.2,99.6,82.5,67.6,52.9,38.0,24.1,12.2,21.0,19.6,17.1,14.9,14.7,14.9,13.9,11.9,12.2,2023104050,2026.8.12,栗東,シャンハイボビー,クーファエラン,大迫久美子,川島牧場,,
栗東,C,右,20260812,水,6:43,カパルア,,牡,3,0,松永幹夫,,140.5,120.9,101.7,84.4,69.3,54.5,39.2,24.7,12.2,19.6,19.2,17.3,15.1,14.8,15.3,14.5,12.5,12.2,2023105234,2026.8.12,栗東,ブリックスアンドモルタル,カイザーバル,寺田寿男,社台ファーム,,
栗東,C,右,20260812,水,6:43,シェーラ,,牝,4,400,牧田和弥,,145.1,122.9,102.0,84.2,68.7,53.5,38.0,24.0,12.1,22.2,20.9,17.8,15.5,15.2,15.5,14.0,11.9,12.1,2022102139,2026.8.12,栗東,フィエールマン,ザッハトルテ,永田和彦,森永牧場,,
栗東,C,右,20260812,水,6:43,ラインエレガント,,牝,2,0,牧田和弥,,141.8,121.3,100.9,83.2,67.8,52.7,37.8,23.9,11.9,20.5,20.4,17.7,15.4,15.1,14.9,13.9,12.0,11.9,2024100944,2026.8.12,栗東,イスラボニータ,レモンケーキ,大澤繁昌,日高大洋牧場,,
栗東,C,右,20260812,水,6:47,キタノアンドレイ,,牡,3,0,秋山真一,,147.8,125.5,105.2,86.5,69.5,53.8,37.4,22.9,11.4,22.3,20.3,18.7,17.0,15.7,16.4,14.5,11.5,11.4,2023104012,2026.8.12,栗東,カレンブラックヒル,チャオプラヤ,北所直人,オリエント牧場,,
栗東,C,右,20260812,水,6:47,ケーブパール,,牝,5,1500,友道康夫,,,,,92.4,72.5,54.2,37.9,23.1,11.1,,,,19.9,18.3,16.3,14.8,12.0,11.1,2021105161,2026.8.12,栗東,ブリックスアンドモルタル,ハナレイムーン,金子真人ホールディングス,社台ファーム,,
栗東,C,右,20260812,水,6:47,テラレガル,,牡,2,未出走,秋山真一,,145.7,123.7,103.7,85.4,68.7,52.6,36.7,22.7,11.3,22.0,20.0,18.3,16.7,16.1,15.9,14.0,11.4,11.3,2024101678,2026.8.12,栗東,ルーラーシップ,アースプレイ,安原浩司,ガーベラパークスタツド,,
栗東,C,右,20260812,水,6:47,ラガッタレアーレ,,牝,2,未出走,秋山真一,,146.5,124.8,104.8,86.0,69.1,53.4,37.1,22.8,11.3,21.7,20.0,18.8,16.9,15.7,16.3,14.3,11.5,11.3,2024106277,2026.8.12,栗東,ルーラーシップ,クイーンズキトゥン,吉田勝己,ノーザンファーム,,
栗東,C,右,20260812,水,6:53,ゴールデンスナップ,,牝,6,2700,田中克典,,135.6,117.8,99.5,82.1,66.8,52.0,37.0,23.0,11.5,17.8,18.3,17.4,15.3,14.8,15.0,14.0,11.5,11.5,2020106909,2026.8.12,栗東,ゴールドシップ,メイショウジェイ,エースレーシング,三嶋牧場,,
栗東,C,右,20260812,水,6:53,セキゾウ,,牡,3,0,田中克典,,137.5,119.0,100.2,82.8,67.5,52.7,37.5,23.4,11.6,18.5,18.8,17.4,15.3,14.8,15.2,14.1,11.8,11.6,2023105030,2026.8.12,栗東,デクラレーションオブウォー,メイショウガンツ,エースレーシング,三嶋牧場,,
栗東,C,右,20260812,水,6:53,ダンデノン,,牝,3,400,田中克典,,136.8,118.5,99.7,82.3,67.1,52.2,37.1,23.1,11.5,18.3,18.8,17.4,15.2,14.9,15.1,14.0,11.6,11.5,2023103886,2026.8.12,栗東,シルバーステート,インザスポットライト,TNレーシング,レイクヴィラファーム,,
栗東,C,右,20260812,水,6:54,グリーンゴー,,牡,3,0,福永祐一,,,,,83.1,67.4,52.5,37.1,23.1,11.6,,,,15.7,14.9,15.4,14.0,11.5,11.6,2023105294,2026.8.12,栗東,ハービンジャー,シャンボールフィズ,平田修,ノーザンファーム,,
栗東,C,右,20260812,水,6:54,サガルマータ,,牡,3,900,福永祐一,,,,,83.9,68.0,53.1,37.4,23.4,11.6,,,,15.9,14.9,15.7,14.0,11.8,11.6,2023105286,2026.8.12,栗東,コントレイル,コンヴィクション2,前田幸治,ノーザンファーム,,
栗東,C,右,20260812,水,6:54,ドミナント,,牝,2,未出走,福永祐一,,,,,82.1,66.5,51.8,37.1,23.2,11.6,,,,15.6,14.7,14.7,13.9,11.6,11.6,2024106219,2026.8.12,栗東,コントレイル,エスポワール,平田修,ノーザンファーム,,
栗東,C,右,20260812,水,6:55,バーバラップ,,牡,3,0,小崎憲,,141.5,119.9,100.0,81.9,66.2,51.7,37.1,23.1,11.4,21.6,19.9,18.1,15.7,14.5,14.6,14.0,11.7,11.4,2023102471,2026.8.12,栗東,ルーラーシップ,バーバラ,キヨタケ牧場,岡田牧場,,
栗東,C,右,20260812,水,6:55,ヴァーヴイレヴン,,牡,2,未出走,小崎憲,,140.9,119.4,99.5,81.6,65.9,51.4,36.5,22.9,11.4,21.5,19.9,17.9,15.7,14.5,14.9,13.6,11.5,11.4,2024108319,2026.8.12,栗東,"Jack Christopher","Turn and Bern",藤井厚志,"Chester Broman & Mary R. Broman",,
栗東,C,右,20260812,水,6:56,ブラックシールド,,牡,7,2400,小栗実,,138.0,118.1,99.6,82.1,66.8,51.7,37.2,23.5,11.7,19.9,18.5,17.5,15.3,15.1,14.5,13.7,11.8,11.7,2019105197,2026.8.12,栗東,キタサンブラック,ゴールドエッセンス,吉田勝己,ノーザンファーム,,
栗東,C,右,20260812,水,7:00,アーガイルショア,,牝,3,400,安田翔伍,,144.4,123.2,101.7,80.5,65.2,51.5,36.8,23.1,11.4,21.2,21.5,21.2,15.3,13.7,14.7,13.7,11.7,11.4,2023103718,2026.8.12,栗東,ナダル,ベルプラージュ,キャロットファーム,追分ファーム,,
栗東,C,右,20260812,水,7:00,グラシアレスインク,,牡,2,未出走,安田翔伍,,145.0,123.6,102.1,81.1,65.9,51.8,37.0,23.2,11.5,21.4,21.5,21.0,15.2,14.1,14.8,13.8,11.7,11.5,2024106430,2026.8.12,栗東,モーリス,ソブラドラインク,シルクレーシング,ノーザンファーム,,
栗東,C,右,20260812,水,7:00,リボンインザスカイ,,牝,3,0,安田翔伍,,145.9,124.3,102.5,81.1,65.8,51.7,37.0,23.3,11.5,21.6,21.8,21.4,15.3,14.1,14.7,13.7,11.8,11.5,2023104882,2026.8.12,栗東,サートゥルナーリア,ココロノアイ,ターフ・スポート,酒井牧場,,
栗東,C,右,20260812,水,7:01,アリエスキング,,牡,5,900,庄野靖志,,,,,,,50.7,36.4,23.1,11.6,,,,,,14.3,13.3,11.5,11.6,2021101468,2026.8.12,栗東,シニスターミニスター,ピシーズクイーン,三宅勝俊,庄野牧場,,
栗東,C,右,20260812,水,7:05,タガノランパート,,牡,3,0,奥村豊,,,,,,,53.1,37.7,24.0,11.8,,,,,,15.4,13.7,12.2,11.8,2023104330,2026.8.12,栗東,タワーオブロンドン,ボディーダンシング,八木良司,新冠タガノファーム,,
栗東,C,右,20260812,水,7:05,ペルチュザート,,牝,2,未出走,奥村豊,,,,,,,52.8,37.6,23.9,11.7,,,,,,15.2,13.7,12.2,11.7,2024106434,2026.8.12,栗東,スワーヴリチャード,ゾンザ,サンデーレーシング,ノーザンファーム,,
栗東,C,右,20260812,水,7:11,ツーエムマドンナ,,牝,2,未出走,本田優,,154.7,132.9,109.6,89.3,71.2,55.2,39.7,25.3,12.8,21.8,23.3,20.3,18.1,16.0,15.5,14.4,12.5,12.8,2024104245,2026.8.12,栗東,エスポワールシチー,スペランツァーレ,村上憲政,小倉スタッド,,
栗東,C,右,20260812,水,7:11,ランスオブナイト,,牡,2,未出走,本田優,,154.3,132.5,109.2,88.9,70.9,54.8,39.3,24.9,12.4,21.8,23.3,20.3,18.0,16.1,15.5,14.4,12.5,12.4,2024106792,2026.8.12,栗東,シャンハイボビー,ヒロノクイーン,五影隆則,市川牧場,,
栗東,C,右,20260812,水,7:12,ガヤーズランボー,,牡,2,未出走,秋山真一,,140.3,119.7,100.7,84.5,69.6,54.2,38.2,23.2,11.6,20.6,19.0,16.2,14.9,15.4,16.0,15.0,11.6,11.6,2024105526,2026.8.12,栗東,ミスターメロディ,アムールリアン,小谷野宗靖,北星村田牧場,,
栗東,C,右,20260812,水,7:12,クラテロス,,牝,3,0,寺島良,,,,,,,56.2,39.6,24.4,11.9,,,,,,16.6,15.2,12.5,11.9,2023105462,2026.8.12,栗東,ホッコータルマエ,ナイトレイン,市川義美ホールディングス,天羽禮治,,
栗東,C,右,20260812,水,7:12,ミニュイ,,牡,3,0,秋山真一,,140.9,120.2,101.1,84.8,69.9,54.5,38.5,23.5,11.6,20.7,19.1,16.3,14.9,15.4,16.0,15.0,11.9,11.6,2023104866,2026.8.12,栗東,ドレフォン,シンデレラ,インゼルレーシング,杵臼牧場,,
栗東,C,右,20260812,水,7:13,バシリス,,牝,4,400,寺島良,,,,,80.7,65.7,51.8,37.9,24.4,12.5,,,,15.0,13.9,13.9,13.5,11.9,12.5,2022106631,2026.8.12,栗東,シニスターミニスター,キングベイビー,前田幸大,ノースヒルズ,,
栗東,C,右,20260812,水,7:17,キムケンシーサー,,牡,2,0,前川恭子,,,,,88.1,71.4,56.1,40.4,25.5,12.5,,,,16.7,15.3,15.7,14.9,13.0,12.5,2024101140,2026.8.12,栗東,グレーターロンドン,キムケンリアン,木村永浩,モリナガファーム,,
栗東,C,右,20260812,水,7:17,フルーツバスケット,,牡,2,0,前川恭子,,,,,88.8,71.7,56.4,40.5,25.5,12.6,,,,17.1,15.3,15.9,15.0,12.9,12.6,2024104561,2026.8.12,栗東,モーリス,オーソレミオ,鈴木剛史,タイヘイ牧場,,
栗東,C,右,20260812,水,7:21,ナイトシンフォニー,,牝,3,0,今野貞一,,,,,,,56.8,39.9,24.0,11.7,,,,,,16.9,15.9,12.3,11.7,2023103340,2026.8.12,栗東,サトノアラジン,エアシンフォニー,社台レースホース,社台ファーム,,
栗東,C,右,20260812,水,7:21,パラフローラ,,牝,3,0,今野貞一,,,,,,,53.0,37.8,23.8,11.7,,,,,,15.2,14.0,12.1,11.7,2023105646,2026.8.12,栗東,ブリックスアンドモルタル,パラフレーズ,水上千歳,笠松牧場,,
栗東,C,右,20260812,水,7:22,メイショウソウテン,,牡,3,400,鈴木孝志,,179.2,128.1,103.1,83.2,66.5,51.2,36.8,23.5,12.0,51.1,25.0,19.9,16.7,15.3,14.4,13.3,11.5,12.0,2023103180,2026.8.12,栗東,ブリックスアンドモルタル,アスカリアン,松本好隆,藤原牧場,,
栗東,C,右,20260812,水,7:22,リオンプライム,,牝,4,0,鈴木孝志,,176.9,126.1,102.0,82.1,65.8,50.7,36.5,23.4,11.9,50.8,24.1,19.9,16.3,15.1,14.2,13.1,11.5,11.9,2022103100,2026.8.12,栗東,リオンディーズ,スールキートス,ヒダカ・ブリーダーズ・ユニオン,日進牧場,,
栗東,C,右,20260812,水,7:24,エイコーンドリーム,,牝,3,400,河嶋宏樹,,,,,,,55.5,39.2,24.2,12.0,,,,,,16.3,15.0,12.2,12.0,2023104858,2026.8.12,栗東,ルヴァンスレーヴ,エイコーンウィル,ローレルレーシング,杵臼牧場,,
栗東,C,右,20260812,水,7:24,メイショウトム,,牡,5,900,谷潔,,,,,83.7,67.7,52.6,37.6,23.2,11.5,,,,16.0,15.1,15.0,14.4,11.7,11.5,2021110065,2026.8.12,栗東,"Palace Malice","Nothing But Tom",松本好隆,"Kathryn Nikkel",,
栗東,C,右,20260812,水,7:28,シークレットキー,,牡,5,1500,井上智史,,137.1,118.4,99.8,82.2,67.0,52.0,37.0,23.4,11.9,18.7,18.6,17.6,15.2,15.0,15.0,13.6,11.5,11.9,2021105489,2026.8.12,栗東,ドレフォン,キープシークレット,シルクレーシング,ノーザンファーム,,
栗東,C,右,20260812,水,7:48,ハッピーラブソング,,牝,3,400,牧浦充徳,,141.3,122.4,104.0,86.2,69.7,55.5,40.1,25.4,12.8,18.9,18.4,17.8,16.5,14.2,15.4,14.7,12.6,12.8,2023100566,2026.8.12,栗東,バンドワゴン,ハッピーアモーレ,馬場幸夫,雅牧場,,
栗東,C,右,20260812,水,7:49,アルギエバ,,牡,2,未出走,平田修,,142.7,120.5,100.2,81.8,65.9,51.2,36.9,23.4,11.7,22.2,20.3,18.4,15.9,14.7,14.3,13.5,11.7,11.7,2024100499,2026.8.12,栗東,アルクトス,エテルニテ,青山洋一,白井牧場,,
栗東,C,右,20260812,水,7:49,アーリーハーベスト,,牝,3,900,小林真也,,142.3,120.2,100.3,82.0,66.2,51.4,36.5,22.5,11.0,22.1,19.9,18.3,15.8,14.8,14.9,14.0,11.5,11.0,2023107071,2026.8.12,栗東,アドマイヤマーズ,スターズアンドクラウズ,吉田和美,ノーザンファーム,,
栗東,C,右,20260812,水,7:49,ガトー,,牡,3,0,高橋義忠,,,,,81.5,66.6,52.4,37.4,22.9,11.4,,,,14.9,14.2,15.0,14.5,11.5,11.4,2023101650,2026.8.12,栗東,ルヴァンスレーヴ,マダムストーリー,SYレーシング,市川フアーム,,
栗東,C,右,20260812,水,7:49,ケイアイトリノ,,牡,2,未出走,平田修,,142.8,120.6,100.2,81.7,65.9,51.2,36.9,23.3,11.6,22.2,20.4,18.5,15.8,14.7,14.3,13.6,11.7,11.6,2024103401,2026.8.12,栗東,モーリス,ケイアイガーベラ,亀田和弘,新冠橋本牧場,,
栗東,C,右,20260812,水,7:49,タイセイグローバル,,牡,3,0,小林真也,,143.4,121.7,101.9,83.9,67.9,52.4,37.0,22.5,11.0,21.7,19.8,18.0,16.0,15.5,15.4,14.5,11.5,11.0,2023105256,2026.8.12,栗東,アドマイヤマーズ,ラグプリンセス,田中成奉,社台ファーム,,
栗東,C,右,20260812,水,7:50,タイニーワンダー,,牝,3,400,四位洋文,,143.3,125.1,106.7,88.6,71.7,56.4,40.7,25.3,12.4,18.2,18.4,18.1,16.9,15.3,15.7,15.4,12.9,12.4,2023105027,2026.8.12,栗東,ドレフォン,ミッキーグッドネス,フィールドレーシング,三嶋牧場,,
栗東,C,右,20260812,水,7:50,マーゴットマシェリ,,牝,2,0,小林真也,,144.1,124.4,104.7,85.6,69.0,54.2,38.9,23.9,11.6,19.7,19.7,19.1,16.6,14.8,15.3,15.0,12.3,11.6,2024106461,2026.8.12,栗東,スワーヴリチャード,ティッカーコード,前田良平,ノーザンファーム,,
栗東,C,右,20260812,水,7:51,グロリアラウス,,セ,5,2400,斉藤崇史,,141.6,120.4,100.4,82.1,66.1,50.9,35.9,22.8,11.6,21.2,20.0,18.3,16.0,15.2,15.0,13.1,11.2,11.6,2021104830,2026.8.12,栗東,リアルインパクト,アンティフォナ,シルクレーシング,社台コーポレーション白老ファーム,,
栗東,C,右,20260812,水,7:51,サウンドヴィヴァン,,牡,3,0,斉藤崇史,,145.6,123.3,102.8,84.0,67.9,52.5,37.4,24.0,12.5,22.3,20.5,18.8,16.1,15.4,15.1,13.4,11.5,12.5,2023104249,2026.8.12,栗東,シルバーステート,ヴィリエルバクル,増田雄一,飛渡牧場,,
栗東,C,右,20260812,水,7:51,セブンサークル,,牡,2,未出走,畑端省吾,,140.2,119.2,99.6,81.9,66.9,52.4,37.9,23.5,11.8,21.0,19.6,17.7,15.0,14.5,14.5,14.4,11.7,11.8,2024107019,2026.8.12,栗東,アドマイヤマーズ,セブンスセンス,藤田岳彦,社台コーポレーション白老ファーム,,
栗東,C,右,20260812,水,7:51,ダディーズレガリア,,牡,2,未出走,畑端省吾,,140.4,119.2,99.7,81.9,66.9,52.4,37.9,23.5,11.8,21.2,19.5,17.8,15.0,14.5,14.5,14.4,11.7,11.8,2024106809,2026.8.12,栗東,グレーターロンドン,ケイディーズネイル,田島大史,上水牧場,,
栗東,C,右,20260812,水,7:51,ハムタン,,牡,3,0,武幸四郎,,,,,,,54.7,39.3,24.5,12.0,,,,,,15.4,14.8,12.5,12.0,2023103373,2026.8.12,栗東,エピファネイア,カレンブーケドール,TNレーシング,社台ファーム,,
栗東,C,右,20260812,水,7:51,プリズマジコ,,牡,5,900,高橋義忠,,138.4,118.9,100.0,83.0,67.5,52.2,37.4,23.2,11.3,19.5,18.9,17.0,15.5,15.3,14.8,14.2,11.9,11.3,2021106077,2026.8.12,栗東,キズナ,グラントリノ,ニットー商事,大狩部牧場,,
栗東,C,右,20260812,水,7:54,コメットサン,,牝,2,未出走,西園翔太,,139.5,119.0,100.3,84.4,69.6,54.0,38.7,24.0,11.7,20.5,18.7,15.9,14.8,15.6,15.3,14.7,12.3,11.7,2024102161,2026.8.12,栗東,ビッグアーサー,コスモダリア,中辻明,ビクトリーホースランチ,,
栗東,C,右,20260812,水,7:54,レウコテア,,牝,3,0,西園翔太,,140.2,119.3,100.6,84.3,69.6,53.9,38.6,24.0,11.6,20.9,18.7,16.3,14.7,15.7,15.3,14.6,12.4,11.6,2023103787,2026.8.12,栗東,ゴールドシップ,スアデラ,G1レーシング,社台コーポレーション白老ファーム,,
栗東,C,右,20260812,水,7:56,ダイメイプリンス,,牡,3,0,森田直行,,140.6,119.9,101.1,83.7,68.6,53.6,38.5,24.5,12.4,20.7,18.8,17.4,15.1,15.0,15.1,14.0,12.1,12.4,2023101606,2026.8.12,栗東,シルバーステート,ダイメイプリンセス,宮本孝一,横井哲,,
栗東,C,右,20260812,水,7:56,ヴォーゲ,,牡,3,0,森田直行,,141.2,120.3,101.3,84.0,68.8,53.8,38.5,24.4,12.2,20.9,19.0,17.3,15.2,15.0,15.3,14.1,12.2,12.2,2023106342,2026.8.12,栗東,アルバート,シャープスティーン,林正道,村上欽哉,,
栗東,C,右,20260812,水,7:59,ウイナーズナイン,,牡,3,1000,小栗実,,,,,84.1,68.1,52.9,37.3,23.1,11.5,,,,16.0,15.2,15.6,14.2,11.6,11.5,2023102820,2026.8.12,栗東,エピファネイア,ディヴィニティ,エムズレーシング,高橋フアーム,,
栗東,C,右,20260812,水,7:59,サンクサンス,,牝,2,未出走,小栗実,,,,,84.0,68.0,52.8,37.3,23.2,11.7,,,,16.0,15.2,15.5,14.1,11.5,11.7,2024103392,2026.8.12,栗東,"American Pharoah",エリーズスマイル,フォレストレーシング,新冠橋本牧場,,
栗東,C,右,20260812,水,7:59,ジーティーマン,,牡,4,900,小栗実,,,,,80.8,64.8,50.1,35.7,22.4,11.3,,,,16.0,14.7,14.4,13.3,11.1,11.3,2022104715,2026.8.12,栗東,モーリス,オーロラエンブレム,田畑利彦,ノーザンファーム,,
栗東,C,右,20260812,水,7:59,ダノンステート,,牡,3,0,千田輝彦,,,,,,,49.2,36.0,23.6,12.2,,,,,,13.2,12.4,11.4,12.2,2023105024,2026.8.12,栗東,シルバーステート,マダムヴェステル,ダノックス,三嶋牧場,,
栗東,C,右,20260812,水,7:59,ルルフィーユ,,牝,5,490,谷潔,,163.7,133.9,107.2,85.0,67.0,51.4,37.2,23.7,11.8,29.8,26.7,22.2,18.0,15.6,14.2,13.5,11.9,11.8,2021102894,2026.8.12,栗東,マクフィ,デューフォール,酒井孝敏,谷川牧場,,
栗東,C,右,20260812,水,8:01,テーオーグレーザー,,牡,3,1500,藤岡健一,,,,,82.0,64.4,49.5,35.3,22.4,11.2,,,,17.6,14.9,14.2,12.9,11.2,11.2,2023104562,2026.8.12,栗東,マテラスカイ,マリンブラスト,小笹公也,松木加代,,
栗東,C,右,20260812,水,8:01,ファイツオン,,牡,5,900,藤岡健一,,,,,82.7,65.0,50.1,35.7,22.6,11.3,,,,17.7,14.9,14.4,13.1,11.3,11.3,2021100476,2026.8.12,栗東,アルアイン,ソラコマチ,前田幸治,村上牧場,,
栗東,C,右,20260812,水,8:03,ボールドペイト,,牡,3,0,千田輝彦,,,,,87.0,70.4,55.0,39.2,24.2,11.9,,,,16.6,15.4,15.8,15.0,12.3,11.9,2023104350,2026.8.12,栗東,アメリカンペイトリオット,ラブカーナ,増田陽一,新冠橋本牧場,,
栗東,C,右,20260812,水,8:03,リチュアル,,セ,7,2130,千田輝彦,,,,,86.2,68.6,53.4,37.9,23.3,11.3,,,,17.6,15.2,15.5,14.6,12.0,11.3,2019106748,2026.8.12,栗東,キングカメハメハ,メイデイローズ,長谷川祐司,矢野牧場,,
栗東,C,右,20260812,水,8:04,ジャーヴィス,,牡,6,1500,千田輝彦,,,,,89.6,72.9,56.5,40.6,25.9,13.1,,,,16.7,16.4,15.9,14.7,12.8,13.1,2020103902,2026.8.12,栗東,ビーチパトロール,ジェルヴェーズ,ノルマンディーサラブレッドレーシング,岡田スタツド,,
栗東,C,右,20260812,水,8:19,カレンワッツアップ,,牡,5,900,小林真也,,146.4,125.0,105.5,87.5,70.9,55.2,39.4,24.5,11.9,21.4,19.5,18.0,16.6,15.7,15.8,14.9,12.6,11.9,2021104321,2026.8.12,栗東,キズナ,ホワットアスポット,鈴木隆司,服部牧場,,
栗東,C,右,20260812,水,8:19,マーゴットショット,,牡,3,0,小林真也,,144.0,123.0,104.0,86.2,70.2,54.8,39.0,24.3,11.9,21.0,19.0,17.8,16.0,15.4,15.8,14.7,12.4,11.9,2023100899,2026.8.12,栗東,ダノンスマッシュ,アッフェルマーレ,前田良平,下河辺牧場,,
栗東,C,右,20260812,水,8:29,ウェンロック,,牡,3,未出走,藤岡健一,,,,,83.9,67.5,53.0,37.8,23.6,11.7,,,,16.4,14.5,15.2,14.2,11.9,11.7,2023101121,2026.8.12,栗東,アメリカンペイトリオット,サマリーズ,ゴドルフィン,ダーレー・ジャパン・ファーム,,
栗東,C,右,20260812,水,8:29,グランメドウ,,牡,5,400,藤岡健一,,,,,84.1,67.7,53.2,38.1,23.9,11.8,,,,16.4,14.5,15.1,14.2,12.1,11.8,2021110107,2026.8.12,栗東,"American Pharoah","Meadow Breeze",前原敏行,"Betz/D. J. Stables/CoCo/Burns/American Pharoah Syndicate",,
栗東,C,右,20260812,水,8:29,プチプランス,,牡,4,400,藤岡健一,,,,,82.9,66.6,52.3,37.3,23.3,11.4,,,,16.3,14.3,15.0,14.0,11.9,11.4,2022101565,2026.8.12,栗東,リアルスティール,シャイスター,ノースヒルズ,スマイルファーム,,
美浦,D,左,20260812,水,4:58,アルセナール,,牝,5,2050,木村哲也,154.9,133.5,114.1,95.9,79.3,64.5,51.0,37.0,23.5,11.6,19.4,18.2,16.6,14.8,13.5,14.0,13.5,11.9,11.6,2021105548,2026.8.12,美浦,エピファネイア,サンブルエミューズ,キャロットファーム,ノーザンファーム,,
美浦,D,左,20260812,水,4:58,カウンターセブン,,牡,4,1500,村田一誠,,,,,,,53.5,37.8,24.4,11.7,,,,,,15.7,13.4,12.7,11.7,2022104197,2026.8.12,美浦,ロジャーバローズ,オールフラッグズフライング,フィールドレーシング,飛野牧場,,
美浦,D,左,20260812,水,4:58,カザンラク,,牡,4,400,嘉藤貴行,161.0,138.9,120.0,100.7,81.9,65.6,50.5,36.2,22.9,11.0,18.9,19.3,18.8,16.3,15.1,14.3,13.3,11.9,11.0,2022104666,2026.8.12,美浦,シルバーステート,ヴィアンローズ,キャロットファーム,ノーザンファーム,,
美浦,D,左,20260812,水,4:58,ココナッツコースト,,牝,3,0,木村哲也,159.4,137.2,117.4,98.9,82.4,67.1,52.1,37.7,24.3,11.7,19.8,18.5,16.5,15.3,15.0,14.4,13.4,12.6,11.7,2023103366,2026.8.12,美浦,モーリス,カウアイレーン,社台レースホース,社台ファーム,,
美浦,D,左,20260812,水,4:58,コスモサガルマータ,,セ,6,1500,嘉藤貴行,158.9,137.7,119.0,99.8,81.2,64.9,49.9,35.8,22.8,11.0,18.7,19.2,18.6,16.3,15.0,14.1,13.0,11.8,11.0,2020103881,2026.8.12,美浦,ヴィクトワールピサ,エーソングフォー,ビッグレッドファーム,岡田スタツド,,
美浦,D,左,20260812,水,4:58,チェルヴィニア,,牝,5,15800,木村哲也,156.0,134.0,114.6,96.3,79.7,64.9,51.3,37.3,23.9,11.7,19.4,18.3,16.6,14.8,13.6,14.0,13.4,12.2,11.7,2021105643,2026.8.12,美浦,ハービンジャー,チェッキーノ,サンデーレーシング,ノーザンファーム,,
美浦,D,左,20260812,水,4:58,ピーターサイト,,セ,6,0,村田一誠,162.5,140.0,119.6,100.8,83.6,68.1,52.9,38.7,24.5,11.5,20.4,18.8,17.2,15.5,15.2,14.2,14.2,13.0,11.5,2020105611,2026.8.12,美浦,ワンアンドオンリー,ヴィクトリアアイ,ノースヒルズ,ノースヒルズ,,
美浦,D,左,20260812,水,4:58,ライネリーベ,,牝,4,400,木村哲也,160.5,137.5,117.7,99.3,82.7,67.5,52.4,38.0,24.5,11.7,19.8,18.4,16.6,15.2,15.1,14.4,13.5,12.8,11.7,2022105184,2026.8.12,美浦,サトノダイヤモンド,ロスヴァイセ,DMMドリームクラブ,ノーザンファーム,,
美浦,D,左,20260812,水,4:59,ウィンスタンリー,,牡,4,400,黒岩陽一,166.0,141.0,120.3,100.9,83.6,67.3,51.8,37.3,23.9,11.5,20.7,19.4,17.3,16.3,15.5,14.5,13.4,12.4,11.5,2022104684,2026.8.12,美浦,リアルスティール,エディスワートン,キャロットファーム,ノーザンファーム,,
美浦,D,左,20260812,水,4:59,オモチ,,牝,2,未出走,加藤和宏,169.2,145.1,125.2,105.9,88.7,72.8,56.2,40.0,24.8,11.8,19.9,19.3,17.2,15.9,16.6,16.2,15.2,13.0,11.8,2024103660,2026.8.12,美浦,アドマイヤマーズ,ゴッコ,金森圭史朗,プログレスファーム,,
美浦,D,左,20260812,水,4:59,ゴーストミステリー,,牡,2,未出走,黒岩陽一,164.9,140.2,119.8,100.3,83.5,66.9,51.4,37.1,23.7,11.6,20.4,19.5,16.8,16.6,15.5,14.3,13.4,12.1,11.6,2024105699,2026.8.12,美浦,Ghostzapper,スライミー,小島章義,レースホース牧場,,
美浦,D,左,20260812,水,4:59,シャドウメテオ,,牝,4,1500,金成貴史,163.9,142.3,122.6,103.0,85.0,68.5,52.9,38.2,24.6,12.3,19.7,19.6,18.0,16.5,15.6,14.7,13.6,12.3,12.3,2022105454,2026.8.12,美浦,オルフェーヴル,パールシャドウ,飯塚知一,社台ファーム,,
美浦,D,左,20260812,水,4:59,シュガーハイ,,牡,4,400,加藤和宏,169.8,145.5,125.5,106.3,88.9,72.8,56.2,40.0,24.7,11.7,20.0,19.2,17.4,16.1,16.6,16.2,15.3,13.0,11.7,2022104177,2026.8.12,美浦,リオンディーズ,ミリオンセラー2,シュガーベイビーサラブレッドクラブ,千代田牧場,,
美浦,D,左,20260812,水,4:59,ダノンタッチダウン,,セ,6,2550,堀宣行,,,,,83.9,65.9,51.1,36.3,23.1,11.5,,,,18.0,14.8,14.8,13.2,11.6,11.5,2020103277,2026.8.12,美浦,ロードカナロア,エピックラヴ,ダノックス,ノーザンファーム,,
美浦,D,左,20260812,水,4:59,ディレクティオ,,牝,3,0,金成貴史,165.3,141.9,123.3,103.8,86.3,69.5,52.7,37.5,23.9,11.5,18.6,19.5,17.5,16.8,16.8,15.2,13.6,12.4,11.5,2023102796,2026.8.12,美浦,ニューイヤーズデイ,アメイジングライフ,尾上寿夫,タイヘイ牧場,,
美浦,D,左,20260812,水,4:59,トーアアイギス,,牝,5,1500,村田一誠,167.4,144.0,123.6,103.6,85.3,68.3,53.0,38.5,24.7,11.8,20.4,20.0,18.3,17.0,15.3,14.5,13.8,12.9,11.8,2021105334,2026.8.12,美浦,レッドファルクス,トーアアテナ,高山ランド,トーア牧場,,
美浦,D,左,20260812,水,4:59,バーヴァンシー,,牝,3,0,村田一誠,173.1,148.6,126.2,105.2,85.5,68.1,52.3,37.6,24.2,11.9,22.4,21.0,19.7,17.4,15.8,14.7,13.4,12.3,11.9,2023104394,2026.8.12,美浦,リオンリオン,スイートメドゥーサ,ノースヒルズ,ノースヒルズ,,
美浦,D,左,20260812,水,4:59,マリノエスプレッソ,,牝,2,0,村田一誠,172.6,148.0,125.8,104.9,85.4,68.1,52.6,38.1,24.7,12.4,22.2,20.9,19.5,17.3,15.5,14.5,13.4,12.3,12.4,2024100292,2026.8.12,美浦,マテラスカイ,マリノエクスプレス,矢野雅子,クラウン日高牧場,,
美浦,D,左,20260812,水,4:59,モーニンムスメ,,牝,3,0,加藤和宏,168.7,144.5,124.7,105.5,88.6,72.8,56.2,40.1,24.9,12.0,19.8,19.2,16.9,15.8,16.6,16.1,15.2,12.9,12.0,2023104693,2026.8.12,美浦,モーニン,スターライトジャズ,大田恭充,メイタイファーム,,
美浦,D,左,20260812,水,5:00,クラウドセイル,,牡,6,400,堀内岳志,,,,,86.9,69.4,53.8,38.9,24.8,11.5,,,,17.5,15.6,14.9,14.1,13.3,11.5,2020102552,2026.8.12,美浦,シルバーステート,クリッパールート,G1レーシング,追分ファーム,,
美浦,D,左,20260812,水,5:00,グリオンヴール,,牡,3,400,宮田敬介,,,,,84.1,66.9,51.4,37.1,23.7,11.2,,,,17.2,15.5,14.3,13.4,12.5,11.2,2023106883,2026.8.12,美浦,エピファネイア,イーデンキー,キャロットファーム,ノーザンファーム,,
美浦,D,左,20260812,水,5:00,サトノパトリオット,,セ,4,1500,木村哲也,,,,,84.5,67.6,51.9,37.8,24.0,11.5,,,,16.9,15.7,14.1,13.8,12.5,11.5,2022104907,2026.8.12,美浦,レイデオロ,ティファニーズオナー,里見治,ノーザンファーム,,
美浦,D,左,20260812,水,5:00,ジップスパーク,,牡,2,未出走,中舘英二,,,,,82.4,66.1,51.5,37.5,23.8,11.6,,,,16.3,14.6,14.0,13.7,12.2,11.6,2024105893,2026.8.12,美浦,オルフェーヴル,ジペッサ,廣崎智子,社台ファーム,,
美浦,D,左,20260812,水,5:00,ジャガード,,牡,8,900,和田雄二,,,,,88.0,69.1,52.9,38.1,24.2,11.9,,,,18.9,16.2,14.8,13.9,12.3,11.9,2018103485,2026.8.12,美浦,トーセンラー,オーガンディー,栗坂崇,岡田スタツド,,
美浦,D,左,20260812,水,5:00,スタンダールロマン,,牝,3,0,堀内岳志,,,,,85.7,68.2,53.0,38.3,24.3,11.4,,,,17.5,15.2,14.7,14.0,12.9,11.4,2023105725,2026.8.12,美浦,キタサンブラック,レッドムーヴ,木村牧場,木村牧場,,
美浦,D,左,20260812,水,5:00,センターアイランド,,牡,2,0,嘉藤貴行,,,,,85.7,68.0,52.2,37.6,24.0,11.8,,,,17.7,15.8,14.6,13.6,12.2,11.8,2024100561,2026.8.12,美浦,エフフォーリア,レディミスティファイ,中島照夫,シンボリ牧場,,
美浦,D,左,20260812,水,5:00,ゾロアストロ,,牡,3,3200,宮田敬介,,,,,84.8,67.4,52.0,37.6,24.1,11.2,,,,17.4,15.4,14.4,13.5,12.9,11.2,2023106850,2026.8.12,美浦,モーリス,アルミレーナ,サンデーレーシング,ノーザンファーム,,
美浦,D,左,20260812,水,5:00,ハイティー,,牝,3,0,木村哲也,,,,,84.6,67.4,52.4,37.7,23.6,11.2,,,,17.2,15.0,14.7,14.1,12.4,11.2,2023107310,2026.8.12,美浦,ミスターメロディ,リズムオブラヴ,保坂和孝,ノーザンファーム,,
美浦,D,左,20260812,水,5:00,ビップラージャ,,牡,2,未出走,嘉藤貴行,,,,,86.3,68.5,52.6,37.7,24.1,11.8,,,,17.8,15.9,14.9,13.6,12.3,11.8,2024102782,2026.8.12,美浦,グレーターロンドン,ルピナスベル,鈴木邦英,ヒダカフアーム,,
美浦,D,左,20260812,水,5:00,ピラニアキッス,,牝,4,180,嘉藤貴行,,,,,84.5,67.0,51.4,37.1,23.8,11.6,,,,17.5,15.6,14.3,13.3,12.2,11.6,2022101599,2026.8.12,美浦,ルーラーシップ,トーホウアイレス,東豊物産,竹島幸治,,
美浦,D,左,20260812,水,5:00,ブルージャイアント,,牡,4,400,蛯名正義,,,,,90.2,72.0,55.8,40.7,25.9,12.4,,,,18.2,16.2,15.1,14.8,13.5,12.4,2022101450,2026.8.12,美浦,サンダースノー,ブルーチッパー,青山洋一,下河辺牧場,,
美浦,D,左,20260812,水,5:00,ベルウッドピース,,牡,3,400,中舘英二,,,,,85.4,68.7,53.4,38.6,24.7,12.3,,,,16.7,15.3,14.8,13.9,12.4,12.3,2023101642,2026.8.12,美浦,マジェスティックウォリアー,アオイシチフク,鈴木正一,市川フアーム,,
美浦,D,左,20260812,水,5:00,ホウオウビリーヴ,,牡,2,0,木村哲也,,,,,85.3,67.9,52.2,37.9,24.1,11.5,,,,17.4,15.7,14.3,13.8,12.6,11.5,2024106585,2026.8.12,美浦,インディチャンプ,ベルアリュール2,小笹芳央,ノーザンファーム,,
美浦,D,左,20260812,水,5:00,ホットジュピター,,牝,3,0,千葉直人,152.8,133.1,118.4,100.6,83.1,68.0,53.7,39.7,25.7,12.9,14.7,17.8,17.5,15.1,14.3,14.0,14.0,12.8,12.9,2023101396,2026.8.12,美浦,スワーヴリチャード,サクソンブライド,阿部秀夫,"Blooming Farm",,
美浦,D,左,20260812,水,5:00,ランブルスコ,,牡,3,400,蛯名正義,,,,,89.9,71.8,55.6,40.5,25.8,12.4,,,,18.1,16.2,15.1,14.7,13.4,12.4,2023107013,2026.8.12,美浦,キタサンブラック,サマーハ,金子真人ホールディングス,ノーザンファーム,,
美浦,D,左,20260812,水,5:00,ロインクロス,,牡,2,未出走,中舘英二,,,,,83.9,67.3,52.0,37.6,23.9,11.6,,,,16.6,15.3,14.4,13.7,12.3,11.6,2024105759,2026.8.12,美浦,リアルスティール,インランジェリー,吉田照哉,社台ファーム,,
美浦,D,左,20260812,水,5:01,オウケンハニー,,牝,3,400,岩戸孝樹,,,,,85.4,69.3,54.1,39.4,25.0,11.7,,,,16.1,15.2,14.7,14.4,13.3,11.7,2023106936,2026.8.12,美浦,ダンカーク,オウケンビリーヴ,福井明,ノーザンファーム,,
美浦,D,左,20260812,水,5:01,カナデルペガサス,,牝,2,未出走,尾形和幸,,,,,86.4,69.0,52.6,38.4,24.5,11.9,,,,17.4,16.4,14.2,13.9,12.6,11.9,2024101108,2026.8.12,美浦,ステルヴィオ,ビクトリアペガサス,佐山元章,槇本牧場,,
美浦,D,左,20260812,水,5:01,コスモノーチラス,,牡,2,未出走,伊藤大士,305.6,274.7,246.2,,88.4,71.0,53.9,38.6,24.4,11.4,28.5,,,17.4,17.1,15.3,14.2,13.0,11.4,2024103621,2026.8.12,美浦,ゴールドシップ,フリード,ビッグレッドファーム,ビッグレッドファーム,,
美浦,D,左,20260812,水,5:01,サプーズ,,牝,3,0,伊藤大士,295.4,264.2,235.7,,87.3,68.1,52.0,37.6,24.4,11.7,28.5,,,19.2,16.1,14.4,13.2,12.7,11.7,2023103700,2026.8.12,美浦,サトノダイヤモンド,ソワー,ニッシンホールディングス,追分ファーム,,
美浦,D,左,20260812,水,5:01,シーグルロス,,牝,3,900,尾形和幸,,,,,86.8,69.3,53.0,38.6,24.6,11.9,,,,17.5,16.3,14.4,14.0,12.7,11.9,2023100214,2026.8.12,美浦,フィレンツェファイア,ディヴァインクレア,伊藤正樹,土田農場,,
美浦,D,左,20260812,水,5:01,ディスペアーホープ,,牡,2,0,小手川準,,,,,87.4,69.1,53.4,38.5,24.6,11.5,,,,18.3,15.7,14.9,13.9,13.1,11.5,2024100615,2026.8.12,美浦,ステルヴィオ,トーホウハニー,東豊物産,竹島幸治,,
美浦,D,左,20260812,水,5:01,デスサイズ,,牡,3,400,小手川準,,,,,88.6,70.1,54.5,39.7,25.3,11.6,,,,18.5,15.6,14.8,14.4,13.7,11.6,2023101085,2026.8.12,美浦,シスキン,トーホウハニー,東豊物産,竹島幸治,,
美浦,D,左,20260812,水,5:01,ハンデンブレイズ,,牡,2,0,伊藤大士,311.7,279.0,248.3,,89.3,71.3,54.2,38.9,24.6,11.3,30.7,,,18.0,17.1,15.3,14.3,13.3,11.3,2024105416,2026.8.12,美浦,ファインニードル,ハタノディアマンテ,坂田行夫,土田和男,,
美浦,D,左,20260812,水,5:01,バイアブランカ,,牝,3,0,古賀慎明,,,,,82.4,66.7,51.1,37.5,24.3,11.8,,,,15.7,15.6,13.6,13.2,12.5,11.8,2023103588,2026.8.12,美浦,イスラボニータ,リベルタンゴ,村野康司,社台ファーム,,
美浦,D,左,20260812,水,5:01,フォルスラヴィ,,牡,2,未出走,伊藤大士,999.9,999.9,999.9,999.9,86.8,67.7,51.6,37.3,24.2,11.6,99.9,99.9,99.9,19.1,16.1,14.3,13.1,12.6,11.6,2024108281,2026.8.12,美浦,"Mystic Guide",Melodic,YMホース,"Clarkland Farm LLC",,
美浦,D,左,20260812,水,5:01,モストロ,,牡,3,0,勢司和浩,,,,,82.9,65.4,50.1,36.5,24.1,12.3,,,,17.5,15.3,13.6,12.4,11.8,12.3,2023100893,2026.8.12,美浦,インディチャンプ,プレアデスマリーン,小島將之,鹿戸和幸,,
美浦,D,左,20260812,水,5:01,ライヴテキーラ,,牝,2,未出走,牧光二,,,,,86.2,68.3,52.9,38.1,24.4,11.9,,,,17.9,15.4,14.8,13.7,12.5,11.9,2024103814,2026.8.12,美浦,ジャスタウェイ,ガートルード,澤田孝之,三村卓也,,
美浦,D,左,20260812,水,5:01,レイランディ,,牡,3,0,古賀慎明,,,,,84.1,67.9,52.0,38.1,24.6,11.9,,,,16.2,15.9,13.9,13.5,12.7,11.9,2023103506,2026.8.12,美浦,ジャスタウェイ,パールサイド,グリーンファーム,社台ファーム,,
美浦,D,左,20260812,水,5:01,ヴェントベローチェ,,牡,3,0,勢司和浩,,,,,82.1,64.8,49.6,35.9,23.5,11.8,,,,17.3,15.2,13.7,12.4,11.7,11.8,2023103133,2026.8.12,美浦,ダノンプレミアム,ケイココサージュ,丸山竜一,藤沢牧場,,
美浦,D,左,20260812,水,5:02,アージェンタイド,,牡,3,0,秋本大介,,,,,83.8,66.5,50.8,37.2,24.3,12.1,,,,17.3,15.7,13.6,12.9,12.2,12.1,2023102411,2026.8.12,美浦,ブラックタイド,ブランメジェール,ノルマンディーサラブレッドレーシング,岡田スタツド,,
美浦,D,左,20260812,水,5:02,オルグジェシダ,,牝,4,400,宮田敬介,,,,,86.2,68.5,52.9,38.1,24.2,11.7,,,,17.7,15.6,14.8,13.9,12.5,11.7,2022104875,2026.8.12,美浦,モーリス,ソシアルクラブ,サンデーレーシング,ノーザンファーム,,
美浦,D,左,20260812,水,5:02,コスモマルーン,,牝,6,860,秋本大介,,,,,82.2,65.9,50.3,36.8,23.8,11.9,,,,16.3,15.6,13.5,13.0,11.9,11.9,2020105350,2026.8.12,美浦,ロージズインメイ,コスモキララ,酒井孝敏,竹中牧場,,
美浦,D,左,20260812,水,5:02,コンフィアンサ,,牝,3,0,菊川正達,,,,,87.2,68.8,53.4,38.9,24.6,12.0,,,,18.4,15.4,14.5,14.3,12.6,12.0,2023102342,2026.8.12,美浦,ミスターメロディ,ロマネクイーン,山本三津子,上野正恵,,
美浦,D,左,20260812,水,5:02,サクセスボーイ,,牡,2,0,相沢郁,,,,,84.0,66.9,52.4,38.4,24.7,12.3,,,,17.1,14.5,14.0,13.7,12.4,12.3,2024101195,2026.8.12,美浦,アルアイン,サドキンザン,田村彰夫,門別山際牧場,,
美浦,D,左,20260812,水,5:02,ジーククローネ,,セ,6,400,宮田敬介,,,,,85.3,67.8,52.2,37.7,24.1,11.6,,,,17.5,15.6,14.5,13.6,12.5,11.6,2020103537,2026.8.12,美浦,サトノクラウン,パーフェクトマッチ,DMMドリームクラブ,ノーザンファーム,,
美浦,D,左,20260812,水,5:02,スプランドゥール,,牡,5,1220,和田雄二,,,,,85.4,67.0,50.6,35.5,22.8,11.5,,,,18.4,16.4,15.1,12.7,11.3,11.5,2021100623,2026.8.12,美浦,シルバーステート,チェリーシェル,ターフ・スポート,荻伏服部牧場,,
美浦,D,左,20260812,水,5:02,パッションリッチ,,牡,4,900,久保田貴,,,,,86.2,69.4,54.1,38.9,24.3,11.3,,,,16.8,15.3,15.2,14.6,13.0,11.3,2022105390,2026.8.12,美浦,ドゥラメンテ,セータコローナ,宇田豊,社台ファーム,,
美浦,D,左,20260812,水,5:02,ブラボーワン,,牡,2,0,相沢郁,,,,,84.2,66.9,52.3,38.4,24.7,12.2,,,,17.3,14.6,13.9,13.7,12.5,12.2,2024102820,2026.8.12,美浦,タワーオブロンドン,ステップシュート,瀬野尾裕久,三好牧場,,
美浦,D,左,20260812,水,5:02,プレミアブルー,,牡,4,0,菊川正達,,,,,90.3,71.8,55.5,40.3,25.6,12.2,,,,18.5,16.3,15.2,14.7,13.4,12.2,2022102387,2026.8.12,美浦,トーセンラー,ナイキアムール,蕭敬意,原田新治,,
美浦,D,左,20260812,水,5:02,マイネルアレス,,牡,4,900,相沢郁,,,,,84.7,67.8,52.7,38.6,25.0,12.5,,,,16.9,15.1,14.1,13.6,12.5,12.5,2022106817,2026.8.12,美浦,スクリーンヒーロー,リープフラウミルヒ,サラブレッドクラブ・ラフィアン,ビッグレッドファーム,,
美浦,D,左,20260812,水,5:02,ユタライト,,牝,2,0,宮田敬介,,,,,85.7,68.1,52.6,37.9,24.1,11.6,,,,17.6,15.5,14.7,13.8,12.5,11.6,2024106664,2026.8.12,美浦,ロードカナロア,ユナカイト,シルクレーシング,ノーザンファーム,,
美浦,D,左,20260812,水,5:02,ヨドノプレミアム,,牡,2,未出走,菊川正達,,,,,86.7,68.8,53.5,39.0,24.6,12.0,,,,17.9,15.3,14.5,14.4,12.6,12.0,2024102735,2026.8.12,美浦,ダノンプレミアム,サフランハーモニー,海原聖一,林農場,,
美浦,D,左,20260812,水,5:02,ヴァルブロッサ,,牝,2,未出走,久保田貴,,,,,85.5,68.6,53.4,38.4,24.0,11.3,,,,16.9,15.2,15.0,14.4,12.7,11.3,2024102429,2026.8.12,美浦,カラヴァッジオ,バイカターキン,梅田牧場,梅田牧場,,
美浦,D,左,20260812,水,5:03,アッティーヤ,,牝,2,未出走,鹿戸雄一,,,,,89.7,72.3,55.5,38.7,24.2,11.7,,,,17.4,16.8,16.8,14.5,12.5,11.7,2024100669,2026.8.12,美浦,Ghaiyyath,テルツェットウ,H.H.シェイク・ハムダン,ダーレー・ジャパン・ファーム,,
美浦,D,左,20260812,水,5:03,アビヤント,,牡,3,400,鹿戸雄一,,,,,91.7,73.0,55.1,38.4,24.1,11.5,,,,18.7,17.9,16.7,14.3,12.6,11.5,2023104398,2026.8.12,美浦,モーリス,スパイクナード,ノースヒルズ,ノースヒルズ,,
美浦,D,左,20260812,水,5:03,アンシュウマト,,牡,3,400,中川公成,,,,,83.8,67.6,52.1,37.6,23.7,11.4,,,,16.2,15.5,14.5,13.9,12.3,11.4,2023101929,2026.8.12,美浦,マクフィ,オクシペタルム,ウエスト.フォレスト.ステイブル,高村伸一,,
美浦,D,左,20260812,水,5:03,エヴィーヴァ,,牝,3,0,鹿戸雄一,,,,,92.3,73.4,55.2,38.3,24.0,11.7,,,,18.9,18.2,16.9,14.3,12.3,11.7,2023106997,2026.8.12,美浦,エピファネイア,ケイティーズハート,キャロットファーム,ノーザンファーム,,
美浦,D,左,20260812,水,5:03,キョウエイフロイデ,,牝,5,1500,中川公成,,,,,86.5,69.6,55.6,40.5,25.9,12.3,,,,16.9,14.0,15.1,14.6,13.6,12.3,2021101053,2026.8.12,美浦,サトノクラウン,ケイティバローズ,田中晴夫,天羽禮治,,
美浦,D,左,20260812,水,5:03,コスモコジオスコ,,牝,2,未出走,鹿戸雄一,,,,,89.5,72.3,55.5,38.8,24.5,12.0,,,,17.2,16.8,16.7,14.3,12.5,12.0,2024103599,2026.8.12,美浦,ゴールドシップ,サザンスピード,ビッグレッドファーム,ビッグレッドファーム,,
美浦,D,左,20260812,水,5:03,サクラアドリア,,牡,4,400,尾関知人,,,,,84.7,66.7,51.6,37.2,23.5,11.4,,,,18.0,15.1,14.4,13.7,12.1,11.4,2022104092,2026.8.12,美浦,イスラボニータ,サクラフルーレ,さくらコマース,谷岡牧場,,
美浦,D,左,20260812,水,5:03,ジャックナダル,,牡,3,400,伊坂重信,,,,,84.6,67.5,52.5,38.0,24.1,11.4,,,,17.1,15.0,14.5,13.9,12.7,11.4,2023100803,2026.8.12,美浦,ナダル,ブロッサムレーン,辻高史,クラウン日高牧場,,
美浦,D,左,20260812,水,5:03,ジュンヴィヴァン,,牡,3,0,伊坂重信,,,,,83.6,66.9,52.0,37.7,23.9,11.4,,,,16.7,14.9,14.3,13.8,12.5,11.4,2023106770,2026.8.12,美浦,ジュンツバサ,ジュンクミチャン,河合純二,和田洋平,,
美浦,D,左,20260812,水,5:03,ソフィア,,牝,3,0,鹿戸雄一,,,,,92.9,73.9,55.4,38.5,24.1,11.7,,,,19.0,18.5,16.9,14.4,12.4,11.7,2023107088,2026.8.12,美浦,リアルスティール,ソブラドラインク,フィールドレーシング,ノーザンファーム,,
美浦,D,左,20260812,水,5:03,タイセイアディクト,,牡,5,1500,池上昌和,,,,,84.6,67.3,52.8,38.0,24.1,11.8,,,,17.3,14.5,14.8,13.9,12.3,11.8,2021106126,2026.8.12,美浦,リオンディーズ,スコルピオンキッス,田中成奉,カミイスタット,,
美浦,D,左,20260812,水,5:03,タイセイリッター,,牡,2,未出走,新開幸一,,,,,84.1,66.9,51.9,38.0,24.7,12.0,,,,17.2,15.0,13.9,13.3,12.7,12.0,2024100824,2026.8.12,美浦,タイセイレジェンド,チャンダナ,田中成奉,ナカノファーム,,
美浦,D,左,20260812,水,5:03,ドゥレッツァ,,牡,6,23750,尾関知人,,,,,85.4,67.4,52.3,37.6,23.6,11.4,,,,18.0,15.1,14.7,14.0,12.2,11.4,2020103650,2026.8.12,美浦,ドゥラメンテ,モアザンセイクリッド,キャロットファーム,ノーザンファーム,,
美浦,D,左,20260812,水,5:03,ノーブルライナー,,牡,4,0,中川公成,,,,,87.1,70.4,55.9,40.9,26.0,12.3,,,,16.7,14.5,15.0,14.9,13.7,12.3,2022104275,2026.8.12,美浦,マツリダゴッホ,ノーブルルージュ,吉木伸彦,橋本牧場,,
美浦,D,左,20260812,水,5:03,パレホ,,牝,3,0,中川公成,,,,,85.2,68.7,53.2,38.4,24.4,11.9,,,,16.5,15.5,14.8,14.0,12.5,11.9,2023100985,2026.8.12,美浦,スワーヴリチャード,スターライラック,庄野宏志,庄野牧場,,
美浦,D,左,20260812,水,5:03,ラッキーダンス,,牝,4,0,新開幸一,,,,,84.5,67.1,52.1,38.1,24.7,11.9,,,,17.4,15.0,14.0,13.4,12.8,11.9,2022106116,2026.8.12,美浦,カリフォルニアクローム,カーナヴァル,平川三津,オリエント牧場,,
美浦,D,左,20260812,水,5:03,レプレセンタル,,牡,3,0,池上昌和,,,,,85.5,68.0,53.2,38.2,24.2,11.8,,,,17.5,14.8,15.0,14.0,12.4,11.8,2023103624,2026.8.12,美浦,ジャスタウェイ,サクレディーヴァ,ノースヒルズ,アスラン,,
美浦,D,左,20260812,水,5:03,ワンモアタイム,,牝,2,未登録,,,,,,88.9,72.2,55.6,38.9,24.4,11.8,,,,16.7,16.6,16.7,14.5,12.6,11.8,2024104562,2026.8.12,,エピファネイア,グレイトペイジ,,タイヘイ牧場,,
美浦,D,左,20260812,水,5:03,ヴェロシスタ,,牡,3,0,池上昌和,,,,,85.9,68.6,53.7,38.6,24.6,12.0,,,,17.3,14.9,15.1,14.0,12.6,12.0,2023106201,2026.8.12,美浦,ファインニードル,ナイトスプライト,YGGホースクラブ,中村弘昭,,
美浦,D,左,20260812,水,5:04,アルティーノ,,牡,3,0,伊坂重信,,,,,86.5,69.0,54.1,38.6,24.6,11.9,,,,17.5,14.9,15.5,14.0,12.7,11.9,2023106062,2026.8.12,美浦,アルアイン,ティノ,YGGホースクラブ,チェスナットファーム,,
美浦,D,左,20260812,水,5:04,キチロクゴール,,牡,3,0,松永康利,,,,,85.0,68.3,53.4,38.4,24.5,11.9,,,,16.7,14.9,15.0,13.9,12.6,11.9,2023104916,2026.8.12,美浦,デクラレーションオブウォー,スズカプリズム,山本正美,辻牧場,,
美浦,D,左,20260812,水,5:04,ケープアグラス,,牝,5,660,金成貴史,,,,,86.6,68.5,52.7,38.3,24.7,12.2,,,,18.1,15.8,14.4,13.6,12.5,12.2,2021100382,2026.8.12,美浦,エスポワールシチー,ケープタウンシチー,友駿ホースクラブ,幌村牧場,,
美浦,D,左,20260812,水,5:04,コンティ,,牝,3,0,黒岩陽一,,,,,82.1,66.3,51.9,38.0,24.2,11.9,,,,15.8,14.4,13.9,13.8,12.3,11.9,2023105305,2026.8.12,美浦,キズナ,セレスタ,長谷川祐司,ノーザンファーム,,
美浦,D,左,20260812,水,5:04,コーディアリー,,牡,3,400,天間昭一,,,,,85.7,67.4,51.6,37.0,23.7,11.5,,,,18.3,15.8,14.6,13.3,12.2,11.5,2023104488,2026.8.12,美浦,ダノンバラード,フロムマイハート,ブルースターズファーム,ブルースターズファーム,,
美浦,D,左,20260812,水,5:04,ゴルトシェーン,,牡,2,未出走,武井亮,,,,,82.1,66.9,52.2,38.4,25.0,12.4,,,,15.2,14.7,13.8,13.4,12.6,12.4,2024105499,2026.8.12,美浦,ゴールドドリーム,アマルフィターナ,大将レーシング,平野牧場,,
美浦,D,左,20260812,水,5:04,スタートレイン,,牝,3,400,黒岩陽一,,,,,82.6,66.7,52.2,38.2,24.2,11.9,,,,15.9,14.5,14.0,14.0,12.3,11.9,2023103146,2026.8.12,美浦,キタサンブラック,レポゼッション,山口裕介,藤沢牧場,,
美浦,D,左,20260812,水,5:04,スリーピース,,セ,4,2400,武井亮,,,,,82.7,67.0,52.3,38.4,24.9,12.3,,,,15.7,14.7,13.9,13.5,12.6,12.3,2022104972,2026.8.12,美浦,ミッキーアイル,ビバリーヒルズ,スリーレーシング,ノーザンファーム,,
美浦,D,左,20260812,水,5:04,ソウラスフロス,,牡,2,未出走,金成貴史,,,,,85.9,68.2,52.8,38.5,24.9,12.4,,,,17.7,15.4,14.3,13.6,12.5,12.4,2024102190,2026.8.12,美浦,フォーウィールドライブ,ランクリッツ,尾上寿夫,松田牧場,,
美浦,D,左,20260812,水,5:04,ハイネスプラウド,,牡,2,未出走,武井亮,,,,,80.9,66.0,51.4,37.9,24.9,12.4,,,,14.9,14.6,13.5,13.0,12.5,12.4,2024106566,2026.8.12,美浦,クリソベリル,プラウドスペル,TNレーシング,ノーザンファーム,,
美浦,D,左,20260812,水,5:04,ピクシーゲイル,,牡,3,0,松永康利,,,,,84.0,67.2,52.7,38.2,24.4,11.9,,,,16.8,14.5,14.5,13.8,12.5,11.9,2023104811,2026.8.12,美浦,ダノンスマッシュ,エインセル,田頭勇貴,富田恭司,,
美浦,D,左,20260812,水,5:04,ブルーブロディ,,牡,3,0,伊坂重信,,,,,87.0,69.4,54.3,38.9,24.8,11.9,,,,17.6,15.1,15.4,14.1,12.9,11.9,2023103835,2026.8.12,美浦,アジアエクスプレス,ガラシア,ITOレーシング,ゼットステーブル,,
美浦,D,左,20260812,水,5:04,ロジキセキ,,牡,3,0,新開幸一,,,,,87.2,71.2,55.9,40.4,25.4,12.3,,,,16.0,15.3,15.5,15.0,13.1,12.3,2023100578,2026.8.12,美浦,アドマイヤマーズ,グロッタアズーラ,久米田正明,アイズスタッド,,
美浦,D,左,20260812,水,5:05,エコロブラン,,牝,2,未出走,中舘英二,,,,,85.0,67.3,52.0,37.9,24.4,12.2,,,,17.7,15.3,14.1,13.5,12.2,12.2,2024105831,2026.8.12,美浦,ミスチヴィアスアレックス,グラッブユアダイヤ,原村正紀,社台ファーム,,
美浦,D,左,20260812,水,5:05,ダイユウファリーナ,,牡,5,280,松永康利,,,,,84.5,68.0,53.0,38.5,25.3,12.8,,,,16.5,15.0,14.5,13.2,12.5,12.8,2021101896,2026.8.12,美浦,ドゥラメンテ,ウインドストリーム,大友靖岐,長谷川牧場,,
美浦,D,左,20260812,水,5:05,ノーブルクライ,,牡,6,900,中舘英二,,,,,85.0,67.3,52.0,37.9,24.3,12.0,,,,17.7,15.3,14.1,13.6,12.3,12.0,2020102976,2026.8.12,美浦,ハーツクライ,ノーブルジュエリー,窪田芳郎,社台ファーム,,
美浦,D,左,20260812,水,5:05,ブロッケンボウ,,牡,5,1500,松永康利,,,,,83.2,66.5,52.1,38.1,25.0,12.7,,,,16.7,14.4,14.0,13.1,12.3,12.7,2021104479,2026.8.12,美浦,タリスマニック,ラブフール,小林竜太郎,へいはた牧場,,
美浦,D,左,20260812,水,5:05,モティスフォント,,牡,4,400,中舘英二,,,,,85.5,67.0,51.2,36.8,23.7,11.7,,,,18.5,15.8,14.4,13.1,12.0,11.7,2022104953,2026.8.12,美浦,モーリス,バンゴール,サンデーレーシング,ノーザンファーム,,
美浦,D,左,20260812,水,5:06,イモータリス,,牡,3,400,手塚貴久,,,,,84.2,67.5,52.8,38.5,24.5,12.0,,,,16.7,14.7,14.3,14.0,12.5,12.0,2023107032,2026.8.12,美浦,ミッキーロケット,シャルルヴォア,落合幸弘,ノーザンファーム,,
美浦,D,左,20260812,水,5:06,ガヤーズサムライ,,牡,2,未出走,田中勝春,,,,,86.1,68.1,52.4,37.8,24.5,12.3,,,,18.0,15.7,14.6,13.3,12.2,12.3,2024107168,2026.8.12,美浦,"Into Mischief",マドン,小谷野宗靖,レイクヴィラファーム,,
美浦,D,左,20260812,水,5:06,ケイツールピア,,牝,5,400,蛯名利弘,,,,,85.3,67.1,52.3,38.0,24.0,11.4,,,,18.2,14.8,14.3,14.0,12.6,11.4,2021101801,2026.8.12,美浦,アニマルキングダム,リップグロス,楠本勝美,道見牧場,,
美浦,D,左,20260812,水,5:06,コスモナエマ,,牝,3,400,手塚貴久,,,,,87.5,69.9,53.7,38.2,24.4,11.6,,,,17.6,16.2,15.5,13.8,12.8,11.6,2023106443,2026.8.12,美浦,ダノンバラード,サザンスピード,ビッグレッドファーム,ビッグレッドファーム,,
美浦,D,左,20260812,水,5:06,コパノコーリング,,牡,2,未出走,田中勝春,,,,,85.1,67.6,52.1,37.8,24.6,12.4,,,,17.5,15.5,14.3,13.2,12.2,12.4,2024104646,2026.8.12,美浦,フィレンツェファイア,ミスウインストン,小林祥晃,谷岡牧場,,
美浦,D,左,20260812,水,5:06,シュートザワークス,,牡,2,0,千葉直人,,,,,84.4,66.1,51.0,36.4,23.3,11.5,,,,18.3,15.1,14.6,13.1,11.8,11.5,2024107076,2026.8.12,美浦,インディチャンプ,ワーキングプライド,G1レーシング,社台コーポレーション白老ファーム,,
美浦,D,左,20260812,水,5:06,ショーマンフリート,,牡,5,1500,手塚貴久,,,,,85.3,68.1,53.3,38.6,24.5,11.8,,,,17.2,14.8,14.7,14.1,12.7,11.8,2021105601,2026.8.12,美浦,スワーヴリチャード,スカイフ,星野壽市,ノーザンファーム,,
美浦,D,左,20260812,水,5:06,ノブステップ,,牡,3,0,田中勝春,,,,,86.5,68.4,52.7,37.8,24.5,12.2,,,,18.1,15.7,14.9,13.3,12.3,12.2,2023103955,2026.8.12,美浦,ダノンキングリー,クロースフレンド,前田亘輝,アラキフアーム,,
美浦,D,左,20260812,水,5:06,ハルノアメ,,牡,3,0,上原博之,,,,,87.9,70.0,54.3,39.8,25.4,12.0,,,,17.9,15.7,14.5,14.4,13.4,12.0,2023104002,2026.8.12,美浦,ダノンバラード,スプリングガール,酒井孝敏,大林ファーム,,
美浦,D,左,20260812,水,5:06,フランシスガリバー,,牝,3,0,千葉直人,,,,,83.4,65.0,50.4,36.3,23.3,11.4,,,,18.4,14.6,14.1,13.0,11.9,11.4,2023100599,2026.8.12,美浦,モーリス,ヴィリア,渡邊英俊,天羽牧場,,
美浦,D,左,20260812,水,5:06,ペッレグリーニ,,セ,5,900,手塚貴久,,,,,87.7,70.4,54.1,38.8,24.7,11.8,,,,17.3,16.3,15.3,14.1,12.9,11.8,2021105647,2026.8.12,美浦,レイデオロ,チャーチクワイア,吉田勝己,ノーザンファーム,,
美浦,D,左,20260812,水,5:06,マーズオデッセイ,,牡,4,2400,田中勝春,,,,,86.7,69.0,53.4,38.8,24.9,12.0,,,,17.7,15.6,14.6,13.9,12.9,12.0,2022102399,2026.8.12,美浦,アドマイヤマーズ,クイックリトルミス,G1レーシング,坂東牧場,,
美浦,D,左,20260812,水,5:06,ラストレガシー,,牡,4,900,手塚貴久,,,,,84.6,67.7,53.0,38.4,24.3,11.8,,,,16.9,14.7,14.6,14.1,12.5,11.8,2022105556,2026.8.12,美浦,ドゥラメンテ,リトルモンスター,DMMドリームクラブ,社台ファーム,,
美浦,D,左,20260812,水,5:06,リアライズタキオン,,牡,3,400,手塚貴久,,,,,87.4,70.1,53.8,38.3,24.4,11.7,,,,17.3,16.3,15.5,13.9,12.7,11.7,2023105224,2026.8.12,美浦,ルヴァンスレーヴ,タイムハンドラー,今福洋介,社台コーポレーション白老ファーム,,
美浦,D,左,20260812,水,5:07,エスティメート,,牡,7,1370,大和田成,,,,,82.9,67.3,52.6,38.3,24.7,12.2,,,,15.6,14.7,14.3,13.6,12.5,12.2,2019102648,2026.8.12,美浦,プリサイスエンド,インティワタナ,ミルファーム,猿橋義昭,,
美浦,D,左,20260812,水,5:07,オンザライン,,セ,8,1500,大和田成,,,,,84.8,67.6,52.5,37.7,24.3,11.9,,,,17.2,15.1,14.8,13.4,12.4,11.9,2018104646,2026.8.12,美浦,スクリーンヒーロー,ステラスターライト,久保田定,社台ファーム,,
美浦,D,左,20260812,水,5:07,キャトルエピス,,牝,4,400,栗田徹,,,,,82.2,65.7,51.5,37.6,23.5,11.3,,,,16.5,14.2,13.9,14.1,12.2,11.3,2022105293,2026.8.12,美浦,キズナ,キャリサガ,吉田照哉,社台ファーム,,
美浦,D,左,20260812,水,5:07,ギガントシュラーク,,牡,2,未出走,萱野浩二,,,,,84.4,67.9,52.7,38.4,24.7,12.1,,,,16.5,15.2,14.3,13.7,12.6,12.1,2024101182,2026.8.12,美浦,アニマルキングダム,ケイディーズバック,楠本勝大,門別牧場,,
美浦,D,左,20260812,水,5:07,グラニット,,牡,6,1600,大和田成,,,,,83.9,67.1,52.2,37.4,24.1,11.9,,,,16.8,14.9,14.8,13.3,12.2,11.9,2020100810,2026.8.12,美浦,ダノンバラード,インティワタナ,ミルファーム,猿橋義昭,,
美浦,D,左,20260812,水,5:07,ケイケイ,,セ,5,900,杉浦宏昭,,,,,89.1,69.7,54.3,39.9,25.9,12.9,,,,19.4,15.4,14.4,14.0,13.0,12.9,2021103799,2026.8.12,美浦,イスラボニータ,スウィートハース,桑野克己,坂本智広,,
美浦,D,左,20260812,水,5:07,スペードギニー,,セ,4,80,大和田成,,,,,87.5,69.8,54.4,39.4,25.0,11.6,,,,17.7,15.4,15.0,14.4,13.4,11.6,2022105191,2026.8.12,美浦,リオンディーズ,ローズノーブル,犬飼優,ノーザンファーム,,
美浦,D,左,20260812,水,5:07,チョコブラウニー,,牝,3,0,天間昭一,,,,,85.7,68.0,52.5,38.1,24.8,12.2,,,,17.7,15.5,14.4,13.3,12.6,12.2,2023102387,2026.8.12,美浦,イスラボニータ,タニノハイクレア,八木澤充貴,岡田スタツド,,
美浦,D,左,20260812,水,5:07,ハセドン,,牡,7,3100,大和田成,,,,,86.6,69.6,54.1,39.2,24.8,11.6,,,,17.0,15.5,14.9,14.4,13.2,11.6,2019103593,2026.8.12,美浦,モーリス,クイーンオリーブ,三木正浩,杵臼牧場,,
美浦,D,左,20260812,水,5:07,ピースヒロフェイス,,牝,5,400,牧光二,,,,,84.9,68.6,53.0,38.4,24.6,12.1,,,,16.3,15.6,14.6,13.8,12.5,12.1,2021105769,2026.8.12,美浦,サトノダイヤモンド,ペルヴィアンリリー,中平和宏,ノーザンファーム,,
美浦,D,左,20260812,水,5:07,ボーンディスウェイ,,牡,7,3800,牧光二,,,,,84.4,68.3,52.7,38.1,24.5,12.2,,,,16.1,15.6,14.6,13.6,12.3,12.2,2019104658,2026.8.12,美浦,ハーツクライ,ウィンドハック,平田修,社台ファーム,,
美浦,D,左,20260812,水,5:07,マイレーヌ,,牝,6,900,大和田成,,,,,83.8,67.7,52.9,38.4,25.0,12.5,,,,16.1,14.8,14.5,13.4,12.5,12.5,2020104676,2026.8.12,美浦,ロゴタイプ,ユキノクイーン,小関昭次,服部牧場,,
美浦,D,左,20260812,水,5:07,ルージュアストレア,,牝,3,0,栗田徹,,,,,81.6,65.2,51.0,37.3,23.3,11.3,,,,16.4,14.2,13.7,14.0,12.0,11.3,2023103536,2026.8.12,美浦,キタサンブラック,プリンセスアスタ,東京ホースレーシング,社台ファーム,,
美浦,D,左,20260812,水,5:07,レオスキーム,,牡,3,0,萱野浩二,,,,,84.9,68.2,53.0,38.7,24.9,12.1,,,,16.7,15.2,14.3,13.8,12.8,12.1,2023104893,2026.8.12,美浦,ベストウォーリア,キャラメルフレンチ,レオ,惣田英幸,,
美浦,D,左,20260812,水,5:08,ドルビナ,,牡,4,400,杉浦宏昭,,,,,86.4,65.6,50.4,36.7,23.6,11.6,,,,20.8,15.2,13.7,13.1,12.0,11.6,2022103394,2026.8.12,美浦,ミッキーグローリー,オヒナサマ,リトルブルーファーム,リトルブルーファーム,,
美浦,D,左,20260812,水,5:08,フランベリー,,牝,2,0,杉浦宏昭,,,,,85.6,65.8,50.6,36.7,23.7,11.8,,,,19.8,15.2,13.9,13.0,11.9,11.8,2024100813,2026.8.12,美浦,タニノフランケル,モズエエヤン,森口聡,中川欽一,,
美浦,D,左,20260812,水,5:08,レオライジング,,牝,2,0,杉浦宏昭,,,,,86.5,65.8,50.7,36.7,23.6,11.7,,,,20.7,15.1,14.0,13.1,11.9,11.7,2024101902,2026.8.12,美浦,インディチャンプ,センコウノマイヒメ,レオ,谷口牧場,,
美浦,D,左,20260812,水,5:09,インパクトシー,,牡,4,1500,大竹正博,,,,,78.3,62.4,48.4,35.6,23.2,11.6,,,,15.9,14.0,12.8,12.4,11.6,11.6,2022101230,2026.8.12,美浦,フィエールマン,イリリア,中村昭博,北田剛,,
美浦,D,左,20260812,水,5:09,ジャガーライズ,,牡,3,0,伊藤圭三,,,,,83.9,66.9,52.4,38.0,24.7,12.2,,,,17.0,14.5,14.4,13.3,12.5,12.2,2023102594,2026.8.12,美浦,パイロ,ハニーディスタフ,吉岡寛行,グランド牧場,,
美浦,D,左,20260812,水,5:09,タマモブレイキン,,牡,3,0,伊藤圭三,,,,,85.2,67.5,52.7,38.2,24.6,12.0,,,,17.7,14.8,14.5,13.6,12.6,12.0,2023103252,2026.8.12,美浦,ブリックスアンドモルタル,タマモボレロ,タマモ,前田牧場,,
美浦,D,左,20260812,水,5:09,ベラトール,,牡,4,400,西田雄一,,,,,84.5,69.3,54.2,39.7,25.3,12.0,,,,15.2,15.1,14.5,14.4,13.3,12.0,2022102788,2026.8.12,美浦,ミッキーグローリー,アモーレヴォレ,三嶋牧場,斉藤英牧場,,
美浦,D,左,20260812,水,5:09,マイネルアウルム,,牡,4,500,伊藤伸一,,,,,82.7,66.9,51.8,37.5,24.5,12.2,,,,15.8,15.1,14.3,13.0,12.3,12.2,2022106811,2026.8.12,美浦,ゴールドシップ,マイネチャーム,サラブレッドクラブ・ラフィアン,ビッグレッドファーム,,
美浦,D,左,20260812,水,5:09,モルゲンゾンネ,,牡,4,0,松下武士,,,,,84.1,68.2,53.0,38.5,24.4,11.7,,,,15.9,15.2,14.5,14.1,12.7,11.7,2022102141,2026.8.12,栗東,レイデオロ,メロディーオブラブ,三田昌宏,森永牧場,,
美浦,D,左,20260812,水,5:09,ラヴァブルロマン,,牝,2,0,伊藤圭三,,,,,86.0,68.4,53.5,38.6,24.9,12.1,,,,17.6,14.9,14.9,13.7,12.8,12.1,2024100285,2026.8.12,美浦,ヘニーヒューズ,クラウンロマン,矢野雅子,クラウン日高牧場,,
美浦,D,左,20260812,水,5:10,カドドゥディエ,,牝,3,0,西田雄一,,,,,87.4,69.3,54.0,39.2,25.0,11.9,,,,18.1,15.3,14.8,14.2,13.1,11.9,2023100812,2026.8.12,美浦,クラウンレガーロ,マリノルシアーナ,和田志保,クラウン日高牧場,,
美浦,D,左,20260812,水,5:10,コスモペンタス,,牝,3,0,西田雄一,,,,,88.7,70.2,54.6,39.6,25.5,12.0,,,,18.5,15.6,15.0,14.1,13.5,12.0,2023106482,2026.8.12,美浦,ベンバトル,モエレカトリーナ,ビッグレッドファーム,ビッグレッドファーム,,
美浦,D,左,20260812,水,5:10,セレスティアハート,,牝,3,0,的場均,,,,,87.6,69.7,54.3,39.1,24.2,11.5,,,,17.9,15.4,15.2,14.9,12.7,11.5,2023100186,2026.8.12,美浦,モズアスコット,プリンセスフローラ,田頭勇貴,タガミファーム,,
美浦,D,左,20260812,水,5:10,デルマテイネ,,牡,3,0,的場均,,,,,86.0,69.4,54.6,39.7,25.0,11.8,,,,16.6,14.8,14.9,14.7,13.2,11.8,2023101361,2026.8.12,美浦,ストロングリターン,デルマオシマ,浅沼廣幸,ファニーヒルファーム,,
美浦,D,左,20260812,水,5:10,トレフォイルノット,,牡,3,0,西田雄一,,,,,83.6,66.8,52.6,39.2,26.1,13.1,,,,16.8,14.2,13.4,13.1,13.0,13.1,2023107130,2026.8.12,美浦,ミッキーアイル,トリフォリウム,シルクレーシング,ノーザンファーム,,
美浦,D,左,20260812,水,5:10,ニシノゲッパク,,牝,3,0,伊藤伸一,,,,,86.9,67.8,52.8,38.2,24.6,12.0,,,,19.1,15.0,14.6,13.6,12.6,12.0,2023106259,2026.8.12,美浦,セイウンコウセイ,ニシノビアンカ,西山茂行,フクオカファーム,,
美浦,D,左,20260812,水,5:10,プリンセスダーコ,,牝,3,0,清水英克,,,,,84.4,67.8,52.7,38.2,24.2,11.6,,,,16.6,15.1,14.5,14.0,12.6,11.6,2023109055,2026.8.12,美浦,マクフィ,エイシンエトワール,河本尚吾,ワールドファーム,,
美浦,D,左,20260812,水,5:10,ベレーバスク,,牝,3,400,清水英克,,,,,83.8,67.2,52.4,37.9,24.1,11.7,,,,16.6,14.8,14.5,13.8,12.4,11.7,2023106477,2026.8.12,美浦,ベンバトル,マイネサヴァラン,サラブレッドクラブ・ラフィアン,ビッグレッドファーム,,
美浦,D,左,20260812,水,5:10,マイサマーガール,,牝,2,未出走,伊藤伸一,,,,,87.7,68.7,53.7,39.2,25.6,12.9,,,,19.0,15.0,14.5,13.6,12.7,12.9,2024100868,2026.8.12,美浦,ウインブライト,オークヒルハウス,浦野和由,日西牧場,,
美浦,D,左,20260812,水,5:10,メイショウバリスタ,,牡,3,0,西田雄一,,,,,85.4,68.0,53.3,38.8,24.7,12.0,,,,17.4,14.7,14.5,14.1,12.7,12.0,2023102069,2026.8.12,美浦,ワールドエース,レジーナカフェ,松本好隆,太陽牧場,,
美浦,D,左,20260812,水,5:10,メーレスブリーゼ,,牝,3,0,水野貴広,,,,,84.3,67.0,51.3,37.1,23.8,11.7,,,,17.3,15.7,14.2,13.3,12.1,11.7,2023106429,2026.8.12,美浦,ゴールドシップ,ヴォイスオブジョイ,サラブレッドクラブ・ラフィアン,ビッグレッドファーム,,
美浦,D,左,20260812,水,5:10,モチロンコクラ,,牝,2,未出走,伊藤伸一,,,,,87.2,68.4,53.5,38.8,25.3,12.6,,,,18.8,14.9,14.7,13.5,12.7,12.6,2024104659,2026.8.12,美浦,ホークビル,ピカンチラヴ,西村新一郎,田原橋本牧場,,
美浦,D,左,20260812,水,5:10,ユーゲットミー,,牝,3,0,西田雄一,,,,,87.9,69.5,54.2,39.2,25.1,12.0,,,,18.4,15.3,15.0,14.1,13.1,12.0,2023106609,2026.8.12,美浦,ダノンバラード,レーヌベルキス,ミルファーム,ミルファーム,,
美浦,D,左,20260812,水,5:11,カフェプラウド,,牡,3,0,柄崎将寿,,,,,87.5,70.0,53.9,38.8,24.8,11.7,,,,17.5,16.1,15.1,14.0,13.1,11.7,2023102246,2026.8.12,美浦,ドレフォン,ラゴンダカフェ,西川光一,三嶋牧場,,
美浦,D,左,20260812,水,5:11,ゴールドシーン,,セ,6,400,林徹,,,,,83.7,66.0,50.6,36.6,23.7,11.6,,,,17.7,15.4,14.0,12.9,12.1,11.6,2020103727,2026.8.12,美浦,エピファネイア,ローガンサファイア,キャロットファーム,ノーザンファーム,,
美浦,D,左,20260812,水,5:11,ダンシングアウェイ,,牡,3,0,相沢郁,,,,,86.6,69.4,53.4,38.2,24.4,11.5,,,,17.2,16.0,15.2,13.8,12.9,11.5,2023102336,2026.8.12,美浦,ジャスタウェイ,ポートキャンベル,星野祐介,ウエスタンファーム,,
美浦,D,左,20260812,水,5:11,マイネルバーテクス,,牡,5,900,水野貴広,,,,,86.6,68.7,53.1,38.2,24.2,11.4,,,,17.9,15.6,14.9,14.0,12.8,11.4,2021106827,2026.8.12,美浦,エピファネイア,マイネレーツェル,サラブレッドクラブ・ラフィアン,ビッグレッドファーム,,
美浦,D,左,20260812,水,5:11,モミスケ,,牡,2,0,水野貴広,,,,,87.7,70.0,54.2,39.3,24.8,11.5,,,,17.7,15.8,14.9,14.5,13.3,11.5,2024105532,2026.8.12,美浦,ビッグアーサー,クレーンズラヴァー,助川啓一,本桐村田牧場,,
美浦,D,左,20260812,水,5:11,ライングラウス,,牡,2,0,水野貴広,,,,,86.3,69.3,53.8,39.0,25.0,11.8,,,,17.0,15.5,14.8,14.0,13.2,11.8,2024104199,2026.8.12,美浦,シニスターミニスター,アートオブビーン,大澤繁昌,岡田牧場,,
美浦,D,左,20260812,水,5:11,リアスハート,,牝,2,未出走,水野貴広,,,,,85.5,68.4,53.4,38.8,24.9,11.8,,,,17.1,15.0,14.6,13.9,13.1,11.8,2024107358,2026.8.12,美浦,エフフォーリア,ラントルナ,パニオロ,松浦牧場,,
美浦,D,左,20260812,水,5:12,アルバスタキヤ,,牡,2,未出走,青木孝文,,,,,82.7,66.2,51.7,37.5,23.8,11.8,,,,16.5,14.5,14.2,13.7,12.0,11.8,2024104139,2026.8.12,美浦,ベンバトル,ティズトレメンダス,岡田牧雄,岡田スタツド,,
美浦,D,左,20260812,水,5:12,カゼノオモイデ,,牝,3,0,佐藤吉勝,,,,,84.2,67.1,51.7,37.4,24.3,12.0,,,,17.1,15.4,14.3,13.1,12.3,12.0,2023100890,2026.8.12,美浦,イスラボニータ,オモイデヲノセテ,福田光博,鹿戸和幸,,
美浦,D,左,20260812,水,5:12,クロドラバール,,セ,5,900,奥村武,,,,,87.9,70.1,54.4,39.3,24.8,11.8,,,,17.8,15.7,15.1,14.5,13.0,11.8,2021101733,2026.8.12,美浦,ロードカナロア,ジュエルメーカー,長谷川祐司,チャンピオンズファーム,,
美浦,D,左,20260812,水,5:12,タワーウマザンマイ,,牡,2,未出走,青木孝文,,,,,82.0,66.1,51.6,37.5,23.9,12.0,,,,15.9,14.5,14.1,13.6,11.9,12.0,2024104800,2026.8.12,美浦,タワーオブロンドン,ラブミーダイヤ,鈴木慈雄,西村牧場,,
美浦,D,左,20260812,水,5:12,チャリングクロス,,牡,3,1500,奥村武,,,,,86.2,67.9,52.2,37.8,24.1,11.6,,,,18.3,15.7,14.4,13.7,12.5,11.6,2023107389,2026.8.12,美浦,キタサンブラック,ライジングクロス,サンデーレーシング,坂東牧場,,
美浦,D,左,20260812,水,5:12,フタイテンロック,,牡,7,2240,佐藤吉勝,,,,,84.6,67.5,52.1,37.6,24.3,12.1,,,,17.1,15.4,14.5,13.3,12.2,12.1,2019102665,2026.8.12,美浦,トーセンジョーダン,フェリスホイール,松谷紫,大北牧場,,
美浦,D,左,20260812,水,5:12,ベイビーキッス,,牝,4,1500,青木孝文,,,,,82.7,67.1,52.7,38.1,24.0,11.6,,,,15.6,14.4,14.6,14.1,12.4,11.6,2022102514,2026.8.12,美浦,サンダースノー,タイキエイワン,江川伸夫,清水スタッド,,
美浦,D,左,20260812,水,5:13,コウサイリクリ,,牝,2,未出走,粕谷昌央,,,,,,,51.5,36.6,23.6,11.5,,,,,,14.9,13.0,12.1,11.5,2024102469,2026.8.12,美浦,ウインブライト,マイネアロマ,ビッグレッドファーム,荻伏三好フアーム,,
美浦,D,左,20260812,水,5:13,ノーブルミント,,牝,2,未出走,粕谷昌央,,,,,,,52.6,37.5,23.9,11.7,,,,,,15.1,13.6,12.2,11.7,2024100566,2026.8.12,美浦,デクラレーションオブウォー,パルメ,吉木伸彦,スウィングフィールド牧場,,
美浦,D,左,20260812,水,5:13,バンフィエルド,,牡,7,720,粕谷昌央,,,,,87.9,67.6,52.2,38.6,25.3,12.5,,,,20.3,15.4,13.6,13.3,12.8,12.5,2019104531,2026.8.12,美浦,オルフェーヴル,エヴィータアルゼンティーナ,平川三津,社台コーポレーション白老ファーム,,
美浦,D,左,20260812,水,5:13,マムダッドベル,,牝,2,未出走,粕谷昌央,,,,,,,53.2,37.9,24.1,11.8,,,,,,15.3,13.8,12.3,11.8,2024105177,2026.8.12,美浦,ゴールドドリーム,ラリエット,松尾正,沖田忠幸,,
美浦,D,左,20260812,水,5:14,エリュグレイス,,牝,3,0,和田勇介,,,,,87.1,68.0,52.3,37.9,24.7,12.3,,,,19.1,15.7,14.4,13.2,12.4,12.3,2023103467,2026.8.12,美浦,エピファネイア,ダイワクンナナ,吉本雄二,社台ファーム,,
美浦,D,左,20260812,水,5:14,オシゴリ,,牝,2,未出走,深山雅史,,,,,86.8,68.0,53.0,38.7,25.4,12.9,,,,18.8,15.0,14.3,13.3,12.5,12.9,2024102325,2026.8.12,美浦,ロジャーバローズ,アスクザリーズン,由井可南子,宮内牧場,,
美浦,D,左,20260812,水,5:14,カサブランカキッド,,牡,6,400,和田勇介,,,,,83.6,66.2,51.0,37.6,24.8,12.5,,,,17.4,15.2,13.4,12.8,12.3,12.5,2020104936,2026.8.12,美浦,ドレフォン,ビーチパラソル,山本雅道,社台ファーム,,
美浦,D,左,20260812,水,5:14,ラインジーク,,牡,3,900,水野貴広,,,,,85.5,67.1,51.1,36.8,23.7,11.9,,,,18.4,16.0,14.3,13.1,11.8,11.9,2023101323,2026.8.12,美浦,シニスターミニスター,モリトシラギク,大澤繁昌,日高大洋牧場,,
美浦,D,左,20260812,水,5:14,ワンキャンパス,,牝,2,未出走,深山雅史,,,,,87.8,68.8,53.7,39.1,25.6,13.2,,,,19.0,15.1,14.6,13.5,12.4,13.2,2024102770,2026.8.12,美浦,ビッグアーサー,ヒイナヅキ,由井健太郎,ヒダカフアーム,,
美浦,D,左,20260812,水,5:16,ダノンオンザビート,,牡,3,0,堀宣行,,,,,,,51.0,36.4,23.2,11.3,,,,,,14.6,13.2,11.9,11.3,2023105369,2026.8.12,美浦,キタサンブラック,エントロピア,ダノックス,グランド牧場,,
美浦,D,左,20260812,水,5:16,テリオスブギ,,牝,2,未出走,田島俊明,,,,,85.3,67.9,52.6,37.8,23.6,11.3,,,,17.4,15.3,14.8,14.2,12.3,11.3,2024106551,2026.8.12,美浦,インディチャンプ,フレグラントブレス,鈴木美江子,ノーザンファーム,,
美浦,D,左,20260812,水,5:16,ラウンドヒル,,牝,3,0,田島俊明,,,,,85.7,68.1,52.7,37.9,23.6,11.3,,,,17.6,15.4,14.8,14.3,12.3,11.3,2023105751,2026.8.12,美浦,ベストウォーリア,レイテストバード,小原準一郎,静内フアーム,,
美浦,D,左,20260812,水,5:16,リバーススイープ,,牡,2,未出走,田島俊明,,,,,84.9,67.7,52.4,37.7,23.5,11.3,,,,17.2,15.3,14.7,14.2,12.2,11.3,2024107067,2026.8.12,美浦,シスキン,リバースシンキング,G1レーシング,社台コーポレーション白老ファーム,,
美浦,D,左,20260812,水,5:17,イッテラッシャイ,,牡,3,2100,斎藤誠,,,,,81.2,65.4,50.5,36.4,23.4,11.6,,,,15.8,14.9,14.1,13.0,11.8,11.6,2023103142,2026.8.12,美浦,ミスチヴィアスアレックス,ノルウェーノモリ,SNSグループ,藤沢牧場,,
美浦,D,左,20260812,水,5:17,カシオペア,,牡,4,400,上原佑紀,,,,,86.4,69.3,53.3,38.1,24.7,12.3,,,,17.1,16.0,15.2,13.4,12.4,12.3,2022106203,2026.8.12,美浦,ビッグアーサー,リトルアマポーラ,中辻明,小泉牧場,,
美浦,D,左,20260812,水,5:17,ゴットランド,,牡,4,400,斎藤誠,,,,,83.1,66.5,51.9,37.9,25.0,12.5,,,,16.6,14.6,14.0,12.9,12.5,12.5,2022100162,2026.8.12,美浦,リオンディーズ,ヴィスビー,大野富生,高昭牧場,,
美浦,D,左,20260812,水,5:17,ゴールデンパゴーダ,,牝,3,900,上原佑紀,,,,,87.0,69.9,53.9,38.6,24.9,12.3,,,,17.1,16.0,15.3,13.7,12.6,12.3,2023101116,2026.8.12,美浦,バゴ,カリビアンゴールド,ゴドルフィン,ダーレー・ジャパン・ファーム,,
美浦,D,左,20260812,水,5:17,ナリノシャーウッド,,牡,3,400,小笠倫弘,,,,,84.3,66.6,51.3,37.2,24.1,12.1,,,,17.7,15.3,14.1,13.1,12.0,12.1,2023105963,2026.8.12,美浦,マインドユアビスケッツ,ナリノメジャー,成塚清志,社台コーポレーション白老ファーム,,
美浦,D,左,20260812,水,5:17,メリーサウンド,,牝,4,400,小笠倫弘,,,,,85.6,67.0,51.5,37.4,24.3,12.1,,,,18.6,15.5,14.1,13.1,12.2,12.1,2022105516,2026.8.12,美浦,オルフェーヴル,マサノミネルバ,吉田照哉,社台ファーム,,
美浦,D,左,20260812,水,5:18,イケイケルノワール,,セ,3,0,松山将樹,,,,,85.1,68.7,53.7,38.5,25.0,12.4,,,,16.4,15.0,15.2,13.5,12.6,12.4,2023106244,2026.8.12,美浦,メイショウボーラー,グレイトフルレガロ,新井原博,マリオステーブル,,
美浦,D,左,20260812,水,5:18,エンセリオ,,牝,5,1500,小笠倫弘,,,,,85.1,67.6,52.5,38.2,24.5,11.8,,,,17.5,15.1,14.3,13.7,12.7,11.8,2021100300,2026.8.12,美浦,ドレフォン,ラベ,ノースヒルズ,土居牧場,,
美浦,D,左,20260812,水,5:18,オカメノコイ,,牝,4,900,小笠倫弘,,,,,85.0,67.6,52.4,38.3,24.5,11.9,,,,17.4,15.2,14.1,13.8,12.6,11.9,2022106698,2026.8.12,美浦,パイロ,クレオール,岡浩二,ハシモトフアーム,,
美浦,D,左,20260812,水,5:18,デルマザオウ,,牝,3,0,松山将樹,,,,,83.5,66.7,52.3,37.6,24.3,12.0,,,,16.8,14.4,14.7,13.3,12.3,12.0,2023101367,2026.8.12,美浦,ミッキーグローリー,デルマノママナノダ,浅沼廣幸,ファニーヒルファーム,,
美浦,D,左,20260812,水,5:18,トロピカルヒーロー,,牡,6,900,石栗龍彦,,,,,89.8,71.6,55.2,39.7,25.3,12.1,,,,18.2,16.4,15.5,14.4,13.2,12.1,2020104960,2026.8.12,美浦,ビッグアーサー,トロピカルガーデン,田頭勇貴,奥山牧場,,
美浦,D,左,20260812,水,5:18,ニシノランペイジ,,牡,3,0,松山将樹,,,,,85.5,69.4,53.9,38.5,24.5,12.0,,,,16.1,15.5,15.4,14.0,12.5,12.0,2023106258,2026.8.12,美浦,アジアエクスプレス,ニシノアメイズ,西山茂行,日進牧場,,
美浦,D,左,20260812,水,5:18,ヒーローシー,,牝,2,未出走,石栗龍彦,,,,,89.0,71.2,54.8,39.4,25.0,12.0,,,,17.8,16.4,15.4,14.4,13.0,12.0,2024100795,2026.8.12,美浦,マクフィ,メイクデュース,出口牧場,出口牧場,,
美浦,D,左,20260812,水,5:19,アグアフレスカ,,牝,3,0,稲垣幸雄,,,,,83.5,66.2,50.9,36.7,23.6,11.7,,,,17.3,15.3,14.2,13.1,11.9,11.7,2023103579,2026.8.12,美浦,ブリックスアンドモルタル,ラセレシオン,社台レースホース,社台ファーム,,
美浦,D,左,20260812,水,5:19,アテナブレイブ,,牝,2,0,手塚貴徳,,,,,85.2,67.3,52.5,39.1,25.5,12.8,,,,17.9,14.8,13.4,13.6,12.7,12.8,2024105671,2026.8.12,美浦,サリオス,アマゾーヌ,スリーエイチレーシング,山際牧場,,
美浦,D,左,20260812,水,5:19,エターナルホープ,,牡,3,0,鈴木慎太,,,,,85.1,66.9,52.0,38.0,24.8,12.1,,,,18.2,14.9,14.0,13.2,12.7,12.1,2023102555,2026.8.12,美浦,エピカリス,サチノマリアージュ,永井廣司,桑嶋峰雄,,
美浦,D,左,20260812,水,5:19,シャンドゥレール,,セ,6,400,手塚貴徳,,,,,84.9,67.9,52.5,37.7,24.2,12.0,,,,17.0,15.4,14.8,13.5,12.2,12.0,2020103053,2026.8.12,美浦,エピファネイア,マジェスティッククオリティ,DMMドリームクラブ,社台ファーム,,
美浦,D,左,20260812,水,5:19,ストロングボイス,,牡,2,未出走,手塚貴徳,,,,,84.2,67.4,52.0,37.4,24.1,12.0,,,,16.8,15.4,14.6,13.3,12.1,12.0,2024104220,2026.8.12,美浦,グレーターロンドン,フラヴィニー,原昌久,岡田牧場,,
美浦,D,左,20260812,水,5:19,セイウンガジュマル,,牡,2,0,牧光二,,,,,81.9,65.0,50.6,36.8,23.8,11.8,,,,16.9,14.4,13.8,13.0,12.0,11.8,2024105391,2026.8.12,美浦,セイウンコウセイ,セイウンメテオ,西山茂行,タツヤファーム,,
美浦,D,左,20260812,水,5:19,メイリー,,牝,4,400,鈴木慎太,,,,,85.7,67.5,52.5,38.3,24.7,12.1,,,,18.2,15.0,14.2,13.6,12.6,12.1,2022106741,2026.8.12,美浦,タワーオブロンドン,レイロー,フクキタル,パカパカファーム,,
美浦,D,左,20260812,水,5:20,スーホ,,牡,3,0,上原佑紀,,,,,85.1,67.7,53.0,38.7,24.8,12.2,,,,17.4,14.7,14.3,13.9,12.6,12.2,2023107249,2026.8.12,美浦,モーリス,マーブルケーキ,藤田晋,ノーザンファーム,,
美浦,D,左,20260812,水,5:20,リボンロード,,牡,2,未出走,上原佑紀,,,,,84.8,67.4,52.8,38.5,24.6,12.2,,,,17.4,14.6,14.3,13.9,12.4,12.2,2024107154,2026.8.12,美浦,リオンディーズ,ジュベルアリ,藤田晋,レイクヴィラファーム,,
美浦,D,左,20260812,水,5:21,ニットウライズ,,牡,3,0,高橋文雅,,,,,87.5,69.1,53.0,37.9,24.2,11.9,,,,18.4,16.1,15.1,13.7,12.3,11.9,2023104975,2026.8.12,美浦,ダノンプレミアム,ガチコ,日東牧場,日東牧場,,
美浦,D,左,20260812,水,5:21,バターショコラ,,牝,3,0,戸田博文,,,,,85.3,67.3,52.5,38.3,25.0,12.6,,,,18.0,14.8,14.2,13.3,12.4,12.6,2023105240,2026.8.12,美浦,マインドユアビスケッツ,ショコラトリー,清進電設,社台ファーム,,
美浦,D,左,20260812,水,5:21,フォクセン,,牡,2,未出走,戸田博文,,,,,84.7,67.0,52.3,38.2,25.0,12.6,,,,17.7,14.7,14.1,13.2,12.4,12.6,2024106388,2026.8.12,美浦,ハービンジャー,ジョディー,小濱忠一,ノーザンファーム,,
美浦,D,左,20260812,水,5:21,ベルウッドバイオ,,牡,3,400,高橋文雅,,,,,86.3,68.2,52.2,37.2,23.5,11.4,,,,18.1,16.0,15.0,13.7,12.1,11.4,2023104069,2026.8.12,美浦,ダノンスマッシュ,コウエイオトメ,鈴木照雄,小泉牧場,,
美浦,D,左,20260812,水,5:21,レイフロレット,,牝,5,120,和田雄二,,,,,88.1,69.7,53.9,39.1,25.3,12.6,,,,18.4,15.8,14.8,13.8,12.7,12.6,2021105875,2026.8.12,美浦,レイデオロ,レイズアベール,犬飼優,ノーザンファーム,,
美浦,D,左,20260812,水,5:22,ファンダム,,牡,4,3650,辻哲英,,,,,86.7,68.9,53.2,38.8,24.4,11.8,,,,17.8,15.7,14.4,14.4,12.6,11.8,2022105836,2026.8.12,美浦,サートゥルナーリア,ファナティック,キャロットファーム,社台コーポレーション白老ファーム,,
美浦,D,左,20260812,水,5:22,ベストブラザーズ,,牡,3,400,辻哲英,,,,,87.0,69.8,54.2,39.4,25.0,12.0,,,,17.2,15.6,14.8,14.4,13.0,12.0,2023101087,2026.8.12,美浦,キセキ,トーホウロゼリア,東豊物産,竹島幸治,,
美浦,D,左,20260812,水,5:22,ベンヴェヌータ,,牝,3,900,辻哲英,,,,,87.6,70.4,54.9,39.9,25.3,12.2,,,,17.2,15.5,15.0,14.6,13.1,12.2,2023103446,2026.8.12,美浦,ロゴタイプ,スターズバース,加藤裕司,社台ファーム,,
美浦,D,左,20260812,水,5:23,キャッチアップ,,牝,2,未出走,小野次郎,,,,,86.5,69.4,53.5,38.5,24.8,12.1,,,,17.1,15.9,15.0,13.7,12.7,12.1,2024101787,2026.8.12,美浦,ベンバトル,マイネランデブー,ビッグレッドファーム,笹島智則,,
美浦,D,左,20260812,水,5:23,ノクターナルハント,,セ,3,0,和田勇介,160.2,135.0,117.4,99.6,83.3,68.4,53.7,39.1,25.2,12.1,17.6,17.8,16.3,14.9,14.7,14.6,13.9,13.1,12.1,2023101129,2026.8.12,美浦,アドマイヤムーン,スノーレパード,ゴドルフィン,ダーレー・ジャパン・ファーム,,
美浦,D,左,20260812,水,5:23,ハニーアンバー,,牝,3,0,小野次郎,,,,,89.3,70.5,53.6,38.5,24.5,11.7,,,,18.8,16.9,15.1,14.0,12.8,11.7,2023109163,2026.8.12,美浦,ビッグアーサー,サクラコ,IZURUジャパン,夢大地グリーンバレー,,
美浦,D,左,20260812,水,5:23,ハンナパール,,牝,3,0,小野次郎,,,,,86.4,69.4,53.4,38.5,24.8,12.1,,,,17.0,16.0,14.9,13.7,12.7,12.1,2023100692,2026.8.12,美浦,ミッキーグローリー,ラベルリュンヌ,HMジャパン,エトルタファーム,,
美浦,D,左,20260812,水,5:28,カルダモン,,牝,3,0,黒岩陽一,,,,,86.8,69.6,53.9,39.1,24.7,11.8,,,,17.2,15.7,14.8,14.4,12.9,11.8,2023107051,2026.8.12,美浦,キズナ,シークレットスパイス,サンデーレーシング,ノーザンファーム,,
美浦,D,左,20260812,水,5:28,テラシエスタ,,牡,3,0,黒岩陽一,,,,,83.8,68.1,53.5,38.8,24.8,11.9,,,,15.7,14.6,14.7,14.0,12.9,11.9,2023102548,2026.8.12,美浦,ジャスタウェイ,ラストサマー,キヨタケ牧場,キヨタケ牧場,,
美浦,D,左,20260812,水,5:29,キョウエイシャトル,,牡,2,未出走,萱野浩二,,,,,85.5,69.7,54.3,39.6,25.5,12.8,,,,15.8,15.4,14.7,14.1,12.7,12.8,2024101173,2026.8.12,美浦,アニマルキングダム,エムオーシャトル,田中晴夫,門別牧場,,
美浦,D,左,20260812,水,5:29,スカイダンスタイム,,牝,5,210,萱野浩二,,,,,85.0,69.2,53.9,39.3,25.4,12.8,,,,15.8,15.3,14.6,13.9,12.6,12.8,2021107025,2026.8.12,美浦,ビーチパトロール,イムディーナ,細川大輔,村上牧場,,
美浦,D,左,20260812,水,5:59,アドマイヤフク,,牝,3,0,加藤征弘,,,,,86.1,69.2,54.1,39.3,25.5,12.4,,,,16.9,15.1,14.8,13.8,13.1,12.4,2023101048,2026.8.12,美浦,アドマイヤマーズ,アドマイヤナイト,近藤旬子,スマイルファーム,,
美浦,D,左,20260812,水,5:59,ラヴスコール,,牝,5,400,加藤征弘,,,,,84.0,66.7,51.9,37.4,24.3,11.6,,,,17.3,14.8,14.5,13.1,12.7,11.6,2021105473,2026.8.12,美浦,ドゥラメンテ,カレドニアレディ,亀井哲也,ノーザンファーム,,
美浦,D,左,20260812,水,5:59,レッドマウロア,,牡,2,未出走,加藤征弘,,,,,85.5,68.4,53.5,38.6,24.9,12.0,,,,17.1,14.9,14.9,13.7,12.9,12.0,2024101427,2026.8.12,美浦,クリソベリル,レッドアネラ,東京ホースレーシング,坂東牧場,,
美浦,D,左,20260812,水,6:00,エナノムスメ,,牝,3,0,伊藤大士,,,,,84.5,67.4,51.8,37.8,24.0,11.4,,,,17.1,15.6,14.0,13.8,12.6,11.4,2023103236,2026.8.12,美浦,サトノダイヤモンド,エナチャン,桑畑夏美,前谷牧場,,
美浦,D,左,20260812,水,6:00,オプティミスタ,,牝,2,未出走,手塚貴久,,,,,85.7,69.9,54.8,39.6,25.3,12.5,,,,15.8,15.1,15.2,14.3,12.8,12.5,2024106605,2026.8.12,美浦,コントレイル,ポジティブマインド,シルクレーシング,ノーザンファーム,,
美浦,D,左,20260812,水,6:00,ギーロカスタル,,牡,6,1500,伊藤大士,,,,,82.0,65.7,50.6,37.0,24.2,12.0,,,,16.3,15.1,13.6,12.8,12.2,12.0,2020104845,2026.8.12,美浦,マインドユアビスケッツ,エナチャン,桑畑夏美,前谷武志,,
美浦,D,左,20260812,水,6:00,サーロー,,牝,3,400,勢司和浩,,,,,85.4,69.0,54.1,39.2,24.9,11.9,,,,16.4,14.9,14.9,14.3,13.0,11.9,2023103873,2026.8.12,美浦,ヘンリーバローズ,フォルリベルター,古賀禎彦,橋本牧場,,
美浦,D,左,20260812,水,6:00,ターフクリスタル,,牡,3,400,矢野英一,,,,,84.8,67.3,52.2,37.5,24.0,11.9,,,,17.5,15.1,14.7,13.5,12.1,11.9,2023104958,2026.8.12,美浦,インカンテーション,シラヤマヒメ,ターフ・スポート,中島牧場,,
美浦,D,左,20260812,水,6:00,ドミナートル,,牡,2,0,矢野英一,,,,,84.2,66.6,51.5,36.8,23.1,11.1,,,,17.6,15.1,14.7,13.7,12.0,11.1,2024102244,2026.8.12,美浦,グレーターロンドン,シンメイスバル,落合幸弘,三嶋牧場,,
美浦,D,左,20260812,水,6:00,ノリキング,,牡,3,0,伊藤大士,,,,,82.8,66.2,50.7,36.8,24.0,11.7,,,,16.6,15.5,13.9,12.8,12.3,11.7,2023106094,2026.8.12,美浦,モーニン,ダブルスカーレット,中谷典生,チャンピオンズファーム,,
美浦,D,左,20260812,水,6:00,ピクシーブラスト,,牝,2,未出走,岩戸孝樹,,,,,84.7,67.2,52.1,38.0,24.1,11.9,,,,17.5,15.1,14.1,13.9,12.2,11.9,2024103245,2026.8.12,美浦,シスキン,クリスプウインド,田頭勇貴,大栄牧場,,
美浦,D,左,20260812,水,6:00,フィールザウィル,,牝,2,未出走,伊藤大士,,,,,83.9,67.1,51.6,37.6,23.9,11.4,,,,16.8,15.5,14.0,13.7,12.5,11.4,2024107117,2026.8.12,美浦,ウィルテイクチャージ,フィールザプリティ,櫻井正,平岡牧場,,
美浦,D,左,20260812,水,6:00,ペプロス,,牝,4,400,矢野英一,,,,,87.1,68.4,52.9,38.0,23.9,11.9,,,,18.7,15.5,14.9,14.1,12.0,11.9,2022100106,2026.8.12,美浦,サートゥルナーリア,サラファン,井山登,上山牧場,,
美浦,D,左,20260812,水,6:00,マルターズドン,,牡,3,400,手塚貴久,,,,,86.1,70.4,54.9,39.5,25.1,12.3,,,,15.7,15.5,15.4,14.4,12.8,12.3,2023100626,2026.8.12,美浦,ドレフォン,マルターズディオサ,藤田在子,天羽禮治,,
美浦,D,左,20260812,水,6:00,ラグアイリータ,,牝,3,0,岩戸孝樹,,,,,85.2,67.8,52.8,38.5,24.6,12.1,,,,17.4,15.0,14.3,13.9,12.5,12.1,2023106463,2026.8.12,美浦,ウインブライト,バルタ,ビッグレッドファーム,ビッグレッドファーム,,
美浦,D,左,20260812,水,6:00,リラゲイル,,牡,4,700,矢野英一,,,,,86.0,68.5,53.1,38.1,24.3,11.9,,,,17.5,15.4,15.0,13.8,12.4,11.9,2022103518,2026.8.12,美浦,ブリックスアンドモルタル,シルヴァーコード,Gリビエール・レーシング,岡田スタツド,,
美浦,D,左,20260812,水,6:00,レイヤードホワイト,,牝,2,未出走,手塚貴久,,,,,84.9,69.2,54.5,39.1,24.8,12.2,,,,15.7,14.7,15.4,14.3,12.6,12.2,2024105075,2026.8.12,美浦,ゴールドシップ,オフェーリアシチー,ミルファーム,松田牧場,,
美浦,D,左,20260812,水,6:01,オンサイト,,牡,4,400,岩戸孝樹,,,,,80.7,66.3,52.1,37.7,23.8,11.4,,,,14.4,14.2,14.4,13.9,12.4,11.4,2022100423,2026.8.12,美浦,アドミラブル,ブルーロゼット,ノルマンディーサラブレッドレーシング,"Homey Farm",,
美浦,D,左,20260812,水,6:01,グランドスウェル,,セ,3,400,畠山吉宏,,,,,82.5,66.5,52.1,37.7,24.3,12.0,,,,16.0,14.4,14.4,13.4,12.3,12.0,2023102833,2026.8.12,美浦,サトノダイヤモンド,ホットスウェル,岡田牧雄,高橋陵,,
美浦,D,左,20260812,水,6:01,ショウナンラスボス,,牡,8,1500,奥村武,,,,,85.8,69.7,53.9,38.5,24.7,12.0,,,,16.1,15.8,15.4,13.8,12.7,12.0,2018103926,2026.8.12,美浦,ダイワメジャー,プリンセスオブザスターズ,国本哲秀,タイヘイ牧場,,
美浦,D,左,20260812,水,6:01,ストレートブラック,,牝,4,0,奥平雅士,,,,,85.4,67.8,52.1,37.3,23.7,11.4,,,,17.6,15.7,14.8,13.6,12.3,11.4,2022103353,2026.8.12,美浦,トーセンラー,コスモメソッド,コスモヴューファーム,山口義彦,,
美浦,D,左,20260812,水,6:01,スナッチアップ,,牝,2,未出走,武市康男,,,,,83.8,67.8,53.1,38.3,24.3,11.7,,,,16.0,14.7,14.8,14.0,12.6,11.7,2024107017,2026.8.12,美浦,リオンディーズ,スナッチマインド,シルクレーシング,社台コーポレーション白老ファーム,,
美浦,D,左,20260812,水,6:01,ズイウンゴサイ,,牡,5,900,武市康男,,,,,84.1,68.1,53.4,38.6,24.5,11.8,,,,16.0,14.7,14.8,14.1,12.7,11.8,2021100597,2026.8.12,美浦,シュヴァルグラン,ブルーインザスカイ,植村仁,エムエム、ヤマダファーム,,
美浦,D,左,20260812,水,6:01,パープルタウン,,牝,2,未出走,鈴木慎太,,,,,87.5,67.8,51.9,37.1,23.7,11.8,,,,19.7,15.9,14.8,13.4,11.9,11.8,2024102097,2026.8.12,美浦,グレーターロンドン,ラベンダーメモリー,田頭勇貴,中脇栄,,
美浦,D,左,20260812,水,6:01,ブルージンジャー,,牝,3,0,矢嶋大樹,,,,,84.7,68.4,53.1,38.6,24.6,12.0,,,,16.3,15.3,14.5,14.0,12.6,12.0,2023107200,2026.8.12,美浦,ミスターメロディ,ブルーメンブラット,吉田和美,ノーザンファーム,,
美浦,D,左,20260812,水,6:01,ヘクトルテソーロ,,牡,3,0,畠山吉宏,,,,,81.8,65.9,51.3,37.0,23.7,11.5,,,,15.9,14.6,14.3,13.3,12.2,11.5,2023106757,2026.8.12,美浦,シルバーステート,ロマンテソーロ,了徳寺健二ホールディングス,リョーケンファーム,,
美浦,D,左,20260812,水,6:01,マイネルシュラハト,,牡,3,0,畠山吉宏,,,,,82.4,66.5,52.0,37.8,24.1,11.4,,,,15.9,14.5,14.2,13.7,12.7,11.4,2023106436,2026.8.12,美浦,ベンバトル,クードヴァン,サラブレッドクラブ・ラフィアン,ビッグレッドファーム,,
美浦,D,左,20260812,水,6:01,メビウスロマンス,,牝,3,0,矢嶋大樹,,,,,84.0,67.9,52.6,38.2,24.3,11.9,,,,16.1,15.3,14.4,13.9,12.4,11.9,2023101477,2026.8.12,美浦,ニューイヤーズデイ,セレンディップ,蔀恒一,前野牧場,,
美浦,D,左,20260812,水,6:01,モーブプリエール,,牝,3,0,鈴木慎太,,,,,88.3,68.2,52.1,37.5,23.8,11.8,,,,20.1,16.1,14.6,13.7,12.0,11.8,2023107282,2026.8.12,美浦,サートゥルナーリア,モーベット,シルクレーシング,ノーザンファーム,,
美浦,D,左,20260812,水,6:01,ヴィクトリーロード,,牡,6,580,畠山吉宏,,,,,83.1,66.5,52.0,37.6,24.2,11.9,,,,16.6,14.5,14.4,13.4,12.3,11.9,2020103931,2026.8.12,美浦,ロードカナロア,ファーゴ,山田弘,岡田スタツド,,
美浦,D,左,20260812,水,6:02,ノーブルラホーヤ,,牝,3,0,深山雅史,,,,,86.4,70.1,54.4,39.4,24.9,11.9,,,,16.3,15.7,15.0,14.5,13.0,11.9,2023103195,2026.8.12,美浦,ダノンキングリー,ラホーヤビーチ,ヒダカ・ブリーダーズ・ユニオン,藤原牧場,,
美浦,D,左,20260812,水,6:02,プルメリアクヒオ,,牡,5,400,深山雅史,,,,,85.1,69.0,53.5,38.4,24.5,11.8,,,,16.1,15.5,15.1,13.9,12.7,11.8,2021103208,2026.8.12,美浦,ホッコータルマエ,プルメリアミコ,武田浩典,まるとみ冨岡牧場,,
美浦,D,左,20260812,水,6:02,リメンバーシドニー,,牝,3,0,的場均,,,,,84.5,68.9,53.9,38.4,24.1,11.5,,,,15.6,15.0,15.5,14.3,12.6,11.5,2023107512,2026.8.12,美浦,Zoustar,Dulverton,岡浩二,"Qatar Bloodstock Ltd",,
美浦,D,左,20260812,水,6:03,アラータス,,牡,2,0,秋本大介,,,,,81.6,65.7,51.2,36.9,23.4,11.5,,,,15.9,14.5,14.3,13.5,11.9,11.5,2024106894,2026.8.12,美浦,サートゥルナーリア,ゴールディーエスポニー,中山栄一,追分ファーム,,
美浦,D,左,20260812,水,6:03,アルマグラース,,牝,4,400,水野貴広,,,,,84.1,67.8,52.9,37.7,24.3,12.0,,,,16.3,14.9,15.2,13.4,12.3,12.0,2022100216,2026.8.12,美浦,スワーヴリチャード,アルマクロア,コウトミックレーシング,小島牧場,,
美浦,D,左,20260812,水,6:03,サンタピア,,牡,3,0,松山将樹,,,,,87.8,70.9,54.8,39.4,24.9,11.9,,,,16.9,16.1,15.4,14.5,13.0,11.9,2023102804,2026.8.12,美浦,ルヴァンスレーヴ,ドリームバラード,井上久光,タイヘイ牧場,,
美浦,D,左,20260812,水,6:03,トウシンマジック,,牡,2,400,秋本大介,,,,,81.2,65.4,50.8,36.6,23.3,11.6,,,,15.8,14.6,14.2,13.3,11.7,11.6,2024104696,2026.8.12,美浦,モズアスコット,トウシンハンター,サトー,千代田牧場,,
美浦,D,左,20260812,水,6:03,ノルドヴェスト,,セ,6,580,秋本大介,,,,,82.4,66.4,51.9,37.4,23.9,11.8,,,,16.0,14.5,14.5,13.5,12.1,11.8,2020102711,2026.8.12,美浦,ロードカナロア,マエストラーレ,サンデーレーシング,社台コーポレーション白老ファーム,,
美浦,D,左,20260812,水,6:03,ビーンスターク,,セ,5,0,粕谷昌央,,,,,84.9,68.4,53.4,38.7,25.0,12.1,,,,16.5,15.0,14.7,13.7,12.9,12.1,2021103578,2026.8.12,美浦,ロジャーバローズ,アートオブビーン,岡田牧雄,岡田牧場,,
美浦,D,左,20260812,水,6:03,ラインフォルテ,,牡,5,970,水野貴広,,,,,84.0,67.8,52.6,37.5,24.3,11.8,,,,16.2,15.2,15.1,13.2,12.5,11.8,2021101932,2026.8.12,美浦,キタサンブラック,ラインアンジュ,大澤繁昌,日高大洋牧場,,
美浦,D,左,20260812,水,6:03,ラヴレイン,,牝,2,未出走,松山将樹,,,,,86.8,70.4,54.6,39.1,24.7,11.9,,,,16.4,15.8,15.5,14.4,12.8,11.9,2024106768,2026.8.12,美浦,サリオス,クィーンユニバンス,亀井哲也,アスラン,,
美浦,D,左,20260812,水,6:04,ドントゥザムーン,,牡,4,900,高木登,,,,,86.4,67.4,52.4,37.9,24.0,11.7,,,,19.0,15.0,14.5,13.9,12.3,11.7,2022101863,2026.8.12,美浦,カレンブラックヒル,ドナプリモ,山田貢一,日西牧場,,
美浦,D,左,20260812,水,6:04,マンマリアーレ,,牝,6,2400,高木登,,,,,85.4,66.8,51.8,37.6,23.8,11.4,,,,18.6,15.0,14.2,13.8,12.4,11.4,2020100761,2026.8.12,美浦,ゴールドシップ,カラヴィンカ,ディアレストクラブ,小島牧場,,
美浦,D,左,20260812,水,6:05,ダイヤテソーロ,,牝,3,400,牧光二,,,,,88.3,69.6,53.5,38.2,24.2,11.9,,,,18.7,16.1,15.3,14.0,12.3,11.9,2023106747,2026.8.12,美浦,ダノンバラード,ハピネスフォーユー,了徳寺健二ホールディングス,リョーケンファーム,,
美浦,D,左,20260812,水,6:05,モナークスヴァラー,,牡,2,未出走,牧光二,,,,,87.7,69.3,53.2,38.0,24.1,11.9,,,,18.4,16.1,15.2,13.9,12.2,11.9,2024105883,2026.8.12,美浦,キズナ,シュピッツェ,吉田照哉,社台ファーム,,
美浦,D,左,20260812,水,6:06,ステレンボッシュ,,牝,5,13050,宮田敬介,,,,,85.6,66.3,50.7,36.6,23.9,11.7,,,,19.3,15.6,14.1,12.7,12.2,11.7,2021105743,2026.8.12,美浦,エピファネイア,ブルークランズ,吉田勝己,ノーザンファーム,,
美浦,D,左,20260812,水,6:07,シルバードン,,牡,4,400,牧光二,,,,,,,52.1,37.0,23.5,11.9,,,,,,15.1,13.5,11.6,11.9,2022101987,2026.8.12,美浦,アルバート,シルバージェニー,林正道,藤本ファーム,,
美浦,D,左,20260812,水,6:07,ブラックボイス,,牡,7,900,浅利英明,,,,,91.8,71.1,53.3,38.0,24.8,12.2,,,,20.7,17.8,15.3,13.2,12.6,12.2,2019105276,2026.8.12,美浦,ブラックタイド,ソングライティング,スリーエイチレーシング,ノーザンファーム,,
美浦,D,左,20260812,水,6:07,ライヴマルガリータ,,牝,3,0,牧光二,,,,,82.8,66.4,51.7,37.6,24.3,12.2,,,,16.4,14.7,14.1,13.3,12.1,12.2,2023101046,2026.8.12,美浦,モズアスコット,ライトフェアリー,澤田孝之,シンボリ牧場,,
美浦,D,左,20260812,水,6:07,ロジグローリー,,牡,2,未出走,牧光二,,,,,82.5,66.1,51.4,37.5,24.3,12.2,,,,16.4,14.7,13.9,13.2,12.1,12.2,2024102970,2026.8.12,美浦,ロジユニヴァース,ピエルフ,久米田正明,オリエント牧場,,
美浦,D,左,20260812,水,6:09,ビルバンテ,,牡,3,400,蛯名正義,,,,,83.8,68.1,53.8,39.8,26.1,12.8,,,,15.7,14.3,14.0,13.7,13.3,12.8,2023103552,2026.8.12,美浦,マインドユアビスケッツ,マイレリーフ,中里浩晴,社台ファーム,,
美浦,D,左,20260812,水,6:09,レッドモンレーヴ,,牡,7,11150,蛯名正義,,,,,83.4,67.6,52.9,39.0,25.6,12.9,,,,15.8,14.7,13.9,13.4,12.7,12.9,2019105496,2026.8.12,美浦,ロードカナロア,ラストグルーヴ,東京ホースレーシング,ノーザンファーム,,
美浦,D,左,20260812,水,6:10,ショウナンバッカス,,牡,2,未出走,栗田徹,,,,,83.3,66.4,51.5,37.5,24.8,12.6,,,,16.9,14.9,14.0,12.7,12.2,12.6,2024101299,2026.8.12,美浦,スワーヴリチャード,アトロポス,湘南,若林順一,,
美浦,D,左,20260812,水,6:10,ジーティーシンドウ,,牡,3,400,栗田徹,,,,,81.9,65.5,50.7,37.2,24.8,12.5,,,,16.4,14.8,13.5,12.4,12.3,12.5,2023102083,2026.8.12,美浦,オルフェーヴル,ヴァンゴーゴー,田畑利彦,谷川牧場,,
美浦,D,左,20260812,水,6:13,アマンヘセル,,牝,3,0,蛯名正義,,,,,88.9,71.1,54.9,39.7,25.1,11.9,,,,17.8,16.2,15.2,14.6,13.2,11.9,2023102389,2026.8.12,美浦,キズナ,ティズトレメンダス,Gリビエール・レーシング,岡田スタツド,,
美浦,D,左,20260812,水,6:13,サミアド,,牡,5,900,竹内正洋,,,,,84.1,67.5,52.5,38.4,25.2,12.6,,,,16.6,15.0,14.1,13.2,12.6,12.6,2021109086,2026.8.12,美浦,シャンハイボビー,エイシンバンバ,グリーンファーム,恵比寿興業株式会社那須野牧場,,
美浦,D,左,20260812,水,6:13,ホウオウムサシ,,牡,6,1500,蛯名正義,,,,,88.5,70.7,54.6,39.4,25.0,11.9,,,,17.8,16.1,15.2,14.4,13.1,11.9,2020103947,2026.8.12,美浦,ドゥラメンテ,メリッサ,小笹芳央,岡田スタツド,,
美浦,D,左,20260812,水,6:13,ラパンチュール,,牝,4,900,蛯名正義,,,,,87.6,70.2,54.2,38.8,24.9,11.9,,,,17.4,16.0,15.4,13.9,13.0,11.9,2022107340,2026.8.12,美浦,タワーオブロンドン,キャッツアイ,広尾レース,木村秀則,,
美浦,D,左,20260812,水,6:14,イサチルクイーン,,牝,3,0,竹内正洋,,,,,84.6,66.9,51.8,37.7,24.2,12.0,,,,17.7,15.1,14.1,13.5,12.2,12.0,2023102680,2026.8.12,美浦,リオンディーズ,クインズオライリー,小坂功,佐竹牧場,,
美浦,D,左,20260812,水,6:14,ウインターブレス,,牡,3,400,竹内正洋,,,,,84.9,67.6,52.5,37.9,24.6,12.3,,,,17.3,15.1,14.6,13.3,12.3,12.3,2023103521,2026.8.12,美浦,ハービンジャー,フェイブルネージュ,社台レースホース,社台ファーム,,
美浦,D,左,20260812,水,6:14,ゴールドエンバー,,牡,3,0,竹内正洋,,,,,85.9,67.8,52.5,38.2,24.4,12.1,,,,18.1,15.3,14.3,13.8,12.3,12.1,2023102333,2026.8.12,美浦,バゴ,スカイノーヴァ,菅井牧場,ウエスタンファーム,,
美浦,D,左,20260812,水,6:14,ニシノドリーマー,,牝,2,未出走,竹内正洋,,,,,86.6,68.6,53.1,38.2,24.7,12.2,,,,18.0,15.5,14.9,13.5,12.5,12.2,2024105198,2026.8.12,美浦,ゴールドドリーム,モクレン,西山茂行,折手牧場,,
美浦,D,左,20260812,水,6:14,フクノブルーレイク,,牡,4,1500,竹内正洋,,,,,82.7,65.7,51.0,37.0,23.9,11.8,,,,17.0,14.7,14.0,13.1,12.1,11.8,2022101329,2026.8.12,美浦,ウインブライト,ブルーエクセル,福島祐子,ケイズ,,
美浦,D,左,20260812,水,6:15,パープルアドミラル,,牡,6,0,堀内岳志,158.1,136.6,117.7,100.0,83.8,68.9,54.0,39.1,24.6,11.8,18.9,17.7,16.2,14.9,14.9,14.9,14.5,12.8,11.8,2020104328,2026.8.12,美浦,シビルウォー,ママノヨリミチ,岡田牧雄,聖心台牧場,,
美浦,D,左,20260812,水,6:15,ビーアストニッシド,,牡,7,3700,堀内岳志,157.9,136.2,117.4,99.8,83.6,68.7,53.8,38.9,24.5,11.8,18.8,17.6,16.2,14.9,14.9,14.9,14.4,12.7,11.8,2019101348,2026.8.12,美浦,アメリカンペイトリオット,マオリオ,村中徹,ヴェルサイユファーム,,
美浦,D,左,20260812,水,6:19,スケルツォテソーロ,,牝,2,0,稲垣幸雄,,,,,84.7,68.4,53.6,39.5,25.7,12.7,,,,16.3,14.8,14.1,13.8,13.0,12.7,2024101296,2026.8.12,美浦,エピファネイア,ローズテソーロ,了徳寺健二ホールディングス,リョーケンファーム,,
美浦,D,左,20260812,水,6:19,ソレム,,牝,3,0,稲垣幸雄,,,,,85.1,68.6,53.3,38.7,24.7,11.8,,,,16.5,15.3,14.6,14.0,12.9,11.8,2023107213,2026.8.12,美浦,Sottsass,プレインチャント,シルクレーシング,ノーザンファーム,,
美浦,D,左,20260812,水,6:47,ウフドゥウフ,,牡,4,400,上原博之,,,,,,,50.5,36.5,23.3,11.3,,,,,,14.0,13.2,12.0,11.3,2022105257,2026.8.12,美浦,エピファネイア,エッグドロップ,高松悟,社台ファーム,,
美浦,D,左,20260812,水,6:48,イカルステソーロ,,牡,2,未出走,武市康男,,,,,86.8,70.9,55.4,40.3,25.5,11.9,,,,15.9,15.5,15.1,14.8,13.6,11.9,2024101291,2026.8.12,美浦,フィエールマン,ライトファンタスティック,了徳寺健二ホールディングス,リョーケンファーム,,
美浦,D,左,20260812,水,6:48,タリスマン,,牡,5,400,金成貴史,,,,,85.4,67.6,51.7,37.4,24.1,11.9,,,,17.8,15.9,14.3,13.3,12.2,11.9,2021104618,2026.8.12,美浦,タリスマニック,クロエチャン,リトルブルーファーム,リトルブルーファーム,,
美浦,D,左,20260812,水,6:48,ダノンケリー,,牝,3,0,尾関知人,,,,,85.8,68.2,52.9,38.5,24.5,11.8,,,,17.6,15.3,14.4,14.0,12.7,11.8,2023107100,2026.8.12,美浦,サートゥルナーリア,ダノングレース,ダノックス,ノーザンファーム,,
美浦,D,左,20260812,水,6:48,ダノンシルヴァ,,牝,2,未出走,尾関知人,,,,,85.4,67.8,52.2,38.0,24.4,11.7,,,,17.6,15.6,14.2,13.6,12.7,11.7,2024106446,2026.8.12,美浦,ルーラーシップ,ダノンポピー,ダノックス,ノーザンファーム,,
美浦,D,左,20260812,水,6:48,ブレスドナイル,,牝,4,100,金成貴史,,,,,84.0,66.5,50.7,36.6,23.8,11.7,,,,17.5,15.8,14.1,12.8,12.1,11.7,2022110061,2026.8.12,美浦,"Gun Runner","Pioneer Queen",飯田正剛,"Chiyoda Farm",,
美浦,D,左,20260812,水,6:48,ローディアマント,,セ,6,0,尾関知人,,,,,81.6,65.6,51.2,37.4,24.2,11.8,,,,16.0,14.4,13.8,13.2,12.4,11.8,2020101429,2026.8.12,美浦,サトノダイヤモンド,ブロッサムレーン,シルクレーシング,クラウン日高牧場,,
美浦,D,左,20260812,水,6:48,ローンウルフ,,牡,5,0,武市康男,,,,,87.8,71.2,55.8,40.5,25.8,12.0,,,,16.6,15.4,15.3,14.7,13.8,12.0,2021104112,2026.8.12,美浦,リアルインパクト,シェリレーヌ,飯田正剛,千代田牧場,,
美浦,D,左,20260812,水,6:48,ワザモノ,,牡,8,900,尾関知人,,,,,80.8,65.0,50.6,37.0,24.0,11.8,,,,15.8,14.4,13.6,13.0,12.2,11.8,2018103560,2026.8.12,美浦,マツリダゴッホ,モトヒメ,ノルマンディーサラブレッドレーシング,岡田スタツド,,
美浦,D,左,20260812,水,6:49,インディヴァイン,,牡,3,400,林徹,,,,,84.3,68.5,53.1,38.2,24.2,11.5,,,,15.8,15.4,14.9,14.0,12.7,11.5,2023107090,2026.8.12,美浦,インディチャンプ,ソーディヴァイン,シルクレーシング,ノーザンファーム,,
美浦,D,左,20260812,水,6:49,ウキ,,牝,2,未出走,小手川準,,,,,87.8,69.7,54.6,39.5,24.7,11.7,,,,18.1,15.1,15.1,14.8,13.0,11.7,2024102743,2026.8.12,美浦,ビッグアーサー,エメライン,須本浩行,バンブー牧場,,
美浦,D,左,20260812,水,6:49,オストラヴァ,,牡,4,1500,林徹,,,,,84.8,68.7,53.4,38.5,24.4,11.6,,,,16.1,15.3,14.9,14.1,12.8,11.6,2022105456,2026.8.12,美浦,スクリーンヒーロー,ピュアコンチェルト,村野慎之介,社台ファーム,,
美浦,D,左,20260812,水,6:49,コールリッジ,,牡,3,0,林徹,,,,,86.6,68.0,52.9,38.0,23.9,11.6,,,,18.6,15.1,14.9,14.1,12.3,11.6,2023106338,2026.8.12,美浦,アルバート,モーニングフェイス,林正道,酒井牧場,,
美浦,D,左,20260812,水,6:49,シーラーステート,,牡,2,未出走,室井潔,,,,,81.5,65.4,51.2,37.0,23.7,11.6,,,,16.1,14.2,14.2,13.3,12.1,11.6,2024100676,2026.8.12,美浦,シルバーステート,ナシーラー,ゴドルフィン,ダーレー・ジャパン・ファーム,,
美浦,D,左,20260812,水,6:49,スターエンブレム,,牡,4,400,林徹,,,,,85.7,67.4,52.3,37.5,23.5,11.5,,,,18.3,15.1,14.8,14.0,12.0,11.5,2022105130,2026.8.12,美浦,ロードカナロア,リッスン,保坂和孝,ノーザンファーム,,
美浦,D,左,20260812,水,6:49,タイキラフター,,牡,6,1500,大竹正博,,,,,79.2,64.5,50.6,36.7,23.6,11.4,,,,14.7,13.9,13.9,13.1,12.2,11.4,2020106811,2026.8.12,美浦,ハーツクライ,アッシュベリー,大樹ファーム,ビクトリーホースランチ,,
美浦,D,左,20260812,水,6:49,ティピティーナ,,牝,4,400,林徹,,,,,82.7,66.7,51.7,37.1,23.5,11.2,,,,16.0,15.0,14.6,13.6,12.3,11.2,2022105376,2026.8.12,美浦,ニューイヤーズデイ,ステイホット,ジャコモ,社台ファーム,,
美浦,D,左,20260812,水,6:49,ヨドノタイヨウ,,牡,4,450,室井潔,,,,,81.0,65.0,51.1,36.8,23.6,11.6,,,,16.0,13.9,14.3,13.2,12.0,11.6,2022100348,2026.8.12,美浦,ミッキーロケット,ストロベリーハーツ,海原聖一,林農場,,
美浦,D,左,20260812,水,6:49,ランブリングガール,,牝,2,未出走,小手川準,,,,,87.1,69.0,53.9,39.0,24.3,11.6,,,,18.1,15.1,14.9,14.7,12.7,11.6,2024106070,2026.8.12,美浦,ルーラーシップ,ランブリングアレー,吉田千津,社台ファーム,,
美浦,D,左,20260812,水,6:49,ヴィジョンメーカー,,牡,4,400,林徹,,,,,83.8,68.1,52.8,38.0,24.0,11.5,,,,15.7,15.3,14.8,14.0,12.5,11.5,2022104884,2026.8.12,美浦,ルーラーシップ,タッチングスピーチ,サンデーレーシング,ノーザンファーム,,
美浦,D,左,20260812,水,6:50,アレックスケー,,牡,2,0,小野次郎,,,,,89.3,71.5,55.5,39.3,24.8,11.9,,,,17.8,16.0,16.2,14.5,12.9,11.9,2024101581,2026.8.12,美浦,ミスチヴィアスアレックス,キララアモーレ,小田健太,浦河小林牧場,,
美浦,D,左,20260812,水,6:50,デルマケセラセラ,,牝,4,400,小野次郎,,,,,89.8,72.0,55.7,39.5,24.9,11.9,,,,17.8,16.3,16.2,14.6,13.0,11.9,2022105477,2026.8.12,美浦,リオンディーズ,フロレットアレー,浅沼廣幸,社台ファーム,,
美浦,D,左,20260812,水,6:51,ガルダイア,,セ,4,1200,浅利英明,,,,,79.3,63.8,49.9,37.3,25.2,13.0,,,,15.5,13.9,12.6,12.1,12.2,13.0,2022104596,2026.8.12,美浦,エピファネイア,アステリックス,サンデーレーシング,ノーザンファーム,,
美浦,D,左,20260812,水,6:51,クリフハンガー,,セ,5,900,上原博之,,,,,83.7,66.9,52.4,38.2,24.1,11.5,,,,16.8,14.5,14.2,14.1,12.6,11.5,2021101701,2026.8.12,美浦,ルーラーシップ,リリックドラマ,ゴドルフィン,ダーレー・ジャパン・ファーム,,
美浦,D,左,20260812,水,6:51,グレヴィレア,,牝,4,80,浅利英明,,,,,80.6,64.8,50.4,37.0,24.6,12.7,,,,15.8,14.4,13.4,12.4,11.9,12.7,2022105001,2026.8.12,美浦,レイデオロ,フロアクラフト,吉田和美,ノーザンファーム,,
美浦,D,左,20260812,水,6:51,ノーブルアクト,,牝,6,400,上原博之,,,,,82.6,66.1,51.5,37.5,23.7,11.3,,,,16.5,14.6,14.0,13.8,12.4,11.3,2020104744,2026.8.12,美浦,マクフィ,クイーンロイド,芳賀滿男,フジワラフアーム,,
美浦,D,左,20260812,水,6:53,ジェイエルキール,,牝,2,未出走,菊川正達,,,,,85.0,68.1,52.8,38.0,24.1,11.7,,,,16.9,15.3,14.8,13.9,12.4,11.7,2024100834,2026.8.12,美浦,ノーブルミッション,ホウライフリート,橋元幸人,ナカノファーム,,
美浦,D,左,20260812,水,6:53,ノーブルフォース,,牡,2,未出走,菊川正達,,,,,85.6,68.6,53.4,38.6,24.7,12.3,,,,17.0,15.2,14.8,13.9,12.4,12.3,2024102994,2026.8.12,美浦,ジャスタウェイ,ブリシンガメン,吉木伸彦,カミイスタット,,
美浦,D,左,20260812,水,6:53,パルセノスミハ,,牝,2,0,菊川正達,,,,,85.7,69.0,53.8,38.5,24.2,11.9,,,,16.7,15.2,15.3,14.3,12.3,11.9,2024104736,2026.8.12,美浦,ヘニーヒューズ,リニューワブル,八巻弘一,千代田牧場,,
美浦,D,左,20260812,水,6:53,プラチナドリーム,,牡,7,900,菊川正達,,,,,84.4,68.0,52.8,37.7,23.4,11.4,,,,16.4,15.2,15.1,14.3,12.0,11.4,2019106330,2026.8.12,美浦,ホッコータルマエ,サティーヌアロム,飯田正剛,千代田牧場,,
美浦,D,左,20260812,水,6:54,セフィロ,,牝,6,3600,菊沢隆徳,,,,,83.5,67.1,52.1,37.3,23.7,11.3,,,,16.4,15.0,14.8,13.6,12.4,11.3,2020102836,2026.8.12,美浦,イスラボニータ,クリスプウインド,村野康司,社台ファーム,,
美浦,D,左,20260812,水,6:54,ミッキーソルジャー,,牡,4,1500,菊沢隆徳,,,,,82.5,66.2,51.3,36.8,23.3,11.2,,,,16.3,14.9,14.5,13.5,12.1,11.2,2022105520,2026.8.12,美浦,エピファネイア,マダムダンスアロット,野田みづき,社台ファーム,,
美浦,D,左,20260812,水,6:56,セイウンビッグバン,,牡,4,400,萱野浩二,,,,,85.2,67.9,52.3,37.7,24.2,11.8,,,,17.3,15.6,14.6,13.5,12.4,11.8,2022100737,2026.8.12,美浦,アドマイヤマーズ,セイウンメテオ,成田隆好,タツヤファーム,,
美浦,D,左,20260812,水,6:56,フェーダーローター,,牝,3,400,天間昭一,,,,,89.5,71.4,54.8,39.4,25.0,12.2,,,,18.1,16.6,15.4,14.4,12.8,12.2,2023106484,2026.8.12,美浦,ベンバトル,リープフラウミルヒ,サラブレッドクラブ・ラフィアン,ビッグレッドファーム,,
美浦,D,左,20260812,水,7:01,エコロゲラン,,牡,2,未出走,古賀大生,,,,,83.3,68.0,53.2,39.4,24.5,11.7,,,,15.3,14.8,13.8,14.9,12.8,11.7,2024104685,2026.8.12,美浦,オメガパフューム,サトノニーケ,原村正紀,千代田牧場,,
美浦,D,左,20260812,水,7:01,ショウナンワンパク,,牡,2,未出走,古賀大生,,,,,84.0,67.9,53.1,39.1,24.3,11.5,,,,16.1,14.8,14.0,14.8,12.8,11.5,2024104480,2026.8.12,美浦,カラヴァッジオ,ショウナンマシェリ,湘南,静内フアーム,,
美浦,D,左,20260812,水,7:01,シルバーレイン,,牡,4,900,古賀大生,,,,,82.2,66.5,51.7,37.6,23.9,11.6,,,,15.7,14.8,14.1,13.7,12.3,11.6,2022104942,2026.8.12,美浦,エピファネイア,ノームコア,池谷誠一,ノーザンファーム,,
美浦,D,左,20260812,水,7:01,ベアヒロシデス,,牡,2,未出走,杉浦宏昭,,,,,83.7,66.8,52.3,38.1,24.3,12.0,,,,16.9,14.5,14.2,13.8,12.3,12.0,2024104466,2026.8.12,美浦,デクラレーションオブウォー,ミヤビキラメキ,熊木浩,静内白井牧場,,
美浦,D,左,20260812,水,7:01,ルスデルカミーノ,,牡,2,未出走,杉浦宏昭,,,,,84.0,66.8,52.3,38.1,24.2,11.9,,,,17.2,14.5,14.2,13.9,12.3,11.9,2024100423,2026.8.12,美浦,ドレフォン,カーサデルシエロ,山岸桂市,下河辺牧場,,
美浦,D,左,20260812,水,7:01,ワンモメンタム,,セ,3,400,古賀大生,,,,,83.1,67.0,52.1,37.8,24.0,11.7,,,,16.1,14.9,14.3,13.8,12.3,11.7,2023103823,2026.8.12,美浦,ルヴァンスレーヴ,ワンブレスアウェイ,サンデーレーシング,社台コーポレーション白老ファーム,,
美浦,D,左,20260812,水,7:03,レーゲンシャウアー,,牝,2,0,天間昭一,,,,,90.6,71.2,54.9,40.0,24.9,12.1,,,,19.4,16.3,14.9,15.1,12.8,12.1,2024104453,2026.8.12,美浦,ディーマジェスティ,ラプザントゥール,ブルースターズファーム,サンデーヒルズ,,
美浦,D,左,20260812,水,7:04,ダノンピクチャー,,牡,4,900,田中博康,,,,,81.8,65.3,50.8,36.9,23.7,11.3,,,,16.5,14.5,13.9,13.2,12.4,11.3,2022104980,2026.8.12,美浦,ドゥラメンテ,ファイナルスコア,ダノックス,ノーザンファーム,,
美浦,D,左,20260812,水,7:04,ダノンマスタング,,牡,3,0,田中博康,,,,,83.1,66.5,51.7,37.7,24.0,11.4,,,,16.6,14.8,14.0,13.7,12.6,11.4,2023110093,2026.8.12,美浦,"Not This Time","In a Jif",ダノックス,"Taylor Made Stallions Inc Clark Brewster John Cummins et al.",,
美浦,D,左,20260812,水,7:04,ピクニックマーチ,,牝,2,400,竹内正洋,,,,,84.1,66.9,52.0,37.7,24.1,11.9,,,,17.2,14.9,14.3,13.6,12.2,11.9,2024101438,2026.8.12,美浦,シスキン,ラブリランテ,船越伸也,船越伸也,,
美浦,D,左,20260812,水,7:04,ユイノリュウギ,,牡,2,0,竹内正洋,,,,,83.5,66.6,51.7,37.5,24.1,12.0,,,,16.9,14.9,14.2,13.4,12.1,12.0,2024100431,2026.8.12,美浦,クリソベリル,ゴーインピース,由井健太郎,下河辺牧場,,
美浦,D,左,20260812,水,7:04,ロックユアライフ,,牝,3,0,田中博康,,,,,82.6,66.2,51.5,37.5,23.9,11.4,,,,16.4,14.7,14.0,13.6,12.5,11.4,2023105045,2026.8.12,美浦,サートゥルナーリア,レネーズタイタン,NICKS,三嶋牧場,,
美浦,D,左,20260812,水,7:06,イキデイナセ,,牡,2,未出走,佐藤吉勝,,,,,91.6,72.4,56.4,41.0,26.7,12.8,,,,19.2,16.0,15.4,14.3,13.9,12.8,2024103174,2026.8.12,美浦,サングレーザー,スイーツマジック,スピードファーム,スピードフアーム,,
美浦,D,左,20260812,水,7:06,ジーティーソレイユ,,牝,3,0,千葉直人,,,,,,,56.6,38.3,23.5,11.2,,,,,,18.3,14.8,12.3,11.2,2023103728,2026.8.12,美浦,キタサンブラック,リメンバーユー,田畑利彦,追分ファーム,,
美浦,D,左,20260812,水,7:06,ヒナノムサシ,,牡,3,400,本間忍,,,,,91.6,72.0,55.1,39.4,25.1,12.3,,,,19.6,16.9,15.7,14.3,12.8,12.3,2023101645,2026.8.12,美浦,ミッキーアイル,シルクリバー,日向英二,市川フアーム,,
美浦,D,左,20260812,水,7:06,リッチハンター,,牡,6,370,本間忍,,,,,91.6,71.9,54.9,39.3,25.0,12.2,,,,19.7,17.0,15.6,14.3,12.8,12.2,2020100555,2026.8.12,美浦,ホッコータルマエ,トモトモリバー,橋川欣司,秋場牧場,,
美浦,D,左,20260812,水,7:07,フィレルレーヴ,,牝,3,0,竹内正洋,,,,,87.5,69.5,53.5,38.3,24.3,11.9,,,,18.0,16.0,15.2,14.0,12.4,11.9,2023104351,2026.8.12,美浦,ドレフォン,ルトロヴァイユ,古川一弘,新冠橋本牧場,,
美浦,D,左,20260812,水,7:07,フォンデネージュ,,牝,4,400,武井亮,,,,,87.5,71.5,56.1,40.5,25.7,12.5,,,,16.0,15.4,15.6,14.8,13.2,12.5,2022105100,2026.8.12,美浦,ドレフォン,ユキチャン,シルクレーシング,ノーザンファーム,,
美浦,D,左,20260812,水,7:10,アーバンシック,,牡,5,14400,武井亮,159.5,135.0,115.1,97.5,81.8,66.5,51.9,37.5,23.9,11.6,19.9,17.6,15.7,15.3,14.6,14.4,13.6,12.3,11.6,2021105436,2026.8.12,美浦,スワーヴリチャード,エッジースタイル,シルクレーシング,ノーザンファーム,,
美浦,D,左,20260812,水,7:10,オオルリ,,牝,2,未出走,水野貴広,,,,,88.2,69.3,53.7,38.9,24.8,12.0,,,,18.9,15.6,14.8,14.1,12.8,12.0,2024103646,2026.8.12,美浦,ベンバトル,ウォーブル,ブルースターズファーム,ブルースターズファーム,,
美浦,D,左,20260812,水,7:10,タイダルロック,,牡,3,1500,武井亮,160.3,136.2,116.3,98.4,82.4,67.4,52.4,38.0,24.2,11.7,19.9,17.9,16.0,15.0,15.0,14.4,13.8,12.5,11.7,2023106861,2026.8.12,美浦,モーリス,アースライズ,サンデーレーシング,ノーザンファーム,,
美浦,D,左,20260812,水,7:10,ニシノギャルズ,,牝,3,0,水野貴広,,,,,87.4,68.5,53.1,38.2,24.0,11.4,,,,18.9,15.4,14.9,14.2,12.6,11.4,2023100360,2026.8.12,美浦,セイウンコウセイ,フィールドボニータ,西山茂行,前田ファーム,,
美浦,D,左,20260812,水,7:10,リッキースタイル,,牡,4,900,水野貴広,,,,,85.2,66.3,51.2,36.9,23.3,11.3,,,,18.9,15.1,14.3,13.6,12.0,11.3,2022103577,2026.8.12,美浦,ジャスタウェイ,ラズールリッキー,岡田牧雄,岡田スタツド,,
美浦,D,左,20260812,水,7:10,ヴァイザーバルコ,,セ,6,940,水野貴広,,,,,86.7,67.5,52.2,37.4,23.8,11.3,,,,19.2,15.3,14.8,13.6,12.5,11.3,2020106694,2026.8.12,美浦,ゴールドシップ,カレイメモワール,ディアレストクラブ,ディアレストクラブ,,
美浦,D,左,20260812,水,7:13,コスモコンフェルマ,,牡,4,900,鈴木慎太,,,,,83.7,67.1,52.9,38.6,24.3,11.4,,,,16.6,14.2,14.3,14.3,12.9,11.4,2022100526,2026.8.12,美浦,ホッコータルマエ,ソリッドリーズン,ビッグレッドファーム,沖田博志,,
美浦,D,左,20260812,水,7:13,フウセツ,,牡,4,1500,鈴木慎太,,,,,82.9,66.3,52.2,38.3,24.0,11.4,,,,16.6,14.1,13.9,14.3,12.6,11.4,2022101626,2026.8.12,美浦,サンダースノー,アプト,ゴドルフィン,ダーレー・ジャパン・ファーム,,
美浦,D,左,20260812,水,7:13,ホウオウシェリー,,牝,5,900,池上昌和,,,,,84.0,67.2,52.0,37.7,24.2,11.8,,,,16.8,15.2,14.3,13.5,12.4,11.8,2021103486,2026.8.12,美浦,ブリックスアンドモルタル,オヒア,小笹芳央,岡田スタツド,,
美浦,D,左,20260812,水,7:14,メジロピオラ,,牝,3,0,武井亮,,,,,86.7,69.1,54.0,39.5,25.5,12.3,,,,17.6,15.1,14.5,14.0,13.2,12.3,2023103905,2026.8.12,美浦,リオンディーズ,メジロシャレード,フィールドレーシング,レイクヴィラファーム,,
美浦,D,左,20260812,水,7:14,リアアーテシアン,,牝,3,0,武井亮,,,,,86.1,68.6,53.6,39.2,25.2,12.3,,,,17.5,15.0,14.4,14.0,12.9,12.3,2023103702,2026.8.12,美浦,シルバーステート,チェルシークロイスターズ,フィールドレーシング,追分ファーム,,
美浦,D,左,20260812,水,7:15,イナンナ,,牝,3,0,奥村武,,,,,84.8,67.7,52.8,38.2,24.2,11.7,,,,17.1,14.9,14.6,14.0,12.5,11.7,2023102211,2026.8.12,美浦,マジェスティックウォリアー,アンミ,武田茂男,まるとみ冨岡牧場,,
美浦,D,左,20260812,水,7:15,ピコベリー,,牝,2,未出走,奥村武,,,,,84.2,67.2,52.4,37.8,23.9,11.6,,,,17.0,14.8,14.6,13.9,12.3,11.6,2024100713,2026.8.12,美浦,モーリス,アヴァール,ビジュピコ,チャンピオンズファーム,,
美浦,D,左,20260812,水,7:16,オレンジリバー,,牝,3,0,黒岩陽一,165.0,141.0,119.8,99.2,80.0,65.0,51.5,38.6,26.0,13.0,21.2,20.6,19.2,15.0,13.5,12.9,12.6,13.0,13.0,2023103727,2026.8.12,美浦,スワーヴリチャード,リフタスフェルト,G1レーシング,追分ファーム,,
美浦,D,左,20260812,水,7:16,コールセレスト,,牝,2,未出走,武井亮,,,,,85.2,67.6,52.1,37.9,24.6,12.1,,,,17.6,15.5,14.2,13.3,12.5,12.1,2024106426,2026.8.12,美浦,ロードカナロア,セレスタ,シルクレーシング,ノーザンファーム,,
美浦,D,左,20260812,水,7:16,ファブリック,,牡,2,未出走,武井亮,,,,,85.9,67.7,52.2,38.0,24.7,12.1,,,,18.2,15.5,14.2,13.3,12.6,12.1,2024104851,2026.8.12,美浦,クリソベリル,ウィンクルム,FAレーシング,服部牧場,,
美浦,D,左,20260812,水,7:16,ファムクラジューズ,,牝,3,900,黒岩陽一,169.1,145.2,124.1,103.5,84.1,68.7,53.4,38.4,24.5,11.9,21.1,20.6,19.4,15.4,15.3,15.0,13.9,12.6,11.9,2023106433,2026.8.12,美浦,ベンバトル,キューンハイト,サラブレッドクラブ・ラフィアン,ビッグレッドファーム,,
美浦,D,左,20260812,水,7:16,ルクリーシア,,牝,3,0,黒岩陽一,167.4,142.9,121.6,100.7,81.5,66.3,52.3,38.3,25.0,12.2,21.3,20.9,19.2,15.2,14.0,14.0,13.3,12.8,12.2,2023107322,2026.8.12,美浦,ロードカナロア,リングネブラ,吉田勝己,ノーザンファーム,,
美浦,D,左,20260812,水,7:17,アルヴィア,,牡,5,160,和田雄二,,,,,86.9,69.4,53.9,38.8,24.7,11.9,,,,17.5,15.5,15.1,14.1,12.8,11.9,2021106965,2026.8.12,美浦,シュヴァルグラン,アイアムラヴィング,小泉修,三村卓也,,
美浦,D,左,20260812,水,7:17,ヴラディア,,牡,7,260,松尾卓哉,,,,,87.7,70.3,54.5,39.4,25.3,12.2,,,,17.4,15.8,15.1,14.1,13.1,12.2,2019105578,2026.8.12,美浦,ラブリーデイ,ユメノトキメキ,小泉修,登別上水牧場,,
美浦,D,左,20260812,水,7:18,アルアンダルス,,牝,2,0,小野次郎,,,,,86.5,69.2,53.4,38.0,23.9,11.6,,,,17.3,15.8,15.4,14.1,12.3,11.6,2024100316,2026.8.12,美浦,ジャスタウェイ,アズレージョ,布施慶士,グッドラック・ファーム,,
美浦,D,左,20260812,水,7:18,ウィステリアリヴァ,,牡,6,1500,小野次郎,,,,,86.8,68.5,53.5,38.2,23.7,11.5,,,,18.3,15.0,15.3,14.5,12.2,11.5,2020104708,2026.8.12,美浦,ロゴタイプ,クルールヴィオラ,ウエスト.フォレスト.ステイブル,藤川フアーム,,
美浦,D,左,20260812,水,7:18,クラディスティーナ,,牡,3,400,清水英克,,,,,88.5,69.6,54.1,38.6,24.3,11.6,,,,18.9,15.5,15.5,14.3,12.7,11.6,2023100796,2026.8.12,美浦,パドトロワ,クラウンデュナミス,矢野恭裕,クラウン日高牧場,,
美浦,D,左,20260812,水,7:18,コスモメイウェザー,,牡,3,0,高木登,,,,,88.7,69.1,53.9,39.0,24.9,12.0,,,,19.6,15.2,14.9,14.1,12.9,12.0,2023105330,2026.8.12,美浦,シルバーステート,ベルヴォーグ,ビッグレッドファーム,ノーザンファーム,,
美浦,D,左,20260812,水,7:18,コーリンカルベラ,,牡,5,660,小野次郎,,,,,87.2,69.2,53.9,38.3,23.7,11.5,,,,18.0,15.3,15.6,14.6,12.2,11.5,2021101195,2026.8.12,美浦,サトノアラジン,コーリンブリリアン,伊藤恵子,カロッテファーム,,
美浦,D,左,20260812,水,7:18,スタレネルヴェント,,牝,2,未出走,高木登,,,,,87.8,68.8,53.7,39.0,24.8,12.0,,,,19.0,15.1,14.7,14.2,12.8,12.0,2024107043,2026.8.12,美浦,リアルスティール,フィーリングトーン,街風隆雄,社台コーポレーション白老ファーム,,
美浦,D,左,20260812,水,7:18,ホワイトホール,,牝,2,未出走,清水英克,,,,,90.4,71.5,55.5,39.7,25.1,11.8,,,,18.9,16.0,15.8,14.6,13.3,11.8,2024104300,2026.8.12,美浦,ロジャーバローズ,スノーレイズ,ミルファーム,キヨタケ牧場,,
美浦,D,左,20260812,水,7:18,マイネルヘルリッヒ,,牡,2,未出走,清水英克,,,,,91.4,72.4,56.3,40.4,25.5,12.0,,,,19.0,16.1,15.9,14.9,13.5,12.0,2024102470,2026.8.12,美浦,ウインブライト,マイネグロリアーナ,サラブレッドクラブ・ラフィアン,荻伏三好フアーム,,
美浦,D,左,20260812,水,7:18,マートングレイス,,牝,2,未出走,高木登,,,,,86.5,68.3,53.1,38.5,24.5,11.8,,,,18.2,15.2,14.6,14.0,12.7,11.8,2024100474,2026.8.12,美浦,シニスターミニスター,マートンパーク,安原浩司,下河辺牧場,,
美浦,D,左,20260812,水,7:18,ミスターマーボー,,牡,3,400,青木孝文,,,,,83.4,66.5,50.7,36.7,24.0,11.9,,,,16.9,15.8,14.0,12.7,12.1,11.9,2023100831,2026.8.12,美浦,シュヴァルグラン,ハタノサンドリヨン,星野正道,グッドラック・ファーム,,
美浦,D,左,20260812,水,7:18,ミツカネリゲル,,牡,2,未出走,小野次郎,,,,,86.7,69.2,53.3,38.0,23.9,11.5,,,,17.5,15.9,15.3,14.1,12.4,11.5,2024109029,2026.8.12,美浦,サトノジェネシス,ハワイアンスマイル,小山田満,風ノ丘ファーム,,
美浦,D,左,20260812,水,7:18,ラウターユーベル,,牡,3,0,青木孝文,,,,,84.6,67.2,51.4,37.3,24.2,11.8,,,,17.4,15.8,14.1,13.1,12.4,11.8,2023102358,2026.8.12,美浦,ミッキーグローリー,アワフレイム,ノルマンディーサラブレッドレーシング,岡田スタツド,,
美浦,D,左,20260812,水,7:18,リオンパリス,,牡,2,未出走,清水英克,,,,,91.4,72.4,56.4,40.4,25.5,12.0,,,,19.0,16.0,16.0,14.9,13.5,12.0,2024105119,2026.8.12,美浦,リオンディーズ,ライトインパリス,井高義光,矢野牧場,,
美浦,D,左,20260812,水,7:19,ハルオーブ,,牡,6,630,武井亮,,,,,87.4,66.6,51.3,37.2,24.1,11.9,,,,20.8,15.3,14.1,13.1,12.2,11.9,2020104732,2026.8.12,美浦,ディーマジェスティ,ハルダヨリ,村上卓史,藤沢牧場,,
美浦,D,左,20260812,水,7:19,ユキノロイヤル,,牡,5,1500,小野次郎,,,,,84.6,67.4,51.8,37.1,23.6,11.4,,,,17.2,15.6,14.7,13.5,12.2,11.4,2021104326,2026.8.12,美浦,ディーマジェスティ,ユキノクイーン,井上基之,服部牧場,,
美浦,D,左,20260812,水,7:19,リキマル,,牡,2,未出走,青木孝文,,,,,84.2,67.8,53.0,39.2,25.5,12.3,,,,16.4,14.8,13.8,13.7,13.2,12.3,2024104688,2026.8.12,美浦,シュヴァルグラン,サーキットレディ,山口智,千代田牧場,,
美浦,D,左,20260812,水,7:21,ケブラダラボジェラ,,牝,2,未出走,伊藤伸一,,,,,82.6,66.2,52.3,38.1,24.4,11.7,,,,16.4,13.9,14.2,13.7,12.7,11.7,2024103613,2026.8.12,美浦,シルバーステート,バルタ,ビッグレッドファーム,ビッグレッドファーム,,
美浦,D,左,20260812,水,7:22,ワイルドミュール,,牝,3,0,鹿戸雄一,,,,,88.4,68.1,52.4,38.0,24.5,12.1,,,,20.3,15.7,14.4,13.5,12.4,12.1,2023103530,2026.8.12,美浦,サートゥルナーリア,ブルーハワイアン,村野康司,社台ファーム,,
美浦,D,左,20260812,水,7:23,スノーエルヴァ,,牝,3,0,中舘英二,,,,,86.9,69.2,54.1,38.9,24.9,12.3,,,,17.7,15.1,15.2,14.0,12.6,12.3,2023106145,2026.8.12,美浦,フィエールマン,カスタディーヴァ,石井輝昭,ディアレストクラブ,,
美浦,D,左,20260812,水,7:23,トーセンシントラ,,牡,2,未出走,中舘英二,,,,,87.0,69.2,54.1,38.8,24.9,12.2,,,,17.8,15.1,15.3,13.9,12.7,12.2,2024104757,2026.8.12,美浦,ハイランドリール,ヘルメット,島川隆哉,飛野牧場,,
美浦,D,左,20260812,水,7:23,ヴェールランス,,牡,7,1500,中舘英二,,,,,83.9,67.3,52.4,38.4,24.9,12.3,,,,16.6,14.9,14.0,13.5,12.6,12.3,2019104767,2026.8.12,美浦,キタサンブラック,ジュエラー,社台レースホース,社台ファーム,,
美浦,D,左,20260812,水,7:31,クラリティー,,牝,4,370,平岩大典,,,,,87.9,69.3,53.6,38.8,24.9,11.9,,,,18.6,15.7,14.8,13.9,13.0,11.9,2022101404,2026.8.12,美浦,サトノダイヤモンド,クラリネット,シンザンクラブ,下河辺牧場,,
美浦,D,左,20260812,水,7:31,フォーグッド,,セ,7,400,平岩大典,,,,,88.2,69.7,53.9,39.0,25.0,12.0,,,,18.5,15.8,14.9,14.0,13.0,12.0,2019105076,2026.8.12,美浦,ディープインパクト,ウィキッドリーパーフェクト,江馬由将,ノーザンファーム,,
美浦,D,左,20260812,水,7:45,キャネル,,牡,5,900,手塚貴久,,,,,86.9,70.3,53.8,38.3,24.1,11.7,,,,16.6,16.5,15.5,14.2,12.4,11.7,2021105885,2026.8.12,美浦,ブリックスアンドモルタル,レッドラヴィータ,落合幸弘,ノーザンファーム,,
美浦,D,左,20260812,水,7:45,コパノエビータ,,牝,5,900,手塚貴久,,,,,89.1,71.4,54.7,39.1,24.8,12.1,,,,17.7,16.7,15.6,14.3,12.7,12.1,2021102219,2026.8.12,美浦,ダノンレジェンド,コパノビジン,小林祥晃,ヤナガワ牧場,,
美浦,D,左,20260812,水,7:45,スクリプトール,,牡,2,0,手塚貴久,,,,,88.3,70.7,54.0,38.5,24.3,11.8,,,,17.6,16.7,15.5,14.2,12.5,11.8,2024106239,2026.8.12,美浦,ミッキーアイル,エレクトラム,落合幸弘,ノーザンファーム,,
美浦,D,左,20260812,水,7:45,ビービーエフォート,,牝,4,900,高柳瑞樹,,,,,81.6,66.3,51.4,37.1,24.0,11.9,,,,15.3,14.9,14.3,13.1,12.1,11.9,2022102421,2026.8.12,美浦,グレーターロンドン,ビービーラッハーン,坂東牧場,坂東牧場,,
美浦,D,左,20260812,水,7:45,プロスペクトパーク,,牡,4,400,高柳瑞樹,,,,,80.3,65.4,50.4,36.8,23.9,11.9,,,,14.9,15.0,13.6,12.9,12.0,11.9,2022105548,2026.8.12,美浦,キズナ,ラブリーベルナデット,社台レースホース,社台ファーム,,
美浦,D,左,20260812,水,7:45,ホウオウライラック,,牝,3,0,高柳瑞樹,,,,,83.2,67.5,52.5,38.0,24.7,12.5,,,,15.7,15.0,14.5,13.3,12.2,12.5,2023105618,2026.8.12,美浦,レイデオロ,ホウオウマルゴー,小笹芳央,神垣道弘,,
美浦,D,左,20260812,水,7:47,メトロポリターナ,,牝,5,490,粕谷昌央,,,,,,,53.4,37.4,24.0,11.9,,,,,,16.0,13.4,12.1,11.9,2021110040,2026.8.12,美浦,Masar,"Golden Globe",庄司修二,Godolphin,,
美浦,D,左,20260812,水,7:49,アップルザビート,,牡,2,0,本間忍,,,,,86.9,68.6,53.2,38.7,24.8,12.1,,,,18.3,15.4,14.5,13.9,12.7,12.1,2024109020,2026.8.12,美浦,エスケンデレヤ,フィッシュザビート,山下裕司,織笠時男,,
美浦,D,左,20260812,水,7:49,ウヌボレヤサン,,セ,5,400,本間忍,,,,,84.5,66.9,51.7,37.4,23.8,11.5,,,,17.6,15.2,14.3,13.6,12.3,11.5,2021104052,2026.8.12,美浦,ダノンレジェンド,サクラヴァニータ,松田真由美,谷岡スタット,,
美浦,D,左,20260812,水,7:49,キタノライブリー,,牝,4,900,本間忍,,,,,85.4,67.5,52.0,37.7,23.8,11.3,,,,17.9,15.5,14.3,13.9,12.5,11.3,2022106471,2026.8.12,美浦,アジアエクスプレス,バトルジェジェジェ,北所直人,飛渡牧場,,
美浦,D,左,20260812,水,7:50,クラオルグジェシダ,,牝,2,0,田島俊明,,,,,88.1,71.3,55.6,40.3,25.5,11.8,,,,16.8,15.7,15.3,14.8,13.7,11.8,2024100295,2026.8.12,美浦,デクラレーションオブウォー,マリノジュリア,矢野悦三,クラウン日高牧場,,
美浦,D,左,20260812,水,7:50,ビップチェイス,,牡,5,900,田島俊明,,,,,85.6,67.3,52.3,37.9,23.7,11.3,,,,18.3,15.0,14.4,14.2,12.4,11.3,2021105763,2026.8.12,美浦,アルアイン,ベッラレイア,鈴木邦英,ノーザンファーム,,
美浦,D,左,20260812,水,7:50,ヤマメライズ,,セ,3,400,田島俊明,,,,,85.3,67.1,51.9,37.7,23.5,11.2,,,,18.2,15.2,14.2,14.2,12.3,11.2,2023105128,2026.8.12,美浦,サートゥルナーリア,ヴァルドワーズ,越村哲男,小島牧場,,
美浦,D,左,20260812,水,7:52,スマイルカーブ,,牝,3,400,小手川準,,,,,88.0,70.5,54.8,39.3,24.9,11.9,,,,17.5,15.7,15.5,14.4,13.0,11.9,2023107078,2026.8.12,美浦,キズナ,スマイルミーティア,保坂和孝,ノーザンファーム,,
美浦,D,左,20260812,水,7:52,セイカタカキヤチク,,牡,2,0,相沢郁,,,,,84.5,67.9,52.3,38.0,24.5,12.0,,,,16.6,15.6,14.3,13.5,12.5,12.0,2024103128,2026.8.12,美浦,カレンブラックヒル,セイカハルカゼ,久米大,シンユウフアーム,,
美浦,D,左,20260812,水,7:52,ペルシアーノ,,牝,3,0,相沢郁,,,,,84.9,68.2,52.7,38.2,24.6,11.9,,,,16.7,15.5,14.5,13.6,12.7,11.9,2023100653,2026.8.12,美浦,ダノンプレミアム,スピアーノ,シミズレーシング,荒井ファーム,,
美浦,D,左,20260812,水,7:52,ポップグルーヴ,,牝,4,400,小手川準,,,,,88.9,71.3,55.4,39.9,25.0,11.9,,,,17.6,15.9,15.5,14.9,13.1,11.9,2022103443,2026.8.12,美浦,レッドファルクス,シティーポップ,馬場祥晃,石川牧場,,
美浦,D,左,20260812,水,7:54,オーパパ,,牡,3,0,斎藤誠,,,,,83.5,67.6,52.7,38.2,24.9,12.2,,,,15.9,14.9,14.5,13.3,12.7,12.2,2023103915,2026.8.12,美浦,アメリカンペイトリオット,アンシャンテ,金山克己,秋田牧場,,
美浦,D,左,20260812,水,7:54,ハナビ,,牝,2,未登録,,,,,,82.9,67.5,52.6,38.1,24.9,12.2,,,,15.4,14.9,14.5,13.2,12.7,12.2,2024100629,2026.8.12,,グレーターロンドン,マイビビアーヌ,,タバタファーム,,
美浦,D,左,20260812,水,7:56,インサイドエッジ,,牝,2,0,和田勇介,,,,,84.2,68.7,54.0,39.2,24.6,11.9,,,,15.5,14.7,14.8,14.6,12.7,11.9,2024107186,2026.8.12,美浦,エピファネイア,デアリングエッジ,社台レースホース,社台ファーム,,
美浦,D,左,20260812,水,7:56,メイショウソラル,,牡,3,0,和田勇介,,,,,85.6,69.9,55.2,40.2,25.7,12.6,,,,15.7,14.7,15.0,14.5,13.1,12.6,2023106562,2026.8.12,美浦,ダノンレジェンド,メイショウオトワ,松本好隆,太陽牧場,,
美浦,D,左,20260812,水,8:12,アムールドパリ,,牝,5,2400,稲垣幸雄,,,,,84.3,67.9,53.2,38.8,25.1,12.3,,,,16.4,14.7,14.4,13.7,12.8,12.3,2021105264,2026.8.12,美浦,マインドユアビスケッツ,ラブリネスオブパリ,吉田千津,社台ファーム,,
美浦,D,左,20260812,水,8:19,テキサス,,牡,2,未出走,田中博康,,,,,85.7,68.8,53.7,39.4,25.5,12.1,,,,16.9,15.1,14.3,13.9,13.4,12.1,2024105048,2026.8.12,美浦,Baaeed,トニトーズ,エムズレーシング,前谷牧場,,
美浦,D,左,20260812,水,8:19,フライングビーナス,,牝,3,0,田中博康,,,,,86.2,69.1,54.0,39.7,25.7,12.2,,,,17.1,15.1,14.3,14.0,13.5,12.2,2023101588,2026.8.12,美浦,エピファネイア,フライングジェム,インゼルレーシング,ヤナガワ牧場,,
美浦,D,左,20260812,水,8:19,プロテウス,,牡,2,未出走,田中博康,,,,,85.3,68.6,53.5,39.3,25.4,12.1,,,,16.7,15.1,14.2,13.9,13.3,12.1,2024105729,2026.8.12,美浦,キタサンブラック,アットザシーサイド,社台レースホース,社台ファーム,,
