場所,コース,回り,年月日,曜日,時刻,馬名,Ｃ,性別,年齢,収得賞金,調教師,10F,9F,8F,7F,6F,5F,4F,3F,2F,1F,Lap9,Lap8,Lap7,Lap6,Lap5,Lap4,Lap3,Lap2,Lap1,血統登録番号,日付S,所属,種牡馬名,母名,現馬主名,生産者名,関連データ,馬番/仮番(出馬表モード時のみ)
栗東,C,右,20260715,水,4:57,ダノンアトラス,,牡,5,400,橋口慎介,,,,,,,53.7,38.1,23.9,11.9,,,,,,15.6,14.2,12.0,11.9,2021105113,2026.7.15,栗東,ミッキーロケット,ダノンジャンヌ,ダノックス,社台ファーム,,
栗東,C,右,20260715,水,4:58,エアロクリスタ,,牡,2,未出走,池添学,,142.0,122.3,102.9,85.2,69.5,54.0,37.9,22.9,11.3,19.7,19.4,17.7,15.7,15.5,16.1,15.0,11.6,11.3,2024103815,2026.7.15,栗東,カラヴァッジオ,ブライトメッセージ,福本純,三村卓也,,
栗東,C,右,20260715,水,4:58,エイカイマッケンロ,,セ,7,1500,藤原英昭,,136.7,117.0,98.2,81.6,66.6,52.0,37.1,23.3,11.8,19.7,18.8,16.6,15.0,14.6,14.9,13.8,11.5,11.8,2019104800,2026.7.15,栗東,ロードカナロア,ダイワミランダ,二木英実,社台ファーム,,
栗東,C,右,20260715,水,4:58,ステイクオール,,セ,4,400,上村洋行,,143.5,122.0,100.8,82.6,67.7,52.8,37.5,23.4,11.9,21.5,21.2,18.2,14.9,14.9,15.3,14.1,11.5,11.9,2022105848,2026.7.15,栗東,ナダル,ボールドアテンプト,キャロットファーム,社台コーポレーション白老ファーム,,
栗東,C,右,20260715,水,4:58,ファーヴェント,,牡,5,3250,藤原英昭,,133.7,113.7,95.5,79.2,64.5,50.3,35.8,22.3,11.3,20.0,18.2,16.3,14.7,14.2,14.5,13.5,11.0,11.3,2021104893,2026.7.15,栗東,ハーツクライ,トータルヒート,キャロットファーム,社台コーポレーション白老ファーム,,
栗東,C,右,20260715,水,4:58,ブレイクアウェイ,,牡,2,未出走,上村洋行,,140.6,120.2,99.7,81.3,66.1,51.6,37.1,23.1,11.4,20.4,20.5,18.4,15.2,14.5,14.5,14.0,11.7,11.4,2024105872,2026.7.15,栗東,キズナ,ザウェイアイアム,ライオンレースホース,社台ファーム,,
栗東,C,右,20260715,水,4:58,ベラジオパンテーラ,,牡,2,未出走,上村洋行,,141.9,120.4,99.5,81.2,66.4,51.5,36.3,22.5,11.2,21.5,20.9,18.3,14.8,14.9,15.2,13.8,11.3,11.2,2024107026,2026.7.15,栗東,キズナ,ダイワダッチェス,ベラジオレーシング,社台コーポレーション白老ファーム,,
栗東,C,右,20260715,水,4:58,モモンウールー,,牝,5,900,池添学,,143.1,123.4,103.7,85.9,70.0,54.4,38.2,22.9,11.3,19.7,19.7,17.8,15.9,15.6,16.2,15.3,11.6,11.3,2021105984,2026.7.15,栗東,ドレフォン,ユアスイスイ,MOMOレーシング,レイクヴィラファーム,,
栗東,C,右,20260715,水,4:58,ライトオブヌカタ,,牡,3,900,上村洋行,,141.3,120.6,100.3,81.8,66.6,52.0,37.3,23.3,11.5,20.7,20.3,18.5,15.2,14.6,14.7,14.0,11.8,11.5,2023103087,2026.7.15,栗東,"City of Light",ネバーギブアップ,辻子依旦,服部牧場,,
栗東,C,右,20260715,水,4:58,レクスノヴァス,,牡,4,2400,上村洋行,,140.8,119.4,99.1,80.8,66.0,51.3,36.1,22.4,11.2,21.4,20.3,18.3,14.8,14.7,15.2,13.7,11.2,11.2,2022107282,2026.7.15,栗東,キタサンブラック,ウルティマミューズ,ノルマンディーサラブレッドレーシング,浜本牧場,,
栗東,C,右,20260715,水,4:59,アレ,,牡,5,900,中内田充,,139.6,119.2,99.5,82.0,66.9,51.9,36.8,22.8,11.3,20.4,19.7,17.5,15.1,15.0,15.1,14.0,11.5,11.3,2021103287,2026.7.15,栗東,シルバーステート,ルックアミリオン,寺田秀樹,三嶋牧場,,
栗東,C,右,20260715,水,4:59,スノースケープ,,牝,3,400,中内田充,,138.4,120.7,102.1,84.5,69.3,54.1,38.2,23.6,11.6,17.7,18.6,17.6,15.2,15.2,15.9,14.6,12.0,11.6,2023107516,2026.7.15,栗東,Frankel,"Shadow Hunter",S.マグニア,"Capital Bloodstock",,
栗東,C,右,20260715,水,4:59,トップランキング,,牡,2,未登録,,,139.9,120.5,101.8,84.6,69.0,53.6,38.2,23.7,11.8,19.4,18.7,17.2,15.6,15.4,15.4,14.5,11.9,11.8,2024103687,2026.7.15,,エフフォーリア,ラブローレル,,北星村田牧場,,
栗東,C,右,20260715,水,4:59,ナムラティアラ,,牝,3,400,牧田和弥,,140.0,119.5,100.0,83.3,68.4,52.8,36.6,22.4,11.1,20.5,19.5,16.7,14.9,15.6,16.2,14.2,11.3,11.1,2023106228,2026.7.15,栗東,ジョーカプチーノ,ナムラテンゲル,奈村睦弘,森政巳,,
栗東,C,右,20260715,水,4:59,フレイムスター,,牡,3,400,清水久詞,,139.3,119.2,100.0,82.8,67.5,52.7,37.3,23.2,11.5,20.1,19.2,17.2,15.3,14.8,15.4,14.1,11.7,11.5,2023101577,2026.7.15,栗東,ドレフォン,テーオーヴィーナス,辻子依旦,ヤナガワ牧場,,
栗東,C,右,20260715,水,4:59,ブームバップビート,,牡,3,400,中内田充,,140.8,119.9,100.2,82.6,67.6,52.4,37.2,23.0,11.3,20.9,19.7,17.6,15.0,15.2,15.2,14.2,11.7,11.3,2023110070,2026.7.15,栗東,"Into Mischief","Point of Honor",藤田晋,"Alpha Delta Stables LLC",,
栗東,C,右,20260715,水,4:59,マテンロウヒルズ,,牡,2,未出走,清水久詞,,137.1,118.4,99.7,83.1,67.7,52.8,37.7,23.5,11.9,18.7,18.7,16.6,15.4,14.9,15.1,14.2,11.6,11.9,2024100427,2026.7.15,栗東,ロードカナロア,クリーンファンキー,寺田千代乃,下河辺牧場,,
栗東,C,右,20260715,水,4:59,マディソンガール,,牝,4,900,中内田充,,138.7,118.8,99.1,81.8,66.4,51.7,36.7,22.7,11.2,19.9,19.7,17.3,15.4,14.7,15.0,14.0,11.5,11.2,2022105098,2026.7.15,栗東,キズナ,ヤンキーローズ,サンデーレーシング,ノーザンファーム,,
栗東,C,右,20260715,水,4:59,モンテシート,,牡,4,1500,牧田和弥,,138.7,117.9,98.6,82.4,67.5,52.2,36.4,22.4,11.2,20.8,19.3,16.2,14.9,15.3,15.8,14.0,11.2,11.2,2022105108,2026.7.15,栗東,ミッキーアイル,ラカリフォルニー,吉田勝己,ノーザンファーム,,
栗東,C,右,20260715,水,4:59,リンカーンバローズ,,牡,2,未出走,清水久詞,,137.9,119.7,100.6,83.5,68.0,53.0,37.7,23.5,11.8,18.2,19.1,17.1,15.5,15.0,15.3,14.2,11.7,11.8,2024104871,2026.7.15,栗東,キタサンブラック,マニヤラ,猪熊広次,服部牧場,,
栗東,C,右,20260715,水,5:00,プリマアルバ,,牡,2,0,新谷功一,,140.3,119.7,98.8,81.3,66.8,52.7,38.2,24.0,11.8,20.6,20.9,17.5,14.5,14.1,14.5,14.2,12.2,11.8,2024100190,2026.7.15,栗東,ルーラーシップ,ツクバビューティ,白石明日香,奥山ファーム,,
栗東,C,右,20260715,水,5:00,ペガサスジルシ,,牝,3,0,新谷功一,,139.7,119.4,98.5,81.1,66.5,52.5,37.9,23.8,11.8,20.3,20.9,17.4,14.6,14.0,14.6,14.1,12.0,11.8,2023107350,2026.7.15,栗東,ブリックスアンドモルタル,レネットグルーヴ,後藤和成,ノーザンファーム,,
栗東,C,右,20260715,水,5:01,アントラヴァースト,,牡,2,未出走,渡辺薫彦,,143.6,122.9,103.0,84.5,68.1,51.9,37.1,23.7,11.8,20.7,19.9,18.5,16.4,16.2,14.8,13.4,11.9,11.8,2024101947,2026.7.15,栗東,マジェスティックウォリアー,サンレイキズナ,辻牧場,辻牧場,,
栗東,C,右,20260715,水,5:01,クリコバロー,,牡,3,0,渡辺薫彦,,145.9,125.0,104.9,86.5,70.0,53.4,37.9,23.8,11.5,20.9,20.1,18.4,16.5,16.6,15.5,14.1,12.3,11.5,2023101412,2026.7.15,栗東,ロジャーバローズ,クリノリトミシュル,栗本依利子,宝寄山拓樹,,
栗東,C,右,20260715,水,5:01,ベニバナ,,牝,2,未出走,渡辺薫彦,,144.5,123.7,103.5,85.0,68.5,52.1,37.0,23.7,11.7,20.8,20.2,18.5,16.5,16.4,15.1,13.3,12.0,11.7,2024104447,2026.7.15,栗東,モーリス,ファートゥア,岡浩二,サンデーヒルズ,,
栗東,C,右,20260715,水,5:01,ベリベリハッピー,,牝,3,0,渡辺薫彦,,146.7,125.5,105.4,86.9,70.2,53.8,37.8,23.7,11.4,21.2,20.1,18.5,16.7,16.4,16.0,14.1,12.3,11.4,2023104441,2026.7.15,栗東,パイロ,ヴェイルドクリス,小島將之,ハシモトフアーム,,
栗東,C,右,20260715,水,5:02,アウローラシエル,,牡,6,190,森田直行,,149.7,126.0,104.0,83.8,66.8,51.8,37.3,23.4,11.7,23.7,22.0,20.2,17.0,15.0,14.5,13.9,11.7,11.7,2020101781,2026.7.15,栗東,アメリカンペイトリオット,ヤヤラーラ,高橋正雄,田端牧場,,
栗東,C,右,20260715,水,5:02,アステリアート,,牡,3,0,高橋義忠,,138.1,118.9,100.6,83.0,66.3,50.7,36.6,23.1,11.6,19.2,18.3,17.6,16.7,15.6,14.1,13.5,11.5,11.6,2023104950,2026.7.15,栗東,ヴァンゴッホ,ルフランエトワール,OHEレーシング,富田牧場,,
栗東,C,右,20260715,水,5:02,アリエスキング,,牡,5,900,庄野靖志,,145.6,124.6,104.9,85.9,71.0,55.1,38.8,23.5,11.1,21.0,19.7,19.0,14.9,15.9,16.3,15.3,12.4,11.1,2021101468,2026.7.15,栗東,シニスターミニスター,ピシーズクイーン,三宅勝俊,庄野牧場,,
栗東,C,右,20260715,水,5:02,クアトロジャック,,牡,5,1500,庄野靖志,,146.8,125.7,105.7,86.8,71.6,55.7,39.3,23.8,11.2,21.1,20.0,18.9,15.2,15.9,16.4,15.5,12.6,11.2,2021106105,2026.7.15,栗東,マジェスティックウォリアー,ハマナス,月舘範行,オリエント牧場,,
栗東,C,右,20260715,水,5:02,ジューンセクレタ,,牡,3,400,武英智,,157.4,134.0,110.5,90.1,71.2,54.3,37.7,23.0,11.1,23.4,23.5,20.4,18.9,16.9,16.6,14.7,11.9,11.1,2023110029,2026.7.15,栗東,"Maclean's Music","Bazinga Baby",吉川潤,"Town & Country Farms LLC",,
栗東,C,右,20260715,水,5:02,ビエントゾンダ,,牝,2,未出走,武英智,,157.9,134.5,111.1,90.4,71.7,54.6,37.9,23.1,11.1,23.4,23.4,20.7,18.7,17.1,16.7,14.8,12.0,11.1,2024105866,2026.7.15,栗東,ロードカナロア,サボールアトリウンフォ,社台レースホース,社台ファーム,,
栗東,C,右,20260715,水,5:02,フルーツバスケット,,牡,2,0,前川恭子,,148.3,125.9,104.2,85.3,69.4,54.2,38.4,23.6,11.6,22.4,21.7,18.9,15.9,15.2,15.8,14.8,12.0,11.6,2024104561,2026.7.15,栗東,モーリス,オーソレミオ,鈴木剛史,タイヘイ牧場,,
栗東,C,右,20260715,水,5:02,ホットロッドハート,,牡,2,未出走,前川恭子,,147.8,125.5,103.3,84.5,68.7,53.6,38.0,23.4,11.6,22.3,22.2,18.8,15.8,15.1,15.6,14.6,11.8,11.6,2024105800,2026.7.15,栗東,ホットロッドチャーリー,オメガハートソング,吉田照哉,社台ファーム,,
栗東,C,右,20260715,水,5:02,ラブアイミー,,牝,4,400,森田直行,,150.8,127.1,105.0,84.5,67.5,52.4,37.6,23.6,11.8,23.7,22.1,20.5,17.0,15.1,14.8,14.0,11.8,11.8,2022107258,2026.7.15,栗東,サンダースノー,ラブカンプー,増田陽一,奥山ファーム,,
栗東,C,右,20260715,水,5:03,ウエストナウ,,牡,5,5200,寺島良,,,,,84.1,67.5,52.6,37.3,22.9,11.2,,,,16.6,14.9,15.3,14.4,11.7,11.2,2021106645,2026.7.15,栗東,キズナ,ファヴォーラ,寺田寿男,ノースヒルズ,,
栗東,C,右,20260715,水,5:03,ツーハーツ,,牡,2,未出走,寺島良,,,,,85.2,68.4,53.2,37.9,23.2,11.2,,,,16.8,15.2,15.3,14.7,12.0,11.2,2024103368,2026.7.15,栗東,スワーヴリチャード,スタークォーツ,山口正行,新冠伊藤牧場,,
栗東,C,右,20260715,水,5:03,ノーランサンライズ,,牝,4,1500,佐藤悠太,,,,,82.9,67.1,52.4,37.6,23.5,11.5,,,,15.8,14.7,14.8,14.1,12.0,11.5,2022102219,2026.7.15,栗東,キタサンブラック,ブラボーデイジー,松岡隆雄,ヤナガワ牧場,,
栗東,C,右,20260715,水,5:03,リテラシー,,牡,3,0,昆貢,,141.4,121.6,102.2,84.2,68.2,52.3,36.9,22.8,11.3,19.8,19.4,18.0,16.0,15.9,15.4,14.1,11.5,11.3,2023105215,2026.7.15,栗東,サートゥルナーリア,ホーリーウーマン,安原浩司,アスラン,,
栗東,C,右,20260715,水,5:03,ルクスディグニティ,,牡,3,0,昆貢,,142.3,122.2,102.7,84.8,68.7,52.8,37.3,23.2,11.5,20.1,19.5,17.9,16.1,15.9,15.5,14.1,11.7,11.5,2023100669,2026.7.15,栗東,リオンディーズ,サトノルミナス,ルクス,いとう牧場,,
栗東,C,右,20260715,水,5:04,ジョワイユノエル,,牝,4,400,辻野泰之,,,,,84.8,68.1,53.1,38.0,24.0,12.0,,,,16.7,15.0,15.1,14.0,12.0,12.0,2022105715,2026.7.15,栗東,キタサンブラック,ナターレ,G1レーシング,追分ファーム,,
栗東,C,右,20260715,水,5:04,ペアレンツギフト,,牝,3,400,中内田充,,,,,82.5,67.1,52.8,38.0,23.5,11.5,,,,15.4,14.3,14.8,14.5,12.0,11.5,2023103719,2026.7.15,栗東,"St Mark's Basilica",ペアレンツプレアー,G1レーシング,追分ファーム,,
栗東,C,右,20260715,水,5:04,ルージュミステリオ,,牝,4,400,辻野泰之,,,,,84.4,67.8,52.8,37.8,23.9,12.0,,,,16.6,15.0,15.0,13.9,11.9,12.0,2022101399,2026.7.15,栗東,ナダル,カーサデルシエロ,東京ホースレーシング,下河辺牧場,,
栗東,C,右,20260715,水,5:06,サダムオプシス,,牡,5,1500,平田修,,141.8,121.2,101.6,83.2,67.1,51.7,36.6,22.6,11.1,20.6,19.6,18.4,16.1,15.4,15.1,14.0,11.5,11.1,2021105474,2026.7.15,栗東,ルーラーシップ,カレンオプシス,大西美生子,ノーザンファーム,,
栗東,C,右,20260715,水,5:07,グレンセロース,,牝,3,0,池添学,,,,,,,54.9,38.7,24.4,12.3,,,,,,16.2,14.3,12.1,12.3,2023103794,2026.7.15,栗東,オルフェーヴル,ソルヴェイグ,社台レースホース,社台コーポレーション白老ファーム,,
栗東,C,右,20260715,水,5:07,マリナーヴァレイ,,牝,2,未出走,石坂公一,,142.6,124.9,105.9,88.8,72.9,57.0,40.9,25.5,12.1,17.7,19.0,17.1,15.9,15.9,16.1,15.4,13.4,12.1,2024106232,2026.7.15,栗東,アドマイヤマーズ,エリーシエズワールド,サンデーレーシング,ノーザンファーム,,
栗東,C,右,20260715,水,5:07,ユメハハテシナク,,牡,6,900,石坂公一,,137.9,119.6,100.8,85.1,70.3,54.3,39.8,24.9,12.0,18.3,18.8,15.7,14.8,16.0,14.5,14.9,12.9,12.0,2020106399,2026.7.15,栗東,ダイワメジャー,テイコフトウショウ,江口博美,杵臼牧場,,
栗東,C,右,20260715,水,5:08,コスモグローリー,,牡,4,400,北出成人,,148.2,125.5,104.1,85.8,69.1,53.2,38.5,23.8,11.6,22.7,21.4,18.3,16.7,15.9,14.7,14.7,12.2,11.6,2022105470,2026.7.15,栗東,キズナ,フォルト,コスモ・コスモ,社台ファーム,,
栗東,C,右,20260715,水,5:08,ダノンアズール,,牡,2,未出走,茶木太樹,,155.9,131.7,108.4,87.3,70.3,54.5,38.8,24.3,11.9,24.2,23.3,21.1,17.0,15.8,15.7,14.5,12.4,11.9,2024106361,2026.7.15,栗東,ダノンキングリー,ショウリュウハル,ダノックス,ノーザンファーム,,
栗東,C,右,20260715,水,5:08,ニシノフランケン,,牡,2,0,北出成人,,148.3,126.0,104.7,86.3,69.5,53.6,38.5,23.8,11.7,22.3,21.3,18.4,16.8,15.9,15.1,14.7,12.1,11.7,2024103936,2026.7.15,栗東,タニノフランケル,ニシノカグラ,西山茂行,メイタイファーム,,
栗東,C,右,20260715,水,5:08,ノーマンデー,,牡,2,未出走,茶木太樹,,157.0,132.3,109.1,87.9,70.8,54.9,39.2,24.4,11.9,24.7,23.2,21.2,17.1,15.9,15.7,14.8,12.5,11.9,2024104498,2026.7.15,栗東,サートゥルナーリア,ダイワプロパー,竹内真,静内フジカワ牧場,,
栗東,C,右,20260715,水,5:08,ブラックミューズ,,牝,2,0,松永幹夫,,140.2,120.1,101.0,83.8,68.2,52.5,37.3,23.0,11.2,20.1,19.1,17.2,15.6,15.7,15.2,14.3,11.8,11.2,2024106131,2026.7.15,栗東,ミスターメロディ,アドマイヤアロー,柳田悠岐,ノーザンファーム,,
栗東,C,右,20260715,水,5:08,ヤマニンループ,,牡,7,900,松永幹夫,,138.3,118.0,99.1,82.1,66.8,51.3,36.4,22.7,11.1,20.3,18.9,17.0,15.3,15.5,14.9,13.7,11.6,11.1,2019100606,2026.7.15,栗東,ディープインパクト,ヤマニンプードレ,土井肇,錦岡牧場,,
栗東,C,右,20260715,水,5:08,ルバート,,牡,2,未出走,茶木太樹,,157.8,132.8,109.5,88.6,71.4,55.5,39.6,24.3,11.8,25.0,23.3,20.9,17.2,15.9,15.9,15.3,12.5,11.8,2024107023,2026.7.15,栗東,ルーラーシップ,タイムハンドラー,G1レーシング,社台コーポレーション白老ファーム,,
栗東,C,右,20260715,水,5:08,レインボーステート,,牡,3,0,茶木太樹,,150.1,125.0,100.7,81.2,65.6,51.1,36.6,23.2,11.6,25.1,24.3,19.5,15.6,14.5,14.5,13.4,11.6,11.6,2023106943,2026.7.15,栗東,シルバーステート,カイルアコナ,シルクレーシング,ノーザンファーム,,
栗東,C,右,20260715,水,5:09,キーンセンス,,牡,3,400,松永幹夫,,130.8,113.5,96.2,79.7,65.0,51.1,37.4,24.2,12.2,17.3,17.3,16.5,14.7,13.9,13.7,13.2,12.0,12.2,2023110036,2026.7.15,栗東,Munnings,Canny,シルクレーシング,"Stonehaven Steadings",,
栗東,C,右,20260715,水,5:10,エコロヴァルツ,,牡,5,6000,牧浦充徳,,141.3,122.6,104.4,86.8,69.9,54.4,39.1,24.6,11.7,18.7,18.2,17.6,16.9,15.5,15.3,14.5,12.9,11.7,2021101436,2026.7.15,栗東,ブラックタイド,プティプランセス,原村正紀,下河辺牧場,,
栗東,C,右,20260715,水,5:11,グランシャン,,牡,3,0,松永幹夫,,141.8,121.5,101.9,83.4,67.4,52.7,37.6,23.8,11.9,20.3,19.6,18.5,16.0,14.7,15.1,13.8,11.9,11.9,2023102630,2026.7.15,栗東,キズナ,サトノジェイド,モンレーヴ,今牧場,,
栗東,C,右,20260715,水,5:11,フランキーバローズ,,牡,4,500,池江泰寿,,,,,,,55.7,38.3,23.6,11.5,,,,,,17.4,14.7,12.1,11.5,2022101417,2026.7.15,栗東,オルフェーヴル,シークレットアセット,猪熊広次,下河辺牧場,,
栗東,C,右,20260715,水,5:11,ボンドロア,,牡,4,900,松永幹夫,,139.5,119.3,99.8,81.5,65.9,51.6,37.5,24.0,12.1,20.2,19.5,18.3,15.6,14.3,14.1,13.5,11.9,12.1,2022105485,2026.7.15,栗東,サートゥルナーリア,ブリッジクライム,寺田寿男,社台ファーム,,
栗東,C,右,20260715,水,5:11,ミッキージャンプ,,牡,3,400,池江泰寿,,,,,,,54.3,38.2,24.1,11.7,,,,,,16.1,14.1,12.4,11.7,2023105274,2026.7.15,栗東,サートゥルナーリア,オンディナドバイ,野田みづき,ノーザンファーム,,
栗東,C,右,20260715,水,5:14,テーオーライガ,,牡,2,未出走,浜田多実,,139.1,120.2,101.7,84.1,69.4,55.4,39.9,24.4,12.0,18.9,18.5,17.6,14.7,14.0,15.5,15.5,12.4,12.0,2024101216,2026.7.15,栗東,ミスターメロディ,テーオーキャンディ,小笹公也,ヤナガワ牧場,,
栗東,C,右,20260715,水,5:14,ラッキーハナコ,,牝,2,未出走,浜田多実,,139.0,120.1,101.5,84.0,69.3,55.3,39.9,24.4,12.0,18.9,18.6,17.5,14.7,14.0,15.4,15.5,12.4,12.0,2024104655,2026.7.15,栗東,バンドワゴン,ハナズクリーム,大田恭充,谷藤弘美,,
栗東,C,右,20260715,水,5:15,セイフウサツキ,,牡,4,0,松永幹夫,,147.4,126.5,105.4,86.1,70.4,55.5,39.6,24.9,12.6,20.9,21.1,19.3,15.7,14.9,15.9,14.7,12.3,12.6,2022101461,2026.7.15,栗東,サトノクラウン,モンローライン,柳田悠岐,下河辺牧場,,
栗東,C,右,20260715,水,5:17,メイショウシナノ,,牡,6,1500,大橋勇樹,,141.7,121.6,101.4,82.9,67.0,51.9,37.1,23.4,11.9,20.1,20.2,18.5,15.9,15.1,14.8,13.7,11.5,11.9,2020106635,2026.7.15,栗東,サトノダイヤモンド,アルボナンザ,松本好隆,辻牧場,,
栗東,C,右,20260715,水,5:17,メイショウメゴヒメ,,牝,3,0,大橋勇樹,,143.0,122.6,102.1,83.4,67.6,52.3,37.1,23.4,11.9,20.4,20.5,18.7,15.8,15.3,15.2,13.7,11.5,11.9,2023109040,2026.7.15,栗東,アニマルキングダム,メイショウアシタバ,松本好隆,谷川ファーム,,
栗東,C,右,20260715,水,5:18,キングケープ,,牡,3,400,大橋勇樹,,150.4,127.3,106.4,86.8,70.9,55.9,40.0,25.0,12.5,23.1,20.9,19.6,15.9,15.0,15.9,15.0,12.5,12.5,2023102990,2026.7.15,栗東,フィエールマン,グリーンケープ,伊藤裕章,友田牧場,,
栗東,C,右,20260715,水,5:18,トゥデイイズザデイ,,牡,7,2400,池江泰寿,,,,,84.1,67.6,52.6,37.5,23.7,12.0,,,,16.5,15.0,15.1,13.8,11.7,12.0,2019100628,2026.7.15,栗東,ディープインパクト,キトゥンズクイーン,前田葉子,ノースヒルズ,,
栗東,C,右,20260715,水,5:20,ダイメイミラクル,,牡,3,0,本田優,,146.2,124.1,102.9,84.4,68.5,52.9,37.7,23.6,11.9,22.1,21.2,18.5,15.9,15.6,15.2,14.1,11.7,11.9,2023101605,2026.7.15,栗東,アジアエクスプレス,ダイメイダーク,宮本孝一,横井哲,,
栗東,C,右,20260715,水,5:20,メイショウジェード,,牡,2,未出走,本田優,,145.3,123.2,102.2,83.5,67.8,52.4,37.3,23.2,11.7,22.1,21.0,18.7,15.7,15.4,15.1,14.1,11.5,11.7,2024102305,2026.7.15,栗東,ダノンキングリー,メイショウブーケ,松本好隆,三嶋牧場,,
栗東,C,右,20260715,水,5:20,レイワノキセキ,,牡,3,0,本田優,,147.8,125.1,103.8,85.1,68.7,53.1,37.8,23.6,12.0,22.7,21.3,18.7,16.4,15.6,15.3,14.2,11.6,12.0,2023102718,2026.7.15,栗東,シルバーステート,ミヤビキラメキ,猪又晶介,静内白井牧場,,
栗東,C,右,20260715,水,5:21,タガノレクシア,,牡,2,未出走,鈴木孝志,,164.7,124.6,100.7,82.6,67.3,52.8,37.7,23.4,11.4,40.1,23.9,18.1,15.3,14.5,15.1,14.3,12.0,11.4,2024103380,2026.7.15,栗東,マテラスカイ,タガノグリュック,八木良司,新冠タガノファーム,,
栗東,C,右,20260715,水,5:21,ダンツシタン,,牡,3,900,本田優,,168.1,135.6,106.1,85.9,69.0,52.5,36.6,22.7,11.3,32.5,29.5,20.2,16.9,16.5,15.9,13.9,11.4,11.3,2023104848,2026.7.15,栗東,パイロ,マリスレーン,山元哲二,川越ファーム,,
栗東,C,右,20260715,水,5:21,フルールジェンヌ,,牝,3,400,鈴木孝志,,160.0,127.0,103.7,84.0,68.4,53.2,38.1,23.9,11.4,33.0,23.3,19.7,15.6,15.2,15.1,14.2,12.5,11.4,2023103247,2026.7.15,栗東,ミッキーアイル,ホーマンピクシー,吉田智,前谷牧場,,
栗東,C,右,20260715,水,5:21,メイショウオーロラ,,牝,6,1500,本田優,,151.5,131.2,105.8,85.4,68.8,52.2,36.5,22.6,11.3,20.3,25.4,20.4,16.6,16.6,15.7,13.9,11.3,11.3,2020101209,2026.7.15,栗東,ホッコータルマエ,エンパイアガール,松本好隆,天羽牧場,,
栗東,C,右,20260715,水,5:21,メイショウザンゲツ,,牝,5,900,鈴木孝志,,161.4,128.7,106.1,85.5,69.6,54.6,38.9,24.9,12.0,32.7,22.6,20.6,15.9,15.0,15.7,14.0,12.9,12.0,2021105939,2026.7.15,栗東,ダノンレジェンド,メイショウルミナス,松本好隆,橋本牧場,,
栗東,C,右,20260715,水,5:21,ラビットアイ,,牝,5,900,鈴木孝志,,166.4,125.9,102.0,83.1,67.6,53.0,38.0,23.7,11.5,40.5,23.9,18.9,15.5,14.6,15.0,14.3,12.2,11.5,2021102597,2026.7.15,栗東,エピファネイア,ティーエスベリー,ライオンレースホース,浦河日成牧場,,
栗東,C,右,20260715,水,5:22,アウスヴァール,,セ,8,3750,昆貢,,,,,90.4,70.4,52.2,36.2,22.3,11.3,,,,20.0,18.2,16.0,13.9,11.0,11.3,2018101010,2026.7.15,栗東,ノヴェリスト,カネツスペシャル,ノルマンディーサラブレッドレーシング,宝寄山拓樹,,
栗東,C,右,20260715,水,5:22,アレナパラシオ,,牡,5,1500,四位洋文,,147.1,127.1,107.1,88.4,70.6,54.9,39.3,24.3,11.7,20.0,20.0,18.7,17.8,15.7,15.6,15.0,12.6,11.7,2021100752,2026.7.15,栗東,シニスターミニスター,ルスナイプリンセス,ノルマンディーサラブレッドレーシング,高昭牧場,,
栗東,C,右,20260715,水,5:22,サヴォンリンナ,,牝,4,1600,田中克典,,149.7,124.4,103.1,84.5,68.9,53.1,37.2,23.5,11.7,25.3,21.3,18.6,15.6,15.8,15.9,13.7,11.8,11.7,2022105696,2026.7.15,栗東,サトノダイヤモンド,サイマー,G1レーシング,追分ファーム,,
栗東,C,右,20260715,水,5:22,ザハント,,セ,4,400,田中克典,,149.1,123.8,102.5,83.9,68.4,52.8,36.8,23.3,11.7,25.3,21.3,18.6,15.5,15.6,16.0,13.5,11.6,11.7,2022102929,2026.7.15,栗東,マジェスティックウォリアー,フミノアマゾン,今村明浩,谷口牧場,,
栗東,C,右,20260715,水,5:22,フェスティバルヒル,,牝,3,2000,四位洋文,,144.2,124.6,104.8,86.0,68.9,53.0,37.7,23.2,11.1,19.6,19.8,18.8,17.1,15.9,15.3,14.5,12.1,11.1,2023107265,2026.7.15,栗東,サートゥルナーリア,ミュージアムヒル,吉田勝己,ノーザンファーム,,
栗東,C,右,20260715,水,5:23,アイスフォーク,,牡,3,未出走,武幸四郎,,,,,,,52.6,37.7,23.6,11.8,,,,,,14.9,14.1,11.8,11.8,2023105217,2026.7.15,栗東,サートゥルナーリア,フォーエバーモア,藤田晋,追分ファーム,,
栗東,C,右,20260715,水,5:23,カルロット,,牡,3,0,武幸四郎,,,,,,,56.1,39.3,24.4,12.1,,,,,,16.8,14.9,12.3,12.1,2023105339,2026.7.15,栗東,リオンディーズ,ラルケット,キーファーズ,ノーザンファーム,,
栗東,C,右,20260715,水,5:23,フォルトゥナロッサ,,牝,2,未出走,武幸四郎,,,,,,,52.9,38.0,23.8,11.9,,,,,,14.9,14.2,11.9,11.9,2024105934,2026.7.15,栗東,サートゥルナーリア,ダイワクンナナ,社台レースホース,社台ファーム,,
栗東,C,右,20260715,水,5:23,ブレイクガール,,牝,2,0,武幸四郎,,,,,,,52.3,37.6,23.5,11.6,,,,,,14.7,14.1,11.9,11.6,2024106674,2026.7.15,栗東,キズナ,ラッキーダイム,藤田晋,ノーザンファーム,,
栗東,C,右,20260715,水,5:23,ラヴエナストロ,,牝,3,0,石坂公一,,144.5,126.1,107.8,90.5,73.3,56.5,40.0,24.8,12.0,18.4,18.3,17.3,17.2,16.8,16.5,15.2,12.8,12.0,2023103911,2026.7.15,栗東,シスキン,リリアンフェルス,村尾賢二,レイクヴィラファーム,,
栗東,C,右,20260715,水,5:24,ヒットザグラウンド,,牝,4,400,四位洋文,,,,,,,54.2,37.0,23.0,11.5,,,,,,17.2,14.0,11.5,11.5,2022102406,2026.7.15,栗東,ファインニードル,ジェントルヴァウ,坂東牧場,坂東牧場,,
栗東,C,右,20260715,水,5:24,ランスオブカオス,,牡,4,3850,奥村豊,,,,,83.8,67.2,52.7,37.4,22.9,11.2,,,,16.6,14.5,15.3,14.5,11.7,11.2,2022104401,2026.7.15,栗東,シルバーステート,ハイドラン,五影慶則,フジワラフアーム,,
栗東,C,右,20260715,水,5:24,ワイドクリーガー,,牡,4,900,奥村豊,,,,,84.5,68.1,53.4,37.8,23.2,11.3,,,,16.4,14.7,15.6,14.6,11.9,11.3,2022105611,2026.7.15,栗東,サトノクラウン,ピュアアモーレ,幅田京子,新井牧場,,
栗東,C,右,20260715,水,5:26,ロングトールサリー,,牝,3,400,福永祐一,,,,,,,52.9,37.3,23.5,11.6,,,,,,15.6,13.8,11.9,11.6,2023106995,2026.7.15,栗東,キタサンブラック,グローバルビューティ,エムズレーシング,ノーザンファーム,,
栗東,C,右,20260715,水,5:27,イーサンハンター,,牡,5,400,宮地貴稔,,138.9,118.8,98.7,80.7,65.8,51.2,36.4,23.0,11.6,20.1,20.1,18.0,14.9,14.6,14.8,13.4,11.4,11.6,2021104362,2026.7.15,栗東,アジアエクスプレス,ガンセ,国本勇,藤川フアーム,,
栗東,C,右,20260715,水,5:27,オールセインツ,,セ,5,1500,友道康夫,,141.8,121.2,101.1,82.4,67.3,52.7,37.2,22.8,11.3,20.6,20.1,18.7,15.1,14.6,15.5,14.4,11.5,11.3,2021104971,2026.7.15,栗東,キズナ,エアシンフォニー,平田修,社台ファーム,,
栗東,C,右,20260715,水,5:27,ナチュラルリバー,,牡,6,900,宮地貴稔,,139.6,119.5,99.6,81.9,66.5,52.1,37.6,23.8,12.1,20.1,19.9,17.7,15.4,14.4,14.5,13.8,11.7,12.1,2020102559,2026.7.15,栗東,ルーラーシップ,シナノネージュ,吉田晴哉,追分ファーム,,
栗東,C,右,20260715,水,5:27,ビッグヒーロー,,牡,3,0,福永祐一,,,,,81.9,66.0,51.9,37.5,23.2,11.5,,,,15.9,14.1,14.4,14.3,11.7,11.5,2023106188,2026.7.15,栗東,コントレイル,アンナペレンナ,幅田昌伸,バンブー牧場,,
栗東,C,右,20260715,水,5:27,ファルカータ,,牝,3,0,友道康夫,,139.6,119.1,99.4,81.0,65.8,51.6,36.8,22.8,11.3,20.5,19.7,18.4,15.2,14.2,14.8,14.0,11.5,11.3,2023105804,2026.7.15,栗東,エピファネイア,スピニングワイルドキャット,ロードホースクラブ,ケイアイファーム,,
栗東,C,右,20260715,水,5:27,フレミングフープ,,牝,5,2400,友道康夫,,140.2,119.5,99.7,81.5,66.2,51.8,36.9,22.8,11.4,20.7,19.8,18.2,15.3,14.4,14.9,14.1,11.4,11.4,2021105581,2026.7.15,栗東,ハーツクライ,シーズアタイガー,金子真人ホールディングス,ノーザンファーム,,
栗東,C,右,20260715,水,5:27,メイクワンズデイ,,牡,3,400,宮地貴稔,,138.7,118.6,98.6,81.0,65.9,51.3,37.1,23.5,12.0,20.1,20.0,17.6,15.1,14.6,14.2,13.6,11.5,12.0,2023103160,2026.7.15,栗東,ベンバトル,スリーアロー,猪又晶介,フジワラフアーム,,
栗東,C,右,20260715,水,5:27,ルージュバロン,,牝,3,400,福永祐一,,,,,82.7,67.0,52.5,37.6,23.1,11.3,,,,15.7,14.5,14.9,14.5,11.8,11.3,2023107105,2026.7.15,栗東,コントレイル,ダンシングラグズ,東京ホースレーシング,ノーザンファーム,,
栗東,C,右,20260715,水,5:27,ルーチェブリラーレ,,牝,3,未出走,福永祐一,,,,,85.3,68.7,53.5,38.0,23.4,11.4,,,,16.6,15.2,15.5,14.6,12.0,11.4,2023107297,2026.7.15,栗東,コントレイル,ラッドルチェンド,シルクレーシング,ノーザンファーム,,
栗東,C,右,20260715,水,5:28,アトレッタ,,牡,3,400,斉藤崇史,,137.1,116.4,97.1,80.1,65.9,52.0,37.7,24.1,12.2,20.7,19.3,17.0,14.2,13.9,14.3,13.6,11.9,12.2,2023104008,2026.7.15,栗東,キズナ,シャッセロール,名古屋友豊,オリエント牧場,,
栗東,C,右,20260715,水,5:28,オーリエイト,,牡,2,未出走,小栗実,,,,,80.7,65.3,50.9,36.6,23.6,12.1,,,,15.4,14.4,14.3,13.0,11.5,12.1,2024107041,2026.7.15,栗東,ナダル,ピュリティゴールド,G1レーシング,社台コーポレーション白老ファーム,,
栗東,C,右,20260715,水,5:28,グラスベルグ,,牝,3,400,斉藤崇史,,136.5,116.0,96.5,79.6,65.5,51.6,37.2,23.8,12.1,20.5,19.5,16.9,14.1,13.9,14.4,13.4,11.7,12.1,2023107007,2026.7.15,栗東,アドマイヤマーズ,ゴールドエッセンス,吉田勝己,ノーザンファーム,,
栗東,C,右,20260715,水,5:28,サンマルマニック,,牝,3,0,千田輝彦,,,,,,,53.3,37.7,24.0,12.1,,,,,,15.6,13.7,11.9,12.1,2023107495,2026.7.15,栗東,タリスマニック,マリア,相馬勇,大作ステーブル,,
栗東,C,右,20260715,水,5:28,ティアラード,,牝,2,未出走,小栗実,,,,,80.8,65.4,50.9,36.6,23.2,11.8,,,,15.4,14.5,14.3,13.4,11.4,11.8,2024106091,2026.7.15,栗東,シスキン,レッドマニッシュ,安原浩司,社台ファーム,,
栗東,C,右,20260715,水,5:28,フォーシーファイン,,牡,3,0,斉藤崇史,,135.7,115.4,96.1,79.2,65.2,51.3,36.9,23.6,12.0,20.3,19.3,16.9,14.0,13.9,14.4,13.3,11.6,12.0,2023105316,2026.7.15,栗東,サトノダイヤモンド,ハーレクイーン,早野誠,ノーザンファーム,,
栗東,C,右,20260715,水,5:28,ポートデラメール,,牝,4,900,斉藤崇史,,142.9,121.0,99.8,81.5,66.2,51.6,37.1,23.2,11.5,21.9,21.2,18.3,15.3,14.6,14.5,13.9,11.7,11.5,2022105963,2026.7.15,栗東,ナダル,ジュベルアリ,シルクレーシング,レイクヴィラファーム,,
栗東,C,右,20260715,水,5:28,メアグローリア,,牝,2,0,斉藤崇史,,141.9,119.9,98.8,80.5,65.3,50.8,36.5,22.6,11.3,22.0,21.1,18.3,15.2,14.5,14.3,13.9,11.3,11.3,2024106969,2026.7.15,栗東,サリオス,アンティフォナ,シルクレーシング,社台コーポレーション白老ファーム,,
栗東,C,右,20260715,水,5:28,ルナパッショーネ,,牝,2,未出走,斉藤崇史,,142.5,120.4,99.3,81.1,65.7,51.2,36.7,22.9,11.4,22.1,21.1,18.2,15.4,14.5,14.5,13.8,11.5,11.4,2024106195,2026.7.15,栗東,サートゥルナーリア,ヴァシリカ,KOJIMAレーシング,ノーザンファーム,,
栗東,C,右,20260715,水,5:28,ワイルドチャーム,,牝,3,0,千田輝彦,,,,,,,55.9,39.4,24.3,11.8,,,,,,16.5,15.1,12.5,11.8,2023105350,2026.7.15,栗東,サートゥルナーリア,グァカモーレ,長谷川祐司,辻牧場,,
栗東,C,右,20260715,水,5:30,エスペシャリー,,牝,4,1500,四位洋文,,,,,,,52.2,36.0,22.7,11.0,,,,,,16.2,13.3,11.7,11.0,2022103707,2026.7.15,栗東,スワーヴリチャード,セイリングホーム,広尾レース,木村秀則,,
栗東,C,右,20260715,水,5:31,エシェックオロワ,,セ,3,400,千田輝彦,,,,,89.0,70.5,54.3,38.2,23.5,11.5,,,,18.5,16.2,16.1,14.7,12.0,11.5,2023103755,2026.7.15,栗東,ミッキーアイル,ウィズエモーション,吉田照哉,社台コーポレーション白老ファーム,,
栗東,C,右,20260715,水,5:31,ヤマニンエルファバ,,牝,3,0,千田輝彦,,,,,84.1,68.0,52.7,37.8,23.8,11.5,,,,16.1,15.3,14.9,14.0,12.3,11.5,2023104362,2026.7.15,栗東,ルヴァンスレーヴ,ヤマニンバステト,土井肇,錦岡牧場,,
栗東,C,右,20260715,水,5:32,ウェルカムソング,,牡,3,400,河嶋宏樹,,,,,,,54.4,37.7,23.5,11.1,,,,,,16.7,14.2,12.4,11.1,2023107545,2026.7.15,栗東,Charlatan,Streetwithnoname,ノースヒルズ,"Southern Comfort Farm LLC",,
栗東,C,右,20260715,水,5:32,マッシャーブルム,,牡,5,1330,河嶋宏樹,,,,,,,55.7,38.4,23.2,10.9,,,,,,17.3,15.2,12.3,10.9,2021106157,2026.7.15,栗東,モーニン,アサカラヴァーズ,永嶋啓一,協和牧場,,
栗東,C,右,20260715,水,5:33,タガノアビー,,牝,4,2400,千田輝彦,,,,,89.7,71.9,55.9,39.7,24.5,12.0,,,,17.8,16.0,16.2,15.2,12.5,12.0,2022106562,2026.7.15,栗東,アニマルキングダム,タガノタイリン,八木良司,新冠タガノファーム,,
栗東,C,右,20260715,水,5:33,フレッチャアズーラ,,牝,3,0,四位洋文,,140.3,119.2,98.8,81.2,66.5,52.3,37.0,23.4,12.1,21.1,20.4,17.6,14.7,14.2,15.3,13.6,11.3,12.1,2023103394,2026.7.15,栗東,イスラボニータ,コッパ,社台レースホース,社台ファーム,,
栗東,C,右,20260715,水,5:33,リン,,牡,3,0,四位洋文,,141.5,120.7,100.0,82.4,67.2,52.9,37.4,23.8,12.3,20.8,20.7,17.6,15.2,14.3,15.5,13.6,11.5,12.3,2023101576,2026.7.15,栗東,キタサンブラック,ティーンエイジギャル,"Deep Creek",ヤナガワ牧場,,
栗東,C,右,20260715,水,5:34,ブラックケリー,,牝,4,1500,長谷川浩,,,,,,,52.9,36.7,22.9,11.3,,,,,,16.2,13.8,11.6,11.3,2022100791,2026.7.15,栗東,モーリス,フィールグリュック,水谷美穂,中田英樹,,
栗東,C,右,20260715,水,5:35,トレッチェ,,牝,3,0,渡辺薫彦,,143.3,122.5,101.1,82.6,67.0,50.5,36.2,23.2,11.6,20.8,21.4,18.5,15.6,16.5,14.3,13.0,11.6,11.6,2023104388,2026.7.15,栗東,モズアスコット,ケープジャスミン,ノースヒルズ,ノースヒルズ,,
栗東,C,右,20260715,水,5:35,ビルンバウム,,セ,5,900,渡辺薫彦,,141.5,121.3,100.1,81.2,65.3,50.3,35.8,23.0,11.6,20.2,21.2,18.9,15.9,15.0,14.5,12.8,11.4,11.6,2021104872,2026.7.15,栗東,マインドユアビスケッツ,スカーレル,社台レースホース,社台コーポレーション白老ファーム,,
栗東,C,右,20260715,水,5:37,ボヌールバイオ,,牝,3,0,畑端省吾,,134.0,118.0,101.4,84.6,68.4,53.2,38.6,24.5,12.3,16.0,16.6,16.8,16.2,15.2,14.6,14.1,12.2,12.3,2023100701,2026.7.15,栗東,ニューイヤーズデイ,アピールバイオ,竹田寿,沖田牧場,,
栗東,C,右,20260715,水,5:38,アマノガワギンガ,,牝,3,0,畑端省吾,,154.3,131.2,109.4,89.5,71.0,53.9,38.0,23.7,11.8,23.1,21.8,19.9,18.5,17.1,15.9,14.3,11.9,11.8,2023105086,2026.7.15,栗東,スマートファルコン,リアユニヴァース,植村仁,エムエム、ヤマダファーム,,
栗東,C,右,20260715,水,5:38,ダディーズグーグー,,牡,4,80,畑端省吾,,153.0,129.9,108.0,88.4,70.4,53.7,38.0,23.5,11.9,23.1,21.9,19.6,18.0,16.7,15.7,14.5,11.6,11.9,2022105619,2026.7.15,栗東,タワーオブロンドン,ニューグランジ,田島大史,市川牧場,,
栗東,C,右,20260715,水,5:39,スクワミッシュ,,牝,2,未出走,梅田智之,,148.7,124.9,101.1,82.7,67.8,53.2,37.7,23.3,11.7,23.8,23.8,18.4,14.9,14.6,15.5,14.4,11.6,11.7,2024106237,2026.7.15,栗東,ルヴァンスレーヴ,エルフィンコーブ,吉田勝己,ノーザンファーム,,
栗東,C,右,20260715,水,5:39,テーオーシュテルン,,牡,3,0,梅田智之,,150.3,126.3,102.9,84.5,69.6,54.7,39.0,24.0,12.3,24.0,23.4,18.4,14.9,14.9,15.7,15.0,11.7,12.3,2023104546,2026.7.15,栗東,サトノダイヤモンド,タケノローマン,小笹公也,松浦牧場,,
栗東,C,右,20260715,水,5:43,ムーヴザニードル,,牝,3,0,緒方努,,138.2,117.6,97.4,80.3,65.8,51.6,37.9,25.0,12.4,20.6,20.2,17.1,14.5,14.2,13.7,12.9,12.6,12.4,2023101152,2026.7.15,栗東,ファインニードル,パテントジョイ,ゴドルフィン,ダーレー・ジャパン・ファーム,,
栗東,C,右,20260715,水,5:45,セーニョレガーレ,,牝,2,未出走,河嶋宏樹,,146.0,123.6,102.4,84.2,68.9,54.0,38.3,23.5,11.4,22.4,21.2,18.2,15.3,14.9,15.7,14.8,12.1,11.4,2024105735,2026.7.15,栗東,オルフェーヴル,アリエノール,社台レースホース,社台ファーム,,
栗東,C,右,20260715,水,5:45,トーアライデン,,牡,6,1500,河嶋宏樹,,146.6,124.2,102.8,84.5,69.3,54.2,38.4,23.6,11.4,22.4,21.4,18.3,15.2,15.1,15.8,14.8,12.2,11.4,2020103168,2026.7.15,栗東,マインドユアビスケッツ,ジョーヌダンブル,高山ランド,トーア牧場,,
栗東,C,右,20260715,水,5:47,イザベル,,牝,2,0,藤野健太,,,,,87.0,71.1,56.0,40.3,25.3,12.4,,,,15.9,15.1,15.7,15.0,12.9,12.4,2024104426,2026.7.15,栗東,ブラックタイド,ブロークインベガス,中辻明,佐竹牧場,,
栗東,C,右,20260715,水,5:47,ビーテリオス,,牝,2,未出走,藤野健太,,,,,87.9,72.0,56.8,41.0,25.8,12.8,,,,15.9,15.2,15.8,15.2,13.0,12.8,2024103670,2026.7.15,栗東,ゴールドドリーム,タマモカトルズ,馬場祥晃,豊栄牧場,,
栗東,C,右,20260715,水,5:49,ゼンノインヴォーク,,セ,7,400,緒方努,,144.2,123.5,102.4,83.1,66.7,52.5,37.3,23.4,11.7,20.7,21.1,19.3,16.4,14.2,15.2,13.9,11.7,11.7,2019100915,2026.7.15,栗東,シルバーステート,ヴォワルドール,大迫久美子,村上欽哉,,
栗東,C,右,20260715,水,5:50,アスクアットバット,,セ,4,0,加藤公太,,,,,95.8,74.8,55.1,38.2,23.4,11.4,,,,21.0,19.7,16.9,14.8,12.0,11.4,2022110139,2026.7.15,栗東,Caravaggio,"Luna Rosa",廣崎利洋HD,"Rosa Colasanti",,
栗東,C,右,20260715,水,5:53,タイキエクセロン,,牡,7,710,橋田宜長,,,,,86.4,68.6,53.2,38.7,24.5,12.1,,,,17.8,15.4,14.5,14.2,12.4,12.1,2019103996,2026.7.15,栗東,アメリカンペイトリオット,グッドイヴニング,大樹ファーム,ビクトリーホースランチ,,
栗東,C,右,20260715,水,5:53,メイショウソウセキ,,牡,4,900,松永幹夫,,,,,87.2,69.3,54.1,39.2,24.5,11.9,,,,17.9,15.2,14.9,14.7,12.6,11.9,2022103255,2026.7.15,栗東,マジェスティックウォリアー,メイショウコブシ,松本好隆,三嶋牧場,,
栗東,C,右,20260715,水,5:56,オールザワールド,,牡,9,1500,中竹和也,,138.2,119.0,100.0,82.2,66.5,52.3,37.8,24.2,12.3,19.2,19.0,17.8,15.7,14.2,14.5,13.6,11.9,12.3,2017105248,2026.7.15,栗東,キズナ,エピックラヴ,前田晋二,ノーザンファーム,,
栗東,C,右,20260715,水,5:57,シャインロード,,牡,2,0,井上智史,,145.7,125.0,104.8,86.4,70.4,54.8,38.8,24.4,12.0,20.7,20.2,18.4,16.0,15.6,16.0,14.4,12.4,12.0,2024107339,2026.7.15,栗東,タワーオブロンドン,ハマギク,MRS,パカパカファーム,,
栗東,C,右,20260715,水,5:57,シーカーク,,牝,3,未出走,井上智史,,144.9,123.6,104.1,85.7,69.6,54.3,38.6,24.2,11.9,21.3,19.5,18.4,16.1,15.3,15.7,14.4,12.3,11.9,2023107513,2026.7.15,栗東,"Ole Kirk","She Shao Fly",岡浩二,"Gilgai Farm",,
栗東,C,右,20260715,水,6:17,エンルートフライト,,牡,2,未出走,池添学,,,,,86.0,69.0,53.5,37.9,23.3,11.8,,,,17.0,15.5,15.6,14.6,11.5,11.8,2024100037,2026.7.15,栗東,コントレイル,サピアウォーフ,シルクレーシング,天羽禮治牧場,,
栗東,C,右,20260715,水,6:17,ヴァロンブローサ,,牡,3,400,池添学,,,,,86.4,69.4,53.9,38.2,23.6,12.0,,,,17.0,15.5,15.7,14.6,11.6,12.0,2023106902,2026.7.15,栗東,コントレイル,ヴィルジニア,G1レーシング,ノーザンファーム,,
栗東,C,右,20260715,水,6:18,アメリカンイズム,,牡,3,400,池江泰寿,,136.4,118.7,99.6,81.5,65.8,51.6,36.8,22.8,11.4,17.7,19.1,18.1,15.7,14.2,14.8,14.0,11.4,11.4,2023110081,2026.7.15,栗東,Authentic,Crescentcitypretty,吉澤ホールディングス,"Brittlyn Inc.",,
栗東,C,右,20260715,水,6:18,アメリカンピース,,セ,8,400,東田明士,,,,,86.0,69.6,54.5,38.8,23.7,11.7,,,,16.4,15.1,15.7,15.1,12.0,11.7,2018110131,2026.7.15,栗東,Tapit,"La Cloche",吉澤ホールディングス,"Don Alberto Corporation",,
栗東,C,右,20260715,水,6:18,インヴァイト,,牝,3,未出走,杉山晴紀,,140.2,121.1,101.8,83.1,67.0,51.9,37.4,23.6,11.7,19.1,19.3,18.7,16.1,15.1,14.5,13.8,11.9,11.7,2023101748,2026.7.15,栗東,キズナ,メイショウイザナミ,高昭牧場,高昭牧場,,
栗東,C,右,20260715,水,6:18,エルトンバローズ,,牡,6,11900,杉山晴紀,,133.0,117.1,98.1,80.3,65.8,51.1,36.1,22.3,11.2,15.9,19.0,17.8,14.5,14.7,15.0,13.8,11.1,11.2,2020100680,2026.7.15,栗東,ディープブリランテ,ショウナンカラット,猪熊広次,桑田牧場,,
栗東,C,右,20260715,水,6:18,サヴォアフェール,,牡,3,900,杉山晴紀,,137.6,118.2,98.5,80.7,66.2,51.4,36.2,22.4,11.1,19.4,19.7,17.8,14.5,14.8,15.2,13.8,11.3,11.1,2023105645,2026.7.15,栗東,エピファネイア,ナニアヒアヒ,水上行雄,笠松牧場,,
栗東,C,右,20260715,水,6:18,スマートエラン,,牡,3,0,池江泰寿,,135.7,117.5,99.2,81.4,65.3,51.3,36.7,22.9,11.5,18.2,18.3,17.8,16.1,14.0,14.6,13.8,11.4,11.5,2023106007,2026.7.15,栗東,キタサンブラック,スマートレグルス,大川徹,スマート,,
栗東,C,右,20260715,水,6:18,ミッキーゴールド,,セ,4,1500,池江泰寿,,134.6,116.2,98.2,80.6,64.4,50.4,35.8,22.2,10.9,18.4,18.0,17.6,16.2,14.0,14.6,13.6,11.3,10.9,2022104765,2026.7.15,栗東,リアルスティール,グローバルビューティ,野田みづき,ノーザンファーム,,
栗東,C,右,20260715,水,6:18,ミュージシャン,,牡,4,1500,杉山晴紀,,138.8,119.1,99.2,81.7,66.9,51.8,36.7,22.6,11.3,19.7,19.9,17.5,14.8,15.1,15.1,14.1,11.3,11.3,2022103207,2026.7.15,栗東,ブリックスアンドモルタル,カンタービレ,石川達絵,三嶋牧場,,
栗東,C,右,20260715,水,6:18,ワンダーヴァレル,,牝,3,未出走,杉山晴紀,,139.3,120.5,101.5,83.0,66.7,51.6,37.4,23.6,11.8,18.8,19.0,18.5,16.3,15.1,14.2,13.8,11.8,11.8,2023100165,2026.7.15,栗東,タワーオブロンドン,ワンダーアマービレ,山本能成,城地牧場,,
栗東,C,右,20260715,水,6:19,アルジェンタム,,セ,3,0,野中賢二,,141.9,121.6,101.9,83.4,67.8,52.9,37.6,23.8,11.8,20.3,19.7,18.5,15.6,14.9,15.3,13.8,12.0,11.8,2023105675,2026.7.15,栗東,シルバーステート,サムカインドオブブルー,カナヤマホールディングス,天羽禮治,,
栗東,C,右,20260715,水,6:19,エブリーポッシブル,,牝,3,900,新谷功一,,143.7,122.6,102.9,85.0,70.0,55.5,39.7,24.6,12.3,21.1,19.7,17.9,15.0,14.5,15.8,15.1,12.3,12.3,2023106940,2026.7.15,栗東,ニューイヤーズデイ,オールポッシブル,G1レーシング,ノーザンファーム,,
栗東,C,右,20260715,水,6:19,ケイアイワイラーパ,,牡,4,0,野中賢二,,145.8,125.8,105.1,86.5,70.1,54.7,38.8,23.9,11.8,20.0,20.7,18.6,16.4,15.4,15.9,14.9,12.1,11.8,2022103053,2026.7.15,栗東,ブリックスアンドモルタル,クインズミラーグロ,亀田和弘,富田牧場,,
栗東,C,右,20260715,水,6:19,シャフメラン,,牝,3,400,新谷功一,,145.2,123.4,103.6,85.6,70.6,56.0,40.1,24.8,12.2,21.8,19.8,18.0,15.0,14.6,15.9,15.3,12.6,12.2,2023103568,2026.7.15,栗東,ドレフォン,ミラクルレジェンド,吉田照哉,社台ファーム,,
栗東,C,右,20260715,水,6:19,ステアハート,,牝,4,900,新谷功一,,144.4,123.1,103.2,85.2,70.4,55.8,39.9,24.7,12.3,21.3,19.9,18.0,14.8,14.6,15.9,15.2,12.4,12.3,2022105385,2026.7.15,栗東,"Gun Runner",スピーチ,社台レースホース,社台ファーム,,
栗東,C,右,20260715,水,6:19,ラインエレガント,,牝,2,未出走,牧田和弥,,141.9,122.8,104.0,86.5,70.4,54.9,39.2,24.3,11.8,19.1,18.8,17.5,16.1,15.5,15.7,14.9,12.5,11.8,2024100944,2026.7.15,栗東,イスラボニータ,レモンケーキ,大澤繁昌,日高大洋牧場,,
栗東,C,右,20260715,水,6:19,ワカワカ,,牝,3,0,牧田和弥,,142.8,123.7,104.5,86.8,70.9,55.5,39.5,24.4,11.8,19.1,19.2,17.7,15.9,15.4,16.0,15.1,12.6,11.8,2023107503,2026.7.15,栗東,オーヴァルエース,サンマルアリュール,中込哲太郎,目名太山口牧場,,
栗東,C,右,20260715,水,6:20,ストロベリーツリー,,牝,3,400,中内田充,,140.0,120.7,101.2,83.6,68.6,53.5,38.2,24.0,12.1,19.3,19.5,17.6,15.0,15.1,15.3,14.2,11.9,12.1,2023106887,2026.7.15,栗東,キタサンブラック,ウィンターコスモス,金子真人ホールディングス,ノーザンファーム,,
栗東,C,右,20260715,水,6:20,ヴァレッタカズマ,,牡,7,0,藤野健太,,143.1,125.2,104.8,86.0,69.8,54.6,38.7,23.8,11.8,17.9,20.4,18.8,16.2,15.2,15.9,14.9,12.0,11.8,2019105292,2026.7.15,栗東,ミッキーアイル,ティッカーコード,吉田和美,ノーザンファーム,,
栗東,C,右,20260715,水,6:21,イーブンベター,,牝,4,400,牧浦充徳,,134.8,116.8,98.8,82.5,67.7,53.6,38.8,24.3,12.2,18.0,18.0,16.3,14.8,14.1,14.8,14.5,12.1,12.2,2022106540,2026.7.15,栗東,リアルスティール,サムシングジャスト,グリーンファーム,那須野,,
栗東,C,右,20260715,水,6:21,エコログロウ,,牡,3,400,牧浦充徳,,137.5,118.8,101.0,84.8,69.0,54.4,39.1,24.3,12.3,18.7,17.8,16.2,15.8,14.6,15.3,14.8,12.0,12.3,2023100961,2026.7.15,栗東,ドレフォン,ペイザージュ,原村正紀,下河辺牧場,,
栗東,C,右,20260715,水,6:21,キープシャイニング,,牡,3,0,長谷川浩,,138.3,119.5,100.1,83.2,67.4,52.9,38.0,23.2,11.5,18.8,19.4,16.9,15.8,14.5,14.9,14.8,11.7,11.5,2023103163,2026.7.15,栗東,イスラボニータ,ダイヤモンドギフト,ノースヒルズ,フジワラフアーム,,
栗東,C,右,20260715,水,6:21,コーディアリティ,,牡,3,0,牧浦充徳,,135.2,116.5,97.8,81.1,65.9,51.6,37.4,23.8,12.1,18.7,18.7,16.7,15.2,14.3,14.2,13.6,11.7,12.1,2023105649,2026.7.15,栗東,レイデオロ,メリートーン,水上行雄,笠松牧場,,
栗東,C,右,20260715,水,6:21,ナムラロダン,,牡,3,0,長谷川浩,,139.4,120.0,100.7,83.8,67.9,53.3,38.3,23.3,11.5,19.4,19.3,16.9,15.9,14.6,15.0,15.0,11.8,11.5,2023106223,2026.7.15,栗東,ミッキーアイル,サンクイーン2,奈村睦弘,谷川牧場,,
栗東,C,右,20260715,水,6:21,ファンビッチャン,,牡,2,未出走,長谷川浩,,139.0,119.8,100.4,83.5,67.6,53.1,38.2,23.3,11.6,19.2,19.4,16.9,15.9,14.5,14.9,14.9,11.7,11.6,2024108230,2026.7.15,栗東,Justify,Doubled,増田和啓,"Nancy Shuford",,
栗東,C,右,20260715,水,6:21,レイバックスピン,,牝,4,1500,牧浦充徳,,136.1,117.5,98.6,81.5,66.5,52.5,38.0,24.1,12.1,18.6,18.9,17.1,15.0,14.0,14.5,13.9,12.0,12.1,2022104432,2026.7.15,栗東,リアルスティール,センショウレイナ,川勝裕之,藤原牧場,,
栗東,C,右,20260715,水,6:22,キングオブフジ,,牡,5,900,角田晃一,,148.3,127.4,106.1,87.2,70.7,55.3,39.7,25.1,12.4,20.9,21.3,18.9,16.5,15.4,15.6,14.6,12.7,12.4,2021106164,2026.7.15,栗東,ヘニーヒューズ,ヘイローフジ,浅川慶太,協和牧場,,
栗東,C,右,20260715,水,6:23,ウィスピア,,牡,3,0,小林真也,,146.4,126.7,107.2,88.2,70.1,54.1,38.6,24.0,11.6,19.7,19.5,19.0,18.1,16.0,15.5,14.6,12.4,11.6,2023102384,2026.7.15,栗東,マインドユアビスケッツ,スピリテッドエアー,平川三津,岡田スタツド,,
栗東,C,右,20260715,水,6:23,マーゴットユーカー,,牝,2,未出走,小林真也,,144.0,124.5,105.2,86.6,68.5,52.5,37.5,23.3,11.4,19.5,19.3,18.6,18.1,16.0,15.0,14.2,11.9,11.4,2024106214,2026.7.15,栗東,サリオス,エクシードリミッツ,前田良平,ノーザンファーム,,
栗東,C,右,20260715,水,6:23,リアルメッセージ,,牡,2,未出走,小林真也,,145.6,126.1,106.6,87.6,69.4,53.6,38.4,23.9,11.6,19.5,19.5,19.0,18.2,15.8,15.2,14.5,12.3,11.6,2024106077,2026.7.15,栗東,リアルインパクト,リーサルヒート,井内康之,社台ファーム,,
栗東,C,右,20260715,水,6:24,スマイルスルー,,セ,6,400,斉藤崇史,,160.0,130.0,107.7,86.3,69.1,53.6,38.3,23.8,11.6,30.0,22.3,21.4,17.2,15.5,15.3,14.5,12.2,11.6,2020103446,2026.7.15,栗東,ルーラーシップ,スマイルシャワー,吉田勝己,ノーザンファーム,,
栗東,C,右,20260715,水,6:24,ポペット,,牝,3,400,高橋康之,,,,,82.4,66.1,51.0,36.2,22.9,11.6,,,,16.3,15.1,14.8,13.3,11.3,11.6,2023103980,2026.7.15,栗東,サトノクラウン,プティシュシュ,小林竜太郎,岩見牧場,,
栗東,C,右,20260715,水,6:25,アマリス,,牝,2,未出走,高橋一哉,,149.1,127.9,105.9,86.9,70.9,55.3,39.3,24.8,12.7,21.2,22.0,19.0,16.0,15.6,16.0,14.5,12.1,12.7,2024101482,2026.7.15,栗東,アジアエクスプレス,ベッライリス,中辻明,漆木康一,,
栗東,C,右,20260715,水,6:25,ミール,,牝,2,未出走,高橋一哉,,149.8,128.2,106.2,87.0,70.6,54.9,38.8,24.4,12.3,21.6,22.0,19.2,16.4,15.7,16.1,14.4,12.1,12.3,2024102645,2026.7.15,栗東,スワーヴリチャード,フレンチボウ,村田博司,鮫川フアーム,,
栗東,C,右,20260715,水,6:25,ルクスフロンティア,,牡,6,3800,松永幹夫,,138.0,117.1,97.4,80.1,65.8,52.0,37.8,24.2,12.4,20.9,19.7,17.3,14.3,13.8,14.2,13.6,11.8,12.4,2020104474,2026.7.15,栗東,エピファネイア,サトノアイリ,ルクス,千代田牧場,,
栗東,C,右,20260715,水,6:27,レーゼドラマ,,牝,4,3500,辻野泰之,,,,,,,54.9,37.8,23.8,11.6,,,,,,17.1,14.0,12.2,11.6,2022105346,2026.7.15,栗東,キズナ,シアードラマ,社台レースホース,社台ファーム,,
栗東,C,右,20260715,水,6:28,ウォーブレイク,,牡,3,未出走,辻野泰之,,,,,87.4,70.3,54.3,37.9,23.3,11.5,,,,17.1,16.0,16.4,14.6,11.8,11.5,2023106642,2026.7.15,栗東,デクラレーションオブウォー,グレイスフルダンス,杉山忠国,明治牧場,,
栗東,C,右,20260715,水,6:28,ポッドリプル,,牡,3,400,辻野泰之,,,,,86.4,69.6,53.7,37.7,23.1,11.4,,,,16.8,15.9,16.0,14.6,11.7,11.4,2023105593,2026.7.15,栗東,コントレイル,エピストロフィー,小川眞査雄,市川フアーム,,
栗東,C,右,20260715,水,6:30,スウィッチインラヴ,,牝,3,400,矢作芳人,,,,,92.2,67.2,51.1,36.5,22.7,11.3,,,,25.0,16.1,14.6,13.8,11.4,11.3,2023105300,2026.7.15,栗東,コントレイル,スウィッチインタイム,DMMドリームクラブ,ノーザンファーム,,
栗東,C,右,20260715,水,6:30,ミッキースターダム,,セ,5,1000,前川恭子,,137.3,116.5,97.5,80.4,65.1,51.1,37.1,23.6,11.8,20.8,19.0,17.1,15.3,14.0,14.0,13.5,11.8,11.8,2021105765,2026.7.15,栗東,エピファネイア,ベルダム,野田みづき,ノーザンファーム,,
栗東,C,右,20260715,水,6:31,ガイアメンテ,,牡,5,3800,須貝尚介,,139.5,120.4,101.4,83.7,67.7,53.2,37.9,23.2,11.3,19.1,19.0,17.7,16.0,14.5,15.3,14.7,11.9,11.3,2021105808,2026.7.15,栗東,ドゥラメンテ,ミュージカルロマンス,サンデーレーシング,ノーザンファーム,,
栗東,C,右,20260715,水,6:31,ペンナヴェローチェ,,牡,5,1500,須貝尚介,,140.3,120.9,101.8,84.1,68.2,53.6,38.2,23.5,11.4,19.4,19.1,17.7,15.9,14.6,15.4,14.7,12.1,11.4,2021104092,2026.7.15,栗東,キズナ,エンパイアブレイク,"TO RACING",千代田牧場,,
栗東,C,右,20260715,水,6:34,プレシャスタイム,,牡,2,未出走,須貝尚介,,147.9,125.1,105.0,87.0,71.2,55.5,39.2,24.3,12.1,22.8,20.1,18.0,15.8,15.7,16.3,14.9,12.2,12.1,2024106140,2026.7.15,栗東,ブリックスアンドモルタル,アニメイトバイオ,大塚亮一,ノーザンファーム,,
栗東,C,右,20260715,水,6:34,リアライズパリオ,,牡,3,0,須貝尚介,,148.7,126.0,105.7,87.3,71.7,55.8,39.1,24.1,11.9,22.7,20.3,18.4,15.6,15.9,16.7,15.0,12.2,11.9,2023103679,2026.7.15,栗東,サートゥルナーリア,ウィズアミッション,今福洋介,追分ファーム,,
栗東,C,右,20260715,水,6:34,リズムオブサンダー,,牡,2,未出走,須貝尚介,,148.0,125.2,105.0,86.7,71.0,55.2,38.9,24.0,11.9,22.8,20.2,18.3,15.7,15.8,16.3,14.9,12.1,11.9,2024105334,2026.7.15,栗東,サンダースノー,タケショウメーカー,吉田照哉,さとう,,
栗東,C,右,20260715,水,6:35,ゴルデールスカー,,牡,6,900,加藤公太,,130.1,112.3,95.5,79.8,65.6,52.0,37.8,24.1,12.1,17.8,16.8,15.7,14.2,13.6,14.2,13.7,12.0,12.1,2020103625,2026.7.15,栗東,モーリス,マラムデール,サンデーレーシング,ノーザンファーム,,
栗東,C,右,20260715,水,6:35,マイティキングダム,,牡,3,400,加藤公太,,129.2,111.0,93.9,78.3,64.2,50.6,36.7,23.5,11.7,18.2,17.1,15.6,14.1,13.6,13.9,13.2,11.8,11.7,2023101501,2026.7.15,栗東,ビッグアーサー,クリノエカテリーナ,岡田牧雄,増尾牧場,,
栗東,C,右,20260715,水,6:41,ヤマニンバロネス,,牝,4,900,千田輝彦,,,,,,,56.1,39.3,24.2,11.8,,,,,,16.8,15.1,12.4,11.8,2022106609,2026.7.15,栗東,シニスターミニスター,ヤマニンバステト,土井肇,錦岡牧場,,
栗東,C,右,20260715,水,6:44,ペイシャトサモア,,牝,3,0,吉田直弘,,139.4,121.1,102.7,84.7,69.9,56.0,40.1,24.8,12.3,18.3,18.4,18.0,14.8,13.9,15.9,15.3,12.5,12.3,2023105142,2026.7.15,栗東,オーヴァルエース,ペイシャノリッジ,北所直人,鮫川啓一,,
栗東,C,右,20260715,水,6:44,ペイシャマイデイズ,,牡,3,0,吉田直弘,,140.2,121.8,103.3,85.3,70.8,56.7,40.4,25.2,12.4,18.4,18.5,18.0,14.5,14.1,16.3,15.2,12.8,12.4,2023107485,2026.7.15,栗東,ディスクリートキャット,マイディスティニー,北所直人,T.Mファーム,,
栗東,C,右,20260715,水,6:46,ドラゴンバルド,,牡,2,未出走,福永祐一,,,,,85.4,68.6,53.4,37.8,23.4,11.4,,,,16.8,15.2,15.6,14.4,12.0,11.4,2024106649,2026.7.15,栗東,コントレイル,メチャコルタ,窪田芳郎,ノーザンファーム,,
栗東,C,右,20260715,水,6:46,ベルコート,,牝,2,未出走,福永祐一,,,,,84.4,68.2,53.1,37.5,23.1,11.4,,,,16.2,15.1,15.6,14.4,11.7,11.4,2024106187,2026.7.15,栗東,サートゥルナーリア,ウェイヴェルアベニュー,平田修,ノーザンファーム,,
栗東,C,右,20260715,水,6:46,マテンロウアワー,,牡,3,0,福永祐一,,,,,83.9,67.5,52.3,37.5,23.7,11.7,,,,16.4,15.2,14.8,13.8,12.0,11.7,2023110068,2026.7.15,栗東,Constitution,Stave,寺田千代乃,"Hinkle Farms",,
栗東,C,右,20260715,水,6:46,メイショウハチロー,,牡,4,2400,福永祐一,,,,,81.2,66.7,52.3,37.2,23.1,11.7,,,,14.5,14.4,15.1,14.1,11.4,11.7,2022103264,2026.7.15,栗東,シニスターミニスター,メイショウミハル,松本好隆,三嶋牧場,,
栗東,C,右,20260715,水,6:53,インザモーメント,,セ,5,1500,田中克典,,139.2,119.8,101.0,83.1,67.8,53.4,38.3,24.2,12.0,19.4,18.8,17.9,15.3,14.4,15.1,14.1,12.2,12.0,2021106635,2026.7.15,栗東,キズナ,ディルガ,前田幸大,ノースヒルズ,,
栗東,C,右,20260715,水,6:53,ジョリープリュム,,牝,2,未出走,田中克典,,136.8,118.0,99.1,82.0,67.2,52.4,37.6,24.0,12.0,18.8,18.9,17.1,14.8,14.8,14.8,13.6,12.0,12.0,2024103484,2026.7.15,栗東,モーリス,マリーナ,ノースヒルズ,ノースヒルズ,,
栗東,C,右,20260715,水,6:53,デルマタカチホ,,牡,3,0,田中克典,,137.7,118.5,99.6,82.3,67.5,52.7,37.8,24.1,12.1,19.2,18.9,17.3,14.8,14.8,14.9,13.7,12.0,12.1,2023103385,2026.7.15,栗東,シスキン,クィーンスプマンテ,浅沼廣幸,社台ファーム,,
栗東,C,右,20260715,水,6:53,ルビドゥソレイユ,,牝,3,400,田中克典,,138.6,119.5,100.7,82.8,67.6,53.3,38.2,24.1,12.0,19.1,18.8,17.9,15.2,14.3,15.1,14.1,12.1,12.0,2023107081,2026.7.15,栗東,ドレフォン,スリジエ,ラ・メール,ノーザンファーム,,
栗東,C,右,20260715,水,6:53,レインインザスカイ,,牝,2,未出走,田中克典,,136.0,117.2,98.6,81.7,66.9,52.2,37.4,23.8,11.8,18.8,18.6,16.9,14.8,14.7,14.8,13.6,12.0,11.8,2024103469,2026.7.15,栗東,コントレイル,ディルガ,ノースヒルズ,ノースヒルズ,,
栗東,C,右,20260715,水,6:54,エルヴィオラ,,牝,3,未出走,畑端省吾,,152.0,130.4,109.1,88.7,70.9,53.0,36.8,23.0,11.5,21.6,21.3,20.4,17.8,17.9,16.2,13.8,11.5,11.5,2023100700,2026.7.15,栗東,ナダル,アイドルバイオ,大塚亮一,沖田牧場,,
栗東,C,右,20260715,水,6:54,キタノコウセイ,,セ,3,0,畑端省吾,,152.7,130.8,109.5,89.3,71.3,53.4,37.1,23.1,11.5,21.9,21.3,20.2,18.0,17.9,16.3,14.0,11.6,11.5,2023104229,2026.7.15,栗東,セイウンコウセイ,キラステラ,北所直人,対馬正,,
栗東,C,右,20260715,水,6:54,キタノボニータ,,牝,3,0,畑端省吾,,152.3,130.8,109.4,89.1,71.1,53.2,37.0,23.1,11.6,21.5,21.4,20.3,18.0,17.9,16.2,13.9,11.5,11.6,2023102840,2026.7.15,栗東,イスラボニータ,ガラム,北所直人,田中裕之,,
栗東,C,右,20260715,水,6:59,アーガイルショア,,牝,3,400,安田翔伍,,150.9,123.7,99.0,80.2,65.7,51.8,36.9,23.2,11.5,27.2,24.7,18.8,14.5,13.9,14.9,13.7,11.7,11.5,2023103718,2026.7.15,栗東,ナダル,ベルプラージュ,キャロットファーム,追分ファーム,,
栗東,C,右,20260715,水,6:59,カエルム,,牡,5,1500,安田翔伍,,153.1,126.7,103.4,84.4,68.4,53.2,37.9,23.7,11.5,26.4,23.3,19.0,16.0,15.2,15.3,14.2,12.2,11.5,2021105160,2026.7.15,栗東,ブラックタイド,ハウオリ,金子真人ホールディングス,社台ファーム,,
栗東,C,右,20260715,水,6:59,ダノンチャンピオン,,牡,2,未出走,安田翔伍,,151.5,124.7,100.2,81.4,66.2,52.0,36.9,23.1,11.4,26.8,24.5,18.8,15.2,14.2,15.1,13.8,11.7,11.4,2024105963,2026.7.15,栗東,ホットロッドチャーリー,トップデサイル,ダノックス,社台ファーム,,
栗東,C,右,20260715,水,6:59,メイワキラリ,,牡,3,0,河嶋宏樹,,,,,,,54.5,37.9,23.2,11.5,,,,,,16.6,14.7,11.7,11.5,2023103746,2026.7.15,栗東,ミスターメロディ,リュウメイ,増田淳,笹川大晃牧場,,
栗東,C,右,20260715,水,7:02,クルサール,,牝,3,0,武英智,,146.8,126.5,106.6,87.8,71.3,54.5,38.4,23.8,11.9,20.3,19.9,18.8,16.5,16.8,16.1,14.6,11.9,11.9,2023105004,2026.7.15,栗東,コントレイル,オペラデイム,モンレーヴ,三嶋牧場,,
栗東,C,右,20260715,水,7:02,ハマナスノサクコロ,,牝,2,未出走,武英智,,144.9,125.2,105.2,86.9,70.3,53.6,37.7,23.4,11.8,19.7,20.0,18.3,16.6,16.7,15.9,14.3,11.6,11.8,2024105994,2026.7.15,栗東,トーセンラー,パールサイド,谷掛龍夫,社台ファーム,,
栗東,C,右,20260715,水,7:02,バトルナイト,,牡,2,未出走,武英智,,145.5,125.7,105.8,87.2,70.7,53.8,37.9,23.5,11.8,19.8,19.9,18.6,16.5,16.9,15.9,14.4,11.7,11.8,2024104201,2026.7.15,栗東,ベンバトル,エヴォリューション,安原浩司,岡田牧場,,
栗東,C,右,20260715,水,7:02,マクアケ,,牡,3,0,杉山佳明,,,,,86.1,68.8,53.6,37.6,23.3,11.7,,,,17.3,15.2,16.0,14.3,11.6,11.7,2023100452,2026.7.15,栗東,エスポワールシチー,ツクバエルドラド,野嶋祥二,米田牧場,,
栗東,C,右,20260715,水,7:02,マーチャンシップ,,牡,3,0,杉山佳明,,,,,85.2,68.2,53.1,37.1,22.8,11.4,,,,17.0,15.1,16.0,14.3,11.4,11.4,2023100138,2026.7.15,栗東,ゴールドシップ,ジャジャマーチャン,戸佐眞弓,嶋田牧場,,
栗東,C,右,20260715,水,7:02,ミラージュナイト,,牡,4,2400,杉山佳明,,,,,84.3,67.3,52.2,36.4,22.1,11.0,,,,17.0,15.1,15.8,14.3,11.1,11.0,2022105109,2026.7.15,栗東,バゴ,ラキシス,大島昌也,ノーザンファーム,,
栗東,C,右,20260715,水,7:07,カツラノキサノキ,,牡,5,900,庄野靖志,,,,,83.9,66.3,52.1,37.4,23.9,12.2,,,,17.6,14.2,14.7,13.5,11.7,12.2,2021101461,2026.7.15,栗東,リオンディーズ,イトハユリ,桂土地,庄野牧場,,
栗東,C,右,20260715,水,7:09,リリーサンダー,,牡,3,0,緒方努,,,,,,,53.8,38.0,23.4,11.6,,,,,,15.8,14.6,11.8,11.6,2023104172,2026.7.15,栗東,ミスチヴィアスアレックス,クロランサス,土井孝夫,高瀬牧場,,
栗東,C,右,20260715,水,7:18,ゴールドアクセス,,牡,3,400,寺島良,,,,,,,51.6,36.5,23.2,11.7,,,,,,15.1,13.3,11.5,11.7,2023104506,2026.7.15,栗東,ゴールドアクター,ゴールドエルフ,居城寿与,北勝ファーム,,
栗東,C,右,20260715,水,7:18,ブラックレジェンド,,牡,3,400,寺島良,,,,,,,52.3,37.1,23.2,11.7,,,,,,15.2,13.9,11.5,11.7,2023100297,2026.7.15,栗東,ダノンレジェンド,ララエクレリゼ,TGレーシング,堀川洋之,,
栗東,C,右,20260715,水,7:22,ブルーセルリアン,,牡,4,0,宮徹,,,,,85.9,69.6,54.1,38.9,24.5,11.7,,,,16.3,15.5,15.2,14.4,12.8,11.7,2022102325,2026.7.15,栗東,エイシンフラッシュ,チェキ,イクタ,川向高橋育成牧場,,
栗東,C,右,20260715,水,7:23,クロンヌジャン,,牡,3,0,鈴木孝志,,185.1,133.3,101.4,83.9,69.0,54.4,40.2,26.0,13.1,51.8,31.9,17.5,14.9,14.6,14.2,14.2,12.9,13.1,2023105001,2026.7.15,栗東,アメリカンペイトリオット,エリカバイラ,吉田智,三嶋牧場,,
栗東,C,右,20260715,水,7:23,スーサンコルティナ,,牡,2,未出走,鈴木孝志,,182.7,130.7,99.7,82.4,67.4,52.9,38.6,25.0,12.5,52.0,31.0,17.3,15.0,14.5,14.3,13.6,12.5,12.5,2024102040,2026.7.15,栗東,シルバーステート,オーティニャック,林千枝子,富田牧場,,
栗東,C,右,20260715,水,7:23,パシアンジェンヌ,,牝,2,未出走,鈴木孝志,,181.8,129.2,99.4,82.1,67.3,52.8,38.6,25.0,12.4,52.6,29.8,17.3,14.8,14.5,14.2,13.6,12.6,12.4,2024105160,2026.7.15,栗東,フィレンツェファイア,カメリアテソーロ,吉田智,小河ファーム,,
栗東,C,右,20260715,水,7:24,バニーラビット,,牡,4,400,武幸四郎,,143.9,123.3,103.6,85.4,69.5,54.0,38.5,24.2,12.1,20.6,19.7,18.2,15.9,15.5,15.5,14.3,12.1,12.1,2022104929,2026.7.15,栗東,アドマイヤマーズ,トレジャリング,藤田晋,ノーザンファーム,,
栗東,C,右,20260715,水,7:26,スマイリングスカイ,,牝,3,0,奥村豊,,,,,86.2,68.9,53.9,38.2,23.5,11.7,,,,17.3,15.0,15.7,14.7,11.8,11.7,2023100916,2026.7.15,栗東,マテラスカイ,グッドワード,下河辺隆行,下河辺牧場,,
栗東,C,右,20260715,水,7:26,ワイドヴィンクルム,,セ,3,未出走,奥村豊,,,,,85.3,68.3,53.2,37.8,23.2,11.5,,,,17.0,15.1,15.4,14.6,11.7,11.5,2023101316,2026.7.15,栗東,ドレフォン,ドルドラムズ,幅田京子,日高大洋牧場,,
栗東,C,右,20260715,水,7:47,アスクブームキセキ,,牡,3,0,藤原英昭,,,,,,70.0,53.6,37.4,22.9,11.4,,,,,16.4,16.2,14.5,11.5,11.4,2023100472,2026.7.15,栗東,コントレイル,ストレイトガール,廣崎利洋HD,"ASK STUD",,
栗東,C,右,20260715,水,7:47,カモメガトンダ,,牝,3,400,今野貞一,,,,,,,55.6,38.6,24.5,12.3,,,,,,17.0,14.1,12.2,12.3,2023103611,2026.7.15,栗東,サートゥルナーリア,レーヌジャルダン,谷掛龍夫,社台ファーム,,
栗東,C,右,20260715,水,7:48,ゴージャス,,牝,4,400,四位洋文,,139.9,121.3,102.6,84.4,67.5,51.4,36.4,22.6,11.2,18.6,18.7,18.2,16.9,16.1,15.0,13.8,11.4,11.2,2022106996,2026.7.15,栗東,ゴールドシップ,サトノジャスミン,ローレルレーシング,村上欽哉,,
栗東,C,右,20260715,水,7:48,ダーコ,,牝,3,未出走,長谷川浩,,,,,86.0,68.5,52.7,38.1,24.1,11.8,,,,17.5,15.8,14.6,14.0,12.3,11.8,2023103497,2026.7.15,栗東,ロードカナロア,ノーワン,増田和啓,社台ファーム,,
栗東,C,右,20260715,水,7:50,サイモンザナドゥ,,牡,6,3950,小林真也,,149.7,129.0,108.7,89.9,73.0,57.2,40.6,24.9,12.2,20.7,20.3,18.8,16.9,15.8,16.6,15.7,12.7,12.2,2020104497,2026.7.15,栗東,アジアエクスプレス,トゥルーロマンス,澤田昭紀,千代田牧場,,
栗東,C,右,20260715,水,7:50,ジェミート,,牡,4,900,四位洋文,,143.0,123.9,103.8,85.2,68.8,53.4,38.2,23.9,12.1,19.1,20.1,18.6,16.4,15.4,15.2,14.3,11.8,12.1,2022100327,2026.7.15,栗東,モーニン,オスカークイーン,マブレーシング,中村雅明,,
栗東,C,右,20260715,水,7:50,テリコス,,牡,3,0,四位洋文,,144.7,125.0,104.8,86.4,70.1,54.6,38.7,23.9,11.9,19.7,20.2,18.4,16.3,15.5,15.9,14.8,12.0,11.9,2023101035,2026.7.15,栗東,ダイワメジャー,インドリヤ,平沼龍漢,シンボリ牧場,,
栗東,C,右,20260715,水,7:50,ビヨンドザドリーム,,牡,6,160,小椋研介,,,,,,,53.6,37.9,24.1,12.2,,,,,,15.7,13.8,11.9,12.2,2020102736,2026.7.15,栗東,ドリームジャーニー,ワーキングプライド,盛学志,社台コーポレーション白老ファーム,,
栗東,C,右,20260715,水,7:50,マーゴットレジーナ,,牝,4,400,小林真也,,148.9,128.1,108.0,89.6,72.8,56.8,40.4,24.8,12.1,20.8,20.1,18.4,16.8,16.0,16.4,15.6,12.7,12.1,2022101400,2026.7.15,栗東,モーリス,カーリンホーク,前田良平,下河辺牧場,,
栗東,C,右,20260715,水,7:50,ミランド,,牡,3,400,小林真也,,150.6,129.7,109.4,90.4,73.4,57.6,40.8,25.0,12.2,20.9,20.3,19.0,17.0,15.8,16.8,15.8,12.8,12.2,2023102836,2026.7.15,栗東,ゴールドドリーム,ラレッサングル,平川三津,高橋陵,,
栗東,C,右,20260715,水,7:51,サンライズジャッジ,,牡,3,0,小椋研介,,132.5,114.7,97.0,80.5,66.0,52.0,37.9,24.4,12.4,17.8,17.7,16.5,14.5,14.0,14.1,13.5,12.0,12.4,2023101574,2026.7.15,栗東,ダノンキングリー,サイモンドルチェ,ライフハウス,ヤナガワ牧場,,
栗東,C,右,20260715,水,7:51,プレスバーン,,牝,3,0,石坂公一,,138.4,118.6,100.0,83.3,68.5,53.7,38.3,24.0,12.0,19.8,18.6,16.7,14.8,14.8,15.4,14.3,12.0,12.0,2023105647,2026.7.15,栗東,キタサンブラック,プリオバーン,水上千歳,笠松牧場,,
栗東,C,右,20260715,水,7:51,ベルヴェール,,牡,2,未出走,石坂公一,,137.5,117.7,98.9,82.2,67.8,52.8,38.1,23.9,12.1,19.8,18.8,16.7,14.4,15.0,14.7,14.2,11.8,12.1,2024106458,2026.7.15,栗東,モーリス,チャームドヴェール,シルクレーシング,ノーザンファーム,,
栗東,C,右,20260715,水,7:51,マジックハンド,,牡,3,0,小椋研介,,131.5,114.2,96.2,79.7,65.4,51.6,37.4,23.9,12.1,17.3,18.0,16.5,14.3,13.8,14.2,13.5,11.8,12.1,2023101390,2026.7.15,栗東,アメリカンペイトリオット,ハンドスター,佐々木將吉,船越牧場,,
栗東,C,右,20260715,水,7:52,エルディアブロ,,牡,8,900,宮地貴稔,,138.4,118.8,99.4,81.6,66.2,52.0,37.6,23.6,11.7,19.6,19.4,17.8,15.4,14.2,14.4,14.0,11.9,11.7,2018104512,2026.7.15,栗東,キングカメハメハ,アプリコットフィズ,社台レースホース,社台ファーム,,
栗東,C,右,20260715,水,7:52,クールタロウ,,牡,2,0,宮地貴稔,,138.1,118.4,99.3,81.1,66.1,51.8,37.4,23.6,11.8,19.7,19.1,18.2,15.0,14.3,14.4,13.8,11.8,11.8,2024105496,2026.7.15,栗東,デクラレーションオブウォー,クールティアラ,川上哲司,久井牧場,,
栗東,C,右,20260715,水,7:52,コスモルミナ,,牡,2,未出走,宮地貴稔,,137.0,117.7,98.9,80.8,65.9,51.6,37.3,23.6,11.8,19.3,18.8,18.1,14.9,14.3,14.3,13.7,11.8,11.8,2024103655,2026.7.15,栗東,ベンバトル,ルミナスライン,ブルースターズファーム,ブルースターズファーム,,
栗東,C,右,20260715,水,7:52,シャンパンライフ,,牝,4,0,四位洋文,,,,,,,55.1,37.7,24.0,12.2,,,,,,17.4,13.7,11.8,12.2,2022105534,2026.7.15,栗東,イスラボニータ,メモリアルライフ,青山洋一,社台ファーム,,
栗東,C,右,20260715,水,7:54,ベイニーニャ,,牝,3,0,茶木太樹,,133.7,114.6,97.3,81.1,65.8,51.6,37.5,23.8,11.8,19.1,17.3,16.2,15.3,14.2,14.1,13.7,12.0,11.8,2023105819,2026.7.15,栗東,アドマイヤマーズ,ベイコート,中村祐子,ケイアイファーム,,
栗東,C,右,20260715,水,7:54,マルモア,,牝,5,400,松永幹夫,,139.4,118.5,98.0,80.0,65.6,51.5,37.4,23.6,12.0,20.9,20.5,18.0,14.4,14.1,14.1,13.8,11.6,12.0,2021105245,2026.7.15,栗東,エピファネイア,マーブルカテドラル,インゼルレーシング,社台ファーム,,
栗東,C,右,20260715,水,7:57,プルメリアリノ,,牝,3,400,小栗実,,,,,84.6,68.5,53.0,38.0,24.1,12.1,,,,16.1,15.5,15.0,13.9,12.0,12.1,2023102213,2026.7.15,栗東,ミスチヴィアスアレックス,プルメリアミコ,武田浩典,まるとみ冨岡牧場,,
栗東,C,右,20260715,水,7:58,レガリアーナ,,牝,3,0,安達昭夫,,148.5,125.9,105.1,86.1,70.1,55.0,39.1,24.4,11.5,22.6,20.8,19.0,16.0,15.1,15.9,14.7,12.9,11.5,2023103763,2026.7.15,栗東,トーセンラー,オルトルート,中塚孝明,社台コーポレーション白老ファーム,,
栗東,C,右,20260715,水,8:00,ソーニーイシュー,,牡,5,2400,千田輝彦,,137.9,120.2,101.7,84.1,68.5,53.4,38.6,24.1,11.7,17.7,18.5,17.6,15.6,15.1,14.8,14.5,12.4,11.7,2021101705,2026.7.15,栗東,シニスターミニスター,ローズストリート,ゴドルフィン,ダーレー・ジャパン・ファーム,,
栗東,C,右,20260715,水,8:01,タガノアルブラック,,牝,3,400,千田輝彦,,,,,89.8,71.1,54.7,38.8,24.0,11.7,,,,18.7,16.4,15.9,14.8,12.3,11.7,2023104333,2026.7.15,栗東,デクラレーションオブウォー,ラーダー,八木良司,新冠タガノファーム,,
栗東,C,右,20260715,水,8:01,タガノヘラクレス,,牡,5,900,千田輝彦,,158.9,136.3,114.0,92.4,73.9,56.0,38.8,23.8,11.5,22.6,22.3,21.6,18.5,17.9,17.2,15.0,12.3,11.5,2021106544,2026.7.15,栗東,シルバーステート,タガノグラッツェ,八木良司,新冠タガノファーム,,
栗東,C,右,20260715,水,8:01,ダノンステート,,牡,3,0,千田輝彦,,,,,89.9,72.1,55.0,38.6,24.2,11.7,,,,17.8,17.1,16.4,14.4,12.5,11.7,2023105024,2026.7.15,栗東,シルバーステート,マダムヴェステル,ダノックス,三嶋牧場,,
美浦,D,右,20260715,水,4:57,アンパドゥ,,牡,5,2400,木村哲也,154.0,133.0,114.4,97.0,81.7,66.9,52.2,37.6,24.0,11.4,18.6,17.4,15.3,14.8,14.7,14.6,13.6,12.6,11.4,2021110030,2026.7.15,美浦,Iffraaj,"Latharna Skies",ゴドルフィン,Godolphin,,
美浦,D,右,20260715,水,4:57,フィールドノート,,牡,4,400,木村哲也,154.6,133.3,114.8,97.5,82.0,67.2,52.5,37.9,24.3,11.5,18.5,17.3,15.5,14.8,14.7,14.6,13.6,12.8,11.5,2022107186,2026.7.15,美浦,ロードカナロア,フィンレイズラッキーチャーム,サンデーレーシング,ノーザンファーム,,
美浦,D,右,20260715,水,4:58,レッドレガリア,,牡,3,0,木村哲也,154.5,134.0,116.2,99.2,83.2,68.4,53.6,38.9,25.0,12.0,17.8,17.0,16.0,14.8,14.8,14.7,13.9,13.0,12.0,2023107340,2026.7.15,美浦,エピファネイア,レッドファンタジア,東京ホースレーシング,ノーザンファーム,,
美浦,D,右,20260715,水,4:59,アデルフィー,,牡,3,0,金成貴史,167.3,142.5,119.9,99.4,81.8,66.7,51.7,37.1,23.2,10.8,22.6,20.5,17.6,15.1,15.0,14.6,13.9,12.4,10.8,2023105753,2026.7.15,美浦,モーニン,ソロフライト,小原準一郎,松田牧場,,
美浦,D,右,20260715,水,4:59,アルデキングダム,,牡,3,400,村田一誠,168.5,146.1,125.7,106.1,88.1,71.1,54.1,38.4,24.7,12.1,20.4,19.6,18.0,17.0,17.0,15.7,13.7,12.6,12.1,2023102160,2026.7.15,美浦,アニマルキングダム,タキオンメーカー,秋元竜弥,日本中央競馬会日高育成牧場,,
美浦,D,右,20260715,水,4:59,コトブキヘスペラス,,牡,6,400,金成貴史,168.7,143.8,121.5,100.9,83.2,67.7,52.6,37.8,23.6,11.1,22.3,20.6,17.7,15.5,15.1,14.8,14.2,12.5,11.1,2020100209,2026.7.15,美浦,ハーツクライ,エーシンベロシティ,尾上松壽,下屋敷牧場,,
美浦,D,右,20260715,水,4:59,フレンデル,,牡,2,0,金成貴史,168.6,144.5,122.3,101.5,84.0,68.8,53.0,37.8,24.2,11.4,22.2,20.8,17.5,15.2,15.8,15.2,13.6,12.8,11.4,2024105723,2026.7.15,美浦,オルフェーヴル,リンダリンダ,MMC,リトルブルーファーム,,
美浦,D,右,20260715,水,4:59,ヘルヴェティオス,,牡,4,400,金成貴史,165.2,140.5,119.2,99.5,82.3,66.8,51.7,37.2,23.8,11.4,21.3,19.7,17.2,15.5,15.1,14.5,13.4,12.4,11.4,2022104619,2026.7.15,美浦,ドレフォン,アルミレーナ,サンデーレーシング,ノーザンファーム,,
美浦,D,右,20260715,水,5:00,オルッス,,牡,2,0,伊坂重信,254.3,227.8,204.0,,86.9,69.2,53.4,39.0,25.3,11.8,23.8,,,17.7,15.8,14.4,13.7,13.5,11.8,2024102851,2026.7.15,美浦,マテラスカイ,メランコリア,ミルファーム,ミルファーム,,
美浦,D,右,20260715,水,5:00,ダノンオンザビート,,牡,3,0,堀宣行,,,,,84.8,66.4,51.0,36.5,23.9,12.1,,,,18.4,15.4,14.5,12.6,11.8,12.1,2023105369,2026.7.15,美浦,キタサンブラック,エントロピア,ダノックス,グランド牧場,,
美浦,D,右,20260715,水,5:00,ダノンタッチダウン,,セ,6,2550,堀宣行,,,,,85.6,66.1,50.7,36.4,23.9,12.2,,,,19.5,15.4,14.3,12.5,11.7,12.2,2020103277,2026.7.15,美浦,ロードカナロア,エピックラヴ,ダノックス,ノーザンファーム,,
美浦,D,右,20260715,水,5:00,チザルピーノ,,セ,5,900,堀宣行,,,,,84.9,67.4,52.1,37.2,23.8,11.7,,,,17.5,15.3,14.9,13.4,12.1,11.7,2021101928,2026.7.15,美浦,ドレフォン,マローブルー,金子真人ホールディングス,日高大洋牧場,,
美浦,D,右,20260715,水,5:00,ハイティー,,牝,3,0,木村哲也,,,,,86.0,69.5,53.4,38.3,24.1,11.3,,,,16.5,16.1,15.1,14.2,12.8,11.3,2023107310,2026.7.15,美浦,ミスターメロディ,リズムオブラヴ,保坂和孝,ノーザンファーム,,
美浦,D,右,20260715,水,5:00,ブラッキッシュ,,牡,3,0,木村哲也,,,,,86.7,68.3,53.0,38.8,25.2,12.3,,,,18.4,15.3,14.2,13.6,12.9,12.3,2023107028,2026.7.15,美浦,キタサンブラック,シネマトグラフ,江馬由将,ノーザンファーム,,
美浦,D,右,20260715,水,5:00,ホウキボシ,,セ,6,900,堀宣行,,,,,84.3,67.1,51.8,37.0,23.7,11.8,,,,17.2,15.3,14.8,13.3,11.9,11.8,2020110058,2026.7.15,美浦,Zoustar,"La Collina",ゴドルフィン,"Kenilworth House Stud",,
美浦,D,右,20260715,水,5:00,ボールドゾーン,,牡,6,1500,木村哲也,,,,,86.7,69.8,53.9,38.6,24.4,11.4,,,,16.9,15.9,15.3,14.2,13.0,11.4,2020110130,2026.7.15,美浦,Mendelssohn,"Halo Dolly",シルクレーシング,"Spendthrift Farm LLC",,
美浦,D,右,20260715,水,5:00,マーゴットサンズ,,牝,3,400,伊坂重信,253.7,225.4,201.5,,84.4,67.3,51.8,37.7,23.8,11.3,23.9,,,17.1,15.5,14.1,13.9,12.5,11.3,2023103696,2026.7.15,美浦,ミスチヴィアスアレックス,スペルバインド,前田良平,追分ファーム,,
美浦,D,右,20260715,水,5:00,ヤマニンルーバス,,牝,3,0,村田一誠,173.9,147.0,126.7,107.7,90.2,73.2,56.7,41.1,26.1,12.2,20.3,19.0,17.5,17.0,16.5,15.6,15.0,13.9,12.2,2023101864,2026.7.15,美浦,ブラックタイド,ヤマニンファビュル,土井肇,廣田光夫,,
美浦,D,右,20260715,水,5:00,レガメデルヴェント,,牡,2,未出走,伊坂重信,251.6,224.8,201.1,,85.2,67.7,52.3,38.0,24.1,11.3,23.7,,,17.5,15.4,14.3,13.9,12.8,11.3,2024106872,2026.7.15,美浦,ルヴァンスレーヴ,アルヴェント,街風隆雄,追分ファーム,,
美浦,D,右,20260715,水,5:00,ロスパレドネス,,牡,3,400,木村哲也,,,,,86.4,69.6,53.7,38.4,24.2,11.4,,,,16.8,15.9,15.3,14.2,12.8,11.4,2023106852,2026.7.15,美浦,ドレフォン,アロマティコ,サンデーレーシング,ノーザンファーム,,
美浦,D,右,20260715,水,5:00,ヴォルールドクール,,牝,2,未登録,,251.8,226.6,202.4,,86.2,69.0,53.1,38.9,25.3,11.8,24.2,,,17.2,15.9,14.2,13.6,13.5,11.8,2024102642,2026.7.15,,ニューイヤーズデイ,ジェトライ,,鮫川フアーム,,
美浦,D,右,20260715,水,5:00,ヴォンフレ,,牝,4,1500,村田一誠,176.0,150.2,128.4,108.0,89.0,71.2,54.3,38.1,24.1,11.4,21.8,20.4,19.0,17.8,16.9,16.2,14.0,12.7,11.4,2022101227,2026.7.15,美浦,ブラックタイド,ショウリノウタゲ,平井裕,川端正博,,
美浦,D,右,20260715,水,5:01,アロンズロッド,,牡,4,900,宮田敬介,,,,,81.2,65.0,49.8,35.8,22.7,11.1,,,,16.2,15.2,14.0,13.1,11.6,11.1,2022104635,2026.7.15,美浦,エピファネイア,アーモンドアイ,シルクレーシング,ノーザンファーム,,
美浦,D,右,20260715,水,5:01,オルグジェシダ,,牝,4,400,宮田敬介,,,,,81.7,65.0,49.8,35.7,22.6,11.0,,,,16.7,15.2,14.1,13.1,11.6,11.0,2022104875,2026.7.15,美浦,モーリス,ソシアルクラブ,サンデーレーシング,ノーザンファーム,,
美浦,D,右,20260715,水,5:01,オートカリテ,,牝,3,0,牧光二,,,,,84.5,66.9,51.6,36.7,23.2,11.5,,,,17.6,15.3,14.9,13.5,11.7,11.5,2023103555,2026.7.15,美浦,コントレイル,マジェスティッククオリティ,吉田照哉,社台ファーム,,
美浦,D,右,20260715,水,5:01,カウスリップ,,牝,4,1500,中舘英二,,,,,83.9,66.8,51.7,37.5,24.0,11.5,,,,17.1,15.1,14.2,13.5,12.5,11.5,2022100627,2026.7.15,美浦,ロードカナロア,キープセイク,中村祐子,ケイアイファーム,,
美浦,D,右,20260715,水,5:01,コスモアンソロジー,,牡,4,1500,嘉藤貴行,,,,,83.6,66.5,51.8,37.1,23.5,11.1,,,,17.1,14.7,14.7,13.6,12.4,11.1,2022106793,2026.7.15,美浦,ダノンバラード,パーフェクトノート,ビッグレッドファーム,ビッグレッドファーム,,
美浦,D,右,20260715,水,5:01,コズミックボックス,,牝,3,400,中舘英二,,,,,82.7,66.6,51.9,37.4,24.0,11.8,,,,16.1,14.7,14.5,13.4,12.2,11.8,2023107353,2026.7.15,美浦,ブリックスアンドモルタル,レーヴデトワール,吉田勝己,ノーザンファーム,,
美浦,D,右,20260715,水,5:01,チームユートピア,,牝,3,400,中舘英二,,,,,82.8,66.6,51.8,37.2,23.9,11.7,,,,16.2,14.8,14.6,13.3,12.2,11.7,2023105429,2026.7.15,美浦,"Vino Rosso",シンシアズフューリー,ヒダカ・ブリーダーズ・ユニオン,アフリートファーム,,
美浦,D,右,20260715,水,5:01,トランサルピナ,,牡,2,未出走,中舘英二,,,,,82.4,66.4,51.7,37.3,24.0,11.9,,,,16.0,14.7,14.4,13.3,12.1,11.9,2024103471,2026.7.15,美浦,ジャンダルム,ドリームジョブ,ノースヒルズ,ノースヒルズ,,
美浦,D,右,20260715,水,5:01,トワイライトサイト,,牡,3,400,嘉藤貴行,,,,,87.1,68.0,52.2,37.4,23.7,11.4,,,,19.1,15.8,14.8,13.7,12.3,11.4,2023102235,2026.7.15,美浦,シニスターミニスター,ポートナイトサイト,ライオンレースホース,三嶋牧場,,
美浦,D,右,20260715,水,5:01,ノーザンタイタン,,牝,3,400,中舘英二,,,,,83.1,66.5,51.5,37.4,23.9,11.5,,,,16.6,15.0,14.1,13.5,12.4,11.5,2023105275,2026.7.15,美浦,モーリス,オーサムウインド,村元康,ノーザンファーム,,
美浦,D,右,20260715,水,5:01,バードウォッチャー,,牡,5,900,中舘英二,,,,,82.1,66.4,51.8,37.4,24.2,12.0,,,,15.7,14.6,14.4,13.2,12.2,12.0,2021105375,2026.7.15,美浦,ブラックタイド,アパパネ,金子真人ホールディングス,ノーザンファーム,,
美浦,D,右,20260715,水,5:01,ブレイクフォース,,牡,7,5000,中舘英二,,,,,83.5,66.9,52.1,37.4,24.0,11.8,,,,16.6,14.8,14.7,13.4,12.2,11.8,2019105604,2026.7.15,美浦,アジアエクスプレス,プレシャスフラワー,水上行雄,橋本牧場,,
美浦,D,右,20260715,水,5:01,ペタルズダンス,,牝,3,0,嘉藤貴行,,,,,86.4,67.5,51.8,36.9,23.3,11.3,,,,18.9,15.7,14.9,13.6,12.0,11.3,2023106796,2026.7.15,美浦,クリソベリル,カイカヨソウ,キャロットファーム,社台コーポレーション白老ファーム,,
美浦,D,右,20260715,水,5:01,ボンヌソワレ,,牝,4,1500,宮田敬介,,,,,82.3,65.4,50.2,36.0,22.9,11.1,,,,16.9,15.2,14.2,13.1,11.8,11.1,2022105435,2026.7.15,美浦,レイデオロ,ノッテビアンカ,社台レースホース,社台ファーム,,
美浦,D,右,20260715,水,5:01,モンサンアミュザン,,牝,2,未出走,牧光二,,,,,85.0,68.2,52.9,37.5,24.0,11.7,,,,16.8,15.3,15.4,13.5,12.3,11.7,2024101224,2026.7.15,美浦,ダノンキングリー,テーオーメーテル,山下新一,ヤナガワ牧場,,
美浦,D,右,20260715,水,5:01,ユイノサダハル,,牡,3,0,古賀慎明,,,,,82.8,66.7,51.0,36.9,23.9,11.5,,,,16.1,15.7,14.1,13.0,12.4,11.5,2023101841,2026.7.15,美浦,キセキ,カノン,由井健太郎,ヒダカフアーム,,
美浦,D,右,20260715,水,5:01,ラスターヴァース,,牝,3,0,牧光二,,,,,84.1,66.6,51.2,36.4,23.1,11.5,,,,17.5,15.4,14.8,13.3,11.6,11.5,2023104597,2026.7.15,美浦,サトノダイヤモンド,ブライトメッセージ,YGGホースクラブ,三村卓也,,
美浦,D,右,20260715,水,5:01,レッドテリオス,,牡,5,2400,古賀慎明,,,,,82.1,65.5,50.0,36.1,23.4,11.4,,,,16.6,15.5,13.9,12.7,12.0,11.4,2021105066,2026.7.15,美浦,ジャスタウェイ,ショーコ,東京ホースレーシング,社台ファーム,,
美浦,D,右,20260715,水,5:01,ヴァズレーヌ,,牝,5,900,嘉藤貴行,,,,,85.2,66.5,50.9,36.4,23.1,11.3,,,,18.7,15.6,14.5,13.3,11.8,11.3,2021106707,2026.7.15,美浦,フリオーソ,ルヴェソンヴェール,ノルマンディーサラブレッドレーシング,ハシモトフアーム,,
美浦,D,右,20260715,水,5:02,アロハオエ,,牝,3,0,中川公成,,,,,86.3,68.0,52.8,37.7,23.9,11.5,,,,18.3,15.2,15.1,13.8,12.4,11.5,2023104261,2026.7.15,美浦,アルアイン,ハワイアンアイ,ミルファーム,富本茂喜,,
美浦,D,右,20260715,水,5:02,エーアイクワイ,,牡,2,0,相沢郁,,,,,85.6,67.2,52.3,37.7,24.2,11.6,,,,18.4,14.9,14.6,13.5,12.6,11.6,2024103668,2026.7.15,美浦,ビッグアーサー,ヴェルジェーズ,C2M,豊栄牧場,,
美浦,D,右,20260715,水,5:02,エートレイン,,牡,2,未出走,岩戸孝樹,,,,,85.1,68.2,53.4,38.2,23.9,11.5,,,,16.9,14.8,15.2,14.3,12.4,11.5,2024101183,2026.7.15,美浦,エフフォーリア,シーサイドホーム,千明牧場,門別牧場,,
美浦,D,右,20260715,水,5:02,カシノスパーク,,牡,3,400,天間昭一,,,,,86.6,68.0,52.5,38.7,25.4,12.4,,,,18.6,15.5,13.8,13.3,13.0,12.4,2023105779,2026.7.15,美浦,ロジャーバローズ,ビジューブランシュ,柏木務,グッドラック・ファーム,,
美浦,D,右,20260715,水,5:02,コスモアチーブ,,牡,4,400,相沢郁,,,,,88.5,70.2,53.9,38.7,24.8,12.1,,,,18.3,16.3,15.2,13.9,12.7,12.1,2022106792,2026.7.15,美浦,ゴールドシップ,パフォーム,ビッグレッドファーム,ビッグレッドファーム,,
美浦,D,右,20260715,水,5:02,チェイサー,,牡,3,0,相沢郁,,,,,86.1,67.8,52.9,38.5,24.7,11.7,,,,18.3,14.9,14.4,13.8,13.0,11.7,2023104603,2026.7.15,美浦,レイデオロ,ウェストレー,本間茂,村上欽哉,,
美浦,D,右,20260715,水,5:02,ティラーノ,,牡,3,400,小手川準,,,,,82.6,66.3,51.4,37.0,24.1,11.4,,,,16.3,14.9,14.4,12.9,12.7,11.4,2023101855,2026.7.15,美浦,ゴールドシップ,モハー,北山敏隆,ヒダカフアーム,,
美浦,D,右,20260715,水,5:02,ナイトスラッガー,,牡,5,900,小手川準,,,,,83.0,66.7,51.6,37.4,24.3,11.7,,,,16.3,15.1,14.2,13.1,12.6,11.7,2021101603,2026.7.15,美浦,ルーラーシップ,トーホウアマポーラ,東豊物産,竹島幸治,,
美浦,D,右,20260715,水,5:02,ノベンバーベイズ,,牝,3,0,岩戸孝樹,,,,,85.4,68.6,53.4,38.4,24.1,11.6,,,,16.8,15.2,15.0,14.3,12.5,11.6,2023102900,2026.7.15,美浦,ダノンスマッシュ,ココナッツスルー,飯田正剛,千代田牧場,,
美浦,D,右,20260715,水,5:02,ノリマル,,牡,3,400,尾形和幸,,,,,84.0,66.1,50.5,36.5,23.4,11.4,,,,17.9,15.6,14.0,13.1,12.0,11.4,2023106079,2026.7.15,美浦,ブリックスアンドモルタル,ガジュマル,中谷典生,チャンピオンズファーム,,
美浦,D,右,20260715,水,5:02,パーシヴァル,,セ,3,0,相沢郁,,,,,86.2,68.8,53.3,38.8,24.9,11.9,,,,17.4,15.5,14.5,13.9,13.0,11.9,2023103290,2026.7.15,美浦,デクラレーションオブウォー,センティフォリア,ヒダカ・ブリーダーズ・ユニオン,矢野牧場,,
美浦,D,右,20260715,水,5:02,ビーズスティンガー,,牝,2,未出走,中川公成,,,,,85.7,67.5,52.5,37.3,23.8,11.5,,,,18.2,15.0,15.2,13.5,12.3,11.5,2024102989,2026.7.15,美浦,ダノンスマッシュ,スコルピオンキッス,ウエスト.フォレスト.ステイブル,カミイスタット,,
美浦,D,右,20260715,水,5:02,ライヴバーボン,,牝,2,未出走,尾形和幸,,,,,83.4,65.6,50.1,36.0,23.2,11.3,,,,17.8,15.5,14.1,12.8,11.9,11.3,2024102446,2026.7.15,美浦,カリフォルニアクローム,コシミノダンサー,澤田孝之,大島牧場,,
美浦,D,右,20260715,水,5:02,リュミナーズ,,牝,4,400,堀内岳志,,,,,85.6,68.9,53.7,39.0,24.9,11.8,,,,16.7,15.2,14.7,14.1,13.1,11.8,2022101465,2026.7.15,美浦,ルヴァンスレーヴ,レセディラローナ,下河辺牧場,下河辺牧場,,
美浦,D,右,20260715,水,5:02,ルモンテ,,牡,3,0,堀内岳志,,,,,86.4,69.4,54.1,39.2,25.0,11.8,,,,17.0,15.3,14.9,14.2,13.2,11.8,2023106245,2026.7.15,美浦,ワールドプレミア,ステイインハート,柴原榮,マリオステーブル,,
美浦,D,右,20260715,水,5:03,アッシズオブローズ,,牝,3,0,尾関知人,,,,,85.3,67.4,52.3,38.1,24.5,11.6,,,,17.9,15.1,14.2,13.6,12.9,11.6,2023107360,2026.7.15,美浦,アドマイヤマーズ,ロサグラウカ,サンデーレーシング,ノーザンファーム,,
美浦,D,右,20260715,水,5:03,イントゥザウインド,,牡,3,0,尾関知人,,,,,86.6,69.0,52.8,38.2,24.6,11.9,,,,17.6,16.2,14.6,13.6,12.7,11.9,2023103753,2026.7.15,美浦,ルヴァンスレーヴ,イリュミナンス,社台レースホース,社台コーポレーション白老ファーム,,
美浦,D,右,20260715,水,5:03,ウィルステート,,牡,2,未出走,黒岩陽一,,,,,82.2,66.6,51.7,37.1,23.6,11.4,,,,15.6,14.9,14.6,13.5,12.2,11.4,2024106113,2026.7.15,美浦,シルバーステート,アウィルアウェイ,吉田勝己,ノーザンファーム,,
美浦,D,右,20260715,水,5:03,ウインカーネリアン,,牡,9,21750,鹿戸雄一,,,,,86.1,69.7,54.2,38.7,24.2,11.4,,,,16.4,15.5,15.5,14.5,12.8,11.4,2017101429,2026.7.15,美浦,スクリーンヒーロー,コスモクリスタル,ウイン,コスモヴューファーム,,
美浦,D,右,20260715,水,5:03,エーオープリマ,,牝,2,0,久保田貴,,,,,87.4,70.2,53.7,38.0,23.9,11.4,,,,17.2,16.5,15.7,14.1,12.5,11.4,2024104351,2026.7.15,美浦,ニューイヤーズデイ,ファイトユアソング,ネクストトライ,グランド牧場,,
美浦,D,右,20260715,水,5:03,クレアノア,,牝,3,0,久保田貴,,,,,87.2,69.9,53.5,37.8,23.7,11.4,,,,17.3,16.4,15.7,14.1,12.3,11.4,2023107319,2026.7.15,美浦,アドマイヤマーズ,リリレフア,草間庸文,ノーザンファーム,,
美浦,D,右,20260715,水,5:03,サスケソルトバーン,,牡,2,未出走,和田雄二,,,,,88.0,69.5,53.7,38.2,23.7,11.4,,,,18.5,15.8,15.5,14.5,12.3,11.4,2024102123,2026.7.15,美浦,アニマルキングダム,ミスミズ,佐藤大介,日本中央競馬会日高育成牧場,,
美浦,D,右,20260715,水,5:03,シャイニースイフト,,牡,6,900,菊川正達,,,,,93.8,73.6,55.5,39.8,25.8,12.6,,,,20.2,18.1,15.7,14.0,13.2,12.6,2020101184,2026.7.15,美浦,ダノンバラード,ブライティアスター,小林昌志,雅牧場,,
美浦,D,右,20260715,水,5:03,スクイーズアウト,,牡,3,0,黒岩陽一,,,,,82.1,66.2,51.5,37.1,23.4,11.5,,,,15.9,14.7,14.4,13.7,11.9,11.5,2023102167,2026.7.15,美浦,リオンディーズ,デルニエリアリテ,Y'sレーシング,信岡牧場,,
美浦,D,右,20260715,水,5:03,スチールギターラグ,,牝,3,0,鹿戸雄一,,,,,84.1,69.1,53.9,39.0,24.8,11.6,,,,15.0,15.2,14.9,14.2,13.2,11.6,2023102799,2026.7.15,美浦,エピファネイア,サウンドオブハート,タイヘイ牧場,タイヘイ牧場,,
美浦,D,右,20260715,水,5:03,セントゴーデンス,,セ,3,400,黒岩陽一,,,,,82.6,66.9,51.9,37.4,23.6,11.3,,,,15.7,15.0,14.5,13.8,12.3,11.3,2023107296,2026.7.15,美浦,ロードカナロア,ラッキーダイム,キャロットファーム,ノーザンファーム,,
美浦,D,右,20260715,水,5:03,トリプティーク,,牝,2,0,和田雄二,,,,,88.6,70.2,53.9,38.2,23.5,11.2,,,,18.4,16.3,15.7,14.7,12.3,11.2,2024101755,2026.7.15,美浦,イスラボニータ,ツバキエンジェル,本田恒雄,グランデファーム,,
美浦,D,右,20260715,水,5:03,パッセージピーク,,牡,3,400,中舘英二,,,,,83.7,66.4,51.4,37.2,24.1,11.7,,,,17.3,15.0,14.2,13.1,12.4,11.7,2023107275,2026.7.15,美浦,アドマイヤマーズ,メリート,キャロットファーム,ノーザンファーム,,
美浦,D,右,20260715,水,5:03,フミサウンド,,牡,6,900,鹿戸雄一,,,,,86.8,70.1,54.4,38.8,24.3,11.4,,,,16.7,15.7,15.6,14.5,12.9,11.4,2020103218,2026.7.15,美浦,ジャスタウェイ,アブソルートリー,林文彦,ノーザンファーム,,
美浦,D,右,20260715,水,5:03,モンツァフレイバー,,牡,4,0,久保田貴,,,,,86.1,69.1,53.1,37.5,23.4,11.3,,,,17.0,16.0,15.6,14.1,12.1,11.3,2022103181,2026.7.15,美浦,エピファネイア,メープルフレイバー,尾田信夫,丸幸小林牧場,,
美浦,D,右,20260715,水,5:03,ユニバーサルラヴ,,牝,3,0,尾関知人,,,,,84.5,67.2,52.2,37.9,24.4,11.6,,,,17.3,15.0,14.3,13.5,12.8,11.6,2023105652,2026.7.15,美浦,ミスチヴィアスアレックス,ラスティングラヴ,水上ふじ子,笠松牧場,,
美浦,D,右,20260715,水,5:03,ルージュラベル,,牝,3,0,鹿戸雄一,,,,,86.1,69.9,54.5,38.9,24.3,11.3,,,,16.2,15.4,15.6,14.6,13.0,11.3,2023106624,2026.7.15,美浦,エピファネイア,レッドベルディエス,東京ホースレーシング,坂東牧場,,
美浦,D,右,20260715,水,5:03,レッドマスキュラー,,牡,2,未出走,黒岩陽一,,,,,81.8,65.8,51.3,37.0,23.4,11.5,,,,16.0,14.5,14.3,13.6,11.9,11.5,2024106048,2026.7.15,美浦,キズナ,ムーチョアンユージュアル,東京ホースレーシング,社台ファーム,,
美浦,D,右,20260715,水,5:04,アラレタバシル,,牡,5,1500,松尾卓哉,,,,,85.5,67.7,52.4,37.9,24.3,11.4,,,,17.8,15.3,14.5,13.6,12.9,11.4,2021107192,2026.7.15,美浦,ケープブランコ,クサナギノツルギ,福田光博,トラストスリーファーム,,
美浦,D,右,20260715,水,5:04,キャルキュラス,,牝,3,0,大竹正博,,,,,83.0,66.2,51.3,36.3,23.3,11.5,,,,16.8,14.9,15.0,13.0,11.8,11.5,2023107207,2026.7.15,美浦,ミッキーアイル,プリマグラード,池谷誠一,ノーザンファーム,,
美浦,D,右,20260715,水,5:04,クリノゴッホ,,セ,6,400,新開幸一,,,,,83.5,66.6,51.9,37.8,24.4,11.5,,,,16.9,14.7,14.1,13.4,12.9,11.5,2020103885,2026.7.15,美浦,マツリダゴッホ,カムホームラッシー,栗原正雄,岡田スタツド,,
美浦,D,右,20260715,水,5:04,ケファロニア,,牡,3,0,高柳瑞樹,,,,,83.7,67.0,51.5,37.3,24.3,12.1,,,,16.7,15.5,14.2,13.0,12.2,12.1,2023107274,2026.7.15,美浦,ルヴァンスレーヴ,メリッサーニ,G1レーシング,ノーザンファーム,,
美浦,D,右,20260715,水,5:04,サトノフェンサー,,牡,3,400,高柳瑞樹,,,,,83.0,66.1,50.7,36.9,24.2,12.0,,,,16.9,15.4,13.8,12.7,12.2,12.0,2023103157,2026.7.15,美浦,デクラレーションオブウォー,サトノフラリッシュ,里見治,フジワラフアーム,,
美浦,D,右,20260715,水,5:04,サムハラ,,牡,3,400,新開幸一,,,,,84.7,67.1,52.1,37.8,24.0,11.4,,,,17.6,15.0,14.3,13.8,12.6,11.4,2023104521,2026.7.15,美浦,サートゥルナーリア,ラブローレル,高橋貴士,北星村田牧場,,
美浦,D,右,20260715,水,5:04,シルクドマルス,,牝,2,未出走,松尾卓哉,,,,,83.3,66.5,50.9,36.5,23.3,11.6,,,,16.8,15.6,14.4,13.2,11.7,11.6,2024103198,2026.7.15,美浦,アドマイヤマーズ,ルシルク,シルクレーシング,隆栄牧場,,
美浦,D,右,20260715,水,5:04,パルミエ,,牝,3,0,松尾卓哉,,,,,85.5,67.8,52.2,37.8,24.3,12.2,,,,17.7,15.6,14.4,13.5,12.1,12.2,2023105254,2026.7.15,美浦,マインドユアビスケッツ,モードフランス,DMMドリームクラブ,社台ファーム,,
美浦,D,右,20260715,水,5:04,ファビュラススター,,牡,5,900,大竹正博,,,,,84.5,67.5,52.4,37.4,23.7,11.3,,,,17.0,15.1,15.0,13.7,12.4,11.3,2021103478,2026.7.15,美浦,エピファネイア,ヴンダーゾンネ,前田幸貴,岡田スタツド,,
美浦,D,右,20260715,水,5:04,フジサン,,牝,3,0,大竹正博,,,,,83.6,66.7,51.7,36.6,23.3,11.5,,,,16.9,15.0,15.1,13.3,11.8,11.5,2023105006,2026.7.15,美浦,キズナ,オールインファン,嶋田一成,三嶋牧場,,
美浦,D,右,20260715,水,5:04,ヘリオトロープ,,牡,4,900,大竹正博,,,,,85.5,68.3,52.9,37.9,24.0,11.5,,,,17.2,15.4,15.0,13.9,12.5,11.5,2022105198,2026.7.15,美浦,ヘニーヒューズ,ワンミリオンス,サンデーレーシング,ノーザンファーム,,
美浦,D,右,20260715,水,5:04,ベールダウン,,牝,2,未出走,松尾卓哉,,,,,84.2,67.0,51.3,36.8,23.5,11.6,,,,17.2,15.7,14.5,13.3,11.9,11.6,2024105028,2026.7.15,美浦,フィレンツェファイア,マイネイディール,ビッグレッドファーム,真歌田中牧場,,
美浦,D,右,20260715,水,5:04,モリノアミーゴ,,牝,4,900,鈴木伸尋,,,,,89.3,71.2,55.4,40.1,25.9,12.3,,,,18.1,15.8,15.3,14.2,13.6,12.3,2022106328,2026.7.15,美浦,モーニン,ロサモスカータ,森和久,須崎牧場,,
美浦,D,右,20260715,水,5:04,ルナルーチェット,,牝,4,900,松尾卓哉,,,,,84.9,67.1,51.9,37.6,24.1,11.4,,,,17.8,15.2,14.3,13.5,12.7,11.4,2022105233,2026.7.15,美浦,ブリックスアンドモルタル,イルミナント,社台レースホース,社台ファーム,,
美浦,D,右,20260715,水,5:05,エレクトス,,牡,2,未出走,池上昌和,,,,,86.3,69.5,54.7,39.6,24.8,11.7,,,,16.8,14.8,15.1,14.8,13.1,11.7,2024105112,2026.7.15,美浦,クリソベリル,ダンツチョイス,ヒダカ・ブリーダーズ・ユニオン,矢野牧場,,
美浦,D,右,20260715,水,5:05,グッドヴァイブス,,牡,5,80,高柳瑞樹,,,,,85.3,67.2,51.7,37.4,24.0,11.4,,,,18.1,15.5,14.3,13.4,12.6,11.4,2021101521,2026.7.15,美浦,シュヴァルグラン,インドリヤ,藤田晋,シンボリ牧場,,
美浦,D,右,20260715,水,5:05,グルーヴェンス,,牡,2,未出走,高柳瑞樹,,,,,84.2,66.5,51.1,37.2,23.9,11.3,,,,17.7,15.4,13.9,13.3,12.6,11.3,2024101344,2026.7.15,美浦,カラヴァッジオ,グルーヴライン,"Viridian Keiba Club",清水牧場,,
美浦,D,右,20260715,水,5:05,ニシノキフジン,,牝,2,未出走,萱野浩二,,,,,84.9,67.2,52.0,37.5,24.0,11.8,,,,17.7,15.2,14.5,13.5,12.2,11.8,2024103938,2026.7.15,美浦,ハービンジャー,ニシノマメフク,西山茂行,メイタイファーム,,
美浦,D,右,20260715,水,5:05,ヌンエリン,,牝,2,未出走,秋本大介,,,,,84.9,68.6,53.7,38.9,25.3,12.3,,,,16.3,14.9,14.8,13.6,13.0,12.3,2024102023,2026.7.15,美浦,ゴールドドリーム,ヌンジュリエット,ヌンクラブ,ディアレストクラブ,,
美浦,D,右,20260715,水,5:05,フロステリオン,,牡,3,0,萱野浩二,,,,,84.6,67.0,51.7,37.1,23.6,11.5,,,,17.6,15.3,14.6,13.5,12.1,11.5,2023102266,2026.7.15,美浦,ディープブリランテ,リゼブルー,ローレルレーシング,吉永ファーム,,
美浦,D,右,20260715,水,5:05,プレシャスローズ,,牝,2,未出走,池上昌和,,,,,85.7,69.1,54.5,39.3,24.7,11.7,,,,16.6,14.6,15.2,14.6,13.0,11.7,2024104083,2026.7.15,美浦,グレーターロンドン,プレシャスガール,ノルマンディーサラブレッドレーシング,上野正恵,,
美浦,D,右,20260715,水,5:05,ホウオウチャールズ,,牡,3,0,池上昌和,,,,,85.7,68.3,54.0,39.5,24.8,12.1,,,,17.4,14.3,14.5,14.7,12.7,12.1,2023102414,2026.7.15,美浦,スワーヴリチャード,ブロンズテーラー,小笹芳央,岡田スタツド,,
美浦,D,右,20260715,水,5:05,モウエエデショー,,牡,3,400,萱野浩二,,,,,83.0,65.8,50.6,36.3,23.0,11.1,,,,17.2,15.2,14.3,13.3,11.9,11.1,2023105433,2026.7.15,美浦,ダノンプレミアム,フルオブドリームズ,大田恭充,アフリートファーム,,
美浦,D,右,20260715,水,5:05,ラヴィングリー,,牝,3,0,池上昌和,,,,,87.1,70.0,55.1,39.8,25.0,11.7,,,,17.1,14.9,15.3,14.8,13.3,11.7,2023103692,2026.7.15,美浦,クリソベリル,シャルムダムール,G1レーシング,追分ファーム,,
美浦,D,右,20260715,水,5:05,リアンディール,,牝,2,未出走,秋本大介,,,,,84.1,67.8,53.1,38.4,25.0,12.2,,,,16.3,14.7,14.7,13.4,12.8,12.2,2024104580,2026.7.15,美浦,バゴ,オルボンディール,高橋ファーム,高橋フアーム,,
美浦,D,右,20260715,水,5:06,アマンヘセル,,牝,3,0,蛯名正義,,,,,84.8,68.4,52.9,38.4,25.0,12.3,,,,16.4,15.5,14.5,13.4,12.7,12.3,2023102389,2026.7.15,美浦,キズナ,ティズトレメンダス,Gリビエール・レーシング,岡田スタツド,,
美浦,D,右,20260715,水,5:06,エイシンイクサボシ,,牝,3,0,勢司和浩,,,,,84.0,67.7,53.5,39.8,26.2,13.2,,,,16.3,14.2,13.7,13.6,13.0,13.2,2023105536,2026.7.15,美浦,エイシンヒカリ,エイシンポラリス,栄進堂,中地義次,,
美浦,D,右,20260715,水,5:06,オンナキュヌヴィ,,牝,3,0,蛯名正義,,,,,83.4,66.4,51.4,37.5,23.8,11.3,,,,17.0,15.0,13.9,13.7,12.5,11.3,2023105688,2026.7.15,美浦,リオンディーズ,ラベンダーヴァレイ,金子真人ホールディングス,坂東牧場,,
美浦,D,右,20260715,水,5:06,キーチジャステン,,牡,3,0,千葉直人,,,,,84.6,67.2,51.9,37.2,23.6,11.3,,,,17.4,15.3,14.7,13.6,12.3,11.3,2023106575,2026.7.15,美浦,タワーオブロンドン,メモリーフェミナ,山本益臣,上村勇人,,
美浦,D,右,20260715,水,5:06,クラウンテック,,牡,4,120,松永康利,,,,,86.9,69.1,53.5,38.6,24.6,11.9,,,,17.8,15.6,14.9,14.0,12.7,11.9,2022101291,2026.7.15,美浦,アドマイヤマーズ,ニアメ,矢野まり子,クラウン日高牧場,,
美浦,D,右,20260715,水,5:06,ケイツーリーブル,,牝,3,900,千葉直人,,,,,83.9,66.8,51.6,37.2,23.8,11.6,,,,17.1,15.2,14.4,13.4,12.2,11.6,2023103628,2026.7.15,美浦,ジャスタウェイ,コマノサラサ,楠本勝美,新井牧場,,
美浦,D,右,20260715,水,5:06,ゲームチェンジャー,,牡,2,未出走,蛯名利弘,,,,,86.3,68.9,53.0,37.8,24.3,12.0,,,,17.4,15.9,15.2,13.5,12.3,12.0,2024105634,2026.7.15,美浦,カレンブラックヒル,クリムゾンハート,小野博郷,明治牧場,,
美浦,D,右,20260715,水,5:06,コパノフラメンコ,,牝,2,未出走,上原博之,,,,,83.8,65.7,50.3,36.1,23.3,11.5,,,,18.1,15.4,14.2,12.8,11.8,11.5,2024102665,2026.7.15,美浦,コパノリッキー,プリンシプルレディ,小林祥晃,大北牧場,,
美浦,D,右,20260715,水,5:06,サイモンオリエント,,牡,2,未出走,勢司和浩,,,,,84.3,68.0,53.6,39.3,25.7,12.4,,,,16.3,14.4,14.3,13.6,13.3,12.4,2024102477,2026.7.15,美浦,シャンハイボビー,シェリーカスク,澤田昭紀,笠松牧場,,
美浦,D,右,20260715,水,5:06,シリウスコルト,,牡,5,5350,田中勝春,,,,,82.7,66.7,51.9,37.4,23.7,11.4,,,,16.0,14.8,14.5,13.7,12.3,11.4,2021104094,2026.7.15,美浦,マクフィ,オールドフレイム,飯田正剛,千代田牧場,,
美浦,D,右,20260715,水,5:06,スピアッジャローザ,,牝,4,0,蛯名利弘,,,,,87.9,70.2,53.6,38.1,24.3,12.0,,,,17.7,16.6,15.5,13.8,12.3,12.0,2022103537,2026.7.15,美浦,ビーチパトロール,ナンヨーユナ,ノルマンディーサラブレッドレーシング,岡田スタツド,,
美浦,D,右,20260715,水,5:06,セイウンサイフィー,,牡,2,未出走,上原博之,,,,,84.4,66.7,51.3,37.0,23.8,11.9,,,,17.7,15.4,14.3,13.2,11.9,11.9,2024101690,2026.7.15,美浦,コントレイル,マストビーレイト,西山茂行,ガーベラパークスタツド,,
美浦,D,右,20260715,水,5:06,ハニーコム,,牝,5,1500,蛯名正義,,,,,83.8,67.9,52.4,38.2,24.8,12.4,,,,15.9,15.5,14.2,13.4,12.4,12.4,2021100789,2026.7.15,美浦,シルバーステート,マルハチメイフェア,ビッグレッドファーム,鮫川啓一,,
美浦,D,右,20260715,水,5:06,フォルラニーニ,,牡,5,1500,手塚貴久,,,,,83.5,66.8,51.3,37.1,23.6,11.4,,,,16.7,15.5,14.2,13.5,12.2,11.4,2021105859,2026.7.15,美浦,エピファネイア,リナーテ,サンデーレーシング,ノーザンファーム,,
美浦,D,右,20260715,水,5:06,フキョウワオン,,牡,3,0,勢司和浩,,,,,84.1,68.0,53.6,39.3,25.7,12.4,,,,16.1,14.4,14.3,13.6,13.3,12.4,2023103971,2026.7.15,美浦,リアルスティール,ステイホーム,吉野智博,イワミ牧場,,
美浦,D,右,20260715,水,5:06,ミラクルオーラ,,牡,2,未出走,松永康利,,,,,87.0,69.2,53.6,38.7,24.7,12.0,,,,17.8,15.6,14.9,14.0,12.7,12.0,2024104532,2026.7.15,美浦,ラニ,ミヤビフィオーラ,高橋徳昭,静内山田牧場,,
美浦,D,右,20260715,水,5:06,ミラビリスマジック,,牝,5,1500,千葉直人,,,,,84.0,66.8,51.6,36.9,23.4,11.2,,,,17.2,15.2,14.7,13.5,12.2,11.2,2021105105,2026.7.15,美浦,キズナ,ソーマジック,社台レースホース,社台ファーム,,
美浦,D,右,20260715,水,5:06,リラ,,牝,3,400,蛯名正義,,,,,82.7,65.9,51.0,37.2,23.7,11.3,,,,16.8,14.9,13.8,13.5,12.4,11.3,2023104412,2026.7.15,美浦,キズナ,マジックファウンテン,前田幸大,ノースヒルズ,,
美浦,D,右,20260715,水,5:06,リリエンフェルト,,牝,5,240,上原博之,,,,,83.9,67.0,52.4,38.2,24.6,12.0,,,,16.9,14.6,14.2,13.6,12.6,12.0,2021104927,2026.7.15,美浦,ルーラーシップ,リリカルホワイト,ネコメンレーシング,社台コーポレーション白老ファーム,,
美浦,D,右,20260715,水,5:06,ヴェルバーニア,,牡,2,未出走,手塚貴久,,,,,82.6,66.3,50.8,36.7,23.3,11.3,,,,16.3,15.5,14.1,13.4,12.0,11.3,2024106139,2026.7.15,美浦,キタサンブラック,アドマイヤローザ,サンデーレーシング,ノーザンファーム,,
美浦,D,右,20260715,水,5:07,アレーティア,,牝,4,400,上原博之,,,,,87.1,68.9,52.6,37.7,24.3,12.1,,,,18.2,16.3,14.9,13.4,12.2,12.1,2022100101,2026.7.15,美浦,ブリックスアンドモルタル,リアルヴィーナス,水上行雄,笠松牧場,,
美浦,D,右,20260715,水,5:07,アンセートゥモダン,,牝,3,0,杉浦宏昭,,,,,87.5,69.3,53.1,38.2,24.5,12.1,,,,18.2,16.2,14.9,13.7,12.4,12.1,2023105251,2026.7.15,美浦,ルヴァンスレーヴ,メジャーフォルム,山岸桂市,社台ファーム,,
美浦,D,右,20260715,水,5:07,ウィールズアップ,,牡,2,0,池上昌和,,,,,86.2,69.9,54.9,40.1,25.6,12.0,,,,16.3,15.0,14.8,14.5,13.6,12.0,2024105762,2026.7.15,美浦,ブリックスアンドモルタル,ウイングドウィール,G1レーシング,社台ファーム,,
美浦,D,右,20260715,水,5:07,エレスレイプニル,,牡,2,0,杉浦宏昭,,,,,88.4,69.3,53.2,38.4,24.6,12.2,,,,19.1,16.1,14.8,13.8,12.4,12.2,2024106831,2026.7.15,美浦,ハイランドリール,グラディエント,島川隆哉,エスティファーム,,
美浦,D,右,20260715,水,5:07,カペラテソーロ,,牡,2,0,牧光二,,,,,80.8,65.4,51.3,37.0,23.5,11.5,,,,15.4,14.1,14.3,13.5,12.0,11.5,2024101268,2026.7.15,美浦,フィエールマン,シカゴテソーロ,了徳寺健二ホールディングス,リョーケンファーム,,
美浦,D,右,20260715,水,5:07,ガヤーズアモーレ,,牝,2,未出走,田中勝春,,,,,86.1,69.3,54.4,39.8,25.5,12.4,,,,16.8,14.9,14.6,14.3,13.1,12.4,2024106333,2026.7.15,美浦,モーリス,サロニカ,小谷野宗靖,ノーザンファーム,,
美浦,D,右,20260715,水,5:07,ケイツールピア,,牝,5,400,蛯名利弘,,,,,86.1,67.9,53.1,38.5,24.8,11.9,,,,18.2,14.8,14.6,13.7,12.9,11.9,2021101801,2026.7.15,美浦,アニマルキングダム,リップグロス,楠本勝美,道見牧場,,
美浦,D,右,20260715,水,5:07,タイセツナヒ,,牡,3,400,杉浦宏昭,,,,,86.1,67.3,52.4,37.8,23.8,11.5,,,,18.8,14.9,14.6,14.0,12.3,11.5,2023102352,2026.7.15,美浦,ホッコータルマエ,アイアムキャツアイ,石田勇,岡田スタツド,,
美浦,D,右,20260715,水,5:07,ハイビスカス,,牝,2,0,杉浦宏昭,,,,,85.6,67.2,52.3,37.8,23.8,11.5,,,,18.4,14.9,14.5,14.0,12.3,11.5,2024107403,2026.7.15,美浦,ウィルテイクチャージ,ミスハイローラー,リトルブルーファーム,門別牧場,,
美浦,D,右,20260715,水,5:07,ビアフォーナウ,,牝,5,400,池上昌和,,,,,84.2,68.2,53.7,40.2,26.0,12.8,,,,16.0,14.5,13.5,14.2,13.2,12.8,2021104481,2026.7.15,美浦,バトルプラン,カリストーガ,小林由明,北洋牧場,,
美浦,D,右,20260715,水,5:07,ホウオウルクソール,,牡,3,400,栗田徹,,,,,85.9,67.3,52.0,37.6,24.1,11.6,,,,18.6,15.3,14.4,13.5,12.5,11.6,2023104174,2026.7.15,美浦,ヘニーヒューズ,シンボリティアラ,小笹芳央,高瀬牧場,,
美浦,D,右,20260715,水,5:07,マナイアカラニ,,牡,3,0,田中勝春,,,,,82.4,65.3,51.1,37.3,23.9,11.4,,,,17.1,14.2,13.8,13.4,12.5,11.4,2023107355,2026.7.15,美浦,アルアイン,レーヴドカナロア,吉田勝己,ノーザンファーム,,
美浦,D,右,20260715,水,5:07,ミエスタ,,牝,3,0,加藤征弘,,,,,86.3,68.1,51.5,37.1,23.7,11.4,,,,18.2,16.6,14.4,13.4,12.3,11.4,2023101394,2026.7.15,美浦,スワーヴリチャード,オアシスミラージュ,エラドゥーラ,"Blooming Farm",,
美浦,D,右,20260715,水,5:07,ミエノブラボー,,牝,5,400,田中勝春,,,,,81.9,64.9,50.8,37.1,23.8,11.5,,,,17.0,14.1,13.7,13.3,12.3,11.5,2021104137,2026.7.15,美浦,リオンディーズ,バンドゥッチ,里見美惠子,千代田牧場,,
美浦,D,右,20260715,水,5:08,カスバートテソーロ,,牝,4,900,畠山吉宏,,,,,84.5,67.4,51.9,37.5,23.9,11.6,,,,17.1,15.5,14.4,13.6,12.3,11.6,2022102263,2026.7.15,美浦,ゴールドアクター,パテオドバテール,了徳寺健二ホールディングス,リョーケンファーム,,
美浦,D,右,20260715,水,5:08,キャリアビジョン,,牝,3,0,西田雄一,,,,,82.2,65.4,50.3,36.6,23.5,11.4,,,,16.8,15.1,13.7,13.1,12.1,11.4,2023103805,2026.7.15,美浦,シスキン,パラレルキャリア,社台レースホース,社台コーポレーション白老ファーム,,
美浦,D,右,20260715,水,5:08,コウジハラ,,牝,3,400,西田雄一,,,,,81.6,65.0,49.9,36.3,23.3,11.3,,,,16.6,15.1,13.6,13.0,12.0,11.3,2023101860,2026.7.15,美浦,マテラスカイ,ローザビアンカ,由井健太郎,ヒダカフアーム,,
美浦,D,右,20260715,水,5:08,ショウナンバッカス,,牡,2,未出走,栗田徹,,,,,82.9,65.8,51.4,37.6,24.4,12.3,,,,17.1,14.4,13.8,13.2,12.1,12.3,2024101299,2026.7.15,美浦,スワーヴリチャード,アトロポス,湘南,若林順一,,
美浦,D,右,20260715,水,5:08,テンハートビート,,牝,3,400,西田雄一,,,,,80.8,64.5,49.5,36.1,23.1,11.3,,,,16.3,15.0,13.4,13.0,11.8,11.3,2023104170,2026.7.15,美浦,リオンディーズ,ベストリーダー,天白泰司,隆栄牧場,,
美浦,D,右,20260715,水,5:08,フォルナカリア,,牡,3,0,栗田徹,,,,,83.0,65.6,51.1,37.2,24.0,11.8,,,,17.4,14.5,13.9,13.2,12.2,11.8,2023106959,2026.7.15,美浦,サートゥルナーリア,ガールオンファイア,サンデーレーシング,ノーザンファーム,,
美浦,D,右,20260715,水,5:08,ポッドデスペア,,牡,3,520,畠山吉宏,,,,,85.7,68.5,53.6,38.8,24.4,11.8,,,,17.2,14.9,14.8,14.4,12.6,11.8,2023103983,2026.7.15,美浦,ミスターメロディ,ラフィヌモン,小川眞査雄,岩見牧場,,
美浦,D,右,20260715,水,5:08,ポッドロワール,,牡,4,1500,畠山吉宏,,,,,82.4,65.3,50.5,36.8,23.6,11.4,,,,17.1,14.8,13.7,13.2,12.2,11.4,2022101573,2026.7.15,美浦,レイデオロ,レディヴァルール,小川眞査雄,スマイルファーム,,
美浦,D,右,20260715,水,5:09,カシマライフウ,,牡,3,0,伊藤伸一,,,,,85.3,67.1,51.6,36.7,23.4,11.6,,,,18.2,15.5,14.9,13.3,11.8,11.6,2023105439,2026.7.15,美浦,シュヴァルグラン,カシマサミダレ,松浦一久,安達牧場,,
美浦,D,右,20260715,水,5:09,カンフーヒーロー,,牡,3,0,的場均,,,,,87.9,70.3,54.9,39.7,25.6,12.8,,,,17.6,15.4,15.2,14.1,12.8,12.8,2023101482,2026.7.15,美浦,ストロングリターン,ラインステッチ,田頭勇貴,前野牧場,,
美浦,D,右,20260715,水,5:09,クレイターレイク,,牝,2,未出走,奥村武,,,,,84.4,66.8,51.5,37.3,24.1,11.8,,,,17.6,15.3,14.2,13.2,12.3,11.8,2024103583,2026.7.15,美浦,ダノンバラード,オレゴンレディ,サラブレッドクラブ・ラフィアン,ビッグレッドファーム,,
美浦,D,右,20260715,水,5:09,シャンソンドール,,牝,4,900,奥村武,,,,,83.7,66.0,50.8,36.8,23.9,11.8,,,,17.7,15.2,14.0,12.9,12.1,11.8,2022105038,2026.7.15,美浦,レイデオロ,ベルディーヴァ,キャロットファーム,ノーザンファーム,,
美浦,D,右,20260715,水,5:09,ジーネキング,,牡,3,1000,斎藤誠,,,,,85.4,67.2,51.9,37.8,24.0,11.4,,,,18.2,15.3,14.1,13.8,12.6,11.4,2023104885,2026.7.15,美浦,コントレイル,セカンダリーマーケット,山口雄司,酒井牧場,,
美浦,D,右,20260715,水,5:09,ピコシー,,牡,4,900,奥村武,,,,,84.9,67.3,51.9,37.6,24.2,11.9,,,,17.6,15.4,14.3,13.4,12.3,11.9,2022101716,2026.7.15,美浦,サトノダイヤモンド,アヴァール,ビジュピコ,チャンピオンズファーム,,
美浦,D,右,20260715,水,5:09,マンダリンボレロ,,牡,6,900,伊藤伸一,,,,,83.8,66.1,51.7,37.2,23.7,11.5,,,,17.7,14.4,14.5,13.5,12.2,11.5,2020101655,2026.7.15,美浦,スピルバーグ,ジャーメイン,田頭勇貴,白瀬盛雄,,
美浦,D,右,20260715,水,5:09,メタルスピード,,牡,6,2400,斎藤誠,,,,,84.5,66.6,51.2,37.4,23.9,11.3,,,,17.9,15.4,13.8,13.5,12.6,11.3,2020101772,2026.7.15,美浦,シルバーステート,マイビビアーヌ,"Him Rock Racingホールディングス",タバタファーム,,
美浦,D,右,20260715,水,5:10,インナーパッション,,牡,3,400,斎藤誠,,,,,84.6,67.9,53.2,38.9,24.7,11.6,,,,16.7,14.7,14.3,14.2,13.1,11.6,2023103714,2026.7.15,美浦,キズナ,ブラインドラック,平井裕,追分ファーム,,
美浦,D,右,20260715,水,5:10,サトノスターライト,,牝,3,0,森一誠,,,,,84.0,66.9,51.9,37.3,23.8,11.6,,,,17.1,15.0,14.6,13.5,12.2,11.6,2023107010,2026.7.15,美浦,サトノジェネシス,サトノシュテルン,里見治,ノーザンファーム,,
美浦,D,右,20260715,水,5:10,ジャガーライズ,,牡,3,0,伊藤圭三,,,,,82.2,65.8,51.1,36.9,24.0,12.0,,,,16.4,14.7,14.2,12.9,12.0,12.0,2023102594,2026.7.15,美浦,パイロ,ハニーディスタフ,吉岡寛行,グランド牧場,,
美浦,D,右,20260715,水,5:10,セイウンリリーナ,,牝,2,未出走,水野貴広,,,,,85.3,67.2,51.9,37.3,24.0,12.0,,,,18.1,15.3,14.6,13.3,12.0,12.0,2024103842,2026.7.15,美浦,ダノンスマッシュ,セイウンリリシイ,西山茂行,村上欽哉牧場,,
美浦,D,右,20260715,水,5:10,トリスティ,,牝,3,250,伊藤圭三,,,,,83.4,65.8,51.0,36.9,24.0,12.0,,,,17.6,14.8,14.1,12.9,12.0,12.0,2023103085,2026.7.15,美浦,ディーマジェスティ,ディアレストトリックスキ,星野隆男,服部牧場,,
美浦,D,右,20260715,水,5:10,ヒラボクキャンティ,,牝,3,未出走,村田一誠,,,,,,,51.5,37.6,24.3,11.9,,,,,,13.9,13.3,12.4,11.9,2023102005,2026.7.15,美浦,デクラレーションオブウォー,ヒラボクスペシャル,平田牧場,鎌田正嗣,,
美浦,D,右,20260715,水,5:10,ピウモッソ,,牝,2,未出走,斎藤誠,,,,,82.9,66.9,52.5,38.4,24.2,11.2,,,,16.0,14.4,14.1,14.2,13.0,11.2,2024106979,2026.7.15,美浦,ナダル,エスティタート,キャロットファーム,社台コーポレーション白老ファーム,,
美浦,D,右,20260715,水,5:10,ブライティアブーケ,,牝,4,400,中舘英二,,,,,82.5,65.5,50.6,36.6,23.8,11.9,,,,17.0,14.9,14.0,12.8,11.9,11.9,2022102465,2026.7.15,美浦,カレンブラックヒル,ブライティアパルス,小林昌志,雅牧場,,
美浦,D,右,20260715,水,5:10,プロミスライン,,牝,3,0,森一誠,,,,,83.6,66.7,51.7,37.2,23.7,11.5,,,,16.9,15.0,14.5,13.5,12.2,11.5,2023104884,2026.7.15,美浦,キズナ,スマッシュハート,ターフ・スポート,酒井牧場,,
美浦,D,右,20260715,水,5:10,ベイツリー,,牡,3,0,村田一誠,,,,,,,52.8,37.3,24.0,11.7,,,,,,15.5,13.3,12.3,11.7,2023106853,2026.7.15,美浦,レイデオロ,アロマドゥルセ,キャロットファーム,ノーザンファーム,,
美浦,D,右,20260715,水,5:10,マルスフィス,,牡,2,未出走,斎藤誠,,,,,84.2,67.6,53.3,39.1,24.9,11.9,,,,16.6,14.3,14.2,14.2,13.0,11.9,2024105581,2026.7.15,美浦,アドマイヤマーズ,リアンフィーユ,"CHEVAL ATTACHE",前田ファーム,,
美浦,D,右,20260715,水,5:10,ミュージックレイン,,牝,3,0,村田一誠,,,,,,,52.7,38.3,24.7,11.9,,,,,,14.4,13.6,12.8,11.9,2023104810,2026.7.15,美浦,マテラスカイ,ミスティレイン,阿南雅浩,スイートフアーム,,
美浦,D,右,20260715,水,5:10,モミスケ,,牡,2,未出走,水野貴広,,,,,84.7,66.8,51.4,36.7,23.4,11.4,,,,17.9,15.4,14.7,13.3,12.0,11.4,2024105532,2026.7.15,美浦,ビッグアーサー,クレーンズラヴァー,助川啓一,本桐村田牧場,,
美浦,D,右,20260715,水,5:10,ライングラウス,,牡,2,未出走,水野貴広,,,,,86.1,67.8,52.2,37.5,24.1,11.9,,,,18.3,15.6,14.7,13.4,12.2,11.9,2024104199,2026.7.15,美浦,シニスターミニスター,アートオブビーン,大澤繁昌,岡田牧場,,
美浦,D,右,20260715,水,5:11,ウインハルモニア,,牝,4,940,柄崎将寿,,,,,87.5,69.8,53.4,38.8,25.3,12.5,,,,17.7,16.4,14.6,13.5,12.8,12.5,2022105610,2026.7.15,美浦,サンダースノー,スリーアフロディテ,ウイン,新井牧場,,
美浦,D,右,20260715,水,5:11,カフェブーケット,,牡,4,400,柄崎将寿,,,,,87.6,68.6,53.1,38.5,24.8,11.7,,,,19.0,15.5,14.6,13.7,13.1,11.7,2022103235,2026.7.15,美浦,フォーウィールドライブ,フィオーレカフェ,西川光一,三嶋牧場,,
美浦,D,右,20260715,水,5:11,チャチャット,,牝,3,0,柄崎将寿,,,,,87.5,69.2,53.1,38.8,25.3,12.3,,,,18.3,16.1,14.3,13.5,13.0,12.3,2023105572,2026.7.15,美浦,レイデオロ,アドマイヤチャチャ,大塚亮一,隆栄牧場,,
美浦,D,右,20260715,水,5:11,リボルトバレット,,牡,5,400,伊藤伸一,,,,,87.9,69.5,54.8,40.1,25.7,12.7,,,,18.4,14.7,14.7,14.4,13.0,12.7,2021104822,2026.7.15,美浦,ラニ,リボルトレイダー,YGGホースクラブ,笹川大晃牧場,,
美浦,D,右,20260715,水,5:12,モンドプリューム,,牡,6,3600,水野貴広,,,,,87.0,68.1,51.9,37.0,23.4,11.4,,,,18.9,16.2,14.9,13.6,12.0,11.4,2020103876,2026.7.15,美浦,サトノダイヤモンド,エリモフェザー,落合幸弘,岡田スタツド,,
美浦,D,右,20260715,水,5:12,リッキースタイル,,牡,4,900,水野貴広,,,,,89.4,69.1,52.8,37.8,23.9,11.7,,,,20.3,16.3,15.0,13.9,12.2,11.7,2022103577,2026.7.15,美浦,ジャスタウェイ,ラズールリッキー,岡田牧雄,岡田スタツド,,
美浦,D,右,20260715,水,5:13,アルスラーン,,牡,2,未出走,佐藤吉勝,,,,,87.6,69.4,54.1,39.6,26.0,12.9,,,,18.2,15.3,14.5,13.6,13.1,12.9,2024105394,2026.7.15,美浦,ミュゼスルタン,ミュゼリトルガール,ミルファーム,タツヤファーム,,
美浦,D,右,20260715,水,5:13,イツマデモマツワ,,牝,2,未出走,深山雅史,,,,,87.4,68.0,52.8,38.8,25.2,12.1,,,,19.4,15.2,14.0,13.6,13.1,12.1,2024100480,2026.7.15,美浦,マテラスカイ,リンネ,由井健太郎,下河辺牧場,,
美浦,D,右,20260715,水,5:13,カムバックトゥミー,,牝,3,0,佐藤吉勝,,,,,83.2,65.7,51.1,37.0,23.6,11.3,,,,17.5,14.6,14.1,13.4,12.3,11.3,2023106593,2026.7.15,美浦,ストーミーシー,タプローム,ミルファーム,ミルファーム,,
美浦,D,右,20260715,水,5:13,キカオクベシ,,牝,4,400,佐藤吉勝,,,,,82.8,65.6,51.1,37.1,23.7,11.4,,,,17.2,14.5,14.0,13.4,12.3,11.4,2022109052,2026.7.15,美浦,ダノンレジェンド,クラレンスハウス,福田光博,谷川ファーム,,
美浦,D,右,20260715,水,5:13,コスモフラムオット,,牡,2,未出走,武藤善則,,,,,88.1,70.7,55.2,39.2,25.0,11.6,,,,17.4,15.5,16.0,14.2,13.4,11.6,2024103591,2026.7.15,美浦,ゴールドシップ,コスモアンジュ,ビッグレッドファーム,ビッグレッドファーム,,
美浦,D,右,20260715,水,5:13,シュラフ,,牝,4,1800,佐藤吉勝,,,,,84.8,65.8,50.4,35.4,22.5,11.2,,,,19.0,15.4,15.0,12.9,11.3,11.2,2022103324,2026.7.15,美浦,フォーウィールドライブ,テイア,ミルファーム,ミルファーム,,
美浦,D,右,20260715,水,5:13,ファインブライト,,牡,3,0,佐藤吉勝,,,,,84.4,65.6,50.3,35.4,22.7,11.3,,,,18.8,15.3,14.9,12.7,11.4,11.3,2023106627,2026.7.15,美浦,アジアエクスプレス,イムディーナ,片山博志,村上牧場,,
美浦,D,右,20260715,水,5:13,フェルアフリーゼ,,牝,3,0,深山雅史,,,,,86.5,67.5,52.6,38.6,25.0,12.0,,,,19.0,14.9,14.0,13.6,13.0,12.0,2023107029,2026.7.15,美浦,ドレフォン,シフォンカール,シルクレーシング,ノーザンファーム,,
美浦,D,右,20260715,水,5:13,マルガリート,,牝,2,0,佐藤吉勝,,,,,89.3,70.1,55.0,40.2,25.9,12.6,,,,19.2,15.1,14.8,14.3,13.3,12.6,2024105550,2026.7.15,美浦,ルーラーシップ,ポリアンサ,佐藤壽男,本桐村田牧場,,
美浦,D,右,20260715,水,5:13,ルブラッシュノモー,,牡,2,未出走,佐藤吉勝,,,,,87.5,69.3,54.0,39.6,26.0,12.9,,,,18.2,15.3,14.4,13.6,13.1,12.9,2024100867,2026.7.15,美浦,エポカドーロ,オスカークロンヌ,伊藤公一,日西牧場,,
美浦,D,右,20260715,水,5:14,コパノトーマス,,牡,3,400,青木孝文,,,,,84.3,65.7,50.4,36.9,24.5,12.2,,,,18.6,15.3,13.5,12.4,12.3,12.2,2023103037,2026.7.15,美浦,タニノフランケル,ラブミーブルー,小林祥晃,西村牧場,,
美浦,D,右,20260715,水,5:14,ジェットブレード,,牡,4,900,青木孝文,,,,,84.9,68.4,53.6,38.8,24.7,12.0,,,,16.5,14.8,14.8,14.1,12.7,12.0,2022103522,2026.7.15,美浦,ビーチパトロール,ジュリーハーツ,岡田牧雄,岡田スタツド,,
美浦,D,右,20260715,水,5:14,タイセイフェリーク,,牝,6,1500,青木孝文,,,,,82.8,66.4,51.9,37.2,23.4,11.3,,,,16.4,14.5,14.7,13.8,12.1,11.3,2020103713,2026.7.15,美浦,ミッキーロケット,レーヴルシード,田中成奉,ノーザンファーム,,
美浦,D,右,20260715,水,5:14,ヴィンチェローズ,,牡,2,未出走,青木孝文,,,,,83.7,67.4,52.6,38.0,23.9,11.4,,,,16.3,14.8,14.6,14.1,12.5,11.4,2024101502,2026.7.15,美浦,ダノンスマッシュ,メロディーフェア,TAホースレーシング,猿倉牧場,,
美浦,D,右,20260715,水,5:15,アームテイル,,牝,6,1500,和田勇介,,,,,83.6,66.7,51.1,37.3,24.1,11.9,,,,16.9,15.6,13.8,13.2,12.2,11.9,2020106900,2026.7.15,美浦,ダノンバラード,メイショウアサツユ,三嶋牧場,三嶋牧場,,
美浦,D,右,20260715,水,5:15,ソナタン,,牡,4,400,和田勇介,,,,,84.9,67.7,52.0,37.6,24.2,12.0,,,,17.2,15.7,14.4,13.4,12.2,12.0,2022105241,2026.7.15,美浦,レッドファルクス,ヴァイオリンソナタ,UHレーシング,社台ファーム,,
美浦,D,右,20260715,水,5:15,ダンケルド,,セ,4,900,森一誠,,,,,79.2,64.2,50.7,37.6,24.5,12.0,,,,15.0,13.5,13.1,13.1,12.5,12.0,2022104722,2026.7.15,美浦,ミッキーアイル,カレドニアレディ,サンデーレーシング,ノーザンファーム,,
美浦,D,右,20260715,水,5:15,デアトゥノウ,,牝,3,0,田島俊明,,,,,82.5,65.3,51.1,37.4,24.0,11.8,,,,17.2,14.2,13.7,13.4,12.2,11.8,2023107522,2026.7.15,美浦,Daredevil,"Emma's Encore",岡田牧雄,"Narola LLC",,
美浦,D,右,20260715,水,5:15,ディヴァインスカイ,,牡,3,400,田島俊明,,,,,86.2,67.9,52.8,38.1,24.5,12.0,,,,18.3,15.1,14.7,13.6,12.5,12.0,2023100479,2026.7.15,美浦,マテラスカイ,スズカグレイス,尾上寿夫,稲原牧場,,
美浦,D,右,20260715,水,5:15,ビップヴィーナス,,牝,2,0,田島俊明,,,,,85.4,67.8,52.7,37.9,24.4,11.9,,,,17.6,15.1,14.8,13.5,12.5,11.9,2024106124,2026.7.15,美浦,エピファネイア,アソルータ,鈴木邦英,ノーザンファーム,,
美浦,D,右,20260715,水,5:15,マイネルサリーレ,,牡,2,未出走,田島俊明,,,,,84.8,67.3,52.4,37.5,23.9,11.9,,,,17.5,14.9,14.9,13.6,12.0,11.9,2024103571,2026.7.15,美浦,ゴールドシップ,アセンダント,サラブレッドクラブ・ラフィアン,ビッグレッドファーム,,
美浦,D,右,20260715,水,5:15,ラヴトリガー,,牝,2,未出走,田島俊明,,,,,84.8,67.4,52.4,37.5,24.0,11.9,,,,17.4,15.0,14.9,13.5,12.1,11.9,2024101315,2026.7.15,美浦,モーニン,カンポデフィオーリ,野嶋祥二,川向高橋育成牧場,,
美浦,D,右,20260715,水,5:16,グランフィエスタ,,牡,3,0,稲垣幸雄,,,,,86.0,68.8,53.5,39.0,25.2,12.3,,,,17.2,15.3,14.5,13.8,12.9,12.3,2023105577,2026.7.15,美浦,サートゥルナーリア,ミルウ,大塚亮一,隆栄牧場,,
美浦,D,右,20260715,水,5:16,ソレム,,牝,3,0,稲垣幸雄,,,,,84.5,68.1,53.0,38.6,24.8,12.1,,,,16.4,15.1,14.4,13.8,12.7,12.1,2023107213,2026.7.15,美浦,Sottsass,プレインチャント,シルクレーシング,ノーザンファーム,,
美浦,D,右,20260715,水,5:17,フローレスカラーズ,,牝,3,0,高木登,,,,,,,52.0,37.9,24.6,12.2,,,,,,14.1,13.3,12.4,12.2,2023100731,2026.7.15,美浦,ダノンレジェンド,ウイニフレッド,ノルマンディーサラブレッドレーシング,オリオンファーム,,
美浦,D,右,20260715,水,5:18,エタンセル,,牡,3,400,高木登,,,,,85.5,67.8,52.3,37.3,23.4,11.4,,,,17.7,15.5,15.0,13.9,12.0,11.4,2023102354,2026.7.15,美浦,ブリックスアンドモルタル,アナンジュパス,Gリビエール・レーシング,岡田スタツド,,
美浦,D,右,20260715,水,5:18,ガーネットテソーロ,,牝,3,400,高木登,,,,,86.3,67.9,52.6,38.0,23.9,11.5,,,,18.4,15.3,14.6,14.1,12.4,11.5,2023106734,2026.7.15,美浦,シルバーステート,アンカーテソーロ,了徳寺健二ホールディングス,リョーケンファーム,,
美浦,D,右,20260715,水,5:18,ドンエレクトス,,牡,3,1900,高木登,,,,,86.8,68.1,52.9,38.2,24.0,11.5,,,,18.7,15.2,14.7,14.2,12.5,11.5,2023101269,2026.7.15,美浦,ダノンレジェンド,ドナプリモ,山田貢一,日西牧場,,
美浦,D,右,20260715,水,5:18,バトルモクオ,,牡,3,0,戸田博文,,,,,90.6,70.4,53.7,38.3,24.2,11.5,,,,20.2,16.7,15.4,14.1,12.7,11.5,2023100800,2026.7.15,美浦,ベンバトル,クラウンロゼ,清進電設,クラウン日高牧場,,
美浦,D,右,20260715,水,5:18,ベルゼビュート,,牡,3,400,高木登,,,,,83.4,66.5,50.8,36.4,22.8,11.1,,,,16.9,15.7,14.4,13.6,11.7,11.1,2023105083,2026.7.15,美浦,オーヴァルエース,マリーンウィナー,ウエスト.フォレスト.ステイブル,梅田牧場,,
美浦,D,右,20260715,水,5:18,ラヴァレード,,牡,2,未出走,高木登,,,,,85.2,67.3,51.8,37.0,23.3,11.5,,,,17.9,15.5,14.8,13.7,11.8,11.5,2024100519,2026.7.15,美浦,マインドユアビスケッツ,ベイビーイッツユー,ディアレストクラブ,白井牧場,,
美浦,D,右,20260715,水,5:19,アーティラリー,,牝,3,0,松山将樹,,,,,83.1,67.7,53.3,38.0,23.8,11.5,,,,15.4,14.4,15.3,14.2,12.3,11.5,2023105452,2026.7.15,美浦,ホッコータルマエ,グリズリダンス,石瀬浩三,三木田牧場,,
美浦,D,右,20260715,水,5:19,グロッシェン,,牡,5,1500,手塚貴徳,,,,,85.8,69.0,54.6,40.3,25.6,12.1,,,,16.8,14.4,14.3,14.7,13.5,12.1,2021104844,2026.7.15,美浦,ニューイヤーズデイ,キャットコイン,社台レースホース,社台コーポレーション白老ファーム,,
美浦,D,右,20260715,水,5:19,サンタピア,,牡,3,0,松山将樹,,,,,83.6,68.3,53.5,38.2,24.0,11.6,,,,15.3,14.8,15.3,14.2,12.4,11.6,2023102804,2026.7.15,美浦,ルヴァンスレーヴ,ドリームバラード,井上久光,タイヘイ牧場,,
美浦,D,右,20260715,水,5:19,プレママドンナ,,牝,2,未出走,手塚貴徳,,,,,85.0,68.3,54.0,39.9,25.4,12.0,,,,16.7,14.3,14.1,14.5,13.4,12.0,2024105769,2026.7.15,美浦,サートゥルナーリア,エイカイマドンナ,二木英実,社台ファーム,,
美浦,D,右,20260715,水,5:19,ヨシヒロ,,牡,4,700,松永康利,,,,,89.2,70.6,55.3,39.5,24.5,11.4,,,,18.6,15.3,15.8,15.0,13.1,11.4,2022103405,2026.7.15,美浦,ルヴァンスレーヴ,デオ,Mr.ホース,秋田育成牧場,,
美浦,D,右,20260715,水,5:19,ヴァルドルチャ,,セ,5,900,田中博康,,,,,86.8,66.5,50.7,37.0,23.7,11.4,,,,20.3,15.8,13.7,13.3,12.3,11.4,2021103000,2026.7.15,美浦,スワーヴリチャード,ドメニカ,NICKS,辻牧場,,
美浦,D,右,20260715,水,5:20,アルティシエル,,牡,3,0,辻哲英,,,,,86.6,68.0,52.7,38.3,24.9,12.0,,,,18.6,15.3,14.4,13.4,12.9,12.0,2023101970,2026.7.15,美浦,ヴァンゴッホ,ワンメイク,京都ホースレーシング,浦河育成牧場,,
美浦,D,右,20260715,水,5:20,イサチルシーキング,,牡,3,400,辻哲英,,,,,85.6,67.5,52.2,37.7,24.3,11.9,,,,18.1,15.3,14.5,13.4,12.4,11.9,2023107394,2026.7.15,美浦,アメリカンペイトリオット,シーキングドーラ,小坂功,絵笛牧場,,
美浦,D,右,20260715,水,5:20,エーデルクラフト,,牡,3,未出走,辻哲英,,,,,84.5,66.9,51.8,37.9,24.6,12.0,,,,17.6,15.1,13.9,13.3,12.6,12.0,2023103756,2026.7.15,美浦,ニューイヤーズデイ,ウルクラフト,キャロットファーム,社台コーポレーション白老ファーム,,
美浦,D,右,20260715,水,5:20,ヤマニンガラッシア,,牡,9,560,辻哲英,,,,,85.1,67.7,52.6,38.5,24.8,12.1,,,,17.4,15.1,14.1,13.7,12.7,12.1,2017101772,2026.7.15,美浦,ディープインパクト,ヤマニングルノイユ,土井肇,錦岡牧場,,
美浦,D,右,20260715,水,5:21,アッティーヤ,,牝,2,未出走,鹿戸雄一,,,,,,,55.6,41.0,27.0,12.7,,,,,,14.6,14.0,14.3,12.7,2024100669,2026.7.15,美浦,Ghaiyyath,テルツェットウ,H.H.シェイク・ハムダン,ダーレー・ジャパン・ファーム,,
美浦,D,右,20260715,水,5:21,キミヘノメロディー,,牡,2,未出走,石栗龍彦,,,,,84.1,66.9,51.8,37.4,24.1,11.5,,,,17.2,15.1,14.4,13.3,12.6,11.5,2024105225,2026.7.15,美浦,ハタノヴァンクール,エーシンシルビア,堀口晴男,川端英幸,,
美浦,D,右,20260715,水,5:21,サムシングニュー,,牡,3,400,鹿戸雄一,,,,,86.3,69.9,54.8,40.0,25.6,12.1,,,,16.4,15.1,14.8,14.4,13.5,12.1,2023102364,2026.7.15,美浦,エイシンフラッシュ,ウェディングベール,岡田牧雄,岡田スタツド,,
美浦,D,右,20260715,水,5:21,ナムラダックス,,牡,2,未出走,石栗龍彦,,,,,84.2,66.9,52.0,37.5,24.1,11.6,,,,17.3,14.9,14.5,13.4,12.5,11.6,2024101876,2026.7.15,美浦,チュウワウィザード,ナムラビーム,奈村睦弘,谷川牧場,,
美浦,D,右,20260715,水,5:21,マイネルリシャール,,牡,2,未出走,鹿戸雄一,,,,,85.7,69.5,54.5,39.7,25.3,12.0,,,,16.2,15.0,14.8,14.4,13.3,12.0,2024106419,2026.7.15,美浦,スワーヴリチャード,セットプレイ,サラブレッドクラブ・ラフィアン,ノーザンファーム,,
美浦,D,右,20260715,水,5:22,エスコバル,,セ,8,1500,高橋文雅,,,,,87.8,68.8,53.5,38.5,24.3,11.4,,,,19.0,15.3,15.0,14.2,12.9,11.4,2018106154,2026.7.15,美浦,モーリス,スマッシュハート,吉田和美,酒井牧場,,
美浦,D,右,20260715,水,5:22,ソワンドヴィクター,,牝,3,0,高橋文雅,,,,,89.7,70.2,54.6,39.1,24.8,11.8,,,,19.5,15.6,15.5,14.3,13.0,11.8,2023102783,2026.7.15,美浦,アメリカンペイトリオット,トーセンウィズダム,サイレント・ウエストジャパン,CRステーブル,,
美浦,D,右,20260715,水,5:22,ミサダメキメル,,牡,3,0,高橋文雅,,,,,89.1,69.7,54.3,38.9,24.7,11.6,,,,19.4,15.4,15.4,14.2,13.1,11.6,2023106612,2026.7.15,美浦,アメリカンペイトリオット,クモリナキマナコ,ミルファーム,ミルファーム,,
美浦,D,右,20260715,水,5:23,リポジノ,,牝,4,260,秋本大介,,,,,87.4,68.5,52.9,38.9,25.2,11.9,,,,18.9,15.6,14.0,13.7,13.3,11.9,2022104301,2026.7.15,美浦,モズアスコット,レガリニ,今村明浩,畠山牧場,,
美浦,D,右,20260715,水,5:24,アイアムステキ,,牝,3,400,奥平雅士,,,,,85.9,66.1,51.3,37.8,24.7,12.1,,,,19.8,14.8,13.5,13.1,12.6,12.1,2023102210,2026.7.15,美浦,リオンディーズ,アイアムビューティ,ワイズマン,まるとみ冨岡牧場,,
美浦,D,右,20260715,水,5:24,エクスペクタント,,牡,3,0,平岩大典,,,,,84.7,68.2,53.6,39.1,25.4,12.5,,,,16.5,14.6,14.5,13.7,12.9,12.5,2023105579,2026.7.15,美浦,ミッキーアイル,レインボークォーツ,大塚亮一,隆栄牧場,,
美浦,D,右,20260715,水,5:24,カシノユメミヅキ,,牡,3,0,和田雄二,,,,,85.3,66.9,51.5,37.5,24.3,12.1,,,,18.4,15.4,14.0,13.2,12.2,12.1,2023109103,2026.7.15,美浦,メイショウボーラー,トウケイサクラ,柏木務,本田土寿,,
美浦,D,右,20260715,水,5:24,シークレットイスラ,,牡,5,400,平岩大典,,,,,88.0,69.0,52.0,37.5,24.0,11.6,,,,19.0,17.0,14.5,13.5,12.4,11.6,2021106118,2026.7.15,美浦,イスラボニータ,シークレットベース,山口春夫,柏木一則,,
美浦,D,右,20260715,水,5:24,ジェイエルグリーン,,牝,3,0,平岩大典,,,,,89.3,69.6,52.2,37.4,23.8,11.4,,,,19.7,17.4,14.8,13.6,12.4,11.4,2023106314,2026.7.15,美浦,アニマルキングダム,ジェイエルマリーン,橋元幸人,ナカノファーム,,
美浦,D,右,20260715,水,5:25,ダルマッコ,,牝,2,未登録,,,,,,85.0,68.9,53.7,38.7,25.0,12.5,,,,16.1,15.2,15.0,13.7,12.5,12.5,2024105869,2026.7.15,,コントレイル,サルベーション,,社台ファーム,,
美浦,D,右,20260715,水,5:25,ファウナード,,牡,2,0,上原佑紀,,,,,86.1,69.7,54.0,39.1,25.1,12.4,,,,16.4,15.7,14.9,14.0,12.7,12.4,2024105993,2026.7.15,美浦,スワーヴリチャード,パンズラビリンス,"Blooming Racing",社台ファーム,,
美浦,D,右,20260715,水,5:25,ユメノカケラ,,牡,2,未出走,上原佑紀,,,,,85.6,69.4,53.8,39.0,25.1,12.5,,,,16.2,15.6,14.8,13.9,12.6,12.5,2024106581,2026.7.15,美浦,ルーラーシップ,ヘアケイリー,藤田晋,ノーザンファーム,,
美浦,D,右,20260715,水,5:25,リネンタイリン,,牡,3,400,平岩大典,,,,,87.1,71.4,56.3,40.9,26.3,12.8,,,,15.7,15.1,15.4,14.6,13.5,12.8,2023100728,2026.7.15,美浦,キズナ,リネンパズル,戸山光男,沖田牧場,,
美浦,D,右,20260715,水,5:26,コパノミラノ,,牡,3,0,上原博之,,,,,84.2,67.7,53.3,39.3,25.3,12.4,,,,16.5,14.4,14.0,14.0,12.9,12.4,2023101578,2026.7.15,美浦,コパノリッキー,テーオーキャンディ,小林祥晃,ヤナガワ牧場,,
美浦,D,右,20260715,水,5:26,ミリオンクラウン,,牡,3,120,和田雄二,,,,,84.9,67.5,52.3,37.7,24.1,11.8,,,,17.4,15.2,14.6,13.6,12.3,11.8,2023100840,2026.7.15,美浦,リーチザクラウン,サンヘレナ,本田恒雄,ケイズ,,
美浦,D,右,20260715,水,5:28,ウイニングレイ,,牝,2,未出走,戸田博文,,,,,84.6,67.6,52.1,37.3,23.6,11.3,,,,17.0,15.5,14.8,13.7,12.3,11.3,2024105882,2026.7.15,美浦,ウインブライト,シャーラレイ,吉田照哉,社台ファーム,,
美浦,D,右,20260715,水,5:28,ウインドオブヘヴン,,牡,3,0,戸田博文,,,,,84.0,67.2,51.7,37.1,23.6,11.2,,,,16.8,15.5,14.6,13.5,12.4,11.2,2023100734,2026.7.15,美浦,ロードカナロア,キストゥヘヴン,DMMドリームクラブ,オリオンファーム,,
美浦,D,右,20260715,水,5:29,カーヴドヴァン,,牝,3,0,大和田成,,,,,86.9,67.8,52.4,37.8,24.0,11.4,,,,19.1,15.4,14.6,13.8,12.6,11.4,2023103347,2026.7.15,美浦,ロードカナロア,エクセラントカーヴ,社台レースホース,社台ファーム,,
美浦,D,右,20260715,水,5:29,グラニット,,牡,6,1600,大和田成,,,,,86.3,67.3,52.2,37.5,23.9,11.6,,,,19.0,15.1,14.7,13.6,12.3,11.6,2020100810,2026.7.15,美浦,ダノンバラード,インティワタナ,ミルファーム,猿橋義昭,,
美浦,D,右,20260715,水,5:29,スイートアリッサム,,牝,2,未出走,大和田成,,,,,86.6,67.4,52.2,37.5,23.8,11.4,,,,19.2,15.2,14.7,13.7,12.4,11.4,2024104483,2026.7.15,美浦,ステルヴィオ,ジュヴィ,ミルファーム,静内フアーム,,
美浦,D,右,20260715,水,5:29,テイキットイージー,,牡,5,400,萱野浩二,,,,,82.3,65.4,50.9,37.4,24.6,12.2,,,,16.9,14.5,13.5,12.8,12.4,12.2,2021101088,2026.7.15,美浦,ゴールドシップ,コスモマイルール,ビッグレッドファーム,荒井ファーム,,
美浦,D,右,20260715,水,5:29,テラシエスタ,,牡,3,0,黒岩陽一,,,,,82.4,66.7,52.8,38.6,24.7,11.8,,,,15.7,13.9,14.2,13.9,12.9,11.8,2023102548,2026.7.15,美浦,ジャスタウェイ,ラストサマー,キヨタケ牧場,キヨタケ牧場,,
美浦,D,右,20260715,水,5:29,トレンドマーチ,,牡,3,0,萱野浩二,,,,,84.0,67.0,51.9,38.0,24.5,12.1,,,,17.0,15.1,13.9,13.5,12.4,12.1,2023102823,2026.7.15,美浦,サトノアラジン,マスターマイン,玉置潔,高橋フアーム,,
美浦,D,右,20260715,水,5:29,パワポケグッド,,牡,3,0,大和田成,,,,,87.9,70.4,54.7,39.9,25.9,12.6,,,,17.5,15.7,14.8,14.0,13.3,12.6,2023106198,2026.7.15,美浦,インカンテーション,パワポケエリ,柳原達也,HARUNOファーム,,
美浦,D,右,20260715,水,5:30,アオゾラランチ,,牝,3,0,戸田博文,,,,,86.4,68.3,52.8,38.2,24.5,11.9,,,,18.1,15.5,14.6,13.7,12.6,11.9,2023103377,2026.7.15,美浦,モーリス,カーロバンビーナ,吉田千津,社台ファーム,,
美浦,D,右,20260715,水,5:30,エッジランナー,,牡,3,0,戸田博文,,,,,87.6,69.6,53.7,39.1,25.0,12.0,,,,18.0,15.9,14.6,14.1,13.0,12.0,2023106686,2026.7.15,美浦,サンダースノー,アスールダリア,安原浩司,坂東牧場,,
美浦,D,右,20260715,水,5:31,ハッピーエンジェル,,牝,3,1000,武市康男,,,,,86.8,68.5,52.2,37.9,24.5,11.8,,,,18.3,16.3,14.3,13.4,12.7,11.8,2023100797,2026.7.15,美浦,ジョーカプチーノ,クラウンハッピー,矢野まり子,クラウン日高牧場,,
美浦,D,右,20260715,水,6:01,アンプイットアップ,,牡,3,400,岩戸孝樹,,,,,81.0,65.7,51.3,37.0,23.2,10.9,,,,15.3,14.4,14.3,13.8,12.3,10.9,2023101146,2026.7.15,美浦,ディスクリートキャット,ハウリング,ゴドルフィン,ダーレー・ジャパン・ファーム,,
美浦,D,右,20260715,水,6:01,エコロレイズ,,牡,5,1500,岩戸孝樹,,,,,82.8,66.9,52.1,37.7,23.9,11.4,,,,15.9,14.8,14.4,13.8,12.5,11.4,2021103976,2026.7.15,美浦,アメリカンペイトリオット,ペブルガーデン,原村正紀,タイヘイ牧場,,
美浦,D,右,20260715,水,6:01,エメラルファイン,,セ,3,0,勢司和浩,,,,,86.7,68.2,52.8,38.1,24.1,11.6,,,,18.5,15.4,14.7,14.0,12.5,11.6,2023103161,2026.7.15,美浦,ルヴァンスレーヴ,セトウチソーラー,高橋勉,フジワラフアーム,,
美浦,D,右,20260715,水,6:01,キリスパークル,,牝,3,0,勢司和浩,,,,,84.3,66.4,51.6,37.3,24.1,11.8,,,,17.9,14.8,14.3,13.2,12.3,11.8,2023100312,2026.7.15,美浦,ディーマジェスティ,カエデ,木村廣太,本桐牧場,,
美浦,D,右,20260715,水,6:01,クールボビー,,牡,2,未出走,矢野英一,,,,,83.7,67.1,51.6,37.6,24.2,11.9,,,,16.6,15.5,14.0,13.4,12.3,11.9,2024105497,2026.7.15,美浦,シャンハイボビー,クールユリア,川上哲司,久井牧場,,
美浦,D,右,20260715,水,6:01,グレイスルーラー,,牝,3,0,尾形和幸,,,,,83.8,67.2,52.6,38.2,24.7,12.1,,,,16.6,14.6,14.4,13.5,12.6,12.1,2023100314,2026.7.15,美浦,ルーラーシップ,グレイスフラワー,佐藤壽男,本桐牧場,,
美浦,D,右,20260715,水,6:01,サムシングスイート,,牝,3,400,伊藤大士,,,,,83.7,66.9,52.0,37.6,24.0,11.6,,,,16.8,14.9,14.4,13.6,12.4,11.6,2023106219,2026.7.15,美浦,サートゥルナーリア,サムシングジャスト,グリーンファーム,那須野,,
美浦,D,右,20260715,水,6:01,スーパーハイウェイ,,牡,3,0,伊藤大士,,,,,81.8,66.5,51.5,37.4,23.9,11.6,,,,15.3,15.0,14.1,13.5,12.3,11.6,2023106119,2026.7.15,美浦,アメリカンペイトリオット,ルージュノアール,徳増栄治,チャンピオンズファーム,,
美浦,D,右,20260715,水,6:01,ダイナマイトメロン,,牝,3,0,伊藤大士,,,,,83.8,66.6,50.8,36.8,23.5,11.2,,,,17.2,15.8,14.0,13.3,12.3,11.2,2023101081,2026.7.15,美浦,ルーラーシップ,トーホウアルテミス,東豊物産,竹島幸治,,
美浦,D,右,20260715,水,6:01,トウシンライオット,,牡,3,0,尾形和幸,,,,,84.2,67.5,53.0,38.5,25.0,12.2,,,,16.7,14.5,14.5,13.5,12.8,12.2,2023103088,2026.7.15,美浦,フィレンツェファイア,フェアレディ,サトー,服部牧場,,
美浦,D,右,20260715,水,6:01,バンデルオーラ,,牡,7,2400,岩戸孝樹,,,,,80.1,65.0,50.7,36.5,23.0,10.9,,,,15.1,14.3,14.2,13.5,12.1,10.9,2019104915,2026.7.15,美浦,トーセンラー,マチカネハヤテ,社台レースホース,社台ファーム,,
美浦,D,右,20260715,水,6:01,ピコブロッサム,,牝,3,0,伊藤大士,,,,,82.8,66.7,51.8,37.5,24.0,11.6,,,,16.1,14.9,14.3,13.5,12.4,11.6,2023107510,2026.7.15,美浦,"Ocean Park","Toffee Nose",ビジュピコ,"Dalanna Bloodstock Pty Ltd & J E Abrahams Pty Ltd",,
美浦,D,右,20260715,水,6:01,ピコローズ,,牝,4,1500,伊藤大士,,,,,82.9,65.9,50.1,36.3,23.2,10.9,,,,17.0,15.8,13.8,13.1,12.3,10.9,2022101765,2026.7.15,美浦,サトノダイヤモンド,ルージュノアール,ビジュピコ,チャンピオンズファーム,,
美浦,D,右,20260715,水,6:01,フクチャントウメイ,,セ,5,900,加藤征弘,,,,,85.3,68.5,53.0,38.2,24.4,11.6,,,,16.8,15.5,14.8,13.8,12.8,11.6,2021105086,2026.7.15,美浦,ストロングリターン,スタートアップ,福田義明,社台ファーム,,
美浦,D,右,20260715,水,6:01,ボンジュールパリ,,牡,2,未出走,加藤征弘,,,,,84.7,68.2,52.8,38.0,24.3,11.5,,,,16.5,15.4,14.8,13.7,12.8,11.5,2024106074,2026.7.15,美浦,ミスターメロディ,リュポメルー,加藤正二郎,社台ファーム,,
美浦,D,右,20260715,水,6:01,リラゲイル,,牡,4,700,矢野英一,,,,,84.4,67.6,52.4,38.1,24.7,12.0,,,,16.8,15.2,14.3,13.4,12.7,12.0,2022103518,2026.7.15,美浦,ブリックスアンドモルタル,シルヴァーコード,Gリビエール・レーシング,岡田スタツド,,
美浦,D,右,20260715,水,6:02,アイデアルカット,,牡,2,0,手塚貴徳,,,,,81.6,65.2,50.5,36.2,23.2,11.3,,,,16.4,14.7,14.3,13.0,11.9,11.3,2024102830,2026.7.15,美浦,ロジャーバローズ,エンゲージリング,ミルファーム,ミルファーム,,
美浦,D,右,20260715,水,6:02,アルニタク,,牡,2,未出走,伊藤圭三,,,,,81.8,65.3,50.2,36.1,23.3,11.6,,,,16.5,15.1,14.1,12.8,11.7,11.6,2024105692,2026.7.15,美浦,タワーオブロンドン,ラミア,木村太郎,米田牧場,,
美浦,D,右,20260715,水,6:02,オメガストリーム,,牝,4,80,田中勝春,,,,,86.0,68.9,53.0,38.0,24.3,12.0,,,,17.1,15.9,15.0,13.7,12.3,12.0,2022105292,2026.7.15,美浦,アルアイン,キャットタング,犬飼優,社台ファーム,,
美浦,D,右,20260715,水,6:02,ガムラスタン,,牡,3,400,斎藤誠,,,,,85.0,68.4,52.9,38.1,24.2,11.4,,,,16.6,15.5,14.8,13.9,12.8,11.4,2023101705,2026.7.15,美浦,サンダースノー,ヴィスビー,大野富生,高昭牧場,,
美浦,D,右,20260715,水,6:02,ココナッツコースト,,牝,3,0,木村哲也,149.9,129.7,112.2,95.5,80.4,65.8,51.4,37.2,23.8,11.4,17.5,16.7,15.1,14.6,14.4,14.2,13.4,12.4,11.4,2023103366,2026.7.15,美浦,モーリス,カウアイレーン,社台レースホース,社台ファーム,,
美浦,D,右,20260715,水,6:02,サングラデーション,,セ,6,430,千葉直人,,,,,83.3,67.0,52.7,38.2,24.1,11.4,,,,16.3,14.3,14.5,14.1,12.7,11.4,2020102864,2026.7.15,美浦,ドゥラメンテ,サンシャイン,社台レースホース,社台ファーム,,
美浦,D,右,20260715,水,6:02,サンダーストラック,,牡,3,2450,木村哲也,150.4,129.8,112.3,95.6,80.4,65.9,51.5,37.3,23.8,11.3,17.5,16.7,15.2,14.5,14.4,14.2,13.5,12.5,11.3,2023107053,2026.7.15,美浦,ロードカナロア,シーブルック,キャロットファーム,ノーザンファーム,,
美浦,D,右,20260715,水,6:02,サヴァビアン,,牡,8,900,新開幸一,,,,,83.3,67.0,53.1,39.5,25.4,12.4,,,,16.3,13.9,13.6,14.1,13.0,12.4,2018103473,2026.7.15,美浦,カレンブラックヒル,アンローランサン,岡田牧雄,岡田スタツド,,
美浦,D,右,20260715,水,6:02,ダゴベルト,,牡,3,0,大竹正博,,,,,86.5,68.6,52.8,38.0,24.4,11.7,,,,17.9,15.8,14.8,13.6,12.7,11.7,2023106946,2026.7.15,美浦,ロードカナロア,カセドラルベル,サンデーレーシング,ノーザンファーム,,
美浦,D,右,20260715,水,6:02,ダノンロッキー,,牡,5,0,大竹正博,,,,,85.5,68.0,52.4,37.6,24.2,11.6,,,,17.5,15.6,14.8,13.4,12.6,11.6,2021105654,2026.7.15,美浦,キズナ,ティファニーズオナー,ダノックス,ノーザンファーム,,
美浦,D,右,20260715,水,6:02,ノドゥス,,牡,2,0,斎藤誠,,,,,83.8,67.7,52.3,37.6,23.7,11.3,,,,16.1,15.4,14.7,13.9,12.4,11.3,2024100464,2026.7.15,美浦,キズナ,ヒアトゥウィン,スリーエイチレーシング,下河辺牧場,,
美浦,D,右,20260715,水,6:02,ノブステップ,,牡,3,0,田中勝春,,,,,85.5,68.8,52.9,37.9,24.4,12.0,,,,16.7,15.9,15.0,13.5,12.4,12.0,2023103955,2026.7.15,美浦,ダノンキングリー,クロースフレンド,前田亘輝,アラキフアーム,,
美浦,D,右,20260715,水,6:02,フィールオーサム,,牝,4,900,岩戸孝樹,,,,,81.9,66.4,52.0,37.5,23.9,11.6,,,,15.5,14.4,14.5,13.6,12.3,11.6,2022105925,2026.7.15,美浦,ルヴァンスレーヴ,フィールザプリティ,櫻井正,平岡牧場,,
美浦,D,右,20260715,水,6:02,プリンセスロッティ,,牝,2,0,伊藤圭三,,,,,81.6,65.4,50.3,36.2,23.5,11.8,,,,16.2,15.1,14.1,12.7,11.7,11.8,2024107347,2026.7.15,美浦,タワーオブロンドン,プリンセスプリンセス,天野和哉,パカパカファーム,,
美浦,D,右,20260715,水,6:02,リアライズグロリア,,牡,2,0,斎藤誠,,,,,84.3,67.9,52.5,37.7,23.9,11.3,,,,16.4,15.4,14.8,13.8,12.6,11.3,2024105205,2026.7.15,美浦,キタサンブラック,イセベル,今福洋介,片山牧場,,
美浦,D,右,20260715,水,6:02,ロジャリーマイン,,牝,4,400,久保田貴,,,,,83.0,66.4,51.7,37.3,23.9,11.6,,,,16.6,14.7,14.4,13.4,12.3,11.6,2022105063,2026.7.15,美浦,エピファネイア,マリアライト,キャロットファーム,ノーザンファーム,,
美浦,D,右,20260715,水,6:03,エテオクロス,,牡,4,110,新開幸一,,,,,82.2,65.5,51.0,37.5,24.6,12.3,,,,16.7,14.5,13.5,12.9,12.3,12.3,2022105459,2026.7.15,美浦,サトノアラジン,ピリカクル,会田浩史,社台ファーム,,
美浦,D,右,20260715,水,6:03,グランマエストロ,,牡,3,0,木村哲也,,,,,83.8,67.0,52.1,37.5,24.1,11.5,,,,16.8,14.9,14.6,13.4,12.6,11.5,2023106986,2026.7.15,美浦,エピファネイア,グランアレグリア,サンデーレーシング,ノーザンファーム,,
美浦,D,右,20260715,水,6:03,コスモイェーガー,,牡,2,未出走,武市康男,,,,,83.9,66.6,51.0,36.6,23.4,11.6,,,,17.3,15.6,14.4,13.2,11.8,11.6,2024103568,2026.7.15,美浦,ゴールドシップ,アイノア,ビッグレッドファーム,ビッグレッドファーム,,
美浦,D,右,20260715,水,6:03,スカイドリーマー,,牝,3,0,木村哲也,,,,,85.8,68.4,52.9,38.2,24.3,11.6,,,,17.4,15.5,14.7,13.9,12.7,11.6,2023104406,2026.7.15,美浦,コントレイル,フォローアドリーム,前田幸大,ノースヒルズ,,
美浦,D,右,20260715,水,6:03,スマートフランキー,,牡,4,120,高橋文雅,,,,,84.7,67.8,52.9,37.9,24.1,11.8,,,,16.9,14.9,15.0,13.8,12.3,11.8,2022101826,2026.7.15,美浦,スマートオーディン,スマートキャンディ,大川徹,中原牧場,,
美浦,D,右,20260715,水,6:03,デルマキタカミ,,牝,2,未出走,室井潔,,,,,85.0,68.6,53.1,37.7,24.0,11.4,,,,16.4,15.5,15.4,13.7,12.6,11.4,2024100518,2026.7.15,美浦,ホークビル,ヘブンリーフレグランス,浅沼廣幸,白井牧場,,
美浦,D,右,20260715,水,6:03,トラストレガート,,牝,3,0,高橋文雅,,,,,84.3,67.3,52.6,37.8,24.1,11.8,,,,17.0,14.7,14.8,13.7,12.3,11.8,2023102096,2026.7.15,美浦,マクフィ,ボーントゥブーギー,菅波雅巳,谷川牧場,,
美浦,D,右,20260715,水,6:03,ニシノアトール,,牡,2,未出走,武市康男,,,,,83.8,66.5,51.1,36.8,23.5,11.6,,,,17.3,15.4,14.3,13.3,11.9,11.6,2024103937,2026.7.15,美浦,ネロ,ニシノテンカラット,西山茂行,メイタイファーム,,
美浦,D,右,20260715,水,6:03,ハピネスドリーム,,牝,3,0,木村哲也,,,,,85.4,68.1,52.7,37.9,24.2,11.6,,,,17.3,15.4,14.8,13.7,12.6,11.6,2023100950,2026.7.15,美浦,シニスターミニスター,ハッピーグラス,下河辺牧場,下河辺牧場,,
美浦,D,右,20260715,水,6:03,フェスティヴハート,,牝,3,0,畠山吉宏,,,,,83.5,66.2,51.5,37.2,23.7,11.6,,,,17.3,14.7,14.3,13.5,12.1,11.6,2023104526,2026.7.15,美浦,アジアエクスプレス,ホワイトショーコ,臼井義太郎,細川農場,,
美浦,D,右,20260715,水,6:03,マイネルリーヒム,,牡,3,0,武市康男,,,,,84.4,66.9,51.1,36.7,23.4,11.4,,,,17.5,15.8,14.4,13.3,12.0,11.4,2023104485,2026.7.15,美浦,ゴールドシップ,ゲハイムローゼ,サラブレッドクラブ・ラフィアン,ブルースターズファーム,,
美浦,D,右,20260715,水,6:03,マーキュリーダイム,,牝,4,400,室井潔,,,,,84.1,67.6,52.8,37.3,23.8,11.3,,,,16.5,14.8,15.5,13.5,12.5,11.3,2022105116,2026.7.15,美浦,"Medaglia d'Oro",ラッキーダイム,サンデーレーシング,ノーザンファーム,,
美浦,D,右,20260715,水,6:03,ルフトシュピール,,牝,2,未出走,木村哲也,,,,,85.7,69.1,53.7,39.0,25.3,12.5,,,,16.6,15.4,14.7,13.7,12.8,12.5,2024106087,2026.7.15,美浦,キタサンブラック,レッドアネモス,社台レースホース,社台ファーム,,
美浦,D,右,20260715,水,6:03,レレリオーナ,,牝,3,0,室井潔,,,,,85.8,68.8,53.3,37.9,24.0,11.5,,,,17.0,15.5,15.4,13.9,12.5,11.5,2023102433,2026.7.15,美浦,ディーマジェスティ,ラハイナヌーン,八木澤充貴,岡田スタツド,,
美浦,D,右,20260715,水,6:04,クリアーゲイル,,牡,3,0,浅利英明,,,,,88.5,69.8,54.4,39.1,24.8,11.7,,,,18.7,15.4,15.3,14.3,13.1,11.7,2023103927,2026.7.15,美浦,フィエールマン,ウラガーノ,ディアレストクラブ,アサヒ牧場,,
美浦,D,右,20260715,水,6:04,コイゾラ,,牝,2,未出走,浅利英明,,,,,88.0,69.4,54.1,38.9,24.6,11.7,,,,18.6,15.3,15.2,14.3,12.9,11.7,2024103350,2026.7.15,美浦,インディチャンプ,トウカイアンジュ,長浜牧場,長浜牧場,,
美浦,D,右,20260715,水,6:04,シュネーバレン,,牝,2,0,牧光二,,,,,86.6,69.2,53.6,37.5,23.7,11.4,,,,17.4,15.6,16.1,13.8,12.3,11.4,2024100076,2026.7.15,美浦,ダノンスマッシュ,マイネサヴァラン,ビッグレッドファーム,新井昭二牧場,,
美浦,D,右,20260715,水,6:04,ソニックライン,,セ,5,900,浅利英明,,,,,81.5,66.2,51.5,37.0,23.7,11.4,,,,15.3,14.7,14.5,13.3,12.3,11.4,2021105871,2026.7.15,美浦,リアルインパクト,ルミナスパレード,サンデーレーシング,ノーザンファーム,,
美浦,D,右,20260715,水,6:04,ノーウェアマン,,牡,3,400,浅利英明,,,,,82.2,66.7,51.7,37.1,23.8,11.3,,,,15.5,15.0,14.6,13.3,12.5,11.3,2023106694,2026.7.15,美浦,シルバーステート,サトノアスカ,安齋廣行,山田牧場,,
美浦,D,右,20260715,水,6:04,バッカステソーロ,,牡,3,100,牧光二,,,,,86.9,69.5,53.7,37.7,23.7,11.4,,,,17.4,15.8,16.0,14.0,12.3,11.4,2023106753,2026.7.15,美浦,キタサンブラック,モトカ,了徳寺健二ホールディングス,リョーケンファーム,,
美浦,D,右,20260715,水,6:04,ラブディーヴァ,,牝,5,900,田中勝春,,,,,,,55.0,40.4,25.5,11.7,,,,,,14.6,14.9,13.8,11.7,2021104074,2026.7.15,美浦,ダイワメジャー,ラブディラン,ヒダカ・ブリーダーズ・ユニオン,谷岡牧場,,
美浦,D,右,20260715,水,6:05,オカメノコイ,,牝,4,900,小笠倫弘,,,,,87.8,69.8,54.3,39.6,25.0,12.1,,,,18.0,15.5,14.7,14.6,12.9,12.1,2022106698,2026.7.15,美浦,パイロ,クレオール,岡浩二,ハシモトフアーム,,
美浦,D,右,20260715,水,6:05,クイーンアン,,牝,3,0,蛯名正義,,,,,85.8,69.9,54.7,40.0,25.3,12.0,,,,15.9,15.2,14.7,14.7,13.3,12.0,2023102090,2026.7.15,美浦,キタサンブラック,パドックシアトル,広尾レース,谷川牧場,,
美浦,D,右,20260715,水,6:05,ジーティーフクフク,,牝,3,0,西田雄一,,,,,84.5,67.8,53.4,38.9,24.8,11.6,,,,16.7,14.4,14.5,14.1,13.2,11.6,2023106330,2026.7.15,美浦,リオンディーズ,クイーンキセキ,田畑利彦,浦河日成牧場,,
美浦,D,右,20260715,水,6:05,スカイリッチ,,牡,3,0,小笠倫弘,,,,,87.8,69.7,54.2,39.6,25.0,12.0,,,,18.1,15.5,14.6,14.6,13.0,12.0,2023103458,2026.7.15,美浦,ハービンジャー,セウアズール,宇田豊,社台ファーム,,
美浦,D,右,20260715,水,6:05,テキサスバローズ,,牡,3,0,蛯名正義,,,,,85.8,69.4,53.2,37.6,23.7,11.3,,,,16.4,16.2,15.6,13.9,12.4,11.3,2023102123,2026.7.15,美浦,ルヴァンスレーヴ,ハートフルデイズ,猪熊広次,辻牧場,,
美浦,D,右,20260715,水,6:05,ドリームユー,,牝,2,未出走,西田雄一,,,,,85.6,68.8,54.1,39.4,25.0,11.7,,,,16.8,14.7,14.7,14.4,13.3,11.7,2024102843,2026.7.15,美浦,ベンバトル,デイドリーマー,ミルファーム,ミルファーム,,
美浦,D,右,20260715,水,6:05,ラッキースウィッチ,,牡,3,0,蛯名正義,,,,,86.3,69.7,53.5,37.9,23.9,11.4,,,,16.6,16.2,15.6,14.0,12.5,11.4,2023110019,2026.7.15,美浦,"Lucky Vega","Switch Around",張月勝,"Yulong Investments",,
美浦,D,右,20260715,水,6:05,リポサンテ,,牝,4,400,蛯名正義,,,,,85.4,69.6,54.4,39.8,25.2,12.0,,,,15.8,15.2,14.6,14.6,13.2,12.0,2022105338,2026.7.15,美浦,ブリックスアンドモルタル,サラス,インゼルレーシング,社台ファーム,,
美浦,D,右,20260715,水,6:05,ロワデュモンド,,牡,2,未出走,西田雄一,,,,,86.1,69.0,54.3,39.5,25.1,11.8,,,,17.1,14.7,14.8,14.4,13.3,11.8,2024107007,2026.7.15,美浦,サトノクラウン,シャルロワ,吉田晴哉,社台コーポレーション白老ファーム,,
美浦,D,右,20260715,水,6:06,アイウィル,,牡,5,1500,高木登,,,,,84.4,67.9,52.9,38.0,23.8,11.3,,,,16.5,15.0,14.9,14.2,12.5,11.3,2021103502,2026.7.15,美浦,ドレフォン,ジュリーハーツ,Gリビエール・レーシング,岡田スタツド,,
美浦,D,右,20260715,水,6:06,ツキノマバタキ,,牝,3,0,牧光二,,,,,,,50.9,36.0,22.4,11.1,,,,,,14.9,13.6,11.3,11.1,2023103569,2026.7.15,美浦,エイシンフラッシュ,ムーンビード,日下部勝徳,社台ファーム,,
美浦,D,右,20260715,水,6:06,ファーストアライヴ,,牡,2,未出走,高木登,,,,,83.7,67.5,52.4,37.6,23.7,11.3,,,,16.2,15.1,14.8,13.9,12.4,11.3,2024106697,2026.7.15,美浦,シスキン,リモニウム,山田弘,ノーザンファーム,,
美浦,D,右,20260715,水,6:06,ムーンシェイド,,牝,3,0,牧光二,,,,,,,52.1,37.2,23.5,11.5,,,,,,14.9,13.7,12.0,11.5,2023100258,2026.7.15,美浦,ビッグアーサー,アリーペデ,KHレーシング,沼田照秋,,
美浦,D,右,20260715,水,6:06,ロワゾブルー,,牝,4,0,小島茂之,,,,,96.9,72.8,54.6,38.8,24.7,12.0,,,,24.1,18.2,15.8,14.1,12.7,12.0,2022103559,2026.7.15,美浦,ノヴェリスト,ヘレナモルフォ,ノルマンディーサラブレッドレーシング,岡田スタツド,,
美浦,D,右,20260715,水,6:07,ウインベアトリス,,牝,4,900,深山雅史,,,,,85.9,67.0,52.5,38.6,25.1,12.3,,,,18.9,14.5,13.9,13.5,12.8,12.3,2022106214,2026.7.15,美浦,エピファネイア,ウインシャトレーヌ,ウイン,コスモヴューファーム,,
美浦,D,右,20260715,水,6:09,キョウエイボニータ,,牝,4,900,伊藤伸一,,,,,86.0,67.8,51.9,37.3,23.5,11.3,,,,18.2,15.9,14.6,13.8,12.2,11.3,2022101906,2026.7.15,美浦,イスラボニータ,キョウエイレガシー,田中晴夫,春木ファーム,,
美浦,D,右,20260715,水,6:10,アトラップモア,,牝,3,未出走,堀宣行,,,,,83.8,67.4,52.2,37.7,24.3,11.8,,,,16.4,15.2,14.5,13.4,12.5,11.8,2023102628,2026.7.15,美浦,ヘニーヒューズ,レディマドンナ,江馬由将,グランド牧場,,
美浦,D,右,20260715,水,6:10,サトノフレア,,牡,3,0,堀宣行,,,,,84.3,67.0,52.0,37.4,24.2,11.7,,,,17.3,15.0,14.6,13.2,12.5,11.7,2023105904,2026.7.15,美浦,サトノジェネシス,サトノソレイユ,里見治,谷川牧場,,
美浦,D,右,20260715,水,6:11,アルマロクザン,,牝,6,120,伊藤伸一,,,,,87.3,68.0,52.6,37.9,24.4,12.0,,,,19.3,15.4,14.7,13.5,12.4,12.0,2020100759,2026.7.15,美浦,ドレフォン,アルマディヴァン,コウトミックレーシング,小島牧場,,
美浦,D,右,20260715,水,6:11,ルアグロール,,セ,3,0,嘉藤貴行,,,,,91.4,66.5,50.3,36.5,23.7,11.7,,,,24.9,16.2,13.8,12.8,12.0,11.7,2023101699,2026.7.15,美浦,リオンディーズ,アイリッシュビート,ノルマンディーサラブレッドレーシング,高昭牧場,,
美浦,D,右,20260715,水,6:12,ウインリスノアール,,牝,2,0,和田正一,,,,,86.6,68.9,53.7,38.8,24.7,11.4,,,,17.7,15.2,14.9,14.1,13.3,11.4,2024107129,2026.7.15,美浦,ダノンスマッシュ,ピュアノアール,ウイン,橋本牧場,,
美浦,D,右,20260715,水,6:14,フジテンクウ,,牝,3,0,竹内正洋,,,,,85.4,66.8,51.8,37.6,24.1,11.8,,,,18.6,15.0,14.2,13.5,12.3,11.8,2023105179,2026.7.15,美浦,マインドユアビスケッツ,ワールプール,荒木誠,中村雅明,,
美浦,D,右,20260715,水,6:14,ライジンマル,,セ,5,900,竹内正洋,,,,,83.7,65.7,50.9,37.1,23.7,11.7,,,,18.0,14.8,13.8,13.4,12.0,11.7,2021101449,2026.7.15,美浦,アジアエクスプレス,ララエクレリゼ,カカムーチョレーシング,下河辺牧場,,
美浦,D,右,20260715,水,6:15,ランウェイミューズ,,牝,3,0,竹内正洋,,,,,84.2,66.5,51.0,36.8,23.5,11.6,,,,17.7,15.5,14.2,13.3,11.9,11.6,2023107304,2026.7.15,美浦,シルバーステート,ランウェイデビュー,キャロットファーム,ノーザンファーム,,
美浦,D,右,20260715,水,6:15,レーザーキック,,牝,3,0,竹内正洋,,,,,86.3,67.6,52.0,37.6,23.9,11.8,,,,18.7,15.6,14.4,13.7,12.1,11.8,2023105231,2026.7.15,美浦,レイデオロ,ヴィエナブロー,KICレーシング,社台ファーム,,
美浦,D,右,20260715,水,6:17,ダノンダックス,,牡,2,未出走,田中博康,,,,,81.2,64.1,49.4,35.8,22.9,11.1,,,,17.1,14.7,13.6,12.9,11.8,11.1,2024106662,2026.7.15,美浦,サートゥルナーリア,ヤンキーローズ,ダノックス,ノーザンファーム,,
美浦,D,右,20260715,水,6:17,バルボアパーク,,牝,3,400,田中博康,,,,,81.8,64.5,49.8,36.2,23.2,11.2,,,,17.3,14.7,13.6,13.0,12.0,11.2,2023107172,2026.7.15,美浦,サートゥルナーリア,ファイネストシティ,サンデーレーシング,ノーザンファーム,,
美浦,D,右,20260715,水,6:20,ジュングロワール,,牡,3,未出走,堀内岳志,,,,,85.6,67.3,52.4,38.0,24.4,11.7,,,,18.3,14.9,14.4,13.6,12.7,11.7,2023107425,2026.7.15,美浦,リアルスティール,グローリールピナス,JKレーシング,マリオステーブル,,
美浦,D,右,20260715,水,6:20,パープルアドミラル,,牡,6,0,堀内岳志,,,,,86.0,67.8,53.1,38.5,24.7,11.8,,,,18.2,14.7,14.6,13.8,12.9,11.8,2020104328,2026.7.15,美浦,シビルウォー,ママノヨリミチ,岡田牧雄,聖心台牧場,,
美浦,D,右,20260715,水,6:49,ゲンテン,,牡,3,0,尾関知人,,,,,83.0,65.8,50.8,36.6,23.5,11.4,,,,17.2,15.0,14.2,13.1,12.1,11.4,2023107346,2026.7.15,美浦,シルバーステート,レディイヴァンカ,林正道,ノーザンファーム,,
美浦,D,右,20260715,水,6:49,ソレルビュレット,,牡,5,1500,松尾卓哉,,,,,82.2,66.6,51.9,37.5,23.9,11.6,,,,15.6,14.7,14.4,13.6,12.3,11.6,2021110061,2026.7.15,美浦,"Malibu Moon",Curluck,シルクレーシング,"St. Simon Place LLC & Scott Stephens",,
美浦,D,右,20260715,水,6:49,トップデュオ,,牡,3,0,尾関知人,,,,,81.5,64.7,50.0,35.9,23.0,11.3,,,,16.8,14.7,14.1,12.9,11.7,11.3,2023103801,2026.7.15,美浦,シスキン,デュアルネイチャー,G1レーシング,社台コーポレーション白老ファーム,,
美浦,D,右,20260715,水,6:49,ハヌル,,牝,5,400,岩戸孝樹,,,,,83.7,68.0,53.3,38.4,24.2,11.6,,,,15.7,14.7,14.9,14.2,12.6,11.6,2021103343,2026.7.15,美浦,トゥザグローリー,ムサ,ミルファーム,ミルファーム,,
美浦,D,右,20260715,水,6:49,フィールマイプラン,,牡,3,400,岩戸孝樹,,,,,83.1,67.5,53.0,38.2,24.1,11.6,,,,15.6,14.5,14.8,14.1,12.5,11.6,2023103860,2026.7.15,美浦,サトノクラウン,フィールザプリティ,櫻井正,平岡牧場,,
美浦,D,右,20260715,水,6:49,ベアダイヤモンド,,牡,3,0,松尾卓哉,,,,,82.6,66.7,52.0,37.5,23.8,11.5,,,,15.9,14.7,14.5,13.7,12.3,11.5,2023101076,2026.7.15,美浦,サトノダイヤモンド,セトノフラッパー,熊木浩,滝本健二,,
美浦,D,右,20260715,水,6:49,モナコブル,,牡,5,900,岩戸孝樹,,,,,82.4,66.9,52.7,37.9,23.9,11.5,,,,15.5,14.2,14.8,14.0,12.4,11.5,2021109096,2026.7.15,美浦,ニューイヤーズデイ,メイチャリティ,千明牧場,千明牧場,,
美浦,D,右,20260715,水,6:49,ラクシオンデクラ,,牡,3,0,尾関知人,,,,,82.7,65.6,50.8,36.6,23.7,11.6,,,,17.1,14.8,14.2,12.9,12.1,11.6,2023103597,2026.7.15,美浦,ブリックスアンドモルタル,レッドオーラム,G1レーシング,社台ファーム,,
美浦,D,右,20260715,水,6:50,イカルステソーロ,,牡,2,未出走,武市康男,,,,,81.9,65.5,50.6,36.2,23.7,11.9,,,,16.4,14.9,14.4,12.5,11.8,11.9,2024101291,2026.7.15,美浦,フィエールマン,ライトファンタスティック,了徳寺健二ホールディングス,リョーケンファーム,,
美浦,D,右,20260715,水,6:50,オブラプリーマ,,牝,3,400,上原佑紀,,,,,83.2,67.0,52.3,37.8,23.8,11.5,,,,16.2,14.7,14.5,14.0,12.3,11.5,2023100237,2026.7.15,美浦,ヴァンゴッホ,マナローラ,ノースヒルズ,土居牧場,,
美浦,D,右,20260715,水,6:50,グランオギュール,,牡,2,未出走,林徹,,,,,82.3,65.3,50.6,36.4,23.1,10.9,,,,17.0,14.7,14.2,13.3,12.2,10.9,2024106983,2026.7.15,美浦,ハービンジャー,オルトシア,吉田晴哉,社台コーポレーション白老ファーム,,
美浦,D,右,20260715,水,6:50,コスモティタノ,,牡,2,未出走,武市康男,,,,,82.0,65.6,50.8,36.3,23.8,12.1,,,,16.4,14.8,14.5,12.5,11.7,12.1,2024102727,2026.7.15,美浦,ヘンリーバローズ,カールジェシ,ビッグレッドファーム,中山牧場,,
美浦,D,右,20260715,水,6:50,サンタンヌ,,牝,2,未出走,稲垣幸雄,,,,,84.9,67.9,52.9,38.4,24.6,11.8,,,,17.0,15.0,14.5,13.8,12.8,11.8,2024106341,2026.7.15,美浦,レイデオロ,サンテローズ,シルクレーシング,ノーザンファーム,,
美浦,D,右,20260715,水,6:50,チョコスコーン,,牝,3,0,林徹,,,,,83.6,66.9,51.5,37.7,24.1,11.3,,,,16.7,15.4,13.8,13.6,12.8,11.3,2023107263,2026.7.15,美浦,ハービンジャー,ミディオーサ,保坂和孝,ノーザンファーム,,
美浦,D,右,20260715,水,6:50,ディヴァインスター,,牡,4,1500,林徹,,,,,83.0,65.9,51.1,36.9,23.4,11.1,,,,17.1,14.8,14.2,13.5,12.3,11.1,2022105984,2026.7.15,美浦,アドマイヤマーズ,メジロマリアン,保坂和孝,レイクヴィラファーム,,
美浦,D,右,20260715,水,6:50,ドナリー,,牝,2,未出走,林徹,,,,,82.9,66.4,51.0,37.2,23.7,11.1,,,,16.5,15.4,13.8,13.5,12.6,11.1,2024106056,2026.7.15,美浦,ルーラーシップ,ライトニングホーク,ジャコモ,社台ファーム,,
美浦,D,右,20260715,水,6:50,ブリスブリンク,,牝,2,未登録,,,,,,88.0,70.0,54.6,39.8,25.7,12.3,,,,18.0,15.4,14.8,14.1,13.4,12.3,2024107047,2026.7.15,,クリソベリル,ブライトリビング,,社台コーポレーション白老ファーム,,
美浦,D,右,20260715,水,6:50,ブルバンビーナ,,牝,4,400,尾形和幸,,,,,84.2,66.4,51.5,37.5,24.0,11.6,,,,17.8,14.9,14.0,13.5,12.4,11.6,2022101749,2026.7.15,美浦,キズナ,パールヴァティー,高田秀信,チャンピオンズファーム,,
美浦,D,右,20260715,水,6:50,ベルウッドクレド,,牡,3,400,辻哲英,,,,,86.8,69.1,53.9,39.3,25.2,12.2,,,,17.7,15.2,14.6,14.1,13.0,12.2,2023103957,2026.7.15,美浦,シルバーステート,ラヴザットマスタング,鈴木照雄,アラキフアーム,,
美浦,D,右,20260715,水,6:50,マッドゲイル,,牡,3,900,上原佑紀,,,,,83.9,67.3,52.5,38.1,24.0,11.6,,,,16.6,14.8,14.4,14.1,12.4,11.6,2023103701,2026.7.15,美浦,ルヴァンスレーヴ,チェリーペトルズ,亀井哲也,追分ファーム,,
美浦,D,右,20260715,水,6:50,ランランリンリン,,牝,3,0,辻哲英,,,,,86.2,68.4,53.5,39.0,24.9,12.2,,,,17.8,14.9,14.5,14.1,12.7,12.2,2023100216,2026.7.15,美浦,モズアスコット,ベルシルエット,橋本浩,土田農場,,
美浦,D,右,20260715,水,6:50,ラヴアンドライク,,牝,4,400,稲垣幸雄,,,,,84.5,67.5,52.7,38.9,24.8,11.8,,,,17.0,14.8,13.8,14.1,13.0,11.8,2022104570,2026.7.15,美浦,カリフォルニアクローム,レッドエレノア,宮田守,矢野牧場,,
美浦,D,右,20260715,水,6:50,ローンウルフ,,牡,5,0,武市康男,,,,,85.2,69.1,53.9,39.0,24.7,12.2,,,,16.1,15.2,14.9,14.3,12.5,12.2,2021104112,2026.7.15,美浦,リアルインパクト,シェリレーヌ,飯田正剛,千代田牧場,,
美浦,D,右,20260715,水,6:51,インチジオーネ,,牝,3,未出走,和田雄二,,,,,88.1,68.7,53.5,39.5,26.0,12.8,,,,19.4,15.2,14.0,13.5,13.2,12.8,2023107175,2026.7.15,美浦,フィレンツェファイア,フィビュラ,G1レーシング,ノーザンファーム,,
美浦,D,右,20260715,水,6:51,ウップヘリーア,,牡,3,400,黒岩陽一,162.5,140.2,119.6,99.1,82.2,66.9,51.1,36.7,23.3,11.3,20.6,20.5,16.9,15.3,15.8,14.4,13.4,12.0,11.3,2023107228,2026.7.15,美浦,エピファネイア,ボージェスト,サンデーレーシング,ノーザンファーム,,
美浦,D,右,20260715,水,6:51,トルタパスカリーナ,,牝,2,未出走,黒岩陽一,160.8,139.7,119.3,98.7,81.8,66.5,50.9,36.3,23.1,11.3,20.4,20.6,16.9,15.3,15.6,14.6,13.2,11.8,11.3,2024106273,2026.7.15,美浦,リアルスティール,ギモーヴ,吉田勝己,ノーザンファーム,,
美浦,D,右,20260715,水,6:51,ベリーベリーベリー,,牝,6,400,鈴木伸尋,,,,,85.1,67.8,52.3,38.0,24.5,11.8,,,,17.3,15.5,14.3,13.5,12.7,11.8,2020104291,2026.7.15,美浦,シャンハイボビー,ストロベリーパフェ,藤川靖仁,静内フジカワ牧場,,
美浦,D,右,20260715,水,6:51,ペリエール,,牡,6,7250,黒岩陽一,163.4,140.8,120.0,99.6,82.6,67.1,51.4,36.9,23.4,11.4,20.8,20.4,17.0,15.5,15.7,14.5,13.5,12.0,11.4,2020101874,2026.7.15,美浦,ヘニーヒューズ,ソフトライム,長谷川祐司,チャンピオンズファーム,,
美浦,D,右,20260715,水,6:51,ミヤザキムスメ,,牝,3,0,和田雄二,,,,,87.7,68.7,53.5,39.5,25.9,12.8,,,,19.0,15.2,14.0,13.6,13.1,12.8,2023109146,2026.7.15,美浦,ミスチヴィアスアレックス,サトノコンドル,福田光博,福田米造,,
美浦,D,右,20260715,水,6:51,メラーキ,,牡,9,900,稲垣幸雄,,,,,96.2,71.5,52.6,37.0,23.6,11.5,,,,24.7,18.9,15.6,13.4,12.1,11.5,2017105634,2026.7.15,美浦,ハーツクライ,レツィーナ,大塚亮一,ノーザンファーム,,
美浦,D,右,20260715,水,6:53,カイトヴィント,,牡,4,400,和田雄二,,,,,88.2,69.6,53.7,38.4,24.6,11.8,,,,18.6,15.9,15.3,13.8,12.8,11.8,2022102991,2026.7.15,美浦,ルヴァンスレーヴ,ハートフルデイズ,本田恒雄,辻牧場,,
美浦,D,右,20260715,水,6:53,キョウエイシャトル,,牡,2,未出走,萱野浩二,,,,,88.8,68.9,52.5,38.2,24.9,12.1,,,,19.9,16.4,14.3,13.3,12.8,12.1,2024101173,2026.7.15,美浦,アニマルキングダム,エムオーシャトル,田中晴夫,門別牧場,,
美浦,D,右,20260715,水,6:53,ジャガード,,牡,8,900,和田雄二,,,,,88.7,69.9,54.5,40.3,26.4,12.7,,,,18.8,15.4,14.2,13.9,13.7,12.7,2018103485,2026.7.15,美浦,トーセンラー,オーガンディー,栗坂崇,岡田スタツド,,
美浦,D,右,20260715,水,6:53,ジュリ,,牝,3,0,萱野浩二,,,,,88.0,68.3,52.1,37.9,24.8,12.1,,,,19.7,16.2,14.2,13.1,12.7,12.1,2023103273,2026.7.15,美浦,ダノンスマッシュ,ラファエラ,大樹ファーム,松田牧場,,
美浦,D,右,20260715,水,6:53,セイウンビッグバン,,牡,4,400,萱野浩二,,,,,87.2,66.8,50.4,36.2,23.6,11.7,,,,20.4,16.4,14.2,12.6,11.9,11.7,2022100737,2026.7.15,美浦,アドマイヤマーズ,セイウンメテオ,成田隆好,タツヤファーム,,
美浦,D,右,20260715,水,6:55,ブラーヴジャン,,牡,3,0,和田勇介,,,,,87.2,69.5,53.7,38.7,24.7,11.9,,,,17.7,15.8,15.0,14.0,12.8,11.9,2023103238,2026.7.15,美浦,ダノンプレミアム,クイーンオブハルカ,吉田智,前谷牧場,,
美浦,D,右,20260715,水,6:55,ランドフォートレス,,牡,2,未出走,和田勇介,,,,,86.1,69.0,53.3,38.3,24.5,11.9,,,,17.1,15.7,15.0,13.8,12.6,11.9,2024106096,2026.7.15,美浦,イスラボニータ,レディシビル,梅澤明,社台ファーム,,
美浦,D,右,20260715,水,6:57,バセリーナ,,牡,4,900,松山将樹,,,,,94.1,73.1,54.2,38.7,25.0,12.2,,,,21.0,18.9,15.5,13.7,12.8,12.2,2022106772,2026.7.15,美浦,ウインブライト,クリスティロマンス,ビッグレッドファーム,ビッグレッドファーム,,
美浦,D,右,20260715,水,7:01,シンハナーダ,,牡,5,2400,木村哲也,,,,,86.3,68.8,53.8,39.3,25.5,12.4,,,,17.5,15.0,14.5,13.8,13.1,12.4,2021105574,2026.7.15,美浦,レイデオロ,シンハディーパ,DMMドリームクラブ,ノーザンファーム,,
美浦,D,右,20260715,水,7:02,アンナモエ,,牝,2,未出走,天間昭一,,,,,83.7,67.0,52.5,38.8,25.7,12.8,,,,16.7,14.5,13.7,13.1,12.9,12.8,2024105666,2026.7.15,美浦,オメガパフューム,ジャンティエス,手嶋康雄,森政巳,,
美浦,D,右,20260715,水,7:02,キングプロフィット,,牡,5,120,天間昭一,,,,,83.7,66.6,52.0,38.4,25.3,12.5,,,,17.1,14.6,13.6,13.1,12.8,12.5,2021107012,2026.7.15,美浦,キンシャサノキセキ,サパス,飯島利彦,村上進治,,
美浦,D,右,20260715,水,7:02,レーゲンシャウアー,,牝,2,未出走,天間昭一,,,,,81.9,65.7,51.5,37.9,24.9,12.4,,,,16.2,14.2,13.6,13.0,12.5,12.4,2024104453,2026.7.15,美浦,ディーマジェスティ,ラプザントゥール,ブルースターズファーム,サンデーヒルズ,,
美浦,D,右,20260715,水,7:02,ヴォンヌヴォー,,牝,6,400,天間昭一,,,,,82.2,65.5,51.0,37.0,24.3,12.1,,,,16.7,14.5,14.0,12.7,12.2,12.1,2020106585,2026.7.15,美浦,ドレフォン,ヴェイルオブクララ,平川三津,谷口牧場,,
美浦,D,右,20260715,水,7:04,ペカリーナ,,牝,3,0,竹内正洋,,,,,82.5,64.6,49.4,36.1,23.3,11.6,,,,17.9,15.2,13.3,12.8,11.7,11.6,2023106578,2026.7.15,美浦,ルーラーシップ,ベッキー,由井健太郎,新冠橋本牧場,,
美浦,D,右,20260715,水,7:04,ワタシマツワ,,牝,4,900,竹内正洋,,,,,84.0,65.3,50.1,36.2,23.4,11.5,,,,18.7,15.2,13.9,12.8,11.9,11.5,2022101412,2026.7.15,美浦,グレーターロンドン,サンドスラッシュ,由井健太郎,下河辺牧場,,
美浦,D,右,20260715,水,7:05,アミノショコラ,,牡,2,0,杉浦宏昭,,,,,84.1,67.5,53.1,38.5,24.7,12.2,,,,16.6,14.4,14.6,13.8,12.5,12.2,2024100830,2026.7.15,美浦,ダノンスマッシュ,ネージュフォレスト,アミノグローバルレーシング,ナカノファーム,,
美浦,D,右,20260715,水,7:05,フランベリー,,牝,2,未出走,杉浦宏昭,,,,,89.0,69.1,53.4,38.4,24.6,11.9,,,,19.9,15.7,15.0,13.8,12.7,11.9,2024100813,2026.7.15,美浦,タニノフランケル,モズエエヤン,森口聡,中川欽一,,
美浦,D,右,20260715,水,7:05,ベアアッコチャン,,牝,3,400,杉浦宏昭,,,,,89.5,69.2,53.6,38.6,24.8,12.1,,,,20.3,15.6,15.0,13.8,12.7,12.1,2023101039,2026.7.15,美浦,フォーウィールドライブ,ゴールドオーク,熊木浩,シンボリ牧場,,
美浦,D,右,20260715,水,7:05,レオライジング,,牝,2,0,杉浦宏昭,,,,,84.2,67.4,52.9,38.3,24.5,12.1,,,,16.8,14.5,14.6,13.8,12.4,12.1,2024101902,2026.7.15,美浦,インディチャンプ,センコウノマイヒメ,レオ,谷口牧場,,
美浦,D,右,20260715,水,7:06,ベンガルボダイジュ,,牡,3,0,杉浦宏昭,,,,,84.8,67.1,51.9,37.8,24.6,12.3,,,,17.7,15.2,14.1,13.2,12.3,12.3,2023103450,2026.7.15,美浦,ルーラーシップ,ステラプラド,小林善一,社台ファーム,,
美浦,D,右,20260715,水,7:07,オーケーマヒナ,,牝,4,900,相沢郁,,,,,85.3,67.5,51.9,36.9,23.7,11.9,,,,17.8,15.6,15.0,13.2,11.8,11.9,2022100432,2026.7.15,美浦,モズアスコット,ヒアーズトウショウ,小野建,三好牧場,,
美浦,D,右,20260715,水,7:07,コスモモノポリー,,牝,2,未出走,相沢郁,,,,,84.2,66.7,51.4,36.6,23.7,11.9,,,,17.5,15.3,14.8,12.9,11.8,11.9,2024103614,2026.7.15,美浦,ゴールドシップ,パフォーム,ビッグレッドファーム,ビッグレッドファーム,,
美浦,D,右,20260715,水,7:10,ジャストビコーズ,,牝,3,0,武井亮,,,,,87.6,69.1,53.3,38.5,24.9,12.0,,,,18.5,15.8,14.8,13.6,12.9,12.0,2023104065,2026.7.15,美浦,インディチャンプ,イナズマアマリリス,石瀬浩三,小泉牧場,,
美浦,D,右,20260715,水,7:11,コスモブッドレア,,牡,5,2400,小野次郎,,,,,85.1,68.0,53.5,37.9,23.4,11.3,,,,17.1,14.5,15.6,14.5,12.1,11.3,2021106782,2026.7.15,美浦,ゴールドシップ,コスモバタフライ,ビッグレッドファーム,ビッグレッドファーム,,
美浦,D,右,20260715,水,7:11,ティアラスピリット,,牝,2,0,上原博之,,,,,85.0,66.7,51.9,37.0,23.5,12.0,,,,18.3,14.8,14.9,13.5,11.5,12.0,2024107256,2026.7.15,美浦,シャンハイボビー,サクラフルーレ,石田暢子,谷岡牧場,,
美浦,D,右,20260715,水,7:11,ポッドロルフ,,牡,4,400,小野次郎,,,,,85.6,68.3,53.8,38.1,23.5,11.3,,,,17.3,14.5,15.7,14.6,12.2,11.3,2022100700,2026.7.15,美浦,モズアスコット,グリエルマ,小川眞査雄,下屋敷牧場,,
美浦,D,右,20260715,水,7:11,リケアチャチャチャ,,牝,2,0,上原博之,,,,,85.4,67.5,52.4,37.5,23.7,12.0,,,,17.9,15.1,14.9,13.8,11.7,12.0,2024105243,2026.7.15,美浦,グレーターロンドン,アースファイヤー,稲場澄,グローリーファーム,,
美浦,D,右,20260715,水,7:12,カウェーカネム,,牡,2,未出走,池上昌和,,,,,88.4,71.0,55.7,40.1,25.7,12.5,,,,17.4,15.3,15.6,14.4,13.2,12.5,2024100646,2026.7.15,美浦,Cracksman,キャラー,H.H.シェイク・ハムダン,ダーレー・ジャパン・ファーム,,
美浦,D,右,20260715,水,7:12,フジサンインフレ,,牡,2,未出走,池上昌和,,,,,88.1,70.8,55.6,39.9,25.6,12.5,,,,17.3,15.2,15.7,14.3,13.1,12.5,2024100161,2026.7.15,美浦,フォーウィールドライブ,サラマンドラ,藤田秀行,沖田牧場,,
美浦,D,右,20260715,水,7:12,フレアリングベリー,,牝,3,0,池上昌和,,,,,87.0,69.5,54.2,38.9,25.1,12.1,,,,17.5,15.3,15.3,13.8,13.0,12.1,2023107370,2026.7.15,美浦,ポエティックフレア,ワイルドラズベリー,シルクレーシング,ノーザンファーム,,
美浦,D,右,20260715,水,7:13,インスウィング,,セ,3,0,青木孝文,,,,,82.9,66.5,51.7,37.5,24.1,11.7,,,,16.4,14.8,14.2,13.4,12.4,11.7,2023101444,2026.7.15,美浦,アメリカンペイトリオット,アルカナ,本間充,本間牧場,,
美浦,D,右,20260715,水,7:13,ゴールドビリーヴ,,牝,3,0,鈴木慎太,,,,,82.6,66.2,51.5,37.2,23.8,11.6,,,,16.4,14.7,14.3,13.4,12.2,11.6,2023104508,2026.7.15,美浦,ゴールドアクター,ゴールドグローリー,居城寿与,北勝ファーム,,
美浦,D,右,20260715,水,7:13,ジョイグリーン,,セ,3,0,青木孝文,,,,,82.1,65.9,51.2,37.0,23.8,11.6,,,,16.2,14.7,14.2,13.2,12.2,11.6,2023100668,2026.7.15,美浦,ルヴァンスレーヴ,エスコルピオン,西村亮二,いとう牧場,,
美浦,D,右,20260715,水,7:13,ファイアリービート,,牡,3,0,鈴木慎太,,,,,83.1,66.4,51.6,37.3,23.8,11.6,,,,16.7,14.8,14.3,13.5,12.2,11.6,2023101135,2026.7.15,美浦,パイロ,チャチャチャ,ゴドルフィン,ダーレー・ジャパン・ファーム,,
美浦,D,右,20260715,水,7:13,フルールロイヤル,,牝,3,0,青木孝文,,,,,86.3,68.9,53.7,39.0,24.9,12.2,,,,17.4,15.2,14.7,14.1,12.7,12.2,2023107018,2026.7.15,美浦,ハービンジャー,サングレアル,吉田勝己,ノーザンファーム,,
美浦,D,右,20260715,水,7:13,マイネルラッシュ,,牡,6,1000,水野貴広,,,,,82.0,65.7,51.2,37.5,23.9,11.7,,,,16.3,14.5,13.7,13.6,12.2,11.7,2020105803,2026.7.15,美浦,ダイワメジャー,ワンダフルラッシュ,サラブレッドクラブ・ラフィアン,ビッグレッドファーム,,
美浦,D,右,20260715,水,7:13,リキマル,,牡,2,未出走,青木孝文,,,,,86.9,68.9,53.7,39.1,24.9,12.2,,,,18.0,15.2,14.6,14.2,12.7,12.2,2024104688,2026.7.15,美浦,シュヴァルグラン,サーキットレディ,山口智,千代田牧場,,
美浦,D,右,20260715,水,7:14,アウアリイ,,牡,2,未出走,奥村武,,,,,81.9,65.9,51.2,36.6,23.3,11.4,,,,16.0,14.7,14.6,13.3,11.9,11.4,2024106017,2026.7.15,美浦,モーリス,ブルーハワイアン,吉田照哉,社台ファーム,,
美浦,D,右,20260715,水,7:14,カリーシ,,牝,5,900,武井亮,,,,,85.5,67.9,52.7,38.2,24.5,11.7,,,,17.6,15.2,14.5,13.7,12.8,11.7,2021105833,2026.7.15,美浦,モーリス,ラクアミ,FAレーシング,ノーザンファーム,,
美浦,D,右,20260715,水,7:14,サルサブラヴァ,,牡,3,0,奥村武,,,,,89.7,71.2,55.2,39.7,24.9,11.6,,,,18.5,16.0,15.5,14.8,13.3,11.6,2023103778,2026.7.15,美浦,シニスターミニスター,サルサドゥーラ,G1レーシング,社台コーポレーション白老ファーム,,
美浦,D,右,20260715,水,7:14,サンプラザマツモト,,牝,2,未出走,深山雅史,,,,,87.8,69.7,53.2,37.9,24.3,11.8,,,,18.1,16.5,15.3,13.6,12.5,11.8,2024106782,2026.7.15,美浦,ジャスタウェイ,コマノサラサ,由井健太郎,新井牧場,,
美浦,D,右,20260715,水,7:14,ジャストマイウェイ,,牝,3,0,奥村武,,,,,82.4,66.2,51.4,36.9,23.6,11.4,,,,16.2,14.8,14.5,13.3,12.2,11.4,2023105362,2026.7.15,美浦,"No Nay Never",ジャストイマジニング,DMMドリームクラブ,岡田スタツド,,
美浦,D,右,20260715,水,7:14,ハングローズ,,牝,3,0,奥村武,,,,,88.1,69.1,53.5,38.7,24.5,11.6,,,,19.0,15.6,14.8,14.2,12.9,11.6,2023102122,2026.7.15,美浦,ドレフォン,ハワイアンローズ,"CHEVAL ATTACHE",辻牧場,,
美浦,D,右,20260715,水,7:14,マイホームパパ,,牡,2,未出走,深山雅史,,,,,87.1,69.3,52.9,37.7,24.0,11.5,,,,17.8,16.4,15.2,13.7,12.5,11.5,2024102852,2026.7.15,美浦,ミッキーグローリー,ユメノマイホーム,ミルファーム,ミルファーム,,
美浦,D,右,20260715,水,7:15,カタカムナ,,牝,3,0,蛯名利弘,,,,,87.6,69.3,53.4,38.5,24.1,11.6,,,,18.3,15.9,14.9,14.4,12.5,11.6,2023102381,2026.7.15,美浦,サトノクラウン,ジョイズエターナル,村島昭男,岡田スタツド,,
美浦,D,右,20260715,水,7:15,チャームジュネーヴ,,牝,2,未出走,蛯名利弘,,,,,87.5,69.1,53.5,38.5,24.2,11.7,,,,18.4,15.6,15.0,14.3,12.5,11.7,2024106864,2026.7.15,美浦,ハイランドリール,ライアンズチャーム,島川隆哉,エスティファーム,,
美浦,D,右,20260715,水,7:15,ビッグデイメイク,,牝,4,740,和田雄二,,,,,91.5,73.5,57.2,41.5,26.3,12.3,,,,18.0,16.3,15.7,15.2,14.0,12.3,2022102532,2026.7.15,美浦,リアルスティール,エインセル,Mr.ホース,富田恭司,,
美浦,D,右,20260715,水,7:16,オンザボー,,牡,2,未出走,田中博康,,,,,81.0,65.8,51.4,37.7,24.5,11.8,,,,15.2,14.4,13.7,13.2,12.7,11.8,2024103472,2026.7.15,美浦,コントレイル,ノイーヴァ,前田葉子,ノースヒルズ,,
美浦,D,右,20260715,水,7:16,グロスビーク,,牡,4,900,田中博康,,,,,80.4,65.4,51.0,37.4,24.2,11.7,,,,15.0,14.4,13.6,13.2,12.5,11.7,2022104608,2026.7.15,美浦,シスキン,アドマイヤセプター,キャロットファーム,ノーザンファーム,,
美浦,D,右,20260715,水,7:16,サトノドルチェ,,セ,7,470,蛯名利弘,,,,,87.3,68.6,53.4,38.8,24.9,12.1,,,,18.7,15.2,14.6,13.9,12.8,12.1,2019105500,2026.7.15,美浦,オルフェーヴル,ラッドルチェンド,稲場澄,ノーザンファーム,,
美浦,D,右,20260715,水,7:16,プリティディーヴァ,,牝,4,1000,田中博康,,,,,79.9,65.1,50.8,37.2,24.2,11.7,,,,14.8,14.3,13.6,13.0,12.5,11.7,2022110015,2026.7.15,美浦,Kingman,Assurance,吉田和美,"Assurance Syndicate",,
美浦,D,右,20260715,水,7:17,ウリズンベー,,牡,3,400,大竹正博,,,,,82.6,66.9,52.3,37.6,24.0,11.6,,,,15.7,14.6,14.7,13.6,12.4,11.6,2023103709,2026.7.15,美浦,ルヴァンスレーヴ,ヌチバナ,G1レーシング,追分ファーム,,
美浦,D,右,20260715,水,7:17,ニュークリアス,,牡,3,0,大竹正博,,,,,82.8,66.9,52.3,37.6,24.0,11.6,,,,15.9,14.6,14.7,13.6,12.4,11.6,2023105341,2026.7.15,美浦,フィエールマン,リエヴェメンテ,池谷誠一,ノーザンファーム,,
美浦,D,右,20260715,水,7:17,マイトレーヤー,,牡,2,未出走,手塚貴徳,,,,,86.9,69.8,54.2,39.6,25.3,12.1,,,,17.1,15.6,14.6,14.3,13.2,12.1,2024105779,2026.7.15,美浦,マインドユアビスケッツ,エバーマノ,栗原政史,社台ファーム,,
美浦,D,右,20260715,水,7:17,ミッドセンチュリー,,牡,4,400,松山将樹,,,,,88.0,70.3,54.1,38.9,24.9,12.1,,,,17.7,16.2,15.2,14.0,12.8,12.1,2022103308,2026.7.15,美浦,トゥザグローリー,アウグスタ,ミルファーム,ミルファーム,,
美浦,D,右,20260715,水,7:17,ラッパースヴィル,,牝,2,未出走,手塚貴徳,,,,,84.1,68.3,53.0,38.5,24.3,11.4,,,,15.8,15.3,14.5,14.2,12.9,11.4,2024106403,2026.7.15,美浦,フィエールマン,スネガエクスプレス,吉田和美,ノーザンファーム,,
美浦,D,右,20260715,水,7:18,アイアムイガイニモ,,牡,2,未出走,奥平雅士,,,,,88.5,69.6,54.0,39.4,25.6,12.4,,,,18.9,15.6,14.6,13.8,13.2,12.4,2024105321,2026.7.15,美浦,モズアスコット,エヴァ,ワイズマン,斉藤スタッド,,
美浦,D,右,20260715,水,7:18,ウインオーディン,,牡,6,1600,鹿戸雄一,,,,,87.1,69.4,53.7,38.5,24.4,11.7,,,,17.7,15.7,15.2,14.1,12.7,11.7,2020105217,2026.7.15,美浦,エピファネイア,ピエナビーナス,ウイン,コスモヴューファーム,,
美浦,D,右,20260715,水,7:18,カミノテイオー,,牡,3,0,奥平雅士,,,,,89.4,70.2,54.4,39.6,25.7,12.4,,,,19.2,15.8,14.8,13.9,13.3,12.4,2023109056,2026.7.15,美浦,タリスマニック,ゴールドマリキヤ,村上正喜,ワールドファーム,,
美浦,D,右,20260715,水,7:18,キアラメンテ,,牝,4,400,鹿戸雄一,,,,,89.6,71.3,54.9,39.5,24.8,11.5,,,,18.3,16.4,15.4,14.7,13.3,11.5,2022105864,2026.7.15,美浦,ドゥラメンテ,レオパルディナ,キャロットファーム,社台コーポレーション白老ファーム,,
美浦,D,右,20260715,水,7:18,サトノラポール,,セ,4,400,鹿戸雄一,,,,,89.0,70.7,54.2,38.9,24.5,11.5,,,,18.3,16.5,15.3,14.4,13.0,11.5,2022104786,2026.7.15,美浦,サートゥルナーリア,サトノユリア,里見治,ノーザンファーム,,
美浦,D,右,20260715,水,7:18,スティールブルー,,牝,5,1500,田中勝春,,,,,86.8,68.8,54.0,39.4,25.0,11.8,,,,18.0,14.8,14.6,14.4,13.2,11.8,2021105888,2026.7.15,美浦,ルーラーシップ,レディバード,シルクレーシング,ノーザンファーム,,
美浦,D,右,20260715,水,7:18,デルマジュテーム,,牝,4,400,的場均,,,,,84.1,67.0,52.1,38.2,24.7,11.7,,,,17.1,14.9,13.9,13.5,13.0,11.7,2022101969,2026.7.15,美浦,ノヴェリスト,デルマチャチャ,浅沼廣幸,ファニーヒルファーム,,
美浦,D,右,20260715,水,7:18,ブルーリヴァーサル,,牡,6,340,的場均,,,,,88.7,71.4,55.5,39.7,25.5,12.4,,,,17.3,15.9,15.8,14.2,13.1,12.4,2020104617,2026.7.15,美浦,ディープスカイ,エフシア,青山郁代,野表篤夫,,
美浦,D,右,20260715,水,7:18,ミクニルミナス,,牡,2,未出走,田中勝春,,,,,87.4,69.1,54.2,39.5,25.1,11.8,,,,18.3,14.9,14.7,14.4,13.3,11.8,2024105950,2026.7.15,美浦,ルーラーシップ,ティラミス,ミクニ,社台ファーム,,
美浦,D,右,20260715,水,7:18,レジームチェンジ,,牡,2,未出走,鹿戸雄一,,,,,87.7,69.8,53.9,38.8,24.8,11.9,,,,17.9,15.9,15.1,14.0,12.9,11.9,2024100699,2026.7.15,美浦,ルーラーシップ,メトロポール,ゴドルフィン,ダーレー・ジャパン・ファーム,,
美浦,D,右,20260715,水,7:19,イニシャルポイント,,牝,2,未出走,高木登,,,,,81.8,65.6,52.0,38.0,24.1,11.3,,,,16.2,13.6,14.0,13.9,12.8,11.3,2024108217,2026.7.15,美浦,Flightline,Farrell,ビッグレッドファーム,"Coffee Pot Stable",,
美浦,D,右,20260715,水,7:19,グランシュレーム,,牝,2,未出走,高木登,,,,,81.5,66.2,51.6,37.2,24.0,12.0,,,,15.3,14.6,14.4,13.2,12.0,12.0,2024106933,2026.7.15,美浦,ナダル,リアリゾンルレーヴ,G1レーシング,追分ファーム,,
美浦,D,右,20260715,水,7:19,コスモメイウェザー,,牡,3,0,高木登,,,,,83.0,67.3,52.6,38.1,24.7,12.5,,,,15.7,14.7,14.5,13.4,12.2,12.5,2023105330,2026.7.15,美浦,シルバーステート,ベルヴォーグ,ビッグレッドファーム,ノーザンファーム,,
美浦,D,右,20260715,水,7:19,サザンキンレンカ,,牝,2,未出走,畠山吉宏,,,,,83.6,66.6,52.0,37.5,23.8,11.5,,,,17.0,14.6,14.5,13.7,12.3,11.5,2024105501,2026.7.15,美浦,ルヴァンスレーヴ,カリフォルニアネクター,サザンホールディング,平野牧場,,
美浦,D,右,20260715,水,7:19,タイキオーベロン,,牡,4,400,高木登,,,,,82.6,66.1,51.0,37.0,23.5,11.6,,,,16.5,15.1,14.0,13.5,11.9,11.6,2022103155,2026.7.15,美浦,ダノンレジェンド,ブラックフェアリー,大樹ファーム,ビクトリーホースランチ,,
美浦,D,右,20260715,水,7:19,ニシノブレイゼスト,,牡,4,900,高木登,,,,,83.4,66.9,51.7,37.4,23.6,11.5,,,,16.5,15.2,14.3,13.8,12.1,11.5,2022107011,2026.7.15,美浦,シルバーステート,ニシノステディー,西山茂行,村上欽哉,,
美浦,D,右,20260715,水,7:19,ネイティヴプライド,,牡,3,0,高木登,,,,,83.6,67.2,52.4,37.8,24.2,12.1,,,,16.4,14.8,14.6,13.6,12.1,12.1,2023105319,2026.7.15,美浦,クリソベリル,ビキニブロンド,山田弘,ノーザンファーム,,
美浦,D,右,20260715,水,7:19,バトルクライ,,牡,7,7200,高木登,,,,,82.2,66.3,52.6,38.6,24.2,11.3,,,,15.9,13.7,14.0,14.4,12.9,11.3,2019103879,2026.7.15,美浦,イスラボニータ,ディアコメット,Gリビエール・レーシング,ディアレストクラブ,,
美浦,D,右,20260715,水,7:19,マイネルボス,,牡,4,0,畠山吉宏,,,,,89.4,71.4,55.3,40.3,25.9,12.7,,,,18.0,16.1,15.0,14.4,13.2,12.7,2022106770,2026.7.15,美浦,ダノンバラード,オーサムボス,サラブレッドクラブ・ラフィアン,ビッグレッドファーム,,
美浦,D,右,20260715,水,7:19,マスターボリューム,,牝,2,未出走,畠山吉宏,,,,,88.1,70.7,54.6,39.6,25.1,12.0,,,,17.4,16.1,15.0,14.5,13.1,12.0,2024103638,2026.7.15,美浦,ウインブライト,ミラティオ,サラブレッドクラブ・ラフィアン,ビッグレッドファーム,,
美浦,D,右,20260715,水,7:19,リリカルフレア,,牝,2,0,畠山吉宏,,,,,85.1,68.3,53.0,37.9,23.7,11.4,,,,16.8,15.3,15.1,14.2,12.3,11.4,2024105822,2026.7.15,美浦,ポエティックフレア,キャーントストップ,社台レースホース,社台ファーム,,
美浦,D,右,20260715,水,7:23,カツノテンス,,牡,6,160,伊藤伸一,,,,,87.0,68.0,53.0,38.7,24.6,11.6,,,,19.0,15.0,14.3,14.1,13.0,11.6,2020105525,2026.7.15,美浦,シルバーステート,コウザンティアラ,勝野産業,新冠伊藤牧場,,
美浦,D,右,20260715,水,7:23,キンバリー,,牡,2,未出走,伊藤伸一,,,,,83.4,66.5,52.4,38.1,24.7,12.6,,,,16.9,14.1,14.3,13.4,12.1,12.6,2024104006,2026.7.15,美浦,アルアイン,ドリームプレイ,柳橋俊昭,ラツキー牧場,,
美浦,D,右,20260715,水,7:23,コスモデュアリズム,,牡,2,未出走,伊藤伸一,,,,,83.5,66.6,52.5,38.2,24.9,12.7,,,,16.9,14.1,14.3,13.3,12.2,12.7,2024105344,2026.7.15,美浦,アルアイン,キルシェンロート,ビッグレッドファーム,嶋田牧場,,
美浦,D,右,20260715,水,7:23,コックオーヴァン,,牝,3,400,伊藤伸一,,,,,82.1,65.6,51.8,37.9,24.4,12.4,,,,16.5,13.8,13.9,13.5,12.0,12.4,2023106405,2026.7.15,美浦,ウインブライト,コスモミール,ビッグレッドファーム,金石牧場,,
美浦,D,右,20260715,水,7:24,スコラーリ,,牡,7,400,大竹正博,,,,,80.6,64.3,49.4,35.6,23.4,11.8,,,,16.3,14.9,13.8,12.2,11.6,11.8,2019100718,2026.7.15,美浦,トゥザワールド,ヒカリヴィグラス,吉田和美,ヒカル牧場,,
美浦,D,右,20260715,水,7:26,タッカーヴァンバン,,牡,3,0,田島俊明,,,,,84.6,67.2,51.7,37.3,23.5,11.4,,,,17.4,15.5,14.4,13.8,12.1,11.4,2023100529,2026.7.15,美浦,シュヴァルグラン,ティアレ,小松崎孝,中田牧場,,
美浦,D,右,20260715,水,7:26,ホウオウパーソンズ,,牡,3,0,蛯名正義,,,,,85.5,68.6,52.9,38.6,24.5,11.7,,,,16.9,15.7,14.3,14.1,12.8,11.7,2023105361,2026.7.15,美浦,キタサンブラック,オーロリンチェ,小笹芳央,岡田スタツド,,
美浦,D,右,20260715,水,7:26,マイエラ,,牡,3,0,蛯名正義,,,,,85.9,69.0,53.3,38.8,24.7,11.6,,,,16.9,15.7,14.5,14.1,13.1,11.6,2023100639,2026.7.15,美浦,リオンディーズ,バージニアキャット,諸江幸祐,新井昭二牧場,,
美浦,D,右,20260715,水,7:26,ラウンドヒル,,牝,3,0,田島俊明,,,,,85.1,67.5,52.2,37.6,23.6,11.4,,,,17.6,15.3,14.6,14.0,12.2,11.4,2023105751,2026.7.15,美浦,ベストウォーリア,レイテストバード,小原準一郎,静内フアーム,,
美浦,D,右,20260715,水,7:27,キタノシオン,,牝,3,0,本間忍,,,,,90.4,71.3,54.1,39.4,24.6,11.5,,,,19.1,17.2,14.7,14.8,13.1,11.5,2023101411,2026.7.15,美浦,アジアエクスプレス,ガーランドワルツ,北所直人,宝寄山拓樹,,
美浦,D,右,20260715,水,7:27,ワイズジュエル,,牝,2,未出走,本間忍,,,,,90.6,71.7,54.5,39.6,24.8,11.8,,,,18.9,17.2,14.9,14.8,13.0,11.8,2024100105,2026.7.15,美浦,ミッキーアイル,トーセンナチュラル,山下裕司,石原牧場,,
美浦,D,右,20260715,水,7:32,ドラゴンヘッド,,牡,6,1500,武藤善則,,,,,84.2,66.8,51.3,37.0,24.1,11.8,,,,17.4,15.5,14.3,12.9,12.3,11.8,2020100495,2026.7.15,美浦,ラブリーデイ,フリティラリア,杉山忠国,明治牧場,,
美浦,D,右,20260715,水,7:32,ロケットパンチ,,セ,3,400,武藤善則,,,,,89.8,70.3,53.6,37.9,24.2,11.4,,,,19.5,16.7,15.7,13.7,12.8,11.4,2023100514,2026.7.15,美浦,ナダル,ベルキューティ,子安裕樹RC,清水牧場,,
美浦,D,右,20260715,水,7:33,カイユレ,,牝,3,0,古賀慎明,,,,,83.7,66.3,51.1,36.6,23.9,11.6,,,,17.4,15.2,14.5,12.7,12.3,11.6,2023104947,2026.7.15,美浦,キタサンブラック,シラバリー,長谷川祐司,富田牧場,,
美浦,D,右,20260715,水,7:33,サトノリアファル,,牡,3,0,古賀慎明,,,,,85.4,67.7,52.4,37.6,24.4,11.9,,,,17.7,15.3,14.8,13.2,12.5,11.9,2023105260,2026.7.15,美浦,ダノンキングリー,レッドマニッシュ,里見治,社台ファーム,,
美浦,D,右,20260715,水,7:33,ロジザボード,,牝,3,0,古賀慎明,,,,,85.7,68.2,52.7,37.9,24.5,12.0,,,,17.5,15.5,14.8,13.4,12.5,12.0,2023104017,2026.7.15,美浦,ドレフォン,ロジヒューズ,久米田正明,オリエント牧場,,
美浦,D,右,20260715,水,7:33,ロジシーザ,,牡,3,0,古賀慎明,,,,,86.2,68.8,53.1,38.4,24.6,12.0,,,,17.4,15.7,14.7,13.8,12.6,12.0,2023102319,2026.7.15,美浦,ドレフォン,ロジネイア,久米田正明,石川牧場,,
美浦,D,右,20260715,水,7:38,ラスカンブレス,,セ,5,2400,林徹,210.1,173.3,141.5,111.3,86.7,67.8,52.2,37.7,23.6,11.3,31.8,30.2,24.6,18.9,15.6,14.5,14.1,12.3,11.3,2021105391,2026.7.15,美浦,ブリックスアンドモルタル,アースライズ,吉田勝己,ノーザンファーム,,
美浦,D,右,20260715,水,7:40,コールリッジ,,牡,3,0,林徹,,,,,85.7,66.8,52.3,38.1,23.9,11.4,,,,18.9,14.5,14.2,14.2,12.5,11.4,2023106338,2026.7.15,美浦,アルバート,モーニングフェイス,林正道,酒井牧場,,
美浦,D,右,20260715,水,7:40,ルージュダリア,,牝,3,400,林徹,,,,,86.8,68.8,53.3,38.2,24.0,11.5,,,,18.0,15.5,15.1,14.2,12.5,11.5,2023105345,2026.7.15,美浦,リオンディーズ,レイリオン,東京ホースレーシング,ノーザンファーム,,
美浦,D,右,20260715,水,7:41,ガンバレベアー,,牝,4,280,杉浦宏昭,,,,,89.7,69.9,54.3,39.1,25.3,12.7,,,,19.8,15.6,15.2,13.8,12.6,12.7,2022101141,2026.7.15,美浦,サトノアラジン,サンマルリトリート,熊木浩,ヴェルサイユファーム,,
美浦,D,右,20260715,水,7:41,ベアベルヴォワ,,牝,2,未出走,杉浦宏昭,,,,,89.5,69.9,54.3,39.2,25.4,12.7,,,,19.6,15.6,15.1,13.8,12.7,12.7,2024107164,2026.7.15,美浦,ニューイヤーズデイ,ベルヴォワ,熊木浩,レイクヴィラファーム,,
美浦,D,右,20260715,水,7:45,シャルムグリーン,,牡,3,0,相沢郁,,,,,86.2,68.3,53.0,38.2,24.2,11.3,,,,17.9,15.3,14.8,14.0,12.9,11.3,2023101459,2026.7.15,美浦,スワーヴリチャード,ファータグリーン,斎藤洋子,本間牧場,,
美浦,D,右,20260715,水,7:45,スワローシチー,,牡,4,400,相沢郁,,,,,84.9,67.0,52.3,37.9,24.7,11.8,,,,17.9,14.7,14.4,13.2,12.9,11.8,2022106150,2026.7.15,美浦,ミッキースワロー,スコルピオンキッス,友駿ホースクラブ,カミイスタット,,
美浦,D,右,20260715,水,7:45,ブライトエアリー,,牝,3,0,相沢郁,,,,,85.7,67.7,53.2,38.6,25.1,12.0,,,,18.0,14.5,14.6,13.5,13.1,12.0,2023102362,2026.7.15,美浦,ウインブライト,イルジオーネ,ノルマンディーサラブレッドレーシング,岡田スタツド,,
美浦,D,右,20260715,水,7:48,ニシノアナベル,,牝,2,未出走,本間忍,,,,,88.1,70.5,54.6,40.1,26.1,12.8,,,,17.6,15.9,14.5,14.0,13.3,12.8,2024102786,2026.7.15,美浦,オメガパフューム,ニシノビアンカ,西山茂行,フクオカファーム,,
美浦,D,右,20260715,水,7:48,ラブソング,,牝,3,0,尾関知人,,,,,85.6,67.7,52.6,38.1,24.5,11.7,,,,17.9,15.1,14.5,13.6,12.8,11.7,2023102312,2026.7.15,美浦,ミスターメロディ,シティーポップ,ミルファーム,石川牧場,,
美浦,D,右,20260715,水,7:50,コスモルトチェコ,,牡,2,未出走,石栗龍彦,,,,,85.4,68.7,53.1,38.2,24.0,11.4,,,,16.7,15.6,14.9,14.2,12.6,11.4,2024102436,2026.7.15,美浦,ノヴェリスト,リアユニヴァース,谷脇智恵子,エムエム、ヤマダファーム,,
美浦,D,右,20260715,水,7:50,シャンパンマーク,,セ,5,900,蛯名正義,,,,,87.0,70.4,55.0,40.2,26.1,12.6,,,,16.6,15.4,14.8,14.1,13.5,12.6,2021105252,2026.7.15,美浦,キズナ,メモリアルライフ,青山洋一,社台ファーム,,
美浦,D,右,20260715,水,7:50,セントリアン,,牝,3,0,萱野浩二,,,,,87.1,69.3,54.3,39.4,25.5,12.4,,,,17.8,15.0,14.9,13.9,13.1,12.4,2023100888,2026.7.15,美浦,アジアエクスプレス,ラブラブラブ,馬目勇,サンバマウンテンファーム,,
美浦,D,右,20260715,水,7:50,ソニックウェーブ,,牡,2,未出走,石栗龍彦,,,,,86.0,69.0,53.5,38.5,24.2,11.4,,,,17.0,15.5,15.0,14.3,12.8,11.4,2024103147,2026.7.15,美浦,ホットロッドチャーリー,リクエストアワー,田頭勇貴,スカイビーチステーブル,,
美浦,D,右,20260715,水,7:50,ノクターナルハント,,セ,3,0,和田勇介,157.5,137.5,119.0,100.3,83.3,67.5,52.4,38.0,24.4,12.0,18.5,18.7,17.0,15.8,15.1,14.4,13.6,12.4,12.0,2023101129,2026.7.15,美浦,アドマイヤムーン,スノーレパード,ゴドルフィン,ダーレー・ジャパン・ファーム,,
美浦,D,右,20260715,水,7:51,ロンバスブレス,,牝,3,0,石栗龍彦,,,,,87.9,68.9,53.1,38.5,24.7,12.0,,,,19.0,15.8,14.6,13.8,12.7,12.0,2023106053,2026.7.15,美浦,イスラボニータ,プリンセスヨウク,ライオンレースホース,坂東牧場,,
美浦,D,右,20260715,水,7:52,グラスブランシュ,,牝,5,900,松山将樹,,,,,86.5,69.5,53.6,38.7,24.4,11.8,,,,17.0,15.9,14.9,14.3,12.6,11.8,2021103588,2026.7.15,美浦,エピカリス,グラスルノン,半沢,岡田牧場,,
美浦,D,右,20260715,水,7:53,オレデイイノカ,,牡,8,1500,古賀慎明,,,,,,,57.5,41.5,26.9,12.7,,,,,,16.0,14.6,14.2,12.7,2018101243,2026.7.15,美浦,サウスヴィグラス,グレイスフルアート,福島徳佑,赤石牧場,,
美浦,D,右,20260715,水,7:53,サトノシャムロック,,セ,4,400,古賀慎明,,,,,,,57.1,41.6,26.7,12.6,,,,,,15.5,14.9,14.1,12.6,2022104967,2026.7.15,美浦,ニューイヤーズデイ,ヒップホップスワン,里見治,ノーザンファーム,,
美浦,D,右,20260715,水,7:57,パチクリベスクリ,,牡,3,0,清水英克,,,,,84.7,68.1,53.5,,24.5,11.7,,,,16.6,14.6,,,12.8,11.7,2023106346,2026.7.15,美浦,ファインニードル,スキャンダルシート,河本尚吾,HARUNOファーム,,
美浦,D,右,20260715,水,7:57,ミツカネメルクリオ,,牡,3,0,清水英克,,,,,84.1,67.5,53.0,,24.3,11.6,,,,16.6,14.5,,,12.7,11.6,2023101346,2026.7.15,美浦,サトノアラジン,ゼンダンラビット,小山田満,広中稔,,
美浦,D,右,20260715,水,8:00,アイムスティルミー,,セ,3,0,奥平雅士,,,,,86.5,68.9,53.7,38.2,24.1,11.3,,,,17.6,15.2,15.5,14.1,12.8,11.3,2023106595,2026.7.15,美浦,ダノンバラード,チェリッシュユー,ミルファーム,ミルファーム,,
美浦,D,右,20260715,水,8:00,ソニックブレイカー,,牡,3,400,稲垣幸雄,,,,,88.5,69.6,53.2,37.8,23.9,11.3,,,,18.9,16.4,15.4,13.9,12.6,11.3,2023100955,2026.7.15,美浦,モーリス,バートラムガーデン,"CHEVAL ATTACHE",下河辺牧場,,
美浦,D,右,20260715,水,8:01,ビッグノエルルーフ,,牝,3,0,田中剛,,,,,82.8,65.3,50.7,36.4,23.5,11.2,,,,17.5,14.6,14.3,12.9,12.3,11.2,2023100081,2026.7.15,美浦,モーニン,フジノドラマ,ビッグルーフレーシング,加野牧場,,
美浦,D,右,20260715,水,8:03,サイモングリーマン,,牡,3,0,的場均,,,,,87.2,69.6,53.8,38.8,24.7,11.7,,,,17.6,15.8,15.0,14.1,13.0,11.7,2023102050,2026.7.15,美浦,リアルインパクト,ピーエムルッカ,澤田昭紀,笹島智則,,
美浦,D,右,20260715,水,8:03,テングカゼ,,牡,2,未出走,的場均,,,,,86.7,69.3,53.6,38.5,24.6,11.8,,,,17.4,15.7,15.1,13.9,12.8,11.8,2024105454,2026.7.15,美浦,カデナ,プリモスペード,田頭勇貴,中橋清,,
美浦,D,右,20260715,水,8:03,デルマテイネ,,牡,3,0,的場均,,,,,86.1,68.8,53.4,38.4,24.5,11.8,,,,17.3,15.4,15.0,13.9,12.7,11.8,2023101361,2026.7.15,美浦,ストロングリターン,デルマオシマ,浅沼廣幸,ファニーヒルファーム,,
美浦,D,右,20260715,水,8:20,ヨドノサファイア,,牝,3,0,稲垣幸雄,,,,,89.7,71.2,55.3,39.4,24.6,11.6,,,,18.5,15.9,15.9,14.8,13.0,11.6,2023101825,2026.7.15,美浦,ジャスタウェイ,ヨドノグレイス,海原聖一,林農場,,
美浦,D,右,20260715,水,8:45,アイデアユー,,牡,3,0,鹿戸雄一,,,,,84.9,69.7,54.7,39.5,25.8,12.7,,,,15.2,15.0,15.2,13.7,13.1,12.7,2023101124,2026.7.15,美浦,シニスターミニスター,サンレーン,ゴドルフィン,ダーレー・ジャパン・ファーム,,
