場所,コース,回り,年月日,曜日,時刻,馬名,Ｃ,性別,年齢,収得賞金,調教師,10F,9F,8F,7F,6F,5F,4F,3F,2F,1F,Lap9,Lap8,Lap7,Lap6,Lap5,Lap4,Lap3,Lap2,Lap1,血統登録番号,日付S,所属,種牡馬名,母名,現馬主名,生産者名,関連データ,馬番/仮番(出馬表モード時のみ)
栗東,C,右,20260729,水,4:58,アクセス,,牡,3,400,上村洋行,,146.2,125.1,103.8,85.1,69.2,53.6,37.8,23.0,11.4,21.1,21.3,18.7,15.9,15.6,15.8,14.8,11.6,11.4,2023100947,2026.7.29,栗東,キセキ,トリニティプレイス,石川達絵,下河辺牧場,,
栗東,C,右,20260729,水,4:58,エイヨーアメジスト,,牝,4,900,高橋康之,,,,,,,54.8,38.8,23.8,11.6,,,,,,16.0,15.0,12.2,11.6,2022109145,2026.7.29,栗東,アレスバローズ,カシノアンバー,柳田英子,柏木務,,
栗東,C,右,20260729,水,4:58,ガビーズブラザー,,牡,4,400,牧田和弥,,142.7,120.9,99.3,81.3,67.2,52.8,38.0,24.3,12.1,21.8,21.6,18.0,14.1,14.4,14.8,13.7,12.2,12.1,2022104448,2026.7.29,栗東,アポロケンタッキー,アンジュデトワール,長島和彦,へいはた牧場,,
栗東,C,右,20260729,水,4:58,ガリアルダ,,牝,2,未出走,上村洋行,,142.4,121.2,100.8,82.4,67.2,52.4,37.0,23.1,11.6,21.2,20.4,18.4,15.2,14.8,15.4,13.9,11.5,11.6,2024106661,2026.7.29,栗東,サリオス,モーベット,シルクレーシング,ノーザンファーム,,
栗東,C,右,20260729,水,4:58,ソルテヴェローチェ,,牡,2,未出走,上村洋行,,145.5,124.7,103.1,84.7,68.9,53.5,37.7,23.0,11.3,20.8,21.6,18.4,15.8,15.4,15.8,14.7,11.7,11.3,2024106640,2026.7.29,栗東,マテラスカイ,ミニーアイル,"TO RACING",ノーザンファーム,,
栗東,C,右,20260729,水,4:58,テーオーパスワード,,牡,5,4700,高柳大輔,,139.5,119.2,98.0,79.4,64.4,50.5,36.0,22.4,11.1,20.3,21.2,18.6,15.0,13.9,14.5,13.6,11.3,11.1,2021102236,2026.7.29,栗東,コパノリッキー,テーオーレイチェル,小笹公也,ヤナガワ牧場,,
栗東,C,右,20260729,水,4:58,ディープナイト,,牡,2,未出走,牧田和弥,,142.5,121.5,100.1,82.1,67.9,53.6,38.7,25.0,12.7,21.0,21.4,18.0,14.2,14.3,14.9,13.7,12.3,12.7,2024100601,2026.7.29,栗東,シュヴァルグラン,ファーマフローラ,中西功,高山牧場,,
栗東,C,右,20260729,水,4:58,バッデレイト,,牡,5,1500,上村洋行,,143.1,121.9,101.3,83.0,67.6,52.7,37.2,23.2,11.7,21.2,20.6,18.3,15.4,14.9,15.5,14.0,11.5,11.7,2021102728,2026.7.29,栗東,サトノダイヤモンド,ビーウインド,杉山忠国,杵臼牧場,,
栗東,C,右,20260729,水,4:58,ファーングロット,,牡,4,900,上村洋行,,147.0,125.7,104.3,85.7,69.8,54.1,38.2,23.4,11.6,21.3,21.4,18.6,15.9,15.7,15.9,14.8,11.8,11.6,2022105280,2026.7.29,栗東,キズナ,カウアイレーン,社台レースホース,社台ファーム,,
栗東,C,右,20260729,水,4:58,ベルソテイラ,,牝,3,400,西村真幸,,138.4,117.1,97.1,80.1,65.9,52.2,38.2,24.9,12.8,21.3,20.0,17.0,14.2,13.7,14.0,13.3,12.1,12.8,2023102641,2026.7.29,栗東,ホッコータルマエ,ティープラズマ,宮崎俊也,ゴールドアップカンパニー,,
栗東,C,右,20260729,水,4:58,ラッキーバック,,牡,3,400,西村真幸,,139.1,117.5,97.9,81.5,67.3,52.9,38.3,24.3,12.4,21.6,19.6,16.4,14.2,14.4,14.6,14.0,11.9,12.4,2023100126,2026.7.29,栗東,タワーオブロンドン,ショレアドルチェ,吉田和美,さとう,,
栗東,C,右,20260729,水,4:58,リフラ,,牡,3,0,西村真幸,,138.0,116.4,96.9,80.6,66.3,52.0,37.5,23.7,12.1,21.6,19.5,16.3,14.3,14.3,14.5,13.8,11.6,12.1,2023106018,2026.7.29,栗東,シニスターミニスター,サンタテレサ,京都ホースレーシング,高橋フアーム,,
栗東,C,右,20260729,水,4:58,ヴィリアリート,,牝,4,1500,西村真幸,,136.8,115.6,96.3,79.8,65.4,51.3,37.1,23.5,12.0,21.2,19.3,16.5,14.4,14.1,14.2,13.6,11.5,12.0,2022105853,2026.7.29,栗東,ナダル,メリーウィドウ,シルクレーシング,社台コーポレーション白老ファーム,,
栗東,C,右,20260729,水,4:59,ガールズデイアウト,,牝,4,400,吉村圭司,,144.2,123.7,103.3,85.0,69.5,54.2,39.3,25.2,12.9,20.5,20.4,18.3,15.5,15.3,14.9,14.1,12.3,12.9,2022101706,2026.7.29,栗東,ニューイヤーズデイ,レディミドルトン,ゴドルフィン,ダーレー・ジャパン・ファーム,,
栗東,C,右,20260729,水,4:59,ギレイ,,牡,3,0,清水久詞,,145.2,124.4,103.4,84.7,68.8,53.8,38.6,24.2,12.0,20.8,21.0,18.7,15.9,15.0,15.2,14.4,12.2,12.0,2023103419,2026.7.29,栗東,ブリックスアンドモルタル,ザレマ,社台レースホース,社台ファーム,,
栗東,C,右,20260729,水,4:59,グランディア,,セ,7,5400,中内田充,,151.8,129.3,107.4,88.3,71.8,55.7,39.4,24.7,12.5,22.5,21.9,19.1,16.5,16.1,16.3,14.7,12.2,12.5,2019105302,2026.7.29,栗東,ハービンジャー,ディアデラノビア,キャロットファーム,ノーザンファーム,,
栗東,C,右,20260729,水,4:59,ダノンキラウェア,,牡,5,900,中内田充,,150.3,129.1,108.5,88.4,70.0,54.2,38.0,23.1,11.2,21.2,20.6,20.1,18.4,15.8,16.2,14.9,11.9,11.2,2021100171,2026.7.29,栗東,ロードカナロア,レキシールー,ダノックス,ケイアイファーム,,
栗東,C,右,20260729,水,4:59,チェリヴェント,,牡,3,900,清水久詞,,142.7,122.3,102.4,84.0,68.1,53.2,38.3,24.0,11.9,20.4,19.9,18.4,15.9,14.9,14.9,14.3,12.1,11.9,2023104387,2026.7.29,栗東,コントレイル,クリアリーコンフューズド,中村忠彦,ノースヒルズ,,
栗東,C,右,20260729,水,4:59,ツァレヴナ,,牝,3,400,野中賢二,,143.4,122.4,102.1,83.3,67.3,52.5,37.6,23.7,11.6,21.0,20.3,18.8,16.0,14.8,14.9,13.9,12.1,11.6,2023105677,2026.7.29,栗東,フィレンツェファイア,ミティル,カナヤマホールディングス,白井牧場,,
栗東,C,右,20260729,水,4:59,ニューオーリンズ,,牡,4,1500,杉山晴紀,,,,,,,51.4,36.7,23.1,11.4,,,,,,14.7,13.6,11.7,11.4,2022106920,2026.7.29,栗東,リアルスティール,ハニードント,薪浦州平,松浦牧場,,
栗東,C,右,20260729,水,4:59,パイロマンサー,,牡,3,3000,吉村圭司,,142.4,122.3,101.9,83.4,67.6,52.3,37.5,24.0,12.0,20.1,20.4,18.5,15.8,15.3,14.8,13.5,12.0,12.0,2023101134,2026.7.29,栗東,パイロ,セントリフュージ,ゴドルフィン,ダーレー・ジャパン・ファーム,,
栗東,C,右,20260729,水,4:59,ムーンパッセ,,牡,2,未出走,杉山晴紀,,,,,,,51.3,36.6,23.1,11.4,,,,,,14.7,13.5,11.7,11.4,2024100726,2026.7.29,栗東,コントレイル,オジョーノキセキ,井上香織,チャンピオンズファーム,,
栗東,C,右,20260729,水,4:59,リアンフィニ,,牝,2,未出走,野中賢二,,142.6,121.6,101.3,82.6,66.4,51.6,36.9,23.3,11.4,21.0,20.3,18.7,16.2,14.8,14.7,13.6,11.9,11.4,2024105976,2026.7.29,栗東,キズナ,ノヴァホーク,吉田千津,社台ファーム,,
栗東,C,右,20260729,水,5:02,クールミラボー,,牡,6,3600,寺島良,,,,,89.5,72.3,56.3,39.9,24.3,11.7,,,,17.2,16.0,16.4,15.6,12.6,11.7,2020103387,2026.7.29,栗東,ドレフォン,サンソヴール,G1レーシング,ノーザンファーム,,
栗東,C,右,20260729,水,5:03,アスゴッド,,牡,4,900,矢作芳人,,141.9,120.4,100.3,82.1,66.7,52.1,37.7,23.8,11.5,21.5,20.1,18.2,15.4,14.6,14.4,13.9,12.3,11.5,2022103704,2026.7.29,栗東,モズアスコット,ゴッドフロアー,広尾レース,木村秀則,,
栗東,C,右,20260729,水,5:03,カツラノキサノキ,,牡,5,900,庄野靖志,,142.3,120.8,101.6,84.7,68.3,53.3,37.6,23.4,12.0,21.5,19.2,16.9,16.4,15.0,15.7,14.2,11.4,12.0,2021101461,2026.7.29,栗東,リオンディーズ,イトハユリ,桂土地,庄野牧場,,
栗東,C,右,20260729,水,5:03,クアトロジャック,,牡,5,1500,庄野靖志,,144.9,123.8,104.5,86.2,69.5,54.5,38.4,23.9,12.4,21.1,19.3,18.3,16.7,15.0,16.1,14.5,11.5,12.4,2021106105,2026.7.29,栗東,マジェスティックウォリアー,ハマナス,月舘範行,オリエント牧場,,
栗東,C,右,20260729,水,5:04,クラテロス,,牝,3,0,寺島良,,,,,86.8,71.0,56.3,40.7,25.3,12.4,,,,15.8,14.7,15.6,15.4,12.9,12.4,2023105462,2026.7.29,栗東,ホッコータルマエ,ナイトレイン,市川義美ホールディングス,天羽禮治,,
栗東,C,右,20260729,水,5:04,グラディオール,,牝,3,0,寺島良,,,,,87.9,71.9,57.1,41.1,25.3,12.4,,,,16.0,14.8,16.0,15.8,12.9,12.4,2023106877,2026.7.29,栗東,リオンディーズ,インダクティ,サンデーレーシング,ノーザンファーム,,
栗東,C,右,20260729,水,5:04,シェーネエルデ,,牝,3,0,安田翔伍,,,,,,,54.1,38.3,23.8,11.6,,,,,,15.8,14.5,12.2,11.6,2023110001,2026.7.29,栗東,"St Mark's Basilica",Stacelita,社台レースホース,"Teruya Yoshida",,
栗東,C,右,20260729,水,5:04,シャーリーゴールド,,牝,5,400,佐藤悠太,,,,,82.8,67.4,52.7,37.4,23.4,11.9,,,,15.4,14.7,15.3,14.0,11.5,11.9,2021104918,2026.7.29,栗東,エピファネイア,ボニーゴールド,シルクレーシング,社台コーポレーション白老ファーム,,
栗東,C,右,20260729,水,5:04,ドリーペイル,,牡,2,未出走,佐藤悠太,,,,,82.2,66.8,52.3,37.3,23.6,12.1,,,,15.4,14.5,15.0,13.7,11.5,12.1,2024101321,2026.7.29,栗東,モーニン,スールマカロン,森岡大河,川向高橋育成牧場,,
栗東,C,右,20260729,水,5:04,ピューロマジック,,牝,5,9100,安田翔伍,,,,,,,53.4,37.8,23.4,11.3,,,,,,15.6,14.4,12.1,11.3,2021107058,2026.7.29,栗東,アジアエクスプレス,メジェルダ,スリーエイチレーシング,村田牧場,,
栗東,C,右,20260729,水,5:04,マーズエクレール,,牡,2,0,佐藤悠太,,,,,81.3,65.9,50.8,36.2,22.6,11.5,,,,15.4,15.1,14.6,13.6,11.1,11.5,2024106587,2026.7.29,栗東,アドマイヤマーズ,ベルエポック,DMMドリームクラブ,ノーザンファーム,,
栗東,C,右,20260729,水,5:04,レッドジルベスター,,牡,3,0,寺島良,,,,,86.0,70.2,55.8,40.5,25.2,12.5,,,,15.8,14.4,15.3,15.3,12.7,12.5,2023103598,2026.7.29,栗東,ニューイヤーズデイ,レッドカチューシャ,東京ホースレーシング,社台ファーム,,
栗東,C,右,20260729,水,5:06,ソルアモール,,牝,3,0,宮本博,,,,,,,53.1,37.9,24.2,12.2,,,,,,15.2,13.7,12.0,12.2,2023100906,2026.7.29,栗東,ドレフォン,エスカナール,下河辺牧場,下河辺牧場,,
栗東,C,右,20260729,水,5:07,アーディアイリ,,牝,3,400,緒方努,,139.1,119.7,100.8,83.9,67.9,53.8,39.4,25.5,12.9,19.4,18.9,16.9,16.0,14.1,14.4,13.9,12.6,12.9,2023102460,2026.7.29,栗東,クリソベリル,オースミマコ,村上憲政,岡田牧場,,
栗東,C,右,20260729,水,5:07,ルージュラボーテ,,牝,3,未出走,辻野泰之,,,,,95.9,71.1,54.3,38.7,24.4,12.3,,,,24.8,16.8,15.6,14.3,12.1,12.3,2023102249,2026.7.29,栗東,レイデオロ,レッドベレーザ,東京ホースレーシング,三嶋牧場,,
栗東,C,右,20260729,水,5:08,シエーナカラー,,牝,3,400,北出成人,,141.8,120.8,101.8,84.3,68.3,53.2,38.2,24.1,11.9,21.0,19.0,17.5,16.0,15.1,15.0,14.1,12.2,11.9,2023103169,2026.7.29,栗東,デクラレーションオブウォー,パーリオミノル,フジワラ・ファーム,フジワラフアーム,,
栗東,C,右,20260729,水,5:08,ミリオンカラー,,牝,2,未出走,北出成人,,142.7,121.4,102.2,84.6,68.5,53.3,38.5,24.2,12.0,21.3,19.2,17.6,16.1,15.2,14.8,14.3,12.2,12.0,2024104727,2026.7.29,栗東,カラヴァッジオ,ミリオンセラー2,飯田貴大,千代田牧場,,
栗東,C,右,20260729,水,5:09,クァンタムウェーブ,,牡,4,1320,松永幹夫,,144.5,122.6,100.8,82.0,66.6,51.1,35.8,22.6,11.5,21.9,21.8,18.8,15.4,15.5,15.3,13.2,11.1,11.5,2022106395,2026.7.29,栗東,ナダル,クァンタムミス,キャロットファーム,田端牧場,,
栗東,C,右,20260729,水,5:09,ハワイアンティアレ,,牝,5,1500,松永幹夫,,147.3,123.7,102.3,83.8,67.7,51.8,36.3,22.9,11.7,23.6,21.4,18.5,16.1,15.9,15.5,13.4,11.2,11.7,2021105255,2026.7.29,栗東,ロードカナロア,モアニケアラ,名古屋友豊,社台ファーム,,
栗東,C,右,20260729,水,5:09,ヴィスコンテッサ,,牝,3,400,松永幹夫,,148.4,125.0,103.5,84.9,68.6,52.6,36.9,23.1,11.7,23.4,21.5,18.6,16.3,16.0,15.7,13.8,11.4,11.7,2023107244,2026.7.29,栗東,シルバーステート,マルケッサ,キャロットファーム,ノーザンファーム,,
栗東,C,右,20260729,水,5:10,エコロディアン,,牝,3,0,牧浦充徳,,143.2,122.9,103.8,85.8,69.7,54.7,39.5,25.3,12.7,20.3,19.1,18.0,16.1,15.0,15.2,14.2,12.6,12.7,2023107273,2026.7.29,栗東,シスキン,メッシーナ,原村正紀,ノーザンファーム,,
栗東,C,右,20260729,水,5:10,パノラマステージ,,牝,3,0,牧浦充徳,,143.7,123.2,104.1,86.1,69.9,54.9,39.8,25.4,12.8,20.5,19.1,18.0,16.2,15.0,15.1,14.4,12.6,12.8,2023107072,2026.7.29,栗東,レイデオロ,スターリーステージ,吉田勝己,ノーザンファーム,,
栗東,C,右,20260729,水,5:11,デルアヴァー,,牡,4,1500,松永幹夫,,135.6,118.1,99.2,82.2,67.2,52.6,38.4,24.4,12.1,17.5,18.9,17.0,15.0,14.6,14.2,14.0,12.3,12.1,2022110054,2026.7.29,栗東,Frankel,"Amour Briller",前田幸治,"North Hills Co.",,
栗東,C,右,20260729,水,5:13,スマートティアナ,,牝,3,400,石橋守,,155.4,131.6,109.9,90.3,73.1,55.5,39.6,24.9,12.1,23.8,21.7,19.6,17.2,17.6,15.9,14.7,12.8,12.1,2023102225,2026.7.29,栗東,シルバーステート,スマートオーシャン,大川徹,三嶋牧場,,
栗東,C,右,20260729,水,5:14,サマーアゲイン,,牡,5,900,渡辺薫彦,,162.2,134.6,109.2,88.4,70.9,55.4,40.2,25.6,12.9,27.6,25.4,20.8,17.5,15.5,15.2,14.6,12.7,12.9,2021104669,2026.7.29,栗東,キズナ,アントワープ,glitterG,上水牧場,,
栗東,C,右,20260729,水,5:16,ポッドロゴ,,牡,5,3800,西園翔太,,156.6,134.0,110.7,88.8,70.9,54.7,38.4,23.1,11.3,22.6,23.3,21.9,17.9,16.2,16.3,15.3,11.8,11.3,2021104873,2026.7.29,栗東,ロゴタイプ,スクラッタ,小川眞査雄,社台コーポレーション白老ファーム,,
栗東,C,右,20260729,水,5:18,アバットゥータ,,牡,4,0,中竹和也,,,,,82.9,67.0,52.6,38.3,24.5,12.3,,,,15.9,14.4,14.3,13.8,12.2,12.3,2022101139,2026.7.29,栗東,ハービンジャー,グッディー,加藤誠,ヴェルサイユファーム,,
栗東,C,右,20260729,水,5:19,キングケープ,,牡,3,400,大橋勇樹,,151.0,126.4,104.0,83.4,67.2,51.5,36.6,23.0,11.7,24.6,22.4,20.6,16.2,15.7,14.9,13.6,11.3,11.7,2023102990,2026.7.29,栗東,フィエールマン,グリーンケープ,伊藤裕章,友田牧場,,
栗東,C,右,20260729,水,5:19,タイガースパーク,,牡,6,900,大橋勇樹,,149.6,125.4,103.7,84.0,67.9,52.2,37.3,23.9,12.4,24.2,21.7,19.7,16.1,15.7,14.9,13.4,11.5,12.4,2020104561,2026.7.29,栗東,リオンディーズ,アビイロード,伊藤和夫,友田牧場,,
栗東,C,右,20260729,水,5:19,ナムラコスモス,,牝,3,1950,大橋勇樹,,147.8,123.6,102.3,82.9,66.6,50.9,36.1,22.8,11.6,24.2,21.3,19.4,16.3,15.7,14.8,13.3,11.2,11.6,2023106227,2026.7.29,栗東,ダノンプレミアム,ナムラリコリス,奈村睦弘,ヒダカシーサイドファーム,,
栗東,C,右,20260729,水,5:21,カレントゥルーシー,,牡,3,900,鈴木孝志,,193.4,132.2,101.8,81.9,66.4,52.0,37.2,23.5,12.1,61.2,30.4,19.9,15.5,14.4,14.8,13.7,11.4,12.1,2023100553,2026.7.29,栗東,サングレーザー,カレンシリエージョ,鈴木隆司,びらとり牧場,,
栗東,C,右,20260729,水,5:21,タガノプトゥリ,,牝,3,0,鈴木孝志,,189.8,130.3,103.5,83.9,67.9,53.0,37.8,23.6,11.9,59.5,26.8,19.6,16.0,14.9,15.2,14.2,11.7,11.9,2023104321,2026.7.29,栗東,ヘンリーバローズ,タガノグリュック,八木良司,新冠タガノファーム,,
栗東,C,右,20260729,水,5:21,パシアンジェンヌ,,牝,2,未出走,鈴木孝志,,192.1,131.3,103.6,83.9,68.0,53.0,37.9,23.7,11.9,60.8,27.7,19.7,15.9,15.0,15.1,14.2,11.8,11.9,2024105160,2026.7.29,栗東,フィレンツェファイア,カメリアテソーロ,吉田智,小河ファーム,,
栗東,C,右,20260729,水,5:21,メイショウアゴナス,,牡,4,400,本田優,,149.5,126.0,104.4,84.7,67.7,51.8,36.4,22.7,11.6,23.5,21.6,19.7,17.0,15.9,15.4,13.7,11.1,11.6,2022103263,2026.7.29,栗東,スワーヴリチャード,メイショウブーケ,松本好隆,三嶋牧場,,
栗東,C,右,20260729,水,5:21,メイショウコガシラ,,牡,6,1500,本田優,,147.7,125.7,104.5,85.0,68.1,52.1,36.8,23.1,11.8,22.0,21.2,19.5,16.9,16.0,15.3,13.7,11.3,11.8,2020100979,2026.7.29,栗東,メイショウボーラー,マイラッキー,松本好隆,村下明博,,
栗東,C,右,20260729,水,5:21,メイショウジンソウ,,牡,3,未出走,本田優,,146.3,124.4,103.7,84.1,67.2,51.5,36.5,23.1,11.9,21.9,20.7,19.6,16.9,15.7,15.0,13.4,11.2,11.9,2023101043,2026.7.29,栗東,ゴールドドリーム,スイートマルセル,松本好隆,シンボリ牧場,,
栗東,C,右,20260729,水,5:22,ジーティーマンフク,,牡,2,未出走,四位洋文,,,,,,,55.9,39.6,24.4,11.6,,,,,,16.3,15.2,12.8,11.6,2024102891,2026.7.29,栗東,スワーヴリチャード,ポエティックレガシー,田畑利彦,吉田ファーム,,
栗東,C,右,20260729,水,5:22,ダンツカレン,,牝,3,0,四位洋文,,142.6,121.5,101.8,83.3,67.6,52.0,36.6,23.0,11.5,21.1,19.7,18.5,15.7,15.6,15.4,13.6,11.5,11.5,2023104337,2026.7.29,栗東,サートゥルナーリア,ウインジュビリー,山元哲二,新冠橋本牧場,,
栗東,C,右,20260729,水,5:22,ティエラレイナ,,牝,3,400,四位洋文,,143.4,122.2,102.5,84.0,68.2,52.5,37.0,23.3,11.7,21.2,19.7,18.5,15.8,15.7,15.5,13.7,11.6,11.7,2023104861,2026.7.29,栗東,ナダル,エルパンドール,インゼルレーシング,杵臼牧場,,
栗東,C,右,20260729,水,5:22,ディープサミット,,牡,4,400,四位洋文,,141.1,120.3,100.8,82.2,66.5,51.1,35.7,22.5,11.4,20.8,19.5,18.6,15.7,15.4,15.4,13.2,11.1,11.4,2022100044,2026.7.29,栗東,デクラレーションオブウォー,ハミングライフ,深見敏男,梅田牧場,,
栗東,C,右,20260729,水,5:23,エクストラプッシュ,,牡,3,400,奥村豊,,,,,85.3,68.9,54.1,38.3,23.4,11.9,,,,16.4,14.8,15.8,14.9,11.5,11.9,2023105329,2026.7.29,栗東,ナダル,ヘアケイリー,亀井哲也,ノーザンファーム,,
栗東,C,右,20260729,水,5:23,オオアバレ,,牡,3,0,奥村豊,,,,,84.7,68.3,53.6,37.9,23.1,11.8,,,,16.4,14.7,15.7,14.8,11.3,11.8,2023105916,2026.7.29,栗東,ゴールドドリーム,イントゥゾーン,幅田京子,絵笛牧場,,
栗東,C,右,20260729,水,5:23,スターアスコット,,牝,3,0,奥村豊,,,,,84.0,67.7,53.1,37.6,23.0,11.7,,,,16.3,14.6,15.5,14.6,11.3,11.7,2023100130,2026.7.29,栗東,モズアスコット,ハーバーコメット,会田浩史,さとう,,
栗東,C,右,20260729,水,5:25,ジーティーピカソ,,牡,3,0,宮地貴稔,,141.4,119.1,98.4,81.2,66.1,51.7,37.5,23.8,11.9,22.3,20.7,17.2,15.1,14.4,14.2,13.7,11.9,11.9,2023102092,2026.7.29,栗東,ヴァンゴッホ,プレインズウーマン,田畑利彦,谷川牧場,,
栗東,C,右,20260729,水,5:25,ティフォシ,,牡,2,未出走,宮地貴稔,,143.3,121.0,100.5,83.5,68.7,53.6,38.9,24.6,12.0,22.3,20.5,17.0,14.8,15.1,14.7,14.3,12.6,12.0,2024103816,2026.7.29,栗東,サリオス,ブランダルジャン,マイスタリオン,三村卓也,,
栗東,C,右,20260729,水,5:25,バガン,,牡,8,900,宮地貴稔,,140.3,118.4,98.3,81.7,66.5,52.5,38.7,24.9,12.6,21.9,20.1,16.6,15.2,14.0,13.8,13.8,12.3,12.6,2018106354,2026.7.29,栗東,バゴ,トーコーユズキ,カナヤマホールディングス,辻牧場,,
栗東,C,右,20260729,水,5:29,コルレオニス,,牡,5,1500,友道康夫,,144.3,120.6,99.8,81.4,65.2,50.2,36.2,23.3,11.7,23.7,20.8,18.4,16.2,15.0,14.0,12.9,11.6,11.7,2021105704,2026.7.29,栗東,レイデオロ,ヒストリックスター,キャロットファーム,ノーザンファーム,,
栗東,C,右,20260729,水,5:29,ローズラフィネ,,牝,3,0,友道康夫,,137.8,118.1,98.5,80.4,65.3,50.8,36.5,22.9,11.4,19.7,19.6,18.1,15.1,14.5,14.3,13.6,11.5,11.4,2023100998,2026.7.29,栗東,エピファネイア,ニーナドレス,平井裕,白井牧場,,
栗東,C,右,20260729,水,5:30,カナタコナタ,,牡,3,900,高橋一哉,,139.1,119.5,100.3,83.2,67.9,53.2,38.0,23.8,11.9,19.6,19.2,17.1,15.3,14.7,15.2,14.2,11.9,11.9,2023104700,2026.7.29,栗東,ゴールドドリーム,ツカサリボン,花井栄治,メイタイファーム,,
栗東,C,右,20260729,水,5:30,コパノマハロ,,牝,2,未出走,宮徹,,,,,87.4,69.3,53.2,37.7,23.5,11.8,,,,18.1,16.1,15.5,14.2,11.7,11.8,2024102103,2026.7.29,栗東,リオンディーズ,スールキートス,小林祥晃,日進牧場,,
栗東,C,右,20260729,水,5:30,ダンスコマンド,,牡,2,未出走,高橋一哉,,137.3,117.7,98.6,81.3,66.2,51.7,37.3,23.6,11.7,19.6,19.1,17.3,15.1,14.5,14.4,13.7,11.9,11.7,2024105941,2026.7.29,栗東,マインドユアビスケッツ,ダンサーデスティネイション,社台レースホース,社台ファーム,,
栗東,C,右,20260729,水,5:30,ノンヴェドローラ,,牝,2,未出走,宮徹,,,,,86.8,68.8,52.8,37.4,23.4,11.7,,,,18.0,16.0,15.4,14.0,11.7,11.7,2024103582,2026.7.29,栗東,ベンバトル,エントリーチケット,サラブレッドクラブ・ラフィアン,ビッグレッドファーム,,
栗東,C,右,20260729,水,5:30,パーフェクトパティ,,牝,3,未出走,高橋一哉,,138.3,118.8,99.7,82.4,67.4,52.7,37.9,23.8,11.9,19.5,19.1,17.3,15.0,14.7,14.8,14.1,11.9,11.9,2023106365,2026.7.29,栗東,アメリカンペイトリオット,スウィートアンドフローレス,フクキタル,パカパカファーム,,
栗東,C,右,20260729,水,5:31,ケーブパール,,牝,5,1500,友道康夫,,,,,92.7,71.7,53.3,37.4,23.0,11.3,,,,21.0,18.4,15.9,14.4,11.7,11.3,2021105161,2026.7.29,栗東,ブリックスアンドモルタル,ハナレイムーン,金子真人ホールディングス,社台ファーム,,
栗東,C,右,20260729,水,5:31,ソーニーイシュー,,牡,5,2400,千田輝彦,,,,,86.6,70.1,54.5,38.7,24.1,12.0,,,,16.5,15.6,15.8,14.6,12.1,12.0,2021101705,2026.7.29,栗東,シニスターミニスター,ローズストリート,ゴドルフィン,ダーレー・ジャパン・ファーム,,
栗東,C,右,20260729,水,5:32,カミノトップワン,,牡,3,0,千田輝彦,,,,,87.1,69.4,55.1,40.9,25.9,12.7,,,,17.7,14.3,14.2,15.0,13.2,12.7,2023109054,2026.7.29,栗東,ウインバリアシオン,アイーダ,村上正喜,ワールドファーム,,
栗東,C,右,20260729,水,5:32,ディアナザール,,牡,4,2400,斉藤崇史,,144.5,124.0,104.0,85.4,69.3,53.8,38.3,23.5,11.3,20.5,20.0,18.6,16.1,15.5,15.5,14.8,12.2,11.3,2022104933,2026.7.29,栗東,ロードカナロア,ドナウブルー,サンデーレーシング,ノーザンファーム,,
栗東,C,右,20260729,水,5:32,ビービーシナジー,,牡,3,0,千田輝彦,,,,,87.2,70.3,55.6,40.4,24.9,12.0,,,,16.9,14.7,15.2,15.5,12.9,12.0,2023100552,2026.7.29,栗東,グレーターロンドン,リンピッドドラゴン,坂東牧場,坂東牧場,,
栗東,C,右,20260729,水,5:32,ララファキュルテ,,牡,3,400,斉藤崇史,,147.1,125.5,104.7,86.0,69.7,54.1,38.6,23.7,11.4,21.6,20.8,18.7,16.3,15.6,15.5,14.9,12.3,11.4,2023102845,2026.7.29,栗東,シスキン,ビットレート,フジイ興産,田中裕之,,
栗東,C,右,20260729,水,5:33,ビジュアライズ,,牡,3,0,斉藤崇史,,141.5,120.9,100.4,83.1,67.9,52.7,37.1,23.1,11.4,20.6,20.5,17.3,15.2,15.2,15.6,14.0,11.7,11.4,2023102222,2026.7.29,栗東,キズナ,サークリング2,キャロットファーム,三嶋牧場,,
栗東,C,右,20260729,水,5:33,フォーシーファイン,,牡,3,0,斉藤崇史,,143.3,122.0,101.4,84.1,68.7,53.5,37.9,23.7,11.7,21.3,20.6,17.3,15.4,15.2,15.6,14.2,12.0,11.7,2023105316,2026.7.29,栗東,サトノダイヤモンド,ハーレクイーン,早野誠,ノーザンファーム,,
栗東,C,右,20260729,水,5:33,レッドリガーレ,,牡,3,400,斉藤崇史,,142.8,121.6,101.0,83.6,68.4,53.1,37.5,23.3,11.6,21.2,20.6,17.4,15.2,15.3,15.6,14.2,11.7,11.6,2023106614,2026.7.29,栗東,モーリス,ペイフォワード,東京ホースレーシング,杵臼牧場,,
栗東,C,右,20260729,水,5:33,ワイルドチャーム,,牝,3,0,千田輝彦,,,,,93.7,74.0,57.3,40.8,25.3,12.4,,,,19.7,16.7,16.5,15.5,12.9,12.4,2023105350,2026.7.29,栗東,サートゥルナーリア,グァカモーレ,長谷川祐司,辻牧場,,
栗東,C,右,20260729,水,5:38,エルヴィオラ,,牝,3,未出走,畑端省吾,,141.1,120.3,101.1,82.7,66.0,50.8,36.2,22.8,11.5,20.8,19.2,18.4,16.7,15.2,14.6,13.4,11.3,11.5,2023100700,2026.7.29,栗東,ナダル,アイドルバイオ,大塚亮一,沖田牧場,,
栗東,C,右,20260729,水,5:38,シンビリーブ,,牡,4,1500,森秀行,,141.1,120.6,100.6,83.0,68.5,54.1,38.7,23.7,11.7,20.5,20.0,17.6,14.5,14.4,15.4,15.0,12.0,11.7,2022110115,2026.7.29,栗東,Constitution,"Sand Puce",藤田晋,"Don Alberto Corporation",,
栗東,C,右,20260729,水,5:38,スマートグロワール,,牡,3,400,畑端省吾,,142.0,120.8,101.6,83.0,66.5,51.2,36.4,22.9,11.5,21.2,19.2,18.6,16.5,15.3,14.8,13.5,11.4,11.5,2023102752,2026.7.29,栗東,デクラレーションオブウォー,アンフィデルマール,大川徹,静内山田牧場,,
栗東,C,右,20260729,水,5:42,グランセンチュリ,,牡,3,未出走,庄野靖志,,144.4,121.2,99.8,82.0,67.7,52.6,37.6,24.0,12.1,23.2,21.4,17.8,14.3,15.1,15.0,13.6,11.9,12.1,2023101990,2026.7.29,栗東,パイロ,グランシュクレ,間宮秀直,カナイシスタッド,,
栗東,C,右,20260729,水,5:44,メイショウビストロ,,牡,4,400,岡田稲男,,142.5,121.0,100.6,82.7,67.5,52.3,37.1,23.3,11.7,21.5,20.4,17.9,15.2,15.2,15.2,13.8,11.6,11.7,2022103251,2026.7.29,栗東,カリフォルニアクローム,メイショウオワラ,松本好隆,三嶋牧場,,
栗東,C,右,20260729,水,5:47,メイショウヒタカミ,,牡,3,0,石橋守,,149.0,128.6,107.6,87.9,70.5,54.8,39.1,24.1,12.0,20.4,21.0,19.7,17.4,15.7,15.7,15.0,12.1,12.0,2023102245,2026.7.29,栗東,フィエールマン,メイショウラッシュ,松本好隆,三嶋牧場,,
栗東,C,右,20260729,水,5:49,サンマルノヴェル,,牡,4,900,大橋勇樹,,150.3,126.7,105.0,84.5,68.4,53.1,37.5,22.8,11.0,23.6,21.7,20.5,16.1,15.3,15.6,14.7,11.8,11.0,2022102716,2026.7.29,栗東,ノヴェリスト,サンマルアリュール,相馬勇,木戸口牧場,,
栗東,C,右,20260729,水,5:49,ジューンアヲニヨシ,,牡,6,3800,松下武士,,150.4,126.5,102.4,82.0,66.8,52.3,37.0,23.0,11.6,23.9,24.1,20.4,15.2,14.5,15.3,14.0,11.4,11.6,2020100912,2026.7.29,栗東,キズナ,オールブランニュー,吉川潤,ヒダカフアーム,,
栗東,C,右,20260729,水,5:52,テーオーレガシー,,牡,6,900,宮徹,,134.7,116.7,98.4,81.7,67.4,52.8,38.0,24.0,12.0,18.0,18.3,16.7,14.3,14.6,14.8,14.0,12.0,12.0,2020100604,2026.7.29,栗東,ダンカーク,ココモオレンジ,小笹公也,大島牧場,,
栗東,C,右,20260729,水,6:22,シャンドラテ,,牝,3,0,高橋康之,,,,,,,55.1,38.3,23.8,11.8,,,,,,16.8,14.5,12.0,11.8,2023101082,2026.7.29,栗東,シャンハイボビー,トーホウシンバル,KAJIMOTOホールディングス,竹島幸治,,
栗東,C,右,20260729,水,6:22,ジャミールアイン,,牝,3,0,藤原英昭,,,,,,65.2,50.7,36.4,23.0,11.7,,,,,14.5,14.3,13.4,11.3,11.7,2023107139,2026.7.29,栗東,ドレフォン,ドバイマジェスティ,サンデーレーシング,ノーザンファーム,,
栗東,C,右,20260729,水,6:22,レニュアージュ,,牝,2,未出走,藤原英昭,,,,,,64.7,50.3,36.1,22.8,11.6,,,,,14.4,14.2,13.3,11.2,11.6,2024106355,2026.7.29,栗東,コントレイル,シャンパンルーム,シルクレーシング,ノーザンファーム,,
栗東,C,右,20260729,水,6:23,コンテスタード,,牝,2,未出走,渡辺薫彦,,133.4,116.2,97.5,81.0,66.6,52.2,37.4,24.1,12.1,17.2,18.7,16.5,14.4,14.4,14.8,13.3,12.0,12.1,2024106546,2026.7.29,栗東,リアルスティール,フォークテイル,サンデーレーシング,ノーザンファーム,,
栗東,C,右,20260729,水,6:23,トリーア,,牝,3,0,渡辺薫彦,,134.7,116.9,97.9,81.3,67.1,52.5,37.6,24.0,12.0,17.8,19.0,16.6,14.2,14.6,14.9,13.6,12.0,12.0,2023106282,2026.7.29,栗東,マジェスティックウォリアー,ウィッシュハピネス,ノースヒルズ,ノースヒルズ,,
栗東,C,右,20260729,水,6:23,ラヴェンデル,,牝,4,900,吉村圭司,,,,,84.9,68.8,53.6,38.5,24.4,11.8,,,,16.1,15.2,15.1,14.1,12.6,11.8,2022106637,2026.7.29,栗東,キンシャサノキセキ,ザナ,ノースヒルズ,ノースヒルズ,,
栗東,C,右,20260729,水,6:24,ウィンザーローズ,,牝,2,未出走,吉村圭司,,142.0,120.8,100.5,83.5,67.7,52.6,37.9,24.1,12.1,21.2,20.3,17.0,15.8,15.1,14.7,13.8,12.0,12.1,2024107238,2026.7.29,栗東,"Too Darn Hot",レキンドル,川下竜彦,木村秀則,,
栗東,C,右,20260729,水,6:24,エコロヴァルツ,,牡,5,6000,牧浦充徳,,141.2,121.5,102.1,83.9,67.1,52.3,37.3,23.1,11.6,19.7,19.4,18.2,16.8,14.8,15.0,14.2,11.5,11.6,2021101436,2026.7.29,栗東,ブラックタイド,プティプランセス,原村正紀,下河辺牧場,,
栗東,C,右,20260729,水,6:24,オリンポスカズマ,,牡,6,400,平田修,,142.6,121.9,101.2,83.5,68.8,54.0,38.3,24.0,12.4,20.7,20.7,17.7,14.7,14.8,15.7,14.3,11.6,12.4,2020102013,2026.7.29,栗東,ヴィクトワールピサ,サクラサクラサクラ,吉田和美,野島牧場,,
栗東,C,右,20260729,水,6:24,グレートアゲイン,,牡,3,0,牧浦充徳,,142.9,123.1,103.0,84.5,67.8,52.8,37.4,23.2,11.6,19.8,20.1,18.5,16.7,15.0,15.4,14.2,11.6,11.6,2023100567,2026.7.29,栗東,バンドワゴン,ハッピーロングラン,馬場幸夫,雅牧場,,
栗東,C,右,20260729,水,6:24,サトノアイボリー,,牡,3,900,杉山晴紀,,141.2,121.4,101.0,83.1,66.6,52.3,37.3,23.3,11.7,19.8,20.4,17.9,16.5,14.3,15.0,14.0,11.6,11.7,2023105380,2026.7.29,栗東,エピファネイア,ホエールキャプチャ,里見治,千代田牧場,,
栗東,C,右,20260729,水,6:24,ジャスティンルマン,,牡,3,400,杉山晴紀,,141.2,118.9,98.6,80.5,65.6,51.1,36.3,23.0,11.9,22.3,20.3,18.1,14.9,14.5,14.8,13.3,11.1,11.9,2023106874,2026.7.29,栗東,スワーヴリチャード,イルーシヴハピネス,三木正浩,ノーザンファーム,,
栗東,C,右,20260729,水,6:24,ドンテスタマスター,,牡,3,0,杉山晴紀,,135.6,117.8,99.3,82.0,66.5,51.8,36.9,23.1,11.6,17.8,18.5,17.3,15.5,14.7,14.9,13.8,11.5,11.6,2023105789,2026.7.29,栗東,コントレイル,インディアナギャル,藤田晋,ケイアイファーム,,
栗東,C,右,20260729,水,6:24,ニシノエビガタメ,,牡,3,0,吉村圭司,,142.5,121.3,101.2,83.9,68.3,53.1,38.2,24.2,12.1,21.2,20.1,17.3,15.6,15.2,14.9,14.0,12.1,12.1,2023106271,2026.7.29,栗東,シルバーステート,タッチオブピンク,西山茂行,村上欽哉,,
栗東,C,右,20260729,水,6:24,メルカントゥール,,牡,3,1650,杉山晴紀,,133.7,115.7,97.4,80.5,65.3,50.7,36.1,22.4,11.2,18.0,18.3,16.9,15.2,14.6,14.6,13.7,11.2,11.2,2023105303,2026.7.29,栗東,ルヴァンスレーヴ,セラドン,フォレストレーシング,ノーザンファーム,,
栗東,C,右,20260729,水,6:24,ヨシノヤッタルデー,,牡,5,900,中竹和也,,140.8,120.7,99.8,82.2,67.4,52.8,37.4,23.2,11.7,20.1,20.9,17.6,14.8,14.6,15.4,14.2,11.5,11.7,2021102336,2026.7.29,栗東,ファインニードル,ナムラバイオレット,清水義徳,川向高橋育成牧場,,
栗東,C,右,20260729,水,6:24,リッケンバッカー,,牡,8,1150,西村真幸,,139.6,119.4,99.1,81.4,66.6,52.1,37.2,23.2,11.7,20.2,20.3,17.7,14.8,14.5,14.9,14.0,11.5,11.7,2018103590,2026.7.29,栗東,ロードカナロア,シティウェルズ,安原浩司,岡田牧場,,
栗東,C,右,20260729,水,6:24,リベッチオ,,牡,3,900,杉山晴紀,,134.9,117.0,98.4,81.3,65.8,51.2,36.5,22.8,11.3,17.9,18.6,17.1,15.5,14.6,14.7,13.7,11.5,11.3,2023107082,2026.7.29,栗東,ルヴァンスレーヴ,スーブレット,シルクレーシング,ノーザンファーム,,
栗東,C,右,20260729,水,6:25,カレンワッツアップ,,牡,5,900,小林真也,,144.8,124.0,104.2,86.2,70.9,56.1,40.1,25.0,12.2,20.8,19.8,18.0,15.3,14.8,16.0,15.1,12.8,12.2,2021104321,2026.7.29,栗東,キズナ,ホワットアスポット,鈴木隆司,服部牧場,,
栗東,C,右,20260729,水,6:25,キントラダンサー,,牝,4,900,長谷川浩,,140.4,120.1,100.0,82.3,66.3,51.5,37.0,23.0,11.3,20.3,20.1,17.7,16.0,14.8,14.5,14.0,11.7,11.3,2022104387,2026.7.29,栗東,キタサンブラック,キントラ,三木久史,フジワラフアーム,,
栗東,C,右,20260729,水,6:25,テンエースワン,,牡,5,900,大久保龍,,141.6,121.8,101.9,83.2,67.7,52.6,38.0,24.4,12.5,19.8,19.9,18.7,15.5,15.1,14.6,13.6,11.9,12.5,2021105637,2026.7.29,栗東,ワールドエース,ダイワオンディーヌ,天白泰司,ノーザンファーム,,
栗東,C,右,20260729,水,6:25,バルフルール,,牝,3,0,長谷川浩,,145.9,125.7,105.7,86.9,70.3,54.5,38.8,24.6,12.1,20.2,20.0,18.8,16.6,15.8,15.7,14.2,12.5,12.1,2023106909,2026.7.29,栗東,"Saxon Warrior",ヴォーセル,キャロットファーム,ノーザンファーム,,
栗東,C,右,20260729,水,6:25,マーゴットユーカー,,牝,2,未出走,小林真也,,143.3,122.9,103.0,85.1,69.9,55.3,39.5,24.4,11.6,20.4,19.9,17.9,15.2,14.6,15.8,15.1,12.8,11.6,2024106214,2026.7.29,栗東,サリオス,エクシードリミッツ,前田良平,ノーザンファーム,,
栗東,C,右,20260729,水,6:25,ミッキーコンドル,,牡,4,400,大久保龍,,139.9,119.9,100.4,81.4,66.1,51.1,36.8,23.6,12.1,20.0,19.5,19.0,15.3,15.0,14.3,13.2,11.5,12.1,2022102429,2026.7.29,栗東,ミッキースワロー,ミッキーディナシー,野田みづき,坂東牧場,,
栗東,C,右,20260729,水,6:27,アイゼンハイム,,牡,3,0,辻野泰之,,,,,88.0,69.2,54.3,38.8,24.0,11.7,,,,18.8,14.9,15.5,14.8,12.3,11.7,2023100020,2026.7.29,栗東,サートゥルナーリア,ベラルーナ,江馬由将,上村清志,,
栗東,C,右,20260729,水,6:27,ラヴィアンコール,,牡,3,0,辻野泰之,,,,,89.3,71.1,55.3,38.9,23.9,11.6,,,,18.2,15.8,16.4,15.0,12.3,11.6,2023101006,2026.7.29,栗東,キセキ,ラヴィーゲラン,ノルマンディーサラブレッドレーシング,白井牧場,,
栗東,C,右,20260729,水,6:30,ジャスパートレノ,,牡,2,未出走,森秀行,,135.9,115.5,96.6,80.0,65.1,51.3,37.4,24.2,12.4,20.4,18.9,16.6,14.9,13.8,13.9,13.2,11.8,12.4,2024108325,2026.7.29,栗東,Mitole,Yako,加藤和夫,"Brandywine Farm (Jim & Pam Robinson)",,
栗東,C,右,20260729,水,6:30,リーチツモドライチ,,牡,2,未出走,森秀行,,136.6,116.2,97.3,80.7,65.8,51.9,38.0,24.9,13.0,20.4,18.9,16.6,14.9,13.9,13.9,13.1,11.9,13.0,2024108321,2026.7.29,栗東,"Life Is Good","Ask Bailey",藤田晋,"Mulholland Springs LLC Long Shot LLC & Dr. Rocky M. Mason",,
栗東,C,右,20260729,水,6:36,フランクスピード,,牝,4,400,加藤公太,,129.7,112.2,95.6,80.0,65.6,51.8,37.9,24.5,12.3,17.5,16.6,15.6,14.4,13.8,13.9,13.4,12.2,12.3,2022104648,2026.7.29,栗東,Frankel,インピード,キャロットファーム,ノーザンファーム,,
栗東,C,右,20260729,水,6:38,ワイノナオミ,,牝,5,900,畑端省吾,,158.1,129.1,104.1,83.5,66.6,51.5,36.2,22.7,11.5,29.0,25.0,20.6,16.9,15.1,15.3,13.5,11.2,11.5,2021105973,2026.7.29,栗東,ドレフォン,ボクノナオミ,塩澤正樹,レイクヴィラファーム,,
栗東,C,右,20260729,水,6:44,ドラゴンバルド,,牡,2,未出走,福永祐一,,,,,80.3,65.0,51.3,36.9,22.9,11.5,,,,15.3,13.7,14.4,14.0,11.4,11.5,2024106649,2026.7.29,栗東,コントレイル,メチャコルタ,窪田芳郎,ノーザンファーム,,
栗東,C,右,20260729,水,6:44,ブロンザイト,,牡,3,0,福永祐一,,,,,81.5,66.1,52.4,37.9,23.9,12.2,,,,15.4,13.7,14.5,14.0,11.7,12.2,2023106979,2026.7.29,栗東,クリソベリル,クルークハイト,キャロットファーム,ノーザンファーム,,
栗東,C,右,20260729,水,6:46,オスカーレイア,,牝,2,0,秋山真一,,,,,92.3,73.8,56.1,39.8,24.9,12.6,,,,18.5,17.7,16.3,14.9,12.3,12.6,2024100727,2026.7.29,栗東,キズナ,オスカールビー,森保彦,チャンピオンズファーム,,
栗東,C,右,20260729,水,6:46,タワワ,,牝,3,0,秋山真一,,,,,92.6,73.9,56.2,39.9,24.9,12.5,,,,18.7,17.7,16.3,15.0,12.4,12.5,2023103643,2026.7.29,栗東,タワーオブロンドン,プリンセスカメリア,ニッシンホールディングス,市川牧場,,
栗東,C,右,20260729,水,6:46,リボンロゼッタ,,牝,2,未出走,秋山真一,,,,,91.4,73.4,55.7,39.5,24.9,12.7,,,,18.0,17.7,16.2,14.6,12.2,12.7,2024101153,2026.7.29,栗東,ミッキーアイル,リボーン,ノルマンディーサラブレッドレーシング,モリナガファーム,,
栗東,C,右,20260729,水,6:47,マーゴットレジーナ,,牝,4,400,小林真也,,144.0,122.2,101.3,82.0,66.9,52.4,37.2,23.9,12.1,21.8,20.9,19.3,15.1,14.5,15.2,13.3,11.8,12.1,2022101400,2026.7.29,栗東,モーリス,カーリンホーク,前田良平,下河辺牧場,,
栗東,C,右,20260729,水,6:53,オーライカモン,,牡,3,400,田中克典,,137.0,118.7,100.3,83.3,68.1,53.3,38.1,24.0,12.2,18.3,18.4,17.0,15.2,14.8,15.2,14.1,11.8,12.2,2023105011,2026.7.29,栗東,ダノンキングリー,サラーバ,SSレーシング,三嶋牧場,,
栗東,C,右,20260729,水,6:53,ジョルティーニ,,牝,2,未出走,田中克典,,138.2,119.6,100.9,83.6,68.4,53.4,38.2,23.9,12.0,18.6,18.7,17.3,15.2,15.0,15.2,14.3,11.9,12.0,2024108221,2026.7.29,栗東,"Life Is Good","Joyful Addiction",橋元勇氣,"Siena Farms LLC",,
栗東,C,右,20260729,水,6:53,レッドボブ,,牡,4,900,田中克典,,139.0,120.1,101.2,83.9,68.7,53.7,38.3,24.0,12.0,18.9,18.9,17.3,15.2,15.0,15.4,14.3,12.0,12.0,2022105055,2026.7.29,栗東,レッドファルクス,マコトクラダリング,エースレーシング,ノーザンファーム,,
栗東,C,右,20260729,水,6:55,ミヤジマミコ,,牝,3,0,今野貞一,,,,,,,54.9,38.5,23.8,11.8,,,,,,16.4,14.7,12.0,11.8,2023106010,2026.7.29,栗東,クリソベリル,ミヤジマミー,曽我司,村中牧場,,
栗東,C,右,20260729,水,6:56,トウカイマシェリ,,牝,3,3250,高柳大輔,,146.1,123.3,102.4,83.3,66.6,51.6,37.6,24.4,12.4,22.8,20.9,19.1,16.7,15.0,14.0,13.2,12.0,12.4,2023105481,2026.7.29,栗東,ドレフォン,トウカイミステリー,内村正則,平野牧場,,
栗東,C,右,20260729,水,6:57,リリーギャラクシー,,牡,2,未出走,緒方努,,139.9,119.9,100.3,82.6,67.8,53.0,38.1,24.4,12.2,20.0,19.6,17.7,14.8,14.8,14.9,13.7,12.2,12.2,2024104835,2026.7.29,栗東,マカヒキ,セイユウスマイル,土井孝夫,畠山牧場,,
栗東,C,右,20260729,水,6:57,リリークリスタル,,牝,3,0,緒方努,,141.3,121.1,101.3,83.5,68.5,53.8,38.8,25.1,12.9,20.2,19.8,17.8,15.0,14.7,15.0,13.7,12.2,12.9,2023105699,2026.7.29,栗東,クリソベリル,ワンサイドゲーム,土井孝夫,津田牧場,,
栗東,C,右,20260729,水,6:58,シンギタイ,,セ,4,400,庄野靖志,,,,,85.4,67.2,51.8,37.4,23.9,12.2,,,,18.2,15.4,14.4,13.5,11.7,12.2,2022100458,2026.7.29,栗東,スワーヴリチャード,クーレクー,程田真司,吉田ファーム,,
栗東,C,右,20260729,水,6:58,リリーサンダー,,牡,3,0,緒方努,,,,,,,51.3,36.6,23.5,11.8,,,,,,14.7,13.1,11.7,11.8,2023104172,2026.7.29,栗東,ミスチヴィアスアレックス,クロランサス,土井孝夫,高瀬牧場,,
栗東,C,右,20260729,水,7:00,サンライズエイト,,牡,2,未出走,安田翔伍,,150.9,126.1,102.4,82.3,66.1,51.6,36.6,22.8,11.3,24.8,23.7,20.1,16.2,14.5,15.0,13.8,11.5,11.3,2024105728,2026.7.29,栗東,ロゴタイプ,アスクデピュティ,ライフハウス,社台ファーム,,
栗東,C,右,20260729,水,7:00,ノヴァーリス,,牝,2,未出走,安田翔伍,,151.5,126.7,103.1,82.8,66.7,52.0,37.0,23.0,11.3,24.8,23.6,20.3,16.1,14.7,15.0,14.0,11.7,11.3,2024107104,2026.7.29,栗東,シルバーステート,キュルキュマ,原禮子,登別上水牧場,,
栗東,C,右,20260729,水,7:00,ハウリングウィンド,,牡,4,400,安田翔伍,,152.2,127.4,103.7,83.5,67.4,52.5,37.5,23.5,11.5,24.8,23.7,20.2,16.1,14.9,15.0,14.0,12.0,11.5,2022105321,2026.7.29,栗東,ブリックスアンドモルタル,コンテスティッド,吉田照哉,社台ファーム,,
栗東,C,右,20260729,水,7:15,ツーハーツ,,牡,2,0,寺島良,,,,,,,56.6,40.2,25.6,12.7,,,,,,16.4,14.6,12.9,12.7,2024103368,2026.7.29,栗東,スワーヴリチャード,スタークォーツ,山口正行,新冠伊藤牧場,,
栗東,C,右,20260729,水,7:16,テンダーワーズ,,牝,3,0,中尾秀正,,135.3,118.0,100.0,82.7,68.4,53.6,38.3,23.5,11.5,17.3,18.0,17.3,14.3,14.8,15.3,14.8,12.0,11.5,2023103359,2026.7.29,栗東,サートゥルナーリア,オメガハートソング,吉田照哉,社台ファーム,,
栗東,C,右,20260729,水,7:20,ノクナレア,,牝,4,1500,今野貞一,,240.6,200.2,157.0,109.5,72.8,55.9,39.0,23.3,11.3,40.4,43.2,47.5,36.7,16.9,16.9,15.7,12.0,11.3,2022105550,2026.7.29,栗東,ミッキーアイル,ララア,社台レースホース,社台ファーム,,
栗東,C,右,20260729,水,7:24,サウンドシェリー,,牝,2,未出走,鈴木孝志,,168.3,122.5,99.5,81.1,66.2,51.8,36.9,23.4,12.0,45.8,23.0,18.4,14.9,14.4,14.9,13.5,11.4,12.0,2024103035,2026.7.29,栗東,シルバーステート,サウンドガガ,増田雄一,小泉牧場,,
栗東,C,右,20260729,水,7:24,ジーティーウタマロ,,牡,3,0,鈴木孝志,,169.2,122.9,99.5,81.0,66.2,51.9,36.9,23.4,12.0,46.3,23.4,18.5,14.8,14.3,15.0,13.5,11.4,12.0,2023100823,2026.7.29,栗東,スワーヴリチャード,アズレージョ,田畑利彦,グッドラック・ファーム,,
栗東,C,右,20260729,水,7:24,パリコレジェンヌ,,牝,4,400,鈴木孝志,,167.7,122.4,99.6,81.2,66.5,52.2,37.2,23.7,12.3,45.3,22.8,18.4,14.7,14.3,15.0,13.5,11.4,12.3,2022104501,2026.7.29,栗東,ミスターメロディ,ビオレイメル,吉田智,前谷牧場,,
栗東,C,右,20260729,水,7:45,クイーンズホリデー,,牝,3,400,清水久詞,,,,,82.5,66.9,52.5,37.9,23.8,11.7,,,,15.6,14.4,14.6,14.1,12.1,11.7,2023100941,2026.7.29,栗東,オルフェーヴル,タイキオードリー,鈴木剛史,下河辺牧場,,
栗東,C,右,20260729,水,7:47,ブランチアウト,,牡,3,0,昆貢,,148.4,125.1,103.7,84.6,68.8,53.5,38.2,23.9,12.0,23.3,21.4,19.1,15.8,15.3,15.3,14.3,11.9,12.0,2023102357,2026.7.29,栗東,ブリックスアンドモルタル,アレス,ノルマンディーサラブレッドレーシング,岡田スタツド,,
栗東,C,右,20260729,水,7:48,ウルスチャージ,,牡,2,未出走,大橋勇樹,,151.0,129.9,109.2,89.6,72.3,56.5,40.9,25.7,12.5,21.1,20.7,19.6,17.3,15.8,15.6,15.2,13.2,12.5,2024104223,2026.7.29,栗東,ウィルテイクチャージ,プリンセスバリュー,村上稔,岡田牧場,,
栗東,C,右,20260729,水,7:48,ジーティーキャリー,,牝,2,0,松下武士,,139.0,121.3,102.3,85.8,69.8,53.8,37.4,23.0,11.4,17.7,19.0,16.5,16.0,16.0,16.4,14.4,11.6,11.4,2024106677,2026.7.29,栗東,ブリックスアンドモルタル,ラトゥールレディー,田畑利彦,ノーザンファーム,,
栗東,C,右,20260729,水,7:48,バルセシート,,牡,3,400,松下武士,,141.2,122.2,103.4,86.5,70.2,54.2,37.6,23.2,11.5,19.0,18.8,16.9,16.3,16.0,16.6,14.4,11.7,11.5,2023107241,2026.7.29,栗東,キズナ,マラコスタムブラダ,キャロットファーム,ノーザンファーム,,
栗東,C,右,20260729,水,7:48,リアルカムイ,,牡,2,未出走,大橋勇樹,,151.3,130.1,109.3,89.7,72.3,56.6,40.9,25.8,12.6,21.2,20.8,19.6,17.4,15.7,15.7,15.1,13.2,12.6,2024104764,2026.7.29,栗東,フォーウィールドライブ,シェーンリート,水谷光太郎,友田牧場,,
栗東,C,右,20260729,水,7:51,サイモンザナドゥ,,牡,6,3950,小林真也,,149.3,127.1,105.5,85.7,69.2,53.0,36.9,22.9,11.6,22.2,21.6,19.8,16.5,16.2,16.1,14.0,11.3,11.6,2020104497,2026.7.29,栗東,アジアエクスプレス,トゥルーロマンス,澤田昭紀,千代田牧場,,
栗東,C,右,20260729,水,7:51,ファストフォワード,,牝,3,400,小林真也,,151.6,128.7,107.0,87.3,70.3,53.8,37.6,23.3,11.8,22.9,21.7,19.7,17.0,16.5,16.2,14.3,11.5,11.8,2023106362,2026.7.29,栗東,ハービンジャー,ゴーノニゴー,フクキタル,パカパカファーム,,
栗東,C,右,20260729,水,7:53,フィールライクユー,,牝,3,0,森田直行,,150.3,127.3,104.0,83.8,67.2,52.3,37.7,24.0,11.9,23.0,23.3,20.2,16.6,14.9,14.6,13.7,12.1,11.9,2023106157,2026.7.29,栗東,オルフェーヴル,ヘルムヴィーゲ,ディアレストクラブ,ディアレストクラブ,,
栗東,C,右,20260729,水,8:16,オーレアミスト,,セ,4,400,井上智史,,154.6,129.2,103.9,82.9,66.5,51.3,36.4,23.1,11.5,25.4,25.3,21.0,16.4,15.2,14.9,13.3,11.6,11.5,2022104841,2026.7.29,栗東,ゴールドドリーム,ジンジャーミスト,インゼルレーシング,ノーザンファーム,,
美浦,D,左,20260729,水,4:58,オリオアルセーリオ,,牝,4,400,木村哲也,158.9,137.8,118.9,100.4,83.8,68.5,53.5,39.1,25.2,12.2,18.9,18.5,16.6,15.3,15.0,14.4,13.9,13.0,12.2,2022105132,2026.7.29,美浦,レイデオロ,リナーテ,サンデーレーシング,ノーザンファーム,,
美浦,D,左,20260729,水,4:58,クライスレリアーナ,,牝,4,900,木村哲也,161.5,139.1,119.8,101.5,84.5,69.2,54.3,39.8,25.8,12.1,19.3,18.3,17.0,15.3,14.9,14.5,14.0,13.7,12.1,2022104818,2026.7.29,美浦,サートゥルナーリア,シユーマ,サンデーレーシング,ノーザンファーム,,
美浦,D,左,20260729,水,4:58,スタニングヴュー,,牝,4,500,金成貴史,164.3,143.1,123.6,104.2,85.6,68.7,53.0,38.2,24.1,11.6,19.5,19.4,18.6,16.9,15.7,14.8,14.1,12.5,11.6,2022101272,2026.7.29,美浦,リアルスティール,ラバーズケープ,木村牧場,木村牧場,,
美浦,D,左,20260729,水,4:58,ルフトシュピール,,牝,2,未出走,木村哲也,160.4,138.7,119.4,101.1,84.1,68.8,53.8,39.3,25.4,12.1,19.3,18.3,17.0,15.3,15.0,14.5,13.9,13.3,12.1,2024106087,2026.7.29,美浦,キタサンブラック,レッドアネモス,社台レースホース,社台ファーム,,
美浦,D,左,20260729,水,4:59,ガーヴィ,,牝,3,400,村田一誠,154.2,133.6,116.2,98.9,82.4,67.8,52.9,38.7,24.8,11.9,17.4,17.3,16.5,14.6,14.9,14.2,13.9,12.9,11.9,2023107330,2026.7.29,美浦,ブリックスアンドモルタル,レイズアベール,吉田和美,ノーザンファーム,,
美浦,D,左,20260729,水,4:59,ゴンバデカーブース,,牡,5,2000,堀宣行,,,,,85.3,66.6,50.5,35.6,22.5,11.3,,,,18.7,16.1,14.9,13.1,11.2,11.3,2021104825,2026.7.29,美浦,ブリックスアンドモルタル,アッフィラート,G1レーシング,社台コーポレーション白老ファーム,,
美浦,D,左,20260729,水,4:59,シャンハイナイト,,牝,4,900,村田一誠,155.6,135.2,117.3,99.6,83.1,68.2,53.3,38.9,24.9,12.0,17.9,17.7,16.5,14.9,14.9,14.4,14.0,12.9,12.0,2022102347,2026.7.29,美浦,シャンハイボビー,スズノメヒョー,川口泰男,清水牧場,,
美浦,D,左,20260729,水,4:59,トーアアイギス,,牝,5,1500,村田一誠,158.0,136.7,118.1,100.1,83.1,68.0,53.4,38.7,23.8,11.5,18.6,18.0,17.0,15.1,14.6,14.7,14.9,12.3,11.5,2021105334,2026.7.29,美浦,レッドファルクス,トーアアテナ,高山ランド,トーア牧場,,
美浦,D,左,20260729,水,4:59,ヒシアムルーズ,,牡,3,900,堀宣行,,,,,85.6,66.6,50.5,35.6,22.4,11.2,,,,19.0,16.1,14.9,13.2,11.2,11.2,2023107091,2026.7.29,美浦,サートゥルナーリア,ソーメニーウェイズ,"Hishi Partners",ノーザンファーム,,
美浦,D,左,20260729,水,4:59,ピーターサイト,,セ,6,0,村田一誠,161.0,137.5,117.7,98.5,81.6,66.5,51.9,37.8,23.9,11.5,19.8,19.2,16.9,15.1,14.6,14.1,13.9,12.4,11.5,2020105611,2026.7.29,美浦,ワンアンドオンリー,ヴィクトリアアイ,ノースヒルズ,ノースヒルズ,,
美浦,D,左,20260729,水,4:59,ホウオウパーソンズ,,牡,3,0,蛯名正義,,,,,,,52.4,37.4,23.9,11.8,,,,,,15.0,13.5,12.1,11.8,2023105361,2026.7.29,美浦,キタサンブラック,オーロリンチェ,小笹芳央,岡田スタツド,,
美浦,D,左,20260729,水,4:59,リポサンテ,,牝,4,400,蛯名正義,,,,,,,52.0,37.0,23.8,11.8,,,,,,15.0,13.2,12.0,11.8,2022105338,2026.7.29,美浦,ブリックスアンドモルタル,サラス,インゼルレーシング,社台ファーム,,
美浦,D,左,20260729,水,5:00,アルセナール,,牝,5,2050,木村哲也,,,,,85.8,68.9,53.6,38.9,24.5,11.4,,,,16.9,15.3,14.7,14.4,13.1,11.4,2021105548,2026.7.29,美浦,エピファネイア,サンブルエミューズ,キャロットファーム,ノーザンファーム,,
美浦,D,左,20260729,水,5:00,エラン,,牡,5,1500,蛯名正義,,,,,84.5,67.7,52.8,38.2,24.2,11.7,,,,16.8,14.9,14.6,14.0,12.5,11.7,2021105453,2026.7.29,美浦,ラブリーデイ,オーキッドレイ,金子真人ホールディングス,ノーザンファーム,,
美浦,D,左,20260729,水,5:00,クイーンアン,,牝,3,0,蛯名正義,,,,,85.3,68.6,53.5,38.7,24.5,11.8,,,,16.7,15.1,14.8,14.2,12.7,11.8,2023102090,2026.7.29,美浦,キタサンブラック,パドックシアトル,広尾レース,谷川牧場,,
美浦,D,左,20260729,水,5:00,コンフィアル,,牡,2,未出走,嘉藤貴行,,,,,85.7,68.7,53.8,39.1,24.8,11.8,,,,17.0,14.9,14.7,14.3,13.0,11.8,2024105763,2026.7.29,美浦,ダノンキングリー,ウーターン,社台レースホース,社台ファーム,,
美浦,D,左,20260729,水,5:00,ゴールドプレイヤー,,牡,3,0,古賀慎明,,,,,84.8,67.5,52.3,37.9,24.1,11.4,,,,17.3,15.2,14.4,13.8,12.7,11.4,2023104504,2026.7.29,美浦,ゴールドアクター,ゴールドアクション,居城寿与,北勝ファーム,,
美浦,D,左,20260729,水,5:00,スカイドリーマー,,牝,3,0,木村哲也,,,,,85.0,68.6,52.9,38.7,24.7,11.7,,,,16.4,15.7,14.2,14.0,13.0,11.7,2023104406,2026.7.29,美浦,コントレイル,フォローアドリーム,前田幸大,ノースヒルズ,,
美浦,D,左,20260729,水,5:00,セイウンオオゾラ,,牡,2,0,小手川準,,,,,83.1,66.4,51.9,38.5,25.3,12.4,,,,16.7,14.5,13.4,13.2,12.9,12.4,2024103837,2026.7.29,美浦,ゴールドシップ,サトノジャスミン,西山茂行,村上欽哉牧場,,
美浦,D,左,20260729,水,5:00,ゼンノスタニング,,牡,3,0,小手川準,,,,,86.3,68.8,53.9,39.8,25.9,12.5,,,,17.5,14.9,14.1,13.9,13.4,12.5,2023104611,2026.7.29,美浦,シルバーステート,クーファウェヌス,大迫久美子,村上欽哉,,
美浦,D,左,20260729,水,5:00,タイセイブルーム,,牡,3,400,古賀慎明,,,,,82.9,66.0,51.1,37.0,23.6,11.3,,,,16.9,14.9,14.1,13.4,12.3,11.3,2023100533,2026.7.29,美浦,マテラスカイ,クイーンズシアター,田中成奉,二風谷ファーム,,
美浦,D,左,20260729,水,5:00,バイアブランカ,,牝,3,0,古賀慎明,,,,,83.8,66.7,51.7,37.5,23.8,11.4,,,,17.1,15.0,14.2,13.7,12.4,11.4,2023103588,2026.7.29,美浦,イスラボニータ,リベルタンゴ,村野康司,社台ファーム,,
美浦,D,左,20260729,水,5:00,バグラダス,,牡,6,2400,嘉藤貴行,,,,,85.5,67.9,52.6,38.5,24.9,12.1,,,,17.6,15.3,14.1,13.6,12.8,12.1,2020106015,2026.7.29,美浦,マジェスティックウォリアー,メジェルダ,村田牧場,村田牧場,,
美浦,D,左,20260729,水,5:00,フュチュール,,牝,3,0,嘉藤貴行,,,,,86.1,68.9,54.0,39.2,24.9,11.9,,,,17.2,14.9,14.8,14.3,13.0,11.9,2023106417,2026.7.29,美浦,ウインブライト,マイネリベルタス,サラブレッドクラブ・ラフィアン,津田牧場,,
美浦,D,左,20260729,水,5:00,ボールドゾーン,,牡,6,1500,木村哲也,,,,,84.8,68.7,53.4,38.8,24.3,11.3,,,,16.1,15.3,14.6,14.5,13.0,11.3,2020110130,2026.7.29,美浦,Mendelssohn,"Halo Dolly",シルクレーシング,"Spendthrift Farm LLC",,
美浦,D,左,20260729,水,5:00,レッドレガリア,,牡,3,0,木村哲也,,,,,84.8,68.4,53.1,38.5,24.2,11.2,,,,16.4,15.3,14.6,14.3,13.0,11.2,2023107340,2026.7.29,美浦,エピファネイア,レッドファンタジア,東京ホースレーシング,ノーザンファーム,,
美浦,D,左,20260729,水,5:00,レモンバーム,,牝,4,400,嘉藤貴行,,,,,85.8,67.6,52.3,38.9,25.0,12.3,,,,18.2,15.3,13.4,13.9,12.7,12.3,2022106796,2026.7.29,美浦,ジョーカプチーノ,フライングメリッサ,ビッグレッドファーム,ビッグレッドファーム,,
美浦,D,左,20260729,水,5:01,アルマーレシチー,,セ,5,400,上原博之,,,,,80.2,64.1,49.7,35.8,22.8,11.2,,,,16.1,14.4,13.9,13.0,11.6,11.2,2021100675,2026.7.29,美浦,ロジャーバローズ,アルポルト,友駿ホースクラブ,桑田牧場,,
美浦,D,左,20260729,水,5:01,ウィロークリーク,,牡,3,400,中舘英二,,,,,85.1,68.1,52.7,38.0,24.1,11.7,,,,17.0,15.4,14.7,13.9,12.4,11.7,2023106981,2026.7.29,美浦,ラブリーデイ,クロウキャニオン,金子真人ホールディングス,ノーザンファーム,,
美浦,D,左,20260729,水,5:01,エターナルシルバー,,牡,4,0,中舘英二,,,,,83.3,67.2,52.5,37.6,23.7,11.7,,,,16.1,14.7,14.9,13.9,12.0,11.7,2022106737,2026.7.29,美浦,シルバーステート,フォーエヴァーユアーズ,広尾レース,パカパカファーム,,
美浦,D,左,20260729,水,5:01,オセアビシャイン,,牡,3,0,菊川正達,,,,,84.6,66.9,52.2,38.6,24.8,12.1,,,,17.7,14.7,13.6,13.8,12.7,12.1,2023100052,2026.7.29,美浦,ダンカーク,サクラサイレンス,XIAOジャパン,沖田博志,,
美浦,D,左,20260729,水,5:01,カウスリップ,,牝,4,1500,中舘英二,,,,,84.1,67.8,52.9,38.4,24.3,11.6,,,,16.3,14.9,14.5,14.1,12.7,11.6,2022100627,2026.7.29,美浦,ロードカナロア,キープセイク,中村祐子,ケイアイファーム,,
美浦,D,左,20260729,水,5:01,ガジュノリ,,牝,5,1500,尾形和幸,,,,,83.4,66.4,51.8,37.2,23.2,11.1,,,,17.0,14.6,14.6,14.0,12.1,11.1,2021101724,2026.7.29,美浦,サトノダイヤモンド,ガジュマル,中谷典生,チャンピオンズファーム,,
美浦,D,左,20260729,水,5:01,コンフィアンサ,,牝,3,0,菊川正達,,,,,84.7,67.0,52.4,38.5,24.6,12.0,,,,17.7,14.6,13.9,13.9,12.6,12.0,2023102342,2026.7.29,美浦,ミスターメロディ,ロマネクイーン,山本三津子,上野正恵,,
美浦,D,左,20260729,水,5:01,ティラーノ,,牡,3,400,小手川準,,,,,85.4,67.7,52.6,38.8,25.2,12.4,,,,17.7,15.1,13.8,13.6,12.8,12.4,2023101855,2026.7.29,美浦,ゴールドシップ,モハー,北山敏隆,ヒダカフアーム,,
美浦,D,左,20260729,水,5:01,ナイトスラッガー,,牡,5,900,小手川準,,,,,88.0,69.6,53.6,39.1,25.0,12.2,,,,18.4,16.0,14.5,14.1,12.8,12.2,2021101603,2026.7.29,美浦,ルーラーシップ,トーホウアマポーラ,東豊物産,竹島幸治,,
美浦,D,左,20260729,水,5:01,ノーブルミステリー,,牝,6,400,菊川正達,,,,,84.8,67.1,52.4,38.6,24.7,12.0,,,,17.7,14.7,13.8,13.9,12.7,12.0,2020106429,2026.7.29,美浦,ディーマジェスティ,マウンテンミステリー,吉木伸彦,金成吉田牧場,,
美浦,D,左,20260729,水,5:01,ピースフルワールド,,牝,5,0,吉村圭司,,,,,83.3,67.4,52.7,37.8,23.9,11.7,,,,15.9,14.7,14.9,13.9,12.2,11.7,2021102483,2026.7.29,栗東,マインドユアビスケッツ,ブリリアントピース,山田弘,寺井文秀,,
美浦,D,左,20260729,水,5:01,ブライトラン,,牡,3,0,尾形和幸,,,,,84.5,67.2,52.4,37.7,23.7,11.4,,,,17.3,14.8,14.7,14.0,12.3,11.4,2023100346,2026.7.29,美浦,マインドユアビスケッツ,シャドウカラーズ,岡村善行,前田ファーム,,
美浦,D,左,20260729,水,5:01,ブリックンクリック,,セ,4,400,中舘英二,,,,,84.8,68.0,52.6,38.0,24.0,11.7,,,,16.8,15.4,14.6,14.0,12.3,11.7,2022105300,2026.7.29,美浦,ブリックスアンドモルタル,クォリティシーズン,金子真人ホールディングス,社台ファーム,,
美浦,D,左,20260729,水,5:01,ブレイクフォース,,牡,7,5000,中舘英二,,,,,84.0,67.6,52.7,37.7,23.8,11.7,,,,16.4,14.9,15.0,13.9,12.1,11.7,2019105604,2026.7.29,美浦,アジアエクスプレス,プレシャスフラワー,水上行雄,橋本牧場,,
美浦,D,左,20260729,水,5:01,ベルウッドピース,,牡,3,400,中舘英二,,,,,84.5,68.1,53.2,38.7,24.5,11.7,,,,16.4,14.9,14.5,14.2,12.8,11.7,2023101642,2026.7.29,美浦,マジェスティックウォリアー,アオイシチフク,鈴木正一,市川フアーム,,
美浦,D,左,20260729,水,5:01,ラグアイリータ,,牝,3,0,岩戸孝樹,,,,,82.7,66.8,52.3,37.4,23.7,11.5,,,,15.9,14.5,14.9,13.7,12.2,11.5,2023106463,2026.7.29,美浦,ウインブライト,バルタ,ビッグレッドファーム,ビッグレッドファーム,,
美浦,D,左,20260729,水,5:01,レーゲンシャウアー,,牝,2,未出走,天間昭一,,,,,93.8,74.1,58.2,41.9,26.2,12.5,,,,19.7,15.9,16.3,15.7,13.7,12.5,2024104453,2026.7.29,美浦,ディーマジェスティ,ラプザントゥール,ブルースターズファーム,サンデーヒルズ,,
美浦,D,左,20260729,水,5:02,イバラヒメ,,牝,3,0,新開幸一,,,,,85.3,68.2,53.3,38.8,24.8,12.1,,,,17.1,14.9,14.5,14.0,12.7,12.1,2023101298,2026.7.29,美浦,サトノダイヤモンド,ユラヒメ,会田浩史,長谷川牧場,,
美浦,D,左,20260729,水,5:02,インチジオーネ,,牝,3,未出走,和田雄二,,,,,87.1,68.8,53.7,39.8,26.1,12.8,,,,18.3,15.1,13.9,13.7,13.3,12.8,2023107175,2026.7.29,美浦,フィレンツェファイア,フィビュラ,G1レーシング,ノーザンファーム,,
美浦,D,左,20260729,水,5:02,イーグルロック,,牡,3,400,相沢郁,,,,,84.8,68.0,52.7,38.2,24.3,11.7,,,,16.8,15.3,14.5,13.9,12.6,11.7,2023106954,2026.7.29,美浦,ナダル,カービングパス,サンデーレーシング,ノーザンファーム,,
美浦,D,左,20260729,水,5:02,カシノスパーク,,牡,3,400,天間昭一,,,,,87.7,69.4,53.9,39.2,24.8,11.7,,,,18.3,15.5,14.7,14.4,13.1,11.7,2023105779,2026.7.29,美浦,ロジャーバローズ,ビジューブランシュ,柏木務,グッドラック・ファーム,,
美浦,D,左,20260729,水,5:02,コーディアリー,,牡,3,400,天間昭一,,,,,84.6,67.1,51.7,37.3,24.0,11.6,,,,17.5,15.4,14.4,13.3,12.4,11.6,2023104488,2026.7.29,美浦,ダノンバラード,フロムマイハート,ブルースターズファーム,ブルースターズファーム,,
美浦,D,左,20260729,水,5:02,シャインアルプス,,牝,3,0,中川公成,,,,,80.4,65.0,50.8,37.0,23.3,11.2,,,,15.4,14.2,13.8,13.7,12.1,11.2,2023107234,2026.7.29,美浦,シルバーステート,マイエンフェルト,シルクレーシング,ノーザンファーム,,
美浦,D,左,20260729,水,5:02,スプレーフォール,,牡,5,900,相沢郁,,,,,86.4,67.7,52.7,38.7,24.0,11.3,,,,18.7,15.0,14.0,14.7,12.7,11.3,2021107266,2026.7.29,美浦,カリフォルニアクローム,ジェイケイオジョウ,畑佐博,浜本牧場,,
美浦,D,左,20260729,水,5:02,セイカタカキヤチク,,牡,2,未出走,相沢郁,,,,,85.4,68.5,53.1,38.6,24.4,11.7,,,,16.9,15.4,14.5,14.2,12.7,11.7,2024103128,2026.7.29,美浦,カレンブラックヒル,セイカハルカゼ,久米大,シンユウフアーム,,
美浦,D,左,20260729,水,5:02,ツインドライヴ,,牡,3,0,新開幸一,,,,,82.7,65.9,51.6,38.0,24.8,12.3,,,,16.8,14.3,13.6,13.2,12.5,12.3,2023103438,2026.7.29,美浦,ブリックスアンドモルタル,ジュリエットシアトル,外池榮一郎,社台ファーム,,
美浦,D,左,20260729,水,5:02,デリシュー,,牡,5,180,新開幸一,,,,,86.6,68.3,53.2,38.8,24.8,12.1,,,,18.3,15.1,14.4,14.0,12.7,12.1,2021103037,2026.7.29,美浦,ワールドエース,ジョリーザスターズ,大塚亮一,ディアレストクラブ,,
美浦,D,左,20260729,水,5:02,ビーズスティンガー,,牝,2,未出走,中川公成,,,,,83.2,67.1,52.3,38.0,24.0,11.8,,,,16.1,14.8,14.3,14.0,12.2,11.8,2024102989,2026.7.29,美浦,ダノンスマッシュ,スコルピオンキッス,ウエスト.フォレスト.ステイブル,カミイスタット,,
美浦,D,左,20260729,水,5:02,ブレトワルダ,,セ,4,900,新開幸一,,,,,82.5,66.2,51.8,37.7,24.1,11.7,,,,16.3,14.4,14.1,13.6,12.4,11.7,2022102965,2026.7.29,美浦,マジェスティックウォリアー,クイーンマザー,大塚亮一,辻牧場,,
美浦,D,左,20260729,水,5:02,ペルシアーノ,,牝,3,0,相沢郁,,,,,87.4,69.0,53.8,39.3,24.3,11.3,,,,18.4,15.2,14.5,15.0,13.0,11.3,2023100653,2026.7.29,美浦,ダノンプレミアム,スピアーノ,シミズレーシング,荒井ファーム,,
美浦,D,左,20260729,水,5:02,ヤマニンアレシス,,牡,3,0,堀内岳志,,,,,86.7,68.7,53.4,39.2,25.1,12.0,,,,18.0,15.3,14.2,14.1,13.1,12.0,2023104357,2026.7.29,美浦,イスラボニータ,ヤマニンアストレア,土井肇,錦岡牧場,,
美浦,D,左,20260729,水,5:02,ラフエイジアン,,セ,6,1500,中舘英二,,,,,87.3,69.6,54.9,40.5,25.9,12.5,,,,17.7,14.7,14.4,14.6,13.4,12.5,2020104738,2026.7.29,美浦,アジアエクスプレス,アラピンタ,尾崎恒男,フジワラフアーム,,
美浦,D,左,20260729,水,5:02,ルークスイテルム,,牡,2,未出走,中川公成,,,,,82.0,66.7,52.2,37.7,23.8,11.6,,,,15.3,14.5,14.5,13.9,12.2,11.6,2024104167,2026.7.29,美浦,マインドユアビスケッツ,ヘレナモルフォ,岡田牧雄,岡田スタツド,,
美浦,D,左,20260729,水,5:03,アスパラゴ,,牝,3,400,中舘英二,,,,,83.7,67.1,52.8,38.5,25.1,12.3,,,,16.6,14.3,14.3,13.4,12.8,12.3,2023100332,2026.7.29,美浦,カリフォルニアクローム,アルスノヴァ,村島聡乃,前川勝春,,
美浦,D,左,20260729,水,5:03,イスキオス,,牡,4,0,栗田徹,,,,,81.8,66.0,50.9,36.8,23.7,11.6,,,,15.8,15.1,14.1,13.1,12.1,11.6,2022105223,2026.7.29,美浦,キタサンブラック,アルベルティーヌ,村野康司,社台ファーム,,
美浦,D,左,20260729,水,5:03,カルダモン,,牝,3,0,黒岩陽一,,,,,82.8,66.6,52.0,37.4,23.5,11.4,,,,16.2,14.6,14.6,13.9,12.1,11.4,2023107051,2026.7.29,美浦,キズナ,シークレットスパイス,サンデーレーシング,ノーザンファーム,,
美浦,D,左,20260729,水,5:03,ゴーストミステリー,,牡,2,未登録,,,,,,83.2,67.5,52.9,38.5,24.7,12.0,,,,15.7,14.6,14.4,13.8,12.7,12.0,2024105699,2026.7.29,,Ghostzapper,スライミー,,レースホース牧場,,
美浦,D,左,20260729,水,5:03,セントゴーデンス,,セ,3,400,黒岩陽一,,,,,83.3,67.0,52.3,37.6,23.7,11.5,,,,16.3,14.7,14.7,13.9,12.2,11.5,2023107296,2026.7.29,美浦,ロードカナロア,ラッキーダイム,キャロットファーム,ノーザンファーム,,
美浦,D,左,20260729,水,5:03,トーセンシントラ,,牡,2,未出走,中舘英二,,,,,83.7,67.1,52.7,38.5,25.0,12.2,,,,16.6,14.4,14.2,13.5,12.8,12.2,2024104757,2026.7.29,美浦,ハイランドリール,ヘルメット,島川隆哉,飛野牧場,,
美浦,D,左,20260729,水,5:03,ハビレ,,牡,5,2400,武井亮,,,,,82.2,66.5,51.8,37.5,23.6,11.4,,,,15.7,14.7,14.3,13.9,12.2,11.4,2021100561,2026.7.29,美浦,ヘニーヒューズ,トモトモリバー,古賀慎一,秋場牧場,,
美浦,D,左,20260729,水,5:03,パルミエ,,牝,3,0,松尾卓哉,,,,,82.8,66.1,51.6,37.6,24.4,12.2,,,,16.7,14.5,14.0,13.2,12.2,12.2,2023105254,2026.7.29,美浦,マインドユアビスケッツ,モードフランス,DMMドリームクラブ,社台ファーム,,
美浦,D,左,20260729,水,5:03,ホワイトフレアー,,牡,2,0,黒岩陽一,,,,,83.6,68.1,53.3,38.6,24.7,12.0,,,,15.5,14.8,14.7,13.9,12.7,12.0,2024106066,2026.7.29,美浦,サリオス,ラブリイユアアイズ,井内康之,社台ファーム,,
美浦,D,左,20260729,水,5:03,マオノクラッシュ,,牝,4,400,黒岩陽一,,,,,83.8,67.3,52.5,37.8,23.8,11.5,,,,16.5,14.8,14.7,14.0,12.3,11.5,2022101864,2026.7.29,美浦,リアルインパクト,ネオヴェルザンディ,湯浅健司,日西牧場,,
美浦,D,左,20260729,水,5:03,レイナグリス,,牝,2,未出走,松尾卓哉,,,,,83.0,66.3,51.6,37.5,24.3,12.1,,,,16.7,14.7,14.1,13.2,12.2,12.1,2024104129,2026.7.29,美浦,ダノンバラード,シークエル,ノルマンディーサラブレッドレーシング,岡田スタツド,,
美浦,D,左,20260729,水,5:03,レガーロデルシエロ,,牡,5,2400,栗田徹,,,,,79.9,65.2,50.3,36.1,23.3,11.5,,,,14.7,14.9,14.2,12.8,11.8,11.5,2021105661,2026.7.29,美浦,ロードカナロア,デアレガーロ,サンデーレーシング,ノーザンファーム,,
美浦,D,左,20260729,水,5:03,ヴェントリナ,,牝,2,0,相沢郁,,,,,82.9,66.2,51.4,37.1,23.8,11.5,,,,16.7,14.8,14.3,13.3,12.3,11.5,2024101041,2026.7.29,美浦,ゴールドシップ,ライフアンドソウル,サラブレッドクラブ・ラフィアン,宝寄山拓樹,,
美浦,D,左,20260729,水,5:04,アレーティア,,牝,4,400,上原博之,,,,,85.8,66.7,50.9,36.2,22.6,10.9,,,,19.1,15.8,14.7,13.6,11.7,10.9,2022100101,2026.7.29,美浦,ブリックスアンドモルタル,リアルヴィーナス,水上行雄,笠松牧場,,
美浦,D,左,20260729,水,5:04,ウィールズアップ,,牡,2,0,池上昌和,,,,,85.8,69.3,53.6,38.7,24.8,12.1,,,,16.5,15.7,14.9,13.9,12.7,12.1,2024105762,2026.7.29,美浦,ブリックスアンドモルタル,ウイングドウィール,G1レーシング,社台ファーム,,
美浦,D,左,20260729,水,5:04,ウインカーネリアン,,牡,9,21750,鹿戸雄一,,,,,85.2,68.4,52.7,37.7,23.6,11.3,,,,16.8,15.7,15.0,14.1,12.3,11.3,2017101429,2026.7.29,美浦,スクリーンヒーロー,コスモクリスタル,ウイン,コスモヴューファーム,,
美浦,D,左,20260729,水,5:04,エイシンイクサボシ,,牝,3,0,勢司和浩,,,,,86.7,68.1,52.1,37.6,24.0,11.4,,,,18.6,16.0,14.5,13.6,12.6,11.4,2023105536,2026.7.29,美浦,エイシンヒカリ,エイシンポラリス,栄進堂,中地義次,,
美浦,D,左,20260729,水,5:04,キタノエピックアン,,牝,3,400,萱野浩二,,,,,85.7,68.2,52.3,37.6,23.9,11.8,,,,17.5,15.9,14.7,13.7,12.1,11.8,2023100485,2026.7.29,美浦,ベストウォーリア,スールマカロン,北所直人,川向高橋育成牧場,,
美浦,D,左,20260729,水,5:04,ゴータマ,,牡,2,未出走,池上昌和,,,,,85.4,68.2,53.5,38.8,25.1,12.0,,,,17.2,14.7,14.7,13.7,13.1,12.0,2024102067,2026.7.29,美浦,ディスクリートキャット,ベネフィサンス,岡田牧雄,富菜牧場,,
美浦,D,左,20260729,水,5:04,サトノヴィレ,,セ,6,1500,鹿戸雄一,,,,,86.4,69.4,53.6,38.4,24.1,11.5,,,,17.0,15.8,15.2,14.3,12.6,11.5,2020104753,2026.7.29,美浦,デクラレーションオブウォー,ダイワジェラート,里見治,フジワラフアーム,,
美浦,D,左,20260729,水,5:04,ソフィアプルーマ,,牝,3,0,上原博之,,,,,86.0,67.0,52.0,37.9,24.2,11.8,,,,19.0,15.0,14.1,13.7,12.4,11.8,2023105655,2026.7.29,美浦,ルヴァンスレーヴ,レイナプルーマ,水上行雄,橋本牧場,,
美浦,D,左,20260729,水,5:04,タイセイプランセス,,牝,4,900,池上昌和,,,,,86.5,68.2,52.8,38.1,24.0,11.6,,,,18.3,15.4,14.7,14.1,12.4,11.6,2022105014,2026.7.29,美浦,リアルスティール,プティフォリー,田中成奉,ノーザンファーム,,
美浦,D,左,20260729,水,5:04,ドナソラーレ,,牝,3,0,池上昌和,,,,,86.2,68.9,54.1,39.3,25.2,12.0,,,,17.3,14.8,14.8,14.1,13.2,12.0,2023105596,2026.7.29,美浦,タワーオブロンドン,スコッチリール,小川眞査雄,清水牧場,,
美浦,D,左,20260729,水,5:04,ナイア,,牝,3,未出走,尾関知人,,,,,86.2,67.5,52.2,38.1,23.9,11.4,,,,18.7,15.3,14.1,14.2,12.5,11.4,2023106393,2026.7.29,美浦,ゴールドシップ,ストームハート,広尾レース,木村秀則,,
美浦,D,左,20260729,水,5:04,ビアフォーナウ,,牝,5,400,池上昌和,,,,,87.3,69.7,54.3,39.3,25.8,12.9,,,,17.6,15.4,15.0,13.5,12.9,12.9,2021104481,2026.7.29,美浦,バトルプラン,カリストーガ,小林由明,北洋牧場,,
美浦,D,左,20260729,水,5:04,ビスクヴィート,,牡,2,未出走,中舘英二,,,,,85.5,67.9,52.7,38.2,24.4,12.0,,,,17.6,15.2,14.5,13.8,12.4,12.0,2024101728,2026.7.29,美浦,マインドユアビスケッツ,ペプチドリリー,村島聡乃,杵臼牧場,,
美浦,D,左,20260729,水,5:04,プレシャスローズ,,牝,2,未出走,池上昌和,,,,,87.3,69.0,53.7,38.7,24.5,11.7,,,,18.3,15.3,15.0,14.2,12.8,11.7,2024104083,2026.7.29,美浦,グレーターロンドン,プレシャスガール,ノルマンディーサラブレッドレーシング,上野正恵,,
美浦,D,左,20260729,水,5:04,ユニバーサルラヴ,,牝,3,0,尾関知人,,,,,87.0,68.3,53.2,38.8,24.3,11.4,,,,18.7,15.1,14.4,14.5,12.9,11.4,2023105652,2026.7.29,美浦,ミスチヴィアスアレックス,ラスティングラヴ,水上ふじ子,笠松牧場,,
美浦,D,左,20260729,水,5:04,ラベルセーヌ,,牝,3,900,鹿戸雄一,,,,,86.0,69.0,53.3,38.1,23.9,11.5,,,,17.0,15.7,15.2,14.2,12.4,11.5,2023103818,2026.7.29,美浦,キズナ,ラフォルス,サンデーレーシング,社台コーポレーション白老ファーム,,
美浦,D,左,20260729,水,5:04,ヴェントベローチェ,,牡,3,0,勢司和浩,,,,,87.7,69.0,53.2,38.7,24.4,11.4,,,,18.7,15.8,14.5,14.3,13.0,11.4,2023103133,2026.7.29,美浦,ダノンプレミアム,ケイココサージュ,丸山竜一,藤沢牧場,,
美浦,D,左,20260729,水,5:04,ヴォーチェカノーラ,,牡,2,未出走,中舘英二,,,,,85.2,67.9,52.8,38.2,24.4,12.0,,,,17.3,15.1,14.6,13.8,12.4,12.0,2024106967,2026.7.29,美浦,レイデオロ,アリア,吉田晴哉,社台コーポレーション白老ファーム,,
美浦,D,左,20260729,水,5:05,アセンブリールーム,,牡,4,400,中川公成,,,,,83.2,66.7,52.2,38.0,24.2,11.6,,,,16.5,14.5,14.2,13.8,12.6,11.6,2022104811,2026.7.29,美浦,リアルスティール,シャンデリアハウス,サンデーレーシング,ノーザンファーム,,
美浦,D,左,20260729,水,5:05,エマージェンス,,牡,4,250,田中勝春,,,,,87.2,69.1,53.6,38.6,24.4,11.6,,,,18.1,15.5,15.0,14.2,12.8,11.6,2022105448,2026.7.29,美浦,イスラボニータ,パイタ,小山大介,社台ファーム,,
美浦,D,左,20260729,水,5:05,オモチ,,牝,2,未出走,加藤和宏,,,,,84.8,67.8,52.9,38.7,25.2,12.5,,,,17.0,14.9,14.2,13.5,12.7,12.5,2024103660,2026.7.29,美浦,アドマイヤマーズ,ゴッコ,金森圭史朗,プログレスファーム,,
美浦,D,左,20260729,水,5:05,キコリータ,,牝,3,0,田中勝春,,,,,87.1,69.1,53.7,39.2,25.0,11.9,,,,18.0,15.4,14.5,14.2,13.1,11.9,2023103321,2026.7.29,美浦,レイデオロ,アルマンド,キーファーズ,社台ファーム,,
美浦,D,左,20260729,水,5:05,キチロクゴール,,牡,3,0,松永康利,,,,,86.4,69.6,53.8,39.1,24.9,11.7,,,,16.8,15.8,14.7,14.2,13.2,11.7,2023104916,2026.7.29,美浦,デクラレーションオブウォー,スズカプリズム,山本正美,辻牧場,,
美浦,D,左,20260729,水,5:05,シェーンリヒト,,牡,2,未出走,手塚貴久,,,,,82.3,65.8,51.3,37.0,23.4,11.4,,,,16.5,14.5,14.3,13.6,12.0,11.4,2024105874,2026.7.29,美浦,エフフォーリア,シェーングランツ,DMMドリームクラブ,社台ファーム,,
美浦,D,左,20260729,水,5:05,ジュエルドレーサー,,牡,5,130,蛯名利弘,,,,,83.0,66.1,51.5,37.3,23.9,11.5,,,,16.9,14.6,14.2,13.4,12.4,11.5,2021100478,2026.7.29,美浦,ビッグアーサー,ブイルージュ,ノルマンディーサラブレッドレーシング,村上牧場,,
美浦,D,左,20260729,水,5:05,スターチスブーケ,,牝,5,400,田中勝春,,,,,,,54.4,38.7,24.2,11.6,,,,,,15.7,14.5,12.6,11.6,2021110075,2026.7.29,美浦,"Practical Joke","Sovereign Halo",ノルマンディーサラブレッドレーシング,"Gerty Bloodstock",,
美浦,D,左,20260729,水,5:05,ダイユウヴェンティ,,牝,3,0,松永康利,,,,,85.4,68.9,53.2,38.7,24.5,11.5,,,,16.5,15.7,14.5,14.2,13.0,11.5,2023105102,2026.7.29,美浦,サートゥルナーリア,クールアンフルール,大友靖岐,上山牧場,,
美浦,D,左,20260729,水,5:05,パレホ,,牝,3,0,中川公成,,,,,84.6,67.9,53.3,38.7,24.6,11.9,,,,16.7,14.6,14.6,14.1,12.7,11.9,2023100985,2026.7.29,美浦,スワーヴリチャード,スターライラック,庄野宏志,庄野牧場,,
美浦,D,左,20260729,水,5:05,ヒットアンドロール,,牡,5,0,田中勝春,,,,,88.1,69.6,54.0,38.9,24.6,11.8,,,,18.5,15.6,15.1,14.3,12.8,11.8,2021104974,2026.7.29,美浦,ブリックスアンドモルタル,エオリアンハープ,薗部博之,社台ファーム,,
美浦,D,左,20260729,水,5:05,ファンシーフリル,,牝,3,400,蛯名利弘,,,,,81.9,65.4,51.1,36.9,23.5,11.6,,,,16.5,14.3,14.2,13.4,11.9,11.6,2023101676,2026.7.29,美浦,フォーウィールドライブ,ラブヴィサージュ,服部英利,荻伏服部牧場,,
美浦,D,左,20260729,水,5:05,モウエエデショー,,牡,3,400,萱野浩二,,,,,85.5,68.2,52.5,37.6,23.9,11.5,,,,17.3,15.7,14.9,13.7,12.4,11.5,2023105433,2026.7.29,美浦,ダノンプレミアム,フルオブドリームズ,大田恭充,アフリートファーム,,
美浦,D,左,20260729,水,5:05,モーニンムスメ,,牝,3,0,加藤和宏,,,,,85.4,68.1,53.1,38.8,25.2,12.5,,,,17.3,15.0,14.3,13.6,12.7,12.5,2023104693,2026.7.29,美浦,モーニン,スターライトジャズ,大田恭充,メイタイファーム,,
美浦,D,左,20260729,水,5:05,ラガリーガ,,牡,2,0,手塚貴久,,,,,81.7,65.2,50.7,36.7,23.3,11.4,,,,16.5,14.5,14.0,13.4,11.9,11.4,2024106670,2026.7.29,美浦,キズナ,ラサルダン,キャロットファーム,ノーザンファーム,,
美浦,D,左,20260729,水,5:05,ルークウォーム,,牝,2,400,手塚貴久,,,,,83.3,66.5,52.0,38.0,24.8,12.4,,,,16.8,14.5,14.0,13.2,12.4,12.4,2024100660,2026.7.29,美浦,"Too Darn Hot",スノースター,ゴドルフィン,ダーレー・ジャパン・ファーム,,
美浦,D,左,20260729,水,5:06,インザライムライト,,牝,3,0,和田雄二,,,,,86.5,67.6,51.1,36.4,24.0,12.1,,,,18.9,16.5,14.7,12.4,11.9,12.1,2023106441,2026.7.29,美浦,ベンバトル,コスモフットライト,ビッグレッドファーム,ビッグレッドファーム,,
美浦,D,左,20260729,水,5:06,キタノアヤカ,,牝,3,0,萱野浩二,,,,,86.8,70.0,54.7,40.0,25.6,12.4,,,,16.8,15.3,14.7,14.4,13.2,12.4,2023102715,2026.7.29,美浦,ロゴタイプ,ピンクノミーナ,北所直人,静内白井牧場,,
美浦,D,左,20260729,水,5:06,ギガントシュラーク,,牡,2,未出走,萱野浩二,,,,,86.8,70.0,54.7,40.0,25.6,12.4,,,,16.8,15.3,14.7,14.4,13.2,12.4,2024101182,2026.7.29,美浦,アニマルキングダム,ケイディーズバック,楠本勝大,門別牧場,,
美浦,D,左,20260729,水,5:06,ジャストビコーズ,,牝,3,0,武井亮,,,,,86.9,69.1,53.2,38.7,25.1,12.3,,,,17.8,15.9,14.5,13.6,12.8,12.3,2023104065,2026.7.29,美浦,インディチャンプ,イナズマアマリリス,石瀬浩三,小泉牧場,,
美浦,D,左,20260729,水,5:06,スナッピードレッサ,,牡,4,1500,大竹正博,,,,,83.7,67.8,52.0,37.6,23.7,11.3,,,,15.9,15.8,14.4,13.9,12.4,11.3,2022110007,2026.7.29,美浦,"Union Rags","Caramel Snap",ゴドルフィン,Godolphin,,
美浦,D,左,20260729,水,5:06,セントリアン,,牝,3,0,萱野浩二,,,,,85.3,68.5,53.2,38.3,24.4,12.1,,,,16.8,15.3,14.9,13.9,12.3,12.1,2023100888,2026.7.29,美浦,アジアエクスプレス,ラブラブラブ,馬目勇,サンバマウンテンファーム,,
美浦,D,左,20260729,水,5:06,フロステリオン,,牡,3,0,萱野浩二,,,,,83.7,67.9,52.9,38.1,24.4,12.1,,,,15.8,15.0,14.8,13.7,12.3,12.1,2023102266,2026.7.29,美浦,ディープブリランテ,リゼブルー,ローレルレーシング,吉永ファーム,,
美浦,D,左,20260729,水,5:06,ヘルメスギャング,,セ,3,400,武井亮,,,,,86.7,69.2,53.4,38.7,24.7,12.0,,,,17.5,15.8,14.7,14.0,12.7,12.0,2023100729,2026.7.29,美浦,ブリックスアンドモルタル,アディクション,フィールドレーシング,オリオンファーム,,
美浦,D,左,20260729,水,5:07,イージーブリージー,,牝,5,400,伊坂重信,,,,,83.9,66.3,51.0,36.3,23.1,11.3,,,,17.6,15.3,14.7,13.2,11.8,11.3,2021105035,2026.7.29,美浦,トーセンラー,コージーロージー,吉田千津,社台ファーム,,
美浦,D,左,20260729,水,5:07,ウーバーストロング,,牡,4,400,杉浦宏昭,,,,,86.5,66.5,50.6,36.2,23.2,11.4,,,,20.0,15.9,14.4,13.0,11.8,11.4,2022103629,2026.7.29,美浦,レッドベルジュール,フラヴィニー,原昌久,岡田牧場,,
美浦,D,左,20260729,水,5:07,エレスレイプニル,,牡,2,0,杉浦宏昭,,,,,89.5,69.4,53.6,39.2,25.3,12.4,,,,20.1,15.8,14.4,13.9,12.9,12.4,2024106831,2026.7.29,美浦,ハイランドリール,グラディエント,島川隆哉,エスティファーム,,
美浦,D,左,20260729,水,5:07,シュネーバレン,,牝,2,0,牧光二,,,,,85.2,67.0,51.3,37.2,24.0,12.0,,,,18.2,15.7,14.1,13.2,12.0,12.0,2024100076,2026.7.29,美浦,ダノンスマッシュ,マイネサヴァラン,ビッグレッドファーム,新井昭二牧場,,
美浦,D,左,20260729,水,5:07,セルリア,,牝,3,0,大和田成,,,,,84.0,67.2,52.3,38.1,24.4,11.8,,,,16.8,14.9,14.2,13.7,12.6,11.8,2023103843,2026.7.29,美浦,グレーターロンドン,レーヌユニヴェール,田中純一,ゼットステーブル,,
美浦,D,左,20260729,水,5:07,セレスティアハート,,牝,3,未出走,的場均,,,,,82.9,65.9,51.1,37.1,23.6,11.5,,,,17.0,14.8,14.0,13.5,12.1,11.5,2023100186,2026.7.29,美浦,モズアスコット,プリンセスフローラ,田頭勇貴,タガミファーム,,
美浦,D,左,20260729,水,5:07,テングカゼ,,牡,2,未出走,的場均,,,,,85.4,68.4,53.1,38.5,24.8,11.8,,,,17.0,15.3,14.6,13.7,13.0,11.8,2024105454,2026.7.29,美浦,カデナ,プリモスペード,田頭勇貴,中橋清,,
美浦,D,左,20260729,水,5:07,デルマエアロール,,牝,4,400,大和田成,,,,,84.6,67.6,52.6,38.3,24.6,12.0,,,,17.0,15.0,14.3,13.7,12.6,12.0,2022105535,2026.7.29,美浦,マインドユアビスケッツ,メープルリキュール,浅沼廣幸,社台ファーム,,
美浦,D,左,20260729,水,5:07,ピコバレット,,牡,3,0,牧光二,,,,,85.7,67.5,51.8,37.4,24.0,11.9,,,,18.2,15.7,14.4,13.4,12.1,11.9,2023107508,2026.7.29,美浦,"Stay Inside","Burgundy Belle",ビジュピコ,"Wallings Bloodstock Pty Ltd",,
美浦,D,左,20260729,水,5:07,フォーエバーブルー,,牝,2,0,杉浦宏昭,,,,,87.3,66.5,51.0,36.4,23.3,11.4,,,,20.8,15.5,14.6,13.1,11.9,11.4,2024104566,2026.7.29,美浦,リアルスティール,シェーネフラウ,菅井敦,タイヘイ牧場,,
美浦,D,左,20260729,水,5:07,フクチャントウメイ,,セ,5,900,加藤征弘,,,,,85.2,67.5,52.5,38.4,24.8,12.2,,,,17.7,15.0,14.1,13.6,12.6,12.2,2021105086,2026.7.29,美浦,ストロングリターン,スタートアップ,福田義明,社台ファーム,,
美浦,D,左,20260729,水,5:07,ブレーザー,,牡,5,3600,伊坂重信,,,,,83.6,65.9,50.3,36.0,22.9,11.2,,,,17.7,15.6,14.3,13.1,11.7,11.2,2021100114,2026.7.29,美浦,シゲルカガ,シゲルアンドロメダ,ノルマンディーサラブレッドレーシング,グローリーファーム,,
美浦,D,左,20260729,水,5:07,ベアベルヴォワ,,牝,2,未出走,杉浦宏昭,,,,,89.7,69.5,53.8,39.3,25.4,12.6,,,,20.2,15.7,14.5,13.9,12.8,12.6,2024107164,2026.7.29,美浦,ニューイヤーズデイ,ベルヴォワ,熊木浩,レイクヴィラファーム,,
美浦,D,左,20260729,水,5:07,ベイビーベリッシモ,,牡,4,0,大和田成,,,,,85.6,68.2,53.2,38.8,25.3,12.4,,,,17.4,15.0,14.4,13.5,12.9,12.4,2022102728,2026.7.29,美浦,ロゴタイプ,カルテブランシェ,熊澤亮輔,杵臼牧場,,
美浦,D,左,20260729,水,5:07,ラッキーキッド,,牡,3,1600,加藤征弘,,,,,84.2,66.0,50.6,36.7,23.5,11.3,,,,18.2,15.4,13.9,13.2,12.2,11.3,2023101148,2026.7.29,美浦,ディスクリートキャット,ハッピーゴラッキー,ゴドルフィン,ダーレー・ジャパン・ファーム,,
美浦,D,左,20260729,水,5:08,ニシノロッドマン,,牡,3,0,矢嶋大樹,,,,,83.2,66.1,51.7,37.5,24.1,12.0,,,,17.1,14.4,14.2,13.4,12.1,12.0,2023104706,2026.7.29,美浦,リーチザクラウン,ニシノミウ,西山茂行,メイタイファーム,,
美浦,D,左,20260729,水,5:08,マイネルアウルム,,牡,4,500,伊藤伸一,,,,,88.4,69.9,54.7,39.7,25.0,12.5,,,,18.5,15.2,15.0,14.7,12.5,12.5,2022106811,2026.7.29,美浦,ゴールドシップ,マイネチャーム,サラブレッドクラブ・ラフィアン,ビッグレッドファーム,,
美浦,D,左,20260729,水,5:08,ヴィスクレス,,牡,3,0,矢嶋大樹,,,,,84.5,67.0,52.1,37.6,24.0,11.9,,,,17.5,14.9,14.5,13.6,12.1,11.9,2023106167,2026.7.29,美浦,スワーヴリチャード,スプリングイズヒア,ターフ・スポート,スカイビーチステーブル,,
美浦,D,左,20260729,水,5:09,イセッセイ,,牝,3,0,伊藤伸一,,,,,84.8,66.4,51.5,37.3,24.0,11.9,,,,18.4,14.9,14.2,13.3,12.1,11.9,2023106294,2026.7.29,美浦,エスポワールシチー,イセエビ,芳賀克也,アサヒ牧場,,
美浦,D,左,20260729,水,5:09,ケブラダラボジェラ,,牝,2,未出走,伊藤伸一,,,,,84.7,66.4,51.5,37.3,24.0,12.0,,,,18.3,14.9,14.2,13.3,12.0,12.0,2024103613,2026.7.29,美浦,シルバーステート,バルタ,ビッグレッドファーム,ビッグレッドファーム,,
美浦,D,左,20260729,水,5:09,ジオパークカツキ,,牡,2,未出走,伊藤圭三,,,,,85.8,68.4,52.7,37.5,23.5,11.2,,,,17.4,15.7,15.2,14.0,12.3,11.2,2024102740,2026.7.29,美浦,ビッグアーサー,アリーハー,小関勝紀,バンブー牧場,,
美浦,D,左,20260729,水,5:09,スピカテソーロ,,牡,2,未出走,伊藤圭三,,,,,85.9,68.5,52.9,37.7,23.6,11.3,,,,17.4,15.6,15.2,14.1,12.3,11.3,2024101273,2026.7.29,美浦,エピファネイア,チェストケリリー,了徳寺健二ホールディングス,リョーケンファーム,,
美浦,D,左,20260729,水,5:09,ソウルアンドジャズ,,セ,5,900,武井亮,,,,,85.0,67.0,51.7,37.0,23.4,11.5,,,,18.0,15.3,14.7,13.6,11.9,11.5,2021106694,2026.7.29,美浦,ブリックスアンドモルタル,ナスノシベリウス,グリーンファーム,ハシモトフアーム,,
美浦,D,左,20260729,水,5:09,ディーヴァレギオン,,牡,2,0,斎藤誠,,,,,85.7,67.0,51.7,37.7,23.8,11.4,,,,18.7,15.3,14.0,13.9,12.4,11.4,2024106350,2026.7.29,美浦,ナダル,シャドウディーヴァ,スリーエイチレーシング,ノーザンファーム,,
美浦,D,左,20260729,水,5:09,ニシノイサリビ,,牡,2,400,斎藤誠,,,,,84.1,67.8,52.2,37.3,23.9,11.7,,,,16.3,15.6,14.9,13.4,12.2,11.7,2024103977,2026.7.29,美浦,ダノンスマッシュ,ヒルノマリブ,西山茂行,山岡ファーム,,
美浦,D,左,20260729,水,5:09,ノドゥス,,牡,2,0,斎藤誠,,,,,83.5,67.5,51.8,37.2,23.8,11.7,,,,16.0,15.7,14.6,13.4,12.1,11.7,2024100464,2026.7.29,美浦,キズナ,ヒアトゥウィン,スリーエイチレーシング,下河辺牧場,,
美浦,D,左,20260729,水,5:09,マルスフィス,,牡,2,未出走,斎藤誠,,,,,85.3,66.7,51.5,37.5,23.6,11.5,,,,18.6,15.2,14.0,13.9,12.1,11.5,2024105581,2026.7.29,美浦,アドマイヤマーズ,リアンフィーユ,"CHEVAL ATTACHE",前田ファーム,,
美浦,D,左,20260729,水,5:10,オオルリ,,牝,2,未出走,水野貴広,,,,,87.5,69.8,53.5,38.8,24.4,11.7,,,,17.7,16.3,14.7,14.4,12.7,11.7,2024103646,2026.7.29,美浦,ベンバトル,ウォーブル,ブルースターズファーム,ブルースターズファーム,,
美浦,D,左,20260729,水,5:10,ゴールドシャーク,,牝,4,400,水野貴広,,,,,84.5,67.7,53.0,38.3,24.1,11.5,,,,16.8,14.7,14.7,14.2,12.6,11.5,2022101917,2026.7.29,美浦,オルフェーヴル,ゴールドゲッコー,野村茂雄,日高大洋牧場,,
美浦,D,左,20260729,水,5:10,スカーレットジーン,,牝,3,0,水野貴広,,,,,86.7,69.4,53.1,38.4,24.1,11.7,,,,17.3,16.3,14.7,14.3,12.4,11.7,2023103465,2026.7.29,美浦,トーセンラー,ダイワウィズミー,吉田千津,社台ファーム,,
美浦,D,左,20260729,水,5:10,ライングラウス,,牡,2,未出走,水野貴広,,,,,87.9,70.0,53.8,38.9,24.5,11.8,,,,17.9,16.2,14.9,14.4,12.7,11.8,2024104199,2026.7.29,美浦,シニスターミニスター,アートオブビーン,大澤繁昌,岡田牧場,,
美浦,D,左,20260729,水,5:10,ヴェニゼロス,,牝,3,0,林徹,,,,,,,53.3,38.3,23.8,11.4,,,,,,15.0,14.5,12.4,11.4,2023106893,2026.7.29,美浦,コントレイル,ヴァシリカ,サンデーレーシング,ノーザンファーム,,
美浦,D,左,20260729,水,5:11,イナンナ,,牝,3,0,奥村武,,,,,83.5,67.1,52.1,37.8,24.1,11.6,,,,16.4,15.0,14.3,13.7,12.5,11.6,2023102211,2026.7.29,美浦,マジェスティックウォリアー,アンミ,武田茂男,まるとみ冨岡牧場,,
美浦,D,左,20260729,水,5:11,インテルラゴス,,牝,2,未出走,奥村武,,,,,82.2,66.1,50.9,37.2,23.6,11.3,,,,16.1,15.2,13.7,13.6,12.3,11.3,2024106448,2026.7.29,美浦,インディチャンプ,ダンサール,吉田勝己,ノーザンファーム,,
美浦,D,左,20260729,水,5:11,サトノエピック,,牡,5,3400,奥村武,,,,,82.9,66.0,51.6,37.4,23.8,11.3,,,,16.9,14.4,14.2,13.6,12.5,11.3,2021105271,2026.7.29,美浦,キタサンブラック,ランドオーバーシー,里見治,社台ファーム,,
美浦,D,左,20260729,水,5:11,シェリアドレ,,牝,3,0,奥村武,,,,,84.2,67.3,52.4,37.8,24.1,11.5,,,,16.9,14.9,14.6,13.7,12.6,11.5,2023102518,2026.7.29,美浦,ドレフォン,クイーングラス,遠藤良一,カタオカフアーム,,
美浦,D,左,20260729,水,5:12,ゴールデンステップ,,牝,5,400,和田勇介,,,,,86.5,68.9,54.0,38.9,24.7,12.1,,,,17.6,14.9,15.1,14.2,12.6,12.1,2021103555,2026.7.29,美浦,ブリックスアンドモルタル,ルミナスレッド,岡田牧雄,岡田スタツド,,
美浦,D,左,20260729,水,5:12,ソナタン,,牡,4,400,和田勇介,,,,,84.4,68.4,53.2,38.8,24.9,12.1,,,,16.0,15.2,14.4,13.9,12.8,12.1,2022105241,2026.7.29,美浦,レッドファルクス,ヴァイオリンソナタ,UHレーシング,社台ファーム,,
美浦,D,左,20260729,水,5:13,ヤマカンドリーミン,,牡,3,0,和田勇介,,,,,86.1,68.2,53.5,38.3,24.1,11.7,,,,17.9,14.7,15.2,14.2,12.4,11.7,2023106660,2026.7.29,美浦,ファインニードル,エムティアン,山崎太嗣,門別牧場,,
美浦,D,左,20260729,水,5:13,ランドフォートレス,,牡,2,未出走,和田勇介,,,,,87.6,69.7,54.4,38.7,24.3,11.7,,,,17.9,15.3,15.7,14.4,12.6,11.7,2024106096,2026.7.29,美浦,イスラボニータ,レディシビル,梅澤明,社台ファーム,,
美浦,D,左,20260729,水,5:13,ワイズファミリア,,牝,3,0,本間忍,,,,,88.4,70.2,54.1,38.9,24.3,11.7,,,,18.2,16.1,15.2,14.6,12.6,11.7,2023103550,2026.7.29,美浦,ブリックスアンドモルタル,ペイドメルヴェイユ,山下裕司,社台ファーム,,
美浦,D,左,20260729,水,5:15,カラスアゲハ,,牝,2,未出走,佐藤吉勝,,,,,87.9,68.7,53.0,38.7,25.2,12.8,,,,19.2,15.7,14.3,13.5,12.4,12.8,2024103786,2026.7.29,美浦,ワールドプレミア,グッドモーメント,江川伸夫,マリオステーブル,,
美浦,D,左,20260729,水,5:15,ケイジャーダ,,牝,2,未出走,佐藤吉勝,,,,,87.3,67.8,52.1,37.8,24.1,11.9,,,,19.5,15.7,14.3,13.7,12.2,11.9,2024103607,2026.7.29,美浦,グローリーヴェイズ,ダリオール,サラブレッドクラブ・ラフィアン,ビッグレッドファーム,,
美浦,D,左,20260729,水,5:15,ソルトバーン,,牝,3,0,和田雄二,,,,,84.4,67.5,52.5,38.5,24.7,11.7,,,,16.9,15.0,14.0,13.8,13.0,11.7,2023102163,2026.7.29,美浦,ノーブルミッション,ミスミズ,佐藤大介,日本中央競馬会日高育成牧場,,
美浦,D,左,20260729,水,5:15,テリオスブギ,,牝,2,未出走,田島俊明,,,,,84.8,68.1,53.0,38.3,24.3,11.9,,,,16.7,15.1,14.7,14.0,12.4,11.9,2024106551,2026.7.29,美浦,インディチャンプ,フレグラントブレス,鈴木美江子,ノーザンファーム,,
美浦,D,左,20260729,水,5:15,トキメキジニア,,牝,4,400,佐藤吉勝,,,,,86.6,67.1,51.7,37.6,24.0,11.8,,,,19.5,15.4,14.1,13.6,12.2,11.8,2022100323,2026.7.29,美浦,コパノリッキー,メイショウアンデス,片岡正雄,中神牧場,,
美浦,D,左,20260729,水,5:15,ビップチェイス,,牡,5,900,田島俊明,,,,,85.2,68.2,53.1,38.3,24.3,11.9,,,,17.0,15.1,14.8,14.0,12.4,11.9,2021105763,2026.7.29,美浦,アルアイン,ベッラレイア,鈴木邦英,ノーザンファーム,,
美浦,D,左,20260729,水,5:15,ビップルーチェ,,牝,2,未出走,田島俊明,,,,,84.6,68.4,53.2,38.5,24.6,12.0,,,,16.2,15.2,14.7,13.9,12.6,12.0,2024104028,2026.7.29,美浦,サトノダイヤモンド,オルトリンデ,鈴木邦英,アフリートファーム,,
美浦,D,左,20260729,水,5:15,ルブラッシュノモー,,牡,2,未出走,佐藤吉勝,,,,,87.2,67.9,52.3,37.9,24.3,12.0,,,,19.3,15.6,14.4,13.6,12.3,12.0,2024100867,2026.7.29,美浦,エポカドーロ,オスカークロンヌ,伊藤公一,日西牧場,,
美浦,D,左,20260729,水,5:16,コスモスプモーニ,,牡,6,900,松山将樹,,,,,83.5,67.2,52.4,37.9,24.7,12.4,,,,16.3,14.8,14.5,13.2,12.3,12.4,2020101261,2026.7.29,美浦,リアルインパクト,シャドウライフ,ビッグレッドファーム,荒井ファーム,,
美浦,D,左,20260729,水,5:16,セイロンジェムズ,,牡,5,900,鈴木慎太,,,,,83.7,66.8,52.0,37.7,23.9,11.5,,,,16.9,14.8,14.3,13.8,12.4,11.5,2021105575,2026.7.29,美浦,レイデオロ,シンハライト,吉田和美,ノーザンファーム,,
美浦,D,左,20260729,水,5:16,ニシノトップダノン,,牡,3,0,松山将樹,,,,,83.9,66.7,51.6,37.4,24.4,12.2,,,,17.2,15.1,14.2,13.0,12.2,12.2,2023106255,2026.7.29,美浦,ダノンスマッシュ,ニシノマナムスメ,西山茂行,ガーベラパークスタツド,,
美浦,D,左,20260729,水,5:16,フォンドルレール,,牡,3,0,戸田博文,,,,,85.2,67.3,52.4,37.9,24.2,11.8,,,,17.9,14.9,14.5,13.7,12.4,11.8,2023103799,2026.7.29,美浦,ルヴァンスレーヴ,ダンスウィズキトゥン,G1レーシング,社台コーポレーション白老ファーム,,
美浦,D,左,20260729,水,5:16,プラチナムディスク,,牝,3,0,小笠倫弘,,,,,86.4,68.8,53.6,38.9,24.8,11.9,,,,17.6,15.2,14.7,14.1,12.9,11.9,2023102383,2026.7.29,美浦,ゴールドドリーム,スノークラフト,岡田牧雄,岡田スタツド,,
美浦,D,左,20260729,水,5:16,ホグホグナナハン,,牡,3,0,小笠倫弘,,,,,86.4,68.8,53.8,39.0,24.9,12.0,,,,17.6,15.0,14.8,14.1,12.9,12.0,2023104610,2026.7.29,美浦,オルフェーヴル,クリッピングエリア,薗部博之,村上欽哉,,
美浦,D,左,20260729,水,5:16,ラヴレイン,,牝,2,未出走,松山将樹,,,,,84.1,67.0,51.8,37.6,24.4,12.2,,,,17.1,15.2,14.2,13.2,12.2,12.2,2024106768,2026.7.29,美浦,サリオス,クィーンユニバンス,亀井哲也,アスラン,,
美浦,D,左,20260729,水,5:16,ヴィーデ,,セ,4,400,戸田博文,,,,,86.1,68.2,53.4,38.7,24.7,11.9,,,,17.9,14.8,14.7,14.0,12.8,11.9,2022100548,2026.7.29,美浦,ルヴァンスレーヴ,ピアノボレロ,G1レーシング,片山牧場,,
美浦,D,左,20260729,水,5:17,カレンデュラ,,牝,3,900,室井潔,,,,,85.7,67.9,52.0,37.1,23.3,11.1,,,,17.8,15.9,14.9,13.8,12.2,11.1,2023106613,2026.7.29,美浦,アルアイン,オフェーリアシチー,ミルファーム,松田牧場,,
美浦,D,左,20260729,水,5:17,マイネルジェロディ,,牡,8,2400,室井潔,,,,,86.2,68.2,52.3,37.3,23.6,11.2,,,,18.0,15.9,15.0,13.7,12.4,11.2,2018102155,2026.7.29,美浦,スクリーンヒーロー,マイネエレーナ,サラブレッドクラブ・ラフィアン,ビッグレッドファーム,,
美浦,D,左,20260729,水,5:17,メモリーグラス,,牡,6,900,松永康利,,,,,86.5,68.3,53.4,38.5,24.2,11.9,,,,18.2,14.9,14.9,14.3,12.3,11.9,2020107095,2026.7.29,美浦,イスラボニータ,ラベンダーメモリー,田頭勇貴,浜本牧場,,
美浦,D,左,20260729,水,5:17,ローレルエース,,牡,3,0,松永康利,,,,,89.1,70.5,54.7,39.2,24.7,12.1,,,,18.6,15.8,15.5,14.5,12.6,12.1,2023104559,2026.7.29,美浦,ヤマカツエース,ウインクルジニー,ローレルレーシング,松木加代,,
美浦,D,左,20260729,水,5:18,イイクニパッション,,牡,3,0,深山雅史,,,,,88.1,66.6,49.6,35.3,22.6,11.3,,,,21.5,17.0,14.3,12.7,11.3,11.3,2023100102,2026.7.29,美浦,ビッグアーサー,シゲルアンドロメダ,武中進,グローリーファーム,,
美浦,D,左,20260729,水,5:18,グランフィエスタ,,牡,3,0,稲垣幸雄,,,,,85.7,67.8,53.4,39.2,25.5,12.8,,,,17.9,14.4,14.2,13.7,12.7,12.8,2023105577,2026.7.29,美浦,サートゥルナーリア,ミルウ,大塚亮一,隆栄牧場,,
美浦,D,左,20260729,水,5:18,サフランルージュ,,牝,3,400,室井潔,,,,,87.7,68.6,52.7,38.2,24.5,11.7,,,,19.1,15.9,14.5,13.7,12.8,11.7,2023101820,2026.7.29,美浦,ワールドプレミア,サフランハーモニー,海原聖一,林農場,,
美浦,D,左,20260729,水,5:18,シュバルツガイスト,,牡,6,900,手塚貴徳,,,,,87.5,69.7,54.9,39.6,25.2,12.2,,,,17.8,14.8,15.3,14.4,13.0,12.2,2020103575,2026.7.29,美浦,キタサンブラック,フリーティングスピリット,インゼルレーシング,ノーザンファーム,,
美浦,D,左,20260729,水,5:18,ミカッテヨンデイイ,,牝,6,1200,室井潔,,,,,87.0,67.9,52.1,37.7,24.1,11.4,,,,19.1,15.8,14.4,13.6,12.7,11.4,2020103049,2026.7.29,美浦,イスラボニータ,ボルティモア,ニューマレコード,社台ファーム,,
美浦,D,左,20260729,水,5:18,ヨルヴィック,,牝,3,0,稲垣幸雄,,,,,82.6,65.3,51.1,37.4,23.9,11.5,,,,17.3,14.2,13.7,13.5,12.4,11.5,2023107242,2026.7.29,美浦,ナダル,マラムデール,吉田勝己,ノーザンファーム,,
美浦,D,左,20260729,水,5:18,ラインホルト,,牡,2,未出走,手塚貴徳,,,,,86.7,69.0,54.3,39.2,24.9,12.1,,,,17.7,14.7,15.1,14.3,12.8,12.1,2024106108,2026.7.29,美浦,ホッコータルマエ,アイムポッシブル,G1レーシング,ノーザンファーム,,
美浦,D,左,20260729,水,5:19,グランシュレーム,,牝,2,未出走,高木登,,,,,88.7,70.1,54.5,38.5,24.0,11.4,,,,18.6,15.6,16.0,14.5,12.6,11.4,2024106933,2026.7.29,美浦,ナダル,リアリゾンルレーヴ,G1レーシング,追分ファーム,,
美浦,D,左,20260729,水,5:19,サスツルギ,,セ,6,2400,千葉直人,,,,,83.6,65.9,51.1,37.1,23.8,11.5,,,,17.7,14.8,14.0,13.3,12.3,11.5,2020103439,2026.7.29,美浦,ハーツクライ,スノーパイン,サンデーレーシング,ノーザンファーム,,
美浦,D,左,20260729,水,5:19,タイキオーベロン,,牡,4,400,高木登,,,,,88.6,69.6,54.0,38.4,23.9,11.4,,,,19.0,15.6,15.6,14.5,12.5,11.4,2022103155,2026.7.29,美浦,ダノンレジェンド,ブラックフェアリー,大樹ファーム,ビクトリーホースランチ,,
美浦,D,左,20260729,水,5:19,マイネルモーント,,牡,6,4100,高木登,,,,,87.8,69.1,53.7,38.2,23.7,11.2,,,,18.7,15.4,15.5,14.5,12.5,11.2,2020105749,2026.7.29,美浦,ゴールドシップ,ゲッカコウ,サラブレッドクラブ・ラフィアン,ビッグレッドファーム,,
美浦,D,左,20260729,水,5:20,エルシオン,,牝,2,0,柄崎将寿,,,,,,,56.1,41.0,26.6,12.5,,,,,,15.1,14.4,14.1,12.5,2024100050,2026.7.29,美浦,ステルヴィオ,マリーチ,磯波勇F,天羽禮治牧場,,
美浦,D,左,20260729,水,5:20,カフェニクス,,牝,5,1500,柄崎将寿,,,,,,,56.4,41.6,26.7,12.7,,,,,,14.8,14.9,14.0,12.7,2021103288,2026.7.29,美浦,サンダースノー,ルミエールカフェ,西川光一,三嶋牧場,,
美浦,D,左,20260729,水,5:20,シュートザワークス,,牡,2,0,千葉直人,,,,,87.3,68.9,52.5,37.6,23.7,11.5,,,,18.4,16.4,14.9,13.9,12.2,11.5,2024107076,2026.7.29,美浦,インディチャンプ,ワーキングプライド,G1レーシング,社台コーポレーション白老ファーム,,
美浦,D,左,20260729,水,5:20,テンミラクルスター,,牝,4,1500,辻哲英,,,,,84.6,67.3,53.3,39.2,25.2,11.9,,,,17.3,14.0,14.1,14.0,13.3,11.9,2022101134,2026.7.29,美浦,エピファネイア,ミスパッション,天白泰司,いとう牧場,,
美浦,D,左,20260729,水,5:20,ニシノトラノスケ,,牡,2,未出走,千葉直人,,,,,86.9,68.7,52.8,37.9,23.8,11.5,,,,18.2,15.9,14.9,14.1,12.3,11.5,2024102993,2026.7.29,美浦,アドマイヤマーズ,ビクトリアスマイル,西山茂行,カミイスタット,,
美浦,D,左,20260729,水,5:20,ベルウッドクレド,,牡,3,400,辻哲英,,,,,85.6,68.9,54.3,39.8,25.4,12.0,,,,16.7,14.6,14.5,14.4,13.4,12.0,2023103957,2026.7.29,美浦,シルバーステート,ラヴザットマスタング,鈴木照雄,アラキフアーム,,
美浦,D,左,20260729,水,5:20,ボーデコール,,牡,2,未出走,柄崎将寿,,,,,,,55.3,39.6,26.0,12.3,,,,,,15.7,13.6,13.7,12.3,2024105790,2026.7.29,美浦,イスラボニータ,エレベル,吉田照哉,社台ファーム,,
美浦,D,左,20260729,水,5:20,マーズウェーブ,,牡,2,未出走,辻哲英,,,,,86.4,69.4,54.7,40.1,25.6,12.1,,,,17.0,14.7,14.6,14.5,13.5,12.1,2024106159,2026.7.29,美浦,アドマイヤマーズ,アンフィトリテ,キャロットファーム,ノーザンファーム,,
美浦,D,左,20260729,水,5:20,メッエフアパラ,,牡,5,900,辻哲英,,,,,86.2,67.9,52.9,38.4,24.5,11.8,,,,18.3,15.0,14.5,13.9,12.7,11.8,2021106066,2026.7.29,美浦,エスポワールシチー,ビーナストリック,丹羽裕正,岩見牧場,,
美浦,D,左,20260729,水,5:20,リーゼントモニカ,,牝,3,未出走,辻哲英,,,,,85.9,67.5,52.6,38.1,24.3,11.8,,,,18.4,14.9,14.5,13.8,12.5,11.8,2023103074,2026.7.29,美浦,モズアスコット,リーゼントアイリス,三浦大輔,畠山牧場,,
美浦,D,左,20260729,水,5:21,アップストローク,,セ,7,900,杉浦宏昭,,,,,85.5,69.0,53.6,39.0,25.0,11.9,,,,16.5,15.4,14.6,14.0,13.1,11.9,2019104675,2026.7.29,美浦,ディーマジェスティ,エマソング,吉田照哉,社台ファーム,,
美浦,D,左,20260729,水,5:21,イチザサンダー,,牡,2,未出走,高橋文雅,,,,,86.1,69.0,53.6,38.9,25.0,12.2,,,,17.1,15.4,14.7,13.9,12.8,12.2,2024104310,2026.7.29,美浦,サンライズノヴァ,イチザラブ,奈良崎孝一郎,桑嶋峰雄,,
美浦,D,左,20260729,水,5:21,クリスタルドレス,,牝,3,0,高橋文雅,,,,,85.1,68.4,52.8,38.2,24.4,11.8,,,,16.7,15.6,14.6,13.8,12.6,11.8,2023107406,2026.7.29,美浦,ジャスタウェイ,クレバークリス,ミルファーム,T.Mファーム,,
美浦,D,左,20260729,水,5:21,スマートブライド,,牝,2,未出走,加藤征弘,,,,,81.6,64.8,50.4,36.4,23.2,11.1,,,,16.8,14.4,14.0,13.2,12.1,11.1,2024101716,2026.7.29,美浦,ヘニーヒューズ,スマートランウェイ,大川徹,杵臼牧場,,
美浦,D,左,20260729,水,5:21,ブレイブシュガー,,牡,3,0,高橋文雅,,,,,84.8,68.2,52.5,38.0,24.2,11.6,,,,16.6,15.7,14.5,13.8,12.6,11.6,2023103997,2026.7.29,美浦,ミスチヴィアスアレックス,ブラックシュガー,加藤徹,大狩部牧場,,
美浦,D,左,20260729,水,5:21,ルージュカルデア,,牝,3,400,加藤征弘,,,,,82.1,65.2,50.6,36.5,23.2,11.1,,,,16.9,14.6,14.1,13.3,12.1,11.1,2023103595,2026.7.29,美浦,シスキン,レッドアネモス,東京ホースレーシング,社台ファーム,,
美浦,D,左,20260729,水,5:22,キャッチアップ,,牝,2,未出走,小野次郎,,,,,84.7,68.1,53.6,39.7,26.7,14.0,,,,16.6,14.5,13.9,13.0,12.7,14.0,2024101787,2026.7.29,美浦,ベンバトル,マイネランデブー,ビッグレッドファーム,笹島智則,,
美浦,D,左,20260729,水,5:22,ニシノリリックス,,牝,2,未出走,小野次郎,,,,,83.3,66.9,51.9,37.8,24.8,12.6,,,,16.4,15.0,14.1,13.0,12.2,12.6,2024103855,2026.7.29,美浦,リーチザクラウン,ニシノミンクス,西山茂行,村上欽哉牧場,,
美浦,D,左,20260729,水,5:22,ハニーアンバー,,牝,3,0,小野次郎,,,,,82.8,66.3,51.3,37.1,24.1,12.0,,,,16.5,15.0,14.2,13.0,12.1,12.0,2023109163,2026.7.29,美浦,ビッグアーサー,サクラコ,IZURUジャパン,夢大地グリーンバレー,,
美浦,D,左,20260729,水,5:22,ブラスセッション,,牝,2,未出走,小野次郎,,,,,83.3,66.9,52.3,38.5,25.5,13.0,,,,16.4,14.6,13.8,13.0,12.5,13.0,2024105378,2026.7.29,美浦,ダノンプレミアム,ドナパフューム,日下部勝徳,千里ファーム,,
美浦,D,左,20260729,水,5:23,サトノアルペジオ,,セ,6,870,大和田成,,,,,85.2,68.3,53.5,38.7,25.1,11.9,,,,16.9,14.8,14.8,13.6,13.2,11.9,2020103477,2026.7.29,美浦,モーリス,チャームドヴェール,里見治,ノーザンファーム,,
美浦,D,左,20260729,水,5:23,サトノラポール,,セ,4,400,鹿戸雄一,,,,,84.3,68.2,53.1,38.2,24.2,11.7,,,,16.1,15.1,14.9,14.0,12.5,11.7,2022104786,2026.7.29,美浦,サートゥルナーリア,サトノユリア,里見治,ノーザンファーム,,
美浦,D,左,20260729,水,5:23,サンアントワーヌ,,牝,3,1950,鹿戸雄一,,,,,83.3,68.0,52.8,38.0,24.0,11.5,,,,15.3,15.2,14.8,14.0,12.5,11.5,2023107020,2026.7.29,美浦,ドレフォン,サンティール,吉田勝己,ノーザンファーム,,
美浦,D,左,20260729,水,5:23,スピンザブラッド,,牡,5,630,平岩大典,,,,,90.2,70.0,52.9,38.0,23.8,11.5,,,,20.2,17.1,14.9,14.2,12.3,11.5,2021105244,2026.7.29,美浦,ブリックスアンドモルタル,マンハッタンセレブ,NICKS,社台ファーム,,
美浦,D,左,20260729,水,5:23,フィクセルリリア,,牝,3,0,平岩大典,,,,,91.1,70.6,53.7,38.8,24.4,11.9,,,,20.5,16.9,14.9,14.4,12.5,11.9,2023103045,2026.7.29,美浦,モズアスコット,クイックモーション,鈴木剛史,野坂牧場,,
美浦,D,左,20260729,水,5:23,ルクスマーベリック,,セ,5,400,大和田成,,,,,79.6,63.6,49.8,36.4,24.1,12.3,,,,16.0,13.8,13.4,12.3,11.8,12.3,2021104105,2026.7.29,美浦,エピファネイア,サトノアイリ,ルクス,千代田牧場,,
美浦,D,左,20260729,水,5:24,ウリズンベー,,牡,3,400,古賀大生,,,,,83.9,67.5,53.0,38.6,24.4,11.6,,,,16.4,14.5,14.4,14.2,12.8,11.6,2023103709,2026.7.29,美浦,ルヴァンスレーヴ,ヌチバナ,G1レーシング,追分ファーム,,
美浦,D,左,20260729,水,5:24,ソヴリンゲート,,牡,2,未出走,戸田博文,,,,,85.2,68.1,52.9,38.0,24.3,11.9,,,,17.1,15.2,14.9,13.7,12.4,11.9,2024105369,2026.7.29,美浦,デクラレーションオブウォー,ラフェリシテ,大谷正嗣,城地牧場,,
美浦,D,左,20260729,水,5:24,ニュークリアス,,牡,3,0,古賀大生,,,,,85.0,68.1,53.4,38.8,24.5,11.7,,,,16.9,14.7,14.6,14.3,12.8,11.7,2023105341,2026.7.29,美浦,フィエールマン,リエヴェメンテ,池谷誠一,ノーザンファーム,,
美浦,D,左,20260729,水,5:24,ヘリオトロープ,,牡,4,900,古賀大生,,,,,84.4,67.6,53.2,38.7,24.3,11.7,,,,16.8,14.4,14.5,14.4,12.6,11.7,2022105198,2026.7.29,美浦,ヘニーヒューズ,ワンミリオンス,サンデーレーシング,ノーザンファーム,,
美浦,D,左,20260729,水,5:24,ヨーゼフ,,牡,3,0,戸田博文,,,,,86.1,68.6,53.3,38.3,24.5,11.9,,,,17.5,15.3,15.0,13.8,12.6,11.9,2023107061,2026.7.29,美浦,レイデオロ,ジョディー,小濱忠一,ノーザンファーム,,
美浦,D,左,20260729,水,5:25,カンティーユ,,牡,8,2070,嘉藤貴行,,,,,79.0,63.0,48.3,34.4,22.0,10.9,,,,16.0,14.7,13.9,12.4,11.1,10.9,2018103515,2026.7.29,美浦,オルフェーヴル,タマヒカル,ノルマンディーサラブレッドレーシング,岡田スタツド,,
美浦,D,左,20260729,水,5:25,セイウンサイフィー,,牡,2,未出走,上原博之,,,,,83.2,67.5,52.4,37.8,23.9,11.4,,,,15.7,15.1,14.6,13.9,12.5,11.4,2024101690,2026.7.29,美浦,コントレイル,マストビーレイト,西山茂行,ガーベラパークスタツド,,
美浦,D,左,20260729,水,5:25,ファイアマン,,牡,3,900,上原博之,,,,,83.6,67.8,52.7,38.1,24.1,11.4,,,,15.8,15.1,14.6,14.0,12.7,11.4,2023101154,2026.7.29,美浦,ディスクリートキャット,フラマブル,ゴドルフィン,ダーレー・ジャパン・ファーム,,
美浦,D,左,20260729,水,5:25,フェイスリフト,,牡,3,0,嘉藤貴行,,,,,88.9,71.5,56.0,41.1,26.2,12.6,,,,17.4,15.5,14.9,14.9,13.6,12.6,2023106605,2026.7.29,美浦,フォーウィールドライブ,ポンポン,ミルファーム,ミルファーム,,
美浦,D,左,20260729,水,5:26,コスモプルー,,牝,2,未出走,黒岩陽一,170.5,145.3,123.0,101.6,82.6,67.5,52.4,37.7,23.8,11.5,22.3,21.4,19.0,15.1,15.1,14.7,13.9,12.3,11.5,2024103576,2026.7.29,美浦,ダノンキングリー,ヴァニティールールズ,ビッグレッドファーム,ビッグレッドファーム,,
美浦,D,左,20260729,水,5:26,ジョブックボー,,牝,3,0,黒岩陽一,171.0,145.8,123.4,102.1,83.2,67.9,52.7,37.9,23.8,11.5,22.4,21.3,18.9,15.3,15.2,14.8,14.1,12.3,11.5,2023102311,2026.7.29,美浦,ハービンジャー,ジョブックコメン,萩本企画,池田スタッド,,
美浦,D,左,20260729,水,5:29,サレジオ,,牡,3,400,田中博康,,,,,82.5,66.1,51.5,37.1,23.7,11.8,,,,16.4,14.6,14.4,13.4,11.9,11.8,2023107014,2026.7.29,美浦,エピファネイア,サラキア,シルクレーシング,ノーザンファーム,,
美浦,D,左,20260729,水,5:29,フィンガー,,牡,3,10120,田中博康,,,,,83.0,66.6,51.9,37.5,23.8,11.8,,,,16.4,14.7,14.4,13.7,12.0,11.8,2023102813,2026.7.29,美浦,"Gun Runner",エスティロタレントーソ,エムズレーシング,高橋フアーム,,
美浦,D,左,20260729,水,5:57,ウィズアツインクル,,牡,3,0,牧光二,,,,,86.2,69.7,54.3,38.8,24.6,11.8,,,,16.5,15.4,15.5,14.2,12.8,11.8,2023102388,2026.7.29,美浦,ダノンバラード,ツインクルスター,岡田牧雄,岡田スタツド,,
美浦,D,左,20260729,水,5:57,オレデイイノカ,,牡,8,1500,古賀慎明,,,,,83.4,66.9,52.1,37.8,24.3,11.6,,,,16.5,14.8,14.3,13.5,12.7,11.6,2018101243,2026.7.29,美浦,サウスヴィグラス,グレイスフルアート,福島徳佑,赤石牧場,,
美浦,D,左,20260729,水,5:57,サトノシャムロック,,セ,4,400,古賀慎明,,,,,82.9,66.7,51.9,37.7,24.2,11.8,,,,16.2,14.8,14.2,13.5,12.4,11.8,2022104967,2026.7.29,美浦,ニューイヤーズデイ,ヒップホップスワン,里見治,ノーザンファーム,,
美浦,D,左,20260729,水,5:57,サムシングスイート,,牝,3,400,伊藤大士,,,,,83.6,67.0,51.9,37.9,24.1,11.2,,,,16.6,15.1,14.0,13.8,12.9,11.2,2023106219,2026.7.29,美浦,サートゥルナーリア,サムシングジャスト,グリーンファーム,那須野,,
美浦,D,左,20260729,水,5:57,ニシノルアノーヴァ,,牡,4,400,古賀慎明,,,,,81.3,65.6,50.8,36.7,23.6,11.2,,,,15.7,14.8,14.1,13.1,12.4,11.2,2022102709,2026.7.29,美浦,リオンディーズ,ニシノリコルディ,西山茂行,ガーベラパークスタツド,,
美浦,D,左,20260729,水,5:57,マカナ,,牝,4,1500,伊藤大士,,,,,84.1,67.4,52.0,38.0,24.2,11.2,,,,16.7,15.4,14.0,13.8,13.0,11.2,2022100019,2026.7.29,美浦,ゴールドシップ,シルクリバー,ニッシンホールディングス,市川フアーム,,
美浦,D,左,20260729,水,5:57,モンサンアミュザン,,牝,2,0,牧光二,,,,,85.6,69.1,53.9,38.5,24.4,11.7,,,,16.5,15.2,15.4,14.1,12.7,11.7,2024101224,2026.7.29,美浦,ダノンキングリー,テーオーメーテル,山下新一,ヤナガワ牧場,,
美浦,D,左,20260729,水,5:58,イスクメル,,牡,2,未出走,矢野英一,,,,,87.3,68.2,53.1,38.9,24.4,11.7,,,,19.1,15.1,14.2,14.5,12.7,11.7,2024106236,2026.7.29,美浦,アルアイン,エルビッシュ,Gリビエール・レーシング,ノーザンファーム,,
美浦,D,左,20260729,水,5:58,カンレイスター,,牝,3,400,矢野英一,,,,,84.7,67.1,52.2,37.3,23.1,11.2,,,,17.6,14.9,14.9,14.2,11.9,11.2,2023105558,2026.7.29,美浦,シスキン,ナスノカツラ,那須野牧場,那須野,,
美浦,D,左,20260729,水,5:58,キョウエイカンフ,,牡,6,900,勢司和浩,,,,,84.6,67.2,52.4,38.1,24.5,11.9,,,,17.4,14.8,14.3,13.6,12.6,11.9,2020100363,2026.7.29,美浦,アジアエクスプレス,クラシカルレディ,田中晴夫,幌村牧場,,
美浦,D,左,20260729,水,5:58,クールボビー,,牡,2,0,矢野英一,,,,,88.3,69.1,54.0,39.4,24.6,11.6,,,,19.2,15.1,14.6,14.8,13.0,11.6,2024105497,2026.7.29,美浦,シャンハイボビー,クールユリア,川上哲司,久井牧場,,
美浦,D,左,20260729,水,5:58,ケープアグラス,,牝,5,660,金成貴史,,,,,85.4,68.7,53.5,38.8,24.5,11.8,,,,16.7,15.2,14.7,14.3,12.7,11.8,2021100382,2026.7.29,美浦,エスポワールシチー,ケープタウンシチー,友駿ホースクラブ,幌村牧場,,
美浦,D,左,20260729,水,5:58,ゴバド,,牝,3,400,加藤征弘,,,,,88.7,69.7,54.2,39.1,25.1,12.3,,,,19.0,15.5,15.1,14.0,12.8,12.3,2023105239,2026.7.29,美浦,トーセンラー,シャンデリアスピン,阿部友弘,社台ファーム,,
美浦,D,左,20260729,水,5:58,サイモンオリエント,,牡,2,未出走,勢司和浩,,,,,82.4,65.8,51.1,37.2,23.9,11.4,,,,16.6,14.7,13.9,13.3,12.5,11.4,2024102477,2026.7.29,美浦,シャンハイボビー,シェリーカスク,澤田昭紀,笠松牧場,,
美浦,D,左,20260729,水,5:58,サトノエスケープ,,牡,3,400,久保田貴,,,,,82.4,66.6,52.0,37.4,23.6,11.3,,,,15.8,14.6,14.6,13.8,12.3,11.3,2023106932,2026.7.29,美浦,ジャスタウェイ,エルフィンコーブ,里見治,ノーザンファーム,,
美浦,D,左,20260729,水,5:58,サングラント,,牡,3,0,金成貴史,,,,,84.6,67.8,52.8,38.3,24.2,11.6,,,,16.8,15.0,14.5,14.1,12.6,11.6,2023106956,2026.7.29,美浦,ルヴァンスレーヴ,カールファターレ,野田努,ノーザンファーム,,
美浦,D,左,20260729,水,5:58,ノーブルクラウド,,牝,3,400,久保田貴,,,,,83.9,68.1,53.6,38.9,24.5,11.7,,,,15.8,14.5,14.7,14.4,12.8,11.7,2023103069,2026.7.29,美浦,カレンブラックヒル,ノーブルスノー,吉木伸彦,畠山牧場,,
美浦,D,左,20260729,水,5:58,パッションリッチ,,牡,4,900,久保田貴,,,,,83.3,67.3,52.5,38.0,24.0,11.2,,,,16.0,14.8,14.5,14.0,12.8,11.2,2022105390,2026.7.29,美浦,ドゥラメンテ,セータコローナ,宇田豊,社台ファーム,,
美浦,D,左,20260729,水,5:58,フキョウワオン,,牡,3,0,勢司和浩,,,,,82.7,65.9,51.2,37.3,24.1,11.4,,,,16.8,14.7,13.9,13.2,12.7,11.4,2023103971,2026.7.29,美浦,リアルスティール,ステイホーム,吉野智博,イワミ牧場,,
美浦,D,左,20260729,水,5:58,ブラーヴジャン,,牡,3,0,和田勇介,,,,,86.6,69.3,53.7,39.6,25.5,12.4,,,,17.3,15.6,14.1,14.1,13.1,12.4,2023103238,2026.7.29,美浦,ダノンプレミアム,クイーンオブハルカ,吉田智,前谷牧場,,
美浦,D,左,20260729,水,5:58,プラネタリーアワー,,牝,3,0,加藤征弘,,,,,84.6,68.0,52.8,38.1,24.5,12.0,,,,16.6,15.2,14.7,13.6,12.5,12.0,2023103421,2026.7.29,美浦,ドレフォン,シャインサンデー,社台レースホース,社台ファーム,,
美浦,D,左,20260729,水,5:58,ヤマメホープ,,牡,3,0,久保田貴,,,,,83.0,67.7,52.6,37.9,24.0,11.5,,,,15.3,15.1,14.7,13.9,12.5,11.5,2023103075,2026.7.29,美浦,コントレイル,レガリニ,越村哲男,畠山牧場,,
美浦,D,左,20260729,水,5:58,ヴァルフォース,,牝,2,未出走,加藤征弘,,,,,83.8,67.4,52.3,37.7,24.3,11.9,,,,16.4,15.1,14.6,13.4,12.4,11.9,2024105987,2026.7.29,美浦,ロードカナロア,ハーエミネンシー,平田修,社台ファーム,,
美浦,D,左,20260729,水,5:58,ヴィンブルレー,,牝,4,900,矢野英一,,,,,82.8,64.6,51.0,36.5,22.8,11.0,,,,18.2,13.6,14.5,13.7,11.8,11.0,2022104758,2026.7.29,美浦,ナダル,グリューヴァイン,キャロットファーム,ノーザンファーム,,
美浦,D,左,20260729,水,5:59,クツワエターナル,,牝,3,未出走,鈴木伸尋,,,,,85.3,68.6,53.6,38.8,24.4,11.7,,,,16.7,15.0,14.8,14.4,12.7,11.7,2023106293,2026.7.29,美浦,バンブーエール,クツワホームラン,芳賀克也,野坂牧場,,
美浦,D,左,20260729,水,5:59,クラウンアールシー,,牡,4,170,水野貴広,,,,,79.8,65.8,51.7,38.2,24.7,12.0,,,,14.0,14.1,13.5,13.5,12.7,12.0,2022101286,2026.7.29,美浦,ブリックスアンドモルタル,クラウンロゼ,矢野恭裕,クラウン日高牧場,,
美浦,D,左,20260729,水,5:59,シャオシンユン,,牝,4,290,奥村武,,,,,82.8,67.0,52.6,38.1,24.1,11.4,,,,15.8,14.4,14.5,14.0,12.7,11.4,2022101198,2026.7.29,美浦,イスラボニータ,フロルセレジェイラ,奥田貴敏,オリオンファーム,,
美浦,D,左,20260729,水,5:59,シンハナーダ,,牡,5,2400,木村哲也,,,,,85.2,67.9,52.6,38.0,24.2,11.5,,,,17.3,15.3,14.6,13.8,12.7,11.5,2021105574,2026.7.29,美浦,レイデオロ,シンハディーパ,DMMドリームクラブ,ノーザンファーム,,
美浦,D,左,20260729,水,5:59,ジャストピーチー,,牝,2,未登録,,,,,,86.8,70.7,55.4,40.7,26.1,12.5,,,,16.1,15.3,14.7,14.6,13.6,12.5,2024102151,2026.7.29,,ストラクター,ラペーシュ,,HARUNOファーム,,
美浦,D,左,20260729,水,5:59,トクシージェネラル,,牡,5,400,小島茂之,,,,,86.8,70.5,55.4,40.7,26.1,12.5,,,,16.3,15.1,14.7,14.6,13.6,12.5,2021107279,2026.7.29,美浦,"Omaha Beach",ラッキーナンバー,AIレーシング,浜本牧場,,
美浦,D,左,20260729,水,5:59,トモジャオーリー,,牝,3,400,鈴木伸尋,,,,,84.7,68.2,53.2,38.5,24.0,11.6,,,,16.5,15.0,14.7,14.5,12.4,11.6,2023103068,2026.7.29,美浦,モズアスコット,トモジャプリマ,吉冨学,畠山牧場,,
美浦,D,左,20260729,水,5:59,トーアマリシテン,,セ,5,0,小島茂之,,,,,83.3,67.9,53.4,39.5,25.7,12.7,,,,15.4,14.5,13.9,13.8,13.0,12.7,2021105335,2026.7.29,美浦,ビーチパトロール,トーアヒミコ,高山ランド,トーア牧場,,
美浦,D,左,20260729,水,5:59,ノベンバーベイズ,,牝,3,0,岩戸孝樹,,,,,85.3,68.9,53.3,38.2,24.1,11.5,,,,16.4,15.6,15.1,14.1,12.6,11.5,2023102900,2026.7.29,美浦,ダノンスマッシュ,ココナッツスルー,飯田正剛,千代田牧場,,
美浦,D,左,20260729,水,5:59,フィールオーサム,,牝,4,900,岩戸孝樹,,,,,84.1,67.7,52.7,37.5,23.4,11.1,,,,16.4,15.0,15.2,14.1,12.3,11.1,2022105925,2026.7.29,美浦,ルヴァンスレーヴ,フィールザプリティ,櫻井正,平岡牧場,,
美浦,D,左,20260729,水,5:59,ブラッキッシュ,,牡,3,0,木村哲也,,,,,84.8,68.0,52.5,37.9,24.1,11.6,,,,16.8,15.5,14.6,13.8,12.5,11.6,2023107028,2026.7.29,美浦,キタサンブラック,シネマトグラフ,江馬由将,ノーザンファーム,,
美浦,D,左,20260729,水,5:59,マルディランダ,,牡,6,2400,金成貴史,,,,,84.5,66.3,51.6,36.9,23.2,11.0,,,,18.2,14.7,14.7,13.7,12.2,11.0,2020103063,2026.7.29,美浦,イスラボニータ,マルバイユ,社台レースホース,社台ファーム,,
美浦,D,左,20260729,水,5:59,モナコブル,,牡,5,900,岩戸孝樹,,,,,84.4,68.4,52.8,37.9,23.9,11.4,,,,16.0,15.6,14.9,14.0,12.5,11.4,2021109096,2026.7.29,美浦,ニューイヤーズデイ,メイチャリティ,千明牧場,千明牧場,,
美浦,D,左,20260729,水,6:00,イカルステソーロ,,牡,2,未出走,武市康男,,,,,83.4,67.5,52.6,38.0,23.8,11.6,,,,15.9,14.9,14.6,14.2,12.2,11.6,2024101291,2026.7.29,美浦,フィエールマン,ライトファンタスティック,了徳寺健二ホールディングス,リョーケンファーム,,
美浦,D,左,20260729,水,6:00,ウイングレイテスト,,牡,9,10000,畠山吉宏,,,,,83.1,65.7,50.4,35.8,22.1,10.5,,,,17.4,15.3,14.6,13.7,11.6,10.5,2017101423,2026.7.29,美浦,スクリーンヒーロー,グレートキャティ,ウイン,コスモヴューファーム,,
美浦,D,左,20260729,水,6:00,カガラプンツェル,,牝,3,400,萱野浩二,,,,,80.6,64.3,50.7,36.9,23.8,11.6,,,,16.3,13.6,13.8,13.1,12.2,11.6,2023103036,2026.7.29,美浦,タワーオブロンドン,ラブミーダイヤ,香川憲次,西村牧場,,
美浦,D,左,20260729,水,6:00,キョウエイハル,,牝,3,0,伊坂重信,,,,,86.0,69.9,54.5,39.5,24.9,11.7,,,,16.1,15.4,15.0,14.6,13.2,11.7,2023105068,2026.7.29,美浦,トランセンド,キョウエイボサツ,田中晴夫,山口義彦,,
美浦,D,左,20260729,水,6:00,グランドスウェル,,セ,3,400,畠山吉宏,,,,,83.0,66.2,51.3,37.2,23.9,11.7,,,,16.8,14.9,14.1,13.3,12.2,11.7,2023102833,2026.7.29,美浦,サトノダイヤモンド,ホットスウェル,岡田牧雄,高橋陵,,
美浦,D,左,20260729,水,6:00,サンアンドスターズ,,牝,2,未出走,畠山吉宏,,,,,83.6,67.7,53.0,38.9,25.3,12.5,,,,15.9,14.7,14.1,13.6,12.8,12.5,2024103262,2026.7.29,美浦,モーニン,キラステラ,岡田牧雄,対馬正,,
美浦,D,左,20260729,水,6:00,スイートハイデン,,牝,3,0,菊川正達,,,,,86.4,69.0,53.5,38.9,24.7,11.9,,,,17.4,15.5,14.6,14.2,12.8,11.9,2023104025,2026.7.29,美浦,ロジャーバローズ,ハイデンガールズ,シンボリ牧場,カミイスタット,,
美浦,D,左,20260729,水,6:00,ニシノアトール,,牡,2,未出走,武市康男,,,,,83.2,66.6,51.6,37.1,23.5,11.3,,,,16.6,15.0,14.5,13.6,12.2,11.3,2024103937,2026.7.29,美浦,ネロ,ニシノテンカラット,西山茂行,メイタイファーム,,
美浦,D,左,20260729,水,6:00,ニシノギャルズ,,牝,3,0,水野貴広,,,,,84.3,67.8,52.7,38.0,23.9,11.6,,,,16.5,15.1,14.7,14.1,12.3,11.6,2023100360,2026.7.29,美浦,セイウンコウセイ,フィールドボニータ,西山茂行,前田ファーム,,
美浦,D,左,20260729,水,6:00,プラチナドリーム,,牡,7,900,菊川正達,,,,,87.2,69.4,53.8,39.2,25.1,12.1,,,,17.8,15.6,14.6,14.1,13.0,12.1,2019106330,2026.7.29,美浦,ホッコータルマエ,サティーヌアロム,飯田正剛,千代田牧場,,
美浦,D,左,20260729,水,6:00,プリヴィレッジ,,牡,2,未出走,石栗龍彦,,,,,85.3,68.3,52.7,38.3,24.6,11.9,,,,17.0,15.6,14.4,13.7,12.7,11.9,2024101422,2026.7.29,美浦,ミッキーアイル,プリンセスヨウク,ライオンレースホース,坂東牧場,,
美浦,D,左,20260729,水,6:00,マイネルボス,,牡,4,0,畠山吉宏,,,,,83.3,66.2,51.4,37.2,23.9,11.7,,,,17.1,14.8,14.2,13.3,12.2,11.7,2022106770,2026.7.29,美浦,ダノンバラード,オーサムボス,サラブレッドクラブ・ラフィアン,ビッグレッドファーム,,
美浦,D,左,20260729,水,6:00,マルチャン,,牡,6,1500,武市康男,,,,,83.7,66.9,52.0,37.4,23.7,11.4,,,,16.8,14.9,14.6,13.7,12.3,11.4,2020103066,2026.7.29,美浦,ラブリーデイ,ミオリチャン,瀬谷隆雄,社台ファーム,,
美浦,D,左,20260729,水,6:00,ムーンストラック,,牝,4,500,武市康男,,,,,84.0,67.9,53.0,38.4,24.1,11.6,,,,16.1,14.9,14.6,14.3,12.5,11.6,2022104187,2026.7.29,美浦,シュヴァルグラン,リンターバル,坂巻勝彦,千代田牧場,,
美浦,D,左,20260729,水,6:00,ルンベーラ,,牝,3,400,菊川正達,,,,,87.9,69.6,54.4,39.5,25.7,12.6,,,,18.3,15.2,14.9,13.8,13.1,12.6,2023102403,2026.7.29,美浦,ミッキーグローリー,パリージョ,コロンバスサークル,岡田スタツド,,
美浦,D,左,20260729,水,6:00,ルーラーリッチ,,セ,6,900,小島茂之,,,,,85.0,69.0,53.7,39.2,25.2,12.1,,,,16.0,15.3,14.5,14.0,13.1,12.1,2020102793,2026.7.29,美浦,ルーラーシップ,エバーキュート,宇田豊,社台ファーム,,
美浦,D,左,20260729,水,6:00,ロンバスブレス,,牝,3,0,石栗龍彦,,,,,83.9,67.6,52.0,37.7,24.3,11.7,,,,16.3,15.6,14.3,13.4,12.6,11.7,2023106053,2026.7.29,美浦,イスラボニータ,プリンセスヨウク,ライオンレースホース,坂東牧場,,
美浦,D,左,20260729,水,6:00,ヴィクトリーロード,,牡,6,580,畠山吉宏,,,,,83.6,66.4,51.4,37.3,24.0,11.8,,,,17.2,15.0,14.1,13.3,12.2,11.8,2020103931,2026.7.29,美浦,ロードカナロア,ファーゴ,山田弘,岡田スタツド,,
美浦,D,左,20260729,水,6:00,ヴィゴーレテソーロ,,牝,2,未出走,畠山吉宏,,,,,83.7,67.6,52.8,38.6,25.1,12.4,,,,16.1,14.8,14.2,13.5,12.7,12.4,2024105559,2026.7.29,美浦,サートゥルナーリア,レディハピネス,了徳寺健二ホールディングス,前川勝春,,
美浦,D,左,20260729,水,6:00,ヴォルールドクール,,牝,2,未出走,伊坂重信,,,,,85.2,69.7,54.3,39.3,24.8,11.8,,,,15.5,15.4,15.0,14.5,13.0,11.8,2024102642,2026.7.29,美浦,ニューイヤーズデイ,ジェトライ,岡田牧雄,鮫川フアーム,,
美浦,D,左,20260729,水,6:01,クリフハンガー,,セ,5,900,上原博之,,,,,84.8,67.8,52.9,38.6,24.4,11.4,,,,17.0,14.9,14.3,14.2,13.0,11.4,2021101701,2026.7.29,美浦,ルーラーシップ,リリックドラマ,ゴドルフィン,ダーレー・ジャパン・ファーム,,
美浦,D,左,20260729,水,6:02,アラムベイ,,牡,3,0,池上昌和,,,,,85.3,68.4,53.8,39.3,25.1,12.1,,,,16.9,14.6,14.5,14.2,13.0,12.1,2023101151,2026.7.29,美浦,ファインニードル,ハーロンベイ,ゴドルフィン,ダーレー・ジャパン・ファーム,,
美浦,D,左,20260729,水,6:02,エクストラダーク,,牡,3,0,和田雄二,,,,,84.4,66.8,51.7,37.2,23.5,11.6,,,,17.6,15.1,14.5,13.7,11.9,11.6,2023101892,2026.7.29,美浦,シルバーステート,ガラスマスカレイド,キーウエスト,吉田ファーム,,
美浦,D,左,20260729,水,6:02,フジサンインフレ,,牡,2,未出走,池上昌和,,,,,85.1,68.0,53.5,39.1,24.9,12.0,,,,17.1,14.5,14.4,14.2,12.9,12.0,2024100161,2026.7.29,美浦,フォーウィールドライブ,サラマンドラ,藤田秀行,沖田牧場,,
美浦,D,左,20260729,水,6:02,ミクロスギガース,,牝,3,0,西田雄一,,,,,87.4,69.2,53.9,39.4,24.9,12.0,,,,18.2,15.3,14.5,14.5,12.9,12.0,2023102931,2026.7.29,美浦,シルバーステート,ピュアリーグッド,飯田貴大,千代田牧場,,
美浦,D,左,20260729,水,6:02,リオダプラタ,,牡,3,0,西田雄一,,,,,86.8,69.2,54.0,39.8,25.4,12.1,,,,17.6,15.2,14.2,14.4,13.3,12.1,2023102866,2026.7.29,美浦,アメリカンペイトリオット,コートゴシップ,コージーレーシング,谷岡牧場,,
美浦,D,左,20260729,水,6:03,キューティリップ,,牝,4,400,戸田博文,,,,,88.7,67.5,51.8,37.5,23.9,11.6,,,,21.2,15.7,14.3,13.6,12.3,11.6,2022105131,2026.7.29,美浦,リアルスティール,リップスポイズン,小濱忠一,ノーザンファーム,,
美浦,D,左,20260729,水,6:03,ノアレジェンド,,牝,3,0,小笠倫弘,,,,,83.0,65.6,50.7,37.2,24.0,11.6,,,,17.4,14.9,13.5,13.2,12.4,11.6,2023100513,2026.7.29,美浦,ダノンレジェンド,ノアブリジット,佐山公男,清水牧場,,
美浦,D,左,20260729,水,6:03,レディソフィア,,牝,3,0,小笠倫弘,,,,,83.0,65.5,50.6,37.1,24.0,11.5,,,,17.5,14.9,13.5,13.1,12.5,11.5,2023103659,2026.7.29,美浦,ニューイヤーズデイ,スマイルゲート,安齋廣行,上水牧場,,
美浦,D,左,20260729,水,6:04,アトミックリーチ,,牡,2,未出走,宮田敬介,,,,,81.5,65.1,50.5,36.5,23.4,11.2,,,,16.4,14.6,14.0,13.1,12.2,11.2,2024106508,2026.7.29,美浦,コントレイル,パリスビキニ,藤田晋,ノーザンファーム,,
美浦,D,左,20260729,水,6:04,エラルディーク,,牝,3,400,宮田敬介,,,,,82.2,65.6,50.9,36.9,23.7,11.4,,,,16.6,14.7,14.0,13.2,12.3,11.4,2023110006,2026.7.29,美浦,Sottsass,"Noblesse Oblige",社台レースホース,"Shadai Corporation Ltd",,
美浦,D,左,20260729,水,6:04,カナルサンマルタン,,牝,3,1600,宮田敬介,,,,,80.9,64.5,50.0,36.1,23.1,11.1,,,,16.4,14.5,13.9,13.0,12.0,11.1,2023106846,2026.7.29,美浦,リアルスティール,アメリ,サンデーレーシング,ノーザンファーム,,
美浦,D,左,20260729,水,6:04,ドンエレクトス,,牡,3,1900,高木登,,,,,85.2,67.2,51.9,37.2,23.5,11.3,,,,18.0,15.3,14.7,13.7,12.2,11.3,2023101269,2026.7.29,美浦,ダノンレジェンド,ドナプリモ,山田貢一,日西牧場,,
美浦,D,左,20260729,水,6:04,マンマリアーレ,,牝,6,2400,高木登,,,,,85.4,67.7,52.2,37.5,23.6,11.3,,,,17.7,15.5,14.7,13.9,12.3,11.3,2020100761,2026.7.29,美浦,ゴールドシップ,カラヴィンカ,ディアレストクラブ,小島牧場,,
美浦,D,左,20260729,水,6:05,クラオルグジェシダ,,牝,2,未出走,田島俊明,,,,,82.6,66.5,51.4,36.6,23.6,11.6,,,,16.1,15.1,14.8,13.0,12.0,11.6,2024100295,2026.7.29,美浦,デクラレーションオブウォー,マリノジュリア,矢野悦三,クラウン日高牧場,,
美浦,D,左,20260729,水,6:05,サクラドール,,牡,3,0,田島俊明,,,,,83.4,67.0,51.8,37.0,23.7,11.6,,,,16.4,15.2,14.8,13.3,12.1,11.6,2023102868,2026.7.29,美浦,ゴールドドリーム,サクラクローバー,さくらコマース,谷岡牧場,,
美浦,D,左,20260729,水,6:05,マイネルサリーレ,,牡,2,未出走,田島俊明,,,,,83.0,66.8,51.6,36.9,23.7,11.7,,,,16.2,15.2,14.7,13.2,12.0,11.7,2024103571,2026.7.29,美浦,ゴールドシップ,アセンダント,サラブレッドクラブ・ラフィアン,ビッグレッドファーム,,
美浦,D,左,20260729,水,6:06,イケイケルノワール,,セ,3,0,松山将樹,,,,,84.3,67.6,52.4,37.5,23.7,11.6,,,,16.7,15.2,14.9,13.8,12.1,11.6,2023106244,2026.7.29,美浦,メイショウボーラー,グレイトフルレガロ,新井原博,マリオステーブル,,
美浦,D,左,20260729,水,6:06,サンデーパーティー,,セ,3,400,相沢郁,,,,,83.1,65.9,51.2,37.3,23.9,11.8,,,,17.2,14.7,13.9,13.4,12.1,11.8,2023100433,2026.7.29,美浦,ホッコータルマエ,ラフメイカー,吉澤ホールディングス,山際牧場,,
美浦,D,左,20260729,水,6:06,シュアシング,,牝,2,0,相沢郁,,,,,84.7,67.7,52.8,38.2,24.9,12.1,,,,17.0,14.9,14.6,13.3,12.8,12.1,2024105131,2026.7.29,美浦,ジャンダルム,アクチュアリー,石瀬浩三,飯岡牧場,,
美浦,D,左,20260729,水,6:06,ニシノコマチムスメ,,牝,5,400,松山将樹,,,,,82.5,67.0,52.1,37.2,23.6,11.6,,,,15.5,14.9,14.9,13.6,12.0,11.6,2021107253,2026.7.29,美浦,ルーラーシップ,ニシノハナムスメ,西山茂行,西山牧場,,
美浦,D,左,20260729,水,6:06,ブラックボイス,,牡,7,900,浅利英明,,,,,84.0,67.0,51.8,37.1,23.9,11.4,,,,17.0,15.2,14.7,13.2,12.5,11.4,2019105276,2026.7.29,美浦,ブラックタイド,ソングライティング,スリーエイチレーシング,ノーザンファーム,,
美浦,D,左,20260729,水,6:06,ホシノサミダレ,,牡,2,未出走,浅利英明,,,,,83.4,66.5,51.3,36.7,23.5,11.2,,,,16.9,15.2,14.6,13.2,12.3,11.2,2024100301,2026.7.29,美浦,インティ,マリノリヴィエール,野口佳正,クラウン日高牧場,,
美浦,D,左,20260729,水,6:10,エクスペクタント,,牡,3,0,平岩大典,,,,,84.6,68.0,53.4,39.4,25.3,12.5,,,,16.6,14.6,14.0,14.1,12.8,12.5,2023105579,2026.7.29,美浦,ミッキーアイル,レインボークォーツ,大塚亮一,隆栄牧場,,
美浦,D,左,20260729,水,6:10,ボールドハーテッド,,牡,4,0,平岩大典,,,,,85.8,69.1,53.0,38.5,25.1,12.5,,,,16.7,16.1,14.5,13.4,12.6,12.5,2022103551,2026.7.29,美浦,マジェスティックウォリアー,フィアレス,岡田牧雄,岡田スタツド,,
美浦,D,左,20260729,水,6:13,アルジェンタージョ,,牝,5,900,伊藤圭三,,,,,82.8,66.4,51.5,37.2,23.9,11.8,,,,16.4,14.9,14.3,13.3,12.1,11.8,2021103706,2026.7.29,美浦,レッドファルクス,アイシークレット,OUMA,グランド牧場,,
美浦,D,左,20260729,水,6:13,エイブラムス,,牡,5,1500,鈴木慎太,,,,,83.5,67.2,52.7,38.3,24.2,11.5,,,,16.3,14.5,14.4,14.1,12.7,11.5,2021100260,2026.7.29,美浦,フリオーソ,エグジビッツ,ノルマンディーサラブレッドレーシング,築紫洋,,
美浦,D,左,20260729,水,6:13,サリーアン,,牡,3,0,鈴木伸尋,,,,,85.1,68.1,53.1,38.2,24.0,11.5,,,,17.0,15.0,14.9,14.2,12.5,11.5,2023100789,2026.7.29,美浦,ダノンプレミアム,サリーバランセ,黒須不二男,木村牧場,,
美浦,D,左,20260729,水,6:13,ジャガーライズ,,牡,3,0,伊藤圭三,,,,,83.9,66.9,51.9,37.5,24.1,11.9,,,,17.0,15.0,14.4,13.4,12.2,11.9,2023102594,2026.7.29,美浦,パイロ,ハニーディスタフ,吉岡寛行,グランド牧場,,
美浦,D,左,20260729,水,6:13,ラスティレッド,,牝,2,未出走,鈴木慎太,,,,,84.6,68.3,53.8,39.1,24.6,11.8,,,,16.3,14.5,14.7,14.5,12.8,11.8,2024100687,2026.7.29,美浦,アドマイヤマーズ,フラガリア,ゴドルフィン,ダーレー・ジャパン・ファーム,,
美浦,D,左,20260729,水,6:13,ラフエルガ,,牝,2,未出走,鈴木伸尋,,,,,85.3,68.2,53.2,38.3,24.1,11.5,,,,17.1,15.0,14.9,14.2,12.6,11.5,2024105946,2026.7.29,美浦,ニューイヤーズデイ,チカアレグレ,グリーンファーム,社台ファーム,,
美浦,D,左,20260729,水,6:13,ローズブーケ,,牝,3,400,鈴木伸尋,,,,,85.9,68.8,53.6,38.7,24.4,11.6,,,,17.1,15.2,14.9,14.3,12.8,11.6,2023100453,2026.7.29,美浦,アジアエクスプレス,ドンプリムローズ,ターフ・スポート,米田牧場,,
美浦,D,左,20260729,水,6:14,カミカクシ,,牝,3,0,竹内正洋,,,,,85.6,68.3,52.9,38.0,24.3,12.1,,,,17.3,15.4,14.9,13.7,12.2,12.1,2023104045,2026.7.29,美浦,アジアエクスプレス,カナシバリ,由井健太郎,川島牧場,,
美浦,D,左,20260729,水,6:14,サンロード,,牝,3,0,竹内正洋,,,,,86.3,68.8,53.4,38.1,24.4,12.2,,,,17.5,15.4,15.3,13.7,12.2,12.2,2023100960,2026.7.29,美浦,フィエールマン,プリヴェット,由井健太郎,下河辺牧場,,
美浦,D,左,20260729,水,6:14,フクノブルーレイク,,牡,4,1500,竹内正洋,,,,,87.0,68.8,52.8,37.3,23.4,11.3,,,,18.2,16.0,15.5,13.9,12.1,11.3,2022101329,2026.7.29,美浦,ウインブライト,ブルーエクセル,福島祐子,ケイズ,,
美浦,D,左,20260729,水,6:14,ユイノマチブセ,,牡,6,900,竹内正洋,,,,,84.5,67.7,52.4,37.6,24.3,12.1,,,,16.8,15.3,14.8,13.3,12.2,12.1,2020105147,2026.7.29,美浦,シニスターミニスター,デフィニール,由井健太郎,川島牧場,,
美浦,D,左,20260729,水,6:15,イサチルクイーン,,牝,3,0,竹内正洋,,,,,87.7,68.8,53.0,37.6,24.3,12.2,,,,18.9,15.8,15.4,13.3,12.1,12.2,2023102680,2026.7.29,美浦,リオンディーズ,クインズオライリー,小坂功,佐竹牧場,,
美浦,D,左,20260729,水,6:15,レーザーキック,,牝,3,0,竹内正洋,,,,,89.6,69.9,53.6,37.9,24.3,12.3,,,,19.7,16.3,15.7,13.6,12.0,12.3,2023105231,2026.7.29,美浦,レイデオロ,ヴィエナブロー,KICレーシング,社台ファーム,,
美浦,D,左,20260729,水,6:18,ブライティアダイヤ,,牝,5,900,稲垣幸雄,,,,,83.3,65.8,51.3,37.6,24.7,12.4,,,,17.5,14.5,13.7,12.9,12.3,12.4,2021102468,2026.7.29,美浦,サトノアラジン,ブライティアナイル,小林昌志,雅牧場,,
美浦,D,左,20260729,水,6:18,ラヴアンドライク,,牝,4,400,稲垣幸雄,,,,,81.3,64.5,49.8,36.5,23.8,11.7,,,,16.8,14.7,13.3,12.7,12.1,11.7,2022104570,2026.7.29,美浦,カリフォルニアクローム,レッドエレノア,宮田守,矢野牧場,,
美浦,D,左,20260729,水,6:19,メラーキ,,牡,9,900,稲垣幸雄,,,,,86.5,68.0,52.3,37.8,24.1,11.6,,,,18.5,15.7,14.5,13.7,12.5,11.6,2017105634,2026.7.29,美浦,ハーツクライ,レツィーナ,大塚亮一,ノーザンファーム,,
美浦,D,左,20260729,水,6:49,アオイノリプー,,牡,2,0,尾形和幸,,,,,82.3,67.2,52.9,38.3,24.1,11.6,,,,15.1,14.3,14.6,14.2,12.5,11.6,2024100715,2026.7.29,美浦,サートゥルナーリア,アオイスカーレット,中谷典生,チャンピオンズファーム,,
美浦,D,左,20260729,水,6:49,エートレイン,,牡,2,未出走,岩戸孝樹,,,,,79.5,64.6,51.0,37.3,24.0,11.8,,,,14.9,13.6,13.7,13.3,12.2,11.8,2024101183,2026.7.29,美浦,エフフォーリア,シーサイドホーム,千明牧場,門別牧場,,
美浦,D,左,20260729,水,6:49,ダノンオンザビート,,牡,3,0,堀宣行,,,,,82.5,65.8,51.1,36.3,23.0,11.3,,,,16.7,14.7,14.8,13.3,11.7,11.3,2023105369,2026.7.29,美浦,キタサンブラック,エントロピア,ダノックス,グランド牧場,,
美浦,D,左,20260729,水,6:49,ダノンタッチダウン,,セ,6,2550,堀宣行,,,,,82.1,65.5,50.9,36.1,23.0,11.2,,,,16.6,14.6,14.8,13.1,11.8,11.2,2020103277,2026.7.29,美浦,ロードカナロア,エピックラヴ,ダノックス,ノーザンファーム,,
美浦,D,左,20260729,水,6:49,ニシノタカオ,,牡,2,未出走,堀内岳志,,,,,84.3,68.9,53.4,37.9,24.0,11.6,,,,15.4,15.5,15.5,13.9,12.4,11.6,2024101869,2026.7.29,美浦,セイウンコウセイ,セイウンミツコ,西山茂行,谷川牧場,,
美浦,D,左,20260729,水,6:49,ノースブルースカイ,,牝,3,400,堀内岳志,,,,,85.0,69.2,53.7,38.2,24.2,11.6,,,,15.8,15.5,15.5,14.0,12.6,11.6,2023105164,2026.7.29,美浦,ダノンレジェンド,レッドペルル,田中勝,大北牧場,,
美浦,D,左,20260729,水,6:49,フィールマイプラン,,牡,3,400,岩戸孝樹,,,,,79.8,65.0,51.3,37.6,24.5,12.2,,,,14.8,13.7,13.7,13.1,12.3,12.2,2023103860,2026.7.29,美浦,サトノクラウン,フィールザプリティ,櫻井正,平岡牧場,,
美浦,D,左,20260729,水,6:49,ホノボノ,,牡,3,400,尾形和幸,,,,,82.9,67.9,53.5,38.7,24.3,11.7,,,,15.0,14.4,14.8,14.4,12.6,11.7,2023100581,2026.7.29,美浦,ダノンプレミアム,ホオポノポノ,ノルマンディーサラブレッドレーシング,アイズスタッド,,
美浦,D,左,20260729,水,6:50,オペレッタテソーロ,,牝,2,未出走,菊川正達,,,,,84.0,67.9,53.1,37.9,23.8,11.5,,,,16.1,14.8,15.2,14.1,12.3,11.5,2024101272,2026.7.29,美浦,キタサンブラック,セバーンテソーロ,了徳寺健二ホールディングス,リョーケンファーム,,
美浦,D,左,20260729,水,6:50,サスケソルトバーン,,牡,2,未出走,和田雄二,,,,,85.6,68.3,53.3,38.3,24.0,11.4,,,,17.3,15.0,15.0,14.3,12.6,11.4,2024102123,2026.7.29,美浦,アニマルキングダム,ミスミズ,佐藤大介,日本中央競馬会日高育成牧場,,
美浦,D,左,20260729,水,6:50,スカーレットクラン,,牝,2,未出走,林徹,,,,,84.6,66.8,51.5,37.1,23.4,11.4,,,,17.8,15.3,14.4,13.7,12.0,11.4,2024106408,2026.7.29,美浦,ホットロッドチャーリー,スプレンダークラン,G1レーシング,ノーザンファーム,,
美浦,D,左,20260729,水,6:50,セイラダンサー,,牝,4,100,尾関知人,,,,,83.4,66.3,51.1,36.9,23.4,11.3,,,,17.1,15.2,14.2,13.5,12.1,11.3,2022106503,2026.7.29,美浦,レッドファルクス,テンザンジョイ,前迫義幸,中地義次,,
美浦,D,左,20260729,水,6:50,ゼノスフィア,,牡,2,未出走,林徹,,,,,85.4,67.2,52.0,37.4,23.6,11.5,,,,18.2,15.2,14.6,13.8,12.1,11.5,2024105951,2026.7.29,美浦,ブリックスアンドモルタル,テラノヴァ,社台レースホース,社台ファーム,,
美浦,D,左,20260729,水,6:50,タマモブレイキン,,牡,3,0,伊藤圭三,,,,,87.1,68.9,53.3,38.2,24.0,11.7,,,,18.2,15.6,15.1,14.2,12.3,11.7,2023103252,2026.7.29,美浦,ブリックスアンドモルタル,タマモボレロ,タマモ,前田牧場,,
美浦,D,左,20260729,水,6:50,テムファイア,,牡,2,0,伊藤圭三,,,,,86.8,68.9,53.3,38.3,24.1,11.8,,,,17.9,15.6,15.0,14.2,12.3,11.8,2024100560,2026.7.29,美浦,フィレンツェファイア,メリーウェザー,竹園正繼,シンボリ牧場,,
美浦,D,左,20260729,水,6:50,トランスマーレ,,牝,3,400,高柳瑞樹,,,,,81.6,66.4,51.7,37.3,23.5,11.4,,,,15.2,14.7,14.4,13.8,12.1,11.4,2023103584,2026.7.29,美浦,エピファネイア,ランドオーバーシー,社台レースホース,社台ファーム,,
美浦,D,左,20260729,水,6:50,ハヌル,,牝,5,400,岩戸孝樹,,,,,81.0,66.4,52.5,38.3,24.2,11.6,,,,14.6,13.9,14.2,14.1,12.6,11.6,2021103343,2026.7.29,美浦,トゥザグローリー,ムサ,ミルファーム,ミルファーム,,
美浦,D,左,20260729,水,6:50,ビッグデイメイク,,牝,4,740,和田雄二,,,,,86.1,68.6,53.6,38.6,24.2,11.5,,,,17.5,15.0,15.0,14.4,12.7,11.5,2022102532,2026.7.29,美浦,リアルスティール,エインセル,Mr.ホース,富田恭司,,
美浦,D,左,20260729,水,6:50,ブルータス,,牡,4,1500,高柳瑞樹,,,,,82.8,67.0,52.1,37.7,23.9,11.6,,,,15.8,14.9,14.4,13.8,12.3,11.6,2022103703,2026.7.29,美浦,リオンディーズ,エンパイアブルー,広尾レース,木村秀則,,
美浦,D,左,20260729,水,6:50,プレミアブルー,,牡,4,0,菊川正達,,,,,85.4,68.7,53.6,38.3,24.0,11.7,,,,16.7,15.1,15.3,14.3,12.3,11.7,2022102387,2026.7.29,美浦,トーセンラー,ナイキアムール,蕭敬意,原田新治,,
美浦,D,左,20260729,水,6:50,ヨドノプレミアム,,牡,2,未出走,菊川正達,,,,,84.6,68.2,53.3,38.0,23.8,11.7,,,,16.4,14.9,15.3,14.2,12.1,11.7,2024102735,2026.7.29,美浦,ダノンプレミアム,サフランハーモニー,海原聖一,林農場,,
美浦,D,左,20260729,水,6:50,ラスタリア,,牡,3,0,岩戸孝樹,,,,,81.9,66.6,52.7,38.5,24.5,11.9,,,,15.3,13.9,14.2,14.0,12.6,11.9,2023106151,2026.7.29,美浦,ゴールドシップ,ディアサルファー,ノルマンディーサラブレッドレーシング,ディアレストクラブ,,
美浦,D,左,20260729,水,6:50,ローディアマント,,セ,6,0,尾関知人,,,,,83.6,66.9,52.0,38.0,24.7,12.2,,,,16.7,14.9,14.0,13.3,12.5,12.2,2020101429,2026.7.29,美浦,サトノダイヤモンド,ブロッサムレーン,シルクレーシング,クラウン日高牧場,,
美浦,D,左,20260729,水,6:50,ヴィジョンメーカー,,牡,4,400,林徹,,,,,85.9,67.7,52.5,37.8,24.2,12.2,,,,18.2,15.2,14.7,13.6,12.0,12.2,2022104884,2026.7.29,美浦,ルーラーシップ,タッチングスピーチ,サンデーレーシング,ノーザンファーム,,
美浦,D,左,20260729,水,6:51,ウインワーグナー,,牡,2,400,武市康男,,,,,84.5,67.1,52.2,38.0,24.2,11.5,,,,17.4,14.9,14.2,13.8,12.7,11.5,2024103053,2026.7.29,美浦,フィエールマン,ウインアルカンナ,ウイン,コスモヴューファーム,,
美浦,D,左,20260729,水,6:51,カニキュル,,牝,5,1500,菊沢隆徳,,,,,83.9,66.5,51.8,37.6,24.0,11.7,,,,17.4,14.7,14.2,13.6,12.3,11.7,2021104865,2026.7.29,美浦,エピファネイア,シャルール,キャロットファーム,社台コーポレーション白老ファーム,,
美浦,D,左,20260729,水,6:51,クイーンズレイン,,牝,3,0,林徹,,,,,82.4,65.4,50.4,36.6,23.3,11.2,,,,17.0,15.0,13.8,13.3,12.1,11.2,2023103686,2026.7.29,美浦,エピファネイア,クィーンチャーム,G1レーシング,追分ファーム,,
美浦,D,左,20260729,水,6:51,ズイウンゴサイ,,牡,5,900,武市康男,,,,,85.0,67.6,52.6,38.4,24.5,11.6,,,,17.4,15.0,14.2,13.9,12.9,11.6,2021100597,2026.7.29,美浦,シュヴァルグラン,ブルーインザスカイ,植村仁,エムエム、ヤマダファーム,,
美浦,D,左,20260729,水,6:51,テンカムテキ,,牡,3,900,林徹,,,,,83.0,65.8,50.8,36.9,23.6,11.4,,,,17.2,15.0,13.9,13.3,12.2,11.4,2023104927,2026.7.29,美浦,ナダル,スズカグラーテ,ヒダカ・ブリーダーズ・ユニオン,辻牧場,,
美浦,D,左,20260729,水,6:51,ナムラアラバイ,,牡,2,未出走,武市康男,,,,,83.9,66.6,51.6,37.6,23.9,11.4,,,,17.3,15.0,14.0,13.7,12.5,11.4,2024100828,2026.7.29,美浦,マテラスカイ,ナムラビバ,奈村睦弘,ナカノファーム,,
美浦,D,左,20260729,水,6:51,ミアネーロ,,牝,5,3350,林徹,,,,,83.5,66.1,51.0,37.1,23.7,11.3,,,,17.4,15.1,13.9,13.4,12.4,11.3,2021105801,2026.7.29,美浦,ドゥラメンテ,ミスエーニョ,シルクレーシング,ノーザンファーム,,
美浦,D,左,20260729,水,6:52,クリガーレ,,牡,2,未出走,武市康男,,,,,83.4,66.9,52.1,38.1,24.4,11.6,,,,16.5,14.8,14.0,13.7,12.8,11.6,2024102437,2026.7.29,美浦,ニューイヤーズデイ,ローザディアマント,永田和彦,エムエム、ヤマダファーム,,
美浦,D,左,20260729,水,6:52,タイセイウィザード,,牡,2,未出走,栗田徹,,,,,86.3,69.6,54.4,39.7,25.2,12.0,,,,16.7,15.2,14.7,14.5,13.2,12.0,2024105540,2026.7.29,美浦,チュウワウィザード,スワン,田中成奉,北星村田牧場,,
美浦,D,左,20260729,水,6:52,ダノンピクチャー,,牡,4,900,田中博康,,,,,87.0,69.4,53.9,39.0,24.5,11.6,,,,17.6,15.5,14.9,14.5,12.9,11.6,2022104980,2026.7.29,美浦,ドゥラメンテ,ファイナルスコア,ダノックス,ノーザンファーム,,
美浦,D,左,20260729,水,6:52,ニシノカチオトコ,,牡,2,未出走,栗田徹,,,,,87.0,69.9,54.5,39.9,25.4,12.0,,,,17.1,15.4,14.6,14.5,13.4,12.0,2024103853,2026.7.29,美浦,ベンバトル,ニシノハナムスメ,西山茂行,村上欽哉牧場,,
美浦,D,左,20260729,水,6:52,ノーセット,,牡,2,未出走,高柳瑞樹,,,,,84.2,68.6,53.8,39.2,24.6,11.7,,,,15.6,14.8,14.6,14.6,12.9,11.7,2024100651,2026.7.29,美浦,ファインニードル,ケープコッド,ゴドルフィン,ダーレー・ジャパン・ファーム,,
美浦,D,左,20260729,水,6:52,ノーブルクロンヌ,,牝,3,0,高柳瑞樹,,,,,85.5,69.8,54.8,39.9,25.1,11.9,,,,15.7,15.0,14.9,14.8,13.2,11.9,2023103657,2026.7.29,美浦,フィエールマン,ステファニーラン,岡田牧雄,上水牧場,,
美浦,D,左,20260729,水,6:52,バル,,牡,3,0,武市康男,,,,,84.7,67.5,52.8,38.8,25.1,12.3,,,,17.2,14.7,14.0,13.7,12.8,12.3,2023101664,2026.7.29,美浦,マテラスカイ,ローザディアマント,永田和彦,エムエム、ヤマダファーム,,
美浦,D,左,20260729,水,6:52,バンオンタイム,,牝,3,0,田中博康,,,,,86.1,68.9,53.4,38.6,24.1,11.6,,,,17.2,15.5,14.8,14.5,12.5,11.6,2023101120,2026.7.29,美浦,ロードカナロア,グレイトタイミング,ゴドルフィン,ダーレー・ジャパン・ファーム,,
美浦,D,左,20260729,水,6:52,プロテウス,,牡,2,未出走,田中博康,,,,,86.6,69.2,53.6,38.8,24.3,11.6,,,,17.4,15.6,14.8,14.5,12.7,11.6,2024105729,2026.7.29,美浦,キタサンブラック,アットザシーサイド,社台レースホース,社台ファーム,,
美浦,D,左,20260729,水,6:52,レディサン,,牝,3,400,栗田徹,,,,,85.5,69.2,53.8,38.8,24.5,11.7,,,,16.3,15.4,15.0,14.3,12.8,11.7,2023104852,2026.7.29,美浦,パイロ,ノーブルライラック,"CHEVAL ATTACHE",ガーベラパークスタツド,,
美浦,D,左,20260729,水,6:53,クリアクォーツ,,牡,4,0,的場均,,,,,90.5,71.2,54.8,40.0,25.4,12.1,,,,19.3,16.4,14.8,14.6,13.3,12.1,2022101587,2026.7.29,美浦,タワーオブロンドン,クリアソウル,田頭勇貴,高山牧場,,
美浦,D,左,20260729,水,6:57,アイアムイガイニモ,,牡,2,未出走,奥平雅士,,,,,84.2,65.4,51.2,37.6,24.4,12.2,,,,18.8,14.2,13.6,13.2,12.2,12.2,2024105321,2026.7.29,美浦,モズアスコット,エヴァ,ワイズマン,斉藤スタッド,,
美浦,D,左,20260729,水,6:57,ブレイヴアーサー,,牡,2,0,奥平雅士,,,,,85.2,66.1,51.4,37.6,24.4,12.1,,,,19.1,14.7,13.8,13.2,12.3,12.1,2024104690,2026.7.29,美浦,ビッグアーサー,シェリレーヌ,フィールドレーシング,千代田牧場,,
美浦,D,左,20260729,水,7:01,ゴールドパレード,,牡,3,400,天間昭一,,,,,95.3,75.8,57.9,41.5,26.0,12.4,,,,19.5,17.9,16.4,15.5,13.6,12.4,2023104505,2026.7.29,美浦,ゴールドアクター,ゴールドアピール,居城寿与,北勝ファーム,,
美浦,D,左,20260729,水,7:01,ソレルビュレット,,牡,5,1500,松尾卓哉,,,,,83.1,65.9,50.4,36.4,23.3,11.4,,,,17.2,15.5,14.0,13.1,11.9,11.4,2021110061,2026.7.29,美浦,"Malibu Moon",Curluck,シルクレーシング,"St. Simon Place LLC & Scott Stephens",,
美浦,D,左,20260729,水,7:01,ルージュスティーズ,,牝,4,400,松尾卓哉,,,,,83.7,67.0,52.0,37.8,23.9,11.4,,,,16.7,15.0,14.2,13.9,12.5,11.4,2022103063,2026.7.29,美浦,ハービンジャー,レッドコルディス,東京ホースレーシング,富田牧場,,
美浦,D,左,20260729,水,7:03,コウユーキミガイテ,,牝,2,未出走,竹内正洋,,,,,88.8,70.1,54.2,38.7,24.3,11.5,,,,18.7,15.9,15.5,14.4,12.8,11.5,2024100913,2026.7.29,美浦,ウィルテイクチャージ,プレシャスジェムズ,加治屋貞光,"Hyperion Farm",,
美浦,D,左,20260729,水,7:03,ゴールドエンバー,,牡,3,0,竹内正洋,,,,,89.9,70.9,54.5,38.8,24.4,11.5,,,,19.0,16.4,15.7,14.4,12.9,11.5,2023102333,2026.7.29,美浦,バゴ,スカイノーヴァ,菅井牧場,ウエスタンファーム,,
美浦,D,左,20260729,水,7:03,サミアド,,牡,5,900,竹内正洋,,,,,82.9,67.0,51.7,37.8,24.0,11.7,,,,15.9,15.3,13.9,13.8,12.3,11.7,2021109086,2026.7.29,美浦,シャンハイボビー,エイシンバンバ,グリーンファーム,恵比寿興業株式会社那須野牧場,,
美浦,D,左,20260729,水,7:04,キョウエイシャトル,,牡,2,未出走,萱野浩二,,,,,85.2,68.0,53.2,38.6,24.6,12.0,,,,17.2,14.8,14.6,14.0,12.6,12.0,2024101173,2026.7.29,美浦,アニマルキングダム,エムオーシャトル,田中晴夫,門別牧場,,
美浦,D,左,20260729,水,7:04,ヤマタケボニータ,,牡,3,0,萱野浩二,,,,,85.2,68.0,53.2,38.7,24.6,12.1,,,,17.2,14.8,14.5,14.1,12.5,12.1,2023100739,2026.7.29,美浦,イスラボニータ,フロルセレジェイラ,山中和子,オリオンファーム,,
美浦,D,左,20260729,水,7:06,フームスムート,,牡,9,1500,水野貴広,,,,,87.1,70.0,54.5,39.1,24.6,12.0,,,,17.1,15.5,15.4,14.5,12.6,12.0,2017104238,2026.7.29,美浦,トゥザグローリー,ディアジーローズ,ディアレストクラブ,ディアレストクラブ,,
美浦,D,左,20260729,水,7:06,メイヨシュア,,牝,3,0,水野貴広,,,,,84.2,68.3,53.5,38.1,23.9,11.5,,,,15.9,14.8,15.4,14.2,12.4,11.5,2023109076,2026.7.29,美浦,ニューイヤーズデイ,メイラヴェル,千明牧場,千明牧場,,
美浦,D,左,20260729,水,7:10,キアラメンテ,,牝,4,400,鹿戸雄一,,,,,85.9,69.2,53.4,38.6,24.1,11.6,,,,16.7,15.8,14.8,14.5,12.5,11.6,2022105864,2026.7.29,美浦,ドゥラメンテ,レオパルディナ,キャロットファーム,社台コーポレーション白老ファーム,,
美浦,D,左,20260729,水,7:10,サンセットブライト,,牝,5,1500,相沢郁,,,,,86.5,68.6,53.6,39.0,24.6,11.7,,,,17.9,15.0,14.6,14.4,12.9,11.7,2021102753,2026.7.29,美浦,ホッコータルマエ,デルマオサキ,神田紘爾,金成吉田牧場,,
美浦,D,左,20260729,水,7:10,マイネルリシャール,,牡,2,未出走,鹿戸雄一,,,,,85.1,68.8,53.0,38.2,23.9,11.6,,,,16.3,15.8,14.8,14.3,12.3,11.6,2024106419,2026.7.29,美浦,スワーヴリチャード,セットプレイ,サラブレッドクラブ・ラフィアン,ノーザンファーム,,
美浦,D,左,20260729,水,7:10,ミラーダカリエンテ,,牝,4,900,相沢郁,,,,,86.2,67.3,52.5,38.6,24.8,11.6,,,,18.9,14.8,13.9,13.8,13.2,11.6,2022106803,2026.7.29,美浦,スクリーンヒーロー,マイネアルデュール,サラブレッドクラブ・ラフィアン,ビッグレッドファーム,,
美浦,D,左,20260729,水,7:12,ゲキザル,,牡,7,1500,青木孝文,,,,,82.7,67.4,52.9,38.5,24.6,11.9,,,,15.3,14.5,14.4,13.9,12.7,11.9,2019102102,2026.7.29,美浦,ザファクター,トゥモローズライト,橘倍男,広富牧場,,
美浦,D,左,20260729,水,7:12,フルールロイヤル,,牝,3,0,青木孝文,,,,,81.8,66.7,52.4,38.0,24.5,12.0,,,,15.1,14.3,14.4,13.5,12.5,12.0,2023107018,2026.7.29,美浦,ハービンジャー,サングレアル,吉田勝己,ノーザンファーム,,
美浦,D,左,20260729,水,7:13,アイアンソリッド,,牝,4,400,本間忍,,,,,85.7,67.9,52.2,37.9,24.1,11.4,,,,17.8,15.7,14.3,13.8,12.7,11.4,2022100588,2026.7.29,美浦,スズカコーズウェイ,アイアンプラスワン,池上一馬,グローリーファーム,,
美浦,D,左,20260729,水,7:13,アルバスタキヤ,,牡,2,未出走,青木孝文,,,,,86.9,68.5,53.4,38.9,25.1,12.4,,,,18.4,15.1,14.5,13.8,12.7,12.4,2024104139,2026.7.29,美浦,ベンバトル,ティズトレメンダス,岡田牧雄,岡田スタツド,,
美浦,D,左,20260729,水,7:13,コスモマウイ,,牡,3,0,深山雅史,,,,,87.6,69.6,54.3,39.3,24.9,12.0,,,,18.0,15.3,15.0,14.4,12.9,12.0,2023106447,2026.7.29,美浦,ベンバトル,スウィートレイラニ,ビッグレッドファーム,ビッグレッドファーム,,
美浦,D,左,20260729,水,7:13,タワーウマザンマイ,,牡,2,未出走,青木孝文,,,,,86.7,68.3,53.2,38.8,25.1,12.4,,,,18.4,15.1,14.4,13.7,12.7,12.4,2024104800,2026.7.29,美浦,タワーオブロンドン,ラブミーダイヤ,鈴木慈雄,西村牧場,,
美浦,D,左,20260729,水,7:13,ドッカイッチャッテ,,牝,2,未出走,深山雅史,,,,,86.6,68.6,53.5,38.7,24.8,12.1,,,,18.0,15.1,14.8,13.9,12.7,12.1,2024100754,2026.7.29,美浦,ミスチヴィアスアレックス,ホロイムア,由井健太郎,チャンピオンズファーム,,
美浦,D,左,20260729,水,7:13,ニシノケンタマン,,牡,4,900,深山雅史,,,,,85.8,68.2,52.8,38.3,24.4,11.9,,,,17.6,15.4,14.5,13.9,12.5,11.9,2022106427,2026.7.29,美浦,アポロケンタッキー,オテンバランナー,西山茂行,中央牧場,,
美浦,D,左,20260729,水,7:13,ハミングリップス,,牝,2,未出走,青木孝文,,,,,86.9,68.4,53.5,38.9,25.1,12.4,,,,18.5,14.9,14.6,13.8,12.7,12.4,2024101510,2026.7.29,美浦,タワーオブロンドン,リマンドインパクト,江川聡子,清水スタッド,,
美浦,D,左,20260729,水,7:14,ノクターナルハント,,セ,3,0,和田勇介,154.4,133.3,115.0,98.5,82.8,68.3,54.1,39.6,25.1,12.0,18.3,16.5,15.7,14.5,14.2,14.5,14.5,13.1,12.0,2023101129,2026.7.29,美浦,アドマイヤムーン,スノーレパード,ゴドルフィン,ダーレー・ジャパン・ファーム,,
美浦,D,左,20260729,水,7:15,シジマ,,牝,2,未出走,池上昌和,,,,,87.3,69.7,54.7,39.4,25.0,12.1,,,,17.6,15.0,15.3,14.4,12.9,12.1,2024100678,2026.7.29,美浦,アメリカンペイトリオット,ハッシュ,ゴドルフィン,ダーレー・ジャパン・ファーム,,
美浦,D,左,20260729,水,7:15,フレアリングベリー,,牝,3,0,池上昌和,,,,,87.7,70.1,54.9,39.6,25.1,12.0,,,,17.6,15.2,15.3,14.5,13.1,12.0,2023107370,2026.7.29,美浦,ポエティックフレア,ワイルドラズベリー,シルクレーシング,ノーザンファーム,,
美浦,D,左,20260729,水,7:15,プルシャプラ,,牡,4,400,池上昌和,,,,,83.2,67.3,52.3,38.0,24.3,11.8,,,,15.9,15.0,14.3,13.7,12.5,11.8,2022100582,2026.7.29,美浦,エスポワールシチー,シャプレドサクレ,関田光男,木下牧場,,
美浦,D,左,20260729,水,7:15,レガリーノ,,牝,3,0,池上昌和,,,,,84.5,67.5,52.9,38.2,24.4,11.7,,,,17.0,14.6,14.7,13.8,12.7,11.7,2023102231,2026.7.29,美浦,アルバート,フォレブルート,林正道,三嶋牧場,,
美浦,D,左,20260729,水,7:16,クラウンセト,,牡,7,160,本間忍,,,,,88.6,69.8,54.4,40.4,26.2,12.7,,,,18.8,15.4,14.0,14.2,13.5,12.7,2019101488,2026.7.29,美浦,ストロングリターン,クラウンイヴ,和田志保,クラウン日高牧場,,
美浦,D,左,20260729,水,7:18,インザダーク,,牝,2,0,伊藤伸一,,,,,84.4,68.5,53.1,39.0,24.8,12.2,,,,15.9,15.4,14.1,14.2,12.6,12.2,2024102407,2026.7.29,美浦,ラブリーデイ,ドナアンブロージア,グリーンスウォード,市川フアーム,,
美浦,D,左,20260729,水,7:18,エフエイト,,牡,5,400,小野次郎,,,,,80.6,64.9,51.2,37.3,23.8,11.7,,,,15.7,13.7,13.9,13.5,12.1,11.7,2021109016,2026.7.29,美浦,ゴールデンバローズ,ティヤム,野村一雄,太田ファーム,,
美浦,D,左,20260729,水,7:18,コスモブッドレア,,牡,5,2400,小野次郎,,,,,79.6,64.0,50.6,37.0,23.7,11.6,,,,15.6,13.4,13.6,13.3,12.1,11.6,2021106782,2026.7.29,美浦,ゴールドシップ,コスモバタフライ,ビッグレッドファーム,ビッグレッドファーム,,
美浦,D,左,20260729,水,7:18,パーティーガール,,牝,4,470,伊藤伸一,,,,,84.8,68.6,53.4,39.2,25.0,12.4,,,,16.2,15.2,14.2,14.2,12.6,12.4,2022106420,2026.7.29,美浦,ホッコータルマエ,ハッピーパーティー,田頭勇貴,大作ステーブル,,
美浦,D,左,20260729,水,7:18,ピコベリー,,牝,2,未登録,,,,,,86.4,69.1,53.6,39.2,25.1,11.8,,,,17.3,15.5,14.4,14.1,13.3,11.8,2024100713,2026.7.29,,モーリス,アヴァール,,チャンピオンズファーム,,
美浦,D,左,20260729,水,7:18,フロンテアムーン,,牝,3,0,奥村武,,,,,87.4,69.6,54.0,39.4,25.2,11.8,,,,17.8,15.6,14.6,14.2,13.4,11.8,2023102172,2026.7.29,美浦,コントレイル,フロンテアクイーン,三協ファーム,林孝輝,,
美浦,D,左,20260729,水,7:19,カウガールハット,,牝,3,0,小野次郎,,,,,86.1,68.2,52.8,38.2,24.1,11.9,,,,17.9,15.4,14.6,14.1,12.2,11.9,2023102328,2026.7.29,美浦,アメリカンペイトリオット,ウエスタンベッラ,犬塚悠治郎,ウエスタンファーム,,
美浦,D,左,20260729,水,7:19,ガーネットテソーロ,,牝,3,400,高木登,,,,,82.0,65.9,51.1,36.8,23.4,11.2,,,,16.1,14.8,14.3,13.4,12.2,11.2,2023106734,2026.7.29,美浦,シルバーステート,アンカーテソーロ,了徳寺健二ホールディングス,リョーケンファーム,,
美浦,D,左,20260729,水,7:19,スターウェーブ,,セ,4,900,武井亮,,,,,86.6,68.9,53.3,38.3,24.3,11.8,,,,17.7,15.6,15.0,14.0,12.5,11.8,2022104771,2026.7.29,美浦,Kingman,コスモポリタンクイーン,TNレーシング,ノーザンファーム,,
美浦,D,左,20260729,水,7:19,セイリュウ,,牡,2,0,高木登,,,,,82.9,66.5,51.5,37.3,23.8,11.4,,,,16.4,15.0,14.2,13.5,12.4,11.4,2024102927,2026.7.29,美浦,スノードラゴン,コウセイオリーヴ,岡田牧雄,イワミ牧場,,
美浦,D,左,20260729,水,7:19,デルマシラカミ,,牝,3,0,小野次郎,,,,,89.4,68.1,52.8,38.1,24.2,12.0,,,,21.3,15.3,14.7,13.9,12.2,12.0,2023101359,2026.7.29,美浦,マインドユアビスケッツ,デルマアマノジャク,浅沼廣幸,ファニーヒルファーム,,
美浦,D,左,20260729,水,7:19,ネイティヴプライド,,牡,3,0,高木登,,,,,84.2,67.6,52.4,38.1,24.5,12.0,,,,16.6,15.2,14.3,13.6,12.5,12.0,2023105319,2026.7.29,美浦,クリソベリル,ビキニブロンド,山田弘,ノーザンファーム,,
美浦,D,左,20260729,水,7:19,マツリダイコ,,牝,3,400,黒岩陽一,160.3,139.7,122.2,102.7,84.9,68.4,52.4,37.5,23.3,11.1,17.5,19.5,17.8,16.5,16.0,14.9,14.2,12.2,11.1,2023103413,2026.7.29,美浦,キタサンブラック,サラフィナ,吉田千津,社台ファーム,,
美浦,D,左,20260729,水,7:19,レッドマスキュラー,,牡,2,未出走,黒岩陽一,161.5,141.0,122.9,103.4,85.5,69.1,53.3,38.0,23.7,11.3,18.1,19.5,17.9,16.4,15.8,15.3,14.3,12.4,11.3,2024106048,2026.7.29,美浦,キズナ,ムーチョアンユージュアル,東京ホースレーシング,社台ファーム,,
美浦,D,左,20260729,水,7:19,ローズマイスター,,牡,4,400,黒岩陽一,161.1,140.3,122.6,103.1,85.2,68.7,52.8,37.8,23.5,11.3,17.7,19.5,17.9,16.5,15.9,15.0,14.3,12.2,11.3,2022104419,2026.7.29,美浦,ドレフォン,ロゼラニ,宮田大三,フジワラフアーム,,
美浦,D,左,20260729,水,7:20,アーリマックス,,牝,3,0,清水英克,,,,,82.1,66.3,51.7,37.4,24.2,11.8,,,,15.8,14.6,14.3,13.2,12.4,11.8,2023101779,2026.7.29,美浦,モズアスコット,グッドジュエリー,長谷川光司,鮫川フアーム,,
美浦,D,左,20260729,水,7:20,エウゲニオス,,牡,2,未出走,鹿戸雄一,,,,,,,57.3,40.9,26.2,12.7,,,,,,16.4,14.7,13.5,12.7,2024106757,2026.7.29,美浦,エフフォーリア,ローズノーブル,キャロットファーム,ノーザンファーム,,
美浦,D,左,20260729,水,7:20,キンバリー,,牡,2,未出走,伊藤伸一,,,,,81.8,64.6,50.1,36.4,23.5,11.9,,,,17.2,14.5,13.7,12.9,11.6,11.9,2024104006,2026.7.29,美浦,アルアイン,ドリームプレイ,柳橋俊昭,ラツキー牧場,,
美浦,D,左,20260729,水,7:20,コスモコジオスコ,,牝,2,未出走,鹿戸雄一,,,,,,,56.7,40.6,26.1,12.7,,,,,,16.1,14.5,13.4,12.7,2024103599,2026.7.29,美浦,ゴールドシップ,サザンスピード,ビッグレッドファーム,ビッグレッドファーム,,
美浦,D,左,20260729,水,7:20,コスモデュアリズム,,牡,2,未出走,伊藤伸一,,,,,82.2,64.8,50.3,36.5,23.4,11.7,,,,17.4,14.5,13.8,13.1,11.7,11.7,2024105344,2026.7.29,美浦,アルアイン,キルシェンロート,ビッグレッドファーム,嶋田牧場,,
美浦,D,左,20260729,水,7:20,ディマイザキッド,,牡,5,2400,清水英克,,,,,81.5,65.8,51.4,37.1,23.9,11.7,,,,15.7,14.4,14.3,13.2,12.2,11.7,2021104324,2026.7.29,美浦,ディーマジェスティ,ミスミーチャン,嶋田一成,服部牧場,,
美浦,D,左,20260729,水,7:20,ニシノミヤダシ,,牡,2,未出走,鹿戸雄一,,,,,,,57.3,40.9,26.2,12.7,,,,,,16.4,14.7,13.5,12.7,2024103821,2026.7.29,美浦,サトノクラウン,イェーガーオレンジ,西山茂行,村上欽哉牧場,,
美浦,D,左,20260729,水,7:20,ビューティドリーム,,牝,3,未出走,清水英克,,,,,83.2,66.9,52.3,37.8,24.5,12.2,,,,16.3,14.6,14.5,13.3,12.3,12.2,2023104585,2026.7.29,美浦,ゴールドドリーム,ビューティサン,長谷川光司,マリオステーブル,,
美浦,D,左,20260729,水,7:22,クラッシファイド,,牡,5,900,黒岩陽一,,,,,84.7,68.7,53.4,38.2,24.0,11.2,,,,16.0,15.3,15.2,14.2,12.8,11.2,2021105580,2026.7.29,美浦,リアルスティール,シークレットスパイス,キャロットファーム,ノーザンファーム,,
美浦,D,左,20260729,水,7:22,トモジャシャトー,,牡,5,400,小笠倫弘,,,,,86.3,70.0,55.2,40.5,25.7,12.2,,,,16.3,14.8,14.7,14.8,13.5,12.2,2021101041,2026.7.29,美浦,デクラレーションオブウォー,ジーニマジック,吉冨学,天羽牧場,,
美浦,D,左,20260729,水,7:23,ジーティーニッツァ,,牡,3,0,伊藤伸一,,,,,84.3,66.8,52.3,37.9,24.2,11.6,,,,17.5,14.5,14.4,13.7,12.6,11.6,2023106331,2026.7.29,美浦,ミスチヴィアスアレックス,ドリームデュネット,田畑利彦,浦河日成牧場,,
美浦,D,左,20260729,水,7:24,ウエスタンクリス,,牡,4,150,田中勝春,,,,,85.0,68.5,53.9,39.2,24.9,12.0,,,,16.5,14.6,14.7,14.3,12.9,12.0,2022103457,2026.7.29,美浦,ゴールデンマンデラ,ウエスタンバーキン,西川賢,ウエスタンファーム,,
美浦,D,左,20260729,水,7:24,オウケンサクラコ,,牝,3,0,田中勝春,,,,,84.3,68.0,53.7,39.1,24.9,12.1,,,,16.3,14.3,14.6,14.2,12.8,12.1,2023105601,2026.7.29,美浦,レインボーライン,オウケンサクラブ,福井明,奥山ファーム,,
美浦,D,左,20260729,水,7:24,ニシノマキロイ,,牡,2,未出走,田中勝春,,,,,84.6,68.1,53.7,39.1,24.9,12.1,,,,16.5,14.4,14.6,14.2,12.8,12.1,2024103935,2026.7.29,美浦,ニューイヤーズデイ,ニシノアジーブ,西山茂行,メイタイファーム,,
美浦,D,左,20260729,水,7:25,デアトゥノウ,,牝,3,0,田島俊明,,,,,98.8,76.9,58.1,42.1,26.7,12.1,,,,21.9,18.8,16.0,15.4,14.6,12.1,2023107522,2026.7.29,美浦,Daredevil,"Emma's Encore",岡田牧雄,"Narola LLC",,
美浦,D,左,20260729,水,7:25,ラブディーヴァ,,牝,5,900,田中勝春,,,,,,,54.3,39.0,25.0,11.7,,,,,,15.3,14.0,13.3,11.7,2021104074,2026.7.29,美浦,ダイワメジャー,ラブディラン,ヒダカ・ブリーダーズ・ユニオン,谷岡牧場,,
美浦,D,左,20260729,水,7:25,ワイルドミュール,,牝,3,0,鹿戸雄一,,,,,,,56.1,38.9,24.4,11.5,,,,,,17.2,14.5,12.9,11.5,2023103530,2026.7.29,美浦,サートゥルナーリア,ブルーハワイアン,村野康司,社台ファーム,,
美浦,D,左,20260729,水,7:26,ヤマメナイト,,牡,3,0,田島俊明,,,,,86.6,69.2,53.8,38.5,24.2,11.8,,,,17.4,15.4,15.3,14.3,12.4,11.8,2023104854,2026.7.29,美浦,レイデオロ,アイリスフィール,越村哲男,杵臼牧場,,
美浦,D,左,20260729,水,7:26,ヤマメライズ,,セ,3,400,田島俊明,,,,,86.2,68.9,53.7,38.5,24.1,11.8,,,,17.3,15.2,15.2,14.4,12.3,11.8,2023105128,2026.7.29,美浦,サートゥルナーリア,ヴァルドワーズ,越村哲男,小島牧場,,
美浦,D,左,20260729,水,7:26,リバーススイープ,,牡,2,未出走,田島俊明,,,,,86.0,68.7,53.3,38.3,24.0,11.7,,,,17.3,15.4,15.0,14.3,12.3,11.7,2024107067,2026.7.29,美浦,シスキン,リバースシンキング,G1レーシング,社台コーポレーション白老ファーム,,
美浦,D,左,20260729,水,7:30,ビッグノエルルーフ,,牝,3,0,田中剛,,,,,85.5,67.1,51.8,37.6,24.2,11.4,,,,18.4,15.3,14.2,13.4,12.8,11.4,2023100081,2026.7.29,美浦,モーニン,フジノドラマ,ビッグルーフレーシング,加野牧場,,
美浦,D,左,20260729,水,7:30,フーディエラン,,牝,3,0,田中剛,,,,,83.0,65.3,50.8,37.2,23.9,11.2,,,,17.7,14.5,13.6,13.3,12.7,11.2,2023106286,2026.7.29,美浦,ポエティックフレア,ラナンキュラス,ノースヒルズ,ノースヒルズ,,
美浦,D,左,20260729,水,7:30,ロジパンドラ,,牝,2,未出走,新開幸一,,,,,89.2,71.2,55.6,40.4,26.0,12.8,,,,18.0,15.6,15.2,14.4,13.2,12.8,2024104063,2026.7.29,美浦,ロジユニヴァース,ロジネイア,久米田正明,石川牧場,,
美浦,D,左,20260729,水,7:31,エストゥペンダ,,牝,4,2400,高柳瑞樹,,,,,81.2,65.2,50.5,36.5,23.1,11.2,,,,16.0,14.7,14.0,13.4,11.9,11.2,2022101192,2026.7.29,美浦,サートゥルナーリア,エストレチャダ,"Viridian Keiba Club",オリオンファーム,,
美浦,D,左,20260729,水,7:31,グッドヴァイブス,,牡,5,80,高柳瑞樹,,,,,82.8,66.5,51.7,37.3,23.7,11.5,,,,16.3,14.8,14.4,13.6,12.2,11.5,2021101521,2026.7.29,美浦,シュヴァルグラン,インドリヤ,藤田晋,シンボリ牧場,,
美浦,D,左,20260729,水,7:36,アニゴザントス,,牝,3,0,古賀慎明,,,,,84.4,68.4,53.4,38.7,24.5,11.8,,,,16.0,15.0,14.7,14.2,12.7,11.8,2023105230,2026.7.29,美浦,ブリックスアンドモルタル,アカンサス,犬塚悠治郎,社台ファーム,,
美浦,D,左,20260729,水,7:36,カフェアローロ,,牝,5,900,古賀慎明,,,,,81.8,66.8,51.8,37.5,24.4,12.2,,,,15.0,15.0,14.3,13.1,12.2,12.2,2021100469,2026.7.29,美浦,ダンカーク,カフェローレル,西川光一,三石橋本牧場,,
美浦,D,左,20260729,水,7:38,アラレタバシル,,牡,5,1500,松尾卓哉,,,,,81.6,64.5,50.0,36.4,23.4,11.6,,,,17.1,14.5,13.6,13.0,11.8,11.6,2021107192,2026.7.29,美浦,ケープブランコ,クサナギノツルギ,福田光博,トラストスリーファーム,,
美浦,D,左,20260729,水,7:38,ルクスジニア,,牝,4,900,松尾卓哉,,,,,80.5,63.6,49.4,35.9,23.0,11.3,,,,16.9,14.2,13.5,12.9,11.7,11.3,2022104784,2026.7.29,美浦,キズナ,サトノアリシア,ルクス,ノーザンファーム,,
美浦,D,左,20260729,水,7:40,コスモルトチェコ,,牡,2,0,石栗龍彦,,,,,87.0,69.2,53.3,38.7,25.3,11.9,,,,17.8,15.9,14.6,13.4,13.4,11.9,2024102436,2026.7.29,美浦,ノヴェリスト,リアユニヴァース,谷脇智恵子,エムエム、ヤマダファーム,,
美浦,D,左,20260729,水,7:43,グラムエッジ,,牡,3,0,手塚貴久,,,,,85.5,69.4,54.0,38.4,24.3,11.7,,,,16.1,15.4,15.6,14.1,12.6,11.7,2023107305,2026.7.29,美浦,ナダル,ランズエッジ,キャロットファーム,ノーザンファーム,,
美浦,D,左,20260729,水,7:43,ショーマンフリート,,牡,5,1500,手塚貴久,,,,,86.2,69.8,54.2,38.7,24.4,11.7,,,,16.4,15.6,15.5,14.3,12.7,11.7,2021105601,2026.7.29,美浦,スワーヴリチャード,スカイフ,星野壽市,ノーザンファーム,,
美浦,D,左,20260729,水,7:44,コスモベスケーデン,,牝,2,未出走,手塚貴久,,,,,85.9,69.3,53.8,39.0,25.0,12.5,,,,16.6,15.5,14.8,14.0,12.5,12.5,2024103600,2026.7.29,美浦,ベンバトル,サッシーイメージ,ビッグレッドファーム,ビッグレッドファーム,,
美浦,D,左,20260729,水,7:44,ラストレガシー,,牡,4,900,手塚貴久,,,,,86.4,69.6,54.1,39.3,25.1,12.6,,,,16.8,15.5,14.8,14.2,12.5,12.6,2022105556,2026.7.29,美浦,ドゥラメンテ,リトルモンスター,DMMドリームクラブ,社台ファーム,,
美浦,D,左,20260729,水,7:44,レイヤードホワイト,,牝,2,未出走,手塚貴久,,,,,85.6,69.1,53.5,38.9,25.1,12.6,,,,16.5,15.6,14.6,13.8,12.5,12.6,2024105075,2026.7.29,美浦,ゴールドシップ,オフェーリアシチー,ミルファーム,松田牧場,,
美浦,D,左,20260729,水,7:45,カネラフィーナ,,牝,4,4100,手塚貴久,,,,,84.6,68.1,53.0,38.4,24.3,11.7,,,,16.5,15.1,14.6,14.1,12.6,11.7,2022104839,2026.7.29,美浦,Frankel,ジョイカネラ,シルクレーシング,ノーザンファーム,,
美浦,D,左,20260729,水,7:45,ツルマウカタチ,,牡,5,900,手塚貴久,,,,,85.2,68.4,53.2,38.6,24.5,11.8,,,,16.8,15.2,14.6,14.1,12.7,11.8,2021102106,2026.7.29,美浦,ヤングマンパワー,ハイタッチクイーン,星野壽市,前野牧場,,
美浦,D,左,20260729,水,7:46,ソロンゴ,,牝,3,0,高橋文雅,,,,,84.7,68.9,53.6,38.6,24.6,11.7,,,,15.8,15.3,15.0,14.0,12.9,11.7,2023100582,2026.7.29,美浦,ルーラーシップ,モハンマディ,山本てるみ,アイズスタッド,,
美浦,D,左,20260729,水,7:46,メーレスブリーゼ,,牝,3,0,水野貴広,,,,,81.7,66.4,51.6,38.1,24.6,12.2,,,,15.3,14.8,13.5,13.5,12.4,12.2,2023106429,2026.7.29,美浦,ゴールドシップ,ヴォイスオブジョイ,サラブレッドクラブ・ラフィアン,ビッグレッドファーム,,
美浦,D,左,20260729,水,7:49,アルティシエル,,牡,3,0,辻哲英,,,,,85.5,68.9,54.1,39.3,25.4,12.1,,,,16.6,14.8,14.8,13.9,13.3,12.1,2023101970,2026.7.29,美浦,ヴァンゴッホ,ワンメイク,京都ホースレーシング,浦河育成牧場,,
美浦,D,左,20260729,水,7:49,サトノドルチェ,,セ,7,470,蛯名利弘,,,,,87.0,70.3,55.2,40.2,25.7,12.2,,,,16.7,15.1,15.0,14.5,13.5,12.2,2019105500,2026.7.29,美浦,オルフェーヴル,ラッドルチェンド,稲場澄,ノーザンファーム,,
美浦,D,左,20260729,水,7:49,ジャサルディア,,牝,4,1500,辻哲英,,,,,87.0,70.3,55.1,40.3,25.9,12.4,,,,16.7,15.2,14.8,14.4,13.5,12.4,2022105070,2026.7.29,美浦,キズナ,ミスエルテ,サンデーレーシング,ノーザンファーム,,
美浦,D,左,20260729,水,7:49,マスターボリューム,,牝,2,0,畠山吉宏,,,,,88.0,69.9,54.6,39.5,25.5,12.7,,,,18.1,15.3,15.1,14.0,12.8,12.7,2024103638,2026.7.29,美浦,ウインブライト,ミラティオ,サラブレッドクラブ・ラフィアン,ビッグレッドファーム,,
美浦,D,左,20260729,水,7:49,ヤマニンリンキング,,牡,3,0,辻哲英,,,,,86.5,69.9,54.9,40.0,25.7,12.2,,,,16.6,15.0,14.9,14.3,13.5,12.2,2023104359,2026.7.29,美浦,ディーマジェスティ,ヤマニンアドーレ,土井肇,錦岡牧場,,
美浦,D,左,20260729,水,7:49,ラピッドテソーロ,,牝,2,400,畠山吉宏,,,,,87.6,69.9,54.7,39.6,25.6,12.8,,,,17.7,15.2,15.1,14.0,12.8,12.8,2024101292,2026.7.29,美浦,キタサンブラック,リエノテソーロ,了徳寺健二ホールディングス,リョーケンファーム,,
美浦,D,左,20260729,水,7:51,イツマデモマツワ,,牝,2,未出走,深山雅史,,,,,85.1,68.2,53.4,38.8,24.9,12.1,,,,16.9,14.8,14.6,13.9,12.8,12.1,2024100480,2026.7.29,美浦,マテラスカイ,リンネ,由井健太郎,下河辺牧場,,
美浦,D,左,20260729,水,7:51,マイホームパパ,,牡,2,0,深山雅史,,,,,84.6,67.9,53.0,38.7,25.0,12.2,,,,16.7,14.9,14.3,13.7,12.8,12.2,2024102852,2026.7.29,美浦,ミッキーグローリー,ユメノマイホーム,ミルファーム,ミルファーム,,
美浦,D,左,20260729,水,7:52,ニシノアナベル,,牝,2,未出走,本間忍,,,,,83.6,66.8,52.1,37.9,24.2,11.5,,,,16.8,14.7,14.2,13.7,12.7,11.5,2024102786,2026.7.29,美浦,オメガパフューム,ニシノビアンカ,西山茂行,フクオカファーム,,
美浦,D,左,20260729,水,7:52,ロードストラダーレ,,牡,3,400,本間忍,,,,,84.4,67.7,52.7,38.2,24.3,11.5,,,,16.7,15.0,14.5,13.9,12.8,11.5,2023104886,2026.7.29,美浦,ロードカナロア,ティズウインディ,山下裕司,酒井牧場,,
美浦,D,左,20260729,水,7:52,ワイズジュエル,,牝,2,未出走,本間忍,,,,,83.2,66.4,52.0,37.9,24.2,11.6,,,,16.8,14.4,14.1,13.7,12.6,11.6,2024100105,2026.7.29,美浦,ミッキーアイル,トーセンナチュラル,山下裕司,石原牧場,,
美浦,D,左,20260729,水,7:53,クリニクラウン,,牝,6,1500,小手川準,,,,,83.7,66.6,51.5,37.4,23.7,11.3,,,,17.1,15.1,14.1,13.7,12.4,11.3,2020100934,2026.7.29,美浦,トビーズコーナー,ルナフォース,新木鈴子,ヒダカフアーム,,
美浦,D,左,20260729,水,7:54,ラヴィサンエール,,牝,2,400,小手川準,,,,,84.3,68.1,53.6,39.1,24.9,11.8,,,,16.2,14.5,14.5,14.2,13.1,11.8,2024103581,2026.7.29,美浦,ベンバトル,エンゲルヘン,サラブレッドクラブ・ラフィアン,ビッグレッドファーム,,
美浦,D,左,20260729,水,8:01,ダイヒョウカーク,,牡,3,0,松山将樹,,,,,86.4,69.5,54.0,38.7,23.9,11.5,,,,16.9,15.5,15.3,14.8,12.4,11.5,2023105465,2026.7.29,美浦,ダンカーク,クィーンパレット,井上久光,サンバマウンテンファーム,,
美浦,D,左,20260729,水,8:01,ハクサンミレイ,,牝,3,0,松山将樹,,,,,86.9,69.9,54.3,38.8,24.0,11.4,,,,17.0,15.6,15.5,14.8,12.6,11.4,2023105691,2026.7.29,美浦,シルポート,アクロスザシャイン,河崎五市,中村雅明,,
美浦,D,左,20260729,水,8:06,サトノビーツ,,牡,4,480,田中博康,,,,,82.9,67.2,52.2,37.9,24.1,11.5,,,,15.7,15.0,14.3,13.8,12.6,11.5,2022104746,2026.7.29,美浦,ドゥラメンテ,クイーンビー2,里見治,ノーザンファーム,,
美浦,D,左,20260729,水,8:06,シックスペンス,,牡,5,20700,田中博康,,,,,81.8,66.0,51.6,37.3,23.7,11.3,,,,15.8,14.4,14.3,13.6,12.4,11.3,2021105724,2026.7.29,美浦,キズナ,フィンレイズラッキーチャーム,キャロットファーム,ノーザンファーム,,
美浦,D,左,20260729,水,8:06,ダノンファンスター,,牡,3,400,田中博康,,,,,83.2,66.8,51.8,37.8,24.5,11.9,,,,16.4,15.0,14.0,13.3,12.6,11.9,2023105324,2026.7.29,美浦,キズナ,ファンスター,ダノックス,ノーザンファーム,,
美浦,D,左,20260729,水,8:06,ペアレンツハート,,牝,2,未出走,田中博康,,,,,82.5,66.4,51.4,37.4,24.3,11.8,,,,16.1,15.0,14.0,13.1,12.5,11.8,2024106925,2026.7.29,美浦,キタサンブラック,ペアレンツプレアー,G1レーシング,追分ファーム,,
美浦,D,左,20260729,水,8:06,ローシャムパーク,,牡,7,17900,田中博康,,,,,82.3,66.5,51.9,37.6,23.8,11.4,,,,15.8,14.6,14.3,13.8,12.4,11.4,2019105552,2026.7.29,美浦,ハービンジャー,レネットグルーヴ,サンデーレーシング,ノーザンファーム,,
