場所,コース,回り,年月日,曜日,時刻,馬名,Ｃ,性別,年齢,収得賞金,調教師,10F,9F,8F,7F,6F,5F,4F,3F,2F,1F,Lap9,Lap8,Lap7,Lap6,Lap5,Lap4,Lap3,Lap2,Lap1,血統登録番号,日付S,所属,種牡馬名,母名,現馬主名,生産者名,関連データ,馬番/仮番(出馬表モード時のみ)
栗東,C,右,20260826,水,3:12,マテンロウルクス,,牡,3,0,藤原英昭,,151.3,129.8,108.1,89.2,72.4,56.1,40.2,25.1,12.0,21.5,21.7,18.9,16.8,16.3,15.9,15.1,13.1,12.0,2023107344,2026.8.26,栗東,リオンリオン,レディアリエッタ,寺田千代乃,ノーザンファーム,,
栗東,C,右,20260826,水,4:58,アームズレジェンド,,牡,3,400,上村洋行,,143.5,122.5,102.6,84.4,68.9,53.9,38.0,23.4,11.6,21.0,19.9,18.2,15.5,15.0,15.9,14.6,11.8,11.6,2023106637,2026.8.26,栗東,ダノンレジェンド,アームズトウショウ,杉山忠国,明治牧場,,
栗東,C,右,20260826,水,4:58,エンルートフライト,,牡,2,0,池添学,,139.2,120.2,102.3,85.4,70.2,55.1,38.9,24.1,11.7,19.0,17.9,16.9,15.2,15.1,16.2,14.8,12.4,11.7,2024100037,2026.8.26,栗東,コントレイル,サピアウォーフ,シルクレーシング,天羽禮治牧場,,
栗東,C,右,20260826,水,4:58,ゴッドエスパーダ,,牡,4,1500,角田晃一,,147.4,126.2,106.1,87.0,69.6,53.6,37.6,23.1,11.1,21.2,20.1,19.1,17.4,16.0,16.0,14.5,12.0,11.1,2022106186,2026.8.26,栗東,レイデオロ,キョウワゼノビア,中西憲治,協和牧場,,
栗東,C,右,20260826,水,4:58,シーグロリオーゾ,,牡,2,未出走,池添学,,135.4,118.2,100.6,84.0,68.9,54.3,38.4,23.6,11.5,17.2,17.6,16.6,15.1,14.6,15.9,14.8,12.1,11.5,2024106742,2026.8.26,栗東,キタサンブラック,レンブランサ,名古屋友豊,ノーザンファーム,,
栗東,C,右,20260826,水,4:58,ジェントル,,牡,2,未出走,池添学,,137.9,119.8,101.9,85.2,69.8,54.9,38.7,23.9,11.7,18.1,17.9,16.7,15.4,14.9,16.2,14.8,12.2,11.7,2024103402,2026.8.26,栗東,ハービンジャー,シーズインクルーデッド,海老塚勝也,新冠橋本牧場,,
栗東,C,右,20260826,水,4:58,ステイクオール,,セ,4,400,上村洋行,,140.3,121.0,101.5,83.6,68.1,53.2,37.4,23.0,11.5,19.3,19.5,17.9,15.5,14.9,15.8,14.4,11.5,11.5,2022105848,2026.8.26,栗東,ナダル,ボールドアテンプト,キャロットファーム,社台コーポレーション白老ファーム,,
栗東,C,右,20260826,水,4:58,スマイルガーデン,,牝,3,0,西村真幸,,139.9,120.0,102.0,85.5,70.3,54.5,38.5,23.7,11.6,19.9,18.0,16.5,15.2,15.8,16.0,14.8,12.1,11.6,2023107077,2026.8.26,栗東,ナダル,スマイルシャワー,吉田勝己,ノーザンファーム,,
栗東,C,右,20260826,水,4:58,タイセイプリュム,,牝,2,未出走,西村真幸,,138.6,119.9,102.1,85.5,70.3,54.6,38.6,23.8,11.6,18.7,17.8,16.6,15.2,15.7,16.0,14.8,12.2,11.6,2024106197,2026.8.26,栗東,インディチャンプ,ヴァンフレーシュ,田中成奉,ノーザンファーム,,
栗東,C,右,20260826,水,4:58,ムスペルヘイム,,牡,2,未出走,西村真幸,,139.1,119.4,101.3,84.8,69.4,54.1,38.2,23.5,11.5,19.7,18.1,16.5,15.4,15.3,15.9,14.7,12.0,11.5,2024106342,2026.8.26,栗東,アドマイヤマーズ,ザイラ,吉田勝己,ノーザンファーム,,
栗東,C,右,20260826,水,4:58,ルクスアルカード,,牡,2,未出走,上村洋行,,142.8,121.8,102.0,84.0,68.4,53.4,37.7,23.1,11.5,21.0,19.8,18.0,15.6,15.0,15.7,14.6,11.6,11.5,2024104510,2026.8.26,栗東,キズナ,カシシ,ルクス,静内山田牧場,,
栗東,C,右,20260826,水,4:59,グランエール,,牝,2,未出走,高柳大輔,,143.1,121.6,101.4,84.4,68.8,54.2,38.5,23.3,11.1,21.5,20.2,17.0,15.6,14.6,15.7,15.2,12.2,11.1,2024100023,2026.8.26,栗東,キタサンブラック,スプリングサンダー,インゼルレーシング,天羽牧場,,
栗東,C,右,20260826,水,4:59,ゴーイントゥノヴァ,,牝,2,未出走,新谷功一,,,,,,,54.4,37.2,22.4,11.2,,,,,,17.2,14.8,11.2,11.2,2024104681,2026.8.26,栗東,キタサンブラック,ゴーイントゥザウィンドウ,柳田悠岐,千代田牧場,,
栗東,C,右,20260826,水,4:59,シャルクハフト,,牡,4,1500,清水久詞,,146.3,124.6,104.0,86.3,70.4,54.5,38.4,23.5,11.6,21.7,20.6,17.7,15.9,15.9,16.1,14.9,11.9,11.6,2022104745,2026.8.26,栗東,リアルスティール,クィーンズベスト,林正道,ノーザンファーム,,
栗東,C,右,20260826,水,4:59,ダヌラーサナ,,牝,2,0,新谷功一,,,,,,,54.7,37.5,22.5,11.1,,,,,,17.2,15.0,11.4,11.1,2024105938,2026.8.26,栗東,レイデオロ,ダヌスカズマイガール,社台レースホース,社台ファーム,,
栗東,C,右,20260826,水,4:59,ハンサム,,牡,2,未出走,清水久詞,,143.2,121.8,101.8,84.4,68.8,53.3,37.9,23.2,11.4,21.4,20.0,17.4,15.6,15.5,15.4,14.7,11.8,11.4,2024104872,2026.8.26,栗東,リオンディーズ,ユキノクイーン,石川達絵,服部牧場,,
栗東,C,右,20260826,水,4:59,フレイムスター,,牡,3,400,清水久詞,,144.4,123.2,102.6,85.0,69.4,53.7,38.0,23.3,11.4,21.2,20.6,17.6,15.6,15.7,15.7,14.7,11.9,11.4,2023101577,2026.8.26,栗東,ドレフォン,テーオーヴィーナス,辻子依旦,ヤナガワ牧場,,
栗東,C,右,20260826,水,4:59,ブルーワール,,牡,5,1500,高柳大輔,,145.1,123.2,103.1,86.0,70.6,56.1,39.5,24.4,11.6,21.9,20.1,17.1,15.4,14.5,16.6,15.1,12.8,11.6,2021110097,2026.8.26,栗東,Arrogate,Ignite,栗山学,"The New Hill Farm",,
栗東,C,右,20260826,水,4:59,マガスティール,,牡,2,未出走,高柳大輔,,143.9,122.0,101.9,84.7,69.2,54.7,38.7,23.4,11.1,21.9,20.1,17.2,15.5,14.5,16.0,15.3,12.3,11.1,2024104227,2026.8.26,栗東,リアルスティール,マガスイート,水谷昌晃,岡田牧場,,
栗東,C,右,20260826,水,4:59,メイショウヤーキス,,牡,5,1500,飯田祐史,,145.0,123.0,102.0,84.3,68.7,53.4,38.4,24.5,12.4,22.0,21.0,17.7,15.6,15.3,15.0,13.9,12.1,12.4,2021102573,2026.8.26,栗東,シニスターミニスター,メイショウスコール,松本好隆,磯野牧場,,
栗東,C,右,20260826,水,5:00,イベントホライゾン,,牡,3,900,池江泰寿,,147.6,125.4,104.2,84.7,68.4,53.5,38.3,24.2,11.7,22.2,21.2,19.5,16.3,14.9,15.2,14.1,12.5,11.7,2023107287,2026.8.26,栗東,ハービンジャー,ライツェント,金子真人ホールディングス,ノーザンファーム,,
栗東,C,右,20260826,水,5:01,エーテルワーム,,牡,2,未出走,杉山晴紀,,,,,,,52.3,36.7,22.9,11.5,,,,,,15.6,13.8,11.4,11.5,2024100731,2026.8.26,栗東,コントレイル,コンセッションズ,迫田三果子,チャンピオンズファーム,,
栗東,C,右,20260826,水,5:01,カフジポポー,,牡,2,未出走,森田直行,,148.9,127.0,103.8,83.3,67.4,52.8,37.8,23.8,11.9,21.9,23.2,20.5,15.9,14.6,15.0,14.0,11.9,11.9,2024104468,2026.8.26,栗東,エフフォーリア,ムーンフライト,加藤千豊,静内白井牧場,,
栗東,C,右,20260826,水,5:01,サンタカタリナ,,牝,3,0,杉山晴紀,,,,,,,53.2,37.2,23.0,11.5,,,,,,16.0,14.2,11.5,11.5,2023104879,2026.8.26,栗東,スワーヴリチャード,ローヌグレイシア,NICKS,杵臼牧場,,
栗東,C,右,20260826,水,5:01,ザウリ,,牡,7,900,森田直行,,145.6,123.4,102.1,83.7,67.7,52.8,38.1,24.2,12.2,22.2,21.3,18.4,16.0,14.9,14.7,13.9,12.0,12.2,2019101399,2026.8.26,栗東,ビッグアーサー,ディマクコンダ,ターフ・スポート,奥山博,,
栗東,C,右,20260826,水,5:01,フィールライクユー,,牝,3,0,森田直行,,149.5,127.4,104.2,83.5,67.6,52.9,37.9,23.9,11.9,22.1,23.2,20.7,15.9,14.7,15.0,14.0,12.0,11.9,2023106157,2026.8.26,栗東,オルフェーヴル,ヘルムヴィーゲ,ディアレストクラブ,ディアレストクラブ,,
栗東,C,右,20260826,水,5:01,レジェンダリーデイ,,セ,6,130,森田直行,,150.2,126.9,105.0,86.0,69.9,54.8,40.0,26.0,13.1,23.3,21.9,19.0,16.1,15.1,14.8,14.0,12.9,13.1,2020107018,2026.8.26,栗東,ダノンレジェンド,ハイウェイトゥグローリー,岡田牧雄,斉藤英牧場,,
栗東,C,右,20260826,水,5:01,ロードスタニング,,牡,3,400,杉山晴紀,,,,,,,51.8,36.5,22.8,11.4,,,,,,15.3,13.7,11.4,11.4,2023105793,2026.8.26,栗東,コントレイル,エンジェルフェイス,ロードホースクラブ,ケイアイファーム,,
栗東,C,右,20260826,水,5:02,サクソンジェンヌ,,牝,5,2400,高橋義忠,,141.1,120.6,101.7,83.6,67.6,51.7,36.8,23.0,11.7,20.5,18.9,18.1,16.0,15.9,14.9,13.8,11.3,11.7,2021106993,2026.8.26,栗東,"Saxon Warrior",ナイトドライヴ,福盛訓之,村上欽哉,,
栗東,C,右,20260826,水,5:02,ラッキーベイ,,牡,4,400,今野貞一,,,,,,,56.4,40.3,24.7,12.0,,,,,,16.1,15.6,12.7,12.0,2022105209,2026.8.26,栗東,モーリス,アストラサンタン,谷掛龍夫,社台ファーム,,
栗東,C,右,20260826,水,5:03,クラテロス,,牝,3,0,寺島良,,,,,88.9,71.9,55.5,39.1,24.1,11.8,,,,17.0,16.4,16.4,15.0,12.3,11.8,2023105462,2026.8.26,栗東,ホッコータルマエ,ナイトレイン,市川義美ホールディングス,天羽禮治,,
栗東,C,右,20260826,水,5:03,シホノグラツィア,,牡,3,0,佐藤悠太,,,,,87.8,70.7,54.8,38.3,23.2,11.3,,,,17.1,15.9,16.5,15.1,11.9,11.3,2023106896,2026.8.26,栗東,キズナ,ヴィアフィレンツェ,村瀬寛紀,ノーザンファーム,,
栗東,C,右,20260826,水,5:03,ハギノコラソン,,牝,4,900,寺島良,,,,,88.5,71.6,55.3,38.9,23.9,11.6,,,,16.9,16.3,16.4,15.0,12.3,11.6,2022100439,2026.8.26,栗東,ミッキーアイル,ハギノセゾン,安岡美津子,村下明博,,
栗東,C,右,20260826,水,5:03,ロードマイライフ,,牡,5,1500,佐藤悠太,,,,,88.5,71.4,55.3,38.8,23.4,11.4,,,,17.1,16.1,16.5,15.4,12.0,11.4,2021103312,2026.8.26,栗東,ロードカナロア,フェリス,ロードホースクラブ,宮内牧場,,
栗東,C,右,20260826,水,5:04,クリコバロー,,牡,3,0,渡辺薫彦,,149.0,126.0,103.2,84.6,69.3,53.0,37.4,23.5,11.8,23.0,22.8,18.6,15.3,16.3,15.6,13.9,11.7,11.8,2023101412,2026.8.26,栗東,ロジャーバローズ,クリノリトミシュル,栗本依利子,宝寄山拓樹,,
栗東,C,右,20260826,水,5:04,コースタルロード,,牝,3,0,辻野泰之,,,,,,,55.8,39.9,24.9,11.8,,,,,,15.9,15.0,13.1,11.8,2023100973,2026.8.26,栗東,ロードカナロア,ロイヤルストリート,下河辺隆行,下河辺牧場,,
栗東,C,右,20260826,水,5:04,サイトゥン,,牝,2,未出走,石坂公一,,149.3,127.5,104.4,85.4,69.8,54.4,38.3,23.6,11.4,21.8,23.1,19.0,15.6,15.4,16.1,14.7,12.2,11.4,2024106774,2026.8.26,栗東,サリオス,セイクリッドサイト,アスラン,アスラン,,
栗東,C,右,20260826,水,5:04,シュネルアンジュ,,牝,3,400,寺島良,,,,,84.6,67.7,52.3,36.7,22.8,11.3,,,,16.9,15.4,15.6,13.9,11.5,11.3,2023102948,2026.8.26,栗東,キズナ,マーガレットメドウ,インゼルレーシング,千代田牧場,,
栗東,C,右,20260826,水,5:04,ジーティーアンジュ,,牝,2,未出走,渡辺薫彦,,149.2,126.5,103.9,85.5,70.0,54.0,38.7,24.9,12.4,22.7,22.6,18.4,15.5,16.0,15.3,13.8,12.5,12.4,2024101144,2026.8.26,栗東,サートゥルナーリア,セラスチューム,田畑利彦,モリナガファーム,,
栗東,C,右,20260826,水,5:04,スマートエール,,牝,2,未出走,渡辺薫彦,,147.4,124.7,102.1,83.6,68.3,52.1,36.6,23.0,11.4,22.7,22.6,18.5,15.3,16.2,15.5,13.6,11.6,11.4,2024100590,2026.8.26,栗東,グレーターロンドン,スマートルシア,大川徹,スマート,,
栗東,C,右,20260826,水,5:04,ベネサルート,,牡,3,400,渡辺薫彦,,145.5,123.2,100.1,81.4,65.8,51.2,35.8,22.7,11.6,22.3,23.1,18.7,15.6,14.6,15.4,13.1,11.1,11.6,2023106833,2026.8.26,栗東,リオンディーズ,アッラサルーテ,サンデーレーシング,ノーザンファーム,,
栗東,C,右,20260826,水,5:04,ベリベリハッピー,,牝,3,0,渡辺薫彦,,148.8,125.3,102.7,84.0,68.6,52.4,36.9,23.2,11.6,23.5,22.6,18.7,15.4,16.2,15.5,13.7,11.6,11.6,2023104441,2026.8.26,栗東,パイロ,ヴェイルドクリス,小島將之,ハシモトフアーム,,
栗東,C,右,20260826,水,5:04,ベルヴェール,,牡,2,0,石坂公一,,148.4,126.7,104.0,85.1,69.6,54.3,38.3,23.5,11.5,21.7,22.7,18.9,15.5,15.3,16.0,14.8,12.0,11.5,2024106458,2026.8.26,栗東,モーリス,チャームドヴェール,シルクレーシング,ノーザンファーム,,
栗東,C,右,20260826,水,5:04,ママコチャ,,牝,7,20250,池江泰寿,,,,,84.5,66.7,51.2,36.8,23.1,11.2,,,,17.8,15.5,14.4,13.7,11.9,11.2,2019105394,2026.8.26,栗東,クロフネ,ブチコ,金子真人ホールディングス,ノーザンファーム,,
栗東,C,右,20260826,水,5:04,ヤマニンチェルキ,,牡,4,7350,中村直也,,148.8,127.1,104.8,84.5,68.5,53.0,37.4,23.5,12.1,21.7,22.3,20.3,16.0,15.5,15.6,13.9,11.4,12.1,2022106610,2026.8.26,栗東,フォーウィールドライブ,ヤマニンプチガトー,土井肇,錦岡牧場,,
栗東,C,右,20260826,水,5:04,リアライズグリント,,牡,3,1600,矢作芳人,,139.8,119.4,99.7,82.3,66.7,51.7,36.9,23.0,11.5,20.4,19.7,17.4,15.6,15.0,14.8,13.9,11.5,11.5,2023103720,2026.8.26,栗東,キタサンブラック,マドラスチェック,今福洋介,追分ファーム,,
栗東,C,右,20260826,水,5:04,リスグロワール,,牝,2,未出走,矢作芳人,,140.5,120.2,100.4,82.8,67.3,52.2,37.1,23.0,11.4,20.3,19.8,17.6,15.5,15.1,15.1,14.1,11.6,11.4,2024106690,2026.8.26,栗東,サートゥルナーリア,リスグラシュー,キャロットファーム,ノーザンファーム,,
栗東,C,右,20260826,水,5:05,ストレングス,,牡,5,3600,寺島良,,,,,90.6,72.8,56.6,40.0,24.3,12.0,,,,17.8,16.2,16.6,15.7,12.3,12.0,2021106658,2026.8.26,栗東,シニスターミニスター,ローレライ,ノースヒルズ,ノースヒルズ,,
栗東,C,右,20260826,水,5:05,ハッピーマン,,牡,4,6330,寺島良,,,,,89.9,72.2,55.8,39.6,24.2,11.9,,,,17.7,16.4,16.2,15.4,12.3,11.9,2022100140,2026.8.26,栗東,ダノンレジェンド,ベルミュール,田邉滋久,桑田牧場,,
栗東,C,右,20260826,水,5:08,アストラルライト,,牝,2,未出走,安田翔伍,,141.6,120.4,99.7,80.7,65.0,50.3,36.4,23.2,11.5,21.2,20.7,19.0,15.7,14.7,13.9,13.2,11.7,11.5,2024106612,2026.8.26,栗東,コントレイル,マジックアティテュード,サンデーレーシング,ノーザンファーム,,
栗東,C,右,20260826,水,5:08,ダノンブギ,,牡,4,400,安田翔伍,,142.6,121.1,100.4,81.7,66.1,51.9,37.2,23.7,11.6,21.5,20.7,18.7,15.6,14.2,14.7,13.5,12.1,11.6,2022105281,2026.8.26,栗東,エピファネイア,カジノブギ,ダノックス,社台ファーム,,
栗東,C,右,20260826,水,5:08,ラピス,,牝,3,0,安田翔伍,,143.3,121.2,102.0,84.3,69.6,54.2,38.9,25.2,12.4,22.1,19.2,17.7,14.7,15.4,15.3,13.7,12.8,12.4,2023104405,2026.8.26,栗東,コントレイル,ファヴォーラ,寺田寿男,ノースヒルズ,,
栗東,C,右,20260826,水,5:08,リリーサンダー,,牡,3,0,緒方努,,144.0,126.4,108.5,89.8,72.0,55.6,39.8,24.6,12.1,17.6,17.9,18.7,17.8,16.4,15.8,15.2,12.5,12.1,2023104172,2026.8.26,栗東,ミスチヴィアスアレックス,クロランサス,土井孝夫,高瀬牧場,,
栗東,C,右,20260826,水,5:09,デルアヴァー,,牡,4,1500,松永幹夫,,138.7,120.3,101.8,85.0,69.8,55.2,40.0,25.4,12.6,18.4,18.5,16.8,15.2,14.6,15.2,14.6,12.8,12.6,2022110054,2026.8.26,栗東,Frankel,"Amour Briller",前田幸治,"North Hills Co.",,
栗東,C,右,20260826,水,5:10,エッセンシャルサン,,牡,2,未出走,牧浦充徳,,147.9,126.6,106.1,87.3,70.3,54.6,39.0,24.3,11.9,21.3,20.5,18.8,17.0,15.7,15.6,14.7,12.4,11.9,2024104205,2026.8.26,栗東,サートゥルナーリア,シティウェルズ,河村隆平,岡田牧場,,
栗東,C,右,20260826,水,5:10,シャイック,,牝,2,未出走,牧浦充徳,,145.3,125.3,105.3,87.0,70.1,54.4,38.9,24.2,11.8,20.0,20.0,18.3,16.9,15.7,15.5,14.7,12.4,11.8,2024101062,2026.8.26,栗東,マジェスティックウォリアー,ヒザクリゲ,手嶋康雄,細川牧場,,
栗東,C,右,20260826,水,5:11,アンジェリカ,,牝,2,未出走,大根田裕,,139.9,120.8,101.9,84.1,68.1,53.0,38.0,24.0,12.1,19.1,18.9,17.8,16.0,15.1,15.0,14.0,11.9,12.1,2024103265,2026.8.26,栗東,ミスチヴィアスアレックス,チョリータ,山本堅治,対馬正,,
栗東,C,右,20260826,水,5:11,ヤマカツチャーリー,,牡,2,未出走,大根田裕,,140.9,121.7,102.4,84.3,68.2,53.1,38.2,24.3,12.2,19.2,19.3,18.1,16.1,15.1,14.9,13.9,12.1,12.2,2024104232,2026.8.26,栗東,ホットロッドチャーリー,ヤマカツルビー,山田和夫,岡田牧場,,
栗東,C,右,20260826,水,5:12,シュバルツマサムネ,,牡,4,1500,杉山佳明,,154.8,134.5,112.0,89.4,71.8,55.9,39.5,24.0,11.6,20.3,22.5,22.6,17.6,15.9,16.4,15.5,12.4,11.6,2022104887,2026.8.26,栗東,マインドユアビスケッツ,タンザニアブラック,塩澤正樹,ノーザンファーム,,
栗東,C,右,20260826,水,5:13,オーレアミスト,,セ,4,400,井上智史,,149.1,126.8,105.3,86.6,69.7,53.6,38.0,23.8,12.0,22.3,21.5,18.7,16.9,16.1,15.6,14.2,11.8,12.0,2022104841,2026.8.26,栗東,ゴールドドリーム,ジンジャーミスト,インゼルレーシング,ノーザンファーム,,
栗東,C,右,20260826,水,5:13,マハナ,,牝,5,900,井上智史,,150.7,127.9,106.2,87.2,70.2,53.6,37.8,23.6,11.8,22.8,21.7,19.0,17.0,16.6,15.8,14.2,11.8,11.8,2021106618,2026.8.26,栗東,ハービンジャー,エレーデ,ノースヒルズ,ノースヒルズ,,
栗東,C,右,20260826,水,5:13,メイショウタバル,,牡,5,41650,石橋守,,138.6,119.5,101.1,83.5,67.5,53.0,36.9,22.7,11.2,19.1,18.4,17.6,16.0,14.5,16.1,14.2,11.5,11.2,2021103272,2026.8.26,栗東,ゴールドシップ,メイショウツバクロ,松本好隆,三嶋牧場,,
栗東,C,右,20260826,水,5:13,リアライズ,,牡,6,770,石橋守,,139.9,120.7,102.0,84.3,68.1,53.4,37.4,22.9,11.2,19.2,18.7,17.7,16.2,14.7,16.0,14.5,11.7,11.2,2020105299,2026.8.26,栗東,シルバーステート,ネーラペルレ,"GET NEXT",須崎牧場,,
栗東,C,右,20260826,水,5:17,ファイツオン,,牡,5,900,藤岡健一,,,,,88.6,67.5,51.3,36.2,22.9,11.3,,,,21.1,16.2,15.1,13.3,11.6,11.3,2021100476,2026.8.26,栗東,アルアイン,ソラコマチ,前田幸治,村上牧場,,
栗東,C,右,20260826,水,5:17,ブロッサムスピア,,牡,2,未出走,藤岡健一,,,,,87.9,66.8,50.7,35.8,22.5,11.0,,,,21.1,16.1,14.9,13.3,11.5,11.0,2024107052,2026.8.26,栗東,リアルスティール,ポーレン,シルクレーシング,社台コーポレーション白老ファーム,,
栗東,C,右,20260826,水,5:18,クリノライジング,,牝,2,未出走,大橋勇樹,,143.6,122.3,102.2,83.9,68.8,53.6,38.4,24.3,12.1,21.3,20.1,18.3,15.1,15.2,15.2,14.1,12.2,12.1,2024102637,2026.8.26,栗東,イスラボニータ,ライジングサン,栗本守,鮫川啓一,,
栗東,C,右,20260826,水,5:18,マルモリムソウ,,牡,2,400,大橋勇樹,,142.2,121.5,101.4,83.2,68.1,53.0,37.8,23.7,11.7,20.7,20.1,18.2,15.1,15.1,15.2,14.1,12.0,11.7,2024101644,2026.8.26,栗東,ビッグアーサー,オリーブジュエル,山下繁美,金石牧場,,
栗東,C,右,20260826,水,5:18,リアルマロン,,牡,2,未出走,大橋勇樹,,143.4,122.0,101.9,83.6,68.5,53.4,38.2,24.1,11.9,21.4,20.1,18.3,15.1,15.1,15.2,14.1,12.2,11.9,2024105352,2026.8.26,栗東,ミッキーアイル,エヴィータアルゼンティーナ,水谷光太郎,下屋敷牧場,,
栗東,C,右,20260826,水,5:20,グランディマージュ,,牡,3,400,鈴木孝志,,178.7,127.6,102.7,83.1,67.2,52.4,37.5,23.6,11.8,51.1,24.9,19.6,15.9,14.8,14.9,13.9,11.8,11.8,2023101716,2026.8.26,栗東,ドリームバレンチノ,グランドサッチャー,ライオンレースホース,高昭牧場,,
栗東,C,右,20260826,水,5:20,ソルパッサーレ,,牝,3,900,四位洋文,,,,,,,50.5,35.8,22.4,11.2,,,,,,14.7,13.4,11.2,11.2,2023102806,2026.8.26,栗東,キズナ,ベアフットレディ,TNレーシング,タイヘイ牧場,,
栗東,C,右,20260826,水,5:20,マクノス,,牝,3,400,鈴木孝志,,176.6,126.6,102.5,83.2,67.3,52.6,37.6,23.8,11.9,50.0,24.1,19.3,15.9,14.7,15.0,13.8,11.9,11.9,2023102252,2026.8.26,栗東,マクフィ,オルノス,武田浩典,宮内牧場,,
栗東,C,右,20260826,水,5:20,ルジェドリール,,牡,2,未出走,鈴木孝志,,179.2,128.5,103.7,84.3,68.5,53.8,38.9,24.9,12.5,50.7,24.8,19.4,15.8,14.7,14.9,14.0,12.4,12.5,2024104567,2026.8.26,栗東,シュヴァルグラン,ショウリダバンザイ,KAJIMOTOホールディングス,タイヘイ牧場,,
栗東,C,右,20260826,水,5:21,ウルスクローム,,牡,4,1500,大橋勇樹,,144.2,122.8,101.2,82.7,67.2,52.4,37.3,23.0,11.4,21.4,21.6,18.5,15.5,14.8,15.1,14.3,11.6,11.4,2022103630,2026.8.26,栗東,カリフォルニアクローム,プリンセスバリュー,村上憲政,岡田牧場,,
栗東,C,右,20260826,水,5:21,クリノセーラーマン,,牡,3,400,大橋勇樹,,147.7,123.9,101.7,83.0,67.7,52.8,37.6,23.3,11.5,23.8,22.2,18.7,15.3,14.9,15.2,14.3,11.8,11.5,2023101199,2026.8.26,栗東,シャンハイボビー,ハッピーセーラー,栗本守,出口牧場,,
栗東,C,右,20260826,水,5:21,ロングトールサリー,,牝,3,400,福永祐一,,,,,85.1,68.9,53.8,37.9,23.2,11.3,,,,16.2,15.1,15.9,14.7,11.9,11.3,2023106995,2026.8.26,栗東,キタサンブラック,グローバルビューティ,エムズレーシング,ノーザンファーム,,
栗東,C,右,20260826,水,5:23,ゴールデンステーラ,,牡,2,未出走,本田優,,143.8,123.4,103.6,85.0,68.3,53.0,38.0,24.0,12.1,20.4,19.8,18.6,16.7,15.3,15.0,14.0,11.9,12.1,2024105116,2026.8.26,栗東,コントレイル,マンゴタンゴ,本間茂,矢野牧場,,
栗東,C,右,20260826,水,5:23,スエヒロビリーブ,,牡,2,未出走,四位洋文,,155.9,134.2,111.5,89.9,71.0,54.4,38.6,24.0,11.6,21.7,22.7,21.6,18.9,16.6,15.8,14.6,12.4,11.6,2024100587,2026.8.26,栗東,アドマイヤマーズ,レディオブヴェニス,中辻明,スマイルファーム,,
栗東,C,右,20260826,水,5:23,メイショウジンソウ,,牡,3,0,本田優,,142.6,122.2,102.1,83.9,67.2,52.1,37.4,23.6,12.2,20.4,20.1,18.2,16.7,15.1,14.7,13.8,11.4,12.2,2023101043,2026.8.26,栗東,ゴールドドリーム,スイートマルセル,松本好隆,シンボリ牧場,,
栗東,C,右,20260826,水,5:23,ランスオブナイト,,牡,2,未出走,本田優,,144.2,123.4,103.6,85.0,68.2,53.0,38.0,24.0,12.1,20.8,19.8,18.6,16.8,15.2,15.0,14.0,11.9,12.1,2024106792,2026.8.26,栗東,シャンハイボビー,ヒロノクイーン,五影隆則,市川牧場,,
栗東,C,右,20260826,水,5:23,レガリアフォリア,,牡,2,未出走,四位洋文,,156.4,134.6,111.9,90.3,71.3,54.6,38.8,24.0,11.6,21.8,22.7,21.6,19.0,16.7,15.8,14.8,12.4,11.6,2024104846,2026.8.26,栗東,エフフォーリア,レガリニ,Areaレーシング,畠山牧場,,
栗東,C,右,20260826,水,5:24,ツーエムマドンナ,,牝,2,未出走,本田優,,154.1,131.0,108.1,89.0,71.9,56.8,40.3,25.1,12.4,23.1,22.9,19.1,17.1,15.1,16.5,15.2,12.7,12.4,2024104245,2026.8.26,栗東,エスポワールシチー,スペランツァーレ,村上憲政,小倉スタッド,,
栗東,C,右,20260826,水,5:24,ボルセーナ,,牝,4,900,奥村豊,,,,,87.1,69.9,54.6,38.9,23.7,11.5,,,,17.2,15.3,15.7,15.2,12.2,11.5,2022105600,2026.8.26,栗東,イスラボニータ,フーイズフー,フォレストレーシング,アスラン,,
栗東,C,右,20260826,水,5:24,ボーントゥウォリア,,牡,3,400,奥村豊,,,,,86.4,69.4,54.2,38.5,23.5,11.5,,,,17.0,15.2,15.7,15.0,12.0,11.5,2023102082,2026.8.26,栗東,シニスターミニスター,ヴァローア,ターフ・スポート,谷川牧場,,
栗東,C,右,20260826,水,5:24,メイショウノゾミ,,牝,2,未出走,本田優,,155.4,131.2,108.3,89.0,72.0,56.7,40.3,25.0,12.4,24.2,22.9,19.3,17.0,15.3,16.4,15.3,12.6,12.4,2024102861,2026.8.26,栗東,ステルヴィオ,マイラッキー,松本好隆,村下明博,,
栗東,C,右,20260826,水,5:24,メイショウラリマー,,牡,2,未出走,本田優,,155.4,131.3,108.3,89.0,72.0,56.8,40.3,25.1,12.4,24.1,23.0,19.3,17.0,15.2,16.5,15.2,12.7,12.4,2024102532,2026.8.26,栗東,ビッグアーサー,アクアブルーハート,松本好隆,高昭牧場,,
栗東,C,右,20260826,水,5:24,モンテディアーナ,,牝,4,900,四位洋文,,,,,,,53.8,38.7,24.6,12.3,,,,,,15.1,14.1,12.3,12.3,2022104597,2026.8.26,栗東,ドレフォン,アズールムーン,毛利元昭,ノーザンファーム,,
栗東,C,右,20260826,水,5:25,インマイポケット,,牝,5,400,武幸四郎,,137.7,118.5,100.6,83.6,68.0,52.9,38.1,23.9,11.8,19.2,17.9,17.0,15.6,15.1,14.8,14.2,12.1,11.8,2021105466,2026.8.26,栗東,キズナ,カヴァートラブ,藤田晋,ノーザンファーム,,
栗東,C,右,20260826,水,5:27,ファルカータ,,牝,3,400,友道康夫,,,,,,,56.7,40.0,24.6,11.8,,,,,,16.7,15.4,12.8,11.8,2023105804,2026.8.26,栗東,エピファネイア,スピニングワイルドキャット,ロードホースクラブ,ケイアイファーム,,
栗東,C,右,20260826,水,5:28,インザモーメント,,セ,5,1500,田中克典,,140.4,119.5,99.3,81.0,66.0,52.0,37.0,23.5,11.9,20.9,20.2,18.3,15.0,14.0,15.0,13.5,11.6,11.9,2021106635,2026.8.26,栗東,キズナ,ディルガ,前田幸大,ノースヒルズ,,
栗東,C,右,20260826,水,5:28,エレガンスアスク,,牝,3,400,田中克典,,138.0,117.4,97.7,79.6,64.4,50.8,36.7,23.2,11.7,20.6,19.7,18.1,15.2,13.6,14.1,13.5,11.5,11.7,2023106399,2026.8.26,栗東,ポエティックフレア,ネヴァーハーツ,廣崎利洋HD,三嶋牧場,,
栗東,C,右,20260826,水,5:29,イクオクコウネン,,セ,3,0,斉藤崇史,,147.2,123.9,102.6,84.1,67.7,52.1,37.0,22.9,11.5,23.3,21.3,18.5,16.4,15.6,15.1,14.1,11.4,11.5,2023105458,2026.8.26,栗東,スワーヴリチャード,ノッツダルジェント,中水英紀,スマイルファーム,,
栗東,C,右,20260826,水,5:29,コンテナワールド,,牡,5,0,中竹和也,,,,,80.1,64.9,50.4,36.5,23.6,11.9,,,,15.2,14.5,13.9,12.9,11.7,11.9,2021104924,2026.8.26,栗東,エピファネイア,ユッカマウンテン,住谷孝一,社台コーポレーション白老ファーム,,
栗東,C,右,20260826,水,5:29,サウンドムーブ,,牡,3,1200,斉藤崇史,,139.5,117.6,97.2,80.3,65.6,52.1,37.7,23.3,11.7,21.9,20.4,16.9,14.7,13.5,14.4,14.4,11.6,11.7,2023101449,2026.8.26,栗東,リアルスティール,サウンドルチア,増田雄一,本間牧場,,
栗東,C,右,20260826,水,5:29,センツブラッド,,牡,4,2550,斉藤崇史,,148.5,125.1,103.7,85.1,68.7,53.1,37.7,23.4,11.6,23.4,21.4,18.6,16.4,15.6,15.4,14.3,11.8,11.6,2022101648,2026.8.26,栗東,ルーラーシップ,サマーセント,ゴドルフィン,ダーレー・ジャパン・ファーム,,
栗東,C,右,20260826,水,5:29,ダルマパワー,,牡,2,未出走,斉藤崇史,,148.0,124.6,103.3,84.8,68.3,52.6,37.4,23.3,11.6,23.4,21.3,18.5,16.5,15.7,15.2,14.1,11.7,11.6,2024106656,2026.8.26,栗東,マインドユアビスケッツ,モヒニ,一門会,ノーザンファーム,,
栗東,C,右,20260826,水,5:29,バステール,,牡,3,3100,斉藤崇史,,140.0,117.9,97.5,80.6,65.9,52.4,37.9,23.4,11.7,22.1,20.4,16.9,14.7,13.5,14.5,14.5,11.7,11.7,2023107247,2026.8.26,栗東,キタサンブラック,マンビア,シルクレーシング,ノーザンファーム,,
栗東,C,右,20260826,水,5:31,キッコベッロ,,牡,3,400,友道康夫,,136.5,118.9,100.2,82.7,67.3,52.0,36.7,22.6,11.6,17.6,18.7,17.5,15.4,15.3,15.3,14.1,11.0,11.6,2023104996,2026.8.26,栗東,"Study of Man",アマダブラム2,モンレーヴ,三嶋牧場,,
栗東,C,右,20260826,水,5:31,グランヴィノス,,牡,6,3250,友道康夫,,139.1,120.2,101.3,83.6,68.1,52.8,37.0,22.7,11.6,18.9,18.9,17.7,15.5,15.3,15.8,14.3,11.1,11.6,2020103522,2026.8.26,栗東,キタサンブラック,ハルーワスウィート,佐々木主浩,ノーザンファーム,,
栗東,C,右,20260826,水,5:31,ビーチェマーレ,,セ,3,400,友道康夫,,138.9,120.0,101.1,83.6,68.2,52.9,37.1,22.9,11.8,18.9,18.9,17.5,15.4,15.3,15.8,14.2,11.1,11.8,2023107140,2026.8.26,栗東,ロードカナロア,ドリームアンドドゥ,キーファーズ,ノーザンファーム,,
栗東,C,右,20260826,水,5:32,メイショウコマチ,,牝,3,1500,千田輝彦,,,,,82.7,66.6,52.3,37.4,23.6,11.7,,,,16.1,14.3,14.9,13.8,11.9,11.7,2023102243,2026.8.26,栗東,ルヴァンスレーヴ,メイショウタチマチ,松本好隆,三嶋牧場,,
栗東,C,右,20260826,水,5:32,ラケマーダ,,牡,6,3800,千田輝彦,,,,,86.5,69.6,54.0,38.9,24.2,11.9,,,,16.9,15.6,15.1,14.7,12.3,11.9,2020101784,2026.8.26,栗東,アメリカンペイトリオット,アプト,ゴドルフィン,ダーレー・ジャパン・ファーム,,
栗東,C,右,20260826,水,5:34,サクラオーラ,,牝,7,560,河嶋宏樹,,144.1,121.4,101.3,85.3,71.1,56.5,40.6,25.3,12.1,22.7,20.1,16.0,14.2,14.6,15.9,15.3,13.2,12.1,2019106280,2026.8.26,栗東,シルバーステート,サクラクローバー,さくらコマース,谷岡牧場,,
栗東,C,右,20260826,水,5:44,ケンシロウワールド,,牡,2,0,森秀行,,151.4,126.6,104.1,85.1,68.6,52.9,37.4,23.7,12.3,24.8,22.5,19.0,16.5,15.7,15.5,13.7,11.4,12.3,2024108272,2026.8.26,栗東,Violence,"Colby Cakes","Serpent Partners","Four Roses Partners & Josh Green",,
栗東,C,右,20260826,水,5:44,ジャスパーレビン,,牡,2,未出走,森秀行,,146.0,123.2,101.2,82.3,66.8,52.0,37.2,23.6,12.1,22.8,22.0,18.9,15.5,14.8,14.8,13.6,11.5,12.1,2024108274,2026.8.26,栗東,Charlatan,Interrogation,加藤和夫,"Emcee Stable LLC and Fortune Farm",,
栗東,C,右,20260826,水,5:45,クラリノ,,牝,3,0,武英智,,154.8,132.4,110.8,91.6,74.0,56.7,39.6,24.3,11.8,22.4,21.6,19.2,17.6,17.3,17.1,15.3,12.5,11.8,2023105119,2026.8.26,栗東,サトノクラウン,サンティエ,ヒダカ・ブリーダーズ・ユニオン,桑田牧場,,
栗東,C,右,20260826,水,5:45,ジューンセクレタ,,牡,3,400,武英智,,151.9,129.8,108.3,90.2,73.2,56.1,39.0,24.0,11.7,22.1,21.5,18.1,17.0,17.1,17.1,15.0,12.3,11.7,2023110029,2026.8.26,栗東,"Maclean's Music","Bazinga Baby",吉川潤,"Town & Country Farms LLC",,
栗東,C,右,20260826,水,5:45,スコーピオンイメル,,牡,4,400,武英智,,154.6,131.8,110.1,91.3,73.8,56.5,39.4,24.3,11.8,22.8,21.7,18.8,17.5,17.3,17.1,15.1,12.5,11.8,2022104496,2026.8.26,栗東,ホッコータルマエ,ダーリングバード,ケーエスHD,前谷牧場,,
栗東,C,右,20260826,水,5:46,パクスロマーナ,,牝,6,1500,加藤公太,,155.8,130.7,106.4,84.1,67.0,52.5,37.5,23.7,11.3,25.1,24.3,22.3,17.1,14.5,15.0,13.8,12.4,11.3,2020104616,2026.8.26,栗東,ネロ,アンティクイーン,酒井孝敏,野表篤夫,,
栗東,C,右,20260826,水,5:47,エイシンビギー,,牝,3,0,今野貞一,,,,,,,54.3,39.6,25.4,12.4,,,,,,14.7,14.2,13.0,12.4,2023105500,2026.8.26,栗東,ダイワメジャー,エイシンデネブ,栄進堂,栄進牧場,,
栗東,C,右,20260826,水,5:49,ゼンノインヴォーク,,セ,7,400,緒方努,,147.1,124.5,102.8,84.0,67.6,52.0,37.2,23.7,12.0,22.6,21.7,18.8,16.4,15.6,14.8,13.5,11.7,12.0,2019100915,2026.8.26,栗東,シルバーステート,ヴォワルドール,大迫久美子,村上欽哉,,
栗東,C,右,20260826,水,5:49,ダイメイプリンス,,牡,3,0,森田直行,,137.7,117.2,98.9,82.1,68.3,54.4,39.7,25.1,12.4,20.5,18.3,16.8,13.8,13.9,14.7,14.6,12.7,12.4,2023101606,2026.8.26,栗東,シルバーステート,ダイメイプリンセス,宮本孝一,横井哲,,
栗東,C,右,20260826,水,5:49,メイショウビストロ,,牡,4,400,岡田稲男,,,,,87.1,69.9,54.8,39.8,25.3,12.5,,,,17.2,15.1,15.0,14.5,12.8,12.5,2022103251,2026.8.26,栗東,カリフォルニアクローム,メイショウオワラ,松本好隆,三嶋牧場,,
栗東,C,右,20260826,水,5:49,モズレイラココナ,,牝,4,280,森田直行,,136.7,116.8,98.3,81.8,68.2,54.2,39.6,25.0,12.3,19.9,18.5,16.5,13.6,14.0,14.6,14.6,12.7,12.3,2022102122,2026.8.26,栗東,モズアスコット,ジーピークロス,北側雅司,目黒牧場,,
栗東,C,右,20260826,水,5:49,レザベーション,,牡,3,3100,松下武士,,136.9,117.8,99.3,82.4,67.1,52.5,37.7,24.0,12.4,19.1,18.5,16.9,15.3,14.6,14.8,13.7,11.6,12.4,2023103268,2026.8.26,栗東,ダノンプレミアム,プレノタート,中村伊三美,松田牧場,,
栗東,C,右,20260826,水,5:50,ウィリーウィリー,,牡,2,未出走,森田直行,,140.6,120.6,101.1,83.9,69.7,55.5,39.8,24.9,12.4,20.0,19.5,17.2,14.2,14.2,15.7,14.9,12.5,12.4,2024105274,2026.8.26,栗東,ダノンスマッシュ,ウィンディスペル,中村祐子,ケイアイファーム,,
栗東,C,右,20260826,水,5:50,フェゲフォイア,,牡,6,300,岡田稲男,,148.6,125.8,104.3,85.4,68.7,53.2,38.1,23.8,11.7,22.8,21.5,18.9,16.7,15.5,15.1,14.3,12.1,11.7,2020106355,2026.8.26,栗東,アドマイヤムーン,アリアプーラ,一村哲也,ガーベラパークスタツド,,
栗東,C,右,20260826,水,5:50,ベルセルク,,牡,2,未出走,森田直行,,141.8,121.4,101.9,84.5,69.9,55.5,39.9,25.0,12.4,20.4,19.5,17.4,14.6,14.4,15.6,14.9,12.6,12.4,2024108041,2026.8.26,栗東,タワーオブロンドン,ビクトリーチャンス,大倉佑介,日西牧場,,
栗東,C,右,20260826,水,5:50,ベルメグスタ,,牝,2,未出走,森田直行,,138.5,119.6,100.6,83.8,69.7,55.4,39.8,24.8,12.1,18.9,19.0,16.8,14.1,14.3,15.6,15.0,12.7,12.1,2024102020,2026.8.26,栗東,ダノンバラード,ディアバビアナ,高樽さゆり,ディアレストクラブ,,
栗東,C,右,20260826,水,5:54,ウェンロック,,牡,3,未出走,藤岡健一,,,,,85.3,67.5,52.2,36.9,22.7,11.2,,,,17.8,15.3,15.3,14.2,11.5,11.2,2023101121,2026.8.26,栗東,アメリカンペイトリオット,サマリーズ,ゴドルフィン,ダーレー・ジャパン・ファーム,,
栗東,C,右,20260826,水,5:54,グランメドウ,,牡,5,400,藤岡健一,,,,,86.3,68.4,53.2,37.7,23.5,11.8,,,,17.9,15.2,15.5,14.2,11.7,11.8,2021110107,2026.8.26,栗東,"American Pharoah","Meadow Breeze",前原敏行,"Betz/D. J. Stables/CoCo/Burns/American Pharoah Syndicate",,
栗東,C,右,20260826,水,5:54,メイショウブレゲ,,牡,7,2700,本田優,,159.8,128.8,104.2,81.5,64.8,50.6,36.7,23.4,12.0,31.0,24.6,22.7,16.7,14.2,13.9,13.3,11.4,12.0,2019104091,2026.8.26,栗東,ゴールドシップ,メイショウスイヅキ,松本好隆,三嶋牧場,,
栗東,C,右,20260826,水,6:19,アラムシャピラス,,牡,3,0,池江泰寿,,,,,84.8,67.8,51.6,36.8,22.8,11.4,,,,17.0,16.2,14.8,14.0,11.4,11.4,2023105683,2026.8.26,栗東,シスキン,マローブルー,金子真人ホールディングス,日高大洋牧場,,
栗東,C,右,20260826,水,6:19,オンザノアール,,牝,3,400,佐藤悠太,,,,,83.0,66.5,51.4,36.3,22.6,11.0,,,,16.5,15.1,15.1,13.7,11.6,11.0,2023103399,2026.8.26,栗東,インディチャンプ,コーンドリー,久保田定,社台ファーム,,
栗東,C,右,20260826,水,6:19,ガンマジーティーピ,,牡,4,1500,渡辺薫彦,,,,,84.3,68.1,52.2,37.1,23.1,11.2,,,,16.2,15.9,15.1,14.0,11.9,11.2,2022106123,2026.8.26,栗東,カレンブラックヒル,ダームドゥラック,SSレーシング,オリエント牧場,,
栗東,C,右,20260826,水,6:19,ビクスバイト,,牝,3,0,佐藤悠太,,,,,85.0,69.0,54.0,38.3,23.6,11.6,,,,16.0,15.0,15.7,14.7,12.0,11.6,2023106949,2026.8.26,栗東,サトノダイヤモンド,カリスペル,吉田勝己,ノーザンファーム,,
栗東,C,右,20260826,水,6:19,ビスケットサンド,,牝,2,400,佐藤悠太,,,,,84.6,68.5,53.7,38.1,23.5,11.7,,,,16.1,14.8,15.6,14.6,11.8,11.7,2024106262,2026.8.26,栗東,マインドユアビスケッツ,ガルデルスリール,保坂和孝,ノーザンファーム,,
栗東,C,右,20260826,水,6:19,ミッキーゴールド,,セ,4,2400,池江泰寿,,,,,83.8,67.1,50.7,36.3,22.7,11.4,,,,16.7,16.4,14.4,13.6,11.3,11.4,2022104765,2026.8.26,栗東,リアルスティール,グローバルビューティ,野田みづき,ノーザンファーム,,
栗東,C,右,20260826,水,6:19,ミッキージャンプ,,牡,3,900,池江泰寿,,,,,84.5,67.6,51.3,36.7,22.8,11.4,,,,16.9,16.3,14.6,13.9,11.4,11.4,2023105274,2026.8.26,栗東,サートゥルナーリア,オンディナドバイ,野田みづき,ノーザンファーム,,
栗東,C,右,20260826,水,6:19,ラヴネヴァーダイズ,,牡,3,400,渡辺薫彦,,,,,83.6,67.8,52.5,36.9,22.9,11.3,,,,15.8,15.3,15.6,14.0,11.6,11.3,2023102131,2026.8.26,栗東,ミッキーアイル,モーレアモーレ,江馬由将,辻牧場,,
栗東,C,右,20260826,水,6:20,エアロクリスタ,,牡,2,0,池添学,,143.2,123.1,102.5,84.2,69.2,54.5,38.8,23.9,12.1,20.1,20.6,18.3,15.0,14.7,15.7,14.9,11.8,12.1,2024103815,2026.8.26,栗東,カラヴァッジオ,ブライトメッセージ,福本純,三村卓也,,
栗東,C,右,20260826,水,6:20,ディーエストッキー,,牡,5,300,橋口慎介,,142.7,120.4,99.2,81.2,66.9,52.7,37.7,23.5,11.9,22.3,21.2,18.0,14.3,14.2,15.0,14.2,11.6,11.9,2021105098,2026.8.26,栗東,レッドスパーダ,セデュウシング,石橋充教,社台ファーム,,
栗東,C,右,20260826,水,6:20,メイショウレイナ,,牝,2,未出走,池添学,,142.2,123.0,102.2,84.0,68.9,54.3,38.9,24.0,12.3,19.2,20.8,18.2,15.1,14.6,15.4,14.9,11.7,12.3,2024102300,2026.8.26,栗東,ドレフォン,メイショウショウブ,松本好隆,三嶋牧場,,
栗東,C,右,20260826,水,6:20,リアライズルミナス,,牝,3,400,橋口慎介,,141.3,119.1,98.0,80.1,65.9,51.8,36.8,22.8,11.3,22.2,21.1,17.9,14.2,14.1,15.0,14.0,11.5,11.3,2023104830,2026.8.26,栗東,シルバーステート,ジュルビアン,今福洋介,大柳ファーム,,
栗東,C,右,20260826,水,6:21,テレサ,,牝,4,2550,杉山晴紀,,142.3,121.5,101.2,82.8,67.6,52.7,37.8,23.8,11.4,20.8,20.3,18.4,15.2,14.9,14.9,14.0,12.4,11.4,2022104885,2026.8.26,栗東,アドマイヤマーズ,タムニア,近藤英子,ノーザンファーム,,
栗東,C,右,20260826,水,6:21,バドリナート,,牡,3,1200,松永幹夫,,133.8,114.8,96.2,79.7,65.7,52.2,38.1,24.3,12.2,19.0,18.6,16.5,14.0,13.5,14.1,13.8,12.1,12.2,2023107278,2026.8.26,栗東,コントレイル,モヒニ,サンデーレーシング,ノーザンファーム,,
栗東,C,右,20260826,水,6:21,ブラッドバローズ,,牡,2,未出走,杉山晴紀,,139.9,120.9,101.5,84.3,68.1,52.3,37.1,23.6,11.8,19.0,19.4,17.2,16.2,15.8,15.2,13.5,11.8,11.8,2024101722,2026.8.26,栗東,サートゥルナーリア,パールズシャイン,猪熊広次,杵臼牧場,,
栗東,C,右,20260826,水,6:21,ベルウッドワタル,,牡,2,未出走,杉山晴紀,,142.0,122.1,102.4,84.9,68.7,52.9,37.4,23.7,11.8,19.9,19.7,17.5,16.2,15.8,15.5,13.7,11.9,11.8,2024102516,2026.8.26,栗東,ルヴァンスレーヴ,サンドクイーン,鈴木照雄,桑田牧場,,
栗東,C,右,20260826,水,6:21,ムーンライトラガー,,牝,4,400,大久保龍,,132.9,113.8,96.2,79.4,65.2,51.1,36.8,23.6,12.0,19.1,17.6,16.8,14.2,14.1,14.3,13.2,11.6,12.0,2022104710,2026.8.26,栗東,オルフェーヴル,オープンウォーター,奥村訓彦,ノーザンファーム,,
栗東,C,右,20260826,水,6:21,ヴィスメンティス,,牡,3,0,池江泰寿,,,,,,,53.3,37.2,23.1,11.3,,,,,,16.1,14.1,11.8,11.3,2023103758,2026.8.26,栗東,オルフェーヴル,ヴァリディオル,サンデーレーシング,社台コーポレーション白老ファーム,,
栗東,C,右,20260826,水,6:22,ニクスルーナ,,牝,2,0,高柳大輔,,136.3,116.1,97.6,80.9,66.7,51.9,36.8,22.8,11.4,20.2,18.5,16.7,14.2,14.8,15.1,14.0,11.4,11.4,2024106712,2026.8.26,栗東,ジャンダルム,ルナベイル,橋本実,ノーザンファーム,,
栗東,C,右,20260826,水,6:22,バルフルール,,牝,3,0,長谷川浩,,148.1,127.3,106.8,87.6,70.5,54.8,39.2,24.7,12.4,20.8,20.5,19.2,17.1,15.7,15.6,14.5,12.3,12.4,2023106909,2026.8.26,栗東,"Saxon Warrior",ヴォーセル,キャロットファーム,ノーザンファーム,,
栗東,C,右,20260826,水,6:22,ブラックシールド,,牡,7,2400,小栗実,,143.1,123.4,103.8,84.9,68.7,53.5,37.9,23.5,11.9,19.7,19.6,18.9,16.2,15.2,15.6,14.4,11.6,11.9,2019105197,2026.8.26,栗東,キタサンブラック,ゴールドエッセンス,吉田勝己,ノーザンファーム,,
栗東,C,右,20260826,水,6:22,マサノエクスプレス,,牡,2,未出走,藤野健太,,,,,82.3,66.8,52.7,38.0,23.8,12.1,,,,15.5,14.1,14.7,14.2,11.7,12.1,2024105150,2026.8.26,栗東,キズナ,サラトガヴィーナス,猪野毛雅人,猪野毛牧場,,
栗東,C,右,20260826,水,6:22,モカラマーズ,,牡,4,900,高柳大輔,,137.4,117.0,98.8,82.2,67.8,53.1,37.9,23.8,12.1,20.4,18.2,16.6,14.4,14.7,15.2,14.1,11.7,12.1,2022103609,2026.8.26,栗東,アドマイヤマーズ,オアシスクイーン,村上憲政,岡田牧場,,
栗東,C,右,20260826,水,6:22,ラッキーストーン,,牡,3,0,高柳大輔,,135.7,115.6,96.6,80.4,65.5,51.2,36.5,23.5,11.9,20.1,19.0,16.2,14.9,14.3,14.7,13.0,11.6,11.9,2023110018,2026.8.26,栗東,"Lucky Vega","Sapphire Ring",張月勝,"Yulong Investments (Australia) Pty",,
栗東,C,右,20260826,水,6:22,リムリックアイル,,牝,2,未出走,藤野健太,,,,,81.8,66.2,52.2,37.6,23.4,11.9,,,,15.6,14.0,14.6,14.2,11.5,11.9,2024106540,2026.8.26,栗東,シスキン,フェアレストアイル,サンデーレーシング,ノーザンファーム,,
栗東,C,右,20260826,水,6:23,ジーニアスバローズ,,セ,6,900,辻野泰之,,,,,84.8,68.3,53.0,37.4,23.4,11.5,,,,16.5,15.3,15.6,14.0,11.9,11.5,2020100681,2026.8.26,栗東,ハーツクライ,スカイノダン,猪熊広次,桑田牧場,,
栗東,C,右,20260826,水,6:23,ポッドドンナー,,牡,4,900,辻野泰之,,,,,83.7,67.8,52.5,37.3,23.4,11.5,,,,15.9,15.3,15.2,13.9,11.9,11.5,2022100018,2026.8.26,栗東,サートゥルナーリア,エピストロフィー,小川眞査雄,市川フアーム,,
栗東,C,右,20260826,水,6:24,キングズテイル,,牡,3,0,岡田稲男,,145.7,123.4,103.8,85.9,69.2,53.9,38.8,24.2,11.9,22.3,19.6,17.9,16.7,15.3,15.1,14.6,12.3,11.9,2023105124,2026.8.26,栗東,リオンディーズ,スマートオランプ,インゼルレーシング,桑田牧場,,
栗東,C,右,20260826,水,6:24,ピュアノーブル,,牝,2,0,岡田稲男,,144.9,122.7,103.1,85.3,68.8,53.6,38.6,24.1,11.8,22.2,19.6,17.8,16.5,15.2,15.0,14.5,12.3,11.8,2024105997,2026.8.26,栗東,リオンディーズ,ピュアマインド,社台レースホース,社台ファーム,,
栗東,C,右,20260826,水,6:26,ドラーダアスール,,牝,2,未出走,鈴木孝志,,203.1,131.8,101.5,82.5,67.4,52.6,37.7,24.1,12.2,71.3,30.3,19.0,15.1,14.8,14.9,13.6,11.9,12.2,2024104427,2026.8.26,栗東,レイデオロ,プリメラアスール,アスール,佐竹牧場,,
栗東,C,右,20260826,水,6:26,ハルカカナタ,,牝,2,0,秋山真一,,168.3,140.6,116.2,93.7,73.9,56.3,39.6,23.7,11.3,27.7,24.4,22.5,19.8,17.6,16.7,15.9,12.4,11.3,2024106310,2026.8.26,栗東,ドレフォン,コパカティ,ニッシンホールディングス,ノーザンファーム,,
栗東,C,右,20260826,水,6:26,ミヤジエル,,牝,2,未出走,鈴木孝志,,203.9,133.1,101.5,82.4,67.1,52.4,37.5,23.9,12.1,70.8,31.6,19.1,15.3,14.7,14.9,13.6,11.8,12.1,2024102985,2026.8.26,栗東,ナダル,ミヤジレリゴー,曽我司,柏木一則,,
栗東,C,右,20260826,水,6:26,メラヴィリオーザ,,牝,6,200,秋山真一,,170.1,142.6,118.0,95.2,75.4,57.6,40.1,23.8,11.3,27.5,24.6,22.8,19.8,17.8,17.5,16.3,12.5,11.3,2020101920,2026.8.26,栗東,ディーマジェスティ,メイクデュース,ノルマンディーサラブレッドレーシング,出口牧場,,
栗東,C,右,20260826,水,6:26,ラガッタレアーレ,,牝,2,未出走,秋山真一,,168.9,141.1,116.7,94.1,74.5,56.8,39.7,23.5,11.2,27.8,24.4,22.6,19.6,17.7,17.1,16.2,12.3,11.2,2024106277,2026.8.26,栗東,ルーラーシップ,クイーンズキトゥン,吉田勝己,ノーザンファーム,,
栗東,C,右,20260826,水,6:28,ハグレジョー,,牡,3,400,岡田稲男,,135.6,116.3,97.2,80.4,65.7,51.5,37.2,23.6,12.1,19.3,19.1,16.8,14.7,14.2,14.3,13.6,11.5,12.1,2023104275,2026.8.26,栗東,エスポワールシチー,ハナブショウ,河内孝夫,中地広大,,
栗東,C,右,20260826,水,6:29,ガイアメンテ,,牡,5,3800,須貝尚介,,147.1,124.9,104.2,85.5,69.2,53.3,37.3,22.9,11.4,22.2,20.7,18.7,16.3,15.9,16.0,14.4,11.5,11.4,2021105808,2026.8.26,栗東,ドゥラメンテ,ミュージカルロマンス,サンデーレーシング,ノーザンファーム,,
栗東,C,右,20260826,水,6:29,コルキス,,牡,2,未出走,須貝尚介,,146.3,124.5,103.9,85.0,69.1,53.3,37.3,22.9,11.6,21.8,20.6,18.9,15.9,15.8,16.0,14.4,11.3,11.6,2024107182,2026.8.26,栗東,シスキン,ココファンタジア,キャロットファーム,社台コーポレーション白老ファーム,,
栗東,C,右,20260826,水,6:29,ペンナヴェローチェ,,牡,5,1500,須貝尚介,,145.4,123.4,102.9,84.3,68.4,53.0,37.0,22.8,11.4,22.0,20.5,18.6,15.9,15.4,16.0,14.2,11.4,11.4,2021104092,2026.8.26,栗東,キズナ,エンパイアブレイク,"TO RACING",千代田牧場,,
栗東,C,右,20260826,水,6:37,エンベッカ,,牝,4,400,柴田卓,,,,,,,54.2,38.5,23.5,11.7,,,,,,15.7,15.0,11.8,11.7,2022104824,2026.8.26,栗東,サトノダイヤモンド,シンハリーズ,キャロットファーム,ノーザンファーム,,
栗東,C,右,20260826,水,6:42,ヴリトラハン,,牡,4,900,千田輝彦,,,,,87.0,70.3,54.3,38.6,24.0,11.8,,,,16.7,16.0,15.7,14.6,12.2,11.8,2022105302,2026.8.26,栗東,ロードカナロア,クラリスピンク,吉田千津,社台ファーム,,
栗東,C,右,20260826,水,6:43,ユウトザレン,,牡,4,900,千田輝彦,,,,,85.6,69.8,54.4,38.3,23.8,11.7,,,,15.8,15.4,16.1,14.5,12.1,11.7,2022101016,2026.8.26,栗東,ゴールドドリーム,ジュエルド,鈴木紋菜,米田牧場,,
栗東,C,右,20260826,水,6:45,タマモナポリ,,牝,5,900,河嶋宏樹,,145.4,123.7,103.0,84.6,68.9,53.8,38.0,23.4,11.4,21.7,20.7,18.4,15.7,15.1,15.8,14.6,12.0,11.4,2021106177,2026.8.26,栗東,カレンブラックヒル,タマモリド,タマモ,小泉牧場,,
栗東,C,右,20260826,水,6:45,ネネキリマル,,牡,3,400,河嶋宏樹,,144.9,122.9,101.7,83.5,67.8,53.0,37.6,23.2,11.3,22.0,21.2,18.2,15.7,14.8,15.4,14.4,11.9,11.3,2023106184,2026.8.26,栗東,ビッグアーサー,コスモダリア,中辻明,ビクトリーホースランチ,,
栗東,C,右,20260826,水,6:46,ゼットレジーナ,,牝,5,900,吉田直弘,,142.2,119.8,100.5,83.3,68.2,53.7,38.9,24.9,12.9,22.4,19.3,17.2,15.1,14.5,14.8,14.0,12.0,12.9,2021105919,2026.8.26,栗東,ニューイヤーズデイ,ハービンマオ,フォーレスト,登別上水牧場,,
栗東,C,右,20260826,水,6:46,ペンタクルクイーン,,牝,2,未出走,吉田直弘,,141.9,119.5,100.2,83.0,67.9,53.4,38.6,24.6,12.7,22.4,19.3,17.2,15.1,14.5,14.8,14.0,11.9,12.7,2024105104,2026.8.26,栗東,マテラスカイ,カンパニュール,岡田牧雄,矢野牧場,,
栗東,C,右,20260826,水,6:47,アスクエジンバラ,,牡,3,2700,福永祐一,,137.0,118.5,98.4,81.1,66.3,51.9,37.3,23.6,11.8,18.5,20.1,17.3,14.8,14.4,14.6,13.7,11.8,11.8,2023106400,2026.8.26,栗東,リオンディーズ,ハニートリップ,廣崎利洋,三嶋牧場,,
栗東,C,右,20260826,水,6:47,マイコンプリート,,セ,3,0,友道康夫,,130.3,114.4,97.9,81.8,67.5,53.2,37.8,23.1,11.4,15.9,16.5,16.1,14.3,14.3,15.4,14.7,11.7,11.4,2023107155,2026.8.26,栗東,エピファネイア,パシオンルージュ,キーファーズ,ノーザンファーム,,
栗東,C,右,20260826,水,6:49,エイズルブルーム,,牝,3,400,坂口智康,,139.6,119.6,100.5,83.5,68.2,52.9,37.6,23.7,11.7,20.0,19.1,17.0,15.3,15.3,15.3,13.9,12.0,11.7,2023102996,2026.8.26,栗東,リオンディーズ,ペイシャフェリシタ,北所直人,友田牧場,,
栗東,C,右,20260826,水,6:49,キタノトレボーネ,,牡,3,0,坂口智康,,140.6,120.6,101.4,84.1,68.8,53.6,38.2,24.1,12.0,20.0,19.2,17.3,15.3,15.2,15.4,14.1,12.1,12.0,2023100664,2026.8.26,栗東,ゴールドドリーム,トーセンマリオン,北所直人,石原牧場,,
栗東,C,右,20260826,水,6:49,チャンネルトンネル,,牡,5,1500,福永祐一,,,,,81.0,65.4,50.8,36.0,22.7,11.5,,,,15.6,14.6,14.8,13.3,11.2,11.5,2021106369,2026.8.26,栗東,グレーターロンドン,ギャルソンヌ,窪田芳郎,大栄牧場,,
栗東,C,右,20260826,水,6:51,ココロヅヨサ,,牡,3,400,田中克典,,132.8,114.0,95.7,79.6,66.1,52.4,38.2,24.5,12.4,18.8,18.3,16.1,13.5,13.7,14.2,13.7,12.1,12.4,2023105041,2026.8.26,栗東,コントレイル,ユーヴェットシー,TNレーシング,三嶋牧場,,
栗東,C,右,20260826,水,6:51,ゴールデンスナップ,,牝,6,2700,田中克典,,131.7,113.1,95.2,79.1,65.6,51.9,37.8,24.2,12.2,18.6,17.9,16.1,13.5,13.7,14.1,13.6,12.0,12.2,2020106909,2026.8.26,栗東,ゴールドシップ,メイショウジェイ,エースレーシング,三嶋牧場,,
栗東,C,右,20260826,水,6:53,バニーラビット,,牡,4,400,武幸四郎,,135.2,117.4,99.9,83.0,67.6,52.4,37.5,23.6,12.0,17.8,17.5,16.9,15.4,15.2,14.9,13.9,11.6,12.0,2022104929,2026.8.26,栗東,アドマイヤマーズ,トレジャリング,藤田晋,ノーザンファーム,,
栗東,C,右,20260826,水,6:57,サンコンクエスト,,牝,4,900,渡辺薫彦,,138.9,119.9,101.6,83.9,68.6,53.1,37.5,23.3,11.7,19.0,18.3,17.7,15.3,15.5,15.6,14.2,11.6,11.7,2022104970,2026.8.26,栗東,サートゥルナーリア,ビッグワールド,中平和宏,ノーザンファーム,,
栗東,C,右,20260826,水,6:57,ザックザク,,牡,4,900,渡辺薫彦,,137.1,117.4,100.1,82.4,67.4,52.0,37.1,23.3,11.7,19.7,17.3,17.7,15.0,15.4,14.9,13.8,11.6,11.7,2022100476,2026.8.26,栗東,フォーウィールドライブ,ケージーハッピー,佐伯太朗,稲葉牧場,,
栗東,C,右,20260826,水,6:58,ウインリーブル,,牝,3,未出走,緒方努,,136.4,117.9,99.5,82.1,66.7,51.9,37.6,23.8,11.8,18.5,18.4,17.4,15.4,14.8,14.3,13.8,12.0,11.8,2023105872,2026.8.26,栗東,ゴールドシップ,ウインリバティ,ウイン,コスモヴューファーム,,
栗東,C,右,20260826,水,6:58,ジーティールーナ,,牝,2,未出走,緒方努,,139.0,119.9,101.9,84.9,69.9,55.0,39.7,25.0,12.6,19.1,18.0,17.0,15.0,14.9,15.3,14.7,12.4,12.6,2024104844,2026.8.26,栗東,キタサンブラック,ラカリフォルニー,田畑利彦,畠山牧場,,
栗東,C,右,20260826,水,6:58,マヒナピハ,,牝,2,未出走,緒方努,,137.2,118.5,100.7,83.8,68.8,54.1,39.0,24.8,12.5,18.7,17.8,16.9,15.0,14.7,15.1,14.2,12.3,12.5,2024100147,2026.8.26,栗東,ホークビル,ラベルリュンヌ,佐々木基,エトルタファーム,,
栗東,C,右,20260826,水,6:58,ロックウイズミー,,牡,2,未出走,緒方努,,139.5,120.5,102.5,85.6,70.5,55.7,40.5,25.8,13.1,19.0,18.0,16.9,15.1,14.8,15.2,14.7,12.7,13.1,2024102159,2026.8.26,栗東,アドマイヤマーズ,グッドイヴニング,ビクトリーホースランチ,ビクトリーホースランチ,,
栗東,C,右,20260826,水,7:04,シンギタイ,,セ,4,400,庄野靖志,,,,,88.5,69.0,51.9,37.8,24.3,12.1,,,,19.5,17.1,14.1,13.5,12.2,12.1,2022100458,2026.8.26,栗東,スワーヴリチャード,クーレクー,程田真司,吉田ファーム,,
栗東,C,右,20260826,水,7:06,レーンアジリティ,,牡,4,400,中尾秀正,,,,,80.5,65.3,50.9,36.4,23.1,11.8,,,,15.2,14.4,14.5,13.3,11.3,11.8,2022107325,2026.8.26,栗東,ルヴァンスレーヴ,マザーズウィッシュ,野田政義,中村弘昭,,
栗東,C,右,20260826,水,7:09,タイセイボーグ,,牝,3,3600,松下武士,,136.7,116.8,98.0,81.6,66.7,52.1,37.7,24.2,12.4,19.9,18.8,16.4,14.9,14.6,14.4,13.5,11.8,12.4,2023106900,2026.8.26,栗東,インディチャンプ,ヴィヤダーナ,田中成奉,ノーザンファーム,,
栗東,C,右,20260826,水,7:11,プリンセッサ,,牝,4,1500,牧田和弥,,139.6,119.2,99.6,82.5,67.8,53.0,38.1,23.9,12.1,20.4,19.6,17.1,14.7,14.8,14.9,14.2,11.8,12.1,2022102138,2026.8.26,栗東,ナダル,アンドリエッテ,永田和彦,森永牧場,,
栗東,C,右,20260826,水,7:11,プロスト,,牡,3,0,梅田智之,,140.2,119.7,100.1,82.5,66.7,51.4,36.8,23.6,11.9,20.5,19.6,17.6,15.8,15.3,14.6,13.2,11.7,11.9,2023101677,2026.8.26,栗東,アルアイン,エトヴァス,薪浦亨,荻伏三好フアーム,,
栗東,C,右,20260826,水,7:13,チョウスター,,牝,3,0,羽月友彦,,,,,,,52.2,37.9,24.0,11.7,,,,,,14.3,13.9,12.3,11.7,2023104226,2026.8.26,栗東,エスポワールシチー,アラモアナワヒネ,丸山隆雄,対馬正,,
栗東,C,右,20260826,水,7:16,アティラン,,牝,3,0,寺島良,,,,,,,58.2,41.1,25.8,12.9,,,,,,17.1,15.3,12.9,12.9,2023105641,2026.8.26,栗東,ヴァンゴッホ,ジーニアル,水上ふじ子,笠松牧場,,
栗東,C,右,20260826,水,7:21,アドフランマム,,牡,3,0,本田優,,146.5,124.4,102.9,83.6,67.2,52.2,37.4,23.8,12.3,22.1,21.5,19.3,16.4,15.0,14.8,13.6,11.5,12.3,2023105187,2026.8.26,栗東,パイロ,フィアマロッサ,榊原源一郎,フクオカファーム,,
栗東,C,右,20260826,水,7:21,メイショウアゴナス,,牡,4,400,本田優,,145.4,123.5,101.9,82.7,66.6,51.6,36.9,23.3,12.0,21.9,21.6,19.2,16.1,15.0,14.7,13.6,11.3,12.0,2022103263,2026.8.26,栗東,スワーヴリチャード,メイショウブーケ,松本好隆,三嶋牧場,,
栗東,C,右,20260826,水,7:21,ヴェストラン,,牡,5,440,本田優,,146.2,123.7,102.1,82.6,66.6,51.6,36.9,23.3,11.9,22.5,21.6,19.5,16.0,15.0,14.7,13.6,11.4,11.9,2021100695,2026.8.26,栗東,レインボーライン,アテナブルー,中西宏彰,ケンブリッジバレー,,
栗東,C,右,20260826,水,7:22,ダンツシタン,,牡,3,1500,本田優,,149.2,121.7,101.3,82.7,66.2,51.0,36.5,23.2,11.9,27.5,20.4,18.6,16.5,15.2,14.5,13.3,11.3,11.9,2023104848,2026.8.26,栗東,パイロ,マリスレーン,山元哲二,川越ファーム,,
栗東,C,右,20260826,水,7:22,メイショウズイウン,,牡,4,2400,本田優,,143.2,122.1,101.7,82.9,66.4,51.4,37.0,23.4,11.9,21.1,20.4,18.8,16.5,15.0,14.4,13.6,11.5,11.9,2022100154,2026.8.26,栗東,ホッコータルマエ,アクアブルーハート,松本好隆,高昭牧場,,
栗東,C,右,20260826,水,7:22,リードアクター,,牡,3,0,本田優,,143.2,121.4,101.0,82.6,66.2,51.1,36.5,23.2,11.9,21.8,20.4,18.4,16.4,15.1,14.6,13.3,11.3,11.9,2023105148,2026.8.26,栗東,ゴールドアクター,ヴェルメリオ,生垣博志,大北牧場,,
栗東,C,右,20260826,水,7:24,テムスピード,,牡,2,未出走,鈴木孝志,,197.1,135.3,102.4,82.4,67.4,52.8,38.6,25.2,13.2,61.8,32.9,20.0,15.0,14.6,14.2,13.4,12.0,13.2,2024100948,2026.8.26,栗東,ステルヴィオ,テイエムメロディー,竹園正繼,日高テイエム牧場,,
栗東,C,右,20260826,水,7:24,ナイスウーマン,,牝,2,未登録,,,202.5,144.0,103.1,82.3,66.7,52.2,37.6,24.0,12.2,58.5,40.9,20.8,15.6,14.5,14.6,13.6,11.8,12.2,2024102335,2026.8.26,,ルヴァンスレーヴ,クレエンシア,,宮内牧場,,
栗東,C,右,20260826,水,7:24,メイショウドライブ,,牝,4,900,鈴木孝志,,196.9,134.8,100.8,80.7,65.7,51.1,36.9,23.6,12.2,62.1,34.0,20.1,15.0,14.6,14.2,13.3,11.4,12.2,2022102574,2026.8.26,栗東,フォーウィールドライブ,メイショウセレーノ,松本好隆,赤田牧場,,
栗東,C,右,20260826,水,7:25,エルカミニート,,牡,2,未登録,,,150.3,126.7,105.0,86.0,69.9,54.3,39.3,24.5,12.3,23.6,21.7,19.0,16.1,15.6,15.0,14.8,12.2,12.3,2024107111,2026.8.26,,フィエールマン,コンカラン,,ノーザンレーシング,,
栗東,C,右,20260826,水,7:25,スペクトリオン,,牡,2,未登録,,,151.0,127.1,105.1,86.2,69.9,54.3,39.4,24.6,12.3,23.9,22.0,18.9,16.3,15.6,14.9,14.8,12.3,12.3,2024104196,2026.8.26,,デクラレーションオブウォー,アマービレ,,岡田牧場,,
栗東,C,右,20260826,水,7:25,センターフォールド,,牝,2,未出走,茶木太樹,,149.3,126.0,104.1,85.3,69.4,53.6,38.8,24.5,12.3,23.3,21.9,18.8,15.9,15.8,14.8,14.3,12.2,12.3,2024105887,2026.8.26,栗東,オルフェーヴル,シーエスシルク,吉田千津,社台ファーム,,
栗東,C,右,20260826,水,7:25,パシアンジャン,,牡,5,1500,鈴木孝志,,204.0,146.4,104.5,83.4,67.8,52.9,38.1,24.4,12.5,57.6,41.9,21.1,15.6,14.9,14.8,13.7,11.9,12.5,2021104503,2026.8.26,栗東,シニスターミニスター,カメリアテソーロ,吉田智,前谷武志,,
栗東,C,右,20260826,水,7:25,ミスティビーコン,,牡,2,未登録,,,,,,89.1,70.6,54.2,37.5,23.0,11.4,,,,18.5,16.4,16.7,14.5,11.6,11.4,2024104900,2026.8.26,,ダノンキングリー,ミッキーポーチ,,藤川フアーム,,
栗東,C,右,20260826,水,7:25,レーヴドヒロイン,,牝,2,未出走,橋田宜長,,,,,88.8,70.5,53.9,37.4,22.9,11.4,,,,18.3,16.6,16.5,14.5,11.5,11.4,2024106747,2026.8.26,栗東,シルバーステート,レーヴドリーブ,蘇振雄,ノーザンファーム,,
栗東,C,右,20260826,水,7:46,ケイアイヴェネチア,,牡,2,未出走,新谷功一,,,,,84.5,67.7,52.5,37.6,22.9,11.5,,,,16.8,15.2,14.9,14.7,11.4,11.5,2024104526,2026.8.26,栗東,ダノンスマッシュ,ターフデザイナー,ケイアイスタリオン,静内山田牧場,,
栗東,C,右,20260826,水,7:46,バースデイフライト,,牝,3,400,新谷功一,,,,,84.0,67.3,52.1,37.2,22.6,11.4,,,,16.7,15.2,14.9,14.6,11.2,11.4,2023102906,2026.8.26,栗東,コントレイル,サマーソワレ,飯田良枝,千代田牧場,,
栗東,C,右,20260826,水,7:47,キフクマル,,牡,2,未出走,池添学,,135.3,117.7,99.8,82.7,67.7,52.8,38.1,24.2,12.0,17.6,17.9,17.1,15.0,14.9,14.7,13.9,12.2,12.0,2024108239,2026.8.26,栗東,"Jack Christopher",Pathos,田畑利彦,"Ledgelands LLC (Shelley Ritter) & Andrew C. Ritter",,
栗東,C,右,20260826,水,7:47,キントラダンサー,,牝,4,900,長谷川浩,,,,,86.7,68.6,51.8,37.2,23.7,11.6,,,,18.1,16.8,14.6,13.5,12.1,11.6,2022104387,2026.8.26,栗東,キタサンブラック,キントラ,三木久史,フジワラフアーム,,
栗東,C,右,20260826,水,7:47,ゲイルライダー,,牡,4,2400,牧浦充徳,,139.7,120.6,100.8,83.4,67.5,52.7,37.8,23.4,11.8,19.1,19.8,17.4,15.9,14.8,14.9,14.4,11.6,11.8,2022103684,2026.8.26,栗東,ドレフォン,プライムチョイス,前原敏行,カタオカフアーム,,
栗東,C,右,20260826,水,7:47,サンライズモロヘイ,,牡,2,未出走,牧浦充徳,,138.5,120.2,100.5,83.1,67.4,52.6,37.7,23.5,11.9,18.3,19.7,17.4,15.7,14.8,14.9,14.2,11.6,11.9,2024100422,2026.8.26,栗東,モーリス,カラズマッチポイント,ライフハウス,下河辺牧場,,
栗東,C,右,20260826,水,7:48,ウルスチャージ,,牡,2,未出走,大橋勇樹,,141.3,119.8,99.4,81.5,66.6,51.5,36.7,23.3,12.0,21.5,20.4,17.9,14.9,15.1,14.8,13.4,11.3,12.0,2024104223,2026.8.26,栗東,ウィルテイクチャージ,プリンセスバリュー,村上稔,岡田牧場,,
栗東,C,右,20260826,水,7:48,ナムラファントム,,牡,2,未出走,大橋勇樹,,141.8,120.1,99.7,81.9,66.9,51.7,36.7,23.3,11.9,21.7,20.4,17.8,15.0,15.2,15.0,13.4,11.4,11.9,2024102754,2026.8.26,栗東,カラヴァッジオ,ナムラリコリス,奈村睦弘,ヒダカシーサイドファーム,,
栗東,C,右,20260826,水,7:48,ニホンピロオーラム,,牡,2,未出走,大橋勇樹,,143.2,121.4,100.9,83.1,68.1,53.1,38.0,24.6,12.8,21.8,20.5,17.8,15.0,15.0,15.1,13.4,11.8,12.8,2024104765,2026.8.26,栗東,オルフェーヴル,ニホンピロアンバー,小林英一,友田牧場,,
栗東,C,右,20260826,水,7:48,メイショウシナノ,,牡,6,1500,大橋勇樹,,148.0,124.4,103.4,84.3,69.0,53.3,37.7,23.3,11.6,23.6,21.0,19.1,15.3,15.7,15.6,14.4,11.7,11.6,2020106635,2026.8.26,栗東,サトノダイヤモンド,アルボナンザ,松本好隆,辻牧場,,
栗東,C,右,20260826,水,7:49,オリンポスカズマ,,牡,6,400,平田修,,,,,86.4,70.0,54.9,39.5,24.7,12.4,,,,16.4,15.1,15.4,14.8,12.3,12.4,2020102013,2026.8.26,栗東,ヴィクトワールピサ,サクラサクラサクラ,吉田和美,野島牧場,,
栗東,C,右,20260826,水,7:51,イッソス,,牡,2,未出走,石坂公一,,141.2,122.8,103.5,85.0,68.8,53.3,38.1,23.6,11.6,18.4,19.3,18.5,16.2,15.5,15.2,14.5,12.0,11.6,2024106246,2026.8.26,栗東,サリオス,オーロトラジェ,キャロットファーム,ノーザンファーム,,
栗東,C,右,20260826,水,7:51,ニュークレド,,牡,4,900,石坂公一,,142.9,124.7,105.1,86.3,69.9,54.1,38.5,24.0,11.8,18.2,19.6,18.8,16.4,15.8,15.6,14.5,12.2,11.8,2022101601,2026.8.26,栗東,ブリックスアンドモルタル,トーホウアルテミス,東豊物産,竹島幸治,,
栗東,C,右,20260826,水,7:52,ヴォンドゥ,,牝,3,400,小栗実,,,,,,,54.5,38.9,24.7,12.2,,,,,,15.6,14.2,12.5,12.2,2023101810,2026.8.26,栗東,ルヴァンスレーヴ,キティ,ヒダカ・ブリーダーズ・ユニオン,中神牧場,,
栗東,C,右,20260826,水,8:02,ビンチャリ,,牝,2,未出走,千田輝彦,,,,,86.0,68.7,52.9,37.1,22.7,11.4,,,,17.3,15.8,15.8,14.4,11.3,11.4,2024100644,2026.8.26,栗東,モーリス,カリビアンゴールド,ゴドルフィン,ダーレー・ジャパン・ファーム,,
栗東,C,右,20260826,水,8:02,ラブカムーン,,牝,5,400,千田輝彦,,,,,86.4,69.2,53.6,37.5,22.8,11.6,,,,17.2,15.6,16.1,14.7,11.2,11.6,2021106586,2026.8.26,栗東,アドマイヤムーン,ラブカーナ,増田陽一,新冠橋本牧場,,
美浦,D,左,20260826,水,4:58,イクシード,,牝,3,900,木村哲也,153.7,134.0,116.4,99.5,83.8,68.5,53.5,39.4,25.8,12.9,17.6,16.9,15.7,15.3,15.0,14.1,13.6,12.9,12.9,2023107030,2026.8.26,美浦,キタサンブラック,シャトーブランシュ,シルクレーシング,ノーザンファーム,,
美浦,D,左,20260826,水,4:59,ファムクラジューズ,,牝,3,900,黒岩陽一,162.7,140.2,120.9,100.5,82.4,66.3,50.8,36.2,23.0,11.4,19.3,20.4,18.1,16.1,15.5,14.6,13.2,11.6,11.4,2023106433,2026.8.26,美浦,ベンバトル,キューンハイト,サラブレッドクラブ・ラフィアン,ビッグレッドファーム,,
美浦,D,左,20260826,水,4:59,マーガレットクレア,,牝,3,400,黒岩陽一,164.2,141.1,121.7,101.4,82.9,67.0,51.4,36.7,23.3,11.4,19.4,20.3,18.5,15.9,15.6,14.7,13.4,11.9,11.4,2023100722,2026.8.26,美浦,ミスチヴィアスアレックス,マーガレットスカイ,迎徹,沖田牧場,,
美浦,D,左,20260826,水,4:59,ミラベルプラム,,牝,2,未出走,黒岩陽一,163.4,140.7,121.3,100.9,82.6,66.6,51.0,36.5,23.1,11.4,19.4,20.4,18.3,16.0,15.6,14.5,13.4,11.7,11.4,2024106568,2026.8.26,美浦,シルバーステート,プラムアリ,シルクレーシング,ノーザンファーム,,
美浦,D,左,20260826,水,5:00,アデルフィー,,牡,3,0,金成貴史,170.2,144.9,123.4,103.0,84.3,67.3,51.1,36.3,22.8,11.0,21.5,20.4,18.7,17.0,16.2,14.8,13.5,11.8,11.0,2023105753,2026.8.26,美浦,モーニン,ソロフライト,小原準一郎,松田牧場,,
美浦,D,左,20260826,水,5:00,ウィズアツインクル,,牡,3,0,牧光二,,,,,84.8,67.8,52.9,38.0,24.3,11.7,,,,17.0,14.9,14.9,13.7,12.6,11.7,2023102388,2026.8.26,美浦,ダノンバラード,ツインクルスター,岡田牧雄,岡田スタツド,,
美浦,D,左,20260826,水,5:00,エフティヴェント,,牡,3,0,金成貴史,172.1,146.1,124.4,104.2,85.2,68.0,51.8,36.9,23.5,11.4,21.7,20.2,19.0,17.2,16.2,14.9,13.4,12.1,11.4,2023105600,2026.8.26,美浦,ミッキーアイル,エフティイーリス,吉野弘司,奥山ファーム,,
美浦,D,左,20260826,水,5:00,グラスクラージュ,,牡,2,0,牧光二,,,,,82.1,66.2,52.1,37.9,24.3,12.2,,,,15.9,14.1,14.2,13.6,12.1,12.2,2024104494,2026.8.26,美浦,シャンハイボビー,グラスエトワール,半沢,静内フジカワ牧場,,
美浦,D,左,20260826,水,5:00,スタニングヴュー,,牝,4,500,金成貴史,172.9,147.3,125.0,104.5,85.7,68.3,52.1,37.1,23.4,11.2,22.3,20.5,18.8,17.4,16.2,15.0,13.7,12.2,11.2,2022101272,2026.8.26,美浦,リアルスティール,ラバーズケープ,木村牧場,木村牧場,,
美浦,D,左,20260826,水,5:00,ヒシナスキロ,,牝,3,0,堀宣行,,,,,84.0,66.6,51.6,36.5,23.2,11.2,,,,17.4,15.0,15.1,13.3,12.0,11.2,2023107004,2026.8.26,美浦,コントレイル,コンドコマンド,"Hishi Partners",ノーザンファーム,,
美浦,D,左,20260826,水,5:00,ピコニ,,牡,5,920,牧光二,,,,,83.5,67.1,52.5,37.7,24.0,11.8,,,,16.4,14.6,14.8,13.7,12.2,11.8,2021101727,2026.8.26,美浦,シニスターミニスター,クリスタルストーン,ビジュピコ,チャンピオンズファーム,,
美浦,D,左,20260826,水,5:00,ボーンディスウェイ,,牡,7,3800,牧光二,,,,,84.3,67.4,52.6,37.8,24.1,11.7,,,,16.9,14.8,14.8,13.7,12.4,11.7,2019104658,2026.8.26,美浦,ハーツクライ,ウィンドハック,平田修,社台ファーム,,
美浦,D,左,20260826,水,5:00,ライヴマルガリータ,,牝,3,0,牧光二,,,,,82.7,66.4,52.3,38.0,24.3,12.2,,,,16.3,14.1,14.3,13.7,12.1,12.2,2023101046,2026.8.26,美浦,モズアスコット,ライトフェアリー,澤田孝之,シンボリ牧場,,
美浦,D,左,20260826,水,5:01,アイムオンアロール,,牡,2,未出走,宮田敬介,,,,,84.0,67.3,52.0,37.4,23.8,11.4,,,,16.7,15.3,14.6,13.6,12.4,11.4,2024100668,2026.8.26,美浦,キズナ,ティップトップ,ゴドルフィン,ダーレー・ジャパン・ファーム,,
美浦,D,左,20260826,水,5:01,アルセナール,,牝,5,2050,木村哲也,,,,,86.4,69.6,54.0,39.3,25.1,11.7,,,,16.8,15.6,14.7,14.2,13.4,11.7,2021105548,2026.8.26,美浦,エピファネイア,サンブルエミューズ,キャロットファーム,ノーザンファーム,,
美浦,D,左,20260826,水,5:01,ウラノグラフィア,,牡,2,未出走,宮田敬介,,,,,83.5,66.8,51.6,37.1,23.6,11.4,,,,16.7,15.2,14.5,13.5,12.2,11.4,2024106700,2026.8.26,美浦,ナダル,リュラ,キャロットファーム,ノーザンファーム,,
美浦,D,左,20260826,水,5:01,カフェアローロ,,牝,5,900,古賀慎明,,,,,85.0,68.4,52.5,37.5,23.8,11.6,,,,16.6,15.9,15.0,13.7,12.2,11.6,2021100469,2026.8.26,美浦,ダンカーク,カフェローレル,西川光一,三石橋本牧場,,
美浦,D,左,20260826,水,5:01,ゴールドプレイヤー,,牡,3,0,古賀慎明,,,,,84.3,67.8,51.7,36.9,23.4,11.5,,,,16.5,16.1,14.8,13.5,11.9,11.5,2023104504,2026.8.26,美浦,ゴールドアクター,ゴールドアクション,居城寿与,北勝ファーム,,
美浦,D,左,20260826,水,5:01,ジャスティンシカゴ,,牡,3,900,宮田敬介,,,,,82.0,66.1,50.9,36.4,23.0,11.2,,,,15.9,15.2,14.5,13.4,11.8,11.2,2023106924,2026.8.26,美浦,スワーヴリチャード,エリカブライト,三木正浩,ノーザンファーム,,
美浦,D,左,20260826,水,5:01,ジュベルシャムス,,牝,2,未出走,木村哲也,,,,,86.8,70.1,54.5,39.7,25.5,12.4,,,,16.7,15.6,14.8,14.2,13.1,12.4,2024106763,2026.8.26,美浦,ロードカナロア,ワディハッタ,サンデーレーシング,ノーザンファーム,,
美浦,D,左,20260826,水,5:01,チェルヴィニア,,牝,5,15800,木村哲也,,,,,86.4,69.4,54.1,38.7,24.5,11.7,,,,17.0,15.3,15.4,14.2,12.8,11.7,2021105643,2026.8.26,美浦,ハービンジャー,チェッキーノ,サンデーレーシング,ノーザンファーム,,
美浦,D,左,20260826,水,5:01,トワイライトサイト,,牡,3,400,嘉藤貴行,,,,,88.0,70.0,53.8,39.3,25.5,12.5,,,,18.0,16.2,14.5,13.8,13.0,12.5,2023102235,2026.8.26,美浦,シニスターミニスター,ポートナイトサイト,ライオンレースホース,三嶋牧場,,
美浦,D,左,20260826,水,5:01,ナイトスラッガー,,牡,5,900,小手川準,,,,,85.7,67.9,52.3,38.0,24.6,12.2,,,,17.8,15.6,14.3,13.4,12.4,12.2,2021101603,2026.8.26,美浦,ルーラーシップ,トーホウアマポーラ,東豊物産,竹島幸治,,
美浦,D,左,20260826,水,5:01,ピュアクローム,,牡,3,0,小手川準,,,,,84.9,67.3,51.8,37.7,24.4,12.0,,,,17.6,15.5,14.1,13.3,12.4,12.0,2023100595,2026.8.26,美浦,カリフォルニアクローム,ピュアココロ,鶴見芳子,厚賀古川牧場,,
美浦,D,左,20260826,水,5:01,ブラッキッシュ,,牡,3,0,木村哲也,,,,,86.7,69.6,54.3,38.9,24.7,11.7,,,,17.1,15.3,15.4,14.2,13.0,11.7,2023107028,2026.8.26,美浦,キタサンブラック,シネマトグラフ,江馬由将,ノーザンファーム,,
美浦,D,左,20260826,水,5:01,ペタルズダンス,,牝,3,0,嘉藤貴行,,,,,84.9,68.1,52.4,38.2,24.8,12.0,,,,16.8,15.7,14.2,13.4,12.8,12.0,2023106796,2026.8.26,美浦,クリソベリル,カイカヨソウ,キャロットファーム,社台コーポレーション白老ファーム,,
美浦,D,左,20260826,水,5:01,ユイノサダハル,,牡,3,0,古賀慎明,,,,,83.6,67.6,51.6,36.8,23.3,11.5,,,,16.0,16.0,14.8,13.5,11.8,11.5,2023101841,2026.8.26,美浦,キセキ,カノン,由井健太郎,ヒダカフアーム,,
美浦,D,左,20260826,水,5:01,ライネリーベ,,牝,4,400,木村哲也,,,,,85.7,68.7,53.8,38.4,24.2,11.6,,,,17.0,14.9,15.4,14.2,12.6,11.6,2022105184,2026.8.26,美浦,サトノダイヤモンド,ロスヴァイセ,DMMドリームクラブ,ノーザンファーム,,
美浦,D,左,20260826,水,5:01,ライヴテキーラ,,牝,2,未出走,牧光二,,,,,83.9,68.1,53.1,38.1,24.3,12.2,,,,15.8,15.0,15.0,13.8,12.1,12.2,2024103814,2026.8.26,美浦,ジャスタウェイ,ガートルード,澤田孝之,三村卓也,,
美浦,D,左,20260826,水,5:01,ルスカーレット,,牝,2,未出走,牧光二,,,,,84.0,68.3,53.4,38.4,24.4,12.3,,,,15.7,14.9,15.0,14.0,12.1,12.3,2024104729,2026.8.26,美浦,ルヴァンスレーヴ,モーニングコール,本部正孝,千代田牧場,,
美浦,D,左,20260826,水,5:01,ルフトシュピール,,牝,2,未出走,木村哲也,,,,,86.0,69.3,53.5,39.1,24.9,11.7,,,,16.7,15.8,14.4,14.2,13.2,11.7,2024106087,2026.8.26,美浦,キタサンブラック,レッドアネモス,社台レースホース,社台ファーム,,
美浦,D,左,20260826,水,5:01,レッドレガリア,,牡,3,0,木村哲也,,,,,86.2,69.3,53.7,39.1,24.9,11.6,,,,16.9,15.6,14.6,14.2,13.3,11.6,2023107340,2026.8.26,美浦,エピファネイア,レッドファンタジア,東京ホースレーシング,ノーザンファーム,,
美浦,D,左,20260826,水,5:01,ヴァズレーヌ,,牝,5,900,嘉藤貴行,,,,,88.2,69.9,54.2,39.8,25.3,12.0,,,,18.3,15.7,14.4,14.5,13.3,12.0,2021106707,2026.8.26,美浦,フリオーソ,ルヴェソンヴェール,ノルマンディーサラブレッドレーシング,ハシモトフアーム,,
美浦,D,左,20260826,水,5:01,ヴァルカンテソーロ,,牡,3,400,嘉藤貴行,,,,,86.5,68.3,52.4,38.2,24.7,12.2,,,,18.2,15.9,14.2,13.5,12.5,12.2,2023106744,2026.8.26,美浦,ゴールドシップ,チェストケリリー,了徳寺健二ホールディングス,リョーケンファーム,,
美浦,D,左,20260826,水,5:02,アスクナイスショー,,牡,5,4550,中舘英二,,,,,84.8,68.3,53.3,38.6,24.7,12.0,,,,16.5,15.0,14.7,13.9,12.7,12.0,2021106954,2026.8.26,美浦,シルバーステート,ケンブリッジヒカリ,廣崎利洋,マリオステーブル,,
美浦,D,左,20260826,水,5:02,イトウカカリチョウ,,牡,2,未出走,岩戸孝樹,,,,,85.6,69.2,54.2,39.3,24.6,11.8,,,,16.4,15.0,14.9,14.7,12.8,11.8,2024101687,2026.8.26,美浦,ニューイヤーズデイ,フェニアンサイクル,小菅誠,ガーベラパークスタツド,,
美浦,D,左,20260826,水,5:02,イントリー,,牝,2,未出走,尾形和幸,,,,,85.0,67.9,53.0,38.1,23.9,11.4,,,,17.1,14.9,14.9,14.2,12.5,11.4,2024105539,2026.8.26,美浦,フィエールマン,ストライプ,佐藤壽男,本桐村田牧場,,
美浦,D,左,20260826,水,5:02,エクラドリオン,,牡,2,未出走,中舘英二,,,,,85.4,68.1,53.2,38.4,24.0,11.7,,,,17.3,14.9,14.8,14.4,12.3,11.7,2024106743,2026.8.26,美浦,リオンディーズ,レーヴディソール,キャロットファーム,ノーザンファーム,,
美浦,D,左,20260826,水,5:02,エコロゴッド,,牡,2,未出走,岩戸孝樹,,,,,85.6,69.2,54.2,39.2,24.6,11.7,,,,16.4,15.0,15.0,14.6,12.9,11.7,2024107322,2026.8.26,美浦,"American Pharoah",ジョイオブペインティング,原村正紀,パカパカファーム,,
美浦,D,左,20260826,水,5:02,カテドラルクォーツ,,牡,3,0,菊沢隆徳,,,,,85.9,69.4,53.9,39.3,25.0,12.1,,,,16.5,15.5,14.6,14.3,12.9,12.1,2023103668,2026.8.26,美浦,ブリックスアンドモルタル,レディトリス,岡田牧雄,上水牧場,,
美浦,D,左,20260826,水,5:02,コーディアリー,,牡,3,400,天間昭一,,,,,86.1,68.6,53.3,38.3,24.3,11.7,,,,17.5,15.3,15.0,14.0,12.6,11.7,2023104488,2026.8.26,美浦,ダノンバラード,フロムマイハート,ブルースターズファーム,ブルースターズファーム,,
美浦,D,左,20260826,水,5:02,サノノグレーター,,牡,3,2950,尾形和幸,,,,,86.0,68.8,53.6,38.5,24.3,11.5,,,,17.2,15.2,15.1,14.2,12.8,11.5,2023100724,2026.8.26,美浦,グレーターロンドン,メメクザリアーナ,佐野信幸,沖田牧場,,
美浦,D,左,20260826,水,5:02,スプランドゥール,,牡,5,1220,和田雄二,,,,,82.1,64.4,49.9,36.0,22.8,11.3,,,,17.7,14.5,13.9,13.2,11.5,11.3,2021100623,2026.8.26,美浦,シルバーステート,チェリーシェル,ターフ・スポート,荻伏服部牧場,,
美浦,D,左,20260826,水,5:02,ハイトラクション,,牡,2,0,中舘英二,,,,,85.2,68.4,52.9,37.8,24.1,11.6,,,,16.8,15.5,15.1,13.7,12.5,11.6,2024104937,2026.8.26,美浦,フォーウィールドライブ,ジニアスミノル,ノルマンディーサラブレッドレーシング,フジワラフアーム,,
美浦,D,左,20260826,水,5:02,ハビレ,,牡,5,2400,武井亮,,,,,84.7,68.0,53.2,38.9,25.1,12.3,,,,16.7,14.8,14.3,13.8,12.8,12.3,2021100561,2026.8.26,美浦,ヘニーヒューズ,トモトモリバー,古賀慎一,秋場牧場,,
美浦,D,左,20260826,水,5:02,ビービーアジャイル,,牡,3,900,中舘英二,,,,,85.7,68.2,53.3,38.4,24.0,11.6,,,,17.5,14.9,14.9,14.4,12.4,11.6,2023106494,2026.8.26,美浦,サンダースノー,ツインダイヤ,坂東牧場,ファーミングヤナキタ,,
美浦,D,左,20260826,水,5:02,フェアリースノー,,牝,2,未出走,尾形和幸,,,,,84.2,67.4,52.6,38.1,24.5,11.9,,,,16.8,14.8,14.5,13.6,12.6,11.9,2024104400,2026.8.26,美浦,マテラスカイ,マユキ,日下幸徳,坂本智広,,
美浦,D,左,20260826,水,5:02,フクオトコ,,牡,3,0,菊沢隆徳,,,,,85.7,68.9,53.2,38.2,24.0,11.5,,,,16.8,15.7,15.0,14.2,12.5,11.5,2023102564,2026.8.26,美浦,フィエールマン,アースエンジェル,是枝浩平,グランド牧場,,
美浦,D,左,20260826,水,5:02,ブルバンビーナ,,牝,4,400,尾形和幸,,,,,83.1,67.0,52.3,37.9,24.4,11.9,,,,16.1,14.7,14.4,13.5,12.5,11.9,2022101749,2026.8.26,美浦,キズナ,パールヴァティー,高田秀信,チャンピオンズファーム,,
美浦,D,左,20260826,水,5:02,ホノボノ,,牡,3,400,尾形和幸,,,,,84.6,67.7,52.9,38.3,24.6,12.0,,,,16.9,14.8,14.6,13.7,12.6,12.0,2023100581,2026.8.26,美浦,ダノンプレミアム,ホオポノポノ,ノルマンディーサラブレッドレーシング,アイズスタッド,,
美浦,D,左,20260826,水,5:02,メイプルカモーン,,牡,2,未出走,中舘英二,,,,,84.0,68.0,52.5,37.5,24.0,11.6,,,,16.0,15.5,15.0,13.5,12.4,11.6,2024104534,2026.8.26,美浦,ゴールドシップ,メイプルレモン,節英司,静内山田牧場,,
美浦,D,左,20260826,水,5:02,ラルコ,,牝,2,未出走,中舘英二,,,,,84.9,68.2,52.7,37.7,24.1,11.7,,,,16.7,15.5,15.0,13.6,12.4,11.7,2024103406,2026.8.26,美浦,ルーラーシップ,ナスカ,ローレルレーシング,新冠橋本牧場,,
美浦,D,左,20260826,水,5:02,ルミナスレイナ,,牝,3,0,菊沢隆徳,,,,,86.8,70.1,54.5,39.6,25.3,12.2,,,,16.7,15.6,14.9,14.3,13.1,12.2,2023100727,2026.8.26,美浦,デクラレーションオブウォー,ヨウヨウ,村山卓也,沖田牧場,,
美浦,D,左,20260826,水,5:03,カンティーナ,,牝,3,400,堀内岳志,,,,,84.5,66.7,51.4,36.7,23.2,11.2,,,,17.8,15.3,14.7,13.5,12.0,11.2,2023104576,2026.8.26,美浦,シルバーステート,シーサイドチャペル,柴原榮,マリオステーブル,,
美浦,D,左,20260826,水,5:03,コスモアルペジオ,,牡,3,0,鹿戸雄一,,,,,89.7,70.6,53.3,37.2,23.2,11.5,,,,19.1,17.3,16.1,14.0,11.7,11.5,2023106461,2026.8.26,美浦,ゴールドシップ,ハートリーフ,ビッグレッドファーム,ビッグレッドファーム,,
美浦,D,左,20260826,水,5:03,サリーアン,,牡,3,0,鈴木伸尋,,,,,87.5,69.9,54.2,39.4,25.3,12.3,,,,17.6,15.7,14.8,14.1,13.0,12.3,2023100789,2026.8.26,美浦,ダノンプレミアム,サリーバランセ,黒須不二男,木村牧場,,
美浦,D,左,20260826,水,5:03,サヴァビアン,,牡,8,900,新開幸一,,,,,88.2,70.3,54.6,39.1,24.7,11.9,,,,17.9,15.7,15.5,14.4,12.8,11.9,2018103473,2026.8.26,美浦,カレンブラックヒル,アンローランサン,岡田牧雄,岡田スタツド,,
美浦,D,左,20260826,水,5:03,スイートハイデン,,牝,3,0,菊川正達,,,,,85.6,68.1,53.3,39.2,25.4,12.3,,,,17.5,14.8,14.1,13.8,13.1,12.3,2023104025,2026.8.26,美浦,ロジャーバローズ,ハイデンガールズ,シンボリ牧場,カミイスタット,,
美浦,D,左,20260826,水,5:03,チェスティーノ,,牡,2,未出走,鹿戸雄一,,,,,89.1,70.2,53.1,37.1,23.3,11.5,,,,18.9,17.1,16.0,13.8,11.8,11.5,2024106452,2026.8.26,美浦,エフフォーリア,チェッキーノ,サンデーレーシング,ノーザンファーム,,
美浦,D,左,20260826,水,5:03,トーアシチフクジン,,牡,3,0,村田一誠,,,,,86.4,67.9,53.3,38.5,24.1,11.7,,,,18.5,14.6,14.8,14.4,12.4,11.7,2023103845,2026.8.26,美浦,ニューイヤーズデイ,アークロイヤル,高山ランド,トーア牧場,,
美浦,D,左,20260826,水,5:03,ニシノムホウモノ,,牡,2,未出走,村田一誠,,,,,85.0,66.8,52.3,37.4,23.1,11.1,,,,18.2,14.5,14.9,14.3,12.0,11.1,2024105422,2026.8.26,美浦,ビッグアーサー,ベルシルエット,西山茂行,土田農場,,
美浦,D,左,20260826,水,5:03,ペイシャラム,,牝,3,0,菊川正達,,,,,84.7,67.2,51.9,38.0,24.4,11.9,,,,17.5,15.3,13.9,13.6,12.5,11.9,2023106132,2026.8.26,美浦,オーヴァルエース,ラム,北所直人,T.Mファーム,,
美浦,D,左,20260826,水,5:03,ペプチドドリーム,,牡,3,400,松尾卓哉,,,,,80.9,64.6,50.2,36.1,23.0,11.3,,,,16.3,14.4,14.1,13.1,11.7,11.3,2023100894,2026.8.26,美浦,ヘンリーバローズ,ペプチドブラッサム,福田光博,鹿戸和幸,,
美浦,D,左,20260826,水,5:03,マイネルアレス,,牡,4,900,相沢郁,,,,,84.5,67.1,52.2,37.7,23.8,11.4,,,,17.4,14.9,14.5,13.9,12.4,11.4,2022106817,2026.8.26,美浦,スクリーンヒーロー,リープフラウミルヒ,サラブレッドクラブ・ラフィアン,ビッグレッドファーム,,
美浦,D,左,20260826,水,5:03,マイネルゼーロス,,牡,3,0,相沢郁,,,,,83.9,66.4,51.7,37.4,23.7,11.5,,,,17.5,14.7,14.3,13.7,12.2,11.5,2023106474,2026.8.26,美浦,ダノンバラード,マイネアルデュール,サラブレッドクラブ・ラフィアン,ビッグレッドファーム,,
美浦,D,左,20260826,水,5:03,ミコウェイ,,牝,2,未出走,鈴木伸尋,,,,,87.0,69.7,54.0,39.2,25.2,12.2,,,,17.3,15.7,14.8,14.0,13.0,12.2,2024104501,2026.8.26,美浦,キャプテンキング,フルゴラ,加藤美智子,静内フジカワ牧場,,
美浦,D,左,20260826,水,5:03,ラトルシェ,,牝,4,900,菊川正達,,,,,85.1,68.0,53.1,39.1,25.3,12.2,,,,17.1,14.9,14.0,13.8,13.1,12.2,2022104190,2026.8.26,美浦,ミッキーアイル,レーヴドフィユ,飯田正剛,千代田牧場,,
美浦,D,左,20260826,水,5:03,ラポニア,,牝,2,未出走,新開幸一,,,,,88.1,70.3,54.8,39.2,25.1,12.3,,,,17.8,15.5,15.6,14.1,12.8,12.3,2024106680,2026.8.26,美浦,アルアイン,ラリズ,G1レーシング,ノーザンファーム,,
美浦,D,左,20260826,水,5:03,リュミナーズ,,牝,4,400,堀内岳志,,,,,85.6,68.1,52.7,38.1,24.3,11.6,,,,17.5,15.4,14.6,13.8,12.7,11.6,2022101465,2026.8.26,美浦,ルヴァンスレーヴ,レセディラローナ,下河辺牧場,下河辺牧場,,
美浦,D,左,20260826,水,5:03,ルナルーチェット,,牝,4,900,松尾卓哉,,,,,82.2,65.5,50.9,36.7,23.5,11.6,,,,16.7,14.6,14.2,13.2,11.9,11.6,2022105233,2026.8.26,美浦,ブリックスアンドモルタル,イルミナント,社台レースホース,社台ファーム,,
美浦,D,左,20260826,水,5:03,ルンベーラ,,牝,3,400,菊川正達,,,,,85.1,67.4,52.2,38.2,24.5,11.9,,,,17.7,15.2,14.0,13.7,12.6,11.9,2023102403,2026.8.26,美浦,ミッキーグローリー,パリージョ,コロンバスサークル,岡田スタツド,,
美浦,D,左,20260826,水,5:03,ロジパンドラ,,牝,2,未出走,新開幸一,,,,,87.9,69.9,54.3,38.7,24.5,11.8,,,,18.0,15.6,15.6,14.2,12.7,11.8,2024104063,2026.8.26,美浦,ロジユニヴァース,ロジネイア,久米田正明,石川牧場,,
美浦,D,左,20260826,水,5:03,ヴィヴァラリス,,牝,4,400,尾関知人,,,,,83.9,67.0,52.2,38.2,24.7,12.0,,,,16.9,14.8,14.0,13.5,12.7,12.0,2022102749,2026.8.26,美浦,デクラレーションオブウォー,ペプチドリリー,ローレルレーシング,杵臼牧場,,
美浦,D,左,20260826,水,5:04,エコロストーム,,牝,3,400,千葉直人,,,,,84.8,67.4,52.0,37.4,23.7,11.4,,,,17.4,15.4,14.6,13.7,12.3,11.4,2023102405,2026.8.26,美浦,ロージズインメイ,ファミリーズオナー,原村正紀,岡田スタツド,,
美浦,D,左,20260826,水,5:04,エラガバリウム,,セ,3,0,千葉直人,,,,,85.6,67.9,52.6,37.9,23.9,11.4,,,,17.7,15.3,14.7,14.0,12.5,11.4,2023107335,2026.8.26,美浦,レイデオロ,レッドオリヴィア,吉田和美,ノーザンファーム,,
美浦,D,左,20260826,水,5:04,コスモコリウス,,牡,2,未出走,栗田徹,,,,,83.9,67.9,54.0,39.1,24.8,11.7,,,,16.0,13.9,14.9,14.3,13.1,11.7,2024103620,2026.8.26,美浦,ベンバトル,フライングメリッサ,ビッグレッドファーム,ビッグレッドファーム,,
美浦,D,左,20260826,水,5:04,コパノヴィンセント,,牡,4,1600,上原博之,,,,,86.2,68.9,53.3,38.1,23.9,11.4,,,,17.3,15.6,15.2,14.2,12.5,11.4,2022107047,2026.8.26,美浦,コパノリッキー,ヴェアリアスローズ,小林祥晃,村上牧場,,
美浦,D,左,20260826,水,5:04,タイセイソアリング,,牡,2,0,池上昌和,,,,,83.1,66.7,52.3,38.2,24.6,11.6,,,,16.4,14.4,14.1,13.6,13.0,11.6,2024104576,2026.8.26,美浦,コントレイル,レディオブキャメロット,田中成奉,タイヘイ牧場,,
美浦,D,左,20260826,水,5:04,タリスマン,,牡,5,400,金成貴史,,,,,85.0,66.9,51.1,37.2,24.4,12.2,,,,18.1,15.8,13.9,12.8,12.2,12.2,2021104618,2026.8.26,美浦,タリスマニック,クロエチャン,リトルブルーファーム,リトルブルーファーム,,
美浦,D,左,20260826,水,5:04,ティアラスピリット,,牝,2,0,上原博之,,,,,85.3,68.3,52.9,37.7,23.5,11.4,,,,17.0,15.4,15.2,14.2,12.1,11.4,2024107256,2026.8.26,美浦,シャンハイボビー,サクラフルーレ,石田暢子,谷岡牧場,,
美浦,D,左,20260826,水,5:04,ディスクリートサム,,牡,2,未登録,,,,,,84.2,68.6,53.8,39.0,24.7,12.0,,,,15.6,14.8,14.8,14.3,12.7,12.0,2024100688,2026.8.26,,ディスクリートキャット,ブランクチェック,,ダーレー・ジャパン・ファーム,,
美浦,D,左,20260826,水,5:04,プルヴィナル,,牝,2,未出走,栗田徹,,,,,82.7,66.9,53.2,38.4,24.5,11.7,,,,15.8,13.7,14.8,13.9,12.8,11.7,2024106287,2026.8.26,美浦,モーリス,クルミナル,キャロットファーム,ノーザンファーム,,
美浦,D,左,20260826,水,5:04,ホウオウルーレット,,牡,7,7500,栗田徹,,,,,83.0,66.8,51.8,37.5,24.2,11.8,,,,16.2,15.0,14.3,13.3,12.4,11.8,2019105746,2026.8.26,美浦,ロージズインメイ,オメガフレグランス,小笹芳央,岡田スタツド,,
美浦,D,左,20260826,水,5:04,ポケットブック,,牡,2,未出走,池上昌和,,,,,84.7,68.0,52.9,38.0,23.8,11.5,,,,16.7,15.1,14.9,14.2,12.3,11.5,2024105018,2026.8.26,美浦,ステルヴィオ,ローダンテ,小林由明,北洋牧場,,
美浦,D,左,20260826,水,5:04,ポンテヴェッキオ,,牡,3,0,栗田徹,,,,,85.0,69.0,54.1,39.1,24.8,11.9,,,,16.0,14.9,15.0,14.3,12.9,11.9,2023105242,2026.8.26,美浦,フィレンツェファイア,ソウルフルヴォイス,村野康司,社台ファーム,,
美浦,D,左,20260826,水,5:04,レイナクリューソス,,牝,2,未出走,池上昌和,,,,,84.0,67.0,52.5,37.7,23.7,11.5,,,,17.0,14.5,14.8,14.0,12.2,11.5,2024106865,2026.8.26,美浦,Starspangledbanner,ラズマタズ,島川隆哉,エスティファーム,,
美浦,D,左,20260826,水,5:04,レッドアトレーヴ,,牡,5,1500,手塚貴久,,,,,84.5,67.1,52.0,37.2,23.3,11.4,,,,17.4,15.1,14.8,13.9,11.9,11.4,2021105837,2026.8.26,美浦,ロードカナロア,ラストグルーヴ,東京ホースレーシング,ノーザンファーム,,
美浦,D,左,20260826,水,5:05,インプロペリア,,牝,4,900,森一誠,,,,,83.6,66.2,51.0,36.1,23.2,11.3,,,,17.4,15.2,14.9,12.9,11.9,11.3,2022104956,2026.8.26,美浦,ロードカナロア,パストフォリア,サンデーレーシング,ノーザンファーム,,
美浦,D,左,20260826,水,5:05,クラウンロムパイア,,牡,2,未出走,松永康利,,,,,86.6,69.5,54.2,38.9,24.2,11.5,,,,17.1,15.3,15.3,14.7,12.7,11.5,2024100293,2026.8.26,美浦,レッドファルクス,マリノエリー,矢野まり子,クラウン日高牧場,,
美浦,D,左,20260826,水,5:05,コスモマルーン,,牝,6,860,秋本大介,,,,,83.7,67.4,52.8,38.0,24.1,11.9,,,,16.3,14.6,14.8,13.9,12.2,11.9,2020105350,2026.8.26,美浦,ロージズインメイ,コスモキララ,酒井孝敏,竹中牧場,,
美浦,D,左,20260826,水,5:05,ゴルトシェーン,,牡,2,未出走,武井亮,,,,,82.4,67.0,52.5,37.9,24.4,12.0,,,,15.4,14.5,14.6,13.5,12.4,12.0,2024105499,2026.8.26,美浦,ゴールドドリーム,アマルフィターナ,大将レーシング,平野牧場,,
美浦,D,左,20260826,水,5:05,ショウナンラプソ,,牡,2,未出走,森一誠,,,,,83.9,67.9,52.2,37.3,23.6,11.3,,,,16.0,15.7,14.9,13.7,12.3,11.3,2024107160,2026.8.26,美浦,モーリス,パンデリング,国本哲秀,レイクヴィラファーム,,
美浦,D,左,20260826,水,5:05,ダイユウルミナス,,牝,3,0,松永康利,,,,,88.0,69.9,53.7,38.7,24.4,11.7,,,,18.1,16.2,15.0,14.3,12.7,11.7,2023106299,2026.8.26,美浦,ダノンスマッシュ,パープルセイル,大友靖岐,ハクレイファーム,,
美浦,D,左,20260826,水,5:05,ツルマウカタチ,,牡,5,900,手塚貴久,,,,,85.2,67.4,52.0,37.8,24.0,11.5,,,,17.8,15.4,14.2,13.8,12.5,11.5,2021102106,2026.8.26,美浦,ヤングマンパワー,ハイタッチクイーン,星野壽市,前野牧場,,
美浦,D,左,20260826,水,5:05,トリエンナーレ,,牝,3,0,森一誠,,,,,84.9,68.1,52.5,37.5,23.7,11.4,,,,16.8,15.6,15.0,13.8,12.3,11.4,2023103779,2026.8.26,美浦,マインドユアビスケッツ,サンヴァンサン,社台レースホース,社台コーポレーション白老ファーム,,
美浦,D,左,20260826,水,5:05,ファブリック,,牡,2,未出走,武井亮,,,,,82.0,66.4,52.6,37.9,24.5,12.2,,,,15.6,13.8,14.7,13.4,12.3,12.2,2024104851,2026.8.26,美浦,クリソベリル,ウィンクルム,FAレーシング,服部牧場,,
美浦,D,左,20260826,水,5:05,ブラウンラチェット,,牝,4,2000,手塚貴久,,,,,84.0,66.6,51.1,37.2,23.9,11.4,,,,17.4,15.5,13.9,13.3,12.5,11.4,2022104994,2026.8.26,美浦,キズナ,フォエヴァーダーリング,サンデーレーシング,ノーザンファーム,,
美浦,D,左,20260826,水,5:05,ブロッケンボウ,,牡,5,1500,松永康利,,,,,85.7,68.9,53.9,38.7,24.0,11.5,,,,16.8,15.0,15.2,14.7,12.5,11.5,2021104479,2026.8.26,美浦,タリスマニック,ラブフール,小林竜太郎,へいはた牧場,,
美浦,D,左,20260826,水,5:05,ブロンクス,,牡,2,0,武井亮,,,,,82.2,66.7,53.1,38.6,25.1,12.7,,,,15.5,13.6,14.5,13.5,12.4,12.7,2024101068,2026.8.26,美浦,シャンハイボビー,キトゥンブルー,古賀慎一,本間牧場,,
美浦,D,左,20260826,水,5:05,ムーングレイル,,セ,3,0,森一誠,,,,,81.7,66.3,51.4,36.8,23.2,11.5,,,,15.4,14.9,14.6,13.6,11.7,11.5,2023102843,2026.8.26,美浦,ミッキーアイル,グレースグランド,ノルマンディーサラブレッドレーシング,田中裕之,,
美浦,D,左,20260826,水,5:05,ルージュフローラ,,牝,3,0,森一誠,,,,,82.0,66.5,51.6,37.0,23.3,11.5,,,,15.5,14.9,14.6,13.7,11.8,11.5,2023105416,2026.8.26,美浦,モーリス,レッドアウローラ,東京ホースレーシング,オカモトファーム,,
美浦,D,左,20260826,水,5:06,ギガントシュラーク,,牡,2,未出走,萱野浩二,,,,,85.3,68.3,53.1,38.7,24.8,12.2,,,,17.0,15.2,14.4,13.9,12.6,12.2,2024101182,2026.8.26,美浦,アニマルキングダム,ケイディーズバック,楠本勝大,門別牧場,,
美浦,D,左,20260826,水,5:06,ゴーントゥファー,,セ,3,0,小島茂之,,,,,82.6,66.9,52.6,38.2,24.9,12.0,,,,15.7,14.3,14.4,13.3,12.9,12.0,2023106531,2026.8.26,美浦,ドレフォン,グローリアスサルム,日下部勝徳,ホース・マネジメント・ボス,,
美浦,D,左,20260826,水,5:06,スカイダンスタイム,,牝,5,210,萱野浩二,,,,,86.1,68.7,53.4,38.9,24.9,12.2,,,,17.4,15.3,14.5,14.0,12.7,12.2,2021107025,2026.8.26,美浦,ビーチパトロール,イムディーナ,細川大輔,村上牧場,,
美浦,D,左,20260826,水,5:06,チョコブラウニー,,牝,3,0,天間昭一,,,,,84.1,67.0,52.2,38.0,24.2,11.9,,,,17.1,14.8,14.2,13.8,12.3,11.9,2023102387,2026.8.26,美浦,イスラボニータ,タニノハイクレア,八木澤充貴,岡田スタツド,,
美浦,D,左,20260826,水,5:06,ビリオネアボーイ,,牡,4,130,武市康男,,,,,81.1,66.2,52.2,38.2,24.7,12.0,,,,14.9,14.0,14.0,13.5,12.7,12.0,2022110094,2026.8.26,美浦,"American Pharoah",Theworldweknow,矢野悦三,"Crown Farm USA",,
美浦,D,左,20260826,水,5:07,エコロブルーム,,牡,5,5300,加藤征弘,,,,,82.0,65.9,51.3,37.0,23.8,11.5,,,,16.1,14.6,14.3,13.2,12.3,11.5,2021105565,2026.8.26,美浦,ダイワメジャー,シュガーショック,原村正紀,ノーザンファーム,,
美浦,D,左,20260826,水,5:07,スターチスブーケ,,牝,5,400,田中勝春,,,,,,,54.8,38.9,24.7,11.7,,,,,,15.9,14.2,13.0,11.7,2021110075,2026.8.26,美浦,"Practical Joke","Sovereign Halo",ノルマンディーサラブレッドレーシング,"Gerty Bloodstock",,
美浦,D,左,20260826,水,5:07,スペシャルギフト,,牝,3,0,加藤征弘,,,,,85.7,67.7,53.2,38.7,24.7,12.0,,,,18.0,14.5,14.5,14.0,12.7,12.0,2023105213,2026.8.26,美浦,"Fastnet Rock",スペシャルフライト,阿部友弘,アスラン,,
美浦,D,左,20260826,水,5:07,フクチャンショウ,,牡,3,1150,加藤征弘,,,,,82.4,66.2,51.6,37.2,24.1,11.6,,,,16.2,14.6,14.4,13.1,12.5,11.6,2023103418,2026.8.26,美浦,イスラボニータ,ザウェイアイアム,福田義明,社台ファーム,,
美浦,D,左,20260826,水,5:07,フロリメル,,牝,3,0,加藤征弘,,,,,86.4,68.3,53.5,38.9,24.8,11.9,,,,18.1,14.8,14.6,14.1,12.9,11.9,2023101104,2026.8.26,美浦,ベンバトル,アモレッタ,ゴドルフィン,ダーレー・ジャパン・ファーム,,
美浦,D,左,20260826,水,5:07,レッドマウロア,,牡,2,未出走,加藤征弘,,,,,87.0,68.6,53.7,39.1,25.0,12.0,,,,18.4,14.9,14.6,14.1,13.0,12.0,2024101427,2026.8.26,美浦,クリソベリル,レッドアネラ,東京ホースレーシング,坂東牧場,,
美浦,D,左,20260826,水,5:08,ゴットランド,,牡,4,400,斎藤誠,,,,,82.0,65.8,51.0,36.7,23.6,11.4,,,,16.2,14.8,14.3,13.1,12.2,11.4,2022100162,2026.8.26,美浦,リオンディーズ,ヴィスビー,大野富生,高昭牧場,,
美浦,D,左,20260826,水,5:08,ゾネブルーム,,牡,3,0,矢嶋大樹,,,,,86.5,69.1,53.8,39.2,25.3,12.4,,,,17.4,15.3,14.6,13.9,12.9,12.4,2023107195,2026.8.26,美浦,ヴァンゴッホ,ブリガアルタ,キャロットファーム,ノーザンファーム,,
美浦,D,左,20260826,水,5:08,フォーディアライフ,,セ,5,400,矢嶋大樹,,,,,82.1,65.9,51.6,37.8,25.0,12.6,,,,16.2,14.3,13.8,12.8,12.4,12.6,2021104770,2026.8.26,美浦,ドレフォン,ディアマイダーリン,G1レーシング,追分ファーム,,
美浦,D,左,20260826,水,5:08,ブレーザー,,牡,5,3600,伊坂重信,,,,,90.3,69.3,51.9,36.5,23.0,11.3,,,,21.0,17.4,15.4,13.5,11.7,11.3,2021100114,2026.8.26,美浦,シゲルカガ,シゲルアンドロメダ,ノルマンディーサラブレッドレーシング,グローリーファーム,,
美浦,D,左,20260826,水,5:08,メタルスピード,,牡,6,2400,斎藤誠,,,,,81.1,65.0,50.2,36.0,23.3,11.3,,,,16.1,14.8,14.2,12.7,12.0,11.3,2020101772,2026.8.26,美浦,シルバーステート,マイビビアーヌ,"Him Rock Racingホールディングス",タバタファーム,,
美浦,D,左,20260826,水,5:09,イデアモッコス,,牡,2,未出走,的場均,,,,,81.3,66.3,51.4,38.3,24.9,12.6,,,,15.0,14.9,13.1,13.4,12.3,12.6,2024102094,2026.8.26,美浦,ビッグアーサー,マスイデア,益田修一,中脇栄,,
美浦,D,左,20260826,水,5:10,ウインシュクラン,,セ,8,2400,和田正一,,,,,87.3,70.4,55.0,39.9,25.0,11.5,,,,16.9,15.4,15.1,14.9,13.5,11.5,2018101615,2026.8.26,美浦,スクリーンヒーロー,イクスキューズ,ウイン,コスモヴューファーム,,
美浦,D,左,20260826,水,5:10,オオルリ,,牝,2,未出走,水野貴広,,,,,86.2,67.9,52.6,37.7,24.1,11.6,,,,18.3,15.3,14.9,13.6,12.5,11.6,2024103646,2026.8.26,美浦,ベンバトル,ウォーブル,ブルースターズファーム,ブルースターズファーム,,
美浦,D,左,20260826,水,5:10,オーサムストローク,,牡,5,1500,伊藤圭三,,,,,84.4,68.2,53.2,38.5,24.2,11.7,,,,16.2,15.0,14.7,14.3,12.5,11.7,2021100557,2026.8.26,美浦,エピファネイア,グランドクララ,ライオンレースホース,秋場牧場,,
美浦,D,左,20260826,水,5:10,ガンバレベアー,,牝,4,280,杉浦宏昭,,,,,87.6,67.7,52.5,37.8,23.8,11.3,,,,19.9,15.2,14.7,14.0,12.5,11.3,2022101141,2026.8.26,美浦,サトノアラジン,サンマルリトリート,熊木浩,ヴェルサイユファーム,,
美浦,D,左,20260826,水,5:10,スリーコーズ,,牡,3,400,伊藤圭三,,,,,86.4,68.2,52.1,36.8,22.9,11.4,,,,18.2,16.1,15.3,13.9,11.5,11.4,2023106208,2026.8.26,美浦,スズカコーズウェイ,スズカローラー,永井商事,辻牧場,,
美浦,D,左,20260826,水,5:10,トリスティ,,牝,3,250,伊藤圭三,,,,,85.5,67.5,51.5,36.5,22.9,11.4,,,,18.0,16.0,15.0,13.6,11.5,11.4,2023103085,2026.8.26,美浦,ディーマジェスティ,ディアレストトリックスキ,星野隆男,服部牧場,,
美浦,D,左,20260826,水,5:10,ナックホワイト,,牝,3,400,杉浦宏昭,,,,,85.6,66.1,50.7,36.5,23.1,11.1,,,,19.5,15.4,14.2,13.4,12.0,11.1,2023103885,2026.8.26,美浦,ブリックスアンドモルタル,イタリアンホワイト,小松欣也,レイクヴィラファーム,,
美浦,D,左,20260826,水,5:10,フームスムート,,牡,9,1500,水野貴広,,,,,86.2,69.0,53.9,38.8,24.4,11.5,,,,17.2,15.1,15.1,14.4,12.9,11.5,2017104238,2026.8.26,美浦,トゥザグローリー,ディアジーローズ,ディアレストクラブ,ディアレストクラブ,,
美浦,D,左,20260826,水,5:10,リアスハート,,牝,2,未出走,水野貴広,,,,,84.9,67.3,51.7,37.3,23.6,11.3,,,,17.6,15.6,14.4,13.7,12.3,11.3,2024107358,2026.8.26,美浦,エフフォーリア,ラントルナ,パニオロ,松浦牧場,,
美浦,D,左,20260826,水,5:11,カツノテンス,,牡,6,160,伊藤伸一,,,,,86.0,67.3,52.4,38.0,23.9,11.4,,,,18.7,14.9,14.4,14.1,12.5,11.4,2020105525,2026.8.26,美浦,シルバーステート,コウザンティアラ,勝野産業,新冠伊藤牧場,,
美浦,D,左,20260826,水,5:11,クロドラバール,,セ,5,900,奥村武,,,,,84.5,67.8,52.5,37.8,23.9,11.3,,,,16.7,15.3,14.7,13.9,12.6,11.3,2021101733,2026.8.26,美浦,ロードカナロア,ジュエルメーカー,長谷川祐司,チャンピオンズファーム,,
美浦,D,左,20260826,水,5:11,ソルティアーラ,,牝,3,0,西田雄一,,,,,86.7,68.4,52.7,39.3,25.6,12.8,,,,18.3,15.7,13.4,13.7,12.8,12.8,2023100743,2026.8.26,美浦,タワーオブロンドン,ルナティアーラ,DMMドリームクラブ,オリオンファーム,,
美浦,D,左,20260826,水,5:11,チャリングクロス,,牡,3,1500,奥村武,,,,,83.5,66.5,51.8,37.2,23.6,11.3,,,,17.0,14.7,14.6,13.6,12.3,11.3,2023107389,2026.8.26,美浦,キタサンブラック,ライジングクロス,サンデーレーシング,坂東牧場,,
美浦,D,左,20260826,水,5:11,パーリーブラック,,牡,6,0,伊坂重信,,,,,85.7,68.2,52.5,37.9,24.2,11.9,,,,17.5,15.7,14.6,13.7,12.3,11.9,2020103539,2026.8.26,美浦,キタサンブラック,パーリーアヴェニュー,吉田勝己,ノーザンファーム,,
美浦,D,左,20260826,水,5:11,ピーエムリンダ,,牝,2,未出走,和田正一,,,,,92.0,71.1,54.3,38.6,24.2,11.4,,,,20.9,16.8,15.7,14.4,12.8,11.4,2024106588,2026.8.26,美浦,クリソベリル,ベルクワイア,松山毅,ノーザンファーム,,
美浦,D,左,20260826,水,5:11,ブライティアロード,,牝,3,0,和田正一,,,,,92.6,71.7,54.8,38.8,24.3,11.5,,,,20.9,16.9,16.0,14.5,12.8,11.5,2023100573,2026.8.26,美浦,ダノンスマッシュ,ブライティアレディ,小林昌志,雅牧場,,
美浦,D,左,20260826,水,5:11,ベラトール,,牡,4,400,西田雄一,,,,,84.0,67.6,52.3,37.2,23.3,11.2,,,,16.4,15.3,15.1,13.9,12.1,11.2,2022102788,2026.8.26,美浦,ミッキーグローリー,アモーレヴォレ,三嶋牧場,斉藤英牧場,,
美浦,D,左,20260826,水,5:11,ミクロスギガース,,牝,3,0,西田雄一,,,,,86.7,68.8,53.2,39.2,25.6,12.6,,,,17.9,15.6,14.0,13.6,13.0,12.6,2023102931,2026.8.26,美浦,シルバーステート,ピュアリーグッド,飯田貴大,千代田牧場,,
美浦,D,左,20260826,水,5:11,ワカミヤイリオス,,セ,4,210,西田雄一,,,,,81.3,66.2,51.6,37.8,24.7,12.6,,,,15.1,14.6,13.8,13.1,12.1,12.6,2022101032,2026.8.26,美浦,ルヴァンスレーヴ,プリンシアコメータ,芳川貴行,アイズスタッド,,
美浦,D,左,20260826,水,5:12,カラマティアノス,,牡,4,5200,奥村武,,,,,86.4,69.7,53.9,38.6,24.2,11.6,,,,16.7,15.8,15.3,14.4,12.6,11.6,2022104896,2026.8.26,美浦,レイデオロ,ダンサール,サンデーレーシング,ノーザンファーム,,
美浦,D,左,20260826,水,5:12,ハングローズ,,牝,3,0,奥村武,,,,,85.2,69.2,53.7,38.3,24.2,11.7,,,,16.0,15.5,15.4,14.1,12.5,11.7,2023102122,2026.8.26,美浦,ドレフォン,ハワイアンローズ,"CHEVAL ATTACHE",辻牧場,,
美浦,D,左,20260826,水,5:12,バターショコラ,,牝,3,0,戸田博文,,,,,86.5,69.0,54.1,39.1,24.8,11.8,,,,17.5,14.9,15.0,14.3,13.0,11.8,2023105240,2026.8.26,美浦,マインドユアビスケッツ,ショコラトリー,清進電設,社台ファーム,,
美浦,D,左,20260826,水,5:12,ピコシー,,牡,4,900,奥村武,,,,,83.8,67.8,52.5,37.6,23.9,11.6,,,,16.0,15.3,14.9,13.7,12.3,11.6,2022101716,2026.8.26,美浦,サトノダイヤモンド,アヴァール,ビジュピコ,チャンピオンズファーム,,
美浦,D,左,20260826,水,5:12,ファイナルラッキー,,牡,2,未出走,武藤善則,,,,,86.4,69.7,54.0,38.8,24.9,12.2,,,,16.7,15.7,15.2,13.9,12.7,12.2,2024101359,2026.8.26,美浦,リオンディーズ,ラッキーレディ,子安裕樹RC,清水牧場,,
美浦,D,左,20260826,水,5:12,ペントザリス,,牡,2,未出走,戸田博文,,,,,85.9,68.6,53.6,38.6,24.5,11.6,,,,17.3,15.0,15.0,14.1,12.9,11.6,2024107035,2026.8.26,美浦,サリオス,パドゥヴァルス,キャロットファーム,社台コーポレーション白老ファーム,,
美浦,D,左,20260826,水,5:12,ラインディアーナ,,牝,2,未出走,武藤善則,,,,,85.6,69.1,53.5,38.2,24.4,11.8,,,,16.5,15.6,15.3,13.8,12.6,11.8,2024100941,2026.8.26,美浦,アルアイン,ヤサカオディール,大澤繁昌,日高大洋牧場,,
美浦,D,左,20260826,水,5:13,ウインドオブヘヴン,,牡,3,0,戸田博文,,,,,87.8,69.7,54.4,39.2,24.7,11.9,,,,18.1,15.3,15.2,14.5,12.8,11.9,2023100734,2026.8.26,美浦,ロードカナロア,キストゥヘヴン,DMMドリームクラブ,オリオンファーム,,
美浦,D,左,20260826,水,5:13,クラディスティーナ,,牡,3,400,清水英克,,,,,85.4,68.4,52.7,37.5,23.5,11.5,,,,17.0,15.7,15.2,14.0,12.0,11.5,2023100796,2026.8.26,美浦,パドトロワ,クラウンデュナミス,矢野恭裕,クラウン日高牧場,,
美浦,D,左,20260826,水,5:13,ベレーバスク,,牝,3,400,清水英克,,,,,86.3,69.2,53.3,37.9,23.7,11.6,,,,17.1,15.9,15.4,14.2,12.1,11.6,2023106477,2026.8.26,美浦,ベンバトル,マイネサヴァラン,サラブレッドクラブ・ラフィアン,ビッグレッドファーム,,
美浦,D,左,20260826,水,5:13,マイトリックスター,,牝,3,0,和田勇介,,,,,86.7,69.1,53.2,38.2,24.4,11.8,,,,17.6,15.9,15.0,13.8,12.6,11.8,2023101731,2026.8.26,美浦,ダノンレジェンド,トリンカファイブ,ターフ・スポート,高昭牧場,,
美浦,D,左,20260826,水,5:13,メイショウコバト,,牝,6,1500,和田勇介,,,,,87.3,69.9,54.0,38.9,24.7,11.8,,,,17.4,15.9,15.1,14.2,12.9,11.8,2020106908,2026.8.26,美浦,ダノンレジェンド,メイショウサワヤカ,松本好隆,三嶋牧場,,
美浦,D,左,20260826,水,5:14,ブエナディオサ,,牝,7,390,奥平雅士,,,,,87.6,69.9,54.0,38.6,24.5,11.8,,,,17.7,15.9,15.4,14.1,12.7,11.8,2019106938,2026.8.26,美浦,メイショウボーラー,ヴェイグストーリー,エースレーシング,社台コーポレーション白老ファーム,,
美浦,D,左,20260826,水,5:15,ケイツールピア,,牝,5,400,蛯名利弘,,,,,92.6,72.3,56.0,40.5,25.7,12.6,,,,20.3,16.3,15.5,14.8,13.1,12.6,2021101801,2026.8.26,美浦,アニマルキングダム,リップグロス,楠本勝美,道見牧場,,
美浦,D,左,20260826,水,5:15,コスモコンフェルマ,,牡,4,900,鈴木慎太,,,,,86.5,68.5,53.0,37.9,24.0,11.6,,,,18.0,15.5,15.1,13.9,12.4,11.6,2022100526,2026.8.26,美浦,ホッコータルマエ,ソリッドリーズン,ビッグレッドファーム,沖田博志,,
美浦,D,左,20260826,水,5:15,パープルタウン,,牝,2,0,鈴木慎太,,,,,85.8,68.3,53.0,37.8,24.1,11.7,,,,17.5,15.3,15.2,13.7,12.4,11.7,2024102097,2026.8.26,美浦,グレーターロンドン,ラベンダーメモリー,田頭勇貴,中脇栄,,
美浦,D,左,20260826,水,5:17,アシャカトベ,,牡,4,1500,小笠倫弘,,,,,85.3,67.8,52.6,38.0,24.4,11.9,,,,17.5,15.2,14.6,13.6,12.5,11.9,2022107163,2026.8.26,美浦,ミスターメロディ,ドリームプレイ,吉冨学,ラツキー牧場,,
美浦,D,左,20260826,水,5:17,キャッチアップ,,牝,2,未出走,小野次郎,,,,,85.1,68.8,53.9,39.6,25.6,12.8,,,,16.3,14.9,14.3,14.0,12.8,12.8,2024101787,2026.8.26,美浦,ベンバトル,マイネランデブー,ビッグレッドファーム,笹島智則,,
美浦,D,左,20260826,水,5:17,サヨノジャンボリー,,牡,4,900,小笠倫弘,,,,,84.6,67.4,52.2,37.7,24.1,11.7,,,,17.2,15.2,14.5,13.6,12.4,11.7,2022106243,2026.8.26,美浦,モーニン,ゴーゴーサンデー,吉岡泰治,五丸農場,,
美浦,D,左,20260826,水,5:17,ストーリーオブラブ,,牝,3,400,小野次郎,,,,,85.3,68.8,54.0,39.6,25.5,12.8,,,,16.5,14.8,14.4,14.1,12.7,12.8,2023106587,2026.8.26,美浦,マジェスティックウォリアー,オルレアンノオトメ,ミルファーム,ミルファーム,,
美浦,D,左,20260826,水,5:17,ナリノシャーウッド,,牡,3,400,小笠倫弘,,,,,85.1,67.6,52.3,37.8,24.2,11.7,,,,17.5,15.3,14.5,13.6,12.5,11.7,2023105963,2026.8.26,美浦,マインドユアビスケッツ,ナリノメジャー,成塚清志,社台コーポレーション白老ファーム,,
美浦,D,左,20260826,水,5:18,アクロスメモリア,,牝,3,0,田島俊明,,,,,84.8,67.6,51.8,37.2,23.5,11.4,,,,17.2,15.8,14.6,13.7,12.1,11.4,2023102399,2026.8.26,美浦,マインドユアビスケッツ,ハッピーダイアリー,YGGホースクラブ,岡田スタツド,,
美浦,D,左,20260826,水,5:18,コッディ,,牝,2,未出走,田島俊明,,,,,86.2,68.6,53.0,37.7,23.8,11.5,,,,17.6,15.6,15.3,13.9,12.3,11.5,2024107079,2026.8.26,美浦,エフフォーリア,カズミドリーム,藤沼利夫,青藍牧場,,
美浦,D,左,20260826,水,5:18,スタレネルヴェント,,牝,2,未出走,高木登,,,,,84.1,67.1,52.2,37.9,24.1,11.8,,,,17.0,14.9,14.3,13.8,12.3,11.8,2024107043,2026.8.26,美浦,リアルスティール,フィーリングトーン,街風隆雄,社台コーポレーション白老ファーム,,
美浦,D,左,20260826,水,5:18,タッカーヴィーチェ,,牝,2,未出走,田島俊明,,,,,85.4,68.0,52.5,37.2,23.4,11.2,,,,17.4,15.5,15.3,13.8,12.2,11.2,2024103407,2026.8.26,美浦,サートゥルナーリア,バリアーモ,小松崎孝,新冠橋本牧場,,
美浦,D,左,20260826,水,5:18,デアトゥノウ,,牝,3,0,田島俊明,,,,,84.5,67.6,51.8,37.4,23.7,11.6,,,,16.9,15.8,14.4,13.7,12.1,11.6,2023107522,2026.8.26,美浦,Daredevil,"Emma's Encore",岡田牧雄,"Narola LLC",,
美浦,D,左,20260826,水,5:18,ビップチェイス,,牡,5,900,田島俊明,,,,,85.1,67.8,52.0,37.3,23.6,11.4,,,,17.3,15.8,14.7,13.7,12.2,11.4,2021105763,2026.8.26,美浦,アルアイン,ベッラレイア,鈴木邦英,ノーザンファーム,,
美浦,D,左,20260826,水,5:18,ブルードロップ,,牝,2,未出走,田島俊明,,,,,86.2,68.6,53.0,37.8,23.9,11.5,,,,17.6,15.6,15.2,13.9,12.4,11.5,2024101696,2026.8.26,美浦,ロードカナロア,アイリスフィール,越村洋子,杵臼牧場,,
美浦,D,左,20260826,水,5:18,マートングレイス,,牝,2,未出走,高木登,,,,,83.0,66.2,51.2,37.1,23.7,11.5,,,,16.8,15.0,14.1,13.4,12.2,11.5,2024100474,2026.8.26,美浦,シニスターミニスター,マートンパーク,安原浩司,下河辺牧場,,
美浦,D,左,20260826,水,5:18,モルスリール,,牡,2,未出走,高木登,,,,,84.9,67.2,52.4,37.9,24.1,11.6,,,,17.7,14.8,14.5,13.8,12.5,11.6,2024106146,2026.8.26,美浦,ニューイヤーズデイ,アラゴネーゼ,Gリビエール・レーシング,ノーザンファーム,,
美浦,D,左,20260826,水,5:18,ラウンドヒル,,牝,3,0,田島俊明,,,,,85.4,67.6,52.6,37.4,23.8,11.7,,,,17.8,15.0,15.2,13.6,12.1,11.7,2023105751,2026.8.26,美浦,ベストウォーリア,レイテストバード,小原準一郎,静内フアーム,,
美浦,D,左,20260826,水,5:19,アルプスオジョー,,牝,5,400,手塚貴徳,,,,,85.2,67.8,51.9,37.3,23.8,11.4,,,,17.4,15.9,14.6,13.5,12.4,11.4,2021100540,2026.8.26,美浦,パイロ,イザベルドスメーン,ターフ・スポート,米田牧場,,
美浦,D,左,20260826,水,5:19,エクスマキナ,,牝,2,0,手塚貴徳,,,,,83.4,66.8,51.7,37.3,23.9,11.6,,,,16.6,15.1,14.4,13.4,12.3,11.6,2024104469,2026.8.26,美浦,フィエールマン,レッドラフィーネ,ビッグレッドファーム,静内白井牧場,,
美浦,D,左,20260826,水,5:19,シアブリス,,牝,5,400,手塚貴徳,,,,,84.3,67.3,51.5,37.1,23.6,11.3,,,,17.0,15.8,14.4,13.5,12.3,11.3,2021105742,2026.8.26,美浦,エピファネイア,ブリスフルデイズ,シルクレーシング,ノーザンファーム,,
美浦,D,左,20260826,水,5:19,ストロングボイス,,牡,2,未出走,手塚貴徳,,,,,84.7,68.2,52.9,38.4,24.6,12.0,,,,16.5,15.3,14.5,13.8,12.6,12.0,2024104220,2026.8.26,美浦,グレーターロンドン,フラヴィニー,原昌久,岡田牧場,,
美浦,D,左,20260826,水,5:19,ニシノヴィヴィ,,牝,5,400,矢野英一,,,,,87.6,68.0,52.5,38.2,24.5,12.0,,,,19.6,15.5,14.3,13.7,12.5,12.0,2021100948,2026.8.26,美浦,レッドファルクス,ニシノリリアンヌ,西山茂行,フクオカファーム,,
美浦,D,左,20260826,水,5:19,マイトレーヤー,,牡,2,未出走,手塚貴徳,,,,,85.3,68.5,53.2,38.6,24.8,12.0,,,,16.8,15.3,14.6,13.8,12.8,12.0,2024105779,2026.8.26,美浦,マインドユアビスケッツ,エバーマノ,栗原政史,社台ファーム,,
美浦,D,左,20260826,水,5:19,マイネルブリオン,,牡,4,400,矢野英一,,,,,85.9,66.5,51.1,36.8,23.3,11.4,,,,19.4,15.4,14.3,13.5,11.9,11.4,2022102681,2026.8.26,美浦,ゴールドドリーム,マイネオレンジ,サラブレッドクラブ・ラフィアン,金石牧場,,
美浦,D,左,20260826,水,5:19,レッドアバンドーネ,,牡,2,未出走,上原佑紀,,,,,84.7,67.6,52.6,38.0,23.9,11.8,,,,17.1,15.0,14.6,14.1,12.1,11.8,2024110006,2026.8.26,美浦,Minzaal,Danega,東京ホースレーシング,"M. Teruya Yoshida",,
美浦,D,左,20260826,水,5:19,ロマンス,,牝,3,0,上原佑紀,,,,,85.1,67.8,52.7,38.0,23.8,11.7,,,,17.3,15.1,14.7,14.2,12.1,11.7,2023102234,2026.8.26,美浦,エピファネイア,ベットーレ,石川達絵,三嶋牧場,,
美浦,D,左,20260826,水,5:20,メモリーグラス,,牡,6,900,松永康利,,,,,87.4,69.4,53.9,39.1,25.2,12.6,,,,18.0,15.5,14.8,13.9,12.6,12.6,2020107095,2026.8.26,美浦,イスラボニータ,ラベンダーメモリー,田頭勇貴,浜本牧場,,
美浦,D,左,20260826,水,5:21,アムールドパリ,,牝,5,2400,稲垣幸雄,,,,,89.6,71.1,54.9,39.2,24.6,11.6,,,,18.5,16.2,15.7,14.6,13.0,11.6,2021105264,2026.8.26,美浦,マインドユアビスケッツ,ラブリネスオブパリ,吉田千津,社台ファーム,,
美浦,D,左,20260826,水,5:21,アンヴデット,,牝,3,0,高橋文雅,,,,,88.9,69.1,53.5,38.4,23.9,11.3,,,,19.8,15.6,15.1,14.5,12.6,11.3,2023107044,2026.8.26,美浦,リアルスティール,シングルゲイズ,シルクレーシング,ノーザンファーム,,
美浦,D,左,20260826,水,5:21,リゼクールグレー,,牡,3,0,高橋文雅,,,,,89.8,70.1,54.3,39.2,24.6,11.5,,,,19.7,15.8,15.1,14.6,13.1,11.5,2023103303,2026.8.26,美浦,ダノンレジェンド,テレキネシス,飯田訓大,山際智,,
美浦,D,左,20260826,水,5:22,アルアンダルス,,牝,2,0,小野次郎,,,,,86.5,69.6,53.8,38.0,24.0,11.3,,,,16.9,15.8,15.8,14.0,12.7,11.3,2024100316,2026.8.26,美浦,ジャスタウェイ,アズレージョ,布施慶士,グッドラック・ファーム,,
美浦,D,左,20260826,水,5:22,コウセイケンタロス,,セ,4,0,和田雄二,,,,,84.4,68.3,53.9,38.9,25.2,12.6,,,,16.1,14.4,15.0,13.7,12.6,12.6,2022105461,2026.8.26,美浦,ハービンジャー,ファイアマーシャル,杉安浩一郎,社台ファーム,,
美浦,D,左,20260826,水,5:22,サスケソルトバーン,,牡,2,0,和田雄二,,,,,84.0,68.1,53.7,38.7,25.1,12.6,,,,15.9,14.4,15.0,13.6,12.5,12.6,2024102123,2026.8.26,美浦,アニマルキングダム,ミスミズ,佐藤大介,日本中央競馬会日高育成牧場,,
美浦,D,左,20260826,水,5:22,ナックスプレンダー,,牡,3,0,小野次郎,,,,,87.2,69.8,53.9,38.1,24.1,11.3,,,,17.4,15.9,15.8,14.0,12.8,11.3,2023100282,2026.8.26,美浦,エスポワールシチー,アルフィルク,小松欣也,平野牧場,,
美浦,D,左,20260826,水,5:22,ハクタカ,,牡,2,0,和田雄二,,,,,85.1,68.9,54.3,39.8,25.9,12.9,,,,16.2,14.6,14.5,13.9,13.0,12.9,2024103502,2026.8.26,美浦,イスラボニータ,アスタラグローリア,三度屋,ハクレイファーム,,
美浦,D,左,20260826,水,5:23,エリーナストーム,,牝,4,900,鹿戸雄一,,,,,86.4,68.8,52.7,37.7,23.9,11.7,,,,17.6,16.1,15.0,13.8,12.2,11.7,2022105030,2026.8.26,美浦,サトノアラジン,プンタステラ,フィールドレーシング,ノーザンファーム,,
美浦,D,左,20260826,水,5:23,トレベルオール,,牡,5,440,辻哲英,,,,,85.4,67.4,51.8,37.7,24.4,12.0,,,,18.0,15.6,14.1,13.3,12.4,12.0,2021102203,2026.8.26,美浦,オルフェーヴル,トレサンセール,YGGホースクラブ,門別山際牧場,,
美浦,D,左,20260826,水,5:23,ナインオブレター,,牡,4,400,佐藤吉勝,,,,,84.7,67.9,52.4,37.8,24.4,12.1,,,,16.8,15.5,14.6,13.4,12.3,12.1,2022106926,2026.8.26,美浦,モーニン,ブリリアントレター,熊坂俊一,松浦牧場,,
美浦,D,左,20260826,水,5:23,フタイテンロック,,牡,7,2240,佐藤吉勝,,,,,85.6,68.7,52.9,38.2,24.7,12.2,,,,16.9,15.8,14.7,13.5,12.5,12.2,2019102665,2026.8.26,美浦,トーセンジョーダン,フェリスホイール,松谷紫,大北牧場,,
美浦,D,左,20260826,水,5:23,マイネルアズーロ,,牡,4,900,鹿戸雄一,,,,,85.8,68.4,52.4,37.6,23.9,11.8,,,,17.4,16.0,14.8,13.7,12.1,11.8,2022100274,2026.8.26,美浦,ダノンバラード,ショウナンアオバ,サラブレッドクラブ・ラフィアン,大北牧場,,
美浦,D,左,20260826,水,5:23,ヤマニンヘルシェ,,牡,3,400,辻哲英,,,,,86.5,68.5,53.5,39.5,25.7,12.6,,,,18.0,15.0,14.0,13.8,13.1,12.6,2023104361,2026.8.26,美浦,レッドファルクス,ヤマニンヌヌース,土井肇,錦岡牧場,,
美浦,D,左,20260826,水,5:23,ロデオドライブ,,牡,3,8500,辻哲英,,,,,85.8,67.5,52.2,38.2,24.9,12.1,,,,18.3,15.3,14.0,13.3,12.8,12.1,2023107166,2026.8.26,美浦,サートゥルナーリア,ビバリーヒルズ,吉田勝己,ノーザンファーム,,
美浦,D,左,20260826,水,5:24,アルスラーン,,牡,2,0,佐藤吉勝,,,,,89.4,69.9,53.8,39.3,24.8,12.0,,,,19.5,16.1,14.5,14.5,12.8,12.0,2024105394,2026.8.26,美浦,ミュゼスルタン,ミュゼリトルガール,ミルファーム,タツヤファーム,,
美浦,D,左,20260826,水,5:24,イキデイナセ,,牡,2,未出走,佐藤吉勝,,,,,90.0,70.2,54.1,39.4,25.0,12.0,,,,19.8,16.1,14.7,14.4,13.0,12.0,2024103174,2026.8.26,美浦,サングレーザー,スイーツマジック,スピードファーム,スピードフアーム,,
美浦,D,左,20260826,水,5:24,カラスアゲハ,,牝,2,未出走,佐藤吉勝,,,,,90.4,70.2,54.1,39.3,25.0,12.0,,,,20.2,16.1,14.8,14.3,13.0,12.0,2024103786,2026.8.26,美浦,ワールドプレミア,グッドモーメント,江川伸夫,マリオステーブル,,
美浦,D,左,20260826,水,5:24,カーヌスティ,,牡,4,1310,大和田成,,,,,86.0,67.2,51.9,37.7,24.2,11.6,,,,18.8,15.3,14.2,13.5,12.6,11.6,2022103639,2026.8.26,美浦,ロードカナロア,ヤマカツマリリン,嶋田一成,岡田牧場,,
美浦,D,左,20260826,水,5:24,ディールメーカー,,牡,3,1700,大和田成,,,,,85.3,66.8,51.6,37.3,24.0,11.6,,,,18.5,15.2,14.3,13.3,12.4,11.6,2023103326,2026.8.26,美浦,イスラボニータ,アームズレングス,諸江幸祐,社台ファーム,,
美浦,D,左,20260826,水,5:24,トップマジシャン,,牡,3,400,石栗龍彦,,,,,86.8,69.4,54.2,39.6,25.5,12.0,,,,17.4,15.2,14.6,14.1,13.5,12.0,2023105067,2026.8.26,美浦,モズアスコット,レチャーダ,宮内牧場,宮内牧場,,
美浦,D,左,20260826,水,5:24,ドーバーホーク,,牡,6,1500,清水英克,,,,,86.8,69.5,54.2,39.5,25.0,11.8,,,,17.3,15.3,14.7,14.5,13.2,11.8,2020105365,2026.8.26,美浦,ディーマジェスティ,タカラジェニファ,嶋田一成,大栄牧場,,
美浦,D,左,20260826,水,5:24,ホワイトホール,,牝,2,未出走,清水英克,,,,,83.4,67.1,52.2,37.9,24.4,11.8,,,,16.3,14.9,14.3,13.5,12.6,11.8,2024104300,2026.8.26,美浦,ロジャーバローズ,スノーレイズ,ミルファーム,キヨタケ牧場,,
美浦,D,左,20260826,水,5:24,マイネルアルゴー,,牡,3,0,清水英克,,,,,84.0,67.6,52.6,38.3,24.7,12.0,,,,16.4,15.0,14.3,13.6,12.7,12.0,2023106462,2026.8.26,美浦,スクリーンヒーロー,バトーブラン,サラブレッドクラブ・ラフィアン,ビッグレッドファーム,,
美浦,D,左,20260826,水,5:24,マホロ,,牝,2,未出走,石栗龍彦,,,,,86.9,69.5,54.2,39.7,25.5,12.0,,,,17.4,15.3,14.5,14.2,13.5,12.0,2024103328,2026.8.26,美浦,ストラクター,シーザライト,KIMURA,中村弘昭,,
美浦,D,左,20260826,水,5:24,リオンパリス,,牡,2,未出走,清水英克,,,,,84.8,68.4,53.3,38.7,24.9,12.0,,,,16.4,15.1,14.6,13.8,12.9,12.0,2024105119,2026.8.26,美浦,リオンディーズ,ライトインパリス,井高義光,矢野牧場,,
美浦,D,左,20260826,水,5:27,キボウノホシ,,セ,7,900,奥平雅士,,,,,93.5,71.8,53.3,37.5,23.6,11.5,,,,21.7,18.5,15.8,13.9,12.1,11.5,2019101165,2026.8.26,美浦,ロードカナロア,アイアムカミノマゴ,ワイズマン,坂東牧場,,
美浦,D,左,20260826,水,5:27,マイネルニコラス,,牡,7,1500,畠山吉宏,,,,,86.0,69.4,54.3,40.0,25.7,12.4,,,,16.6,15.1,14.3,14.3,13.3,12.4,2019100768,2026.8.26,美浦,キングカメハメハ,フライングメリッサ,サラブレッドクラブ・ラフィアン,ビッグレッドファーム,,
美浦,D,左,20260826,水,5:29,クロノスフィア,,牝,2,未出走,黒岩陽一,,,,,84.7,69.1,54.2,39.5,25.6,12.5,,,,15.6,14.9,14.7,13.9,13.1,12.5,2024101388,2026.8.26,美浦,ルーラーシップ,パローマ,小島章義,二風谷ファーム,,
美浦,D,左,20260826,水,5:29,コールレスポンス,,牡,2,未出走,田中博康,,,,,85.7,68.4,52.8,38.0,24.3,11.7,,,,17.3,15.6,14.8,13.7,12.6,11.7,2024106796,2026.8.26,美浦,ミッキーアイル,ダイナストーン,山本又一郎,ウイニングスタッド千歳,,
美浦,D,左,20260826,水,5:29,サイレントキラー,,牡,2,未出走,黒岩陽一,,,,,84.8,69.2,54.2,39.5,25.5,12.5,,,,15.6,15.0,14.7,14.0,13.0,12.5,2024101387,2026.8.26,美浦,ハービンジャー,バイオアート,小島章義,二風谷ファーム,,
美浦,D,左,20260826,水,5:29,マリアイリダータ,,牝,4,2400,田中博康,,,,,86.1,68.8,53.1,38.2,24.4,11.7,,,,17.3,15.7,14.9,13.8,12.7,11.7,2022105064,2026.8.26,美浦,ドゥラメンテ,マルケッサ,サンデーレーシング,ノーザンファーム,,
美浦,D,左,20260826,水,5:30,シリアルトウショウ,,牝,2,未出走,萱野浩二,,,,,84.7,67.7,53.6,39.5,25.9,12.7,,,,17.0,14.1,14.1,13.6,13.2,12.7,2024104744,2026.8.26,美浦,ステルヴィオ,スールトウショウ,トウショウ産業,トウショウ産業株式会社トウショウ牧場,,
美浦,D,左,20260826,水,5:30,トーキョーレギー,,牝,2,未出走,萱野浩二,,,,,84.9,67.9,53.8,39.6,26.0,13.0,,,,17.0,14.1,14.2,13.6,13.0,13.0,2024104080,2026.8.26,美浦,イスラボニータ,スピードオブラブ,石井義人,上野正恵,,
美浦,D,左,20260826,水,6:01,アオイノリプー,,牡,2,0,尾形和幸,,,,,85.8,68.4,53.3,38.0,23.6,11.3,,,,17.4,15.1,15.3,14.4,12.3,11.3,2024100715,2026.8.26,美浦,サートゥルナーリア,アオイスカーレット,中谷典生,チャンピオンズファーム,,
美浦,D,左,20260826,水,6:01,エナノムスメ,,牝,3,0,伊藤大士,,,,,86.9,69.5,54.0,39.2,24.6,11.4,,,,17.4,15.5,14.8,14.6,13.2,11.4,2023103236,2026.8.26,美浦,サトノダイヤモンド,エナチャン,桑畑夏美,前谷牧場,,
美浦,D,左,20260826,水,6:01,オシゴリ,,牝,2,未出走,深山雅史,,,,,83.7,67.1,52.5,38.9,25.3,12.4,,,,16.6,14.6,13.6,13.6,12.9,12.4,2024102325,2026.8.26,美浦,ロジャーバローズ,アスクザリーズン,由井可南子,宮内牧場,,
美浦,D,左,20260826,水,6:01,クラージュスター,,牡,3,0,勢司和浩,,,,,84.6,67.8,53.0,38.5,24.2,11.4,,,,16.8,14.8,14.5,14.3,12.8,11.4,2023103010,2026.8.26,美浦,タニノフランケル,サクラノチョウジョ,油木大樹,西川富岡牧場,,
美浦,D,左,20260826,水,6:01,サーロー,,牝,3,400,勢司和浩,,,,,84.1,67.3,52.7,38.4,24.1,11.5,,,,16.8,14.6,14.3,14.3,12.6,11.5,2023103873,2026.8.26,美浦,ヘンリーバローズ,フォルリベルター,古賀禎彦,橋本牧場,,
美浦,D,左,20260826,水,6:01,トパーズプレミア,,牡,2,未出走,伊藤大士,,,,,87.2,69.7,54.2,39.2,24.6,11.4,,,,17.5,15.5,15.0,14.6,13.2,11.4,2024103191,2026.8.26,美浦,ワールドプレミア,ドゥシャンパーニュ,竹田寿,隆栄牧場,,
美浦,D,左,20260826,水,6:01,ニシノケンタマン,,牡,4,900,深山雅史,,,,,81.9,65.8,51.2,37.9,24.5,11.9,,,,16.1,14.6,13.3,13.4,12.6,11.9,2022106427,2026.8.26,美浦,アポロケンタッキー,オテンバランナー,西山茂行,中央牧場,,
美浦,D,左,20260826,水,6:01,ハンデンブレイズ,,牡,2,0,伊藤大士,,,,,82.9,67.6,52.4,37.7,23.8,11.4,,,,15.3,15.2,14.7,13.9,12.4,11.4,2024105416,2026.8.26,美浦,ファインニードル,ハタノディアマンテ,坂田行夫,土田和男,,
美浦,D,左,20260826,水,6:01,ピコローズ,,牝,4,2400,伊藤大士,,,,,82.0,66.7,51.9,37.3,23.5,11.4,,,,15.3,14.8,14.6,13.8,12.1,11.4,2022101765,2026.8.26,美浦,サトノダイヤモンド,ルージュノアール,ビジュピコ,チャンピオンズファーム,,
美浦,D,左,20260826,水,6:01,マルディランダ,,牡,6,2400,金成貴史,,,,,84.5,67.5,52.4,37.5,23.3,11.1,,,,17.0,15.1,14.9,14.2,12.2,11.1,2020103063,2026.8.26,美浦,イスラボニータ,マルバイユ,社台レースホース,社台ファーム,,
美浦,D,左,20260826,水,6:01,ユキマル,,牡,6,2190,尾形和幸,,,,,85.3,68.4,53.1,37.7,23.4,11.3,,,,16.9,15.3,15.4,14.3,12.1,11.3,2020101174,2026.8.26,美浦,グレーターロンドン,キニナルーイ,高橋文男,船越伸也,,
美浦,D,左,20260826,水,6:01,ルシェロアズーリ,,牝,4,400,鈴木伸尋,,,,,86.4,68.9,53.9,38.9,24.5,11.6,,,,17.5,15.0,15.0,14.4,12.9,11.6,2022105996,2026.8.26,美浦,ノーブルミッション,アドマイヤラック,米山晴敏,秋田牧場,,
美浦,D,左,20260826,水,6:01,ローズブーケ,,牝,3,400,鈴木伸尋,,,,,86.1,68.5,53.5,38.6,24.3,11.6,,,,17.6,15.0,14.9,14.3,12.7,11.6,2023100453,2026.8.26,美浦,アジアエクスプレス,ドンプリムローズ,ターフ・スポート,米田牧場,,
美浦,D,左,20260826,水,6:01,ワンキャンパス,,牝,2,未出走,深山雅史,,,,,83.1,66.8,52.4,38.8,25.1,12.4,,,,16.3,14.4,13.6,13.7,12.7,12.4,2024102770,2026.8.26,美浦,ビッグアーサー,ヒイナヅキ,由井健太郎,ヒダカフアーム,,
美浦,D,左,20260826,水,6:02,アンプイットアップ,,牡,3,400,岩戸孝樹,,,,,83.0,66.7,51.5,36.8,23.5,11.3,,,,16.3,15.2,14.7,13.3,12.2,11.3,2023101146,2026.8.26,美浦,ディスクリートキャット,ハウリング,ゴドルフィン,ダーレー・ジャパン・ファーム,,
美浦,D,左,20260826,水,6:02,イナズマハッチ,,牝,2,未出走,矢野英一,,,,,82.9,66.9,53.0,38.8,24.8,12.1,,,,16.0,13.9,14.2,14.0,12.7,12.1,2024102071,2026.8.26,美浦,ヴァンゴッホ,カッパツハッチ,ターフ・スポート,中島牧場,,
美浦,D,左,20260826,水,6:02,エーオーキング,,牡,4,900,久保田貴,,,,,84.1,67.8,52.4,37.8,23.9,11.7,,,,16.3,15.4,14.6,13.9,12.2,11.7,2022102738,2026.8.26,美浦,リアルスティール,テイコフトウショウ,ネクストトライ,杵臼牧場,,
美浦,D,左,20260826,水,6:02,オルトパラティウム,,牡,5,900,金成貴史,,,,,86.8,68.7,52.8,38.2,24.0,11.5,,,,18.1,15.9,14.6,14.2,12.5,11.5,2021105056,2026.8.26,美浦,エピファネイア,ザレマ,社台レースホース,社台ファーム,,
美浦,D,左,20260826,水,6:02,コスモシグルン,,牝,3,0,畠山吉宏,,,,,83.1,67.1,51.9,37.4,23.8,11.8,,,,16.0,15.2,14.5,13.6,12.0,11.8,2023101040,2026.8.26,美浦,ベンバトル,シンボリバーグ,ビッグレッドファーム,シンボリ牧場,,
美浦,D,左,20260826,水,6:02,サクセスカラー,,牝,5,900,久保田貴,,,,,81.6,65.7,51.7,37.9,24.3,11.9,,,,15.9,14.0,13.8,13.6,12.4,11.9,2021104200,2026.8.26,美浦,ロジャーバローズ,レインオンザデューン,柴田実千代,飛野牧場,,
美浦,D,左,20260826,水,6:02,サングラント,,牡,3,0,金成貴史,,,,,85.1,67.5,51.4,37.2,23.6,11.3,,,,17.6,16.1,14.2,13.6,12.3,11.3,2023106956,2026.8.26,美浦,ルヴァンスレーヴ,カールファターレ,野田努,ノーザンファーム,,
美浦,D,左,20260826,水,6:02,シグムンド,,牡,5,900,岩戸孝樹,,,,,82.0,65.6,50.4,36.6,23.4,11.3,,,,16.4,15.2,13.8,13.2,12.1,11.3,2021106353,2026.8.26,美浦,アポロキングダム,アポロプリンセス,田頭勇貴,タニグチ牧場,,
美浦,D,左,20260826,水,6:02,シーラーステート,,牡,2,未出走,室井潔,,,,,83.7,67.4,52.6,37.3,23.5,11.5,,,,16.3,14.8,15.3,13.8,12.0,11.5,2024100676,2026.8.26,美浦,シルバーステート,ナシーラー,ゴドルフィン,ダーレー・ジャパン・ファーム,,
美浦,D,左,20260826,水,6:02,スマートブル,,牡,4,400,室井潔,,,,,84.8,68.6,53.4,38.0,23.8,11.6,,,,16.2,15.2,15.4,14.2,12.2,11.6,2022100497,2026.8.26,美浦,オーヴァルエース,エコロシンフォニー,"CHEVAL ATTACHE",小河豊水,,
美浦,D,左,20260826,水,6:02,ソウラスフロス,,牡,2,未出走,金成貴史,,,,,85.8,68.2,52.3,37.9,24.0,11.5,,,,17.6,15.9,14.4,13.9,12.5,11.5,2024102190,2026.8.26,美浦,フォーウィールドライブ,ランクリッツ,尾上寿夫,松田牧場,,
美浦,D,左,20260826,水,6:02,ソナタムーンライト,,牡,3,0,堀内岳志,,,,,87.6,70.8,55.2,39.3,24.4,11.6,,,,16.8,15.6,15.9,14.9,12.8,11.6,2023105717,2026.8.26,美浦,ハービンジャー,ハーモニクス,松本智,木村牧場,,
美浦,D,左,20260826,水,6:02,ニシノトマラナイ,,セ,3,0,矢野英一,,,,,80.5,64.7,51.4,38.4,24.7,12.1,,,,15.8,13.3,13.0,13.7,12.6,12.1,2023106272,2026.8.26,美浦,ドレフォン,ニシノウララ,西山茂行,村上欽哉,,
美浦,D,左,20260826,水,6:02,ピクシーブラスト,,牝,2,未出走,岩戸孝樹,,,,,82.5,66.6,51.5,37.2,23.6,11.5,,,,15.9,15.1,14.3,13.6,12.1,11.5,2024103245,2026.8.26,美浦,シスキン,クリスプウインド,田頭勇貴,大栄牧場,,
美浦,D,左,20260826,水,6:02,ファンタジーゲーム,,牝,2,未出走,矢野英一,,,,,83.0,67.2,53.3,39.1,25.0,12.4,,,,15.8,13.9,14.2,14.1,12.6,12.4,2024105940,2026.8.26,美浦,ロゴタイプ,ダノンフローラ,グリーンファーム,社台ファーム,,
美浦,D,左,20260826,水,6:02,ホットゥトロット,,牡,3,400,堀内岳志,,,,,88.0,71.0,55.4,39.5,24.5,11.5,,,,17.0,15.6,15.9,15.0,13.0,11.5,2023106325,2026.8.26,美浦,インディチャンプ,カトルラポール,豊井義次,浜本牧場,,
美浦,D,左,20260826,水,6:02,ポッドロワール,,牡,4,1500,畠山吉宏,,,,,80.1,64.2,49.9,36.6,23.3,11.5,,,,15.9,14.3,13.3,13.3,11.8,11.5,2022101573,2026.8.26,美浦,レイデオロ,レディヴァルール,小川眞査雄,スマイルファーム,,
美浦,D,左,20260826,水,6:02,ヤマメホープ,,牡,3,0,久保田貴,,,,,84.5,68.2,53.0,38.0,24.1,11.7,,,,16.3,15.2,15.0,13.9,12.4,11.7,2023103075,2026.8.26,美浦,コントレイル,レガリニ,越村哲男,畠山牧場,,
美浦,D,左,20260826,水,6:02,ヨドノタイヨウ,,牡,4,450,室井潔,,,,,85.5,68.9,53.8,38.3,23.9,11.5,,,,16.6,15.1,15.5,14.4,12.4,11.5,2022100348,2026.8.26,美浦,ミッキーロケット,ストロベリーハーツ,海原聖一,林農場,,
美浦,D,左,20260826,水,6:02,ラベンダーヘイズ,,牡,3,400,岩戸孝樹,,,,,83.0,66.5,51.2,37.3,23.6,11.3,,,,16.5,15.3,13.9,13.7,12.3,11.3,2023106162,2026.8.26,美浦,パドトロワ,ラベンダーメモリー,田頭勇貴,中脇栄,,
美浦,D,左,20260826,水,6:02,リラベガ,,牝,3,400,岩戸孝樹,,,,,82.9,66.9,51.8,37.5,23.8,11.6,,,,16.0,15.1,14.3,13.7,12.2,11.6,2023106372,2026.8.26,美浦,タリスマニック,パティシエール,川崎賢二,パカパカファーム,,
美浦,D,左,20260826,水,6:03,アグネスブリッツ,,牝,3,0,和田勇介,,,,,86.6,70.2,54.6,39.2,24.7,11.8,,,,16.4,15.6,15.4,14.5,12.9,11.8,2023102143,2026.8.26,美浦,フォーウィールドライブ,アグネスフェアリー,渡辺公美子,富田牧場,,
美浦,D,左,20260826,水,6:03,アテナプロマコス,,牝,2,未出走,和田勇介,,,,,84.4,68.7,53.9,38.3,24.2,11.5,,,,15.7,14.8,15.6,14.1,12.7,11.5,2024100670,2026.8.26,美浦,ジャスタウェイ,ディスタントゴッデス,ゴドルフィン,ダーレー・ジャパン・ファーム,,
美浦,D,左,20260826,水,6:03,イカルステソーロ,,牡,2,0,武市康男,,,,,84.8,68.5,54.1,39.9,25.2,11.7,,,,16.3,14.4,14.2,14.7,13.5,11.7,2024101291,2026.8.26,美浦,フィエールマン,ライトファンタスティック,了徳寺健二ホールディングス,リョーケンファーム,,
美浦,D,左,20260826,水,6:03,イベリスアマラ,,牡,3,0,高橋文雅,,,,,87.0,69.0,53.5,38.3,24.2,11.7,,,,18.0,15.5,15.2,14.1,12.5,11.7,2023106870,2026.8.26,美浦,オルフェーヴル,イベリスリーフ,サンデーレーシング,ノーザンファーム,,
美浦,D,左,20260826,水,6:03,エリュグレイス,,牝,3,0,和田勇介,,,,,86.2,69.8,54.5,38.9,24.5,11.8,,,,16.4,15.3,15.6,14.4,12.7,11.8,2023103467,2026.8.26,美浦,エピファネイア,ダイワクンナナ,吉本雄二,社台ファーム,,
美浦,D,左,20260826,水,6:03,ケンキョ,,牡,6,900,高橋文雅,,,,,86.4,68.4,52.9,37.7,23.7,11.4,,,,18.0,15.5,15.2,14.0,12.3,11.4,2020105949,2026.8.26,美浦,ダノンレジェンド,ブライアンズイブ,佐久間拓士,村上欽哉,,
美浦,D,左,20260826,水,6:03,サトノパトリオット,,セ,4,1500,木村哲也,,,,,85.2,69.8,54.5,39.6,25.1,11.7,,,,15.4,15.3,14.9,14.5,13.4,11.7,2022104907,2026.8.26,美浦,レイデオロ,ティファニーズオナー,里見治,ノーザンファーム,,
美浦,D,左,20260826,水,6:03,セブンメデュラス,,セ,4,400,木村哲也,,,,,85.9,70.1,54.9,40.0,25.5,11.9,,,,15.8,15.2,14.9,14.5,13.6,11.9,2022105035,2026.8.26,美浦,ドレフォン,ベルエポック,前迫義幸,ノーザンファーム,,
美浦,D,左,20260826,水,6:03,トラマンダーレ,,セ,6,1500,浅利英明,,,,,86.6,69.0,53.6,38.9,24.9,12.1,,,,17.6,15.4,14.7,14.0,12.8,12.1,2020103486,2026.8.26,美浦,ドゥラメンテ,テルアケリー,シルクレーシング,ノーザンファーム,,
美浦,D,左,20260826,水,6:03,ホウオウビリーヴ,,牡,2,0,木村哲也,,,,,85.7,70.0,54.7,39.8,25.3,11.9,,,,15.7,15.3,14.9,14.5,13.4,11.9,2024106585,2026.8.26,美浦,インディチャンプ,ベルアリュール2,小笹芳央,ノーザンファーム,,
美浦,D,左,20260826,水,6:03,マイネルリーヒム,,牡,3,400,武市康男,,,,,85.4,69.2,54.8,40.0,25.1,11.9,,,,16.2,14.4,14.8,14.9,13.2,11.9,2023104485,2026.8.26,美浦,ゴールドシップ,ゲハイムローゼ,サラブレッドクラブ・ラフィアン,ブルースターズファーム,,
美浦,D,左,20260826,水,6:03,ミッドセンチュリー,,牡,4,400,松山将樹,,,,,87.0,69.2,53.6,38.9,24.5,12.0,,,,17.8,15.6,14.7,14.4,12.5,12.0,2022103308,2026.8.26,美浦,トゥザグローリー,アウグスタ,ミルファーム,ミルファーム,,
美浦,D,左,20260826,水,6:04,アバレリュウ,,牡,4,400,鈴木慎太,,,,,83.9,67.2,52.8,38.4,24.4,12.1,,,,16.7,14.4,14.4,14.0,12.3,12.1,2022100390,2026.8.26,美浦,マクフィ,ラブリースター,長谷川光司,ヒダカフアーム,,
美浦,D,左,20260826,水,6:04,ボールドタワー,,牡,3,400,鈴木慎太,,,,,83.1,67.1,52.8,38.4,24.3,12.1,,,,16.0,14.3,14.4,14.1,12.2,12.1,2023103016,2026.8.26,美浦,タワーオブロンドン,アキノバレリーナ,増田陽一,西村牧場,,
美浦,D,左,20260826,水,6:04,マックアルイーン,,牡,4,1500,秋本大介,,,,,83.8,66.6,51.4,36.7,22.8,10.9,,,,17.2,15.2,14.7,13.9,11.9,10.9,2022110014,2026.8.26,美浦,"Blue Point",Euthenia,キャロットファーム,"Knocktartan House Stud",,
美浦,D,左,20260826,水,6:05,アストリル,,牝,3,900,鈴木慎太,,,,,80.4,64.9,50.6,36.6,23.2,11.3,,,,15.5,14.3,14.0,13.4,11.9,11.3,2023101591,2026.8.26,美浦,デクラレーションオブウォー,ラブミーリル,辻子依旦,ヤナガワ牧場,,
美浦,D,左,20260826,水,6:05,ソードスレイプニル,,牝,3,400,鈴木慎太,,,,,80.8,65.3,50.9,36.9,23.4,11.4,,,,15.5,14.4,14.0,13.5,12.0,11.4,2023103942,2026.8.26,美浦,インディチャンプ,ゴールドエンジェル,犬飼優,安達牧場,,
美浦,D,左,20260826,水,6:05,マサノピンクレディ,,牝,3,400,小笠倫弘,,,,,84.2,67.1,52.0,37.9,24.3,11.7,,,,17.1,15.1,14.1,13.6,12.6,11.7,2023103006,2026.8.26,美浦,ダノンレジェンド,モエレピンクダイヤ,中村時子,中田浩美,,
美浦,D,左,20260826,水,6:05,メイリー,,牝,4,400,鈴木慎太,,,,,86.9,69.3,53.8,39.0,25.1,12.2,,,,17.6,15.5,14.8,13.9,12.9,12.2,2022106741,2026.8.26,美浦,タワーオブロンドン,レイロー,フクキタル,パカパカファーム,,
美浦,D,左,20260826,水,6:05,ユキノグラス,,牡,3,400,小笠倫弘,,,,,84.2,67.1,52.2,38.0,24.4,11.7,,,,17.1,14.9,14.2,13.6,12.7,11.7,2023102646,2026.8.26,美浦,サンダースノー,ウォーターメアヌイ,半澤次郎,サカイファーム,,
美浦,D,左,20260826,水,6:05,リメンバーシドニー,,牝,3,0,的場均,,,,,85.9,69.0,53.9,39.5,25.2,12.3,,,,16.9,15.1,14.4,14.3,12.9,12.3,2023107512,2026.8.26,美浦,Zoustar,Dulverton,岡浩二,"Qatar Bloodstock Ltd",,
美浦,D,左,20260826,水,6:06,プルシャプラ,,牡,4,400,池上昌和,,,,,83.8,68.2,53.2,38.6,24.6,12.1,,,,15.6,15.0,14.6,14.0,12.5,12.1,2022100582,2026.8.26,美浦,エスポワールシチー,シャプレドサクレ,関田光男,木下牧場,,
美浦,D,左,20260826,水,6:06,レプレセンタル,,牡,3,0,池上昌和,,,,,87.0,70.7,55.5,40.9,26.6,12.7,,,,16.3,15.2,14.6,14.3,13.9,12.7,2023103624,2026.8.26,美浦,ジャスタウェイ,サクレディーヴァ,ノースヒルズ,アスラン,,
美浦,D,左,20260826,水,6:07,テイキットイージー,,牡,5,400,萱野浩二,,,,,85.2,67.6,52.7,38.2,24.4,11.7,,,,17.6,14.9,14.5,13.8,12.7,11.7,2021101088,2026.8.26,美浦,ゴールドシップ,コスモマイルール,ビッグレッドファーム,荒井ファーム,,
美浦,D,左,20260826,水,6:07,ニシノゲッパク,,牝,3,0,伊藤伸一,,,,,87.9,69.7,53.8,38.7,24.6,11.9,,,,18.2,15.9,15.1,14.1,12.7,11.9,2023106259,2026.8.26,美浦,セイウンコウセイ,ニシノビアンカ,西山茂行,フクオカファーム,,
美浦,D,左,20260826,水,6:07,モチロンコクラ,,牝,2,未出走,伊藤伸一,,,,,87.8,69.6,53.7,38.7,24.6,11.9,,,,18.2,15.9,15.0,14.1,12.7,11.9,2024104659,2026.8.26,美浦,ホークビル,ピカンチラヴ,西村新一郎,田原橋本牧場,,
美浦,D,左,20260826,水,6:10,フロックコート,,牡,2,未出走,牧光二,,,,,,,52.3,37.7,24.0,11.8,,,,,,14.6,13.7,12.2,11.8,2024101000,2026.8.26,美浦,アルバート,ハナソメイ,林瑛子,藤本ファーム,,
美浦,D,左,20260826,水,6:10,ブルージャイアント,,牡,4,400,蛯名正義,,,,,85.3,69.7,54.2,39.7,25.7,12.8,,,,15.6,15.5,14.5,14.0,12.9,12.8,2022101450,2026.8.26,美浦,サンダースノー,ブルーチッパー,青山洋一,下河辺牧場,,
美浦,D,左,20260826,水,6:10,レッドモンレーヴ,,牡,7,11150,蛯名正義,,,,,82.7,66.5,51.2,37.0,23.6,11.3,,,,16.2,15.3,14.2,13.4,12.3,11.3,2019105496,2026.8.26,美浦,ロードカナロア,ラストグルーヴ,東京ホースレーシング,ノーザンファーム,,
美浦,D,左,20260826,水,6:10,ワンコール,,牝,2,0,牧光二,,,,,,,52.8,38.0,24.1,11.9,,,,,,14.8,13.9,12.2,11.9,2024106974,2026.8.26,美浦,ルーラーシップ,ウィズエモーション,平田修,社台コーポレーション白老ファーム,,
美浦,D,左,20260826,水,6:12,ダイヒョウカーク,,牡,3,0,松山将樹,,,,,85.8,68.1,52.3,37.9,24.0,11.6,,,,17.7,15.8,14.4,13.9,12.4,11.6,2023105465,2026.8.26,美浦,ダンカーク,クィーンパレット,井上久光,サンバマウンテンファーム,,
美浦,D,左,20260826,水,6:12,ニシノコマチムスメ,,牝,5,400,松山将樹,,,,,84.8,67.5,51.8,37.7,23.9,11.6,,,,17.3,15.7,14.1,13.8,12.3,11.6,2021107253,2026.8.26,美浦,ルーラーシップ,ニシノハナムスメ,西山茂行,西山牧場,,
美浦,D,左,20260826,水,6:12,ハクサンミレイ,,牝,3,0,松山将樹,,,,,86.3,68.6,52.9,38.4,24.2,11.6,,,,17.7,15.7,14.5,14.2,12.6,11.6,2023105691,2026.8.26,美浦,シルポート,アクロスザシャイン,河崎五市,中村雅明,,
美浦,D,左,20260826,水,6:14,アイムインディ,,牝,3,400,蛯名正義,,,,,90.2,72.0,55.6,39.8,25.3,12.1,,,,18.2,16.4,15.8,14.5,13.2,12.1,2023105263,2026.8.26,美浦,インディチャンプ,アイムユアーズ2,山本又一郎,ノーザンファーム,,
美浦,D,左,20260826,水,6:14,グランマエストロ,,牡,3,0,木村哲也,,,,,84.5,67.2,52.0,37.3,23.4,11.3,,,,17.3,15.2,14.7,13.9,12.1,11.3,2023106986,2026.8.26,美浦,エピファネイア,グランアレグリア,サンデーレーシング,ノーザンファーム,,
美浦,D,左,20260826,水,6:14,サードアイ,,牡,2,未出走,蛯名正義,,,,,85.6,69.8,54.5,39.3,24.6,11.6,,,,15.8,15.3,15.2,14.7,13.0,11.6,2024107366,2026.8.26,美浦,マジェスティックウォリアー,ストームハート,広尾レース,ヴェルサイユファーム,,
美浦,D,左,20260826,水,6:14,マスターソアラ,,牝,3,400,蛯名正義,,,,,84.5,69.0,53.8,38.8,24.2,11.5,,,,15.5,15.2,15.0,14.6,12.7,11.5,2023106810,2026.8.26,美浦,シスキン,マスターワーク,インゼルレーシング,社台コーポレーション白老ファーム,,
美浦,D,左,20260826,水,6:15,イサチルサリーレ,,牡,2,0,竹内正洋,,,,,87.1,68.9,53.6,38.8,24.7,12.2,,,,18.2,15.3,14.8,14.1,12.5,12.2,2024102434,2026.8.26,美浦,サリオス,ファンシャン,小坂功,エムエム、ヤマダファーム,,
美浦,D,左,20260826,水,6:15,ゴールドエンバー,,牡,3,0,竹内正洋,,,,,86.9,68.3,53.3,39.0,24.9,12.0,,,,18.6,15.0,14.3,14.1,12.9,12.0,2023102333,2026.8.26,美浦,バゴ,スカイノーヴァ,菅井牧場,ウエスタンファーム,,
美浦,D,左,20260826,水,6:15,ソットマツモト,,牝,2,未出走,竹内正洋,,,,,83.9,66.1,51.2,37.7,24.0,11.7,,,,17.8,14.9,13.5,13.7,12.3,11.7,2024102650,2026.8.26,美浦,ヴァンゴッホ,ヴェルメリオ,由井健太郎,大北牧場,,
美浦,D,左,20260826,水,6:15,トラスコンガーデン,,牝,3,900,竹内正洋,,,,,84.1,66.5,51.6,37.6,23.9,11.7,,,,17.6,14.9,14.0,13.7,12.2,11.7,2023100935,2026.8.26,美浦,ダノンスマッシュ,ジャルディナージュ,由井健太郎,下河辺牧場,,
美浦,D,左,20260826,水,6:15,ニシノドリーマー,,牝,2,未出走,竹内正洋,,,,,85.9,67.9,52.7,38.3,24.3,12.0,,,,18.0,15.2,14.4,14.0,12.3,12.0,2024105198,2026.8.26,美浦,ゴールドドリーム,モクレン,西山茂行,折手牧場,,
美浦,D,左,20260826,水,6:15,バイオレットアレー,,牝,2,未出走,竹内正洋,,,,,86.0,67.9,53.0,38.7,24.9,12.2,,,,18.1,14.9,14.3,13.8,12.7,12.2,2024107183,2026.8.26,美浦,ルーラーシップ,フロレットアレー,社台レースホース,社台コーポレーション白老ファーム,,
美浦,D,左,20260826,水,6:17,オクトーバーナイン,,牡,3,900,稲垣幸雄,,,,,85.7,68.0,52.9,37.7,23.3,11.1,,,,17.7,15.1,15.2,14.4,12.2,11.1,2023103962,2026.8.26,美浦,コパノリッキー,アロゴ,ライフエンタープライズ,石田牧場,,
美浦,D,左,20260826,水,6:17,ロードフロリゼル,,牡,4,400,稲垣幸雄,,,,,86.1,68.4,53.2,38.5,24.2,11.9,,,,17.7,15.2,14.7,14.3,12.3,11.9,2022100621,2026.8.26,美浦,リオンディーズ,エンジェリックレイ,ロードホースクラブ,ケイアイファーム,,
美浦,D,左,20260826,水,6:18,グロッシェン,,牡,5,1500,手塚貴徳,,,,,81.5,66.0,51.5,37.4,24.1,11.9,,,,15.5,14.5,14.1,13.3,12.2,11.9,2021104844,2026.8.26,美浦,ニューイヤーズデイ,キャットコイン,社台レースホース,社台コーポレーション白老ファーム,,
美浦,D,左,20260826,水,6:48,イノキ,,牡,4,900,岩戸孝樹,,,,,84.5,67.9,52.8,37.8,23.9,11.3,,,,16.6,15.1,15.0,13.9,12.6,11.3,2022100757,2026.8.26,美浦,ミスターメロディ,コイクレナイ,小菅誠,築紫洋,,
美浦,D,左,20260826,水,6:48,ソウカイウォーリア,,牡,2,0,尾関知人,,,,,82.7,66.6,51.6,37.2,24.1,11.9,,,,16.1,15.0,14.4,13.1,12.2,11.9,2024104658,2026.8.26,美浦,グローリーヴェイズ,バイブレイションズ,大脇佑樹,田原橋本牧場,,
美浦,D,左,20260826,水,6:48,ドゥレッツァ,,牡,6,23750,尾関知人,,,,,80.9,65.5,50.9,36.3,22.9,11.1,,,,15.4,14.6,14.6,13.4,11.8,11.1,2020103650,2026.8.26,美浦,ドゥラメンテ,モアザンセイクリッド,キャロットファーム,ノーザンファーム,,
美浦,D,左,20260826,水,6:48,フォルテアンジェロ,,牡,3,1800,上原佑紀,,,,,81.3,65.6,50.7,35.7,22.8,11.1,,,,15.7,14.9,15.0,12.9,11.7,11.1,2023107345,2026.8.26,美浦,フィエールマン,レディアンジェラ,シルクレーシング,ノーザンファーム,,
美浦,D,左,20260826,水,6:48,フレイムジョーカー,,牡,7,480,岩戸孝樹,,,,,83.2,68.5,53.3,38.4,24.1,11.4,,,,14.7,15.2,14.9,14.3,12.7,11.4,2019105745,2026.8.26,美浦,ロージズインメイ,オヒア,ノルマンディーサラブレッドレーシング,岡田スタツド,,
美浦,D,左,20260826,水,6:48,モナコブル,,牡,5,900,岩戸孝樹,,,,,83.2,67.7,53.1,38.2,24.1,11.6,,,,15.5,14.6,14.9,14.1,12.5,11.6,2021109096,2026.8.26,美浦,ニューイヤーズデイ,メイチャリティ,千明牧場,千明牧場,,
美浦,D,左,20260826,水,6:48,ラブトゥエニイワン,,牡,3,0,尾関知人,,,,,81.9,65.9,51.2,36.9,23.8,11.7,,,,16.0,14.7,14.3,13.1,12.1,11.7,2023106827,2026.8.26,美浦,ロードカナロア,アカノニジュウイチ,岩切企画,ノーザンファーム,,
美浦,D,左,20260826,水,6:48,リアライズオーラム,,セ,4,400,上原佑紀,,,,,82.0,66.2,51.1,36.1,23.1,11.2,,,,15.8,15.1,15.0,13.0,11.9,11.2,2022105773,2026.8.26,美浦,オルフェーヴル,オリヒメ,今福洋介,社台コーポレーション白老ファーム,,
美浦,D,左,20260826,水,6:48,リッツパーティー,,牡,3,900,岩戸孝樹,,,,,83.6,68.1,53.3,38.4,24.3,11.7,,,,15.5,14.8,14.9,14.1,12.6,11.7,2023104224,2026.8.26,美浦,ミッキーロケット,ハッピーパーティー,田頭勇貴,大作ステーブル,,
美浦,D,左,20260826,水,6:48,ルールオーヴァー,,牡,3,0,尾関知人,,,,,83.3,67.1,52.0,37.4,24.0,11.7,,,,16.2,15.1,14.6,13.4,12.3,11.7,2023101886,2026.8.26,美浦,ルーラーシップ,ハートオブスワロー,ノルマンディーサラブレッドレーシング,村下農場,,
美浦,D,左,20260826,水,6:48,レインボーワールド,,牝,3,0,畠山吉宏,,,,,83.9,67.8,52.8,38.3,24.8,11.7,,,,16.1,15.0,14.5,13.5,13.1,11.7,2023100891,2026.8.26,美浦,トゥザワールド,デヴァター,福田光博,鹿戸和幸,,
美浦,D,左,20260826,水,6:49,アルシャンティ,,牝,4,100,室井潔,,,,,84.5,69.2,54.0,38.8,24.3,11.5,,,,15.3,15.2,15.2,14.5,12.8,11.5,2022102978,2026.8.26,美浦,バゴ,スリーベラミ,辻牧場,辻牧場,,
美浦,D,左,20260826,水,6:49,イブニングタイド,,牝,4,900,林徹,,,,,83.0,66.9,51.9,37.6,23.5,11.2,,,,16.1,15.0,14.3,14.1,12.3,11.2,2022105232,2026.8.26,美浦,ドゥラメンテ,イブニングジュエル,吉田千津,社台ファーム,,
美浦,D,左,20260826,水,6:49,ウマッター,,牝,2,未出走,加藤和宏,,,,,83.7,67.3,53.2,38.8,25.3,12.5,,,,16.4,14.1,14.4,13.5,12.8,12.5,2024103928,2026.8.26,美浦,カレンブラックヒル,ジェットフォイル,大田恭充,メイタイファーム,,
美浦,D,左,20260826,水,6:49,ウモラダエピカ,,牝,3,未出走,林徹,,,,,83.8,67.2,52.4,38.0,23.9,11.2,,,,16.6,14.8,14.4,14.1,12.7,11.2,2023106891,2026.8.26,美浦,"American Pharoah",ウモラダネグラ,ライオンレースホース,ノーザンファーム,,
美浦,D,左,20260826,水,6:49,オストラヴァ,,牡,4,1500,林徹,,,,,81.7,65.6,50.8,37.0,23.5,11.2,,,,16.1,14.8,13.8,13.5,12.3,11.2,2022105456,2026.8.26,美浦,スクリーンヒーロー,ピュアコンチェルト,村野慎之介,社台ファーム,,
美浦,D,左,20260826,水,6:49,カレンデュラ,,牝,3,900,室井潔,,,,,83.9,68.9,53.7,38.5,24.2,11.5,,,,15.0,15.2,15.2,14.3,12.7,11.5,2023106613,2026.8.26,美浦,アルアイン,オフェーリアシチー,ミルファーム,松田牧場,,
美浦,D,左,20260826,水,6:49,ガードオブオナー,,牡,3,0,林徹,,,,,84.4,67.7,52.8,38.3,24.2,11.4,,,,16.7,14.9,14.5,14.1,12.8,11.4,2023107327,2026.8.26,美浦,サトノダイヤモンド,ルミナスパレード,サンデーレーシング,ノーザンファーム,,
美浦,D,左,20260826,水,6:49,ゴンファロニエーレ,,牡,3,400,田中博康,,,,,83.3,67.6,52.8,38.4,24.4,11.8,,,,15.7,14.8,14.4,14.0,12.6,11.8,2023107093,2026.8.26,美浦,エピファネイア,タッチングスピーチ,サンデーレーシング,ノーザンファーム,,
美浦,D,左,20260826,水,6:49,サザンウォリアー,,牡,3,670,加藤和宏,,,,,84.5,68.0,53.6,39.1,25.5,12.6,,,,16.5,14.4,14.5,13.6,12.9,12.6,2023101542,2026.8.26,美浦,マジェスティックウォリアー,プラティーヌ,サザンホールディング,門別尚省,,
美浦,D,左,20260826,水,6:49,シーギリヤロック,,牡,3,400,田中博康,,,,,83.7,67.8,53.0,38.5,24.4,11.7,,,,15.9,14.8,14.5,14.1,12.7,11.7,2023107317,2026.8.26,美浦,リオンディーズ,リラヴァティ,キャロットファーム,ノーザンファーム,,
美浦,D,左,20260826,水,6:49,ジッピーチューン,,牝,3,1150,林徹,,,,,83.0,66.2,51.5,36.9,22.8,11.0,,,,16.8,14.7,14.6,14.1,11.8,11.0,2023103434,2026.8.26,美浦,ロードカナロア,ジペッサ,吉田照哉,社台ファーム,,
美浦,D,左,20260826,水,6:49,タッセルノット,,牝,3,400,林徹,,,,,83.3,66.6,51.7,37.0,23.0,11.0,,,,16.7,14.9,14.7,14.0,12.0,11.0,2023107121,2026.8.26,美浦,キズナ,ディアンドル,シルクレーシング,ノーザンファーム,,
美浦,D,左,20260826,水,6:49,ドーンオブホープ,,牡,2,未出走,伊藤圭三,,,,,85.6,69.4,54.2,38.9,24.4,11.5,,,,16.2,15.2,15.3,14.5,12.9,11.5,2024107184,2026.8.26,美浦,ニューイヤーズデイ,フーラブライド,社台レースホース,社台コーポレーション白老ファーム,,
美浦,D,左,20260826,水,6:49,ピグマリオン,,牡,3,0,室井潔,,,,,85.5,69.9,54.8,39.5,25.0,12.0,,,,15.6,15.1,15.3,14.5,13.0,12.0,2023101391,2026.8.26,美浦,アメリカンペイトリオット,ヒカルマナムスメ,ミルファーム,船越牧場,,
美浦,D,左,20260826,水,6:49,ホウフクゼットウ,,牡,2,未出走,加藤和宏,,,,,84.9,68.3,53.9,39.4,25.9,13.0,,,,16.6,14.4,14.5,13.5,12.9,13.0,2024104571,2026.8.26,美浦,アルアイン,ブルーグラスソング,阿部憲三,タイヘイ牧場,,
美浦,D,左,20260826,水,6:49,ポッドビート,,牡,2,未出走,伊藤圭三,,,,,84.1,68.6,53.7,38.6,24.0,11.4,,,,15.5,14.9,15.1,14.6,12.6,11.4,2024108315,2026.8.26,美浦,Nashville,"Kiss Me",小川眞査雄,"TFVM Farm LLC",,
美浦,D,左,20260826,水,6:49,ラディアントスター,,牡,3,900,林徹,,,,,82.3,66.4,51.5,37.4,23.3,11.2,,,,15.9,14.9,14.1,14.1,12.1,11.2,2023107250,2026.8.26,美浦,サトノアラジン,ミスエリカ,保坂和孝,ノーザンファーム,,
美浦,D,左,20260826,水,6:50,カイトグート,,牝,5,400,和田雄二,,,,,81.5,65.2,51.1,37.1,24.0,11.5,,,,16.3,14.1,14.0,13.1,12.5,11.5,2021106308,2026.8.26,美浦,キズナ,マリブウィン,本田恒雄,須崎牧場,,
美浦,D,左,20260826,水,6:50,ゴーゼンチュー,,牝,2,0,和田雄二,,,,,82.7,66.1,52.2,38.1,24.4,12.2,,,,16.6,13.9,14.1,13.7,12.2,12.2,2024104289,2026.8.26,美浦,グレーターロンドン,アンプリペアード,Mr.ホース,木村秀則,,
美浦,D,左,20260826,水,6:50,シクラメン,,牝,2,未出走,和田雄二,,,,,81.1,65.0,51.3,37.5,24.4,12.3,,,,16.1,13.7,13.8,13.1,12.1,12.3,2024100322,2026.8.26,美浦,グレーターロンドン,ネイキッドロマンス,本田恒雄,グッドラック・ファーム,,
美浦,D,左,20260826,水,6:50,スノーリン,,セ,4,0,和田雄二,,,,,83.2,66.6,52.5,38.8,25.4,12.6,,,,16.6,14.1,13.7,13.4,12.8,12.6,2022103588,2026.8.26,美浦,ノヴェリスト,レットイットスノー,榊原浩一,岡田スタツド,,
美浦,D,左,20260826,水,6:50,スピンザブラッド,,牡,5,630,平岩大典,,,,,86.1,68.5,52.6,37.6,23.8,11.4,,,,17.6,15.9,15.0,13.8,12.4,11.4,2021105244,2026.8.26,美浦,ブリックスアンドモルタル,マンハッタンセレブ,NICKS,社台ファーム,,
美浦,D,左,20260826,水,6:50,フォーグッド,,セ,7,400,平岩大典,,,,,85.7,67.9,52.4,37.7,23.9,11.6,,,,17.8,15.5,14.7,13.8,12.3,11.6,2019105076,2026.8.26,美浦,ディープインパクト,ウィキッドリーパーフェクト,江馬由将,ノーザンファーム,,
美浦,D,左,20260826,水,6:50,ヴェーヌドール,,牡,4,400,平岩大典,,,,,85.4,67.6,52.4,37.5,24.0,11.7,,,,17.8,15.2,14.9,13.5,12.3,11.7,2022105708,2026.8.26,美浦,エピファネイア,チェルシークロイスターズ,G1レーシング,追分ファーム,,
美浦,D,左,20260826,水,6:52,トゥーザムーン,,牝,4,900,辻哲英,,,,,85.5,68.1,53.0,38.9,25.2,12.1,,,,17.4,15.1,14.1,13.7,13.1,12.1,2022102700,2026.8.26,美浦,"American Pharoah",ミチャチスインテンタ,辻子依旦,川越ファーム,,
美浦,D,左,20260826,水,6:52,ファンダム,,牡,4,3650,辻哲英,,,,,84.5,66.4,51.2,37.6,24.6,11.8,,,,18.1,15.2,13.6,13.0,12.8,11.8,2022105836,2026.8.26,美浦,サートゥルナーリア,ファナティック,キャロットファーム,社台コーポレーション白老ファーム,,
美浦,D,左,20260826,水,6:52,ベンヴェヌータ,,牝,3,900,辻哲英,,,,,84.6,66.7,51.6,37.9,24.7,11.8,,,,17.9,15.1,13.7,13.2,12.9,11.8,2023103446,2026.8.26,美浦,ロゴタイプ,スターズバース,加藤裕司,社台ファーム,,
美浦,D,左,20260826,水,6:53,ドリームコア,,牝,3,5800,田中博康,,,,,80.4,64.4,50.0,36.3,22.7,10.9,,,,16.0,14.4,13.7,13.6,11.8,10.9,2023107146,2026.8.26,美浦,キズナ,ノームコア,吉田勝己,ノーザンファーム,,
美浦,D,左,20260826,水,6:53,ノーウェアマン,,牡,3,400,浅利英明,,,,,85.4,68.3,53.4,38.3,24.4,11.8,,,,17.1,14.9,15.1,13.9,12.6,11.8,2023106694,2026.8.26,美浦,シルバーステート,サトノアスカ,安齋廣行,山田牧場,,
美浦,D,左,20260826,水,6:53,ペロ,,牡,5,400,浅利英明,,,,,84.6,68.0,53.0,38.1,24.2,11.8,,,,16.6,15.0,14.9,13.9,12.4,11.8,2021103283,2026.8.26,美浦,シルバーステート,ラッシュカッター,天野克彦,三嶋牧場,,
美浦,D,左,20260826,水,6:53,ホウオウファミリー,,牡,3,0,田中博康,,,,,81.2,65.2,50.7,36.8,23.2,11.1,,,,16.0,14.5,13.9,13.6,12.1,11.1,2023105322,2026.8.26,美浦,レイデオロ,ファシネートダイア,小笹芳央,ノーザンファーム,,
美浦,D,左,20260826,水,6:53,ヴァルキリーバース,,牝,4,3350,田中博康,,,,,80.9,64.9,50.4,36.5,23.0,11.0,,,,16.0,14.5,13.9,13.5,12.0,11.0,2022104764,2026.8.26,美浦,エピファネイア,グロリアーナ,サンデーレーシング,ノーザンファーム,,
美浦,D,左,20260826,水,6:54,アーバンシック,,牡,5,14400,武井亮,151.6,131.1,113.3,96.1,80.6,66.2,51.4,37.1,23.8,11.7,17.8,17.2,15.5,14.4,14.8,14.3,13.3,12.1,11.7,2021105436,2026.8.26,美浦,スワーヴリチャード,エッジースタイル,シルクレーシング,ノーザンファーム,,
美浦,D,左,20260826,水,6:54,ボウウィンドウ,,牝,4,900,武井亮,150.6,129.5,112.5,95.2,79.9,65.5,50.9,36.5,23.4,11.6,17.0,17.3,15.3,14.4,14.6,14.4,13.1,11.8,11.6,2022105002,2026.8.26,美浦,サートゥルナーリア,フローレスマジック,吉田和美,ノーザンファーム,,
美浦,D,左,20260826,水,6:54,ラパンラピッド,,セ,6,400,武井亮,153.1,132.6,114.3,97.1,81.6,67.2,52.5,38.1,24.4,11.9,18.3,17.2,15.5,14.4,14.7,14.4,13.7,12.5,11.9,2020102648,2026.8.26,美浦,ルーラーシップ,クードラパン,シルクレーシング,社台コーポレーション白老ファーム,,
美浦,D,左,20260826,水,6:57,ダーリングハースト,,牝,3,400,宮田敬介,,,,,,,52.9,37.0,23.3,11.2,,,,,,15.9,13.7,12.1,11.2,2023107179,2026.8.26,美浦,エピファネイア,フォエヴァーダーリング,サンデーレーシング,ノーザンファーム,,
美浦,D,左,20260826,水,6:57,フェーダーローター,,牝,3,400,天間昭一,,,,,88.6,71.6,56.1,41.1,26.2,12.8,,,,17.0,15.5,15.0,14.9,13.4,12.8,2023106484,2026.8.26,美浦,ベンバトル,リープフラウミルヒ,サラブレッドクラブ・ラフィアン,ビッグレッドファーム,,
美浦,D,左,20260826,水,6:57,ペルウィクトール,,牡,3,0,宮田敬介,,,,,,,52.1,35.9,22.7,10.9,,,,,,16.2,13.2,11.8,10.9,2023106886,2026.8.26,美浦,サートゥルナーリア,ウィクトーリア,シルクレーシング,ノーザンファーム,,
美浦,D,左,20260826,水,6:58,ウイニングレイ,,牝,2,0,戸田博文,,,,,83.8,66.6,52.1,38.2,24.7,11.9,,,,17.2,14.5,13.9,13.5,12.8,11.9,2024105882,2026.8.26,美浦,ウインブライト,シャーラレイ,吉田照哉,社台ファーム,,
美浦,D,左,20260826,水,6:58,ノーマジック,,牝,5,0,戸田博文,,,,,84.3,67.0,52.5,38.5,24.9,12.0,,,,17.3,14.5,14.0,13.6,12.9,12.0,2021101166,2026.8.26,美浦,ストロングリターン,ウインルキア,山岡重行,オリオンファーム,,
美浦,D,左,20260826,水,6:59,グラスアロー,,牡,3,0,菊川正達,,,,,87.5,69.6,53.9,38.9,24.5,11.8,,,,17.9,15.7,15.0,14.4,12.7,11.8,2023106351,2026.8.26,美浦,イスラボニータ,グラスルビー,半沢,松田牧場,,
美浦,D,左,20260826,水,6:59,シンボリサーブル,,牡,2,未出走,菊川正達,,,,,88.5,71.0,55.6,40.8,25.4,12.4,,,,17.5,15.4,14.8,15.4,13.0,12.4,2024102327,2026.8.26,美浦,マジェスティックウォリアー,イトククリ,シンボリ牧場,宮内牧場,,
美浦,D,左,20260826,水,6:59,ジェイエルキール,,牝,2,未出走,菊川正達,,,,,87.1,69.4,53.6,38.6,24.2,11.5,,,,17.7,15.8,15.0,14.4,12.7,11.5,2024100834,2026.8.26,美浦,ノーブルミッション,ホウライフリート,橋元幸人,ナカノファーム,,
美浦,D,左,20260826,水,6:59,ノーブルミステリー,,牝,6,400,菊川正達,,,,,86.5,68.9,53.4,38.5,24.0,11.6,,,,17.6,15.5,14.9,14.5,12.4,11.6,2020106429,2026.8.26,美浦,ディーマジェスティ,マウンテンミステリー,吉木伸彦,金成吉田牧場,,
美浦,D,左,20260826,水,6:59,ロールミケーレ,,牝,2,未出走,菊川正達,,,,,88.6,71.2,55.7,40.9,25.6,12.5,,,,17.4,15.5,14.8,15.3,13.1,12.5,2024106854,2026.8.26,美浦,"New Bay",トーセンリディア,島川隆哉,エスティファーム,,
美浦,D,左,20260826,水,7:01,フォーエバーブルー,,牝,2,0,杉浦宏昭,,,,,89.7,71.6,56.5,41.1,26.2,12.7,,,,18.1,15.1,15.4,14.9,13.5,12.7,2024104566,2026.8.26,美浦,リアルスティール,シェーネフラウ,菅井敦,タイヘイ牧場,,
美浦,D,左,20260826,水,7:07,コスモシェルベット,,牡,4,400,水野貴広,,,,,83.8,67.1,52.5,37.7,23.7,11.7,,,,16.7,14.6,14.8,14.0,12.0,11.7,2022106785,2026.8.26,美浦,マインドユアビスケッツ,ダンサーズブロンド,ビッグレッドファーム,ビッグレッドファーム,,
美浦,D,左,20260826,水,7:07,マイネルメサイア,,牡,7,900,水野貴広,,,,,84.8,67.6,52.5,37.3,23.7,11.6,,,,17.2,15.1,15.2,13.6,12.1,11.6,2019100788,2026.8.26,美浦,ゴールドシップ,マイネソルシエール,サラブレッドクラブ・ラフィアン,ビッグレッドファーム,,
美浦,D,左,20260826,水,7:07,ラインフォルテ,,牡,5,970,水野貴広,,,,,84.7,67.4,52.6,37.3,23.6,11.6,,,,17.3,14.8,15.3,13.7,12.0,11.6,2021101932,2026.8.26,美浦,キタサンブラック,ラインアンジュ,大澤繁昌,日高大洋牧場,,
美浦,D,左,20260826,水,7:08,アウダーシア,,牡,3,3100,手塚貴久,,,,,85.3,68.9,54.1,39.7,25.4,12.3,,,,16.4,14.8,14.4,14.3,13.1,12.3,2023107321,2026.8.26,美浦,キズナ,リリーノーブル,サンデーレーシング,ノーザンファーム,,
美浦,D,左,20260826,水,7:08,アーティキュレート,,牡,3,0,手塚貴久,,,,,82.9,67.5,53.1,38.5,24.3,11.6,,,,15.4,14.4,14.6,14.2,12.7,11.6,2023106860,2026.8.26,美浦,サートゥルナーリア,アーキテクチャー,シルクレーシング,ノーザンファーム,,
美浦,D,左,20260826,水,7:08,オールシティキング,,牡,2,未出走,手塚貴久,,,,,84.8,68.8,54.0,39.7,25.4,12.3,,,,16.0,14.8,14.3,14.3,13.1,12.3,2024106425,2026.8.26,美浦,Flightline,セルフレスリー,藤田晋,ノーザンファーム,,
美浦,D,左,20260826,水,7:08,コパノエビータ,,牝,5,900,手塚貴久,,,,,86.1,69.2,53.7,38.3,24.1,11.7,,,,16.9,15.5,15.4,14.2,12.4,11.7,2021102219,2026.8.26,美浦,ダノンレジェンド,コパノビジン,小林祥晃,ヤナガワ牧場,,
美浦,D,左,20260826,水,7:08,パレスラン,,牡,2,0,手塚貴久,,,,,85.4,68.7,53.5,38.1,24.0,11.8,,,,16.7,15.2,15.4,14.1,12.2,11.8,2024108276,2026.8.26,美浦,Volatile,"Fast Jet Court",青芝商事,"Aoshiba Shoji Co. LTD.",,
美浦,D,左,20260826,水,7:08,フィーリウス,,牡,4,2400,手塚貴久,,,,,84.2,68.2,53.5,38.7,24.5,11.7,,,,16.0,14.7,14.8,14.2,12.8,11.7,2022105175,2026.8.26,美浦,キタサンブラック,レーヴドゥラメール,落合幸弘,ノーザンファーム,,
美浦,D,左,20260826,水,7:08,ローザドーロ,,牡,2,未出走,手塚貴久,,,,,84.0,68.4,53.4,39.2,25.0,12.2,,,,15.6,15.0,14.2,14.2,12.8,12.2,2024105741,2026.8.26,美浦,レイデオロ,アルベルティーヌ,インゼルレーシング,社台ファーム,,
美浦,D,左,20260826,水,7:11,ニシノハクシャ,,牡,2,未出走,清水英克,,,,,85.7,69.8,55.0,39.9,25.6,12.4,,,,15.9,14.8,15.1,14.3,13.2,12.4,2024105565,2026.8.26,美浦,オメガパフューム,クールラディカル,西山茂行,前田ファーム,,
美浦,D,左,20260826,水,7:11,マイネルヘルリッヒ,,牡,2,未出走,清水英克,,,,,85.5,69.7,54.9,39.8,25.6,12.4,,,,15.8,14.8,15.1,14.2,13.2,12.4,2024102470,2026.8.26,美浦,ウインブライト,マイネグロリアーナ,サラブレッドクラブ・ラフィアン,荻伏三好フアーム,,
美浦,D,左,20260826,水,7:12,コヴェナント,,牝,4,130,佐藤吉勝,,,,,79.1,65.2,52.1,39.0,26.1,12.8,,,,13.9,13.1,13.1,12.9,13.3,12.8,2022101383,2026.8.26,美浦,レッドベルジュール,ペプチドガーネット,福田光博,鹿戸和幸,,
美浦,D,左,20260826,水,7:12,ダンシングリリー,,牝,2,未出走,佐藤吉勝,,,,,79.3,64.9,51.8,38.8,25.4,12.4,,,,14.4,13.1,13.0,13.4,13.0,12.4,2024106780,2026.8.26,美浦,マクフィ,リーガルリリー,ミルファーム,阿部栄乃進,,
美浦,D,左,20260826,水,7:12,トパーズヘッド,,牡,2,未出走,佐藤吉勝,,,,,79.7,65.8,52.6,39.0,25.5,12.7,,,,13.9,13.2,13.6,13.5,12.8,12.7,2024101845,2026.8.26,美浦,クリソベリル,コーズウェイヘッド,田頭勇貴,多田善弘,,
美浦,D,左,20260826,水,7:13,トリリオンボーイ,,セ,4,2400,武井亮,,,,,81.6,66.5,52.2,37.9,24.5,11.9,,,,15.1,14.3,14.3,13.4,12.6,11.9,2022102493,2026.8.26,美浦,マクフィ,フィメールモナーク,武田美香,様似共栄牧場,,
美浦,D,左,20260826,水,7:13,ビアフォーナウ,,牝,5,400,池上昌和,,,,,85.1,67.9,53.6,39.5,25.8,12.6,,,,17.2,14.3,14.1,13.7,13.2,12.6,2021104481,2026.8.26,美浦,バトルプラン,カリストーガ,小林由明,北洋牧場,,
美浦,D,左,20260826,水,7:13,ピードモント,,セ,3,0,武井亮,,,,,82.1,67.0,52.5,38.3,24.7,12.0,,,,15.1,14.5,14.2,13.6,12.7,12.0,2023107348,2026.8.26,美浦,キズナ,レディデラウェア,キャロットファーム,ノーザンファーム,,
美浦,D,左,20260826,水,7:13,プリヴィマーク,,牡,3,0,池上昌和,,,,,85.3,67.5,53.0,38.7,24.8,12.1,,,,17.8,14.5,14.3,13.9,12.7,12.1,2023107367,2026.8.26,美浦,バゴ,ローズノーブル,キャロットファーム,ノーザンファーム,,
美浦,D,左,20260826,水,7:13,ムーヴ,,牡,7,2400,池上昌和,,,,,86.8,69.2,54.9,40.0,25.6,12.3,,,,17.6,14.3,14.9,14.4,13.3,12.3,2019101759,2026.8.26,美浦,ラニ,スイートマルセル,前田葉子,シンボリ牧場,,
美浦,D,左,20260826,水,7:13,ラヴィングリー,,牝,3,0,池上昌和,,,,,84.5,66.7,52.3,38.0,24.4,12.0,,,,17.8,14.4,14.3,13.6,12.4,12.0,2023103692,2026.8.26,美浦,クリソベリル,シャルムダムール,G1レーシング,追分ファーム,,
美浦,D,左,20260826,水,7:13,ラージアンサンブル,,牡,3,1600,武井亮,,,,,82.7,67.3,52.8,38.6,24.9,12.0,,,,15.4,14.5,14.2,13.7,12.9,12.0,2023105560,2026.8.26,美浦,ベンバトル,ナスノフォルテ,グリーンファーム,那須野,,
美浦,D,左,20260826,水,7:14,エターナルホープ,,牡,3,0,鈴木慎太,,,,,86.1,68.9,54.1,39.2,24.9,11.9,,,,17.2,14.8,14.9,14.3,13.0,11.9,2023102555,2026.8.26,美浦,エピカリス,サチノマリアージュ,永井廣司,桑嶋峰雄,,
美浦,D,左,20260826,水,7:14,サンタンヌ,,牝,2,0,稲垣幸雄,,,,,81.3,65.3,50.9,37.2,24.2,12.0,,,,16.0,14.4,13.7,13.0,12.2,12.0,2024106341,2026.8.26,美浦,レイデオロ,サンテローズ,シルクレーシング,ノーザンファーム,,
美浦,D,左,20260826,水,7:14,ホウライブラック,,牝,3,0,鈴木慎太,,,,,85.7,68.8,53.9,39.1,24.9,11.9,,,,16.9,14.9,14.8,14.2,13.0,11.9,2023106315,2026.8.26,美浦,キタサンブラック,ホウライアキコ,橋元幸人,ナカノファーム,,
美浦,D,左,20260826,水,7:14,ロジルーラー,,牡,5,400,稲垣幸雄,,,,,82.3,65.9,51.5,37.5,24.3,12.0,,,,16.4,14.4,14.0,13.2,12.3,12.0,2021105552,2026.8.26,美浦,ルーラーシップ,シェリール,久米田正明,ノーザンファーム,,
美浦,D,左,20260826,水,7:15,ロンバスブレス,,牝,3,0,石栗龍彦,,,,,89.8,72.4,56.5,41.1,26.4,12.8,,,,17.4,15.9,15.4,14.7,13.6,12.8,2023106053,2026.8.26,美浦,イスラボニータ,プリンセスヨウク,ライオンレースホース,坂東牧場,,
美浦,D,左,20260826,水,7:16,ブルーマエストロ,,牡,4,900,黒岩陽一,152.0,132.7,115.4,97.6,81.5,67.2,52.5,37.7,24.0,11.6,17.3,17.8,16.1,14.3,14.7,14.8,13.7,12.4,11.6,2022105189,2026.8.26,美浦,サートゥルナーリア,ローザフェリーチェ,吉田和美,ノーザンファーム,,
美浦,D,左,20260826,水,7:16,マイネルブリックス,,牡,5,1500,黒岩陽一,153.9,134.1,116.5,98.6,82.4,68.0,52.9,38.2,24.5,11.8,17.6,17.9,16.2,14.4,15.1,14.7,13.7,12.7,11.8,2021106816,2026.8.26,美浦,ブリックスアンドモルタル,マイネカンナ,サラブレッドクラブ・ラフィアン,ビッグレッドファーム,,
美浦,D,左,20260826,水,7:16,ワンダラー,,牡,4,1500,黒岩陽一,152.2,133.4,115.9,98.1,81.9,67.5,52.6,37.8,24.1,11.6,17.5,17.8,16.2,14.4,14.9,14.8,13.7,12.5,11.6,2022100071,2026.8.26,美浦,マクフィ,ミスシューケット,今村明浩,大島牧場,,
美浦,D,左,20260826,水,7:17,オンナキュヌヴィ,,牝,3,0,蛯名正義,,,,,85.5,69.8,54.0,38.7,24.6,12.0,,,,15.7,15.8,15.3,14.1,12.6,12.0,2023105688,2026.8.26,美浦,リオンディーズ,ラベンダーヴァレイ,金子真人ホールディングス,坂東牧場,,
美浦,D,左,20260826,水,7:17,ヨツバ,,牡,2,未出走,本間忍,,,,,85.2,68.2,53.6,39.2,25.4,12.4,,,,17.0,14.6,14.4,13.8,13.0,12.4,2024105478,2026.8.26,美浦,フォーウィールドライブ,ツウカイエオス,KIMURA,萩澤聖和,,
美浦,D,左,20260826,水,7:17,ランブルスコ,,牡,3,400,蛯名正義,,,,,86.2,70.2,54.2,38.9,24.7,12.0,,,,16.0,16.0,15.3,14.2,12.7,12.0,2023107013,2026.8.26,美浦,キタサンブラック,サマーハ,金子真人ホールディングス,ノーザンファーム,,
美浦,D,左,20260826,水,7:18,ドントゥザムーン,,牡,4,900,高木登,,,,,84.1,67.3,51.9,37.7,24.2,11.9,,,,16.8,15.4,14.2,13.5,12.3,11.9,2022101863,2026.8.26,美浦,カレンブラックヒル,ドナプリモ,山田貢一,日西牧場,,
美浦,D,左,20260826,水,7:18,ネイティヴプライド,,牡,3,0,高木登,,,,,84.8,68.0,52.6,38.4,24.7,11.9,,,,16.8,15.4,14.2,13.7,12.8,11.9,2023105319,2026.8.26,美浦,クリソベリル,ビキニブロンド,山田弘,ノーザンファーム,,
美浦,D,左,20260826,水,7:18,プラチナムディスク,,牝,3,0,小笠倫弘,,,,,88.0,70.1,54.7,39.1,25.1,12.2,,,,17.9,15.4,15.6,14.0,12.9,12.2,2023102383,2026.8.26,美浦,ゴールドドリーム,スノークラフト,岡田牧雄,岡田スタツド,,
美浦,D,左,20260826,水,7:19,アウアリイ,,牡,2,0,奥村武,,,,,83.1,66.9,52.6,37.8,23.6,11.4,,,,16.2,14.3,14.8,14.2,12.2,11.4,2024106017,2026.8.26,美浦,モーリス,ブルーハワイアン,吉田照哉,社台ファーム,,
美浦,D,左,20260826,水,7:19,サンシュノジンギ,,牡,3,0,奥村武,,,,,84.5,68.2,53.4,38.7,24.3,11.8,,,,16.3,14.8,14.7,14.4,12.5,11.8,2023105554,2026.8.26,美浦,マインドユアビスケッツ,グランマリアージュ,グリーンファーム,那須野,,
美浦,D,左,20260826,水,7:19,ナックエルドラド,,牡,4,0,小野次郎,,,,,85.3,69.6,54.7,39.7,25.6,12.2,,,,15.7,14.9,15.0,14.1,13.4,12.2,2022106304,2026.8.26,美浦,マインドユアビスケッツ,エリンズハープ,小松欣也,スカイビーチステーブル,,
美浦,D,左,20260826,水,7:19,ニシノリリックス,,牝,2,0,小野次郎,,,,,85.2,69.6,54.8,39.7,25.6,12.3,,,,15.6,14.8,15.1,14.1,13.3,12.3,2024103855,2026.8.26,美浦,リーチザクラウン,ニシノミンクス,西山茂行,村上欽哉牧場,,
美浦,D,左,20260826,水,7:19,ホウオウシンデレラ,,牝,5,900,奥村武,,,,,85.5,69.1,54.0,39.0,24.5,11.8,,,,16.4,15.1,15.0,14.5,12.7,11.8,2021103533,2026.8.26,美浦,エピファネイア,フサイチジェット,小笹芳央,岡田スタツド,,
美浦,D,左,20260826,水,7:19,ホウオウプレミア,,牡,7,900,奥村武,,,,,83.6,67.3,52.9,38.1,23.8,11.5,,,,16.3,14.4,14.8,14.3,12.3,11.5,2019105041,2026.8.26,美浦,ロードカナロア,アドマイヤテンバ,小笹芳央,ノーザンファーム,,
美浦,D,左,20260826,水,7:21,アッティーヤ,,牝,2,未出走,鹿戸雄一,,,,,86.2,69.7,54.5,39.6,25.5,12.4,,,,16.5,15.2,14.9,14.1,13.1,12.4,2024100669,2026.8.26,美浦,Ghaiyyath,テルツェットウ,H.H.シェイク・ハムダン,ダーレー・ジャパン・ファーム,,
美浦,D,左,20260826,水,7:21,イイクニパッション,,牡,3,0,深山雅史,,,,,92.6,68.9,50.9,35.9,23.3,11.7,,,,23.7,18.0,15.0,12.6,11.6,11.7,2023100102,2026.8.26,美浦,ビッグアーサー,シゲルアンドロメダ,武中進,グローリーファーム,,
美浦,D,左,20260826,水,7:21,カフェオドヴィー,,牡,3,0,古賀慎明,,,,,83.0,66.9,51.5,37.2,24.3,12.2,,,,16.1,15.4,14.3,12.9,12.1,12.2,2023106253,2026.8.26,美浦,ヘニーヒューズ,カフェレヨン,西川光一,前山友厚,,
美浦,D,左,20260826,水,7:21,サトノアニマ,,牡,2,未出走,鹿戸雄一,,,,,85.5,69.3,54.2,39.3,25.2,12.3,,,,16.2,15.1,14.9,14.1,12.9,12.3,2024103912,2026.8.26,美浦,キタサンブラック,ゼフィランサス,里見治,村田牧場,,
美浦,D,左,20260826,水,7:21,シュガーシャック,,牡,3,0,古賀慎明,,,,,82.5,66.5,51.2,37.1,24.2,12.1,,,,16.0,15.3,14.1,12.9,12.1,12.1,2023107066,2026.8.26,美浦,リアルスティール,スイートセント,シルクレーシング,ノーザンファーム,,
美浦,D,左,20260826,水,7:21,バダジェフスカ,,牝,4,140,高橋文雅,,,,,,,51.1,36.6,23.7,11.6,,,,,,14.5,12.9,12.1,11.6,2022106590,2026.8.26,美浦,デクラレーションオブウォー,フィリポナ,フォレストレーシング,新冠橋本牧場,,
美浦,D,左,20260826,水,7:22,ウインスターリング,,牡,3,0,畠山吉宏,,,,,85.7,69.1,54.0,39.3,25.3,12.1,,,,16.6,15.1,14.7,14.0,13.2,12.1,2023105883,2026.8.26,美浦,シルバーステート,サマーエタニティ,ウイン,コスモヴューファーム,,
美浦,D,左,20260826,水,7:22,スヴァラ,,牝,2,未出走,栗田徹,,,,,87.1,69.5,54.2,39.6,25.7,13.1,,,,17.6,15.3,14.6,13.9,12.6,13.1,2024100339,2026.8.26,美浦,マテラスカイ,フクノナルボンヌ,加藤ステーブル,ケイズ,,
美浦,D,左,20260826,水,7:22,ピクニックデー,,牝,2,未出走,栗田徹,,,,,86.1,69.1,53.9,39.3,25.5,12.9,,,,17.0,15.2,14.6,13.8,12.6,12.9,2024106269,2026.8.26,美浦,キズナ,キングズハーレクイーン,竹内真,ノーザンファーム,,
美浦,D,左,20260826,水,7:22,マイネルウルカヌス,,牡,2,未出走,畠山吉宏,,,,,85.2,68.8,53.8,39.2,25.1,12.1,,,,16.4,15.0,14.6,14.1,13.0,12.1,2024103606,2026.8.26,美浦,ゴールドシップ,ソスピタ,サラブレッドクラブ・ラフィアン,ビッグレッドファーム,,
美浦,D,左,20260826,水,7:25,コスモグラニット,,牡,4,400,清水英克,,,,,86.4,70.8,55.8,40.9,26.1,12.2,,,,15.6,15.0,14.9,14.8,13.9,12.2,2022106800,2026.8.26,美浦,キタサンブラック,ホワイトウインド,ビッグレッドファーム,ビッグレッドファーム,,
美浦,D,左,20260826,水,7:30,イノーマル,,牡,3,0,高柳瑞樹,,,,,83.1,67.8,53.3,38.4,24.9,12.5,,,,15.3,14.5,14.9,13.5,12.4,12.5,2023105014,2026.8.26,美浦,コントレイル,ステラエージェント,藤田晋,三嶋牧場,,
美浦,D,左,20260826,水,7:30,ルクスマグナ,,牡,2,0,高柳瑞樹,,,,,83.9,68.4,53.7,38.6,24.9,12.5,,,,15.5,14.7,15.1,13.7,12.4,12.5,2024100134,2026.8.26,美浦,モーリス,パラスアテナ,広尾レース,ヴェルサイユファーム,,
美浦,D,左,20260826,水,7:41,コスモプルー,,牝,2,0,黒岩陽一,,,,,80.8,65.7,52.2,38.4,25.0,12.4,,,,15.1,13.5,13.8,13.4,12.6,12.4,2024103576,2026.8.26,美浦,ダノンキングリー,ヴァニティールールズ,ビッグレッドファーム,ビッグレッドファーム,,
美浦,D,左,20260826,水,7:41,テラシエスタ,,牡,3,0,黒岩陽一,,,,,80.8,65.9,52.3,38.5,25.0,12.3,,,,14.9,13.6,13.8,13.5,12.7,12.3,2023102548,2026.8.26,美浦,ジャスタウェイ,ラストサマー,キヨタケ牧場,キヨタケ牧場,,
美浦,D,左,20260826,水,7:42,エポカスピーガ,,牝,4,400,田中剛,,,,,81.5,66.6,52.4,38.0,24.0,11.9,,,,14.9,14.2,14.4,14.0,12.1,11.9,2022101532,2026.8.26,美浦,エポカドーロ,インドリヤ,加藤誠,シンボリ牧場,,
美浦,D,左,20260826,水,7:46,イサチルウィーラフ,,牡,2,未出走,辻哲英,,,,,87.8,70.6,55.4,40.4,26.2,12.6,,,,17.2,15.2,15.0,14.2,13.6,12.6,2024108198,2026.8.26,美浦,サンダースノー,フォーチュンカムズ,小坂功,坂戸節子,,
美浦,D,左,20260826,水,7:46,ソーンブッシュ,,牡,2,未登録,,,,,,87.7,70.5,55.3,40.3,26.1,12.4,,,,17.2,15.2,15.0,14.2,13.7,12.4,2024100674,2026.8.26,,ファインニードル,トルナヴァ,,ダーレー・ジャパン・ファーム,,
美浦,D,左,20260826,水,7:46,ニシノインヴィクタ,,牡,5,400,本間忍,,,,,82.8,66.5,51.4,37.1,23.8,11.6,,,,16.3,15.1,14.3,13.3,12.2,11.6,2021100190,2026.8.26,美浦,ブリックスアンドモルタル,ニシノミストレス,西山茂行,さとう,,
美浦,D,左,20260826,水,7:46,ブリスブリンク,,牝,2,未出走,辻哲英,,,,,85.5,69.5,54.1,39.2,25.3,12.4,,,,16.0,15.4,14.9,13.9,12.9,12.4,2024107047,2026.8.26,美浦,クリソベリル,ブライトリビング,サンデーレーシング,社台コーポレーション白老ファーム,,
美浦,D,左,20260826,水,7:47,ゴールデンステップ,,牝,5,400,和田勇介,,,,,88.4,70.9,55.7,40.8,26.1,12.7,,,,17.5,15.2,14.9,14.7,13.4,12.7,2021103555,2026.8.26,美浦,ブリックスアンドモルタル,ルミナスレッド,岡田牧雄,岡田スタツド,,
美浦,D,左,20260826,水,7:51,キャミソール,,牝,2,未出走,深山雅史,,,,,86.0,69.1,54.4,40.1,25.9,12.8,,,,16.9,14.7,14.3,14.2,13.1,12.8,2024104417,2026.8.26,美浦,チュウワウィザード,クインズオライリー,由井健太郎,佐竹牧場,,
美浦,D,左,20260826,水,7:51,ケイツーズウォティ,,牡,2,未出走,深山雅史,,,,,86.8,69.5,54.5,40.0,25.8,12.6,,,,17.3,15.0,14.5,14.2,13.2,12.6,2024105207,2026.8.26,美浦,イスラボニータ,キャリーウェーブ,楠本勝美,片山牧場,,
美浦,D,左,20260826,水,7:51,サングラデーション,,セ,6,430,千葉直人,,,,,86.4,69.1,53.5,38.8,24.9,12.0,,,,17.3,15.6,14.7,13.9,12.9,12.0,2020102864,2026.8.26,美浦,ドゥラメンテ,サンシャイン,社台レースホース,社台ファーム,,
美浦,D,左,20260826,水,7:51,スノーディーヴァ,,牝,5,400,深山雅史,,,,,85.1,68.5,54.1,39.8,25.7,12.6,,,,16.6,14.4,14.3,14.1,13.1,12.6,2021103504,2026.8.26,美浦,エイシンヒカリ,スノースタイル,ノルマンディーサラブレッドレーシング,岡田スタツド,,
美浦,D,左,20260826,水,7:51,ロードトライデント,,牡,3,400,千葉直人,,,,,87.7,69.5,54.2,39.3,25.3,12.1,,,,18.2,15.3,14.9,14.0,13.2,12.1,2023102171,2026.8.26,美浦,ダノンスマッシュ,セルディアーナ,ロードホースクラブ,林孝輝,,
美浦,D,左,20260826,水,7:52,クリニクラウン,,牝,6,1500,小手川準,,,,,89.0,71.5,55.1,39.4,24.9,12.1,,,,17.5,16.4,15.7,14.5,12.8,12.1,2020100934,2026.8.26,美浦,トビーズコーナー,ルナフォース,新木鈴子,ヒダカフアーム,,
美浦,D,左,20260826,水,7:52,ゼンノスタニング,,牡,3,0,小手川準,,,,,87.6,68.7,52.2,37.6,24.1,12.0,,,,18.9,16.5,14.6,13.5,12.1,12.0,2023104611,2026.8.26,美浦,シルバーステート,クーファウェヌス,大迫久美子,村上欽哉,,
美浦,D,左,20260826,水,7:52,チョトツモウシン,,牡,2,未出走,小手川準,,,,,87.1,68.3,51.9,37.4,24.1,12.0,,,,18.8,16.4,14.5,13.3,12.1,12.0,2024103008,2026.8.26,美浦,インティ,ペイデュソレイユ,小野博郷,上井農場,,
美浦,D,左,20260826,水,7:53,ジンガー,,牡,4,440,粕谷昌央,,,,,86.0,68.4,53.0,38.7,24.8,12.2,,,,17.6,15.4,14.3,13.9,12.6,12.2,2022100816,2026.8.26,美浦,スワーヴリチャード,ゴールデンムーン,須山悟至,信田牧場,,
美浦,D,左,20260826,水,7:53,バンフィエルド,,牡,7,720,粕谷昌央,,,,,86.4,68.8,53.4,38.9,25.0,12.2,,,,17.6,15.4,14.5,13.9,12.8,12.2,2019104531,2026.8.26,美浦,オルフェーヴル,エヴィータアルゼンティーナ,平川三津,社台コーポレーション白老ファーム,,
美浦,D,左,20260826,水,7:56,サンセットブライト,,牝,5,1500,相沢郁,,,,,86.3,67.8,52.6,38.2,24.5,12.0,,,,18.5,15.2,14.4,13.7,12.5,12.0,2021102753,2026.8.26,美浦,ホッコータルマエ,デルマオサキ,神田紘爾,金成吉田牧場,,
美浦,D,左,20260826,水,7:56,ペルシアーノ,,牝,3,0,相沢郁,,,,,85.9,67.4,52.1,38.0,24.5,12.0,,,,18.5,15.3,14.1,13.5,12.5,12.0,2023100653,2026.8.26,美浦,ダノンプレミアム,スピアーノ,シミズレーシング,荒井ファーム,,
美浦,D,左,20260826,水,7:57,ウルウノマーズ,,牝,2,未出走,青木孝文,,,,,86.4,69.2,53.5,39.3,25.5,12.6,,,,17.2,15.7,14.2,13.8,12.9,12.6,2024102899,2026.8.26,美浦,アドマイヤマーズ,ネオイリュージョン,ターフ・スポート,秋田牧場,,
美浦,D,左,20260826,水,7:57,ショウブファミリー,,牝,2,未出走,青木孝文,,,,,85.6,68.3,53.9,39.7,25.4,12.2,,,,17.3,14.4,14.2,14.3,13.2,12.2,2024101191,2026.8.26,美浦,アルアイン,リッチクレマチス,長塩豊,門別牧場,,
美浦,D,左,20260826,水,7:57,ジェットブレード,,牡,4,900,青木孝文,,,,,84.0,67.1,52.9,38.8,24.8,11.7,,,,16.9,14.2,14.1,14.0,13.1,11.7,2022103522,2026.8.26,美浦,ビーチパトロール,ジュリーハーツ,岡田牧雄,岡田スタツド,,
美浦,D,左,20260826,水,7:57,タイセイフェリーク,,牝,6,1500,青木孝文,,,,,86.6,69.3,53.5,39.3,25.5,12.4,,,,17.3,15.8,14.2,13.8,13.1,12.4,2020103713,2026.8.26,美浦,ミッキーロケット,レーヴルシード,田中成奉,ノーザンファーム,,
美浦,D,左,20260826,水,7:57,タワーウマザンマイ,,牡,2,未出走,青木孝文,,,,,82.7,66.0,51.9,38.1,24.4,11.8,,,,16.7,14.1,13.8,13.7,12.6,11.8,2024104800,2026.8.26,美浦,タワーオブロンドン,ラブミーダイヤ,鈴木慈雄,西村牧場,,
美浦,D,左,20260826,水,7:57,プリマラクーン,,牝,2,未出走,青木孝文,,,,,85.0,68.2,53.8,39.4,25.2,12.2,,,,16.8,14.4,14.4,14.2,13.0,12.2,2024105137,2026.8.26,美浦,ジャスタウェイ,ペパーミントラヴ,新熊一生,飯岡牧場,,
美浦,D,左,20260826,水,7:59,サンタピア,,牡,3,0,松山将樹,,,,,90.4,70.9,55.0,40.2,26.0,12.5,,,,19.5,15.9,14.8,14.2,13.5,12.5,2023102804,2026.8.26,美浦,ルヴァンスレーヴ,ドリームバラード,井上久光,タイヘイ牧場,,
美浦,D,左,20260826,水,8:08,バトンロード,,牡,4,100,粕谷昌央,,,,,83.7,68.3,53.1,38.2,24.1,11.6,,,,15.4,15.2,14.9,14.1,12.5,11.6,2022103285,2026.8.26,美浦,ホッコータルマエ,ウイナーズロード,ヒダカ・ブリーダーズ・ユニオン,宮内牧場,,
美浦,D,左,20260826,水,8:28,サルサブラヴァ,,牡,3,0,奥村武,,,,,82.5,67.9,53.8,39.3,24.9,12.2,,,,14.6,14.1,14.5,14.4,12.7,12.2,2023103778,2026.8.26,美浦,シニスターミニスター,サルサドゥーラ,G1レーシング,社台コーポレーション白老ファーム,,
