場所,コース,回り,年月日,曜日,時刻,馬名,Ｃ,性別,年齢,収得賞金,調教師,10F,9F,8F,7F,6F,5F,4F,3F,2F,1F,Lap9,Lap8,Lap7,Lap6,Lap5,Lap4,Lap3,Lap2,Lap1,血統登録番号,日付S,所属,種牡馬名,母名,現馬主名,生産者名,関連データ,馬番/仮番(出馬表モード時のみ)
栗東,C,右,20260708,水,4:58,アステルディーヴァ,,牝,3,0,西村真幸,,139.2,119.5,101.0,83.3,67.1,51.7,36.6,22.9,11.5,19.7,18.5,17.7,16.2,15.4,15.1,13.7,11.4,11.5,2023104883,2026.7.8,栗東,リオンディーズ,ジュリエットソング,小島正宏,酒井牧場,,
栗東,C,右,20260708,水,4:58,グランスプリント,,牡,3,0,西村真幸,,140.6,120.6,101.8,83.9,67.7,52.2,36.9,23.2,11.7,20.0,18.8,17.9,16.2,15.5,15.3,13.7,11.5,11.7,2023104906,2026.7.8,栗東,ファインニードル,ドラゴンホマレ,辻牧場,谷口牧場,,
栗東,C,右,20260708,水,4:58,ゴッドブルービー,,牡,6,2400,角田晃一,,,,,,,51.4,36.7,22.9,11.2,,,,,,14.7,13.8,11.7,11.2,2020106063,2026.7.8,栗東,パイロ,ゴッドビラブドミー,中西憲治,芳住鉄兵,,
栗東,C,右,20260708,水,4:58,サフィラ,,牝,5,4350,池添学,,139.2,118.1,97.4,79.7,65.0,51.1,36.6,22.9,11.4,21.1,20.7,17.7,14.7,13.9,14.5,13.7,11.5,11.4,2021105541,2026.7.8,栗東,ハーツクライ,サロミナ,シルクレーシング,ノーザンファーム,,
栗東,C,右,20260708,水,4:58,シュプレヒコール,,牡,2,未出走,清水久詞,,140.7,119.8,99.9,81.8,66.8,51.4,36.8,23.0,11.5,20.9,19.9,18.1,15.0,15.4,14.6,13.8,11.5,11.5,2024105437,2026.7.8,栗東,ジャンダルム,フィオリキアリ,槙和美,土居牧場,,
栗東,C,右,20260708,水,4:58,ジーティーアダマン,,牡,4,2500,上村洋行,,143.0,122.2,101.1,82.6,67.3,52.6,37.2,22.7,11.2,20.8,21.1,18.5,15.3,14.7,15.4,14.5,11.5,11.2,2022101193,2026.7.8,栗東,ルーラーシップ,カウニスクッカ,田畑利彦,オリオンファーム,,
栗東,C,右,20260708,水,4:58,ベランジェール,,牝,5,400,西村真幸,,138.3,118.9,100.2,82.9,66.8,51.5,36.5,22.9,11.4,19.4,18.7,17.3,16.1,15.3,15.0,13.6,11.5,11.4,2021105484,2026.7.8,栗東,モーリス,キャリコ,DMMドリームクラブ,ノーザンファーム,,
栗東,C,右,20260708,水,4:58,マテンロウルクス,,牡,3,0,藤原英昭,,141.7,121.4,102.1,84.7,69.4,54.0,38.2,23.7,12.0,20.3,19.3,17.4,15.3,15.4,15.8,14.5,11.7,12.0,2023107344,2026.7.8,栗東,リオンリオン,レディアリエッタ,寺田千代乃,ノーザンファーム,,
栗東,C,右,20260708,水,4:58,マハロハ,,牝,2,未出走,清水久詞,,139.9,119.1,99.1,81.0,65.8,50.8,36.6,22.9,11.6,20.8,20.0,18.1,15.2,15.0,14.2,13.7,11.3,11.6,2024102885,2026.7.8,栗東,コントレイル,カリンカ,寺田寿男,吉田ファーム,,
栗東,C,右,20260708,水,4:58,レクスノヴァス,,牡,4,2400,上村洋行,,144.2,123.0,101.8,83.4,68.1,53.2,37.8,23.2,11.4,21.2,21.2,18.4,15.3,14.9,15.4,14.6,11.8,11.4,2022107282,2026.7.8,栗東,キタサンブラック,ウルティマミューズ,ノルマンディーサラブレッドレーシング,浜本牧場,,
栗東,C,右,20260708,水,4:58,レニュアージュ,,牝,2,未出走,藤原英昭,,140.8,120.5,101.4,84.1,68.7,53.3,37.8,23.3,11.9,20.3,19.1,17.3,15.4,15.4,15.5,14.5,11.4,11.9,2024106355,2026.7.8,栗東,コントレイル,シャンパンルーム,シルクレーシング,ノーザンファーム,,
栗東,C,右,20260708,水,4:59,アラムシャピラス,,牡,3,0,池江泰寿,,140.5,120.7,100.9,83.1,67.5,52.2,36.8,22.5,11.2,19.8,19.8,17.8,15.6,15.3,15.4,14.3,11.3,11.2,2023105683,2026.7.8,栗東,シスキン,マローブルー,金子真人ホールディングス,日高大洋牧場,,
栗東,C,右,20260708,水,4:59,アレ,,牡,5,900,中内田充,,137.6,117.7,98.6,81.4,66.4,52.2,37.5,23.6,11.8,19.9,19.1,17.2,15.0,14.2,14.7,13.9,11.8,11.8,2021103287,2026.7.8,栗東,シルバーステート,ルックアミリオン,寺田秀樹,三嶋牧場,,
栗東,C,右,20260708,水,4:59,ギュルヴィ,,牡,4,2400,大久保龍,,141.2,121.0,101.5,82.9,67.0,52.2,37.4,23.8,12.2,20.2,19.5,18.6,15.9,14.8,14.8,13.6,11.6,12.2,2022103267,2026.7.8,栗東,Nyquist,メイディーン,インゼルレーシング,三嶋牧場,,
栗東,C,右,20260708,水,4:59,サンライズアーサー,,牡,3,0,前川恭子,,133.8,116.5,99.1,82.3,67.5,53.5,39.1,25.0,12.6,17.3,17.4,16.8,14.8,14.0,14.4,14.1,12.4,12.6,2023106547,2026.7.8,栗東,ヴァンゴッホ,カリブメーカー,松岡隆雄,浦河小林牧場,,
栗東,C,右,20260708,水,4:59,サンライズジャポネ,,牡,2,未出走,前川恭子,,134.3,116.0,98.3,81.4,66.7,52.6,38.2,24.0,12.0,18.3,17.7,16.9,14.7,14.1,14.4,14.2,12.0,12.0,2024106895,2026.7.8,栗東,シルバーステート,サイマー,ライフハウス,追分ファーム,,
栗東,C,右,20260708,水,4:59,シギーコルエンド,,牡,3,0,大久保龍,,142.9,122.5,102.5,83.8,68.0,52.8,37.6,23.9,12.3,20.4,20.0,18.7,15.8,15.2,15.2,13.7,11.6,12.3,2023102585,2026.7.8,栗東,シルバーステート,チークトゥチーク,前田晋二,グランド牧場,,
栗東,C,右,20260708,水,4:59,スマートエラン,,牡,3,0,池江泰寿,,141.2,121.2,101.6,83.8,68.1,52.8,37.3,23.0,11.5,20.0,19.6,17.8,15.7,15.3,15.5,14.3,11.5,11.5,2023106007,2026.7.8,栗東,キタサンブラック,スマートレグルス,大川徹,スマート,,
栗東,C,右,20260708,水,4:59,ダノンハドソン,,牡,3,400,池江泰寿,,139.5,120.0,101.0,82.9,67.1,52.1,36.9,23.0,11.3,19.5,19.0,18.1,15.8,15.0,15.2,13.9,11.7,11.3,2023107101,2026.7.8,栗東,レイデオロ,ダノンチェリー,ダノックス,ノーザンファーム,,
栗東,C,右,20260708,水,4:59,チェサピークベイ,,牡,3,未出走,中内田充,,136.9,117.7,98.5,81.2,66.5,54.2,41.0,27.0,14.0,19.2,19.2,17.3,14.7,12.3,13.2,14.0,13.0,14.0,2023107515,2026.7.8,栗東,Frankel,Marsha,S.マグニア,Coolmore,,
栗東,C,右,20260708,水,4:59,テンエースワン,,牡,5,900,大久保龍,,144.2,123.7,103.2,84.5,68.6,53.6,38.1,24.3,12.6,20.5,20.5,18.7,15.9,15.0,15.5,13.8,11.7,12.6,2021105637,2026.7.8,栗東,ワールドエース,ダイワオンディーヌ,天白泰司,ノーザンファーム,,
栗東,C,右,20260708,水,4:59,ナムラティアラ,,牝,3,400,牧田和弥,,140.4,119.7,100.6,83.8,69.5,54.8,38.4,23.3,11.5,20.7,19.1,16.8,14.3,14.7,16.4,15.1,11.8,11.5,2023106228,2026.7.8,栗東,ジョーカプチーノ,ナムラテンゲル,奈村睦弘,森政巳,,
栗東,C,右,20260708,水,4:59,ビバームス,,牝,2,未出走,高橋亮,,147.0,126.8,106.6,88.0,71.2,55.1,38.9,23.9,11.6,20.2,20.2,18.6,16.8,16.1,16.2,15.0,12.3,11.6,2024104705,2026.7.8,栗東,カラヴァッジオ,ビバパーチェ,飯田正剛,千代田牧場,,
栗東,C,右,20260708,水,4:59,ミッキーゴールド,,セ,4,1500,池江泰寿,,141.1,121.3,101.6,83.8,68.1,52.8,37.2,22.7,11.1,19.8,19.7,17.8,15.7,15.3,15.6,14.5,11.6,11.1,2022104765,2026.7.8,栗東,リアルスティール,グローバルビューティ,野田みづき,ノーザンファーム,,
栗東,C,右,20260708,水,4:59,ミッキージャンプ,,牡,3,400,池江泰寿,,138.6,119.3,100.6,82.6,66.8,51.8,36.6,22.8,11.2,19.3,18.7,18.0,15.8,15.0,15.2,13.8,11.6,11.2,2023105274,2026.7.8,栗東,サートゥルナーリア,オンディナドバイ,野田みづき,ノーザンファーム,,
栗東,C,右,20260708,水,4:59,メイショウケンゴウ,,牡,3,0,高橋亮,,147.9,127.3,107.1,88.5,71.6,55.6,39.3,24.1,11.7,20.6,20.2,18.6,16.9,16.0,16.3,15.2,12.4,11.7,2023105091,2026.7.8,栗東,フィエールマン,サンヴィセンテ,松本好隆,大島牧場,,
栗東,C,右,20260708,水,4:59,ラインエレガント,,牝,2,未出走,牧田和弥,,139.5,119.1,100.2,83.5,69.2,54.5,38.2,23.3,11.5,20.4,18.9,16.7,14.3,14.7,16.3,14.9,11.8,11.5,2024100944,2026.7.8,栗東,イスラボニータ,レモンケーキ,大澤繁昌,日高大洋牧場,,
栗東,C,右,20260708,水,5:00,ソルアモール,,牝,3,0,宮本博,,,,,,,52.5,37.7,24.4,12.4,,,,,,14.8,13.3,12.0,12.4,2023100906,2026.7.8,栗東,ドレフォン,エスカナール,下河辺牧場,下河辺牧場,,
栗東,C,右,20260708,水,5:00,ドントゥール,,牝,3,0,杉山晴紀,,,,,,,52.3,37.6,23.7,11.9,,,,,,14.7,13.9,11.8,11.9,2023102949,2026.7.8,栗東,エピファネイア,マーチャンテイマー,飯田正剛,千代田牧場,,
栗東,C,右,20260708,水,5:00,ロイドウェバー,,牡,3,未出走,杉山晴紀,,,,,,,51.2,36.7,23.0,11.4,,,,,,14.5,13.7,11.6,11.4,2023102013,2026.7.8,栗東,エピファネイア,リーチコンセンサス,江馬由将,川越ファーム,,
栗東,C,右,20260708,水,5:02,フェンダー,,牡,5,900,柴田卓,,,,,,,152.0,115.0,76.5,37.7,,,,,,37.0,38.5,38.8,37.7,2021105753,2026.7.8,栗東,モーリス,プリンセスロック,シルクレーシング,ノーザンファーム,,
栗東,C,右,20260708,水,5:03,ウォーブレイク,,牡,3,未出走,辻野泰之,,,,,86.7,69.6,54.7,39.0,23.8,11.7,,,,17.1,14.9,15.7,15.2,12.1,11.7,2023106642,2026.7.8,栗東,デクラレーションオブウォー,グレイスフルダンス,杉山忠国,明治牧場,,
栗東,C,右,20260708,水,5:03,コースタルロード,,牝,3,未出走,辻野泰之,,,,,86.2,69.3,54.4,38.7,23.6,11.6,,,,16.9,14.9,15.7,15.1,12.0,11.6,2023100973,2026.7.8,栗東,ロードカナロア,ロイヤルストリート,下河辺隆行,下河辺牧場,,
栗東,C,右,20260708,水,5:04,アスクレコードモア,,牡,2,未出走,矢作芳人,,146.0,123.5,102.2,83.2,67.7,53.0,37.4,23.5,11.9,22.5,21.3,19.0,15.5,14.7,15.6,13.9,11.6,11.9,2024105811,2026.7.8,栗東,エピファネイア,カリーナミア,廣崎利洋HD,社台ファーム,,
栗東,C,右,20260708,水,5:04,アメリカンサクラ,,牡,3,0,矢作芳人,,147.7,124.5,102.8,83.8,68.4,53.5,38.0,23.8,12.0,23.2,21.7,19.0,15.4,14.9,15.5,14.2,11.8,12.0,2023110080,2026.7.8,栗東,"Liam's Map",Schon,吉澤ホールディングス,"Benson Farm",,
栗東,C,右,20260708,水,5:04,コルヴァス,,牡,3,400,矢作芳人,,144.2,121.9,101.6,82.6,66.8,52.4,36.9,23.0,11.5,22.3,20.3,19.0,15.8,14.4,15.5,13.9,11.5,11.5,2023104411,2026.7.8,栗東,キズナ,ペルルドール,寺田寿男,ノースヒルズ,,
栗東,C,右,20260708,水,5:04,サンライズジュピタ,,牡,4,400,石坂公一,,140.9,120.3,100.5,82.8,68.2,53.8,38.4,24.2,11.9,20.6,19.8,17.7,14.6,14.4,15.4,14.2,12.3,11.9,2022103307,2026.7.8,栗東,ディスクリートキャット,ラブリーアリュール,松岡隆雄,ミリオンファーム,,
栗東,C,右,20260708,水,5:04,ダノンテムズ,,牡,3,400,寺島良,,,,,85.7,70.8,55.7,40.3,25.2,12.0,,,,14.9,15.1,15.4,15.1,13.2,12.0,2023107041,2026.7.8,栗東,ダノンキングリー,ショウリュウムーン,ダノックス,ノーザンファーム,,
栗東,C,右,20260708,水,5:04,マリナーヴァレイ,,牝,2,未出走,石坂公一,,139.5,119.9,100.1,82.4,67.8,53.6,38.3,23.9,11.9,19.6,19.8,17.7,14.6,14.2,15.3,14.4,12.0,11.9,2024106232,2026.7.8,栗東,アドマイヤマーズ,エリーシエズワールド,サンデーレーシング,ノーザンファーム,,
栗東,C,右,20260708,水,5:04,ミストレス,,牝,4,1600,矢作芳人,,145.0,122.6,102.0,83.0,67.5,52.9,37.6,23.7,12.1,22.4,20.6,19.0,15.5,14.6,15.3,13.9,11.6,12.1,2022103754,2026.7.8,栗東,キズナ,チェロキーメイドン,前田晋二,グランド牧場,,
栗東,C,右,20260708,水,5:04,モックモック,,牡,6,3150,寺島良,,,,,84.8,70.0,55.3,40.0,25.0,12.0,,,,14.8,14.7,15.3,15.0,13.0,12.0,2020100061,2026.7.8,栗東,ダノンレジェンド,ジュピターズビコー,山口正行,オギオギ牧場,,
栗東,C,右,20260708,水,5:04,ユメハハテシナク,,牡,6,900,石坂公一,,138.6,118.6,99.1,81.4,67.0,52.7,38.0,23.8,11.9,20.0,19.5,17.7,14.4,14.3,14.7,14.2,11.9,11.9,2020106399,2026.7.8,栗東,ダイワメジャー,テイコフトウショウ,江口博美,杵臼牧場,,
栗東,C,右,20260708,水,5:04,ヴィエントデコラ,,牡,3,400,寺島良,,,,,83.1,68.6,54.4,39.4,24.8,11.9,,,,14.5,14.2,15.0,14.6,12.9,11.9,2023103677,2026.7.8,栗東,ルヴァンスレーヴ,イッツオンリーアクティングダッド,G1レーシング,追分ファーム,,
栗東,C,右,20260708,水,5:05,ジューンオアシス,,牡,3,400,飯田祐史,,156.8,133.6,110.4,88.1,69.3,53.0,37.5,22.8,11.0,23.2,23.2,22.3,18.8,16.3,15.5,14.7,11.8,11.0,2023101722,2026.7.8,栗東,ミッキーアイル,ジューンアクア,吉川潤,高昭牧場,,
栗東,C,右,20260708,水,5:05,プリズマジコ,,牡,5,900,高橋義忠,,145.4,124.3,103.4,85.3,69.8,54.4,38.5,23.7,11.7,21.1,20.9,18.1,15.5,15.4,15.9,14.8,12.0,11.7,2021106077,2026.7.8,栗東,キズナ,グラントリノ,ニットー商事,大狩部牧場,,
栗東,C,右,20260708,水,5:06,アットザラヴアスク,,牝,4,0,野中賢二,,,,,,,53.4,37.7,23.0,11.2,,,,,,15.7,14.7,11.8,11.2,2022104436,2026.7.8,栗東,オルフェーヴル,トレノトマト,廣崎利洋HD,藤原牧場,,
栗東,C,右,20260708,水,5:07,ヒッグスボソン,,牡,3,0,高橋義忠,,147.0,125.8,104.7,85.3,68.1,52.8,37.2,23.3,11.9,21.2,21.1,19.4,17.2,15.3,15.6,13.9,11.4,11.9,2023101122,2026.7.8,栗東,ファインニードル,サマーエモーション,ゴドルフィン,ダーレー・ジャパン・ファーム,,
栗東,C,右,20260708,水,5:08,コスモグローリー,,牡,4,400,北出成人,,149.5,127.8,106.4,86.5,70.1,54.6,38.7,24.1,11.5,21.7,21.4,19.9,16.4,15.5,15.9,14.6,12.6,11.5,2022105470,2026.7.8,栗東,キズナ,フォルト,コスモ・コスモ,社台ファーム,,
栗東,C,右,20260708,水,5:08,ニシノフランケン,,牡,2,0,北出成人,,148.4,127.0,105.3,85.6,69.2,53.7,38.0,23.7,11.4,21.4,21.7,19.7,16.4,15.5,15.7,14.3,12.3,11.4,2024103936,2026.7.8,栗東,タニノフランケル,ニシノカグラ,西山茂行,メイタイファーム,,
栗東,C,右,20260708,水,5:08,ベイニーニャ,,牝,3,0,茶木太樹,,139.5,120.2,101.6,84.6,68.8,53.7,38.3,23.8,12.0,19.3,18.6,17.0,15.8,15.1,15.4,14.5,11.8,12.0,2023105819,2026.7.8,栗東,アドマイヤマーズ,ベイコート,中村祐子,ケイアイファーム,,
栗東,C,右,20260708,水,5:08,マルモア,,牝,5,400,松永幹夫,,143.6,121.9,101.7,83.3,67.3,52.6,37.5,23.6,11.9,21.7,20.2,18.4,16.0,14.7,15.1,13.9,11.7,11.9,2021105245,2026.7.8,栗東,エピファネイア,マーブルカテドラル,インゼルレーシング,社台ファーム,,
栗東,C,右,20260708,水,5:09,ウルトラハート,,牡,3,0,中尾秀正,,,,,82.1,66.3,51.1,36.8,23.5,11.8,,,,15.8,15.2,14.3,13.3,11.7,11.8,2023104157,2026.7.8,栗東,ホッコータルマエ,プレイフォーユー,中野義一,須崎牧場,,
栗東,C,右,20260708,水,5:10,キーンセンス,,牡,3,400,松永幹夫,,154.4,128.6,105.6,85.0,67.9,52.6,37.3,23.1,11.4,25.8,23.0,20.6,17.1,15.3,15.3,14.2,11.7,11.4,2023110036,2026.7.8,栗東,Munnings,Canny,シルクレーシング,"Stonehaven Steadings",,
栗東,C,右,20260708,水,5:10,ダノンミッドナイト,,牡,3,0,中内田充,,,,,,,63.1,46.9,30.4,15.4,,,,,,16.2,16.5,15.0,15.4,2023105335,2026.7.8,栗東,コントレイル,モアナ,ダノックス,ノーザンファーム,,
栗東,C,右,20260708,水,5:10,ヤマニンループ,,牡,7,900,松永幹夫,,155.1,130.0,106.5,85.7,68.7,53.3,38.0,23.5,11.5,25.1,23.5,20.8,17.0,15.4,15.3,14.5,12.0,11.5,2019100606,2026.7.8,栗東,ディープインパクト,ヤマニンプードレ,土井肇,錦岡牧場,,
栗東,C,右,20260708,水,5:10,ルージュサウダージ,,牝,3,900,松永幹夫,,198.7,151.7,110.4,88.1,70.7,55.0,39.9,25.5,11.8,47.0,41.3,22.3,17.4,15.7,15.1,14.4,13.7,11.8,2023103721,2026.7.8,栗東,フィレンツェファイア,ミッドナイトラヴ,東京ホースレーシング,追分ファーム,,
栗東,C,右,20260708,水,5:12,カセノコンコルド,,牡,3,0,中尾秀正,,141.7,123.1,103.9,85.3,68.6,53.2,38.0,23.5,11.4,18.6,19.2,18.6,16.7,15.4,15.2,14.5,12.1,11.4,2023100541,2026.7.8,栗東,リアルスティール,フィエラメンテ,平川進,二風谷ファーム,,
栗東,C,右,20260708,水,5:13,コンドゥイア,,牝,4,1500,井上智史,,144.3,121.5,100.7,83.1,68.3,53.4,37.5,23.0,11.2,22.8,20.8,17.6,14.8,14.9,15.9,14.5,11.8,11.2,2022100201,2026.7.8,栗東,フォーウィールドライブ,ボリード,高昭牧場,高昭牧場,,
栗東,C,右,20260708,水,5:13,フェイトライン,,牡,4,400,斉藤崇史,,177.6,144.3,112.3,87.0,70.0,54.6,39.2,24.5,12.1,33.3,32.0,25.3,17.0,15.4,15.4,14.7,12.4,12.1,2022104992,2026.7.8,栗東,サトノアラジン,フェイトカラー,林正道,ノーザンファーム,,
栗東,C,右,20260708,水,5:13,モズカトレア,,牝,4,1500,井上智史,,145.4,122.7,101.8,84.0,69.0,53.7,37.8,23.1,11.3,22.7,20.9,17.8,15.0,15.3,15.9,14.7,11.8,11.3,2022102123,2026.7.8,栗東,モズアスコット,ビューティーモズ,北側雅司,目黒牧場,,
栗東,C,右,20260708,水,5:14,ジュンヴァッテッド,,牡,3,0,浜田多実,,140.4,119.3,100.8,83.4,68.3,53.5,38.5,24.2,12.1,21.1,18.5,17.4,15.1,14.8,15.0,14.3,12.1,12.1,2023106998,2026.7.8,栗東,ワールドエース,コケレール,河合純二,ノーザンファーム,,
栗東,C,右,20260708,水,5:14,スピークロウ,,牡,2,0,浜田多実,,139.0,118.2,99.7,82.3,67.7,53.0,38.2,24.0,12.0,20.8,18.5,17.4,14.6,14.7,14.8,14.2,12.0,12.0,2024105823,2026.7.8,栗東,イスラボニータ,ギブンアンソート,社台レースホース,社台ファーム,,
栗東,C,右,20260708,水,5:14,ペイシャトサモア,,牝,3,0,吉田直弘,,,,,,,86.1,61.2,38.9,19.0,,,,,,24.9,22.3,19.9,19.0,2023105142,2026.7.8,栗東,オーヴァルエース,ペイシャノリッジ,北所直人,鮫川啓一,,
栗東,C,右,20260708,水,5:16,メイショウクーガー,,牡,6,900,中内田充,,151.2,133.2,114.8,97.2,81.3,64.7,46.6,29.2,14.8,18.0,18.4,17.6,15.9,16.6,18.1,17.4,14.4,14.8,2020106205,2026.7.8,栗東,メイショウボーラー,メイショウゴウヒメ,松本好隆,赤田牧場,,
栗東,C,右,20260708,水,5:17,チュオンソン,,牡,3,0,昆貢,,148.0,126.6,105.4,86.6,70.2,54.7,38.9,24.1,11.9,21.4,21.2,18.8,16.4,15.5,15.8,14.8,12.2,11.9,2023104944,2026.7.8,栗東,ウインブライト,クアンナム,シンシアリー,富田牧場,,
栗東,C,右,20260708,水,5:17,ハルオーブ,,牡,6,630,武井亮,,176.3,148.3,118.5,91.1,71.5,55.2,39.5,24.5,11.8,28.0,29.8,27.4,19.6,16.3,15.7,15.0,12.7,11.8,2020104732,2026.7.8,美浦,ディーマジェスティ,ハルダヨリ,村上卓史,藤沢牧場,,
栗東,C,右,20260708,水,5:17,リテラシー,,牡,3,0,昆貢,,148.6,127.1,105.8,87.0,70.5,54.9,39.2,24.1,11.7,21.5,21.3,18.8,16.5,15.6,15.7,15.1,12.4,11.7,2023105215,2026.7.8,栗東,サートゥルナーリア,ホーリーウーマン,安原浩司,アスラン,,
栗東,C,右,20260708,水,5:18,キングオブフジ,,牡,5,900,角田晃一,,,,,,,89.4,64.6,41.3,20.2,,,,,,24.8,23.3,21.1,20.2,2021106164,2026.7.8,栗東,ヘニーヒューズ,ヘイローフジ,浅川慶太,協和牧場,,
栗東,C,右,20260708,水,5:19,ミキノバカラ,,牡,4,770,大橋勇樹,,142.1,121.3,102.2,84.4,68.9,54.0,38.9,24.3,12.3,20.8,19.1,17.8,15.5,14.9,15.1,14.6,12.0,12.3,2022102594,2026.7.8,栗東,ジョーカプチーノ,ミキノモンテカルロ,谷口久和,浦河育成牧場,,
栗東,C,右,20260708,水,5:19,メイショウシナノ,,牡,6,1500,大橋勇樹,,142.0,121.2,101.2,82.6,67.3,52.9,37.7,24.3,12.6,20.8,20.0,18.6,15.3,14.4,15.2,13.4,11.7,12.6,2020106635,2026.7.8,栗東,サトノダイヤモンド,アルボナンザ,松本好隆,辻牧場,,
栗東,C,右,20260708,水,5:19,ライラックデューン,,牝,4,400,緒方努,,,,,,,75.6,53.5,33.7,16.4,,,,,,22.1,19.8,17.3,16.4,2022101473,2026.7.8,栗東,コパノリッキー,スターライラック,三宅勝俊,庄野牧場,,
栗東,C,右,20260708,水,5:20,フルールジェンヌ,,牝,3,400,鈴木孝志,,145.8,123.0,101.5,83.4,68.1,53.2,38.0,23.3,11.2,22.8,21.5,18.1,15.3,14.9,15.2,14.7,12.1,11.2,2023103247,2026.7.8,栗東,ミッキーアイル,ホーマンピクシー,吉田智,前谷牧場,,
栗東,C,右,20260708,水,5:20,メイショウザンゲツ,,牝,5,900,鈴木孝志,,145.8,123.4,102.2,83.4,68.2,53.2,37.6,23.1,11.3,22.4,21.2,18.8,15.2,15.0,15.6,14.5,11.8,11.3,2021105939,2026.7.8,栗東,ダノンレジェンド,メイショウルミナス,松本好隆,橋本牧場,,
栗東,C,右,20260708,水,5:21,アイスフォーク,,牡,3,未出走,武幸四郎,,,,,80.3,64.6,50.7,36.9,23.7,12.1,,,,15.7,13.9,13.8,13.2,11.6,12.1,2023105217,2026.7.8,栗東,サートゥルナーリア,フォーエバーモア,藤田晋,追分ファーム,,
栗東,C,右,20260708,水,5:21,アクティブヘイロー,,牡,3,0,鈴木孝志,,178.7,124.1,99.4,81.7,67.0,53.0,38.3,24.1,11.9,54.6,24.7,17.7,14.7,14.0,14.7,14.2,12.2,11.9,2023101726,2026.7.8,栗東,アルアイン,スーサンヘイロー,林千枝子,高昭牧場,,
栗東,C,右,20260708,水,5:21,ギャルズマインド,,牝,2,未出走,武幸四郎,,,,,79.7,64.0,50.3,36.7,23.8,12.0,,,,15.7,13.7,13.6,12.9,11.8,12.0,2024106450,2026.7.8,栗東,ロードカナロア,ダンダラ,藤田晋,ノーザンファーム,,
栗東,C,右,20260708,水,5:21,スーサンコルティナ,,牡,2,未出走,鈴木孝志,,177.6,123.2,99.3,81.6,67.0,52.9,38.2,24.0,11.9,54.4,23.9,17.7,14.6,14.1,14.7,14.2,12.1,11.9,2024102040,2026.7.8,栗東,シルバーステート,オーティニャック,林千枝子,富田牧場,,
栗東,C,右,20260708,水,5:21,ディープシャロー,,牡,3,0,本田優,,145.8,123.7,103.1,83.7,67.6,52.5,37.5,23.4,11.8,22.1,20.6,19.4,16.1,15.1,15.0,14.1,11.6,11.8,2023100621,2026.7.8,栗東,ドレフォン,ニカモレイ,深見敏男,天羽禮治,,
栗東,C,右,20260708,水,5:21,メイショウオーロラ,,牝,6,1500,本田優,,144.0,123.3,102.8,83.7,67.5,52.3,37.3,23.3,11.6,20.7,20.5,19.1,16.2,15.2,15.0,14.0,11.7,11.6,2020101209,2026.7.8,栗東,ホッコータルマエ,エンパイアガール,松本好隆,天羽牧場,,
栗東,C,右,20260708,水,5:21,メイショウジンソウ,,牡,3,未出走,本田優,,141.3,121.6,103.0,85.1,69.3,53.9,38.7,24.3,12.1,19.7,18.6,17.9,15.8,15.4,15.2,14.4,12.2,12.1,2023101043,2026.7.8,栗東,ゴールドドリーム,スイートマルセル,松本好隆,シンボリ牧場,,
栗東,C,右,20260708,水,5:21,リアライズセレスト,,牡,2,未出走,武幸四郎,,,,,81.1,65.4,51.4,36.8,23.8,12.1,,,,15.7,14.0,14.6,13.0,11.7,12.1,2024105755,2026.7.8,栗東,コントレイル,イルミナント,今福洋介,社台ファーム,,
栗東,C,右,20260708,水,5:22,メイショウズイウン,,牡,4,2400,本田優,,149.6,126.9,105.4,85.8,69.2,52.8,37.6,23.7,11.8,22.7,21.5,19.6,16.6,16.4,15.2,13.9,11.9,11.8,2022100154,2026.7.8,栗東,ホッコータルマエ,アクアブルーハート,松本好隆,高昭牧場,,
栗東,C,右,20260708,水,5:23,アレナパラシオ,,牡,5,1500,四位洋文,,148.2,127.1,106.9,87.9,71.2,55.6,39.7,24.6,12.0,21.1,20.2,19.0,16.7,15.6,15.9,15.1,12.6,12.0,2021100752,2026.7.8,栗東,シニスターミニスター,ルスナイプリンセス,ノルマンディーサラブレッドレーシング,高昭牧場,,
栗東,C,右,20260708,水,5:23,ジーティーマンフク,,牡,2,未出走,四位洋文,,146.4,125.4,105.2,86.8,70.3,54.8,39.2,24.3,11.9,21.0,20.2,18.4,16.5,15.5,15.6,14.9,12.4,11.9,2024102891,2026.7.8,栗東,スワーヴリチャード,ポエティックレガシー,田畑利彦,吉田ファーム,,
栗東,C,右,20260708,水,5:23,ロージーキャンドル,,牝,3,0,小栗実,,,,,,,54.1,38.5,24.3,11.9,,,,,,15.6,14.2,12.4,11.9,2023106792,2026.7.8,栗東,サトノクラウン,アドヴェントス,キャロットファーム,社台コーポレーション白老ファーム,,
栗東,C,右,20260708,水,5:23,ヴェストラン,,牡,5,440,本田優,,147.6,125.5,103.5,84.3,68.2,53.0,37.8,23.7,12.0,22.1,22.0,19.2,16.1,15.2,15.2,14.1,11.7,12.0,2021100695,2026.7.8,栗東,レインボーライン,アテナブルー,中西宏彰,ケンブリッジバレー,,
栗東,C,右,20260708,水,5:23,ヴェントゥーラ,,牝,4,900,小栗実,,,,,,,53.7,38.5,24.0,11.6,,,,,,15.2,14.5,12.4,11.6,2022104186,2026.7.8,栗東,サートゥルナーリア,リボンフラワー,飯田貴大,千代田牧場,,
栗東,C,右,20260708,水,5:24,ジャスティンガルフ,,牡,5,900,茶木太樹,,145.0,124.0,103.6,85.0,69.2,53.8,38.1,23.6,11.8,21.0,20.4,18.6,15.8,15.4,15.7,14.5,11.8,11.8,2021103255,2026.7.8,栗東,エピファネイア,ポールポジション2,三木正浩,三嶋牧場,,
栗東,C,右,20260708,水,5:24,レインボーステート,,牡,3,0,茶木太樹,,144.1,123.2,102.7,84.2,68.7,53.2,37.7,23.4,11.6,20.9,20.5,18.5,15.5,15.5,15.5,14.3,11.8,11.6,2023106943,2026.7.8,栗東,シルバーステート,カイルアコナ,シルクレーシング,ノーザンファーム,,
栗東,C,右,20260708,水,5:25,エスペシャリー,,牝,4,1500,四位洋文,,147.2,125.2,103.5,83.6,65.9,50.1,35.4,22.0,10.9,22.0,21.7,19.9,17.7,15.8,14.7,13.4,11.1,10.9,2022103707,2026.7.8,栗東,スワーヴリチャード,セイリングホーム,広尾レース,木村秀則,,
栗東,C,右,20260708,水,5:25,タイセイグローバル,,牡,3,0,小林真也,,177.0,153.6,132.1,112.1,93.2,74.4,54.4,34.9,17.0,23.4,21.5,20.0,18.9,18.8,20.0,19.5,17.9,17.0,2023105256,2026.7.8,栗東,アドマイヤマーズ,ラグプリンセス,田中成奉,社台ファーム,,
栗東,C,右,20260708,水,5:25,マーゴットユーカー,,牝,2,未出走,小林真也,,176.7,153.3,132.1,112.2,93.5,74.7,54.7,35.0,17.3,23.4,21.2,19.9,18.7,18.8,20.0,19.7,17.7,17.3,2024106214,2026.7.8,栗東,サリオス,エクシードリミッツ,前田良平,ノーザンファーム,,
栗東,C,右,20260708,水,5:27,スターアスコット,,牝,3,0,奥村豊,,,,,86.0,68.7,53.4,37.8,23.0,11.3,,,,17.3,15.3,15.6,14.8,11.7,11.3,2023100130,2026.7.8,栗東,モズアスコット,ハーバーコメット,会田浩史,さとう,,
栗東,C,右,20260708,水,5:27,タイセイゼスティ,,牡,3,0,奥村豊,,,,,84.9,68.4,53.3,38.1,23.9,12.1,,,,16.5,15.1,15.2,14.2,11.8,12.1,2023100969,2026.7.8,栗東,デクラレーションオブウォー,リンネ,田中成奉,下河辺牧場,,
栗東,C,右,20260708,水,5:27,タガノアニマシオン,,セ,4,900,奥村豊,,,,,86.1,69.1,53.9,38.3,23.9,12.0,,,,17.0,15.2,15.6,14.4,11.9,12.0,2022106564,2026.7.8,栗東,アニマルキングダム,タガノバトラ,八木良司,新冠タガノファーム,,
栗東,C,右,20260708,水,5:27,トップオブザライン,,セ,3,400,友道康夫,,144.1,123.4,104.5,87.6,71.8,55.8,39.2,24.1,11.8,20.7,18.9,16.9,15.8,16.0,16.6,15.1,12.3,11.8,2023105338,2026.7.8,栗東,ドレフォン,ラスティングソング,平田修,ノーザンファーム,,
栗東,C,右,20260708,水,5:27,フレミングフープ,,牝,5,2400,友道康夫,,144.5,123.9,104.9,87.8,72.0,56.0,39.3,24.0,11.6,20.6,19.0,17.1,15.8,16.0,16.7,15.3,12.4,11.6,2021105581,2026.7.8,栗東,ハーツクライ,シーズアタイガー,金子真人ホールディングス,ノーザンファーム,,
栗東,C,右,20260708,水,5:27,メイショウナルカミ,,牡,3,400,安達昭夫,,164.8,146.9,128.9,110.5,92.6,74.6,55.8,36.3,17.0,17.9,18.0,18.4,17.9,18.0,18.8,19.5,19.3,17.0,2023106560,2026.7.8,栗東,ゴールドシップ,メイショウルミナス,松本好隆,橋本牧場,,
栗東,C,右,20260708,水,5:27,ワイドアラジン,,牡,6,1500,奥村豊,,,,,86.1,68.8,53.3,37.7,23.2,11.8,,,,17.3,15.5,15.6,14.5,11.4,11.8,2020104550,2026.7.8,栗東,ダイワメジャー,トクラットリバー,幅田京子,飛野牧場,,
栗東,C,右,20260708,水,5:27,ワイドクリーガー,,牡,4,900,奥村豊,,,,,85.4,68.5,52.9,37.4,23.1,11.8,,,,16.9,15.6,15.5,14.3,11.3,11.8,2022105611,2026.7.8,栗東,サトノクラウン,ピュアアモーレ,幅田京子,新井牧場,,
栗東,C,右,20260708,水,5:27,ヴォルテックス,,牝,2,未出走,奥村豊,,,,,85.5,68.3,53.1,37.5,22.9,11.4,,,,17.2,15.2,15.6,14.6,11.5,11.4,2024106435,2026.7.8,栗東,レイデオロ,タイガーオーキッド,幅田昌伸,ノーザンファーム,,
栗東,C,右,20260708,水,5:29,リアルペガサス,,牡,5,450,大橋勇樹,,130.6,112.8,96.0,80.2,66.0,51.9,37.6,24.1,12.5,17.8,16.8,15.8,14.2,14.1,14.3,13.5,11.6,12.5,2021103316,2026.7.8,栗東,ダンカーク,ボストンビリーヴ,水谷光太郎,宮内牧場,,
栗東,C,右,20260708,水,5:30,エルドボルグ,,牡,2,未出走,斉藤崇史,,143.2,120.0,98.9,80.6,65.2,51.4,37.0,23.3,11.8,23.2,21.1,18.3,15.4,13.8,14.4,13.7,11.5,11.8,2024106314,2026.7.8,栗東,キタサンブラック,コンサートホール,サンデーレーシング,ノーザンファーム,,
栗東,C,右,20260708,水,5:30,カルロット,,牡,3,0,武幸四郎,,,,,,,70.9,51.4,33.1,16.2,,,,,,19.5,18.3,16.9,16.2,2023105339,2026.7.8,栗東,リオンディーズ,ラルケット,キーファーズ,ノーザンファーム,,
栗東,C,右,20260708,水,5:30,スーパーフラット,,牡,2,未出走,武幸四郎,,,,,,,70.7,52.1,33.8,16.7,,,,,,18.6,18.3,17.1,16.7,2024105739,2026.7.8,栗東,マテラスカイ,アルテミスハート,フィールドレーシング,社台ファーム,,
栗東,C,右,20260708,水,5:30,テルヴィセクス,,牡,3,400,斉藤崇史,,143.9,120.5,99.3,80.9,65.6,51.7,37.2,23.5,11.8,23.4,21.2,18.4,15.3,13.9,14.5,13.7,11.7,11.8,2023104355,2026.7.8,栗東,フォーウィールドライブ,ジョリーダンス,土井久美子,錦岡牧場,,
栗東,C,右,20260708,水,5:30,テーオータウンズ,,牡,3,0,藤岡健一,,150.8,128.3,105.5,85.5,69.3,54.0,38.4,24.1,11.9,22.5,22.8,20.0,16.2,15.3,15.6,14.3,12.2,11.9,2023102844,2026.7.8,栗東,アジアエクスプレス,グーテデロワ,小笹公也,田中裕之,,
栗東,C,右,20260708,水,5:30,ファイツオン,,牡,5,900,藤岡健一,,149.3,127.1,104.5,84.4,68.4,53.2,37.8,23.5,11.4,22.2,22.6,20.1,16.0,15.2,15.4,14.3,12.1,11.4,2021100476,2026.7.8,栗東,アルアイン,ソラコマチ,前田幸治,村上牧場,,
栗東,C,右,20260708,水,5:32,タガノアルトゥーラ,,牡,3,400,長谷川浩,,150.7,128.8,106.4,85.3,67.3,50.9,36.2,23.0,11.6,21.9,22.4,21.1,18.0,16.4,14.7,13.2,11.4,11.6,2023104315,2026.7.8,栗東,シルバーステート,タガノヴェローナ,八木良司,新冠タガノファーム,,
栗東,C,右,20260708,水,5:33,サトノライトニング,,牡,3,未出走,田中克典,,142.3,122.7,103.5,86.1,69.7,54.3,38.7,24.0,11.7,19.6,19.2,17.4,16.4,15.4,15.6,14.7,12.3,11.7,2023100995,2026.7.8,栗東,サンダースノー,チリエージェ,里見治,白井牧場,,
栗東,C,右,20260708,水,5:33,ザハント,,セ,4,400,田中克典,,143.1,123.3,104.1,86.5,70.2,54.8,39.0,24.1,11.7,19.8,19.2,17.6,16.3,15.4,15.8,14.9,12.4,11.7,2022102929,2026.7.8,栗東,マジェスティックウォリアー,フミノアマゾン,今村明浩,谷口牧場,,
栗東,C,右,20260708,水,5:33,タガノヘラクレス,,牡,5,900,千田輝彦,,,,,87.8,71.1,54.8,38.3,23.7,11.7,,,,16.7,16.3,16.5,14.6,12.0,11.7,2021106544,2026.7.8,栗東,シルバーステート,タガノグラッツェ,八木良司,新冠タガノファーム,,
栗東,C,右,20260708,水,5:33,ダノンプリマ,,牝,4,400,千田輝彦,,,,,88.1,71.4,55.5,39.2,24.5,12.2,,,,16.7,15.9,16.3,14.7,12.3,12.2,2022101434,2026.7.8,栗東,ダノンレジェンド,ダノンディーヴァ,ダノックス,下河辺牧場,,
栗東,C,右,20260708,水,5:33,メイショウオグマ,,セ,7,400,安達昭夫,,151.7,129.5,107.6,87.3,68.8,53.2,38.4,24.4,12.4,22.2,21.9,20.3,18.5,15.6,14.8,14.0,12.0,12.4,2019104261,2026.7.8,栗東,ホッコータルマエ,メイショウワゴコロ,松本好隆,中脇一幸,,
栗東,C,右,20260708,水,5:33,ヤマニンエルファバ,,牝,3,0,千田輝彦,,,,,88.3,70.9,55.0,39.3,24.4,11.6,,,,17.4,15.9,15.7,14.9,12.8,11.6,2023104362,2026.7.8,栗東,ルヴァンスレーヴ,ヤマニンバステト,土井肇,錦岡牧場,,
栗東,C,右,20260708,水,5:33,ルビドゥソレイユ,,牝,3,400,田中克典,,141.8,122.2,102.8,85.5,69.3,53.9,38.5,23.7,11.6,19.6,19.4,17.3,16.2,15.4,15.4,14.8,12.1,11.6,2023107081,2026.7.8,栗東,ドレフォン,スリジエ,ラ・メール,ノーザンファーム,,
栗東,C,右,20260708,水,5:38,ジャスパーロブスト,,セ,5,5300,森秀行,,,,,,,49.7,36.3,23.4,11.8,,,,,,13.4,12.9,11.6,11.8,2021110133,2026.7.8,栗東,Khozan,"Prize Informant",加藤和夫,"Rivermont Farm",,
栗東,C,右,20260708,水,5:38,ボヌールバイオ,,牝,3,0,畑端省吾,,145.3,126.4,106.7,87.7,70.8,55.0,38.9,24.1,11.7,18.9,19.7,19.0,16.9,15.8,16.1,14.8,12.4,11.7,2023100701,2026.7.8,栗東,ニューイヤーズデイ,アピールバイオ,竹田寿,沖田牧場,,
栗東,C,右,20260708,水,5:38,レヴロード,,牡,3,0,畑端省吾,,142.8,125.2,106.6,87.8,70.6,54.6,38.8,24.0,11.7,17.6,18.6,18.8,17.2,16.0,15.8,14.8,12.3,11.7,2023106139,2026.7.8,栗東,キセキ,アウラヴィータ,ディアレストクラブ,ディアレストクラブ,,
栗東,C,右,20260708,水,5:39,ウェイヨー,,牡,3,0,森秀行,,,,,,,51.7,36.9,23.5,11.6,,,,,,14.8,13.4,11.9,11.6,2023110087,2026.7.8,栗東,Upstart,"Sister Marette",藤田晋,"Stephanie Baltzan",,
栗東,C,右,20260708,水,5:39,バクソウシャチョウ,,牡,2,0,森秀行,,,,,,,51.5,36.9,23.4,11.4,,,,,,14.6,13.5,12.0,11.4,2024108273,2026.7.8,栗東,Charlatan,"Wind and Hope",ミキハウスHKサービス,"Don Alberto Corporation",,
栗東,C,右,20260708,水,5:40,ウインガラハッド,,牡,2,未出走,宮徹,,,,,80.7,65.1,50.4,36.1,22.7,11.4,,,,15.6,14.7,14.3,13.4,11.3,11.4,2024103547,2026.7.8,栗東,ビッグアーサー,コスモメリー,ウイン,ヒカル牧場,,
栗東,C,右,20260708,水,5:40,ブルーセルリアン,,牡,4,0,宮徹,,,,,82.8,66.6,51.3,36.9,23.3,11.8,,,,16.2,15.3,14.4,13.6,11.5,11.8,2022102325,2026.7.8,栗東,エイシンフラッシュ,チェキ,イクタ,川向高橋育成牧場,,
栗東,C,右,20260708,水,5:44,ライムシロップ,,牝,3,未出走,羽月友彦,,,,,,,74.9,55.1,35.6,17.4,,,,,,19.8,19.5,18.2,17.4,2023100142,2026.7.8,栗東,ゴールドドリーム,ライムスカッシュ,ノルマンディーサラブレッドレーシング,嶋田牧場,,
栗東,C,右,20260708,水,5:45,テスティモーネ,,牡,4,3600,大根田裕,,143.3,123.1,102.5,83.3,67.1,51.7,36.5,22.5,11.1,20.2,20.6,19.2,16.2,15.4,15.2,14.0,11.4,11.1,2022103686,2026.7.8,栗東,ドレフォン,ワイズアンサー,宮川純造,カタオカフアーム,,
栗東,C,右,20260708,水,5:46,アージュドール,,牡,3,0,森田直行,,,,,,,73.6,53.9,35.9,17.8,,,,,,19.7,18.0,18.1,17.8,2023105211,2026.7.8,栗東,オルフェーヴル,アガラデイ,岡田牧雄,アスラン,,
栗東,C,右,20260708,水,5:46,カフジミモレット,,牝,3,0,森田直行,,,,,,,72.7,53.8,35.9,17.9,,,,,,18.9,17.9,18.0,17.9,2023103890,2026.7.8,栗東,ドレフォン,サルスエラ,加藤千豊,レイクヴィラファーム,,
栗東,C,右,20260708,水,5:47,サーバルマインド,,牡,3,0,森田直行,,,,,,,77.6,58.0,38.0,18.7,,,,,,19.6,20.0,19.3,18.7,2023101685,2026.7.8,栗東,マインドユアビスケッツ,ウマコ,河原義宏,桑田フアーム,,
栗東,C,右,20260708,水,5:47,ダイメイプリンス,,牡,3,0,森田直行,,,,,,,81.2,59.0,38.1,18.9,,,,,,22.2,20.9,19.2,18.9,2023101606,2026.7.8,栗東,シルバーステート,ダイメイプリンセス,宮本孝一,横井哲,,
栗東,C,右,20260708,水,5:50,セイフウサツキ,,牡,4,0,松永幹夫,,,,,,,70.5,51.9,33.7,16.5,,,,,,18.6,18.2,17.2,16.5,2022101461,2026.7.8,栗東,サトノクラウン,モンローライン,柳田悠岐,下河辺牧場,,
栗東,C,右,20260708,水,5:52,ラホーヤアイズ,,牝,2,0,藤野健太,,,,,,,52.6,37.9,24.3,11.7,,,,,,14.7,13.6,12.6,11.7,2024104986,2026.7.8,栗東,カリフォルニアクローム,ラホーヤビーチ,ヒダカ・ブリーダーズ・ユニオン,藤原牧場,,
栗東,C,右,20260708,水,5:52,リチャードバローズ,,牡,5,1500,上村洋行,,,,,,,247.3,179.9,119.4,59.8,,,,,,67.4,60.5,59.6,59.8,2021103977,2026.7.8,栗東,エピファネイア,マルケサ,猪熊広次,タイヘイ牧場,,
栗東,C,右,20260708,水,5:53,テーオーレックス,,牡,3,0,岡田稲男,,,,,,,66.3,47.3,29.9,15.0,,,,,,19.0,17.4,14.9,15.0,2023101580,2026.7.8,栗東,サートゥルナーリア,テーオービクトリー,小笹公也,ヤナガワ牧場,,
栗東,C,右,20260708,水,5:53,ビーテリオス,,牝,2,未出走,藤野健太,,,,,,,72.4,50.3,31.8,15.9,,,,,,22.1,18.5,15.9,15.9,2024103670,2026.7.8,栗東,ゴールドドリーム,タマモカトルズ,馬場祥晃,豊栄牧場,,
栗東,C,右,20260708,水,5:53,プロットシッケンズ,,牡,3,0,岡田稲男,,,,,,,66.3,47.3,29.9,15.0,,,,,,19.0,17.4,14.9,15.0,2023101175,2026.7.8,栗東,ハービンジャー,リリックドラマ,ゴドルフィン,ダーレー・ジャパン・ファーム,,
栗東,C,右,20260708,水,5:55,ゼンノインヴォーク,,セ,7,400,緒方努,,,,,,,73.6,52.8,33.3,16.5,,,,,,20.8,19.5,16.8,16.5,2019100915,2026.7.8,栗東,シルバーステート,ヴォワルドール,大迫久美子,村上欽哉,,
栗東,C,右,20260708,水,5:57,リチャードバローズ,,牡,5,1500,上村洋行,,314.6,255.2,216.0,179.5,144.9,113.2,83.9,53.5,26.4,59.4,39.2,36.5,34.6,31.7,29.3,30.4,27.1,26.4,2021103977,2026.7.8,栗東,エピファネイア,マルケサ,猪熊広次,タイヘイ牧場,,
栗東,C,右,20260708,水,6:17,アスクブームキセキ,,牡,3,0,藤原英昭,,,,,,66.0,51.7,37.1,23.5,11.8,,,,,14.3,14.6,13.6,11.7,11.8,2023100472,2026.7.8,栗東,コントレイル,ストレイトガール,廣崎利洋HD,"ASK STUD",,
栗東,C,右,20260708,水,6:17,フランソワーズ,,牝,2,未出走,前川恭子,,,,,,,54.7,38.5,23.7,11.5,,,,,,16.2,14.8,12.2,11.5,2024105037,2026.7.8,栗東,エフフォーリア,エナチャン,桑畑夏美,前谷牧場,,
栗東,C,右,20260708,水,6:17,ペイシャシス,,牝,3,400,加藤公太,,,,,,,51.7,35.9,22.4,11.1,,,,,,15.8,13.5,11.3,11.1,2023102997,2026.7.8,栗東,シスキン,ペイシャフェリス,北所直人,友田牧場,,
栗東,C,右,20260708,水,6:18,バラジ,,セ,7,2400,井上智史,,,,,,,72.8,53.1,33.7,16.6,,,,,,19.7,19.4,17.1,16.6,2019106698,2026.7.8,栗東,ヴァンセンヌ,シーダーアラジ,岡田牧雄,増本牧場,,
栗東,C,右,20260708,水,6:19,エアアルチーナ,,牝,3,0,池添学,,144.2,123.4,103.6,85.5,69.3,53.8,38.2,23.4,11.5,20.8,19.8,18.1,16.2,15.5,15.6,14.8,11.9,11.5,2023110084,2026.7.8,栗東,"Gun Runner",Nokaze,ラッキーフィールド,"Sekie Yoshihara & Tsunebumi Yoshihara",,
栗東,C,右,20260708,水,6:19,エンルートフライト,,牡,2,未出走,池添学,,143.5,122.9,103.2,85.2,69.1,53.5,38.1,23.3,11.5,20.6,19.7,18.0,16.1,15.6,15.4,14.8,11.8,11.5,2024100037,2026.7.8,栗東,コントレイル,サピアウォーフ,シルクレーシング,天羽禮治牧場,,
栗東,C,右,20260708,水,6:19,オオツカ,,牡,3,400,大久保龍,,134.7,116.6,98.3,81.2,65.7,50.9,36.7,23.8,12.1,18.1,18.3,17.1,15.5,14.8,14.2,12.9,11.7,12.1,2023103919,2026.7.8,栗東,キタサンブラック,ブルーダイヤ,中辻明,秋田牧場,,
栗東,C,右,20260708,水,6:19,シャンドラテ,,牝,3,0,高橋康之,,142.0,122.9,103.8,86.2,70.2,54.6,38.3,23.2,11.2,19.1,19.1,17.6,16.0,15.6,16.3,15.1,12.0,11.2,2023101082,2026.7.8,栗東,シャンハイボビー,トーホウシンバル,KAJIMOTOホールディングス,竹島幸治,,
栗東,C,右,20260708,水,6:19,ジョバンニ,,牡,4,4950,杉山晴紀,,139.0,118.9,100.3,82.4,66.9,52.0,36.5,23.0,11.5,20.1,18.6,17.9,15.5,14.9,15.5,13.5,11.5,11.5,2022103995,2026.7.8,栗東,エピファネイア,ベアフットレディ,KRジャパン,タイヘイ牧場,,
栗東,C,右,20260708,水,6:19,トータルクラリティ,,セ,4,2000,池添学,,143.0,123.7,104.1,85.7,69.7,53.9,38.3,23.6,11.7,19.3,19.6,18.4,16.0,15.8,15.6,14.7,11.9,11.7,2022104971,2026.7.8,栗東,バゴ,ビットレート,キャロットファーム,ノーザンファーム,,
栗東,C,右,20260708,水,6:19,ニテンイチリュウ,,牡,3,0,高橋康之,,143.5,123.9,104.4,86.9,70.9,55.2,38.8,23.6,11.5,19.6,19.5,17.5,16.0,15.7,16.4,15.2,12.1,11.5,2023102190,2026.7.8,栗東,ディープブリランテ,ムサシレパード,岡田牧雄,北光牧場,,
栗東,C,右,20260708,水,6:19,フウセン,,牡,3,400,杉山晴紀,,139.6,119.7,101.0,83.0,67.4,52.3,36.7,22.9,11.5,19.9,18.7,18.0,15.6,15.1,15.6,13.8,11.4,11.5,2023104552,2026.7.8,栗東,コントレイル,フリートバーティー,FAレーシング,松浦牧場,,
栗東,C,右,20260708,水,6:19,ミュージシャン,,牡,4,1500,杉山晴紀,,138.8,119.2,100.3,82.7,67.5,52.8,38.0,23.8,11.7,19.6,18.9,17.6,15.2,14.7,14.8,14.2,12.1,11.7,2022103207,2026.7.8,栗東,ブリックスアンドモルタル,カンタービレ,石川達絵,三嶋牧場,,
栗東,C,右,20260708,水,6:19,ルクスディグニティ,,牡,3,0,昆貢,,140.3,120.5,101.3,83.9,68.1,53.0,37.7,23.1,11.5,19.8,19.2,17.4,15.8,15.1,15.3,14.6,11.6,11.5,2023100669,2026.7.8,栗東,リオンディーズ,サトノルミナス,ルクス,いとう牧場,,
栗東,C,右,20260708,水,6:20,イーブンベター,,牝,4,400,牧浦充徳,,138.5,119.6,101.4,84.0,68.7,53.8,38.4,24.2,12.1,18.9,18.2,17.4,15.3,14.9,15.4,14.2,12.1,12.1,2022106540,2026.7.8,栗東,リアルスティール,サムシングジャスト,グリーンファーム,那須野,,
栗東,C,右,20260708,水,6:20,グッジョブ,,牡,6,2400,牧浦充徳,,141.4,121.7,101.8,84.4,69.3,54.9,39.4,24.1,11.6,19.7,19.9,17.4,15.1,14.4,15.5,15.3,12.5,11.6,2020101182,2026.7.8,栗東,ベストウォーリア,ハッピーロングラン,馬場幸夫,雅牧場,,
栗東,C,右,20260708,水,6:20,サンライズマシュー,,牡,3,0,牧浦充徳,,143.8,123.0,102.7,85.1,70.2,55.4,39.6,24.3,11.7,20.8,20.3,17.6,14.9,14.8,15.8,15.3,12.6,11.7,2023100931,2026.7.8,栗東,キセキ,シルバーメール,ライフハウス,下河辺牧場,,
栗東,C,右,20260708,水,6:20,プリマアルバ,,牡,2,0,新谷功一,,140.9,121.5,101.3,83.6,67.7,53.4,38.3,24.0,12.0,19.4,20.2,17.7,15.9,14.3,15.1,14.3,12.0,12.0,2024100190,2026.7.8,栗東,ルーラーシップ,ツクバビューティ,白石明日香,奥山ファーム,,
栗東,C,右,20260708,水,6:20,マコトエウロペ,,牝,3,0,昆貢,,149.5,129.5,107.6,88.2,71.2,55.3,39.8,25.4,12.9,20.0,21.9,19.4,17.0,15.9,15.5,14.4,12.5,12.9,2023105054,2026.7.8,栗東,サートゥルナーリア,ジュデッカ,ディアマント,宮内牧場,,
栗東,C,右,20260708,水,6:20,レヴヴィ,,牝,3,0,新谷功一,,142.5,122.6,102.9,84.9,69.0,54.5,39.0,24.3,12.1,19.9,19.7,18.0,15.9,14.5,15.5,14.7,12.2,12.1,2023110042,2026.7.8,栗東,"Good Magic","Seasoned Warrior",前田幸治,"Russell Jones",,
栗東,C,右,20260708,水,6:20,ワラビガミ,,牝,3,0,新谷功一,,141.3,122.0,102.3,84.4,68.6,54.2,38.7,24.1,12.1,19.3,19.7,17.9,15.8,14.4,15.5,14.6,12.0,12.1,2023102698,2026.7.8,栗東,リアルスティール,ゴールデンドックエー,岡浩二,サンデーヒルズ,,
栗東,C,右,20260708,水,6:20,ヴァンヴィーヴ,,牡,5,900,牧浦充徳,,136.2,117.6,99.2,81.9,67.0,52.9,37.9,24.1,12.1,18.6,18.4,17.3,14.9,14.1,15.0,13.8,12.0,12.1,2021101399,2026.7.8,栗東,ダイワメジャー,サンドスラッシュ,エデンアソシエーション,下河辺牧場,,
栗東,C,右,20260708,水,6:21,タマモエース,,牡,7,900,宮地貴稔,,160.1,135.0,110.5,87.1,69.8,54.6,39.4,24.9,12.4,25.1,24.5,23.4,17.3,15.2,15.2,14.5,12.5,12.4,2019104010,2026.7.8,栗東,ワールドエース,ミサトサウス,タマモ,北光牧場,,
栗東,C,右,20260708,水,6:21,ファンビッチャン,,牡,2,未出走,長谷川浩,,136.6,117.2,98.9,81.6,66.1,51.5,37.3,23.7,12.0,19.4,18.3,17.3,15.5,14.6,14.2,13.6,11.7,12.0,2024108230,2026.7.8,栗東,Justify,Doubled,増田和啓,"Nancy Shuford",,
栗東,C,右,20260708,水,6:21,ラインメテオラ,,牡,3,0,長谷川浩,,136.9,117.2,98.9,81.7,66.1,51.5,37.4,23.7,12.0,19.7,18.3,17.2,15.6,14.6,14.1,13.7,11.7,12.0,2023101317,2026.7.8,栗東,リオンディーズ,ニューアイデア,大澤繁昌,日高大洋牧場,,
栗東,C,右,20260708,水,6:23,カレンラップスター,,牡,4,400,小林真也,,137.0,119.3,102.2,85.8,69.0,53.1,37.6,23.3,11.6,17.7,17.1,16.4,16.8,15.9,15.5,14.3,11.7,11.6,2022104723,2026.7.8,栗東,ルーラーシップ,カレンオプシス,鈴木隆司,ノーザンファーム,,
栗東,C,右,20260708,水,6:23,サントルドパリ,,牡,3,400,小林真也,,146.2,126.1,106.4,87.9,70.8,54.5,38.9,24.0,11.6,20.1,19.7,18.5,17.1,16.3,15.6,14.9,12.4,11.6,2023103761,2026.7.8,栗東,シスキン,エスプリドパリ,吉田晴哉,社台コーポレーション白老ファーム,,
栗東,C,右,20260708,水,6:23,リアルメッセージ,,牡,2,未出走,小林真也,,144.9,125.0,105.4,87.0,69.8,53.8,38.4,24.0,11.8,19.9,19.6,18.4,17.2,16.0,15.4,14.4,12.2,11.8,2024106077,2026.7.8,栗東,リアルインパクト,リーサルヒート,井内康之,社台ファーム,,
栗東,C,右,20260708,水,6:25,スノースケープ,,牝,3,400,中内田充,,,,,,,61.5,45.3,29.4,14.8,,,,,,16.2,15.9,14.6,14.8,2023107516,2026.7.8,栗東,Frankel,"Shadow Hunter",S.マグニア,"Capital Bloodstock",,
栗東,C,右,20260708,水,6:29,スマートケープ,,牝,6,1500,辻野泰之,,,,,,,53.0,37.6,24.4,12.8,,,,,,15.4,13.2,11.6,12.8,2020102187,2026.7.8,栗東,シニスターミニスター,スマートノエル,大川徹,本間牧場,,
栗東,C,右,20260708,水,6:31,イザショウブ,,牡,3,0,高橋亮,,158.2,138.9,119.6,101.6,84.8,67.6,49.2,31.2,15.8,19.3,19.3,18.0,16.8,17.2,18.4,18.0,15.4,15.8,2023100600,2026.7.8,栗東,キタサンブラック,カラヴェッラ,猪又晶介,天羽牧場,,
栗東,C,右,20260708,水,6:31,レアアース,,牡,2,未出走,高橋亮,,159.1,139.4,120.3,102.1,84.5,67.8,49.8,31.4,15.2,19.7,19.1,18.2,17.6,16.7,18.0,18.4,16.2,15.2,2024106129,2026.7.8,栗東,ダノンキングリー,アドゥール,寺田寿男,ノーザンファーム,,
栗東,C,右,20260708,水,6:34,ガイアメンテ,,牡,5,3800,須貝尚介,,140.5,120.6,101.4,83.9,68.1,52.7,36.7,22.0,10.9,19.9,19.2,17.5,15.8,15.4,16.0,14.7,11.1,10.9,2021105808,2026.7.8,栗東,ドゥラメンテ,ミュージカルロマンス,サンデーレーシング,ノーザンファーム,,
栗東,C,右,20260708,水,6:34,テーオーソラネル,,牡,7,2400,須貝尚介,,141.2,121.4,102.1,84.6,68.7,53.3,37.2,22.5,11.3,19.8,19.3,17.5,15.9,15.4,16.1,14.7,11.2,11.3,2019103817,2026.7.8,栗東,シルバーステート,アドマイヤチャーム,小笹公也,辻牧場,,
栗東,C,右,20260708,水,6:35,ブルボンクイーン,,牝,5,900,角田晃一,,138.4,116.6,97.4,80.5,64.7,50.2,36.6,23.4,11.9,21.8,19.2,16.9,15.8,14.5,13.6,13.2,11.5,11.9,2021100297,2026.7.8,栗東,キズナ,セレブラール,ノースヒルズ,土居牧場,,
栗東,C,右,20260708,水,6:41,サンマルマニック,,牝,3,0,千田輝彦,,,,,,,58.1,41.6,25.9,12.6,,,,,,16.5,15.7,13.3,12.6,2023107495,2026.7.8,栗東,タリスマニック,マリア,相馬勇,大作ステーブル,,
栗東,C,右,20260708,水,6:45,タガノアビー,,牝,4,2400,千田輝彦,,143.9,121.7,100.5,82.4,67.2,52.4,37.4,23.1,11.4,22.2,21.2,18.1,15.2,14.8,15.0,14.3,11.7,11.4,2022106562,2026.7.8,栗東,アニマルキングダム,タガノタイリン,八木良司,新冠タガノファーム,,
栗東,C,右,20260708,水,6:48,ピンクパンサー,,牝,3,0,庄野靖志,,,,,84.2,64.8,51.2,37.8,24.4,12.3,,,,19.4,13.6,13.4,13.4,12.1,12.3,2023100490,2026.7.8,栗東,アルアイン,フレイムコード,イクタ,川向高橋育成牧場,,
栗東,C,右,20260708,水,6:48,フォーチュンライド,,牝,3,400,福永祐一,,,,,,,53.7,37.7,23.0,11.2,,,,,,16.0,14.7,11.8,11.2,2023103343,2026.7.8,栗東,エピファネイア,エアワンピース,社台レースホース,社台ファーム,,
栗東,C,右,20260708,水,6:48,ベルコート,,牝,2,未出走,福永祐一,,137.3,117.5,99.1,82.5,67.2,52.3,37.4,23.2,11.6,19.8,18.4,16.6,15.3,14.9,14.9,14.2,11.6,11.6,2024106187,2026.7.8,栗東,サートゥルナーリア,ウェイヴェルアベニュー,平田修,ノーザンファーム,,
栗東,C,右,20260708,水,6:48,ロングトールサリー,,牝,3,400,福永祐一,,139.5,119.1,100.7,84.2,68.5,53.4,37.7,23.2,11.5,20.4,18.4,16.5,15.7,15.1,15.7,14.5,11.7,11.5,2023106995,2026.7.8,栗東,キタサンブラック,グローバルビューティ,エムズレーシング,ノーザンファーム,,
栗東,C,右,20260708,水,6:50,ブラックケリー,,牝,4,1500,長谷川浩,,,,,89.9,69.8,51.0,35.9,22.4,11.2,,,,20.1,18.8,15.1,13.5,11.2,11.2,2022100791,2026.7.8,栗東,モーリス,フィールグリュック,水谷美穂,中田英樹,,
栗東,C,右,20260708,水,6:51,サヴォンリンナ,,牝,4,1600,田中克典,,153.2,127.6,104.5,84.2,68.5,53.3,38.0,24.1,12.1,25.6,23.1,20.3,15.7,15.2,15.3,13.9,12.0,12.1,2022105696,2026.7.8,栗東,サトノダイヤモンド,サイマー,G1レーシング,追分ファーム,,
栗東,C,右,20260708,水,6:52,キュピドン,,牡,6,900,森秀行,,,,,,,88.4,63.6,41.1,20.4,,,,,,24.8,22.5,20.7,20.4,2020110065,2026.7.8,栗東,"American Pharoah","Chocolate Pop",前田幸貴,"Camas Park Stud & Lynch Bages LTD.",,
栗東,C,右,20260708,水,6:53,ジョン,,牡,2,未出走,小崎憲,,139.4,119.8,101.0,83.6,67.7,53.3,38.3,24.1,12.0,19.6,18.8,17.4,15.9,14.4,15.0,14.2,12.1,12.0,2024105038,2026.7.8,栗東,ミッキーアイル,カーフムーンベイ,ケーエスHD,前谷牧場,,
栗東,C,右,20260708,水,6:53,ヒーローインチーフ,,セ,5,900,吉田直弘,,,,,,,68.7,49.8,31.2,15.1,,,,,,18.9,18.6,16.1,15.1,2021106661,2026.7.8,栗東,ディスクリートキャット,カクテルラウンジ,岡田牧雄,ハクツ牧場,,
栗東,C,右,20260708,水,6:53,ロクメイカン,,牡,2,未出走,小崎憲,,138.7,119.2,100.4,83.0,67.2,52.8,38.0,23.9,11.8,19.5,18.8,17.4,15.8,14.4,14.8,14.1,12.1,11.8,2024106098,2026.7.8,栗東,ブリックスアンドモルタル,レディプランスアロット,グリーンファーム,社台ファーム,,
栗東,C,右,20260708,水,6:54,インザモーメント,,セ,5,1500,田中克典,,139.2,119.2,100.1,82.5,66.9,51.7,37.2,23.5,11.7,20.0,19.1,17.6,15.6,15.2,14.5,13.7,11.8,11.7,2021106635,2026.7.8,栗東,キズナ,ディルガ,前田幸大,ノースヒルズ,,
栗東,C,右,20260708,水,6:54,ブルックリンダンス,,牡,4,900,田中克典,,138.0,117.9,98.9,81.9,66.3,51.3,37.0,23.3,11.7,20.1,19.0,17.0,15.6,15.0,14.3,13.7,11.6,11.7,2022105791,2026.7.8,栗東,ルヴァンスレーヴ,サダムグランジュテ,シルクレーシング,社台コーポレーション白老ファーム,,
栗東,C,右,20260708,水,6:57,タイセイレスポンス,,セ,5,1500,安田翔伍,,183.3,160.0,136.5,114.4,93.6,74.5,55.5,36.3,17.9,23.3,23.5,22.1,20.8,19.1,19.0,19.2,18.4,17.9,2021105646,2026.7.8,栗東,ミッキーアイル,チャイマックス,田中成奉,ノーザンファーム,,
栗東,C,右,20260708,水,6:59,エンマ,,牡,4,900,武英智,,155.5,134.0,112.8,93.1,75.1,57.0,40.0,24.2,11.6,21.5,21.2,19.7,18.0,18.1,17.0,15.8,12.6,11.6,2022102956,2026.7.8,栗東,バゴ,ウェルノーテッド,村木慎吾,辻牧場,,
栗東,C,右,20260708,水,6:59,ジューンセクレタ,,牡,3,400,武英智,,154.9,133.3,111.7,92.4,74.8,56.5,39.6,24.0,11.5,21.6,21.6,19.3,17.6,18.3,16.9,15.6,12.5,11.5,2023110029,2026.7.8,栗東,"Maclean's Music","Bazinga Baby",吉川潤,"Town & Country Farms LLC",,
栗東,C,右,20260708,水,6:59,ソリドゥス,,牡,2,未出走,安達昭夫,,,,,,,75.7,56.6,37.7,19.7,,,,,,19.1,18.9,18.0,19.7,2024104583,2026.7.8,栗東,アジアエクスプレス,グッドアズゴールド,京都ホースレーシング,高橋フアーム,,
栗東,C,右,20260708,水,7:00,テイエムパイロット,,牡,4,900,秋山真一,,137.9,119.5,101.8,85.3,70.4,55.3,39.7,24.7,12.2,18.4,17.7,16.5,14.9,15.1,15.6,15.0,12.5,12.2,2022103775,2026.7.8,栗東,パイロ,ピンクドッグウッド,竹園正繼,グランド牧場,,
栗東,C,右,20260708,水,7:00,メイショウテンジン,,牡,3,0,高橋亮,,171.3,149.5,127.9,108.1,89.7,71.0,51.5,32.7,16.1,21.8,21.6,19.8,18.4,18.7,19.5,18.8,16.6,16.1,2023106567,2026.7.8,栗東,フォーウィールドライブ,メイショウミソラ,松本好隆,富田牧場,,
栗東,C,右,20260708,水,7:00,ラルヴァンダード,,牡,3,0,安田翔伍,,154.1,131.4,108.9,88.9,72.4,57.0,41.7,26.5,13.1,22.7,22.5,20.0,16.5,15.4,15.3,15.2,13.4,13.1,2023107236,2026.7.8,栗東,エピファネイア,マジックアティテュード,キャロットファーム,ノーザンファーム,,
栗東,C,右,20260708,水,7:00,リントゥラウル,,牡,3,0,秋山真一,,136.6,117.7,100.1,84.3,69.5,54.8,39.4,24.6,12.2,18.9,17.6,15.8,14.8,14.7,15.4,14.8,12.4,12.2,2023101735,2026.7.8,栗東,キズナ,ノースパストラル,ノースヒルズ,高昭牧場,,
栗東,C,右,20260708,水,7:01,エイコーンドリーム,,牝,3,400,河嶋宏樹,,,,,,,54.9,38.2,22.9,11.1,,,,,,16.7,15.3,11.8,11.1,2023104858,2026.7.8,栗東,ルヴァンスレーヴ,エイコーンウィル,ローレルレーシング,杵臼牧場,,
栗東,C,右,20260708,水,7:08,ジーティースティア,,牡,3,0,藤野健太,,,,,83.4,67.6,53.4,38.4,24.4,12.6,,,,15.8,14.2,15.0,14.0,11.8,12.6,2023107300,2026.7.8,栗東,ルーラーシップ,ラトゥールレディー,田畑利彦,ノーザンファーム,,
栗東,C,右,20260708,水,7:08,ネッカーズルム,,牡,3,0,藤野健太,,,,,82.0,66.2,52.0,37.3,23.4,11.7,,,,15.8,14.2,14.7,13.9,11.7,11.7,2023103639,2026.7.8,栗東,フォーウィールドライブ,ティッカーテープ,栗山学,市川牧場,,
栗東,C,右,20260708,水,7:08,ブレイクアウェイ,,牡,2,未出走,上村洋行,,,,,126.6,102.9,80.5,58.4,37.8,19.1,,,,23.7,22.4,22.1,20.6,18.7,19.1,2024105872,2026.7.8,栗東,キズナ,ザウェイアイアム,ライオンレースホース,社台ファーム,,
栗東,C,右,20260708,水,7:08,ベラジオパンテーラ,,牡,2,未出走,上村洋行,,,,,125.8,101.8,79.5,57.3,36.6,17.6,,,,24.0,22.3,22.2,20.7,19.0,17.6,2024107026,2026.7.8,栗東,キズナ,ダイワダッチェス,ベラジオレーシング,社台コーポレーション白老ファーム,,
栗東,C,右,20260708,水,7:08,ルージュマデイラ,,牝,3,0,上村洋行,,,,,125.6,101.7,79.4,57.3,36.6,17.7,,,,23.9,22.3,22.1,20.7,18.9,17.7,2023102228,2026.7.8,栗東,モーリス,ダーヌビウス,東京ホースレーシング,三嶋牧場,,
栗東,C,右,20260708,水,7:10,ダイメイクマモト,,牡,3,0,秋山真一,,148.1,125.3,105.8,87.6,71.3,55.0,39.4,24.5,12.0,22.8,19.5,18.2,16.3,16.3,15.6,14.9,12.5,12.0,2023101607,2026.7.8,栗東,ホッコータルマエ,ダイメイムーン,宮本孝一,横井哲,,
栗東,C,右,20260708,水,7:12,ゼンノゾンターク,,牡,3,0,緒方努,,146.9,124.5,102.6,83.6,68.1,53.1,37.4,23.6,12.0,22.4,21.9,19.0,15.5,15.0,15.7,13.8,11.6,12.0,2023104605,2026.7.8,栗東,ダノンプレミアム,ヴォワルドール,大迫久美子,村上欽哉,,
栗東,C,右,20260708,水,7:12,フェーエンハフト,,牝,2,未出走,緒方努,,145.7,123.0,101.4,82.7,67.3,52.2,36.8,23.2,11.6,22.7,21.6,18.7,15.4,15.1,15.4,13.6,11.6,11.6,2024105969,2026.7.8,栗東,ダノンバラード,ナイトイーグル,吉田照哉,社台ファーム,,
栗東,C,右,20260708,水,7:12,ムーヴザニードル,,牝,3,0,緒方努,,148.6,125.6,104.0,84.6,68.7,53.6,37.8,23.9,12.2,23.0,21.6,19.4,15.9,15.1,15.8,13.9,11.7,12.2,2023101152,2026.7.8,栗東,ファインニードル,パテントジョイ,ゴドルフィン,ダーレー・ジャパン・ファーム,,
栗東,C,右,20260708,水,7:14,タナスーペルノーバ,,牡,3,900,寺島良,,,,,,,53.9,38.1,23.6,11.6,,,,,,15.8,14.5,12.0,11.6,2023102661,2026.7.8,栗東,ダノンプレミアム,タナノフローラ,田中俊彰,坂本智広,,
栗東,C,右,20260708,水,7:14,ダノンカゼルタ,,セ,4,900,寺島良,,,,,,,53.4,37.6,23.4,11.6,,,,,,15.8,14.2,11.8,11.6,2022104719,2026.7.8,栗東,サートゥルナーリア,カゼルタ,ダノックス,ノーザンファーム,,
栗東,C,右,20260708,水,7:14,ハナコトバ,,牝,3,0,寺島良,,,,,,,53.0,37.3,23.2,11.5,,,,,,15.7,14.1,11.7,11.5,2023102984,2026.7.8,栗東,ラブリーデイ,ブラックジュエリー,飛野牧場,飛野牧場,,
栗東,C,右,20260708,水,7:16,ジーティーリボーン,,牝,3,0,中村直也,,,,,,,69.8,49.4,31.7,15.6,,,,,,20.4,17.7,16.1,15.6,2023105353,2026.7.8,栗東,ナダル,ロゼヤ,田畑利彦,丸幸小林牧場,,
栗東,C,右,20260708,水,7:16,マリアンデール,,牝,2,未出走,中村直也,,,,,,,70.0,50.2,32.0,15.7,,,,,,19.8,18.2,16.3,15.7,2024103955,2026.7.8,栗東,シルバーステート,スティーミーウィンドウズ,森永聡,森永聡,,
栗東,C,右,20260708,水,7:16,レイクイーン,,牝,2,未出走,中村直也,,,,,,,70.6,51.0,32.3,16.1,,,,,,19.6,18.7,16.2,16.1,2024105648,2026.7.8,栗東,グレーターロンドン,ルクスレジーナ,杉山忠国,明治牧場,,
栗東,C,右,20260708,水,7:18,テーオールビー,,牝,5,1500,宮徹,,,,,,,71.7,52.1,32.6,16.1,,,,,,19.6,19.5,16.5,16.1,2021109027,2026.7.8,栗東,サンダースノー,レディロックバンド,小笹公也,風ノ丘ファーム,,
栗東,C,右,20260708,水,7:21,ザックザク,,牡,4,900,渡辺薫彦,,,,,,,74.5,54.1,34.8,17.5,,,,,,20.4,19.3,17.3,17.5,2022100476,2026.7.8,栗東,フォーウィールドライブ,ケージーハッピー,佐伯太朗,稲葉牧場,,
栗東,C,右,20260708,水,7:21,トラステッド,,牝,3,0,宮本博,,140.5,120.4,101.5,84.4,69.3,54.0,39.1,24.9,12.0,20.1,18.9,17.1,15.1,15.3,14.9,14.2,12.9,12.0,2023104982,2026.7.8,栗東,マクフィ,エフティアテナ,稲場澄,日の出牧場,,
栗東,C,右,20260708,水,7:21,ベニバナ,,牝,2,未出走,渡辺薫彦,,,,,,,74.3,54.1,34.8,17.5,,,,,,20.2,19.3,17.3,17.5,2024104447,2026.7.8,栗東,モーリス,ファートゥア,岡浩二,サンデーヒルズ,,
栗東,C,右,20260708,水,7:21,ペルセポネ,,牝,3,400,渡辺薫彦,,,,,,,74.3,54.1,34.8,17.5,,,,,,20.2,19.3,17.3,17.5,2023104596,2026.7.8,栗東,ナダル,ハルサンサン,カナヤマホールディングス,三村卓也,,
栗東,C,右,20260708,水,7:22,エアフォースワン,,牡,7,400,大根田裕,,142.3,121.2,101.6,83.7,68.5,53.8,38.9,24.8,12.1,21.1,19.6,17.9,15.2,14.7,14.9,14.1,12.7,12.1,2019103506,2026.7.8,栗東,リヤンドファミユ,レディラック,駒秀,大西ファーム,,
栗東,C,右,20260708,水,7:22,ハッピーチャンス,,牝,3,0,牧田和弥,,149.0,126.8,105.7,87.0,70.5,54.4,38.3,23.9,12.1,22.2,21.1,18.7,16.5,16.1,16.1,14.4,11.8,12.1,2023100057,2026.7.8,栗東,コパノリッキー,ハッピーエム,三宅勝俊,沖田博志,,
栗東,C,右,20260708,水,7:23,バニーラビット,,牡,4,400,武幸四郎,,,,,128.9,105.7,85.2,63.5,40.8,20.0,,,,23.2,20.5,21.7,22.7,20.8,20.0,2022104929,2026.7.8,栗東,アドマイヤマーズ,トレジャリング,藤田晋,ノーザンファーム,,
栗東,C,右,20260708,水,7:24,ウインポセイドン,,牡,4,400,奥村豊,,,,,87.6,70.6,54.7,38.7,23.8,11.7,,,,17.0,15.9,16.0,14.9,12.1,11.7,2022101102,2026.7.8,栗東,ゴールドシップ,サマーラグーン,ウイン,荒井ファーム,,
栗東,C,右,20260708,水,7:24,ロードハイエンド,,牡,2,未出走,奥村豊,,,,,87.8,71.1,55.0,39.5,24.8,12.5,,,,16.7,16.1,15.5,14.7,12.3,12.5,2024105319,2026.7.8,栗東,ダノンプレミアム,ワイルドココ,ロードホースクラブ,ケイアイファーム,,
栗東,C,右,20260708,水,7:24,ワイドヴィンクルム,,セ,3,未出走,奥村豊,,,,,86.9,70.1,54.1,38.4,23.5,11.6,,,,16.8,16.0,15.7,14.9,11.9,11.6,2023101316,2026.7.8,栗東,ドレフォン,ドルドラムズ,幅田京子,日高大洋牧場,,
栗東,C,右,20260708,水,7:44,アンヘリータス,,牝,3,900,吉村圭司,,,,,83.2,68.3,53.6,38.7,24.5,12.3,,,,14.9,14.7,14.9,14.2,12.2,12.3,2023109164,2026.7.8,栗東,ニューイヤーズデイ,ファッチョイオ,KRジャパン,本田土寿,,
栗東,C,右,20260708,水,7:44,ワンダーカモン,,牡,5,900,吉村圭司,,,,,82.7,67.6,53.2,38.4,24.3,12.2,,,,15.1,14.4,14.8,14.1,12.1,12.2,2021100739,2026.7.8,栗東,ワールドエース,ホッコータピタン,山本能成,高昭牧場,,
栗東,C,右,20260708,水,7:45,ジョワイユノエル,,牝,4,400,辻野泰之,,,,,85.8,69.7,54.3,38.2,23.1,11.5,,,,16.1,15.4,16.1,15.1,11.6,11.5,2022105715,2026.7.8,栗東,キタサンブラック,ナターレ,G1レーシング,追分ファーム,,
栗東,C,右,20260708,水,7:45,フェリシタル,,牝,2,未出走,辻野泰之,,,,,85.3,69.4,53.9,38.0,23.0,11.4,,,,15.9,15.5,15.9,15.0,11.6,11.4,2024102322,2026.7.8,栗東,キズナ,レネーズタイタン,"Blooming Racing",三嶋牧場,,
栗東,C,右,20260708,水,7:45,レーゼドラマ,,牝,4,3500,辻野泰之,,,,,84.5,68.9,53.4,37.7,22.8,11.3,,,,15.6,15.5,15.7,14.9,11.5,11.3,2022105346,2026.7.8,栗東,キズナ,シアードラマ,社台レースホース,社台ファーム,,
栗東,C,右,20260708,水,7:46,ダーコ,,牝,3,未出走,長谷川浩,,140.3,121.2,102.8,84.7,67.7,52.5,37.9,23.9,11.6,19.1,18.4,18.1,17.0,15.2,14.6,14.0,12.3,11.6,2023103497,2026.7.8,栗東,ロードカナロア,ノーワン,増田和啓,社台ファーム,,
栗東,C,右,20260708,水,7:47,マルモリムソウ,,牡,2,未出走,大橋勇樹,,138.7,119.7,101.1,83.8,68.4,53.2,37.5,23.0,11.5,19.0,18.6,17.3,15.4,15.2,15.7,14.5,11.5,11.5,2024101644,2026.7.8,栗東,ビッグアーサー,オリーブジュエル,山下繁美,金石牧場,,
栗東,C,右,20260708,水,7:47,メイショウメゴヒメ,,牝,3,0,大橋勇樹,,140.8,121.2,101.8,84.3,68.9,53.6,37.8,23.2,11.6,19.6,19.4,17.5,15.4,15.3,15.8,14.6,11.6,11.6,2023109040,2026.7.8,栗東,アニマルキングダム,メイショウアシタバ,松本好隆,谷川ファーム,,
栗東,C,右,20260708,水,7:47,レザンクレール,,牝,5,400,西村真幸,,133.9,115.3,97.7,81.3,66.8,52.9,38.7,24.9,12.8,18.6,17.6,16.4,14.5,13.9,14.2,13.8,12.1,12.8,2021105794,2026.7.8,栗東,キズナ,マンビア,キャロットファーム,ノーザンファーム,,
栗東,C,右,20260708,水,7:47,レーンアジリティ,,牡,4,400,中尾秀正,,,,,82.0,65.4,50.7,36.1,22.5,11.4,,,,16.6,14.7,14.6,13.6,11.1,11.4,2022107325,2026.7.8,栗東,ルヴァンスレーヴ,マザーズウィッシュ,野田政義,中村弘昭,,
栗東,C,右,20260708,水,7:50,キーウェーブ,,牡,5,900,宮地貴稔,,135.1,116.1,97.1,80.4,66.1,52.4,37.9,23.9,12.0,19.0,19.0,16.7,14.3,13.7,14.5,14.0,11.9,12.0,2021102561,2026.7.8,栗東,ミッキーロケット,キャンディキー,北前孔一郎,赤田牧場,,
栗東,C,右,20260708,水,7:50,コスモルミナ,,牡,2,未出走,宮地貴稔,,137.4,117.4,98.3,81.7,67.2,53.0,38.3,24.2,12.1,20.0,19.1,16.6,14.5,14.2,14.7,14.1,12.1,12.1,2024103655,2026.7.8,栗東,ベンバトル,ルミナスライン,ブルースターズファーム,ブルースターズファーム,,
栗東,C,右,20260708,水,7:50,シャンデルナゴル,,牡,6,1600,石坂公一,,154.8,134.0,110.8,85.3,68.0,52.8,37.7,23.4,11.5,20.8,23.2,25.5,17.3,15.2,15.1,14.3,11.9,11.5,2020103193,2026.7.8,栗東,サトノダイヤモンド,アガルタ,吉田勝己,ノーザンファーム,,
栗東,C,右,20260708,水,7:50,ゼットエイト,,牡,4,400,宮地貴稔,,138.2,117.9,98.9,81.9,67.4,53.1,38.5,24.5,12.3,20.3,19.0,17.0,14.5,14.3,14.6,14.0,12.2,12.3,2022101889,2026.7.8,栗東,シルバーステート,ゼットイーリス,フォーレスト,ノースガーデン,,
栗東,C,右,20260708,水,7:50,ヤマニンブークリエ,,牡,4,2100,松永幹夫,,138.2,119.2,100.7,83.1,66.5,50.6,36.0,22.9,11.7,19.0,18.5,17.6,16.6,15.9,14.6,13.1,11.2,11.7,2022106611,2026.7.8,栗東,キタサンブラック,ヤマニンプードレ,土井肇,錦岡牧場,,
栗東,C,右,20260708,水,7:51,ベルセクレト,,牝,3,0,藤岡健一,,,,,91.8,71.6,54.1,38.2,23.9,11.4,,,,20.2,17.5,15.9,14.3,12.5,11.4,2023109072,2026.7.8,栗東,リアルスティール,ベルリオーズ,那須野牧場,恵比寿興業株式会社那須野牧場,,
栗東,C,右,20260708,水,7:51,ミリタリータトゥー,,牝,3,400,藤岡健一,,,,,91.8,71.6,54.2,38.3,24.0,11.4,,,,20.2,17.4,15.9,14.3,12.6,11.4,2023101180,2026.7.8,栗東,デクラレーションオブウォー,レディマクベス,ゴドルフィン,ダーレー・ジャパン・ファーム,,
栗東,C,右,20260708,水,7:52,スズカローズキング,,牡,3,0,橋田宜長,,145.9,123.6,102.1,83.6,67.6,51.6,36.7,23.5,12.1,22.3,21.5,18.5,16.0,16.0,14.9,13.2,11.4,12.1,2023104930,2026.7.8,栗東,スズカコーズウェイ,スズカローラン,永井宏明,辻牧場,,
栗東,C,右,20260708,水,7:52,スワッグウォーク,,牡,2,未出走,武幸四郎,,,,,81.0,65.9,51.5,37.1,23.4,11.5,,,,15.1,14.4,14.4,13.7,11.9,11.5,2024106558,2026.7.8,栗東,コントレイル,ブリリアントカット,藤田晋,ノーザンファーム,,
栗東,C,右,20260708,水,7:52,バリオス,,牡,3,400,武幸四郎,,,,,82.9,67.0,52.1,37.6,23.8,11.9,,,,15.9,14.9,14.5,13.8,11.9,11.9,2023105354,2026.7.8,栗東,キタサンブラック,アンジュシュエット,前田幸治,桑田牧場,,
栗東,C,右,20260708,水,7:52,マーヴィン,,牡,2,未出走,武幸四郎,,,,,82.4,67.1,52.8,38.2,24.4,12.5,,,,15.3,14.3,14.6,13.8,11.9,12.5,2024100038,2026.7.8,栗東,キタサンブラック,サムカインドオブブルー,ケイズジャパン,天羽禮治牧場,,
栗東,C,右,20260708,水,7:52,メイショウアボット,,牡,4,500,武幸四郎,,,,,82.4,66.7,51.7,37.3,23.6,11.7,,,,15.7,15.0,14.4,13.7,11.9,11.7,2022103249,2026.7.8,栗東,ドレフォン,メイショウアステカ,松本好隆,三嶋牧場,,
栗東,C,右,20260708,水,7:53,セクシーマージュ,,牝,4,400,小椋研介,,,,,,,53.3,37.6,23.4,11.6,,,,,,15.7,14.2,11.8,11.6,2022103729,2026.7.8,栗東,タワーオブロンドン,アリュマージュ,フォレストレーシング,グランド牧場,,
栗東,C,右,20260708,水,7:53,トーアウィリアム,,牡,3,0,牧田和弥,,317.7,257.7,202.2,150.4,111.6,87.4,63.3,41.8,20.5,60.0,55.5,51.8,38.8,24.2,24.1,21.5,21.3,20.5,2023103848,2026.7.8,栗東,アポロキングダム,トーアヴィルヌーヴ,高山ランド,トーア牧場,,
栗東,C,右,20260708,水,7:53,ハッピーダンチャン,,牡,4,900,小椋研介,,,,,,,55.7,39.3,24.7,12.4,,,,,,16.4,14.6,12.3,12.4,2022100529,2026.7.8,栗東,ダンカーク,ハッピーエム,三宅勝俊,沖田博志,,
栗東,C,右,20260708,水,7:53,レッドレヴェリー,,牡,2,未出走,武幸四郎,,,,,112.3,93.1,75.2,57.1,38.6,18.9,,,,19.2,17.9,18.1,18.5,19.7,18.9,2024105908,2026.7.8,栗東,オルフェーヴル,ステイホット,東京ホースレーシング,社台ファーム,,
栗東,C,右,20260708,水,7:54,ハピアーザンエバー,,牡,5,900,羽月友彦,,,,,,,74.0,54.4,36.3,18.0,,,,,,19.6,18.1,18.3,18.0,2021106854,2026.7.8,栗東,リオンディーズ,エバープリンセス,田畑利彦,ホース・マネジメント・ボス,,
栗東,C,右,20260708,水,7:54,ラヴエナストロ,,牝,3,0,石坂公一,,,,,,,55.8,40.2,25.7,12.8,,,,,,15.6,14.5,12.9,12.8,2023103911,2026.7.8,栗東,シスキン,リリアンフェルス,村尾賢二,レイクヴィラファーム,,
栗東,C,右,20260708,水,7:56,ゲッティヴィラ,,牡,4,2400,小栗実,,,,,83.3,67.4,52.5,37.6,23.2,11.5,,,,15.9,14.9,14.9,14.4,11.7,11.5,2022110151,2026.7.8,栗東,Frosted,"Miss Malibu",ノースヒルズ,"Zachary Walker",,
栗東,C,右,20260708,水,7:56,ソーニーイシュー,,牡,5,2400,千田輝彦,,,,,,,52.2,37.4,23.6,11.6,,,,,,14.8,13.8,12.0,11.6,2021101705,2026.7.8,栗東,シニスターミニスター,ローズストリート,ゴドルフィン,ダーレー・ジャパン・ファーム,,
栗東,C,右,20260708,水,7:56,タガノアルブラック,,牝,3,400,千田輝彦,,,,,,,54.7,38.1,23.5,11.7,,,,,,16.6,14.6,11.8,11.7,2023104333,2026.7.8,栗東,デクラレーションオブウォー,ラーダー,八木良司,新冠タガノファーム,,
栗東,C,右,20260708,水,7:57,アスクエピソード,,牡,6,900,坂口智康,,149.9,126.9,105.5,85.7,70.0,54.7,38.7,23.7,11.7,23.0,21.4,19.8,15.7,15.3,16.0,15.0,12.0,11.7,2020101031,2026.7.8,栗東,ハーツクライ,ネヴァーピリオド,廣崎利洋HD,"ASK STUD",,
栗東,C,右,20260708,水,7:57,プシュカル,,牡,3,0,坂口智康,,149.8,126.9,105.3,85.6,69.9,54.9,39.0,24.1,12.0,22.9,21.6,19.7,15.7,15.0,15.9,14.9,12.1,12.0,2023106137,2026.7.8,栗東,シャンハイボビー,トゥルーストーリー,手嶋康雄,新井昭二牧場,,
栗東,C,右,20260708,水,7:57,メイショウジェード,,牡,2,未出走,本田優,,142.1,120.6,100.2,81.5,65.8,51.3,37.1,23.4,11.9,21.5,20.4,18.7,15.7,14.5,14.2,13.7,11.5,11.9,2024102305,2026.7.8,栗東,ダノンキングリー,メイショウブーケ,松本好隆,三嶋牧場,,
栗東,C,右,20260708,水,7:57,メイショウピリカ,,牝,4,400,本田優,,142.0,120.2,99.9,81.3,65.7,51.3,37.0,23.4,11.9,21.8,20.3,18.6,15.6,14.4,14.3,13.6,11.5,11.9,2022102550,2026.7.8,栗東,オルフェーヴル,メイショウバーズ,松本好隆,中脇一幸,,
栗東,C,右,20260708,水,7:57,レガリアーナ,,牝,3,0,安達昭夫,,151.8,130.2,109.1,88.9,71.2,55.7,39.8,24.8,11.9,21.6,21.1,20.2,17.7,15.5,15.9,15.0,12.9,11.9,2023103763,2026.7.8,栗東,トーセンラー,オルトルート,中塚孝明,社台コーポレーション白老ファーム,,
栗東,C,右,20260708,水,7:58,ヴァレッタカズマ,,牡,7,0,藤野健太,,175.6,154.4,133.6,113.0,93.9,74.9,55.0,36.0,17.9,21.2,20.8,20.6,19.1,19.0,19.9,19.0,18.1,17.9,2019105292,2026.7.8,栗東,ミッキーアイル,ティッカーコード,吉田和美,ノーザンファーム,,
栗東,C,右,20260708,水,8:00,エシェックオロワ,,セ,3,400,千田輝彦,,,,,88.1,70.8,55.0,39.6,25.4,13.1,,,,17.3,15.8,15.4,14.2,12.3,13.1,2023103755,2026.7.8,栗東,ミッキーアイル,ウィズエモーション,吉田照哉,社台コーポレーション白老ファーム,,
栗東,C,右,20260708,水,8:00,コンテナワールド,,牡,5,0,中竹和也,,138.1,118.9,100.1,82.2,66.6,51.7,36.9,23.3,11.6,19.2,18.8,17.9,15.6,14.9,14.8,13.6,11.7,11.6,2021104924,2026.7.8,栗東,エピファネイア,ユッカマウンテン,住谷孝一,社台コーポレーション白老ファーム,,
栗東,C,右,20260708,水,8:00,ラミエルノムスコ,,牡,3,0,千田輝彦,,,,,84.6,67.7,52.4,37.5,23.6,12.0,,,,16.9,15.3,14.9,13.9,11.6,12.0,2023103248,2026.7.8,栗東,シルバーステート,ラミエル,桑畑夏美,前谷牧場,,
栗東,C,右,20260708,水,8:01,アマキヒ,,牡,4,2400,橋田宜長,,,,,,,66.1,48.3,30.7,15.5,,,,,,17.8,17.6,15.2,15.5,2022104615,2026.7.8,栗東,ブラックタイド,アパパネ,金子真人ホールディングス,ノーザンファーム,,
栗東,C,右,20260708,水,8:03,グラスベルグ,,牝,3,400,斉藤崇史,,139.5,120.0,100.8,83.5,68.0,53.0,37.8,23.5,11.5,19.5,19.2,17.3,15.5,15.0,15.2,14.3,12.0,11.5,2023107007,2026.7.8,栗東,アドマイヤマーズ,ゴールドエッセンス,吉田勝己,ノーザンファーム,,
栗東,C,右,20260708,水,8:03,センツブラッド,,牡,4,2550,斉藤崇史,,138.9,119.5,100.4,83.1,67.7,52.7,37.5,23.2,11.5,19.4,19.1,17.3,15.4,15.0,15.2,14.3,11.7,11.5,2022101648,2026.7.8,栗東,ルーラーシップ,サマーセント,ゴドルフィン,ダーレー・ジャパン・ファーム,,
栗東,C,右,20260708,水,8:09,ジュンヴァンケット,,セ,5,1500,友道康夫,,,,,,,62.3,46.1,30.2,15.0,,,,,,16.2,15.9,15.2,15.0,2021107180,2026.7.8,栗東,キズナ,ピクシーホロウ,河合純二,ノーザンファーム,,
栗東,C,右,20260708,水,8:10,ダノンフィーゴ,,牡,4,5620,友道康夫,,,,,,,62.9,45.9,29.2,14.6,,,,,,17.0,16.7,14.6,14.6,2022100623,2026.7.8,栗東,"Into Mischief",オリーズキャンディ,ダノックス,ケイアイファーム,,
栗東,C,右,20260708,水,8:10,レッドタイラント,,牡,2,未出走,友道康夫,,,,,,,60.2,43.8,27.8,14.1,,,,,,16.4,16.0,13.7,14.1,2024106602,2026.7.8,栗東,キタサンブラック,ボインビューティー,東京ホースレーシング,ノーザンファーム,,
栗東,C,右,20260708,水,8:13,ダノンアンチュラス,,牡,4,0,坂口智康,,135.2,116.3,97.7,80.7,66.2,52.0,37.4,23.7,11.9,18.9,18.6,17.0,14.5,14.2,14.6,13.7,11.8,11.9,2022105687,2026.7.8,栗東,エピファネイア,アンチュラス,ダノックス,追分ファーム,,
栗東,C,右,20260708,水,8:13,トーラスシャイン,,牡,5,1500,坂口智康,,134.4,115.1,96.9,79.8,65.3,51.1,36.6,23.3,11.7,19.3,18.2,17.1,14.5,14.2,14.5,13.3,11.6,11.7,2021101654,2026.7.8,栗東,ファインニードル,スターライト,ゴドルフィン,ダーレー・ジャパン・ファーム,,
美浦,D,右,20260708,水,4:57,ココナッツコースト,,牝,3,0,木村哲也,152.9,133.5,115.8,99.0,83.2,68.3,53.4,38.8,25.1,12.1,17.7,16.8,15.8,14.9,14.9,14.6,13.7,13.0,12.1,2023103366,2026.7.8,美浦,モーリス,カウアイレーン,社台レースホース,社台ファーム,,
美浦,D,右,20260708,水,4:57,フィールドノート,,牡,4,400,木村哲也,153.1,133.4,115.9,98.9,83.6,68.7,53.3,38.5,24.5,11.9,17.5,17.0,15.3,14.9,15.4,14.8,14.0,12.6,11.9,2022107186,2026.7.8,美浦,ロードカナロア,フィンレイズラッキーチャーム,サンデーレーシング,ノーザンファーム,,
美浦,D,右,20260708,水,4:57,ロスパレドネス,,牡,3,400,木村哲也,151.8,132.7,115.6,99.1,83.5,68.6,53.5,38.5,24.9,11.8,17.1,16.5,15.6,14.9,15.1,15.0,13.6,13.1,11.8,2023106852,2026.7.8,美浦,ドレフォン,アロマティコ,サンデーレーシング,ノーザンファーム,,
美浦,D,右,20260708,水,4:58,サノノキセキ,,牡,2,0,尾形和幸,159.5,137.6,118.3,100.3,83.5,67.0,51.2,36.7,23.8,11.7,19.3,18.0,16.8,16.5,15.8,14.5,12.9,12.1,11.7,2024100178,2026.7.8,美浦,キセキ,メメクザリアーナ,佐野信幸,沖田牧場,,
美浦,D,右,20260708,水,4:58,ハイティー,,牝,3,0,木村哲也,159.5,137.9,117.3,99.2,83.5,69.1,53.6,39.3,25.9,12.8,20.6,18.1,15.7,14.4,15.5,14.3,13.4,13.1,12.8,2023107310,2026.7.8,美浦,ミスターメロディ,リズムオブラヴ,保坂和孝,ノーザンファーム,,
美浦,D,右,20260708,水,4:58,ホノボノ,,牡,3,400,尾形和幸,159.1,137.2,118.0,99.9,83.2,66.8,51.0,36.6,23.8,11.8,19.2,18.1,16.7,16.4,15.8,14.4,12.8,12.0,11.8,2023100581,2026.7.8,美浦,ダノンプレミアム,ホオポノポノ,ノルマンディーサラブレッドレーシング,アイズスタッド,,
美浦,D,右,20260708,水,4:58,レッドレガリア,,牡,3,0,木村哲也,161.7,139.9,121.2,103.6,87.5,72.1,56.6,41.5,26.9,13.2,18.7,17.6,16.1,15.4,15.5,15.1,14.6,13.7,13.2,2023107340,2026.7.8,美浦,エピファネイア,レッドファンタジア,東京ホースレーシング,ノーザンファーム,,
美浦,D,右,20260708,水,4:59,サトノシュトローム,,牡,3,未出走,堀宣行,,,,,82.2,64.9,49.8,35.2,22.6,11.1,,,,17.3,15.1,14.6,12.6,11.5,11.1,2023106073,2026.7.8,美浦,キタサンブラック,インターリム,里見治,チャンピオンズファーム,,
美浦,D,右,20260708,水,4:59,サトノフルーク,,牡,2,未出走,堀宣行,,,,,84.0,66.6,50.9,36.1,23.0,11.2,,,,17.4,15.7,14.8,13.1,11.8,11.2,2024108279,2026.7.8,美浦,Flightline,Danceforthecause,里見治,"Gainesway Thoroughbreds LTD A. R. Enterprises Inc. & LNJ Foxwoods",,
美浦,D,右,20260708,水,4:59,ドゥレイクパセージ,,牡,5,900,堀宣行,,,,,83.5,66.1,50.5,35.8,22.9,11.3,,,,17.4,15.6,14.7,12.9,11.6,11.3,2021105626,2026.7.8,美浦,ドゥラメンテ,ソブラドラインク,吉田勝己,ノーザンファーム,,
美浦,D,右,20260708,水,4:59,ヘイジュード,,牡,3,0,堀宣行,,,,,83.9,66.5,50.8,36.1,23.0,11.4,,,,17.4,15.7,14.7,13.1,11.6,11.4,2023105280,2026.7.8,美浦,キタサンブラック,キラーグレイシス,エムズレーシング,ノーザンファーム,,
美浦,D,右,20260708,水,4:59,ラミアメンテ,,牝,4,400,堀宣行,,,,,81.6,64.4,49.2,34.9,22.5,11.0,,,,17.2,15.2,14.3,12.4,11.5,11.0,2022105858,2026.7.8,美浦,ドゥラメンテ,ラフォルス,社台レースホース,社台コーポレーション白老ファーム,,
美浦,D,右,20260708,水,5:00,アスクナイスショー,,牡,5,2400,中舘英二,,,,,83.5,66.5,51.6,36.9,23.2,11.3,,,,17.0,14.9,14.7,13.7,11.9,11.3,2021106954,2026.7.8,美浦,シルバーステート,ケンブリッジヒカリ,廣崎利洋,マリオステーブル,,
美浦,D,右,20260708,水,5:00,アンデルストープ,,牝,3,0,伊坂重信,279.8,256.2,235.9,,83.9,66.6,51.8,37.3,23.9,11.6,20.3,,,17.3,14.8,14.5,13.4,12.3,11.6,2023106764,2026.7.8,美浦,インディチャンプ,ダンシングクイーン,ノルマンディーサラブレッドレーシング,若林順一,,
美浦,D,右,20260708,水,5:00,キミガハマ,,牝,3,0,嘉藤貴行,,,,,84.2,68.4,53.2,38.8,24.6,11.8,,,,15.8,15.2,14.4,14.2,12.8,11.8,2023105034,2026.7.8,美浦,ディーマジェスティ,メイショウツバクロ,嶋田一成,三嶋牧場,,
美浦,D,右,20260708,水,5:00,スカイドリーマー,,牝,3,0,木村哲也,,,,,88.4,70.8,55.4,40.5,26.6,13.1,,,,17.6,15.4,14.9,13.9,13.5,13.1,2023104406,2026.7.8,美浦,コントレイル,フォローアドリーム,前田幸大,ノースヒルズ,,
美浦,D,右,20260708,水,5:00,セタキト,,牡,2,400,伊坂重信,285.5,260.7,240.9,,81.6,65.6,51.4,37.2,23.8,11.5,19.8,,,16.0,14.2,14.2,13.4,12.3,11.5,2024107264,2026.7.8,美浦,フォーウィールドライブ,ラフェデビジュー,鈴木康弘,千代田牧場,,
美浦,D,右,20260708,水,5:00,ノクターン,,牝,4,900,木村哲也,,,,,85.3,68.1,53.1,38.2,24.3,11.4,,,,17.2,15.0,14.9,13.9,12.9,11.4,2022105118,2026.7.8,美浦,キタサンブラック,ラッドルチェンド,シルクレーシング,ノーザンファーム,,
美浦,D,右,20260708,水,5:00,ハピネスドリーム,,牝,3,0,木村哲也,,,,,84.7,67.9,53.0,38.1,24.3,11.6,,,,16.8,14.9,14.9,13.8,12.7,11.6,2023100950,2026.7.8,美浦,シニスターミニスター,ハッピーグラス,下河辺牧場,下河辺牧場,,
美浦,D,右,20260708,水,5:00,ハルガスミ,,牝,2,未出走,堀内岳志,,,,,87.4,69.2,53.3,38.0,24.0,11.3,,,,18.2,15.9,15.3,14.0,12.7,11.3,2024102004,2026.7.8,美浦,イスラボニータ,エレスチャル,河原義宏,ディアレストクラブ,,
美浦,D,右,20260708,水,5:00,ブルーブロディ,,牡,3,0,伊坂重信,286.8,261.2,241.1,,82.3,66.0,51.7,37.5,24.1,11.5,20.1,,,16.3,14.3,14.2,13.4,12.6,11.5,2023103835,2026.7.8,美浦,アジアエクスプレス,ガラシア,ITOレーシング,ゼットステーブル,,
美浦,D,右,20260708,水,5:00,ボールドゾーン,,牡,6,1500,木村哲也,,,,,85.8,68.5,53.5,38.5,24.5,11.4,,,,17.3,15.0,15.0,14.0,13.1,11.4,2020110130,2026.7.8,美浦,Mendelssohn,"Halo Dolly",シルクレーシング,"Spendthrift Farm LLC",,
美浦,D,右,20260708,水,5:00,マーゴットサンズ,,牝,3,400,伊坂重信,274.1,253.3,234.9,,83.1,66.1,51.3,36.8,23.5,11.4,18.4,,,17.0,14.8,14.5,13.3,12.1,11.4,2023103696,2026.7.8,美浦,ミスチヴィアスアレックス,スペルバインド,前田良平,追分ファーム,,
美浦,D,右,20260708,水,5:00,マーゴットブロー,,牡,3,900,伊坂重信,292.8,266.4,246.0,,83.5,66.1,51.4,36.6,23.3,11.4,20.4,,,17.4,14.7,14.8,13.3,11.9,11.4,2023105356,2026.7.8,美浦,"Twirling Candy",タフイルマ,前田良平,高昭牧場,,
美浦,D,右,20260708,水,5:00,ラムールデュヴォン,,牡,3,400,堀内岳志,,,,,88.6,70.1,54.1,38.7,24.3,11.3,,,,18.5,16.0,15.4,14.4,13.0,11.3,2023109174,2026.7.8,美浦,ミスチヴィアスアレックス,オレンジブリーズ,松本智,吉野政敏,,
美浦,D,右,20260708,水,5:00,リーディンアクター,,牡,2,未出走,堀内岳志,,,,,88.1,69.6,53.7,38.4,24.1,11.3,,,,18.5,15.9,15.3,14.3,12.8,11.3,2024100072,2026.7.8,美浦,ゴールドドリーム,パイカジ,松本智,新井昭二牧場,,
美浦,D,右,20260708,水,5:00,ロジザボード,,牝,3,0,古賀慎明,,,,,83.2,66.6,51.9,37.6,24.5,11.8,,,,16.6,14.7,14.3,13.1,12.7,11.8,2023104017,2026.7.8,美浦,ドレフォン,ロジヒューズ,久米田正明,オリエント牧場,,
美浦,D,右,20260708,水,5:00,ロジタイガー,,牝,3,0,古賀慎明,,,,,82.2,66.8,51.9,37.4,24.2,11.8,,,,15.4,14.9,14.5,13.2,12.4,11.8,2023105297,2026.7.8,美浦,レイデオロ,シーズアメジャー,久米田正明,ノーザンファーム,,
美浦,D,右,20260708,水,5:00,ロードアマデウス,,牡,2,未出走,嘉藤貴行,,,,,85.9,69.3,54.1,39.6,25.2,12.4,,,,16.6,15.2,14.5,14.4,12.8,12.4,2024105308,2026.7.8,美浦,ダノンプレミアム,ベイコート,ロードホースクラブ,ケイアイファーム,,
美浦,D,右,20260708,水,5:00,ヴァズレーヌ,,牝,5,900,嘉藤貴行,,,,,82.4,66.7,51.9,38.3,24.5,11.8,,,,15.7,14.8,13.6,13.8,12.7,11.8,2021106707,2026.7.8,美浦,フリオーソ,ルヴェソンヴェール,ノルマンディーサラブレッドレーシング,ハシモトフアーム,,
美浦,D,右,20260708,水,5:00,ヴァルカンテソーロ,,牡,3,0,嘉藤貴行,,,,,83.8,66.8,51.7,37.7,24.2,11.6,,,,17.0,15.1,14.0,13.5,12.6,11.6,2023106744,2026.7.8,美浦,ゴールドシップ,チェストケリリー,了徳寺健二ホールディングス,リョーケンファーム,,
美浦,D,右,20260708,水,5:00,ヴァンデスペランス,,牡,3,400,中舘英二,,,,,83.9,66.9,51.9,37.2,23.3,11.3,,,,17.0,15.0,14.7,13.9,12.0,11.3,2023107331,2026.7.8,美浦,ドレフォン,レスペランス,シルクレーシング,ノーザンファーム,,
美浦,D,右,20260708,水,5:00,ヴェールネージュ,,牝,2,未出走,伊坂重信,275.6,255.0,237.2,,81.9,65.8,51.5,37.3,23.9,11.5,17.8,,,16.1,14.3,14.2,13.4,12.4,11.5,2024107005,2026.7.8,美浦,オルフェーヴル,シナノネージュ,竹下佳利,社台コーポレーション白老ファーム,,
美浦,D,右,20260708,水,5:01,アンプイットアップ,,牡,3,400,岩戸孝樹,,,,,82.8,66.1,51.8,37.0,23.2,11.1,,,,16.7,14.3,14.8,13.8,12.1,11.1,2023101146,2026.7.8,美浦,ディスクリートキャット,ハウリング,ゴドルフィン,ダーレー・ジャパン・ファーム,,
美浦,D,右,20260708,水,5:01,ウインドワンピース,,牡,6,400,新開幸一,,,,,81.6,65.5,51.6,37.6,24.3,11.9,,,,16.1,13.9,14.0,13.3,12.4,11.9,2020103901,2026.7.8,美浦,ヴァンセンヌ,シーデイライト,福原正博,岡田スタツド,,
美浦,D,右,20260708,水,5:01,エコロレイズ,,牡,5,1500,岩戸孝樹,,,,,84.0,67.5,52.8,38.0,23.9,11.4,,,,16.5,14.7,14.8,14.1,12.5,11.4,2021103976,2026.7.8,美浦,アメリカンペイトリオット,ペブルガーデン,原村正紀,タイヘイ牧場,,
美浦,D,右,20260708,水,5:01,オートカリテ,,牝,3,0,牧光二,,,,,85.3,68.4,53.7,38.1,23.8,11.4,,,,16.9,14.7,15.6,14.3,12.4,11.4,2023103555,2026.7.8,美浦,コントレイル,マジェスティッククオリティ,吉田照哉,社台ファーム,,
美浦,D,右,20260708,水,5:01,カウンターセブン,,牡,4,1500,村田一誠,,,,,,,49.5,36.3,23.8,11.8,,,,,,13.2,12.5,12.0,11.8,2022104197,2026.7.8,美浦,ロジャーバローズ,オールフラッグズフライング,フィールドレーシング,飛野牧場,,
美浦,D,右,20260708,水,5:01,カゼノロマン,,牡,2,未出走,久保田貴,,,,,84.5,68.2,53.2,38.4,24.1,11.4,,,,16.3,15.0,14.8,14.3,12.7,11.4,2024108291,2026.7.8,美浦,McKinzie,"War Clan",深井孟,"Hayden Noriega",,
美浦,D,右,20260708,水,5:01,クリノゴッホ,,セ,6,400,新開幸一,,,,,85.2,69.2,54.4,39.1,24.8,12.0,,,,16.0,14.8,15.3,14.3,12.8,12.0,2020103885,2026.7.8,美浦,マツリダゴッホ,カムホームラッシー,栗原正雄,岡田スタツド,,
美浦,D,右,20260708,水,5:01,サクセスボーイ,,牡,2,未出走,相沢郁,,,,,84.3,67.4,52.1,37.0,23.7,11.6,,,,16.9,15.3,15.1,13.3,12.1,11.6,2024101195,2026.7.8,美浦,アルアイン,サドキンザン,田村彰夫,門別山際牧場,,
美浦,D,右,20260708,水,5:01,サンヴァンガード,,牡,2,未出走,新開幸一,,,,,84.2,68.3,53.8,38.5,24.2,11.7,,,,15.9,14.5,15.3,14.3,12.5,11.7,2024100337,2026.7.8,美浦,ヘンリーバローズ,ピントゥハティ,加藤ステーブル,ケイズ,,
美浦,D,右,20260708,水,5:01,ショウナンタハティ,,牡,4,200,中舘英二,,,,,82.4,65.0,50.4,36.2,23.1,11.3,,,,17.4,14.6,14.2,13.1,11.8,11.3,2022103911,2026.7.8,美浦,ドレフォン,ショウナンマシェリ,湘南,静内フアーム,,
美浦,D,右,20260708,水,5:01,スイートハイデン,,牝,3,0,菊川正達,,,,,83.4,66.8,52.5,38.1,24.1,11.5,,,,16.6,14.3,14.4,14.0,12.6,11.5,2023104025,2026.7.8,美浦,ロジャーバローズ,ハイデンガールズ,シンボリ牧場,カミイスタット,,
美浦,D,右,20260708,水,5:01,セイカタカキヤチク,,牡,2,未出走,相沢郁,,,,,85.1,68.0,52.6,37.3,23.9,11.7,,,,17.1,15.4,15.3,13.4,12.2,11.7,2024103128,2026.7.8,美浦,カレンブラックヒル,セイカハルカゼ,久米大,シンユウフアーム,,
美浦,D,右,20260708,水,5:01,トランサルピナ,,牡,2,未出走,中舘英二,,,,,81.7,64.7,50.3,36.3,23.2,11.4,,,,17.0,14.4,14.0,13.1,11.8,11.4,2024103471,2026.7.8,美浦,ジャンダルム,ドリームジョブ,ノースヒルズ,ノースヒルズ,,
美浦,D,右,20260708,水,5:01,トーセンマスラオ,,牡,2,0,菊沢隆徳,,,,,85.2,68.2,52.8,38.0,23.4,11.2,,,,17.0,15.4,14.8,14.6,12.2,11.2,2024106843,2026.7.8,美浦,ハイランドリール,トーセンアンバー,島川隆哉,エスティファーム,,
美浦,D,右,20260708,水,5:01,ノーブルクラウド,,牝,3,400,久保田貴,,,,,84.1,67.7,52.9,38.2,24.0,11.4,,,,16.4,14.8,14.7,14.2,12.6,11.4,2023103069,2026.7.8,美浦,カレンブラックヒル,ノーブルスノー,吉木伸彦,畠山牧場,,
美浦,D,右,20260708,水,5:01,ハルノアラシ,,牡,4,400,相沢郁,,,,,84.2,65.9,50.6,36.3,23.9,11.8,,,,18.3,15.3,14.3,12.4,12.1,11.8,2022106099,2026.7.8,美浦,ミスターメロディ,ヒメベニサクラ,河内孝夫,大狩部牧場,,
美浦,D,右,20260708,水,5:01,バードウォッチャー,,牡,5,900,中舘英二,,,,,81.9,65.0,50.8,36.7,23.6,11.8,,,,16.9,14.2,14.1,13.1,11.8,11.8,2021105375,2026.7.8,美浦,ブラックタイド,アパパネ,金子真人ホールディングス,ノーザンファーム,,
美浦,D,右,20260708,水,5:01,パーシヴァル,,セ,3,0,相沢郁,,,,,82.8,65.3,50.3,36.2,23.8,11.7,,,,17.5,15.0,14.1,12.4,12.1,11.7,2023103290,2026.7.8,美浦,デクラレーションオブウォー,センティフォリア,ヒダカ・ブリーダーズ・ユニオン,矢野牧場,,
美浦,D,右,20260708,水,5:01,フクオトコ,,牡,3,0,菊沢隆徳,,,,,85.8,68.7,53.2,37.9,23.5,11.2,,,,17.1,15.5,15.3,14.4,12.3,11.2,2023102564,2026.7.8,美浦,フィエールマン,アースエンジェル,是枝浩平,グランド牧場,,
美浦,D,右,20260708,水,5:01,プリティーミズホ,,牝,3,400,菊川正達,,,,,83.1,66.6,52.4,38.0,24.0,11.5,,,,16.5,14.2,14.4,14.0,12.5,11.5,2023102897,2026.7.8,美浦,フォーウィールドライブ,キャルスカイ,八巻弘一,千代田牧場,,
美浦,D,右,20260708,水,5:01,マイネルモメンタム,,牡,5,400,相沢郁,,,,,85.9,67.9,53.0,38.7,24.7,11.8,,,,18.0,14.9,14.3,14.0,12.9,11.8,2021106811,2026.7.8,美浦,ゴールドシップ,マイネアルデュール,サラブレッドクラブ・ラフィアン,ビッグレッドファーム,,
美浦,D,右,20260708,水,5:01,ルンベーラ,,牝,3,0,菊川正達,,,,,83.9,67.1,52.6,38.3,24.1,11.5,,,,16.8,14.5,14.3,14.2,12.6,11.5,2023102403,2026.7.8,美浦,ミッキーグローリー,パリージョ,コロンバスサークル,岡田スタツド,,
美浦,D,右,20260708,水,5:01,ワンコール,,牝,2,未出走,牧光二,,,,,85.3,68.0,53.1,38.5,23.9,11.3,,,,17.3,14.9,14.6,14.6,12.6,11.3,2024106974,2026.7.8,美浦,ルーラーシップ,ウィズエモーション,平田修,社台コーポレーション白老ファーム,,
美浦,D,右,20260708,水,5:02,アッシズオブローズ,,牝,3,0,尾関知人,,,,,82.3,65.8,51.0,37.4,23.7,11.4,,,,16.5,14.8,13.6,13.7,12.3,11.4,2023107360,2026.7.8,美浦,アドマイヤマーズ,ロサグラウカ,サンデーレーシング,ノーザンファーム,,
美浦,D,右,20260708,水,5:02,エルミー,,牝,3,0,中川公成,,,,,83.5,66.7,51.5,37.0,23.7,11.3,,,,16.8,15.2,14.5,13.3,12.4,11.3,2023103898,2026.7.8,美浦,アドマイヤマーズ,ハヴユーゴーンアウェイ,多田賢司,レイクヴィラファーム,,
美浦,D,右,20260708,水,5:02,カーマインジュエル,,牝,3,0,尾関知人,,,,,81.4,65.4,50.6,37.2,23.6,11.5,,,,16.0,14.8,13.4,13.6,12.1,11.5,2023107096,2026.7.8,美浦,ドレフォン,ダイアナブライト,キャロットファーム,ノーザンファーム,,
美浦,D,右,20260708,水,5:02,コスモアルペジオ,,牡,3,0,鹿戸雄一,,,,,84.1,68.0,54.0,39.5,24.9,11.8,,,,16.1,14.0,14.5,14.6,13.1,11.8,2023106461,2026.7.8,美浦,ゴールドシップ,ハートリーフ,ビッグレッドファーム,ビッグレッドファーム,,
美浦,D,右,20260708,水,5:02,ゴットタレント,,牡,3,0,中舘英二,,,,,84.7,67.0,52.1,38.0,24.2,11.6,,,,17.7,14.9,14.1,13.8,12.6,11.6,2023100377,2026.7.8,美浦,ダノンプレミアム,エーシンベタラネリ,藤田純,水丸牧場,,
美浦,D,右,20260708,水,5:02,シリアスドラマ,,牡,2,未出走,松尾卓哉,,,,,86.0,68.4,53.5,38.7,24.3,11.5,,,,17.6,14.9,14.8,14.4,12.8,11.5,2024105865,2026.7.8,美浦,エピファネイア,サプルマインド,吉田千津,社台ファーム,,
美浦,D,右,20260708,水,5:02,シルクドマルス,,牝,2,未出走,松尾卓哉,,,,,83.0,64.6,49.5,35.3,22.5,10.9,,,,18.4,15.1,14.2,12.8,11.6,10.9,2024103198,2026.7.8,美浦,アドマイヤマーズ,ルシルク,シルクレーシング,隆栄牧場,,
美浦,D,右,20260708,水,5:02,スマイルディシー,,牝,4,400,中川公成,,,,,86.3,68.8,53.1,38.3,24.3,11.7,,,,17.5,15.7,14.8,14.0,12.6,11.7,2022104271,2026.7.8,美浦,ディスクリートキャット,カジノスマイル,高篠憲一,橋本牧場,,
美浦,D,右,20260708,水,5:02,ソラニワラエバ,,牡,2,未出走,武井亮,,,,,82.7,65.8,51.1,36.4,23.1,11.4,,,,16.9,14.7,14.7,13.3,11.7,11.4,2024101481,2026.7.8,美浦,オルフェーヴル,ニンフ2,石瀬浩三,漆木康一,,
美浦,D,右,20260708,水,5:02,チギリ,,牝,4,1500,鹿戸雄一,,,,,82.7,66.5,52.9,38.4,24.4,11.5,,,,16.2,13.6,14.5,14.0,12.9,11.5,2022105429,2026.7.8,美浦,レッドファルクス,ナチュラルスタンス,北村栄治,社台ファーム,,
美浦,D,右,20260708,水,5:02,ディアファザー,,牡,2,未出走,中川公成,,,,,85.7,68.2,52.9,38.0,24.1,11.7,,,,17.5,15.3,14.9,13.9,12.4,11.7,2024105058,2026.7.8,美浦,ディーマジェスティ,アマノブラウニイー,山崎康,前田牧場,,
美浦,D,右,20260708,水,5:02,ピュアレスト,,牝,2,未出走,武井亮,,,,,83.5,66.2,51.3,36.8,23.3,11.4,,,,17.3,14.9,14.5,13.5,11.9,11.4,2024103533,2026.7.8,美浦,キタサンブラック,ナスノシベリウス,グリーンファーム,ハシモトフアーム,,
美浦,D,右,20260708,水,5:02,ブレゲアン,,牡,4,400,中舘英二,,,,,83.9,67.0,52.1,38.0,24.2,11.6,,,,16.9,14.9,14.1,13.8,12.6,11.6,2022106951,2026.7.8,美浦,シルバーステート,アンシャンテルール,廣崎智子,マリオステーブル,,
美浦,D,右,20260708,水,5:02,ヘルメスギャング,,セ,3,400,武井亮,,,,,84.6,66.7,51.9,37.2,23.7,11.7,,,,17.9,14.8,14.7,13.5,12.0,11.7,2023100729,2026.7.8,美浦,ブリックスアンドモルタル,アディクション,フィールドレーシング,オリオンファーム,,
美浦,D,右,20260708,水,5:02,ベールダウン,,牝,2,未出走,松尾卓哉,,,,,85.4,68.0,53.0,38.5,24.3,11.5,,,,17.4,15.0,14.5,14.2,12.8,11.5,2024105028,2026.7.8,美浦,フィレンツェファイア,マイネイディール,ビッグレッドファーム,真歌田中牧場,,
美浦,D,右,20260708,水,5:02,ペプチドドリーム,,牡,3,0,松尾卓哉,,,,,83.7,65.2,50.0,35.6,22.7,10.9,,,,18.5,15.2,14.4,12.9,11.8,10.9,2023100894,2026.7.8,美浦,ヘンリーバローズ,ペプチドブラッサム,福田光博,鹿戸和幸,,
美浦,D,右,20260708,水,5:02,マイネルリシャール,,牡,2,未出走,鹿戸雄一,,,,,83.7,67.5,53.4,38.8,24.7,11.8,,,,16.2,14.1,14.6,14.1,12.9,11.8,2024106419,2026.7.8,美浦,スワーヴリチャード,セットプレイ,サラブレッドクラブ・ラフィアン,ノーザンファーム,,
美浦,D,右,20260708,水,5:02,ユニバーサルラヴ,,牝,3,0,尾関知人,,,,,83.3,66.2,51.5,37.8,23.9,11.5,,,,17.1,14.7,13.7,13.9,12.4,11.5,2023105652,2026.7.8,美浦,ミスチヴィアスアレックス,ラスティングラヴ,水上ふじ子,笠松牧場,,
美浦,D,右,20260708,水,5:03,エイシンイクサボシ,,牝,3,0,勢司和浩,,,,,90.2,72.9,57.2,42.1,27.8,13.7,,,,17.3,15.7,15.1,14.3,14.1,13.7,2023105536,2026.7.8,美浦,エイシンヒカリ,エイシンポラリス,栄進堂,中地義次,,
美浦,D,右,20260708,水,5:03,カタカムナ,,牝,3,0,蛯名利弘,,,,,87.5,69.3,54.1,39.2,24.8,11.7,,,,18.2,15.2,14.9,14.4,13.1,11.7,2023102381,2026.7.8,美浦,サトノクラウン,ジョイズエターナル,村島昭男,岡田スタツド,,
美浦,D,右,20260708,水,5:03,クムシラコ,,牡,8,2400,千葉直人,,,,,82.8,64.5,49.6,35.7,22.6,10.8,,,,18.3,14.9,13.9,13.1,11.8,10.8,2018103205,2026.7.8,美浦,ディスクリートキャット,デイドリーマー,ミルファーム,猿橋義昭,,
美浦,D,右,20260708,水,5:03,サイモンオリエント,,牡,2,未出走,勢司和浩,,,,,89.0,72.0,57.1,43.0,29.1,15.1,,,,17.0,14.9,14.1,13.9,14.0,15.1,2024102477,2026.7.8,美浦,シャンハイボビー,シェリーカスク,澤田昭紀,笠松牧場,,
美浦,D,右,20260708,水,5:03,サトノドルチェ,,セ,7,470,蛯名利弘,,,,,85.5,67.7,52.4,38.0,24.5,11.9,,,,17.8,15.3,14.4,13.5,12.6,11.9,2019105500,2026.7.8,美浦,オルフェーヴル,ラッドルチェンド,稲場澄,ノーザンファーム,,
美浦,D,右,20260708,水,5:03,サングラント,,牡,3,0,金成貴史,,,,,84.2,67.5,52.9,38.0,23.8,11.3,,,,16.7,14.6,14.9,14.2,12.5,11.3,2023106956,2026.7.8,美浦,ルヴァンスレーヴ,カールファターレ,野田努,ノーザンファーム,,
美浦,D,右,20260708,水,5:03,チャームジュネーヴ,,牝,2,未出走,蛯名利弘,,,,,87.2,68.8,53.8,39.2,24.8,11.8,,,,18.4,15.0,14.6,14.4,13.0,11.8,2024106864,2026.7.8,美浦,ハイランドリール,ライアンズチャーム,島川隆哉,エスティファーム,,
美浦,D,右,20260708,水,5:03,ディレクティオ,,牝,3,0,金成貴史,,,,,84.5,68.1,53.3,38.3,24.1,11.4,,,,16.4,14.8,15.0,14.2,12.7,11.4,2023102796,2026.7.8,美浦,ニューイヤーズデイ,アメイジングライフ,尾上寿夫,タイヘイ牧場,,
美浦,D,右,20260708,水,5:03,フォルテム,,牡,4,1500,千葉直人,,,,,83.8,65.4,50.3,36.2,22.8,11.0,,,,18.4,15.1,14.1,13.4,11.8,11.0,2022103042,2026.7.8,美浦,フィエールマン,マダムアグライア,ノルマンディーサラブレッドレーシング,ディアレストクラブ,,
美浦,D,右,20260708,水,5:03,フキョウワオン,,牡,3,0,勢司和浩,,,,,87.4,70.0,55.3,41.6,27.9,14.2,,,,17.4,14.7,13.7,13.7,13.7,14.2,2023103971,2026.7.8,美浦,リアルスティール,ステイホーム,吉野智博,イワミ牧場,,
美浦,D,右,20260708,水,5:03,ブルスカメンテ,,牝,4,400,黒岩陽一,,,,,82.5,66.9,52.2,37.5,24.0,11.5,,,,15.6,14.7,14.7,13.5,12.5,11.5,2022104844,2026.7.8,美浦,ドゥラメンテ,スウィッチインタイム,吉田勝己,ノーザンファーム,,
美浦,D,右,20260708,水,5:03,ホウオウチャールズ,,牡,3,0,池上昌和,,,,,90.5,72.1,56.1,41.2,27.0,12.6,,,,18.4,16.0,14.9,14.2,14.4,12.6,2023102414,2026.7.8,美浦,スワーヴリチャード,ブロンズテーラー,小笹芳央,岡田スタツド,,
美浦,D,右,20260708,水,5:03,リフレックス,,牡,3,1500,金成貴史,,,,,86.7,69.1,53.7,38.9,24.8,11.9,,,,17.6,15.4,14.8,14.1,12.9,11.9,2023105748,2026.7.8,美浦,モーニン,ライゼリート,小原準一郎,村下清志,,
美浦,D,右,20260708,水,5:03,ルストラーレ,,牡,3,未出走,黒岩陽一,,,,,83.3,67.5,52.6,38.0,24.3,11.7,,,,15.8,14.9,14.6,13.7,12.6,11.7,2023106377,2026.7.8,美浦,ルーラーシップ,スーンシャイン,広尾レース,木村秀則,,
美浦,D,右,20260708,水,5:04,イモータリス,,牡,3,400,手塚貴久,,,,,85.7,68.5,53.0,38.1,24.1,11.4,,,,17.2,15.5,14.9,14.0,12.7,11.4,2023107032,2026.7.8,美浦,ミッキーロケット,シャルルヴォア,落合幸弘,ノーザンファーム,,
美浦,D,右,20260708,水,5:04,エマージェンス,,牡,4,0,堀内岳志,,,,,89.3,70.7,54.8,39.7,25.0,12.3,,,,18.6,15.9,15.1,14.7,12.7,12.3,2022105448,2026.7.8,美浦,イスラボニータ,パイタ,小山大介,社台ファーム,,
美浦,D,右,20260708,水,5:04,ガヤーズアモーレ,,牝,2,未出走,田中勝春,,,,,87.4,69.1,53.8,39.2,24.7,11.6,,,,18.3,15.3,14.6,14.5,13.1,11.6,2024106333,2026.7.8,美浦,モーリス,サロニカ,小谷野宗靖,ノーザンファーム,,
美浦,D,右,20260708,水,5:04,シリウスコルト,,牡,5,5350,田中勝春,,,,,84.6,68.2,52.9,38.0,24.1,11.7,,,,16.4,15.3,14.9,13.9,12.4,11.7,2021104094,2026.7.8,美浦,マクフィ,オールドフレイム,飯田正剛,千代田牧場,,
美浦,D,右,20260708,水,5:04,ビリングス,,セ,4,400,手塚貴久,,,,,86.1,68.7,53.2,38.3,24.3,11.4,,,,17.4,15.5,14.9,14.0,12.9,11.4,2022104930,2026.7.8,美浦,フィエールマン,トレジャーステイト,シルクレーシング,ノーザンファーム,,
美浦,D,右,20260708,水,5:04,フォルラニーニ,,牡,5,1500,手塚貴久,,,,,82.1,66.4,51.7,37.4,23.6,11.2,,,,15.7,14.7,14.3,13.8,12.4,11.2,2021105859,2026.7.8,美浦,エピファネイア,リナーテ,サンデーレーシング,ノーザンファーム,,
美浦,D,右,20260708,水,5:04,マナイアカラニ,,牡,3,0,田中勝春,,,,,87.8,69.8,54.0,38.8,24.1,11.6,,,,18.0,15.8,15.2,14.7,12.5,11.6,2023107355,2026.7.8,美浦,アルアイン,レーヴドカナロア,吉田勝己,ノーザンファーム,,
美浦,D,右,20260708,水,5:04,ミエノブラボー,,牝,5,400,田中勝春,,,,,88.1,69.7,54.3,39.5,24.9,11.7,,,,18.4,15.4,14.8,14.6,13.2,11.7,2021104137,2026.7.8,美浦,リオンディーズ,バンドゥッチ,里見美惠子,千代田牧場,,
美浦,D,右,20260708,水,5:04,レオンティウス,,牡,2,0,田中勝春,,,,,84.8,68.6,53.2,38.3,24.1,11.3,,,,16.2,15.4,14.9,14.2,12.8,11.3,2024104668,2026.7.8,美浦,アドマイヤマーズ,エルラディユー,小山大介,千代田牧場,,
美浦,D,右,20260708,水,5:04,ヴェルバーニア,,牡,2,未出走,手塚貴久,,,,,85.0,68.0,52.6,37.8,23.9,11.3,,,,17.0,15.4,14.8,13.9,12.6,11.3,2024106139,2026.7.8,美浦,キタサンブラック,アドマイヤローザ,サンデーレーシング,ノーザンファーム,,
美浦,D,右,20260708,水,5:05,アジアントレジャー,,牡,3,400,蛯名正義,,,,,85.9,69.3,53.8,38.9,24.5,11.5,,,,16.6,15.5,14.9,14.4,13.0,11.5,2023102392,2026.7.8,美浦,アジアエクスプレス,ディスティンダリア,永見貴昭,岡田スタツド,,
美浦,D,右,20260708,水,5:05,アマンヘセル,,牝,3,0,蛯名正義,,,,,85.5,69.0,53.5,38.6,24.3,11.5,,,,16.5,15.5,14.9,14.3,12.8,11.5,2023102389,2026.7.8,美浦,キズナ,ティズトレメンダス,Gリビエール・レーシング,岡田スタツド,,
美浦,D,右,20260708,水,5:05,キングプロフィット,,牡,5,120,天間昭一,,,,,84.1,66.8,51.7,37.9,24.8,12.3,,,,17.3,15.1,13.8,13.1,12.5,12.3,2021107012,2026.7.8,美浦,キンシャサノキセキ,サパス,飯島利彦,村上進治,,
美浦,D,右,20260708,水,5:05,コパノフラメンコ,,牝,2,未出走,上原博之,,,,,88.8,70.9,54.7,39.0,24.0,11.4,,,,17.9,16.2,15.7,15.0,12.6,11.4,2024102665,2026.7.8,美浦,コパノリッキー,プリンシプルレディ,小林祥晃,大北牧場,,
美浦,D,右,20260708,水,5:05,コンヴァージョン,,牡,4,170,上原博之,,,,,88.2,70.8,54.6,38.9,24.0,11.3,,,,17.4,16.2,15.7,14.9,12.7,11.3,2022110092,2026.7.8,美浦,Caravaggio,"With Her Affection",栗山学,"Manabu Kuriyama",,
美浦,D,右,20260708,水,5:05,スマイルアップ,,牝,7,1500,萱野浩二,,,,,86.8,68.0,51.6,36.7,23.5,11.4,,,,18.8,16.4,14.9,13.2,12.1,11.4,2019103815,2026.7.8,美浦,イスラボニータ,アドマイヤオンリー,馬目勇,辻牧場,,
美浦,D,右,20260708,水,5:05,セイウンサイフィー,,牡,2,未出走,上原博之,,,,,87.9,70.2,54.2,38.7,23.9,11.3,,,,17.7,16.0,15.5,14.8,12.6,11.3,2024101690,2026.7.8,美浦,コントレイル,マストビーレイト,西山茂行,ガーベラパークスタツド,,
美浦,D,右,20260708,水,5:05,セイスイカルメン,,牝,3,0,堀内岳志,,,,,89.9,69.6,52.8,37.8,24.4,11.9,,,,20.3,16.8,15.0,13.4,12.5,11.9,2023104594,2026.7.8,美浦,ワールドプレミア,レヴリ,野田清水,マリオステーブル,,
美浦,D,右,20260708,水,5:05,ニシノキフジン,,牝,2,未出走,萱野浩二,,,,,88.4,69.1,52.6,37.8,24.4,12.1,,,,19.3,16.5,14.8,13.4,12.3,12.1,2024103938,2026.7.8,美浦,ハービンジャー,ニシノマメフク,西山茂行,メイタイファーム,,
美浦,D,右,20260708,水,5:05,ブライスフェアリー,,牝,3,0,堀内岳志,,,,,89.8,69.6,52.8,37.8,24.5,12.0,,,,20.2,16.8,15.0,13.3,12.5,12.0,2023105892,2026.7.8,美浦,ウインブライト,メジロフォーナ,コスモヴューファーム,コスモヴューファーム,,
美浦,D,右,20260708,水,5:05,ブリッツアロング,,牡,4,400,上原博之,,,,,86.8,69.2,53.4,38.3,23.8,11.1,,,,17.6,15.8,15.1,14.5,12.7,11.1,2022102819,2026.7.8,美浦,シャンハイボビー,シトリカ,水上行雄,笹地牧場,,
美浦,D,右,20260708,水,5:05,マナマカナ,,牝,5,460,天間昭一,,,,,83.2,66.5,51.6,37.9,24.8,12.4,,,,16.7,14.9,13.7,13.1,12.4,12.4,2021103135,2026.7.8,美浦,クリエイター2,ユッコ,佐藤弘樹,日本中央競馬会日高育成牧場,,
美浦,D,右,20260708,水,5:05,モウエエデショー,,牡,3,400,萱野浩二,,,,,87.1,68.3,51.9,37.0,23.6,11.3,,,,18.8,16.4,14.9,13.4,12.3,11.3,2023105433,2026.7.8,美浦,ダノンプレミアム,フルオブドリームズ,大田恭充,アフリートファーム,,
美浦,D,右,20260708,水,5:05,ラッキースウィッチ,,牡,3,0,蛯名正義,,,,,85.0,68.9,53.5,38.6,24.4,11.7,,,,16.1,15.4,14.9,14.2,12.7,11.7,2023110019,2026.7.8,美浦,"Lucky Vega","Switch Around",張月勝,"Yulong Investments",,
美浦,D,右,20260708,水,5:06,アンセートゥモダン,,牝,3,0,杉浦宏昭,,,,,86.4,66.0,50.4,36.1,23.6,11.9,,,,20.4,15.6,14.3,12.5,11.7,11.9,2023105251,2026.7.8,美浦,ルヴァンスレーヴ,メジャーフォルム,山岸桂市,社台ファーム,,
美浦,D,右,20260708,水,5:06,オンザライン,,セ,8,1500,大和田成,,,,,86.7,68.5,53.4,38.6,24.5,11.7,,,,18.2,15.1,14.8,14.1,12.8,11.7,2018104646,2026.7.8,美浦,スクリーンヒーロー,ステラスターライト,久保田定,社台ファーム,,
美浦,D,右,20260708,水,5:06,ガンバレベアー,,牝,4,280,杉浦宏昭,,,,,93.1,74.4,58.7,43.8,29.3,14.8,,,,18.7,15.7,14.9,14.5,14.5,14.8,2022101141,2026.7.8,美浦,サトノアラジン,サンマルリトリート,熊木浩,ヴェルサイユファーム,,
美浦,D,右,20260708,水,5:06,グラニット,,牡,6,1600,大和田成,,,,,85.7,67.8,52.9,38.2,24.2,11.4,,,,17.9,14.9,14.7,14.0,12.8,11.4,2020100810,2026.7.8,美浦,ダノンバラード,インティワタナ,ミルファーム,猿橋義昭,,
美浦,D,右,20260708,水,5:06,スウィット,,牡,2,0,牧光二,,,,,83.0,66.4,51.9,37.6,24.5,12.5,,,,16.6,14.5,14.3,13.1,12.0,12.5,2024101373,2026.7.8,美浦,エイシンフラッシュ,マツヨイヒメ,ネコメンレーシング,中田牧場,,
美浦,D,右,20260708,水,5:06,パワポケウォーズ,,牡,3,0,大和田成,,,,,86.8,68.2,53.3,38.6,24.5,11.7,,,,18.6,14.9,14.7,14.1,12.8,11.7,2023107440,2026.7.8,美浦,リアルスティール,レッドアクトレス,柳原達也,坂本智広,,
美浦,D,右,20260708,水,5:06,フランベリー,,牝,2,未出走,杉浦宏昭,,,,,85.4,65.8,50.4,36.0,23.5,11.9,,,,19.6,15.4,14.4,12.5,11.6,11.9,2024100813,2026.7.8,美浦,タニノフランケル,モズエエヤン,森口聡,中川欽一,,
美浦,D,右,20260708,水,5:06,ベアベルヴォワ,,牝,2,未出走,杉浦宏昭,,,,,92.5,73.8,58.3,43.8,29.3,15.0,,,,18.7,15.5,14.5,14.5,14.3,15.0,2024107164,2026.7.8,美浦,ニューイヤーズデイ,ベルヴォワ,熊木浩,レイクヴィラファーム,,
美浦,D,右,20260708,水,5:06,マフィン,,牝,5,900,大和田成,,,,,86.4,67.6,52.7,38.1,24.3,11.6,,,,18.8,14.9,14.6,13.8,12.7,11.6,2021101219,2026.7.8,美浦,ミッキーアイル,ティフィン,木部厳生,木部ファーム,,
美浦,D,右,20260708,水,5:06,モンサンアミュザン,,牝,2,未出走,牧光二,,,,,82.7,66.3,51.7,37.6,24.5,12.5,,,,16.4,14.6,14.1,13.1,12.0,12.5,2024101224,2026.7.8,美浦,ダノンキングリー,テーオーメーテル,山下新一,ヤナガワ牧場,,
美浦,D,右,20260708,水,5:07,ギリーカラム,,牡,3,0,栗田徹,,,,,83.9,67.2,52.3,37.3,23.4,11.4,,,,16.7,14.9,15.0,13.9,12.0,11.4,2023107104,2026.7.8,美浦,ロードカナロア,ダンサール,キャロットファーム,ノーザンファーム,,
美浦,D,右,20260708,水,5:07,ステラガーネット,,牝,2,未出走,栗田徹,,,,,81.9,66.0,51.8,37.0,23.3,11.4,,,,15.9,14.2,14.8,13.7,11.9,11.4,2024106348,2026.7.8,美浦,アルクトス,シャインガーネット,"Blooming Racing",ノーザンファーム,,
美浦,D,右,20260708,水,5:07,ドナチャージ,,牝,2,未出走,栗田徹,,,,,82.8,66.4,52.0,37.2,23.3,11.5,,,,16.4,14.4,14.8,13.9,11.8,11.5,2024101353,2026.7.8,美浦,ウィルテイクチャージ,ドナルチア,小川眞査雄,清水牧場,,
美浦,D,右,20260708,水,5:09,アジュアカレンツ,,牝,3,0,西田雄一,,,,,85.7,67.9,52.0,37.1,23.9,11.8,,,,17.8,15.9,14.9,13.2,12.1,11.8,2023105022,2026.7.8,美浦,ダノンレジェンド,ブルーリヴァー,ヒダカ・ブリーダーズ・ユニオン,三嶋牧場,,
美浦,D,右,20260708,水,5:09,アタリダイキチ,,牡,4,1500,西田雄一,,,,,86.1,68.1,52.3,37.3,24.1,11.8,,,,18.0,15.8,15.0,13.2,12.3,11.8,2022107138,2026.7.8,美浦,アルアイン,グランドデザイン,西村新一郎,八島夕起子,,
美浦,D,右,20260708,水,5:09,コスモペンタス,,牝,3,0,西田雄一,,,,,83.6,65.9,51.1,37.2,23.8,11.5,,,,17.7,14.8,13.9,13.4,12.3,11.5,2023106482,2026.7.8,美浦,ベンバトル,モエレカトリーナ,ビッグレッドファーム,ビッグレッドファーム,,
美浦,D,右,20260708,水,5:09,シルバープレミア,,牝,3,0,西田雄一,,,,,84.3,66.5,50.7,36.7,23.4,11.3,,,,17.8,15.8,14.0,13.3,12.1,11.3,2023105576,2026.7.8,美浦,ワールドプレミア,ジョリーザスターズ,竹田寿,隆栄牧場,,
美浦,D,右,20260708,水,5:09,テンハートビート,,牝,3,400,西田雄一,,,,,84.8,66.8,51.0,36.9,24.3,11.9,,,,18.0,15.8,14.1,12.6,12.4,11.9,2023104170,2026.7.8,美浦,リオンディーズ,ベストリーダー,天白泰司,隆栄牧場,,
美浦,D,右,20260708,水,5:09,フラッシュポイント,,牝,4,400,西田雄一,,,,,85.6,67.6,51.7,37.3,23.4,11.3,,,,18.0,15.9,14.4,13.9,12.1,11.3,2022104609,2026.7.8,美浦,ニューイヤーズデイ,アドマイヤフッキー,サンデーレーシング,ノーザンファーム,,
美浦,D,右,20260708,水,5:09,メイショウバリスタ,,牡,3,0,西田雄一,,,,,90.5,70.9,55.3,40.2,26.3,13.0,,,,19.6,15.6,15.1,13.9,13.3,13.0,2023102069,2026.7.8,美浦,ワールドエース,レジーナカフェ,松本好隆,太陽牧場,,
美浦,D,右,20260708,水,5:09,ロワデュモンド,,牡,2,未出走,西田雄一,,,,,82.9,65.4,50.7,36.9,23.6,11.5,,,,17.5,14.7,13.8,13.3,12.1,11.5,2024107007,2026.7.8,美浦,サトノクラウン,シャルロワ,吉田晴哉,社台コーポレーション白老ファーム,,
美浦,D,右,20260708,水,5:10,アイアンパイク,,牝,3,400,村田一誠,,,,,,,54.1,38.5,24.9,11.7,,,,,,15.6,13.6,13.2,11.7,2023102633,2026.7.8,美浦,ヘンリーバローズ,チアズスワロー,浅田次郎,今牧場,,
美浦,D,右,20260708,水,5:10,ウインロゼライト,,牝,4,80,矢嶋大樹,,,,,87.3,69.1,53.5,38.5,24.2,11.4,,,,18.2,15.6,15.0,14.3,12.8,11.4,2022106212,2026.7.8,美浦,リアルスティール,ウインガーネット,ウイン,コスモヴューファーム,,
美浦,D,右,20260708,水,5:10,ドゥーニ,,牡,3,0,矢嶋大樹,,,,,86.5,68.9,53.3,38.3,24.0,11.4,,,,17.6,15.6,15.0,14.3,12.6,11.4,2023105662,2026.7.8,美浦,マテラスカイ,ヴィブラビ,KAJIMOTOホールディングス,本桐牧場,,
美浦,D,右,20260708,水,5:10,ニヴルヘイム,,牡,4,400,矢嶋大樹,,,,,85.8,68.5,53.0,38.2,24.0,11.4,,,,17.3,15.5,14.8,14.2,12.6,11.4,2022104761,2026.7.8,美浦,エピファネイア,グレイシア,吉田勝己,ノーザンファーム,,
美浦,D,右,20260708,水,5:10,ピリナカピリナ,,牝,2,0,水野貴広,,,,,87.0,69.8,54.0,39.1,25.7,12.5,,,,17.2,15.8,14.9,13.4,13.2,12.5,2024105555,2026.7.8,美浦,ステルヴィオ,オールプリュネル,友水達也,前川勝春,,
美浦,D,右,20260708,水,5:10,ベイツリー,,牡,3,0,村田一誠,,,,,,,53.6,38.2,24.6,11.8,,,,,,15.4,13.6,12.8,11.8,2023106853,2026.7.8,美浦,レイデオロ,アロマドゥルセ,キャロットファーム,ノーザンファーム,,
美浦,D,右,20260708,水,5:10,モミスケ,,牡,2,未出走,水野貴広,,,,,88.2,71.1,54.3,39.3,25.4,12.2,,,,17.1,16.8,15.0,13.9,13.2,12.2,2024105532,2026.7.8,美浦,ビッグアーサー,クレーンズラヴァー,助川啓一,本桐村田牧場,,
美浦,D,右,20260708,水,5:10,ラーナローザ,,牝,4,900,畠山吉宏,,,,,83.4,65.8,50.4,36.3,23.2,11.4,,,,17.6,15.4,14.1,13.1,11.8,11.4,2022102785,2026.7.8,美浦,ドレフォン,ラーナアズーラ,ターフ・スポート,グランデファーム,,
美浦,D,右,20260708,水,5:11,カラマティアノス,,牡,4,5200,奥村武,,,,,84.6,66.8,51.3,36.8,23.2,11.1,,,,17.8,15.5,14.5,13.6,12.1,11.1,2022104896,2026.7.8,美浦,レイデオロ,ダンサール,サンデーレーシング,ノーザンファーム,,
美浦,D,右,20260708,水,5:11,チャチャット,,牝,3,0,柄崎将寿,,,,,84.4,67.9,52.8,38.3,24.2,11.8,,,,16.5,15.1,14.5,14.1,12.4,11.8,2023105572,2026.7.8,美浦,レイデオロ,アドマイヤチャチャ,大塚亮一,隆栄牧場,,
美浦,D,右,20260708,水,5:11,テイキットイージー,,牡,5,400,萱野浩二,,,,,87.3,70.0,54.2,39.6,25.7,12.6,,,,17.3,15.8,14.6,13.9,13.1,12.6,2021101088,2026.7.8,美浦,ゴールドシップ,コスモマイルール,ビッグレッドファーム,荒井ファーム,,
美浦,D,右,20260708,水,5:11,フォワードシャッセ,,牝,3,0,奥村武,,,,,83.6,66.0,50.7,36.5,23.2,11.0,,,,17.6,15.3,14.2,13.3,12.2,11.0,2023107151,2026.7.8,美浦,サートゥルナーリア,バウンスシャッセ,キャロットファーム,ノーザンファーム,,
美浦,D,右,20260708,水,5:11,フラムリンガム,,セ,5,1500,柄崎将寿,,,,,84.5,68.0,52.5,37.5,23.7,11.4,,,,16.5,15.5,15.0,13.8,12.3,11.4,2021104910,2026.7.8,美浦,ダイワメジャー,ファルネーゼ,吉田照哉,社台コーポレーション白老ファーム,,
美浦,D,右,20260708,水,5:11,ホウオウプレミア,,牡,7,900,奥村武,,,,,86.0,68.0,52.4,37.6,23.6,11.4,,,,18.0,15.6,14.8,14.0,12.2,11.4,2019105041,2026.7.8,美浦,ロードカナロア,アドマイヤテンバ,小笹芳央,ノーザンファーム,,
美浦,D,右,20260708,水,5:11,ホウオウヘッセン,,牡,3,400,田島俊明,,,,,85.4,67.0,51.5,36.6,23.2,11.3,,,,18.4,15.5,14.9,13.4,11.9,11.3,2023102440,2026.7.8,美浦,ウインブライト,ローゼンタール,小笹芳央,岡田スタツド,,
美浦,D,右,20260708,水,5:11,マリノマーベラス,,牝,3,0,田島俊明,,,,,85.0,67.0,51.6,36.7,23.3,11.3,,,,18.0,15.4,14.9,13.4,12.0,11.3,2023100815,2026.7.8,美浦,アメリカンペイトリオット,レインボーシーカー,矢野まり子,クラウン日高牧場,,
美浦,D,右,20260708,水,5:11,ルージュダリア,,牝,3,400,林徹,,,,,87.1,70.0,53.1,37.9,23.4,11.2,,,,17.1,16.9,15.2,14.5,12.2,11.2,2023105345,2026.7.8,美浦,リオンディーズ,レイリオン,東京ホースレーシング,ノーザンファーム,,
美浦,D,右,20260708,水,5:11,レヴェンドール,,牝,3,0,柄崎将寿,,,,,85.6,68.7,52.9,37.9,24.1,11.5,,,,16.9,15.8,15.0,13.8,12.6,11.5,2023106025,2026.7.8,美浦,カレンブラックヒル,メルティングポット,京都ホースレーシング,高橋フアーム,,
美浦,D,右,20260708,水,5:12,アルスラーン,,牡,2,未出走,佐藤吉勝,,,,,86.3,68.2,52.8,38.3,24.4,11.6,,,,18.1,15.4,14.5,13.9,12.8,11.6,2024105394,2026.7.8,美浦,ミュゼスルタン,ミュゼリトルガール,ミルファーム,タツヤファーム,,
美浦,D,右,20260708,水,5:12,ウカテンセイ,,牝,2,未出走,佐藤吉勝,,,,,88.1,69.5,53.9,38.7,24.8,12.6,,,,18.6,15.6,15.2,13.9,12.2,12.6,2024103179,2026.7.8,美浦,リオンリオン,ファインロマンス,スピードファーム,スピードフアーム,,
美浦,D,右,20260708,水,5:12,グラスフェザー,,牡,3,0,田島俊明,,,,,86.2,68.0,52.3,37.3,23.7,11.6,,,,18.2,15.7,15.0,13.6,12.1,11.6,2023106352,2026.7.8,美浦,ゴールドドリーム,ダンシングミッシー,半沢,ヤナガワ牧場,,
美浦,D,右,20260708,水,5:12,ケンブリッジ,,セ,3,0,水野貴広,,,,,82.6,65.8,51.1,37.0,24.0,11.8,,,,16.8,14.7,14.1,13.0,12.2,11.8,2023104686,2026.7.8,美浦,ノーブルミッション,イエローポピー,野村茂雄,メイタイファーム,,
美浦,D,右,20260708,水,5:12,ナインオブレター,,牡,4,400,佐藤吉勝,,,,,86.0,68.1,52.7,37.6,23.8,11.7,,,,17.9,15.4,15.1,13.8,12.1,11.7,2022106926,2026.7.8,美浦,モーニン,ブリリアントレター,熊坂俊一,松浦牧場,,
美浦,D,右,20260708,水,5:12,ファインブライト,,牡,3,0,佐藤吉勝,,,,,85.9,67.9,52.5,38.2,24.3,11.6,,,,18.0,15.4,14.3,13.9,12.7,11.6,2023106627,2026.7.8,美浦,アジアエクスプレス,イムディーナ,片山博志,村上牧場,,
美浦,D,右,20260708,水,5:12,マイネルラッシュ,,牡,6,1000,水野貴広,,,,,80.8,64.3,49.6,35.9,23.1,11.5,,,,16.5,14.7,13.7,12.8,11.6,11.5,2020105803,2026.7.8,美浦,ダイワメジャー,ワンダフルラッシュ,サラブレッドクラブ・ラフィアン,ビッグレッドファーム,,
美浦,D,右,20260708,水,5:12,ヴォンフレ,,牝,4,1500,村田一誠,,,,,82.5,66.1,52.0,38.3,24.9,12.0,,,,16.4,14.1,13.7,13.4,12.9,12.0,2022101227,2026.7.8,美浦,ブラックタイド,ショウリノウタゲ,平井裕,川端正博,,
美浦,D,右,20260708,水,5:13,デルマテイネ,,牡,3,0,的場均,,,,,85.7,67.8,51.3,37.5,24.6,12.1,,,,17.9,16.5,13.8,12.9,12.5,12.1,2023101361,2026.7.8,美浦,ストロングリターン,デルマオシマ,浅沼廣幸,ファニーヒルファーム,,
美浦,D,右,20260708,水,5:14,クイーンズワーフ,,牝,5,400,青木孝文,,,,,84.4,67.0,51.8,37.4,24.1,11.7,,,,17.4,15.2,14.4,13.3,12.4,11.7,2021105168,2026.7.8,美浦,アルアイン,バーミーブリーズ,吉田照哉,社台ファーム,,
美浦,D,右,20260708,水,5:14,マイネルリコルディ,,牡,2,0,青木孝文,,,,,84.9,67.5,52.0,37.5,24.1,11.6,,,,17.4,15.5,14.5,13.4,12.5,11.6,2024103650,2026.7.8,美浦,ゴールドシップ,ヘリンヌリング,サラブレッドクラブ・ラフィアン,ブルースターズファーム,,
美浦,D,右,20260708,水,5:14,ヴィンチェローズ,,牡,2,未出走,青木孝文,,,,,83.2,66.1,50.9,36.9,23.8,11.6,,,,17.1,15.2,14.0,13.1,12.2,11.6,2024101502,2026.7.8,美浦,ダノンスマッシュ,メロディーフェア,TAホースレーシング,猿倉牧場,,
美浦,D,右,20260708,水,5:15,アームテイル,,牝,6,1500,和田勇介,,,,,84.9,67.8,52.9,38.3,24.6,11.8,,,,17.1,14.9,14.6,13.7,12.8,11.8,2020106900,2026.7.8,美浦,ダノンバラード,メイショウアサツユ,三嶋牧場,三嶋牧場,,
美浦,D,右,20260708,水,5:15,クレオズニードル,,牝,4,900,和田勇介,,,,,82.2,66.1,51.7,37.4,24.0,11.7,,,,16.1,14.4,14.3,13.4,12.3,11.7,2022101629,2026.7.8,美浦,ファインニードル,アーキオロジー,ゴドルフィン,ダーレー・ジャパン・ファーム,,
美浦,D,右,20260708,水,5:15,メイショウミズホ,,牝,3,0,和田勇介,,,,,84.1,67.4,52.7,38.0,24.4,11.8,,,,16.7,14.7,14.7,13.6,12.6,11.8,2023101950,2026.7.8,美浦,ダンカーク,メイショウカスガ,松本好隆,赤田牧場,,
美浦,D,右,20260708,水,5:16,コールドスリープ,,牝,2,0,深山雅史,,,,,84.9,67.5,52.3,38.2,24.8,12.3,,,,17.4,15.2,14.1,13.4,12.5,12.3,2024100469,2026.7.8,美浦,アルアイン,プリヴェット,由井健太郎,下河辺牧場,,
美浦,D,右,20260708,水,5:16,セイウンイーリス,,牝,2,未出走,深山雅史,,,,,85.1,67.3,52.2,37.9,24.5,11.9,,,,17.8,15.1,14.3,13.4,12.6,11.9,2024103860,2026.7.8,美浦,リーチザクラウン,プルージャ,西山茂行,村上欽哉牧場,,
美浦,D,右,20260708,水,5:16,バトルモクオ,,牡,3,0,戸田博文,,,,,85.8,68.9,53.2,38.1,24.0,11.5,,,,16.9,15.7,15.1,14.1,12.5,11.5,2023100800,2026.7.8,美浦,ベンバトル,クラウンロゼ,清進電設,クラウン日高牧場,,
美浦,D,右,20260708,水,5:16,マイホームパパ,,牡,2,未出走,深山雅史,,,,,83.2,66.2,51.2,37.5,24.2,11.9,,,,17.0,15.0,13.7,13.3,12.3,11.9,2024102852,2026.7.8,美浦,ミッキーグローリー,ユメノマイホーム,ミルファーム,ミルファーム,,
美浦,D,右,20260708,水,5:16,ヴィーデ,,セ,4,400,戸田博文,,,,,86.3,69.1,53.4,38.2,24.1,11.5,,,,17.2,15.7,15.2,14.1,12.6,11.5,2022100548,2026.7.8,美浦,ルヴァンスレーヴ,ピアノボレロ,G1レーシング,片山牧場,,
美浦,D,右,20260708,水,5:17,インナーパッション,,牡,3,400,斎藤誠,,,,,84.8,67.5,52.8,38.4,24.5,11.5,,,,17.3,14.7,14.4,13.9,13.0,11.5,2023103714,2026.7.8,美浦,キズナ,ブラインドラック,平井裕,追分ファーム,,
美浦,D,右,20260708,水,5:17,ウインマイルート,,牡,7,900,鈴木慎太,,,,,83.8,66.6,52.1,37.4,23.6,11.5,,,,17.2,14.5,14.7,13.8,12.1,11.5,2019100212,2026.7.8,美浦,ゴールドシップ,コスモマイルール,ウイン,コスモヴューファーム,,
美浦,D,右,20260708,水,5:17,サラフィエル,,セ,7,900,鈴木慎太,,,,,84.9,67.3,52.5,37.8,24.0,11.6,,,,17.6,14.8,14.7,13.8,12.4,11.6,2019101464,2026.7.8,美浦,ヤマニンセラフィム,ティフィン,木部厳生,木部ファーム,,
美浦,D,右,20260708,水,5:17,セブンワンダーズ,,牡,3,0,斎藤誠,,,,,82.8,66.4,51.6,37.6,24.3,11.8,,,,16.4,14.8,14.0,13.3,12.5,11.8,2023100928,2026.7.8,美浦,キセキ,シャンパンフルート,下河辺隆行,下河辺牧場,,
美浦,D,右,20260708,水,5:17,ツクバヴァンガード,,牡,3,0,奥平雅士,,,,,89.3,69.9,53.6,38.5,24.3,11.4,,,,19.4,16.3,15.1,14.2,12.9,11.4,2023101037,2026.7.8,美浦,リーチザクラウン,キャプテンガール,細谷武史,シンボリ牧場,,
美浦,D,右,20260708,水,5:17,テンドリームガール,,牝,4,0,矢野英一,,,,,87.7,68.1,51.8,37.5,24.2,11.6,,,,19.6,16.3,14.3,13.3,12.6,11.6,2022106347,2026.7.8,美浦,モーリス,ファインアイリス,天白泰司,隆栄牧場,,
美浦,D,右,20260708,水,5:17,ディアスポラ,,牡,5,400,田中剛,,,,,86.1,67.9,53.1,38.6,24.6,11.7,,,,18.2,14.8,14.5,14.0,12.9,11.7,2021102498,2026.7.8,美浦,マジェスティックウォリアー,ウエバフラッシュ,加藤誠,様似共栄牧場,,
美浦,D,右,20260708,水,5:17,ニシノイサリビ,,牡,2,未出走,斎藤誠,,,,,81.5,65.7,51.0,37.2,24.0,11.6,,,,15.8,14.7,13.8,13.2,12.4,11.6,2024103977,2026.7.8,美浦,ダノンスマッシュ,ヒルノマリブ,西山茂行,山岡ファーム,,
美浦,D,右,20260708,水,5:17,ピウモッソ,,牝,2,未出走,斎藤誠,,,,,81.9,66.0,51.3,37.3,24.1,11.6,,,,15.9,14.7,14.0,13.2,12.5,11.6,2024106979,2026.7.8,美浦,ナダル,エスティタート,キャロットファーム,社台コーポレーション白老ファーム,,
美浦,D,右,20260708,水,5:17,ポポラヴィスタ,,牝,3,0,鈴木慎太,,,,,91.8,71.9,54.7,39.5,25.0,11.7,,,,19.9,17.2,15.2,14.5,13.3,11.7,2023102737,2026.7.8,美浦,ダノンバラード,ポポラリタ,YGGホースクラブ,静内フアーム,,
美浦,D,右,20260708,水,5:17,メタルスピード,,牡,6,2400,斎藤誠,,,,,83.6,66.6,52.0,37.9,23.9,11.5,,,,17.0,14.6,14.1,14.0,12.4,11.5,2020101772,2026.7.8,美浦,シルバーステート,マイビビアーヌ,"Him Rock Racingホールディングス",タバタファーム,,
美浦,D,右,20260708,水,5:18,エクスマキナ,,牝,2,未出走,手塚貴徳,,,,,85.0,68.1,52.6,38.1,24.7,12.1,,,,16.9,15.5,14.5,13.4,12.6,12.1,2024104469,2026.7.8,美浦,フィエールマン,レッドラフィーネ,ビッグレッドファーム,静内白井牧場,,
美浦,D,右,20260708,水,5:18,セキテイリノ,,牡,3,0,田中剛,,,,,80.6,64.4,49.9,36.0,22.9,11.3,,,,16.2,14.5,13.9,13.1,11.6,11.3,2023103447,2026.7.8,美浦,サトノダイヤモンド,ステイアライヴ,杉山元洋,社台ファーム,,
美浦,D,右,20260708,水,5:18,ルージュスエルテ,,牝,5,900,手塚貴徳,,,,,84.5,68.1,52.3,38.1,24.7,12.2,,,,16.4,15.8,14.2,13.4,12.5,12.2,2021105863,2026.7.8,美浦,ハーツクライ,リュズキナ,東京ホースレーシング,ノーザンファーム,,
美浦,D,右,20260708,水,5:19,,,,,,,,,,,95.2,76.3,59.9,44.1,29.0,14.2,,,,18.9,16.4,15.8,15.1,14.8,14.2,2024104659,2026.7.8,,,,,,,
美浦,D,右,20260708,水,5:19,イセッセイ,,牝,3,0,伊藤伸一,,,,,83.3,66.7,51.7,37.4,24.4,12.3,,,,16.6,15.0,14.3,13.0,12.1,12.3,2023106294,2026.7.8,美浦,エスポワールシチー,イセエビ,芳賀克也,アサヒ牧場,,
美浦,D,右,20260708,水,5:19,イニシャルポイント,,牝,2,未出走,高木登,,,,,84.3,66.4,51.7,37.4,23.8,11.5,,,,17.9,14.7,14.3,13.6,12.3,11.5,2024108217,2026.7.8,美浦,Flightline,Farrell,ビッグレッドファーム,"Coffee Pot Stable",,
美浦,D,右,20260708,水,5:19,インザダーク,,牝,2,未出走,伊藤伸一,,,,,80.6,65.3,50.3,36.3,23.7,11.9,,,,15.3,15.0,14.0,12.6,11.8,11.9,2024102407,2026.7.8,美浦,ラブリーデイ,ドナアンブロージア,グリーンスウォード,市川フアーム,,
美浦,D,右,20260708,水,5:19,ガーネットテソーロ,,牝,3,400,高木登,,,,,83.3,67.2,52.2,37.9,24.1,11.8,,,,16.1,15.0,14.3,13.8,12.3,11.8,2023106734,2026.7.8,美浦,シルバーステート,アンカーテソーロ,了徳寺健二ホールディングス,リョーケンファーム,,
美浦,D,右,20260708,水,5:19,キョウエイボニータ,,牝,4,900,伊藤伸一,,,,,85.5,67.6,52.9,38.9,25.2,12.3,,,,17.9,14.7,14.0,13.7,12.9,12.3,2022101906,2026.7.8,美浦,イスラボニータ,キョウエイレガシー,田中晴夫,春木ファーム,,
美浦,D,右,20260708,水,5:19,グランシュレーム,,牝,2,未出走,高木登,,,,,83.7,67.5,52.4,37.9,24.2,11.8,,,,16.2,15.1,14.5,13.7,12.4,11.8,2024106933,2026.7.8,美浦,ナダル,リアリゾンルレーヴ,G1レーシング,追分ファーム,,
美浦,D,右,20260708,水,5:19,ジーティージェミル,,牝,3,0,伊藤伸一,,,,,85.7,67.6,53.4,38.9,24.8,11.7,,,,18.1,14.2,14.5,14.1,13.1,11.7,2023106332,2026.7.8,美浦,ドリームバレンチノ,ナイスドゥ,田畑利彦,浦河日成牧場,,
美浦,D,右,20260708,水,5:19,ディマイザキッド,,牡,5,2400,清水英克,,,,,83.3,66.2,51.4,36.9,23.5,11.6,,,,17.1,14.8,14.5,13.4,11.9,11.6,2021104324,2026.7.8,美浦,ディーマジェスティ,ミスミーチャン,嶋田一成,服部牧場,,
美浦,D,右,20260708,水,5:19,トムキャット,,牝,2,未出走,伊藤伸一,,,,,83.6,66.7,51.6,37.4,24.4,12.2,,,,16.9,15.1,14.2,13.0,12.2,12.2,2024101524,2026.7.8,美浦,ステルヴィオ,メガミチャン,田頭勇貴,富田恭司,,
美浦,D,右,20260708,水,5:19,ドナルンバ,,牝,3,400,上原佑紀,,,,,84.1,67.6,52.2,37.9,24.4,11.9,,,,16.5,15.4,14.3,13.5,12.5,11.9,2023103472,2026.7.8,美浦,サトノアラジン,ダンスグルーヴィ,小川眞査雄,社台ファーム,,
美浦,D,右,20260708,水,5:19,ネイティヴプライド,,牡,3,0,高木登,,,,,84.8,67.8,52.7,38.3,24.5,12.0,,,,17.0,15.1,14.4,13.8,12.5,12.0,2023105319,2026.7.8,美浦,クリソベリル,ビキニブロンド,山田弘,ノーザンファーム,,
美浦,D,右,20260708,水,5:19,マイネルモーント,,牡,6,3250,高木登,,,,,83.5,65.8,51.3,37.2,23.6,11.4,,,,17.7,14.5,14.1,13.6,12.2,11.4,2020105749,2026.7.8,美浦,ゴールドシップ,ゲッカコウ,サラブレッドクラブ・ラフィアン,ビッグレッドファーム,,
美浦,D,右,20260708,水,5:19,ミツカネメルクリオ,,牡,3,0,清水英克,,,,,83.8,66.5,51.7,37.1,23.7,11.6,,,,17.3,14.8,14.6,13.4,12.1,11.6,2023101346,2026.7.8,美浦,サトノアラジン,ゼンダンラビット,小山田満,広中稔,,
美浦,D,右,20260708,水,5:19,ルージュリリック,,牝,3,400,上原佑紀,,,,,84.6,68.0,52.7,38.3,24.6,12.0,,,,16.6,15.3,14.4,13.7,12.6,12.0,2023103543,2026.7.8,美浦,ポエティックフレア,ベアトリッツ,東京ホースレーシング,社台ファーム,,
美浦,D,右,20260708,水,5:20,ウインカーネリアン,,牡,9,21750,鹿戸雄一,,,,,,,56.9,40.4,25.7,12.6,,,,,,16.5,14.7,13.1,12.6,2017101429,2026.7.8,美浦,スクリーンヒーロー,コスモクリスタル,ウイン,コスモヴューファーム,,
美浦,D,右,20260708,水,5:20,オンザヴィーナス,,牝,5,400,大和田成,,,,,85.9,67.3,52.0,38.1,24.5,11.8,,,,18.6,15.3,13.9,13.6,12.7,11.8,2021105057,2026.7.8,美浦,ミッキーアイル,シアン,久保田定,社台ファーム,,
美浦,D,右,20260708,水,5:20,パチクリベスクリ,,牡,3,0,清水英克,,,,,81.7,65.9,51.3,37.2,24.3,12.3,,,,15.8,14.6,14.1,12.9,12.0,12.3,2023106346,2026.7.8,美浦,ファインニードル,スキャンダルシート,河本尚吾,HARUNOファーム,,
美浦,D,右,20260708,水,5:20,ビーンスターク,,セ,5,0,粕谷昌央,,,,,84.9,68.5,53.5,39.7,25.5,12.6,,,,16.4,15.0,13.8,14.2,12.9,12.6,2021103578,2026.7.8,美浦,ロジャーバローズ,アートオブビーン,岡田牧雄,岡田牧場,,
美浦,D,右,20260708,水,5:20,ベルウッドクレド,,牡,3,400,辻哲英,,,,,,,74.9,54.5,36.0,16.9,,,,,,20.4,18.5,19.1,16.9,2023103957,2026.7.8,美浦,シルバーステート,ラヴザットマスタング,鈴木照雄,アラキフアーム,,
美浦,D,右,20260708,水,5:20,ミナヅキ,,牡,3,0,清水英克,,,,,81.8,65.7,51.0,37.0,23.9,12.0,,,,16.1,14.7,14.0,13.1,11.9,12.0,2023105449,2026.7.8,美浦,ガルボ,アドリアーネ,石川秀守,サカイファーム,,
美浦,D,右,20260708,水,5:21,アオゾラランチ,,牝,3,0,戸田博文,,,,,86.8,69.0,53.6,38.8,24.7,11.9,,,,17.8,15.4,14.8,14.1,12.8,11.9,2023103377,2026.7.8,美浦,モーリス,カーロバンビーナ,吉田千津,社台ファーム,,
美浦,D,右,20260708,水,5:21,エッジランナー,,牡,3,0,戸田博文,,,,,87.7,69.7,54.2,39.2,25.0,12.0,,,,18.0,15.5,15.0,14.2,13.0,12.0,2023106686,2026.7.8,美浦,サンダースノー,アスールダリア,安原浩司,坂東牧場,,
美浦,D,右,20260708,水,5:21,コスモブッドレア,,牡,5,2400,小野次郎,,,,,84.7,67.8,52.5,37.7,23.7,11.5,,,,16.9,15.3,14.8,14.0,12.2,11.5,2021106782,2026.7.8,美浦,ゴールドシップ,コスモバタフライ,ビッグレッドファーム,ビッグレッドファーム,,
美浦,D,右,20260708,水,5:21,サヴマ,,牡,3,0,辻哲英,,,,,82.9,66.4,51.7,37.4,24.2,11.8,,,,16.5,14.7,14.3,13.2,12.4,11.8,2023106182,2026.7.8,美浦,キセキ,アイワナシーユー,DMMドリームクラブ,パカパカファーム,,
美浦,D,右,20260708,水,5:21,ナックエルドラド,,牡,4,0,小野次郎,,,,,84.4,67.7,52.5,37.6,23.6,11.4,,,,16.7,15.2,14.9,14.0,12.2,11.4,2022106304,2026.7.8,美浦,マインドユアビスケッツ,エリンズハープ,小松欣也,スカイビーチステーブル,,
美浦,D,右,20260708,水,5:21,モンドプリューム,,牡,6,3600,水野貴広,,,,,95.7,71.2,54.4,39.0,24.8,11.8,,,,24.5,16.8,15.4,14.2,13.0,11.8,2020103876,2026.7.8,美浦,サトノダイヤモンド,エリモフェザー,落合幸弘,岡田スタツド,,
美浦,D,右,20260708,水,5:21,ヤマニンガラッシア,,牡,9,560,辻哲英,,,,,84.4,67.7,52.6,38.3,24.8,12.0,,,,16.7,15.1,14.3,13.5,12.8,12.0,2017101772,2026.7.8,美浦,ディープインパクト,ヤマニングルノイユ,土井肇,錦岡牧場,,
美浦,D,右,20260708,水,5:21,ヤマニンリンキング,,牡,3,未出走,辻哲英,,,,,83.9,67.2,52.2,37.9,24.4,11.9,,,,16.7,15.0,14.3,13.5,12.5,11.9,2023104359,2026.7.8,美浦,ディーマジェスティ,ヤマニンアドーレ,土井肇,錦岡牧場,,
美浦,D,右,20260708,水,5:22,シャインネージュ,,牝,3,0,小野次郎,,,,,86.1,69.2,54.7,39.3,24.4,11.8,,,,16.9,14.5,15.4,14.9,12.6,11.8,2023102338,2026.7.8,美浦,ベストウォーリア,シャインカメリア,皆川博文,上野正恵,,
美浦,D,右,20260708,水,5:22,ポッドロルフ,,牡,4,400,小野次郎,,,,,87.6,70.5,55.5,39.6,24.6,11.8,,,,17.1,15.0,15.9,15.0,12.8,11.8,2022100700,2026.7.8,美浦,モズアスコット,グリエルマ,小川眞査雄,下屋敷牧場,,
美浦,D,右,20260708,水,5:23,アグアフレスカ,,牝,3,0,稲垣幸雄,,,,,85.6,67.3,52.2,38.0,24.3,11.8,,,,18.3,15.1,14.2,13.7,12.5,11.8,2023103579,2026.7.8,美浦,ブリックスアンドモルタル,ラセレシオン,社台レースホース,社台ファーム,,
美浦,D,右,20260708,水,5:23,ダゴベルト,,牡,3,0,大竹正博,,,,,86.3,68.9,54.0,39.2,25.0,12.1,,,,17.4,14.9,14.8,14.2,12.9,12.1,2023106946,2026.7.8,美浦,ロードカナロア,カセドラルベル,サンデーレーシング,ノーザンファーム,,
美浦,D,右,20260708,水,5:23,ダノンロッキー,,牡,5,0,大竹正博,,,,,85.3,68.1,53.3,38.8,24.7,12.0,,,,17.2,14.8,14.5,14.1,12.7,12.0,2021105654,2026.7.8,美浦,キズナ,ティファニーズオナー,ダノックス,ノーザンファーム,,
美浦,D,右,20260708,水,5:23,レアリゼソンレーヴ,,牡,3,0,大竹正博,,,,,83.9,67.5,52.8,38.5,24.4,11.9,,,,16.4,14.7,14.3,14.1,12.5,11.9,2023104401,2026.7.8,美浦,コントレイル,ドリームジョブ,前田幸大,ノースヒルズ,,
美浦,D,右,20260708,水,5:25,ウイニングレイ,,牝,2,未出走,戸田博文,,,,,83.7,65.5,50.3,36.7,24.0,11.7,,,,18.2,15.2,13.6,12.7,12.3,11.7,2024105882,2026.7.8,美浦,ウインブライト,シャーラレイ,吉田照哉,社台ファーム,,
美浦,D,右,20260708,水,5:25,ウインドオブヘヴン,,牡,3,0,戸田博文,,,,,84.1,65.9,50.8,37.3,24.3,11.9,,,,18.2,15.1,13.5,13.0,12.4,11.9,2023100734,2026.7.8,美浦,ロードカナロア,キストゥヘヴン,DMMドリームクラブ,オリオンファーム,,
美浦,D,右,20260708,水,5:25,コパノミラノ,,牡,3,0,上原博之,,,,,83.9,67.6,53.2,39.0,25.3,12.2,,,,16.3,14.4,14.2,13.7,13.1,12.2,2023101578,2026.7.8,美浦,コパノリッキー,テーオーキャンディ,小林祥晃,ヤナガワ牧場,,
美浦,D,右,20260708,水,5:26,イキフン,,牡,2,未出走,平岩大典,,,,,84.9,66.6,50.8,36.9,23.9,11.7,,,,18.3,15.8,13.9,13.0,12.2,11.7,2024101560,2026.7.8,美浦,ロゴタイプ,セリス,MMC,一珍棒牧場,,
美浦,D,右,20260708,水,5:26,シークレットイスラ,,牡,5,400,平岩大典,,,,,85.4,67.2,51.2,37.2,24.1,11.8,,,,18.2,16.0,14.0,13.1,12.3,11.8,2021106118,2026.7.8,美浦,イスラボニータ,シークレットベース,山口春夫,柏木一則,,
美浦,D,右,20260708,水,5:26,ラヴァグロウ,,牝,6,710,畠山吉宏,,,,,85.7,67.6,52.3,38.1,24.5,11.7,,,,18.1,15.3,14.2,13.6,12.8,11.7,2020103937,2026.7.8,美浦,ホッコータルマエ,ブロンズテーラー,岡田牧雄,岡田スタツド,,
美浦,D,右,20260708,水,5:27,グロスビーク,,牡,4,900,田中博康,,,,,82.3,66.3,51.3,37.2,23.7,11.3,,,,16.0,15.0,14.1,13.5,12.4,11.3,2022104608,2026.7.8,美浦,シスキン,アドマイヤセプター,キャロットファーム,ノーザンファーム,,
美浦,D,右,20260708,水,5:27,シアルナーレ,,牡,2,0,田中博康,,,,,81.5,66.0,51.0,37.0,23.5,11.3,,,,15.5,15.0,14.0,13.5,12.2,11.3,2024105911,2026.7.8,美浦,コントレイル,ストロベリームーン,"Blooming Racing",社台ファーム,,
美浦,D,右,20260708,水,5:27,レイナエヴィータ,,牝,3,未出走,田中博康,,,,,82.9,66.7,51.6,37.4,23.9,11.4,,,,16.2,15.1,14.2,13.5,12.5,11.4,2023103781,2026.7.8,美浦,キタサンブラック,サンタエヴィータ,G1レーシング,社台コーポレーション白老ファーム,,
美浦,D,右,20260708,水,5:30,ジュリ,,牝,3,0,萱野浩二,,,,,85.6,69.3,54.3,39.4,25.3,12.4,,,,16.3,15.0,14.9,14.1,12.9,12.4,2023103273,2026.7.8,美浦,ダノンスマッシュ,ラファエラ,大樹ファーム,松田牧場,,
美浦,D,右,20260708,水,5:30,フロステリオン,,牡,3,0,萱野浩二,,,,,83.5,67.4,53.0,38.4,24.4,11.7,,,,16.1,14.4,14.6,14.0,12.7,11.7,2023102266,2026.7.8,美浦,ディープブリランテ,リゼブルー,ローレルレーシング,吉永ファーム,,
美浦,D,右,20260708,水,5:31,ロイヤルタイム,,牡,3,0,和田正一,,,,,87.1,68.6,52.7,38.4,24.9,12.1,,,,18.5,15.9,14.3,13.5,12.8,12.1,2023103932,2026.7.8,美浦,サトノクラウン,ラプチュア,コスモヴューファーム,アサヒ牧場,,
美浦,D,右,20260708,水,6:00,エビスディアーナ,,牝,3,0,加藤征弘,,,,,88.8,70.8,54.0,38.3,24.6,12.0,,,,18.0,16.8,15.7,13.7,12.6,12.0,2023101659,2026.7.8,美浦,マジェスティックウォリアー,エビスオール,加藤晃央,恵比寿牧場,,
美浦,D,右,20260708,水,6:00,サンフラワー,,牝,2,未出走,加藤征弘,,,,,83.7,66.7,51.8,37.4,24.8,12.7,,,,17.0,14.9,14.4,12.6,12.1,12.7,2024106058,2026.7.8,美浦,ポエティックフレア,ラヴファンシフル,阿部幸広,社台ファーム,,
美浦,D,右,20260708,水,6:00,ツキノマバタキ,,牝,3,0,牧光二,,,,,,,52.7,38.5,24.5,12.0,,,,,,14.2,14.0,12.5,12.0,2023103569,2026.7.8,美浦,エイシンフラッシュ,ムーンビード,日下部勝徳,社台ファーム,,
美浦,D,右,20260708,水,6:00,トウシンライオット,,牡,3,0,尾形和幸,,,,,85.7,67.9,53.1,38.3,24.3,11.7,,,,17.8,14.8,14.8,14.0,12.6,11.7,2023103088,2026.7.8,美浦,フィレンツェファイア,フェアレディ,サトー,服部牧場,,
美浦,D,右,20260708,水,6:00,バッカステソーロ,,牡,3,0,栗田徹,,,,,83.0,66.6,52.0,37.2,23.6,11.4,,,,16.4,14.6,14.8,13.6,12.2,11.4,2023106753,2026.7.8,美浦,キタサンブラック,モトカ,了徳寺健二ホールディングス,リョーケンファーム,,
美浦,D,右,20260708,水,6:00,ブルーリボン,,牝,2,未出走,尾形和幸,,,,,84.4,67.7,52.9,38.1,24.3,11.8,,,,16.7,14.8,14.8,13.8,12.5,11.8,2024101798,2026.7.8,美浦,ジャンダルム,レディシアトル,大瀧啓之,笹地牧場,,
美浦,D,右,20260708,水,6:00,ボーンディスウェイ,,牡,7,3800,牧光二,,,,,82.5,66.2,51.7,37.0,23.4,11.3,,,,16.3,14.5,14.7,13.6,12.1,11.3,2019104658,2026.7.8,美浦,ハーツクライ,ウィンドハック,平田修,社台ファーム,,
美浦,D,右,20260708,水,6:00,ライヴレッドアイ,,牝,3,400,牧光二,,,,,81.9,65.9,51.3,36.7,23.3,11.3,,,,16.0,14.6,14.6,13.4,12.0,11.3,2023104658,2026.7.8,美浦,ベストウォーリア,レッドパラス,澤田孝之,ムラカミファーム,,
美浦,D,右,20260708,水,6:00,ロジアコース,,牡,2,未出走,加藤征弘,,,,,82.8,65.7,50.6,36.2,23.5,11.5,,,,17.1,15.1,14.4,12.7,12.0,11.5,2024106754,2026.7.8,美浦,ロジユニヴァース,ロジマギーゴー,久米田正明,ノーザンファーム,,
美浦,D,右,20260708,水,6:00,ロートホルン,,牝,4,900,加藤征弘,,,,,83.0,66.2,51.1,36.2,22.9,11.0,,,,16.8,15.1,14.9,13.3,11.9,11.0,2022105977,2026.7.8,美浦,サトノダイヤモンド,マイミスリリー,キャロットファーム,レイクヴィラファーム,,
美浦,D,右,20260708,水,6:01,アシャカルッカ,,牝,3,0,鈴木伸尋,,,,,85.3,68.5,53.5,38.7,24.7,11.9,,,,16.8,15.0,14.8,14.0,12.8,11.9,2023103233,2026.7.8,美浦,シニスターミニスター,アシャカダイキ,吉冨学,前谷牧場,,
美浦,D,右,20260708,水,6:01,アンパドゥ,,牡,5,2400,木村哲也,153.3,133.2,115.3,98.0,82.1,67.3,52.4,38.0,24.5,11.9,17.9,17.3,15.9,14.8,14.9,14.4,13.5,12.6,11.9,2021110030,2026.7.8,美浦,Iffraaj,"Latharna Skies",ゴドルフィン,Godolphin,,
美浦,D,右,20260708,水,6:01,エメラルファイン,,セ,3,0,勢司和浩,,,,,82.5,66.4,51.8,37.4,23.6,11.4,,,,16.1,14.6,14.4,13.8,12.2,11.4,2023103161,2026.7.8,美浦,ルヴァンスレーヴ,セトウチソーラー,高橋勉,フジワラフアーム,,
美浦,D,右,20260708,水,6:01,キャピタルストーン,,牡,2,0,久保田貴,,,,,86.4,69.3,54.0,38.8,24.4,11.6,,,,17.1,15.3,15.2,14.4,12.8,11.6,2024105780,2026.7.8,美浦,サートゥルナーリア,エバーミランダ,宇田豊,社台ファーム,,
美浦,D,右,20260708,水,6:01,キリスパークル,,牝,3,0,勢司和浩,,,,,84.0,67.9,53.2,38.3,24.6,12.0,,,,16.1,14.7,14.9,13.7,12.6,12.0,2023100312,2026.7.8,美浦,ディーマジェスティ,カエデ,木村廣太,本桐牧場,,
美浦,D,右,20260708,水,6:01,クレアノア,,牝,3,0,久保田貴,,,,,87.6,69.7,54.4,39.1,24.9,11.9,,,,17.9,15.3,15.3,14.2,13.0,11.9,2023107319,2026.7.8,美浦,アドマイヤマーズ,リリレフア,草間庸文,ノーザンファーム,,
美浦,D,右,20260708,水,6:01,サトノセレナーデ,,牝,5,180,古賀慎明,,,,,85.0,67.5,52.5,38.2,24.4,11.9,,,,17.5,15.0,14.3,13.8,12.5,11.9,2021103440,2026.7.8,美浦,ドゥラメンテ,ウエスタンダンサー,里見治,ウエスタンファーム,,
美浦,D,右,20260708,水,6:01,サトミノエンジェル,,牡,4,1500,鈴木伸尋,,,,,84.0,67.6,52.6,38.1,24.1,11.6,,,,16.4,15.0,14.5,14.0,12.5,11.6,2022101389,2026.7.8,美浦,マインドユアビスケッツ,アーキタイプ,田代洋己,下河辺牧場,,
美浦,D,右,20260708,水,6:01,サンダーストラック,,牡,3,2450,木村哲也,151.2,131.8,114.5,97.3,81.9,67.5,52.6,38.0,24.7,12.2,17.3,17.2,15.4,14.4,14.9,14.6,13.3,12.5,12.2,2023107053,2026.7.8,美浦,ロードカナロア,シーブルック,キャロットファーム,ノーザンファーム,,
美浦,D,右,20260708,水,6:01,スーパーハイウェイ,,牡,3,0,伊藤大士,,,,,82.2,66.2,51.4,37.7,24.2,11.8,,,,16.0,14.8,13.7,13.5,12.4,11.8,2023106119,2026.7.8,美浦,アメリカンペイトリオット,ルージュノアール,徳増栄治,チャンピオンズファーム,,
美浦,D,右,20260708,水,6:01,ダイナマイトメロン,,牝,3,0,伊藤大士,,,,,81.6,65.4,50.7,37.4,24.0,11.8,,,,16.2,14.7,13.3,13.4,12.2,11.8,2023101081,2026.7.8,美浦,ルーラーシップ,トーホウアルテミス,東豊物産,竹島幸治,,
美浦,D,右,20260708,水,6:01,ティアップドライブ,,牡,4,400,奥平雅士,,,,,86.2,68.8,53.5,38.3,24.1,11.4,,,,17.4,15.3,15.2,14.2,12.7,11.4,2022100182,2026.7.8,美浦,リオンディーズ,ティアップブロンド,田中昇,高昭牧場,,
美浦,D,右,20260708,水,6:01,ハイラント,,セ,5,900,伊藤大士,,,,,84.3,67.7,52.4,38.1,24.4,11.8,,,,16.6,15.3,14.3,13.7,12.6,11.8,2021103033,2026.7.8,美浦,バゴ,サトノサンシャイン,大塚亮一,ディアレストクラブ,,
美浦,D,右,20260708,水,6:01,ミスタートントン,,牡,3,0,勢司和浩,,,,,81.6,65.6,51.1,37.0,23.4,11.3,,,,16.0,14.5,14.1,13.6,12.1,11.3,2023107532,2026.7.8,美浦,"Mo Town","Breezing Bye",村田哲朗,"Dominique Damico",,
美浦,D,右,20260708,水,6:01,モンツァフレイバー,,牡,4,0,久保田貴,,,,,86.8,69.7,54.4,39.3,24.8,11.9,,,,17.1,15.3,15.1,14.5,12.9,11.9,2022103181,2026.7.8,美浦,エピファネイア,メープルフレイバー,尾田信夫,丸幸小林牧場,,
美浦,D,右,20260708,水,6:01,ラフエルガ,,牝,2,未出走,鈴木伸尋,,,,,84.6,68.0,53.0,38.3,24.3,11.7,,,,16.6,15.0,14.7,14.0,12.6,11.7,2024105946,2026.7.8,美浦,ニューイヤーズデイ,チカアレグレ,グリーンファーム,社台ファーム,,
美浦,D,右,20260708,水,6:01,ロジャリーマイン,,牝,4,400,久保田貴,,,,,84.8,67.7,52.7,38.2,24.5,11.9,,,,17.1,15.0,14.5,13.7,12.6,11.9,2022105063,2026.7.8,美浦,エピファネイア,マリアライト,キャロットファーム,ノーザンファーム,,
美浦,D,右,20260708,水,6:02,エコロゼット,,牡,3,0,岩戸孝樹,,,,,80.6,65.2,50.7,36.5,23.4,11.5,,,,15.4,14.5,14.2,13.1,11.9,11.5,2023106146,2026.7.8,美浦,フィエールマン,カラミンサ,原村正紀,ディアレストクラブ,,
美浦,D,右,20260708,水,6:02,カンフーヒーロー,,牡,3,0,的場均,,,,,105.1,86.2,69.3,52.0,34.5,16.8,,,,18.9,16.9,17.3,17.5,17.7,16.8,2023101482,2026.7.8,美浦,ストロングリターン,ラインステッチ,田頭勇貴,前野牧場,,
美浦,D,右,20260708,水,6:02,クラウンウルル,,牡,4,400,菊川正達,,,,,86.4,69.7,54.2,39.0,25.4,12.7,,,,16.7,15.5,15.2,13.6,12.7,12.7,2022101278,2026.7.8,美浦,レッドファルクス,クラウンシトラス,矢野まり子,クラウン日高牧場,,
美浦,D,右,20260708,水,6:02,コスモイェーガー,,牡,2,未出走,武市康男,,,,,80.4,64.6,50.6,36.2,23.1,11.4,,,,15.8,14.0,14.4,13.1,11.7,11.4,2024103568,2026.7.8,美浦,ゴールドシップ,アイノア,ビッグレッドファーム,ビッグレッドファーム,,
美浦,D,右,20260708,水,6:02,コスモティタノ,,牡,2,未出走,武市康男,,,,,81.0,64.9,50.6,36.1,23.1,11.4,,,,16.1,14.3,14.5,13.0,11.7,11.4,2024102727,2026.7.8,美浦,ヘンリーバローズ,カールジェシ,ビッグレッドファーム,中山牧場,,
美浦,D,右,20260708,水,6:02,ショウナンラスボス,,牡,8,1500,奥村武,,,,,83.2,67.7,53.1,38.1,24.0,11.6,,,,15.5,14.6,15.0,14.1,12.4,11.6,2018103926,2026.7.8,美浦,ダイワメジャー,プリンセスオブザスターズ,国本哲秀,タイヘイ牧場,,
美浦,D,右,20260708,水,6:02,スノーディーヴァ,,牝,5,400,深山雅史,159.5,136.4,117.5,99.0,82.0,66.1,51.3,37.0,23.3,11.2,18.9,18.5,17.0,15.9,14.8,14.3,13.7,12.1,11.2,2021103504,2026.7.8,美浦,エイシンヒカリ,スノースタイル,ノルマンディーサラブレッドレーシング,岡田スタツド,,
美浦,D,右,20260708,水,6:02,セレスタイト,,牡,2,未出走,岩戸孝樹,,,,,81.6,66.0,51.1,36.8,23.5,11.5,,,,15.6,14.9,14.3,13.3,12.0,11.5,2024102850,2026.7.8,美浦,ダノンバラード,ムサ,ミルファーム,ミルファーム,,
美浦,D,右,20260708,水,6:02,デリシュー,,牡,5,180,新開幸一,,,,,85.0,68.0,53.1,38.3,24.5,12.0,,,,17.0,14.9,14.8,13.8,12.5,12.0,2021103037,2026.7.8,美浦,ワールドエース,ジョリーザスターズ,大塚亮一,ディアレストクラブ,,
美浦,D,右,20260708,水,6:02,デルマキタカミ,,牝,2,未出走,室井潔,,,,,83.0,66.1,51.3,36.9,23.9,11.7,,,,16.9,14.8,14.4,13.0,12.2,11.7,2024100518,2026.7.8,美浦,ホークビル,ヘブンリーフレグランス,浅沼廣幸,白井牧場,,
美浦,D,右,20260708,水,6:02,トゥラッタッタ,,牡,5,0,新開幸一,,,,,84.7,67.6,52.7,38.1,24.3,11.5,,,,17.1,14.9,14.6,13.8,12.8,11.5,2021102973,2026.7.8,美浦,デクラレーションオブウォー,クイーンマザー,大塚亮一,辻牧場,,
美浦,D,右,20260708,水,6:02,ペプロス,,牝,4,400,矢野英一,,,,,84.4,66.1,50.7,36.3,23.5,11.6,,,,18.3,15.4,14.4,12.8,11.9,11.6,2022100106,2026.7.8,美浦,サートゥルナーリア,サラファン,井山登,上山牧場,,
美浦,D,右,20260708,水,6:02,マイネルシンベリン,,牡,3,400,武市康男,,,,,80.5,64.7,50.6,36.0,23.1,11.3,,,,15.8,14.1,14.6,12.9,11.8,11.3,2023100207,2026.7.8,美浦,リオンディーズ,フォトジェニック,サラブレッドクラブ・ラフィアン,築紫洋,,
美浦,D,右,20260708,水,6:02,マイネルジェロディ,,牡,8,2400,室井潔,,,,,80.1,63.4,49.1,35.3,22.9,11.2,,,,16.7,14.3,13.8,12.4,11.7,11.2,2018102155,2026.7.8,美浦,スクリーンヒーロー,マイネエレーナ,サラブレッドクラブ・ラフィアン,ビッグレッドファーム,,
美浦,D,右,20260708,水,6:02,レレリオーナ,,牝,3,0,室井潔,,,,,83.0,66.1,51.3,36.9,23.8,11.7,,,,16.9,14.8,14.4,13.1,12.1,11.7,2023102433,2026.7.8,美浦,ディーマジェスティ,ラハイナヌーン,八木澤充貴,岡田スタツド,,
美浦,D,右,20260708,水,6:03,アトラクティーボ,,牡,7,900,武藤善則,,,,,81.6,65.3,50.5,36.7,23.5,11.2,,,,16.3,14.8,13.8,13.2,12.3,11.2,2019100641,2026.7.8,美浦,ワンアンドオンリー,シャンパンルージュ,ノースヒルズ,ノースヒルズ,,
美浦,D,右,20260708,水,6:03,アロンズロッド,,牡,4,900,宮田敬介,,,,,80.3,63.5,49.5,36.2,23.1,11.1,,,,16.8,14.0,13.3,13.1,12.0,11.1,2022104635,2026.7.8,美浦,エピファネイア,アーモンドアイ,シルクレーシング,ノーザンファーム,,
美浦,D,右,20260708,水,6:03,クリフハンガー,,セ,5,900,上原博之,,,,,86.0,68.4,53.6,39.3,25.1,12.0,,,,17.6,14.8,14.3,14.2,13.1,12.0,2021101701,2026.7.8,美浦,ルーラーシップ,リリックドラマ,ゴドルフィン,ダーレー・ジャパン・ファーム,,
美浦,D,右,20260708,水,6:03,グランプラネッタ,,セ,4,0,小島茂之,,,,,87.3,68.3,52.7,38.6,25.0,12.1,,,,19.0,15.6,14.1,13.6,12.9,12.1,2022107023,2026.7.8,美浦,サートゥルナーリア,ラスヴェンチュラス,西見徹也,村上欽哉,,
美浦,D,右,20260708,水,6:03,コイヌール,,セ,5,400,柄崎将寿,,,,,86.2,67.2,51.4,37.1,23.9,11.7,,,,19.0,15.8,14.3,13.2,12.2,11.7,2021106561,2026.7.8,美浦,リオンディーズ,ウインジュビリー,キャロットファーム,新冠橋本牧場,,
美浦,D,右,20260708,水,6:03,コトブキヘスペラス,,牡,6,400,金成貴史,,,,,89.1,70.9,55.3,40.8,26.5,13.1,,,,18.2,15.6,14.5,14.3,13.4,13.1,2020100209,2026.7.8,美浦,ハーツクライ,エーシンベロシティ,尾上松壽,下屋敷牧場,,
美浦,D,右,20260708,水,6:03,ソーロブスト,,牡,2,未出走,木村哲也,,,,,90.7,73.1,56.3,41.2,27.0,13.3,,,,17.6,16.8,15.1,14.2,13.7,13.3,2024106531,2026.7.8,美浦,レイデオロ,ファインルージュ,六井元一,ノーザンファーム,,
美浦,D,右,20260708,水,6:03,タクミオジュウ,,牡,2,未出走,小島茂之,,,,,85.5,66.8,51.1,37.7,24.7,12.1,,,,18.7,15.7,13.4,13.0,12.6,12.1,2024100130,2026.7.8,美浦,オジュウチョウサン,シアワセデス,チョウサン,ヴェルサイユファーム,,
美浦,D,右,20260708,水,6:03,テイクオンミー,,牡,3,400,水野貴広,,,,,84.5,66.0,50.8,36.7,23.4,11.5,,,,18.5,15.2,14.1,13.3,11.9,11.5,2023102019,2026.7.8,美浦,シルバーステート,チリツバキ,野村茂雄,杵臼牧場,,
美浦,D,右,20260708,水,6:03,ノーウェアマン,,牡,3,400,浅利英明,,,,,83.9,67.1,52.6,37.9,24.2,11.2,,,,16.8,14.5,14.7,13.7,13.0,11.2,2023106694,2026.7.8,美浦,シルバーステート,サトノアスカ,安齋廣行,山田牧場,,
美浦,D,右,20260708,水,6:03,ルーラーリッチ,,セ,6,900,小島茂之,,,,,88.0,69.0,53.6,39.3,25.2,12.2,,,,19.0,15.4,14.3,14.1,13.0,12.2,2020102793,2026.7.8,美浦,ルーラーシップ,エバーキュート,宇田豊,社台ファーム,,
美浦,D,右,20260708,水,6:03,ロゼフェリシア,,牝,4,150,浅利英明,,,,,83.2,66.6,52.1,37.5,24.0,11.1,,,,16.6,14.5,14.6,13.5,12.9,11.1,2022105181,2026.7.8,美浦,エピファネイア,ロサグラウカ,サンデーレーシング,ノーザンファーム,,
美浦,D,右,20260708,水,6:03,ヴァストマーレ,,牡,2,未出走,木村哲也,,,,,90.5,73.1,56.5,41.5,27.1,13.4,,,,17.4,16.6,15.0,14.4,13.7,13.4,2024106160,2026.7.8,美浦,ロードカナロア,アンフィトリテ2,DMMドリームクラブ,ノーザンファーム,,
美浦,D,右,20260708,水,6:03,ヴァロアーク,,牡,3,400,木村哲也,,,,,88.5,71.4,55.9,40.7,26.2,13.0,,,,17.1,15.5,15.2,14.5,13.2,13.0,2023106905,2026.7.8,美浦,レイデオロ,ヴィンクーロ,DMMドリームクラブ,ノーザンファーム,,
美浦,D,右,20260708,水,6:04,アメテュストス,,牡,3,400,加藤士津,,,,,81.1,65.0,50.4,36.2,23.3,11.5,,,,16.1,14.6,14.2,12.9,11.8,11.5,2023103814,2026.7.8,美浦,サートゥルナーリア,メガン,G1レーシング,社台コーポレーション白老ファーム,,
美浦,D,右,20260708,水,6:04,アヴァランチ,,牡,3,400,加藤士津,,,,,82.9,67.0,52.2,38.0,24.6,12.1,,,,15.9,14.8,14.2,13.4,12.5,12.1,2023101495,2026.7.8,美浦,マジェスティックウォリアー,ワイルドシンガー,藤本栄史,槇本牧場,,
美浦,D,右,20260708,水,6:04,イツマデモマツワ,,牝,2,未出走,深山雅史,,,,,87.3,69.0,53.5,39.5,25.9,12.4,,,,18.3,15.5,14.0,13.6,13.5,12.4,2024100480,2026.7.8,美浦,マテラスカイ,リンネ,由井健太郎,下河辺牧場,,
美浦,D,右,20260708,水,6:04,エスコバル,,セ,8,1500,高橋文雅,,,,,84.6,66.6,51.9,37.0,23.5,11.4,,,,18.0,14.7,14.9,13.5,12.1,11.4,2018106154,2026.7.8,美浦,モーリス,スマッシュハート,吉田和美,酒井牧場,,
美浦,D,右,20260708,水,6:04,オンナキュヌヴィ,,牝,3,0,蛯名正義,,,,,86.2,67.8,52.2,37.7,24.1,11.7,,,,18.4,15.6,14.5,13.6,12.4,11.7,2023105688,2026.7.8,美浦,リオンディーズ,ラベンダーヴァレイ,金子真人ホールディングス,坂東牧場,,
美浦,D,右,20260708,水,6:04,サンプラザマツモト,,牝,2,未出走,深山雅史,,,,,86.6,68.7,53.3,39.4,26.0,12.6,,,,17.9,15.4,13.9,13.4,13.4,12.6,2024106782,2026.7.8,美浦,ジャスタウェイ,コマノサラサ,由井健太郎,新井牧場,,
美浦,D,右,20260708,水,6:04,シャンパンマーク,,セ,5,900,蛯名正義,,,,,88.3,70.3,54.4,39.2,25.4,12.4,,,,18.0,15.9,15.2,13.8,13.0,12.4,2021105252,2026.7.8,美浦,キズナ,メモリアルライフ,青山洋一,社台ファーム,,
美浦,D,右,20260708,水,6:04,スマートフランキー,,牡,4,120,高橋文雅,,,,,86.3,68.0,52.6,37.6,24.0,11.5,,,,18.3,15.4,15.0,13.6,12.5,11.5,2022101826,2026.7.8,美浦,スマートオーディン,スマートキャンディ,大川徹,中原牧場,,
美浦,D,右,20260708,水,6:04,テキサスバローズ,,牡,3,0,蛯名正義,,,,,85.1,67.5,51.9,37.5,23.9,11.6,,,,17.6,15.6,14.4,13.6,12.3,11.6,2023102123,2026.7.8,美浦,ルヴァンスレーヴ,ハートフルデイズ,猪熊広次,辻牧場,,
美浦,D,右,20260708,水,6:04,フームスムート,,牡,9,1500,水野貴広,,,,,80.2,63.9,49.6,36.1,23.3,11.5,,,,16.3,14.3,13.5,12.8,11.8,11.5,2017104238,2026.7.8,美浦,トゥザグローリー,ディアジーローズ,ディアレストクラブ,ディアレストクラブ,,
美浦,D,右,20260708,水,6:04,モーニングダリア,,牝,3,0,高橋文雅,,,,,85.5,67.3,52.3,37.3,23.7,11.4,,,,18.2,15.0,15.0,13.6,12.3,11.4,2023100348,2026.7.8,美浦,ミスチヴィアスアレックス,ジャストザハピネス,今朝光,前田ファーム,,
美浦,D,右,20260708,水,6:05,コンフィグシス,,牝,3,0,小笠倫弘,,,,,86.7,69.5,54.3,39.3,25.2,12.0,,,,17.2,15.2,15.0,14.1,13.2,12.0,2023103688,2026.7.8,美浦,シスキン,グラシアディヴィナ,薗部博之,追分ファーム,,
美浦,D,右,20260708,水,6:05,フローレスカラーズ,,牝,3,0,高木登,,,,,,,51.5,37.8,24.2,11.9,,,,,,13.7,13.6,12.3,11.9,2023100731,2026.7.8,美浦,ダノンレジェンド,ウイニフレッド,ノルマンディーサラブレッドレーシング,オリオンファーム,,
美浦,D,右,20260708,水,6:05,ワレモコウ,,牝,2,未出走,小笠倫弘,,,,,86.7,69.6,54.3,39.4,25.3,12.0,,,,17.1,15.3,14.9,14.1,13.3,12.0,2024102061,2026.7.8,美浦,タワーオブロンドン,アンナトルテ,岡浩二,富菜牧場,,
美浦,D,右,20260708,水,6:06,オメガストリーム,,牝,4,80,田中勝春,,,,,89.8,70.1,53.9,39.1,24.8,12.0,,,,19.7,16.2,14.8,14.3,12.8,12.0,2022105292,2026.7.8,美浦,アルアイン,キャットタング,犬飼優,社台ファーム,,
美浦,D,右,20260708,水,6:06,セイリュウ,,牡,2,未出走,高木登,,,,,83.8,66.4,50.9,36.6,23.5,11.4,,,,17.4,15.5,14.3,13.1,12.1,11.4,2024102927,2026.7.8,美浦,スノードラゴン,コウセイオリーヴ,岡田牧雄,イワミ牧場,,
美浦,D,右,20260708,水,6:06,ドンエレクトス,,牡,3,1900,高木登,,,,,85.6,67.2,51.6,37.2,23.8,11.5,,,,18.4,15.6,14.4,13.4,12.3,11.5,2023101269,2026.7.8,美浦,ダノンレジェンド,ドナプリモ,山田貢一,日西牧場,,
美浦,D,右,20260708,水,6:06,ノブステップ,,牡,3,0,田中勝春,,,,,90.9,70.6,54.3,39.4,25.1,12.2,,,,20.3,16.3,14.9,14.3,12.9,12.2,2023103955,2026.7.8,美浦,ダノンキングリー,クロースフレンド,前田亘輝,アラキフアーム,,
美浦,D,右,20260708,水,6:06,ラヴァレード,,牡,2,未出走,高木登,,,,,85.0,66.9,51.4,37.0,23.8,11.7,,,,18.1,15.5,14.4,13.2,12.1,11.7,2024100519,2026.7.8,美浦,マインドユアビスケッツ,ベイビーイッツユー,ディアレストクラブ,白井牧場,,
美浦,D,右,20260708,水,6:07,イケイケルノワール,,セ,3,0,松山将樹,,,,,86.6,67.5,52.3,37.7,23.9,11.4,,,,19.1,15.2,14.6,13.8,12.5,11.4,2023106244,2026.7.8,美浦,メイショウボーラー,グレイトフルレガロ,新井原博,マリオステーブル,,
美浦,D,右,20260708,水,6:07,オーケーマドンナ,,牝,2,0,相沢郁,,,,,85.8,68.2,53.0,38.3,24.7,11.8,,,,17.6,15.2,14.7,13.6,12.9,11.8,2024104606,2026.7.8,美浦,ハービンジャー,ミラクルブラッド,小野建,武牧場,,
美浦,D,右,20260708,水,6:07,ニシノコマチムスメ,,牝,5,400,松山将樹,,,,,85.6,67.1,52.0,37.5,23.7,11.4,,,,18.5,15.1,14.5,13.8,12.3,11.4,2021107253,2026.7.8,美浦,ルーラーシップ,ニシノハナムスメ,西山茂行,西山牧場,,
美浦,D,右,20260708,水,6:07,ブライトエアリー,,牝,3,0,相沢郁,,,,,87.2,69.2,53.9,39.4,24.9,11.9,,,,18.0,15.3,14.5,14.5,13.0,11.9,2023102362,2026.7.8,美浦,ウインブライト,イルジオーネ,ノルマンディーサラブレッドレーシング,岡田スタツド,,
美浦,D,右,20260708,水,6:08,サファイアプレミア,,牝,3,0,池上昌和,,,,,91.8,73.7,58.3,42.4,27.6,13.7,,,,18.1,15.4,15.9,14.8,13.9,13.7,2023107134,2026.7.8,美浦,ワールドプレミア,ドゥシャンパーニュ,竹田寿,ノーザンファーム,,
美浦,D,右,20260708,水,6:10,ジーククローネ,,セ,6,400,宮田敬介,,,,,,,52.4,37.6,23.7,11.5,,,,,,14.8,13.9,12.2,11.5,2020103537,2026.7.8,美浦,サトノクラウン,パーフェクトマッチ,DMMドリームクラブ,ノーザンファーム,,
美浦,D,右,20260708,水,6:12,アンティミスト,,牡,3,400,鈴木伸尋,,,,,,,51.5,36.9,23.6,11.6,,,,,,14.6,13.3,12.0,11.6,2023110007,2026.7.8,美浦,Caravaggio,"Olympic Las Palmas",社台レースホース,"Shadai Farm",,
美浦,D,右,20260708,水,6:14,キーチジャステン,,牡,3,0,千葉直人,152.9,132.2,114.6,97.3,81.2,66.0,51.1,37.0,24.2,12.3,17.6,17.3,16.1,15.2,14.9,14.1,12.8,11.9,12.3,2023106575,2026.7.8,美浦,タワーオブロンドン,メモリーフェミナ,山本益臣,上村勇人,,
美浦,D,右,20260708,水,6:14,ジェムシリカ,,牝,3,0,千葉直人,150.9,130.8,113.4,96.0,80.0,64.9,50.3,36.2,23.7,11.9,17.4,17.4,16.0,15.1,14.6,14.1,12.5,11.8,11.9,2023106130,2026.7.8,美浦,ダンカーク,カブリオレ,ミルファーム,T.Mファーム,,
美浦,D,右,20260708,水,6:14,モスクロッサー,,セ,5,400,大竹正博,,,,,86.6,69.0,53.3,38.2,23.8,11.4,,,,17.6,15.7,15.1,14.4,12.4,11.4,2021105501,2026.7.8,美浦,ハーツクライ,クリスプ,サンデーレーシング,ノーザンファーム,,
美浦,D,右,20260708,水,6:15,ライジンマル,,セ,5,900,竹内正洋,,,,,85.0,66.6,51.0,36.5,23.2,11.4,,,,18.4,15.6,14.5,13.3,11.8,11.4,2021101449,2026.7.8,美浦,アジアエクスプレス,ララエクレリゼ,カカムーチョレーシング,下河辺牧場,,
美浦,D,右,20260708,水,6:20,エリーニック,,牝,3,400,千葉直人,,,,,84.0,67.0,51.8,37.3,23.8,11.5,,,,17.0,15.2,14.5,13.5,12.3,11.5,2023103227,2026.7.8,美浦,タリスマニック,エリーフェアリー,谷川正純,真歌田中牧場,,
美浦,D,右,20260708,水,6:20,クラウンテック,,牡,4,120,松永康利,,,,,81.5,65.2,50.6,36.3,23.5,11.6,,,,16.3,14.6,14.3,12.8,11.9,11.6,2022101291,2026.7.8,美浦,アドマイヤマーズ,ニアメ,矢野まり子,クラウン日高牧場,,
美浦,D,右,20260708,水,6:20,ナツミカンチャン,,牝,3,0,千葉直人,,,,,83.1,66.5,51.0,36.6,23.7,11.6,,,,16.6,15.5,14.4,12.9,12.1,11.6,2023101733,2026.7.8,美浦,シニスターミニスター,ニューメモリー,河野洋平,高昭牧場,,
美浦,D,右,20260708,水,6:20,ミラクルオーラ,,牡,2,未出走,松永康利,,,,,80.9,64.9,50.4,36.1,23.3,11.4,,,,16.0,14.5,14.3,12.8,11.9,11.4,2024104532,2026.7.8,美浦,ラニ,ミヤビフィオーラ,高橋徳昭,静内山田牧場,,
美浦,D,右,20260708,水,6:50,ゴールドプレイヤー,,牡,3,0,古賀慎明,,,,,81.6,65.6,51.4,37.4,24.1,11.9,,,,16.0,14.2,14.0,13.3,12.2,11.9,2023104504,2026.7.8,美浦,ゴールドアクター,ゴールドアクション,居城寿与,北勝ファーム,,
美浦,D,右,20260708,水,6:50,シグムンド,,牡,5,900,岩戸孝樹,,,,,82.2,67.0,52.3,37.4,23.5,11.2,,,,15.2,14.7,14.9,13.9,12.3,11.2,2021106353,2026.7.8,美浦,アポロキングダム,アポロプリンセス,田頭勇貴,タニグチ牧場,,
美浦,D,右,20260708,水,6:50,ショウナンマグマ,,セ,7,3100,尾関知人,,,,,,,50.6,36.0,23.2,11.4,,,,,,14.6,12.8,11.8,11.4,2019104998,2026.7.8,美浦,ザファクター,レッドメアラス,国本哲秀,青藍牧場,,
美浦,D,右,20260708,水,6:50,ゼフィリア,,牝,3,0,岩戸孝樹,,,,,83.9,67.9,52.7,38.2,24.3,11.7,,,,16.0,15.2,14.5,13.9,12.6,11.7,2023107422,2026.7.8,美浦,サンダースノー,イフィゲニア,フクキタル,パカパカファーム,,
美浦,D,右,20260708,水,6:50,ノベンバーベイズ,,牝,3,0,岩戸孝樹,,,,,84.9,68.6,53.2,38.5,24.5,11.7,,,,16.3,15.4,14.7,14.0,12.8,11.7,2023102900,2026.7.8,美浦,ダノンスマッシュ,ココナッツスルー,飯田正剛,千代田牧場,,
美浦,D,右,20260708,水,6:50,バンデルオーラ,,牡,7,2400,岩戸孝樹,,,,,83.2,67.7,52.8,37.8,23.8,11.2,,,,15.5,14.9,15.0,14.0,12.6,11.2,2019104915,2026.7.8,美浦,トーセンラー,マチカネハヤテ,社台レースホース,社台ファーム,,
美浦,D,右,20260708,水,6:50,ユイノサダハル,,牡,3,0,古賀慎明,,,,,79.1,64.3,51.2,37.3,24.1,11.9,,,,14.8,13.1,13.9,13.2,12.2,11.9,2023101841,2026.7.8,美浦,キセキ,カノン,由井健太郎,ヒダカフアーム,,
美浦,D,右,20260708,水,6:51,アイアンナックル,,牡,3,400,尾形和幸,,,,,82.2,65.6,50.9,36.8,23.8,11.6,,,,16.6,14.7,14.1,13.0,12.2,11.6,2023100633,2026.7.8,美浦,ゴールドドリーム,オルガンパイプ,手嶋康雄,新井昭二牧場,,
美浦,D,右,20260708,水,6:51,アウルムレガリア,,牝,4,0,粕谷昌央,,,,,85.4,68.8,53.7,39.1,25.2,12.2,,,,16.6,15.1,14.6,13.9,13.0,12.2,2022103503,2026.7.8,美浦,リオンディーズ,オートクレール,岡田牧雄,岡田スタツド,,
美浦,D,右,20260708,水,6:51,アデルフィー,,牡,3,0,金成貴史,,,,,83.6,66.4,51.1,36.9,23.5,11.3,,,,17.2,15.3,14.2,13.4,12.2,11.3,2023105753,2026.7.8,美浦,モーニン,ソロフライト,小原準一郎,松田牧場,,
美浦,D,右,20260708,水,6:51,アドバンスアゲイン,,牝,2,未出走,武藤善則,,,,,84.7,67.5,52.4,37.9,24.1,11.6,,,,17.2,15.1,14.5,13.8,12.5,11.6,2024108024,2026.7.8,美浦,ミスチヴィアスアレックス,アマルティア,西川隆士,ラベンダーファーム,,
美浦,D,右,20260708,水,6:51,アリアファブラ,,牝,3,0,尾関知人,,,,,83.2,65.8,51.0,36.9,23.6,11.5,,,,17.4,14.8,14.1,13.3,12.1,11.5,2023106341,2026.7.8,美浦,アルバート,アカネサス,林正道,ヤナガワ牧場,,
美浦,D,右,20260708,水,6:51,エイシンウルクンデ,,牡,2,未出走,勢司和浩,,,,,82.7,66.9,51.8,37.0,23.5,11.3,,,,15.8,15.1,14.8,13.5,12.2,11.3,2024101589,2026.7.8,美浦,エイシンヒカリ,アゼナーマ,栄進堂,栄進牧場,,
美浦,D,右,20260708,水,6:51,オルトパラティウム,,牡,5,900,金成貴史,,,,,83.2,66.2,50.9,36.7,23.3,11.2,,,,17.0,15.3,14.2,13.4,12.1,11.2,2021105056,2026.7.8,美浦,エピファネイア,ザレマ,社台レースホース,社台ファーム,,
美浦,D,右,20260708,水,6:51,シークレットヴァウ,,牡,5,2400,武藤善則,,,,,85.0,67.9,52.7,38.2,24.2,11.7,,,,17.1,15.2,14.5,14.0,12.5,11.7,2021102413,2026.7.8,美浦,ディスクリートキャット,ジェントルヴァウ,窪田芳郎,坂東牧場,,
美浦,D,右,20260708,水,6:51,ジーティーフクジ,,牡,2,0,武市康男,,,,,89.0,71.6,55.6,40.4,26.4,12.9,,,,17.4,16.0,15.2,14.0,13.5,12.9,2024106044,2026.7.8,美浦,マインドユアビスケッツ,ミオリチャン,田畑利彦,社台ファーム,,
美浦,D,右,20260708,水,6:51,ストラニエーロ,,牝,4,400,尾関知人,,,,,82.5,65.1,50.4,36.6,23.4,11.5,,,,17.4,14.7,13.8,13.2,11.9,11.5,2022106613,2026.7.8,美浦,キズナ,アニエラ,ノースヒルズ,ノースヒルズ,,
美浦,D,右,20260708,水,6:51,ハッピーエンジェル,,牝,3,1000,武市康男,,,,,82.6,66.2,51.6,37.1,23.2,11.0,,,,16.4,14.6,14.5,13.9,12.2,11.0,2023100797,2026.7.8,美浦,ジョーカプチーノ,クラウンハッピー,矢野まり子,クラウン日高牧場,,
美浦,D,右,20260708,水,6:51,フッカツノジャンボ,,牡,3,0,勢司和浩,,,,,85.2,67.7,51.8,37.0,23.5,11.3,,,,17.5,15.9,14.8,13.5,12.2,11.3,2023100766,2026.7.8,美浦,コパノリッキー,ユキノチャンプ,福田光博,川端正博,,
美浦,D,右,20260708,水,6:51,マイネルリーヒム,,牡,3,0,武市康男,,,,,83.5,67.0,52.3,37.8,23.9,11.4,,,,16.5,14.7,14.5,13.9,12.5,11.4,2023104485,2026.7.8,美浦,ゴールドシップ,ゲハイムローゼ,サラブレッドクラブ・ラフィアン,ブルースターズファーム,,
美浦,D,右,20260708,水,6:51,ユキマル,,牡,6,2190,尾形和幸,,,,,81.2,64.4,50.1,36.3,23.3,11.3,,,,16.8,14.3,13.8,13.0,12.0,11.3,2020101174,2026.7.8,美浦,グレーターロンドン,キニナルーイ,高橋文男,船越伸也,,
美浦,D,右,20260708,水,6:51,ルージュベルベット,,牝,5,310,浅利英明,,,,,82.9,66.5,51.7,37.0,23.8,11.4,,,,16.4,14.8,14.7,13.2,12.4,11.4,2021105749,2026.7.8,美浦,ドレフォン,プラトリーナ,東京ホースレーシング,ノーザンファーム,,
美浦,D,右,20260708,水,6:51,レッドロスタム,,牡,6,400,浅利英明,,,,,83.9,66.8,51.9,37.2,24.0,11.5,,,,17.1,14.9,14.7,13.2,12.5,11.5,2020103705,2026.7.8,美浦,ロードカナロア,レッドメデューサ,東京ホースレーシング,ノーザンファーム,,
美浦,D,右,20260708,水,6:52,,,,,,,,,,,85.7,68.1,53.1,38.3,24.6,11.7,,,,17.6,15.0,14.8,13.7,12.9,11.7,2024102843,2026.7.8,,,,,,,
美浦,D,右,20260708,水,6:52,カイトヴィント,,牡,4,400,和田雄二,,,,,85.8,68.1,53.0,38.8,25.0,12.0,,,,17.7,15.1,14.2,13.8,13.0,12.0,2022102991,2026.7.8,美浦,ルヴァンスレーヴ,ハートフルデイズ,本田恒雄,辻牧場,,
美浦,D,右,20260708,水,6:52,グランマエストロ,,牡,3,0,木村哲也,160.0,136.0,116.9,98.9,82.4,67.2,52.3,37.8,24.0,11.6,19.1,18.0,16.5,15.2,14.9,14.5,13.8,12.4,11.6,2023106986,2026.7.8,美浦,エピファネイア,グランアレグリア,サンデーレーシング,ノーザンファーム,,
美浦,D,右,20260708,水,6:52,コパノエイダン,,牡,3,400,上原博之,,,,,87.0,69.3,54.4,40.4,26.3,12.7,,,,17.7,14.9,14.0,14.1,13.6,12.7,2023105162,2026.7.8,美浦,コパノリッキー,ルナマティーノ,小林祥晃,大北牧場,,
美浦,D,右,20260708,水,6:52,サスケソルトバーン,,牡,2,未出走,和田雄二,,,,,86.6,66.8,51.3,37.2,23.8,11.7,,,,19.8,15.5,14.1,13.4,12.1,11.7,2024102123,2026.7.8,美浦,アニマルキングダム,ミスミズ,佐藤大介,日本中央競馬会日高育成牧場,,
美浦,D,右,20260708,水,6:52,ジーティーフクフク,,牝,3,0,西田雄一,,,,,86.3,68.5,53.6,38.7,24.6,11.6,,,,17.8,14.9,14.9,14.1,13.0,11.6,2023106330,2026.7.8,美浦,リオンディーズ,クイーンキセキ,田畑利彦,浦河日成牧場,,
美浦,D,右,20260708,水,6:52,スターマイン,,牝,2,未出走,大竹正博,,,,,80.2,64.9,50.8,37.0,23.7,11.6,,,,15.3,14.1,13.8,13.3,12.1,11.6,2024104692,2026.7.8,美浦,ダノンスマッシュ,スマイルスター,飯田正剛,千代田牧場,,
美浦,D,右,20260708,水,6:52,ダノングローバル,,牡,2,未出走,大竹正博,,,,,80.2,64.9,50.9,37.1,23.8,11.7,,,,15.3,14.0,13.8,13.3,12.1,11.7,2024106303,2026.7.8,美浦,エピファネイア,グローバルビューティ,ダノックス,ノーザンファーム,,
美浦,D,右,20260708,水,6:52,ハクタカ,,牡,2,未出走,和田雄二,,,,,85.8,66.8,51.0,36.8,23.7,11.7,,,,19.0,15.8,14.2,13.1,12.0,11.7,2024103502,2026.7.8,美浦,イスラボニータ,アスタラグローリア,三度屋,ハクレイファーム,,
美浦,D,右,20260708,水,6:52,ミュークチェルシー,,牝,4,400,稲垣幸雄,,,,,85.1,68.4,53.2,38.9,25.1,12.1,,,,16.7,15.2,14.3,13.8,13.0,12.1,2022104452,2026.7.8,美浦,カレンブラックヒル,キモンオレンジ,庄司修二,へいはた牧場,,
美浦,D,右,20260708,水,6:52,ミリオンクラウン,,牡,3,120,和田雄二,,,,,89.0,68.9,52.9,38.1,24.4,12.1,,,,20.1,16.0,14.8,13.7,12.3,12.1,2023100840,2026.7.8,美浦,リーチザクラウン,サンヘレナ,本田恒雄,ケイズ,,
美浦,D,右,20260708,水,6:52,ラスカンブレス,,セ,5,2400,林徹,179.5,153.3,130.6,108.6,88.0,70.4,53.4,38.1,23.7,11.4,22.7,22.0,20.6,17.6,17.0,15.3,14.4,12.3,11.4,2021105391,2026.7.8,美浦,ブリックスアンドモルタル,アースライズ,吉田勝己,ノーザンファーム,,
美浦,D,右,20260708,水,6:53,エクスペクタント,,牡,3,0,平岩大典,,,,,80.5,64.8,51.3,38.1,24.9,12.1,,,,15.7,13.5,13.2,13.2,12.8,12.1,2023105579,2026.7.8,美浦,ミッキーアイル,レインボークォーツ,大塚亮一,隆栄牧場,,
美浦,D,右,20260708,水,6:53,エコロテラ,,牡,2,未出走,菊沢隆徳,,,,,86.3,68.7,53.2,38.5,24.3,11.4,,,,17.6,15.5,14.7,14.2,12.9,11.4,2024104541,2026.7.8,美浦,ジャンダルム,レッドプリモ,原村正紀,CRステーブル,,
美浦,D,右,20260708,水,6:53,グラスアロー,,牡,3,0,菊川正達,,,,,83.0,66.8,51.6,37.1,23.8,11.7,,,,16.2,15.2,14.5,13.3,12.1,11.7,2023106351,2026.7.8,美浦,イスラボニータ,グラスルビー,半沢,松田牧場,,
美浦,D,右,20260708,水,6:53,グランオギュール,,牡,2,未出走,林徹,,,,,82.0,65.3,50.4,36.1,22.9,11.2,,,,16.7,14.9,14.3,13.2,11.7,11.2,2024106983,2026.7.8,美浦,ハービンジャー,オルトシア,吉田晴哉,社台コーポレーション白老ファーム,,
美浦,D,右,20260708,水,6:53,サルサロッサ,,牝,7,400,高柳瑞樹,,,,,84.6,67.8,52.4,37.8,24.1,11.8,,,,16.8,15.4,14.6,13.7,12.3,11.8,2019103100,2026.7.8,美浦,エスケンデレヤ,ノバラ,岡田牧雄,タガミファーム,,
美浦,D,右,20260708,水,6:53,ソニックウェーブ,,牡,2,未出走,石栗龍彦,,,,,81.4,65.5,51.3,37.1,24.2,12.1,,,,15.9,14.2,14.2,12.9,12.1,12.1,2024103147,2026.7.8,美浦,ホットロッドチャーリー,リクエストアワー,田頭勇貴,スカイビーチステーブル,,
美浦,D,右,20260708,水,6:53,ダノンリュラ,,牝,4,400,菊沢隆徳,,,,,82.0,65.2,51.2,38.1,25.0,12.3,,,,16.8,14.0,13.1,13.1,12.7,12.3,2022105138,2026.7.8,美浦,ドレフォン,リュラ,ダノックス,ノーザンファーム,,
美浦,D,右,20260708,水,6:53,チョコスコーン,,牝,3,0,林徹,,,,,82.5,65.8,50.9,36.5,23.4,11.4,,,,16.7,14.9,14.4,13.1,12.0,11.4,2023107263,2026.7.8,美浦,ハービンジャー,ミディオーサ,保坂和孝,ノーザンファーム,,
美浦,D,右,20260708,水,6:53,テリオスサラ,,牝,5,1500,高柳瑞樹,,,,,82.7,66.3,51.0,36.5,23.0,10.9,,,,16.4,15.3,14.5,13.5,12.1,10.9,2021104189,2026.7.8,美浦,ロジャーバローズ,アルジェント,鈴木美江子,飛野牧場,,
美浦,D,右,20260708,水,6:53,トム,,牡,2,未出走,石栗龍彦,,,,,81.2,65.4,51.2,37.1,24.1,12.0,,,,15.8,14.2,14.1,13.0,12.1,12.0,2024102127,2026.7.8,美浦,アルクトス,エイシンエルヴァー,江川伸夫,信岡牧場,,
美浦,D,右,20260708,水,6:53,ドナリー,,牝,2,未出走,林徹,,,,,81.6,65.0,50.1,35.9,22.8,11.2,,,,16.6,14.9,14.2,13.1,11.6,11.2,2024106056,2026.7.8,美浦,ルーラーシップ,ライトニングホーク,ジャコモ,社台ファーム,,
美浦,D,右,20260708,水,6:53,パルセノスミハ,,牝,2,未出走,菊川正達,,,,,83.5,67.2,52.0,37.4,24.0,11.9,,,,16.3,15.2,14.6,13.4,12.1,11.9,2024104736,2026.7.8,美浦,ヘニーヒューズ,リニューワブル,八巻弘一,千代田牧場,,
美浦,D,右,20260708,水,6:53,フォルマシオン,,牝,3,0,菊沢隆徳,,,,,85.7,68.4,53.0,38.2,24.2,11.4,,,,17.3,15.4,14.8,14.0,12.8,11.4,2023103765,2026.7.8,美浦,オルフェーヴル,カルマート,社台レースホース,社台コーポレーション白老ファーム,,
美浦,D,右,20260708,水,6:53,フライスカイハイ,,牝,3,0,菊川正達,,,,,83.8,67.3,52.2,37.4,23.9,11.8,,,,16.5,15.1,14.8,13.5,12.1,11.8,2023103544,2026.7.8,美浦,ロードカナロア,ベイトゥベイ,吉田千津,社台ファーム,,
美浦,D,右,20260708,水,6:53,ブラッキッシュ,,牡,3,0,木村哲也,,,,,87.1,69.8,55.4,41.1,26.7,13.5,,,,17.3,14.4,14.3,14.4,13.2,13.5,2023107028,2026.7.8,美浦,キタサンブラック,シネマトグラフ,江馬由将,ノーザンファーム,,
美浦,D,右,20260708,水,6:53,ルクスアドラー,,牡,5,400,平岩大典,,,,,79.8,63.3,49.3,36.3,23.9,11.6,,,,16.5,14.0,13.0,12.4,12.3,11.6,2021101100,2026.7.8,美浦,オルフェーヴル,スマートアストリア,ルクス,いとう牧場,,
美浦,D,右,20260708,水,6:54,ジェイエルマスター,,牡,4,1500,平岩大典,,,,,83.8,66.8,51.5,37.2,23.8,11.3,,,,17.0,15.3,14.3,13.4,12.5,11.3,2022101818,2026.7.8,美浦,デクラレーションオブウォー,ホウライアキコ,橋元幸人,ナカノファーム,,
美浦,D,右,20260708,水,6:54,スノーリン,,セ,4,0,和田雄二,,,,,84.9,68.3,53.1,38.4,24.7,12.0,,,,16.6,15.2,14.7,13.7,12.7,12.0,2022103588,2026.7.8,美浦,ノヴェリスト,レットイットスノー,榊原浩一,岡田スタツド,,
美浦,D,右,20260708,水,6:54,ヒサエノオモカゲ,,牝,4,400,千葉直人,,,,,85.7,67.9,51.3,36.1,22.7,11.0,,,,17.8,16.6,15.2,13.4,11.7,11.0,2022101710,2026.7.8,美浦,ノーブルミッション,クレマチスクィーン,渡邊英俊,千葉飯田牧場,,
美浦,D,右,20260708,水,6:54,ファータカリーナ,,牝,2,未出走,辻哲英,,,,,87.6,70.5,55.1,40.5,26.2,12.4,,,,17.1,15.4,14.6,14.3,13.8,12.4,2024106258,2026.7.8,美浦,ドレフォン,カールファターレ,DMMドリームクラブ,ノーザンファーム,,
美浦,D,右,20260708,水,6:54,モリノレッドスター,,牝,5,900,鈴木伸尋,,,,,83.4,65.8,50.1,35.5,22.7,10.8,,,,17.6,15.7,14.6,12.8,11.9,10.8,2021106298,2026.7.8,美浦,デクラレーションオブウォー,クィーンオブシバ,森和久,須崎牧場,,
美浦,D,右,20260708,水,6:54,ランランリンリン,,牝,3,0,辻哲英,,,,,86.9,70.0,54.7,40.1,25.9,12.4,,,,16.9,15.3,14.6,14.2,13.5,12.4,2023100216,2026.7.8,美浦,モズアスコット,ベルシルエット,橋本浩,土田農場,,
美浦,D,右,20260708,水,6:54,リアルセンター,,牝,5,400,千葉直人,,,,,84.1,66.1,50.8,36.7,23.5,11.3,,,,18.0,15.3,14.1,13.2,12.2,11.3,2021103518,2026.7.8,美浦,ゴールドシップ,ヌーナ,岡田牧雄,岡田スタツド,,
美浦,D,右,20260708,水,6:55,ヨドノサファイア,,牝,3,0,稲垣幸雄,,,,,88.5,68.9,53.2,38.4,24.5,11.8,,,,19.6,15.7,14.8,13.9,12.7,11.8,2023101825,2026.7.8,美浦,ジャスタウェイ,ヨドノグレイス,海原聖一,林農場,,
美浦,D,右,20260708,水,6:58,トレンドマーチ,,牡,3,0,萱野浩二,,,,,83.3,66.8,52.8,38.7,25.2,12.5,,,,16.5,14.0,14.1,13.5,12.7,12.5,2023102823,2026.7.8,美浦,サトノアラジン,マスターマイン,玉置潔,高橋フアーム,,
美浦,D,右,20260708,水,6:58,ヤマタケボニータ,,牡,3,0,萱野浩二,,,,,83.0,66.7,52.7,38.6,25.2,12.5,,,,16.3,14.0,14.1,13.4,12.7,12.5,2023100739,2026.7.8,美浦,イスラボニータ,フロルセレジェイラ,山中和子,オリオンファーム,,
美浦,D,右,20260708,水,6:59,セントリアン,,牝,3,0,萱野浩二,,,,,86.6,68.5,53.1,38.4,25.0,12.6,,,,18.1,15.4,14.7,13.4,12.4,12.6,2023100888,2026.7.8,美浦,アジアエクスプレス,ラブラブラブ,馬目勇,サンバマウンテンファーム,,
美浦,D,右,20260708,水,6:59,レオスキーム,,牡,3,0,萱野浩二,,,,,86.4,69.1,53.2,38.4,24.9,12.1,,,,17.3,15.9,14.8,13.5,12.8,12.1,2023104893,2026.7.8,美浦,ベストウォーリア,キャラメルフレンチ,レオ,惣田英幸,,
美浦,D,右,20260708,水,7:01,アオイゲート,,牝,2,未出走,伊藤圭三,,,,,87.1,69.1,53.3,37.9,24.3,11.9,,,,18.0,15.8,15.4,13.6,12.4,11.9,2024105988,2026.7.8,美浦,キズナ,ハーレムライン,斉藤三寛,社台ファーム,,
美浦,D,右,20260708,水,7:01,オンザボー,,牡,2,未出走,田中博康,,,,,82.9,66.2,51.1,36.8,23.9,11.7,,,,16.7,15.1,14.3,12.9,12.2,11.7,2024103472,2026.7.8,美浦,コントレイル,ノイーヴァ,前田葉子,ノースヒルズ,,
美浦,D,右,20260708,水,7:01,ニンジャトットリ,,牡,3,0,松永康利,,,,,87.5,69.8,53.6,38.5,24.3,11.6,,,,17.7,16.2,15.1,14.2,12.7,11.6,2023106658,2026.7.8,美浦,ミッキーアイル,ディアデム,本山博之,へいはた牧場,,
美浦,D,右,20260708,水,7:01,フライングビーナス,,牝,3,0,田中博康,,,,,83.5,66.4,51.3,37.0,24.0,11.7,,,,17.1,15.1,14.3,13.0,12.3,11.7,2023101588,2026.7.8,美浦,エピファネイア,フライングジェム,インゼルレーシング,ヤナガワ牧場,,
美浦,D,右,20260708,水,7:01,ホウオウシュウ,,牡,2,未出走,田中博康,,,,,82.5,65.9,51.0,36.7,23.8,11.8,,,,16.6,14.9,14.3,12.9,12.0,11.8,2024106410,2026.7.8,美浦,レイデオロ,スペシャルグルーヴ,小笹芳央,ノーザンファーム,,
美浦,D,右,20260708,水,7:01,リーズメイリー,,牝,2,未出走,伊藤圭三,,,,,87.7,69.3,53.4,38.0,24.5,11.9,,,,18.4,15.9,15.4,13.5,12.6,11.9,2024102165,2026.7.8,美浦,モズアスコット,タイキマロン,大樹ファーム,ビクトリーホースランチ,,
美浦,D,右,20260708,水,7:02,ペアレンツハート,,牝,2,未出走,田中博康,,,,,84.6,67.7,52.8,38.5,25.0,12.3,,,,16.9,14.9,14.3,13.5,12.7,12.3,2024106925,2026.7.8,美浦,キタサンブラック,ペアレンツプレアー,G1レーシング,追分ファーム,,
美浦,D,右,20260708,水,7:03,アースグレイジング,,牡,2,未出走,杉浦宏昭,,,,,85.7,66.7,51.7,37.3,23.9,11.6,,,,19.0,15.0,14.4,13.4,12.3,11.6,2024105810,2026.7.8,美浦,ブリックスアンドモルタル,カラライナ,小林善一,社台ファーム,,
美浦,D,右,20260708,水,7:03,ベアアッコチャン,,牝,3,400,杉浦宏昭,,,,,86.4,66.5,51.7,37.3,23.9,11.6,,,,19.9,14.8,14.4,13.4,12.3,11.6,2023101039,2026.7.8,美浦,フォーウィールドライブ,ゴールドオーク,熊木浩,シンボリ牧場,,
美浦,D,右,20260708,水,7:03,ベンガルボダイジュ,,牡,3,0,杉浦宏昭,,,,,92.3,71.8,55.5,39.6,25.3,12.4,,,,20.5,16.3,15.9,14.3,12.9,12.4,2023103450,2026.7.8,美浦,ルーラーシップ,ステラプラド,小林善一,社台ファーム,,
美浦,D,右,20260708,水,7:05,ウンスイ,,牡,2,400,和田正一,,,,,88.3,69.2,53.5,38.0,24.2,11.7,,,,19.1,15.7,15.5,13.8,12.5,11.7,2024103180,2026.7.8,美浦,オーヴァルエース,メープルパール,スピードファーム,スピードフアーム,,
美浦,D,右,20260708,水,7:05,ジュネストレイル,,牡,2,0,手塚貴徳,,,,,85.8,67.9,52.8,38.4,24.4,11.5,,,,17.9,15.1,14.4,14.0,12.9,11.5,2024103827,2026.7.8,美浦,サートゥルナーリア,ヴィヴィッドヴィジョン,"Asset Management Suite",村上欽哉牧場,,
美浦,D,右,20260708,水,7:05,ミスデルマー,,牝,3,0,和田正一,,,,,89.8,70.2,53.9,38.5,24.5,11.8,,,,19.6,16.3,15.4,14.0,12.7,11.8,2023106371,2026.7.8,美浦,ダノンプレミアム,ナンナ,和田牧場,パカパカファーム,,
美浦,D,右,20260708,水,7:05,モルトマエストーソ,,牡,5,900,手塚貴徳,,,,,85.4,67.6,52.5,38.2,24.2,11.3,,,,17.8,15.1,14.3,14.0,12.9,11.3,2021105838,2026.7.8,美浦,ドゥラメンテ,ラッドルチェンド,シルクレーシング,ノーザンファーム,,
美浦,D,右,20260708,水,7:06,セイウンリリーナ,,牝,2,未出走,水野貴広,,,,,85.0,67.2,51.8,37.2,23.8,11.5,,,,17.8,15.4,14.6,13.4,12.3,11.5,2024103842,2026.7.8,美浦,ダノンスマッシュ,セイウンリリシイ,西山茂行,村上欽哉牧場,,
美浦,D,右,20260708,水,7:06,ニシノギャルズ,,牝,3,0,水野貴広,,,,,89.0,70.1,54.4,39.3,25.1,11.9,,,,18.9,15.7,15.1,14.2,13.2,11.9,2023100360,2026.7.8,美浦,セイウンコウセイ,フィールドボニータ,西山茂行,前田ファーム,,
美浦,D,右,20260708,水,7:06,ペカリーナ,,牝,3,0,竹内正洋,,,,,84.3,66.4,51.2,37.1,23.6,11.4,,,,17.9,15.2,14.1,13.5,12.2,11.4,2023106578,2026.7.8,美浦,ルーラーシップ,ベッキー,由井健太郎,新冠橋本牧場,,
美浦,D,右,20260708,水,7:06,ライングラウス,,牡,2,未出走,水野貴広,,,,,86.5,68.1,52.6,38.0,24.6,12.1,,,,18.4,15.5,14.6,13.4,12.5,12.1,2024104199,2026.7.8,美浦,シニスターミニスター,アートオブビーン,大澤繁昌,岡田牧場,,
美浦,D,右,20260708,水,7:06,ワタシマツワ,,牝,4,900,竹内正洋,,,,,86.2,67.3,51.7,37.4,23.8,11.5,,,,18.9,15.6,14.3,13.6,12.3,11.5,2022101412,2026.7.8,美浦,グレーターロンドン,サンドスラッシュ,由井健太郎,下河辺牧場,,
美浦,D,右,20260708,水,7:08,デルマハッコウダ,,牡,2,未出走,天間昭一,,,,,,,59.9,43.1,28.2,13.7,,,,,,16.8,14.9,14.5,13.7,2024106075,2026.7.8,美浦,ジャスタウェイ,リリーアメリカ,浅沼廣幸,社台ファーム,,
美浦,D,右,20260708,水,7:08,トーアマリシテン,,セ,5,0,小島茂之,,,,,82.1,67.4,53.4,39.5,26.0,13.1,,,,14.7,14.0,13.9,13.5,12.9,13.1,2021105335,2026.7.8,美浦,ビーチパトロール,トーアヒミコ,高山ランド,トーア牧場,,
美浦,D,右,20260708,水,7:09,グラニットピーク,,セ,6,140,田島俊明,,,,,89.3,69.1,52.6,37.7,24.0,11.6,,,,20.2,16.5,14.9,13.7,12.4,11.6,2020103507,2026.7.8,美浦,ダイワメジャー,トレジャーステイト,シルクレーシング,ノーザンファーム,,
美浦,D,右,20260708,水,7:10,ロワゾブルー,,牝,4,0,小島茂之,,,,,109.2,80.5,58.8,41.5,26.0,12.5,,,,28.7,21.7,17.3,15.5,13.5,12.5,2022103559,2026.7.8,美浦,ノヴェリスト,ヘレナモルフォ,ノルマンディーサラブレッドレーシング,岡田スタツド,,
美浦,D,右,20260708,水,7:11,アイアムキレマスネ,,牡,2,未出走,奥平雅士,,,,,85.6,68.3,52.6,37.8,24.3,11.9,,,,17.3,15.7,14.8,13.5,12.4,11.9,2024102201,2026.7.8,美浦,フォーウィールドライブ,アイアムビューティ,ワイズマン,まるとみ冨岡牧場,,
美浦,D,右,20260708,水,7:11,カミノテイオー,,牡,3,0,奥平雅士,,,,,85.8,68.5,53.0,38.0,24.4,12.1,,,,17.3,15.5,15.0,13.6,12.3,12.1,2023109056,2026.7.8,美浦,タリスマニック,ゴールドマリキヤ,村上正喜,ワールドファーム,,
美浦,D,右,20260708,水,7:11,ケルピー,,セ,4,300,小野次郎,,,,,87.7,70.7,55.4,39.3,24.7,11.8,,,,17.0,15.3,16.1,14.6,12.9,11.8,2022101801,2026.7.8,美浦,カレンブラックヒル,ニシケンイチリン,鈴木淳人,中川欽一,,
美浦,D,右,20260708,水,7:11,ジュンヴィヴァン,,牡,3,0,伊坂重信,,,,,85.3,68.3,53.1,38.0,23.8,11.7,,,,17.0,15.2,15.1,14.2,12.1,11.7,2023106770,2026.7.8,美浦,ジュンツバサ,ジュンクミチャン,河合純二,和田洋平,,
美浦,D,右,20260708,水,7:11,ダカラフェスティヴ,,牝,4,1500,奥平雅士,,,,,86.6,69.2,53.4,38.4,24.8,12.2,,,,17.4,15.8,15.0,13.6,12.6,12.2,2022104378,2026.7.8,美浦,ミッキーグローリー,ジェイケイカルミア,臼井一眞,藤吉牧場,,
美浦,D,右,20260708,水,7:11,ネオマイスター,,牡,2,未出走,小野次郎,,,,,87.9,71.3,56.3,40.1,25.5,12.5,,,,16.6,15.0,16.2,14.6,13.0,12.5,2024103783,2026.7.8,美浦,イスラボニータ,キトゥンズグレイス,西田俊二,マリオステーブル,,
美浦,D,右,20260708,水,7:11,レガメデルヴェント,,牡,2,未出走,伊坂重信,,,,,84.9,67.9,52.6,37.7,23.9,11.7,,,,17.0,15.3,14.9,13.8,12.2,11.7,2024106872,2026.7.8,美浦,ルヴァンスレーヴ,アルヴェント,街風隆雄,追分ファーム,,
美浦,D,右,20260708,水,7:11,ワイルドミュール,,牝,3,0,鹿戸雄一,,,,,84.4,67.6,52.7,37.7,24.0,11.6,,,,16.8,14.9,15.0,13.7,12.4,11.6,2023103530,2026.7.8,美浦,サートゥルナーリア,ブルーハワイアン,村野康司,社台ファーム,,
美浦,D,右,20260708,水,7:12,ウインオーディン,,牡,6,1600,鹿戸雄一,,,,,87.3,69.7,53.5,38.1,24.2,11.7,,,,17.6,16.2,15.4,13.9,12.5,11.7,2020105217,2026.7.8,美浦,エピファネイア,ピエナビーナス,ウイン,コスモヴューファーム,,
美浦,D,右,20260708,水,7:12,ジャストビコーズ,,牝,3,0,武井亮,,,,,80.6,65.4,51.4,36.8,23.6,11.5,,,,15.2,14.0,14.6,13.2,12.1,11.5,2023104065,2026.7.8,美浦,インディチャンプ,イナズマアマリリス,石瀬浩三,小泉牧場,,
美浦,D,右,20260708,水,7:12,トリリオンボーイ,,セ,4,2400,武井亮,,,,,110.6,87.6,67.7,49.4,32.2,16.1,,,,23.0,19.9,18.3,17.2,16.1,16.1,2022102493,2026.7.8,美浦,マクフィ,フィメールモナーク,武田美香,様似共栄牧場,,
美浦,D,右,20260708,水,7:12,ハーツコンチェルト,,牡,6,1500,武井亮,,,,,81.3,66.2,51.8,37.2,23.8,11.6,,,,15.1,14.4,14.6,13.4,12.2,11.6,2020105681,2026.7.8,美浦,ハーツクライ,ナスノシベリウス,グリーンファーム,ハシモトフアーム,,
美浦,D,右,20260708,水,7:12,フミサウンド,,牡,6,900,鹿戸雄一,,,,,90.1,70.7,53.1,38.0,24.6,12.0,,,,19.4,17.6,15.1,13.4,12.6,12.0,2020103218,2026.7.8,美浦,ジャスタウェイ,アブソルートリー,林文彦,ノーザンファーム,,
美浦,D,右,20260708,水,7:12,ミスバレンシア,,牝,3,400,武井亮,,,,,82.3,66.9,52.3,37.7,24.2,11.9,,,,15.4,14.6,14.6,13.5,12.3,11.9,2023103361,2026.7.8,美浦,ロジャーバローズ,オレンジティアラ,吉田照哉,社台ファーム,,
美浦,D,右,20260708,水,7:12,ワイドカリオン,,牡,2,未出走,武井亮,,,,,110.3,87.4,67.6,49.4,32.4,16.3,,,,22.9,19.8,18.2,17.0,16.1,16.3,2024106112,2026.7.8,美浦,ニューイヤーズデイ,アイレ,幅田昌伸,ノーザンファーム,,
美浦,D,右,20260708,水,7:13,イイクニパッション,,牡,3,0,深山雅史,,,,,95.0,69.9,51.2,36.9,24.1,12.0,,,,25.1,18.7,14.3,12.8,12.1,12.0,2023100102,2026.7.8,美浦,ビッグアーサー,シゲルアンドロメダ,武中進,グローリーファーム,,
美浦,D,右,20260708,水,7:13,エレクトス,,牡,2,未出走,池上昌和,,,,,87.7,68.3,52.1,37.8,24.7,12.5,,,,19.4,16.2,14.3,13.1,12.2,12.5,2024105112,2026.7.8,美浦,クリソベリル,ダンツチョイス,ヒダカ・ブリーダーズ・ユニオン,矢野牧場,,
美浦,D,右,20260708,水,7:13,カウェーカネム,,牡,2,未出走,池上昌和,,,,,87.9,68.6,52.3,38.0,24.9,12.7,,,,19.3,16.3,14.3,13.1,12.2,12.7,2024100646,2026.7.8,美浦,Cracksman,キャラー,H.H.シェイク・ハムダン,ダーレー・ジャパン・ファーム,,
美浦,D,右,20260708,水,7:13,プレシャスローズ,,牝,2,未出走,池上昌和,,,,,87.1,68.0,51.8,37.5,24.6,12.5,,,,19.1,16.2,14.3,12.9,12.1,12.5,2024104083,2026.7.8,美浦,グレーターロンドン,プレシャスガール,ノルマンディーサラブレッドレーシング,上野正恵,,
美浦,D,右,20260708,水,7:13,ラヴィングリー,,牝,3,0,池上昌和,,,,,88.4,68.7,52.5,38.0,24.7,12.5,,,,19.7,16.2,14.5,13.3,12.2,12.5,2023103692,2026.7.8,美浦,クリソベリル,シャルムダムール,G1レーシング,追分ファーム,,
美浦,D,右,20260708,水,7:13,リアライズリバティ,,牝,3,400,池上昌和,,,,,89.8,72.9,56.6,40.5,26.8,13.2,,,,16.9,16.3,16.1,13.7,13.6,13.2,2023104303,2026.7.8,美浦,シスキン,バルレッタ,今福洋介,長浜牧場,,
美浦,D,右,20260708,水,7:14,アウアリイ,,牡,2,未出走,奥村武,,,,,84.9,67.9,53.0,38.7,24.5,11.9,,,,17.0,14.9,14.3,14.2,12.6,11.9,2024106017,2026.7.8,美浦,モーリス,ブルーハワイアン,吉田照哉,社台ファーム,,
美浦,D,右,20260708,水,7:14,オスロクィーン,,牝,3,0,武井亮,,,,,84.8,66.8,51.3,37.0,23.4,11.4,,,,18.0,15.5,14.3,13.6,12.0,11.4,2023110048,2026.7.8,美浦,"Liam's Map","Take Ten",那須野牧場,"Forever Spring Farm",,
美浦,D,右,20260708,水,7:14,クレイターレイク,,牝,2,未出走,奥村武,,,,,85.6,68.7,53.5,38.0,23.8,11.3,,,,16.9,15.2,15.5,14.2,12.5,11.3,2024103583,2026.7.8,美浦,ダノンバラード,オレゴンレディ,サラブレッドクラブ・ラフィアン,ビッグレッドファーム,,
美浦,D,右,20260708,水,7:14,サトノトルネード,,牡,6,900,奥村武,,,,,86.1,69.2,53.8,38.3,23.9,11.4,,,,16.9,15.4,15.5,14.4,12.5,11.4,2020103463,2026.7.8,美浦,ハーツクライ,タイタンクイーン,里見治,ノーザンファーム,,
美浦,D,右,20260708,水,7:14,ピコシー,,牡,4,900,奥村武,,,,,84.0,67.6,53.1,37.8,23.8,11.3,,,,16.4,14.5,15.3,14.0,12.5,11.3,2022101716,2026.7.8,美浦,サトノダイヤモンド,アヴァール,ビジュピコ,チャンピオンズファーム,,
美浦,D,右,20260708,水,7:15,クラウンセト,,牡,7,160,本間忍,,,,,91.7,71.6,54.8,39.9,25.8,12.6,,,,20.1,16.8,14.9,14.1,13.2,12.6,2019101488,2026.7.8,美浦,ストロングリターン,クラウンイヴ,和田志保,クラウン日高牧場,,
美浦,D,右,20260708,水,7:16,キタノシオン,,牝,3,0,本間忍,,,,,86.7,68.2,52.6,38.0,24.5,11.9,,,,18.5,15.6,14.6,13.5,12.6,11.9,2023101411,2026.7.8,美浦,アジアエクスプレス,ガーランドワルツ,北所直人,宝寄山拓樹,,
美浦,D,右,20260708,水,7:16,クラウントリオンフ,,牡,2,未出走,本間忍,,,,,86.3,68.2,52.6,38.0,24.4,11.9,,,,18.1,15.6,14.6,13.6,12.5,11.9,2024100298,2026.7.8,美浦,ヴァンセンヌ,マリノトップレディ,矢野恭裕,クラウン日高牧場,,
美浦,D,右,20260708,水,7:16,スティールシップ,,牡,3,未出走,大竹正博,,,,,86.5,70.8,54.7,39.7,25.8,12.5,,,,15.7,16.1,15.0,13.9,13.3,12.5,2023100932,2026.7.8,美浦,ルーラーシップ,シークレットアセット,湊義明,下河辺牧場,,
美浦,D,右,20260708,水,7:16,ボニープリンス,,牡,3,400,大竹正博,,,,,83.5,67.5,52.5,37.7,24.0,11.6,,,,16.0,15.0,14.8,13.7,12.4,11.6,2023107329,2026.7.8,美浦,レイデオロ,ルージュバック,キャロットファーム,ノーザンファーム,,
美浦,D,右,20260708,水,7:17,アップルザビート,,牡,2,未出走,本間忍,,,,,89.3,70.5,54.5,39.5,25.8,12.6,,,,18.8,16.0,15.0,13.7,13.2,12.6,2024109020,2026.7.8,美浦,エスケンデレヤ,フィッシュザビート,山下裕司,織笠時男,,
美浦,D,右,20260708,水,7:17,カリスマン,,牡,2,未出走,武井亮,,,,,81.8,64.6,50.2,36.7,23.7,11.5,,,,17.2,14.4,13.5,13.0,12.2,11.5,2024106804,2026.7.8,美浦,フィエールマン,カーヴィシャス,武田美香,上水牧場,,
美浦,D,右,20260708,水,7:17,ダイメイビッグボス,,牡,2,400,武井亮,,,,,82.2,64.9,50.4,36.8,23.7,11.5,,,,17.3,14.5,13.6,13.1,12.2,11.5,2024102354,2026.7.8,美浦,サートゥルナーリア,ミスチヴァスミスティ,宮本昇,宮内牧場,,
美浦,D,右,20260708,水,7:18,コスモメイウェザー,,牡,3,0,高木登,,,,,83.7,66.9,52.5,38.1,24.4,12.1,,,,16.8,14.4,14.4,13.7,12.3,12.1,2023105330,2026.7.8,美浦,シルバーステート,ベルヴォーグ,ビッグレッドファーム,ノーザンファーム,,
美浦,D,右,20260708,水,7:18,ジャンビ,,牝,5,590,勢司和浩,,,,,89.7,72.1,56.6,42.0,27.9,14.0,,,,17.6,15.5,14.6,14.1,13.9,14.0,2021103878,2026.7.8,美浦,スクリーンヒーロー,グローバルフェイム,成富直行,静内白井牧場,,
美浦,D,右,20260708,水,7:18,ファーストアライヴ,,牡,2,未出走,高木登,,,,,82.7,66.3,51.7,37.6,24.1,11.9,,,,16.4,14.6,14.1,13.5,12.2,11.9,2024106697,2026.7.8,美浦,シスキン,リモニウム,山田弘,ノーザンファーム,,
美浦,D,右,20260708,水,7:19,ウィルステート,,牡,2,未出走,黒岩陽一,157.1,135.4,117.1,99.4,83.0,68.2,52.4,37.7,24.1,11.9,18.3,17.7,16.4,14.8,15.8,14.7,13.6,12.2,11.9,2024106113,2026.7.8,美浦,シルバーステート,アウィルアウェイ,吉田勝己,ノーザンファーム,,
美浦,D,右,20260708,水,7:19,スクイーズアウト,,牡,3,0,黒岩陽一,155.9,133.2,114.8,96.9,80.8,66.3,51.4,37.5,24.4,12.2,18.4,17.9,16.1,14.5,14.9,13.9,13.1,12.2,12.2,2023102167,2026.7.8,美浦,リオンディーズ,デルニエリアリテ,Y’sレーシング,信岡牧場,,
美浦,D,右,20260708,水,7:19,トルタパスカリーナ,,牝,2,未出走,黒岩陽一,154.5,132.6,114.2,96.3,80.3,66.0,51.0,37.3,24.3,12.1,18.4,17.9,16.0,14.3,15.0,13.7,13.0,12.2,12.1,2024106273,2026.7.8,美浦,リアルスティール,ギモーヴ,吉田勝己,ノーザンファーム,,
美浦,D,右,20260708,水,7:19,レッドマスキュラー,,牡,2,未出走,黒岩陽一,157.9,136.1,117.8,100.1,83.6,68.7,52.8,38.0,24.3,12.0,18.3,17.7,16.5,14.9,15.9,14.8,13.7,12.3,12.0,2024106048,2026.7.8,美浦,キズナ,ムーチョアンユージュアル,東京ホースレーシング,社台ファーム,,
美浦,D,右,20260708,水,7:20,ジェットブレード,,牡,4,900,青木孝文,,,,,85.0,67.7,52.3,37.8,24.1,11.5,,,,17.3,15.4,14.5,13.7,12.6,11.5,2022103522,2026.7.8,美浦,ビーチパトロール,ジュリーハーツ,岡田牧雄,岡田スタツド,,
美浦,D,右,20260708,水,7:20,ミスターマーボー,,牡,3,400,青木孝文,,,,,85.8,68.3,52.7,38.1,24.4,11.6,,,,17.5,15.6,14.6,13.7,12.8,11.6,2023100831,2026.7.8,美浦,シュヴァルグラン,ハタノサンドリヨン,星野正道,グッドラック・ファーム,,
美浦,D,右,20260708,水,7:21,クールランナー,,牝,2,未出走,青木孝文,,,,,87.9,70.8,55.0,40.1,26.7,13.4,,,,17.1,15.8,14.9,13.4,13.3,13.4,2024106992,2026.7.8,美浦,ホットロッドチャーリー,クードロア,星野正道,社台コーポレーション白老ファーム,,
美浦,D,右,20260708,水,7:21,サルワールカミーズ,,牝,3,400,矢嶋大樹,,,,,86.0,69.1,53.5,38.8,24.5,11.7,,,,16.9,15.6,14.7,14.3,12.8,11.7,2023106802,2026.7.8,美浦,シスキン,シャクンタラー,シルクレーシング,社台コーポレーション白老ファーム,,
美浦,D,右,20260708,水,7:21,ベイビーキッス,,牝,4,1500,青木孝文,,,,,87.2,69.9,54.1,39.2,25.8,12.7,,,,17.3,15.8,14.9,13.4,13.1,12.7,2022102514,2026.7.8,美浦,サンダースノー,タイキエイワン,江川伸夫,清水スタッド,,
美浦,D,右,20260708,水,7:22,アイスブレイカー,,牡,5,80,伊藤伸一,,,,,85.7,68.3,52.9,38.2,24.5,12.0,,,,17.4,15.4,14.7,13.7,12.5,12.0,2021103332,2026.7.8,美浦,ホッコータルマエ,チクタクボンボン,ミルファーム,ミルファーム,,
美浦,D,右,20260708,水,7:22,キンバリー,,牡,2,未出走,伊藤伸一,,,,,87.6,70.9,55.8,40.8,26.5,12.8,,,,16.7,15.1,15.0,14.3,13.7,12.8,2024104006,2026.7.8,美浦,アルアイン,ドリームプレイ,柳橋俊昭,ラツキー牧場,,
美浦,D,右,20260708,水,7:22,コスモデュアリズム,,牡,2,未出走,伊藤伸一,,,,,85.4,68.6,53.2,38.6,24.9,12.4,,,,16.8,15.4,14.6,13.7,12.5,12.4,2024105344,2026.7.8,美浦,アルアイン,キルシェンロート,ビッグレッドファーム,嶋田牧場,,
美浦,D,右,20260708,水,7:22,ネイチャーシップ,,牡,8,900,畠山吉宏,,,,,86.5,69.5,54.5,40.2,25.9,12.5,,,,17.0,15.0,14.3,14.3,13.4,12.5,2018102917,2026.7.8,美浦,ゴールドシップ,アルデグロリア,サザンホールディング,元茂牧場,,
美浦,D,右,20260708,水,7:22,ペイシャオーヴァル,,牡,3,未出走,伊藤伸一,,,,,84.7,68.0,52.6,38.0,24.4,12.1,,,,16.7,15.4,14.6,13.6,12.3,12.1,2023100470,2026.7.8,美浦,オーヴァルエース,ペイシャオブワキア,北所直人,赤石牧場,,
美浦,D,右,20260708,水,7:24,フェスティヴビーム,,セ,6,400,畠山吉宏,,,,,84.2,67.1,52.3,38.3,24.6,11.8,,,,17.1,14.8,14.0,13.7,12.8,11.8,2020102452,2026.7.8,美浦,リアルスティール,マクシマール,臼井義太郎,上水牧場,,
美浦,D,右,20260708,水,7:25,キューティリップ,,牝,4,400,戸田博文,,,,,89.8,69.6,53.0,38.3,24.5,11.7,,,,20.2,16.6,14.7,13.8,12.8,11.7,2022105131,2026.7.8,美浦,リアルスティール,リップスポイズン,小濱忠一,ノーザンファーム,,
美浦,D,右,20260708,水,7:26,ヒットアンドロール,,牡,5,0,田中勝春,,,,,88.2,69.6,53.8,38.6,24.6,11.9,,,,18.6,15.8,15.2,14.0,12.7,11.9,2021104974,2026.7.8,美浦,ブリックスアンドモルタル,エオリアンハープ,薗部博之,社台ファーム,,
美浦,D,右,20260708,水,7:26,ミカミッチー,,牝,2,未出走,田中勝春,,,,,86.8,68.8,52.8,38.1,24.3,11.7,,,,18.0,16.0,14.7,13.8,12.6,11.7,2024107159,2026.7.8,美浦,ドレフォン,ノーブルソニック,道永幸治,レイクヴィラファーム,,
美浦,D,右,20260708,水,7:26,ミクニルミナス,,牡,2,未出走,田中勝春,,,,,87.9,69.5,53.6,38.6,24.6,12.0,,,,18.4,15.9,15.0,14.0,12.6,12.0,2024105950,2026.7.8,美浦,ルーラーシップ,ティラミス,ミクニ,社台ファーム,,
美浦,D,右,20260708,水,7:27,アインプロージット,,牝,3,0,大竹正博,,,,,85.1,69.1,53.3,38.6,24.9,11.9,,,,16.0,15.8,14.7,13.7,13.0,11.9,2023104415,2026.7.8,美浦,クリソベリル,ユナリオンス,ノースヒルズ,ノースヒルズ,,
美浦,D,右,20260708,水,7:27,アルティソナンテ,,牝,3,0,大竹正博,,,,,84.1,68.0,52.4,38.0,24.0,11.5,,,,16.1,15.6,14.4,14.0,12.5,11.5,2023103533,2026.7.8,美浦,ダノンキングリー,プライマリーコード,吉田千津,社台ファーム,,
美浦,D,右,20260708,水,7:27,サトノアンナ,,牝,3,0,大竹正博,,,,,90.1,69.7,53.2,38.2,24.5,11.9,,,,20.4,16.5,15.0,13.7,12.6,11.9,2023105905,2026.7.8,美浦,レイデオロ,サトノエカテリーナ,里見治,下河辺牧場,,
美浦,D,右,20260708,水,7:27,ファビュラススター,,牡,5,900,大竹正博,,,,,83.0,66.4,52.0,37.1,23.4,11.4,,,,16.6,14.4,14.9,13.7,12.0,11.4,2021103478,2026.7.8,美浦,エピファネイア,ヴンダーゾンネ,前田幸貴,岡田スタツド,,
美浦,D,右,20260708,水,7:27,フジサン,,牝,3,0,大竹正博,,,,,83.7,67.0,52.4,37.5,23.8,11.6,,,,16.7,14.6,14.9,13.7,12.2,11.6,2023105006,2026.7.8,美浦,キズナ,オールインファン,嶋田一成,三嶋牧場,,
美浦,D,右,20260708,水,7:29,アトラップモア,,牝,3,未出走,堀宣行,,,,,83.1,66.8,51.1,36.6,23.1,11.4,,,,16.3,15.7,14.5,13.5,11.7,11.4,2023102628,2026.7.8,美浦,ヘニーヒューズ,レディマドンナ,江馬由将,グランド牧場,,
美浦,D,右,20260708,水,7:29,アパッシメント,,セ,4,900,堀宣行,,,,,82.2,65.4,50.4,36.0,22.7,11.2,,,,16.8,15.0,14.4,13.3,11.5,11.2,2022104732,2026.7.8,美浦,ロードカナロア,キャレモンショコラ,金子真人ホールディングス,ノーザンファーム,,
美浦,D,右,20260708,水,7:31,ザンテソーロ,,牡,3,0,畠山吉宏,,,,,86.3,68.1,52.3,37.5,24.2,12.0,,,,18.2,15.8,14.8,13.3,12.2,12.0,2023106733,2026.7.8,美浦,オルフェーヴル,アオイテソーロ,了徳寺健二ホールディングス,リョーケンファーム,,
美浦,D,右,20260708,水,7:31,ステラルミノーザ,,牡,2,未出走,千葉直人,,,,,85.0,66.4,51.3,36.8,23.9,11.9,,,,18.6,15.1,14.5,12.9,12.0,11.9,2024101916,2026.7.8,美浦,フィエールマン,ベッラヴォルタ,ディアレストクラブ,チェスナットファーム,,
美浦,D,右,20260708,水,7:31,フランシスガリバー,,牝,3,0,千葉直人,,,,,85.5,66.9,51.7,37.0,23.9,11.8,,,,18.6,15.2,14.7,13.1,12.1,11.8,2023100599,2026.7.8,美浦,モーリス,ヴィリア,渡邊英俊,天羽牧場,,
美浦,D,右,20260708,水,7:31,マスターボリューム,,牝,2,未出走,畠山吉宏,,,,,85.0,67.1,51.3,36.6,23.5,11.6,,,,17.9,15.8,14.7,13.1,11.9,11.6,2024103638,2026.7.8,美浦,ウインブライト,ミラティオ,サラブレッドクラブ・ラフィアン,ビッグレッドファーム,,
美浦,D,右,20260708,水,7:38,ノーブルクロンヌ,,牝,3,0,高柳瑞樹,,,,,83.3,66.3,51.1,36.5,23.4,11.5,,,,17.0,15.2,14.6,13.1,11.9,11.5,2023103657,2026.7.8,美浦,フィエールマン,ステファニーラン,岡田牧雄,上水牧場,,
美浦,D,右,20260708,水,7:38,メイショウヨゾラ,,牝,5,1500,高柳瑞樹,,,,,81.9,65.3,50.3,35.9,23.2,11.3,,,,16.6,15.0,14.4,12.7,11.9,11.3,2021101580,2026.7.8,美浦,グレーターロンドン,メイショウサリー,松本好隆,高柳隆男,,
美浦,D,右,20260708,水,7:41,アミノショコラ,,牡,2,0,杉浦宏昭,,,,,91.3,71.2,55.5,40.9,26.5,12.8,,,,20.1,15.7,14.6,14.4,13.7,12.8,2024100830,2026.7.8,美浦,ダノンスマッシュ,ネージュフォレスト,アミノグローバルレーシング,ナカノファーム,,
美浦,D,右,20260708,水,7:41,ハイビスカス,,牝,2,0,杉浦宏昭,,,,,91.3,71.1,55.4,40.8,26.4,12.8,,,,20.2,15.7,14.6,14.4,13.6,12.8,2024107403,2026.7.8,美浦,ウィルテイクチャージ,ミスハイローラー,リトルブルーファーム,門別牧場,,
美浦,D,右,20260708,水,7:46,ソナタン,,牡,4,400,和田勇介,,,,,85.8,69.1,53.5,38.3,24.4,11.4,,,,16.7,15.6,15.2,13.9,13.0,11.4,2022105241,2026.7.8,美浦,レッドファルクス,ヴァイオリンソナタ,UHレーシング,社台ファーム,,
美浦,D,右,20260708,水,7:46,ブラーヴジャン,,牡,3,0,和田勇介,,,,,86.3,69.4,53.8,38.6,24.7,11.3,,,,16.9,15.6,15.2,13.9,13.4,11.3,2023103238,2026.7.8,美浦,ダノンプレミアム,クイーンオブハルカ,吉田智,前谷牧場,,
美浦,D,右,20260708,水,7:47,マイネルステラート,,牡,4,400,高木登,,,,,,,49.6,35.8,23.7,11.9,,,,,,13.8,12.1,11.8,11.9,2022106818,2026.7.8,美浦,ミッキーアイル,ルシェルドール,サラブレッドクラブ・ラフィアン,ビッグレッドファーム,,
美浦,D,右,20260708,水,7:48,ジャスピライト,,牡,2,未出走,小笠倫弘,,,,,85.1,66.4,51.6,37.0,23.5,11.3,,,,18.7,14.8,14.6,13.5,12.2,11.3,2024104130,2026.7.8,美浦,ビーチパトロール,シーデイライト,村島聡乃,岡田スタツド,,
美浦,D,右,20260708,水,7:48,トーセンブリラーレ,,牡,3,400,小笠倫弘,,,,,84.1,66.4,51.7,37.1,23.6,11.5,,,,17.7,14.7,14.6,13.5,12.1,11.5,2023105943,2026.7.8,美浦,トーセンレーヴ,トーセンガーネット,島川隆哉,エスティファーム,,
美浦,D,右,20260708,水,7:49,グルーヴェンス,,牡,2,未出走,高柳瑞樹,,,,,,,66.4,48.6,31.8,15.6,,,,,,17.8,16.8,16.2,15.6,2024101344,2026.7.8,美浦,カラヴァッジオ,グルーヴライン,"Viridian Keiba Club",清水牧場,,
美浦,D,右,20260708,水,7:49,ケファロニア,,牡,3,0,高柳瑞樹,,,,,,,63.5,47.1,30.7,14.8,,,,,,16.4,16.4,15.9,14.8,2023107274,2026.7.8,美浦,ルヴァンスレーヴ,メリッサーニ,G1レーシング,ノーザンファーム,,
美浦,D,右,20260708,水,7:50,ザバルガド,,牝,3,400,奥村武,,,,,86.8,67.8,52.3,38.5,24.1,11.6,,,,19.0,15.5,13.8,14.4,12.5,11.6,2023103499,2026.7.8,美浦,イスラボニータ,ハーエミネンシー,G1レーシング,社台ファーム,,
美浦,D,右,20260708,水,7:50,ハングローズ,,牝,3,0,奥村武,,,,,87.9,69.5,54.0,39.1,24.6,11.7,,,,18.4,15.5,14.9,14.5,12.9,11.7,2023102122,2026.7.8,美浦,ドレフォン,ハワイアンローズ,"CHEVAL ATTACHE",辻牧場,,
美浦,D,右,20260708,水,7:53,フェルアフリーゼ,,牝,3,0,深山雅史,,,,,87.3,70.1,53.4,38.7,24.7,11.8,,,,17.2,16.7,14.7,14.0,12.9,11.8,2023107029,2026.7.8,美浦,ドレフォン,シフォンカール,シルクレーシング,ノーザンファーム,,
美浦,D,右,20260708,水,7:53,ユイノササヤキ,,牡,3,0,深山雅史,,,,,89.4,69.4,53.4,39.2,25.3,12.4,,,,20.0,16.0,14.2,13.9,12.9,12.4,2023106798,2026.7.8,美浦,オルフェーヴル,クリッパークラス,由井健太郎,社台コーポレーション白老ファーム,,
美浦,D,右,20260708,水,7:54,ユイノスレチガイ,,牡,3,0,深山雅史,,,,,88.1,70.3,54.3,39.3,25.0,12.1,,,,17.8,16.0,15.0,14.3,12.9,12.1,2023105973,2026.7.8,美浦,ダノンプレミアム,ハマギク,由井健太郎,パカパカファーム,,
美浦,D,右,20260708,水,7:55,アルニタク,,牡,2,未出走,伊藤圭三,,,,,82.7,66.2,51.2,36.8,24.0,12.0,,,,16.5,15.0,14.4,12.8,12.0,12.0,2024105692,2026.7.8,美浦,タワーオブロンドン,ラミア,木村太郎,米田牧場,,
美浦,D,右,20260708,水,7:55,スコラーリ,,牡,7,400,大竹正博,,,,,84.5,66.6,50.8,36.6,23.7,11.7,,,,17.9,15.8,14.2,12.9,12.0,11.7,2019100718,2026.7.8,美浦,トゥザワールド,ヒカリヴィグラス,吉田和美,ヒカル牧場,,
美浦,D,右,20260708,水,7:55,ゼータレティクル,,牝,3,0,小手川準,,,,,80.6,66.8,53.1,37.8,24.1,11.7,,,,13.8,13.7,15.3,13.7,12.4,11.7,2023106416,2026.7.8,美浦,ビーチパトロール,コスモレティクルム,ビッグレッドファーム,松田牧場,,
美浦,D,右,20260708,水,7:55,タイセイアドーレ,,牡,2,0,伊藤圭三,,,,,82.9,66.5,51.4,37.0,24.2,12.2,,,,16.4,15.1,14.4,12.8,12.0,12.2,2024104822,2026.7.8,美浦,アメリカンペイトリオット,パルフェダムール,田中成奉,橋本牧場,,
美浦,D,右,20260708,水,7:55,ディスペアーホープ,,牡,2,未出走,小手川準,,,,,83.2,66.8,52.0,37.3,23.8,11.7,,,,16.4,14.8,14.7,13.5,12.1,11.7,2024100615,2026.7.8,美浦,ステルヴィオ,トーホウハニー,東豊物産,竹島幸治,,
美浦,D,右,20260708,水,7:55,フォーワンセルフ,,牡,7,900,小手川準,,,,,83.8,67.0,52.4,37.6,24.0,11.7,,,,16.8,14.6,14.8,13.6,12.3,11.7,2019102163,2026.7.8,美浦,パイロ,フォーミー,アドバンス・サッポロ,碧雲牧場,,
美浦,D,右,20260708,水,7:55,ラヴィサンエール,,牝,2,未出走,小手川準,,,,,81.6,68.0,53.4,38.1,24.1,11.7,,,,13.6,14.6,15.3,14.0,12.4,11.7,2024103581,2026.7.8,美浦,ベンバトル,エンゲルヘン,サラブレッドクラブ・ラフィアン,ビッグレッドファーム,,
美浦,D,右,20260708,水,7:56,トモジャシャトー,,牡,5,400,小笠倫弘,,,,,87.9,70.3,54.8,39.6,25.3,12.3,,,,17.6,15.5,15.2,14.3,13.0,12.3,2021101041,2026.7.8,美浦,デクラレーションオブウォー,ジーニマジック,吉冨学,天羽牧場,,
美浦,D,右,20260708,水,7:57,エポカスピーガ,,牝,4,400,田中剛,,,,,87.5,70.5,55.1,40.7,26.5,13.0,,,,17.0,15.4,14.4,14.2,13.5,13.0,2022101532,2026.7.8,美浦,エポカドーロ,インドリヤ,加藤誠,シンボリ牧場,,
美浦,D,右,20260708,水,7:57,ソアサージュ,,牝,3,0,浅利英明,,,,,86.6,68.8,53.1,38.3,24.5,11.8,,,,17.8,15.7,14.8,13.8,12.7,11.8,2023105408,2026.7.8,美浦,ブリックスアンドモルタル,ファウンドアダイヤモンド,パニオロ,松浦牧場,,
美浦,D,右,20260708,水,7:57,メトロポリターナ,,牝,5,490,粕谷昌央,,,,,,,53.8,38.5,24.6,12.0,,,,,,15.3,13.9,12.6,12.0,2021110040,2026.7.8,美浦,Masar,"Golden Globe",庄司修二,Godolphin,,
美浦,D,右,20260708,水,7:57,ローグアン,,牡,2,未出走,浅利英明,,,,,86.0,68.4,52.8,37.9,24.4,11.8,,,,17.6,15.6,14.9,13.5,12.6,11.8,2024100263,2026.7.8,美浦,アドマイヤマーズ,グレイスアン,TURFレーシング,木村牧場,,
美浦,D,右,20260708,水,7:58,ウインボレロ,,牡,5,400,水野貴広,,,,,86.1,68.6,53.3,39.0,25.3,12.2,,,,17.5,15.3,14.3,13.7,13.1,12.2,2021106203,2026.7.8,美浦,モーリス,ウインプリメーラ,ウイン,コスモヴューファーム,,
美浦,D,右,20260708,水,7:58,クリアクォーツ,,牡,4,0,的場均,,,,,83.6,65.6,51.2,37.3,23.9,11.5,,,,18.0,14.4,13.9,13.4,12.4,11.5,2022101587,2026.7.8,美浦,タワーオブロンドン,クリアソウル,田頭勇貴,高山牧場,,
美浦,D,右,20260708,水,7:58,コスモシグナス,,牡,2,0,水野貴広,,,,,86.4,69.5,54.3,39.3,25.0,12.0,,,,16.9,15.2,15.0,14.3,13.0,12.0,2024103626,2026.7.8,美浦,ダノンバラード,ホワイトウインド,ビッグレッドファーム,ビッグレッドファーム,,
美浦,D,右,20260708,水,7:59,コスモシグルン,,牝,3,0,畠山吉宏,,,,,81.0,64.9,50.0,36.4,23.5,11.6,,,,16.1,14.9,13.6,12.9,11.9,11.6,2023101040,2026.7.8,美浦,ベンバトル,シンボリバーグ,ビッグレッドファーム,シンボリ牧場,,
美浦,D,右,20260708,水,7:59,タッカーヴァンバン,,牡,3,0,田島俊明,,,,,83.2,65.8,50.9,36.6,23.6,11.9,,,,17.4,14.9,14.3,13.0,11.7,11.9,2023100529,2026.7.8,美浦,シュヴァルグラン,ティアレ,小松崎孝,中田牧場,,
美浦,D,右,20260708,水,7:59,デアトゥノウ,,牝,3,0,田島俊明,,,,,82.5,65.5,50.5,36.5,23.6,11.8,,,,17.0,15.0,14.0,12.9,11.8,11.8,2023107522,2026.7.8,美浦,Daredevil,"Emma's Encore",岡田牧雄,"Narola LLC",,
美浦,D,右,20260708,水,8:00,イサチルシーキング,,牡,3,400,辻哲英,,,,,86.1,68.2,53.3,38.6,24.4,11.6,,,,17.9,14.9,14.7,14.2,12.8,11.6,2023107394,2026.7.8,美浦,アメリカンペイトリオット,シーキングドーラ,小坂功,絵笛牧場,,
美浦,D,右,20260708,水,8:00,エーデルクラフト,,牡,3,未出走,辻哲英,,,,,85.0,67.8,52.9,38.4,24.3,11.7,,,,17.2,14.9,14.5,14.1,12.6,11.7,2023103756,2026.7.8,美浦,ニューイヤーズデイ,ウルクラフト,キャロットファーム,社台コーポレーション白老ファーム,,
美浦,D,右,20260708,水,8:00,スウィフトミモザ,,牝,3,400,辻哲英,,,,,86.8,68.9,53.9,39.0,24.8,11.7,,,,17.9,15.0,14.9,14.2,13.1,11.7,2023106839,2026.7.8,美浦,ロードカナロア,アドマイヤミモザ,大塚亮一,ノーザンファーム,,
美浦,D,右,20260708,水,8:03,サンタンヌ,,牝,2,未出走,稲垣幸雄,,,,,82.0,66.0,52.4,38.0,24.4,12.1,,,,16.0,13.6,14.4,13.6,12.3,12.1,2024106341,2026.7.8,美浦,レイデオロ,サンテローズ,シルクレーシング,ノーザンファーム,,
美浦,D,右,20260708,水,8:03,ディメンシア,,牡,3,未出走,稲垣幸雄,,,,,82.5,66.4,52.5,37.9,24.3,12.0,,,,16.1,13.9,14.6,13.6,12.3,12.0,2023102042,2026.7.8,美浦,ヘンリーバローズ,メイショウノビヤカ,ウエスト.フォレスト.ステイブル,斉藤英牧場,,
美浦,D,右,20260708,水,8:03,ラヴアンドライク,,牝,4,400,稲垣幸雄,,,,,83.6,66.9,52.7,38.1,24.5,12.1,,,,16.7,14.2,14.6,13.6,12.4,12.1,2022104570,2026.7.8,美浦,カリフォルニアクローム,レッドエレノア,宮田守,矢野牧場,,
美浦,D,右,20260708,水,8:04,テングカゼ,,牡,2,未出走,的場均,,,,,84.7,67.5,52.6,38.6,25.1,12.3,,,,17.2,14.9,14.0,13.5,12.8,12.3,2024105454,2026.7.8,美浦,カデナ,プリモスペード,田頭勇貴,中橋清,,
美浦,D,右,20260708,水,8:04,デルマジュテーム,,牝,4,400,的場均,,,,,84.4,67.2,52.7,38.5,24.5,11.7,,,,17.2,14.5,14.2,14.0,12.8,11.7,2022101969,2026.7.8,美浦,ノヴェリスト,デルマチャチャ,浅沼廣幸,ファニーヒルファーム,,
美浦,D,右,20260708,水,8:13,キミヘノメロディー,,牡,2,未出走,石栗龍彦,,,,,84.3,68.3,53.1,37.8,24.2,11.8,,,,16.0,15.2,15.3,13.6,12.4,11.8,2024105225,2026.7.8,美浦,ハタノヴァンクール,エーシンシルビア,堀口晴男,川端英幸,,
美浦,D,右,20260708,水,8:13,コスモルトチェコ,,牡,2,未出走,石栗龍彦,,,,,83.1,67.2,52.0,36.9,23.7,11.6,,,,15.9,15.2,15.1,13.2,12.1,11.6,2024102436,2026.7.8,美浦,ノヴェリスト,リアユニヴァース,谷脇智恵子,エムエム、ヤマダファーム,,
美浦,D,右,20260708,水,8:13,ナムラダックス,,牡,2,未出走,石栗龍彦,,,,,84.5,68.1,53.1,37.8,24.2,11.9,,,,16.4,15.0,15.3,13.6,12.3,11.9,2024101876,2026.7.8,美浦,チュウワウィザード,ナムラビーム,奈村睦弘,谷川牧場,,
美浦,D,右,20260708,水,8:19,ミラビリスマジック,,牝,5,1500,千葉直人,,,,,,,67.4,48.3,30.8,15.2,,,,,,19.1,17.5,15.6,15.2,2021105105,2026.7.8,美浦,キズナ,ソーマジック,社台レースホース,社台ファーム,,
美浦,D,右,20260708,水,8:22,ソレム,,牝,3,0,稲垣幸雄,,,,,83.7,67.0,52.3,38.0,24.3,12.1,,,,16.7,14.7,14.3,13.7,12.2,12.1,2023107213,2026.7.8,美浦,Sottsass,プレインチャント,シルクレーシング,ノーザンファーム,,
美浦,D,右,20260708,水,8:26,ウェイワードアクト,,牡,6,5320,田中博康,,,,,82.9,67.1,52.3,37.5,24.1,11.6,,,,15.8,14.8,14.8,13.4,12.5,11.6,2020110024,2026.7.8,美浦,"Maclean's Music","Warrior Kat",ゴドルフィン,"Mike Olszewsky Craig Conrad & Darren Kuntz",,
美浦,D,右,20260708,水,8:26,ダノンダックス,,牡,2,未出走,田中博康,,,,,83.5,67.6,52.5,37.7,24.3,11.7,,,,15.9,15.1,14.8,13.4,12.6,11.7,2024106662,2026.7.8,美浦,サートゥルナーリア,ヤンキーローズ,ダノックス,ノーザンファーム,,
美浦,D,右,20260708,水,8:26,ヴァルドルチャ,,セ,5,900,田中博康,,,,,84.0,67.8,52.7,37.9,24.3,11.7,,,,16.2,15.1,14.8,13.6,12.6,11.7,2021103000,2026.7.8,美浦,スワーヴリチャード,ドメニカ,NICKS,辻牧場,,
美浦,D,右,20260708,水,8:27,プリティディーヴァ,,牝,4,1000,田中博康,,,,,82.4,66.0,51.2,37.2,24.1,11.9,,,,16.4,14.8,14.0,13.1,12.2,11.9,2022110015,2026.7.8,美浦,Kingman,Assurance,吉田和美,"Assurance Syndicate",,
美浦,D,右,20260708,水,8:40,アーティラリー,,牝,3,0,松山将樹,,,,,88.5,70.5,54.5,39.5,25.3,11.9,,,,18.0,16.0,15.0,14.2,13.4,11.9,2023105452,2026.7.8,美浦,ホッコータルマエ,グリズリダンス,石瀬浩三,三木田牧場,,
美浦,D,右,20260708,水,8:40,ウッケン,,牝,3,0,松山将樹,,,,,88.0,70.0,54.0,38.9,24.9,11.9,,,,18.0,16.0,15.1,14.0,13.0,11.9,2023102527,2026.7.8,美浦,イスラボニータ,ヴァリアントレディ,受田真治,神垣道弘,,
