栗東,20260905,土,1:47,アドマイヤテラ,,牡,5,8900,友道康夫,58.3,41.5,26.6,12.9,16.8,14.9,13.7,12.9
栗東,20260905,土,1:48,メイショウタバル,,牡,5,41650,石橋守,73.2,54.6,36.2,17.8,18.6,18.4,18.4,17.8
栗東,20260905,土,4:30,エルダークローネ,,牡,2,0,西村真幸,61.2,44.6,29.4,14.7,16.6,15.2,14.7,14.7
栗東,20260905,土,4:30,ジーティートシオー,,牡,4,0,西村真幸,65.9,47.7,30.9,15.3,18.2,16.8,15.6,15.3
栗東,20260905,土,4:30,ノーブルスカイ,,牡,5,1500,高柳大輔,65.4,47.1,30.9,15.2,18.3,16.2,15.7,15.2
栗東,20260905,土,4:30,ブルーワール,,牡,5,1500,高柳大輔,65.1,47.6,31.4,15.9,17.5,16.2,15.5,15.9
栗東,20260905,土,4:30,ベルメサイア,,牝,5,400,西村真幸,65.6,46.9,30.2,14.7,18.7,16.7,15.5,14.7
栗東,20260905,土,4:30,ペールノエル,,セ,4,500,西村真幸,63.4,46.6,30.8,15.4,16.8,15.8,15.4,15.4
栗東,20260905,土,4:30,モカラマーズ,,牡,4,900,高柳大輔,66.7,48.0,31.3,15.6,18.7,16.7,15.7,15.6
栗東,20260905,土,4:30,ワンダーディーン,,牡,3,4940,高柳大輔,65.2,46.4,30.2,15.1,18.8,16.2,15.1,15.1
栗東,20260905,土,4:31,アリエスキング,,牡,5,900,庄野靖志,67.8,49.8,32.3,16.0,18.0,17.5,16.3,16.0
栗東,20260905,土,4:31,アーケントレイル,,牡,2,未登録,,60.5,44.4,29.5,15.1,16.1,14.9,14.4,15.1
栗東,20260905,土,4:31,ジェロニモス,,牡,5,400,中村直也,71.4,52.1,34.0,16.4,19.3,18.1,17.6,16.4
栗東,20260905,土,4:31,ジョアン,,牝,3,400,中村直也,69.4,50.5,33.3,16.4,18.9,17.2,16.9,16.4
栗東,20260905,土,4:31,スノーグロウ,,牝,2,未出走,西村真幸,70.9,51.9,33.8,17.1,19.0,18.1,16.7,17.1
栗東,20260905,土,4:31,セイフェリーチェ,,牝,2,未出走,高橋康之,67.9,49.8,32.6,16.0,18.1,17.2,16.6,16.0
栗東,20260905,土,4:31,ドウジャスティ,,牡,4,400,池江泰寿,64.9,46.6,30.0,14.3,18.3,16.6,15.7,14.3
栗東,20260905,土,4:31,ニクスルーナ,,牝,2,0,高柳大輔,67.4,48.7,32.0,15.7,18.7,16.7,16.3,15.7
栗東,20260905,土,4:31,ヒルノメルク,,牝,2,未登録,,70.3,51.5,33.9,17.1,18.8,17.6,16.8,17.1
栗東,20260905,土,4:31,マガスティール,,牡,2,未出走,高柳大輔,67.5,48.5,31.9,15.9,19.0,16.6,16.0,15.9
栗東,20260905,土,4:31,ママコチャ,,牝,7,20250,池江泰寿,66.7,47.8,31.0,14.8,18.9,16.8,16.2,14.8
栗東,20260905,土,4:31,マリアンデール,,牝,2,0,中村直也,68.3,49.4,32.6,16.6,18.9,16.8,16.0,16.6
栗東,20260905,土,4:31,ミスタージーティー,,牡,5,1600,矢作芳人,61.6,45.4,30.8,15.6,16.2,14.6,15.2,15.6
栗東,20260905,土,4:31,レイクイーン,,牝,2,0,中村直也,70.9,51.8,33.8,16.8,19.1,18.0,17.0,16.8
栗東,20260905,土,4:31,レイム,,牝,5,260,高橋康之,55.6,39.9,26.1,12.7,15.7,13.8,13.4,12.7
栗東,20260905,土,4:31,ﾗｲｼﾞﾝｸﾞﾘｰｽﾞﾝの24,,牝,2,未登録,,72.1,52.0,33.5,16.3,20.1,18.5,17.2,16.3
栗東,20260905,土,4:32,アイキャンドウイッ,,牡,7,900,池江泰寿,74.8,52.4,33.7,16.8,22.4,18.7,16.9,16.8
栗東,20260905,土,4:32,アラムシャピラス,,牡,3,0,池江泰寿,71.0,51.6,32.9,16.1,19.4,18.7,16.8,16.1
栗東,20260905,土,4:32,クールドリオン,,牡,3,0,庄野靖志,67.0,48.1,31.7,16.0,18.9,16.4,15.7,16.0
栗東,20260905,土,4:32,スウィートリワード,,牝,5,400,宮本博,71.5,52.1,34.7,17.3,19.4,17.4,17.4,17.3
栗東,20260905,土,4:32,ゼンカイナダル,,セ,3,400,庄野靖志,70.0,50.9,33.3,16.7,19.1,17.6,16.6,16.7
栗東,20260905,土,4:32,ダークエクリプス,,牡,7,1500,今野貞一,65.9,48.0,31.5,15.4,17.9,16.5,16.1,15.4
栗東,20260905,土,4:32,バイファーザベスト,,牡,7,730,清水久詞,52.0,38.1,25.1,12.9,13.9,13.0,12.2,12.9
栗東,20260905,土,4:32,プルートマスター,,牡,7,1500,今野貞一,67.1,48.6,31.2,15.0,18.5,17.4,16.2,15.0
栗東,20260905,土,4:32,ルガル,,牡,6,20250,杉山晴紀,73.9,53.4,34.1,17.1,20.5,19.3,17.0,17.1
栗東,20260905,土,4:32,ヴァンダローム,,牡,2,未登録,,72.3,52.7,35.3,17.7,19.6,17.4,17.6,17.7
栗東,20260905,土,4:33,ゴールデンクラウド,,牡,4,2400,小林真也,70.7,51.6,34.7,18.1,19.1,16.9,16.6,18.1
栗東,20260905,土,4:33,ダブルジョーク,,牡,6,2400,小林真也,66.3,48.7,32.2,16.3,17.6,16.5,15.9,16.3
栗東,20260905,土,4:33,ファインライン,,牡,5,2400,松永幹夫,71.7,52.9,35.3,18.0,18.8,17.6,17.3,18.0
栗東,20260905,土,4:33,プレデンシア,,牝,3,0,中尾秀正,68.6,50.8,33.8,16.9,17.8,17.0,16.9,16.9
栗東,20260905,土,4:33,ポエットリー,,牝,5,1500,平田修,66.8,48.8,32.6,16.3,18.0,16.2,16.3,16.3
栗東,20260905,土,4:33,メイショウリベロ,,牡,2,未出走,安達昭夫,69.9,52.3,35.2,17.7,17.6,17.1,17.5,17.7
栗東,20260905,土,4:33,ランドブレイブ,,牡,4,400,安達昭夫,70.9,52.3,35.2,18.3,18.6,17.1,16.9,18.3
栗東,20260905,土,4:34,アンガーザガール,,牝,3,0,東田明士,67.0,49.2,32.5,15.9,17.8,16.7,16.6,15.9
栗東,20260905,土,4:34,オメガマサヤ,,牡,2,未出走,安田翔伍,67.5,49.4,32.2,16.0,18.1,17.2,16.2,16.0
栗東,20260905,土,4:34,サイモンノーブル,,牡,4,170,梅田智之,66.1,46.5,29.6,14.3,19.6,16.9,15.3,14.3
栗東,20260905,土,4:34,シャープインサイト,,牡,3,400,東田明士,67.7,49.1,32.0,15.9,18.6,17.1,16.1,15.9
栗東,20260905,土,4:34,ドットカモン,,牡,3,0,笹田和秀,70.0,52.0,34.6,17.1,18.0,17.4,17.5,17.1
栗東,20260905,土,4:34,ハピネスサンライズ,,牝,3,0,東田明士,67.8,48.9,31.6,16.0,18.9,17.3,15.6,16.0
栗東,20260905,土,4:34,ベルダイナフェロー,,牝,5,1500,東田明士,68.6,49.6,32.5,16.1,19.0,17.1,16.4,16.1
栗東,20260905,土,4:34,ボーオーブ,,牡,2,未出走,安田翔伍,69.1,51.3,34.3,16.9,17.8,17.0,17.4,16.9
栗東,20260905,土,4:34,メイショウキボウ,,牝,2,未出走,梅田智之,70.0,49.7,32.2,15.7,20.3,17.5,16.5,15.7
栗東,20260905,土,4:34,メイショウルーク,,牡,3,400,梅田智之,68.1,47.4,30.0,14.5,20.7,17.4,15.5,14.5
栗東,20260905,土,4:34,ラインオブソウル,,牡,7,2400,東田明士,68.1,49.1,32.0,16.1,19.0,17.1,15.9,16.1
栗東,20260905,土,4:35,エイユーファイヤー,,牡,4,400,森田直行,64.7,47.0,31.7,16.1,17.7,15.3,15.6,16.1
栗東,20260905,土,4:35,シャローファースト,,牡,3,900,安田翔伍,65.8,47.6,30.6,15.0,18.2,17.0,15.6,15.0
栗東,20260905,土,4:35,ブームバップビート,,牡,3,400,中内田充,66.0,48.3,31.9,16.1,17.7,16.4,15.8,16.1
栗東,20260905,土,4:35,ルージュムーサ,,牝,2,未出走,安田翔伍,71.3,52.6,34.8,17.0,18.7,17.8,17.8,17.0
栗東,20260905,土,4:36,カフジポポー,,牡,2,0,森田直行,72.9,53.1,34.9,17.4,19.8,18.2,17.5,17.4
栗東,20260905,土,4:36,グリッドレイ,,牡,2,未登録,,73.7,54.5,36.3,17.7,19.2,18.2,18.6,17.7
栗東,20260905,土,4:36,ダンシングドール,,牝,3,400,牧田和弥,64.7,47.5,30.4,15.0,17.2,17.1,15.4,15.0
栗東,20260905,土,4:36,ペコリズム,,牝,3,0,森田直行,62.9,46.9,31.7,16.0,16.0,15.2,15.7,16.0
栗東,20260905,土,4:36,ページターナー,,牡,3,400,中内田充,64.9,48.4,32.4,16.9,16.5,16.0,15.5,16.9
栗東,20260905,土,4:36,マテンロウモエ,,牝,2,未登録,,72.2,52.9,35.1,17.3,19.3,17.8,17.8,17.3
栗東,20260905,土,4:36,レジェンダリーデイ,,セ,6,130,森田直行,69.8,52.0,34.9,17.8,17.8,17.1,17.1,17.8
栗東,20260905,土,4:37,クラッチスラッガー,,牡,3,400,池添学,71.2,52.4,34.7,17.5,18.8,17.7,17.2,17.5
栗東,20260905,土,4:37,コニーアイランド,,牝,3,400,中内田充,64.5,46.4,30.4,15.0,18.1,16.0,15.4,15.0
栗東,20260905,土,4:37,ダイナマイク,,牡,2,0,中内田充,70.5,49.9,32.7,16.0,20.6,17.2,16.7,16.0
栗東,20260905,土,4:37,マンハッタンモーン,,牡,2,未出走,笹田和秀,72.7,54.1,35.8,18.0,18.6,18.3,17.8,18.0
栗東,20260905,土,4:37,ミスターキリシマ,,牡,2,未登録,,71.5,51.8,34.4,17.2,19.7,17.4,17.2,17.2
栗東,20260905,土,4:37,モズモーク,,牡,2,未出走,牧田和弥,68.9,49.8,32.9,16.5,19.1,16.9,16.4,16.5
栗東,20260905,土,4:37,ヤマカツファイア,,牡,2,未登録,,70.9,51.6,33.3,16.4,19.3,18.3,16.9,16.4
栗東,20260905,土,4:37,ラッキーヴォーグ,,牡,3,0,牧田和弥,68.1,49.4,32.6,16.1,18.7,16.8,16.5,16.1
栗東,20260905,土,4:37,ロードオールライト,,牡,5,1500,中内田充,66.3,48.5,31.7,15.8,17.8,16.8,15.9,15.8
栗東,20260905,土,4:38,アイツナンカ,,牝,2,未登録,,73.0,54.1,36.3,18.7,18.9,17.8,17.6,18.7
栗東,20260905,土,4:38,エクシプノス,,牡,2,未登録,,66.3,49.7,32.8,16.1,16.6,16.9,16.7,16.1
栗東,20260905,土,4:38,キタノトレボーネ,,牡,3,0,坂口智康,66.7,48.4,31.4,15.4,18.3,17.0,16.0,15.4
栗東,20260905,土,4:38,クリスティーナ,,牝,2,未出走,飯田祐史,71.5,52.5,34.0,17.1,19.0,18.5,16.9,17.1
栗東,20260905,土,4:38,ゴールドアーチ,,牡,3,400,坂口智康,66.3,47.6,31.4,15.8,18.7,16.2,15.6,15.8
栗東,20260905,土,4:38,ゼンエスポワール,,牡,4,900,飯田祐史,65.6,48.1,32.1,16.2,17.5,16.0,15.9,16.2
栗東,20260905,土,4:38,ピカラ,,牝,3,900,坂口智康,67.0,49.1,32.2,16.0,17.9,16.9,16.2,16.0
栗東,20260905,土,4:38,プウスカンドゥール,,牝,6,900,坂口智康,67.4,48.3,31.2,15.4,19.1,17.1,15.8,15.4
栗東,20260905,土,4:38,ポニーテール,,牝,3,未出走,中内田充,70.8,51.2,33.0,16.6,19.6,18.2,16.4,16.6
栗東,20260905,土,4:38,メイショウツヨキ,,牡,4,1500,飯田祐史,69.4,51.2,34.1,17.1,18.2,17.1,17.0,17.1
栗東,20260905,土,4:38,モンシェリ,,牝,5,900,牧田和弥,72.6,52.3,34.6,17.7,20.3,17.7,16.9,17.7
栗東,20260905,土,4:39,アイルドゥレーヴェ,,牡,3,0,新谷功一,69.2,51.0,34.5,17.4,18.2,16.5,17.1,17.4
栗東,20260905,土,4:39,ケイアイヴェネチア,,牡,2,未出走,新谷功一,65.1,48.0,32.2,16.2,17.1,15.8,16.0,16.2
栗東,20260905,土,4:39,コロラート,,セ,2,未出走,飯田祐史,72.4,53.2,35.2,17.6,19.2,18.0,17.6,17.6
栗東,20260905,土,4:39,ジューンブレア,,牝,5,7400,武英智,52.1,37.6,25.0,12.9,14.5,12.6,12.1,12.9
栗東,20260905,土,4:39,ソルトリーダー,,牡,2,未登録,,70.0,50.4,31.9,14.9,19.6,18.5,17.0,14.9
栗東,20260905,土,4:39,ピエナマーズ,,牡,2,未登録,,68.8,49.6,31.3,14.8,19.2,18.3,16.5,14.8
栗東,20260905,土,4:39,ブルーストレイル,,牡,5,480,荒川義之,66.3,48.1,32.4,15.7,18.2,15.7,16.7,15.7
栗東,20260905,土,4:39,マコトブリッツ,,牡,2,0,武英智,53.7,38.5,25.1,12.6,15.2,13.4,12.5,12.6
栗東,20260905,土,4:39,マリアーナ,,牝,2,未出走,武英智,54.1,39.0,25.3,12.6,15.1,13.7,12.7,12.6
栗東,20260905,土,4:39,メイショウホダワラ,,牝,4,400,荒川義之,75.9,52.9,34.1,16.5,23.0,18.8,17.6,16.5
栗東,20260905,土,4:39,レイクラシック,,牝,3,900,新谷功一,64.2,46.5,29.9,15.0,17.7,16.6,14.9,15.0
栗東,20260905,土,4:40,コジアン,,牡,2,0,小椋研介,74.8,53.7,35.8,17.6,21.1,17.9,18.2,17.6
栗東,20260905,土,4:40,シゲルオトヒメ,,牝,7,400,谷潔,70.2,53.2,35.3,17.6,17.0,17.9,17.7,17.6
栗東,20260905,土,4:40,ドリームリボン,,牝,2,0,谷潔,70.1,51.1,33.9,17.1,19.0,17.2,16.8,17.1
栗東,20260905,土,4:40,ハーブドーレ,,牝,3,0,荒川義之,69.0,50.1,31.7,15.3,18.9,18.4,16.4,15.3
栗東,20260905,土,4:40,マイリトルヒーロー,,牡,3,400,高橋康之,64.0,46.9,31.4,15.9,17.1,15.5,15.5,15.9
栗東,20260905,土,4:40,メイショウトム,,牡,5,900,谷潔,69.0,50.1,32.4,16.0,18.9,17.7,16.4,16.0
栗東,20260905,土,4:41,オープンザパンドラ,,牡,3,0,小椋研介,72.3,51.4,33.2,16.3,20.9,18.2,16.9,16.3
栗東,20260905,土,4:41,サトノアグード,,牡,3,400,藤原英昭,66.8,48.8,31.8,15.5,18.0,17.0,16.3,15.5
栗東,20260905,土,4:41,チェルノボーグ,,セ,7,1500,藤原英昭,68.3,50.3,33.0,16.3,18.0,17.3,16.7,16.3
栗東,20260905,土,4:41,ドラゴンハリー,,牡,2,未登録,,77.1,56.5,36.4,18.0,20.6,20.1,18.4,18.0
栗東,20260905,土,4:41,ペプチドアロン,,牡,3,0,小椋研介,71.9,50.6,32.0,15.7,21.3,18.6,16.3,15.7
栗東,20260905,土,4:41,ロードレジェロ,,牡,4,400,藤野健太,76.3,55.1,35.6,17.8,21.2,19.5,17.8,17.8
栗東,20260905,土,4:42,イベントホライゾン,,牡,3,900,池江泰寿,66.6,47.8,30.5,15.2,18.8,17.3,15.3,15.2
栗東,20260905,土,4:42,エースフライト,,牡,3,400,池江泰寿,66.7,49.1,32.1,15.9,17.6,17.0,16.2,15.9
栗東,20260905,土,4:42,タカスタカスタカス,,牡,3,900,藤原英昭,66.5,47.7,31.0,15.1,18.8,16.7,15.9,15.1
栗東,20260905,土,4:42,ティニア,,牡,6,2400,池江泰寿,66.3,47.8,30.7,15.2,18.5,17.1,15.5,15.2
栗東,20260905,土,4:42,ヒシアイラ,,牡,3,1700,池江泰寿,65.6,47.8,31.0,14.7,17.8,16.8,16.3,14.7
栗東,20260905,土,4:42,ミッキージャンプ,,牡,3,900,池江泰寿,66.3,48.2,31.7,15.3,18.1,16.5,16.4,15.3
栗東,20260905,土,4:42,リガーレ,,牡,4,400,池江泰寿,65.3,47.5,30.2,14.5,17.8,17.3,15.7,14.5
栗東,20260905,土,4:42,ヴィヴァン,,牡,8,2400,池江泰寿,65.1,47.8,31.8,16.6,17.3,16.0,15.2,16.6
栗東,20260905,土,4:43,ウィリーウィリー,,牡,2,未出走,森田直行,65.5,48.2,32.0,16.1,17.3,16.2,15.9,16.1
栗東,20260905,土,4:43,ジェントル,,牡,2,0,池添学,64.7,46.7,30.6,15.2,18.0,16.1,15.4,15.2
栗東,20260905,土,4:43,ゼンカイナダル,,セ,3,400,庄野靖志,70.7,50.7,32.9,16.3,20.0,17.8,16.6,16.3
栗東,20260905,土,4:43,ダガーリング,,牡,4,1000,柴田卓,66.6,48.5,31.6,15.3,18.1,16.9,16.3,15.3
栗東,20260905,土,4:43,ダノンジャイアン,,牡,4,1500,茶木太樹,66.2,48.0,30.8,15.2,18.2,17.2,15.6,15.2
栗東,20260905,土,4:43,テーオーダヴィンチ,,牡,8,2400,岡田稲男,68.2,50.4,33.5,16.7,17.8,16.9,16.8,16.7
栗東,20260905,土,4:43,トーアロイガル,,牡,2,未出走,羽月友彦,71.4,51.9,34.4,17.1,19.5,17.5,17.3,17.1
栗東,20260905,土,4:43,ブレイヴモナーク,,牡,2,未登録,,68.0,49.8,32.9,16.7,18.2,16.9,16.2,16.7
栗東,20260905,土,4:43,ホルトバージ,,牡,5,1500,柴田卓,66.6,48.3,32.0,15.7,18.3,16.3,16.3,15.7
栗東,20260905,土,4:43,ロールスワン,,牡,3,0,中内田充,68.3,49.6,33.1,17.3,18.7,16.5,15.8,17.3
栗東,20260905,土,4:43,ワンダーラヴグッド,,牝,2,0,羽月友彦,66.7,48.6,32.5,16.4,18.1,16.1,16.1,16.4
栗東,20260905,土,4:44,カゼノランナー,,牡,5,10100,松永幹夫,69.7,50.2,32.9,16.3,19.5,17.3,16.6,16.3
栗東,20260905,土,4:44,クラルテロワ,,牡,2,未出走,松永幹夫,67.7,49.9,32.6,15.9,17.8,17.3,16.7,15.9
栗東,20260905,土,4:44,サンティエリュール,,牝,2,未登録,,67.7,49.9,32.6,15.9,17.8,17.3,16.7,15.9
栗東,20260905,土,4:44,シャインゴーツ,,牡,3,0,北出成人,65.9,48.2,31.6,15.6,17.7,16.6,16.0,15.6
栗東,20260905,土,4:44,シャンデヴィーニュ,,牝,3,400,柴田卓,72.8,51.9,33.7,16.5,20.9,18.2,17.2,16.5
栗東,20260905,土,4:44,シルバーウィル,,牝,2,400,松永幹夫,68.6,50.0,33.0,16.8,18.6,17.0,16.2,16.8
栗東,20260905,土,4:44,スターリーデー,,牝,2,0,茶木太樹,67.6,49.1,32.1,15.3,18.5,17.0,16.8,15.3
栗東,20260905,土,4:44,スペクトリオン,,牡,2,未出走,茶木太樹,67.5,49.5,32.5,15.9,18.0,17.0,16.6,15.9
栗東,20260905,土,4:44,ゼランテ,,牡,3,0,松永幹夫,67.9,48.8,32.5,16.0,19.1,16.3,16.5,16.0
栗東,20260905,土,4:44,パルスカ,,牝,2,未出走,松永幹夫,68.4,50.1,33.3,16.6,18.3,16.8,16.7,16.6
栗東,20260905,土,4:44,ヒルノドゴール,,牡,5,2400,北出成人,65.2,48.0,31.8,16.6,17.2,16.2,15.2,16.6
栗東,20260905,土,4:44,マテンロウスカイ,,セ,7,7300,松永幹夫,68.3,49.5,33.4,16.7,18.8,16.1,16.7,16.7
栗東,20260905,土,4:44,メティエダール,,牝,5,400,松永幹夫,69.1,51.2,33.8,16.7,17.9,17.4,17.1,16.7
栗東,20260905,土,4:44,ルクスフレンジー,,牡,4,1600,松永幹夫,65.6,48.8,32.0,16.0,16.8,16.8,16.0,16.0
栗東,20260905,土,4:45,アイサンサン,,牝,4,4300,橋田宜長,67.4,48.1,31.2,15.5,19.3,16.9,15.7,15.5
栗東,20260905,土,4:45,ウィザードシチー,,牡,2,0,北出成人,70.8,51.6,34.1,16.8,19.2,17.5,17.3,16.8
栗東,20260905,土,4:45,ウォーターパラディ,,牡,4,400,岡田稲男,66.4,48.6,31.9,15.8,17.8,16.7,16.1,15.8
栗東,20260905,土,4:45,クールドリオン,,牡,3,0,庄野靖志,68.0,49.3,32.5,16.4,18.7,16.8,16.1,16.4
栗東,20260905,土,4:45,コスモクラウン,,牡,2,0,北出成人,69.4,51.2,33.8,16.9,18.2,17.4,16.9,16.9
栗東,20260905,土,4:45,スウィートハピネス,,牝,3,1600,北出成人,67.3,48.6,31.8,16.1,18.7,16.8,15.7,16.1
栗東,20260905,土,4:45,テーオーローズ,,牝,2,未出走,岡田稲男,65.8,47.7,31.2,15.3,18.1,16.5,15.9,15.3
栗東,20260905,土,4:45,トウカイポワール,,牝,5,1500,北出成人,67.1,48.9,32.0,15.9,18.2,16.9,16.1,15.9
栗東,20260905,土,4:45,ニシノイツキムスメ,,牝,4,400,北出成人,68.3,48.9,31.7,15.5,19.4,17.2,16.2,15.5
栗東,20260905,土,4:45,ヒルノプーリア,,牝,3,400,北出成人,69.5,50.8,33.2,16.6,18.7,17.6,16.6,16.6
栗東,20260905,土,4:45,ファインライン,,牡,5,2400,松永幹夫,66.0,48.1,32.5,16.1,17.9,15.6,16.4,16.1
栗東,20260905,土,4:45,フェルギナス,,牡,3,400,矢作芳人,68.0,49.7,32.6,15.8,18.3,17.1,16.8,15.8
栗東,20260905,土,4:45,ヨッシーフレアー,,牡,2,0,北出成人,69.5,51.1,33.8,16.8,18.4,17.3,17.0,16.8
栗東,20260905,土,4:45,ラテライト,,牝,4,0,橋田宜長,64.9,47.6,31.5,15.4,17.3,16.1,16.1,15.4
栗東,20260905,土,4:45,リサシテーション,,牡,3,1500,岡田稲男,65.8,47.8,31.4,15.5,18.0,16.4,15.9,15.5
栗東,20260905,土,4:45,ルガル,,牡,6,20250,杉山晴紀,65.5,47.8,31.2,15.4,17.7,16.6,15.8,15.4
栗東,20260905,土,4:46,イグニアスロック,,牡,2,未出走,新谷功一,68.5,49.4,31.6,15.7,19.1,17.8,15.9,15.7
栗東,20260905,土,4:46,カムイテーラー,,牝,2,未出走,緒方努,71.3,52.5,35.1,17.6,18.8,17.4,17.5,17.6
栗東,20260905,土,4:46,サンライズケヴィン,,牡,3,900,平田修,65.2,48.1,31.7,15.5,17.1,16.4,16.2,15.5
栗東,20260905,土,4:46,スズノソレイユ,,牡,4,400,平田修,63.5,46.9,31.1,15.8,16.6,15.8,15.3,15.8
栗東,20260905,土,4:46,マヒナピハ,,牝,2,未出走,緒方努,66.4,48.3,31.5,15.4,18.1,16.8,16.1,15.4
栗東,20260905,土,4:46,ミッションルース,,牡,5,500,平田修,64.7,47.2,30.8,15.4,17.5,16.4,15.4,15.4
栗東,20260905,土,4:46,モンテシート,,牡,4,1500,牧田和弥,66.5,47.8,31.5,16.2,18.7,16.3,15.3,16.2
栗東,20260905,土,4:46,リュコス,,牡,2,未出走,緒方努,66.9,48.7,31.4,15.6,18.2,17.3,15.8,15.6
栗東,20260905,土,4:46,ロットブラータ,,牡,4,400,平田修,66.3,48.4,32.0,16.0,17.9,16.4,16.0,16.0
栗東,20260905,土,4:46,ヴィヴァシャス,,牝,4,400,笹田和秀,71.3,52.3,34.2,16.9,19.0,18.1,17.3,16.9
栗東,20260905,土,4:47,アリサ,,牝,2,未出走,千田輝彦,63.1,45.2,29.2,14.4,17.9,16.0,14.8,14.4
栗東,20260905,土,4:47,ウルスクローム,,牡,4,1500,大橋勇樹,72.6,53.7,35.2,17.3,18.9,18.5,17.9,17.3
栗東,20260905,土,4:47,ゴールデンクラウド,,牡,4,2400,小林真也,69.5,50.7,32.9,16.2,18.8,17.8,16.7,16.2
栗東,20260905,土,4:47,シビルガード,,牡,3,0,庄野靖志,69.7,50.9,33.6,16.8,18.8,17.3,16.8,16.8
栗東,20260905,土,4:47,タガノアルブラック,,牝,3,400,千田輝彦,62.9,45.6,29.2,14.5,17.3,16.4,14.7,14.5
栗東,20260905,土,4:47,ダディーズアイル,,牡,5,400,千田輝彦,57.2,41.3,27.4,13.8,15.9,13.9,13.6,13.8
栗東,20260905,土,4:47,ナポリ,,牝,2,0,井上智史,71.0,51.3,34.0,17.0,19.7,17.3,17.0,17.0
栗東,20260905,土,4:47,メイショウシンタケ,,牡,8,3800,千田輝彦,70.7,52.0,35.0,17.7,18.7,17.0,17.3,17.7
栗東,20260905,土,4:47,ヤマニンバロネス,,牝,4,900,千田輝彦,60.3,43.0,27.1,13.2,17.3,15.9,13.9,13.2
栗東,20260905,土,4:47,ユウトザイシン,,牡,3,0,千田輝彦,71.2,51.8,33.8,16.6,19.4,18.0,17.2,16.6
栗東,20260905,土,4:47,レッドレベンディス,,牡,3,900,庄野靖志,69.1,49.6,32.5,16.5,19.5,17.1,16.0,16.5
栗東,20260905,土,4:48,アートレスマインド,,牡,4,900,坂口智康,67.8,49.7,32.8,16.5,18.1,16.9,16.3,16.5
栗東,20260905,土,4:48,コト,,牝,5,1500,野中賢二,71.5,51.0,33.5,16.9,20.5,17.5,16.6,16.9
栗東,20260905,土,4:48,ストロベリーツリー,,牝,3,400,中内田充,71.3,51.6,33.6,16.9,19.7,18.0,16.7,16.9
栗東,20260905,土,4:48,ダノンエポナ,,牝,2,未登録,,70.3,51.6,33.4,16.7,18.7,18.2,16.7,16.7
栗東,20260905,土,4:48,ファーストステイト,,牝,2,未出走,坂口智康,67.5,49.4,32.4,16.3,18.1,17.0,16.1,16.3
栗東,20260905,土,4:48,ブルーノート,,牡,7,900,梅田智之,72.1,51.6,33.4,16.8,20.5,18.2,16.6,16.8
栗東,20260905,土,4:48,ホシヲミテルンナ,,牡,2,0,大根田裕,62.7,46.6,30.3,15.2,16.1,16.3,15.1,15.2
栗東,20260905,土,4:48,ホワイトパンサー,,牝,2,未出走,野中賢二,68.7,50.2,33.2,16.9,18.5,17.0,16.3,16.9
栗東,20260905,土,4:49,ステラスプレンダー,,牝,5,900,石坂公一,67.2,49.0,31.9,15.8,18.2,17.1,16.1,15.8
栗東,20260905,土,4:49,タイセイディアマン,,牡,4,900,大橋勇樹,69.6,51.4,34.1,17.2,18.2,17.3,16.9,17.2
栗東,20260905,土,4:49,タマモフリージア,,牝,3,3400,大橋勇樹,69.9,50.1,33.1,16.4,19.8,17.0,16.7,16.4
栗東,20260905,土,4:49,タマモブラックタイ,,牡,6,4100,角田晃一,67.6,48.6,31.2,14.8,19.0,17.4,16.4,14.8
栗東,20260905,土,4:49,マゲバスピード,,牡,3,400,藤原英昭,66.1,48.8,31.8,15.3,17.3,17.0,16.5,15.3
栗東,20260905,土,4:49,メイショウシガニー,,牝,2,未出走,角田晃一,66.9,48.9,32.1,15.6,18.0,16.8,16.5,15.6
栗東,20260905,土,4:49,ラグナトーレ,,牝,4,80,角田晃一,67.7,49.6,32.7,16.0,18.1,16.9,16.7,16.0
栗東,20260905,土,4:49,ヴァンドゥーヴル,,牡,3,0,石坂公一,67.0,48.9,32.1,15.7,18.1,16.8,16.4,15.7
栗東,20260905,土,4:50,イスラアネーロ,,牡,7,3600,吉村圭司,66.4,48.2,30.8,14.9,18.2,17.4,15.9,14.9
栗東,20260905,土,4:50,オーシンエス,,牡,4,400,宮徹,72.8,53.2,35.6,17.9,19.6,17.6,17.7,17.9
栗東,20260905,土,4:50,ガールズデイアウト,,牝,4,400,吉村圭司,68.5,50.0,32.5,16.1,18.5,17.5,16.4,16.1
栗東,20260905,土,4:50,キミアドーネ,,牡,2,未出走,吉村圭司,66.9,48.8,31.2,14.7,18.1,17.6,16.5,14.7
栗東,20260905,土,4:50,コロナドブリッジ,,牡,3,900,庄野靖志,69.4,50.9,33.3,16.6,18.5,17.6,16.7,16.6
栗東,20260905,土,4:50,サヴォアフェール,,牡,3,1500,杉山晴紀,66.2,48.3,30.8,15.9,17.9,17.5,14.9,15.9
栗東,20260905,土,4:50,スリーアイアトラス,,牡,2,未登録,,67.7,49.5,32.1,15.2,18.2,17.4,16.9,15.2
栗東,20260905,土,4:50,ゼットリアン,,牡,6,3600,吉田直弘,73.8,53.6,35.7,17.7,20.2,17.9,18.0,17.7
栗東,20260905,土,4:50,タントスペランツァ,,牝,2,未登録,,68.6,49.7,32.9,16.3,18.9,16.8,16.6,16.3
栗東,20260905,土,4:50,ニシノエビガタメ,,牡,3,0,吉村圭司,67.1,48.7,31.2,15.6,18.4,17.5,15.6,15.6
栗東,20260905,土,4:50,ブラッドバローズ,,牡,2,未出走,杉山晴紀,73.4,53.0,35.2,17.5,20.4,17.8,17.7,17.5
栗東,20260905,土,4:50,ベルウッドワタル,,牡,2,未出走,杉山晴紀,75.1,53.6,35.0,17.5,21.5,18.6,17.5,17.5
栗東,20260905,土,4:51,エルトンバローズ,,牡,6,11900,杉山晴紀,70.7,51.8,33.9,16.8,18.9,17.9,17.1,16.8
栗東,20260905,土,4:51,ステライヴ,,牝,3,400,杉山晴紀,69.6,50.0,32.4,16.0,19.6,17.6,16.4,16.0
栗東,20260905,土,4:51,ロブチェン,,牡,3,28900,杉山晴紀,71.3,51.3,32.9,15.9,20.0,18.4,17.0,15.9
栗東,20260905,土,4:52,マルモリムソウ,,牡,2,400,大橋勇樹,75.6,56.3,36.9,18.2,19.3,19.4,18.7,18.2
栗東,20260905,土,4:52,ミランド,,牡,3,400,小林真也,66.0,47.7,31.7,16.0,18.3,16.0,15.7,16.0
栗東,20260905,土,4:52,メイショウノゾミ,,牝,2,未出走,本田優,73.8,54.5,36.1,17.9,19.3,18.4,18.2,17.9
栗東,20260905,土,4:52,メイショウラリマー,,牡,2,未出走,本田優,72.6,53.7,35.8,18.2,18.9,17.9,17.6,18.2
栗東,20260905,土,4:52,リバティユニバンス,,牡,2,未出走,小林真也,66.3,48.5,32.2,15.9,17.8,16.3,16.3,15.9
栗東,20260905,土,4:53,アスミル,,牡,3,1500,本田優,73.2,52.2,34.1,16.7,21.0,18.1,17.4,16.7
栗東,20260905,土,4:53,ウォータークラーク,,牡,4,1500,石橋守,71.7,52.8,34.8,17.0,18.9,18.0,17.8,17.0
栗東,20260905,土,4:53,カーリキュー,,牝,3,900,高橋一哉,68.7,50.9,33.7,17.2,17.8,17.2,16.5,17.2
栗東,20260905,土,4:53,クリノライジング,,牝,2,0,大橋勇樹,75.3,53.4,35.6,17.2,21.9,17.8,18.4,17.2
栗東,20260905,土,4:53,ダイシンドラゴン,,牡,2,400,高橋一哉,71.2,51.2,33.2,17.0,20.0,18.0,16.2,17.0
栗東,20260905,土,4:53,メイショウジェード,,牡,2,0,本田優,70.6,51.8,34.4,17.6,18.8,17.4,16.8,17.6
栗東,20260905,土,4:53,ランスオブナイト,,牡,2,未出走,本田優,71.9,52.0,34.6,17.4,19.9,17.4,17.2,17.4
栗東,20260905,土,4:53,ロードフローリス,,牡,2,0,小椋研介,70.7,52.2,35.1,17.3,18.5,17.1,17.8,17.3
栗東,20260905,土,4:54,サウンドエフォート,,牡,2,0,安達昭夫,59.9,43.4,27.6,13.7,16.5,15.8,13.9,13.7
栗東,20260905,土,4:54,サンライズオスカー,,牡,3,400,石坂公一,67.9,49.3,31.5,15.6,18.6,17.8,15.9,15.6
栗東,20260905,土,4:54,シャインラブ,,牝,2,0,井上智史,66.2,49.1,32.9,16.5,17.1,16.2,16.4,16.5
栗東,20260905,土,4:54,スナークピカソ,,牡,4,900,高橋一哉,64.4,47.6,31.7,15.6,16.8,15.9,16.1,15.6
栗東,20260905,土,4:54,ダイシンレアレア,,牡,4,400,高橋一哉,67.4,49.7,32.7,16.1,17.7,17.0,16.6,16.1
栗東,20260905,土,4:54,ダンスコマンド,,牡,2,0,高橋一哉,68.8,50.3,33.4,16.6,18.5,16.9,16.8,16.6
栗東,20260905,土,4:54,ノボリリア,,牝,4,900,石橋守,67.1,49.5,33.1,16.4,17.6,16.4,16.7,16.4
栗東,20260905,土,4:54,フェミナンジェンヌ,,牝,3,400,高橋一哉,68.7,50.6,33.6,16.6,18.1,17.0,17.0,16.6
栗東,20260905,土,4:54,マイフレダ,,牝,2,0,井上智史,69.0,50.5,34.2,17.5,18.5,16.3,16.7,17.5
栗東,20260905,土,4:54,リアンマヒナ,,牡,3,400,高橋一哉,69.6,50.7,32.8,16.4,18.9,17.9,16.4,16.4
栗東,20260905,土,4:54,ルクスコスモス,,牝,4,200,高橋一哉,68.5,49.5,32.2,16.0,19.0,17.3,16.2,16.0
栗東,20260905,土,4:54,レイデアルマス,,牡,2,0,杉山佳明,66.0,46.9,31.1,15.6,19.1,15.8,15.5,15.6
栗東,20260905,土,4:55,エバイダンス,,牝,3,0,鈴木孝志,69.1,50.6,32.8,15.9,18.5,17.8,16.9,15.9
栗東,20260905,土,4:55,オオキニ,,セ,7,900,鈴木孝志,68.8,49.7,32.9,16.2,19.1,16.8,16.7,16.2
栗東,20260905,土,4:55,グランディマージュ,,牡,3,400,鈴木孝志,69.6,50.8,32.7,16.2,18.8,18.1,16.5,16.2
栗東,20260905,土,4:55,ズバットマサムネ,,セ,5,900,杉山佳明,66.2,46.6,29.8,15.0,19.6,16.8,14.8,15.0
栗東,20260905,土,4:55,テイエムヒショウ,,牡,6,1430,浜田多実,74.1,53.5,34.6,17.0,20.6,18.9,17.6,17.0
栗東,20260905,土,4:55,ナイスウーマン,,牝,2,未出走,鈴木孝志,69.1,50.8,32.9,15.9,18.3,17.9,17.0,15.9
栗東,20260905,土,4:55,ヒメモモアスク,,牝,4,400,野中賢二,68.5,50.2,33.5,16.6,18.3,16.7,16.9,16.6
栗東,20260905,土,4:55,ヘクラ,,牝,2,未登録,,70.4,51.7,34.2,16.6,18.7,17.5,17.6,16.6
栗東,20260905,土,4:55,ベルサ,,牝,4,400,鈴木孝志,67.7,48.8,32.5,15.8,18.9,16.3,16.7,15.8
栗東,20260905,土,4:55,マクノス,,牝,3,400,鈴木孝志,68.5,49.2,32.5,15.9,19.3,16.7,16.6,15.9
栗東,20260905,土,4:55,メイショウソウテン,,牡,3,400,鈴木孝志,70.8,52.0,33.5,16.4,18.8,18.5,17.1,16.4
栗東,20260905,土,4:55,メイショウドライブ,,牝,4,900,鈴木孝志,71.4,51.9,33.9,16.9,19.5,18.0,17.0,16.9
栗東,20260905,土,4:55,リアンフィニ,,牝,2,0,野中賢二,67.9,50.3,33.6,16.8,17.6,16.7,16.8,16.8
栗東,20260905,土,4:56,スマートプリエール,,牝,3,2300,大久保龍,67.1,48.3,31.7,15.9,18.8,16.6,15.8,15.9
栗東,20260905,土,4:56,セイウンハーデス,,牡,7,7650,橋口慎介,67.0,48.6,32.5,16.0,18.4,16.1,16.5,16.0
栗東,20260905,土,4:56,タマモビバーチェ,,牡,2,未出走,井上智史,76.7,55.2,37.3,18.3,21.5,17.9,19.0,18.3
栗東,20260905,土,4:57,アバットゥータ,,牡,4,0,中竹和也,73.1,53.9,35.8,18.3,19.2,18.1,17.5,18.3
栗東,20260905,土,4:57,アルピグレン,,牡,2,未出走,吉岡辰弥,53.6,39.7,26.9,14.0,13.9,12.8,12.9,14.0
栗東,20260905,土,4:57,インユアスカイ,,牡,2,未出走,吉岡辰弥,53.3,39.7,26.8,13.9,13.6,12.9,12.9,13.9
栗東,20260905,土,4:57,カズミクラーシュ,,牡,5,2400,吉岡辰弥,56.2,41.6,26.6,12.6,14.6,15.0,14.0,12.6
栗東,20260905,土,4:57,コンクイスタ,,セ,6,4480,吉岡辰弥,54.2,38.7,24.6,12.3,15.5,14.1,12.3,12.3
栗東,20260905,土,4:57,ザラタン,,牝,4,400,中竹和也,69.9,50.9,33.3,16.5,19.0,17.6,16.8,16.5
栗東,20260905,土,4:57,ジーティーサクラ,,牝,2,400,吉岡辰弥,52.9,39.2,25.9,12.6,13.7,13.3,13.3,12.6
栗東,20260905,土,4:57,ライラ,,牝,4,900,吉岡辰弥,54.0,38.7,24.8,12.5,15.3,13.9,12.3,12.5
栗東,20260905,土,4:58,アスクガンバーレ,,牡,4,400,福永祐一,66.7,48.4,31.9,15.8,18.3,16.5,16.1,15.8
栗東,20260905,土,4:58,アリストクラシア,,牝,5,400,吉岡辰弥,70.0,49.9,33.3,16.9,20.1,16.6,16.4,16.9
栗東,20260905,土,4:58,エコロレーヴ,,牡,3,2320,森秀行,60.8,44.8,30.1,15.8,16.0,14.7,14.3,15.8
栗東,20260905,土,4:58,エターナルバラード,,牝,2,未出走,武幸四郎,67.3,49.6,32.6,16.4,17.7,17.0,16.2,16.4
栗東,20260905,土,4:58,エッセンシャルサン,,牡,2,未出走,牧浦充徳,74.2,54.7,36.4,17.8,19.5,18.3,18.6,17.8
栗東,20260905,土,4:58,オプティモ,,牡,3,400,緒方努,65.6,47.4,31.4,15.2,18.2,16.0,16.2,15.2
栗東,20260905,土,4:58,クリスレグナム,,牝,2,未出走,牧浦充徳,75.8,56.1,36.9,18.0,19.7,19.2,18.9,18.0
栗東,20260905,土,4:58,コジオスコ,,牡,4,0,武幸四郎,66.7,47.9,31.6,15.4,18.8,16.3,16.2,15.4
栗東,20260905,土,4:58,コズミックダンサー,,牡,4,900,橋田宜長,72.7,53.5,35.7,17.9,19.2,17.8,17.8,17.9
栗東,20260905,土,4:58,コトテーラー,,牝,2,0,緒方努,66.0,47.6,31.4,15.2,18.4,16.2,16.2,15.2
栗東,20260905,土,4:58,ドゥラエテルノ,,牡,4,900,武幸四郎,64.7,47.3,30.9,15.5,17.4,16.4,15.4,15.5
栗東,20260905,土,4:58,ブレイクガール,,牝,2,0,武幸四郎,67.0,49.0,32.0,15.9,18.0,17.0,16.1,15.9
栗東,20260905,土,4:58,ミリタリータトゥー,,牝,3,900,藤岡健一,67.5,50.0,33.1,16.8,17.5,16.9,16.3,16.8
栗東,20260905,土,4:58,ロードガレリア,,牡,4,1500,藤岡健一,65.5,48.6,32.3,16.0,16.9,16.3,16.3,16.0
栗東,20260905,土,4:59,インヴォーグ,,牝,4,1500,福永祐一,67.8,49.4,32.9,17.2,18.4,16.5,15.7,17.2
栗東,20260905,土,4:59,エクストラプッシュ,,牡,3,400,奥村豊,68.7,51.3,34.1,17.5,17.4,17.2,16.6,17.5
栗東,20260905,土,4:59,シャイック,,牝,2,未出走,牧浦充徳,71.6,51.6,33.5,17.2,20.0,18.1,16.3,17.2
栗東,20260905,土,4:59,ショウナンバルドル,,セ,4,900,須貝尚介,66.7,48.8,31.2,15.9,17.9,17.6,15.3,15.9
栗東,20260905,土,4:59,ダイヤモンドノット,,牡,3,5750,福永祐一,66.5,49.1,32.3,15.9,17.4,16.8,16.4,15.9
栗東,20260905,土,4:59,テラメリタ,,牝,5,1500,須貝尚介,63.3,45.2,29.8,15.2,18.1,15.4,14.6,15.2
栗東,20260905,土,4:59,テーオーアトラス,,牡,2,未登録,,65.7,47.7,31.5,15.8,18.0,16.2,15.7,15.8
栗東,20260905,土,4:59,テーオータイタン,,牡,2,未登録,,63.6,45.4,29.5,14.9,18.2,15.9,14.6,14.9
栗東,20260905,土,4:59,ハグ,,牡,4,2300,藤岡健一,68.3,50.0,33.5,17.7,18.3,16.5,15.8,17.7
栗東,20260905,土,4:59,パンジャスター,,牝,2,未出走,奥村豊,68.1,50.6,33.4,17.0,17.5,17.2,16.4,17.0
栗東,20260905,土,4:59,ボーントゥウォリア,,牡,3,400,奥村豊,68.4,49.8,32.3,16.1,18.6,17.5,16.2,16.1
栗東,20260905,土,4:59,ヨリノレジェンド,,牡,4,1500,奥村豊,65.5,47.5,30.7,14.7,18.0,16.8,16.0,14.7
栗東,20260905,土,4:59,リアライズステラ,,牡,3,0,須貝尚介,65.2,47.3,30.8,15.5,17.9,16.5,15.3,15.5
栗東,20260905,土,4:59,ルージュプリメーロ,,牝,2,未登録,,62.0,45.4,29.8,15.2,16.6,15.6,14.6,15.2
栗東,20260905,土,4:59,ワイドヴィンクルム,,セ,3,0,奥村豊,70.0,52.0,34.6,17.8,18.0,17.4,16.8,17.8
栗東,20260905,土,5:00,イリフィ,,牝,4,1500,高野友和,70.8,51.1,33.4,16.3,19.7,17.7,17.1,16.3
栗東,20260905,土,5:00,エピドゥブレ,,牡,2,未出走,高野友和,74.4,54.7,36.2,18.5,19.7,18.5,17.7,18.5
栗東,20260905,土,5:00,エレガンスアスク,,牝,3,400,田中克典,68.5,49.8,33.0,16.6,18.7,16.8,16.4,16.6
栗東,20260905,土,5:00,ココロヅヨサ,,牡,3,400,田中克典,68.4,50.1,33.1,16.1,18.3,17.0,17.0,16.1
栗東,20260905,土,5:00,ゴールドコット,,牡,3,400,田中克典,68.5,50.4,33.2,16.5,18.1,17.2,16.7,16.5
栗東,20260905,土,5:00,ショウナンバトレニ,,牡,2,0,高野友和,69.7,50.6,33.4,16.5,19.1,17.2,16.9,16.5
栗東,20260905,土,5:00,ジャスパートレノ,,牡,2,400,森秀行,69.1,51.3,33.9,17.1,17.8,17.4,16.8,17.1
栗東,20260905,土,5:00,ジーティーギャング,,牡,2,未出走,福永祐一,72.5,53.2,35.3,17.8,19.3,17.9,17.5,17.8
栗東,20260905,土,5:00,セキゾウ,,牡,3,0,田中克典,67.1,49.7,32.8,16.3,17.4,16.9,16.5,16.3
栗東,20260905,土,5:00,ダンデノン,,牝,3,400,田中克典,68.4,50.2,33.4,16.5,18.2,16.8,16.9,16.5
栗東,20260905,土,5:00,チューラワンサ,,牝,4,1500,高野友和,71.8,52.5,34.4,16.9,19.3,18.1,17.5,16.9
栗東,20260905,土,5:00,ハニーベル,,牝,2,未出走,高野友和,71.8,52.0,34.0,16.4,19.8,18.0,17.6,16.4
栗東,20260905,土,5:00,ピコキング,,牡,2,0,森秀行,71.3,53.4,35.6,18.3,17.9,17.8,17.3,18.3
栗東,20260905,土,5:00,プリンキピッサ,,牝,2,0,高野友和,70.8,51.0,33.5,16.5,19.8,17.5,17.0,16.5
栗東,20260905,土,5:01,イダテンシャチョウ,,牡,3,400,森秀行,65.9,49.4,33.6,17.4,16.5,15.8,16.2,17.4
栗東,20260905,土,5:01,イーブンベター,,牝,4,400,牧浦充徳,78.4,57.2,36.6,17.5,21.2,20.6,19.1,17.5
栗東,20260905,土,5:01,オーナイロマンシー,,牝,2,未出走,西園翔太,68.2,49.4,32.3,16.2,18.8,17.1,16.1,16.2
栗東,20260905,土,5:01,クレセンティア,,牝,2,未出走,田中克典,71.5,52.5,35.4,18.3,19.0,17.1,17.1,18.3
栗東,20260905,土,5:01,ココマーメイド,,牝,2,未出走,田中克典,72.0,52.4,35.2,18.2,19.6,17.2,17.0,18.2
栗東,20260905,土,5:01,パンプルネル,,牡,2,未出走,斉藤崇史,68.4,49.8,33.1,16.2,18.6,16.7,16.9,16.2
栗東,20260905,土,5:01,フェイト,,牡,6,900,福永祐一,68.5,49.0,31.7,15.3,19.5,17.3,16.4,15.3
栗東,20260905,土,5:01,フェルシナ,,牝,4,400,西園翔太,67.5,49.6,32.4,15.9,17.9,17.2,16.5,15.9
栗東,20260905,土,5:01,ブレイズリー,,牡,2,未出走,西園翔太,71.7,52.4,34.9,17.0,19.3,17.5,17.9,17.0
栗東,20260905,土,5:01,プールナバドラ,,牡,3,400,森秀行,65.9,48.7,33.1,16.9,17.2,15.6,16.2,16.9
栗東,20260905,土,5:01,ポエジア,,牝,2,未出走,西園翔太,68.3,49.5,32.4,16.4,18.8,17.1,16.0,16.4
栗東,20260905,土,5:01,ヤマニンサンパ,,牡,8,3200,斉藤崇史,68.0,49.7,33.3,16.5,18.3,16.4,16.8,16.5
栗東,20260905,土,5:01,ヤマニンシュラ,,牡,4,1500,斉藤崇史,68.3,49.8,33.1,16.3,18.5,16.7,16.8,16.3
栗東,20260905,土,5:01,ラプチュラス,,牝,2,未出走,西園翔太,70.2,51.6,34.4,17.0,18.6,17.2,17.4,17.0
栗東,20260905,土,5:01,レガシーマインド,,牡,2,未出走,西園翔太,71.7,52.3,34.9,16.2,19.4,17.4,18.7,16.2
栗東,20260905,土,5:02,イクオクコウネン,,セ,3,0,斉藤崇史,69.8,50.1,32.2,15.3,19.7,17.9,16.9,15.3
栗東,20260905,土,5:02,ガリアルダ,,牝,2,0,上村洋行,64.2,46.5,30.6,15.4,17.7,15.9,15.2,15.4
栗東,20260905,土,5:02,ゴールデンステーラ,,牡,2,未出走,本田優,72.7,53.4,35.4,17.6,19.3,18.0,17.8,17.6
栗東,20260905,土,5:02,ゴールドシューター,,牡,2,0,加藤公太,73.0,54.2,36.0,18.0,18.8,18.2,18.0,18.0
栗東,20260905,土,5:02,ベヒル,,セ,2,未出走,加藤公太,73.2,53.6,35.1,16.8,19.6,18.5,18.3,16.8
栗東,20260905,土,5:02,ポートデラメール,,牝,4,900,斉藤崇史,69.6,50.2,32.3,15.4,19.4,17.9,16.9,15.4
栗東,20260905,土,5:02,モンローウォーク,,牝,3,1500,上村洋行,69.2,49.7,31.5,15.2,19.5,18.2,16.3,15.2
栗東,20260905,土,5:02,ラグーナロサ,,牝,2,未出走,上村洋行,64.2,47.2,31.3,15.4,17.0,15.9,15.9,15.4
栗東,20260905,土,5:02,ルパドゥクール,,牝,2,未出走,上村洋行,63.8,45.2,29.3,14.5,18.6,15.9,14.8,14.5
栗東,20260905,土,5:03,グランヴィノス,,牡,6,3250,友道康夫,67.7,49.2,32.0,15.7,18.5,17.2,16.3,15.7
栗東,20260905,土,5:03,シーミハットク,,牡,3,900,寺島良,67.7,48.1,31.0,15.3,19.6,17.1,15.7,15.3
栗東,20260905,土,5:03,テンダーワーズ,,牝,3,0,中尾秀正,66.7,49.4,32.9,16.4,17.3,16.5,16.5,16.4
栗東,20260905,土,5:03,ヴィルマリー,,牝,2,未登録,,68.0,49.8,33.2,16.3,18.2,16.6,16.9,16.3
栗東,20260905,土,5:03,ｺｺｼｭﾆｯｸの24,,牝,2,未登録,,69.4,50.8,33.6,17.1,18.6,17.2,16.5,17.1
栗東,20260905,土,5:04,アドマイヤモカ,,牝,2,未出走,友道康夫,63.1,46.1,30.4,15.3,17.0,15.7,15.1,15.3
栗東,20260905,土,5:04,エムズビギン,,牡,3,1200,友道康夫,64.0,46.5,30.3,14.9,17.5,16.2,15.4,14.9
栗東,20260905,土,5:04,オーシンエス,,牡,4,400,宮徹,67.9,49.4,32.2,15.8,18.5,17.2,16.4,15.8
栗東,20260905,土,5:04,ダノンカゼルタ,,セ,4,900,寺島良,66.3,48.8,31.6,15.4,17.5,17.2,16.2,15.4
栗東,20260905,土,5:04,ハナコトバ,,牝,3,0,寺島良,66.3,48.4,32.0,15.8,17.9,16.4,16.2,15.8
栗東,20260905,土,5:04,バックドラフト,,牡,3,0,友道康夫,68.4,49.2,31.9,16.1,19.2,17.3,15.8,16.1
栗東,20260905,土,5:04,マジョレルブルー,,牡,3,900,友道康夫,68.9,50.3,32.9,16.4,18.6,17.4,16.5,16.4
栗東,20260905,土,5:04,ルージュスタニング,,牝,5,2400,友道康夫,70.6,51.7,34.2,16.9,18.9,17.5,17.3,16.9
栗東,20260905,土,5:05,イルドボーテ,,牝,2,未出走,寺島良,67.1,48.2,30.6,14.9,18.9,17.6,15.7,14.9
栗東,20260905,土,5:05,ギュルヴィ,,牡,4,2400,大久保龍,64.5,46.5,30.6,15.1,18.0,15.9,15.5,15.1
栗東,20260905,土,5:05,ジーティーピカソ,,牡,3,0,宮地貴稔,62.0,45.9,30.6,15.2,16.1,15.3,15.4,15.2
栗東,20260905,土,5:05,スナークモネ,,牡,2,未出走,宮地貴稔,64.2,47.3,31.5,16.0,16.9,15.8,15.5,16.0
栗東,20260905,土,5:05,タマモキャリコ,,セ,5,1500,宮地貴稔,64.6,47.3,30.9,15.7,17.3,16.4,15.2,15.7
栗東,20260905,土,5:05,ナチュラルリバー,,牡,6,900,宮地貴稔,66.7,48.4,31.9,16.3,18.3,16.5,15.6,16.3
栗東,20260905,土,5:05,マーノマエストロ,,牡,2,未出走,寺島良,67.5,48.6,32.1,15.6,18.9,16.5,16.5,15.6
栗東,20260905,土,5:05,ミランダスマイル,,牝,2,未出走,寺島良,66.9,49.4,31.7,15.7,17.5,17.7,16.0,15.7
栗東,20260905,土,5:05,リオンサーガ,,牡,3,400,宮地貴稔,65.5,47.6,31.7,16.1,17.9,15.9,15.6,16.1
栗東,20260905,土,5:06,アメリカンコール,,牡,3,400,武幸四郎,69.2,51.5,34.1,16.5,17.7,17.4,17.6,16.5
栗東,20260905,土,5:06,タガノデュード,,牡,5,4550,宮徹,75.7,54.0,34.8,17.1,21.7,19.2,17.7,17.1
栗東,20260905,土,5:06,パルフェクシオン,,牝,2,0,大久保龍,69.1,50.5,33.7,17.0,18.6,16.8,16.7,17.0
栗東,20260905,土,5:06,ミッキーロビン,,牡,3,0,大久保龍,67.6,49.2,32.5,16.0,18.4,16.7,16.5,16.0
栗東,20260905,土,5:07,ジュンキング,,牡,2,未出走,友道康夫,65.4,49.3,32.6,16.5,16.1,16.7,16.1,16.5
栗東,20260905,土,5:07,ベトルス,,セ,5,1500,友道康夫,66.0,49.1,32.2,16.3,16.9,16.9,15.9,16.3
栗東,20260905,土,5:07,メイショウソウハ,,牡,2,未登録,,65.1,48.1,32.5,16.1,17.0,15.6,16.4,16.1
栗東,20260905,土,5:08,アサクサグレース,,牝,4,1500,加藤公太,63.6,46.8,30.9,15.5,16.8,15.9,15.4,15.5
栗東,20260905,土,5:08,キミチャン,,牝,2,未出走,加藤公太,65.7,48.1,31.6,15.5,17.6,16.5,16.1,15.5
栗東,20260905,土,5:08,コマチチャン,,牝,3,400,小椋研介,67.8,49.3,32.1,15.9,18.5,17.2,16.2,15.9
栗東,20260905,土,5:08,タイセイバウンス,,セ,3,0,高橋義忠,71.6,52.7,35.1,17.8,18.9,17.6,17.3,17.8
栗東,20260905,土,5:08,フェイマスウルフ,,牡,2,未登録,,66.8,49.3,33.4,16.6,17.5,15.9,16.8,16.6
栗東,20260905,土,5:08,ペイシャシス,,牝,3,400,加藤公太,65.9,48.1,32.0,15.6,17.8,16.1,16.4,15.6
栗東,20260905,土,5:08,モーデン,,牡,8,1590,加藤公太,65.6,48.3,31.7,15.7,17.3,16.6,16.0,15.7
栗東,20260905,土,5:08,ロマリア,,牝,2,未出走,高橋義忠,80.9,59.0,39.0,20.2,21.9,20.0,18.8,20.2
栗東,20260905,土,5:10,カイラーサ,,セ,3,400,河嶋宏樹,66.6,48.6,31.8,16.3,18.0,16.8,15.5,16.3
栗東,20260905,土,5:10,トーアライデン,,牡,6,1500,河嶋宏樹,66.9,49.4,33.0,16.7,17.5,16.4,16.3,16.7
栗東,20260905,土,5:10,ドラギニャン,,牡,4,0,河嶋宏樹,66.3,48.9,31.9,16.0,17.4,17.0,15.9,16.0
栗東,20260905,土,5:10,ハードシングス,,牡,3,400,小崎憲,64.6,48.3,31.8,16.0,16.3,16.5,15.8,16.0
栗東,20260905,土,5:10,ムーランオランジュ,,牡,3,400,小崎憲,68.5,49.5,32.3,16.0,19.0,17.2,16.3,16.0
栗東,20260905,土,5:10,ロクメイカン,,牡,2,0,小崎憲,65.7,48.1,32.1,15.7,17.6,16.0,16.4,15.7
栗東,20260905,土,5:10,ヴァーヴイレヴン,,牡,2,0,小崎憲,66.6,48.9,31.5,15.8,17.7,17.4,15.7,15.8
栗東,20260905,土,5:11,エッセンシャルサン,,牡,2,未出走,牧浦充徳,66.1,49.0,32.2,15.9,17.1,16.8,16.3,15.9
栗東,20260905,土,5:11,オージーブラック,,牝,2,未出走,畑端省吾,74.7,54.1,34.7,16.6,20.6,19.4,18.1,16.6
栗東,20260905,土,5:11,クリスレグナム,,牝,2,未出走,牧浦充徳,67.8,50.1,32.7,16.1,17.7,17.4,16.6,16.1
栗東,20260905,土,5:11,シアワセニナリタイ,,牝,2,未登録,,75.1,54.5,35.3,16.9,20.6,19.2,18.4,16.9
栗東,20260905,土,5:11,シーザットガール,,牝,2,未出走,畑端省吾,72.7,53.6,34.9,17.2,19.1,18.7,17.7,17.2
栗東,20260905,土,5:11,スイートモンブラン,,牝,2,未出走,松下武士,66.9,49.2,32.5,16.1,17.7,16.7,16.4,16.1
栗東,20260905,土,5:11,テムバンヴァン,,牝,2,未出走,畑端省吾,73.5,53.2,34.5,16.7,20.3,18.7,17.8,16.7
栗東,20260905,土,5:11,テンハッピー,,牡,2,未出走,河嶋宏樹,74.5,54.2,34.9,17.2,20.3,19.3,17.7,17.2
栗東,20260905,土,5:11,バルミラクル,,牡,4,400,河嶋宏樹,73.1,52.4,33.9,17.3,20.7,18.5,16.6,17.3
栗東,20260905,土,5:11,ビップジーニー,,牡,5,1500,松下武士,63.8,45.9,30.1,15.1,17.9,15.8,15.0,15.1
栗東,20260905,土,5:11,ビップデイジー,,牝,4,2200,松下武士,64.3,46.5,30.5,15.2,17.8,16.0,15.3,15.2
栗東,20260905,土,5:12,ヴェッタフィオーレ,,牝,2,未出走,松下武士,71.7,53.8,36.5,18.9,17.9,17.3,17.6,18.9
栗東,20260905,土,5:13,シャイック,,牝,2,未出走,牧浦充徳,67.4,49.6,32.5,16.3,17.8,17.1,16.2,16.3
栗東,20260905,土,5:14,イーブンベター,,牝,4,400,牧浦充徳,70.5,50.9,32.2,15.6,19.6,18.7,16.6,15.6
栗東,20260905,土,5:14,ショウナンハヤナミ,,牡,3,1600,渡辺薫彦,63.9,46.4,30.8,15.2,17.5,15.6,15.6,15.2
栗東,20260905,土,5:14,テーオーライマン,,牡,4,900,宮徹,69.8,52.0,34.7,17.8,17.8,17.3,16.9,17.8
栗東,20260905,土,5:14,ワンダーシャッフル,,牡,3,0,渡辺薫彦,69.4,49.3,31.5,15.6,20.1,17.8,15.9,15.6
栗東,20260905,土,5:15,アップルペアー,,牝,2,未出走,大根田裕,66.1,48.1,31.7,16.1,18.0,16.4,15.6,16.1
栗東,20260905,土,5:15,オーマイラッキーン,,牝,3,0,高橋康之,71.0,51.3,33.5,16.5,19.7,17.8,17.0,16.5
栗東,20260905,土,5:15,サムハンター,,牡,8,1600,高橋康之,69.5,50.3,33.0,16.0,19.2,17.3,17.0,16.0
栗東,20260905,土,5:15,ヤマカツチャーリー,,牡,2,未出走,大根田裕,67.7,49.8,33.3,16.8,17.9,16.5,16.5,16.8
栗東,20260905,土,5:16,アプリコットスカイ,,牝,2,未出走,大根田裕,68.4,49.7,32.5,16.1,18.7,17.2,16.4,16.1
栗東,20260905,土,5:16,ケイアイマウンガ,,牡,4,180,宮本博,71.2,50.4,32.6,16.1,20.8,17.8,16.5,16.1
栗東,20260905,土,5:16,ゴールデンドラゴン,,牡,3,0,宮本博,71.6,52.7,34.6,16.9,18.9,18.1,17.7,16.9
栗東,20260905,土,5:18,コスモクレアシオン,,牝,2,未出走,宮徹,67.6,49.5,32.5,16.3,18.1,17.0,16.2,16.3
栗東,20260905,土,5:18,シャイフ,,牡,4,1500,安田翔伍,73.0,52.6,34.5,17.4,20.4,18.1,17.1,17.4
栗東,20260905,土,5:18,プリティランサー,,牝,2,未登録,,67.8,49.4,32.0,16.3,18.4,17.4,15.7,16.3
栗東,20260905,土,5:18,ホウオウスカイハイ,,牡,3,0,宮徹,68.6,50.0,33.0,16.5,18.6,17.0,16.5,16.5
栗東,20260905,土,5:18,リボンインザスカイ,,牝,3,0,安田翔伍,71.0,52.6,34.3,17.2,18.4,18.3,17.1,17.2
栗東,20260905,土,5:19,フルドフォルク,,牡,3,0,庄野靖志,66.6,48.8,31.8,16.0,17.8,17.0,15.8,16.0
栗東,20260905,土,5:19,メイショウペイト,,牡,3,400,梅田智之,69.2,50.6,33.3,16.4,18.6,17.3,16.9,16.4
栗東,20260905,土,5:20,アスクドゥポルテ,,牡,6,2400,梅田智之,70.9,49.8,31.6,15.1,21.1,18.2,16.5,15.1
栗東,20260905,土,5:20,サウンドモリアーナ,,牝,4,5750,武英智,70.8,51.4,33.4,16.2,19.4,18.0,17.2,16.2
栗東,20260905,土,5:20,ジューンテイク,,牡,5,7800,武英智,54.7,38.9,25.1,12.6,15.8,13.8,12.5,12.6
栗東,20260905,土,5:20,ビスケットアソート,,牡,3,400,武英智,55.1,39.3,25.2,12.6,15.8,14.1,12.6,12.6
栗東,20260905,土,5:21,コムアンエクレール,,牝,2,未出走,大根田裕,68.5,51.4,34.5,17.4,17.1,16.9,17.1,17.4
栗東,20260905,土,5:22,タガノクレーキング,,牡,2,未出走,宮徹,74.5,55.1,36.7,18.4,19.4,18.4,18.3,18.4
栗東,20260905,土,5:22,テーオーギフテッド,,牡,2,未出走,宮徹,75.0,54.4,35.5,18.2,20.6,18.9,17.3,18.2
栗東,20260905,土,5:24,スマートクラビ,,牡,4,400,中村直也,68.0,49.6,33.2,16.4,18.4,16.4,16.8,16.4
栗東,20260905,土,5:24,トリオハピネス,,牡,2,未出走,佐藤悠太,66.7,48.7,32.0,15.7,18.0,16.7,16.3,15.7
栗東,20260905,土,5:24,ナオミガサイキョウ,,牝,2,0,佐藤悠太,65.5,47.7,31.4,15.7,17.8,16.3,15.7,15.7
栗東,20260905,土,5:24,ニドヅケキンシ,,牡,2,0,佐藤悠太,69.8,51.3,32.7,16.4,18.5,18.6,16.3,16.4
栗東,20260905,土,5:24,ノーランサンライズ,,牝,4,1500,佐藤悠太,66.5,49.9,32.2,16.3,16.6,17.7,15.9,16.3
栗東,20260905,土,5:24,バークシャーシチー,,牡,3,400,牧田和弥,67.0,49.1,32.0,15.8,17.9,17.1,16.2,15.8
栗東,20260905,土,5:24,マッセート,,牝,2,0,佐藤悠太,63.3,45.8,29.4,14.5,17.5,16.4,14.9,14.5
栗東,20260905,土,5:24,ロードクロンヌ,,牡,5,9350,四位洋文,67.0,48.5,32.0,16.6,18.5,16.5,15.4,16.6
栗東,20260905,土,5:25,グリミスティ,,牝,3,0,森田直行,69.7,51.5,34.0,16.5,18.2,17.5,17.5,16.5
栗東,20260905,土,5:25,スエヒロビリーブ,,牡,2,未出走,四位洋文,68.9,50.6,34.1,17.1,18.3,16.5,17.0,17.1
栗東,20260905,土,5:25,ソルトサンデー,,牡,2,未出走,四位洋文,66.8,49.8,33.2,16.4,17.0,16.6,16.8,16.4
栗東,20260905,土,5:25,ディープリメンバー,,牡,2,未出走,四位洋文,69.6,51.6,34.4,16.9,18.0,17.2,17.5,16.9
栗東,20260905,土,5:25,パスコード,,牝,4,400,高柳大輔,72.7,52.0,34.3,17.2,20.7,17.7,17.1,17.2
栗東,20260905,土,5:25,フィールライクユー,,牝,3,0,森田直行,69.0,51.1,33.7,17.0,17.9,17.4,16.7,17.0
栗東,20260905,土,5:25,ラッキーストーン,,牡,3,0,高柳大輔,71.4,52.1,34.8,17.7,19.3,17.3,17.1,17.7
栗東,20260905,土,5:25,レガリアフォリア,,牡,2,未出走,四位洋文,66.1,48.4,31.7,15.6,17.7,16.7,16.1,15.6
栗東,20260905,土,5:25,ロゼブレイズ,,牡,2,未登録,,70.8,51.3,33.7,17.0,19.5,17.6,16.7,17.0
栗東,20260905,土,5:26,ウィテカービート,,牡,4,400,昆貢,69.6,51.7,34.3,17.0,17.9,17.4,17.3,17.0
栗東,20260905,土,5:26,エイシンインアウト,,牡,3,900,中尾秀正,66.5,48.6,31.5,15.6,17.9,17.1,15.9,15.6
栗東,20260905,土,5:26,キタノゲラン,,牡,2,未出走,羽月友彦,68.3,50.4,33.5,16.6,17.9,16.9,16.9,16.6
栗東,20260905,土,5:26,チョウサクラ,,牝,2,未出走,羽月友彦,69.4,50.7,33.1,16.0,18.7,17.6,17.1,16.0
栗東,20260905,土,5:26,ランウインディ,,牝,5,1500,中尾秀正,67.3,50.1,33.1,16.4,17.2,17.0,16.7,16.4
栗東,20260905,土,5:26,リバティサンライズ,,牝,2,未登録,,69.9,50.2,32.7,15.8,19.7,17.5,16.9,15.8
栗東,20260905,土,5:27,アロマフェリス,,牝,4,500,辻野泰之,67.1,48.3,31.5,15.6,18.8,16.8,15.9,15.6
栗東,20260905,土,5:27,ジーティーハルカゼ,,牝,2,0,辻野泰之,67.5,48.9,31.9,15.8,18.6,17.0,16.1,15.8
栗東,20260905,土,5:28,フラッシングルビー,,牝,2,0,辻野泰之,70.6,52.1,34.6,17.7,18.5,17.5,16.9,17.7
栗東,20260905,土,5:28,ベルオナチュレル,,牝,2,未登録,,69.8,52.1,34.7,17.5,17.7,17.4,17.2,17.5
栗東,20260905,土,5:28,ルージュラボルタ,,牝,2,未出走,辻野泰之,66.3,48.0,31.4,15.8,18.3,16.6,15.6,15.8
栗東,20260905,土,5:29,セキトバイースト,,牝,5,7550,四位洋文,67.2,49.2,32.4,16.2,18.0,16.8,16.2,16.2
栗東,20260905,土,5:29,ボビーザグレート,,牡,2,0,柴田卓,68.2,48.9,31.9,15.6,19.3,17.0,16.3,15.6
栗東,20260905,土,5:30,サンマルボニータ,,牡,2,未出走,大橋勇樹,77.8,55.8,36.4,18.1,22.0,19.4,18.3,18.1
栗東,20260905,土,5:30,テイケイモエ,,牝,2,未出走,大橋勇樹,78.8,58.4,38.8,19.2,20.4,19.6,19.6,19.2
栗東,20260905,土,5:30,ベルセルク,,牡,2,未出走,森田直行,68.9,51.5,34.8,17.3,17.4,16.7,17.5,17.3
栗東,20260905,土,5:30,メイショウソレイユ,,牡,2,未出走,大橋勇樹,79.2,56.3,36.2,18.0,22.9,20.1,18.2,18.0
栗東,20260905,土,5:30,ヤブサメ,,牡,5,3800,石橋守,73.0,52.6,33.6,16.9,20.4,19.0,16.7,16.9
栗東,20260905,土,5:30,ルディシャ,,牡,4,180,森田直行,69.4,51.6,34.5,17.1,17.8,17.1,17.4,17.1
栗東,20260905,土,5:31,ガビーズブラザー,,牡,4,400,牧田和弥,65.5,47.1,31.1,15.5,18.4,16.0,15.6,15.5
栗東,20260905,土,5:31,キミガスキダ,,牝,3,0,牧田和弥,65.5,48.7,32.7,16.7,16.8,16.0,16.0,16.7
栗東,20260905,土,5:31,ビーアイジーニー,,牡,3,0,牧田和弥,65.6,47.7,31.3,15.5,17.9,16.4,15.8,15.5
栗東,20260905,土,5:32,サイモンザナドゥ,,牡,6,3950,小林真也,66.1,49.0,32.7,16.5,17.1,16.3,16.2,16.5
栗東,20260905,土,5:32,サカトクフェイス,,牡,3,0,今野貞一,66.7,49.5,33.0,16.3,17.2,16.5,16.7,16.3
栗東,20260905,土,5:32,マーゴットフロイデ,,牡,2,未登録,,74.2,54.6,36.2,18.2,19.6,18.4,18.0,18.2
栗東,20260905,土,5:32,マーゴットユーカー,,牝,2,0,小林真也,67.7,49.3,32.4,16.4,18.4,16.9,16.0,16.4
栗東,20260905,土,5:32,ヴィアマーラ,,牡,2,未登録,,73.2,53.2,34.6,17.3,20.0,18.6,17.3,17.3
栗東,20260905,土,5:33,パイオニアスクエア,,牡,4,0,茶木太樹,67.1,48.6,31.5,15.2,18.5,17.1,16.3,15.2
栗東,20260905,土,5:34,アイガーリー,,牡,3,400,秋山真一,75.2,54.3,34.4,16.5,20.9,19.9,17.9,16.5
栗東,20260905,土,5:34,カルプスペルシュ,,牝,4,2400,石坂公一,76.9,57.0,38.1,18.7,19.9,18.9,19.4,18.7
栗東,20260905,土,5:34,ダルマレッド,,牡,2,未出走,秋山真一,75.2,55.4,35.7,17.4,19.8,19.7,18.3,17.4
栗東,20260905,土,5:34,ラガッタレアーレ,,牝,2,0,秋山真一,74.9,55.1,36.0,17.5,19.8,19.1,18.5,17.5
栗東,20260905,土,5:37,レイワノキセキ,,牡,3,0,本田優,71.9,52.3,33.6,16.7,19.6,18.7,16.9,16.7
栗東,20260905,土,5:38,スクールディーヴァ,,牝,2,0,斉藤崇史,66.2,48.3,31.8,16.0,17.9,16.5,15.8,16.0
栗東,20260905,土,5:38,ビゾー,,セ,4,400,斉藤崇史,65.9,48.0,31.4,15.7,17.9,16.6,15.7,15.7
栗東,20260905,土,5:40,アスクメークシェア,,牡,6,400,前川恭子,65.0,47.7,31.9,15.6,17.3,15.8,16.3,15.6
栗東,20260905,土,5:40,カミーロ,,牡,6,1500,石橋守,68.9,50.7,33.7,16.8,18.2,17.0,16.9,16.8
栗東,20260905,土,5:40,グランモンターナ,,牡,2,0,井上智史,66.7,48.7,32.6,16.2,18.0,16.1,16.4,16.2
栗東,20260905,土,5:40,シークレットキー,,牡,5,1500,井上智史,63.2,46.5,30.7,15.3,16.7,15.8,15.4,15.3
栗東,20260905,土,5:41,ノラリクラリ,,牡,4,900,藤岡健一,67.3,48.7,32.3,16.7,18.6,16.4,15.6,16.7
栗東,20260905,土,5:43,エアロクリスタ,,牡,2,0,池添学,67.5,48.8,32.3,16.0,18.7,16.5,16.3,16.0
栗東,20260905,土,5:43,ブルーザー,,牡,3,0,池添学,66.5,49.0,32.1,16.1,17.5,16.9,16.0,16.1
栗東,20260905,土,5:45,TocameLindaの24,,牝,2,未登録,,61.6,44.9,29.9,15.4,16.7,15.0,14.5,15.4
栗東,20260905,土,5:45,アイムアビリーバー,,牝,2,未登録,,61.0,44.6,29.4,15.0,16.4,15.2,14.4,15.0
栗東,20260905,土,5:45,カンソウシタイナ,,牡,2,未登録,,75.1,55.9,37.7,19.1,19.2,18.2,18.6,19.1
栗東,20260905,土,5:45,ドリームキャリー,,牝,3,400,新谷功一,62.4,45.7,30.5,15.4,16.7,15.2,15.1,15.4
栗東,20260905,土,5:46,アスクハイタッチ,,牡,2,未出走,藤原英昭,68.1,49.5,32.4,16.1,18.6,17.1,16.3,16.1
栗東,20260905,土,5:46,エテルノレガーメ,,牡,4,400,野中賢二,69.4,51.5,34.3,17.4,17.9,17.2,16.9,17.4
栗東,20260905,土,5:46,クインズアンジェロ,,牝,2,未出走,野中賢二,71.4,52.7,34.6,17.0,18.7,18.1,17.6,17.0
栗東,20260905,土,5:46,ナイトインチュニス,,牡,2,0,野中賢二,71.7,52.6,34.5,17.1,19.1,18.1,17.4,17.1
栗東,20260905,土,5:46,マテンロウゲイル,,牡,3,2400,野中賢二,68.0,49.7,33.1,16.6,18.3,16.6,16.5,16.6
栗東,20260905,土,5:46,ユウファラオ,,牡,3,1200,森秀行,68.1,50.2,33.7,17.5,17.9,16.5,16.2,17.5
栗東,20260905,土,5:46,レイピカケ,,牝,5,900,野中賢二,70.8,52.3,34.2,16.8,18.5,18.1,17.4,16.8
栗東,20260905,土,5:46,レッドセドナ,,牡,3,0,藤原英昭,65.3,47.4,31.5,15.7,17.9,15.9,15.8,15.7
栗東,20260905,土,5:47,ヴリトラハン,,牡,4,900,千田輝彦,75.7,56.1,37.2,18.9,19.6,18.9,18.3,18.9
栗東,20260905,土,5:48,イミュータブル,,牡,6,1500,浜田多実,72.1,53.8,36.4,18.9,18.3,17.4,17.5,18.9
栗東,20260905,土,5:48,スリラーナイト,,牝,3,400,長谷川浩,59.1,43.6,28.6,13.9,15.5,15.0,14.7,13.9
栗東,20260905,土,5:48,マルカオペラ,,牝,5,900,浜田多実,71.8,52.1,34.1,16.7,19.7,18.0,17.4,16.7
栗東,20260905,土,5:48,ユウトザレン,,牡,4,900,千田輝彦,56.9,41.3,26.9,13.1,15.6,14.4,13.8,13.1
栗東,20260905,土,5:48,ラインピクシー,,牝,4,400,長谷川浩,58.4,43.1,28.6,14.3,15.3,14.5,14.3,14.3
栗東,20260905,土,5:49,アットアブラスト,,セ,6,900,小椋研介,66.5,48.0,31.5,15.5,18.5,16.5,16.0,15.5
栗東,20260905,土,5:49,ソヴァジーヌ,,牝,2,未出走,小椋研介,68.4,49.3,32.1,15.9,19.1,17.2,16.2,15.9
栗東,20260905,土,5:49,タイセイレグノ,,セ,4,400,浜田多実,73.1,52.2,33.3,15.9,20.9,18.9,17.4,15.9
栗東,20260905,土,5:50,ジューンマーチ,,牡,3,0,松下武士,67.1,49.7,33.4,16.8,17.4,16.3,16.6,16.8
栗東,20260905,土,5:50,ドメイン,,牡,3,400,松下武士,68.8,50.9,33.6,16.8,17.9,17.3,16.8,16.8
栗東,20260905,土,5:50,バルセシート,,牡,3,900,松下武士,65.1,47.9,31.7,15.1,17.2,16.2,16.6,15.1
栗東,20260905,土,5:51,ブルーカミング,,牡,4,400,牧浦充徳,72.8,54.1,35.3,18.2,18.7,18.8,17.1,18.2
栗東,20260905,土,5:51,ホールドミーワンス,,牝,3,400,西園翔太,65.2,48.0,31.4,15.6,17.2,16.6,15.8,15.6
栗東,20260905,土,5:51,ロケベンドラ,,牝,4,900,西園翔太,70.6,52.2,34.3,17.2,18.4,17.9,17.1,17.2
栗東,20260905,土,5:52,デルニエジョイ,,牡,3,0,鈴木孝志,64.1,47.0,30.8,15.2,17.1,16.2,15.6,15.2
栗東,20260905,土,5:53,スリリングチェイス,,セ,6,1600,渡辺薫彦,75.8,55.7,36.0,17.7,20.1,19.7,18.3,17.7
栗東,20260905,土,5:53,タガノミスト,,牝,5,6500,渡辺薫彦,66.0,47.7,31.1,15.7,18.3,16.6,15.4,15.7
栗東,20260905,土,5:53,ドラゴンブースト,,牡,4,5950,藤野健太,55.6,40.0,26.2,13.1,15.6,13.8,13.1,13.1
栗東,20260905,土,5:53,ハピ,,牡,7,4800,大久保龍,64.8,46.8,30.6,14.8,18.0,16.2,15.8,14.8
栗東,20260905,土,5:53,ブルームザスマイル,,牝,3,400,鈴木孝志,66.5,49.3,32.5,16.4,17.2,16.8,16.1,16.4
栗東,20260905,土,5:54,コパノキャンペーン,,牡,2,0,渡辺薫彦,73.3,54.7,36.0,18.0,18.6,18.7,18.0,18.0
栗東,20260905,土,5:54,ミヤラティーニ,,牝,3,400,東田明士,64.3,48.2,32.1,16.2,16.1,16.1,15.9,16.2
栗東,20260905,土,5:55,サンライズプルート,,牡,6,900,東田明士,66.6,48.7,32.1,15.9,17.9,16.6,16.2,15.9
栗東,20260905,土,5:55,ツーエムブレード,,牡,2,未出走,東田明士,65.1,48.0,31.7,16.1,17.1,16.3,15.6,16.1
栗東,20260905,土,5:55,ファイナルコマンド,,牡,3,0,東田明士,64.6,47.3,31.2,15.8,17.3,16.1,15.4,15.8
栗東,20260905,土,5:56,ダノンキラウェア,,牡,5,900,中内田充,66.2,49.4,32.0,15.6,16.8,17.4,16.4,15.6
栗東,20260905,土,5:56,ディアーモルタル,,牝,3,0,宮本博,66.9,50.9,34.2,17.1,16.0,16.7,17.1,17.1
栗東,20260905,土,5:56,フレンズプラス,,牝,3,900,宮本博,69.5,51.2,34.2,17.3,18.3,17.0,16.9,17.3
栗東,20260905,土,5:58,アスクエピソード,,牡,6,900,坂口智康,66.6,48.2,30.9,15.3,18.4,17.3,15.6,15.3
栗東,20260905,土,5:58,インペリアルライツ,,牡,2,未出走,坂口智康,69.4,50.4,33.2,16.2,19.0,17.2,17.0,16.2
栗東,20260905,土,5:58,スカイランデヴー,,牝,2,未登録,,68.4,50.2,33.0,16.2,18.2,17.2,16.8,16.2
栗東,20260905,土,5:58,ドマ,,牡,2,未登録,,69.5,50.5,33.3,16.2,19.0,17.2,17.1,16.2
栗東,20260905,土,5:59,ラブリーリディア,,牝,4,900,中内田充,74.5,54.2,35.7,17.2,20.3,18.5,18.5,17.2
栗東,20260905,土,6:00,アメリカンステラ,,牡,2,未出走,中内田充,66.4,49.6,32.6,16.6,16.8,17.0,16.0,16.6
栗東,20260905,土,6:00,ドラヴァッシュ,,牡,2,未出走,中内田充,64.9,47.9,31.6,15.2,17.0,16.3,16.4,15.2
栗東,20260905,土,6:00,ブラックシールド,,牡,7,2400,小栗実,66.7,48.4,31.4,15.5,18.3,17.0,15.9,15.5
栗東,20260905,土,6:00,ベンダバール,,牡,5,900,牧浦充徳,64.8,47.8,31.5,15.6,17.0,16.3,15.9,15.6
栗東,20260905,土,6:00,ルーメンルーナエ,,牡,2,未出走,中内田充,68.1,49.6,32.4,16.3,18.5,17.2,16.1,16.3
栗東,20260905,土,6:01,キタノメロディ,,牝,2,未登録,,64.2,46.9,30.9,15.5,17.3,16.0,15.4,15.5
栗東,20260905,土,6:01,タガノゲイル,,牡,2,未登録,,63.2,46.4,30.9,15.6,16.8,15.5,15.3,15.6
栗東,20260905,土,6:01,テーオーダーウィン,,牡,2,0,岡田稲男,63.7,46.6,31.1,15.7,17.1,15.5,15.4,15.7
栗東,20260905,土,6:01,フェスティヴドレス,,牝,3,900,岡田稲男,67.1,48.7,31.9,15.9,18.4,16.8,16.0,15.9
栗東,20260905,土,6:01,ヴァルクシェル,,牝,2,未出走,岡田稲男,64.4,47.1,31.0,15.7,17.3,16.1,15.3,15.7
栗東,20260905,土,6:02,エスアンヴィユ,,牡,2,未出走,高橋一哉,65.9,48.9,32.7,15.9,17.0,16.2,16.8,15.9
栗東,20260905,土,6:03,コレデヨカロウ,,牡,3,400,角田晃一,68.7,49.2,32.3,15.9,19.5,16.9,16.4,15.9
栗東,20260905,土,6:03,スイトーヨ,,牝,2,0,角田晃一,68.7,49.0,32.2,15.9,19.7,16.8,16.3,15.9
栗東,20260905,土,6:03,スマートライナー,,牝,2,0,角田晃一,69.8,51.2,33.6,16.2,18.6,17.6,17.4,16.2
栗東,20260905,土,6:03,フリーレイン,,牝,2,未出走,角田晃一,65.4,48.4,32.5,15.9,17.0,15.9,16.6,15.9
栗東,20260905,土,6:03,ブルーカミング,,牡,4,400,牧浦充徳,64.0,47.6,30.8,15.0,16.4,16.8,15.8,15.0
栗東,20260905,土,6:03,メイショウハチコウ,,牡,3,2100,牧浦充徳,64.8,47.4,30.5,15.0,17.4,16.9,15.5,15.0
栗東,20260905,土,6:04,タンバゲッコー,,牡,2,未出走,梅田智之,67.5,50.0,34.2,17.6,17.5,15.8,16.6,17.6
栗東,20260905,土,6:04,ニホンピロカラット,,牡,5,900,大橋勇樹,66.2,49.7,33.3,16.6,16.5,16.4,16.7,16.6
栗東,20260905,土,6:04,ハクサンアイリス,,牡,4,1500,高橋一哉,65.7,47.7,31.1,15.5,18.0,16.6,15.6,15.5
栗東,20260905,土,6:04,ブルーエノワール,,牝,2,未登録,,68.2,49.5,32.5,16.3,18.7,17.0,16.2,16.3
栗東,20260905,土,6:04,ワーズワース,,牡,8,900,高橋一哉,70.5,51.6,33.5,16.2,18.9,18.1,17.3,16.2
栗東,20260905,土,6:07,コパノキャンペーン,,牡,2,0,渡辺薫彦,63.5,46.0,30.2,14.8,17.5,15.8,15.4,14.8
栗東,20260905,土,6:07,ショウナンラプンタ,,牡,5,3150,高野友和,72.9,52.9,34.9,17.0,20.0,18.0,17.9,17.0
栗東,20260905,土,6:07,ニューオーリンズ,,牡,4,1500,杉山晴紀,67.4,49.7,32.9,16.5,17.7,16.8,16.4,16.5
栗東,20260905,土,6:08,ゴールデンバランス,,牡,3,900,杉山晴紀,66.2,48.5,31.8,15.7,17.7,16.7,16.1,15.7
栗東,20260905,土,6:08,ジョバンニ,,牡,4,5800,杉山晴紀,70.7,50.7,33.0,15.9,20.0,17.7,17.1,15.9
栗東,20260905,土,6:08,ビッグシーザー,,牡,6,8500,杉山晴紀,65.7,47.8,31.7,16.1,17.9,16.1,15.6,16.1
栗東,20260905,土,6:10,フィリップヴィル,,牡,2,未出走,茶木太樹,66.4,48.1,31.4,15.6,18.3,16.7,15.8,15.6
栗東,20260905,土,6:13,タマモブラウンタイ,,牡,4,900,角田晃一,63.6,46.5,31.4,16.1,17.1,15.1,15.3,16.1
栗東,20260905,土,6:13,パクスフェリーチェ,,牝,2,未出走,角田晃一,63.7,46.8,31.4,15.2,16.9,15.4,16.2,15.2
栗東,20260905,土,6:14,オンザムービー,,牡,3,1500,牧田和弥,62.8,47.6,31.9,15.6,15.2,15.7,16.3,15.6
栗東,20260905,土,6:16,アクセス,,牡,3,400,上村洋行,62.7,45.4,29.6,14.8,17.3,15.8,14.8,14.8
栗東,20260905,土,6:16,エイダンバローズ,,牡,2,0,上村洋行,64.3,46.9,30.5,15.1,17.4,16.4,15.4,15.1
栗東,20260905,土,6:16,エールドカナロア,,牡,2,未出走,上村洋行,67.5,48.3,31.2,15.5,19.2,17.1,15.7,15.5
栗東,20260905,土,6:16,プペアンビスキュイ,,牝,3,0,茶木太樹,69.9,50.5,33.1,16.6,19.4,17.4,16.5,16.6
栗東,20260905,土,6:17,アロンソア,,牡,3,900,牧田和弥,64.8,47.5,31.6,15.1,17.3,15.9,16.5,15.1
栗東,20260905,土,6:17,ハッピーチャンス,,牝,3,0,牧田和弥,63.4,46.0,30.1,15.3,17.4,15.9,14.8,15.3
栗東,20260905,土,6:17,ビーアイフォルテ,,牝,4,900,牧田和弥,64.1,47.0,31.2,15.9,17.1,15.8,15.3,15.9
栗東,20260905,土,6:18,エコテーラー,,牝,5,1000,石橋守,66.4,48.3,31.9,15.9,18.1,16.4,16.0,15.9
栗東,20260905,土,6:18,スマートポーション,,牝,2,400,加藤公太,68.4,50.3,33.7,16.9,18.1,16.6,16.8,16.9
栗東,20260905,土,6:18,マクローリン,,牡,3,0,加藤公太,66.3,48.8,32.1,15.8,17.5,16.7,16.3,15.8
栗東,20260905,土,6:18,マスリュウオー,,牝,2,0,加藤公太,65.6,48.4,32.4,16.1,17.2,16.0,16.3,16.1
栗東,20260905,土,6:19,ケイアイアマゾン,,牡,3,400,秋山真一,71.0,52.0,33.9,16.8,19.0,18.1,17.1,16.8
栗東,20260905,土,6:20,ダイメイアゲイン,,牡,2,0,秋山真一,68.5,50.8,33.6,16.7,17.7,17.2,16.9,16.7
栗東,20260905,土,6:21,サンマルミッション,,セ,5,400,畑端省吾,67.8,49.2,32.3,15.5,18.6,16.9,16.8,15.5
栗東,20260905,土,6:21,ショウナンラプンタ,,牡,5,3150,高野友和,69.9,50.4,32.5,15.7,19.5,17.9,16.8,15.7
栗東,20260905,土,6:21,ジーヴル,,牡,4,330,畑端省吾,68.9,51.6,34.6,17.7,17.3,17.0,16.9,17.7
栗東,20260905,土,6:21,プレゼンティーア,,牝,5,2400,田中克典,69.9,51.2,33.9,16.8,18.7,17.3,17.1,16.8
栗東,20260905,土,6:21,レッドボブ,,牡,4,900,田中克典,66.5,48.7,32.4,16.0,17.8,16.3,16.4,16.0
栗東,20260905,土,6:21,ﾐｯｷｰﾊﾞﾃﾞｨｰﾗの24,,牝,2,未登録,,70.6,52.4,35.2,17.7,18.2,17.2,17.5,17.7
栗東,20260905,土,6:22,セブンサークル,,牡,2,未出走,畑端省吾,64.6,46.8,30.3,14.9,17.8,16.5,15.4,14.9
栗東,20260905,土,6:22,マルモリサンライズ,,牝,2,未出走,畑端省吾,66.8,49.4,33.1,16.7,17.4,16.3,16.4,16.7
栗東,20260905,土,6:23,エトナント,,牡,2,未登録,,71.6,52.9,36.0,18.7,18.7,16.9,17.3,18.7
栗東,20260905,土,6:23,コンヴィヴィアル,,牡,2,未登録,,66.6,49.5,32.5,16.0,17.1,17.0,16.5,16.0
栗東,20260905,土,6:23,スパイスオブライフ,,牝,2,未出走,河嶋宏樹,65.7,48.7,32.3,16.3,17.0,16.4,16.0,16.3
栗東,20260905,土,6:23,マッシャーブルム,,牡,5,1330,河嶋宏樹,63.3,47.5,31.4,15.5,15.8,16.1,15.9,15.5
栗東,20260905,土,6:24,アスクエジンバラ,,牡,3,2700,福永祐一,70.2,52.2,34.9,17.6,18.0,17.3,17.3,17.6
栗東,20260905,土,6:24,ムーンライトダイヤ,,牝,3,400,河嶋宏樹,67.3,48.1,31.9,16.0,19.2,16.2,15.9,16.0
栗東,20260905,土,6:24,ルーチェブリラーレ,,牝,3,0,福永祐一,66.4,49.0,32.9,16.3,17.4,16.1,16.6,16.3
栗東,20260905,土,6:25,アマル,,牝,2,未出走,福永祐一,64.5,48.1,31.4,15.7,16.4,16.7,15.7,15.7
栗東,20260905,土,6:25,ハナナ,,牝,2,未出走,矢作芳人,65.1,47.6,31.5,15.8,17.5,16.1,15.7,15.8
栗東,20260905,土,6:25,ボスコベル,,牡,2,未出走,福永祐一,61.0,45.0,29.9,15.3,16.0,15.1,14.6,15.3
栗東,20260905,土,6:25,リスグロワール,,牝,2,未出走,矢作芳人,65.1,47.5,31.4,15.7,17.6,16.1,15.7,15.7
栗東,20260905,土,6:26,カラクニダケ,,牡,3,400,谷潔,63.5,47.7,31.7,16.1,15.8,16.0,15.6,16.1
栗東,20260905,土,6:26,ガネット,,牝,2,0,松永幹夫,64.8,47.6,31.5,15.8,17.2,16.1,15.7,15.8
栗東,20260905,土,6:26,ギブリ,,牡,2,未出走,松永幹夫,66.4,48.5,31.5,15.5,17.9,17.0,16.0,15.5
栗東,20260905,土,6:26,クリコファルコン,,牡,3,0,谷潔,65.3,46.6,30.3,15.2,18.7,16.3,15.1,15.2
栗東,20260905,土,6:26,ナンヨーカルチャー,,牝,2,未出走,松永幹夫,65.4,48.5,31.8,15.9,16.9,16.7,15.9,15.9
栗東,20260905,土,6:26,バドリナート,,牡,3,1200,松永幹夫,66.6,48.7,32.0,15.8,17.9,16.7,16.2,15.8
栗東,20260905,土,6:28,ピエタンツァ,,牝,4,400,松永幹夫,66.3,48.2,31.8,15.5,18.1,16.4,16.3,15.5
栗東,20260905,土,6:28,リヴァイ,,牡,3,900,高野友和,68.1,49.4,32.4,16.0,18.7,17.0,16.4,16.0
栗東,20260905,土,6:28,ルースソラール,,牡,2,0,吉岡辰弥,63.5,46.0,30.0,15.1,17.5,16.0,14.9,15.1
栗東,20260905,土,6:29,コンジェスタス,,牡,3,3600,高野友和,70.0,51.3,34.1,17.1,18.7,17.2,17.0,17.1
栗東,20260905,土,6:30,アトランタ,,牡,2,0,高柳大輔,68.0,49.6,32.4,16.2,18.4,17.2,16.2,16.2
栗東,20260905,土,6:30,ガイストライヒ,,牡,3,400,高柳大輔,66.9,49.0,31.8,15.9,17.9,17.2,15.9,15.9
栗東,20260905,土,6:30,ジョリーエピキュア,,牝,2,未出走,高柳大輔,69.9,50.6,33.1,16.3,19.3,17.5,16.8,16.3
栗東,20260905,土,6:30,ダノンフィーゴ,,牡,4,5620,友道康夫,68.3,50.3,33.4,16.9,18.0,16.9,16.5,16.9
栗東,20260905,土,6:30,テーオーカイザー,,牡,3,400,高柳大輔,66.8,48.3,31.2,15.4,18.5,17.1,15.8,15.4
栗東,20260905,土,6:31,Skyvalueの24,,牝,2,未登録,,66.9,49.9,33.1,16.6,17.0,16.8,16.5,16.6
栗東,20260905,土,6:31,ビズロード,,セ,3,400,小崎憲,63.5,46.5,30.8,15.3,17.0,15.7,15.5,15.3
栗東,20260905,土,6:31,ベストレーサー,,牝,4,400,小崎憲,63.4,47.0,30.9,15.7,16.4,16.1,15.2,15.7
栗東,20260905,土,6:31,ヴァイヴァーイ,,牝,3,900,小崎憲,65.0,48.5,31.9,15.9,16.5,16.6,16.0,15.9
栗東,20260905,土,6:32,タタンタン,,牝,2,未出走,安田翔伍,68.4,51.0,34.6,18.3,17.4,16.4,16.3,18.3
栗東,20260905,土,6:32,ダノンブギ,,牡,4,400,安田翔伍,61.9,44.9,29.1,14.4,17.0,15.8,14.7,14.4
栗東,20260905,土,6:32,トリニティ,,牝,3,900,安田翔伍,70.6,51.6,33.7,16.8,19.0,17.9,16.9,16.8
栗東,20260905,土,6:32,ピューロマジック,,牝,5,11150,安田翔伍,65.8,48.0,30.7,14.9,17.8,17.3,15.8,14.9
栗東,20260905,土,6:32,ボンドマティーニ,,牡,3,400,安田翔伍,72.3,52.8,35.1,18.2,19.5,17.7,16.9,18.2
栗東,20260905,土,6:54,エモティコン,,牡,2,未出走,橋口慎介,64.6,47.6,31.3,15.8,17.0,16.3,15.5,15.8
栗東,20260905,土,6:54,カネフラ,,牡,6,2400,高橋康之,64.8,47.4,31.4,15.3,17.4,16.0,16.1,15.3
栗東,20260905,土,6:54,スズカダブル,,牡,6,1500,西村真幸,61.9,46.1,29.9,14.6,15.8,16.2,15.3,14.6
栗東,20260905,土,6:54,スリーアロハスター,,牝,2,未登録,,65.7,48.9,32.1,15.5,16.8,16.8,16.6,15.5
栗東,20260905,土,6:54,スリーボンド,,牝,2,未出走,橋田宜長,65.3,48.4,31.8,15.9,16.9,16.6,15.9,15.9
栗東,20260905,土,6:54,スーパージョック,,牡,4,900,橋田宜長,63.2,46.1,30.8,15.4,17.1,15.3,15.4,15.4
栗東,20260905,土,6:54,タイセイプリュム,,牝,2,未出走,西村真幸,60.6,44.8,29.9,15.6,15.8,14.9,14.3,15.6
栗東,20260905,土,6:54,フィオッコローザ,,牝,2,未出走,西村真幸,63.2,46.3,30.5,15.1,16.9,15.8,15.4,15.1
栗東,20260905,土,6:54,レタートゥブリッジ,,牝,2,未出走,橋田宜長,66.9,48.8,32.0,16.4,18.1,16.8,15.6,16.4
栗東,20260905,土,6:55,ヤマニンレセディ,,牝,4,900,長谷川浩,56.6,40.8,26.8,13.6,15.8,14.0,13.2,13.6
栗東,20260905,土,6:56,エトワールハマー,,牡,2,0,武幸四郎,64.6,47.7,31.3,15.4,16.9,16.4,15.9,15.4
栗東,20260905,土,6:56,キャッチアシーフ,,牡,3,400,佐藤悠太,63.8,46.5,30.3,14.8,17.3,16.2,15.5,14.8
栗東,20260905,土,6:56,シホノノービレ,,牡,2,未出走,佐藤悠太,63.5,45.9,30.0,14.8,17.6,15.9,15.2,14.8
栗東,20260905,土,6:56,ダイヴ,,牡,2,未出走,羽月友彦,66.9,48.9,31.8,15.6,18.0,17.1,16.2,15.6
栗東,20260905,土,6:56,チムニートップス,,牡,4,900,池添学,62.6,46.0,30.3,15.1,16.6,15.7,15.2,15.1
栗東,20260905,土,6:56,ハギノアルデバラン,,牡,6,1500,佐藤悠太,63.3,45.9,30.2,14.9,17.4,15.7,15.3,14.9
栗東,20260905,土,6:56,プラトーローザ,,牝,2,未出走,羽月友彦,66.4,48.4,31.4,15.5,18.0,17.0,15.9,15.5
栗東,20260905,土,6:56,ポッドフォルク,,牡,4,900,武幸四郎,64.7,47.2,30.8,14.8,17.5,16.4,16.0,14.8
栗東,20260905,土,6:56,ルファーダ,,牡,3,400,大根田裕,66.3,49.4,33.0,16.2,16.9,16.4,16.8,16.2
栗東,20260905,土,6:57,ジャスティンアポロ,,牡,3,0,茶木太樹,67.2,49.4,32.6,16.2,17.8,16.8,16.4,16.2
栗東,20260905,土,6:57,ティタノマキア,,牝,3,0,池添学,61.5,45.8,30.2,14.9,15.7,15.6,15.3,14.9
栗東,20260905,土,6:57,パンキー,,牡,3,0,茶木太樹,64.5,47.4,31.8,15.7,17.1,15.6,16.1,15.7
栗東,20260905,土,6:57,ペンテリコン,,牝,4,400,武幸四郎,65.6,47.7,30.9,15.0,17.9,16.8,15.9,15.0
栗東,20260905,土,6:57,ミロワール,,牝,7,1500,柴田卓,56.7,41.3,26.5,13.3,15.4,14.8,13.2,13.3
栗東,20260905,土,6:57,ユウスカイ,,牡,2,未出走,新谷功一,59.5,44.1,28.9,14.5,15.4,15.2,14.4,14.5
栗東,20260905,土,6:58,ウィスピア,,牡,3,0,小林真也,64.6,47.6,31.3,15.5,17.0,16.3,15.8,15.5
栗東,20260905,土,6:58,ウィズアスマイル,,牝,2,未登録,,65.5,48.3,31.5,15.6,17.2,16.8,15.9,15.6
栗東,20260905,土,6:58,カレンラップスター,,牡,4,900,小林真也,64.3,47.7,32.0,16.0,16.6,15.7,16.0,16.0
栗東,20260905,土,6:58,ジオフィージブル,,牡,2,未出走,池江泰寿,65.3,47.2,30.6,14.9,18.1,16.6,15.7,14.9
栗東,20260905,土,6:58,ソルチェリア,,牡,3,900,大根田裕,65.4,47.7,31.6,15.6,17.7,16.1,16.0,15.6
栗東,20260905,土,6:58,ホウオウストライク,,牡,3,400,池江泰寿,65.6,47.7,30.9,15.1,17.9,16.8,15.8,15.1
栗東,20260905,土,6:58,マイバレンタイン,,牡,3,900,池江泰寿,65.2,47.5,30.6,14.9,17.7,16.9,15.7,14.9
栗東,20260905,土,6:58,ミッキーゴールド,,セ,4,2400,池江泰寿,66.0,48.0,31.1,15.4,18.0,16.9,15.7,15.4
栗東,20260905,土,6:58,メイショウスパーク,,牡,2,0,飯田祐史,66.3,49.3,32.4,16.4,17.0,16.9,16.0,16.4
栗東,20260905,土,6:58,メイショウズイウン,,牡,4,3800,本田優,64.6,46.5,30.2,14.9,18.1,16.3,15.3,14.9
栗東,20260905,土,6:58,ワインオクロック,,牝,2,未出走,柴田卓,64.9,47.8,31.6,15.7,17.1,16.2,15.9,15.7
栗東,20260905,土,6:59,アンジュドジョワ,,牝,3,900,福永祐一,60.5,44.4,29.9,14.9,16.1,14.5,15.0,14.9
栗東,20260905,土,6:59,アーデルプレミア,,牡,2,未出走,宮本博,65.0,47.4,31.2,15.5,17.6,16.2,15.7,15.5
栗東,20260905,土,6:59,ジワールドコア,,牡,2,未出走,池江泰寿,65.7,49.0,32.1,15.5,16.7,16.9,16.6,15.5
栗東,20260905,土,6:59,ニシノジェダイ,,牡,4,900,宮本博,66.1,48.1,31.6,15.5,18.0,16.5,16.1,15.5
栗東,20260905,土,6:59,ノーブルキングダム,,牡,2,未出走,宮本博,64.9,47.4,31.3,15.6,17.5,16.1,15.7,15.6
栗東,20260905,土,6:59,ビヨンドザスカイ,,牡,2,未出走,福永祐一,63.3,46.0,30.7,15.8,17.3,15.3,14.9,15.8
栗東,20260905,土,6:59,ファストフォワード,,牝,3,900,小林真也,65.3,48.0,31.4,15.9,17.3,16.6,15.5,15.9
栗東,20260905,土,6:59,マーゴットプレ,,牝,2,未出走,小林真也,66.2,49.2,32.8,16.2,17.0,16.4,16.6,16.2
栗東,20260905,土,6:59,メイショウハチロー,,牡,4,3150,福永祐一,63.3,47.2,31.7,16.2,16.1,15.5,15.5,16.2
栗東,20260905,土,6:59,レッドバベル,,牡,3,0,池江泰寿,64.4,48.4,31.8,16.0,16.0,16.6,15.8,16.0
栗東,20260905,土,7:00,アルトラムス,,牡,3,2450,野中賢二,65.3,47.9,31.1,15.7,17.4,16.8,15.4,15.7
栗東,20260905,土,7:00,アンビシャスヨシノ,,牡,4,1000,吉田直弘,70.3,51.5,33.8,17.2,18.8,17.7,16.6,17.2
栗東,20260905,土,7:00,シルバーレシオ,,牡,3,4500,野中賢二,66.4,48.0,31.1,15.5,18.4,16.9,15.6,15.5
栗東,20260905,土,7:00,スコーピオンイメル,,牡,4,400,武英智,65.4,48.4,32.1,16.2,17.0,16.3,15.9,16.2
栗東,20260905,土,7:00,スナークルーベンス,,牡,2,未出走,野中賢二,67.0,49.8,33.3,16.4,17.2,16.5,16.9,16.4
栗東,20260905,土,7:00,ゾーン,,牡,2,未出走,武英智,64.1,47.0,31.3,15.8,17.1,15.7,15.5,15.8
栗東,20260905,土,7:00,テーオーマルコーニ,,牡,4,2400,奥村豊,65.2,47.7,31.0,15.2,17.5,16.7,15.8,15.2
栗東,20260905,土,7:00,ハマナスノサクコロ,,牝,2,0,武英智,52.5,38.2,24.9,12.6,14.3,13.3,12.3,12.6
栗東,20260905,土,7:00,ブラックドレス,,牝,5,400,谷潔,63.2,46.1,31.3,15.7,17.1,14.8,15.6,15.7
栗東,20260905,土,7:00,ペプチドデバイス,,牡,2,未出走,武英智,52.9,39.2,26.2,13.9,13.7,13.0,12.3,13.9
栗東,20260905,土,7:00,レーンアジリティ,,牡,4,400,中尾秀正,67.4,50.4,34.4,17.4,17.0,16.0,17.0,17.4
栗東,20260905,土,7:00,ロングホリデー,,牡,3,400,茶木太樹,67.0,49.2,32.7,16.4,17.8,16.5,16.3,16.4
栗東,20260905,土,7:00,ロードハイビーム,,牡,2,未出走,野中賢二,67.5,50.3,33.7,16.7,17.2,16.6,17.0,16.7
栗東,20260905,土,7:01,カルネアデス,,牡,2,未出走,茶木太樹,65.2,48.5,32.2,16.1,16.7,16.3,16.1,16.1
栗東,20260905,土,7:01,ケールハイム,,牝,3,400,福永祐一,62.4,46.8,31.2,15.5,15.6,15.6,15.7,15.5
栗東,20260905,土,7:01,サイモンジェセル,,牡,2,0,梅田智之,64.7,47.1,30.6,15.2,17.6,16.5,15.4,15.2
栗東,20260905,土,7:01,タガノランパート,,牡,3,0,奥村豊,65.1,48.2,31.0,15.5,16.9,17.2,15.5,15.5
栗東,20260905,土,7:01,ディニテ,,牡,4,400,辻野泰之,62.9,46.3,30.6,15.0,16.6,15.7,15.6,15.0
栗東,20260905,土,7:01,ヒデノレインボー,,牡,7,900,梅田智之,62.3,45.1,30.1,15.3,17.2,15.0,14.8,15.3
栗東,20260905,土,7:01,フローマジック,,牝,3,0,辻野泰之,64.4,47.1,31.2,15.5,17.3,15.9,15.7,15.5
栗東,20260905,土,7:01,メイショウバルク,,牡,3,900,安達昭夫,63.4,46.8,31.0,15.5,16.6,15.8,15.5,15.5
栗東,20260905,土,7:01,メディテラニアン,,牡,4,900,池江泰寿,65.9,47.3,29.5,14.1,18.6,17.8,15.4,14.1
栗東,20260905,土,7:01,メルトユアハート,,牝,5,1500,長谷川浩,58.4,42.4,27.3,13.4,16.0,15.1,13.9,13.4
栗東,20260905,土,7:01,リアンクトワ,,牝,5,400,辻野泰之,64.9,47.7,31.2,15.7,17.2,16.5,15.5,15.7
栗東,20260905,土,7:02,アルムアポジェ,,牝,3,0,北出成人,64.0,47.0,30.6,15.3,17.0,16.4,15.3,15.3
栗東,20260905,土,7:02,アワジシマ,,牡,2,0,北出成人,65.4,47.2,31.3,15.6,18.2,15.9,15.7,15.6
栗東,20260905,土,7:02,シャインベック,,セ,4,400,北出成人,69.8,50.4,33.2,16.0,19.4,17.2,17.2,16.0
栗東,20260905,土,7:02,チヨ,,牝,3,0,鈴木孝志,64.8,49.0,32.4,16.3,15.8,16.6,16.1,16.3
栗東,20260905,土,7:02,テムスピード,,牡,2,未出走,鈴木孝志,73.9,55.4,36.6,18.2,18.5,18.8,18.4,18.2
栗東,20260905,土,7:02,テムダンシング,,牡,2,未出走,鈴木孝志,74.1,55.5,36.7,18.4,18.6,18.8,18.3,18.4
栗東,20260905,土,7:02,ドラーダアスール,,牝,2,未出走,鈴木孝志,68.3,51.0,33.9,16.9,17.3,17.1,17.0,16.9
栗東,20260905,土,7:02,ドリームアムニス,,牡,2,未登録,,65.7,47.4,31.4,15.6,18.3,16.0,15.8,15.6
栗東,20260905,土,7:02,パシアンジャン,,牡,5,1500,鈴木孝志,66.7,49.7,32.7,16.3,17.0,17.0,16.4,16.3
栗東,20260905,土,7:02,ファームツエンティ,,セ,6,1500,北出成人,69.7,49.8,32.2,15.9,19.9,17.6,16.3,15.9
栗東,20260905,土,7:02,プリンセッサ,,牝,4,1500,牧田和弥,65.5,47.2,31.0,15.4,18.3,16.2,15.6,15.4
栗東,20260905,土,7:02,プレダトゥール,,牡,3,400,北出成人,65.6,47.2,30.9,15.2,18.4,16.3,15.7,15.2
栗東,20260905,土,7:02,ペアポルックス,,牡,5,6950,梅田智之,68.4,48.1,31.2,15.7,20.3,16.9,15.5,15.7
栗東,20260905,土,7:02,ルジェドリール,,牡,2,未出走,鈴木孝志,68.2,51.1,33.8,16.9,17.1,17.3,16.9,16.9
栗東,20260905,土,7:03,ヨシノイースター,,牡,8,6600,中尾秀正,63.8,48.0,31.9,15.8,15.8,16.1,16.1,15.8
栗東,20260905,土,7:05,アイルドリアン,,牝,5,900,井上智史,62.7,46.6,31.2,15.8,16.1,15.4,15.4,15.8
栗東,20260905,土,7:05,ジーティールーナ,,牝,2,未出走,緒方努,64.7,46.3,29.9,14.5,18.4,16.4,15.4,14.5
栗東,20260905,土,7:05,ゼンノゾンターク,,牡,3,400,緒方努,65.0,47.4,31.7,15.3,17.6,15.7,16.4,15.3
栗東,20260905,土,7:05,バラジ,,セ,7,2400,井上智史,64.8,47.4,32.0,16.3,17.4,15.4,15.7,16.3
栗東,20260905,土,7:05,ペンタクルクイーン,,牝,2,未出走,吉田直弘,54.1,39.8,25.9,12.6,14.3,13.9,13.3,12.6
栗東,20260905,土,7:05,ロックウイズミー,,牡,2,未出走,緒方努,66.6,47.9,30.9,14.8,18.7,17.0,16.1,14.8
栗東,20260905,土,7:06,UnrequitedLoveの2,,牡,2,未登録,,55.7,39.7,26.0,13.4,16.0,13.7,12.6,13.4
栗東,20260905,土,7:06,キタノゲートウェイ,,牡,2,未出走,吉田直弘,55.5,40.0,26.3,13.6,15.5,13.7,12.7,13.6
栗東,20260905,土,7:06,グディンナ,,牝,5,400,牧田和弥,65.0,48.1,32.3,16.5,16.9,15.8,15.8,16.5
栗東,20260905,土,7:06,ケイアイトリノ,,牡,2,0,平田修,64.6,47.2,30.3,14.6,17.4,16.9,15.7,14.6
栗東,20260905,土,7:06,フィエールシャンテ,,牝,3,400,小椋研介,63.9,46.3,30.1,14.9,17.6,16.2,15.2,14.9
栗東,20260905,土,7:06,ベイビーブラザー,,牡,2,0,安達昭夫,68.6,49.6,33.6,17.1,19.0,16.0,16.5,17.1
栗東,20260905,土,7:06,レザーアンドレース,,牝,3,400,平田修,65.6,46.7,30.4,14.8,18.9,16.3,15.6,14.8
栗東,20260905,土,7:07,メイショウゴッホ,,牡,3,0,飯田祐史,70.4,51.4,33.6,16.4,19.0,17.8,17.2,16.4
栗東,20260905,土,7:08,ニュークレド,,牡,4,900,石坂公一,65.7,47.9,31.0,15.2,17.8,16.9,15.8,15.2
栗東,20260905,土,7:08,ファミリータイム,,牡,5,3650,石坂公一,65.0,48.1,31.7,15.3,16.9,16.4,16.4,15.3
栗東,20260905,土,7:08,ルナミスティカ,,牝,2,未登録,,65.8,49.7,33.1,16.7,16.1,16.6,16.4,16.7
栗東,20260905,土,7:09,グランヴァレイ,,牡,2,未登録,,71.1,51.9,34.2,16.9,19.2,17.7,17.3,16.9
栗東,20260905,土,7:09,チュオンソン,,牡,3,0,昆貢,67.7,49.8,32.8,16.0,17.9,17.0,16.8,16.0
栗東,20260905,土,7:10,カルパ,,牡,5,1500,須貝尚介,63.1,45.2,28.7,14.1,17.9,16.5,14.6,14.1
栗東,20260905,土,7:10,マイネルグリモア,,牡,2,未出走,吉田直弘,66.9,49.5,33.5,16.6,17.4,16.0,16.9,16.6
栗東,20260905,土,7:11,タイセイボーグ,,牝,3,3600,松下武士,68.7,50.5,33.4,16.6,18.2,17.1,16.8,16.6
栗東,20260905,土,7:11,テリオスベラ,,牝,2,未出走,松下武士,66.1,49.6,32.2,16.0,16.5,17.4,16.2,16.0
栗東,20260905,土,7:11,メイショウアカリ,,牝,3,400,松下武士,63.3,46.3,31.5,17.3,17.0,14.8,14.2,17.3
栗東,20260905,土,7:12,アンビシャスヨシノ,,牡,4,1000,吉田直弘,57.4,41.9,27.3,13.8,15.5,14.6,13.5,13.8
栗東,20260905,土,7:12,ロングホリデー,,牡,3,400,茶木太樹,66.0,49.0,31.8,16.0,17.0,17.2,15.8,16.0
栗東,20260905,土,7:13,カザンミハラ,,牡,2,未出走,坂口智康,69.2,52.1,35.3,17.8,17.1,16.8,17.5,17.8
栗東,20260905,土,7:13,リープデイリズム,,牝,2,未登録,,72.1,52.9,35.5,18.0,19.2,17.4,17.5,18.0
栗東,20260905,土,7:13,ﾌﾗﾜﾘﾝｸﾞﾅｲﾄの24,,牝,2,未登録,,70.9,51.8,34.7,17.1,19.1,17.1,17.6,17.1
栗東,20260905,土,7:14,イーサンマリーン,,牝,2,未出走,吉村圭司,66.6,48.8,31.6,16.0,17.8,17.2,15.6,16.0
栗東,20260905,土,7:14,エンジェルボイス,,牡,3,400,吉村圭司,65.7,48.6,31.4,15.5,17.1,17.2,15.9,15.5
栗東,20260905,土,7:14,グッデイチャイカ,,牡,2,未出走,東田明士,68.2,50.4,32.9,16.6,17.8,17.5,16.3,16.6
栗東,20260905,土,7:14,ポカポカヨウキ,,牡,2,0,東田明士,68.1,50.0,32.8,16.3,18.1,17.2,16.5,16.3
栗東,20260905,土,7:14,リベロスピリット,,牡,2,未出走,吉村圭司,66.3,48.0,30.5,14.7,18.3,17.5,15.8,14.7
栗東,20260905,土,7:16,エムズマインド,,牡,6,1500,荒川義之,71.2,52.6,35.1,17.3,18.6,17.5,17.8,17.3
栗東,20260905,土,7:17,キャッスルレイク,,牝,4,900,松下武士,68.1,49.1,31.8,15.7,19.0,17.3,16.1,15.7
栗東,20260905,土,7:17,ゴウオン,,牡,2,未出走,千田輝彦,58.1,42.7,27.2,13.2,15.4,15.5,14.0,13.2
栗東,20260905,土,7:17,サンタンカ,,牡,4,1500,千田輝彦,58.6,43.2,28.1,14.0,15.4,15.1,14.1,14.0
栗東,20260905,土,7:17,シンゼンイセ,,牡,3,0,荒川義之,69.6,50.4,32.9,16.1,19.2,17.5,16.8,16.1
栗東,20260905,土,7:17,ダイユウエゾフジ,,牡,2,未出走,荒川義之,64.2,47.2,31.4,15.7,17.0,15.8,15.7,15.7
栗東,20260905,土,7:17,マジックブルー,,牡,5,400,荒川義之,62.3,46.0,30.6,15.7,16.3,15.4,14.9,15.7
栗東,20260905,土,7:17,メイショウセイクウ,,牡,2,400,荒川義之,65.3,49.2,33.0,17.0,16.1,16.2,16.0,17.0
栗東,20260905,土,7:18,ダノンステート,,牡,3,500,千田輝彦,65.9,48.8,32.1,16.1,17.1,16.7,16.0,16.1
栗東,20260905,土,7:18,パスリヤージュ,,牝,3,0,荒川義之,65.0,47.7,31.4,15.6,17.3,16.3,15.8,15.6
栗東,20260905,土,7:18,ボールドペイト,,牡,3,0,千田輝彦,73.1,55.0,36.6,18.1,18.1,18.4,18.5,18.1
栗東,20260905,土,7:18,マサハヤサブル,,牝,2,未出走,千田輝彦,74.2,55.2,36.9,18.3,19.0,18.3,18.6,18.3
栗東,20260905,土,7:19,アースグリッパー,,牝,2,0,秋山真一,70.4,53.1,35.4,18.2,17.3,17.7,17.2,18.2
栗東,20260905,土,7:19,イッタレイッタレ,,セ,3,0,寺島良,63.3,46.6,30.9,15.6,16.7,15.7,15.3,15.6
栗東,20260905,土,7:19,クリコリンダ,,牝,2,未登録,,74.8,55.6,37.5,18.9,19.2,18.1,18.6,18.9
栗東,20260905,土,7:19,ケイアイメキラ,,セ,6,1500,秋山真一,68.2,49.3,32.2,15.8,18.9,17.1,16.4,15.8
栗東,20260905,土,7:19,ファイブタンゴ,,牡,3,400,秋山真一,71.0,52.3,35.0,17.6,18.7,17.3,17.4,17.6
栗東,20260905,土,7:20,アームズレジェンド,,牡,3,400,上村洋行,63.8,46.9,30.4,15.4,16.9,16.5,15.0,15.4
栗東,20260905,土,7:20,ジーティーアダマン,,牡,4,2500,上村洋行,62.8,46.7,29.8,15.0,16.1,16.9,14.8,15.0
栗東,20260905,土,7:20,ソルテヴェローチェ,,牡,2,0,上村洋行,63.7,46.2,30.0,14.8,17.5,16.2,15.2,14.8
栗東,20260905,土,7:20,ダノンイグナイト,,牡,2,未出走,藤原英昭,67.4,48.8,31.6,15.9,18.6,17.2,15.7,15.9
栗東,20260905,土,7:20,ビッグベルーガ,,牡,6,900,牧浦充徳,65.0,48.4,31.7,15.5,16.6,16.7,16.2,15.5
栗東,20260905,土,7:20,ベラジオアゲーラ,,牡,2,未登録,,64.7,48.0,32.0,16.5,16.7,16.0,15.5,16.5
栗東,20260905,土,7:20,メイショウヘール,,牡,5,900,大橋勇樹,69.9,51.5,33.3,16.3,18.4,18.2,17.0,16.3
栗東,20260905,土,7:20,ライトオブヌカタ,,牡,3,900,上村洋行,63.9,46.7,30.5,15.6,17.2,16.2,14.9,15.6
栗東,20260905,土,7:21,アスクイキゴミ,,牡,3,5050,藤原英昭,68.0,50.0,33.3,16.9,18.0,16.7,16.4,16.9
栗東,20260905,土,7:21,カネトシブレイン,,牡,2,未登録,,69.6,51.7,34.3,17.3,17.9,17.4,17.0,17.3
栗東,20260905,土,7:21,サラサランラン,,牡,2,未出走,藤原英昭,65.8,48.2,31.9,16.1,17.6,16.3,15.8,16.1
栗東,20260905,土,7:21,シゲルソロソロ,,牝,6,1500,谷潔,68.6,50.3,33.7,16.9,18.3,16.6,16.8,16.9
栗東,20260905,土,7:21,シュネルアンジュ,,牝,3,400,寺島良,63.1,45.8,29.9,14.5,17.3,15.9,15.4,14.5
栗東,20260905,土,7:21,タイガースパーク,,牡,6,900,大橋勇樹,69.7,51.2,34.2,17.0,18.5,17.0,17.2,17.0
栗東,20260905,土,7:21,ダイヤモンドハンズ,,牡,6,900,坂口智康,61.7,44.8,29.5,14.7,16.9,15.3,14.8,14.7
栗東,20260905,土,7:21,リアルハーン,,牡,2,未登録,,69.8,51.8,34.3,17.3,18.0,17.5,17.0,17.3
栗東,20260905,土,7:21,ロンドボス,,牝,4,900,藤原英昭,65.6,48.6,31.7,15.7,17.0,16.9,16.0,15.7
栗東,20260905,土,7:21,ロードディグニティ,,牡,2,未出走,藤原英昭,64.9,48.1,31.8,15.8,16.8,16.3,16.0,15.8
栗東,20260905,土,7:21,ワイドヴァラー,,牡,2,未登録,,63.7,47.7,31.2,15.4,16.0,16.5,15.8,15.4
栗東,20260905,土,7:22,エバーグルーヴ,,牝,4,900,藤岡健一,64.4,48.6,32.7,16.5,15.8,15.9,16.2,16.5
栗東,20260905,土,7:22,クールミラボー,,牡,6,5000,寺島良,66.4,48.8,32.4,16.2,17.6,16.4,16.2,16.2
栗東,20260905,土,7:22,シャーロットタウン,,牝,2,未出走,藤岡健一,73.2,53.3,35.4,17.6,19.9,17.9,17.8,17.6
栗東,20260905,土,7:22,ダノンテムズ,,牡,3,400,寺島良,63.8,46.6,30.2,15.1,17.2,16.4,15.1,15.1
栗東,20260905,土,7:22,ハレムスビ,,牡,2,未出走,寺島良,66.1,49.3,32.3,15.7,16.8,17.0,16.6,15.7
栗東,20260905,土,7:22,フレイムスター,,牡,3,400,清水久詞,66.3,48.5,32.3,16.2,17.8,16.2,16.1,16.2
栗東,20260905,土,7:22,ベルセクレト,,牝,3,400,藤岡健一,72.9,53.4,35.3,17.5,19.5,18.1,17.8,17.5
栗東,20260905,土,7:22,ミヤジシャルマン,,牡,6,900,宮地貴稔,65.8,48.6,32.0,15.9,17.2,16.6,16.1,15.9
栗東,20260905,土,7:22,ワンモアスマイル,,セ,4,900,藤岡健一,70.6,51.6,34.9,17.1,19.0,16.7,17.8,17.1
栗東,20260905,土,7:23,オックスアイ,,牡,3,900,清水久詞,80.6,58.4,39.4,20.0,22.2,19.0,19.4,20.0
栗東,20260905,土,7:23,キングケープ,,牡,3,900,大橋勇樹,68.7,50.2,33.1,16.2,18.5,17.1,16.9,16.2
栗東,20260905,土,7:23,ゲイルライダー,,牡,4,2400,牧浦充徳,65.0,48.2,30.9,15.3,16.8,17.3,15.6,15.3
栗東,20260905,土,7:23,ストルワート,,牡,2,未登録,,72.9,55.2,36.8,18.6,17.7,18.4,18.2,18.6
栗東,20260905,土,7:23,セレクトルビー,,牝,2,未登録,,71.8,54.0,36.5,18.6,17.8,17.5,17.9,18.6
栗東,20260905,土,7:23,フェアディスタンス,,牝,2,未登録,,68.9,51.6,34.4,17.5,17.3,17.2,16.9,17.5
栗東,20260905,土,7:23,ベルサンローラン,,牝,3,400,清水久詞,68.9,50.6,33.7,17.2,18.3,16.9,16.5,17.2
栗東,20260905,土,7:23,ホットハニーラグ,,牝,2,未出走,寺島良,75.5,55.3,36.9,18.3,20.2,18.4,18.6,18.3
栗東,20260905,土,7:24,キタサンハナビラ,,牝,4,900,斉藤崇史,68.8,50.1,32.5,15.7,18.7,17.6,16.8,15.7
栗東,20260905,土,7:24,グラスベルグ,,牝,3,400,斉藤崇史,67.7,49.4,32.8,16.2,18.3,16.6,16.6,16.2
栗東,20260905,土,7:24,サトノステラ,,牡,2,未出走,友道康夫,61.4,45.4,30.2,14.9,16.0,15.2,15.3,14.9
栗東,20260905,土,7:24,センツブラッド,,牡,4,2550,斉藤崇史,67.6,49.3,32.5,16.0,18.3,16.8,16.5,16.0
栗東,20260905,土,7:24,タンテドヴィーヴル,,牡,4,1000,斉藤崇史,68.4,50.1,32.5,15.8,18.3,17.6,16.7,15.8
栗東,20260905,土,7:24,フォーシーファイン,,牡,3,0,斉藤崇史,68.6,50.1,32.4,15.7,18.5,17.7,16.7,15.7
栗東,20260905,土,7:25,ミッキークレスト,,牡,5,2400,大久保龍,66.9,49.0,31.9,15.9,17.9,17.1,16.0,15.9
栗東,20260905,土,7:26,メイショウトウコウ,,牡,3,400,石橋守,67.7,49.5,32.1,15.7,18.2,17.4,16.4,15.7
栗東,20260905,土,7:27,モンブランミノル,,牡,5,2400,小栗実,65.7,48.2,31.7,15.8,17.5,16.5,15.9,15.8
栗東,20260905,土,7:28,イルミナジーティー,,牝,3,0,西園翔太,68.9,51.2,33.3,16.3,17.7,17.9,17.0,16.3
栗東,20260905,土,7:28,グレイルクエスト,,セ,4,900,小栗実,64.2,47.8,30.9,14.7,16.4,16.9,16.2,14.7
栗東,20260905,土,7:28,ノブレスラブリエ,,牝,3,0,西園翔太,67.7,50.5,33.7,16.7,17.2,16.8,17.0,16.7
栗東,20260905,土,7:28,ハナウマビーチ,,牡,4,2400,西園翔太,64.6,48.0,31.9,16.0,16.6,16.1,15.9,16.0
栗東,20260905,土,7:28,パルパル,,牡,2,未出走,小栗実,70.8,51.8,34.0,16.6,19.0,17.8,17.4,16.6
栗東,20260905,土,7:28,ロンドンエコー,,牡,2,未登録,,69.1,51.1,33.8,16.6,18.0,17.3,17.2,16.6
栗東,20260905,土,7:29,コメットサン,,牝,2,0,西園翔太,70.4,52.0,34.4,16.8,18.4,17.6,17.6,16.8
栗東,20260905,土,7:29,テーオーディスタス,,牡,2,未登録,,71.7,52.9,35.0,18.2,18.8,17.9,16.8,18.2
栗東,20260905,土,7:29,テーオーフォアマン,,牡,2,未登録,,72.5,53.4,35.6,18.1,19.1,17.8,17.5,18.1
栗東,20260905,土,7:29,テーオーレガシー,,牡,6,900,宮徹,72.8,53.2,35.6,18.0,19.6,17.6,17.6,18.0
栗東,20260905,土,7:29,リピ,,牝,3,400,西園翔太,69.9,51.5,33.5,16.7,18.4,18.0,16.8,16.7
栗東,20260905,土,7:31,アメリカンバー,,牡,4,400,宮地貴稔,65.1,46.4,30.0,15.0,18.7,16.4,15.0,15.0
栗東,20260905,土,7:31,クールダムール,,牝,2,未出走,宮地貴稔,66.0,47.1,30.7,15.2,18.9,16.4,15.5,15.2
栗東,20260905,土,7:31,ダノンデスティニー,,牡,2,未出走,中内田充,64.3,47.4,31.4,15.8,16.9,16.0,15.6,15.8
栗東,20260905,土,7:31,ハクサンイーグル,,牡,5,900,高橋一哉,64.6,48.1,31.7,15.6,16.5,16.4,16.1,15.6
栗東,20260905,土,7:31,ミッキージュエリー,,牝,4,1500,中内田充,63.6,46.2,30.5,15.2,17.4,15.7,15.3,15.2
栗東,20260905,土,7:32,コージ,,牡,2,未出走,高橋一哉,65.4,48.9,32.3,16.4,16.5,16.6,15.9,16.4
栗東,20260905,土,7:32,ジーティーメイバ,,牡,2,未出走,高橋一哉,67.0,49.2,32.1,15.9,17.8,17.1,16.2,15.9
栗東,20260905,土,7:32,スノーガーネット,,牝,3,0,中尾秀正,66.5,47.4,30.7,15.3,19.1,16.7,15.4,15.3
栗東,20260905,土,7:32,ダイメイプリンス,,牡,3,0,森田直行,67.8,50.7,33.9,16.9,17.1,16.8,17.0,16.9
栗東,20260905,土,7:32,テンカ,,牝,2,未出走,森田直行,67.6,51.4,34.4,17.3,16.2,17.0,17.1,17.3
栗東,20260905,土,7:32,ムーチョブロンコ,,牡,2,未登録,,67.0,49.3,32.1,16.0,17.7,17.2,16.1,16.0
栗東,20260905,土,7:32,メイショウクーガー,,牡,6,900,中内田充,69.5,51.0,33.9,16.8,18.5,17.1,17.1,16.8
栗東,20260905,土,7:32,ヴィシュヌ,,牡,2,未出走,高橋一哉,64.9,47.9,31.0,14.8,17.0,16.9,16.2,14.8
栗東,20260905,土,7:32,ﾊﾞｰｼﾞﾆｱｽﾄｯｸの24,,牡,2,未登録,,65.9,49.2,32.7,16.1,16.7,16.5,16.6,16.1
栗東,20260905,土,7:33,コスモフィレンツェ,,牡,3,0,北出成人,67.0,49.3,32.3,15.9,17.7,17.0,16.4,15.9
栗東,20260905,土,7:35,クレスコドルフィン,,牡,4,400,羽月友彦,62.6,46.5,30.9,15.5,16.1,15.6,15.4,15.5
栗東,20260905,土,7:35,サヨノパララックス,,牡,3,400,羽月友彦,61.0,45.6,30.3,14.8,15.4,15.3,15.5,14.8
栗東,20260905,土,7:35,サンライズブレイド,,牡,2,未出走,羽月友彦,64.7,47.4,31.2,15.3,17.3,16.2,15.9,15.3
栗東,20260905,土,7:36,キュールエポルト,,牝,2,未出走,中尾秀正,64.6,48.6,32.7,16.5,16.0,15.9,16.2,16.5
栗東,20260905,土,7:37,ジョイボーイ,,牡,4,1500,四位洋文,66.1,48.7,31.1,15.1,17.4,17.6,16.0,15.1
栗東,20260905,土,7:37,トゥインクルピカ,,牝,3,400,四位洋文,65.6,47.6,30.5,15.3,18.0,17.1,15.2,15.3
栗東,20260905,土,7:37,マテンロウシルビア,,牝,4,900,四位洋文,67.5,49.2,31.6,15.7,18.3,17.6,15.9,15.7
栗東,20260905,土,7:37,レディントン,,セ,5,2400,杉山晴紀,65.9,48.7,33.0,16.4,17.2,15.7,16.6,16.4
栗東,20260905,土,7:37,ロイヤルガミーヌ,,牝,2,未出走,四位洋文,70.2,51.2,33.9,16.1,19.0,17.3,17.8,16.1
栗東,20260905,土,7:38,インヴァイト,,牝,3,0,杉山晴紀,68.7,50.1,32.2,15.7,18.6,17.9,16.5,15.7
栗東,20260905,土,7:38,カーティス,,牡,2,未出走,杉山晴紀,73.7,53.9,35.6,17.6,19.8,18.3,18.0,17.6
栗東,20260905,土,7:38,ゲタリア,,牡,3,400,杉山晴紀,67.2,48.4,31.9,16.0,18.8,16.5,15.9,16.0
栗東,20260905,土,7:38,フウセン,,牡,3,900,杉山晴紀,69.5,50.6,33.1,16.7,18.9,17.5,16.4,16.7
栗東,20260905,土,7:38,ワンコールアウェイ,,牝,4,900,杉山晴紀,69.0,50.2,32.8,16.6,18.8,17.4,16.2,16.6
栗東,20260905,土,7:38,ｵﾘｰﾌﾞﾃｨｱﾗの24,,牝,2,未登録,,69.7,50.9,33.6,16.8,18.8,17.3,16.8,16.8
栗東,20260905,土,7:39,キングリア,,牡,2,未出走,中内田充,66.2,48.6,32.2,16.0,17.6,16.4,16.2,16.0
栗東,20260905,土,7:41,イテルム,,牝,2,0,田中克典,65.7,48.8,33.0,16.7,16.9,15.8,16.3,16.7
栗東,20260905,土,7:44,トゥロン,,牝,4,1500,井上智史,68.4,50.0,32.5,15.8,18.4,17.5,16.7,15.8
栗東,20260905,土,7:45,オウケンブラッド,,牡,3,400,畑端省吾,67.8,48.7,31.0,15.7,19.1,17.7,15.3,15.7
栗東,20260905,土,7:45,ダディーズレガリア,,牡,2,0,畑端省吾,66.7,48.7,31.9,16.1,18.0,16.8,15.8,16.1
栗東,20260905,土,7:45,テムルヴァン,,牝,2,未出走,畑端省吾,64.7,47.4,30.8,15.4,17.3,16.6,15.4,15.4
栗東,20260905,土,7:45,ペイシャモノノフ,,牡,6,2400,畑端省吾,64.0,47.6,31.1,15.5,16.4,16.5,15.6,15.5
栗東,20260905,土,7:45,ﾊﾟｼｬﾄﾞｰﾗの24,,牡,2,未登録,,66.8,48.5,32.2,16.3,18.3,16.3,15.9,16.3
栗東,20260905,土,7:47,インディゴ,,セ,4,400,野中賢二,65.3,48.2,32.1,15.9,17.1,16.1,16.2,15.9
栗東,20260905,土,7:47,マテンロウブラボー,,牡,5,1500,野中賢二,67.3,49.3,32.4,16.1,18.0,16.9,16.3,16.1
栗東,20260905,土,7:47,ランズエンド,,牡,2,0,野中賢二,68.2,50.2,32.9,16.0,18.0,17.3,16.9,16.0
栗東,20260905,土,7:48,ダイシンレジウス,,牡,2,0,梅田智之,66.2,47.1,30.1,14.9,19.1,17.0,15.2,14.9
栗東,20260905,土,7:48,ハッピーダンチャン,,牡,4,900,小椋研介,64.9,47.5,31.2,15.4,17.4,16.3,15.8,15.4
栗東,20260905,土,7:48,ライツェントライゼ,,牝,3,0,梅田智之,69.0,49.6,33.1,17.0,19.4,16.5,16.1,17.0
栗東,20260905,土,7:49,ジゼルアリーナ,,牡,2,未出走,井上智史,66.0,48.6,31.4,15.9,17.4,17.2,15.5,15.9
栗東,20260905,土,7:49,ボワノワール,,牝,2,未登録,,65.2,48.4,32.2,16.3,16.8,16.2,15.9,16.3
栗東,20260905,土,7:51,メイショウホウレン,,牡,5,3600,安達昭夫,66.6,48.7,31.9,16.1,17.9,16.8,15.8,16.1
栗東,20260905,土,7:55,メイショウハーブス,,牡,3,0,高橋義忠,70.0,49.5,32.4,16.1,20.5,17.1,16.3,16.1
栗東,20260905,土,7:56,ホウオウフミノサト,,牝,2,未登録,,83.6,63.0,41.9,21.2,20.6,21.1,20.7,21.2
栗東,20260905,土,7:56,マーゴットバサラ,,牡,2,未登録,,69.0,51.4,33.8,16.5,17.6,17.6,17.3,16.5
栗東,20260905,土,7:56,ロードメガロポリス,,牡,2,未出走,吉岡辰弥,65.4,47.6,31.0,15.4,17.8,16.6,15.6,15.4
栗東,20260905,土,7:57,プリズマジコ,,牡,5,900,高橋義忠,59.9,44.6,29.8,14.9,15.3,14.8,14.9,14.9
栗東,20260905,土,7:57,マンオブザマッチ,,牡,4,1500,高橋義忠,63.5,46.1,29.7,14.4,17.4,16.4,15.3,14.4
栗東,20260905,土,7:58,ジーティーダーリン,,牡,4,2400,田中克典,64.6,48.2,31.6,15.8,16.4,16.6,15.8,15.8
栗東,20260905,土,8:00,ナムラコスモス,,牝,3,1950,大橋勇樹,70.1,51.8,34.1,16.8,18.3,17.7,17.3,16.8
栗東,20260905,土,8:00,メイショウヒタカミ,,牡,3,0,石橋守,63.1,47.0,31.7,15.9,16.1,15.3,15.8,15.9
栗東,20260905,土,8:00,ローズカリス,,牝,3,1500,大橋勇樹,69.2,50.4,32.8,16.4,18.8,17.6,16.4,16.4
栗東,20260905,土,8:01,リアライズ,,牡,6,770,石橋守,65.5,48.5,32.0,16.0,17.0,16.5,16.0,16.0
栗東,20260905,土,8:04,シャプシュ,,牝,2,0,新谷功一,66.0,47.8,30.7,15.3,18.2,17.1,15.4,15.3
栗東,20260905,土,8:04,ペガサスジルシ,,牝,3,0,新谷功一,67.1,48.5,30.9,15.1,18.6,17.6,15.8,15.1
栗東,20260905,土,8:10,ポッドドンナー,,牡,4,900,辻野泰之,60.9,44.5,29.1,14.6,16.4,15.4,14.5,14.6
栗東,20260905,土,8:10,ロードオルデン,,牡,7,900,辻野泰之,61.3,44.2,28.8,14.3,17.1,15.4,14.5,14.3
栗東,20260905,土,8:11,ベルトナリテ,,牝,3,0,辻野泰之,63.8,47.0,31.0,15.3,16.8,16.0,15.7,15.3
栗東,20260905,土,8:11,レーゼドラマ,,牝,4,3500,辻野泰之,61.5,44.5,28.7,14.4,17.0,15.8,14.3,14.4
栗東,20260905,土,8:11,ワルトシュタイン,,牡,3,400,佐藤悠太,65.3,46.7,30.2,15.1,18.6,16.5,15.1,15.1
栗東,20260905,土,8:25,タガノカハンカ,,牝,2,0,西園翔太,67.1,49.5,32.5,15.9,17.6,17.0,16.6,15.9
栗東,20260905,土,8:25,メローネ,,牝,3,900,西園翔太,66.0,47.6,30.9,15.2,18.4,16.7,15.7,15.2
美浦,20260905,土,3:58,アッパレヤ,,牡,2,未登録,,73.8,53.6,35.1,17.2,20.2,18.5,17.9,17.2
美浦,20260905,土,3:58,キタノライブリー,,牝,4,900,本間忍,73.4,53.1,34.5,16.6,20.3,18.6,17.9,16.6
美浦,20260905,土,3:58,サノノグレーター,,牡,3,2950,尾形和幸,68.0,49.8,32.7,16.0,18.2,17.1,16.7,16.0
美浦,20260905,土,3:58,シーグルロス,,牝,3,900,尾形和幸,70.0,51.2,33.5,16.6,18.8,17.7,16.9,16.6
美浦,20260905,土,3:58,ステラストリーム,,牝,2,未出走,尾形和幸,70.7,51.5,33.6,16.9,19.2,17.9,16.7,16.9
美浦,20260905,土,3:58,ホノボノ,,牡,3,400,尾形和幸,68.2,50.2,33.2,17.0,18.0,17.0,16.2,17.0
美浦,20260905,土,3:58,ポテ,,牝,2,未出走,尾形和幸,68.5,50.3,32.9,16.3,18.2,17.4,16.6,16.3
美浦,20260905,土,3:58,ミホマル,,牡,2,未出走,尾形和幸,71.3,52.2,34.0,16.8,19.1,18.2,17.2,16.8
美浦,20260905,土,3:58,レイフロレット,,牝,5,120,和田雄二,67.8,48.7,31.7,15.6,19.1,17.0,16.1,15.6
美浦,20260905,土,3:59,エヴァートン,,牡,2,未出走,黒岩陽一,64.9,46.6,30.2,14.8,18.3,16.4,15.4,14.8
美浦,20260905,土,3:59,ゴクラクチョウカ,,牝,2,未出走,和田雄二,67.5,50.0,33.3,16.6,17.5,16.7,16.7,16.6
美浦,20260905,土,3:59,ゴーラッキー,,牡,3,1500,黒岩陽一,64.8,46.6,30.1,14.9,18.2,16.5,15.2,14.9
美浦,20260905,土,3:59,セイウンガレス,,牡,2,未出走,稲垣幸雄,65.0,47.8,31.4,15.7,17.2,16.4,15.7,15.7
美浦,20260905,土,3:59,テンクウハット,,牝,6,400,加藤和宏,69.4,50.3,32.5,16.3,19.1,17.8,16.2,16.3
美浦,20260905,土,3:59,トルタパスカリーナ,,牝,2,0,黒岩陽一,64.3,46.1,29.2,14.2,18.2,16.9,15.0,14.2
美浦,20260905,土,3:59,ハクタカ,,牡,2,0,和田雄二,67.1,49.4,32.9,16.9,17.7,16.5,16.0,16.9
美浦,20260905,土,3:59,バグラダス,,牡,6,2400,嘉藤貴行,62.8,46.3,30.1,14.8,16.5,16.2,15.3,14.8
美浦,20260905,土,3:59,フレイムオブキング,,牡,2,未出走,稲垣幸雄,64.5,47.2,31.2,15.8,17.3,16.0,15.4,15.8
美浦,20260905,土,3:59,ポッドロワール,,牡,4,1500,畠山吉宏,65.0,47.8,31.7,16.0,17.2,16.1,15.7,16.0
美浦,20260905,土,3:59,ミリオンクラウン,,牡,3,1220,和田雄二,66.6,48.9,32.5,16.2,17.7,16.4,16.3,16.2
美浦,20260905,土,3:59,リサナウト,,牝,2,400,黒岩陽一,66.2,47.9,30.8,15.0,18.3,17.1,15.8,15.0
美浦,20260905,土,3:59,ロードキャピタル,,牡,2,未出走,稲垣幸雄,65.3,48.5,32.0,16.2,16.8,16.5,15.8,16.2
美浦,20260905,土,4:00,カフェシューター,,牡,3,400,中舘英二,67.7,49.5,32.8,16.0,18.2,16.7,16.8,16.0
美浦,20260905,土,4:00,グラティアム,,牝,3,400,嘉藤貴行,63.2,46.8,30.7,15.3,16.4,16.1,15.4,15.3
美浦,20260905,土,4:00,スノーキャップ,,牡,2,0,嘉藤貴行,63.6,47.0,31.1,15.4,16.6,15.9,15.7,15.4
美浦,20260905,土,4:00,ハイトラクション,,牡,2,0,中舘英二,67.6,49.3,32.6,15.9,18.3,16.7,16.7,15.9
美浦,20260905,土,4:00,ビッグフラワー,,牡,5,400,加藤征弘,66.6,49.3,32.3,16.0,17.3,17.0,16.3,16.0
美浦,20260905,土,4:00,ピエナモルタル,,牡,2,未出走,萱野浩二,71.0,52.9,35.0,17.6,18.1,17.9,17.4,17.6
美浦,20260905,土,4:00,ベブレンハイム,,牡,2,未出走,中舘英二,67.9,49.5,33.0,16.0,18.4,16.5,17.0,16.0
美浦,20260905,土,4:00,ペタルズダンス,,牝,3,0,嘉藤貴行,64.2,48.1,31.5,15.4,16.1,16.6,16.1,15.4
美浦,20260905,土,4:00,ホークライト,,セ,4,900,中舘英二,68.5,49.3,31.8,15.5,19.2,17.5,16.3,15.5
美浦,20260905,土,4:00,ラルコ,,牝,2,未出走,中舘英二,68.7,49.3,31.7,15.2,19.4,17.6,16.5,15.2
美浦,20260905,土,4:00,レオガバナー,,牡,2,未登録,,72.9,54.0,35.6,18.2,18.9,18.4,17.4,18.2
美浦,20260905,土,4:00,ワインダークシー,,牡,3,0,中舘英二,68.4,49.4,31.8,15.6,19.0,17.6,16.2,15.6
美浦,20260905,土,4:00,ヴァルカンテソーロ,,牡,3,400,嘉藤貴行,63.8,47.4,31.3,15.7,16.4,16.1,15.6,15.7
美浦,20260905,土,4:01,アイファーエリース,,牝,2,未出走,蛯名利弘,68.2,49.6,32.3,16.1,18.6,17.3,16.2,16.1
美浦,20260905,土,4:01,アイレバルバドス,,牡,2,未出走,伊藤伸一,72.7,53.0,34.6,16.9,19.7,18.4,17.7,16.9
美浦,20260905,土,4:01,カシマライフウ,,牡,3,0,伊藤伸一,69.1,50.9,34.1,17.5,18.2,16.8,16.6,17.5
美浦,20260905,土,4:01,カツノテンス,,牡,6,160,伊藤伸一,69.5,51.3,34.1,16.9,18.2,17.2,17.2,16.9
美浦,20260905,土,4:01,ケイツープラ,,牝,3,400,蛯名利弘,63.7,47.6,31.7,15.9,16.1,15.9,15.8,15.9
美浦,20260905,土,4:01,ゲンバウマ,,牡,2,未出走,加藤和宏,69.0,51.7,34.8,17.9,17.3,16.9,16.9,17.9
美浦,20260905,土,4:01,コスモデュアリズム,,牡,2,0,伊藤伸一,70.4,52.1,34.2,17.2,18.3,17.9,17.0,17.2
美浦,20260905,土,4:01,サザンウォリアー,,牡,3,670,加藤和宏,68.2,51.1,33.9,17.1,17.1,17.2,16.8,17.1
美浦,20260905,土,4:01,シャトースタービル,,牝,2,未出走,加藤和宏,69.9,52.3,35.1,17.5,17.6,17.2,17.6,17.5
美浦,20260905,土,4:01,ジャックナダル,,牡,3,900,伊坂重信,69.3,50.3,32.8,16.2,19.0,17.5,16.6,16.2
美浦,20260905,土,4:01,スペシャルギフト,,牝,3,0,加藤征弘,70.3,51.8,34.3,17.0,18.5,17.5,17.3,17.0
美浦,20260905,土,4:01,スマートブライド,,牝,2,0,加藤征弘,70.0,51.2,33.9,17.1,18.8,17.3,16.8,17.1
美浦,20260905,土,4:01,セザンワールド,,セ,6,690,蛯名利弘,66.9,49.3,32.2,15.7,17.6,17.1,16.5,15.7
美浦,20260905,土,4:01,ドバイブルース,,牡,5,2400,加藤征弘,71.7,52.5,34.4,17.3,19.2,18.1,17.1,17.3
美浦,20260905,土,4:01,ハチキンキリシマ,,牝,2,0,蛯名利弘,70.0,51.7,34.5,17.0,18.3,17.2,17.5,17.0
美浦,20260905,土,4:01,ハルノアラシ,,牡,4,400,相沢郁,69.5,51.5,34.0,16.5,18.0,17.5,17.5,16.5
美浦,20260905,土,4:01,バーチディダーマ,,牝,2,未出走,蛯名利弘,68.4,49.8,32.8,16.1,18.6,17.0,16.7,16.1
美浦,20260905,土,4:01,フクチャンヨシ,,牝,2,未出走,加藤征弘,71.1,53.3,35.1,17.2,17.8,18.2,17.9,17.2
美浦,20260905,土,4:01,ヘニーガイスト,,牡,4,2400,加藤征弘,67.3,49.4,32.5,16.7,17.9,16.9,15.8,16.7
美浦,20260905,土,4:01,ホウフクゼットウ,,牡,2,未出走,加藤和宏,64.7,47.9,31.4,15.3,16.8,16.5,16.1,15.3
美浦,20260905,土,4:01,モチロンコクラ,,牝,2,0,伊藤伸一,72.3,52.8,34.8,16.8,19.5,18.0,18.0,16.8
美浦,20260905,土,4:02,アイファーマーリン,,牡,2,0,蛯名利弘,63.8,47.0,31.0,15.2,16.8,16.0,15.8,15.2
美浦,20260905,土,4:02,ウインスターリング,,牡,3,0,畠山吉宏,67.5,49.4,32.2,16.2,18.1,17.2,16.0,16.2
美浦,20260905,土,4:02,オーケーエース,,牡,2,0,相沢郁,65.1,47.9,31.4,15.4,17.2,16.5,16.0,15.4
美浦,20260905,土,4:02,グランドスウェル,,セ,3,400,畠山吉宏,68.6,50.7,33.4,16.7,17.9,17.3,16.7,16.7
美浦,20260905,土,4:02,コーズウルルン,,牡,2,0,伊藤圭三,67.5,48.9,31.8,16.2,18.6,17.1,15.6,16.2
美浦,20260905,土,4:02,サンヴィクトワール,,牝,3,400,武井亮,64.4,47.5,31.3,15.5,16.9,16.2,15.8,15.5
美浦,20260905,土,4:02,シュアシング,,牝,2,0,相沢郁,65.7,48.3,31.7,15.8,17.4,16.6,15.9,15.8
美浦,20260905,土,4:02,スキエンティア,,牡,2,未出走,水野貴広,67.3,49.5,32.6,16.1,17.8,16.9,16.5,16.1
美浦,20260905,土,4:02,スリーピース,,セ,4,2400,武井亮,64.6,47.3,31.3,15.7,17.3,16.0,15.6,15.7
美浦,20260905,土,4:02,スリーフラワー,,牝,2,0,伊藤圭三,67.1,48.8,31.8,15.8,18.3,17.0,16.0,15.8
美浦,20260905,土,4:02,スーパーユタカ,,牡,2,0,武井亮,64.0,46.7,30.4,15.2,17.3,16.3,15.2,15.2
美浦,20260905,土,4:02,タマモキャスケット,,牡,2,未出走,水野貴広,68.6,50.5,33.8,16.7,18.1,16.7,17.1,16.7
美浦,20260905,土,4:02,ハルオーブ,,牡,6,630,武井亮,62.0,45.2,30.1,15.1,16.8,15.1,15.0,15.1
美浦,20260905,土,4:02,マイネルアウルム,,牡,4,500,伊藤伸一,70.2,51.1,33.8,17.0,19.1,17.3,16.8,17.0
美浦,20260905,土,4:02,マイネルウルカヌス,,牡,2,0,畠山吉宏,68.9,50.5,33.7,17.1,18.4,16.8,16.6,17.1
美浦,20260905,土,4:02,ルヴァンユニベール,,牡,4,1650,水野貴広,72.6,54.1,35.9,18.3,18.5,18.2,17.6,18.3
美浦,20260905,土,4:02,ロンバルディア,,牡,2,0,伊藤圭三,66.1,47.6,30.5,15.2,18.5,17.1,15.3,15.2
美浦,20260905,土,4:03,アウルムレガリア,,牝,4,0,粕谷昌央,65.2,47.8,31.1,15.8,17.4,16.7,15.3,15.8
美浦,20260905,土,4:03,アニーリング,,牝,2,未出走,尾関知人,71.7,54.0,36.0,17.6,17.7,18.0,18.4,17.6
美浦,20260905,土,4:03,アリアファブラ,,牝,3,0,尾関知人,53.7,39.4,25.8,12.9,14.3,13.6,12.9,12.9
美浦,20260905,土,4:03,アースミューズ,,牝,4,400,粕谷昌央,65.1,48.4,31.9,15.6,16.7,16.5,16.3,15.6
美浦,20260905,土,4:03,ケイツールピア,,牝,5,400,蛯名利弘,76.0,55.0,35.3,17.8,21.0,19.7,17.5,17.8
美浦,20260905,土,4:03,スカイダンスタイム,,牝,5,210,萱野浩二,70.7,52.3,35.1,18.4,18.4,17.2,16.7,18.4
美浦,20260905,土,4:03,スズノハヤブサ,,牡,2,未出走,尾関知人,56.2,42.2,28.3,13.9,14.0,13.9,14.4,13.9
美浦,20260905,土,4:03,モウエエデショー,,牡,3,400,萱野浩二,70.2,50.7,32.1,15.3,19.5,18.6,16.8,15.3
美浦,20260905,土,4:03,ライカホウ,,牡,2,未出走,尾関知人,71.5,53.5,35.6,17.9,18.0,17.9,17.7,17.9
美浦,20260905,土,4:03,ラッキーモア,,牡,3,0,尾関知人,72.3,54.0,36.4,18.3,18.3,17.6,18.1,18.3
美浦,20260905,土,4:03,ラブトゥエニイワン,,牡,3,0,尾関知人,56.4,42.5,28.5,14.0,13.9,14.0,14.5,14.0
美浦,20260905,土,4:03,ローザヴェローナ,,牝,2,未出走,尾関知人,67.2,50.2,33.2,16.0,17.0,17.0,17.2,16.0
美浦,20260905,土,4:04,イトウカカリチョウ,,牡,2,未出走,岩戸孝樹,69.0,49.7,32.5,16.2,19.3,17.2,16.3,16.2
美浦,20260905,土,4:04,イノキ,,牡,4,900,岩戸孝樹,69.0,50.4,33.0,16.5,18.6,17.4,16.5,16.5
美浦,20260905,土,4:04,エコロデュエル,,牡,7,400,岩戸孝樹,68.8,50.5,33.2,16.4,18.3,17.3,16.8,16.4
美浦,20260905,土,4:04,ギガントシュラーク,,牡,2,0,萱野浩二,69.8,51.0,33.6,16.9,18.8,17.4,16.7,16.9
美浦,20260905,土,4:04,シグムンド,,牡,5,900,岩戸孝樹,69.1,50.1,32.5,16.2,19.0,17.6,16.3,16.2
美浦,20260905,土,4:04,セイウンリリーナ,,牝,2,0,水野貴広,72.4,52.7,34.5,17.1,19.7,18.2,17.4,17.1
美浦,20260905,土,4:04,ディヴァインスペル,,牡,2,未出走,木村哲也,70.2,51.9,34.2,17.2,18.3,17.7,17.0,17.2
美浦,20260905,土,4:04,ピクシーブラスト,,牝,2,未出走,岩戸孝樹,68.1,49.8,32.9,16.4,18.3,16.9,16.5,16.4
美浦,20260905,土,4:04,フェイトロード,,牡,2,未出走,木村哲也,69.5,51.4,34.5,17.3,18.1,16.9,17.2,17.3
美浦,20260905,土,4:04,ルシッカレイパ,,牝,2,未登録,,69.4,50.7,33.3,16.6,18.7,17.4,16.7,16.6
美浦,20260905,土,4:04,レガレイラ,,牝,5,38750,木村哲也,71.0,52.2,34.3,17.0,18.8,17.9,17.3,17.0
美浦,20260905,土,4:05,オウケンサクラコ,,牝,3,0,田中勝春,64.8,47.4,31.3,15.5,17.4,16.1,15.8,15.5
美浦,20260905,土,4:05,セイウンプラチナ,,牡,7,2400,千葉直人,67.6,49.2,31.0,15.1,18.4,18.2,15.9,15.1
美浦,20260905,土,4:05,ドラゴンスマイル,,牡,2,未出走,田中勝春,65.1,47.5,31.3,15.7,17.6,16.2,15.6,15.7
美浦,20260905,土,4:05,ニシノマキロイ,,牡,2,0,田中勝春,65.7,48.9,32.4,15.9,16.8,16.5,16.5,15.9
美浦,20260905,土,4:05,ピクシーゲイル,,牡,3,0,松永康利,70.7,51.2,32.9,16.2,19.5,18.3,16.7,16.2
美浦,20260905,土,4:05,ヘイマー,,牡,3,0,伊藤伸一,64.8,48.3,32.0,15.7,16.5,16.3,16.3,15.7
美浦,20260905,土,4:05,ベルウッドスーパー,,牡,2,未出走,田中勝春,65.4,48.3,32.1,15.9,17.1,16.2,16.2,15.9
美浦,20260905,土,4:05,ローズサルーテ,,牝,2,未出走,松永康利,70.1,51.1,33.0,16.2,19.0,18.1,16.8,16.2
美浦,20260905,土,4:06,アストロカノン,,牡,2,未登録,,68.8,49.9,32.9,15.7,18.9,17.0,17.2,15.7
美浦,20260905,土,4:06,オペレッタテソーロ,,牝,2,0,菊川正達,55.3,40.6,26.6,13.0,14.7,14.0,13.6,13.0
美浦,20260905,土,4:06,テルケンレンコール,,牡,2,未出走,高柳瑞樹,71.9,52.2,34.9,17.3,19.7,17.3,17.6,17.3
美浦,20260905,土,4:06,メリークリスマス,,牡,4,2400,小手川準,72.9,53.1,34.4,16.5,19.8,18.7,17.9,16.5
美浦,20260905,土,4:06,モーニングクローク,,牝,2,未登録,,71.1,52.1,34.2,17.0,19.0,17.9,17.2,17.0
美浦,20260905,土,4:06,リリージェーン,,牝,6,900,小手川準,73.5,53.7,35.0,16.9,19.8,18.7,18.1,16.9
美浦,20260905,土,4:07,キョウエイグッド,,牡,4,400,千葉直人,67.4,48.9,31.7,15.2,18.5,17.2,16.5,15.2
美浦,20260905,土,4:07,クラウンロムパイア,,牡,2,0,松永康利,61.6,45.0,29.7,14.8,16.6,15.3,14.9,14.8
美浦,20260905,土,4:07,シンボリサーブル,,牡,2,未出走,菊川正達,64.9,48.6,31.9,15.4,16.3,16.7,16.5,15.4
美浦,20260905,土,4:07,ストロングボンド,,セ,3,700,菊川正達,64.8,47.8,31.5,16.0,17.0,16.3,15.5,16.0
美浦,20260905,土,4:07,セブンマイスター,,牡,5,900,千葉直人,65.3,46.4,30.1,14.8,18.9,16.3,15.3,14.8
美浦,20260905,土,4:07,ロードリベラシオン,,牡,4,900,尾形和幸,66.6,48.9,32.2,16.1,17.7,16.7,16.1,16.1
美浦,20260905,土,4:07,ヴィシーチェック,,牝,2,0,小手川準,74.3,54.6,35.8,18.0,19.7,18.8,17.8,18.0
美浦,20260905,土,4:08,アルレーヴ,,牡,2,未出走,杉浦宏昭,66.9,49.6,33.1,17.1,17.3,16.5,16.0,17.1
美浦,20260905,土,4:08,サウンズオーサム,,牝,2,0,千葉直人,70.3,50.1,32.4,15.6,20.2,17.7,16.8,15.6
美浦,20260905,土,4:08,ソロモン,,牡,4,400,堀宣行,66.6,49.1,31.8,15.5,17.5,17.3,16.3,15.5
美浦,20260905,土,4:08,ツインピークス,,牝,4,400,千葉直人,72.2,51.6,33.1,16.1,20.6,18.5,17.0,16.1
美浦,20260905,土,4:08,フランベリー,,牝,2,0,杉浦宏昭,66.8,49.5,33.1,17.0,17.3,16.4,16.1,17.0
美浦,20260905,土,4:08,レッドアトレーヴ,,牡,5,1500,手塚貴久,68.7,49.8,32.0,15.8,18.9,17.8,16.2,15.8
美浦,20260905,土,4:09,アウダーシア,,牡,3,3100,手塚貴久,68.2,49.8,32.8,16.7,18.4,17.0,16.1,16.7
美浦,20260905,土,4:09,ソードオブステート,,牡,2,未出走,堀宣行,66.3,48.7,31.9,15.7,17.6,16.8,16.2,15.7
美浦,20260905,土,4:09,ヒシホライゾン,,牡,2,未出走,堀宣行,66.9,49.1,32.3,15.8,17.8,16.8,16.5,15.8
美浦,20260905,土,4:09,ファンダム,,牡,4,3650,辻哲英,0.0,0.0,0.0,0.0,40.8,39.4,37.3,0.0
美浦,20260905,土,4:09,ブンブクチャガマ,,牝,2,未登録,,67.6,50.2,32.9,16.3,17.4,17.3,16.6,16.3
美浦,20260905,土,4:09,プレイヤ,,牡,2,未出走,手塚貴久,71.8,52.1,33.9,17.1,19.7,18.2,16.8,17.1
美浦,20260905,土,4:09,ラニアケア,,牡,2,未登録,,71.4,52.4,34.5,17.1,19.0,17.9,17.4,17.1
美浦,20260905,土,4:09,リアライズタキオン,,牡,3,400,手塚貴久,66.9,49.0,32.0,16.4,17.9,17.0,15.6,16.4
美浦,20260905,土,4:09,ルージュルフラン,,牝,2,未出走,手塚貴久,71.9,53.0,35.2,18.1,18.9,17.8,17.1,18.1
美浦,20260905,土,4:10,クラリカーン,,牡,2,未出走,高橋文雅,72.2,52.7,34.6,16.8,19.5,18.1,17.8,16.8
美浦,20260905,土,4:10,コスモブッドレア,,牡,5,2400,小野次郎,73.8,53.0,34.1,16.9,20.8,18.9,17.2,16.9
美浦,20260905,土,4:10,サフランルビー,,牝,2,未登録,,64.8,47.1,30.3,14.8,17.7,16.8,15.5,14.8
美浦,20260905,土,4:10,ダノンアスコルティ,,牝,3,400,森一誠,64.4,47.2,30.1,14.7,17.2,17.1,15.4,14.7
美浦,20260905,土,4:10,テンポアニマート,,牡,2,未出走,手塚貴久,70.8,51.5,34.5,16.9,19.3,17.0,17.6,16.9
美浦,20260905,土,4:10,トリエンナーレ,,牝,3,0,森一誠,68.5,50.5,33.0,16.2,18.0,17.5,16.8,16.2
美浦,20260905,土,4:10,ナナレイ,,牝,2,0,小野次郎,73.3,53.2,34.3,16.9,20.1,18.9,17.4,16.9
美浦,20260905,土,4:10,パレスラン,,牡,2,0,手塚貴久,69.9,51.4,34.0,16.5,18.5,17.4,17.5,16.5
美浦,20260905,土,4:10,ビタミン,,牝,2,未出走,森一誠,64.9,47.9,31.6,15.4,17.0,16.3,16.2,15.4
美浦,20260905,土,4:10,フィーリウス,,牡,4,2400,手塚貴久,69.7,51.6,34.2,16.9,18.1,17.4,17.3,16.9
美浦,20260905,土,4:10,ブレイクザアイス,,セ,7,400,森一誠,65.7,48.4,31.5,15.1,17.3,16.9,16.4,15.1
美浦,20260905,土,4:10,プロミスライン,,牝,3,0,森一誠,65.3,48.2,31.7,15.4,17.1,16.5,16.3,15.4
美浦,20260905,土,4:11,アオイレイラ,,牝,2,未出走,高橋文雅,71.7,52.3,34.2,16.8,19.4,18.1,17.4,16.8
美浦,20260905,土,4:11,アンヴデット,,牝,3,0,高橋文雅,69.6,50.8,33.1,16.7,18.8,17.7,16.4,16.7
美浦,20260905,土,4:11,クロマメ,,牡,2,未登録,,68.8,50.7,32.7,16.0,18.1,18.0,16.7,16.0
美浦,20260905,土,4:11,コスモバルムンク,,牡,2,0,小手川準,69.7,50.5,32.2,15.7,19.2,18.3,16.5,15.7
美浦,20260905,土,4:11,チェストー,,牡,3,0,高橋文雅,68.2,49.4,32.3,16.3,18.8,17.1,16.0,16.3
美浦,20260905,土,4:11,トゥントゥントゥン,,牡,3,0,高橋文雅,64.9,48.1,31.9,16.2,16.8,16.2,15.7,16.2
美浦,20260905,土,4:11,トウタツ,,牡,4,400,小手川準,69.6,50.6,32.7,15.9,19.0,17.9,16.8,15.9
美浦,20260905,土,4:12,アトラステソーロ,,牡,3,400,高木登,70.6,52.3,34.0,17.2,18.3,18.3,16.8,17.2
美浦,20260905,土,4:12,オウギノカナメ,,牡,6,2400,高木登,74.8,55.0,36.3,17.7,19.8,18.7,18.6,17.7
美浦,20260905,土,4:12,プラチナトレジャー,,牡,8,2400,高木登,72.0,53.4,35.1,17.8,18.6,18.3,17.3,17.8
美浦,20260905,土,4:12,リラキトス,,牡,4,150,高木登,72.9,54.0,35.4,18.0,18.9,18.6,17.4,18.0
美浦,20260905,土,4:12,ヴァルツァーシャル,,牡,7,6300,高木登,71.0,52.0,34.0,16.8,19.0,18.0,17.2,16.8
美浦,20260905,土,4:13,アレックスケー,,牡,2,0,小野次郎,67.3,49.6,32.4,16.0,17.7,17.2,16.4,16.0
美浦,20260905,土,4:13,キタノリキュール,,牝,2,未出走,奥平雅士,72.0,53.1,34.9,17.5,18.9,18.2,17.4,17.5
美浦,20260905,土,4:13,サイモントレノ,,牡,2,未出走,奥平雅士,83.7,62.9,44.7,23.9,20.8,18.2,20.8,23.9
美浦,20260905,土,4:13,サワエ,,牝,3,未出走,加藤和宏,69.3,51.0,33.5,16.8,18.3,17.5,16.7,16.8
美浦,20260905,土,4:13,ツクバグルーヴィー,,牝,2,未登録,,72.0,53.0,35.0,17.5,19.0,18.0,17.5,17.5
美浦,20260905,土,4:15,メモリーグラス,,牡,6,900,松永康利,69.4,50.7,33.5,17.2,18.7,17.2,16.3,17.2
美浦,20260905,土,4:18,ロサンゼルス,,牡,5,1500,伊藤圭三,68.2,49.8,32.3,15.6,18.4,17.5,16.7,15.6
美浦,20260905,土,4:19,アフォーダビリティ,,牝,2,未出走,和田雄二,64.6,47.3,31.0,15.3,17.3,16.3,15.7,15.3
美浦,20260905,土,4:19,カシノデスティニー,,牝,2,未出走,和田雄二,69.5,51.6,34.3,17.1,17.9,17.3,17.2,17.1
美浦,20260905,土,4:19,クリノゴッホ,,セ,6,400,新開幸一,68.1,50.2,32.5,15.8,17.9,17.7,16.7,15.8
美浦,20260905,土,4:19,サターンテソーロ,,牡,2,未出走,畠山吉宏,75.9,54.8,35.5,17.5,21.1,19.3,18.0,17.5
美浦,20260905,土,4:19,タイセイルヴァン,,牡,4,580,新開幸一,67.2,49.7,32.5,15.9,17.5,17.2,16.6,15.9
美浦,20260905,土,4:19,マイネルダンク,,セ,8,0,青木孝文,71.3,52.1,33.4,16.4,19.2,18.7,17.0,16.4
美浦,20260905,土,4:19,ヴィクトリーロード,,牡,6,580,畠山吉宏,73.8,53.4,34.3,16.9,20.4,19.1,17.4,16.9
美浦,20260905,土,4:20,シュハリ,,牡,6,0,粕谷昌央,66.3,49.0,32.5,16.8,17.3,16.5,15.7,16.8
美浦,20260905,土,4:20,ジンガー,,牡,4,440,粕谷昌央,66.1,48.1,32.0,16.6,18.0,16.1,15.4,16.6
美浦,20260905,土,4:20,ダイヤモンドモカ,,牝,2,未出走,秋本大介,75.2,53.9,34.7,16.7,21.3,19.2,18.0,16.7
美浦,20260905,土,4:20,ヌンエリン,,牝,2,0,秋本大介,75.8,55.0,35.5,17.1,20.8,19.5,18.4,17.1
美浦,20260905,土,4:20,フジフォンテ,,セ,7,400,粕谷昌央,65.5,48.3,32.2,16.9,17.2,16.1,15.3,16.9
美浦,20260905,土,4:20,ルギッドドランジュ,,牝,2,0,秋本大介,72.9,52.0,33.1,15.9,20.9,18.9,17.2,15.9
美浦,20260905,土,4:22,サムハラ,,牡,3,400,新開幸一,70.1,50.8,33.0,16.1,19.3,17.8,16.9,16.1
美浦,20260905,土,4:22,ブルーマエストロ,,牡,4,900,黒岩陽一,66.0,47.7,30.8,15.4,18.3,16.9,15.4,15.4
美浦,20260905,土,4:22,マイネルブリックス,,牡,5,1500,黒岩陽一,66.3,49.2,31.7,15.3,17.1,17.5,16.4,15.3
美浦,20260905,土,4:22,ロジパンドラ,,牝,2,未出走,新開幸一,71.9,52.2,33.6,17.2,19.7,18.6,16.4,17.2
美浦,20260905,土,4:22,ヴァレンティーニ,,牝,3,400,新開幸一,64.4,45.8,29.9,14.7,18.6,15.9,15.2,14.7
美浦,20260905,土,4:24,キャピタルストーン,,牡,2,0,久保田貴,67.8,49.1,32.3,15.6,18.7,16.8,16.7,15.6
美浦,20260905,土,4:24,クラシオン,,牡,3,400,菊沢隆徳,66.6,48.8,32.1,16.1,17.8,16.7,16.0,16.1
美浦,20260905,土,4:24,ジーティーブラック,,牡,3,400,菊沢隆徳,65.9,48.3,31.6,15.3,17.6,16.7,16.3,15.3
美浦,20260905,土,4:24,スペーストラベラー,,牡,2,未出走,菊沢隆徳,66.2,48.1,31.9,16.2,18.1,16.2,15.7,16.2
美浦,20260905,土,4:24,マインドブレイズ,,牡,2,未出走,菊沢隆徳,67.6,49.4,32.3,16.1,18.2,17.1,16.2,16.1
美浦,20260905,土,4:24,モンツァフレイバー,,牡,4,0,久保田貴,66.0,48.8,32.4,16.4,17.2,16.4,16.0,16.4
美浦,20260905,土,4:24,ヤマメゴリュウ,,牡,2,未出走,久保田貴,65.9,48.7,32.3,16.4,17.2,16.4,15.9,16.4
美浦,20260905,土,4:25,アイビークロノス,,牡,2,0,牧光二,64.6,48.2,32.2,16.2,16.4,16.0,16.0,16.2
美浦,20260905,土,4:25,エーオーキング,,牡,4,900,久保田貴,69.0,50.9,33.7,16.8,18.1,17.2,16.9,16.8
美浦,20260905,土,4:25,オオタチ,,牡,4,900,久保田貴,68.3,49.9,33.3,17.2,18.4,16.6,16.1,17.2
美浦,20260905,土,4:25,シダモフレイバー,,牡,2,未出走,久保田貴,68.2,50.0,32.5,16.0,18.2,17.5,16.5,16.0
美浦,20260905,土,4:25,ジェネラスキング,,牡,3,400,久保田貴,68.3,50.1,32.5,16.1,18.2,17.6,16.4,16.1
美浦,20260905,土,4:25,スウィット,,牡,2,0,牧光二,65.1,48.5,32.3,16.4,16.6,16.2,15.9,16.4
美浦,20260905,土,4:25,フロックコート,,牡,2,未出走,牧光二,65.2,48.5,32.4,16.4,16.7,16.1,16.0,16.4
美浦,20260905,土,4:26,アイビーナツユメ,,牝,2,未出走,牧光二,69.8,50.7,33.0,16.9,19.1,17.7,16.1,16.9
美浦,20260905,土,4:26,マイネルモメンタム,,牡,5,400,相沢郁,67.7,49.5,32.5,16.3,18.2,17.0,16.2,16.3
美浦,20260905,土,4:26,ライヴテキーラ,,牝,2,0,牧光二,67.4,48.6,31.3,15.7,18.8,17.3,15.6,15.7
美浦,20260905,土,4:26,ルスカーレット,,牝,2,未出走,牧光二,66.6,48.6,32.0,16.3,18.0,16.6,15.7,16.3
美浦,20260905,土,4:27,アオイレイラ,,牝,2,未出走,高橋文雅,58.8,41.9,27.6,14.1,16.9,14.3,13.5,14.1
美浦,20260905,土,4:27,トゥントゥントゥン,,牡,3,0,高橋文雅,57.6,40.5,26.6,13.3,17.1,13.9,13.3,13.3
美浦,20260905,土,4:28,タイセイネクサス,,セ,3,0,古賀慎明,67.0,49.3,32.7,16.4,17.7,16.6,16.3,16.4
美浦,20260905,土,4:28,タイセイブルーム,,牡,3,400,古賀慎明,67.7,50.4,33.2,16.8,17.3,17.2,16.4,16.8
美浦,20260905,土,4:30,ツェルプスト,,牡,2,未出走,上原博之,67.9,50.5,33.8,16.8,17.4,16.7,17.0,16.8
美浦,20260905,土,4:31,ソニックキャット,,牡,3,400,中舘英二,72.8,52.3,33.7,16.3,20.5,18.6,17.4,16.3
美浦,20260905,土,4:31,ヴァンデエス,,牝,2,0,中舘英二,69.7,51.5,33.9,17.0,18.2,17.6,16.9,17.0
美浦,20260905,土,4:32,イズミル,,牡,2,未出走,中舘英二,70.9,51.4,33.7,17.1,19.5,17.7,16.6,17.1
美浦,20260905,土,4:32,エコロガレル,,牡,2,未出走,中舘英二,70.6,51.2,33.6,16.6,19.4,17.6,17.0,16.6
美浦,20260905,土,4:32,エンジャムメント,,牝,2,未出走,中舘英二,70.5,51.3,33.5,16.4,19.2,17.8,17.1,16.4
美浦,20260905,土,4:32,ナイトバード,,牡,3,0,中舘英二,70.9,51.8,34.0,17.2,19.1,17.8,16.8,17.2
美浦,20260905,土,4:33,フォクセン,,牡,2,0,戸田博文,73.1,54.6,36.7,18.4,18.5,17.9,18.3,18.4
美浦,20260905,土,4:33,フォンドルレール,,牡,3,0,戸田博文,70.6,52.5,34.7,17.5,18.1,17.8,17.2,17.5
美浦,20260905,土,4:33,ペネトレイトゴー,,セ,6,0,戸田博文,77.4,55.9,36.2,17.7,21.5,19.7,18.5,17.7
美浦,20260905,土,4:33,マリブオレンジ,,牝,4,400,戸田博文,71.6,52.8,34.6,16.5,18.8,18.2,18.1,16.5
美浦,20260905,土,4:33,ヴィーデ,,セ,4,400,戸田博文,77.1,55.6,35.9,17.1,21.5,19.7,18.8,17.1
美浦,20260905,土,4:36,ゴールデンパルス,,牡,2,未出走,柄崎将寿,66.1,48.1,31.9,15.7,18.0,16.2,16.2,15.7
美浦,20260905,土,4:36,セイウンコハルタ,,牝,2,0,柄崎将寿,66.5,48.2,31.2,15.4,18.3,17.0,15.8,15.4
美浦,20260905,土,4:36,ダブルスプリング,,牡,2,未出走,柄崎将寿,66.9,48.7,32.0,16.1,18.2,16.7,15.9,16.1
美浦,20260905,土,4:36,パワープレイ,,牡,2,未登録,,65.6,47.5,31.1,15.4,18.1,16.4,15.7,15.4
美浦,20260905,土,4:36,フレンチブラッサム,,牝,3,0,柄崎将寿,68.2,49.2,32.4,15.7,19.0,16.8,16.7,15.7
美浦,20260905,土,4:36,マイティドレイブン,,牡,2,未出走,柄崎将寿,65.9,47.7,31.3,15.4,18.2,16.4,15.9,15.4
美浦,20260905,土,4:36,メモリアカフェ,,牝,4,6670,柄崎将寿,71.9,51.5,32.9,15.9,20.4,18.6,17.0,15.9
美浦,20260905,土,4:37,イマジェリーナ,,牝,3,0,加藤和宏,64.4,49.1,33.8,17.9,15.3,15.3,15.9,17.9
美浦,20260905,土,4:37,ストーリーオブラブ,,牝,3,400,小野次郎,70.3,51.6,33.2,16.5,18.7,18.4,16.7,16.5
美浦,20260905,土,4:37,ニシノハナカケル,,牝,2,未出走,加藤和宏,69.0,52.1,35.1,18.0,16.9,17.0,17.1,18.0
美浦,20260905,土,4:38,コスモゴレアドール,,牡,7,110,秋本大介,70.1,50.9,33.0,15.6,19.2,17.9,17.4,15.6
美浦,20260905,土,4:38,バトルモクオ,,牡,3,0,戸田博文,69.1,50.2,33.1,16.4,18.9,17.1,16.7,16.4
美浦,20260905,土,4:40,ケアホルム,,牡,2,未出走,斎藤誠,71.8,53.3,35.2,17.6,18.5,18.1,17.6,17.6
美浦,20260905,土,4:40,ジュリアスローズ,,牝,5,400,粕谷昌央,64.7,47.6,30.7,15.3,17.1,16.9,15.4,15.3
美浦,20260905,土,4:40,ゼーゲルン,,牡,2,未出走,斎藤誠,69.2,50.8,32.7,15.8,18.4,18.1,16.9,15.8
美浦,20260905,土,4:40,トラモンターナ,,牡,2,未登録,,71.7,52.8,34.9,17.5,18.9,17.9,17.4,17.5
美浦,20260905,土,4:40,ノーブルミント,,牝,2,0,粕谷昌央,65.0,47.8,31.0,15.6,17.2,16.8,15.4,15.6
美浦,20260905,土,4:40,バトンロード,,牡,4,100,粕谷昌央,64.6,47.3,30.8,15.4,17.3,16.5,15.4,15.4
美浦,20260905,土,4:40,ファンクション,,牝,3,400,斎藤誠,69.2,51.0,33.9,16.8,18.2,17.1,17.1,16.8
美浦,20260905,土,4:40,ブルーサンタ,,牡,2,未登録,,71.7,52.8,34.9,17.5,18.9,17.9,17.4,17.5
美浦,20260905,土,4:40,ポールセン,,牡,4,1900,斎藤誠,68.8,50.3,33.0,16.5,18.5,17.3,16.5,16.5
美浦,20260905,土,4:40,モーゲンセン,,牡,3,900,斎藤誠,68.6,50.0,32.3,15.7,18.6,17.7,16.6,15.7
美浦,20260905,土,4:40,ラプランセス,,牝,3,400,斎藤誠,69.6,50.8,33.5,16.9,18.8,17.3,16.6,16.9
美浦,20260905,土,4:41,タツサンデー,,牡,2,未出走,的場均,75.4,55.3,35.9,18.1,20.1,19.4,17.8,18.1
美浦,20260905,土,4:41,マーシヴィガラス,,牡,6,1500,的場均,74.2,54.7,36.3,18.3,19.5,18.4,18.0,18.3
美浦,20260905,土,4:42,カンタベリーアップ,,牝,2,未出走,的場均,69.9,50.5,33.4,16.6,19.4,17.1,16.8,16.6
美浦,20260905,土,4:44,デイトナチャンプ,,牡,3,900,加藤征弘,68.7,50.5,33.2,16.7,18.2,17.3,16.5,16.7
美浦,20260905,土,4:44,ラヴスコール,,牝,5,400,加藤征弘,69.4,51.0,33.4,16.9,18.4,17.6,16.5,16.9
美浦,20260905,土,4:45,ガジュノリプリンス,,牡,2,未出走,尾形和幸,67.5,49.2,32.1,16.1,18.3,17.1,16.0,16.1
美浦,20260905,土,4:45,ソニックキャット,,牡,3,400,中舘英二,68.8,49.4,31.7,14.9,19.4,17.7,16.8,14.9
美浦,20260905,土,4:45,ナハトナナレオン,,牝,3,400,矢嶋大樹,66.7,48.7,32.0,15.8,18.0,16.7,16.2,15.8
美浦,20260905,土,4:45,メビウスロマンス,,牝,3,0,矢嶋大樹,69.6,51.3,33.9,16.9,18.3,17.4,17.0,16.9
美浦,20260905,土,4:45,ユキマル,,牡,6,2190,尾形和幸,68.4,49.7,32.9,16.4,18.7,16.8,16.5,16.4
美浦,20260905,土,4:45,ルージュラナキラ,,牝,4,2400,加藤征弘,68.6,51.2,33.2,16.6,17.4,18.0,16.6,16.6
美浦,20260905,土,4:46,ピエスユニーク,,牝,3,400,手塚貴久,67.9,50.6,33.4,16.8,17.3,17.2,16.6,16.8
美浦,20260905,土,4:46,レイヤードホワイト,,牝,2,0,手塚貴久,67.6,49.6,32.7,16.1,18.0,16.9,16.6,16.1
美浦,20260905,土,4:46,レイヤードレッド,,牡,4,900,手塚貴久,68.6,50.6,33.5,16.5,18.0,17.1,17.0,16.5
美浦,20260905,土,4:47,トゥラッタッタ,,牡,5,0,新開幸一,67.1,49.1,32.5,16.1,18.0,16.6,16.4,16.1
美浦,20260905,土,4:47,ナイトバード,,牡,3,0,中舘英二,69.6,50.5,32.0,15.7,19.1,18.5,16.3,15.7
美浦,20260905,土,4:48,イーガービーバー,,牡,3,0,和田正一,65.8,48.4,32.1,16.0,17.4,16.3,16.1,16.0
美浦,20260905,土,4:48,エウテルペ,,牝,4,400,和田正一,64.9,48.3,32.0,16.3,16.6,16.3,15.7,16.3
美浦,20260905,土,4:48,エコロガレル,,牡,2,未出走,中舘英二,70.0,51.3,33.3,16.0,18.7,18.0,17.3,16.0
美浦,20260905,土,4:48,ドンエレクトス,,牡,3,1900,高木登,70.8,51.4,33.5,16.7,19.4,17.9,16.8,16.7
美浦,20260905,土,4:48,ニシノブレイゼスト,,牡,4,900,高木登,74.6,53.8,35.0,17.4,20.8,18.8,17.6,17.4
美浦,20260905,土,4:48,ベルゼビュート,,牡,3,900,高木登,71.6,51.4,32.7,15.9,20.2,18.7,16.8,15.9
美浦,20260905,土,4:48,マンマリアーレ,,牝,6,2400,高木登,74.8,53.5,35.2,17.5,21.3,18.3,17.7,17.5
美浦,20260905,土,4:48,モルスリール,,牡,2,未出走,高木登,72.0,51.7,33.1,16.4,20.3,18.6,16.7,16.4
美浦,20260905,土,4:48,ルグランヴァン,,牡,4,1500,高木登,74.4,53.8,34.8,17.2,20.6,19.0,17.6,17.2
美浦,20260905,土,4:48,ヴァンデエス,,牝,2,0,中舘英二,72.0,52.5,34.2,17.1,19.5,18.3,17.1,17.1
美浦,20260905,土,4:49,キングプロフィット,,牡,5,120,天間昭一,63.9,47.2,31.1,15.6,16.7,16.1,15.5,15.6
美浦,20260905,土,4:50,アテンスマイル,,牝,5,190,室井潔,66.4,48.0,31.3,15.2,18.4,16.7,16.1,15.2
美浦,20260905,土,4:50,アルシャンティ,,牝,4,100,室井潔,76.0,55.9,36.7,18.0,20.1,19.2,18.7,18.0
美浦,20260905,土,4:50,サフランルージュ,,牝,3,400,室井潔,74.4,55.4,36.7,17.6,19.0,18.7,19.1,17.6
美浦,20260905,土,4:50,ダンシングアワー,,牝,2,0,室井潔,68.6,49.1,31.9,16.3,19.5,17.2,15.6,16.3
美浦,20260905,土,4:50,ピグマリオン,,牡,3,0,室井潔,68.5,52.0,35.0,17.4,16.5,17.0,17.6,17.4
美浦,20260905,土,4:50,ワッフル,,牝,3,0,室井潔,78.7,57.0,37.1,18.6,21.7,19.9,18.5,18.6
美浦,20260905,土,4:51,キョウエイフロイデ,,牝,5,1500,中川公成,57.4,42.2,27.5,13.1,15.2,14.7,14.4,13.1
美浦,20260905,土,4:51,ラルガメンテ,,牝,4,400,尾関知人,68.1,50.2,33.7,16.5,17.9,16.5,17.2,16.5
美浦,20260905,土,4:51,ローブリッター,,牝,2,未出走,尾関知人,68.1,50.9,33.9,16.9,17.2,17.0,17.0,16.9
美浦,20260905,土,4:51,ヴィヴァラリス,,牝,4,400,尾関知人,66.9,49.4,32.6,15.8,17.5,16.8,16.8,15.8
美浦,20260905,土,4:52,カラメーロ,,牝,2,未登録,,74.3,53.7,34.3,17.1,20.6,19.4,17.2,17.1
美浦,20260905,土,4:52,コールオンユー,,牝,2,未登録,,64.0,47.3,31.8,16.3,16.7,15.5,15.5,16.3
美浦,20260905,土,4:52,ジャストキュート,,牝,3,0,武藤善則,74.4,53.4,34.7,17.3,21.0,18.7,17.4,17.3
美浦,20260905,土,4:52,スーパーホース,,セ,4,200,堀内岳志,69.4,50.1,33.0,16.4,19.3,17.1,16.6,16.4
美浦,20260905,土,4:52,セイルクルーズ,,牝,2,未出走,武藤善則,74.8,53.6,34.8,17.3,21.2,18.8,17.5,17.3
美浦,20260905,土,4:52,タカラエイティ,,牝,3,0,堀内岳志,72.9,52.6,34.2,16.6,20.3,18.4,17.6,16.6
美浦,20260905,土,4:52,リードプリンシパル,,牝,4,900,天間昭一,66.1,48.2,32.4,15.7,17.9,15.8,16.7,15.7
美浦,20260905,土,4:52,ルバルマン,,牡,2,未出走,堀内岳志,71.5,51.2,32.6,15.7,20.3,18.6,16.9,15.7
美浦,20260905,土,4:52,ロンドンコーリング,,牝,2,未出走,牧光二,64.0,47.6,31.8,16.1,16.4,15.8,15.7,16.1
美浦,20260905,土,4:53,ペロ,,牡,5,400,浅利英明,66.1,47.9,30.5,15.2,18.2,17.4,15.3,15.2
美浦,20260905,土,4:54,アルティマノヴァ,,牝,2,未登録,,67.4,50.1,33.5,16.5,17.3,16.6,17.0,16.5
美浦,20260905,土,4:54,ウェイクフィールド,,牡,3,900,嘉藤貴行,63.2,46.1,30.1,14.3,17.1,16.0,15.8,14.3
美浦,20260905,土,4:54,トモジャシャカ,,牡,2,未出走,鈴木伸尋,69.3,50.4,32.9,16.2,18.9,17.5,16.7,16.2
美浦,20260905,土,4:54,ノーウェアマン,,牡,3,400,浅利英明,65.8,48.3,31.5,15.6,17.5,16.8,15.9,15.6
美浦,20260905,土,4:54,モリノセピア,,牡,5,900,鈴木伸尋,68.1,50.1,33.1,16.5,18.0,17.0,16.6,16.5
美浦,20260905,土,4:54,リリーリリー,,牝,2,未出走,浅利英明,68.0,49.9,32.7,16.2,18.1,17.2,16.5,16.2
美浦,20260905,土,4:54,ルクスブライア,,牝,2,未登録,,71.2,52.3,34.7,17.4,18.9,17.6,17.3,17.4
美浦,20260905,土,4:54,ヴェントセラーレ,,牡,2,未出走,嘉藤貴行,65.1,47.9,31.4,15.4,17.2,16.5,16.0,15.4
美浦,20260905,土,4:54,ヴォンヌヴォー,,牝,6,400,天間昭一,69.2,50.8,33.8,16.7,18.4,17.0,17.1,16.7
美浦,20260905,土,4:54,ﾚｵﾊﾟﾙﾃﾞｨﾅの24,,牝,2,未登録,,70.6,51.9,34.3,17.3,18.7,17.6,17.0,17.3
美浦,20260905,土,4:55,エーアイクワイ,,牡,2,0,相沢郁,66.2,48.7,32.1,16.0,17.5,16.6,16.1,16.0
美浦,20260905,土,4:55,カゼノタカトシ,,牡,4,900,久保田貴,67.3,49.9,32.8,15.8,17.4,17.1,17.0,15.8
美浦,20260905,土,4:55,サツキマンボ,,牝,2,未出走,天間昭一,72.9,52.4,33.8,16.5,20.5,18.6,17.3,16.5
美浦,20260905,土,4:55,サリードゥ,,牝,2,0,鈴木伸尋,66.8,49.5,32.7,16.3,17.3,16.8,16.4,16.3
美浦,20260905,土,4:55,シルクドマルス,,牝,2,400,松尾卓哉,70.8,50.3,32.1,16.0,20.5,18.2,16.1,16.0
美浦,20260905,土,4:55,スワローシチー,,牡,4,400,相沢郁,64.2,47.0,30.4,14.7,17.2,16.6,15.7,14.7
美浦,20260905,土,4:55,タッカーヴィーナス,,牝,2,0,鈴木伸尋,66.2,48.7,31.9,15.9,17.5,16.8,16.0,15.9
美浦,20260905,土,4:55,トモジャオーリー,,牝,3,400,鈴木伸尋,68.3,49.5,32.1,16.4,18.8,17.4,15.7,16.4
美浦,20260905,土,4:55,ナムラダックス,,牡,2,0,石栗龍彦,66.3,48.3,31.7,15.7,18.0,16.6,16.0,15.7
美浦,20260905,土,4:55,ベールダウン,,牝,2,0,松尾卓哉,70.9,51.1,33.1,16.8,19.8,18.0,16.3,16.8
美浦,20260905,土,4:55,ミコウェイ,,牝,2,未出走,鈴木伸尋,70.2,51.4,33.8,16.8,18.8,17.6,17.0,16.8
美浦,20260905,土,4:55,ラッキーブーケ,,牝,2,未出走,鈴木伸尋,69.2,50.1,32.5,16.1,19.1,17.6,16.4,16.1
美浦,20260905,土,4:55,ルナルーチェット,,牝,4,900,松尾卓哉,69.6,48.9,31.2,15.4,20.7,17.7,15.8,15.4
美浦,20260905,土,4:56,アーバーバイティ,,牡,2,未出走,武市康男,66.7,48.5,31.0,14.6,18.2,17.5,16.4,14.6
美浦,20260905,土,4:56,イミグラントソング,,牡,4,3100,辻哲英,70.9,51.1,33.3,15.6,19.8,17.8,17.7,15.6
美浦,20260905,土,4:56,カシオペア,,牡,4,400,上原佑紀,62.7,46.5,30.5,15.1,16.2,16.0,15.4,15.1
美浦,20260905,土,4:56,グランレーヴ,,牡,2,未出走,武市康男,66.8,49.1,32.4,16.2,17.7,16.7,16.2,16.2
美浦,20260905,土,4:56,コスモティタノ,,牡,2,0,武市康男,67.3,50.0,33.1,17.0,17.3,16.9,16.1,17.0
美浦,20260905,土,4:56,パッションノーヴァ,,牡,2,未出走,武藤善則,68.4,49.2,31.8,16.0,19.2,17.4,15.8,16.0
美浦,20260905,土,4:56,ライヒスアドラー,,牡,3,2400,上原佑紀,63.8,47.0,30.8,15.1,16.8,16.2,15.7,15.1
美浦,20260905,土,4:56,ルクスレイモンド,,牡,3,900,上原佑紀,69.5,49.8,32.0,15.6,19.7,17.8,16.4,15.6
美浦,20260905,土,4:56,レーヴデリオン,,牡,2,未出走,上原佑紀,63.3,46.1,30.4,14.9,17.2,15.7,15.5,14.9
美浦,20260905,土,4:57,ウィレマイト,,牝,2,未出走,辻哲英,131.6,95.2,61.9,31.3,36.4,33.3,30.6,31.3
美浦,20260905,土,4:57,エセルフリーダ,,牝,5,4300,武藤善則,72.9,52.2,33.3,16.3,20.7,18.9,17.0,16.3
美浦,20260905,土,4:57,コパノキラキラ,,牡,2,未出走,上原博之,67.7,49.0,31.8,15.9,18.7,17.2,15.9,15.9
美浦,20260905,土,4:57,ジェニードール,,牝,2,未登録,,66.6,48.0,31.0,15.7,18.6,17.0,15.3,15.7
美浦,20260905,土,4:57,ピコチェリー,,牝,2,未登録,,73.1,53.3,34.8,17.7,19.8,18.5,17.1,17.7
美浦,20260905,土,4:57,ブルーダイヤシチー,,牡,3,0,上原博之,66.1,49.6,33.4,17.1,16.5,16.2,16.3,17.1
美浦,20260905,土,4:57,マデイラシトリン,,牝,2,未出走,田中勝春,65.5,47.3,31.0,15.6,18.2,16.3,15.4,15.6
美浦,20260905,土,4:57,レオンティウス,,牡,2,400,田中勝春,65.8,47.5,31.1,15.6,18.3,16.4,15.5,15.6
美浦,20260905,土,4:57,ロイヤルガンモ,,牝,2,未出走,上原博之,73.9,54.3,36.0,18.6,19.6,18.3,17.4,18.6
美浦,20260905,土,4:57,ロングラン,,セ,8,9750,和田勇介,68.5,51.1,33.8,16.8,17.4,17.3,17.0,16.8
美浦,20260905,土,4:58,エラガバリウム,,セ,3,0,千葉直人,67.1,49.2,32.6,16.7,17.9,16.6,15.9,16.7
美浦,20260905,土,4:58,クシェドゥソレイユ,,牝,2,0,辻哲英,132.3,95.3,63.1,30.5,37.0,32.2,32.6,30.5
美浦,20260905,土,4:58,シュートザワークス,,牡,2,0,千葉直人,68.5,49.3,32.1,15.9,19.2,17.2,16.2,15.9
美浦,20260905,土,4:58,シルフレイ,,牝,4,400,千葉直人,67.0,48.5,31.2,15.2,18.5,17.3,16.0,15.2
美浦,20260905,土,4:58,ジェミニディウ,,牝,2,未出走,伊藤圭三,66.7,48.4,31.7,15.7,18.3,16.7,16.0,15.7
美浦,20260905,土,4:58,ジョワリヴレ,,牝,2,未出走,千葉直人,71.5,49.7,31.3,15.3,21.8,18.4,16.0,15.3
美浦,20260905,土,4:58,スピカテソーロ,,牡,2,0,伊藤圭三,67.0,49.4,32.1,15.8,17.6,17.3,16.3,15.8
美浦,20260905,土,4:58,テルケンレンジシ,,牡,2,未出走,勢司和浩,70.9,52.8,34.9,17.4,18.1,17.9,17.5,17.4
美浦,20260905,土,4:58,ドーンオブホープ,,牡,2,未出走,伊藤圭三,66.5,48.7,32.1,15.6,17.8,16.6,16.5,15.6
美浦,20260905,土,4:58,ネイチャーシップ,,牡,8,900,畠山吉宏,70.3,52.2,34.0,17.0,18.1,18.2,17.0,17.0
美浦,20260905,土,4:58,マーシヴィガラス,,牡,6,1500,的場均,69.0,51.7,33.6,16.5,17.3,18.1,17.1,16.5
美浦,20260905,土,4:59,アマイ,,牝,6,1500,伊藤大士,64.9,47.4,31.1,15.6,17.5,16.3,15.5,15.6
美浦,20260905,土,4:59,コスモアチーブ,,牡,4,400,伊藤大士,64.3,47.9,31.8,15.6,16.4,16.1,16.2,15.6
美浦,20260905,土,4:59,ハイラント,,セ,5,900,伊藤大士,62.7,46.7,30.6,14.7,16.0,16.1,15.9,14.7
美浦,20260905,土,4:59,ピコアーガイル,,牡,5,700,伊藤大士,63.8,47.5,31.8,16.0,16.3,15.7,15.8,16.0
美浦,20260905,土,4:59,ベンヴェヌータ,,牝,3,900,辻哲英,70.9,52.2,33.7,16.7,18.7,18.5,17.0,16.7
美浦,20260905,土,4:59,マイネルユンフェン,,牡,2,未出走,伊藤大士,65.4,48.2,31.8,16.1,17.2,16.4,15.7,16.1
美浦,20260905,土,5:00,トヨサカエ,,牡,3,900,高橋文雅,67.8,49.1,31.8,16.1,18.7,17.3,15.7,16.1
美浦,20260905,土,5:00,フォルスラヴィ,,牡,2,0,伊藤大士,64.1,47.4,31.8,16.2,16.7,15.6,15.6,16.2
美浦,20260905,土,5:00,プレースメント,,牡,3,400,蛯名正義,69.3,50.5,33.0,16.5,18.8,17.5,16.5,16.5
美浦,20260905,土,5:00,メイショウソムリエ,,セ,5,400,蛯名正義,68.4,49.7,32.3,15.5,18.7,17.4,16.8,15.5
美浦,20260905,土,5:00,メダルボーイ,,牡,2,未出走,蛯名正義,69.9,51.0,34.0,17.1,18.9,17.0,16.9,17.1
美浦,20260905,土,5:01,アサヒ,,牡,7,2050,金成貴史,75.8,53.7,34.7,16.7,22.1,19.0,18.0,16.7
美浦,20260905,土,5:01,ウイントリベルガ,,牡,3,0,深山雅史,75.3,56.8,38.5,19.7,18.5,18.3,18.8,19.7
美浦,20260905,土,5:01,キャミソール,,牝,2,未出走,深山雅史,78.1,58.0,38.8,19.5,20.1,19.2,19.3,19.5
美浦,20260905,土,5:01,キンバリー,,牡,2,0,伊藤伸一,72.3,53.0,35.1,18.0,19.3,17.9,17.1,18.0
美浦,20260905,土,5:01,ジャストゴーイング,,牡,2,未出走,中川公成,70.9,52.7,34.8,18.3,18.2,17.9,16.5,18.3
美浦,20260905,土,5:01,セールデュクール,,牝,2,0,深山雅史,76.7,57.5,38.2,19.4,19.2,19.3,18.8,19.4
美浦,20260905,土,5:01,ニシノハクシャ,,牡,2,未出走,清水英克,68.0,50.3,32.9,16.4,17.7,17.4,16.5,16.4
美浦,20260905,土,5:01,フィリオソラーレ,,牡,2,400,木村哲也,74.7,55.3,36.1,18.1,19.4,19.2,18.0,18.1
美浦,20260905,土,5:01,プラチナドリーム,,牡,7,900,菊川正達,67.0,49.3,32.6,16.4,17.7,16.7,16.2,16.4
美浦,20260905,土,5:01,プレミアブルー,,牡,4,0,菊川正達,65.3,47.7,31.4,15.4,17.6,16.3,16.0,15.4
美浦,20260905,土,5:01,マニッシュ,,牝,2,未出走,伊藤伸一,72.3,53.0,35.3,18.1,19.3,17.7,17.2,18.1
美浦,20260905,土,5:02,アーリマックス,,牝,3,0,清水英克,70.3,52.1,34.4,17.5,18.2,17.7,16.9,17.5
美浦,20260905,土,5:02,セイウンウィルド,,牡,2,0,松山将樹,68.0,47.2,29.2,13.9,20.8,18.0,15.3,13.9
美浦,20260905,土,5:02,ハクサンミレイ,,牝,3,0,松山将樹,68.9,50.0,32.5,15.4,18.9,17.5,17.1,15.4
美浦,20260905,土,5:02,リアシュアー,,牝,2,未登録,,70.5,52.4,34.3,17.3,18.1,18.1,17.0,17.3
美浦,20260905,土,5:02,レッドライトニング,,牡,5,900,浅利英明,67.8,48.4,31.8,16.0,19.4,16.6,15.8,16.0
美浦,20260905,土,5:05,アクロスメモリア,,牝,3,0,田島俊明,70.2,50.8,32.9,16.9,19.4,17.9,16.0,16.9
美浦,20260905,土,5:05,コスモグリュー,,牝,2,未出走,田島俊明,69.7,50.4,32.6,16.1,19.3,17.8,16.5,16.1
美浦,20260905,土,5:05,サニーガッサン,,牡,2,未出走,田島俊明,68.8,50.2,32.6,16.2,18.6,17.6,16.4,16.2
美浦,20260905,土,5:05,ソードスレイプニル,,牝,3,400,鈴木慎太,67.2,48.3,31.1,15.6,18.9,17.2,15.5,15.6
美浦,20260905,土,5:05,テリオスレイ,,牝,3,0,田島俊明,68.3,48.9,30.6,15.1,19.4,18.3,15.5,15.1
美浦,20260905,土,5:05,デアトゥノウ,,牝,3,0,田島俊明,70.4,51.0,32.7,16.7,19.4,18.3,16.0,16.7
美浦,20260905,土,5:05,ヤマメキング,,牡,4,900,田島俊明,67.2,49.2,32.5,16.1,18.0,16.7,16.4,16.1
美浦,20260905,土,5:06,レッドキングリー,,牡,4,1500,木村哲也,85.8,61.5,40.3,19.9,24.3,21.2,20.4,19.9
美浦,20260905,土,5:29,マサノユニコーン,,牡,4,900,小島茂之,57.4,41.3,27.2,13.4,16.1,14.1,13.8,13.4
美浦,20260905,土,5:29,リドルトリガー,,牝,4,130,小島茂之,56.8,40.9,27.4,13.6,15.9,13.5,13.8,13.6
美浦,20260905,土,5:30,エアサロメ,,牝,3,400,大竹正博,69.0,50.5,33.1,16.2,18.5,17.4,16.9,16.2
美浦,20260905,土,5:30,シダス,,牡,2,未出走,相沢郁,64.0,47.6,31.3,15.5,16.4,16.3,15.8,15.5
美浦,20260905,土,5:30,ショウナンサムデイ,,牝,4,1500,奥村武,0.0,0.0,0.0,0.0,17.4,17.2,0.0,0.0
美浦,20260905,土,5:30,セレスティナ,,牝,2,0,高柳瑞樹,67.8,49.8,32.7,15.6,18.0,17.1,17.1,15.6
美浦,20260905,土,5:30,タイキヴィグルーズ,,牡,3,0,大竹正博,65.5,46.9,29.6,14.5,18.6,17.3,15.1,14.5
美浦,20260905,土,5:30,タヤスロレンヌ,,牝,3,400,岩戸孝樹,54.3,39.8,26.1,12.4,14.5,13.7,13.7,12.4
美浦,20260905,土,5:30,トクシーカイザー,,牡,6,1500,小島茂之,62.5,45.7,30.0,14.6,16.8,15.7,15.4,14.6
美浦,20260905,土,5:30,ピースワンデュック,,牡,5,2400,大竹正博,66.6,49.2,31.8,15.5,17.4,17.4,16.3,15.5
美浦,20260905,土,5:30,ポストトゥルース,,牝,2,未出走,手塚貴徳,63.8,47.0,31.0,15.7,16.8,16.0,15.3,15.7
美浦,20260905,土,5:30,マイネルアレス,,牡,4,900,相沢郁,65.2,48.2,31.4,15.4,17.0,16.8,16.0,15.4
美浦,20260905,土,5:30,リッツパーティー,,牡,3,900,岩戸孝樹,67.0,49.3,33.0,16.6,17.7,16.3,16.4,16.6
美浦,20260905,土,5:30,リントヴルム,,牡,2,未出走,大竹正博,69.9,51.2,33.3,17.1,18.7,17.9,16.2,17.1
美浦,20260905,土,5:30,ルシアージュ,,牝,3,0,高柳瑞樹,69.3,49.3,32.0,15.5,20.0,17.3,16.5,15.5
美浦,20260905,土,5:30,ルールーリマ,,牝,4,1500,大竹正博,65.5,48.1,31.0,15.3,17.4,17.1,15.7,15.3
美浦,20260905,土,5:31,アーヴディレージュ,,牡,2,未登録,,68.4,50.7,33.8,17.2,17.7,16.9,16.6,17.2
美浦,20260905,土,5:31,カセノアステリア,,牝,3,400,鈴木伸尋,69.5,49.8,31.9,15.6,19.7,17.9,16.3,15.6
美浦,20260905,土,5:31,グラスリズム,,牡,2,未出走,佐藤吉勝,72.5,53.0,34.6,17.3,19.5,18.4,17.3,17.3
美浦,20260905,土,5:31,サムワンライクユー,,牡,6,120,佐藤吉勝,71.7,52.9,35.1,16.9,18.8,17.8,18.2,16.9
美浦,20260905,土,5:31,シドニーハーバー,,牝,2,未出走,大竹正博,69.2,50.7,33.2,16.7,18.5,17.5,16.5,16.7
美浦,20260905,土,5:31,ショウナンハーヴェ,,牡,2,400,中舘英二,66.4,48.6,32.0,15.7,17.8,16.6,16.3,15.7
美浦,20260905,土,5:31,セザンピエーノ,,牝,2,未出走,奥村武,68.5,51.5,34.3,17.2,17.0,17.2,17.1,17.2
美浦,20260905,土,5:31,チリチョウズ,,牡,2,未出走,佐藤吉勝,72.4,53.5,35.4,17.8,18.9,18.1,17.6,17.8
美浦,20260905,土,5:31,ナンヨーカラフル,,牝,2,未出走,奥村武,68.0,50.9,33.9,16.6,17.1,17.0,17.3,16.6
美浦,20260905,土,5:31,ラフエルガ,,牝,2,0,鈴木伸尋,66.6,49.5,32.3,16.3,17.1,17.2,16.0,16.3
美浦,20260905,土,5:31,ヴェットビルズ,,牝,2,0,的場均,68.7,50.9,33.4,16.5,17.8,17.5,16.9,16.5
美浦,20260905,土,5:32,エルエシック,,牝,2,未出走,西田雄一,67.0,49.1,32.6,16.8,17.9,16.5,15.8,16.8
美浦,20260905,土,5:32,ソレエスピアージャ,,牝,4,330,西田雄一,57.3,41.8,27.8,14.3,15.5,14.0,13.5,14.3
美浦,20260905,土,5:32,タイキアロハ,,牡,3,400,西田雄一,66.1,48.6,31.4,15.7,17.5,17.2,15.7,15.7
美浦,20260905,土,5:32,テンハートビート,,牝,3,400,西田雄一,67.0,48.4,32.0,16.1,18.6,16.4,15.9,16.1
美浦,20260905,土,5:32,パースウェイド,,牝,4,900,中舘英二,67.8,49.3,31.9,16.1,18.5,17.4,15.8,16.1
美浦,20260905,土,5:32,ビーハッピーデイ,,牝,2,未出走,西田雄一,66.5,48.4,31.3,15.6,18.1,17.1,15.7,15.6
美浦,20260905,土,5:32,フラッシュポイント,,牝,4,400,西田雄一,52.4,38.3,25.1,12.6,14.1,13.2,12.5,12.6
美浦,20260905,土,5:32,マウンテンジョオー,,牝,2,未出走,西田雄一,67.3,49.1,32.4,16.2,18.2,16.7,16.2,16.2
美浦,20260905,土,5:32,メイプルカモーン,,牡,2,未出走,中舘英二,67.8,49.3,32.0,16.0,18.5,17.3,16.0,16.0
美浦,20260905,土,5:32,ランプリサージュ,,牝,2,未出走,中舘英二,69.2,50.7,33.3,16.5,18.5,17.4,16.8,16.5
美浦,20260905,土,5:33,アテナブレイブ,,牝,2,0,手塚貴徳,64.1,47.6,31.6,15.8,16.5,16.0,15.8,15.8
美浦,20260905,土,5:33,グロッシェン,,牡,5,1500,手塚貴徳,66.6,48.0,31.1,15.2,18.6,16.9,15.9,15.2
美浦,20260905,土,5:33,ストロングボイス,,牡,2,未出走,手塚貴徳,64.5,47.6,31.7,15.7,16.9,15.9,16.0,15.7
美浦,20260905,土,5:33,ティルベリー,,牝,3,400,宮田敬介,57.0,40.8,26.8,13.2,16.2,14.0,13.6,13.2
美浦,20260905,土,5:33,プレママドンナ,,牝,2,0,手塚貴徳,64.5,46.9,30.8,15.0,17.6,16.1,15.8,15.0
美浦,20260905,土,5:34,アイムオンアロール,,牡,2,未出走,宮田敬介,65.4,47.7,30.9,14.9,17.7,16.8,16.0,14.9
美浦,20260905,土,5:34,アインザッツ,,牡,2,未出走,宮田敬介,67.7,49.2,31.7,15.6,18.5,17.5,16.1,15.6
美浦,20260905,土,5:34,ジオ,,牡,2,400,宮田敬介,66.9,48.2,31.3,15.2,18.7,16.9,16.1,15.2
美浦,20260905,土,5:34,ジャスティンシカゴ,,牡,3,900,宮田敬介,62.7,44.7,28.6,13.9,18.0,16.1,14.7,13.9
美浦,20260905,土,5:34,ドゥカート,,牡,4,1500,宮田敬介,65.9,47.9,30.5,15.0,18.0,17.4,15.5,15.0
美浦,20260905,土,5:34,ハルノアメ,,牡,3,0,上原博之,64.6,47.5,31.2,15.3,17.1,16.3,15.9,15.3
美浦,20260905,土,5:35,イキデイナセ,,牡,2,未出走,佐藤吉勝,66.8,48.9,31.6,15.6,17.9,17.3,16.0,15.6
美浦,20260905,土,5:35,イブニングタイド,,牝,4,900,林徹,59.8,44.4,29.6,14.1,15.4,14.8,15.5,14.1
美浦,20260905,土,5:35,ゴーゴーパンチ,,牡,3,400,天間昭一,68.5,51.6,34.9,17.9,16.9,16.7,17.0,17.9
美浦,20260905,土,5:35,ジッピーチューン,,牝,3,1150,林徹,62.4,46.1,30.1,14.8,16.3,16.0,15.3,14.8
美浦,20260905,土,5:35,ドンドキリシマ,,牝,2,未出走,天間昭一,68.1,49.9,32.5,16.2,18.2,17.4,16.3,16.2
美浦,20260905,土,5:35,ミカッテヨンデイイ,,牝,6,1200,室井潔,71.1,52.2,34.4,17.1,18.9,17.8,17.3,17.1
美浦,20260905,土,5:35,ラルフテソーロ,,牡,4,400,伊藤圭三,69.3,50.6,33.2,16.2,18.7,17.4,17.0,16.2
美浦,20260905,土,5:36,イラーナ,,牝,5,400,林徹,71.1,52.7,35.2,16.8,18.4,17.5,18.4,16.8
美浦,20260905,土,5:36,ウェディングアイル,,牝,2,未登録,,67.0,49.2,32.2,16.0,17.8,17.0,16.2,16.0
美浦,20260905,土,5:36,スカーレットクラン,,牝,2,0,林徹,71.3,52.7,35.1,16.9,18.6,17.6,18.2,16.9
美浦,20260905,土,5:36,ナイトオブマース,,牝,2,未出走,林徹,71.3,52.9,35.2,16.8,18.4,17.7,18.4,16.8
美浦,20260905,土,5:36,ヒミツヘイキ,,牡,2,未登録,,67.7,49.7,32.5,16.1,18.0,17.2,16.4,16.1
美浦,20260905,土,5:36,ボールドタワー,,牡,3,400,鈴木慎太,64.0,46.7,31.2,15.9,17.3,15.5,15.3,15.9
美浦,20260905,土,5:37,シュエットアムール,,牝,4,0,加藤和宏,66.5,48.4,31.9,16.4,18.1,16.5,15.5,16.4
美浦,20260905,土,5:37,スマイルディシー,,牝,4,400,中川公成,84.4,63.6,42.6,21.4,20.8,21.0,21.2,21.4
美浦,20260905,土,5:37,ハッスルダンク,,セ,6,1500,中川公成,69.0,50.8,33.6,16.8,18.2,17.2,16.8,16.8
美浦,20260905,土,5:37,ポッドソル,,牡,4,1500,手塚貴徳,66.3,49.0,31.8,15.7,17.3,17.2,16.1,15.7
美浦,20260905,土,5:37,マーゴットパラディ,,牡,2,0,伊坂重信,67.5,48.7,32.4,15.8,18.8,16.3,16.6,15.8
美浦,20260905,土,5:39,セギレエルビエント,,牝,4,1500,伊坂重信,66.5,49.0,32.1,15.5,17.5,16.9,16.6,15.5
美浦,20260905,土,5:39,パテアル,,牡,2,未登録,,69.9,51.2,33.0,16.7,18.7,18.2,16.3,16.7
美浦,20260905,土,5:39,フェリシアマルス,,牝,2,未登録,,70.3,50.9,33.1,16.0,19.4,17.8,17.1,16.0
美浦,20260905,土,5:39,ミッキーファイト,,牡,5,23520,田中博康,60.7,44.2,28.6,14.2,16.5,15.6,14.4,14.2
美浦,20260905,土,5:39,モントーヤ,,牡,3,0,浅利英明,69.3,50.8,33.4,16.7,18.5,17.4,16.7,16.7
美浦,20260905,土,5:40,サトノボヤージュ,,牡,3,4000,田中博康,73.0,52.8,34.0,17.1,20.2,18.8,16.9,17.1
美浦,20260905,土,5:40,ドナミモザ,,牝,2,未出走,武市康男,67.0,50.6,33.8,17.2,16.4,16.8,16.6,17.2
美浦,20260905,土,5:40,ナツハゼ,,牝,2,未出走,武市康男,68.1,50.8,33.9,17.1,17.3,16.9,16.8,17.1
美浦,20260905,土,5:40,ヒーローシー,,牝,2,0,石栗龍彦,68.9,50.2,33.0,16.0,18.7,17.2,17.0,16.0
美浦,20260905,土,5:40,マホロ,,牝,2,未出走,石栗龍彦,68.5,50.3,33.0,16.0,18.2,17.3,17.0,16.0
美浦,20260905,土,5:41,イキフン,,牡,2,0,平岩大典,71.3,51.8,34.1,16.8,19.5,17.7,17.3,16.8
美浦,20260905,土,5:41,ゼラニウム,,牡,2,0,平岩大典,70.4,51.0,33.5,16.5,19.4,17.5,17.0,16.5
美浦,20260905,土,5:41,ティラーノ,,牡,3,400,小手川準,67.9,50.0,32.1,15.1,17.9,17.9,17.0,15.1
美浦,20260905,土,5:41,ナイトスラッガー,,牡,5,900,小手川準,69.8,52.1,34.7,17.1,17.7,17.4,17.6,17.1
美浦,20260905,土,5:41,フィクセルリリア,,牝,3,0,平岩大典,74.3,53.5,35.1,17.5,20.8,18.4,17.6,17.5
美浦,20260905,土,5:42,イシュバランケ,,牡,2,未登録,,68.3,50.1,32.9,16.1,18.2,17.2,16.8,16.1
美浦,20260905,土,5:42,イッポンノバラ,,牝,2,未登録,,76.3,55.4,36.2,18.1,20.9,19.2,18.1,18.1
美浦,20260905,土,5:42,カーヌスティ,,牡,4,1310,大和田成,66.9,49.2,32.2,16.0,17.7,17.0,16.2,16.0
美浦,20260905,土,5:42,カーヴドヴァン,,牝,3,0,大和田成,63.9,46.8,30.3,14.9,17.1,16.5,15.4,14.9
美浦,20260905,土,5:42,グラニット,,牡,6,1600,大和田成,66.2,48.1,31.1,15.0,18.1,17.0,16.1,15.0
美浦,20260905,土,5:42,ケルンミッチー,,牡,2,未出走,大和田成,65.6,48.0,31.4,15.5,17.6,16.6,15.9,15.5
美浦,20260905,土,5:42,セイトゥゴールド,,牡,2,未出走,古賀大生,69.0,50.8,33.3,16.2,18.2,17.5,17.1,16.2
美浦,20260905,土,5:42,タブラリウム,,牡,2,未登録,,72.4,53.6,35.9,18.1,18.8,17.7,17.8,18.1
美浦,20260905,土,5:42,ファインハイト,,牝,2,未登録,,71.2,52.8,34.7,17.3,18.4,18.1,17.4,17.3
美浦,20260905,土,5:42,フロウアンドライム,,牡,4,400,大和田成,65.1,47.4,30.9,15.3,17.7,16.5,15.6,15.3
美浦,20260905,土,5:42,マイレーヌ,,牝,6,900,大和田成,66.1,47.7,30.8,15.3,18.4,16.9,15.5,15.3
美浦,20260905,土,5:42,ミッキーサウザンド,,牡,3,0,古賀大生,67.3,48.2,30.8,14.8,19.1,17.4,16.0,14.8
美浦,20260905,土,5:42,リネンエトワール,,牝,2,未出走,平岩大典,75.8,54.7,35.6,17.9,21.1,19.1,17.7,17.9
美浦,20260905,土,5:43,ショウナンワンパク,,牡,2,0,古賀大生,74.9,53.7,34.5,17.5,21.2,19.2,17.0,17.5
美浦,20260905,土,5:43,ブルージャイアント,,牡,4,400,蛯名正義,67.7,50.9,34.2,17.1,16.8,16.7,17.1,17.1
美浦,20260905,土,5:43,プリムツァール,,牝,4,900,蛯名正義,70.2,51.0,33.9,17.2,19.2,17.1,16.7,17.2
美浦,20260905,土,5:43,ホウオウフロイト,,牡,5,740,加藤和宏,78.4,57.7,38.5,19.6,20.7,19.2,18.9,19.6
美浦,20260905,土,5:43,マスターソアラ,,牝,3,400,蛯名正義,63.0,46.6,30.5,15.1,16.4,16.1,15.4,15.1
美浦,20260905,土,5:44,テキサス,,牡,2,0,田中博康,65.2,48.3,31.8,15.7,16.9,16.5,16.1,15.7
美浦,20260905,土,5:44,ハヤウマ,,牡,2,未登録,,68.5,51.0,34.0,17.5,17.5,17.0,16.5,17.5
美浦,20260905,土,5:44,ブライトラン,,牡,3,400,尾形和幸,66.6,49.5,32.8,16.3,17.1,16.7,16.5,16.3
美浦,20260905,土,5:44,レッジェランツァ,,牡,2,0,田中博康,63.0,46.2,30.2,15.0,16.8,16.0,15.2,15.0
美浦,20260905,土,5:46,ナムラジョン,,牡,2,未出走,尾形和幸,70.1,52.2,34.4,17.1,17.9,17.8,17.3,17.1
美浦,20260905,土,5:46,ノリノリプリンセス,,牝,2,未登録,,70.7,53.1,35.6,17.9,17.6,17.5,17.7,17.9
美浦,20260905,土,5:46,ハヤブサナイン,,牝,2,未登録,,69.4,51.8,34.1,16.9,17.6,17.7,17.2,16.9
美浦,20260905,土,5:46,ロードインフェルノ,,牡,5,400,尾形和幸,70.6,52.5,34.7,17.6,18.1,17.8,17.1,17.6
美浦,20260905,土,5:49,グランツローゼ,,牝,4,80,和田雄二,72.9,53.7,35.8,18.2,19.2,17.9,17.6,18.2
美浦,20260905,土,5:49,シクラメン,,牝,2,未出走,和田雄二,66.9,49.4,33.0,17.1,17.5,16.4,15.9,17.1
美浦,20260905,土,5:49,スノーリン,,セ,4,0,和田雄二,72.3,52.8,34.9,17.5,19.5,17.9,17.4,17.5
美浦,20260905,土,5:50,アラヤシキ,,牡,2,未出走,松山将樹,68.5,50.0,32.5,16.1,18.5,17.5,16.4,16.1
美浦,20260905,土,5:50,アルバスタキヤ,,牡,2,0,青木孝文,65.1,48.3,31.4,15.8,16.8,16.9,15.6,15.8
美浦,20260905,土,5:50,キョウエイカンフ,,牡,6,900,勢司和浩,68.8,51.6,34.3,16.9,17.2,17.3,17.4,16.9
美浦,20260905,土,5:50,ジェットブレード,,牡,4,900,青木孝文,64.6,47.7,31.1,15.3,16.9,16.6,15.8,15.3
美浦,20260905,土,5:50,ジーティーストーム,,牡,2,未出走,松山将樹,68.6,50.4,32.9,16.4,18.2,17.5,16.5,16.4
美浦,20260905,土,5:50,ハッピーサプライズ,,牡,5,400,佐藤吉勝,76.7,54.1,34.0,16.7,22.6,20.1,17.3,16.7
美浦,20260905,土,5:50,ヘイルメリーラン,,セ,3,250,松山将樹,68.9,50.4,32.7,16.2,18.5,17.7,16.5,16.2
美浦,20260905,土,5:50,マオノクラッシュ,,牝,4,400,黒岩陽一,64.7,46.7,29.9,14.6,18.0,16.8,15.3,14.6
美浦,20260905,土,5:51,プリマラクーン,,牝,2,未出走,青木孝文,64.3,47.6,31.7,16.4,16.7,15.9,15.3,16.4
美浦,20260905,土,5:51,ペルラビアンカ,,牝,2,未出走,青木孝文,65.9,49.2,32.4,16.8,16.7,16.8,15.6,16.8
美浦,20260905,土,5:51,リキマル,,牡,2,0,青木孝文,63.3,46.5,30.6,15.3,16.8,15.9,15.3,15.3
美浦,20260905,土,5:52,ペルヴォルム,,牝,3,0,加藤和宏,65.9,49.1,33.8,17.6,16.8,15.3,16.2,17.6
美浦,20260905,土,5:52,マリアイリダータ,,牝,4,2400,田中博康,61.1,45.1,29.5,14.2,16.0,15.6,15.3,14.2
美浦,20260905,土,5:52,ヨドノプレミアム,,牡,2,0,菊川正達,65.1,47.9,31.6,16.0,17.2,16.3,15.6,16.0
美浦,20260905,土,5:52,ラルフテソーロ,,牡,4,400,伊藤圭三,66.2,48.0,30.9,15.1,18.2,17.1,15.8,15.1
美浦,20260905,土,5:53,アンバサダネージュ,,牡,3,400,武藤善則,68.6,49.2,32.1,16.1,19.4,17.1,16.0,16.1
美浦,20260905,土,5:53,グラスアロー,,牡,3,0,菊川正達,63.3,45.7,29.1,13.4,17.6,16.6,15.7,13.4
美浦,20260905,土,5:53,タキノボリ,,牡,4,400,勢司和浩,74.1,53.6,35.2,17.6,20.5,18.4,17.6,17.6
美浦,20260905,土,5:53,マイネルアルディ,,牡,2,0,菊川正達,66.0,48.4,31.8,15.6,17.6,16.6,16.2,15.6
美浦,20260905,土,5:54,サトノボヤージュ,,牡,3,4000,田中博康,60.5,45.1,30.1,14.8,15.4,15.0,15.3,14.8
美浦,20260905,土,5:54,ミッキーファイト,,牡,5,23520,田中博康,58.1,42.4,27.2,13.1,15.7,15.2,14.1,13.1
美浦,20260905,土,5:55,アイファーファイト,,牡,7,310,的場均,70.3,51.5,33.8,16.7,18.8,17.7,17.1,16.7
美浦,20260905,土,5:55,アトラクティーボ,,牡,7,900,武藤善則,65.4,47.4,30.8,15.1,18.0,16.6,15.7,15.1
美浦,20260905,土,5:55,ウインドワンピース,,牡,6,400,新開幸一,67.5,50.2,32.6,15.8,17.3,17.6,16.8,15.8
美浦,20260905,土,5:55,タイセイエムロード,,牡,3,400,新開幸一,69.7,51.0,33.3,16.3,18.7,17.7,17.0,16.3
美浦,20260905,土,5:55,ブルーユンチェリー,,牝,4,150,水野貴広,70.9,51.6,33.9,16.8,19.3,17.7,17.1,16.8
美浦,20260905,土,5:55,ヴァリオーサ,,牝,4,900,新開幸一,64.0,46.3,30.2,14.7,17.7,16.1,15.5,14.7
美浦,20260905,土,5:56,アイファーニキーヤ,,牝,2,未出走,蛯名利弘,68.4,50.3,33.1,16.5,18.1,17.2,16.6,16.5
美浦,20260905,土,5:56,カサビセンス,,牝,4,140,新開幸一,68.6,50.7,33.4,16.9,17.9,17.3,16.5,16.9
美浦,20260905,土,5:56,カサブランカキッド,,牡,6,400,和田勇介,66.8,49.2,32.1,15.9,17.6,17.1,16.2,15.9
美浦,20260905,土,5:56,カシノカゲマル,,セ,2,0,蛯名利弘,70.4,52.3,34.6,17.0,18.1,17.7,17.6,17.0
美浦,20260905,土,5:56,ジュエルドレーサー,,牡,5,130,蛯名利弘,64.6,48.0,32.4,16.1,16.6,15.6,16.3,16.1
美浦,20260905,土,5:56,ティキタカ,,牡,2,未出走,蛯名利弘,67.1,49.8,33.4,17.3,17.3,16.4,16.1,17.3
美浦,20260905,土,5:56,ピコプリンセス,,牝,3,0,伊藤大士,64.0,47.6,31.1,15.4,16.4,16.5,15.7,15.4
美浦,20260905,土,5:56,メイショウコウベ,,牡,4,400,和田勇介,65.3,48.7,32.5,16.3,16.6,16.2,16.2,16.3
美浦,20260905,土,5:57,エフォートレス,,牡,5,1500,嘉藤貴行,69.9,51.2,34.0,17.2,18.7,17.2,16.8,17.2
美浦,20260905,土,5:57,コスモアンソロジー,,牡,4,1500,嘉藤貴行,63.3,47.0,31.0,15.5,16.3,16.0,15.5,15.5
美浦,20260905,土,5:57,サンエルディーケー,,牝,2,未出走,岩戸孝樹,67.8,48.8,31.6,15.8,19.0,17.2,15.8,15.8
美浦,20260905,土,5:57,ニューマン,,牡,2,未登録,,70.8,51.8,34.1,16.9,19.0,17.7,17.2,16.9
美浦,20260905,土,5:57,ブリッド,,牡,2,未出走,和田勇介,68.3,50.1,32.9,16.3,18.2,17.2,16.6,16.3
美浦,20260905,土,5:57,ラベンダーヘイズ,,牡,3,400,岩戸孝樹,68.0,49.3,32.0,16.2,18.7,17.3,15.8,16.2
美浦,20260905,土,5:57,ルクステイル,,牡,2,未登録,,71.4,51.8,33.3,16.1,19.6,18.5,17.2,16.1
美浦,20260905,土,5:58,グラスハーティー,,牝,3,0,松山将樹,72.3,51.7,33.2,16.3,20.6,18.5,16.9,16.3
美浦,20260905,土,5:58,セイウンビッグバン,,牡,4,400,萱野浩二,64.2,45.2,28.5,13.6,19.0,16.7,14.9,13.6
美浦,20260905,土,5:58,パーシビア,,牝,2,未登録,,69.4,50.7,33.2,16.7,18.7,17.5,16.5,16.7
美浦,20260905,土,5:58,ペロペロペロッピー,,牝,2,未登録,,68.0,49.9,32.6,16.1,18.1,17.3,16.5,16.1
美浦,20260905,土,5:58,ﾎﾞﾛﾌﾞﾄﾞｩｰﾙの24,,牝,2,未登録,,70.8,52.3,34.6,17.6,18.5,17.7,17.0,17.6
美浦,20260905,土,6:00,モンドプリューム,,牡,6,3600,水野貴広,76.2,56.9,37.6,18.6,19.3,19.3,19.0,18.6
美浦,20260905,土,6:01,エレスレイプニル,,牡,2,0,杉浦宏昭,67.4,49.3,32.3,16.0,18.1,17.0,16.3,16.0
美浦,20260905,土,6:02,サムシングスイート,,牝,3,900,伊藤大士,64.0,47.7,31.6,15.8,16.3,16.1,15.8,15.8
美浦,20260905,土,6:04,カラマティアノス,,牡,4,5200,奥村武,65.8,49.5,32.9,16.2,16.3,16.6,16.7,16.2
美浦,20260905,土,6:04,サトノドルチェ,,セ,7,470,蛯名利弘,80.9,59.3,38.3,18.9,21.6,21.0,19.4,18.9
美浦,20260905,土,6:04,ブリスブリンク,,牝,2,未出走,辻哲英,136.4,100.2,64.4,30.7,36.2,35.8,33.7,30.7
美浦,20260905,土,6:04,ベルウッドクレド,,牡,3,400,辻哲英,133.8,95.7,60.3,27.1,38.1,35.4,33.2,27.1
美浦,20260905,土,6:05,カンピオーネ,,牡,7,2400,栗田徹,62.8,46.9,31.4,15.9,15.9,15.5,15.5,15.9
美浦,20260905,土,6:05,サノノファイター,,牡,2,0,栗田徹,62.9,46.3,30.8,15.6,16.6,15.5,15.2,15.6
美浦,20260905,土,6:05,ジーティーカグラ,,牡,2,未登録,,63.6,47.3,31.5,15.7,16.3,15.8,15.8,15.7
美浦,20260905,土,6:05,タンゴバイラリン,,セ,5,1500,栗田徹,62.9,45.7,29.9,14.8,17.2,15.8,15.1,14.8
美浦,20260905,土,6:05,ドライブライン,,牡,2,未登録,,67.3,49.2,32.6,16.4,18.1,16.6,16.2,16.4
美浦,20260905,土,6:05,ニシノカチオトコ,,牡,2,未出走,栗田徹,63.6,45.9,30.1,14.9,17.7,15.8,15.2,14.9
美浦,20260905,土,6:05,ホーナー,,牡,3,400,栗田徹,64.6,46.7,30.5,15.3,17.9,16.2,15.2,15.3
美浦,20260905,土,6:06,フォルテム,,牡,4,1500,千葉直人,70.3,51.6,33.2,16.3,18.7,18.4,16.9,16.3
美浦,20260905,土,6:06,リアルセンター,,牝,5,400,千葉直人,68.8,49.9,32.8,15.9,18.9,17.1,16.9,15.9
美浦,20260905,土,6:07,ウィルステート,,牡,2,0,黒岩陽一,65.5,47.9,31.1,15.3,17.6,16.8,15.8,15.3
美浦,20260905,土,6:07,エコロストーム,,牝,3,400,千葉直人,70.5,50.6,31.9,14.8,19.9,18.7,17.1,14.8
美浦,20260905,土,6:07,エピックフライト,,牡,3,400,黒岩陽一,64.9,47.7,30.9,15.2,17.2,16.8,15.7,15.2
美浦,20260905,土,6:07,コスモスピログラフ,,牡,2,未出走,畠山吉宏,67.3,49.5,32.1,15.7,17.8,17.4,16.4,15.7
美浦,20260905,土,6:07,フェスティヴビーム,,セ,6,400,畠山吉宏,65.2,47.0,29.9,14.5,18.2,17.1,15.4,14.5
美浦,20260905,土,6:07,ランパディアス,,牡,2,未出走,黒岩陽一,66.7,49.6,32.4,15.7,17.1,17.2,16.7,15.7
美浦,20260905,土,6:07,ワンダラー,,牡,4,1500,黒岩陽一,66.5,49.3,32.0,15.4,17.2,17.3,16.6,15.4
美浦,20260905,土,6:07,ワンダーバリエンス,,牝,3,0,畠山吉宏,62.0,45.6,30.0,15.1,16.4,15.6,14.9,15.1
美浦,20260905,土,6:08,オウケンヴィーナス,,牝,5,0,松永康利,63.6,45.7,29.4,15.0,17.9,16.3,14.4,15.0
美浦,20260905,土,6:08,サクシードシチー,,牡,2,未出走,伊藤圭三,71.5,51.2,32.7,16.2,20.3,18.5,16.5,16.2
美浦,20260905,土,6:08,ソラニワラエバ,,牡,2,0,武井亮,64.4,47.6,31.7,16.1,16.8,15.9,15.6,16.1
美浦,20260905,土,6:08,ダイメイビッグボス,,牡,2,400,武井亮,66.6,49.1,32.4,16.8,17.5,16.7,15.6,16.8
美浦,20260905,土,6:08,ミラージュスター,,牝,2,未登録,,64.3,47.6,31.7,16.1,16.7,15.9,15.6,16.1
美浦,20260905,土,6:08,ラージアンサンブル,,牡,3,1600,武井亮,64.4,47.7,32.0,16.2,16.7,15.7,15.8,16.2
美浦,20260905,土,6:09,キボウノホシ,,セ,7,900,奥平雅士,74.8,54.1,35.2,17.4,20.7,18.9,17.8,17.4
美浦,20260905,土,6:09,タマモチーキー,,牡,2,未出走,伊藤圭三,69.8,51.3,33.5,16.4,18.5,17.8,17.1,16.4
美浦,20260905,土,6:09,ヤマトリンカーン,,牡,2,未登録,,70.7,51.8,34.1,16.7,18.9,17.7,17.4,16.7
美浦,20260905,土,6:09,ヨシヒロ,,牡,4,700,松永康利,66.6,50.1,33.5,17.3,16.5,16.6,16.2,17.3
美浦,20260905,土,6:10,アイファーファイト,,牡,7,310,的場均,68.6,51.1,33.3,15.7,17.5,17.8,17.6,15.7
美浦,20260905,土,6:11,サクラパステル,,牝,4,400,田島俊明,68.6,50.7,33.1,16.1,17.9,17.6,17.0,16.1
美浦,20260905,土,6:12,ダイユウアレグロ,,牡,3,400,松永康利,61.3,45.4,30.2,15.1,15.9,15.2,15.1,15.1
美浦,20260905,土,6:13,アルヴィア,,牡,5,160,和田雄二,69.3,50.7,32.6,16.3,18.6,18.1,16.3,16.3
美浦,20260905,土,6:13,シャインシュネル,,牡,2,未登録,,72.0,51.2,33.2,16.5,20.8,18.0,16.7,16.5
美浦,20260905,土,6:13,ナックドリーム,,牡,2,未登録,,71.9,51.6,33.7,16.6,20.3,17.9,17.1,16.6
美浦,20260905,土,6:14,オーバーゼア,,牡,2,未出走,伊藤伸一,71.8,52.8,34.8,17.5,19.0,18.0,17.3,17.5
美浦,20260905,土,6:14,ガブロ,,牡,2,未出走,相沢郁,66.1,49.0,32.3,15.9,17.1,16.7,16.4,15.9
美浦,20260905,土,6:14,キャッチアップ,,牝,2,0,小野次郎,71.1,51.5,33.7,16.9,19.6,17.8,16.8,16.9
美浦,20260905,土,6:14,キャンディメモリー,,牝,2,未出走,粕谷昌央,67.5,48.5,31.8,15.9,19.0,16.7,15.9,15.9
美浦,20260905,土,6:14,ソラティオ,,牝,2,0,粕谷昌央,66.8,48.2,31.6,15.7,18.6,16.6,15.9,15.7
美浦,20260905,土,6:14,ニシノゲッパク,,牝,3,0,伊藤伸一,74.4,54.8,35.8,18.4,19.6,19.0,17.4,18.4
美浦,20260905,土,6:14,バンフィエルド,,牡,7,720,粕谷昌央,66.5,48.0,31.3,15.5,18.5,16.7,15.8,15.5
美浦,20260905,土,6:14,マイサマーガール,,牝,2,未出走,伊藤伸一,72.2,53.0,34.8,17.6,19.2,18.2,17.2,17.6
美浦,20260905,土,6:14,ミスチヴマリアンヌ,,牝,3,400,小野次郎,72.8,52.5,34.5,17.1,20.3,18.0,17.4,17.1
美浦,20260905,土,6:15,グリーンエナジー,,牡,3,2450,上原佑紀,63.1,47.0,31.1,15.9,16.1,15.9,15.2,15.9
美浦,20260905,土,6:15,サクセスボーイ,,牡,2,0,相沢郁,66.0,48.3,31.9,16.2,17.7,16.4,15.7,16.2
美浦,20260905,土,6:15,ジャロロッソ,,牡,2,未出走,上原佑紀,63.0,46.6,31.0,16.0,16.4,15.6,15.0,16.0
美浦,20260905,土,6:15,ペルシアーノ,,牝,3,0,相沢郁,63.5,46.9,30.9,15.3,16.6,16.0,15.6,15.3
美浦,20260905,土,6:15,ミラーダカリエンテ,,牝,4,900,相沢郁,65.3,47.9,31.6,15.8,17.4,16.3,15.8,15.8
美浦,20260905,土,6:16,オメガリヒト,,牡,2,未登録,,67.8,50.2,32.9,16.4,17.6,17.3,16.5,16.4
美浦,20260905,土,6:16,サントシャペル,,牝,2,未出走,上原佑紀,64.2,47.4,31.5,15.3,16.8,15.9,16.2,15.3
美浦,20260905,土,6:16,スペルーチェ,,牡,3,900,宮田敬介,67.1,48.0,31.1,16.0,19.1,16.9,15.1,16.0
美浦,20260905,土,6:16,ファインサマーデイ,,牡,3,400,高柳瑞樹,67.6,49.7,32.5,15.7,17.9,17.2,16.8,15.7
美浦,20260905,土,6:17,サヴァビアン,,牡,8,900,新開幸一,71.1,51.9,34.2,16.5,19.2,17.7,17.7,16.5
美浦,20260905,土,6:17,ドーリック,,牡,2,未出走,稲垣幸雄,69.2,51.6,34.4,17.6,17.6,17.2,16.8,17.6
美浦,20260905,土,6:17,ポッドスカイ,,牡,2,未出走,稲垣幸雄,69.8,52.0,34.5,17.2,17.8,17.5,17.3,17.2
美浦,20260905,土,6:18,コヴェナント,,牝,4,130,佐藤吉勝,68.9,51.1,33.6,16.6,17.8,17.5,17.0,16.6
美浦,20260905,土,6:18,バム,,牡,4,130,伊藤伸一,71.3,52.0,34.5,17.4,19.3,17.5,17.1,17.4
美浦,20260905,土,6:19,アルコデラルーナ,,牝,2,未登録,,69.3,51.7,33.8,16.6,17.6,17.9,17.2,16.6
美浦,20260905,土,6:19,タンタトリス,,牝,2,未出走,矢嶋大樹,70.1,52.0,33.8,16.6,18.1,18.2,17.2,16.6
美浦,20260905,土,6:19,ハードワーカー,,牝,4,400,竹内正洋,68.4,49.5,32.5,16.4,18.9,17.0,16.1,16.4
美浦,20260905,土,6:20,クロノスフィア,,牝,2,未出走,黒岩陽一,66.7,49.1,31.9,15.9,17.6,17.2,16.0,15.9
美浦,20260905,土,6:20,サトノカグラ,,牡,2,未出走,木村哲也,72.8,53.3,34.9,17.1,19.5,18.4,17.8,17.1
美浦,20260905,土,6:20,スターフラッシュ,,牡,2,0,木村哲也,74.0,54.5,35.9,17.5,19.5,18.6,18.4,17.5
美浦,20260905,土,6:21,ジーティーニッツァ,,牡,3,0,伊藤伸一,63.5,47.0,31.3,15.6,16.5,15.7,15.7,15.6
美浦,20260905,土,6:22,セイウンサイフィー,,牡,2,0,上原博之,66.2,49.8,33.4,17.0,16.4,16.4,16.4,17.0
美浦,20260905,土,6:22,ペイトー,,牝,3,400,武市康男,64.1,46.3,30.2,15.2,17.8,16.1,15.0,15.2
美浦,20260905,土,6:22,マリノトニトゥルス,,牝,4,1500,武市康男,67.0,50.8,34.1,16.9,16.2,16.7,17.2,16.9
美浦,20260905,土,6:48,グランプレジール,,セ,7,400,堀宣行,65.8,49.0,32.2,15.9,16.8,16.8,16.3,15.9
美浦,20260905,土,6:48,タイセイアストロ,,牡,3,400,森一誠,60.5,44.2,28.0,14.0,16.3,16.2,14.0,14.0
美浦,20260905,土,6:48,ハニードレス,,牝,4,900,牧光二,61.8,45.9,29.4,14.4,15.9,16.5,15.0,14.4
美浦,20260905,土,6:48,ハーモニープルーフ,,牝,2,未出走,森一誠,64.6,47.1,30.7,14.9,17.5,16.4,15.8,14.9
美浦,20260905,土,6:48,パルデンス,,牡,8,1500,森一誠,63.8,46.8,30.4,14.8,17.0,16.4,15.6,14.8
美浦,20260905,土,6:48,ヒシアマン,,牡,4,1500,堀宣行,66.2,49.4,32.0,16.0,16.8,17.4,16.0,16.0
美浦,20260905,土,6:49,エリカマユーリ,,牝,4,900,堀宣行,69.0,51.3,34.1,17.0,17.7,17.2,17.1,17.0
美浦,20260905,土,6:49,キタノエフロレス,,牝,2,未出走,粕谷昌央,65.9,49.2,32.6,16.4,16.7,16.6,16.2,16.4
美浦,20260905,土,6:49,ゴールデンルーキー,,牡,5,0,粕谷昌央,65.2,48.5,31.9,15.9,16.7,16.6,16.0,15.9
美浦,20260905,土,6:49,スマイルカーブ,,牝,3,400,小手川準,70.3,51.2,33.3,16.3,19.1,17.9,17.0,16.3
美浦,20260905,土,6:49,セイウンオオゾラ,,牡,2,0,小手川準,67.5,49.8,32.5,16.4,17.7,17.3,16.1,16.4
美浦,20260905,土,6:49,マーズワース,,牝,2,0,小手川準,70.3,52.7,34.1,17.2,17.6,18.6,16.9,17.2
美浦,20260905,土,6:49,ライヴレッドアイ,,牝,3,900,牧光二,70.1,52.1,34.3,17.4,18.0,17.8,16.9,17.4
美浦,20260905,土,6:49,レッドフリーマン,,牡,3,0,大竹正博,67.9,49.9,32.5,15.5,18.0,17.4,17.0,15.5
美浦,20260905,土,6:49,ロンギングフォユー,,牝,3,1500,大竹正博,68.5,50.3,32.8,15.8,18.2,17.5,17.0,15.8
美浦,20260905,土,6:50,アイファーティアラ,,牝,2,未出走,的場均,66.3,49.6,32.8,16.5,16.7,16.8,16.3,16.5
美浦,20260905,土,6:50,アラネア,,牡,2,未出走,武藤善則,69.2,50.8,33.9,17.3,18.4,16.9,16.6,17.3
美浦,20260905,土,6:50,エトワールグリーン,,牝,2,未登録,,80.2,60.7,41.0,21.2,19.5,19.7,19.8,21.2
美浦,20260905,土,6:50,カリーナネビュラ,,牝,2,未登録,,69.6,51.6,34.4,17.4,18.0,17.2,17.0,17.4
美浦,20260905,土,6:50,クリアクォーツ,,牡,4,0,的場均,72.0,53.3,35.7,18.2,18.7,17.6,17.5,18.2
美浦,20260905,土,6:50,グリマルキン,,牡,2,未出走,柄崎将寿,67.8,49.6,32.3,15.8,18.2,17.3,16.5,15.8
美浦,20260905,土,6:50,サトノカグラ,,牡,2,未出走,木村哲也,72.1,53.6,35.4,17.6,18.5,18.2,17.8,17.6
美浦,20260905,土,6:50,スターフラッシュ,,牡,2,0,木村哲也,71.2,52.7,34.7,16.9,18.5,18.0,17.8,16.9
美浦,20260905,土,6:50,セレスティアハート,,牝,3,0,的場均,71.3,52.6,35.0,17.9,18.7,17.6,17.1,17.9
美浦,20260905,土,6:50,タニセンローマ,,牡,3,0,斎藤誠,68.2,50.3,32.9,16.1,17.9,17.4,16.8,16.1
美浦,20260905,土,6:50,ニシノイサリビ,,牡,2,400,斎藤誠,67.9,50.0,32.8,16.0,17.9,17.2,16.8,16.0
美浦,20260905,土,6:50,ハナビ,,牝,2,未出走,斎藤誠,69.3,51.4,34.5,17.3,17.9,16.9,17.2,17.3
美浦,20260905,土,6:50,ヘデントール,,牡,5,23550,木村哲也,70.7,52.3,34.2,17.1,18.4,18.1,17.1,17.1
美浦,20260905,土,6:50,ワンダリングスター,,牡,2,未出走,的場均,73.4,53.8,36.0,17.9,19.6,17.8,18.1,17.9
美浦,20260905,土,6:50,ワンダーマーベル,,牡,2,未出走,斎藤誠,68.2,50.2,33.0,16.4,18.0,17.2,16.6,16.4
美浦,20260905,土,6:51,アドバンスアゲイン,,牝,2,0,武藤善則,67.1,48.4,31.9,15.8,18.7,16.5,16.1,15.8
美浦,20260905,土,6:51,エランヴィータ,,牡,2,400,柄崎将寿,66.0,48.2,31.3,15.3,17.8,16.9,16.0,15.3
美浦,20260905,土,6:51,ジーティーヴィンク,,牝,2,未登録,,70.6,52.9,35.5,18.3,17.7,17.4,17.2,18.3
美浦,20260905,土,6:51,スノースコール,,牡,3,400,加藤征弘,66.4,48.8,32.2,15.9,17.6,16.6,16.3,15.9
美浦,20260905,土,6:51,スマートレイナ,,牝,3,0,加藤征弘,69.0,50.7,33.2,16.2,18.3,17.5,17.0,16.2
美浦,20260905,土,6:51,ダンシングアウェイ,,牡,3,100,柄崎将寿,67.0,48.9,32.0,15.8,18.1,16.9,16.2,15.8
美浦,20260905,土,6:51,フィールマイプラン,,牡,3,900,岩戸孝樹,61.7,44.7,29.1,14.5,17.0,15.6,14.6,14.5
美浦,20260905,土,6:51,フクチャンショウ,,牡,3,1150,加藤征弘,66.0,48.7,32.2,16.0,17.3,16.5,16.2,16.0
美浦,20260905,土,6:51,ブレードサクセス,,牡,5,900,岩戸孝樹,69.5,50.9,33.3,17.2,18.6,17.6,16.1,17.2
美浦,20260905,土,6:51,ボスヒッツ,,セ,2,未出走,加藤征弘,69.6,52.0,34.4,16.8,17.6,17.6,17.6,16.8
美浦,20260905,土,6:51,マイバーゲン,,牡,2,未出走,柄崎将寿,67.1,48.7,31.7,15.5,18.4,17.0,16.2,15.5
美浦,20260905,土,6:51,ヤングアメリカンズ,,牡,4,400,加藤征弘,69.2,52.0,34.3,17.0,17.2,17.7,17.3,17.0
美浦,20260905,土,6:51,ヴァイスリッター,,牡,2,未出走,加藤征弘,69.2,51.9,34.1,16.7,17.3,17.8,17.4,16.7
美浦,20260905,土,6:52,アデランテ,,セ,5,1500,菊川正達,64.8,48.0,31.7,15.7,16.8,16.3,16.0,15.7
美浦,20260905,土,6:52,エスコバル,,セ,8,1500,高橋文雅,68.5,50.0,32.8,16.6,18.5,17.2,16.2,16.6
美浦,20260905,土,6:52,クロライナ,,セ,4,120,室井潔,67.9,49.3,32.1,15.7,18.6,17.2,16.4,15.7
美浦,20260905,土,6:52,スマートブル,,牡,4,400,室井潔,63.3,45.7,29.9,15.2,17.6,15.8,14.7,15.2
美浦,20260905,土,6:52,セイカタカキヤチク,,牡,2,0,相沢郁,64.0,47.3,31.0,15.5,16.7,16.3,15.5,15.5
美浦,20260905,土,6:52,ゾネンバーデン,,牡,2,未出走,岩戸孝樹,64.8,47.3,31.0,15.9,17.5,16.3,15.1,15.9
美浦,20260905,土,6:52,ナイトパイロット,,牡,2,未出走,相沢郁,64.5,48.1,32.0,15.9,16.4,16.1,16.1,15.9
美浦,20260905,土,6:52,ピュアティアラ,,牝,2,未出走,室井潔,68.4,49.9,32.2,16.0,18.5,17.7,16.2,16.0
美浦,20260905,土,6:52,フィールオーサム,,牝,4,900,岩戸孝樹,66.3,47.7,30.8,15.4,18.6,16.9,15.4,15.4
美浦,20260905,土,6:52,マンリーダッシュ,,牡,2,未登録,,67.5,49.5,32.3,15.9,18.0,17.2,16.4,15.9
美浦,20260905,土,6:52,モナコブル,,牡,5,900,岩戸孝樹,64.5,47.2,30.8,15.7,17.3,16.4,15.1,15.7
美浦,20260905,土,6:53,アレーティア,,牝,4,400,上原博之,59.1,44.0,29.2,14.9,15.1,14.8,14.3,14.9
美浦,20260905,土,6:53,ウインドオブヘヴン,,牡,3,0,戸田博文,76.5,55.6,37.3,19.1,20.9,18.3,18.2,19.1
美浦,20260905,土,6:53,エッジランナー,,牡,3,0,戸田博文,71.7,52.0,34.1,17.0,19.7,17.9,17.1,17.0
美浦,20260905,土,6:53,ケイツーズウォティ,,牡,2,未出走,深山雅史,63.4,46.3,29.7,13.9,17.1,16.6,15.8,13.9
美浦,20260905,土,6:53,コウセイケンタロス,,セ,4,0,和田雄二,65.4,48.2,31.8,16.0,17.2,16.4,15.8,16.0
美浦,20260905,土,6:53,ジェラシックパーク,,牝,2,未出走,深山雅史,71.3,53.1,35.0,17.5,18.2,18.1,17.5,17.5
美浦,20260905,土,6:53,トラストフィスティ,,牝,2,未出走,高木登,72.9,53.0,34.8,17.6,19.9,18.2,17.2,17.6
美浦,20260905,土,6:53,ドンレパルス,,牡,7,1500,高木登,71.3,52.0,34.2,17.5,19.3,17.8,16.7,17.5
美浦,20260905,土,6:53,ニーケーセナ,,牝,2,未登録,,72.7,52.8,34.7,17.3,19.9,18.1,17.4,17.3
美浦,20260905,土,6:53,ネクストブレイク,,牡,6,180,戸田博文,58.0,44.3,30.5,15.7,13.7,13.8,14.8,15.7
美浦,20260905,土,6:53,マジックファイト,,牡,2,0,和田雄二,68.3,50.2,33.4,16.6,18.1,16.8,16.8,16.6
美浦,20260905,土,6:53,マルジョレーヌ,,牝,2,未登録,,69.3,51.1,33.3,16.4,18.2,17.8,16.9,16.4
美浦,20260905,土,6:53,ユイノヘラクレス,,牡,2,0,深山雅史,70.7,52.3,34.5,17.5,18.4,17.8,17.0,17.5
美浦,20260905,土,6:53,リプレイハズシ,,牝,2,未出走,深山雅史,70.1,51.7,34.2,16.7,18.4,17.5,17.5,16.7
美浦,20260905,土,6:53,ワンキャンパス,,牝,2,0,深山雅史,71.5,53.0,34.7,17.7,18.5,18.3,17.0,17.7
美浦,20260905,土,6:53,ｼﾞｪﾗｽｶﾞｰﾙの24,,牡,2,未登録,,72.4,52.5,34.6,17.4,19.9,17.9,17.2,17.4
美浦,20260905,土,6:54,サヴィッジブロウ,,牡,2,未出走,上原博之,66.9,47.6,30.2,14.9,19.3,17.4,15.3,14.9
美浦,20260905,土,6:54,ニーナラルゴ,,牝,2,0,上原博之,68.2,49.2,31.6,15.6,19.0,17.6,16.0,15.6
美浦,20260905,土,6:54,マジェステラ,,牝,3,400,千葉直人,71.7,52.0,33.9,16.7,19.7,18.1,17.2,16.7
美浦,20260905,土,6:54,ヨリナスピード,,牡,2,未出走,上原博之,75.0,55.6,36.7,18.3,19.4,18.9,18.4,18.3
美浦,20260905,土,6:54,ロードトライデント,,牡,3,400,千葉直人,64.0,47.7,31.1,14.6,16.3,16.6,16.5,14.6
美浦,20260905,土,6:55,アウメントゥーノ,,牝,2,未出走,宮田敬介,68.9,50.8,33.6,16.8,18.1,17.2,16.8,16.8
美浦,20260905,土,6:55,グランナヴィール,,牡,5,0,堀内岳志,66.3,48.0,30.7,14.8,18.3,17.3,15.9,14.8
美浦,20260905,土,6:55,シンガソング,,牝,4,400,堀内岳志,68.0,49.3,31.2,15.1,18.7,18.1,16.1,15.1
美浦,20260905,土,6:55,ダカラフェスティヴ,,牝,4,1500,奥平雅士,66.2,49.1,32.7,16.5,17.1,16.4,16.2,16.5
美浦,20260905,土,6:55,ポートマンロード,,牝,2,未登録,,68.9,50.3,32.7,16.0,18.6,17.6,16.7,16.0
美浦,20260905,土,6:55,レピュニット,,牡,3,400,宮田敬介,65.7,48.7,31.6,15.8,17.0,17.1,15.8,15.8
美浦,20260905,土,6:55,ｾﾙﾌｨｰﾊﾞｲﾌﾞｽの24,,牝,2,未登録,,69.5,50.8,32.9,16.1,18.7,17.9,16.8,16.1
美浦,20260905,土,6:56,チイサナコイノウタ,,牝,2,未出走,奥平雅士,73.3,54.6,35.9,17.9,18.7,18.7,18.0,17.9
美浦,20260905,土,6:57,ウインファヴォリ,,セ,4,400,松尾卓哉,67.0,48.3,31.9,16.3,18.7,16.4,15.6,16.3
美浦,20260905,土,6:57,ジェイエルキャリア,,牡,3,400,松尾卓哉,67.1,49.6,32.7,15.8,17.5,16.9,16.9,15.8
美浦,20260905,土,6:57,ジェイエルモーダル,,牡,3,900,松尾卓哉,64.9,46.7,30.3,15.0,18.2,16.4,15.3,15.0
美浦,20260905,土,6:57,ベアオーディン,,牡,2,未出走,松尾卓哉,66.3,48.2,31.9,15.8,18.1,16.3,16.1,15.8
美浦,20260905,土,6:57,マイオーラ,,牡,2,未出走,松尾卓哉,66.0,48.3,31.9,16.0,17.7,16.4,15.9,16.0
美浦,20260905,土,6:58,インターステラ,,牡,4,0,天間昭一,74.1,54.8,36.5,18.3,19.3,18.3,18.2,18.3
美浦,20260905,土,6:59,エコロヴィータ,,牝,2,未出走,菊沢隆徳,67.1,49.0,32.0,15.7,18.1,17.0,16.3,15.7
美浦,20260905,土,6:59,カテドラルクォーツ,,牡,3,0,菊沢隆徳,66.3,48.2,32.0,16.4,18.1,16.2,15.6,16.4
美浦,20260905,土,6:59,セイウンウェルス,,牡,2,未出走,伊藤大士,64.0,47.2,31.2,15.5,16.8,16.0,15.7,15.5
美浦,20260905,土,6:59,ダノンマローネ,,牡,2,未登録,,69.3,50.6,33.1,16.4,18.7,17.5,16.7,16.4
美浦,20260905,土,6:59,トーセンマスラオ,,牡,2,0,菊沢隆徳,66.5,48.0,31.7,16.5,18.5,16.3,15.2,16.5
美浦,20260905,土,6:59,ニジイロバタフライ,,牝,2,未出走,菊沢隆徳,67.4,49.8,32.4,15.9,17.6,17.4,16.5,15.9
美浦,20260905,土,6:59,ハンデンブレイズ,,牡,2,0,伊藤大士,64.3,47.3,31.3,15.5,17.0,16.0,15.8,15.5
美浦,20260905,土,6:59,フレンチネイル,,牝,2,未出走,伊藤大士,64.9,47.8,31.6,15.8,17.1,16.2,15.8,15.8
美浦,20260905,土,6:59,レンミッキ,,牝,2,未出走,伊藤大士,64.4,47.6,31.5,15.7,16.8,16.1,15.8,15.7
美浦,20260905,土,7:02,イノセントキャット,,牝,5,1600,久保田貴,66.3,48.2,31.4,15.3,18.1,16.8,16.1,15.3
美浦,20260905,土,7:02,サクセスメロディー,,牝,2,未出走,久保田貴,65.4,49.4,33.4,16.7,16.0,16.0,16.7,16.7
美浦,20260905,土,7:02,ジロラータ,,牡,4,0,久保田貴,63.5,47.8,32.3,16.3,15.7,15.5,16.0,16.3
美浦,20260905,土,7:02,ノヴェルチェルシー,,牝,2,未出走,久保田貴,64.8,48.0,31.5,15.4,16.8,16.5,16.1,15.4
美浦,20260905,土,7:03,ホウオウスターツ,,セ,4,0,天間昭一,75.8,56.7,38.3,19.6,19.1,18.4,18.7,19.6
美浦,20260905,土,7:04,イントゥーザブルー,,牡,2,0,清水英克,69.5,53.6,36.7,18.4,15.9,16.9,18.3,18.4
美浦,20260905,土,7:04,ノワールブレイブ,,牝,2,0,清水英克,70.1,52.4,35.3,18.3,17.7,17.1,17.0,18.3
美浦,20260905,土,7:04,パチクリベスクリ,,牡,3,0,清水英克,71.3,54.2,36.8,18.5,17.1,17.4,18.3,18.5
美浦,20260905,土,7:04,フェスティヴガッツ,,牡,2,未登録,,69.3,51.9,34.7,17.5,17.4,17.2,17.2,17.5
美浦,20260905,土,7:04,リオンパリス,,牡,2,未出走,清水英克,71.6,54.2,36.5,18.5,17.4,17.7,18.0,18.5
美浦,20260905,土,7:06,イレブンローズ,,牝,2,未出走,栗田徹,65.5,47.8,31.4,15.8,17.7,16.4,15.6,15.8
美浦,20260905,土,7:06,サムフィールド,,牡,2,未出走,鈴木慎太,66.6,48.8,31.8,16.0,17.8,17.0,15.8,16.0
美浦,20260905,土,7:06,スヴァラ,,牝,2,未出走,栗田徹,69.9,51.9,34.0,16.8,18.0,17.9,17.2,16.8
美浦,20260905,土,7:06,ドナチャージ,,牝,2,0,栗田徹,69.2,51.6,33.9,16.7,17.6,17.7,17.2,16.7
美浦,20260905,土,7:06,ルナロマンティカ,,牝,2,未出走,鈴木慎太,67.2,50.1,32.9,15.9,17.1,17.2,17.0,15.9
美浦,20260905,土,7:06,ルージュセラフィム,,牝,2,未登録,,65.3,48.0,31.9,16.2,17.3,16.1,15.7,16.2
美浦,20260905,土,7:06,ルージュマローネ,,牝,4,900,栗田徹,70.0,51.5,34.1,16.8,18.5,17.4,17.3,16.8
美浦,20260905,土,7:07,サツキレジーナ,,牝,4,400,石栗龍彦,68.2,48.3,30.9,15.4,19.9,17.4,15.5,15.4
美浦,20260905,土,7:07,トップマジシャン,,牡,3,400,石栗龍彦,66.9,48.8,30.6,14.4,18.1,18.2,16.2,14.4
美浦,20260905,土,7:09,ヤマニンガラッシア,,牡,9,560,辻哲英,128.6,93.2,59.5,28.5,35.4,33.7,31.0,28.5
美浦,20260905,土,7:11,サリーアン,,牡,3,0,鈴木伸尋,70.0,50.8,33.2,16.4,19.2,17.6,16.8,16.4
美浦,20260905,土,7:11,ショーツヨシ,,牡,2,未出走,鈴木伸尋,67.7,50.2,33.7,17.0,17.5,16.5,16.7,17.0
美浦,20260905,土,7:11,ショーモッシュ,,セ,4,400,鈴木伸尋,74.2,55.4,35.4,16.8,18.8,20.0,18.6,16.8
美浦,20260905,土,7:11,マイネルトレマーズ,,牡,3,0,手塚貴久,68.5,50.5,32.8,15.9,18.0,17.7,16.9,15.9
美浦,20260905,土,7:11,ミツカネベネラ,,牝,3,1000,鈴木伸尋,63.5,47.5,31.2,14.9,16.0,16.3,16.3,14.9
美浦,20260905,土,7:11,メッエフアパラ,,牡,5,900,辻哲英,103.7,74.6,48.0,24.0,29.1,26.6,24.0,24.0
美浦,20260905,土,7:11,ヤマニンリンキング,,牡,3,0,辻哲英,99.8,71.6,45.6,23.0,28.2,26.0,22.6,23.0
美浦,20260905,土,7:11,ラストレガシー,,牡,4,900,手塚貴久,66.6,49.3,32.7,16.6,17.3,16.6,16.1,16.6
美浦,20260905,土,7:11,レイユール,,牝,4,900,手塚貴久,68.2,50.6,32.7,16.7,17.6,17.9,16.0,16.7
美浦,20260905,土,7:13,イサチルサリーレ,,牡,2,0,竹内正洋,69.3,50.9,33.5,17.1,18.4,17.4,16.4,17.1
美浦,20260905,土,7:13,イサチルワクワク,,牝,2,未出走,竹内正洋,72.5,52.6,34.1,16.7,19.9,18.5,17.4,16.7
美浦,20260905,土,7:13,ソレイユクラージュ,,牝,2,未登録,,69.4,50.8,33.0,16.1,18.6,17.8,16.9,16.1
美浦,20260905,土,7:13,バーンズナイト,,牡,2,未登録,,69.8,50.9,33.5,16.8,18.9,17.4,16.7,16.8
美浦,20260905,土,7:13,ユニオンジャック,,牡,3,0,竹内正洋,72.0,52.2,33.9,16.6,19.8,18.3,17.3,16.6
美浦,20260905,土,7:14,ファイナルラッキー,,牡,2,未出走,武藤善則,66.3,48.4,31.9,15.4,17.9,16.5,16.5,15.4
美浦,20260905,土,7:14,ラインディアーナ,,牝,2,未出走,武藤善則,66.7,49.1,32.5,16.0,17.6,16.6,16.5,16.0
美浦,20260905,土,7:15,リーゼントモニカ,,牝,3,0,辻哲英,58.9,42.8,29.1,14.7,16.1,13.7,14.4,14.7
美浦,20260905,土,7:16,エコロエイト,,牡,5,2400,中舘英二,69.9,51.7,34.4,16.9,18.2,17.3,17.5,16.9
美浦,20260905,土,7:16,セラフィムコード,,牡,2,未出走,中舘英二,69.8,52.0,34.4,16.7,17.8,17.6,17.7,16.7
美浦,20260905,土,7:17,ジャメビュ,,牝,3,0,佐藤吉勝,73.0,53.8,35.4,17.7,19.2,18.4,17.7,17.7
美浦,20260905,土,7:17,ジワタネホ,,牝,3,400,中舘英二,71.1,51.7,33.3,16.4,19.4,18.4,16.9,16.4
美浦,20260905,土,7:17,ディーズゴールド,,牡,4,1500,中舘英二,70.0,50.3,32.9,16.1,19.7,17.4,16.8,16.1
美浦,20260905,土,7:17,ナイスプレーアスク,,牝,3,900,中舘英二,66.9,48.9,32.0,15.6,18.0,16.9,16.4,15.6
美浦,20260905,土,7:17,ヤマトスイフト,,牝,3,0,中舘英二,68.9,51.2,33.3,16.5,17.7,17.9,16.8,16.5
美浦,20260905,土,7:18,ウリズンベー,,牡,3,400,古賀大生,64.3,48.0,31.9,16.0,16.3,16.1,15.9,16.0
美浦,20260905,土,7:18,サトノリアン,,牡,5,80,古賀大生,61.2,45.5,30.0,14.8,15.7,15.5,15.2,14.8
美浦,20260905,土,7:18,サードアイ,,牡,2,未出走,蛯名正義,65.9,48.1,31.0,15.3,17.8,17.1,15.7,15.3
美浦,20260905,土,7:18,ダークドゥオーフ,,牡,2,未出走,古賀大生,67.2,50.0,33.3,16.6,17.2,16.7,16.7,16.6
美浦,20260905,土,7:19,オーケープライム,,牡,2,未登録,,70.8,52.0,34.5,17.2,18.8,17.5,17.3,17.2
美浦,20260905,土,7:19,タッカーヴィーチェ,,牝,2,未出走,田島俊明,69.9,50.6,32.4,15.9,19.3,18.2,16.5,15.9
美浦,20260905,土,7:19,ダンツティアラ,,セ,5,400,蛯名正義,68.2,50.8,34.0,17.0,17.4,16.8,17.0,17.0
美浦,20260905,土,7:19,ダンツファイター,,牡,4,1500,蛯名正義,68.4,51.1,34.3,17.2,17.3,16.8,17.1,17.2
美浦,20260905,土,7:19,テリオスララ,,牝,4,2100,田島俊明,71.2,52.1,34.7,17.3,19.1,17.4,17.4,17.3
美浦,20260905,土,7:19,デアプリームス,,牝,3,900,田島俊明,70.0,51.5,33.8,17.4,18.5,17.7,16.4,17.4
美浦,20260905,土,7:19,ビップチェイス,,牡,5,900,田島俊明,71.0,52.2,34.6,17.1,18.8,17.6,17.5,17.1
美浦,20260905,土,7:20,テイクユアタイム,,牡,2,未出走,中川公成,65.5,48.0,31.4,15.4,17.5,16.6,16.0,15.4
美浦,20260905,土,7:20,ディアファザー,,牡,2,0,中川公成,64.9,47.4,31.1,15.6,17.5,16.3,15.5,15.6
美浦,20260905,土,7:20,ノワールブレイブ,,牝,2,0,清水英克,69.9,52.2,34.6,17.4,17.7,17.6,17.2,17.4
美浦,20260905,土,7:20,パチクリベスクリ,,牡,3,0,清水英克,71.2,52.7,34.8,17.5,18.5,17.9,17.3,17.5
美浦,20260905,土,7:20,フェスティヴガッツ,,牡,2,未登録,,70.5,52.2,34.6,17.3,18.3,17.6,17.3,17.3
美浦,20260905,土,7:20,レーヴマジック,,牡,2,未出走,中川公成,69.2,51.2,34.0,17.1,18.0,17.2,16.9,17.1
美浦,20260905,土,7:21,アグネスブリッツ,,牝,3,0,和田勇介,67.8,50.0,33.0,16.8,17.8,17.0,16.2,16.8
美浦,20260905,土,7:21,アニエーネ,,牝,2,0,和田勇介,67.0,49.2,32.4,16.0,17.8,16.8,16.4,16.0
美浦,20260905,土,7:21,エイシンニラク,,牡,3,400,勢司和浩,67.5,50.8,33.9,17.1,16.7,16.9,16.8,17.1
美浦,20260905,土,7:21,キョウエイクイーン,,牝,2,未出走,中川公成,72.2,53.6,35.4,17.7,18.6,18.2,17.7,17.7
美浦,20260905,土,7:21,グラスブランシュ,,牝,5,900,松山将樹,71.8,52.0,33.5,16.5,19.8,18.5,17.0,16.5
美浦,20260905,土,7:21,ゴールドエクシード,,牝,2,未出走,中川公成,71.7,53.3,35.4,17.6,18.4,17.9,17.8,17.6
美浦,20260905,土,7:21,スパリエーラ,,牝,2,未出走,奥村武,66.4,49.4,32.9,15.9,17.0,16.5,17.0,15.9
美浦,20260905,土,7:21,スローブギ,,牡,2,未出走,和田勇介,65.5,48.3,31.5,15.6,17.2,16.8,15.9,15.6
美浦,20260905,土,7:21,ニューロファイター,,牡,2,0,和田勇介,66.6,48.5,31.7,15.7,18.1,16.8,16.0,15.7
美浦,20260905,土,7:21,ヒッポダメイア,,牝,2,未出走,中川公成,70.3,52.4,34.5,17.1,17.9,17.9,17.4,17.1
美浦,20260905,土,7:21,ホウオウシンデレラ,,牝,5,900,奥村武,66.9,49.2,32.4,16.3,17.7,16.8,16.1,16.3
美浦,20260905,土,7:21,ｱﾏﾉﾁｪﾘｰﾗﾝの24,,牡,2,未登録,,71.3,53.3,35.1,17.3,18.0,18.2,17.8,17.3
美浦,20260905,土,7:22,キョウエイベスト,,牡,2,未出走,勢司和浩,76.8,57.3,38.6,19.4,19.5,18.7,19.2,19.4
美浦,20260905,土,7:22,クラージュスター,,牡,3,0,勢司和浩,58.2,43.7,29.4,14.4,14.5,14.3,15.0,14.4
美浦,20260905,土,7:22,コールドアズアイス,,牡,2,未出走,高木登,70.3,51.8,34.1,16.5,18.5,17.7,17.6,16.5
美浦,20260905,土,7:22,サイモンオリエント,,牡,2,0,勢司和浩,68.8,51.4,33.9,17.2,17.4,17.5,16.7,17.2
美浦,20260905,土,7:22,シーニックビュー,,牡,5,520,金成貴史,69.2,49.8,32.6,16.3,19.4,17.2,16.3,16.3
美浦,20260905,土,7:22,ドントゥザムーン,,牡,4,900,高木登,70.3,52.2,34.1,16.9,18.1,18.1,17.2,16.9
美浦,20260905,土,7:22,パンジャ,,牡,5,2400,金成貴史,66.5,49.2,32.0,15.8,17.3,17.2,16.2,15.8
美浦,20260905,土,7:23,カラスアゲハ,,牝,2,0,佐藤吉勝,71.7,53.2,34.3,17.8,18.5,18.9,16.5,17.8
美浦,20260905,土,7:23,ケイジャーダ,,牝,2,0,佐藤吉勝,72.6,53.9,35.8,18.0,18.7,18.1,17.8,18.0
美浦,20260905,土,7:23,サーロー,,牝,3,400,勢司和浩,83.3,59.0,38.6,19.2,24.3,20.4,19.4,19.2
美浦,20260905,土,7:23,トパーズヘッド,,牡,2,未出走,佐藤吉勝,69.5,52.7,35.2,17.9,16.8,17.5,17.3,17.9
美浦,20260905,土,7:24,インナーパッション,,牡,3,400,斎藤誠,63.8,47.9,31.9,15.6,15.9,16.0,16.3,15.6
美浦,20260905,土,7:24,コンアフェット,,牝,4,900,斎藤誠,63.4,47.8,31.8,15.9,15.6,16.0,15.9,15.9
美浦,20260905,土,7:24,サトノハクマイ,,牡,2,未出走,斎藤誠,66.4,49.0,32.5,16.2,17.4,16.5,16.3,16.2
美浦,20260905,土,7:24,スターランウェイ,,牝,4,900,斎藤誠,67.7,49.9,32.6,15.9,17.8,17.3,16.7,15.9
美浦,20260905,土,7:24,タケルムサシ,,牡,3,400,斎藤誠,67.9,50.3,33.4,16.8,17.6,16.9,16.6,16.8
美浦,20260905,土,7:24,ブレイクソロ,,牡,2,未出走,斎藤誠,67.9,50.4,33.5,16.7,17.5,16.9,16.8,16.7
美浦,20260905,土,7:24,ラオラシオン,,セ,5,1500,斎藤誠,66.8,49.9,33.5,16.5,16.9,16.4,17.0,16.5
美浦,20260905,土,7:24,ヴンダーバール,,牝,3,900,斎藤誠,63.7,47.6,32.0,15.9,16.1,15.6,16.1,15.9
美浦,20260905,土,7:25,ブライトマン,,セ,5,400,蛯名正義,66.0,49.1,32.6,16.4,16.9,16.5,16.2,16.4
美浦,20260905,土,7:26,ガヤーズサムライ,,牡,2,0,田中勝春,60.9,44.1,29.3,14.6,16.8,14.8,14.7,14.6
美浦,20260905,土,7:26,ミエノヴィヴィッド,,牡,2,未出走,田中勝春,59.6,43.0,28.3,14.0,16.6,14.7,14.3,14.0
美浦,20260905,土,7:26,モルトマエストーソ,,牡,5,900,手塚貴徳,72.9,53.4,34.7,16.9,19.5,18.7,17.8,16.9
美浦,20260905,土,7:27,ディヴァインジャン,,牡,2,未出走,田中勝春,65.0,47.6,31.4,15.9,17.4,16.2,15.5,15.9
美浦,20260905,土,7:30,ラインホルト,,牡,2,0,手塚貴徳,67.2,49.7,33.0,16.5,17.5,16.7,16.5,16.5
美浦,20260905,土,7:31,ベルゲラン,,牝,2,未登録,,70.1,50.6,33.5,16.4,19.5,17.1,17.1,16.4
美浦,20260905,土,7:31,レッドレナート,,牡,5,900,手塚貴徳,65.7,47.6,31.3,15.3,18.1,16.3,16.0,15.3
美浦,20260905,土,7:31,ﾏﾙﾀｰｽﾞﾃﾞｨｵｻの24,,牡,2,未登録,,69.7,50.6,33.2,16.3,19.1,17.4,16.9,16.3
美浦,20260905,土,7:32,エコロエイト,,牡,5,2400,中舘英二,69.6,51.5,33.3,16.6,18.1,18.2,16.7,16.6
美浦,20260905,土,7:32,セラフィムコード,,牡,2,未出走,中舘英二,69.8,52.0,34.2,16.9,17.8,17.8,17.3,16.9
美浦,20260905,土,7:32,ヤマトスイフト,,牝,3,0,中舘英二,69.1,50.7,33.1,16.1,18.4,17.6,17.0,16.1
美浦,20260905,土,7:33,アバレリュウ,,牡,4,400,鈴木慎太,65.2,46.9,30.1,14.8,18.3,16.8,15.3,14.8
美浦,20260905,土,7:33,トパーズプレミア,,牡,2,未出走,伊藤大士,64.3,48.6,32.2,16.2,15.7,16.4,16.0,16.2
美浦,20260905,土,7:33,ポポラヴィスタ,,牝,3,0,鈴木慎太,69.7,50.9,33.7,17.0,18.8,17.2,16.7,17.0
美浦,20260905,土,7:34,シルバーノリダー,,牡,2,未出走,伊藤大士,64.8,48.2,31.8,16.0,16.6,16.4,15.8,16.0
美浦,20260905,土,7:34,タカチャン,,牝,2,未登録,,66.3,48.9,32.2,16.1,17.4,16.7,16.1,16.1
美浦,20260905,土,7:34,ディーズゴールド,,牡,4,1500,中舘英二,70.0,50.7,32.8,16.2,19.3,17.9,16.6,16.2
美浦,20260905,土,7:36,シンヒダカムーン,,牡,2,未出走,上原佑紀,63.7,46.7,30.4,15.4,17.0,16.3,15.0,15.4
美浦,20260905,土,7:36,ポッドコーディア,,牡,2,未出走,上原佑紀,63.3,46.8,31.1,15.5,16.5,15.7,15.6,15.5
美浦,20260905,土,7:36,マッドゲイル,,牡,3,900,上原佑紀,63.4,46.6,30.6,15.5,16.8,16.0,15.1,15.5
美浦,20260905,土,7:36,リゾートアイランド,,牡,3,1600,上原佑紀,65.6,49.1,31.7,15.3,16.5,17.4,16.4,15.3
美浦,20260905,土,7:36,ロードベラヴィータ,,牡,2,未出走,上原佑紀,62.9,46.7,31.4,15.6,16.2,15.3,15.8,15.6
美浦,20260905,土,7:42,デルマミョウコウ,,牡,2,未登録,,67.9,50.8,34.0,17.0,17.1,16.8,17.0,17.0
美浦,20260905,土,7:42,ナムラマシュー,,牡,2,未出走,石栗龍彦,68.6,52.1,34.6,17.7,16.5,17.5,16.9,17.7
美浦,20260905,土,7:42,モルトマエストーソ,,牡,5,900,手塚貴徳,63.7,46.9,30.6,14.7,16.8,16.3,15.9,14.7
美浦,20260905,土,7:43,アフィーリア,,牝,2,0,浅利英明,68.3,49.5,32.5,16.1,18.8,17.0,16.4,16.1
美浦,20260905,土,7:43,アルシミスト,,セ,5,400,浅利英明,65.9,47.5,31.2,15.9,18.4,16.3,15.3,15.9
美浦,20260905,土,7:43,アルーアウインド,,牡,2,未出走,浅利英明,67.8,49.7,32.8,15.9,18.1,16.9,16.9,15.9
美浦,20260905,土,7:43,エマルタ,,牝,2,未出走,浅利英明,68.9,50.2,33.2,16.8,18.7,17.0,16.4,16.8
美浦,20260905,土,7:43,シウンハゴロモ,,牝,2,未出走,浅利英明,68.6,49.2,32.2,16.1,19.4,17.0,16.1,16.1
美浦,20260905,土,7:43,ドッグズノーズ,,牡,2,未出走,浅利英明,68.0,49.5,32.7,15.8,18.5,16.8,16.9,15.8
美浦,20260905,土,7:44,セレネリオン,,牝,2,未出走,浅利英明,73.3,53.6,35.3,17.7,19.7,18.3,17.6,17.7
美浦,20260905,土,7:44,ヒズストーリー,,牡,2,0,中川公成,71.2,53.3,35.9,18.1,17.9,17.4,17.8,18.1
美浦,20260905,土,7:47,サードウインド,,牝,4,900,西田雄一,72.5,52.9,34.9,17.8,19.6,18.0,17.1,17.8
美浦,20260905,土,7:48,テリオスルル,,牝,5,400,田島俊明,69.3,50.4,33.3,16.5,18.9,17.1,16.8,16.5
美浦,20260905,土,7:48,ブレイザブリク,,牝,2,未登録,,72.3,52.8,34.5,17.6,19.5,18.3,16.9,17.6
美浦,20260905,土,7:48,ｴｲﾐｰﾌﾚｲﾊﾞｰの24,,牝,2,未登録,,72.3,52.8,34.5,17.5,19.5,18.3,17.0,17.5
美浦,20260905,土,7:49,ドナリー,,牝,2,0,林徹,70.4,52.4,34.4,16.6,18.0,18.0,17.8,16.6
美浦,20260905,土,7:49,ラディアントスター,,牡,3,900,林徹,60.5,44.6,28.9,13.8,15.9,15.7,15.1,13.8
美浦,20260905,土,7:49,レインボーフライト,,牝,2,未出走,林徹,70.4,52.4,34.4,16.6,18.0,18.0,17.8,16.6
美浦,20260905,土,7:50,スタースポット,,牡,2,400,林徹,71.3,52.5,35.1,17.3,18.8,17.4,17.8,17.3
美浦,20260905,土,7:50,ゼットターム,,牡,2,未出走,林徹,71.3,52.3,35.2,17.3,19.0,17.1,17.9,17.3
美浦,20260905,土,7:50,プラチナリーフ,,牡,2,未出走,林徹,71.3,52.4,35.1,17.3,18.9,17.3,17.8,17.3
美浦,20260905,土,7:52,アルテミスデフォレ,,牝,2,未出走,青木孝文,64.7,47.7,31.3,15.8,17.0,16.4,15.5,15.8
美浦,20260905,土,7:52,ゲキザル,,牡,7,1500,青木孝文,63.6,47.7,31.7,16.0,15.9,16.0,15.7,16.0
美浦,20260905,土,7:52,ココボロ,,牝,5,120,松山将樹,70.4,52.6,34.8,17.3,17.8,17.8,17.5,17.3
美浦,20260905,土,7:52,ジーティーストーム,,牡,2,未出走,松山将樹,69.1,50.8,33.5,17.3,18.3,17.3,16.2,17.3
美浦,20260905,土,7:52,タイセイフェリーク,,牝,6,1500,青木孝文,66.2,47.8,31.5,16.0,18.4,16.3,15.5,16.0
美浦,20260905,土,7:52,ノビリシマビジョン,,牝,4,900,青木孝文,64.5,47.3,31.2,15.6,17.2,16.1,15.6,15.6
美浦,20260905,土,7:52,ミスターマーボー,,牡,3,400,青木孝文,65.3,47.9,31.4,15.9,17.4,16.5,15.5,15.9
美浦,20260905,土,7:52,ラスリーズプレミア,,牡,2,未登録,,69.4,50.3,33.2,17.1,19.1,17.1,16.1,17.1
美浦,20260905,土,7:52,ラヴレイン,,牝,2,0,松山将樹,69.5,51.0,33.6,17.3,18.5,17.4,16.3,17.3
美浦,20260905,土,7:53,クロニクル,,セ,7,1500,平岩大典,71.1,51.6,33.8,17.0,19.5,17.8,16.8,17.0
美浦,20260905,土,7:53,デモリションマン,,牡,2,未出走,平岩大典,69.9,51.3,33.6,16.9,18.6,17.7,16.7,16.9
美浦,20260905,土,7:53,ヘヴンリーワールド,,牝,2,未出走,平岩大典,68.0,51.1,33.6,16.7,16.9,17.5,16.9,16.7
美浦,20260905,土,7:53,ｻｸｿﾝﾌﾞﾗｲﾄﾞの24,,牡,2,未登録,,77.6,57.4,37.5,18.2,20.2,19.9,19.3,18.2
美浦,20260905,土,7:54,アテナプロマコス,,牝,2,未出走,和田勇介,65.7,48.3,31.7,15.7,17.4,16.6,16.0,15.7
美浦,20260905,土,7:54,テンプーシャオン,,牡,6,400,和田勇介,66.1,48.8,32.1,16.2,17.3,16.7,15.9,16.2
美浦,20260905,土,7:55,アルデラックス,,牡,4,400,村田一誠,58.0,40.9,25.8,12.3,17.1,15.1,13.5,12.3
美浦,20260905,土,7:55,シルフィー,,牡,3,0,村田一誠,58.6,41.5,26.2,12.4,17.1,15.3,13.8,12.4
美浦,20260905,土,7:55,リゼスカーレット,,牝,2,未出走,村田一誠,56.5,40.6,26.0,12.3,15.9,14.6,13.7,12.3
美浦,20260905,土,7:55,リュウジンマル,,牡,4,150,村田一誠,56.4,41.3,27.1,13.6,15.1,14.2,13.5,13.6
美浦,20260905,土,7:56,トーアレオン,,牡,2,未出走,村田一誠,68.0,49.6,32.6,15.9,18.4,17.0,16.7,15.9
美浦,20260905,土,7:56,ニホンノヨアケゼヨ,,牡,2,未出走,村田一誠,67.0,49.3,32.7,16.2,17.7,16.6,16.5,16.2
美浦,20260905,土,7:59,テリオスルル,,牝,5,400,田島俊明,67.3,49.3,32.0,15.5,18.0,17.3,16.5,15.5
美浦,20260905,土,8:01,アイアンマン,,牡,2,未出走,大和田成,66.5,48.7,31.9,16.0,17.8,16.8,15.9,16.0
美浦,20260905,土,8:01,スペードギニー,,セ,4,80,大和田成,67.7,49.0,31.7,15.6,18.7,17.3,16.1,15.6
美浦,20260905,土,8:01,デルマエアロール,,牝,4,400,大和田成,64.8,47.7,31.2,15.7,17.1,16.5,15.5,15.7
美浦,20260905,土,8:01,フェイマスジャズ,,牝,2,未出走,大和田成,66.3,48.6,31.9,15.8,17.7,16.7,16.1,15.8
美浦,20260905,土,8:01,ロゼル,,牡,6,900,大和田成,67.3,49.1,32.0,15.6,18.2,17.1,16.4,15.6
美浦,20260905,土,8:03,ゴーゴーアキラ,,牡,2,未登録,,67.2,49.6,33.1,15.9,17.6,16.5,17.2,15.9
美浦,20260905,土,8:03,マオスカイシー,,牡,2,未出走,蛯名正義,68.4,49.9,32.9,16.2,18.5,17.0,16.7,16.2
美浦,20260905,土,8:03,ラディアンスララ,,牝,2,未登録,,67.3,49.8,33.0,15.9,17.5,16.8,17.1,15.9
美浦,20260905,土,8:03,リオフラウス,,牝,2,未出走,矢野英一,68.1,50.0,33.5,17.1,18.1,16.5,16.4,17.1
美浦,20260905,土,8:03,レボルシオン,,牡,5,400,蛯名正義,68.7,50.7,33.5,16.9,18.0,17.2,16.6,16.9
美浦,20260905,土,8:03,ｴｱﾃﾞｨｹﾑの24,,牝,2,未登録,,68.8,50.9,33.7,17.4,17.9,17.2,16.3,17.4
美浦,20260905,土,8:04,アイムインディ,,牝,3,400,蛯名正義,62.5,45.9,30.0,14.8,16.6,15.9,15.2,14.8
美浦,20260905,土,8:13,アロンズロッド,,牡,4,900,宮田敬介,68.0,49.6,31.7,14.8,18.4,17.9,16.9,14.8
美浦,20260905,土,8:13,サトノテオドール,,牡,2,未登録,,67.6,49.7,32.7,16.2,17.9,17.0,16.5,16.2
美浦,20260905,土,8:13,シエロブリジャンテ,,牝,2,未出走,宮田敬介,68.0,49.6,32.5,16.1,18.4,17.1,16.4,16.1
美浦,20260905,土,8:13,スノーヴァ,,牡,2,未登録,,68.5,50.4,32.8,16.0,18.1,17.6,16.8,16.0
美浦,20260905,土,8:13,パウンドザロック,,牝,2,未出走,宮田敬介,67.9,49.2,32.1,16.0,18.7,17.1,16.1,16.0
美浦,20260905,土,8:13,ランギヌイ,,牡,2,未出走,宮田敬介,67.1,49.3,31.6,15.6,17.8,17.7,16.0,15.6
美浦,20260905,土,8:42,シーギリヤロック,,牡,3,400,田中博康,59.8,44.2,29.4,14.4,15.6,14.8,15.0,14.4
美浦,20260905,土,8:42,スワーヴバシレウス,,牡,2,未出走,田中博康,62.6,46.1,30.3,15.1,16.5,15.8,15.2,15.1
美浦,20260905,土,8:42,ドリームコア,,牝,3,5800,田中博康,61.9,45.7,30.1,14.8,16.2,15.6,15.3,14.8
