栗東,20260707,火,5:00,エルダークローネ,,牡,2,0,西村真幸,64.3,47.2,31.2,15.4,17.1,16.0,15.8,15.4
栗東,20260707,火,5:00,カズタンジャー,,牡,5,4420,新谷功一,65.0,48.0,31.9,15.8,17.0,16.1,16.1,15.8
栗東,20260707,火,5:00,グランスプリント,,牡,3,0,西村真幸,66.4,48.3,31.9,16.2,18.1,16.4,15.7,16.2
栗東,20260707,火,5:00,マハートマーベル,,牡,4,900,西村真幸,66.1,47.7,31.7,16.2,18.4,16.0,15.5,16.2
栗東,20260707,火,5:01,,,,,,,64.0,46.4,30.5,15.1,17.6,15.9,15.4,15.1
栗東,20260707,火,5:01,アイファーラピッド,,牝,2,0,森秀行,66.5,48.3,31.5,15.8,18.2,16.8,15.7,15.8
栗東,20260707,火,5:01,アステルディーヴァ,,牝,3,0,西村真幸,65.1,46.8,30.4,15.0,18.3,16.4,15.4,15.0
栗東,20260707,火,5:01,アトランタ,,牡,2,未出走,高柳大輔,69.1,49.3,32.3,16.1,19.8,17.0,16.2,16.1
栗東,20260707,火,5:01,アーデントアイ,,牡,3,0,高柳大輔,67.3,48.2,31.2,15.1,19.1,17.0,16.1,15.1
栗東,20260707,火,5:01,エヒト,,牡,9,7950,森秀行,64.2,47.5,31.7,16.0,16.7,15.8,15.7,16.0
栗東,20260707,火,5:01,ジャンシ,,牡,3,400,森秀行,63.0,46.4,31.1,15.8,16.6,15.3,15.3,15.8
栗東,20260707,火,5:01,ティエルニート,,牝,2,未出走,高橋康之,64.7,47.2,31.1,14.8,17.5,16.1,16.3,14.8
栗東,20260707,火,5:01,トラカイキャッスル,,牝,3,0,西村真幸,64.4,46.5,30.3,14.7,17.9,16.2,15.6,14.7
栗東,20260707,火,5:01,ニテンイチリュウ,,牡,3,0,高橋康之,66.3,48.1,31.8,15.9,18.2,16.3,15.9,15.9
栗東,20260707,火,5:01,フィラーエ,,牝,3,400,高橋康之,65.9,48.2,31.4,15.5,17.7,16.8,15.9,15.5
栗東,20260707,火,5:01,ブルズアイプリンス,,牡,3,400,森秀行,66.1,47.2,31.2,15.1,18.9,16.0,16.1,15.1
栗東,20260707,火,5:01,ベランジェール,,牝,5,400,西村真幸,64.4,46.8,31.2,15.5,17.6,15.6,15.7,15.5
栗東,20260707,火,5:01,マニバドラ,,牡,6,3600,森秀行,62.4,46.1,30.7,15.4,16.3,15.4,15.3,15.4
栗東,20260707,火,5:01,レイワサンサン,,セ,5,900,高柳大輔,66.1,47.4,30.7,15.0,18.7,16.7,15.7,15.0
栗東,20260707,火,5:02,,,,,,,75.1,54.2,35.3,17.3,20.9,18.9,18.0,17.3
栗東,20260707,火,5:02,コカボムショット,,牡,3,0,庄野靖志,70.9,53.3,35.5,17.6,17.6,17.8,17.9,17.6
栗東,20260707,火,5:02,ゴールデンテティス,,牝,3,0,庄野靖志,69.6,51.0,33.8,17.1,18.6,17.2,16.7,17.1
栗東,20260707,火,5:02,ジェルブロア,,牝,4,400,矢作芳人,66.8,48.8,32.2,16.3,18.0,16.6,15.9,16.3
栗東,20260707,火,5:02,スピーディスピン,,牝,2,0,加藤公太,67.4,48.8,32.4,16.1,18.6,16.4,16.3,16.1
栗東,20260707,火,5:02,スプレンドーレ,,牝,3,未出走,矢作芳人,78.3,57.4,37.8,18.5,20.9,19.6,19.3,18.5
栗東,20260707,火,5:02,スマートクラビ,,牡,4,400,中村直也,67.5,51.1,34.3,16.9,16.4,16.8,17.4,16.9
栗東,20260707,火,5:02,ゼンノトヨタマヒメ,,牝,3,0,中村直也,69.1,51.9,34.4,16.8,17.2,17.5,17.6,16.8
栗東,20260707,火,5:02,パレットフレイバー,,牝,3,400,加藤公太,67.2,48.9,32.6,16.2,18.3,16.3,16.4,16.2
栗東,20260707,火,5:02,ペイシャシス,,牝,3,400,加藤公太,66.7,48.4,32.3,16.0,18.3,16.1,16.3,16.0
栗東,20260707,火,5:02,マイエスタ,,牝,2,未出走,中村直也,66.8,49.3,32.6,16.8,17.5,16.7,15.8,16.8
栗東,20260707,火,5:02,マイティキングダム,,牡,3,400,加藤公太,67.6,48.9,32.4,15.9,18.7,16.5,16.5,15.9
栗東,20260707,火,5:02,マナエトレ,,牡,4,900,清水久詞,75.6,56.9,38.3,18.8,18.7,18.6,19.5,18.8
栗東,20260707,火,5:02,マリアンデール,,牝,2,未出走,中村直也,67.4,49.2,32.4,16.2,18.2,16.8,16.2,16.2
栗東,20260707,火,5:02,ルクスユアン,,牡,3,0,清水久詞,75.3,54.7,35.8,17.4,20.6,18.9,18.4,17.4
栗東,20260707,火,5:02,レイクイーン,,牝,2,未出走,中村直也,67.1,49.2,32.6,16.1,17.9,16.6,16.5,16.1
栗東,20260707,火,5:02,レッドバベル,,牡,3,未出走,池江泰寿,64.8,47.8,31.5,15.4,17.0,16.3,16.1,15.4
栗東,20260707,火,5:03,,,,,,,65.8,48.8,32.8,16.3,17.0,16.0,16.5,16.3
栗東,20260707,火,5:03,インユアパレス,,牡,5,5750,須貝尚介,69.5,50.4,33.2,16.7,19.1,17.2,16.5,16.7
栗東,20260707,火,5:03,ウインビスタ,,牡,3,0,梅田智之,68.3,49.6,33.1,16.5,18.7,16.5,16.6,16.5
栗東,20260707,火,5:03,オースミサイファー,,牡,3,0,宮本博,66.0,47.9,31.3,15.7,18.1,16.6,15.6,15.7
栗東,20260707,火,5:03,キシュウマミー,,牝,2,未出走,安達昭夫,69.0,50.5,33.1,16.1,18.5,17.4,17.0,16.1
栗東,20260707,火,5:03,コパノサントス,,牡,6,2500,梅田智之,69.5,47.9,30.3,15.4,21.6,17.6,14.9,15.4
栗東,20260707,火,5:03,モアニ,,牝,5,900,高橋康之,68.2,49.8,32.9,16.6,18.4,16.9,16.3,16.6
栗東,20260707,火,5:04,,,,,,,65.2,48.6,32.5,16.0,16.6,16.1,16.5,16.0
栗東,20260707,火,5:04,エイシンジュウライ,,牡,2,未出走,今野貞一,68.3,49.7,32.5,16.2,18.6,17.2,16.3,16.2
栗東,20260707,火,5:04,クータモ,,牡,3,0,大久保龍,64.2,47.3,31.5,15.5,16.9,15.8,16.0,15.5
栗東,20260707,火,5:04,グッデイチャイカ,,牡,2,未出走,東田明士,67.1,49.5,32.6,16.0,17.6,16.9,16.6,16.0
栗東,20260707,火,5:04,ココフルール,,牝,2,未出走,東田明士,67.2,48.4,31.9,15.8,18.8,16.5,16.1,15.8
栗東,20260707,火,5:04,サンライズプルート,,牡,6,900,東田明士,67.6,48.3,31.5,15.3,19.3,16.8,16.2,15.3
栗東,20260707,火,5:04,ザキノシュガー,,牡,2,未出走,東田明士,66.4,49.0,32.5,16.3,17.4,16.5,16.2,16.3
栗東,20260707,火,5:04,ドンインザムード,,牡,4,5350,今野貞一,66.3,48.1,31.8,15.6,18.2,16.3,16.2,15.6
栗東,20260707,火,5:04,ハイクオリティ,,牡,4,900,今野貞一,68.5,49.4,32.2,16.1,19.1,17.2,16.1,16.1
栗東,20260707,火,5:04,ミッキーロビン,,牡,3,0,大久保龍,67.5,49.3,32.5,16.4,18.2,16.8,16.1,16.4
栗東,20260707,火,5:05,,,,,,,66.4,47.4,30.5,14.9,19.0,16.9,15.6,14.9
栗東,20260707,火,5:05,,,,,,,66.7,49.3,32.4,16.4,17.4,16.9,16.0,16.4
栗東,20260707,火,5:05,,,,,,,66.8,49.3,32.4,16.4,17.5,16.9,16.0,16.4
栗東,20260707,火,5:05,,,,,,,69.7,50.4,32.9,16.3,19.3,17.5,16.6,16.3
栗東,20260707,火,5:05,アイアン,,牡,3,0,辻野泰之,66.0,48.2,31.3,15.7,17.8,16.9,15.6,15.7
栗東,20260707,火,5:05,アンリーベイビー,,牝,5,400,茶木太樹,64.1,46.4,31.0,15.8,17.7,15.4,15.2,15.8
栗東,20260707,火,5:05,サマーブリザード,,牡,3,0,吉田直弘,72.3,52.5,33.6,16.6,19.8,18.9,17.0,16.6
栗東,20260707,火,5:05,サントルドパリ,,牡,3,400,小林真也,62.8,46.2,30.8,15.1,16.6,15.4,15.7,15.1
栗東,20260707,火,5:05,サンライズアリオン,,牡,7,3600,平田修,63.3,46.3,30.4,15.0,17.0,15.9,15.4,15.0
栗東,20260707,火,5:05,ショウナンバラモン,,牡,2,未出走,須貝尚介,68.4,49.6,31.9,16.3,18.8,17.7,15.6,16.3
栗東,20260707,火,5:05,ゼットリアン,,牡,6,3600,吉田直弘,71.5,51.1,32.6,15.5,20.4,18.5,17.1,15.5
栗東,20260707,火,5:05,ハロナ,,牝,2,0,須貝尚介,62.4,44.2,28.5,14.1,18.2,15.7,14.4,14.1
栗東,20260707,火,5:05,フェリシタル,,牝,2,未出走,辻野泰之,64.8,47.2,30.7,15.1,17.6,16.5,15.6,15.1
栗東,20260707,火,5:05,フラッシングルビー,,牝,2,未出走,辻野泰之,65.1,47.6,30.7,15.2,17.5,16.9,15.5,15.2
栗東,20260707,火,5:05,モンターニュドネガ,,牝,3,0,吉田直弘,76.8,55.6,35.9,17.5,21.2,19.7,18.4,17.5
栗東,20260707,火,5:05,ユイリノベーション,,牡,2,0,平田修,63.6,46.5,30.5,15.2,17.1,16.0,15.3,15.2
栗東,20260707,火,5:05,リアライズステラ,,牡,3,0,須貝尚介,64.6,45.5,29.4,14.8,19.1,16.1,14.6,14.8
栗東,20260707,火,5:05,ルージュミステリオ,,牝,4,400,辻野泰之,64.4,47.7,31.7,15.9,16.7,16.0,15.8,15.9
栗東,20260707,火,5:05,ルートサーティーン,,牡,3,400,辻野泰之,64.5,46.8,30.2,14.4,17.7,16.6,15.8,14.4
栗東,20260707,火,5:06,,,,,,,65.3,47.3,31.0,15.3,18.0,16.3,15.7,15.3
栗東,20260707,火,5:06,エイシンミスリル,,牝,3,0,大久保龍,63.0,46.1,30.5,15.4,16.9,15.6,15.1,15.4
栗東,20260707,火,5:06,ギュルヴィ,,牡,4,2400,大久保龍,62.4,45.8,30.2,14.8,16.6,15.6,15.4,14.8
栗東,20260707,火,5:06,セコンドトゥベスト,,牝,3,0,上村洋行,64.8,47.5,31.1,15.5,17.3,16.4,15.6,15.5
栗東,20260707,火,5:06,セルヴァジオ,,牝,3,0,上村洋行,65.1,47.4,31.5,15.3,17.7,15.9,16.2,15.3
栗東,20260707,火,5:06,ダノンミッドナイト,,牡,3,0,中内田充,62.4,45.5,29.7,14.9,16.9,15.8,14.8,14.9
栗東,20260707,火,5:06,チェサピークベイ,,牡,3,未出走,中内田充,63.4,46.6,30.2,15.1,16.8,16.4,15.1,15.1
栗東,20260707,火,5:06,チェファルー,,牡,3,0,上村洋行,64.4,47.0,30.3,15.1,17.4,16.7,15.2,15.1
栗東,20260707,火,5:06,ベラジオヴァレル,,牡,3,0,上村洋行,64.9,47.2,31.3,15.0,17.7,15.9,16.3,15.0
栗東,20260707,火,5:06,メイショウキルギス,,牡,5,1500,高橋亮,51.4,37.4,24.5,12.4,14.0,12.9,12.1,12.4
栗東,20260707,火,5:06,ルージュマデイラ,,牝,3,0,上村洋行,64.7,47.7,30.6,14.9,17.0,17.1,15.7,14.9
栗東,20260707,火,5:07,キョウエイクローム,,牝,3,0,森田直行,65.2,46.6,30.4,15.1,18.6,16.2,15.3,15.1
栗東,20260707,火,5:07,ゴールドアクセス,,牡,3,400,寺島良,66.9,49.4,32.4,16.4,17.5,17.0,16.0,16.4
栗東,20260707,火,5:07,ダノンテムズ,,牡,3,400,寺島良,65.9,47.4,30.5,15.1,18.5,16.9,15.4,15.1
栗東,20260707,火,5:07,チェカ,,牝,3,0,小崎憲,64.4,47.5,31.7,16.3,16.9,15.8,15.4,16.3
栗東,20260707,火,5:07,チュウワメロディー,,牡,3,0,小崎憲,66.2,47.9,31.6,15.4,18.3,16.3,16.2,15.4
栗東,20260707,火,5:07,テンエースワン,,牡,5,900,大久保龍,67.4,49.0,32.4,16.2,18.4,16.6,16.2,16.2
栗東,20260707,火,5:07,ディープナイト,,牡,2,未出走,牧田和弥,67.4,48.0,31.5,15.7,19.4,16.5,15.8,15.7
栗東,20260707,火,5:07,ナムラティアラ,,牝,3,400,牧田和弥,67.6,47.8,30.9,15.3,19.8,16.9,15.6,15.3
栗東,20260707,火,5:07,ハツアカネ,,牝,3,0,小崎憲,67.2,48.3,31.4,15.4,18.9,16.9,16.0,15.4
栗東,20260707,火,5:07,ブレイズカルナバル,,牡,2,未出走,飯田祐史,67.6,48.0,31.5,15.6,19.6,16.5,15.9,15.6
栗東,20260707,火,5:07,ペコリズム,,牝,3,0,森田直行,64.3,47.1,31.7,15.8,17.2,15.4,15.9,15.8
栗東,20260707,火,5:07,メイショウジェンマ,,牡,6,810,飯田祐史,67.4,47.6,30.9,15.2,19.8,16.7,15.7,15.2
栗東,20260707,火,5:07,ヴィエントデコラ,,牡,3,400,寺島良,63.5,45.3,30.3,15.6,18.2,15.0,14.7,15.6
栗東,20260707,火,5:08,エコロヴァルド,,牡,2,未出走,牧浦充徳,65.8,48.9,32.0,15.7,16.9,16.9,16.3,15.7
栗東,20260707,火,5:08,カラクニダケ,,牡,3,400,谷潔,65.5,48.7,33.4,16.9,16.8,15.3,16.5,16.9
栗東,20260707,火,5:08,クリノゴージャス,,牝,3,未出走,荒川義之,65.5,48.3,32.4,16.2,17.2,15.9,16.2,16.2
栗東,20260707,火,5:08,グッジョブ,,牡,6,2400,牧浦充徳,62.6,45.8,29.8,14.8,16.8,16.0,15.0,14.8
栗東,20260707,火,5:08,ゴールドアーク,,牡,2,未出走,谷潔,66.3,48.6,31.8,15.9,17.7,16.8,15.9,15.9
栗東,20260707,火,5:08,サフィラ,,牝,5,4350,池添学,66.8,49.0,31.8,15.7,17.8,17.2,16.1,15.7
栗東,20260707,火,5:08,シンゼンカガ,,牡,4,1500,荒川義之,64.8,47.3,31.1,15.1,17.5,16.2,16.0,15.1
栗東,20260707,火,5:08,ステアハート,,牝,4,900,新谷功一,62.1,45.1,29.6,14.6,17.0,15.5,15.0,14.6
栗東,20260707,火,5:08,ダンツウルス,,牡,3,0,谷潔,65.6,47.9,31.7,15.8,17.7,16.2,15.9,15.8
栗東,20260707,火,5:08,ツーハーツ,,牡,2,未出走,寺島良,64.9,47.3,30.9,15.3,17.6,16.4,15.6,15.3
栗東,20260707,火,5:08,トシミチ,,牡,2,400,谷潔,67.3,48.5,32.0,16.1,18.8,16.5,15.9,16.1
栗東,20260707,火,5:08,ナムラサフラン,,牝,2,未出走,荒川義之,67.0,49.6,33.3,16.4,17.4,16.3,16.9,16.4
栗東,20260707,火,5:08,ブルーストレイル,,牡,5,480,荒川義之,65.0,47.6,31.8,15.8,17.4,15.8,16.0,15.8
栗東,20260707,火,5:08,マディソンガール,,牝,4,900,中内田充,66.6,48.9,32.2,15.6,17.7,16.7,16.6,15.6
栗東,20260707,火,5:08,メイショウマドンナ,,牝,3,0,荒川義之,65.4,48.1,32.5,16.6,17.3,15.6,15.9,16.6
栗東,20260707,火,5:08,リーグナイト,,牡,3,400,新谷功一,67.4,48.8,31.7,15.8,18.6,17.1,15.9,15.8
栗東,20260707,火,5:08,ロンリーマン,,牡,2,未出走,荒川義之,66.2,48.4,32.1,15.5,17.8,16.3,16.6,15.5
栗東,20260707,火,5:09,アメリカンサクラ,,牡,3,0,矢作芳人,64.4,47.9,32.0,16.0,16.5,15.9,16.0,16.0
栗東,20260707,火,5:09,コルヴァス,,牡,3,400,矢作芳人,64.4,47.7,32.0,16.0,16.7,15.7,16.0,16.0
栗東,20260707,火,5:09,シゲルソロソロ,,牝,6,1500,谷潔,64.6,47.9,31.9,16.2,16.7,16.0,15.7,16.2
栗東,20260707,火,5:09,タガノラヴズワン,,牝,3,0,平田修,68.8,49.3,31.9,15.7,19.5,17.4,16.2,15.7
栗東,20260707,火,5:09,ダノンカゼルタ,,セ,4,900,寺島良,63.5,46.6,30.4,15.0,16.9,16.2,15.4,15.0
栗東,20260707,火,5:09,リーベラーリア,,牝,2,未出走,高橋義忠,64.8,47.9,31.4,15.5,16.9,16.5,15.9,15.5
栗東,20260707,火,5:10,ウーマンズパワー,,牝,3,400,中尾秀正,68.4,50.7,33.5,16.4,17.7,17.2,17.1,16.4
栗東,20260707,火,5:10,ジューンエオス,,牝,4,1500,武英智,66.5,48.7,32.0,15.5,17.8,16.7,16.5,15.5
栗東,20260707,火,5:10,ハマナスノサクコロ,,牝,2,未出走,武英智,68.5,50.1,33.1,16.6,18.4,17.0,16.5,16.6
栗東,20260707,火,5:10,プシュカル,,牡,3,0,坂口智康,66.7,49.5,32.8,16.3,17.2,16.7,16.5,16.3
栗東,20260707,火,5:10,ランウインディ,,牝,5,1500,中尾秀正,68.4,51.1,34.0,17.1,17.3,17.1,16.9,17.1
栗東,20260707,火,5:11,カフジミモレット,,牝,3,0,森田直行,66.4,48.5,31.6,15.2,17.9,16.9,16.4,15.2
栗東,20260707,火,5:11,サンライズジュピタ,,牡,4,400,石坂公一,66.2,48.0,31.2,15.2,18.2,16.8,16.0,15.2
栗東,20260707,火,5:11,テルヴィセクス,,牡,3,400,斉藤崇史,80.6,58.3,38.4,19.2,22.3,19.9,19.2,19.2
栗東,20260707,火,5:11,ホットロッドハート,,牡,2,未出走,前川恭子,64.4,47.4,30.8,15.0,17.0,16.6,15.8,15.0
栗東,20260707,火,5:11,マリナーヴァレイ,,牝,2,未出走,石坂公一,67.2,48.4,31.4,15.5,18.8,17.0,15.9,15.5
栗東,20260707,火,5:11,ヤマニンソロイスト,,牡,3,未出走,斉藤崇史,80.6,58.3,38.9,19.3,22.3,19.4,19.6,19.3
栗東,20260707,火,5:12,アメリカンイズム,,牡,3,400,池江泰寿,65.1,46.6,30.8,15.0,18.5,15.8,15.8,15.0
栗東,20260707,火,5:12,クイーンズアイ,,牝,2,0,昆貢,67.1,49.1,32.6,16.6,18.0,16.5,16.0,16.6
栗東,20260707,火,5:12,サーバルマインド,,牡,3,0,森田直行,69.0,51.0,34.0,16.6,18.0,17.0,17.4,16.6
栗東,20260707,火,5:12,ダイメイプリンス,,牡,3,0,森田直行,69.4,50.6,33.6,16.6,18.8,17.0,17.0,16.6
栗東,20260707,火,5:12,ダノンオブアイデア,,牡,3,0,藤原英昭,66.1,47.6,31.3,15.5,18.5,16.3,15.8,15.5
栗東,20260707,火,5:12,トリオハピネス,,牡,2,未出走,佐藤悠太,65.5,48.4,31.2,15.2,17.1,17.2,16.0,15.2
栗東,20260707,火,5:12,ノーランサンライズ,,牝,4,1500,佐藤悠太,63.4,47.4,31.9,15.9,16.0,15.5,16.0,15.9
栗東,20260707,火,5:12,ファーヴェント,,牡,5,3250,藤原英昭,67.3,47.5,30.4,14.8,19.8,17.1,15.6,14.8
栗東,20260707,火,5:12,フィンガーレイクス,,牡,3,0,藤原英昭,74.8,54.7,35.7,17.5,20.1,19.0,18.2,17.5
栗東,20260707,火,5:12,マッセート,,牝,2,未出走,佐藤悠太,66.1,48.6,32.3,15.9,17.5,16.3,16.4,15.9
栗東,20260707,火,5:12,ワルトシュタイン,,牡,3,0,佐藤悠太,65.7,47.7,30.7,15.0,18.0,17.0,15.7,15.0
栗東,20260707,火,5:13,アトゥア,,牝,2,未出走,藤原英昭,67.5,48.8,32.0,15.8,18.7,16.8,16.2,15.8
栗東,20260707,火,5:13,アヴレディール,,牝,2,未出走,松永幹夫,66.7,48.8,32.3,16.0,17.9,16.5,16.3,16.0
栗東,20260707,火,5:13,キーンセンス,,牡,3,400,松永幹夫,65.7,48.3,31.4,15.6,17.4,16.9,15.8,15.6
栗東,20260707,火,5:13,グランシャン,,牡,3,0,松永幹夫,66.7,48.4,31.4,15.6,18.3,17.0,15.8,15.6
栗東,20260707,火,5:13,サンデーファンデー,,牡,6,9550,東田明士,66.0,48.4,31.9,16.2,17.6,16.5,15.7,16.2
栗東,20260707,火,5:13,サンライズケヴィン,,牡,3,900,平田修,65.5,48.4,31.8,15.9,17.1,16.6,15.9,15.9
栗東,20260707,火,5:13,サンライズハリー,,牡,3,0,平田修,63.6,47.0,30.5,14.9,16.6,16.5,15.6,14.9
栗東,20260707,火,5:13,シックパラソル,,牝,2,未出走,松永幹夫,67.0,48.8,32.3,16.0,18.2,16.5,16.3,16.0
栗東,20260707,火,5:13,シャインベック,,セ,4,400,北出成人,66.1,48.9,32.5,15.9,17.2,16.4,16.6,15.9
栗東,20260707,火,5:13,ジャスティンガルフ,,牡,5,900,茶木太樹,65.0,47.2,31.0,15.5,17.8,16.2,15.5,15.5
栗東,20260707,火,5:13,スマートエラン,,牡,3,0,池江泰寿,66.8,48.4,31.1,15.4,18.4,17.3,15.7,15.4
栗東,20260707,火,5:13,ダノンフィガロ,,牡,2,未出走,池江泰寿,75.3,53.1,33.5,16.3,22.2,19.6,17.2,16.3
栗東,20260707,火,5:13,テーオーレックス,,牡,3,0,岡田稲男,66.9,48.7,32.4,16.0,18.2,16.3,16.4,16.0
栗東,20260707,火,5:13,ニシノフランケン,,牡,2,0,北出成人,65.6,47.5,30.7,15.1,18.1,16.8,15.6,15.1
栗東,20260707,火,5:13,フランキーバローズ,,牡,4,500,池江泰寿,66.2,47.5,30.3,14.9,18.7,17.2,15.4,14.9
栗東,20260707,火,5:13,プリズマジコ,,牡,5,900,高橋義忠,65.4,47.9,31.9,15.4,17.5,16.0,16.5,15.4
栗東,20260707,火,5:13,ベイニーニャ,,牝,3,0,茶木太樹,64.9,47.3,31.2,15.7,17.6,16.1,15.5,15.7
栗東,20260707,火,5:13,マルモア,,牝,5,400,松永幹夫,66.8,49.3,32.4,15.9,17.5,16.9,16.5,15.9
栗東,20260707,火,5:13,ムルソー,,牡,5,6700,池江泰寿,65.7,47.3,30.4,14.8,18.4,16.9,15.6,14.8
栗東,20260707,火,5:13,メイショウタカネ,,牝,3,0,岡田稲男,66.3,48.0,31.5,15.8,18.3,16.5,15.7,15.8
栗東,20260707,火,5:13,ヤマニンループ,,牡,7,900,松永幹夫,65.9,47.6,30.6,14.9,18.3,17.0,15.7,14.9
栗東,20260707,火,5:13,ルージュソリテール,,牝,4,2500,藤原英昭,64.2,46.3,30.3,14.8,17.9,16.0,15.5,14.8
栗東,20260707,火,5:13,ローマンレイク,,牝,5,900,松永幹夫,66.5,49.3,32.3,15.9,17.2,17.0,16.4,15.9
栗東,20260707,火,5:13,ヴィスメンティス,,牡,3,0,池江泰寿,66.3,48.2,31.3,15.2,18.1,16.9,16.1,15.2
栗東,20260707,火,5:14,,,,,,,65.6,47.9,31.7,15.5,17.7,16.2,16.2,15.5
栗東,20260707,火,5:14,アルジェンタム,,セ,3,0,野中賢二,66.7,49.4,32.4,16.0,17.3,17.0,16.4,16.0
栗東,20260707,火,5:14,アルムアポジェ,,牝,3,0,北出成人,65.9,47.2,30.7,14.9,18.7,16.5,15.8,14.9
栗東,20260707,火,5:14,エコロヴァルツ,,牡,5,6000,牧浦充徳,65.3,47.7,31.4,15.3,17.6,16.3,16.1,15.3
栗東,20260707,火,5:14,クスクス,,牝,5,900,松下武士,69.8,50.3,32.6,15.7,19.5,17.7,16.9,15.7
栗東,20260707,火,5:14,ケイアイドリー,,牡,9,8170,前川恭子,61.3,44.9,29.2,14.4,16.4,15.7,14.8,14.4
栗東,20260707,火,5:14,コスモグローリー,,牡,4,400,北出成人,67.8,49.3,32.4,15.8,18.5,16.9,16.6,15.8
栗東,20260707,火,5:14,シュガーハウス,,牡,2,未出走,野中賢二,66.2,49.3,32.5,15.5,16.9,16.8,17.0,15.5
栗東,20260707,火,5:14,ショウナンバンライ,,牡,3,900,松下武士,66.5,48.4,31.5,15.5,18.1,16.9,16.0,15.5
栗東,20260707,火,5:14,スナークホクサイ,,セ,3,0,野中賢二,65.5,47.8,31.2,15.0,17.7,16.6,16.2,15.0
栗東,20260707,火,5:14,トラストエムシー,,牡,6,400,北出成人,66.4,47.5,31.0,15.3,18.9,16.5,15.7,15.3
栗東,20260707,火,5:14,ハピアーザンエバー,,牡,5,900,羽月友彦,63.0,45.9,29.6,14.6,17.1,16.3,15.0,14.6
栗東,20260707,火,5:14,フェンダー,,牡,5,900,柴田卓,66.8,49.1,32.1,15.9,17.7,17.0,16.2,15.9
栗東,20260707,火,5:14,ミエルモーサ,,牝,2,0,松下武士,68.3,49.3,31.8,15.5,19.0,17.5,16.3,15.5
栗東,20260707,火,5:14,ミリオンカラー,,牝,2,未出走,北出成人,65.8,47.2,30.7,15.0,18.6,16.5,15.7,15.0
栗東,20260707,火,5:14,ラウルベア,,牝,4,400,柴田卓,65.2,47.5,31.4,15.7,17.7,16.1,15.7,15.7
栗東,20260707,火,5:14,ランズエンド,,牡,2,未出走,野中賢二,68.0,50.3,33.0,16.6,17.7,17.3,16.4,16.6
栗東,20260707,火,5:14,レジェルテ,,牡,3,0,柴田卓,64.9,47.5,30.8,15.3,17.4,16.7,15.5,15.3
栗東,20260707,火,5:14,レヴァンテシチー,,牡,4,1500,柴田卓,66.1,47.5,30.7,15.3,18.6,16.8,15.4,15.3
栗東,20260707,火,5:15,アメリカンスタイル,,牡,3,400,藤原英昭,66.5,49.2,32.5,16.1,17.3,16.7,16.4,16.1
栗東,20260707,火,5:15,サウンドファイト,,牡,2,未出走,安達昭夫,67.4,48.8,31.7,14.9,18.6,17.1,16.8,14.9
栗東,20260707,火,5:15,スーパービジー,,牡,3,0,庄野靖志,68.5,50.0,32.9,16.3,18.5,17.1,16.6,16.3
栗東,20260707,火,5:15,ソゲソゲスマイル,,牝,2,0,笹田和秀,65.5,48.0,31.8,16.0,17.5,16.2,15.8,16.0
栗東,20260707,火,5:15,ドットカモン,,牡,3,0,笹田和秀,65.3,48.9,32.9,16.6,16.4,16.0,16.3,16.6
栗東,20260707,火,5:15,フランヴィア,,牝,2,0,庄野靖志,72.5,52.9,34.4,17.4,19.6,18.5,17.0,17.4
栗東,20260707,火,5:15,ブラックブレット,,牡,2,未出走,羽月友彦,66.0,48.6,32.3,16.2,17.4,16.3,16.1,16.2
栗東,20260707,火,5:15,プロットシッケンズ,,牡,3,0,岡田稲男,65.8,48.8,32.4,16.1,17.0,16.4,16.3,16.1
栗東,20260707,火,5:15,ベルヴェール,,牡,2,未出走,石坂公一,65.6,48.0,30.9,15.0,17.6,17.1,15.9,15.0
栗東,20260707,火,5:15,メイショウクリフト,,牡,7,1500,笹田和秀,65.3,48.6,32.4,16.1,16.7,16.2,16.3,16.1
栗東,20260707,火,5:15,モンロワイヤル,,牡,3,0,牧浦充徳,64.9,47.5,31.1,15.8,17.4,16.4,15.3,15.8
栗東,20260707,火,5:15,ヤマトデュノール,,牡,2,未出走,安達昭夫,67.3,50.0,33.9,17.4,17.3,16.1,16.5,17.4
栗東,20260707,火,5:15,ユメハハテシナク,,牡,6,900,石坂公一,65.8,48.2,31.2,15.3,17.6,17.0,15.9,15.3
栗東,20260707,火,5:16,アメティスタ,,牝,3,900,牧浦充徳,62.0,46.0,29.9,14.4,16.0,16.1,15.5,14.4
栗東,20260707,火,5:16,カルパ,,牡,5,1500,須貝尚介,60.8,44.6,29.2,14.6,16.2,15.4,14.6,14.6
栗東,20260707,火,5:16,キリオス,,牡,3,400,庄野靖志,66.9,49.4,32.5,15.7,17.5,16.9,16.8,15.7
栗東,20260707,火,5:16,タナカーン,,牡,2,未出走,大根田裕,69.3,49.5,32.5,16.5,19.8,17.0,16.0,16.5
栗東,20260707,火,5:16,タナコクシテンホウ,,牡,2,未出走,大根田裕,63.5,47.9,32.3,16.3,15.6,15.6,16.0,16.3
栗東,20260707,火,5:16,ハリーケーン,,牡,4,1500,大根田裕,65.2,48.3,31.8,15.5,16.9,16.5,16.3,15.5
栗東,20260707,火,5:16,ヒッグスボソン,,牡,3,0,高橋義忠,67.8,49.7,32.8,15.7,18.1,16.9,17.1,15.7
栗東,20260707,火,5:16,マテンロウスカイ,,セ,7,7300,松永幹夫,65.0,47.6,30.7,15.1,17.4,16.9,15.6,15.1
栗東,20260707,火,5:16,ヴェロクオーレ,,牝,5,1180,石坂公一,71.2,51.1,32.7,15.9,20.1,18.4,16.8,15.9
栗東,20260707,火,5:17,ジンセイ,,牡,5,2400,庄野靖志,67.4,48.4,31.3,15.3,19.0,17.1,16.0,15.3
栗東,20260707,火,5:17,ドラゴンテイラー,,牡,4,2400,藤原英昭,64.1,46.0,29.7,14.7,18.1,16.3,15.0,14.7
栗東,20260707,火,5:17,マーシーラン,,牝,5,400,渡辺薫彦,70.4,51.9,34.0,16.9,18.5,17.9,17.1,16.9
栗東,20260707,火,5:17,メイショウバルキア,,牝,3,0,渡辺薫彦,65.3,48.3,32.0,15.8,17.0,16.3,16.2,15.8
栗東,20260707,火,5:17,ララアヴリル,,セ,4,900,坂口智康,66.7,49.5,33.0,16.3,17.2,16.5,16.7,16.3
栗東,20260707,火,5:17,ロードディグニティ,,牡,2,未出走,藤原英昭,66.8,49.1,32.0,15.5,17.7,17.1,16.5,15.5
栗東,20260707,火,5:18,ジーティーメティオ,,牝,3,0,矢作芳人,70.8,52.1,33.8,16.5,18.7,18.3,17.3,16.5
栗東,20260707,火,5:18,ベリベリハッピー,,牝,3,0,渡辺薫彦,68.7,50.1,32.2,16.1,18.6,17.9,16.1,16.1
栗東,20260707,火,5:18,ライムシロップ,,牝,3,未出走,羽月友彦,66.3,48.1,31.2,15.2,18.2,16.9,16.0,15.2
栗東,20260707,火,5:18,ワイルドカグラ,,牝,3,0,渡辺薫彦,70.1,51.3,33.5,16.7,18.8,17.8,16.8,16.7
栗東,20260707,火,5:19,アロハ,,牝,3,0,橋田宜長,64.5,46.1,30.7,15.5,18.4,15.4,15.2,15.5
栗東,20260707,火,5:19,インブロリオ,,牝,4,900,吉村圭司,67.1,49.3,32.4,16.3,17.8,16.9,16.1,16.3
栗東,20260707,火,5:19,エイシンニケ,,牝,3,未出走,吉村圭司,67.4,49.9,32.4,16.1,17.5,17.5,16.3,16.1
栗東,20260707,火,5:19,エイシンビーコン,,牡,3,400,吉村圭司,65.3,47.5,30.4,15.1,17.8,17.1,15.3,15.1
栗東,20260707,火,5:19,シュプレヒコール,,牡,2,未出走,清水久詞,68.8,50.2,32.7,16.0,18.6,17.5,16.7,16.0
栗東,20260707,火,5:19,タイセイドゥマーニ,,牡,3,未出走,杉山晴紀,68.1,49.6,33.2,16.6,18.5,16.4,16.6,16.6
栗東,20260707,火,5:19,ニシノミチアキ,,牡,4,400,吉村圭司,65.1,47.3,30.3,15.1,17.8,17.0,15.2,15.1
栗東,20260707,火,5:19,ミュージシャン,,牡,4,1500,杉山晴紀,66.5,48.5,32.2,15.9,18.0,16.3,16.3,15.9
栗東,20260707,火,5:19,ヨウリンケイジュ,,牝,3,0,吉村圭司,67.6,49.9,32.5,16.4,17.7,17.4,16.1,16.4
栗東,20260707,火,5:19,ヨドノゴールド,,牡,8,400,橋田宜長,65.4,47.6,31.5,15.7,17.8,16.1,15.8,15.7
栗東,20260707,火,5:19,レッドパラジウム,,牡,3,0,清水久詞,66.4,48.2,31.7,15.6,18.2,16.5,16.1,15.6
栗東,20260707,火,5:19,ロイドウェバー,,牡,3,未出走,杉山晴紀,65.6,48.1,31.6,15.3,17.5,16.5,16.3,15.3
栗東,20260707,火,5:19,ヴェネラブル,,牝,3,0,吉村圭司,66.7,48.9,31.9,15.7,17.8,17.0,16.2,15.7
栗東,20260707,火,5:20,ウルトラハート,,牡,3,0,中尾秀正,65.5,49.4,33.0,16.5,16.1,16.4,16.5,16.5
栗東,20260707,火,5:20,カセノナユタ,,牡,3,0,中尾秀正,65.5,49.0,33.4,16.9,16.5,15.6,16.5,16.9
栗東,20260707,火,5:20,クランフォード,,牝,5,2400,杉山晴紀,67.9,50.1,33.0,16.4,17.8,17.1,16.6,16.4
栗東,20260707,火,5:20,サンマルノヴェル,,牡,4,900,大橋勇樹,75.3,55.0,35.4,17.4,20.3,19.6,18.0,17.4
栗東,20260707,火,5:20,サヴォアフェール,,牡,3,900,杉山晴紀,68.6,49.7,32.4,15.7,18.9,17.3,16.7,15.7
栗東,20260707,火,5:20,ステライヴ,,牝,3,400,杉山晴紀,69.0,50.3,32.7,16.2,18.7,17.6,16.5,16.2
栗東,20260707,火,5:20,ドントゥール,,牝,3,0,杉山晴紀,70.4,51.7,34.0,16.9,18.7,17.7,17.1,16.9
栗東,20260707,火,5:20,フリーガー,,牡,3,400,矢作芳人,62.7,46.9,30.7,15.1,15.8,16.2,15.6,15.1
栗東,20260707,火,5:20,マルモリムソウ,,牡,2,未出走,大橋勇樹,67.5,50.2,33.5,16.8,17.3,16.7,16.7,16.8
栗東,20260707,火,5:20,ミッキーテネシー,,牝,3,0,中内田充,64.8,47.4,31.2,15.4,17.4,16.2,15.8,15.4
栗東,20260707,火,5:20,メイショウヘール,,牡,5,900,大橋勇樹,72.2,51.6,34.2,16.7,20.6,17.4,17.5,16.7
栗東,20260707,火,5:20,メイショウメゴヒメ,,牝,3,0,大橋勇樹,69.6,51.3,33.4,16.6,18.3,17.9,16.8,16.6
栗東,20260707,火,5:21,アセンシオン,,牡,2,0,角田晃一,65.9,48.6,32.0,15.6,17.3,16.6,16.4,15.6
栗東,20260707,火,5:21,タガノアバンドーネ,,牡,3,1500,角田晃一,64.1,47.4,32.4,17.1,16.7,15.0,15.3,17.1
栗東,20260707,火,5:22,アスクブームキセキ,,牡,3,0,藤原英昭,63.1,47.3,31.8,15.7,15.8,15.5,16.1,15.7
栗東,20260707,火,5:22,ケイアイワイラーパ,,牡,4,0,野中賢二,67.1,49.1,31.8,15.8,18.0,17.3,16.0,15.8
栗東,20260707,火,5:22,コンバットペスカ,,牝,5,400,角田晃一,67.6,49.0,32.0,15.9,18.6,17.0,16.1,15.9
栗東,20260707,火,5:22,ステアハート,,牝,4,900,新谷功一,66.0,48.0,31.2,15.1,18.0,16.8,16.1,15.1
栗東,20260707,火,5:22,モルティフレーバー,,牝,4,400,清水久詞,68.7,50.4,33.0,16.4,18.3,17.4,16.6,16.4
栗東,20260707,火,5:22,リーグナイト,,牡,3,400,新谷功一,65.9,47.3,30.6,14.9,18.6,16.7,15.7,14.9
栗東,20260707,火,5:22,ワンダーブレット,,セ,7,900,笹田和秀,63.0,45.1,29.8,14.9,17.9,15.3,14.9,14.9
栗東,20260707,火,5:24,,,,,,,68.2,49.9,33.1,16.8,18.3,16.8,16.3,16.8
栗東,20260707,火,5:24,イマージョン,,牡,4,1500,高野友和,70.4,50.3,32.1,15.7,20.1,18.2,16.4,15.7
栗東,20260707,火,5:24,ウィクフォード,,牡,2,未出走,高野友和,69.3,49.5,32.2,16.0,19.8,17.3,16.2,16.0
栗東,20260707,火,5:24,エイヘンハールト,,牡,4,400,高野友和,70.1,50.9,33.3,16.3,19.2,17.6,17.0,16.3
栗東,20260707,火,5:24,エリカアンディーヴ,,牝,4,900,吉岡辰弥,65.0,47.6,30.5,14.9,17.4,17.1,15.6,14.9
栗東,20260707,火,5:24,カレントゥルーシー,,牡,3,400,鈴木孝志,69.8,51.5,33.5,16.6,18.3,18.0,16.9,16.6
栗東,20260707,火,5:24,キシダンチョウ,,牡,3,400,吉岡辰弥,62.5,45.8,30.5,15.0,16.7,15.3,15.5,15.0
栗東,20260707,火,5:24,スレイクイーン,,牝,3,未出走,吉岡辰弥,64.6,47.1,30.2,14.5,17.5,16.9,15.7,14.5
栗東,20260707,火,5:24,スーサンコルティナ,,牡,2,未出走,鈴木孝志,65.9,47.6,31.5,15.6,18.3,16.1,15.9,15.6
栗東,20260707,火,5:24,チヨ,,牝,3,0,鈴木孝志,67.6,50.2,32.6,15.5,17.4,17.6,17.1,15.5
栗東,20260707,火,5:24,フレアオブセンス,,牡,3,0,高野友和,67.5,48.3,31.4,15.7,19.2,16.9,15.7,15.7
栗東,20260707,火,5:24,ムソウテンセイ,,牡,3,0,鈴木孝志,69.0,50.0,32.4,15.9,19.0,17.6,16.5,15.9
栗東,20260707,火,5:24,ムーンノクターン,,牝,2,未出走,四位洋文,68.3,50.0,33.1,16.8,18.3,16.9,16.3,16.8
栗東,20260707,火,5:24,メイショウマグナ,,牝,3,0,石橋守,68.0,49.7,32.7,16.3,18.3,17.0,16.4,16.3
栗東,20260707,火,5:24,メモリアデルレ,,牡,2,0,吉岡辰弥,63.2,45.7,30.4,14.8,17.5,15.3,15.6,14.8
栗東,20260707,火,5:24,リヴァイ,,牡,3,0,高野友和,70.4,50.5,32.7,15.9,19.9,17.8,16.8,15.9
栗東,20260707,火,5:24,ロードアウォード,,セ,6,3600,吉岡辰弥,64.1,46.3,29.6,14.7,17.8,16.7,14.9,14.7
栗東,20260707,火,5:25,アンリミテッド,,牡,3,0,高野友和,69.7,49.5,32.1,15.4,20.2,17.4,16.7,15.4
栗東,20260707,火,5:25,ウォータールスール,,牡,3,0,石橋守,65.6,48.2,31.8,15.8,17.4,16.4,16.0,15.8
栗東,20260707,火,5:25,エスペシャリー,,牝,4,1500,四位洋文,62.0,45.8,29.4,14.1,16.2,16.4,15.3,14.1
栗東,20260707,火,5:25,フルールジェンヌ,,牝,3,400,鈴木孝志,68.9,49.8,31.8,15.6,19.1,18.0,16.2,15.6
栗東,20260707,火,5:25,メイショウオーロラ,,牝,6,1500,本田優,66.8,49.0,32.4,16.2,17.8,16.6,16.2,16.2
栗東,20260707,火,5:25,メイショウザンゲツ,,牝,5,900,鈴木孝志,67.8,49.8,32.9,16.6,18.0,16.9,16.3,16.6
栗東,20260707,火,5:25,メイショウジンソウ,,牡,3,未出走,本田優,69.4,49.8,32.6,16.3,19.6,17.2,16.3,16.3
栗東,20260707,火,5:25,メイショウズイウン,,牡,4,2400,本田優,67.4,48.1,30.8,15.3,19.3,17.3,15.5,15.3
栗東,20260707,火,5:26,コンドゥイア,,牝,4,1500,井上智史,66.4,49.1,34.0,17.0,17.3,15.1,17.0,17.0
栗東,20260707,火,5:26,シャドウクライ,,牝,3,0,杉山佳明,65.8,47.8,30.9,14.8,18.0,16.9,16.1,14.8
栗東,20260707,火,5:26,スターアスコット,,牝,3,0,奥村豊,67.1,49.3,31.8,16.0,17.8,17.5,15.8,16.0
栗東,20260707,火,5:26,タイセイゼスティ,,牡,3,0,奥村豊,68.1,48.7,31.8,15.6,19.4,16.9,16.2,15.6
栗東,20260707,火,5:26,タガノランパート,,牡,3,0,奥村豊,68.4,49.8,32.3,15.9,18.6,17.5,16.4,15.9
栗東,20260707,火,5:26,ハヤテノツバサ,,牡,4,1500,杉山佳明,66.0,47.2,30.5,15.2,18.8,16.7,15.3,15.2
栗東,20260707,火,5:26,ハルカカナタ,,牝,2,未出走,秋山真一,72.3,53.0,34.8,17.3,19.3,18.2,17.5,17.3
栗東,20260707,火,5:26,ボクサークラブ,,牡,3,0,杉山佳明,67.1,49.3,32.1,15.6,17.8,17.2,16.5,15.6
栗東,20260707,火,5:26,ミラージュナイト,,牡,4,2400,杉山佳明,65.4,47.9,31.4,15.2,17.5,16.5,16.2,15.2
栗東,20260707,火,5:26,ロードハイエンド,,牡,2,未出走,奥村豊,68.7,49.7,32.7,15.9,19.0,17.0,16.8,15.9
栗東,20260707,火,5:26,ワイドアラジン,,牡,6,1500,奥村豊,67.1,48.0,30.7,15.1,19.1,17.3,15.6,15.1
栗東,20260707,火,5:26,ワイドクリーガー,,牡,4,900,奥村豊,66.6,47.9,30.6,14.9,18.7,17.3,15.7,14.9
栗東,20260707,火,5:26,ヴォルテックス,,牝,2,未出走,奥村豊,70.4,50.6,32.9,16.2,19.8,17.7,16.7,16.2
栗東,20260707,火,5:27,ギャルズマインド,,牝,2,未出走,武幸四郎,65.5,47.7,31.2,15.8,17.8,16.5,15.4,15.8
栗東,20260707,火,5:27,ケイアイメキラ,,セ,6,1500,秋山真一,74.0,52.7,33.7,16.1,21.3,19.0,17.6,16.1
栗東,20260707,火,5:27,シャインラブ,,牝,2,0,井上智史,66.9,48.6,32.1,16.4,18.3,16.5,15.7,16.4
栗東,20260707,火,5:27,ジーティーマローネ,,牝,2,未出走,井上智史,66.7,48.3,32.0,16.5,18.4,16.3,15.5,16.5
栗東,20260707,火,5:27,テーオーアンジェラ,,牝,3,400,梅田智之,66.0,47.6,31.3,15.2,18.4,16.3,16.1,15.2
栗東,20260707,火,5:27,フォルトゥナロッサ,,牝,2,未出走,武幸四郎,66.3,48.9,31.9,15.6,17.4,17.0,16.3,15.6
栗東,20260707,火,5:27,ブレイクガール,,牝,2,0,武幸四郎,67.1,49.8,33.1,16.4,17.3,16.7,16.7,16.4
栗東,20260707,火,5:27,マーヴィン,,牡,2,未出走,武幸四郎,66.1,48.5,31.3,15.1,17.6,17.2,16.2,15.1
栗東,20260707,火,5:27,ミール,,牝,2,未出走,高橋一哉,66.1,48.2,31.1,15.1,17.9,17.1,16.0,15.1
栗東,20260707,火,5:27,モンスエ,,牡,3,400,高橋一哉,70.1,51.4,32.6,15.8,18.7,18.8,16.8,15.8
栗東,20260707,火,5:28,イテルム,,牝,2,未出走,田中克典,66.9,49.0,31.7,15.4,17.9,17.3,16.3,15.4
栗東,20260707,火,5:28,サトノライトニング,,牡,3,未出走,田中克典,68.6,49.9,32.5,16.2,18.7,17.4,16.3,16.2
栗東,20260707,火,5:28,シャンパンスター,,牝,3,0,緒方努,66.5,48.2,30.7,15.2,18.3,17.5,15.5,15.2
栗東,20260707,火,5:28,ジョリープリュム,,牝,2,未出走,田中克典,67.0,49.0,31.8,15.9,18.0,17.2,15.9,15.9
栗東,20260707,火,5:28,デアアテナ,,牝,3,0,田中克典,68.7,49.9,32.4,15.9,18.8,17.5,16.5,15.9
栗東,20260707,火,5:28,ハクサンリング,,牡,3,0,緒方努,64.2,46.9,30.6,14.7,17.3,16.3,15.9,14.7
栗東,20260707,火,5:28,リカンカブール,,セ,7,4550,田中克典,67.3,49.4,32.8,16.6,17.9,16.6,16.2,16.6
栗東,20260707,火,5:28,リリーサンダー,,牡,3,0,緒方努,65.5,47.8,31.3,14.9,17.7,16.5,16.4,14.9
栗東,20260707,火,5:28,レインインザスカイ,,牝,2,未出走,田中克典,68.1,49.9,32.7,16.2,18.2,17.2,16.5,16.2
栗東,20260707,火,5:28,ロードトレイル,,牡,5,1500,藤岡健一,65.0,48.0,31.0,15.1,17.0,17.0,15.9,15.1
栗東,20260707,火,5:29,シュラザック,,牡,4,2400,大根田裕,65.7,48.1,32.0,15.7,17.6,16.1,16.3,15.7
栗東,20260707,火,5:29,セイントホース,,牡,3,400,谷潔,68.4,50.1,32.7,16.1,18.3,17.4,16.6,16.1
栗東,20260707,火,5:29,タイムレスフレアー,,牡,3,0,橋口慎介,63.4,46.6,29.8,14.6,16.8,16.8,15.2,14.6
栗東,20260707,火,5:29,タガノヘラクレス,,牡,5,900,千田輝彦,65.9,47.3,29.8,13.8,18.6,17.5,16.0,13.8
栗東,20260707,火,5:29,ダノンプリマ,,牝,4,400,千田輝彦,65.7,48.9,32.3,15.9,16.8,16.6,16.4,15.9
栗東,20260707,火,5:29,テスティモーネ,,牡,4,3600,大根田裕,63.6,47.0,31.0,15.4,16.6,16.0,15.6,15.4
栗東,20260707,火,5:29,フェスティバルヒル,,牝,3,2000,四位洋文,64.7,47.2,30.8,15.1,17.5,16.4,15.7,15.1
栗東,20260707,火,5:29,フェーエンハフト,,牝,2,未出走,緒方努,65.6,49.1,32.9,15.5,16.5,16.2,17.4,15.5
栗東,20260707,火,5:29,ベルメサージュ,,牝,2,未出走,大根田裕,65.4,48.0,31.8,15.5,17.4,16.2,16.3,15.5
栗東,20260707,火,5:29,マテンロウジョイ,,牡,6,400,四位洋文,66.3,48.8,31.8,15.5,17.5,17.0,16.3,15.5
栗東,20260707,火,5:29,ムーヴザニードル,,牝,3,0,緒方努,70.6,49.9,31.7,14.8,20.7,18.2,16.9,14.8
栗東,20260707,火,5:29,メイショウハボマイ,,牡,4,400,本田優,62.6,46.0,30.6,15.8,16.6,15.4,14.8,15.8
栗東,20260707,火,5:29,ヤマニンエルファバ,,牝,3,0,千田輝彦,68.2,49.2,31.5,15.3,19.0,17.7,16.2,15.3
栗東,20260707,火,5:29,ラブインアクション,,牝,3,400,橋口慎介,66.0,47.5,30.4,15.1,18.5,17.1,15.3,15.1
栗東,20260707,火,5:30,,,,,,,70.6,52.0,34.2,17.4,18.6,17.8,16.8,17.4
栗東,20260707,火,5:30,アレナパラシオ,,牡,5,1500,四位洋文,68.8,49.7,32.5,16.4,19.1,17.2,16.1,16.4
栗東,20260707,火,5:30,カラペルソナ,,牝,3,400,斉藤崇史,70.5,51.8,32.7,15.6,18.7,19.1,17.1,15.6
栗東,20260707,火,5:30,グラスベルグ,,牝,3,400,斉藤崇史,70.5,52.0,32.9,15.7,18.5,19.1,17.2,15.7
栗東,20260707,火,5:30,ジーティーマンフク,,牡,2,未出走,四位洋文,72.9,53.4,35.3,17.2,19.5,18.1,18.1,17.2
栗東,20260707,火,5:30,スクールディーヴァ,,牝,2,未出走,斉藤崇史,70.6,52.1,32.9,15.8,18.5,19.2,17.1,15.8
栗東,20260707,火,5:30,スーパージョック,,牡,4,900,橋田宜長,67.0,48.8,31.7,15.7,18.2,17.1,16.0,15.7
栗東,20260707,火,5:30,センツブラッド,,牡,4,2550,斉藤崇史,70.6,51.7,32.6,15.4,18.9,19.1,17.2,15.4
栗東,20260707,火,5:30,ゼンダンハヤブサ,,牡,4,1500,橋田宜長,70.0,51.3,33.6,16.5,18.7,17.7,17.1,16.5
栗東,20260707,火,5:30,ファイツオン,,牡,5,900,藤岡健一,70.7,51.9,34.1,17.3,18.8,17.8,16.8,17.3
栗東,20260707,火,5:30,プリメラエストレラ,,牡,2,0,橋田宜長,67.9,49.8,32.4,15.9,18.1,17.4,16.5,15.9
栗東,20260707,火,5:30,リアライズルミナス,,牝,3,400,橋口慎介,68.3,49.5,32.3,16.0,18.8,17.2,16.3,16.0
栗東,20260707,火,5:31,サンライズジョー,,牡,3,0,小椋研介,74.9,53.4,33.8,16.9,21.5,19.6,16.9,16.9
栗東,20260707,火,5:31,テムスターオー,,牡,2,未出走,小椋研介,67.3,48.7,31.0,14.9,18.6,17.7,16.1,14.9
栗東,20260707,火,5:31,ペプチドアロン,,牡,3,0,小椋研介,66.5,48.2,30.9,14.7,18.3,17.3,16.2,14.7
栗東,20260707,火,5:31,レインオンミー,,牡,4,400,福永祐一,65.0,47.9,31.3,15.2,17.1,16.6,16.1,15.2
栗東,20260707,火,5:32,キングオブフジ,,牡,5,900,角田晃一,66.6,48.5,31.8,15.5,18.1,16.7,16.3,15.5
栗東,20260707,火,5:32,ノトコンゴウ,,牡,2,未出走,中尾秀正,64.9,48.3,31.5,15.8,16.6,16.8,15.7,15.8
栗東,20260707,火,5:32,ブライトエンジェル,,牝,3,0,角田晃一,65.2,48.1,31.5,15.7,17.1,16.6,15.8,15.7
栗東,20260707,火,5:32,マルモタワー,,牡,2,未出走,中尾秀正,65.4,49.1,32.7,16.2,16.3,16.4,16.5,16.2
栗東,20260707,火,5:33,エルドボルグ,,牡,2,未出走,斉藤崇史,72.9,52.8,34.5,16.9,20.1,18.3,17.6,16.9
栗東,20260707,火,5:33,タンテドヴィーヴル,,牡,4,1000,斉藤崇史,72.8,52.8,34.5,16.9,20.0,18.3,17.6,16.9
栗東,20260707,火,5:33,テルヴィセクス,,牡,3,400,斉藤崇史,73.0,52.8,34.6,16.9,20.2,18.2,17.7,16.9
栗東,20260707,火,5:33,ヤマニンソロイスト,,牡,3,未出走,斉藤崇史,72.7,52.7,34.4,16.7,20.0,18.3,17.7,16.7
栗東,20260707,火,5:33,ラグナトーレ,,牝,4,80,角田晃一,68.3,48.6,31.1,15.2,19.7,17.5,15.9,15.2
栗東,20260707,火,5:34,エルディアブロ,,牡,8,900,宮地貴稔,64.0,47.3,31.3,15.4,16.7,16.0,15.9,15.4
栗東,20260707,火,5:34,ゴールドアベニュー,,牝,3,0,宮地貴稔,63.6,46.7,31.1,15.2,16.9,15.6,15.9,15.2
栗東,20260707,火,5:34,ビッグヒーロー,,牡,3,0,福永祐一,66.1,49.4,33.4,16.8,16.7,16.0,16.6,16.8
栗東,20260707,火,5:34,ブルーサン,,牡,5,1900,宮地貴稔,65.1,48.1,32.2,15.7,17.0,15.9,16.5,15.7
栗東,20260707,火,5:34,メテオロイド,,牡,3,0,宮地貴稔,65.7,48.7,32.0,15.7,17.0,16.7,16.3,15.7
栗東,20260707,火,5:34,ルーチェブリラーレ,,牝,3,未出走,福永祐一,69.1,51.2,33.5,16.6,17.9,17.7,16.9,16.6
栗東,20260707,火,5:35,カルロット,,牡,3,0,武幸四郎,67.4,48.9,32.2,16.0,18.5,16.7,16.2,16.0
栗東,20260707,火,5:35,ジュンプリメーロ,,牡,3,400,友道康夫,71.6,52.1,33.9,16.4,19.5,18.2,17.5,16.4
栗東,20260707,火,5:35,スワッグウォーク,,牡,2,未出走,武幸四郎,67.0,48.8,32.2,16.4,18.2,16.6,15.8,16.4
栗東,20260707,火,5:37,ジュンライデン,,牡,4,400,友道康夫,61.8,45.5,30.1,15.0,16.3,15.4,15.1,15.0
栗東,20260707,火,5:37,ダノンフィーゴ,,牡,4,5620,友道康夫,59.5,44.3,30.0,15.7,15.2,14.3,14.3,15.7
栗東,20260707,火,5:38,イグニション,,牡,6,680,畑端省吾,66.6,50.5,33.8,16.7,16.1,16.7,17.1,16.7
栗東,20260707,火,5:38,エルヴィオラ,,牝,3,未出走,畑端省吾,68.7,49.9,32.8,16.1,18.8,17.1,16.7,16.1
栗東,20260707,火,5:38,シンコーナホチャン,,牝,5,900,畑端省吾,71.1,49.8,32.7,15.9,21.3,17.1,16.8,15.9
栗東,20260707,火,5:38,シヴァールバーニ,,牡,4,80,畑端省吾,68.9,48.2,31.6,15.3,20.7,16.6,16.3,15.3
栗東,20260707,火,5:38,ジョーカー,,牡,3,0,友道康夫,70.3,52.1,34.1,17.1,18.2,18.0,17.0,17.1
栗東,20260707,火,5:38,ビサイレント,,牝,3,0,畑端省吾,68.8,48.7,32.1,15.5,20.1,16.6,16.6,15.5
栗東,20260707,火,5:41,,,,,,,70.9,51.3,33.3,16.5,19.6,18.0,16.8,16.5
栗東,20260707,火,5:41,,,,,,,71.0,51.3,33.3,16.5,19.7,18.0,16.8,16.5
栗東,20260707,火,5:41,カズゴルティス,,セ,5,2400,西園翔太,66.3,49.1,32.5,16.0,17.2,16.6,16.5,16.0
栗東,20260707,火,5:41,サトノライトニング,,牡,3,未出走,田中克典,64.4,47.5,31.6,15.8,16.9,15.9,15.8,15.8
栗東,20260707,火,5:41,リカンカブール,,セ,7,4550,田中克典,64.4,47.6,31.6,15.7,16.8,16.0,15.9,15.7
栗東,20260707,火,5:42,イルミナジーティー,,牝,3,0,西園翔太,68.1,50.0,33.7,16.8,18.1,16.3,16.9,16.8
栗東,20260707,火,5:42,チュウワチーフ,,牡,4,900,小崎憲,63.3,46.6,30.3,15.0,16.7,16.3,15.3,15.0
栗東,20260707,火,5:42,ノンブルドール,,牡,3,400,西園翔太,69.9,51.7,34.1,16.5,18.2,17.6,17.6,16.5
栗東,20260707,火,5:42,ユウトザユウト,,牡,4,900,小崎憲,64.4,47.1,31.4,15.6,17.3,15.7,15.8,15.6
栗東,20260707,火,5:42,ルクスドリーム,,牡,3,0,小崎憲,65.1,47.4,30.6,15.4,17.7,16.8,15.2,15.4
栗東,20260707,火,5:43,トラステッド,,牝,3,0,宮本博,75.7,54.0,34.9,16.5,21.7,19.1,18.4,16.5
栗東,20260707,火,5:44,,,,,,,65.5,49.0,32.7,16.3,16.5,16.3,16.4,16.3
栗東,20260707,火,5:44,エイコーンドリーム,,牝,3,400,河嶋宏樹,69.9,52.1,34.5,17.3,17.8,17.6,17.2,17.3
栗東,20260707,火,5:44,シュタルク,,牡,3,0,河嶋宏樹,63.0,46.7,31.4,15.6,16.3,15.3,15.8,15.6
栗東,20260707,火,5:44,ダイアナクイーン,,牝,4,0,高橋康之,67.0,48.9,31.9,15.6,18.1,17.0,16.3,15.6
栗東,20260707,火,5:44,ネネキリマル,,牡,3,400,河嶋宏樹,68.6,48.9,31.9,16.0,19.7,17.0,15.9,16.0
栗東,20260707,火,5:44,ミッドタウンナイト,,牝,4,400,河嶋宏樹,68.6,50.0,32.6,16.2,18.6,17.4,16.4,16.2
栗東,20260707,火,5:45,ウインクローバー,,牝,2,未出走,宮本博,69.9,51.2,33.9,17.2,18.7,17.3,16.7,17.2
栗東,20260707,火,5:45,ゴールデンドラゴン,,牡,3,0,宮本博,74.3,53.5,34.9,17.1,20.8,18.6,17.8,17.1
栗東,20260707,火,5:45,セイウンダイフク,,牡,3,0,宮本博,66.2,48.5,31.9,15.4,17.7,16.6,16.5,15.4
栗東,20260707,火,5:48,,,,,,,66.6,48.7,32.4,16.2,17.9,16.3,16.2,16.2
栗東,20260707,火,5:48,エンマ,,牡,4,900,武英智,68.7,50.5,33.7,16.8,18.2,16.8,16.9,16.8
栗東,20260707,火,5:50,サンライズエイト,,牡,2,未出走,安田翔伍,68.0,51.1,34.2,17.2,16.9,16.9,17.0,17.2
栗東,20260707,火,5:50,サンライズビッグ,,牡,2,未出走,安田翔伍,67.6,49.8,32.5,16.2,17.8,17.3,16.3,16.2
栗東,20260707,火,5:50,タガノエルー,,牡,3,900,宮徹,66.2,49.0,33.1,17.5,17.2,15.9,15.6,17.5
栗東,20260707,火,5:50,デルマタイセツ,,牝,3,0,庄野靖志,68.0,49.6,32.6,15.9,18.4,17.0,16.7,15.9
栗東,20260707,火,5:52,,,,,,,64.6,48.7,32.5,16.4,15.9,16.2,16.1,16.4
栗東,20260707,火,5:52,アージュドール,,牡,3,0,森田直行,65.8,48.3,31.8,16.0,17.5,16.5,15.8,16.0
栗東,20260707,火,5:52,クルクルミラクル,,牝,2,未出走,森田直行,64.3,48.1,32.6,16.1,16.2,15.5,16.5,16.1
栗東,20260707,火,5:52,グランピアン,,牝,3,0,森田直行,65.0,48.8,32.3,15.4,16.2,16.5,16.9,15.4
栗東,20260707,火,5:52,コパノマハロ,,牝,2,未出走,宮徹,70.7,52.6,34.5,17.1,18.1,18.1,17.4,17.1
栗東,20260707,火,5:52,ゴリョウセイ,,牡,3,0,松下武士,67.9,49.9,32.7,16.0,18.0,17.2,16.7,16.0
栗東,20260707,火,5:52,ショウナンライラ,,牡,3,0,松下武士,65.4,47.5,30.4,14.8,17.9,17.1,15.6,14.8
栗東,20260707,火,5:52,ノンヴェドローラ,,牝,2,未出走,宮徹,70.8,52.4,34.4,17.0,18.4,18.0,17.4,17.0
栗東,20260707,火,5:53,アイブリンク,,牝,4,900,大久保龍,64.7,46.2,30.2,14.9,18.5,16.0,15.3,14.9
栗東,20260707,火,5:54,クラリスバローズ,,牝,2,未出走,渡辺薫彦,66.8,49.0,32.4,16.9,17.8,16.6,15.5,16.9
栗東,20260707,火,5:54,ベニバナ,,牝,2,未出走,渡辺薫彦,70.8,50.1,32.6,16.8,20.7,17.5,15.8,16.8
栗東,20260707,火,5:54,ペルセポネ,,牝,3,400,渡辺薫彦,67.0,48.8,32.6,16.5,18.2,16.2,16.1,16.5
栗東,20260707,火,5:56,,,,,,,67.9,50.1,33.1,16.7,17.8,17.0,16.4,16.7
栗東,20260707,火,5:56,シーカーク,,牝,3,未出走,井上智史,68.2,51.5,34.7,17.2,16.7,16.8,17.5,17.2
栗東,20260707,火,5:56,テーオーカメリア,,牝,2,未出走,梅田智之,66.2,49.3,33.5,16.8,16.9,15.8,16.7,16.8
栗東,20260707,火,5:56,テーオーシュテルン,,牡,3,0,梅田智之,62.1,46.2,30.4,15.2,15.9,15.8,15.2,15.2
栗東,20260707,火,5:56,ノボリスマイル,,牝,3,0,石橋守,66.2,48.4,32.1,15.9,17.8,16.3,16.2,15.9
栗東,20260707,火,5:56,メイショウアンブル,,牝,2,未出走,石橋守,67.7,50.5,32.9,16.2,17.2,17.6,16.7,16.2
栗東,20260707,火,5:56,メイショウフレア,,牝,2,未出走,石橋守,68.0,50.1,33.0,16.6,17.9,17.1,16.4,16.6
栗東,20260707,火,5:57,ケイアイアルタイル,,牡,5,900,梅田智之,67.2,49.6,32.9,16.2,17.6,16.7,16.7,16.2
栗東,20260707,火,5:59,リアルペガサス,,牡,5,450,大橋勇樹,67.8,50.4,33.2,16.7,17.4,17.2,16.5,16.7
栗東,20260707,火,6:01,モンテシート,,牡,4,1500,牧田和弥,64.4,47.3,31.2,15.5,17.1,16.1,15.7,15.5
栗東,20260707,火,6:01,ラインエレガント,,牝,2,未出走,牧田和弥,66.8,48.2,31.2,15.5,18.6,17.0,15.7,15.5
栗東,20260707,火,6:02,ルパピヨンブラン,,牝,3,0,杉山佳明,65.4,48.1,31.0,15.3,17.3,17.1,15.7,15.3
栗東,20260707,火,6:03,マヴィ,,牝,3,400,牧浦充徳,65.6,49.8,33.0,16.1,15.8,16.8,16.9,16.1
栗東,20260707,火,6:04,アンドリーナ,,牝,4,900,牧浦充徳,64.0,47.7,31.2,15.6,16.3,16.5,15.6,15.6
栗東,20260707,火,6:04,ラッキーヴォーグ,,牡,3,0,牧田和弥,62.3,45.2,29.3,14.5,17.1,15.9,14.8,14.5
栗東,20260707,火,6:05,イーブンベター,,牝,4,400,牧浦充徳,63.6,46.6,30.4,15.3,17.0,16.2,15.1,15.3
栗東,20260707,火,6:06,エイシンキタールン,,牝,3,0,野中賢二,65.6,47.2,30.4,14.8,18.4,16.8,15.6,14.8
栗東,20260707,火,6:06,クインズセレネ,,牝,5,400,野中賢二,68.2,49.5,32.8,16.4,18.7,16.7,16.4,16.4
栗東,20260707,火,6:06,ゼンノインヴォーク,,セ,7,400,緒方努,68.8,49.8,32.0,16.1,19.0,17.8,15.9,16.1
栗東,20260707,火,6:07,グランメドウ,,牡,5,400,藤岡健一,68.0,51.1,33.9,17.8,16.9,17.2,16.1,17.8
栗東,20260707,火,6:07,ゾンニッヒ,,牡,8,4800,池江泰寿,64.9,47.8,31.5,15.7,17.1,16.3,15.8,15.7
栗東,20260707,火,6:07,ダノンハドソン,,牡,3,400,池江泰寿,65.5,47.6,31.2,15.7,17.9,16.4,15.5,15.7
栗東,20260707,火,6:07,ミッキージャンプ,,牡,3,400,池江泰寿,65.4,47.7,31.2,15.4,17.7,16.5,15.8,15.4
栗東,20260707,火,6:11,,,,,,,71.5,52.8,35.2,17.7,18.7,17.6,17.5,17.7
栗東,20260707,火,6:11,サンタカリス,,牝,3,0,秋山真一,70.6,52.7,34.7,17.5,17.9,18.0,17.2,17.5
栗東,20260707,火,6:11,ダイメイクマモト,,牡,3,0,秋山真一,69.3,51.0,33.8,17.0,18.3,17.2,16.8,17.0
栗東,20260707,火,6:11,テイエムパイロット,,牡,4,900,秋山真一,66.4,48.4,31.7,15.9,18.0,16.7,15.8,15.9
栗東,20260707,火,6:11,メイショウフンジン,,牡,8,8780,秋山真一,70.1,51.3,34.0,17.2,18.8,17.3,16.8,17.2
栗東,20260707,火,6:11,リントゥラウル,,牡,3,0,秋山真一,65.7,48.2,31.5,15.9,17.5,16.7,15.6,15.9
栗東,20260707,火,6:14,オーバーシュタイン,,牡,2,未出走,今野貞一,73.0,52.9,34.3,16.9,20.1,18.6,17.4,16.9
栗東,20260707,火,6:14,サカトクフェイス,,牡,3,0,今野貞一,67.2,49.0,32.2,16.0,18.2,16.8,16.2,16.0
栗東,20260707,火,6:14,スナークラファエロ,,セ,5,2400,野中賢二,68.2,51.0,34.0,16.7,17.2,17.0,17.3,16.7
栗東,20260707,火,6:17,エンルートフライト,,牡,2,未出走,池添学,67.2,48.6,31.8,15.8,18.6,16.8,16.0,15.8
栗東,20260707,火,6:17,オブシディアーナ,,牝,4,180,池添学,67.0,48.5,31.6,15.7,18.5,16.9,15.9,15.7
栗東,20260707,火,6:17,ゴルデールスカー,,牡,6,900,加藤公太,65.5,47.5,31.2,15.7,18.0,16.3,15.5,15.7
栗東,20260707,火,6:17,モーデン,,牡,8,1590,加藤公太,65.1,47.7,31.7,15.7,17.4,16.0,16.0,15.7
栗東,20260707,火,6:17,レッドヴァリアート,,牡,4,400,加藤公太,63.3,46.0,30.0,14.3,17.3,16.0,15.7,14.3
栗東,20260707,火,6:18,ジーティーアダマン,,牡,4,2500,上村洋行,61.1,44.1,28.6,14.4,17.0,15.5,14.2,14.4
栗東,20260707,火,6:18,タマモスカイ,,牡,3,400,茶木太樹,66.1,47.9,31.5,15.7,18.2,16.4,15.8,15.7
栗東,20260707,火,6:19,アームズラムレイ,,牝,2,未出走,上村洋行,64.0,46.8,30.6,14.8,17.2,16.2,15.8,14.8
栗東,20260707,火,6:19,ウエストナウ,,牡,5,5200,寺島良,66.4,48.3,30.6,15.0,18.1,17.7,15.6,15.0
栗東,20260707,火,6:19,ライトオブヌカタ,,牡,3,900,上村洋行,62.4,46.1,30.3,14.8,16.3,15.8,15.5,14.8
栗東,20260707,火,6:19,リチャードバローズ,,牡,5,1500,上村洋行,63.5,46.2,30.2,15.3,17.3,16.0,14.9,15.3
栗東,20260707,火,6:19,レクスノヴァス,,牡,4,2400,上村洋行,63.7,46.9,30.9,15.3,16.8,16.0,15.6,15.3
栗東,20260707,火,6:22,マコトエウロペ,,牝,3,0,昆貢,70.4,50.3,32.2,15.9,20.1,18.1,16.3,15.9
栗東,20260707,火,6:23,オーケーエンジェル,,牝,4,400,笹田和秀,62.9,45.7,29.6,14.6,17.2,16.1,15.0,14.6
栗東,20260707,火,6:23,タガノレクシア,,牡,2,未出走,鈴木孝志,68.3,49.8,33.2,16.1,18.5,16.6,17.1,16.1
栗東,20260707,火,6:23,ナムラメアリー,,牝,2,未出走,鈴木孝志,67.2,49.5,32.6,16.3,17.7,16.9,16.3,16.3
栗東,20260707,火,6:24,エレガンシア,,牝,4,400,高柳大輔,70.5,51.4,33.9,16.9,19.1,17.5,17.0,16.9
栗東,20260707,火,6:24,テンタイムトップ,,牝,3,0,高柳大輔,70.3,51.4,33.9,16.9,18.9,17.5,17.0,16.9
栗東,20260707,火,6:24,ヴィヴァシャス,,牝,4,400,笹田和秀,67.1,49.2,32.3,16.2,17.9,16.9,16.1,16.2
栗東,20260707,火,6:25,キュクロープス,,牡,4,400,高橋康之,63.4,46.4,30.2,15.0,17.0,16.2,15.2,15.0
栗東,20260707,火,6:25,ピゲ,,牡,3,0,高橋康之,64.4,47.5,31.4,15.7,16.9,16.1,15.7,15.7
栗東,20260707,火,6:25,リザレクティア,,牝,3,0,高橋康之,65.9,47.9,31.5,15.8,18.0,16.4,15.7,15.8
栗東,20260707,火,6:25,リンフレスカンテ,,牡,8,1500,宮本博,62.9,45.4,29.8,14.8,17.5,15.6,15.0,14.8
栗東,20260707,火,6:27,エンヴェロップ,,牝,3,400,佐藤悠太,64.5,47.4,31.2,15.7,17.1,16.2,15.5,15.7
栗東,20260707,火,6:27,ストロベリーツリー,,牝,3,400,中内田充,69.6,50.2,32.6,16.3,19.4,17.6,16.3,16.3
栗東,20260707,火,6:27,スマッシング,,牝,3,400,佐藤悠太,65.7,47.7,31.6,15.9,18.0,16.1,15.7,15.9
栗東,20260707,火,6:28,アレ,,牡,5,900,中内田充,65.0,48.0,31.9,16.0,17.0,16.1,15.9,16.0
栗東,20260707,火,6:28,コンセントリコ,,牡,2,未出走,中内田充,64.1,47.7,31.9,16.1,16.4,15.8,15.8,16.1
栗東,20260707,火,6:28,コースタルロード,,牝,3,未出走,辻野泰之,63.0,46.2,30.5,15.7,16.8,15.7,14.8,15.7
栗東,20260707,火,6:28,ジョワイユノエル,,牝,4,400,辻野泰之,0.0,44.9,29.5,14.8,0.0,15.4,14.7,14.8
栗東,20260707,火,6:28,ムービー,,牝,2,未出走,中内田充,62.8,47.5,31.3,15.9,15.3,16.2,15.4,15.9
栗東,20260707,火,6:28,レーゼドラマ,,牝,4,3500,辻野泰之,62.8,45.6,29.8,14.7,17.2,15.8,15.1,14.7
栗東,20260707,火,6:30,イリスアスール,,牝,5,400,角田晃一,64.8,47.9,30.9,15.1,16.9,17.0,15.8,15.1
栗東,20260707,火,6:30,サイレントグルーヴ,,牝,5,400,角田晃一,65.4,47.9,30.9,15.5,17.5,17.0,15.4,15.5
栗東,20260707,火,6:31,ゴッドブルービー,,牡,6,2400,角田晃一,71.3,52.9,34.1,16.4,18.4,18.8,17.7,16.4
栗東,20260707,火,6:31,セレブトーチ,,牝,3,400,坂口智康,68.5,49.7,31.9,15.7,18.8,17.8,16.2,15.7
栗東,20260707,火,6:32,,,,,,,64.6,48.2,31.8,15.9,16.4,16.4,15.9,15.9
栗東,20260707,火,6:32,フルフィルメント,,牝,3,0,宮地貴稔,64.4,46.5,30.3,14.8,17.9,16.2,15.5,14.8
栗東,20260707,火,6:32,ベルフラム,,牝,3,400,高橋一哉,64.3,47.0,30.4,15.3,17.3,16.6,15.1,15.3
栗東,20260707,火,6:32,ルナヴェリタス,,牝,2,未出走,宮地貴稔,64.3,47.4,31.6,15.9,16.9,15.8,15.7,15.9
栗東,20260707,火,6:32,ルーセントムーン,,牡,3,0,高橋一哉,65.1,47.2,31.0,15.5,17.9,16.2,15.5,15.5
栗東,20260707,火,6:33,,,,,,,67.5,49.1,31.9,15.8,18.4,17.2,16.1,15.8
栗東,20260707,火,6:33,,,,,,,71.3,51.4,32.8,15.9,19.9,18.6,16.9,15.9
栗東,20260707,火,6:33,クロリス,,牝,2,400,高橋一哉,65.7,48.2,31.9,16.0,17.5,16.3,15.9,16.0
栗東,20260707,火,6:33,コパノプリンストン,,牡,2,未出走,梅田智之,67.4,49.2,32.0,15.9,18.2,17.2,16.1,15.9
栗東,20260707,火,6:33,サイモンジェセル,,牡,2,未出走,梅田智之,65.3,46.6,30.5,15.1,18.7,16.1,15.4,15.1
栗東,20260707,火,6:33,ジョバンニ,,牡,4,4950,杉山晴紀,83.8,61.8,40.6,20.1,22.0,21.2,20.5,20.1
栗東,20260707,火,6:33,スクワミッシュ,,牝,2,未出走,梅田智之,65.4,46.6,30.5,15.1,18.8,16.1,15.4,15.1
栗東,20260707,火,6:33,フウセン,,牡,3,400,杉山晴紀,71.5,52.0,34.0,16.6,19.5,18.0,17.4,16.6
栗東,20260707,火,6:56,マスアンジュ,,牝,3,0,吉田直弘,54.3,39.9,25.9,12.9,14.4,14.0,13.0,12.9
栗東,20260707,火,6:57,サンマルマニック,,牝,3,0,千田輝彦,69.4,50.7,33.4,16.7,18.7,17.3,16.7,16.7
栗東,20260707,火,6:57,スマイルガーデン,,牝,3,0,西村真幸,61.9,44.7,29.3,14.2,17.2,15.4,15.1,14.2
栗東,20260707,火,6:57,タケルハーロック,,牡,4,900,高柳大輔,66.1,48.2,31.4,15.2,17.9,16.8,16.2,15.2
栗東,20260707,火,6:57,パピプペピンク,,牝,3,0,西村真幸,65.8,46.8,30.1,14.6,19.0,16.7,15.5,14.6
栗東,20260707,火,6:57,パラディオン,,牡,3,400,高柳大輔,66.6,48.4,31.8,16.1,18.2,16.6,15.7,16.1
栗東,20260707,火,6:57,ベルメサイア,,牝,5,400,西村真幸,67.2,49.1,31.7,15.3,18.1,17.4,16.4,15.3
栗東,20260707,火,6:57,ムーンベリル,,牝,2,0,西村真幸,61.5,45.3,29.8,14.6,16.2,15.5,15.2,14.6
栗東,20260707,火,6:58,アスクハッピーマン,,牡,3,0,矢作芳人,63.9,48.0,31.7,16.0,15.9,16.3,15.7,16.0
栗東,20260707,火,6:58,アスクレコードモア,,牡,2,未出走,矢作芳人,63.5,47.7,31.8,16.2,15.8,15.9,15.6,16.2
栗東,20260707,火,6:58,ウォーターデライト,,牡,3,400,高柳大輔,65.8,47.0,30.7,15.1,18.8,16.3,15.6,15.1
栗東,20260707,火,6:58,ジャスティンレビン,,牡,3,0,吉岡辰弥,63.9,46.9,30.6,15.0,17.0,16.3,15.6,15.0
栗東,20260707,火,6:58,ジリアート,,牝,3,0,矢作芳人,63.7,46.9,30.9,15.5,16.8,16.0,15.4,15.5
栗東,20260707,火,6:58,ソリドゥス,,牡,2,未出走,安達昭夫,62.8,47.5,32.0,16.3,15.3,15.5,15.7,16.3
栗東,20260707,火,6:58,タガノアビー,,牝,4,2400,千田輝彦,68.5,50.0,33.1,16.6,18.5,16.9,16.5,16.6
栗東,20260707,火,6:58,ナルキッソス,,牡,3,400,吉岡辰弥,64.6,46.5,30.3,15.0,18.1,16.2,15.3,15.0
栗東,20260707,火,6:58,ミストレス,,牝,4,1600,矢作芳人,63.5,46.8,31.0,15.6,16.7,15.8,15.4,15.6
栗東,20260707,火,6:58,レッドフレーザー,,牡,3,0,矢作芳人,63.6,46.6,30.7,15.5,17.0,15.9,15.2,15.5
栗東,20260707,火,6:58,ロードフィレール,,牡,3,400,吉岡辰弥,62.3,45.8,30.6,15.1,16.5,15.2,15.5,15.1
栗東,20260707,火,6:58,ワカワカ,,牝,3,0,牧田和弥,65.2,47.5,30.8,15.1,17.7,16.7,15.7,15.1
栗東,20260707,火,6:59,アメリカンピース,,セ,8,400,東田明士,65.4,48.4,31.8,15.9,17.0,16.6,15.9,15.9
栗東,20260707,火,6:59,カレンラップスター,,牡,4,400,小林真也,63.8,46.4,29.9,14.7,17.4,16.5,15.2,14.7
栗東,20260707,火,6:59,ジーティーアリア,,牝,3,400,田中克典,66.4,47.5,31.2,15.3,18.9,16.3,15.9,15.3
栗東,20260707,火,6:59,タガノプディング,,牝,3,0,小林真也,65.1,47.6,31.4,15.8,17.5,16.2,15.6,15.8
栗東,20260707,火,6:59,マーゴットショット,,牡,3,0,小林真也,67.2,48.7,32.4,16.1,18.5,16.3,16.3,16.1
栗東,20260707,火,7:00,オセアスターライト,,セ,3,0,東田明士,67.5,48.9,32.0,15.8,18.6,16.9,16.2,15.8
栗東,20260707,火,7:00,ダノンフェルゼン,,牡,4,400,東田明士,65.4,47.2,30.8,15.1,18.2,16.4,15.7,15.1
栗東,20260707,火,7:00,ホウオウモノポリー,,牡,2,未出走,友道康夫,60.2,45.1,30.3,15.0,15.1,14.8,15.3,15.0
栗東,20260707,火,7:00,メリオーレム,,牡,5,2400,友道康夫,64.1,47.7,31.6,15.5,16.4,16.1,16.1,15.5
栗東,20260707,火,7:00,ロードファイター,,牡,3,0,東田明士,62.7,46.0,30.5,15.4,16.7,15.5,15.1,15.4
栗東,20260707,火,7:01,アリディプラチノ,,牝,3,0,畑端省吾,67.3,48.4,31.9,15.7,18.9,16.5,16.2,15.7
栗東,20260707,火,7:01,キアヌ,,牡,4,400,小崎憲,63.4,47.5,31.7,15.7,15.9,15.8,16.0,15.7
栗東,20260707,火,7:01,サトノグロリア,,牡,3,未出走,友道康夫,61.2,44.8,29.6,15.1,16.4,15.2,14.5,15.1
栗東,20260707,火,7:01,シーザットガール,,牝,2,未出走,畑端省吾,67.8,48.7,31.7,15.7,19.1,17.0,16.0,15.7
栗東,20260707,火,7:01,ジュンアマンドラ,,牝,2,未出走,友道康夫,60.8,45.5,30.5,15.4,15.3,15.0,15.1,15.4
栗東,20260707,火,7:01,ティンティンデオ,,牡,5,1500,小崎憲,65.8,49.2,32.9,16.2,16.6,16.3,16.7,16.2
栗東,20260707,火,7:01,ペプチドクレマチス,,牝,4,900,畑端省吾,67.7,49.6,32.4,15.8,18.1,17.2,16.6,15.8
栗東,20260707,火,7:01,レヴロード,,牡,3,0,畑端省吾,60.8,45.1,30.5,15.2,15.7,14.6,15.3,15.2
栗東,20260707,火,7:02,ジョン,,牡,2,未出走,小崎憲,63.9,46.6,30.2,14.7,17.3,16.4,15.5,14.7
栗東,20260707,火,7:02,ビシェノ,,牝,3,0,安田翔伍,64.6,47.8,32.1,15.7,16.8,15.7,16.4,15.7
栗東,20260707,火,7:02,ラルヴァンダード,,牡,3,0,安田翔伍,64.4,47.7,32.1,16.2,16.7,15.6,15.9,16.2
栗東,20260707,火,7:02,ロクメイカン,,牡,2,未出走,小崎憲,66.4,48.8,32.4,16.3,17.6,16.4,16.1,16.3
栗東,20260707,火,7:03,,,,,,,69.3,51.4,34.2,17.1,17.9,17.2,17.1,17.1
栗東,20260707,火,7:03,ペルフェツィオーネ,,牡,5,400,杉山佳明,67.7,49.4,32.6,16.2,18.3,16.8,16.4,16.2
栗東,20260707,火,7:04,アリエスキング,,牡,5,900,庄野靖志,65.6,48.6,31.9,15.4,17.0,16.7,16.5,15.4
栗東,20260707,火,7:04,ルナフィオーレ,,牝,3,0,庄野靖志,64.9,47.3,31.4,15.7,17.6,15.9,15.7,15.7
栗東,20260707,火,7:05,フォーチュンライド,,牝,3,400,福永祐一,66.3,47.5,31.0,15.4,18.8,16.5,15.6,15.4
栗東,20260707,火,7:05,ミッキーマーメイド,,牝,3,400,福永祐一,68.9,51.3,33.7,16.8,17.6,17.6,16.9,16.8
栗東,20260707,火,7:05,メイショウハチロー,,牡,4,2400,福永祐一,62.5,46.1,30.8,15.7,16.4,15.3,15.1,15.7
栗東,20260707,火,7:06,ベルコート,,牝,2,未出走,福永祐一,64.2,47.2,31.3,15.3,17.0,15.9,16.0,15.3
栗東,20260707,火,7:07,アーリントンロウ,,牡,4,400,松下武士,69.8,50.9,33.5,16.5,18.9,17.4,17.0,16.5
栗東,20260707,火,7:08,アメジストブリエ,,牝,3,0,武英智,65.9,48.1,31.9,16.1,17.8,16.2,15.8,16.1
栗東,20260707,火,7:08,ビエントゾンダ,,牝,2,未出走,武英智,65.6,48.1,32.2,15.9,17.5,15.9,16.3,15.9
栗東,20260707,火,7:09,ヤマニンブークリエ,,牡,4,2100,松永幹夫,62.3,45.8,30.5,15.5,16.5,15.3,15.0,15.5
栗東,20260707,火,7:11,ハクサンテドリガワ,,牝,3,0,小崎憲,63.3,47.4,32.0,15.5,15.9,15.4,16.5,15.5
栗東,20260707,火,7:12,エコロレーヴ,,牡,3,1900,森秀行,66.5,49.2,33.1,16.5,17.3,16.1,16.6,16.5
栗東,20260707,火,7:12,カレンラップスター,,牡,4,400,小林真也,73.7,54.3,36.3,18.1,19.4,18.0,18.2,18.1
栗東,20260707,火,7:12,パーセンタイル,,牡,2,未出走,前川恭子,65.4,46.9,31.0,15.7,18.5,15.9,15.3,15.7
栗東,20260707,火,7:12,ペアスターロード,,牡,2,0,前川恭子,63.4,46.2,30.8,15.7,17.2,15.4,15.1,15.7
栗東,20260707,火,7:12,マーゴットショット,,牡,3,0,小林真也,70.7,51.8,34.5,17.4,18.9,17.3,17.1,17.4
栗東,20260707,火,7:12,ムーンリットビーチ,,牝,3,0,西園翔太,68.3,51.0,34.0,17.0,17.3,17.0,17.0,17.0
栗東,20260707,火,7:12,ロケベンドラ,,牝,4,400,西園翔太,68.8,49.9,33.2,16.1,18.9,16.7,17.1,16.1
栗東,20260707,火,7:12,ロンドンガーズ,,牡,2,400,前川恭子,60.9,44.5,29.4,14.8,16.4,15.1,14.6,14.8
栗東,20260707,火,7:13,エコロアゼル,,牡,4,2400,森秀行,63.4,46.1,30.4,14.9,17.3,15.7,15.5,14.9
栗東,20260707,火,7:13,ケンシロウワールド,,牡,2,0,森秀行,64.5,47.0,30.9,15.4,17.5,16.1,15.5,15.4
栗東,20260707,火,7:15,カネフラ,,牡,6,2400,高橋康之,68.0,47.6,31.2,15.1,20.4,16.4,16.1,15.1
栗東,20260707,火,7:15,メルキオル,,牡,4,2100,松永幹夫,70.7,52.4,34.8,16.9,18.3,17.6,17.9,16.9
栗東,20260707,火,7:16,サディーク,,牝,4,900,河嶋宏樹,67.0,48.5,31.6,15.2,18.5,16.9,16.4,15.2
栗東,20260707,火,7:17,ソウルオンファイア,,牝,3,900,野中賢二,66.6,48.9,32.5,16.2,17.7,16.4,16.3,16.2
栗東,20260707,火,7:17,ホワイトパンサー,,牝,2,未出走,野中賢二,65.4,47.8,31.5,15.5,17.6,16.3,16.0,15.5
栗東,20260707,火,7:17,リトルハピ,,牡,5,1500,大久保龍,72.4,53.2,34.8,17.3,19.2,18.4,17.5,17.3
栗東,20260707,火,7:17,レイピカケ,,牝,5,900,野中賢二,66.7,49.5,32.7,16.6,17.2,16.8,16.1,16.6
栗東,20260707,火,7:18,,,,,,,66.9,49.1,32.1,15.8,17.8,17.0,16.3,15.8
栗東,20260707,火,7:18,,,,,,,67.4,49.1,32.1,15.9,18.3,17.0,16.2,15.9
栗東,20260707,火,7:18,ケイテンアイジン,,牡,4,900,谷潔,65.4,48.0,31.7,16.0,17.4,16.3,15.7,16.0
栗東,20260707,火,7:18,ゼロヴィジビリティ,,牡,3,900,寺島良,65.0,46.5,29.9,14.7,18.5,16.6,15.2,14.7
栗東,20260707,火,7:18,タナスーペルノーバ,,牡,3,900,寺島良,64.4,46.8,30.3,14.6,17.6,16.5,15.7,14.6
栗東,20260707,火,7:18,ハナコトバ,,牝,3,0,寺島良,63.6,46.2,30.2,14.5,17.4,16.0,15.7,14.5
栗東,20260707,火,7:18,ミニュイ,,牡,3,0,秋山真一,69.0,51.0,33.5,16.7,18.0,17.5,16.8,16.7
栗東,20260707,火,7:18,モックモック,,牡,6,3150,寺島良,63.1,46.8,30.5,15.1,16.3,16.3,15.4,15.1
栗東,20260707,火,7:19,レオナルドスター,,セ,5,210,秋山真一,69.4,50.4,33.7,16.7,19.0,16.7,17.0,16.7
栗東,20260707,火,7:21,エコロメジャー,,牡,2,0,牧浦充徳,64.9,47.6,31.1,15.5,17.3,16.5,15.6,15.5
栗東,20260707,火,7:21,オオツカ,,牡,3,400,大久保龍,62.4,46.3,30.6,15.2,16.1,15.7,15.4,15.2
栗東,20260707,火,7:21,オンアロール,,牝,2,未出走,高野友和,67.6,48.1,31.5,15.2,19.5,16.6,16.3,15.2
栗東,20260707,火,7:21,オールナット,,牡,5,4550,高野友和,69.1,51.3,33.9,16.8,17.8,17.4,17.1,16.8
栗東,20260707,火,7:21,サンライズマシュー,,牡,3,0,牧浦充徳,64.9,47.3,30.7,15.1,17.6,16.6,15.6,15.1
栗東,20260707,火,7:21,シギーコルエンド,,牡,3,0,大久保龍,63.3,46.9,31.0,15.3,16.4,15.9,15.7,15.3
栗東,20260707,火,7:21,チューラワンサ,,牝,4,1500,高野友和,69.2,50.4,33.7,17.0,18.8,16.7,16.7,17.0
栗東,20260707,火,7:21,ミッキーコンドル,,牡,4,400,大久保龍,63.3,46.5,31.0,15.3,16.8,15.5,15.7,15.3
栗東,20260707,火,7:21,ルディック,,牡,5,2400,高野友和,72.5,53.0,34.5,17.1,19.5,18.5,17.4,17.1
栗東,20260707,火,7:21,ヴァンヴィーヴ,,牡,5,900,牧浦充徳,66.6,48.6,31.8,15.8,18.0,16.8,16.0,15.8
栗東,20260707,火,7:21,ヴェルサイユローズ,,牝,3,0,大久保龍,63.1,46.7,30.8,15.1,16.4,15.9,15.7,15.1
栗東,20260707,火,7:22,アメリカンビーチ,,牡,4,400,四位洋文,65.3,47.9,32.0,16.0,17.4,15.9,16.0,16.0
栗東,20260707,火,7:22,ビッグベルーガ,,牡,6,900,牧浦充徳,66.6,49.3,32.3,16.1,17.3,17.0,16.2,16.1
栗東,20260707,火,7:22,ベルギューン,,牝,4,1500,牧浦充徳,64.9,48.1,31.4,15.6,16.8,16.7,15.8,15.6
栗東,20260707,火,7:22,リン,,牡,3,0,四位洋文,64.7,47.8,32.0,16.1,16.9,15.8,15.9,16.1
栗東,20260707,火,7:23,インターポーザー,,牡,4,400,井上智史,63.0,46.4,30.6,15.3,16.6,15.8,15.3,15.3
栗東,20260707,火,7:23,オオナミコナミ,,牝,5,900,牧浦充徳,63.8,45.2,29.5,14.7,18.6,15.7,14.8,14.7
栗東,20260707,火,7:23,モズカトレア,,牝,4,1500,井上智史,66.6,48.8,32.1,15.9,17.8,16.7,16.2,15.9
栗東,20260707,火,7:23,レッドネビュラ,,牡,2,0,四位洋文,68.6,49.4,32.2,15.5,19.2,17.2,16.7,15.5
栗東,20260707,火,7:24,タガノアニマシオン,,セ,4,900,奥村豊,64.8,48.0,31.1,15.7,16.8,16.9,15.4,15.7
栗東,20260707,火,7:24,ワイドヴィンクルム,,セ,3,未出走,奥村豊,65.9,48.6,32.4,16.4,17.3,16.2,16.0,16.4
栗東,20260707,火,7:25,エアビッグマム,,牝,4,1000,笹田和秀,63.7,48.0,32.6,16.6,15.7,15.4,16.0,16.6
栗東,20260707,火,7:25,サイモンシャリオ,,牡,3,400,梅田智之,68.0,50.1,34.1,17.6,17.9,16.0,16.5,17.6
栗東,20260707,火,7:26,,,,,,,68.1,49.3,31.8,15.7,18.8,17.5,16.1,15.7
栗東,20260707,火,7:26,アンテロース,,牡,6,900,岡田稲男,69.5,49.5,32.0,15.7,20.0,17.5,16.3,15.7
栗東,20260707,火,7:26,クロカミジョウ,,牝,3,0,岡田稲男,71.0,51.6,33.5,16.4,19.4,18.1,17.1,16.4
栗東,20260707,火,7:26,サイモンシュバリエ,,牡,4,1500,梅田智之,69.0,48.6,31.3,15.1,20.4,17.3,16.2,15.1
栗東,20260707,火,7:26,ハヤブサカツオー,,牡,2,未出走,岡田稲男,68.1,49.3,31.9,15.6,18.8,17.4,16.3,15.6
栗東,20260707,火,7:27,,,,,,,68.6,50.5,33.4,16.7,18.1,17.1,16.7,16.7
栗東,20260707,火,7:27,アーデルプレミア,,牡,2,未出走,宮本博,72.2,54.0,36.2,18.8,18.2,17.8,17.4,18.8
栗東,20260707,火,7:27,ウインマスカレード,,牡,4,400,宮本博,60.1,43.6,29.0,14.2,16.5,14.6,14.8,14.2
栗東,20260707,火,7:28,エクセルブリーズ,,牝,2,未出走,平田修,63.0,46.1,30.8,15.3,16.9,15.3,15.5,15.3
栗東,20260707,火,7:28,オデット,,牝,4,900,緒方努,63.8,46.4,31.0,15.1,17.4,15.4,15.9,15.1
栗東,20260707,火,7:28,テーオーソラネル,,牡,7,2400,須貝尚介,64.2,47.0,30.5,15.1,17.2,16.5,15.4,15.1
栗東,20260707,火,7:28,ニホンピロトッティ,,牝,5,900,緒方努,70.2,50.0,32.2,15.4,20.2,17.8,16.8,15.4
栗東,20260707,火,7:28,ホウオウタイタン,,牝,4,900,須貝尚介,62.7,45.4,29.4,14.2,17.3,16.0,15.2,14.2
栗東,20260707,火,7:28,メルキオル,,牡,4,2100,松永幹夫,60.6,45.1,29.2,14.5,15.5,15.9,14.7,14.5
栗東,20260707,火,7:29,コパノキャンペーン,,牡,2,未出走,渡辺薫彦,64.2,47.9,31.3,15.9,16.3,16.6,15.4,15.9
栗東,20260707,火,7:29,ザックザク,,牡,4,900,渡辺薫彦,66.9,48.4,31.9,16.0,18.5,16.5,15.9,16.0
栗東,20260707,火,7:29,トレッチェ,,牝,3,0,渡辺薫彦,67.3,48.7,31.7,15.9,18.6,17.0,15.8,15.9
栗東,20260707,火,7:29,フチサンチャチャ,,牡,3,0,笹田和秀,65.2,48.0,31.8,15.8,17.2,16.2,16.0,15.8
栗東,20260707,火,7:29,メイショウドキョウ,,セ,3,未出走,笹田和秀,62.3,45.7,30.6,15.2,16.6,15.1,15.4,15.2
栗東,20260707,火,7:30,,,,,,,67.1,49.1,32.7,16.2,18.0,16.4,16.5,16.2
栗東,20260707,火,7:30,アクティブヘイロー,,牡,3,0,鈴木孝志,67.3,48.5,32.1,15.7,18.8,16.4,16.4,15.7
栗東,20260707,火,7:30,アズライトアスール,,牡,3,0,鈴木孝志,67.6,49.6,32.7,16.2,18.0,16.9,16.5,16.2
栗東,20260707,火,7:30,ゼルダ,,牝,3,400,鈴木孝志,66.1,48.7,31.9,15.6,17.4,16.8,16.3,15.6
栗東,20260707,火,7:30,テイエムファントム,,牡,3,0,鈴木孝志,66.5,48.6,31.9,15.8,17.9,16.7,16.1,15.8
栗東,20260707,火,7:30,パシアンジェンヌ,,牝,2,未出走,鈴木孝志,67.2,49.1,32.6,16.2,18.1,16.5,16.4,16.2
栗東,20260707,火,7:30,メイショウグロリア,,牝,3,未出走,飯田祐史,65.6,46.5,29.7,14.5,19.1,16.8,15.2,14.5
栗東,20260707,火,7:30,メイショウツキヨ,,牝,3,0,飯田祐史,66.8,47.8,30.9,14.8,19.0,16.9,16.1,14.8
栗東,20260707,火,7:31,アルディメント,,牡,3,0,上村洋行,64.3,47.2,31.0,15.1,17.1,16.2,15.9,15.1
栗東,20260707,火,7:31,ブレイクアウェイ,,牡,2,未出走,上村洋行,63.8,46.3,30.6,14.6,17.5,15.7,16.0,14.6
栗東,20260707,火,7:31,ベラジオパンテーラ,,牡,2,未出走,上村洋行,64.8,46.6,30.4,15.1,18.2,16.2,15.3,15.1
栗東,20260707,火,7:32,カミノレアル,,牡,4,1500,今野貞一,65.3,47.8,31.2,15.4,17.5,16.6,15.8,15.4
栗東,20260707,火,7:32,ガイアメンテ,,牡,5,3800,須貝尚介,67.6,49.2,32.0,15.6,18.4,17.2,16.4,15.6
栗東,20260707,火,7:32,ダヌラーサナ,,牝,2,未出走,新谷功一,63.1,45.8,30.2,14.9,17.3,15.6,15.3,14.9
栗東,20260707,火,7:32,ダークエクリプス,,牡,7,1500,今野貞一,66.3,48.7,32.1,15.3,17.6,16.6,16.8,15.3
栗東,20260707,火,7:32,プリマアルバ,,牡,2,0,新谷功一,60.4,44.4,29.6,15.5,16.0,14.8,14.1,15.5
栗東,20260707,火,7:32,メイショウヒタカミ,,牡,3,0,石橋守,67.0,49.1,32.5,15.8,17.9,16.6,16.7,15.8
栗東,20260707,火,7:33,,,,,,,69.3,51.4,34.2,16.8,17.9,17.2,17.4,16.8
栗東,20260707,火,7:33,ショールミーズ,,牝,3,未出走,大根田裕,65.9,49.0,32.8,16.2,16.9,16.2,16.6,16.2
栗東,20260707,火,7:33,バンブラボー,,牡,3,0,飯田祐史,63.6,46.1,30.3,14.9,17.5,15.8,15.4,14.9
栗東,20260707,火,7:33,ベルファスト,,牝,5,170,今野貞一,67.2,48.1,31.3,15.4,19.1,16.8,15.9,15.4
栗東,20260707,火,7:33,メイショウホウレン,,牡,5,3600,安達昭夫,66.0,47.4,31.2,15.6,18.6,16.2,15.6,15.6
栗東,20260707,火,7:34,エターナルプロミス,,牝,4,900,茶木太樹,66.6,48.0,31.6,15.8,18.6,16.4,15.8,15.8
栗東,20260707,火,7:34,キャプテンシー,,牡,5,1600,松永幹夫,63.3,46.4,30.3,14.8,16.9,16.1,15.5,14.8
栗東,20260707,火,7:34,コルドンブルー,,牝,4,900,松永幹夫,63.1,46.4,30.5,15.0,16.7,15.9,15.5,15.0
栗東,20260707,火,7:34,ナンヨークリスタル,,セ,6,240,松永幹夫,64.9,47.0,30.8,14.9,17.9,16.2,15.9,14.9
栗東,20260707,火,7:34,ボンドロア,,牡,4,900,松永幹夫,64.5,47.5,31.0,15.3,17.0,16.5,15.7,15.3
栗東,20260707,火,7:35,サンライズフレイム,,牡,6,7500,石坂公一,74.3,50.2,31.1,15.3,24.1,19.1,15.8,15.3
栗東,20260707,火,7:37,サイモンレガシー,,牡,2,未出走,石坂公一,65.1,46.9,30.9,15.5,18.2,16.0,15.4,15.5
栗東,20260707,火,7:37,ジュエルハウス,,牝,4,400,橋田宜長,66.4,48.3,31.7,15.6,18.1,16.6,16.1,15.6
栗東,20260707,火,7:37,スズカローズキング,,牡,3,0,橋田宜長,69.8,50.0,33.0,16.6,19.8,17.0,16.4,16.6
栗東,20260707,火,7:37,ヴィラン,,牡,2,未出走,橋田宜長,67.9,49.5,32.2,15.9,18.4,17.3,16.3,15.9
栗東,20260707,火,7:38,ノボリリア,,牝,4,400,石橋守,67.9,49.6,32.5,15.7,18.3,17.1,16.8,15.7
栗東,20260707,火,7:38,プレスバーン,,牝,3,0,石坂公一,64.9,47.3,30.9,15.5,17.6,16.4,15.4,15.5
栗東,20260707,火,7:38,ルクスディグニティ,,牡,3,0,昆貢,67.1,49.4,31.8,15.7,17.7,17.6,16.1,15.7
栗東,20260707,火,7:39,,,,,,,65.6,47.8,31.7,16.0,17.8,16.1,15.7,16.0
栗東,20260707,火,7:39,,,,,,,66.3,48.8,32.8,16.5,17.5,16.0,16.3,16.5
栗東,20260707,火,7:39,,,,,,,66.5,49.1,32.0,15.7,17.4,17.1,16.3,15.7
栗東,20260707,火,7:39,カレンハウ,,牡,2,0,柴田卓,65.5,47.8,31.2,15.3,17.7,16.6,15.9,15.3
栗東,20260707,火,7:39,サンロンブル,,牡,3,0,柴田卓,62.6,45.3,29.3,14.5,17.3,16.0,14.8,14.5
栗東,20260707,火,7:39,トモジャプレジール,,牡,3,400,大根田裕,65.7,48.3,32.4,16.3,17.4,15.9,16.1,16.3
栗東,20260707,火,7:39,ホシヲミテルンナ,,牡,2,未出走,大根田裕,65.0,48.0,32.0,15.9,17.0,16.0,16.1,15.9
栗東,20260707,火,7:39,ポッドリプル,,牡,3,400,辻野泰之,70.5,51.6,33.3,16.1,18.9,18.3,17.2,16.1
栗東,20260707,火,7:40,ステラスプレンダー,,牝,5,900,石坂公一,66.4,48.6,31.5,15.5,17.8,17.1,16.0,15.5
栗東,20260707,火,7:40,ソニックブーム,,牝,3,0,柴田卓,69.0,49.1,31.7,15.6,19.9,17.4,16.1,15.6
栗東,20260707,火,7:40,バーケンティン,,牡,5,400,平田修,62.6,44.6,28.9,14.3,18.0,15.7,14.6,14.3
栗東,20260707,火,7:40,フィニステーレ,,牝,3,0,辻野泰之,63.5,46.4,30.2,15.2,17.1,16.2,15.0,15.2
栗東,20260707,火,7:40,フリッシュ,,牡,3,400,平田修,61.8,45.5,30.0,15.1,16.3,15.5,14.9,15.1
栗東,20260707,火,7:40,ルクスグレイス,,牝,2,未出走,平田修,62.8,45.7,30.0,15.4,17.1,15.7,14.6,15.4
栗東,20260707,火,7:41,,,,,,,66.2,50.0,33.4,16.8,16.2,16.6,16.6,16.8
栗東,20260707,火,7:41,,,,,,,66.8,50.1,33.6,16.9,16.7,16.5,16.7,16.9
栗東,20260707,火,7:41,アマキヒ,,牡,4,2400,橋田宜長,66.5,49.2,32.9,17.0,17.3,16.3,15.9,17.0
栗東,20260707,火,7:41,イイデカンタロウ,,牡,5,340,北出成人,66.9,48.5,31.7,15.4,18.4,16.8,16.3,15.4
栗東,20260707,火,7:41,カセノコンコルド,,牡,3,0,中尾秀正,64.4,47.4,31.5,15.9,17.0,15.9,15.6,15.9
栗東,20260707,火,7:41,コスモフィレンツェ,,牡,3,0,北出成人,66.1,48.4,31.8,15.6,17.7,16.6,16.2,15.6
栗東,20260707,火,7:41,シエーナカラー,,牝,3,400,北出成人,65.6,47.4,31.0,15.5,18.2,16.4,15.5,15.5
栗東,20260707,火,7:41,チャチャピンク,,牡,4,400,北出成人,64.2,47.8,31.2,15.8,16.4,16.6,15.4,15.8
栗東,20260707,火,7:41,トウカイツバキ,,牝,3,0,北出成人,65.4,48.0,31.0,14.9,17.4,17.0,16.1,14.9
栗東,20260707,火,7:41,ナブッコ,,牡,3,0,橋田宜長,66.5,48.3,31.6,15.3,18.2,16.7,16.3,15.3
栗東,20260707,火,7:42,レーンアジリティ,,牡,4,400,中尾秀正,67.8,49.8,32.8,16.2,18.0,17.0,16.6,16.2
栗東,20260707,火,7:43,ノーマンデー,,牡,2,未出走,茶木太樹,64.5,47.4,31.4,15.4,17.1,16.0,16.0,15.4
栗東,20260707,火,7:44,アンヘリータス,,牝,3,900,吉村圭司,68.0,49.4,32.1,16.0,18.6,17.3,16.1,16.0
栗東,20260707,火,7:44,イーサンマリーン,,牝,2,未出走,吉村圭司,67.4,49.2,31.7,16.0,18.2,17.5,15.7,16.0
栗東,20260707,火,7:44,カツラコマチ,,牝,3,0,吉村圭司,66.9,48.6,31.1,15.6,18.3,17.5,15.5,15.6
栗東,20260707,火,7:44,ガールズデイアウト,,牝,4,400,吉村圭司,67.4,48.7,31.7,15.5,18.7,17.0,16.2,15.5
栗東,20260707,火,7:44,スズカミエール,,牝,5,1000,吉村圭司,66.7,49.1,31.8,15.9,17.6,17.3,15.9,15.9
栗東,20260707,火,7:44,ビケイムフリー,,牝,3,0,吉村圭司,67.9,49.6,32.2,16.0,18.3,17.4,16.2,16.0
栗東,20260707,火,7:44,モンブランミノル,,牡,5,2400,小栗実,73.2,53.3,35.2,17.0,19.9,18.1,18.2,17.0
栗東,20260707,火,7:44,ワンダーカモン,,牡,5,900,吉村圭司,65.0,46.6,29.6,14.5,18.4,17.0,15.1,14.5
栗東,20260707,火,7:45,アラムシャピラス,,牡,3,0,池江泰寿,65.2,46.8,30.5,14.9,18.4,16.3,15.6,14.9
栗東,20260707,火,7:45,サトノソティラス,,牡,4,900,池江泰寿,65.3,48.1,32.1,15.7,17.2,16.0,16.4,15.7
栗東,20260707,火,7:45,サラサランラン,,牡,2,未出走,藤原英昭,66.4,48.1,31.5,15.5,18.3,16.6,16.0,15.5
栗東,20260707,火,7:45,セルジュバローズ,,牡,3,400,池江泰寿,64.7,47.4,31.6,15.6,17.3,15.8,16.0,15.6
栗東,20260707,火,7:45,トレジャーストーン,,セ,3,0,藤原英昭,67.1,50.4,33.3,16.5,16.7,17.1,16.8,16.5
栗東,20260707,火,7:45,ホウオウトランプ,,牡,5,940,池江泰寿,64.5,46.3,30.8,14.9,18.2,15.5,15.9,14.9
栗東,20260707,火,7:45,マテンロウルクス,,牡,3,0,藤原英昭,65.1,47.8,31.3,15.2,17.3,16.5,16.1,15.2
栗東,20260707,火,7:45,ミッキーゴールド,,セ,4,1500,池江泰寿,65.7,47.9,31.5,15.3,17.8,16.4,16.2,15.3
栗東,20260707,火,7:46,エイカイカッシーナ,,牝,4,400,藤原英昭,70.2,49.7,32.0,15.1,20.5,17.7,16.9,15.1
栗東,20260707,火,7:46,グランキングオー,,牡,4,1500,高橋康之,70.4,50.4,32.9,16.2,20.0,17.5,16.7,16.2
栗東,20260707,火,7:46,ジワールドコア,,牡,2,未出走,池江泰寿,72.1,53.2,35.1,17.5,18.9,18.1,17.6,17.5
栗東,20260707,火,7:47,ジェバーダ,,牝,4,400,松下武士,64.3,47.2,30.9,15.1,17.1,16.3,15.8,15.1
栗東,20260707,火,7:47,ジューンマーチ,,牡,3,0,松下武士,65.9,48.6,32.0,16.0,17.3,16.6,16.0,16.0
栗東,20260707,火,7:47,ジョーヴェスタ,,牝,3,0,松下武士,65.9,48.4,32.0,15.6,17.5,16.4,16.4,15.6
栗東,20260707,火,7:47,ニーナバイリッカ,,牝,4,0,松下武士,65.4,48.4,32.9,16.9,17.0,15.5,16.0,16.9
栗東,20260707,火,7:48,アスクゴクジョウ,,牡,2,未出走,藤原英昭,65.4,47.9,31.0,15.3,17.5,16.9,15.7,15.3
栗東,20260707,火,7:48,ホールネス,,牝,6,2900,藤原英昭,65.6,47.7,31.0,15.5,17.9,16.7,15.5,15.5
栗東,20260707,火,7:48,マテンロウコマンド,,牡,4,6920,長谷川浩,65.7,48.6,31.6,15.3,17.1,17.0,16.3,15.3
栗東,20260707,火,7:49,ナリタヒカリ,,牝,4,900,荒川義之,65.9,48.9,32.8,16.6,17.0,16.1,16.2,16.6
栗東,20260707,火,7:49,ハーブドーレ,,牝,3,未出走,荒川義之,69.4,51.5,34.2,17.1,17.9,17.3,17.1,17.1
栗東,20260707,火,7:49,メイショウアヤカ,,牝,3,0,荒川義之,67.1,49.0,32.8,16.9,18.1,16.2,15.9,16.9
栗東,20260707,火,7:49,メイショウシナノ,,牡,6,1500,大橋勇樹,69.5,51.7,34.2,17.3,17.8,17.5,16.9,17.3
栗東,20260707,火,7:50,テーオータウンズ,,牡,3,0,藤岡健一,64.3,48.8,32.9,16.6,15.5,15.9,16.3,16.6
栗東,20260707,火,7:50,ベルセクレト,,牝,3,0,藤岡健一,65.1,48.1,32.1,16.2,17.0,16.0,15.9,16.2
栗東,20260707,火,7:51,キャッチアシーフ,,牡,3,0,佐藤悠太,67.2,49.5,32.3,15.9,17.7,17.2,16.4,15.9
栗東,20260707,火,7:51,ザングウィル,,牡,6,250,佐藤悠太,62.4,45.3,29.5,14.7,17.1,15.8,14.8,14.7
栗東,20260707,火,7:51,ムッチリスタイル,,牡,2,未出走,佐藤悠太,65.2,48.3,31.6,15.4,16.9,16.7,16.2,15.4
栗東,20260707,火,7:51,リンゲルブルーメ,,牝,4,400,佐藤悠太,64.6,47.1,30.9,15.1,17.5,16.2,15.8,15.1
栗東,20260707,火,7:53,アイスフォーク,,牡,3,未出走,武幸四郎,64.3,47.9,31.6,16.1,16.4,16.3,15.5,16.1
栗東,20260707,火,7:53,スーパーフラット,,牡,2,未出走,武幸四郎,65.6,48.4,32.6,16.3,17.2,15.8,16.3,16.3
栗東,20260707,火,7:53,バリオス,,牡,3,400,武幸四郎,65.0,47.1,30.7,14.6,17.9,16.4,16.1,14.6
栗東,20260707,火,7:53,メイショウアボット,,牡,4,500,武幸四郎,65.6,47.5,31.1,15.3,18.1,16.4,15.8,15.3
栗東,20260707,火,7:53,リアライズセレスト,,牡,2,未出走,武幸四郎,65.3,47.3,31.3,15.6,18.0,16.0,15.7,15.6
栗東,20260707,火,7:54,シャインユウ,,牝,2,未出走,本田優,68.6,51.0,34.4,17.2,17.6,16.6,17.2,17.2
栗東,20260707,火,7:54,ツーエムマドンナ,,牝,2,未出走,本田優,69.5,51.2,34.4,17.1,18.3,16.8,17.3,17.1
栗東,20260707,火,7:54,ホーリーブラッサム,,牝,4,900,斉藤崇史,66.5,48.5,31.5,15.4,18.0,17.0,16.1,15.4
栗東,20260707,火,7:54,メイショウジェード,,牡,2,未出走,本田優,64.9,47.8,31.5,15.7,17.1,16.3,15.8,15.7
栗東,20260707,火,7:54,メイショウピリカ,,牝,4,400,本田優,68.0,49.5,32.8,16.3,18.5,16.7,16.5,16.3
栗東,20260707,火,7:54,ルナパッショーネ,,牝,2,未出走,斉藤崇史,66.7,48.5,31.7,15.6,18.2,16.8,16.1,15.6
栗東,20260707,火,7:55,,,,,,,71.1,52.1,34.7,17.2,19.0,17.4,17.5,17.2
栗東,20260707,火,7:55,,,,,,,71.4,52.2,34.7,17.1,19.2,17.5,17.6,17.1
栗東,20260707,火,7:55,,,,,,,71.5,52.1,34.6,17.0,19.4,17.5,17.6,17.0
栗東,20260707,火,7:55,キービート,,牡,3,0,宮徹,66.9,49.9,33.3,16.8,17.0,16.6,16.5,16.8
栗東,20260707,火,7:55,スリーラーケン,,牡,4,400,高橋義忠,68.0,50.6,34.0,16.7,17.4,16.6,17.3,16.7
栗東,20260707,火,7:55,ホーリーステップ,,牝,3,0,斉藤崇史,70.8,51.6,34.2,16.8,19.2,17.4,17.4,16.8
栗東,20260707,火,7:56,ウインガラハッド,,牡,2,未出走,宮徹,66.7,49.5,33.3,17.0,17.2,16.2,16.3,17.0
栗東,20260707,火,7:56,ウインラブソング,,牝,3,0,宮徹,63.7,46.2,30.3,15.1,17.5,15.9,15.2,15.1
栗東,20260707,火,7:56,マハロハ,,牝,2,未出走,清水久詞,71.4,53.0,35.5,17.5,18.4,17.5,18.0,17.5
栗東,20260707,火,7:56,ラヴァンドローリエ,,牝,2,未出走,宮徹,64.6,47.0,30.6,15.1,17.6,16.4,15.5,15.1
栗東,20260707,火,7:56,ロードトレゾール,,牡,5,900,清水久詞,70.9,52.6,34.9,17.2,18.3,17.7,17.7,17.2
栗東,20260707,火,7:57,サンクサンス,,牝,2,未出走,小栗実,68.8,50.2,32.9,16.0,18.6,17.3,16.9,16.0
栗東,20260707,火,7:57,スカイハイ,,牡,5,1500,清水久詞,76.0,55.9,36.9,18.4,20.1,19.0,18.5,18.4
栗東,20260707,火,7:57,プライベートアイズ,,牡,4,900,小栗実,69.1,50.9,34.1,17.2,18.2,16.8,16.9,17.2
栗東,20260707,火,7:57,モンブランミノル,,牡,5,2400,小栗実,67.1,48.9,31.8,15.4,18.2,17.1,16.4,15.4
栗東,20260707,火,7:58,,,,,,,63.3,46.9,31.1,15.5,16.4,15.8,15.6,15.5
栗東,20260707,火,7:58,キーウェーブ,,牡,5,900,宮地貴稔,63.1,46.2,30.0,15.1,16.9,16.2,14.9,15.1
栗東,20260707,火,7:58,コスモルミナ,,牡,2,未出走,宮地貴稔,64.1,47.4,31.0,15.3,16.7,16.4,15.7,15.3
栗東,20260707,火,7:58,コックスコーム,,牡,2,未出走,中内田充,65.1,47.2,31.0,15.6,17.9,16.2,15.4,15.6
栗東,20260707,火,7:58,ゼットエイト,,牡,4,400,宮地貴稔,62.3,45.5,29.6,14.6,16.8,15.9,15.0,14.6
栗東,20260707,火,7:58,ナチュラルリバー,,牡,6,900,宮地貴稔,63.2,46.0,30.8,15.5,17.2,15.2,15.3,15.5
栗東,20260707,火,7:58,プロミシングスター,,牡,5,1500,高橋義忠,68.9,50.0,32.5,16.0,18.9,17.5,16.5,16.0
栗東,20260707,火,7:58,ヘリオポリス,,牡,3,0,杉山佳明,65.0,48.4,30.8,15.0,16.6,17.6,15.8,15.0
栗東,20260707,火,7:58,ヨコハマブルース,,牡,2,未出走,中内田充,64.2,47.2,31.2,15.5,17.0,16.0,15.7,15.5
栗東,20260707,火,7:58,ルージュアルミーラ,,牝,2,未出走,中内田充,64.3,47.3,31.3,15.5,17.0,16.0,15.8,15.5
栗東,20260707,火,7:58,レッドピアレス,,牡,3,0,中内田充,64.7,47.9,31.2,15.8,16.8,16.7,15.4,15.8
栗東,20260707,火,7:59,アンバーライト,,牡,2,未出走,森田直行,68.1,50.2,33.7,17.0,17.9,16.5,16.7,17.0
栗東,20260707,火,7:59,クレスコフェーヴ,,牝,3,0,羽月友彦,69.3,50.7,32.9,16.4,18.6,17.8,16.5,16.4
栗東,20260707,火,7:59,グリミスティ,,牝,3,0,森田直行,64.8,48.6,32.4,15.9,16.2,16.2,16.5,15.9
栗東,20260707,火,7:59,ストップヤーニング,,牡,4,1500,羽月友彦,69.7,49.7,32.0,16.0,20.0,17.7,16.0,16.0
栗東,20260707,火,7:59,スネーフリンガ,,牝,4,900,森田直行,67.4,49.5,32.5,15.5,17.9,17.0,17.0,15.5
栗東,20260707,火,7:59,ズバットマサムネ,,セ,5,900,杉山佳明,65.5,47.4,30.8,15.1,18.1,16.6,15.7,15.1
栗東,20260707,火,7:59,ビーウィナー,,牡,3,0,羽月友彦,69.8,50.5,31.9,15.4,19.3,18.6,16.5,15.4
栗東,20260707,火,7:59,モズプリヴェール,,牡,4,400,森田直行,61.7,45.1,29.4,14.6,16.6,15.7,14.8,14.6
栗東,20260707,火,7:59,リメンバーシドニー,,牝,3,0,橋口慎介,61.9,45.1,29.5,14.6,16.8,15.6,14.9,14.6
栗東,20260707,火,7:59,ワンダーゾルダート,,牡,3,0,羽月友彦,69.9,49.8,31.6,15.5,20.1,18.2,16.1,15.5
栗東,20260707,火,8:00,カフジラクレット,,牝,3,0,杉山佳明,64.2,46.8,30.2,14.7,17.4,16.6,15.5,14.7
栗東,20260707,火,8:00,シュブロンレーヴル,,牝,5,900,杉山佳明,65.9,47.7,31.0,15.0,18.2,16.7,16.0,15.0
栗東,20260707,火,8:00,ユーダブルワン,,牝,2,未出走,杉山佳明,66.3,49.0,32.8,16.2,17.3,16.2,16.6,16.2
栗東,20260707,火,8:00,ルージュプルーヴ,,牝,3,0,中内田充,66.6,48.1,31.6,15.7,18.5,16.5,15.9,15.7
栗東,20260707,火,8:00,ワンダフルデイズ,,牡,3,400,高橋義忠,63.2,46.6,30.9,15.3,16.6,15.7,15.6,15.3
栗東,20260707,火,8:02,コージ,,牡,2,未出走,高橋一哉,67.9,50.3,33.0,16.4,17.6,17.3,16.6,16.4
栗東,20260707,火,8:03,アマリス,,牝,2,未出走,高橋一哉,70.7,51.8,34.0,16.8,18.9,17.8,17.2,16.8
栗東,20260707,火,8:03,ダノンアンチュラス,,牡,4,0,坂口智康,65.2,48.4,32.3,16.0,16.8,16.1,16.3,16.0
栗東,20260707,火,8:03,ファーストステイト,,牝,2,未出走,坂口智康,68.9,50.9,33.1,16.1,18.0,17.8,17.0,16.1
栗東,20260707,火,8:03,ルクスコスモス,,牝,4,200,高橋一哉,65.2,47.3,31.1,15.2,17.9,16.2,15.9,15.2
栗東,20260707,火,8:08,エシェックオロワ,,セ,3,400,千田輝彦,67.7,50.3,34.1,17.0,17.4,16.2,17.1,17.0
栗東,20260707,火,8:08,ソーニーイシュー,,牡,5,2400,千田輝彦,66.6,48.2,31.2,15.4,18.4,17.0,15.8,15.4
栗東,20260707,火,8:08,ヤマニンアストロン,,牡,5,1500,石橋守,66.1,48.1,31.5,15.6,18.0,16.6,15.9,15.6
栗東,20260707,火,8:09,コパノルーカス,,牡,3,0,梅田智之,63.7,45.6,29.7,14.6,18.1,15.9,15.1,14.6
栗東,20260707,火,8:09,セッシュウ,,牡,3,0,石橋守,67.2,49.4,32.2,16.0,17.8,17.2,16.2,16.0
栗東,20260707,火,8:09,タガノアルブラック,,牝,3,400,千田輝彦,66.1,48.5,32.3,16.0,17.6,16.2,16.3,16.0
栗東,20260707,火,8:09,メイショウナナシロ,,牡,3,0,石橋守,64.6,47.4,31.3,15.6,17.2,16.1,15.7,15.6
栗東,20260707,火,8:09,ラミエルノムスコ,,牡,3,0,千田輝彦,67.4,49.0,33.1,16.9,18.4,15.9,16.2,16.9
栗東,20260707,火,8:10,マーゴットヴィム,,牡,2,未出走,小林真也,68.2,50.0,32.3,15.8,18.2,17.7,16.5,15.8
栗東,20260707,火,8:10,ルージュシャラポワ,,牝,3,0,小林真也,66.7,49.1,31.7,15.6,17.6,17.4,16.1,15.6
栗東,20260707,火,8:11,コウセキ,,牡,4,1500,西園翔太,67.9,49.3,32.8,16.4,18.6,16.5,16.4,16.4
栗東,20260707,火,8:12,クロームクロス,,牡,3,0,西園翔太,69.7,51.0,33.5,16.3,18.7,17.5,17.2,16.3
栗東,20260707,火,8:12,メローネ,,牝,3,900,西園翔太,68.2,50.0,33.0,16.5,18.2,17.0,16.5,16.5
栗東,20260707,火,8:14,,,,,,,71.9,52.2,34.2,17.5,19.7,18.0,16.7,17.5
栗東,20260707,火,8:14,,,,,,,72.2,52.4,34.6,17.4,19.8,17.8,17.2,17.4
栗東,20260707,火,8:14,エルトンバローズ,,牡,6,11900,杉山晴紀,67.6,49.4,32.7,16.6,18.2,16.7,16.1,16.6
栗東,20260707,火,8:15,,,,,,,66.6,50.6,34.4,17.3,16.0,16.2,17.1,17.3
栗東,20260707,火,8:15,,,,,,,74.6,52.6,33.4,16.0,22.0,19.2,17.4,16.0
栗東,20260707,火,8:15,オーロラエックス,,牝,5,3800,杉山晴紀,69.4,50.8,33.2,16.5,18.6,17.6,16.7,16.5
栗東,20260707,火,8:15,クランズクラウン,,牝,3,0,杉山晴紀,68.9,50.6,33.3,16.8,18.3,17.3,16.5,16.8
栗東,20260707,火,8:16,ティグリス,,牝,3,0,杉山晴紀,74.3,53.2,33.5,16.5,21.1,19.7,17.0,16.5
栗東,20260707,火,8:22,ダノンワンダー,,牡,3,0,友道康夫,60.9,45.6,30.5,15.2,15.3,15.1,15.3,15.2
栗東,20260707,火,8:22,レッドタイラント,,牡,2,未出走,友道康夫,61.3,45.5,30.4,15.1,15.8,15.1,15.3,15.1
栗東,20260707,火,8:23,ファルカータ,,牝,3,0,友道康夫,63.4,46.7,30.3,14.7,16.7,16.4,15.6,14.7
栗東,20260707,火,8:26,,,,,,,68.2,50.0,33.3,16.2,18.2,16.7,17.1,16.2
栗東,20260707,火,8:26,ケイアイアニラ,,牡,6,2400,吉岡辰弥,63.3,46.1,30.2,15.1,17.2,15.9,15.1,15.1
栗東,20260707,火,8:26,ノーブルロジャー,,牡,5,4450,吉岡辰弥,64.1,46.2,29.8,14.3,17.9,16.4,15.5,14.3
栗東,20260707,火,8:26,ホウオウスーペリア,,牡,6,1500,吉岡辰弥,63.7,45.4,29.4,14.5,18.3,16.0,14.9,14.5
栗東,20260707,火,8:27,,,,,,,71.9,52.8,34.8,17.4,19.1,18.0,17.4,17.4
栗東,20260707,火,8:28,サヴォンリンナ,,牝,4,1600,田中克典,64.3,46.6,30.6,15.4,17.7,16.0,15.2,15.4
栗東,20260707,火,8:28,ザハント,,セ,4,400,田中克典,65.7,48.3,31.9,15.7,17.4,16.4,16.2,15.7
栗東,20260707,火,8:28,デルマタカチホ,,牡,3,0,田中克典,67.0,49.7,32.5,15.5,17.3,17.2,17.0,15.5
栗東,20260707,火,8:28,プレゼンティーア,,牝,5,2400,田中克典,67.0,49.5,32.7,16.1,17.5,16.8,16.6,16.1
栗東,20260707,火,8:28,ミリタリータトゥー,,牝,3,400,藤岡健一,67.0,49.8,32.9,16.7,17.2,16.9,16.2,16.7
栗東,20260707,火,8:28,ルビドゥソレイユ,,牝,3,400,田中克典,64.5,47.0,31.0,15.6,17.5,16.0,15.4,15.6
栗東,20260707,火,8:39,サヨノパララックス,,牡,3,400,羽月友彦,69.0,51.0,34.2,17.5,18.0,16.8,16.7,17.5
栗東,20260707,火,8:39,サンライズブレイド,,牡,2,未出走,羽月友彦,68.3,51.4,34.6,17.6,16.9,16.8,17.0,17.6
栗東,20260707,火,8:39,ナムラモモ,,牝,4,400,羽月友彦,66.7,48.5,31.8,15.9,18.2,16.7,15.9,15.9
栗東,20260707,火,8:55,レヴヴィ,,牝,3,0,新谷功一,66.9,48.6,31.6,16.3,18.3,17.0,15.3,16.3
栗東,20260707,火,8:55,ワラビガミ,,牝,3,0,新谷功一,66.0,48.2,32.1,16.3,17.8,16.1,15.8,16.3
美浦,20260707,火,3:20,マスカレードボール,,牡,4,40590,手塚貴久,65.6,48.0,32.2,16.3,17.6,15.8,15.9,16.3
美浦,20260707,火,3:20,ヴェルテンベルク,,牡,6,8400,宮本博,66.0,47.4,30.7,14.8,18.6,16.7,15.9,14.8
美浦,20260707,火,4:56,ホノボノ,,牡,3,400,尾形和幸,66.3,49.3,33.2,16.7,17.0,16.1,16.5,16.7
美浦,20260707,火,4:57,アイアンナックル,,牡,3,400,尾形和幸,68.0,50.1,32.5,16.1,17.9,17.6,16.4,16.1
美浦,20260707,火,4:57,アイムインディ,,牝,3,400,蛯名正義,62.7,46.2,30.5,15.4,16.5,15.7,15.1,15.4
美浦,20260707,火,4:57,アマンヘセル,,牝,3,0,蛯名正義,64.2,47.2,31.1,15.4,17.0,16.1,15.7,15.4
美浦,20260707,火,4:57,キタノシオン,,牝,3,0,本間忍,68.9,51.2,33.8,17.0,17.7,17.4,16.8,17.0
美浦,20260707,火,4:57,シャンパンマーク,,セ,5,900,蛯名正義,62.9,46.4,30.8,15.5,16.5,15.6,15.3,15.5
美浦,20260707,火,4:57,テキサスバローズ,,牡,3,0,蛯名正義,62.9,46.3,30.3,14.9,16.6,16.0,15.4,14.9
美浦,20260707,火,4:57,トウシンライオット,,牡,3,0,尾形和幸,67.6,49.7,32.3,16.1,17.9,17.4,16.2,16.1
美浦,20260707,火,4:57,ノリマル,,牡,3,400,尾形和幸,67.3,49.5,32.1,15.9,17.8,17.4,16.2,15.9
美浦,20260707,火,4:57,フェアリースノー,,牝,2,未出走,尾形和幸,68.5,50.8,33.6,16.6,17.7,17.2,17.0,16.6
美浦,20260707,火,4:57,ユキマル,,牡,6,2190,尾形和幸,68.2,50.0,32.7,16.2,18.2,17.3,16.5,16.2
美浦,20260707,火,4:57,ライヴバーボン,,牝,2,未出走,尾形和幸,67.7,50.1,33.0,16.3,17.6,17.1,16.7,16.3
美浦,20260707,火,4:57,ラッキースウィッチ,,牡,3,0,蛯名正義,61.9,45.5,30.0,14.6,16.4,15.5,15.4,14.6
美浦,20260707,火,4:57,ロジケープ,,牡,3,1500,尾形和幸,67.9,50.4,32.9,16.3,17.5,17.5,16.6,16.3
美浦,20260707,火,4:58,,,,,,,63.9,47.5,31.6,15.7,16.4,15.9,15.9,15.7
美浦,20260707,火,4:58,エイシンウルクンデ,,牡,2,未出走,勢司和浩,67.4,49.7,33.2,16.7,17.7,16.5,16.5,16.7
美浦,20260707,火,4:58,エマリュウオー,,牡,2,未出走,本間忍,70.0,52.7,34.8,17.5,17.3,17.9,17.3,17.5
美浦,20260707,火,4:58,カイトヴィント,,牡,4,400,和田雄二,64.1,47.4,31.2,15.8,16.7,16.2,15.4,15.8
美浦,20260707,火,4:58,カペラテソーロ,,牡,2,0,牧光二,63.2,46.8,31.4,16.0,16.4,15.4,15.4,16.0
美浦,20260707,火,4:58,コスモアルペジオ,,牡,3,0,鹿戸雄一,62.1,46.0,30.5,15.4,16.1,15.5,15.1,15.4
美浦,20260707,火,4:58,コパノエイダン,,牡,3,400,上原博之,66.4,47.9,31.8,16.1,18.5,16.1,15.7,16.1
美浦,20260707,火,4:58,サトノヴィレ,,セ,6,1500,鹿戸雄一,61.1,44.8,29.3,14.6,16.3,15.5,14.7,14.6
美浦,20260707,火,4:58,サムシングニュー,,牡,3,400,鹿戸雄一,63.0,46.1,30.5,15.2,16.9,15.6,15.3,15.2
美浦,20260707,火,4:58,ジェシーテソーロ,,牡,4,900,牧光二,64.1,46.9,30.5,15.0,17.2,16.4,15.5,15.0
美浦,20260707,火,4:58,スウィット,,牡,2,0,牧光二,65.3,47.4,30.5,14.8,17.9,16.9,15.7,14.8
美浦,20260707,火,4:58,セイウンサイフィー,,牡,2,未出走,上原博之,66.8,49.0,32.3,16.1,17.8,16.7,16.2,16.1
美浦,20260707,火,4:58,チギリ,,牝,4,1500,鹿戸雄一,64.7,47.8,31.3,15.4,16.9,16.5,15.9,15.4
美浦,20260707,火,4:58,ブリッツアロング,,牡,4,400,上原博之,65.0,46.8,30.8,15.7,18.2,16.0,15.1,15.7
美浦,20260707,火,4:58,ボーンディスウェイ,,牡,7,3800,牧光二,62.1,46.0,30.5,15.2,16.1,15.5,15.3,15.2
美浦,20260707,火,4:58,ポッドロワール,,牡,4,1500,畠山吉宏,63.9,47.2,31.5,16.1,16.7,15.7,15.4,16.1
美浦,20260707,火,4:58,マイネルリシャール,,牡,2,未出走,鹿戸雄一,63.4,46.4,30.4,15.1,17.0,16.0,15.3,15.1
美浦,20260707,火,4:58,ライヴレッドアイ,,牝,3,400,牧光二,65.5,48.0,31.9,16.3,17.5,16.1,15.6,16.3
美浦,20260707,火,4:58,ルージュラベル,,牝,3,0,鹿戸雄一,62.0,45.9,29.8,15.0,16.1,16.1,14.8,15.0
美浦,20260707,火,4:58,レジームチェンジ,,牡,2,未出走,鹿戸雄一,62.0,45.4,29.9,14.8,16.6,15.5,15.1,14.8
美浦,20260707,火,4:58,ワイズジュエル,,牝,2,未出走,本間忍,70.8,53.1,35.7,17.9,17.7,17.4,17.8,17.9
美浦,20260707,火,4:59,インビンシブルパパ,,牡,5,5850,伊藤大士,64.5,48.4,31.3,15.3,16.1,17.1,16.0,15.3
美浦,20260707,火,4:59,グラティアム,,牝,3,400,嘉藤貴行,62.3,46.2,30.2,15.1,16.1,16.0,15.1,15.1
美浦,20260707,火,4:59,コスモプルー,,牝,2,未出走,黒岩陽一,66.8,49.5,32.9,16.6,17.3,16.6,16.3,16.6
美浦,20260707,火,4:59,ゴッドレイ,,牝,3,0,伊藤大士,65.0,47.4,31.4,15.8,17.6,16.0,15.6,15.8
美浦,20260707,火,4:59,ショウナンラリー,,牡,4,900,嘉藤貴行,63.6,47.1,31.5,15.7,16.5,15.6,15.8,15.7
美浦,20260707,火,4:59,スーパーハイウェイ,,牡,3,0,伊藤大士,63.0,47.6,31.3,15.5,15.4,16.3,15.8,15.5
美浦,20260707,火,4:59,トランサルピナ,,牡,2,未出走,中舘英二,67.5,49.5,32.7,16.1,18.0,16.8,16.6,16.1
美浦,20260707,火,4:59,ピコブロッサム,,牝,3,0,伊藤大士,64.1,47.7,32.1,16.2,16.4,15.6,15.9,16.2
美浦,20260707,火,4:59,ブレイクフォース,,牡,7,5000,中舘英二,67.6,49.6,32.7,16.1,18.0,16.9,16.6,16.1
美浦,20260707,火,4:59,ボルトライン,,牝,2,未出走,黒岩陽一,61.9,45.2,29.7,14.9,16.7,15.5,14.8,14.9
美浦,20260707,火,4:59,マカナ,,牝,4,1500,伊藤大士,63.1,47.1,31.4,15.2,16.0,15.7,16.2,15.2
美浦,20260707,火,4:59,リサナウト,,牝,2,未出走,黒岩陽一,61.6,45.3,30.2,14.9,16.3,15.1,15.3,14.9
美浦,20260707,火,4:59,ルストラーレ,,牡,3,未出走,黒岩陽一,61.1,45.0,29.9,14.8,16.1,15.1,15.1,14.8
美浦,20260707,火,4:59,ヴァズレーヌ,,牝,5,900,嘉藤貴行,63.8,46.4,30.6,15.2,17.4,15.8,15.4,15.2
美浦,20260707,火,4:59,ヴァルカンテソーロ,,牡,3,0,嘉藤貴行,64.1,47.2,31.3,15.5,16.9,15.9,15.8,15.5
美浦,20260707,火,5:00,アデルフィー,,牡,3,0,金成貴史,69.2,50.7,33.3,16.7,18.5,17.4,16.6,16.7
美浦,20260707,火,5:00,アンパドゥ,,牡,5,2400,木村哲也,72.5,53.4,35.5,17.7,19.1,17.9,17.8,17.7
美浦,20260707,火,5:00,エーアイクワイ,,牡,2,0,相沢郁,69.7,51.1,33.6,16.6,18.6,17.5,17.0,16.6
美浦,20260707,火,5:00,サクセスボーイ,,牡,2,未出走,相沢郁,70.5,51.9,34.4,17.0,18.6,17.5,17.4,17.0
美浦,20260707,火,5:00,ショウナンタハティ,,牡,4,200,中舘英二,66.6,48.8,32.0,16.1,17.8,16.8,15.9,16.1
美浦,20260707,火,5:00,ショウナンハーヴェ,,牡,2,0,中舘英二,66.4,48.8,32.0,16.0,17.6,16.8,16.0,16.0
美浦,20260707,火,5:00,スワローシチー,,牡,4,400,相沢郁,69.7,51.3,33.8,16.9,18.4,17.5,16.9,16.9
美浦,20260707,火,5:00,チームユートピア,,牝,3,400,中舘英二,65.9,48.2,31.6,15.7,17.7,16.6,15.9,15.7
美浦,20260707,火,5:00,ニシノキフジン,,牝,2,未出走,萱野浩二,67.6,49.0,32.2,16.3,18.6,16.8,15.9,16.3
美浦,20260707,火,5:00,ノクターン,,牝,4,900,木村哲也,68.9,51.0,33.3,16.5,17.9,17.7,16.8,16.5
美浦,20260707,火,5:00,ハピネスドリーム,,牝,3,0,木村哲也,71.5,53.4,35.6,17.9,18.1,17.8,17.7,17.9
美浦,20260707,火,5:00,ハルノアラシ,,牡,4,400,相沢郁,70.2,51.9,34.4,16.8,18.3,17.5,17.6,16.8
美浦,20260707,火,5:00,フィールドノート,,牡,4,400,木村哲也,71.6,52.8,34.7,16.9,18.8,18.1,17.8,16.9
美浦,20260707,火,5:00,ボールドゾーン,,牡,6,1500,木村哲也,72.0,53.3,35.4,17.2,18.7,17.9,18.2,17.2
美浦,20260707,火,5:00,モウエエデショー,,牡,3,400,萱野浩二,67.8,49.5,32.6,16.5,18.3,16.9,16.1,16.5
美浦,20260707,火,5:00,レッドレガリア,,牡,3,0,木村哲也,72.7,53.4,35.4,17.5,19.3,18.0,17.9,17.5
美浦,20260707,火,5:00,ヴァロアーク,,牡,3,400,木村哲也,73.0,53.8,35.2,17.0,19.2,18.6,18.2,17.0
美浦,20260707,火,5:01,,,,,,,65.8,48.4,31.6,15.9,17.4,16.8,15.7,15.9
美浦,20260707,火,5:01,アタリダイキチ,,牡,4,1500,西田雄一,66.0,48.5,31.1,15.7,17.5,17.4,15.4,15.7
美浦,20260707,火,5:01,アトミックブレス,,牡,3,400,加藤征弘,67.7,49.6,32.6,16.4,18.1,17.0,16.2,16.4
美浦,20260707,火,5:01,キミヘノメロディー,,牡,2,未出走,石栗龍彦,64.0,45.9,29.4,14.8,18.1,16.5,14.6,14.8
美浦,20260707,火,5:01,サツキレジーナ,,牝,4,400,石栗龍彦,66.4,48.7,31.9,16.2,17.7,16.8,15.7,16.2
美浦,20260707,火,5:01,シルバープレミア,,牝,3,0,西田雄一,67.5,48.5,31.6,15.6,19.0,16.9,16.0,15.6
美浦,20260707,火,5:01,テンハートビート,,牝,3,400,西田雄一,67.7,48.9,32.2,16.3,18.8,16.7,15.9,16.3
美浦,20260707,火,5:01,ディマイザキッド,,牡,5,2400,清水英克,66.8,48.8,32.5,16.5,18.0,16.3,16.0,16.5
美浦,20260707,火,5:01,ヌビアン,,牡,3,0,清水英克,70.0,52.1,34.3,17.1,17.9,17.8,17.2,17.1
美浦,20260707,火,5:01,パチクリベスクリ,,牡,3,0,清水英克,66.8,48.9,32.6,16.5,17.9,16.3,16.1,16.5
美浦,20260707,火,5:01,フロリメル,,牝,3,0,加藤征弘,67.2,49.9,33.3,16.9,17.3,16.6,16.4,16.9
美浦,20260707,火,5:01,ブルージェイ,,牡,2,未出走,加藤征弘,67.5,49.5,32.6,16.4,18.0,16.9,16.2,16.4
美浦,20260707,火,5:01,ボンジュールパリ,,牡,2,未出走,加藤征弘,66.6,49.0,32.4,16.1,17.6,16.6,16.3,16.1
美浦,20260707,火,5:01,ミナヅキ,,牡,3,0,清水英克,68.1,50.4,33.4,16.9,17.7,17.0,16.5,16.9
美浦,20260707,火,5:01,メイショウバリスタ,,牡,3,0,西田雄一,65.9,48.5,32.0,16.2,17.4,16.5,15.8,16.2
美浦,20260707,火,5:01,モーモーゼロ,,牡,2,0,石栗龍彦,65.5,47.7,31.1,15.8,17.8,16.6,15.3,15.8
美浦,20260707,火,5:01,ロワデュモンド,,牡,2,未出走,西田雄一,67.9,48.6,32.0,16.4,19.3,16.6,15.6,16.4
美浦,20260707,火,5:01,ロートホルン,,牝,4,900,加藤征弘,67.3,50.2,33.0,17.0,17.1,17.2,16.0,17.0
美浦,20260707,火,5:01,ヴァルフォース,,牝,2,未出走,加藤征弘,67.8,49.5,33.2,16.7,18.3,16.3,16.5,16.7
美浦,20260707,火,5:02,アイファーアイドル,,牡,3,0,蛯名利弘,66.0,48.9,32.3,16.2,17.1,16.6,16.1,16.2
美浦,20260707,火,5:02,イマジェリーナ,,牝,3,未出走,加藤和宏,65.1,48.0,32.0,16.4,17.1,16.0,15.6,16.4
美浦,20260707,火,5:02,エルミー,,牝,3,0,中川公成,66.1,48.7,32.5,16.3,17.4,16.2,16.2,16.3
美浦,20260707,火,5:02,カタカムナ,,牝,3,0,蛯名利弘,66.5,49.0,32.0,16.6,17.5,17.0,15.4,16.6
美浦,20260707,火,5:02,ガヤーズアモーレ,,牝,2,未出走,田中勝春,63.3,47.1,31.5,15.8,16.2,15.6,15.7,15.8
美浦,20260707,火,5:02,クムシラコ,,牡,8,2400,千葉直人,66.5,47.7,30.3,14.8,18.8,17.4,15.5,14.8
美浦,20260707,火,5:02,ココニーナ,,牝,3,0,加藤和宏,66.4,49.2,32.6,16.0,17.2,16.6,16.6,16.0
美浦,20260707,火,5:02,ゴルタン,,牡,2,未出走,千葉直人,71.9,50.6,33.1,16.7,21.3,17.5,16.4,16.7
美浦,20260707,火,5:02,ゴールドジェスター,,セ,4,0,中川公成,64.9,47.0,31.1,15.7,17.9,15.9,15.4,15.7
美浦,20260707,火,5:02,サウンズオーサム,,牝,2,未出走,千葉直人,75.8,53.1,33.4,15.7,22.7,19.7,17.7,15.7
美浦,20260707,火,5:02,スイートオレンジ,,牝,4,400,中川公成,66.0,47.8,31.3,15.2,18.2,16.5,16.1,15.2
美浦,20260707,火,5:02,ステラルミノーザ,,牡,2,未出走,千葉直人,73.1,51.5,33.5,15.8,21.6,18.0,17.7,15.8
美浦,20260707,火,5:02,タシット,,牡,7,2400,中川公成,64.5,46.3,30.4,15.1,18.2,15.9,15.3,15.1
美浦,20260707,火,5:02,チャームジュネーヴ,,牝,2,未出走,蛯名利弘,65.9,48.5,31.9,16.0,17.4,16.6,15.9,16.0
美浦,20260707,火,5:02,テルケンレンタッチ,,牡,3,0,勢司和浩,67.7,49.7,32.7,16.6,18.0,17.0,16.1,16.6
美浦,20260707,火,5:02,ニシノマキロイ,,牡,2,未出走,田中勝春,63.8,47.4,31.7,15.7,16.4,15.7,16.0,15.7
美浦,20260707,火,5:02,ビーズスティンガー,,牝,2,未出走,中川公成,66.4,48.9,32.5,15.8,17.5,16.4,16.7,15.8
美浦,20260707,火,5:02,ピリナカピリナ,,牝,2,0,水野貴広,63.2,46.3,30.2,15.0,16.9,16.1,15.2,15.0
美浦,20260707,火,5:02,ファナティカル,,牡,3,0,中川公成,62.5,45.0,29.3,14.5,17.5,15.7,14.8,14.5
美浦,20260707,火,5:02,フキョウワオン,,牡,3,0,勢司和浩,66.9,48.1,31.3,15.9,18.8,16.8,15.4,15.9
美浦,20260707,火,5:02,ペルヴォルム,,牝,3,0,加藤和宏,66.2,48.7,32.2,16.1,17.5,16.5,16.1,16.1
美浦,20260707,火,5:02,マナイアカラニ,,牡,3,0,田中勝春,62.0,45.9,30.2,15.0,16.1,15.7,15.2,15.0
美浦,20260707,火,5:02,ミエノブラボー,,牝,5,400,田中勝春,63.2,46.8,31.2,15.6,16.4,15.6,15.6,15.6
美浦,20260707,火,5:02,モーニンムスメ,,牝,3,0,加藤和宏,65.7,48.8,32.8,16.4,16.9,16.0,16.4,16.4
美浦,20260707,火,5:02,レオンティウス,,牡,2,0,田中勝春,63.5,47.5,31.4,15.5,16.0,16.1,15.9,15.5
美浦,20260707,火,5:02,レーヴルーバ,,牝,3,0,蛯名利弘,63.7,45.6,29.4,14.5,18.1,16.2,14.9,14.5
美浦,20260707,火,5:03,ウインテラジーナ,,牝,3,0,栗田徹,63.4,46.8,31.3,15.8,16.6,15.5,15.5,15.8
美浦,20260707,火,5:03,ギリーカラム,,牡,3,0,栗田徹,63.8,47.5,31.8,15.7,16.3,15.7,16.1,15.7
美浦,20260707,火,5:03,ケンブリッジ,,セ,3,0,水野貴広,69.5,50.9,33.7,17.3,18.6,17.2,16.4,17.3
美浦,20260707,火,5:03,サザンキンレンカ,,牝,2,未出走,畠山吉宏,67.3,49.3,32.3,15.8,18.0,17.0,16.5,15.8
美浦,20260707,火,5:03,サンアンドスターズ,,牝,2,未出走,畠山吉宏,67.4,49.8,32.4,16.3,17.6,17.4,16.1,16.3
美浦,20260707,火,5:03,サングラント,,牡,3,0,金成貴史,66.1,48.8,32.0,15.9,17.3,16.8,16.1,15.9
美浦,20260707,火,5:03,ジュンヴィヴァン,,牡,3,0,伊坂重信,66.4,48.0,30.5,15.3,18.4,17.5,15.2,15.3
美浦,20260707,火,5:03,ディレクティオ,,牝,3,0,金成貴史,67.7,50.6,33.3,16.1,17.1,17.3,17.2,16.1
美浦,20260707,火,5:03,ブルーブロディ,,牡,3,0,伊坂重信,66.3,48.0,30.6,15.3,18.3,17.4,15.3,15.3
美浦,20260707,火,5:03,ブレスドナイル,,牝,4,100,金成貴史,64.6,47.8,31.6,15.9,16.8,16.2,15.7,15.9
美浦,20260707,火,5:03,ポッドデスペア,,牡,3,520,畠山吉宏,69.1,50.6,33.0,16.5,18.5,17.6,16.5,16.5
美浦,20260707,火,5:03,マスターボリューム,,牝,2,未出走,畠山吉宏,67.2,49.4,32.6,16.5,17.8,16.8,16.1,16.5
美浦,20260707,火,5:03,マーゴットサンズ,,牝,3,400,伊坂重信,66.1,47.8,30.3,14.7,18.3,17.5,15.6,14.7
美浦,20260707,火,5:03,マーゴットブロー,,牡,3,900,伊坂重信,66.9,48.5,31.2,16.0,18.4,17.3,15.2,16.0
美浦,20260707,火,5:03,モミスケ,,牡,2,未出走,水野貴広,68.7,50.4,33.3,16.7,18.3,17.1,16.6,16.7
美浦,20260707,火,5:03,ライングラウス,,牡,2,未出走,水野貴広,74.1,54.8,36.8,18.9,19.3,18.0,17.9,18.9
美浦,20260707,火,5:03,リスレジャンデール,,牝,3,400,栗田徹,63.1,46.3,30.5,15.5,16.8,15.8,15.0,15.5
美浦,20260707,火,5:03,レガメデルヴェント,,牡,2,未出走,伊坂重信,65.9,47.7,30.6,14.9,18.2,17.1,15.7,14.9
美浦,20260707,火,5:03,ロイヤルスパイア,,牡,3,400,栗田徹,68.7,50.2,33.5,16.1,18.5,16.7,17.4,16.1
美浦,20260707,火,5:03,ヴェールネージュ,,牝,2,未出走,伊坂重信,66.1,47.9,31.0,14.6,18.2,16.9,16.4,14.6
美浦,20260707,火,5:04,アルスラーン,,牡,2,未出走,佐藤吉勝,71.3,52.2,34.6,17.3,19.1,17.6,17.3,17.3
美浦,20260707,火,5:04,ウカテンセイ,,牝,2,未出走,佐藤吉勝,68.8,51.9,33.8,16.7,16.9,18.1,17.1,16.7
美浦,20260707,火,5:04,キングズトゥルー,,牡,4,1000,大竹正博,68.7,50.4,33.3,15.9,18.3,17.1,17.4,15.9
美浦,20260707,火,5:04,シュラフ,,牝,4,1800,佐藤吉勝,65.4,48.1,31.6,15.4,17.3,16.5,16.2,15.4
美浦,20260707,火,5:04,スターマイン,,牝,2,未出走,大竹正博,67.8,49.6,32.8,16.0,18.2,16.8,16.8,16.0
美浦,20260707,火,5:04,スティールシップ,,牡,3,未出走,大竹正博,68.1,50.0,33.1,16.1,18.1,16.9,17.0,16.1
美浦,20260707,火,5:04,セタキト,,牡,2,400,伊坂重信,68.7,50.2,32.7,15.9,18.5,17.5,16.8,15.9
美浦,20260707,火,5:04,パーフェクトスノー,,牝,3,0,中舘英二,69.8,51.4,34.1,17.3,18.4,17.3,16.8,17.3
美浦,20260707,火,5:04,ファインブライト,,牡,3,0,佐藤吉勝,69.3,51.3,33.5,16.4,18.0,17.8,17.1,16.4
美浦,20260707,火,5:04,ホウオウショコラ,,牝,4,400,大竹正博,69.1,51.3,33.3,16.0,17.8,18.0,17.3,16.0
美浦,20260707,火,5:04,ボニープリンス,,牡,3,400,大竹正博,67.6,49.8,32.4,15.6,17.8,17.4,16.8,15.6
美浦,20260707,火,5:04,マルガリート,,牝,2,0,佐藤吉勝,67.4,50.3,32.7,16.0,17.1,17.6,16.7,16.0
美浦,20260707,火,5:04,リリエンフェルト,,牝,5,240,上原博之,67.2,49.0,31.7,15.6,18.2,17.3,16.1,15.6
美浦,20260707,火,5:04,ヴォーチェカノーラ,,牡,2,未出走,中舘英二,70.1,51.5,34.1,17.0,18.6,17.4,17.1,17.0
美浦,20260707,火,5:05,アイファーリーベン,,牝,7,110,的場均,72.4,52.8,34.6,17.3,19.6,18.2,17.3,17.3
美浦,20260707,火,5:05,アウルムレガリア,,牝,4,0,粕谷昌央,65.8,48.0,32.2,16.5,17.8,15.8,15.7,16.5
美浦,20260707,火,5:05,カスターニエ,,牝,3,400,伊藤圭三,67.0,49.4,32.4,16.4,17.6,17.0,16.0,16.4
美浦,20260707,火,5:05,カンフーヒーロー,,牡,3,0,的場均,70.9,51.5,33.9,16.7,19.4,17.6,17.2,16.7
美浦,20260707,火,5:05,キョウエイブリッサ,,牡,6,2400,武市康男,64.4,46.3,30.5,15.2,18.1,15.8,15.3,15.2
美浦,20260707,火,5:05,キングプロフィット,,牡,5,120,天間昭一,75.5,56.1,37.1,18.4,19.4,19.0,18.7,18.4
美浦,20260707,火,5:05,クリアクォーツ,,牡,4,0,的場均,71.3,51.7,34.1,17.2,19.6,17.6,16.9,17.2
美浦,20260707,火,5:05,サクラモンストール,,牡,3,0,伊藤圭三,66.2,48.5,32.1,15.9,17.7,16.4,16.2,15.9
美浦,20260707,火,5:05,ジャストビコーズ,,牝,3,0,武井亮,62.3,46.3,30.9,15.7,16.0,15.4,15.2,15.7
美浦,20260707,火,5:05,ジュリアスローズ,,牝,5,400,粕谷昌央,65.4,47.5,31.6,16.0,17.9,15.9,15.6,16.0
美浦,20260707,火,5:05,スラッシュコード,,牡,3,0,伊藤圭三,66.3,49.4,32.3,15.2,16.9,17.1,17.1,15.2
美浦,20260707,火,5:05,タイセイアドーレ,,牡,2,0,伊藤圭三,68.4,50.5,33.2,16.5,17.9,17.3,16.7,16.5
美浦,20260707,火,5:05,テングカゼ,,牡,2,未出走,的場均,70.9,52.1,34.1,17.1,18.8,18.0,17.0,17.1
美浦,20260707,火,5:05,ノアチュロス,,牝,4,250,中舘英二,70.7,51.9,33.8,16.6,18.8,18.1,17.2,16.6
美浦,20260707,火,5:05,ビレッジルイーザ,,牝,3,0,伊藤圭三,67.2,49.5,32.0,16.2,17.7,17.5,15.8,16.2
美浦,20260707,火,5:05,ビーンスターク,,セ,5,0,粕谷昌央,65.8,47.9,32.2,16.5,17.9,15.7,15.7,16.5
美浦,20260707,火,5:05,ピュアレスト,,牝,2,未出走,武井亮,62.1,45.7,30.1,15.1,16.4,15.6,15.0,15.1
美浦,20260707,火,5:05,マイネルリーヒム,,牡,3,0,武市康男,66.8,48.7,31.6,15.9,18.1,17.1,15.7,15.9
美浦,20260707,火,5:05,ミスバレンシア,,牝,3,400,武井亮,64.3,47.8,32.0,16.8,16.5,15.8,15.2,16.8
美浦,20260707,火,5:05,ユメシルベ,,牝,3,400,粕谷昌央,65.3,47.3,31.2,16.0,18.0,16.1,15.2,16.0
美浦,20260707,火,5:05,ローンウルフ,,牡,5,0,武市康男,65.3,48.3,32.0,15.4,17.0,16.3,16.6,15.4
美浦,20260707,火,5:06,アンプイットアップ,,牡,3,400,岩戸孝樹,68.6,49.6,32.6,16.3,19.0,17.0,16.3,16.3
美浦,20260707,火,5:06,エコロゼット,,牡,3,0,岩戸孝樹,68.4,49.6,33.0,16.2,18.8,16.6,16.8,16.2
美浦,20260707,火,5:06,エコロレイズ,,牡,5,1500,岩戸孝樹,68.4,50.0,33.1,16.2,18.4,16.9,16.9,16.2
美浦,20260707,火,5:06,エートレイン,,牡,2,未出走,岩戸孝樹,68.4,49.2,32.0,16.1,19.2,17.2,15.9,16.1
美浦,20260707,火,5:06,コンアフェット,,牝,4,900,斎藤誠,64.6,48.0,31.6,15.6,16.6,16.4,16.0,15.6
美浦,20260707,火,5:06,サトノフェンサー,,牡,3,400,高柳瑞樹,68.3,50.2,32.7,16.1,18.1,17.5,16.6,16.1
美浦,20260707,火,5:06,サリーアン,,牡,3,0,鈴木伸尋,64.9,47.4,30.9,15.4,17.5,16.5,15.5,15.4
美浦,20260707,火,5:06,サリードゥ,,牝,2,0,鈴木伸尋,68.3,50.3,32.9,16.1,18.0,17.4,16.8,16.1
美浦,20260707,火,5:06,スティルシャイニン,,牡,4,0,天間昭一,67.0,49.8,33.0,16.4,17.2,16.8,16.6,16.4
美浦,20260707,火,5:06,ステラデルークス,,牡,3,400,鈴木伸尋,63.0,46.4,30.3,15.1,16.6,16.1,15.2,15.1
美浦,20260707,火,5:06,セレスタイト,,牡,2,未出走,岩戸孝樹,67.5,49.0,31.7,15.9,18.5,17.3,15.8,15.9
美浦,20260707,火,5:06,タケルムサシ,,牡,3,400,斎藤誠,65.0,48.1,32.0,15.8,16.9,16.1,16.2,15.8
美浦,20260707,火,5:06,ノベンバーベイズ,,牝,3,0,岩戸孝樹,66.4,48.1,30.7,15.4,18.3,17.4,15.3,15.4
美浦,20260707,火,5:06,ブルータス,,牡,4,1500,高柳瑞樹,66.0,48.8,32.3,15.9,17.2,16.5,16.4,15.9
美浦,20260707,火,5:06,ホープエトワール,,牡,4,700,天間昭一,74.8,54.7,36.0,17.7,20.1,18.7,18.3,17.7
美浦,20260707,火,5:06,マイネルモメンタム,,牡,5,400,相沢郁,65.4,47.8,30.9,15.4,17.6,16.9,15.5,15.4
美浦,20260707,火,5:06,ラフエルガ,,牝,2,未出走,鈴木伸尋,69.5,50.9,32.9,15.9,18.6,18.0,17.0,15.9
美浦,20260707,火,5:07,,,,,,,68.5,50.1,32.2,15.7,18.4,17.9,16.5,15.7
美浦,20260707,火,5:07,エレクトス,,牡,2,未出走,池上昌和,66.3,49.1,32.5,16.3,17.2,16.6,16.2,16.3
美浦,20260707,火,5:07,エースオブゴールド,,牡,3,0,堀内岳志,65.3,46.7,29.9,14.3,18.6,16.8,15.6,14.3
美浦,20260707,火,5:07,コスモゼーリエ,,牝,3,0,武藤善則,64.5,46.8,30.6,15.2,17.7,16.2,15.4,15.2
美浦,20260707,火,5:07,ゴールデンオスカー,,牡,5,1600,堀内岳志,65.4,46.8,29.7,14.3,18.6,17.1,15.4,14.3
美浦,20260707,火,5:07,ジュングロワール,,牡,3,未出走,堀内岳志,69.4,50.7,32.9,16.2,18.7,17.8,16.7,16.2
美浦,20260707,火,5:07,ステイアンビシャス,,牡,4,0,堀内岳志,66.8,48.2,31.2,15.4,18.6,17.0,15.8,15.4
美浦,20260707,火,5:07,ドナビッグベン,,牝,2,0,秋本大介,66.5,48.8,31.2,15.3,17.7,17.6,15.9,15.3
美浦,20260707,火,5:07,ヌンエリン,,牝,2,未出走,秋本大介,69.7,51.4,33.3,16.0,18.3,18.1,17.3,16.0
美浦,20260707,火,5:07,ノーブルクロンヌ,,牝,3,0,高柳瑞樹,66.0,49.4,32.4,16.4,16.6,17.0,16.0,16.4
美浦,20260707,火,5:07,プレシャスローズ,,牝,2,未出走,池上昌和,66.9,49.6,32.5,15.9,17.3,17.1,16.6,15.9
美浦,20260707,火,5:07,ラヴィングリー,,牝,3,0,池上昌和,66.0,48.2,31.6,16.3,17.8,16.6,15.3,16.3
美浦,20260707,火,5:07,ルシアージュ,,牝,3,0,高柳瑞樹,67.0,50.1,32.7,16.4,16.9,17.4,16.3,16.4
美浦,20260707,火,5:07,レディリリス,,牝,3,0,高柳瑞樹,66.4,48.8,31.6,15.8,17.6,17.2,15.8,15.8
美浦,20260707,火,5:08,アッシズオブローズ,,牝,3,0,尾関知人,67.2,50.0,33.4,16.1,17.2,16.6,17.3,16.1
美浦,20260707,火,5:08,アドバンスアゲイン,,牝,2,未出走,武藤善則,67.1,49.1,32.5,15.5,18.0,16.6,17.0,15.5
美浦,20260707,火,5:08,アリアファブラ,,牝,3,0,尾関知人,66.8,49.7,32.4,16.1,17.1,17.3,16.3,16.1
美浦,20260707,火,5:08,エッジランナー,,牡,3,0,戸田博文,65.4,48.2,31.9,16.2,17.2,16.3,15.7,16.2
美浦,20260707,火,5:08,カフェブーケット,,牡,4,400,柄崎将寿,66.1,47.3,31.0,15.3,18.8,16.3,15.7,15.3
美浦,20260707,火,5:08,カーマインジュエル,,牝,3,0,尾関知人,66.9,49.7,33.0,15.9,17.2,16.7,17.1,15.9
美浦,20260707,火,5:08,コスモフラムオット,,牡,2,未出走,武藤善則,68.5,50.2,32.6,15.9,18.3,17.6,16.7,15.9
美浦,20260707,火,5:08,ストラニエーロ,,牝,4,400,尾関知人,67.1,49.6,32.7,16.2,17.5,16.9,16.5,16.2
美浦,20260707,火,5:08,ダイユウファリーナ,,牡,5,280,松永康利,69.0,50.5,33.1,16.5,18.5,17.4,16.6,16.5
美浦,20260707,火,5:08,パルセノスミハ,,牝,2,未出走,菊川正達,66.8,49.4,32.6,15.9,17.4,16.8,16.7,15.9
美浦,20260707,火,5:08,フォンドルレール,,牡,3,0,戸田博文,70.0,51.7,34.3,17.5,18.3,17.4,16.8,17.5
美浦,20260707,火,5:08,ブライスフェアリー,,牝,3,0,堀内岳志,72.0,53.4,33.4,16.2,18.6,20.0,17.2,16.2
美浦,20260707,火,5:08,プリティーミズホ,,牝,3,400,菊川正達,67.8,50.0,32.7,16.3,17.8,17.3,16.4,16.3
美浦,20260707,火,5:08,ベルヴィヴァン,,牝,4,0,西村真幸,67.4,49.1,32.3,16.4,18.3,16.8,15.9,16.4
美浦,20260707,火,5:08,マイネルオラクル,,牡,3,0,尾関知人,74.1,54.5,35.8,18.0,19.6,18.7,17.8,18.0
美浦,20260707,火,5:08,マッドヘッドラブ,,牝,3,0,戸田博文,66.5,48.4,31.5,15.6,18.1,16.9,15.9,15.6
美浦,20260707,火,5:08,ユニバーサルラヴ,,牝,3,0,尾関知人,67.4,49.6,32.5,16.0,17.8,17.1,16.5,16.0
美浦,20260707,火,5:08,ルールオーヴァー,,牡,3,0,尾関知人,66.7,49.4,33.1,15.9,17.3,16.3,17.2,15.9
美浦,20260707,火,5:09,ウインハルモニア,,牝,4,940,柄崎将寿,67.1,49.0,31.9,15.4,18.1,17.1,16.5,15.4
美浦,20260707,火,5:09,エピックジャーニー,,牡,2,未出走,浅利英明,67.4,49.3,31.9,15.6,18.1,17.4,16.3,15.6
美浦,20260707,火,5:09,サトノフルーク,,牡,2,未出走,堀宣行,66.0,48.5,31.8,16.2,17.5,16.7,15.6,16.2
美浦,20260707,火,5:09,ソアサージュ,,牝,3,0,浅利英明,67.8,49.3,31.6,15.5,18.5,17.7,16.1,15.5
美浦,20260707,火,5:09,ダノンアドラー,,牡,2,未出走,堀宣行,71.0,52.3,34.1,17.0,18.7,18.2,17.1,17.0
美浦,20260707,火,5:09,ダノンオンザビート,,牡,3,0,堀宣行,67.9,50.9,33.6,17.0,17.0,17.3,16.6,17.0
美浦,20260707,火,5:09,チザルピーノ,,セ,5,900,堀宣行,68.1,51.6,34.4,17.4,16.5,17.2,17.0,17.4
美浦,20260707,火,5:09,トゥモローズウェイ,,牝,3,0,小手川準,65.4,48.1,31.8,15.9,17.3,16.3,15.9,15.9
美浦,20260707,火,5:09,トゥントゥントゥン,,牡,3,0,手塚貴久,69.0,51.6,33.7,17.2,17.4,17.9,16.5,17.2
美浦,20260707,火,5:09,ドゥレイクパセージ,,牡,5,900,堀宣行,65.9,48.6,31.6,15.5,17.3,17.0,16.1,15.5
美浦,20260707,火,5:09,ノワドゥココ,,牝,2,未出走,堀宣行,69.6,51.9,34.4,17.0,17.7,17.5,17.4,17.0
美浦,20260707,火,5:09,フォルラニーニ,,牡,5,1500,手塚貴久,67.7,50.1,33.0,16.4,17.6,17.1,16.6,16.4
美浦,20260707,火,5:09,フォーワンセルフ,,牡,7,900,小手川準,65.8,48.3,31.8,15.7,17.5,16.5,16.1,15.7
美浦,20260707,火,5:09,ブーケフォーミー,,牝,2,未出走,柄崎将寿,68.3,49.7,32.6,15.8,18.6,17.1,16.8,15.8
美浦,20260707,火,5:09,ヘイジュード,,牡,3,0,堀宣行,65.9,48.6,31.8,15.9,17.3,16.8,15.9,15.9
美浦,20260707,火,5:09,ベアエクスプレス,,牝,3,0,柄崎将寿,68.3,49.9,33.3,16.5,18.4,16.6,16.8,16.5
美浦,20260707,火,5:09,ホウキボシ,,セ,6,900,堀宣行,68.3,51.5,33.8,17.1,16.8,17.7,16.7,17.1
美浦,20260707,火,5:09,モントーヤ,,牡,3,0,浅利英明,68.2,51.0,33.4,16.6,17.2,17.6,16.8,16.6
美浦,20260707,火,5:09,ラヴィサンエール,,牝,2,未出走,小手川準,65.1,47.7,31.2,15.6,17.4,16.5,15.6,15.6
美浦,20260707,火,5:09,ローグアン,,牡,2,未出走,浅利英明,67.2,49.7,32.9,16.2,17.5,16.8,16.7,16.2
美浦,20260707,火,5:10,アイスブレイカー,,牡,5,80,伊藤伸一,69.1,50.6,32.8,16.2,18.5,17.8,16.6,16.2
美浦,20260707,火,5:10,ウインドオブヘヴン,,牡,3,0,戸田博文,70.6,52.4,34.4,17.6,18.2,18.0,16.8,17.6
美浦,20260707,火,5:10,ウインロゼライト,,牝,4,80,矢嶋大樹,68.5,50.0,32.6,16.1,18.5,17.4,16.5,16.1
美浦,20260707,火,5:10,カシマライフウ,,牡,3,0,伊藤伸一,70.2,51.4,33.5,16.7,18.8,17.9,16.8,16.7
美浦,20260707,火,5:10,コスモデュアリズム,,牡,2,未出走,伊藤伸一,70.3,52.0,34.2,17.3,18.3,17.8,16.9,17.3
美浦,20260707,火,5:10,コスモナエマ,,牝,3,400,手塚貴久,67.7,49.4,32.4,16.3,18.3,17.0,16.1,16.3
美浦,20260707,火,5:10,コパノエビータ,,牝,5,900,手塚貴久,68.3,49.9,32.8,16.7,18.4,17.1,16.1,16.7
美浦,20260707,火,5:10,サルワールカミーズ,,牝,3,400,矢嶋大樹,71.3,50.8,32.6,16.1,20.5,18.2,16.5,16.1
美浦,20260707,火,5:10,ショーマンフリート,,牡,5,1500,手塚貴久,68.4,50.3,33.1,16.5,18.1,17.2,16.6,16.5
美浦,20260707,火,5:10,シーサンタナ,,セ,3,0,手塚貴久,67.5,49.7,32.4,15.9,17.8,17.3,16.5,15.9
美浦,20260707,火,5:10,ジーティーヒラリ,,牝,3,0,加藤和宏,63.2,45.2,30.0,15.4,18.0,15.2,14.6,15.4
美浦,20260707,火,5:10,ペイシャオーヴァル,,牡,3,未出走,伊藤伸一,69.4,51.7,34.1,16.8,17.7,17.6,17.3,16.8
美浦,20260707,火,5:10,レイヤードホワイト,,牝,2,未出走,手塚貴久,66.6,49.0,32.6,16.0,17.6,16.4,16.6,16.0
美浦,20260707,火,5:10,ヴォンヌヴォー,,牝,6,400,天間昭一,65.8,48.4,30.7,14.9,17.4,17.7,15.8,14.9
美浦,20260707,火,5:11,イセッセイ,,牝,3,0,伊藤伸一,73.3,53.4,35.2,17.7,19.9,18.2,17.5,17.7
美浦,20260707,火,5:11,ウインドワンピース,,牡,6,400,新開幸一,68.8,48.3,30.6,15.1,20.5,17.7,15.5,15.1
美浦,20260707,火,5:11,カラマティアノス,,牡,4,5200,奥村武,60.8,44.7,29.3,14.6,16.1,15.4,14.7,14.6
美浦,20260707,火,5:11,ガビーズシスター,,牝,5,4300,森一誠,65.9,47.7,30.6,14.9,18.2,17.1,15.7,14.9
美浦,20260707,火,5:11,クリノゴッホ,,セ,6,400,新開幸一,69.8,50.1,31.8,16.0,19.7,18.3,15.8,16.0
美浦,20260707,火,5:11,サクラボーベル,,牝,3,0,森一誠,66.8,49.0,31.6,15.1,17.8,17.4,16.5,15.1
美浦,20260707,火,5:11,ショコラキュイ,,牡,3,400,森一誠,65.2,47.3,30.5,15.1,17.9,16.8,15.4,15.1
美浦,20260707,火,5:11,ジーティージェミル,,牝,3,0,伊藤伸一,71.8,53.3,35.1,17.5,18.5,18.2,17.6,17.5
美浦,20260707,火,5:11,ダイユウサルターレ,,牡,3,0,松永康利,64.0,46.9,31.1,15.9,17.1,15.8,15.2,15.9
美浦,20260707,火,5:11,デリシュー,,牡,5,180,新開幸一,72.4,50.6,30.9,14.6,21.8,19.7,16.3,14.6
美浦,20260707,火,5:11,トムキャット,,牝,2,未出走,伊藤伸一,71.5,53.0,34.7,17.4,18.5,18.3,17.3,17.4
美浦,20260707,火,5:11,トランセンコ,,牝,3,0,松永康利,64.5,46.9,30.6,14.9,17.6,16.3,15.7,14.9
美浦,20260707,火,5:11,トリエンナーレ,,牝,3,0,森一誠,65.6,47.3,30.6,14.9,18.3,16.7,15.7,14.9
美浦,20260707,火,5:11,ハーツコンチェルト,,牡,6,1500,武井亮,59.6,44.2,29.1,14.7,15.4,15.1,14.4,14.7
美浦,20260707,火,5:11,フォワードシャッセ,,牝,3,0,奥村武,62.9,45.7,29.9,15.1,17.2,15.8,14.8,15.1
美浦,20260707,火,5:11,ホウオウプレシャス,,牡,6,260,天間昭一,75.0,55.0,36.1,17.9,20.0,18.9,18.2,17.9
美浦,20260707,火,5:11,ホウオウプレミア,,牡,7,900,奥村武,63.1,46.2,30.1,14.8,16.9,16.1,15.3,14.8
美浦,20260707,火,5:11,ムーングレイル,,セ,3,0,森一誠,66.1,48.0,31.1,14.8,18.1,16.9,16.3,14.8
美浦,20260707,火,5:11,ロジキセキ,,牡,3,0,新開幸一,69.2,49.7,31.7,15.7,19.5,18.0,16.0,15.7
美浦,20260707,火,5:12,アイアンナックル,,牡,3,400,尾形和幸,64.8,47.7,31.8,16.1,17.1,15.9,15.7,16.1
美浦,20260707,火,5:12,グランシュレーム,,牝,2,未出走,高木登,70.8,52.7,34.9,17.8,18.1,17.8,17.1,17.8
美浦,20260707,火,5:12,コイオステソーロ,,牡,3,400,高木登,70.8,53.7,35.8,18.4,17.1,17.9,17.4,18.4
美浦,20260707,火,5:12,スタレネルヴェント,,牝,2,未出走,高木登,70.3,52.5,34.5,17.6,17.8,18.0,16.9,17.6
美浦,20260707,火,5:12,トウシンライオット,,牡,3,0,尾形和幸,65.0,47.9,32.0,16.0,17.1,15.9,16.0,16.0
美浦,20260707,火,5:12,ノリマル,,牡,3,400,尾形和幸,64.7,48.1,32.0,15.6,16.6,16.1,16.4,15.6
美浦,20260707,火,5:12,フェアリースノー,,牝,2,未出走,尾形和幸,66.9,49.9,33.0,16.4,17.0,16.9,16.6,16.4
美浦,20260707,火,5:12,ホノボノ,,牡,3,400,尾形和幸,65.6,48.7,32.5,16.2,16.9,16.2,16.3,16.2
美浦,20260707,火,5:12,マイネルモーント,,牡,6,3250,高木登,70.8,52.7,34.9,17.3,18.1,17.8,17.6,17.3
美浦,20260707,火,5:12,ユキマル,,牡,6,2190,尾形和幸,66.2,49.1,32.7,16.6,17.1,16.4,16.1,16.6
美浦,20260707,火,5:12,ライヴバーボン,,牝,2,未出走,尾形和幸,65.6,48.7,32.1,16.1,16.9,16.6,16.0,16.1
美浦,20260707,火,5:12,ラヴァレード,,牡,2,未出走,高木登,70.1,52.4,34.7,17.6,17.7,17.7,17.1,17.6
美浦,20260707,火,5:12,ロジケープ,,牡,3,1500,尾形和幸,66.2,49.0,32.4,16.2,17.2,16.6,16.2,16.2
美浦,20260707,火,5:12,ヴァルツァーシャル,,牡,7,6300,高木登,70.1,52.2,34.8,17.3,17.9,17.4,17.5,17.3
美浦,20260707,火,5:13,,,,,,,69.8,51.3,32.9,15.9,18.5,18.4,17.0,15.9
美浦,20260707,火,5:13,ウィッシュリスト,,牝,3,0,松尾卓哉,65.6,47.5,31.2,15.8,18.1,16.3,15.4,15.8
美浦,20260707,火,5:13,ウェスケンジントン,,牡,3,0,小野次郎,66.5,48.3,31.6,15.3,18.2,16.7,16.3,15.3
美浦,20260707,火,5:13,エスコバル,,セ,8,1500,高橋文雅,71.2,52.0,33.4,16.2,19.2,18.6,17.2,16.2
美浦,20260707,火,5:13,カピリナ,,牝,5,5850,田島俊明,66.6,48.2,31.0,15.1,18.4,17.2,15.9,15.1
美浦,20260707,火,5:13,グラスフェザー,,牡,3,0,田島俊明,69.4,51.2,33.4,16.8,18.2,17.8,16.6,16.8
美浦,20260707,火,5:13,シャインネージュ,,牝,3,0,小野次郎,66.4,48.3,31.8,15.7,18.1,16.5,16.1,15.7
美浦,20260707,火,5:13,スマートフランキー,,牡,4,120,高橋文雅,72.9,53.2,34.5,17.1,19.7,18.7,17.4,17.1
美浦,20260707,火,5:13,ベルイストワール,,牝,5,900,松尾卓哉,63.8,46.5,30.3,14.8,17.3,16.2,15.5,14.8
美浦,20260707,火,5:13,ホウオウヘッセン,,牡,3,400,田島俊明,69.4,50.8,33.4,16.7,18.6,17.4,16.7,16.7
美浦,20260707,火,5:13,マリノマーベラス,,牝,3,0,田島俊明,69.7,51.2,33.7,16.4,18.5,17.5,17.3,16.4
美浦,20260707,火,5:14,アデルフィー,,牡,3,0,金成貴史,66.3,48.7,31.6,15.6,17.6,17.1,16.0,15.6
美浦,20260707,火,5:14,アレックスケー,,牡,2,未出走,小野次郎,67.5,48.9,31.3,15.1,18.6,17.6,16.2,15.1
美浦,20260707,火,5:14,アロンズロッド,,牡,4,900,宮田敬介,63.1,46.0,30.0,14.8,17.1,16.0,15.2,14.8
美浦,20260707,火,5:14,オウケンボルト,,牡,7,900,松永康利,66.9,47.8,30.0,14.1,19.1,17.8,15.9,14.1
美浦,20260707,火,5:14,クイーンズワーフ,,牝,5,400,青木孝文,65.7,47.8,31.9,16.2,17.9,15.9,15.7,16.2
美浦,20260707,火,5:14,ジェットブレード,,牡,4,900,青木孝文,66.3,49.0,31.7,15.7,17.3,17.3,16.0,15.7
美浦,20260707,火,5:14,ジャスピライト,,牡,2,未出走,小笠倫弘,66.1,48.5,31.3,15.2,17.6,17.2,16.1,15.2
美浦,20260707,火,5:14,スルーザゴールド,,牡,3,未出走,青木孝文,65.7,48.4,31.5,15.7,17.3,16.9,15.8,15.7
美浦,20260707,火,5:14,トモジャシャトー,,牡,5,400,小笠倫弘,66.0,48.4,31.5,15.3,17.6,16.9,16.2,15.3
美浦,20260707,火,5:14,トーセンブリラーレ,,牡,3,400,小笠倫弘,65.4,47.5,31.2,15.4,17.9,16.3,15.8,15.4
美浦,20260707,火,5:14,ネオマイスター,,牡,2,未出走,小野次郎,68.7,50.0,32.5,16.2,18.7,17.5,16.3,16.2
美浦,20260707,火,5:14,ブランフォルテ,,牡,4,0,辻哲英,118.5,88.0,58.0,28.8,30.5,30.0,29.2,28.8
美浦,20260707,火,5:14,ポッドロルフ,,牡,4,400,小野次郎,67.7,49.2,32.2,16.2,18.5,17.0,16.0,16.2
美浦,20260707,火,5:14,ポッドロワール,,牡,4,1500,畠山吉宏,62.3,45.9,30.3,15.2,16.4,15.6,15.1,15.2
美浦,20260707,火,5:14,マイネルリコルディ,,牡,2,0,青木孝文,64.8,47.9,31.5,15.8,16.9,16.4,15.7,15.8
美浦,20260707,火,5:14,マサノピンクレディ,,牝,3,400,小笠倫弘,70.2,51.6,34.0,17.0,18.6,17.6,17.0,17.0
美浦,20260707,火,5:14,ワレモコウ,,牝,2,未出走,小笠倫弘,65.4,47.3,30.9,15.1,18.1,16.4,15.8,15.1
美浦,20260707,火,5:14,ヴィンチェローズ,,牡,2,未出走,青木孝文,66.2,49.0,31.7,15.7,17.2,17.3,16.0,15.7
美浦,20260707,火,5:15,エクスマキナ,,牝,2,未出走,手塚貴徳,67.6,50.4,32.7,16.2,17.2,17.7,16.5,16.2
美浦,20260707,火,5:15,オンザライン,,セ,8,1500,大和田成,63.3,46.6,30.4,14.9,16.7,16.2,15.5,14.9
美浦,20260707,火,5:15,グラニット,,牡,6,1600,大和田成,64.1,47.3,31.4,15.2,16.8,15.9,16.2,15.2
美浦,20260707,火,5:15,グロッシェン,,牡,5,1500,手塚貴徳,69.5,50.7,33.4,16.7,18.8,17.3,16.7,16.7
美浦,20260707,火,5:15,ジュネストレイル,,牡,2,0,手塚貴徳,62.6,45.4,29.2,14.2,17.2,16.2,15.0,14.2
美浦,20260707,火,5:15,デフィレドール,,牝,2,未出走,宮田敬介,68.0,48.9,31.4,15.2,19.1,17.5,16.2,15.2
美浦,20260707,火,5:15,バトルモクオ,,牡,3,0,戸田博文,67.8,49.6,33.1,16.8,18.2,16.5,16.3,16.8
美浦,20260707,火,5:15,プレママドンナ,,牝,2,未出走,手塚貴徳,68.5,50.8,33.3,16.7,17.7,17.5,16.6,16.7
美浦,20260707,火,5:15,ヤマニンガラッシア,,牡,9,560,辻哲英,129.2,93.9,60.5,28.3,35.3,33.4,32.2,28.3
美浦,20260707,火,5:15,レッドエモーション,,牡,2,未出走,宮田敬介,67.1,49.0,32.0,15.7,18.1,17.0,16.3,15.7
美浦,20260707,火,5:16,,,,,,,68.3,50.1,33.2,16.5,18.2,16.9,16.7,16.5
美浦,20260707,火,5:16,,,,,,,69.0,49.9,32.1,15.6,19.1,17.8,16.5,15.6
美浦,20260707,火,5:16,アイアムアッパレ,,牡,3,0,奥平雅士,81.4,60.9,40.9,20.5,20.5,20.0,20.4,20.5
美浦,20260707,火,5:16,アテナブレイブ,,牝,2,0,手塚貴徳,66.3,48.4,32.2,16.0,17.9,16.2,16.2,16.0
美浦,20260707,火,5:16,アルプスオジョー,,牝,5,400,手塚貴徳,65.5,48.1,31.3,15.5,17.4,16.8,15.8,15.5
美浦,20260707,火,5:16,エーアイクワイ,,牡,2,0,相沢郁,63.8,46.5,30.4,15.6,17.3,16.1,14.8,15.6
美浦,20260707,火,5:16,カーヴドヴァン,,牝,3,0,大和田成,66.1,47.8,31.1,15.5,18.3,16.7,15.6,15.5
美浦,20260707,火,5:16,サクセスボーイ,,牡,2,未出走,相沢郁,64.6,47.0,30.9,15.6,17.6,16.1,15.3,15.6
美浦,20260707,火,5:16,シルクドマルス,,牝,2,未出走,松尾卓哉,65.4,47.6,31.3,15.5,17.8,16.3,15.8,15.5
美浦,20260707,火,5:16,ジェイエルキャリア,,牡,3,400,松尾卓哉,67.5,50.2,32.9,16.2,17.3,17.3,16.7,16.2
美浦,20260707,火,5:16,スイートアリッサム,,牝,2,未出走,大和田成,67.1,49.0,32.1,16.4,18.1,16.9,15.7,16.4
美浦,20260707,火,5:16,スワローシチー,,牡,4,400,相沢郁,63.5,46.5,30.6,15.4,17.0,15.9,15.2,15.4
美浦,20260707,火,5:16,セントリアン,,牝,3,0,萱野浩二,67.9,49.8,32.9,16.7,18.1,16.9,16.2,16.7
美浦,20260707,火,5:16,ベールダウン,,牝,2,未出走,松尾卓哉,65.5,48.1,31.8,15.9,17.4,16.3,15.9,15.9
美浦,20260707,火,5:16,マフィン,,牝,5,900,大和田成,69.4,50.3,32.6,15.6,19.1,17.7,17.0,15.6
美浦,20260707,火,5:16,ムーチョピカンテ,,牡,2,未出走,奥平雅士,65.3,48.2,32.1,16.7,17.1,16.1,15.4,16.7
美浦,20260707,火,5:17,,,,,,,65.2,47.8,31.7,15.8,17.4,16.1,15.9,15.8
美浦,20260707,火,5:17,アピーリングルック,,牝,5,5300,辻哲英,70.1,50.9,32.7,15.9,19.2,18.2,16.8,15.9
美浦,20260707,火,5:17,スウィフトミモザ,,牝,3,400,辻哲英,70.6,50.9,32.9,16.0,19.7,18.0,16.9,16.0
美浦,20260707,火,5:17,ダカラフェスティヴ,,牝,4,1500,奥平雅士,65.1,47.9,31.3,15.7,17.2,16.6,15.6,15.7
美浦,20260707,火,5:17,ヌビアン,,牡,3,0,清水英克,68.4,51.0,33.7,16.9,17.4,17.3,16.8,16.9
美浦,20260707,火,5:17,パチクリベスクリ,,牡,3,0,清水英克,65.3,48.5,32.5,16.3,16.8,16.0,16.2,16.3
美浦,20260707,火,5:17,パッセージピーク,,牡,3,400,中舘英二,68.1,49.7,32.4,16.3,18.4,17.3,16.1,16.3
美浦,20260707,火,5:17,ミナヅキ,,牡,3,0,清水英克,66.5,49.0,32.7,16.6,17.5,16.3,16.1,16.6
美浦,20260707,火,5:17,メイリー,,牝,4,400,鈴木慎太,64.7,47.4,31.2,15.9,17.3,16.2,15.3,15.9
美浦,20260707,火,5:17,ランランリンリン,,牝,3,0,辻哲英,68.7,51.0,33.1,16.1,17.7,17.9,17.0,16.1
美浦,20260707,火,5:19,アイファーリーベン,,牝,7,110,的場均,68.3,50.0,33.0,16.9,18.3,17.0,16.1,16.9
美浦,20260707,火,5:19,カンフーヒーロー,,牡,3,0,的場均,68.7,51.1,33.4,16.3,17.6,17.7,17.1,16.3
美浦,20260707,火,5:19,クリアクォーツ,,牡,4,0,的場均,66.5,49.0,32.7,16.6,17.5,16.3,16.1,16.6
美浦,20260707,火,5:19,テングカゼ,,牡,2,未出走,的場均,67.5,50.3,33.6,16.5,17.2,16.7,17.1,16.5
美浦,20260707,火,5:19,パーフェクトスノー,,牝,3,0,中舘英二,69.6,51.3,33.4,16.4,18.3,17.9,17.0,16.4
美浦,20260707,火,5:19,ヴォーチェカノーラ,,牡,2,未出走,中舘英二,67.6,49.6,32.5,15.9,18.0,17.1,16.6,15.9
美浦,20260707,火,5:20,アルティソナンテ,,牝,3,0,大竹正博,65.3,48.5,31.6,15.9,16.8,16.9,15.7,15.9
美浦,20260707,火,5:20,ウッケン,,牝,3,0,松山将樹,70.5,51.3,33.2,16.0,19.2,18.1,17.2,16.0
美浦,20260707,火,5:20,ニシノコマチムスメ,,牝,5,400,松山将樹,70.6,51.3,33.0,15.8,19.3,18.3,17.2,15.8
美浦,20260707,火,5:20,ノアチュロス,,牝,4,250,中舘英二,69.6,52.4,34.4,17.3,17.2,18.0,17.1,17.3
美浦,20260707,火,5:20,フジサン,,牝,3,0,大竹正博,66.7,49.3,32.3,15.7,17.4,17.0,16.6,15.7
美浦,20260707,火,5:20,レアリゼソンレーヴ,,牡,3,0,大竹正博,66.0,48.6,31.7,15.9,17.4,16.9,15.8,15.9
美浦,20260707,火,5:21,オーパパ,,牡,3,0,斎藤誠,63.1,46.7,30.6,15.2,16.4,16.1,15.4,15.2
美浦,20260707,火,5:21,コンアフェット,,牝,4,900,斎藤誠,64.6,48.1,32.6,16.5,16.5,15.5,16.1,16.5
美浦,20260707,火,5:21,ジーネキング,,牡,3,1000,斎藤誠,63.2,46.7,30.9,15.3,16.5,15.8,15.6,15.3
美浦,20260707,火,5:21,タケルムサシ,,牡,3,400,斎藤誠,63.5,47.0,31.4,15.5,16.5,15.6,15.9,15.5
美浦,20260707,火,5:21,ニシノイサリビ,,牡,2,未出走,斎藤誠,67.6,50.0,32.7,16.2,17.6,17.3,16.5,16.2
美浦,20260707,火,5:21,ノドゥス,,牡,2,0,斎藤誠,68.3,50.5,33.2,16.0,17.8,17.3,17.2,16.0
美浦,20260707,火,5:21,ピウモッソ,,牝,2,未出走,斎藤誠,69.3,50.8,33.6,16.5,18.5,17.2,17.1,16.5
美浦,20260707,火,5:21,フィーユレアル,,牝,3,0,斎藤誠,64.8,48.3,31.9,15.4,16.5,16.4,16.5,15.4
美浦,20260707,火,5:21,ラエトゥス,,牝,3,400,斎藤誠,54.5,39.9,26.9,14.2,14.6,13.0,12.7,14.2
美浦,20260707,火,5:22,クロノスフィア,,牝,2,未出走,黒岩陽一,61.4,44.7,29.3,14.6,16.7,15.4,14.7,14.6
美浦,20260707,火,5:22,グランプラネッタ,,セ,4,0,小島茂之,67.5,50.1,32.8,16.4,17.4,17.3,16.4,16.4
美浦,20260707,火,5:22,ケイアイギルス,,セ,3,0,小島茂之,60.5,46.0,31.2,15.9,14.5,14.8,15.3,15.9
美浦,20260707,火,5:22,ジョブックボー,,牝,3,0,黒岩陽一,61.6,44.8,29.5,14.7,16.8,15.3,14.8,14.7
美浦,20260707,火,5:22,トーアトリニダー,,牡,2,未出走,小島茂之,67.9,50.1,32.8,16.4,17.8,17.3,16.4,16.4
美浦,20260707,火,5:22,ノブピースオブラブ,,セ,3,0,小島茂之,61.3,45.8,30.8,15.8,15.5,15.0,15.0,15.8
美浦,20260707,火,5:23,ダノンロッキー,,牡,5,0,大竹正博,62.4,46.2,30.4,15.3,16.2,15.8,15.1,15.3
美浦,20260707,火,5:23,ルーラーリッチ,,セ,6,900,小島茂之,63.5,46.8,31.2,15.4,16.7,15.6,15.8,15.4
美浦,20260707,火,5:24,オブラプリーマ,,牝,3,400,上原佑紀,66.1,49.0,31.7,14.6,17.1,17.3,17.1,14.6
美浦,20260707,火,5:24,キャピタルストーン,,牡,2,0,久保田貴,66.8,49.5,32.7,16.2,17.3,16.8,16.5,16.2
美浦,20260707,火,5:24,サトノスプレマシー,,牝,2,未出走,久保田貴,67.3,50.2,32.9,16.7,17.1,17.3,16.2,16.7
美浦,20260707,火,5:24,スノーランス,,牝,3,0,上原佑紀,63.8,47.1,30.9,14.9,16.7,16.2,16.0,14.9
美浦,20260707,火,5:24,ダイユウファリーナ,,牡,5,280,松永康利,61.5,45.8,30.7,15.6,15.7,15.1,15.1,15.6
美浦,20260707,火,5:24,ドナルンバ,,牝,3,400,上原佑紀,64.6,48.0,31.0,15.3,16.6,17.0,15.7,15.3
美浦,20260707,火,5:24,ピコテンダー,,牝,4,900,上原佑紀,64.3,47.7,31.0,15.0,16.6,16.7,16.0,15.0
美浦,20260707,火,5:24,ルージュリリック,,牝,3,400,上原佑紀,65.0,47.9,30.9,15.2,17.1,17.0,15.7,15.2
美浦,20260707,火,5:25,セイウンイーリス,,牝,2,未出走,深山雅史,68.7,50.2,33.2,16.7,18.5,17.0,16.5,16.7
美浦,20260707,火,5:25,フロステリオン,,牡,3,0,萱野浩二,63.4,47.5,31.7,16.0,15.9,15.8,15.7,16.0
美浦,20260707,火,5:26,センカンナガト,,牡,2,未出走,和田雄二,61.7,46.7,31.6,15.9,15.0,15.1,15.7,15.9
美浦,20260707,火,5:26,ハクタカ,,牡,2,未出走,和田雄二,63.3,47.4,31.8,16.3,15.9,15.6,15.5,16.3
美浦,20260707,火,5:26,ハリコミチュウ,,牝,3,未出走,竹内正洋,65.1,47.8,31.5,16.1,17.3,16.3,15.4,16.1
美浦,20260707,火,5:26,ユイチャンファイト,,牝,2,未出走,竹内正洋,67.9,50.2,32.4,15.9,17.7,17.8,16.5,15.9
美浦,20260707,火,5:26,ユニオンジャック,,牡,3,未出走,竹内正洋,66.9,48.2,31.6,15.6,18.7,16.6,16.0,15.6
美浦,20260707,火,5:26,ライジンマル,,セ,5,900,竹内正洋,67.9,50.5,33.9,17.3,17.4,16.6,16.6,17.3
美浦,20260707,火,5:28,デルマキタカミ,,牝,2,未出走,室井潔,66.5,48.6,31.7,15.7,17.9,16.9,16.0,15.7
美浦,20260707,火,5:28,マイネルジェロディ,,牡,8,2400,室井潔,67.6,49.6,32.5,16.2,18.0,17.1,16.3,16.2
美浦,20260707,火,5:28,メディチパワー,,牡,3,400,中川公成,69.2,52.0,34.8,18.0,17.2,17.2,16.8,18.0
美浦,20260707,火,5:28,レレリオーナ,,牝,3,0,室井潔,67.7,49.4,32.8,16.5,18.3,16.6,16.3,16.5
美浦,20260707,火,5:29,,,,,,,68.1,49.4,32.4,16.0,18.7,17.0,16.4,16.0
美浦,20260707,火,5:29,キタノローズ,,牝,3,0,室井潔,67.7,49.4,32.5,16.4,18.3,16.9,16.1,16.4
美浦,20260707,火,5:30,ツキノマバタキ,,牝,3,0,牧光二,63.7,46.9,29.7,14.2,16.8,17.2,15.5,14.2
美浦,20260707,火,5:32,アニエーネ,,牝,2,未出走,和田勇介,65.9,48.3,31.9,16.3,17.6,16.4,15.6,16.3
美浦,20260707,火,5:32,ウィナーズチェック,,牝,2,0,和田勇介,66.7,49.2,33.0,16.2,17.5,16.2,16.8,16.2
美浦,20260707,火,5:32,コパノミラノ,,牡,3,0,上原博之,67.3,49.8,32.8,16.2,17.5,17.0,16.6,16.2
美浦,20260707,火,5:32,コンヴァージョン,,牡,4,170,上原博之,66.6,49.8,33.3,16.4,16.8,16.5,16.9,16.4
美浦,20260707,火,5:32,メイショウミズホ,,牝,3,0,和田勇介,65.7,48.6,32.0,16.2,17.1,16.6,15.8,16.2
美浦,20260707,火,5:33,ウインリスノアール,,牝,2,0,和田正一,67.1,49.2,32.9,16.2,17.9,16.3,16.7,16.2
美浦,20260707,火,5:33,ウンスイ,,牡,2,400,和田正一,66.1,49.5,33.1,16.6,16.6,16.4,16.5,16.6
美浦,20260707,火,5:33,ミスデルマー,,牝,3,0,和田正一,66.2,48.9,33.0,16.4,17.3,15.9,16.6,16.4
美浦,20260707,火,5:33,ロイヤルタイム,,牡,3,0,和田正一,66.7,49.7,33.0,16.4,17.0,16.7,16.6,16.4
美浦,20260707,火,5:34,エコロテラ,,牡,2,未出走,菊沢隆徳,67.4,49.8,32.2,15.8,17.6,17.6,16.4,15.8
美浦,20260707,火,5:34,ジーティーブラック,,牡,3,400,菊沢隆徳,65.7,48.9,31.9,16.0,16.8,17.0,15.9,16.0
美浦,20260707,火,5:34,ダノンゴーイチ,,牡,6,400,菊沢隆徳,68.2,49.4,32.2,15.9,18.8,17.2,16.3,15.9
美浦,20260707,火,5:34,トーセンマスラオ,,牡,2,0,菊沢隆徳,65.3,47.5,30.7,15.0,17.8,16.8,15.7,15.0
美浦,20260707,火,5:35,オレイア,,牝,4,450,加藤和宏,75.0,54.9,35.9,17.2,20.1,19.0,18.7,17.2
美浦,20260707,火,5:36,サンマルオブウォー,,牡,3,未出走,中川公成,64.7,48.9,32.4,16.4,15.8,16.5,16.0,16.4
美浦,20260707,火,5:36,トレンドマーチ,,牡,3,0,萱野浩二,69.1,51.6,34.1,17.2,17.5,17.5,16.9,17.2
美浦,20260707,火,5:37,バトルボーン,,牡,7,3800,林徹,62.2,46.2,30.7,15.0,16.0,15.5,15.7,15.0
美浦,20260707,火,5:37,ラスカンブレス,,セ,5,2400,林徹,68.2,50.1,33.0,16.3,18.1,17.1,16.7,16.3
美浦,20260707,火,5:38,,,,,,,72.1,53.8,35.7,17.5,18.3,18.1,18.2,17.5
美浦,20260707,火,5:38,,,,,,,72.5,54.4,36.3,17.9,18.1,18.1,18.4,17.9
美浦,20260707,火,5:38,イキフン,,牡,2,未出走,平岩大典,67.4,49.5,32.7,16.5,17.9,16.8,16.2,16.5
美浦,20260707,火,5:38,エエヤン,,セ,6,4400,伊藤大士,55.8,38.6,25.1,12.5,17.2,13.5,12.6,12.5
美浦,20260707,火,5:38,クロニクル,,セ,7,1500,平岩大典,65.4,47.9,31.9,15.9,17.5,16.0,16.0,15.9
美浦,20260707,火,5:38,グランオギュール,,牡,2,未出走,林徹,71.2,53.0,34.9,16.7,18.2,18.1,18.2,16.7
美浦,20260707,火,5:38,シークレットイスラ,,牡,5,400,平岩大典,68.9,50.1,32.9,16.8,18.8,17.2,16.1,16.8
美浦,20260707,火,5:38,ゼノスフィア,,牡,2,未出走,林徹,81.7,60.3,39.3,18.5,21.4,21.0,20.8,18.5
美浦,20260707,火,5:39,アップルザビート,,牡,2,未出走,本間忍,66.2,49.3,33.0,16.7,16.9,16.3,16.3,16.7
美浦,20260707,火,5:39,コスモルトチェコ,,牡,2,未出走,石栗龍彦,71.8,53.2,34.7,16.9,18.6,18.5,17.8,16.9
美浦,20260707,火,5:39,テンユメノオーロラ,,牝,2,未出走,平岩大典,68.2,50.1,32.6,16.2,18.1,17.5,16.4,16.2
美浦,20260707,火,5:39,ニシノアナベル,,牝,2,未出走,本間忍,67.4,50.7,33.6,16.5,16.7,17.1,17.1,16.5
美浦,20260707,火,5:39,ノブダブルホワイト,,牡,4,0,松永康利,65.2,47.9,31.4,15.7,17.3,16.5,15.7,15.7
美浦,20260707,火,5:39,ヒーローシー,,牝,2,未出走,石栗龍彦,71.7,52.6,35.2,17.8,19.1,17.4,17.4,17.8
美浦,20260707,火,5:40,,,,,,,64.0,46.6,30.8,15.3,17.4,15.8,15.5,15.3
美浦,20260707,火,5:40,スーパーホース,,セ,4,200,堀内岳志,62.1,45.4,29.8,14.7,16.7,15.6,15.1,14.7
美浦,20260707,火,5:40,プリティディーヴァ,,牝,4,1000,田中博康,63.9,46.8,30.6,15.1,17.1,16.2,15.5,15.1
美浦,20260707,火,5:42,,,,,,,68.5,51.1,34.0,17.1,17.4,17.1,16.9,17.1
美浦,20260707,火,5:42,ホウオウシュウ,,牡,2,未出走,田中博康,58.0,43.1,28.8,14.3,14.9,14.3,14.5,14.3
美浦,20260707,火,5:43,コンフィグシス,,牝,3,0,小笠倫弘,66.0,48.8,31.8,15.7,17.2,17.0,16.1,15.7
美浦,20260707,火,5:43,プラチナムディスク,,牝,3,0,小笠倫弘,66.8,49.4,32.8,16.4,17.4,16.6,16.4,16.4
美浦,20260707,火,5:43,ラーナローザ,,牝,4,900,畠山吉宏,65.1,47.2,30.4,15.3,17.9,16.8,15.1,15.3
美浦,20260707,火,5:44,ウインベルチェーロ,,牝,3,0,手塚貴久,68.4,50.0,32.5,15.8,18.4,17.5,16.7,15.8
美浦,20260707,火,5:44,クールランナー,,牝,2,未出走,青木孝文,65.9,48.5,31.8,15.8,17.4,16.7,16.0,15.8
美浦,20260707,火,5:44,シェーンリヒト,,牡,2,未出走,手塚貴久,68.2,50.4,33.4,16.7,17.8,17.0,16.7,16.7
美浦,20260707,火,5:44,トルタパスカリーナ,,牝,2,未出走,黒岩陽一,60.6,44.1,28.9,14.8,16.5,15.2,14.1,14.8
美浦,20260707,火,5:44,ビリングス,,セ,4,400,手塚貴久,68.5,51.4,34.0,16.7,17.1,17.4,17.3,16.7
美浦,20260707,火,5:44,ベイビーキッス,,牝,4,1500,青木孝文,63.7,47.5,31.6,16.2,16.2,15.9,15.4,16.2
美浦,20260707,火,5:44,ルージュルフラン,,牝,2,未出走,手塚貴久,67.9,50.0,32.9,16.4,17.9,17.1,16.5,16.4
美浦,20260707,火,5:45,エーティータキオン,,牡,6,160,的場均,69.8,50.4,33.2,16.2,19.4,17.2,17.0,16.2
美浦,20260707,火,5:45,デルマテイネ,,牡,3,0,的場均,72.6,53.7,35.9,18.4,18.9,17.8,17.5,18.4
美浦,20260707,火,5:45,ファイアリービート,,牡,3,0,鈴木慎太,65.4,48.2,31.1,15.1,17.2,17.1,16.0,15.1
美浦,20260707,火,5:45,フームスムート,,牡,9,1500,水野貴広,69.3,51.1,33.3,16.7,18.2,17.8,16.6,16.7
美浦,20260707,火,5:45,モリノレッドスター,,牝,5,900,鈴木伸尋,69.9,51.6,34.0,16.7,18.3,17.6,17.3,16.7
美浦,20260707,火,5:46,サトノセレナーデ,,牝,5,180,古賀慎明,79.2,57.2,37.5,18.5,22.0,19.7,19.0,18.5
美浦,20260707,火,5:46,ユイノサダハル,,牡,3,0,古賀慎明,65.7,47.9,31.6,15.7,17.8,16.3,15.9,15.7
美浦,20260707,火,5:46,ラスティレッド,,牝,2,未出走,鈴木慎太,67.4,50.1,33.1,16.1,17.3,17.0,17.0,16.1
美浦,20260707,火,5:46,ロジザボード,,牝,3,0,古賀慎明,78.9,57.2,37.2,18.2,21.7,20.0,19.0,18.2
美浦,20260707,火,5:47,ジーティーフクジ,,牡,2,0,武市康男,68.2,50.9,34.1,17.0,17.3,16.8,17.1,17.0
美浦,20260707,火,5:47,チャンピオンホープ,,牡,3,0,勢司和浩,66.4,49.3,32.5,16.1,17.1,16.8,16.4,16.1
美浦,20260707,火,5:47,ノブステップ,,牡,3,0,田中勝春,62.6,46.1,30.4,15.2,16.5,15.7,15.2,15.2
美浦,20260707,火,5:47,マデイラシトリン,,牝,2,未出走,田中勝春,62.5,46.0,30.4,15.1,16.5,15.6,15.3,15.1
美浦,20260707,火,5:48,アイウィル,,牡,5,1500,高木登,70.8,52.3,34.5,17.2,18.5,17.8,17.3,17.2
美浦,20260707,火,5:48,イケイケルノワール,,セ,3,0,松山将樹,66.7,48.8,31.9,16.0,17.9,16.9,15.9,16.0
美浦,20260707,火,5:48,トゥラッタッタ,,牡,5,0,新開幸一,66.4,49.4,32.9,16.6,17.0,16.5,16.3,16.6
美浦,20260707,火,5:48,ドンエレクトス,,牡,3,1900,高木登,70.4,51.9,34.1,16.9,18.5,17.8,17.2,16.9
美浦,20260707,火,5:48,ニシノブレイゼスト,,牡,4,900,高木登,71.1,52.2,34.2,17.1,18.9,18.0,17.1,17.1
美浦,20260707,火,5:49,ガーネットテソーロ,,牝,3,400,高木登,70.4,51.7,33.6,16.8,18.7,18.1,16.8,16.8
美浦,20260707,火,5:49,サイモンナイスラン,,牡,3,0,勢司和浩,69.3,51.0,33.7,17.1,18.3,17.3,16.6,17.1
美浦,20260707,火,5:49,サムハラ,,牡,3,400,新開幸一,73.8,54.6,35.8,18.0,19.2,18.8,17.8,18.0
美浦,20260707,火,5:49,ハッピーエンジェル,,牝,3,1000,武市康男,67.7,50.1,32.7,16.4,17.6,17.4,16.3,16.4
美浦,20260707,火,5:49,ベルゼビュート,,牡,3,400,高木登,71.6,52.6,34.3,17.0,19.0,18.3,17.3,17.0
美浦,20260707,火,5:50,エメラルファイン,,セ,3,0,勢司和浩,70.2,51.8,34.7,17.6,18.4,17.1,17.1,17.6
美浦,20260707,火,5:50,オーケーマドンナ,,牝,2,0,相沢郁,64.9,47.8,31.4,15.5,17.1,16.4,15.9,15.5
美浦,20260707,火,5:50,チェイサー,,牡,3,0,相沢郁,66.0,48.3,31.2,15.1,17.7,17.1,16.1,15.1
美浦,20260707,火,5:50,ピコシー,,牡,4,900,奥村武,59.7,43.7,28.6,14.2,16.0,15.1,14.4,14.2
美浦,20260707,火,5:50,ブライトエアリー,,牝,3,0,相沢郁,66.2,48.5,31.5,15.7,17.7,17.0,15.8,15.7
美浦,20260707,火,5:51,サンタピア,,牡,3,0,松山将樹,71.0,54.0,36.3,18.4,17.0,17.7,17.9,18.4
美浦,20260707,火,5:51,ルヴァンアレー,,牡,2,未出走,奥村武,68.6,51.4,34.2,17.2,17.2,17.2,17.0,17.2
美浦,20260707,火,5:52,コスモアンソロジー,,牡,4,1500,嘉藤貴行,65.2,48.7,31.8,15.6,16.5,16.9,16.2,15.6
美浦,20260707,火,5:52,ナインオブレター,,牡,4,400,佐藤吉勝,66.4,49.3,32.6,16.4,17.1,16.7,16.2,16.4
美浦,20260707,火,5:52,ラヴレイン,,牝,2,未出走,松山将樹,70.3,51.5,33.7,16.8,18.8,17.8,16.9,16.8
美浦,20260707,火,5:53,キミガハマ,,牝,3,0,嘉藤貴行,64.2,47.9,31.5,15.3,16.3,16.4,16.2,15.3
美浦,20260707,火,5:53,サファイアプレミア,,牝,3,0,池上昌和,66.7,49.6,33.2,17.3,17.1,16.4,15.9,17.3
美浦,20260707,火,5:53,ジェラートキティ,,牝,3,400,嘉藤貴行,62.8,46.4,30.5,15.3,16.4,15.9,15.2,15.3
美浦,20260707,火,5:53,スリーフラワー,,牝,2,未出走,伊藤圭三,66.5,48.1,31.1,15.0,18.4,17.0,16.1,15.0
美浦,20260707,火,5:53,トリスティ,,牝,3,250,伊藤圭三,68.6,50.1,32.7,16.4,18.5,17.4,16.3,16.4
美浦,20260707,火,5:53,プリンセスロッティ,,牝,2,0,伊藤圭三,66.6,48.5,31.6,15.5,18.1,16.9,16.1,15.5
美浦,20260707,火,5:54,ウイニングレイ,,牝,2,未出走,戸田博文,69.6,51.3,33.2,16.9,18.3,18.1,16.3,16.9
美浦,20260707,火,5:54,シルバーゴールド,,牝,3,0,戸田博文,72.4,52.8,34.7,17.3,19.6,18.1,17.4,17.3
美浦,20260707,火,5:54,ジュリ,,牝,3,0,萱野浩二,68.5,51.0,33.9,17.1,17.5,17.1,16.8,17.1
美浦,20260707,火,5:54,ディアファザー,,牡,2,未出走,中川公成,68.6,51.4,34.3,17.1,17.2,17.1,17.2,17.1
美浦,20260707,火,5:55,ブレーザー,,牡,5,3600,伊坂重信,67.3,48.4,31.4,15.8,18.9,17.0,15.6,15.8
美浦,20260707,火,5:56,アルーアウインド,,牡,2,未出走,浅利英明,69.7,51.1,33.4,16.6,18.6,17.7,16.8,16.6
美浦,20260707,火,5:56,キーチジャステン,,牡,3,0,千葉直人,67.0,49.9,32.8,16.2,17.1,17.1,16.6,16.2
美浦,20260707,火,5:56,フランシスガリバー,,牝,3,0,千葉直人,65.4,47.3,30.0,14.7,18.1,17.3,15.3,14.7
美浦,20260707,火,5:56,レッドロスタム,,牡,6,400,浅利英明,66.6,48.5,32.0,15.6,18.1,16.5,16.4,15.6
美浦,20260707,火,5:57,ナツミカンチャン,,牝,3,0,千葉直人,67.5,47.2,29.7,14.6,20.3,17.5,15.1,14.6
美浦,20260707,火,5:59,,,,,,,69.5,52.3,35.0,17.5,17.2,17.3,17.5,17.5
美浦,20260707,火,5:59,クリフハンガー,,セ,5,900,上原博之,68.2,51.2,34.1,17.3,17.0,17.1,16.8,17.3
美浦,20260707,火,5:59,ゴバド,,牝,3,400,加藤征弘,68.6,51.1,33.8,17.0,17.5,17.3,16.8,17.0
美浦,20260707,火,5:59,スマートブライド,,牝,2,未出走,加藤征弘,70.0,51.9,34.1,17.1,18.1,17.8,17.0,17.1
美浦,20260707,火,5:59,ミエスタ,,牝,3,0,加藤征弘,66.8,50.0,32.9,16.2,16.8,17.1,16.7,16.2
美浦,20260707,火,5:59,リオハリソンメリー,,牝,3,0,加藤征弘,69.0,50.8,32.9,16.3,18.2,17.9,16.6,16.3
美浦,20260707,火,6:00,エーティータキオン,,牡,6,160,的場均,68.5,49.9,32.3,15.9,18.6,17.6,16.4,15.9
美浦,20260707,火,6:00,ソナタン,,牡,4,400,和田勇介,61.7,45.4,29.4,14.7,16.3,16.0,14.7,14.7
美浦,20260707,火,6:00,デルマテイネ,,牡,3,0,的場均,67.8,49.6,32.2,15.5,18.2,17.4,16.7,15.5
美浦,20260707,火,6:02,ココナッツコースト,,牝,3,0,木村哲也,73.0,52.9,34.0,16.1,20.1,18.9,17.9,16.1
美浦,20260707,火,6:02,シンハナーダ,,牡,5,2400,木村哲也,79.4,57.9,37.7,18.9,21.5,20.2,18.8,18.9
美浦,20260707,火,6:02,スカイドリーマー,,牝,3,0,木村哲也,72.6,53.3,35.4,17.4,19.3,17.9,18.0,17.4
美浦,20260707,火,6:02,ブラッキッシュ,,牡,3,0,木村哲也,70.7,51.8,33.8,17.0,18.9,18.0,16.8,17.0
美浦,20260707,火,6:03,ランドフォートレス,,牡,2,未出走,和田勇介,83.0,60.4,39.7,19.7,22.6,20.7,20.0,19.7
美浦,20260707,火,6:27,アメテュストス,,牡,3,400,加藤士津,62.5,45.2,29.1,14.1,17.3,16.1,15.0,14.1
美浦,20260707,火,6:27,アヴァランチ,,牡,3,400,加藤士津,63.6,47.0,31.1,15.6,16.6,15.9,15.5,15.6
美浦,20260707,火,6:27,クリスマスパレード,,牝,5,3500,加藤士津,63.2,46.8,30.6,15.2,16.4,16.2,15.4,15.2
美浦,20260707,火,6:27,テリオスサラ,,牝,5,1500,高柳瑞樹,67.7,49.8,32.7,16.1,17.9,17.1,16.6,16.1
美浦,20260707,火,6:27,マイネルヴェスペル,,牡,2,未出走,加藤士津,63.6,46.9,30.9,15.2,16.7,16.0,15.7,15.2
美浦,20260707,火,6:27,メイショウヨゾラ,,牝,5,1500,高柳瑞樹,68.0,49.5,32.2,15.7,18.5,17.3,16.5,15.7
美浦,20260707,火,6:28,,,,,,,64.0,47.4,31.2,15.6,16.6,16.2,15.6,15.6
美浦,20260707,火,6:28,ショウナンバッカス,,牡,2,未出走,栗田徹,65.0,47.5,31.9,16.2,17.5,15.6,15.7,16.2
美浦,20260707,火,6:28,ショウナンヤッホー,,牡,4,900,栗田徹,64.4,47.0,31.2,15.6,17.4,15.8,15.6,15.6
美浦,20260707,火,6:28,シーズアウルフ,,牝,2,未出走,栗田徹,64.7,47.6,31.3,15.7,17.1,16.3,15.6,15.7
美浦,20260707,火,6:28,ステラガーネット,,牝,2,未出走,栗田徹,63.8,47.2,31.6,15.5,16.6,15.6,16.1,15.5
美浦,20260707,火,6:28,トム,,牡,2,未出走,石栗龍彦,75.8,55.6,36.2,18.1,20.2,19.4,18.1,18.1
美浦,20260707,火,6:28,ドナチャージ,,牝,2,未出走,栗田徹,63.8,47.3,31.5,15.7,16.5,15.8,15.8,15.7
美浦,20260707,火,6:28,フッカツノジャンボ,,牡,3,0,勢司和浩,64.4,47.5,30.9,14.8,16.9,16.6,16.1,14.8
美浦,20260707,火,6:28,マーシヴィガラス,,牡,6,900,的場均,69.4,50.5,32.3,15.4,18.9,18.2,16.9,15.4
美浦,20260707,火,6:28,ルージュスエルテ,,牝,5,900,手塚貴徳,63.8,46.6,30.6,15.1,17.2,16.0,15.5,15.1
美浦,20260707,火,6:29,サンクレゾン,,牝,3,0,大竹正博,65.1,47.8,31.5,15.7,17.3,16.3,15.8,15.7
美浦,20260707,火,6:29,シグムンド,,牡,5,900,岩戸孝樹,67.8,49.6,33.1,16.7,18.2,16.5,16.4,16.7
美浦,20260707,火,6:29,ダノングローバル,,牡,2,未出走,大竹正博,64.9,47.7,31.2,15.3,17.2,16.5,15.9,15.3
美浦,20260707,火,6:29,バンデルオーラ,,牡,7,2400,岩戸孝樹,67.7,50.0,33.2,16.5,17.7,16.8,16.7,16.5
美浦,20260707,火,6:29,レッドフリーマン,,牡,3,0,大竹正博,68.1,49.7,32.4,16.2,18.4,17.3,16.2,16.2
美浦,20260707,火,6:30,マイネルシンベリン,,牡,3,400,武市康男,66.4,48.8,31.7,15.6,17.6,17.1,16.1,15.6
美浦,20260707,火,6:31,ニシノアトール,,牡,2,未出走,武市康男,68.6,50.5,32.6,16.4,18.1,17.9,16.2,16.4
美浦,20260707,火,6:32,,,,,,,67.4,49.6,32.9,16.5,17.8,16.7,16.4,16.5
美浦,20260707,火,6:32,カウスリップ,,牝,4,1500,中舘英二,67.4,49.4,31.9,15.9,18.0,17.5,16.0,15.9
美浦,20260707,火,6:32,コズミックボックス,,牝,3,400,中舘英二,67.2,49.5,32.8,16.6,17.7,16.7,16.2,16.6
美浦,20260707,火,6:32,チェルシー,,牝,5,400,中舘英二,67.4,49.5,32.9,16.4,17.9,16.6,16.5,16.4
美浦,20260707,火,6:32,パースウェイド,,牝,4,900,中舘英二,67.0,49.1,31.6,15.8,17.9,17.5,15.8,15.8
美浦,20260707,火,6:32,メイプルカモーン,,牡,2,未出走,中舘英二,68.5,50.2,32.8,16.9,18.3,17.4,15.9,16.9
美浦,20260707,火,6:32,ヴァンデスペランス,,牡,3,400,中舘英二,67.9,50.7,33.2,16.8,17.2,17.5,16.4,16.8
美浦,20260707,火,6:34,,,,,,,66.5,49.3,33.0,16.9,17.2,16.3,16.1,16.9
美浦,20260707,火,6:34,,,,,,,69.8,51.5,34.1,17.1,18.3,17.4,17.0,17.1
美浦,20260707,火,6:34,タクミオジュウ,,牡,2,未出走,小島茂之,60.3,43.9,28.8,13.9,16.4,15.1,14.9,13.9
美浦,20260707,火,6:34,トーアマリシテン,,セ,5,0,小島茂之,61.3,44.3,28.7,13.9,17.0,15.6,14.8,13.9
美浦,20260707,火,6:35,アオゾラランチ,,牝,3,0,戸田博文,73.7,53.2,34.4,17.0,20.5,18.8,17.4,17.0
美浦,20260707,火,6:35,ヴィーデ,,セ,4,400,戸田博文,72.6,52.9,34.5,16.1,19.7,18.4,18.4,16.1
美浦,20260707,火,6:37,,,,,,,97.7,70.7,44.6,22.4,27.0,26.1,22.2,22.4
美浦,20260707,火,6:37,エーデルクラフト,,牡,3,未出走,辻哲英,96.5,71.0,46.7,23.5,25.5,24.3,23.2,23.5
美浦,20260707,火,6:38,,,,,,,63.9,47.4,31.2,15.8,16.5,16.2,15.4,15.8
美浦,20260707,火,6:38,アルニラム,,セ,5,400,伊藤大士,62.7,46.8,31.2,15.3,15.9,15.6,15.9,15.3
美浦,20260707,火,6:38,ウインマイルート,,牡,7,900,鈴木慎太,65.1,48.5,31.8,15.5,16.6,16.7,16.3,15.5
美浦,20260707,火,6:38,ダイナマイトメロン,,牝,3,0,伊藤大士,64.0,47.9,31.6,16.0,16.1,16.3,15.6,16.0
美浦,20260707,火,6:38,ハイラント,,セ,5,900,伊藤大士,64.0,47.8,32.2,16.2,16.2,15.6,16.0,16.2
美浦,20260707,火,6:38,ピコローズ,,牝,4,1500,伊藤大士,64.2,47.9,31.7,16.0,16.3,16.2,15.7,16.0
美浦,20260707,火,6:38,フォルスラヴィ,,牡,2,未出走,伊藤大士,64.6,48.4,32.1,16.3,16.2,16.3,15.8,16.3
美浦,20260707,火,6:39,オルトパラティウム,,牡,5,900,金成貴史,63.5,46.6,30.2,14.6,16.9,16.4,15.6,14.6
美浦,20260707,火,6:39,シュタットパーク,,牡,3,0,金成貴史,64.5,47.7,31.6,15.9,16.8,16.1,15.7,15.9
美浦,20260707,火,6:39,チャランダマルツ,,牝,2,未出走,上原佑紀,65.1,48.2,31.3,14.9,16.9,16.9,16.4,14.9
美浦,20260707,火,6:39,ティンバーライン,,セ,3,0,鈴木慎太,62.8,46.0,30.1,15.0,16.8,15.9,15.1,15.0
美浦,20260707,火,6:39,デンプシー,,牡,3,400,上原佑紀,64.7,48.0,30.8,15.1,16.7,17.2,15.7,15.1
美浦,20260707,火,6:39,ピコランド,,牡,3,0,上原佑紀,65.2,47.8,30.9,14.9,17.4,16.9,16.0,14.9
美浦,20260707,火,6:39,マイネルラビリンス,,牡,2,未出走,金成貴史,65.1,49.1,32.2,16.1,16.0,16.9,16.1,16.1
美浦,20260707,火,6:40,ゼータレティクル,,牝,3,0,小手川準,65.4,47.5,31.7,16.1,17.9,15.8,15.6,16.1
美浦,20260707,火,6:40,ユウミンジザイ,,牝,2,未出走,小手川準,66.8,48.6,32.3,16.2,18.2,16.3,16.1,16.2
美浦,20260707,火,6:41,ガラク,,牝,4,400,伊坂重信,84.8,62.3,41.1,19.7,22.5,21.2,21.4,19.7
美浦,20260707,火,6:42,バッカステソーロ,,牡,3,0,栗田徹,64.8,47.4,31.4,15.7,17.4,16.0,15.7,15.7
美浦,20260707,火,6:42,ミリオンクラウン,,牡,3,120,和田雄二,67.0,49.9,33.2,16.7,17.1,16.7,16.5,16.7
美浦,20260707,火,6:42,ワンコール,,牝,2,未出走,牧光二,64.8,48.0,31.8,15.9,16.8,16.2,15.9,15.9
美浦,20260707,火,6:43,クリエープキー,,牝,3,1500,牧光二,53.0,39.0,24.4,12.2,14.0,14.6,12.2,12.2
美浦,20260707,火,6:43,マーシヴィガラス,,牡,6,900,的場均,68.5,51.0,33.4,16.7,17.5,17.6,16.7,16.7
美浦,20260707,火,6:44,トワイライトサイト,,牡,3,400,嘉藤貴行,65.6,49.0,31.9,16.2,16.6,17.1,15.7,16.2
美浦,20260707,火,6:44,ブーケファロス,,牡,6,2400,清水英克,69.7,51.1,33.5,16.8,18.6,17.6,16.7,16.8
美浦,20260707,火,6:44,ペタルズダンス,,牝,3,0,嘉藤貴行,69.8,51.5,33.7,16.7,18.3,17.8,17.0,16.7
美浦,20260707,火,6:44,ロードアマデウス,,牡,2,未出走,嘉藤貴行,64.8,48.4,31.9,15.7,16.4,16.5,16.2,15.7
美浦,20260707,火,6:45,アーバンアート,,牝,2,未出走,加藤和宏,71.0,51.9,33.3,16.1,19.1,18.6,17.2,16.1
美浦,20260707,火,6:45,ウマッター,,牝,2,未出走,加藤和宏,70.7,51.9,33.5,16.1,18.8,18.4,17.4,16.1
美浦,20260707,火,6:45,サスケソルトバーン,,牡,2,未出走,和田雄二,67.5,50.3,33.3,16.7,17.2,17.0,16.6,16.7
美浦,20260707,火,6:45,シュガーハイ,,牡,4,400,加藤和宏,66.3,49.4,32.9,16.6,16.9,16.5,16.3,16.6
美浦,20260707,火,6:45,トリプティーク,,牝,2,0,和田雄二,68.8,50.7,33.4,17.0,18.1,17.3,16.4,17.0
美浦,20260707,火,6:45,ブロッコロ,,牝,3,0,加藤和宏,71.2,51.8,33.4,16.4,19.4,18.4,17.0,16.4
美浦,20260707,火,6:45,ロココ,,牝,3,0,加藤和宏,68.9,50.9,33.5,16.5,18.0,17.4,17.0,16.5
美浦,20260707,火,6:46,グレイスルーラー,,牝,3,0,尾形和幸,62.3,46.9,31.3,15.7,15.4,15.6,15.6,15.7
美浦,20260707,火,6:47,,,,,,,68.1,49.7,32.9,16.4,18.4,16.8,16.5,16.4
美浦,20260707,火,6:47,サノノキセキ,,牡,2,0,尾形和幸,67.8,48.7,31.5,16.0,19.1,17.2,15.5,16.0
美浦,20260707,火,6:47,ブルーリボン,,牝,2,未出走,尾形和幸,68.6,49.6,32.2,16.2,19.0,17.4,16.0,16.2
美浦,20260707,火,6:47,ボールドフロント,,牡,3,0,尾形和幸,68.1,50.2,33.2,16.5,17.9,17.0,16.7,16.5
美浦,20260707,火,6:50,ジャメビュ,,牝,3,0,佐藤吉勝,63.4,46.2,29.5,14.7,17.2,16.7,14.8,14.7
美浦,20260707,火,6:50,スノーリン,,セ,4,0,和田雄二,66.0,48.5,31.6,15.8,17.5,16.9,15.8,15.8
美浦,20260707,火,6:51,インヴェスター,,セ,5,310,佐藤吉勝,68.0,50.8,34.0,17.2,17.2,16.8,16.8,17.2
美浦,20260707,火,6:51,カキュウ,,牝,3,0,佐藤吉勝,67.0,49.1,32.1,16.0,17.9,17.0,16.1,16.0
美浦,20260707,火,6:51,カラスアゲハ,,牝,2,未出走,佐藤吉勝,68.3,50.5,33.4,16.5,17.8,17.1,16.9,16.5
美浦,20260707,火,6:51,ケイジャーダ,,牝,2,未出走,佐藤吉勝,67.5,49.5,32.5,16.3,18.0,17.0,16.2,16.3
美浦,20260707,火,6:51,ルブラッシュノモー,,牡,2,未出走,佐藤吉勝,64.4,48.4,32.4,16.9,16.0,16.0,15.5,16.9
美浦,20260707,火,6:52,,,,,,,68.8,50.6,33.4,16.8,18.2,17.2,16.6,16.8
美浦,20260707,火,6:52,ゲームチェンジャー,,牡,2,未出走,蛯名利弘,63.7,46.7,30.4,15.0,17.0,16.3,15.4,15.0
美浦,20260707,火,6:52,ドーンレイド,,牡,2,未出走,武藤善則,69.0,50.7,33.4,16.8,18.3,17.3,16.6,16.8
美浦,20260707,火,6:52,ハチキンキリシマ,,牝,2,未出走,蛯名利弘,67.9,50.9,33.7,16.9,17.0,17.2,16.8,16.9
美浦,20260707,火,6:52,ハルマン,,牝,2,未出走,蛯名利弘,69.3,51.5,34.5,17.2,17.8,17.0,17.3,17.2
美浦,20260707,火,6:52,ルディドゥゲンジ,,牝,3,0,蛯名利弘,67.1,48.9,32.0,15.7,18.2,16.9,16.3,15.7
美浦,20260707,火,6:53,ニシノタカオ,,牡,2,未出走,堀内岳志,67.6,48.5,31.0,15.4,19.1,17.5,15.6,15.4
美浦,20260707,火,6:53,ハルガスミ,,牝,2,未出走,堀内岳志,66.9,48.3,30.9,15.2,18.6,17.4,15.7,15.2
美浦,20260707,火,6:53,ラムールデュヴォン,,牡,3,400,堀内岳志,65.4,47.0,29.8,14.7,18.4,17.2,15.1,14.7
美浦,20260707,火,6:53,リーディンアクター,,牡,2,未出走,堀内岳志,63.4,45.3,29.1,14.8,18.1,16.2,14.3,14.8
美浦,20260707,火,6:56,アーティラリー,,牝,3,0,松山将樹,69.0,50.8,33.3,16.5,18.2,17.5,16.8,16.5
美浦,20260707,火,6:57,サトノドルチェ,,セ,7,470,蛯名利弘,71.2,50.5,32.8,16.5,20.7,17.7,16.3,16.5
美浦,20260707,火,6:58,セイウンリリーナ,,牝,2,未出走,水野貴広,71.8,52.2,34.3,17.0,19.6,17.9,17.3,17.0
美浦,20260707,火,6:58,ニシノギャルズ,,牝,3,0,水野貴広,72.0,52.4,34.4,17.1,19.6,18.0,17.3,17.1
美浦,20260707,火,6:59,ブーケファロス,,牡,6,2400,清水英克,63.9,47.0,30.6,15.3,16.9,16.4,15.3,15.3
美浦,20260707,火,7:00,スーパーバイザー,,牡,5,900,菊沢隆徳,72.7,52.7,35.0,17.5,20.0,17.7,17.5,17.5
美浦,20260707,火,7:00,ヤマタケボニータ,,牡,3,0,萱野浩二,65.8,49.0,32.5,16.3,16.8,16.5,16.2,16.3
美浦,20260707,火,7:01,,,,,,,64.8,48.0,32.0,15.9,16.8,16.0,16.1,15.9
美浦,20260707,火,7:01,ウェイワードアクト,,牡,6,5320,田中博康,61.9,45.7,29.7,15.0,16.2,16.0,14.7,15.0
美浦,20260707,火,7:01,ブルーリボン,,牝,2,未出走,尾形和幸,66.8,49.3,32.2,16.1,17.5,17.1,16.1,16.1
美浦,20260707,火,7:01,ボールドフロント,,牡,3,0,尾形和幸,64.5,47.9,31.8,16.0,16.6,16.1,15.8,16.0
美浦,20260707,火,7:02,アンナモエ,,牝,2,未出走,天間昭一,65.9,48.6,31.8,15.7,17.3,16.8,16.1,15.7
美浦,20260707,火,7:02,キョウエイシャトル,,牡,2,未出走,萱野浩二,65.3,47.7,31.2,15.8,17.6,16.5,15.4,15.8
美浦,20260707,火,7:02,マイネルヴェーゼン,,牡,3,0,相沢郁,68.1,50.6,33.8,17.2,17.5,16.8,16.6,17.2
美浦,20260707,火,7:02,モンドシュピーゲル,,牡,3,0,天間昭一,65.5,47.9,31.5,15.6,17.6,16.4,15.9,15.6
美浦,20260707,火,7:02,ラフレードピエル,,牡,3,400,萱野浩二,64.4,46.3,30.1,15.1,18.1,16.2,15.0,15.1
美浦,20260707,火,7:02,レオスキーム,,牡,3,0,萱野浩二,65.1,48.4,32.3,16.2,16.7,16.1,16.1,16.2
美浦,20260707,火,7:03,コパノフラメンコ,,牝,2,未出走,上原博之,69.2,51.7,34.5,17.6,17.5,17.2,16.9,17.6
美浦,20260707,火,7:03,ティアラスピリット,,牝,2,0,上原博之,70.2,52.3,34.9,17.4,17.9,17.4,17.5,17.4
美浦,20260707,火,7:03,パーシヴァル,,セ,3,0,相沢郁,67.4,49.7,32.7,16.4,17.7,17.0,16.3,16.4
美浦,20260707,火,7:04,エリーニック,,牝,3,400,千葉直人,65.1,47.0,32.0,15.9,18.1,15.0,16.1,15.9
美浦,20260707,火,7:04,ミラビリスマジック,,牝,5,1500,千葉直人,67.1,47.7,29.6,14.3,19.4,18.1,15.3,14.3
美浦,20260707,火,7:04,リアルセンター,,牝,5,400,千葉直人,69.9,51.4,33.2,16.1,18.5,18.2,17.1,16.1
美浦,20260707,火,7:05,オーブレーヌ,,牝,3,0,和田正一,67.2,49.6,32.7,16.5,17.6,16.9,16.2,16.5
美浦,20260707,火,7:05,カリスマン,,牡,2,未出走,武井亮,63.9,47.1,30.4,15.3,16.8,16.7,15.1,15.3
美浦,20260707,火,7:05,カリーシ,,牝,5,900,武井亮,64.9,47.9,31.6,15.9,17.0,16.3,15.7,15.9
美浦,20260707,火,7:05,クールチェンジ,,牡,3,0,和田正一,66.8,49.5,32.4,15.8,17.3,17.1,16.6,15.8
美浦,20260707,火,7:05,ソラニワラエバ,,牡,2,未出走,武井亮,64.0,47.6,31.4,15.7,16.4,16.2,15.7,15.7
美浦,20260707,火,7:05,ダイメイビッグボス,,牡,2,400,武井亮,66.6,47.7,31.0,15.2,18.9,16.7,15.8,15.2
美浦,20260707,火,7:05,デルマハッコウダ,,牡,2,未出走,天間昭一,61.9,45.5,29.5,15.0,16.4,16.0,14.5,15.0
美浦,20260707,火,7:05,ブルーリヴァーサル,,牡,6,340,的場均,69.5,50.6,33.6,17.1,18.9,17.0,16.5,17.1
美浦,20260707,火,7:05,ヘルメスギャング,,セ,3,400,武井亮,64.6,47.7,31.0,15.1,16.9,16.7,15.9,15.1
美浦,20260707,火,7:05,ルーナディサングエ,,牡,3,400,天間昭一,66.7,48.9,32.0,16.0,17.8,16.9,16.0,16.0
美浦,20260707,火,7:05,レーゲンシャウアー,,牝,2,未出走,天間昭一,67.8,49.6,32.7,16.3,18.2,16.9,16.4,16.3
美浦,20260707,火,7:05,ワイドカリオン,,牡,2,未出走,武井亮,64.3,47.6,31.6,15.6,16.7,16.0,16.0,15.6
美浦,20260707,火,7:05,ワンダリングスター,,牡,2,未出走,的場均,72.4,53.3,35.5,17.7,19.1,17.8,17.8,17.7
美浦,20260707,火,7:06,アオイゲート,,牝,2,未出走,伊藤圭三,67.2,49.5,32.4,16.2,17.7,17.1,16.2,16.2
美浦,20260707,火,7:06,ジオパークカツキ,,牡,2,未出走,伊藤圭三,68.3,50.2,33.4,16.5,18.1,16.8,16.9,16.5
美浦,20260707,火,7:06,リコルディオーロ,,牡,2,未出走,伊藤圭三,66.6,48.5,31.4,15.5,18.1,17.1,15.9,15.5
美浦,20260707,火,7:06,リーズメイリー,,牝,2,未出走,伊藤圭三,67.1,48.6,31.7,15.2,18.5,16.9,16.5,15.2
美浦,20260707,火,7:06,レイナデルアイレ,,牝,3,0,矢嶋大樹,68.3,49.9,32.5,16.0,18.4,17.4,16.5,16.0
美浦,20260707,火,7:08,,,,,,,63.8,47.3,30.8,15.2,16.5,16.5,15.6,15.2
美浦,20260707,火,7:08,,,,,,,64.3,47.2,31.3,15.7,17.1,15.9,15.6,15.7
美浦,20260707,火,7:08,アッティーヤ,,牝,2,未出走,鹿戸雄一,62.7,46.1,30.2,14.9,16.6,15.9,15.3,14.9
美浦,20260707,火,7:08,オーケーマヒナ,,牝,4,900,相沢郁,65.3,48.4,31.6,16.0,16.9,16.8,15.6,16.0
美浦,20260707,火,7:08,クラウンテック,,牡,4,120,松永康利,63.8,46.7,30.9,15.7,17.1,15.8,15.2,15.7
美浦,20260707,火,7:08,コスモモノポリー,,牝,2,未出走,相沢郁,64.7,48.0,31.6,15.9,16.7,16.4,15.7,15.9
美浦,20260707,火,7:08,スチールギターラグ,,牝,3,0,鹿戸雄一,62.6,45.9,30.5,14.8,16.7,15.4,15.7,14.8
美浦,20260707,火,7:08,ネイチャーシップ,,牡,8,900,畠山吉宏,63.8,47.3,31.5,15.7,16.5,15.8,15.8,15.7
美浦,20260707,火,7:08,ヒットミー,,牝,4,900,鹿戸雄一,58.3,41.8,26.9,13.6,16.5,14.9,13.3,13.6
美浦,20260707,火,7:08,フェスティヴハート,,牝,3,0,畠山吉宏,65.5,48.3,31.8,15.8,17.2,16.5,16.0,15.8
美浦,20260707,火,7:08,フミサウンド,,牡,6,900,鹿戸雄一,62.4,46.0,30.0,14.7,16.4,16.0,15.3,14.7
美浦,20260707,火,7:08,ミラクルオーラ,,牡,2,未出走,松永康利,63.2,46.8,30.9,15.2,16.4,15.9,15.7,15.2
美浦,20260707,火,7:08,ロックオブソシジ,,牡,5,170,畠山吉宏,61.2,44.7,29.2,14.6,16.5,15.5,14.6,14.6
美浦,20260707,火,7:09,アイアムキレマスネ,,牡,2,未出走,奥平雅士,71.0,53.2,35.0,17.3,17.8,18.2,17.7,17.3
美浦,20260707,火,7:09,アイファーティアラ,,牝,2,未出走,的場均,68.6,51.3,34.3,17.3,17.3,17.0,17.0,17.3
美浦,20260707,火,7:09,カミノテイオー,,牡,3,0,奥平雅士,71.5,53.2,35.3,17.3,18.3,17.9,18.0,17.3
美浦,20260707,火,7:09,サツキジュエル,,牝,3,0,石栗龍彦,66.6,49.2,32.5,16.0,17.4,16.7,16.5,16.0
美浦,20260707,火,7:09,セイカユウヒ,,牡,3,0,石栗龍彦,66.0,48.5,32.0,16.1,17.5,16.5,15.9,16.1
美浦,20260707,火,7:09,タツナナイロ,,牝,3,0,的場均,69.7,52.3,34.7,17.2,17.4,17.6,17.5,17.2
美浦,20260707,火,7:09,デルマジュテーム,,牝,4,400,的場均,70.0,52.1,34.5,16.4,17.9,17.6,18.1,16.4
美浦,20260707,火,7:10,,,,,,,70.4,51.8,33.8,17.1,18.6,18.0,16.7,17.1
美浦,20260707,火,7:10,イデアジュアンイハ,,牝,3,0,小野次郎,69.3,50.9,33.3,16.6,18.4,17.6,16.7,16.6
美浦,20260707,火,7:10,ケルピー,,セ,4,300,小野次郎,70.7,52.6,34.7,17.0,18.1,17.9,17.7,17.0
美浦,20260707,火,7:10,トーケンギムレット,,牝,2,未出走,小野次郎,69.8,51.2,33.7,16.8,18.6,17.5,16.9,16.8
美浦,20260707,火,7:10,ニンジャトットリ,,牡,3,0,松永康利,74.9,56.0,37.1,18.5,18.9,18.9,18.6,18.5
美浦,20260707,火,7:11,,,,,,,64.6,47.5,31.3,15.9,17.1,16.2,15.4,15.9
美浦,20260707,火,7:11,,,,,,,65.6,47.4,31.4,15.6,18.2,16.0,15.8,15.6
美浦,20260707,火,7:11,アンティミスト,,牡,3,400,鈴木伸尋,61.5,44.2,28.4,13.8,17.3,15.8,14.6,13.8
美浦,20260707,火,7:11,カセノメロス,,牡,2,未出走,鈴木伸尋,65.1,47.4,31.4,15.6,17.7,16.0,15.8,15.6
美浦,20260707,火,7:11,コスモメイウェザー,,牡,3,0,高木登,71.3,53.4,35.8,18.0,17.9,17.6,17.8,18.0
美浦,20260707,火,7:11,テールエメール,,牡,2,未出走,池上昌和,70.1,51.8,33.9,16.9,18.3,17.9,17.0,16.9
美浦,20260707,火,7:11,ネイティヴプライド,,牡,3,0,高木登,69.9,52.4,34.5,17.0,17.5,17.9,17.5,17.0
美浦,20260707,火,7:11,ファーストアライヴ,,牡,2,未出走,高木登,70.8,52.6,34.7,17.1,18.2,17.9,17.6,17.1
美浦,20260707,火,7:11,ミコウェイ,,牝,2,未出走,鈴木伸尋,64.5,47.4,31.0,16.0,17.1,16.4,15.0,16.0
美浦,20260707,火,7:11,モリノアミーゴ,,牝,4,900,鈴木伸尋,68.1,49.6,31.5,15.5,18.5,18.1,16.0,15.5
美浦,20260707,火,7:12,リアライズリバティ,,牝,3,400,池上昌和,67.0,49.4,32.2,16.2,17.6,17.2,16.0,16.2
美浦,20260707,火,7:12,ローレルエース,,牡,3,0,松永康利,64.5,47.4,31.3,15.4,17.1,16.1,15.9,15.4
美浦,20260707,火,7:13,,,,,,,65.8,49.0,32.5,16.2,16.8,16.5,16.3,16.2
美浦,20260707,火,7:13,アウアリイ,,牡,2,未出走,奥村武,63.1,46.7,30.5,15.2,16.4,16.2,15.3,15.2
美浦,20260707,火,7:13,インザダーク,,牝,2,未出走,伊藤伸一,70.8,51.6,34.2,17.7,19.2,17.4,16.5,17.7
美浦,20260707,火,7:13,ウィルステート,,牡,2,未出走,黒岩陽一,63.3,46.9,30.9,15.7,16.4,16.0,15.2,15.7
美浦,20260707,火,7:13,カツノテンス,,牡,6,160,伊藤伸一,69.1,51.6,34.1,17.1,17.5,17.5,17.0,17.1
美浦,20260707,火,7:13,キョウエイボニータ,,牝,4,900,伊藤伸一,71.0,51.9,34.5,17.8,19.1,17.4,16.7,17.8
美浦,20260707,火,7:13,キンバリー,,牡,2,未出走,伊藤伸一,69.3,51.4,34.5,18.1,17.9,16.9,16.4,18.1
美浦,20260707,火,7:13,クレイターレイク,,牝,2,未出走,奥村武,62.9,46.5,30.9,15.1,16.4,15.6,15.8,15.1
美浦,20260707,火,7:13,サトノトルネード,,牡,6,900,奥村武,61.2,45.4,30.0,14.8,15.8,15.4,15.2,14.8
美浦,20260707,火,7:13,スクイーズアウト,,牡,3,0,黒岩陽一,64.1,47.0,30.9,15.5,17.1,16.1,15.4,15.5
美浦,20260707,火,7:13,レッドマスキュラー,,牡,2,未出走,黒岩陽一,63.2,46.8,30.7,15.6,16.4,16.1,15.1,15.6
美浦,20260707,火,7:14,,,,,,,70.8,52.0,33.9,17.1,18.8,18.1,16.8,17.1
美浦,20260707,火,7:14,ブレトワルダ,,セ,4,900,新開幸一,64.9,48.2,31.7,15.5,16.7,16.5,16.2,15.5
美浦,20260707,火,7:15,ウェイワードアクト,,牡,6,5320,田中博康,59.5,43.2,28.3,14.0,16.3,14.9,14.3,14.0
美浦,20260707,火,7:15,シリアスドラマ,,牡,2,未出走,松尾卓哉,64.8,47.8,31.7,15.6,17.0,16.1,16.1,15.6
美浦,20260707,火,7:15,ベアダイヤモンド,,牡,3,0,松尾卓哉,63.1,46.6,30.3,15.2,16.5,16.3,15.1,15.2
美浦,20260707,火,7:15,ペプチドドリーム,,牡,3,0,松尾卓哉,64.3,47.4,30.9,15.2,16.9,16.5,15.7,15.2
美浦,20260707,火,7:16,,,,,,,65.0,48.9,32.8,16.7,16.1,16.1,16.1,16.7
美浦,20260707,火,7:16,,,,,,,65.3,48.6,31.6,15.4,16.7,17.0,16.2,15.4
美浦,20260707,火,7:16,イカルステソーロ,,牡,2,未出走,武市康男,64.4,48.7,32.8,16.7,15.7,15.9,16.1,16.7
美浦,20260707,火,7:16,エリナ,,牝,4,0,戸田博文,65.0,48.5,31.7,16.0,16.5,16.8,15.7,16.0
美浦,20260707,火,7:16,オペレッタテソーロ,,牝,2,未出走,菊川正達,65.9,49.0,32.3,15.6,16.9,16.7,16.7,15.6
美浦,20260707,火,7:16,カリボール,,牡,10,5000,戸田博文,80.0,58.6,37.9,18.4,21.4,20.7,19.5,18.4
美浦,20260707,火,7:16,ハッピーラッキー,,牡,3,400,武市康男,63.9,47.8,31.7,15.9,16.1,16.1,15.8,15.9
美浦,20260707,火,7:16,フォクセン,,牡,2,未出走,戸田博文,68.5,50.7,33.8,16.6,17.8,16.9,17.2,16.6
美浦,20260707,火,7:16,ルンベーラ,,牝,3,0,菊川正達,65.1,48.2,31.4,15.4,16.9,16.8,16.0,15.4
美浦,20260707,火,7:17,,,,,,,62.4,45.7,30.3,14.8,16.7,15.4,15.5,14.8
美浦,20260707,火,7:17,ソヴリンゲート,,牡,2,未出走,戸田博文,67.8,49.0,32.1,15.6,18.8,16.9,16.5,15.6
美浦,20260707,火,7:17,ドリームクルーズ,,牝,5,900,戸田博文,71.4,53.1,34.8,17.4,18.3,18.3,17.4,17.4
美浦,20260707,火,7:17,パーシヴァル,,セ,3,0,相沢郁,64.0,46.5,29.8,14.4,17.5,16.7,15.4,14.4
美浦,20260707,火,7:17,ヒットアンドロール,,牡,5,0,田中勝春,62.3,45.9,30.4,14.9,16.4,15.5,15.5,14.9
美浦,20260707,火,7:17,マイネルヴェーゼン,,牡,3,0,相沢郁,65.0,48.0,31.4,15.6,17.0,16.6,15.8,15.6
美浦,20260707,火,7:17,ミクニルミナス,,牡,2,未出走,田中勝春,62.3,45.8,30.2,14.9,16.5,15.6,15.3,14.9
美浦,20260707,火,7:18,,,,,,,68.0,50.8,34.1,16.4,17.2,16.7,17.7,16.4
美浦,20260707,火,7:18,キャネル,,牡,5,900,手塚貴久,64.4,0.0,0.0,0.0,0.0,0.0,0.0,0.0
美浦,20260707,火,7:18,コックオーヴァン,,牝,3,400,伊藤伸一,66.7,49.1,32.0,16.2,17.6,17.1,15.8,16.2
美浦,20260707,火,7:18,ホウライブラック,,牝,3,未出走,鈴木慎太,65.2,47.9,32.0,16.1,17.3,15.9,15.9,16.1
美浦,20260707,火,7:18,ポポラヴィスタ,,牝,3,0,鈴木慎太,65.4,48.2,31.6,15.3,17.2,16.6,16.3,15.3
美浦,20260707,火,7:18,ヴェルバーニア,,牡,2,未出走,手塚貴久,64.5,47.3,31.2,15.6,17.2,16.1,15.6,15.6
美浦,20260707,火,7:19,,,,,,,68.4,50.9,33.6,16.9,17.5,17.3,16.7,16.9
美浦,20260707,火,7:19,アジアントレジャー,,牡,3,400,蛯名正義,62.8,46.6,30.8,15.3,16.2,15.8,15.5,15.3
美浦,20260707,火,7:19,アーティキュレート,,牡,3,0,手塚貴久,68.1,50.6,33.2,16.4,17.5,17.4,16.8,16.4
美浦,20260707,火,7:19,イバラヒメ,,牝,3,0,新開幸一,66.7,49.0,32.6,16.3,17.7,16.4,16.3,16.3
美浦,20260707,火,7:19,オンナキュヌヴィ,,牝,3,0,蛯名正義,64.4,48.1,32.1,16.1,16.3,16.0,16.0,16.1
美浦,20260707,火,7:19,ゴーソーファー,,牝,4,900,手塚貴久,66.6,49.4,32.4,16.5,17.2,17.0,15.9,16.5
美浦,20260707,火,7:19,スクリプトール,,牡,2,0,手塚貴久,66.3,49.3,32.8,16.4,17.0,16.5,16.4,16.4
美浦,20260707,火,7:19,ツクバアヴァロン,,牡,3,0,奥平雅士,66.3,48.9,32.5,16.4,17.4,16.4,16.1,16.4
美浦,20260707,火,7:19,レイユール,,牝,4,900,手塚貴久,65.9,49.3,33.0,16.7,16.6,16.3,16.3,16.7
美浦,20260707,火,7:20,オンザボー,,牡,2,未出走,田中博康,62.1,45.8,30.0,14.9,16.3,15.8,15.1,14.9
美浦,20260707,火,7:20,グランマエストロ,,牡,3,0,木村哲也,72.6,53.7,35.2,17.3,18.9,18.5,17.9,17.3
美浦,20260707,火,7:20,ソーロブスト,,牡,2,未出走,木村哲也,71.7,53.8,35.6,17.8,17.9,18.2,17.8,17.8
美浦,20260707,火,7:20,ダノンダックス,,牡,2,未出走,田中博康,59.4,43.6,28.3,13.7,15.8,15.3,14.6,13.7
美浦,20260707,火,7:20,ディヴァインスペル,,牡,2,未出走,木村哲也,72.6,53.5,35.2,17.5,19.1,18.3,17.7,17.5
美浦,20260707,火,7:20,ペアレンツハート,,牝,2,未出走,田中博康,60.9,44.6,29.3,14.4,16.3,15.3,14.9,14.4
美浦,20260707,火,7:20,レイナエヴィータ,,牝,3,未出走,田中博康,61.4,45.0,29.5,14.5,16.4,15.5,15.0,14.5
美浦,20260707,火,7:20,ロスパレドネス,,牡,3,400,木村哲也,72.4,53.7,35.3,17.3,18.7,18.4,18.0,17.3
美浦,20260707,火,7:20,ロックユアライフ,,牝,3,0,田中博康,60.9,45.2,29.2,14.9,15.7,16.0,14.3,14.9
美浦,20260707,火,7:20,ヴァストマーレ,,牡,2,未出走,木村哲也,72.9,54.0,35.4,17.7,18.9,18.6,17.7,17.7
美浦,20260707,火,7:21,ココボロ,,牝,5,120,松山将樹,67.7,49.8,33.1,16.5,17.9,16.7,16.6,16.5
美浦,20260707,火,7:21,サンダーストラック,,牡,3,2450,木村哲也,70.9,52.0,34.1,17.0,18.9,17.9,17.1,17.0
美浦,20260707,火,7:21,テスタ,,牡,2,未出走,金成貴史,67.4,49.0,32.7,16.0,18.4,16.3,16.7,16.0
美浦,20260707,火,7:21,ブルーリヴァーサル,,牡,6,340,的場均,66.5,49.1,32.9,16.9,17.4,16.2,16.0,16.9
美浦,20260707,火,7:21,プリモヴィータ,,牝,2,未出走,木村哲也,72.1,53.2,35.6,17.9,18.9,17.6,17.7,17.9
美浦,20260707,火,7:21,モスクロッサー,,セ,5,400,大竹正博,64.4,47.5,30.6,14.9,16.9,16.9,15.7,14.9
美浦,20260707,火,7:21,リフレックス,,牡,3,1500,金成貴史,66.7,48.7,32.0,15.7,18.0,16.7,16.3,15.7
美浦,20260707,火,7:21,ワンダリングスター,,牡,2,未出走,的場均,69.2,51.3,34.1,17.4,17.9,17.2,16.7,17.4
美浦,20260707,火,7:22,アームテイル,,牝,6,1500,和田勇介,65.2,47.7,31.0,15.3,17.5,16.7,15.7,15.3
美浦,20260707,火,7:22,クレオズニードル,,牝,4,900,和田勇介,66.2,48.7,32.8,16.7,17.5,15.9,16.1,16.7
美浦,20260707,火,7:22,スターツトゥデイ,,牡,3,400,大竹正博,66.0,48.3,32.4,16.0,17.7,15.9,16.4,16.0
美浦,20260707,火,7:22,ダゴベルト,,牡,3,0,大竹正博,72.2,52.4,34.3,17.0,19.8,18.1,17.3,17.0
美浦,20260707,火,7:22,ヘリオトロープ,,牡,4,900,大竹正博,67.4,50.1,32.7,16.2,17.3,17.4,16.5,16.2
美浦,20260707,火,7:23,サフランルージュ,,牝,3,400,室井潔,68.0,49.1,32.8,16.4,18.9,16.3,16.4,16.4
美浦,20260707,火,7:23,ジャストワナダイブ,,牝,2,未出走,室井潔,70.3,50.3,33.2,17.0,20.0,17.1,16.2,17.0
美浦,20260707,火,7:23,タツナナイロ,,牝,3,0,的場均,67.2,50.2,33.9,16.9,17.0,16.3,17.0,16.9
美浦,20260707,火,7:23,デルマジュテーム,,牝,4,400,的場均,66.4,49.1,32.1,16.1,17.3,17.0,16.0,16.1
美浦,20260707,火,7:23,ポッドソル,,牡,4,1500,手塚貴徳,63.4,46.7,29.9,14.6,16.7,16.8,15.3,14.6
美浦,20260707,火,7:23,マーキュリーダイム,,牝,4,400,室井潔,63.8,46.3,30.0,14.7,17.5,16.3,15.3,14.7
美浦,20260707,火,7:24,,,,,,,65.2,48.2,31.9,16.0,17.0,16.3,15.9,16.0
美浦,20260707,火,7:24,エンドロール,,牡,7,1500,青木孝文,63.6,47.5,31.5,15.6,16.1,16.0,15.9,15.6
美浦,20260707,火,7:24,コパノトーマス,,牡,3,400,青木孝文,65.0,48.4,31.8,16.0,16.6,16.6,15.8,16.0
美浦,20260707,火,7:24,ミスターマーボー,,牡,3,400,青木孝文,65.1,49.1,33.1,17.0,16.0,16.0,16.1,17.0
美浦,20260707,火,7:24,ミズノミヤコ,,牝,3,0,青木孝文,65.1,48.1,31.3,15.7,17.0,16.8,15.6,15.7
美浦,20260707,火,7:25,グラスブランシュ,,牝,5,900,松山将樹,76.1,55.1,35.8,17.4,21.0,19.3,18.4,17.4
美浦,20260707,火,7:26,,,,,,,68.0,50.6,33.9,16.9,17.4,16.7,17.0,16.9
美浦,20260707,火,7:26,アイデアルカット,,牡,2,0,手塚貴徳,66.8,49.0,32.1,16.0,17.8,16.9,16.1,16.0
美浦,20260707,火,7:26,テンクウジョー,,牡,5,900,手塚貴徳,68.5,50.0,32.7,16.0,18.5,17.3,16.7,16.0
美浦,20260707,火,7:26,モルトマエストーソ,,牡,5,900,手塚貴徳,64.0,47.3,31.3,16.1,16.7,16.0,15.2,16.1
美浦,20260707,火,7:27,ラッパースヴィル,,牝,2,未出走,手塚貴徳,65.5,48.0,31.9,15.9,17.5,16.1,16.0,15.9
美浦,20260707,火,7:29,ブレトワルダ,,セ,4,900,新開幸一,64.5,46.9,30.1,14.4,17.6,16.8,15.7,14.4
美浦,20260707,火,7:29,リケアチャチャチャ,,牝,2,0,上原博之,68.7,51.0,34.0,16.9,17.7,17.0,17.1,16.9
美浦,20260707,火,7:29,ロイヤルガンモ,,牝,2,未出走,上原博之,68.0,49.9,33.0,16.4,18.1,16.9,16.6,16.4
美浦,20260707,火,7:30,,,,,,,67.8,49.4,32.5,16.3,18.4,16.9,16.2,16.3
美浦,20260707,火,7:30,トウシンマジック,,牡,2,未出走,秋本大介,67.1,48.8,31.6,15.7,18.3,17.2,15.9,15.7
美浦,20260707,火,7:30,ビタークレス,,牡,2,未出走,秋本大介,68.5,50.0,32.9,16.3,18.5,17.1,16.6,16.3
美浦,20260707,火,7:30,ヤマニンジェンナ,,牝,3,0,秋本大介,67.2,49.2,32.9,16.2,18.0,16.3,16.7,16.2
美浦,20260707,火,7:31,ディエスルージュ,,牝,3,0,秋本大介,66.1,48.6,31.2,15.2,17.5,17.4,16.0,15.2
美浦,20260707,火,7:31,ノーセット,,牡,2,未出走,高柳瑞樹,68.6,51.5,33.5,16.0,17.1,18.0,17.5,16.0
美浦,20260707,火,7:32,アンクエンチャブル,,セ,5,900,高柳瑞樹,68.1,49.7,32.6,16.1,18.4,17.1,16.5,16.1
美浦,20260707,火,7:32,オルグジェシダ,,牝,4,400,宮田敬介,65.8,47.4,30.9,15.2,18.4,16.5,15.7,15.2
美浦,20260707,火,7:32,グラデュエール,,牝,3,0,粕谷昌央,64.4,48.3,32.1,16.2,16.1,16.2,15.9,16.2
美浦,20260707,火,7:32,サルサロッサ,,牝,7,400,高柳瑞樹,68.7,50.4,33.2,16.3,18.3,17.2,16.9,16.3
美浦,20260707,火,7:32,パワポケウォーズ,,牡,3,0,大和田成,63.5,46.4,30.5,15.1,17.1,15.9,15.4,15.1
美浦,20260707,火,7:32,フジフォンテ,,セ,7,400,粕谷昌央,63.3,47.4,31.1,15.6,15.9,16.3,15.5,15.6
美浦,20260707,火,7:32,ブーケドリス,,牝,3,400,宮田敬介,60.5,43.7,28.1,13.4,16.8,15.6,14.7,13.4
美浦,20260707,火,7:32,ペイシャダンシング,,牝,3,未出走,粕谷昌央,63.8,47.7,31.3,15.4,16.1,16.4,15.9,15.4
美浦,20260707,火,7:32,マーシャルアン,,牡,3,400,大和田成,62.1,44.8,29.0,14.2,17.3,15.8,14.8,14.2
美浦,20260707,火,7:33,,,,,,,66.7,48.6,31.5,15.5,18.1,17.1,16.0,15.5
美浦,20260707,火,7:33,,,,,,,67.0,49.1,31.7,15.5,17.9,17.4,16.2,15.5
美浦,20260707,火,7:33,イリュストル,,牡,4,400,大竹正博,64.1,47.1,29.9,14.4,17.0,17.2,15.5,14.4
美浦,20260707,火,7:33,シェリーシュシュ,,牝,3,0,大竹正博,67.6,49.2,32.4,15.4,18.4,16.8,17.0,15.4
美浦,20260707,火,7:33,ジーククローネ,,セ,6,400,宮田敬介,63.7,47.1,30.7,15.3,16.6,16.4,15.4,15.3
美浦,20260707,火,7:33,タイキラフター,,牡,6,1500,大竹正博,64.6,47.2,30.3,14.7,17.4,16.9,15.6,14.7
美浦,20260707,火,7:33,ホウオウショパン,,セ,3,未出走,大竹正博,65.0,47.5,30.8,13.6,17.5,16.7,17.2,13.6
美浦,20260707,火,7:33,ルールーリマ,,牝,4,900,大竹正博,64.3,47.4,30.3,15.1,16.9,17.1,15.2,15.1
美浦,20260707,火,7:35,,,,,,,63.5,47.0,31.2,15.8,16.5,15.8,15.4,15.8
美浦,20260707,火,7:35,イネガラーブル,,牡,3,0,久保田貴,65.1,48.4,32.0,16.1,16.7,16.4,15.9,16.1
美浦,20260707,火,7:35,カゼノロマン,,牡,2,未出走,久保田貴,65.1,48.4,31.9,15.8,16.7,16.5,16.1,15.8
美浦,20260707,火,7:35,ジェネラスキング,,牡,3,400,久保田貴,65.0,48.3,32.2,16.5,16.7,16.1,15.7,16.5
美浦,20260707,火,7:35,ノーブルクラウド,,牝,3,400,久保田貴,65.0,48.2,31.8,15.9,16.8,16.4,15.9,15.9
美浦,20260707,火,7:35,ブルスカメンテ,,牝,4,400,黒岩陽一,59.8,44.0,29.1,14.5,15.8,14.9,14.6,14.5
美浦,20260707,火,7:36,アルバニクス,,牝,3,0,中舘英二,69.9,52.3,34.2,17.0,17.6,18.1,17.2,17.0
美浦,20260707,火,7:36,ウインカーネリアン,,牡,9,21750,鹿戸雄一,62.3,46.2,29.8,15.1,16.1,16.4,14.7,15.1
美浦,20260707,火,7:36,コスモノーチラス,,牡,2,未出走,中舘英二,70.6,53.1,35.4,17.6,17.5,17.7,17.8,17.6
美浦,20260707,火,7:37,ニシノミヤダシ,,牡,2,未出走,鹿戸雄一,64.2,48.2,31.8,16.0,16.0,16.4,15.8,16.0
美浦,20260707,火,7:37,ベルオーシャン,,牝,3,0,柄崎将寿,66.9,49.3,32.3,16.2,17.6,17.0,16.1,16.2
美浦,20260707,火,7:37,レッセパッセ,,牝,5,900,柄崎将寿,65.0,48.8,31.6,15.4,16.2,17.2,16.2,15.4
美浦,20260707,火,7:37,レヴェンドール,,牝,3,0,柄崎将寿,66.1,49.1,32.0,15.9,17.0,17.1,16.1,15.9
美浦,20260707,火,7:38,アトラップモア,,牝,3,未出走,堀宣行,65.1,49.4,32.7,17.3,15.7,16.7,15.4,17.3
美浦,20260707,火,7:39,,,,,,,73.8,55.6,37.1,18.4,18.2,18.5,18.7,18.4
美浦,20260707,火,7:39,アパッシメント,,セ,4,900,堀宣行,68.6,50.5,32.5,16.2,18.1,18.0,16.3,16.2
美浦,20260707,火,7:39,サトノシュトローム,,牡,3,未出走,堀宣行,66.5,49.6,32.1,16.0,16.9,17.5,16.1,16.0
美浦,20260707,火,7:39,サトノフレア,,牡,3,0,堀宣行,69.3,51.5,33.7,16.7,17.8,17.8,17.0,16.7
美浦,20260707,火,7:39,ダノンタッチダウン,,セ,6,2550,堀宣行,67.6,50.1,32.9,16.5,17.5,17.2,16.4,16.5
美浦,20260707,火,7:39,ラミアメンテ,,牝,4,400,堀宣行,65.8,49.1,31.7,15.4,16.7,17.4,16.3,15.4
美浦,20260707,火,7:40,サトノスターライト,,牝,3,0,森一誠,66.0,47.6,30.8,14.9,18.4,16.8,15.9,14.9
美浦,20260707,火,7:40,ダノンクラウディア,,牡,3,0,森一誠,65.6,47.7,30.9,15.0,17.9,16.8,15.9,15.0
美浦,20260707,火,7:40,ブレイクザアイス,,セ,7,400,森一誠,67.5,49.2,31.4,14.9,18.3,17.8,16.5,14.9
美浦,20260707,火,7:41,ショウナンマリーナ,,牝,4,400,森一誠,66.1,48.0,30.7,14.8,18.1,17.3,15.9,14.8
美浦,20260707,火,7:41,ビーストウォーズ,,牡,3,0,松山将樹,65.7,49.2,32.6,16.0,16.5,16.6,16.6,16.0
美浦,20260707,火,7:42,イサチルシーキング,,牡,3,400,辻哲英,68.9,50.5,33.0,16.3,18.4,17.5,16.7,16.3
美浦,20260707,火,7:42,エリンヘラクレス,,牡,2,未出走,清水英克,68.7,50.5,33.0,16.6,18.2,17.5,16.4,16.6
美浦,20260707,火,7:42,ノワールブレイブ,,牝,2,未出走,清水英克,68.3,50.5,32.9,16.3,17.8,17.6,16.6,16.3
美浦,20260707,火,7:42,ミツカネメルクリオ,,牡,3,0,清水英克,68.7,50.8,33.6,17.0,17.9,17.2,16.6,17.0
美浦,20260707,火,7:43,,,,,,,69.6,52.5,33.8,16.4,17.1,18.7,17.4,16.4
美浦,20260707,火,7:43,,,,,,,75.7,56.2,36.5,17.9,19.5,19.7,18.6,17.9
美浦,20260707,火,7:43,グロリアススマイル,,牡,2,未出走,小笠倫弘,75.7,56.1,36.5,17.9,19.6,19.6,18.6,17.9
美浦,20260707,火,7:43,サヨノジャンボリー,,牡,4,900,小笠倫弘,66.7,48.2,31.5,15.3,18.5,16.7,16.2,15.3
美浦,20260707,火,7:43,サヴマ,,牡,3,0,辻哲英,79.6,58.9,38.9,19.6,20.7,20.0,19.3,19.6
美浦,20260707,火,7:43,ザンテソーロ,,牡,3,0,畠山吉宏,63.4,46.5,31.0,15.4,16.9,15.5,15.6,15.4
美浦,20260707,火,7:43,フェスティヴビーム,,セ,6,400,畠山吉宏,68.3,50.4,32.8,16.3,17.9,17.6,16.5,16.3
美浦,20260707,火,7:43,メリーサウンド,,牝,4,400,小笠倫弘,69.1,50.3,32.5,16.2,18.8,17.8,16.3,16.2
美浦,20260707,火,7:43,ヤマニンリンキング,,牡,3,未出走,辻哲英,104.8,76.6,49.9,24.5,28.2,26.7,25.4,24.5
美浦,20260707,火,7:44,イニシャルポイント,,牝,2,未出走,高木登,68.9,50.8,33.3,17.0,18.1,17.5,16.3,17.0
美浦,20260707,火,7:44,スカイレックス,,牡,3,400,斎藤誠,63.8,47.7,31.7,16.2,16.1,16.0,15.5,16.2
美浦,20260707,火,7:44,セイリュウ,,牡,2,未出走,高木登,70.1,51.4,33.2,16.9,18.7,18.2,16.3,16.9
美浦,20260707,火,7:44,ディスペアーホープ,,牡,2,未出走,小手川準,66.1,48.7,32.1,16.1,17.4,16.6,16.0,16.1
美浦,20260707,火,7:44,ハンサムジョニー,,牡,2,未出走,小手川準,66.6,49.4,32.7,16.4,17.2,16.7,16.3,16.4
美浦,20260707,火,7:44,バトルクライ,,牡,7,7200,高木登,70.5,51.7,33.4,17.1,18.8,18.3,16.3,17.1
美浦,20260707,火,7:44,ファータカリーナ,,牝,2,未出走,辻哲英,121.7,87.6,57.5,27.3,34.1,30.1,30.2,27.3
美浦,20260707,火,7:44,フリーマントル,,牡,5,900,斎藤誠,64.1,47.9,31.7,16.2,16.2,16.2,15.5,16.2
美浦,20260707,火,7:44,モジャーリオ,,牡,4,1500,斎藤誠,62.9,46.8,31.1,15.3,16.1,15.7,15.8,15.3
美浦,20260707,火,7:45,アオイミズホ,,牡,3,0,古賀慎明,67.2,49.7,33.0,16.5,17.5,16.7,16.5,16.5
美浦,20260707,火,7:45,アジュアカレンツ,,牝,3,0,西田雄一,65.6,48.1,31.2,15.3,17.5,16.9,15.9,15.3
美浦,20260707,火,7:45,コウジハラ,,牝,3,400,西田雄一,65.0,47.5,31.2,15.2,17.5,16.3,16.0,15.2
美浦,20260707,火,7:45,コスモペンタス,,牝,3,0,西田雄一,65.4,47.8,31.7,15.5,17.6,16.1,16.2,15.5
美浦,20260707,火,7:45,サトノリアファル,,牡,3,0,古賀慎明,63.8,47.6,31.9,16.1,16.2,15.7,15.8,16.1
美浦,20260707,火,7:45,ジーティーフクフク,,牝,3,0,西田雄一,65.0,47.6,31.1,15.4,17.4,16.5,15.7,15.4
美浦,20260707,火,7:45,ノアスペシャル,,牝,5,400,鈴木慎太,65.4,47.8,31.2,15.7,17.6,16.6,15.5,15.7
美浦,20260707,火,7:45,レスター,,牡,3,0,鈴木慎太,65.1,48.1,31.6,15.7,17.0,16.5,15.9,15.7
美浦,20260707,火,7:46,コイゾラ,,牝,2,未出走,浅利英明,69.0,50.5,32.9,16.0,18.5,17.6,16.9,16.0
美浦,20260707,火,7:46,コスモシグナス,,牡,2,0,水野貴広,69.4,51.8,34.0,16.6,17.6,17.8,17.4,16.6
美浦,20260707,火,7:46,ノーウェアマン,,牡,3,400,浅利英明,65.0,48.7,32.6,15.9,16.3,16.1,16.7,15.9
美浦,20260707,火,7:46,ヒロイックヴァース,,牡,3,0,浅利英明,64.7,47.7,31.2,15.8,17.0,16.5,15.4,15.8
美浦,20260707,火,7:46,ビッグフラワー,,牡,5,400,加藤征弘,65.3,48.5,32.1,16.3,16.8,16.4,15.8,16.3
美浦,20260707,火,7:46,ロジアコース,,牡,2,未出走,加藤征弘,65.5,48.6,32.2,16.3,16.9,16.4,15.9,16.3
美浦,20260707,火,7:46,ロゼフェリシア,,牝,4,150,浅利英明,64.8,47.7,30.7,15.1,17.1,17.0,15.6,15.1
美浦,20260707,火,7:47,エビスディアーナ,,牝,3,0,加藤征弘,70.3,51.8,33.6,16.2,18.5,18.2,17.4,16.2
美浦,20260707,火,7:47,サウジバラード,,牡,3,400,加藤征弘,65.9,48.5,31.9,16.1,17.4,16.6,15.8,16.1
美浦,20260707,火,7:47,サンフラワー,,牝,2,未出走,加藤征弘,67.6,49.7,32.9,16.5,17.9,16.8,16.4,16.5
美浦,20260707,火,7:47,ドバイブルース,,牡,5,1500,加藤征弘,66.2,49.1,31.7,15.9,17.1,17.4,15.8,15.9
美浦,20260707,火,7:47,ハッスルダンク,,セ,6,1500,中川公成,68.6,50.8,34.2,17.4,17.8,16.6,16.8,17.4
美浦,20260707,火,7:47,ルークスイテルム,,牡,2,未出走,中川公成,68.7,50.6,33.6,17.1,18.1,17.0,16.5,17.1
美浦,20260707,火,7:47,レーヴマジック,,牡,2,未出走,中川公成,68.6,50.8,34.1,17.9,17.8,16.7,16.2,17.9
美浦,20260707,火,7:48,アドミ,,牝,3,0,中川公成,65.1,47.4,31.2,15.5,17.7,16.2,15.7,15.5
美浦,20260707,火,7:48,ザバルガド,,牝,3,400,奥村武,61.9,46.0,30.1,14.7,15.9,15.9,15.4,14.7
美浦,20260707,火,7:48,スマイルディシー,,牝,4,400,中川公成,65.1,46.7,30.7,15.6,18.4,16.0,15.1,15.6
美浦,20260707,火,7:48,テキエロ,,牝,2,未出走,中川公成,68.9,50.2,33.1,16.7,18.7,17.1,16.4,16.7
美浦,20260707,火,7:48,テンプーシャオン,,牡,6,400,和田勇介,65.2,48.3,32.2,16.4,16.9,16.1,15.8,16.4
美浦,20260707,火,7:49,シャルムグリーン,,牡,3,0,相沢郁,64.1,47.2,31.1,15.5,16.9,16.1,15.6,15.5
美浦,20260707,火,7:49,セイカタカキヤチク,,牡,2,未出走,相沢郁,65.4,48.0,31.3,15.1,17.4,16.7,16.2,15.1
美浦,20260707,火,7:50,アルバニクス,,牝,3,0,中舘英二,69.5,51.5,33.6,16.7,18.0,17.9,16.9,16.7
美浦,20260707,火,7:51,アズールドーン,,牡,2,未出走,菊沢隆徳,66.5,48.9,32.1,16.1,17.6,16.8,16.0,16.1
美浦,20260707,火,7:51,コスモノーチラス,,牡,2,未出走,中舘英二,69.6,51.8,35.1,17.5,17.8,16.7,17.6,17.5
美浦,20260707,火,7:51,コントラポスト,,セ,6,3200,菊沢隆徳,66.6,49.3,32.4,15.8,17.3,16.9,16.6,15.8
美浦,20260707,火,7:51,ゼフィリア,,牝,3,0,岩戸孝樹,66.6,49.2,33.0,16.7,17.4,16.2,16.3,16.7
美浦,20260707,火,7:51,デルマホダカ,,牝,3,400,菊沢隆徳,65.5,48.8,31.9,16.2,16.7,16.9,15.7,16.2
美浦,20260707,火,7:51,フォルマシオン,,牝,3,0,菊沢隆徳,66.5,49.3,32.3,15.9,17.2,17.0,16.4,15.9
美浦,20260707,火,7:51,フォンターナドーロ,,牝,2,未出走,菊沢隆徳,65.1,48.3,31.9,15.5,16.8,16.4,16.4,15.5
美浦,20260707,火,7:51,メイドリーム,,牝,2,未出走,岩戸孝樹,65.9,48.3,31.9,16.1,17.6,16.4,15.8,16.1
美浦,20260707,火,7:51,ワイワイシャイニー,,牝,2,未出走,岩戸孝樹,66.5,48.9,32.8,16.6,17.6,16.1,16.2,16.6
美浦,20260707,火,7:52,,,,,,,73.6,54.4,36.2,17.6,19.2,18.2,18.6,17.6
美浦,20260707,火,7:52,スカーレットクラン,,牝,2,未出走,林徹,70.7,53.4,34.8,17.0,17.3,18.6,17.8,17.0
美浦,20260707,火,7:52,チョコスコーン,,牝,3,0,林徹,63.4,47.3,31.0,15.0,16.1,16.3,16.0,15.0
美浦,20260707,火,7:52,ドナリー,,牝,2,未出走,林徹,70.7,53.5,34.7,16.9,17.2,18.8,17.8,16.9
美浦,20260707,火,7:52,ネクストドア,,牡,3,0,高橋文雅,65.6,47.9,31.2,15.3,17.7,16.7,15.9,15.3
美浦,20260707,火,7:52,モーニングダリア,,牝,3,0,高橋文雅,63.5,46.9,31.0,15.2,16.6,15.9,15.8,15.2
美浦,20260707,火,7:53,,,,,,,67.8,49.9,32.2,16.0,17.9,17.7,16.2,16.0
美浦,20260707,火,7:53,アルニタク,,牡,2,未出走,伊藤圭三,66.6,49.0,31.8,15.8,17.6,17.2,16.0,15.8
美浦,20260707,火,7:53,スピカテソーロ,,牡,2,未出走,伊藤圭三,67.1,49.1,31.7,15.6,18.0,17.4,16.1,15.6
美浦,20260707,火,7:53,ルージュダリア,,牝,3,400,林徹,74.6,55.1,35.7,17.3,19.5,19.4,18.4,17.3
美浦,20260707,火,7:54,カーラデマドレ,,牝,4,900,矢嶋大樹,70.1,52.0,34.2,16.8,18.1,17.8,17.4,16.8
美浦,20260707,火,7:54,サイモングリーマン,,牡,3,0,的場均,70.1,51.5,33.6,16.6,18.6,17.9,17.0,16.6
美浦,20260707,火,7:54,スチョウプリンセス,,牝,3,0,的場均,69.8,51.4,33.7,16.2,18.4,17.7,17.5,16.2
美浦,20260707,火,7:54,スパークルレイ,,牝,3,0,的場均,70.2,52.7,34.6,17.4,17.5,18.1,17.2,17.4
美浦,20260707,火,7:54,ドゥーニ,,牡,3,0,矢嶋大樹,67.6,49.6,32.8,16.1,18.0,16.8,16.7,16.1
美浦,20260707,火,7:55,キャラメルプリン,,牝,3,0,石栗龍彦,65.4,49.2,32.3,15.9,16.2,16.9,16.4,15.9
美浦,20260707,火,7:55,ソニックウェーブ,,牡,2,未出走,石栗龍彦,65.6,49.0,32.3,15.9,16.6,16.7,16.4,15.9
美浦,20260707,火,7:55,ナムラドガ,,牡,3,0,石栗龍彦,65.7,49.0,32.3,16.0,16.7,16.7,16.3,16.0
美浦,20260707,火,7:56,サンプラザマツモト,,牝,2,未出走,深山雅史,69.8,50.9,32.9,16.5,18.9,18.0,16.4,16.5
美浦,20260707,火,7:57,,,,,,,71.4,52.6,35.3,17.3,18.8,17.3,18.0,17.3
美浦,20260707,火,7:57,エリンヘラクレス,,牡,2,未出走,清水英克,68.9,50.8,33.6,16.9,18.1,17.2,16.7,16.9
美浦,20260707,火,7:57,ゲンテン,,牡,3,0,尾関知人,72.5,53.6,35.5,17.4,18.9,18.1,18.1,17.4
美浦,20260707,火,7:57,コールドスリープ,,牝,2,0,深山雅史,72.5,53.8,36.0,18.3,18.7,17.8,17.7,18.3
美浦,20260707,火,7:57,トップデュオ,,牡,3,0,尾関知人,72.1,53.9,36.1,18.3,18.2,17.8,17.8,18.3
美浦,20260707,火,7:57,ノワールブレイブ,,牝,2,未出走,清水英克,68.0,49.9,33.0,16.4,18.1,16.9,16.6,16.4
美浦,20260707,火,7:57,ミツカネメルクリオ,,牡,3,0,清水英克,69.3,51.2,33.9,17.1,18.1,17.3,16.8,17.1
美浦,20260707,火,7:57,ラクシオンデクラ,,牡,3,0,尾関知人,69.9,52.2,34.6,17.1,17.7,17.6,17.5,17.1
美浦,20260707,火,7:59,エイシンイクサボシ,,牝,3,0,勢司和浩,75.7,55.5,36.5,18.1,20.2,19.0,18.4,18.1
美浦,20260707,火,7:59,サイモンセレーノ,,牝,3,0,勢司和浩,68.1,49.4,32.9,17.0,18.7,16.5,15.9,17.0
美浦,20260707,火,7:59,サヴァビアン,,牡,8,900,新開幸一,68.1,50.5,33.3,16.5,17.6,17.2,16.8,16.5
美浦,20260707,火,7:59,セーヌデローヴ,,牡,3,0,黒岩陽一,62.0,45.5,30.1,15.0,16.5,15.4,15.1,15.0
美浦,20260707,火,7:59,ディヴァインスカイ,,牡,3,400,田島俊明,68.9,50.8,32.7,16.2,18.1,18.1,16.5,16.2
美浦,20260707,火,7:59,ビップヴィーナス,,牝,2,0,田島俊明,68.6,50.7,33.0,16.2,17.9,17.7,16.8,16.2
美浦,20260707,火,7:59,マイネルサリーレ,,牡,2,未出走,田島俊明,68.7,50.5,32.7,15.9,18.2,17.8,16.8,15.9
美浦,20260707,火,8:00,,,,,,,71.5,54.0,36.4,19.0,17.5,17.6,17.4,19.0
美浦,20260707,火,8:00,インナーパッション,,牡,3,400,斎藤誠,62.0,45.8,30.0,14.8,16.2,15.8,15.2,14.8
美浦,20260707,火,8:00,ガムラスタン,,牡,3,400,斎藤誠,65.4,48.6,31.8,15.2,16.8,16.8,16.6,15.2
美浦,20260707,火,8:00,サンヴァンガード,,牡,2,未出走,新開幸一,72.3,54.7,36.7,19.1,17.6,18.0,17.6,19.1
美浦,20260707,火,8:00,スカイレックス,,牡,3,400,斎藤誠,63.1,46.4,30.6,15.1,16.7,15.8,15.5,15.1
美浦,20260707,火,8:00,セブンワンダーズ,,牡,3,0,斎藤誠,62.1,45.8,30.0,14.8,16.3,15.8,15.2,14.8
美浦,20260707,火,8:00,フリーマントル,,牡,5,900,斎藤誠,63.0,46.5,30.5,14.9,16.5,16.0,15.6,14.9
美浦,20260707,火,8:00,メタルスピード,,牡,6,2400,斎藤誠,62.7,46.2,30.2,14.8,16.5,16.0,15.4,14.8
美浦,20260707,火,8:00,モジャーリオ,,牡,4,1500,斎藤誠,63.1,46.7,30.9,15.5,16.4,15.8,15.4,15.5
美浦,20260707,火,8:01,サイモンオリエント,,牡,2,未出走,勢司和浩,69.6,52.1,35.2,17.9,17.5,16.9,17.3,17.9
美浦,20260707,火,8:02,ヒサエノオモカゲ,,牝,4,400,千葉直人,69.4,49.0,30.8,14.6,20.4,18.2,16.2,14.6
美浦,20260707,火,8:02,ヴォンサクレ,,牡,3,0,勢司和浩,63.6,46.7,31.2,15.8,16.9,15.5,15.4,15.8
美浦,20260707,火,8:04,イズルード,,牡,4,400,田島俊明,69.9,50.9,32.7,16.1,19.0,18.2,16.6,16.1
美浦,20260707,火,8:04,テリオスレイ,,牝,3,0,田島俊明,74.4,54.5,35.7,18.0,19.9,18.8,17.7,18.0
美浦,20260707,火,8:05,エマージェンス,,牡,4,0,堀内岳志,62.9,47.0,30.9,15.5,15.9,16.1,15.4,15.5
美浦,20260707,火,8:05,ミカミッチー,,牝,2,未出走,田中勝春,63.6,46.6,30.8,15.1,17.0,15.8,15.7,15.1
美浦,20260707,火,8:06,,,,,,,70.2,51.6,34.0,16.6,18.6,17.6,17.4,16.6
美浦,20260707,火,8:06,グランルチャドール,,牡,5,400,上原佑紀,65.5,48.6,31.5,14.9,16.9,17.1,16.6,14.9
美浦,20260707,火,8:07,ユメノカケラ,,牡,2,未出走,上原佑紀,68.4,50.1,33.2,16.4,18.3,16.9,16.8,16.4
美浦,20260707,火,8:09,サイモングリーマン,,牡,3,0,的場均,67.8,50.0,33.2,16.3,17.8,16.8,16.9,16.3
美浦,20260707,火,8:09,スチョウプリンセス,,牝,3,0,的場均,67.5,49.6,32.1,15.7,17.9,17.5,16.4,15.7
美浦,20260707,火,8:09,スパークルレイ,,牝,3,0,的場均,66.7,49.9,32.8,16.5,16.8,17.1,16.3,16.5
美浦,20260707,火,8:17,ラヴィプランドール,,牝,3,0,浅利英明,68.6,50.8,33.4,16.9,17.8,17.4,16.5,16.9
美浦,20260707,火,8:17,ルージュベルベット,,牝,5,310,浅利英明,68.3,50.4,32.9,16.5,17.9,17.5,16.4,16.5
美浦,20260707,火,8:19,ナムラダックス,,牡,2,未出走,石栗龍彦,80.1,59.2,38.8,19.4,20.9,20.4,19.4,19.4
美浦,20260707,火,8:20,グッバイウェーブ,,牝,4,400,中川公成,63.6,47.7,31.9,15.9,15.9,15.8,16.0,15.9
美浦,20260707,火,8:25,アロハオエ,,牝,3,0,中川公成,64.0,48.0,32.2,16.6,16.0,15.8,15.6,16.6
美浦,20260707,火,8:35,クリムゾンリーフ,,牡,3,0,加藤士津,63.6,47.0,31.3,14.9,16.6,15.7,16.4,14.9
美浦,20260707,火,8:36,,,,,,,70.7,52.6,35.1,17.5,18.1,17.5,17.6,17.5
美浦,20260707,火,8:36,ティーシュペランサ,,牡,2,未出走,加藤士津,64.7,48.3,32.1,15.7,16.4,16.2,16.4,15.7
美浦,20260707,火,8:36,リュクスパトロール,,牝,3,400,加藤士津,68.9,50.3,33.1,16.4,18.6,17.2,16.7,16.4
美浦,20260707,火,8:44,,,,,,,67.6,49.7,32.7,17.0,17.9,17.0,15.7,17.0
美浦,20260707,火,8:44,シアルナーレ,,牡,2,0,田中博康,60.4,44.1,28.5,14.0,16.3,15.6,14.5,14.0
