栗東,20260708,水,5:00,アトランタ,,牡,2,未出走,高柳大輔,56.0,40.4,26.3,12.9,15.6,14.1,13.4,12.9
栗東,20260708,水,5:00,アームズラムレイ,,牝,2,未出走,上村洋行,52.3,37.7,24.6,12.1,14.6,13.1,12.5,12.1
栗東,20260708,水,5:00,エルフストラック,,牝,5,1500,中村直也,55.7,38.8,24.8,12.4,16.9,14.0,12.4,12.4
栗東,20260708,水,5:00,スマイルガーデン,,牝,3,0,西村真幸,55.8,40.7,26.0,12.3,15.1,14.7,13.7,12.3
栗東,20260708,水,5:00,セコンドトゥベスト,,牝,3,0,上村洋行,55.8,39.7,25.7,12.7,16.1,14.0,13.0,12.7
栗東,20260708,水,5:00,セルヴァジオ,,牝,3,0,上村洋行,55.3,39.1,25.3,12.7,16.2,13.8,12.6,12.7
栗東,20260708,水,5:00,チェファルー,,牡,3,0,上村洋行,52.8,38.1,24.8,12.1,14.7,13.3,12.7,12.1
栗東,20260708,水,5:00,ラブインアクション,,牝,3,400,橋口慎介,54.5,38.9,25.0,12.1,15.6,13.9,12.9,12.1
栗東,20260708,水,5:00,レイワサンサン,,セ,5,900,高柳大輔,53.4,38.9,25.5,12.7,14.5,13.4,12.8,12.7
栗東,20260708,水,5:01,,,,,,,65.3,47.7,31.6,15.7,17.6,16.1,15.9,15.7
栗東,20260708,水,5:01,エヒト,,牡,9,7950,森秀行,53.5,38.4,24.5,11.9,15.1,13.9,12.6,11.9
栗東,20260708,水,5:01,ジャスパーゴールド,,セ,8,3600,森秀行,51.4,38.1,25.4,13.0,13.3,12.7,12.4,13.0
栗東,20260708,水,5:01,ステアハート,,牝,4,900,新谷功一,54.7,39.2,25.4,12.5,15.5,13.8,12.9,12.5
栗東,20260708,水,5:01,スマートクラビ,,牡,4,400,中村直也,55.6,40.4,26.0,12.7,15.2,14.4,13.3,12.7
栗東,20260708,水,5:01,ゼンノトヨタマヒメ,,牝,3,0,中村直也,53.5,37.9,24.5,12.5,15.6,13.4,12.0,12.5
栗東,20260708,水,5:01,タイムレスフレアー,,牡,3,0,橋口慎介,53.8,39.1,25.0,12.4,14.7,14.1,12.6,12.4
栗東,20260708,水,5:01,ダヌラーサナ,,牝,2,未出走,新谷功一,54.2,38.8,25.1,12.5,15.4,13.7,12.6,12.5
栗東,20260708,水,5:01,ディオレガーロ,,牝,3,0,長谷川浩,56.9,42.0,26.8,12.5,14.9,15.2,14.3,12.5
栗東,20260708,水,5:01,トラカイキャッスル,,牝,3,0,西村真幸,59.1,41.3,26.2,12.8,17.8,15.1,13.4,12.8
栗東,20260708,水,5:01,パレットフレイバー,,牝,3,400,加藤公太,55.8,40.1,25.7,12.4,15.7,14.4,13.3,12.4
栗東,20260708,水,5:01,ファムエレガンテ,,牝,4,2400,中村直也,55.9,39.7,25.3,12.2,16.2,14.4,13.1,12.2
栗東,20260708,水,5:01,ベルメサイア,,牝,5,400,西村真幸,53.7,38.0,24.9,12.7,15.7,13.1,12.2,12.7
栗東,20260708,水,5:01,マテンロウコマンド,,牡,4,6920,長谷川浩,52.8,38.3,25.1,12.6,14.5,13.2,12.5,12.6
栗東,20260708,水,5:01,マニバドラ,,牡,6,3600,森秀行,52.4,37.8,24.7,12.3,14.6,13.1,12.4,12.3
栗東,20260708,水,5:01,マハートマーベル,,牡,4,900,西村真幸,63.7,46.3,30.5,15.3,17.4,15.8,15.2,15.3
栗東,20260708,水,5:01,リアライズルミナス,,牝,3,400,橋口慎介,53.0,38.6,24.9,12.3,14.4,13.7,12.6,12.3
栗東,20260708,水,5:01,リメンバーシドニー,,牝,3,0,橋口慎介,53.8,39.6,25.5,12.8,14.2,14.1,12.7,12.8
栗東,20260708,水,5:01,レディマリオン,,牝,5,2400,長谷川浩,54.6,39.2,24.7,12.1,15.4,14.5,12.6,12.1
栗東,20260708,水,5:01,ロコラッテ,,牝,2,未出走,橋口慎介,54.4,39.9,26.1,13.3,14.5,13.8,12.8,13.3
栗東,20260708,水,5:01,ヴィリアリート,,牝,4,1500,西村真幸,68.4,48.8,32.1,16.1,19.6,16.7,16.0,16.1
栗東,20260708,水,5:02,アスクハッピーマン,,牡,3,0,矢作芳人,54.5,38.3,24.5,12.3,16.2,13.8,12.2,12.3
栗東,20260708,水,5:02,インブロリオ,,牝,4,900,吉村圭司,54.0,38.9,25.2,12.3,15.1,13.7,12.9,12.3
栗東,20260708,水,5:02,エイシンビーコン,,牡,3,400,吉村圭司,54.1,39.2,25.2,12.1,14.9,14.0,13.1,12.1
栗東,20260708,水,5:02,エルトンバローズ,,牡,6,11900,杉山晴紀,53.9,38.7,24.4,12.2,15.2,14.3,12.2,12.2
栗東,20260708,水,5:02,オースミサイファー,,牡,3,0,宮本博,55.2,39.0,25.1,12.2,16.2,13.9,12.9,12.2
栗東,20260708,水,5:02,オーロラエックス,,牝,5,3800,杉山晴紀,56.7,40.6,26.4,13.0,16.1,14.2,13.4,13.0
栗東,20260708,水,5:02,カツラコマチ,,牝,3,0,吉村圭司,54.5,39.2,25.1,12.6,15.3,14.1,12.5,12.6
栗東,20260708,水,5:02,カネフラ,,牡,6,2400,高橋康之,57.0,40.3,25.5,12.2,16.7,14.8,13.3,12.2
栗東,20260708,水,5:02,キリオス,,牡,3,400,庄野靖志,54.3,40.2,25.6,12.2,14.1,14.6,13.4,12.2
栗東,20260708,水,5:02,キンダープンシュ,,牝,3,400,大久保龍,55.6,40.4,26.0,12.6,15.2,14.4,13.4,12.6
栗東,20260708,水,5:02,クータモ,,牡,3,0,大久保龍,55.0,40.2,25.9,12.6,14.8,14.3,13.3,12.6
栗東,20260708,水,5:02,ゴールデンテティス,,牝,3,0,庄野靖志,59.0,42.6,27.8,13.8,16.4,14.8,14.0,13.8
栗東,20260708,水,5:02,ジェルブロア,,牝,4,400,矢作芳人,54.8,39.0,25.2,12.6,15.8,13.8,12.6,12.6
栗東,20260708,水,5:02,ジョアン,,牝,3,400,中村直也,57.8,40.8,26.4,13.0,17.0,14.4,13.4,13.0
栗東,20260708,水,5:02,ジンセイ,,牡,5,2400,庄野靖志,52.9,38.3,25.2,12.5,14.6,13.1,12.7,12.5
栗東,20260708,水,5:02,ステライヴ,,牝,3,400,杉山晴紀,53.1,38.4,24.3,12.4,14.7,14.1,11.9,12.4
栗東,20260708,水,5:02,スーパービジー,,牡,3,0,庄野靖志,53.4,39.1,25.3,12.5,14.3,13.8,12.8,12.5
栗東,20260708,水,5:02,タイセイドゥマーニ,,牡,3,未出走,杉山晴紀,52.5,38.1,24.3,12.4,14.4,13.8,11.9,12.4
栗東,20260708,水,5:02,ティエルニート,,牝,2,未出走,高橋康之,56.2,40.0,25.5,12.2,16.2,14.5,13.3,12.2
栗東,20260708,水,5:02,ティグリス,,牝,3,0,杉山晴紀,56.1,39.9,25.7,12.6,16.2,14.2,13.1,12.6
栗東,20260708,水,5:02,ニシノミチアキ,,牡,4,400,吉村圭司,55.6,40.0,25.9,12.7,15.6,14.1,13.2,12.7
栗東,20260708,水,5:02,ビケイムフリー,,牝,3,0,吉村圭司,55.0,40.1,25.8,13.1,14.9,14.3,12.7,13.1
栗東,20260708,水,5:02,フランヴィア,,牝,2,0,庄野靖志,55.5,41.2,26.2,12.6,14.3,15.0,13.6,12.6
栗東,20260708,水,5:02,フリーガー,,牡,3,400,矢作芳人,54.6,38.4,24.7,12.4,16.2,13.7,12.3,12.4
栗東,20260708,水,5:02,ベルジュロネット,,牡,4,3600,大久保龍,53.9,38.7,24.6,11.9,15.2,14.1,12.7,11.9
栗東,20260708,水,5:02,モアニ,,牝,5,900,高橋康之,55.5,40.0,25.5,12.1,15.5,14.5,13.4,12.1
栗東,20260708,水,5:02,モーデン,,牡,8,1590,加藤公太,55.1,39.1,24.7,11.9,16.0,14.4,12.8,11.9
栗東,20260708,水,5:02,リザレクティア,,牝,3,0,高橋康之,55.3,39.6,25.4,12.3,15.7,14.2,13.1,12.3
栗東,20260708,水,5:02,レッドヴァリアート,,牡,4,400,加藤公太,56.0,40.3,25.8,12.4,15.7,14.5,13.4,12.4
栗東,20260708,水,5:02,ヴィスメンティス,,牡,3,0,池江泰寿,55.7,39.7,25.4,12.6,16.0,14.3,12.8,12.6
栗東,20260708,水,5:03,,,,,,,58.2,41.8,27.1,13.4,16.4,14.7,13.7,13.4
栗東,20260708,水,5:03,グッデイチャイカ,,牡,2,未出走,東田明士,56.6,41.5,27.9,14.5,15.1,13.6,13.4,14.5
栗東,20260708,水,5:03,ココフルール,,牝,2,未出走,東田明士,57.2,41.5,26.8,12.8,15.7,14.7,14.0,12.8
栗東,20260708,水,5:03,サンデーファンデー,,牡,6,9550,東田明士,54.4,39.5,25.3,12.5,14.9,14.2,12.8,12.5
栗東,20260708,水,5:03,サンライズジャッジ,,牡,3,0,小椋研介,55.5,40.6,27.3,13.5,14.9,13.3,13.8,13.5
栗東,20260708,水,5:03,サンライズジョー,,牡,3,0,小椋研介,55.1,40.5,27.3,13.6,14.6,13.2,13.7,13.6
栗東,20260708,水,5:03,サンライズプルート,,牡,6,900,東田明士,58.4,42.4,27.2,13.1,16.0,15.2,14.1,13.1
栗東,20260708,水,5:03,ザキノシュガー,,牡,2,未出走,東田明士,56.2,41.0,27.5,14.1,15.2,13.5,13.4,14.1
栗東,20260708,水,5:03,ジーティーメティオ,,牝,3,0,矢作芳人,56.3,40.2,25.5,12.4,16.1,14.7,13.1,12.4
栗東,20260708,水,5:03,ダノンスウィッチ,,牡,5,1500,東田明士,53.4,38.1,24.3,11.8,15.3,13.8,12.5,11.8
栗東,20260708,水,5:03,ダノンフェルゼン,,牡,4,400,東田明士,54.1,39.3,25.1,12.5,14.8,14.2,12.6,12.5
栗東,20260708,水,5:03,テムスターオー,,牡,2,未出走,小椋研介,57.7,41.7,27.0,13.3,16.0,14.7,13.7,13.3
栗東,20260708,水,5:03,ナギサモデラート,,牝,2,未出走,清水久詞,57.6,42.0,27.6,13.8,15.6,14.4,13.8,13.8
栗東,20260708,水,5:03,フレイムスター,,牡,3,400,清水久詞,56.1,40.5,26.3,12.7,15.6,14.2,13.6,12.7
栗東,20260708,水,5:03,マナエトレ,,牡,4,900,清水久詞,54.6,39.8,25.9,12.6,14.8,13.9,13.3,12.6
栗東,20260708,水,5:03,ルクスユアン,,牡,3,0,清水久詞,57.1,41.3,27.3,13.6,15.8,14.0,13.7,13.6
栗東,20260708,水,5:03,レッドパラジウム,,牡,3,0,清水久詞,53.7,38.7,25.3,12.4,15.0,13.4,12.9,12.4
栗東,20260708,水,5:04,,,,,,,53.4,39.6,25.9,13.0,13.8,13.7,12.9,13.0
栗東,20260708,水,5:04,アイアン,,牡,3,0,辻野泰之,56.0,41.0,26.9,13.2,15.0,14.1,13.7,13.2
栗東,20260708,水,5:04,ウインビスタ,,牡,3,0,梅田智之,54.5,39.6,25.6,12.5,14.9,14.0,13.1,12.5
栗東,20260708,水,5:04,ケイアイアルタイル,,牡,5,900,梅田智之,53.6,37.8,24.6,12.5,15.8,13.2,12.1,12.5
栗東,20260708,水,5:04,サンライズアリオン,,牡,7,3600,平田修,53.2,38.9,25.5,12.9,14.3,13.4,12.6,12.9
栗東,20260708,水,5:04,サンライズハリー,,牡,3,0,平田修,56.5,41.0,26.3,12.5,15.5,14.7,13.8,12.5
栗東,20260708,水,5:04,ショウナンバラモン,,牡,2,未出走,須貝尚介,53.8,39.5,25.8,13.1,14.3,13.7,12.7,13.1
栗東,20260708,水,5:04,シンゼンカガ,,牡,4,1500,荒川義之,52.5,38.0,24.8,12.5,14.5,13.2,12.3,12.5
栗東,20260708,水,5:04,スクワミッシュ,,牝,2,未出走,梅田智之,53.3,38.8,24.9,12.1,14.5,13.9,12.8,12.1
栗東,20260708,水,5:04,ディアデムドール,,牝,3,0,今野貞一,53.9,38.8,25.0,12.5,15.1,13.8,12.5,12.5
栗東,20260708,水,5:04,ドンインザムード,,牡,4,5350,今野貞一,53.9,38.9,24.7,12.0,15.0,14.2,12.7,12.0
栗東,20260708,水,5:04,ハイクオリティ,,牡,4,900,今野貞一,68.7,49.1,32.4,16.0,19.6,16.7,16.4,16.0
栗東,20260708,水,5:04,フリッシュ,,牡,3,400,平田修,54.8,39.7,25.4,12.2,15.1,14.3,13.2,12.2
栗東,20260708,水,5:04,ベルファスト,,牝,5,170,今野貞一,55.8,39.9,25.3,12.6,15.9,14.6,12.7,12.6
栗東,20260708,水,5:04,ベルヴェール,,牡,2,未出走,石坂公一,56.3,40.3,25.8,12.4,16.0,14.5,13.4,12.4
栗東,20260708,水,5:04,ヴァンドゥーヴル,,牡,3,0,石坂公一,55.2,39.6,25.2,12.4,15.6,14.4,12.8,12.4
栗東,20260708,水,5:04,ヴェロクオーレ,,牝,5,1180,石坂公一,57.1,41.4,26.6,12.7,15.7,14.8,13.9,12.7
栗東,20260708,水,5:05,,,,,,,63.3,46.6,31.2,15.1,16.7,15.4,16.1,15.1
栗東,20260708,水,5:05,アイゼンハイム,,牡,3,0,辻野泰之,55.7,40.0,25.9,12.6,15.7,14.1,13.3,12.6
栗東,20260708,水,5:05,アスクザアメリカン,,牡,4,0,野中賢二,56.1,40.7,25.7,12.8,15.4,15.0,12.9,12.8
栗東,20260708,水,5:05,アメリカンスタイル,,牡,3,400,藤原英昭,51.3,37.2,24.2,12.2,14.1,13.0,12.0,12.2
栗東,20260708,水,5:05,アーガイルショア,,牝,3,400,安田翔伍,52.9,38.8,25.6,13.0,14.1,13.2,12.6,13.0
栗東,20260708,水,5:05,キシュウマミー,,牝,2,未出走,安達昭夫,61.7,45.4,30.5,14.7,16.3,14.9,15.8,14.7
栗東,20260708,水,5:05,ダノンチャンピオン,,牡,2,未出走,安田翔伍,52.4,38.0,24.8,12.4,14.4,13.2,12.4,12.4
栗東,20260708,水,5:05,ドラゴンテイラー,,牡,4,2400,藤原英昭,51.4,37.4,24.2,12.1,14.0,13.2,12.1,12.1
栗東,20260708,水,5:05,バートラガッツ,,牡,3,400,池添学,54.7,38.8,24.7,12.2,15.9,14.1,12.5,12.2
栗東,20260708,水,5:05,ビシェノ,,牝,3,0,安田翔伍,54.1,38.9,25.3,12.6,15.2,13.6,12.7,12.6
栗東,20260708,水,5:05,フラッシングルビー,,牝,2,未出走,辻野泰之,55.5,39.8,25.8,12.8,15.7,14.0,13.0,12.8
栗東,20260708,水,5:05,ブルーザー,,牡,3,0,池添学,56.2,40.3,25.6,12.6,15.9,14.7,13.0,12.6
栗東,20260708,水,5:05,マイティキングダム,,牡,3,400,加藤公太,66.1,48.6,32.4,15.8,17.5,16.2,16.6,15.8
栗東,20260708,水,5:05,ミッキーゴージャス,,牝,6,5700,安田翔伍,52.4,38.2,24.9,12.6,14.2,13.3,12.3,12.6
栗東,20260708,水,5:05,ミリオンカラー,,牝,2,未出走,北出成人,71.2,49.1,32.2,15.3,22.1,16.9,16.9,15.3
栗東,20260708,水,5:05,ルブリアン,,牡,4,400,高橋亮,57.8,40.9,25.9,12.5,16.9,15.0,13.4,12.5
栗東,20260708,水,5:05,ルージュミステリオ,,牝,4,400,辻野泰之,54.7,39.3,25.5,12.8,15.4,13.8,12.7,12.8
栗東,20260708,水,5:06,,,,,,,71.5,51.8,33.9,16.4,19.7,17.9,17.5,16.4
栗東,20260708,水,5:06,エンヴェロップ,,牝,3,400,佐藤悠太,62.1,46.1,30.8,15.5,16.0,15.3,15.3,15.5
栗東,20260708,水,5:06,オールナット,,牡,5,4550,高野友和,74.7,54.3,35.4,17.6,20.4,18.9,17.8,17.6
栗東,20260708,水,5:06,カウンティフェア,,牝,4,900,高野友和,73.3,52.8,34.2,16.9,20.5,18.6,17.3,16.9
栗東,20260708,水,5:06,カエリールークス,,牝,2,400,佐藤悠太,68.3,50.8,33.7,16.7,17.5,17.1,17.0,16.7
栗東,20260708,水,5:06,キタノプレミアム,,牝,3,0,坂口智康,53.6,38.6,24.5,12.2,15.0,14.1,12.3,12.2
栗東,20260708,水,5:06,クリノゴージャス,,牝,3,未出走,荒川義之,55.0,39.9,25.5,12.8,15.1,14.4,12.7,12.8
栗東,20260708,水,5:06,スナークラファエロ,,セ,5,2400,野中賢二,54.9,39.4,25.3,12.5,15.5,14.1,12.8,12.5
栗東,20260708,水,5:06,スマッシング,,牝,3,400,佐藤悠太,69.0,50.4,32.8,16.2,18.6,17.6,16.6,16.2
栗東,20260708,水,5:06,セレブトーチ,,牝,3,400,坂口智康,57.4,40.6,25.8,12.7,16.8,14.8,13.1,12.7
栗東,20260708,水,5:06,タガノラヴズワン,,牝,3,0,平田修,53.2,38.6,25.2,12.4,14.6,13.4,12.8,12.4
栗東,20260708,水,5:06,ナムラサフラン,,牝,2,未出走,荒川義之,55.0,39.2,25.4,12.7,15.8,13.8,12.7,12.7
栗東,20260708,水,5:06,ノーランサンライズ,,牝,4,1500,佐藤悠太,69.0,50.3,32.9,16.2,18.7,17.4,16.7,16.2
栗東,20260708,水,5:06,ブルーストレイル,,牡,5,480,荒川義之,54.3,39.3,25.3,12.8,15.0,14.0,12.5,12.8
栗東,20260708,水,5:06,ホウオウタイタン,,牝,4,900,須貝尚介,63.3,45.1,28.9,14.1,18.2,16.2,14.8,14.1
栗東,20260708,水,5:06,リヴァイ,,牡,3,0,高野友和,73.0,52.9,33.9,15.9,20.1,19.0,18.0,15.9
栗東,20260708,水,5:06,ルディック,,牡,5,2400,高野友和,73.8,52.6,34.2,16.7,21.2,18.4,17.5,16.7
栗東,20260708,水,5:06,ロンリーマン,,牡,2,未出走,荒川義之,55.5,39.7,25.4,12.7,15.8,14.3,12.7,12.7
栗東,20260708,水,5:07,アンリーベイビー,,牝,5,400,茶木太樹,57.5,41.0,26.5,13.3,16.5,14.5,13.2,13.3
栗東,20260708,水,5:07,カルパ,,牡,5,1500,須貝尚介,61.6,45.3,30.1,15.0,16.3,15.2,15.1,15.0
栗東,20260708,水,5:07,ディープナイト,,牡,2,未出走,牧田和弥,65.1,47.8,31.4,15.1,17.3,16.4,16.3,15.1
栗東,20260708,水,5:07,ブームバップビート,,牡,3,400,中内田充,54.6,39.3,24.8,12.1,15.3,14.5,12.7,12.1
栗東,20260708,水,5:07,マディソンガール,,牝,4,900,中内田充,57.0,40.8,26.3,12.9,16.2,14.5,13.4,12.9
栗東,20260708,水,5:07,モンテシート,,牡,4,1500,牧田和弥,69.5,51.3,34.3,17.1,18.2,17.0,17.2,17.1
栗東,20260708,水,5:07,ヤマトデュノール,,牡,2,未出走,安達昭夫,54.8,40.1,26.1,13.3,14.7,14.0,12.8,13.3
栗東,20260708,水,5:08,ウーマンズパワー,,牝,3,400,中尾秀正,57.2,41.5,27.8,14.3,15.7,13.7,13.5,14.3
栗東,20260708,水,5:08,グランピアン,,牝,3,0,森田直行,54.7,38.9,25.4,12.9,15.8,13.5,12.5,12.9
栗東,20260708,水,5:08,グリミスティ,,牝,3,0,森田直行,67.9,48.9,31.7,15.6,19.0,17.2,16.1,15.6
栗東,20260708,水,5:08,ジューンエオス,,牝,4,1500,武英智,56.0,39.9,25.1,12.5,16.1,14.8,12.6,12.5
栗東,20260708,水,5:08,スネーフリンガ,,牝,4,900,森田直行,55.0,38.9,25.4,12.8,16.1,13.5,12.6,12.8
栗東,20260708,水,5:08,チュウワメロディー,,牡,3,0,小崎憲,56.8,41.5,27.3,14.0,15.3,14.2,13.3,14.0
栗東,20260708,水,5:08,ティンティンデオ,,牡,5,1500,小崎憲,54.0,39.9,26.4,13.4,14.1,13.5,13.0,13.4
栗東,20260708,水,5:08,ハマナスノサクコロ,,牝,2,未出走,武英智,56.3,40.2,25.2,12.4,16.1,15.0,12.8,12.4
栗東,20260708,水,5:08,バンブラボー,,牡,3,0,飯田祐史,56.5,40.3,25.9,12.6,16.2,14.4,13.3,12.6
栗東,20260708,水,5:08,フライングブレード,,牡,6,1500,飯田祐史,54.8,39.3,25.3,12.7,15.5,14.0,12.6,12.7
栗東,20260708,水,5:08,ペアレンツギフト,,牝,3,400,中内田充,51.9,37.6,24.2,12.2,14.3,13.4,12.0,12.2
栗東,20260708,水,5:08,ペコリズム,,牝,3,0,森田直行,53.7,38.1,24.9,12.6,15.6,13.2,12.3,12.6
栗東,20260708,水,5:08,メイショウグロリア,,牝,3,未出走,飯田祐史,56.8,40.5,26.2,13.0,16.3,14.3,13.2,13.0
栗東,20260708,水,5:08,メイショウツキヨ,,牝,3,0,飯田祐史,56.8,40.6,26.2,13.1,16.2,14.4,13.1,13.1
栗東,20260708,水,5:08,モズプリヴェール,,牡,4,400,森田直行,68.8,50.1,32.9,16.2,18.7,17.2,16.7,16.2
栗東,20260708,水,5:08,ルクスドリーム,,牡,3,0,小崎憲,53.4,38.8,25.6,12.8,14.6,13.2,12.8,12.8
栗東,20260708,水,5:08,ルージュプルーヴ,,牝,3,0,中内田充,54.5,39.3,25.5,12.9,15.2,13.8,12.6,12.9
栗東,20260708,水,5:09,セイントホース,,牡,3,400,谷潔,54.6,38.8,25.1,12.6,15.8,13.7,12.5,12.6
栗東,20260708,水,5:09,ダンツウルス,,牡,3,0,谷潔,53.6,38.2,24.9,12.4,15.4,13.3,12.5,12.4
栗東,20260708,水,5:09,バーケンティン,,牡,5,400,平田修,53.0,38.2,24.9,12.8,14.8,13.3,12.1,12.8
栗東,20260708,水,5:09,パラディオン,,牡,3,400,高柳大輔,65.5,46.9,30.7,15.1,18.6,16.2,15.6,15.1
栗東,20260708,水,5:09,ベリベリハッピー,,牝,3,0,渡辺薫彦,55.3,40.0,25.5,12.3,15.3,14.5,13.2,12.3
栗東,20260708,水,5:09,マーシーラン,,牝,5,400,渡辺薫彦,53.7,38.6,24.5,11.7,15.1,14.1,12.8,11.7
栗東,20260708,水,5:09,メイショウバルキア,,牝,3,0,渡辺薫彦,55.0,39.7,26.0,12.7,15.3,13.7,13.3,12.7
栗東,20260708,水,5:09,ワイルドカグラ,,牝,3,0,渡辺薫彦,55.4,40.0,25.6,12.4,15.4,14.4,13.2,12.4
栗東,20260708,水,5:09,ワンダーシャッフル,,牡,3,0,渡辺薫彦,54.7,39.4,25.2,12.6,15.3,14.2,12.6,12.6
栗東,20260708,水,5:10,,,,,,,72.8,52.4,34.1,16.7,20.4,18.3,17.4,16.7
栗東,20260708,水,5:10,カラクニダケ,,牡,3,400,谷潔,54.6,39.9,26.3,13.3,14.7,13.6,13.0,13.3
栗東,20260708,水,5:10,クリノオリーブ,,牝,5,900,谷潔,52.8,37.8,24.7,12.5,15.0,13.1,12.2,12.5
栗東,20260708,水,5:10,ゴールドアーク,,牡,2,未出走,谷潔,55.3,40.5,26.7,13.7,14.8,13.8,13.0,13.7
栗東,20260708,水,5:10,スリーラーケン,,牡,4,400,高橋義忠,54.7,39.2,25.3,12.5,15.5,13.9,12.8,12.5
栗東,20260708,水,5:10,トシミチ,,牡,2,400,谷潔,69.4,49.7,32.6,16.4,19.7,17.1,16.2,16.4
栗東,20260708,水,5:10,トレッチェ,,牝,3,0,渡辺薫彦,71.0,50.0,31.6,15.2,21.0,18.4,16.4,15.2
栗東,20260708,水,5:10,ベネメレンティ,,牝,5,400,前川恭子,53.6,39.1,25.5,12.8,14.5,13.6,12.7,12.8
栗東,20260708,水,5:11,アマリス,,牝,2,未出走,高橋一哉,56.1,40.4,26.4,13.2,15.7,14.0,13.2,13.2
栗東,20260708,水,5:11,アヴレディール,,牝,2,未出走,松永幹夫,53.4,38.2,24.6,12.6,15.2,13.6,12.0,12.6
栗東,20260708,水,5:11,イルミナジーティー,,牝,3,0,西園翔太,56.8,41.3,26.2,12.3,15.5,15.1,13.9,12.3
栗東,20260708,水,5:11,グランシャン,,牡,3,0,松永幹夫,55.6,40.8,26.4,13.2,14.8,14.4,13.2,13.2
栗東,20260708,水,5:11,シゲルソロソロ,,牝,6,1500,谷潔,58.4,43.4,29.0,15.0,15.0,14.4,14.0,15.0
栗東,20260708,水,5:11,シックパラソル,,牝,2,未出走,松永幹夫,53.8,38.4,24.6,12.5,15.4,13.8,12.1,12.5
栗東,20260708,水,5:11,ブラックミューズ,,牝,2,0,松永幹夫,56.0,40.8,26.4,13.1,15.2,14.4,13.3,13.1
栗東,20260708,水,5:11,プロミシングスター,,牡,5,1500,高橋義忠,61.6,43.4,28.0,13.9,18.2,15.4,14.1,13.9
栗東,20260708,水,5:11,ベルフラム,,牝,3,400,高橋一哉,54.6,39.4,25.4,12.7,15.2,14.0,12.7,12.7
栗東,20260708,水,5:11,ミール,,牝,2,未出走,高橋一哉,56.9,41.0,26.8,13.5,15.9,14.2,13.3,13.5
栗東,20260708,水,5:11,メローネ,,牝,3,900,西園翔太,55.5,40.4,26.1,12.8,15.1,14.3,13.3,12.8
栗東,20260708,水,5:11,ヤマニンソロイスト,,牡,3,未出走,斉藤崇史,75.4,54.9,35.4,16.6,20.5,19.5,18.8,16.6
栗東,20260708,水,5:11,ルージュソリテール,,牝,4,2500,藤原英昭,67.4,48.1,31.3,15.3,19.3,16.8,16.0,15.3
栗東,20260708,水,5:11,ロケベンドラ,,牝,4,400,西園翔太,55.5,39.7,24.7,11.8,15.8,15.0,12.9,11.8
栗東,20260708,水,5:11,ロンドボス,,牝,4,900,藤原英昭,66.2,48.1,31.0,14.3,18.1,17.1,16.7,14.3
栗東,20260708,水,5:12,エイズルブルーム,,牝,3,400,坂口智康,65.4,48.2,32.1,15.7,17.2,16.1,16.4,15.7
栗東,20260708,水,5:12,グレンセロース,,牝,3,0,池添学,53.3,37.9,24.6,12.4,15.4,13.3,12.2,12.4
栗東,20260708,水,5:12,ソニックブーム,,牝,3,0,柴田卓,59.5,41.5,26.3,12.8,18.0,15.2,13.5,12.8
栗東,20260708,水,5:12,フェンダー,,牡,5,900,柴田卓,55.4,39.4,25.5,12.6,16.0,13.9,12.9,12.6
栗東,20260708,水,5:12,ラウルベア,,牝,4,400,柴田卓,54.4,39.6,25.8,13.2,14.8,13.8,12.6,13.2
栗東,20260708,水,5:12,ララアヴリル,,セ,4,900,坂口智康,68.3,50.7,33.6,16.3,17.6,17.1,17.3,16.3
栗東,20260708,水,5:12,レジェルテ,,牡,3,0,柴田卓,60.1,43.5,28.5,14.2,16.6,15.0,14.3,14.2
栗東,20260708,水,5:12,レヴァンテシチー,,牡,4,1500,柴田卓,54.4,39.1,25.4,12.6,15.3,13.7,12.8,12.6
栗東,20260708,水,5:12,ローマンレイク,,牝,5,900,松永幹夫,56.0,40.2,25.8,12.6,15.8,14.4,13.2,12.6
栗東,20260708,水,5:13,ウォーターコトノハ,,牝,3,0,岡田稲男,54.7,39.4,25.5,13.0,15.3,13.9,12.5,13.0
栗東,20260708,水,5:13,クロカミジョウ,,牝,3,0,岡田稲男,56.1,40.3,26.3,13.2,15.8,14.0,13.1,13.2
栗東,20260708,水,5:13,シエーナカラー,,牝,3,400,北出成人,52.5,37.6,24.6,12.5,14.9,13.0,12.1,12.5
栗東,20260708,水,5:13,シャインベック,,セ,4,400,北出成人,52.8,37.9,25.3,13.0,14.9,12.6,12.3,13.0
栗東,20260708,水,5:13,テーオーノーベル,,牡,4,400,岡田稲男,53.9,38.1,24.4,12.1,15.8,13.7,12.3,12.1
栗東,20260708,水,5:13,トラストエムシー,,牡,6,400,北出成人,53.2,38.3,25.2,12.7,14.9,13.1,12.5,12.7
栗東,20260708,水,5:13,フランキーバローズ,,牡,4,500,池江泰寿,66.3,48.4,31.6,15.7,17.9,16.8,15.9,15.7
栗東,20260708,水,5:13,ホウオウトランプ,,牡,5,940,池江泰寿,66.2,48.1,31.3,15.5,18.1,16.8,15.8,15.5
栗東,20260708,水,5:13,ムルソー,,牡,5,6700,池江泰寿,65.7,47.2,30.7,15.4,18.5,16.5,15.3,15.4
栗東,20260708,水,5:13,メイショウタカネ,,牝,3,0,岡田稲男,55.0,39.7,25.7,13.0,15.3,14.0,12.7,13.0
栗東,20260708,水,5:14,アルムアポジェ,,牝,3,0,北出成人,69.3,51.0,33.3,16.4,18.3,17.7,16.9,16.4
栗東,20260708,水,5:14,アンドリーナ,,牝,4,900,牧浦充徳,54.5,39.5,25.5,12.8,15.0,14.0,12.7,12.8
栗東,20260708,水,5:14,エコロヴァルツ,,牡,5,6000,牧浦充徳,58.9,42.9,28.4,14.0,16.0,14.5,14.4,14.0
栗東,20260708,水,5:14,エコロヴァルド,,牡,2,未出走,牧浦充徳,55.2,40.0,25.7,12.8,15.2,14.3,12.9,12.8
栗東,20260708,水,5:14,クスクス,,牝,5,900,松下武士,55.3,38.9,24.7,12.2,16.4,14.2,12.5,12.2
栗東,20260708,水,5:14,クレスコフェーヴ,,牝,3,0,羽月友彦,68.2,49.7,31.7,15.2,18.5,18.0,16.5,15.2
栗東,20260708,水,5:14,シャンパンスター,,牝,3,0,緒方努,55.2,39.1,25.7,13.0,16.1,13.4,12.7,13.0
栗東,20260708,水,5:14,ショウナンバンライ,,牡,3,900,松下武士,57.1,41.6,26.6,13.1,15.5,15.0,13.5,13.1
栗東,20260708,水,5:14,ジューンマーチ,,牡,3,0,松下武士,68.5,50.1,33.3,16.9,18.4,16.8,16.4,16.9
栗東,20260708,水,5:14,ストップヤーニング,,牡,4,1500,羽月友彦,69.7,50.3,32.3,15.9,19.4,18.0,16.4,15.9
栗東,20260708,水,5:14,ナムラモモ,,牝,4,400,羽月友彦,68.6,49.4,31.4,15.5,19.2,18.0,15.9,15.5
栗東,20260708,水,5:14,ハクサンリング,,牡,3,0,緒方努,70.4,50.9,33.0,16.1,19.5,17.9,16.9,16.1
栗東,20260708,水,5:14,フィンガーレイクス,,牡,3,0,藤原英昭,63.7,45.5,29.0,15.1,18.2,16.5,13.9,15.1
栗東,20260708,水,5:14,モンロワイヤル,,牡,3,0,牧浦充徳,60.0,44.1,28.9,14.2,15.9,15.2,14.7,14.2
栗東,20260708,水,5:15,,,,,,,68.0,49.3,32.2,16.0,18.7,17.1,16.2,16.0
栗東,20260708,水,5:15,,,,,,,69.1,50.2,33.2,16.4,18.9,17.0,16.8,16.4
栗東,20260708,水,5:15,アルウラメファ,,牝,3,0,牧浦充徳,67.2,48.5,31.1,15.1,18.7,17.4,16.0,15.1
栗東,20260708,水,5:15,オーケーエンジェル,,牝,4,400,笹田和秀,54.1,39.3,25.5,12.5,14.8,13.8,13.0,12.5
栗東,20260708,水,5:15,サウンドファイト,,牡,2,未出走,安達昭夫,56.0,41.2,27.6,13.5,14.8,13.6,14.1,13.5
栗東,20260708,水,5:15,ソゲソゲスマイル,,牝,2,0,笹田和秀,55.3,40.3,26.7,13.4,15.0,13.6,13.3,13.4
栗東,20260708,水,5:15,ドットカモン,,牡,3,0,笹田和秀,53.6,39.3,25.8,13.1,14.3,13.5,12.7,13.1
栗東,20260708,水,5:15,ハリーケーン,,牡,4,1500,大根田裕,53.5,39.0,25.5,12.6,14.5,13.5,12.9,12.6
栗東,20260708,水,5:15,フチサンチャチャ,,牡,3,0,笹田和秀,54.3,39.9,26.3,13.5,14.4,13.6,12.8,13.5
栗東,20260708,水,5:15,メイショウマドンナ,,牝,3,0,荒川義之,70.4,50.5,33.0,16.3,19.9,17.5,16.7,16.3
栗東,20260708,水,5:15,リアライズブラーヴ,,牡,3,400,杉山晴紀,68.2,50.3,33.0,16.1,17.9,17.3,16.9,16.1
栗東,20260708,水,5:16,タガノアンファン,,牡,4,900,石坂公一,65.3,47.1,30.5,15.0,18.2,16.6,15.5,15.0
栗東,20260708,水,5:16,ヴェネラブル,,牝,3,0,吉村圭司,60.0,44.5,29.5,14.9,15.5,15.0,14.6,14.9
栗東,20260708,水,5:17,アメティスタ,,牝,3,900,牧浦充徳,56.1,41.1,27.1,13.2,15.0,14.0,13.9,13.2
栗東,20260708,水,5:17,セガンティーニ,,牝,4,160,坂口智康,65.4,47.1,30.8,15.2,18.3,16.3,15.6,15.2
栗東,20260708,水,5:17,タナカーン,,牡,2,未出走,大根田裕,56.8,39.9,26.0,13.5,16.9,13.9,12.5,13.5
栗東,20260708,水,5:17,タナコクシテンホウ,,牡,2,未出走,大根田裕,54.7,38.9,25.3,13.1,15.8,13.6,12.2,13.1
栗東,20260708,水,5:17,ヒストリアイ,,セ,5,900,橋田宜長,54.7,39.9,26.3,13.0,14.8,13.6,13.3,13.0
栗東,20260708,水,5:17,マサノカナリア,,牝,5,2400,藤野健太,54.5,38.9,25.0,12.4,15.6,13.9,12.6,12.4
栗東,20260708,水,5:18,,,,,,,68.3,49.5,32.5,16.0,18.8,17.0,16.5,16.0
栗東,20260708,水,5:18,アロハ,,牝,3,0,橋田宜長,66.6,48.4,32.1,15.9,18.2,16.3,16.2,15.9
栗東,20260708,水,5:18,グローブアマランス,,牝,5,400,中尾秀正,70.0,51.3,34.1,17.5,18.7,17.2,16.6,17.5
栗東,20260708,水,5:18,コリカンチャ,,セ,4,900,井上智史,54.1,38.9,25.0,12.6,15.2,13.9,12.4,12.6
栗東,20260708,水,5:18,シーカーク,,牝,3,未出走,井上智史,55.3,39.7,25.2,12.5,15.6,14.5,12.7,12.5
栗東,20260708,水,5:18,ゼンダンハヤブサ,,牡,4,1500,橋田宜長,69.3,50.1,32.3,16.0,19.2,17.8,16.3,16.0
栗東,20260708,水,5:18,ホシヲミテルンナ,,牡,2,未出走,大根田裕,66.2,48.8,32.1,15.7,17.4,16.7,16.4,15.7
栗東,20260708,水,5:18,ヨドノゴールド,,牡,8,400,橋田宜長,68.7,50.3,33.3,16.5,18.4,17.0,16.8,16.5
栗東,20260708,水,5:19,オールナット,,牡,5,4550,高野友和,55.6,39.5,25.1,12.2,16.1,14.4,12.9,12.2
栗東,20260708,水,5:19,モンターニュドネガ,,牝,3,0,吉田直弘,67.2,48.6,31.6,15.5,18.6,17.0,16.1,15.5
栗東,20260708,水,5:19,リヴァイ,,牡,3,0,高野友和,56.4,40.0,25.2,11.8,16.4,14.8,13.4,11.8
栗東,20260708,水,5:19,ルディック,,牡,5,2400,高野友和,55.4,40.0,25.6,12.4,15.4,14.4,13.2,12.4
栗東,20260708,水,5:20,ジャンヌドゥレーヴ,,牝,3,400,角田晃一,70.3,51.1,33.5,16.7,19.2,17.6,16.8,16.7
栗東,20260708,水,5:21,コンバットペスカ,,牝,5,400,角田晃一,57.1,41.3,27.4,13.9,15.8,13.9,13.5,13.9
栗東,20260708,水,5:21,セッシュウ,,牡,3,0,石橋守,53.7,38.2,25.1,12.7,15.5,13.1,12.4,12.7
栗東,20260708,水,5:21,マテンロウスカイ,,セ,7,7300,松永幹夫,54.2,39.4,25.2,12.7,14.8,14.2,12.5,12.7
栗東,20260708,水,5:21,メイショウアンブル,,牝,2,未出走,石橋守,54.6,39.7,26.2,13.0,14.9,13.5,13.2,13.0
栗東,20260708,水,5:21,メイショウナナシロ,,牡,3,0,石橋守,53.6,38.2,25.0,12.7,15.4,13.2,12.3,12.7
栗東,20260708,水,5:21,メイショウマグナ,,牝,3,0,石橋守,53.7,38.8,25.9,12.9,14.9,12.9,13.0,12.9
栗東,20260708,水,5:21,ワトルツリー,,牝,3,0,藤岡健一,66.1,49.5,33.5,17.1,16.6,16.0,16.4,17.1
栗東,20260708,水,5:24,インターポーザー,,牡,4,400,井上智史,54.7,39.5,25.6,12.6,15.2,13.9,13.0,12.6
栗東,20260708,水,5:24,カレントゥルーシー,,牡,3,400,鈴木孝志,54.5,38.9,24.5,12.0,15.6,14.4,12.5,12.0
栗東,20260708,水,5:24,ジャスティンレビン,,牡,3,0,吉岡辰弥,57.9,43.6,29.1,14.2,14.3,14.5,14.9,14.2
栗東,20260708,水,5:24,スレイクイーン,,牝,3,未出走,吉岡辰弥,59.0,44.6,30.4,15.1,14.4,14.2,15.3,15.1
栗東,20260708,水,5:24,ゼルダ,,牝,3,400,鈴木孝志,55.0,39.4,25.0,12.5,15.6,14.4,12.5,12.5
栗東,20260708,水,5:24,ファーヴェント,,牡,5,3250,藤原英昭,64.5,46.1,29.3,14.5,18.4,16.8,14.8,14.5
栗東,20260708,水,5:25,オーロラボレアリス,,牝,3,0,吉岡辰弥,65.0,47.7,31.4,15.4,17.3,16.3,16.0,15.4
栗東,20260708,水,5:25,サイレントグルーヴ,,牝,5,400,角田晃一,67.9,49.6,32.2,16.0,18.3,17.4,16.2,16.0
栗東,20260708,水,5:25,フォルトゥナロッサ,,牝,2,未出走,武幸四郎,70.7,51.1,33.0,16.0,19.6,18.1,17.0,16.0
栗東,20260708,水,5:25,ブレイクガール,,牝,2,0,武幸四郎,68.9,50.4,32.9,16.2,18.5,17.5,16.7,16.2
栗東,20260708,水,5:25,メイショウハボマイ,,牡,4,400,本田優,54.2,39.0,25.2,12.5,15.2,13.8,12.7,12.5
栗東,20260708,水,5:26,スーパージョック,,牡,4,900,橋田宜長,68.3,48.5,31.2,15.6,19.8,17.3,15.6,15.6
栗東,20260708,水,5:26,フェスティバルヒル,,牝,3,2000,四位洋文,53.7,39.4,25.5,12.4,14.3,13.9,13.1,12.4
栗東,20260708,水,5:26,プリメラエストレラ,,牡,2,0,橋田宜長,66.1,48.0,31.3,14.8,18.1,16.7,16.5,14.8
栗東,20260708,水,5:26,マテンロウジョイ,,牡,6,400,四位洋文,52.8,38.9,25.5,12.6,13.9,13.4,12.9,12.6
栗東,20260708,水,5:27,エイシンキタールン,,牝,3,0,野中賢二,69.5,49.9,32.7,15.8,19.6,17.2,16.9,15.8
栗東,20260708,水,5:27,ケイアイワイラーパ,,牡,4,0,野中賢二,66.0,48.6,32.2,15.8,17.4,16.4,16.4,15.8
栗東,20260708,水,5:27,ランズエンド,,牡,2,未出走,野中賢二,66.2,48.7,32.4,16.4,17.5,16.3,16.0,16.4
栗東,20260708,水,5:28,オーリエイト,,牡,2,未出走,小栗実,54.2,39.0,25.1,12.4,15.2,13.9,12.7,12.4
栗東,20260708,水,5:28,ティアラード,,牝,2,未出走,小栗実,54.8,39.4,25.2,12.5,15.4,14.2,12.7,12.5
栗東,20260708,水,5:28,ハヤテノオジョー,,牝,3,0,杉山佳明,54.5,39.5,25.9,13.2,15.0,13.6,12.7,13.2
栗東,20260708,水,5:28,プライベートアイズ,,牡,4,900,小栗実,54.2,39.2,26.0,12.8,15.0,13.2,13.2,12.8
栗東,20260708,水,5:28,ミラージュナイト,,牡,4,2400,杉山佳明,54.3,39.2,25.5,12.5,15.1,13.7,13.0,12.5
栗東,20260708,水,5:29,イテルム,,牝,2,未出走,田中克典,54.2,39.6,26.1,13.1,14.6,13.5,13.0,13.1
栗東,20260708,水,5:29,サトノグロリア,,牡,3,未出走,友道康夫,54.7,39.4,24.9,12.2,15.3,14.5,12.7,12.2
栗東,20260708,水,5:29,シャドウクライ,,牝,3,0,杉山佳明,60.2,43.3,27.5,13.2,16.9,15.8,14.3,13.2
栗東,20260708,水,5:29,シュブロンレーヴル,,牝,5,900,杉山佳明,57.2,41.0,25.9,12.3,16.2,15.1,13.6,12.3
栗東,20260708,水,5:29,ジュンプリメーロ,,牡,3,400,友道康夫,55.3,40.1,26.0,12.6,15.2,14.1,13.4,12.6
栗東,20260708,水,5:29,ジョーカー,,牡,3,0,友道康夫,55.3,39.8,25.1,12.2,15.5,14.7,12.9,12.2
栗東,20260708,水,5:29,デアアテナ,,牝,3,0,田中克典,54.7,39.8,26.2,13.2,14.9,13.6,13.0,13.2
栗東,20260708,水,5:29,ドロップオブライト,,牝,7,7150,福永祐一,55.0,38.9,24.5,12.2,16.1,14.4,12.3,12.2
栗東,20260708,水,5:29,ハヤテノツバサ,,牡,4,1500,杉山佳明,55.0,39.6,25.6,12.7,15.4,14.0,12.9,12.7
栗東,20260708,水,5:29,ホウオウモノポリー,,牡,2,未出走,友道康夫,54.3,39.7,25.7,12.5,14.6,14.0,13.2,12.5
栗東,20260708,水,5:29,ミッキーマーメイド,,牝,3,400,福永祐一,53.9,39.0,25.7,12.9,14.9,13.3,12.8,12.9
栗東,20260708,水,5:29,ルーチェブリラーレ,,牝,3,未出走,福永祐一,52.3,38.0,24.8,12.3,14.3,13.2,12.5,12.3
栗東,20260708,水,5:29,レインオンミー,,牡,4,400,福永祐一,54.2,39.4,25.7,12.7,14.8,13.7,13.0,12.7
栗東,20260708,水,5:30,ケールハイム,,牝,3,400,福永祐一,62.9,46.3,30.6,14.8,16.6,15.7,15.8,14.8
栗東,20260708,水,5:30,ブライトエンジェル,,牝,3,0,角田晃一,56.7,41.4,26.6,12.8,15.3,14.8,13.8,12.8
栗東,20260708,水,5:30,メリオーレム,,牡,5,2400,友道康夫,54.0,39.3,25.6,12.3,14.7,13.7,13.3,12.3
栗東,20260708,水,5:30,ラグナトーレ,,牝,4,80,角田晃一,54.7,40.0,25.4,12.3,14.7,14.6,13.1,12.3
栗東,20260708,水,5:31,,,,,,,55.6,40.5,26.4,13.2,15.1,14.1,13.2,13.2
栗東,20260708,水,5:31,スクールディーヴァ,,牝,2,未出走,斉藤崇史,55.8,40.2,25.9,13.1,15.6,14.3,12.8,13.1
栗東,20260708,水,5:31,ナチュラルリバー,,牡,6,900,宮地貴稔,56.8,41.2,26.8,13.3,15.6,14.4,13.5,13.3
栗東,20260708,水,5:31,ブルーサン,,牡,5,1900,宮地貴稔,66.0,49.1,32.6,16.4,16.9,16.5,16.2,16.4
栗東,20260708,水,5:31,ホーリーステップ,,牝,3,0,斉藤崇史,56.9,40.3,26.1,12.8,16.6,14.2,13.3,12.8
栗東,20260708,水,5:31,メアグローリア,,牝,2,0,斉藤崇史,75.2,54.6,35.1,17.3,20.6,19.5,17.8,17.3
栗東,20260708,水,5:31,メテオロイド,,牡,3,0,宮地貴稔,54.5,40.1,26.6,13.5,14.4,13.5,13.1,13.5
栗東,20260708,水,5:31,ヤマニンソロイスト,,牡,3,未出走,斉藤崇史,68.7,52.2,37.8,22.5,16.5,14.4,15.3,22.5
栗東,20260708,水,5:31,ルナパッショーネ,,牝,2,未出走,斉藤崇史,55.6,40.1,25.7,12.9,15.5,14.4,12.8,12.9
栗東,20260708,水,5:31,ルナヴェリタス,,牝,2,未出走,宮地貴稔,55.5,40.3,26.2,13.2,15.2,14.1,13.0,13.2
栗東,20260708,水,5:32,タガノランパート,,牡,3,0,奥村豊,55.1,39.8,25.5,12.9,15.3,14.3,12.6,12.9
栗東,20260708,水,5:32,ドゥボヌール,,牝,3,0,奥村豊,54.4,39.3,25.2,12.7,15.1,14.1,12.5,12.7
栗東,20260708,水,5:32,ランスオブカオス,,牡,4,3850,奥村豊,66.7,49.3,32.9,16.7,17.4,16.4,16.2,16.7
栗東,20260708,水,5:33,ノーブルロジャー,,牡,5,4450,吉岡辰弥,59.1,43.5,28.8,14.5,15.6,14.7,14.3,14.5
栗東,20260708,水,5:33,メモリアデルレ,,牡,2,0,吉岡辰弥,58.2,42.2,27.8,13.9,16.0,14.4,13.9,13.9
栗東,20260708,水,5:33,ユウトザユウト,,牡,4,900,小崎憲,64.3,47.0,30.8,15.5,17.3,16.2,15.3,15.5
栗東,20260708,水,5:33,ロードフィレール,,牡,3,400,吉岡辰弥,59.0,43.3,28.8,14.5,15.7,14.5,14.3,14.5
栗東,20260708,水,5:34,キアヌ,,牡,4,400,小崎憲,65.8,48.5,32.7,16.6,17.3,15.8,16.1,16.6
栗東,20260708,水,5:35,ウインデイジー,,牝,5,1500,宮徹,61.1,45.2,29.6,14.6,15.9,15.6,15.0,14.6
栗東,20260708,水,5:37,キングオブフジ,,牡,5,900,角田晃一,66.3,48.7,32.5,16.3,17.6,16.2,16.2,16.3
栗東,20260708,水,5:37,サイレントグルーヴ,,牝,5,400,角田晃一,66.5,49.0,31.5,15.5,17.5,17.5,16.0,15.5
栗東,20260708,水,5:38,ランウインディ,,牝,5,1500,中尾秀正,56.1,41.2,27.0,13.3,14.9,14.2,13.7,13.3
栗東,20260708,水,5:39,タガノエルー,,牡,3,900,宮徹,58.3,43.0,27.3,13.5,15.3,15.7,13.8,13.5
栗東,20260708,水,5:40,シヴァールバーニ,,牡,4,80,畑端省吾,54.6,38.6,25.3,12.8,16.0,13.3,12.5,12.8
栗東,20260708,水,5:40,ペプチドクレマチス,,牝,4,900,畑端省吾,55.5,40.0,25.8,12.2,15.5,14.2,13.6,12.2
栗東,20260708,水,5:40,ミッキーラヴィータ,,牝,3,0,高橋亮,53.5,39.2,25.5,12.9,14.3,13.7,12.6,12.9
栗東,20260708,水,5:40,ヴァカンツァ,,牝,4,400,高橋亮,53.6,39.3,25.5,12.8,14.3,13.8,12.7,12.8
栗東,20260708,水,5:41,,,,,,,67.6,49.9,33.1,16.2,17.7,16.8,16.9,16.2
栗東,20260708,水,5:41,,,,,,,67.7,50.0,33.1,16.3,17.7,16.9,16.8,16.3
栗東,20260708,水,5:41,ビサイレント,,牝,3,0,畑端省吾,56.1,41.4,26.4,12.9,14.7,15.0,13.5,12.9
栗東,20260708,水,5:42,アスターブジエ,,牡,6,1500,中竹和也,67.2,49.5,32.6,16.7,17.7,16.9,15.9,16.7
栗東,20260708,水,5:42,サヴォーナ,,牡,6,5150,中竹和也,56.3,40.4,25.9,12.3,15.9,14.5,13.6,12.3
栗東,20260708,水,5:42,ジョーローリット,,牝,5,2400,中竹和也,52.6,38.0,25.2,12.9,14.6,12.8,12.3,12.9
栗東,20260708,水,5:42,スリーロンドン,,牝,3,0,中竹和也,53.1,38.7,25.7,13.0,14.4,13.0,12.7,13.0
栗東,20260708,水,5:42,ヒアカムズザサン,,牡,2,未出走,中竹和也,62.3,47.2,31.8,16.3,15.1,15.4,15.5,16.3
栗東,20260708,水,5:42,ヨシノサンキュー,,牡,3,0,中竹和也,66.8,48.6,32.0,15.8,18.2,16.6,16.2,15.8
栗東,20260708,水,5:43,アイオリスパルス,,牝,2,未出走,長谷川浩,57.5,42.0,27.1,13.4,15.5,14.9,13.7,13.4
栗東,20260708,水,5:43,ゴールデンドラゴン,,牡,3,0,宮本博,56.3,40.3,26.0,13.1,16.0,14.3,12.9,13.1
栗東,20260708,水,5:43,シュタルク,,牡,3,0,河嶋宏樹,51.5,37.9,25.1,12.5,13.6,12.8,12.6,12.5
栗東,20260708,水,5:43,ネネキリマル,,牡,3,400,河嶋宏樹,54.8,38.7,24.9,12.5,16.1,13.8,12.4,12.5
栗東,20260708,水,5:43,ミッドタウンナイト,,牝,4,400,河嶋宏樹,55.3,39.2,25.1,12.6,16.1,14.1,12.5,12.6
栗東,20260708,水,5:44,ウインクローバー,,牝,2,未出走,宮本博,59.7,43.3,28.1,13.6,16.4,15.2,14.5,13.6
栗東,20260708,水,5:44,ウェルカムソング,,牡,3,400,河嶋宏樹,76.6,54.9,35.8,17.7,21.7,19.1,18.1,17.7
栗東,20260708,水,5:44,セイウンダイフク,,牡,3,0,宮本博,57.6,41.4,26.5,13.0,16.2,14.9,13.5,13.0
栗東,20260708,水,5:44,ダイアナクイーン,,牝,4,0,高橋康之,54.6,38.9,25.1,12.2,15.7,13.8,12.9,12.2
栗東,20260708,水,5:44,デルマタイセツ,,牝,3,0,庄野靖志,56.0,40.7,26.2,12.8,15.3,14.5,13.4,12.8
栗東,20260708,水,5:44,ピゲ,,牡,3,0,高橋康之,55.9,40.1,26.2,12.9,15.8,13.9,13.3,12.9
栗東,20260708,水,5:44,レイム,,牝,5,260,高橋康之,72.4,52.9,35.5,18.3,19.5,17.4,17.2,18.3
栗東,20260708,水,5:45,アクアホワイト,,牝,3,0,宮徹,54.3,39.5,25.4,12.7,14.8,14.1,12.7,12.7
栗東,20260708,水,5:45,マッシャーブルム,,牡,5,1330,河嶋宏樹,72.3,52.9,34.8,17.2,19.4,18.1,17.6,17.2
栗東,20260708,水,5:48,コパノサントス,,牡,6,2500,梅田智之,53.9,38.5,24.8,12.4,15.4,13.7,12.4,12.4
栗東,20260708,水,5:48,コパノルーカス,,牡,3,0,梅田智之,56.7,40.4,26.3,13.0,16.3,14.1,13.3,13.0
栗東,20260708,水,5:48,テーオーアンジェラ,,牝,3,400,梅田智之,55.7,39.7,25.3,12.7,16.0,14.4,12.6,12.7
栗東,20260708,水,5:48,テーオーカメリア,,牝,2,未出走,梅田智之,53.6,38.9,24.7,12.2,14.7,14.2,12.5,12.2
栗東,20260708,水,5:48,テーオーシュテルン,,牡,3,0,梅田智之,55.6,39.5,25.1,12.4,16.1,14.4,12.7,12.4
栗東,20260708,水,5:48,マルモズイルバア,,牝,3,0,中尾秀正,53.9,39.2,25.2,12.5,14.7,14.0,12.7,12.5
栗東,20260708,水,5:49,ゴリョウセイ,,牡,3,0,松下武士,55.8,39.9,25.5,12.7,15.9,14.4,12.8,12.7
栗東,20260708,水,5:49,ショウナンライラ,,牡,3,0,松下武士,60.3,44.2,28.9,14.2,16.1,15.3,14.7,14.2
栗東,20260708,水,5:50,ショウナンハクラク,,牡,7,2400,松下武士,55.4,39.2,25.1,12.6,16.2,14.1,12.5,12.6
栗東,20260708,水,5:51,アメジストブリエ,,牝,3,0,武英智,57.9,40.4,25.4,12.6,17.5,15.0,12.8,12.6
栗東,20260708,水,5:51,ビエントゾンダ,,牝,2,未出走,武英智,57.5,40.1,25.3,12.6,17.4,14.8,12.7,12.6
栗東,20260708,水,5:53,メイショウヘール,,牡,5,900,大橋勇樹,70.7,52.4,35.0,17.4,18.3,17.4,17.6,17.4
栗東,20260708,水,5:54,エレガンシア,,牝,4,400,高柳大輔,70.2,51.3,33.6,16.6,18.9,17.7,17.0,16.6
栗東,20260708,水,5:54,サンマルノヴェル,,牡,4,900,大橋勇樹,55.6,40.2,25.4,12.3,15.4,14.8,13.1,12.3
栗東,20260708,水,5:54,テンタイムトップ,,牝,3,0,高柳大輔,57.1,41.9,27.3,13.0,15.2,14.6,14.3,13.0
栗東,20260708,水,5:54,ライムシロップ,,牝,3,未出走,羽月友彦,50.6,37.1,24.7,12.8,13.5,12.4,11.9,12.8
栗東,20260708,水,5:56,アージュドール,,牡,3,0,森田直行,54.4,39.8,25.7,12.7,14.6,14.1,13.0,12.7
栗東,20260708,水,5:56,カフジミモレット,,牝,3,0,森田直行,53.1,38.5,25.1,12.4,14.6,13.4,12.7,12.4
栗東,20260708,水,5:56,サーバルマインド,,牡,3,0,森田直行,54.3,39.6,25.8,12.9,14.7,13.8,12.9,12.9
栗東,20260708,水,5:56,タマモヒロイン,,牝,3,400,緒方努,66.4,49.7,32.8,16.2,16.7,16.9,16.6,16.2
栗東,20260708,水,5:56,ダイメイプリンス,,牡,3,0,森田直行,53.5,38.6,25.3,12.5,14.9,13.3,12.8,12.5
栗東,20260708,水,5:57,タケルハーロック,,牡,4,900,高柳大輔,66.8,47.7,31.7,16.0,19.1,16.0,15.7,16.0
栗東,20260708,水,5:57,ハイウェイワン,,牡,2,未出走,高柳大輔,66.7,48.0,31.2,15.5,18.7,16.8,15.7,15.5
栗東,20260708,水,5:57,ヴァニーユ,,牝,2,未出走,高柳大輔,69.2,49.7,31.9,15.5,19.5,17.8,16.4,15.5
栗東,20260708,水,5:58,エモティコン,,牡,2,未出走,橋口慎介,65.6,48.6,31.6,16.2,17.0,17.0,15.4,16.2
栗東,20260708,水,5:58,エールヴォル,,牡,2,未出走,橋口慎介,66.5,48.4,31.3,15.1,18.1,17.1,16.2,15.1
栗東,20260708,水,5:58,キリマンジェロタフ,,牡,2,未出走,橋口慎介,68.3,50.7,33.4,16.6,17.6,17.3,16.8,16.6
栗東,20260708,水,5:58,スウィートライト,,牝,2,未出走,橋口慎介,67.9,50.7,33.6,16.8,17.2,17.1,16.8,16.8
栗東,20260708,水,5:58,ダノンアトラス,,牡,5,400,橋口慎介,64.5,46.7,31.0,15.5,17.8,15.7,15.5,15.5
栗東,20260708,水,5:59,,,,,,,64.0,47.8,31.6,16.2,16.2,16.2,15.4,16.2
栗東,20260708,水,5:59,グランメドウ,,牡,5,400,藤岡健一,64.5,47.7,31.7,16.2,16.8,16.0,15.5,16.2
栗東,20260708,水,6:00,,,,,,,67.9,48.8,32.1,15.9,19.1,16.7,16.2,15.9
栗東,20260708,水,6:01,パイオニアスクエア,,牡,4,0,茶木太樹,65.7,48.1,31.3,15.6,17.6,16.8,15.7,15.6
栗東,20260708,水,6:24,アルディメント,,牡,3,0,上村洋行,54.7,39.7,25.6,12.6,15.0,14.1,13.0,12.6
栗東,20260708,水,6:24,ベラジオヴァレル,,牡,3,0,上村洋行,54.7,39.1,25.2,12.6,15.6,13.9,12.6,12.6
栗東,20260708,水,6:24,ライトオブヌカタ,,牡,3,900,上村洋行,54.3,39.3,25.3,12.5,15.0,14.0,12.8,12.5
栗東,20260708,水,6:24,リチャードバローズ,,牡,5,1500,上村洋行,53.4,39.3,25.7,12.7,14.1,13.6,13.0,12.7
栗東,20260708,水,6:25,アメリカンイズム,,牡,3,400,池江泰寿,54.6,39.5,25.4,12.6,15.1,14.1,12.8,12.6
栗東,20260708,水,6:25,アルジェンタム,,セ,3,0,野中賢二,55.4,39.6,25.5,12.7,15.8,14.1,12.8,12.7
栗東,20260708,水,6:25,エイシンニケ,,牝,3,未出走,吉村圭司,54.0,39.7,26.4,13.3,14.3,13.3,13.1,13.3
栗東,20260708,水,6:25,オーバーシュタイン,,牡,2,未出走,今野貞一,53.8,38.8,25.0,12.6,15.0,13.8,12.4,12.6
栗東,20260708,水,6:25,クラリスバローズ,,牝,2,未出走,渡辺薫彦,52.4,38.0,24.7,12.5,14.4,13.3,12.2,12.5
栗東,20260708,水,6:25,クーデール,,牝,4,1500,坂口智康,53.8,38.4,24.8,12.0,15.4,13.6,12.8,12.0
栗東,20260708,水,6:25,コパノキャンペーン,,牡,2,未出走,渡辺薫彦,53.1,38.4,25.0,12.8,14.7,13.4,12.2,12.8
栗東,20260708,水,6:25,サカトクフェイス,,牡,3,0,今野貞一,53.3,38.3,24.6,12.3,15.0,13.7,12.3,12.3
栗東,20260708,水,6:25,シュガーハウス,,牡,2,未出走,野中賢二,54.9,39.1,24.9,12.4,15.8,14.2,12.5,12.4
栗東,20260708,水,6:25,スナークホクサイ,,セ,3,0,野中賢二,54.8,39.0,24.8,12.5,15.8,14.2,12.3,12.5
栗東,20260708,水,6:25,セルジュバローズ,,牡,3,400,池江泰寿,54.3,39.5,25.5,12.5,14.8,14.0,13.0,12.5
栗東,20260708,水,6:25,トモジャザーン,,牡,5,900,大根田裕,52.8,38.3,24.5,12.3,14.5,13.8,12.2,12.3
栗東,20260708,水,6:25,ドーンレーサー,,牡,2,未出走,中村直也,54.3,39.8,25.5,12.8,14.5,14.3,12.7,12.8
栗東,20260708,水,6:25,ヨウリンケイジュ,,牝,3,0,吉村圭司,54.9,40.0,26.6,13.1,14.9,13.4,13.5,13.1
栗東,20260708,水,6:26,ウォーターデライト,,牡,3,400,高柳大輔,53.2,38.8,25.5,12.9,14.4,13.3,12.6,12.9
栗東,20260708,水,6:26,エイシンウィスパー,,牝,3,400,今野貞一,59.9,42.6,27.3,13.3,17.3,15.3,14.0,13.3
栗東,20260708,水,6:26,エコロレーヴ,,牡,3,1900,森秀行,55.7,39.4,25.3,12.7,16.3,14.1,12.6,12.7
栗東,20260708,水,6:26,オブシディアーナ,,牝,4,180,池添学,56.2,41.2,26.9,12.6,15.0,14.3,14.3,12.6
栗東,20260708,水,6:26,キャッチアシーフ,,牡,3,0,佐藤悠太,57.0,41.5,26.6,12.6,15.5,14.9,14.0,12.6
栗東,20260708,水,6:26,ケイアイドリー,,牡,9,8170,前川恭子,52.4,37.7,24.7,12.7,14.7,13.0,12.0,12.7
栗東,20260708,水,6:26,タガノレクシア,,牡,2,未出走,鈴木孝志,53.6,38.7,25.3,12.4,14.9,13.4,12.9,12.4
栗東,20260708,水,6:26,ダノンオブアイデア,,牡,3,0,藤原英昭,52.6,38.5,25.2,13.0,14.1,13.3,12.2,13.0
栗東,20260708,水,6:26,ナムラメアリー,,牝,2,未出走,鈴木孝志,54.0,39.0,25.5,12.7,15.0,13.5,12.8,12.7
栗東,20260708,水,6:26,マッセート,,牝,2,未出走,佐藤悠太,55.6,40.3,25.6,12.5,15.3,14.7,13.1,12.5
栗東,20260708,水,6:26,メイショウクリフト,,牡,7,1500,笹田和秀,55.2,40.0,26.4,13.4,15.2,13.6,13.0,13.4
栗東,20260708,水,6:26,リンゲルブルーメ,,牝,4,400,佐藤悠太,56.7,41.3,26.3,12.9,15.4,15.0,13.4,12.9
栗東,20260708,水,6:26,ロードディグニティ,,牡,2,未出走,藤原英昭,52.8,38.6,25.1,13.0,14.2,13.5,12.1,13.0
栗東,20260708,水,6:26,ワルトシュタイン,,牡,3,0,佐藤悠太,55.1,39.9,25.3,12.2,15.2,14.6,13.1,12.2
栗東,20260708,水,6:26,ヴィヴァシャス,,牝,4,400,笹田和秀,53.4,38.8,25.1,12.7,14.6,13.7,12.4,12.7
栗東,20260708,水,6:27,ゴルデールスカー,,牡,6,900,加藤公太,64.6,47.5,30.9,15.4,17.1,16.6,15.5,15.4
栗東,20260708,水,6:27,サンライズケヴィン,,牡,3,900,平田修,56.1,40.6,26.2,13.0,15.5,14.4,13.2,13.0
栗東,20260708,水,6:27,スピーディスピン,,牝,2,0,加藤公太,65.7,49.1,32.6,16.5,16.6,16.5,16.1,16.5
栗東,20260708,水,6:27,ビッグベルーガ,,牡,6,900,牧浦充徳,58.1,42.9,28.0,13.5,15.2,14.9,14.5,13.5
栗東,20260708,水,6:27,ラッキーダイヤ,,牡,3,0,牧田和弥,56.0,40.1,25.9,13.0,15.9,14.2,12.9,13.0
栗東,20260708,水,6:27,ラビットアイ,,牝,5,900,鈴木孝志,65.5,47.1,31.4,15.8,18.4,15.7,15.6,15.8
栗東,20260708,水,6:27,ルクスグレイス,,牝,2,未出走,平田修,55.9,40.5,26.2,13.0,15.4,14.3,13.2,13.0
栗東,20260708,水,6:27,ワカワカ,,牝,3,0,牧田和弥,55.1,40.2,26.1,13.0,14.9,14.1,13.1,13.0
栗東,20260708,水,6:28,ストロベリーツリー,,牝,3,400,中内田充,64.7,46.8,30.7,15.3,17.9,16.1,15.4,15.3
栗東,20260708,水,6:28,タガノプディング,,牝,3,0,小林真也,55.4,40.4,26.6,12.9,15.0,13.8,13.7,12.9
栗東,20260708,水,6:28,マーゴットショット,,牡,3,0,小林真也,56.5,41.6,27.3,13.1,14.9,14.3,14.2,13.1
栗東,20260708,水,6:29,インユアパレス,,牡,5,5750,須貝尚介,54.1,38.7,24.7,12.4,15.4,14.0,12.3,12.4
栗東,20260708,水,6:29,コカボムショット,,牡,3,0,庄野靖志,53.5,39.1,25.8,13.3,14.4,13.3,12.5,13.3
栗東,20260708,水,6:29,コンセントリコ,,牡,2,未出走,中内田充,64.0,47.0,30.9,15.5,17.0,16.1,15.4,15.5
栗東,20260708,水,6:29,ハロナ,,牝,2,0,須貝尚介,54.6,39.0,25.0,12.4,15.6,14.0,12.6,12.4
栗東,20260708,水,6:29,ヨコハマブルース,,牡,2,未出走,中内田充,67.5,48.7,32.5,16.0,18.8,16.2,16.5,16.0
栗東,20260708,水,6:30,,,,,,,63.0,48.0,31.7,14.9,15.0,16.3,16.8,14.9
栗東,20260708,水,6:30,エルディアブロ,,牡,8,900,宮地貴稔,56.4,41.4,27.1,13.3,15.0,14.3,13.8,13.3
栗東,20260708,水,6:30,クロリス,,牝,2,400,高橋一哉,52.5,38.6,25.3,12.6,13.9,13.3,12.7,12.6
栗東,20260708,水,6:30,ジャスパーグレイト,,牡,7,1600,森秀行,57.2,41.1,26.4,12.9,16.1,14.7,13.5,12.9
栗東,20260708,水,6:30,ブエナオンダ,,牡,5,4550,須貝尚介,56.6,41.4,26.8,12.9,15.2,14.6,13.9,12.9
栗東,20260708,水,6:30,ルクスコスモス,,牝,4,200,高橋一哉,53.1,39.0,25.6,12.6,14.1,13.4,13.0,12.6
栗東,20260708,水,6:31,アセンシオン,,牡,2,0,角田晃一,56.0,39.7,25.5,12.6,16.3,14.2,12.9,12.6
栗東,20260708,水,6:31,イリスアスール,,牝,5,400,角田晃一,56.4,40.0,25.7,12.5,16.4,14.3,13.2,12.5
栗東,20260708,水,6:31,シャインラブ,,牝,2,0,井上智史,55.7,40.5,25.8,12.6,15.2,14.7,13.2,12.6
栗東,20260708,水,6:31,ジーティーマローネ,,牝,2,未出走,井上智史,55.4,40.2,25.6,12.5,15.2,14.6,13.1,12.5
栗東,20260708,水,6:31,リンフレスカンテ,,牡,8,1500,宮本博,55.5,40.4,25.9,12.7,15.1,14.5,13.2,12.7
栗東,20260708,水,6:32,エコロアゼル,,牡,4,2400,森秀行,52.8,37.8,25.2,12.9,15.0,12.6,12.3,12.9
栗東,20260708,水,6:33,,,,,,,70.8,50.5,32.7,16.1,20.3,17.8,16.6,16.1
栗東,20260708,水,6:33,コパノプリンストン,,牡,2,未出走,梅田智之,70.8,50.6,32.7,16.1,20.2,17.9,16.6,16.1
栗東,20260708,水,6:33,サイモンジェセル,,牡,2,未出走,梅田智之,69.6,50.5,32.8,15.9,19.1,17.7,16.9,15.9
栗東,20260708,水,6:33,デュガ,,セ,7,3600,森秀行,59.2,38.8,23.9,12.1,20.4,14.9,11.8,12.1
栗東,20260708,水,6:36,ダノンベルビュー,,牝,3,0,坂口智康,72.8,52.7,34.1,17.1,20.1,18.6,17.0,17.1
栗東,20260708,水,6:36,ノボリリア,,牝,4,400,石橋守,54.4,39.5,25.4,12.1,14.9,14.1,13.3,12.1
栗東,20260708,水,6:38,モンスエ,,牡,3,400,高橋一哉,64.1,47.0,30.7,15.2,17.1,16.3,15.5,15.2
栗東,20260708,水,6:41,ウインロズパレード,,牝,3,0,吉田直弘,72.4,51.9,33.8,16.6,20.5,18.1,17.2,16.6
栗東,20260708,水,6:41,キープライジング,,牝,5,340,吉田直弘,74.5,53.9,34.5,16.7,20.6,19.4,17.8,16.7
栗東,20260708,水,6:41,タマモスカイ,,牡,3,400,茶木太樹,56.6,41.5,27.2,12.9,15.1,14.3,14.3,12.9
栗東,20260708,水,6:41,ルバート,,牡,2,未出走,茶木太樹,64.3,47.8,31.5,16.1,16.5,16.3,15.4,16.1
栗東,20260708,水,6:42,ヒーローインチーフ,,セ,5,900,吉田直弘,72.9,51.1,32.4,15.6,21.8,18.7,16.8,15.6
栗東,20260708,水,6:43,ケイアイメキラ,,セ,6,1500,秋山真一,67.6,49.6,32.7,16.2,18.0,16.9,16.5,16.2
栗東,20260708,水,6:43,ゴールドアベニュー,,牝,3,0,宮地貴稔,54.3,40.2,26.1,13.2,14.1,14.1,12.9,13.2
栗東,20260708,水,6:43,サンタカリス,,牝,3,0,秋山真一,59.5,42.6,26.3,12.8,16.9,16.3,13.5,12.8
栗東,20260708,水,6:43,ジャストワナフライ,,牡,2,未出走,小栗実,53.7,38.8,25.4,13.0,14.9,13.4,12.4,13.0
栗東,20260708,水,6:43,ゼットリアン,,牡,6,3600,吉田直弘,77.0,55.7,35.6,17.2,21.3,20.1,18.4,17.2
栗東,20260708,水,6:43,ダイメイアゲイン,,牡,2,未出走,秋山真一,66.8,50.0,33.2,16.9,16.8,16.8,16.3,16.9
栗東,20260708,水,6:43,フルフィルメント,,牝,3,0,宮地貴稔,53.7,39.3,25.8,13.0,14.4,13.5,12.8,13.0
栗東,20260708,水,6:43,モンブランミノル,,牡,5,2400,小栗実,54.1,39.0,25.3,12.8,15.1,13.7,12.5,12.8
栗東,20260708,水,6:44,アメリカンピース,,セ,8,400,東田明士,65.3,48.2,31.8,15.8,17.1,16.4,16.0,15.8
栗東,20260708,水,6:44,レオナルドスター,,セ,5,210,秋山真一,66.9,48.7,32.6,16.9,18.2,16.1,15.7,16.9
栗東,20260708,水,6:44,ロードファイター,,牡,3,0,東田明士,63.3,46.7,30.7,15.3,16.6,16.0,15.4,15.3
栗東,20260708,水,6:45,オセアスターライト,,セ,3,0,東田明士,64.5,46.8,30.7,15.3,17.7,16.1,15.4,15.3
栗東,20260708,水,6:45,シャープインサイト,,牡,3,400,東田明士,64.5,46.6,30.0,14.8,17.9,16.6,15.2,14.8
栗東,20260708,水,6:45,ミッキーテネシー,,牝,3,0,中内田充,65.4,48.1,31.8,16.0,17.3,16.3,15.8,16.0
栗東,20260708,水,6:49,カズゴルティス,,セ,5,2400,西園翔太,66.4,49.0,32.3,15.8,17.4,16.7,16.5,15.8
栗東,20260708,水,6:49,メイショウトッド,,牡,3,0,安達昭夫,52.5,38.9,26.4,13.8,13.6,12.5,12.6,13.8
栗東,20260708,水,6:50,ジュンアマンドラ,,牝,2,未出走,友道康夫,54.4,39.0,25.2,12.7,15.4,13.8,12.5,12.7
栗東,20260708,水,6:50,ジュンライデン,,牡,4,400,友道康夫,55.6,40.5,26.0,12.7,15.1,14.5,13.3,12.7
栗東,20260708,水,6:50,ダノンワンダー,,牡,3,0,友道康夫,54.9,39.3,25.4,12.7,15.6,13.9,12.7,12.7
栗東,20260708,水,6:50,ノンブルドール,,牡,3,400,西園翔太,69.9,51.5,34.3,16.8,18.4,17.2,17.5,16.8
栗東,20260708,水,6:50,ファルカータ,,牝,3,0,友道康夫,60.6,44.2,28.6,14.1,16.4,15.6,14.5,14.1
栗東,20260708,水,6:51,ロードアウォード,,セ,6,3600,吉岡辰弥,59.0,43.3,28.8,14.4,15.7,14.5,14.4,14.4
栗東,20260708,水,6:52,,,,,,,69.1,51.1,33.8,16.9,18.0,17.3,16.9,16.9
栗東,20260708,水,6:52,,,,,,,71.4,52.4,34.7,17.5,19.0,17.7,17.2,17.5
栗東,20260708,水,6:52,アンリミテッド,,牡,3,0,高野友和,73.2,53.3,35.1,16.7,19.9,18.2,18.4,16.7
栗東,20260708,水,6:52,ウィクフォード,,牡,2,未出走,高野友和,73.2,52.8,34.1,16.7,20.4,18.7,17.4,16.7
栗東,20260708,水,6:53,イマージョン,,牡,4,1500,高野友和,72.9,52.4,33.5,16.2,20.5,18.9,17.3,16.2
栗東,20260708,水,6:53,オンアロール,,牝,2,未出走,高野友和,71.6,50.8,32.7,15.6,20.8,18.1,17.1,15.6
栗東,20260708,水,6:53,チューラワンサ,,牝,4,1500,高野友和,71.6,51.8,34.1,16.5,19.8,17.7,17.6,16.5
栗東,20260708,水,6:53,フレアオブセンス,,牡,3,0,高野友和,72.2,52.3,33.8,16.2,19.9,18.5,17.6,16.2
栗東,20260708,水,6:56,ゼットリアン,,牡,6,3600,吉田直弘,64.6,46.2,29.3,14.3,18.4,16.9,15.0,14.3
栗東,20260708,水,6:57,アリディプラチノ,,牝,3,0,畑端省吾,55.2,40.6,26.5,12.8,14.6,14.1,13.7,12.8
栗東,20260708,水,6:57,エルヴィオラ,,牝,3,未出走,畑端省吾,69.2,50.1,32.9,15.9,19.1,17.2,17.0,15.9
栗東,20260708,水,6:57,シンコーナホチャン,,牝,5,900,畑端省吾,69.8,51.3,33.6,16.5,18.5,17.7,17.1,16.5
栗東,20260708,水,6:57,リカンカブール,,セ,7,4550,田中克典,53.5,39.1,25.2,12.3,14.4,13.9,12.9,12.3
栗東,20260708,水,6:57,ルナフィオーレ,,牝,3,0,庄野靖志,54.4,39.4,25.7,12.9,15.0,13.7,12.8,12.9
栗東,20260708,水,6:58,チュウワチーフ,,牡,4,900,小崎憲,64.8,47.9,30.9,14.8,16.9,17.0,16.1,14.8
栗東,20260708,水,7:00,キープシャイニング,,牡,3,0,長谷川浩,70.2,51.1,33.2,16.4,19.1,17.9,16.8,16.4
栗東,20260708,水,7:02,アリエスキング,,牡,5,900,庄野靖志,54.6,39.8,25.2,12.3,14.8,14.6,12.9,12.3
栗東,20260708,水,7:02,ジリアート,,牝,3,0,矢作芳人,66.0,48.1,31.8,16.1,17.9,16.3,15.7,16.1
栗東,20260708,水,7:02,ナヴォーナ,,牡,6,1500,矢作芳人,66.2,48.1,31.8,16.3,18.1,16.3,15.5,16.3
栗東,20260708,水,7:02,レッドフレーザー,,牡,3,0,矢作芳人,66.5,48.8,32.2,16.2,17.7,16.6,16.0,16.2
栗東,20260708,水,7:03,ズバットマサムネ,,セ,5,900,杉山佳明,57.0,41.6,27.1,13.1,15.4,14.5,14.0,13.1
栗東,20260708,水,7:03,ビッグヒーロー,,牡,3,0,福永祐一,54.3,39.8,26.5,13.5,14.5,13.3,13.0,13.5
栗東,20260708,水,7:03,ペルフェツィオーネ,,牡,5,400,杉山佳明,56.1,40.1,25.6,12.5,16.0,14.5,13.1,12.5
栗東,20260708,水,7:03,メイショウハチロー,,牡,4,2400,福永祐一,53.6,38.5,25.3,12.7,15.1,13.2,12.6,12.7
栗東,20260708,水,7:03,ラクホマレ,,牡,3,未出走,福永祐一,52.6,37.9,25.0,12.6,14.7,12.9,12.4,12.6
栗東,20260708,水,7:04,,,,,,,68.8,50.9,34.1,17.0,17.9,16.8,17.1,17.0
栗東,20260708,水,7:04,アンリミテッド,,牡,3,0,高野友和,54.9,39.4,25.3,12.6,15.5,14.1,12.7,12.6
栗東,20260708,水,7:04,イマージョン,,牡,4,1500,高野友和,55.6,40.5,25.9,12.4,15.1,14.6,13.5,12.4
栗東,20260708,水,7:04,ウィクフォード,,牡,2,未出走,高野友和,56.7,40.2,25.4,12.2,16.5,14.8,13.2,12.2
栗東,20260708,水,7:04,オンアロール,,牝,2,未出走,高野友和,55.6,40.2,25.9,12.6,15.4,14.3,13.3,12.6
栗東,20260708,水,7:04,チューラワンサ,,牝,4,1500,高野友和,55.3,40.4,25.8,12.3,14.9,14.6,13.5,12.3
栗東,20260708,水,7:04,メイショウフンジン,,牡,8,8780,秋山真一,71.0,52.6,35.0,17.6,18.4,17.6,17.4,17.6
栗東,20260708,水,7:05,グラシアレスインク,,牡,2,未出走,安田翔伍,54.0,39.9,26.5,13.4,14.1,13.4,13.1,13.4
栗東,20260708,水,7:05,スプレンドーレ,,牝,3,未出走,矢作芳人,60.4,44.6,29.2,14.4,15.8,15.4,14.8,14.4
栗東,20260708,水,7:05,ハクサンテドリガワ,,牝,3,0,小崎憲,64.7,47.8,31.9,16.1,16.9,15.9,15.8,16.1
栗東,20260708,水,7:05,フレアオブセンス,,牡,3,0,高野友和,59.4,42.9,28.0,14.0,16.5,14.9,14.0,14.0
栗東,20260708,水,7:05,ラピス,,牝,3,0,安田翔伍,53.6,39.6,26.2,13.1,14.0,13.4,13.1,13.1
栗東,20260708,水,7:06,,,,,,,66.5,49.7,33.2,16.5,16.8,16.5,16.7,16.5
栗東,20260708,水,7:06,サディーク,,牝,4,900,河嶋宏樹,53.0,39.2,25.7,12.7,13.8,13.5,13.0,12.7
栗東,20260708,水,7:06,バトルナイト,,牡,2,未出走,武英智,67.3,49.9,33.1,16.5,17.4,16.8,16.6,16.5
栗東,20260708,水,7:07,スイートリディア,,牝,2,未出走,高橋亮,68.0,50.2,33.0,16.5,17.8,17.2,16.5,16.5
栗東,20260708,水,7:07,メイショウキンタイ,,牡,4,0,高橋亮,69.1,50.5,33.5,16.7,18.6,17.0,16.8,16.7
栗東,20260708,水,7:07,レジェンディーヴァ,,牝,2,未出走,高橋亮,67.4,50.1,33.1,16.5,17.3,17.0,16.6,16.5
栗東,20260708,水,7:09,テーオーライガ,,牡,2,未出走,浜田多実,71.9,53.6,35.3,17.8,18.3,18.3,17.5,17.8
栗東,20260708,水,7:09,ブラストビート,,牡,3,0,浜田多実,73.1,53.3,35.1,17.5,19.8,18.2,17.6,17.5
栗東,20260708,水,7:09,ラッキーハナコ,,牝,2,未出走,浜田多実,69.8,52.4,33.7,17.0,17.4,18.7,16.7,17.0
栗東,20260708,水,7:14,ベルメサージュ,,牝,2,未出走,大根田裕,65.0,49.0,33.0,16.9,16.0,16.0,16.1,16.9
栗東,20260708,水,7:14,リカード,,牝,4,0,和田雄二,66.1,47.5,30.5,15.2,18.6,17.0,15.3,15.2
栗東,20260708,水,7:14,ルージュソムニウム,,牝,3,0,加藤公太,66.7,48.0,31.3,15.8,18.7,16.7,15.5,15.8
栗東,20260708,水,7:15,ケイテンアイジン,,牡,4,900,谷潔,55.4,39.9,25.6,12.6,15.5,14.3,13.0,12.6
栗東,20260708,水,7:15,ラッキーヴォーグ,,牡,3,0,牧田和弥,56.4,40.6,26.0,12.9,15.8,14.6,13.1,12.9
栗東,20260708,水,7:16,,,,,,,66.7,49.2,32.9,16.8,17.5,16.3,16.1,16.8
栗東,20260708,水,7:16,,,,,,,66.9,49.0,32.7,16.7,17.9,16.3,16.0,16.7
栗東,20260708,水,7:16,イイデカンタロウ,,牡,5,340,北出成人,66.5,48.1,31.5,15.5,18.4,16.6,16.0,15.5
栗東,20260708,水,7:16,ウインマスカレード,,牡,4,400,宮本博,56.0,39.2,25.0,12.2,16.8,14.2,12.8,12.2
栗東,20260708,水,7:16,チャチャピンク,,牡,4,400,北出成人,68.1,50.8,33.7,16.8,17.3,17.1,16.9,16.8
栗東,20260708,水,7:17,,,,,,,68.5,51.1,33.7,16.6,17.4,17.4,17.1,16.6
栗東,20260708,水,7:17,アーデルプレミア,,牡,2,未出走,宮本博,71.8,54.5,36.7,18.0,17.3,17.8,18.7,18.0
栗東,20260708,水,7:17,エコロメジャー,,牡,2,0,牧浦充徳,64.5,47.0,30.7,15.5,17.5,16.3,15.2,15.5
栗東,20260708,水,7:17,オデット,,牝,4,900,緒方努,54.6,38.8,25.4,12.9,15.8,13.4,12.5,12.9
栗東,20260708,水,7:17,コーディアリティ,,牡,3,0,牧浦充徳,65.8,48.3,31.5,15.4,17.5,16.8,16.1,15.4
栗東,20260708,水,7:17,ニホンピロトッティ,,牝,5,900,緒方努,55.0,39.6,25.5,12.6,15.4,14.1,12.9,12.6
栗東,20260708,水,7:17,リリーサンダー,,牡,3,0,緒方努,54.6,39.7,25.9,13.2,14.9,13.8,12.7,13.2
栗東,20260708,水,7:18,,,,,,,66.1,48.7,31.8,15.6,17.4,16.9,16.2,15.6
栗東,20260708,水,7:18,,,,,,,66.2,48.5,32.1,15.9,17.7,16.4,16.2,15.9
栗東,20260708,水,7:18,アズライトアスール,,牡,3,0,鈴木孝志,55.5,40.1,25.7,12.7,15.4,14.4,13.0,12.7
栗東,20260708,水,7:18,アンテロース,,牡,6,900,岡田稲男,67.3,49.1,32.2,16.2,18.2,16.9,16.0,16.2
栗東,20260708,水,7:18,キュクロープス,,牡,4,400,高橋康之,65.0,47.3,31.2,15.2,17.7,16.1,16.0,15.2
栗東,20260708,水,7:18,ダンシングドール,,牝,3,400,牧田和弥,64.8,47.2,30.5,14.7,17.6,16.7,15.8,14.7
栗東,20260708,水,7:18,テイエムファントム,,牡,3,0,鈴木孝志,55.3,40.8,26.1,12.7,14.5,14.7,13.4,12.7
栗東,20260708,水,7:18,ハヤブサカツオー,,牡,2,未出走,岡田稲男,65.9,48.6,31.7,15.6,17.3,16.9,16.1,15.6
栗東,20260708,水,7:18,パシアンジェンヌ,,牝,2,未出走,鈴木孝志,55.5,41.0,26.3,12.9,14.5,14.7,13.4,12.9
栗東,20260708,水,7:18,フィラーエ,,牝,3,400,高橋康之,57.5,41.7,27.4,13.1,15.8,14.3,14.3,13.1
栗東,20260708,水,7:18,ムソウテンセイ,,牡,3,0,鈴木孝志,55.3,40.0,25.6,12.7,15.3,14.4,12.9,12.7
栗東,20260708,水,7:18,メイショウソウタ,,牡,5,1500,岡田稲男,62.9,46.1,29.8,14.7,16.8,16.3,15.1,14.7
栗東,20260708,水,7:18,レイバックスピン,,牝,4,1500,牧浦充徳,64.2,47.0,31.0,15.7,17.2,16.0,15.3,15.7
栗東,20260708,水,7:19,,,,,,,66.5,48.0,31.6,15.9,18.5,16.4,15.7,15.9
栗東,20260708,水,7:19,チヨ,,牝,3,0,鈴木孝志,64.5,47.3,31.4,15.5,17.2,15.9,15.9,15.5
栗東,20260708,水,7:19,ブレイクアウェイ,,牡,2,未出走,上村洋行,65.1,46.6,30.5,15.0,18.5,16.1,15.5,15.0
栗東,20260708,水,7:19,ベラジオパンテーラ,,牡,2,未出走,上村洋行,62.9,45.7,29.3,14.7,17.2,16.4,14.6,14.7
栗東,20260708,水,7:19,ルージュマデイラ,,牝,3,0,上村洋行,63.7,46.3,29.9,15.1,17.4,16.4,14.8,15.1
栗東,20260708,水,7:21,タマモマリアージュ,,牝,3,0,井上智史,66.0,48.3,32.0,15.7,17.7,16.3,16.3,15.7
栗東,20260708,水,7:22,,,,,,,70.6,52.0,34.1,16.8,18.6,17.9,17.3,16.8
栗東,20260708,水,7:22,レッドバベル,,牡,3,未出走,池江泰寿,63.8,47.0,30.8,14.9,16.8,16.2,15.9,14.9
栗東,20260708,水,7:23,ソウルオンファイア,,牝,3,900,野中賢二,64.3,47.0,30.4,15.1,17.3,16.6,15.3,15.1
栗東,20260708,水,7:23,レイピカケ,,牝,5,900,野中賢二,69.1,50.2,32.8,15.9,18.9,17.4,16.9,15.9
栗東,20260708,水,7:47,エルダークローネ,,牡,2,0,西村真幸,66.4,48.5,31.8,15.6,17.9,16.7,16.2,15.6
栗東,20260708,水,7:47,シュラザック,,牡,4,2400,大根田裕,53.4,38.8,25.0,12.5,14.6,13.8,12.5,12.5
栗東,20260708,水,7:47,ファントムシーフ,,牡,6,3000,西村真幸,68.9,51.0,33.6,16.9,17.9,17.4,16.7,16.9
栗東,20260708,水,7:47,ムーンベリル,,牝,2,0,西村真幸,56.4,41.3,26.4,12.7,15.1,14.9,13.7,12.7
栗東,20260708,水,7:47,ルージュビバーチェ,,牝,3,400,橋口慎介,58.9,43.0,27.9,13.8,15.9,15.1,14.1,13.8
栗東,20260708,水,7:48,アンドヴェローナ,,牝,2,未出走,高橋義忠,58.7,43.4,28.4,14.2,15.3,15.0,14.2,14.2
栗東,20260708,水,7:48,エアビッグマム,,牝,4,1000,笹田和秀,54.5,40.1,26.5,13.1,14.4,13.6,13.4,13.1
栗東,20260708,水,7:48,エアロクリスタ,,牡,2,未出走,池添学,55.6,39.9,26.2,13.3,15.7,13.7,12.9,13.3
栗東,20260708,水,7:48,サイモンレガシー,,牡,2,未出走,石坂公一,56.1,41.3,27.2,13.1,14.8,14.1,14.1,13.1
栗東,20260708,水,7:48,サラコスティ,,牡,4,400,池添学,54.9,38.9,25.4,12.8,16.0,13.5,12.6,12.8
栗東,20260708,水,7:48,サンライズフレイム,,牡,6,7500,石坂公一,55.6,40.7,26.7,13.2,14.9,14.0,13.5,13.2
栗東,20260708,水,7:48,スズカミエール,,牝,5,1000,吉村圭司,55.0,40.3,26.4,13.3,14.7,13.9,13.1,13.3
栗東,20260708,水,7:48,ニシノサリーナ,,牝,3,400,橋口慎介,57.1,41.6,26.8,13.3,15.5,14.8,13.5,13.3
栗東,20260708,水,7:48,パピプペピンク,,牝,3,0,西村真幸,66.9,47.6,30.5,14.7,19.3,17.1,15.8,14.7
栗東,20260708,水,7:48,メイショウシンガン,,牡,3,0,高橋義忠,66.0,48.1,30.6,15.1,17.9,17.5,15.5,15.1
栗東,20260708,水,7:48,メイショウドキョウ,,セ,3,未出走,笹田和秀,54.6,39.2,25.8,13.4,15.4,13.4,12.4,13.4
栗東,20260708,水,7:48,メルキオル,,牡,4,2100,松永幹夫,53.0,38.9,25.1,12.5,14.1,13.8,12.6,12.5
栗東,20260708,水,7:48,ラヴオントップ,,牝,5,900,西村真幸,56.1,39.6,25.8,13.1,16.5,13.8,12.7,13.1
栗東,20260708,水,7:48,ロードトレゾール,,牡,5,900,清水久詞,55.3,39.3,25.6,12.9,16.0,13.7,12.7,12.9
栗東,20260708,水,7:48,ワンダーブレット,,セ,7,900,笹田和秀,52.3,38.4,25.7,13.3,13.9,12.7,12.4,13.3
栗東,20260708,水,7:49,,,,,,,59.3,43.6,28.9,14.8,15.7,14.7,14.1,14.8
栗東,20260708,水,7:49,エターナルプロミス,,牝,4,900,茶木太樹,53.3,38.2,25.1,12.8,15.1,13.1,12.3,12.8
栗東,20260708,水,7:49,サトノソティラス,,牡,4,900,池江泰寿,55.3,40.3,26.0,12.8,15.0,14.3,13.2,12.8
栗東,20260708,水,7:49,ゾンニッヒ,,牡,8,4800,池江泰寿,53.7,38.9,24.5,12.1,14.8,14.4,12.4,12.1
栗東,20260708,水,7:49,トモジャプレジール,,牡,3,400,大根田裕,52.0,38.3,25.2,12.9,13.7,13.1,12.3,12.9
栗東,20260708,水,7:49,ノーマンデー,,牡,2,未出走,茶木太樹,53.6,38.4,25.6,13.3,15.2,12.8,12.3,13.3
栗東,20260708,水,7:49,ハルカカナタ,,牝,2,未出走,秋山真一,56.8,40.8,25.8,12.7,16.0,15.0,13.1,12.7
栗東,20260708,水,7:49,フィエールシャンテ,,牝,3,0,小椋研介,55.3,39.9,25.7,12.6,15.4,14.2,13.1,12.6
栗東,20260708,水,7:49,ペアスターロード,,牡,2,0,前川恭子,54.4,39.2,25.3,12.4,15.2,13.9,12.9,12.4
栗東,20260708,水,7:49,ペプチドアロン,,牡,3,0,小椋研介,53.2,38.5,25.6,13.0,14.7,12.9,12.6,13.0
栗東,20260708,水,7:49,マジックハンド,,牡,3,0,小椋研介,52.8,38.3,25.6,13.0,14.5,12.7,12.6,13.0
栗東,20260708,水,7:49,ミニュイ,,牡,3,0,秋山真一,57.4,41.1,25.9,12.7,16.3,15.2,13.2,12.7
栗東,20260708,水,7:49,モルティフレーバー,,牝,4,400,清水久詞,55.7,40.3,25.5,12.5,15.4,14.8,13.0,12.5
栗東,20260708,水,7:49,ユイリノベーション,,牡,2,0,平田修,52.2,38.0,24.9,12.6,14.2,13.1,12.3,12.6
栗東,20260708,水,7:49,ララララブソング,,牝,2,未出走,小椋研介,54.7,39.8,25.7,12.7,14.9,14.1,13.0,12.7
栗東,20260708,水,7:49,リンカーンバローズ,,牡,2,未出走,清水久詞,57.4,42.0,28.4,14.8,15.4,13.6,13.6,14.8
栗東,20260708,水,7:49,ルシオラ,,牝,2,未出走,清水久詞,55.6,40.3,26.3,13.1,15.3,14.0,13.2,13.1
栗東,20260708,水,7:49,ロンドンガーズ,,牡,2,400,前川恭子,53.9,39.0,25.1,12.4,14.9,13.9,12.7,12.4
栗東,20260708,水,7:50,アマキヒ,,牡,4,2400,橋田宜長,67.2,49.0,32.2,15.7,18.2,16.8,16.5,15.7
栗東,20260708,水,7:50,アーリントンロウ,,牡,4,400,松下武士,50.9,37.2,24.9,13.1,13.7,12.3,11.8,13.1
栗東,20260708,水,7:50,ウォータールスール,,牡,3,0,石橋守,53.5,39.6,26.2,13.0,13.9,13.4,13.2,13.0
栗東,20260708,水,7:50,エクセルブリーズ,,牝,2,未出走,平田修,62.5,45.4,30.9,15.6,17.1,14.5,15.3,15.6
栗東,20260708,水,7:50,カレンハウ,,牡,2,0,柴田卓,54.0,38.8,25.0,12.6,15.2,13.8,12.4,12.6
栗東,20260708,水,7:50,コスモストーム,,牡,4,900,北出成人,65.1,47.2,30.9,15.5,17.9,16.3,15.4,15.5
栗東,20260708,水,7:50,コスモフィレンツェ,,牡,3,0,北出成人,54.5,39.4,25.1,12.4,15.1,14.3,12.7,12.4
栗東,20260708,水,7:50,コルドンブルー,,牝,4,900,松永幹夫,55.7,40.6,25.8,12.8,15.1,14.8,13.0,12.8
栗東,20260708,水,7:50,サンロンブル,,牡,3,0,柴田卓,56.0,40.5,26.2,13.0,15.5,14.3,13.2,13.0
栗東,20260708,水,7:50,ジェバーダ,,牝,4,400,松下武士,55.0,40.0,26.3,13.1,15.0,13.7,13.2,13.1
栗東,20260708,水,7:50,ジュエルハウス,,牝,4,400,橋田宜長,54.3,38.8,25.3,12.3,15.5,13.5,13.0,12.3
栗東,20260708,水,7:50,ステラスプレンダー,,牝,5,900,石坂公一,53.4,38.2,25.0,12.6,15.2,13.2,12.4,12.6
栗東,20260708,水,7:50,トウカイツバキ,,牝,3,0,北出成人,54.2,39.4,25.1,12.4,14.8,14.3,12.7,12.4
栗東,20260708,水,7:50,ナブッコ,,牡,3,0,橋田宜長,54.2,39.7,25.7,12.4,14.5,14.0,13.3,12.4
栗東,20260708,水,7:50,ノボリスマイル,,牝,3,0,石橋守,54.5,40.2,26.3,13.1,14.3,13.9,13.2,13.1
栗東,20260708,水,7:50,フィニステーレ,,牝,3,0,辻野泰之,53.2,38.7,25.3,12.5,14.5,13.4,12.8,12.5
栗東,20260708,水,7:50,プレスバーン,,牝,3,0,石坂公一,54.1,38.9,25.4,12.8,15.2,13.5,12.6,12.8
栗東,20260708,水,7:50,ベルギューン,,牝,4,1500,牧浦充徳,57.2,41.4,27.2,13.6,15.8,14.2,13.6,13.6
栗東,20260708,水,7:50,ポッドリプル,,牡,3,400,辻野泰之,53.9,38.8,25.3,12.6,15.1,13.5,12.7,12.6
栗東,20260708,水,7:50,マヴィ,,牝,3,400,牧浦充徳,54.6,39.5,25.7,12.8,15.1,13.8,12.9,12.8
栗東,20260708,水,7:50,メイショウヒタカミ,,牡,3,0,石橋守,53.5,39.6,26.2,13.0,13.9,13.4,13.2,13.0
栗東,20260708,水,7:50,ヤマニンアストロン,,牡,5,1500,石橋守,52.8,38.7,25.7,12.7,14.1,13.0,13.0,12.7
栗東,20260708,水,7:50,ルートサーティーン,,牡,3,400,辻野泰之,53.7,38.6,25.3,12.7,15.1,13.3,12.6,12.7
栗東,20260708,水,7:50,ヴィラン,,牡,2,未出走,橋田宜長,54.5,40.0,25.9,12.6,14.5,14.1,13.3,12.6
栗東,20260708,水,7:51,,,,,,,62.8,46.7,31.0,15.0,16.1,15.7,16.0,15.0
栗東,20260708,水,7:51,,,,,,,63.8,48.1,32.8,16.9,15.7,15.3,15.9,16.9
栗東,20260708,水,7:51,カミノレアル,,牡,4,1500,今野貞一,53.3,38.7,25.5,13.0,14.6,13.2,12.5,13.0
栗東,20260708,水,7:51,クロームクロス,,牡,3,0,西園翔太,52.9,39.0,25.5,13.0,13.9,13.5,12.5,13.0
栗東,20260708,水,7:51,ショウナンハウル,,セ,5,900,松下武士,56.2,40.5,26.1,12.5,15.7,14.4,13.6,12.5
栗東,20260708,水,7:51,ジョーヴェスタ,,牝,3,0,松下武士,54.7,39.3,25.4,12.7,15.4,13.9,12.7,12.7
栗東,20260708,水,7:51,ダークエクリプス,,牡,7,1500,今野貞一,53.8,39.0,25.9,13.3,14.8,13.1,12.6,13.3
栗東,20260708,水,7:51,ナリタヒカリ,,牝,4,900,荒川義之,54.7,40.0,26.6,13.3,14.7,13.4,13.3,13.3
栗東,20260708,水,7:51,ナンヨークリスタル,,セ,6,240,松永幹夫,58.5,41.7,27.3,13.5,16.8,14.4,13.8,13.5
栗東,20260708,水,7:51,ニーナバイリッカ,,牝,4,0,松下武士,55.1,39.9,25.8,12.7,15.2,14.1,13.1,12.7
栗東,20260708,水,7:51,ボンドロア,,牡,4,900,松永幹夫,64.6,47.3,31.3,15.5,17.3,16.0,15.8,15.5
栗東,20260708,水,7:51,ミエルモーサ,,牝,2,0,松下武士,55.7,39.9,25.3,12.1,15.8,14.6,13.2,12.1
栗東,20260708,水,7:51,ムーンリットビーチ,,牝,3,0,西園翔太,52.7,38.7,25.3,12.8,14.0,13.4,12.5,12.8
栗東,20260708,水,7:51,メイショウジェンマ,,牡,6,810,飯田祐史,68.6,49.1,31.0,15.1,19.5,18.1,15.9,15.1
栗東,20260708,水,7:52,ウインラウダ,,牡,5,400,梅田智之,53.6,39.0,25.5,12.9,14.6,13.5,12.6,12.9
栗東,20260708,水,7:52,キービート,,牡,3,0,宮徹,53.6,38.7,24.9,12.4,14.9,13.8,12.5,12.4
栗東,20260708,水,7:52,シルフズミスチーフ,,牝,4,900,池江泰寿,67.9,49.7,32.6,16.1,18.2,17.1,16.5,16.1
栗東,20260708,水,7:52,スマイリングスカイ,,牝,3,0,奥村豊,65.0,47.8,31.4,15.9,17.2,16.4,15.5,15.9
栗東,20260708,水,7:52,ダノンフィガロ,,牡,2,未出走,池江泰寿,69.0,50.2,33.3,16.5,18.8,16.9,16.8,16.5
栗東,20260708,水,7:52,トレジャーストーン,,セ,3,0,藤原英昭,61.8,45.8,30.3,15.3,16.0,15.5,15.0,15.3
栗東,20260708,水,7:52,ハーブドーレ,,牝,3,未出走,荒川義之,55.6,40.7,26.9,13.6,14.9,13.8,13.3,13.6
栗東,20260708,水,7:52,メイショウアヤカ,,牝,3,0,荒川義之,56.1,41.4,27.4,14.4,14.7,14.0,13.0,14.4
栗東,20260708,水,7:52,メイショウホウレン,,牡,5,3600,安達昭夫,64.5,46.8,30.7,15.5,17.7,16.1,15.2,15.5
栗東,20260708,水,7:52,レイナデアルシーラ,,牝,4,2400,西園翔太,54.1,38.6,24.7,12.2,15.5,13.9,12.5,12.2
栗東,20260708,水,7:53,アスクゴクジョウ,,牡,2,未出走,藤原英昭,63.7,46.4,30.5,15.0,17.3,15.9,15.5,15.0
栗東,20260708,水,7:53,ウィスピア,,牡,3,0,小林真也,66.7,48.6,32.0,15.7,18.1,16.6,16.3,15.7
栗東,20260708,水,7:53,エマヌエーレ,,牡,6,1500,平田修,64.3,47.3,30.9,14.8,17.0,16.4,16.1,14.8
栗東,20260708,水,7:53,サイモンシャリオ,,牡,3,400,梅田智之,66.3,49.1,32.9,16.6,17.2,16.2,16.3,16.6
栗東,20260708,水,7:53,サイモンシュバリエ,,牡,4,1500,梅田智之,64.3,46.2,30.4,14.9,18.1,15.8,15.5,14.9
栗東,20260708,水,7:53,サリカリーフォリア,,牝,3,400,橋口慎介,67.7,48.2,31.3,15.3,19.5,16.9,16.0,15.3
栗東,20260708,水,7:53,テクノピーチ,,牝,3,0,橋口慎介,67.8,48.8,31.5,15.4,19.0,17.3,16.1,15.4
栗東,20260708,水,7:53,ミランド,,牡,3,400,小林真也,64.8,46.9,31.0,15.7,17.9,15.9,15.3,15.7
栗東,20260708,水,7:54,アイルシャイン,,セ,6,1500,新谷功一,58.9,41.7,26.4,13.1,17.2,15.3,13.3,13.1
栗東,20260708,水,7:54,エイカイマッケンロ,,セ,7,1500,藤原英昭,62.4,45.2,29.4,14.5,17.2,15.8,14.9,14.5
栗東,20260708,水,7:54,サダムオプシス,,牡,5,1500,平田修,65.0,47.8,31.6,16.0,17.2,16.2,15.6,16.0
栗東,20260708,水,7:54,サラサランラン,,牡,2,未出走,藤原英昭,63.2,45.7,30.1,14.8,17.5,15.6,15.3,14.8
栗東,20260708,水,7:54,マーゴットヴィム,,牡,2,未出走,小林真也,68.7,50.4,33.3,16.8,18.3,17.1,16.5,16.8
栗東,20260708,水,7:55,アメリカンビーチ,,牡,4,400,四位洋文,53.9,38.3,24.8,12.8,15.6,13.5,12.0,12.8
栗東,20260708,水,7:55,エイカイカッシーナ,,牝,4,400,藤原英昭,62.4,45.9,30.2,15.0,16.5,15.7,15.2,15.0
栗東,20260708,水,7:55,オオナミコナミ,,牝,5,900,牧浦充徳,59.6,44.3,30.1,14.6,15.3,14.2,15.5,14.6
栗東,20260708,水,7:55,カフジマリボー,,牡,3,0,中竹和也,74.3,55.9,37.4,18.9,18.4,18.5,18.5,18.9
栗東,20260708,水,7:55,ガールズデイアウト,,牝,4,400,吉村圭司,66.5,49.2,32.3,15.8,17.3,16.9,16.5,15.8
栗東,20260708,水,7:55,ザングウィル,,牡,6,250,佐藤悠太,62.3,45.8,30.6,15.3,16.5,15.2,15.3,15.3
栗東,20260708,水,7:55,タマモイカロス,,牡,3,2200,藤岡健一,63.6,47.2,31.3,15.6,16.4,15.9,15.7,15.6
栗東,20260708,水,7:55,テラメリタ,,牝,5,1500,須貝尚介,64.8,47.0,30.0,14.5,17.8,17.0,15.5,14.5
栗東,20260708,水,7:55,パープルクラウド,,牡,6,900,吉村圭司,62.9,46.8,30.6,15.1,16.1,16.2,15.5,15.1
栗東,20260708,水,7:55,ホールネス,,牝,6,2900,藤原英昭,65.4,47.2,30.5,14.9,18.2,16.7,15.6,14.9
栗東,20260708,水,7:55,ムッチリスタイル,,牡,2,未出走,佐藤悠太,62.7,46.4,30.3,14.9,16.3,16.1,15.4,14.9
栗東,20260708,水,7:55,リン,,牡,3,0,四位洋文,54.4,38.7,25.0,12.8,15.7,13.7,12.2,12.8
栗東,20260708,水,7:55,ロードトレイル,,牡,5,1500,藤岡健一,65.3,48.5,32.2,16.4,16.8,16.3,15.8,16.4
栗東,20260708,水,7:56,,,,,,,70.1,51.0,32.8,16.4,19.1,18.2,16.4,16.4
栗東,20260708,水,7:56,,,,,,,70.2,51.1,32.9,16.2,19.1,18.2,16.7,16.2
栗東,20260708,水,7:56,,,,,,,71.0,51.3,33.1,16.4,19.7,18.2,16.7,16.4
栗東,20260708,水,7:56,ウインラブソング,,牝,3,0,宮徹,53.2,38.7,25.0,12.5,14.5,13.7,12.5,12.5
栗東,20260708,水,7:56,バトルアックス,,牡,3,400,今野貞一,64.1,46.8,30.8,15.2,17.3,16.0,15.6,15.2
栗東,20260708,水,7:56,フェルヴェンテ,,牡,6,2400,宮徹,52.1,38.3,25.4,13.1,13.8,12.9,12.3,13.1
栗東,20260708,水,7:56,マイネルメモリー,,牡,6,2400,宮徹,51.7,37.8,25.3,13.2,13.9,12.5,12.1,13.2
栗東,20260708,水,7:56,ラヴァンドローリエ,,牝,2,未出走,宮徹,53.8,39.2,25.4,12.6,14.6,13.8,12.8,12.6
栗東,20260708,水,7:57,シャインユウ,,牝,2,未出走,本田優,62.4,46.4,30.8,15.2,16.0,15.6,15.6,15.2
栗東,20260708,水,7:57,ツーエムマドンナ,,牝,2,未出走,本田優,62.4,46.4,30.7,15.2,16.0,15.7,15.5,15.2
栗東,20260708,水,7:57,テリコス,,牡,3,0,四位洋文,55.5,40.1,26.0,12.9,15.4,14.1,13.1,12.9
栗東,20260708,水,7:57,ノトコンゴウ,,牡,2,未出走,中尾秀正,54.4,40.0,25.8,12.8,14.4,14.2,13.0,12.8
栗東,20260708,水,7:57,マルモタワー,,牡,2,未出走,中尾秀正,54.9,40.3,26.1,13.1,14.6,14.2,13.0,13.1
栗東,20260708,水,7:57,レッドネビュラ,,牡,2,0,四位洋文,54.1,39.1,25.1,12.6,15.0,14.0,12.5,12.6
栗東,20260708,水,7:58,オヤツノジカン,,牝,3,400,高橋義忠,55.4,39.8,25.8,12.7,15.6,14.0,13.1,12.7
栗東,20260708,水,7:58,ワンダフルデイズ,,牡,3,400,高橋義忠,54.0,38.9,25.3,12.7,15.1,13.6,12.6,12.7
栗東,20260708,水,7:59,オーシンエス,,牡,4,400,宮徹,71.5,53.2,35.2,17.3,18.3,18.0,17.9,17.3
栗東,20260708,水,7:59,ドルチェミスト,,牝,3,400,小栗実,56.4,40.5,26.3,12.9,15.9,14.2,13.4,12.9
栗東,20260708,水,8:01,コックスコーム,,牡,2,未出走,中内田充,64.3,47.3,31.4,15.6,17.0,15.9,15.8,15.6
栗東,20260708,水,8:01,サイモンソレアード,,牝,2,未出走,坂口智康,66.9,48.6,30.7,15.0,18.3,17.9,15.7,15.0
栗東,20260708,水,8:01,ルージュアルミーラ,,牝,2,未出走,中内田充,64.3,47.3,31.5,15.8,17.0,15.8,15.7,15.8
栗東,20260708,水,8:01,レッドピアレス,,牡,3,0,中内田充,64.5,47.1,31.4,15.7,17.4,15.7,15.7,15.7
栗東,20260708,水,8:02,,,,,,,67.1,49.1,32.1,15.6,18.0,17.0,16.5,15.6
栗東,20260708,水,8:02,カフジラクレット,,牝,3,0,杉山佳明,65.0,48.0,31.6,15.7,17.0,16.4,15.9,15.7
栗東,20260708,水,8:02,コージ,,牡,2,未出走,高橋一哉,68.1,49.1,31.9,15.5,19.0,17.2,16.4,15.5
栗東,20260708,水,8:02,ヘリオポリス,,牡,3,0,杉山佳明,56.6,41.3,26.5,13.3,15.3,14.8,13.2,13.3
栗東,20260708,水,8:02,ボクサークラブ,,牡,3,0,杉山佳明,56.0,41.0,26.0,12.9,15.0,15.0,13.1,12.9
栗東,20260708,水,8:02,ユーダブルワン,,牝,2,未出走,杉山佳明,62.0,45.6,30.4,15.2,16.4,15.2,15.2,15.2
栗東,20260708,水,8:02,ルパピヨンブラン,,牝,3,0,杉山佳明,56.5,41.4,26.2,12.9,15.1,15.2,13.3,12.9
栗東,20260708,水,8:02,ルーセントムーン,,牡,3,0,高橋一哉,64.5,46.7,31.1,15.9,17.8,15.6,15.2,15.9
栗東,20260708,水,8:03,スノーサイレンス,,牝,4,1500,小栗実,54.1,39.1,24.9,12.5,15.0,14.2,12.4,12.5
栗東,20260708,水,8:05,グランキングオー,,牡,4,1500,高橋康之,67.8,48.8,32.2,15.8,19.0,16.6,16.4,15.8
栗東,20260708,水,8:06,ハピアーザンエバー,,牡,5,900,羽月友彦,63.3,45.2,29.3,15.2,18.1,15.9,14.1,15.2
栗東,20260708,水,8:06,ルクスノア,,牝,5,400,平田修,52.9,38.9,26.3,13.9,14.0,12.6,12.4,13.9
栗東,20260708,水,8:08,コウセキ,,牡,4,1500,西園翔太,66.4,47.9,31.4,15.2,18.5,16.5,16.2,15.2
栗東,20260708,水,8:09,スルーザナイト,,牝,4,900,西園翔太,76.6,55.9,36.5,17.5,20.7,19.4,19.0,17.5
栗東,20260708,水,8:10,アンバーライト,,牡,2,未出走,森田直行,64.4,47.0,31.0,15.3,17.4,16.0,15.7,15.3
栗東,20260708,水,8:11,,,,,,,63.3,48.4,31.7,16.0,14.9,16.7,15.7,16.0
栗東,20260708,水,8:11,クルクルミラクル,,牝,2,未出走,森田直行,68.3,50.0,33.3,16.4,18.3,16.7,16.9,16.4
栗東,20260708,水,8:11,ショールミーズ,,牝,3,未出走,大根田裕,60.2,43.6,28.7,14.5,16.6,14.9,14.2,14.5
栗東,20260708,水,8:11,パラチー,,牡,3,未出走,森田直行,71.5,54.5,35.4,17.1,17.0,19.1,18.3,17.1
栗東,20260708,水,8:13,スレッドザニードル,,牡,4,400,安達昭夫,54.4,39.7,25.9,13.1,14.7,13.8,12.8,13.1
栗東,20260708,水,8:13,メイショウユウゲン,,牡,3,0,安達昭夫,55.8,40.3,26.4,13.2,15.5,13.9,13.2,13.2
栗東,20260708,水,8:15,オールセインツ,,セ,5,1500,友道康夫,70.8,51.6,33.1,16.2,19.2,18.5,16.9,16.2
栗東,20260708,水,8:15,クラヴァンス,,牡,4,900,友道康夫,71.3,51.8,33.1,16.7,19.5,18.7,16.4,16.7
栗東,20260708,水,8:16,クランズクラウン,,牝,3,0,杉山晴紀,56.6,41.4,27.1,13.2,15.2,14.3,13.9,13.2
栗東,20260708,水,8:16,サヴォアフェール,,牡,3,900,杉山晴紀,63.3,46.3,30.3,14.8,17.0,16.0,15.5,14.8
栗東,20260708,水,8:17,アマノガワギンガ,,牝,3,0,畑端省吾,63.6,46.3,30.6,15.1,17.3,15.7,15.5,15.1
栗東,20260708,水,8:17,イグニション,,牡,6,680,畑端省吾,64.4,46.7,30.8,15.1,17.7,15.9,15.7,15.1
栗東,20260708,水,8:17,クランフォード,,牝,5,2400,杉山晴紀,68.9,50.1,33.1,16.1,18.8,17.0,17.0,16.1
栗東,20260708,水,8:17,サヨノパララックス,,牡,3,400,羽月友彦,59.9,43.7,28.8,14.2,16.2,14.9,14.6,14.2
栗東,20260708,水,8:17,サンライズブレイド,,牡,2,未出走,羽月友彦,57.0,42.5,27.7,13.7,14.5,14.8,14.0,13.7
栗東,20260708,水,8:17,ビーウィナー,,牡,3,0,羽月友彦,54.7,39.4,26.0,13.0,15.3,13.4,13.0,13.0
栗東,20260708,水,8:17,ブラックブレット,,牡,2,未出走,羽月友彦,56.0,40.6,26.4,13.1,15.4,14.2,13.3,13.1
栗東,20260708,水,8:17,ワンダーゾルダート,,牡,3,0,羽月友彦,53.6,39.4,25.9,13.3,14.2,13.5,12.6,13.3
栗東,20260708,水,8:28,ジョリープリュム,,牝,2,未出走,田中克典,63.5,46.9,31.7,15.8,16.6,15.2,15.9,15.8
栗東,20260708,水,8:28,ジーティーアリア,,牝,3,400,田中克典,67.1,49.6,32.8,16.1,17.5,16.8,16.7,16.1
栗東,20260708,水,8:28,デルマタカチホ,,牡,3,0,田中克典,63.7,46.7,30.8,15.4,17.0,15.9,15.4,15.4
栗東,20260708,水,8:28,プレゼンティーア,,牝,5,2400,田中克典,66.1,48.5,32.2,15.9,17.6,16.3,16.3,15.9
栗東,20260708,水,8:28,レインインザスカイ,,牝,2,未出走,田中克典,65.0,47.9,31.5,15.4,17.1,16.4,16.1,15.4
栗東,20260708,水,8:29,カセノナユタ,,牡,3,0,中尾秀正,60.5,45.5,30.1,14.9,15.0,15.4,15.2,14.9
栗東,20260708,水,8:29,ホウオウスーペリア,,牡,6,1500,吉岡辰弥,58.0,42.5,28.3,14.1,15.5,14.2,14.2,14.1
栗東,20260708,水,8:30,ケイアイアニラ,,牡,6,2400,吉岡辰弥,59.3,43.4,28.4,14.1,15.9,15.0,14.3,14.1
栗東,20260708,水,8:30,ルースソラール,,牡,2,0,吉岡辰弥,65.5,48.8,32.5,15.7,16.7,16.3,16.8,15.7
栗東,20260708,水,8:36,モズタチアガレ,,牡,4,900,中尾秀正,54.7,39.4,25.5,13.0,15.3,13.9,12.5,13.0
栗東,20260708,水,8:37,エリカアンディーヴ,,牝,4,900,吉岡辰弥,57.3,42.3,28.0,14.0,15.0,14.3,14.0,14.0
栗東,20260708,水,8:37,キシダンチョウ,,牡,3,400,吉岡辰弥,58.2,42.7,28.4,13.9,15.5,14.3,14.5,13.9
栗東,20260708,水,8:37,ナルキッソス,,牡,3,400,吉岡辰弥,57.3,41.9,27.0,13.5,15.4,14.9,13.5,13.5
美浦,20260708,水,3:15,マスカレードボール,,牡,4,40590,手塚貴久,54.6,39.6,25.7,12.3,15.0,13.9,13.4,12.3
美浦,20260708,水,3:15,ヴェルテンベルク,,牡,6,8400,宮本博,54.6,39.6,25.7,12.3,15.0,13.9,13.4,12.3
美浦,20260708,水,4:57,アイムインディ,,牝,3,400,蛯名正義,53.5,38.6,24.8,11.9,14.9,13.8,12.9,11.9
美浦,20260708,水,4:57,アジアントレジャー,,牡,3,400,蛯名正義,69.9,50.5,32.7,16.0,19.4,17.8,16.7,16.0
美浦,20260708,水,4:57,アマンヘセル,,牝,3,0,蛯名正義,69.9,51.0,33.4,16.9,18.9,17.6,16.5,16.9
美浦,20260708,水,4:57,ウインテラジーナ,,牝,3,0,栗田徹,53.1,38.3,25.0,12.1,14.8,13.3,12.9,12.1
美浦,20260708,水,4:57,グラティアム,,牝,3,400,嘉藤貴行,53.1,38.8,25.3,12.2,14.3,13.5,13.1,12.2
美浦,20260708,水,4:57,ショウナンラリー,,牡,4,900,嘉藤貴行,53.1,38.7,25.2,12.2,14.4,13.5,13.0,12.2
美浦,20260708,水,4:57,ラッキースウィッチ,,牡,3,0,蛯名正義,69.4,50.5,33.1,16.7,18.9,17.4,16.4,16.7
美浦,20260708,水,4:58,,,,,,,57.0,41.2,27.7,13.5,15.8,13.5,14.2,13.5
美浦,20260708,水,4:58,インビンシブルパパ,,牡,5,5850,伊藤大士,59.4,44.4,29.4,14.5,15.0,15.0,14.9,14.5
美浦,20260708,水,4:58,ケイアイギルス,,セ,3,0,小島茂之,55.3,40.0,26.6,13.2,15.3,13.4,13.4,13.2
美浦,20260708,水,4:58,ゴッドレイ,,牝,3,0,伊藤大士,58.2,43.0,27.8,14.3,15.2,15.2,13.5,14.3
美浦,20260708,水,4:58,ジェシーテソーロ,,牡,4,900,牧光二,54.5,40.2,25.2,12.3,14.3,15.0,12.9,12.3
美浦,20260708,水,4:58,スウィット,,牡,2,0,牧光二,69.3,50.4,32.6,15.4,18.9,17.8,17.2,15.4
美浦,20260708,水,4:58,セーヌデローヴ,,牡,3,0,黒岩陽一,52.8,37.9,24.5,12.2,14.9,13.4,12.3,12.2
美浦,20260708,水,4:58,チェルシー,,牝,5,400,中舘英二,54.9,40.4,26.2,12.6,14.5,14.2,13.6,12.6
美浦,20260708,水,4:58,ノブピースオブラブ,,セ,3,0,小島茂之,55.1,40.0,26.5,13.1,15.1,13.5,13.4,13.1
美浦,20260708,水,4:58,ノリマル,,牡,3,400,尾形和幸,67.5,49.3,32.5,16.1,18.2,16.8,16.4,16.1
美浦,20260708,水,4:58,ピコローズ,,牝,4,1500,伊藤大士,55.4,41.5,27.5,13.1,13.9,14.0,14.4,13.1
美浦,20260708,水,4:58,ブレイクフォース,,牡,7,5000,中舘英二,55.6,41.0,26.5,12.7,14.6,14.5,13.8,12.7
美浦,20260708,水,4:58,ブーケドリス,,牝,3,400,宮田敬介,55.3,40.5,26.3,12.6,14.8,14.2,13.7,12.6
美浦,20260708,水,4:58,モンサンアミュザン,,牝,2,未出走,牧光二,59.7,43.1,27.8,14.1,16.6,15.3,13.7,14.1
美浦,20260708,水,4:58,ライブリピュア,,牝,3,0,尾形和幸,69.4,51.4,34.1,17.1,18.0,17.3,17.0,17.1
美浦,20260708,水,4:58,ライヴバーボン,,牝,2,未出走,尾形和幸,68.8,50.9,33.7,17.0,17.9,17.2,16.7,17.0
美浦,20260708,水,4:58,リサナウト,,牝,2,未出走,黒岩陽一,52.4,37.6,24.3,12.1,14.8,13.3,12.2,12.1
美浦,20260708,水,4:58,ロジケープ,,牡,3,1500,尾形和幸,67.7,50.3,33.1,16.4,17.4,17.2,16.7,16.4
美浦,20260708,水,4:59,エピックジャーニー,,牡,2,未出走,浅利英明,70.2,52.0,34.0,17.1,18.2,18.0,16.9,17.1
美浦,20260708,水,4:59,ギリーカラム,,牡,3,0,栗田徹,70.4,52.8,34.4,17.3,17.6,18.4,17.1,17.3
美浦,20260708,水,4:59,サトノヴィレ,,セ,6,1500,鹿戸雄一,62.5,46.4,30.5,15.1,16.1,15.9,15.4,15.1
美浦,20260708,水,4:59,ステラガーネット,,牝,2,未出走,栗田徹,70.5,52.7,34.6,16.7,17.8,18.1,17.9,16.7
美浦,20260708,水,4:59,チャンピオンホープ,,牡,3,0,勢司和浩,68.7,50.6,33.6,16.7,18.1,17.0,16.9,16.7
美浦,20260708,水,4:59,ディマイザキッド,,牡,5,2400,清水英克,66.9,49.7,33.3,17.0,17.2,16.4,16.3,17.0
美浦,20260708,水,4:59,ドナチャージ,,牝,2,未出走,栗田徹,70.4,52.6,34.9,17.1,17.8,17.7,17.8,17.1
美浦,20260708,水,4:59,パチクリベスクリ,,牡,3,0,清水英克,69.8,51.6,34.2,17.0,18.2,17.4,17.2,17.0
美浦,20260708,水,4:59,ポッドロワール,,牡,4,1500,畠山吉宏,63.9,46.7,30.9,15.8,17.2,15.8,15.1,15.8
美浦,20260708,水,4:59,ミツカネメルクリオ,,牡,3,0,清水英克,69.4,50.9,33.5,16.9,18.5,17.4,16.6,16.9
美浦,20260708,水,4:59,ミナヅキ,,牡,3,0,清水英克,69.1,51.2,33.8,16.8,17.9,17.4,17.0,16.8
美浦,20260708,水,4:59,レジームチェンジ,,牡,2,未出走,鹿戸雄一,62.4,46.4,30.7,15.1,16.0,15.7,15.6,15.1
美浦,20260708,水,5:00,,,,,,,71.1,52.5,34.8,17.1,18.6,17.7,17.7,17.1
美浦,20260708,水,5:00,アトミックブレス,,牡,3,400,加藤征弘,71.8,53.3,35.3,17.0,18.5,18.0,18.3,17.0
美浦,20260708,水,5:00,アルーアウインド,,牡,2,未出走,浅利英明,71.0,51.8,33.9,16.7,19.2,17.9,17.2,16.7
美浦,20260708,水,5:00,イカルステソーロ,,牡,2,未出走,武市康男,71.1,53.1,35.2,17.4,18.0,17.9,17.8,17.4
美浦,20260708,水,5:00,カリーシ,,牝,5,900,武井亮,66.7,48.9,32.6,16.5,17.8,16.3,16.1,16.5
美浦,20260708,水,5:00,サウジバラード,,牡,3,400,加藤征弘,72.1,53.1,35.3,17.4,19.0,17.8,17.9,17.4
美浦,20260708,水,5:00,スティルシャイニン,,牡,4,0,天間昭一,66.7,49.2,33.0,16.3,17.5,16.2,16.7,16.3
美浦,20260708,水,5:00,ドバイブルース,,牡,5,1500,加藤征弘,71.4,52.8,34.6,17.5,18.6,18.2,17.1,17.5
美浦,20260708,水,5:00,ビッグフラワー,,牡,5,400,加藤征弘,69.7,50.7,32.9,16.2,19.0,17.8,16.7,16.2
美浦,20260708,水,5:00,ブルージェイ,,牡,2,未出走,加藤征弘,71.3,52.9,34.7,16.8,18.4,18.2,17.9,16.8
美浦,20260708,水,5:00,ボンジュールパリ,,牡,2,未出走,加藤征弘,71.1,52.6,34.6,17.3,18.5,18.0,17.3,17.3
美浦,20260708,水,5:00,ルージュラベル,,牝,3,0,鹿戸雄一,54.9,39.7,25.3,12.4,15.2,14.4,12.9,12.4
美浦,20260708,水,5:01,アルバニクス,,牝,3,0,中舘英二,64.8,47.3,31.3,15.6,17.5,16.0,15.7,15.6
美浦,20260708,水,5:01,エーオーキング,,牡,4,900,久保田貴,74.7,54.8,36.3,18.6,19.9,18.5,17.7,18.6
美浦,20260708,水,5:01,キョウエイブリッサ,,牡,6,2400,武市康男,54.4,40.2,25.9,12.1,14.2,14.3,13.8,12.1
美浦,20260708,水,5:01,コスモノーチラス,,牡,2,未出走,中舘英二,69.5,51.3,34.0,16.9,18.2,17.3,17.1,16.9
美浦,20260708,水,5:01,ジェネラスキング,,牡,3,400,久保田貴,74.4,54.7,36.1,18.4,19.7,18.6,17.7,18.4
美浦,20260708,水,5:01,スチールギターラグ,,牝,3,0,鹿戸雄一,55.5,40.1,25.7,12.4,15.4,14.4,13.3,12.4
美浦,20260708,水,5:01,スティールヴォーグ,,牡,3,0,中舘英二,65.0,47.7,31.2,15.4,17.3,16.5,15.8,15.4
美浦,20260708,水,5:01,ハッピーラッキー,,牡,3,400,武市康男,54.5,40.4,26.1,12.3,14.1,14.3,13.8,12.3
美浦,20260708,水,5:01,パーフェクトスノー,,牝,3,0,中舘英二,65.0,47.3,31.4,15.3,17.7,15.9,16.1,15.3
美浦,20260708,水,5:01,ヒーローシー,,牝,2,未出走,石栗龍彦,79.2,56.4,36.2,17.5,22.8,20.2,18.7,17.5
美浦,20260708,水,5:01,ピリナカピリナ,,牝,2,0,水野貴広,71.2,52.5,34.4,17.4,18.7,18.1,17.0,17.4
美浦,20260708,水,5:01,ペルヴォルム,,牝,3,0,加藤和宏,57.1,42.3,28.2,14.0,14.8,14.1,14.2,14.0
美浦,20260708,水,5:01,ホウオウプレシャス,,牡,6,260,天間昭一,95.0,70.5,46.7,23.5,24.5,23.8,23.2,23.5
美浦,20260708,水,5:01,ホープエトワール,,牡,4,700,天間昭一,97.3,70.7,45.4,22.2,26.6,25.3,23.2,22.2
美浦,20260708,水,5:01,モミスケ,,牡,2,未出走,水野貴広,71.2,52.9,34.7,17.6,18.3,18.2,17.1,17.6
美浦,20260708,水,5:01,モーニンムスメ,,牝,3,0,加藤和宏,57.8,42.6,28.4,14.2,15.2,14.2,14.2,14.2
美浦,20260708,水,5:01,ユリア,,牝,2,0,久保田貴,73.7,54.1,35.5,18.0,19.6,18.6,17.5,18.0
美浦,20260708,水,5:01,ヴォーチェカノーラ,,牡,2,未出走,中舘英二,69.9,51.2,33.7,16.8,18.7,17.5,16.9,16.8
美浦,20260708,水,5:02,アイファーアイドル,,牡,3,0,蛯名利弘,53.3,38.5,24.9,12.3,14.8,13.6,12.6,12.3
美浦,20260708,水,5:02,オレイア,,牝,4,450,加藤和宏,60.7,42.6,27.4,13.4,18.1,15.2,14.0,13.4
美浦,20260708,水,5:02,グラデュエール,,牝,3,0,粕谷昌央,55.0,39.8,25.9,12.8,15.2,13.9,13.1,12.8
美浦,20260708,水,5:02,サクラモンストール,,牡,3,0,伊藤圭三,55.6,39.4,25.4,12.2,16.2,14.0,13.2,12.2
美浦,20260708,水,5:02,ジュリアスローズ,,牝,5,400,粕谷昌央,55.4,40.4,26.5,13.1,15.0,13.9,13.4,13.1
美浦,20260708,水,5:02,スラッシュコード,,牡,3,0,伊藤圭三,55.3,39.2,25.2,12.1,16.1,14.0,13.1,12.1
美浦,20260708,水,5:02,スリーフラワー,,牝,2,未出走,伊藤圭三,54.4,39.4,25.5,12.4,15.0,13.9,13.1,12.4
美浦,20260708,水,5:02,ナインオブレター,,牡,4,400,佐藤吉勝,69.0,51.3,34.2,17.0,17.7,17.1,17.2,17.0
美浦,20260708,水,5:02,ビレッジルイーザ,,牝,3,0,伊藤圭三,54.4,39.3,25.4,12.3,15.1,13.9,13.1,12.3
美浦,20260708,水,5:02,ペイシャダンシング,,牝,3,未出走,粕谷昌央,57.4,42.0,27.6,14.1,15.4,14.4,13.5,14.1
美浦,20260708,水,5:02,ユメシルベ,,牝,3,400,粕谷昌央,52.5,37.3,24.3,12.1,15.2,13.0,12.2,12.1
美浦,20260708,水,5:02,レーヴルーバ,,牝,3,0,蛯名利弘,53.1,38.3,24.9,12.5,14.8,13.4,12.4,12.5
美浦,20260708,水,5:03,アドミ,,牝,3,0,中川公成,54.2,39.4,26.0,13.2,14.8,13.4,12.8,13.2
美浦,20260708,水,5:03,アルスラーン,,牡,2,未出走,佐藤吉勝,70.6,52.8,35.2,17.8,17.8,17.6,17.4,17.8
美浦,20260708,水,5:03,ウカテンセイ,,牝,2,未出走,佐藤吉勝,68.5,50.0,33.3,17.0,18.5,16.7,16.3,17.0
美浦,20260708,水,5:03,ケンブリッジ,,セ,3,0,水野貴広,73.0,53.7,35.5,17.8,19.3,18.2,17.7,17.8
美浦,20260708,水,5:03,サンアンドスターズ,,牝,2,未出走,畠山吉宏,72.0,53.1,34.8,17.4,18.9,18.3,17.4,17.4
美浦,20260708,水,5:03,スパークルレイ,,牝,3,0,的場均,70.2,52.3,33.9,17.0,17.9,18.4,16.9,17.0
美浦,20260708,水,5:03,スルーザゴールド,,牡,3,未出走,青木孝文,53.7,39.6,26.0,12.5,14.1,13.6,13.5,12.5
美浦,20260708,水,5:03,タイセイフェリーク,,牝,6,1500,青木孝文,66.2,48.7,32.5,16.6,17.5,16.2,15.9,16.6
美浦,20260708,水,5:03,デルマテイネ,,牡,3,0,的場均,68.8,49.8,31.8,15.3,19.0,18.0,16.5,15.3
美浦,20260708,水,5:03,ファインブライト,,牡,3,0,佐藤吉勝,68.3,50.4,32.7,16.5,17.9,17.7,16.2,16.5
美浦,20260708,水,5:03,ホウオウショコラ,,牝,4,400,大竹正博,55.4,39.9,25.1,11.9,15.5,14.8,13.2,11.9
美浦,20260708,水,5:03,マイネルラッシュ,,牡,6,1000,水野貴広,74.2,54.7,36.4,18.3,19.5,18.3,18.1,18.3
美浦,20260708,水,5:03,マルガリート,,牝,2,0,佐藤吉勝,67.2,49.4,32.7,16.0,17.8,16.7,16.7,16.0
美浦,20260708,水,5:03,ミズノミヤコ,,牝,3,0,青木孝文,53.7,39.6,25.9,12.5,14.1,13.7,13.4,12.5
美浦,20260708,水,5:03,リリカルフレア,,牝,2,0,畠山吉宏,71.4,52.6,34.4,17.0,18.8,18.2,17.4,17.0
美浦,20260708,水,5:03,レイナデルアイレ,,牝,3,0,矢嶋大樹,65.6,48.3,31.7,15.7,17.3,16.6,16.0,15.7
美浦,20260708,水,5:03,レッドフリーマン,,牡,3,0,大竹正博,56.2,41.1,25.9,12.4,15.1,15.2,13.5,12.4
美浦,20260708,水,5:03,ロックオブソシジ,,牡,5,170,畠山吉宏,68.6,49.9,32.8,16.2,18.7,17.1,16.6,16.2
美浦,20260708,水,5:04,アルデバローズ,,牝,3,0,矢野英一,56.1,40.4,26.8,13.1,15.7,13.6,13.7,13.1
美浦,20260708,水,5:04,エコロガノン,,牡,3,400,矢野英一,56.1,40.3,26.8,13.0,15.8,13.5,13.8,13.0
美浦,20260708,水,5:04,コイゾラ,,牝,2,未出走,浅利英明,54.3,39.2,25.7,12.9,15.1,13.5,12.8,12.9
美浦,20260708,水,5:04,コルチェスター,,牡,4,400,尾関知人,67.4,50.6,33.8,16.5,16.8,16.8,17.3,16.5
美浦,20260708,水,5:04,タシット,,牡,7,2400,中川公成,55.2,39.3,25.3,12.2,15.9,14.0,13.1,12.2
美浦,20260708,水,5:04,テスタ,,牡,2,未出走,金成貴史,54.0,38.4,25.1,12.7,15.6,13.3,12.4,12.7
美浦,20260708,水,5:04,ニシノトマラナイ,,セ,3,0,矢野英一,56.1,40.1,26.9,13.1,16.0,13.2,13.8,13.1
美浦,20260708,水,5:04,ヒロイックヴァース,,牡,3,0,浅利英明,54.2,39.1,25.6,12.6,15.1,13.5,13.0,12.6
美浦,20260708,水,5:04,マイネルオラクル,,牡,3,0,尾関知人,70.6,52.9,35.2,17.3,17.7,17.7,17.9,17.3
美浦,20260708,水,5:04,ムーチョピカンテ,,牡,2,未出走,奥平雅士,66.2,48.2,31.6,16.3,18.0,16.6,15.3,16.3
美浦,20260708,水,5:04,モヴレクス,,牡,5,100,金成貴史,54.3,38.7,25.2,12.7,15.6,13.5,12.5,12.7
美浦,20260708,水,5:05,アンクエンチャブル,,セ,5,900,高柳瑞樹,52.7,37.8,24.2,11.9,14.9,13.6,12.3,11.9
美浦,20260708,水,5:05,ウインベルチェーロ,,牝,3,0,手塚貴久,54.9,40.2,25.9,12.5,14.7,14.3,13.4,12.5
美浦,20260708,水,5:05,コントラポスト,,セ,6,3200,菊沢隆徳,55.0,39.7,25.7,12.5,15.3,14.0,13.2,12.5
美浦,20260708,水,5:05,サトノフェンサー,,牡,3,400,高柳瑞樹,53.7,38.5,24.7,12.1,15.2,13.8,12.6,12.1
美浦,20260708,水,5:05,サリーアン,,牡,3,0,鈴木伸尋,56.5,41.5,26.8,12.9,15.0,14.7,13.9,12.9
美浦,20260708,水,5:05,シーサンタナ,,セ,3,0,手塚貴久,55.1,40.3,26.0,12.6,14.8,14.3,13.4,12.6
美浦,20260708,水,5:05,ステラデルークス,,牡,3,400,鈴木伸尋,56.0,41.1,26.5,12.7,14.9,14.6,13.8,12.7
美浦,20260708,水,5:05,スーパーバイザー,,牡,5,900,菊沢隆徳,54.6,39.6,25.7,12.6,15.0,13.9,13.1,12.6
美浦,20260708,水,5:05,タマモチョコチップ,,牝,3,0,菊沢隆徳,55.5,40.0,25.9,12.7,15.5,14.1,13.2,12.7
美浦,20260708,水,5:05,ニシノアナベル,,牝,2,未出走,本間忍,55.2,40.0,25.9,12.5,15.2,14.1,13.4,12.5
美浦,20260708,水,5:05,モリノアミーゴ,,牝,4,900,鈴木伸尋,56.1,40.8,25.5,11.9,15.3,15.3,13.6,11.9
美浦,20260708,水,5:05,レイユール,,牝,4,900,手塚貴久,54.3,40.2,25.9,12.6,14.1,14.3,13.3,12.6
美浦,20260708,水,5:05,ワイズジュエル,,牝,2,未出走,本間忍,56.1,40.8,26.5,12.7,15.3,14.3,13.8,12.7
美浦,20260708,水,5:05,ヴォンヌヴォー,,牝,6,400,天間昭一,71.9,53.3,34.9,17.0,18.6,18.4,17.9,17.0
美浦,20260708,水,5:06,カフェブーケット,,牡,4,400,柄崎将寿,66.2,48.6,31.1,15.3,17.6,17.5,15.8,15.3
美浦,20260708,水,5:06,ゴーソーファー,,牝,4,900,手塚貴久,54.4,40.0,26.0,12.6,14.4,14.0,13.4,12.6
美浦,20260708,水,5:06,ショーマンフリート,,牡,5,1500,手塚貴久,54.6,40.0,26.1,12.5,14.6,13.9,13.6,12.5
美浦,20260708,水,5:06,ノーセット,,牡,2,未出走,高柳瑞樹,68.2,50.2,33.2,16.6,18.0,17.0,16.6,16.6
美浦,20260708,水,5:06,バトルモクオ,,牡,3,0,戸田博文,73.7,54.5,36.2,18.4,19.2,18.3,17.8,18.4
美浦,20260708,水,5:06,ブルータス,,牡,4,1500,高柳瑞樹,67.1,49.4,32.0,15.5,17.7,17.4,16.5,15.5
美浦,20260708,水,5:06,ヴィーデ,,セ,4,400,戸田博文,70.7,51.8,33.7,16.3,18.9,18.1,17.4,16.3
美浦,20260708,水,5:07,ジーティーヒラリ,,牝,3,0,加藤和宏,63.7,46.4,30.3,14.9,17.3,16.1,15.4,14.9
美浦,20260708,水,5:07,ダイユウファリーナ,,牡,5,280,松永康利,66.3,48.9,32.5,16.7,17.4,16.4,15.8,16.7
美浦,20260708,水,5:07,トゥモローズウェイ,,牝,3,0,小手川準,54.6,39.8,25.9,12.9,14.8,13.9,13.0,12.9
美浦,20260708,水,5:07,ビタークレス,,牡,2,未出走,秋本大介,56.0,41.0,27.6,13.4,15.0,13.4,14.2,13.4
美浦,20260708,水,5:07,ミッシオーネ,,牝,4,400,秋本大介,51.4,37.2,25.1,13.1,14.2,12.1,12.0,13.1
美浦,20260708,水,5:07,ルナルーチェット,,牝,4,900,松尾卓哉,67.0,48.1,31.5,15.6,18.9,16.6,15.9,15.6
美浦,20260708,水,5:08,,,,,,,73.7,53.6,35.0,17.0,20.1,18.6,18.0,17.0
美浦,20260708,水,5:08,グロリアススマイル,,牡,2,未出走,小笠倫弘,73.7,53.5,35.0,17.0,20.2,18.5,18.0,17.0
美浦,20260708,水,5:08,トウシンマジック,,牡,2,未出走,秋本大介,68.5,50.0,32.3,16.0,18.5,17.7,16.3,16.0
美浦,20260708,水,5:09,アルティシモ,,牡,2,未出走,和田正一,57.8,41.2,26.1,12.3,16.6,15.1,13.8,12.3
美浦,20260708,水,5:09,ウインリスノアール,,牝,2,0,和田正一,69.2,51.3,34.1,17.0,17.9,17.2,17.1,17.0
美浦,20260708,水,5:09,クールチェンジ,,牡,3,0,和田正一,57.3,40.8,25.9,12.4,16.5,14.9,13.5,12.4
美浦,20260708,水,5:09,コンアフェット,,牝,4,900,斎藤誠,67.4,48.5,31.4,15.6,18.9,17.1,15.8,15.6
美浦,20260708,水,5:09,スカイレックス,,牡,3,400,斎藤誠,67.2,48.9,32.2,16.2,18.3,16.7,16.0,16.2
美浦,20260708,水,5:09,モジャーリオ,,牡,4,1500,斎藤誠,67.1,49.1,32.1,15.9,18.0,17.0,16.2,15.9
美浦,20260708,水,5:10,,,,,,,72.1,53.2,35.4,18.2,18.9,17.8,17.2,18.2
美浦,20260708,水,5:10,イセッセイ,,牝,3,0,伊藤伸一,72.5,53.5,35.4,17.9,19.0,18.1,17.5,17.9
美浦,20260708,水,5:10,イニシャルポイント,,牝,2,未出走,高木登,72.3,53.2,35.1,17.1,19.1,18.1,18.0,17.1
美浦,20260708,水,5:10,インザダーク,,牝,2,未出走,伊藤伸一,71.4,51.7,33.7,16.6,19.7,18.0,17.1,16.6
美浦,20260708,水,5:10,ウイニングレイ,,牝,2,未出走,戸田博文,71.4,52.6,34.2,16.9,18.8,18.4,17.3,16.9
美浦,20260708,水,5:10,ウインドオブヘヴン,,牡,3,0,戸田博文,70.8,52.1,34.8,17.2,18.7,17.3,17.6,17.2
美浦,20260708,水,5:10,ガーネットテソーロ,,牝,3,400,高木登,72.2,52.8,34.7,16.9,19.4,18.1,17.8,16.9
美浦,20260708,水,5:10,キョウエイボニータ,,牝,4,900,伊藤伸一,72.7,53.6,35.6,18.3,19.1,18.0,17.3,18.3
美浦,20260708,水,5:10,グランシュレーム,,牝,2,未出走,高木登,70.8,52.0,34.0,17.1,18.8,18.0,16.9,17.1
美浦,20260708,水,5:10,ジーティージェミル,,牝,3,0,伊藤伸一,72.4,53.2,34.8,17.5,19.2,18.4,17.3,17.5
美浦,20260708,水,5:10,ダノンクラウディア,,牡,3,0,森一誠,53.9,39.0,25.2,12.2,14.9,13.8,13.0,12.2
美浦,20260708,水,5:10,チザルピーノ,,セ,5,900,堀宣行,66.5,49.5,32.5,16.3,17.0,17.0,16.2,16.3
美浦,20260708,水,5:10,トムキャット,,牝,2,未出走,伊藤伸一,72.5,52.6,34.4,17.0,19.9,18.2,17.4,17.0
美浦,20260708,水,5:10,トリエンナーレ,,牝,3,0,森一誠,55.5,39.5,24.9,12.1,16.0,14.6,12.8,12.1
美浦,20260708,水,5:10,ネイティヴプライド,,牡,3,0,高木登,72.4,54.0,35.4,17.9,18.4,18.6,17.5,17.9
美浦,20260708,水,5:10,ブレイクザアイス,,セ,7,400,森一誠,55.6,39.7,25.1,12.4,15.9,14.6,12.7,12.4
美浦,20260708,水,5:10,マイネルモーント,,牡,6,3250,高木登,72.2,53.6,35.2,17.6,18.6,18.4,17.6,17.6
美浦,20260708,水,5:10,マッドヘッドラブ,,牝,3,0,戸田博文,73.9,53.4,34.5,16.6,20.5,18.9,17.9,16.6
美浦,20260708,水,5:10,ムーングレイル,,セ,3,0,森一誠,54.1,39.2,25.3,12.3,14.9,13.9,13.0,12.3
美浦,20260708,水,5:11,イズルード,,牡,4,400,田島俊明,52.4,37.6,24.2,12.2,14.8,13.4,12.0,12.2
美浦,20260708,水,5:11,エコロカディス,,セ,4,400,森一誠,51.8,38.3,25.9,13.3,13.5,12.4,12.6,13.3
美浦,20260708,水,5:11,オウケンボルト,,牡,7,900,松永康利,55.8,39.8,25.4,12.4,16.0,14.4,13.0,12.4
美浦,20260708,水,5:11,シャンクス,,セ,4,400,森一誠,56.9,41.0,25.5,12.5,15.9,15.5,13.0,12.5
美浦,20260708,水,5:11,ショウナンマリーナ,,牝,4,400,森一誠,54.8,39.8,25.3,12.4,15.0,14.5,12.9,12.4
美浦,20260708,水,5:11,ダイユウサルターレ,,牡,3,0,松永康利,54.9,39.6,25.2,12.0,15.3,14.4,13.2,12.0
美浦,20260708,水,5:11,ダノンアドラー,,牡,2,未出走,堀宣行,72.4,53.1,34.9,17.4,19.3,18.2,17.5,17.4
美浦,20260708,水,5:11,ディヴァインスカイ,,牡,3,400,田島俊明,53.5,38.1,24.1,11.8,15.4,14.0,12.3,11.8
美浦,20260708,水,5:11,トランセンコ,,牝,3,0,松永康利,55.6,40.0,26.0,12.5,15.6,14.0,13.5,12.5
美浦,20260708,水,5:12,アオゾラランチ,,牝,3,0,戸田博文,76.7,56.0,37.1,18.2,20.7,18.9,18.9,18.2
美浦,20260708,水,5:12,エッジランナー,,牡,3,0,戸田博文,70.2,50.9,32.7,16.1,19.3,18.2,16.6,16.1
美浦,20260708,水,5:12,コイオステソーロ,,牡,3,400,高木登,70.9,52.8,35.2,17.6,18.1,17.6,17.6,17.6
美浦,20260708,水,5:12,ココボロ,,牝,5,120,松山将樹,69.3,51.5,34.1,16.8,17.8,17.4,17.3,16.8
美浦,20260708,水,5:12,ジオパークカツキ,,牡,2,未出走,伊藤圭三,66.6,49.0,31.9,15.9,17.6,17.1,16.0,15.9
美浦,20260708,水,5:12,ダノンセンチュリー,,牡,4,2400,宮田敬介,66.8,47.7,30.8,15.3,19.1,16.9,15.5,15.3
美浦,20260708,水,5:12,ヌンエリン,,牝,2,未出走,秋本大介,89.3,61.6,38.9,18.4,27.7,22.7,20.5,18.4
美浦,20260708,水,5:12,ブランフォルテ,,牡,4,0,辻哲英,70.5,51.6,33.9,16.2,18.9,17.7,17.7,16.2
美浦,20260708,水,5:12,ベルウッドクレド,,牡,3,400,辻哲英,70.1,49.8,32.4,15.6,20.3,17.4,16.8,15.6
美浦,20260708,水,5:12,ヤマニンジェンナ,,牝,3,0,秋本大介,89.5,62.2,39.0,18.5,27.3,23.2,20.5,18.5
美浦,20260708,水,5:12,ラヴレイン,,牝,2,未出走,松山将樹,69.4,51.2,33.5,16.5,18.2,17.7,17.0,16.5
美浦,20260708,水,5:12,リコルディオーロ,,牡,2,未出走,伊藤圭三,64.2,48.2,31.8,15.0,16.0,16.4,16.8,15.0
美浦,20260708,水,5:13,アトミックリーチ,,牡,2,未出走,宮田敬介,67.7,49.8,33.2,16.7,17.9,16.6,16.5,16.7
美浦,20260708,水,5:13,オルグジェシダ,,牝,4,400,宮田敬介,66.0,48.6,32.0,15.3,17.4,16.6,16.7,15.3
美浦,20260708,水,5:13,ノリマル,,牡,3,400,尾形和幸,64.0,46.9,30.3,14.4,17.1,16.6,15.9,14.4
美浦,20260708,水,5:13,ライブリピュア,,牝,3,0,尾形和幸,65.1,47.6,31.2,14.9,17.5,16.4,16.3,14.9
美浦,20260708,水,5:13,ライヴバーボン,,牝,2,未出走,尾形和幸,55.0,39.8,25.0,11.9,15.2,14.8,13.1,11.9
美浦,20260708,水,5:13,レッドエモーション,,牡,2,未出走,宮田敬介,67.7,48.8,31.7,15.3,18.9,17.1,16.4,15.3
美浦,20260708,水,5:13,ロジケープ,,牡,3,1500,尾形和幸,55.7,40.3,25.5,12.3,15.4,14.8,13.2,12.3
美浦,20260708,水,5:14,アルーアウインド,,牡,2,未出走,浅利英明,57.6,43.1,27.3,12.8,14.5,15.8,14.5,12.8
美浦,20260708,水,5:14,エピックジャーニー,,牡,2,未出走,浅利英明,57.6,43.1,27.2,12.8,14.5,15.9,14.4,12.8
美浦,20260708,水,5:14,サヨノジャンボリー,,牡,4,900,小笠倫弘,53.2,39.0,26.1,12.9,14.2,12.9,13.2,12.9
美浦,20260708,水,5:14,ソワンドヴィクター,,牝,3,0,高橋文雅,70.6,51.7,33.5,16.7,18.9,18.2,16.8,16.7
美浦,20260708,水,5:14,ネクストドア,,牡,3,0,高橋文雅,75.3,54.8,36.4,18.5,20.5,18.4,17.9,18.5
美浦,20260708,水,5:14,マサノピンクレディ,,牝,3,400,小笠倫弘,53.1,38.8,25.8,12.6,14.3,13.0,13.2,12.6
美浦,20260708,水,5:15,アトミックブレス,,牡,3,400,加藤征弘,53.7,38.9,25.6,12.9,14.8,13.3,12.7,12.9
美浦,20260708,水,5:15,エイシンキーンラン,,牝,3,0,田中剛,54.4,39.7,25.3,12.6,14.7,14.4,12.7,12.6
美浦,20260708,水,5:15,サウジバラード,,牡,3,400,加藤征弘,53.6,38.9,25.7,12.5,14.7,13.2,13.2,12.5
美浦,20260708,水,5:15,ビッグノエルルーフ,,牝,3,0,田中剛,54.5,39.8,25.3,12.6,14.7,14.5,12.7,12.6
美浦,20260708,水,5:15,ブルージェイ,,牡,2,未出走,加藤征弘,53.5,38.7,25.3,12.7,14.8,13.4,12.6,12.7
美浦,20260708,水,5:15,ホウオウプレシャス,,牡,6,260,天間昭一,56.9,41.9,27.2,12.7,15.0,14.7,14.5,12.7
美浦,20260708,水,5:15,ホープエトワール,,牡,4,700,天間昭一,55.6,41.0,26.9,12.7,14.6,14.1,14.2,12.7
美浦,20260708,水,5:15,ボンジュールパリ,,牡,2,未出走,加藤征弘,53.2,38.6,25.5,12.4,14.6,13.1,13.1,12.4
美浦,20260708,水,5:15,ポッドロワール,,牡,4,1500,畠山吉宏,61.5,45.1,29.8,15.1,16.4,15.3,14.7,15.1
美浦,20260708,水,5:16,,,,,,,66.2,48.6,32.1,15.9,17.6,16.5,16.2,15.9
美浦,20260708,水,5:16,アルバニクス,,牝,3,0,中舘英二,54.4,39.9,26.1,12.9,14.5,13.8,13.2,12.9
美浦,20260708,水,5:16,グロッシェン,,牡,5,1500,手塚貴徳,65.0,47.6,30.9,15.1,17.4,16.7,15.8,15.1
美浦,20260708,水,5:16,コスモノーチラス,,牡,2,未出走,中舘英二,71.2,53.2,36.0,18.1,18.0,17.2,17.9,18.1
美浦,20260708,水,5:16,スティールヴォーグ,,牡,3,0,中舘英二,54.5,38.7,24.7,12.0,15.8,14.0,12.7,12.0
美浦,20260708,水,5:16,ドバイブルース,,牡,5,1500,加藤征弘,56.3,41.3,27.3,13.6,15.0,14.0,13.7,13.6
美浦,20260708,水,5:16,パーフェクトスノー,,牝,3,0,中舘英二,54.2,39.8,26.0,12.8,14.4,13.8,13.2,12.8
美浦,20260708,水,5:16,ビッグフラワー,,牡,5,400,加藤征弘,56.2,41.3,27.3,13.4,14.9,14.0,13.9,13.4
美浦,20260708,水,5:16,プレママドンナ,,牝,2,未出走,手塚貴徳,67.5,49.6,32.0,15.9,17.9,17.6,16.1,15.9
美浦,20260708,水,5:16,ヴォーチェカノーラ,,牡,2,未出走,中舘英二,69.5,50.9,33.8,16.2,18.6,17.1,17.6,16.2
美浦,20260708,水,5:17,アテナブレイブ,,牝,2,0,手塚貴徳,68.7,49.7,33.2,16.5,19.0,16.5,16.7,16.5
美浦,20260708,水,5:18,,,,,,,60.8,44.8,28.6,13.5,16.0,16.2,15.1,13.5
美浦,20260708,水,5:18,,,,,,,67.4,50.3,33.5,16.5,17.1,16.8,17.0,16.5
美浦,20260708,水,5:18,ショウナンハーヴェ,,牡,2,0,中舘英二,67.1,49.4,31.4,15.7,17.7,18.0,15.7,15.7
美浦,20260708,水,5:18,スパークルレイ,,牝,3,0,的場均,68.2,50.9,33.8,17.2,17.3,17.1,16.6,17.2
美浦,20260708,水,5:18,チームユートピア,,牝,3,400,中舘英二,66.6,49.3,31.1,15.5,17.3,18.2,15.6,15.5
美浦,20260708,水,5:20,,,,,,,72.2,52.7,33.9,16.5,19.5,18.8,17.4,16.5
美浦,20260708,水,5:20,オブラプリーマ,,牝,3,400,上原佑紀,63.0,46.4,30.2,14.8,16.6,16.2,15.4,14.8
美浦,20260708,水,5:20,カーヴドヴァン,,牝,3,0,大和田成,54.7,39.9,25.5,12.3,14.8,14.4,13.2,12.3
美浦,20260708,水,5:20,キンググローリー,,牡,3,900,古賀慎明,54.5,39.7,25.8,12.6,14.8,13.9,13.2,12.6
美浦,20260708,水,5:20,スイートアリッサム,,牝,2,未出走,大和田成,54.2,39.5,25.2,12.2,14.7,14.3,13.0,12.2
美浦,20260708,水,5:20,スノーランス,,牝,3,0,上原佑紀,63.2,47.1,31.4,15.4,16.1,15.7,16.0,15.4
美浦,20260708,水,5:20,デンプシー,,牡,3,400,上原佑紀,65.4,47.8,30.8,14.4,17.6,17.0,16.4,14.4
美浦,20260708,水,5:21,アオイミズホ,,牡,3,0,古賀慎明,62.8,46.1,30.1,14.9,16.7,16.0,15.2,14.9
美浦,20260708,水,5:21,カイユレ,,牝,3,0,古賀慎明,56.8,41.2,26.3,12.6,15.6,14.9,13.7,12.6
美浦,20260708,水,5:22,イサチルサリーレ,,牡,2,0,竹内正洋,54.7,39.4,25.2,12.3,15.3,14.2,12.9,12.3
美浦,20260708,水,5:22,キタノローズ,,牝,3,0,室井潔,67.0,48.7,32.0,15.7,18.3,16.7,16.3,15.7
美浦,20260708,水,5:22,コウユーキミガイテ,,牝,2,未出走,竹内正洋,53.1,38.5,25.3,12.6,14.6,13.2,12.7,12.6
美浦,20260708,水,5:22,サフランルージュ,,牝,3,400,室井潔,70.2,50.9,32.9,15.9,19.3,18.0,17.0,15.9
美浦,20260708,水,5:22,テルケンレンスキー,,牡,3,400,竹内正洋,55.4,39.7,25.3,12.3,15.7,14.4,13.0,12.3
美浦,20260708,水,5:22,ハリコミチュウ,,牝,3,未出走,竹内正洋,53.3,38.4,24.4,11.7,14.9,14.0,12.7,11.7
美浦,20260708,水,5:22,ユイチャンファイト,,牝,2,未出走,竹内正洋,54.2,39.4,26.0,12.8,14.8,13.4,13.2,12.8
美浦,20260708,水,5:23,スターツトゥデイ,,牡,3,400,大竹正博,62.9,46.4,30.7,15.4,16.5,15.7,15.3,15.4
美浦,20260708,水,5:23,ダイユウファリーナ,,牡,5,280,松永康利,55.0,40.4,25.9,12.9,14.6,14.5,13.0,12.9
美浦,20260708,水,5:23,ハイランダー,,牡,3,0,大竹正博,64.9,47.2,30.8,14.9,17.7,16.4,15.9,14.9
美浦,20260708,水,5:24,キャルキュラス,,牝,3,0,大竹正博,72.9,54.0,35.1,16.9,18.9,18.9,18.2,16.9
美浦,20260708,水,5:24,センカンナガト,,牡,2,未出走,和田雄二,58.3,42.4,27.5,13.3,15.9,14.9,14.2,13.3
美浦,20260708,水,5:24,トリプティーク,,牝,2,0,和田雄二,59.6,44.6,30.4,15.4,15.0,14.2,15.0,15.4
美浦,20260708,水,5:24,ユイノキャッツアイ,,牡,2,0,深山雅史,54.0,39.1,25.4,12.8,14.9,13.7,12.6,12.8
美浦,20260708,水,5:25,,,,,,,65.2,49.2,32.6,16.3,16.0,16.6,16.3,16.3
美浦,20260708,水,5:25,,,,,,,65.6,49.1,32.3,15.9,16.5,16.8,16.4,15.9
美浦,20260708,水,5:25,コンアフェット,,牝,4,900,斎藤誠,52.8,38.2,25.0,12.4,14.6,13.2,12.6,12.4
美浦,20260708,水,5:25,スカイレックス,,牡,3,400,斎藤誠,53.6,39.0,25.0,12.0,14.6,14.0,13.0,12.0
美浦,20260708,水,5:25,フィーユレアル,,牝,3,0,斎藤誠,53.3,38.7,25.4,12.6,14.6,13.3,12.8,12.6
美浦,20260708,水,5:25,ヘリオトロープ,,牡,4,900,大竹正博,66.0,48.7,32.3,16.4,17.3,16.4,15.9,16.4
美浦,20260708,水,5:25,モジャーリオ,,牡,4,1500,斎藤誠,53.3,38.7,24.8,11.8,14.6,13.9,13.0,11.8
美浦,20260708,水,5:26,サツキジュエル,,牝,3,0,石栗龍彦,55.0,40.7,26.1,12.7,14.3,14.6,13.4,12.7
美浦,20260708,水,5:26,サツキレジーナ,,牝,4,400,石栗龍彦,56.7,42.2,27.3,12.8,14.5,14.9,14.5,12.8
美浦,20260708,水,5:26,トコシエノヒトミ,,牝,3,0,小笠倫弘,56.0,40.9,26.2,12.6,15.1,14.7,13.6,12.6
美浦,20260708,水,5:26,ヤマニンジェンナ,,牝,3,0,秋本大介,69.2,50.3,33.4,16.9,18.9,16.9,16.5,16.9
美浦,20260708,水,5:27,ヌンエリン,,牝,2,未出走,秋本大介,68.1,47.6,31.9,15.8,20.5,15.7,16.1,15.8
美浦,20260708,水,5:27,リラゲイル,,牡,4,700,矢野英一,62.6,46.3,30.8,15.8,16.3,15.5,15.0,15.8
美浦,20260708,水,5:29,ソワンドヴィクター,,牝,3,0,高橋文雅,66.7,48.1,30.7,15.0,18.6,17.4,15.7,15.0
美浦,20260708,水,5:29,ネクストドア,,牡,3,0,高橋文雅,65.2,47.0,30.4,14.8,18.2,16.6,15.6,14.8
美浦,20260708,水,5:30,サンマルオブウォー,,牡,3,未出走,中川公成,63.8,48.3,32.2,16.7,15.5,16.1,15.5,16.7
美浦,20260708,水,5:30,メディチパワー,,牡,3,400,中川公成,67.7,50.7,33.6,16.9,17.0,17.1,16.7,16.9
美浦,20260708,水,5:32,ティアラスピリット,,牝,2,0,上原博之,58.7,43.4,28.5,14.0,15.3,14.9,14.5,14.0
美浦,20260708,水,5:32,リリエンフェルト,,牝,5,240,上原博之,69.2,51.2,33.6,16.3,18.0,17.6,17.3,16.3
美浦,20260708,水,5:33,クロノスフィア,,牝,2,未出走,黒岩陽一,54.5,40.4,26.4,13.4,14.1,14.0,13.0,13.4
美浦,20260708,水,5:33,ジョブックボー,,牝,3,0,黒岩陽一,54.5,40.3,26.2,13.1,14.2,14.1,13.1,13.1
美浦,20260708,水,5:33,セリエンクーニゲン,,牝,3,0,田中博康,61.5,45.2,29.9,14.7,16.3,15.3,15.2,14.7
美浦,20260708,水,5:34,クロニクル,,セ,7,1500,平岩大典,68.5,50.9,33.5,16.9,17.6,17.4,16.6,16.9
美浦,20260708,水,5:34,テンユメノオーロラ,,牝,2,未出走,平岩大典,70.4,51.8,33.6,16.6,18.6,18.2,17.0,16.6
美浦,20260708,水,5:34,バルボアパーク,,牝,3,400,田中博康,59.7,43.5,28.3,14.0,16.2,15.2,14.3,14.0
美浦,20260708,水,5:36,オーケーマヒナ,,牝,4,900,相沢郁,68.7,49.2,32.1,16.4,19.5,17.1,15.7,16.4
美浦,20260708,水,5:36,ツキノマバタキ,,牝,3,0,牧光二,64.3,47.5,31.3,14.9,16.8,16.2,16.4,14.9
美浦,20260708,水,5:36,バッカステソーロ,,牡,3,0,栗田徹,66.5,48.7,31.7,15.7,17.8,17.0,16.0,15.7
美浦,20260708,水,5:36,ボーンディスウェイ,,牡,7,3800,牧光二,58.9,42.5,27.8,13.7,16.4,14.7,14.1,13.7
美浦,20260708,水,5:39,,,,,,,66.0,46.9,30.0,15.0,19.1,16.9,15.0,15.0
美浦,20260708,水,5:39,シュラフ,,牝,4,1800,佐藤吉勝,56.0,40.2,25.7,12.5,15.8,14.5,13.2,12.5
美浦,20260708,水,5:39,ジャメビュ,,牝,3,0,佐藤吉勝,55.9,40.1,25.7,12.6,15.8,14.4,13.1,12.6
美浦,20260708,水,5:39,ドーンレイド,,牡,2,未出走,武藤善則,66.1,47.3,30.2,14.9,18.8,17.1,15.3,14.9
美浦,20260708,水,5:40,アズールドーン,,牡,2,未出走,菊沢隆徳,67.5,49.6,32.3,16.0,17.9,17.3,16.3,16.0
美浦,20260708,水,5:40,エビスディアーナ,,牝,3,0,加藤征弘,69.7,51.5,34.0,17.0,18.2,17.5,17.0,17.0
美浦,20260708,水,5:40,エマリュウオー,,牡,2,未出走,本間忍,76.5,55.2,36.9,18.6,21.3,18.3,18.3,18.6
美浦,20260708,水,5:40,サンフラワー,,牝,2,未出走,加藤征弘,70.1,52.0,33.9,17.2,18.1,18.1,16.7,17.2
美浦,20260708,水,5:40,ナファロア,,セ,5,900,菊沢隆徳,66.6,48.7,31.6,15.9,17.9,17.1,15.7,15.9
美浦,20260708,水,5:40,ブルーリヴァーサル,,牡,6,340,的場均,72.4,52.9,34.9,17.6,19.5,18.0,17.3,17.6
美浦,20260708,水,5:40,ホウオウライセンス,,牡,3,0,稲垣幸雄,52.0,37.8,24.7,12.2,14.2,13.1,12.5,12.2
美浦,20260708,水,5:40,ロジアコース,,牡,2,未出走,加藤征弘,69.2,51.5,34.1,16.9,17.7,17.4,17.2,16.9
美浦,20260708,水,5:40,ロートホルン,,牝,4,900,加藤征弘,70.4,52.0,33.8,17.0,18.4,18.2,16.8,17.0
美浦,20260708,水,5:40,ワンダリングスター,,牡,2,未出走,的場均,76.7,56.3,37.7,19.1,20.4,18.6,18.6,19.1
美浦,20260708,水,5:41,サンカルミア,,牡,5,900,伊坂重信,72.6,52.0,32.5,14.9,20.6,19.5,17.6,14.9
美浦,20260708,水,5:43,エーティータキオン,,牡,6,160,的場均,70.9,52.9,35.6,17.7,18.0,17.3,17.9,17.7
美浦,20260708,水,5:43,ジャストマイウェイ,,牝,3,0,奥村武,72.1,52.6,34.3,16.9,19.5,18.3,17.4,16.9
美浦,20260708,水,5:43,ジョイベル,,牝,3,0,本間忍,56.1,41.2,26.9,13.3,14.9,14.3,13.6,13.3
美浦,20260708,水,5:43,ルージュルフラン,,牝,2,未出走,手塚貴久,67.6,49.6,32.3,15.8,18.0,17.3,16.5,15.8
美浦,20260708,水,5:44,カーラデマドレ,,牝,4,900,矢嶋大樹,68.3,50.1,32.1,15.6,18.2,18.0,16.5,15.6
美浦,20260708,水,5:44,サムハラ,,牡,3,400,新開幸一,70.6,51.8,34.4,17.5,18.8,17.4,16.9,17.5
美浦,20260708,水,5:44,ナハトナナレオン,,牝,3,400,矢嶋大樹,71.5,52.1,33.7,16.7,19.4,18.4,17.0,16.7
美浦,20260708,水,5:44,ロジキセキ,,牡,3,0,新開幸一,69.4,49.8,32.7,15.9,19.6,17.1,16.8,15.9
美浦,20260708,水,5:46,,,,,,,68.5,50.0,31.9,15.3,18.5,18.1,16.6,15.3
美浦,20260708,水,5:46,テンペストヒロイン,,牝,4,0,堀内岳志,67.7,49.7,31.2,14.9,18.0,18.5,16.3,14.9
美浦,20260708,水,5:46,リナシタ,,牝,3,0,清水英克,55.3,40.4,26.2,12.8,14.9,14.2,13.4,12.8
美浦,20260708,水,5:47,ノブダブルホワイト,,牡,4,0,松永康利,54.7,39.8,26.1,12.6,14.9,13.7,13.5,12.6
美浦,20260708,水,5:47,ノーウェアマン,,牡,3,400,浅利英明,70.9,52.4,35.0,17.6,18.5,17.4,17.4,17.6
美浦,20260708,水,5:48,カンフーヒーロー,,牡,3,0,的場均,71.6,51.6,33.5,16.4,20.0,18.1,17.1,16.4
美浦,20260708,水,5:48,ジュングロワール,,牡,3,未出走,堀内岳志,67.4,48.5,31.3,15.4,18.9,17.2,15.9,15.4
美浦,20260708,水,5:48,ファイアリービート,,牡,3,0,鈴木慎太,67.4,48.3,30.9,15.0,19.1,17.4,15.9,15.0
美浦,20260708,水,5:48,リュミナーズ,,牝,4,400,堀内岳志,67.4,48.3,31.4,15.7,19.1,16.9,15.7,15.7
美浦,20260708,水,5:48,ロゼフェリシア,,牝,4,150,浅利英明,71.8,52.3,34.0,16.8,19.5,18.3,17.2,16.8
美浦,20260708,水,5:50,コスモアンソロジー,,牡,4,1500,嘉藤貴行,64.3,47.1,30.6,15.0,17.2,16.5,15.6,15.0
美浦,20260708,水,5:50,バグラダス,,牡,6,2400,嘉藤貴行,64.2,47.6,31.8,16.1,16.6,15.8,15.7,16.1
美浦,20260708,水,5:51,ノクターナルハント,,セ,3,0,和田勇介,56.5,41.8,27.0,13.2,14.7,14.8,13.8,13.2
美浦,20260708,水,5:51,ヘヴンズドライブ,,牝,3,0,和田勇介,67.2,49.9,32.8,16.3,17.3,17.1,16.5,16.3
美浦,20260708,水,5:52,ナムラドガ,,牡,3,0,石栗龍彦,54.8,40.3,26.2,12.9,14.5,14.1,13.3,12.9
美浦,20260708,水,5:52,モーモーゼロ,,牡,2,0,石栗龍彦,54.4,39.9,25.8,12.6,14.5,14.1,13.2,12.6
美浦,20260708,水,5:53,,,,,,,69.6,51.4,33.6,16.8,18.2,17.8,16.8,16.8
美浦,20260708,水,5:53,スピカテソーロ,,牡,2,未出走,伊藤圭三,66.7,48.9,32.0,15.7,17.8,16.9,16.3,15.7
美浦,20260708,水,5:54,ウインハルモニア,,牝,4,940,柄崎将寿,65.9,48.3,32.0,16.1,17.6,16.3,15.9,16.1
美浦,20260708,水,5:54,グラスブランシュ,,牝,5,900,松山将樹,70.2,51.7,33.2,16.2,18.5,18.5,17.0,16.2
美浦,20260708,水,5:54,タイセイデクスター,,牡,4,400,伊藤圭三,71.6,53.1,35.3,17.9,18.5,17.8,17.4,17.9
美浦,20260708,水,5:54,ビアフォーナウ,,牝,5,400,池上昌和,69.8,51.1,33.0,16.6,18.7,18.1,16.4,16.6
美浦,20260708,水,5:54,フームスムート,,牡,9,1500,水野貴広,71.9,53.3,35.2,17.2,18.6,18.1,18.0,17.2
美浦,20260708,水,5:55,エスコバル,,セ,8,1500,高橋文雅,69.0,50.3,32.9,16.3,18.7,17.4,16.6,16.3
美浦,20260708,水,5:55,コスモプルー,,牝,2,未出走,黒岩陽一,67.8,50.1,33.2,16.7,17.7,16.9,16.5,16.7
美浦,20260708,水,5:55,スマートフランキー,,牡,4,120,高橋文雅,70.1,52.3,34.8,17.7,17.8,17.5,17.1,17.7
美浦,20260708,水,5:55,トラストレガート,,牝,3,0,高橋文雅,69.6,50.5,32.5,16.0,19.1,18.0,16.5,16.0
美浦,20260708,水,5:55,ブルーリヴァーサル,,牡,6,340,的場均,67.7,50.2,32.7,16.0,17.5,17.5,16.7,16.0
美浦,20260708,水,5:55,ボルトライン,,牝,2,未出走,黒岩陽一,55.9,40.8,26.5,13.0,15.1,14.3,13.5,13.0
美浦,20260708,水,5:55,モーニングダリア,,牝,3,0,高橋文雅,69.1,50.9,33.4,17.1,18.2,17.5,16.3,17.1
美浦,20260708,水,5:55,ワンダリングスター,,牡,2,未出走,的場均,72.8,53.8,35.3,17.8,19.0,18.5,17.5,17.8
美浦,20260708,水,5:56,オンナキュヌヴィ,,牝,3,0,蛯名正義,68.5,50.4,33.1,16.4,18.1,17.3,16.7,16.4
美浦,20260708,水,5:56,シャンパンマーク,,セ,5,900,蛯名正義,69.7,51.4,33.7,16.8,18.3,17.7,16.9,16.8
美浦,20260708,水,5:56,テキサスバローズ,,牡,3,0,蛯名正義,68.3,49.8,32.4,16.1,18.5,17.4,16.3,16.1
美浦,20260708,水,5:56,リラ,,牝,3,400,蛯名正義,67.5,49.4,32.6,16.3,18.1,16.8,16.3,16.3
美浦,20260708,水,5:57,カワイクテゴメン,,牝,3,0,田中勝春,60.7,44.2,29.1,14.7,16.5,15.1,14.4,14.7
美浦,20260708,水,5:57,セイリュウ,,牡,2,未出走,高木登,71.2,52.8,34.2,17.0,18.4,18.6,17.2,17.0
美浦,20260708,水,5:57,ドンエレクトス,,牡,3,1900,高木登,71.5,53.0,34.8,17.1,18.5,18.2,17.7,17.1
美浦,20260708,水,5:57,フローレスカラーズ,,牝,3,0,高木登,72.0,53.6,35.0,17.5,18.4,18.6,17.5,17.5
美浦,20260708,水,5:57,ラヴァレード,,牡,2,未出走,高木登,71.5,52.8,35.1,17.2,18.7,17.7,17.9,17.2
美浦,20260708,水,5:58,エーティータキオン,,牡,6,160,的場均,55.4,40.8,27.0,13.3,14.6,13.8,13.7,13.3
美浦,20260708,水,6:00,カシマライフウ,,牡,3,0,伊藤伸一,72.1,53.8,36.0,18.4,18.3,17.8,17.6,18.4
美浦,20260708,水,6:00,ゴールドジェスター,,セ,4,0,中川公成,71.2,53.1,35.6,17.8,18.1,17.5,17.8,17.8
美浦,20260708,水,6:01,シルバーゴールド,,牝,3,0,戸田博文,74.6,54.3,34.8,16.5,20.3,19.5,18.3,16.5
美浦,20260708,水,6:25,マーゴットリック,,セ,3,0,加藤士津,53.0,37.8,24.6,12.5,15.2,13.2,12.1,12.5
美浦,20260708,水,6:26,カペラテソーロ,,牡,2,0,牧光二,53.6,38.3,24.8,12.4,15.3,13.5,12.4,12.4
美浦,20260708,水,6:26,キッショウダラニ,,牡,3,0,牧光二,53.4,38.2,24.8,12.3,15.2,13.4,12.5,12.3
美浦,20260708,水,6:26,クリスマスパレード,,牝,5,3500,加藤士津,53.0,38.7,25.1,12.2,14.3,13.6,12.9,12.2
美浦,20260708,水,6:26,クリムゾンリーフ,,牡,3,0,加藤士津,54.0,39.5,25.3,12.4,14.5,14.2,12.9,12.4
美浦,20260708,水,6:26,パラダイスフェイス,,牡,3,400,牧光二,54.0,38.7,25.1,12.5,15.3,13.6,12.6,12.5
美浦,20260708,水,6:26,ピエナフェーヴル,,牡,4,290,萱野浩二,53.8,39.0,25.2,12.4,14.8,13.8,12.8,12.4
美浦,20260708,水,6:26,ラスターヴァース,,牝,3,0,牧光二,68.2,50.7,32.8,16.6,17.5,17.9,16.2,16.6
美浦,20260708,水,6:27,キングズトゥルー,,牡,4,1000,大竹正博,54.4,39.3,25.2,12.3,15.1,14.1,12.9,12.3
美浦,20260708,水,6:27,ブレーザー,,牡,5,3600,伊坂重信,54.6,39.0,25.3,12.7,15.6,13.7,12.6,12.7
美浦,20260708,水,6:27,ホウオウショパン,,セ,3,未出走,大竹正博,54.2,39.1,25.1,12.3,15.1,14.0,12.8,12.3
美浦,20260708,水,6:27,ミラビリオン,,牡,3,0,伊坂重信,55.2,40.2,26.1,12.7,15.0,14.1,13.4,12.7
美浦,20260708,水,6:28,シャインフォーミー,,牝,3,0,尾関知人,54.3,39.3,25.3,12.3,15.0,14.0,13.0,12.3
美浦,20260708,水,6:29,マーシヴィガラス,,牡,6,900,的場均,70.4,50.5,32.8,16.5,19.9,17.7,16.3,16.5
美浦,20260708,水,6:30,,,,,,,66.5,48.9,31.7,16.0,17.6,17.2,15.7,16.0
美浦,20260708,水,6:30,エターナルシルバー,,牡,4,0,中舘英二,66.4,48.9,32.0,15.8,17.5,16.9,16.2,15.8
美浦,20260708,水,6:30,カウスリップ,,牝,4,1500,中舘英二,67.2,49.4,32.0,15.8,17.8,17.4,16.2,15.8
美浦,20260708,水,6:30,コズミックボックス,,牝,3,400,中舘英二,67.2,49.4,31.9,15.6,17.8,17.5,16.3,15.6
美浦,20260708,水,6:30,ショウナンヤッホー,,牡,4,900,栗田徹,53.2,38.6,25.1,12.5,14.6,13.5,12.6,12.5
美浦,20260708,水,6:30,シーズアウルフ,,牝,2,未出走,栗田徹,52.8,38.2,24.8,12.3,14.6,13.4,12.5,12.3
美浦,20260708,水,6:30,パースウェイド,,牝,4,900,中舘英二,67.1,49.2,31.8,15.6,17.9,17.4,16.2,15.6
美浦,20260708,水,6:30,メイプルカモーン,,牡,2,未出走,中舘英二,67.1,49.0,32.0,16.2,18.1,17.0,15.8,16.2
美浦,20260708,水,6:31,,,,,,,65.1,47.2,31.2,15.3,17.9,16.0,15.9,15.3
美浦,20260708,水,6:31,サイモンナイスラン,,牡,3,0,勢司和浩,58.6,43.2,28.2,13.8,15.4,15.0,14.4,13.8
美浦,20260708,水,6:31,サザンヴィターレ,,牝,2,未出走,栗田徹,64.7,47.1,31.2,15.3,17.6,15.9,15.9,15.3
美浦,20260708,水,6:31,サンタピア,,牡,3,0,松山将樹,68.6,50.1,32.6,16.3,18.5,17.5,16.3,16.3
美浦,20260708,水,6:31,ショウナンバッカス,,牡,2,未出走,栗田徹,65.0,47.1,30.6,15.1,17.9,16.5,15.5,15.1
美浦,20260708,水,6:31,バダジェフスカ,,牝,4,140,高橋文雅,65.6,47.5,30.5,14.6,18.1,17.0,15.9,14.6
美浦,20260708,水,6:31,ロイヤルスパイア,,牡,3,400,栗田徹,64.5,47.0,30.7,15.4,17.5,16.3,15.3,15.4
美浦,20260708,水,6:31,ヴァリスマリネリス,,牝,3,400,中舘英二,70.5,51.5,33.4,17.1,19.0,18.1,16.3,17.1
美浦,20260708,水,6:33,ルージュベルベット,,牝,5,310,浅利英明,70.8,52.2,34.5,17.0,18.6,17.7,17.5,17.0
美浦,20260708,水,6:33,レッドロスタム,,牡,6,400,浅利英明,69.6,51.2,33.8,16.9,18.4,17.4,16.9,16.9
美浦,20260708,水,6:37,ナイトスラッガー,,牡,5,900,小手川準,68.6,50.2,32.9,16.1,18.4,17.3,16.8,16.1
美浦,20260708,水,6:37,ハンサムジョニー,,牡,2,未出走,小手川準,68.3,50.0,32.7,16.3,18.3,17.3,16.4,16.3
美浦,20260708,水,6:37,ユウミンジザイ,,牝,2,未出走,小手川準,69.7,51.4,33.6,16.8,18.3,17.8,16.8,16.8
美浦,20260708,水,6:38,ロードプレリュード,,牡,3,0,稲垣幸雄,55.3,40.2,25.7,12.6,15.1,14.5,13.1,12.6
美浦,20260708,水,6:39,,,,,,,59.4,44.9,29.5,14.6,14.5,15.4,14.9,14.6
美浦,20260708,水,6:39,アマイ,,牝,6,1500,伊藤大士,65.5,48.9,31.9,15.9,16.6,17.0,16.0,15.9
美浦,20260708,水,6:39,ジーティーフクジ,,牡,2,0,武市康男,69.4,50.7,33.5,16.5,18.7,17.2,17.0,16.5
美浦,20260708,水,6:39,ハッピーエンジェル,,牝,3,1000,武市康男,67.7,47.8,31.1,15.4,19.9,16.7,15.7,15.4
美浦,20260708,水,6:39,ピコブロッサム,,牝,3,0,伊藤大士,54.2,39.2,25.2,12.2,15.0,14.0,13.0,12.2
美浦,20260708,水,6:39,フォルスラヴィ,,牡,2,未出走,伊藤大士,54.7,39.5,25.4,12.3,15.2,14.1,13.1,12.3
美浦,20260708,水,6:39,マイネルリーヒム,,牡,3,0,武市康男,68.7,50.0,32.6,16.1,18.7,17.4,16.5,16.1
美浦,20260708,水,6:39,マカナ,,牝,4,1500,伊藤大士,55.6,41.7,27.7,13.6,13.9,14.0,14.1,13.6
美浦,20260708,水,6:41,グランルチャドール,,牡,5,400,上原佑紀,62.4,46.0,30.4,14.7,16.4,15.6,15.7,14.7
美浦,20260708,水,6:41,チャランダマルツ,,牝,2,未出走,上原佑紀,62.3,45.4,29.4,14.7,16.9,16.0,14.7,14.7
美浦,20260708,水,6:41,ピコテンダー,,牝,4,900,上原佑紀,62.9,45.7,29.7,14.6,17.2,16.0,15.1,14.6
美浦,20260708,水,6:41,ピコランド,,牡,3,0,上原佑紀,62.0,46.1,30.4,14.8,15.9,15.7,15.6,14.8
美浦,20260708,水,6:42,ガラク,,牝,4,400,伊坂重信,54.7,38.5,24.6,12.4,16.2,13.9,12.2,12.4
美浦,20260708,水,6:43,マーシヴィガラス,,牡,6,900,的場均,58.1,42.2,27.0,13.0,15.9,15.2,14.0,13.0
美浦,20260708,水,6:44,ダノンゴーイチ,,牡,6,400,菊沢隆徳,66.3,47.6,30.6,15.9,18.7,17.0,14.7,15.9
美浦,20260708,水,6:44,フジフォンテ,,セ,7,400,粕谷昌央,54.1,39.6,25.8,12.7,14.5,13.8,13.1,12.7
美浦,20260708,水,6:44,ロココ,,牝,3,0,加藤和宏,56.8,41.3,27.2,13.9,15.5,14.1,13.3,13.9
美浦,20260708,水,6:45,,,,,,,69.9,50.2,32.4,15.2,19.7,17.8,17.2,15.2
美浦,20260708,水,6:45,ウマッター,,牝,2,未出走,加藤和宏,65.6,48.3,31.3,15.8,17.3,17.0,15.5,15.8
美浦,20260708,水,6:45,シュガーハイ,,牡,4,400,加藤和宏,65.0,47.2,30.7,15.3,17.8,16.5,15.4,15.3
美浦,20260708,水,6:45,ジェラートキティ,,牝,3,400,嘉藤貴行,65.0,48.1,31.6,15.4,16.9,16.5,16.2,15.4
美浦,20260708,水,6:45,トワイライトサイト,,牡,3,400,嘉藤貴行,64.7,47.6,30.8,15.2,17.1,16.8,15.6,15.2
美浦,20260708,水,6:45,ブロッコロ,,牝,3,0,加藤和宏,56.9,41.5,27.3,13.3,15.4,14.2,14.0,13.3
美浦,20260708,水,6:45,ペタルズダンス,,牝,3,0,嘉藤貴行,64.7,47.5,30.8,15.0,17.2,16.7,15.8,15.0
美浦,20260708,水,6:45,ランランリンリン,,牝,3,0,辻哲英,70.3,50.9,32.9,15.8,19.4,18.0,17.1,15.8
美浦,20260708,水,6:46,ファータカリーナ,,牝,2,未出走,辻哲英,116.2,86.1,55.9,27.9,30.1,30.2,28.0,27.9
美浦,20260708,水,6:46,モンドシュピーゲル,,牡,3,0,天間昭一,76.5,55.9,37.0,18.6,20.6,18.9,18.4,18.6
美浦,20260708,水,6:47,,,,,,,62.6,46.6,31.4,16.2,16.0,15.2,15.2,16.2
美浦,20260708,水,6:47,ボールドフロント,,牡,3,0,尾形和幸,56.0,41.3,27.0,13.4,14.7,14.3,13.6,13.4
美浦,20260708,水,6:48,グレイスルーラー,,牝,3,0,尾形和幸,63.7,46.6,30.8,15.6,17.1,15.8,15.2,15.6
美浦,20260708,水,6:48,フェアリースノー,,牝,2,未出走,尾形和幸,63.8,47.1,31.2,15.7,16.7,15.9,15.5,15.7
美浦,20260708,水,6:48,ブーケファロス,,牡,6,2400,清水英克,56.9,41.0,26.6,13.1,15.9,14.4,13.5,13.1
美浦,20260708,水,6:51,カラスアゲハ,,牝,2,未出走,佐藤吉勝,67.9,50.5,33.6,17.2,17.4,16.9,16.4,17.2
美浦,20260708,水,6:51,ケイジャーダ,,牝,2,未出走,佐藤吉勝,66.1,48.9,32.7,16.4,17.2,16.2,16.3,16.4
美浦,20260708,水,6:52,インヴェスター,,セ,5,310,佐藤吉勝,55.2,40.1,26.5,13.5,15.1,13.6,13.0,13.5
美浦,20260708,水,6:52,ルブラッシュノモー,,牡,2,未出走,佐藤吉勝,56.2,41.2,27.6,14.2,15.0,13.6,13.4,14.2
美浦,20260708,水,6:53,カキュウ,,牝,3,0,佐藤吉勝,56.2,40.9,26.2,12.8,15.3,14.7,13.4,12.8
美浦,20260708,水,6:55,ゲームチェンジャー,,牡,2,未出走,蛯名利弘,56.5,41.4,26.9,13.4,15.1,14.5,13.5,13.4
美浦,20260708,水,6:55,ハチキンキリシマ,,牝,2,未出走,蛯名利弘,59.9,43.6,28.1,14.1,16.3,15.5,14.0,14.1
美浦,20260708,水,6:55,ハルマン,,牝,2,未出走,蛯名利弘,59.8,43.5,28.0,14.1,16.3,15.5,13.9,14.1
美浦,20260708,水,6:55,ルディドゥゲンジ,,牝,3,0,蛯名利弘,56.6,41.5,26.9,13.5,15.1,14.6,13.4,13.5
美浦,20260708,水,6:56,エースオブゴールド,,牡,3,0,堀内岳志,54.4,39.7,26.7,13.8,14.7,13.0,12.9,13.8
美浦,20260708,水,6:56,ゴールデンオスカー,,牡,5,1600,堀内岳志,56.2,40.5,25.9,12.6,15.7,14.6,13.3,12.6
美浦,20260708,水,6:56,スーパーホース,,セ,4,200,堀内岳志,53.7,39.0,25.9,13.3,14.7,13.1,12.6,13.3
美浦,20260708,水,6:56,ニシノタカオ,,牡,2,未出走,堀内岳志,56.6,40.9,26.2,12.5,15.7,14.7,13.7,12.5
美浦,20260708,水,6:57,エレスレイプニル,,牡,2,0,杉浦宏昭,71.1,52.1,34.0,17.1,19.0,18.1,16.9,17.1
美浦,20260708,水,6:57,セイウンリリーナ,,牝,2,未出走,水野貴広,71.0,52.9,34.7,16.8,18.1,18.2,17.9,16.8
美浦,20260708,水,6:57,ニシノギャルズ,,牝,3,0,水野貴広,68.9,49.8,32.3,15.8,19.1,17.5,16.5,15.8
美浦,20260708,水,6:57,パストゥザスターズ,,牝,3,0,水野貴広,55.9,41.0,27.1,13.9,14.9,13.9,13.2,13.9
美浦,20260708,水,6:57,ライングラウス,,牡,2,未出走,水野貴広,70.8,53.2,35.3,17.5,17.6,17.9,17.8,17.5
美浦,20260708,水,6:57,ヴァイザーバルコ,,セ,6,940,水野貴広,54.8,40.4,26.6,13.3,14.4,13.8,13.3,13.3
美浦,20260708,水,6:58,スワローシチー,,牡,4,400,相沢郁,69.8,52.6,33.8,17.0,17.2,18.8,16.8,17.0
美浦,20260708,水,6:58,マイネルヴェーゼン,,牡,3,0,相沢郁,69.3,51.4,33.7,16.5,17.9,17.7,17.2,16.5
美浦,20260708,水,6:59,アニエーネ,,牝,2,未出走,和田勇介,65.8,48.4,32.0,16.2,17.4,16.4,15.8,16.2
美浦,20260708,水,6:59,ウィナーズチェック,,牝,2,0,和田勇介,62.9,46.0,30.4,15.5,16.9,15.6,14.9,15.5
美浦,20260708,水,6:59,ゴールドパレード,,牡,3,400,天間昭一,68.8,51.1,33.7,17.1,17.7,17.4,16.6,17.1
美浦,20260708,水,6:59,モンドシュピーゲル,,牡,3,0,天間昭一,55.8,40.6,25.9,12.5,15.2,14.7,13.4,12.5
美浦,20260708,水,7:00,ウィッシュリスト,,牝,3,0,松尾卓哉,54.6,39.9,26.0,12.9,14.7,13.9,13.1,12.9
美浦,20260708,水,7:00,ジェイエルキャリア,,牡,3,400,松尾卓哉,53.4,39.1,25.1,12.4,14.3,14.0,12.7,12.4
美浦,20260708,水,7:00,ベルイストワール,,牝,5,900,松尾卓哉,54.0,39.4,25.5,12.5,14.6,13.9,13.0,12.5
美浦,20260708,水,7:00,ラフレードピエル,,牡,3,400,萱野浩二,57.1,41.1,26.5,12.7,16.0,14.6,13.8,12.7
美浦,20260708,水,7:01,,,,,,,67.4,50.2,33.6,17.1,17.2,16.6,16.5,17.1
美浦,20260708,水,7:01,,,,,,,68.4,51.0,34.0,17.0,17.4,17.0,17.0,17.0
美浦,20260708,水,7:01,アンナモエ,,牝,2,未出走,天間昭一,68.9,50.4,33.3,16.7,18.5,17.1,16.6,16.7
美浦,20260708,水,7:01,ベアダイヤモンド,,牡,3,0,松尾卓哉,65.7,47.6,31.0,15.5,18.1,16.6,15.5,15.5
美浦,20260708,水,7:01,レーゲンシャウアー,,牝,2,未出走,天間昭一,66.2,48.3,31.9,15.8,17.9,16.4,16.1,15.8
美浦,20260708,水,7:02,レイヤードホワイト,,牝,2,未出走,手塚貴久,69.4,51.9,33.9,16.8,17.5,18.0,17.1,16.8
美浦,20260708,水,7:03,コスモモノポリー,,牝,2,未出走,相沢郁,65.3,48.4,31.8,15.4,16.9,16.6,16.4,15.4
美浦,20260708,水,7:03,チェイサー,,牡,3,0,相沢郁,65.0,47.9,31.6,15.6,17.1,16.3,16.0,15.6
美浦,20260708,水,7:04,トリスティ,,牝,3,250,伊藤圭三,67.9,49.3,31.7,15.3,18.6,17.6,16.4,15.3
美浦,20260708,水,7:04,ヘリテージブルーム,,牡,3,900,伊藤圭三,70.2,51.3,33.0,16.5,18.9,18.3,16.5,16.5
美浦,20260708,水,7:05,ヒットミー,,牝,4,900,鹿戸雄一,57.2,40.2,24.9,11.9,17.0,15.3,13.0,11.9
美浦,20260708,水,7:07,,,,,,,70.9,51.8,33.6,16.8,19.1,18.2,16.8,16.8
美浦,20260708,水,7:07,イデアジュアンイハ,,牝,3,0,小野次郎,56.5,41.3,26.9,13.6,15.2,14.4,13.3,13.6
美浦,20260708,水,7:07,ウェスケンジントン,,牡,3,0,小野次郎,56.8,41.6,27.4,13.7,15.2,14.2,13.7,13.7
美浦,20260708,水,7:07,トーケンギムレット,,牝,2,未出走,小野次郎,67.3,48.8,31.6,15.2,18.5,17.2,16.4,15.2
美浦,20260708,水,7:08,ルーナディサングエ,,牡,3,400,天間昭一,56.2,41.4,27.3,13.1,14.8,14.1,14.2,13.1
美浦,20260708,水,7:09,タツナナイロ,,牝,3,0,的場均,70.8,52.5,34.8,17.3,18.3,17.7,17.5,17.3
美浦,20260708,水,7:10,カーボフリオ,,牝,3,0,高木登,53.9,39.2,25.7,12.6,14.7,13.5,13.1,12.6
美浦,20260708,水,7:10,コスモメイウェザー,,牡,3,0,高木登,69.9,51.9,34.0,16.9,18.0,17.9,17.1,16.9
美浦,20260708,水,7:10,スタレネルヴェント,,牝,2,未出走,高木登,55.0,40.1,26.5,13.2,14.9,13.6,13.3,13.2
美浦,20260708,水,7:10,スチョウプリンセス,,牝,3,0,的場均,70.3,50.9,32.9,16.1,19.4,18.0,16.8,16.1
美浦,20260708,水,7:10,ファーストアライヴ,,牡,2,未出走,高木登,71.7,52.7,34.4,17.3,19.0,18.3,17.1,17.3
美浦,20260708,水,7:10,ベルゼビュート,,牡,3,400,高木登,55.5,40.0,26.1,12.7,15.5,13.9,13.4,12.7
美浦,20260708,水,7:10,ヴァルツァーシャル,,牡,7,6300,高木登,55.2,39.4,25.8,12.5,15.8,13.6,13.3,12.5
美浦,20260708,水,7:12,スワローシチー,,牡,4,400,相沢郁,64.7,48.0,31.0,15.4,16.7,17.0,15.6,15.4
美浦,20260708,水,7:12,マイネルヴェーゼン,,牡,3,0,相沢郁,64.7,48.1,31.6,16.0,16.6,16.5,15.6,16.0
美浦,20260708,水,7:13,アイスブレイカー,,牡,5,80,伊藤伸一,72.2,53.1,34.6,17.4,19.1,18.5,17.2,17.4
美浦,20260708,水,7:13,コスモデュアリズム,,牡,2,未出走,伊藤伸一,73.0,53.5,34.9,17.7,19.5,18.6,17.2,17.7
美浦,20260708,水,7:13,ペイシャオーヴァル,,牡,3,未出走,伊藤伸一,75.5,55.4,36.3,17.9,20.1,19.1,18.4,17.9
美浦,20260708,水,7:14,カツノテンス,,牡,6,160,伊藤伸一,72.1,53.8,35.0,17.5,18.3,18.8,17.5,17.5
美浦,20260708,水,7:14,キンバリー,,牡,2,未出走,伊藤伸一,75.6,55.8,36.6,18.2,19.8,19.2,18.4,18.2
美浦,20260708,水,7:14,タイガーゲイト,,牡,3,0,大和田成,67.5,48.9,32.2,15.5,18.6,16.7,16.7,15.5
美浦,20260708,水,7:14,ホーリーブライト,,牝,5,900,竹内正洋,51.9,38.0,25.1,12.6,13.9,12.9,12.5,12.6
美浦,20260708,水,7:14,マーシャルアン,,牡,3,400,大和田成,64.8,46.9,30.4,14.7,17.9,16.5,15.7,14.7
美浦,20260708,水,7:14,ユニオンジャック,,牡,3,未出走,竹内正洋,51.2,37.5,24.8,12.6,13.7,12.7,12.2,12.6
美浦,20260708,水,7:15,アイアムアッパレ,,牡,3,0,奥平雅士,85.6,63.8,43.1,21.5,21.8,20.7,21.6,21.5
美浦,20260708,水,7:15,ウナギノボリ,,牡,7,1500,本間忍,53.5,38.7,24.8,12.1,14.8,13.9,12.7,12.1
美浦,20260708,水,7:15,ブレトワルダ,,セ,4,900,新開幸一,66.9,49.4,32.2,15.7,17.5,17.2,16.5,15.7
美浦,20260708,水,7:15,マジカルガール,,牝,6,120,本間忍,54.3,39.3,26.0,12.7,15.0,13.3,13.3,12.7
美浦,20260708,水,7:17,,,,,,,62.6,46.0,30.6,15.3,16.6,15.4,15.3,15.3
美浦,20260708,水,7:17,,,,,,,65.4,47.8,31.5,15.7,17.6,16.3,15.8,15.7
美浦,20260708,水,7:17,ノアスペシャル,,牝,5,400,鈴木慎太,63.5,47.3,31.0,15.9,16.2,16.3,15.1,15.9
美浦,20260708,水,7:17,フォクセン,,牡,2,未出走,戸田博文,68.5,50.3,32.8,16.2,18.2,17.5,16.6,16.2
美浦,20260708,水,7:17,フォンドルレール,,牡,3,0,戸田博文,67.8,49.3,32.0,16.0,18.5,17.3,16.0,16.0
美浦,20260708,水,7:17,マデイラシトリン,,牝,2,未出走,田中勝春,62.2,45.5,30.0,15.3,16.7,15.5,14.7,15.3
美浦,20260708,水,7:18,,,,,,,68.9,50.7,33.0,16.5,18.2,17.7,16.5,16.5
美浦,20260708,水,7:18,,,,,,,72.7,52.1,33.7,17.0,20.6,18.4,16.7,17.0
美浦,20260708,水,7:18,コックオーヴァン,,牝,3,400,伊藤伸一,69.5,50.6,32.6,15.7,18.9,18.0,16.9,15.7
美浦,20260708,水,7:18,セイウンパシュート,,セ,6,900,上原博之,74.1,55.0,36.4,18.5,19.1,18.6,17.9,18.5
美浦,20260708,水,7:18,リケアチャチャチャ,,牝,2,0,上原博之,69.9,51.3,33.5,16.8,18.6,17.8,16.7,16.8
美浦,20260708,水,7:18,ローレルエース,,牡,3,0,松永康利,59.6,43.4,28.2,13.7,16.2,15.2,14.5,13.7
美浦,20260708,水,7:19,アスパラゴ,,牝,3,400,中舘英二,64.6,47.5,30.8,15.3,17.1,16.7,15.5,15.3
美浦,20260708,水,7:19,イバラヒメ,,牝,3,0,新開幸一,68.6,50.1,32.7,15.6,18.5,17.4,17.1,15.6
美浦,20260708,水,7:19,クイーンアン,,牝,3,0,蛯名正義,67.0,49.9,32.8,16.7,17.1,17.1,16.1,16.7
美浦,20260708,水,7:19,ソヴリンゲート,,牡,2,未出走,戸田博文,71.9,51.9,33.3,16.2,20.0,18.6,17.1,16.2
美浦,20260708,水,7:19,ドリームクルーズ,,牝,5,900,戸田博文,71.2,52.4,33.7,16.3,18.8,18.7,17.4,16.3
美浦,20260708,水,7:19,ラッキーダンス,,牝,4,0,新開幸一,67.6,49.8,33.3,17.1,17.8,16.5,16.2,17.1
美浦,20260708,水,7:20,,,,,,,68.3,50.0,32.7,16.1,18.3,17.3,16.6,16.1
美浦,20260708,水,7:20,サトノリアファル,,牡,3,0,古賀慎明,57.3,41.6,27.4,13.9,15.7,14.2,13.5,13.9
美浦,20260708,水,7:20,ノアチュロス,,牝,4,250,中舘英二,70.0,52.3,34.2,17.3,17.7,18.1,16.9,17.3
美浦,20260708,水,7:20,ロジシーザ,,牡,3,0,古賀慎明,61.9,44.8,28.7,14.7,17.1,16.1,14.0,14.7
美浦,20260708,水,7:20,ヴァンデエス,,牝,2,未出走,中舘英二,65.0,48.0,31.6,15.7,17.0,16.4,15.9,15.7
美浦,20260708,水,7:21,コスモスプモーニ,,牡,6,900,松山将樹,87.8,63.8,41.6,21.0,24.0,22.2,20.6,21.0
美浦,20260708,水,7:21,テリオスレイ,,牝,3,0,田島俊明,71.9,52.6,34.2,17.2,19.3,18.4,17.0,17.2
美浦,20260708,水,7:21,ビップヴィーナス,,牝,2,0,田島俊明,71.7,52.6,34.6,17.2,19.1,18.0,17.4,17.2
美浦,20260708,水,7:21,マイネルサリーレ,,牡,2,未出走,田島俊明,68.7,50.0,32.4,15.4,18.7,17.6,17.0,15.4
美浦,20260708,水,7:22,,,,,,,68.1,49.8,32.6,16.1,18.3,17.2,16.5,16.1
美浦,20260708,水,7:22,アデランテ,,セ,5,1500,菊川正達,67.7,49.4,32.7,15.9,18.3,16.7,16.8,15.9
美浦,20260708,水,7:22,オペレッタテソーロ,,牝,2,未出走,菊川正達,68.5,50.0,32.7,16.3,18.5,17.3,16.4,16.3
美浦,20260708,水,7:22,キョウエイシャトル,,牡,2,未出走,萱野浩二,67.8,49.9,32.5,16.1,17.9,17.4,16.4,16.1
美浦,20260708,水,7:22,ゴルタン,,牡,2,未出走,千葉直人,65.3,46.9,30.0,14.7,18.4,16.9,15.3,14.7
美浦,20260708,水,7:22,ロイヤルガンモ,,牝,2,未出走,上原博之,65.9,46.9,30.3,14.7,19.0,16.6,15.6,14.7
美浦,20260708,水,7:23,,,,,,,68.0,49.9,32.4,15.9,18.1,17.5,16.5,15.9
美浦,20260708,水,7:23,ジャストワナダイブ,,牝,2,未出走,室井潔,67.1,49.6,32.8,16.1,17.5,16.8,16.7,16.1
美浦,20260708,水,7:23,ジーティートゥーリ,,牝,3,0,武市康男,62.5,46.4,30.9,15.6,16.1,15.5,15.3,15.6
美浦,20260708,水,7:23,スチョウプリンセス,,牝,3,0,的場均,57.9,42.7,28.1,13.6,15.2,14.6,14.5,13.6
美浦,20260708,水,7:23,タツナナイロ,,牝,3,0,的場均,67.8,50.5,33.4,16.6,17.3,17.1,16.8,16.6
美浦,20260708,水,7:23,ディヴァインスペル,,牡,2,未出走,木村哲也,64.4,47.0,30.4,14.9,17.4,16.6,15.5,14.9
美浦,20260708,水,7:23,ニシノアトール,,牡,2,未出走,武市康男,66.0,48.1,31.0,15.7,17.9,17.1,15.3,15.7
美浦,20260708,水,7:23,プリモヴィータ,,牝,2,未出走,木村哲也,64.4,47.0,30.3,14.8,17.4,16.7,15.5,14.8
美浦,20260708,水,7:23,マーキュリーダイム,,牝,4,400,室井潔,66.4,49.5,32.6,16.1,16.9,16.9,16.5,16.1
美浦,20260708,水,7:23,ローンウルフ,,牡,5,0,武市康男,64.3,47.8,31.2,15.3,16.5,16.6,15.9,15.3
美浦,20260708,水,7:46,ウインディナナコ,,牝,3,0,勢司和浩,57.4,40.8,26.2,13.1,16.6,14.6,13.1,13.1
美浦,20260708,水,7:47,イネガラーブル,,牡,3,0,久保田貴,56.4,41.5,26.7,13.2,14.9,14.8,13.5,13.2
美浦,20260708,水,7:47,ガビーズシスター,,牝,5,4300,森一誠,64.7,47.9,31.3,15.3,16.8,16.6,16.0,15.3
美浦,20260708,水,7:47,サクラボーベル,,牝,3,0,森一誠,63.8,46.7,30.4,15.0,17.1,16.3,15.4,15.0
美浦,20260708,水,7:47,サトノスターライト,,牝,3,0,森一誠,64.6,47.3,30.7,15.3,17.3,16.6,15.4,15.3
美浦,20260708,水,7:47,サトノスプレマシー,,牝,2,未出走,久保田貴,56.2,41.3,26.5,13.1,14.9,14.8,13.4,13.1
美浦,20260708,水,7:47,サムシングニュー,,牡,3,400,鹿戸雄一,61.0,44.9,29.8,15.0,16.1,15.1,14.8,15.0
美浦,20260708,水,7:47,ショコラキュイ,,牡,3,400,森一誠,62.8,46.1,30.0,14.9,16.7,16.1,15.1,14.9
美浦,20260708,水,7:47,ソースウィート,,牝,2,未出走,久保田貴,54.1,39.9,25.7,12.8,14.2,14.2,12.9,12.8
美浦,20260708,水,7:48,アスパラゴ,,牝,3,400,中舘英二,53.8,39.4,26.0,12.9,14.4,13.4,13.1,12.9
美浦,20260708,水,7:48,アッティーヤ,,牝,2,未出走,鹿戸雄一,64.3,47.4,31.6,16.0,16.9,15.8,15.6,16.0
美浦,20260708,水,7:48,エイカイボクサー,,牡,5,80,久保田貴,70.1,50.4,32.8,17.0,19.7,17.6,15.8,17.0
美浦,20260708,水,7:48,サイモンセレーノ,,牝,3,0,勢司和浩,54.0,38.4,24.5,11.8,15.6,13.9,12.7,11.8
美浦,20260708,水,7:48,サトノクラシカル,,牡,3,0,宮田敬介,62.3,45.4,29.3,14.6,16.9,16.1,14.7,14.6
美浦,20260708,水,7:48,スカーレットクラン,,牝,2,未出走,林徹,55.6,41.2,26.5,12.9,14.4,14.7,13.6,12.9
美浦,20260708,水,7:48,ゼノスフィア,,牡,2,未出走,林徹,56.1,41.5,27.2,13.2,14.6,14.3,14.0,13.2
美浦,20260708,水,7:48,ニシノミヤダシ,,牡,2,未出走,鹿戸雄一,64.9,48.3,31.8,16.4,16.6,16.5,15.4,16.4
美浦,20260708,水,7:48,ヌビアン,,牡,3,0,清水英克,53.2,38.8,25.7,13.0,14.4,13.1,12.7,13.0
美浦,20260708,水,7:48,ノワールブレイブ,,牝,2,未出走,清水英克,53.9,39.5,26.2,13.3,14.4,13.3,12.9,13.3
美浦,20260708,水,7:48,バトルボーン,,牡,7,3800,林徹,53.7,38.9,24.7,12.1,14.8,14.2,12.6,12.1
美浦,20260708,水,7:48,ボンヌソワレ,,牝,4,1500,宮田敬介,65.2,48.1,31.6,15.6,17.1,16.5,16.0,15.6
美浦,20260708,水,7:48,ヴァンデエス,,牝,2,未出走,中舘英二,53.7,39.3,25.9,12.8,14.4,13.4,13.1,12.8
美浦,20260708,水,7:49,,,,,,,59.1,43.9,29.5,14.4,15.2,14.4,15.1,14.4
美浦,20260708,水,7:49,,,,,,,66.8,48.7,31.6,15.6,18.1,17.1,16.0,15.6
美浦,20260708,水,7:49,,,,,,,66.9,48.9,32.0,15.9,18.0,16.9,16.1,15.9
美浦,20260708,水,7:49,,,,,,,67.7,49.9,33.5,16.2,17.8,16.4,17.3,16.2
美浦,20260708,水,7:49,クラシオン,,牡,3,400,菊沢隆徳,68.3,50.1,33.0,15.7,18.2,17.1,17.3,15.7
美浦,20260708,水,7:49,ジーティーブラック,,牡,3,400,菊沢隆徳,69.2,51.1,33.2,16.2,18.1,17.9,17.0,16.2
美浦,20260708,水,7:49,ソアサージュ,,牝,3,0,浅利英明,69.4,51.3,33.6,16.5,18.1,17.7,17.1,16.5
美浦,20260708,水,7:49,タケルムサシ,,牡,3,400,斎藤誠,64.8,48.1,31.8,15.7,16.7,16.3,16.1,15.7
美浦,20260708,水,7:49,ツクバアヴァロン,,牡,3,0,奥平雅士,54.0,39.9,26.3,13.0,14.1,13.6,13.3,13.0
美浦,20260708,水,7:49,デルマホダカ,,牝,3,400,菊沢隆徳,68.5,50.0,33.5,16.0,18.5,16.5,17.5,16.0
美浦,20260708,水,7:49,フリーマントル,,牡,5,900,斎藤誠,64.9,47.9,32.0,15.8,17.0,15.9,16.2,15.8
美浦,20260708,水,7:49,ベリーベリーベリー,,牝,6,400,鈴木伸尋,66.5,48.2,31.1,15.2,18.3,17.1,15.9,15.2
美浦,20260708,水,7:49,レッセパッセ,,牝,5,900,柄崎将寿,56.1,41.6,27.7,13.7,14.5,13.9,14.0,13.7
美浦,20260708,水,7:49,ローグアン,,牡,2,未出走,浅利英明,68.6,50.3,33.1,16.7,18.3,17.2,16.4,16.7
美浦,20260708,水,7:50,,,,,,,67.3,48.2,31.8,15.8,19.1,16.4,16.0,15.8
美浦,20260708,水,7:50,,,,,,,67.5,48.2,31.6,15.5,19.3,16.6,16.1,15.5
美浦,20260708,水,7:50,アーティキュレート,,牡,3,0,手塚貴久,54.4,39.9,26.1,12.9,14.5,13.8,13.2,12.9
美浦,20260708,水,7:50,ウインボレロ,,牡,5,400,水野貴広,64.9,47.8,31.2,15.4,17.1,16.6,15.8,15.4
美浦,20260708,水,7:50,カセノメロス,,牡,2,未出走,鈴木伸尋,67.4,48.3,31.8,15.9,19.1,16.5,15.9,15.9
美浦,20260708,水,7:50,キャネル,,牡,5,900,手塚貴久,56.2,41.1,26.7,12.9,15.1,14.4,13.8,12.9
美浦,20260708,水,7:50,ゲンテン,,牡,3,0,尾関知人,67.0,49.1,32.7,16.1,17.9,16.4,16.6,16.1
美浦,20260708,水,7:50,コスモシグナス,,牡,2,0,水野貴広,63.8,46.9,31.5,15.9,16.9,15.4,15.6,15.9
美浦,20260708,水,7:50,コスモゼーリエ,,牝,3,0,武藤善則,56.8,41.6,26.8,13.1,15.2,14.8,13.7,13.1
美浦,20260708,水,7:50,コスモナエマ,,牝,3,400,手塚貴久,56.9,42.6,28.4,14.1,14.3,14.2,14.3,14.1
美浦,20260708,水,7:50,コスモフラムオット,,牡,2,未出走,武藤善則,66.0,49.3,32.9,16.7,16.7,16.4,16.2,16.7
美浦,20260708,水,7:50,コパノエビータ,,牝,5,900,手塚貴久,56.5,41.3,27.2,13.2,15.2,14.1,14.0,13.2
美浦,20260708,水,7:50,サリードゥ,,牝,2,0,鈴木伸尋,67.5,48.5,31.8,15.9,19.0,16.7,15.9,15.9
美浦,20260708,水,7:50,シェーンリヒト,,牡,2,未出走,手塚貴久,54.4,39.9,26.1,12.9,14.5,13.8,13.2,12.9
美浦,20260708,水,7:50,スクリプトール,,牡,2,0,手塚貴久,53.4,39.1,25.6,12.6,14.3,13.5,13.0,12.6
美浦,20260708,水,7:50,テキエロ,,牝,2,未出走,中川公成,68.6,50.8,33.6,17.0,17.8,17.2,16.6,17.0
美浦,20260708,水,7:50,ノアチュロス,,牝,4,250,中舘英二,68.9,50.4,33.5,17.1,18.5,16.9,16.4,17.1
美浦,20260708,水,7:50,ビーズスティンガー,,牝,2,未出走,中川公成,67.4,49.6,32.6,16.3,17.8,17.0,16.3,16.3
美浦,20260708,水,7:50,マッシブショット,,セ,3,0,武藤善則,55.5,40.5,25.4,12.2,15.0,15.1,13.2,12.2
美浦,20260708,水,7:50,ミコウェイ,,牝,2,未出走,鈴木伸尋,67.5,48.2,31.4,15.6,19.3,16.8,15.8,15.6
美浦,20260708,水,7:50,ラクシオンデクラ,,牡,3,0,尾関知人,67.1,50.2,32.7,16.3,16.9,17.5,16.4,16.3
美浦,20260708,水,7:50,ルークスイテルム,,牡,2,未出走,中川公成,67.1,49.3,32.3,16.1,17.8,17.0,16.2,16.1
美浦,20260708,水,7:50,レッドアヴァンティ,,牡,7,2400,尾関知人,52.1,37.8,24.9,12.6,14.3,12.9,12.3,12.6
美浦,20260708,水,7:50,レーヴマジック,,牡,2,未出走,中川公成,69.0,51.2,33.8,17.2,17.8,17.4,16.6,17.2
美浦,20260708,水,7:51,,,,,,,56.5,41.7,28.4,14.9,14.8,13.3,13.5,14.9
美浦,20260708,水,7:51,,,,,,,65.1,49.0,32.4,16.6,16.1,16.6,15.8,16.6
美浦,20260708,水,7:51,,,,,,,67.6,50.4,33.7,17.7,17.2,16.7,16.0,17.7
美浦,20260708,水,7:51,エンドロール,,牡,7,1500,青木孝文,65.0,48.4,31.7,15.6,16.6,16.7,16.1,15.6
美浦,20260708,水,7:51,コパノトーマス,,牡,3,400,青木孝文,64.9,48.1,31.2,16.0,16.8,16.9,15.2,16.0
美浦,20260708,水,7:51,スイートオレンジ,,牝,4,400,中川公成,53.3,39.0,25.6,12.5,14.3,13.4,13.1,12.5
美浦,20260708,水,7:51,チャリティチャリス,,牡,3,0,浅利英明,71.5,52.4,34.7,17.5,19.1,17.7,17.2,17.5
美浦,20260708,水,7:51,トップデュオ,,牡,3,0,尾関知人,54.4,39.6,26.4,13.1,14.8,13.2,13.3,13.1
美浦,20260708,水,7:51,バトルクライ,,牡,7,7200,高木登,55.5,40.3,26.1,12.7,15.2,14.2,13.4,12.7
美浦,20260708,水,7:51,ファナティカル,,牡,3,0,中川公成,54.7,39.9,26.2,12.8,14.8,13.7,13.4,12.8
美浦,20260708,水,7:51,ポッドデスペア,,牡,3,520,畠山吉宏,63.4,46.2,30.4,15.1,17.2,15.8,15.3,15.1
美浦,20260708,水,7:51,ミエスタ,,牝,3,0,加藤征弘,67.3,50.0,32.6,16.1,17.3,17.4,16.5,16.1
美浦,20260708,水,7:51,モントーヤ,,牡,3,0,浅利英明,71.4,52.3,34.7,17.6,19.1,17.6,17.1,17.6
美浦,20260708,水,7:51,ルールオーヴァー,,牡,3,0,尾関知人,53.5,39.2,26.0,12.8,14.3,13.2,13.2,12.8
美浦,20260708,水,7:52,,,,,,,56.0,41.4,27.3,13.6,14.6,14.1,13.7,13.6
美浦,20260708,水,7:52,,,,,,,70.6,52.3,35.1,17.8,18.3,17.2,17.3,17.8
美浦,20260708,水,7:52,エターナルホープ,,牡,3,0,鈴木慎太,67.1,49.1,32.1,16.0,18.0,17.0,16.1,16.0
美浦,20260708,水,7:52,クールボビー,,牡,2,未出走,矢野英一,65.1,47.2,31.1,16.2,17.9,16.1,14.9,16.2
美浦,20260708,水,7:52,コウジハラ,,牝,3,400,西田雄一,54.0,39.8,25.8,13.0,14.2,14.0,12.8,13.0
美浦,20260708,水,7:52,ゴバド,,牝,3,400,加藤征弘,71.3,52.8,34.8,17.5,18.5,18.0,17.3,17.5
美浦,20260708,水,7:52,サトノフレア,,牡,3,0,堀宣行,66.5,48.2,31.7,15.8,18.3,16.5,15.9,15.8
美浦,20260708,水,7:52,スマートブライド,,牝,2,未出走,加藤征弘,71.0,52.4,34.5,17.3,18.6,17.9,17.2,17.3
美浦,20260708,水,7:52,ダノンオンザビート,,牡,3,0,堀宣行,65.9,48.3,32.0,16.0,17.6,16.3,16.0,16.0
美浦,20260708,水,7:52,ダノンタッチダウン,,セ,6,2550,堀宣行,65.3,47.9,31.6,15.2,17.4,16.3,16.4,15.2
美浦,20260708,水,7:52,ノワドゥココ,,牝,2,未出走,堀宣行,65.4,47.9,31.6,15.2,17.5,16.3,16.4,15.2
美浦,20260708,水,7:52,パレスドフィーヌ,,牝,5,400,鈴木慎太,65.7,48.2,31.4,15.7,17.5,16.8,15.7,15.7
美浦,20260708,水,7:52,フロリメル,,牝,3,0,加藤征弘,72.2,53.5,35.0,17.4,18.7,18.5,17.6,17.4
美浦,20260708,水,7:52,ホウキボシ,,セ,6,900,堀宣行,66.2,48.3,31.5,15.8,17.9,16.8,15.7,15.8
美浦,20260708,水,7:52,メイリー,,牝,4,400,鈴木慎太,66.3,47.9,30.5,14.8,18.4,17.4,15.7,14.8
美浦,20260708,水,7:52,ラスティレッド,,牝,2,未出走,鈴木慎太,65.1,48.0,31.8,15.9,17.1,16.2,15.9,15.9
美浦,20260708,水,7:52,リオハリソンメリー,,牝,3,0,加藤征弘,70.4,51.1,34.2,16.7,19.3,16.9,17.5,16.7
美浦,20260708,水,7:52,ロックフラワー,,牝,3,未出走,西田雄一,56.4,41.7,27.6,13.9,14.7,14.1,13.7,13.9
美浦,20260708,水,7:52,ヴァルフォース,,牝,2,未出走,加藤征弘,71.2,52.8,34.6,17.4,18.4,18.2,17.2,17.4
美浦,20260708,水,7:53,,,,,,,70.2,51.8,34.1,16.7,18.4,17.7,17.4,16.7
美浦,20260708,水,7:53,エートレイン,,牡,2,未出走,岩戸孝樹,56.0,40.7,27.3,13.8,15.3,13.4,13.5,13.8
美浦,20260708,水,7:53,キャリアビジョン,,牝,3,0,西田雄一,62.8,45.8,30.1,15.0,17.0,15.7,15.1,15.0
美浦,20260708,水,7:53,クリールスル,,牝,4,400,矢野英一,67.0,48.0,31.5,15.4,19.0,16.5,16.1,15.4
美浦,20260708,水,7:53,プリプリプリン,,牝,3,0,伊藤圭三,70.3,51.2,33.1,15.7,19.1,18.1,17.4,15.7
美浦,20260708,水,7:53,プリンセスロッティ,,牝,2,0,伊藤圭三,67.4,49.7,32.0,15.6,17.7,17.7,16.4,15.6
美浦,20260708,水,7:53,メイドリーム,,牝,2,未出走,岩戸孝樹,56.6,41.2,27.9,14.4,15.4,13.3,13.5,14.4
美浦,20260708,水,7:53,モナコブル,,牡,5,900,岩戸孝樹,67.0,49.6,33.0,16.6,17.4,16.6,16.4,16.6
美浦,20260708,水,7:53,リオクリスハーレー,,牝,3,0,矢野英一,67.8,50.0,33.3,16.9,17.8,16.7,16.4,16.9
美浦,20260708,水,7:53,ワイワイシャイニー,,牝,2,未出走,岩戸孝樹,56.0,40.6,27.4,13.8,15.4,13.2,13.6,13.8
美浦,20260708,水,7:54,,,,,,,68.1,49.9,32.6,16.1,18.2,17.3,16.5,16.1
美浦,20260708,水,7:54,,,,,,,68.1,50.0,32.8,16.2,18.1,17.2,16.6,16.2
美浦,20260708,水,7:54,,,,,,,68.1,50.1,32.8,16.1,18.0,17.3,16.7,16.1
美浦,20260708,水,7:54,アイウィル,,牡,5,1500,高木登,69.7,51.1,32.8,16.5,18.6,18.3,16.3,16.5
美浦,20260708,水,7:54,カシオペア,,牡,4,400,上原佑紀,65.8,48.9,31.6,15.1,16.9,17.3,16.5,15.1
美浦,20260708,水,7:54,ニシノブレイゼスト,,牡,4,900,高木登,70.0,51.5,33.1,16.3,18.5,18.4,16.8,16.3
美浦,20260708,水,7:54,ユメノカケラ,,牡,2,未出走,上原佑紀,67.8,49.9,33.0,16.0,17.9,16.9,17.0,16.0
美浦,20260708,水,7:55,アイファーティアラ,,牝,2,未出走,的場均,70.0,52.0,34.7,17.2,18.0,17.3,17.5,17.2
美浦,20260708,水,7:55,アイファーリーベン,,牝,7,110,的場均,74.6,55.1,36.1,18.0,19.5,19.0,18.1,18.0
美浦,20260708,水,7:55,サイモングリーマン,,牡,3,0,的場均,69.7,51.3,33.9,16.5,18.4,17.4,17.4,16.5
美浦,20260708,水,7:55,テングカゼ,,牡,2,未出走,的場均,69.2,51.8,34.1,17.3,17.4,17.7,16.8,17.3
美浦,20260708,水,7:55,デルマジュテーム,,牝,4,400,的場均,71.2,52.2,34.3,17.4,19.0,17.9,16.9,17.4
美浦,20260708,水,7:55,プラチナムディスク,,牝,3,0,小笠倫弘,55.0,40.0,26.0,12.6,15.0,14.0,13.4,12.6
美浦,20260708,水,7:55,メリーサウンド,,牝,4,400,小笠倫弘,54.6,40.0,25.9,12.6,14.6,14.1,13.3,12.6
美浦,20260708,水,7:56,,,,,,,73.2,54.2,35.9,17.6,19.0,18.3,18.3,17.6
美浦,20260708,水,7:56,チェストー,,牡,3,0,高橋文雅,71.0,52.6,34.3,17.1,18.4,18.3,17.2,17.1
美浦,20260708,水,7:59,,,,,,,69.3,50.8,33.9,16.8,18.5,16.9,17.1,16.8
美浦,20260708,水,7:59,サヴァビアン,,牡,8,900,新開幸一,68.8,50.1,33.1,16.3,18.7,17.0,16.8,16.3
美浦,20260708,水,8:00,テルケンレンタッチ,,牡,3,0,勢司和浩,80.6,58.8,38.5,18.7,21.8,20.3,19.8,18.7
美浦,20260708,水,8:00,ヴォンサクレ,,牡,3,0,勢司和浩,70.7,51.3,33.8,17.0,19.4,17.5,16.8,17.0
美浦,20260708,水,8:01,セイカユウヒ,,牡,3,0,石栗龍彦,68.7,48.7,31.3,15.2,20.0,17.4,16.1,15.2
美浦,20260708,水,8:03,オーパパ,,牡,3,0,斎藤誠,54.5,40.5,26.3,12.7,14.0,14.2,13.6,12.7
美浦,20260708,水,8:03,ガムラスタン,,牡,3,400,斎藤誠,57.3,42.1,27.5,13.6,15.2,14.6,13.9,13.6
美浦,20260708,水,8:03,ジーネキング,,牡,3,1000,斎藤誠,58.0,42.5,28.1,13.7,15.5,14.4,14.4,13.7
美浦,20260708,水,8:03,タイセイフレッサ,,牝,3,400,斎藤誠,62.2,46.0,30.7,15.5,16.2,15.3,15.2,15.5
美浦,20260708,水,8:03,タケルムサシ,,牡,3,400,斎藤誠,54.6,40.5,26.3,12.6,14.1,14.2,13.7,12.6
美浦,20260708,水,8:03,ノドゥス,,牡,2,0,斎藤誠,55.8,40.9,25.9,12.2,14.9,15.0,13.7,12.2
美浦,20260708,水,8:03,フリーマントル,,牡,5,900,斎藤誠,54.0,40.0,25.9,12.3,14.0,14.1,13.6,12.3
美浦,20260708,水,8:04,エーアイクワイ,,牡,2,0,相沢郁,65.4,47.6,30.6,15.3,17.8,17.0,15.3,15.3
美浦,20260708,水,8:04,シャルムグリーン,,牡,3,0,相沢郁,64.1,46.9,30.6,15.1,17.2,16.3,15.5,15.1
美浦,20260708,水,8:06,ゴバド,,牝,3,400,加藤征弘,53.7,39.0,25.6,12.6,14.7,13.4,13.0,12.6
美浦,20260708,水,8:06,スマートブライド,,牝,2,未出走,加藤征弘,54.2,39.3,25.8,12.7,14.9,13.5,13.1,12.7
美浦,20260708,水,8:06,ミエスタ,,牝,3,0,加藤征弘,54.0,38.9,26.0,13.0,15.1,12.9,13.0,13.0
美浦,20260708,水,8:06,リオハリソンメリー,,牝,3,0,加藤征弘,53.0,38.0,25.3,12.6,15.0,12.7,12.7,12.6
美浦,20260708,水,8:06,ヴァルフォース,,牝,2,未出走,加藤征弘,54.1,39.3,25.8,12.6,14.8,13.5,13.2,12.6
美浦,20260708,水,8:07,フロリメル,,牝,3,0,加藤征弘,58.8,43.8,28.9,14.4,15.0,14.9,14.5,14.4
美浦,20260708,水,8:08,ポッドソル,,牡,4,1500,手塚貴徳,56.3,41.2,26.5,12.4,15.1,14.7,14.1,12.4
美浦,20260708,水,8:09,アイファーリーベン,,牝,7,110,的場均,54.0,39.2,26.0,13.1,14.8,13.2,12.9,13.1
美浦,20260708,水,8:11,アイデアルカット,,牡,2,0,手塚貴徳,67.6,49.1,32.2,16.3,18.5,16.9,15.9,16.3
美浦,20260708,水,8:11,テンクウジョー,,牡,5,900,手塚貴徳,68.7,50.0,32.7,16.4,18.7,17.3,16.3,16.4
美浦,20260708,水,8:11,ミラビリスマジック,,牝,5,1500,千葉直人,67.5,47.7,30.0,14.6,19.8,17.7,15.4,14.6
美浦,20260708,水,8:11,ラッパースヴィル,,牝,2,未出走,手塚貴徳,67.2,48.7,32.0,16.2,18.5,16.7,15.8,16.2
美浦,20260708,水,8:15,ビーストウォーズ,,牡,3,0,松山将樹,69.2,52.0,34.4,16.8,17.2,17.6,17.6,16.8
美浦,20260708,水,8:18,グッバイウェーブ,,牝,4,400,中川公成,65.5,48.4,32.3,16.5,17.1,16.1,15.8,16.5
美浦,20260708,水,8:20,アロハオエ,,牝,3,0,中川公成,66.0,49.6,32.3,16.1,16.4,17.3,16.2,16.1
美浦,20260708,水,8:25,,,,,,,66.1,47.7,31.4,15.1,18.4,16.3,16.3,15.1
美浦,20260708,水,8:25,ティーシュペランサ,,牡,2,未出走,加藤士津,66.1,48.2,31.4,15.7,17.9,16.8,15.7,15.7
美浦,20260708,水,8:25,マイネルヴェスペル,,牡,2,未出走,加藤士津,65.0,47.3,30.7,14.7,17.7,16.6,16.0,14.7
美浦,20260708,水,8:25,リュクスパトロール,,牝,3,400,加藤士津,65.5,48.2,31.5,15.6,17.3,16.7,15.9,15.6
美浦,20260708,水,8:26,ガラベイヤ,,牝,3,900,加藤士津,58.3,42.7,28.1,14.2,15.6,14.6,13.9,14.2
美浦,20260708,水,8:27,エルアン,,牡,3,0,浅利英明,68.2,50.1,33.0,16.4,18.1,17.1,16.6,16.4
美浦,20260708,水,8:27,クリアーゲイル,,牡,3,0,浅利英明,67.8,49.9,32.9,16.5,17.9,17.0,16.4,16.5
美浦,20260708,水,8:27,ラヴィプランドール,,牝,3,0,浅利英明,67.1,49.1,32.8,15.9,18.0,16.3,16.9,15.9
美浦,20260708,水,8:28,,,,,,,67.7,49.0,32.0,15.7,18.7,17.0,16.3,15.7
美浦,20260708,水,8:29,クリスタルドレス,,牝,3,0,高橋文雅,73.8,53.3,34.6,17.0,20.5,18.7,17.6,17.0
