栗東,20260815,土,4:00,アステルディーヴァ,,牝,3,0,西村真幸,67.8,47.9,30.3,14.3,19.9,17.6,16.0,14.3
栗東,20260815,土,4:00,スペシャルナンバー,,牡,7,1160,西村真幸,67.7,48.9,32.2,15.9,18.8,16.7,16.3,15.9
栗東,20260815,土,4:00,プッシュオン,,牡,6,1500,西村真幸,63.5,45.4,29.1,14.3,18.1,16.3,14.8,14.3
栗東,20260815,土,4:00,ペールノエル,,セ,4,500,西村真幸,64.2,47.2,31.6,15.9,17.0,15.6,15.7,15.9
栗東,20260815,土,4:01,アモロロプーロ,,牡,2,未出走,高橋康之,69.5,49.3,32.1,16.0,20.2,17.2,16.1,16.0
栗東,20260815,土,4:01,イットガール,,牝,3,0,矢作芳人,65.6,48.2,31.8,15.9,17.4,16.4,15.9,15.9
栗東,20260815,土,4:01,エレガンシア,,牝,4,400,高柳大輔,66.3,48.8,32.2,16.1,17.5,16.6,16.1,16.1
栗東,20260815,土,4:01,オアシスアラン,,牡,3,0,高柳大輔,67.2,49.8,33.1,16.7,17.4,16.7,16.4,16.7
栗東,20260815,土,4:01,クラックショット,,牡,3,400,清水久詞,56.3,40.9,26.9,13.9,15.4,14.0,13.0,13.9
栗東,20260815,土,4:01,ケイエイト,,牡,6,400,羽月友彦,67.2,49.3,32.6,16.3,17.9,16.7,16.3,16.3
栗東,20260815,土,4:01,デザートキャンドル,,牝,2,未出走,長谷川浩,57.5,41.8,26.6,13.0,15.7,15.2,13.6,13.0
栗東,20260815,土,4:01,ハニーサンシャイン,,牝,2,未登録,,69.5,49.3,32.3,16.3,20.2,17.0,16.0,16.3
栗東,20260815,土,4:01,ホウオウモチーヴ,,牡,3,0,矢作芳人,66.4,47.9,31.2,15.4,18.5,16.7,15.8,15.4
栗東,20260815,土,4:01,マガスティール,,牡,2,未出走,高柳大輔,67.2,49.8,33.2,16.7,17.4,16.6,16.5,16.7
栗東,20260815,土,4:01,メイショウサトノヒ,,牡,4,400,長谷川浩,57.3,41.8,26.7,13.2,15.5,15.1,13.5,13.2
栗東,20260815,土,4:01,ラッキーラグーン,,牡,3,未出走,高柳大輔,66.4,49.6,33.2,16.6,16.8,16.4,16.6,16.6
栗東,20260815,土,4:01,レディマリオン,,牝,5,2400,長谷川浩,57.1,41.7,26.8,13.2,15.4,14.9,13.6,13.2
栗東,20260815,土,4:02,オックスアイ,,牡,3,900,清水久詞,52.3,37.9,24.6,12.1,14.4,13.3,12.5,12.1
栗東,20260815,土,4:02,オースミサイファー,,牡,3,0,宮本博,67.2,48.4,31.8,16.2,18.8,16.6,15.6,16.2
栗東,20260815,土,4:02,クインズローマ,,牝,2,未出走,宮本博,67.8,49.9,33.5,16.5,17.9,16.4,17.0,16.5
栗東,20260815,土,4:02,クールドリオン,,牡,3,0,庄野靖志,69.1,50.6,33.2,16.6,18.5,17.4,16.6,16.6
栗東,20260815,土,4:02,サトノビダーヤ,,牡,3,400,高橋康之,69.3,51.0,33.7,16.6,18.3,17.3,17.1,16.6
栗東,20260815,土,4:02,スプレンドーレ,,牝,3,未出走,矢作芳人,67.7,49.9,33.6,16.6,17.8,16.3,17.0,16.6
栗東,20260815,土,4:02,スマートエラン,,牡,3,0,池江泰寿,68.0,49.8,32.3,16.2,18.2,17.5,16.1,16.2
栗東,20260815,土,4:02,チュウワヘネシー,,牡,3,0,庄野靖志,67.5,49.7,32.8,16.5,17.8,16.9,16.3,16.5
栗東,20260815,土,4:02,ドットカモン,,牡,3,0,笹田和秀,68.3,50.2,32.7,16.0,18.1,17.5,16.7,16.0
栗東,20260815,土,4:02,バヤールロック,,牡,2,未出走,中村直也,68.5,49.8,32.8,16.2,18.7,17.0,16.6,16.2
栗東,20260815,土,4:02,ファミーリエ,,牝,2,未出走,清水久詞,68.6,51.2,34.7,17.1,17.4,16.5,17.6,17.1
栗東,20260815,土,4:02,フルドフォルク,,牡,3,0,庄野靖志,69.7,50.9,33.1,16.5,18.8,17.8,16.6,16.5
栗東,20260815,土,4:02,フロンティエール,,牡,4,250,柴田卓,65.5,47.0,30.2,14.7,18.5,16.8,15.5,14.7
栗東,20260815,土,4:02,ポペット,,牝,3,400,高橋康之,68.6,49.7,32.8,16.3,18.9,16.9,16.5,16.3
栗東,20260815,土,4:02,ラヴァンダ,,牝,5,5900,中村直也,68.7,50.9,33.5,16.4,17.8,17.4,17.1,16.4
栗東,20260815,土,4:02,ルクスビッグスター,,牡,6,1500,清水久詞,52.4,37.2,24.0,12.1,15.2,13.2,11.9,12.1
栗東,20260815,土,4:03,エンジョイドライブ,,牡,4,0,宮本博,72.8,51.7,33.2,16.0,21.1,18.5,17.2,16.0
栗東,20260815,土,4:03,オメガダフネ,,牡,2,未出走,柴田卓,68.3,49.2,31.7,15.6,19.1,17.5,16.1,15.6
栗東,20260815,土,4:03,グランブリーゼ,,牝,3,0,庄野靖志,67.9,49.3,32.2,16.0,18.6,17.1,16.2,16.0
栗東,20260815,土,4:03,シャトンダンス,,牝,2,未出走,東田明士,70.0,51.5,34.3,17.1,18.5,17.2,17.2,17.1
栗東,20260815,土,4:03,ジュエルシップ,,牝,2,0,柴田卓,67.3,48.1,31.6,15.6,19.2,16.5,16.0,15.6
栗東,20260815,土,4:03,セシリエプラージュ,,牝,5,1500,中村直也,67.4,49.4,32.9,16.6,18.0,16.5,16.3,16.6
栗東,20260815,土,4:03,ゼランテ,,牡,3,0,松永幹夫,67.7,48.9,33.2,16.8,18.8,15.7,16.4,16.8
栗東,20260815,土,4:03,ダノンフェルゼン,,牡,4,400,東田明士,69.6,50.7,33.0,16.3,18.9,17.7,16.7,16.3
栗東,20260815,土,4:03,ティンクルピクシー,,牝,2,未出走,宮本博,69.8,49.9,32.6,15.9,19.9,17.3,16.7,15.9
栗東,20260815,土,4:03,バーニングソネット,,牝,2,未登録,,75.5,53.8,34.3,16.5,21.7,19.5,17.8,16.5
栗東,20260815,土,4:03,ヒラボクソライア,,牡,3,400,東田明士,68.7,49.8,32.3,15.9,18.9,17.5,16.4,15.9
栗東,20260815,土,4:03,プッシュザリミット,,牡,2,0,柴田卓,67.4,48.4,31.4,15.4,19.0,17.0,16.0,15.4
栗東,20260815,土,4:03,ペイシャマイデイズ,,牡,3,0,吉田直弘,77.3,54.0,34.4,16.7,23.3,19.6,17.7,16.7
栗東,20260815,土,4:03,ポカポカヨウキ,,牡,2,未出走,東田明士,68.0,50.3,33.1,16.3,17.7,17.2,16.8,16.3
栗東,20260815,土,4:03,メイショウリベロ,,牡,2,未出走,安達昭夫,71.3,53.3,35.6,18.1,18.0,17.7,17.5,18.1
栗東,20260815,土,4:03,ランドブレイブ,,牡,4,400,安達昭夫,75.1,54.6,35.0,16.8,20.5,19.6,18.2,16.8
栗東,20260815,土,4:03,ロードファイター,,牡,3,0,東田明士,70.5,52.8,35.2,17.8,17.7,17.6,17.4,17.8
栗東,20260815,土,4:04,アイボリータワー,,牝,2,未出走,安田翔伍,65.8,48.1,32.3,16.5,17.7,15.8,15.8,16.5
栗東,20260815,土,4:04,アスクドゥポルテ,,牡,6,2400,梅田智之,69.5,49.8,32.4,16.0,19.7,17.4,16.4,16.0
栗東,20260815,土,4:04,ガネット,,牝,2,未出走,松永幹夫,67.9,49.4,32.7,16.2,18.5,16.7,16.5,16.2
栗東,20260815,土,4:04,シルバーリム,,牝,3,400,中村直也,66.2,48.3,31.8,15.8,17.9,16.5,16.0,15.8
栗東,20260815,土,4:04,タイセイブロウ,,牡,5,400,平田修,53.8,38.8,25.5,12.9,15.0,13.3,12.6,12.9
栗東,20260815,土,4:04,ペアポルックス,,牡,5,6950,梅田智之,66.0,47.6,31.8,15.8,18.4,15.8,16.0,15.8
栗東,20260815,土,4:04,ホットロッドハート,,牡,2,0,前川恭子,66.8,48.6,32.1,15.9,18.2,16.5,16.2,15.9
栗東,20260815,土,4:04,ボーオーブ,,牡,2,未出走,安田翔伍,65.4,47.3,31.8,16.0,18.1,15.5,15.8,16.0
栗東,20260815,土,4:04,ポッドハンター,,牡,2,未出走,前川恭子,67.0,49.0,32.0,16.1,18.0,17.0,15.9,16.1
栗東,20260815,土,4:05,アストラルライト,,牝,2,未出走,安田翔伍,63.3,45.6,29.4,14.6,17.7,16.2,14.8,14.6
栗東,20260815,土,4:05,エルカミニート,,牡,2,未登録,,69.3,50.0,32.3,14.9,19.3,17.7,17.4,14.9
栗東,20260815,土,4:05,グラシアレスインク,,牡,2,未出走,安田翔伍,66.1,48.2,31.4,15.5,17.9,16.8,15.9,15.5
栗東,20260815,土,4:05,サカトクフェイス,,牡,3,0,今野貞一,67.6,49.0,31.7,15.8,18.6,17.3,15.9,15.8
栗東,20260815,土,4:05,サンライズハリー,,牡,3,0,平田修,55.4,40.5,26.3,13.2,14.9,14.2,13.1,13.2
栗東,20260815,土,4:05,シアター,,牝,5,900,茶木太樹,67.1,48.2,30.9,15.2,18.9,17.3,15.7,15.2
栗東,20260815,土,4:05,シャローフォレスト,,牝,2,0,安田翔伍,67.0,48.7,31.7,16.0,18.3,17.0,15.7,16.0
栗東,20260815,土,4:05,ステラクラウン,,牝,5,900,上村洋行,66.5,48.3,32.2,16.1,18.2,16.1,16.1,16.1
栗東,20260815,土,4:05,センターフォールド,,牝,2,未登録,,68.9,49.7,31.9,14.9,19.2,17.8,17.0,14.9
栗東,20260815,土,4:05,ソルテヴェローチェ,,牡,2,未出走,上村洋行,65.7,47.8,31.0,15.2,17.9,16.8,15.8,15.2
栗東,20260815,土,4:05,ドリームオブコージ,,牡,2,0,安田翔伍,68.6,50.5,34.0,16.4,18.1,16.5,17.6,16.4
栗東,20260815,土,4:05,ノーブルヴィジョン,,牝,2,未登録,,74.6,54.5,35.1,17.2,20.1,19.4,17.9,17.2
栗東,20260815,土,4:05,パンキー,,牡,3,0,茶木太樹,69.7,50.1,33.2,16.4,19.6,16.9,16.8,16.4
栗東,20260815,土,4:05,ビジュトリードール,,牝,2,未登録,,74.5,53.8,35.4,17.3,20.7,18.4,18.1,17.3
栗東,20260815,土,4:05,ビンドゥング,,牡,2,未登録,,68.4,50.8,33.5,17.0,17.6,17.3,16.5,17.0
栗東,20260815,土,4:05,ロードフリューゲル,,牡,3,0,上村洋行,64.7,47.2,30.5,15.7,17.5,16.7,14.8,15.7
栗東,20260815,土,4:05,ロードラムセス,,牡,2,未登録,,68.9,51.0,33.6,17.1,17.9,17.4,16.5,17.1
栗東,20260815,土,4:06,アイデア,,牡,2,未出走,中内田充,66.2,48.7,32.1,16.2,17.5,16.6,15.9,16.2
栗東,20260815,土,4:06,アグレイビューティ,,牝,3,400,上村洋行,64.1,47.3,30.9,15.1,16.8,16.4,15.8,15.1
栗東,20260815,土,4:06,アームズラムレイ,,牝,2,0,上村洋行,65.6,47.8,30.6,15.5,17.8,17.2,15.1,15.5
栗東,20260815,土,4:06,ウィスピア,,牡,3,0,小林真也,67.6,49.5,32.7,16.0,18.1,16.8,16.7,16.0
栗東,20260815,土,4:06,スイートポメロ,,牝,3,0,森田直行,66.6,49.1,32.3,15.8,17.5,16.8,16.5,15.8
栗東,20260815,土,4:06,セルヴァジオ,,牝,3,0,上村洋行,65.3,47.4,31.7,16.0,17.9,15.7,15.7,16.0
栗東,20260815,土,4:06,タガノプディング,,牝,3,0,小林真也,66.5,48.1,32.4,16.4,18.4,15.7,16.0,16.4
栗東,20260815,土,4:06,テンダーワーズ,,牝,3,0,中尾秀正,70.6,51.7,34.2,17.0,18.9,17.5,17.2,17.0
栗東,20260815,土,4:06,ビーアイフォルテ,,牝,4,900,牧田和弥,68.5,49.5,32.0,15.8,19.0,17.5,16.2,15.8
栗東,20260815,土,4:06,ブレットパス,,牡,3,900,中内田充,65.2,48.0,31.5,15.1,17.2,16.5,16.4,15.1
栗東,20260815,土,4:06,ブームバップビート,,牡,3,400,中内田充,67.0,49.2,32.4,16.2,17.8,16.8,16.2,16.2
栗東,20260815,土,4:06,ポエットリー,,牝,5,1500,平田修,67.8,49.1,31.9,15.4,18.7,17.2,16.5,15.4
栗東,20260815,土,4:06,マーゴットショット,,牡,3,0,小林真也,70.8,51.4,33.7,16.8,19.4,17.7,16.9,16.8
栗東,20260815,土,4:06,ミスヘンリー,,牝,3,400,羽月友彦,67.4,49.0,32.3,16.3,18.4,16.7,16.0,16.3
栗東,20260815,土,4:06,ミランド,,牡,3,400,小林真也,66.4,48.3,31.6,15.7,18.1,16.7,15.9,15.7
栗東,20260815,土,4:07,アロンソア,,牡,3,900,牧田和弥,68.0,48.3,31.6,15.7,19.7,16.7,15.9,15.7
栗東,20260815,土,4:07,カラクニダケ,,牡,3,400,谷潔,65.1,48.3,32.0,16.0,16.8,16.3,16.0,16.0
栗東,20260815,土,4:07,キャッスルレイク,,牝,4,900,松下武士,70.0,50.8,33.3,16.5,19.2,17.5,16.8,16.5
栗東,20260815,土,4:07,グリミスティ,,牝,3,0,森田直行,68.3,48.6,31.5,15.2,19.7,17.1,16.3,15.2
栗東,20260815,土,4:07,サンスベリア,,牝,3,0,牧田和弥,66.9,48.3,31.8,15.8,18.6,16.5,16.0,15.8
栗東,20260815,土,4:07,ダイメイプリンス,,牡,3,0,森田直行,70.6,51.4,33.5,16.6,19.2,17.9,16.9,16.6
栗東,20260815,土,4:07,ディープナイト,,牡,2,0,牧田和弥,64.5,47.2,30.8,14.7,17.3,16.4,16.1,14.7
栗東,20260815,土,4:07,ドリームリボン,,牝,2,未出走,谷潔,67.9,49.0,32.6,16.4,18.9,16.4,16.2,16.4
栗東,20260815,土,4:07,メイショウスパーク,,牡,2,未出走,飯田祐史,69.5,50.0,33.3,16.6,19.5,16.7,16.7,16.6
栗東,20260815,土,4:07,ラッキーヴォーグ,,牡,3,0,牧田和弥,68.8,49.2,32.1,16.1,19.6,17.1,16.0,16.1
栗東,20260815,土,4:07,ルーメンルーナエ,,牡,2,未出走,中内田充,66.4,48.8,32.1,16.1,17.6,16.7,16.0,16.1
栗東,20260815,土,4:07,レジェンダリーデイ,,セ,6,130,森田直行,67.8,49.4,32.5,16.5,18.4,16.9,16.0,16.5
栗東,20260815,土,4:07,ロードオールライト,,牡,5,1500,中内田充,68.9,49.9,32.6,16.4,19.0,17.3,16.2,16.4
栗東,20260815,土,4:08,オモイヲノセテ,,牝,3,400,高橋義忠,67.9,49.2,31.1,15.6,18.7,18.1,15.5,15.6
栗東,20260815,土,4:09,アメジストブリエ,,牝,3,0,武英智,52.0,38.1,25.0,13.0,13.9,13.1,12.0,13.0
栗東,20260815,土,4:09,クラリノ,,牝,3,0,武英智,52.5,38.2,25.0,12.9,14.3,13.2,12.1,12.9
栗東,20260815,土,4:09,スコーピオンイメル,,牡,4,400,武英智,53.1,38.1,25.0,12.8,15.0,13.1,12.2,12.8
栗東,20260815,土,4:09,ドラゴンウェルズ,,牡,4,5100,藤原英昭,62.3,46.3,31.8,16.4,16.0,14.5,15.4,16.4
栗東,20260815,土,4:09,ブルーストレイル,,牡,5,480,荒川義之,61.5,44.6,30.3,15.6,16.9,14.3,14.7,15.6
栗東,20260815,土,4:09,ペプチドアロン,,牡,3,0,小椋研介,67.0,47.4,30.6,15.3,19.6,16.8,15.3,15.3
栗東,20260815,土,4:09,メイショウヤーキス,,牡,5,1500,飯田祐史,70.5,51.5,33.9,16.5,19.0,17.6,17.4,16.5
栗東,20260815,土,4:09,ランウインディ,,牝,5,1500,中尾秀正,68.5,50.0,32.7,15.9,18.5,17.3,16.8,15.9
栗東,20260815,土,4:09,ラヴィニール,,牝,3,400,武英智,52.6,37.7,24.6,12.7,14.9,13.1,11.9,12.7
栗東,20260815,土,4:10,カムトゥルー,,牡,2,未出走,荒川義之,69.8,50.0,32.4,16.3,19.8,17.6,16.1,16.3
栗東,20260815,土,4:10,クルゼイロドスル,,牡,6,3700,高橋義忠,64.8,47.0,30.7,15.3,17.8,16.3,15.4,15.3
栗東,20260815,土,4:10,シンゼンクラマ,,牡,2,未出走,荒川義之,69.1,49.5,31.9,15.9,19.6,17.6,16.0,15.9
栗東,20260815,土,4:10,ダイユウアルバ,,牡,2,未登録,,70.5,51.2,34.6,17.8,19.3,16.6,16.8,17.8
栗東,20260815,土,4:10,ダノンオブアイデア,,牡,3,0,藤原英昭,72.4,51.8,33.7,16.6,20.6,18.1,17.1,16.6
栗東,20260815,土,4:10,フロムレイブン,,牝,3,400,坂口智康,75.6,53.7,35.3,17.0,21.9,18.4,18.3,17.0
栗東,20260815,土,4:10,リアライズグリント,,牡,3,1600,矢作芳人,64.2,46.1,30.2,15.2,18.1,15.9,15.0,15.2
栗東,20260815,土,4:10,リカントロポ,,牡,4,900,梅田智之,69.6,50.8,33.7,16.8,18.8,17.1,16.9,16.8
栗東,20260815,土,4:10,ロンリーマン,,牡,2,0,荒川義之,69.2,49.6,33.4,16.9,19.6,16.2,16.5,16.9
栗東,20260815,土,4:10,ローズゴジャール,,牝,4,0,荒川義之,63.2,46.8,30.3,14.8,16.4,16.5,15.5,14.8
栗東,20260815,土,4:11,オウドウ,,牝,2,未出走,大根田裕,71.5,51.5,33.2,16.6,20.0,18.3,16.6,16.6
栗東,20260815,土,4:11,カパルア,,牡,3,0,松永幹夫,66.2,48.3,32.4,16.5,17.9,15.9,15.9,16.5
栗東,20260815,土,4:11,キタノサワヤカ,,牡,4,400,吉田直弘,53.8,39.3,25.9,13.5,14.5,13.4,12.4,13.5
栗東,20260815,土,4:11,ギブリ,,牡,2,未出走,松永幹夫,67.9,50.0,32.7,16.0,17.9,17.3,16.7,16.0
栗東,20260815,土,4:11,グランシャン,,牡,3,0,松永幹夫,67.0,49.2,32.3,15.6,17.8,16.9,16.7,15.6
栗東,20260815,土,4:11,ソフィアビルド,,牡,2,未出走,藤原英昭,68.7,51.1,33.6,16.9,17.6,17.5,16.7,16.9
栗東,20260815,土,4:11,ドウジャスティ,,牡,4,400,池江泰寿,65.3,47.1,30.4,15.0,18.2,16.7,15.4,15.0
栗東,20260815,土,4:11,ナンヨーカルチャー,,牝,2,未出走,松永幹夫,68.1,50.5,33.0,16.4,17.6,17.5,16.6,16.4
栗東,20260815,土,4:11,ヤマカツチャーリー,,牡,2,未出走,大根田裕,70.4,50.7,32.6,16.4,19.7,18.1,16.2,16.4
栗東,20260815,土,4:11,ヴィスコンテッサ,,牝,3,400,松永幹夫,68.3,50.5,33.4,16.6,17.8,17.1,16.8,16.6
栗東,20260815,土,4:12,エルモサカスターノ,,牝,3,400,谷潔,71.2,51.8,33.4,16.1,19.4,18.4,17.3,16.1
栗東,20260815,土,4:12,サトノシャッツ,,牡,3,未出走,池江泰寿,68.3,49.8,32.3,15.6,18.5,17.5,16.7,15.6
栗東,20260815,土,4:12,サンデーファンデー,,牡,6,11050,東田明士,65.7,47.3,30.8,15.3,18.4,16.5,15.5,15.3
栗東,20260815,土,4:12,ジュンヴァッテッド,,牡,3,0,浜田多実,74.6,53.5,35.7,18.4,21.1,17.8,17.3,18.4
栗東,20260815,土,4:12,マテンロウブリッジ,,セ,3,0,昆貢,66.2,48.8,32.4,16.0,17.4,16.4,16.4,16.0
栗東,20260815,土,4:12,リガーレ,,牡,4,400,池江泰寿,67.5,49.3,32.0,15.6,18.2,17.3,16.4,15.6
栗東,20260815,土,4:12,ロールザダイス,,セ,4,900,池江泰寿,65.1,46.5,30.2,15.3,18.6,16.3,14.9,15.3
栗東,20260815,土,4:13,ブラストビート,,牡,3,0,浜田多実,75.3,54.3,34.8,17.2,21.0,19.5,17.6,17.2
栗東,20260815,土,4:14,アンヌグロース,,牝,3,0,松下武士,71.7,50.2,31.3,15.4,21.5,18.9,15.9,15.4
栗東,20260815,土,4:14,ガロピーネ,,牝,3,0,笹田和秀,57.5,42.9,28.7,14.7,14.6,14.2,14.0,14.7
栗東,20260815,土,4:14,クールドリオン,,牡,3,0,庄野靖志,67.1,49.2,31.6,15.4,17.9,17.6,16.2,15.4
栗東,20260815,土,4:14,コスモストーム,,牡,4,900,北出成人,70.0,50.6,33.5,16.9,19.4,17.1,16.6,16.9
栗東,20260815,土,4:14,シャインゴーツ,,牡,3,0,北出成人,69.7,49.9,32.5,15.9,19.8,17.4,16.6,15.9
栗東,20260815,土,4:14,ショウナンザナドゥ,,牝,4,3000,松下武士,68.9,50.2,32.9,16.6,18.7,17.3,16.3,16.6
栗東,20260815,土,4:14,バルセシート,,牡,3,900,松下武士,71.7,52.1,33.7,16.9,19.6,18.4,16.8,16.9
栗東,20260815,土,4:15,ウォーターパラディ,,牡,4,400,岡田稲男,66.3,47.7,31.1,15.7,18.6,16.6,15.4,15.7
栗東,20260815,土,4:15,クラッチスラッガー,,牡,3,400,池添学,66.5,47.7,31.0,15.4,18.8,16.7,15.6,15.4
栗東,20260815,土,4:15,サーブルディアマン,,牡,3,0,坂口智康,67.9,48.4,30.7,14.9,19.5,17.7,15.8,14.9
栗東,20260815,土,4:15,ゼンノフォトン,,牡,3,400,茶木太樹,73.2,51.6,32.1,15.5,21.6,19.5,16.6,15.5
栗東,20260815,土,4:15,テーオーダーウィン,,牡,2,未出走,岡田稲男,66.7,47.7,31.5,16.0,19.0,16.2,15.5,16.0
栗東,20260815,土,4:15,トウカイツバキ,,牝,3,0,北出成人,67.4,47.9,31.3,15.5,19.5,16.6,15.8,15.5
栗東,20260815,土,4:15,ヒルノプーリア,,牝,3,400,北出成人,69.5,49.4,31.6,14.9,20.1,17.8,16.7,14.9
栗東,20260815,土,4:15,ペイシャマイデイズ,,牡,3,0,吉田直弘,53.5,40.1,26.5,13.2,13.4,13.6,13.3,13.2
栗東,20260815,土,4:16,キタノトレボーネ,,牡,3,0,坂口智康,67.9,49.5,32.5,16.1,18.4,17.0,16.4,16.1
栗東,20260815,土,4:16,コト,,牝,5,1500,野中賢二,67.1,49.5,32.9,16.7,17.6,16.6,16.2,16.7
栗東,20260815,土,4:16,サトノアグード,,牡,3,400,藤原英昭,68.4,50.2,32.7,16.1,18.2,17.5,16.6,16.1
栗東,20260815,土,4:16,シャハザマーン,,牡,5,1600,藤原英昭,69.9,50.5,33.1,16.1,19.4,17.4,17.0,16.1
栗東,20260815,土,4:16,ホワイトパンサー,,牝,2,未出走,野中賢二,72.3,51.6,33.8,16.7,20.7,17.8,17.1,16.7
栗東,20260815,土,4:17,ウイントリベルガ,,牡,3,未出走,杉山晴紀,66.0,47.9,31.2,15.3,18.1,16.7,15.9,15.3
栗東,20260815,土,4:17,キタノゲートウェイ,,牡,2,未登録,,76.1,55.1,35.7,17.4,21.0,19.4,18.3,17.4
栗東,20260815,土,4:17,グレイイングリーン,,牡,8,3800,池江泰寿,65.8,48.5,32.2,16.2,17.3,16.3,16.0,16.2
栗東,20260815,土,4:17,シグロデオロ,,牡,2,未出走,平田修,67.5,48.0,30.8,15.2,19.5,17.2,15.6,15.2
栗東,20260815,土,4:17,ヒッグスボソン,,牡,3,0,高橋義忠,75.3,54.1,34.7,16.4,21.2,19.4,18.3,16.4
栗東,20260815,土,4:17,リアライズブラーヴ,,牡,3,400,杉山晴紀,68.1,49.4,33.6,16.9,18.7,15.8,16.7,16.9
栗東,20260815,土,4:17,ロードスタニング,,牡,3,400,杉山晴紀,68.0,49.7,32.9,16.3,18.3,16.8,16.6,16.3
栗東,20260815,土,4:18,アルギエバ,,牡,2,未出走,平田修,71.6,51.8,33.8,16.5,19.8,18.0,17.3,16.5
栗東,20260815,土,4:18,シャドウマスター,,牡,3,900,杉山晴紀,67.3,48.3,31.0,15.4,19.0,17.3,15.6,15.4
栗東,20260815,土,4:18,セレナオトワ,,牝,2,未登録,,68.8,50.8,33.6,16.7,18.0,17.2,16.9,16.7
栗東,20260815,土,4:18,タマモマカロン,,牝,2,未出走,緒方努,69.5,50.3,32.8,16.3,19.2,17.5,16.5,16.3
栗東,20260815,土,4:18,ハッコウイチウ,,牡,4,900,杉山晴紀,82.4,59.5,38.0,18.7,22.9,21.5,19.3,18.7
栗東,20260815,土,4:18,ハッピーブルー,,牡,3,0,緒方努,67.0,48.9,32.2,15.6,18.1,16.7,16.6,15.6
栗東,20260815,土,4:18,ビッグシーザー,,牡,6,8500,杉山晴紀,68.3,49.4,32.4,16.3,18.9,17.0,16.1,16.3
栗東,20260815,土,4:18,ピエマンソン,,牡,4,1500,平田修,66.9,47.7,31.2,15.5,19.2,16.5,15.7,15.5
栗東,20260815,土,4:19,エイシンニケ,,牝,3,0,吉村圭司,68.3,49.8,32.5,16.3,18.5,17.3,16.2,16.3
栗東,20260815,土,4:19,サンタカタリナ,,牝,3,0,杉山晴紀,69.9,49.4,32.0,15.9,20.5,17.4,16.1,15.9
栗東,20260815,土,4:19,テンカフブ,,牡,3,0,吉村圭司,66.8,47.2,30.1,14.6,19.6,17.1,15.5,14.6
栗東,20260815,土,4:19,ニシノエビガタメ,,牡,3,0,吉村圭司,66.7,47.5,30.0,14.6,19.2,17.5,15.4,14.6
栗東,20260815,土,4:19,バトルセレーネ,,牝,3,0,吉村圭司,68.4,49.4,31.9,15.9,19.0,17.5,16.0,15.9
栗東,20260815,土,4:19,ペイシャモノノフ,,牡,6,2400,畑端省吾,65.7,48.5,31.7,15.8,17.2,16.8,15.9,15.8
栗東,20260815,土,4:19,ポッピンホッピン,,牝,2,未登録,,68.6,49.6,32.4,16.3,19.0,17.2,16.1,16.3
栗東,20260815,土,4:19,リベロスピリット,,牡,2,未登録,,67.5,48.1,31.2,15.3,19.4,16.9,15.9,15.3
栗東,20260815,土,4:19,ロイドウェバー,,牡,3,0,杉山晴紀,69.2,48.5,31.4,15.6,20.7,17.1,15.8,15.6
栗東,20260815,土,4:19,ワンダーヴァレル,,牝,3,0,杉山晴紀,70.3,49.3,32.5,16.2,21.0,16.8,16.3,16.2
栗東,20260815,土,4:20,アークドール,,牡,5,1600,松永幹夫,69.2,50.9,33.4,16.5,18.3,17.5,16.9,16.5
栗東,20260815,土,4:20,エテルノアーラ,,牝,2,未登録,,67.9,49.7,33.1,16.7,18.2,16.6,16.4,16.7
栗東,20260815,土,4:20,ゴッドエスパーダ,,牡,4,1500,角田晃一,66.5,48.7,32.3,16.1,17.8,16.4,16.2,16.1
栗東,20260815,土,4:20,サトノディヴァイン,,牡,3,0,橋口慎介,72.9,52.6,34.4,17.2,20.3,18.2,17.2,17.2
栗東,20260815,土,4:20,ナムラコスモス,,牝,3,1950,大橋勇樹,69.0,50.3,33.1,16.7,18.7,17.2,16.4,16.7
栗東,20260815,土,4:20,プッシュバーン,,牡,2,未出走,羽月友彦,67.1,49.0,32.1,16.0,18.1,16.9,16.1,16.0
栗東,20260815,土,4:20,マカロンボイス,,牝,2,未登録,,77.8,56.4,36.6,18.0,21.4,19.8,18.6,18.0
栗東,20260815,土,4:20,マダムイグレイン,,牝,4,270,飯田祐史,68.9,50.5,32.7,16.4,18.4,17.8,16.3,16.4
栗東,20260815,土,4:20,メイショウヘール,,牡,5,900,大橋勇樹,70.8,51.6,33.6,16.7,19.2,18.0,16.9,16.7
栗東,20260815,土,4:20,メイショウラウルス,,牡,2,未出走,角田晃一,70.8,52.6,36.3,18.4,18.2,16.3,17.9,18.4
栗東,20260815,土,4:20,ラグナトーレ,,牝,4,80,角田晃一,67.2,48.8,31.8,15.8,18.4,17.0,16.0,15.8
栗東,20260815,土,4:20,リアルマロン,,牡,2,未出走,大橋勇樹,69.3,51.4,33.1,16.9,17.9,18.3,16.2,16.9
栗東,20260815,土,4:21,ウォーターアケビ,,牝,2,未出走,秋山真一,70.3,50.1,32.2,15.5,20.2,17.9,16.7,15.5
栗東,20260815,土,4:21,カツダルマ,,牡,2,0,秋山真一,68.8,50.1,32.2,16.1,18.7,17.9,16.1,16.1
栗東,20260815,土,4:21,スイトーヨ,,牝,2,0,角田晃一,68.0,48.2,32.1,15.6,19.8,16.1,16.5,15.6
栗東,20260815,土,4:22,ウインヘリオドール,,牡,4,80,梅田智之,68.6,50.2,32.6,16.2,18.4,17.6,16.4,16.2
栗東,20260815,土,4:22,ダンツシタン,,牡,3,1500,本田優,0.0,0.0,26.4,13.1,0.0,0.0,13.3,13.1
栗東,20260815,土,4:23,クールブロン,,牡,6,1500,井上智史,65.9,48.5,31.3,14.9,17.4,17.2,16.4,14.9
栗東,20260815,土,4:23,サウンドファイト,,牡,2,0,安達昭夫,68.8,50.0,33.1,16.6,18.8,16.9,16.5,16.6
栗東,20260815,土,4:23,ツーエムマドンナ,,牝,2,未出走,本田優,73.4,55.1,37.3,19.1,18.3,17.8,18.2,19.1
栗東,20260815,土,4:23,テイエムスターラン,,牡,3,400,小椋研介,72.1,53.1,34.9,16.7,19.0,18.2,18.2,16.7
栗東,20260815,土,4:23,メイショウラリマー,,牡,2,未出走,本田優,70.8,51.7,34.0,17.0,19.1,17.7,17.0,17.0
栗東,20260815,土,4:23,ランスオブナイト,,牡,2,未出走,本田優,71.7,53.1,35.4,17.7,18.6,17.7,17.7,17.7
栗東,20260815,土,4:24,アラビアンジョイ,,牝,3,400,高橋一哉,67.6,49.5,32.9,16.0,18.1,16.6,16.9,16.0
栗東,20260815,土,4:24,ウェンロック,,牡,3,未出走,藤岡健一,66.8,49.1,32.9,16.2,17.7,16.2,16.7,16.2
栗東,20260815,土,4:24,エテルノレガーメ,,牡,4,400,野中賢二,67.0,48.9,31.4,15.2,18.1,17.5,16.2,15.2
栗東,20260815,土,4:24,エバイダンス,,牝,3,0,鈴木孝志,71.2,51.7,33.7,16.5,19.5,18.0,17.2,16.5
栗東,20260815,土,4:24,カーリキュー,,牝,3,400,高橋一哉,69.3,50.0,32.3,16.1,19.3,17.7,16.2,16.1
栗東,20260815,土,4:24,グランメドウ,,牡,5,400,藤岡健一,67.2,49.3,32.7,16.0,17.9,16.6,16.7,16.0
栗東,20260815,土,4:24,スナークラファエロ,,セ,5,2400,野中賢二,65.4,47.7,30.9,15.2,17.7,16.8,15.7,15.2
栗東,20260815,土,4:24,チヨ,,牝,3,0,鈴木孝志,69.3,50.7,32.6,15.5,18.6,18.1,17.1,15.5
栗東,20260815,土,4:24,テムスピード,,牡,2,未出走,鈴木孝志,69.0,49.9,32.8,15.9,19.1,17.1,16.9,15.9
栗東,20260815,土,4:24,ナイスウーマン,,牝,2,未登録,,68.4,50.1,33.1,16.3,18.3,17.0,16.8,16.3
栗東,20260815,土,4:24,パシアンジェンヌ,,牝,2,未出走,鈴木孝志,74.6,54.9,35.9,17.9,19.7,19.0,18.0,17.9
栗東,20260815,土,4:24,ピースオブザライフ,,牝,6,2400,野中賢二,64.5,46.6,30.6,14.9,17.9,16.0,15.7,14.9
栗東,20260815,土,4:24,ホシヲミテルンナ,,牡,2,未出走,大根田裕,66.9,48.9,32.3,16.0,18.0,16.6,16.3,16.0
栗東,20260815,土,4:24,リオンプライム,,牝,4,0,鈴木孝志,68.4,48.8,32.2,15.5,19.6,16.6,16.7,15.5
栗東,20260815,土,4:24,ワイドシュテルケ,,牡,3,400,藤岡健一,67.0,49.1,32.9,16.9,17.9,16.2,16.0,16.9
栗東,20260815,土,4:25,クインズセレネ,,牝,5,400,野中賢二,66.1,48.2,32.0,16.0,17.9,16.2,16.0,16.0
栗東,20260815,土,4:25,サウンドシェリー,,牝,2,未出走,鈴木孝志,68.9,50.7,33.4,16.6,18.2,17.3,16.8,16.6
栗東,20260815,土,4:25,タイガースパーク,,牡,6,900,大橋勇樹,69.1,50.1,32.7,16.2,19.0,17.4,16.5,16.2
栗東,20260815,土,4:25,ブーディガ,,牝,4,400,高橋一哉,72.0,52.3,34.7,17.1,19.7,17.6,17.6,17.1
栗東,20260815,土,4:25,ルーセントムーン,,牡,3,0,高橋一哉,67.1,48.7,32.4,16.6,18.4,16.3,15.8,16.6
栗東,20260815,土,4:25,ロンドンレガシー,,牡,2,未出走,高橋一哉,69.7,50.2,32.4,15.9,19.5,17.8,16.5,15.9
栗東,20260815,土,4:26,キープカルム,,牡,5,5250,中竹和也,66.2,47.9,31.0,15.3,18.3,16.9,15.7,15.3
栗東,20260815,土,4:26,スターペスアンナ,,牝,3,0,石橋守,70.9,51.5,34.2,17.5,19.4,17.3,16.7,17.5
栗東,20260815,土,4:26,セッシュウ,,牡,3,0,石橋守,67.7,50.8,34.0,17.2,16.9,16.8,16.8,17.2
栗東,20260815,土,4:27,オプティモ,,牡,3,400,緒方努,64.8,46.9,31.2,15.4,17.9,15.7,15.8,15.4
栗東,20260815,土,4:27,プレデンシア,,牝,3,0,中尾秀正,66.9,48.7,32.2,16.1,18.2,16.5,16.1,16.1
栗東,20260815,土,4:27,マヒナピハ,,牝,2,未出走,緒方努,71.4,52.6,35.3,17.9,18.8,17.3,17.4,17.9
栗東,20260815,土,4:27,メイショウタバル,,牡,5,41650,石橋守,70.2,51.6,33.8,16.8,18.6,17.8,17.0,16.8
栗東,20260815,土,4:27,ロックウイズミー,,牡,2,未出走,緒方努,68.1,49.2,32.7,16.7,18.9,16.5,16.0,16.7
栗東,20260815,土,4:28,アクアアイ,,牝,3,400,四位洋文,67.2,48.3,31.9,15.7,18.9,16.4,16.2,15.7
栗東,20260815,土,4:28,エレガンスアスク,,牝,3,400,田中克典,66.3,48.4,32.0,16.0,17.9,16.4,16.0,16.0
栗東,20260815,土,4:28,ジョルティーニ,,牝,2,未出走,田中克典,67.1,48.7,32.4,16.3,18.4,16.3,16.1,16.3
栗東,20260815,土,4:28,セキゾウ,,牡,3,0,田中克典,68.0,48.9,32.3,16.3,19.1,16.6,16.0,16.3
栗東,20260815,土,4:28,パヴィーア,,牝,4,400,田中克典,67.2,48.5,31.5,15.8,18.7,17.0,15.7,15.8
栗東,20260815,土,4:28,メイショウコハル,,牝,3,0,四位洋文,66.4,48.4,31.1,15.1,18.0,17.3,16.0,15.1
栗東,20260815,土,4:29,タイセイカイザー,,牡,4,1500,奥村豊,65.0,46.9,31.2,15.2,18.1,15.7,16.0,15.2
栗東,20260815,土,4:29,タガノアニマシオン,,セ,4,900,奥村豊,65.5,47.9,31.6,15.9,17.6,16.3,15.7,15.9
栗東,20260815,土,4:29,ブラックシールド,,牡,7,2400,小栗実,66.8,47.8,31.3,15.4,19.0,16.5,15.9,15.4
栗東,20260815,土,4:29,ヨリノレジェンド,,牡,4,1500,奥村豊,65.1,46.9,29.9,14.4,18.2,17.0,15.5,14.4
栗東,20260815,土,4:30,グランヴィノス,,牡,6,3250,友道康夫,63.4,46.8,30.8,15.5,16.6,16.0,15.3,15.5
栗東,20260815,土,4:30,フォルナックス,,牝,3,400,奥村豊,67.2,49.9,32.8,16.6,17.3,17.1,16.2,16.6
栗東,20260815,土,4:30,マイエレメント,,牝,4,1500,福永祐一,64.3,46.7,30.8,15.7,17.6,15.9,15.1,15.7
栗東,20260815,土,4:30,ランスオブセヘル,,牝,5,900,奥村豊,65.4,47.0,31.4,16.1,18.4,15.6,15.3,16.1
栗東,20260815,土,4:30,ローズラフィネ,,牝,3,0,友道康夫,68.9,50.0,32.8,16.5,18.9,17.2,16.3,16.5
栗東,20260815,土,4:31,カウンティフェア,,牝,4,900,高野友和,70.6,52.0,33.9,16.7,18.6,18.1,17.2,16.7
栗東,20260815,土,4:31,コルソヴェローチェ,,牡,2,未出走,高野友和,71.5,52.3,33.9,16.8,19.2,18.4,17.1,16.8
栗東,20260815,土,4:31,コルレオニス,,牡,5,1500,友道康夫,66.1,47.0,31.0,15.7,19.1,16.0,15.3,15.7
栗東,20260815,土,4:31,コンゴウフジ,,牡,3,0,福永祐一,68.4,49.5,32.8,16.9,18.9,16.7,15.9,16.9
栗東,20260815,土,4:31,ジョーカー,,牡,3,0,友道康夫,65.4,47.6,31.8,16.2,17.8,15.8,15.6,16.2
栗東,20260815,土,4:31,スイープアワーズ,,牡,6,2400,宮地貴稔,63.9,46.2,30.5,15.0,17.7,15.7,15.5,15.0
栗東,20260815,土,4:31,ティフォシ,,牡,2,未出走,宮地貴稔,66.7,48.9,31.9,16.1,17.8,17.0,15.8,16.1
栗東,20260815,土,4:31,ブルーミングローズ,,牝,4,400,高野友和,72.3,52.3,34.2,16.9,20.0,18.1,17.3,16.9
栗東,20260815,土,4:31,ホールオブミラーズ,,牡,3,400,高野友和,70.2,50.8,33.4,16.5,19.4,17.4,16.9,16.5
栗東,20260815,土,4:31,マルカルーカス,,牡,2,未出走,福永祐一,69.7,50.2,32.5,16.6,19.5,17.7,15.9,16.6
栗東,20260815,土,4:31,ライノ,,セ,4,900,高野友和,71.4,51.6,33.7,16.6,19.8,17.9,17.1,16.6
栗東,20260815,土,4:32,インカルナータ,,牡,2,400,西園翔太,73.8,54.6,35.1,16.6,19.2,19.5,18.5,16.6
栗東,20260815,土,4:32,カンシン,,牡,4,2400,西園翔太,68.6,50.1,33.2,16.5,18.5,16.9,16.7,16.5
栗東,20260815,土,4:32,クロームクロス,,牡,3,0,西園翔太,67.9,50.5,33.9,17.1,17.4,16.6,16.8,17.1
栗東,20260815,土,4:32,タガノアラリア,,牡,3,2100,西園翔太,71.9,51.6,33.4,16.1,20.3,18.2,17.3,16.1
栗東,20260815,土,4:32,リリージョワ,,牝,3,2200,武幸四郎,66.8,48.1,31.3,15.8,18.7,16.8,15.5,15.8
栗東,20260815,土,4:32,レウコテア,,牝,3,0,西園翔太,68.8,50.4,33.5,16.9,18.4,16.9,16.6,16.9
栗東,20260815,土,4:33,アビラーシャ,,牡,3,400,武幸四郎,54.2,39.6,26.3,13.1,14.6,13.3,13.2,13.1
栗東,20260815,土,4:33,デュアルサイン,,牡,2,未出走,武幸四郎,69.2,50.1,32.7,16.5,19.1,17.4,16.2,16.5
栗東,20260815,土,4:33,ドゥラエテルノ,,牡,4,900,武幸四郎,65.5,47.6,31.1,15.3,17.9,16.5,15.8,15.3
栗東,20260815,土,4:33,ロングトールサリー,,牝,3,400,福永祐一,60.8,43.9,29.4,15.1,16.9,14.5,14.3,15.1
栗東,20260815,土,4:34,イクオクコウネン,,セ,3,0,斉藤崇史,70.5,51.1,33.3,16.6,19.4,17.8,16.7,16.6
栗東,20260815,土,4:34,サウンドヴィヴァン,,牡,3,0,斉藤崇史,71.0,50.9,33.3,16.3,20.1,17.6,17.0,16.3
栗東,20260815,土,4:34,シスキンブルーム,,牝,2,400,斉藤崇史,70.7,51.0,33.3,16.6,19.7,17.7,16.7,16.6
栗東,20260815,土,4:34,ナルキッソス,,牡,3,900,吉岡辰弥,50.9,36.9,24.2,12.4,14.0,12.7,11.8,12.4
栗東,20260815,土,4:34,パフュームセント,,牝,5,1000,斉藤崇史,70.6,50.8,33.4,16.5,19.8,17.4,16.9,16.5
栗東,20260815,土,4:34,ホワイトフレイムス,,牡,3,0,吉岡辰弥,51.8,37.5,24.5,12.6,14.3,13.0,11.9,12.6
栗東,20260815,土,4:34,マキシマムビスタ,,牝,4,900,斉藤崇史,70.1,50.8,33.2,16.6,19.3,17.6,16.6,16.6
栗東,20260815,土,4:34,マンナット,,牡,2,未出走,斉藤崇史,71.3,51.0,33.4,16.5,20.3,17.6,16.9,16.5
栗東,20260815,土,4:34,レッドリガーレ,,牡,3,400,斉藤崇史,70.9,50.9,33.3,16.3,20.0,17.6,17.0,16.3
栗東,20260815,土,4:34,ｹﾞﾝﾃｨｱﾅの24,,牡,2,未登録,,70.8,51.2,33.4,16.7,19.6,17.8,16.7,16.7
栗東,20260815,土,4:35,アリアニコ,,牝,2,未出走,吉岡辰弥,56.1,41.5,27.5,13.4,14.6,14.0,14.1,13.4
栗東,20260815,土,4:35,エンネ,,牝,3,1450,吉岡辰弥,55.5,41.3,27.4,13.4,14.2,13.9,14.0,13.4
栗東,20260815,土,4:35,オーロラボレアリス,,牝,3,0,吉岡辰弥,66.6,48.1,31.4,15.7,18.5,16.7,15.7,15.7
栗東,20260815,土,4:35,スレイクイーン,,牝,3,0,吉岡辰弥,64.6,47.7,30.0,14.1,16.9,17.7,15.9,14.1
栗東,20260815,土,4:36,ココロヅヨサ,,牡,3,400,田中克典,67.1,49.3,32.5,16.3,17.8,16.8,16.2,16.3
栗東,20260815,土,4:36,ゴールデンスナップ,,牝,6,2700,田中克典,65.9,48.6,32.2,16.3,17.3,16.4,15.9,16.3
栗東,20260815,土,4:38,アマノガワギンガ,,牝,3,0,畑端省吾,67.6,48.9,31.9,15.8,18.7,17.0,16.1,15.8
栗東,20260815,土,4:38,サンジルダール,,牝,3,0,牧浦充徳,74.3,54.4,36.5,18.9,19.9,17.9,17.6,18.9
栗東,20260815,土,4:38,セブンサークル,,牡,2,未出走,畑端省吾,66.7,48.3,31.2,15.4,18.4,17.1,15.8,15.4
栗東,20260815,土,4:38,ダディーズレガリア,,牡,2,未出走,畑端省吾,66.6,48.3,30.9,15.0,18.3,17.4,15.9,15.0
栗東,20260815,土,4:38,テムタワーボス,,牡,2,未出走,畑端省吾,66.4,48.3,30.8,15.1,18.1,17.5,15.7,15.1
栗東,20260815,土,4:39,ロンティケチャップ,,牡,4,400,牧田和弥,68.7,51.3,34.1,17.0,17.4,17.2,17.1,17.0
栗東,20260815,土,4:40,バケラッタ,,牡,3,400,河嶋宏樹,72.9,53.5,35.6,17.6,19.4,17.9,18.0,17.6
栗東,20260815,土,4:40,ワールドキッス,,牡,4,400,河嶋宏樹,66.4,48.3,31.3,15.3,18.1,17.0,16.0,15.3
栗東,20260815,土,4:41,ハリーケーン,,牡,4,1500,大根田裕,66.8,49.1,32.9,16.5,17.7,16.2,16.4,16.5
栗東,20260815,土,4:43,ウイングサンライズ,,牝,3,0,矢作芳人,68.4,50.6,33.5,17.0,17.8,17.1,16.5,17.0
栗東,20260815,土,4:43,リスグロワール,,牝,2,未登録,,68.3,50.1,33.3,16.8,18.2,16.8,16.5,16.8
栗東,20260815,土,4:44,クァンタムウェーブ,,牡,4,1320,松永幹夫,77.7,57.5,38.0,19.4,20.2,19.5,18.6,19.4
栗東,20260815,土,4:44,クレスコドルフィン,,牡,4,400,羽月友彦,71.5,51.3,33.5,16.5,20.2,17.8,17.0,16.5
栗東,20260815,土,4:45,ルージュルガーノ,,牝,3,0,昆貢,68.1,49.7,32.8,15.8,18.4,16.9,17.0,15.8
栗東,20260815,土,4:46,ブルクトーア,,牡,4,1500,長谷川浩,70.9,51.9,33.7,16.8,19.0,18.2,16.9,16.8
栗東,20260815,土,4:46,ヤマニンコルザ,,牝,3,0,長谷川浩,70.6,51.0,33.2,16.4,19.6,17.8,16.8,16.4
栗東,20260815,土,4:47,オーマイラッキーン,,牝,3,0,高橋康之,68.5,49.3,32.3,16.5,19.2,17.0,15.8,16.5
栗東,20260815,土,4:47,グランキングオー,,牡,4,2400,高橋康之,73.6,52.5,33.3,16.2,21.1,19.2,17.1,16.2
栗東,20260815,土,4:47,モズイージス,,牡,5,440,高橋康之,73.2,53.8,35.1,17.4,19.4,18.7,17.7,17.4
栗東,20260815,土,4:50,キョウエイクローム,,牝,3,0,森田直行,68.3,49.8,32.4,16.2,18.5,17.4,16.2,16.2
栗東,20260815,土,4:50,クルクルミラクル,,牝,2,未出走,森田直行,70.0,50.6,33.3,16.8,19.4,17.3,16.5,16.8
栗東,20260815,土,4:50,ラピス,,牝,3,0,安田翔伍,75.3,56.0,36.8,18.4,19.3,19.2,18.4,18.4
栗東,20260815,土,4:50,リボンインザスカイ,,牝,3,0,安田翔伍,66.5,48.8,31.2,15.8,17.7,17.6,15.4,15.8
栗東,20260815,土,4:51,サンジルダール,,牝,3,0,牧浦充徳,68.1,50.2,33.1,17.1,17.9,17.1,16.0,17.1
栗東,20260815,土,4:51,フェスティヴドレス,,牝,3,900,岡田稲男,68.4,50.1,33.0,16.6,18.3,17.1,16.4,16.6
栗東,20260815,土,4:51,マヴィ,,牝,3,900,牧浦充徳,64.7,47.0,31.1,15.6,17.7,15.9,15.5,15.6
栗東,20260815,土,4:52,ウインクローバー,,牝,2,0,宮本博,70.7,51.7,34.0,17.7,19.0,17.7,16.3,17.7
栗東,20260815,土,4:52,サーディンラン,,牡,3,900,武英智,52.4,37.9,24.6,12.3,14.5,13.3,12.3,12.3
栗東,20260815,土,4:52,セイウンダイフク,,牡,3,0,宮本博,71.5,51.8,33.8,16.4,19.7,18.0,17.4,16.4
栗東,20260815,土,4:52,トップチェッカー,,牡,2,400,武英智,53.3,38.4,24.8,12.3,14.9,13.6,12.5,12.3
栗東,20260815,土,4:52,ブラッドムーン,,牝,3,400,宮本博,70.5,51.3,33.4,16.8,19.2,17.9,16.6,16.8
栗東,20260815,土,4:53,タイセイブレイズ,,牡,8,2360,牧浦充徳,69.4,51.2,33.6,16.7,18.2,17.6,16.9,16.7
栗東,20260815,土,4:53,テーオーシュテルン,,牡,3,0,梅田智之,73.1,53.0,34.6,17.0,20.1,18.4,17.6,17.0
栗東,20260815,土,4:53,ハピ,,牡,7,4800,大久保龍,65.0,46.9,30.6,15.1,18.1,16.3,15.5,15.1
栗東,20260815,土,4:53,メイショウナナユキ,,牝,3,400,牧浦充徳,67.2,49.8,32.4,15.9,17.4,17.4,16.5,15.9
栗東,20260815,土,4:54,アスクキングコング,,セ,8,900,梅田智之,76.2,56.4,37.8,18.6,19.8,18.6,19.2,18.6
栗東,20260815,土,4:54,カルネアデス,,牡,2,未登録,,68.1,50.4,32.5,16.1,17.7,17.9,16.4,16.1
栗東,20260815,土,4:54,クインオブデザート,,牝,2,未登録,,68.3,50.0,32.6,15.9,18.3,17.4,16.7,15.9
栗東,20260815,土,4:54,ケイアイマウンガ,,牡,4,180,宮本博,68.2,48.9,31.2,14.8,19.3,17.7,16.4,14.8
栗東,20260815,土,4:54,サイモンノーブル,,牡,4,0,梅田智之,77.9,56.4,37.6,18.5,21.5,18.8,19.1,18.5
栗東,20260815,土,4:54,シェーラ,,牝,4,400,牧田和弥,69.0,49.7,32.4,16.0,19.3,17.3,16.4,16.0
栗東,20260815,土,4:54,ジャスティンゴッホ,,牡,3,0,茶木太樹,70.3,51.1,33.5,16.8,19.2,17.6,16.7,16.8
栗東,20260815,土,4:54,ノボリジャズダンス,,牝,2,未登録,,71.9,52.2,34.5,17.1,19.7,17.7,17.4,17.1
栗東,20260815,土,4:54,メイショウキレイ,,牝,2,未登録,,68.4,50.0,32.6,15.9,18.4,17.4,16.7,15.9
栗東,20260815,土,4:54,メイショウホクト,,牡,2,未登録,,71.9,52.2,34.5,17.1,19.7,17.7,17.4,17.1
栗東,20260815,土,4:55,アヤノ,,牝,2,未出走,大久保龍,67.1,48.8,32.4,16.0,18.3,16.4,16.4,16.0
栗東,20260815,土,4:55,エコロガルダ,,牡,3,0,大久保龍,68.1,49.9,33.0,16.5,18.2,16.9,16.5,16.5
栗東,20260815,土,4:55,スマートプリエール,,牝,3,2300,大久保龍,66.9,48.6,32.3,15.7,18.3,16.3,16.6,15.7
栗東,20260815,土,4:55,ドリーペイル,,牡,2,0,佐藤悠太,64.8,45.8,28.6,13.9,19.0,17.2,14.7,13.9
栗東,20260815,土,4:55,パルフェクシオン,,牝,2,未出走,大久保龍,66.4,48.6,31.8,16.1,17.8,16.8,15.7,16.1
栗東,20260815,土,4:55,ビクスバイト,,牝,3,0,佐藤悠太,67.5,48.9,32.3,16.0,18.6,16.6,16.3,16.0
栗東,20260815,土,4:55,ビスケットサンド,,牝,2,400,佐藤悠太,72.6,51.9,34.0,16.3,20.7,17.9,17.7,16.3
栗東,20260815,土,4:55,ロードプレジール,,牡,8,2400,佐藤悠太,67.2,48.8,31.2,15.6,18.4,17.6,15.6,15.6
栗東,20260815,土,4:56,ウィリーウィリー,,牡,2,未登録,,66.3,48.9,32.8,16.5,17.4,16.1,16.3,16.5
栗東,20260815,土,4:56,カフジポポー,,牡,2,未出走,森田直行,71.1,51.5,34.0,17.0,19.6,17.5,17.0,17.0
栗東,20260815,土,4:56,グランエール,,牝,2,未出走,高柳大輔,69.2,50.3,32.9,16.3,18.9,17.4,16.6,16.3
栗東,20260815,土,4:56,レッドプロフェシー,,牡,6,2400,大久保龍,64.3,47.1,31.2,15.8,17.2,15.9,15.4,15.8
栗東,20260815,土,4:57,テーオータイガー,,牡,2,未登録,,69.2,51.4,34.2,17.5,17.8,17.2,16.7,17.5
栗東,20260815,土,4:57,パラディオン,,牡,3,400,高柳大輔,67.4,49.6,32.8,16.8,17.8,16.8,16.0,16.8
栗東,20260815,土,4:59,ベルラフィネ,,牝,3,0,岡田稲男,68.1,49.7,32.8,16.9,18.4,16.9,15.9,16.9
栗東,20260815,土,4:59,ボビーザグレート,,牡,2,0,柴田卓,67.9,50.5,32.8,16.3,17.4,17.7,16.5,16.3
栗東,20260815,土,5:00,ジャスパートレノ,,牡,2,400,森秀行,71.1,51.9,34.1,17.2,19.2,17.8,16.9,17.2
栗東,20260815,土,5:00,フロムダスク,,牡,6,4100,森秀行,66.6,48.7,32.5,16.0,17.9,16.2,16.5,16.0
栗東,20260815,土,5:00,モノホンプレイヤー,,牡,2,0,森秀行,67.2,50.0,33.3,16.2,17.2,16.7,17.1,16.2
栗東,20260815,土,5:01,ウルスチャージ,,牡,2,未出走,大橋勇樹,78.9,58.3,38.2,18.9,20.6,20.1,19.3,18.9
栗東,20260815,土,5:01,キングメーカー,,牡,4,1500,須貝尚介,60.9,43.2,28.6,14.1,17.7,14.6,14.5,14.1
栗東,20260815,土,5:01,バチラ,,牡,3,0,須貝尚介,69.1,49.7,32.0,16.1,19.4,17.7,15.9,16.1
栗東,20260815,土,5:01,パストザクラウン,,牝,2,0,高橋義忠,68.9,50.9,34.0,17.2,18.0,16.9,16.8,17.2
栗東,20260815,土,5:01,プールナバドラ,,牡,3,400,森秀行,70.7,50.8,32.9,15.6,19.9,17.9,17.3,15.6
栗東,20260815,土,5:01,ホウオウタイタン,,牝,4,900,須貝尚介,64.3,46.4,29.5,14.5,17.9,16.9,15.0,14.5
栗東,20260815,土,5:01,ロードオルデン,,牡,7,900,辻野泰之,64.7,47.8,31.1,15.6,16.9,16.7,15.5,15.6
栗東,20260815,土,5:02,アロマフェリス,,牝,4,500,辻野泰之,66.1,47.7,30.8,15.2,18.4,16.9,15.6,15.2
栗東,20260815,土,5:02,ジョワイユノエル,,牝,4,400,辻野泰之,66.8,48.7,31.6,15.8,18.1,17.1,15.8,15.8
栗東,20260815,土,5:02,リアンクトワ,,牝,5,400,辻野泰之,64.7,47.7,31.7,16.1,17.0,16.0,15.6,16.1
栗東,20260815,土,5:02,ロンポワン,,牝,3,0,辻野泰之,65.7,48.7,32.5,16.5,17.0,16.2,16.0,16.5
栗東,20260815,土,5:03,ブロッサムスピア,,牡,2,未出走,藤岡健一,63.0,45.9,30.0,15.1,17.1,15.9,14.9,15.1
栗東,20260815,土,5:04,ガロンヌ,,牡,5,2500,上村洋行,68.5,49.4,32.8,16.8,19.1,16.6,16.0,16.8
栗東,20260815,土,5:04,ヤンキーバローズ,,牡,4,2450,上村洋行,68.8,49.8,32.6,16.0,19.0,17.2,16.6,16.0
栗東,20260815,土,5:05,エイダンバローズ,,牡,2,未出走,上村洋行,68.6,50.4,32.6,15.8,18.2,17.8,16.8,15.8
栗東,20260815,土,5:05,カズタンジャー,,牡,5,4420,新谷功一,61.7,45.1,29.6,14.7,16.6,15.5,14.9,14.7
栗東,20260815,土,5:05,シーズザスローン,,牡,3,1500,松永幹夫,64.7,47.1,31.3,15.8,17.6,15.8,15.5,15.8
栗東,20260815,土,5:05,ツーエムクロノス,,牡,4,900,本田優,70.4,51.3,34.0,17.2,19.1,17.3,16.8,17.2
栗東,20260815,土,5:05,マイシドニー,,牡,3,0,新谷功一,66.6,49.6,32.7,16.7,17.0,16.9,16.0,16.7
栗東,20260815,土,5:05,マイフレダ,,牝,2,未出走,井上智史,65.7,48.7,32.6,16.6,17.0,16.1,16.0,16.6
栗東,20260815,土,5:05,ルクスアルカード,,牡,2,未出走,上村洋行,72.2,53.0,36.1,18.6,19.2,16.9,17.5,18.6
栗東,20260815,土,5:05,ロザーンジュ,,牝,3,400,寺島良,65.1,49.1,33.1,16.8,16.0,16.0,16.3,16.8
栗東,20260815,土,5:06,イッタレイッタレ,,セ,3,0,寺島良,65.3,47.2,30.2,14.8,18.1,17.0,15.4,14.8
栗東,20260815,土,5:06,グランワールド,,牡,3,0,新谷功一,70.6,52.1,33.9,16.8,18.5,18.2,17.1,16.8
栗東,20260815,土,5:06,ハギノコラソン,,牝,4,900,寺島良,66.5,47.9,31.2,14.9,18.6,16.7,16.3,14.9
栗東,20260815,土,5:06,ハルカカナタ,,牝,2,0,秋山真一,69.7,49.7,32.2,15.6,20.0,17.5,16.6,15.6
栗東,20260815,土,5:06,パンサーズ,,牡,3,0,今野貞一,67.0,48.8,31.5,14.7,18.2,17.3,16.8,14.7
栗東,20260815,土,5:06,プルートマスター,,牡,7,1500,今野貞一,70.3,51.2,33.5,16.2,19.1,17.7,17.3,16.2
栗東,20260815,土,5:06,ミニュイ,,牡,3,0,秋山真一,68.7,50.1,32.8,16.1,18.6,17.3,16.7,16.1
栗東,20260815,土,5:06,ラガッタレアーレ,,牝,2,未出走,秋山真一,69.8,50.4,32.8,16.5,19.4,17.6,16.3,16.5
栗東,20260815,土,5:06,ルヴァンタドゥール,,牡,2,未出走,秋山真一,70.4,51.6,34.0,17.9,18.8,17.6,16.1,17.9
栗東,20260815,土,5:07,シブレット,,牝,2,未出走,寺島良,64.7,46.9,31.2,15.8,17.8,15.7,15.4,15.8
栗東,20260815,土,5:07,レディーミコノス,,牝,4,1500,寺島良,68.0,48.9,31.2,15.1,19.1,17.7,16.1,15.1
栗東,20260815,土,5:08,タイセイグローバル,,牡,3,0,小林真也,64.7,47.4,31.0,15.7,17.3,16.4,15.3,15.7
栗東,20260815,土,5:08,リアルメッセージ,,牡,2,0,小林真也,66.7,48.4,31.7,15.9,18.3,16.7,15.8,15.9
栗東,20260815,土,5:09,コレオシークエンス,,牡,3,400,佐藤悠太,70.7,51.0,33.2,16.3,19.7,17.8,16.9,16.3
栗東,20260815,土,5:09,ロードマイライフ,,牡,5,1500,佐藤悠太,66.8,48.0,30.9,14.7,18.8,17.1,16.2,14.7
栗東,20260815,土,5:11,シゲルソロソロ,,牝,6,1500,谷潔,68.5,50.9,34.2,17.4,17.6,16.7,16.8,17.4
栗東,20260815,土,5:12,エナスティール,,牝,3,0,小崎憲,64.8,46.9,30.9,15.4,17.9,16.0,15.5,15.4
栗東,20260815,土,5:12,ゴルディアス,,牡,2,0,小崎憲,65.6,48.3,32.5,16.5,17.3,15.8,16.0,16.5
栗東,20260815,土,5:12,チュウワメロディー,,牡,3,0,小崎憲,65.5,47.2,31.8,16.7,18.3,15.4,15.1,16.7
栗東,20260815,土,5:12,ハツアカネ,,牝,3,0,小崎憲,64.8,47.6,31.7,15.7,17.2,15.9,16.0,15.7
栗東,20260815,土,5:12,ベストレイク,,牝,3,0,小崎憲,69.5,52.0,34.7,17.3,17.5,17.3,17.4,17.3
栗東,20260815,土,5:13,システマソラー,,牡,3,900,橋田宜長,66.6,48.9,31.9,15.6,17.7,17.0,16.3,15.6
栗東,20260815,土,5:13,ソウルオンファイア,,牝,3,1500,野中賢二,68.2,50.5,33.5,16.4,17.7,17.0,17.1,16.4
栗東,20260815,土,5:13,パシフィックドーン,,牡,3,未出走,池添学,68.2,49.7,32.5,16.2,18.5,17.2,16.3,16.2
栗東,20260815,土,5:16,アンジェリカ,,牝,2,未出走,大根田裕,68.4,51.0,34.0,17.2,17.4,17.0,16.8,17.2
栗東,20260815,土,5:16,アーデルリーベ,,牝,4,400,斉藤崇史,71.5,51.1,33.3,16.4,20.4,17.8,16.9,16.4
栗東,20260815,土,5:16,オリバナム,,牝,4,900,斉藤崇史,71.6,51.1,33.3,16.4,20.5,17.8,16.9,16.4
栗東,20260815,土,5:16,キリマンジェロタフ,,牡,2,未出走,橋口慎介,71.1,52.3,33.8,16.8,18.8,18.5,17.0,16.8
栗東,20260815,土,5:16,サンデー,,牝,2,未登録,,72.5,53.1,34.7,17.0,19.4,18.4,17.7,17.0
栗東,20260815,土,5:16,バッハアルプゼー,,牡,4,900,橋口慎介,70.4,50.3,32.2,15.8,20.1,18.1,16.4,15.8
栗東,20260815,土,5:16,ヘヴンインザレイン,,牝,2,未登録,,69.3,52.1,33.8,16.6,17.2,18.3,17.2,16.6
栗東,20260815,土,5:16,マリーヌ,,牝,4,400,斉藤崇史,68.2,50.2,33.1,16.3,18.0,17.1,16.8,16.3
栗東,20260815,土,5:17,ラケマーダ,,牡,6,3800,千田輝彦,67.2,48.7,31.5,15.2,18.5,17.2,16.3,15.2
栗東,20260815,土,5:18,ジャーヴィス,,牡,6,1500,千田輝彦,69.8,52.1,35.2,18.2,17.7,16.9,17.0,18.2
栗東,20260815,土,5:18,ダノンステート,,牡,3,0,千田輝彦,71.5,52.0,34.1,16.8,19.5,17.9,17.3,16.8
栗東,20260815,土,5:18,ビンチャリ,,牝,2,未出走,千田輝彦,69.6,50.8,33.1,16.2,18.8,17.7,16.9,16.2
栗東,20260815,土,5:18,ボールドペイト,,牡,3,0,千田輝彦,79.1,59.0,39.4,20.0,20.1,19.6,19.4,20.0
栗東,20260815,土,5:18,ラミエルノムスコ,,牡,3,0,千田輝彦,75.5,56.6,38.4,19.4,18.9,18.2,19.0,19.4
栗東,20260815,土,5:18,ルクスノア,,牝,5,400,平田修,52.4,37.5,25.1,13.2,14.9,12.4,11.9,13.2
栗東,20260815,土,5:18,ワールドエンデバー,,牡,2,未登録,,78.4,58.5,39.3,19.8,19.9,19.2,19.5,19.8
栗東,20260815,土,5:21,ナムラメアリー,,牝,2,0,鈴木孝志,70.9,51.6,33.5,16.1,19.3,18.1,17.4,16.1
栗東,20260815,土,5:23,ノブレスラブリエ,,牝,3,0,西園翔太,67.9,50.6,33.6,16.9,17.3,17.0,16.7,16.9
栗東,20260815,土,5:23,リピ,,牝,3,400,西園翔太,67.5,49.8,33.3,16.6,17.7,16.5,16.7,16.6
栗東,20260815,土,5:24,ナムラヴンダー,,牡,3,0,河嶋宏樹,71.8,52.6,34.5,17.1,19.2,18.1,17.4,17.1
栗東,20260815,土,5:25,ショーダンサー,,牡,4,900,大根田裕,68.5,50.9,33.8,16.8,17.6,17.1,17.0,16.8
栗東,20260815,土,5:25,ジュエルサンライズ,,牝,3,0,東田明士,78.2,56.6,37.0,17.5,21.6,19.6,19.5,17.5
栗東,20260815,土,5:25,ラテライト,,牝,4,0,橋田宜長,67.8,49.0,31.1,15.0,18.8,17.9,16.1,15.0
栗東,20260815,土,5:26,マリアナトレンチ,,牡,6,2400,東田明士,64.6,47.1,30.4,14.8,17.5,16.7,15.6,14.8
栗東,20260815,土,5:26,ラインオブソウル,,牡,7,2400,東田明士,65.6,47.5,30.6,15.3,18.1,16.9,15.3,15.3
栗東,20260815,土,5:26,リンフレスカンテ,,牡,8,1500,宮本博,66.4,48.2,31.7,15.8,18.2,16.5,15.9,15.8
栗東,20260815,土,5:27,サヨノパララックス,,牡,3,400,羽月友彦,69.4,50.3,32.8,16.2,19.1,17.5,16.6,16.2
栗東,20260815,土,5:27,サンライズブレイド,,牡,2,未出走,羽月友彦,73.6,54.2,36.1,18.0,19.4,18.1,18.1,18.0
栗東,20260815,土,5:27,メイショウハネウマ,,牝,3,0,笹田和秀,63.7,46.7,30.7,15.3,17.0,16.0,15.4,15.3
栗東,20260815,土,5:27,メイショウピュルテ,,牝,3,0,笹田和秀,65.2,48.4,32.1,15.9,16.8,16.3,16.2,15.9
栗東,20260815,土,5:27,レイアン,,牝,3,0,笹田和秀,75.4,55.8,36.6,18.5,19.6,19.2,18.1,18.5
栗東,20260815,土,5:28,アメリカンステラ,,牡,2,未出走,中内田充,64.5,48.2,31.7,15.5,16.3,16.5,16.2,15.5
栗東,20260815,土,5:28,イミュータブル,,牡,6,1500,浜田多実,73.8,53.7,35.6,18.3,20.1,18.1,17.3,18.3
栗東,20260815,土,5:28,エイダンバローズ,,牡,2,未出走,上村洋行,63.8,45.8,30.5,15.3,18.0,15.3,15.2,15.3
栗東,20260815,土,5:28,ガロンヌ,,牡,5,2500,上村洋行,62.7,45.9,30.1,15.0,16.8,15.8,15.1,15.0
栗東,20260815,土,5:28,ゴールデンドラゴン,,牡,3,0,宮本博,68.8,50.6,33.3,17.1,18.2,17.3,16.2,17.1
栗東,20260815,土,5:28,ステイクオール,,セ,4,400,上村洋行,65.1,47.1,30.8,15.1,18.0,16.3,15.7,15.1
栗東,20260815,土,5:28,トリポリタニア,,牡,4,2400,上村洋行,65.4,48.4,31.3,15.3,17.0,17.1,16.0,15.3
栗東,20260815,土,5:28,ドラヴァッシュ,,牡,2,未出走,中内田充,66.3,49.0,32.3,16.1,17.3,16.7,16.2,16.1
栗東,20260815,土,5:28,ヤンキーバローズ,,牡,4,2450,上村洋行,62.7,46.1,30.2,14.9,16.6,15.9,15.3,14.9
栗東,20260815,土,5:28,ルクスアルカード,,牡,2,未出走,上村洋行,64.3,47.4,31.3,15.7,16.9,16.1,15.6,15.7
栗東,20260815,土,5:29,ジュンヴァグネル,,牡,2,0,浜田多実,70.4,51.1,32.8,16.2,19.3,18.3,16.6,16.2
栗東,20260815,土,5:29,ニシノジェダイ,,牡,4,900,宮本博,68.1,49.0,31.8,15.7,19.1,17.2,16.1,15.7
栗東,20260815,土,5:30,ウインデイジー,,牝,5,1500,宮徹,67.0,48.7,31.8,16.1,18.3,16.9,15.7,16.1
栗東,20260815,土,5:31,ジャスティンアポロ,,牡,3,0,茶木太樹,68.2,49.8,32.7,16.3,18.4,17.1,16.4,16.3
栗東,20260815,土,5:33,インジケーター,,牡,5,1220,高橋康之,66.3,48.4,32.1,16.1,17.9,16.3,16.0,16.1
栗東,20260815,土,5:33,スリールミニョン,,牝,4,2500,高橋康之,66.8,47.8,30.8,15.0,19.0,17.0,15.8,15.0
栗東,20260815,土,5:33,フィラーエ,,牝,3,400,高橋康之,68.6,49.9,32.3,16.0,18.7,17.6,16.3,16.0
栗東,20260815,土,5:35,ジョイフルサンデー,,牡,3,0,宮徹,67.0,49.6,32.5,16.5,17.4,17.1,16.0,16.5
栗東,20260815,土,5:35,マダムカマラード,,牝,3,400,宮徹,62.7,45.6,29.7,14.9,17.1,15.9,14.8,14.9
栗東,20260815,土,5:36,エーテルワーム,,牡,2,未出走,杉山晴紀,70.1,53.1,35.6,17.1,17.0,17.5,18.5,17.1
栗東,20260815,土,5:36,サトノシャイニング,,牡,4,3200,杉山晴紀,69.2,50.1,32.5,15.7,19.1,17.6,16.8,15.7
栗東,20260815,土,5:36,シュブスタンス,,牡,2,未登録,,73.8,53.2,35.4,18.0,20.6,17.8,17.4,18.0
栗東,20260815,土,5:36,タイセイドゥマーニ,,牡,3,0,杉山晴紀,69.5,50.7,33.2,15.9,18.8,17.5,17.3,15.9
栗東,20260815,土,5:36,ダノンモンテローザ,,セ,5,620,茶木太樹,66.1,48.3,32.5,15.8,17.8,15.8,16.7,15.8
栗東,20260815,土,5:36,ブラッドバローズ,,牡,2,未出走,杉山晴紀,78.8,54.5,34.1,16.5,24.3,20.4,17.6,16.5
栗東,20260815,土,5:36,ベルウッドワタル,,牡,2,未登録,,73.9,52.7,35.6,17.3,21.2,17.1,18.3,17.3
栗東,20260815,土,5:36,マテンロウコマンド,,牡,4,8820,長谷川浩,65.4,49.3,32.4,16.1,16.1,16.9,16.3,16.1
栗東,20260815,土,5:36,メイショウナナシロ,,牡,3,0,石橋守,66.8,48.9,32.1,15.7,17.9,16.8,16.4,15.7
栗東,20260815,土,5:37,フリーレイン,,牝,2,未出走,角田晃一,66.2,48.2,31.3,15.0,18.0,16.9,16.3,15.0
栗東,20260815,土,5:37,ヤマニンアルセド,,牝,2,0,長谷川浩,65.9,48.3,31.5,15.7,17.6,16.8,15.8,15.7
栗東,20260815,土,5:37,ロードメルヴェイユ,,牡,3,400,長谷川浩,67.7,50.8,34.3,17.3,16.9,16.5,17.0,17.3
栗東,20260815,土,5:37,ヴェントインコーダ,,牝,4,900,角田晃一,64.9,47.9,31.0,15.2,17.0,16.9,15.8,15.2
栗東,20260815,土,5:39,ヴェルジーネ,,牝,3,400,宮地貴稔,63.6,46.8,30.6,15.3,16.8,16.2,15.3,15.3
栗東,20260815,土,5:40,タンバゲッコー,,牡,2,未登録,,80.4,59.6,40.0,20.0,20.8,19.6,20.0,20.0
栗東,20260815,土,5:40,ダイシンレジウス,,牡,2,未出走,梅田智之,73.5,53.2,34.4,16.7,20.3,18.8,17.7,16.7
栗東,20260815,土,5:40,テーオーシュタイン,,牡,4,900,梅田智之,70.1,50.2,32.7,16.1,19.9,17.5,16.6,16.1
栗東,20260815,土,5:41,トライアンフパス,,牝,3,900,宮徹,72.4,52.7,34.5,17.2,19.7,18.2,17.3,17.2
栗東,20260815,土,5:41,ピーコパーコ,,牡,2,未出走,牧田和弥,63.6,47.1,31.7,16.4,16.5,15.4,15.3,16.4
栗東,20260815,土,5:41,ラインエレガント,,牝,2,0,牧田和弥,64.6,48.1,32.4,16.2,16.5,15.7,16.2,16.2
栗東,20260815,土,5:42,アスクブームキセキ,,牡,3,0,藤原英昭,73.4,53.6,35.2,17.2,19.8,18.4,18.0,17.2
栗東,20260815,土,5:44,キタノアンドレイ,,牡,3,0,秋山真一,69.5,51.2,34.0,17.5,18.3,17.2,16.5,17.5
栗東,20260815,土,5:44,ナデシコザクラ,,牝,3,0,秋山真一,64.9,46.7,29.7,14.6,18.2,17.0,15.1,14.6
栗東,20260815,土,5:44,ハグレジョー,,牡,3,400,岡田稲男,68.6,49.1,32.0,15.7,19.5,17.1,16.3,15.7
栗東,20260815,土,5:45,ハッピーラブソング,,牝,3,400,牧浦充徳,65.0,48.3,31.0,14.9,16.7,17.3,16.1,14.9
栗東,20260815,土,5:47,ミッキーギャラン,,牡,3,未登録,,57.7,42.6,27.4,13.5,15.1,15.2,13.9,13.5
栗東,20260815,土,5:48,エルハーベン,,牡,3,400,藤岡健一,64.3,48.6,33.1,16.6,15.7,15.5,16.5,16.6
栗東,20260815,土,5:49,エムズグレイ,,牡,2,未出走,友道康夫,64.5,47.5,31.0,15.2,17.0,16.5,15.8,15.2
栗東,20260815,土,5:49,クイックバイオ,,牝,5,1000,畑端省吾,66.6,47.9,31.3,15.5,18.7,16.6,15.8,15.5
栗東,20260815,土,5:49,クボウサマ,,セ,3,0,庄野靖志,66.1,49.2,32.5,16.4,16.9,16.7,16.1,16.4
栗東,20260815,土,5:49,サトノステラ,,牡,2,未出走,友道康夫,65.0,48.4,31.8,15.6,16.6,16.6,16.2,15.6
栗東,20260815,土,5:49,シーザットガール,,牝,2,未出走,畑端省吾,65.3,48.5,31.9,15.8,16.8,16.6,16.1,15.8
栗東,20260815,土,5:49,スマートグロワール,,牡,3,400,畑端省吾,64.0,47.2,31.0,15.3,16.8,16.2,15.7,15.3
栗東,20260815,土,5:49,マジョレルブルー,,牡,3,900,友道康夫,63.4,47.4,32.3,16.6,16.0,15.1,15.7,16.6
栗東,20260815,土,5:50,ルナフィオーレ,,牝,3,0,庄野靖志,67.2,49.3,32.4,16.0,17.9,16.9,16.4,16.0
栗東,20260815,土,5:51,ゴッドブルービー,,牡,6,2400,角田晃一,64.7,47.4,31.8,15.9,17.3,15.6,15.9,15.9
栗東,20260815,土,5:51,メイショウカシワデ,,牡,5,1500,角田晃一,67.7,48.4,31.0,14.9,19.3,17.4,16.1,14.9
栗東,20260815,土,5:52,アトモス,,牡,3,400,角田晃一,63.2,46.8,31.6,16.5,16.4,15.2,15.1,16.5
栗東,20260815,土,5:52,カフジエメンタール,,牡,3,1000,矢作芳人,64.8,47.8,31.8,16.0,17.0,16.0,15.8,16.0
栗東,20260815,土,5:52,タイセイリアル,,牡,5,400,矢作芳人,68.4,51.0,34.0,17.3,17.4,17.0,16.7,17.3
栗東,20260815,土,5:52,タイヴァス,,牡,2,未出走,矢作芳人,64.4,47.9,32.0,15.8,16.5,15.9,16.2,15.8
栗東,20260815,土,5:52,タガノフリアン,,牡,2,未登録,,66.8,49.3,32.8,16.4,17.5,16.5,16.4,16.4
栗東,20260815,土,5:52,フィドルファドル,,牝,4,900,矢作芳人,64.4,47.5,31.5,15.9,16.9,16.0,15.6,15.9
栗東,20260815,土,5:53,ダイメイアゲイン,,牡,2,0,秋山真一,67.9,50.8,34.0,17.0,17.1,16.8,17.0,17.0
栗東,20260815,土,5:54,ビルンバウム,,セ,5,900,渡辺薫彦,68.1,50.1,33.0,16.3,18.0,17.1,16.7,16.3
栗東,20260815,土,5:55,バスタードサフラン,,牝,5,2400,渡辺薫彦,65.5,48.9,32.6,16.4,16.6,16.3,16.2,16.4
栗東,20260815,土,5:55,リトムテール,,牝,4,130,渡辺薫彦,67.4,47.4,30.6,15.3,20.0,16.8,15.3,15.3
栗東,20260815,土,5:56,コルドンブルー,,牝,4,900,松永幹夫,61.7,45.2,29.6,14.5,16.5,15.6,15.1,14.5
栗東,20260815,土,5:56,トゥスコラーナ,,牝,3,0,松永幹夫,64.0,45.6,28.8,14.1,18.4,16.8,14.7,14.1
栗東,20260815,土,5:56,ミッキーマーメイド,,牝,3,400,福永祐一,61.0,44.7,29.4,14.4,16.3,15.3,15.0,14.4
栗東,20260815,土,5:57,クラテロス,,牝,3,0,寺島良,69.1,50.1,32.3,16.0,19.0,17.8,16.3,16.0
栗東,20260815,土,5:57,ランフォーヴァウ,,牝,4,3700,福永祐一,87.7,62.6,40.5,19.6,25.1,22.1,20.9,19.6
栗東,20260815,土,5:58,ヴィヴェローネ,,牝,2,0,高野友和,70.7,51.9,33.5,16.1,18.8,18.4,17.4,16.1
栗東,20260815,土,5:59,アリストクラシア,,牝,5,400,吉岡辰弥,64.4,47.0,30.3,14.7,17.4,16.7,15.6,14.7
栗東,20260815,土,5:59,エーデルヴェーグ,,牝,4,900,田中克典,76.8,56.3,36.6,18.0,20.5,19.7,18.6,18.0
栗東,20260815,土,5:59,サルタラリンダ,,牝,3,0,橋田宜長,67.0,49.3,32.0,15.8,17.7,17.3,16.2,15.8
栗東,20260815,土,5:59,シートゥサミット,,牡,3,400,吉岡辰弥,62.6,46.2,30.0,15.0,16.4,16.2,15.0,15.0
栗東,20260815,土,5:59,ダンデノン,,牝,3,400,田中克典,65.6,47.1,30.5,14.8,18.5,16.6,15.7,14.8
栗東,20260815,土,5:59,トラッドロア,,牝,3,0,高野友和,70.0,51.1,33.1,16.1,18.9,18.0,17.0,16.1
栗東,20260815,土,5:59,ハギノサステナブル,,牡,6,2400,高野友和,69.7,50.3,32.5,15.7,19.4,17.8,16.8,15.7
栗東,20260815,土,5:59,ハートノート,,牝,2,未出走,高野友和,69.7,50.7,32.9,15.8,19.0,17.8,17.1,15.8
栗東,20260815,土,5:59,ブレイズフォート,,牡,2,未出走,高野友和,69.7,50.1,32.7,16.1,19.6,17.4,16.6,16.1
栗東,20260815,土,5:59,プリンキピッサ,,牝,2,0,高野友和,68.5,49.4,31.9,15.5,19.1,17.5,16.4,15.5
栗東,20260815,土,5:59,ルースソラール,,牡,2,0,吉岡辰弥,64.5,47.1,30.6,15.0,17.4,16.5,15.6,15.0
栗東,20260815,土,6:00,ケイテンアイジン,,牡,4,900,谷潔,67.4,49.0,32.6,16.8,18.4,16.4,15.8,16.8
栗東,20260815,土,6:01,ウィスパーノート,,牡,2,未登録,,70.5,50.3,32.3,16.1,20.2,18.0,16.2,16.1
栗東,20260815,土,6:01,クリコファルコン,,牡,3,0,谷潔,68.9,50.0,32.4,15.9,18.9,17.6,16.5,15.9
栗東,20260815,土,6:01,ゴールデンテティス,,牝,3,0,庄野靖志,65.0,47.0,30.8,15.6,18.0,16.2,15.2,15.6
栗東,20260815,土,6:01,シャローオネスト,,牡,2,未出走,安田翔伍,71.9,52.0,34.0,16.6,19.9,18.0,17.4,16.6
栗東,20260815,土,6:01,タタンタン,,牝,2,未出走,安田翔伍,71.7,51.7,34.4,16.8,20.0,17.3,17.6,16.8
栗東,20260815,土,6:01,ポジティブレンサ,,牡,2,未登録,,71.4,51.2,33.1,16.5,20.2,18.1,16.6,16.5
栗東,20260815,土,6:01,ルージュムーサ,,牝,2,未出走,安田翔伍,71.5,51.5,33.8,16.5,20.0,17.7,17.3,16.5
栗東,20260815,土,6:25,セミマル,,牡,6,1500,西村真幸,63.1,45.3,28.9,14.1,17.8,16.4,14.8,14.1
栗東,20260815,土,6:25,タイセイプリュム,,牝,2,未登録,,64.1,47.3,31.5,15.8,16.8,15.8,15.7,15.8
栗東,20260815,土,6:25,ベルアズーロ,,牡,3,0,西村真幸,65.0,46.5,30.5,14.7,18.5,16.0,15.8,14.7
栗東,20260815,土,6:25,ラッキーバック,,牡,3,400,西村真幸,62.3,45.3,28.9,14.2,17.0,16.4,14.7,14.2
栗東,20260815,土,6:25,ﾌﾟﾘﾃｨｺﾞｰｼﾞｬｽの24,,牡,2,未登録,,63.7,47.0,30.7,14.9,16.7,16.3,15.8,14.9
栗東,20260815,土,6:26,ウォータールスール,,牡,3,0,石橋守,66.7,49.7,33.2,16.5,17.0,16.5,16.7,16.5
栗東,20260815,土,6:26,エンヴェロップ,,牝,3,400,佐藤悠太,63.5,47.2,30.9,15.4,16.3,16.3,15.5,15.4
栗東,20260815,土,6:26,キフクマル,,牡,2,未出走,池添学,67.2,49.6,32.6,16.2,17.6,17.0,16.4,16.2
栗東,20260815,土,6:26,キントラダンサー,,牝,4,900,長谷川浩,63.9,47.3,30.6,15.5,16.6,16.7,15.1,15.5
栗東,20260815,土,6:26,シホノグラツィア,,牡,3,0,佐藤悠太,67.2,48.9,32.0,15.8,18.3,16.9,16.2,15.8
栗東,20260815,土,6:26,ジェントル,,牡,2,未出走,池添学,63.8,47.1,31.3,15.2,16.7,15.8,16.1,15.2
栗東,20260815,土,6:26,スクランプシャス,,牡,3,0,橋口慎介,66.3,48.2,31.6,16.1,18.1,16.6,15.5,16.1
栗東,20260815,土,6:26,スーパービジー,,牡,3,0,庄野靖志,64.8,47.5,31.5,15.7,17.3,16.0,15.8,15.7
栗東,20260815,土,6:26,タイセイゼスティ,,牡,3,0,奥村豊,67.2,49.6,33.1,16.5,17.6,16.5,16.6,16.5
栗東,20260815,土,6:26,タガノランパート,,牡,3,0,奥村豊,67.0,49.9,32.9,16.4,17.1,17.0,16.5,16.4
栗東,20260815,土,6:26,ノボリクレバー,,牝,6,900,石橋守,65.7,49.0,32.6,16.0,16.7,16.4,16.6,16.0
栗東,20260815,土,6:26,ピゲ,,牡,3,0,高橋康之,72.5,52.5,34.2,16.4,20.0,18.3,17.8,16.4
栗東,20260815,土,6:26,ベイビーブラザー,,牡,2,0,安達昭夫,66.7,49.6,33.8,16.5,17.1,15.8,17.3,16.5
栗東,20260815,土,6:26,マトラコーニッシュ,,牝,4,1500,池添学,67.1,49.2,32.4,16.0,17.9,16.8,16.4,16.0
栗東,20260815,土,6:26,メモリーブック,,牡,2,未出走,飯田祐史,73.0,52.9,34.3,16.6,20.1,18.6,17.7,16.6
栗東,20260815,土,6:26,リジル,,牝,5,2400,奥村豊,66.2,48.6,31.8,16.0,17.6,16.8,15.8,16.0
栗東,20260815,土,6:27,スペクトリオン,,牡,2,未登録,,67.2,48.7,31.5,15.6,18.5,17.2,15.9,15.6
栗東,20260815,土,6:27,プペアンビスキュイ,,牝,3,0,茶木太樹,65.9,48.4,32.2,16.4,17.5,16.2,15.8,16.4
栗東,20260815,土,6:27,メイショウピリカ,,牝,4,400,本田優,68.9,50.0,33.0,16.7,18.9,17.0,16.3,16.7
栗東,20260815,土,6:27,リッケンバッカー,,牡,8,1150,西村真幸,66.3,48.2,31.7,15.8,18.1,16.5,15.9,15.8
栗東,20260815,土,6:27,リューデスハイム,,牡,5,1500,牧田和弥,67.7,49.6,33.0,16.7,18.1,16.6,16.3,16.7
栗東,20260815,土,6:27,ルーチェドンナ,,牝,2,未登録,,66.0,47.3,31.4,15.9,18.7,15.9,15.5,15.9
栗東,20260815,土,6:28,アルミラージ,,牝,3,0,小林真也,65.2,47.0,30.1,14.6,18.2,16.9,15.5,14.6
栗東,20260815,土,6:28,ケイアイワイラーパ,,牡,4,0,野中賢二,67.1,49.4,32.4,15.9,17.7,17.0,16.5,15.9
栗東,20260815,土,6:28,スナークルーベンス,,牡,2,未出走,野中賢二,68.5,50.6,33.6,16.6,17.9,17.0,17.0,16.6
栗東,20260815,土,6:28,ナイトインチュニス,,牡,2,未出走,野中賢二,67.9,50.4,33.6,16.6,17.5,16.8,17.0,16.6
栗東,20260815,土,6:28,ファイアプレイス,,牝,3,0,小林真也,66.0,47.6,31.2,15.9,18.4,16.4,15.3,15.9
栗東,20260815,土,6:28,マテンロウゲイル,,牡,3,2400,野中賢二,67.3,49.2,32.7,16.2,18.1,16.5,16.5,16.2
栗東,20260815,土,6:28,マーゴットプレ,,牝,2,未出走,小林真也,69.0,51.3,33.9,16.4,17.7,17.4,17.5,16.4
栗東,20260815,土,6:28,レイピカケ,,牝,5,900,野中賢二,68.6,50.9,33.7,16.3,17.7,17.2,17.4,16.3
栗東,20260815,土,6:29,アーデルプレミア,,牡,2,未出走,宮本博,70.6,51.3,34.1,17.0,19.3,17.2,17.1,17.0
栗東,20260815,土,6:29,クリスティーナ,,牝,2,未出走,飯田祐史,71.7,51.8,33.9,17.2,19.9,17.9,16.7,17.2
栗東,20260815,土,6:29,コロラート,,セ,2,未出走,飯田祐史,70.0,51.3,33.5,16.8,18.7,17.8,16.7,16.8
栗東,20260815,土,6:29,セーズアマゾネス,,牝,2,未出走,飯田祐史,73.8,53.8,35.5,17.9,20.0,18.3,17.6,17.9
栗東,20260815,土,6:29,タイニーワンダー,,牝,3,400,四位洋文,69.5,50.5,33.4,16.5,19.0,17.1,16.9,16.5
栗東,20260815,土,6:29,ダークエクリプス,,牡,7,1500,今野貞一,68.2,50.5,32.8,15.4,17.7,17.7,17.4,15.4
栗東,20260815,土,6:29,ディープサミット,,牡,4,400,四位洋文,66.5,47.7,31.0,15.2,18.8,16.7,15.8,15.2
栗東,20260815,土,6:29,ベンゲル,,牡,2,未出走,飯田祐史,73.8,53.3,35.1,17.1,20.5,18.2,18.0,17.1
栗東,20260815,土,6:29,メイショウズイウン,,牡,4,2400,本田優,66.2,48.6,32.4,16.3,17.6,16.2,16.1,16.3
栗東,20260815,土,6:29,メイショウソウテン,,牡,3,400,鈴木孝志,69.9,50.4,32.5,15.8,19.5,17.9,16.7,15.8
栗東,20260815,土,6:29,リアライズルミナス,,牝,3,400,橋口慎介,71.0,50.7,32.6,15.9,20.3,18.1,16.7,15.9
栗東,20260815,土,6:29,リケアワルツ,,牝,2,未登録,,70.6,51.3,33.8,16.7,19.3,17.5,17.1,16.7
栗東,20260815,土,6:29,リンピッド,,牝,2,未出走,飯田祐史,70.2,52.3,34.5,17.0,17.9,17.8,17.5,17.0
栗東,20260815,土,6:29,リードアクター,,牡,3,0,本田優,70.3,51.2,32.3,15.3,19.1,18.9,17.0,15.3
栗東,20260815,土,6:29,レイワノキセキ,,牡,3,0,本田優,69.4,51.4,33.7,16.9,18.0,17.7,16.8,16.9
栗東,20260815,土,6:29,ロイヤルガミーヌ,,牝,2,未登録,,68.5,51.1,33.9,17.3,17.4,17.2,16.6,17.3
栗東,20260815,土,6:30,アイキャンドウイッ,,牡,7,900,池江泰寿,68.7,49.4,32.7,15.8,19.3,16.7,16.9,15.8
栗東,20260815,土,6:30,アラムシャピラス,,牡,3,0,池江泰寿,75.4,53.7,34.3,16.9,21.7,19.4,17.4,16.9
栗東,20260815,土,6:30,キトゥンズクラフト,,牡,2,未出走,池江泰寿,66.1,48.2,31.3,15.1,17.9,16.9,16.2,15.1
栗東,20260815,土,6:30,ジーニアスバローズ,,セ,6,900,辻野泰之,65.1,47.7,31.6,15.7,17.4,16.1,15.9,15.7
栗東,20260815,土,6:30,スマートスピア,,牡,5,900,池江泰寿,65.4,47.7,31.7,16.2,17.7,16.0,15.5,16.2
栗東,20260815,土,6:30,ドラーダアスール,,牝,2,未登録,,68.6,50.4,33.3,16.6,18.2,17.1,16.7,16.6
栗東,20260815,土,6:30,ナムラファロス,,牡,2,未出走,鈴木孝志,67.8,50.6,33.5,16.7,17.2,17.1,16.8,16.7
栗東,20260815,土,6:30,バークシャーシチー,,牡,3,400,牧田和弥,68.3,50.3,33.0,16.4,18.0,17.3,16.6,16.4
栗東,20260815,土,6:30,フルールジェンヌ,,牝,3,400,鈴木孝志,69.6,51.1,33.4,16.6,18.5,17.7,16.8,16.6
栗東,20260815,土,6:30,ベルサ,,牝,4,400,鈴木孝志,68.2,50.0,33.0,16.3,18.2,17.0,16.7,16.3
栗東,20260815,土,6:30,ペンダント,,牝,3,2650,池江泰寿,67.1,49.3,31.8,15.8,17.8,17.5,16.0,15.8
栗東,20260815,土,6:30,ホウオウワールド,,牡,2,未出走,池江泰寿,69.4,51.4,33.6,16.4,18.0,17.8,17.2,16.4
栗東,20260815,土,6:30,ポッドドンナー,,牡,4,900,辻野泰之,66.4,48.4,31.5,15.8,18.0,16.9,15.7,15.8
栗東,20260815,土,6:30,ルジェドリール,,牡,2,未登録,,67.6,50.4,33.6,16.7,17.2,16.8,16.9,16.7
栗東,20260815,土,6:30,ルファーダ,,牡,3,400,大根田裕,67.3,50.4,33.7,17.0,16.9,16.7,16.7,17.0
栗東,20260815,土,6:30,レーヴドリュヌ,,牝,3,0,宮本博,66.3,47.6,31.1,14.7,18.7,16.5,16.4,14.7
栗東,20260815,土,6:31,サロニコス,,牝,5,900,松下武士,64.4,47.2,30.3,14.6,17.2,16.9,15.7,14.6
栗東,20260815,土,6:31,ビップジーニー,,牡,5,1500,松下武士,67.1,49.0,32.0,15.5,18.1,17.0,16.5,15.5
栗東,20260815,土,6:31,マノアヴァレー,,牝,2,未登録,,67.7,49.6,32.4,16.1,18.1,17.2,16.3,16.1
栗東,20260815,土,6:32,エアビッグマム,,牝,4,1000,笹田和秀,65.9,49.1,33.1,16.6,16.8,16.0,16.5,16.6
栗東,20260815,土,6:32,コスモフィレンツェ,,牡,3,0,北出成人,66.1,48.5,32.1,15.7,17.6,16.4,16.4,15.7
栗東,20260815,土,6:32,シエーナカラー,,牝,3,400,北出成人,65.6,48.0,31.7,15.7,17.6,16.3,16.0,15.7
栗東,20260815,土,6:32,ナポリ,,牝,2,0,井上智史,67.1,49.3,32.7,16.0,17.8,16.6,16.7,16.0
栗東,20260815,土,6:33,オレンジフィールド,,牝,3,0,北出成人,68.8,49.7,32.5,16.0,19.1,17.2,16.5,16.0
栗東,20260815,土,6:33,カポレイラ,,牝,4,400,北出成人,69.0,50.4,32.8,16.0,18.6,17.6,16.8,16.0
栗東,20260815,土,6:33,スウィートハピネス,,牝,3,1600,北出成人,68.8,49.4,32.1,15.8,19.4,17.3,16.3,15.8
栗東,20260815,土,6:33,タイセイレグノ,,セ,4,400,浜田多実,71.1,50.9,33.1,16.3,20.2,17.8,16.8,16.3
栗東,20260815,土,6:33,ツトム,,牡,2,未出走,浜田多実,72.1,53.7,35.3,18.0,18.4,18.4,17.3,18.0
栗東,20260815,土,6:33,ミリオンカラー,,牝,2,0,北出成人,70.0,50.2,31.9,16.0,19.8,18.3,15.9,16.0
栗東,20260815,土,6:33,ロックターミガン,,牡,3,3550,石坂公一,65.8,47.8,30.9,15.4,18.0,16.9,15.5,15.4
栗東,20260815,土,6:34,アクートゥス,,セ,6,2400,藤原英昭,64.4,46.8,30.4,14.8,17.6,16.4,15.6,14.8
栗東,20260815,土,6:34,ウェイヴムーン,,牡,3,0,石坂公一,66.1,48.1,31.4,15.6,18.0,16.7,15.8,15.6
栗東,20260815,土,6:34,チェルノボーグ,,セ,7,1500,藤原英昭,64.6,48.5,32.1,16.2,16.1,16.4,15.9,16.2
栗東,20260815,土,6:34,ティムール,,牡,6,900,中竹和也,68.5,50.0,32.8,16.6,18.5,17.2,16.2,16.6
栗東,20260815,土,6:34,マゲバスピード,,牡,3,400,藤原英昭,64.6,46.5,30.4,15.2,18.1,16.1,15.2,15.2
栗東,20260815,土,6:34,マシン,,牡,3,400,石坂公一,64.2,47.1,30.9,15.2,17.1,16.2,15.7,15.2
栗東,20260815,土,6:34,マテンロウルクス,,牡,3,0,藤原英昭,64.8,47.2,31.1,15.8,17.6,16.1,15.3,15.8
栗東,20260815,土,6:34,マーゴットバディ,,セ,3,400,石坂公一,65.3,48.5,31.1,15.1,16.8,17.4,16.0,15.1
栗東,20260815,土,6:35,サイモンジェセル,,牡,2,未出走,梅田智之,76.2,55.2,36.1,17.5,21.0,19.1,18.6,17.5
栗東,20260815,土,6:35,ザラタン,,牝,4,400,中竹和也,70.4,52.3,34.9,17.6,18.1,17.4,17.3,17.6
栗東,20260815,土,6:35,ニミッツハイウェイ,,牡,3,0,梅田智之,76.1,54.4,35.0,16.9,21.7,19.4,18.1,16.9
栗東,20260815,土,6:35,ブルーノート,,牡,7,900,梅田智之,64.6,46.5,30.7,15.0,18.1,15.8,15.7,15.0
栗東,20260815,土,6:35,プロスト,,牡,3,0,梅田智之,71.3,51.4,33.9,17.6,19.9,17.5,16.3,17.6
栗東,20260815,土,6:35,マリオロード,,牡,7,3800,安達昭夫,72.5,53.1,34.9,16.9,19.4,18.2,18.0,16.9
栗東,20260815,土,6:35,メイショウジーニー,,牝,3,0,秋山真一,67.1,49.7,33.1,16.7,17.4,16.6,16.4,16.7
栗東,20260815,土,6:36,アメリカンビーチ,,牡,4,400,四位洋文,65.0,46.9,30.1,14.4,18.1,16.8,15.7,14.4
栗東,20260815,土,6:36,クラルテロワ,,牡,2,未出走,松永幹夫,63.2,47.1,30.9,15.3,16.1,16.2,15.6,15.3
栗東,20260815,土,6:36,ヤマニンループ,,牡,7,900,松永幹夫,67.0,48.9,31.4,15.4,18.1,17.5,16.0,15.4
栗東,20260815,土,6:36,ローマンレイク,,牝,5,900,松永幹夫,62.5,46.9,31.5,15.4,15.6,15.4,16.1,15.4
栗東,20260815,土,6:37,カルチャーデイ,,牝,5,3200,四位洋文,69.0,50.2,32.8,16.5,18.8,17.4,16.3,16.5
栗東,20260815,土,6:37,ジェットマグナム,,牡,4,1600,安達昭夫,53.2,38.0,24.7,12.6,15.2,13.3,12.1,12.6
栗東,20260815,土,6:37,スラッシュ,,牡,3,0,安達昭夫,68.7,50.2,32.7,16.3,18.5,17.5,16.4,16.3
栗東,20260815,土,6:38,レヴァンテシチー,,牡,4,1500,柴田卓,68.1,49.3,32.1,15.3,18.8,17.2,16.8,15.3
栗東,20260815,土,6:38,ﾜｲﾝﾚｯﾄﾞﾛｰｽﾞの24,,牝,2,未登録,,69.6,50.2,32.8,16.1,19.4,17.4,16.7,16.1
栗東,20260815,土,6:39,オープンザパンドラ,,牡,3,0,小椋研介,67.1,48.9,31.6,15.3,18.2,17.3,16.3,15.3
栗東,20260815,土,6:39,ケイアイトリノ,,牡,2,未出走,平田修,67.4,50.7,34.0,16.9,16.7,16.7,17.1,16.9
栗東,20260815,土,6:39,コジアン,,牡,2,0,小椋研介,66.5,47.7,30.6,15.0,18.8,17.1,15.6,15.0
栗東,20260815,土,6:39,サウンドムーブ,,牡,3,1200,斉藤崇史,70.4,50.4,32.7,16.0,20.0,17.7,16.7,16.0
栗東,20260815,土,6:39,サダムオプシス,,牡,5,1500,平田修,66.5,49.0,32.3,15.8,17.5,16.7,16.5,15.8
栗東,20260815,土,6:39,サラサキングスター,,牡,3,0,斉藤崇史,70.4,50.4,32.7,16.0,20.0,17.7,16.7,16.0
栗東,20260815,土,6:39,タガノエルピーダ,,牝,5,2500,斉藤崇史,70.0,50.1,32.5,15.9,19.9,17.6,16.6,15.9
栗東,20260815,土,6:39,ドラゴングローリア,,牝,3,0,斉藤崇史,70.2,50.2,32.6,16.0,20.0,17.6,16.6,16.0
栗東,20260815,土,6:39,ビップディラン,,牡,4,900,小椋研介,65.0,47.7,31.5,16.1,17.3,16.2,15.4,16.1
栗東,20260815,土,6:39,メイショウアカリ,,牝,3,400,松下武士,72.9,54.0,35.8,17.8,18.9,18.2,18.0,17.8
栗東,20260815,土,6:40,サンライズブレイク,,牡,4,400,浜田多実,74.8,54.3,35.3,17.6,20.5,19.0,17.7,17.6
栗東,20260815,土,6:40,バーケンティン,,牡,5,400,平田修,66.6,48.6,32.2,16.1,18.0,16.4,16.1,16.1
栗東,20260815,土,6:41,カールイメル,,牝,2,未出走,坂口智康,74.7,55.1,36.7,18.3,19.6,18.4,18.4,18.3
栗東,20260815,土,6:41,ヒャクギマル,,牡,3,0,坂口智康,70.0,51.0,33.4,16.7,19.0,17.6,16.7,16.7
栗東,20260815,土,6:42,ジーティールーナ,,牝,2,未出走,緒方努,66.3,48.6,32.4,16.2,17.7,16.2,16.2,16.2
栗東,20260815,土,6:42,ストップザタイム,,セ,7,900,緒方努,69.4,51.0,34.2,17.4,18.4,16.8,16.8,17.4
栗東,20260815,土,6:42,ゼンノゾンターク,,牡,3,0,緒方努,64.8,47.1,31.4,15.4,17.7,15.7,16.0,15.4
栗東,20260815,土,6:42,リュコス,,牡,2,未出走,緒方努,69.6,51.0,33.7,16.7,18.6,17.3,17.0,16.7
栗東,20260815,土,6:42,ローズトリオンフォ,,牝,2,未出走,緒方努,67.4,49.9,33.3,16.5,17.5,16.6,16.8,16.5
栗東,20260815,土,6:44,キングロコマイカイ,,牡,7,900,畑端省吾,77.3,57.6,37.9,18.8,19.7,19.7,19.1,18.8
栗東,20260815,土,6:46,アンビシャスヨシノ,,牡,4,1000,吉田直弘,70.1,49.3,32.0,16.2,20.8,17.3,15.8,16.2
栗東,20260815,土,6:46,エムズマインド,,牡,6,1500,荒川義之,66.9,49.6,33.0,16.3,17.3,16.6,16.7,16.3
栗東,20260815,土,6:46,マイネルグリモア,,牡,2,未出走,吉田直弘,67.8,50.2,33.1,16.7,17.6,17.1,16.4,16.7
栗東,20260815,土,6:47,コズミックフレア,,牝,3,400,吉田直弘,70.8,50.0,32.0,15.5,20.8,18.0,16.5,15.5
栗東,20260815,土,6:47,シンゼンイセ,,牡,3,0,荒川義之,66.0,49.5,32.7,16.1,16.5,16.8,16.6,16.1
栗東,20260815,土,6:47,ダイユウエゾフジ,,牡,2,未出走,荒川義之,66.0,47.9,31.2,15.3,18.1,16.7,15.9,15.3
栗東,20260815,土,6:47,マジックブルー,,牡,5,400,荒川義之,67.6,48.3,30.9,15.2,19.3,17.4,15.7,15.2
栗東,20260815,土,6:47,メイショウセイクウ,,牡,2,未出走,荒川義之,67.2,50.4,33.4,16.6,16.8,17.0,16.8,16.6
栗東,20260815,土,6:47,ラピダリア,,牝,5,900,吉田直弘,70.4,51.6,33.7,16.9,18.8,17.9,16.8,16.9
栗東,20260815,土,6:47,レーンアジリティ,,牡,4,400,中尾秀正,69.3,50.9,33.3,16.4,18.4,17.6,16.9,16.4
栗東,20260815,土,6:47,ワイドグンサ,,牡,3,400,庄野靖志,68.2,49.8,32.2,15.7,18.4,17.6,16.5,15.7
栗東,20260815,土,6:48,ガヤーズランボー,,牡,2,未出走,秋山真一,71.0,50.1,33.0,16.5,20.9,17.1,16.5,16.5
栗東,20260815,土,6:48,テーオーグレーザー,,牡,3,1500,藤岡健一,72.9,53.8,35.8,18.3,19.1,18.0,17.5,18.3
栗東,20260815,土,6:48,ビッグダイヤ,,牡,2,未登録,,64.7,48.4,32.2,16.2,16.3,16.2,16.0,16.2
栗東,20260815,土,6:48,ヤソタケル,,牡,2,未登録,,71.8,52.0,34.3,17.1,19.8,17.7,17.2,17.1
栗東,20260815,土,6:48,ワンモアスマイル,,セ,4,900,藤岡健一,69.3,50.5,33.1,16.5,18.8,17.4,16.6,16.5
栗東,20260815,土,6:48,ワールドシリーズ,,牡,5,400,秋山真一,70.8,52.2,34.4,16.8,18.6,17.8,17.6,16.8
栗東,20260815,土,6:49,アビル,,牡,3,0,高橋一哉,65.4,48.6,32.1,15.9,16.8,16.5,16.2,15.9
栗東,20260815,土,6:49,タナコクシテンホウ,,牡,2,0,大根田裕,65.5,49.4,33.8,17.2,16.1,15.6,16.6,17.2
栗東,20260815,土,6:49,ホットリップス,,牝,2,未出走,清水久詞,67.6,49.7,33.1,16.6,17.9,16.6,16.5,16.6
栗東,20260815,土,6:49,メイプルルビー,,牝,2,未出走,清水久詞,66.8,49.5,32.7,16.3,17.3,16.8,16.4,16.3
栗東,20260815,土,6:49,モズプルスウルトラ,,牡,2,未出走,清水久詞,69.6,51.6,33.6,16.7,18.0,18.0,16.9,16.7
栗東,20260815,土,6:49,リアンマヒナ,,牡,3,400,高橋一哉,66.0,49.2,31.6,15.8,16.8,17.6,15.8,15.8
栗東,20260815,土,6:50,エドッコ,,牡,2,未出走,吉村圭司,65.8,47.7,30.5,14.6,18.1,17.2,15.9,14.6
栗東,20260815,土,6:50,オーロラトレイル,,牝,2,未出走,清水久詞,72.7,53.8,35.9,18.1,18.9,17.9,17.8,18.1
栗東,20260815,土,6:50,ガールズデイアウト,,牝,4,400,吉村圭司,66.6,48.4,31.3,15.3,18.2,17.1,16.0,15.3
栗東,20260815,土,6:50,スピーチバルーン,,牝,3,0,吉村圭司,67.2,48.7,31.7,15.8,18.5,17.0,15.9,15.8
栗東,20260815,土,6:50,スマートソラーレ,,牡,2,未登録,,66.9,48.9,31.5,15.2,18.0,17.4,16.3,15.2
栗東,20260815,土,6:50,ヨシノイースター,,牡,8,6600,中尾秀正,68.5,51.2,34.7,17.8,17.3,16.5,16.9,17.8
栗東,20260815,土,6:50,ワンダーカモン,,牡,5,900,吉村圭司,65.0,47.6,30.3,15.2,17.4,17.3,15.1,15.2
栗東,20260815,土,6:52,クリノライジング,,牝,2,未出走,大橋勇樹,71.1,51.0,33.5,16.9,20.1,17.5,16.6,16.9
栗東,20260815,土,6:52,サンマルボニータ,,牡,2,未登録,,72.0,53.0,34.9,17.3,19.0,18.1,17.6,17.3
栗東,20260815,土,6:52,ナムラファントム,,牡,2,未出走,大橋勇樹,72.0,53.1,35.0,17.4,18.9,18.1,17.6,17.4
栗東,20260815,土,6:52,マルモリムソウ,,牡,2,400,大橋勇樹,71.1,51.0,33.5,16.8,20.1,17.5,16.7,16.8
栗東,20260815,土,6:53,ペイシャケイプ,,牡,4,2400,高橋康之,57.0,40.9,26.6,13.1,16.1,14.3,13.5,13.1
栗東,20260815,土,6:53,ミシェルバローズ,,牝,2,未出走,中内田充,66.0,49.3,32.2,15.7,16.7,17.1,16.5,15.7
栗東,20260815,土,6:53,メイショウアツイタ,,牡,8,400,高橋義忠,68.7,49.8,32.6,15.6,18.9,17.2,17.0,15.6
栗東,20260815,土,6:55,クリノリキオー,,牡,3,0,高橋義忠,70.3,51.4,33.8,16.2,18.9,17.6,17.6,16.2
栗東,20260815,土,6:55,ソルチェリア,,牡,3,900,大根田裕,70.9,51.6,34.3,16.9,19.3,17.3,17.4,16.9
栗東,20260815,土,6:55,ヴィスタグロッサ,,牝,2,未出走,高橋義忠,67.0,48.9,31.6,15.3,18.1,17.3,16.3,15.3
栗東,20260815,土,6:56,エトワールハマー,,牡,2,未出走,武幸四郎,65.5,48.7,32.7,16.2,16.8,16.0,16.5,16.2
栗東,20260815,土,6:56,ハムタン,,牡,3,0,武幸四郎,66.2,48.2,31.6,15.6,18.0,16.6,16.0,15.6
栗東,20260815,土,6:56,バニーラビット,,牡,4,400,武幸四郎,64.3,47.8,31.5,15.5,16.5,16.3,16.0,15.5
栗東,20260815,土,6:56,ミーサーク,,牡,3,0,武幸四郎,65.1,47.3,30.7,15.0,17.8,16.6,15.7,15.0
栗東,20260815,土,6:56,ヴォーゲ,,牡,3,0,森田直行,74.6,53.9,34.9,17.4,20.7,19.0,17.5,17.4
栗東,20260815,土,6:57,ゲーベル,,牡,5,800,渡辺薫彦,68.7,48.8,32.1,15.8,19.9,16.7,16.3,15.8
栗東,20260815,土,6:57,ラヴネヴァーダイズ,,牡,3,400,渡辺薫彦,77.5,55.0,34.8,17.0,22.5,20.2,17.8,17.0
栗東,20260815,土,6:59,スミヨン,,牡,3,未出走,小栗実,64.6,48.1,31.4,15.8,16.5,16.7,15.6,15.8
栗東,20260815,土,7:00,メイショウヒタカミ,,牡,3,0,石橋守,67.4,49.9,33.0,16.6,17.5,16.9,16.4,16.6
栗東,20260815,土,7:00,ヤブサメ,,牡,5,3800,石橋守,68.8,50.4,32.8,16.4,18.4,17.6,16.4,16.4
栗東,20260815,土,7:01,エルヴィッタ,,牝,3,0,武英智,67.9,49.8,32.9,16.3,18.1,16.9,16.6,16.3
栗東,20260815,土,7:01,テイクザスローン,,牡,3,0,武英智,65.0,47.5,31.5,16.0,17.5,16.0,15.5,16.0
栗東,20260815,土,7:01,パワポケビー,,牝,7,400,森田直行,68.9,51.1,33.6,16.2,17.8,17.5,17.4,16.2
栗東,20260815,土,7:01,マコトブリッツ,,牡,2,未出走,武英智,68.8,51.0,34.5,17.0,17.8,16.5,17.5,17.0
栗東,20260815,土,7:01,モズレイラココナ,,牝,4,0,杉山佳明,66.5,49.7,32.0,15.7,16.8,17.7,16.3,15.7
栗東,20260815,土,7:01,リアライズ,,牡,6,770,石橋守,68.6,50.6,33.1,16.2,18.0,17.5,16.9,16.2
栗東,20260815,土,7:02,イルミナジーティー,,牝,3,0,西園翔太,68.3,50.1,32.9,15.9,18.2,17.2,17.0,15.9
栗東,20260815,土,7:02,オーナイロマンシー,,牝,2,未登録,,68.9,51.0,33.5,16.8,17.9,17.5,16.7,16.8
栗東,20260815,土,7:02,コメットサン,,牝,2,未出走,西園翔太,67.8,49.6,32.5,16.1,18.2,17.1,16.4,16.1
栗東,20260815,土,7:02,タガノバビロン,,牡,4,2400,西園翔太,70.3,50.9,33.1,16.1,19.4,17.8,17.0,16.1
栗東,20260815,土,7:02,ブレイズリー,,牡,2,未登録,,68.8,50.9,33.4,16.7,17.9,17.5,16.7,16.7
栗東,20260815,土,7:03,ダブルインバース,,牝,2,未登録,,82.1,59.8,39.1,19.4,22.3,20.7,19.7,19.4
栗東,20260815,土,7:03,テレサ,,牝,4,2550,杉山晴紀,69.0,50.5,33.1,16.4,18.5,17.4,16.7,16.4
栗東,20260815,土,7:03,ワンコールアウェイ,,牝,4,900,杉山晴紀,82.6,59.8,38.9,19.3,22.8,20.9,19.6,19.3
栗東,20260815,土,7:03,ｽﾀｰｽﾞｱﾗｲﾝﾄﾞの24,,牝,2,未登録,,70.1,51.6,33.9,16.5,18.5,17.7,17.4,16.5
栗東,20260815,土,7:04,タフクッキー,,牝,3,0,中内田充,79.5,58.3,38.5,19.1,21.2,19.8,19.4,19.1
栗東,20260815,土,7:05,アムールリーベ,,牝,5,600,宮地貴稔,65.2,48.3,32.1,15.8,16.9,16.2,16.3,15.8
栗東,20260815,土,7:05,アルムアポジェ,,牝,3,0,北出成人,66.6,48.0,31.6,15.4,18.6,16.4,16.2,15.4
栗東,20260815,土,7:05,オーケーリアン,,牝,3,400,宮地貴稔,63.4,47.1,31.4,15.7,16.3,15.7,15.7,15.7
栗東,20260815,土,7:05,クインズショコラ,,牝,4,2400,新谷功一,61.4,45.4,30.2,15.1,16.0,15.2,15.1,15.1
栗東,20260815,土,7:05,ゴーイントゥノヴァ,,牝,2,未出走,新谷功一,61.4,45.5,30.2,15.2,15.9,15.3,15.0,15.2
栗東,20260815,土,7:05,ナッカーフェイス,,牡,7,1500,北出成人,64.3,46.5,30.4,14.8,17.8,16.1,15.6,14.8
栗東,20260815,土,7:05,ブルーサン,,牡,5,1900,宮地貴稔,63.8,47.3,30.7,14.8,16.5,16.6,15.9,14.8
栗東,20260815,土,7:05,ミーンアロット,,牝,3,0,宮地貴稔,63.9,47.4,31.7,16.3,16.5,15.7,15.4,16.3
栗東,20260815,土,7:09,アオイハルカ,,牝,3,400,大久保龍,64.6,47.7,31.6,15.9,16.9,16.1,15.7,15.9
栗東,20260815,土,7:09,エイシンミスリル,,牝,3,0,大久保龍,64.4,47.8,30.8,15.4,16.6,17.0,15.4,15.4
栗東,20260815,土,7:09,ノイエンブリエ,,牝,3,0,田中克典,67.3,49.0,32.8,16.6,18.3,16.2,16.2,16.6
栗東,20260815,土,7:09,ミッキークレスト,,牡,5,2400,大久保龍,64.4,46.9,30.7,15.2,17.5,16.2,15.5,15.2
栗東,20260815,土,7:12,ゲイルライダー,,牡,4,2400,牧浦充徳,63.5,46.6,30.5,15.0,16.9,16.1,15.5,15.0
栗東,20260815,土,7:12,サンライズモロヘイ,,牡,2,未出走,牧浦充徳,66.5,50.2,32.6,15.8,16.3,17.6,16.8,15.8
栗東,20260815,土,7:12,フラッシング,,牡,5,900,牧浦充徳,64.7,47.8,31.3,15.3,16.9,16.5,16.0,15.3
栗東,20260815,土,7:13,コルキス,,牡,2,未出走,須貝尚介,66.3,48.1,31.0,15.0,18.2,17.1,16.0,15.0
栗東,20260815,土,7:13,サンタンジェロ,,牝,2,400,須貝尚介,61.1,44.3,28.4,13.9,16.8,15.9,14.5,13.9
栗東,20260815,土,7:14,アレストラウム,,牡,2,未出走,佐藤悠太,63.9,46.4,30.5,15.4,17.5,15.9,15.1,15.4
栗東,20260815,土,7:14,ビーチェマーレ,,セ,3,400,友道康夫,64.7,47.4,31.4,15.9,17.3,16.0,15.5,15.9
栗東,20260815,土,7:17,ストレングス,,牡,5,3600,寺島良,65.6,46.7,30.1,14.7,18.9,16.6,15.4,14.7
栗東,20260815,土,7:17,ハッピーマン,,牡,4,6330,寺島良,67.0,48.8,31.9,15.8,18.2,16.9,16.1,15.8
栗東,20260815,土,7:18,アーリーハーベスト,,牝,3,900,小林真也,68.7,50.0,32.3,15.8,18.7,17.7,16.5,15.8
栗東,20260815,土,7:18,カラバッシュ,,牡,3,0,寺島良,66.5,47.9,31.5,16.0,18.6,16.4,15.5,16.0
栗東,20260815,土,7:18,マーゴットマシェリ,,牝,2,0,小林真也,68.6,49.7,33.1,16.6,18.9,16.6,16.5,16.6
栗東,20260815,土,7:20,ジーティーダーリン,,牡,4,2400,田中克典,63.6,46.6,30.6,15.1,17.0,16.0,15.5,15.1
栗東,20260815,土,7:26,ウルスクローム,,牡,4,1500,大橋勇樹,72.2,53.1,34.7,17.2,19.1,18.4,17.5,17.2
栗東,20260815,土,7:28,クリノセーラーマン,,牡,3,400,大橋勇樹,73.1,54.7,36.4,18.4,18.4,18.3,18.0,18.4
栗東,20260815,土,7:33,ジャスティンレビン,,牡,3,0,吉岡辰弥,65.5,48.7,31.7,15.3,16.8,17.0,16.4,15.3
栗東,20260815,土,7:33,ノクスカンパーナ,,牝,3,0,吉岡辰弥,52.6,38.7,25.5,12.7,13.9,13.2,12.8,12.7
栗東,20260815,土,7:33,ロードメガロポリス,,牡,2,未出走,吉岡辰弥,53.0,39.2,25.9,13.2,13.8,13.3,12.7,13.2
栗東,20260815,土,7:34,カズミクラーシュ,,牡,5,2400,吉岡辰弥,64.4,46.3,29.7,14.4,18.1,16.6,15.3,14.4
栗東,20260815,土,7:34,メモリアデルレ,,牡,2,0,吉岡辰弥,63.7,46.9,29.5,14.1,16.8,17.4,15.4,14.1
栗東,20260815,土,7:34,レポゼ,,牡,2,未出走,吉岡辰弥,65.8,48.7,31.4,14.8,17.1,17.3,16.6,14.8
栗東,20260815,土,7:35,ジーティーハルカゼ,,牝,2,未出走,辻野泰之,64.3,47.3,31.0,15.4,17.0,16.3,15.6,15.4
栗東,20260815,土,7:35,スマートエトワール,,牝,3,0,辻野泰之,63.4,46.8,30.5,15.4,16.6,16.3,15.1,15.4
栗東,20260815,土,7:37,ホウオウドルーリー,,牝,5,400,宮徹,66.1,47.7,31.2,15.8,18.4,16.5,15.4,15.8
栗東,20260815,土,7:45,ホウオウスカイハイ,,牡,3,0,宮徹,63.5,46.9,31.1,15.7,16.6,15.8,15.4,15.7
栗東,20260815,土,7:46,アリサ,,牝,2,未登録,,73.1,53.5,35.6,17.7,19.6,17.9,17.9,17.7
栗東,20260815,土,7:46,デイトナモード,,牡,6,2400,千田輝彦,65.6,48.3,31.9,15.8,17.3,16.4,16.1,15.8
栗東,20260815,土,7:46,メイショウコマチ,,牝,3,1500,千田輝彦,65.4,47.8,31.9,15.6,17.6,15.9,16.3,15.6
栗東,20260815,土,7:46,ユウトザイシン,,牡,3,0,千田輝彦,72.6,53.1,34.8,16.9,19.5,18.3,17.9,16.9
栗東,20260815,土,7:47,タガノクレーキング,,牡,2,未登録,,75.7,55.3,35.8,17.5,20.4,19.5,18.3,17.5
栗東,20260815,土,7:47,テーオーギフテッド,,牡,2,未登録,,73.8,52.8,33.6,16.3,21.0,19.2,17.3,16.3
栗東,20260815,土,7:47,ブルーセルリアン,,牡,4,0,宮徹,72.6,52.3,33.2,16.3,20.3,19.1,16.9,16.3
栗東,20260815,土,7:47,リチュアル,,セ,7,2130,千田輝彦,69.6,50.5,32.7,15.7,19.1,17.8,17.0,15.7
栗東,20260815,土,7:50,アパレイユ,,牝,3,400,西園翔太,69.8,51.2,33.7,16.5,18.6,17.5,17.2,16.5
栗東,20260815,土,7:50,オラロア,,牡,3,0,西園翔太,67.2,50.1,33.2,16.3,17.1,16.9,16.9,16.3
美浦,20260815,土,4:55,ホノボノ,,牡,3,400,尾形和幸,69.9,50.5,33.1,16.9,19.4,17.4,16.2,16.9
美浦,20260815,土,4:56,ステレンボッシュ,,牝,5,13050,宮田敬介,61.4,44.7,29.3,14.7,16.7,15.4,14.6,14.7
美浦,20260815,土,4:56,ゾロアストロ,,牡,3,3200,宮田敬介,61.4,44.5,28.5,13.8,16.9,16.0,14.7,13.8
美浦,20260815,土,4:56,ダンツファイター,,牡,4,1500,蛯名正義,67.8,49.8,32.8,16.2,18.0,17.0,16.6,16.2
美浦,20260815,土,4:56,ランブルスコ,,牡,3,400,蛯名正義,66.9,49.5,32.2,15.8,17.4,17.3,16.4,15.8
美浦,20260815,土,4:57,アイムインディ,,牝,3,400,蛯名正義,66.7,48.8,31.8,16.0,17.9,17.0,15.8,16.0
美浦,20260815,土,4:57,アフォーダビリティ,,牝,2,未出走,和田雄二,72.8,53.2,35.3,18.0,19.6,17.9,17.3,18.0
美浦,20260815,土,4:57,アマルレイナ,,牝,2,未出走,本間忍,73.4,53.3,34.9,17.6,20.1,18.4,17.3,17.6
美浦,20260815,土,4:57,イントリー,,牝,2,未出走,尾形和幸,65.7,48.2,32.1,16.0,17.5,16.1,16.1,16.0
美浦,20260815,土,4:57,オンナキュヌヴィ,,牝,3,0,蛯名正義,68.5,50.5,33.2,16.0,18.0,17.3,17.2,16.0
美浦,20260815,土,4:57,キタノダンサー,,牝,2,未出走,本間忍,69.1,51.3,34.1,16.8,17.8,17.2,17.3,16.8
美浦,20260815,土,4:57,キタノライブリー,,牝,4,900,本間忍,73.5,53.7,35.4,17.9,19.8,18.3,17.5,17.9
美浦,20260815,土,4:57,キングクレオール,,牡,5,400,和田雄二,66.3,49.5,32.5,16.3,16.8,17.0,16.2,16.3
美浦,20260815,土,4:57,ゴクラクチョウカ,,牝,2,未登録,,65.1,47.5,31.3,15.8,17.6,16.2,15.5,15.8
美浦,20260815,土,4:57,サードアイ,,牡,2,未出走,蛯名正義,66.8,49.1,32.5,16.6,17.7,16.6,15.9,16.6
美浦,20260815,土,4:57,トロピカルヒーロー,,牡,6,900,石栗龍彦,69.7,50.7,33.4,17.1,19.0,17.3,16.3,17.1
美浦,20260815,土,4:57,フェアリースノー,,牝,2,未出走,尾形和幸,69.1,50.6,33.4,16.8,18.5,17.2,16.6,16.8
美浦,20260815,土,4:57,ブルバンビーナ,,牝,4,400,尾形和幸,68.2,49.7,32.6,16.4,18.5,17.1,16.2,16.4
美浦,20260815,土,4:57,ポッドロワール,,牡,4,1500,畠山吉宏,66.5,48.9,32.0,16.5,17.6,16.9,15.5,16.5
美浦,20260815,土,4:57,ライヴマティーニ,,牝,3,0,尾形和幸,68.6,51.8,34.7,18.0,16.8,17.1,16.7,18.0
美浦,20260815,土,4:58,オーケーエース,,牡,2,0,相沢郁,69.7,51.8,34.3,16.8,17.9,17.5,17.5,16.8
美浦,20260815,土,4:58,ギガントシュラーク,,牡,2,未出走,萱野浩二,71.5,51.9,33.9,16.9,19.6,18.0,17.0,16.9
美浦,20260815,土,4:58,ギーロカスタル,,牡,6,1500,伊藤大士,64.0,47.8,32.0,16.1,16.2,15.8,15.9,16.1
美浦,20260815,土,4:58,ゲンパチルーナ,,牝,4,900,西田雄一,66.0,48.3,31.4,15.2,17.7,16.9,16.2,15.2
美浦,20260815,土,4:58,ピコブロッサム,,牝,3,0,伊藤大士,64.1,47.7,31.6,16.2,16.4,16.1,15.4,16.2
美浦,20260815,土,4:58,フォルスラヴィ,,牡,2,未出走,伊藤大士,64.2,47.6,31.8,15.7,16.6,15.8,16.1,15.7
美浦,20260815,土,4:58,フロックコート,,牡,2,未登録,,65.1,47.9,32.3,16.4,17.2,15.6,15.9,16.4
美浦,20260815,土,4:58,ボーンディスウェイ,,牡,7,3800,牧光二,63.6,47.2,31.4,15.7,16.4,15.8,15.7,15.7
美浦,20260815,土,4:58,マイネルゼーロス,,牡,3,0,相沢郁,70.6,52.3,34.4,17.1,18.3,17.9,17.3,17.1
美浦,20260815,土,4:58,マイネルリーヒム,,牡,3,400,武市康男,77.7,57.3,37.5,18.7,20.4,19.8,18.8,18.7
美浦,20260815,土,4:58,モウエエデショー,,牡,3,400,萱野浩二,70.6,51.7,33.7,16.9,18.9,18.0,16.8,16.9
美浦,20260815,土,4:58,モーリア,,牝,3,0,伊藤大士,64.4,47.3,31.0,15.9,17.1,16.3,15.1,15.9
美浦,20260815,土,4:58,ロジグローリー,,牡,2,未出走,牧光二,65.0,48.0,32.5,16.2,17.0,15.5,16.3,16.2
美浦,20260815,土,4:59,ウィンスタンリー,,牡,4,400,黒岩陽一,66.2,48.0,30.9,15.3,18.2,17.1,15.6,15.3
美浦,20260815,土,4:59,ウインテラジーナ,,牝,3,0,栗田徹,64.8,47.6,31.6,15.9,17.2,16.0,15.7,15.9
美浦,20260815,土,4:59,エクラドリオン,,牡,2,未出走,中舘英二,68.1,50.1,32.5,16.2,18.0,17.6,16.3,16.2
美浦,20260815,土,4:59,エクランレーヴ,,牝,2,未登録,,65.5,47.7,31.4,15.5,17.8,16.3,15.9,15.5
美浦,20260815,土,4:59,コスモサガルマータ,,セ,6,1500,嘉藤貴行,63.5,46.9,31.5,15.2,16.6,15.4,16.3,15.2
美浦,20260815,土,4:59,ゴッドレイ,,牝,3,0,伊藤大士,67.1,50.2,33.2,16.8,16.9,17.0,16.4,16.8
美浦,20260815,土,4:59,ジップスパーク,,牡,2,未出走,中舘英二,67.7,49.7,32.3,15.9,18.0,17.4,16.4,15.9
美浦,20260815,土,4:59,ジーナグレイス,,牝,3,0,田中勝春,55.2,40.3,26.6,13.1,14.9,13.7,13.5,13.1
美浦,20260815,土,4:59,セシルブリュネ,,牝,3,0,栗田徹,65.5,47.3,31.1,16.0,18.2,16.2,15.1,16.0
美浦,20260815,土,4:59,チェルシー,,牝,5,400,中舘英二,68.1,50.1,32.8,16.2,18.0,17.3,16.6,16.2
美浦,20260815,土,4:59,ディスクリートサム,,牡,2,未登録,,67.7,50.0,33.7,17.0,17.7,16.3,16.7,17.0
美浦,20260815,土,4:59,トレインザマインド,,セ,4,900,中舘英二,68.3,50.0,32.8,16.0,18.3,17.2,16.8,16.0
美浦,20260815,土,4:59,ビービーアジャイル,,牡,3,900,中舘英二,68.1,50.1,32.7,16.3,18.0,17.4,16.4,16.3
美浦,20260815,土,4:59,ブルーダイヤシチー,,牡,3,0,上原博之,67.5,50.1,33.2,16.6,17.4,16.9,16.6,16.6
美浦,20260815,土,4:59,ヘクトルテソーロ,,牡,3,0,畠山吉宏,67.6,49.8,32.6,16.4,17.8,17.2,16.2,16.4
美浦,20260815,土,4:59,ホウオウルクソール,,牡,3,400,栗田徹,65.3,48.0,31.6,15.6,17.3,16.4,16.0,15.6
美浦,20260815,土,4:59,マオノクラッシュ,,牝,4,400,黒岩陽一,65.9,48.1,30.7,15.2,17.8,17.4,15.5,15.2
美浦,20260815,土,4:59,マナイアカラニ,,牡,3,0,田中勝春,55.2,40.7,26.9,13.3,14.5,13.8,13.6,13.3
美浦,20260815,土,4:59,ミセスヴェルデ,,牝,3,0,栗田徹,66.5,48.0,31.6,15.6,18.5,16.4,16.0,15.6
美浦,20260815,土,4:59,メイプルカモーン,,牡,2,未出走,中舘英二,68.2,50.1,32.8,16.1,18.1,17.3,16.7,16.1
美浦,20260815,土,4:59,ヴァズレーヌ,,牝,5,900,嘉藤貴行,64.1,47.4,31.7,15.8,16.7,15.7,15.9,15.8
美浦,20260815,土,5:00,イクシード,,牝,3,900,木村哲也,70.9,52.6,34.4,17.3,18.3,18.2,17.1,17.3
美浦,20260815,土,5:00,オーブルクール,,牝,5,2400,矢野英一,68.4,50.5,32.9,16.3,17.9,17.6,16.6,16.3
美浦,20260815,土,5:00,キョウエイグッド,,牡,4,400,千葉直人,63.3,45.3,29.0,14.1,18.0,16.3,14.9,14.1
美浦,20260815,土,5:00,キンバリー,,牡,2,0,伊藤伸一,72.3,53.4,35.4,17.4,18.9,18.0,18.0,17.4
美浦,20260815,土,5:00,サトノパトリオット,,セ,4,1500,木村哲也,71.6,52.8,34.8,16.9,18.8,18.0,17.9,16.9
美浦,20260815,土,5:00,ジュベルシャムス,,牝,2,未出走,木村哲也,71.0,52.6,34.8,16.7,18.4,17.8,18.1,16.7
美浦,20260815,土,5:00,スノースコール,,牡,3,400,加藤征弘,67.4,50.1,33.2,16.4,17.3,16.9,16.8,16.4
美浦,20260815,土,5:00,スペシャルブレンド,,牡,2,未出走,武井亮,55.5,40.7,26.8,13.4,14.8,13.9,13.4,13.4
美浦,20260815,土,5:00,セブンマイスター,,牡,5,900,千葉直人,64.6,46.9,30.1,14.6,17.7,16.8,15.5,14.6
美浦,20260815,土,5:00,セブンメデュラス,,牡,4,400,木村哲也,70.9,52.6,34.3,16.5,18.3,18.3,17.8,16.5
美浦,20260815,土,5:00,チェルヴィニア,,牝,5,15800,木村哲也,72.0,53.0,34.9,17.3,19.0,18.1,17.6,17.3
美浦,20260815,土,5:00,ニシノゲッパク,,牝,3,0,伊藤伸一,71.5,53.0,35.0,17.1,18.5,18.0,17.9,17.1
美浦,20260815,土,5:00,ヒズストーリー,,牡,2,未出走,中川公成,69.1,50.9,33.0,16.4,18.2,17.9,16.6,16.4
美浦,20260815,土,5:00,ホウオウビリーヴ,,牡,2,0,木村哲也,71.3,52.4,34.6,16.9,18.9,17.8,17.7,16.9
美浦,20260815,土,5:00,マイネルブリオン,,牡,4,400,矢野英一,68.9,50.7,33.2,16.6,18.2,17.5,16.6,16.6
美浦,20260815,土,5:00,マジックパレス,,牝,3,0,木村哲也,71.7,52.9,34.8,17.1,18.8,18.1,17.7,17.1
美浦,20260815,土,5:00,ミエスタ,,牝,3,0,加藤征弘,69.5,50.8,33.4,16.8,18.7,17.4,16.6,16.8
美浦,20260815,土,5:00,ラヴスコール,,牝,5,400,加藤征弘,68.6,50.7,33.6,16.9,17.9,17.1,16.7,16.9
美浦,20260815,土,5:00,リアアーテシアン,,牝,3,0,武井亮,55.3,40.5,26.6,13.2,14.8,13.9,13.4,13.2
美浦,20260815,土,5:00,レヴィテーション,,牝,5,900,中川公成,69.5,50.6,32.7,16.2,18.9,17.9,16.5,16.2
美浦,20260815,土,5:00,レーヌシェーヌ,,牝,3,0,畠山吉宏,68.0,49.6,32.4,15.5,18.4,17.2,16.9,15.5
美浦,20260815,土,5:01,イズミル,,牡,2,未出走,中舘英二,70.3,51.8,33.6,16.9,18.5,18.2,16.7,16.9
美浦,20260815,土,5:01,ジャストビコーズ,,牝,3,0,武井亮,66.5,49.4,32.8,16.6,17.1,16.6,16.2,16.6
美浦,20260815,土,5:01,ソウルアンドジャズ,,セ,5,900,武井亮,64.0,47.0,30.8,15.4,17.0,16.2,15.4,15.4
美浦,20260815,土,5:01,テンクウハット,,牝,6,400,加藤和宏,76.6,55.6,37.9,19.3,21.0,17.7,18.6,19.3
美浦,20260815,土,5:01,ナグルファル,,セ,4,900,中舘英二,65.1,47.9,31.0,14.9,17.2,16.9,16.1,14.9
美浦,20260815,土,5:01,ニシノハナカケル,,牝,2,未登録,,65.8,48.1,31.6,16.8,17.7,16.5,14.8,16.8
美浦,20260815,土,5:01,パーティーガール,,牝,4,470,伊藤伸一,69.6,51.0,33.6,15.9,18.6,17.4,17.7,15.9
美浦,20260815,土,5:01,フォンデネージュ,,牝,4,400,武井亮,67.0,50.1,33.2,16.4,16.9,16.9,16.8,16.4
美浦,20260815,土,5:01,ホットゥトロット,,牡,3,400,堀内岳志,70.5,50.5,32.8,16.3,20.0,17.7,16.5,16.3
美浦,20260815,土,5:01,モチロンコクラ,,牝,2,未出走,伊藤伸一,69.5,51.2,33.9,17.0,18.3,17.3,16.9,17.0
美浦,20260815,土,5:01,ラヴィングリー,,牝,3,0,池上昌和,75.3,56.1,37.3,18.7,19.2,18.8,18.6,18.7
美浦,20260815,土,5:02,アスパラゴ,,牝,3,400,中舘英二,69.1,50.5,33.4,16.3,18.6,17.1,17.1,16.3
美浦,20260815,土,5:02,ウインスターリング,,牡,3,0,畠山吉宏,69.6,51.6,34.1,16.8,18.0,17.5,17.3,16.8
美浦,20260815,土,5:02,オオルリ,,牝,2,未出走,水野貴広,69.3,50.7,33.5,17.3,18.6,17.2,16.2,17.3
美浦,20260815,土,5:02,キョウエイフロイデ,,牝,5,1500,中川公成,55.5,40.4,26.4,12.7,15.1,14.0,13.7,12.7
美浦,20260815,土,5:02,サングラント,,牡,3,0,金成貴史,65.9,47.8,30.9,15.4,18.1,16.9,15.5,15.4
美浦,20260815,土,5:02,シャドウメテオ,,牝,4,1500,金成貴史,64.5,47.1,31.2,15.6,17.4,15.9,15.6,15.6
美浦,20260815,土,5:02,シュアシング,,牝,2,0,相沢郁,68.0,49.8,32.4,15.9,18.2,17.4,16.5,15.9
美浦,20260815,土,5:02,ジャストゴーイング,,牡,2,未出走,中川公成,58.5,43.0,28.8,14.4,15.5,14.2,14.4,14.4
美浦,20260815,土,5:02,ジワタネホ,,牝,3,400,中舘英二,70.1,51.5,33.6,16.9,18.6,17.9,16.7,16.9
美浦,20260815,土,5:02,ソウラスフロス,,牡,2,未出走,金成貴史,64.3,47.0,30.3,15.2,17.3,16.7,15.1,15.2
美浦,20260815,土,5:02,チョトツモウシン,,牡,2,未出走,小手川準,71.2,52.7,34.7,16.9,18.5,18.0,17.8,16.9
美浦,20260815,土,5:02,テイクユアタイム,,牡,2,未出走,中川公成,58.4,42.9,28.4,14.4,15.5,14.5,14.0,14.4
美浦,20260815,土,5:02,テウメッサ,,牝,5,1500,金成貴史,65.7,48.2,31.8,15.7,17.5,16.4,16.1,15.7
美浦,20260815,土,5:02,ディスペアーホープ,,牡,2,0,小手川準,65.9,47.1,30.6,15.0,18.8,16.5,15.6,15.0
美浦,20260815,土,5:02,トウタツ,,牡,4,400,小手川準,74.1,54.5,35.8,18.0,19.6,18.7,17.8,18.0
美浦,20260815,土,5:02,プリンセスダーコ,,牝,3,0,清水英克,77.0,55.7,35.9,17.6,21.3,19.8,18.3,17.6
美浦,20260815,土,5:02,マイネルオランチア,,牡,3,0,小手川準,74.0,54.3,35.6,17.3,19.7,18.7,18.3,17.3
美浦,20260815,土,5:02,マイネルヘルリッヒ,,牡,2,未出走,清水英克,72.2,52.9,34.7,17.6,19.3,18.2,17.1,17.6
美浦,20260815,土,5:02,ライングラウス,,牡,2,0,水野貴広,71.1,52.7,35.0,17.4,18.4,17.7,17.6,17.4
美浦,20260815,土,5:02,ランブリングガール,,牝,2,未出走,小手川準,67.3,48.8,31.3,15.1,18.5,17.5,16.2,15.1
美浦,20260815,土,5:02,リアスハート,,牝,2,未出走,水野貴広,68.9,50.6,33.4,16.4,18.3,17.2,17.0,16.4
美浦,20260815,土,5:02,リオンパリス,,牡,2,未出走,清水英克,75.2,54.1,35.3,17.5,21.1,18.8,17.8,17.5
美浦,20260815,土,5:02,リッキースタイル,,牡,4,900,水野貴広,73.5,54.6,35.9,18.0,18.9,18.7,17.9,18.0
美浦,20260815,土,5:02,リベラル,,牝,3,0,小手川準,68.4,49.1,31.5,15.4,19.3,17.6,16.1,15.4
美浦,20260815,土,5:03,アイファージェット,,牡,4,0,宮本博,79.3,56.8,37.0,18.9,22.5,19.8,18.1,18.9
美浦,20260815,土,5:03,アイファーティアラ,,牝,2,未出走,的場均,64.8,47.8,31.3,15.4,17.0,16.5,15.9,15.4
美浦,20260815,土,5:03,アクロスザリバー,,牡,4,0,蛯名利弘,71.8,52.7,34.8,17.1,19.1,17.9,17.7,17.1
美浦,20260815,土,5:03,スペルキャスター,,牝,6,730,蛯名利弘,69.7,51.5,34.2,17.0,18.2,17.3,17.2,17.0
美浦,20260815,土,5:03,ソレエスピアージャ,,牝,4,0,松永幹夫,65.5,48.1,31.7,15.6,17.4,16.4,16.1,15.6
美浦,20260815,土,5:03,ティシポネ,,牝,2,未出走,森一誠,64.1,47.1,30.7,15.0,17.0,16.4,15.7,15.0
美浦,20260815,土,5:03,デルマテイネ,,牡,3,0,的場均,72.9,53.9,35.2,17.0,19.0,18.7,18.2,17.0
美浦,20260815,土,5:03,ニシノツムジカゼ,,牡,2,0,西田雄一,64.7,47.2,30.7,15.2,17.5,16.5,15.5,15.2
美浦,20260815,土,5:03,ネオアンボウ,,牡,3,0,松尾卓哉,65.8,47.7,32.0,16.3,18.1,15.7,15.7,16.3
美浦,20260815,土,5:03,バーチディダーマ,,牝,2,未出走,蛯名利弘,69.1,50.6,33.4,17.0,18.5,17.2,16.4,17.0
美浦,20260815,土,5:03,パワースナッチ,,牡,4,900,武市康男,70.9,52.6,34.2,16.7,18.3,18.4,17.5,16.7
美浦,20260815,土,5:03,フランシスガリバー,,牝,3,0,千葉直人,68.9,50.1,32.5,16.0,18.8,17.6,16.5,16.0
美浦,20260815,土,5:03,ベルイストワール,,牝,5,900,松尾卓哉,65.5,47.1,30.8,15.3,18.4,16.3,15.5,15.3
美浦,20260815,土,5:03,マーシヴィガラス,,牡,6,900,的場均,73.7,54.3,35.5,17.6,19.4,18.8,17.9,17.6
美浦,20260815,土,5:03,モントリオール,,牡,2,未出走,松尾卓哉,65.1,47.5,31.4,15.8,17.6,16.1,15.6,15.8
美浦,20260815,土,5:03,ルージュフローラ,,牝,3,0,森一誠,63.7,46.8,30.3,15.0,16.9,16.5,15.3,15.0
美浦,20260815,土,5:03,ローレルクラウン,,牡,3,0,松尾卓哉,64.9,47.2,30.9,15.4,17.7,16.3,15.5,15.4
美浦,20260815,土,5:04,アラネア,,牡,2,未登録,,65.5,48.1,31.4,15.5,17.4,16.7,15.9,15.5
美浦,20260815,土,5:04,エルシオン,,牝,2,0,柄崎将寿,68.3,50.1,33.0,16.7,18.2,17.1,16.3,16.7
美浦,20260815,土,5:04,オウケンハニー,,牝,3,400,岩戸孝樹,68.0,50.5,33.8,17.3,17.5,16.7,16.5,17.3
美浦,20260815,土,5:04,ゴールデンパルス,,牡,2,未出走,柄崎将寿,67.3,48.7,32.1,16.0,18.6,16.6,16.1,16.0
美浦,20260815,土,5:04,サクラアドリア,,牡,4,400,尾関知人,56.2,41.1,26.9,13.1,15.1,14.2,13.8,13.1
美浦,20260815,土,5:04,ジャメビュ,,牝,3,0,佐藤吉勝,68.7,50.1,32.8,16.1,18.6,17.3,16.7,16.1
美浦,20260815,土,5:04,セイルクルーズ,,牝,2,未出走,武藤善則,68.3,50.7,33.6,17.0,17.6,17.1,16.6,17.0
美浦,20260815,土,5:04,チャームドウイング,,セ,3,0,大竹正博,64.6,47.3,30.8,15.3,17.3,16.5,15.5,15.3
美浦,20260815,土,5:04,ドゥレッツァ,,牡,6,23750,尾関知人,55.5,40.4,26.7,13.1,15.1,13.7,13.6,13.1
美浦,20260815,土,5:04,ハチマン,,牡,3,0,柄崎将寿,67.0,48.5,32.1,16.3,18.5,16.4,15.8,16.3
美浦,20260815,土,5:04,ピクシーブラスト,,牝,2,未出走,岩戸孝樹,65.7,47.4,30.8,15.8,18.3,16.6,15.0,15.8
美浦,20260815,土,5:04,ホウオウショコラ,,牝,4,400,大竹正博,64.6,46.9,30.5,15.0,17.7,16.4,15.5,15.0
美浦,20260815,土,5:04,メイチャトラー,,牝,2,未出走,岩戸孝樹,65.5,47.4,30.6,15.7,18.1,16.8,14.9,15.7
美浦,20260815,土,5:04,ラインディアーナ,,牝,2,未出走,武藤善則,63.8,47.5,32.0,16.3,16.3,15.5,15.7,16.3
美浦,20260815,土,5:04,レイククレセント,,牝,5,900,大竹正博,65.2,47.4,30.8,15.4,17.8,16.6,15.4,15.4
美浦,20260815,土,5:04,レッセパッセ,,牝,5,900,柄崎将寿,65.7,47.7,31.6,15.3,18.0,16.1,16.3,15.3
美浦,20260815,土,5:05,アニーリング,,牝,2,未登録,,71.5,52.3,34.5,17.1,19.2,17.8,17.4,17.1
美浦,20260815,土,5:05,イキデイナセ,,牡,2,未出走,佐藤吉勝,78.4,57.2,37.9,18.6,21.2,19.3,19.3,18.6
美浦,20260815,土,5:05,エーデルハイ,,牝,3,0,天間昭一,69.3,50.7,33.2,16.5,18.6,17.5,16.7,16.5
美浦,20260815,土,5:05,オーディンスピア,,牡,2,未出走,高柳瑞樹,68.2,49.9,32.6,16.3,18.3,17.3,16.3,16.3
美浦,20260815,土,5:05,カラスアゲハ,,牝,2,未出走,佐藤吉勝,78.3,57.7,38.3,19.4,20.6,19.4,18.9,19.4
美浦,20260815,土,5:05,ゴーゴーパンチ,,牡,3,400,天間昭一,65.6,49.4,33.1,16.7,16.2,16.3,16.4,16.7
美浦,20260815,土,5:05,シェンロン,,牡,3,未出走,尾関知人,66.1,48.2,31.8,15.9,17.9,16.4,15.9,15.9
美浦,20260815,土,5:05,ソウカイウォーリア,,牡,2,0,尾関知人,72.6,52.7,34.7,17.6,19.9,18.0,17.1,17.6
美浦,20260815,土,5:05,トキメキジニア,,牝,4,400,佐藤吉勝,69.7,50.9,33.5,17.0,18.8,17.4,16.5,17.0
美浦,20260815,土,5:05,ノーセット,,牡,2,0,高柳瑞樹,68.9,50.2,32.9,16.2,18.7,17.3,16.7,16.2
美浦,20260815,土,5:05,ファインサマーデイ,,牡,3,400,高柳瑞樹,67.9,49.2,32.5,16.0,18.7,16.7,16.5,16.0
美浦,20260815,土,5:05,フタイテンロック,,牡,7,2240,佐藤吉勝,66.7,49.2,32.3,16.0,17.5,16.9,16.3,16.0
美浦,20260815,土,5:05,ヘイマー,,牡,3,0,伊藤伸一,66.3,48.8,32.6,16.4,17.5,16.2,16.2,16.4
美浦,20260815,土,5:05,マイサマーガール,,牝,2,未出走,伊藤伸一,70.2,51.8,33.8,16.9,18.4,18.0,16.9,16.9
美浦,20260815,土,5:05,ユイハホンキダゼ,,牡,3,0,尾関知人,80.0,58.9,38.5,19.3,21.1,20.4,19.2,19.3
美浦,20260815,土,5:06,アシャカブリヤン,,牝,2,未出走,鈴木伸尋,69.4,50.9,33.3,17.2,18.5,17.6,16.1,17.2
美浦,20260815,土,5:06,イールーファー,,牡,2,未出走,秋本大介,70.4,51.6,33.8,16.2,18.8,17.8,17.6,16.2
美浦,20260815,土,5:06,サザンティスプーン,,牝,4,400,鈴木伸尋,69.1,50.9,33.7,17.2,18.2,17.2,16.5,17.2
美浦,20260815,土,5:06,サトミノアカリ,,牝,3,0,鈴木伸尋,70.0,51.0,33.0,16.9,19.0,18.0,16.1,16.9
美浦,20260815,土,5:06,タッカーヴィーナス,,牝,2,未出走,鈴木伸尋,74.1,54.4,35.7,17.9,19.7,18.7,17.8,17.9
美浦,20260815,土,5:06,トモジャシャカ,,牡,2,未出走,鈴木伸尋,70.1,51.5,33.4,16.2,18.6,18.1,17.2,16.2
美浦,20260815,土,5:06,ドルビナ,,牡,4,400,杉浦宏昭,71.6,52.4,34.3,17.2,19.2,18.1,17.1,17.2
美浦,20260815,土,5:06,ネオシューマン,,セ,3,0,鈴木伸尋,70.5,51.6,33.3,16.5,18.9,18.3,16.8,16.5
美浦,20260815,土,5:06,フィーリウス,,牡,4,2400,手塚貴久,70.3,51.2,33.4,16.7,19.1,17.8,16.7,16.7
美浦,20260815,土,5:06,フォンドルレール,,牡,3,0,戸田博文,71.9,52.1,34.1,17.2,19.8,18.0,16.9,17.2
美浦,20260815,土,5:06,ブラウンラチェット,,牝,4,2000,手塚貴久,67.3,49.6,32.2,16.1,17.7,17.4,16.1,16.1
美浦,20260815,土,5:06,ボールドタワー,,牡,3,400,鈴木慎太,71.1,51.6,33.8,16.7,19.5,17.8,17.1,16.7
美浦,20260815,土,5:06,ミーントゥビー,,牝,4,900,堀内岳志,70.8,51.4,33.2,16.0,19.4,18.2,17.2,16.0
美浦,20260815,土,5:06,メイリー,,牝,4,400,鈴木慎太,69.1,49.8,32.7,16.1,19.3,17.1,16.6,16.1
美浦,20260815,土,5:06,ヨドノティアラ,,牝,3,400,矢嶋大樹,70.3,51.2,33.2,16.6,19.1,18.0,16.6,16.6
美浦,20260815,土,5:06,リュウノタキノボリ,,牡,2,未出走,堀内岳志,70.4,51.3,33.2,16.1,19.1,18.1,17.1,16.1
美浦,20260815,土,5:07,タケルムサシ,,牡,3,400,斎藤誠,64.1,46.8,30.7,15.2,17.3,16.1,15.5,15.2
美浦,20260815,土,5:07,トウシンマジック,,牡,2,400,秋本大介,71.6,52.8,35.0,17.4,18.8,17.8,17.6,17.4
美浦,20260815,土,5:07,ハイビスカス,,牝,2,0,杉浦宏昭,68.5,49.9,32.5,16.1,18.6,17.4,16.4,16.1
美浦,20260815,土,5:07,ハイランドウインド,,牡,2,0,杉浦宏昭,73.3,53.0,34.8,17.3,20.3,18.2,17.5,17.3
美浦,20260815,土,5:07,ビップスコーピオン,,牡,6,1500,田島俊明,72.5,54.1,36.2,17.7,18.4,17.9,18.5,17.7
美浦,20260815,土,5:07,ビップルーチェ,,牝,2,0,田島俊明,73.6,53.6,35.7,17.5,20.0,17.9,18.2,17.5
美浦,20260815,土,5:07,ベアヒロシデス,,牡,2,未出走,杉浦宏昭,72.0,52.6,34.5,17.2,19.4,18.1,17.3,17.2
美浦,20260815,土,5:07,モーゲンセン,,牡,3,900,斎藤誠,64.3,47.0,30.7,15.2,17.3,16.3,15.5,15.2
美浦,20260815,土,5:07,ルスデルカミーノ,,牡,2,未出走,杉浦宏昭,67.4,49.0,32.1,15.8,18.4,16.9,16.3,15.8
美浦,20260815,土,5:07,レインボーラッキー,,牝,4,400,斎藤誠,63.2,46.5,30.8,15.3,16.7,15.7,15.5,15.3
美浦,20260815,土,5:08,イッテラッシャイ,,牡,3,2100,斎藤誠,68.0,50.2,33.3,16.6,17.8,16.9,16.7,16.6
美浦,20260815,土,5:08,ウラヌスリング,,牝,3,0,斎藤誠,67.8,50.6,33.7,16.5,17.2,16.9,17.2,16.5
美浦,20260815,土,5:08,コスモマルーン,,牝,6,860,秋本大介,66.8,47.2,31.3,15.3,19.6,15.9,16.0,15.3
美浦,20260815,土,5:08,ゴットランド,,牡,4,400,斎藤誠,67.7,50.2,33.3,16.6,17.5,16.9,16.7,16.6
美浦,20260815,土,5:08,ゼーゲルン,,牡,2,未登録,,67.4,50.0,33.2,16.6,17.4,16.8,16.6,16.6
美浦,20260815,土,5:08,ダイユウルミナス,,牝,3,0,松永康利,70.1,50.5,32.3,15.7,19.6,18.2,16.6,15.7
美浦,20260815,土,5:08,ピクシーゲイル,,牡,3,0,松永康利,69.7,50.3,32.0,15.5,19.4,18.3,16.5,15.5
美浦,20260815,土,5:08,モジャーリオ,,牡,4,1500,斎藤誠,67.7,50.1,33.3,16.1,17.6,16.8,17.2,16.1
美浦,20260815,土,5:08,ローズサルーテ,,牝,2,未出走,松永康利,69.9,50.7,32.4,15.9,19.2,18.3,16.5,15.9
美浦,20260815,土,5:08,ワインレッドハート,,牝,3,0,戸田博文,68.1,49.6,32.2,15.7,18.5,17.4,16.5,15.7
美浦,20260815,土,5:09,ウルウノマーズ,,牝,2,未出走,青木孝文,66.4,48.8,31.9,16.1,17.6,16.9,15.8,16.1
美浦,20260815,土,5:09,タイセイフェリーク,,牝,6,1500,青木孝文,65.1,47.6,31.0,15.5,17.5,16.6,15.5,15.5
美浦,20260815,土,5:09,プリマラクーン,,牝,2,未登録,,65.9,48.7,31.8,15.9,17.2,16.9,15.9,15.9
美浦,20260815,土,5:09,ユキノロイヤル,,牡,5,1500,小野次郎,67.8,48.9,31.6,15.6,18.9,17.3,16.0,15.6
美浦,20260815,土,5:10,アエログラム,,牡,3,0,菊沢隆徳,68.2,49.7,33.0,16.2,18.5,16.7,16.8,16.2
美浦,20260815,土,5:10,ウィステリアリヴァ,,牡,6,1500,小野次郎,74.6,54.5,35.4,17.6,20.1,19.1,17.8,17.6
美浦,20260815,土,5:10,グレヴィレア,,牝,4,80,浅利英明,65.1,48.0,31.1,15.7,17.1,16.9,15.4,15.7
美浦,20260815,土,5:10,サルサブラヴァ,,牡,3,0,奥村武,69.1,50.5,33.7,16.8,18.6,16.8,16.9,16.8
美浦,20260815,土,5:10,チャリングクロス,,牡,3,1500,奥村武,71.1,50.8,33.2,16.5,20.3,17.6,16.7,16.5
美浦,20260815,土,5:10,トロピカルヒーロー,,牡,6,900,石栗龍彦,70.7,51.6,33.8,16.7,19.1,17.8,17.1,16.7
美浦,20260815,土,5:10,トーセンイビサ,,牝,2,未出走,菊沢隆徳,67.4,49.4,32.6,16.0,18.0,16.8,16.6,16.0
美浦,20260815,土,5:10,バトラーズワーフ,,セ,4,0,浅利英明,65.2,48.0,30.7,14.8,17.2,17.3,15.9,14.8
美浦,20260815,土,5:11,アンヴデット,,牝,3,0,高橋文雅,71.1,51.6,33.6,16.6,19.5,18.0,17.0,16.6
美浦,20260815,土,5:11,タイキオーベロン,,牡,4,400,高木登,71.1,52.0,34.0,17.1,19.1,18.0,16.9,17.1
美浦,20260815,土,5:11,ニットウライズ,,牡,3,0,高橋文雅,70.8,51.5,33.6,16.6,19.3,17.9,17.0,16.6
美浦,20260815,土,5:11,ネクストドア,,牡,3,0,高橋文雅,68.4,49.7,31.6,15.7,18.7,18.1,15.9,15.7
美浦,20260815,土,5:11,パンパネイラ,,セ,3,0,高橋文雅,69.1,50.7,32.7,16.0,18.4,18.0,16.7,16.0
美浦,20260815,土,5:11,フクオトコ,,牡,3,0,菊沢隆徳,70.3,49.9,31.5,15.2,20.4,18.4,16.3,15.2
美浦,20260815,土,5:11,ブリックアブラック,,牡,3,0,高木登,72.0,52.5,34.3,17.1,19.5,18.2,17.2,17.1
美浦,20260815,土,5:11,ペールデュクラン,,牝,3,0,菊沢隆徳,68.4,49.7,32.0,15.3,18.7,17.7,16.7,15.3
美浦,20260815,土,5:11,マイセイバー,,牡,2,未出走,高橋文雅,71.2,51.5,33.5,16.7,19.7,18.0,16.8,16.7
美浦,20260815,土,5:11,モルスリール,,牡,2,未出走,高木登,71.9,52.7,34.6,17.3,19.2,18.1,17.3,17.3
美浦,20260815,土,5:11,モンシュマン,,牡,5,1500,辻哲英,139.5,98.9,63.8,30.4,40.6,35.1,33.4,30.4
美浦,20260815,土,5:11,ヤマニンエンディマ,,牡,6,1500,辻哲英,140.3,99.7,64.4,31.2,40.6,35.3,33.2,31.2
美浦,20260815,土,5:11,ルミナスレイナ,,牝,3,0,菊沢隆徳,68.6,50.3,32.4,15.4,18.3,17.9,17.0,15.4
美浦,20260815,土,5:11,ヴァルツァーシャル,,牡,7,6300,高木登,72.1,52.8,34.7,17.3,19.3,18.1,17.4,17.3
美浦,20260815,土,5:12,グロッシェン,,牡,5,1500,手塚貴徳,64.9,47.6,31.3,15.4,17.3,16.3,15.9,15.4
美浦,20260815,土,5:12,ストロングボイス,,牡,2,未出走,手塚貴徳,69.9,51.5,33.8,16.6,18.4,17.7,17.2,16.6
美浦,20260815,土,5:12,タイセイリッター,,牡,2,未出走,新開幸一,71.0,51.1,31.9,15.8,19.9,19.2,16.1,15.8
美浦,20260815,土,5:12,デリシュー,,牡,5,180,新開幸一,68.7,48.6,29.9,14.7,20.1,18.7,15.2,14.7
美浦,20260815,土,5:12,ブレトワルダ,,セ,4,1500,新開幸一,64.6,47.3,30.9,15.5,17.3,16.4,15.4,15.5
美浦,20260815,土,5:12,プラチナトレジャー,,牡,8,2400,高木登,70.9,52.2,34.1,17.4,18.7,18.1,16.7,17.4
美浦,20260815,土,5:12,ルグランヴァン,,牡,4,1500,高木登,69.8,51.5,33.6,17.1,18.3,17.9,16.5,17.1
美浦,20260815,土,5:12,ロジパンドラ,,牝,2,未出走,新開幸一,71.6,51.8,32.9,16.0,19.8,18.9,16.9,16.0
美浦,20260815,土,5:13,オーケーエース,,牡,2,0,相沢郁,64.5,48.4,31.1,15.5,16.1,17.3,15.6,15.5
美浦,20260815,土,5:13,クロドラバール,,セ,5,900,奥村武,68.1,50.8,33.8,16.9,17.3,17.0,16.9,16.9
美浦,20260815,土,5:13,ジッピーレーサー,,セ,9,900,天間昭一,74.3,54.9,36.7,18.5,19.4,18.2,18.2,18.5
美浦,20260815,土,5:13,ジーククローネ,,セ,6,400,宮田敬介,66.6,48.8,31.3,14.9,17.8,17.5,16.4,14.9
美浦,20260815,土,5:13,ニシノイケガミ,,牡,2,未出走,奥平雅士,65.8,48.3,32.4,16.8,17.5,15.9,15.6,16.8
美浦,20260815,土,5:13,ポッドロワール,,牡,4,1500,畠山吉宏,60.8,44.7,29.2,14.4,16.1,15.5,14.8,14.4
美浦,20260815,土,5:13,マイネルゼーロス,,牡,3,0,相沢郁,65.2,48.1,31.4,15.5,17.1,16.7,15.9,15.5
美浦,20260815,土,5:13,ロデオドライブ,,牡,3,8500,辻哲英,69.0,49.7,32.0,15.7,19.3,17.7,16.3,15.7
美浦,20260815,土,5:14,サトノアルペジオ,,セ,6,870,大和田成,62.8,46.5,31.2,15.9,16.3,15.3,15.3,15.9
美浦,20260815,土,5:14,スリーフラワー,,牝,2,0,伊藤圭三,71.1,52.3,34.6,16.4,18.8,17.7,18.2,16.4
美浦,20260815,土,5:14,テリオスレイ,,牝,3,0,田島俊明,71.1,51.9,33.9,16.7,19.2,18.0,17.2,16.7
美浦,20260815,土,5:14,ドーンオブホープ,,牡,2,未出走,伊藤圭三,72.0,52.8,34.2,16.9,19.2,18.6,17.3,16.9
美浦,20260815,土,5:14,ナグルファル,,セ,4,900,中舘英二,54.0,39.1,24.8,12.2,14.9,14.3,12.6,12.2
美浦,20260815,土,5:14,ヴェネチアンキング,,牡,3,400,伊藤圭三,70.4,51.1,33.2,16.3,19.3,17.9,16.9,16.3
美浦,20260815,土,5:15,アルプスオジョー,,牝,5,400,手塚貴徳,64.5,47.1,31.3,15.5,17.4,15.8,15.8,15.5
美浦,20260815,土,5:15,イズミル,,牡,2,未出走,中舘英二,70.4,51.7,33.5,16.5,18.7,18.2,17.0,16.5
美浦,20260815,土,5:15,エクスマキナ,,牝,2,0,手塚貴徳,75.0,54.3,35.2,17.4,20.7,19.1,17.8,17.4
美浦,20260815,土,5:15,エトワールレーヌ,,牝,2,未登録,,70.5,51.4,33.4,16.1,19.1,18.0,17.3,16.1
美浦,20260815,土,5:15,グラニット,,牡,6,1600,大和田成,67.4,49.4,32.6,16.4,18.0,16.8,16.2,16.4
美浦,20260815,土,5:15,スイートアリッサム,,牝,2,0,大和田成,65.3,48.0,31.5,15.8,17.3,16.5,15.7,15.8
美浦,20260815,土,5:15,スペードギニー,,セ,4,80,大和田成,70.3,51.4,33.3,16.2,18.9,18.1,17.1,16.2
美浦,20260815,土,5:15,ハセドン,,牡,7,3100,大和田成,66.0,48.5,31.4,15.3,17.5,17.1,16.1,15.3
美浦,20260815,土,5:15,バトルモクオ,,牡,3,0,戸田博文,71.3,52.0,34.1,17.1,19.3,17.9,17.0,17.1
美浦,20260815,土,5:15,プレママドンナ,,牝,2,0,手塚貴徳,65.8,48.1,31.3,15.5,17.7,16.8,15.8,15.5
美浦,20260815,土,5:16,マイネルクロカータ,,牡,2,0,萱野浩二,70.5,51.8,34.3,17.8,18.7,17.5,16.5,17.8
美浦,20260815,土,5:17,ジワタネホ,,牝,3,400,中舘英二,69.7,51.2,33.4,16.5,18.5,17.8,16.9,16.5
美浦,20260815,土,5:17,トウタツ,,牡,4,400,小手川準,66.9,49.3,32.4,16.4,17.6,16.9,16.0,16.4
美浦,20260815,土,5:17,プリンセスダーコ,,牝,3,0,清水英克,70.0,51.6,34.3,17.4,18.4,17.3,16.9,17.4
美浦,20260815,土,5:17,メモリーグラス,,牡,6,900,松永康利,66.8,49.5,32.6,16.7,17.3,16.9,15.9,16.7
美浦,20260815,土,5:18,アスパラゴ,,牝,3,400,中舘英二,69.6,51.2,33.2,16.4,18.4,18.0,16.8,16.4
美浦,20260815,土,5:18,シーラーステート,,牡,2,未出走,室井潔,69.3,51.3,33.7,16.8,18.0,17.6,16.9,16.8
美浦,20260815,土,5:18,ピグマリオン,,牡,3,0,室井潔,67.4,49.8,33.0,16.5,17.6,16.8,16.5,16.5
美浦,20260815,土,5:18,マーシヴィガラス,,牡,6,900,的場均,69.3,51.1,33.1,16.5,18.2,18.0,16.6,16.5
美浦,20260815,土,5:19,アルシャンティ,,牝,4,100,室井潔,70.0,51.4,34.2,17.0,18.6,17.2,17.2,17.0
美浦,20260815,土,5:19,スピリットサージ,,牝,4,380,室井潔,82.9,60.2,39.2,19.3,22.7,21.0,19.9,19.3
美浦,20260815,土,5:19,タイヨウノユビワ,,牝,3,0,小島茂之,64.3,47.2,30.8,15.8,17.1,16.4,15.0,15.8
美浦,20260815,土,5:19,フクシマブリルハム,,牡,3,400,小島茂之,64.4,47.1,30.3,15.1,17.3,16.8,15.2,15.1
美浦,20260815,土,5:19,リドルトリガー,,牝,4,130,小島茂之,64.5,47.0,30.2,14.7,17.5,16.8,15.5,14.7
美浦,20260815,土,5:20,ゴーイントゥスカイ,,牡,3,3100,上原佑紀,64.8,46.7,30.2,15.0,18.1,16.5,15.2,15.0
美浦,20260815,土,5:20,フォルテアンジェロ,,牡,3,1800,上原佑紀,63.9,45.5,29.2,14.7,18.4,16.3,14.5,14.7
美浦,20260815,土,5:20,マーガレットクレア,,牝,3,400,黒岩陽一,64.5,46.9,30.7,15.1,17.6,16.2,15.6,15.1
美浦,20260815,土,5:20,レイフロレット,,牝,5,120,和田雄二,66.8,49.1,32.2,16.1,17.7,16.9,16.1,16.1
美浦,20260815,土,5:21,クロノスフィア,,牝,2,未出走,黒岩陽一,64.1,47.0,30.7,15.3,17.1,16.3,15.4,15.3
美浦,20260815,土,5:21,ケイツーズウォティ,,牡,2,未出走,深山雅史,59.4,45.0,31.5,17.2,14.4,13.5,14.3,17.2
美浦,20260815,土,5:21,ニシノドリーマー,,牝,2,未出走,竹内正洋,68.5,49.1,31.8,15.3,19.4,17.3,16.5,15.3
美浦,20260815,土,5:21,ニシノランペイジ,,牡,3,0,松山将樹,55.0,39.9,25.8,12.7,15.1,14.1,13.1,12.7
美浦,20260815,土,5:21,バイオレットアレー,,牝,2,未登録,,70.1,49.9,32.0,15.7,20.2,17.9,16.3,15.7
美浦,20260815,土,5:21,ユキノエミリオ,,牡,4,900,竹内正洋,68.4,49.3,31.7,15.5,19.1,17.6,16.2,15.5
美浦,20260815,土,5:22,エコロゲラン,,牡,2,未出走,古賀大生,71.5,53.3,35.7,17.7,18.2,17.6,18.0,17.7
美浦,20260815,土,5:22,キャミソール,,牝,2,未出走,深山雅史,74.2,54.0,35.6,17.4,20.2,18.4,18.2,17.4
美浦,20260815,土,5:22,シトラール,,牡,5,400,古賀大生,64.2,47.4,30.2,14.9,16.8,17.2,15.3,14.9
美浦,20260815,土,5:22,ショウナンワンパク,,牡,2,未出走,古賀大生,71.1,52.5,35.3,18.0,18.6,17.2,17.3,18.0
美浦,20260815,土,5:22,ジェラシックパーク,,牝,2,未出走,深山雅史,74.2,54.0,35.7,17.4,20.2,18.3,18.3,17.4
美浦,20260815,土,5:22,ミッキーサウザンド,,牡,3,0,古賀大生,67.0,49.4,32.5,16.5,17.6,16.9,16.0,16.5
美浦,20260815,土,5:22,ルシャルムール,,セ,4,400,古賀大生,66.9,49.3,32.3,16.5,17.6,17.0,15.8,16.5
美浦,20260815,土,5:23,コウセイケンタロス,,セ,4,0,和田雄二,66.5,49.0,32.0,15.7,17.5,17.0,16.3,15.7
美浦,20260815,土,5:23,スペイドアン,,牡,5,1500,加藤士津,66.3,48.2,31.8,15.7,18.1,16.4,16.1,15.7
美浦,20260815,土,5:23,ハクサンミレイ,,牝,3,0,松山将樹,68.9,50.4,33.4,16.3,18.5,17.0,17.1,16.3
美浦,20260815,土,5:23,ベルトラッキ,,牡,3,0,加藤士津,63.4,47.6,30.7,14.7,15.8,16.9,16.0,14.7
美浦,20260815,土,5:25,ルスカーレット,,牝,2,未登録,,64.4,48.0,31.7,16.2,16.4,16.3,15.5,16.2
美浦,20260815,土,5:25,ワンコール,,牝,2,0,牧光二,63.8,47.2,30.8,15.6,16.6,16.4,15.2,15.6
美浦,20260815,土,5:26,アイビーチーキー,,牡,3,400,加藤士津,65.5,48.0,31.4,15.7,17.5,16.6,15.7,15.7
美浦,20260815,土,5:26,ヒゲキリ,,牡,2,未出走,加藤士津,65.4,48.5,32.3,16.0,16.9,16.2,16.3,16.0
美浦,20260815,土,5:27,ビシット,,牝,2,未出走,石栗龍彦,72.1,53.5,35.6,17.5,18.6,17.9,18.1,17.5
美浦,20260815,土,5:28,スイートオレンジ,,牝,4,900,中川公成,58.6,42.5,28.2,13.9,16.1,14.3,14.3,13.9
美浦,20260815,土,5:29,コパノヴィンセント,,牡,4,1600,上原博之,66.5,47.9,31.5,15.8,18.6,16.4,15.7,15.8
美浦,20260815,土,5:29,ソードスレイプニル,,牝,3,400,鈴木慎太,72.1,53.5,35.1,17.2,18.6,18.4,17.9,17.2
美浦,20260815,土,5:29,ツェルプスト,,牡,2,未出走,上原博之,69.3,51.6,34.1,16.8,17.7,17.5,17.3,16.8
美浦,20260815,土,5:29,ティアラスピリット,,牝,2,0,上原博之,70.7,51.8,34.1,17.5,18.9,17.7,16.6,17.5
美浦,20260815,土,5:33,エナノムスメ,,牝,3,0,伊藤大士,64.5,47.6,31.1,15.5,16.9,16.5,15.6,15.5
美浦,20260815,土,5:33,カセノソレイユ,,牡,3,0,鈴木伸尋,69.7,51.4,33.1,16.2,18.3,18.3,16.9,16.2
美浦,20260815,土,5:33,ガードオブオナー,,牡,3,0,林徹,58.9,44.3,30.1,15.1,14.6,14.2,15.0,15.1
美浦,20260815,土,5:33,コートアリシアン,,牝,4,1600,伊藤大士,66.0,49.2,33.2,16.3,16.8,16.0,16.9,16.3
美浦,20260815,土,5:33,サプーズ,,牝,3,0,伊藤大士,64.3,47.2,31.1,15.9,17.1,16.1,15.2,15.9
美浦,20260815,土,5:33,ダイユウレゾナンス,,牝,3,0,松永康利,63.9,46.9,31.1,16.0,17.0,15.8,15.1,16.0
美浦,20260815,土,5:34,ウモラダエピカ,,牝,3,未出走,林徹,62.4,46.2,30.4,15.1,16.2,15.8,15.3,15.1
美浦,20260815,土,5:34,オストラヴァ,,牡,4,1500,林徹,62.5,46.2,30.5,15.1,16.3,15.7,15.4,15.1
美浦,20260815,土,5:34,タッセルノット,,牝,3,400,林徹,62.7,46.3,30.7,15.3,16.4,15.6,15.4,15.3
美浦,20260815,土,5:34,ツァガーンサル,,牝,4,340,平岩大典,71.7,52.0,34.1,16.9,19.7,17.9,17.2,16.9
美浦,20260815,土,5:34,ニシノギャルズ,,牝,3,0,水野貴広,69.2,51.4,33.7,16.3,17.8,17.7,17.4,16.3
美浦,20260815,土,5:34,フィクセルリリア,,牝,3,0,平岩大典,73.0,53.4,34.2,17.1,19.6,19.2,17.1,17.1
美浦,20260815,土,5:34,ミクニブレイブ,,牡,2,未出走,林徹,70.9,52.9,35.3,17.1,18.0,17.6,18.2,17.1
美浦,20260815,土,5:35,カガラプンツェル,,牝,3,900,萱野浩二,66.7,49.8,32.8,16.5,16.9,17.0,16.3,16.5
美浦,20260815,土,5:35,ピエナモルタル,,牡,2,未登録,,67.2,50.1,33.7,17.6,17.1,16.4,16.1,17.6
美浦,20260815,土,5:37,ウマッター,,牝,2,未出走,加藤和宏,67.1,49.7,33.0,16.7,17.4,16.7,16.3,16.7
美浦,20260815,土,5:37,オレイア,,牝,4,450,加藤和宏,68.7,50.2,32.9,16.7,18.5,17.3,16.2,16.7
美浦,20260815,土,5:38,ブルージャイアント,,牡,4,400,蛯名正義,64.2,47.0,31.1,15.9,17.2,15.9,15.2,15.9
美浦,20260815,土,5:38,リメンバーシドニー,,牝,3,0,的場均,72.5,53.4,36.1,18.3,19.1,17.3,17.8,18.3
美浦,20260815,土,5:38,レッドモンレーヴ,,牡,7,11150,蛯名正義,66.5,49.5,32.5,16.1,17.0,17.0,16.4,16.1
美浦,20260815,土,5:39,アラータス,,牡,2,0,秋本大介,65.8,48.7,32.1,16.3,17.1,16.6,15.8,16.3
美浦,20260815,土,5:39,カセノアステリア,,牝,3,400,鈴木伸尋,78.8,54.7,33.5,16.2,24.1,21.2,17.3,16.2
美浦,20260815,土,5:40,キタノエフロレス,,牝,2,未出走,粕谷昌央,64.4,48.7,32.5,16.4,15.7,16.2,16.1,16.4
美浦,20260815,土,5:40,キャンディメモリー,,牝,2,未出走,粕谷昌央,66.3,48.0,31.4,15.9,18.3,16.6,15.5,15.9
美浦,20260815,土,5:40,グローリアスダンス,,牝,3,0,粕谷昌央,66.4,48.3,31.9,16.6,18.1,16.4,15.3,16.6
美浦,20260815,土,5:40,ホークマン,,牡,5,810,粕谷昌央,64.8,49.1,32.4,16.2,15.7,16.7,16.2,16.2
美浦,20260815,土,5:41,アンミサブル,,牡,2,未登録,,70.5,52.3,34.5,17.3,18.2,17.8,17.2,17.3
美浦,20260815,土,5:41,カシノデスティニー,,牝,2,未登録,,71.5,52.6,34.4,16.9,18.9,18.2,17.5,16.9
美浦,20260815,土,5:41,ゴーゼンチュー,,牝,2,0,和田雄二,68.1,49.8,32.8,16.8,18.3,17.0,16.0,16.8
美浦,20260815,土,5:41,モントーヤ,,牡,3,0,浅利英明,68.1,48.9,31.5,15.1,19.2,17.4,16.4,15.1
美浦,20260815,土,5:42,ゴールデンステップ,,牝,5,400,和田勇介,68.5,50.1,32.9,16.2,18.4,17.2,16.7,16.2
美浦,20260815,土,5:42,スローブギ,,牡,2,未出走,和田勇介,66.1,48.8,31.6,15.3,17.3,17.2,16.3,15.3
美浦,20260815,土,5:42,ダノンマスタング,,牡,3,0,田中博康,62.8,45.5,29.6,14.6,17.3,15.9,15.0,14.6
美浦,20260815,土,5:42,メイショウソラル,,牡,3,0,和田勇介,67.2,49.6,32.1,15.5,17.6,17.5,16.6,15.5
美浦,20260815,土,5:42,モリガン,,牝,3,0,柄崎将寿,61.8,45.7,30.7,15.6,16.1,15.0,15.1,15.6
美浦,20260815,土,5:42,ヴァルキリーバース,,牝,4,3350,田中博康,60.6,44.0,29.0,14.7,16.6,15.0,14.3,14.7
美浦,20260815,土,5:43,エリオステモン,,牝,3,0,柄崎将寿,66.7,49.2,32.8,16.1,17.5,16.4,16.7,16.1
美浦,20260815,土,5:43,オレンジリバー,,牝,3,0,黒岩陽一,63.5,46.3,30.3,15.2,17.2,16.0,15.1,15.2
美浦,20260815,土,5:43,ゴールドバーニング,,牝,2,未出走,柄崎将寿,66.7,48.5,31.5,14.9,18.2,17.0,16.6,14.9
美浦,20260815,土,5:43,ファムクラジューズ,,牝,3,900,黒岩陽一,65.7,47.9,31.0,15.2,17.8,16.9,15.8,15.2
美浦,20260815,土,5:43,ヴィクトリーロード,,牡,6,580,畠山吉宏,68.3,50.0,33.1,16.8,18.3,16.9,16.3,16.8
美浦,20260815,土,5:44,ウインドワンピース,,牡,6,400,新開幸一,69.5,50.7,33.4,16.4,18.8,17.3,17.0,16.4
美浦,20260815,土,5:44,シカゴキャッツ,,牡,3,0,新開幸一,73.1,54.5,36.6,18.5,18.6,17.9,18.1,18.5
美浦,20260815,土,5:46,ブリスフル,,牡,5,400,武市康男,76.1,56.8,37.4,18.3,19.3,19.4,19.1,18.3
美浦,20260815,土,5:47,ドンエレクトス,,牡,3,1900,高木登,70.7,51.3,33.2,16.3,19.4,18.1,16.9,16.3
美浦,20260815,土,5:47,ドントゥザムーン,,牡,4,900,高木登,70.8,51.6,33.4,16.5,19.2,18.2,16.9,16.5
美浦,20260815,土,5:47,ドンレパルス,,牡,7,1500,高木登,69.9,51.2,33.0,16.2,18.7,18.2,16.8,16.2
美浦,20260815,土,5:47,ベルゼビュート,,牡,3,400,高木登,71.3,51.7,33.5,16.7,19.6,18.2,16.8,16.7
美浦,20260815,土,5:50,ジェイエルバージ,,牡,2,未出走,伊坂重信,69.7,50.5,32.7,16.8,19.2,17.8,15.9,16.8
美浦,20260815,土,5:50,ヘイルメリーラン,,セ,3,250,松山将樹,66.3,49.7,33.3,17.1,16.6,16.4,16.2,17.1
美浦,20260815,土,5:51,アオゾラランチ,,牝,3,0,戸田博文,74.2,54.7,35.9,17.7,19.5,18.8,18.2,17.7
美浦,20260815,土,5:51,ウインドオブヘヴン,,牡,3,0,戸田博文,74.7,55.9,36.9,18.4,18.8,19.0,18.5,18.4
美浦,20260815,土,5:51,シルバープレミア,,牝,3,0,西田雄一,66.2,48.9,32.1,15.8,17.3,16.8,16.3,15.8
美浦,20260815,土,5:51,ソルティアーラ,,牝,3,0,西田雄一,65.7,48.4,32.0,16.1,17.3,16.4,15.9,16.1
美浦,20260815,土,5:52,オートカリテ,,牝,3,0,牧光二,68.0,50.1,33.1,16.6,17.9,17.0,16.5,16.6
美浦,20260815,土,5:52,ライヴテキーラ,,牝,2,未出走,牧光二,62.9,46.5,30.6,15.3,16.4,15.9,15.3,15.3
美浦,20260815,土,5:52,リメンバーシドニー,,牝,3,0,的場均,70.0,51.1,33.2,16.4,18.9,17.9,16.8,16.4
美浦,20260815,土,5:52,レオリアライズ,,牝,2,0,牧光二,63.0,46.7,30.9,15.3,16.3,15.8,15.6,15.3
美浦,20260815,土,5:53,オルトパラティウム,,牡,5,900,金成貴史,64.2,47.9,31.3,15.4,16.3,16.6,15.9,15.4
美浦,20260815,土,5:53,サーロー,,牝,3,400,勢司和浩,72.2,52.7,33.9,16.1,19.5,18.8,17.8,16.1
美浦,20260815,土,5:53,ツインピークス,,牝,4,400,千葉直人,71.2,50.7,31.6,15.2,20.5,19.1,16.4,15.2
美浦,20260815,土,5:53,ディサイドオンミー,,牝,3,0,堀内岳志,77.5,55.8,35.8,16.7,21.7,20.0,19.1,16.7
美浦,20260815,土,5:53,ルバルマン,,牡,2,未登録,,69.8,49.1,30.8,14.9,20.7,18.3,15.9,14.9
美浦,20260815,土,5:54,サイモンナイスラン,,牡,3,0,勢司和浩,72.1,52.7,34.3,16.8,19.4,18.4,17.5,16.8
美浦,20260815,土,5:54,ペルシアーノ,,牝,3,0,相沢郁,66.0,49.2,32.2,15.7,16.8,17.0,16.5,15.7
美浦,20260815,土,5:54,マイネルアレス,,牡,4,900,相沢郁,65.5,48.4,31.7,15.4,17.1,16.7,16.3,15.4
美浦,20260815,土,5:56,スルーザゴールド,,牡,3,0,青木孝文,65.4,48.9,32.1,16.5,16.5,16.8,15.6,16.5
美浦,20260815,土,5:56,タイセイエキサイト,,牡,3,400,青木孝文,65.4,48.5,32.0,16.1,16.9,16.5,15.9,16.1
美浦,20260815,土,5:56,フェリスチカ,,牝,4,80,伊藤伸一,63.0,46.4,30.7,15.7,16.6,15.7,15.0,15.7
美浦,20260815,土,6:00,ギムナシオン,,牡,2,未出走,嘉藤貴行,64.4,47.2,31.1,14.9,17.2,16.1,16.2,14.9
美浦,20260815,土,6:00,コスモアンソロジー,,牡,4,1500,嘉藤貴行,65.0,47.4,30.4,14.8,17.6,17.0,15.6,14.8
美浦,20260815,土,6:00,コスモコリウス,,牡,2,未出走,栗田徹,65.8,48.9,32.1,16.4,16.9,16.8,15.7,16.4
美浦,20260815,土,6:00,ショウナンバッカス,,牡,2,未出走,栗田徹,68.4,50.1,32.7,16.3,18.3,17.4,16.4,16.3
美浦,20260815,土,6:00,スノーキャップ,,牡,2,0,嘉藤貴行,64.5,47.9,31.5,15.4,16.6,16.4,16.1,15.4
美浦,20260815,土,6:00,ナムラダックス,,牡,2,0,石栗龍彦,69.1,50.8,32.7,15.6,18.3,18.1,17.1,15.6
美浦,20260815,土,6:00,ポンテヴェッキオ,,牡,3,0,栗田徹,67.6,50.5,33.3,16.8,17.1,17.2,16.5,16.8
美浦,20260815,土,6:01,ウッケン,,牝,3,0,松山将樹,66.6,49.2,31.8,15.0,17.4,17.4,16.8,15.0
美浦,20260815,土,6:01,グラスハーティー,,牝,3,0,松山将樹,66.6,49.1,31.7,15.2,17.5,17.4,16.5,15.2
美浦,20260815,土,6:25,カズシ,,牡,3,0,高柳瑞樹,68.2,50.4,32.8,16.4,17.8,17.6,16.4,16.4
美浦,20260815,土,6:25,カーマンライン,,セ,5,400,小島茂之,57.3,41.6,27.3,13.6,15.7,14.3,13.7,13.6
美浦,20260815,土,6:25,セレスティナ,,牝,2,未出走,高柳瑞樹,68.0,49.8,32.5,15.8,18.2,17.3,16.7,15.8
美浦,20260815,土,6:25,ルクスマグナ,,牡,2,0,高柳瑞樹,68.1,51.2,33.5,16.5,16.9,17.7,17.0,16.5
美浦,20260815,土,6:26,カンフーヒーロー,,牡,3,0,的場均,71.6,51.7,33.2,17.0,19.9,18.5,16.2,17.0
美浦,20260815,土,6:26,ショウナンライシン,,牡,6,3800,大竹正博,65.4,48.0,31.0,15.5,17.4,17.0,15.5,15.5
美浦,20260815,土,6:26,ボニープリンス,,牡,3,400,大竹正博,65.3,48.0,30.9,14.9,17.3,17.1,16.0,14.9
美浦,20260815,土,6:26,ララマセラシオン,,牡,5,3250,大竹正博,65.0,47.8,30.4,14.7,17.2,17.4,15.7,14.7
美浦,20260815,土,6:27,スロノス,,牡,2,未出走,上原佑紀,62.8,46.7,30.2,14.4,16.1,16.5,15.8,14.4
美浦,20260815,土,6:27,ブラッククラウズ,,牡,3,0,尾関知人,55.1,40.1,26.4,13.0,15.0,13.7,13.4,13.0
美浦,20260815,土,6:27,ミエノストロング,,牡,3,400,上原佑紀,63.1,46.4,30.1,14.7,16.7,16.3,15.4,14.7
美浦,20260815,土,6:27,ラッキーモア,,牡,3,0,尾関知人,55.3,40.1,26.4,13.0,15.2,13.7,13.4,13.0
美浦,20260815,土,6:27,レッドアバンドーネ,,牡,2,未出走,上原佑紀,63.2,46.7,30.3,14.4,16.5,16.4,15.9,14.4
美浦,20260815,土,6:27,ロジルーラー,,牡,5,400,稲垣幸雄,64.1,47.7,31.4,15.9,16.4,16.3,15.5,15.9
美浦,20260815,土,6:27,ワザモノ,,牡,8,900,尾関知人,56.5,41.7,27.1,13.3,14.8,14.6,13.8,13.3
美浦,20260815,土,6:28,ハヌル,,牝,5,400,岩戸孝樹,55.8,40.5,25.7,12.3,15.3,14.8,13.4,12.3
美浦,20260815,土,6:28,ラベンダーヘイズ,,牡,3,400,岩戸孝樹,55.4,40.1,25.4,12.3,15.3,14.7,13.1,12.3
美浦,20260815,土,6:29,トレベルオール,,牡,5,440,辻哲英,68.4,49.0,31.5,15.3,19.4,17.5,16.2,15.3
美浦,20260815,土,6:31,スマイルカーブ,,牝,3,400,小手川準,71.3,51.3,33.0,16.3,20.0,18.3,16.7,16.3
美浦,20260815,土,6:31,セイウンデセオ,,牝,5,900,小手川準,69.1,50.4,33.3,16.6,18.7,17.1,16.7,16.6
美浦,20260815,土,6:32,アーバーバイティ,,牡,2,未出走,武市康男,67.0,49.5,32.5,16.5,17.5,17.0,16.0,16.5
美浦,20260815,土,6:32,グランレーヴ,,牡,2,未出走,武市康男,66.4,48.9,32.0,16.2,17.5,16.9,15.8,16.2
美浦,20260815,土,6:32,ベンヴェヌータ,,牝,3,900,辻哲英,0.0,0.0,0.0,0.0,40.1,39.1,37.2,0.0
美浦,20260815,土,6:32,マルチャン,,牡,6,1500,武市康男,66.7,49.0,32.3,16.1,17.7,16.7,16.2,16.1
美浦,20260815,土,6:33,カフェシューター,,牡,3,400,中舘英二,67.6,49.6,32.3,15.7,18.0,17.3,16.6,15.7
美浦,20260815,土,6:33,セイルトゥグローリ,,牡,2,0,中舘英二,67.8,49.5,32.4,16.0,18.3,17.1,16.4,16.0
美浦,20260815,土,6:33,ベブレンハイム,,牡,2,未登録,,67.8,49.5,32.1,16.2,18.3,17.4,15.9,16.2
美浦,20260815,土,6:33,ラルコ,,牝,2,未出走,中舘英二,67.4,49.4,31.7,16.0,18.0,17.7,15.7,16.0
美浦,20260815,土,6:33,ワインダークシー,,牡,3,0,中舘英二,67.7,49.5,32.2,16.0,18.2,17.3,16.2,16.0
美浦,20260815,土,6:34,ウイニングレイ,,牝,2,0,戸田博文,76.0,57.0,37.9,19.2,19.0,19.1,18.7,19.2
美浦,20260815,土,6:35,エリカカリーナ,,牝,5,900,宮田敬介,68.8,50.0,32.3,16.1,18.8,17.7,16.2,16.1
美浦,20260815,土,6:35,ジャスティンシカゴ,,牡,3,900,宮田敬介,65.1,46.8,30.1,14.9,18.3,16.7,15.2,14.9
美浦,20260815,土,6:36,グラスアロー,,牡,3,0,菊川正達,68.5,50.2,32.9,16.5,18.3,17.3,16.4,16.5
美浦,20260815,土,6:36,ペイシャラム,,牝,3,0,菊川正達,68.6,50.5,33.3,16.8,18.1,17.2,16.5,16.8
美浦,20260815,土,6:36,ボンヌソワレ,,牝,4,1500,宮田敬介,68.5,50.0,32.3,15.5,18.5,17.7,16.8,15.5
美浦,20260815,土,6:36,ラトルシェ,,牝,4,900,菊川正達,67.9,49.7,32.3,16.1,18.2,17.4,16.2,16.1
美浦,20260815,土,6:37,セイカタカキヤチク,,牡,2,0,相沢郁,70.2,51.9,33.8,16.9,18.3,18.1,16.9,16.9
美浦,20260815,土,6:37,ファンダム,,牡,4,3650,辻哲英,139.3,99.4,63.9,30.9,39.9,35.5,33.0,30.9
美浦,20260815,土,6:38,キチロクゴール,,牡,3,0,松永康利,65.5,47.7,30.7,15.5,17.8,17.0,15.2,15.5
美浦,20260815,土,6:38,サトノビーツ,,牡,4,480,田中博康,59.9,44.3,28.7,14.3,15.6,15.6,14.4,14.3
美浦,20260815,土,6:38,ノリキング,,牡,3,0,伊藤大士,63.6,47.3,31.4,15.6,16.3,15.9,15.8,15.6
美浦,20260815,土,6:39,イナズマハッチ,,牝,2,未登録,,67.3,49.0,32.2,16.6,18.3,16.8,15.6,16.6
美浦,20260815,土,6:39,ウィアレギア,,牡,2,未出走,矢野英一,67.5,48.6,31.9,16.1,18.9,16.7,15.8,16.1
美浦,20260815,土,6:39,キントリヒ,,牡,7,1500,矢野英一,66.1,49.2,32.5,16.0,16.9,16.7,16.5,16.0
美浦,20260815,土,6:39,テキサス,,牡,2,未出走,田中博康,61.1,44.9,29.2,14.5,16.2,15.7,14.7,14.5
美浦,20260815,土,6:39,トパーズプレミア,,牡,2,未登録,,65.4,48.1,31.7,15.7,17.3,16.4,16.0,15.7
美浦,20260815,土,6:39,ハンデンブレイズ,,牡,2,0,伊藤大士,66.6,49.8,32.5,16.2,16.8,17.3,16.3,16.2
美浦,20260815,土,6:39,ファンタジーゲーム,,牝,2,未登録,,67.8,48.7,31.5,15.8,19.1,17.2,15.7,15.8
美浦,20260815,土,6:39,プロテウス,,牡,2,未出走,田中博康,60.7,44.4,28.8,14.0,16.3,15.6,14.8,14.0
美浦,20260815,土,6:39,ユースフルゼスト,,牝,2,未登録,,67.2,50.1,32.8,16.2,17.1,17.3,16.6,16.2
美浦,20260815,土,6:40,ガルディーノ,,牡,3,400,新開幸一,68.8,51.3,33.7,16.7,17.5,17.6,17.0,16.7
美浦,20260815,土,6:40,タッケンエリカ,,牝,2,未出走,新開幸一,70.6,52.1,33.7,16.8,18.5,18.4,16.9,16.8
美浦,20260815,土,6:40,マーゴットソラーレ,,セ,5,400,伊坂重信,66.6,48.2,31.0,15.6,18.4,17.2,15.4,15.6
美浦,20260815,土,6:40,ｺｺﾓｵﾚﾝｼﾞの24,,牝,2,未登録,,67.4,49.0,31.4,15.4,18.4,17.6,16.0,15.4
美浦,20260815,土,6:41,オーサムストローク,,牡,5,1500,伊藤圭三,67.9,49.3,32.5,15.7,18.6,16.8,16.8,15.7
美浦,20260815,土,6:41,サクシードシチー,,牡,2,未出走,伊藤圭三,71.1,51.4,33.5,16.8,19.7,17.9,16.7,16.8
美浦,20260815,土,6:41,ジェミニディウ,,牝,2,未出走,伊藤圭三,70.2,51.3,33.6,16.2,18.9,17.7,17.4,16.2
美浦,20260815,土,6:41,ラポニア,,牝,2,未登録,,85.3,63.5,41.8,20.3,21.8,21.7,21.5,20.3
美浦,20260815,土,6:42,トレベルオール,,牡,5,440,辻哲英,68.1,50.0,32.2,15.4,18.1,17.8,16.8,15.4
美浦,20260815,土,6:43,アバレリュウ,,牡,4,400,鈴木慎太,63.2,46.8,30.7,15.3,16.4,16.1,15.4,15.3
美浦,20260815,土,6:43,アリアーネ,,牝,3,0,鈴木慎太,63.2,46.7,30.7,15.3,16.5,16.0,15.4,15.3
美浦,20260815,土,6:43,ウィズアツインクル,,牡,3,0,牧光二,68.8,50.5,32.5,16.2,18.3,18.0,16.3,16.2
美浦,20260815,土,6:43,サツキレジーナ,,牝,4,400,石栗龍彦,68.8,50.1,32.6,16.2,18.7,17.5,16.4,16.2
美浦,20260815,土,6:43,ノーブルスアーク,,牝,3,0,尾形和幸,69.5,52.1,34.8,17.6,17.4,17.3,17.2,17.6
美浦,20260815,土,6:43,フレッシュラン,,牝,4,900,尾形和幸,61.7,45.8,29.3,14.5,15.9,16.5,14.8,14.5
美浦,20260815,土,6:43,モーモーゼロ,,牡,2,0,石栗龍彦,69.8,51.3,33.6,16.6,18.5,17.7,17.0,16.6
美浦,20260815,土,6:43,ライデンシャフト,,牡,4,370,石栗龍彦,63.9,46.8,30.1,15.0,17.1,16.7,15.1,15.0
美浦,20260815,土,6:44,ブーケフォーミー,,牝,2,未出走,柄崎将寿,68.2,49.4,32.2,15.5,18.8,17.2,16.7,15.5
美浦,20260815,土,6:44,ヘルヴィッツ,,牡,3,0,柄崎将寿,69.7,50.5,33.2,16.2,19.2,17.3,17.0,16.2
美浦,20260815,土,6:45,アオイノリプー,,牡,2,0,尾形和幸,69.8,51.7,33.5,16.4,18.1,18.2,17.1,16.4
美浦,20260815,土,6:45,ウインドピット,,牡,2,未登録,,69.8,50.8,32.7,15.8,19.0,18.1,16.9,15.8
美浦,20260815,土,6:45,サノノグレーター,,牡,3,2950,尾形和幸,69.9,50.7,32.7,16.2,19.2,18.0,16.5,16.2
美浦,20260815,土,6:46,コックコート,,牡,2,未登録,,76.9,57.4,37.6,18.6,19.5,19.8,19.0,18.6
美浦,20260815,土,6:46,サザンウォリアー,,牡,3,670,加藤和宏,78.7,57.9,37.6,18.4,20.8,20.3,19.2,18.4
美浦,20260815,土,6:46,ホウフクゼットウ,,牡,2,未出走,加藤和宏,74.3,55.8,37.7,18.5,18.5,18.1,19.2,18.5
美浦,20260815,土,6:47,ロイヤルガンモ,,牝,2,未出走,上原博之,72.8,53.0,34.8,17.2,19.8,18.2,17.6,17.2
美浦,20260815,土,6:50,アイファーマーリン,,牡,2,未出走,蛯名利弘,69.0,51.8,33.9,16.9,17.2,17.9,17.0,16.9
美浦,20260815,土,6:50,ジュエルドレーサー,,牡,5,130,蛯名利弘,75.0,55.5,36.9,18.5,19.5,18.6,18.4,18.5
美浦,20260815,土,6:51,カレンデュラ,,牝,3,900,室井潔,65.4,48.2,32.0,16.0,17.2,16.2,16.0,16.0
美浦,20260815,土,6:51,シクラメン,,牝,2,未出走,和田雄二,63.3,47.1,31.2,15.9,16.2,15.9,15.3,15.9
美浦,20260815,土,6:51,センカンナガト,,牡,2,0,和田雄二,63.8,47.0,31.3,16.1,16.8,15.7,15.2,16.1
美浦,20260815,土,6:51,ドロワ,,牡,3,0,室井潔,64.5,47.4,30.8,15.1,17.1,16.6,15.7,15.1
美浦,20260815,土,6:51,マイネルジェロディ,,牡,8,2400,室井潔,66.2,48.8,32.1,16.1,17.4,16.7,16.0,16.1
美浦,20260815,土,6:51,ワッフル,,牝,3,0,室井潔,69.9,52.0,34.4,17.3,17.9,17.6,17.1,17.3
美浦,20260815,土,6:52,アデルフィー,,牡,3,0,金成貴史,68.9,51.1,33.9,17.0,17.8,17.2,16.9,17.0
美浦,20260815,土,6:52,グランドストーリー,,牝,2,未出走,金成貴史,68.2,50.3,32.9,16.5,17.9,17.4,16.4,16.5
美浦,20260815,土,6:54,アーバンシック,,牡,5,14400,武井亮,65.2,47.9,31.3,15.8,17.3,16.6,15.5,15.8
美浦,20260815,土,6:54,タイダルロック,,牡,3,1500,武井亮,73.8,55.3,36.5,18.0,18.5,18.8,18.5,18.0
美浦,20260815,土,6:55,グラスリズム,,牡,2,未登録,,73.8,54.8,36.2,18.3,19.0,18.6,17.9,18.3
美浦,20260815,土,6:55,ダンシングリリー,,牝,2,未出走,佐藤吉勝,71.9,52.7,34.5,17.4,19.2,18.2,17.1,17.4
美浦,20260815,土,6:55,トパーズヘッド,,牡,2,未出走,佐藤吉勝,73.4,54.6,36.8,18.5,18.8,17.8,18.3,18.5
美浦,20260815,土,6:56,アルヴィア,,牡,5,160,和田雄二,65.6,48.4,32.2,16.1,17.2,16.2,16.1,16.1
美浦,20260815,土,6:56,カラメーロ,,牝,2,未登録,,67.5,49.1,31.4,15.0,18.4,17.7,16.4,15.0
美浦,20260815,土,6:56,カンティーナ,,牝,3,400,堀内岳志,69.6,50.7,32.9,15.5,18.9,17.8,17.4,15.5
美浦,20260815,土,6:56,コスモシェルベット,,牡,4,400,水野貴広,67.8,50.5,33.6,17.0,17.3,16.9,16.6,17.0
美浦,20260815,土,6:56,ビーアストニッシド,,牡,7,3700,堀内岳志,60.1,44.4,28.7,13.9,15.7,15.7,14.8,13.9
美浦,20260815,土,6:57,クラウドセイル,,牡,6,400,堀内岳志,74.0,52.6,33.6,16.5,21.4,19.0,17.1,16.5
美浦,20260815,土,6:57,ナインオブレター,,牡,4,400,佐藤吉勝,68.8,51.3,34.1,17.0,17.5,17.2,17.1,17.0
美浦,20260815,土,6:57,フームスムート,,牡,9,1500,水野貴広,73.5,54.8,36.2,17.7,18.7,18.6,18.5,17.7
美浦,20260815,土,6:58,エフォートレス,,牡,5,1500,嘉藤貴行,63.9,46.1,30.0,14.7,17.8,16.1,15.3,14.7
美浦,20260815,土,6:58,ジッピーチューン,,牝,3,1150,林徹,62.6,46.2,30.6,15.1,16.4,15.6,15.5,15.1
美浦,20260815,土,6:58,ティピティーナ,,牝,4,400,林徹,62.4,46.3,30.6,15.2,16.1,15.7,15.4,15.2
美浦,20260815,土,6:58,ノーブルスアーク,,牝,3,0,尾形和幸,66.0,49.6,33.5,17.0,16.4,16.1,16.5,17.0
美浦,20260815,土,6:58,フレッシュラン,,牝,4,900,尾形和幸,64.2,48.2,32.4,16.3,16.0,15.8,16.1,16.3
美浦,20260815,土,6:58,ペタルズダンス,,牝,3,0,嘉藤貴行,65.0,46.6,30.8,15.5,18.4,15.8,15.3,15.5
美浦,20260815,土,6:58,ルブラッシュノモー,,牡,2,0,佐藤吉勝,67.0,50.4,33.5,17.2,16.6,16.9,16.3,17.2
美浦,20260815,土,6:59,シリアルトウショウ,,牝,2,未登録,,69.4,51.9,34.3,17.4,17.5,17.6,16.9,17.4
美浦,20260815,土,6:59,トーキョーレギー,,牝,2,未出走,萱野浩二,69.3,51.8,34.1,17.2,17.5,17.7,16.9,17.2
美浦,20260815,土,7:02,イデアモッコス,,牡,2,未出走,的場均,72.8,54.6,36.2,18.0,18.2,18.4,18.2,18.0
美浦,20260815,土,7:02,カンタベリーアップ,,牝,2,未登録,,72.6,52.3,33.7,16.3,20.3,18.6,17.4,16.3
美浦,20260815,土,7:02,クリアクォーツ,,牡,4,0,的場均,71.2,52.6,34.9,17.4,18.6,17.7,17.5,17.4
美浦,20260815,土,7:02,タツサンデー,,牡,2,未登録,,72.8,52.5,33.6,16.3,20.3,18.9,17.3,16.3
美浦,20260815,土,7:02,ボーモンド,,牡,5,1500,武井亮,65.3,48.4,31.9,16.1,16.9,16.5,15.8,16.1
美浦,20260815,土,7:02,ラパンラピッド,,セ,6,400,武井亮,63.5,47.5,31.6,15.6,16.0,15.9,16.0,15.6
美浦,20260815,土,7:04,アイデアルカット,,牡,2,0,手塚貴徳,72.2,52.8,34.5,17.6,19.4,18.3,16.9,17.6
美浦,20260815,土,7:04,ホープエトワール,,牡,4,700,天間昭一,70.5,51.5,33.9,17.2,19.0,17.6,16.7,17.2
美浦,20260815,土,7:04,マナマカナ,,牝,5,460,天間昭一,64.4,47.9,32.3,16.3,16.5,15.6,16.0,16.3
美浦,20260815,土,7:05,サンアンドスターズ,,牝,2,未出走,畠山吉宏,67.9,50.1,33.1,16.8,17.8,17.0,16.3,16.8
美浦,20260815,土,7:05,ニシノハクシャ,,牡,2,未登録,,66.6,49.2,32.2,16.2,17.4,17.0,16.0,16.2
美浦,20260815,土,7:05,ノワールブレイブ,,牝,2,0,清水英克,65.9,48.7,31.8,16.0,17.2,16.9,15.8,16.0
美浦,20260815,土,7:05,ホウオウプレシャス,,牡,6,260,天間昭一,68.1,49.7,32.4,15.9,18.4,17.3,16.5,15.9
美浦,20260815,土,7:05,ホワイトホール,,牝,2,未出走,清水英克,65.9,48.7,31.6,15.9,17.2,17.1,15.7,15.9
美浦,20260815,土,7:05,マイネルウルカヌス,,牡,2,未出走,畠山吉宏,65.9,48.5,32.1,15.9,17.4,16.4,16.2,15.9
美浦,20260815,土,7:05,マイネルニコラス,,牡,7,1500,畠山吉宏,66.2,48.8,31.6,15.6,17.4,17.2,16.0,15.6
美浦,20260815,土,7:05,マリノフスキー,,牡,2,未出走,畠山吉宏,67.7,50.4,33.0,16.5,17.3,17.4,16.5,16.5
美浦,20260815,土,7:05,ヴィゴーレテソーロ,,牝,2,未出走,畠山吉宏,67.7,50.1,33.0,16.8,17.6,17.1,16.2,16.8
美浦,20260815,土,7:06,シャンドゥレール,,セ,6,400,手塚貴徳,64.4,47.2,30.8,15.4,17.2,16.4,15.4,15.4
美浦,20260815,土,7:06,ノルドヴェスト,,セ,6,580,秋本大介,66.6,48.4,31.0,14.8,18.2,17.4,16.2,14.8
美浦,20260815,土,7:06,ベアダイヤモンド,,牡,3,0,松尾卓哉,64.8,47.0,30.4,15.3,17.8,16.6,15.1,15.3
美浦,20260815,土,7:06,ペプチドドリーム,,牡,3,400,松尾卓哉,64.3,46.9,30.5,14.9,17.4,16.4,15.6,14.9
美浦,20260815,土,7:06,マイトレーヤー,,牡,2,未出走,手塚貴徳,65.0,47.6,31.4,15.8,17.4,16.2,15.6,15.8
美浦,20260815,土,7:06,ランドジャイアンツ,,牡,2,0,本間忍,71.6,52.4,34.2,16.9,19.2,18.2,17.3,16.9
美浦,20260815,土,7:06,ヴラディア,,牡,7,260,松尾卓哉,67.6,49.5,32.4,15.8,18.1,17.1,16.6,15.8
美浦,20260815,土,7:07,マイネルモメンタム,,牡,5,400,相沢郁,67.0,49.2,32.5,16.6,17.8,16.7,15.9,16.6
美浦,20260815,土,7:08,アーバンシック,,牡,5,14400,武井亮,59.7,43.9,28.7,14.2,15.8,15.2,14.5,14.2
美浦,20260815,土,7:08,サクセスボーイ,,牡,2,0,相沢郁,69.4,51.3,34.1,17.2,18.1,17.2,16.9,17.2
美浦,20260815,土,7:08,タイダルロック,,牡,3,1500,武井亮,63.7,47.2,31.2,15.5,16.5,16.0,15.7,15.5
美浦,20260815,土,7:08,ナイトパイロット,,牡,2,未登録,,69.8,51.5,34.3,17.1,18.3,17.2,17.2,17.1
美浦,20260815,土,7:08,ホウライブラック,,牝,3,0,鈴木慎太,65.5,47.6,30.8,15.3,17.9,16.8,15.5,15.3
美浦,20260815,土,7:08,リリーサー,,牝,3,0,鈴木慎太,65.7,48.9,32.2,16.3,16.8,16.7,15.9,16.3
美浦,20260815,土,7:09,キャッチアップ,,牝,2,未出走,小野次郎,67.7,49.4,31.9,16.0,18.3,17.5,15.9,16.0
美浦,20260815,土,7:09,ニシノリリックス,,牝,2,0,小野次郎,67.5,49.0,31.7,15.7,18.5,17.3,16.0,15.7
美浦,20260815,土,7:09,ハニーアンバー,,牝,3,0,小野次郎,69.4,51.1,33.8,17.1,18.3,17.3,16.7,17.1
美浦,20260815,土,7:10,アトラステソーロ,,牡,3,400,高木登,71.3,53.3,35.0,17.6,18.0,18.3,17.4,17.6
美浦,20260815,土,7:10,アワフェリシティ,,牡,2,未登録,,68.5,49.0,32.1,16.0,19.5,16.9,16.1,16.0
美浦,20260815,土,7:10,ガーネットテソーロ,,牝,3,400,高木登,71.4,52.8,34.5,17.4,18.6,18.3,17.1,17.4
美浦,20260815,土,7:10,クラウンロムパイア,,牡,2,未出走,松永康利,67.2,49.1,31.6,15.7,18.1,17.5,15.9,15.7
美浦,20260815,土,7:10,ゴルタン,,牡,2,未出走,千葉直人,67.1,47.6,30.7,15.0,19.5,16.9,15.7,15.0
美浦,20260815,土,7:10,ショーモッシュ,,セ,4,400,鈴木伸尋,74.2,54.3,35.7,18.3,19.9,18.6,17.4,18.3
美浦,20260815,土,7:10,ドナラクシュミー,,牝,2,未出走,高木登,71.3,52.3,34.0,16.4,19.0,18.3,17.6,16.4
美浦,20260815,土,7:10,ネイティヴプライド,,牡,3,0,高木登,71.9,53.3,34.9,17.3,18.6,18.4,17.6,17.3
美浦,20260815,土,7:10,リアルセンター,,牝,5,400,千葉直人,67.0,48.9,32.0,15.6,18.1,16.9,16.4,15.6
美浦,20260815,土,7:10,ローレルエース,,牡,3,0,松永康利,67.5,48.8,31.5,15.7,18.7,17.3,15.8,15.7
美浦,20260815,土,7:11,ダイユウライアン,,牝,2,未出走,松永康利,71.7,53.5,35.6,17.9,18.2,17.9,17.7,17.9
美浦,20260815,土,7:11,ダイユウルアン,,牝,2,未出走,松永康利,71.9,53.0,34.9,17.6,18.9,18.1,17.3,17.6
美浦,20260815,土,7:11,ハッピーシュリー,,牝,2,未出走,鈴木伸尋,68.7,49.7,32.6,16.5,19.0,17.1,16.1,16.5
美浦,20260815,土,7:11,マスターソアラ,,牝,3,400,蛯名正義,66.8,50.3,32.8,16.1,16.5,17.5,16.7,16.1
美浦,20260815,土,7:11,ラッキーブーケ,,牝,2,未出走,鈴木伸尋,68.4,49.8,32.8,16.4,18.6,17.0,16.4,16.4
美浦,20260815,土,7:11,リポサンテ,,牝,4,400,蛯名正義,65.4,48.5,31.7,15.5,16.9,16.8,16.2,15.5
美浦,20260815,土,7:12,アウアリイ,,牡,2,0,奥村武,70.6,52.1,34.4,17.4,18.5,17.7,17.0,17.4
美浦,20260815,土,7:12,ピコシー,,牡,4,900,奥村武,72.4,53.5,35.4,18.0,18.9,18.1,17.4,18.0
美浦,20260815,土,7:13,クライングナウ,,牡,3,0,斎藤誠,62.3,46.4,30.3,15.1,15.9,16.1,15.2,15.1
美浦,20260815,土,7:13,サイレントキラー,,牡,2,未登録,,63.9,47.2,31.2,15.5,16.7,16.0,15.7,15.5
美浦,20260815,土,7:13,サヴァビアン,,牡,8,900,新開幸一,67.5,48.7,31.8,16.1,18.8,16.9,15.7,16.1
美浦,20260815,土,7:13,タイセイフレッサ,,牝,3,400,斎藤誠,62.6,46.9,30.5,14.8,15.7,16.4,15.7,14.8
美浦,20260815,土,7:13,メタルスピード,,牡,6,2400,斎藤誠,62.3,46.5,30.4,15.1,15.8,16.1,15.3,15.1
美浦,20260815,土,7:13,ルクリーシア,,牝,3,0,黒岩陽一,66.0,48.2,30.6,14.9,17.8,17.6,15.7,14.9
美浦,20260815,土,7:13,ロマンスブルーム,,牝,2,未登録,,71.1,52.1,33.9,17.1,19.0,18.2,16.8,17.1
美浦,20260815,土,7:13,ワンダラー,,牡,4,1500,黒岩陽一,63.4,47.2,31.1,15.4,16.2,16.1,15.7,15.4
美浦,20260815,土,7:14,サトノハクマイ,,牡,2,未登録,,68.4,50.7,33.3,16.4,17.7,17.4,16.9,16.4
美浦,20260815,土,7:14,サムシングスイート,,牝,3,900,伊藤大士,64.0,47.7,32.0,16.1,16.3,15.7,15.9,16.1
美浦,20260815,土,7:14,サードウインド,,牝,4,900,西田雄一,65.8,48.6,32.3,15.7,17.2,16.3,16.6,15.7
美浦,20260815,土,7:14,シンギュラリティ,,牡,3,400,西田雄一,65.5,48.6,31.7,15.9,16.9,16.9,15.8,15.9
美浦,20260815,土,7:14,ジャガード,,牡,8,900,和田雄二,64.9,47.6,31.2,15.0,17.3,16.4,16.2,15.0
美浦,20260815,土,7:14,タニセンローマ,,牡,3,0,斎藤誠,68.6,51.2,34.0,16.7,17.4,17.2,17.3,16.7
美浦,20260815,土,7:14,トレフォイルノット,,牡,3,0,西田雄一,66.2,49.0,32.4,16.4,17.2,16.6,16.0,16.4
美浦,20260815,土,7:14,ハナビ,,牝,2,未登録,,68.2,50.7,33.5,16.7,17.5,17.2,16.8,16.7
美浦,20260815,土,7:14,ベルヴィヴァン,,牝,4,430,戸田博文,67.5,50.5,34.2,17.3,17.0,16.3,16.9,17.3
美浦,20260815,土,7:14,ペネトレイトゴー,,セ,6,0,戸田博文,67.3,48.1,30.4,15.0,19.2,17.7,15.4,15.0
美浦,20260815,土,7:14,ペントザリス,,牡,2,未出走,戸田博文,70.1,52.0,33.8,16.7,18.1,18.2,17.1,16.7
美浦,20260815,土,7:14,ロックフラワー,,牝,3,0,西田雄一,64.5,47.9,31.7,15.7,16.6,16.2,16.0,15.7
美浦,20260815,土,7:14,ワンダーマーベル,,牡,2,未登録,,68.7,51.3,33.8,16.8,17.4,17.5,17.0,16.8
美浦,20260815,土,7:15,ガヤーズベース,,牡,3,0,田中勝春,67.4,49.4,32.2,15.7,18.0,17.2,16.5,15.7
美浦,20260815,土,7:15,スプレマレイナ,,牝,2,未登録,,72.2,52.8,34.7,17.0,19.4,18.1,17.7,17.0
美浦,20260815,土,7:15,フェイトロード,,牡,2,未出走,木村哲也,72.0,52.8,34.6,17.3,19.2,18.2,17.3,17.3
美浦,20260815,土,7:15,ベルウッドスーパー,,牡,2,未登録,,67.3,49.5,32.7,16.1,17.8,16.8,16.6,16.1
美浦,20260815,土,7:15,ヤマニンスペッキオ,,牡,2,未出走,田中勝春,67.1,49.2,32.3,15.7,17.9,16.9,16.6,15.7
美浦,20260815,土,7:15,ルフトシュピール,,牝,2,未出走,木村哲也,70.6,50.6,32.2,15.4,20.0,18.4,16.8,15.4
美浦,20260815,土,7:15,レッドレガリア,,牡,3,0,木村哲也,71.4,52.9,35.0,17.3,18.5,17.9,17.7,17.3
美浦,20260815,土,7:16,メケアロハ,,牝,2,未登録,,66.7,48.8,32.1,15.8,17.9,16.7,16.3,15.8
美浦,20260815,土,7:16,ヴァルキリーキック,,牝,2,未登録,,66.1,48.1,31.8,15.3,18.0,16.3,16.5,15.3
美浦,20260815,土,7:18,スノーリン,,セ,4,0,和田雄二,65.9,48.6,31.9,16.0,17.3,16.7,15.9,16.0
美浦,20260815,土,7:18,スペシャルギフト,,牝,3,0,加藤征弘,68.4,50.7,33.2,16.6,17.7,17.5,16.6,16.6
美浦,20260815,土,7:18,フクチャンショウ,,牡,3,1150,加藤征弘,65.3,48.0,31.3,15.7,17.3,16.7,15.6,15.7
美浦,20260815,土,7:18,ムーングレイル,,セ,3,0,森一誠,65.2,48.2,31.3,15.1,17.0,16.9,16.2,15.1
美浦,20260815,土,7:18,ルーリングクラス,,牡,3,400,森一誠,64.9,47.8,31.3,15.1,17.1,16.5,16.2,15.1
美浦,20260815,土,7:18,レッドマウロア,,牡,2,未出走,加藤征弘,67.5,49.7,32.6,16.2,17.8,17.1,16.4,16.2
美浦,20260815,土,7:19,ショウナンラプソ,,牡,2,未出走,森一誠,65.4,48.0,31.3,15.3,17.4,16.7,16.0,15.3
美浦,20260815,土,7:19,トリエンナーレ,,牝,3,0,森一誠,65.2,48.0,31.6,15.4,17.2,16.4,16.2,15.4
美浦,20260815,土,7:19,ニシノハクシャ,,牡,2,未登録,,70.4,51.6,33.7,16.9,18.8,17.9,16.8,16.9
美浦,20260815,土,7:19,ノワールブレイブ,,牝,2,0,清水英克,69.2,50.8,33.0,16.3,18.4,17.8,16.7,16.3
美浦,20260815,土,7:19,ハーモニープルーフ,,牝,2,未出走,森一誠,64.6,47.9,30.9,15.1,16.7,17.0,15.8,15.1
美浦,20260815,土,7:19,プロミスライン,,牝,3,0,森一誠,65.1,47.9,31.1,15.3,17.2,16.8,15.8,15.3
美浦,20260815,土,7:19,ホワイトホール,,牝,2,未出走,清水英克,68.7,50.6,32.8,16.0,18.1,17.8,16.8,16.0
美浦,20260815,土,7:20,アモール,,牝,2,未出走,中川公成,69.4,52.2,35.2,17.9,17.2,17.0,17.3,17.9
美浦,20260815,土,7:20,エンジャムメント,,牝,2,未出走,中舘英二,70.5,51.7,34.1,17.2,18.8,17.6,16.9,17.2
美浦,20260815,土,7:20,ゴールドエクシード,,牝,2,未登録,,69.5,52.3,35.5,18.0,17.2,16.8,17.5,18.0
美浦,20260815,土,7:20,ノアヴェルテ,,牡,2,未出走,中舘英二,70.1,51.4,33.0,16.2,18.7,18.4,16.8,16.2
美浦,20260815,土,7:20,ヒッポダメイア,,牝,2,未出走,中川公成,69.8,52.3,35.5,18.2,17.5,16.8,17.3,18.2
美浦,20260815,土,7:20,メディチパワー,,牡,3,400,中川公成,67.8,51.0,34.3,17.3,16.8,16.7,17.0,17.3
美浦,20260815,土,7:21,アルバスタキヤ,,牡,2,未出走,青木孝文,65.9,48.5,31.2,15.2,17.4,17.3,16.0,15.2
美浦,20260815,土,7:21,エコロガレル,,牡,2,未出走,中舘英二,70.6,52.1,34.0,16.9,18.5,18.1,17.1,16.9
美浦,20260815,土,7:21,ジェットブレード,,牡,4,900,青木孝文,65.9,48.4,31.2,15.2,17.5,17.2,16.0,15.2
美浦,20260815,土,7:21,ソアサージュ,,牝,3,0,浅利英明,65.0,48.0,30.9,14.9,17.0,17.1,16.0,14.9
美浦,20260815,土,7:21,タワーウマザンマイ,,牡,2,未出走,青木孝文,66.6,48.8,31.7,15.7,17.8,17.1,16.0,15.7
美浦,20260815,土,7:21,トラマンダーレ,,セ,6,1500,浅利英明,63.8,47.5,31.6,16.0,16.3,15.9,15.6,16.0
美浦,20260815,土,7:21,ナイトバード,,牡,3,0,中舘英二,70.1,51.0,33.2,16.5,19.1,17.8,16.7,16.5
美浦,20260815,土,7:21,ノーウェアマン,,牡,3,400,浅利英明,64.8,47.9,31.3,15.9,16.9,16.6,15.4,15.9
美浦,20260815,土,7:21,ベルグラース,,牝,2,0,浅利英明,67.2,49.4,32.3,15.7,17.8,17.1,16.6,15.7
美浦,20260815,土,7:22,コスモティタノ,,牡,2,0,武市康男,65.9,48.6,32.1,16.1,17.3,16.5,16.0,16.1
美浦,20260815,土,7:22,セイウンウィルド,,牡,2,未出走,松山将樹,64.0,47.6,31.6,16.0,16.4,16.0,15.6,16.0
美浦,20260815,土,7:22,テルケンレンジシ,,牡,2,未出走,勢司和浩,73.2,54.6,36.3,18.6,18.6,18.3,17.7,18.6
美浦,20260815,土,7:22,ニシノコマチムスメ,,牝,5,400,松山将樹,70.9,51.7,33.6,16.1,19.2,18.1,17.5,16.1
美浦,20260815,土,7:22,ピコニ,,牡,5,920,牧光二,70.2,51.5,34.2,17.1,18.7,17.3,17.1,17.1
美浦,20260815,土,7:23,コッディ,,牝,2,未出走,田島俊明,68.9,51.5,33.9,16.8,17.4,17.6,17.1,16.8
美浦,20260815,土,7:23,タッカーヴィーチェ,,牝,2,未登録,,67.6,50.4,33.7,16.7,17.2,16.7,17.0,16.7
美浦,20260815,土,7:23,ブルードロップ,,牝,2,未登録,,69.1,51.8,34.6,16.5,17.3,17.2,18.1,16.5
美浦,20260815,土,7:23,ライクアストーム,,牡,2,未登録,,68.5,50.7,33.2,16.5,17.8,17.5,16.7,16.5
美浦,20260815,土,7:24,クラージュスター,,牡,3,0,勢司和浩,73.4,56.0,36.8,17.6,17.4,19.2,19.2,17.6
美浦,20260815,土,7:24,フキョウワオン,,牡,3,0,勢司和浩,71.2,53.3,36.0,17.7,17.9,17.3,18.3,17.7
美浦,20260815,土,7:25,アイレバルバドス,,牡,2,未出走,伊藤伸一,70.7,52.7,35.2,17.8,18.0,17.5,17.4,17.8
美浦,20260815,土,7:25,カシマライフウ,,牡,3,0,伊藤伸一,69.5,50.7,33.0,16.3,18.8,17.7,16.7,16.3
美浦,20260815,土,7:25,レイニーブルー,,牝,2,未登録,,71.6,52.5,34.9,17.7,19.1,17.6,17.2,17.7
美浦,20260815,土,7:26,アドマイヤウルトラ,,牡,3,400,宮田敬介,68.8,50.5,33.3,16.5,18.3,17.2,16.8,16.5
美浦,20260815,土,7:26,オーバーゼア,,牡,2,未出走,伊藤伸一,69.4,52.7,35.2,17.5,16.7,17.5,17.7,17.5
美浦,20260815,土,7:26,クリアマインド,,牝,2,未出走,高柳瑞樹,68.3,49.7,32.9,16.3,18.6,16.8,16.6,16.3
美浦,20260815,土,7:26,ジーティーブラック,,牡,3,400,菊沢隆徳,69.3,52.8,35.2,17.9,16.5,17.6,17.3,17.9
美浦,20260815,土,7:26,ダーリングハースト,,牝,3,400,宮田敬介,60.4,43.6,27.8,13.3,16.8,15.8,14.5,13.3
美浦,20260815,土,7:26,ノルトハウゼン,,牡,2,0,菊沢隆徳,67.2,49.4,32.6,15.9,17.8,16.8,16.7,15.9
美浦,20260815,土,7:26,プリズンブレイク,,牝,2,未登録,,68.4,50.8,33.4,16.2,17.6,17.4,17.2,16.2
美浦,20260815,土,7:26,マインドブレイズ,,牡,2,未登録,,70.6,52.5,34.5,17.1,18.1,18.0,17.4,17.1
美浦,20260815,土,7:26,ミッキーソルジャー,,牡,4,1500,菊沢隆徳,67.0,49.4,32.2,16.3,17.6,17.2,15.9,16.3
美浦,20260815,土,7:27,ウィクトルウェルス,,牡,4,4750,宮田敬介,66.2,47.6,30.8,15.4,18.6,16.8,15.4,15.4
美浦,20260815,土,7:27,サイモントレノ,,牡,2,未出走,奥平雅士,67.8,50.7,33.3,16.8,17.1,17.4,16.5,16.8
美浦,20260815,土,7:27,スペルビア,,セ,4,400,石栗龍彦,68.0,50.4,32.8,16.0,17.6,17.6,16.8,16.0
美浦,20260815,土,7:27,チイサナコイノウタ,,牝,2,未登録,,67.2,50.7,33.3,16.7,16.5,17.4,16.6,16.7
美浦,20260815,土,7:28,ペルウィクトール,,牡,3,0,宮田敬介,106.8,76.8,47.0,23.1,30.0,29.8,23.9,23.1
美浦,20260815,土,7:29,エスティメート,,牡,7,1370,大和田成,67.8,49.2,31.3,15.6,18.6,17.9,15.7,15.6
美浦,20260815,土,7:29,オンザライン,,セ,8,1500,大和田成,65.6,47.9,31.2,15.3,17.7,16.7,15.9,15.3
美浦,20260815,土,7:29,カーヌスティ,,牡,4,1310,大和田成,66.6,48.6,31.5,15.2,18.0,17.1,16.3,15.2
美浦,20260815,土,7:29,ディールメーカー,,牡,3,1700,大和田成,62.8,46.2,29.9,14.7,16.6,16.3,15.2,14.7
美浦,20260815,土,7:29,ニシノケンタマン,,牡,4,900,深山雅史,54.4,40.7,26.6,13.1,13.7,14.1,13.5,13.1
美浦,20260815,土,7:31,エーオーキング,,牡,4,900,久保田貴,64.1,47.3,31.4,15.2,16.8,15.9,16.2,15.2
美浦,20260815,土,7:31,グアラニア,,牡,5,190,矢野英一,65.9,49.5,32.2,15.9,16.4,17.3,16.3,15.9
美浦,20260815,土,7:31,ジーティーニッツァ,,牡,3,0,伊藤伸一,63.8,47.5,31.2,15.8,16.3,16.3,15.4,15.8
美浦,20260815,土,7:31,リバートゥルー,,牝,6,1500,久保田貴,63.4,47.3,31.5,16.0,16.1,15.8,15.5,16.0
美浦,20260815,土,7:31,ロフティストーリー,,牝,4,1500,久保田貴,66.2,48.3,32.5,16.0,17.9,15.8,16.5,16.0
美浦,20260815,土,7:33,ピースワンデュック,,牡,5,2400,大竹正博,72.9,53.5,34.9,16.8,19.4,18.6,18.1,16.8
美浦,20260815,土,7:33,マイネルバーテクス,,牡,5,900,水野貴広,81.9,60.1,39.3,19.6,21.8,20.8,19.7,19.6
美浦,20260815,土,7:35,エンジャムメント,,牝,2,未出走,中舘英二,70.6,52.7,34.4,16.9,17.9,18.3,17.5,16.9
美浦,20260815,土,7:35,ノアヴェルテ,,牡,2,未出走,中舘英二,70.3,53.2,35.2,17.7,17.1,18.0,17.5,17.7
美浦,20260815,土,7:36,エコロガレル,,牡,2,未出走,中舘英二,70.3,51.4,33.4,16.3,18.9,18.0,17.1,16.3
美浦,20260815,土,7:36,カルダモン,,牝,3,0,黒岩陽一,65.2,47.2,30.7,15.2,18.0,16.5,15.5,15.2
美浦,20260815,土,7:36,ステキサプライズ,,牡,3,0,粕谷昌央,64.1,47.6,31.6,16.2,16.5,16.0,15.4,16.2
美浦,20260815,土,7:36,ナイトバード,,牡,3,0,中舘英二,69.1,51.3,33.3,16.1,17.8,18.0,17.2,16.1
美浦,20260815,土,7:36,ブルーマエストロ,,牡,4,900,黒岩陽一,63.2,46.8,31.1,15.8,16.4,15.7,15.3,15.8
美浦,20260815,土,7:37,イサチルウィーラフ,,牡,2,未出走,辻哲英,75.0,53.3,34.8,16.4,21.7,18.5,18.4,16.4
美浦,20260815,土,7:37,ゴールドシーン,,セ,6,400,林徹,55.5,40.5,25.5,12.4,15.0,15.0,13.1,12.4
美浦,20260815,土,7:37,ジンガー,,牡,4,440,粕谷昌央,63.2,47.3,31.2,15.8,15.9,16.1,15.4,15.8
美浦,20260815,土,7:37,ソーンブッシュ,,牡,2,未登録,,74.3,53.0,34.5,16.5,21.3,18.5,18.0,16.5
美浦,20260815,土,7:37,バトンロード,,牡,4,100,粕谷昌央,63.3,46.9,31.3,15.4,16.4,15.6,15.9,15.4
美浦,20260815,土,7:37,ペイシャダンシング,,牝,3,0,粕谷昌央,62.2,45.7,30.3,15.3,16.5,15.4,15.0,15.3
美浦,20260815,土,7:37,モナークミニスター,,牡,2,未出走,林徹,71.6,53.5,35.9,17.6,18.1,17.6,18.3,17.6
美浦,20260815,土,7:37,ヤマニンリンキング,,牡,3,0,辻哲英,74.0,52.5,34.2,16.2,21.5,18.3,18.0,16.2
美浦,20260815,土,7:38,ジャサルディア,,牝,4,1500,辻哲英,121.1,87.6,56.3,27.7,33.5,31.3,28.6,27.7
美浦,20260815,土,7:38,ディエスルージュ,,牝,3,0,秋本大介,74.8,54.5,35.7,17.8,20.3,18.8,17.9,17.8
美浦,20260815,土,7:38,ポップグルーヴ,,牝,4,400,小手川準,67.7,49.6,32.4,16.0,18.1,17.2,16.4,16.0
美浦,20260815,土,7:38,マーズワース,,牝,2,0,小手川準,67.4,49.0,32.4,15.9,18.4,16.6,16.5,15.9
美浦,20260815,土,7:38,ルナディアナ,,牝,2,未出走,小手川準,66.6,49.2,32.6,15.9,17.4,16.6,16.7,15.9
美浦,20260815,土,7:39,アテナプロマコス,,牝,2,未出走,和田勇介,64.5,47.7,31.4,15.7,16.8,16.3,15.7,15.7
美浦,20260815,土,7:39,カサブランカキッド,,牡,6,400,和田勇介,70.2,51.6,34.1,16.9,18.6,17.5,17.2,16.9
美浦,20260815,土,7:39,ペルフェクト,,牡,2,未登録,,70.3,51.9,34.5,17.1,18.4,17.4,17.4,17.1
美浦,20260815,土,7:39,ｶﾗｰｽﾞｵﾌﾞﾗｳﾞの24,,牡,2,未登録,,70.4,51.9,34.4,17.6,18.5,17.5,16.8,17.6
美浦,20260815,土,7:41,マリアイリダータ,,牝,4,2400,田中博康,63.4,46.1,30.2,15.2,17.3,15.9,15.0,15.2
美浦,20260815,土,7:43,サンセットブライト,,牝,5,1500,相沢郁,65.7,48.2,30.6,15.2,17.5,17.6,15.4,15.2
美浦,20260815,土,7:43,スターエンブレム,,牡,4,400,林徹,60.8,44.8,29.4,14.6,16.0,15.4,14.8,14.6
美浦,20260815,土,7:44,ハッスルダンク,,セ,6,1500,中川公成,69.0,51.7,34.3,17.3,17.3,17.4,17.0,17.3
美浦,20260815,土,7:47,イトウカカリチョウ,,牡,2,未出走,岩戸孝樹,68.6,51.7,33.8,17.0,16.9,17.9,16.8,17.0
美浦,20260815,土,7:47,エコロゴッド,,牡,2,未出走,岩戸孝樹,69.0,51.4,33.9,16.8,17.6,17.5,17.1,16.8
美浦,20260815,土,7:47,ジーティートリオン,,牡,2,未登録,,69.1,51.8,34.2,17.1,17.3,17.6,17.1,17.1
美浦,20260815,土,7:47,ゼフィリア,,牝,3,0,岩戸孝樹,68.0,50.3,33.2,16.8,17.7,17.1,16.4,16.8
美浦,20260815,土,7:47,マンマリアーレ,,牝,6,2400,高木登,71.5,51.4,33.4,16.5,20.1,18.0,16.9,16.5
美浦,20260815,土,7:47,リラキトス,,牡,4,150,高木登,70.2,51.8,34.1,17.2,18.4,17.7,16.9,17.2
美浦,20260815,土,7:47,リラベガ,,牝,3,400,岩戸孝樹,67.5,50.0,32.9,16.7,17.5,17.1,16.2,16.7
美浦,20260815,土,7:47,レインボーワールド,,牝,3,0,畠山吉宏,63.2,46.4,30.9,15.8,16.8,15.5,15.1,15.8
美浦,20260815,土,7:48,コスモシグルン,,牝,3,0,畠山吉宏,63.0,46.4,30.5,15.4,16.6,15.9,15.1,15.4
美浦,20260815,土,7:48,シーアンドパールズ,,牝,2,未出走,田中博康,62.2,46.3,30.6,15.4,15.9,15.7,15.2,15.4
美浦,20260815,土,7:48,ヴェトロテンペスタ,,牝,2,未出走,田中博康,64.4,47.4,31.0,15.1,17.0,16.4,15.9,15.1
美浦,20260815,土,7:49,イケイケルノワール,,セ,3,0,松山将樹,64.4,47.0,30.0,14.2,17.4,17.0,15.8,14.2
美浦,20260815,土,7:49,ダイヒョウカーク,,牡,3,0,松山将樹,69.1,51.2,33.7,17.0,17.9,17.5,16.7,17.0
美浦,20260815,土,7:49,ホウオウファミリー,,牡,3,0,田中博康,58.6,43.5,29.5,14.7,15.1,14.0,14.8,14.7
美浦,20260815,土,7:50,インヴィディア,,牡,2,未出走,上原佑紀,63.1,46.6,30.5,15.2,16.5,16.1,15.3,15.2
美浦,20260815,土,7:50,リアライズオーラム,,セ,4,400,上原佑紀,64.3,47.8,31.3,15.4,16.5,16.5,15.9,15.4
美浦,20260815,土,7:50,ロマンス,,牝,3,0,上原佑紀,68.2,49.8,33.1,16.7,18.4,16.7,16.4,16.7
美浦,20260815,土,7:50,ローズインヴィクタ,,牝,2,未登録,,63.1,47.2,30.5,14.7,15.9,16.7,15.8,14.7
美浦,20260815,土,7:51,コスモスプモーニ,,牡,6,900,松山将樹,77.6,57.0,37.2,18.7,20.6,19.8,18.5,18.7
美浦,20260815,土,7:52,ラブトゥエニイワン,,牡,3,0,尾関知人,69.3,51.2,33.6,17.0,18.1,17.6,16.6,17.0
美浦,20260815,土,7:52,レッドシュヴェルト,,牡,6,2400,尾関知人,71.2,52.0,34.3,17.1,19.2,17.7,17.2,17.1
美浦,20260815,土,7:58,サイモンオリエント,,牡,2,0,勢司和浩,70.1,52.5,34.5,17.0,17.6,18.0,17.5,17.0
美浦,20260815,土,7:58,バセリーナ,,牡,4,900,松山将樹,67.1,47.0,30.5,15.1,20.1,16.5,15.4,15.1
美浦,20260815,土,7:58,ヴォンサクレ,,牡,3,0,勢司和浩,74.4,52.3,34.4,17.5,22.1,17.9,16.9,17.5
美浦,20260815,土,7:59,ラブリーガール,,牝,4,400,勢司和浩,76.7,56.9,37.0,18.2,19.8,19.9,18.8,18.2
美浦,20260815,土,8:04,マルカベント,,牡,4,200,浅利英明,67.0,48.7,31.6,15.2,18.3,17.1,16.4,15.2
美浦,20260815,土,8:05,オウケンサクラコ,,牝,3,0,田中勝春,64.3,47.5,31.6,15.8,16.8,15.9,15.8,15.8
美浦,20260815,土,8:05,ゲンロクコイモヨウ,,牝,2,未出走,田中勝春,65.0,47.7,31.3,15.6,17.3,16.4,15.7,15.6
