栗東,20260620,土,4:30,エルダークローネ,,牡,2,未出走,西村真幸,63.8,45.7,29.8,14.5,18.1,15.9,15.3,14.5
栗東,20260620,土,4:30,タイセイブリオン,,牡,2,未登録,,64.9,47.2,30.8,15.4,17.7,16.4,15.4,15.4
栗東,20260620,土,4:30,タガノミトゥンドゥ,,牝,3,0,長谷川浩,58.8,43.3,29.0,14.4,15.5,14.3,14.6,14.4
栗東,20260620,土,4:30,ディオレガーロ,,牝,3,0,長谷川浩,58.1,42.6,27.9,13.5,15.5,14.7,14.4,13.5
栗東,20260620,土,4:30,プロトポロス,,牡,6,2400,西村真幸,66.9,48.3,31.0,15.0,18.6,17.3,16.0,15.0
栗東,20260620,土,4:30,ムスペルヘイム,,牡,2,未登録,,63.3,46.3,31.0,15.5,17.0,15.3,15.5,15.5
栗東,20260620,土,4:30,ヤマニンチェルキ,,牡,4,7350,中村直也,52.9,38.2,24.9,12.3,14.7,13.3,12.6,12.3
栗東,20260620,土,4:31,アスクレコードモア,,牡,2,未出走,矢作芳人,64.9,46.5,30.5,15.4,18.4,16.0,15.1,15.4
栗東,20260620,土,4:31,アトランタ,,牡,2,未出走,高柳大輔,66.3,48.0,31.0,15.3,18.3,17.0,15.7,15.3
栗東,20260620,土,4:31,エングルマン,,牡,3,0,西村真幸,65.1,46.5,29.8,14.4,18.6,16.7,15.4,14.4
栗東,20260620,土,4:31,カフラー,,牡,3,未出走,矢作芳人,64.8,46.2,29.8,14.3,18.6,16.4,15.5,14.3
栗東,20260620,土,4:31,ガイストライヒ,,牡,3,0,高柳大輔,56.1,39.8,25.3,12.0,16.3,14.5,13.3,12.0
栗東,20260620,土,4:31,キープシャイニング,,牡,3,0,長谷川浩,66.3,48.2,31.6,15.7,18.1,16.6,15.9,15.7
栗東,20260620,土,4:31,ゴルトミュンツェ,,牝,3,0,高柳大輔,67.8,48.7,30.5,14.9,19.1,18.2,15.6,14.9
栗東,20260620,土,4:31,シュプレヒコール,,牡,2,未出走,清水久詞,57.8,40.2,26.1,12.5,17.6,14.1,13.6,12.5
栗東,20260620,土,4:31,タケルレジェンド,,牡,2,未出走,高柳大輔,65.7,47.7,30.5,14.8,18.0,17.2,15.7,14.8
栗東,20260620,土,4:31,トラカイキャッスル,,牝,3,0,西村真幸,63.2,45.8,30.0,14.8,17.4,15.8,15.2,14.8
栗東,20260620,土,4:31,バヤールロック,,牡,2,未登録,,67.2,48.3,31.4,15.6,18.9,16.9,15.8,15.6
栗東,20260620,土,4:31,ビジュードネージュ,,牝,4,400,高柳大輔,71.1,51.2,33.3,16.3,19.9,17.9,17.0,16.3
栗東,20260620,土,4:31,ペガサスノース,,牝,4,400,高柳大輔,67.3,49.3,32.9,16.3,18.0,16.4,16.6,16.3
栗東,20260620,土,4:31,マヤノイマジン,,牝,3,0,矢作芳人,64.1,46.3,30.2,15.2,17.8,16.1,15.0,15.2
栗東,20260620,土,4:31,ロードトレゾール,,牡,5,900,清水久詞,52.4,37.1,24.1,12.0,15.3,13.0,12.1,12.0
栗東,20260620,土,4:32,アテンド,,牝,2,未出走,中村直也,74.3,52.5,33.9,16.2,21.8,18.6,17.7,16.2
栗東,20260620,土,4:32,イットガール,,牝,3,未出走,矢作芳人,69.2,51.2,34.1,17.1,18.0,17.1,17.0,17.1
栗東,20260620,土,4:32,エイシンリーガル,,牡,3,0,高橋康之,72.1,53.0,34.9,17.3,19.1,18.1,17.6,17.3
栗東,20260620,土,4:32,エンジェルグラース,,牝,3,0,高橋康之,67.1,48.1,31.0,15.5,19.0,17.1,15.5,15.5
栗東,20260620,土,4:32,ティエルニート,,牝,2,未出走,高橋康之,70.0,51.1,33.3,16.3,18.9,17.8,17.0,16.3
栗東,20260620,土,4:32,プロミシングスター,,牡,5,1500,高橋義忠,71.8,53.2,35.6,18.9,18.6,17.6,16.7,18.9
栗東,20260620,土,4:32,マイエスタ,,牝,2,未登録,,73.5,54.1,35.2,17.4,19.4,18.9,17.8,17.4
栗東,20260620,土,4:32,マリアンデール,,牝,2,未登録,,73.9,53.9,35.3,17.5,20.0,18.6,17.8,17.5
栗東,20260620,土,4:32,マーゴットデイズ,,牡,3,0,中村直也,70.0,51.8,34.7,17.5,18.2,17.1,17.2,17.5
栗東,20260620,土,4:32,モンドドゥアムール,,牝,2,未出走,高橋康之,73.3,54.3,35.9,18.5,19.0,18.4,17.4,18.5
栗東,20260620,土,4:32,レイクイーン,,牝,2,未出走,中村直也,72.1,52.1,34.4,16.8,20.0,17.7,17.6,16.8
栗東,20260620,土,4:32,レッドヴァリアート,,牡,4,400,加藤公太,72.3,52.5,33.5,15.5,19.8,19.0,18.0,15.5
栗東,20260620,土,4:32,ﾌｷﾞﾝの24,,牝,2,未登録,,74.1,54.7,35.9,17.7,19.4,18.8,18.2,17.7
栗東,20260620,土,4:33,アンガーザガール,,牝,3,0,東田明士,65.9,48.2,31.4,15.4,17.7,16.8,16.0,15.4
栗東,20260620,土,4:33,アンリーベイビー,,牝,5,400,茶木太樹,53.3,38.1,24.9,12.3,15.2,13.2,12.6,12.3
栗東,20260620,土,4:33,ケイアイクビラ,,牡,6,400,宮本博,65.0,48.0,32.1,16.5,17.0,15.9,15.6,16.5
栗東,20260620,土,4:33,ココフルール,,牝,2,未出走,東田明士,64.8,47.2,30.8,16.0,17.6,16.4,14.8,16.0
栗東,20260620,土,4:33,ゴールデンテティス,,牝,3,0,庄野靖志,65.4,48.3,31.3,14.5,17.1,17.0,16.8,14.5
栗東,20260620,土,4:33,シャトンダンス,,牝,2,未登録,,65.0,47.6,30.9,16.0,17.4,16.7,14.9,16.0
栗東,20260620,土,4:33,スーパービジー,,牡,3,0,庄野靖志,67.2,49.2,32.8,16.5,18.0,16.4,16.3,16.5
栗東,20260620,土,4:33,ドラムメジャー,,牝,3,0,東田明士,69.0,49.4,32.4,16.0,19.6,17.0,16.4,16.0
栗東,20260620,土,4:33,ホウショウルクス,,牝,3,400,東田明士,65.2,47.1,31.4,15.2,18.1,15.7,16.2,15.2
栗東,20260620,土,4:33,リーガルスプレンダ,,牝,3,0,庄野靖志,67.8,49.6,32.8,16.3,18.2,16.8,16.5,16.3
栗東,20260620,土,4:33,レッドリベルタ,,牡,5,900,庄野靖志,65.3,48.0,32.1,16.5,17.3,15.9,15.6,16.5
栗東,20260620,土,4:33,ロードフォンス,,牡,6,7900,安田翔伍,53.3,39.3,26.2,13.4,14.0,13.1,12.8,13.4
栗東,20260620,土,4:34,ウインガウェイン,,牡,2,未出走,吉田直弘,75.1,52.4,34.5,17.2,22.7,17.9,17.3,17.2
栗東,20260620,土,4:34,ウインリュクス,,牝,6,0,吉田直弘,74.6,52.7,34.1,17.3,21.9,18.6,16.8,17.3
栗東,20260620,土,4:34,エイシンマールス,,牡,4,400,今野貞一,66.0,47.6,31.4,15.6,18.4,16.2,15.8,15.6
栗東,20260620,土,4:34,エコロリンド,,牝,2,未出走,須貝尚介,64.3,46.9,30.7,15.6,17.4,16.2,15.1,15.6
栗東,20260620,土,4:34,オメガダフネ,,牡,2,未登録,,68.9,50.4,33.3,16.4,18.5,17.1,16.9,16.4
栗東,20260620,土,4:34,ゲレイロ,,牡,3,0,今野貞一,66.8,48.8,32.0,15.9,18.0,16.8,16.1,15.9
栗東,20260620,土,4:34,ショウナンバラモン,,牡,2,未登録,,68.1,49.6,32.9,16.6,18.5,16.7,16.3,16.6
栗東,20260620,土,4:34,ダノンチャンピオン,,牡,2,未出走,安田翔伍,68.4,51.1,34.6,17.8,17.3,16.5,16.8,17.8
栗東,20260620,土,4:34,ハイクオリティ,,牡,4,900,今野貞一,71.4,53.1,34.8,17.1,18.3,18.3,17.7,17.1
栗東,20260620,土,4:34,バトゥカーダ,,牡,3,400,安達昭夫,64.0,47.1,31.4,15.8,16.9,15.7,15.6,15.8
栗東,20260620,土,4:34,バロニアル,,牡,3,400,柴田卓,66.8,49.3,33.2,17.2,17.5,16.1,16.0,17.2
栗東,20260620,土,4:34,プペアンビスキュイ,,牝,3,未出走,茶木太樹,65.0,46.7,30.8,15.1,18.3,15.9,15.7,15.1
栗東,20260620,土,4:34,マスアンジュ,,牝,3,0,吉田直弘,74.5,52.7,34.0,16.5,21.8,18.7,17.5,16.5
栗東,20260620,土,4:34,ラルス,,牡,3,0,吉田直弘,74.9,53.7,35.3,17.5,21.2,18.4,17.8,17.5
栗東,20260620,土,4:34,リアライズパリオ,,牡,3,0,須貝尚介,68.3,49.7,33.0,16.5,18.6,16.7,16.5,16.5
栗東,20260620,土,4:34,ルマンサルト,,牡,2,未出走,吉田直弘,74.7,52.8,34.3,16.6,21.9,18.5,17.7,16.6
栗東,20260620,土,4:34,ヴァンクライ,,牡,2,未登録,,67.8,49.6,32.9,16.6,18.2,16.7,16.3,16.6
栗東,20260620,土,4:35,ウインビスタ,,牡,3,0,梅田智之,69.1,50.6,33.6,16.9,18.5,17.0,16.7,16.9
栗東,20260620,土,4:35,オースミサイファー,,牡,3,0,宮本博,66.5,48.1,31.7,15.8,18.4,16.4,15.9,15.8
栗東,20260620,土,4:35,カトマンズゴールド,,牝,3,0,宮本博,67.0,47.9,31.6,16.0,19.1,16.3,15.6,16.0
栗東,20260620,土,4:35,クリノパッション,,牡,2,未出走,高橋義忠,83.9,60.6,39.3,18.9,23.3,21.3,20.4,18.9
栗東,20260620,土,4:35,ステラクラウン,,牝,5,900,上村洋行,66.3,48.3,32.1,16.3,18.0,16.2,15.8,16.3
栗東,20260620,土,4:35,セルヴァジオ,,牝,3,0,上村洋行,66.7,47.7,31.3,15.7,19.0,16.4,15.6,15.7
栗東,20260620,土,4:35,ニシノジェダイ,,牡,4,400,宮本博,66.5,47.3,30.5,15.1,19.2,16.8,15.4,15.1
栗東,20260620,土,4:35,ブランチアウト,,牡,3,0,昆貢,68.5,51.2,33.0,16.5,17.3,18.2,16.5,16.5
栗東,20260620,土,4:35,ベラジオヴァレル,,牡,3,0,上村洋行,69.3,49.9,33.7,18.3,19.4,16.2,15.4,18.3
栗東,20260620,土,4:35,ホールシバン,,セ,8,3600,高橋義忠,84.1,61.0,39.7,19.2,23.1,21.3,20.5,19.2
栗東,20260620,土,4:35,リアライズブルーム,,牝,3,0,須貝尚介,65.7,47.3,30.7,15.2,18.4,16.6,15.5,15.2
栗東,20260620,土,4:35,リフルフォース,,牝,3,0,上村洋行,65.3,47.0,31.3,15.9,18.3,15.7,15.4,15.9
栗東,20260620,土,4:35,リュネヴィル,,牝,3,0,梅田智之,67.3,48.7,32.4,15.0,18.6,16.3,17.4,15.0
栗東,20260620,土,4:35,ルージュマデイラ,,牝,3,0,上村洋行,66.8,48.0,31.5,15.9,18.8,16.5,15.6,15.9
栗東,20260620,土,4:36,アルミラージ,,牝,3,0,小林真也,71.0,51.8,34.3,17.2,19.2,17.5,17.1,17.2
栗東,20260620,土,4:36,グランピアン,,牝,3,未出走,森田直行,66.5,48.2,32.3,16.0,18.3,15.9,16.3,16.0
栗東,20260620,土,4:36,サンライズフリード,,牡,3,0,小林真也,65.1,47.2,31.2,15.2,17.9,16.0,16.0,15.2
栗東,20260620,土,4:36,スイートポメロ,,牝,3,0,森田直行,65.6,48.6,32.6,16.2,17.0,16.0,16.4,16.2
栗東,20260620,土,4:36,メイショウクーガー,,牡,6,900,中内田充,62.4,45.3,30.1,15.7,17.1,15.2,14.4,15.7
栗東,20260620,土,4:37,キングツェッペリン,,牡,5,900,牧田和弥,64.2,46.4,30.1,14.6,17.8,16.3,15.5,14.6
栗東,20260620,土,4:37,ゴーツウキリシマ,,牝,6,900,牧田和弥,69.8,50.9,33.1,16.5,18.9,17.8,16.6,16.5
栗東,20260620,土,4:37,ゴールドアーチ,,牡,3,0,坂口智康,65.1,49.1,32.8,16.2,16.0,16.3,16.6,16.2
栗東,20260620,土,4:37,サンシュエール,,牡,3,未出走,中内田充,66.9,49.0,32.1,16.0,17.9,16.9,16.1,16.0
栗東,20260620,土,4:37,ジェルソミーノ,,牝,3,0,牧田和弥,67.7,49.8,32.7,16.5,17.9,17.1,16.2,16.5
栗東,20260620,土,4:37,ジャスティンゴッホ,,牡,3,0,茶木太樹,65.9,48.5,32.0,15.7,17.4,16.5,16.3,15.7
栗東,20260620,土,4:37,ジョウゲンノツキ,,牝,5,900,牧田和弥,65.5,47.0,30.6,14.9,18.5,16.4,15.7,14.9
栗東,20260620,土,4:37,タマモスカイ,,牡,3,0,茶木太樹,64.6,47.4,30.4,14.9,17.2,17.0,15.5,14.9
栗東,20260620,土,4:37,パゴスピグイノス,,牝,3,0,森田直行,69.3,50.0,33.7,16.6,19.3,16.3,17.1,16.6
栗東,20260620,土,4:37,ブルーザー,,牡,3,0,池添学,67.8,49.4,32.1,15.9,18.4,17.3,16.2,15.9
栗東,20260620,土,4:37,ミスティパープル,,牝,3,0,茶木太樹,64.9,47.5,31.1,15.7,17.4,16.4,15.4,15.7
栗東,20260620,土,4:37,ミッキーテネシー,,牝,3,未出走,中内田充,70.1,50.5,32.6,16.4,19.6,17.9,16.2,16.4
栗東,20260620,土,4:37,ﾗﾌﾞｱﾝﾄﾞﾋﾟｰｽの24,,牝,2,未登録,,67.0,48.5,31.3,15.1,18.5,17.2,16.2,15.1
栗東,20260620,土,4:38,グレイイメル,,牡,3,0,武英智,54.1,38.8,25.3,12.7,15.3,13.5,12.6,12.7
栗東,20260620,土,4:38,ジューンエオス,,牝,4,1500,武英智,52.1,37.4,24.0,12.0,14.7,13.4,12.0,12.0
栗東,20260620,土,4:38,タワーオブバベル,,牡,3,0,坂口智康,72.3,51.0,32.3,15.0,21.3,18.7,17.3,15.0
栗東,20260620,土,4:38,ビスケットアソート,,牡,3,400,武英智,69.0,51.2,33.9,16.7,17.8,17.3,17.2,16.7
栗東,20260620,土,4:38,ムーンリットアイル,,牝,3,400,武英智,52.6,37.8,24.3,12.1,14.8,13.5,12.2,12.1
栗東,20260620,土,4:38,メイショウリリー,,牝,5,900,高橋義忠,76.1,56.3,38.0,19.0,19.8,18.3,19.0,19.0
栗東,20260620,土,4:38,ヨカオウ,,牡,3,400,谷潔,70.1,52.4,35.4,17.3,17.7,17.0,18.1,17.3
栗東,20260620,土,4:38,ﾘﾘｻｲﾄﾞの24,,牡,2,未登録,,53.9,38.6,25.1,12.6,15.3,13.5,12.5,12.6
栗東,20260620,土,4:39,カラクニダケ,,牡,3,400,谷潔,67.7,49.8,32.7,16.2,17.9,17.1,16.5,16.2
栗東,20260620,土,4:39,クリコファルコン,,牡,3,0,谷潔,68.8,50.2,33.1,16.3,18.6,17.1,16.8,16.3
栗東,20260620,土,4:39,ニシノキヅイタラ,,牝,2,未出走,谷潔,68.2,49.8,31.9,15.8,18.4,17.9,16.1,15.8
栗東,20260620,土,4:39,ブラックドレス,,牝,5,400,谷潔,69.7,50.1,32.8,16.1,19.6,17.3,16.7,16.1
栗東,20260620,土,4:39,リッケンバッカー,,牡,8,1150,西村真幸,65.4,48.1,31.8,15.7,17.3,16.3,16.1,15.7
栗東,20260620,土,4:40,クリノゴージャス,,牝,3,未出走,荒川義之,65.6,48.2,32.5,16.0,17.4,15.7,16.5,16.0
栗東,20260620,土,4:40,コニーアイランド,,牝,3,400,中内田充,64.8,46.6,29.7,14.1,18.2,16.9,15.6,14.1
栗東,20260620,土,4:40,シンゼンノト,,牡,2,未出走,荒川義之,68.2,50.5,33.8,16.8,17.7,16.7,17.0,16.8
栗東,20260620,土,4:40,ナムラサフラン,,牝,2,未出走,荒川義之,66.0,48.7,32.6,16.3,17.3,16.1,16.3,16.3
栗東,20260620,土,4:40,ナムラステラ,,牝,3,0,荒川義之,66.5,48.7,32.7,16.5,17.8,16.0,16.2,16.5
栗東,20260620,土,4:40,ハッピーダンチャン,,牡,4,900,小椋研介,66.0,48.5,30.8,15.0,17.5,17.7,15.8,15.0
栗東,20260620,土,4:40,パスリヤージュ,,牝,3,未出走,荒川義之,66.3,48.7,32.6,16.9,17.6,16.1,15.7,16.9
栗東,20260620,土,4:40,メイショウタイゲイ,,牡,7,1500,荒川義之,72.2,54.1,36.4,18.3,18.1,17.7,18.1,18.3
栗東,20260620,土,4:40,ロンリーマン,,牡,2,未登録,,69.7,52.3,34.8,17.5,17.4,17.5,17.3,17.5
栗東,20260620,土,4:41,ルシャリオ,,牡,4,80,森田直行,68.9,49.8,32.8,16.1,19.1,17.0,16.7,16.1
栗東,20260620,土,4:41,ロードシュヴァリエ,,牡,4,400,森田直行,67.1,48.8,31.7,15.4,18.3,17.1,16.3,15.4
栗東,20260620,土,4:42,ジューンマーチ,,牡,3,0,松下武士,67.3,49.5,32.5,16.2,17.8,17.0,16.3,16.2
栗東,20260620,土,4:42,テリオスベラ,,牝,2,未出走,松下武士,69.9,50.2,32.9,16.3,19.7,17.3,16.6,16.3
栗東,20260620,土,4:42,ニミッツハイウェイ,,牡,3,0,梅田智之,66.0,47.4,30.8,15.0,18.6,16.6,15.8,15.0
栗東,20260620,土,4:42,バロッカネーラ,,牝,3,0,池添学,68.2,48.5,31.7,15.7,19.7,16.8,16.0,15.7
栗東,20260620,土,4:42,フローラルセント,,牝,5,900,松下武士,66.9,48.4,31.1,15.0,18.5,17.3,16.1,15.0
栗東,20260620,土,4:42,ララディアーブル,,牡,3,0,松下武士,69.3,51.0,33.5,16.6,18.3,17.5,16.9,16.6
栗東,20260620,土,4:43,アスクケンタッキー,,牡,3,900,藤原英昭,53.3,38.0,23.8,11.7,15.3,14.2,12.1,11.7
栗東,20260620,土,4:43,カシノクロサイト,,牝,2,未出走,北出成人,66.8,48.8,32.0,15.4,18.0,16.8,16.6,15.4
栗東,20260620,土,4:43,カゼノランナー,,牡,5,10100,松永幹夫,71.9,52.3,33.6,16.2,19.6,18.7,17.4,16.2
栗東,20260620,土,4:43,カパルア,,牡,3,0,松永幹夫,66.8,48.9,31.7,15.7,17.9,17.2,16.0,15.7
栗東,20260620,土,4:43,サリエンテ,,牝,3,400,池添学,68.3,49.3,31.9,15.9,19.0,17.4,16.0,15.9
栗東,20260620,土,4:43,セールヴォラン,,牡,5,900,北出成人,66.2,47.9,31.5,15.7,18.3,16.4,15.8,15.7
栗東,20260620,土,4:43,チャチャピンク,,牡,4,400,北出成人,67.0,48.4,31.6,15.5,18.6,16.8,16.1,15.5
栗東,20260620,土,4:43,トゥスコラーナ,,牝,3,0,松永幹夫,65.7,47.7,30.7,14.7,18.0,17.0,16.0,14.7
栗東,20260620,土,4:43,トウカイポワール,,牝,5,1500,北出成人,66.9,48.4,31.6,15.7,18.5,16.8,15.9,15.7
栗東,20260620,土,4:43,トリオノチカラ,,牡,2,未出走,北出成人,67.5,49.2,32.0,15.5,18.3,17.2,16.5,15.5
栗東,20260620,土,4:43,バドリナート,,牡,3,1200,松永幹夫,66.1,48.5,31.4,15.4,17.6,17.1,16.0,15.4
栗東,20260620,土,4:43,ヒルノアラゴン,,牡,2,未出走,北出成人,67.5,49.2,32.0,15.5,18.3,17.2,16.5,15.5
栗東,20260620,土,4:43,ユメシバイ,,牝,4,400,松永幹夫,66.9,48.8,31.3,15.3,18.1,17.5,16.0,15.3
栗東,20260620,土,4:43,ルクスフレンジー,,牡,4,1600,松永幹夫,67.3,49.1,32.0,16.1,18.2,17.1,15.9,16.1
栗東,20260620,土,4:44,アンテロース,,牡,6,900,岡田稲男,68.3,49.0,32.4,16.2,19.3,16.6,16.2,16.2
栗東,20260620,土,4:44,テーオーレックス,,牡,3,0,岡田稲男,68.4,50.7,34.0,17.2,17.7,16.7,16.8,17.2
栗東,20260620,土,4:44,ブルーチップ,,牡,2,未出走,岡田稲男,67.9,48.8,31.9,16.1,19.1,16.9,15.8,16.1
栗東,20260620,土,4:44,ホープフルロマン,,牡,2,未出走,羽月友彦,74.6,55.1,36.6,17.7,19.5,18.5,18.9,17.7
栗東,20260620,土,4:44,ポワンキュルミナン,,牡,6,1500,岡田稲男,66.6,48.6,31.4,15.5,18.0,17.2,15.9,15.5
栗東,20260620,土,4:44,ヤマトクオーレ,,牡,2,未出走,安達昭夫,68.7,50.7,34.1,17.5,18.0,16.6,16.6,17.5
栗東,20260620,土,4:44,ヤマトデュノール,,牡,2,未出走,安達昭夫,68.3,50.4,33.9,17.3,17.9,16.5,16.6,17.3
栗東,20260620,土,4:45,アストラカ,,セ,5,900,石坂公一,67.8,49.5,32.4,16.2,18.3,17.1,16.2,16.2
栗東,20260620,土,4:45,エコロルーク,,牡,2,未出走,藤原英昭,61.7,45.1,30.4,15.6,16.6,14.7,14.8,15.6
栗東,20260620,土,4:45,スマートメモリー,,牝,2,0,石坂公一,67.9,49.1,32.2,16.0,18.8,16.9,16.2,16.0
栗東,20260620,土,4:45,フチサンチャチャ,,牡,3,0,笹田和秀,67.4,48.3,31.6,16.0,19.1,16.7,15.6,16.0
栗東,20260620,土,4:45,プロミシングスター,,牡,5,1500,高橋義忠,59.1,43.0,28.6,14.5,16.1,14.4,14.1,14.5
栗東,20260620,土,4:45,ボッチョ,,牝,3,0,石坂公一,68.8,49.6,32.4,16.1,19.2,17.2,16.3,16.1
栗東,20260620,土,4:45,ヴェロクオーレ,,牝,5,1180,石坂公一,68.1,48.7,31.6,15.5,19.4,17.1,16.1,15.5
栗東,20260620,土,4:46,アトゥア,,牝,2,未登録,,67.4,49.2,31.7,14.9,18.2,17.5,16.8,14.9
栗東,20260620,土,4:46,アーリーハーベスト,,牝,3,400,小林真也,67.7,49.7,33.2,16.3,18.0,16.5,16.9,16.3
栗東,20260620,土,4:46,ストップヤーニング,,牡,4,1500,羽月友彦,66.8,47.9,31.1,15.2,18.9,16.8,15.9,15.2
栗東,20260620,土,4:46,トムクリオーザ,,牡,2,未出走,藤原英昭,63.7,46.9,31.5,16.1,16.8,15.4,15.4,16.1
栗東,20260620,土,4:46,メイショウフウドウ,,セ,5,1500,藤原英昭,68.3,49.6,32.4,15.8,18.7,17.2,16.6,15.8
栗東,20260620,土,4:46,レニュアージュ,,牝,2,未出走,藤原英昭,65.4,46.6,30.3,14.7,18.8,16.3,15.6,14.7
栗東,20260620,土,4:46,ロードディグニティ,,牡,2,未出走,藤原英昭,64.7,46.5,30.7,15.2,18.2,15.8,15.5,15.2
栗東,20260620,土,4:47,オーケーエンジェル,,牝,4,400,笹田和秀,67.3,49.2,31.7,15.4,18.1,17.5,16.3,15.4
栗東,20260620,土,4:47,カミノトップワン,,牡,3,0,千田輝彦,67.6,49.0,32.3,15.9,18.6,16.7,16.4,15.9
栗東,20260620,土,4:47,クリノパッション,,牡,2,未出走,高橋義忠,65.9,48.7,31.7,15.7,17.2,17.0,16.0,15.7
栗東,20260620,土,4:47,コカボムショット,,牡,3,0,庄野靖志,72.2,52.9,34.9,17.9,19.3,18.0,17.0,17.9
栗東,20260620,土,4:47,ジンセイ,,牡,5,2400,庄野靖志,71.3,51.7,33.5,16.6,19.6,18.2,16.9,16.6
栗東,20260620,土,4:47,スナークホクサイ,,セ,3,0,野中賢二,69.0,50.7,33.4,16.7,18.3,17.3,16.7,16.7
栗東,20260620,土,4:47,ホールシバン,,セ,8,3600,高橋義忠,65.1,48.4,31.1,15.4,16.7,17.3,15.7,15.4
栗東,20260620,土,4:47,マサハヤルージュ,,牝,3,0,千田輝彦,62.6,45.0,29.1,14.2,17.6,15.9,14.9,14.2
栗東,20260620,土,4:47,メイショウシンタケ,,牡,8,3800,千田輝彦,66.2,47.9,30.7,15.2,18.3,17.2,15.5,15.2
栗東,20260620,土,4:47,ランズエンド,,牡,2,未出走,野中賢二,70.1,51.7,33.9,16.8,18.4,17.8,17.1,16.8
栗東,20260620,土,4:48,カリーニョ,,牡,5,900,杉山晴紀,68.4,49.1,32.0,15.6,19.3,17.1,16.4,15.6
栗東,20260620,土,4:48,サンライズアリオン,,牡,7,3600,平田修,64.4,48.3,31.8,15.5,16.1,16.5,16.3,15.5
栗東,20260620,土,4:48,サンライズケヴィン,,牡,3,900,平田修,70.1,51.4,34.2,16.7,18.7,17.2,17.5,16.7
栗東,20260620,土,4:48,サンライズハリー,,牡,3,0,平田修,68.1,48.8,32.0,16.8,19.3,16.8,15.2,16.8
栗東,20260620,土,4:48,サヴォアフェール,,牡,3,400,杉山晴紀,64.9,47.8,31.5,15.7,17.1,16.3,15.8,15.7
栗東,20260620,土,4:48,スズノボンライミー,,牝,3,0,平田修,69.9,51.6,34.1,16.7,18.3,17.5,17.4,16.7
栗東,20260620,土,4:48,ダノンプリマ,,牝,4,400,千田輝彦,70.0,52.1,34.2,17.6,17.9,17.9,16.6,17.6
栗東,20260620,土,4:48,ハッコウイチウ,,牡,4,400,杉山晴紀,66.1,47.5,30.6,14.6,18.6,16.9,16.0,14.6
栗東,20260620,土,4:48,ハリーケーン,,牡,4,1500,大根田裕,67.8,48.8,31.5,15.4,19.0,17.3,16.1,15.4
栗東,20260620,土,4:48,ボールドペイト,,牡,3,0,千田輝彦,70.2,51.5,33.7,16.5,18.7,17.8,17.2,16.5
栗東,20260620,土,4:48,ミッションルース,,牡,5,500,平田修,64.3,46.2,29.7,14.6,18.1,16.5,15.1,14.6
栗東,20260620,土,4:48,モズタイシソウシ,,牡,3,0,平田修,64.1,45.8,29.5,14.3,18.3,16.3,15.2,14.3
栗東,20260620,土,4:48,ユイパルティ,,牝,2,未出走,平田修,65.5,48.0,31.8,15.5,17.5,16.2,16.3,15.5
栗東,20260620,土,4:48,リアルペガサス,,牡,5,450,大橋勇樹,71.6,52.6,34.7,17.0,19.0,17.9,17.7,17.0
栗東,20260620,土,4:48,ワンダージェム,,牝,3,0,石坂公一,66.5,48.3,31.3,15.5,18.2,17.0,15.8,15.5
栗東,20260620,土,4:49,アカデミア,,牡,4,1500,杉山晴紀,68.7,49.8,32.0,15.6,18.9,17.8,16.4,15.6
栗東,20260620,土,4:49,アロハ,,牝,3,0,杉山晴紀,67.9,49.2,32.8,16.6,18.7,16.4,16.2,16.6
栗東,20260620,土,4:49,エルトンバローズ,,牡,6,9850,杉山晴紀,67.7,48.2,32.1,16.0,19.5,16.1,16.1,16.0
栗東,20260620,土,4:49,オリーブグリーン,,牡,4,1500,矢作芳人,66.2,48.4,31.6,15.5,17.8,16.8,16.1,15.5
栗東,20260620,土,4:49,オーラムミーティア,,牡,2,未出走,吉村圭司,65.6,47.2,31.0,15.1,18.4,16.2,15.9,15.1
栗東,20260620,土,4:49,クロノスバレット,,牡,4,900,吉村圭司,65.2,47.1,30.1,14.6,18.1,17.0,15.5,14.6
栗東,20260620,土,4:49,ゴールデンバランス,,牡,3,400,杉山晴紀,71.2,51.5,33.0,16.1,19.7,18.5,16.9,16.1
栗東,20260620,土,4:49,サンタカタリナ,,牝,3,0,杉山晴紀,70.7,51.3,32.7,15.9,19.4,18.6,16.8,15.9
栗東,20260620,土,4:49,スピーチバルーン,,牝,3,0,吉村圭司,67.1,48.4,32.0,15.9,18.7,16.4,16.1,15.9
栗東,20260620,土,4:49,ブライトベリル,,牝,3,0,中内田充,69.1,50.0,32.5,16.0,19.1,17.5,16.5,16.0
栗東,20260620,土,4:49,ローズカリス,,牝,3,900,大橋勇樹,70.2,50.9,32.9,16.0,19.3,18.0,16.9,16.0
栗東,20260620,土,4:49,ワンダーエイド,,牡,3,0,吉村圭司,65.2,46.9,30.1,14.7,18.3,16.8,15.4,14.7
栗東,20260620,土,4:49,ヴィヴァシャス,,牝,4,400,笹田和秀,67.3,48.6,31.4,15.5,18.7,17.2,15.9,15.5
栗東,20260620,土,4:49,ヴェネラブル,,牝,3,0,吉村圭司,67.2,48.6,31.6,15.6,18.6,17.0,16.0,15.6
栗東,20260620,土,4:50,タナカーン,,牡,2,未登録,,71.6,51.7,33.8,16.6,19.9,17.9,17.2,16.6
栗東,20260620,土,4:50,ルフトブリュッケ,,牡,2,0,大根田裕,70.4,50.8,32.8,16.0,19.6,18.0,16.8,16.0
栗東,20260620,土,4:51,アンティスマ,,牝,3,0,石橋守,71.9,52.0,33.9,16.5,19.9,18.1,17.4,16.5
栗東,20260620,土,4:51,コトホドサヨウニ,,牡,5,3600,奥村豊,70.0,52.3,34.6,16.9,17.7,17.7,17.7,16.9
栗東,20260620,土,4:51,スマートティアナ,,牝,3,0,石橋守,68.4,49.8,32.5,16.2,18.6,17.3,16.3,16.2
栗東,20260620,土,4:51,タイガーロード,,牡,3,0,大橋勇樹,72.6,52.8,34.0,16.8,19.8,18.8,17.2,16.8
栗東,20260620,土,4:51,テーオータウンズ,,牡,3,0,藤岡健一,67.5,50.9,33.5,16.7,16.6,17.4,16.8,16.7
栗東,20260620,土,4:52,アクロフェイズ,,牡,3,400,奥村豊,67.4,49.6,32.5,16.1,17.8,17.1,16.4,16.1
栗東,20260620,土,4:52,アラビアンジョイ,,牝,3,0,高橋一哉,69.7,51.0,33.3,16.4,18.7,17.7,16.9,16.4
栗東,20260620,土,4:52,オーロルドーレ,,牡,2,未登録,,71.5,53.1,34.7,16.8,18.4,18.4,17.9,16.8
栗東,20260620,土,4:52,ケンブリッジグレイ,,牝,3,0,渡辺薫彦,68.1,49.9,33.8,16.2,18.2,16.1,17.6,16.2
栗東,20260620,土,4:52,サンシャインビーチ,,牝,3,0,渡辺薫彦,72.0,52.6,34.6,16.9,19.4,18.0,17.7,16.9
栗東,20260620,土,4:52,ジージージェット,,牡,3,0,奥村豊,73.2,53.8,35.7,17.3,19.4,18.1,18.4,17.3
栗東,20260620,土,4:52,ナハティガル,,牡,2,未登録,,69.9,52.1,33.9,15.8,17.8,18.2,18.1,15.8
栗東,20260620,土,4:52,フローズンクイーン,,牝,3,未出走,藤岡健一,67.0,49.7,33.0,16.6,17.3,16.7,16.4,16.6
栗東,20260620,土,4:52,ベルセクレト,,牝,3,未出走,藤岡健一,67.0,49.9,33.3,16.7,17.1,16.6,16.6,16.7
栗東,20260620,土,4:52,ランスオブラヴ,,牝,3,0,奥村豊,69.1,51.2,34.2,17.2,17.9,17.0,17.0,17.2
栗東,20260620,土,4:52,リーティアコナル,,牡,4,1500,高橋一哉,66.0,48.0,31.1,15.3,18.0,16.9,15.8,15.3
栗東,20260620,土,4:52,ヴィスマール,,牡,5,1500,奥村豊,69.4,51.7,34.2,17.0,17.7,17.5,17.2,17.0
栗東,20260620,土,4:52,ヴォルテックス,,牝,2,未出走,奥村豊,68.6,50.2,33.7,16.2,18.4,16.5,17.5,16.2
栗東,20260620,土,4:52,ﾌｧｰﾄｩｱの24,,牝,2,未登録,,71.4,52.7,34.3,15.9,18.7,18.4,18.4,15.9
栗東,20260620,土,4:53,アサカラゴキゲン,,牡,2,未登録,,70.6,51.0,33.3,16.8,19.6,17.7,16.5,16.8
栗東,20260620,土,4:53,アップターンデイ,,牡,3,0,藤岡健一,68.2,49.4,32.2,16.0,18.8,17.2,16.2,16.0
栗東,20260620,土,4:53,イクヒロ,,牡,3,0,小椋研介,70.8,52.0,34.6,16.9,18.8,17.4,17.7,16.9
栗東,20260620,土,4:53,ウィスカーパッド,,牝,3,0,藤岡健一,65.9,48.9,32.0,15.8,17.0,16.9,16.2,15.8
栗東,20260620,土,4:53,エバーグルーヴ,,牝,4,900,藤岡健一,67.4,50.3,34.0,17.0,17.1,16.3,17.0,17.0
栗東,20260620,土,4:53,カレントゥルーシー,,牡,3,400,鈴木孝志,67.8,50.2,33.4,16.6,17.6,16.8,16.8,16.6
栗東,20260620,土,4:53,クィーンズウィンク,,牝,3,0,清水久詞,55.0,40.0,25.5,12.2,15.0,14.5,13.3,12.2
栗東,20260620,土,4:53,トモジャカトゥーラ,,牝,3,0,大根田裕,68.4,50.1,33.2,16.6,18.3,16.9,16.6,16.6
栗東,20260620,土,4:53,フェミナンジェンヌ,,牝,3,400,高橋一哉,69.7,50.2,32.7,16.2,19.5,17.5,16.5,16.2
栗東,20260620,土,4:53,プリティウーマン,,牝,3,0,高橋一哉,68.5,49.8,32.7,16.0,18.7,17.1,16.7,16.0
栗東,20260620,土,4:53,レーティッシュ,,牡,4,900,高橋一哉,66.4,48.6,32.0,15.8,17.8,16.6,16.2,15.8
栗東,20260620,土,4:53,ﾌﾟﾛﾃﾞｨｼﾞｬｽの24,,牝,2,未登録,,68.1,49.7,32.9,16.5,18.4,16.8,16.4,16.5
栗東,20260620,土,4:54,アリアニコ,,牝,2,未登録,,64.8,47.3,30.8,14.7,17.5,16.5,16.1,14.7
栗東,20260620,土,4:54,エリカヴェネチア,,牝,5,900,吉岡辰弥,64.6,46.3,30.2,14.9,18.3,16.1,15.3,14.9
栗東,20260620,土,4:54,オーロラボレアリス,,牝,3,0,吉岡辰弥,52.0,37.9,24.6,12.1,14.1,13.3,12.5,12.1
栗東,20260620,土,4:54,クインズセレネ,,牝,5,400,野中賢二,68.1,50.0,33.3,16.2,18.1,16.7,17.1,16.2
栗東,20260620,土,4:54,クロワール,,牡,3,0,鈴木孝志,67.4,48.8,32.1,15.9,18.6,16.7,16.2,15.9
栗東,20260620,土,4:54,テイエムリチャード,,牝,3,0,鈴木孝志,67.9,50.0,32.8,16.4,17.9,17.2,16.4,16.4
栗東,20260620,土,4:54,トウカイジーク,,牡,3,0,野中賢二,69.0,50.4,33.1,16.2,18.6,17.3,16.9,16.2
栗東,20260620,土,4:54,ノクスカンパーナ,,牝,3,0,吉岡辰弥,53.5,38.9,25.2,12.5,14.6,13.7,12.7,12.5
栗東,20260620,土,4:54,パシアンジャン,,牡,5,1500,鈴木孝志,64.2,46.8,30.4,14.6,17.4,16.4,15.8,14.6
栗東,20260620,土,4:54,マイカラー,,牡,3,0,吉岡辰弥,64.8,47.1,30.7,14.9,17.7,16.4,15.8,14.9
栗東,20260620,土,4:54,マハロハ,,牝,2,未登録,,69.8,51.0,33.6,16.6,18.8,17.4,17.0,16.6
栗東,20260620,土,4:54,メンデレーエフ,,牡,3,0,野中賢二,69.1,50.8,33.4,16.4,18.3,17.4,17.0,16.4
栗東,20260620,土,4:55,シャインユウ,,牝,2,未登録,,73.5,54.3,35.8,18.1,19.2,18.5,17.7,18.1
栗東,20260620,土,4:55,ノーブルセプター,,牡,2,未登録,,72.0,51.9,34.2,16.9,20.1,17.7,17.3,16.9
栗東,20260620,土,4:55,メイショウジェード,,牡,2,未出走,本田優,71.4,53.1,35.3,17.8,18.3,17.8,17.5,17.8
栗東,20260620,土,4:55,メイショウヴィータ,,牡,2,未出走,本田優,69.8,51.7,34.7,17.5,18.1,17.0,17.2,17.5
栗東,20260620,土,4:55,リオンプライム,,牝,4,0,鈴木孝志,66.1,47.6,30.8,14.9,18.5,16.8,15.9,14.9
栗東,20260620,土,4:55,ルイスイメル,,牝,2,未出走,本田優,74.2,54.2,35.8,18.0,20.0,18.4,17.8,18.0
栗東,20260620,土,4:56,ウォーターアケビ,,牝,2,未登録,,67.6,48.0,31.3,15.4,19.6,16.7,15.9,15.4
栗東,20260620,土,4:56,シャンパンスター,,牝,3,0,緒方努,65.5,47.6,31.4,15.5,17.9,16.2,15.9,15.5
栗東,20260620,土,4:56,テイエムリステット,,牡,5,2400,秋山真一,66.5,49.8,34.5,16.5,16.7,15.3,18.0,16.5
栗東,20260620,土,4:56,ホウオウスーペリア,,牡,6,1500,吉岡辰弥,51.9,37.3,24.0,12.0,14.6,13.3,12.0,12.0
栗東,20260620,土,4:57,グレイスオブゴッド,,牝,6,900,緒方努,64.9,47.8,31.4,15.6,17.1,16.4,15.8,15.6
栗東,20260620,土,4:57,ゼンノゾンターク,,牡,3,0,緒方努,69.1,49.5,32.3,15.5,19.6,17.2,16.8,15.5
栗東,20260620,土,4:57,タイキジュビリー,,牡,3,0,辻野泰之,60.8,44.5,29.4,14.9,16.3,15.1,14.5,14.9
栗東,20260620,土,4:57,ナリタエスペランサ,,牡,3,900,福永祐一,69.9,50.4,33.0,16.2,19.5,17.4,16.8,16.2
栗東,20260620,土,4:57,フォーチュンライド,,牝,3,400,福永祐一,66.4,48.6,32.5,16.3,17.8,16.1,16.2,16.3
栗東,20260620,土,4:57,ムーヴザニードル,,牝,3,0,緒方努,67.4,48.4,31.1,15.2,19.0,17.3,15.9,15.2
栗東,20260620,土,4:57,ロンポワン,,牝,3,0,辻野泰之,61.2,43.9,28.5,13.8,17.3,15.4,14.7,13.8
栗東,20260620,土,4:57,ロードクロンヌ,,牡,5,9350,四位洋文,69.3,50.6,32.6,16.1,18.7,18.0,16.5,16.1
栗東,20260620,土,4:58,アイアン,,牡,3,未出走,辻野泰之,62.2,45.6,30.1,15.1,16.6,15.5,15.0,15.1
栗東,20260620,土,4:58,インマイポケット,,牝,5,400,武幸四郎,64.1,47.0,30.7,15.5,17.1,16.3,15.2,15.5
栗東,20260620,土,4:58,ダンツカレン,,牝,3,0,四位洋文,67.4,47.8,31.3,15.2,19.6,16.5,16.1,15.2
栗東,20260620,土,4:58,ブレイクガール,,牝,2,未出走,武幸四郎,65.2,47.1,30.9,15.4,18.1,16.2,15.5,15.4
栗東,20260620,土,4:58,メリオルヴィア,,牝,3,0,辻野泰之,65.6,47.8,31.2,15.6,17.8,16.6,15.6,15.6
栗東,20260620,土,4:58,モンテパステル,,牝,3,未出走,四位洋文,64.8,47.4,31.1,15.4,17.4,16.3,15.7,15.4
栗東,20260620,土,4:58,ルートサーティーン,,牡,3,400,辻野泰之,63.6,46.5,30.3,15.2,17.1,16.2,15.1,15.2
栗東,20260620,土,4:59,アレーティア,,牝,4,400,田中克典,66.1,49.3,32.6,16.3,16.8,16.7,16.3,16.3
栗東,20260620,土,4:59,イテルム,,牝,2,未出走,田中克典,67.6,49.8,33.2,16.1,17.8,16.6,17.1,16.1
栗東,20260620,土,4:59,ショルタメンテ,,牝,3,0,田中克典,66.7,49.2,32.6,16.3,17.5,16.6,16.3,16.3
栗東,20260620,土,4:59,ジーティーアンバー,,牝,2,未出走,田中克典,68.5,49.8,33.2,16.5,18.7,16.6,16.7,16.5
栗東,20260620,土,4:59,ヒットザグラウンド,,牝,4,400,四位洋文,66.5,46.6,29.0,14.6,19.9,17.6,14.4,14.6
栗東,20260620,土,4:59,ラブインアクション,,牝,3,400,橋口慎介,68.2,49.2,31.8,15.2,19.0,17.4,16.6,15.2
栗東,20260620,土,4:59,リカンカブール,,セ,7,4550,田中克典,67.2,49.3,32.6,16.3,17.9,16.7,16.3,16.3
栗東,20260620,土,4:59,レインインザスカイ,,牝,2,未出走,田中克典,67.7,49.0,32.5,16.0,18.7,16.5,16.5,16.0
栗東,20260620,土,5:00,カエリールークス,,牝,2,未出走,佐藤悠太,71.3,52.5,34.6,16.9,18.8,17.9,17.7,16.9
栗東,20260620,土,5:00,サイン,,牡,3,400,佐藤悠太,71.5,52.1,33.7,16.6,19.4,18.4,17.1,16.6
栗東,20260620,土,5:00,サウンドムーブ,,牡,3,1200,斉藤崇史,71.1,51.0,33.1,16.1,20.1,17.9,17.0,16.1
栗東,20260620,土,5:00,サウンドヴィヴァン,,牡,3,未出走,斉藤崇史,71.4,51.4,33.1,16.1,20.0,18.3,17.0,16.1
栗東,20260620,土,5:00,シスキンブルーム,,牝,2,0,斉藤崇史,72.2,52.2,33.7,16.2,20.0,18.5,17.5,16.2
栗東,20260620,土,5:00,スマッシング,,牝,3,0,佐藤悠太,64.6,47.2,31.1,15.5,17.4,16.1,15.6,15.5
栗東,20260620,土,5:00,スラッシュ,,牡,3,0,安達昭夫,71.6,52.4,34.0,16.5,19.2,18.4,17.5,16.5
栗東,20260620,土,5:00,センツブラッド,,牡,4,2550,斉藤崇史,70.5,50.5,33.1,15.9,20.0,17.4,17.2,15.9
栗東,20260620,土,5:00,テーオーライマン,,牡,4,900,宮徹,68.7,50.1,32.4,16.1,18.6,17.7,16.3,16.1
栗東,20260620,土,5:00,ホーリーブラッサム,,牝,4,900,斉藤崇史,72.2,52.0,33.8,16.3,20.2,18.2,17.5,16.3
栗東,20260620,土,5:00,マンナット,,牡,2,未出走,斉藤崇史,71.0,50.9,33.1,16.0,20.1,17.8,17.1,16.0
栗東,20260620,土,5:00,ヤマニンアルリフラ,,牡,5,4150,斉藤崇史,72.0,52.1,33.6,16.1,19.9,18.5,17.5,16.1
栗東,20260620,土,5:00,ルーストカール,,牡,2,未出走,羽月友彦,63.9,47.1,31.4,15.9,16.8,15.7,15.5,15.9
栗東,20260620,土,5:00,ワンダーゾルダート,,牡,3,0,羽月友彦,68.4,50.0,32.6,15.8,18.4,17.4,16.8,15.8
栗東,20260620,土,5:01,クラウディアイ,,牡,4,400,橋口慎介,64.1,46.5,30.1,14.4,17.6,16.4,15.7,14.4
栗東,20260620,土,5:01,ゴールデンボブ,,牡,3,0,四位洋文,64.7,46.8,30.3,14.8,17.9,16.5,15.5,14.8
栗東,20260620,土,5:01,シュライアハフト,,牡,2,未出走,小栗実,66.9,49.7,33.0,16.2,17.2,16.7,16.8,16.2
栗東,20260620,土,5:01,ショコラプリン,,牝,3,400,四位洋文,67.3,49.2,31.9,15.4,18.1,17.3,16.5,15.4
栗東,20260620,土,5:01,タイムレスフレアー,,牡,3,0,橋口慎介,63.4,47.4,31.2,15.7,16.0,16.2,15.5,15.7
栗東,20260620,土,5:01,ディーエスショウマ,,牡,4,900,橋口慎介,65.4,48.3,31.4,15.7,17.1,16.9,15.7,15.7
栗東,20260620,土,5:01,ノーランサンライズ,,牝,4,1500,佐藤悠太,65.7,48.4,31.7,15.8,17.3,16.7,15.9,15.8
栗東,20260620,土,5:01,ブクブクー,,牡,3,0,小栗実,67.9,49.0,32.1,15.9,18.9,16.9,16.2,15.9
栗東,20260620,土,5:01,マテンロウシルビア,,牝,4,900,四位洋文,66.2,48.0,31.0,15.1,18.2,17.0,15.9,15.1
栗東,20260620,土,5:01,ライフセービング,,牡,5,900,宮徹,69.7,51.8,34.4,17.4,17.9,17.4,17.0,17.4
栗東,20260620,土,5:02,カミノトップワン,,牡,3,0,千田輝彦,56.1,41.0,26.7,13.1,15.1,14.3,13.6,13.1
栗東,20260620,土,5:02,ノンブルドール,,牡,3,400,西園翔太,70.0,51.3,33.8,16.7,18.7,17.5,17.1,16.7
栗東,20260620,土,5:02,ロンバルドシチー,,牡,3,0,西園翔太,68.4,50.1,32.9,16.2,18.3,17.2,16.7,16.2
栗東,20260620,土,5:03,ジュピターバローズ,,牡,3,0,友道康夫,63.6,46.4,30.2,15.0,17.2,16.2,15.2,15.0
栗東,20260620,土,5:03,ジーティーキャメル,,牡,2,未出走,宮地貴稔,71.4,52.8,34.8,17.3,18.6,18.0,17.5,17.3
栗東,20260620,土,5:03,ドリームプレミア,,牡,3,0,友道康夫,62.5,46.0,30.4,14.6,16.5,15.6,15.8,14.6
栗東,20260620,土,5:03,メリオーレム,,牡,5,2400,友道康夫,66.8,48.5,32.5,16.4,18.3,16.0,16.1,16.4
栗東,20260620,土,5:03,ラマヌジャン,,牡,4,0,宮地貴稔,64.9,47.3,30.9,15.1,17.6,16.4,15.8,15.1
栗東,20260620,土,5:04,クラヴァンス,,牡,4,900,友道康夫,61.3,44.8,29.3,14.6,16.5,15.5,14.7,14.6
栗東,20260620,土,5:04,シンゼンコジロウ,,牡,3,0,飯田祐史,68.9,49.8,32.3,15.5,19.1,17.5,16.8,15.5
栗東,20260620,土,5:04,ミライハーモニー,,牝,5,140,飯田祐史,67.8,49.2,32.4,15.9,18.6,16.8,16.5,15.9
栗東,20260620,土,5:04,メイショウゴッホ,,牡,3,0,飯田祐史,70.3,50.9,33.3,16.4,19.4,17.6,16.9,16.4
栗東,20260620,土,5:05,ノトコンゴウ,,牡,2,未出走,中尾秀正,66.4,50.2,33.5,16.9,16.2,16.7,16.6,16.9
栗東,20260620,土,5:05,マルモタワー,,牡,2,未出走,中尾秀正,66.9,50.7,34.0,17.1,16.2,16.7,16.9,17.1
栗東,20260620,土,5:06,アイランド,,牡,3,0,清水久詞,69.3,51.5,34.6,17.6,17.8,16.9,17.0,17.6
栗東,20260620,土,5:06,アルマデオロ,,牡,4,900,清水久詞,69.4,50.7,33.6,16.5,18.7,17.1,17.1,16.5
栗東,20260620,土,5:07,アイルトン,,牡,3,0,橋田宜長,70.0,50.5,33.7,16.6,19.5,16.8,17.1,16.6
栗東,20260620,土,5:07,オタルエバー,,牡,7,5000,中竹和也,49.7,36.2,24.4,12.7,13.5,11.8,11.7,12.7
栗東,20260620,土,5:07,ストレングス,,牡,5,2400,寺島良,64.7,46.7,30.8,15.4,18.0,15.9,15.4,15.4
栗東,20260620,土,5:08,キープカルム,,牡,5,4450,中竹和也,64.5,45.9,29.2,14.3,18.6,16.7,14.9,14.3
栗東,20260620,土,5:08,ゲイルライダー,,牡,4,1500,牧浦充徳,71.4,52.1,34.3,17.3,19.3,17.8,17.0,17.3
栗東,20260620,土,5:08,ゴルトリッチ,,牡,6,900,牧浦充徳,72.0,51.9,33.2,16.0,20.1,18.7,17.2,16.0
栗東,20260620,土,5:08,ツーハーツ,,牡,2,未出走,寺島良,66.4,48.8,32.4,16.5,17.6,16.4,15.9,16.5
栗東,20260620,土,5:08,パールフロント,,牝,4,900,寺島良,64.7,45.3,29.8,14.8,19.4,15.5,15.0,14.8
栗東,20260620,土,5:08,モンロワイヤル,,牡,3,0,牧浦充徳,77.5,57.2,37.5,18.1,20.3,19.7,19.4,18.1
栗東,20260620,土,5:08,リヒトミューレ,,牡,3,400,中村直也,66.0,47.8,30.8,15.0,18.2,17.0,15.8,15.0
栗東,20260620,土,5:09,エコロメジャー,,牡,2,未出走,牧浦充徳,76.7,57.0,37.4,18.2,19.7,19.6,19.2,18.2
栗東,20260620,土,5:09,マッシャーブルム,,牡,5,1330,河嶋宏樹,69.3,50.6,33.7,16.5,18.7,16.9,17.2,16.5
栗東,20260620,土,5:09,モズナイスバディー,,牡,5,900,飯田祐史,67.6,49.2,32.0,15.7,18.4,17.2,16.3,15.7
栗東,20260620,土,5:09,レディーミコノス,,牝,4,1500,寺島良,66.5,48.6,31.5,15.5,17.9,17.1,16.0,15.5
栗東,20260620,土,5:09,ロカヒ,,牡,4,1500,飯田祐史,73.4,51.2,32.1,15.5,22.2,19.1,16.6,15.5
栗東,20260620,土,5:10,メイショウシュハリ,,牝,3,0,庄野靖志,72.7,52.7,34.2,16.9,20.0,18.5,17.3,16.9
栗東,20260620,土,5:11,アラタマフェーヴル,,牡,5,1500,浜田多実,72.2,51.0,33.2,16.3,21.2,17.8,16.9,16.3
栗東,20260620,土,5:11,ラッキーシグネチャ,,牝,3,0,矢作芳人,65.3,48.3,31.7,15.8,17.0,16.6,15.9,15.8
栗東,20260620,土,5:11,ヴィーラー,,牝,3,0,矢作芳人,66.2,48.6,32.1,16.3,17.6,16.5,15.8,16.3
栗東,20260620,土,5:12,アンクルクロス,,牡,5,2400,高橋亮,74.7,54.7,36.6,18.2,20.0,18.1,18.4,18.2
栗東,20260620,土,5:13,キングロコマイカイ,,牡,7,900,畑端省吾,69.7,50.2,32.0,14.8,19.5,18.2,17.2,14.8
栗東,20260620,土,5:13,ダディーズソード,,牡,3,0,畑端省吾,69.8,50.5,32.6,16.1,19.3,17.9,16.5,16.1
栗東,20260620,土,5:13,ペイシャモノノフ,,牡,6,1500,畑端省吾,67.4,48.7,31.8,15.5,18.7,16.9,16.3,15.5
栗東,20260620,土,5:15,アイファーモービル,,牡,4,410,宮本博,68.0,49.5,32.6,16.2,18.5,16.9,16.4,16.2
栗東,20260620,土,5:15,ゴールデンドラゴン,,牡,3,0,宮本博,68.3,49.4,32.4,16.2,18.9,17.0,16.2,16.2
栗東,20260620,土,5:15,マコトエウロペ,,牝,3,0,昆貢,69.0,50.5,32.8,16.5,18.5,17.7,16.3,16.5
栗東,20260620,土,5:16,ウルトラハート,,牡,3,0,中尾秀正,68.1,50.6,33.5,17.3,17.5,17.1,16.2,17.3
栗東,20260620,土,5:16,ノヴァレジーナ,,牝,3,0,中尾秀正,65.9,49.4,33.0,16.5,16.5,16.4,16.5,16.5
栗東,20260620,土,5:19,マヴィ,,牝,3,400,牧浦充徳,63.2,47.1,31.3,15.6,16.1,15.8,15.7,15.6
栗東,20260620,土,5:20,カネフラ,,牡,6,2400,高橋康之,68.0,48.8,31.9,15.4,19.2,16.9,16.5,15.4
栗東,20260620,土,5:20,スリールミニョン,,牝,4,2500,高橋康之,66.3,47.8,30.9,15.1,18.5,16.9,15.8,15.1
栗東,20260620,土,5:20,ハマナスノサクコロ,,牝,2,未登録,,54.4,39.7,26.0,13.3,14.7,13.7,12.7,13.3
栗東,20260620,土,5:20,ヒルノハンブルク,,牡,4,2400,武英智,52.3,37.9,24.6,12.1,14.4,13.3,12.5,12.1
栗東,20260620,土,5:21,エコロメジャー,,牡,2,未出走,牧浦充徳,64.0,46.8,30.7,15.0,17.2,16.1,15.7,15.0
栗東,20260620,土,5:21,クラリノ,,牝,3,0,武英智,53.6,38.6,24.9,12.6,15.0,13.7,12.3,12.6
栗東,20260620,土,5:21,ゲイルライダー,,牡,4,1500,牧浦充徳,64.5,48.0,31.7,16.0,16.5,16.3,15.7,16.0
栗東,20260620,土,5:21,ゴルトリッチ,,牡,6,900,牧浦充徳,64.7,47.2,30.7,14.8,17.5,16.5,15.9,14.8
栗東,20260620,土,5:21,ブルーノート,,牡,7,900,梅田智之,68.9,49.1,31.9,15.7,19.8,17.2,16.2,15.7
栗東,20260620,土,5:21,マコトブリッツ,,牡,2,未登録,,54.0,38.8,24.9,12.6,15.2,13.9,12.3,12.6
栗東,20260620,土,5:21,モンロワイヤル,,牡,3,0,牧浦充徳,62.9,46.9,30.7,15.3,16.0,16.2,15.4,15.3
栗東,20260620,土,5:21,ラッキーヴォーグ,,牡,3,0,牧田和弥,64.9,46.9,30.3,14.5,18.0,16.6,15.8,14.5
栗東,20260620,土,5:22,ケイアイブラック,,牡,3,0,梅田智之,71.7,52.0,34.3,16.8,19.7,17.7,17.5,16.8
栗東,20260620,土,5:22,ソニックブーム,,牝,3,0,柴田卓,66.6,49.2,32.2,16.2,17.4,17.0,16.0,16.2
栗東,20260620,土,5:22,レヴァンテシチー,,牡,4,1500,柴田卓,68.9,50.4,32.8,16.3,18.5,17.6,16.5,16.3
栗東,20260620,土,5:23,クリコキアナ,,牝,2,0,谷潔,67.7,48.9,31.5,15.4,18.8,17.4,16.1,15.4
栗東,20260620,土,5:24,オオナミコナミ,,牝,5,900,牧浦充徳,65.2,48.4,31.4,15.4,16.8,17.0,16.0,15.4
栗東,20260620,土,5:24,カネトシゴウト,,牡,5,1500,大橋勇樹,66.4,47.9,31.5,15.9,18.5,16.4,15.6,15.9
栗東,20260620,土,5:24,シュテルンビルト,,牡,4,400,森田直行,71.2,51.2,32.8,15.7,20.0,18.4,17.1,15.7
栗東,20260620,土,5:25,ブライトアゲイン,,牝,5,400,森秀行,66.9,48.7,31.9,15.9,18.2,16.8,16.0,15.9
栗東,20260620,土,5:26,カッタッパ,,牡,3,400,森秀行,66.1,48.5,32.1,16.1,17.6,16.4,16.0,16.1
栗東,20260620,土,5:26,キュピドン,,牡,6,900,森秀行,68.0,49.8,32.4,16.2,18.2,17.4,16.2,16.2
栗東,20260620,土,5:26,ジャスパーソレイユ,,牡,4,900,森秀行,60.4,45.1,30.3,15.3,15.3,14.8,15.0,15.3
栗東,20260620,土,5:26,メイショウナナシロ,,牡,3,0,石橋守,69.6,51.7,34.1,17.1,17.9,17.6,17.0,17.1
栗東,20260620,土,5:26,メイショウマグナ,,牝,3,0,石橋守,67.2,49.3,32.2,15.8,17.9,17.1,16.4,15.8
栗東,20260620,土,5:26,ランゲ,,牝,2,未登録,,71.0,53.1,35.7,17.8,17.9,17.4,17.9,17.8
栗東,20260620,土,5:26,ﾒｲｼｮｳﾏﾝｻｸの24,,牝,2,未登録,,71.2,53.1,35.8,17.9,18.1,17.3,17.9,17.9
栗東,20260620,土,5:27,シュヴァルツリーベ,,牝,6,900,羽月友彦,60.2,44.3,29.5,14.7,15.9,14.8,14.8,14.7
栗東,20260620,土,5:27,ズバットマサムネ,,セ,5,900,杉山佳明,64.6,46.7,30.5,14.8,17.9,16.2,15.7,14.8
栗東,20260620,土,5:27,ナムラモモ,,牝,4,400,羽月友彦,67.3,48.2,31.5,15.7,19.1,16.7,15.8,15.7
栗東,20260620,土,5:29,イイデカンタロウ,,牡,5,340,北出成人,66.6,48.6,32.2,15.8,18.0,16.4,16.4,15.8
栗東,20260620,土,5:29,イズントイット,,牝,3,0,岡田稲男,67.3,48.5,31.8,15.6,18.8,16.7,16.2,15.6
栗東,20260620,土,5:29,グディンナ,,牝,5,400,牧田和弥,77.3,56.9,38.1,19.7,20.4,18.8,18.4,19.7
栗東,20260620,土,5:29,ナンヨークリスタル,,セ,6,240,松永幹夫,67.5,49.9,33.1,16.5,17.6,16.8,16.6,16.5
栗東,20260620,土,5:29,フィエールシャンテ,,牝,3,0,小椋研介,83.4,60.8,40.3,20.1,22.6,20.5,20.2,20.1
栗東,20260620,土,5:29,ラインエレガント,,牝,2,未登録,,76.5,56.7,38.1,19.8,19.8,18.6,18.3,19.8
栗東,20260620,土,5:29,ララララブソング,,牝,2,未出走,小椋研介,80.8,61.0,40.4,20.5,19.8,20.6,19.9,20.5
栗東,20260620,土,5:30,クロスボーダー,,牝,3,0,小林真也,68.0,49.9,33.0,16.3,18.1,16.9,16.7,16.3
栗東,20260620,土,5:30,グリミスティ,,牝,3,0,森田直行,68.3,51.4,34.3,17.4,16.9,17.1,16.9,17.4
栗東,20260620,土,5:30,ヴォーゲ,,牡,3,0,森田直行,71.6,52.0,33.9,17.1,19.6,18.1,16.8,17.1
栗東,20260620,土,5:31,エレガンシア,,牝,4,400,高柳大輔,66.7,47.7,30.8,15.2,19.0,16.9,15.6,15.2
栗東,20260620,土,5:31,オアシスアラン,,牡,3,0,高柳大輔,67.8,48.9,32.2,16.0,18.9,16.7,16.2,16.0
栗東,20260620,土,5:31,グランエール,,牝,2,未出走,高柳大輔,70.2,51.4,33.7,16.7,18.8,17.7,17.0,16.7
栗東,20260620,土,5:31,タガノミスト,,牝,5,5000,渡辺薫彦,67.7,49.1,31.5,16.0,18.6,17.6,15.5,16.0
栗東,20260620,土,5:31,タケルハーロック,,牡,4,900,高柳大輔,64.9,46.5,30.4,15.1,18.4,16.1,15.3,15.1
栗東,20260620,土,5:31,ナミオトノヒビキ,,牝,2,未出走,渡辺薫彦,67.6,49.3,30.6,15.6,18.3,18.7,15.0,15.6
栗東,20260620,土,5:32,アウトレンジ,,牡,6,11700,大久保龍,64.0,46.5,30.5,15.0,17.5,16.0,15.5,15.0
栗東,20260620,土,5:32,エコロガルダ,,牡,3,0,大久保龍,65.1,48.1,31.9,16.0,17.0,16.2,15.9,16.0
栗東,20260620,土,5:32,サラトガチップス,,牡,5,900,新谷功一,67.8,50.9,33.9,17.0,16.9,17.0,16.9,17.0
栗東,20260620,土,5:33,エースフライト,,牡,3,400,池江泰寿,65.9,48.1,31.2,15.1,17.8,16.9,16.1,15.1
栗東,20260620,土,5:33,ゴールデンスラム,,牡,3,400,池江泰寿,65.5,47.8,31.4,15.4,17.7,16.4,16.0,15.4
栗東,20260620,土,5:33,サトノスカイターフ,,牡,8,900,池江泰寿,66.2,48.0,30.9,15.2,18.2,17.1,15.7,15.2
栗東,20260620,土,5:33,サトノトリニティ,,牡,3,0,池江泰寿,64.3,47.1,30.5,15.1,17.2,16.6,15.4,15.1
栗東,20260620,土,5:33,スカイスプレンダー,,牡,3,900,池江泰寿,65.5,47.4,30.8,15.1,18.1,16.6,15.7,15.1
栗東,20260620,土,5:33,ダノンフィガロ,,牡,2,未出走,池江泰寿,68.7,49.5,32.3,15.7,19.2,17.2,16.6,15.7
栗東,20260620,土,5:33,ヴィスメンティス,,牡,3,0,池江泰寿,65.0,47.8,30.9,15.4,17.2,16.9,15.5,15.4
栗東,20260620,土,5:34,システマソラー,,牡,3,400,橋田宜長,67.2,48.9,31.9,15.8,18.3,17.0,16.1,15.8
栗東,20260620,土,5:35,ヨドノゴールド,,牡,8,400,橋田宜長,69.0,50.3,32.5,15.3,18.7,17.8,17.2,15.3
栗東,20260620,土,5:36,シュガーハウス,,牡,2,未出走,野中賢二,68.0,50.4,33.6,16.6,17.6,16.8,17.0,16.6
栗東,20260620,土,5:36,テイクオーヴァー,,牡,2,未出走,野中賢二,69.5,51.4,34.3,16.8,18.1,17.1,17.5,16.8
栗東,20260620,土,5:36,パイオニアスクエア,,牡,4,0,茶木太樹,70.2,51.4,33.6,16.4,18.8,17.8,17.2,16.4
栗東,20260620,土,5:36,ピースオブザライフ,,牝,6,2400,野中賢二,69.3,51.8,34.3,16.6,17.5,17.5,17.7,16.6
栗東,20260620,土,5:37,シャーロットタウン,,牝,2,未登録,,64.1,47.1,31.0,15.6,17.0,16.1,15.4,15.6
栗東,20260620,土,5:37,ヒデガミティアラ,,牝,3,0,浜田多実,72.0,52.8,34.6,16.7,19.2,18.2,17.9,16.7
栗東,20260620,土,5:37,ブレスドナイル,,牝,4,100,茶木太樹,70.7,51.4,33.7,16.8,19.3,17.7,16.9,16.8
栗東,20260620,土,5:37,モズヴイ,,牡,3,0,藤岡健一,64.2,47.1,31.0,15.7,17.1,16.1,15.3,15.7
栗東,20260620,土,5:38,アメリカンビキニ,,牝,4,1500,斉藤崇史,70.3,51.6,33.8,16.7,18.7,17.8,17.1,16.7
栗東,20260620,土,5:38,タイセイアビオン,,牝,3,0,浜田多実,77.6,54.6,34.8,16.9,23.0,19.8,17.9,16.9
栗東,20260620,土,5:38,リトセア,,牝,3,0,浜田多実,71.0,51.0,33.4,16.5,20.0,17.6,16.9,16.5
栗東,20260620,土,5:38,ルージュスプリヤ,,牝,3,0,斉藤崇史,71.8,51.4,33.3,16.0,20.4,18.1,17.3,16.0
栗東,20260620,土,5:38,ヴィータリッカ,,牝,3,0,斉藤崇史,71.7,51.3,33.2,15.9,20.4,18.1,17.3,15.9
栗東,20260620,土,5:39,ティタノマキア,,牝,3,0,池添学,70.9,51.9,34.1,17.0,19.0,17.8,17.1,17.0
栗東,20260620,土,5:40,マッスルバック,,牡,5,900,秋山真一,65.2,49.1,33.4,17.0,16.1,15.7,16.4,17.0
栗東,20260620,土,5:40,ミニュイ,,牡,3,0,秋山真一,70.1,51.0,33.8,16.8,19.1,17.2,17.0,16.8
栗東,20260620,土,5:40,レオナルドスター,,セ,5,210,秋山真一,74.7,54.4,36.2,17.8,20.3,18.2,18.4,17.8
栗東,20260620,土,5:41,セレーネサンライズ,,牝,2,未登録,,71.9,53.9,35.5,17.7,18.0,18.4,17.8,17.7
栗東,20260620,土,5:41,ソリスディエス,,牡,4,340,小崎憲,69.2,50.8,33.6,16.9,18.4,17.2,16.7,16.9
栗東,20260620,土,5:41,チェカ,,牝,3,0,小崎憲,65.5,47.8,32.2,16.1,17.7,15.6,16.1,16.1
栗東,20260620,土,5:41,ハオカノア,,牡,3,0,小崎憲,68.6,49.8,32.7,16.2,18.8,17.1,16.5,16.2
栗東,20260620,土,5:41,メメヤンチャヒメ,,牝,2,未登録,,72.4,53.7,35.6,17.8,18.7,18.1,17.8,17.8
栗東,20260620,土,5:41,レイデラティエラ,,牡,4,400,小崎憲,66.3,48.9,32.3,16.3,17.4,16.6,16.0,16.3
栗東,20260620,土,5:44,クォーツァイト,,牝,5,900,橋田宜長,67.7,49.3,32.7,16.2,18.4,16.6,16.5,16.2
栗東,20260620,土,5:44,サカトクフェイス,,牡,3,0,今野貞一,67.9,49.8,32.0,15.3,18.1,17.8,16.7,15.3
栗東,20260620,土,5:44,プリメラエストレラ,,牡,2,未出走,橋田宜長,65.0,47.1,31.2,15.3,17.9,15.9,15.9,15.3
栗東,20260620,土,5:44,ｱｶｶﾎｰﾙの24,,牝,2,未登録,,72.8,54.8,36.5,18.4,18.0,18.3,18.1,18.4
栗東,20260620,土,5:45,リヴァイ,,牡,3,0,高野友和,76.4,54.4,35.1,17.4,22.0,19.3,17.7,17.4
栗東,20260620,土,5:46,オールナット,,牡,5,4550,高野友和,81.0,57.3,37.3,18.8,23.7,20.0,18.5,18.8
栗東,20260620,土,5:47,ソルアモール,,牝,3,0,宮本博,62.3,45.3,30.1,15.4,17.0,15.2,14.7,15.4
栗東,20260620,土,5:48,アパレイユ,,牝,3,400,西園翔太,68.9,50.9,33.7,17.0,18.0,17.2,16.7,17.0
栗東,20260620,土,5:48,ノリノリソックス,,牝,3,400,西園翔太,68.6,50.5,33.2,16.4,18.1,17.3,16.8,16.4
栗東,20260620,土,5:48,リピ,,牝,3,400,西園翔太,68.3,50.0,32.3,15.5,18.3,17.7,16.8,15.5
栗東,20260620,土,5:49,ジャストワナフライ,,牡,2,未出走,小栗実,67.9,49.9,32.7,16.1,18.0,17.2,16.6,16.1
栗東,20260620,土,5:49,ディヴァンパーレ,,牝,2,未登録,,67.1,50.2,33.0,16.6,16.9,17.2,16.4,16.6
栗東,20260620,土,5:49,モンブランミノル,,牡,5,2400,小栗実,66.8,48.9,31.6,15.1,17.9,17.3,16.5,15.1
栗東,20260620,土,5:51,コンバットペスカ,,牝,5,400,角田晃一,66.3,47.9,31.8,16.1,18.4,16.1,15.7,16.1
栗東,20260620,土,5:51,スイトーヨ,,牝,2,未出走,角田晃一,64.0,47.2,30.8,14.9,16.8,16.4,15.9,14.9
栗東,20260620,土,5:51,ブライトエンジェル,,牝,3,0,角田晃一,65.8,48.5,31.6,15.9,17.3,16.9,15.7,15.9
栗東,20260620,土,5:52,イマージョン,,牡,4,1500,高野友和,76.9,55.8,35.9,17.6,21.1,19.9,18.3,17.6
栗東,20260620,土,5:52,カウンティフェア,,牝,4,900,高野友和,75.9,54.2,35.0,17.2,21.7,19.2,17.8,17.2
栗東,20260620,土,5:52,グッドピース,,牡,3,400,高野友和,76.2,55.2,36.1,17.7,21.0,19.1,18.4,17.7
栗東,20260620,土,5:52,シュプリームレルム,,牡,3,0,高野友和,75.5,54.9,36.2,17.7,20.6,18.7,18.5,17.7
栗東,20260620,土,5:52,フレアオブセンス,,牡,3,0,高野友和,75.8,54.4,35.1,16.9,21.4,19.3,18.2,16.9
栗東,20260620,土,5:53,エボニーウイング,,牡,2,未出走,井上智史,62.3,44.8,29.4,14.4,17.5,15.4,15.0,14.4
栗東,20260620,土,5:54,シゲルショウグン,,牡,6,4800,大橋勇樹,69.3,51.9,34.0,16.7,17.4,17.9,17.3,16.7
栗東,20260620,土,5:55,アサクサグレース,,牝,4,1500,加藤公太,68.8,50.1,32.5,16.2,18.7,17.6,16.3,16.2
栗東,20260620,土,5:55,エピッククイーン,,牝,3,400,中内田充,66.9,48.6,31.7,15.8,18.3,16.9,15.9,15.8
栗東,20260620,土,5:55,スターペスアンナ,,牝,3,0,石橋守,66.9,48.6,32.0,15.8,18.3,16.6,16.2,15.8
栗東,20260620,土,5:55,ベヒル,,セ,2,未出走,加藤公太,66.9,50.1,33.0,16.3,16.8,17.1,16.7,16.3
栗東,20260620,土,5:55,ペイシャシス,,牝,3,400,加藤公太,68.5,49.8,32.0,16.1,18.7,17.8,15.9,16.1
栗東,20260620,土,5:55,ミヤノラングリー,,牡,3,0,石橋守,65.5,47.9,31.4,15.5,17.6,16.5,15.9,15.5
栗東,20260620,土,5:55,ルージュソムニウム,,牝,3,0,加藤公太,67.9,50.2,33.1,16.8,17.7,17.1,16.3,16.8
栗東,20260620,土,5:56,ヴェルテンベルク,,牡,6,8400,宮本博,67.0,48.5,31.7,15.3,18.5,16.8,16.4,15.3
栗東,20260620,土,5:57,ダディーズトリップ,,牡,10,900,千田輝彦,67.0,48.8,31.8,15.3,18.2,17.0,16.5,15.3
栗東,20260620,土,5:57,チヨ,,牝,3,0,鈴木孝志,65.6,48.8,32.1,15.6,16.8,16.7,16.5,15.6
栗東,20260620,土,5:57,メイショウミカワ,,牡,8,1600,千田輝彦,71.8,52.9,34.3,16.9,18.9,18.6,17.4,16.9
栗東,20260620,土,5:57,ヨコハマブルース,,牡,2,未登録,,74.6,53.8,34.7,17.3,20.8,19.1,17.4,17.3
栗東,20260620,土,5:57,ラビットアイ,,牝,5,900,鈴木孝志,66.1,48.1,31.8,15.8,18.0,16.3,16.0,15.8
栗東,20260620,土,5:57,リルスー,,牡,2,未登録,,74.7,54.0,34.8,17.3,20.7,19.2,17.5,17.3
栗東,20260620,土,5:57,ルージュアルミーラ,,牝,2,未登録,,74.4,54.5,34.9,16.7,19.9,19.6,18.2,16.7
栗東,20260620,土,5:57,ルージュプルーヴ,,牝,3,0,中内田充,68.9,50.3,33.1,16.1,18.6,17.2,17.0,16.1
栗東,20260620,土,6:01,ゴッドブルービー,,牡,6,1500,角田晃一,65.8,47.4,30.7,14.8,18.4,16.7,15.9,14.8
栗東,20260620,土,6:01,サンライズプルート,,牡,6,900,東田明士,63.6,46.8,31.3,15.6,16.8,15.5,15.7,15.6
栗東,20260620,土,6:01,ダノンアトラス,,牡,5,400,橋口慎介,65.8,47.8,31.4,15.7,18.0,16.4,15.7,15.7
栗東,20260620,土,6:01,ブライトココナッツ,,牝,3,0,橋口慎介,68.5,50.8,31.5,15.3,17.7,19.3,16.2,15.3
栗東,20260620,土,6:02,オセアスターライト,,セ,3,0,東田明士,66.2,48.3,32.0,16.0,17.9,16.3,16.0,16.0
栗東,20260620,土,6:02,オーマイラッキーン,,牝,3,0,高橋康之,66.2,49.5,33.2,16.3,16.7,16.3,16.9,16.3
栗東,20260620,土,6:02,ガイアメンテ,,牡,5,3800,須貝尚介,68.7,50.5,33.9,16.5,18.2,16.6,17.4,16.5
栗東,20260620,土,6:02,クラストムーン,,牡,2,未登録,,68.1,50.8,33.4,16.5,17.3,17.4,16.9,16.5
栗東,20260620,土,6:02,グランキングオー,,牡,4,1500,高橋康之,64.7,47.3,30.8,15.1,17.4,16.5,15.7,15.1
栗東,20260620,土,6:02,ブラックレジェンド,,牡,3,400,寺島良,65.7,48.9,31.8,15.7,16.8,17.1,16.1,15.7
栗東,20260620,土,6:02,ポカポカヨウキ,,牡,2,未出走,東田明士,68.8,50.2,32.6,15.8,18.6,17.6,16.8,15.8
栗東,20260620,土,6:03,アメリカンピース,,セ,8,400,東田明士,71.1,53.4,35.6,17.8,17.7,17.8,17.8,17.8
栗東,20260620,土,6:04,ロードマイライフ,,牡,5,1500,佐藤悠太,69.4,50.9,33.3,16.4,18.5,17.6,16.9,16.4
栗東,20260620,土,6:05,オーシンハーフ,,セ,5,900,高橋一哉,66.8,48.8,32.2,16.0,18.0,16.6,16.2,16.0
栗東,20260620,土,6:05,ゴールドショーマン,,牡,2,未出走,高橋一哉,65.2,47.0,30.8,15.3,18.2,16.2,15.5,15.3
栗東,20260620,土,6:08,ダークマルス,,セ,3,400,杉山晴紀,68.6,50.3,33.6,16.8,18.3,16.7,16.8,16.8
栗東,20260620,土,6:09,シャロン,,牝,3,0,杉山晴紀,70.3,50.3,32.6,15.5,20.0,17.7,17.1,15.5
栗東,20260620,土,6:09,テイエムプレミラン,,牡,3,0,宮地貴稔,68.3,49.7,32.7,15.7,18.6,17.0,17.0,15.7
栗東,20260620,土,6:09,テスティモーネ,,牡,4,3600,大根田裕,63.4,47.5,32.1,16.2,15.9,15.4,15.9,16.2
栗東,20260620,土,6:10,タマモキャリコ,,セ,5,1500,宮地貴稔,63.0,46.7,30.9,15.3,16.3,15.8,15.6,15.3
栗東,20260620,土,6:10,テンエースワン,,牡,5,900,大久保龍,64.3,47.1,31.1,15.2,17.2,16.0,15.9,15.2
栗東,20260620,土,6:10,ミスターバッドガイ,,牡,3,170,中尾秀正,67.1,49.7,33.1,16.4,17.4,16.6,16.7,16.4
栗東,20260620,土,6:10,ヴォメロ,,牝,3,0,宮地貴稔,63.2,46.9,31.3,15.3,16.3,15.6,16.0,15.3
栗東,20260620,土,6:11,アイファーラピッド,,牝,2,0,森秀行,68.3,49.7,32.6,16.5,18.6,17.1,16.1,16.5
栗東,20260620,土,6:11,ケンシロウワールド,,牡,2,0,森秀行,83.9,62.7,41.8,21.4,21.2,20.9,20.4,21.4
栗東,20260620,土,6:11,ダノンワンダー,,牡,3,0,友道康夫,64.0,47.5,31.5,15.9,16.5,16.0,15.6,15.9
栗東,20260620,土,6:11,バックドラフト,,牡,3,0,友道康夫,68.1,49.4,31.8,15.3,18.7,17.6,16.5,15.3
栗東,20260620,土,6:12,ショールミーズ,,牝,3,未出走,大根田裕,67.1,49.2,33.2,16.9,17.9,16.0,16.3,16.9
栗東,20260620,土,6:13,キミガスキダ,,牝,3,0,牧田和弥,64.3,47.8,31.7,15.7,16.5,16.1,16.0,15.7
栗東,20260620,土,6:13,メイショウミカワ,,牡,8,1600,千田輝彦,58.9,42.1,26.7,13.0,16.8,15.4,13.7,13.0
栗東,20260620,土,6:13,ワンダーリュクス,,牡,3,0,牧田和弥,66.2,48.4,31.9,16.3,17.8,16.5,15.6,16.3
栗東,20260620,土,6:16,テーオーカメリア,,牝,2,未出走,梅田智之,71.9,51.2,33.4,16.4,20.7,17.8,17.0,16.4
栗東,20260620,土,6:16,ライツェントライゼ,,牝,3,0,梅田智之,66.8,47.6,31.1,15.2,19.2,16.5,15.9,15.2
栗東,20260620,土,6:18,アングランパ,,セ,3,0,田中克典,68.5,51.9,34.6,16.9,16.6,17.3,17.7,16.9
栗東,20260620,土,6:18,インザモーメント,,牡,5,1500,田中克典,70.3,52.5,34.8,17.0,17.8,17.7,17.8,17.0
栗東,20260620,土,6:18,シアター,,牝,5,900,茶木太樹,69.9,50.0,32.3,15.9,19.9,17.7,16.4,15.9
栗東,20260620,土,6:18,セキゾウ,,牡,3,0,田中克典,72.5,53.5,35.1,17.2,19.0,18.4,17.9,17.2
栗東,20260620,土,6:19,ネブラディスク,,牡,4,1600,福永祐一,63.0,46.6,31.0,15.2,16.4,15.6,15.8,15.2
栗東,20260620,土,6:19,ミッキーマーメイド,,牝,3,400,福永祐一,70.4,52.7,35.2,17.3,17.7,17.5,17.9,17.3
栗東,20260620,土,6:20,グリーンゴー,,牡,3,0,福永祐一,65.2,47.0,31.1,15.8,18.2,15.9,15.3,15.8
栗東,20260620,土,6:20,ブラックアイロン,,牡,3,未出走,浜田多実,74.1,54.5,36.2,18.4,19.6,18.3,17.8,18.4
栗東,20260620,土,6:21,ジュンクロノシップ,,牡,3,0,浜田多実,72.6,52.2,33.6,16.5,20.4,18.6,17.1,16.5
栗東,20260620,土,6:21,ランフォーヴァウ,,牝,4,3700,福永祐一,64.5,46.4,30.7,15.3,18.1,15.7,15.4,15.3
栗東,20260620,土,6:22,ボーオーブ,,牡,2,未出走,安田翔伍,69.7,51.1,33.8,16.5,18.6,17.3,17.3,16.5
栗東,20260620,土,6:22,ヴェロシア,,牡,3,0,安田翔伍,69.4,51.6,34.0,16.8,17.8,17.6,17.2,16.8
栗東,20260620,土,6:23,シャローフォレスト,,牝,2,未出走,安田翔伍,67.1,50.1,33.3,17.1,17.0,16.8,16.2,17.1
栗東,20260620,土,6:23,ﾌｨｵﾚﾄﾞｰﾛの24,,牝,2,未登録,,67.1,50.3,33.4,16.9,16.8,16.9,16.5,16.9
栗東,20260620,土,6:24,シンコーナホチャン,,牝,5,900,畑端省吾,69.0,51.3,34.8,17.5,17.7,16.5,17.3,17.5
栗東,20260620,土,6:25,サンライズグラシア,,牡,4,400,矢作芳人,65.8,48.3,31.6,15.7,17.5,16.7,15.9,15.7
栗東,20260620,土,6:25,スプレンドーレ,,牝,3,未出走,矢作芳人,64.9,47.8,31.2,15.4,17.1,16.6,15.8,15.4
栗東,20260620,土,6:25,フルーツベイビー,,牝,3,0,畑端省吾,65.0,46.0,29.6,14.5,19.0,16.4,15.1,14.5
栗東,20260620,土,6:25,モズエムブイピー,,牡,3,0,矢作芳人,62.4,46.5,30.7,15.1,15.9,15.8,15.6,15.1
栗東,20260620,土,6:26,ジュウオウ,,牡,5,250,秋山真一,66.2,49.1,32.9,16.5,17.1,16.2,16.4,16.5
栗東,20260620,土,6:26,レッドフレーザー,,牡,3,0,矢作芳人,68.3,48.9,32.2,16.2,19.4,16.7,16.0,16.2
栗東,20260620,土,6:27,アーブルラーブル,,牝,4,80,茶木太樹,65.5,46.8,30.3,14.7,18.7,16.5,15.6,14.7
栗東,20260620,土,6:27,エリカリヴァプール,,牝,2,未出走,吉岡辰弥,66.3,48.4,32.2,16.0,17.9,16.2,16.2,16.0
栗東,20260620,土,6:27,カズミクラーシュ,,牡,5,2400,吉岡辰弥,68.1,48.9,30.5,14.2,19.2,18.4,16.3,14.2
栗東,20260620,土,6:27,ドゥラリス,,牝,4,1500,吉岡辰弥,64.3,47.4,31.1,15.2,16.9,16.3,15.9,15.2
栗東,20260620,土,6:27,ホワイトフレイムス,,牡,3,0,吉岡辰弥,69.2,49.6,31.6,15.3,19.6,18.0,16.3,15.3
栗東,20260620,土,6:27,ワールドシリーズ,,牡,5,400,秋山真一,92.1,67.4,44.0,21.1,24.7,23.4,22.9,21.1
栗東,20260620,土,6:30,ジャズ,,牡,5,900,辻野泰之,67.6,49.2,32.0,15.9,18.4,17.2,16.1,15.9
栗東,20260620,土,6:30,フラッシングルビー,,牝,2,未出走,辻野泰之,66.7,48.9,31.7,15.5,17.8,17.2,16.2,15.5
栗東,20260620,土,6:30,ベルトナリテ,,牝,3,0,辻野泰之,66.9,49.1,32.0,15.7,17.8,17.1,16.3,15.7
栗東,20260620,土,6:31,ゲームイズマイン,,牡,2,未出走,井上智史,77.3,56.3,37.1,18.7,21.0,19.2,18.4,18.7
栗東,20260620,土,6:31,バラジ,,セ,7,2400,井上智史,75.1,55.6,37.9,18.5,19.5,17.7,19.4,18.5
栗東,20260620,土,6:31,メイショウミリオレ,,牝,5,900,藤岡健一,64.2,47.9,32.3,16.2,16.3,15.6,16.1,16.2
栗東,20260620,土,6:32,ルージュルガーノ,,牝,3,0,昆貢,66.5,49.2,32.4,16.2,17.3,16.8,16.2,16.2
栗東,20260620,土,6:55,シャマレル,,牡,3,0,渡辺薫彦,64.9,46.7,30.8,15.3,18.2,15.9,15.5,15.3
栗東,20260620,土,6:55,スマイルガーデン,,牝,3,0,西村真幸,61.1,44.5,28.8,14.0,16.6,15.7,14.8,14.0
栗東,20260620,土,6:55,ベルアズーロ,,牡,3,0,西村真幸,63.4,45.7,29.6,14.5,17.7,16.1,15.1,14.5
栗東,20260620,土,6:55,ベルメサイア,,牝,5,400,西村真幸,65.0,47.4,30.9,15.0,17.6,16.5,15.9,15.0
栗東,20260620,土,6:55,ペルセポネ,,牝,3,400,渡辺薫彦,64.1,46.3,30.7,15.2,17.8,15.6,15.5,15.2
栗東,20260620,土,6:55,マハートマーベル,,牡,4,900,西村真幸,65.0,47.3,31.1,15.2,17.7,16.2,15.9,15.2
栗東,20260620,土,6:55,ムーンベリル,,牝,2,未出走,西村真幸,67.6,49.6,32.8,16.3,18.0,16.8,16.5,16.3
栗東,20260620,土,6:55,リヴァデラルナ,,牡,3,0,西村真幸,63.1,45.2,28.9,13.7,17.9,16.3,15.2,13.7
栗東,20260620,土,6:56,アルディメント,,牡,3,0,上村洋行,63.9,47.6,31.6,15.9,16.3,16.0,15.7,15.9
栗東,20260620,土,6:56,アームズラムレイ,,牝,2,未出走,上村洋行,64.7,46.9,30.1,14.9,17.8,16.8,15.2,14.9
栗東,20260620,土,6:56,エイダンバローズ,,牡,2,未出走,上村洋行,68.1,50.4,33.3,16.2,17.7,17.1,17.1,16.2
栗東,20260620,土,6:56,ジョアン,,牝,3,400,中村直也,62.9,45.4,29.8,14.7,17.5,15.6,15.1,14.7
栗東,20260620,土,6:56,スマートプレシャス,,牝,5,900,中村直也,66.7,48.1,31.8,15.9,18.6,16.3,15.9,15.9
栗東,20260620,土,6:56,テーオーソラネル,,牡,7,2400,須貝尚介,66.5,47.5,30.4,14.8,19.0,17.1,15.6,14.8
栗東,20260620,土,6:56,デアヴェローチェ,,牝,3,2950,上村洋行,65.0,47.1,30.9,15.3,17.9,16.2,15.6,15.3
栗東,20260620,土,6:56,ビタールート,,牝,3,0,奥村豊,68.0,49.8,32.0,15.5,18.2,17.8,16.5,15.5
栗東,20260620,土,6:56,ベルシュヴァル,,牝,3,400,中村直也,66.7,49.4,32.7,16.2,17.3,16.7,16.5,16.2
栗東,20260620,土,6:56,ボーントゥウォリア,,牡,3,未出走,奥村豊,67.0,48.6,31.4,15.8,18.4,17.2,15.6,15.8
栗東,20260620,土,6:56,ミッドナイトフレア,,牡,2,未出走,池添学,64.9,47.6,31.2,15.6,17.3,16.4,15.6,15.6
栗東,20260620,土,6:56,メイショウコガシラ,,牡,6,1500,本田優,67.8,49.0,32.2,16.1,18.8,16.8,16.1,16.1
栗東,20260620,土,6:56,メイショウハボマイ,,牡,4,400,本田優,68.2,50.8,34.2,16.8,17.4,16.6,17.4,16.8
栗東,20260620,土,6:56,ロードフリューゲル,,牡,3,0,上村洋行,63.0,46.4,30.3,15.5,16.6,16.1,14.8,15.5
栗東,20260620,土,6:57,エンブルーシャ,,牝,3,0,武英智,51.6,36.9,23.9,12.2,14.7,13.0,11.7,12.2
栗東,20260620,土,6:57,サウンドモリアーナ,,牝,4,3600,武英智,50.6,36.4,23.7,12.2,14.2,12.7,11.5,12.2
栗東,20260620,土,6:57,ファイアプレイス,,牝,3,0,小林真也,64.9,46.3,29.8,14.8,18.6,16.5,15.0,14.8
栗東,20260620,土,6:57,フランヴィア,,牝,2,未出走,庄野靖志,74.0,54.6,36.0,17.6,19.4,18.6,18.4,17.6
栗東,20260620,土,6:57,ローベルクランツ,,牡,3,1200,小林真也,67.2,49.2,32.4,16.2,18.0,16.8,16.2,16.2
栗東,20260620,土,6:58,Pathosの24,,牡,2,未登録,,68.7,50.3,33.4,16.8,18.4,16.9,16.6,16.8
栗東,20260620,土,6:58,エンルートフライト,,牡,2,未出走,池添学,68.6,50.3,33.1,16.7,18.3,17.2,16.4,16.7
栗東,20260620,土,6:58,ケイテンアイジン,,牡,4,900,谷潔,66.3,48.7,31.8,15.9,17.6,16.9,15.9,15.9
栗東,20260620,土,6:58,ジュディーイメル,,牝,3,0,武英智,68.4,50.3,33.2,16.4,18.1,17.1,16.8,16.4
栗東,20260620,土,6:58,トシミチ,,牡,2,未出走,谷潔,69.3,50.7,33.1,16.4,18.6,17.6,16.7,16.4
栗東,20260620,土,6:58,ハイソリア,,牝,3,未出走,昆貢,66.3,49.0,32.2,16.2,17.3,16.8,16.0,16.2
栗東,20260620,土,6:58,ハイビッグゴールド,,牡,3,0,谷潔,69.9,50.6,32.9,16.3,19.3,17.7,16.6,16.3
栗東,20260620,土,6:58,ピースインサイト,,牡,2,未登録,,69.8,50.9,33.4,16.8,18.9,17.5,16.6,16.8
栗東,20260620,土,6:59,ギザキズラヴ,,牝,4,0,加藤公太,80.8,60.4,40.5,20.2,20.4,19.9,20.3,20.2
栗東,20260620,土,7:00,ウインクローバー,,牝,2,未登録,,61.7,44.6,29.3,15.1,17.1,15.3,14.2,15.1
栗東,20260620,土,7:00,オブシディアーナ,,牝,4,180,池添学,63.6,46.8,31.0,15.3,16.8,15.8,15.7,15.3
栗東,20260620,土,7:00,オープンザパンドラ,,牡,3,0,小椋研介,72.6,52.9,35.0,17.1,19.7,17.9,17.9,17.1
栗東,20260620,土,7:00,シュクルリー,,牝,3,0,平田修,60.4,44.2,29.3,15.3,16.2,14.9,14.0,15.3
栗東,20260620,土,7:00,セイウンダイフク,,牡,3,0,宮本博,64.1,46.4,30.0,14.7,17.7,16.4,15.3,14.7
栗東,20260620,土,7:00,セイフウサツキ,,牡,4,0,松永幹夫,67.2,49.6,32.3,15.7,17.6,17.3,16.6,15.7
栗東,20260620,土,7:00,デュードロップ,,牝,3,0,平田修,60.5,44.6,29.5,15.0,15.9,15.1,14.5,15.0
栗東,20260620,土,7:00,ファインライン,,牡,5,2400,松永幹夫,61.7,45.5,30.3,14.8,16.2,15.2,15.5,14.8
栗東,20260620,土,7:00,ボンドロア,,牡,4,900,松永幹夫,66.3,48.6,31.4,15.2,17.7,17.2,16.2,15.2
栗東,20260620,土,7:00,ミスティックレイン,,牡,3,0,宮本博,63.4,45.8,30.3,15.4,17.6,15.5,14.9,15.4
栗東,20260620,土,7:00,ルクスグレイス,,牝,2,未出走,平田修,60.0,44.5,29.7,15.0,15.5,14.8,14.7,15.0
栗東,20260620,土,7:00,レーヴドリュヌ,,牝,3,0,宮本博,62.4,46.4,30.2,14.9,16.0,16.2,15.3,14.9
栗東,20260620,土,7:00,ヴェルヴィエ,,牡,2,未出走,小椋研介,63.5,46.5,30.9,14.9,17.0,15.6,16.0,14.9
栗東,20260620,土,7:01,イッソス,,牡,2,未出走,石坂公一,69.3,50.7,33.5,16.9,18.6,17.2,16.6,16.9
栗東,20260620,土,7:01,エクスマウス,,牝,3,0,茶木太樹,63.4,46.3,30.3,14.6,17.1,16.0,15.7,14.6
栗東,20260620,土,7:01,クロユキ,,牝,4,400,松永幹夫,66.2,48.1,31.6,16.1,18.1,16.5,15.5,16.1
栗東,20260620,土,7:01,シックパラソル,,牝,2,未出走,松永幹夫,66.3,49.4,32.8,16.1,16.9,16.6,16.7,16.1
栗東,20260620,土,7:01,トッピワールド,,牡,3,未出走,笹田和秀,65.3,47.6,31.1,15.3,17.7,16.5,15.8,15.3
栗東,20260620,土,7:01,マリナーヴァレイ,,牝,2,未出走,石坂公一,67.3,49.4,32.1,15.7,17.9,17.3,16.4,15.7
栗東,20260620,土,7:01,ミラクルバローズ,,牡,2,未出走,石坂公一,69.9,49.5,31.8,15.5,20.4,17.7,16.3,15.5
栗東,20260620,土,7:02,イチトゼロノアイダ,,牝,4,400,石坂公一,68.8,49.8,32.0,16.1,19.0,17.8,15.9,16.1
栗東,20260620,土,7:02,メイショウゲッコウ,,牡,3,0,笹田和秀,61.2,44.3,29.6,15.1,16.9,14.7,14.5,15.1
栗東,20260620,土,7:02,ルナフィオーレ,,牝,3,0,庄野靖志,61.9,45.0,29.3,14.5,16.9,15.7,14.8,14.5
栗東,20260620,土,7:02,ルルハート,,牝,3,0,庄野靖志,58.4,41.6,27.3,13.5,16.8,14.3,13.8,13.5
栗東,20260620,土,7:03,コロナドブリッジ,,牡,3,900,庄野靖志,64.7,47.2,30.7,15.3,17.5,16.5,15.4,15.3
栗東,20260620,土,7:04,オデット,,牝,4,900,緒方努,64.8,47.4,31.1,15.0,17.4,16.3,16.1,15.0
栗東,20260620,土,7:04,コトテーラー,,牝,2,未出走,緒方努,68.1,50.4,33.3,16.8,17.7,17.1,16.5,16.8
栗東,20260620,土,7:04,ニホンピロトッティ,,牝,5,900,緒方努,67.0,47.8,30.7,15.1,19.2,17.1,15.6,15.1
栗東,20260620,土,7:04,ファーヴェント,,牡,5,3250,藤原英昭,66.1,47.1,29.9,14.3,19.0,17.2,15.6,14.3
栗東,20260620,土,7:04,ローズトリオンフォ,,牝,2,未出走,緒方努,69.1,50.8,34.1,17.0,18.3,16.7,17.1,17.0
栗東,20260620,土,7:05,アスクゴクジョウ,,牡,2,未登録,,69.0,49.5,32.5,16.3,19.5,17.0,16.2,16.3
栗東,20260620,土,7:05,アメリカンビヨンド,,牡,4,400,藤原英昭,65.6,47.2,30.4,15.0,18.4,16.8,15.4,15.0
栗東,20260620,土,7:05,シャリキモン,,牡,3,0,吉田直弘,54.4,39.0,25.1,12.6,15.4,13.9,12.5,12.6
栗東,20260620,土,7:05,シュラザック,,牡,4,2400,大根田裕,69.4,50.3,33.1,16.6,19.1,17.2,16.5,16.6
栗東,20260620,土,7:05,デルシエロ,,牡,5,400,清水久詞,69.6,51.2,32.5,15.4,18.4,18.7,17.1,15.4
栗東,20260620,土,7:05,ハンサム,,牡,2,未出走,清水久詞,56.2,40.9,26.8,13.4,15.3,14.1,13.4,13.4
栗東,20260620,土,7:05,パレットフレイバー,,牝,3,400,加藤公太,67.3,48.7,31.6,15.5,18.6,17.1,16.1,15.5
栗東,20260620,土,7:07,マダムカマラード,,牝,3,0,宮徹,68.7,50.9,32.7,16.6,17.8,18.2,16.1,16.6
栗東,20260620,土,7:09,ショウナンライラ,,牡,3,0,松下武士,66.6,47.9,30.9,14.7,18.7,17.0,16.2,14.7
栗東,20260620,土,7:09,リエーヴェ,,牡,2,未出走,松下武士,68.0,49.8,32.6,16.2,18.2,17.2,16.4,16.2
栗東,20260620,土,7:10,アニージョ,,セ,7,400,吉田直弘,67.7,49.0,31.9,15.8,18.7,17.1,16.1,15.8
栗東,20260620,土,7:10,カワキタベレッタ,,牝,3,0,角田晃一,67.7,48.5,31.8,15.8,19.2,16.7,16.0,15.8
栗東,20260620,土,7:10,タガノアバンドーネ,,牡,3,900,角田晃一,65.1,46.6,30.0,14.8,18.5,16.6,15.2,14.8
栗東,20260620,土,7:10,ヒーローインチーフ,,セ,5,900,吉田直弘,71.2,51.5,33.1,16.4,19.7,18.4,16.7,16.4
栗東,20260620,土,7:11,エブリデイ,,牡,3,400,北出成人,67.3,48.1,31.3,15.6,19.2,16.8,15.7,15.6
栗東,20260620,土,7:11,ギザキズラヴ,,牝,4,0,加藤公太,72.1,52.0,33.6,16.1,20.1,18.4,17.5,16.1
栗東,20260620,土,7:11,グーフィー,,牡,3,0,茶木太樹,65.5,48.2,31.6,14.8,17.3,16.6,16.8,14.8
栗東,20260620,土,7:11,トッレブランカ,,牡,4,170,今野貞一,71.1,52.3,34.3,17.1,18.8,18.0,17.2,17.1
栗東,20260620,土,7:11,ドンインザムード,,牡,4,5350,今野貞一,67.7,48.9,31.6,15.5,18.8,17.3,16.1,15.5
栗東,20260620,土,7:12,ウインガラハッド,,牡,2,未出走,宮徹,69.7,51.8,34.2,16.9,17.9,17.6,17.3,16.9
栗東,20260620,土,7:12,オレンジフィールド,,牝,3,0,北出成人,67.9,49.4,32.7,16.6,18.5,16.7,16.1,16.6
栗東,20260620,土,7:12,タガノバルコス,,牡,7,900,秋山真一,68.6,49.4,32.2,15.6,19.2,17.2,16.6,15.6
栗東,20260620,土,7:12,テーオーシーザー,,牡,3,0,宮徹,68.4,50.4,32.7,15.9,18.0,17.7,16.8,15.9
栗東,20260620,土,7:12,ラヴァンドローリエ,,牝,2,未出走,宮徹,68.8,50.3,33.3,16.6,18.5,17.0,16.7,16.6
栗東,20260620,土,7:13,タイゲン,,牡,7,1500,平田修,66.3,48.6,32.6,16.6,17.7,16.0,16.0,16.6
栗東,20260620,土,7:13,チェラブ,,牝,3,0,平田修,65.2,47.6,32.4,16.5,17.6,15.2,15.9,16.5
栗東,20260620,土,7:13,ホルトバージ,,牡,5,1500,柴田卓,66.6,48.0,31.7,15.7,18.6,16.3,16.0,15.7
栗東,20260620,土,7:14,グレートキリシマ,,牡,2,未出走,牧田和弥,65.7,48.2,32.2,16.5,17.5,16.0,15.7,16.5
栗東,20260620,土,7:14,タカモリ,,牡,2,未出走,牧田和弥,65.4,47.6,31.7,16.1,17.8,15.9,15.6,16.1
栗東,20260620,土,7:14,ビーアイジーニー,,牡,3,0,牧田和弥,62.7,45.8,30.1,15.2,16.9,15.7,14.9,15.2
栗東,20260620,土,7:15,アメリカンスタイル,,牡,3,400,藤原英昭,60.6,44.2,29.1,14.6,16.4,15.1,14.5,14.6
栗東,20260620,土,7:15,エイシンニケ,,牝,3,未出走,吉村圭司,66.2,47.6,30.6,14.9,18.6,17.0,15.7,14.9
栗東,20260620,土,7:15,ソーニーイシュー,,牡,5,2400,千田輝彦,64.7,47.3,30.6,15.0,17.4,16.7,15.6,15.0
栗東,20260620,土,7:15,バトルセレーネ,,牝,3,0,吉村圭司,66.6,47.9,31.1,15.4,18.7,16.8,15.7,15.4
栗東,20260620,土,7:15,レッドセドナ,,牡,3,0,藤原英昭,61.6,44.9,29.2,14.6,16.7,15.7,14.6,14.6
栗東,20260620,土,7:16,アメリカンチケット,,セ,5,900,藤原英昭,67.6,47.2,30.6,15.2,20.4,16.6,15.4,15.2
栗東,20260620,土,7:16,メイショウマントル,,牡,8,900,安達昭夫,67.3,50.1,33.0,16.5,17.2,17.1,16.5,16.5
栗東,20260620,土,7:17,ザムーン,,牝,3,0,千田輝彦,68.4,50.8,33.6,16.4,17.6,17.2,17.2,16.4
栗東,20260620,土,7:17,ノボリリア,,牝,4,400,石橋守,64.8,47.6,31.4,15.7,17.2,16.2,15.7,15.7
栗東,20260620,土,7:17,メイショウペルル,,牡,2,未出走,千田輝彦,67.1,49.7,32.6,16.3,17.4,17.1,16.3,16.3
栗東,20260620,土,7:18,タナスーペルノーバ,,牡,3,400,寺島良,63.6,46.1,30.0,14.7,17.5,16.1,15.3,14.7
栗東,20260620,土,7:18,ダノンカゼルタ,,セ,4,900,寺島良,64.5,47.8,31.2,15.2,16.7,16.6,16.0,15.2
栗東,20260620,土,7:19,スイープアワーズ,,牡,6,2400,宮地貴稔,63.3,46.4,31.3,15.4,16.9,15.1,15.9,15.4
栗東,20260620,土,7:19,ヒロノラメール,,牡,5,1500,宮地貴稔,63.0,46.2,30.7,15.4,16.8,15.5,15.3,15.4
栗東,20260620,土,7:19,メイショウヘール,,牡,5,900,大橋勇樹,69.7,51.1,33.2,16.3,18.6,17.9,16.9,16.3
栗東,20260620,土,7:20,アカウフリューゲル,,牝,3,400,清水久詞,70.4,51.8,35.7,18.3,18.6,16.1,17.4,18.3
栗東,20260620,土,7:20,アルトゥーム,,牡,5,1500,藤岡健一,68.3,50.2,33.6,16.9,18.1,16.6,16.7,16.9
栗東,20260620,土,7:20,ココデイック,,牡,4,400,藤岡健一,65.9,50.0,34.3,16.7,15.9,15.7,17.6,16.7
栗東,20260620,土,7:20,ミリタリータトゥー,,牝,3,未出走,藤岡健一,70.1,51.9,34.3,17.4,18.2,17.6,16.9,17.4
栗東,20260620,土,7:20,ロードトレイル,,牡,5,1500,藤岡健一,62.5,46.2,30.9,16.2,16.3,15.3,14.7,16.2
栗東,20260620,土,7:21,サンマルパトロール,,牡,6,2400,大橋勇樹,65.8,49.0,32.6,16.7,16.8,16.4,15.9,16.7
栗東,20260620,土,7:21,スカイハイ,,牡,5,1500,清水久詞,66.2,48.5,32.6,16.1,17.7,15.9,16.5,16.1
栗東,20260620,土,7:21,タマモジャスミン,,牝,4,900,大橋勇樹,73.5,52.9,33.6,16.2,20.6,19.3,17.4,16.2
栗東,20260620,土,7:21,リアルアルバ,,牡,3,400,大橋勇樹,69.7,52.2,35.2,17.5,17.5,17.0,17.7,17.5
栗東,20260620,土,7:21,リーベラーリア,,牝,2,未出走,高橋義忠,73.4,52.9,33.8,16.1,20.5,19.1,17.7,16.1
栗東,20260620,土,7:22,サヨノディーディー,,牡,2,未出走,羽月友彦,66.9,49.2,32.8,16.4,17.7,16.4,16.4,16.4
栗東,20260620,土,7:22,サンライズキース,,牡,3,0,羽月友彦,67.8,49.9,32.9,16.4,17.9,17.0,16.5,16.4
栗東,20260620,土,7:22,バリオス,,牡,3,400,武幸四郎,67.2,48.5,31.5,15.3,18.7,17.0,16.2,15.3
栗東,20260620,土,7:22,パープルウインド,,牝,3,0,羽月友彦,66.6,49.6,32.2,15.7,17.0,17.4,16.5,15.7
栗東,20260620,土,7:23,サラサキングスター,,牡,3,0,斉藤崇史,74.6,54.7,35.5,17.4,19.9,19.2,18.1,17.4
栗東,20260620,土,7:23,タガノエルピーダ,,牝,5,2500,斉藤崇史,72.2,52.3,33.5,16.4,19.9,18.8,17.1,16.4
栗東,20260620,土,7:23,ホーリーステップ,,牝,3,0,斉藤崇史,72.6,52.3,33.5,16.3,20.3,18.8,17.2,16.3
栗東,20260620,土,7:23,ミニヨンダンサー,,牝,3,未登録,,72.3,52.2,33.4,16.3,20.1,18.8,17.1,16.3
栗東,20260620,土,7:23,ヤマニンソロイスト,,牡,3,未登録,,74.9,54.7,35.5,17.3,20.2,19.2,18.2,17.3
栗東,20260620,土,7:25,アレナパラシオ,,牡,5,1500,四位洋文,67.6,49.5,32.3,15.7,18.1,17.2,16.6,15.7
栗東,20260620,土,7:25,マテンロウジョイ,,牡,6,400,四位洋文,67.0,48.5,31.2,15.0,18.5,17.3,16.2,15.0
栗東,20260620,土,7:26,ジーティーマンフク,,牡,2,未登録,,72.1,53.6,35.5,17.6,18.5,18.1,17.9,17.6
栗東,20260620,土,7:26,ディープリメンバー,,牡,2,未登録,,72.2,53.7,35.6,17.6,18.5,18.1,18.0,17.6
栗東,20260620,土,7:26,バディ,,牡,3,0,四位洋文,68.9,50.5,32.5,15.4,18.4,18.0,17.1,15.4
栗東,20260620,土,7:27,コックスコーム,,牡,2,未登録,,66.4,48.5,31.6,15.6,17.9,16.9,16.0,15.6
栗東,20260620,土,7:27,コンセントリコ,,牡,2,未出走,中内田充,66.0,48.5,31.3,15.4,17.5,17.2,15.9,15.4
栗東,20260620,土,7:27,ディーエスシン,,牡,2,未出走,橋口慎介,70.4,51.2,33.1,16.1,19.2,18.1,17.0,16.1
栗東,20260620,土,7:27,ドラゴンファントム,,牡,2,未登録,,66.6,48.8,32.1,15.8,17.8,16.7,16.3,15.8
栗東,20260620,土,7:27,パフ,,牡,5,1500,橋口慎介,65.0,47.7,31.7,16.0,17.3,16.0,15.7,16.0
栗東,20260620,土,7:27,ユーキャンダンス,,牡,2,未登録,,66.5,48.7,32.0,15.7,17.8,16.7,16.3,15.7
栗東,20260620,土,7:27,リメンバーシドニー,,牝,3,0,橋口慎介,62.0,46.6,31.3,15.6,15.4,15.3,15.7,15.6
栗東,20260620,土,7:28,コルテオソレイユ,,牡,3,900,佐藤悠太,66.0,47.6,31.0,15.4,18.4,16.6,15.6,15.4
栗東,20260620,土,7:28,ブルーカミング,,牡,4,400,牧浦充徳,74.9,55.9,36.1,17.9,19.0,19.8,18.2,17.9
栗東,20260620,土,7:28,ミカエルパシャ,,牡,5,900,橋口慎介,71.6,50.4,32.1,15.8,21.2,18.3,16.3,15.8
栗東,20260620,土,7:28,ロードムーブオン,,牡,2,未出走,佐藤悠太,65.4,48.3,31.9,15.7,17.1,16.4,16.2,15.7
栗東,20260620,土,7:28,ワイドブリザード,,セ,5,2400,佐藤悠太,63.8,46.1,29.8,14.5,17.7,16.3,15.3,14.5
栗東,20260620,土,7:29,クリノフィガロ,,牡,5,900,荒川義之,68.9,50.4,33.5,17.0,18.5,16.9,16.5,17.0
栗東,20260620,土,7:29,シンゼンイセ,,牡,3,0,荒川義之,68.0,49.9,33.2,16.6,18.1,16.7,16.6,16.6
栗東,20260620,土,7:29,ナムラオットー,,牡,3,0,荒川義之,65.2,47.7,31.7,16.1,17.5,16.0,15.6,16.1
栗東,20260620,土,7:29,ペコリズム,,牝,3,0,森田直行,66.8,50.2,33.1,16.2,16.6,17.1,16.9,16.2
栗東,20260620,土,7:30,スネーフリンガ,,牝,4,900,森田直行,68.4,50.4,32.3,15.9,18.0,18.1,16.4,15.9
栗東,20260620,土,7:30,ハーブドーレ,,牝,3,未登録,,67.8,48.3,31.7,16.0,19.5,16.6,15.7,16.0
栗東,20260620,土,7:30,メイショウアヤカ,,牝,3,0,荒川義之,65.9,50.0,33.3,16.3,15.9,16.7,17.0,16.3
栗東,20260620,土,7:30,メイショウコハル,,牝,3,0,四位洋文,66.3,48.4,30.8,15.4,17.9,17.6,15.4,15.4
栗東,20260620,土,7:31,ポッドロゴ,,牡,5,3800,西園翔太,65.1,48.4,31.9,16.2,16.7,16.5,15.7,16.2
栗東,20260620,土,7:31,メローネ,,牝,3,400,西園翔太,66.4,48.3,31.7,15.7,18.1,16.6,16.0,15.7
栗東,20260620,土,7:32,ザムーン,,牝,3,0,千田輝彦,57.9,42.9,27.5,13.2,15.0,15.4,14.3,13.2
栗東,20260620,土,7:32,メイショウペルル,,牡,2,未出走,千田輝彦,59.7,43.9,28.7,14.2,15.8,15.2,14.5,14.2
栗東,20260620,土,7:33,エコロヴァルド,,牡,2,未出走,牧浦充徳,66.9,49.6,32.6,16.2,17.3,17.0,16.4,16.2
栗東,20260620,土,7:33,グレートアゲイン,,牡,3,0,牧浦充徳,66.0,49.4,33.0,16.3,16.6,16.4,16.7,16.3
栗東,20260620,土,7:33,ジョン,,牡,2,未出走,小崎憲,66.2,48.8,32.5,16.2,17.4,16.3,16.3,16.2
栗東,20260620,土,7:33,スーサンコルティナ,,牡,2,未登録,,66.8,48.8,32.3,16.2,18.0,16.5,16.1,16.2
栗東,20260620,土,7:33,チュウワメロディー,,牡,3,0,小崎憲,67.0,48.2,31.6,15.5,18.8,16.6,16.1,15.5
栗東,20260620,土,7:33,ムソウテンセイ,,牡,3,0,鈴木孝志,62.6,46.3,30.7,15.3,16.3,15.6,15.4,15.3
栗東,20260620,土,7:33,ルディシャ,,牡,4,180,森田直行,70.3,52.7,35.0,16.9,17.6,17.7,18.1,16.9
栗東,20260620,土,7:33,ロクメイカン,,牡,2,未出走,小崎憲,66.7,48.7,32.3,16.3,18.0,16.4,16.0,16.3
栗東,20260620,土,7:34,アメティスタ,,牝,3,900,牧浦充徳,63.8,47.1,30.6,14.8,16.7,16.5,15.8,14.8
栗東,20260620,土,7:34,エクスプロウド,,セ,3,0,高橋一哉,65.9,48.9,33.2,17.0,17.0,15.7,16.2,17.0
栗東,20260620,土,7:34,エコロゼルダ,,牝,3,0,牧浦充徳,62.9,45.9,29.8,14.5,17.0,16.1,15.3,14.5
栗東,20260620,土,7:34,ビッグベルーガ,,牡,6,900,牧浦充徳,62.2,46.4,30.2,15.1,15.8,16.2,15.1,15.1
栗東,20260620,土,7:35,アマリス,,牝,2,未出走,高橋一哉,68.0,49.5,32.4,16.2,18.5,17.1,16.2,16.2
栗東,20260620,土,7:35,キタノシリウス,,牡,3,未出走,坂口智康,71.8,52.9,33.7,15.7,18.9,19.2,18.0,15.7
栗東,20260620,土,7:35,ギブアンドギブ,,牡,2,未登録,,67.9,49.4,32.5,16.2,18.5,16.9,16.3,16.2
栗東,20260620,土,7:35,チョウチャンピオン,,牡,2,未出走,羽月友彦,74.5,56.0,38.0,18.9,18.5,18.0,19.1,18.9
栗東,20260620,土,7:35,ヒャクギマル,,牡,3,0,坂口智康,68.1,49.5,32.9,16.0,18.6,16.6,16.9,16.0
栗東,20260620,土,7:35,プシュカル,,牡,3,0,坂口智康,68.1,50.3,35.0,17.8,17.8,15.3,17.2,17.8
栗東,20260620,土,7:35,レッドシュテルン,,セ,4,400,高橋一哉,72.0,52.7,34.5,16.8,19.3,18.2,17.7,16.8
栗東,20260620,土,7:36,ウインラウダ,,牡,5,400,梅田智之,67.2,50.0,33.1,16.7,17.2,16.9,16.4,16.7
栗東,20260620,土,7:36,キュールエフウジン,,牡,7,1500,中尾秀正,70.2,50.8,33.2,16.4,19.4,17.6,16.8,16.4
栗東,20260620,土,7:37,エイシンキタールン,,牝,3,0,野中賢二,64.9,47.4,31.0,15.4,17.5,16.4,15.6,15.4
栗東,20260620,土,7:37,カネコメファミリー,,牝,5,80,中尾秀正,71.8,53.5,36.0,17.9,18.3,17.5,18.1,17.9
栗東,20260620,土,7:37,リントゥラウル,,牡,3,0,秋山真一,66.6,48.6,32.1,16.1,18.0,16.5,16.0,16.1
栗東,20260620,土,7:37,レイピカケ,,牝,5,900,野中賢二,65.3,47.8,31.1,15.5,17.5,16.7,15.6,15.5
栗東,20260620,土,7:38,エンマ,,牡,4,900,武英智,64.7,46.5,30.7,15.3,18.2,15.8,15.4,15.3
栗東,20260620,土,7:38,ジーニアスバローズ,,セ,6,900,辻野泰之,65.4,47.6,30.8,15.3,17.8,16.8,15.5,15.3
栗東,20260620,土,7:38,トップチェッカー,,牡,2,未出走,武英智,70.6,51.5,34.0,17.1,19.1,17.5,16.9,17.1
栗東,20260620,土,7:38,フィニステーレ,,牝,3,0,辻野泰之,63.9,47.0,30.4,15.2,16.9,16.6,15.2,15.2
栗東,20260620,土,7:38,プールナバドラ,,牡,3,400,森秀行,67.7,49.1,32.0,15.5,18.6,17.1,16.5,15.5
栗東,20260620,土,7:38,ペプチドニンバス,,牡,2,0,武英智,63.5,47.1,31.3,15.7,16.4,15.8,15.6,15.7
栗東,20260620,土,7:39,ドラゴンバルド,,牡,2,未登録,,64.9,47.3,31.3,15.4,17.6,16.0,15.9,15.4
栗東,20260620,土,7:39,ベルコート,,牝,2,未登録,,68.7,50.4,33.5,16.6,18.3,16.9,16.9,16.6
栗東,20260620,土,7:39,ラクホマレ,,牡,3,未出走,福永祐一,62.9,46.2,30.8,16.0,16.7,15.4,14.8,16.0
栗東,20260620,土,7:40,クリコイーコ,,牝,3,0,荒川義之,67.0,49.5,32.7,16.6,17.5,16.8,16.1,16.6
栗東,20260620,土,7:40,ブルーカミング,,牡,4,400,牧浦充徳,67.0,50.1,32.4,15.9,16.9,17.7,16.5,15.9
栗東,20260620,土,7:44,サトノアイボリー,,牡,3,400,杉山晴紀,66.9,49.6,33.1,16.1,17.3,16.5,17.0,16.1
栗東,20260620,土,7:44,フィオレストラーダ,,牝,4,1500,杉山晴紀,67.9,48.8,31.7,15.3,19.1,17.1,16.4,15.3
栗東,20260620,土,7:44,ヨシノイースター,,牡,8,6600,中尾秀正,65.1,48.4,33.2,17.1,16.7,15.2,16.1,17.1
栗東,20260620,土,7:45,サトノグロリア,,牡,3,未出走,友道康夫,59.4,44.0,29.3,14.7,15.4,14.7,14.6,14.7
栗東,20260620,土,7:45,ジャンゴッド,,牡,2,未出走,杉山晴紀,67.4,49.6,32.9,16.0,17.8,16.7,16.9,16.0
栗東,20260620,土,7:45,ステラネージュ,,牝,3,0,杉山晴紀,69.7,50.2,33.5,17.1,19.5,16.7,16.4,17.1
栗東,20260620,土,7:45,トップオブザライン,,セ,3,400,友道康夫,60.0,44.4,29.3,15.1,15.6,15.1,14.2,15.1
栗東,20260620,土,7:45,レディントン,,セ,5,2400,杉山晴紀,68.4,50.5,33.7,17.4,17.9,16.8,16.3,17.4
栗東,20260620,土,7:46,デルマトカチ,,牝,3,未出走,畑端省吾,63.4,46.2,31.0,15.7,17.2,15.2,15.3,15.7
栗東,20260620,土,7:46,ビサイレント,,牝,3,0,畑端省吾,67.1,49.2,32.9,16.5,17.9,16.3,16.4,16.5
栗東,20260620,土,7:46,ワンダフルボンド,,牡,3,400,友道康夫,63.3,45.5,29.9,15.5,17.8,15.6,14.4,15.5
栗東,20260620,土,7:47,ミスマリーゴールド,,牝,3,0,畑端省吾,66.4,48.6,32.9,16.1,17.8,15.7,16.8,16.1
栗東,20260620,土,7:49,シャインロード,,牡,2,未出走,井上智史,68.0,50.4,33.9,17.1,17.6,16.5,16.8,17.1
栗東,20260620,土,7:49,ジェラルリスト,,牡,3,0,井上智史,70.7,51.6,34.6,17.3,19.1,17.0,17.3,17.3
栗東,20260620,土,7:53,イグニション,,牡,6,680,畑端省吾,70.3,51.9,33.8,16.7,18.4,18.1,17.1,16.7
栗東,20260620,土,7:55,メイショウグロリア,,牝,3,未出走,飯田祐史,66.5,48.4,31.8,15.4,18.1,16.6,16.4,15.4
栗東,20260620,土,7:55,メイショウツキヨ,,牝,3,未出走,飯田祐史,66.6,48.3,31.2,15.0,18.3,17.1,16.2,15.0
栗東,20260620,土,7:56,ウォーターガーベラ,,牝,4,1450,石橋守,66.9,49.3,32.3,15.9,17.6,17.0,16.4,15.9
栗東,20260620,土,7:56,ショーライトイヤー,,牡,3,0,石橋守,71.3,50.2,32.2,16.2,21.1,18.0,16.0,16.2
栗東,20260620,土,7:56,メイショウオオミネ,,牡,6,400,石橋守,66.3,49.0,32.7,16.4,17.3,16.3,16.3,16.4
栗東,20260620,土,7:57,ジュンヴァッテッド,,牡,3,0,浜田多実,72.3,52.2,34.7,17.7,20.1,17.5,17.0,17.7
栗東,20260620,土,7:57,マルカオペラ,,牝,5,900,浜田多実,74.4,53.1,34.3,16.9,21.3,18.8,17.4,16.9
栗東,20260620,土,7:58,タイセイレグノ,,セ,4,400,浜田多実,70.5,49.2,31.7,15.3,21.3,17.5,16.4,15.3
栗東,20260620,土,7:59,エルル,,牝,3,400,小崎憲,66.0,48.6,31.9,15.6,17.4,16.7,16.3,15.6
栗東,20260620,土,7:59,ゴルディアス,,牡,2,未出走,小崎憲,67.7,48.7,31.9,15.9,19.0,16.8,16.0,15.9
栗東,20260620,土,7:59,ピアストイヤーズ,,牡,4,400,小崎憲,61.1,44.0,29.2,14.6,17.1,14.8,14.6,14.6
栗東,20260620,土,8:01,ジョイザモーメント,,牝,2,未出走,橋田宜長,67.9,50.1,33.1,16.6,17.8,17.0,16.5,16.6
栗東,20260620,土,8:01,タイキエクセロン,,牡,7,710,橋田宜長,66.7,48.8,31.8,15.5,17.9,17.0,16.3,15.5
栗東,20260620,土,8:01,ミルトサクセス,,牡,2,未出走,橋田宜長,66.0,48.7,32.0,16.2,17.3,16.7,15.8,16.2
栗東,20260620,土,8:01,ﾏﾛﾝﾊﾟﾝﾅの24,,牝,2,未登録,,67.8,50.1,33.1,16.6,17.7,17.0,16.5,16.6
栗東,20260620,土,8:03,ブラックブレット,,牡,2,未出走,羽月友彦,65.5,47.6,31.1,15.7,17.9,16.5,15.4,15.7
栗東,20260620,土,8:05,セルジュバローズ,,牡,3,400,池江泰寿,68.7,50.1,32.7,16.2,18.6,17.4,16.5,16.2
栗東,20260620,土,8:06,キトゥンズクラフト,,牡,2,未出走,池江泰寿,67.4,49.3,32.7,16.2,18.1,16.6,16.5,16.2
栗東,20260620,土,8:06,ゾンニッヒ,,牡,8,4800,池江泰寿,64.9,47.4,32.1,15.7,17.5,15.3,16.4,15.7
栗東,20260620,土,8:06,フォーオール,,セ,3,400,昆貢,67.1,49.5,32.1,15.5,17.6,17.4,16.6,15.5
栗東,20260620,土,8:06,ママコチャ,,牝,7,20250,池江泰寿,66.5,47.4,30.8,15.3,19.1,16.6,15.5,15.3
栗東,20260620,土,8:06,メドウセージ,,牝,3,0,藤岡健一,65.6,48.4,31.9,15.8,17.2,16.5,16.1,15.8
栗東,20260620,土,8:07,ジワールドコア,,牡,2,未登録,,65.4,48.3,31.5,15.6,17.1,16.8,15.9,15.6
栗東,20260620,土,8:07,ブライトキングダム,,牡,3,未出走,池江泰寿,64.4,47.2,30.9,15.4,17.2,16.3,15.5,15.4
栗東,20260620,土,8:12,マーゴットプレ,,牝,2,未登録,,76.9,56.6,36.9,18.5,20.3,19.7,18.4,18.5
栗東,20260620,土,8:12,マーゴットヴィム,,牡,2,未登録,,77.9,56.6,36.9,18.6,21.3,19.7,18.3,18.6
栗東,20260620,土,8:12,ミランド,,牡,3,400,小林真也,65.6,47.8,31.4,15.5,17.8,16.4,15.9,15.5
栗東,20260620,土,8:19,ゲッパクフウセイ,,牡,2,未出走,加藤公太,73.2,52.8,34.1,16.5,20.4,18.7,17.6,16.5
栗東,20260620,土,8:19,モーデン,,牡,8,1590,加藤公太,72.3,52.0,33.0,15.6,20.3,19.0,17.4,15.6
栗東,20260620,土,8:20,アセンシオン,,牡,2,0,角田晃一,66.4,49.5,31.8,14.9,16.9,17.7,16.9,14.9
栗東,20260620,土,8:20,ウィテカービート,,牡,4,400,昆貢,77.4,56.4,37.4,18.5,21.0,19.0,18.9,18.5
栗東,20260620,土,8:21,マリノムーンリーフ,,牝,3,0,角田晃一,67.1,48.1,31.1,15.0,19.0,17.0,16.1,15.0
栗東,20260620,土,8:21,メイショウカスガイ,,牡,4,500,角田晃一,67.5,49.3,32.3,16.0,18.2,17.0,16.3,16.0
栗東,20260620,土,8:21,ルヴレアール,,牡,3,0,角田晃一,67.3,48.4,32.0,15.4,18.9,16.4,16.6,15.4
栗東,20260620,土,8:21,ﾒｲｼｮｳﾀﾁﾏﾁの24,,牝,2,未登録,,70.2,51.5,34.2,16.6,18.7,17.3,17.6,16.6
栗東,20260620,土,8:22,タガノカハンカ,,牝,2,未出走,西園翔太,67.5,50.3,33.3,16.5,17.2,17.0,16.8,16.5
栗東,20260620,土,8:22,ヴァーティゴー,,牝,3,0,西園翔太,67.5,50.2,33.3,16.5,17.3,16.9,16.8,16.5
栗東,20260620,土,8:30,ジャンヌローサ,,牝,5,400,井上智史,71.6,52.3,34.4,17.5,19.3,17.9,16.9,17.5
栗東,20260620,土,8:30,ジーティーマローネ,,牝,2,未出走,井上智史,71.1,52.2,34.0,16.7,18.9,18.2,17.3,16.7
美浦,20260620,土,4:26,グレイスルーラー,,牝,3,0,尾形和幸,65.0,47.5,31.8,15.8,17.5,15.7,16.0,15.8
美浦,20260620,土,4:27,アップルザビート,,牡,2,未出走,本間忍,68.6,50.8,33.6,16.7,17.8,17.2,16.9,16.7
美浦,20260620,土,4:27,イントリー,,牝,2,未出走,尾形和幸,67.7,50.1,33.5,16.8,17.6,16.6,16.7,16.8
美浦,20260620,土,4:27,カフェタンガロア,,牡,3,0,嘉藤貴行,65.1,47.9,31.9,15.5,17.2,16.0,16.4,15.5
美浦,20260620,土,4:27,カフェロワドール,,牡,4,400,嘉藤貴行,63.7,46.8,31.1,15.2,16.9,15.7,15.9,15.2
美浦,20260620,土,4:27,カペラテソーロ,,牡,2,未出走,牧光二,64.3,47.3,31.1,15.7,17.0,16.2,15.4,15.7
美浦,20260620,土,4:27,ゲンジ,,牡,4,400,尾形和幸,68.4,50.9,33.7,16.6,17.5,17.2,17.1,16.6
美浦,20260620,土,4:27,サノノグレーター,,牡,3,900,尾形和幸,67.8,50.2,33.5,16.6,17.6,16.7,16.9,16.6
美浦,20260620,土,4:27,スウィット,,牡,2,未出走,牧光二,65.2,48.1,31.6,15.9,17.1,16.5,15.7,15.9
美浦,20260620,土,4:27,スワローシチー,,牡,4,400,相沢郁,69.8,51.8,34.8,17.1,18.0,17.0,17.7,17.1
美浦,20260620,土,4:27,セイウンガジュマル,,牡,2,未出走,牧光二,64.7,47.9,31.7,16.0,16.8,16.2,15.7,16.0
美浦,20260620,土,4:27,ドングラミ,,セ,3,0,本間忍,73.9,54.6,36.3,18.3,19.3,18.3,18.0,18.3
美浦,20260620,土,4:27,ボーンディスウェイ,,牡,7,3800,牧光二,65.0,48.0,31.6,15.8,17.0,16.4,15.8,15.8
美浦,20260620,土,4:27,ルージュリヴィエラ,,牝,3,0,嘉藤貴行,65.3,48.1,31.5,15.5,17.2,16.6,16.0,15.5
美浦,20260620,土,4:27,ﾘｱﾝﾛｰｽﾞの24,,牡,2,未登録,,73.8,54.4,36.0,18.1,19.4,18.4,17.9,18.1
美浦,20260620,土,4:28,オレンジリバー,,牝,3,0,黒岩陽一,66.6,48.0,30.6,15.0,18.6,17.4,15.6,15.0
美浦,20260620,土,4:28,グラティアム,,牝,3,400,嘉藤貴行,63.4,47.0,31.0,15.3,16.4,16.0,15.7,15.3
美浦,20260620,土,4:28,ケープウィッカム,,牝,5,400,中舘英二,69.4,50.8,33.8,17.2,18.6,17.0,16.6,17.2
美浦,20260620,土,4:28,ショウナンハーヴェ,,牡,2,未出走,中舘英二,67.5,50.0,33.3,16.9,17.5,16.7,16.4,16.9
美浦,20260620,土,4:28,スカイプライド,,牝,3,0,黒岩陽一,68.6,50.1,32.9,16.3,18.5,17.2,16.6,16.3
美浦,20260620,土,4:28,スタームーンナイト,,牡,3,400,中舘英二,66.3,48.5,32.0,16.5,17.8,16.5,15.5,16.5
美浦,20260620,土,4:28,チェルシー,,牝,5,400,中舘英二,69.3,50.5,33.4,16.6,18.8,17.1,16.8,16.6
美浦,20260620,土,4:28,ハミングディスト,,牝,3,0,嘉藤貴行,63.7,46.9,30.4,14.5,16.8,16.5,15.9,14.5
美浦,20260620,土,4:28,ボルトライン,,牝,2,未出走,黒岩陽一,66.7,48.3,30.9,15.1,18.4,17.4,15.8,15.1
美浦,20260620,土,4:28,ライネリーベ,,牝,4,400,木村哲也,68.6,49.5,31.9,15.6,19.1,17.6,16.3,15.6
美浦,20260620,土,4:29,ウインワーグナー,,牡,2,未出走,武市康男,75.4,55.7,37.3,18.4,19.7,18.4,18.9,18.4
美浦,20260620,土,4:29,カシノユメミヅキ,,牡,3,0,和田雄二,70.8,51.7,34.3,17.3,19.1,17.4,17.0,17.3
美浦,20260620,土,4:29,カシノヴィタ,,牝,2,未出走,和田雄二,71.7,52.7,34.7,17.5,19.0,18.0,17.2,17.5
美浦,20260620,土,4:29,トリプティーク,,牝,2,未出走,和田雄二,72.2,53.0,35.2,17.9,19.2,17.8,17.3,17.9
美浦,20260620,土,4:29,ホウオウビリーヴ,,牡,2,未出走,木村哲也,70.9,51.9,33.9,16.8,19.0,18.0,17.1,16.8
美浦,20260620,土,4:29,マリノシークレット,,牝,2,未出走,武市康男,77.7,57.7,39.0,19.8,20.0,18.7,19.2,19.8
美浦,20260620,土,4:29,レッドレガリア,,牡,3,0,木村哲也,71.7,52.9,34.9,17.4,18.8,18.0,17.5,17.4
美浦,20260620,土,4:29,ヴァストマーレ,,牡,2,未出走,木村哲也,72.7,53.4,35.3,17.7,19.3,18.1,17.6,17.7
美浦,20260620,土,4:30,アイアムアッパレ,,牡,3,0,奥平雅士,73.1,52.7,34.5,17.2,20.4,18.2,17.3,17.2
美浦,20260620,土,4:30,ハーツコンチェルト,,牡,6,1500,武井亮,65.6,48.2,31.7,15.9,17.4,16.5,15.8,15.9
美浦,20260620,土,4:30,ボウウィンドウ,,牝,4,900,武井亮,67.6,49.5,32.8,16.4,18.1,16.7,16.4,16.4
美浦,20260620,土,4:30,リアアーテシアン,,牝,3,0,武井亮,65.3,47.9,31.7,16.3,17.4,16.2,15.4,16.3
美浦,20260620,土,4:31,カンフーヒーロー,,牡,3,0,的場均,72.1,51.4,32.9,16.1,20.7,18.5,16.8,16.1
美浦,20260620,土,4:31,リフレックス,,牡,3,900,金成貴史,65.9,47.6,31.3,15.5,18.3,16.3,15.8,15.5
美浦,20260620,土,4:32,アクロスザリバー,,牡,4,0,蛯名利弘,68.0,50.2,33.0,16.7,17.8,17.2,16.3,16.7
美浦,20260620,土,4:32,アルニタク,,牡,2,未出走,伊藤圭三,72.5,52.9,34.4,16.9,19.6,18.5,17.5,16.9
美浦,20260620,土,4:32,オセアフェアモント,,牡,3,0,菊川正達,65.8,48.7,32.1,15.7,17.1,16.6,16.4,15.7
美浦,20260620,土,4:32,サイモングリーマン,,牡,3,0,的場均,75.7,55.2,36.7,18.1,20.5,18.5,18.6,18.1
美浦,20260620,土,4:32,サングラント,,牡,3,0,金成貴史,69.0,50.9,33.3,16.8,18.1,17.6,16.5,16.8
美浦,20260620,土,4:32,シャトーベスト,,牡,3,0,蛯名利弘,66.7,49.1,31.8,16.0,17.6,17.3,15.8,16.0
美浦,20260620,土,4:32,ジェネラスキング,,牡,3,400,久保田貴,69.8,51.4,34.1,17.0,18.4,17.3,17.1,17.0
美浦,20260620,土,4:32,スペルキャスター,,牝,6,730,蛯名利弘,63.3,46.5,31.3,15.9,16.8,15.2,15.4,15.9
美浦,20260620,土,4:32,スリーフラワー,,牝,2,未出走,伊藤圭三,70.4,51.2,33.8,16.6,19.2,17.4,17.2,16.6
美浦,20260620,土,4:32,ダブルブロッサム,,牝,2,未出走,菊川正達,65.9,48.2,32.5,16.7,17.7,15.7,15.8,16.7
美浦,20260620,土,4:32,ダマスク,,牡,2,未出走,伊藤圭三,71.8,52.3,34.1,16.6,19.5,18.2,17.5,16.6
美浦,20260620,土,4:32,チャームジュネーヴ,,牝,2,未出走,蛯名利弘,67.5,49.4,32.4,16.0,18.1,17.0,16.4,16.0
美浦,20260620,土,4:32,ノーブルクラウド,,牝,3,400,久保田貴,70.7,51.9,34.1,16.7,18.8,17.8,17.4,16.7
美浦,20260620,土,4:32,ノーブルグランツ,,牡,2,未出走,久保田貴,70.3,52.0,34.4,17.4,18.3,17.6,17.0,17.4
美浦,20260620,土,4:32,フライスカイハイ,,牝,3,0,菊川正達,65.4,48.4,32.5,16.1,17.0,15.9,16.4,16.1
美浦,20260620,土,4:32,フレイコン,,牡,2,未出走,伊藤圭三,71.6,52.3,34.3,16.9,19.3,18.0,17.4,16.9
美浦,20260620,土,4:32,マイネルフォルツァ,,牡,6,900,金成貴史,67.7,49.1,32.2,16.3,18.6,16.9,15.9,16.3
美浦,20260620,土,4:32,ルンベーラ,,牝,3,0,菊川正達,66.3,48.8,32.4,15.8,17.5,16.4,16.6,15.8
美浦,20260620,土,4:32,ワンダーブリッツ,,牡,3,0,久保田貴,69.5,50.9,33.2,16.5,18.6,17.7,16.7,16.5
美浦,20260620,土,4:33,キタノバトゥーキ,,牝,2,未出走,萱野浩二,69.0,51.6,34.4,17.9,17.4,17.2,16.5,17.9
美浦,20260620,土,4:33,タイセイアストロ,,牡,3,400,森一誠,64.5,47.4,30.9,15.0,17.1,16.5,15.9,15.0
美浦,20260620,土,4:33,ダノンクラウディア,,牡,3,0,森一誠,65.0,47.4,30.8,14.8,17.6,16.6,16.0,14.8
美浦,20260620,土,4:33,トップオブザキング,,牡,3,0,蛯名利弘,74.8,54.8,36.1,18.0,20.0,18.7,18.1,18.0
美浦,20260620,土,4:33,ニシノキフジン,,牝,2,未出走,萱野浩二,68.6,50.2,33.3,16.6,18.4,16.9,16.7,16.6
美浦,20260620,土,4:33,モーモーワン,,牡,2,未出走,萱野浩二,67.7,50.1,33.3,16.6,17.6,16.8,16.7,16.6
美浦,20260620,土,4:33,ヤマタケゲンジ,,牡,2,未出走,萱野浩二,67.0,49.8,33.0,16.5,17.2,16.8,16.5,16.5
美浦,20260620,土,4:34,サトミノエンジェル,,牡,4,1500,鈴木伸尋,67.9,50.3,33.1,16.3,17.6,17.2,16.8,16.3
美浦,20260620,土,4:34,プロミスライン,,牝,3,0,森一誠,65.3,48.0,31.1,14.9,17.3,16.9,16.2,14.9
美浦,20260620,土,4:34,ユイーナ,,牝,2,未出走,森一誠,65.5,48.0,31.1,15.0,17.5,16.9,16.1,15.0
美浦,20260620,土,4:35,グルーヴェンス,,牡,2,未出走,高柳瑞樹,68.2,49.4,31.9,15.6,18.8,17.5,16.3,15.6
美浦,20260620,土,4:35,サトミノアカリ,,牝,3,0,鈴木伸尋,70.0,50.7,33.4,16.8,19.3,17.3,16.6,16.8
美浦,20260620,土,4:35,トゥレイス,,牝,3,0,高柳瑞樹,70.2,50.3,32.9,16.5,19.9,17.4,16.4,16.5
美浦,20260620,土,4:35,ニシキギミッチー,,牡,6,2400,鈴木伸尋,67.6,49.0,31.7,15.5,18.6,17.3,16.2,15.5
美浦,20260620,土,4:35,ホウオウライラック,,牝,3,0,高柳瑞樹,69.0,49.9,33.2,16.4,19.1,16.7,16.8,16.4
美浦,20260620,土,4:35,モリノセピア,,牡,5,900,鈴木伸尋,72.5,52.3,33.9,16.9,20.2,18.4,17.0,16.9
美浦,20260620,土,4:35,ルシェロアズーリ,,牝,4,400,鈴木伸尋,74.5,54.0,35.1,17.0,20.5,18.9,18.1,17.0
美浦,20260620,土,4:36,ウインドオブヘヴン,,牡,3,0,戸田博文,70.0,50.7,33.0,16.4,19.3,17.7,16.6,16.4
美浦,20260620,土,4:36,クロシェットノエル,,牝,5,900,戸田博文,71.3,51.3,32.9,16.1,20.0,18.4,16.8,16.1
美浦,20260620,土,4:36,ダイユウファリーナ,,牡,5,280,松永康利,64.0,47.3,31.7,15.9,16.7,15.6,15.8,15.9
美浦,20260620,土,4:36,ダイユウルミナス,,牝,3,0,松永康利,69.8,51.0,33.1,16.1,18.8,17.9,17.0,16.1
美浦,20260620,土,4:36,トランセンコ,,牝,3,0,松永康利,64.9,47.6,31.3,15.5,17.3,16.3,15.8,15.5
美浦,20260620,土,4:36,ベアエクスプレス,,牝,3,0,柄崎将寿,59.2,41.9,26.6,13.0,17.3,15.3,13.6,13.0
美浦,20260620,土,4:36,ベルオーシャン,,牝,3,0,柄崎将寿,56.9,41.0,26.3,12.7,15.9,14.7,13.6,12.7
美浦,20260620,土,4:37,キョウエイブリッサ,,牡,6,2400,武市康男,64.6,46.9,30.4,15.1,17.7,16.5,15.3,15.1
美浦,20260620,土,4:37,ゲクウ,,牡,4,900,小手川準,71.5,52.4,34.5,17.4,19.1,17.9,17.1,17.4
美浦,20260620,土,4:37,コスモバルムンク,,牡,2,未出走,小手川準,71.8,52.5,34.5,17.4,19.3,18.0,17.1,17.4
美浦,20260620,土,4:37,コルチェスター,,牡,4,400,尾関知人,54.4,38.9,25.2,12.8,15.5,13.7,12.4,12.8
美浦,20260620,土,4:37,ディスペアーホープ,,牡,2,未出走,小手川準,71.5,52.5,34.7,17.6,19.0,17.8,17.1,17.6
美浦,20260620,土,4:37,ブルージンジャー,,牝,3,0,矢嶋大樹,70.6,52.0,34.5,16.9,18.6,17.5,17.6,16.9
美浦,20260620,土,4:37,メリークリスマス,,牡,4,2400,小手川準,69.7,51.7,33.9,17.1,18.0,17.8,16.8,17.1
美浦,20260620,土,4:37,ラッキーモア,,牡,3,0,尾関知人,66.9,50.0,32.9,16.3,16.9,17.1,16.6,16.3
美浦,20260620,土,4:38,シャインフォーミー,,牝,3,0,尾関知人,67.9,50.4,33.7,17.2,17.5,16.7,16.5,17.2
美浦,20260620,土,4:38,ラルガメンテ,,牝,4,400,尾関知人,71.2,52.5,34.9,17.2,18.7,17.6,17.7,17.2
美浦,20260620,土,4:39,アオゾラランチ,,牝,3,0,戸田博文,76.0,55.8,37.9,18.7,20.2,17.9,19.2,18.7
美浦,20260620,土,4:39,アズールドーン,,牡,2,未出走,菊沢隆徳,67.0,49.3,32.4,15.5,17.7,16.9,16.9,15.5
美浦,20260620,土,4:39,ディベルティスマン,,牡,4,0,菊沢隆徳,66.0,48.9,31.8,15.8,17.1,17.1,16.0,15.8
美浦,20260620,土,4:39,トーセンマスラオ,,牡,2,未出走,菊沢隆徳,69.1,50.7,32.4,15.7,18.4,18.3,16.7,15.7
美浦,20260620,土,4:39,ペールデュクラン,,牝,3,0,菊沢隆徳,66.9,49.1,32.4,15.4,17.8,16.7,17.0,15.4
美浦,20260620,土,4:39,ヨーゼフ,,牡,3,0,戸田博文,70.9,51.6,33.9,16.9,19.3,17.7,17.0,16.9
美浦,20260620,土,4:39,ライクアフラワー,,牡,6,1000,松永康利,70.4,49.9,32.1,15.7,20.5,17.8,16.4,15.7
美浦,20260620,土,4:40,サムハラ,,牡,3,400,新開幸一,68.2,50.4,33.6,16.8,17.8,16.8,16.8,16.8
美浦,20260620,土,4:40,シルトホルン,,牡,6,2900,新開幸一,64.2,48.1,31.5,15.2,16.1,16.6,16.3,15.2
美浦,20260620,土,4:40,フロムドーン,,牡,3,0,新開幸一,68.2,51.1,34.3,17.4,17.1,16.8,16.9,17.4
美浦,20260620,土,4:40,ブレトワルダ,,セ,4,900,新開幸一,63.2,46.7,30.4,15.1,16.5,16.3,15.3,15.1
美浦,20260620,土,4:41,アイウィル,,牡,5,1500,高木登,70.9,52.2,34.8,17.4,18.7,17.4,17.4,17.4
美浦,20260620,土,4:41,コスモメイウェザー,,牡,3,0,高木登,71.3,52.1,34.3,17.2,19.2,17.8,17.1,17.2
美浦,20260620,土,4:41,スワローシチー,,牡,4,400,相沢郁,64.9,47.6,30.9,14.7,17.3,16.7,16.2,14.7
美浦,20260620,土,4:41,バトルクライ,,牡,7,7200,高木登,70.6,51.6,34.0,17.0,19.0,17.6,17.0,17.0
美浦,20260620,土,4:41,フェンリル,,牡,3,0,高木登,71.4,52.2,34.5,17.4,19.2,17.7,17.1,17.4
美浦,20260620,土,4:41,モルスリール,,牡,2,未出走,高木登,70.8,51.7,34.2,17.3,19.1,17.5,16.9,17.3
美浦,20260620,土,4:41,ラヴァレード,,牡,2,未出走,高木登,71.6,52.1,34.0,17.7,19.5,18.1,16.3,17.7
美浦,20260620,土,4:42,イントリー,,牝,2,未出走,尾形和幸,66.2,48.8,31.9,15.9,17.4,16.9,16.0,15.9
美浦,20260620,土,4:42,ゲンジ,,牡,4,400,尾形和幸,65.1,48.4,31.8,15.7,16.7,16.6,16.1,15.7
美浦,20260620,土,4:42,サノノグレーター,,牡,3,900,尾形和幸,66.3,48.9,32.1,15.9,17.4,16.8,16.2,15.9
美浦,20260620,土,4:43,エフエイト,,牡,5,400,小野次郎,69.8,51.0,34.2,17.0,18.8,16.8,17.2,17.0
美浦,20260620,土,4:43,カラマティアノス,,牡,4,5200,奥村武,66.7,49.1,32.4,16.3,17.6,16.7,16.1,16.3
美浦,20260620,土,4:43,ショウナンサムデイ,,牝,4,1500,奥村武,68.5,50.5,33.6,17.0,18.0,16.9,16.6,17.0
美浦,20260620,土,4:43,トーケンギムレット,,牝,2,未登録,,72.5,52.5,34.6,17.6,20.0,17.9,17.0,17.6
美浦,20260620,土,4:43,リケアマカロニ,,牝,3,400,小野次郎,69.9,50.5,33.8,17.1,19.4,16.7,16.7,17.1
美浦,20260620,土,4:44,ニンジャトットリ,,牡,3,0,松永康利,76.1,56.3,37.3,18.4,19.8,19.0,18.9,18.4
美浦,20260620,土,4:45,ウインアルドーレ,,牡,5,900,奥平雅士,66.8,48.3,31.7,16.0,18.5,16.6,15.7,16.0
美浦,20260620,土,4:45,ハーツコンチェルト,,牡,6,1500,武井亮,65.0,48.0,32.0,16.1,17.0,16.0,15.9,16.1
美浦,20260620,土,4:45,ｷｬﾙｽｶｲの24,,牡,2,未登録,,67.5,49.4,32.7,16.5,18.1,16.7,16.2,16.5
美浦,20260620,土,4:46,ピックアップライン,,牡,6,1500,田中剛,54.6,39.3,25.2,12.4,15.3,14.1,12.8,12.4
美浦,20260620,土,4:49,アドマイヤフク,,牝,3,0,加藤征弘,72.1,52.9,34.9,17.6,19.2,18.0,17.3,17.6
美浦,20260620,土,4:49,アドマイヤミラ,,牝,2,未出走,加藤征弘,70.9,52.1,34.6,17.0,18.8,17.5,17.6,17.0
美浦,20260620,土,4:49,ケイアイアギト,,牡,3,900,加藤征弘,70.9,52.3,34.2,17.1,18.6,18.1,17.1,17.1
美浦,20260620,土,4:49,フロリメル,,牝,3,未出走,加藤征弘,70.6,52.0,34.4,17.1,18.6,17.6,17.3,17.1
美浦,20260620,土,4:49,ラタフォレスト,,牡,5,3600,加藤征弘,71.2,52.6,34.9,17.1,18.6,17.7,17.8,17.1
美浦,20260620,土,4:50,アンジュリオ,,牝,3,0,高橋文雅,70.7,51.9,33.7,16.6,18.8,18.2,17.1,16.6
美浦,20260620,土,4:50,アンヴデット,,牝,3,0,高橋文雅,70.1,51.2,32.8,16.0,18.9,18.4,16.8,16.0
美浦,20260620,土,4:50,ハクサンミレイ,,牝,3,0,松山将樹,71.0,51.8,33.9,17.1,19.2,17.9,16.8,17.1
美浦,20260620,土,4:50,モーニングダリア,,牝,3,0,高橋文雅,67.5,50.2,33.3,16.7,17.3,16.9,16.6,16.7
美浦,20260620,土,4:51,ウインブリザード,,牡,3,0,深山雅史,71.5,52.4,33.2,16.8,19.1,19.2,16.4,16.8
美浦,20260620,土,4:51,グランオギュール,,牡,2,未出走,林徹,71.3,53.0,34.9,17.0,18.3,18.1,17.9,17.0
美浦,20260620,土,4:51,サンプラザマツモト,,牝,2,未出走,深山雅史,71.1,52.1,34.0,17.5,19.0,18.1,16.5,17.5
美浦,20260620,土,4:51,スピニンググローブ,,牡,3,0,黒岩陽一,68.0,49.5,32.3,16.1,18.5,17.2,16.2,16.1
美浦,20260620,土,4:51,セイウンイーリス,,牝,2,未出走,深山雅史,71.7,53.1,34.3,16.7,18.6,18.8,17.6,16.7
美浦,20260620,土,4:51,ダイユウファリーナ,,牡,5,280,松永康利,66.2,49.5,33.1,16.6,16.7,16.4,16.5,16.6
美浦,20260620,土,4:51,マイホームパパ,,牡,2,未登録,,74.7,54.7,37.0,18.5,20.0,17.7,18.5,18.5
美浦,20260620,土,4:51,ミアネーロ,,牝,5,3350,林徹,66.9,49.8,33.0,15.8,17.1,16.8,17.2,15.8
美浦,20260620,土,4:51,ミクニブレイブ,,牡,2,未出走,林徹,71.3,52.9,34.8,17.0,18.4,18.1,17.8,17.0
美浦,20260620,土,4:51,ユイノヘラクレス,,牡,2,未出走,深山雅史,72.3,53.8,34.9,17.4,18.5,18.9,17.5,17.4
美浦,20260620,土,4:51,ﾊﾟﾛｰﾏの24,,牝,2,未登録,,71.2,52.3,34.1,16.8,18.9,18.2,17.3,16.8
美浦,20260620,土,4:52,エストゥペンダ,,牝,4,2400,高柳瑞樹,65.2,46.3,29.2,14.2,18.9,17.1,15.0,14.2
美浦,20260620,土,4:52,グレイシエーション,,牝,3,0,栗田徹,53.7,38.9,25.1,12.3,14.8,13.8,12.8,12.3
美浦,20260620,土,4:52,シーズアウルフ,,牝,2,未出走,栗田徹,54.2,39.2,25.5,12.7,15.0,13.7,12.8,12.7
美浦,20260620,土,4:52,トウシンラヴ,,牝,3,0,高柳瑞樹,68.8,50.3,33.7,17.1,18.5,16.6,16.6,17.1
美浦,20260620,土,4:53,オルッス,,牡,2,未出走,伊坂重信,66.9,48.8,31.7,15.3,18.1,17.1,16.4,15.3
美浦,20260620,土,4:53,カンピオーネ,,牡,7,2400,栗田徹,68.6,51.2,33.3,16.2,17.4,17.9,17.1,16.2
美浦,20260620,土,4:53,トラマンダーレ,,セ,6,1500,浅利英明,69.5,51.6,34.4,16.7,17.9,17.2,17.7,16.7
美浦,20260620,土,4:53,ハネマン,,牝,3,0,伊坂重信,66.5,48.4,31.1,15.1,18.1,17.3,16.0,15.1
美浦,20260620,土,4:53,モンテール,,セ,3,0,栗田徹,68.8,51.2,33.7,16.7,17.6,17.5,17.0,16.7
美浦,20260620,土,4:53,リギーロ,,牡,4,900,栗田徹,68.9,51.5,33.4,16.4,17.4,18.1,17.0,16.4
美浦,20260620,土,4:53,ルージュマローネ,,牝,4,900,栗田徹,69.6,51.3,33.4,17.0,18.3,17.9,16.4,17.0
美浦,20260620,土,4:53,ロゼフェリシア,,牝,4,150,浅利英明,69.7,51.4,33.7,16.3,18.3,17.7,17.4,16.3
美浦,20260620,土,4:53,ヴェールネージュ,,牝,2,未出走,伊坂重信,67.2,49.5,32.1,15.9,17.7,17.4,16.2,15.9
美浦,20260620,土,4:54,ベルグラース,,牝,2,未出走,浅利英明,74.7,54.2,35.0,17.4,20.5,19.2,17.6,17.4
美浦,20260620,土,4:55,セイウンヤオヨロズ,,牡,3,0,上原博之,65.6,47.2,30.5,15.0,18.4,16.7,15.5,15.0
美浦,20260620,土,4:56,エニシングゴース,,牡,2,未出走,和田雄二,66.7,49.2,32.7,16.6,17.5,16.5,16.1,16.6
美浦,20260620,土,4:56,センカンナガト,,牡,2,未出走,和田雄二,66.9,49.4,32.7,16.7,17.5,16.7,16.0,16.7
美浦,20260620,土,4:57,ゴーゼンチュー,,牝,2,未出走,和田雄二,71.6,52.4,34.4,17.2,19.2,18.0,17.2,17.2
美浦,20260620,土,4:57,サヴマ,,牡,3,0,辻哲英,70.9,52.0,33.6,16.1,18.9,18.4,17.5,16.1
美浦,20260620,土,4:57,トレベルオール,,牡,5,440,辻哲英,70.5,51.5,33.0,16.1,19.0,18.5,16.9,16.1
美浦,20260620,土,4:58,アピーリングルック,,牝,5,5300,辻哲英,109.3,80.5,52.6,26.4,28.8,27.9,26.2,26.4
美浦,20260620,土,4:58,アルファリラエ,,牝,3,0,田島俊明,69.4,51.1,33.4,16.9,18.3,17.7,16.5,16.9
美浦,20260620,土,4:58,エーデルクラフト,,牡,3,未出走,辻哲英,117.0,85.4,53.3,25.4,31.6,32.1,27.9,25.4
美浦,20260620,土,4:58,カピリナ,,牝,5,5850,田島俊明,67.9,48.7,31.0,15.4,19.2,17.7,15.6,15.4
美浦,20260620,土,4:58,タッカーバレット,,牡,5,450,田島俊明,72.1,51.9,33.6,16.7,20.2,18.3,16.9,16.7
美浦,20260620,土,4:58,テリオスララ,,牝,4,2100,田島俊明,70.8,51.8,33.8,16.7,19.0,18.0,17.1,16.7
美浦,20260620,土,4:58,ヤマメナイト,,牡,3,0,田島俊明,70.7,50.1,32.0,15.8,20.6,18.1,16.2,15.8
美浦,20260620,土,5:01,アウルムレガリア,,牝,4,0,粕谷昌央,65.4,47.4,30.6,15.1,18.0,16.8,15.5,15.1
美浦,20260620,土,5:01,アラータス,,牡,2,未出走,秋本大介,70.5,50.7,33.0,16.0,19.8,17.7,17.0,16.0
美浦,20260620,土,5:01,イゲマジャ,,牡,3,0,清水英克,70.8,52.2,35.1,17.8,18.6,17.1,17.3,17.8
美浦,20260620,土,5:01,エリンヘラクレス,,牡,2,未出走,清水英克,69.9,51.4,33.9,17.2,18.5,17.5,16.7,17.2
美浦,20260620,土,5:01,カーニバルウェイ,,牝,3,0,清水英克,68.9,49.9,33.3,17.2,19.0,16.6,16.1,17.2
美浦,20260620,土,5:01,キタノドンカルロ,,牡,3,0,粕谷昌央,65.9,47.5,31.1,15.8,18.4,16.4,15.3,15.8
美浦,20260620,土,5:01,コスモマルーン,,牝,6,860,秋本大介,68.9,50.1,33.2,16.3,18.8,16.9,16.9,16.3
美浦,20260620,土,5:01,ゴールデンルーキー,,牡,5,0,粕谷昌央,65.7,47.5,31.2,15.8,18.2,16.3,15.4,15.8
美浦,20260620,土,5:01,ゼンダンタカ,,牝,4,900,田村康仁,70.7,51.6,33.4,16.4,19.1,18.2,17.0,16.4
美浦,20260620,土,5:01,ソラティオ,,牝,2,未出走,粕谷昌央,65.9,47.5,30.8,15.4,18.4,16.7,15.4,15.4
美浦,20260620,土,5:01,テンノルーキー,,牡,3,0,田村康仁,73.0,53.4,35.0,17.5,19.6,18.4,17.5,17.5
美浦,20260620,土,5:01,ナリノシャーウッド,,牡,3,400,田村康仁,70.0,50.8,33.1,16.0,19.2,17.7,17.1,16.0
美浦,20260620,土,5:01,ノワールブレイブ,,牝,2,未登録,,71.1,52.8,35.2,17.9,18.3,17.6,17.3,17.9
美浦,20260620,土,5:01,リバーブレーション,,牡,3,0,清水英克,70.3,51.8,34.2,17.2,18.5,17.6,17.0,17.2
美浦,20260620,土,5:02,アスパラゴ,,牝,3,0,田村康仁,70.2,50.6,32.5,15.0,19.6,18.1,17.5,15.0
美浦,20260620,土,5:02,エクスマキナ,,牝,2,未出走,手塚貴徳,69.9,51.0,33.6,16.9,18.9,17.4,16.7,16.9
美浦,20260620,土,5:02,サイモンセレーノ,,牝,3,0,勢司和浩,72.0,53.2,36.3,18.2,18.8,16.9,18.1,18.2
美浦,20260620,土,5:02,シャンドゥレール,,セ,6,400,手塚貴徳,64.4,46.5,30.7,15.7,17.9,15.8,15.0,15.7
美浦,20260620,土,5:02,ジュネストレイル,,牡,2,0,手塚貴徳,63.0,45.7,29.8,14.9,17.3,15.9,14.9,14.9
美浦,20260620,土,5:02,チャンピオンホープ,,牡,3,0,勢司和浩,72.3,52.1,34.3,17.3,20.2,17.8,17.0,17.3
美浦,20260620,土,5:02,ドリーマーズ,,牝,3,0,伊藤大士,64.6,47.7,31.3,15.6,16.9,16.4,15.7,15.6
美浦,20260620,土,5:02,ハイラント,,セ,5,900,伊藤大士,63.3,47.3,31.7,15.9,16.0,15.6,15.8,15.9
美浦,20260620,土,5:02,ベルランコントル,,牝,3,0,伊藤大士,63.7,46.4,29.9,14.6,17.3,16.5,15.3,14.6
美浦,20260620,土,5:02,ホープフルワールド,,牡,3,0,伊藤大士,64.9,47.6,30.9,15.3,17.3,16.7,15.6,15.3
美浦,20260620,土,5:02,マカナ,,牝,4,1500,伊藤大士,61.9,45.8,30.1,14.9,16.1,15.7,15.2,14.9
美浦,20260620,土,5:02,ラッパースヴィル,,牝,2,未出走,手塚貴徳,70.4,51.6,34.3,17.5,18.8,17.3,16.8,17.5
美浦,20260620,土,5:02,ルージュロマーナ,,牝,2,未出走,手塚貴徳,64.8,48.1,31.6,15.8,16.7,16.5,15.8,15.8
美浦,20260620,土,5:03,アマイ,,牝,6,1500,伊藤大士,63.5,46.8,30.5,15.1,16.7,16.3,15.4,15.1
美浦,20260620,土,5:03,キョウエイアート,,セ,3,0,萱野浩二,68.8,51.0,33.6,17.1,17.8,17.4,16.5,17.1
美浦,20260620,土,5:03,ザウシャルト,,セ,3,0,小野次郎,70.0,50.9,33.4,16.7,19.1,17.5,16.7,16.7
美浦,20260620,土,5:03,ナックエルドラド,,牡,4,0,小野次郎,68.3,49.9,32.8,16.3,18.4,17.1,16.5,16.3
美浦,20260620,土,5:03,ナックレジーナ,,牝,3,未出走,小野次郎,70.0,50.2,32.3,16.2,19.8,17.9,16.1,16.2
美浦,20260620,土,5:05,エフォートレス,,牡,5,1500,嘉藤貴行,63.8,47.2,31.6,15.5,16.6,15.6,16.1,15.5
美浦,20260620,土,5:05,ジーネキング,,牡,3,1000,斎藤誠,63.5,47.4,30.9,15.8,16.1,16.5,15.1,15.8
美浦,20260620,土,5:05,モーゲンセン,,牡,3,400,斎藤誠,64.0,47.0,30.8,15.5,17.0,16.2,15.3,15.5
美浦,20260620,土,5:05,レインボーラッキー,,牝,4,400,斎藤誠,64.0,46.8,30.8,15.5,17.2,16.0,15.3,15.5
美浦,20260620,土,5:06,カラクリスピリッツ,,牝,3,0,斎藤誠,67.6,50.1,33.3,16.7,17.5,16.8,16.6,16.7
美浦,20260620,土,5:06,スカイレックス,,牡,3,400,斎藤誠,67.4,50.2,33.3,16.7,17.2,16.9,16.6,16.7
美浦,20260620,土,5:06,スターランウェイ,,牝,4,400,斎藤誠,67.7,50.3,33.2,16.6,17.4,17.1,16.6,16.6
美浦,20260620,土,5:06,フレキシブル,,牝,3,0,斎藤誠,68.3,50.3,33.2,16.5,18.0,17.1,16.7,16.5
美浦,20260620,土,5:07,サンデースマッシュ,,牡,3,400,嘉藤貴行,63.0,46.4,30.6,14.1,16.6,15.8,16.5,14.1
美浦,20260620,土,5:08,レジェンドヴァーサ,,牡,2,未出走,相沢郁,65.4,48.1,30.8,15.0,17.3,17.3,15.8,15.0
美浦,20260620,土,5:09,アレクレア,,牝,4,120,蛯名利弘,71.8,51.6,32.6,15.9,20.2,19.0,16.7,15.9
美浦,20260620,土,5:09,コンフィアンサ,,牝,3,0,菊川正達,67.2,49.5,33.0,16.4,17.7,16.5,16.6,16.4
美浦,20260620,土,5:09,サヴマ,,牡,3,0,辻哲英,65.2,47.2,31.0,15.5,18.0,16.2,15.5,15.5
美浦,20260620,土,5:09,シャルムグリーン,,牡,3,0,相沢郁,63.7,47.3,31.2,15.7,16.4,16.1,15.5,15.7
美浦,20260620,土,5:09,トレベルオール,,牡,5,440,辻哲英,65.2,47.5,31.0,14.8,17.7,16.5,16.2,14.8
美浦,20260620,土,5:09,プリティーミズホ,,牝,3,400,菊川正達,67.0,49.6,33.1,16.6,17.4,16.5,16.5,16.6
美浦,20260620,土,5:10,レイシャル,,牝,2,未出走,相沢郁,65.7,49.2,32.5,16.5,16.5,16.7,16.0,16.5
美浦,20260620,土,5:11,サードウインド,,牝,4,900,西田雄一,67.2,49.8,33.1,16.3,17.4,16.7,16.8,16.3
美浦,20260620,土,5:12,ジョブックボー,,牝,3,0,黒岩陽一,64.4,47.0,30.3,15.0,17.4,16.7,15.3,15.0
美浦,20260620,土,5:12,リサナウト,,牝,2,未出走,黒岩陽一,64.3,47.0,30.3,14.9,17.3,16.7,15.4,14.9
美浦,20260620,土,5:13,タッカーバレット,,牡,5,450,田島俊明,68.3,49.8,32.3,15.5,18.5,17.5,16.8,15.5
美浦,20260620,土,5:13,テングカゼ,,牡,2,未登録,,71.7,53.8,35.6,18.0,17.9,18.2,17.6,18.0
美浦,20260620,土,5:13,マーシヴィガラス,,牡,6,900,的場均,70.7,52.8,34.8,17.3,17.9,18.0,17.5,17.3
美浦,20260620,土,5:13,ヴェットビルズ,,牝,2,未出走,的場均,72.2,53.2,35.2,17.8,19.0,18.0,17.4,17.8
美浦,20260620,土,5:14,ダイユウサルターレ,,牡,3,0,松永康利,72.0,52.8,35.0,18.1,19.2,17.8,16.9,18.1
美浦,20260620,土,5:15,カーヌスティ,,牡,4,710,大和田成,66.6,48.9,32.0,15.8,17.7,16.9,16.2,15.8
美浦,20260620,土,5:15,ゼンダンタカ,,牝,4,900,田村康仁,69.7,51.5,33.6,16.9,18.2,17.9,16.7,16.9
美浦,20260620,土,5:15,テンノルーキー,,牡,3,0,田村康仁,70.3,51.8,34.1,16.9,18.5,17.7,17.2,16.9
美浦,20260620,土,5:15,ナリノシャーウッド,,牡,3,400,田村康仁,70.1,51.6,34.0,16.9,18.5,17.6,17.1,16.9
美浦,20260620,土,5:15,ニコ,,牝,4,80,大和田成,67.3,49.0,32.2,15.9,18.3,16.8,16.3,15.9
美浦,20260620,土,5:15,ライヴギムレット,,牝,3,0,大和田成,68.5,49.6,32.4,15.9,18.9,17.2,16.5,15.9
美浦,20260620,土,5:17,ヴォンヌヴォー,,牝,6,400,天間昭一,70.4,52.5,34.2,16.6,17.9,18.3,17.6,16.6
美浦,20260620,土,5:18,イバラヒメ,,牝,3,0,新開幸一,68.3,49.4,32.3,15.7,18.9,17.1,16.6,15.7
美浦,20260620,土,5:18,ウイニングレイ,,牝,2,未出走,戸田博文,67.9,50.5,33.2,16.4,17.4,17.3,16.8,16.4
美浦,20260620,土,5:18,オーキーベルセルク,,牡,3,0,戸田博文,73.8,54.1,35.7,17.4,19.7,18.4,18.3,17.4
美浦,20260620,土,5:18,ロジキセキ,,牡,3,0,新開幸一,65.5,47.3,31.2,15.9,18.2,16.1,15.3,15.9
美浦,20260620,土,5:20,アルティマローネ,,牝,3,0,武市康男,67.3,50.0,33.0,16.6,17.3,17.0,16.4,16.6
美浦,20260620,土,5:20,ウィルソンテソーロ,,牡,7,36400,高木登,69.7,51.1,33.1,16.8,18.6,18.0,16.3,16.8
美浦,20260620,土,5:20,オウギノカナメ,,牡,6,2400,高木登,72.9,53.0,34.4,16.7,19.9,18.6,17.7,16.7
美浦,20260620,土,5:20,カラーオブサクセス,,牝,3,0,武市康男,66.2,48.6,31.9,16.3,17.6,16.7,15.6,16.3
美浦,20260620,土,5:20,シュピラー,,牡,3,400,高木登,71.2,51.6,33.8,16.5,19.6,17.8,17.3,16.5
美浦,20260620,土,5:20,ネイティヴプライド,,牡,3,0,高木登,71.3,52.6,34.7,17.3,18.7,17.9,17.4,17.3
美浦,20260620,土,5:20,ファーストアライヴ,,牡,2,未登録,,71.5,52.4,34.6,17.2,19.1,17.8,17.4,17.2
美浦,20260620,土,5:20,ミセスジョーンズ,,牝,3,0,松永康利,66.5,48.3,31.5,15.6,18.2,16.8,15.9,15.6
美浦,20260620,土,5:20,モンスターラッシュ,,牡,3,0,高木登,70.9,51.8,33.9,17.0,19.1,17.9,16.9,17.0
美浦,20260620,土,5:21,オメガストリーム,,牝,4,80,田中勝春,54.8,39.7,25.7,12.7,15.1,14.0,13.0,12.7
美浦,20260620,土,5:21,カシノリアーナ,,牝,3,400,天間昭一,68.1,51.2,34.0,16.9,16.9,17.2,17.1,16.9
美浦,20260620,土,5:21,ジーナグレイス,,牝,3,0,田中勝春,54.6,39.6,25.7,12.7,15.0,13.9,13.0,12.7
美浦,20260620,土,5:21,ヒットアンドロール,,牡,5,0,田中勝春,55.8,40.7,26.7,13.2,15.1,14.0,13.5,13.2
美浦,20260620,土,5:21,フェーダーローター,,牝,3,400,天間昭一,70.2,51.7,33.8,16.8,18.5,17.9,17.0,16.8
美浦,20260620,土,5:21,ミクニルミナス,,牡,2,未出走,田中勝春,55.8,40.8,26.8,13.3,15.0,14.0,13.5,13.3
美浦,20260620,土,5:22,ブライトラン,,牡,3,0,尾形和幸,71.1,52.3,34.4,17.4,18.8,17.9,17.0,17.4
美浦,20260620,土,5:22,ミカミッチー,,牝,2,未出走,田中勝春,63.8,46.7,30.9,15.6,17.1,15.8,15.3,15.6
美浦,20260620,土,5:24,ブリスフル,,牡,5,400,武市康男,68.7,51.7,34.1,17.1,17.0,17.6,17.0,17.1
美浦,20260620,土,5:25,カーニバルウェイ,,牝,3,0,清水英克,70.4,51.7,33.9,16.4,18.7,17.8,17.5,16.4
美浦,20260620,土,5:25,コパノミラノ,,牡,3,0,上原博之,74.4,54.7,36.3,17.9,19.7,18.4,18.4,17.9
美浦,20260620,土,5:26,カゼノロマン,,牡,2,未登録,,73.5,52.7,34.2,17.4,20.8,18.5,16.8,17.4
美浦,20260620,土,5:26,ニシノギャルズ,,牝,3,0,水野貴広,72.1,53.0,35.3,18.0,19.1,17.7,17.3,18.0
美浦,20260620,土,5:26,ヤマメイッカ,,牡,3,0,久保田貴,68.6,51.3,33.9,17.1,17.3,17.4,16.8,17.1
美浦,20260620,土,5:26,ランスノーブル,,牝,6,400,上原博之,66.3,46.6,29.5,14.7,19.7,17.1,14.8,14.7
美浦,20260620,土,5:27,クリスタルドレス,,牝,3,0,高橋文雅,74.7,55.0,36.4,18.5,19.7,18.6,17.9,18.5
美浦,20260620,土,5:27,グランシャット,,牝,4,80,松尾卓哉,66.6,48.1,31.1,14.7,18.5,17.0,16.4,14.7
美浦,20260620,土,5:27,ソワンドヴィクター,,牝,3,0,高橋文雅,70.4,52.2,34.4,17.2,18.2,17.8,17.2,17.2
美浦,20260620,土,5:27,ニチヤヲツイデ,,牝,3,0,高橋文雅,73.4,53.8,34.8,17.3,19.6,19.0,17.5,17.3
美浦,20260620,土,5:27,ネオアンボウ,,牡,3,0,松尾卓哉,69.8,50.7,33.0,16.1,19.1,17.7,16.9,16.1
美浦,20260620,土,5:27,ブライトシーン,,牡,2,未出走,松尾卓哉,66.5,48.8,31.9,15.7,17.7,16.9,16.2,15.7
美浦,20260620,土,5:27,ルージュスティーズ,,牝,4,400,松尾卓哉,65.9,48.4,31.1,15.5,17.5,17.3,15.6,15.5
美浦,20260620,土,5:28,ゴールドジェスター,,セ,4,0,中川公成,71.3,52.1,34.4,17.2,19.2,17.7,17.2,17.2
美浦,20260620,土,5:28,ゴールドドレッサ,,牝,3,400,中川公成,72.2,52.4,34.4,17.3,19.8,18.0,17.1,17.3
美浦,20260620,土,5:28,タイセイミッション,,セ,5,1500,伊藤圭三,66.9,49.1,32.1,15.6,17.8,17.0,16.5,15.6
美浦,20260620,土,5:28,タシット,,牡,7,2400,中川公成,69.7,50.9,33.0,16.4,18.8,17.9,16.6,16.4
美浦,20260620,土,5:28,ドナディクオーレ,,牝,3,0,上原佑紀,62.3,45.1,29.6,15.0,17.2,15.5,14.6,15.0
美浦,20260620,土,5:28,ナムラクリスティ,,牝,2,未出走,武藤善則,68.6,50.0,32.5,16.3,18.6,17.5,16.2,16.3
美浦,20260620,土,5:28,ニシノティアモ,,牝,5,4550,上原佑紀,64.6,47.4,31.2,15.3,17.2,16.2,15.9,15.3
美浦,20260620,土,5:28,ハッスルダンク,,セ,6,1500,中川公成,69.5,51.2,33.9,17.0,18.3,17.3,16.9,17.0
美浦,20260620,土,5:28,ピリナカピリナ,,牝,2,未出走,水野貴広,67.8,50.5,33.7,16.9,17.3,16.8,16.8,16.9
美浦,20260620,土,5:28,フェデルミエール,,牝,4,900,中川公成,71.3,52.1,34.3,17.2,19.2,17.8,17.1,17.2
美浦,20260620,土,5:28,ブライトマン,,セ,5,400,蛯名正義,65.3,48.2,31.4,15.5,17.1,16.8,15.9,15.5
美浦,20260620,土,5:28,ブルドッグドン,,牡,2,未出走,武藤善則,67.2,49.3,32.4,16.5,17.9,16.9,15.9,16.5
美浦,20260620,土,5:28,ライトアファイア,,牡,3,0,伊藤圭三,65.8,48.1,31.4,15.4,17.7,16.7,16.0,15.4
美浦,20260620,土,5:28,ラルフテソーロ,,牡,4,400,伊藤圭三,65.9,48.5,31.9,15.7,17.4,16.6,16.2,15.7
美浦,20260620,土,5:28,ルクスレイモンド,,牡,3,900,上原佑紀,63.1,46.6,30.8,15.8,16.5,15.8,15.0,15.8
美浦,20260620,土,5:28,ルージュリリック,,牝,3,400,上原佑紀,63.1,46.7,30.9,15.4,16.4,15.8,15.5,15.4
美浦,20260620,土,5:28,ロマンス,,牝,3,0,上原佑紀,68.3,50.3,33.0,16.4,18.0,17.3,16.6,16.4
美浦,20260620,土,5:29,カシマライフウ,,牡,3,0,伊藤伸一,72.6,52.9,34.8,17.8,19.7,18.1,17.0,17.8
美浦,20260620,土,5:29,キングボーイ,,牡,2,未出走,古賀慎明,71.9,51.5,33.8,16.7,20.4,17.7,17.1,16.7
美浦,20260620,土,5:29,サトノリアファル,,牡,3,0,古賀慎明,72.6,52.4,34.2,17.0,20.2,18.2,17.2,17.0
美浦,20260620,土,5:29,シュガーシャック,,牡,3,0,古賀慎明,71.6,51.6,33.6,16.6,20.0,18.0,17.0,16.6
美浦,20260620,土,5:29,テングカゼ,,牡,2,未登録,,69.2,51.7,34.3,17.4,17.5,17.4,16.9,17.4
美浦,20260620,土,5:29,マーシヴィガラス,,牡,6,900,的場均,68.7,51.3,34.2,17.6,17.4,17.1,16.6,17.6
美浦,20260620,土,5:29,ヴェットビルズ,,牝,2,未出走,的場均,68.6,50.3,33.1,16.6,18.3,17.2,16.5,16.6
美浦,20260620,土,5:30,イセッセイ,,牝,3,0,伊藤伸一,72.5,53.3,35.2,17.9,19.2,18.1,17.3,17.9
美浦,20260620,土,5:30,インザダーク,,牝,2,未出走,伊藤伸一,71.0,52.7,34.4,16.8,18.3,18.3,17.6,16.8
美浦,20260620,土,5:30,カーテシー,,牝,2,未登録,,72.3,54.3,36.8,18.7,18.0,17.5,18.1,18.7
美浦,20260620,土,5:30,トムキャット,,牝,2,未出走,伊藤伸一,71.1,52.9,34.7,16.9,18.2,18.2,17.8,16.9
美浦,20260620,土,5:30,トワニ,,牝,3,400,蛯名正義,69.5,51.3,33.7,17.0,18.2,17.6,16.7,17.0
美浦,20260620,土,5:30,ハニーコム,,牝,5,1500,蛯名正義,68.8,50.5,33.6,16.9,18.3,16.9,16.7,16.9
美浦,20260620,土,5:30,ラッキースウィッチ,,牡,3,0,蛯名正義,67.9,49.1,32.4,16.3,18.8,16.7,16.1,16.3
美浦,20260620,土,5:32,ヒロピアーナ,,牡,6,400,石栗龍彦,68.3,50.6,32.6,15.8,17.7,18.0,16.8,15.8
美浦,20260620,土,5:55,ゴーントゥファー,,セ,3,0,小島茂之,56.8,40.9,25.9,12.6,15.9,15.0,13.3,12.6
美浦,20260620,土,5:55,タクミオジュウ,,牡,2,未出走,小島茂之,55.4,41.5,27.3,13.0,13.9,14.2,14.3,13.0
美浦,20260620,土,5:55,トーアトリニダー,,牡,2,未出走,小島茂之,58.8,44.8,30.2,15.6,14.0,14.6,14.6,15.6
美浦,20260620,土,5:55,ランフォーザエイジ,,牝,2,未出走,小島茂之,55.4,41.5,27.4,13.1,13.9,14.1,14.3,13.1
美浦,20260620,土,5:56,アトラップモア,,牝,3,未出走,堀宣行,67.7,51.0,33.9,17.2,16.7,17.1,16.7,17.2
美浦,20260620,土,5:56,アルデシンザン,,牡,2,未登録,,67.7,50.9,34.2,17.3,16.8,16.7,16.9,17.3
美浦,20260620,土,5:56,エコロシード,,牡,3,900,堀宣行,69.2,51.3,34.1,17.3,17.9,17.2,16.8,17.3
美浦,20260620,土,5:56,サトノシュトローム,,牡,3,未出走,堀宣行,69.3,51.0,33.8,17.0,18.3,17.2,16.8,17.0
美浦,20260620,土,5:56,サトノフルーク,,牡,2,未登録,,69.2,51.5,34.0,17.1,17.7,17.5,16.9,17.1
美浦,20260620,土,5:56,ファインサマーデイ,,牡,3,400,高柳瑞樹,68.0,49.3,32.0,16.0,18.7,17.3,16.0,16.0
美浦,20260620,土,5:56,プロスペクトパーク,,牡,4,400,高柳瑞樹,65.4,48.0,31.2,15.4,17.4,16.8,15.8,15.4
美浦,20260620,土,5:56,ヘクトルテソーロ,,牡,3,0,畠山吉宏,62.3,45.8,29.9,15.1,16.5,15.9,14.8,15.1
美浦,20260620,土,5:56,ペプロス,,牝,4,400,矢野英一,66.1,48.7,31.6,15.7,17.4,17.1,15.9,15.7
美浦,20260620,土,5:56,メイショウヨゾラ,,牝,5,1500,高柳瑞樹,68.1,49.6,32.3,16.5,18.5,17.3,15.8,16.5
美浦,20260620,土,5:57,ザンテソーロ,,牡,3,0,畠山吉宏,66.5,46.4,29.2,14.7,20.1,17.2,14.5,14.7
美浦,20260620,土,5:57,テルケンレンスキー,,牡,3,400,竹内正洋,65.9,47.9,31.7,15.8,18.0,16.2,15.9,15.8
美浦,20260620,土,5:57,ハリコミチュウ,,牝,3,未出走,竹内正洋,67.5,49.1,32.0,15.7,18.4,17.1,16.3,15.7
美浦,20260620,土,5:57,フェスティヴビーム,,セ,6,400,畠山吉宏,68.5,50.1,32.3,16.0,18.4,17.8,16.3,16.0
美浦,20260620,土,5:57,プリュノワール,,牝,5,400,浅利英明,67.3,48.9,31.9,15.5,18.4,17.0,16.4,15.5
美浦,20260620,土,5:57,ペロ,,牡,5,400,浅利英明,67.8,49.3,31.9,15.6,18.5,17.4,16.3,15.6
美浦,20260620,土,5:57,ユイチャンファイト,,牝,2,未出走,竹内正洋,67.2,49.0,32.0,15.9,18.2,17.0,16.1,15.9
美浦,20260620,土,5:57,ユイノリュウギ,,牡,2,未出走,竹内正洋,63.9,46.9,30.7,15.3,17.0,16.2,15.4,15.3
美浦,20260620,土,5:57,ユニオンジャック,,牡,3,未出走,竹内正洋,64.7,47.6,31.3,15.8,17.1,16.3,15.5,15.8
美浦,20260620,土,5:58,エコロガノン,,牡,3,400,矢野英一,65.8,47.5,31.1,16.1,18.3,16.4,15.0,16.1
美浦,20260620,土,5:58,クールボビー,,牡,2,未出走,矢野英一,65.1,47.7,30.8,15.3,17.4,16.9,15.5,15.3
美浦,20260620,土,5:58,コパノエイダン,,牡,3,400,上原博之,69.0,49.9,32.8,16.6,19.1,17.1,16.2,16.6
美浦,20260620,土,5:58,ニシノトマラナイ,,セ,3,0,矢野英一,66.0,47.8,31.3,16.0,18.2,16.5,15.3,16.0
美浦,20260620,土,5:58,フクチャンヒメ,,牝,4,400,加藤征弘,71.2,52.7,34.6,17.3,18.5,18.1,17.3,17.3
美浦,20260620,土,5:58,ミスティユニバンス,,牝,3,0,加藤征弘,70.4,52.3,34.8,17.3,18.1,17.5,17.5,17.3
美浦,20260620,土,5:58,ルプルミエラムール,,牝,3,0,加藤征弘,70.2,52.0,34.8,17.3,18.2,17.2,17.5,17.3
美浦,20260620,土,5:59,アドミ,,牝,3,0,中川公成,65.1,48.3,32.1,16.3,16.8,16.2,15.8,16.3
美浦,20260620,土,5:59,ナムラダックス,,牡,2,未出走,石栗龍彦,66.7,50.0,33.0,16.7,16.7,17.0,16.3,16.7
美浦,20260620,土,5:59,モーモーゼロ,,牡,2,未出走,石栗龍彦,66.3,49.4,32.6,15.9,16.9,16.8,16.7,15.9
美浦,20260620,土,6:00,クリガーレ,,牡,2,未出走,武市康男,73.1,54.0,35.7,17.7,19.1,18.3,18.0,17.7
美浦,20260620,土,6:00,クロライナ,,セ,4,120,室井潔,73.2,53.8,35.8,18.0,19.4,18.0,17.8,18.0
美浦,20260620,土,6:00,グランコネクシオン,,牝,5,400,畠山吉宏,82.7,58.8,37.5,18.1,23.9,21.3,19.4,18.1
美浦,20260620,土,6:00,コスモイェーガー,,牡,2,未出走,武市康男,71.2,52.5,34.2,17.2,18.7,18.3,17.0,17.2
美浦,20260620,土,6:00,スカイプレリュード,,牡,3,0,室井潔,69.5,50.5,32.3,15.4,19.0,18.2,16.9,15.4
美浦,20260620,土,6:00,ダンシングアワー,,牝,2,未出走,室井潔,68.6,49.6,32.3,16.2,19.0,17.3,16.1,16.2
美浦,20260620,土,6:00,デルマツルギ,,牝,3,0,蛯名利弘,56.1,40.6,26.5,13.3,15.5,14.1,13.2,13.3
美浦,20260620,土,6:00,ナムラアラバイ,,牡,2,未出走,武市康男,71.3,52.4,34.3,17.2,18.9,18.1,17.1,17.2
美浦,20260620,土,6:00,ピースフルマインド,,牝,3,0,伊坂重信,66.6,47.9,30.4,15.2,18.7,17.5,15.2,15.2
美浦,20260620,土,6:00,ラプユフラット,,牡,2,未出走,室井潔,70.9,51.5,34.0,17.1,19.4,17.5,16.9,17.1
美浦,20260620,土,6:00,リベラリズモ,,牝,2,未出走,室井潔,69.0,50.1,32.3,16.0,18.9,17.8,16.3,16.0
美浦,20260620,土,6:00,レースクイーン,,牝,3,0,蛯名利弘,55.4,40.2,26.0,12.6,15.2,14.2,13.4,12.6
美浦,20260620,土,6:00,ﾍﾌﾞﾝﾘｰﾌﾚｸﾞﾗﾝｽの24,,牝,2,未登録,,68.3,49.5,32.4,16.4,18.8,17.1,16.0,16.4
美浦,20260620,土,6:01,イノキ,,牡,4,900,岩戸孝樹,69.4,49.7,32.4,16.5,19.7,17.3,15.9,16.5
美浦,20260620,土,6:01,サイモンナイスラン,,牡,3,0,勢司和浩,73.4,53.3,35.3,18.1,20.1,18.0,17.2,18.1
美浦,20260620,土,6:01,シグムンド,,牡,5,900,岩戸孝樹,69.7,49.7,32.0,16.1,20.0,17.7,15.9,16.1
美浦,20260620,土,6:01,セイウンリリーナ,,牝,2,未登録,,89.0,65.0,42.1,20.1,24.0,22.9,22.0,20.1
美浦,20260620,土,6:01,セレスタイト,,牡,2,未出走,岩戸孝樹,70.1,50.2,32.6,16.8,19.9,17.6,15.8,16.8
美浦,20260620,土,6:01,ライングラウス,,牡,2,未出走,水野貴広,88.4,63.8,40.6,19.9,24.6,23.2,20.7,19.9
美浦,20260620,土,6:02,アリスメティーク,,牝,4,900,大竹正博,65.9,47.7,31.4,15.5,18.2,16.3,15.9,15.5
美浦,20260620,土,6:02,エリカカリーナ,,牝,5,900,宮田敬介,65.3,47.7,31.8,15.7,17.6,15.9,16.1,15.7
美浦,20260620,土,6:02,オリエンタルガール,,牝,3,0,相沢郁,57.2,42.0,27.3,13.2,15.2,14.7,14.1,13.2
美浦,20260620,土,6:02,ゼフィリア,,牝,3,0,岩戸孝樹,70.2,50.3,32.5,16.6,19.9,17.8,15.9,16.6
美浦,20260620,土,6:02,タヤスロレンヌ,,牝,3,400,岩戸孝樹,68.9,50.4,32.0,16.2,18.5,18.4,15.8,16.2
美浦,20260620,土,6:02,ホウオウショパン,,セ,3,未出走,大竹正博,67.7,49.9,32.4,15.6,17.8,17.5,16.8,15.6
美浦,20260620,土,6:02,ボニープリンス,,牡,3,400,大竹正博,66.7,48.9,32.0,15.9,17.8,16.9,16.1,15.9
美浦,20260620,土,6:02,ヤジロベエバランス,,牝,3,0,岩戸孝樹,70.4,50.9,32.1,16.3,19.5,18.8,15.8,16.3
美浦,20260620,土,6:02,ヴィクトリーマンボ,,牝,3,0,大竹正博,70.5,51.4,33.7,17.0,19.1,17.7,16.7,17.0
美浦,20260620,土,6:03,クアロアランチ,,牝,3,400,西田雄一,64.8,47.4,31.3,15.2,17.4,16.1,16.1,15.2
美浦,20260620,土,6:03,ゲンパチルーナ,,牝,4,900,西田雄一,66.1,48.7,32.1,15.9,17.4,16.6,16.2,15.9
美浦,20260620,土,6:03,シルバープレミア,,牝,3,0,西田雄一,66.3,48.2,32.0,16.1,18.1,16.2,15.9,16.1
美浦,20260620,土,6:03,ジーククローネ,,セ,6,400,宮田敬介,64.5,47.5,30.8,15.1,17.0,16.7,15.7,15.1
美浦,20260620,土,6:03,ダノンエンブレム,,牡,4,1500,宮田敬介,65.5,47.6,31.1,15.3,17.9,16.5,15.8,15.3
美浦,20260620,土,6:03,トレフォイルノット,,牡,3,0,西田雄一,64.3,46.2,30.7,15.7,18.1,15.5,15.0,15.7
美浦,20260620,土,6:03,フラッシュポイント,,牝,4,400,西田雄一,67.1,48.3,31.8,16.1,18.8,16.5,15.7,16.1
美浦,20260620,土,6:03,ブーケドリス,,牝,3,400,宮田敬介,64.3,47.0,30.7,14.9,17.3,16.3,15.8,14.9
美浦,20260620,土,6:03,ヤマタケボニータ,,牡,3,0,萱野浩二,68.2,50.6,33.9,17.5,17.6,16.7,16.4,17.5
美浦,20260620,土,6:03,リリエンフェルト,,牝,5,240,上原博之,71.0,52.8,35.0,17.6,18.2,17.8,17.4,17.6
美浦,20260620,土,6:03,ルージュアリスタ,,牝,3,0,宮田敬介,67.7,49.0,32.2,15.9,18.7,16.8,16.3,15.9
美浦,20260620,土,6:04,イキフン,,牡,2,未出走,平岩大典,69.2,50.7,33.0,16.5,18.5,17.7,16.5,16.5
美浦,20260620,土,6:04,ウインマイルート,,牡,7,900,鈴木慎太,71.2,51.5,33.6,16.5,19.7,17.9,17.1,16.5
美浦,20260620,土,6:04,ウチュウノセカイ,,牡,3,1000,青木孝文,65.2,47.6,31.3,15.3,17.6,16.3,16.0,15.3
美浦,20260620,土,6:04,エムアイブレイズ,,牡,2,未出走,青木孝文,70.5,52.2,35.0,17.4,18.3,17.2,17.6,17.4
美浦,20260620,土,6:04,ゴールドフリーダム,,セ,3,0,青木孝文,67.3,49.6,32.4,16.0,17.7,17.2,16.4,16.0
美浦,20260620,土,6:04,ノビリシマビジョン,,牝,4,900,青木孝文,64.2,47.2,31.7,15.9,17.0,15.5,15.8,15.9
美浦,20260620,土,6:04,ベイビーキッス,,牝,4,1500,青木孝文,65.1,48.5,32.1,15.9,16.6,16.4,16.2,15.9
美浦,20260620,土,6:04,ホウライブラック,,牝,3,未出走,鈴木慎太,72.8,52.7,34.2,16.8,20.1,18.5,17.4,16.8
美浦,20260620,土,6:04,リネンタイリン,,牡,3,400,平岩大典,69.9,51.2,33.5,16.4,18.7,17.7,17.1,16.4
美浦,20260620,土,6:05,アーバンアート,,牝,2,未出走,加藤和宏,66.1,49.0,32.4,16.6,17.1,16.6,15.8,16.6
美浦,20260620,土,6:05,ウカテンセイ,,牝,2,未出走,佐藤吉勝,69.0,49.1,31.7,15.8,19.9,17.4,15.9,15.8
美浦,20260620,土,6:05,サザンウォリアー,,牡,3,670,加藤和宏,69.7,52.3,34.9,17.7,17.4,17.4,17.2,17.7
美浦,20260620,土,6:05,トゥラッタッタ,,牡,5,0,新開幸一,67.3,50.0,32.7,16.2,17.3,17.3,16.5,16.2
美浦,20260620,土,6:05,フォンドルレール,,牡,3,0,戸田博文,72.3,53.6,35.9,18.2,18.7,17.7,17.7,18.2
美浦,20260620,土,6:05,ブラックトルネード,,牡,4,400,佐藤吉勝,75.5,54.5,35.2,17.8,21.0,19.3,17.4,17.8
美浦,20260620,土,6:05,ベアダイヤモンド,,牡,3,0,松尾卓哉,65.4,47.2,30.3,15.2,18.2,16.9,15.1,15.2
美浦,20260620,土,6:05,マルガリート,,牝,2,未出走,佐藤吉勝,72.3,52.9,35.0,17.7,19.4,17.9,17.3,17.7
美浦,20260620,土,6:05,リマーカブル,,牡,3,0,加藤和宏,66.0,48.9,32.3,16.2,17.1,16.6,16.1,16.2
美浦,20260620,土,6:06,アッパーウォーター,,牝,3,0,千葉直人,63.5,46.5,30.1,14.1,17.0,16.4,16.0,14.1
美浦,20260620,土,6:06,サウンズオーサム,,牝,2,未出走,千葉直人,64.7,47.4,31.4,15.8,17.3,16.0,15.6,15.8
美浦,20260620,土,6:06,シュートザワークス,,牡,2,未出走,千葉直人,72.0,52.4,34.5,17.1,19.6,17.9,17.4,17.1
美浦,20260620,土,6:06,ティンバーライン,,セ,3,0,鈴木慎太,69.0,50.8,33.0,16.5,18.2,17.8,16.5,16.5
美浦,20260620,土,6:06,ベールダウン,,牝,2,未出走,松尾卓哉,70.0,51.5,34.2,17.0,18.5,17.3,17.2,17.0
美浦,20260620,土,6:06,リポジノ,,牝,4,0,中村直也,63.3,46.8,31.1,15.8,16.5,15.7,15.3,15.8
美浦,20260620,土,6:07,ウォーレーションズ,,牡,3,0,鈴木慎太,73.0,51.8,32.9,15.6,21.2,18.9,17.3,15.6
美浦,20260620,土,6:07,ツウカイウォリアー,,牡,3,0,鈴木慎太,73.0,52.1,34.4,17.4,20.9,17.7,17.0,17.4
美浦,20260620,土,6:10,ウィナーズチェック,,牝,2,未出走,和田勇介,67.8,49.7,32.6,15.8,18.1,17.1,16.8,15.8
美浦,20260620,土,6:10,クレオズニードル,,牝,4,900,和田勇介,68.3,50.5,33.8,17.3,17.8,16.7,16.5,17.3
美浦,20260620,土,6:10,レフィノス,,牡,3,0,和田勇介,70.1,51.2,33.4,16.5,18.9,17.8,16.9,16.5
美浦,20260620,土,6:11,ジャスピライト,,牡,2,未出走,小笠倫弘,67.8,50.6,33.5,16.9,17.2,17.1,16.6,16.9
美浦,20260620,土,6:11,スカイリッチ,,牡,3,0,小笠倫弘,67.8,50.2,32.9,16.4,17.6,17.3,16.5,16.4
美浦,20260620,土,6:11,トモジャシャトー,,牡,5,400,小笠倫弘,66.2,49.3,32.9,16.9,16.9,16.4,16.0,16.9
美浦,20260620,土,6:12,ソードマスター,,牡,4,400,小笠倫弘,72.2,52.4,34.5,17.2,19.8,17.9,17.3,17.2
美浦,20260620,土,6:13,アマンヘセル,,牝,3,0,蛯名正義,66.7,49.6,32.9,16.6,17.1,16.7,16.3,16.6
美浦,20260620,土,6:13,オルトパラティウム,,牡,5,900,金成貴史,67.9,49.5,32.4,16.1,18.4,17.1,16.3,16.1
美浦,20260620,土,6:13,カプリースカラー,,牝,3,0,金成貴史,67.9,49.3,31.8,15.7,18.6,17.5,16.1,15.7
美浦,20260620,土,6:13,テキサスバローズ,,牡,3,0,蛯名正義,66.8,49.5,33.0,16.2,17.3,16.5,16.8,16.2
美浦,20260620,土,6:13,メダルボーイ,,牡,2,未出走,蛯名正義,67.5,49.9,32.5,16.1,17.6,17.4,16.4,16.1
美浦,20260620,土,6:14,オンザボー,,牡,2,未出走,田中博康,64.6,47.7,31.7,15.6,16.9,16.0,16.1,15.6
美浦,20260620,土,6:14,バトルボーン,,牡,7,3800,林徹,62.4,46.2,30.4,14.9,16.2,15.8,15.5,14.9
美浦,20260620,土,6:14,レッジェランツァ,,牡,2,未出走,田中博康,62.7,46.0,30.3,15.1,16.7,15.7,15.2,15.1
美浦,20260620,土,6:14,ロードリュイール,,牡,3,0,田中博康,61.6,44.8,29.0,14.4,16.8,15.8,14.6,14.4
美浦,20260620,土,6:14,ヴァルキリーバース,,牝,4,3350,田中博康,61.5,44.9,29.3,14.5,16.6,15.6,14.8,14.5
美浦,20260620,土,6:15,クリムゾンリーフ,,牡,3,0,加藤士津,62.1,46.2,30.5,15.0,15.9,15.7,15.5,15.0
美浦,20260620,土,6:15,ファイタージェット,,牡,3,400,林徹,70.5,52.6,34.3,16.6,17.9,18.3,17.7,16.6
美浦,20260620,土,6:15,マジッククッキー,,牡,3,900,加藤士津,62.6,46.6,30.8,15.0,16.0,15.8,15.8,15.0
美浦,20260620,土,6:15,マタミカンサン,,牝,4,400,加藤士津,62.9,47.4,30.7,15.1,15.5,16.7,15.6,15.1
美浦,20260620,土,6:15,ロックユアライフ,,牝,3,未出走,田中博康,60.9,43.7,27.7,13.8,17.2,16.0,13.9,13.8
美浦,20260620,土,6:16,アンパシオンス,,牝,3,0,田島俊明,69.1,50.2,32.6,16.4,18.9,17.6,16.2,16.4
美浦,20260620,土,6:16,ウインイルネージュ,,牝,4,0,和田正一,66.8,49.2,32.3,16.0,17.6,16.9,16.3,16.0
美浦,20260620,土,6:16,エウテルペ,,牝,4,400,和田正一,65.4,48.0,31.2,15.9,17.4,16.8,15.3,15.9
美浦,20260620,土,6:16,クリスマスパレード,,牝,5,3500,加藤士津,63.3,46.9,30.9,14.9,16.4,16.0,16.0,14.9
美浦,20260620,土,6:16,センターアイランド,,牡,2,未出走,嘉藤貴行,69.4,50.6,33.3,17.1,18.8,17.3,16.2,17.1
美浦,20260620,土,6:16,テルケンユミクイン,,牝,4,400,田島俊明,67.8,49.7,32.1,15.9,18.1,17.6,16.2,15.9
美浦,20260620,土,6:16,ブラックバラード,,セ,5,400,嘉藤貴行,65.7,47.6,30.8,15.4,18.1,16.8,15.4,15.4
美浦,20260620,土,6:16,ホノボノ,,牡,3,400,尾形和幸,64.8,49.0,32.7,16.6,15.8,16.3,16.1,16.6
美浦,20260620,土,6:16,ルージュアベリア,,牝,5,2400,加藤士津,63.1,46.7,30.8,15.2,16.4,15.9,15.6,15.2
美浦,20260620,土,6:17,ウィンターブリーズ,,牡,2,0,田中博康,59.6,44.3,28.9,14.3,15.3,15.4,14.6,14.3
美浦,20260620,土,6:17,キャンディメモリー,,牝,2,未出走,嘉藤貴行,73.5,54.2,35.8,17.8,19.3,18.4,18.0,17.8
美浦,20260620,土,6:17,サスケソルトバーン,,牡,2,未登録,,72.2,53.4,35.9,18.0,18.8,17.5,17.9,18.0
美浦,20260620,土,6:17,ハクタカ,,牡,2,未出走,和田雄二,69.8,52.9,36.0,18.8,16.9,16.9,17.2,18.8
美浦,20260620,土,6:17,パーセルペーパー,,牡,5,400,和田雄二,68.9,51.3,34.0,16.6,17.6,17.3,17.4,16.6
美浦,20260620,土,6:17,マジックファイト,,牡,2,未出走,和田雄二,68.1,51.9,35.3,18.4,16.2,16.6,16.9,18.4
美浦,20260620,土,6:18,アオイノリプー,,牡,2,未出走,尾形和幸,70.5,52.7,34.8,17.1,17.8,17.9,17.7,17.1
美浦,20260620,土,6:18,アークレイリ,,牡,2,未出走,尾形和幸,70.0,51.0,33.3,16.5,19.0,17.7,16.8,16.5
美浦,20260620,土,6:18,ウインマイルート,,牡,7,900,鈴木慎太,67.8,49.8,32.5,15.9,18.0,17.3,16.6,15.9
美浦,20260620,土,6:18,シンショク,,牡,3,0,尾形和幸,70.7,52.7,34.4,17.0,18.0,18.3,17.4,17.0
美浦,20260620,土,6:18,ブルーリボン,,牝,2,未出走,尾形和幸,69.9,51.3,33.3,16.6,18.6,18.0,16.7,16.6
美浦,20260620,土,6:18,ホウライブラック,,牝,3,未出走,鈴木慎太,66.3,48.9,32.6,16.5,17.4,16.3,16.1,16.5
美浦,20260620,土,6:18,ルパヴィヨン,,牝,4,400,小手川準,75.5,55.1,35.9,17.6,20.4,19.2,18.3,17.6
美浦,20260620,土,6:19,ウェイワードアクト,,牡,6,5320,田中博康,63.3,46.0,30.0,14.8,17.3,16.0,15.2,14.8
美浦,20260620,土,6:20,ジーティーストーム,,牡,2,未出走,松山将樹,71.0,52.7,34.6,17.3,18.3,18.1,17.3,17.3
美浦,20260620,土,6:20,ニシノカゲボウシ,,牡,2,未登録,,71.9,52.6,34.7,17.5,19.3,17.9,17.2,17.5
美浦,20260620,土,6:20,ビーストウォーズ,,牡,3,0,松山将樹,67.9,49.3,32.0,15.7,18.6,17.3,16.3,15.7
美浦,20260620,土,6:21,ハスカップジャム,,牝,3,0,中舘英二,68.8,50.0,32.9,16.2,18.8,17.1,16.7,16.2
美浦,20260620,土,6:21,ブレイクフォース,,牡,7,5000,中舘英二,69.3,50.9,33.4,16.3,18.4,17.5,17.1,16.3
美浦,20260620,土,6:21,プリンキパトゥス,,牡,2,未出走,中舘英二,69.5,51.1,33.6,16.7,18.4,17.5,16.9,16.7
美浦,20260620,土,6:21,マグネシアブリック,,セ,4,400,中舘英二,69.5,51.1,33.6,16.6,18.4,17.5,17.0,16.6
美浦,20260620,土,6:21,ワインダークシー,,牡,3,0,中舘英二,69.4,50.8,33.2,16.6,18.6,17.6,16.6,16.6
美浦,20260620,土,6:24,スカット,,牝,3,0,堀内岳志,68.2,49.1,31.4,14.3,19.1,17.7,17.1,14.3
美浦,20260620,土,6:24,ルクスコロン,,牝,4,110,堀内岳志,65.4,47.2,30.5,14.6,18.2,16.7,15.9,14.6
美浦,20260620,土,6:24,ﾊﾟｲｶｼﾞの24,,牡,2,未登録,,65.3,47.2,30.4,14.6,18.1,16.8,15.8,14.6
美浦,20260620,土,6:25,アイファーアイドル,,牡,3,0,蛯名利弘,56.1,40.8,26.1,12.9,15.3,14.7,13.2,12.9
美浦,20260620,土,6:25,カタカムナ,,牝,3,0,蛯名利弘,56.4,41.5,26.7,13.0,14.9,14.8,13.7,13.0
美浦,20260620,土,6:26,コスモコリウス,,牡,2,未出走,栗田徹,71.3,52.4,34.0,16.9,18.9,18.4,17.1,16.9
美浦,20260620,土,6:26,サノノファイター,,牡,2,未出走,栗田徹,71.9,52.6,34.2,17.3,19.3,18.4,16.9,17.3
美浦,20260620,土,6:26,スマイルディシー,,牝,4,400,中川公成,76.3,55.6,36.6,18.6,20.7,19.0,18.0,18.6
美浦,20260620,土,6:26,プルヴィナル,,牝,2,未出走,栗田徹,74.4,54.8,36.1,18.1,19.6,18.7,18.0,18.1
美浦,20260620,土,6:27,グランプラネッタ,,セ,4,0,小島茂之,67.0,48.0,31.2,15.4,19.0,16.8,15.8,15.4
美浦,20260620,土,6:27,ケイアイギルス,,セ,3,0,小島茂之,67.1,48.1,31.6,15.6,19.0,16.5,16.0,15.6
美浦,20260620,土,6:28,カミノテイオー,,牡,3,0,奥平雅士,67.7,48.4,31.3,15.7,19.3,17.1,15.6,15.7
美浦,20260620,土,6:29,カツノテンス,,牡,6,160,伊藤伸一,72.0,53.1,35.1,17.8,18.9,18.0,17.3,17.8
美浦,20260620,土,6:29,トレンドマーチ,,牡,3,0,萱野浩二,78.1,57.1,36.5,17.7,21.0,20.6,18.8,17.7
美浦,20260620,土,6:30,ゴルトレオパルト,,牡,6,250,的場均,71.5,52.5,34.4,17.0,19.0,18.1,17.4,17.0
美浦,20260620,土,6:30,ホノボノ,,牡,3,400,尾形和幸,66.1,49.4,33.6,16.9,16.7,15.8,16.7,16.9
美浦,20260620,土,6:30,ラウターユーベル,,牡,3,0,青木孝文,68.2,50.1,32.5,16.4,18.1,17.6,16.1,16.4
美浦,20260620,土,6:30,ワンダリングスター,,牡,2,未出走,的場均,73.5,54.0,35.3,17.6,19.5,18.7,17.7,17.6
美浦,20260620,土,6:31,ゴールドアローン,,牝,5,1500,青木孝文,65.0,47.7,30.7,15.2,17.3,17.0,15.5,15.2
美浦,20260620,土,6:32,カリスマン,,牡,2,未出走,武井亮,65.2,47.9,31.7,16.0,17.3,16.2,15.7,16.0
美浦,20260620,土,6:32,キョウエイカンセ,,牡,5,900,萱野浩二,69.8,50.4,32.2,15.7,19.4,18.2,16.5,15.7
美浦,20260620,土,6:32,ソラニワラエバ,,牡,2,未出走,武井亮,65.5,49.5,32.9,16.3,16.0,16.6,16.6,16.3
美浦,20260620,土,6:32,パータリプトラ,,セ,3,400,武井亮,64.5,47.7,31.7,16.1,16.8,16.0,15.6,16.1
美浦,20260620,土,6:32,フォンデネージュ,,牝,4,400,武井亮,64.5,47.9,31.8,16.1,16.6,16.1,15.7,16.1
美浦,20260620,土,6:32,ラパンラピッド,,セ,6,400,武井亮,66.6,50.2,33.2,16.2,16.4,17.0,17.0,16.2
美浦,20260620,土,6:32,ラフレードピエル,,牡,3,400,萱野浩二,64.7,46.2,30.5,15.0,18.5,15.7,15.5,15.0
美浦,20260620,土,6:33,アオイノリプー,,牡,2,未出走,尾形和幸,65.7,49.0,32.0,16.0,16.7,17.0,16.0,16.0
美浦,20260620,土,6:33,アークレイリ,,牡,2,未出走,尾形和幸,67.2,49.1,32.1,16.1,18.1,17.0,16.0,16.1
美浦,20260620,土,6:33,グランドフォレスト,,牡,5,190,室井潔,67.9,49.9,32.7,16.1,18.0,17.2,16.6,16.1
美浦,20260620,土,6:33,シンショク,,牡,3,0,尾形和幸,65.5,48.8,31.8,16.0,16.7,17.0,15.8,16.0
美浦,20260620,土,6:33,ブルーリボン,,牝,2,未出走,尾形和幸,67.1,49.2,31.9,15.6,17.9,17.3,16.3,15.6
美浦,20260620,土,6:34,アンティミスト,,牡,3,400,鈴木伸尋,70.6,51.6,33.5,16.8,19.0,18.1,16.7,16.8
美浦,20260620,土,6:34,クライングナウ,,牡,3,0,斎藤誠,67.7,50.4,33.7,16.7,17.3,16.7,17.0,16.7
美浦,20260620,土,6:34,ゴットランド,,牡,4,400,斎藤誠,64.6,47.4,31.4,16.0,17.2,16.0,15.4,16.0
美浦,20260620,土,6:34,サリードゥ,,牝,2,未出走,鈴木伸尋,68.6,50.1,32.9,16.0,18.5,17.2,16.9,16.0
美浦,20260620,土,6:34,ニシノマルガリート,,牡,3,0,鈴木伸尋,70.0,51.6,33.6,16.6,18.4,18.0,17.0,16.6
美浦,20260620,土,6:34,ローズブーケ,,牝,3,400,鈴木伸尋,68.8,50.2,32.7,16.2,18.6,17.5,16.5,16.2
美浦,20260620,土,6:34,ｳﾗﾇｽﾁｬｰﾑの24,,牝,2,未登録,,73.3,54.0,35.4,17.9,19.3,18.6,17.5,17.9
美浦,20260620,土,6:35,ウインルピナス,,牝,6,900,鈴木伸尋,69.4,49.1,31.4,15.1,20.3,17.7,16.3,15.1
美浦,20260620,土,6:37,スクイーズアウト,,牡,3,0,黒岩陽一,65.1,47.6,30.7,15.0,17.5,16.9,15.7,15.0
美浦,20260620,土,6:37,ブザービーター,,牡,3,0,黒岩陽一,67.4,49.3,32.5,16.1,18.1,16.8,16.4,16.1
美浦,20260620,土,6:37,ルストラーレ,,牡,3,未登録,,65.1,47.6,30.8,15.1,17.5,16.8,15.7,15.1
美浦,20260620,土,6:38,アルニラム,,セ,5,400,伊藤大士,63.8,47.7,31.1,15.7,16.1,16.6,15.4,15.7
美浦,20260620,土,6:38,ゴールデンステップ,,牝,5,400,和田勇介,66.8,49.0,32.2,16.4,17.8,16.8,15.8,16.4
美浦,20260620,土,6:38,マイトリックスター,,牝,3,0,和田勇介,68.4,51.2,34.2,17.6,17.2,17.0,16.6,17.6
美浦,20260620,土,6:38,マスターボリューム,,牝,2,未出走,畠山吉宏,67.0,49.0,32.3,16.1,18.0,16.7,16.2,16.1
美浦,20260620,土,6:38,マニス,,牝,4,400,畠山吉宏,65.7,48.4,32.0,16.1,17.3,16.4,15.9,16.1
美浦,20260620,土,6:38,ミッドナイトドア,,牝,2,未出走,伊藤大士,63.3,46.7,31.4,15.8,16.6,15.3,15.6,15.8
美浦,20260620,土,6:38,メジャーシンガー,,牡,2,未出走,伊藤大士,63.3,47.5,31.3,15.5,15.8,16.2,15.8,15.5
美浦,20260620,土,6:39,オレイア,,牝,4,450,加藤和宏,68.1,49.6,32.5,15.5,18.5,17.1,17.0,15.5
美浦,20260620,土,6:39,キングクレオール,,牡,5,400,和田雄二,66.8,48.8,32.0,16.5,18.0,16.8,15.5,16.5
美浦,20260620,土,6:39,ゲームチェンジャー,,牡,2,未登録,,65.9,48.6,32.2,16.0,17.3,16.4,16.2,16.0
美浦,20260620,土,6:39,ココニーナ,,牝,3,0,加藤和宏,67.0,49.9,33.8,16.0,17.1,16.1,17.8,16.0
美浦,20260620,土,6:39,サトノドルチェ,,セ,7,470,蛯名利弘,66.3,49.0,32.5,16.1,17.3,16.5,16.4,16.1
美浦,20260620,土,6:40,カイトヴィント,,牡,4,400,和田雄二,64.4,47.6,31.4,15.7,16.8,16.2,15.7,15.7
美浦,20260620,土,6:40,カシノカゲマル,,セ,2,未出走,蛯名利弘,69.1,52.3,35.5,18.2,16.8,16.8,17.3,18.2
美浦,20260620,土,6:40,ハルマン,,牝,2,未登録,,69.3,51.3,33.8,16.9,18.0,17.5,16.9,16.9
美浦,20260620,土,6:40,ボールドサンダー,,牡,2,未出走,蛯名利弘,69.7,51.6,34.0,17.2,18.1,17.6,16.8,17.2
美浦,20260620,土,6:41,アルアンダルス,,牝,2,未出走,小野次郎,69.3,50.8,33.3,16.9,18.5,17.5,16.4,16.9
美浦,20260620,土,6:41,ウキヨノサンシロウ,,牡,3,未出走,小野次郎,66.9,49.3,32.8,16.4,17.6,16.5,16.4,16.4
美浦,20260620,土,6:41,サトノアンナ,,牝,3,0,大竹正博,69.6,51.8,34.6,17.2,17.8,17.2,17.4,17.2
美浦,20260620,土,6:41,デルマシラカミ,,牝,3,未出走,小野次郎,69.1,50.6,33.0,16.5,18.5,17.6,16.5,16.5
美浦,20260620,土,6:41,ポッドロルフ,,牡,4,400,小野次郎,67.3,50.7,33.9,17.1,16.6,16.8,16.8,17.1
美浦,20260620,土,6:42,ナディア,,牝,3,0,菊川正達,67.1,48.8,32.0,15.4,18.3,16.8,16.6,15.4
美浦,20260620,土,6:42,パルセノスミハ,,牝,2,未登録,,68.9,50.0,32.9,16.5,18.9,17.1,16.4,16.5
美浦,20260620,土,6:42,ペイシャラム,,牝,3,未出走,菊川正達,68.1,49.4,32.4,16.1,18.7,17.0,16.3,16.1
美浦,20260620,土,6:43,ケレドフェスティヴ,,牝,2,未登録,,68.0,50.4,33.2,16.7,17.6,17.2,16.5,16.7
美浦,20260620,土,6:43,ソヴリンゲート,,牡,2,未登録,,69.9,51.1,33.8,17.1,18.8,17.3,16.7,17.1
美浦,20260620,土,6:43,ムーチョピカンテ,,牡,2,未出走,奥平雅士,68.6,50.8,33.2,16.7,17.8,17.6,16.5,16.7
美浦,20260620,土,6:43,ヴィーデ,,セ,4,400,戸田博文,71.3,52.0,34.5,16.8,19.3,17.5,17.7,16.8
美浦,20260620,土,6:43,ｼﾞｮﾃﾞｨｰの24,,牡,2,未登録,,73.3,54.0,35.8,18.1,19.3,18.2,17.7,18.1
美浦,20260620,土,6:44,アイアムキレマスネ,,牡,2,未出走,奥平雅士,75.9,55.9,36.7,17.9,20.0,19.2,18.8,17.9
美浦,20260620,土,6:44,キタノタイキ,,牡,3,0,奥平雅士,82.4,59.9,39.0,19.2,22.5,20.9,19.8,19.2
美浦,20260620,土,6:44,シェリアドレ,,牝,3,0,奥村武,69.0,50.7,34.0,17.2,18.3,16.7,16.8,17.2
美浦,20260620,土,6:44,ジンクピリチオン,,牡,2,未出走,奥平雅士,76.4,55.9,36.5,18.2,20.5,19.4,18.3,18.2
美浦,20260620,土,6:44,ハッピーカーン,,牡,3,0,松永康利,66.0,47.9,31.5,16.5,18.1,16.4,15.0,16.5
美浦,20260620,土,6:44,フロンテアムーン,,牝,3,0,奥村武,71.1,51.5,34.2,17.4,19.6,17.3,16.8,17.4
美浦,20260620,土,6:44,ホウオウシンデレラ,,牝,5,900,奥村武,68.4,49.6,32.3,16.3,18.8,17.3,16.0,16.3
美浦,20260620,土,6:44,ラーシャローム,,牡,4,900,奥村武,68.8,50.9,34.0,17.3,17.9,16.9,16.7,17.3
美浦,20260620,土,6:44,ルヴァンアレー,,牡,2,未登録,,68.8,50.7,34.0,16.9,18.1,16.7,17.1,16.9
美浦,20260620,土,6:45,キロノヴァ,,牡,4,0,大竹正博,65.3,48.2,31.6,15.2,17.1,16.6,16.4,15.2
美浦,20260620,土,6:45,ドゥマーヴェリック,,牡,4,900,大竹正博,65.3,48.3,31.8,15.7,17.0,16.5,16.1,15.7
美浦,20260620,土,6:45,ドーンコーラス,,牝,5,780,大竹正博,67.0,48.4,31.9,16.5,18.6,16.5,15.4,16.5
美浦,20260620,土,6:45,プリンセスロッティ,,牝,2,未出走,伊藤圭三,66.2,48.9,32.0,15.4,17.3,16.9,16.6,15.4
美浦,20260620,土,6:45,モスクロッサー,,セ,5,400,大竹正博,64.9,46.9,30.8,15.5,18.0,16.1,15.3,15.5
美浦,20260620,土,6:45,ラショナルポイント,,牝,3,0,大竹正博,66.5,48.5,31.7,16.1,18.0,16.8,15.6,16.1
美浦,20260620,土,6:45,ラヴァブルロマン,,牝,2,未出走,伊藤圭三,66.9,47.9,30.8,15.2,19.0,17.1,15.6,15.2
美浦,20260620,土,6:46,ゴルトレオパルト,,牡,6,250,的場均,69.0,51.3,33.8,17.1,17.7,17.5,16.7,17.1
美浦,20260620,土,6:46,ワンダリングスター,,牡,2,未出走,的場均,69.1,50.7,33.4,16.7,18.4,17.3,16.7,16.7
美浦,20260620,土,6:46,ﾊｰﾚﾑﾗｲﾝの24,,牝,2,未登録,,71.1,51.4,33.5,16.9,19.7,17.9,16.6,16.9
美浦,20260620,土,6:47,アリアーネ,,牝,3,0,鈴木慎太,66.1,47.4,31.1,15.2,18.7,16.3,15.9,15.2
美浦,20260620,土,6:47,ファイアリービート,,牡,3,0,鈴木慎太,70.7,51.3,33.2,16.3,19.4,18.1,16.9,16.3
美浦,20260620,土,6:47,ブルーブロディ,,牡,3,0,伊坂重信,65.6,47.6,30.4,15.1,18.0,17.2,15.3,15.1
美浦,20260620,土,6:47,マーゴットパラディ,,牡,2,未出走,伊坂重信,64.9,46.5,29.7,14.7,18.4,16.8,15.0,14.7
美浦,20260620,土,6:48,エマーソンズ,,牡,2,未登録,,71.7,53.4,35.8,18.7,18.3,17.6,17.1,18.7
美浦,20260620,土,6:48,グラスクラージュ,,牡,2,未出走,牧光二,64.5,47.2,30.7,15.4,17.3,16.5,15.3,15.4
美浦,20260620,土,6:48,テスタ,,牡,2,未出走,金成貴史,69.7,52.3,35.2,17.7,17.4,17.1,17.5,17.7
美浦,20260620,土,6:48,フレンデル,,牡,2,未出走,金成貴史,70.7,52.0,34.3,17.4,18.7,17.7,16.9,17.4
美浦,20260620,土,6:48,マイネルラビリンス,,牡,2,未出走,金成貴史,71.2,53.8,36.0,17.9,17.4,17.8,18.1,17.9
美浦,20260620,土,6:48,モンサンアミュザン,,牝,2,未出走,牧光二,66.0,49.0,32.2,16.3,17.0,16.8,15.9,16.3
美浦,20260620,土,6:48,ワンコール,,牝,2,未出走,牧光二,65.2,48.1,31.5,15.7,17.1,16.6,15.8,15.7
美浦,20260620,土,6:49,アシタバスピリッツ,,牝,3,未出走,西田雄一,65.9,48.7,32.2,16.2,17.2,16.5,16.0,16.2
美浦,20260620,土,6:49,イヴナンバーフォー,,牝,2,未出走,武市康男,74.6,55.0,35.7,18.1,19.6,19.3,17.6,18.1
美浦,20260620,土,6:49,ドリームユー,,牝,2,未登録,,65.9,48.8,32.4,16.2,17.1,16.4,16.2,16.2
美浦,20260620,土,6:49,ローンウルフ,,牡,5,0,武市康男,66.3,48.0,31.3,15.5,18.3,16.7,15.8,15.5
美浦,20260620,土,6:51,ウッケン,,牝,3,0,松山将樹,69.9,51.6,34.2,17.3,18.3,17.4,16.9,17.3
美浦,20260620,土,6:51,カゴシマ,,セ,2,未出走,松山将樹,68.1,51.0,33.3,16.7,17.1,17.7,16.6,16.7
美浦,20260620,土,6:51,デルマザオウ,,牝,3,0,松山将樹,66.1,48.7,31.7,15.9,17.4,17.0,15.8,15.9
美浦,20260620,土,6:51,ラストシャリナ,,牡,4,1500,矢嶋大樹,63.6,45.2,29.5,14.9,18.4,15.7,14.6,14.9
美浦,20260620,土,6:51,ﾅﾝﾖｰｲﾝﾃﾞｨｺﾞの24,,牡,2,未登録,,71.6,52.4,34.6,17.2,19.2,17.8,17.4,17.2
美浦,20260620,土,6:52,エスシーレイジュ,,牝,3,400,松山将樹,75.1,54.6,35.2,17.7,20.5,19.4,17.5,17.7
美浦,20260620,土,6:52,ショーマンフリート,,牡,5,1500,手塚貴久,68.7,51.0,33.8,16.8,17.7,17.2,17.0,16.8
美浦,20260620,土,6:52,バトルモクオ,,牡,3,0,戸田博文,69.0,50.7,33.4,17.1,18.3,17.3,16.3,17.1
美浦,20260620,土,6:53,オーケーマヒナ,,牝,4,900,相沢郁,66.3,48.4,31.3,15.9,17.9,17.1,15.4,15.9
美浦,20260620,土,6:53,コスモアチーブ,,牡,4,400,相沢郁,69.8,51.1,33.4,16.5,18.7,17.7,16.9,16.5
美浦,20260620,土,6:53,コスモモノポリー,,牝,2,未出走,相沢郁,67.1,49.9,32.7,16.7,17.2,17.2,16.0,16.7
美浦,20260620,土,6:53,セイカタカキヤチク,,牡,2,未出走,相沢郁,66.5,48.5,31.4,15.7,18.0,17.1,15.7,15.7
美浦,20260620,土,6:53,マイネルヴェーゼン,,牡,3,0,相沢郁,65.3,48.2,31.6,15.7,17.1,16.6,15.9,15.7
美浦,20260620,土,6:53,リアンベーレ,,セ,4,900,手塚貴久,70.1,51.6,33.8,16.7,18.5,17.8,17.1,16.7
美浦,20260620,土,6:53,ロードトライデント,,牡,3,400,千葉直人,64.5,47.4,30.9,14.8,17.1,16.5,16.1,14.8
美浦,20260620,土,6:54,カミカクシ,,牝,3,0,竹内正洋,64.6,47.0,30.9,15.3,17.6,16.1,15.6,15.3
美浦,20260620,土,6:54,ナツミカンチャン,,牝,3,未出走,千葉直人,67.5,48.9,31.1,14.9,18.6,17.8,16.2,14.9
美浦,20260620,土,6:54,モンドデラモーレ,,牡,4,1200,千葉直人,72.1,51.2,33.1,16.2,20.9,18.1,16.9,16.2
美浦,20260620,土,6:54,ユイノマチブセ,,牡,6,900,竹内正洋,62.3,46.8,31.0,15.5,15.5,15.8,15.5,15.5
美浦,20260620,土,6:55,アスコットヴェール,,牝,3,400,竹内正洋,68.7,50.2,33.0,16.4,18.5,17.2,16.6,16.4
美浦,20260620,土,6:55,アルプスオジョー,,牝,5,400,手塚貴徳,69.5,51.0,33.6,16.6,18.5,17.4,17.0,16.6
美浦,20260620,土,6:55,エランヴィータ,,牡,2,未出走,柄崎将寿,68.1,49.7,32.6,16.0,18.4,17.1,16.6,16.0
美浦,20260620,土,6:55,ゴールデンパルス,,牡,2,未登録,,69.6,50.2,32.9,16.1,19.4,17.3,16.8,16.1
美浦,20260620,土,6:55,セイウンサイフィー,,牡,2,未登録,,67.2,49.8,33.5,17.1,17.4,16.3,16.4,17.1
美浦,20260620,土,6:55,ピクニックマーチ,,牝,2,未出走,竹内正洋,68.1,49.0,31.7,16.0,19.1,17.3,15.7,16.0
美浦,20260620,土,6:55,ブルーダイヤシチー,,牡,3,未出走,上原博之,67.8,50.7,33.8,16.6,17.1,16.9,17.2,16.6
美浦,20260620,土,6:55,ヘルヴィッツ,,牡,3,0,柄崎将寿,68.8,49.5,32.5,15.9,19.3,17.0,16.6,15.9
美浦,20260620,土,6:55,ライジンマル,,セ,5,900,竹内正洋,68.6,51.5,35.1,17.2,17.1,16.4,17.9,17.2
美浦,20260620,土,6:55,ランドスター,,牡,3,400,柄崎将寿,65.7,48.6,31.9,15.3,17.1,16.7,16.6,15.3
美浦,20260620,土,6:56,アイファーシャドー,,牡,4,320,蛯名利弘,64.8,47.9,31.4,15.6,16.9,16.5,15.8,15.6
美浦,20260620,土,6:56,ゲキザル,,牡,7,1500,青木孝文,65.0,48.4,32.2,16.2,16.6,16.2,16.0,16.2
美浦,20260620,土,6:56,セイントクーヤ,,牡,3,0,黒岩陽一,66.1,48.3,31.1,15.5,17.8,17.2,15.6,15.5
美浦,20260620,土,6:56,ランパディアス,,牡,2,未登録,,68.9,50.7,33.3,16.9,18.2,17.4,16.4,16.9
美浦,20260620,土,6:56,ルージュスエルテ,,牝,5,900,手塚貴徳,73.6,53.6,34.7,17.5,20.0,18.9,17.2,17.5
美浦,20260620,土,6:57,デンプシー,,牡,3,400,上原佑紀,63.7,46.6,30.9,15.0,17.1,15.7,15.9,15.0
美浦,20260620,土,6:57,ドナルンバ,,牝,3,400,上原佑紀,63.4,46.6,30.5,15.1,16.8,16.1,15.4,15.1
美浦,20260620,土,6:57,ノクターン,,牝,4,900,木村哲也,73.7,53.9,35.5,17.2,19.8,18.4,18.3,17.2
美浦,20260620,土,6:57,レッドキングリー,,牡,4,1500,木村哲也,77.3,57.0,37.3,18.6,20.3,19.7,18.7,18.6
美浦,20260620,土,6:58,アイデアルカット,,牡,2,未出走,手塚貴徳,68.2,50.2,33.1,16.9,18.0,17.1,16.2,16.9
美浦,20260620,土,6:58,ショウナンラリー,,牡,4,900,嘉藤貴行,66.8,48.4,31.4,15.6,18.4,17.0,15.8,15.6
美浦,20260620,土,6:58,ポッドソル,,牡,4,1500,手塚貴徳,64.3,47.7,31.9,16.3,16.6,15.8,15.6,16.3
美浦,20260620,土,6:58,モルトマエストーソ,,牡,5,900,手塚貴徳,64.2,47.7,31.8,16.2,16.5,15.9,15.6,16.2
美浦,20260620,土,6:58,ラインホルト,,牡,2,未出走,手塚貴徳,63.4,46.2,29.9,15.1,17.2,16.3,14.8,15.1
美浦,20260620,土,6:58,ヴァルカンテソーロ,,牡,3,0,嘉藤貴行,72.9,53.3,34.5,17.2,19.6,18.8,17.3,17.2
美浦,20260620,土,7:00,カサビセンス,,牝,4,140,新開幸一,60.5,45.3,30.1,15.3,15.2,15.2,14.8,15.3
美浦,20260620,土,7:00,キタノアヤカ,,牝,3,0,萱野浩二,66.9,49.0,32.2,16.2,17.9,16.8,16.0,16.2
美浦,20260620,土,7:00,クリノゴッホ,,セ,6,400,新開幸一,68.7,50.9,34.1,16.8,17.8,16.8,17.3,16.8
美浦,20260620,土,7:00,サンヴァンガード,,牡,2,未出走,新開幸一,70.1,51.7,34.1,16.7,18.4,17.6,17.4,16.7
美浦,20260620,土,7:00,ルージュボニート,,牝,3,0,高柳瑞樹,69.3,51.3,33.4,16.5,18.0,17.9,16.9,16.5
美浦,20260620,土,7:00,ロジスカヤ,,牝,3,0,新開幸一,68.9,50.8,33.0,16.6,18.1,17.8,16.4,16.6
美浦,20260620,土,7:01,タクティシアン,,牡,2,未出走,森一誠,65.0,48.0,30.8,15.0,17.0,17.2,15.8,15.0
美浦,20260620,土,7:01,ダノンコレクト,,牡,2,未出走,森一誠,64.3,47.3,30.3,14.9,17.0,17.0,15.4,14.9
美浦,20260620,土,7:01,リバージュエル,,牝,3,0,高柳瑞樹,64.8,47.5,31.3,15.8,17.3,16.2,15.5,15.8
美浦,20260620,土,7:03,シュエットアムール,,牝,4,0,加藤和宏,71.8,53.0,34.7,17.2,18.8,18.3,17.5,17.2
美浦,20260620,土,7:26,アイファーティアラ,,牝,2,未出走,的場均,68.2,49.0,32.1,16.1,19.2,16.9,16.0,16.1
美浦,20260620,土,7:26,ショウナンマルチ,,牡,3,0,大竹正博,67.4,49.3,32.2,16.1,18.1,17.1,16.1,16.1
美浦,20260620,土,7:26,スパークルレイ,,牝,3,0,的場均,69.9,51.0,33.1,16.2,18.9,17.9,16.9,16.2
美浦,20260620,土,7:26,セイウンデセオ,,牝,5,900,小手川準,67.6,49.0,32.1,15.7,18.6,16.9,16.4,15.7
美浦,20260620,土,7:26,ツマヤ,,牡,5,150,小野次郎,69.2,50.3,32.8,16.6,18.9,17.5,16.2,16.6
美浦,20260620,土,7:26,ラヴィサンエール,,牝,2,未出走,小手川準,67.9,49.2,32.1,15.6,18.7,17.1,16.5,15.6
美浦,20260620,土,7:26,ルージュフィーリア,,牝,3,未出走,大竹正博,67.9,50.0,32.8,16.5,17.9,17.2,16.3,16.5
美浦,20260620,土,7:26,レッドフリーマン,,牡,3,0,大竹正博,68.1,49.9,32.7,16.4,18.2,17.2,16.3,16.4
美浦,20260620,土,7:27,アートオブブライト,,牡,2,未出走,水野貴広,82.9,61.1,40.8,19.9,21.8,20.3,20.9,19.9
美浦,20260620,土,7:27,カゼノハゴロモ,,牝,3,0,的場均,70.6,52.0,34.5,17.8,18.6,17.5,16.7,17.8
美浦,20260620,土,7:27,コスモラムバック,,牡,3,0,水野貴広,72.5,54.3,36.2,18.0,18.2,18.1,18.2,18.0
美浦,20260620,土,7:27,ストロングボンド,,セ,3,700,菊川正達,66.0,48.8,32.6,16.3,17.2,16.2,16.3,16.3
美浦,20260620,土,7:27,タツナナイロ,,牝,3,0,的場均,71.3,52.7,35.1,17.6,18.6,17.6,17.5,17.6
美浦,20260620,土,7:27,モミスケ,,牡,2,未出走,水野貴広,70.6,52.5,34.7,17.6,18.1,17.8,17.1,17.6
美浦,20260620,土,7:28,アドバンスジェンヌ,,牝,3,0,小手川準,70.9,52.2,34.1,17.5,18.7,18.1,16.6,17.5
美浦,20260620,土,7:28,エイシンウルクンデ,,牡,2,未出走,勢司和浩,70.3,52.3,34.7,17.4,18.0,17.6,17.3,17.4
美浦,20260620,土,7:28,フッカツノジャンボ,,牡,3,0,勢司和浩,72.7,54.2,36.3,18.7,18.5,17.9,17.6,18.7
美浦,20260620,土,7:28,メインテーマ,,牝,3,0,小手川準,68.5,50.0,31.9,15.2,18.5,18.1,16.7,15.2
美浦,20260620,土,7:29,モンドシュピーゲル,,牡,3,0,天間昭一,76.4,56.0,36.3,18.1,20.4,19.7,18.2,18.1
美浦,20260620,土,7:30,エメラルファイン,,牡,3,0,勢司和浩,65.3,48.4,32.0,16.0,16.9,16.4,16.0,16.0
美浦,20260620,土,7:30,ゴールドテソーロ,,牡,2,未出走,高木登,71.1,52.6,34.7,17.0,18.5,17.9,17.7,17.0
美浦,20260620,土,7:30,ゴールドパレード,,牡,3,0,天間昭一,67.1,49.7,33.2,16.8,17.4,16.5,16.4,16.8
美浦,20260620,土,7:30,マイネルモーント,,牡,6,3250,高木登,70.8,51.7,34.3,17.2,19.1,17.4,17.1,17.2
美浦,20260620,土,7:30,ミセスリリー,,牝,4,200,宮田敬介,64.4,47.4,30.9,15.2,17.0,16.5,15.7,15.2
美浦,20260620,土,7:30,モズクルードラゴン,,牡,7,360,天間昭一,70.8,51.9,34.6,16.9,18.9,17.3,17.7,16.9
美浦,20260620,土,7:30,ワイズシリウス,,牡,2,未出走,高木登,70.9,51.8,34.1,17.1,19.1,17.7,17.0,17.1
美浦,20260620,土,7:31,エスコバル,,セ,8,1500,高橋文雅,67.8,49.2,32.2,16.2,18.6,17.0,16.0,16.2
美浦,20260620,土,7:31,エーオーキング,,牡,4,900,久保田貴,67.3,49.6,32.8,16.2,17.7,16.8,16.6,16.2
美浦,20260620,土,7:31,エーオープリマ,,牝,2,未出走,久保田貴,69.0,50.0,32.3,15.6,19.0,17.7,16.7,15.6
美浦,20260620,土,7:31,ストレイトトーカー,,牡,4,2400,岩戸孝樹,56.6,41.4,26.7,12.9,15.2,14.7,13.8,12.9
美浦,20260620,土,7:31,セイリュウ,,牡,2,未出走,高木登,72.1,50.7,32.7,15.9,21.4,18.0,16.8,15.9
美浦,20260620,土,7:31,ソースウィート,,牝,2,未登録,,69.4,50.2,33.0,16.2,19.2,17.2,16.8,16.2
美浦,20260620,土,7:31,リゼクールグレー,,牡,3,0,高橋文雅,68.0,49.6,32.7,16.4,18.4,16.9,16.3,16.4
美浦,20260620,土,7:31,リラベガ,,牝,3,400,岩戸孝樹,56.2,41.0,26.6,13.0,15.2,14.4,13.6,13.0
美浦,20260620,土,7:31,ﾅﾙﾊﾔの24,,牡,2,未登録,,69.0,50.4,33.0,16.6,18.6,17.4,16.4,16.6
美浦,20260620,土,7:32,アクアマーズ,,牡,3,0,浅利英明,67.7,49.5,33.1,16.2,18.2,16.4,16.9,16.2
美浦,20260620,土,7:32,イチザサンダー,,牡,2,未登録,,63.8,46.5,29.7,14.7,17.3,16.8,15.0,14.7
美浦,20260620,土,7:32,オーケーグリット,,牡,3,0,相沢郁,69.7,51.4,33.5,16.7,18.3,17.9,16.8,16.7
美浦,20260620,土,7:32,ヒロイックヴァース,,牡,3,0,浅利英明,69.7,50.9,33.7,16.5,18.8,17.2,17.2,16.5
美浦,20260620,土,7:32,ファルコシニョーラ,,牝,2,未出走,高橋文雅,66.0,48.8,31.8,15.7,17.2,17.0,16.1,15.7
美浦,20260620,土,7:32,ローグアン,,牡,2,未出走,浅利英明,69.7,50.8,33.8,16.6,18.9,17.0,17.2,16.6
美浦,20260620,土,7:33,ガムラスタン,,牡,3,400,斎藤誠,68.7,51.0,34.0,16.9,17.7,17.0,17.1,16.9
美浦,20260620,土,7:33,サトノワーグナー,,牡,3,0,斎藤誠,67.9,50.2,33.4,16.6,17.7,16.8,16.8,16.6
美浦,20260620,土,7:33,シューティングガイ,,牡,3,400,斎藤誠,67.6,50.1,33.1,16.5,17.5,17.0,16.6,16.5
美浦,20260620,土,7:34,ニシノイサリビ,,牡,2,未登録,,68.2,50.3,33.1,16.2,17.9,17.2,16.9,16.2
美浦,20260620,土,7:34,ノドゥス,,牡,2,未出走,斎藤誠,68.3,50.2,33.1,16.2,18.1,17.1,16.9,16.2
美浦,20260620,土,7:34,ブラッククラウズ,,牡,3,未出走,尾関知人,71.6,53.7,35.9,18.3,17.9,17.8,17.6,18.3
美浦,20260620,土,7:34,マイネルオラクル,,牡,3,0,尾関知人,72.0,53.7,36.1,18.6,18.3,17.6,17.5,18.6
美浦,20260620,土,7:34,リアライズグロリア,,牡,2,未出走,斎藤誠,67.8,50.1,33.2,16.5,17.7,16.9,16.7,16.5
美浦,20260620,土,7:34,ロードクラシコ,,牡,3,0,斎藤誠,67.4,49.7,32.9,16.8,17.7,16.8,16.1,16.8
美浦,20260620,土,7:35,ステートオブロック,,牡,4,330,松尾卓哉,63.5,45.8,30.0,14.8,17.7,15.8,15.2,14.8
美浦,20260620,土,7:35,トウシンマジック,,牡,2,未登録,,68.0,49.7,32.3,15.9,18.3,17.4,16.4,15.9
美浦,20260620,土,7:35,ドナビッグベン,,牝,2,未出走,秋本大介,73.0,54.0,36.1,17.9,19.0,17.9,18.2,17.9
美浦,20260620,土,7:35,ビタークレス,,牡,2,未登録,,73.1,52.9,34.5,16.9,20.2,18.4,17.6,16.9
美浦,20260620,土,7:35,レッドアヴァンティ,,牡,7,2400,尾関知人,54.3,39.2,25.9,13.0,15.1,13.3,12.9,13.0
美浦,20260620,土,7:35,レディレックス,,牝,2,未出走,秋本大介,79.2,57.7,37.0,18.1,21.5,20.7,18.9,18.1
美浦,20260620,土,7:36,サファイアテソーロ,,牝,3,900,高木登,70.6,51.8,33.7,17.0,18.8,18.1,16.7,17.0
美浦,20260620,土,7:36,ジャクソン,,牡,6,400,武市康男,69.9,51.9,34.3,17.1,18.0,17.6,17.2,17.1
美浦,20260620,土,7:36,ジュピターテソーロ,,牡,3,0,高木登,70.9,51.9,33.9,17.2,19.0,18.0,16.7,17.2
美浦,20260620,土,7:36,タイセイジェンマ,,セ,3,未出走,松尾卓哉,65.3,47.0,30.7,15.3,18.3,16.3,15.4,15.3
美浦,20260620,土,7:36,ドントゥザムーン,,牡,4,900,高木登,71.3,52.0,33.3,16.8,19.3,18.7,16.5,16.8
美浦,20260620,土,7:36,ネオロマーネ,,牡,2,未登録,,69.8,50.8,32.8,16.5,19.0,18.0,16.3,16.5
美浦,20260620,土,7:36,ｻﾌﾟﾙﾏｲﾝﾄﾞの24,,牡,2,未登録,,69.3,50.2,33.0,16.5,19.1,17.2,16.5,16.5
美浦,20260620,土,7:37,エースオブゴールド,,牡,3,0,堀内岳志,70.0,50.4,31.6,15.1,19.6,18.8,16.5,15.1
美浦,20260620,土,7:37,ニシノタカオ,,牡,2,未登録,,70.2,50.9,32.0,15.1,19.3,18.9,16.9,15.1
美浦,20260620,土,7:37,マンモスホームラン,,牡,3,0,新開幸一,74.4,54.6,36.2,18.6,19.8,18.4,17.6,18.6
美浦,20260620,土,7:37,ヴェスタル,,牝,2,未登録,,70.6,51.6,32.9,15.4,19.0,18.7,17.5,15.4
美浦,20260620,土,7:39,アロヒアリイ,,牡,4,1250,田中博康,62.2,44.7,29.5,14.6,17.5,15.2,14.9,14.6
美浦,20260620,土,7:40,アドバンスアゲイン,,牝,2,未登録,,71.1,53.2,35.5,17.3,17.9,17.7,18.2,17.3
美浦,20260620,土,7:40,アルバニクス,,牝,3,0,田村康仁,70.7,51.9,33.8,17.1,18.8,18.1,16.7,17.1
美浦,20260620,土,7:40,エクセルクラウン,,牡,3,400,菊沢隆徳,68.4,49.9,32.7,16.0,18.5,17.2,16.7,16.0
美浦,20260620,土,7:40,エコロテラ,,牡,2,未出走,菊沢隆徳,66.4,49.1,32.3,15.8,17.3,16.8,16.5,15.8
美浦,20260620,土,7:40,スペーストラベラー,,牡,2,未登録,,74.1,55.1,36.4,18.3,19.0,18.7,18.1,18.3
美浦,20260620,土,7:40,ハッピーロンドン,,牡,6,1500,菊沢隆徳,75.9,55.9,37.2,18.3,20.0,18.7,18.9,18.3
美浦,20260620,土,7:40,パーフェクトスノー,,牝,3,0,田村康仁,65.4,48.0,31.2,15.1,17.4,16.8,16.1,15.1
美浦,20260620,土,7:41,エンジャムメント,,牝,2,未出走,田村康仁,71.8,53.2,35.2,17.9,18.6,18.0,17.3,17.9
美浦,20260620,土,7:41,ディーズゴールド,,牡,4,900,田村康仁,72.0,53.8,35.7,18.3,18.2,18.1,17.4,18.3
美浦,20260620,土,7:41,トラストユウゼン,,牡,2,未登録,,72.7,53.5,35.2,17.6,19.2,18.3,17.6,17.6
美浦,20260620,土,7:41,ビスクヴィート,,牡,2,未出走,田村康仁,73.4,53.7,35.5,17.7,19.7,18.2,17.8,17.7
美浦,20260620,土,7:41,ミヤカグラ,,牝,3,0,田村康仁,70.6,52.1,34.5,17.3,18.5,17.6,17.2,17.3
美浦,20260620,土,7:42,スパークルレイ,,牝,3,0,的場均,86.5,65.8,43.3,19.1,20.7,22.5,24.2,19.1
美浦,20260620,土,7:42,タツナナイロ,,牝,3,0,的場均,69.3,50.9,33.8,17.3,18.4,17.1,16.5,17.3
美浦,20260620,土,7:42,ホウオウフロイト,,牡,5,740,加藤和宏,99.6,74.9,50.4,25.7,24.7,24.5,24.7,25.7
美浦,20260620,土,7:44,セーヌデローヴ,,牡,3,0,黒岩陽一,66.8,48.0,30.8,15.2,18.8,17.2,15.6,15.2
美浦,20260620,土,7:44,ドーンレイド,,牡,2,未出走,武藤善則,69.1,50.8,33.5,16.6,18.3,17.3,16.9,16.6
美浦,20260620,土,7:44,ハクサンレイホウ,,牡,3,0,武藤善則,67.0,49.3,32.1,16.1,17.7,17.2,16.0,16.1
美浦,20260620,土,7:44,マイネルアルゴー,,牡,3,0,清水英克,68.3,50.8,32.8,16.3,17.5,18.0,16.5,16.3
美浦,20260620,土,7:44,ヴァイオスペース,,牡,3,400,黒岩陽一,64.8,47.8,30.6,15.3,17.0,17.2,15.3,15.3
美浦,20260620,土,7:45,ゴーゴーパンチ,,牡,3,400,天間昭一,67.1,50.0,33.5,16.6,17.1,16.5,16.9,16.6
美浦,20260620,土,7:45,スイートリベンジ,,牡,2,未出走,田中勝春,64.4,48.4,32.5,16.1,16.0,15.9,16.4,16.1
美浦,20260620,土,7:45,ホカミテダメ,,牝,3,0,田中勝春,57.4,42.1,28.0,13.9,15.3,14.1,14.1,13.9
美浦,20260620,土,7:45,モンドシュピーゲル,,牡,3,0,天間昭一,69.0,50.8,33.3,16.5,18.2,17.5,16.8,16.5
美浦,20260620,土,7:45,レオンティウス,,牡,2,0,田中勝春,63.5,47.1,31.3,15.5,16.4,15.8,15.8,15.5
美浦,20260620,土,7:46,イマジェリーナ,,牝,3,未出走,加藤和宏,69.6,50.3,32.7,16.3,19.3,17.6,16.4,16.3
美浦,20260620,土,7:46,オーケーグリット,,牡,3,0,相沢郁,64.8,47.7,31.2,15.3,17.1,16.5,15.9,15.3
美浦,20260620,土,7:46,クモヒトツナイ,,牡,4,400,加藤和宏,69.3,51.0,33.4,16.8,18.3,17.6,16.6,16.8
美浦,20260620,土,7:46,フォルガイル,,牡,5,0,加藤和宏,66.1,48.7,32.5,16.4,17.4,16.2,16.1,16.4
美浦,20260620,土,7:46,ロココ,,牝,3,0,加藤和宏,70.8,50.8,33.0,16.5,20.0,17.8,16.5,16.5
美浦,20260620,土,7:48,ドバイブルース,,牡,5,1500,加藤征弘,70.0,51.7,33.7,16.6,18.3,18.0,17.1,16.6
美浦,20260620,土,7:48,ビッグフラワー,,牡,5,400,加藤征弘,66.0,48.6,31.7,15.6,17.4,16.9,16.1,15.6
美浦,20260620,土,7:48,ブルージェイ,,牡,2,未登録,,71.4,52.2,33.9,16.7,19.2,18.3,17.2,16.7
美浦,20260620,土,7:48,ロジアコース,,牡,2,未出走,加藤征弘,66.1,49.0,32.5,15.8,17.1,16.5,16.7,15.8
美浦,20260620,土,7:49,ウインビギニング,,牡,3,0,上原博之,72.7,54.1,36.4,19.0,18.6,17.7,17.4,19.0
美浦,20260620,土,7:49,カラスアゲハ,,牝,2,未出走,佐藤吉勝,75.5,56.1,37.6,19.3,19.4,18.5,18.3,19.3
美浦,20260620,土,7:49,ブラックナザレ,,牡,2,未出走,佐藤吉勝,72.8,54.7,36.0,18.1,18.1,18.7,17.9,18.1
美浦,20260620,土,7:49,マイネルイグザルト,,牡,4,0,佐藤吉勝,74.4,55.1,36.7,18.4,19.3,18.4,18.3,18.4
美浦,20260620,土,7:50,アジアントレジャー,,牡,3,400,蛯名正義,67.4,49.9,33.0,16.5,17.5,16.9,16.5,16.5
美浦,20260620,土,7:50,アールグレイ,,牝,3,0,蛯名正義,66.2,49.1,31.7,15.8,17.1,17.4,15.9,15.8
美浦,20260620,土,7:50,デルマアポロニア,,牝,4,400,蛯名正義,67.7,50.0,32.8,16.5,17.7,17.2,16.3,16.5
美浦,20260620,土,7:50,ミッキーファイト,,牡,5,19520,田中博康,58.1,42.8,28.0,14.0,15.3,14.8,14.0,14.0
美浦,20260620,土,7:50,ミリオングローリー,,牡,3,0,蛯名正義,66.2,49.1,31.9,15.6,17.1,17.2,16.3,15.6
美浦,20260620,土,7:51,ダノンマスタング,,牡,3,0,田中博康,61.5,44.6,28.7,13.9,16.9,15.9,14.8,13.9
美浦,20260620,土,7:51,マイネルジェロディ,,牡,8,2400,室井潔,63.6,47.7,31.9,16.2,15.9,15.8,15.7,16.2
美浦,20260620,土,7:52,ココラッシー,,牡,3,0,室井潔,68.1,50.2,32.7,16.2,17.9,17.5,16.5,16.2
美浦,20260620,土,7:52,デアプリームス,,牝,3,900,田島俊明,68.1,50.6,33.4,17.5,17.5,17.2,15.9,17.5
美浦,20260620,土,7:52,ビップヴィーナス,,牝,2,未出走,田島俊明,67.9,50.3,33.1,17.2,17.6,17.2,15.9,17.2
美浦,20260620,土,7:52,ピティロディア,,牡,4,0,室井潔,69.6,50.2,32.3,15.9,19.4,17.9,16.4,15.9
美浦,20260620,土,7:52,ブライテストドーン,,セ,6,400,田島俊明,67.8,49.6,31.9,15.5,18.2,17.7,16.4,15.5
美浦,20260620,土,7:52,マリノマーベラス,,牝,3,0,田島俊明,67.4,49.5,32.0,15.6,17.9,17.5,16.4,15.6
美浦,20260620,土,7:52,ラウンドヒル,,牝,3,0,田島俊明,67.3,49.5,33.1,17.1,17.8,16.4,16.0,17.1
美浦,20260620,土,7:53,アロヒアリイ,,牡,4,1250,田中博康,60.0,43.9,28.7,14.0,16.1,15.2,14.7,14.0
美浦,20260620,土,7:53,クロダテ,,牡,2,未出走,田中博康,58.8,42.9,28.1,14.0,15.9,14.8,14.1,14.0
美浦,20260620,土,7:53,サトノビーツ,,牡,4,480,田中博康,58.8,42.9,28.0,14.0,15.9,14.9,14.0,14.0
美浦,20260620,土,7:54,パーフェクトスノー,,牝,3,0,田村康仁,55.0,40.8,27.2,13.0,14.2,13.6,14.2,13.0
美浦,20260620,土,7:55,アイスブレイカー,,牡,5,80,伊藤伸一,68.6,50.7,32.6,16.0,17.9,18.1,16.6,16.0
美浦,20260620,土,7:55,アルバニクス,,牝,3,0,田村康仁,69.9,52.2,33.9,17.3,17.7,18.3,16.6,17.3
美浦,20260620,土,7:55,エンプレスフレーム,,牝,4,900,上原博之,73.6,54.6,36.5,18.6,19.0,18.1,17.9,18.6
美浦,20260620,土,7:55,コスモデュアリズム,,牡,2,未出走,伊藤伸一,71.0,52.9,35.1,17.6,18.1,17.8,17.5,17.6
美浦,20260620,土,7:55,トラストユウゼン,,牡,2,未登録,,71.6,52.6,34.7,17.5,19.0,17.9,17.2,17.5
美浦,20260620,土,7:55,ペイシャオーヴァル,,牡,3,未出走,伊藤伸一,71.5,53.5,35.4,17.7,18.0,18.1,17.7,17.7
美浦,20260620,土,7:55,ミヤカグラ,,牝,3,0,田村康仁,70.1,52.1,34.4,17.1,18.0,17.7,17.3,17.1
美浦,20260620,土,7:56,アルマロクザン,,牝,6,120,伊藤伸一,73.0,54.8,36.1,18.1,18.2,18.7,18.0,18.1
美浦,20260620,土,7:56,エンジャムメント,,牝,2,未出走,田村康仁,72.1,53.6,35.6,18.2,18.5,18.0,17.4,18.2
美浦,20260620,土,7:56,ディーズゴールド,,牡,4,900,田村康仁,72.4,53.8,35.6,17.8,18.6,18.2,17.8,17.8
美浦,20260620,土,7:56,ビスクヴィート,,牡,2,未出走,田村康仁,71.9,53.5,35.7,17.8,18.4,17.8,17.9,17.8
美浦,20260620,土,7:57,オンザライン,,セ,8,1500,大和田成,64.8,48.1,30.6,15.0,16.7,17.5,15.6,15.0
美浦,20260620,土,7:58,ディールメーカー,,牡,3,900,大和田成,63.4,46.1,30.0,14.8,17.3,16.1,15.2,14.8
美浦,20260620,土,7:58,デルマハッコウダ,,牡,2,未出走,天間昭一,67.7,50.3,32.9,16.1,17.4,17.4,16.8,16.1
美浦,20260620,土,7:58,パワポケウォーズ,,牡,3,0,大和田成,65.9,48.0,31.2,15.3,17.9,16.8,15.9,15.3
美浦,20260620,土,7:58,パワポケグッド,,牡,3,0,大和田成,63.1,45.9,29.5,14.7,17.2,16.4,14.8,14.7
美浦,20260620,土,7:58,マーシャルアン,,牡,3,400,大和田成,65.4,48.0,31.4,15.4,17.4,16.6,16.0,15.4
美浦,20260620,土,7:59,コックオーヴァン,,牝,3,400,伊藤伸一,72.7,53.9,34.7,16.6,18.8,19.2,18.1,16.6
美浦,20260620,土,8:00,マイネルアルゴー,,牡,3,0,清水英克,67.9,49.4,32.1,16.0,18.5,17.3,16.1,16.0
美浦,20260620,土,8:01,ウインビギニング,,牡,3,0,上原博之,69.5,51.9,34.5,17.4,17.6,17.4,17.1,17.4
美浦,20260620,土,8:03,ハルカオル,,牝,3,0,千葉直人,67.0,48.5,31.6,15.3,18.5,16.9,16.3,15.3
美浦,20260620,土,8:04,ウインスフェーン,,牝,3,0,畠山吉宏,67.4,49.3,32.0,15.8,18.1,17.3,16.2,15.8
美浦,20260620,土,8:04,キーチジャステン,,牡,3,0,千葉直人,69.9,50.2,32.3,16.4,19.7,17.9,15.9,16.4
美浦,20260620,土,8:04,サザンテイオー,,牡,3,400,畠山吉宏,67.0,48.4,31.1,15.1,18.6,17.3,16.0,15.1
美浦,20260620,土,8:04,ラーナローザ,,牝,4,900,畠山吉宏,65.5,47.8,31.0,15.3,17.7,16.8,15.7,15.3
美浦,20260620,土,8:04,レインボーワールド,,牝,3,0,畠山吉宏,73.2,54.0,35.5,17.5,19.2,18.5,18.0,17.5
美浦,20260620,土,8:04,ｷﾗｽﾃﾗの24,,牝,2,未登録,,73.5,55.3,36.4,18.3,18.2,18.9,18.1,18.3
美浦,20260620,土,8:06,ヒケヤイワフネ,,牡,3,0,高橋文雅,69.4,50.9,33.4,16.5,18.5,17.5,16.9,16.5
美浦,20260620,土,8:06,ミサダメキメル,,牡,3,0,高橋文雅,66.7,47.3,30.4,14.8,19.4,16.9,15.6,14.8
美浦,20260620,土,8:08,フォースミラクル,,牡,4,900,加藤征弘,71.3,52.5,34.5,17.1,18.8,18.0,17.4,17.1
美浦,20260620,土,8:08,フームスムート,,牡,9,1500,水野貴広,71.5,52.6,34.6,17.2,18.9,18.0,17.4,17.2
美浦,20260620,土,8:09,テンプーシャオン,,牡,6,400,和田勇介,65.5,48.5,31.9,15.8,17.0,16.6,16.1,15.8
美浦,20260620,土,8:13,ニシノカルラ,,牡,3,0,和田勇介,66.1,48.8,32.1,16.0,17.3,16.7,16.1,16.0
美浦,20260620,土,8:14,ニューロファイター,,牡,2,0,和田勇介,69.6,51.6,34.1,17.4,18.0,17.5,16.7,17.4
美浦,20260620,土,8:14,ノーブルオリンポス,,セ,4,400,武藤善則,70.6,51.1,33.3,16.7,19.5,17.8,16.6,16.7
美浦,20260620,土,8:14,フォセットジェンヌ,,牝,3,0,和田勇介,67.2,48.6,31.9,15.8,18.6,16.7,16.1,15.8
美浦,20260620,土,8:14,ﾄﾛﾜｾﾞﾄﾜﾙの24,,牡,2,未登録,,69.7,51.2,33.8,16.6,18.5,17.4,17.2,16.6
美浦,20260620,土,8:15,ウインマニフィーク,,牡,3,0,鈴木慎太,66.0,47.8,31.2,15.9,18.2,16.6,15.3,15.9
美浦,20260620,土,8:15,ノシェリー,,牡,2,未出走,鈴木慎太,71.3,53.0,35.2,17.8,18.3,17.8,17.4,17.8
美浦,20260620,土,8:15,モータリゼーション,,牡,3,0,鈴木慎太,64.7,47.9,31.1,15.7,16.8,16.8,15.4,15.7
美浦,20260620,土,8:15,モーブプリエール,,牝,3,0,鈴木慎太,66.7,48.4,31.4,16.0,18.3,17.0,15.4,16.0
美浦,20260620,土,8:17,アルシミスト,,セ,5,400,浅利英明,71.6,52.4,34.0,16.6,19.2,18.4,17.4,16.6
美浦,20260620,土,8:17,エマルタ,,牝,2,未出走,浅利英明,72.0,53.1,34.8,17.1,18.9,18.3,17.7,17.1
美浦,20260620,土,8:18,クロースコンバット,,牡,7,1500,青木孝文,64.8,47.8,31.8,15.9,17.0,16.0,15.9,15.9
美浦,20260620,土,8:18,ジャスフォール,,牡,3,400,上原佑紀,65.6,48.5,31.9,15.5,17.1,16.6,16.4,15.5
美浦,20260620,土,8:18,スルーザゴールド,,牡,3,未出走,青木孝文,65.1,48.1,32.1,16.3,17.0,16.0,15.8,16.3
美浦,20260620,土,8:18,レッドアバンドーネ,,牡,2,未登録,,69.0,50.4,33.2,16.2,18.6,17.2,17.0,16.2
美浦,20260620,土,8:18,ロードベラヴィータ,,牡,2,未登録,,68.4,50.5,33.8,16.9,17.9,16.7,16.9,16.9
美浦,20260620,土,8:18,ヴィンチェローズ,,牡,2,未登録,,64.8,48.0,31.4,15.6,16.8,16.6,15.8,15.6
美浦,20260620,土,8:19,アロハオエ,,牝,3,0,中川公成,64.9,47.7,31.3,15.6,17.2,16.4,15.7,15.6
美浦,20260620,土,8:19,イケイケルノワール,,セ,3,0,松山将樹,68.9,50.6,32.9,16.3,18.3,17.7,16.6,16.3
美浦,20260620,土,8:19,ディアファザー,,牡,2,未出走,中川公成,69.1,50.8,33.4,16.8,18.3,17.4,16.6,16.8
美浦,20260620,土,8:19,ビーズスティンガー,,牝,2,未登録,,72.6,53.9,35.6,18.0,18.7,18.3,17.6,18.0
美浦,20260620,土,8:19,ファウナード,,牡,2,未出走,上原佑紀,63.2,46.7,30.5,14.9,16.5,16.2,15.6,14.9
美浦,20260620,土,8:19,プロミストジーン,,牝,4,3000,上原佑紀,63.3,46.8,30.8,15.0,16.5,16.0,15.8,15.0
美浦,20260620,土,8:19,ミエノストロング,,牡,3,400,上原佑紀,62.9,46.5,30.5,14.8,16.4,16.0,15.7,14.8
美浦,20260620,土,8:19,ユーガッタチャンス,,牡,2,未出走,中川公成,69.8,51.8,34.6,17.4,18.0,17.2,17.2,17.4
美浦,20260620,土,8:19,ルークスイテルム,,牡,2,未出走,中川公成,68.6,50.5,33.1,16.6,18.1,17.4,16.5,16.6
美浦,20260620,土,8:20,グラスブランシュ,,牝,5,900,松山将樹,80.3,59.4,39.5,20.2,20.9,19.9,19.3,20.2
美浦,20260620,土,8:22,ミッドセンチュリー,,牡,4,400,松山将樹,70.2,50.7,32.4,15.9,19.5,18.3,16.5,15.9
美浦,20260620,土,8:47,アイスアイスベイビ,,牡,3,0,岩戸孝樹,54.7,39.5,25.9,13.2,15.2,13.6,12.7,13.2
美浦,20260620,土,8:47,アタリダイキチ,,牡,4,1500,西田雄一,69.7,50.8,33.7,17.1,18.9,17.1,16.6,17.1
美浦,20260620,土,8:47,オウケンハニー,,牝,3,0,岩戸孝樹,54.2,39.2,25.6,13.1,15.0,13.6,12.5,13.1
美浦,20260620,土,8:47,スティールシップ,,牡,3,未出走,大竹正博,68.2,49.8,32.7,16.3,18.4,17.1,16.4,16.3
美浦,20260620,土,8:47,ダノングローバル,,牡,2,未出走,大竹正博,68.1,49.6,32.5,15.7,18.5,17.1,16.8,15.7
美浦,20260620,土,8:47,バシレイア,,牝,4,900,西田雄一,69.9,50.9,33.6,16.8,19.0,17.3,16.8,16.8
美浦,20260620,土,8:47,ポポラヴィスタ,,牝,3,0,鈴木慎太,64.9,47.1,30.7,15.4,17.8,16.4,15.3,15.4
美浦,20260620,土,8:47,マイネルシュラハト,,牡,3,0,畠山吉宏,67.1,49.1,31.9,15.7,18.0,17.2,16.2,15.7
美浦,20260620,土,8:47,ミルトハーバー,,牡,3,400,鈴木慎太,66.9,48.7,32.2,16.2,18.2,16.5,16.0,16.2
美浦,20260620,土,8:47,ロックオブソシジ,,牡,5,0,畠山吉宏,68.3,49.5,32.3,16.1,18.8,17.2,16.2,16.1
美浦,20260620,土,8:48,サンブライト,,牝,3,400,鈴木慎太,66.3,48.2,31.2,15.6,18.1,17.0,15.6,15.6
美浦,20260620,土,8:48,ダイヒョウカーク,,牡,3,0,松山将樹,72.4,54.7,36.5,18.4,17.7,18.2,18.1,18.4
美浦,20260620,土,8:48,ダノンヒストリー,,牡,3,400,堀宣行,65.0,48.1,31.4,15.7,16.9,16.7,15.7,15.7
美浦,20260620,土,8:48,ノワドゥココ,,牝,2,未登録,,74.1,53.9,35.6,17.8,20.2,18.3,17.8,17.8
美浦,20260620,土,8:48,ミッキーマドンナ,,牝,4,400,堀宣行,65.3,48.5,32.1,16.2,16.8,16.4,15.9,16.2
美浦,20260620,土,8:48,ラミアメンテ,,牝,4,400,堀宣行,68.6,50.1,32.7,16.3,18.5,17.4,16.4,16.3
美浦,20260620,土,8:50,コスモペンタス,,牝,3,0,西田雄一,68.6,50.4,33.1,16.8,18.2,17.3,16.3,16.8
美浦,20260620,土,8:50,リアルパラダイス,,牡,3,0,西田雄一,70.1,51.6,33.8,17.0,18.5,17.8,16.8,17.0
美浦,20260620,土,8:55,エコロストーム,,牝,3,400,千葉直人,71.1,51.2,32.6,15.8,19.9,18.6,16.8,15.8
美浦,20260620,土,8:56,ケブランリ,,牡,3,900,加藤士津,63.5,46.3,30.6,14.8,17.2,15.7,15.8,14.8
美浦,20260620,土,8:56,ベルトラッキ,,牡,3,0,加藤士津,63.3,46.9,30.8,15.2,16.4,16.1,15.6,15.2
美浦,20260620,土,8:57,アヴァランチ,,牡,3,400,加藤士津,69.5,52.5,34.6,17.1,17.0,17.9,17.5,17.1
美浦,20260620,土,8:59,スターリットフレア,,牝,3,0,田中博康,62.8,45.7,29.5,14.2,17.1,16.2,15.3,14.2
美浦,20260620,土,8:59,レイナエヴィータ,,牝,3,未出走,田中博康,64.3,47.2,30.8,15.2,17.1,16.4,15.6,15.2
美浦,20260620,土,9:00,バセリーナ,,牡,4,900,松山将樹,69.0,49.4,31.6,15.4,19.6,17.8,16.2,15.4
美浦,20260620,土,9:03,アタリダイキチ,,牡,4,1500,西田雄一,69.8,51.5,34.9,17.8,18.3,16.6,17.1,17.8
美浦,20260620,土,9:03,バシレイア,,牝,4,900,西田雄一,69.4,51.4,33.8,16.9,18.0,17.6,16.9,16.9
美浦,20260620,土,9:06,イトシサ,,牡,3,0,田中博康,58.2,42.8,27.6,13.6,15.4,15.2,14.0,13.6
美浦,20260620,土,9:07,シアルナーレ,,牡,2,0,田中博康,64.9,47.1,30.9,15.2,17.8,16.2,15.7,15.2
美浦,20260620,土,9:08,クールランナー,,牝,2,未登録,,67.6,48.4,31.7,16.1,19.2,16.7,15.6,16.1
美浦,20260620,土,9:08,ジェイエルライナー,,牝,4,80,青木孝文,66.9,49.2,32.1,16.2,17.7,17.1,15.9,16.2
美浦,20260620,土,9:08,マルプリ,,牝,6,900,青木孝文,67.1,48.3,31.6,16.0,18.8,16.7,15.6,16.0
