栗東,20260725,土,4:00,ジョードリウム,,牡,4,400,清水久詞,53.6,38.9,25.3,12.7,14.7,13.6,12.6,12.7
栗東,20260725,土,4:00,テーオーカイザー,,牡,3,400,高柳大輔,50.4,36.9,24.6,12.4,13.5,12.3,12.2,12.4
栗東,20260725,土,4:00,トミーバローズ,,牡,3,900,清水久詞,52.1,37.2,24.4,12.3,14.9,12.8,12.1,12.3
栗東,20260725,土,4:00,リフラ,,牡,3,0,西村真幸,64.1,46.6,30.6,15.1,17.5,16.0,15.5,15.1
栗東,20260725,土,4:01,アステルディーヴァ,,牝,3,0,西村真幸,66.2,47.7,30.9,14.6,18.5,16.8,16.3,14.6
栗東,20260725,土,4:01,アメリカンステージ,,牡,4,2010,矢作芳人,65.0,47.2,31.1,15.1,17.8,16.1,16.0,15.1
栗東,20260725,土,4:01,エングルマン,,牡,3,0,西村真幸,65.8,47.5,31.0,15.6,18.3,16.5,15.4,15.6
栗東,20260725,土,4:01,ガランテリア,,牡,2,未登録,,67.0,48.6,31.6,15.6,18.4,17.0,16.0,15.6
栗東,20260725,土,4:01,キャリアハイ,,牡,3,0,北出成人,70.8,51.8,33.7,16.3,19.0,18.1,17.4,16.3
栗東,20260725,土,4:01,グランスプリント,,牡,3,0,西村真幸,68.5,49.5,32.3,15.9,19.0,17.2,16.4,15.9
栗東,20260725,土,4:01,シルフズミスチーフ,,牝,4,900,池江泰寿,70.3,50.5,32.9,16.5,19.8,17.6,16.4,16.5
栗東,20260725,土,4:01,タイヴァス,,牡,2,未出走,矢作芳人,67.3,48.8,32.1,16.0,18.5,16.7,16.1,16.0
栗東,20260725,土,4:01,チャンピオンロード,,牡,3,未出走,矢作芳人,64.4,47.8,32.4,16.4,16.6,15.4,16.0,16.4
栗東,20260725,土,4:01,テーオーパスワード,,牡,5,4700,高柳大輔,67.3,48.4,31.7,15.5,18.9,16.7,16.2,15.5
栗東,20260725,土,4:01,ハイウェイワン,,牡,2,未出走,高柳大輔,70.1,51.3,33.0,16.3,18.8,18.3,16.7,16.3
栗東,20260725,土,4:01,ピースビート,,牡,3,0,中村直也,69.1,50.4,33.3,16.4,18.7,17.1,16.9,16.4
栗東,20260725,土,4:01,プロトポロス,,牡,6,2400,西村真幸,66.9,48.4,31.3,15.5,18.5,17.1,15.8,15.5
栗東,20260725,土,4:01,マーゴットデイズ,,牡,3,0,中村直也,66.2,49.7,32.5,15.9,16.5,17.2,16.6,15.9
栗東,20260725,土,4:01,ラッキーバック,,牡,3,400,西村真幸,66.1,47.9,30.9,15.0,18.2,17.0,15.9,15.0
栗東,20260725,土,4:01,リンカーンバローズ,,牡,2,未出走,清水久詞,57.4,42.0,28.1,14.5,15.4,13.9,13.6,14.5
栗東,20260725,土,4:02,アイランド,,牡,3,0,清水久詞,80.2,58.3,38.1,18.4,21.9,20.2,19.7,18.4
栗東,20260725,土,4:02,インディクイーン,,牝,3,0,中村直也,70.9,52.0,34.6,17.1,18.9,17.4,17.5,17.1
栗東,20260725,土,4:02,ウインクローバー,,牝,2,未出走,宮本博,68.8,50.3,33.3,16.6,18.5,17.0,16.7,16.6
栗東,20260725,土,4:02,カフェノワール,,牝,6,400,池江泰寿,70.4,51.0,33.3,16.5,19.4,17.7,16.8,16.5
栗東,20260725,土,4:02,コカボムショット,,牡,3,0,庄野靖志,70.2,51.4,33.5,16.3,18.8,17.9,17.2,16.3
栗東,20260725,土,4:02,ソニックブーム,,牝,3,0,柴田卓,69.4,49.0,31.6,15.0,20.4,17.4,16.6,15.0
栗東,20260725,土,4:02,フィラーエ,,牝,3,400,高橋康之,69.3,50.4,33.2,16.4,18.9,17.2,16.8,16.4
栗東,20260725,土,4:02,フロンティエール,,牡,4,250,柴田卓,66.7,48.0,31.2,15.1,18.7,16.8,16.1,15.1
栗東,20260725,土,4:02,ポペット,,牝,3,400,高橋康之,68.3,49.0,32.2,15.8,19.3,16.8,16.4,15.8
栗東,20260725,土,4:03,ケイアイマウンガ,,牡,4,180,宮本博,71.0,51.4,33.4,16.2,19.6,18.0,17.2,16.2
栗東,20260725,土,4:03,シャープインサイト,,牡,3,400,東田明士,67.0,49.4,32.7,16.4,17.6,16.7,16.3,16.4
栗東,20260725,土,4:03,スパルタンエックス,,牡,3,0,東田明士,69.1,50.2,32.5,16.1,18.9,17.7,16.4,16.1
栗東,20260725,土,4:03,フィオラーノ,,牡,3,400,吉田直弘,72.2,51.8,33.1,16.1,20.4,18.7,17.0,16.1
栗東,20260725,土,4:03,ラピダリア,,牝,5,900,吉田直弘,76.8,55.5,36.0,18.0,21.3,19.5,18.0,18.0
栗東,20260725,土,4:04,エイシンジュウライ,,牡,2,未出走,今野貞一,65.2,48.3,32.1,16.1,16.9,16.2,16.0,16.1
栗東,20260725,土,4:04,スナークシャラク,,牡,3,400,今野貞一,67.6,48.7,31.1,15.3,18.9,17.6,15.8,15.3
栗東,20260725,土,4:04,タイトニット,,牡,6,4290,今野貞一,67.7,48.2,31.2,15.2,19.5,17.0,16.0,15.2
栗東,20260725,土,4:04,ドンインザムード,,牡,4,5350,今野貞一,70.4,51.3,33.9,16.7,19.1,17.4,17.2,16.7
栗東,20260725,土,4:04,ラムラベイ,,牝,2,未出走,東田明士,67.4,47.2,30.5,14.6,20.2,16.7,15.9,14.6
栗東,20260725,土,4:04,ヴィヴァシャス,,牝,4,400,笹田和秀,68.1,49.3,32.2,16.0,18.8,17.1,16.2,16.0
栗東,20260725,土,4:05,アーガイルショア,,牝,3,400,安田翔伍,67.4,48.2,31.4,15.5,19.2,16.8,15.9,15.5
栗東,20260725,土,4:05,ウィテカービート,,牡,4,400,昆貢,69.2,51.3,34.1,16.4,17.9,17.2,17.7,16.4
栗東,20260725,土,4:05,ゴナビーオーライト,,牝,3,0,梅田智之,69.1,49.3,32.7,16.0,19.8,16.6,16.7,16.0
栗東,20260725,土,4:05,シェーネエルデ,,牝,3,0,安田翔伍,67.4,48.4,31.4,16.0,19.0,17.0,15.4,16.0
栗東,20260725,土,4:05,シュクルリー,,牝,3,0,平田修,67.1,48.4,31.6,15.9,18.7,16.8,15.7,15.9
栗東,20260725,土,4:05,ダノンミッドナイト,,牡,3,0,中内田充,61.2,44.9,29.0,14.0,16.3,15.9,15.0,14.0
栗東,20260725,土,4:05,ドリームオブコージ,,牡,2,未出走,安田翔伍,69.8,51.6,34.7,16.9,18.2,16.9,17.8,16.9
栗東,20260725,土,4:05,ペアピーターソン,,牡,3,0,梅田智之,67.0,48.2,31.6,15.6,18.8,16.6,16.0,15.6
栗東,20260725,土,4:05,リカントロポ,,牡,4,900,梅田智之,64.3,46.4,30.4,15.5,17.9,16.0,14.9,15.5
栗東,20260725,土,4:05,リュネヴィル,,牝,3,0,梅田智之,67.7,48.9,31.7,15.6,18.8,17.2,16.1,15.6
栗東,20260725,土,4:06,エアアルチーナ,,牝,3,0,池添学,68.4,49.3,31.7,15.1,19.1,17.6,16.6,15.1
栗東,20260725,土,4:06,ゼットリアン,,牡,6,3600,吉田直弘,70.1,51.2,33.7,17.0,18.9,17.5,16.7,17.0
栗東,20260725,土,4:06,ダノンフェルゼン,,牡,4,400,東田明士,65.7,47.8,31.6,16.2,17.9,16.2,15.4,16.2
栗東,20260725,土,4:06,テンダーワーズ,,牝,3,0,中尾秀正,73.2,54.0,35.1,17.4,19.2,18.9,17.7,17.4
栗東,20260725,土,4:06,フィアレスウィル,,牡,3,0,高橋義忠,75.6,54.3,35.3,17.3,21.3,19.0,18.0,17.3
栗東,20260725,土,4:06,ブルーザー,,牡,3,0,池添学,67.1,50.7,34.0,16.8,16.4,16.7,17.2,16.8
栗東,20260725,土,4:06,ブームバップビート,,牡,3,400,中内田充,66.3,49.2,32.4,16.0,17.1,16.8,16.4,16.0
栗東,20260725,土,4:06,ボクマダネムイヨ,,牡,3,900,東田明士,67.5,48.6,31.7,15.8,18.9,16.9,15.9,15.8
栗東,20260725,土,4:06,マディソンガール,,牝,4,900,中内田充,71.1,51.5,33.2,15.8,19.6,18.3,17.4,15.8
栗東,20260725,土,4:07,キミガスキダ,,牝,3,0,牧田和弥,67.5,50.0,33.7,16.5,17.5,16.3,17.2,16.5
栗東,20260725,土,4:07,ザキノフレンズ,,牡,3,0,東田明士,64.5,47.1,30.9,15.4,17.4,16.2,15.5,15.4
栗東,20260725,土,4:07,ゼンノフォトン,,牡,3,400,茶木太樹,77.2,54.7,34.6,16.8,22.5,20.1,17.8,16.8
栗東,20260725,土,4:07,ダノンモンテローザ,,セ,5,620,茶木太樹,77.2,54.6,34.7,17.0,22.6,19.9,17.7,17.0
栗東,20260725,土,4:07,ディープナイト,,牡,2,未出走,牧田和弥,66.6,49.1,31.4,15.2,17.5,17.7,16.2,15.2
栗東,20260725,土,4:07,メイショウクーガー,,牡,6,900,中内田充,65.1,47.3,31.2,16.1,17.8,16.1,15.1,16.1
栗東,20260725,土,4:07,リッケンバッカー,,牡,8,1150,西村真幸,64.1,46.9,31.0,15.4,17.2,15.9,15.6,15.4
栗東,20260725,土,4:07,ワンダーリュクス,,牡,3,0,牧田和弥,75.3,53.2,33.7,16.2,22.1,19.5,17.5,16.2
栗東,20260725,土,4:07,ヴァニーユ,,牝,2,未出走,高柳大輔,70.1,50.7,32.5,15.8,19.4,18.2,16.7,15.8
栗東,20260725,土,4:08,キタノトレボーネ,,牡,3,0,坂口智康,72.3,52.2,34.8,17.0,20.1,17.4,17.8,17.0
栗東,20260725,土,4:08,クリノゴージャス,,牝,3,0,荒川義之,71.6,52.4,34.1,16.4,19.2,18.3,17.7,16.4
栗東,20260725,土,4:08,ゴールドアーチ,,牡,3,0,坂口智康,67.8,48.6,32.3,16.0,19.2,16.3,16.3,16.0
栗東,20260725,土,4:08,シーサイドステップ,,牝,2,未出走,荒川義之,70.7,51.0,32.9,16.5,19.7,18.1,16.4,16.5
栗東,20260725,土,4:08,ダイユウエゾフジ,,牡,2,未登録,,71.1,52.2,34.5,17.2,18.9,17.7,17.3,17.2
栗東,20260725,土,4:08,ナムラサフラン,,牝,2,未出走,荒川義之,67.6,49.2,32.4,16.4,18.4,16.8,16.0,16.4
栗東,20260725,土,4:08,ナリタヒカリ,,牝,4,900,荒川義之,68.6,49.5,32.7,16.6,19.1,16.8,16.1,16.6
栗東,20260725,土,4:08,ベイニーニャ,,牝,3,0,茶木太樹,65.9,47.9,31.5,16.0,18.0,16.4,15.5,16.0
栗東,20260725,土,4:08,ベルメグスタ,,牝,2,未出走,森田直行,69.4,50.6,33.4,17.0,18.8,17.2,16.4,17.0
栗東,20260725,土,4:08,メイショウゴッホ,,牡,3,0,飯田祐史,71.7,51.5,33.3,16.1,20.2,18.2,17.2,16.1
栗東,20260725,土,4:08,メイショウセイクウ,,牡,2,未出走,荒川義之,67.7,49.7,33.6,17.2,18.0,16.1,16.4,17.2
栗東,20260725,土,4:08,ヤマニンコルザ,,牝,3,0,長谷川浩,57.8,40.7,26.0,12.5,17.1,14.7,13.5,12.5
栗東,20260725,土,4:08,リアララ,,牝,3,0,中内田充,73.0,52.5,36.2,17.6,20.5,16.3,18.6,17.6
栗東,20260725,土,4:09,アスタウイン,,牝,3,0,小椋研介,68.7,49.5,32.0,15.9,19.2,17.5,16.1,15.9
栗東,20260725,土,4:09,カラクニダケ,,牡,3,400,谷潔,68.9,50.8,33.8,17.0,18.1,17.0,16.8,17.0
栗東,20260725,土,4:09,クリコキアナ,,牝,2,0,谷潔,70.9,51.4,34.1,17.1,19.5,17.3,17.0,17.1
栗東,20260725,土,4:09,シゲルソロソロ,,牝,6,1500,谷潔,68.9,50.9,34.2,17.6,18.0,16.7,16.6,17.6
栗東,20260725,土,4:09,ドリームリボン,,牝,2,未出走,谷潔,69.1,50.1,33.2,16.4,19.0,16.9,16.8,16.4
栗東,20260725,土,4:09,バンブラボー,,牡,3,0,飯田祐史,71.6,52.3,34.3,17.3,19.3,18.0,17.0,17.3
栗東,20260725,土,4:09,ヴェルヴィエ,,牡,2,0,小椋研介,67.6,48.4,32.1,16.4,19.2,16.3,15.7,16.4
栗東,20260725,土,4:10,ウインロズパレード,,牝,3,0,吉田直弘,57.0,40.5,25.8,12.3,16.5,14.7,13.5,12.3
栗東,20260725,土,4:10,エイユーファイヤー,,牡,4,400,森田直行,68.0,49.3,31.9,16.4,18.7,17.4,15.5,16.4
栗東,20260725,土,4:10,ダノンオブアイデア,,牡,3,0,藤原英昭,74.1,53.9,34.8,17.1,20.2,19.1,17.7,17.1
栗東,20260725,土,4:10,ドラゴンウェルズ,,牡,4,5100,藤原英昭,58.0,41.3,27.0,12.6,16.7,14.3,14.4,12.6
栗東,20260725,土,4:11,サンライズオスカー,,牡,3,400,石坂公一,70.5,50.3,32.3,15.8,20.2,18.0,16.5,15.8
栗東,20260725,土,4:11,ドラゴンテイラー,,牡,4,2400,藤原英昭,93.3,67.4,44.6,23.2,25.9,22.8,21.4,23.2
栗東,20260725,土,4:11,パゴスピグイノス,,牝,3,0,森田直行,69.3,50.6,32.9,16.6,18.7,17.7,16.3,16.6
栗東,20260725,土,4:11,ロードシュヴァリエ,,牡,4,400,森田直行,64.6,45.4,29.5,14.8,19.2,15.9,14.7,14.8
栗東,20260725,土,4:12,コンフォルツァ,,牡,4,900,松永幹夫,63.5,46.0,30.1,15.0,17.5,15.9,15.1,15.0
栗東,20260725,土,4:12,ジュエルシップ,,牝,2,未出走,柴田卓,66.6,48.8,32.3,16.3,17.8,16.5,16.0,16.3
栗東,20260725,土,4:12,セイフウサツキ,,牡,4,0,松永幹夫,66.9,48.9,32.3,16.6,18.0,16.6,15.7,16.6
栗東,20260725,土,4:12,ゼットドリーム,,牡,3,0,吉田直弘,55.7,38.9,25.0,12.1,16.8,13.9,12.9,12.1
栗東,20260725,土,4:12,ハリーケーン,,牡,4,1500,大根田裕,69.7,50.5,33.0,16.5,19.2,17.5,16.5,16.5
栗東,20260725,土,4:12,フィオライア,,牝,5,5650,柴田卓,78.6,57.4,37.3,18.4,21.2,20.1,18.9,18.4
栗東,20260725,土,4:12,ブラックドレス,,牝,5,400,谷潔,71.1,52.2,34.6,17.3,18.9,17.6,17.3,17.3
栗東,20260725,土,4:12,マルカスマッシュ,,牡,3,0,浜田多実,72.8,54.1,36.7,18.6,18.7,17.4,18.1,18.6
栗東,20260725,土,4:12,メイショウソウセキ,,牡,4,900,松永幹夫,65.6,47.9,32.0,16.2,17.7,15.9,15.8,16.2
栗東,20260725,土,4:13,アップルペアー,,牝,2,未登録,,65.8,48.5,32.5,16.0,17.3,16.0,16.5,16.0
栗東,20260725,土,4:13,アメリカンイズム,,牡,3,400,池江泰寿,68.2,49.6,32.7,15.5,18.6,16.9,17.2,15.5
栗東,20260725,土,4:13,アンジェリカ,,牝,2,未登録,,71.6,52.7,34.9,16.3,18.9,17.8,18.6,16.3
栗東,20260725,土,4:13,イロアセヌ,,牝,2,未登録,,78.3,56.4,37.6,17.6,21.9,18.8,20.0,17.6
栗東,20260725,土,4:13,クラルテロワ,,牡,2,未登録,,70.5,50.9,33.4,16.8,19.6,17.5,16.6,16.8
栗東,20260725,土,4:13,グランシャン,,牡,3,0,松永幹夫,71.7,52.4,34.7,17.5,19.3,17.7,17.2,17.5
栗東,20260725,土,4:13,トゥーレジット,,牡,2,未出走,池江泰寿,69.2,50.4,32.0,16.0,18.8,18.4,16.0,16.0
栗東,20260725,土,4:13,ホウオウトランプ,,牡,5,940,池江泰寿,64.4,46.1,29.6,14.9,18.3,16.5,14.7,14.9
栗東,20260725,土,4:13,ホウオウワールド,,牡,2,未出走,池江泰寿,69.2,49.8,32.0,15.9,19.4,17.8,16.1,15.9
栗東,20260725,土,4:13,マイバレンタイン,,牡,3,900,池江泰寿,66.2,47.2,30.6,15.0,19.0,16.6,15.6,15.0
栗東,20260725,土,4:13,メイショウリベロ,,牡,2,未登録,,71.0,53.2,35.8,18.3,17.8,17.4,17.5,18.3
栗東,20260725,土,4:13,ヤマトクオーレ,,牡,2,未出走,安達昭夫,70.9,51.5,34.2,17.1,19.4,17.3,17.1,17.1
栗東,20260725,土,4:13,レイズドオンロック,,牡,2,未登録,,73.2,53.4,35.3,17.7,19.8,18.1,17.6,17.7
栗東,20260725,土,4:13,ロールスワン,,牡,3,0,中内田充,71.1,50.5,33.2,16.4,20.6,17.3,16.8,16.4
栗東,20260725,土,4:13,ヴィスコンテッサ,,牝,3,400,松永幹夫,71.2,51.0,33.1,16.4,20.2,17.9,16.7,16.4
栗東,20260725,土,4:14,アルムランプシー,,牝,3,0,北出成人,69.0,48.9,31.4,15.0,20.1,17.5,16.4,15.0
栗東,20260725,土,4:14,カポレイラ,,牝,4,400,北出成人,73.7,53.7,34.9,17.2,20.0,18.8,17.7,17.2
栗東,20260725,土,4:14,コスモストーム,,牡,4,900,北出成人,74.3,53.8,35.4,18.1,20.5,18.4,17.3,18.1
栗東,20260725,土,4:14,サウンドファイト,,牡,2,未出走,安達昭夫,69.0,50.2,32.8,15.7,18.8,17.4,17.1,15.7
栗東,20260725,土,4:14,シャインミラカナ,,牡,4,400,北出成人,72.1,52.1,33.9,16.8,20.0,18.2,17.1,16.8
栗東,20260725,土,4:14,ジューンアヲニヨシ,,牡,6,3800,松下武士,72.8,52.9,34.2,17.0,19.9,18.7,17.2,17.0
栗東,20260725,土,4:14,トウカイツバキ,,牝,3,0,北出成人,69.7,49.8,31.6,15.3,19.9,18.2,16.3,15.3
栗東,20260725,土,4:14,ナッカーフェイス,,牡,7,1500,北出成人,68.1,48.6,31.4,15.5,19.5,17.2,15.9,15.5
栗東,20260725,土,4:14,フィデリス,,牝,3,0,坂口智康,65.3,47.5,31.2,15.7,17.8,16.3,15.5,15.7
栗東,20260725,土,4:14,ポワンキュルミナン,,牡,6,1500,岡田稲男,65.0,48.1,31.6,15.9,16.9,16.5,15.7,15.9
栗東,20260725,土,4:14,メイショウゲッコウ,,牡,3,0,笹田和秀,70.8,49.8,32.6,16.6,21.0,17.2,16.0,16.6
栗東,20260725,土,4:14,ヤマカツチャーリー,,牡,2,未出走,大根田裕,70.3,51.8,34.6,17.4,18.5,17.2,17.2,17.4
栗東,20260725,土,4:15,エムズマインド,,牡,6,1500,荒川義之,71.0,51.6,34.1,17.1,19.4,17.5,17.0,17.1
栗東,20260725,土,4:15,カレンパンピナップ,,牡,6,0,平田修,67.7,49.4,31.4,14.9,18.3,18.0,16.5,14.9
栗東,20260725,土,4:16,ウィップスティッチ,,牝,5,900,庄野靖志,75.5,53.4,34.4,17.3,22.1,19.0,17.1,17.3
栗東,20260725,土,4:16,チュウワヘネシー,,牡,3,0,庄野靖志,68.3,50.1,33.6,16.8,18.2,16.5,16.8,16.8
栗東,20260725,土,4:16,メイショウハネウマ,,牝,3,0,笹田和秀,68.1,49.9,32.5,15.5,18.2,17.4,17.0,15.5
栗東,20260725,土,4:16,リサシテーション,,牡,3,1500,岡田稲男,66.2,49.1,32.0,15.5,17.1,17.1,16.5,15.5
栗東,20260725,土,4:16,リーガルスプレンダ,,牝,3,0,庄野靖志,70.6,52.3,34.9,17.3,18.3,17.4,17.6,17.3
栗東,20260725,土,4:17,ウィスピア,,牡,3,0,小林真也,69.9,51.2,33.6,16.7,18.7,17.6,16.9,16.7
栗東,20260725,土,4:17,ウェイヴムーン,,牡,3,0,石坂公一,65.1,47.6,31.3,15.4,17.5,16.3,15.9,15.4
栗東,20260725,土,4:17,カレンワッツアップ,,牡,5,900,小林真也,70.0,51.2,33.7,17.1,18.8,17.5,16.6,17.1
栗東,20260725,土,4:17,グローブアマランス,,牝,5,400,中尾秀正,74.4,52.4,33.7,16.6,22.0,18.7,17.1,16.6
栗東,20260725,土,4:17,サンマルノヴェル,,牡,4,900,大橋勇樹,74.3,53.0,34.2,17.0,21.3,18.8,17.2,17.0
栗東,20260725,土,4:17,セッシュウ,,牡,3,0,石橋守,73.1,53.2,34.9,17.6,19.9,18.3,17.3,17.6
栗東,20260725,土,4:17,ノヴァレジーナ,,牝,3,0,中尾秀正,64.8,48.0,32.1,16.4,16.8,15.9,15.7,16.4
栗東,20260725,土,4:17,ピエマンソン,,牡,4,1500,平田修,70.3,49.5,32.0,15.6,20.8,17.5,16.4,15.6
栗東,20260725,土,4:17,フィオラーノ,,牡,3,400,吉田直弘,67.9,49.0,31.5,15.8,18.9,17.5,15.7,15.8
栗東,20260725,土,4:17,マーゴットユーカー,,牝,2,未出走,小林真也,69.3,49.9,32.6,16.2,19.4,17.3,16.4,16.2
栗東,20260725,土,4:17,モズタイシソウシ,,牡,3,0,平田修,65.3,47.3,31.3,16.3,18.0,16.0,15.0,16.3
栗東,20260725,土,4:17,ラピダリア,,牝,5,900,吉田直弘,70.5,51.7,32.7,15.6,18.8,19.0,17.1,15.6
栗東,20260725,土,4:18,アイニードユー,,牝,3,900,吉村圭司,67.6,48.7,32.0,16.0,18.9,16.7,16.0,16.0
栗東,20260725,土,4:18,エイシンビーコン,,牡,3,400,吉村圭司,65.7,47.4,30.6,14.8,18.3,16.8,15.8,14.8
栗東,20260725,土,4:18,オーラムミーティア,,牡,2,0,吉村圭司,66.0,47.7,31.1,15.4,18.3,16.6,15.7,15.4
栗東,20260725,土,4:18,カミノトップワン,,牡,3,0,千田輝彦,60.5,44.1,28.5,14.2,16.4,15.6,14.3,14.2
栗東,20260725,土,4:18,キミアドーネ,,牡,2,未出走,吉村圭司,67.0,48.2,31.0,15.3,18.8,17.2,15.7,15.3
栗東,20260725,土,4:18,クロノスバレット,,牡,4,900,吉村圭司,65.6,47.2,30.2,14.4,18.4,17.0,15.8,14.4
栗東,20260725,土,4:18,サイモンレガシー,,牡,2,0,石坂公一,71.4,51.8,34.0,16.7,19.6,17.8,17.3,16.7
栗東,20260725,土,4:18,サトノアイボリー,,牡,3,900,杉山晴紀,68.4,50.7,33.4,16.6,17.7,17.3,16.8,16.6
栗東,20260725,土,4:18,サンライズレマ,,牡,3,0,石坂公一,70.7,51.4,33.4,16.7,19.3,18.0,16.7,16.7
栗東,20260725,土,4:18,シャンデルナゴル,,牡,6,1600,石坂公一,68.1,50.3,32.5,16.2,17.8,17.8,16.3,16.2
栗東,20260725,土,4:18,タガノアンファン,,牡,4,900,石坂公一,69.8,50.5,32.6,16.0,19.3,17.9,16.6,16.0
栗東,20260725,土,4:18,ディーエスシン,,牡,2,0,橋口慎介,70.4,51.2,33.2,16.5,19.2,18.0,16.7,16.5
栗東,20260725,土,4:18,ナムラコスモス,,牝,3,1950,大橋勇樹,71.1,52.1,34.5,17.1,19.0,17.6,17.4,17.1
栗東,20260725,土,4:18,ニシノエビガタメ,,牡,3,0,吉村圭司,66.6,48.0,31.0,15.4,18.6,17.0,15.6,15.4
栗東,20260725,土,4:18,ニューオーリンズ,,牡,4,1500,杉山晴紀,85.8,62.6,41.2,20.4,23.2,21.4,20.8,20.4
栗東,20260725,土,4:18,パイロマンサー,,牡,3,3000,吉村圭司,66.3,47.7,30.7,14.7,18.6,17.0,16.0,14.7
栗東,20260725,土,4:18,ビッグシーザー,,牡,6,8500,杉山晴紀,67.7,48.9,31.7,15.7,18.8,17.2,16.0,15.7
栗東,20260725,土,4:18,ペプチドブッドレア,,牝,3,400,吉村圭司,67.6,49.0,31.9,16.3,18.6,17.1,15.6,16.3
栗東,20260725,土,4:18,ムーンパッセ,,牡,2,未出走,杉山晴紀,70.9,51.1,34.1,16.9,19.8,17.0,17.2,16.9
栗東,20260725,土,4:18,ラブインアクション,,牝,3,400,橋口慎介,66.3,47.2,30.5,15.2,19.1,16.7,15.3,15.2
栗東,20260725,土,4:18,ワイルドチャーム,,牝,3,0,千田輝彦,60.2,44.0,28.4,13.9,16.2,15.6,14.5,13.9
栗東,20260725,土,4:19,エシェックオロワ,,セ,3,400,千田輝彦,68.9,50.2,33.2,16.6,18.7,17.0,16.6,16.6
栗東,20260725,土,4:19,キャナルタウン,,牡,2,未登録,,72.2,51.8,33.7,16.7,20.4,18.1,17.0,16.7
栗東,20260725,土,4:19,サヴォアフェール,,牡,3,900,杉山晴紀,67.4,48.8,31.8,15.1,18.6,17.0,16.7,15.1
栗東,20260725,土,4:19,スニーカースキル,,牝,4,1500,杉山晴紀,70.2,50.4,33.1,16.1,19.8,17.3,17.0,16.1
栗東,20260725,土,4:19,タイセイドラード,,牡,4,400,杉山晴紀,68.0,49.0,31.3,15.8,19.0,17.7,15.5,15.8
栗東,20260725,土,4:19,ビンチャリ,,牝,2,未登録,,73.2,53.3,34.9,16.1,19.9,18.4,18.8,16.1
栗東,20260725,土,4:19,ビービーシナジー,,牡,3,0,千田輝彦,59.2,42.5,27.9,13.9,16.7,14.6,14.0,13.9
栗東,20260725,土,4:19,ピカキウイ,,牝,3,400,杉山晴紀,69.6,50.4,33.2,16.8,19.2,17.2,16.4,16.8
栗東,20260725,土,4:19,メルカントゥール,,牡,3,1650,杉山晴紀,70.8,51.0,33.2,16.6,19.8,17.8,16.6,16.6
栗東,20260725,土,4:19,ヤマニンエルファバ,,牝,3,0,千田輝彦,74.2,53.9,35.3,17.6,20.3,18.6,17.7,17.6
栗東,20260725,土,4:19,リアライズガイザー,,牡,3,0,杉山晴紀,71.3,51.5,33.5,16.9,19.8,18.0,16.6,16.9
栗東,20260725,土,4:19,リアライズブラーヴ,,牡,3,400,杉山晴紀,68.1,49.5,32.5,15.8,18.6,17.0,16.7,15.8
栗東,20260725,土,4:19,リン,,牡,3,0,四位洋文,71.5,51.7,34.6,17.4,19.8,17.1,17.2,17.4
栗東,20260725,土,4:20,サマーアゲイン,,牡,5,900,渡辺薫彦,73.0,53.0,34.1,16.9,20.0,18.9,17.2,16.9
栗東,20260725,土,4:20,ゼンノフォトン,,牡,3,400,茶木太樹,65.5,46.2,29.7,14.9,19.3,16.5,14.8,14.9
栗東,20260725,土,4:20,ダノンモンテローザ,,セ,5,620,茶木太樹,64.1,45.3,29.2,14.3,18.8,16.1,14.9,14.3
栗東,20260725,土,4:21,エンヤラヴフェイス,,牡,5,1150,森田直行,74.2,54.0,36.1,18.2,20.2,17.9,17.9,18.2
栗東,20260725,土,4:21,サンシャインビーチ,,牝,3,0,渡辺薫彦,70.7,52.4,35.1,17.9,18.3,17.3,17.2,17.9
栗東,20260725,土,4:21,スマートティアナ,,牝,3,400,石橋守,68.7,50.0,32.6,15.9,18.7,17.4,16.7,15.9
栗東,20260725,土,4:21,ベリベリハッピー,,牝,3,0,渡辺薫彦,70.2,50.9,32.7,16.3,19.3,18.2,16.4,16.3
栗東,20260725,土,4:21,ヤマニンアストロン,,牡,5,1500,石橋守,67.7,50.0,33.4,16.4,17.7,16.6,17.0,16.4
栗東,20260725,土,4:22,アンムート,,牝,2,400,奥村豊,68.0,49.8,33.1,16.6,18.2,16.7,16.5,16.6
栗東,20260725,土,4:22,エクストラプッシュ,,牡,3,400,奥村豊,64.9,47.7,30.9,15.2,17.2,16.8,15.7,15.2
栗東,20260725,土,4:22,オオアバレ,,牡,3,0,奥村豊,69.3,51.4,34.0,17.0,17.9,17.4,17.0,17.0
栗東,20260725,土,4:22,キングケープ,,牡,3,400,大橋勇樹,72.1,52.0,33.4,16.1,20.1,18.6,17.3,16.1
栗東,20260725,土,4:22,スターアスコット,,牝,3,0,奥村豊,69.5,51.6,34.4,17.3,17.9,17.2,17.1,17.3
栗東,20260725,土,4:22,タイセイゼスティ,,牡,3,0,奥村豊,68.8,50.2,32.8,16.3,18.6,17.4,16.5,16.3
栗東,20260725,土,4:22,タガノランパート,,牡,3,0,奥村豊,65.3,47.6,30.8,15.1,17.7,16.8,15.7,15.1
栗東,20260725,土,4:22,バルチックアンバー,,牡,2,未登録,,67.6,49.8,32.9,16.3,17.8,16.9,16.6,16.3
栗東,20260725,土,4:22,メイショウナナシロ,,牡,3,0,石橋守,73.6,53.3,34.9,17.2,20.3,18.4,17.7,17.2
栗東,20260725,土,4:22,モズロックンロール,,牡,6,1500,藤岡健一,67.8,48.5,29.9,14.3,19.3,18.6,15.6,14.3
栗東,20260725,土,4:23,ケイアイメキラ,,セ,6,1500,秋山真一,68.6,49.0,32.1,16.0,19.6,16.9,16.1,16.0
栗東,20260725,土,4:23,シェフザーデ,,牡,2,未登録,,66.6,48.9,32.9,16.8,17.7,16.0,16.1,16.8
栗東,20260725,土,4:23,タマモイカロス,,牡,3,2200,藤岡健一,65.9,47.0,30.3,14.8,18.9,16.7,15.5,14.8
栗東,20260725,土,4:23,ダノンフィーゴ,,牡,4,5620,友道康夫,66.0,48.3,32.5,16.3,17.7,15.8,16.2,16.3
栗東,20260725,土,4:23,テイエムパイロット,,牡,4,900,秋山真一,69.6,51.3,33.5,16.6,18.3,17.8,16.9,16.6
栗東,20260725,土,4:23,ナイトインチュニス,,牡,2,未登録,,66.3,48.7,32.7,16.7,17.6,16.0,16.0,16.7
栗東,20260725,土,4:23,ビービークローサー,,牡,3,900,野中賢二,72.7,52.3,33.8,16.4,20.4,18.5,17.4,16.4
栗東,20260725,土,4:23,リアンフィニ,,牝,2,未出走,野中賢二,67.9,50.2,33.6,16.6,17.7,16.6,17.0,16.6
栗東,20260725,土,4:24,アラビアンジョイ,,牝,3,0,高橋一哉,69.3,50.5,32.8,16.4,18.8,17.7,16.4,16.4
栗東,20260725,土,4:24,クロンヌジャン,,牡,3,0,鈴木孝志,69.1,49.7,32.5,16.0,19.4,17.2,16.5,16.0
栗東,20260725,土,4:24,サウンドシェリー,,牝,2,未出走,鈴木孝志,68.5,49.0,31.1,15.0,19.5,17.9,16.1,15.0
栗東,20260725,土,4:24,シャインラブ,,牝,2,0,井上智史,70.7,50.7,33.1,16.6,20.0,17.6,16.5,16.6
栗東,20260725,土,4:24,スターオブザイヤー,,牝,2,未出走,井上智史,70.6,50.7,33.0,16.5,19.9,17.7,16.5,16.5
栗東,20260725,土,4:24,タイガースパーク,,牡,6,900,大橋勇樹,70.1,51.1,33.7,17.3,19.0,17.4,16.4,17.3
栗東,20260725,土,4:24,ダンツカレン,,牝,3,0,四位洋文,68.2,49.8,32.3,15.4,18.4,17.5,16.9,15.4
栗東,20260725,土,4:24,トップランキング,,牡,2,未出走,清水久詞,56.3,40.1,25.9,0.0,16.2,14.2,0.0,0.0
栗東,20260725,土,4:24,トリビア,,牝,3,0,四位洋文,73.9,54.2,36.3,18.4,19.7,17.9,17.9,18.4
栗東,20260725,土,4:24,ノーブルロジャー,,牡,5,4450,吉岡辰弥,66.4,47.1,30.8,14.4,19.3,16.3,16.4,14.4
栗東,20260725,土,4:24,マテンロウヒルズ,,牡,2,未出走,清水久詞,55.9,39.7,25.8,12.5,16.2,13.9,13.3,12.5
栗東,20260725,土,4:24,メイショウジンソウ,,牡,3,未出走,本田優,74.0,54.5,36.5,18.4,19.5,18.0,18.1,18.4
栗東,20260725,土,4:24,モンスエ,,牡,3,400,高橋一哉,71.4,52.3,34.6,17.3,19.1,17.7,17.3,17.3
栗東,20260725,土,4:24,モンテカルロ,,牡,2,未出走,吉岡辰弥,68.6,49.0,31.8,15.9,19.6,17.2,15.9,15.9
栗東,20260725,土,4:24,リボンロゼッタ,,牝,2,未出走,秋山真一,78.2,56.9,37.3,18.1,21.3,19.6,19.2,18.1
栗東,20260725,土,4:24,リードプリンシパル,,牝,4,400,秋山真一,69.0,50.0,32.4,16.4,19.0,17.6,16.0,16.4
栗東,20260725,土,4:24,ロードトレイル,,牡,5,1500,藤岡健一,75.4,56.1,36.8,18.2,19.3,19.3,18.6,18.2
栗東,20260725,土,4:24,ワーズワース,,牡,8,900,高橋一哉,68.6,50.6,33.5,17.3,18.0,17.1,16.2,17.3
栗東,20260725,土,4:24,ｴｺﾞｲｽﾄの24,,牡,2,未登録,,72.7,53.5,35.6,17.6,19.2,17.9,18.0,17.6
栗東,20260725,土,4:25,カレントゥルーシー,,牡,3,900,鈴木孝志,67.8,49.7,32.1,16.1,18.1,17.6,16.0,16.1
栗東,20260725,土,4:25,シャンパンライフ,,牝,4,0,四位洋文,66.8,47.8,30.4,14.7,19.0,17.4,15.7,14.7
栗東,20260725,土,4:25,ジーティーマンフク,,牡,2,未出走,四位洋文,68.7,50.0,33.0,16.2,18.7,17.0,16.8,16.2
栗東,20260725,土,4:25,タガノプトゥリ,,牝,3,0,鈴木孝志,72.3,51.5,33.4,16.6,20.8,18.1,16.8,16.6
栗東,20260725,土,4:25,テイエムスティール,,牝,3,400,高橋一哉,76.9,55.4,36.3,18.0,21.5,19.1,18.3,18.0
栗東,20260725,土,4:25,ディープサミット,,牡,4,400,四位洋文,69.2,49.3,31.1,15.0,19.9,18.2,16.1,15.0
栗東,20260725,土,4:25,バルダンツァ,,牡,5,1000,高橋一哉,71.6,51.4,33.7,17.0,20.2,17.7,16.7,17.0
栗東,20260725,土,4:25,フルールジェンヌ,,牝,3,400,鈴木孝志,71.1,52.3,34.7,17.0,18.8,17.6,17.7,17.0
栗東,20260725,土,4:25,リアライズルミナス,,牝,3,400,橋口慎介,72.8,51.9,33.3,16.3,20.9,18.6,17.0,16.3
栗東,20260725,土,4:26,ウインヘリオドール,,牡,4,80,梅田智之,66.5,48.5,31.6,15.9,18.0,16.9,15.7,15.9
栗東,20260725,土,4:26,ブラストビート,,牡,3,0,浜田多実,76.3,55.0,36.1,18.1,21.3,18.9,18.0,18.1
栗東,20260725,土,4:26,メイショウハチロー,,牡,4,2400,福永祐一,64.9,47.1,31.2,15.5,17.8,15.9,15.7,15.5
栗東,20260725,土,4:27,メイショウアボット,,牡,4,500,武幸四郎,66.7,48.7,32.0,15.8,18.0,16.7,16.2,15.8
栗東,20260725,土,4:27,リアライズブライト,,牡,3,400,武幸四郎,65.2,46.9,30.2,14.7,18.3,16.7,15.5,14.7
栗東,20260725,土,4:27,ルージュバロン,,牝,3,400,福永祐一,71.8,53.5,35.2,17.3,18.3,18.3,17.9,17.3
栗東,20260725,土,4:27,ロンドボス,,牝,4,900,藤原英昭,64.9,47.9,31.8,16.3,17.0,16.1,15.5,16.3
栗東,20260725,土,4:28,アメリカンビヨンド,,牡,4,400,藤原英昭,70.3,50.8,33.0,16.4,19.5,17.8,16.6,16.4
栗東,20260725,土,4:28,アメリカンヴェガ,,牡,2,未登録,,73.2,52.9,34.0,16.6,20.3,18.9,17.4,16.6
栗東,20260725,土,4:28,タマモブラックタイ,,牡,6,4100,角田晃一,66.9,48.6,31.6,15.3,18.3,17.0,16.3,15.3
栗東,20260725,土,4:28,メイショウラウルス,,牡,2,未出走,角田晃一,67.6,49.7,33.0,16.1,17.9,16.7,16.9,16.1
栗東,20260725,土,4:29,サトノライトニング,,牡,3,0,田中克典,71.4,52.7,34.8,17.5,18.7,17.9,17.3,17.5
栗東,20260725,土,4:29,ジョリープリュム,,牝,2,未出走,田中克典,69.7,50.9,33.2,16.3,18.8,17.7,16.9,16.3
栗東,20260725,土,4:29,スウィーティーベル,,牝,3,0,田中克典,68.8,50.2,32.4,16.2,18.6,17.8,16.2,16.2
栗東,20260725,土,4:29,デルマイシカリ,,牡,2,未登録,,69.8,52.4,35.0,17.6,17.4,17.4,17.4,17.6
栗東,20260725,土,4:29,ヒメライオン,,牝,2,未登録,,69.4,52.3,34.7,17.4,17.1,17.6,17.3,17.4
栗東,20260725,土,4:29,ブロンザイト,,牡,3,0,福永祐一,67.7,48.2,30.9,15.5,19.5,17.3,15.4,15.5
栗東,20260725,土,4:29,プレゼンティーア,,牝,5,2400,田中克典,68.5,49.7,32.4,16.2,18.8,17.3,16.2,16.2
栗東,20260725,土,4:30,ディアナザール,,牡,4,2400,斉藤崇史,73.4,52.8,34.3,17.1,20.6,18.5,17.2,17.1
栗東,20260725,土,4:30,ビジュアライズ,,牡,3,0,斉藤崇史,73.8,52.9,34.4,17.0,20.9,18.5,17.4,17.0
栗東,20260725,土,4:30,ララファキュルテ,,牡,3,400,斉藤崇史,73.6,52.9,34.4,17.1,20.7,18.5,17.3,17.1
栗東,20260725,土,4:31,アルジェンテーラ,,牝,3,0,斉藤崇史,70.5,51.6,34.1,16.6,18.9,17.5,17.5,16.6
栗東,20260725,土,4:31,コルレオニス,,牡,5,1500,友道康夫,68.9,48.3,30.8,15.3,20.6,17.5,15.5,15.3
栗東,20260725,土,4:31,ポッドロゴ,,牡,5,3800,西園翔太,70.1,51.5,33.2,16.4,18.6,18.3,16.8,16.4
栗東,20260725,土,4:31,マスティカーレ,,牝,3,0,西園翔太,70.4,50.2,32.7,16.1,20.2,17.5,16.6,16.1
栗東,20260725,土,4:31,メアグローリア,,牝,2,0,斉藤崇史,70.1,51.4,34.1,16.5,18.7,17.3,17.6,16.5
栗東,20260725,土,4:31,ルクスポップスター,,牡,3,400,西園翔太,68.5,51.0,33.0,16.2,17.5,18.0,16.8,16.2
栗東,20260725,土,4:31,ロケベンドラ,,牝,4,400,西園翔太,70.6,51.8,34.2,16.4,18.8,17.6,17.8,16.4
栗東,20260725,土,4:32,アンクルクロス,,牡,5,2400,高橋亮,71.3,51.6,33.5,16.6,19.7,18.1,16.9,16.6
栗東,20260725,土,4:32,ジーティーリボーン,,牝,3,0,中村直也,74.4,50.6,32.8,17.0,23.8,17.8,15.8,17.0
栗東,20260725,土,4:32,ルナパッショーネ,,牝,2,未出走,斉藤崇史,78.5,56.5,37.2,18.1,22.0,19.3,19.1,18.1
栗東,20260725,土,4:34,エコロヴァルツ,,牡,5,6000,牧浦充徳,73.6,54.6,35.7,17.5,19.0,18.9,18.2,17.5
栗東,20260725,土,4:34,ゴールドアベニュー,,牝,3,0,宮地貴稔,65.7,47.7,31.1,15.5,18.0,16.6,15.6,15.5
栗東,20260725,土,4:34,ブランチアウト,,牡,3,0,昆貢,74.5,54.8,35.6,17.5,19.7,19.2,18.1,17.5
栗東,20260725,土,4:35,エコログロウ,,牡,3,400,牧浦充徳,71.4,51.4,33.3,16.5,20.0,18.1,16.8,16.5
栗東,20260725,土,4:35,レイバックスピン,,牝,4,1500,牧浦充徳,82.2,60.7,40.2,19.7,21.5,20.5,20.5,19.7
栗東,20260725,土,4:36,ルシフェル,,牝,5,1200,西園翔太,74.7,54.4,35.0,16.7,20.3,19.4,18.3,16.7
栗東,20260725,土,4:38,グラマラス,,牝,3,0,安田翔伍,69.5,51.2,33.9,16.8,18.3,17.3,17.1,16.8
栗東,20260725,土,4:38,ダノンチャンピオン,,牡,2,未出走,安田翔伍,67.1,49.2,32.4,16.4,17.9,16.8,16.0,16.4
栗東,20260725,土,4:39,ガリアルダ,,牝,2,未出走,上村洋行,66.0,48.2,31.8,16.0,17.8,16.4,15.8,16.0
栗東,20260725,土,4:39,チェファルー,,牡,3,0,上村洋行,66.3,47.7,30.7,15.0,18.6,17.0,15.7,15.0
栗東,20260725,土,4:39,ベラジオヴァレル,,牡,3,0,上村洋行,66.8,48.4,32.0,16.0,18.4,16.4,16.0,16.0
栗東,20260725,土,4:39,ライトオブヌカタ,,牡,3,900,上村洋行,66.6,48.5,31.8,16.0,18.1,16.7,15.8,16.0
栗東,20260725,土,4:39,リフルフォース,,牝,3,0,上村洋行,66.0,48.8,31.9,15.7,17.2,16.9,16.2,15.7
栗東,20260725,土,4:39,ルージュマデイラ,,牝,3,0,上村洋行,64.6,47.0,30.7,15.3,17.6,16.3,15.4,15.3
栗東,20260725,土,4:40,クラスペディア,,牡,4,4000,河嶋宏樹,86.2,63.6,41.7,20.6,22.6,21.9,21.1,20.6
栗東,20260725,土,4:40,サクラオーラ,,牝,7,560,河嶋宏樹,73.7,54.9,36.4,18.7,18.8,18.5,17.7,18.7
栗東,20260725,土,4:40,セーニョレガーレ,,牝,2,未出走,河嶋宏樹,72.4,53.7,35.3,17.5,18.7,18.4,17.8,17.5
栗東,20260725,土,4:40,ナムラヴンダー,,牡,3,0,河嶋宏樹,76.3,55.9,36.4,17.7,20.4,19.5,18.7,17.7
栗東,20260725,土,4:42,エルヴィオラ,,牝,3,未出走,畑端省吾,72.6,52.4,34.8,17.8,20.2,17.6,17.0,17.8
栗東,20260725,土,4:42,セブンサークル,,牡,2,未出走,畑端省吾,68.1,49.9,32.6,15.8,18.2,17.3,16.8,15.8
栗東,20260725,土,4:42,ダディーズグーグー,,牡,4,80,畑端省吾,64.5,47.0,30.5,14.6,17.5,16.5,15.9,14.6
栗東,20260725,土,4:42,ロイヤルテール,,牡,4,0,畑端省吾,61.2,46.1,31.4,15.9,15.1,14.7,15.5,15.9
栗東,20260725,土,4:45,ティンクルピクシー,,牝,2,未出走,宮本博,69.7,51.1,33.6,16.7,18.6,17.5,16.9,16.7
栗東,20260725,土,4:45,ブラッドムーン,,牝,3,0,宮本博,70.4,51.7,34.5,17.3,18.7,17.2,17.2,17.3
栗東,20260725,土,4:45,レーヴドリュヌ,,牝,3,0,宮本博,71.7,52.2,34.1,17.3,19.5,18.1,16.8,17.3
栗東,20260725,土,4:46,トウカイマシェリ,,牝,3,3250,高柳大輔,71.0,50.0,32.1,15.3,21.0,17.9,16.8,15.3
栗東,20260725,土,4:47,エコロヴァルツ,,牡,5,6000,牧浦充徳,64.5,48.2,31.8,15.7,16.3,16.4,16.1,15.7
栗東,20260725,土,4:47,レイバックスピン,,牝,4,1500,牧浦充徳,66.5,49.3,32.6,16.1,17.2,16.7,16.5,16.1
栗東,20260725,土,4:48,ウンナターシャ,,牝,3,0,高柳大輔,67.8,49.3,32.8,16.3,18.5,16.5,16.5,16.3
栗東,20260725,土,4:48,エコログロウ,,牡,3,400,牧浦充徳,62.9,45.4,29.7,14.8,17.5,15.7,14.9,14.8
栗東,20260725,土,4:48,スピリットライズ,,セ,4,400,高柳大輔,69.1,49.5,31.9,15.8,19.6,17.6,16.1,15.8
栗東,20260725,土,4:49,グレートアゲイン,,牡,3,0,牧浦充徳,68.0,48.7,31.7,16.0,19.3,17.0,15.7,16.0
栗東,20260725,土,4:49,ベルギューン,,牝,4,2400,牧浦充徳,64.5,47.7,31.4,15.6,16.8,16.3,15.8,15.6
栗東,20260725,土,4:51,サイモンジェセル,,牡,2,未出走,梅田智之,74.1,53.6,34.8,17.3,20.5,18.8,17.5,17.3
栗東,20260725,土,4:51,ダイシンレジウス,,牡,2,未出走,梅田智之,75.7,54.3,34.7,16.8,21.4,19.6,17.9,16.8
栗東,20260725,土,4:51,テーオーカメリア,,牝,2,未出走,梅田智之,74.9,54.5,35.4,17.4,20.4,19.1,18.0,17.4
栗東,20260725,土,4:52,カフジポポー,,牡,2,未登録,,73.7,52.4,33.3,16.2,21.3,19.1,17.1,16.2
栗東,20260725,土,4:52,グリミスティ,,牝,3,0,森田直行,65.2,47.7,31.7,15.4,17.5,16.0,16.3,15.4
栗東,20260725,土,4:53,サーディンラン,,牡,3,400,武英智,52.1,37.6,24.4,12.3,14.5,13.2,12.1,12.3
栗東,20260725,土,4:53,ペプチドヤマト,,牡,7,3600,武英智,51.6,37.4,24.3,12.3,14.2,13.1,12.0,12.3
栗東,20260725,土,4:54,ダンツシタン,,牡,3,900,本田優,75.2,55.4,36.5,17.8,19.8,18.9,18.7,17.8
栗東,20260725,土,4:55,ツーエムクロノス,,牡,4,900,本田優,70.7,51.1,34.3,17.2,19.6,16.8,17.1,17.2
栗東,20260725,土,4:56,ジャンシ,,牡,3,900,森秀行,67.4,50.1,34.0,17.4,17.3,16.1,16.6,17.4
栗東,20260725,土,4:56,フロムダスク,,牡,6,2050,森秀行,71.2,51.5,33.8,16.7,19.7,17.7,17.1,16.7
栗東,20260725,土,4:56,マニバドラ,,牡,6,3600,森秀行,66.7,48.3,31.2,15.8,18.4,17.1,15.4,15.8
栗東,20260725,土,4:57,ウルスチャージ,,牡,2,未出走,大橋勇樹,71.1,52.6,35.2,17.8,18.5,17.4,17.4,17.8
栗東,20260725,土,4:57,ジーティーチャーリ,,牡,2,未出走,森田直行,70.7,52.4,35.0,17.6,18.3,17.4,17.4,17.6
栗東,20260725,土,4:57,ベルセルク,,牡,2,未出走,森田直行,67.0,50.3,33.5,16.6,16.7,16.8,16.9,16.6
栗東,20260725,土,4:57,リアルカムイ,,牡,2,未出走,大橋勇樹,71.1,52.9,35.3,17.8,18.2,17.6,17.5,17.8
栗東,20260725,土,4:57,ルシャリオ,,牡,4,80,森田直行,69.8,51.1,34.0,17.4,18.7,17.1,16.6,17.4
栗東,20260725,土,4:58,ケイアイドリー,,牡,9,8170,前川恭子,65.5,47.8,30.9,15.0,17.7,16.9,15.9,15.0
栗東,20260725,土,4:58,ショウナンアデイブ,,牡,7,3250,高野友和,70.8,52.0,33.8,16.9,18.8,18.2,16.9,16.9
栗東,20260725,土,4:58,ショウナンバトレニ,,牡,2,未出走,高野友和,74.0,53.9,35.5,17.6,20.1,18.4,17.9,17.6
栗東,20260725,土,4:58,ハピ,,牡,7,4800,大久保龍,66.7,47.5,30.8,15.0,19.2,16.7,15.8,15.0
栗東,20260725,土,4:59,カウンティフェア,,牝,4,900,高野友和,70.5,51.0,32.6,16.3,19.5,18.4,16.3,16.3
栗東,20260725,土,4:59,コラルリーフ,,牝,3,1000,佐藤悠太,70.6,51.1,32.5,15.9,19.5,18.6,16.6,15.9
栗東,20260725,土,4:59,ザングウィル,,牡,6,250,佐藤悠太,64.8,46.7,30.6,15.1,18.1,16.1,15.5,15.1
栗東,20260725,土,4:59,テンエースワン,,牡,5,900,大久保龍,68.1,50.3,32.8,16.3,17.8,17.5,16.5,16.3
栗東,20260725,土,4:59,ベルジュロネット,,牡,4,3600,大久保龍,64.7,48.1,31.6,16.1,16.6,16.5,15.5,16.1
栗東,20260725,土,4:59,ポッドハンター,,牡,2,未出走,前川恭子,68.9,50.8,33.2,16.4,18.1,17.6,16.8,16.4
栗東,20260725,土,4:59,マーズエクレール,,牡,2,0,佐藤悠太,65.2,47.9,31.9,15.7,17.3,16.0,16.2,15.7
栗東,20260725,土,4:59,ミッキーギャラン,,牡,3,未登録,,69.2,50.8,33.1,16.4,18.4,17.7,16.7,16.4
栗東,20260725,土,4:59,ラジャブルック,,牡,3,0,高野友和,70.7,51.0,33.1,16.0,19.7,17.9,17.1,16.0
栗東,20260725,土,4:59,ララバッカナール,,牝,5,400,佐藤悠太,66.4,48.7,31.9,15.6,17.7,16.8,16.3,15.6
栗東,20260725,土,4:59,リアンドゥクール,,牝,3,400,佐藤悠太,66.0,47.0,30.5,14.7,19.0,16.5,15.8,14.7
栗東,20260725,土,4:59,ヴォーカライズ,,牡,3,400,高野友和,71.2,50.9,32.6,15.7,20.3,18.3,16.9,15.7
栗東,20260725,土,5:00,アントラヴァースト,,牡,2,未出走,渡辺薫彦,71.1,53.2,35.0,17.3,17.9,18.2,17.7,17.3
栗東,20260725,土,5:00,ガビーズデトワール,,牝,3,0,牧田和弥,68.4,50.2,34.0,17.0,18.2,16.2,17.0,17.0
栗東,20260725,土,5:00,ガビーズブラザー,,牡,4,400,牧田和弥,66.0,48.4,31.7,15.5,17.6,16.7,16.2,15.5
栗東,20260725,土,5:00,グルード,,牡,2,未出走,牧田和弥,68.3,50.6,33.4,17.0,17.7,17.2,16.4,17.0
栗東,20260725,土,5:00,サンタンジェロ,,牝,2,0,須貝尚介,70.0,50.1,32.0,15.3,19.9,18.1,16.7,15.3
栗東,20260725,土,5:00,ベニバナ,,牝,2,未出走,渡辺薫彦,72.8,53.4,35.4,17.6,19.4,18.0,17.8,17.6
栗東,20260725,土,5:00,ペスキエーラ,,牝,3,0,須貝尚介,63.7,46.4,30.6,15.0,17.3,15.8,15.6,15.0
栗東,20260725,土,5:00,リアライズパリオ,,牡,3,0,須貝尚介,63.3,45.2,29.3,14.1,18.1,15.9,15.2,14.1
栗東,20260725,土,5:00,リアライズビリーヴ,,牡,2,未出走,須貝尚介,66.9,49.3,32.3,16.1,17.6,17.0,16.2,16.1
栗東,20260725,土,5:01,アイアン,,牡,3,0,辻野泰之,62.8,45.4,29.5,15.0,17.4,15.9,14.5,15.0
栗東,20260725,土,5:01,ウォータールスール,,牡,3,0,石橋守,69.9,51.5,34.2,17.2,18.4,17.3,17.0,17.2
栗東,20260725,土,5:01,エイシンリブウェル,,牡,3,0,大久保龍,65.8,47.9,31.8,15.5,17.9,16.1,16.3,15.5
栗東,20260725,土,5:01,コースタルロード,,牝,3,0,辻野泰之,61.6,44.3,28.9,14.0,17.3,15.4,14.9,14.0
栗東,20260725,土,5:01,スマートエトワール,,牝,3,0,辻野泰之,63.2,45.9,29.4,14.2,17.3,16.5,15.2,14.2
栗東,20260725,土,5:01,スマートピークス,,牡,2,未登録,,65.2,48.4,32.3,16.5,16.8,16.1,15.8,16.5
栗東,20260725,土,5:01,パルフェクシオン,,牝,2,未出走,大久保龍,65.9,48.0,31.9,15.3,17.9,16.1,16.6,15.3
栗東,20260725,土,5:01,メイショウジーニー,,牝,3,0,秋山真一,67.4,49.2,32.1,15.8,18.2,17.1,16.3,15.8
栗東,20260725,土,5:01,メイショウヒタカミ,,牡,3,0,石橋守,67.2,49.3,32.2,15.9,17.9,17.1,16.3,15.9
栗東,20260725,土,5:01,ラヴネヴァーダイズ,,牡,3,400,渡辺薫彦,72.6,51.7,32.9,15.9,20.9,18.8,17.0,15.9
栗東,20260725,土,5:01,ルージュミステリオ,,牝,4,400,辻野泰之,64.4,46.3,29.9,14.6,18.1,16.4,15.3,14.6
栗東,20260725,土,5:02,アイルシャイン,,セ,6,1500,新谷功一,57.2,40.6,25.6,12.7,16.6,15.0,12.9,12.7
栗東,20260725,土,5:02,ライジン,,牡,6,1500,池添学,65.2,46.5,30.7,15.1,18.7,15.8,15.6,15.1
栗東,20260725,土,5:03,ハッピーマン,,牡,4,6330,寺島良,65.5,47.5,30.4,15.0,18.0,17.1,15.4,15.0
栗東,20260725,土,5:03,モズオサキニ,,牝,3,0,杉山佳明,69.1,50.3,32.4,15.8,18.8,17.9,16.6,15.8
栗東,20260725,土,5:03,レイクラシック,,牝,3,400,新谷功一,71.0,51.4,32.7,16.0,19.6,18.7,16.7,16.0
栗東,20260725,土,5:03,レッドジルベスター,,牡,3,0,寺島良,72.9,53.1,34.7,17.1,19.8,18.4,17.6,17.1
栗東,20260725,土,5:04,クールミラボー,,牡,6,3600,寺島良,68.5,48.6,31.7,15.5,19.9,16.9,16.2,15.5
栗東,20260725,土,5:04,グラディオール,,牝,3,0,寺島良,67.7,48.8,31.9,15.3,18.9,16.9,16.6,15.3
栗東,20260725,土,5:04,レディトゥフライト,,牡,3,0,寺島良,69.2,50.5,32.8,16.1,18.7,17.7,16.7,16.1
栗東,20260725,土,5:05,ツァレヴナ,,牝,3,400,野中賢二,67.1,48.7,32.1,16.2,18.4,16.6,15.9,16.2
栗東,20260725,土,5:06,キモンミナリッチ,,牡,2,未出走,加藤公太,68.7,50.6,33.3,16.4,18.1,17.3,16.9,16.4
栗東,20260725,土,5:06,ゴールドシューター,,牡,2,未出走,加藤公太,66.7,48.8,32.1,16.0,17.9,16.7,16.1,16.0
栗東,20260725,土,5:06,スマートポーション,,牝,2,0,加藤公太,68.6,51.3,34.0,17.0,17.3,17.3,17.0,17.0
栗東,20260725,土,5:06,マオノファースト,,牡,2,未出走,加藤公太,68.2,50.0,33.4,16.2,18.2,16.6,17.2,16.2
栗東,20260725,土,5:06,モカプウイング,,牝,3,0,加藤公太,68.7,50.8,33.3,16.3,17.9,17.5,17.0,16.3
栗東,20260725,土,5:08,アルヴァルディ,,牡,3,0,柴田卓,60.6,43.3,28.5,14.1,17.3,14.8,14.4,14.1
栗東,20260725,土,5:08,デニスバローズ,,牡,2,未出走,池江泰寿,67.8,49.4,31.5,15.6,18.4,17.9,15.9,15.6
栗東,20260725,土,5:08,トゥデイイズザデイ,,牡,7,2400,池江泰寿,67.7,49.0,31.2,15.4,18.7,17.8,15.8,15.4
栗東,20260725,土,5:09,モズカトレア,,牝,4,1500,井上智史,66.4,48.4,31.4,15.8,18.0,17.0,15.6,15.8
栗東,20260725,土,5:10,カラペルソナ,,牝,3,400,斉藤崇史,71.3,53.2,35.2,17.6,18.1,18.0,17.6,17.6
栗東,20260725,土,5:10,ゲインサポート,,セ,5,400,秋山真一,69.4,50.8,33.5,16.5,18.6,17.3,17.0,16.5
栗東,20260725,土,5:10,サラサキングスター,,牡,3,0,斉藤崇史,71.4,53.1,35.2,17.6,18.3,17.9,17.6,17.6
栗東,20260725,土,5:10,ヤマニンアルリフラ,,牡,5,4150,斉藤崇史,72.1,53.4,35.2,17.6,18.7,18.2,17.6,17.6
栗東,20260725,土,5:10,ヤマニンサンパ,,牡,8,3200,斉藤崇史,71.7,53.2,35.2,17.6,18.5,18.0,17.6,17.6
栗東,20260725,土,5:11,エナスティール,,牝,3,0,小崎憲,67.0,48.0,31.3,15.5,19.0,16.7,15.8,15.5
栗東,20260725,土,5:11,オスカーレイア,,牝,2,0,秋山真一,72.8,52.5,34.6,16.6,20.3,17.9,18.0,16.6
栗東,20260725,土,5:11,クレスコドルフィン,,牡,4,400,羽月友彦,68.9,50.1,32.9,16.2,18.8,17.2,16.7,16.2
栗東,20260725,土,5:11,ゴンタ,,牡,3,400,小崎憲,66.3,49.1,32.4,16.0,17.2,16.7,16.4,16.0
栗東,20260725,土,5:11,ダイメイアゲイン,,牡,2,未出走,秋山真一,69.4,52.0,34.6,17.0,17.4,17.4,17.6,17.0
栗東,20260725,土,5:11,テラレガル,,牡,2,未出走,秋山真一,69.4,51.4,34.7,17.6,18.0,16.7,17.1,17.6
栗東,20260725,土,5:11,ハイクライテリア,,セ,6,80,羽月友彦,69.4,51.7,34.2,16.8,17.7,17.5,17.4,16.8
栗東,20260725,土,5:11,ハオカノア,,牡,3,0,小崎憲,66.0,48.5,32.2,16.2,17.5,16.3,16.0,16.2
栗東,20260725,土,5:11,ワンダーデリエール,,牝,3,0,小崎憲,65.6,47.6,31.2,15.8,18.0,16.4,15.4,15.8
栗東,20260725,土,5:12,ルクスディグニティ,,牡,3,0,昆貢,66.2,48.4,31.4,15.2,17.8,17.0,16.2,15.2
栗東,20260725,土,5:12,ロードフロンティア,,牡,5,2400,松下武士,67.0,49.0,32.2,15.8,18.0,16.8,16.4,15.8
栗東,20260725,土,5:13,アイゼンフォルク,,牡,2,0,池添学,69.6,51.1,33.1,16.4,18.5,18.0,16.7,16.4
栗東,20260725,土,5:13,エイシンマールス,,牡,4,400,今野貞一,65.4,48.7,32.4,16.3,16.7,16.3,16.1,16.3
栗東,20260725,土,5:13,オーバーシュタイン,,牡,2,未出走,今野貞一,69.3,50.5,33.1,15.7,18.8,17.4,17.4,15.7
栗東,20260725,土,5:14,エンルートフライト,,牡,2,0,池添学,68.5,50.8,33.7,16.8,17.7,17.1,16.9,16.8
栗東,20260725,土,5:14,ショウナンバンライ,,牡,3,1500,松下武士,65.8,48.3,31.5,15.7,17.5,16.8,15.8,15.7
栗東,20260725,土,5:14,ジーティーキャリー,,牝,2,0,松下武士,65.7,48.1,31.4,15.6,17.6,16.7,15.8,15.6
栗東,20260725,土,5:14,バトルアックス,,牡,3,400,今野貞一,69.1,50.1,32.2,15.9,19.0,17.9,16.3,15.9
栗東,20260725,土,5:14,バルセシート,,牡,3,400,松下武士,68.4,50.3,33.5,16.9,18.1,16.8,16.6,16.9
栗東,20260725,土,5:14,プチプランス,,牡,4,400,藤岡健一,67.2,49.6,32.5,16.0,17.6,17.1,16.5,16.0
栗東,20260725,土,5:16,アイサンサン,,牝,4,4300,橋田宜長,67.1,48.9,32.2,15.9,18.2,16.7,16.3,15.9
栗東,20260725,土,5:16,アイルトン,,牡,3,0,橋田宜長,72.1,52.3,34.7,17.5,19.8,17.6,17.2,17.5
栗東,20260725,土,5:16,プリメラエストレラ,,牡,2,0,橋田宜長,69.8,51.2,33.7,16.7,18.6,17.5,17.0,16.7
栗東,20260725,土,5:16,ミシナフ,,牡,2,未登録,,67.3,49.5,32.7,16.4,17.8,16.8,16.3,16.4
栗東,20260725,土,5:16,ランダムナンバー,,牡,2,0,橋田宜長,66.0,48.0,31.1,15.5,18.0,16.9,15.6,15.5
栗東,20260725,土,5:17,ナムラローズマリー,,牝,5,2400,羽月友彦,60.1,44.8,30.2,16.0,15.3,14.6,14.2,16.0
栗東,20260725,土,5:21,タガノアルテミス,,牝,3,0,西園翔太,70.5,52.5,34.6,16.6,18.0,17.9,18.0,16.6
栗東,20260725,土,5:22,ノブレスラブリエ,,牝,3,0,西園翔太,66.6,49.4,32.8,16.1,17.2,16.6,16.7,16.1
栗東,20260725,土,5:22,ホールドミーワンス,,牝,3,400,西園翔太,66.0,48.8,32.4,16.1,17.2,16.4,16.3,16.1
栗東,20260725,土,5:23,ゴッドアミーラ,,牝,3,0,角田晃一,65.8,47.1,31.0,15.3,18.7,16.1,15.7,15.3
栗東,20260725,土,5:23,タガノマルアフ,,牡,4,900,角田晃一,65.3,47.6,31.2,15.5,17.7,16.4,15.7,15.5
栗東,20260725,土,5:24,アブキールベイ,,牝,4,2950,坂口智康,66.3,47.2,30.8,15.7,19.1,16.4,15.1,15.7
栗東,20260725,土,5:24,アモロロプーロ,,牡,2,未登録,,64.8,47.2,31.2,15.6,17.6,16.0,15.6,15.6
栗東,20260725,土,5:24,ゴールデンドラゴン,,牡,3,0,宮本博,80.7,60.6,40.7,20.7,20.1,19.9,20.0,20.7
栗東,20260725,土,5:24,ダイヤモンドハンズ,,牡,6,900,坂口智康,67.7,49.0,32.6,16.9,18.7,16.4,15.7,16.9
栗東,20260725,土,5:24,ニテンイチリュウ,,牡,3,0,高橋康之,65.2,47.9,32.2,16.5,17.3,15.7,15.7,16.5
栗東,20260725,土,5:24,フェイトブレイカー,,セ,3,0,坂口智康,67.0,49.0,34.1,17.6,18.0,14.9,16.5,17.6
栗東,20260725,土,5:25,オデット,,牝,4,900,緒方努,65.0,47.1,31.3,15.3,17.9,15.8,16.0,15.3
栗東,20260725,土,5:25,ダンツウルス,,牡,3,400,谷潔,63.6,46.6,30.8,15.3,17.0,15.8,15.5,15.3
栗東,20260725,土,5:25,ニホンピロトッティ,,牝,5,900,緒方努,68.8,49.7,31.8,15.5,19.1,17.9,16.3,15.5
栗東,20260725,土,5:25,フィソステギア,,牝,2,未出走,緒方努,66.6,48.6,31.9,15.7,18.0,16.7,16.2,15.7
栗東,20260725,土,5:25,リリーサンダー,,牡,3,0,緒方努,68.7,50.2,32.8,16.1,18.5,17.4,16.7,16.1
栗東,20260725,土,5:26,ダノンキラウェア,,牡,5,900,中内田充,65.9,48.2,31.7,16.4,17.7,16.5,15.3,16.4
栗東,20260725,土,5:26,フェーエンハフト,,牝,2,0,緒方努,68.9,49.8,32.6,16.3,19.1,17.2,16.3,16.3
栗東,20260725,土,5:26,レッドフレーザー,,牡,3,0,矢作芳人,64.9,48.1,32.2,16.2,16.8,15.9,16.0,16.2
栗東,20260725,土,5:26,ロードデルフィロ,,牡,2,未出走,中内田充,66.2,48.5,31.9,15.7,17.7,16.6,16.2,15.7
栗東,20260725,土,5:26,ヴィーラー,,牝,3,0,矢作芳人,66.0,48.7,31.9,16.0,17.3,16.8,15.9,16.0
栗東,20260725,土,5:28,プリモマーレ,,牝,3,未出走,中内田充,67.4,49.4,32.5,15.7,18.0,16.9,16.8,15.7
栗東,20260725,土,5:29,エコロディアン,,牝,3,0,牧浦充徳,73.4,53.6,35.7,17.5,19.8,17.9,18.2,17.5
栗東,20260725,土,5:29,オーリエイト,,牡,2,未出走,小栗実,66.0,48.2,31.3,15.2,17.8,16.9,16.1,15.2
栗東,20260725,土,5:29,グランディア,,セ,7,5400,中内田充,68.8,50.6,33.4,16.4,18.2,17.2,17.0,16.4
栗東,20260725,土,5:29,タイセイルミナス,,牝,2,0,小栗実,66.3,48.4,31.4,15.2,17.9,17.0,16.2,15.2
栗東,20260725,土,5:29,ダノンステート,,牡,3,0,千田輝彦,75.7,55.8,37.0,18.5,19.9,18.8,18.5,18.5
栗東,20260725,土,5:30,ココロザスノ,,牝,3,0,千田輝彦,58.8,42.3,26.9,13.3,16.5,15.4,13.6,13.3
栗東,20260725,土,5:30,ゼットクイン,,牝,3,0,宮徹,65.0,47.0,30.5,15.6,18.0,16.5,14.9,15.6
栗東,20260725,土,5:31,アンガーザガール,,牝,3,0,東田明士,64.6,47.8,31.7,15.5,16.8,16.1,16.2,15.5
栗東,20260725,土,5:31,サフランローブ,,牝,2,未登録,,66.7,48.2,31.1,15.4,18.5,17.1,15.7,15.4
栗東,20260725,土,5:31,ジュエルサンライズ,,牝,3,0,東田明士,66.3,48.0,31.0,15.3,18.3,17.0,15.7,15.3
栗東,20260725,土,5:31,テーオーレガシー,,牡,6,900,宮徹,69.6,51.2,33.4,16.7,18.4,17.8,16.7,16.7
栗東,20260725,土,5:31,ハピネスサンライズ,,牝,3,0,東田明士,65.2,47.3,30.9,14.9,17.9,16.4,16.0,14.9
栗東,20260725,土,5:31,ベルダイナフェロー,,牝,5,1500,東田明士,65.5,47.9,31.3,15.8,17.6,16.6,15.5,15.8
栗東,20260725,土,5:31,レッドエヴァンス,,セ,5,2400,東田明士,61.9,45.4,29.9,14.9,16.5,15.5,15.0,14.9
栗東,20260725,土,5:33,ウィルオザウィスプ,,牝,2,未登録,,70.7,52.2,34.0,16.3,18.5,18.2,17.7,16.3
栗東,20260725,土,5:33,ハクサンアイリス,,牡,4,1500,高橋一哉,65.8,47.5,31.2,15.4,18.3,16.3,15.8,15.4
栗東,20260725,土,5:35,アイルドゥレーヴェ,,牡,3,0,新谷功一,63.3,46.3,30.2,15.0,17.0,16.1,15.2,15.0
栗東,20260725,土,5:35,サラサダンディー,,牡,3,0,岡田稲男,67.9,49.8,33.2,16.2,18.1,16.6,17.0,16.2
栗東,20260725,土,5:35,ジャミールアイン,,牝,3,0,藤原英昭,71.0,51.3,33.0,15.9,19.7,18.3,17.1,15.9
栗東,20260725,土,5:35,タプティ,,牝,2,未出走,岡田稲男,65.0,48.0,31.1,15.5,17.0,16.9,15.6,15.5
栗東,20260725,土,5:35,ハヤブサカツオー,,牡,2,未出走,岡田稲男,65.2,47.9,31.3,15.5,17.3,16.6,15.8,15.5
栗東,20260725,土,5:35,ピュアノーブル,,牝,2,未出走,岡田稲男,65.1,47.9,31.3,15.5,17.2,16.6,15.8,15.5
栗東,20260725,土,5:36,タカスタカスタカス,,牡,3,900,藤原英昭,60.4,44.0,29.2,14.9,16.4,14.8,14.3,14.9
栗東,20260725,土,5:36,リーグナイト,,牡,3,400,新谷功一,68.3,49.4,31.5,15.0,18.9,17.9,16.5,15.0
栗東,20260725,土,5:37,カイラーサ,,セ,3,400,河嶋宏樹,68.0,51.2,33.5,15.9,16.8,17.7,17.6,15.9
栗東,20260725,土,5:37,グッデイ,,牝,3,0,河嶋宏樹,69.8,52.1,33.7,16.1,17.7,18.4,17.6,16.1
栗東,20260725,土,5:37,バケラッタ,,牡,3,400,河嶋宏樹,72.0,52.1,33.3,16.1,19.9,18.8,17.2,16.1
栗東,20260725,土,5:39,シェーラ,,牝,4,400,牧田和弥,65.6,47.5,30.1,14.6,18.1,17.4,15.5,14.6
栗東,20260725,土,5:39,ハッピーチャンス,,牝,3,0,牧田和弥,68.7,50.3,32.7,16.1,18.4,17.6,16.6,16.1
栗東,20260725,土,5:41,キングオブフジ,,牡,5,900,角田晃一,66.9,48.5,31.8,16.0,18.4,16.7,15.8,16.0
栗東,20260725,土,5:41,ジュンプリメーロ,,牡,3,400,友道康夫,64.5,47.1,30.7,14.5,17.4,16.4,16.2,14.5
栗東,20260725,土,5:41,テーオーシュテルン,,牡,3,0,梅田智之,67.7,49.1,32.2,15.7,18.6,16.9,16.5,15.7
栗東,20260725,土,5:42,エコロディアン,,牝,3,0,牧浦充徳,63.0,46.0,30.5,15.1,17.0,15.5,15.4,15.1
栗東,20260725,土,5:42,ケイアイブラック,,牡,3,0,梅田智之,66.7,48.2,31.8,15.3,18.5,16.4,16.5,15.3
栗東,20260725,土,5:42,サマーナジュム,,牡,3,0,角田晃一,66.2,48.4,31.8,16.2,17.8,16.6,15.6,16.2
栗東,20260725,土,5:42,タガノアバンドーネ,,牡,3,1500,角田晃一,66.5,48.5,31.3,15.3,18.0,17.2,16.0,15.3
栗東,20260725,土,5:43,ジョーカー,,牡,3,0,友道康夫,69.6,49.8,32.2,16.0,19.8,17.6,16.2,16.0
栗東,20260725,土,5:46,キシュウマミー,,牝,2,0,安達昭夫,65.7,47.5,30.6,14.5,18.2,16.9,16.1,14.5
栗東,20260725,土,5:47,タワワ,,牝,3,0,秋山真一,67.7,49.7,32.9,16.8,18.0,16.8,16.1,16.8
栗東,20260725,土,5:48,ビーアイフォルテ,,牝,4,900,牧田和弥,65.3,46.5,29.4,13.9,18.8,17.1,15.5,13.9
栗東,20260725,土,5:49,クイックバイオ,,牝,5,1000,畑端省吾,66.1,47.7,31.5,15.7,18.4,16.2,15.8,15.7
栗東,20260725,土,5:49,マルモリサンライズ,,牝,2,未登録,,67.8,48.7,32.3,15.4,19.1,16.4,16.9,15.4
栗東,20260725,土,5:49,ワイノナオミ,,牝,5,900,畑端省吾,68.3,49.0,32.3,15.6,19.3,16.7,16.7,15.6
栗東,20260725,土,5:50,ルーチェブリラーレ,,牝,3,未出走,福永祐一,63.2,46.9,31.3,15.4,16.3,15.6,15.9,15.4
栗東,20260725,土,5:51,コンゴウフジ,,牡,3,0,福永祐一,69.8,51.9,34.1,16.9,17.9,17.8,17.2,16.9
栗東,20260725,土,5:51,マテンロウアワー,,牡,3,0,福永祐一,64.7,47.2,30.8,14.4,17.5,16.4,16.4,14.4
栗東,20260725,土,5:52,エリカヴェネチア,,牝,5,900,吉岡辰弥,54.7,39.8,25.7,12.4,14.9,14.1,13.3,12.4
栗東,20260725,土,5:52,カズミクラーシュ,,牡,5,2400,吉岡辰弥,64.0,46.7,30.2,14.9,17.3,16.5,15.3,14.9
栗東,20260725,土,5:52,キーンセンス,,牡,3,400,松永幹夫,64.1,47.2,31.1,15.8,16.9,16.1,15.3,15.8
栗東,20260725,土,5:52,シュヴァルツリーベ,,牝,6,900,羽月友彦,65.4,47.6,30.8,15.1,17.8,16.8,15.7,15.1
栗東,20260725,土,5:52,チョウスター,,牝,3,0,羽月友彦,64.7,47.4,31.7,15.8,17.3,15.7,15.9,15.8
栗東,20260725,土,5:52,トゥスコラーナ,,牝,3,0,松永幹夫,62.4,45.7,30.3,15.1,16.7,15.4,15.2,15.1
栗東,20260725,土,5:52,ハワイアンティアレ,,牝,5,1500,松永幹夫,63.8,47.0,30.4,15.1,16.8,16.6,15.3,15.1
栗東,20260725,土,5:52,ファーングロット,,牡,4,900,上村洋行,63.8,46.8,30.2,15.2,17.0,16.6,15.0,15.2
栗東,20260725,土,5:52,プレアデスグループ,,牝,5,900,吉岡辰弥,54.3,39.2,25.4,12.3,15.1,13.8,13.1,12.3
栗東,20260725,土,5:52,マルモア,,牝,5,400,松永幹夫,63.1,46.7,30.6,15.2,16.4,16.1,15.4,15.2
栗東,20260725,土,5:52,ヤマニンループ,,牡,7,900,松永幹夫,65.3,47.6,31.6,15.7,17.7,16.0,15.9,15.7
栗東,20260725,土,5:52,ルクスフロンティア,,牡,6,3800,松永幹夫,63.8,46.2,30.4,15.1,17.6,15.8,15.3,15.1
栗東,20260725,土,5:52,ロードフリューゲル,,牡,3,0,上村洋行,65.5,47.8,31.3,15.7,17.7,16.5,15.6,15.7
栗東,20260725,土,5:53,アクセス,,牡,3,400,上村洋行,63.4,46.1,30.3,14.9,17.3,15.8,15.4,14.9
栗東,20260725,土,5:53,キントラダンサー,,牝,4,900,長谷川浩,54.8,40.3,26.6,13.1,14.5,13.7,13.5,13.1
栗東,20260725,土,5:53,スマートグロワール,,牡,3,400,畑端省吾,63.7,46.7,30.6,15.0,17.0,16.1,15.6,15.0
栗東,20260725,土,5:53,ソルテヴェローチェ,,牡,2,未出走,上村洋行,63.0,46.1,30.5,15.0,16.9,15.6,15.5,15.0
栗東,20260725,土,5:53,ナムラロダン,,牡,3,0,長谷川浩,56.5,41.1,26.7,13.3,15.4,14.4,13.4,13.3
栗東,20260725,土,5:53,ファンビッチャン,,牡,2,未出走,長谷川浩,57.0,42.1,27.2,13.1,14.9,14.9,14.1,13.1
栗東,20260725,土,5:53,フルドフォルク,,牡,3,0,庄野靖志,63.4,46.0,30.1,15.2,17.4,15.9,14.9,15.2
栗東,20260725,土,5:54,キーテーマ,,牝,3,0,宮徹,64.0,47.0,31.2,16.0,17.0,15.8,15.2,16.0
栗東,20260725,土,5:54,グランブリーゼ,,牝,3,0,庄野靖志,68.1,50.6,33.6,17.0,17.5,17.0,16.6,17.0
栗東,20260725,土,5:54,ショウサンジョージ,,牡,4,1500,松下武士,70.1,51.2,33.5,16.7,18.9,17.7,16.8,16.7
栗東,20260725,土,5:57,チアフルラン,,牡,3,0,渡辺薫彦,65.8,46.9,30.1,14.7,18.9,16.8,15.4,14.7
栗東,20260725,土,5:57,ビルンバウム,,セ,5,900,渡辺薫彦,67.6,50.5,33.6,17.0,17.1,16.9,16.6,17.0
栗東,20260725,土,5:58,タタンタン,,牝,2,未登録,,69.4,51.0,34.0,17.2,18.4,17.0,16.8,17.2
栗東,20260725,土,5:58,ビシェノ,,牝,3,0,安田翔伍,66.0,48.8,32.4,15.9,17.2,16.4,16.5,15.9
栗東,20260725,土,5:58,ピューロマジック,,牝,5,9100,安田翔伍,67.1,48.8,31.9,15.9,18.3,16.9,16.0,15.9
栗東,20260725,土,5:58,ルージュムーサ,,牝,2,未登録,,69.3,50.9,33.9,17.2,18.4,17.0,16.7,17.2
栗東,20260725,土,5:59,オーライカモン,,牡,3,400,田中克典,64.8,48.3,32.2,16.5,16.5,16.1,15.7,16.5
栗東,20260725,土,5:59,サンライズエイト,,牡,2,未出走,安田翔伍,71.9,52.4,33.4,16.1,19.5,19.0,17.3,16.1
栗東,20260725,土,5:59,ジョルティーニ,,牝,2,未出走,田中克典,67.4,49.1,32.2,16.3,18.3,16.9,15.9,16.3
栗東,20260725,土,5:59,ルージュエピック,,牝,3,0,田中克典,64.4,47.8,31.5,15.8,16.6,16.3,15.7,15.8
栗東,20260725,土,5:59,レッドボブ,,牡,4,900,田中克典,66.4,48.2,31.5,15.3,18.2,16.7,16.2,15.3
栗東,20260725,土,6:00,スーパービジー,,牡,3,0,庄野靖志,71.0,52.6,34.9,17.2,18.4,17.7,17.7,17.2
栗東,20260725,土,6:00,ルナフィオーレ,,牝,3,0,庄野靖志,69.1,50.0,33.2,16.3,19.1,16.8,16.9,16.3
栗東,20260725,土,6:23,フランクスピード,,牝,4,400,加藤公太,64.7,47.8,31.5,15.7,16.9,16.3,15.8,15.7
栗東,20260725,土,6:23,メイショウアゴナス,,牡,4,400,本田優,67.7,49.4,32.3,15.6,18.3,17.1,16.7,15.6
栗東,20260725,土,6:23,モチモチチャン,,牝,3,0,西村真幸,64.3,46.8,30.0,15.0,17.5,16.8,15.0,15.0
栗東,20260725,土,6:23,ルージュソムニウム,,牝,3,0,加藤公太,66.9,48.7,32.7,16.4,18.2,16.0,16.3,16.4
栗東,20260725,土,6:23,レッドヴァリアート,,牡,4,400,加藤公太,67.4,50.3,33.7,16.1,17.1,16.6,17.6,16.1
栗東,20260725,土,6:24,アメリカンビーチ,,牡,4,400,四位洋文,63.2,46.1,30.0,14.6,17.1,16.1,15.4,14.6
栗東,20260725,土,6:24,アラムシャピラス,,牡,3,0,池江泰寿,65.8,48.5,31.3,15.5,17.3,17.2,15.8,15.5
栗東,20260725,土,6:24,クインズセレネ,,牝,5,400,野中賢二,68.6,50.1,32.1,15.6,18.5,18.0,16.5,15.6
栗東,20260725,土,6:24,ケイアイワイラーパ,,牡,4,0,野中賢二,63.9,46.7,30.5,14.7,17.2,16.2,15.8,14.7
栗東,20260725,土,6:24,ゴージャス,,牝,4,400,四位洋文,62.1,45.4,29.6,13.9,16.7,15.8,15.7,13.9
栗東,20260725,土,6:24,ツーエムマドンナ,,牝,2,未出走,本田優,69.9,51.9,34.6,17.0,18.0,17.3,17.6,17.0
栗東,20260725,土,6:24,トウカイフルーレ,,牡,4,0,野中賢二,65.6,47.9,31.8,15.9,17.7,16.1,15.9,15.9
栗東,20260725,土,6:24,ファントムシーフ,,牡,6,3000,西村真幸,64.3,46.7,30.5,15.1,17.6,16.2,15.4,15.1
栗東,20260725,土,6:24,メイショウコガシラ,,牡,6,1500,本田優,69.4,50.1,32.1,16.3,19.3,18.0,15.8,16.3
栗東,20260725,土,6:24,メイショウジェード,,牡,2,0,本田優,68.8,50.7,33.7,17.0,18.1,17.0,16.7,17.0
栗東,20260725,土,6:24,レッドバベル,,牡,3,未出走,池江泰寿,65.7,48.4,31.3,15.3,17.3,17.1,16.0,15.3
栗東,20260725,土,6:24,ロードハイビーム,,牡,2,未出走,野中賢二,70.6,52.1,34.1,16.8,18.5,18.0,17.3,16.8
栗東,20260725,土,6:24,ヴィリアリート,,牝,4,1500,西村真幸,64.3,47.3,30.6,15.2,17.0,16.7,15.4,15.2
栗東,20260725,土,6:25,エンヴェロップ,,牝,3,400,佐藤悠太,66.4,48.9,32.3,15.8,17.5,16.6,16.5,15.8
栗東,20260725,土,6:25,キトゥンズクラフト,,牡,2,未出走,池江泰寿,66.0,48.4,31.6,15.4,17.6,16.8,16.2,15.4
栗東,20260725,土,6:25,ゴートゥファースト,,牡,6,2400,新谷功一,63.5,45.5,29.2,13.8,18.0,16.3,15.4,13.8
栗東,20260725,土,6:25,シャフメラン,,牝,3,400,新谷功一,64.4,46.5,30.1,14.8,17.9,16.4,15.3,14.8
栗東,20260725,土,6:25,ジオフィージブル,,牡,2,未登録,,73.5,54.5,35.7,17.6,19.0,18.8,18.1,17.6
栗東,20260725,土,6:25,セレナード,,牝,2,未出走,池江泰寿,72.8,53.9,35.3,17.4,18.9,18.6,17.9,17.4
栗東,20260725,土,6:25,ティエラレイナ,,牝,3,400,四位洋文,65.3,48.0,31.0,15.4,17.3,17.0,15.6,15.4
栗東,20260725,土,6:25,バースデイフライト,,牝,3,400,新谷功一,64.2,46.2,29.8,14.7,18.0,16.4,15.1,14.7
栗東,20260725,土,6:25,ランウインディ,,牝,5,1500,中尾秀正,64.0,48.2,32.4,15.9,15.8,15.8,16.5,15.9
栗東,20260725,土,6:26,インディジャズ,,牝,2,0,高野友和,67.5,48.2,31.0,15.2,19.3,17.2,15.8,15.2
栗東,20260725,土,6:26,エアビッグマム,,牝,4,1000,笹田和秀,60.3,44.5,29.4,14.6,15.8,15.1,14.8,14.6
栗東,20260725,土,6:26,タイセイサーブル,,牡,3,400,高野友和,67.5,48.9,31.3,15.4,18.6,17.6,15.9,15.4
栗東,20260725,土,6:26,タナコクシテンホウ,,牡,2,0,大根田裕,64.2,48.4,32.5,16.7,15.8,15.9,15.8,16.7
栗東,20260725,土,6:26,チェルビアット,,牝,4,2350,高野友和,68.0,49.2,32.2,16.2,18.8,17.0,16.0,16.2
栗東,20260725,土,6:26,マリオロード,,牡,7,3800,安達昭夫,67.7,49.1,32.7,16.2,18.6,16.4,16.5,16.2
栗東,20260725,土,6:27,オープンザパンドラ,,牡,3,0,小椋研介,71.1,51.2,33.6,16.7,19.9,17.6,16.9,16.7
栗東,20260725,土,6:27,オーマイラッキーン,,牝,3,0,高橋康之,63.7,47.3,31.6,16.1,16.4,15.7,15.5,16.1
栗東,20260725,土,6:27,タイセイドゥマーニ,,牡,3,未出走,杉山晴紀,67.1,49.9,33.9,17.1,17.2,16.0,16.8,17.1
栗東,20260725,土,6:27,ドンテスタマスター,,牡,3,0,杉山晴紀,71.6,52.4,34.6,16.9,19.2,17.8,17.7,16.9
栗東,20260725,土,6:27,ビップディラン,,牡,4,900,小椋研介,65.8,47.9,31.7,15.7,17.9,16.2,16.0,15.7
栗東,20260725,土,6:27,マイリトルヒーロー,,牡,3,400,高橋康之,65.1,47.9,31.4,16.0,17.2,16.5,15.4,16.0
栗東,20260725,土,6:27,リベッチオ,,牡,3,900,杉山晴紀,65.5,48.9,32.7,16.5,16.6,16.2,16.2,16.5
栗東,20260725,土,6:28,アイファーモービル,,牡,4,410,宮本博,72.4,53.5,34.8,17.4,18.9,18.7,17.4,17.4
栗東,20260725,土,6:28,ウォーターデライト,,牡,3,400,高柳大輔,58.2,42.1,27.8,14.1,16.1,14.3,13.7,14.1
栗東,20260725,土,6:28,エイシンウィスパー,,牝,3,400,今野貞一,65.9,47.6,30.7,15.1,18.3,16.9,15.6,15.1
栗東,20260725,土,6:28,クリスティーナ,,牝,2,未出走,飯田祐史,70.5,52.7,34.3,17.3,17.8,18.4,17.0,17.3
栗東,20260725,土,6:28,ケイテンアイジン,,牡,4,900,谷潔,66.4,48.5,32.2,16.1,17.9,16.3,16.1,16.1
栗東,20260725,土,6:28,サトノシャイニング,,牡,4,3200,杉山晴紀,65.0,48.5,32.2,15.9,16.5,16.3,16.3,15.9
栗東,20260725,土,6:28,シンゼンコジロウ,,牡,3,0,飯田祐史,70.0,50.9,34.0,16.5,19.1,16.9,17.5,16.5
栗東,20260725,土,6:28,ソルチェリア,,牡,3,900,大根田裕,63.0,45.4,29.9,15.1,17.6,15.5,14.8,15.1
栗東,20260725,土,6:28,ディアーモルタル,,牝,3,0,宮本博,65.4,48.6,32.7,17.0,16.8,15.9,15.7,17.0
栗東,20260725,土,6:28,トシミチ,,牡,2,400,谷潔,67.5,48.6,31.8,15.7,18.9,16.8,16.1,15.7
栗東,20260725,土,6:28,ヒロノリホープ,,牡,2,未出走,宮本博,64.8,47.9,32.2,16.4,16.9,15.7,15.8,16.4
栗東,20260725,土,6:28,メイショウスパーク,,牡,2,未出走,飯田祐史,68.1,50.7,33.5,17.2,17.4,17.2,16.3,17.2
栗東,20260725,土,6:28,メイショウタムシバ,,牝,5,900,飯田祐史,70.0,50.9,34.3,16.9,19.1,16.6,17.4,16.9
栗東,20260725,土,6:28,ロックバンド,,牡,3,400,茶木太樹,64.0,47.8,30.7,14.9,16.2,17.1,15.8,14.9
栗東,20260725,土,6:29,アンズアメ,,牝,4,3600,高柳大輔,67.8,49.4,32.2,15.1,18.4,17.2,17.1,15.1
栗東,20260725,土,6:29,エバイダンス,,牝,3,0,鈴木孝志,67.4,49.2,32.3,15.7,18.2,16.9,16.6,15.7
栗東,20260725,土,6:29,オリンポスカズマ,,牡,6,400,平田修,70.3,51.4,34.2,17.3,18.9,17.2,16.9,17.3
栗東,20260725,土,6:29,シエーナカラー,,牝,3,400,北出成人,67.6,48.8,31.8,16.0,18.8,17.0,15.8,16.0
栗東,20260725,土,6:29,ジーティーウタマロ,,牡,3,0,鈴木孝志,67.8,49.7,32.7,16.3,18.1,17.0,16.4,16.3
栗東,20260725,土,6:29,スターシップ,,牡,3,330,高柳大輔,67.1,48.8,32.8,16.6,18.3,16.0,16.2,16.6
栗東,20260725,土,6:29,スナークオーロラ,,牝,3,0,今野貞一,72.1,53.0,35.2,17.6,19.1,17.8,17.6,17.6
栗東,20260725,土,6:29,パシアンジェンヌ,,牝,2,未出走,鈴木孝志,68.4,49.9,32.5,16.2,18.5,17.4,16.3,16.2
栗東,20260725,土,6:29,パスコード,,牝,4,400,高柳大輔,68.0,49.6,32.2,15.9,18.4,17.4,16.3,15.9
栗東,20260725,土,6:29,パリコレジェンヌ,,牝,4,400,鈴木孝志,66.3,48.5,32.2,16.3,17.8,16.3,15.9,16.3
栗東,20260725,土,6:30,アワジシマ,,牡,2,未登録,,70.0,51.4,34.1,16.8,18.6,17.3,17.3,16.8
栗東,20260725,土,6:30,オトコギアンパン,,牡,5,900,小栗実,68.1,49.6,32.0,15.3,18.5,17.6,16.7,15.3
栗東,20260725,土,6:30,オーシャンズフレア,,牡,2,未登録,,70.1,51.5,34.1,17.0,18.6,17.4,17.1,17.0
栗東,20260725,土,6:30,ドメイン,,牡,3,400,松下武士,69.0,50.4,32.9,16.1,18.6,17.5,16.8,16.1
栗東,20260725,土,6:30,ペイシャマイデイズ,,牡,3,0,吉田直弘,67.9,49.4,32.1,15.9,18.5,17.3,16.2,15.9
栗東,20260725,土,6:30,ペンタトニッカー,,牡,3,未出走,小栗実,64.7,47.0,31.1,15.5,17.7,15.9,15.6,15.5
栗東,20260725,土,6:30,ミリオンカラー,,牝,2,未出走,北出成人,70.8,51.4,32.6,15.8,19.4,18.8,16.8,15.8
栗東,20260725,土,6:31,エクリュ,,牝,3,400,井上智史,65.3,47.2,31.0,15.5,18.1,16.2,15.5,15.5
栗東,20260725,土,6:31,キーパフォーマー,,牝,5,1500,辻野泰之,63.0,46.1,30.3,15.0,16.9,15.8,15.3,15.0
栗東,20260725,土,6:31,マンオブザマッチ,,牡,4,1500,高橋義忠,77.5,57.5,38.9,19.6,20.0,18.6,19.3,19.6
栗東,20260725,土,6:31,メイショウライゴー,,牡,3,0,安達昭夫,65.0,47.6,31.2,15.3,17.4,16.4,15.9,15.3
栗東,20260725,土,6:31,ラヴィアンコール,,牡,3,0,辻野泰之,61.4,45.6,29.8,15.2,15.8,15.8,14.6,15.2
栗東,20260725,土,6:32,イリフィ,,牝,4,1500,高野友和,70.6,51.3,33.6,16.7,19.3,17.7,16.9,16.7
栗東,20260725,土,6:32,オーブフレッシュ,,牝,3,0,辻野泰之,63.8,46.3,29.9,15.1,17.5,16.4,14.8,15.1
栗東,20260725,土,6:32,オーロアルジェント,,牝,3,0,高野友和,70.8,51.0,33.4,16.8,19.8,17.6,16.6,16.8
栗東,20260725,土,6:32,ジャズホリック,,牝,3,0,梅田智之,69.0,50.3,33.5,16.6,18.7,16.8,16.9,16.6
栗東,20260725,土,6:32,ドットクルー,,牡,6,1500,笹田和秀,66.2,48.5,31.5,15.9,17.7,17.0,15.6,15.9
栗東,20260725,土,6:32,ニミッツハイウェイ,,牡,3,0,梅田智之,70.1,50.5,33.1,16.6,19.6,17.4,16.5,16.6
栗東,20260725,土,6:32,ファストフォワード,,牝,3,400,小林真也,63.9,46.9,31.4,15.3,17.0,15.5,16.1,15.3
栗東,20260725,土,6:32,フローマジック,,牝,3,0,辻野泰之,66.2,47.6,31.1,15.6,18.6,16.5,15.5,15.6
栗東,20260725,土,6:32,ルージュシャラポワ,,牝,3,0,小林真也,63.6,46.7,30.6,15.3,16.9,16.1,15.3,15.3
栗東,20260725,土,6:32,ヴェスタールカ,,牝,3,0,高野友和,73.6,53.4,35.0,17.5,20.2,18.4,17.5,17.5
栗東,20260725,土,6:33,ワイワイレジェンド,,牡,5,2400,前川恭子,64.9,47.3,31.4,16.0,17.6,15.9,15.4,16.0
栗東,20260725,土,6:34,マテンロウコマンド,,牡,4,6920,長谷川浩,62.8,45.6,29.9,14.8,17.2,15.7,15.1,14.8
栗東,20260725,土,6:34,マテンロウミラクル,,牡,5,180,柴田卓,66.1,47.5,31.1,15.3,18.6,16.4,15.8,15.3
栗東,20260725,土,6:34,ヴァリアントマーチ,,牝,4,400,柴田卓,69.1,48.3,31.0,14.8,20.8,17.3,16.2,14.8
栗東,20260725,土,6:35,スラッシュ,,牡,3,0,安達昭夫,68.5,50.2,33.0,16.4,18.3,17.2,16.6,16.4
栗東,20260725,土,6:35,ムイ,,牝,4,2100,笹田和秀,66.7,49.3,32.7,16.2,17.4,16.6,16.5,16.2
栗東,20260725,土,6:37,アーデルリーベ,,牝,4,400,斉藤崇史,67.0,48.3,31.4,15.0,18.7,16.9,16.4,15.0
栗東,20260725,土,6:37,カクウチ,,牡,3,400,小崎憲,64.9,48.0,31.9,15.5,16.9,16.1,16.4,15.5
栗東,20260725,土,6:37,メイショウトム,,牡,5,900,谷潔,75.1,53.7,34.5,16.6,21.4,19.2,17.9,16.6
栗東,20260725,土,6:37,ヴェルサイユシエル,,牝,3,未登録,,67.0,48.5,31.5,15.1,18.5,17.0,16.4,15.1
栗東,20260725,土,6:38,オーバースタンド,,牡,4,400,小崎憲,65.2,48.4,31.9,16.2,16.8,16.5,15.7,16.2
栗東,20260725,土,6:38,オーロラトレイル,,牝,2,未出走,清水久詞,68.1,49.6,32.6,15.8,18.5,17.0,16.8,15.8
栗東,20260725,土,6:38,キャンドル,,牝,2,未出走,清水久詞,74.3,54.9,36.8,18.8,19.4,18.1,18.0,18.8
栗東,20260725,土,6:38,ダズリングダンス,,セ,6,790,小椋研介,63.5,46.1,30.3,14.8,17.4,15.8,15.5,14.8
栗東,20260725,土,6:38,トップアタック,,牡,3,900,小椋研介,64.5,46.8,30.5,14.6,17.7,16.3,15.9,14.6
栗東,20260725,土,6:38,トモジャカトゥーラ,,牝,3,0,大根田裕,66.9,48.4,32.4,16.4,18.5,16.0,16.0,16.4
栗東,20260725,土,6:38,ビップヴォルフ,,牡,3,400,小椋研介,63.8,45.8,29.2,14.3,18.0,16.6,14.9,14.3
栗東,20260725,土,6:38,ファミーリエ,,牝,2,未出走,清水久詞,70.8,51.7,35.1,17.9,19.1,16.6,17.2,17.9
栗東,20260725,土,6:38,ベルメサージュ,,牝,2,未出走,大根田裕,66.7,48.1,32.0,16.3,18.6,16.1,15.7,16.3
栗東,20260725,土,6:38,モンサンラパージュ,,牝,2,未登録,,68.9,50.5,34.1,17.8,18.4,16.4,16.3,17.8
栗東,20260725,土,6:39,シンゼンカガ,,牡,4,1500,荒川義之,65.2,47.4,31.5,15.9,17.8,15.9,15.6,15.9
栗東,20260725,土,6:39,シンゼンクラマ,,牡,2,未出走,荒川義之,64.1,46.6,31.2,15.1,17.5,15.4,16.1,15.1
栗東,20260725,土,6:39,マジックブルー,,牡,5,400,荒川義之,65.0,47.3,31.6,16.4,17.7,15.7,15.2,16.4
栗東,20260725,土,6:39,ローズゴジャール,,牝,4,0,荒川義之,63.0,46.6,31.1,16.0,16.4,15.5,15.1,16.0
栗東,20260725,土,6:41,サイモンソレアード,,牝,2,未出走,坂口智康,66.9,47.6,30.4,14.7,19.3,17.2,15.7,14.7
栗東,20260725,土,6:41,マルベック,,牝,3,0,坂口智康,67.5,49.4,32.8,15.8,18.1,16.6,17.0,15.8
栗東,20260725,土,6:42,サンライズハリー,,牡,3,0,平田修,66.9,50.5,33.1,16.7,16.4,17.4,16.4,16.7
栗東,20260725,土,6:42,ペイシャマイデイズ,,牡,3,0,吉田直弘,53.3,39.6,26.4,13.5,13.7,13.2,12.9,13.5
栗東,20260725,土,6:42,マンオブザマッチ,,牡,4,1500,高橋義忠,64.7,47.5,31.0,15.3,17.2,16.5,15.7,15.3
栗東,20260725,土,6:43,キュールエサクラコ,,牝,3,未出走,中尾秀正,65.9,47.3,31.1,15.8,18.6,16.2,15.3,15.8
栗東,20260725,土,6:43,フロムレイブン,,牝,3,400,坂口智康,68.6,49.3,31.9,15.7,19.3,17.4,16.2,15.7
栗東,20260725,土,6:43,レーンアジリティ,,牡,4,400,中尾秀正,70.4,52.0,34.5,17.5,18.4,17.5,17.0,17.5
栗東,20260725,土,6:44,ウィモウェ,,牡,2,0,吉田直弘,71.3,51.2,33.4,16.8,20.1,17.8,16.6,16.8
栗東,20260725,土,6:44,ハレアカラフラ,,牝,6,400,吉田直弘,71.1,51.3,33.3,16.6,19.8,18.0,16.7,16.6
栗東,20260725,土,6:44,メイショウヘール,,牡,5,900,大橋勇樹,68.2,49.6,32.2,15.8,18.6,17.4,16.4,15.8
栗東,20260725,土,6:45,ウィンザーローズ,,牝,2,未出走,吉村圭司,67.1,48.8,31.6,15.6,18.3,17.2,16.0,15.6
栗東,20260725,土,6:45,エアリアルグレース,,牝,3,0,吉村圭司,66.3,47.6,30.7,15.1,18.7,16.9,15.6,15.1
栗東,20260725,土,6:45,エイシンティザー,,牡,3,400,吉村圭司,65.6,46.9,30.1,14.9,18.7,16.8,15.2,14.9
栗東,20260725,土,6:45,カツラコマチ,,牝,3,0,吉村圭司,66.9,48.7,31.7,15.7,18.2,17.0,16.0,15.7
栗東,20260725,土,6:45,ガールズデイアウト,,牝,4,400,吉村圭司,67.0,48.8,31.6,15.8,18.2,17.2,15.8,15.8
栗東,20260725,土,6:45,グランメドウ,,牡,5,400,藤岡健一,65.2,48.1,31.5,16.7,17.1,16.6,14.8,16.7
栗東,20260725,土,6:45,タマモジャスミン,,牝,4,900,大橋勇樹,71.5,52.2,33.9,16.5,19.3,18.3,17.4,16.5
栗東,20260725,土,6:45,タントレーベル,,牝,3,0,吉村圭司,65.0,48.9,32.1,15.7,16.1,16.8,16.4,15.7
栗東,20260725,土,6:45,テーオーグレーザー,,牡,3,1500,藤岡健一,68.5,50.1,32.9,16.8,18.4,17.2,16.1,16.8
栗東,20260725,土,6:45,ラヴェンデル,,牝,4,900,吉村圭司,66.8,49.0,32.2,15.8,17.8,16.8,16.4,15.8
栗東,20260725,土,6:45,ワンダールカ,,牝,2,未登録,,65.2,48.7,32.0,15.7,16.5,16.7,16.3,15.7
栗東,20260725,土,6:46,ウインラウダ,,牡,5,400,梅田智之,64.1,46.9,31.1,15.6,17.2,15.8,15.5,15.6
栗東,20260725,土,6:46,ソーニーイシュー,,牡,5,2400,千田輝彦,57.8,41.5,26.7,13.3,16.3,14.8,13.4,13.3
栗東,20260725,土,6:47,イズジョーアザヤカ,,牝,3,0,千田輝彦,67.9,49.0,32.3,15.7,18.9,16.7,16.6,15.7
栗東,20260725,土,6:47,グロリアスニケ,,牝,3,0,千田輝彦,57.4,41.6,27.3,13.6,15.8,14.3,13.7,13.6
栗東,20260725,土,6:47,ザムーン,,牝,3,0,千田輝彦,66.2,49.1,31.9,15.8,17.1,17.2,16.1,15.8
栗東,20260725,土,6:48,プレデンシア,,牝,3,0,中尾秀正,63.3,46.5,30.8,15.6,16.8,15.7,15.2,15.6
栗東,20260725,土,6:48,マルモタワー,,牡,2,0,中尾秀正,68.8,50.6,33.4,16.5,18.2,17.2,16.9,16.5
栗東,20260725,土,6:48,リントゥラウル,,牡,3,0,秋山真一,65.6,48.4,32.2,16.4,17.2,16.2,15.8,16.4
栗東,20260725,土,6:49,スナークピカソ,,牡,4,900,高橋一哉,65.3,48.4,32.1,16.0,16.9,16.3,16.1,16.0
栗東,20260725,土,6:49,ダンスコマンド,,牡,2,未出走,高橋一哉,66.8,49.2,32.6,16.3,17.6,16.6,16.3,16.3
栗東,20260725,土,6:49,パーフェクトパティ,,牝,3,未出走,高橋一哉,68.1,50.0,33.2,16.8,18.1,16.8,16.4,16.8
栗東,20260725,土,6:49,ブリガディア,,牡,2,未登録,,72.4,53.7,35.9,18.3,18.7,17.8,17.6,18.3
栗東,20260725,土,6:49,ブーディガ,,牝,4,400,高橋一哉,64.5,47.4,31.6,15.9,17.1,15.8,15.7,15.9
栗東,20260725,土,6:49,ルヴァンタドゥール,,牡,2,未出走,秋山真一,67.9,49.9,32.8,16.3,18.0,17.1,16.5,16.3
栗東,20260725,土,6:50,メイショウマグナ,,牝,3,0,石橋守,66.5,48.4,31.9,15.6,18.1,16.5,16.3,15.6
栗東,20260725,土,6:50,メイショウマドロス,,牡,5,400,石橋守,66.1,48.2,31.6,15.7,17.9,16.6,15.9,15.7
栗東,20260725,土,6:51,キョラムン,,牝,4,400,石橋守,66.8,48.8,32.3,16.0,18.0,16.5,16.3,16.0
栗東,20260725,土,6:54,アンドゥーリル,,牡,3,1200,中内田充,66.7,48.6,32.1,16.4,18.1,16.5,15.7,16.4
栗東,20260725,土,6:54,エルゴスフィア,,牡,2,未登録,,66.9,48.7,32.0,15.9,18.2,16.7,16.1,15.9
栗東,20260725,土,6:55,アイデア,,牡,2,未出走,中内田充,64.7,47.5,31.5,16.0,17.2,16.0,15.5,16.0
栗東,20260725,土,6:56,アージュドール,,牡,3,0,森田直行,68.0,49.9,32.8,16.4,18.1,17.1,16.4,16.4
栗東,20260725,土,6:56,クルクルミラクル,,牝,2,未出走,森田直行,68.6,50.1,32.7,16.2,18.5,17.4,16.5,16.2
栗東,20260725,土,6:56,ハイディージェン,,セ,5,900,森田直行,65.2,46.7,30.7,15.6,18.5,16.0,15.1,15.6
栗東,20260725,土,6:57,カンシン,,牡,4,2400,西園翔太,70.1,50.8,33.3,16.4,19.3,17.5,16.9,16.4
栗東,20260725,土,6:57,コウセキ,,牡,4,2400,西園翔太,68.8,49.1,32.0,16.1,19.7,17.1,15.9,16.1
栗東,20260725,土,6:57,ゴルトクリーガー,,牡,2,未登録,,69.9,51.6,34.5,17.4,18.3,17.1,17.1,17.4
栗東,20260725,土,6:58,キングメーカー,,牡,4,1500,須貝尚介,69.1,51.2,33.5,16.4,17.9,17.7,17.1,16.4
栗東,20260725,土,6:58,フェルシナ,,牝,4,400,西園翔太,67.9,50.6,33.7,17.0,17.3,16.9,16.7,17.0
栗東,20260725,土,7:01,ショウナンバルドル,,セ,4,900,須貝尚介,64.8,47.3,30.4,14.5,17.5,16.9,15.9,14.5
栗東,20260725,土,7:01,テラメリタ,,牝,5,1500,須貝尚介,65.3,47.0,30.5,14.6,18.3,16.5,15.9,14.6
栗東,20260725,土,7:01,ホウオウタイタン,,牝,4,900,須貝尚介,65.3,47.5,31.1,14.9,17.8,16.4,16.2,14.9
栗東,20260725,土,7:03,テイエムアイラン,,牝,3,900,宮地貴稔,64.3,47.4,31.7,15.8,16.9,15.7,15.9,15.8
栗東,20260725,土,7:03,メテオロイド,,牡,3,0,宮地貴稔,64.1,47.8,30.6,15.4,16.3,17.2,15.2,15.4
栗東,20260725,土,7:03,ヴェルジーネ,,牝,3,400,宮地貴稔,63.9,47.4,31.3,15.3,16.5,16.1,16.0,15.3
栗東,20260725,土,7:04,ホウオウサンデー,,牡,8,900,井上智史,65.2,48.1,31.5,15.9,17.1,16.6,15.6,15.9
栗東,20260725,土,7:06,コンクイスタ,,セ,6,4480,吉岡辰弥,66.2,47.3,30.4,14.8,18.9,16.9,15.6,14.8
栗東,20260725,土,7:06,ナルキッソス,,牡,3,400,吉岡辰弥,63.4,46.1,29.2,14.8,17.3,16.9,14.4,14.8
栗東,20260725,土,7:06,ルースソラール,,牡,2,0,吉岡辰弥,65.2,47.8,31.4,15.7,17.4,16.4,15.7,15.7
栗東,20260725,土,7:07,エコロスパーダ,,牡,4,400,大久保龍,64.3,46.9,31.1,15.5,17.4,15.8,15.6,15.5
栗東,20260725,土,7:07,オオツカ,,牡,3,900,大久保龍,63.6,46.0,30.0,15.3,17.6,16.0,14.7,15.3
栗東,20260725,土,7:07,ジューンセクレタ,,牡,3,400,武英智,65.0,47.5,32.3,16.1,17.5,15.2,16.2,16.1
栗東,20260725,土,7:07,ペプチドレオン,,牡,3,0,武英智,64.2,45.4,30.2,15.7,18.8,15.2,14.5,15.7
栗東,20260725,土,7:07,ミッキーコンドル,,牡,4,400,大久保龍,64.2,46.1,30.0,14.8,18.1,16.1,15.2,14.8
栗東,20260725,土,7:07,ルージュエテルナ,,牝,3,0,友道康夫,61.7,44.6,29.0,14.5,17.1,15.6,14.5,14.5
栗東,20260725,土,7:08,クレスコフェーヴ,,牝,3,0,羽月友彦,63.0,46.3,30.8,15.9,16.7,15.5,14.9,15.9
栗東,20260725,土,7:08,ステラヴェント,,牝,2,未出走,武英智,65.4,47.5,31.8,16.2,17.9,15.7,15.6,16.2
栗東,20260725,土,7:08,ビーウィナー,,牡,3,0,羽月友彦,59.7,44.0,29.2,14.7,15.7,14.8,14.5,14.7
栗東,20260725,土,7:08,メイケイシャイン,,牡,3,0,武英智,67.1,49.4,32.6,16.2,17.7,16.8,16.4,16.2
栗東,20260725,土,7:09,サンライズオルフェ,,牡,2,未登録,,67.2,50.1,33.5,17.4,17.1,16.6,16.1,17.4
栗東,20260725,土,7:09,サンライズモロヘイ,,牡,2,未登録,,66.0,48.0,32.3,16.6,18.0,15.7,15.7,16.6
栗東,20260725,土,7:09,シャイック,,牝,2,未登録,,65.3,47.7,31.1,15.2,17.6,16.6,15.9,15.2
栗東,20260725,土,7:09,ワークソング,,牡,5,1500,牧浦充徳,64.9,47.2,30.9,15.1,17.7,16.3,15.8,15.1
栗東,20260725,土,7:10,ローズラフィネ,,牝,3,0,友道康夫,63.2,46.1,30.4,15.3,17.1,15.7,15.1,15.3
栗東,20260725,土,7:11,エイシンディード,,牡,3,2520,大久保龍,64.3,47.5,31.7,16.1,16.8,15.8,15.6,16.1
栗東,20260725,土,7:11,コルベータ,,牡,2,未出走,松下武士,67.4,49.3,33.1,16.6,18.1,16.2,16.5,16.6
栗東,20260725,土,7:11,サトノグロリア,,牡,3,0,友道康夫,65.5,47.5,31.3,15.9,18.0,16.2,15.4,15.9
栗東,20260725,土,7:11,ジューンマーチ,,牡,3,0,松下武士,64.3,48.5,32.8,16.9,15.8,15.7,15.9,16.9
栗東,20260725,土,7:11,レッドタイラント,,牡,2,未出走,友道康夫,63.1,45.6,30.5,15.8,17.5,15.1,14.7,15.8
栗東,20260725,土,7:13,シャンパンスター,,牝,3,0,緒方努,65.1,47.5,31.1,15.4,17.6,16.4,15.7,15.4
栗東,20260725,土,7:14,アーディアイリ,,牝,3,400,緒方努,64.2,47.2,31.3,15.5,17.0,15.9,15.8,15.5
栗東,20260725,土,7:14,コトテーラー,,牝,2,未出走,緒方努,67.1,49.7,32.7,16.3,17.4,17.0,16.4,16.3
栗東,20260725,土,7:14,コンフェルマ,,セ,5,900,寺島良,67.9,49.4,31.5,15.3,18.5,17.9,16.2,15.3
栗東,20260725,土,7:14,ハッピーブルー,,牡,3,0,緒方努,66.9,49.4,32.5,16.0,17.5,16.9,16.5,16.0
栗東,20260725,土,7:14,リリーギャラクシー,,牡,2,未出走,緒方努,65.0,47.6,32.1,16.0,17.4,15.5,16.1,16.0
栗東,20260725,土,7:14,リリークリスタル,,牝,3,0,緒方努,64.2,47.1,30.5,15.0,17.1,16.6,15.5,15.0
栗東,20260725,土,7:15,ケーブパール,,牝,5,1500,友道康夫,61.2,45.8,30.0,14.1,15.4,15.8,15.9,14.1
栗東,20260725,土,7:16,クラテロス,,牝,3,0,寺島良,66.0,48.6,32.2,15.9,17.4,16.4,16.3,15.9
栗東,20260725,土,7:16,シブレット,,牝,2,未出走,寺島良,65.6,48.6,32.1,15.6,17.0,16.5,16.5,15.6
栗東,20260725,土,7:16,ハギノコラソン,,牝,4,900,寺島良,65.7,47.6,30.6,14.5,18.1,17.0,16.1,14.5
栗東,20260725,土,7:16,ミエスペランサ,,牝,5,1500,橋田宜長,65.7,47.4,31.0,15.4,18.3,16.4,15.6,15.4
栗東,20260725,土,7:20,チェルヴァーラ,,牡,3,400,松下武士,70.1,51.3,33.0,15.9,18.8,18.3,17.1,15.9
栗東,20260725,土,7:21,サクライロマウコロ,,牝,3,0,小椋研介,63.8,46.2,30.3,15.5,17.6,15.9,14.8,15.5
栗東,20260725,土,7:21,サンライズジャッジ,,牡,3,0,小椋研介,63.2,45.6,29.4,14.2,17.6,16.2,15.2,14.2
栗東,20260725,土,7:21,ロックウイズユー,,セ,4,400,橋田宜長,67.7,48.7,31.4,15.7,19.0,17.3,15.7,15.7
栗東,20260725,土,7:34,ディグニダドレアル,,牡,3,0,宮徹,85.5,64.2,43.0,21.7,21.3,21.2,21.3,21.7
栗東,20260725,土,7:36,アイゼンハイム,,牡,3,0,辻野泰之,64.1,46.7,29.6,14.2,17.4,17.1,15.4,14.2
栗東,20260725,土,7:36,ポッドリプル,,牡,3,400,辻野泰之,64.8,47.0,30.4,14.9,17.8,16.6,15.5,14.9
栗東,20260725,土,7:41,キービート,,牡,3,0,宮徹,76.0,55.9,37.3,18.3,20.1,18.6,19.0,18.3
栗東,20260725,土,7:41,ジョイフルサンデー,,牡,3,0,宮徹,76.1,55.8,37.4,18.5,20.3,18.4,18.9,18.5
栗東,20260725,土,7:41,ホウオウスカイハイ,,牡,3,0,宮徹,66.3,49.2,32.5,16.4,17.1,16.7,16.1,16.4
栗東,20260725,土,7:46,ディグニダドレアル,,牡,3,0,宮徹,68.2,50.8,34.1,17.0,17.4,16.7,17.1,17.0
栗東,20260725,土,7:46,トライアンフパス,,牝,3,900,宮徹,67.4,48.9,32.3,16.1,18.5,16.6,16.2,16.1
栗東,20260725,土,8:00,スミヨン,,牡,3,未出走,小栗実,64.1,47.8,31.6,15.5,16.3,16.2,16.1,15.5
美浦,20260725,土,4:57,キュータンチャン,,牡,2,0,尾形和幸,69.6,50.7,33.2,16.5,18.9,17.5,16.7,16.5
美浦,20260725,土,4:57,クイーンアン,,牝,3,0,蛯名正義,67.9,50.4,33.3,16.9,17.5,17.1,16.4,16.9
美浦,20260725,土,4:57,グレイスルーラー,,牝,3,0,尾形和幸,70.1,51.6,33.5,16.6,18.5,18.1,16.9,16.6
美浦,20260725,土,4:57,テキサスバローズ,,牡,3,0,蛯名正義,70.5,51.8,34.6,17.5,18.7,17.2,17.1,17.5
美浦,20260725,土,4:57,ニシノロッドマン,,牡,3,0,矢嶋大樹,69.3,51.0,33.7,17.2,18.3,17.3,16.5,17.2
美浦,20260725,土,4:57,ビルバンテ,,牡,3,400,蛯名正義,70.4,51.9,34.6,17.0,18.5,17.3,17.6,17.0
美浦,20260725,土,4:57,ブライトラン,,牡,3,0,尾形和幸,69.1,50.3,33.1,16.7,18.8,17.2,16.4,16.7
美浦,20260725,土,4:57,リポサンテ,,牝,4,400,蛯名正義,68.9,51.3,33.8,16.7,17.6,17.5,17.1,16.7
美浦,20260725,土,4:58,イカルステソーロ,,牡,2,未出走,武市康男,65.1,48.5,32.6,15.9,16.6,15.9,16.7,15.9
美浦,20260725,土,4:58,ウィズアツインクル,,牡,3,0,牧光二,66.4,49.4,33.2,16.8,17.0,16.2,16.4,16.8
美浦,20260725,土,4:58,ウインワーグナー,,牡,2,400,武市康男,65.3,49.1,32.8,16.5,16.2,16.3,16.3,16.5
美浦,20260725,土,4:58,ウフドゥウフ,,牡,4,400,上原博之,60.0,43.3,28.2,13.9,16.7,15.1,14.3,13.9
美浦,20260725,土,4:58,エニシングゴース,,牡,2,0,和田雄二,68.2,49.9,32.5,16.5,18.3,17.4,16.0,16.5
美浦,20260725,土,4:58,ガジュノリ,,牝,5,1500,尾形和幸,70.3,51.8,34.0,16.9,18.5,17.8,17.1,16.9
美浦,20260725,土,4:58,ゴッドレイ,,牝,3,0,伊藤大士,63.5,47.4,32.0,16.3,16.1,15.4,15.7,16.3
美浦,20260725,土,4:58,サムシングスイート,,牝,3,400,伊藤大士,62.6,46.4,30.6,15.4,16.2,15.8,15.2,15.4
美浦,20260725,土,4:58,シュネーバレン,,牝,2,0,牧光二,63.9,47.6,31.5,15.8,16.3,16.1,15.7,15.8
美浦,20260725,土,4:58,ナムラアラバイ,,牡,2,未出走,武市康男,66.8,50.0,33.8,17.0,16.8,16.2,16.8,17.0
美浦,20260725,土,4:58,パラダイスフェイス,,牡,3,900,牧光二,64.7,48.1,31.8,16.1,16.6,16.3,15.7,16.1
美浦,20260725,土,4:58,ビスケット,,牝,6,120,和田雄二,64.3,46.1,30.1,15.4,18.2,16.0,14.7,15.4
美浦,20260725,土,4:58,ピコバレット,,牡,3,0,牧光二,63.1,47.0,31.0,15.5,16.1,16.0,15.5,15.5
美浦,20260725,土,4:58,フィールザウィル,,牝,2,未出走,伊藤大士,64.9,48.5,32.6,16.2,16.4,15.9,16.4,16.2
美浦,20260725,土,4:58,フジコンフィデンス,,牝,3,0,牧光二,67.8,51.1,34.4,16.6,16.7,16.7,17.8,16.6
美浦,20260725,土,4:58,モンサンアミュザン,,牝,2,0,牧光二,72.2,53.1,35.1,17.4,19.1,18.0,17.7,17.4
美浦,20260725,土,4:58,ロジグローリー,,牡,2,未登録,,64.5,48.1,31.9,16.0,16.4,16.2,15.9,16.0
美浦,20260725,土,4:59,アセンブリールーム,,牡,4,400,中川公成,71.5,52.9,35.0,17.8,18.6,17.9,17.2,17.8
美浦,20260725,土,4:59,ウィロークリーク,,牡,3,400,中舘英二,67.5,50.0,33.1,15.9,17.5,16.9,17.2,15.9
美浦,20260725,土,4:59,エイシンウルクンデ,,牡,2,0,勢司和浩,69.1,51.1,33.7,16.8,18.0,17.4,16.9,16.8
美浦,20260725,土,4:59,カウスリップ,,牝,4,1500,中舘英二,69.6,51.6,34.0,17.1,18.0,17.6,16.9,17.1
美浦,20260725,土,4:59,ガビーズメロディ,,牡,3,0,伊坂重信,66.3,48.0,30.8,15.2,18.3,17.2,15.6,15.2
美浦,20260725,土,4:59,コスモエーヴィヒ,,牝,3,0,伊藤大士,63.9,47.8,31.8,16.2,16.1,16.0,15.6,16.2
美浦,20260725,土,4:59,コラリオン,,牡,2,未出走,伊坂重信,65.1,47.6,30.9,15.3,17.5,16.7,15.6,15.3
美浦,20260725,土,4:59,コンフィアル,,牡,2,未出走,嘉藤貴行,66.4,49.1,32.1,15.8,17.3,17.0,16.3,15.8
美浦,20260725,土,4:59,シャインアルプス,,牝,3,0,中川公成,68.6,51.3,35.2,19.0,17.3,16.1,16.2,19.0
美浦,20260725,土,4:59,スヴェンガーリ,,牡,2,未出走,嘉藤貴行,64.4,47.2,30.8,15.3,17.2,16.4,15.5,15.3
美浦,20260725,土,4:59,ビーズスティンガー,,牝,2,未出走,中川公成,63.3,46.9,31.3,15.8,16.4,15.6,15.5,15.8
美浦,20260725,土,4:59,フュチュール,,牝,3,0,嘉藤貴行,62.3,46.1,30.0,14.9,16.2,16.1,15.1,14.9
美浦,20260725,土,4:59,ブレイクフォース,,牡,7,5000,中舘英二,68.2,50.8,33.5,16.4,17.4,17.3,17.1,16.4
美浦,20260725,土,4:59,ベルウッドピース,,牡,3,400,中舘英二,70.3,52.2,34.7,17.6,18.1,17.5,17.1,17.6
美浦,20260725,土,4:59,マーゴットゲイン,,牡,4,900,伊坂重信,65.7,48.0,31.2,15.3,17.7,16.8,15.9,15.3
美浦,20260725,土,4:59,レモンバーム,,牝,4,400,嘉藤貴行,65.0,47.5,31.5,15.7,17.5,16.0,15.8,15.7
美浦,20260725,土,4:59,ロインクロス,,牡,2,未出走,中舘英二,69.8,51.8,34.3,17.2,18.0,17.5,17.1,17.2
美浦,20260725,土,5:00,アオイスミレ,,牝,2,未出走,加藤征弘,71.6,52.9,34.9,17.4,18.7,18.0,17.5,17.4
美浦,20260725,土,5:00,アラビアンドリーム,,牡,3,0,栗田徹,69.1,51.3,33.9,16.4,17.8,17.4,17.5,16.4
美浦,20260725,土,5:00,ウィルステート,,牡,2,未出走,黒岩陽一,66.8,48.4,31.3,15.5,18.4,17.1,15.8,15.5
美浦,20260725,土,5:00,キミハスコール,,牡,5,900,加藤征弘,65.9,48.4,31.7,15.3,17.5,16.7,16.4,15.3
美浦,20260725,土,5:00,クライスレリアーナ,,牝,4,900,木村哲也,72.5,53.6,35.5,17.8,18.9,18.1,17.7,17.8
美浦,20260725,土,5:00,クラッシファイド,,牡,5,900,黒岩陽一,66.1,47.8,30.6,15.5,18.3,17.2,15.1,15.5
美浦,20260725,土,5:00,サンセットブライト,,牝,5,1500,相沢郁,69.9,51.9,34.1,16.8,18.0,17.8,17.3,16.8
美浦,20260725,土,5:00,タイセイウィザード,,牡,2,未登録,,66.8,49.5,32.4,16.4,17.3,17.1,16.0,16.4
美浦,20260725,土,5:00,ホウオウルクソール,,牡,3,400,栗田徹,66.4,48.8,32.0,16.1,17.6,16.8,15.9,16.1
美浦,20260725,土,5:00,マツリダイコ,,牝,3,400,黒岩陽一,66.1,47.9,30.8,15.2,18.2,17.1,15.6,15.2
美浦,20260725,土,5:00,ラッキーキッド,,牡,3,1600,加藤征弘,71.8,53.0,35.1,17.0,18.8,17.9,18.1,17.0
美浦,20260725,土,5:00,ルージュカルデア,,牝,3,400,加藤征弘,71.6,52.9,35.1,17.3,18.7,17.8,17.8,17.3
美浦,20260725,土,5:00,レッドマスキュラー,,牡,2,未出走,黒岩陽一,66.1,47.9,31.0,15.1,18.2,16.9,15.9,15.1
美浦,20260725,土,5:01,アカツキロットリー,,牡,6,220,的場均,70.5,51.2,33.1,16.4,19.3,18.1,16.7,16.4
美浦,20260725,土,5:01,アーリマックス,,牝,3,0,清水英克,72.5,52.3,33.9,17.1,20.2,18.4,16.8,17.1
美浦,20260725,土,5:01,イセッセイ,,牝,3,0,伊藤伸一,72.5,53.3,34.7,17.2,19.2,18.6,17.5,17.2
美浦,20260725,土,5:01,インザダーク,,牝,2,0,伊藤伸一,71.2,51.8,33.5,16.2,19.4,18.3,17.3,16.2
美浦,20260725,土,5:01,カワイクテゴメン,,牝,3,0,田中勝春,65.7,47.5,31.1,15.9,18.2,16.4,15.2,15.9
美浦,20260725,土,5:01,キンバリー,,牡,2,未出走,伊藤伸一,72.4,52.5,34.3,17.2,19.9,18.2,17.1,17.2
美浦,20260725,土,5:01,クリアクォーツ,,牡,4,0,的場均,72.1,52.7,34.4,17.1,19.4,18.3,17.3,17.1
美浦,20260725,土,5:01,ゲクウ,,牡,4,900,小手川準,68.7,50.3,32.9,16.0,18.4,17.4,16.9,16.0
美浦,20260725,土,5:01,コスモデュアリズム,,牡,2,未出走,伊藤伸一,72.1,52.6,34.1,17.3,19.5,18.5,16.8,17.3
美浦,20260725,土,5:01,セイウンオオゾラ,,牡,2,0,小手川準,68.1,49.9,32.6,15.7,18.2,17.3,16.9,15.7
美浦,20260725,土,5:01,セレスティアハート,,牝,3,未出走,的場均,74.7,53.9,35.4,17.9,20.8,18.5,17.5,17.9
美浦,20260725,土,5:01,ゼンノスタニング,,牡,3,0,小手川準,68.9,51.2,33.6,16.6,17.7,17.6,17.0,16.6
美浦,20260725,土,5:01,ティラーノ,,牡,3,400,小手川準,68.6,49.8,31.8,15.8,18.8,18.0,16.0,15.8
美浦,20260725,土,5:01,テングカゼ,,牡,2,未出走,的場均,72.5,53.0,34.6,17.3,19.5,18.4,17.3,17.3
美浦,20260725,土,5:01,デイジー,,牝,5,400,田中勝春,65.9,47.8,31.5,16.0,18.1,16.3,15.5,16.0
美浦,20260725,土,5:01,ナイトスラッガー,,牡,5,900,小手川準,69.6,50.9,33.6,16.5,18.7,17.3,17.1,16.5
美浦,20260725,土,5:01,ナイトバード,,牡,3,0,中舘英二,69.9,51.3,33.5,16.8,18.6,17.8,16.7,16.8
美浦,20260725,土,5:01,ノワールブレイブ,,牝,2,未出走,清水英克,72.7,52.3,33.7,16.7,20.4,18.6,17.0,16.7
美浦,20260725,土,5:01,ホワイトホール,,牝,2,未出走,清水英克,72.7,52.2,33.9,16.6,20.5,18.3,17.3,16.6
美浦,20260725,土,5:01,マイネルアウルム,,牡,4,500,伊藤伸一,72.5,52.9,34.7,17.6,19.6,18.2,17.1,17.6
美浦,20260725,土,5:02,エコロブラン,,牝,2,未出走,中舘英二,70.5,51.8,34.2,17.0,18.7,17.6,17.2,17.0
美浦,20260725,土,5:02,オプレントジュエル,,牝,4,400,中舘英二,69.6,51.1,33.5,16.4,18.5,17.6,17.1,16.4
美浦,20260725,土,5:02,クムシラコ,,牡,8,2400,千葉直人,70.7,50.2,32.0,15.5,20.5,18.2,16.5,15.5
美浦,20260725,土,5:02,クリニクラウン,,牝,6,1500,小手川準,69.9,52.7,34.7,17.2,17.2,18.0,17.5,17.2
美浦,20260725,土,5:02,サイモンオリエント,,牡,2,未出走,勢司和浩,73.3,54.4,36.3,18.5,18.9,18.1,17.8,18.5
美浦,20260725,土,5:02,サイモンセレーノ,,牝,3,400,勢司和浩,70.6,51.2,34.1,17.7,19.4,17.1,16.4,17.7
美浦,20260725,土,5:02,シーニックビュー,,牡,5,520,金成貴史,72.8,53.2,34.9,17.4,19.6,18.3,17.5,17.4
美浦,20260725,土,5:02,ゼンダンタカ,,牝,4,900,中舘英二,70.6,51.7,33.7,16.5,18.9,18.0,17.2,16.5
美浦,20260725,土,5:02,ソフィアプルーマ,,牝,3,0,上原博之,65.1,48.1,31.8,15.8,17.0,16.3,16.0,15.8
美浦,20260725,土,5:02,テスタ,,牡,2,未出走,金成貴史,70.2,51.9,34.5,18.0,18.3,17.4,16.5,18.0
美浦,20260725,土,5:02,テンクウハット,,牝,6,400,加藤和宏,71.4,53.5,35.9,18.3,17.9,17.6,17.6,18.3
美浦,20260725,土,5:02,ニシノトラノスケ,,牡,2,未出走,千葉直人,71.6,52.8,34.4,17.1,18.8,18.4,17.3,17.1
美浦,20260725,土,5:02,ファリーザ,,牝,4,1500,千葉直人,68.2,48.4,30.7,15.0,19.8,17.7,15.7,15.0
美浦,20260725,土,5:02,ヘルメスギャング,,セ,3,400,武井亮,54.9,40.2,26.5,13.1,14.7,13.7,13.4,13.1
美浦,20260725,土,5:02,モーニンムスメ,,牝,3,0,加藤和宏,70.9,53.1,35.7,18.3,17.8,17.4,17.4,18.3
美浦,20260725,土,5:03,アスパラゴ,,牝,3,400,中舘英二,69.0,50.6,33.4,17.1,18.4,17.2,16.3,17.1
美浦,20260725,土,5:03,オオルリ,,牝,2,未出走,水野貴広,72.4,53.8,35.6,18.1,18.6,18.2,17.5,18.1
美浦,20260725,土,5:03,カゼノタカトシ,,牡,4,900,久保田貴,68.9,50.9,32.9,16.4,18.0,18.0,16.5,16.4
美浦,20260725,土,5:03,キタノアヤカ,,牝,3,0,萱野浩二,65.6,47.2,30.8,15.6,18.4,16.4,15.2,15.6
美浦,20260725,土,5:03,サクセスボーイ,,牡,2,0,相沢郁,70.2,51.3,34.1,17.3,18.9,17.2,16.8,17.3
美浦,20260725,土,5:03,ジオパークカツキ,,牡,2,未出走,伊藤圭三,67.3,49.8,33.0,16.2,17.5,16.8,16.8,16.2
美浦,20260725,土,5:03,ジュエルドレーサー,,牡,5,130,蛯名利弘,64.6,48.1,32.0,16.0,16.5,16.1,16.0,16.0
美浦,20260725,土,5:03,ジロラータ,,牡,4,0,久保田貴,68.9,51.2,34.0,17.2,17.7,17.2,16.8,17.2
美浦,20260725,土,5:03,ソウルアンドジャズ,,セ,5,900,武井亮,64.7,47.6,31.6,15.5,17.1,16.0,16.1,15.5
美浦,20260725,土,5:03,タマモブレイキン,,牡,3,0,伊藤圭三,67.9,50.0,32.5,15.8,17.9,17.5,16.7,15.8
美浦,20260725,土,5:03,パッションリッチ,,牡,4,900,久保田貴,68.5,51.3,34.1,16.5,17.2,17.2,17.6,16.5
美浦,20260725,土,5:03,ブロッコロ,,牝,3,0,加藤和宏,68.4,49.5,32.7,16.8,18.9,16.8,15.9,16.8
美浦,20260725,土,5:03,モウエエデショー,,牡,3,400,萱野浩二,71.5,52.0,33.8,17.1,19.5,18.2,16.7,17.1
美浦,20260725,土,5:03,ライングラウス,,牡,2,未出走,水野貴広,73.5,54.2,35.6,18.1,19.3,18.6,17.5,18.1
美浦,20260725,土,5:03,ヴェントベローチェ,,牡,3,0,勢司和浩,65.2,47.8,31.2,15.3,17.4,16.6,15.9,15.3
美浦,20260725,土,5:04,キタノドンカルロ,,牡,3,0,粕谷昌央,66.1,48.6,32.5,16.8,17.5,16.1,15.7,16.8
美浦,20260725,土,5:04,ギガントシュラーク,,牡,2,未出走,萱野浩二,67.6,49.8,32.7,16.4,17.8,17.1,16.3,16.4
美浦,20260725,土,5:04,コナパームス,,牡,2,0,森一誠,64.7,48.0,30.8,14.8,16.7,17.2,16.0,14.8
美浦,20260725,土,5:04,サフランヒーロー,,セ,5,2400,森一誠,65.6,48.4,31.6,15.1,17.2,16.8,16.5,15.1
美浦,20260725,土,5:04,ジーティーホクサイ,,セ,3,0,大竹正博,66.2,47.6,30.6,14.8,18.6,17.0,15.8,14.8
美浦,20260725,土,5:04,ダノンシルヴァ,,牝,2,未出走,尾関知人,67.1,50.1,33.3,16.9,17.0,16.8,16.4,16.9
美浦,20260725,土,5:04,バトンロード,,牡,4,100,粕谷昌央,65.9,48.7,32.7,16.7,17.2,16.0,16.0,16.7
美浦,20260725,土,5:04,ビーンスターク,,セ,5,0,粕谷昌央,64.9,48.1,32.2,16.1,16.8,15.9,16.1,16.1
美浦,20260725,土,5:04,ファンシーフリル,,牝,3,400,蛯名利弘,65.1,47.9,30.7,15.5,17.2,17.2,15.2,15.5
美浦,20260725,土,5:04,ペイシャダンシング,,牝,3,未出走,粕谷昌央,64.4,47.4,30.9,15.7,17.0,16.5,15.2,15.7
美浦,20260725,土,5:04,マムダッドベル,,牝,2,未出走,粕谷昌央,65.6,48.0,32.0,16.3,17.6,16.0,15.7,16.3
美浦,20260725,土,5:04,マルスレジーナ,,牝,2,未出走,森一誠,64.6,47.7,31.0,15.0,16.9,16.7,16.0,15.0
美浦,20260725,土,5:04,ムーンストラック,,牝,4,500,武市康男,69.4,51.5,33.8,16.5,17.9,17.7,17.3,16.5
美浦,20260725,土,5:04,ルージュフィーリア,,牝,3,0,大竹正博,65.1,47.1,30.2,14.6,18.0,16.9,15.6,14.6
美浦,20260725,土,5:04,レイニング,,牡,4,2400,森一誠,65.5,48.1,31.2,15.4,17.4,16.9,15.8,15.4
美浦,20260725,土,5:04,レオスキーム,,牡,3,0,萱野浩二,68.8,50.6,33.0,16.6,18.2,17.6,16.4,16.6
美浦,20260725,土,5:05,ウイングレイテスト,,牡,9,10000,畠山吉宏,65.9,47.8,30.7,15.7,18.1,17.1,15.0,15.7
美浦,20260725,土,5:05,エートレイン,,牡,2,未出走,岩戸孝樹,66.1,48.1,31.9,16.4,18.0,16.2,15.5,16.4
美浦,20260725,土,5:05,クラウンセト,,牡,7,160,本間忍,71.8,51.6,33.9,16.7,20.2,17.7,17.2,16.7
美浦,20260725,土,5:05,グランドスウェル,,セ,3,400,畠山吉宏,65.5,48.3,31.4,15.4,17.2,16.9,16.0,15.4
美浦,20260725,土,5:05,サンエルディーケー,,牝,2,未出走,岩戸孝樹,67.5,49.4,32.3,16.3,18.1,17.1,16.0,16.3
美浦,20260725,土,5:05,タワーレイヴン,,牡,2,未登録,,66.0,48.1,31.8,16.1,17.9,16.3,15.7,16.1
美浦,20260725,土,5:05,チャリティチャリス,,牡,3,0,浅利英明,67.6,49.6,32.7,16.2,18.0,16.9,16.5,16.2
美浦,20260725,土,5:05,ディエスルージュ,,牝,3,0,秋本大介,65.6,47.9,30.8,14.4,17.7,17.1,16.4,14.4
美浦,20260725,土,5:05,ヌンエリン,,牝,2,未出走,秋本大介,64.8,47.6,30.8,15.4,17.2,16.8,15.4,15.4
美浦,20260725,土,5:05,ハチキンキリシマ,,牝,2,未出走,蛯名利弘,71.0,51.5,33.7,16.7,19.5,17.8,17.0,16.7
美浦,20260725,土,5:05,ハヌル,,牝,5,400,岩戸孝樹,66.0,47.3,31.1,15.6,18.7,16.2,15.5,15.6
美浦,20260725,土,5:05,ピースフルワールド,,牝,5,0,吉村圭司,64.8,46.3,30.3,15.3,18.5,16.0,15.0,15.3
美浦,20260725,土,5:05,フィールオーサム,,牝,4,900,岩戸孝樹,67.7,50.4,33.8,17.0,17.3,16.6,16.8,17.0
美浦,20260725,土,5:05,フィールマイプラン,,牡,3,400,岩戸孝樹,65.7,48.2,32.0,16.0,17.5,16.2,16.0,16.0
美浦,20260725,土,5:05,マイネルウルカヌス,,牡,2,未出走,畠山吉宏,65.2,48.4,31.7,15.7,16.8,16.7,16.0,15.7
美浦,20260725,土,5:05,マイネルニコラス,,牡,7,1500,畠山吉宏,65.8,47.2,29.9,14.7,18.6,17.3,15.2,14.7
美浦,20260725,土,5:05,ヤマニンジェンナ,,牝,3,0,秋本大介,65.9,47.8,31.6,15.9,18.1,16.2,15.7,15.9
美浦,20260725,土,5:05,リングスター,,牝,2,未出走,秋本大介,66.4,47.7,31.2,15.6,18.7,16.5,15.6,15.6
美浦,20260725,土,5:05,ヴィゴーレテソーロ,,牝,2,未出走,畠山吉宏,66.6,48.9,31.6,15.7,17.7,17.3,15.9,15.7
美浦,20260725,土,5:06,カセノメロス,,牡,2,未出走,鈴木伸尋,69.3,50.0,32.9,16.4,19.3,17.1,16.5,16.4
美浦,20260725,土,5:06,タッカーヴィーナス,,牝,2,未出走,鈴木伸尋,68.6,49.1,32.0,15.7,19.5,17.1,16.3,15.7
美浦,20260725,土,5:06,タニセンローマ,,牡,3,0,斎藤誠,68.1,50.9,33.8,16.9,17.2,17.1,16.9,16.9
美浦,20260725,土,5:06,ディーヴァレギオン,,牡,2,0,斎藤誠,68.0,50.4,33.4,16.4,17.6,17.0,17.0,16.4
美浦,20260725,土,5:06,トキメキジニア,,牝,4,400,佐藤吉勝,68.0,50.8,33.7,17.4,17.2,17.1,16.3,17.4
美浦,20260725,土,5:06,トモジャオーリー,,牝,3,400,鈴木伸尋,68.6,49.1,32.0,15.7,19.5,17.1,16.3,15.7
美浦,20260725,土,5:06,ドヒョウノビガク,,牡,3,0,鈴木伸尋,70.8,51.5,33.8,16.9,19.3,17.7,16.9,16.9
美浦,20260725,土,5:06,ハクサンレイホウ,,牡,3,0,武藤善則,67.9,50.7,33.5,16.8,17.2,17.2,16.7,16.8
美浦,20260725,土,5:06,マルスフィス,,牡,2,未出走,斎藤誠,67.8,50.3,33.5,16.6,17.5,16.8,16.9,16.6
美浦,20260725,土,5:06,ミラーダカリエンテ,,牝,4,900,相沢郁,65.2,48.2,31.4,15.8,17.0,16.8,15.6,15.8
美浦,20260725,土,5:06,ラフエルガ,,牝,2,未出走,鈴木伸尋,66.8,48.3,31.0,15.2,18.5,17.3,15.8,15.2
美浦,20260725,土,5:06,リルヴィーラ,,牝,2,未出走,武藤善則,66.7,49.1,32.0,15.5,17.6,17.1,16.5,15.5
美浦,20260725,土,5:06,ローズブーケ,,牝,3,400,鈴木伸尋,67.6,49.5,32.4,15.8,18.1,17.1,16.6,15.8
美浦,20260725,土,5:06,ローディアマント,,セ,6,0,尾関知人,55.7,40.7,27.3,13.5,15.0,13.4,13.8,13.5
美浦,20260725,土,5:06,ロードソルスティス,,牡,4,900,斎藤誠,67.9,50.1,33.2,16.2,17.8,16.9,17.0,16.2
美浦,20260725,土,5:07,ウラヌスリング,,牝,3,未出走,斎藤誠,67.2,49.4,32.7,16.0,17.8,16.7,16.7,16.0
美浦,20260725,土,5:07,クラリネットソナタ,,牝,4,400,柄崎将寿,54.4,39.2,25.1,12.0,15.2,14.1,13.1,12.0
美浦,20260725,土,5:07,ゴールデンオスカー,,牡,5,1600,堀内岳志,67.9,48.9,31.5,15.8,19.0,17.4,15.7,15.8
美浦,20260725,土,5:07,ノーマジック,,牝,5,0,戸田博文,68.4,49.6,32.8,16.3,18.8,16.8,16.5,16.3
美浦,20260725,土,5:07,ハチマン,,牡,3,0,柄崎将寿,70.6,50.7,32.3,15.7,19.9,18.4,16.6,15.7
美浦,20260725,土,5:07,バイソオ,,牡,2,未出走,柄崎将寿,71.4,51.9,33.4,16.6,19.5,18.5,16.8,16.6
美浦,20260725,土,5:07,フィーユレアル,,牝,3,0,斎藤誠,67.2,49.5,32.8,16.0,17.7,16.7,16.8,16.0
美浦,20260725,土,5:07,フウセツ,,牡,4,1500,鈴木慎太,63.7,47.5,31.1,15.3,16.2,16.4,15.8,15.3
美浦,20260725,土,5:07,ブロッケンボウ,,牡,5,1500,松永康利,65.5,48.3,32.1,16.0,17.2,16.2,16.1,16.0
美浦,20260725,土,5:07,ベルヴィヴァン,,牝,4,430,戸田博文,69.4,50.4,33.2,16.4,19.0,17.2,16.8,16.4
美浦,20260725,土,5:07,ボーデコール,,牡,2,未出走,柄崎将寿,70.2,50.6,32.0,16.0,19.6,18.6,16.0,16.0
美浦,20260725,土,5:07,ミーントゥビー,,牝,4,900,堀内岳志,68.3,48.8,31.1,15.4,19.5,17.7,15.7,15.4
美浦,20260725,土,5:07,ヨーゼフ,,牡,3,0,戸田博文,65.7,47.2,30.3,15.1,18.5,16.9,15.2,15.1
美浦,20260725,土,5:07,レゲンデ,,牝,3,400,斎藤誠,67.0,49.2,32.2,15.8,17.8,17.0,16.4,15.8
美浦,20260725,土,5:08,アマネディル,,牡,2,未出走,西田雄一,64.0,47.1,31.1,15.7,16.9,16.0,15.4,15.7
美浦,20260725,土,5:08,アラレタバシル,,牡,5,1500,松尾卓哉,63.5,45.8,29.5,14.3,17.7,16.3,15.2,14.3
美浦,20260725,土,5:08,エイブラムス,,牡,5,1500,鈴木慎太,67.3,49.3,32.3,16.1,18.0,17.0,16.2,16.1
美浦,20260725,土,5:08,カドドゥディエ,,牝,3,0,西田雄一,64.3,47.0,31.0,15.6,17.3,16.0,15.4,15.6
美浦,20260725,土,5:08,サトノフェンサー,,牡,3,400,高柳瑞樹,67.9,49.2,32.6,16.2,18.7,16.6,16.4,16.2
美浦,20260725,土,5:08,サンダーユニバンス,,牡,5,400,戸田博文,68.7,49.4,32.2,16.3,19.3,17.2,15.9,16.3
美浦,20260725,土,5:08,シュラフ,,牝,4,1800,佐藤吉勝,67.8,49.5,33.5,16.8,18.3,16.0,16.7,16.8
美浦,20260725,土,5:08,ジェイエルモーダル,,牡,3,400,松尾卓哉,64.6,47.4,31.1,15.7,17.2,16.3,15.4,15.7
美浦,20260725,土,5:08,ジャメビュ,,牝,3,0,佐藤吉勝,71.9,53.4,35.3,17.6,18.5,18.1,17.7,17.6
美浦,20260725,土,5:08,スイートハイデン,,牝,3,0,菊川正達,64.9,47.9,32.0,15.3,17.0,15.9,16.7,15.3
美浦,20260725,土,5:08,トパーズヘッド,,牡,2,未出走,佐藤吉勝,70.0,51.6,34.1,17.5,18.4,17.5,16.6,17.5
美浦,20260725,土,5:08,ノーセット,,牡,2,未出走,高柳瑞樹,67.8,49.0,32.1,16.2,18.8,16.9,15.9,16.2
美浦,20260725,土,5:08,フタイテンロック,,牡,7,2240,佐藤吉勝,65.9,47.9,31.6,16.0,18.0,16.3,15.6,16.0
美浦,20260725,土,5:08,プラチナドリーム,,牡,7,900,菊川正達,65.6,48.2,31.6,15.5,17.4,16.6,16.1,15.5
美浦,20260725,土,5:08,ミクロスギガース,,牝,3,0,西田雄一,65.3,48.4,31.8,16.0,16.9,16.6,15.8,16.0
美浦,20260725,土,5:08,ヨドノプレミアム,,牡,2,未出走,菊川正達,65.7,48.3,31.7,16.2,17.4,16.6,15.5,16.2
美浦,20260725,土,5:08,レイズレガシー,,牡,3,0,高柳瑞樹,68.1,49.7,32.8,15.9,18.4,16.9,16.9,15.9
美浦,20260725,土,5:09,エコロバロン,,牡,3,400,菊沢隆徳,67.3,49.3,32.1,15.7,18.0,17.2,16.4,15.7
美浦,20260725,土,5:09,クラシオン,,牡,3,400,菊沢隆徳,69.6,51.1,33.7,17.3,18.5,17.4,16.4,17.3
美浦,20260725,土,5:09,シェーンリヒト,,牡,2,未出走,手塚貴久,75.5,55.4,36.6,17.8,20.1,18.8,18.8,17.8
美浦,20260725,土,5:09,ショーマンフリート,,牡,5,1500,手塚貴久,75.5,55.3,36.9,18.0,20.2,18.4,18.9,18.0
美浦,20260725,土,5:09,ソレルビュレット,,牡,5,1500,松尾卓哉,64.9,47.2,30.6,14.8,17.7,16.6,15.8,14.8
美浦,20260725,土,5:09,タマモチョコチップ,,牝,3,0,菊沢隆徳,67.1,49.3,32.4,15.9,17.8,16.9,16.5,15.9
美浦,20260725,土,5:09,ダイユウファリーナ,,牡,5,280,松永康利,64.0,47.2,30.7,15.6,16.8,16.5,15.1,15.6
美浦,20260725,土,5:09,ダイユウルミナス,,牝,3,0,松永康利,66.7,48.3,31.8,15.9,18.4,16.5,15.9,15.9
美浦,20260725,土,5:09,ダノンドナウ,,牝,3,0,菊沢隆徳,69.0,50.8,33.5,16.4,18.2,17.3,17.1,16.4
美浦,20260725,土,5:09,リアスブルー,,牝,2,未出走,菊沢隆徳,68.3,50.0,33.1,16.2,18.3,16.9,16.9,16.2
美浦,20260725,土,5:09,リアライズタキオン,,牡,3,400,手塚貴久,67.3,50.0,33.2,16.8,17.3,16.8,16.4,16.8
美浦,20260725,土,5:09,リアライズボルト,,牡,2,未出走,手塚貴久,68.8,50.9,33.7,17.1,17.9,17.2,16.6,17.1
美浦,20260725,土,5:09,ルクスジニア,,牝,4,900,松尾卓哉,65.2,46.9,30.5,15.1,18.3,16.4,15.4,15.1
美浦,20260725,土,5:09,ルークウォーム,,牝,2,400,手塚貴久,69.8,50.9,33.0,17.0,18.9,17.9,16.0,17.0
美浦,20260725,土,5:09,ルージュスティーズ,,牝,4,400,松尾卓哉,71.3,51.6,33.7,16.5,19.7,17.9,17.2,16.5
美浦,20260725,土,5:09,ローレルエース,,牡,3,0,松永康利,64.4,46.5,30.3,14.9,17.9,16.2,15.4,14.9
美浦,20260725,土,5:10,イデアクリスタル,,牝,3,0,手塚貴徳,67.2,49.6,33.2,16.3,17.6,16.4,16.9,16.3
美浦,20260725,土,5:10,ウインイルネージュ,,牝,4,0,和田正一,62.9,45.8,29.9,14.9,17.1,15.9,15.0,14.9
美浦,20260725,土,5:10,ウインリスノアール,,牝,2,0,和田正一,65.6,48.2,32.1,16.1,17.4,16.1,16.0,16.1
美浦,20260725,土,5:10,クラオルグジェシダ,,牝,2,未出走,田島俊明,66.8,48.9,32.1,16.0,17.9,16.8,16.1,16.0
美浦,20260725,土,5:10,コスモブッドレア,,牡,5,2400,小野次郎,70.1,51.4,33.6,16.8,18.7,17.8,16.8,16.8
美浦,20260725,土,5:10,テリオスブギ,,牝,2,未出走,田島俊明,67.8,50.5,33.6,16.6,17.3,16.9,17.0,16.6
美浦,20260725,土,5:10,デルマシラカミ,,牝,3,0,小野次郎,67.6,49.7,32.6,16.0,17.9,17.1,16.6,16.0
美浦,20260725,土,5:10,ビップルーチェ,,牝,2,未出走,田島俊明,68.2,50.6,33.4,16.5,17.6,17.2,16.9,16.5
美浦,20260725,土,5:10,マイネルサリーレ,,牡,2,未出走,田島俊明,69.4,50.9,33.6,17.0,18.5,17.3,16.6,17.0
美浦,20260725,土,5:10,マルターズドン,,牡,3,400,手塚貴久,67.6,49.8,32.7,15.5,17.8,17.1,17.2,15.5
美浦,20260725,土,5:10,ミツカネリゲル,,牡,2,未登録,,69.8,51.2,33.3,16.7,18.6,17.9,16.6,16.7
美浦,20260725,土,5:10,ヤマメジャンプ,,牡,2,未出走,田島俊明,69.2,51.4,34.0,17.1,17.8,17.4,16.9,17.1
美浦,20260725,土,5:10,ユキノサイエンス,,牝,3,0,小野次郎,68.4,50.7,32.9,16.7,17.7,17.8,16.2,16.7
美浦,20260725,土,5:10,ラヴトリガー,,牝,2,未出走,田島俊明,68.7,51.0,33.8,16.9,17.7,17.2,16.9,16.9
美浦,20260725,土,5:11,グランシュレーム,,牝,2,未出走,高木登,70.7,51.4,33.4,16.9,19.3,18.0,16.5,16.9
美浦,20260725,土,5:11,サトノエピック,,牡,5,3400,奥村武,68.4,50.5,33.8,17.4,17.9,16.7,16.4,17.4
美浦,20260725,土,5:11,セイリュウ,,牡,2,0,高木登,70.9,51.9,34.2,17.2,19.0,17.7,17.0,17.2
美浦,20260725,土,5:11,タイキオーベロン,,牡,4,400,高木登,70.5,51.5,33.6,16.9,19.0,17.9,16.7,16.9
美浦,20260725,土,5:11,テリフィックプラン,,セ,5,1500,古賀大生,63.7,48.3,32.1,15.8,15.4,16.2,16.3,15.8
美浦,20260725,土,5:11,マイネルモーント,,牡,6,4100,高木登,70.5,51.4,33.9,16.8,19.1,17.5,17.1,16.8
美浦,20260725,土,5:11,モンスターラッシュ,,牡,3,0,高木登,71.2,51.5,33.4,17.0,19.7,18.1,16.4,17.0
美浦,20260725,土,5:11,ルグランヴァン,,牡,4,1500,高木登,70.2,51.6,33.3,16.3,18.6,18.3,17.0,16.3
美浦,20260725,土,5:11,ヴァルツァーシャル,,牡,7,6300,高木登,70.4,51.5,34.3,16.9,18.9,17.2,17.4,16.9
美浦,20260725,土,5:12,アルティシエル,,牡,3,0,辻哲英,110.0,82.1,53.7,27.1,27.9,28.4,26.6,27.1
美浦,20260725,土,5:12,インテルラゴス,,牝,2,未出走,奥村武,76.0,56.5,36.7,17.9,19.5,19.8,18.8,17.9
美浦,20260725,土,5:12,エスコバル,,セ,8,1500,高橋文雅,77.6,56.5,36.6,17.4,21.1,19.9,19.2,17.4
美浦,20260725,土,5:12,キュータンチャン,,牡,2,0,尾形和幸,70.2,51.2,33.0,16.4,19.0,18.2,16.6,16.4
美浦,20260725,土,5:12,クリスタルドレス,,牝,3,0,高橋文雅,80.7,59.8,39.4,19.5,20.9,20.4,19.9,19.5
美浦,20260725,土,5:12,サヴマ,,牡,3,0,辻哲英,70.6,51.9,33.4,16.1,18.7,18.5,17.3,16.1
美浦,20260725,土,5:12,パピヨンヴェール,,牝,3,0,高橋文雅,77.7,56.8,37.1,17.9,20.9,19.7,19.2,17.9
美浦,20260725,土,5:12,ブライトラン,,牡,3,0,尾形和幸,70.4,51.5,32.7,15.8,18.9,18.8,16.9,15.8
美浦,20260725,土,5:12,ヘリオトロープ,,牡,4,900,古賀大生,71.8,53.5,36.0,17.5,18.3,17.5,18.5,17.5
美浦,20260725,土,5:12,ベルウッドクレド,,牡,3,400,辻哲英,70.3,51.2,32.8,16.0,19.1,18.4,16.8,16.0
美浦,20260725,土,5:12,マーズウェーブ,,牡,2,未出走,辻哲英,116.9,85.8,56.5,28.1,31.1,29.3,28.4,28.1
美浦,20260725,土,5:12,メッエフアパラ,,牡,5,900,辻哲英,118.2,86.9,57.3,28.4,31.3,29.6,28.9,28.4
美浦,20260725,土,5:13,クラウンフリード,,牡,4,120,天間昭一,71.1,51.3,33.7,17.1,19.8,17.6,16.6,17.1
美浦,20260725,土,5:13,コーディアリー,,牡,3,400,天間昭一,69.4,51.2,34.0,17.1,18.2,17.2,16.9,17.1
美浦,20260725,土,5:14,カサビセンス,,牝,4,140,新開幸一,66.6,48.5,32.5,15.9,18.1,16.0,16.6,15.9
美浦,20260725,土,5:14,カゼノタカトシ,,牡,4,900,久保田貴,65.7,48.7,31.6,15.3,17.0,17.1,16.3,15.3
美浦,20260725,土,5:14,ガルディーノ,,牡,3,400,新開幸一,68.3,50.5,33.0,16.3,17.8,17.5,16.7,16.3
美浦,20260725,土,5:14,ジロラータ,,牡,4,0,久保田貴,68.6,51.4,34.4,17.1,17.2,17.0,17.3,17.1
美浦,20260725,土,5:14,タイセイピューマ,,牡,5,900,新開幸一,68.7,50.3,32.9,16.3,18.4,17.4,16.6,16.3
美浦,20260725,土,5:14,タイセイリッター,,牡,2,未登録,,68.0,50.3,33.0,16.1,17.7,17.3,16.9,16.1
美浦,20260725,土,5:14,ナヴァラトゥナ,,牡,4,0,手塚貴徳,66.5,48.8,31.6,15.5,17.7,17.2,16.1,15.5
美浦,20260725,土,5:14,パッションリッチ,,牡,4,900,久保田貴,65.2,48.7,31.9,15.9,16.5,16.8,16.0,15.9
美浦,20260725,土,5:15,アイアムキレマスネ,,牡,2,0,奥平雅士,66.5,49.2,32.7,16.6,17.3,16.5,16.1,16.6
美浦,20260725,土,5:15,アイアムスグレモノ,,牡,2,未登録,,65.1,47.8,31.7,15.6,17.3,16.1,16.1,15.6
美浦,20260725,土,5:15,エクセルウィザード,,牡,2,未出走,大和田成,69.1,50.1,32.4,15.9,19.0,17.7,16.5,15.9
美浦,20260725,土,5:15,エンドロール,,牡,7,1500,青木孝文,65.1,48.5,32.0,15.7,16.6,16.5,16.3,15.7
美浦,20260725,土,5:15,ソリッドベーシス,,セ,4,90,大和田成,68.7,50.0,32.6,15.8,18.7,17.4,16.8,15.8
美浦,20260725,土,5:15,ニシノイケガミ,,牡,2,未登録,,64.3,46.8,30.4,15.0,17.5,16.4,15.4,15.0
美浦,20260725,土,5:15,ブリリアンス,,牡,3,0,大和田成,71.6,52.0,33.8,16.4,19.6,18.2,17.4,16.4
美浦,20260725,土,5:15,ベイビーベリッシモ,,牡,4,0,大和田成,68.0,49.4,31.8,15.2,18.6,17.6,16.6,15.2
美浦,20260725,土,5:15,ヴィンチェローズ,,牡,2,0,青木孝文,65.0,48.6,32.3,16.0,16.4,16.3,16.3,16.0
美浦,20260725,土,5:16,アイムオンアロール,,牡,2,未出走,宮田敬介,67.3,49.2,32.5,16.1,18.1,16.7,16.4,16.1
美浦,20260725,土,5:16,アカツキロットリー,,牡,6,220,的場均,67.6,50.0,32.2,15.8,17.6,17.8,16.4,15.8
美浦,20260725,土,5:16,アーリマックス,,牝,3,0,清水英克,69.3,50.7,33.3,16.8,18.6,17.4,16.5,16.8
美浦,20260725,土,5:16,ウィゾマニア,,牡,3,0,青木孝文,65.3,48.7,32.9,17.0,16.6,15.8,15.9,17.0
美浦,20260725,土,5:16,エコロブラン,,牝,2,未出走,中舘英二,70.5,52.8,34.3,16.9,17.7,18.5,17.4,16.9
美浦,20260725,土,5:16,オプレントジュエル,,牝,4,400,中舘英二,69.8,52.5,34.5,17.2,17.3,18.0,17.3,17.2
美浦,20260725,土,5:16,グリオンヴール,,牡,3,400,宮田敬介,62.5,45.5,29.6,14.6,17.0,15.9,15.0,14.6
美浦,20260725,土,5:16,サイモントレノ,,牡,2,未出走,奥平雅士,81.4,57.5,38.1,20.0,23.9,19.4,18.1,20.0
美浦,20260725,土,5:16,サトノクラシカル,,牡,3,0,宮田敬介,63.1,45.8,29.3,14.1,17.3,16.5,15.2,14.1
美浦,20260725,土,5:16,ナイトバード,,牡,3,0,中舘英二,69.9,51.0,33.1,16.2,18.9,17.9,16.9,16.2
美浦,20260725,土,5:16,ノワールブレイブ,,牝,2,未出走,清水英克,69.3,51.1,33.8,16.8,18.2,17.3,17.0,16.8
美浦,20260725,土,5:16,ハミングリップス,,牝,2,未出走,青木孝文,66.5,49.1,32.3,16.3,17.4,16.8,16.0,16.3
美浦,20260725,土,5:16,フルールロイヤル,,牝,3,0,青木孝文,65.4,48.2,31.9,15.7,17.2,16.3,16.2,15.7
美浦,20260725,土,5:16,ホワイトホール,,牝,2,未出走,清水英克,69.0,51.0,33.5,16.8,18.0,17.5,16.7,16.8
美浦,20260725,土,5:17,イネガラーブル,,牡,3,0,久保田貴,68.8,51.5,34.8,17.8,17.3,16.7,17.0,17.8
美浦,20260725,土,5:17,ヤマニンアレシス,,牡,3,0,堀内岳志,70.0,51.2,32.9,15.7,18.8,18.3,17.2,15.7
美浦,20260725,土,5:18,イノセントキャット,,牝,5,1600,久保田貴,66.1,47.5,30.7,15.2,18.6,16.8,15.5,15.2
美浦,20260725,土,5:18,ゼンダンタカ,,牝,4,900,中舘英二,70.1,51.2,33.2,16.4,18.9,18.0,16.8,16.4
美浦,20260725,土,5:18,メモリーグラス,,牡,6,900,松永康利,68.4,49.4,32.5,16.8,19.0,16.9,15.7,16.8
美浦,20260725,土,5:19,アスパラゴ,,牝,3,400,中舘英二,70.3,51.5,33.7,16.7,18.8,17.8,17.0,16.7
美浦,20260725,土,5:19,インチジオーネ,,牝,3,未出走,和田雄二,68.2,50.3,33.9,17.6,17.9,16.4,16.3,17.6
美浦,20260725,土,5:19,セントリアン,,牝,3,0,萱野浩二,74.6,55.7,37.1,19.1,18.9,18.6,18.0,19.1
美浦,20260725,土,5:19,ビッグデイメイク,,牝,4,740,和田雄二,65.6,47.5,31.1,15.4,18.1,16.4,15.7,15.4
美浦,20260725,土,5:19,ミカッテヨンデイイ,,牝,6,1200,室井潔,69.8,50.7,33.1,16.6,19.1,17.6,16.5,16.6
美浦,20260725,土,5:20,カレンデュラ,,牝,3,900,室井潔,65.1,47.5,31.7,15.8,17.6,15.8,15.9,15.8
美浦,20260725,土,5:20,サフランルージュ,,牝,3,400,室井潔,66.4,49.5,33.4,16.9,16.9,16.1,16.5,16.9
美浦,20260725,土,5:20,スピリットサージ,,牝,4,0,須貝尚介,69.1,50.6,33.7,17.2,18.5,16.9,16.5,17.2
美浦,20260725,土,5:20,セルレーヴ,,牝,3,0,室井潔,65.8,48.1,31.7,15.7,17.7,16.4,16.0,15.7
美浦,20260725,土,5:21,イサチルクイーン,,牝,3,0,竹内正洋,64.4,46.6,30.7,14.8,17.8,15.9,15.9,14.8
美浦,20260725,土,5:21,ウップヘリーア,,牡,3,400,黒岩陽一,62.6,45.4,29.5,14.5,17.2,15.9,15.0,14.5
美浦,20260725,土,5:21,マッドゲイル,,牡,3,900,上原佑紀,63.1,46.6,30.4,15.0,16.5,16.2,15.4,15.0
美浦,20260725,土,5:21,ライヒスアドラー,,牡,3,1500,上原佑紀,63.2,47.0,30.7,15.2,16.2,16.3,15.5,15.2
美浦,20260725,土,5:21,リボンロード,,牡,2,未出走,上原佑紀,62.7,46.3,30.4,15.0,16.4,15.9,15.4,15.0
美浦,20260725,土,5:21,ルクスレイモンド,,牡,3,900,上原佑紀,63.2,47.4,31.4,15.2,15.8,16.0,16.2,15.2
美浦,20260725,土,5:21,ルナーファントム,,牡,3,0,上原佑紀,64.0,47.0,30.8,15.2,17.0,16.2,15.6,15.2
美浦,20260725,土,5:22,グラスハーティー,,牝,3,0,松山将樹,75.6,55.9,37.1,18.7,19.7,18.8,18.4,18.7
美浦,20260725,土,5:22,ハクサンミレイ,,牝,3,0,松山将樹,71.3,51.4,33.5,16.3,19.9,17.9,17.2,16.3
美浦,20260725,土,5:23,ゴールドエンバー,,牡,3,0,竹内正洋,68.0,49.7,32.4,16.0,18.3,17.3,16.4,16.0
美浦,20260725,土,5:23,ニシノドリーマー,,牝,2,未登録,,67.6,49.3,32.2,15.8,18.3,17.1,16.4,15.8
美浦,20260725,土,5:23,ユニオンジャック,,牡,3,0,竹内正洋,67.8,49.5,32.6,16.3,18.3,16.9,16.3,16.3
美浦,20260725,土,5:24,スイートオレンジ,,牝,4,400,中川公成,65.0,47.8,32.0,16.1,17.2,15.8,15.9,16.1
美浦,20260725,土,5:25,イスクメル,,牡,2,未出走,矢野英一,66.8,49.4,32.7,15.8,17.4,16.7,16.9,15.8
美浦,20260725,土,5:25,シュンポシオン,,牡,3,0,矢野英一,67.6,48.3,31.4,15.8,19.3,16.9,15.6,15.8
美浦,20260725,土,5:26,コパノミラノ,,牡,3,0,上原博之,73.3,54.2,35.9,17.9,19.1,18.3,18.0,17.9
美浦,20260725,土,5:26,セイウンサイフィー,,牡,2,未出走,上原博之,70.3,52.2,34.7,17.2,18.1,17.5,17.5,17.2
美浦,20260725,土,5:26,ペッパーミル,,牡,5,400,加藤士津,62.9,46.9,31.0,15.5,16.0,15.9,15.5,15.5
美浦,20260725,土,5:27,コスモアミュレット,,牡,3,0,加藤士津,62.5,45.3,29.1,14.4,17.2,16.2,14.7,14.4
美浦,20260725,土,5:27,スペイドアン,,牡,5,1500,加藤士津,68.1,48.4,30.2,14.7,19.7,18.2,15.5,14.7
美浦,20260725,土,5:27,フィンガー,,牡,3,10120,田中博康,68.2,50.0,32.5,15.8,18.2,17.5,16.7,15.8
美浦,20260725,土,5:28,カンティーユ,,牡,8,2070,嘉藤貴行,65.9,47.3,30.6,15.3,18.6,16.7,15.3,15.3
美浦,20260725,土,5:28,クールベイビー,,牝,5,900,矢野英一,66.2,48.6,32.4,16.6,17.6,16.2,15.8,16.6
美浦,20260725,土,5:28,リラゲイル,,牡,4,700,矢野英一,68.6,50.5,33.6,17.4,18.1,16.9,16.2,17.4
美浦,20260725,土,5:29,トランサルピナ,,牡,2,0,中舘英二,67.6,50.1,33.1,16.3,17.5,17.0,16.8,16.3
美浦,20260725,土,5:29,モントゥリエ,,牝,3,400,中舘英二,67.6,50.1,33.3,16.4,17.5,16.8,16.9,16.4
美浦,20260725,土,5:29,リバースザトレンド,,牝,4,400,中舘英二,67.7,50.2,33.3,16.4,17.5,16.9,16.9,16.4
美浦,20260725,土,5:30,ボールドハーテッド,,牡,4,0,平岩大典,67.3,49.9,33.1,16.7,17.4,16.8,16.4,16.7
美浦,20260725,土,5:31,クロニクル,,セ,7,1500,平岩大典,68.4,50.2,32.2,16.0,18.2,18.0,16.2,16.0
美浦,20260725,土,5:31,スカーレットジーン,,牝,3,0,水野貴広,69.4,51.3,34.0,17.1,18.1,17.3,16.9,17.1
美浦,20260725,土,5:31,テンユメノオーロラ,,牝,2,未出走,平岩大典,68.5,50.4,33.0,16.3,18.1,17.4,16.7,16.3
美浦,20260725,土,5:31,デザートスピリット,,牡,2,0,平岩大典,67.5,49.7,32.6,16.1,17.8,17.1,16.5,16.1
美浦,20260725,土,5:31,フィクセルリリア,,牝,3,0,平岩大典,68.1,49.4,32.2,15.8,18.7,17.2,16.4,15.8
美浦,20260725,土,5:32,スーパーユタカ,,牡,2,0,武井亮,64.0,47.4,31.4,15.8,16.6,16.0,15.6,15.8
美浦,20260725,土,5:33,サリーアン,,牡,3,0,鈴木伸尋,70.4,50.7,32.9,16.6,19.7,17.8,16.3,16.6
美浦,20260725,土,5:33,トモジャシャカ,,牡,2,未出走,鈴木伸尋,70.9,51.1,33.5,16.9,19.8,17.6,16.6,16.9
美浦,20260725,土,5:34,ゴールドシャーク,,牝,4,400,水野貴広,76.6,55.2,36.4,18.5,21.4,18.8,17.9,18.5
美浦,20260725,土,5:35,サンデーパーティー,,セ,3,400,相沢郁,64.0,47.4,30.9,15.6,16.6,16.5,15.3,15.6
美浦,20260725,土,5:35,セイカタカキヤチク,,牡,2,未出走,相沢郁,65.5,47.8,31.1,15.0,17.7,16.7,16.1,15.0
美浦,20260725,土,5:36,キングクレオール,,牡,5,400,和田雄二,67.7,48.3,31.2,15.7,19.4,17.1,15.5,15.7
美浦,20260725,土,5:37,アーバンアート,,牝,2,未出走,加藤和宏,68.9,51.5,34.1,16.5,17.4,17.4,17.6,16.5
美浦,20260725,土,5:37,サレジオ,,牡,3,400,田中博康,60.4,45.0,29.6,14.9,15.4,15.4,14.7,14.9
美浦,20260725,土,5:38,エラン,,牡,5,1500,蛯名正義,67.4,50.1,32.6,16.0,17.3,17.5,16.6,16.0
美浦,20260725,土,5:38,ホウオウパーソンズ,,牡,3,0,蛯名正義,68.4,50.4,32.6,15.9,18.0,17.8,16.7,15.9
美浦,20260725,土,5:38,ラスティレッド,,牝,2,未出走,鈴木慎太,68.3,50.1,32.4,15.9,18.2,17.7,16.5,15.9
美浦,20260725,土,5:39,エターナルホープ,,牡,3,0,鈴木慎太,71.7,52.8,34.7,17.2,18.9,18.1,17.5,17.2
美浦,20260725,土,5:39,パープルタウン,,牝,2,未出走,鈴木慎太,64.8,48.6,32.3,16.3,16.2,16.3,16.0,16.3
美浦,20260725,土,5:39,フォンメイリー,,牝,7,900,粕谷昌央,66.6,48.8,31.2,15.7,17.8,17.6,15.5,15.7
美浦,20260725,土,5:40,クラウンテック,,牡,4,120,松永康利,62.5,45.7,30.5,15.6,16.8,15.2,14.9,15.6
美浦,20260725,土,5:40,ダイユウヴェンティ,,牝,3,0,松永康利,62.6,45.8,29.8,15.1,16.8,16.0,14.7,15.1
美浦,20260725,土,5:41,シアルナーレ,,牡,2,0,田中博康,60.5,45.8,30.7,15.3,14.7,15.1,15.4,15.3
美浦,20260725,土,5:41,バンオンタイム,,牝,3,0,田中博康,62.9,46.5,30.4,15.1,16.4,16.1,15.3,15.1
美浦,20260725,土,5:41,パルミエ,,牝,3,0,松尾卓哉,66.4,48.3,31.3,15.5,18.1,17.0,15.8,15.5
美浦,20260725,土,5:41,ベールダウン,,牝,2,未出走,松尾卓哉,65.7,47.6,31.1,15.5,18.1,16.5,15.6,15.5
美浦,20260725,土,5:42,エピックジャーニー,,牡,2,未出走,浅利英明,65.2,47.7,31.1,14.8,17.5,16.6,16.3,14.8
美浦,20260725,土,5:42,カシノスパーク,,牡,3,400,天間昭一,66.2,48.6,32.2,16.1,17.6,16.4,16.1,16.1
美浦,20260725,土,5:42,ブラックボイス,,牡,7,900,浅利英明,66.7,48.7,31.6,15.9,18.0,17.1,15.7,15.9
美浦,20260725,土,5:42,ミクニライデン,,牡,2,未登録,,66.9,49.5,32.6,16.0,17.4,16.9,16.6,16.0
美浦,20260725,土,5:43,アンナモエ,,牝,2,未出走,天間昭一,70.1,50.8,32.9,16.2,19.3,17.9,16.7,16.2
美浦,20260725,土,5:43,キタイノホシ,,牡,3,0,蛯名利弘,66.7,48.8,31.9,15.7,17.9,16.9,16.2,15.7
美浦,20260725,土,5:43,スナッチアップ,,牝,2,未出走,武市康男,64.4,48.2,32.3,16.3,16.2,15.9,16.0,16.3
美浦,20260725,土,5:43,トロピカルヒーロー,,牡,6,900,石栗龍彦,76.8,56.8,37.2,18.2,20.0,19.6,19.0,18.2
美浦,20260725,土,5:43,ナムラダリア,,牝,3,400,蛯名利弘,69.2,49.9,32.6,16.6,19.3,17.3,16.0,16.6
美浦,20260725,土,5:43,フィンガー,,牡,3,10120,田中博康,59.3,42.8,28.2,13.9,16.5,14.6,14.3,13.9
美浦,20260725,土,5:43,リメンバーシドニー,,牝,3,0,的場均,72.7,51.6,33.1,16.1,21.1,18.5,17.0,16.1
美浦,20260725,土,5:44,インディヴァイン,,牡,3,400,林徹,62.8,46.4,30.8,15.4,16.4,15.6,15.4,15.4
美浦,20260725,土,5:44,サンカルミア,,牡,5,900,伊坂重信,66.6,47.9,30.9,15.5,18.7,17.0,15.4,15.5
美浦,20260725,土,5:44,スクリプトール,,牡,2,0,手塚貴久,70.9,53.3,35.0,17.8,17.6,18.3,17.2,17.8
美浦,20260725,土,5:44,ツルマウカタチ,,牡,5,900,手塚貴久,66.5,49.3,32.2,16.0,17.2,17.1,16.2,16.0
美浦,20260725,土,5:44,テンカムテキ,,牡,3,900,林徹,71.0,52.4,34.2,16.5,18.6,18.2,17.7,16.5
美浦,20260725,土,5:44,ヴェニゼロス,,牝,3,0,林徹,63.2,46.9,30.5,14.6,16.3,16.4,15.9,14.6
美浦,20260725,土,5:44,ヴォルールドクール,,牝,2,未出走,伊坂重信,66.1,47.5,31.0,15.4,18.6,16.5,15.6,15.4
美浦,20260725,土,5:45,スマートレイナ,,牝,3,0,加藤征弘,69.1,51.1,33.6,17.1,18.0,17.5,16.5,17.1
美浦,20260725,土,5:45,バターショコラ,,牝,3,0,戸田博文,71.0,52.6,35.0,17.6,18.4,17.6,17.4,17.6
美浦,20260725,土,5:45,フクチャンヨシ,,牝,2,未登録,,70.1,51.5,33.7,16.6,18.6,17.8,17.1,16.6
美浦,20260725,土,5:47,イバラヒメ,,牝,3,0,新開幸一,67.0,50.0,33.2,15.9,17.0,16.8,17.3,15.9
美浦,20260725,土,5:47,クリノゴッホ,,セ,6,400,新開幸一,68.1,50.5,33.6,17.1,17.6,16.9,16.5,17.1
美浦,20260725,土,5:48,エルシオン,,牝,2,0,柄崎将寿,53.5,38.6,24.8,12.2,14.9,13.8,12.6,12.2
美浦,20260725,土,5:48,カフェニクス,,牝,5,1500,柄崎将寿,54.0,39.1,25.0,12.4,14.9,14.1,12.6,12.4
美浦,20260725,土,5:48,ジーティーマルク,,牝,2,未出走,柄崎将寿,54.4,39.4,25.3,12.7,15.0,14.1,12.6,12.7
美浦,20260725,土,5:49,ドンエレクトス,,牡,3,1900,高木登,70.6,51.6,33.5,16.4,19.0,18.1,17.1,16.4
美浦,20260725,土,5:49,フキョウワオン,,牡,3,0,勢司和浩,77.1,55.8,36.1,18.2,21.3,19.7,17.9,18.2
美浦,20260725,土,5:49,マンマリアーレ,,牝,6,2400,高木登,71.4,51.8,33.7,17.0,19.6,18.1,16.7,17.0
美浦,20260725,土,5:50,キョウエイカンフ,,牡,6,900,勢司和浩,71.5,53.0,34.7,17.1,18.5,18.3,17.6,17.1
美浦,20260725,土,5:50,ケープアグラス,,牝,5,660,金成貴史,66.7,49.4,32.2,16.4,17.3,17.2,15.8,16.4
美浦,20260725,土,5:50,パンパネイラ,,セ,3,0,高橋文雅,70.4,51.5,33.8,16.4,18.9,17.7,17.4,16.4
美浦,20260725,土,5:51,ガヴァルニー,,牡,3,0,伊藤大士,64.6,47.9,31.5,15.6,16.7,16.4,15.9,15.6
美浦,20260725,土,5:51,キイチムーブメント,,セ,3,0,青木孝文,65.6,49.4,33.0,16.3,16.2,16.4,16.7,16.3
美浦,20260725,土,5:51,セイウンウィルド,,牡,2,未登録,,69.9,53.2,35.4,18.0,16.7,17.8,17.4,18.0
美浦,20260725,土,5:51,デルマザオウ,,牝,3,0,松山将樹,67.7,49.4,32.8,16.5,18.3,16.6,16.3,16.5
美浦,20260725,土,5:51,マカナ,,牝,4,1500,伊藤大士,63.8,47.4,31.2,15.7,16.4,16.2,15.5,15.7
美浦,20260725,土,5:52,ガンサルート,,牡,2,未出走,嘉藤貴行,68.5,49.8,32.8,16.1,18.7,17.0,16.7,16.1
美浦,20260725,土,5:52,シュペルリング,,牡,3,400,嘉藤貴行,64.0,47.8,31.6,16.1,16.2,16.2,15.5,16.1
美浦,20260725,土,5:52,ミッドセンチュリー,,牡,4,400,松山将樹,68.8,50.1,31.9,15.6,18.7,18.2,16.3,15.6
美浦,20260725,土,5:55,スピカテソーロ,,牡,2,未出走,伊藤圭三,63.4,46.8,30.6,14.9,16.6,16.2,15.7,14.9
美浦,20260725,土,5:56,ゴールデンステップ,,牝,5,400,和田勇介,66.9,48.9,31.9,15.7,18.0,17.0,16.2,15.7
美浦,20260725,土,5:57,アデランテ,,セ,5,1500,菊川正達,66.7,48.9,31.8,15.6,17.8,17.1,16.2,15.6
美浦,20260725,土,5:57,コンフィアンサ,,牝,3,0,菊川正達,73.7,54.4,35.8,17.6,19.3,18.6,18.2,17.6
美浦,20260725,土,5:58,アースアクシス,,牝,3,0,栗田徹,64.0,47.6,31.3,15.7,16.4,16.3,15.6,15.7
美浦,20260725,土,5:58,ウインテラジーナ,,牝,3,0,栗田徹,65.5,48.1,31.9,16.3,17.4,16.2,15.6,16.3
美浦,20260725,土,5:58,ゲキザル,,牡,7,1500,青木孝文,65.1,48.3,31.8,15.9,16.8,16.5,15.9,15.9
美浦,20260725,土,5:58,ベイビーキッス,,牝,4,1500,青木孝文,67.5,50.5,33.0,16.4,17.0,17.5,16.6,16.4
美浦,20260725,土,5:58,ポルトフェリス,,牝,5,400,栗田徹,64.1,47.5,31.4,15.8,16.6,16.1,15.6,15.8
美浦,20260725,土,5:58,リメンバーシドニー,,牝,3,0,的場均,67.9,50.2,33.0,16.1,17.7,17.2,16.9,16.1
美浦,20260725,土,5:59,オートカリテ,,牝,3,0,牧光二,71.0,51.8,34.6,17.2,19.2,17.2,17.4,17.2
美浦,20260725,土,5:59,モナークスヴァラー,,牡,2,未出走,牧光二,65.4,48.5,32.4,16.4,16.9,16.1,16.0,16.4
美浦,20260725,土,5:59,ラスターヴァース,,牝,3,0,牧光二,67.2,50.1,33.0,16.5,17.1,17.1,16.5,16.5
美浦,20260725,土,6:23,クリムゾンペタル,,牡,2,未登録,,69.2,50.0,32.1,15.5,19.2,17.9,16.6,15.5
美浦,20260725,土,6:23,ジャストピーチー,,牝,2,未登録,,60.4,44.6,29.0,14.3,15.8,15.6,14.7,14.3
美浦,20260725,土,6:23,タイキヴィグルーズ,,牡,3,0,大竹正博,64.7,47.1,30.6,14.9,17.6,16.5,15.7,14.9
美浦,20260725,土,6:23,トクシージェネラル,,牡,5,400,小島茂之,55.5,40.6,26.8,13.2,14.9,13.8,13.6,13.2
美浦,20260725,土,6:23,フクシマブリルハム,,牡,3,400,小島茂之,55.9,40.9,26.7,13.2,15.0,14.2,13.5,13.2
美浦,20260725,土,6:23,ルーラーリッチ,,セ,6,900,小島茂之,56.1,40.9,26.8,13.3,15.2,14.1,13.5,13.3
美浦,20260725,土,6:24,エストゥペンダ,,牝,4,2400,高柳瑞樹,66.6,48.0,30.5,15.2,18.6,17.5,15.3,15.2
美浦,20260725,土,6:24,グッドヴァイブス,,牡,5,80,高柳瑞樹,68.0,50.2,32.7,15.7,17.8,17.5,17.0,15.7
美浦,20260725,土,6:24,セレスティナ,,牝,2,未登録,,69.4,50.5,33.0,16.1,18.9,17.5,16.9,16.1
美浦,20260725,土,6:27,クリフハンガー,,セ,5,900,上原博之,68.5,50.8,33.8,16.9,17.7,17.0,16.9,16.9
美浦,20260725,土,6:27,コパノキラキラ,,牡,2,未出走,上原博之,70.4,51.9,34.3,16.7,18.5,17.6,17.6,16.7
美浦,20260725,土,6:28,カシオペア,,牡,4,400,上原佑紀,62.8,46.6,30.7,15.1,16.2,15.9,15.6,15.1
美浦,20260725,土,6:28,グランルチャドール,,牡,5,400,上原佑紀,63.4,46.9,30.6,15.3,16.5,16.3,15.3,15.3
美浦,20260725,土,6:28,ポッドベイダー,,牡,4,4600,上原佑紀,65.6,48.4,31.4,15.4,17.2,17.0,16.0,15.4
美浦,20260725,土,6:29,スーパーホース,,セ,4,200,堀内岳志,68.4,49.4,32.2,16.1,19.0,17.2,16.1,16.1
美浦,20260725,土,6:29,ニシノタカオ,,牡,2,未出走,堀内岳志,71.6,51.2,32.2,15.3,20.4,19.0,16.9,15.3
美浦,20260725,土,6:29,ノースブルースカイ,,牝,3,400,堀内岳志,68.6,49.5,31.4,15.0,19.1,18.1,16.4,15.0
美浦,20260725,土,6:29,ブライスフェアリー,,牝,3,0,堀内岳志,69.7,50.4,31.6,15.0,19.3,18.8,16.6,15.0
美浦,20260725,土,6:29,ラッキーモア,,牡,3,0,尾関知人,72.3,53.3,35.5,17.7,19.0,17.8,17.8,17.7
美浦,20260725,土,6:30,ラグアイリータ,,牝,3,0,岩戸孝樹,55.5,40.1,25.6,12.3,15.4,14.5,13.3,12.3
美浦,20260725,土,6:30,ラスタリア,,牡,3,0,岩戸孝樹,56.2,40.7,26.1,12.5,15.5,14.6,13.6,12.5
美浦,20260725,土,6:33,オーロラアーク,,牝,7,900,石栗龍彦,68.5,50.9,33.4,16.9,17.6,17.5,16.5,16.9
美浦,20260725,土,6:33,ロンバスブレス,,牝,3,0,石栗龍彦,70.0,50.3,32.8,16.4,19.7,17.5,16.4,16.4
美浦,20260725,土,6:34,ベストブラザーズ,,牡,3,400,辻哲英,0.0,0.0,0.0,0.0,39.9,40.8,38.9,0.0
美浦,20260725,土,6:35,アトミックリーチ,,牡,2,未出走,宮田敬介,63.4,46.6,30.3,15.1,16.8,16.3,15.2,15.1
美浦,20260725,土,6:35,ウインドオブヘヴン,,牡,3,0,戸田博文,72.1,52.8,34.9,17.6,19.3,17.9,17.3,17.6
美浦,20260725,土,6:35,ゾロアストロ,,牡,3,3200,宮田敬介,64.1,47.6,31.5,15.5,16.5,16.1,16.0,15.5
美浦,20260725,土,6:36,ウキ,,牝,2,未出走,小手川準,63.6,47.6,31.5,15.9,16.0,16.1,15.6,15.9
美浦,20260725,土,6:36,ブレトワルダ,,セ,4,900,新開幸一,64.5,47.7,31.6,15.9,16.8,16.1,15.7,15.9
美浦,20260725,土,6:36,ラヴィサンエール,,牝,2,400,小手川準,65.3,48.1,32.1,16.3,17.2,16.0,15.8,16.3
美浦,20260725,土,6:36,ヴィシーチェック,,牝,2,未出走,小手川準,64.9,47.7,31.5,15.9,17.2,16.2,15.6,15.9
美浦,20260725,土,6:37,ヤマニンガラッシア,,牡,9,560,辻哲英,69.6,50.5,33.0,16.0,19.1,17.5,17.0,16.0
美浦,20260725,土,6:37,リーゼントモニカ,,牝,3,未出走,辻哲英,65.7,47.5,30.2,14.9,18.2,17.3,15.3,14.9
美浦,20260725,土,6:38,ニンジャトットリ,,牡,3,0,松永康利,70.2,52.6,34.7,17.2,17.6,17.9,17.5,17.2
美浦,20260725,土,6:40,アデルフィー,,牡,3,0,金成貴史,66.8,48.9,32.5,15.9,17.9,16.4,16.6,15.9
美浦,20260725,土,6:40,イントゥザサン,,牡,2,未登録,,68.1,50.6,33.2,16.3,17.5,17.4,16.9,16.3
美浦,20260725,土,6:40,コスモノーチラス,,牡,2,未出走,伊藤大士,64.9,48.5,32.2,16.0,16.4,16.3,16.2,16.0
美浦,20260725,土,6:40,フォルスラヴィ,,牡,2,未出走,伊藤大士,65.1,48.8,32.5,16.2,16.3,16.3,16.3,16.2
美浦,20260725,土,6:41,アフォーダビリティ,,牝,2,未登録,,65.4,47.0,30.8,15.7,18.4,16.2,15.1,15.7
美浦,20260725,土,6:41,エクストラダーク,,牡,3,0,和田雄二,65.4,47.0,30.8,15.5,18.4,16.2,15.3,15.5
美浦,20260725,土,6:41,シクラメン,,牝,2,未登録,,61.8,43.8,28.9,14.6,18.0,14.9,14.3,14.6
美浦,20260725,土,6:41,スタニングヴュー,,牝,4,500,金成貴史,65.5,48.7,32.1,15.7,16.8,16.6,16.4,15.7
美浦,20260725,土,6:41,ソウラスフロス,,牡,2,未登録,,69.2,50.6,33.8,16.8,18.6,16.8,17.0,16.8
美浦,20260725,土,6:41,タッケンエリカ,,牝,2,未出走,新開幸一,68.0,50.6,33.1,16.0,17.4,17.5,17.1,16.0
美浦,20260725,土,6:41,ロジパンドラ,,牝,2,未出走,新開幸一,65.2,49.0,32.5,16.3,16.2,16.5,16.2,16.3
美浦,20260725,土,6:42,チームユートピア,,牝,3,400,中舘英二,68.1,50.0,32.9,16.2,18.1,17.1,16.7,16.2
美浦,20260725,土,6:42,ディーヴァソラーレ,,牝,2,未出走,中舘英二,68.1,49.9,32.9,16.3,18.2,17.0,16.6,16.3
美浦,20260725,土,6:42,ノーザンタイタン,,牝,3,400,中舘英二,68.4,50.2,32.9,16.4,18.2,17.3,16.5,16.4
美浦,20260725,土,6:42,ブリックンクリック,,セ,4,400,中舘英二,68.6,50.2,33.1,16.5,18.4,17.1,16.6,16.5
美浦,20260725,土,6:43,コンサートピアノ,,牝,3,0,中舘英二,79.6,59.1,39.5,19.6,20.5,19.6,19.9,19.6
美浦,20260725,土,6:44,ウォーレーションズ,,牡,3,0,鈴木慎太,77.4,56.7,37.3,18.7,20.7,19.4,18.6,18.7
美浦,20260725,土,6:44,ゴーストミステリー,,牡,2,未登録,,65.2,48.0,30.9,15.6,17.2,17.1,15.3,15.6
美浦,20260725,土,6:44,ローズマイスター,,牡,4,400,黒岩陽一,65.1,47.6,30.7,15.2,17.5,16.9,15.5,15.2
美浦,20260725,土,6:45,ウマッター,,牝,2,未出走,加藤和宏,65.7,48.2,31.9,15.9,17.5,16.3,16.0,15.9
美浦,20260725,土,6:45,オモチ,,牝,2,未出走,加藤和宏,67.3,49.8,32.4,15.2,17.5,17.4,17.2,15.2
美浦,20260725,土,6:45,シュガーハイ,,牡,4,400,加藤和宏,64.5,48.1,32.0,16.3,16.4,16.1,15.7,16.3
美浦,20260725,土,6:45,ラッキーミー,,牝,2,未出走,加藤和宏,76.3,57.4,39.4,20.7,18.9,18.0,18.7,20.7
美浦,20260725,土,6:45,ロココ,,牝,3,0,加藤和宏,68.0,49.7,32.5,16.2,18.3,17.2,16.3,16.2
美浦,20260725,土,6:46,キョウエイハル,,牝,3,0,伊坂重信,66.0,48.2,31.0,14.5,17.8,17.2,16.5,14.5
美浦,20260725,土,6:46,ジュンサク,,牝,3,0,伊坂重信,66.1,48.5,31.2,14.9,17.6,17.3,16.3,14.9
美浦,20260725,土,6:46,マリノミステリアス,,牝,2,未出走,伊坂重信,66.1,48.3,31.2,15.2,17.8,17.1,16.0,15.2
美浦,20260725,土,6:47,アオイノリプー,,牡,2,0,尾形和幸,67.6,50.0,32.7,16.3,17.6,17.3,16.4,16.3
美浦,20260725,土,6:47,アナログハート,,牝,2,未登録,,68.9,51.1,33.8,17.3,17.8,17.3,16.5,17.3
美浦,20260725,土,6:47,オリジナルギフト,,牝,2,未登録,,69.0,51.2,33.6,16.8,17.8,17.6,16.8,16.8
美浦,20260725,土,6:47,カナデルペガサス,,牝,2,未出走,尾形和幸,68.5,50.4,33.1,16.5,18.1,17.3,16.6,16.5
美浦,20260725,土,6:47,カラスアゲハ,,牝,2,未出走,佐藤吉勝,75.5,56.0,37.4,18.8,19.5,18.6,18.6,18.8
美浦,20260725,土,6:47,ケイジャーダ,,牝,2,未出走,佐藤吉勝,72.1,52.8,34.7,17.6,19.3,18.1,17.1,17.6
美浦,20260725,土,6:47,ホノボノ,,牡,3,400,尾形和幸,68.4,50.3,33.6,16.6,18.1,16.7,17.0,16.6
美浦,20260725,土,6:47,ルブラッシュノモー,,牡,2,未出走,佐藤吉勝,72.2,53.9,35.8,18.3,18.3,18.1,17.5,18.3
美浦,20260725,土,6:48,アニエーネ,,牝,2,未出走,和田勇介,66.4,49.2,32.0,16.0,17.2,17.2,16.0,16.0
美浦,20260725,土,6:48,ランドフォートレス,,牡,2,未出走,和田勇介,65.4,48.5,32.4,16.2,16.9,16.1,16.2,16.2
美浦,20260725,土,6:48,レッドカメリア,,牝,6,160,佐藤吉勝,65.6,48.3,31.7,15.6,17.3,16.6,16.1,15.6
美浦,20260725,土,6:49,コスモフラムオット,,牡,2,0,武藤善則,70.4,51.4,33.3,16.3,19.0,18.1,17.0,16.3
美浦,20260725,土,6:49,デリシュー,,牡,5,180,新開幸一,68.7,49.8,32.0,15.2,18.9,17.8,16.8,15.2
美浦,20260725,土,6:51,ブリングライト,,牡,6,100,松山将樹,70.1,51.0,33.1,16.0,19.1,17.9,17.1,16.0
美浦,20260725,土,6:51,ブレトワルダ,,セ,4,900,新開幸一,64.8,48.4,31.7,15.6,16.4,16.7,16.1,15.6
美浦,20260725,土,6:52,イージーブリージー,,牝,5,400,伊坂重信,66.0,48.3,31.4,15.6,17.7,16.9,15.8,15.6
美浦,20260725,土,6:53,サツキレジーナ,,牝,4,400,石栗龍彦,67.2,49.1,32.4,16.3,18.1,16.7,16.1,16.3
美浦,20260725,土,6:53,シュトラウス,,牡,5,8400,武井亮,63.9,46.6,30.5,15.1,17.3,16.1,15.4,15.1
美浦,20260725,土,6:54,ステラゲイル,,牡,3,0,石栗龍彦,65.1,46.9,30.6,15.3,18.2,16.3,15.3,15.3
美浦,20260725,土,6:54,フームスムート,,牡,9,1500,水野貴広,71.0,52.3,34.8,17.2,18.7,17.5,17.6,17.2
美浦,20260725,土,6:54,プレミアブルー,,牡,4,0,菊川正達,64.6,47.6,31.5,15.4,17.0,16.1,16.1,15.4
美浦,20260725,土,6:54,メイヨシュア,,牝,3,0,水野貴広,70.6,51.6,34.6,17.1,19.0,17.0,17.5,17.1
美浦,20260725,土,6:54,ラトルシェ,,牝,4,900,菊川正達,65.9,49.4,32.5,16.3,16.5,16.9,16.2,16.3
美浦,20260725,土,6:54,ルンベーラ,,牝,3,400,菊川正達,63.9,47.7,31.9,15.6,16.2,15.8,16.3,15.6
美浦,20260725,土,6:55,シックスペンス,,牡,5,20700,田中博康,60.3,44.6,29.0,14.2,15.7,15.6,14.8,14.2
美浦,20260725,土,6:55,テキサス,,牡,2,未出走,田中博康,62.6,46.8,30.8,15.2,15.8,16.0,15.6,15.2
美浦,20260725,土,6:55,プロテウス,,牡,2,未出走,田中博康,61.0,45.2,29.8,14.9,15.8,15.4,14.9,14.9
美浦,20260725,土,6:55,ペアレンツハート,,牝,2,未出走,田中博康,61.9,45.2,28.9,14.2,16.7,16.3,14.7,14.2
美浦,20260725,土,6:55,ローシャムパーク,,牡,7,17900,田中博康,59.1,43.2,28.1,14.0,15.9,15.1,14.1,14.0
美浦,20260725,土,6:56,ブレードサクセス,,牡,5,900,岩戸孝樹,69.6,51.0,32.6,15.8,18.6,18.4,16.8,15.8
美浦,20260725,土,6:58,アイファーティアラ,,牝,2,未出走,的場均,70.3,51.2,33.5,16.4,19.1,17.7,17.1,16.4
美浦,20260725,土,6:58,イデアモッコス,,牡,2,未登録,,71.8,53.3,35.3,17.6,18.5,18.0,17.7,17.6
美浦,20260725,土,6:58,マジギレカレン,,牝,3,未出走,的場均,70.5,51.8,34.1,16.9,18.7,17.7,17.2,16.9
美浦,20260725,土,6:58,マーシヴィガラス,,牡,6,900,的場均,73.9,54.1,35.8,17.9,19.8,18.3,17.9,17.9
美浦,20260725,土,6:59,イケイケルノワール,,セ,3,0,松山将樹,66.1,48.6,31.6,15.7,17.5,17.0,15.9,15.7
美浦,20260725,土,6:59,キョウエイシャトル,,牡,2,未出走,萱野浩二,67.2,50.1,33.5,16.9,17.1,16.6,16.6,16.9
美浦,20260725,土,6:59,ダイヒョウカーク,,牡,3,0,松山将樹,65.2,48.5,32.0,15.9,16.7,16.5,16.1,15.9
美浦,20260725,土,6:59,ヤマタケボニータ,,牡,3,0,萱野浩二,67.7,51.2,34.5,17.2,16.5,16.7,17.3,17.2
美浦,20260725,土,7:00,カタカムナ,,牝,3,0,蛯名利弘,69.5,49.6,32.2,14.9,19.9,17.4,17.3,14.9
美浦,20260725,土,7:00,スピアッジャローザ,,牝,4,0,蛯名利弘,70.6,52.2,34.7,17.3,18.4,17.5,17.4,17.3
美浦,20260725,土,7:00,ダイチマイスター,,牡,2,未出走,蛯名利弘,69.1,50.8,33.8,16.7,18.3,17.0,17.1,16.7
美浦,20260725,土,7:00,ｿﾙﾀﾞﾃｯｻの24,,牝,2,未登録,,70.2,51.9,35.0,17.8,18.3,16.9,17.2,17.8
美浦,20260725,土,7:01,ヴォンヌヴォー,,牝,6,400,天間昭一,67.6,50.4,33.2,16.6,17.2,17.2,16.6,16.6
美浦,20260725,土,7:02,カガラプンツェル,,牝,3,400,萱野浩二,62.2,46.3,30.6,15.4,15.9,15.7,15.2,15.4
美浦,20260725,土,7:02,ファイアマン,,牡,3,900,上原博之,73.2,53.9,35.3,17.8,19.3,18.6,17.5,17.8
美浦,20260725,土,7:02,ブルーダイヤシチー,,牡,3,0,上原博之,74.4,55.1,36.5,18.6,19.3,18.6,17.9,18.6
美浦,20260725,土,7:02,レーゲンシャウアー,,牝,2,未出走,天間昭一,71.4,52.7,34.3,17.2,18.7,18.4,17.1,17.2
美浦,20260725,土,7:03,クリガーレ,,牡,2,未出走,武市康男,70.7,51.6,34.1,17.4,19.1,17.5,16.7,17.4
美浦,20260725,土,7:03,シュートザワークス,,牡,2,0,千葉直人,64.9,46.5,29.7,14.4,18.4,16.8,15.3,14.4
美浦,20260725,土,7:03,スマートブライド,,牝,2,未出走,加藤征弘,68.7,50.4,33.2,16.5,18.3,17.2,16.7,16.5
美浦,20260725,土,7:03,ニシノアトール,,牡,2,未出走,武市康男,67.3,49.8,32.6,15.8,17.5,17.2,16.8,15.8
美浦,20260725,土,7:03,バル,,牡,3,0,武市康男,72.9,53.3,35.0,17.2,19.6,18.3,17.8,17.2
美浦,20260725,土,7:03,フクチャントウメイ,,セ,5,900,加藤征弘,67.8,50.1,33.0,16.7,17.7,17.1,16.3,16.7
美浦,20260725,土,7:03,ホワイトガーベラ,,牡,7,1500,千葉直人,66.2,48.7,32.1,16.0,17.5,16.6,16.1,16.0
美浦,20260725,土,7:03,レッドマウロア,,牡,2,未出走,加藤征弘,67.9,49.7,32.8,16.4,18.2,16.9,16.4,16.4
美浦,20260725,土,7:03,ヴァルフォース,,牝,2,未出走,加藤征弘,68.2,50.2,33.5,16.6,18.0,16.7,16.9,16.6
美浦,20260725,土,7:04,アイアムユウシュン,,牡,5,1500,奥平雅士,68.9,49.7,32.4,16.0,19.2,17.3,16.4,16.0
美浦,20260725,土,7:04,タクミオジュウ,,牡,2,0,小島茂之,66.3,49.0,32.9,16.9,17.3,16.1,16.0,16.9
美浦,20260725,土,7:04,リドルトリガー,,牝,4,130,小島茂之,71.1,51.8,33.8,16.4,19.3,18.0,17.4,16.4
美浦,20260725,土,7:04,レナセール,,牝,2,未登録,,67.7,49.2,32.5,16.3,18.5,16.7,16.2,16.3
美浦,20260725,土,7:05,イーグルロック,,牡,3,400,相沢郁,67.5,50.4,33.3,16.5,17.1,17.1,16.8,16.5
美浦,20260725,土,7:05,エーアイラピド,,牡,2,未出走,手塚貴徳,67.3,49.5,32.1,16.0,17.8,17.4,16.1,16.0
美浦,20260725,土,7:05,シュバルツガイスト,,牡,6,900,手塚貴徳,67.0,49.0,32.2,15.7,18.0,16.8,16.5,15.7
美浦,20260725,土,7:05,スターウェーブ,,セ,4,900,武井亮,68.2,49.6,32.6,16.0,18.6,17.0,16.6,16.0
美浦,20260725,土,7:05,ペルシアーノ,,牝,3,0,相沢郁,64.8,47.9,31.6,15.6,16.9,16.3,16.0,15.6
美浦,20260725,土,7:05,ラインホルト,,牡,2,未出走,手塚貴徳,67.5,49.3,32.6,16.2,18.2,16.7,16.4,16.2
美浦,20260725,土,7:06,グレゴリオ,,セ,4,0,松尾卓哉,66.5,48.1,30.8,15.3,18.4,17.3,15.5,15.3
美浦,20260725,土,7:06,シルブロン,,セ,8,3650,松尾卓哉,63.1,45.7,29.3,14.1,17.4,16.4,15.2,14.1
美浦,20260725,土,7:06,ストロングボイス,,牡,2,未出走,手塚貴徳,72.7,53.6,35.4,17.6,19.1,18.2,17.8,17.6
美浦,20260725,土,7:08,アシャカブリヤン,,牝,2,未出走,鈴木伸尋,69.8,50.1,33.0,16.7,19.7,17.1,16.3,16.7
美浦,20260725,土,7:08,アマンヘセル,,牝,3,0,蛯名正義,69.4,50.7,33.5,17.1,18.7,17.2,16.4,17.1
美浦,20260725,土,7:08,クツワエターナル,,牝,3,未出走,鈴木伸尋,70.4,50.9,33.7,16.7,19.5,17.2,17.0,16.7
美浦,20260725,土,7:08,トモジャシーマ,,セ,6,400,鈴木伸尋,70.7,50.6,33.0,16.3,20.1,17.6,16.7,16.3
美浦,20260725,土,7:08,ハッピーシュリー,,牝,2,未出走,鈴木伸尋,70.6,50.9,33.7,16.8,19.7,17.2,16.9,16.8
美浦,20260725,土,7:08,ミコウェイ,,牝,2,未出走,鈴木伸尋,69.5,50.1,32.8,16.7,19.4,17.3,16.1,16.7
美浦,20260725,土,7:08,レボルシオン,,牡,5,400,蛯名正義,67.0,48.4,31.7,15.8,18.6,16.7,15.9,15.8
美浦,20260725,土,7:09,エンエイ,,牝,2,未出走,竹内正洋,70.1,50.3,32.5,16.0,19.8,17.8,16.5,16.0
美浦,20260725,土,7:09,オンナキュヌヴィ,,牝,3,0,蛯名正義,70.0,50.9,33.4,16.9,19.1,17.5,16.5,16.9
美浦,20260725,土,7:09,ガーネットテソーロ,,牝,3,400,高木登,70.7,53.1,35.2,17.6,17.6,17.9,17.6,17.6
美浦,20260725,土,7:09,センカンナガト,,牡,2,0,和田雄二,63.0,46.8,30.8,15.8,16.2,16.0,15.0,15.8
美浦,20260725,土,7:09,ネイティヴプライド,,牡,3,0,高木登,71.6,53.6,35.9,18.0,18.0,17.7,17.9,18.0
美浦,20260725,土,7:09,ハリコミチュウ,,牝,3,0,竹内正洋,68.2,49.6,32.3,16.1,18.6,17.3,16.2,16.1
美浦,20260725,土,7:09,ファーストアライヴ,,牡,2,未出走,高木登,72.2,54.4,36.7,18.3,17.8,17.7,18.4,18.3
美浦,20260725,土,7:09,フローレスカラーズ,,牝,3,0,高木登,69.7,52.0,35.1,17.8,17.7,16.9,17.3,17.8
美浦,20260725,土,7:09,ベルゼビュート,,牡,3,400,高木登,71.5,53.7,36.4,18.7,17.8,17.3,17.7,18.7
美浦,20260725,土,7:09,マートングレイス,,牝,2,未登録,,69.7,51.8,34.9,17.7,17.9,16.9,17.2,17.7
美浦,20260725,土,7:09,ミツカネルナ,,牝,3,0,鈴木伸尋,74.5,53.2,34.2,16.3,21.3,19.0,17.9,16.3
美浦,20260725,土,7:09,ヴァインフェスト,,牝,2,未登録,,73.6,54.5,35.7,17.6,19.1,18.8,18.1,17.6
美浦,20260725,土,7:10,エコロゲラン,,牡,2,未登録,,74.2,52.6,34.8,16.6,21.6,17.8,18.2,16.6
美浦,20260725,土,7:10,キタノローズ,,牝,3,0,室井潔,64.8,47.5,32.0,15.8,17.3,15.5,16.2,15.8
美浦,20260725,土,7:10,キチロクゴール,,牡,3,0,松永康利,65.3,48.0,31.8,16.0,17.3,16.2,15.8,16.0
美浦,20260725,土,7:10,コスモキャバリエ,,牡,4,400,室井潔,70.0,51.3,33.9,16.9,18.7,17.4,17.0,16.9
美浦,20260725,土,7:10,サスケソルトバーン,,牡,2,未出走,和田雄二,63.7,46.9,31.4,16.1,16.8,15.5,15.3,16.1
美浦,20260725,土,7:10,シトラール,,牡,5,400,古賀大生,72.2,52.5,34.6,17.6,19.7,17.9,17.0,17.6
美浦,20260725,土,7:10,ショウナンワンパク,,牡,2,未出走,古賀大生,71.8,52.0,33.9,17.1,19.8,18.1,16.8,17.1
美浦,20260725,土,7:10,ジョブックボー,,牝,3,0,黒岩陽一,64.5,47.7,30.8,15.0,16.8,16.9,15.8,15.0
美浦,20260725,土,7:10,セイロンジェムズ,,牡,5,900,鈴木慎太,65.0,47.7,31.6,16.0,17.3,16.1,15.6,16.0
美浦,20260725,土,7:10,ペリエール,,牡,6,7250,黒岩陽一,64.8,47.3,30.1,14.7,17.5,17.2,15.4,14.7
美浦,20260725,土,7:10,ホワイトフレアー,,牡,2,0,黒岩陽一,65.7,48.0,30.8,15.1,17.7,17.2,15.7,15.1
美浦,20260725,土,7:10,ポポラヴィスタ,,牝,3,0,鈴木慎太,66.8,49.1,32.6,16.2,17.7,16.5,16.4,16.2
美浦,20260725,土,7:10,マイネルジェロディ,,牡,8,2400,室井潔,66.5,48.6,31.7,15.4,17.9,16.9,16.3,15.4
美浦,20260725,土,7:10,マリノフスキー,,牡,2,未出走,畠山吉宏,67.4,49.7,32.1,16.1,17.7,17.6,16.0,16.1
美浦,20260725,土,7:10,ヨシヒロ,,牡,4,700,松永康利,65.4,48.1,31.7,15.8,17.3,16.4,15.9,15.8
美浦,20260725,土,7:11,カウガールハット,,牝,3,0,小野次郎,70.4,51.6,33.8,16.5,18.8,17.8,17.3,16.5
美浦,20260725,土,7:11,クラウンロムパイア,,牡,2,未出走,松永康利,67.2,48.8,32.5,16.7,18.4,16.3,15.8,16.7
美浦,20260725,土,7:11,サンアンドスターズ,,牝,2,未出走,畠山吉宏,66.7,48.9,32.1,16.0,17.8,16.8,16.1,16.0
美浦,20260725,土,7:11,シュアシング,,牝,2,0,相沢郁,66.5,49.8,32.6,16.3,16.7,17.2,16.3,16.3
美浦,20260725,土,7:11,スプレーフォール,,牡,5,900,相沢郁,65.8,48.7,31.1,15.8,17.1,17.6,15.3,15.8
美浦,20260725,土,7:11,ニシノリリックス,,牝,2,未出走,小野次郎,68.6,50.5,33.3,16.5,18.1,17.2,16.8,16.5
美浦,20260725,土,7:11,ノヴィルーニオ,,牝,2,未登録,,70.6,51.9,33.8,16.9,18.7,18.1,16.9,16.9
美浦,20260725,土,7:11,ハニーアンバー,,牝,3,0,小野次郎,70.2,51.1,33.3,16.4,19.1,17.8,16.9,16.4
美浦,20260725,土,7:11,マスターボリューム,,牝,2,0,畠山吉宏,66.6,48.8,32.3,15.9,17.8,16.5,16.4,15.9
美浦,20260725,土,7:11,レッドリファインド,,牡,3,0,奥村武,68.8,50.3,32.9,16.2,18.5,17.4,16.7,16.2
美浦,20260725,土,7:11,ヴェントリナ,,牝,2,0,相沢郁,65.8,48.8,32.3,16.0,17.0,16.5,16.3,16.0
美浦,20260725,土,7:12,カツノサーティーン,,牡,3,0,伊藤伸一,69.2,51.9,34.2,17.7,17.3,17.7,16.5,17.7
美浦,20260725,土,7:12,ケブラダラボジェラ,,牝,2,未出走,伊藤伸一,68.5,50.5,33.6,16.8,18.0,16.9,16.8,16.8
美浦,20260725,土,7:12,シェリアドレ,,牝,3,0,奥村武,68.5,50.4,33.1,16.7,18.1,17.3,16.4,16.7
美浦,20260725,土,7:12,シャオシンユン,,牝,4,290,奥村武,68.2,50.2,33.2,16.6,18.0,17.0,16.6,16.6
美浦,20260725,土,7:12,ソヴリンゲート,,牡,2,未出走,戸田博文,68.0,49.5,32.3,15.7,18.5,17.2,16.6,15.7
美浦,20260725,土,7:12,パーティーガール,,牝,4,470,伊藤伸一,69.3,51.2,33.9,16.9,18.1,17.3,17.0,16.9
美浦,20260725,土,7:12,フォクセン,,牡,2,未出走,戸田博文,68.2,50.9,33.6,16.9,17.3,17.3,16.7,16.9
美浦,20260725,土,7:12,フォンドルレール,,牡,3,0,戸田博文,72.2,52.0,33.8,17.0,20.2,18.2,16.8,17.0
美浦,20260725,土,7:13,イデアモッコス,,牡,2,未登録,,66.7,50.9,33.6,16.7,15.8,17.3,16.9,16.7
美浦,20260725,土,7:13,マーシヴィガラス,,牡,6,900,的場均,68.0,51.2,33.7,16.8,16.8,17.5,16.9,16.8
美浦,20260725,土,7:14,アシタバスピリッツ,,牝,3,0,西田雄一,65.0,47.7,31.5,15.9,17.3,16.2,15.6,15.9
美浦,20260725,土,7:14,アジュアカレンツ,,牝,3,0,西田雄一,63.9,47.1,30.9,15.5,16.8,16.2,15.4,15.5
美浦,20260725,土,7:14,エトワールフィーユ,,牝,3,0,西田雄一,65.4,48.1,31.8,16.0,17.3,16.3,15.8,16.0
美浦,20260725,土,7:14,カラクリスピリッツ,,牝,3,0,斎藤誠,67.5,50.5,33.5,16.5,17.0,17.0,17.0,16.5
美浦,20260725,土,7:14,スミダコンジャク,,牝,2,未登録,,66.2,48.8,32.1,16.0,17.4,16.7,16.1,16.0
美浦,20260725,土,7:14,ニシノイサリビ,,牡,2,400,斎藤誠,67.8,50.7,33.5,16.8,17.1,17.2,16.7,16.8
美浦,20260725,土,7:14,ノドゥス,,牡,2,0,斎藤誠,68.3,51.2,33.8,16.8,17.1,17.4,17.0,16.8
美浦,20260725,土,7:14,ファクスカエリ,,牝,2,未登録,,67.0,50.3,33.2,16.3,16.7,17.1,16.9,16.3
美浦,20260725,土,7:14,ユーゲットミー,,牝,3,0,西田雄一,63.8,47.0,30.8,15.4,16.8,16.2,15.4,15.4
美浦,20260725,土,7:14,ﾛｻﾓｽｶｰﾀの24,,牡,2,未登録,,67.0,50.3,33.2,16.3,16.7,17.1,16.9,16.3
美浦,20260725,土,7:15,アラータス,,牡,2,0,秋本大介,66.4,47.8,33.0,16.7,18.6,14.8,16.3,16.7
美浦,20260725,土,7:15,ゲンパチムサシ,,牡,8,1500,秋本大介,67.4,47.6,29.6,14.5,19.8,18.0,15.1,14.5
美浦,20260725,土,7:15,ベルタソ,,牝,6,400,秋本大介,71.0,51.9,34.3,16.8,19.1,17.6,17.5,16.8
美浦,20260725,土,7:15,マイネルボス,,牡,4,0,畠山吉宏,66.0,47.7,31.2,15.1,18.3,16.5,16.1,15.1
美浦,20260725,土,7:15,ラピッドテソーロ,,牝,2,400,畠山吉宏,73.9,55.4,37.0,18.5,18.5,18.4,18.5,18.5
美浦,20260725,土,7:16,クロースコンバット,,牡,7,1500,青木孝文,66.5,49.7,33.0,16.8,16.8,16.7,16.2,16.8
美浦,20260725,土,7:16,ジーナグレイス,,牝,3,0,田中勝春,53.7,39.1,25.7,12.9,14.6,13.4,12.8,12.9
美浦,20260725,土,7:16,スペシャルサンクス,,牝,2,0,矢嶋大樹,64.4,46.5,30.0,15.0,17.9,16.5,15.0,15.0
美浦,20260725,土,7:16,テイクユアタイム,,牡,2,未出走,中川公成,71.5,53.7,36.2,18.4,17.8,17.5,17.8,18.4
美浦,20260725,土,7:16,ノーブルウィナー,,牝,2,未登録,,70.7,53.8,36.5,18.7,16.9,17.3,17.8,18.7
美浦,20260725,土,7:16,ミズノミヤコ,,牝,3,0,青木孝文,64.0,47.3,31.1,15.8,16.7,16.2,15.3,15.8
美浦,20260725,土,7:16,メディチパワー,,牡,3,400,中川公成,64.8,48.1,31.5,15.7,16.7,16.6,15.8,15.7
美浦,20260725,土,7:16,ラウターユーベル,,牡,3,0,青木孝文,67.5,50.5,34.0,17.6,17.0,16.5,16.4,17.6
美浦,20260725,土,7:16,リキマル,,牡,2,未出走,青木孝文,65.6,48.6,32.3,16.3,17.0,16.3,16.0,16.3
美浦,20260725,土,7:16,ヴィスクレス,,牡,3,0,矢嶋大樹,67.4,49.1,32.5,16.2,18.3,16.6,16.3,16.2
美浦,20260725,土,7:17,オウケンサクラコ,,牝,3,0,田中勝春,65.5,47.8,31.3,15.5,17.7,16.5,15.8,15.5
美浦,20260725,土,7:17,ショウナンダイン,,セ,3,400,森一誠,65.7,48.9,31.7,15.5,16.8,17.2,16.2,15.5
美浦,20260725,土,7:17,ショウナンラプソ,,牡,2,未出走,森一誠,65.0,47.7,31.0,15.3,17.3,16.7,15.7,15.3
美浦,20260725,土,7:17,タイセイアストロ,,牡,3,400,森一誠,65.1,47.8,30.1,14.6,17.3,17.7,15.5,14.6
美浦,20260725,土,7:17,ティシポネ,,牝,2,未出走,森一誠,63.7,46.6,30.2,14.7,17.1,16.4,15.5,14.7
美浦,20260725,土,7:17,ヒットアンドロール,,牡,5,0,田中勝春,65.2,47.7,31.2,15.9,17.5,16.5,15.3,15.9
美浦,20260725,土,7:18,クールストラッチン,,牝,2,0,田島俊明,67.6,49.6,31.7,14.6,18.0,17.9,17.1,14.6
美浦,20260725,土,7:18,コックオーヴァン,,牝,3,900,伊藤伸一,71.7,52.9,34.6,17.4,18.8,18.3,17.2,17.4
美浦,20260725,土,7:18,ダノンオンザビート,,牡,3,0,堀宣行,68.8,51.7,34.6,17.4,17.1,17.1,17.2,17.4
美浦,20260725,土,7:18,ダノンタッチダウン,,セ,6,2550,堀宣行,67.8,50.7,33.5,16.6,17.1,17.2,16.9,16.6
美浦,20260725,土,7:18,テリオスレイ,,牝,3,0,田島俊明,67.3,49.7,32.0,14.9,17.6,17.7,17.1,14.9
美浦,20260725,土,7:18,フッカツノジャンボ,,牡,3,0,勢司和浩,70.6,53.0,35.6,18.4,17.6,17.4,17.2,18.4
美浦,20260725,土,7:18,ヤマメナイト,,牡,3,0,田島俊明,68.6,50.3,33.0,16.3,18.3,17.3,16.7,16.3
美浦,20260725,土,7:18,ヤマメライズ,,牡,3,400,田島俊明,68.5,50.2,33.0,16.4,18.3,17.2,16.6,16.4
美浦,20260725,土,7:18,リバーススイープ,,牡,2,未出走,田島俊明,68.3,50.7,33.2,16.5,17.6,17.5,16.7,16.5
美浦,20260725,土,7:19,セレスタイト,,牡,2,0,岩戸孝樹,69.4,51.5,34.2,17.4,17.9,17.3,16.8,17.4
美浦,20260725,土,7:19,デカントラップ,,牡,2,未登録,,69.0,51.3,34.1,17.3,17.7,17.2,16.8,17.3
美浦,20260725,土,7:19,ノベンバーベイズ,,牝,3,0,岩戸孝樹,68.6,50.5,33.7,16.7,18.1,16.8,17.0,16.7
美浦,20260725,土,7:19,モナコブル,,牡,5,900,岩戸孝樹,68.3,50.7,33.7,17.0,17.6,17.0,16.7,17.0
美浦,20260725,土,7:20,イツマデモマツワ,,牝,2,未出走,深山雅史,71.5,51.7,33.6,16.8,19.8,18.1,16.8,16.8
美浦,20260725,土,7:20,イーグルロック,,牡,3,400,相沢郁,63.9,47.2,31.1,15.2,16.7,16.1,15.9,15.2
美浦,20260725,土,7:20,ジワタネホ,,牝,3,0,中舘英二,70.1,50.9,32.9,16.3,19.2,18.0,16.6,16.3
美浦,20260725,土,7:20,ジーティーニッツァ,,牡,3,0,伊藤伸一,63.5,46.1,30.3,15.1,17.4,15.8,15.2,15.1
美浦,20260725,土,7:20,ドッカイッチャッテ,,牝,2,未出走,深山雅史,71.4,52.5,34.5,16.8,18.9,18.0,17.7,16.8
美浦,20260725,土,7:20,ニシノケンタマン,,牡,4,900,深山雅史,69.1,50.3,32.3,16.0,18.8,18.0,16.3,16.0
美浦,20260725,土,7:20,マジンタクシー,,牝,3,400,深山雅史,68.3,49.8,32.0,15.6,18.5,17.8,16.4,15.6
美浦,20260725,土,7:20,ヴォーチェカノーラ,,牡,2,未出走,中舘英二,70.0,51.6,33.3,15.8,18.4,18.3,17.5,15.8
美浦,20260725,土,7:22,ブルドッグドン,,牡,2,未出走,武藤善則,66.6,48.8,31.4,15.5,17.8,17.4,15.9,15.5
美浦,20260725,土,7:22,ラインディーバ,,牝,2,未出走,武藤善則,66.5,48.7,31.4,15.4,17.8,17.3,16.0,15.4
美浦,20260725,土,7:23,コスモスプモーニ,,牡,6,900,松山将樹,73.5,55.7,37.4,18.7,17.8,18.3,18.7,18.7
美浦,20260725,土,7:23,デルマカイモン,,牡,3,0,高柳瑞樹,70.5,51.8,33.3,16.1,18.7,18.5,17.2,16.1
美浦,20260725,土,7:24,インビンシブルパパ,,牡,5,5850,伊藤大士,62.8,46.5,30.1,14.7,16.3,16.4,15.4,14.7
美浦,20260725,土,7:26,クリアーゲイル,,牡,3,0,浅利英明,66.0,48.0,31.9,16.3,18.0,16.1,15.6,16.3
美浦,20260725,土,7:26,コイゾラ,,牝,2,未出走,浅利英明,66.4,48.8,31.8,15.5,17.6,17.0,16.3,15.5
美浦,20260725,土,7:26,ドッグズノーズ,,牡,2,未登録,,66.0,48.7,32.2,15.9,17.3,16.5,16.3,15.9
美浦,20260725,土,7:27,アッチャゴーラ,,牡,6,2400,浅利英明,74.9,52.9,34.1,16.9,22.0,18.8,17.2,16.9
美浦,20260725,土,7:27,クリムゾンリーフ,,牡,3,0,加藤士津,63.8,47.2,31.5,16.1,16.6,15.7,15.4,16.1
美浦,20260725,土,7:28,ゲンパチロマン,,牝,3,未出走,加藤士津,74.3,54.3,35.4,17.7,20.0,18.9,17.7,17.7
美浦,20260725,土,7:29,エスティメート,,牡,7,1370,大和田成,61.6,44.2,28.0,13.6,17.4,16.2,14.4,13.6
美浦,20260725,土,7:29,ジオロジー,,牡,2,未出走,大和田成,63.6,46.2,30.1,15.2,17.4,16.1,14.9,15.2
美浦,20260725,土,7:29,ダノングローバル,,牡,2,未出走,大竹正博,64.8,47.8,30.9,14.8,17.0,16.9,16.1,14.8
美浦,20260725,土,7:29,トランスマーレ,,牝,3,400,高柳瑞樹,67.7,49.4,32.4,15.7,18.3,17.0,16.7,15.7
美浦,20260725,土,7:29,ノーブルクロンヌ,,牝,3,0,高柳瑞樹,66.4,49.4,32.4,16.1,17.0,17.0,16.3,16.1
美浦,20260725,土,7:29,ビップマリク,,セ,3,0,高柳瑞樹,64.3,47.2,30.8,14.7,17.1,16.4,16.1,14.7
美浦,20260725,土,7:29,ホウオウショコラ,,牝,4,400,大竹正博,64.7,47.8,30.8,15.2,16.9,17.0,15.6,15.2
美浦,20260725,土,7:30,エルミタージュ,,牡,2,未登録,,93.0,67.2,44.4,22.5,25.8,22.8,21.9,22.5
美浦,20260725,土,7:30,カンレイスター,,牝,3,400,矢野英一,65.6,48.9,32.7,15.8,16.7,16.2,16.9,15.8
美浦,20260725,土,7:30,サトノエスケープ,,牡,3,400,久保田貴,64.7,48.2,32.0,16.0,16.5,16.2,16.0,16.0
美浦,20260725,土,7:30,ノーブルクラウド,,牝,3,400,久保田貴,66.3,48.8,32.3,16.1,17.5,16.5,16.2,16.1
美浦,20260725,土,7:30,バルジール,,牡,4,140,久保田貴,66.1,48.8,32.1,15.9,17.3,16.7,16.2,15.9
美浦,20260725,土,7:30,ムーランブルー,,牝,6,400,久保田貴,66.9,49.6,32.8,16.5,17.3,16.8,16.3,16.5
美浦,20260725,土,7:31,ゴールドパレード,,牡,3,400,天間昭一,84.0,63.2,42.5,21.2,20.8,20.7,21.3,21.2
美浦,20260725,土,7:31,セントゴーデンス,,セ,3,400,黒岩陽一,62.9,45.8,29.5,14.7,17.1,16.3,14.8,14.7
美浦,20260725,土,7:31,セーヌデローヴ,,牡,3,0,黒岩陽一,66.1,48.0,31.3,15.7,18.1,16.7,15.6,15.7
美浦,20260725,土,7:31,ヤマニンリンキング,,牡,3,0,辻哲英,121.3,91.1,59.7,28.8,30.2,31.4,30.9,28.8
美浦,20260725,土,7:33,クールストラッチン,,牝,2,0,田島俊明,69.1,50.9,33.2,16.3,18.2,17.7,16.9,16.3
美浦,20260725,土,7:33,ソナタン,,牡,4,400,和田勇介,66.7,49.8,33.4,16.8,16.9,16.4,16.6,16.8
美浦,20260725,土,7:33,フリューゲルホープ,,牡,2,未登録,,69.2,51.8,35.1,18.4,17.4,16.7,16.7,18.4
美浦,20260725,土,7:33,ヤマカンドリーミン,,牡,3,0,和田勇介,67.0,49.9,32.9,16.5,17.1,17.0,16.4,16.5
美浦,20260725,土,7:34,ジワタネホ,,牝,3,0,中舘英二,69.9,51.7,33.5,16.6,18.2,18.2,16.9,16.6
美浦,20260725,土,7:34,ヴォーチェカノーラ,,牡,2,未出走,中舘英二,69.8,51.0,33.3,16.6,18.8,17.7,16.7,16.6
美浦,20260725,土,7:36,スロノス,,牡,2,未出走,上原佑紀,65.5,48.3,31.3,14.8,17.2,17.0,16.5,14.8
美浦,20260725,土,7:36,ソルフィーナ,,牝,2,未出走,上原佑紀,62.4,46.0,30.5,15.1,16.4,15.5,15.4,15.1
美浦,20260725,土,7:36,レーヴデリオン,,牡,2,未出走,上原佑紀,62.4,46.2,30.3,15.0,16.2,15.9,15.3,15.0
美浦,20260725,土,7:36,ｸﾚｲﾄﾞﾙの24,,牝,2,未登録,,63.5,47.2,30.8,14.9,16.3,16.4,15.9,14.9
美浦,20260725,土,7:37,コウサイリクリ,,牝,2,未出走,粕谷昌央,66.3,49.0,32.8,17.0,17.3,16.2,15.8,17.0
美浦,20260725,土,7:37,ノーブルミント,,牝,2,未出走,粕谷昌央,65.0,47.8,32.0,15.9,17.2,15.8,16.1,15.9
美浦,20260725,土,7:37,ベニシア,,牝,5,900,粕谷昌央,64.0,47.2,31.1,15.3,16.8,16.1,15.8,15.3
美浦,20260725,土,7:38,ゴバド,,牝,3,400,加藤征弘,71.1,52.3,34.4,17.0,18.8,17.9,17.4,17.0
美浦,20260725,土,7:38,プラネタリーアワー,,牝,3,0,加藤征弘,71.6,53.1,34.5,17.1,18.5,18.6,17.4,17.1
美浦,20260725,土,7:41,アクトレスサージ,,牝,2,未出走,中川公成,69.7,51.2,34.2,17.5,18.5,17.0,16.7,17.5
美浦,20260725,土,7:41,ルークスイテルム,,牡,2,未出走,中川公成,65.5,47.8,31.5,15.4,17.7,16.3,16.1,15.4
美浦,20260725,土,7:42,ハニーローリエ,,牝,4,900,小手川準,65.9,48.5,31.5,15.5,17.4,17.0,16.0,15.5
美浦,20260725,土,7:42,ランブリングガール,,牝,2,未登録,,67.5,50.0,32.8,16.4,17.5,17.2,16.4,16.4
美浦,20260725,土,7:43,キヨタカジャスミン,,牝,2,未登録,,64.4,47.2,31.0,15.3,17.2,16.2,15.7,15.3
美浦,20260725,土,7:43,ダイユウレゾナンス,,牝,3,0,松永康利,64.7,47.5,31.1,15.5,17.2,16.4,15.6,15.5
美浦,20260725,土,7:43,モートンアイランド,,牝,3,400,手塚貴久,69.8,51.1,33.8,16.9,18.7,17.3,16.9,16.9
美浦,20260725,土,7:43,ラストレガシー,,牡,4,900,手塚貴久,68.9,51.1,33.4,16.5,17.8,17.7,16.9,16.5
美浦,20260725,土,7:46,ミアネーロ,,牝,5,3350,林徹,59.9,43.3,28.4,14.1,16.6,14.9,14.3,14.1
美浦,20260725,土,7:47,クイーンズレイン,,牝,3,0,林徹,62.5,46.8,30.5,14.9,15.7,16.3,15.6,14.9
美浦,20260725,土,7:47,サトノパトリオット,,セ,4,1500,木村哲也,73.8,55.3,36.8,19.0,18.5,18.5,17.8,19.0
美浦,20260725,土,7:47,フェニックスロール,,牡,2,未登録,,71.6,53.7,35.7,17.7,17.9,18.0,18.0,17.7
美浦,20260725,土,7:51,エコロレジーナ,,牝,6,3600,菊沢隆徳,62.3,45.6,29.4,14.4,16.7,16.2,15.0,14.4
美浦,20260725,土,7:51,カニキュル,,牝,5,1500,菊沢隆徳,63.7,47.0,30.2,15.1,16.7,16.8,15.1,15.1
美浦,20260725,土,7:51,ディペンダブル,,牝,4,400,菊沢隆徳,60.6,44.5,29.3,14.6,16.1,15.2,14.7,14.6
美浦,20260725,土,7:52,クラージュスター,,牡,3,0,勢司和浩,68.9,51.6,34.3,16.8,17.3,17.3,17.5,16.8
美浦,20260725,土,7:52,フォーマルノーチス,,牡,3,0,勢司和浩,70.0,52.6,35.3,17.5,17.4,17.3,17.8,17.5
美浦,20260725,土,7:52,モストロ,,牡,3,0,勢司和浩,72.6,53.2,34.6,16.9,19.4,18.6,17.7,16.9
美浦,20260725,土,7:58,バセリーナ,,牡,4,900,松山将樹,74.5,53.7,34.4,16.5,20.8,19.3,17.9,16.5
美浦,20260725,土,8:01,セリエンクーニゲン,,牝,3,0,田中博康,61.7,45.3,29.8,14.5,16.4,15.5,15.3,14.5
美浦,20260725,土,8:01,ダノンファンスター,,牡,3,400,田中博康,59.5,43.9,28.8,14.2,15.6,15.1,14.6,14.2
美浦,20260725,土,8:02,ウィールズアップ,,牡,2,0,池上昌和,69.4,50.9,33.3,16.8,18.5,17.6,16.5,16.8
美浦,20260725,土,8:02,プルシャプラ,,牡,4,400,池上昌和,75.7,54.1,35.5,18.0,21.6,18.6,17.5,18.0
美浦,20260725,土,8:05,レヴィテーション,,牝,5,900,中川公成,72.2,52.9,34.7,17.4,19.3,18.2,17.3,17.4
