栗東,20260711,土,5:00,ベルアズーロ,,牡,3,0,西村真幸,67.0,47.9,31.1,15.2,19.1,16.8,15.9,15.2
栗東,20260711,土,5:01,アステルディーヴァ,,牝,3,0,西村真幸,66.8,48.5,31.4,15.2,18.3,17.1,16.2,15.2
栗東,20260711,土,5:01,エルダークローネ,,牡,2,0,西村真幸,68.6,49.0,32.2,15.9,19.6,16.8,16.3,15.9
栗東,20260711,土,5:01,エルフストラック,,牝,5,1500,中村直也,64.0,47.0,31.1,15.3,17.0,15.9,15.8,15.3
栗東,20260711,土,5:01,ジャンシ,,牡,3,400,森秀行,61.5,45.4,29.9,15.3,16.1,15.5,14.6,15.3
栗東,20260711,土,5:01,ジリアート,,牝,3,0,矢作芳人,63.9,47.3,31.6,16.0,16.6,15.7,15.6,16.0
栗東,20260711,土,5:01,スマートクラビ,,牡,4,400,中村直也,67.7,49.2,31.4,15.5,18.5,17.8,15.9,15.5
栗東,20260711,土,5:01,ナヴォーナ,,牡,6,1500,矢作芳人,64.3,46.6,30.3,15.3,17.7,16.3,15.0,15.3
栗東,20260711,土,5:01,マナエトレ,,牡,4,900,清水久詞,53.6,39.0,25.5,12.5,14.6,13.5,13.0,12.5
栗東,20260711,土,5:01,マハートマーベル,,牡,4,900,西村真幸,65.3,47.6,31.9,16.1,17.7,15.7,15.8,16.1
栗東,20260711,土,5:01,マリアンデール,,牝,2,未出走,中村直也,69.5,49.4,31.4,15.3,20.1,18.0,16.1,15.3
栗東,20260711,土,5:01,ムーンベリル,,牝,2,0,西村真幸,67.7,48.4,31.6,15.5,19.3,16.8,16.1,15.5
栗東,20260711,土,5:01,レイクイーン,,牝,2,未出走,中村直也,67.8,49.8,32.9,16.4,18.0,16.9,16.5,16.4
栗東,20260711,土,5:01,レッドフレーザー,,牡,3,0,矢作芳人,63.8,47.2,31.1,15.7,16.6,16.1,15.4,15.7
栗東,20260711,土,5:01,ヴィリアリート,,牝,4,1500,西村真幸,68.8,49.3,32.1,15.8,19.5,17.2,16.3,15.8
栗東,20260711,土,5:02,,,,,,,54.7,39.4,25.9,13.2,15.3,13.5,12.7,13.2
栗東,20260711,土,5:02,インユアパレス,,牡,5,5750,須貝尚介,68.0,49.5,32.2,16.2,18.5,17.3,16.0,16.2
栗東,20260711,土,5:02,キタサンダムール,,牝,6,1500,清水久詞,56.9,40.6,26.6,13.3,16.3,14.0,13.3,13.3
栗東,20260711,土,5:02,キャンドル,,牝,2,未出走,清水久詞,56.0,40.0,25.8,13.2,16.0,14.2,12.6,13.2
栗東,20260711,土,5:02,コカボムショット,,牡,3,0,庄野靖志,66.1,48.5,32.1,15.7,17.6,16.4,16.4,15.7
栗東,20260711,土,5:02,ドリームアース,,牡,2,未登録,,54.7,39.4,25.9,13.2,15.3,13.5,12.7,13.2
栗東,20260711,土,5:02,マッセート,,牝,2,未出走,佐藤悠太,64.3,46.7,30.7,15.4,17.6,16.0,15.3,15.4
栗東,20260711,土,5:02,モアニ,,牝,5,900,高橋康之,65.6,47.5,30.8,15.2,18.1,16.7,15.6,15.2
栗東,20260711,土,5:02,ララバッカナール,,牝,5,400,佐藤悠太,65.1,47.5,30.7,15.2,17.6,16.8,15.5,15.2
栗東,20260711,土,5:03,アーデルプレミア,,牡,2,未出走,宮本博,69.4,50.7,32.8,16.2,18.7,17.9,16.6,16.2
栗東,20260711,土,5:03,ウインクローバー,,牝,2,未出走,宮本博,67.8,49.9,32.6,16.2,17.9,17.3,16.4,16.2
栗東,20260711,土,5:03,サイモンシュバリエ,,牡,4,1500,梅田智之,67.4,47.9,31.2,15.1,19.5,16.7,16.1,15.1
栗東,20260711,土,5:03,サンライズマシュー,,牡,3,0,牧浦充徳,71.1,52.4,35.2,17.2,18.7,17.2,18.0,17.2
栗東,20260711,土,5:03,ホウオウタイタン,,牝,4,900,須貝尚介,64.7,47.6,30.5,14.7,17.1,17.1,15.8,14.7
栗東,20260711,土,5:03,ラムラベイ,,牝,2,未出走,東田明士,68.0,49.0,32.0,15.6,19.0,17.0,16.4,15.6
栗東,20260711,土,5:03,リカントロポ,,牡,4,900,梅田智之,65.0,47.4,31.5,15.7,17.6,15.9,15.8,15.7
栗東,20260711,土,5:03,ルージュシャラポワ,,牝,3,0,小林真也,67.3,48.8,31.8,15.8,18.5,17.0,16.0,15.8
栗東,20260711,土,5:04,,,,,,,64.7,48.0,32.1,16.0,16.7,15.9,16.1,16.0
栗東,20260711,土,5:04,インディクイーン,,牝,3,0,中村直也,67.6,48.7,32.3,16.2,18.9,16.4,16.1,16.2
栗東,20260711,土,5:04,キシュウマミー,,牝,2,未出走,安達昭夫,64.5,47.3,31.2,15.4,17.2,16.1,15.8,15.4
栗東,20260711,土,5:04,グランセンチュリ,,牡,3,未出走,庄野靖志,68.0,49.8,32.1,15.6,18.2,17.7,16.5,15.6
栗東,20260711,土,5:04,サカトクフェイス,,牡,3,0,今野貞一,67.8,49.6,32.6,15.8,18.2,17.0,16.8,15.8
栗東,20260711,土,5:04,タイトニット,,牡,6,4290,今野貞一,64.8,46.7,30.8,15.1,18.1,15.9,15.7,15.1
栗東,20260711,土,5:04,ダークエクリプス,,牡,7,1500,今野貞一,65.1,47.1,30.9,14.8,18.0,16.2,16.1,14.8
栗東,20260711,土,5:04,ドンインザムード,,牡,4,5350,今野貞一,66.8,48.7,31.9,15.7,18.1,16.8,16.2,15.7
栗東,20260711,土,5:04,ハイクオリティ,,牡,4,900,今野貞一,65.6,48.6,31.6,15.0,17.0,17.0,16.6,15.0
栗東,20260711,土,5:04,プロットシッケンズ,,牡,3,0,岡田稲男,65.1,47.5,31.2,15.6,17.6,16.3,15.6,15.6
栗東,20260711,土,5:05,,,,,,,66.2,48.9,33.0,17.0,17.3,15.9,16.0,17.0
栗東,20260711,土,5:05,ガウラディスコ,,牡,3,400,高柳大輔,66.7,49.0,32.3,15.9,17.7,16.7,16.4,15.9
栗東,20260711,土,5:05,ジョワイユノエル,,牝,4,400,辻野泰之,62.1,45.1,29.3,14.4,17.0,15.8,14.9,14.4
栗東,20260711,土,5:05,フェリシタル,,牝,2,未出走,辻野泰之,63.9,47.4,31.7,15.6,16.5,15.7,16.1,15.6
栗東,20260711,土,5:05,ベルジュロネット,,牡,4,3600,大久保龍,67.7,49.4,32.5,16.6,18.3,16.9,15.9,16.6
栗東,20260711,土,5:05,マイティキングダム,,牡,3,400,加藤公太,71.2,53.2,35.6,17.7,18.0,17.6,17.9,17.7
栗東,20260711,土,5:05,リカード,,牝,4,0,和田雄二,71.3,52.6,34.9,17.1,18.7,17.7,17.8,17.1
栗東,20260711,土,5:05,ルージュミステリオ,,牝,4,400,辻野泰之,63.0,46.1,30.7,15.6,16.9,15.4,15.1,15.6
栗東,20260711,土,5:06,エイシンミスリル,,牝,3,0,大久保龍,64.7,47.5,30.8,15.6,17.2,16.7,15.2,15.6
栗東,20260711,土,5:06,エコロスパーダ,,牡,4,400,大久保龍,65.0,47.2,30.8,15.4,17.8,16.4,15.4,15.4
栗東,20260711,土,5:06,カエルム,,牡,5,1500,安田翔伍,64.7,47.7,31.6,15.4,17.0,16.1,16.2,15.4
栗東,20260711,土,5:06,サンライズエイト,,牡,2,未出走,安田翔伍,63.4,47.4,31.4,15.4,16.0,16.0,16.0,15.4
栗東,20260711,土,5:06,ストロベリーツリー,,牝,3,400,中内田充,67.8,49.6,32.4,16.1,18.2,17.2,16.3,16.1
栗東,20260711,土,5:06,テンダーワーズ,,牝,3,0,中尾秀正,68.9,50.4,33.3,16.5,18.5,17.1,16.8,16.5
栗東,20260711,土,5:06,ノヴァーリス,,牝,2,未出走,安田翔伍,68.2,49.8,32.7,16.3,18.4,17.1,16.4,16.3
栗東,20260711,土,5:06,ハイウェイワン,,牡,2,未出走,高柳大輔,70.0,50.9,33.8,17.0,19.1,17.1,16.8,17.0
栗東,20260711,土,5:06,メイショウクーガー,,牡,6,900,中内田充,62.4,45.3,29.7,15.0,17.1,15.6,14.7,15.0
栗東,20260711,土,5:06,ヴァニーユ,,牝,2,未出走,高柳大輔,70.4,51.0,33.4,16.7,19.4,17.6,16.7,16.7
栗東,20260711,土,5:07,,,,,,,64.7,47.5,31.5,16.0,17.2,16.0,15.5,16.0
栗東,20260711,土,5:07,,,,,,,65.0,47.5,31.6,16.0,17.5,15.9,15.6,16.0
栗東,20260711,土,5:07,ギュルヴィ,,牡,4,2400,大久保龍,64.4,47.2,31.1,15.3,17.2,16.1,15.8,15.3
栗東,20260711,土,5:07,グランピアン,,牝,3,0,森田直行,66.4,49.1,32.4,16.0,17.3,16.7,16.4,16.0
栗東,20260711,土,5:07,ジューンセクレタ,,牡,3,400,武英智,53.4,38.3,24.2,12.1,15.1,14.1,12.1,12.1
栗東,20260711,土,5:07,タカモリ,,牡,2,0,牧田和弥,64.9,47.5,31.8,15.9,17.4,15.7,15.9,15.9
栗東,20260711,土,5:07,ディープナイト,,牡,2,未出走,牧田和弥,63.7,46.3,30.0,14.6,17.4,16.3,15.4,14.6
栗東,20260711,土,5:07,ナムラティアラ,,牝,3,400,牧田和弥,63.8,46.3,30.1,14.8,17.5,16.2,15.3,14.8
栗東,20260711,土,5:07,パンキー,,牡,3,0,茶木太樹,67.1,48.9,32.6,16.2,18.2,16.3,16.4,16.2
栗東,20260711,土,5:07,ビエントゾンダ,,牝,2,未出走,武英智,54.1,38.7,24.2,12.1,15.4,14.5,12.1,12.1
栗東,20260711,土,5:07,ブームバップビート,,牡,3,400,中内田充,66.7,48.7,32.4,16.3,18.0,16.3,16.1,16.3
栗東,20260711,土,5:07,モズプリヴェール,,牡,4,400,森田直行,69.1,50.7,33.6,17.0,18.4,17.1,16.6,17.0
栗東,20260711,土,5:07,レッドピアレス,,牡,3,0,中内田充,68.1,50.7,32.7,16.1,17.4,18.0,16.6,16.1
栗東,20260711,土,5:08,エコロヴァルツ,,牡,5,6000,牧浦充徳,64.4,46.8,30.1,14.7,17.6,16.7,15.4,14.7
栗東,20260711,土,5:08,ゴールドアクセス,,牡,3,400,寺島良,67.1,48.7,32.3,16.3,18.4,16.4,16.0,16.3
栗東,20260711,土,5:08,ツーハーツ,,牡,2,未出走,寺島良,64.8,47.3,30.9,15.3,17.5,16.4,15.6,15.3
栗東,20260711,土,5:08,ナデシコザクラ,,牝,3,0,秋山真一,70.6,50.7,32.7,16.5,19.9,18.0,16.2,16.5
栗東,20260711,土,5:08,ブラックレジェンド,,牡,3,400,寺島良,66.0,48.8,31.8,15.9,17.2,17.0,15.9,15.9
栗東,20260711,土,5:08,メイショウマドロス,,牡,5,400,石橋守,76.6,56.3,37.7,19.1,20.3,18.6,18.6,19.1
栗東,20260711,土,5:08,レイバックスピン,,牝,4,1500,牧浦充徳,66.1,48.8,31.8,15.7,17.3,17.0,16.1,15.7
栗東,20260711,土,5:09,カローナ,,牡,2,未出走,高橋義忠,67.0,49.1,32.3,15.9,17.9,16.8,16.4,15.9
栗東,20260711,土,5:09,クラテロス,,牝,3,0,寺島良,66.7,48.2,30.6,14.8,18.5,17.6,15.8,14.8
栗東,20260711,土,5:09,サンデーファンデー,,牡,6,9550,東田明士,64.5,48.2,32.0,16.1,16.3,16.2,15.9,16.1
栗東,20260711,土,5:09,シェリールリアン,,牝,2,未出走,飯田祐史,68.5,49.9,33.3,16.5,18.6,16.6,16.8,16.5
栗東,20260711,土,5:09,シゲルソロソロ,,牝,6,1500,谷潔,66.5,49.8,32.9,16.3,16.7,16.9,16.6,16.3
栗東,20260711,土,5:09,セガンティーニ,,牝,4,160,坂口智康,65.5,45.9,29.9,14.6,19.6,16.0,15.3,14.6
栗東,20260711,土,5:09,ダンツウルス,,牡,3,0,谷潔,66.2,47.5,31.1,15.5,18.7,16.4,15.6,15.5
栗東,20260711,土,5:09,ブレイズカルナバル,,牡,2,未出走,飯田祐史,68.5,50.8,33.7,16.7,17.7,17.1,17.0,16.7
栗東,20260711,土,5:09,ペイシャマイデイズ,,牡,3,0,吉田直弘,56.9,40.8,26.1,12.8,16.1,14.7,13.3,12.8
栗東,20260711,土,5:09,ミライハーモニー,,牝,5,140,飯田祐史,68.6,51.4,34.2,16.9,17.2,17.2,17.3,16.9
栗東,20260711,土,5:10,,,,,,,66.4,49.2,33.0,16.7,17.2,16.2,16.3,16.7
栗東,20260711,土,5:10,スリーラーケン,,牡,4,400,高橋義忠,65.1,47.7,31.5,15.8,17.4,16.2,15.7,15.8
栗東,20260711,土,5:10,トシミチ,,牡,2,400,谷潔,65.6,47.3,30.8,15.4,18.3,16.5,15.4,15.4
栗東,20260711,土,5:10,ニシノキヅイタラ,,牝,2,0,谷潔,65.9,47.5,30.5,15.2,18.4,17.0,15.3,15.2
栗東,20260711,土,5:10,ファーヴェント,,牡,5,3250,藤原英昭,65.4,47.4,31.0,14.9,18.0,16.4,16.1,14.9
栗東,20260711,土,5:10,ブラックドレス,,牝,5,400,谷潔,65.9,47.4,31.1,15.7,18.5,16.3,15.4,15.7
栗東,20260711,土,5:10,ブルーストレイル,,牡,5,480,荒川義之,65.3,48.6,32.5,16.3,16.7,16.1,16.2,16.3
栗東,20260711,土,5:10,ラトラース,,セ,4,400,中内田充,65.9,48.6,32.5,16.1,17.3,16.1,16.4,16.1
栗東,20260711,土,5:10,ランウインディ,,牝,5,1500,中尾秀正,65.4,48.9,32.8,16.4,16.5,16.1,16.4,16.4
栗東,20260711,土,5:11,,,,,,,67.7,50.3,34.1,17.0,17.4,16.2,17.1,17.0
栗東,20260711,土,5:11,クリノゴージャス,,牝,3,未出走,荒川義之,66.9,50.5,34.4,17.5,16.4,16.1,16.9,17.5
栗東,20260711,土,5:11,サンライズジュピタ,,牡,4,400,石坂公一,68.0,48.9,31.1,14.9,19.1,17.8,16.2,14.9
栗東,20260711,土,5:11,サーブルディアマン,,牡,3,0,坂口智康,67.3,48.6,31.5,15.4,18.7,17.1,16.1,15.4
栗東,20260711,土,5:11,シンゼンカガ,,牡,4,1500,荒川義之,62.9,47.8,32.0,15.8,15.1,15.8,16.2,15.8
栗東,20260711,土,5:11,ジューンアヲニヨシ,,牡,6,3800,松下武士,67.1,49.6,32.4,16.1,17.5,17.2,16.3,16.1
栗東,20260711,土,5:11,セイフウサツキ,,牡,4,0,松永幹夫,66.2,49.2,32.4,16.3,17.0,16.8,16.1,16.3
栗東,20260711,土,5:11,ナムラサフラン,,牝,2,未出走,荒川義之,63.9,46.8,30.8,15.3,17.1,16.0,15.5,15.3
栗東,20260711,土,5:11,パストザクラウン,,牝,2,0,高橋義忠,66.2,48.4,31.4,15.2,17.8,17.0,16.2,15.2
栗東,20260711,土,5:11,ホウオウモチーヴ,,牡,3,0,矢作芳人,66.5,49.2,32.4,15.2,17.3,16.8,17.2,15.2
栗東,20260711,土,5:11,ミッキーコンドル,,牡,4,400,大久保龍,63.7,46.4,30.6,15.6,17.3,15.8,15.0,15.6
栗東,20260711,土,5:11,ミッキーゴールド,,セ,4,1500,池江泰寿,67.0,48.8,32.3,15.8,18.2,16.5,16.5,15.8
栗東,20260711,土,5:11,ムルソー,,牡,5,6700,池江泰寿,66.8,48.3,31.2,15.6,18.5,17.1,15.6,15.6
栗東,20260711,土,5:11,ロンリーマン,,牡,2,未出走,荒川義之,66.0,48.8,32.7,16.3,17.2,16.1,16.4,16.3
栗東,20260711,土,5:11,ヴァンドゥーヴル,,牡,3,0,石坂公一,68.0,50.7,33.5,16.3,17.3,17.2,17.2,16.3
栗東,20260711,土,5:12,エマヌエーレ,,牡,6,1500,平田修,62.4,46.2,30.6,15.5,16.2,15.6,15.1,15.5
栗東,20260711,土,5:12,キーンセンス,,牡,3,400,松永幹夫,64.4,48.6,31.9,15.8,15.8,16.7,16.1,15.8
栗東,20260711,土,5:12,グランシャン,,牡,3,0,松永幹夫,63.1,46.8,30.6,14.7,16.3,16.2,15.9,14.7
栗東,20260711,土,5:12,ナンヨークリスタル,,セ,6,240,松永幹夫,76.2,54.6,35.9,17.3,21.6,18.7,18.6,17.3
栗東,20260711,土,5:12,フランキーバローズ,,牡,4,500,池江泰寿,65.9,47.6,30.9,15.1,18.3,16.7,15.8,15.1
栗東,20260711,土,5:12,メイショウコシュウ,,牡,3,400,松永幹夫,66.3,49.0,32.3,16.0,17.3,16.7,16.3,16.0
栗東,20260711,土,5:12,レジェルテ,,牡,3,0,柴田卓,53.9,39.1,25.1,12.7,14.8,14.0,12.4,12.7
栗東,20260711,土,5:13,,,,,,,65.5,48.1,32.3,16.4,17.4,15.8,15.9,16.4
栗東,20260711,土,5:13,エスフェラセレステ,,牝,2,未出走,橋田宜長,70.1,51.0,33.6,17.0,19.1,17.4,16.6,17.0
栗東,20260711,土,5:13,クイーンズアイ,,牝,2,0,昆貢,68.8,51.2,32.7,15.9,17.6,18.5,16.8,15.9
栗東,20260711,土,5:13,ココモフィーバー,,牝,2,0,池添学,67.2,49.4,32.6,15.9,17.8,16.8,16.7,15.9
栗東,20260711,土,5:13,サダムオプシス,,牡,5,1500,平田修,64.1,47.1,31.0,15.2,17.0,16.1,15.8,15.2
栗東,20260711,土,5:13,スズカローズキング,,牡,3,0,橋田宜長,68.9,49.9,33.2,16.9,19.0,16.7,16.3,16.9
栗東,20260711,土,5:13,スマートエラン,,牡,3,0,池江泰寿,65.0,47.6,31.2,15.5,17.4,16.4,15.7,15.5
栗東,20260711,土,5:13,ゼンダンハヤブサ,,牡,4,1500,橋田宜長,69.4,49.9,32.8,16.4,19.5,17.1,16.4,16.4
栗東,20260711,土,5:13,トラステッド,,牝,3,0,宮本博,70.2,50.4,32.2,16.1,19.8,18.2,16.1,16.1
栗東,20260711,土,5:13,フリッシュ,,牡,3,400,平田修,63.2,46.6,29.6,14.5,16.6,17.0,15.1,14.5
栗東,20260711,土,5:13,ブラックミューズ,,牝,2,0,松永幹夫,67.0,49.4,32.9,16.1,17.6,16.5,16.8,16.1
栗東,20260711,土,5:13,プロミシングスター,,牡,5,1500,高橋義忠,66.8,49.3,32.9,15.9,17.5,16.4,17.0,15.9
栗東,20260711,土,5:13,ホウオウトランプ,,牡,5,940,池江泰寿,65.1,47.7,31.9,16.0,17.4,15.8,15.9,16.0
栗東,20260711,土,5:13,ホウオウワールド,,牡,2,未出走,池江泰寿,65.3,47.3,31.4,15.5,18.0,15.9,15.9,15.5
栗東,20260711,土,5:13,ラウルベア,,牝,4,400,柴田卓,65.1,48.1,31.7,15.8,17.0,16.4,15.9,15.8
栗東,20260711,土,5:13,レヴァンテシチー,,牡,4,1500,柴田卓,66.7,49.3,32.2,15.7,17.4,17.1,16.5,15.7
栗東,20260711,土,5:14,アマキヒ,,牡,4,2400,橋田宜長,66.9,49.3,32.3,16.0,17.6,17.0,16.3,16.0
栗東,20260711,土,5:14,アメリカンスタイル,,牡,3,400,藤原英昭,67.9,49.9,33.3,16.6,18.0,16.6,16.7,16.6
栗東,20260711,土,5:14,アメリカンビヨンド,,牡,4,400,藤原英昭,68.0,49.9,33.2,16.7,18.1,16.7,16.5,16.7
栗東,20260711,土,5:14,キタノハイテイル,,牡,3,0,羽月友彦,67.7,48.2,30.7,14.9,19.5,17.5,15.8,14.9
栗東,20260711,土,5:14,クレスコフェーヴ,,牝,3,0,羽月友彦,67.9,50.1,33.0,16.1,17.8,17.1,16.9,16.1
栗東,20260711,土,5:14,ストップヤーニング,,牡,4,1500,羽月友彦,67.3,47.9,30.5,14.9,19.4,17.4,15.6,14.9
栗東,20260711,土,5:14,タガノアンファン,,牡,4,900,石坂公一,64.3,46.5,30.0,14.8,17.8,16.5,15.2,14.8
栗東,20260711,土,5:14,ダノンオブアイデア,,牡,3,0,藤原英昭,68.1,49.1,32.1,15.7,19.0,17.0,16.4,15.7
栗東,20260711,土,5:14,トーラスシャイン,,牡,5,1500,坂口智康,68.9,50.7,33.4,16.1,18.2,17.3,17.3,16.1
栗東,20260711,土,5:14,バーケンティン,,牡,5,400,平田修,62.7,45.4,29.8,15.0,17.3,15.6,14.8,15.0
栗東,20260711,土,5:14,フィンガーレイクス,,牡,3,0,藤原英昭,68.7,50.7,33.2,16.2,18.0,17.5,17.0,16.2
栗東,20260711,土,5:14,ベルヴェール,,牡,2,未出走,石坂公一,64.8,47.1,30.9,15.2,17.7,16.2,15.7,15.2
栗東,20260711,土,5:14,ミッキーテネシー,,牝,3,0,中内田充,65.8,48.1,31.6,15.8,17.7,16.5,15.8,15.8
栗東,20260711,土,5:15,アルムアポジェ,,牝,3,0,北出成人,69.2,51.8,34.5,17.5,17.4,17.3,17.0,17.5
栗東,20260711,土,5:15,イイデカンタロウ,,牡,5,340,北出成人,70.6,51.1,32.6,15.6,19.5,18.5,17.0,15.6
栗東,20260711,土,5:15,カシノクロサイト,,牝,2,0,北出成人,67.3,49.2,32.1,15.6,18.1,17.1,16.5,15.6
栗東,20260711,土,5:15,テクノピーチ,,牝,3,0,橋口慎介,67.8,49.2,32.4,16.1,18.6,16.8,16.3,16.1
栗東,20260711,土,5:15,ドラゴンテイラー,,牡,4,2400,藤原英昭,75.5,56.0,37.5,19.3,19.5,18.5,18.2,19.3
栗東,20260711,土,5:15,ハリーケーン,,牡,4,1500,大根田裕,65.6,48.7,32.4,16.0,16.9,16.3,16.4,16.0
栗東,20260711,土,5:15,ミリオンカラー,,牝,2,未出走,北出成人,67.3,49.2,32.1,15.6,18.1,17.1,16.5,15.6
栗東,20260711,土,5:15,リサシテーション,,牡,3,1500,岡田稲男,63.5,46.6,31.3,16.0,16.9,15.3,15.3,16.0
栗東,20260711,土,5:16,,,,,,,66.4,49.5,33.0,16.4,16.9,16.5,16.6,16.4
栗東,20260711,土,5:16,ウィップスティッチ,,牝,5,900,庄野靖志,65.9,47.6,31.2,15.4,18.3,16.4,15.8,15.4
栗東,20260711,土,5:16,オーケーキュート,,牝,3,0,笹田和秀,66.8,49.2,32.8,16.1,17.6,16.4,16.7,16.1
栗東,20260711,土,5:16,サンライズマシュー,,牡,3,0,牧浦充徳,64.9,46.9,30.5,14.9,18.0,16.4,15.6,14.9
栗東,20260711,土,5:16,ホシヲミテルンナ,,牡,2,未出走,大根田裕,64.7,47.8,31.7,15.6,16.9,16.1,16.1,15.6
栗東,20260711,土,5:16,マテンロウスカイ,,セ,7,7300,松永幹夫,65.0,46.7,30.6,15.3,18.3,16.1,15.3,15.3
栗東,20260711,土,5:16,マテンロウヒルズ,,牡,2,未出走,清水久詞,77.8,57.4,37.7,19.4,20.4,19.7,18.3,19.4
栗東,20260711,土,5:16,ヤマニンエルファバ,,牝,3,0,千田輝彦,68.9,49.5,31.8,15.4,19.4,17.7,16.4,15.4
栗東,20260711,土,5:16,レイアン,,牝,3,0,笹田和秀,66.0,49.0,32.3,16.2,17.0,16.7,16.1,16.2
栗東,20260711,土,5:17,,,,,,,67.6,48.8,31.8,15.6,18.8,17.0,16.2,15.6
栗東,20260711,土,5:17,エルトンバローズ,,牡,6,11900,杉山晴紀,67.8,49.4,32.5,16.2,18.4,16.9,16.3,16.2
栗東,20260711,土,5:17,クリコバロー,,牡,3,0,渡辺薫彦,63.4,45.8,30.4,15.1,17.6,15.4,15.3,15.1
栗東,20260711,土,5:17,ケイアイドリー,,牡,9,8170,前川恭子,63.0,46.8,31.4,14.9,16.2,15.4,16.5,14.9
栗東,20260711,土,5:17,コンテスタード,,牝,2,未出走,渡辺薫彦,73.0,53.5,35.3,17.2,19.5,18.2,18.1,17.2
栗東,20260711,土,5:17,サヴォアフェール,,牡,3,900,杉山晴紀,66.7,48.9,32.5,15.9,17.8,16.4,16.6,15.9
栗東,20260711,土,5:17,ザックザク,,牡,4,900,渡辺薫彦,66.1,47.9,31.5,15.6,18.2,16.4,15.9,15.6
栗東,20260711,土,5:17,ステラスプレンダー,,牝,5,900,石坂公一,63.8,46.4,30.3,14.6,17.4,16.1,15.7,14.6
栗東,20260711,土,5:17,タガノアビー,,牝,4,2400,千田輝彦,72.5,53.3,35.0,17.2,19.2,18.3,17.8,17.2
栗東,20260711,土,5:17,ブラックシャリマー,,牡,3,400,杉山晴紀,68.3,49.4,32.1,15.5,18.9,17.3,16.6,15.5
栗東,20260711,土,5:17,ベリベリハッピー,,牝,3,0,渡辺薫彦,69.4,50.5,33.3,16.5,18.9,17.2,16.8,16.5
栗東,20260711,土,5:17,メルカントゥール,,牡,3,1650,杉山晴紀,66.8,49.1,32.1,16.0,17.7,17.0,16.1,16.0
栗東,20260711,土,5:17,リアライズガイザー,,牡,3,0,杉山晴紀,67.6,49.7,32.4,15.4,17.9,17.3,17.0,15.4
栗東,20260711,土,5:17,ワイルドチャーム,,牝,3,0,千田輝彦,69.7,51.3,33.3,16.3,18.4,18.0,17.0,16.3
栗東,20260711,土,5:18,アンヘリータス,,牝,3,900,吉村圭司,66.9,48.8,31.9,15.8,18.1,16.9,16.1,15.8
栗東,20260711,土,5:18,イーサンマリーン,,牝,2,未出走,吉村圭司,67.9,49.1,31.8,16.1,18.8,17.3,15.7,16.1
栗東,20260711,土,5:18,ウルトラハート,,牡,3,0,中尾秀正,76.1,55.2,36.0,18.3,20.9,19.2,17.7,18.3
栗東,20260711,土,5:18,ペプチドブッドレア,,牝,3,400,吉村圭司,68.0,48.8,31.8,16.1,19.2,17.0,15.7,16.1
栗東,20260711,土,5:18,メイショウヘール,,牡,5,900,大橋勇樹,74.7,54.9,35.9,17.7,19.8,19.0,18.2,17.7
栗東,20260711,土,5:18,ヤマニンバロネス,,牝,4,900,千田輝彦,68.2,50.3,33.3,16.6,17.9,17.0,16.7,16.6
栗東,20260711,土,5:18,リアライズブラーヴ,,牡,3,400,杉山晴紀,68.0,50.0,33.1,16.6,18.0,16.9,16.5,16.6
栗東,20260711,土,5:18,ヴィヴァシャス,,牝,4,400,笹田和秀,65.7,47.6,30.8,15.0,18.1,16.8,15.8,15.0
栗東,20260711,土,5:19,,,,,,,71.1,52.4,34.6,17.3,18.7,17.8,17.3,17.3
栗東,20260711,土,5:19,サウンドファイト,,牡,2,未出走,安達昭夫,67.3,48.9,31.9,15.2,18.4,17.0,16.7,15.2
栗東,20260711,土,5:19,ムーヴザニードル,,牝,3,0,緒方努,68.0,48.2,31.4,15.4,19.8,16.8,16.0,15.4
栗東,20260711,土,5:19,ヤマトクオーレ,,牡,2,未出走,安達昭夫,68.7,50.4,33.4,16.8,18.3,17.0,16.6,16.8
栗東,20260711,土,5:19,ヤマトデュノール,,牡,2,未出走,安達昭夫,71.6,52.6,34.6,17.3,19.0,18.0,17.3,17.3
栗東,20260711,土,5:19,ユウトザユウト,,牡,4,900,小崎憲,65.6,47.5,30.9,15.4,18.1,16.6,15.5,15.4
栗東,20260711,土,5:20,チュウワチーフ,,牡,4,900,小崎憲,64.6,47.0,30.9,15.2,17.6,16.1,15.7,15.2
栗東,20260711,土,5:20,ピアストイヤーズ,,牡,4,400,小崎憲,66.1,47.4,31.3,16.2,18.7,16.1,15.1,16.2
栗東,20260711,土,5:20,メイショウマドロス,,牡,5,400,石橋守,66.9,50.2,33.6,16.9,16.7,16.6,16.7,16.9
栗東,20260711,土,5:21,アラムシャピラス,,牡,3,0,池江泰寿,69.0,49.7,32.3,16.1,19.3,17.4,16.2,16.1
栗東,20260711,土,5:21,カセノナユタ,,牡,3,0,中尾秀正,67.8,48.9,32.5,15.8,18.9,16.4,16.7,15.8
栗東,20260711,土,5:21,グローブアマランス,,牝,5,400,中尾秀正,68.4,49.4,32.5,16.1,19.0,16.9,16.4,16.1
栗東,20260711,土,5:21,ジージージェット,,牡,3,0,奥村豊,67.8,50.2,33.0,16.5,17.6,17.2,16.5,16.5
栗東,20260711,土,5:21,ゼットリアン,,牡,6,3600,吉田直弘,76.9,56.0,36.9,17.9,20.9,19.1,19.0,17.9
栗東,20260711,土,5:21,ランスオブカオス,,牡,4,3850,奥村豊,63.9,47.0,31.4,16.1,16.9,15.6,15.3,16.1
栗東,20260711,土,5:21,レッドブライトン,,牡,3,0,奥村豊,64.3,47.4,30.7,15.6,16.9,16.7,15.1,15.6
栗東,20260711,土,5:21,ワイドアラジン,,牡,6,1500,奥村豊,65.1,46.8,30.6,15.3,18.3,16.2,15.3,15.3
栗東,20260711,土,5:21,ワイドクリーガー,,牡,4,900,奥村豊,68.0,50.3,32.8,16.1,17.7,17.5,16.7,16.1
栗東,20260711,土,5:21,ワイドヴィンクルム,,セ,3,未出走,奥村豊,68.0,49.8,32.8,16.3,18.2,17.0,16.5,16.3
栗東,20260711,土,5:22,ダイメイミラクル,,牡,3,0,本田優,76.5,57.1,38.7,19.7,19.4,18.4,19.0,19.7
栗東,20260711,土,5:23,オンアロール,,牝,2,未出走,高野友和,71.8,51.9,33.6,16.4,19.9,18.3,17.2,16.4
栗東,20260711,土,5:23,オーシンエス,,牡,4,400,宮徹,73.1,53.8,35.3,17.5,19.3,18.5,17.8,17.5
栗東,20260711,土,5:23,カウンティフェア,,牝,4,900,高野友和,74.1,52.9,34.4,16.8,21.2,18.5,17.6,16.8
栗東,20260711,土,5:23,コズミックフレア,,牝,3,0,吉田直弘,72.7,52.4,34.0,16.7,20.3,18.4,17.3,16.7
栗東,20260711,土,5:23,ダンツシタン,,牡,3,900,本田優,70.8,52.6,34.8,17.4,18.2,17.8,17.4,17.4
栗東,20260711,土,5:23,チューラワンサ,,牝,4,1500,高野友和,73.9,54.3,35.1,17.5,19.6,19.2,17.6,17.5
栗東,20260711,土,5:23,トラッドロア,,牝,3,0,高野友和,71.7,52.8,34.8,16.8,18.9,18.0,18.0,16.8
栗東,20260711,土,5:23,ファヴォーニアン,,牝,2,未出走,高野友和,71.3,51.5,33.7,16.6,19.8,17.8,17.1,16.6
栗東,20260711,土,5:23,フレアオブセンス,,牡,3,0,高野友和,76.2,55.2,35.5,17.4,21.0,19.7,18.1,17.4
栗東,20260711,土,5:23,ルディック,,牡,5,2400,高野友和,76.3,55.2,36.1,17.9,21.1,19.1,18.2,17.9
栗東,20260711,土,5:24,,,,,,,70.3,51.8,34.7,17.1,18.5,17.1,17.6,17.1
栗東,20260711,土,5:24,アースグリッパー,,牝,2,0,秋山真一,70.6,51.5,33.9,17.0,19.1,17.6,16.9,17.0
栗東,20260711,土,5:24,キョラムン,,牝,4,400,石橋守,71.4,52.3,34.6,17.1,19.1,17.7,17.5,17.1
栗東,20260711,土,5:24,キングケープ,,牡,3,400,大橋勇樹,78.4,56.2,36.1,17.6,22.2,20.1,18.5,17.6
栗東,20260711,土,5:24,グランメドウ,,牡,5,400,藤岡健一,66.0,49.3,33.0,16.4,16.7,16.3,16.6,16.4
栗東,20260711,土,5:24,スーサンコルティナ,,牡,2,未出走,鈴木孝志,65.9,47.7,31.6,15.8,18.2,16.1,15.8,15.8
栗東,20260711,土,5:24,チヨ,,牝,3,0,鈴木孝志,68.5,51.2,33.8,16.8,17.3,17.4,17.0,16.8
栗東,20260711,土,5:24,ハードシングス,,牡,3,400,小崎憲,65.9,47.8,31.2,15.3,18.1,16.6,15.9,15.3
栗東,20260711,土,5:24,フルールジェンヌ,,牝,3,400,鈴木孝志,68.3,49.6,32.1,16.3,18.7,17.5,15.8,16.3
栗東,20260711,土,5:24,ペプチドアロン,,牡,3,0,小椋研介,66.8,47.4,30.6,14.4,19.4,16.8,16.2,14.4
栗東,20260711,土,5:24,メイショウザンゲツ,,牝,5,900,鈴木孝志,69.5,50.9,33.6,16.6,18.6,17.3,17.0,16.6
栗東,20260711,土,5:24,ロードトレイル,,牡,5,1500,藤岡健一,70.8,52.0,33.7,16.7,18.8,18.3,17.0,16.7
栗東,20260711,土,5:24,ワンダーデリエール,,牝,3,0,小崎憲,66.2,47.8,31.3,15.5,18.4,16.5,15.8,15.5
栗東,20260711,土,5:25,アルジェンタム,,セ,3,0,野中賢二,66.2,48.5,32.1,15.6,17.7,16.4,16.5,15.6
栗東,20260711,土,5:25,エイシンキタールン,,牝,3,0,野中賢二,69.0,49.9,32.7,15.7,19.1,17.2,17.0,15.7
栗東,20260711,土,5:25,ケイアイワイラーパ,,牡,4,0,野中賢二,66.7,49.0,32.0,15.3,17.7,17.0,16.7,15.3
栗東,20260711,土,5:25,シャンパンスター,,牝,3,0,緒方努,65.2,46.9,30.9,15.2,18.3,16.0,15.7,15.2
栗東,20260711,土,5:25,ジャズホリック,,牝,3,0,梅田智之,65.6,47.3,30.9,15.5,18.3,16.4,15.4,15.5
栗東,20260711,土,5:25,タマモキャロル,,牝,3,0,井上智史,63.7,45.3,29.9,15.2,18.4,15.4,14.7,15.2
栗東,20260711,土,5:25,タマモマリアージュ,,牝,3,0,井上智史,66.2,48.3,32.0,15.9,17.9,16.3,16.1,15.9
栗東,20260711,土,5:25,バルダンツァ,,牡,5,1000,高橋一哉,65.7,46.2,29.6,14.8,19.5,16.6,14.8,14.8
栗東,20260711,土,5:25,ビービークローサー,,牡,3,900,野中賢二,66.7,48.8,32.0,15.9,17.9,16.8,16.1,15.9
栗東,20260711,土,5:25,モンスエ,,牡,3,400,高橋一哉,64.4,47.6,31.2,14.9,16.8,16.4,16.3,14.9
栗東,20260711,土,5:25,ランズエンド,,牡,2,未出走,野中賢二,67.7,49.9,33.1,16.8,17.8,16.8,16.3,16.8
栗東,20260711,土,5:25,リリーサンダー,,牡,3,0,緒方努,63.5,45.8,29.9,14.8,17.7,15.9,15.1,14.8
栗東,20260711,土,5:25,ルクスコスモス,,牝,4,200,高橋一哉,66.4,48.1,30.8,14.8,18.3,17.3,16.0,14.8
栗東,20260711,土,5:25,ワトルツリー,,牝,3,0,藤岡健一,65.6,48.5,32.7,16.6,17.1,15.8,16.1,16.6
栗東,20260711,土,5:26,アスクブームキセキ,,牡,3,0,藤原英昭,75.3,54.0,34.7,16.5,21.3,19.3,18.2,16.5
栗東,20260711,土,5:26,エスペシャリー,,牝,4,1500,四位洋文,66.3,49.3,33.0,16.7,17.0,16.3,16.3,16.7
栗東,20260711,土,5:26,オーロラボレアリス,,牝,3,0,吉岡辰弥,60.3,44.0,29.5,14.1,16.3,14.5,15.4,14.1
栗東,20260711,土,5:26,サイモンザナドゥ,,牡,6,3950,小林真也,65.9,48.0,32.2,16.1,17.9,15.8,16.1,16.1
栗東,20260711,土,5:27,,,,,,,71.0,52.8,34.6,17.3,18.2,18.2,17.3,17.3
栗東,20260711,土,5:27,アイスフォーク,,牡,3,未出走,武幸四郎,65.1,47.7,31.0,14.9,17.4,16.7,16.1,14.9
栗東,20260711,土,5:27,アトレッタ,,牡,3,400,斉藤崇史,70.6,51.1,33.3,16.3,19.5,17.8,17.0,16.3
栗東,20260711,土,5:27,エリカヴェネチア,,牝,5,900,吉岡辰弥,64.3,46.6,30.4,15.0,17.7,16.2,15.4,15.0
栗東,20260711,土,5:27,グラスベルグ,,牝,3,400,斉藤崇史,68.4,48.9,31.3,15.3,19.5,17.6,16.0,15.3
栗東,20260711,土,5:27,タンテドヴィーヴル,,牡,4,1000,斉藤崇史,68.5,48.9,31.3,15.3,19.6,17.6,16.0,15.3
栗東,20260711,土,5:27,ダノンアトラス,,牡,5,400,橋口慎介,65.6,47.9,31.1,15.7,17.7,16.8,15.4,15.7
栗東,20260711,土,5:27,メアグローリア,,牝,2,0,斉藤崇史,70.1,51.0,33.0,16.0,19.1,18.0,17.0,16.0
栗東,20260711,土,5:27,モンシーク,,牡,3,0,橋口慎介,66.4,47.9,31.1,15.5,18.5,16.8,15.6,15.5
栗東,20260711,土,5:27,リアライズルミナス,,牝,3,400,橋口慎介,67.6,49.1,32.0,15.7,18.5,17.1,16.3,15.7
栗東,20260711,土,5:27,ルージュスプリヤ,,牝,3,400,斉藤崇史,69.8,50.9,33.0,16.1,18.9,17.9,16.9,16.1
栗東,20260711,土,5:28,アレナパラシオ,,牡,5,1500,四位洋文,66.2,47.6,30.7,15.2,18.6,16.9,15.5,15.2
栗東,20260711,土,5:28,ファランギーナ,,牡,3,0,福永祐一,67.2,50.0,32.8,16.2,17.2,17.2,16.6,16.2
栗東,20260711,土,5:28,フェスティバルヒル,,牝,3,2000,四位洋文,64.2,47.2,30.4,15.0,17.0,16.8,15.4,15.0
栗東,20260711,土,5:28,フレッチャアズーラ,,牝,3,0,四位洋文,66.2,47.5,30.1,14.9,18.7,17.4,15.2,14.9
栗東,20260711,土,5:28,マテンロウジョイ,,牡,6,400,四位洋文,67.6,49.1,30.8,14.5,18.5,18.3,16.3,14.5
栗東,20260711,土,5:28,リン,,牡,3,0,四位洋文,68.1,49.6,32.3,15.7,18.5,17.3,16.6,15.7
栗東,20260711,土,5:28,レイワノキセキ,,牡,3,0,本田優,69.8,50.4,32.7,16.4,19.4,17.7,16.3,16.4
栗東,20260711,土,5:29,アカウフリューゲル,,牝,3,400,清水久詞,66.4,48.8,31.9,15.7,17.6,16.9,16.2,15.7
栗東,20260711,土,5:29,スラッシュ,,牡,3,0,安達昭夫,69.0,50.7,33.9,17.2,18.3,16.8,16.7,17.2
栗東,20260711,土,5:29,デアアテナ,,牝,3,0,田中克典,66.4,48.3,31.8,15.8,18.1,16.5,16.0,15.8
栗東,20260711,土,5:29,ドロップオブライト,,牝,7,7150,福永祐一,62.4,45.2,30.3,14.9,17.2,14.9,15.4,14.9
栗東,20260711,土,5:29,プレゼンティーア,,牝,5,2400,田中克典,68.0,49.6,32.6,16.1,18.4,17.0,16.5,16.1
栗東,20260711,土,5:29,マハロハ,,牝,2,未出走,清水久詞,69.0,50.6,33.4,16.4,18.4,17.2,17.0,16.4
栗東,20260711,土,5:29,メイショウハチロー,,牡,4,2400,福永祐一,63.9,47.4,31.2,15.4,16.5,16.2,15.8,15.4
栗東,20260711,土,5:29,ルビドゥソレイユ,,牝,3,400,田中克典,69.6,50.3,33.0,16.4,19.3,17.3,16.6,16.4
栗東,20260711,土,5:29,レインインザスカイ,,牝,2,未出走,田中克典,65.6,47.6,30.9,15.2,18.0,16.7,15.7,15.2
栗東,20260711,土,5:29,レッドボブ,,牡,4,900,田中克典,63.9,46.8,30.7,15.2,17.1,16.1,15.5,15.2
栗東,20260711,土,5:30,サイドポンツーン,,牡,2,未出走,小椋研介,69.1,50.3,32.7,16.1,18.8,17.6,16.6,16.1
栗東,20260711,土,5:30,サンライズジョー,,牡,3,0,小椋研介,68.8,49.9,32.6,16.0,18.9,17.3,16.6,16.0
栗東,20260711,土,5:31,フレミングフープ,,牝,5,2400,友道康夫,65.2,46.0,29.7,14.8,19.2,16.3,14.9,14.8
栗東,20260711,土,5:31,ワンダフルボンド,,牡,3,400,友道康夫,64.4,46.9,30.7,15.2,17.5,16.2,15.5,15.2
栗東,20260711,土,5:32,ウーマンズパワー,,牝,3,400,中尾秀正,67.2,49.8,32.9,16.3,17.4,16.9,16.6,16.3
栗東,20260711,土,5:32,キュールエフウジン,,牡,7,1500,中尾秀正,65.6,48.2,32.8,17.1,17.4,15.4,15.7,17.1
栗東,20260711,土,5:32,ケイアイアニラ,,牡,6,2400,吉岡辰弥,52.3,37.6,24.1,12.1,14.7,13.5,12.0,12.1
栗東,20260711,土,5:32,ロードアウォード,,セ,6,3600,吉岡辰弥,52.5,37.7,24.1,12.0,14.8,13.6,12.1,12.0
栗東,20260711,土,5:33,ウインデイジー,,牝,5,1500,宮徹,65.5,48.0,31.7,16.1,17.5,16.3,15.6,16.1
栗東,20260711,土,5:33,エリカアンディーヴ,,牝,4,900,吉岡辰弥,55.4,39.5,25.5,12.7,15.9,14.0,12.8,12.7
栗東,20260711,土,5:33,キーウェーブ,,牡,5,900,宮地貴稔,66.7,48.6,31.5,15.4,18.1,17.1,16.1,15.4
栗東,20260711,土,5:33,ゼットクイン,,牝,3,0,宮徹,64.6,48.8,31.9,15.9,15.8,16.9,16.0,15.9
栗東,20260711,土,5:33,テイエムプレミラン,,牡,3,0,宮地貴稔,65.8,48.8,31.9,15.8,17.0,16.9,16.1,15.8
栗東,20260711,土,5:33,メモリアデルレ,,牡,2,0,吉岡辰弥,55.8,39.8,25.8,12.8,16.0,14.0,13.0,12.8
栗東,20260711,土,5:34,,,,,,,65.5,48.9,32.5,16.3,16.6,16.4,16.2,16.3
栗東,20260711,土,5:34,ジーティーアダマン,,牡,4,2500,上村洋行,63.5,45.8,29.3,14.7,17.7,16.5,14.6,14.7
栗東,20260711,土,5:34,セコンドトゥベスト,,牝,3,0,上村洋行,62.9,46.2,30.5,15.2,16.7,15.7,15.3,15.2
栗東,20260711,土,5:34,バティック,,牝,2,未出走,上村洋行,63.4,46.2,30.5,15.0,17.2,15.7,15.5,15.0
栗東,20260711,土,5:34,ルージュマデイラ,,牝,3,0,上村洋行,64.7,47.6,31.5,15.3,17.1,16.1,16.2,15.3
栗東,20260711,土,5:34,レクスノヴァス,,牡,4,2400,上村洋行,64.0,47.0,30.3,14.9,17.0,16.7,15.4,14.9
栗東,20260711,土,5:35,オーシンエス,,牡,4,400,宮徹,68.9,51.6,34.3,16.8,17.3,17.3,17.5,16.8
栗東,20260711,土,5:37,アイカンアズーラ,,牝,3,400,河嶋宏樹,53.6,38.5,24.8,12.1,15.1,13.7,12.7,12.1
栗東,20260711,土,5:37,アンクルクロス,,牡,5,2400,高橋亮,66.3,49.5,32.8,15.8,16.8,16.7,17.0,15.8
栗東,20260711,土,5:37,ウインガラハッド,,牡,2,未出走,宮徹,73.8,54.0,36.4,18.5,19.8,17.6,17.9,18.5
栗東,20260711,土,5:37,セーニョレガーレ,,牝,2,未出走,河嶋宏樹,54.2,39.1,25.3,12.4,15.1,13.8,12.9,12.4
栗東,20260711,土,5:37,ダノンフィーゴ,,牡,4,5620,友道康夫,64.8,48.2,32.8,16.7,16.6,15.4,16.1,16.7
栗東,20260711,土,5:37,ノンヴェドローラ,,牝,2,未出走,宮徹,72.5,53.1,34.7,17.2,19.4,18.4,17.5,17.2
栗東,20260711,土,5:37,ファルカータ,,牝,3,0,友道康夫,62.0,45.6,29.9,14.6,16.4,15.7,15.3,14.6
栗東,20260711,土,5:37,ホウオウスカイハイ,,牡,3,0,宮徹,74.2,54.4,36.2,18.2,19.8,18.2,18.0,18.2
栗東,20260711,土,5:38,ロングトールサリー,,牝,3,400,福永祐一,66.1,48.5,33.1,16.9,17.6,15.4,16.2,16.9
栗東,20260711,土,5:39,アマノガワギンガ,,牝,3,0,畑端省吾,68.2,50.0,33.5,16.6,18.2,16.5,16.9,16.6
栗東,20260711,土,5:39,イグニション,,牡,6,680,畑端省吾,65.3,49.1,33.3,16.4,16.2,15.8,16.9,16.4
栗東,20260711,土,5:39,ダディーズグーグー,,牡,4,80,畑端省吾,67.5,50.0,33.1,15.9,17.5,16.9,17.2,15.9
栗東,20260711,土,5:41,カフジマリボー,,牡,3,0,中竹和也,56.1,40.9,26.7,13.2,15.2,14.2,13.5,13.2
栗東,20260711,土,5:41,ストラドーネ,,牡,3,0,中竹和也,54.6,40.3,26.3,13.4,14.3,14.0,12.9,13.4
栗東,20260711,土,5:42,コウセキ,,牡,4,1500,西園翔太,72.2,51.9,33.4,15.9,20.3,18.5,17.5,15.9
栗東,20260711,土,5:43,,,,,,,69.1,50.9,33.4,16.6,18.2,17.5,16.8,16.6
栗東,20260711,土,5:43,イルミナジーティー,,牝,3,0,西園翔太,68.0,50.0,33.2,16.3,18.0,16.8,16.9,16.3
栗東,20260711,土,5:43,カズゴルティス,,セ,5,2400,西園翔太,65.5,48.0,31.5,15.6,17.5,16.5,15.9,15.6
栗東,20260711,土,5:43,ムーンリットビーチ,,牝,3,0,西園翔太,66.3,48.7,32.0,15.9,17.6,16.7,16.1,15.9
栗東,20260711,土,5:43,リンフレスカンテ,,牡,8,1500,宮本博,68.1,49.8,32.5,16.0,18.3,17.3,16.5,16.0
栗東,20260711,土,5:43,ロケベンドラ,,牝,4,400,西園翔太,69.7,51.7,34.0,17.1,18.0,17.7,16.9,17.1
栗東,20260711,土,5:48,グランキングオー,,牡,4,1500,高橋康之,68.3,49.3,31.8,15.9,19.0,17.5,15.9,15.9
栗東,20260711,土,5:48,コパノサントス,,牡,6,2500,梅田智之,66.4,47.3,30.5,14.7,19.1,16.8,15.8,14.7
栗東,20260711,土,5:49,ケイアイブラック,,牡,3,0,梅田智之,68.4,49.4,33.0,16.4,19.0,16.4,16.6,16.4
栗東,20260711,土,5:49,トウカイツバキ,,牝,3,0,北出成人,68.2,49.3,32.1,15.7,18.9,17.2,16.4,15.7
栗東,20260711,土,5:49,ニシノフランケン,,牡,2,0,北出成人,67.7,48.9,32.0,15.4,18.8,16.9,16.6,15.4
栗東,20260711,土,5:50,アーガイルショア,,牝,3,400,安田翔伍,68.8,50.3,33.1,16.6,18.5,17.2,16.5,16.6
栗東,20260711,土,5:50,ピューロマジック,,牝,5,9100,安田翔伍,69.1,49.7,33.0,16.6,19.4,16.7,16.4,16.6
栗東,20260711,土,5:50,メイケイシャイン,,牡,3,0,武英智,52.9,38.7,26.2,13.7,14.2,12.5,12.5,13.7
栗東,20260711,土,5:51,クルサール,,牝,3,0,武英智,53.2,38.6,25.1,13.0,14.6,13.5,12.1,13.0
栗東,20260711,土,5:51,テーオーレックス,,牡,3,0,岡田稲男,64.3,47.4,31.0,15.3,16.9,16.4,15.7,15.3
栗東,20260711,土,5:51,ヒエンジョー,,牡,3,0,岡田稲男,64.9,47.9,31.9,16.0,17.0,16.0,15.9,16.0
栗東,20260711,土,5:51,ペプチドレオン,,牡,3,0,武英智,52.8,38.4,24.6,12.5,14.4,13.8,12.1,12.5
栗東,20260711,土,5:53,クスクス,,牝,5,900,松下武士,72.1,51.4,32.9,15.8,20.7,18.5,17.1,15.8
栗東,20260711,土,5:53,グリミスティ,,牝,3,0,森田直行,66.6,48.9,32.6,16.1,17.7,16.3,16.5,16.1
栗東,20260711,土,5:53,マテンロウコマンド,,牡,4,6920,長谷川浩,68.0,49.3,31.8,15.5,18.7,17.5,16.3,15.5
栗東,20260711,土,5:53,メイショウシナノ,,牡,6,1500,大橋勇樹,67.6,50.1,32.8,16.4,17.5,17.3,16.4,16.4
栗東,20260711,土,5:54,メイショウメゴヒメ,,牝,3,0,大橋勇樹,80.6,59.7,38.9,19.2,20.9,20.8,19.7,19.2
栗東,20260711,土,5:56,アーリントンロウ,,牡,4,400,松下武士,70.5,51.5,34.3,17.2,19.0,17.2,17.1,17.2
栗東,20260711,土,5:57,アウローラシエル,,牡,6,190,森田直行,52.4,37.3,24.7,13.0,15.1,12.6,11.7,13.0
栗東,20260711,土,5:57,サーバルマインド,,牡,3,0,森田直行,55.3,39.5,25.8,12.8,15.8,13.7,13.0,12.8
栗東,20260711,土,5:57,ハイディージェン,,セ,5,900,森田直行,52.4,36.9,24.1,12.4,15.5,12.8,11.7,12.4
栗東,20260711,土,5:58,シュヴァルツリーベ,,牝,6,900,羽月友彦,63.3,45.8,29.6,14.7,17.5,16.2,14.9,14.7
栗東,20260711,土,5:58,ナムラモモ,,牝,4,400,羽月友彦,67.1,49.0,32.1,15.8,18.1,16.9,16.3,15.8
栗東,20260711,土,5:58,ライムシロップ,,牝,3,未出走,羽月友彦,63.5,46.4,30.1,14.9,17.1,16.3,15.2,14.9
栗東,20260711,土,5:58,ラインエレガント,,牝,2,未出走,牧田和弥,69.2,50.7,33.4,16.8,18.5,17.3,16.6,16.8
栗東,20260711,土,5:58,ワンダーリュクス,,牡,3,0,牧田和弥,66.9,48.5,31.7,16.2,18.4,16.8,15.5,16.2
栗東,20260711,土,6:00,パイオニアスクエア,,牡,4,0,茶木太樹,67.1,48.5,31.8,16.1,18.6,16.7,15.7,16.1
栗東,20260711,土,6:03,ハリケンライズ,,牡,2,未出走,高柳大輔,68.0,50.2,33.3,16.9,17.8,16.9,16.4,16.9
栗東,20260711,土,6:03,パラディオン,,牡,3,400,高柳大輔,67.8,49.0,31.9,15.9,18.8,17.1,16.0,15.9
栗東,20260711,土,6:03,モズケイスター,,牡,4,900,高柳大輔,65.3,47.9,32.2,17.1,17.4,15.7,15.1,17.1
栗東,20260711,土,6:03,ユメハハテシナク,,牡,6,900,石坂公一,66.5,49.0,32.3,15.7,17.5,16.7,16.6,15.7
栗東,20260711,土,6:04,マリナーヴァレイ,,牝,2,未出走,石坂公一,65.1,47.1,31.0,15.2,18.0,16.1,15.8,15.2
栗東,20260711,土,6:04,メイショウヒタカミ,,牡,3,0,石橋守,69.2,50.8,33.2,16.3,18.4,17.6,16.9,16.3
栗東,20260711,土,6:04,ヤマニンアストロン,,牡,5,1500,石橋守,67.0,48.7,32.0,15.7,18.3,16.7,16.3,15.7
栗東,20260711,土,6:07,ケイアイメキラ,,セ,6,1500,秋山真一,68.2,50.1,33.2,16.6,18.1,16.9,16.6,16.6
栗東,20260711,土,6:08,ホットロッドハート,,牡,2,未出走,前川恭子,67.6,49.9,32.3,15.7,17.7,17.6,16.6,15.7
栗東,20260711,土,6:08,レオナルドスター,,セ,5,210,秋山真一,70.3,51.6,33.8,17.0,18.7,17.8,16.8,17.0
栗東,20260711,土,6:10,ドレドレ,,牝,3,0,矢嶋大樹,75.8,54.3,35.9,17.9,21.5,18.4,18.0,17.9
栗東,20260711,土,6:11,アスクアットバット,,セ,4,0,加藤公太,65.5,47.8,31.4,16.0,17.7,16.4,15.4,16.0
栗東,20260711,土,6:11,ゴルデールスカー,,牡,6,900,加藤公太,65.6,47.6,31.2,15.9,18.0,16.4,15.3,15.9
栗東,20260711,土,6:11,セイムナンバーズ,,牡,2,未出走,加藤公太,65.3,48.0,31.4,16.1,17.3,16.6,15.3,16.1
栗東,20260711,土,6:11,モズカトレア,,牝,4,1500,井上智史,74.2,53.5,34.9,17.0,20.7,18.6,17.9,17.0
栗東,20260711,土,6:11,モモンウールー,,牝,5,900,池添学,67.5,49.7,33.1,16.8,17.8,16.6,16.3,16.8
栗東,20260711,土,6:14,エイシンウィスパー,,牝,3,400,今野貞一,68.7,49.8,32.1,15.4,18.9,17.7,16.7,15.4
栗東,20260711,土,6:14,オーバーシュタイン,,牡,2,未出走,今野貞一,70.6,51.2,33.0,16.2,19.4,18.2,16.8,16.2
栗東,20260711,土,6:15,ケイテンアイジン,,牡,4,900,谷潔,69.5,50.5,32.8,16.5,19.0,17.7,16.3,16.5
栗東,20260711,土,6:15,サリカリーフォリア,,牝,3,400,橋口慎介,62.9,46.3,30.1,14.7,16.6,16.2,15.4,14.7
栗東,20260711,土,6:17,デュアルロール,,牝,4,400,笹田和秀,67.1,49.1,32.1,16.0,18.0,17.0,16.1,16.0
栗東,20260711,土,6:18,エンヴェロップ,,牝,3,400,佐藤悠太,64.8,47.1,30.2,15.1,17.7,16.9,15.1,15.1
栗東,20260711,土,6:18,ビクスバイト,,牝,3,0,佐藤悠太,63.7,46.5,30.1,14.7,17.2,16.4,15.4,14.7
栗東,20260711,土,6:19,ルクスディグニティ,,牡,3,0,昆貢,71.1,52.8,34.6,16.6,18.3,18.2,18.0,16.6
栗東,20260711,土,6:20,ルージュルガーノ,,牝,3,0,昆貢,71.0,52.2,34.1,17.1,18.8,18.1,17.0,17.1
栗東,20260711,土,6:23,アクティブヘイロー,,牡,3,0,鈴木孝志,67.0,48.5,31.4,15.6,18.5,17.1,15.8,15.6
栗東,20260711,土,6:23,クロンヌジャン,,牡,3,0,鈴木孝志,67.7,49.8,32.5,15.8,17.9,17.3,16.7,15.8
栗東,20260711,土,6:23,テイエムファントム,,牡,3,0,鈴木孝志,67.6,49.5,32.0,15.3,18.1,17.5,16.7,15.3
栗東,20260711,土,6:23,ラビットアイ,,牝,5,900,鈴木孝志,68.2,49.8,32.8,16.0,18.4,17.0,16.8,16.0
栗東,20260711,土,6:24,キングオブフジ,,牡,5,900,角田晃一,71.5,53.1,34.9,16.9,18.4,18.2,18.0,16.9
栗東,20260711,土,6:25,サマーナジュム,,牡,3,0,角田晃一,71.6,51.6,34.3,16.9,20.0,17.3,17.4,16.9
栗東,20260711,土,6:25,タガノアバンドーネ,,牡,3,1500,角田晃一,70.9,51.1,32.6,15.8,19.8,18.5,16.8,15.8
栗東,20260711,土,6:26,ノーブルクインダム,,牝,3,0,宮本博,67.0,47.9,31.4,15.2,19.1,16.5,16.2,15.2
栗東,20260711,土,6:27,アンドゥーリル,,牡,3,1200,中内田充,70.1,50.6,33.2,16.2,19.5,17.4,17.0,16.2
栗東,20260711,土,6:27,ローゾフィア,,牝,3,0,宮本博,71.3,52.4,34.9,17.6,18.9,17.5,17.3,17.6
栗東,20260711,土,6:27,ロードデルフィロ,,牡,2,未出走,中内田充,71.1,51.0,33.7,17.2,20.1,17.3,16.5,17.2
栗東,20260711,土,6:28,マディソンガール,,牝,4,900,中内田充,70.0,51.4,33.7,16.0,18.6,17.7,17.7,16.0
栗東,20260711,土,6:29,キュクロープス,,牡,4,400,高橋康之,66.3,48.2,31.3,15.5,18.1,16.9,15.8,15.5
栗東,20260711,土,6:29,シャープインサイト,,牡,3,400,東田明士,65.9,48.2,31.6,15.7,17.7,16.6,15.9,15.7
栗東,20260711,土,6:29,ニテンイチリュウ,,牡,3,0,高橋康之,64.5,47.1,30.9,15.4,17.4,16.2,15.5,15.4
栗東,20260711,土,6:29,ホールネス,,牝,6,2900,藤原英昭,67.3,49.1,32.4,16.0,18.2,16.7,16.4,16.0
栗東,20260711,土,6:29,ロードファイター,,牡,3,0,東田明士,66.6,49.2,32.3,16.2,17.4,16.9,16.1,16.2
栗東,20260711,土,6:31,エイトスターズ,,牝,6,400,坂口智康,75.2,54.7,35.7,17.4,20.5,19.0,18.3,17.4
栗東,20260711,土,6:31,コパノルーカス,,牡,3,0,梅田智之,61.0,44.8,29.6,15.2,16.2,15.2,14.4,15.2
栗東,20260711,土,6:31,ジョバンニ,,牡,4,4950,杉山晴紀,77.7,55.7,36.2,17.2,22.0,19.5,19.0,17.2
栗東,20260711,土,6:31,テスティモーネ,,牡,4,3600,大根田裕,66.4,50.2,33.8,17.1,16.2,16.4,16.7,17.1
栗東,20260711,土,6:31,テーオーカメリア,,牝,2,未出走,梅田智之,70.5,51.4,34.2,17.3,19.1,17.2,16.9,17.3
栗東,20260711,土,6:31,テーオーシュテルン,,牡,3,0,梅田智之,61.0,44.9,29.5,15.2,16.1,15.4,14.3,15.2
栗東,20260711,土,6:31,ニューオーリンズ,,牡,4,1500,杉山晴紀,68.4,50.9,34.0,17.2,17.5,16.9,16.8,17.2
栗東,20260711,土,6:31,フィデリス,,牝,3,0,坂口智康,71.6,52.5,34.2,17.2,19.1,18.3,17.0,17.2
栗東,20260711,土,6:32,,,,,,,70.9,51.9,33.9,16.4,19.0,18.0,17.5,16.4
栗東,20260711,土,6:32,アイゼンハイム,,牡,3,0,辻野泰之,65.5,46.8,29.8,15.2,18.7,17.0,14.6,15.2
栗東,20260711,土,6:32,アメリカンピース,,セ,8,400,東田明士,65.9,47.9,31.4,15.4,18.0,16.5,16.0,15.4
栗東,20260711,土,6:32,クランフォード,,牝,5,2400,杉山晴紀,67.1,49.6,33.3,17.1,17.5,16.3,16.2,17.1
栗東,20260711,土,6:32,ステライヴ,,牝,3,400,杉山晴紀,68.5,49.3,33.4,16.7,19.2,15.9,16.7,16.7
栗東,20260711,土,6:32,ダノンフェルゼン,,牡,4,400,東田明士,68.3,49.6,31.5,15.6,18.7,18.1,15.9,15.6
栗東,20260711,土,6:32,ハクサンアイリス,,牡,4,1500,高橋一哉,66.5,49.3,32.9,16.4,17.2,16.4,16.5,16.4
栗東,20260711,土,6:32,ララアヴリル,,セ,4,900,坂口智康,65.3,47.8,31.3,15.0,17.5,16.5,16.3,15.0
栗東,20260711,土,6:32,リヴィエラヴィル,,牝,2,未出走,坂口智康,67.4,48.9,32.1,15.8,18.5,16.8,16.3,15.8
栗東,20260711,土,6:32,レーゼドラマ,,牝,4,3500,辻野泰之,61.5,44.8,29.1,14.2,16.7,15.7,14.9,14.2
栗東,20260711,土,6:33,アマリス,,牝,2,未出走,高橋一哉,69.8,51.0,32.9,15.8,18.8,18.1,17.1,15.8
栗東,20260711,土,6:33,ベルフラム,,牝,3,400,高橋一哉,63.5,45.0,29.0,14.4,18.5,16.0,14.6,14.4
栗東,20260711,土,6:55,ウインロズパレード,,牝,3,0,吉田直弘,53.7,38.1,24.5,12.0,15.6,13.6,12.5,12.0
栗東,20260711,土,6:56,アントラヴァースト,,牡,2,未出走,渡辺薫彦,63.8,46.8,30.9,15.4,17.0,15.9,15.5,15.4
栗東,20260711,土,6:56,スマイルガーデン,,牝,3,0,西村真幸,61.3,43.6,28.1,13.8,17.7,15.5,14.3,13.8
栗東,20260711,土,6:56,トレッチェ,,牝,3,0,渡辺薫彦,63.4,46.4,30.9,15.5,17.0,15.5,15.4,15.5
栗東,20260711,土,6:56,ファントムシーフ,,牡,6,3000,西村真幸,64.2,46.6,30.5,15.2,17.6,16.1,15.3,15.2
栗東,20260711,土,6:56,ベニバナ,,牝,2,未出走,渡辺薫彦,66.2,49.8,33.5,16.7,16.4,16.3,16.8,16.7
栗東,20260711,土,6:56,ベランジェール,,牝,5,400,西村真幸,64.3,47.1,31.2,15.5,17.2,15.9,15.7,15.5
栗東,20260711,土,6:56,ペイシャトサモア,,牝,3,0,吉田直弘,56.4,41.0,26.3,12.7,15.4,14.7,13.6,12.7
栗東,20260711,土,6:56,ミストレス,,牝,4,1600,矢作芳人,59.1,43.5,29.2,15.3,15.6,14.3,13.9,15.3
栗東,20260711,土,6:56,ヴィーラー,,牝,3,0,矢作芳人,58.9,43.4,29.1,15.1,15.5,14.3,14.0,15.1
栗東,20260711,土,6:57,キングズテイル,,牡,3,0,岡田稲男,68.2,50.6,33.4,17.3,17.6,17.2,16.1,17.3
栗東,20260711,土,6:57,ナムラフッカー,,牡,5,1500,長谷川浩,53.3,39.1,25.3,12.4,14.2,13.8,12.9,12.4
栗東,20260711,土,6:57,パピプペピンク,,牝,3,0,西村真幸,64.6,47.8,31.0,15.4,16.8,16.8,15.6,15.4
栗東,20260711,土,6:58,,,,,,,70.0,51.2,34.2,17.7,18.8,17.0,16.5,17.7
栗東,20260711,土,6:58,バースデイフライト,,牝,3,400,新谷功一,56.6,40.0,24.8,12.3,16.6,15.2,12.5,12.3
栗東,20260711,土,6:58,リッケンバッカー,,牡,8,1150,西村真幸,65.2,47.9,32.1,16.4,17.3,15.8,15.7,16.4
栗東,20260711,土,6:59,ソリドゥス,,牡,2,未出走,安達昭夫,66.4,49.7,33.5,17.2,16.7,16.2,16.3,17.2
栗東,20260711,土,6:59,デルマタカチホ,,牡,3,0,田中克典,68.0,49.3,31.5,15.4,18.7,17.8,16.1,15.4
栗東,20260711,土,7:00,キタノコウセイ,,セ,3,0,畑端省吾,67.3,49.0,31.8,15.6,18.3,17.2,16.2,15.6
栗東,20260711,土,7:00,キタノボニータ,,牝,3,0,畑端省吾,67.6,49.4,32.2,15.9,18.2,17.2,16.3,15.9
栗東,20260711,土,7:00,デルマトカチ,,牝,3,0,畑端省吾,64.9,48.2,32.5,16.2,16.7,15.7,16.3,16.2
栗東,20260711,土,7:00,ワカワカ,,牝,3,0,牧田和弥,65.3,47.2,31.6,16.5,18.1,15.6,15.1,16.5
栗東,20260711,土,7:01,ドラゴンバルド,,牡,2,未出走,福永祐一,64.3,47.1,31.5,15.5,17.2,15.6,16.0,15.5
栗東,20260711,土,7:01,マテンロウアワー,,牡,3,0,福永祐一,64.5,47.2,30.9,15.7,17.3,16.3,15.2,15.7
栗東,20260711,土,7:01,ルージュバロン,,牝,3,400,福永祐一,69.9,51.2,33.8,17.1,18.7,17.4,16.7,17.1
栗東,20260711,土,7:02,,,,,,,68.8,50.3,34.0,17.4,18.5,16.3,16.6,17.4
栗東,20260711,土,7:02,,,,,,,71.6,51.0,34.5,17.9,20.6,16.5,16.6,17.9
栗東,20260711,土,7:02,,,,,,,73.2,54.1,35.7,18.2,19.1,18.4,17.5,18.2
栗東,20260711,土,7:02,ケンシロウワールド,,牡,2,0,森秀行,74.2,54.2,35.5,18.1,20.0,18.7,17.4,18.1
栗東,20260711,土,7:04,グラシアレスインク,,牡,2,未出走,安田翔伍,67.7,49.4,32.2,16.1,18.3,17.2,16.1,16.1
栗東,20260711,土,7:04,ダノンチャンピオン,,牡,2,未出走,安田翔伍,68.5,50.4,32.9,16.2,18.1,17.5,16.7,16.2
栗東,20260711,土,7:04,デルマタイセツ,,牝,3,0,庄野靖志,70.5,51.2,33.0,16.0,19.3,18.2,17.0,16.0
栗東,20260711,土,7:04,フランヴィア,,牝,2,0,庄野靖志,79.0,57.6,37.5,18.8,21.4,20.1,18.7,18.8
栗東,20260711,土,7:04,ラピス,,牝,3,0,安田翔伍,64.9,46.7,29.3,14.5,18.2,17.4,14.8,14.5
栗東,20260711,土,7:04,ルナフィオーレ,,牝,3,0,庄野靖志,67.9,50.5,32.9,16.4,17.4,17.6,16.5,16.4
栗東,20260711,土,7:05,ゴールデンテティス,,牝,3,0,庄野靖志,68.5,50.4,33.6,16.9,18.1,16.8,16.7,16.9
栗東,20260711,土,7:05,ルクスフロンティア,,牡,6,3800,松永幹夫,62.5,45.7,30.3,15.1,16.8,15.4,15.2,15.1
栗東,20260711,土,7:06,マーゴットショット,,牡,3,0,小林真也,66.2,48.1,31.3,15.9,18.1,16.8,15.4,15.9
栗東,20260711,土,7:06,ミランド,,牡,3,400,小林真也,67.2,49.6,32.5,15.9,17.6,17.1,16.6,15.9
栗東,20260711,土,7:06,リアルメッセージ,,牡,2,未出走,小林真也,68.0,50.3,33.3,16.5,17.7,17.0,16.8,16.5
栗東,20260711,土,7:08,シュプリームレルム,,牡,3,0,高野友和,78.7,55.9,35.9,18.0,22.8,20.0,17.9,18.0
栗東,20260711,土,7:08,ショウナンラプンタ,,牡,5,3150,高野友和,72.3,52.4,33.9,16.5,19.9,18.5,17.4,16.5
栗東,20260711,土,7:08,ジューンエオス,,牝,4,1500,武英智,51.5,37.6,24.5,12.4,13.9,13.1,12.1,12.4
栗東,20260711,土,7:08,チルカーノ,,牝,5,1500,高野友和,75.2,53.8,34.5,16.8,21.4,19.3,17.7,16.8
栗東,20260711,土,7:08,ハマナスノサクコロ,,牝,2,未出走,武英智,52.2,38.1,24.5,12.3,14.1,13.6,12.2,12.3
栗東,20260711,土,7:09,グッジョブ,,牡,6,2400,牧浦充徳,70.7,52.1,34.1,16.8,18.6,18.0,17.3,16.8
栗東,20260711,土,7:09,コーディアリティ,,牡,3,0,牧浦充徳,75.0,55.3,35.7,17.2,19.7,19.6,18.5,17.2
栗東,20260711,土,7:09,ヴァンヴィーヴ,,牡,5,900,牧浦充徳,78.2,56.8,37.0,18.5,21.4,19.8,18.5,18.5
栗東,20260711,土,7:10,,,,,,,68.3,50.9,33.4,16.8,17.4,17.5,16.6,16.8
栗東,20260711,土,7:10,アンドリーナ,,牝,4,900,牧浦充徳,70.9,51.8,33.9,16.9,19.1,17.9,17.0,16.9
栗東,20260711,土,7:10,イーブンベター,,牝,4,400,牧浦充徳,72.6,52.7,34.6,16.7,19.9,18.1,17.9,16.7
栗東,20260711,土,7:10,サンロンブル,,牡,3,0,柴田卓,55.4,39.3,25.2,12.6,16.1,14.1,12.6,12.6
栗東,20260711,土,7:10,スピーディスピン,,牝,2,0,加藤公太,66.0,48.1,31.0,15.0,17.9,17.1,16.0,15.0
栗東,20260711,土,7:10,ダンシングドール,,牝,3,400,牧田和弥,63.7,46.7,30.2,14.5,17.0,16.5,15.7,14.5
栗東,20260711,土,7:10,ドリームプレミア,,牡,3,400,友道康夫,63.4,46.3,30.7,15.4,17.1,15.6,15.3,15.4
栗東,20260711,土,7:10,ホウオウモノポリー,,牡,2,未出走,友道康夫,63.0,46.3,30.8,15.6,16.7,15.5,15.2,15.6
栗東,20260711,土,7:10,メイショウホウレン,,牡,5,3600,安達昭夫,66.8,48.4,31.4,15.7,18.4,17.0,15.7,15.7
栗東,20260711,土,7:11,ホルトバージ,,牡,5,1500,柴田卓,66.7,47.5,31.6,15.4,19.2,15.9,16.2,15.4
栗東,20260711,土,7:12,カネフラ,,牡,6,2400,高橋康之,66.3,47.4,30.6,15.0,18.9,16.8,15.6,15.0
栗東,20260711,土,7:14,テーオーアンジェラ,,牝,3,400,梅田智之,74.8,50.9,31.1,13.7,23.9,19.8,17.4,13.7
栗東,20260711,土,7:16,,,,,,,67.6,50.9,34.4,17.6,16.7,16.5,16.8,17.6
栗東,20260711,土,7:16,カセノコンコルド,,牡,3,0,中尾秀正,69.7,50.6,32.9,16.4,19.1,17.7,16.5,16.4
栗東,20260711,土,7:16,ノトコンゴウ,,牡,2,未出走,中尾秀正,65.1,48.5,32.1,15.9,16.6,16.4,16.2,15.9
栗東,20260711,土,7:16,ポッドリプル,,牡,3,400,辻野泰之,68.6,50.0,32.7,16.2,18.6,17.3,16.5,16.2
栗東,20260711,土,7:16,マルモタワー,,牡,2,未出走,中尾秀正,65.7,49.2,32.9,16.4,16.5,16.3,16.5,16.4
栗東,20260711,土,7:17,アイアン,,牡,3,0,辻野泰之,64.6,47.3,30.5,14.9,17.3,16.8,15.6,14.9
栗東,20260711,土,7:18,ウエストナウ,,牡,5,5200,寺島良,66.6,48.1,31.1,15.6,18.5,17.0,15.5,15.6
栗東,20260711,土,7:18,クールミラボー,,牡,6,3600,寺島良,66.0,47.6,31.3,15.2,18.4,16.3,16.1,15.2
栗東,20260711,土,7:18,ゼロヴィジビリティ,,牡,3,900,寺島良,60.9,44.2,29.3,14.7,16.7,14.9,14.6,14.7
栗東,20260711,土,7:18,ハッピーマン,,牡,4,6330,寺島良,67.8,49.5,32.0,15.7,18.3,17.5,16.3,15.7
栗東,20260711,土,7:19,エイシンディード,,牡,3,2520,大久保龍,62.8,47.0,31.5,15.6,15.8,15.5,15.9,15.6
栗東,20260711,土,7:19,オミゴト,,牡,2,未出走,秋山真一,72.2,54.0,36.5,17.8,18.2,17.5,18.7,17.8
栗東,20260711,土,7:19,ダイメイアゲイン,,牡,2,未出走,秋山真一,65.6,48.7,31.8,15.4,16.9,16.9,16.4,15.4
栗東,20260711,土,7:19,ダイモンバローズ,,牡,2,未出走,大久保龍,67.3,50.0,32.9,16.1,17.3,17.1,16.8,16.1
栗東,20260711,土,7:19,テイエムパイロット,,牡,4,900,秋山真一,67.9,49.8,32.6,16.2,18.1,17.2,16.4,16.2
栗東,20260711,土,7:20,,,,,,,74.2,54.3,35.7,17.8,19.9,18.6,17.9,17.8
栗東,20260711,土,7:20,アイブリンク,,牝,4,900,大久保龍,65.0,47.9,31.5,15.7,17.1,16.4,15.8,15.7
栗東,20260711,土,7:20,シギーコルエンド,,牡,3,0,大久保龍,67.5,48.7,31.2,15.2,18.8,17.5,16.0,15.2
栗東,20260711,土,7:20,トウカイジーク,,牡,3,0,野中賢二,73.0,54.2,35.7,17.7,18.8,18.5,18.0,17.7
栗東,20260711,土,7:20,メイショウフンジン,,牡,8,8780,秋山真一,70.0,50.7,33.3,16.6,19.3,17.4,16.7,16.6
栗東,20260711,土,7:20,ロードハイビーム,,牡,2,未出走,野中賢二,69.2,49.6,32.6,15.9,19.6,17.0,16.7,15.9
栗東,20260711,土,7:20,ヴェルサイユローズ,,牝,3,0,大久保龍,67.4,48.6,31.1,15.2,18.8,17.5,15.9,15.2
栗東,20260711,土,7:21,サラコスティ,,牡,4,400,池添学,65.8,47.4,31.2,15.4,18.4,16.2,15.8,15.4
栗東,20260711,土,7:21,タイセイゼスティ,,牡,3,0,奥村豊,65.6,48.2,31.7,15.8,17.4,16.5,15.9,15.8
栗東,20260711,土,7:22,エアアルチーナ,,牝,3,0,池添学,66.7,48.3,31.3,15.1,18.4,17.0,16.2,15.1
栗東,20260711,土,7:22,エクリュ,,牝,3,400,井上智史,67.2,48.6,31.4,15.7,18.6,17.2,15.7,15.7
栗東,20260711,土,7:22,エンルートフライト,,牡,2,未出走,池添学,69.3,51.1,33.5,16.4,18.2,17.6,17.1,16.4
栗東,20260711,土,7:22,グッジョブ,,牡,6,2400,牧浦充徳,61.7,45.1,29.3,14.4,16.6,15.8,14.9,14.4
栗東,20260711,土,7:22,コーディアリティ,,牡,3,0,牧浦充徳,65.5,47.6,31.0,14.8,17.9,16.6,16.2,14.8
栗東,20260711,土,7:22,バラジ,,セ,7,2400,井上智史,73.6,53.7,34.9,17.2,19.9,18.8,17.7,17.2
栗東,20260711,土,7:22,ヴァンヴィーヴ,,牡,5,900,牧浦充徳,66.0,48.1,30.8,14.9,17.9,17.3,15.9,14.9
栗東,20260711,土,7:23,アンドリーナ,,牝,4,900,牧浦充徳,63.1,46.0,29.3,14.3,17.1,16.7,15.0,14.3
栗東,20260711,土,7:23,イーブンベター,,牝,4,400,牧浦充徳,63.2,44.8,29.0,14.2,18.4,15.8,14.8,14.2
栗東,20260711,土,7:23,ノボリクレバー,,牝,6,900,石橋守,67.1,49.0,32.5,16.3,18.1,16.5,16.2,16.3
栗東,20260711,土,7:23,ノボリスマイル,,牝,3,0,石橋守,66.2,47.6,31.0,15.5,18.6,16.6,15.5,15.5
栗東,20260711,土,7:23,ファムエレガンテ,,牝,4,2400,中村直也,71.2,52.1,34.2,16.7,19.1,17.9,17.5,16.7
栗東,20260711,土,7:23,メイショウトム,,牡,5,900,谷潔,68.4,48.6,31.5,15.5,19.8,17.1,16.0,15.5
栗東,20260711,土,7:24,カラクニダケ,,牡,3,400,谷潔,63.8,47.0,31.0,15.9,16.8,16.0,15.1,15.9
栗東,20260711,土,7:24,バンブラボー,,牡,3,0,飯田祐史,71.2,53.1,35.2,17.5,18.1,17.9,17.7,17.5
栗東,20260711,土,7:24,メイショウジェード,,牡,2,未出走,本田優,69.9,51.7,34.2,17.2,18.2,17.5,17.0,17.2
栗東,20260711,土,7:25,コンドゥイア,,牝,4,1500,井上智史,70.9,51.9,35.2,17.9,19.0,16.7,17.3,17.9
栗東,20260711,土,7:25,メイショウオーロラ,,牝,6,1500,本田優,74.0,53.8,35.6,17.3,20.2,18.2,18.3,17.3
栗東,20260711,土,7:26,クインズセレネ,,牝,5,400,野中賢二,67.9,49.6,32.6,16.2,18.3,17.0,16.4,16.2
栗東,20260711,土,7:26,ソウルオンファイア,,牝,3,900,野中賢二,65.0,47.0,30.6,15.0,18.0,16.4,15.6,15.0
栗東,20260711,土,7:28,イリスアスール,,牝,5,400,角田晃一,67.7,49.7,33.1,16.9,18.0,16.6,16.2,16.9
栗東,20260711,土,7:28,コスモフィレンツェ,,牡,3,0,北出成人,66.8,48.4,31.6,15.3,18.4,16.8,16.3,15.3
栗東,20260711,土,7:28,スイトーヨ,,牝,2,0,角田晃一,66.6,48.0,31.0,15.0,18.6,17.0,16.0,15.0
栗東,20260711,土,7:28,ゼンノゾンターク,,牡,3,0,緒方努,73.3,51.8,33.0,16.7,21.5,18.8,16.3,16.7
栗東,20260711,土,7:28,フィソステギア,,牝,2,未出走,緒方努,73.3,51.9,33.3,16.7,21.4,18.6,16.6,16.7
栗東,20260711,土,7:29,キャリアハイ,,牡,3,0,北出成人,68.0,49.8,32.5,15.5,18.2,17.3,17.0,15.5
栗東,20260711,土,7:29,コスモグローリー,,牡,4,400,北出成人,67.0,49.0,32.0,15.6,18.0,17.0,16.4,15.6
栗東,20260711,土,7:29,ゼルダ,,牝,3,400,鈴木孝志,70.7,49.9,32.5,16.1,20.8,17.4,16.4,16.1
栗東,20260711,土,7:29,チャチャピンク,,牡,4,400,北出成人,66.5,48.6,31.8,15.8,17.9,16.8,16.0,15.8
栗東,20260711,土,7:29,パシアンジェンヌ,,牝,2,未出走,鈴木孝志,69.9,51.2,34.4,17.5,18.7,16.8,16.9,17.5
栗東,20260711,土,7:29,メイショウツキヨ,,牝,3,0,飯田祐史,69.1,50.8,33.5,16.1,18.3,17.3,17.4,16.1
栗東,20260711,土,7:30,ガイアメンテ,,牡,5,3800,須貝尚介,66.4,46.4,29.0,14.1,20.0,17.4,14.9,14.1
栗東,20260711,土,7:30,バニーラビット,,牡,4,400,武幸四郎,60.4,44.8,29.9,15.3,15.6,14.9,14.6,15.3
栗東,20260711,土,7:30,フォルトゥナロッサ,,牝,2,未出走,武幸四郎,63.7,46.8,30.9,15.3,16.9,15.9,15.6,15.3
栗東,20260711,土,7:30,ブレイクガール,,牝,2,0,武幸四郎,66.5,49.0,32.1,16.3,17.5,16.9,15.8,16.3
栗東,20260711,土,7:31,キングメーカー,,牡,4,1500,須貝尚介,63.5,46.5,29.9,14.7,17.0,16.6,15.2,14.7
栗東,20260711,土,7:31,テラメリタ,,牝,5,1500,須貝尚介,64.1,46.2,29.9,14.8,17.9,16.3,15.1,14.8
栗東,20260711,土,7:31,テーオーソラネル,,牡,7,2400,須貝尚介,63.6,46.9,30.5,15.2,16.7,16.4,15.3,15.2
栗東,20260711,土,7:31,ワンダーブレット,,セ,7,900,笹田和秀,72.0,52.9,34.6,16.9,19.1,18.3,17.7,16.9
栗東,20260711,土,7:32,アヴレディール,,牝,2,未出走,松永幹夫,68.5,50.7,33.5,16.7,17.8,17.2,16.8,16.7
栗東,20260711,土,7:32,コルドンブルー,,牝,4,900,松永幹夫,67.5,50.3,33.0,16.7,17.2,17.3,16.3,16.7
栗東,20260711,土,7:32,ボンドロア,,牡,4,900,松永幹夫,68.7,50.9,33.9,16.5,17.8,17.0,17.4,16.5
栗東,20260711,土,7:32,マルモア,,牝,5,400,松永幹夫,68.0,50.2,33.3,16.8,17.8,16.9,16.5,16.8
栗東,20260711,土,7:32,ヤマニンループ,,牡,7,900,松永幹夫,66.0,47.4,30.3,15.0,18.6,17.1,15.3,15.0
栗東,20260711,土,7:33,カミノレアル,,牡,4,1500,今野貞一,65.3,47.6,30.6,15.2,17.7,17.0,15.4,15.2
栗東,20260711,土,7:33,シルフズミスチーフ,,牝,4,900,池江泰寿,68.8,50.5,33.0,16.5,18.3,17.5,16.5,16.5
栗東,20260711,土,7:33,バトルアックス,,牡,3,400,今野貞一,62.8,45.9,30.5,15.3,16.9,15.4,15.2,15.3
栗東,20260711,土,7:34,,,,,,,69.9,50.6,32.7,15.9,19.3,17.9,16.8,15.9
栗東,20260711,土,7:34,サラサキングスター,,牡,3,0,斉藤崇史,68.9,49.4,31.9,15.9,19.5,17.5,16.0,15.9
栗東,20260711,土,7:34,シーンオブドリーム,,セ,3,0,池江泰寿,66.2,48.1,31.0,15.1,18.1,17.1,15.9,15.1
栗東,20260711,土,7:34,ダノンハドソン,,牡,3,400,池江泰寿,64.5,46.8,30.3,14.5,17.7,16.5,15.8,14.5
栗東,20260711,土,7:34,ポートデラメール,,牝,4,900,斉藤崇史,69.1,49.4,31.8,15.8,19.7,17.6,16.0,15.8
栗東,20260711,土,7:34,ミッキージャンプ,,牡,3,400,池江泰寿,64.8,47.0,31.4,16.2,17.8,15.6,15.2,16.2
栗東,20260711,土,7:34,レッドバベル,,牡,3,未出走,池江泰寿,65.2,47.3,30.5,14.9,17.9,16.8,15.6,14.9
栗東,20260711,土,7:35,,,,,,,74.0,54.8,36.1,18.4,19.2,18.7,17.7,18.4
栗東,20260711,土,7:35,ジョイエッロ,,牡,4,900,池江泰寿,65.4,46.9,30.4,14.7,18.5,16.5,15.7,14.7
栗東,20260711,土,7:35,タイキエクセロン,,牡,7,710,橋田宜長,67.4,49.2,32.2,15.6,18.2,17.0,16.6,15.6
栗東,20260711,土,7:35,ミエスペランサ,,牝,5,1500,橋田宜長,66.2,48.0,31.4,15.4,18.2,16.6,16.0,15.4
栗東,20260711,土,7:36,ソーニーイシュー,,牡,5,2400,千田輝彦,68.9,49.8,31.9,15.5,19.1,17.9,16.4,15.5
栗東,20260711,土,7:36,チュオンソン,,牡,3,0,昆貢,66.9,48.2,31.2,15.4,18.7,17.0,15.8,15.4
栗東,20260711,土,7:36,リテラシー,,牡,3,0,昆貢,72.8,53.9,36.3,17.4,18.9,17.6,18.9,17.4
栗東,20260711,土,7:37,タガノアルブラック,,牝,3,400,千田輝彦,74.7,55.4,37.2,18.3,19.3,18.2,18.9,18.3
栗東,20260711,土,7:37,タガノヘラクレス,,牡,5,900,千田輝彦,77.0,56.1,36.8,17.4,20.9,19.3,19.4,17.4
栗東,20260711,土,7:39,サラサランラン,,牡,2,未出走,藤原英昭,64.0,46.3,30.1,14.8,17.7,16.2,15.3,14.8
栗東,20260711,土,7:39,スマッシング,,牝,3,400,佐藤悠太,64.4,47.2,31.0,15.3,17.2,16.2,15.7,15.3
栗東,20260711,土,7:39,トレジャーストーン,,セ,3,0,藤原英昭,64.5,47.2,31.1,15.3,17.3,16.1,15.8,15.3
栗東,20260711,土,7:39,ノーランサンライズ,,牝,4,1500,佐藤悠太,61.6,44.7,29.3,14.8,16.9,15.4,14.5,14.8
栗東,20260711,土,7:39,ムッチリスタイル,,牡,2,未出走,佐藤悠太,62.7,45.9,29.9,14.6,16.8,16.0,15.3,14.6
栗東,20260711,土,7:39,メイショウマドンナ,,牝,3,0,荒川義之,78.8,56.4,36.4,17.8,22.4,20.0,18.6,17.8
栗東,20260711,土,7:40,,,,,,,64.7,47.4,31.6,15.9,17.3,15.8,15.7,15.9
栗東,20260711,土,7:40,エイカイカッシーナ,,牝,4,400,藤原英昭,69.5,50.1,32.7,16.0,19.4,17.4,16.7,16.0
栗東,20260711,土,7:40,サンライズフレイム,,牡,6,7500,石坂公一,67.8,45.2,28.6,14.5,22.6,16.6,14.1,14.5
栗東,20260711,土,7:41,,,,,,,63.6,47.0,31.1,15.6,16.6,15.9,15.5,15.6
栗東,20260711,土,7:41,ジャッキーバローズ,,牡,3,0,石坂公一,65.0,48.2,32.0,15.6,16.8,16.2,16.4,15.6
栗東,20260711,土,7:41,プレスバーン,,牝,3,0,石坂公一,65.8,47.9,31.6,15.7,17.9,16.3,15.9,15.7
栗東,20260711,土,7:41,レーンアジリティ,,牡,4,400,中尾秀正,79.6,59.0,38.9,19.5,20.6,20.1,19.4,19.5
栗東,20260711,土,7:42,エイカイマッケンロ,,セ,7,1500,藤原英昭,68.5,50.6,33.1,16.1,17.9,17.5,17.0,16.1
栗東,20260711,土,7:42,キャッスルレイク,,牝,4,900,松下武士,66.4,47.9,31.3,16.0,18.5,16.6,15.3,16.0
栗東,20260711,土,7:42,ショウサンジョージ,,牡,4,1500,松下武士,65.3,47.1,30.7,15.1,18.2,16.4,15.6,15.1
栗東,20260711,土,7:42,ララディアーブル,,牡,3,0,松下武士,68.7,50.3,33.3,16.9,18.4,17.0,16.4,16.9
栗東,20260711,土,7:42,リエーヴェ,,牡,2,400,松下武士,69.6,50.8,33.5,16.4,18.8,17.3,17.1,16.4
栗東,20260711,土,7:43,アメリカンイズム,,牡,3,400,池江泰寿,60.9,45.2,29.4,14.5,15.7,15.8,14.9,14.5
栗東,20260711,土,7:43,キープライジング,,牝,5,340,吉田直弘,53.6,37.7,24.8,12.9,15.9,12.9,11.9,12.9
栗東,20260711,土,7:44,オープンザパンドラ,,牡,3,0,小椋研介,73.1,52.8,34.3,16.9,20.3,18.5,17.4,16.9
栗東,20260711,土,7:45,,,,,,,70.6,51.9,35.0,17.1,18.7,16.9,17.9,17.1
栗東,20260711,土,7:45,,,,,,,70.8,51.9,34.8,17.6,18.9,17.1,17.2,17.6
栗東,20260711,土,7:45,シンゼンイセ,,牡,3,0,荒川義之,69.8,51.5,34.2,16.6,18.3,17.3,17.6,16.6
栗東,20260711,土,7:45,ヴェルヴィエ,,牡,2,0,小椋研介,81.8,61.7,41.8,19.9,20.1,19.9,21.9,19.9
栗東,20260711,土,7:46,ナリタヒカリ,,牝,4,900,荒川義之,67.7,50.4,33.7,16.9,17.3,16.7,16.8,16.9
栗東,20260711,土,7:46,ハーブドーレ,,牝,3,未出走,荒川義之,68.0,50.4,33.6,16.7,17.6,16.8,16.9,16.7
栗東,20260711,土,7:48,コックスコーム,,牡,2,未出走,中内田充,63.7,46.6,30.8,15.9,17.1,15.8,14.9,15.9
栗東,20260711,土,7:48,コパノマハロ,,牝,2,未出走,宮徹,70.1,53.1,35.1,17.6,17.0,18.0,17.5,17.6
栗東,20260711,土,7:48,コンセントリコ,,牡,2,未出走,中内田充,63.4,46.3,30.2,15.2,17.1,16.1,15.0,15.2
栗東,20260711,土,7:48,ジョイフルサンデー,,牡,3,0,宮徹,71.2,54.0,35.6,18.0,17.2,18.4,17.6,18.0
栗東,20260711,土,7:48,ステイクオール,,セ,4,400,上村洋行,65.1,47.2,30.8,15.0,17.9,16.4,15.8,15.0
栗東,20260711,土,7:48,タマモジャスミン,,牝,4,900,大橋勇樹,69.4,50.8,34.1,17.4,18.6,16.7,16.7,17.4
栗東,20260711,土,7:48,ブルーセルリアン,,牡,4,0,宮徹,73.0,55.5,36.5,18.2,17.5,19.0,18.3,18.2
栗東,20260711,土,7:48,ブレイクアウェイ,,牡,2,未出走,上村洋行,64.1,46.3,29.9,14.8,17.8,16.4,15.1,14.8
栗東,20260711,土,7:48,ベラジオパンテーラ,,牡,2,未出走,上村洋行,64.1,46.4,29.9,14.2,17.7,16.5,15.7,14.2
栗東,20260711,土,7:48,ヨコハマブルース,,牡,2,未出走,中内田充,64.1,46.9,30.5,15.3,17.2,16.4,15.2,15.3
栗東,20260711,土,7:48,ライトオブヌカタ,,牡,3,900,上村洋行,64.4,46.0,29.6,15.0,18.4,16.4,14.6,15.0
栗東,20260711,土,7:48,リチャードバローズ,,牡,5,1500,上村洋行,62.7,45.2,29.3,14.8,17.5,15.9,14.5,14.8
栗東,20260711,土,7:49,,,,,,,66.9,48.9,32.0,15.6,18.0,16.9,16.4,15.6
栗東,20260711,土,7:49,ガールズデイアウト,,牝,4,400,吉村圭司,67.1,48.2,31.0,15.3,18.9,17.2,15.7,15.3
栗東,20260711,土,7:49,ザングウィル,,牡,6,250,佐藤悠太,63.0,46.5,31.2,15.3,16.5,15.3,15.9,15.3
栗東,20260711,土,7:49,タマモイカロス,,牡,3,2200,藤岡健一,62.0,45.5,30.5,15.3,16.5,15.0,15.2,15.3
栗東,20260711,土,7:49,テーオータウンズ,,牡,3,0,藤岡健一,68.5,52.0,35.3,18.4,16.5,16.7,16.9,18.4
栗東,20260711,土,7:49,マイスターシューズ,,牡,2,未出走,小椋研介,66.9,48.6,31.9,15.4,18.3,16.7,16.5,15.4
栗東,20260711,土,7:49,ワンダーカモン,,牡,5,900,吉村圭司,65.1,46.7,29.5,14.7,18.4,17.2,14.8,14.7
栗東,20260711,土,7:50,,,,,,,62.7,46.2,30.2,15.2,16.5,16.0,15.0,15.2
栗東,20260711,土,7:50,レッドラージャ,,牡,3,900,友道康夫,63.7,45.3,29.4,14.5,18.4,15.9,14.9,14.5
栗東,20260711,土,7:51,アイルシャイン,,セ,6,1500,新谷功一,59.3,41.4,25.3,12.1,17.9,16.1,13.2,12.1
栗東,20260711,土,7:51,エポックヴィーナス,,牝,5,1500,新谷功一,60.6,41.8,26.0,12.3,18.8,15.8,13.7,12.3
栗東,20260711,土,7:51,テイエムスパーダ,,牝,7,8500,小椋研介,65.7,47.9,31.5,15.2,17.8,16.4,16.3,15.2
栗東,20260711,土,7:51,メイショウマドンナ,,牝,3,0,荒川義之,65.9,48.2,31.7,15.7,17.7,16.5,16.0,15.7
栗東,20260711,土,7:51,レヴヴィ,,牝,3,0,新谷功一,61.2,42.4,26.4,12.6,18.8,16.0,13.8,12.6
栗東,20260711,土,7:52,,,,,,,69.3,51.1,33.9,16.6,18.2,17.2,17.3,16.6
栗東,20260711,土,7:52,アメリカンビーチ,,牡,4,400,四位洋文,65.1,47.5,31.2,15.2,17.6,16.3,16.0,15.2
栗東,20260711,土,7:53,オールセインツ,,セ,5,1500,友道康夫,61.7,46.1,30.8,15.6,15.6,15.3,15.2,15.6
栗東,20260711,土,7:53,ジュンブロッサム,,牡,7,6550,友道康夫,60.8,44.8,29.3,14.8,16.0,15.5,14.5,14.8
栗東,20260711,土,7:53,レッドタイラント,,牡,2,未出走,友道康夫,62.1,44.7,29.4,15.0,17.4,15.3,14.4,15.0
栗東,20260711,土,7:54,,,,,,,62.7,46.0,30.3,15.3,16.7,15.7,15.0,15.3
栗東,20260711,土,7:54,テイクザスローン,,牡,3,0,武英智,65.8,49.9,33.3,16.2,15.9,16.6,17.1,16.2
栗東,20260711,土,7:54,バトルナイト,,牡,2,未出走,武英智,64.5,47.8,32.1,16.3,16.7,15.7,15.8,16.3
栗東,20260711,土,7:55,イーサンハンター,,牡,5,400,宮地貴稔,65.0,48.4,31.5,15.6,16.6,16.9,15.9,15.6
栗東,20260711,土,7:55,コスモルミナ,,牡,2,未出走,宮地貴稔,62.8,46.5,30.8,15.2,16.3,15.7,15.6,15.2
栗東,20260711,土,7:55,サヨノパララックス,,牡,3,400,羽月友彦,66.8,48.3,31.6,15.5,18.5,16.7,16.1,15.5
栗東,20260711,土,7:55,ヴェルジーネ,,牝,3,400,宮地貴稔,62.4,46.5,30.4,15.2,15.9,16.1,15.2,15.2
栗東,20260711,土,7:55,ヴォメロ,,牝,3,0,宮地貴稔,64.0,47.4,31.2,15.4,16.6,16.2,15.8,15.4
栗東,20260711,土,7:56,パラチー,,牡,3,未出走,森田直行,66.4,48.8,32.3,16.1,17.6,16.5,16.2,16.1
栗東,20260711,土,7:56,フレイムスター,,牡,3,400,清水久詞,68.6,50.5,33.4,16.9,18.1,17.1,16.5,16.9
栗東,20260711,土,7:56,マウンテンバローズ,,牡,3,400,清水久詞,70.2,51.3,34.4,17.1,18.9,16.9,17.3,17.1
栗東,20260711,土,7:56,ロードトレゾール,,牡,5,900,清水久詞,71.3,52.7,34.6,17.2,18.6,18.1,17.4,17.2
栗東,20260711,土,7:57,アンティスマ,,牝,3,400,石橋守,67.6,49.3,32.5,16.3,18.3,16.8,16.2,16.3
栗東,20260711,土,7:57,タカサンフェイス,,牡,6,900,森田直行,72.4,51.6,33.3,16.3,20.8,18.3,17.0,16.3
栗東,20260711,土,7:57,メイショウトライオ,,牝,3,未出走,石橋守,69.6,52.0,34.8,17.5,17.6,17.2,17.3,17.5
栗東,20260711,土,7:58,サイレントグルーヴ,,牝,5,400,角田晃一,66.6,48.5,31.9,15.7,18.1,16.6,16.2,15.7
栗東,20260711,土,7:58,ハバタクジユウニ,,牝,3,0,角田晃一,63.4,47.2,31.1,15.6,16.2,16.1,15.5,15.6
栗東,20260711,土,7:58,レーヌペスカ,,牝,3,0,角田晃一,54.6,39.8,25.8,12.7,14.8,14.0,13.1,12.7
栗東,20260711,土,7:59,シーカーク,,牝,3,未出走,井上智史,71.7,53.5,36.0,18.2,18.2,17.5,17.8,18.2
栗東,20260711,土,8:01,ナッカーフェイス,,牡,7,1500,北出成人,65.8,47.6,31.5,15.6,18.2,16.1,15.9,15.6
栗東,20260711,土,8:11,,,,,,,68.7,50.3,32.9,16.2,18.4,17.4,16.7,16.2
栗東,20260711,土,8:11,タガノカハンカ,,牝,2,0,西園翔太,66.8,49.4,32.8,16.5,17.4,16.6,16.3,16.5
栗東,20260711,土,8:11,ノンブルドール,,牡,3,400,西園翔太,69.5,51.4,33.7,16.7,18.1,17.7,17.0,16.7
栗東,20260711,土,8:11,ポッドロゴ,,牡,5,3800,西園翔太,66.1,48.1,31.6,15.7,18.0,16.5,15.9,15.7
栗東,20260711,土,8:12,スルーザナイト,,牝,4,900,西園翔太,71.8,52.5,34.9,17.2,19.3,17.6,17.7,17.2
栗東,20260711,土,8:12,ビーウィナー,,牡,3,0,羽月友彦,72.9,52.7,34.2,16.6,20.2,18.5,17.6,16.6
栗東,20260711,土,8:12,ルーストカール,,牡,2,0,羽月友彦,67.7,49.7,32.6,16.2,18.0,17.1,16.4,16.2
栗東,20260711,土,8:17,,,,,,,67.8,48.6,32.5,16.2,19.2,16.1,16.3,16.2
栗東,20260711,土,8:17,,,,,,,68.4,49.8,33.1,16.3,18.6,16.7,16.8,16.3
栗東,20260711,土,8:17,,,,,,,71.0,51.1,33.1,16.3,19.9,18.0,16.8,16.3
栗東,20260711,土,8:17,エリカエクスプレス,,牝,4,4500,杉山晴紀,67.0,48.0,31.0,15.2,19.0,17.0,15.8,15.2
栗東,20260711,土,8:17,タイセイドゥマーニ,,牡,3,未出走,杉山晴紀,69.0,50.1,33.5,16.9,18.9,16.6,16.6,16.9
栗東,20260711,土,8:17,フウセン,,牡,3,400,杉山晴紀,68.9,49.5,32.4,16.0,19.4,17.1,16.4,16.0
栗東,20260711,土,8:17,ミュージシャン,,牡,4,1500,杉山晴紀,68.8,50.2,33.0,16.2,18.6,17.2,16.8,16.2
栗東,20260711,土,8:18,サヴォンリンナ,,牝,4,1600,田中克典,66.2,48.4,31.9,15.6,17.8,16.5,16.3,15.6
栗東,20260711,土,8:18,ザハント,,セ,4,400,田中克典,65.0,47.2,31.0,15.6,17.8,16.2,15.4,15.6
栗東,20260711,土,8:18,ジョリープリュム,,牝,2,未出走,田中克典,66.7,48.9,32.2,15.8,17.8,16.7,16.4,15.8
栗東,20260711,土,8:19,ウィテカービート,,牡,4,400,昆貢,69.3,53.2,35.2,17.0,16.1,18.0,18.2,17.0
栗東,20260711,土,8:20,マルモリキャスター,,牝,3,0,大橋勇樹,66.6,49.5,33.1,16.8,17.1,16.4,16.3,16.8
栗東,20260711,土,8:27,エシェックオロワ,,セ,3,400,千田輝彦,67.6,50.6,33.6,16.4,17.0,17.0,17.2,16.4
栗東,20260711,土,8:27,ダノンステート,,牡,3,0,千田輝彦,73.9,54.1,35.7,17.5,19.8,18.4,18.2,17.5
栗東,20260711,土,8:34,,,,,,,58.8,43.6,28.5,13.9,15.2,15.1,14.6,13.9
栗東,20260711,土,8:34,ニューイントリーグ,,牡,2,未出走,吉岡辰弥,58.8,43.6,28.5,13.9,15.2,15.1,14.6,13.9
栗東,20260711,土,8:34,ホウオウスーペリア,,牡,6,1500,吉岡辰弥,55.7,40.1,25.6,12.4,15.6,14.5,13.2,12.4
栗東,20260711,土,8:35,キタノサリスカ,,牝,3,400,羽月友彦,64.7,46.9,30.9,15.2,17.8,16.0,15.7,15.2
栗東,20260711,土,8:35,ミスヘンリー,,牝,3,400,羽月友彦,65.3,47.3,31.2,15.5,18.0,16.1,15.7,15.5
美浦,20260711,土,4:57,アイアンナックル,,牡,3,400,尾形和幸,69.4,51.5,33.9,17.0,17.9,17.6,16.9,17.0
美浦,20260711,土,4:57,オンナキュヌヴィ,,牝,3,0,蛯名正義,67.3,49.6,32.6,15.9,17.7,17.0,16.7,15.9
美浦,20260711,土,4:57,サノノキセキ,,牡,2,0,尾形和幸,67.3,49.6,32.9,16.8,17.7,16.7,16.1,16.8
美浦,20260711,土,4:57,タイヨウノユビワ,,牝,3,0,小島茂之,56.2,40.9,26.9,13.1,15.3,14.0,13.8,13.1
美浦,20260711,土,4:57,トウシンライオット,,牡,3,0,尾形和幸,69.8,51.5,33.8,16.7,18.3,17.7,17.1,16.7
美浦,20260711,土,4:57,ノリマル,,牡,3,400,尾形和幸,67.9,49.3,32.4,16.0,18.6,16.9,16.4,16.0
美浦,20260711,土,4:57,ハニーコム,,牝,5,1500,蛯名正義,67.5,50.2,33.1,16.4,17.3,17.1,16.7,16.4
美浦,20260711,土,4:57,ブルバンビーナ,,牝,4,400,尾形和幸,66.7,49.4,32.5,16.2,17.3,16.9,16.3,16.2
美浦,20260711,土,4:57,ヤスヒロゴーエン,,牝,3,未出走,小島茂之,62.8,46.7,31.3,16.1,16.1,15.4,15.2,16.1
美浦,20260711,土,4:57,ライヴバーボン,,牝,2,未出走,尾形和幸,69.3,52.0,34.4,17.6,17.3,17.6,16.8,17.6
美浦,20260711,土,4:57,リポサンテ,,牝,4,400,蛯名正義,67.8,49.7,32.4,15.9,18.1,17.3,16.5,15.9
美浦,20260711,土,4:57,リラ,,牝,3,400,蛯名正義,67.4,48.9,32.0,15.9,18.5,16.9,16.1,15.9
美浦,20260711,土,4:57,ルーラーリッチ,,セ,6,900,小島茂之,56.3,41.0,26.9,13.1,15.3,14.1,13.8,13.1
美浦,20260711,土,4:57,ロジケープ,,牡,3,1500,尾形和幸,68.3,49.9,33.0,16.0,18.4,16.9,17.0,16.0
美浦,20260711,土,4:57,ロードストラダーレ,,牡,3,400,本間忍,70.4,51.8,33.7,16.6,18.6,18.1,17.1,16.6
美浦,20260711,土,4:58,,,,,,,69.2,50.8,33.3,16.8,18.4,17.5,16.5,16.8
美浦,20260711,土,4:58,インビンシブルパパ,,牡,5,5850,伊藤大士,62.8,46.3,30.1,15.0,16.5,16.2,15.1,15.0
美浦,20260711,土,4:58,カイトヴィント,,牡,4,400,和田雄二,67.0,49.2,32.2,15.9,17.8,17.0,16.3,15.9
美浦,20260711,土,4:58,ゴッドレイ,,牝,3,0,伊藤大士,62.7,46.3,30.7,15.2,16.4,15.6,15.5,15.2
美浦,20260711,土,4:58,サスケソルトバーン,,牡,2,未出走,和田雄二,74.6,54.6,35.7,17.7,20.0,18.9,18.0,17.7
美浦,20260711,土,4:58,ジェシーテソーロ,,牡,4,900,牧光二,63.7,46.7,30.5,15.1,17.0,16.2,15.4,15.1
美浦,20260711,土,4:58,ジャガード,,牡,8,900,和田雄二,70.1,51.9,33.8,16.7,18.2,18.1,17.1,16.7
美浦,20260711,土,4:58,スクイーズアウト,,牡,3,0,黒岩陽一,66.9,48.7,31.4,15.5,18.2,17.3,15.9,15.5
美浦,20260711,土,4:58,スーパーハイウェイ,,牡,3,0,伊藤大士,61.8,46.2,30.0,14.6,15.6,16.2,15.4,14.6
美浦,20260711,土,4:58,ツキノマバタキ,,牝,3,0,牧光二,63.0,46.8,30.5,14.7,16.2,16.3,15.8,14.7
美浦,20260711,土,4:58,トルタパスカリーナ,,牝,2,未出走,黒岩陽一,65.2,47.2,30.5,14.8,18.0,16.7,15.7,14.8
美浦,20260711,土,4:58,ピコブロッサム,,牝,3,0,伊藤大士,64.5,47.6,31.9,15.3,16.9,15.7,16.6,15.3
美浦,20260711,土,4:58,ブリッツアロング,,牡,4,400,上原博之,72.8,53.0,34.4,16.7,19.8,18.6,17.7,16.7
美浦,20260711,土,4:58,マカナ,,牝,4,1500,伊藤大士,63.0,46.4,30.3,15.1,16.6,16.1,15.2,15.1
美浦,20260711,土,4:58,メイショウバリスタ,,牡,3,0,西田雄一,65.7,48.2,31.8,15.6,17.5,16.4,16.2,15.6
美浦,20260711,土,4:58,ラスターヴァース,,牝,3,0,牧光二,64.5,47.1,31.1,15.5,17.4,16.0,15.6,15.5
美浦,20260711,土,4:58,ランドジャイアンツ,,牡,2,0,本間忍,71.6,51.9,33.6,16.6,19.7,18.3,17.0,16.6
美浦,20260711,土,4:58,ワイズジュエル,,牝,2,未出走,本間忍,71.4,51.7,33.4,16.9,19.7,18.3,16.5,16.9
美浦,20260711,土,4:59,ウィロークリーク,,牡,3,400,中舘英二,67.8,50.1,33.0,16.1,17.7,17.1,16.9,16.1
美浦,20260711,土,4:59,コスモイェーガー,,牡,2,未出走,武市康男,68.3,51.0,34.2,17.5,17.3,16.8,16.7,17.5
美浦,20260711,土,4:59,コスモティタノ,,牡,2,未出走,武市康男,66.3,48.7,32.2,16.0,17.6,16.5,16.2,16.0
美浦,20260711,土,4:59,コズミックボックス,,牝,3,400,中舘英二,67.9,50.1,33.1,16.3,17.8,17.0,16.8,16.3
美浦,20260711,土,4:59,コンフィアル,,牡,2,未出走,嘉藤貴行,66.5,49.5,32.7,16.1,17.0,16.8,16.6,16.1
美浦,20260711,土,4:59,サウジバラード,,牡,3,400,加藤征弘,68.7,50.6,32.7,16.0,18.1,17.9,16.7,16.0
美浦,20260711,土,4:59,ショウナンタハティ,,牡,4,200,中舘英二,67.5,49.1,32.7,15.9,18.4,16.4,16.8,15.9
美浦,20260711,土,4:59,スワローシチー,,牡,4,400,相沢郁,70.1,51.5,33.9,17.2,18.6,17.6,16.7,17.2
美浦,20260711,土,4:59,トランサルピナ,,牡,2,未出走,中舘英二,67.7,49.3,32.8,15.5,18.4,16.5,17.3,15.5
美浦,20260711,土,4:59,バグラダス,,牡,6,2400,嘉藤貴行,65.9,49.2,33.0,16.2,16.7,16.2,16.8,16.2
美浦,20260711,土,4:59,ブレイクフォース,,牡,7,5000,中舘英二,67.6,49.4,32.7,15.4,18.2,16.7,17.3,15.4
美浦,20260711,土,4:59,ペタルズダンス,,牝,3,0,嘉藤貴行,64.0,47.6,31.6,15.6,16.4,16.0,16.0,15.6
美浦,20260711,土,4:59,ポッドロワール,,牡,4,1500,畠山吉宏,77.7,54.7,34.7,16.5,23.0,20.0,18.2,16.5
美浦,20260711,土,4:59,マスターボリューム,,牝,2,未出走,畠山吉宏,78.6,55.3,35.0,17.3,23.3,20.3,17.7,17.3
美浦,20260711,土,4:59,ローンウルフ,,牡,5,0,武市康男,68.2,50.7,33.9,16.6,17.5,16.8,17.3,16.6
美浦,20260711,土,4:59,ヴァズレーヌ,,牝,5,900,嘉藤貴行,64.0,46.9,30.6,14.7,17.1,16.3,15.9,14.7
美浦,20260711,土,5:00,,,,,,,67.3,50.1,33.0,16.5,17.2,17.1,16.5,16.5
美浦,20260711,土,5:00,イマジェリーナ,,牝,3,未出走,加藤和宏,66.8,49.8,33.0,16.5,17.0,16.8,16.5,16.5
美浦,20260711,土,5:00,ゴールドジェスター,,セ,4,0,中川公成,70.0,52.0,34.5,17.7,18.0,17.5,16.8,17.7
美浦,20260711,土,5:00,ジャストビコーズ,,牝,3,0,武井亮,64.2,47.7,31.6,15.9,16.5,16.1,15.7,15.9
美浦,20260711,土,5:00,ジーナグレイス,,牝,3,0,田中勝春,63.7,47.3,31.3,14.9,16.4,16.0,16.4,14.9
美浦,20260711,土,5:00,スマートブライド,,牝,2,未出走,加藤征弘,70.8,52.3,34.4,16.8,18.5,17.9,17.6,16.8
美浦,20260711,土,5:00,テキエロ,,牝,2,未出走,中川公成,73.2,54.4,36.4,18.7,18.8,18.0,17.7,18.7
美浦,20260711,土,5:00,ハーツコンチェルト,,牡,6,1500,武井亮,63.9,47.8,31.8,15.6,16.1,16.0,16.2,15.6
美浦,20260711,土,5:00,ブルージェイ,,牡,2,未出走,加藤征弘,66.6,48.9,32.1,16.2,17.7,16.8,15.9,16.2
美浦,20260711,土,5:00,ペルヴォルム,,牝,3,0,加藤和宏,65.3,48.6,32.4,16.2,16.7,16.2,16.2,16.2
美浦,20260711,土,5:00,ボンジュールパリ,,牡,2,未出走,加藤征弘,69.7,51.5,34.2,16.7,18.2,17.3,17.5,16.7
美浦,20260711,土,5:00,マーゴットサンズ,,牝,3,400,伊坂重信,67.3,49.7,32.6,16.0,17.6,17.1,16.6,16.0
美浦,20260711,土,5:00,ミスバレンシア,,牝,3,400,武井亮,64.8,48.0,31.8,15.9,16.8,16.2,15.9,15.9
美浦,20260711,土,5:00,モーニンムスメ,,牝,3,0,加藤和宏,65.4,48.4,32.0,15.7,17.0,16.4,16.3,15.7
美浦,20260711,土,5:00,リアアーテシアン,,牝,3,0,武井亮,54.8,40.4,26.3,12.8,14.4,14.1,13.5,12.8
美浦,20260711,土,5:00,リオハリソンメリー,,牝,3,0,加藤征弘,71.4,51.7,34.2,17.0,19.7,17.5,17.2,17.0
美浦,20260711,土,5:00,ワイドカリオン,,牡,2,未出走,武井亮,63.9,47.8,31.9,15.7,16.1,15.9,16.2,15.7
美浦,20260711,土,5:01,アルニタク,,牡,2,未出走,伊藤圭三,69.8,51.8,33.6,16.5,18.0,18.2,17.1,16.5
美浦,20260711,土,5:01,エメラルファイン,,セ,3,0,勢司和浩,72.1,53.2,35.4,17.9,18.9,17.8,17.5,17.9
美浦,20260711,土,5:01,カンフーヒーロー,,牡,3,0,的場均,73.9,52.6,33.8,16.3,21.3,18.8,17.5,16.3
美浦,20260711,土,5:01,クラウンアールシー,,牡,4,0,加藤士津,68.9,50.8,33.7,16.6,18.1,17.1,17.1,16.6
美浦,20260711,土,5:01,クリアクォーツ,,牡,4,0,的場均,73.3,53.0,34.3,16.8,20.3,18.7,17.5,16.8
美浦,20260711,土,5:01,サイモンナイスラン,,牡,3,0,勢司和浩,70.4,52.4,35.1,17.9,18.0,17.3,17.2,17.9
美浦,20260711,土,5:01,ヌビアン,,牡,3,0,清水英克,70.9,52.2,34.0,17.0,18.7,18.2,17.0,17.0
美浦,20260711,土,5:01,ノアチュロス,,牝,4,250,中舘英二,70.5,51.6,33.7,16.5,18.9,17.9,17.2,16.5
美浦,20260711,土,5:01,ビーンスターク,,セ,5,0,粕谷昌央,65.2,47.8,31.3,15.1,17.4,16.5,16.2,15.1
美浦,20260711,土,5:01,フジフォンテ,,セ,7,400,粕谷昌央,65.5,48.1,31.6,15.2,17.4,16.5,16.4,15.2
美浦,20260711,土,5:01,ブロッコロ,,牝,3,0,加藤和宏,76.5,54.6,35.2,16.5,21.9,19.4,18.7,16.5
美浦,20260711,土,5:01,プリプリプリン,,牝,3,0,伊藤圭三,70.5,51.3,33.2,16.0,19.2,18.1,17.2,16.0
美浦,20260711,土,5:01,プリンセスダーコ,,牝,3,0,清水英克,70.8,51.9,34.1,16.9,18.9,17.8,17.2,16.9
美浦,20260711,土,5:01,プリンセスロッティ,,牝,2,0,伊藤圭三,70.6,51.4,33.4,16.5,19.2,18.0,16.9,16.5
美浦,20260711,土,5:01,ヘリテージブルーム,,牡,3,900,伊藤圭三,68.1,50.0,32.9,16.0,18.1,17.1,16.9,16.0
美浦,20260711,土,5:01,モミスケ,,牡,2,未出走,水野貴広,68.3,50.7,33.9,17.2,17.6,16.8,16.7,17.2
美浦,20260711,土,5:02,,,,,,,71.5,52.1,34.8,17.1,19.4,17.3,17.7,17.1
美浦,20260711,土,5:02,アイファーアイドル,,牡,3,0,蛯名利弘,68.1,50.8,33.6,16.6,17.3,17.2,17.0,16.6
美浦,20260711,土,5:02,アデルフィー,,牡,3,0,金成貴史,64.4,47.2,31.2,15.5,17.2,16.0,15.7,15.5
美浦,20260711,土,5:02,オーケーマヒナ,,牝,4,900,相沢郁,64.7,47.8,31.5,15.9,16.9,16.3,15.6,15.9
美浦,20260711,土,5:02,カタカムナ,,牝,3,0,蛯名利弘,68.6,49.8,32.4,15.7,18.8,17.4,16.7,15.7
美浦,20260711,土,5:02,グラデュエール,,牝,3,0,粕谷昌央,66.7,48.2,31.9,16.1,18.5,16.3,15.8,16.1
美浦,20260711,土,5:02,コスモデュアリズム,,牡,2,未出走,伊藤伸一,72.2,53.1,34.7,17.1,19.1,18.4,17.6,17.1
美浦,20260711,土,5:02,ジーティージェミル,,牝,3,0,伊藤伸一,71.8,52.7,35.2,17.2,19.1,17.5,18.0,17.2
美浦,20260711,土,5:02,チャームジュネーヴ,,牝,2,未出走,蛯名利弘,70.3,51.9,34.5,17.2,18.4,17.4,17.3,17.2
美浦,20260711,土,5:02,ファナティカル,,牡,3,0,中川公成,56.4,41.7,27.1,13.4,14.7,14.6,13.7,13.4
美浦,20260711,土,5:02,フランシスガリバー,,牝,3,0,千葉直人,56.3,41.2,26.1,12.5,15.1,15.1,13.6,12.5
美浦,20260711,土,5:02,フレンデル,,牡,2,0,金成貴史,69.6,51.5,34.0,16.9,18.1,17.5,17.1,16.9
美浦,20260711,土,5:02,ブライトエアリー,,牝,3,0,相沢郁,64.4,47.2,31.0,15.6,17.2,16.2,15.4,15.6
美浦,20260711,土,5:02,ベニシア,,牝,5,900,粕谷昌央,65.5,47.4,31.5,15.5,18.1,15.9,16.0,15.5
美浦,20260711,土,5:02,ペイシャダンシング,,牝,3,未出走,粕谷昌央,65.3,47.4,31.6,15.0,17.9,15.8,16.6,15.0
美浦,20260711,土,5:02,マイネルラビリンス,,牡,2,未出走,金成貴史,64.4,47.4,31.6,16.0,17.0,15.8,15.6,16.0
美浦,20260711,土,5:02,マンダリンボレロ,,牡,6,900,伊藤伸一,72.9,53.7,34.7,17.0,19.2,19.0,17.7,17.0
美浦,20260711,土,5:02,レーヴルーバ,,牝,3,0,蛯名利弘,66.1,47.6,30.8,15.5,18.5,16.8,15.3,15.5
美浦,20260711,土,5:03,イリュストル,,牡,4,400,大竹正博,65.1,47.7,30.8,14.9,17.4,16.9,15.9,14.9
美浦,20260711,土,5:03,インヴェスター,,セ,5,310,佐藤吉勝,69.7,51.1,34.1,17.2,18.6,17.0,16.9,17.2
美浦,20260711,土,5:03,エートレイン,,牡,2,未出走,岩戸孝樹,70.6,51.2,33.3,16.3,19.4,17.9,17.0,16.3
美浦,20260711,土,5:03,オウケンハニー,,牝,3,400,岩戸孝樹,69.5,50.5,33.2,16.4,19.0,17.3,16.8,16.4
美浦,20260711,土,5:03,カシノスパーク,,牡,3,400,天間昭一,68.4,50.6,33.1,15.7,17.8,17.5,17.4,15.7
美浦,20260711,土,5:03,ケイツールピア,,牝,5,400,蛯名利弘,70.3,51.8,34.3,17.5,18.5,17.5,16.8,17.5
美浦,20260711,土,5:03,サウザンサニー,,牡,6,2400,岩戸孝樹,70.6,51.4,33.5,16.4,19.2,17.9,17.1,16.4
美浦,20260711,土,5:03,サウンズオーサム,,牝,2,未出走,千葉直人,70.8,50.4,32.6,15.7,20.4,17.8,16.9,15.7
美浦,20260711,土,5:03,シェリーシュシュ,,牝,3,0,大竹正博,65.6,47.8,30.6,15.0,17.8,17.2,15.6,15.0
美浦,20260711,土,5:03,シュラフ,,牝,4,1800,佐藤吉勝,69.4,51.8,34.3,17.2,17.6,17.5,17.1,17.2
美浦,20260711,土,5:03,スティルシャイニン,,牡,4,0,天間昭一,69.6,50.9,33.2,16.2,18.7,17.7,17.0,16.2
美浦,20260711,土,5:03,タイキラフター,,牡,6,1500,大竹正博,64.5,47.4,30.1,15.1,17.1,17.3,15.0,15.1
美浦,20260711,土,5:03,ニシノキフジン,,牝,2,未出走,萱野浩二,68.9,49.7,32.6,16.2,19.2,17.1,16.4,16.2
美浦,20260711,土,5:03,ノベンバーベイズ,,牝,3,0,岩戸孝樹,69.7,50.3,32.9,16.4,19.4,17.4,16.5,16.4
美浦,20260711,土,5:03,ファインブライト,,牡,3,0,佐藤吉勝,72.1,53.4,35.3,17.8,18.7,18.1,17.5,17.8
美浦,20260711,土,5:03,ホープエトワール,,牡,4,700,天間昭一,73.4,54.2,36.1,18.0,19.2,18.1,18.1,18.0
美浦,20260711,土,5:03,マルガリート,,牝,2,0,佐藤吉勝,68.7,51.1,34.0,16.9,17.6,17.1,17.1,16.9
美浦,20260711,土,5:03,レオスキーム,,牡,3,0,萱野浩二,68.1,50.2,33.1,16.2,17.9,17.1,16.9,16.2
美浦,20260711,土,5:04,,,,,,,66.0,48.2,31.4,15.9,17.8,16.8,15.5,15.9
美浦,20260711,土,5:04,,,,,,,67.6,49.4,32.3,15.7,18.2,17.1,16.6,15.7
美浦,20260711,土,5:04,アトミックリーチ,,牡,2,未出走,宮田敬介,66.3,48.3,31.7,15.5,18.0,16.6,16.2,15.5
美浦,20260711,土,5:04,アルスラーン,,牡,2,未出走,佐藤吉勝,69.2,50.7,33.0,16.6,18.5,17.7,16.4,16.6
美浦,20260711,土,5:04,アロンズロッド,,牡,4,900,宮田敬介,63.8,45.8,29.3,14.1,18.0,16.5,15.2,14.1
美浦,20260711,土,5:04,カセノソレイユ,,牡,3,0,鈴木伸尋,65.6,48.3,32.0,15.9,17.3,16.3,16.1,15.9
美浦,20260711,土,5:04,カムバックトゥミー,,牝,3,0,佐藤吉勝,69.9,50.9,33.5,16.9,19.0,17.4,16.6,16.9
美浦,20260711,土,5:04,コウジハラ,,牝,3,400,西田雄一,65.7,48.3,31.2,15.2,17.4,17.1,16.0,15.2
美浦,20260711,土,5:04,サリーアン,,牡,3,0,鈴木伸尋,65.4,48.2,31.4,15.6,17.2,16.8,15.8,15.6
美浦,20260711,土,5:04,ショウナンマリーナ,,牝,4,400,森一誠,63.7,46.8,30.3,14.6,16.9,16.5,15.7,14.6
美浦,20260711,土,5:04,セリーヌバローズ,,牝,2,未出走,森一誠,69.7,51.2,34.2,17.0,18.5,17.0,17.2,17.0
美浦,20260711,土,5:04,テンハートビート,,牝,3,400,西田雄一,65.6,48.4,31.5,15.0,17.2,16.9,16.5,15.0
美浦,20260711,土,5:04,ディアアズール,,牝,3,400,森一誠,64.9,47.9,31.0,15.0,17.0,16.9,16.0,15.0
美浦,20260711,土,5:04,デフィレドール,,牝,2,未出走,宮田敬介,66.3,48.2,30.8,15.5,18.1,17.4,15.3,15.5
美浦,20260711,土,5:04,プロミスライン,,牝,3,0,森一誠,64.8,47.4,31.0,15.2,17.4,16.4,15.8,15.2
美浦,20260711,土,5:04,ミクロスギガース,,牝,3,0,西田雄一,65.3,47.8,30.7,14.8,17.5,17.1,15.9,14.8
美浦,20260711,土,5:04,ラフエルガ,,牝,2,未出走,鈴木伸尋,65.2,47.9,31.8,15.8,17.3,16.1,16.0,15.8
美浦,20260711,土,5:04,ルシェロアズーリ,,牝,4,400,鈴木伸尋,68.2,49.6,32.3,16.3,18.6,17.3,16.0,16.3
美浦,20260711,土,5:05,オーパパ,,牡,3,0,斎藤誠,70.1,51.2,33.3,16.5,18.9,17.9,16.8,16.5
美浦,20260711,土,5:05,サトノフェンサー,,牡,3,400,高柳瑞樹,68.4,50.1,32.6,15.6,18.3,17.5,17.0,15.6
美浦,20260711,土,5:05,サルサロッサ,,牝,7,400,高柳瑞樹,68.2,50.6,32.5,15.9,17.6,18.1,16.6,15.9
美浦,20260711,土,5:05,ジーネキング,,牡,3,1000,斎藤誠,70.3,51.4,33.5,16.7,18.9,17.9,16.8,16.7
美浦,20260711,土,5:05,ピウモッソ,,牝,2,未出走,斎藤誠,67.5,50.0,33.0,16.3,17.5,17.0,16.7,16.3
美浦,20260711,土,5:05,フリーマントル,,牡,5,900,斎藤誠,67.0,49.5,32.3,16.2,17.5,17.2,16.1,16.2
美浦,20260711,土,5:05,ブルータス,,牡,4,1500,高柳瑞樹,66.1,48.3,31.4,15.7,17.8,16.9,15.7,15.7
美浦,20260711,土,5:05,モジャーリオ,,牡,4,1500,斎藤誠,69.6,50.8,33.3,16.3,18.8,17.5,17.0,16.3
美浦,20260711,土,5:05,リアライズグロリア,,牡,2,0,斎藤誠,66.9,49.3,32.3,16.2,17.6,17.0,16.1,16.2
美浦,20260711,土,5:05,ルシアージュ,,牝,3,0,高柳瑞樹,70.3,49.6,32.3,15.8,20.7,17.3,16.5,15.8
美浦,20260711,土,5:05,レインボーラッキー,,牝,4,400,斎藤誠,66.8,49.5,32.2,16.2,17.3,17.3,16.0,16.2
美浦,20260711,土,5:06,アトラクティーボ,,牡,7,900,武藤善則,68.6,50.0,32.0,15.6,18.6,18.0,16.4,15.6
美浦,20260711,土,5:06,カフェブーケット,,牡,4,400,柄崎将寿,65.5,48.2,31.2,15.3,17.3,17.0,15.9,15.3
美浦,20260711,土,5:06,コイヌール,,セ,5,400,柄崎将寿,67.9,49.7,32.5,16.0,18.2,17.2,16.5,16.0
美浦,20260711,土,5:06,コスモゼーリエ,,牝,3,0,武藤善則,68.8,49.7,32.3,15.9,19.1,17.4,16.4,15.9
美浦,20260711,土,5:06,ジーティーヒラリ,,牝,3,0,加藤和宏,70.2,52.9,35.9,19.5,17.3,17.0,16.4,19.5
美浦,20260711,土,5:06,ダイユウサルターレ,,牡,3,0,松永康利,70.3,50.5,32.8,16.8,19.8,17.7,16.0,16.8
美浦,20260711,土,5:06,ダイユウファリーナ,,牡,5,280,松永康利,66.6,49.6,33.1,16.8,17.0,16.5,16.3,16.8
美浦,20260711,土,5:06,ティンバーライン,,セ,3,0,鈴木慎太,68.3,50.0,32.6,16.1,18.3,17.4,16.5,16.1
美浦,20260711,土,5:06,ノアスペシャル,,牝,5,400,鈴木慎太,70.7,51.6,33.5,16.3,19.1,18.1,17.2,16.3
美浦,20260711,土,5:06,ファイアリービート,,牡,3,0,鈴木慎太,69.4,51.0,33.7,16.7,18.4,17.3,17.0,16.7
美浦,20260711,土,5:06,フラムリンガム,,セ,5,1500,柄崎将寿,78.5,58.1,38.3,19.6,20.4,19.8,18.7,19.6
美浦,20260711,土,5:07,,,,,,,67.9,50.5,33.2,16.8,17.4,17.3,16.4,16.8
美浦,20260711,土,5:07,アラレタバシル,,牡,5,1500,松尾卓哉,64.9,47.2,30.8,15.1,17.7,16.4,15.7,15.1
美浦,20260711,土,5:07,ウィッシュリスト,,牝,3,0,松尾卓哉,67.1,48.7,31.7,15.6,18.4,17.0,16.1,15.6
美浦,20260711,土,5:07,エッジランナー,,牡,3,0,戸田博文,72.7,52.7,34.0,16.5,20.0,18.7,17.5,16.5
美浦,20260711,土,5:07,ダノンオンザビート,,牡,3,0,堀宣行,65.5,49.2,32.1,15.9,16.3,17.1,16.2,15.9
美浦,20260711,土,5:07,ダノンタッチダウン,,セ,6,2550,堀宣行,67.9,50.0,32.9,16.3,17.9,17.1,16.6,16.3
美浦,20260711,土,5:07,フォンドルレール,,牡,3,0,戸田博文,73.8,53.5,35.1,17.4,20.3,18.4,17.7,17.4
美浦,20260711,土,5:07,ベルイストワール,,牝,5,900,松尾卓哉,65.1,47.3,31.0,15.2,17.8,16.3,15.8,15.2
美浦,20260711,土,5:07,ベルヴィヴァン,,牝,4,0,西村真幸,73.9,54.4,35.5,17.6,19.5,18.9,17.9,17.6
美浦,20260711,土,5:07,ペプチドドリーム,,牡,3,0,松尾卓哉,65.2,48.1,31.4,15.2,17.1,16.7,16.2,15.2
美浦,20260711,土,5:07,マッドヘッドラブ,,牝,3,0,戸田博文,69.1,49.4,31.7,14.9,19.7,17.7,16.8,14.9
美浦,20260711,土,5:07,メイリー,,牝,4,400,鈴木慎太,73.8,53.0,33.9,16.3,20.8,19.1,17.6,16.3
美浦,20260711,土,5:07,ラミアメンテ,,牝,4,400,堀宣行,67.7,50.7,33.4,17.0,17.0,17.3,16.4,17.0
美浦,20260711,土,5:08,キングプロフィット,,牡,5,120,天間昭一,73.1,52.8,34.8,17.5,20.3,18.0,17.3,17.5
美浦,20260711,土,5:08,コスモバルムンク,,牡,2,0,小手川準,69.3,51.1,34.2,17.5,18.2,16.9,16.7,17.5
美浦,20260711,土,5:08,セイウンデセオ,,牝,5,900,小手川準,72.8,53.7,35.0,17.4,19.1,18.7,17.6,17.4
美浦,20260711,土,5:08,ティラーノ,,牡,3,400,小手川準,67.7,49.8,32.5,16.2,17.9,17.3,16.3,16.2
美浦,20260711,土,5:08,デルマハッコウダ,,牡,2,未出走,天間昭一,71.2,52.2,34.2,17.2,19.0,18.0,17.0,17.2
美浦,20260711,土,5:08,ナイトスラッガー,,牡,5,900,小手川準,65.6,47.9,30.8,14.8,17.7,17.1,16.0,14.8
美浦,20260711,土,5:09,キャネル,,牡,5,900,手塚貴久,65.9,48.5,31.9,15.5,17.4,16.6,16.4,15.5
美浦,20260711,土,5:09,チャリティチャリス,,牡,3,0,浅利英明,71.5,52.0,33.8,16.4,19.5,18.2,17.4,16.4
美浦,20260711,土,5:09,ディヴァインスカイ,,牡,3,400,田島俊明,68.9,50.2,32.9,16.5,18.7,17.3,16.4,16.5
美浦,20260711,土,5:09,ビップヴィーナス,,牝,2,0,田島俊明,69.0,50.4,33.9,16.7,18.6,16.5,17.2,16.7
美浦,20260711,土,5:09,レッドベルダンス,,牡,4,900,手塚貴久,69.9,51.7,33.7,17.2,18.2,18.0,16.5,17.2
美浦,20260711,土,5:10,,,,,,,67.0,49.4,32.8,16.0,17.6,16.6,16.8,16.0
美浦,20260711,土,5:10,アウアリイ,,牡,2,未出走,奥村武,68.0,49.8,33.5,17.1,18.2,16.3,16.4,17.1
美浦,20260711,土,5:10,アレックスケー,,牡,2,未出走,小野次郎,70.4,51.9,34.7,17.3,18.5,17.2,17.4,17.3
美浦,20260711,土,5:10,エンジェルサン,,牡,3,0,矢嶋大樹,69.5,51.2,33.8,16.8,18.3,17.4,17.0,16.8
美浦,20260711,土,5:10,シャインネージュ,,牝,3,0,小野次郎,68.7,49.4,31.7,16.0,19.3,17.7,15.7,16.0
美浦,20260711,土,5:10,テリオスレイ,,牝,3,0,田島俊明,68.8,50.2,33.1,16.3,18.6,17.1,16.8,16.3
美浦,20260711,土,5:10,トウシンマジック,,牡,2,未出走,秋本大介,72.1,51.7,34.1,16.9,20.4,17.6,17.2,16.9
美浦,20260711,土,5:10,ドナビッグベン,,牝,2,0,秋本大介,67.5,49.3,32.7,16.8,18.2,16.6,15.9,16.8
美浦,20260711,土,5:10,ニシノリリックス,,牝,2,未出走,小野次郎,69.2,50.7,33.1,16.7,18.5,17.6,16.4,16.7
美浦,20260711,土,5:10,ピコシー,,牡,4,900,奥村武,69.3,51.4,33.7,16.8,17.9,17.7,16.9,16.8
美浦,20260711,土,5:10,ラヴトリガー,,牝,2,未出走,田島俊明,68.8,50.5,33.3,16.4,18.3,17.2,16.9,16.4
美浦,20260711,土,5:10,リポジノ,,牝,4,260,秋本大介,64.8,47.3,30.7,14.9,17.5,16.6,15.8,14.9
美浦,20260711,土,5:10,レイナデルアイレ,,牝,3,0,矢嶋大樹,72.3,53.1,35.0,17.8,19.2,18.1,17.2,17.8
美浦,20260711,土,5:10,レディレックス,,牝,2,0,秋本大介,70.3,49.9,33.1,16.6,20.4,16.8,16.5,16.6
美浦,20260711,土,5:11,ジェットブレード,,牡,4,900,青木孝文,65.7,49.1,32.0,16.1,16.6,17.1,15.9,16.1
美浦,20260711,土,5:11,スルーザゴールド,,牡,3,未出走,青木孝文,65.1,47.8,31.7,15.7,17.3,16.1,16.0,15.7
美浦,20260711,土,5:11,タイセイフェリーク,,牝,6,1500,青木孝文,66.7,48.5,31.5,15.6,18.2,17.0,15.9,15.6
美浦,20260711,土,5:11,ベイビーキッス,,牝,4,1500,青木孝文,62.8,46.1,30.3,15.0,16.7,15.8,15.3,15.0
美浦,20260711,土,5:11,ヨドノティアラ,,牝,3,400,矢嶋大樹,73.3,53.7,35.2,17.4,19.6,18.5,17.8,17.4
美浦,20260711,土,5:11,ヴィスクレス,,牡,3,0,矢嶋大樹,68.2,50.3,32.7,16.1,17.9,17.6,16.6,16.1
美浦,20260711,土,5:11,ヴィンチェローズ,,牡,2,未出走,青木孝文,65.5,48.4,31.8,16.1,17.1,16.6,15.7,16.1
美浦,20260711,土,5:12,イバラヒメ,,牝,3,0,新開幸一,70.7,51.4,33.2,16.1,19.3,18.2,17.1,16.1
美浦,20260711,土,5:12,エテオクロス,,牡,4,110,新開幸一,70.2,52.5,34.3,16.6,17.7,18.2,17.7,16.6
美浦,20260711,土,5:12,セントリアン,,牝,3,0,萱野浩二,71.5,52.7,34.6,17.0,18.8,18.1,17.6,17.0
美浦,20260711,土,5:12,ネクストドア,,牡,3,0,高橋文雅,68.1,50.6,33.4,16.6,17.5,17.2,16.8,16.6
美浦,20260711,土,5:12,ミサダメキメル,,牡,3,0,高橋文雅,68.8,50.9,33.8,16.9,17.9,17.1,16.9,16.9
美浦,20260711,土,5:12,ヤマニンガラッシア,,牡,9,560,辻哲英,131.0,95.7,61.7,30.4,35.3,34.0,31.3,30.4
美浦,20260711,土,5:12,ロジキセキ,,牡,3,0,新開幸一,69.6,51.1,34.3,16.4,18.5,16.8,17.9,16.4
美浦,20260711,土,5:13,,,,,,,65.7,49.0,32.1,15.9,16.7,16.9,16.2,15.9
美浦,20260711,土,5:13,,,,,,,66.2,49.0,32.3,16.1,17.2,16.7,16.2,16.1
美浦,20260711,土,5:13,,,,,,,67.1,49.9,32.7,16.4,17.2,17.2,16.3,16.4
美浦,20260711,土,5:13,アイムスティルミー,,セ,3,0,奥平雅士,60.8,45.0,29.8,15.0,15.8,15.2,14.8,15.0
美浦,20260711,土,5:13,エコロレジーナ,,牝,6,3600,菊沢隆徳,66.2,48.7,31.4,15.3,17.5,17.3,16.1,15.3
美浦,20260711,土,5:13,エタンセル,,牡,3,400,高木登,70.6,52.4,34.7,17.9,18.2,17.7,16.8,17.9
美浦,20260711,土,5:13,カミノテイオー,,牡,3,0,奥平雅士,70.0,51.4,34.0,16.5,18.6,17.4,17.5,16.5
美浦,20260711,土,5:13,コイオステソーロ,,牡,3,400,高木登,70.4,52.2,34.5,17.7,18.2,17.7,16.8,17.7
美浦,20260711,土,5:13,コッレヴェッキオ,,セ,5,400,高橋文雅,74.5,51.8,32.6,15.8,22.7,19.2,16.8,15.8
美浦,20260711,土,5:13,コンフィグシス,,牝,3,0,小笠倫弘,58.3,42.8,28.4,13.9,15.5,14.4,14.5,13.9
美浦,20260711,土,5:13,ジーティーブラック,,牡,3,400,菊沢隆徳,67.2,49.2,32.0,15.5,18.0,17.2,16.5,15.5
美浦,20260711,土,5:13,スワローシチー,,牡,4,400,相沢郁,65.1,47.1,30.3,14.3,18.0,16.8,16.0,14.3
美浦,20260711,土,5:13,ダノンゴーイチ,,牡,6,400,菊沢隆徳,66.0,48.5,31.6,15.4,17.5,16.9,16.2,15.4
美浦,20260711,土,5:13,ドンエレクトス,,牡,3,1900,高木登,69.9,51.9,33.7,16.8,18.0,18.2,16.9,16.8
美浦,20260711,土,5:13,ブルーアンビエンス,,牡,3,0,菊沢隆徳,67.5,49.5,32.4,15.5,18.0,17.1,16.9,15.5
美浦,20260711,土,5:13,ベルウッドクレド,,牡,3,400,辻哲英,135.4,97.5,62.3,29.4,37.9,35.2,32.9,29.4
美浦,20260711,土,5:13,マイネルモーント,,牡,6,3250,高木登,70.9,52.7,34.8,17.3,18.2,17.9,17.5,17.3
美浦,20260711,土,5:13,ヨシヒロ,,牡,4,700,松永康利,65.5,48.5,32.0,15.7,17.0,16.5,16.3,15.7
美浦,20260711,土,5:13,ヴァルツァーシャル,,牡,7,6300,高木登,70.5,52.1,34.5,17.6,18.4,17.6,16.9,17.6
美浦,20260711,土,5:14,オカメノコイ,,牝,4,900,小笠倫弘,71.3,51.6,33.8,16.9,19.7,17.8,16.9,16.9
美浦,20260711,土,5:14,スカイリッチ,,牡,3,0,小笠倫弘,63.5,46.6,30.3,14.7,16.9,16.3,15.6,14.7
美浦,20260711,土,5:14,ハーツコンチェルト,,牡,6,1500,武井亮,60.8,45.3,30.0,14.9,15.5,15.3,15.1,14.9
美浦,20260711,土,5:14,フィーチャリング,,セ,4,900,和田正一,66.9,49.6,32.8,16.5,17.3,16.8,16.3,16.5
美浦,20260711,土,5:14,メリーサウンド,,牝,4,400,小笠倫弘,70.0,50.3,33.4,16.8,19.7,16.9,16.6,16.8
美浦,20260711,土,5:15,アイデアルカット,,牡,2,0,手塚貴徳,67.0,48.7,32.0,16.1,18.3,16.7,15.9,16.1
美浦,20260711,土,5:15,アテナブレイブ,,牝,2,0,手塚貴徳,64.2,46.9,31.0,15.4,17.3,15.9,15.6,15.4
美浦,20260711,土,5:15,イデアクリスタル,,牝,3,0,手塚貴徳,64.9,47.8,31.7,15.4,17.1,16.1,16.3,15.4
美浦,20260711,土,5:15,サヴマ,,牡,3,0,辻哲英,70.4,50.9,33.1,16.4,19.5,17.8,16.7,16.4
美浦,20260711,土,5:15,テンクウジョー,,牡,5,900,手塚貴徳,67.9,49.2,32.2,16.2,18.7,17.0,16.0,16.2
美浦,20260711,土,5:15,トーアモルペウス,,セ,6,0,辻哲英,65.3,47.1,30.9,15.5,18.2,16.2,15.4,15.5
美浦,20260711,土,5:15,プレママドンナ,,牝,2,未出走,手塚貴徳,65.9,48.4,31.6,16.0,17.5,16.8,15.6,16.0
美浦,20260711,土,5:15,ランランリンリン,,牝,3,0,辻哲英,64.3,46.5,29.9,14.9,17.8,16.6,15.0,14.9
美浦,20260711,土,5:16,グラニット,,牡,6,1600,大和田成,68.6,50.2,32.8,16.0,18.4,17.4,16.8,16.0
美浦,20260711,土,5:16,デルマエアロール,,牝,4,400,大和田成,66.9,48.2,31.8,15.9,18.7,16.4,15.9,15.9
美浦,20260711,土,5:16,ヌビアン,,牡,3,0,清水英克,69.8,51.2,33.6,16.7,18.6,17.6,16.9,16.7
美浦,20260711,土,5:16,ノアチュロス,,牝,4,250,中舘英二,70.4,51.7,34.0,17.0,18.7,17.7,17.0,17.0
美浦,20260711,土,5:16,プラチナムディスク,,牝,3,0,小笠倫弘,68.0,50.2,32.9,16.3,17.8,17.3,16.6,16.3
美浦,20260711,土,5:16,プリンセスダーコ,,牝,3,0,清水英克,69.1,50.7,33.3,16.3,18.4,17.4,17.0,16.3
美浦,20260711,土,5:17,レッドテリオス,,牡,5,2400,古賀慎明,67.8,49.8,32.7,16.2,18.0,17.1,16.5,16.2
美浦,20260711,土,5:18,キングクレオール,,牡,5,400,和田雄二,63.6,47.0,31.0,15.7,16.6,16.0,15.3,15.7
美浦,20260711,土,5:18,ジュリ,,牝,3,0,萱野浩二,67.0,48.9,32.5,16.5,18.1,16.4,16.0,16.5
美浦,20260711,土,5:19,エースオブゴールド,,牡,3,0,堀内岳志,71.1,51.1,31.8,15.3,20.0,19.3,16.5,15.3
美浦,20260711,土,5:19,ココボロ,,牝,5,120,松山将樹,69.1,51.3,33.9,16.5,17.8,17.4,17.4,16.5
美浦,20260711,土,5:19,ゴールデンオスカー,,牡,5,1600,堀内岳志,71.0,51.0,31.6,15.3,20.0,19.4,16.3,15.3
美浦,20260711,土,5:19,ジュングロワール,,牡,3,未出走,堀内岳志,69.3,50.3,31.7,15.6,19.0,18.6,16.1,15.6
美浦,20260711,土,5:19,ニコ,,牝,4,80,大和田成,75.6,51.7,33.1,16.6,23.9,18.6,16.5,16.6
美浦,20260711,土,5:19,ハクサンミレイ,,牝,3,0,松山将樹,70.2,51.2,33.4,16.4,19.0,17.8,17.0,16.4
美浦,20260711,土,5:19,ミリオンクラウン,,牡,3,120,和田雄二,69.2,51.4,33.9,16.9,17.8,17.5,17.0,16.9
美浦,20260711,土,5:20,セントゴーデンス,,セ,3,400,黒岩陽一,65.6,48.4,31.0,15.4,17.2,17.4,15.6,15.4
美浦,20260711,土,5:20,ルクスマーベリック,,セ,5,400,大和田成,137.4,105.3,66.2,32.8,32.1,39.1,33.4,32.8
美浦,20260711,土,5:21,ティンバーライン,,セ,3,0,鈴木慎太,67.7,50.1,32.9,16.4,17.6,17.2,16.5,16.4
美浦,20260711,土,5:21,ナムラダックス,,牡,2,未出走,石栗龍彦,88.0,64.1,41.5,20.8,23.9,22.6,20.7,20.8
美浦,20260711,土,5:21,ファイアリービート,,牡,3,0,鈴木慎太,64.5,47.8,31.2,15.6,16.7,16.6,15.6,15.6
美浦,20260711,土,5:22,オブラプリーマ,,牝,3,400,上原佑紀,61.1,45.2,29.3,14.6,15.9,15.9,14.7,14.6
美浦,20260711,土,5:22,スターツトゥデイ,,牡,3,400,大竹正博,68.9,50.6,33.7,17.1,18.3,16.9,16.6,17.1
美浦,20260711,土,5:22,スノーランス,,牝,3,0,上原佑紀,62.8,46.8,30.8,14.9,16.0,16.0,15.9,14.9
美浦,20260711,土,5:22,セイウンイーリス,,牝,2,未出走,深山雅史,69.7,51.1,33.0,16.9,18.6,18.1,16.1,16.9
美浦,20260711,土,5:22,ノアスペシャル,,牝,5,400,鈴木慎太,71.4,52.2,34.0,16.6,19.2,18.2,17.4,16.6
美浦,20260711,土,5:22,フジサン,,牝,3,0,大竹正博,67.2,49.2,32.3,16.2,18.0,16.9,16.1,16.2
美浦,20260711,土,5:22,マイホームパパ,,牡,2,未出走,深山雅史,69.9,50.8,33.5,16.9,19.1,17.3,16.6,16.9
美浦,20260711,土,5:22,マジンタクシー,,牝,3,400,深山雅史,69.0,50.1,32.8,16.6,18.9,17.3,16.2,16.6
美浦,20260711,土,5:22,メイリー,,牝,4,400,鈴木慎太,65.6,47.8,30.8,14.9,17.8,17.0,15.9,14.9
美浦,20260711,土,5:22,ユイノキャッツアイ,,牡,2,0,深山雅史,68.2,49.7,33.2,16.6,18.5,16.5,16.6,16.6
美浦,20260711,土,5:22,ルナーファントム,,牡,3,0,上原佑紀,63.4,47.0,30.7,15.1,16.4,16.3,15.6,15.1
美浦,20260711,土,5:23,イサチルクイーン,,牝,3,0,竹内正洋,64.0,46.5,30.4,15.0,17.5,16.1,15.4,15.0
美浦,20260711,土,5:23,コウユーキミガイテ,,牝,2,未出走,竹内正洋,65.9,48.0,31.1,14.9,17.9,16.9,16.2,14.9
美浦,20260711,土,5:23,サツキジュエル,,牝,3,0,石栗龍彦,66.9,48.6,31.7,15.7,18.3,16.9,16.0,15.7
美浦,20260711,土,5:23,サツキレジーナ,,牝,4,400,石栗龍彦,65.8,48.5,32.0,15.7,17.3,16.5,16.3,15.7
美浦,20260711,土,5:23,ハリコミチュウ,,牝,3,未出走,竹内正洋,66.7,48.8,32.6,16.4,17.9,16.2,16.2,16.4
美浦,20260711,土,5:23,ファウナード,,牡,2,0,上原佑紀,65.5,48.2,30.7,14.6,17.3,17.5,16.1,14.6
美浦,20260711,土,5:23,ミエノストロング,,牡,3,400,上原佑紀,65.1,47.8,31.0,15.2,17.3,16.8,15.8,15.2
美浦,20260711,土,5:23,ユイチャンファイト,,牝,2,未出走,竹内正洋,66.7,48.5,31.3,15.9,18.2,17.2,15.4,15.9
美浦,20260711,土,5:23,ライジンマル,,セ,5,900,竹内正洋,68.0,51.1,34.7,17.5,16.9,16.4,17.2,17.5
美浦,20260711,土,5:24,,,,,,,66.9,48.5,31.7,15.5,18.4,16.8,16.2,15.5
美浦,20260711,土,5:24,キタノローズ,,牝,3,0,室井潔,68.0,49.2,32.0,15.7,18.8,17.2,16.3,15.7
美浦,20260711,土,5:24,キャルキュラス,,牝,3,0,大竹正博,55.9,40.8,27.0,13.1,15.1,13.8,13.9,13.1
美浦,20260711,土,5:24,ジェネラスキング,,牡,3,400,久保田貴,66.3,49.3,32.8,16.8,17.0,16.5,16.0,16.8
美浦,20260711,土,5:24,ダイユウファリーナ,,牡,5,280,松永康利,64.5,47.3,31.0,16.2,17.2,16.3,14.8,16.2
美浦,20260711,土,5:24,ユリア,,牝,2,0,久保田貴,65.9,49.2,32.8,16.5,16.7,16.4,16.3,16.5
美浦,20260711,土,5:24,レレリオーナ,,牝,3,0,室井潔,78.8,56.5,36.3,17.9,22.3,20.2,18.4,17.9
美浦,20260711,土,5:25,グランオギュール,,牡,2,未出走,林徹,71.2,53.0,35.2,17.0,18.2,17.8,18.2,17.0
美浦,20260711,土,5:25,バトルボーン,,牡,7,3800,林徹,87.0,65.0,42.6,20.9,22.0,22.4,21.7,20.9
美浦,20260711,土,5:25,ラスカンブレス,,セ,5,2400,林徹,78.0,57.0,37.3,18.3,21.0,19.7,19.0,18.3
美浦,20260711,土,5:27,アロハオエ,,牝,3,0,中川公成,66.0,48.8,32.7,16.6,17.2,16.1,16.1,16.6
美浦,20260711,土,5:27,ソレルビュレット,,牡,5,1500,松尾卓哉,65.9,48.1,31.6,15.6,17.8,16.5,16.0,15.6
美浦,20260711,土,5:27,メテオレムナント,,牡,3,0,中川公成,66.1,49.3,33.0,16.5,16.8,16.3,16.5,16.5
美浦,20260711,土,5:28,,,,,,,67.7,50.6,33.7,16.7,17.1,16.9,17.0,16.7
美浦,20260711,土,5:28,カシノユメミヅキ,,牡,3,0,和田雄二,69.9,52.1,34.7,17.4,17.8,17.4,17.3,17.4
美浦,20260711,土,5:28,チームユートピア,,牝,3,400,中舘英二,67.2,50.8,34.1,17.2,16.4,16.7,16.9,17.2
美浦,20260711,土,5:28,ティアラスピリット,,牝,2,0,上原博之,65.9,48.2,31.7,15.7,17.7,16.5,16.0,15.7
美浦,20260711,土,5:28,リケアチャチャチャ,,牝,2,0,上原博之,68.1,50.2,33.3,16.4,17.9,16.9,16.9,16.4
美浦,20260711,土,5:29,アヴァランチ,,牡,3,400,加藤士津,63.2,47.8,31.8,15.5,15.4,16.0,16.3,15.5
美浦,20260711,土,5:29,クリスマスパレード,,牝,5,3500,加藤士津,62.3,45.4,29.7,15.1,16.9,15.7,14.6,15.1
美浦,20260711,土,5:29,コパノフラメンコ,,牝,2,未出走,上原博之,69.9,51.6,34.8,17.4,18.3,16.8,17.4,17.4
美浦,20260711,土,5:29,シュンポシオン,,牡,3,0,矢野英一,68.5,50.8,34.2,17.3,17.7,16.6,16.9,17.3
美浦,20260711,土,5:29,デザートイーグル,,牡,3,0,加藤士津,68.6,52.2,35.9,19.2,16.4,16.3,16.7,19.2
美浦,20260711,土,5:29,リュクスパトロール,,牝,3,400,加藤士津,64.3,48.6,32.4,16.2,15.7,16.2,16.2,16.2
美浦,20260711,土,5:30,ベリーベリーベリー,,牝,6,400,鈴木伸尋,69.5,50.0,32.0,16.2,19.5,18.0,15.8,16.2
美浦,20260711,土,5:31,サリードゥ,,牝,2,0,鈴木伸尋,69.0,50.5,32.4,16.2,18.5,18.1,16.2,16.2
美浦,20260711,土,5:32,,,,,,,68.2,50.1,33.2,16.8,18.1,16.9,16.4,16.8
美浦,20260711,土,5:32,プリティディーヴァ,,牝,4,1000,田中博康,63.0,46.1,30.0,15.0,16.9,16.1,15.0,15.0
美浦,20260711,土,5:33,コートアリシアン,,牝,4,1600,伊藤大士,62.6,46.6,31.2,15.6,16.0,15.4,15.6,15.6
美浦,20260711,土,5:33,シュネーバレン,,牝,2,0,牧光二,64.6,47.6,31.4,15.6,17.0,16.2,15.8,15.6
美浦,20260711,土,5:33,セリエンクーニゲン,,牝,3,0,田中博康,67.3,48.7,31.0,15.2,18.6,17.7,15.8,15.2
美浦,20260711,土,5:33,ダイナマイトメロン,,牝,3,0,伊藤大士,64.5,47.7,31.2,15.0,16.8,16.5,16.2,15.0
美浦,20260711,土,5:33,マナマカナ,,牝,5,460,天間昭一,68.0,49.2,31.9,15.8,18.8,17.3,16.1,15.8
美浦,20260711,土,5:34,ディエスルージュ,,牝,3,0,秋本大介,66.3,48.9,32.3,16.1,17.4,16.6,16.2,16.1
美浦,20260711,土,5:34,リーデレクオーレ,,牝,3,0,秋本大介,71.2,51.4,33.0,16.1,19.8,18.4,16.9,16.1
美浦,20260711,土,5:35,セプタードアイル,,牝,2,未出走,矢嶋大樹,74.8,53.6,34.6,17.0,21.2,19.0,17.6,17.0
美浦,20260711,土,5:37,イカルステソーロ,,牡,2,未出走,武市康男,76.5,57.8,38.6,19.7,18.7,19.2,18.9,19.7
美浦,20260711,土,5:37,オレイア,,牝,4,450,加藤和宏,77.0,56.8,37.6,18.8,20.2,19.2,18.8,18.8
美浦,20260711,土,5:37,クロニクル,,セ,7,1500,平岩大典,67.0,49.1,32.2,16.0,17.9,16.9,16.2,16.0
美浦,20260711,土,5:37,ニシノアトール,,牡,2,未出走,武市康男,76.5,57.7,38.7,19.8,18.8,19.0,18.9,19.8
美浦,20260711,土,5:37,ユキマル,,牡,6,2190,尾形和幸,66.5,49.1,32.3,16.0,17.4,16.8,16.3,16.0
美浦,20260711,土,5:38,シークレットイスラ,,牡,5,400,平岩大典,68.5,50.8,33.2,16.6,17.7,17.6,16.6,16.6
美浦,20260711,土,5:38,スピンザブラッド,,牡,5,630,平岩大典,71.6,52.1,34.3,16.9,19.5,17.8,17.4,16.9
美浦,20260711,土,5:38,テンユメノオーロラ,,牝,2,未出走,平岩大典,70.7,51.9,34.0,17.0,18.8,17.9,17.0,17.0
美浦,20260711,土,5:38,ハンナパール,,牝,3,0,小野次郎,68.8,50.6,33.1,16.3,18.2,17.5,16.8,16.3
美浦,20260711,土,5:38,マイエラ,,牡,3,0,蛯名正義,64.3,47.5,31.0,15.3,16.8,16.5,15.7,15.3
美浦,20260711,土,5:39,アマンヘセル,,牝,3,0,蛯名正義,68.3,49.7,32.5,16.5,18.6,17.2,16.0,16.5
美浦,20260711,土,5:39,コスモフラムオット,,牡,2,未出走,武藤善則,67.8,49.3,32.1,16.4,18.5,17.2,15.7,16.4
美浦,20260711,土,5:39,バルボアパーク,,牝,3,400,田中博康,59.7,44.0,28.9,14.1,15.7,15.1,14.8,14.1
美浦,20260711,土,5:39,ホウオウパーソンズ,,牡,3,0,蛯名正義,68.6,51.1,34.1,17.2,17.5,17.0,16.9,17.2
美浦,20260711,土,5:40,コスモモノポリー,,牝,2,未出走,相沢郁,65.4,48.5,31.6,15.5,16.9,16.9,16.1,15.5
美浦,20260711,土,5:40,パーシヴァル,,セ,3,0,相沢郁,70.4,51.5,33.6,16.9,18.9,17.9,16.7,16.9
美浦,20260711,土,5:40,マイネルヴェーゼン,,牡,3,0,相沢郁,64.5,48.1,31.3,15.7,16.4,16.8,15.6,15.7
美浦,20260711,土,5:41,,,,,,,68.4,49.7,32.6,16.4,18.7,17.1,16.2,16.4
美浦,20260711,土,5:41,キタイノホシ,,牡,3,0,蛯名利弘,68.1,49.5,32.8,16.7,18.6,16.7,16.1,16.7
美浦,20260711,土,5:41,セザンワールド,,セ,6,690,蛯名利弘,66.4,48.4,31.6,15.7,18.0,16.8,15.9,15.7
美浦,20260711,土,5:42,インスウィング,,セ,3,0,青木孝文,67.0,50.0,33.3,17.0,17.0,16.7,16.3,17.0
美浦,20260711,土,5:42,エンドロール,,牡,7,1500,青木孝文,63.5,47.6,30.7,15.1,15.9,16.9,15.6,15.1
美浦,20260711,土,5:42,サイモングリーマン,,牡,3,0,的場均,74.4,54.5,36.6,18.1,19.9,17.9,18.5,18.1
美浦,20260711,土,5:42,テングカゼ,,牡,2,未出走,的場均,71.7,53.7,35.2,17.5,18.0,18.5,17.7,17.5
美浦,20260711,土,5:43,ハッピーエンジェル,,牝,3,1000,武市康男,67.9,51.0,34.1,16.8,16.9,16.9,17.3,16.8
美浦,20260711,土,5:43,ホシノサミダレ,,牡,2,未出走,浅利英明,70.6,51.4,34.3,17.7,19.2,17.1,16.6,17.7
美浦,20260711,土,5:43,リリーリリー,,牝,2,未出走,浅利英明,70.2,51.0,33.9,17.9,19.2,17.1,16.0,17.9
美浦,20260711,土,5:44,キャリアビジョン,,牝,3,0,西田雄一,65.7,48.3,31.5,15.4,17.4,16.8,16.1,15.4
美浦,20260711,土,5:44,サザンキンレンカ,,牝,2,未出走,畠山吉宏,69.1,50.2,33.0,16.1,18.9,17.2,16.9,16.1
美浦,20260711,土,5:44,フェスティヴハート,,牝,3,0,畠山吉宏,69.8,50.7,33.3,16.1,19.1,17.4,17.2,16.1
美浦,20260711,土,5:44,マイネルボス,,牡,4,0,畠山吉宏,69.6,50.5,33.1,15.8,19.1,17.4,17.3,15.8
美浦,20260711,土,5:45,パレスドフィーヌ,,牝,5,400,鈴木慎太,65.0,48.1,31.8,15.8,16.9,16.3,16.0,15.8
美浦,20260711,土,5:45,ラスティレッド,,牝,2,未出走,鈴木慎太,64.8,47.9,31.9,15.8,16.9,16.0,16.1,15.8
美浦,20260711,土,5:46,サルサブラヴァ,,牡,3,0,奥村武,78.5,56.3,36.6,18.2,22.2,19.7,18.4,18.2
美浦,20260711,土,5:47,キョウエイシャトル,,牡,2,未出走,萱野浩二,67.4,49.6,32.9,16.3,17.8,16.7,16.6,16.3
美浦,20260711,土,5:47,ギガントシュラーク,,牡,2,未出走,萱野浩二,66.9,49.5,33.1,16.5,17.4,16.4,16.6,16.5
美浦,20260711,土,5:47,ケイツーリーブル,,牝,3,900,千葉直人,68.0,49.5,32.8,16.2,18.5,16.7,16.6,16.2
美浦,20260711,土,5:48,クリノゴッホ,,セ,6,400,新開幸一,68.9,50.8,33.6,16.8,18.1,17.2,16.8,16.8
美浦,20260711,土,5:48,サムハラ,,牡,3,400,新開幸一,68.7,50.8,33.5,16.9,17.9,17.3,16.6,16.9
美浦,20260711,土,5:49,アイウィル,,牡,5,1500,高木登,70.8,52.3,35.1,17.4,18.5,17.2,17.7,17.4
美浦,20260711,土,5:49,アオゾラランチ,,牝,3,0,戸田博文,75.6,55.7,37.3,18.5,19.9,18.4,18.8,18.5
美浦,20260711,土,5:49,ウインドオブヘヴン,,牡,3,0,戸田博文,75.8,55.6,36.7,18.0,20.2,18.9,18.7,18.0
美浦,20260711,土,5:49,タイキオーベロン,,牡,4,400,高木登,70.6,51.2,33.6,17.2,19.4,17.6,16.4,17.2
美浦,20260711,土,5:49,トリスティ,,牝,3,250,伊藤圭三,65.2,47.7,31.5,15.6,17.5,16.2,15.9,15.6
美浦,20260711,土,5:49,ニシノブレイゼスト,,牡,4,900,高木登,70.8,51.3,33.6,17.0,19.5,17.7,16.6,17.0
美浦,20260711,土,5:49,ベルゼビュート,,牡,3,400,高木登,72.8,53.2,34.6,17.4,19.6,18.6,17.2,17.4
美浦,20260711,土,5:50,サンタピア,,牡,3,0,松山将樹,65.7,50.1,33.6,16.8,15.6,16.5,16.8,16.8
美浦,20260711,土,5:50,デルマザオウ,,牝,3,0,松山将樹,64.5,48.2,32.2,15.9,16.3,16.0,16.3,15.9
美浦,20260711,土,5:50,ラヴレイン,,牝,2,未出走,松山将樹,70.7,51.3,33.4,16.6,19.4,17.9,16.8,16.6
美浦,20260711,土,5:51,エスコバル,,セ,8,1500,高橋文雅,69.9,51.0,33.1,16.4,18.9,17.9,16.7,16.4
美浦,20260711,土,5:51,コスモアンソロジー,,牡,4,1500,嘉藤貴行,65.8,48.1,31.4,15.7,17.7,16.7,15.7,15.7
美浦,20260711,土,5:51,スマートフランキー,,牡,4,120,高橋文雅,68.6,51.0,33.6,16.7,17.6,17.4,16.9,16.7
美浦,20260711,土,5:52,サイモンオリエント,,牡,2,未出走,勢司和浩,69.1,51.6,34.4,17.5,17.5,17.2,16.9,17.5
美浦,20260711,土,5:52,バダジェフスカ,,牝,4,140,高橋文雅,72.0,52.1,33.1,16.1,19.9,19.0,17.0,16.1
美浦,20260711,土,5:53,スーパーホース,,セ,4,200,堀内岳志,68.2,48.9,31.7,15.5,19.3,17.2,16.2,15.5
美浦,20260711,土,5:54,パーシヴァル,,セ,3,0,相沢郁,65.7,47.8,31.0,15.2,17.9,16.8,15.8,15.2
美浦,20260711,土,5:56,ウインハルモニア,,牝,4,940,柄崎将寿,66.2,48.6,32.5,16.2,17.6,16.1,16.3,16.2
美浦,20260711,土,5:56,サイモングリーマン,,牡,3,0,的場均,67.5,50.1,33.1,16.1,17.4,17.0,17.0,16.1
美浦,20260711,土,5:56,チャチャット,,牝,3,0,柄崎将寿,66.9,49.1,32.0,15.4,17.8,17.1,16.6,15.4
美浦,20260711,土,5:56,テングカゼ,,牡,2,未出走,的場均,68.5,50.7,33.5,17.1,17.8,17.2,16.4,17.1
美浦,20260711,土,5:56,ナインオブレター,,牡,4,400,佐藤吉勝,67.6,50.1,33.5,16.6,17.5,16.6,16.9,16.6
美浦,20260711,土,5:58,,,,,,,68.2,50.6,33.3,16.1,17.6,17.3,17.2,16.1
美浦,20260711,土,5:58,カシマライフウ,,牡,3,0,伊藤伸一,72.3,53.5,35.7,18.2,18.8,17.8,17.5,18.2
美浦,20260711,土,5:58,キンバリー,,牡,2,未出走,伊藤伸一,72.1,53.5,35.8,18.6,18.6,17.7,17.2,18.6
美浦,20260711,土,5:58,ジェラートキティ,,牝,3,400,嘉藤貴行,63.8,47.2,31.2,15.2,16.6,16.0,16.0,15.2
美浦,20260711,土,5:58,トワイライトサイト,,牡,3,400,嘉藤貴行,64.4,47.7,31.7,15.8,16.7,16.0,15.9,15.8
美浦,20260711,土,6:00,コスモルトチェコ,,牡,2,未出走,石栗龍彦,82.2,59.8,39.0,19.3,22.4,20.8,19.7,19.3
美浦,20260711,土,6:24,,,,,,,57.6,41.7,27.1,13.4,15.9,14.6,13.7,13.4
美浦,20260711,土,6:24,グッドヴァイブス,,牡,5,80,高柳瑞樹,68.0,50.5,33.1,16.3,17.5,17.4,16.8,16.3
美浦,20260711,土,6:24,トクシージェネラル,,牡,5,400,小島茂之,56.8,41.0,26.6,12.9,15.8,14.4,13.7,12.9
美浦,20260711,土,6:24,ノブピースオブラブ,,セ,3,0,小島茂之,56.6,40.9,26.3,12.8,15.7,14.6,13.5,12.8
美浦,20260711,土,6:24,ノヴァカーラ,,牡,2,未出走,小島茂之,57.6,41.7,27.1,13.4,15.9,14.6,13.7,13.4
美浦,20260711,土,6:25,レイズレガシー,,牡,3,0,高柳瑞樹,68.5,49.9,32.5,16.9,18.6,17.4,15.6,16.9
美浦,20260711,土,6:26,エアサロメ,,牝,3,400,大竹正博,69.4,51.6,32.9,15.9,17.8,18.7,17.0,15.9
美浦,20260711,土,6:26,タイセイデクスター,,牡,4,400,伊藤圭三,69.7,51.3,33.9,17.3,18.4,17.4,16.6,17.3
美浦,20260711,土,6:26,バッカステソーロ,,牡,3,0,栗田徹,63.3,46.8,30.9,15.9,16.5,15.9,15.0,15.9
美浦,20260711,土,6:26,マイネルシンベリン,,牡,3,400,武市康男,65.2,48.4,32.5,16.7,16.8,15.9,15.8,16.7
美浦,20260711,土,6:26,ルールーリマ,,牝,4,900,大竹正博,67.5,48.9,31.8,15.9,18.6,17.1,15.9,15.9
美浦,20260711,土,6:27,カーマインジュエル,,牝,3,0,尾関知人,54.4,39.0,25.3,12.5,15.4,13.7,12.8,12.5
美浦,20260711,土,6:27,デルマテイネ,,牡,3,0,的場均,72.8,53.9,35.5,18.5,18.9,18.4,17.0,18.5
美浦,20260711,土,6:27,バル,,牡,3,0,武市康男,72.1,52.3,33.7,16.7,19.8,18.6,17.0,16.7
美浦,20260711,土,6:27,マイネルオラクル,,牡,3,0,尾関知人,54.8,39.4,25.5,12.4,15.4,13.9,13.1,12.4
美浦,20260711,土,6:27,マーシヴィガラス,,牡,6,900,的場均,75.6,55.3,35.9,17.3,20.3,19.4,18.6,17.3
美浦,20260711,土,6:28,,,,,,,71.2,52.7,35.1,17.6,18.5,17.6,17.5,17.6
美浦,20260711,土,6:28,アレクレア,,牝,4,120,蛯名利弘,72.1,52.0,33.7,16.7,20.1,18.3,17.0,16.7
美浦,20260711,土,6:28,カペラテソーロ,,牡,2,0,牧光二,69.2,51.0,34.0,16.7,18.2,17.0,17.3,16.7
美浦,20260711,土,6:28,スピアッジャローザ,,牝,4,0,蛯名利弘,72.0,51.4,33.5,16.7,20.6,17.9,16.8,16.7
美浦,20260711,土,6:28,ビーズスティンガー,,牝,2,未出走,中川公成,67.8,50.0,33.2,16.8,17.8,16.8,16.4,16.8
美浦,20260711,土,6:28,ルークスイテルム,,牡,2,未出走,中川公成,65.7,47.8,31.2,15.7,17.9,16.6,15.5,15.7
美浦,20260711,土,6:29,,,,,,,72.7,53.5,35.2,17.4,19.2,18.3,17.8,17.4
美浦,20260711,土,6:29,サトノクラシカル,,牡,3,0,宮田敬介,64.6,46.1,29.8,14.7,18.5,16.3,15.1,14.7
美浦,20260711,土,6:29,スイートオレンジ,,牝,4,400,中川公成,56.3,41.2,27.6,13.6,15.1,13.6,14.0,13.6
美浦,20260711,土,6:29,フィールマイプラン,,牡,3,400,岩戸孝樹,55.2,40.3,26.4,12.9,14.9,13.9,13.5,12.9
美浦,20260711,土,6:29,ミセスリリー,,牝,4,200,宮田敬介,65.2,47.4,30.9,15.2,17.8,16.5,15.7,15.2
美浦,20260711,土,6:29,リラベガ,,牝,3,400,岩戸孝樹,66.6,48.9,32.7,16.0,17.7,16.2,16.7,16.0
美浦,20260711,土,6:29,レッドエモーション,,牡,2,未出走,宮田敬介,65.1,47.9,31.2,15.3,17.2,16.7,15.9,15.3
美浦,20260711,土,6:31,ウイニングレイ,,牝,2,未出走,戸田博文,74.9,54.4,35.6,17.8,20.5,18.8,17.8,17.8
美浦,20260711,土,6:33,イサチルシーキング,,牡,3,400,辻哲英,148.0,108.9,70.2,34.9,39.1,38.7,35.3,34.9
美浦,20260711,土,6:33,エターナルシルバー,,牡,4,0,中舘英二,67.9,49.6,32.3,16.0,18.3,17.3,16.3,16.0
美浦,20260711,土,6:33,カウスリップ,,牝,4,1500,中舘英二,67.8,49.7,32.1,16.0,18.1,17.6,16.1,16.0
美浦,20260711,土,6:33,グラスブランシュ,,牝,5,900,松山将樹,68.3,49.9,32.7,16.3,18.4,17.2,16.4,16.3
美浦,20260711,土,6:33,ショウナンハーヴェ,,牡,2,0,中舘英二,67.9,49.7,32.4,16.2,18.2,17.3,16.2,16.2
美浦,20260711,土,6:33,パースウェイド,,牝,4,900,中舘英二,68.0,50.8,33.6,16.5,17.2,17.2,17.1,16.5
美浦,20260711,土,6:33,ラウヴィア,,牝,3,未出走,松山将樹,69.6,52.2,35.3,18.2,17.4,16.9,17.1,18.2
美浦,20260711,土,6:33,ヴァリスマリネリス,,牝,3,400,中舘英二,67.8,50.7,33.3,16.3,17.1,17.4,17.0,16.3
美浦,20260711,土,6:34,インナーパッション,,牡,3,400,斎藤誠,68.0,50.4,33.3,16.8,17.6,17.1,16.5,16.8
美浦,20260711,土,6:34,ウラヌスリング,,牝,3,未出走,斎藤誠,68.1,50.4,33.2,16.3,17.7,17.2,16.9,16.3
美浦,20260711,土,6:34,カムオンオーバー,,牝,3,0,斎藤誠,69.1,51.4,34.5,17.5,17.7,16.9,17.0,17.5
美浦,20260711,土,6:35,アルティシエル,,牡,3,0,辻哲英,69.3,50.6,33.1,16.1,18.7,17.5,17.0,16.1
美浦,20260711,土,6:35,エーデルクラフト,,牡,3,未出走,辻哲英,69.8,50.7,32.6,15.5,19.1,18.1,17.1,15.5
美浦,20260711,土,6:35,コンサートピアノ,,牝,3,0,中舘英二,72.1,53.9,35.6,17.9,18.2,18.3,17.7,17.9
美浦,20260711,土,6:36,,,,,,,65.1,48.1,31.7,15.5,17.0,16.4,16.2,15.5
美浦,20260711,土,6:36,グロッシェン,,牡,5,1500,手塚貴徳,65.1,48.7,32.1,15.8,16.4,16.6,16.3,15.8
美浦,20260711,土,6:37,アマイ,,牝,6,1500,伊藤大士,63.1,46.6,30.9,15.0,16.5,15.7,15.9,15.0
美浦,20260711,土,6:37,ピコペアシェイプ,,セ,3,0,伊藤大士,63.3,47.0,30.9,15.4,16.3,16.1,15.5,15.4
美浦,20260711,土,6:37,ピコローズ,,牝,4,1500,伊藤大士,63.0,46.5,30.8,15.5,16.5,15.7,15.3,15.5
美浦,20260711,土,6:37,フォルスラヴィ,,牡,2,未出走,伊藤大士,64.1,47.4,31.4,16.0,16.7,16.0,15.4,16.0
美浦,20260711,土,6:38,サムシングスイート,,牝,3,400,伊藤大士,64.0,47.4,31.3,15.8,16.6,16.1,15.5,15.8
美浦,20260711,土,6:38,ベルランコントル,,牝,3,0,伊藤大士,71.2,52.7,34.7,17.3,18.5,18.0,17.4,17.3
美浦,20260711,土,6:39,ウマッター,,牝,2,未出走,加藤和宏,67.6,50.9,34.0,17.1,16.7,16.9,16.9,17.1
美浦,20260711,土,6:39,オモチ,,牝,2,未出走,加藤和宏,68.3,50.9,33.9,17.0,17.4,17.0,16.9,17.0
美浦,20260711,土,6:39,シュガーハイ,,牡,4,400,加藤和宏,70.3,50.7,33.4,16.7,19.6,17.3,16.7,16.7
美浦,20260711,土,6:39,ロココ,,牝,3,0,加藤和宏,78.5,56.2,36.2,17.8,22.3,20.0,18.4,17.8
美浦,20260711,土,6:40,ディレクティオ,,牝,3,0,金成貴史,65.4,47.0,30.6,15.2,18.4,16.4,15.4,15.2
美浦,20260711,土,6:40,フォーエバーラブ,,牡,3,0,金成貴史,66.8,48.9,31.4,15.4,17.9,17.5,16.0,15.4
美浦,20260711,土,6:41,ゼータレティクル,,牝,3,0,小手川準,58.6,42.7,28.8,13.9,15.9,13.9,14.9,13.9
美浦,20260711,土,6:41,タイセイデクスター,,牡,4,400,伊藤圭三,66.1,48.6,31.9,15.7,17.5,16.7,16.2,15.7
美浦,20260711,土,6:42,,,,,,,65.3,47.2,30.3,14.3,18.1,16.9,16.0,14.3
美浦,20260711,土,6:42,スピカテソーロ,,牡,2,未出走,伊藤圭三,65.6,47.1,30.3,14.3,18.5,16.8,16.0,14.3
美浦,20260711,土,6:42,デルマテイネ,,牡,3,0,的場均,67.0,49.3,32.7,16.8,17.7,16.6,15.9,16.8
美浦,20260711,土,6:42,マーシヴィガラス,,牡,6,900,的場均,68.7,49.9,32.0,16.0,18.8,17.9,16.0,16.0
美浦,20260711,土,6:46,エニシングゴース,,牡,2,0,和田雄二,66.5,49.3,33.1,16.4,17.2,16.2,16.7,16.4
美浦,20260711,土,6:46,セイウンサイフィー,,牡,2,未出走,上原博之,65.2,47.6,30.6,14.9,17.6,17.0,15.7,14.9
美浦,20260711,土,6:46,セイウンパシュート,,セ,6,900,上原博之,66.5,49.2,32.1,15.5,17.3,17.1,16.6,15.5
美浦,20260711,土,6:46,トリプティーク,,牝,2,0,和田雄二,68.4,50.8,33.9,17.1,17.6,16.9,16.8,17.1
美浦,20260711,土,6:46,ブルーダイヤシチー,,牡,3,0,上原博之,66.7,49.4,32.6,16.1,17.3,16.8,16.5,16.1
美浦,20260711,土,6:47,,,,,,,66.4,49.3,33.0,16.5,17.1,16.3,16.5,16.5
美浦,20260711,土,6:47,,,,,,,66.7,49.8,32.9,16.5,16.9,16.9,16.4,16.5
美浦,20260711,土,6:47,インチジオーネ,,牝,3,未出走,和田雄二,102.5,78.0,53.7,28.1,24.5,24.3,25.6,28.1
美浦,20260711,土,6:47,グレイスルーラー,,牝,3,0,尾形和幸,62.7,46.7,31.7,15.8,16.0,15.0,15.9,15.8
美浦,20260711,土,6:47,ボールドフロント,,牡,3,0,尾形和幸,67.3,50.2,33.5,16.8,17.1,16.7,16.7,16.8
美浦,20260711,土,6:47,ライブリピュア,,牝,3,0,尾形和幸,66.3,49.4,32.8,16.5,16.9,16.6,16.3,16.5
美浦,20260711,土,6:49,クモヒトツナイ,,牡,4,400,加藤和宏,64.5,47.7,31.4,15.9,16.8,16.3,15.5,15.9
美浦,20260711,土,6:49,セイウンビッグバン,,牡,4,400,萱野浩二,71.9,51.6,33.0,16.2,20.3,18.6,16.8,16.2
美浦,20260711,土,6:49,モーモーワン,,牡,2,0,萱野浩二,72.0,51.8,33.3,16.2,20.2,18.5,17.1,16.2
美浦,20260711,土,6:50,カキュウ,,牝,3,0,佐藤吉勝,68.6,50.0,33.1,16.4,18.6,16.9,16.7,16.4
美浦,20260711,土,6:51,,,,,,,69.8,52.1,34.4,17.1,17.7,17.7,17.3,17.1
美浦,20260711,土,6:51,キカオクベシ,,牝,4,400,佐藤吉勝,69.4,51.4,34.0,16.5,18.0,17.4,17.5,16.5
美浦,20260711,土,6:51,ケイジャーダ,,牝,2,未出走,佐藤吉勝,68.2,50.0,33.1,16.8,18.2,16.9,16.3,16.8
美浦,20260711,土,6:51,ルブラッシュノモー,,牡,2,未出走,佐藤吉勝,70.3,51.7,35.0,18.1,18.6,16.7,16.9,18.1
美浦,20260711,土,6:54,ニシノタカオ,,牡,2,未出走,堀内岳志,68.9,50.1,32.6,16.1,18.8,17.5,16.5,16.1
美浦,20260711,土,6:54,ラムールデュヴォン,,牡,3,400,堀内岳志,67.5,49.0,31.9,15.9,18.5,17.1,16.0,15.9
美浦,20260711,土,6:55,アーティラリー,,牝,3,0,松山将樹,72.4,52.6,34.2,17.0,19.8,18.4,17.2,17.0
美浦,20260711,土,6:56,エターナルホープ,,牡,3,0,鈴木慎太,67.9,49.2,31.8,15.6,18.7,17.4,16.2,15.6
美浦,20260711,土,6:56,ラブパンダ,,牝,2,未出走,鈴木慎太,68.4,50.1,32.9,16.7,18.3,17.2,16.2,16.7
美浦,20260711,土,6:56,レスター,,牡,3,0,鈴木慎太,68.8,50.0,32.6,16.6,18.8,17.4,16.0,16.6
美浦,20260711,土,6:57,オオルリ,,牝,2,未出走,水野貴広,76.4,57.4,38.5,19.6,19.0,18.9,18.9,19.6
美浦,20260711,土,6:57,セイウンリリーナ,,牝,2,未出走,水野貴広,75.0,56.1,37.3,18.6,18.9,18.8,18.7,18.6
美浦,20260711,土,6:57,ライングラウス,,牡,2,未出走,水野貴広,75.5,55.4,36.3,18.0,20.1,19.1,18.3,18.0
美浦,20260711,土,7:00,キタノエピックアン,,牝,3,400,萱野浩二,67.5,49.3,32.4,16.2,18.2,16.9,16.2,16.2
美浦,20260711,土,7:00,ゴールドパレード,,牡,3,400,天間昭一,69.6,52.2,34.8,17.5,17.4,17.4,17.3,17.5
美浦,20260711,土,7:00,モンドシュピーゲル,,牡,3,0,天間昭一,68.6,51.0,33.7,16.4,17.6,17.3,17.3,16.4
美浦,20260711,土,7:02,,,,,,,65.7,48.6,31.9,15.9,17.1,16.7,16.0,15.9
美浦,20260711,土,7:02,ボールドフロント,,牡,3,0,尾形和幸,66.1,48.8,32.1,16.1,17.3,16.7,16.0,16.1
美浦,20260711,土,7:02,ミカッテヨンデイイ,,牝,6,1200,室井潔,68.6,51.3,35.4,18.3,17.3,15.9,17.1,18.3
美浦,20260711,土,7:03,アイアムキレマスネ,,牡,2,未出走,奥平雅士,66.4,48.9,32.6,16.6,17.5,16.3,16.0,16.6
美浦,20260711,土,7:03,ソニックウェーブ,,牡,2,未出走,石栗龍彦,71.0,52.4,34.7,16.8,18.6,17.7,17.9,16.8
美浦,20260711,土,7:03,デルマキタカミ,,牝,2,未出走,室井潔,71.0,52.0,34.5,17.7,19.0,17.5,16.8,17.7
美浦,20260711,土,7:03,ムーチョピカンテ,,牡,2,未出走,奥平雅士,62.8,46.8,31.5,16.3,16.0,15.3,15.2,16.3
美浦,20260711,土,7:03,ルディドゥゲンジ,,牝,3,0,蛯名利弘,67.2,48.8,31.7,15.9,18.4,17.1,15.8,15.9
美浦,20260711,土,7:03,ロンバスブレス,,牝,3,0,石栗龍彦,86.3,62.8,41.0,20.8,23.5,21.8,20.2,20.8
美浦,20260711,土,7:04,マーキュリーダイム,,牝,4,400,室井潔,68.3,50.3,33.4,16.9,18.0,16.9,16.5,16.9
美浦,20260711,土,7:05,アンナモエ,,牝,2,未出走,天間昭一,72.9,54.5,36.1,18.6,18.4,18.4,17.5,18.6
美浦,20260711,土,7:05,レーゲンシャウアー,,牝,2,未出走,天間昭一,69.0,50.5,33.4,16.7,18.5,17.1,16.7,16.7
美浦,20260711,土,7:06,,,,,,,65.3,47.9,32.0,16.1,17.4,15.9,15.9,16.1
美浦,20260711,土,7:06,アンバサダネージュ,,牡,3,400,武藤善則,66.1,49.0,32.3,15.9,17.1,16.7,16.4,15.9
美浦,20260711,土,7:06,ゲームチェンジャー,,牡,2,未出走,蛯名利弘,68.8,50.5,32.5,15.7,18.3,18.0,16.8,15.7
美浦,20260711,土,7:06,シルクドマルス,,牝,2,未出走,松尾卓哉,71.2,51.2,33.4,16.7,20.0,17.8,16.7,16.7
美浦,20260711,土,7:06,ハチキンキリシマ,,牝,2,未出走,蛯名利弘,70.1,52.0,34.4,16.9,18.1,17.6,17.5,16.9
美浦,20260711,土,7:06,ハルマン,,牝,2,未出走,蛯名利弘,69.0,51.0,34.0,16.9,18.0,17.0,17.1,16.9
美浦,20260711,土,7:06,パルミエ,,牝,3,0,松尾卓哉,68.6,49.6,31.8,15.8,19.0,17.8,16.0,15.8
美浦,20260711,土,7:06,ベアダイヤモンド,,牡,3,0,松尾卓哉,69.1,49.8,32.8,16.2,19.3,17.0,16.6,16.2
美浦,20260711,土,7:06,ベールダウン,,牝,2,未出走,松尾卓哉,64.9,47.3,31.2,15.6,17.6,16.1,15.6,15.6
美浦,20260711,土,7:06,ムーンストラック,,牝,4,500,武市康男,86.9,63.5,42.3,21.9,23.4,21.2,20.4,21.9
美浦,20260711,土,7:06,ルナルーチェット,,牝,4,900,松尾卓哉,63.8,46.4,30.2,15.2,17.4,16.2,15.0,15.2
美浦,20260711,土,7:07,,,,,,,67.9,49.4,32.4,16.2,18.5,17.0,16.2,16.2
美浦,20260711,土,7:07,イデアジュアンイハ,,牝,3,0,小野次郎,67.9,49.2,32.2,15.9,18.7,17.0,16.3,15.9
美浦,20260711,土,7:07,エーアイクワイ,,牡,2,0,相沢郁,66.1,48.9,32.3,15.6,17.2,16.6,16.7,15.6
美浦,20260711,土,7:07,キタノシオン,,牝,3,0,本間忍,67.8,49.7,32.7,16.6,18.1,17.0,16.1,16.6
美浦,20260711,土,7:07,セイカタカキヤチク,,牡,2,未出走,相沢郁,65.5,47.9,31.2,15.3,17.6,16.7,15.9,15.3
美浦,20260711,土,7:07,トーケンギムレット,,牝,2,未出走,小野次郎,67.9,49.3,32.2,15.9,18.6,17.1,16.3,15.9
美浦,20260711,土,7:07,ブルーリファール,,牡,3,0,小野次郎,68.4,50.0,32.6,16.0,18.4,17.4,16.6,16.0
美浦,20260711,土,7:07,ペルシアーノ,,牝,3,0,相沢郁,65.6,48.2,31.3,15.7,17.4,16.9,15.6,15.7
美浦,20260711,土,7:07,ヴォンヌヴォー,,牝,6,400,天間昭一,64.8,47.5,31.3,15.4,17.3,16.2,15.9,15.4
美浦,20260711,土,7:08,,,,,,,64.2,46.8,30.3,14.9,17.4,16.5,15.4,14.9
美浦,20260711,土,7:08,ウィルステート,,牡,2,未出走,黒岩陽一,65.7,48.0,31.1,15.6,17.7,16.9,15.5,15.6
美浦,20260711,土,7:08,ダノンダックス,,牡,2,未出走,田中博康,65.5,48.7,32.8,16.4,16.8,15.9,16.4,16.4
美浦,20260711,土,7:08,トモジャシーマ,,セ,6,400,鈴木伸尋,68.5,49.2,31.7,15.6,19.3,17.5,16.1,15.6
美浦,20260711,土,7:08,レッドマスキュラー,,牡,2,未出走,黒岩陽一,65.7,47.7,30.6,15.2,18.0,17.1,15.4,15.2
美浦,20260711,土,7:09,,,,,,,72.6,53.5,34.9,17.1,19.1,18.6,17.8,17.1
美浦,20260711,土,7:09,カセノメロス,,牡,2,未出走,鈴木伸尋,69.7,50.6,32.7,15.4,19.1,17.9,17.3,15.4
美浦,20260711,土,7:09,ガーネットテソーロ,,牝,3,400,高木登,70.5,51.6,33.7,16.6,18.9,17.9,17.1,16.6
美浦,20260711,土,7:09,グランシュレーム,,牝,2,未出走,高木登,69.8,51.0,33.2,16.3,18.8,17.8,16.9,16.3
美浦,20260711,土,7:09,コスモメイウェザー,,牡,3,0,高木登,69.9,51.5,33.6,16.6,18.4,17.9,17.0,16.6
美浦,20260711,土,7:09,トモジャシャカ,,牡,2,未出走,鈴木伸尋,69.7,50.7,32.9,15.5,19.0,17.8,17.4,15.5
美浦,20260711,土,7:09,バトルクライ,,牡,7,7200,高木登,69.4,51.1,33.2,16.3,18.3,17.9,16.9,16.3
美浦,20260711,土,7:09,ファーストアライヴ,,牡,2,未出走,高木登,69.8,51.1,33.1,16.2,18.7,18.0,16.9,16.2
美浦,20260711,土,7:09,ミコウェイ,,牝,2,未出走,鈴木伸尋,72.4,53.5,34.7,17.0,18.9,18.8,17.7,17.0
美浦,20260711,土,7:09,ロックオブソシジ,,牡,5,170,畠山吉宏,69.7,50.8,32.8,16.0,18.9,18.0,16.8,16.0
美浦,20260711,土,7:10,スマイルディシー,,牝,4,400,中川公成,70.5,53.0,35.3,17.5,17.5,17.7,17.8,17.5
美浦,20260711,土,7:10,メディチパワー,,牡,3,400,中川公成,70.3,52.8,35.4,18.0,17.5,17.4,17.4,18.0
美浦,20260711,土,7:11,サングラデーション,,セ,6,430,千葉直人,70.8,50.9,32.2,15.6,19.9,18.7,16.6,15.6
美浦,20260711,土,7:11,ナツミカンチャン,,牝,3,0,千葉直人,69.0,49.3,31.5,15.0,19.7,17.8,16.5,15.0
美浦,20260711,土,7:11,ビッグデイメイク,,牝,4,740,和田雄二,63.7,46.8,31.1,15.7,16.9,15.7,15.4,15.7
美浦,20260711,土,7:11,ポッドデスペア,,牡,3,520,畠山吉宏,71.6,51.3,33.5,16.4,20.3,17.8,17.1,16.4
美浦,20260711,土,7:12,,,,,,,65.3,47.9,31.0,15.4,17.4,16.9,15.6,15.4
美浦,20260711,土,7:12,カリーシ,,牝,5,900,武井亮,67.5,49.6,32.7,16.1,17.9,16.9,16.6,16.1
美浦,20260711,土,7:12,スターウェーブ,,セ,4,900,武井亮,64.5,47.7,31.6,16.2,16.8,16.1,15.4,16.2
美浦,20260711,土,7:12,ソヴリンゲート,,牡,2,未出走,戸田博文,70.2,51.8,34.1,16.9,18.4,17.7,17.2,16.9
美浦,20260711,土,7:12,トリリオンボーイ,,セ,4,2400,武井亮,63.6,47.0,31.0,15.6,16.6,16.0,15.4,15.6
美浦,20260711,土,7:12,フォクセン,,牡,2,未出走,戸田博文,70.6,52.3,34.3,17.0,18.3,18.0,17.3,17.0
美浦,20260711,土,7:12,メジロピオラ,,牝,3,0,武井亮,65.4,48.3,32.0,16.3,17.1,16.3,15.7,16.3
美浦,20260711,土,7:12,ローレルエース,,牡,3,0,松永康利,65.4,47.8,31.0,15.5,17.6,16.8,15.5,15.5
美浦,20260711,土,7:13,カツノテンス,,牡,6,160,伊藤伸一,71.0,52.3,34.1,16.8,18.7,18.2,17.3,16.8
美浦,20260711,土,7:13,クレイターレイク,,牝,2,未出走,奥村武,67.0,50.8,33.5,16.8,16.2,17.3,16.7,16.8
美浦,20260711,土,7:13,コパノミラノ,,牡,3,0,上原博之,73.4,54.8,36.7,18.5,18.6,18.1,18.2,18.5
美浦,20260711,土,7:13,ジャストマイウェイ,,牝,3,0,奥村武,68.5,51.1,33.7,16.7,17.4,17.4,17.0,16.7
美浦,20260711,土,7:13,ドリームクルーズ,,牝,5,900,戸田博文,71.2,53.3,34.8,17.2,17.9,18.5,17.6,17.2
美浦,20260711,土,7:14,,,,,,,68.8,51.0,33.8,16.9,17.8,17.2,16.9,16.9
美浦,20260711,土,7:14,ゲンパチムサシ,,牡,8,1500,秋本大介,66.3,48.2,31.0,14.7,18.1,17.2,16.3,14.7
美浦,20260711,土,7:14,スチョウプリンセス,,牝,3,0,的場均,71.4,51.4,33.8,16.6,20.0,17.6,17.2,16.6
美浦,20260711,土,7:14,タツナナイロ,,牝,3,0,的場均,71.3,51.5,33.5,16.5,19.8,18.0,17.0,16.5
美浦,20260711,土,7:14,ヌンエリン,,牝,2,未出走,秋本大介,67.0,49.1,32.7,16.4,17.9,16.4,16.3,16.4
美浦,20260711,土,7:14,フロステリオン,,牡,3,0,萱野浩二,64.6,48.0,31.7,15.7,16.6,16.3,16.0,15.7
美浦,20260711,土,7:14,ブルーリヴァーサル,,牡,6,340,的場均,72.8,54.1,36.3,18.4,18.7,17.8,17.9,18.4
美浦,20260711,土,7:14,ヤマニンジェンナ,,牝,3,0,秋本大介,68.7,51.2,34.5,17.6,17.5,16.7,16.9,17.6
美浦,20260711,土,7:14,ヴェットビルズ,,牝,2,0,的場均,79.8,58.4,37.7,18.0,21.4,20.7,19.7,18.0
美浦,20260711,土,7:15,,,,,,,70.6,52.2,34.4,17.1,18.4,17.8,17.3,17.1
美浦,20260711,土,7:15,アズールドーン,,牡,2,未出走,菊沢隆徳,67.4,49.7,32.2,15.7,17.7,17.5,16.5,15.7
美浦,20260711,土,7:15,クラシオン,,牡,3,400,菊沢隆徳,68.6,50.0,32.6,16.1,18.6,17.4,16.5,16.1
美浦,20260711,土,7:15,コックオーヴァン,,牝,3,400,伊藤伸一,74.1,53.6,35.4,17.4,20.5,18.2,18.0,17.4
美浦,20260711,土,7:15,サトノビーツ,,牡,4,480,田中博康,66.1,48.4,31.6,15.7,17.7,16.8,15.9,15.7
美浦,20260711,土,7:15,ナファロア,,セ,5,900,菊沢隆徳,67.8,49.8,32.3,15.7,18.0,17.5,16.6,15.7
美浦,20260711,土,7:15,フォルマシオン,,牝,3,0,菊沢隆徳,67.3,49.5,32.6,16.6,17.8,16.9,16.0,16.6
美浦,20260711,土,7:15,フォンターナドーロ,,牝,2,未出走,菊沢隆徳,68.2,49.9,32.5,16.1,18.3,17.4,16.4,16.1
美浦,20260711,土,7:15,フレアリングベリー,,牝,3,0,池上昌和,69.8,51.0,33.3,16.1,18.8,17.7,17.2,16.1
美浦,20260711,土,7:15,ペアレンツハート,,牝,2,未出走,田中博康,64.6,47.7,31.7,15.7,16.9,16.0,16.0,15.7
美浦,20260711,土,7:17,アールグレイ,,牝,3,0,蛯名正義,70.1,51.9,34.0,17.0,18.2,17.9,17.0,17.0
美浦,20260711,土,7:17,クイーンアン,,牝,3,0,蛯名正義,67.8,49.6,32.7,16.3,18.2,16.9,16.4,16.3
美浦,20260711,土,7:17,コスモベスケーデン,,牝,2,未出走,手塚貴久,73.1,53.2,34.8,17.2,19.9,18.4,17.6,17.2
美浦,20260711,土,7:17,ショーマンフリート,,牡,5,1500,手塚貴久,65.8,48.6,31.9,15.4,17.2,16.7,16.5,15.4
美浦,20260711,土,7:17,シーサンタナ,,セ,3,0,手塚貴久,64.8,47.2,30.9,15.2,17.6,16.3,15.7,15.2
美浦,20260711,土,7:17,テキサスバローズ,,牡,3,0,蛯名正義,66.9,49.5,33.0,16.5,17.4,16.5,16.5,16.5
美浦,20260711,土,7:17,ラッキースウィッチ,,牡,3,0,蛯名正義,66.3,49.4,32.8,16.2,16.9,16.6,16.6,16.2
美浦,20260711,土,7:17,ランドスター,,牡,3,400,柄崎将寿,64.8,47.1,30.4,15.2,17.7,16.7,15.2,15.2
美浦,20260711,土,7:18,アレーティア,,牝,4,400,上原博之,65.4,48.5,32.1,16.1,16.9,16.4,16.0,16.1
美浦,20260711,土,7:18,ウインロゼライト,,牝,4,80,矢嶋大樹,70.8,52.6,34.5,17.1,18.2,18.1,17.4,17.1
美浦,20260711,土,7:18,オンザボー,,牡,2,未出走,田中博康,60.0,43.9,28.8,14.3,16.1,15.1,14.5,14.3
美浦,20260711,土,7:18,コパノエビータ,,牝,5,900,手塚貴久,76.7,56.0,36.7,17.9,20.7,19.3,18.8,17.9
美浦,20260711,土,7:18,シェーンリヒト,,牡,2,未出走,手塚貴久,69.7,51.8,33.7,16.6,17.9,18.1,17.1,16.6
美浦,20260711,土,7:18,ジーティーニッツァ,,牡,3,0,伊藤伸一,65.7,49.0,32.1,15.9,16.7,16.9,16.2,15.9
美浦,20260711,土,7:18,ナハトナナレオン,,牝,3,400,矢嶋大樹,72.0,53.3,34.8,17.3,18.7,18.5,17.5,17.3
美浦,20260711,土,7:18,ボーデコール,,牡,2,未出走,柄崎将寿,69.9,50.7,32.9,15.6,19.2,17.8,17.3,15.6
美浦,20260711,土,7:18,レイヤードホワイト,,牝,2,未出走,手塚貴久,70.0,52.2,34.3,17.1,17.8,17.9,17.2,17.1
美浦,20260711,土,7:18,ワイルドカイザー,,牡,3,0,矢嶋大樹,70.7,52.0,33.9,16.6,18.7,18.1,17.3,16.6
美浦,20260711,土,7:19,アルティソナンテ,,牝,3,0,大竹正博,63.0,45.7,29.9,14.7,17.3,15.8,15.2,14.7
美浦,20260711,土,7:19,テスタ,,牡,2,未出走,金成貴史,66.3,48.8,32.7,16.7,17.5,16.1,16.0,16.7
美浦,20260711,土,7:19,ヘルヴェティオス,,牡,4,400,金成貴史,65.9,49.0,33.0,16.6,16.9,16.0,16.4,16.6
美浦,20260711,土,7:20,ガムラスタン,,牡,3,400,斎藤誠,67.8,50.5,33.7,16.8,17.3,16.8,16.9,16.8
美浦,20260711,土,7:20,クライングナウ,,牡,3,0,斎藤誠,67.4,49.8,32.7,15.9,17.6,17.1,16.8,15.9
美浦,20260711,土,7:20,コンアフェット,,牝,4,900,斎藤誠,67.2,50.1,33.5,16.6,17.1,16.6,16.9,16.6
美浦,20260711,土,7:20,タイセイフレッサ,,牝,3,400,斎藤誠,67.3,50.0,33.2,16.5,17.3,16.8,16.7,16.5
美浦,20260711,土,7:20,ダゴベルト,,牡,3,0,大竹正博,71.3,52.0,34.1,16.9,19.3,17.9,17.2,16.9
美浦,20260711,土,7:20,ノドゥス,,牡,2,0,斎藤誠,67.5,49.7,32.5,15.9,17.8,17.2,16.6,15.9
美浦,20260711,土,7:20,マルスフィス,,牡,2,未出走,斎藤誠,67.4,49.9,32.8,16.1,17.5,17.1,16.7,16.1
美浦,20260711,土,7:20,メタルスピード,,牡,6,2400,斎藤誠,67.3,50.0,33.0,16.4,17.3,17.0,16.6,16.4
美浦,20260711,土,7:21,アドマイヤウルトラ,,牡,3,0,宮田敬介,66.7,48.4,31.3,15.6,18.3,17.1,15.7,15.6
美浦,20260711,土,7:21,コスモノーチラス,,牡,2,未出走,中舘英二,70.7,51.9,33.7,17.3,18.8,18.2,16.4,17.3
美浦,20260711,土,7:21,ナイトバード,,牡,3,0,中舘英二,65.6,47.7,31.3,15.4,17.9,16.4,15.9,15.4
美浦,20260711,土,7:21,ノーブルクライ,,牡,6,900,中舘英二,70.8,51.8,34.0,17.2,19.0,17.8,16.8,17.2
美浦,20260711,土,7:22,ウインドワンピース,,牡,6,400,新開幸一,72.3,53.0,34.8,17.2,19.3,18.2,17.6,17.2
美浦,20260711,土,7:22,サヴァビアン,,牡,8,900,新開幸一,67.5,49.5,32.3,15.7,18.0,17.2,16.6,15.7
美浦,20260711,土,7:22,テルケンレンタッチ,,牡,3,0,勢司和浩,61.7,46.0,31.3,15.8,15.7,14.7,15.5,15.8
美浦,20260711,土,7:22,フキョウワオン,,牡,3,0,勢司和浩,68.6,49.4,32.3,16.3,19.2,17.1,16.0,16.3
美浦,20260711,土,7:22,ラッキーダンス,,牝,4,0,新開幸一,66.3,48.3,31.7,15.8,18.0,16.6,15.9,15.8
美浦,20260711,土,7:23,,,,,,,70.8,51.8,34.2,16.9,19.0,17.6,17.3,16.9
美浦,20260711,土,7:23,ビップルーチェ,,牝,2,未出走,田島俊明,70.0,51.1,33.9,16.6,18.9,17.2,17.3,16.6
美浦,20260711,土,7:23,マイネルサリーレ,,牡,2,未出走,田島俊明,69.6,50.9,33.3,16.4,18.7,17.6,16.9,16.4
美浦,20260711,土,7:23,ラウンドヒル,,牝,3,0,田島俊明,70.0,51.2,33.9,16.7,18.8,17.3,17.2,16.7
美浦,20260711,土,7:24,ダノンダックス,,牡,2,未出走,田中博康,59.7,43.6,29.0,14.5,16.1,14.6,14.5,14.5
美浦,20260711,土,7:24,ビーストウォーズ,,牡,3,0,松山将樹,68.4,51.5,34.7,17.5,16.9,16.8,17.2,17.5
美浦,20260711,土,7:27,エピックジャーニー,,牡,2,未出走,浅利英明,66.0,48.7,32.4,15.8,17.3,16.3,16.6,15.8
美浦,20260711,土,7:27,ノーウェアマン,,牡,3,400,浅利英明,65.9,48.6,32.1,15.8,17.3,16.5,16.3,15.8
美浦,20260711,土,7:27,モントーヤ,,牡,3,0,浅利英明,66.1,48.9,31.8,15.7,17.2,17.1,16.1,15.7
美浦,20260711,土,7:29,イツマデモマツワ,,牝,2,未出走,深山雅史,77.8,57.1,37.4,18.4,20.7,19.7,19.0,18.4
美浦,20260711,土,7:29,サンプラザマツモト,,牝,2,未出走,深山雅史,75.6,54.6,35.2,17.1,21.0,19.4,18.1,17.1
美浦,20260711,土,7:29,スチョウプリンセス,,牝,3,0,的場均,68.0,49.9,32.6,16.2,18.1,17.3,16.4,16.2
美浦,20260711,土,7:29,タツナナイロ,,牝,3,0,的場均,67.7,51.1,34.3,16.3,16.6,16.8,18.0,16.3
美浦,20260711,土,7:29,フェルアフリーゼ,,牝,3,0,深山雅史,70.6,51.3,33.9,16.4,19.3,17.4,17.5,16.4
美浦,20260711,土,7:29,ブルーリヴァーサル,,牡,6,340,的場均,69.9,51.3,33.9,16.7,18.6,17.4,17.2,16.7
美浦,20260711,土,7:29,ヴェットビルズ,,牝,2,0,的場均,69.6,51.2,33.6,16.7,18.4,17.6,16.9,16.7
美浦,20260711,土,7:30,,,,,,,66.0,48.7,32.4,16.2,17.3,16.3,16.2,16.2
美浦,20260711,土,7:30,ウップヘリーア,,牡,3,400,黒岩陽一,64.9,47.0,30.5,14.8,17.9,16.5,15.7,14.8
美浦,20260711,土,7:30,コパノトーマス,,牡,3,400,青木孝文,63.6,46.2,29.8,15.1,17.4,16.4,14.7,15.1
美浦,20260711,土,7:30,ハミングリップス,,牝,2,未出走,青木孝文,68.3,50.8,33.7,16.9,17.5,17.1,16.8,16.9
美浦,20260711,土,7:30,フルールロイヤル,,牝,3,0,青木孝文,65.9,48.3,31.8,16.0,17.6,16.5,15.8,16.0
美浦,20260711,土,7:30,ミズノミヤコ,,牝,3,0,青木孝文,64.6,47.8,32.0,16.0,16.8,15.8,16.0,16.0
美浦,20260711,土,7:32,アオイスミレ,,牝,2,未出走,加藤征弘,71.0,52.4,34.3,16.9,18.6,18.1,17.4,16.9
美浦,20260711,土,7:32,キミハスコール,,牡,5,900,加藤征弘,69.1,50.7,33.0,16.2,18.4,17.7,16.8,16.2
美浦,20260711,土,7:32,サンマルオブウォー,,牡,3,未出走,中川公成,65.1,49.4,33.4,17.1,15.7,16.0,16.3,17.1
美浦,20260711,土,7:32,プラネタリーアワー,,牝,3,0,加藤征弘,69.9,51.4,33.7,16.5,18.5,17.7,17.2,16.5
美浦,20260711,土,7:32,ミウ,,牝,3,0,加藤征弘,68.4,50.0,32.8,15.8,18.4,17.2,17.0,15.8
美浦,20260711,土,7:32,ラッキーキッド,,牡,3,1600,加藤征弘,68.4,50.1,32.8,15.8,18.3,17.3,17.0,15.8
美浦,20260711,土,7:32,レーヴマジック,,牡,2,未出走,中川公成,71.1,54.9,36.8,18.6,16.2,18.1,18.2,18.6
美浦,20260711,土,7:32,ヴァルフォース,,牝,2,未出走,加藤征弘,69.3,50.8,33.5,16.6,18.5,17.3,16.9,16.6
美浦,20260711,土,7:33,,,,,,,68.9,50.3,33.0,16.6,18.6,17.3,16.4,16.6
美浦,20260711,土,7:33,モリノアミーゴ,,牝,4,900,鈴木伸尋,65.6,46.3,29.7,14.6,19.3,16.6,15.1,14.6
美浦,20260711,土,7:34,,,,,,,76.7,56.8,38.2,19.0,19.9,18.6,19.2,19.0
美浦,20260711,土,7:34,,,,,,,77.4,57.4,38.5,19.1,20.0,18.9,19.4,19.1
美浦,20260711,土,7:34,キミヘノメロディー,,牡,2,未出走,石栗龍彦,66.4,48.8,32.9,16.4,17.6,15.9,16.5,16.4
美浦,20260711,土,7:34,ステラゲイル,,牡,3,0,石栗龍彦,72.1,52.6,33.8,16.5,19.5,18.8,17.3,16.5
美浦,20260711,土,7:34,ルフトシュピール,,牝,2,未出走,木村哲也,78.4,58.2,38.5,19.2,20.2,19.7,19.3,19.2
美浦,20260711,土,7:35,ナイトバード,,牡,3,0,中舘英二,53.8,39.4,25.7,12.2,14.4,13.7,13.5,12.2
美浦,20260711,土,7:36,コスモノーチラス,,牡,2,未出走,中舘英二,70.1,52.3,34.5,17.1,17.8,17.8,17.4,17.1
美浦,20260711,土,7:36,ノーブルクライ,,牡,6,900,中舘英二,70.2,52.0,34.0,17.0,18.2,18.0,17.0,17.0
美浦,20260711,土,7:37,,,,,,,69.7,50.5,32.5,15.1,19.2,18.0,17.4,15.1
美浦,20260711,土,7:37,,,,,,,70.0,50.3,31.7,14.8,19.7,18.6,16.9,14.8
美浦,20260711,土,7:37,アトラップモア,,牝,3,未出走,堀宣行,66.7,49.9,33.2,17.0,16.8,16.7,16.2,17.0
美浦,20260711,土,7:37,アパッシメント,,セ,4,900,堀宣行,68.3,51.0,34.1,17.2,17.3,16.9,16.9,17.2
美浦,20260711,土,7:37,アブリコース,,牝,2,未出走,小手川準,69.8,51.4,33.2,16.0,18.4,18.2,17.2,16.0
美浦,20260711,土,7:37,トゥモローズウェイ,,牝,3,0,小手川準,64.7,47.5,30.9,15.6,17.2,16.6,15.3,15.6
美浦,20260711,土,7:37,ブランフォルテ,,牡,4,0,辻哲英,64.4,47.5,30.7,15.0,16.9,16.8,15.7,15.0
美浦,20260711,土,7:37,ヴィシーチェック,,牝,2,未出走,小手川準,65.2,48.1,31.3,15.2,17.1,16.8,16.1,15.2
美浦,20260711,土,7:38,ドーンレイド,,牡,2,未出走,武藤善則,65.6,48.1,30.9,15.0,17.5,17.2,15.9,15.0
美浦,20260711,土,7:38,ロケットパンチ,,セ,3,400,武藤善則,65.4,48.5,32.1,16.0,16.9,16.4,16.1,16.0
美浦,20260711,土,7:39,,,,,,,65.8,48.6,31.8,15.6,17.2,16.8,16.2,15.6
美浦,20260711,土,7:39,コスモペンタス,,牝,3,0,西田雄一,64.8,47.6,31.2,15.6,17.2,16.4,15.6,15.6
美浦,20260711,土,7:39,サトノフレア,,牡,3,0,堀宣行,65.6,48.9,31.6,15.6,16.7,17.3,16.0,15.6
美浦,20260711,土,7:39,ジーティーフクフク,,牝,3,0,西田雄一,65.4,47.9,31.3,15.5,17.5,16.6,15.8,15.5
美浦,20260711,土,7:39,チザルピーノ,,セ,5,900,堀宣行,66.3,49.6,32.2,16.7,16.7,17.4,15.5,16.7
美浦,20260711,土,7:39,ホウキボシ,,セ,6,900,堀宣行,67.3,49.8,32.9,16.4,17.5,16.9,16.5,16.4
美浦,20260711,土,7:39,ロワデュモンド,,牡,2,未出走,西田雄一,65.0,47.7,31.6,15.4,17.3,16.1,16.2,15.4
美浦,20260711,土,7:40,ロックフラワー,,牝,3,未出走,西田雄一,69.1,50.8,33.5,16.6,18.3,17.3,16.9,16.6
美浦,20260711,土,7:41,モウエエデショー,,牡,3,400,萱野浩二,69.1,51.0,33.8,17.0,18.1,17.2,16.8,17.0
美浦,20260711,土,7:42,ロッカバイベイビー,,牝,4,900,伊藤圭三,62.2,46.5,30.4,15.2,15.7,16.1,15.2,15.2
美浦,20260711,土,7:43,トレンドマーチ,,牡,3,0,萱野浩二,70.1,52.6,35.3,17.9,17.5,17.3,17.4,17.9
美浦,20260711,土,7:44,シャルムグリーン,,牡,3,0,相沢郁,63.3,46.3,30.6,15.3,17.0,15.7,15.3,15.3
美浦,20260711,土,7:44,チェイサー,,牡,3,0,相沢郁,66.1,49.4,33.0,17.1,16.7,16.4,15.9,17.1
美浦,20260711,土,7:44,ネイティヴプライド,,牡,3,0,高木登,71.8,53.3,35.3,17.6,18.5,18.0,17.7,17.6
美浦,20260711,土,7:44,マイネルリーヒム,,牡,3,0,武市康男,66.7,49.4,32.7,16.1,17.3,16.7,16.6,16.1
美浦,20260711,土,7:44,ラヴァレード,,牡,2,未出走,高木登,71.8,52.9,35.2,17.1,18.9,17.7,18.1,17.1
美浦,20260711,土,7:44,レイロウレンズ,,牡,2,未出走,武市康男,67.2,50.6,34.2,16.9,16.6,16.4,17.3,16.9
美浦,20260711,土,7:44,ローラン,,牝,2,未出走,武市康男,65.7,50.0,33.6,16.7,15.7,16.4,16.9,16.7
美浦,20260711,土,7:45,,,,,,,80.2,59.5,39.5,19.8,20.7,20.0,19.7,19.8
美浦,20260711,土,7:45,カーラデマドレ,,牝,4,900,矢嶋大樹,81.5,58.6,38.2,18.6,22.9,20.4,19.6,18.6
美浦,20260711,土,7:45,コールリッジ,,牡,3,0,林徹,62.6,46.5,30.8,15.0,16.1,15.7,15.8,15.0
美浦,20260711,土,7:45,スラッシュコード,,牡,3,0,伊藤圭三,72.1,51.8,33.3,16.1,20.3,18.5,17.2,16.1
美浦,20260711,土,7:45,ディヴァインスター,,牡,4,1500,林徹,63.4,47.4,31.6,15.1,16.0,15.8,16.5,15.1
美浦,20260711,土,7:45,ニューエピキュロス,,牡,2,未出走,相沢郁,67.0,50.4,33.4,16.7,16.6,17.0,16.7,16.7
美浦,20260711,土,7:45,ノワールブレイブ,,牝,2,未出走,清水英克,70.1,51.6,34.6,17.5,18.5,17.0,17.1,17.5
美浦,20260711,土,7:45,パチクリベスクリ,,牡,3,0,清水英克,74.3,56.2,37.6,18.8,18.1,18.6,18.8,18.8
美浦,20260711,土,7:45,フェスティヴビーム,,セ,6,400,畠山吉宏,72.3,52.7,33.9,16.5,19.6,18.8,17.4,16.5
美浦,20260711,土,7:45,ミツカネメルクリオ,,牡,3,0,清水英克,70.7,52.3,35.0,17.7,18.4,17.3,17.3,17.7
美浦,20260711,土,7:46,クイーンズレイン,,牝,3,0,林徹,72.6,54.2,35.5,16.9,18.4,18.7,18.6,16.9
美浦,20260711,土,7:46,ジオパークカツキ,,牡,2,未出走,伊藤圭三,67.2,48.6,31.6,15.5,18.6,17.0,16.1,15.5
美浦,20260711,土,7:46,チョコスコーン,,牝,3,0,林徹,74.9,55.8,36.9,17.8,19.1,18.9,19.1,17.8
美浦,20260711,土,7:46,ルージュダリア,,牝,3,400,林徹,73.0,53.7,35.2,16.8,19.3,18.5,18.4,16.8
美浦,20260711,土,7:47,,,,,,,67.6,49.9,32.9,16.2,17.7,17.0,16.7,16.2
美浦,20260711,土,7:47,アンプイットアップ,,牡,3,400,岩戸孝樹,67.2,49.6,32.5,15.9,17.6,17.1,16.6,15.9
美浦,20260711,土,7:47,エコロレイズ,,牡,5,1500,岩戸孝樹,67.3,49.8,32.7,16.0,17.5,17.1,16.7,16.0
美浦,20260711,土,7:47,バンデルオーラ,,牡,7,2400,岩戸孝樹,67.1,49.2,32.3,16.1,17.9,16.9,16.2,16.1
美浦,20260711,土,7:47,リコルディオーロ,,牡,2,未出走,伊藤圭三,71.1,53.2,33.8,17.1,17.9,19.4,16.7,17.1
美浦,20260711,土,7:51,チェストー,,牡,3,0,高橋文雅,65.1,48.2,31.9,15.8,16.9,16.3,16.1,15.8
美浦,20260711,土,7:51,ブレイブシュガー,,牡,3,0,高橋文雅,63.0,46.5,30.7,15.5,16.5,15.8,15.2,15.5
美浦,20260711,土,7:53,ブレトワルダ,,セ,4,900,新開幸一,66.7,48.7,32.1,16.2,18.0,16.6,15.9,16.2
美浦,20260711,土,7:55,ミッドセンチュリー,,牡,4,400,松山将樹,73.7,52.9,33.3,15.8,20.8,19.6,17.5,15.8
美浦,20260711,土,7:58,,,,,,,65.2,48.0,31.4,15.2,17.2,16.6,16.2,15.2
美浦,20260711,土,7:58,カシオペア,,牡,4,400,上原佑紀,63.7,47.0,31.0,15.6,16.7,16.0,15.4,15.6
美浦,20260711,土,7:58,カワイクテゴメン,,牝,3,0,田中勝春,65.2,48.5,32.1,16.2,16.7,16.4,15.9,16.2
美浦,20260711,土,7:58,キコリータ,,牝,3,0,田中勝春,63.9,47.0,31.2,15.5,16.9,15.8,15.7,15.5
美浦,20260711,土,7:58,グランルチャドール,,牡,5,400,上原佑紀,62.4,45.9,30.1,14.9,16.5,15.8,15.2,14.9
美浦,20260711,土,7:58,マッドゲイル,,牡,3,900,上原佑紀,62.7,46.2,30.3,15.0,16.5,15.9,15.3,15.0
美浦,20260711,土,7:58,ユメノカケラ,,牡,2,未出走,上原佑紀,64.9,47.9,31.0,14.9,17.0,16.9,16.1,14.9
美浦,20260711,土,7:59,スパークルレイ,,牝,3,0,的場均,71.6,52.2,34.0,17.3,19.4,18.2,16.7,17.3
美浦,20260711,土,7:59,デルマジュテーム,,牝,4,400,的場均,69.8,50.3,32.1,15.4,19.5,18.2,16.7,15.4
美浦,20260711,土,7:59,パチクリベスクリ,,牡,3,0,清水英克,63.7,48.3,32.8,16.8,15.4,15.5,16.0,16.8
美浦,20260711,土,8:00,ゴールデンステップ,,牝,5,400,和田勇介,66.8,49.5,32.8,16.1,17.3,16.7,16.7,16.1
美浦,20260711,土,8:00,ノワールブレイブ,,牝,2,未出走,清水英克,65.9,48.9,32.1,15.8,17.0,16.8,16.3,15.8
美浦,20260711,土,8:00,ミツカネメルクリオ,,牡,3,0,清水英克,66.4,49.2,32.2,15.9,17.2,17.0,16.3,15.9
美浦,20260711,土,8:04,キョウエイボニータ,,牝,4,900,伊藤伸一,74.9,55.2,36.7,18.3,19.7,18.5,18.4,18.3
美浦,20260711,土,8:05,ケブラダラボジェラ,,牝,2,未出走,伊藤伸一,74.3,54.4,36.3,18.5,19.9,18.1,17.8,18.5
美浦,20260711,土,8:07,ブレトワルダ,,セ,4,900,新開幸一,64.2,47.5,31.2,15.3,16.7,16.3,15.9,15.3
美浦,20260711,土,8:20,ダイヒョウカーク,,牡,3,0,松山将樹,75.2,57.4,39.0,19.9,17.8,18.4,19.1,19.9
美浦,20260711,土,8:31,バセリーナ,,牡,4,900,松山将樹,80.4,57.1,37.2,18.2,23.3,19.9,19.0,18.2
美浦,20260711,土,8:38,ラヴアンドライク,,牝,4,400,稲垣幸雄,65.2,49.0,32.5,16.5,16.2,16.5,16.0,16.5
美浦,20260711,土,8:38,ルーチェルナーレ,,牝,2,未出走,稲垣幸雄,64.8,48.6,32.4,16.2,16.2,16.2,16.2,16.2
