美浦,20260821,金,5:05,ミコウェイ,,牝,2,未出走,鈴木伸尋,56.4,40.6,26.2,12.8,15.8,14.4,13.4,12.8
美浦,20260821,金,5:05,トモジャシャカ,,牡,2,未出走,鈴木伸尋,55.9,40.4,26.2,12.9,15.5,14.2,13.3,12.9
美浦,20260821,金,5:06,レッドアトレーヴ,,牡,5,1500,手塚貴久,54.1,39.4,25.6,12.6,14.7,13.8,13.0,12.6
美浦,20260821,金,5:06,スラッシュコード,,牡,3,0,伊藤圭三,56.1,41.0,26.9,13.2,15.1,14.1,13.7,13.2
美浦,20260821,金,5:06,トリスティ,,牝,3,250,伊藤圭三,55.6,40.7,26.5,13.3,14.9,14.2,13.2,13.3
美浦,20260821,金,5:08,ホウオウルーレット,,牡,7,7500,栗田徹,54.3,38.9,25.0,12.4,15.4,13.9,12.6,12.4
美浦,20260821,金,5:13,アデランテ,,セ,5,1500,菊川正達,55.0,40.5,26.4,13.2,14.5,14.1,13.2,13.2
美浦,20260821,金,5:17,レジーナローズ,,牝,6,900,鈴木慎太,54.6,40.2,25.9,12.6,14.4,14.3,13.3,12.6
美浦,20260821,金,5:33,カミカクシ,,牝,3,0,竹内正洋,56.9,40.8,26.6,12.9,16.1,14.2,13.7,12.9
美浦,20260821,金,5:33,イサチルサリーレ,,牡,2,0,竹内正洋,56.0,40.3,26.2,12.8,15.7,14.1,13.4,12.8
美浦,20260821,金,5:35,イブニングタイド,,牝,4,900,林徹,54.5,39.3,24.9,12.3,15.2,14.4,12.6,12.3
美浦,20260821,金,5:37,シルフィー,,牡,3,0,村田一誠,58.5,42.5,27.9,14.1,16.0,14.6,13.8,14.1
美浦,20260821,金,5:41,モルゲンゾンネ,,セ,4,290,矢嶋大樹,57.5,41.0,26.3,13.0,16.5,14.7,13.3,13.0
美浦,20260821,金,5:43,メトロポリターナ,,牝,5,490,粕谷昌央,56.4,41.2,26.7,13.4,15.2,14.5,13.3,13.4
美浦,20260821,金,5:50,ピコシー,,牡,4,900,奥村武,59.2,42.9,28.0,13.8,16.3,14.9,14.2,13.8
美浦,20260821,金,6:53,リュミナーズ,,牝,4,400,堀内岳志,57.9,42.6,27.1,12.9,15.3,15.5,14.2,12.9
美浦,20260821,金,6:53,ルクスコロン,,牝,4,110,堀内岳志,66.5,46.8,29.0,13.5,19.7,17.8,15.5,13.5
美浦,20260821,金,7:06,ザンテソーロ,,牡,3,0,畠山吉宏,65.0,44.5,28.6,13.6,20.5,15.9,15.0,13.6
美浦,20260821,金,7:08,ユイノサダハル,,牡,3,0,古賀慎明,57.1,41.6,27.2,13.4,15.5,14.4,13.8,13.4
美浦,20260821,金,7:30,エコロエイト,,牡,5,2400,中舘英二,54.5,40.4,26.2,12.7,14.1,14.2,13.5,12.7
美浦,20260821,金,7:41,タイセイネクサス,,セ,3,0,古賀慎明,54.6,39.4,25.9,12.8,15.2,13.5,13.1,12.8
美浦,20260821,金,7:41,カフェオドヴィー,,牡,3,0,古賀慎明,57.6,42.5,27.7,13.6,15.1,14.8,14.1,13.6
栗東,20260821,金,3:07,アメリカンステージ,,牡,4,2010,矢作芳人,56.1,40.6,26.6,13.2,15.5,14.0,13.4,13.2
栗東,20260821,金,5:00,オトメナシャチョウ,,牝,4,900,森秀行,53.2,39.6,25.5,12.4,13.6,14.1,13.1,12.4
栗東,20260821,金,5:02,バイファーザベスト,,牡,7,730,清水久詞,54.8,40.6,26.6,12.9,14.2,14.0,13.7,12.9
栗東,20260821,金,5:03,フレイムスター,,牡,3,400,清水久詞,55.4,40.4,25.7,12.4,15.0,14.7,13.3,12.4
栗東,20260821,金,5:05,ラピス,,牝,3,0,安田翔伍,55.1,40.4,26.1,12.9,14.7,14.3,13.2,12.9
栗東,20260821,金,5:06,オーバースタンド,,牡,4,400,小崎憲,56.1,40.9,26.8,13.3,15.2,14.1,13.5,13.3
栗東,20260821,金,5:08,フィデリス,,牝,3,0,坂口智康,55.1,39.4,25.1,12.5,15.7,14.3,12.6,12.5
栗東,20260821,金,5:13,レイバックスピン,,牝,4,2400,牧浦充徳,55.2,40.0,25.4,12.3,15.2,14.6,13.1,12.3
栗東,20260821,金,5:18,ピエマンソン,,牡,4,1500,平田修,66.9,46.6,28.9,13.8,20.3,17.7,15.1,13.8
栗東,20260821,金,5:34,インマイポケット,,牝,5,400,武幸四郎,55.0,39.9,25.7,12.6,15.1,14.2,13.1,12.6
栗東,20260821,金,5:35,アルベリック,,牡,5,900,中竹和也,55.8,40.8,26.0,12.7,15.0,14.8,13.3,12.7
栗東,20260821,金,5:38,アリストクラシア,,牝,5,400,吉岡辰弥,64.1,46.0,29.2,14.1,18.1,16.8,15.1,14.1
栗東,20260821,金,5:38,エンネ,,牝,3,1450,吉岡辰弥,63.6,45.5,29.3,14.5,18.1,16.2,14.8,14.5
栗東,20260821,金,5:56,ショウナンハウル,,セ,5,900,松下武士,56.5,40.2,25.7,12.6,16.3,14.5,13.1,12.6
栗東,20260821,金,6:11,ハッピーラブソング,,牝,3,400,牧浦充徳,61.9,44.7,29.4,15.0,17.2,15.3,14.4,15.0
栗東,20260821,金,6:23,ゼフィルス,,牝,3,0,橋口慎介,61.2,45.2,29.7,14.5,16.0,15.5,15.2,14.5
栗東,20260821,金,6:28,オースミサイファー,,牡,3,0,宮本博,67.4,47.7,30.4,14.1,19.7,17.3,16.3,14.1
栗東,20260821,金,6:32,ロードオルデン,,牡,7,900,辻野泰之,61.5,45.1,29.2,14.8,16.4,15.9,14.4,14.8
栗東,20260821,金,6:32,ポッドドンナー,,牡,4,900,辻野泰之,61.9,45.1,29.4,14.9,16.8,15.7,14.5,14.9
栗東,20260821,金,6:56,ユハンヌス,,牡,6,1500,大久保龍,54.0,37.4,24.9,12.9,16.6,12.5,12.0,12.9
栗東,20260821,金,6:56,メイショウトライオ,,牝,3,未出走,石橋守,54.2,38.8,25.4,12.8,15.4,13.4,12.6,12.8
栗東,20260821,金,6:56,ムスペルヘイム,,牡,2,未出走,西村真幸,64.2,46.8,30.4,14.5,17.4,16.4,15.9,14.5
栗東,20260821,金,6:57,タマモナポリ,,牝,5,900,河嶋宏樹,55.3,39.6,25.2,12.3,15.7,14.4,12.9,12.3
栗東,20260821,金,6:58,ラヴネヴァーダイズ,,牡,3,400,渡辺薫彦,54.8,39.9,24.9,12.1,14.9,15.0,12.8,12.1
栗東,20260821,金,6:59,ダンデノン,,牝,3,400,田中克典,57.3,41.9,27.5,13.7,15.4,14.4,13.8,13.7
栗東,20260821,金,6:59,トゥスコラーナ,,牝,3,0,松永幹夫,62.5,44.1,28.3,14.0,18.4,15.8,14.3,14.0
栗東,20260821,金,7:01,ロイヤルテール,,牡,4,410,畑端省吾,56.0,40.4,26.0,13.1,15.6,14.4,12.9,13.1
栗東,20260821,金,7:01,アンジュドジョワ,,牝,3,900,福永祐一,60.5,44.3,29.3,14.9,16.2,15.0,14.4,14.9
栗東,20260821,金,7:06,アリアニコ,,牝,2,未出走,吉岡辰弥,62.6,45.6,29.8,14.3,17.0,15.8,15.5,14.3
栗東,20260821,金,7:08,ベトルス,,セ,5,1500,友道康夫,58.0,42.1,26.9,12.8,15.9,15.2,14.1,12.8
栗東,20260821,金,7:12,ホウオウタイタン,,牝,4,900,須貝尚介,63.4,45.5,29.2,14.3,17.9,16.3,14.9,14.3
栗東,20260821,金,7:13,アーディアイリ,,牝,3,400,緒方努,60.6,45.4,30.9,16.0,15.2,14.5,14.9,16.0
栗東,20260821,金,7:22,サンライズモロヘイ,,牡,2,未出走,牧浦充徳,59.5,44.9,29.7,15.0,14.6,15.2,14.7,15.0
栗東,20260821,金,7:24,リチャードバローズ,,牡,5,1500,上村洋行,64.1,46.4,29.2,14.4,17.7,17.2,14.8,14.4
栗東,20260821,金,7:48,エルハーベン,,牡,3,400,藤岡健一,60.7,44.1,29.2,14.8,16.6,14.9,14.4,14.8
栗東,20260821,金,8:17,ノクスカンパーナ,,牝,3,0,吉岡辰弥,63.8,46.9,30.5,14.4,16.9,16.4,16.1,14.4
栗東,20260821,金,8:17,メモリアデルレ,,牡,2,0,吉岡辰弥,63.7,46.3,30.0,14.5,17.4,16.3,15.5,14.5
美浦,20260820,木,4:57,オートカリテ,,牝,3,0,牧光二,54.2,39.1,25.5,12.8,15.1,13.6,12.7,12.8
美浦,20260820,木,4:57,フロックコート,,牡,2,未登録,,56.9,39.7,25.6,12.8,17.2,14.1,12.8,12.8
美浦,20260820,木,4:57,グラスクラージュ,,牡,2,0,牧光二,56.6,39.4,25.4,12.8,17.2,14.0,12.6,12.8
美浦,20260820,木,4:58,ブレーザー,,牡,5,3600,伊坂重信,56.0,39.3,25.1,12.4,16.7,14.2,12.7,12.4
美浦,20260820,木,4:58,ジェイエルバージ,,牡,2,未出走,伊坂重信,57.0,40.3,25.8,13.0,16.7,14.5,12.8,13.0
美浦,20260820,木,4:59,カシノリアーナ,,牝,3,400,天間昭一,58.2,42.3,27.1,13.5,15.9,15.2,13.6,13.5
美浦,20260820,木,5:01,スイートオレンジ,,牝,4,900,中川公成,52.6,39.2,25.6,12.6,13.4,13.6,13.0,12.6
美浦,20260820,木,5:01,メディチパワー,,牡,3,400,中川公成,54.1,40.0,26.1,12.9,14.1,13.9,13.2,12.9
美浦,20260820,木,5:01,ヒズストーリー,,牡,2,未出走,中川公成,52.5,39.1,25.9,12.9,13.4,13.2,13.0,12.9
美浦,20260820,木,5:01,テイクユアタイム,,牡,2,未出走,中川公成,53.7,40.2,26.6,13.4,13.5,13.6,13.2,13.4
美浦,20260820,木,5:02,セイウンプラチナ,,牡,7,2400,千葉直人,55.4,39.6,25.2,12.3,15.8,14.4,12.9,12.3
美浦,20260820,木,5:02,ベルイストワール,,牝,5,900,松尾卓哉,52.8,37.9,24.9,12.6,14.9,13.0,12.3,12.6
美浦,20260820,木,5:02,ルーフオブヘヴン,,牝,5,580,武藤善則,55.6,39.4,25.0,12.0,16.2,14.4,13.0,12.0
美浦,20260820,木,5:02,ピエナフェーヴル,,牡,4,790,萱野浩二,55.7,39.9,25.6,12.4,15.8,14.3,13.2,12.4
美浦,20260820,木,5:02,サマースイートピー,,牝,4,900,千葉直人,56.7,42.5,27.5,13.0,14.2,15.0,14.5,13.0
美浦,20260820,木,5:02,ペプチドドリーム,,牡,3,400,松尾卓哉,53.1,38.1,25.0,12.5,15.0,13.1,12.5,12.5
美浦,20260820,木,5:03,カンティーナ,,牝,3,400,堀内岳志,52.4,37.8,25.0,12.6,14.6,12.8,12.4,12.6
美浦,20260820,木,5:03,リュウノタキノボリ,,牡,2,未出走,堀内岳志,52.9,38.0,25.1,12.7,14.9,12.9,12.4,12.7
美浦,20260820,木,5:04,メイショウヨゾラ,,牝,5,2400,高柳瑞樹,53.7,38.6,25.3,12.4,15.1,13.3,12.9,12.4
美浦,20260820,木,5:04,アリアス,,牝,3,0,高柳瑞樹,54.4,39.2,25.5,12.4,15.2,13.7,13.1,12.4
美浦,20260820,木,5:04,デリシューズマン,,セ,3,0,平岩大典,58.4,42.0,27.4,13.7,16.4,14.6,13.7,13.7
美浦,20260820,木,5:04,コイゾラ,,牝,2,0,浅利英明,54.3,39.0,25.7,12.8,15.3,13.3,12.9,12.8
美浦,20260820,木,5:05,サードウインド,,牝,4,900,西田雄一,54.8,39.5,25.3,12.0,15.3,14.2,13.3,12.0
美浦,20260820,木,5:05,ソレエスピアージャ,,牝,4,330,西田雄一,55.2,39.7,25.4,12.1,15.5,14.3,13.3,12.1
美浦,20260820,木,5:05,マイネルトレマーズ,,牡,3,0,手塚貴久,55.6,41.2,26.9,12.9,14.4,14.3,14.0,12.9
美浦,20260820,木,5:07,クシマトゥルー,,牝,3,400,矢嶋大樹,55.5,40.6,26.4,13.0,14.9,14.2,13.4,13.0
美浦,20260820,木,5:07,ブラボーツー,,牡,2,未出走,矢嶋大樹,56.1,40.8,26.5,13.0,15.3,14.3,13.5,13.0
美浦,20260820,木,5:08,グランプレジール,,セ,7,400,堀宣行,54.8,39.3,25.5,12.6,15.5,13.8,12.9,12.6
美浦,20260820,木,5:11,ヤマニンリンキング,,牡,3,0,辻哲英,57.4,41.7,27.2,13.2,15.7,14.5,14.0,13.2
美浦,20260820,木,5:13,ブラッククラウズ,,牡,3,0,尾関知人,53.6,38.9,25.7,12.9,14.7,13.2,12.8,12.9
美浦,20260820,木,5:13,ラブトゥエニイワン,,牡,3,0,尾関知人,53.5,38.7,25.5,12.8,14.8,13.2,12.7,12.8
美浦,20260820,木,5:15,オプレントジュエル,,牝,4,400,中舘英二,54.9,39.7,25.5,12.5,15.2,14.2,13.0,12.5
美浦,20260820,木,5:15,エコロガレル,,牡,2,未出走,中舘英二,56.1,41.3,27.1,13.2,14.8,14.2,13.9,13.2
美浦,20260820,木,5:15,ビスクヴィート,,牡,2,0,中舘英二,56.1,41.4,27.1,13.3,14.7,14.3,13.8,13.3
美浦,20260820,木,5:21,シェーンシュティア,,牝,4,400,林徹,54.3,39.0,25.2,12.5,15.3,13.8,12.7,12.5
美浦,20260820,木,5:27,ワインレッドハート,,牝,3,0,戸田博文,54.4,39.4,25.3,12.4,15.0,14.1,12.9,12.4
美浦,20260820,木,5:34,イナズマハッチ,,牝,2,未出走,矢野英一,56.5,41.4,27.5,13.8,15.1,13.9,13.7,13.8
美浦,20260820,木,5:34,サトノエスパーダ,,牡,2,未出走,田中博康,58.2,42.6,27.2,13.0,15.6,15.4,14.2,13.0
美浦,20260820,木,5:34,ウィアレギア,,牡,2,未出走,矢野英一,56.8,41.9,28.0,14.4,14.9,13.9,13.6,14.4
美浦,20260820,木,5:34,ファンタジーゲーム,,牝,2,未出走,矢野英一,56.3,41.4,27.5,13.7,14.9,13.9,13.8,13.7
美浦,20260820,木,5:34,コールレスポンス,,牡,2,未出走,田中博康,58.0,42.4,27.0,12.9,15.6,15.4,14.1,12.9
美浦,20260820,木,5:39,キントリヒ,,牡,7,1500,矢野英一,54.0,38.8,25.5,12.7,15.2,13.3,12.8,12.7
美浦,20260820,木,5:39,レイヤードレッド,,牡,4,900,手塚貴久,56.4,41.1,26.6,12.8,15.3,14.5,13.8,12.8
美浦,20260820,木,5:53,マーゴットソラーレ,,セ,5,400,伊坂重信,56.5,40.4,26.2,12.7,16.1,14.2,13.5,12.7
美浦,20260820,木,5:54,ゴーゴーパンチ,,牡,3,400,天間昭一,52.8,39.4,26.5,13.5,13.4,12.9,13.0,13.5
美浦,20260820,木,5:58,ディアフリーゼ,,牝,5,330,加藤和宏,52.8,38.7,26.0,13.1,14.1,12.7,12.9,13.1
美浦,20260820,木,6:24,ドロワ,,牡,3,0,室井潔,54.3,39.5,25.7,12.6,14.8,13.8,13.1,12.6
美浦,20260820,木,6:24,ワッフル,,牝,3,0,室井潔,54.3,39.6,25.8,12.7,14.7,13.8,13.1,12.7
美浦,20260820,木,6:24,ラディアントスター,,牡,3,900,林徹,55.6,40.3,25.6,12.2,15.3,14.7,13.4,12.2
美浦,20260820,木,6:26,フキョウワオン,,牡,3,0,勢司和浩,57.7,42.5,27.7,13.6,15.2,14.8,14.1,13.6
美浦,20260820,木,6:29,マイネルオラクル,,牡,3,0,尾関知人,54.5,40.1,26.4,13.2,14.4,13.7,13.2,13.2
美浦,20260820,木,6:29,シェンロン,,牡,3,未出走,尾関知人,56.2,41.7,27.6,14.2,14.5,14.1,13.4,14.2
美浦,20260820,木,6:31,エリカカリーナ,,牝,5,900,宮田敬介,52.5,37.3,24.0,11.7,15.2,13.3,12.3,11.7
美浦,20260820,木,6:31,ジャスティンシカゴ,,牡,3,900,宮田敬介,53.6,39.5,25.5,12.2,14.1,14.0,13.3,12.2
美浦,20260820,木,6:31,パウンドザロック,,牝,2,未出走,宮田敬介,54.7,40.1,25.8,12.4,14.6,14.3,13.4,12.4
美浦,20260820,木,6:32,ピースワンデュック,,牡,5,2400,大竹正博,57.5,42.1,27.9,13.6,15.4,14.2,14.3,13.6
美浦,20260820,木,6:32,ホウオウショコラ,,牝,4,400,大竹正博,57.2,41.8,27.3,12.7,15.4,14.5,14.6,12.7
美浦,20260820,木,6:41,アイビーチーキー,,牡,3,400,加藤士津,55.9,40.4,26.1,13.3,15.5,14.3,12.8,13.3
美浦,20260820,木,7:33,ゼンダンタカ,,牝,4,900,中舘英二,56.4,41.1,27.0,13.7,15.3,14.1,13.3,13.7
美浦,20260820,木,7:34,ジェイエルライナー,,牝,4,80,青木孝文,53.7,39.3,25.0,12.2,14.4,14.3,12.8,12.2
美浦,20260820,木,7:34,スルーザゴールド,,牡,3,0,青木孝文,54.1,39.6,25.4,12.3,14.5,14.2,13.1,12.3
美浦,20260820,木,7:42,ジンガー,,牡,4,440,粕谷昌央,54.0,39.2,26.0,12.9,14.8,13.2,13.1,12.9
美浦,20260820,木,7:42,ステキサプライズ,,牡,3,0,粕谷昌央,54.8,40.0,26.6,13.1,14.8,13.4,13.5,13.1
美浦,20260820,木,7:42,グローリアスダンス,,牝,3,0,粕谷昌央,54.8,40.2,25.9,13.1,14.6,14.3,12.8,13.1
美浦,20260820,木,7:42,キタノエフロレス,,牝,2,未出走,粕谷昌央,57.0,41.7,27.5,13.3,15.3,14.2,14.2,13.3
美浦,20260820,木,7:42,キャンディメモリー,,牝,2,未出走,粕谷昌央,57.0,41.7,27.5,13.4,15.3,14.2,14.1,13.4
美浦,20260820,木,8:02,グランルチャドール,,牡,5,400,上原佑紀,54.4,39.7,25.1,12.2,14.7,14.6,12.9,12.2
美浦,20260820,木,8:02,ルクスレイモンド,,牡,3,900,上原佑紀,54.1,39.5,25.0,12.0,14.6,14.5,13.0,12.0
美浦,20260820,木,8:02,レーヴデリオン,,牡,2,未出走,上原佑紀,54.5,39.7,25.2,12.1,14.8,14.5,13.1,12.1
美浦,20260820,木,8:40,モナークミニスター,,牡,2,未出走,林徹,57.2,41.3,27.5,13.8,15.9,13.8,13.7,13.8
栗東,20260820,木,5:00,ゴッドブルービー,,牡,6,2400,角田晃一,53.6,38.4,24.6,12.0,15.2,13.8,12.6,12.0
栗東,20260820,木,5:00,スウィートライト,,牝,2,未出走,橋口慎介,54.5,38.3,24.6,12.2,16.2,13.7,12.4,12.2
栗東,20260820,木,5:00,キリマンジェロタフ,,牡,2,未出走,橋口慎介,54.1,37.8,24.1,12.2,16.3,13.7,11.9,12.2
栗東,20260820,木,5:00,ニクスルーナ,,牝,2,0,高柳大輔,53.3,38.3,24.7,12.1,15.0,13.6,12.6,12.1
栗東,20260820,木,5:01,カネフラ,,牡,6,2400,高橋康之,55.9,39.2,24.8,12.2,16.7,14.4,12.6,12.2
栗東,20260820,木,5:01,ボディブロー,,牡,5,1400,森秀行,55.2,40.2,25.9,12.6,15.0,14.3,13.3,12.6
栗東,20260820,木,5:01,インユアパレス,,牡,5,5750,須貝尚介,60.2,43.5,28.0,13.6,16.7,15.5,14.4,13.6
栗東,20260820,木,5:01,アメリカンステージ,,牡,4,2010,矢作芳人,60.5,42.9,27.5,13.9,17.6,15.4,13.6,13.9
栗東,20260820,木,5:01,エコロヴァイス,,牡,4,400,吉村圭司,55.1,40.3,25.9,12.7,14.8,14.4,13.2,12.7
栗東,20260820,木,5:01,スマートプリエール,,牝,3,2300,大久保龍,52.5,38.2,24.8,12.4,14.3,13.4,12.4,12.4
栗東,20260820,木,5:01,エドッコ,,牡,2,未出走,吉村圭司,56.8,40.9,26.8,13.1,15.9,14.1,13.7,13.1
栗東,20260820,木,5:01,バヤールロック,,牡,2,未出走,中村直也,53.0,38.8,25.6,13.1,14.2,13.2,12.5,13.1
栗東,20260820,木,5:01,クオーレサンライズ,,牝,2,未出走,石坂公一,55.4,40.2,25.9,12.7,15.2,14.3,13.2,12.7
栗東,20260820,木,5:01,イッソス,,牡,2,未出走,石坂公一,56.0,39.7,25.2,12.4,16.3,14.5,12.8,12.4
栗東,20260820,木,5:01,ベルヴェール,,牡,2,0,石坂公一,56.4,39.8,25.2,12.4,16.6,14.6,12.8,12.4
栗東,20260820,木,5:01,サイトゥン,,牝,2,未出走,石坂公一,55.3,40.0,25.7,12.6,15.3,14.3,13.1,12.6
栗東,20260820,木,5:01,カエンフォース,,牡,2,未出走,中村直也,53.7,39.2,25.8,13.2,14.5,13.4,12.6,13.2
栗東,20260820,木,5:02,ビクスバイト,,牝,3,0,佐藤悠太,56.6,41.4,27.2,13.6,15.2,14.2,13.6,13.6
栗東,20260820,木,5:02,ジュエルシップ,,牝,2,0,柴田卓,57.0,41.6,27.4,13.7,15.4,14.2,13.7,13.7
栗東,20260820,木,5:02,ミッションデュロワ,,牡,2,未出走,佐藤悠太,58.3,43.1,28.9,15.2,15.2,14.2,13.7,15.2
栗東,20260820,木,5:03,ビッグシーザー,,牡,6,8500,杉山晴紀,53.6,37.4,24.1,12.2,16.2,13.3,11.9,12.2
栗東,20260820,木,5:03,リアライズアリス,,牝,3,0,杉山晴紀,55.5,39.3,25.6,12.6,16.2,13.7,13.0,12.6
栗東,20260820,木,5:03,シュブスタンス,,牡,2,未出走,杉山晴紀,53.7,37.6,23.9,12.0,16.1,13.7,11.9,12.0
栗東,20260820,木,5:04,リカントロポ,,牡,4,900,梅田智之,54.9,39.2,25.4,12.6,15.7,13.8,12.8,12.6
栗東,20260820,木,5:04,テーオーシュタイン,,牡,4,900,梅田智之,54.4,38.5,24.7,12.3,15.9,13.8,12.4,12.3
栗東,20260820,木,5:04,モズタイシソウシ,,牡,3,0,平田修,55.9,40.7,26.5,13.0,15.2,14.2,13.5,13.0
栗東,20260820,木,5:04,デュードロップ,,牝,3,0,平田修,54.4,39.5,26.2,13.3,14.9,13.3,12.9,13.3
栗東,20260820,木,5:05,エテルノレガーメ,,牡,4,400,野中賢二,52.9,38.5,24.9,12.4,14.4,13.6,12.5,12.4
栗東,20260820,木,5:05,ビービークローサー,,牡,3,1500,野中賢二,56.0,40.3,25.6,12.8,15.7,14.7,12.8,12.8
栗東,20260820,木,5:05,ソウルオンファイア,,牝,3,1500,野中賢二,56.7,40.7,25.8,12.5,16.0,14.9,13.3,12.5
栗東,20260820,木,5:05,ドリームオブコージ,,牡,2,0,安田翔伍,54.4,39.6,26.0,13.4,14.8,13.6,12.6,13.4
栗東,20260820,木,5:05,ルージュムーサ,,牝,2,未出走,安田翔伍,54.6,39.8,26.1,13.5,14.8,13.7,12.6,13.5
栗東,20260820,木,5:05,ヴェルソドルチェ,,牝,2,未出走,茶木太樹,56.0,39.2,25.1,12.7,16.8,14.1,12.4,12.7
栗東,20260820,木,5:06,ベルピルエット,,牝,4,100,小崎憲,54.2,39.5,25.7,12.8,14.7,13.8,12.9,12.8
栗東,20260820,木,5:06,ブームバップビート,,牡,3,400,中内田充,55.5,39.4,25.3,12.6,16.1,14.1,12.7,12.6
栗東,20260820,木,5:06,ベンゲル,,牡,2,未出走,飯田祐史,58.0,42.2,27.5,13.3,15.8,14.7,14.2,13.3
栗東,20260820,木,5:06,メモリーブック,,牡,2,未出走,飯田祐史,58.0,42.2,27.4,13.3,15.8,14.8,14.1,13.3
栗東,20260820,木,5:07,チリーゴールド,,牝,4,120,飯田祐史,54.3,39.1,25.0,12.5,15.2,14.1,12.5,12.5
栗東,20260820,木,5:07,サトノアグード,,牡,3,400,藤原英昭,57.3,40.8,26.1,12.6,16.5,14.7,13.5,12.6
栗東,20260820,木,5:07,ソフィアビルド,,牡,2,未出走,藤原英昭,57.1,40.7,26.1,12.8,16.4,14.6,13.3,12.8
栗東,20260820,木,5:09,リトムテール,,牝,4,130,渡辺薫彦,56.4,40.6,25.8,12.7,15.8,14.8,13.1,12.7
栗東,20260820,木,5:09,プリティウーマン,,牝,3,0,高橋一哉,55.6,40.1,25.7,12.5,15.5,14.4,13.2,12.5
栗東,20260820,木,5:09,コジアン,,牡,2,0,小椋研介,55.1,39.4,25.6,12.7,15.7,13.8,12.9,12.7
栗東,20260820,木,5:09,ロンドンレガシー,,牡,2,未出走,高橋一哉,56.1,40.6,26.2,12.6,15.5,14.4,13.6,12.6
栗東,20260820,木,5:11,タガノバビロン,,牡,4,2400,西園翔太,52.6,38.6,25.4,13.2,14.0,13.2,12.2,13.2
栗東,20260820,木,5:11,クロームクロス,,牡,3,0,西園翔太,52.6,38.4,25.5,13.1,14.2,12.9,12.4,13.1
栗東,20260820,木,5:11,ジュンヴァッテッド,,牡,3,0,浜田多実,54.9,40.4,26.5,13.0,14.5,13.9,13.5,13.0
栗東,20260820,木,5:11,ツトム,,牡,2,未出走,浜田多実,59.0,43.0,28.5,13.5,16.0,14.5,15.0,13.5
栗東,20260820,木,5:11,タナオルフォーリア,,牡,2,未出走,浜田多実,59.1,43.2,28.6,13.7,15.9,14.6,14.9,13.7
栗東,20260820,木,5:12,ストップザタイム,,セ,7,900,緒方努,57.5,42.2,27.9,13.2,15.3,14.3,14.7,13.2
栗東,20260820,木,5:12,ハリーケーン,,牡,4,1500,大根田裕,52.5,37.1,24.1,12.3,15.4,13.0,11.8,12.3
栗東,20260820,木,5:13,シュヴァルツリーベ,,牝,6,900,羽月友彦,56.4,41.1,26.5,12.8,15.3,14.6,13.7,12.8
栗東,20260820,木,5:13,タフクッキー,,牝,3,0,中内田充,58.5,40.7,25.9,13.0,17.8,14.8,12.9,13.0
栗東,20260820,木,5:13,サラサダンディー,,牡,3,0,岡田稲男,58.2,42.0,27.1,13.2,16.2,14.9,13.9,13.2
栗東,20260820,木,5:13,オーシャンズフレア,,牡,2,未出走,北出成人,53.3,39.4,25.3,12.5,13.9,14.1,12.8,12.5
栗東,20260820,木,5:13,ウィザードシチー,,牡,2,未出走,北出成人,53.6,39.6,25.6,12.7,14.0,14.0,12.9,12.7
栗東,20260820,木,5:14,シュバルツマサムネ,,牡,4,1500,杉山佳明,53.1,39.1,25.7,12.9,14.0,13.4,12.8,12.9
栗東,20260820,木,5:16,マリオロード,,牡,7,3800,安達昭夫,55.1,39.9,26.2,12.7,15.2,13.7,13.5,12.7
栗東,20260820,木,5:17,システマソラー,,牡,3,900,橋田宜長,56.8,41.7,27.4,13.3,15.1,14.3,14.1,13.3
栗東,20260820,木,5:17,スリーボンド,,牝,2,未出走,橋田宜長,57.8,41.3,26.3,12.8,16.5,15.0,13.5,12.8
栗東,20260820,木,5:17,ミスティビーコン,,牡,2,未登録,,58.1,41.3,26.3,12.8,16.8,15.0,13.5,12.8
栗東,20260820,木,5:19,ベイビーブラザー,,牡,2,0,安達昭夫,57.8,42.6,28.3,14.4,15.2,14.3,13.9,14.4
栗東,20260820,木,5:20,ヴォーカライズ,,牡,3,400,高野友和,56.2,40.9,26.2,12.3,15.3,14.7,13.9,12.3
栗東,20260820,木,5:21,スラッシュ,,牡,3,0,安達昭夫,57.4,42.6,28.3,14.0,14.8,14.3,14.3,14.0
栗東,20260820,木,5:23,マテンロウブレイブ,,牡,4,1500,高橋亮,54.9,39.3,25.9,13.0,15.6,13.4,12.9,13.0
栗東,20260820,木,5:24,スターフュージョン,,牝,3,400,杉山佳明,57.7,42.1,27.7,13.9,15.6,14.4,13.8,13.9
栗東,20260820,木,5:24,ロードヴィゴラス,,牡,3,400,四位洋文,60.1,42.9,27.8,13.5,17.2,15.1,14.3,13.5
栗東,20260820,木,5:26,リアライズ,,牡,6,770,石橋守,56.2,40.9,26.0,12.2,15.3,14.9,13.8,12.2
栗東,20260820,木,5:26,メイショウヒタカミ,,牡,3,0,石橋守,57.1,41.0,26.4,12.8,16.1,14.6,13.6,12.8
栗東,20260820,木,5:28,オールセインツ,,セ,5,1500,友道康夫,55.9,39.6,25.5,12.5,16.3,14.1,13.0,12.5
栗東,20260820,木,5:28,エムズグレイ,,牡,2,未出走,友道康夫,56.5,40.4,25.9,12.5,16.1,14.5,13.4,12.5
栗東,20260820,木,5:29,ティムール,,牡,6,900,中竹和也,54.7,39.7,25.7,12.8,15.0,14.0,12.9,12.8
栗東,20260820,木,5:29,フレイミングパイ,,牝,5,900,中竹和也,53.1,39.9,27.0,14.2,13.2,12.9,12.8,14.2
栗東,20260820,木,5:29,メイショウナルカミ,,牡,3,900,安達昭夫,53.7,39.0,25.3,12.7,14.7,13.7,12.6,12.7
栗東,20260820,木,5:29,ラミアスペランツァ,,牝,3,0,宮地貴稔,55.1,40.1,25.8,12.8,15.0,14.3,13.0,12.8
栗東,20260820,木,5:29,サトノボルテクス,,牡,2,未出走,中竹和也,53.3,38.8,25.1,12.6,14.5,13.7,12.5,12.6
栗東,20260820,木,5:30,ジャンヌドゥレーヴ,,牝,3,400,角田晃一,54.7,38.8,24.8,12.1,15.9,14.0,12.7,12.1
栗東,20260820,木,5:33,フリーレイン,,牝,2,未出走,角田晃一,55.7,40.1,26.4,13.3,15.6,13.7,13.1,13.3
栗東,20260820,木,5:33,スイトーヨ,,牝,2,0,角田晃一,55.0,39.7,26.1,13.1,15.3,13.6,13.0,13.1
栗東,20260820,木,5:41,サクラオーラ,,牝,7,560,河嶋宏樹,55.6,39.8,25.2,12.6,15.8,14.6,12.6,12.6
栗東,20260820,木,5:41,ワールドキッス,,牡,4,400,河嶋宏樹,54.8,39.3,25.2,12.7,15.5,14.1,12.5,12.7
栗東,20260820,木,5:47,シホノスペランツァ,,牡,7,1500,寺島良,58.2,42.4,28.4,14.5,15.8,14.0,13.9,14.5
栗東,20260820,木,5:52,ワールドシリーズ,,牡,5,400,秋山真一,53.9,38.4,25.2,12.7,15.5,13.2,12.5,12.7
栗東,20260820,木,5:57,セレーノ,,牝,3,400,高橋亮,54.8,39.8,25.7,13.0,15.0,14.1,12.7,13.0
栗東,20260820,木,5:57,メイショウケンゴウ,,牡,3,0,高橋亮,55.6,40.5,26.3,13.4,15.1,14.2,12.9,13.4
栗東,20260820,木,5:57,ミッキーラヴィータ,,牝,3,0,高橋亮,56.1,41.8,27.6,14.2,14.3,14.2,13.4,14.2
栗東,20260820,木,6:21,ロードレジェロ,,牡,4,400,藤野健太,55.2,39.6,25.6,13.3,15.6,14.0,12.3,13.3
栗東,20260820,木,6:21,マサノエクスプレス,,牡,2,未出走,藤野健太,55.3,39.7,25.9,13.5,15.6,13.8,12.4,13.5
栗東,20260820,木,6:22,タイセイレグノ,,セ,4,400,浜田多実,53.7,38.8,24.8,12.1,14.9,14.0,12.7,12.1
栗東,20260820,木,6:22,メイショウイッカク,,牡,3,0,池添学,56.0,40.5,26.5,13.0,15.5,14.0,13.5,13.0
栗東,20260820,木,6:22,ルージュソムニウム,,牝,3,0,加藤公太,55.8,40.5,26.5,13.0,15.3,14.0,13.5,13.0
栗東,20260820,木,6:22,メイショウレイナ,,牝,2,未出走,池添学,55.7,40.3,26.3,13.1,15.4,14.0,13.2,13.1
栗東,20260820,木,6:23,ジーティーアダマン,,牡,4,2500,上村洋行,64.0,46.8,30.5,14.5,17.2,16.3,16.0,14.5
栗東,20260820,木,6:23,ヒルノプーリア,,牝,3,400,北出成人,51.7,37.7,24.5,12.2,14.0,13.2,12.3,12.2
栗東,20260820,木,6:23,コスモクラウン,,牡,2,未出走,北出成人,51.9,37.9,24.6,12.1,14.0,13.3,12.5,12.1
栗東,20260820,木,6:24,マテンロウゲイル,,牡,3,2400,野中賢二,55.3,41.0,25.7,12.4,14.3,15.3,13.3,12.4
栗東,20260820,木,6:24,ホワイトパンサー,,牝,2,未出走,野中賢二,56.9,41.7,27.1,13.5,15.2,14.6,13.6,13.5
栗東,20260820,木,6:24,スナークルーベンス,,牡,2,未出走,野中賢二,56.8,41.6,27.1,13.5,15.2,14.5,13.6,13.5
栗東,20260820,木,6:25,インジケーター,,牡,5,1220,高橋康之,53.4,39.0,25.8,13.2,14.4,13.2,12.6,13.2
栗東,20260820,木,6:25,ピゲ,,牡,3,0,高橋康之,53.4,38.9,25.5,12.8,14.5,13.4,12.7,12.8
栗東,20260820,木,6:25,バロッカネーラ,,牝,3,0,池添学,61.9,45.5,29.3,14.2,16.4,16.2,15.1,14.2
栗東,20260820,木,6:25,ダイナマイク,,牡,2,0,中内田充,54.5,39.9,26.8,13.2,14.6,13.1,13.6,13.2
栗東,20260820,木,6:25,ドラヴァッシュ,,牡,2,未出走,中内田充,57.2,42.4,27.4,13.1,14.8,15.0,14.3,13.1
栗東,20260820,木,6:25,アメリカンステラ,,牡,2,未出走,中内田充,57.4,42.4,27.4,13.0,15.0,15.0,14.4,13.0
栗東,20260820,木,6:26,ペンナヴェローチェ,,牡,5,1500,須貝尚介,55.8,39.5,25.4,12.5,16.3,14.1,12.9,12.5
栗東,20260820,木,6:26,サンタンジェロ,,牝,2,400,須貝尚介,54.9,39.0,24.9,12.1,15.9,14.1,12.8,12.1
栗東,20260820,木,6:27,コースタルロード,,牝,3,0,辻野泰之,61.9,44.6,28.8,14.2,17.3,15.8,14.6,14.2
栗東,20260820,木,6:27,オーブフレッシュ,,牝,3,0,辻野泰之,55.9,40.0,25.8,12.8,15.9,14.2,13.0,12.8
栗東,20260820,木,6:30,フリッカージャブ,,牡,4,5650,西園翔太,54.4,39.3,24.9,11.8,15.1,14.4,13.1,11.8
栗東,20260820,木,6:30,タガノアルテミス,,牝,3,0,西園翔太,55.1,39.8,25.6,12.8,15.3,14.2,12.8,12.8
栗東,20260820,木,6:32,アスクドゥポルテ,,牡,6,2400,梅田智之,56.4,39.9,25.3,12.9,16.5,14.6,12.4,12.9
栗東,20260820,木,6:32,メイショウキボウ,,牝,2,未出走,梅田智之,59.7,43.4,28.8,14.6,16.3,14.6,14.2,14.6
栗東,20260820,木,7:01,ルクスノア,,牝,5,400,平田修,51.8,37.3,24.7,13.0,14.5,12.6,11.7,13.0
栗東,20260820,木,7:01,オーロラボレアリス,,牝,3,0,吉岡辰弥,61.6,44.7,29.0,14.5,16.9,15.7,14.5,14.5
栗東,20260820,木,7:07,シーザットガール,,牝,2,未出走,畑端省吾,57.0,41.9,27.9,14.0,15.1,14.0,13.9,14.0
栗東,20260820,木,7:12,モズイージス,,牡,5,440,高橋康之,54.1,38.8,25.0,12.3,15.3,13.8,12.7,12.3
栗東,20260820,木,7:15,サンライズブレイド,,牡,2,未出走,羽月友彦,56.1,40.5,26.2,13.1,15.6,14.3,13.1,13.1
栗東,20260820,木,7:15,プラトーローザ,,牝,2,未出走,羽月友彦,56.0,40.3,26.3,13.2,15.7,14.0,13.1,13.2
栗東,20260820,木,7:42,ミランド,,牡,3,400,小林真也,53.9,39.7,26.6,13.5,14.2,13.1,13.1,13.5
栗東,20260820,木,7:42,マーゴットプレ,,牝,2,未出走,小林真也,53.4,38.6,25.2,12.2,14.8,13.4,13.0,12.2
栗東,20260820,木,7:42,リアルメッセージ,,牡,2,0,小林真也,52.9,38.2,24.8,12.2,14.7,13.4,12.6,12.2
美浦,20260819,水,4:56,ダンツファイター,,牡,4,1500,蛯名正義,55.1,40.4,25.8,12.5,14.7,14.6,13.3,12.5
美浦,20260819,水,4:56,マイネルオランチア,,牡,3,0,小手川準,52.9,38.7,25.6,12.6,14.2,13.1,13.0,12.6
美浦,20260819,水,4:56,サードアイ,,牡,2,未出走,蛯名正義,55.2,40.4,25.7,12.5,14.8,14.7,13.2,12.5
美浦,20260819,水,4:57,ミセスヴェルデ,,牝,3,0,栗田徹,54.9,40.3,26.1,13.1,14.6,14.2,13.0,13.1
美浦,20260819,水,4:57,ブルームコード,,牝,3,0,小島茂之,53.7,38.7,24.8,11.9,15.0,13.9,12.9,11.9
美浦,20260819,水,4:57,フクオトコ,,牡,3,0,菊沢隆徳,52.0,37.6,24.9,12.5,14.4,12.7,12.4,12.5
美浦,20260819,水,4:57,ペールデュクラン,,牝,3,0,菊沢隆徳,54.8,40.0,26.2,12.8,14.8,13.8,13.4,12.8
美浦,20260819,水,4:57,ルージュアストレア,,牝,3,0,栗田徹,54.9,40.3,26.3,12.9,14.6,14.0,13.4,12.9
美浦,20260819,水,4:57,ホウオウルクソール,,牡,3,400,栗田徹,53.4,39.4,25.8,12.5,14.0,13.6,13.3,12.5
美浦,20260819,水,4:57,タマモチョコチップ,,牝,3,400,菊沢隆徳,55.4,39.7,26.0,12.7,15.7,13.7,13.3,12.7
美浦,20260819,水,4:57,タイヨウノユビワ,,牝,3,0,小島茂之,54.6,39.5,25.3,12.3,15.1,14.2,13.0,12.3
美浦,20260819,水,4:57,アエログラム,,牡,3,0,菊沢隆徳,54.4,40.0,25.7,12.7,14.4,14.3,13.0,12.7
美浦,20260819,水,4:57,セシルブリュネ,,牝,3,0,栗田徹,53.7,39.3,25.6,12.3,14.4,13.7,13.3,12.3
美浦,20260819,水,4:58,ボーンディスウェイ,,牡,7,3800,牧光二,57.0,40.6,26.4,13.3,16.4,14.2,13.1,13.3
美浦,20260819,水,4:58,テンクウハット,,牝,6,400,加藤和宏,54.7,40.2,25.5,12.7,14.5,14.7,12.8,12.7
美浦,20260819,水,4:58,コンテネレッツア,,牝,5,900,宮田敬介,52.7,38.4,24.9,12.3,14.3,13.5,12.6,12.3
美浦,20260819,水,4:58,ピコローズ,,牝,4,2400,伊藤大士,58.4,42.6,27.6,13.8,15.8,15.0,13.8,13.8
美浦,20260819,水,4:58,コートアリシアン,,牝,4,1600,伊藤大士,53.1,38.6,24.9,12.0,14.5,13.7,12.9,12.0
美浦,20260819,水,4:58,ボンヌソワレ,,牝,4,1500,宮田敬介,53.1,38.4,24.7,12.1,14.7,13.7,12.6,12.1
美浦,20260819,水,4:58,モーリア,,牝,3,0,伊藤大士,56.3,41.1,27.0,13.5,15.2,14.1,13.5,13.5
美浦,20260819,水,4:58,サプーズ,,牝,3,0,伊藤大士,53.5,39.4,25.4,12.5,14.1,14.0,12.9,12.5
美浦,20260819,水,4:58,ピコプリンセス,,牝,3,0,伊藤大士,59.0,44.0,28.0,14.6,15.0,16.0,13.4,14.6
美浦,20260819,水,4:58,ジーナグレイス,,牝,3,0,田中勝春,55.4,40.6,25.7,12.9,14.8,14.9,12.8,12.9
美浦,20260819,水,4:59,マナマカナ,,牝,5,460,天間昭一,57.2,41.4,27.0,12.9,15.8,14.4,14.1,12.9
美浦,20260819,水,4:59,アクアマリーナ,,牝,4,900,伊坂重信,54.9,39.8,25.8,12.4,15.1,14.0,13.4,12.4
美浦,20260819,水,4:59,ホープエトワール,,牡,4,700,天間昭一,58.9,43.3,28.1,13.8,15.6,15.2,14.3,13.8
美浦,20260819,水,4:59,ブルーダイヤシチー,,牡,3,0,上原博之,55.8,40.7,26.6,13.0,15.1,14.1,13.6,13.0
美浦,20260819,水,4:59,ヤマニンスペッキオ,,牡,2,未出走,田中勝春,55.5,40.9,26.1,12.7,14.6,14.8,13.4,12.7
美浦,20260819,水,4:59,ヴァルキリーキック,,牝,2,未出走,田中勝春,55.5,40.8,26.1,12.7,14.7,14.7,13.4,12.7
美浦,20260819,水,5:00,ピカピカサンダー,,牡,4,2400,鹿戸雄一,54.1,38.6,24.9,12.2,15.5,13.7,12.7,12.2
美浦,20260819,水,5:00,エッチェレンテ,,牡,3,0,鹿戸雄一,54.6,38.9,25.1,12.2,15.7,13.8,12.9,12.2
美浦,20260819,水,5:01,セザンワールド,,セ,6,690,蛯名利弘,57.9,42.3,27.6,12.9,15.6,14.7,14.7,12.9
美浦,20260819,水,5:01,クラウンフリード,,牡,4,120,天間昭一,54.9,40.0,25.5,12.3,14.9,14.5,13.2,12.3
美浦,20260819,水,5:01,アイファーニキーヤ,,牝,2,未出走,蛯名利弘,58.2,41.7,27.0,13.3,16.5,14.7,13.7,13.3
美浦,20260819,水,5:01,バーチディダーマ,,牝,2,未出走,蛯名利弘,58.0,41.5,26.8,13.2,16.5,14.7,13.6,13.2
美浦,20260819,水,5:02,スペルキャスター,,牝,6,730,蛯名利弘,53.7,39.1,25.7,12.6,14.6,13.4,13.1,12.6
美浦,20260819,水,5:02,バトンロード,,牡,4,100,粕谷昌央,54.6,40.2,26.2,13.1,14.4,14.0,13.1,13.1
美浦,20260819,水,5:02,ヴァルク,,牡,3,0,武市康男,53.2,38.3,25.0,12.5,14.9,13.3,12.5,12.5
美浦,20260819,水,5:02,ムーングレイル,,セ,3,0,森一誠,53.6,39.0,24.8,12.1,14.6,14.2,12.7,12.1
美浦,20260819,水,5:02,カラーオブサクセス,,牝,3,0,武市康男,53.9,39.1,24.7,12.1,14.8,14.4,12.6,12.1
美浦,20260819,水,5:02,ペイシャダンシング,,牝,3,0,粕谷昌央,54.8,40.3,26.3,13.2,14.5,14.0,13.1,13.2
美浦,20260819,水,5:02,ルーリングクラス,,牡,3,400,森一誠,54.1,39.2,24.9,12.2,14.9,14.3,12.7,12.2
美浦,20260819,水,5:02,タイセイアストロ,,牡,3,400,森一誠,54.3,38.6,25.2,12.5,15.7,13.4,12.7,12.5
美浦,20260819,水,5:02,プロミスライン,,牝,3,0,森一誠,54.1,39.2,24.9,12.1,14.9,14.3,12.8,12.1
美浦,20260819,水,5:02,ニシノハナカケル,,牝,2,未登録,,57.8,43.0,28.6,13.8,14.8,14.4,14.8,13.8
美浦,20260819,水,5:02,コスモティタノ,,牡,2,0,武市康男,53.7,39.0,25.6,12.6,14.7,13.4,13.0,12.6
美浦,20260819,水,5:02,アーバーバイティ,,牡,2,未出走,武市康男,52.9,38.2,24.9,12.5,14.7,13.3,12.4,12.5
美浦,20260819,水,5:02,グランレーヴ,,牡,2,未出走,武市康男,53.7,39.1,25.7,12.7,14.6,13.4,13.0,12.7
美浦,20260819,水,5:02,シャンデヴァーグ,,牝,2,400,森一誠,53.9,39.0,24.7,12.1,14.9,14.3,12.6,12.1
美浦,20260819,水,5:02,ティシポネ,,牝,2,未出走,森一誠,55.3,40.3,26.0,13.1,15.0,14.3,12.9,13.1
美浦,20260819,水,5:03,グランコネクシオン,,牝,5,400,畠山吉宏,53.9,38.4,24.8,12.2,15.5,13.6,12.6,12.2
美浦,20260819,水,5:03,テウメッサ,,牝,5,1500,金成貴史,56.5,40.9,26.7,13.4,15.6,14.2,13.3,13.4
美浦,20260819,水,5:03,フレッシュラン,,牝,4,900,尾形和幸,54.6,39.7,25.4,12.6,14.9,14.3,12.8,12.6
美浦,20260819,水,5:03,バルジール,,牡,4,140,久保田貴,52.9,38.6,25.1,12.6,14.3,13.5,12.5,12.6
美浦,20260819,水,5:03,ライヴマティーニ,,牝,3,0,尾形和幸,54.0,38.9,24.6,12.4,15.1,14.3,12.2,12.4
美浦,20260819,水,5:03,ネオアンボウ,,牡,3,0,松尾卓哉,53.4,38.9,25.7,12.7,14.5,13.2,13.0,12.7
美浦,20260819,水,5:03,ブルーブロディ,,牡,3,0,伊坂重信,61.6,43.7,27.8,14.1,17.9,15.9,13.7,14.1
美浦,20260819,水,5:03,ローレルクラウン,,牡,3,0,松尾卓哉,53.1,38.8,25.5,12.6,14.3,13.3,12.9,12.6
美浦,20260819,水,5:03,ピュール,,牡,3,400,久保田貴,53.3,38.9,25.2,12.6,14.4,13.7,12.6,12.6
美浦,20260819,水,5:04,ルクスコロン,,牝,4,110,堀内岳志,58.2,41.2,26.7,13.0,17.0,14.5,13.7,13.0
美浦,20260819,水,5:04,ミーントゥビー,,牝,4,900,堀内岳志,56.6,40.5,25.9,12.6,16.1,14.6,13.3,12.6
美浦,20260819,水,5:04,アマルレイナ,,牝,2,未出走,本間忍,54.9,39.6,25.5,13.0,15.3,14.1,12.5,13.0
美浦,20260819,水,5:04,キタノダンサー,,牝,2,未出走,本間忍,54.9,39.6,25.5,12.9,15.3,14.1,12.6,12.9
美浦,20260819,水,5:04,ランドジャイアンツ,,牡,2,0,本間忍,54.0,39.0,24.8,12.4,15.0,14.2,12.4,12.4
美浦,20260819,水,5:05,グレヴィレア,,牝,4,80,浅利英明,54.8,39.5,25.8,12.8,15.3,13.7,13.0,12.8
美浦,20260819,水,5:05,モントーヤ,,牡,3,0,浅利英明,54.4,39.3,25.5,12.7,15.1,13.8,12.8,12.7
美浦,20260819,水,5:05,シウンハゴロモ,,牝,2,未出走,浅利英明,56.3,41.6,26.8,12.7,14.7,14.8,14.1,12.7
美浦,20260819,水,5:05,キャットパルド,,牝,2,未出走,浅利英明,56.4,41.7,26.9,12.8,14.7,14.8,14.1,12.8
美浦,20260819,水,5:06,スリーフラワー,,牝,2,0,伊藤圭三,58.7,41.9,26.8,12.7,16.8,15.1,14.1,12.7
美浦,20260819,水,5:06,ジェミニディウ,,牝,2,未出走,伊藤圭三,59.4,42.6,27.2,13.0,16.8,15.4,14.2,13.0
美浦,20260819,水,5:06,クリアマインド,,牝,2,未出走,高柳瑞樹,55.3,40.8,27.3,13.7,14.5,13.5,13.6,13.7
美浦,20260819,水,5:06,サクシードシチー,,牡,2,未出走,伊藤圭三,59.3,42.4,27.0,12.8,16.9,15.4,14.2,12.8
美浦,20260819,水,5:06,バタフライノット,,牡,2,未出走,高柳瑞樹,56.2,41.5,27.9,13.9,14.7,13.6,14.0,13.9
美浦,20260819,水,5:07,ビップスコーピオン,,牡,6,1500,田島俊明,54.6,40.3,26.6,13.1,14.3,13.7,13.5,13.1
美浦,20260819,水,5:07,ショーマンフリート,,牡,5,1500,手塚貴久,54.5,40.1,26.2,12.8,14.4,13.9,13.4,12.8
美浦,20260819,水,5:07,ペッレグリーニ,,セ,5,900,手塚貴久,53.9,39.7,25.7,12.2,14.2,14.0,13.5,12.2
美浦,20260819,水,5:07,マルターズドン,,牡,3,400,手塚貴久,54.6,40.3,26.3,12.7,14.3,14.0,13.6,12.7
美浦,20260819,水,5:07,アリアーネ,,牝,3,0,鈴木慎太,54.5,39.4,25.7,12.8,15.1,13.7,12.9,12.8
美浦,20260819,水,5:07,リリーサー,,牝,3,0,鈴木慎太,53.9,39.0,25.4,12.5,14.9,13.6,12.9,12.5
美浦,20260819,水,5:07,メイショウソラル,,牡,3,0,和田勇介,54.9,40.2,26.0,12.8,14.7,14.2,13.2,12.8
美浦,20260819,水,5:07,テリオスレイ,,牝,3,0,田島俊明,53.7,38.6,24.9,12.4,15.1,13.7,12.5,12.4
美浦,20260819,水,5:07,ピーエムキンチャン,,牡,3,0,和田正一,57.7,42.2,27.4,13.6,15.5,14.8,13.8,13.6
美浦,20260819,水,5:07,アイファーティアラ,,牝,2,未出走,的場均,56.2,41.4,26.9,13.4,14.8,14.5,13.5,13.4
美浦,20260819,水,5:07,クールストラッチン,,牝,2,0,田島俊明,53.5,38.5,24.8,12.4,15.0,13.7,12.4,12.4
美浦,20260819,水,5:07,ビップルーチェ,,牝,2,0,田島俊明,54.6,40.3,26.6,13.1,14.3,13.7,13.5,13.1
美浦,20260819,水,5:07,スローブギ,,牡,2,未出走,和田勇介,52.8,38.4,24.7,12.4,14.4,13.7,12.3,12.4
美浦,20260819,水,5:07,オールシティキング,,牡,2,未出走,手塚貴久,54.1,39.7,25.9,12.7,14.4,13.8,13.2,12.7
美浦,20260819,水,5:07,パレスラン,,牡,2,0,手塚貴久,54.0,39.7,25.6,12.2,14.3,14.1,13.4,12.2
美浦,20260819,水,5:08,ヌビアン,,牡,3,0,清水英克,57.7,42.6,28.0,13.7,15.1,14.6,14.3,13.7
美浦,20260819,水,5:08,ビューティドリーム,,牝,3,0,清水英克,57.5,42.4,27.8,13.6,15.1,14.6,14.2,13.6
美浦,20260819,水,5:09,レインボーラッキー,,牝,4,400,斎藤誠,53.8,39.7,26.1,12.9,14.1,13.6,13.2,12.9
美浦,20260819,水,5:09,タイセイフレッサ,,牝,3,400,斎藤誠,53.2,39.1,25.4,12.5,14.1,13.7,12.9,12.5
美浦,20260819,水,5:09,タニセンローマ,,牡,3,0,斎藤誠,54.1,40.0,26.1,12.6,14.1,13.9,13.5,12.6
美浦,20260819,水,5:09,タケルムサシ,,牡,3,400,斎藤誠,54.3,40.0,26.3,12.6,14.3,13.7,13.7,12.6
美浦,20260819,水,5:09,モーゲンセン,,牡,3,900,斎藤誠,55.6,40.2,25.8,12.3,15.4,14.4,13.5,12.3
美浦,20260819,水,5:10,ドンレパルス,,牡,7,1500,高木登,54.5,39.5,25.2,12.4,15.0,14.3,12.8,12.4
美浦,20260819,水,5:10,タイキオーベロン,,牡,4,400,高木登,54.0,39.2,24.8,12.3,14.8,14.4,12.5,12.3
美浦,20260819,水,5:10,ヒシナスキロ,,牝,3,0,堀宣行,58.6,42.6,27.8,13.6,16.0,14.8,14.2,13.6
美浦,20260819,水,5:11,ダイユウファリーナ,,牡,5,280,松永康利,54.2,40.0,26.8,13.6,14.2,13.2,13.2,13.6
美浦,20260819,水,5:11,アージェンタイド,,牡,3,0,秋本大介,54.5,39.6,25.6,13.0,14.9,14.0,12.6,13.0
美浦,20260819,水,5:11,ローレルエース,,牡,3,0,松永康利,55.3,40.6,26.5,13.3,14.7,14.1,13.2,13.3
美浦,20260819,水,5:11,ダイユウルミナス,,牝,3,0,松永康利,57.3,41.2,26.5,12.7,16.1,14.7,13.8,12.7
美浦,20260819,水,5:11,トウシンマジック,,牡,2,400,秋本大介,54.4,39.1,25.3,12.4,15.3,13.8,12.9,12.4
美浦,20260819,水,5:11,アラータス,,牡,2,0,秋本大介,55.9,40.5,25.6,12.2,15.4,14.9,13.4,12.2
美浦,20260819,水,5:13,ナグルファル,,セ,4,900,中舘英二,52.2,37.6,25.2,12.9,14.6,12.4,12.3,12.9
美浦,20260819,水,5:15,マーシヴィガラス,,牡,6,900,的場均,57.7,42.9,28.0,13.5,14.8,14.9,14.5,13.5
美浦,20260819,水,5:15,グラウンドビート,,セ,5,1500,中舘英二,53.3,39.0,25.9,12.7,14.3,13.1,13.2,12.7
美浦,20260819,水,5:15,ナイトバード,,牡,3,0,中舘英二,54.8,40.4,26.8,12.7,14.4,13.6,14.1,12.7
美浦,20260819,水,5:15,トーセンシントラ,,牡,2,未出走,中舘英二,54.8,40.4,26.8,12.7,14.4,13.6,14.1,12.7
美浦,20260819,水,5:16,シャンドゥレール,,セ,6,400,手塚貴徳,56.3,41.1,26.5,12.8,15.2,14.6,13.7,12.8
美浦,20260819,水,5:16,アスパラゴ,,牝,3,400,中舘英二,54.0,39.5,25.3,12.5,14.5,14.2,12.8,12.5
美浦,20260819,水,5:16,ジワタネホ,,牝,3,400,中舘英二,54.1,39.5,25.3,12.6,14.6,14.2,12.7,12.6
美浦,20260819,水,5:16,エーアイラピド,,牡,2,未出走,手塚貴徳,56.1,40.7,26.2,12.7,15.4,14.5,13.5,12.7
美浦,20260819,水,5:17,シトラール,,牡,5,400,古賀大生,54.2,39.0,25.3,12.3,15.2,13.7,13.0,12.3
美浦,20260819,水,5:17,ミッキーサウザンド,,牡,3,0,古賀大生,54.8,39.6,25.7,12.4,15.2,13.9,13.3,12.4
美浦,20260819,水,5:20,キングクレオール,,牡,5,400,和田雄二,55.6,40.4,26.2,12.9,15.2,14.2,13.3,12.9
美浦,20260819,水,5:20,マイネルリシャール,,牡,2,0,鹿戸雄一,59.5,43.5,28.5,13.7,16.0,15.0,14.8,13.7
美浦,20260819,水,5:21,マオノクラッシュ,,牝,4,400,黒岩陽一,53.8,39.2,25.7,12.8,14.6,13.5,12.9,12.8
美浦,20260819,水,5:21,トーアシチフクジン,,牡,3,0,村田一誠,55.0,40.0,26.5,13.2,15.0,13.5,13.3,13.2
美浦,20260819,水,5:21,ミュージックレイン,,牝,3,0,村田一誠,54.3,39.8,26.4,13.1,14.5,13.4,13.3,13.1
美浦,20260819,水,5:21,カルダモン,,牝,3,0,黒岩陽一,53.5,38.9,25.4,12.6,14.6,13.5,12.8,12.6
美浦,20260819,水,5:21,リワードヘレン,,牝,2,未出走,村田一誠,56.7,41.4,26.9,13.0,15.3,14.5,13.9,13.0
美浦,20260819,水,5:21,ココル,,牝,2,未出走,村田一誠,56.7,41.4,26.9,13.0,15.3,14.5,13.9,13.0
美浦,20260819,水,5:22,カフェアローロ,,牝,5,900,古賀慎明,64.2,46.7,29.7,13.8,17.5,17.0,15.9,13.8
美浦,20260819,水,5:22,ニホンノヨアケゼヨ,,牡,2,未出走,村田一誠,53.8,39.8,25.4,12.4,14.0,14.4,13.0,12.4
美浦,20260819,水,5:22,ニシノムホウモノ,,牡,2,未出走,村田一誠,54.2,40.0,25.6,12.5,14.2,14.4,13.1,12.5
美浦,20260819,水,5:23,ユキノエミリオ,,牡,4,900,竹内正洋,53.6,37.7,24.5,12.4,15.9,13.2,12.1,12.4
美浦,20260819,水,5:23,ソットマツモト,,牝,2,未出走,竹内正洋,54.3,38.3,24.8,12.4,16.0,13.5,12.4,12.4
美浦,20260819,水,5:24,ベルタソ,,牝,6,400,秋本大介,55.2,40.1,26.1,12.9,15.1,14.0,13.2,12.9
美浦,20260819,水,5:25,コンパクトファイト,,牡,4,400,天間昭一,56.6,41.8,27.5,13.8,14.8,14.3,13.7,13.8
美浦,20260819,水,5:29,セイウンヤオヨロズ,,牡,3,0,上原博之,54.7,40.4,26.4,13.0,14.3,14.0,13.4,13.0
美浦,20260819,水,5:29,ユーガッタチャンス,,牡,2,未出走,中川公成,57.0,41.3,27.6,14.2,15.7,13.7,13.4,14.2
美浦,20260819,水,5:29,ジャストゴーイング,,牡,2,未出走,中川公成,55.9,40.9,27.5,14.1,15.0,13.4,13.4,14.1
美浦,20260819,水,5:33,ツァガーンサル,,牝,4,340,平岩大典,54.4,39.7,26.1,12.8,14.7,13.6,13.3,12.8
美浦,20260819,水,5:33,フィクセルリリア,,牝,3,0,平岩大典,53.3,38.4,25.0,12.2,14.9,13.4,12.8,12.2
美浦,20260819,水,5:36,オレイア,,牝,4,450,加藤和宏,56.6,42.2,27.7,13.2,14.4,14.5,14.5,13.2
美浦,20260819,水,5:36,テンカラットレター,,牡,3,0,本間忍,55.4,40.3,26.2,12.8,15.1,14.1,13.4,12.8
美浦,20260819,水,5:42,ツインピークス,,牝,4,400,千葉直人,57.5,40.7,25.4,12.1,16.8,15.3,13.3,12.1
美浦,20260819,水,5:42,エコロストーム,,牝,3,400,千葉直人,58.9,42.1,26.7,12.8,16.8,15.4,13.9,12.8
美浦,20260819,水,5:43,ディサイドオンミー,,牝,3,0,堀内岳志,57.8,41.6,27.0,13.2,16.2,14.6,13.8,13.2
美浦,20260819,水,5:43,カンティーナ,,牝,3,400,堀内岳志,66.4,47.1,29.2,13.8,19.3,17.9,15.4,13.8
美浦,20260819,水,5:43,オウケンサクラコ,,牝,3,0,田中勝春,56.1,40.3,26.3,12.9,15.8,14.0,13.4,12.9
美浦,20260819,水,5:44,モルゲンゾンネ,,セ,4,290,矢嶋大樹,56.5,40.5,25.7,12.5,16.0,14.8,13.2,12.5
美浦,20260819,水,5:44,ダイチマイスター,,牡,2,未出走,蛯名利弘,57.6,42.4,27.5,13.4,15.2,14.9,14.1,13.4
美浦,20260819,水,5:44,コスモセイント,,牡,2,未出走,矢嶋大樹,55.7,39.9,25.5,12.3,15.8,14.4,13.2,12.3
美浦,20260819,水,5:44,アイファーエリース,,牝,2,未出走,蛯名利弘,57.6,42.4,27.6,13.5,15.2,14.8,14.1,13.5
美浦,20260819,水,5:47,オーパパ,,牡,3,0,斎藤誠,56.2,40.8,26.5,12.7,15.4,14.3,13.8,12.7
美浦,20260819,水,5:47,ウラヌスリング,,牝,3,0,斎藤誠,56.0,40.6,26.3,12.7,15.4,14.3,13.6,12.7
美浦,20260819,水,5:50,プラチナトレジャー,,牡,8,2400,高木登,55.2,40.5,25.8,12.5,14.7,14.7,13.3,12.5
美浦,20260819,水,5:50,マクミランテソーロ,,牡,5,900,田中剛,54.7,39.9,25.4,12.3,14.8,14.5,13.1,12.3
美浦,20260819,水,5:50,ベルゼビュート,,牡,3,400,高木登,54.0,39.6,25.6,12.5,14.4,14.0,13.1,12.5
美浦,20260819,水,5:50,セイウンシャラ,,牝,2,未出走,田中剛,54.6,39.3,25.5,12.5,15.3,13.8,13.0,12.5
美浦,20260819,水,5:50,アヴァンデセール,,牝,2,未出走,田中剛,54.4,40.0,25.4,12.5,14.4,14.6,12.9,12.5
美浦,20260819,水,5:50,ライジングファイト,,牡,2,未出走,田中剛,55.5,40.1,26.2,13.1,15.4,13.9,13.1,13.1
美浦,20260819,水,5:55,ホウオウプレシャス,,牡,6,260,天間昭一,58.5,42.7,28.3,13.8,15.8,14.4,14.5,13.8
美浦,20260819,水,5:56,スカイダイバー,,牝,4,90,秋本大介,51.8,39.1,26.8,14.0,12.7,12.3,12.8,14.0
美浦,20260819,水,5:56,アオゾラランチ,,牝,3,0,戸田博文,57.4,40.1,25.9,12.7,17.3,14.2,13.2,12.7
美浦,20260819,水,6:24,リドルトリガー,,牝,4,130,小島茂之,53.0,38.6,25.6,13.0,14.4,13.0,12.6,13.0
美浦,20260819,水,6:24,フクシマブリルハム,,牡,3,400,小島茂之,52.6,38.5,25.2,12.7,14.1,13.3,12.5,12.7
美浦,20260819,水,6:25,ララマセラシオン,,牡,5,3250,大竹正博,52.9,37.9,24.1,12.0,15.0,13.8,12.1,12.0
美浦,20260819,水,6:25,レイククレセント,,牝,5,900,大竹正博,53.1,38.1,24.2,11.9,15.0,13.9,12.3,11.9
美浦,20260819,水,6:25,マタミカンサン,,牝,4,400,加藤士津,52.8,38.2,24.9,12.7,14.6,13.3,12.2,12.7
美浦,20260819,水,6:25,マイネルユーゲント,,牡,3,400,加藤士津,55.6,41.1,26.8,12.6,14.5,14.3,14.2,12.6
美浦,20260819,水,6:25,サムシングスイート,,牝,3,900,伊藤大士,56.4,41.6,27.6,13.5,14.8,14.0,14.1,13.5
美浦,20260819,水,6:25,ゼフィリア,,牝,3,0,岩戸孝樹,53.9,39.3,25.3,12.4,14.6,14.0,12.9,12.4
美浦,20260819,水,6:26,ザクシス,,牡,4,400,加藤士津,55.5,41.1,26.6,13.3,14.4,14.5,13.3,13.3
美浦,20260819,水,6:26,クリムゾンリーフ,,牡,3,0,加藤士津,55.4,41.1,27.1,13.1,14.3,14.0,14.0,13.1
美浦,20260819,水,6:26,アワフェリシティ,,牡,2,未登録,,65.0,47.0,30.4,13.8,18.0,16.6,16.6,13.8
美浦,20260819,水,6:27,ガルダイア,,セ,4,1200,浅利英明,54.3,38.6,24.6,12.2,15.7,14.0,12.4,12.2
美浦,20260819,水,6:27,ソースウィート,,牝,2,0,久保田貴,54.7,39.7,25.3,12.1,15.0,14.4,13.2,12.1
美浦,20260819,水,6:27,ヴァルブロッサ,,牝,2,未出走,久保田貴,54.3,39.5,25.1,12.2,14.8,14.4,12.9,12.2
美浦,20260819,水,6:28,ダノンケリー,,牝,3,0,尾関知人,54.3,39.7,25.6,12.5,14.6,14.1,13.1,12.5
美浦,20260819,水,6:30,ヴァナルガンド,,牡,6,1500,稲垣幸雄,52.9,38.9,25.2,12.5,14.0,13.7,12.7,12.5
美浦,20260819,水,6:30,ロジルーラー,,牡,5,400,稲垣幸雄,53.7,39.4,25.7,12.8,14.3,13.7,12.9,12.8
美浦,20260819,水,6:30,スピリットサージ,,牝,4,380,室井潔,54.3,38.9,25.2,12.3,15.4,13.7,12.9,12.3
美浦,20260819,水,6:30,サイモンナイスラン,,牡,3,0,勢司和浩,55.4,39.9,25.3,12.2,15.5,14.6,13.1,12.2
美浦,20260819,水,6:37,ポップグルーヴ,,牝,4,400,小手川準,56.1,41.5,27.6,13.6,14.6,13.9,14.0,13.6
美浦,20260819,水,6:37,リベラル,,牝,3,0,小手川準,56.5,40.8,26.5,12.9,15.7,14.3,13.6,12.9
美浦,20260819,水,6:37,ルナディアナ,,牝,2,未出走,小手川準,56.9,41.0,26.8,13.0,15.9,14.2,13.8,13.0
美浦,20260819,水,6:38,クロニクル,,セ,7,1500,平岩大典,52.7,38.9,25.5,12.6,13.8,13.4,12.9,12.6
美浦,20260819,水,6:38,ゼラニウム,,牡,2,未出走,平岩大典,54.5,40.5,26.4,13.3,14.0,14.1,13.1,13.3
美浦,20260819,水,6:38,ポッドレーヴ,,牡,2,0,平岩大典,54.9,41.0,26.8,13.3,13.9,14.2,13.5,13.3
美浦,20260819,水,6:39,ペルシアーノ,,牝,3,0,相沢郁,57.6,42.0,26.7,12.9,15.6,15.3,13.8,12.9
美浦,20260819,水,6:39,ウィズアツインクル,,牡,3,0,牧光二,53.9,40.0,26.7,13.6,13.9,13.3,13.1,13.6
美浦,20260819,水,6:39,アラベスクテソーロ,,牝,2,未出走,牧光二,53.9,40.1,26.3,13.4,13.8,13.8,12.9,13.4
美浦,20260819,水,6:39,ワンコール,,牝,2,0,牧光二,53.5,39.6,26.3,13.5,13.9,13.3,12.8,13.5
美浦,20260819,水,6:42,エテオクロス,,牡,4,110,新開幸一,55.0,40.1,26.1,12.7,14.9,14.0,13.4,12.7
美浦,20260819,水,6:42,ガルディーノ,,牡,3,400,新開幸一,54.3,39.2,26.2,12.8,15.1,13.0,13.4,12.8
美浦,20260819,水,6:46,サノノグレーター,,牡,3,2950,尾形和幸,55.2,40.8,26.9,13.5,14.4,13.9,13.4,13.5
美浦,20260819,水,6:47,パーリーブラック,,牡,6,0,伊坂重信,56.0,41.1,27.0,13.2,14.9,14.1,13.8,13.2
美浦,20260819,水,6:47,ノーブルスアーク,,牝,3,0,尾形和幸,55.7,40.8,26.2,13.0,14.9,14.6,13.2,13.0
美浦,20260819,水,6:50,テリフィックプラン,,セ,5,1500,古賀大生,52.5,38.9,25.5,12.7,13.6,13.4,12.8,12.7
美浦,20260819,水,6:50,レッドシュトラール,,セ,4,400,古賀大生,52.7,38.9,25.6,12.7,13.8,13.3,12.9,12.7
美浦,20260819,水,6:50,ピコブロッサム,,牝,3,0,伊藤大士,55.3,39.9,25.5,12.8,15.4,14.4,12.7,12.8
美浦,20260819,水,6:50,トパーズプレミア,,牡,2,未登録,,55.4,40.0,25.6,12.8,15.4,14.4,12.8,12.8
美浦,20260819,水,6:52,ジッピーレーサー,,セ,9,900,天間昭一,55.0,39.9,25.8,12.4,15.1,14.1,13.4,12.4
美浦,20260819,水,6:54,ジャメビュ,,牝,3,0,佐藤吉勝,57.4,41.8,26.9,12.9,15.6,14.9,14.0,12.9
美浦,20260819,水,6:54,ルブラッシュノモー,,牡,2,0,佐藤吉勝,57.8,42.3,27.4,13.3,15.5,14.9,14.1,13.3
美浦,20260819,水,6:58,ヴァルキリーバース,,牝,4,3350,田中博康,58.6,42.8,27.7,13.6,15.8,15.1,14.1,13.6
美浦,20260819,水,7:02,テンペストヒロイン,,牝,4,120,堀内岳志,55.9,39.9,25.9,12.6,16.0,14.0,13.3,12.6
美浦,20260819,水,7:02,ルバルマン,,牡,2,未出走,堀内岳志,55.7,39.7,25.5,12.6,16.0,14.2,12.9,12.6
美浦,20260819,水,7:08,マイレーヌ,,牝,6,900,大和田成,54.3,39.5,25.8,12.2,14.8,13.7,13.6,12.2
美浦,20260819,水,7:08,カーヌスティ,,牡,4,1310,大和田成,54.1,39.3,25.4,12.3,14.8,13.9,13.1,12.3
美浦,20260819,水,7:08,ディールメーカー,,牡,3,1700,大和田成,53.7,38.7,25.0,12.1,15.0,13.7,12.9,12.1
美浦,20260819,水,7:08,サムワンユーラヴド,,牝,2,未出走,大和田成,56.6,42.2,27.8,13.3,14.4,14.4,14.5,13.3
美浦,20260819,水,7:08,スイートアリッサム,,牝,2,0,大和田成,54.7,39.9,26.0,12.3,14.8,13.9,13.7,12.3
美浦,20260819,水,7:08,シュアシング,,牝,2,0,相沢郁,56.1,41.8,27.6,13.9,14.3,14.2,13.7,13.9
美浦,20260819,水,7:09,ココソラーレ,,牝,3,0,天間昭一,57.9,42.0,27.3,13.4,15.9,14.7,13.9,13.4
美浦,20260819,水,7:10,ケイツーキップ,,牝,3,0,清水英克,55.6,40.9,26.5,13.2,14.7,14.4,13.3,13.2
美浦,20260819,水,7:10,ノワールブレイブ,,牝,2,0,清水英克,54.8,40.3,25.7,12.7,14.5,14.6,13.0,12.7
美浦,20260819,水,7:12,ルグランヴァン,,牡,4,1500,高木登,54.2,39.7,25.4,12.3,14.5,14.3,13.1,12.3
美浦,20260819,水,7:12,モジャーリオ,,牡,4,1500,斎藤誠,53.1,38.9,25.5,12.5,14.2,13.4,13.0,12.5
美浦,20260819,水,7:12,クライングナウ,,牡,3,0,斎藤誠,56.6,41.8,26.9,13.0,14.8,14.9,13.9,13.0
美浦,20260819,水,7:12,ガーネットテソーロ,,牝,3,400,高木登,54.6,40.2,25.9,12.4,14.4,14.3,13.5,12.4
美浦,20260819,水,7:12,アトラステソーロ,,牡,3,400,高木登,53.2,38.9,24.8,12.0,14.3,14.1,12.8,12.0
美浦,20260819,水,7:12,ラエトゥス,,牝,3,400,斎藤誠,53.7,39.4,25.9,12.7,14.3,13.5,13.2,12.7
美浦,20260819,水,7:12,ドナラクシュミー,,牝,2,未出走,高木登,56.4,41.9,27.9,14.3,14.5,14.0,13.6,14.3
美浦,20260819,水,7:12,トラストフィスティ,,牝,2,未出走,高木登,55.3,40.8,26.8,13.2,14.5,14.0,13.6,13.2
美浦,20260819,水,7:13,メビウスロマンス,,牝,3,0,矢嶋大樹,54.7,39.8,26.2,12.8,14.9,13.6,13.4,12.8
美浦,20260819,水,7:13,ブルージンジャー,,牝,3,0,矢嶋大樹,54.9,40.0,26.3,12.8,14.9,13.7,13.5,12.8
美浦,20260819,水,7:13,センカンナガト,,牡,2,0,和田雄二,55.8,41.5,27.5,13.5,14.3,14.0,14.0,13.5
美浦,20260819,水,7:14,ガヤーズベース,,牡,3,0,田中勝春,57.0,41.5,27.2,13.5,15.5,14.3,13.7,13.5
美浦,20260819,水,7:18,タッカーヴィーチェ,,牝,2,未出走,田島俊明,54.7,40.4,26.5,13.3,14.3,13.9,13.2,13.3
美浦,20260819,水,7:18,ライクアストーム,,牡,2,未出走,田島俊明,54.9,40.6,26.6,13.4,14.3,14.0,13.2,13.4
美浦,20260819,水,7:23,ダーリングハースト,,牝,3,400,宮田敬介,61.7,44.1,27.9,13.2,17.6,16.2,14.7,13.2
美浦,20260819,水,7:48,スターエンブレム,,牡,4,400,林徹,54.2,39.3,24.9,12.2,14.9,14.4,12.7,12.2
美浦,20260819,水,7:48,ティピティーナ,,牝,4,400,林徹,54.0,38.9,24.7,12.1,15.1,14.2,12.6,12.1
美浦,20260819,水,7:48,ジッピーチューン,,牝,3,1150,林徹,53.8,38.8,24.6,12.0,15.0,14.2,12.6,12.0
美浦,20260819,水,7:49,マーガレット,,牝,3,未出走,大竹正博,55.3,40.1,25.4,12.1,15.2,14.7,13.3,12.1
美浦,20260819,水,7:49,チャームドウイング,,セ,3,0,大竹正博,55.5,40.3,25.5,12.2,15.2,14.8,13.3,12.2
美浦,20260819,水,7:49,ルージュフィーリア,,牝,3,0,大竹正博,55.0,40.5,26.1,12.5,14.5,14.4,13.6,12.5
美浦,20260819,水,7:49,イトウカカリチョウ,,牡,2,未出走,岩戸孝樹,56.5,41.8,26.9,12.9,14.7,14.9,14.0,12.9
美浦,20260819,水,7:49,エコロゴッド,,牡,2,未出走,岩戸孝樹,56.5,41.8,27.0,12.9,14.7,14.8,14.1,12.9
美浦,20260819,水,7:50,マンマリアーレ,,牝,6,2400,高木登,54.0,39.2,25.5,12.3,14.8,13.7,13.2,12.3
美浦,20260819,水,7:50,リラキトス,,牡,4,150,高木登,54.4,39.6,25.7,12.4,14.8,13.9,13.3,12.4
美浦,20260819,水,7:50,ブラウンラチェット,,牝,4,2000,手塚貴久,54.8,40.7,27.1,13.5,14.1,13.6,13.6,13.5
美浦,20260819,水,7:50,ユイハホンキダゼ,,牡,3,0,尾関知人,56.3,40.2,25.9,12.8,16.1,14.3,13.1,12.8
美浦,20260819,水,7:50,ローザドーロ,,牡,2,未出走,手塚貴久,55.0,40.7,27.1,13.2,14.3,13.6,13.9,13.2
美浦,20260819,水,7:50,ルージュルフラン,,牝,2,未出走,手塚貴久,55.2,40.9,27.2,13.3,14.3,13.7,13.9,13.3
美浦,20260819,水,7:55,カフェオドヴィー,,牡,3,0,古賀慎明,56.0,41.0,27.0,13.2,15.0,14.0,13.8,13.2
美浦,20260819,水,7:57,スペルビア,,セ,4,400,石栗龍彦,52.7,38.9,25.9,13.0,13.8,13.0,12.9,13.0
美浦,20260819,水,7:57,ビシット,,牝,2,未出走,石栗龍彦,55.8,41.6,27.9,14.1,14.2,13.7,13.8,14.1
美浦,20260819,水,7:57,カンタベリートップ,,牝,2,未出走,石栗龍彦,55.8,41.7,27.9,14.1,14.1,13.8,13.8,14.1
美浦,20260819,水,7:58,サツキレジーナ,,牝,4,400,石栗龍彦,56.6,41.3,27.6,14.0,15.3,13.7,13.6,14.0
美浦,20260819,水,8:07,フクチャンショウ,,牡,3,1150,加藤征弘,53.2,38.7,25.0,12.3,14.5,13.7,12.7,12.3
美浦,20260819,水,8:07,サウジバラード,,牡,3,400,加藤征弘,53.9,39.1,25.5,12.7,14.8,13.6,12.8,12.7
美浦,20260819,水,8:07,スノースコール,,牡,3,400,加藤征弘,53.5,38.9,25.2,12.3,14.6,13.7,12.9,12.3
美浦,20260819,水,8:07,ボスヒッツ,,セ,2,未出走,加藤征弘,56.7,42.0,28.0,13.9,14.7,14.0,14.1,13.9
栗東,20260819,水,5:00,ペールノエル,,セ,4,500,西村真幸,56.7,41.4,27.4,13.3,15.3,14.0,14.1,13.3
栗東,20260819,水,5:01,アイキャンドウイッ,,牡,7,900,池江泰寿,52.8,38.3,24.7,12.1,14.5,13.6,12.6,12.1
栗東,20260819,水,5:01,クルゼイロドスル,,牡,6,3700,高橋義忠,53.5,38.5,25.4,12.9,15.0,13.1,12.5,12.9
栗東,20260819,水,5:01,セミマル,,牡,6,1500,西村真幸,54.0,38.9,24.9,12.4,15.1,14.0,12.5,12.4
栗東,20260819,水,5:01,パフ,,牡,5,1500,橋口慎介,53.8,39.3,25.4,12.6,14.5,13.9,12.8,12.6
栗東,20260819,水,5:01,スマートスピア,,牡,5,900,池江泰寿,52.9,38.8,25.3,12.5,14.1,13.5,12.8,12.5
栗東,20260819,水,5:01,ベルアズーロ,,牡,3,0,西村真幸,59.2,41.6,26.2,12.5,17.6,15.4,13.7,12.5
栗東,20260819,水,5:01,リアライズルミナス,,牝,3,400,橋口慎介,56.0,40.3,26.1,12.8,15.7,14.2,13.3,12.8
栗東,20260819,水,5:01,セルヴァジオ,,牝,3,0,上村洋行,54.3,39.0,25.4,12.6,15.3,13.6,12.8,12.6
栗東,20260819,水,5:01,シルバーリム,,牝,3,400,中村直也,52.8,38.1,24.5,12.3,14.7,13.6,12.2,12.3
栗東,20260819,水,5:01,ルパドゥクール,,牝,2,未出走,上村洋行,53.8,38.6,25.1,12.5,15.2,13.5,12.6,12.5
栗東,20260819,水,5:02,グレイイングリーン,,牡,8,3800,池江泰寿,54.0,39.0,25.1,12.4,15.0,13.9,12.7,12.4
栗東,20260819,水,5:02,ハピ,,牡,7,4800,大久保龍,53.1,38.6,25.6,12.6,14.5,13.0,13.0,12.6
栗東,20260819,水,5:02,レッドプロフェシー,,牡,6,2400,大久保龍,54.3,39.6,25.9,12.6,14.7,13.7,13.3,12.6
栗東,20260819,水,5:02,ジーティーパワー,,牡,5,0,中村直也,54.0,39.1,25.1,12.2,14.9,14.0,12.9,12.2
栗東,20260819,水,5:02,メイショウサトノヒ,,牡,4,400,長谷川浩,54.1,39.6,25.6,12.6,14.5,14.0,13.0,12.6
栗東,20260819,水,5:02,エレガンシア,,牝,4,400,高柳大輔,53.6,38.6,25.3,12.8,15.0,13.3,12.5,12.8
栗東,20260819,水,5:02,フィドルファドル,,牝,4,900,矢作芳人,50.5,36.7,23.8,11.8,13.8,12.9,12.0,11.8
栗東,20260819,水,5:02,ベイリークロア,,牡,4,400,大久保龍,55.0,39.7,25.7,12.6,15.3,14.0,13.1,12.6
栗東,20260819,水,5:02,ダイシンリンク,,牡,4,900,森秀行,54.1,39.3,25.2,12.6,14.8,14.1,12.6,12.6
栗東,20260819,水,5:02,ジャスパーノベル,,牝,4,400,森秀行,54.2,39.1,25.2,12.3,15.1,13.9,12.9,12.3
栗東,20260819,水,5:02,ウイングサンライズ,,牝,3,0,矢作芳人,55.5,40.2,26.1,12.7,15.3,14.1,13.4,12.7
栗東,20260819,水,5:02,ベルシュヴァル,,牝,3,400,中村直也,53.4,38.6,24.7,12.3,14.8,13.9,12.4,12.3
栗東,20260819,水,5:02,エコロガルダ,,牡,3,0,大久保龍,54.3,39.0,25.3,12.5,15.3,13.7,12.8,12.5
栗東,20260819,水,5:02,フィアーブル,,牝,3,400,長谷川浩,53.2,38.6,25.0,12.4,14.6,13.6,12.6,12.4
栗東,20260819,水,5:02,カフジエメンタール,,牡,3,1000,矢作芳人,51.4,37.4,24.1,12.1,14.0,13.3,12.0,12.1
栗東,20260819,水,5:02,イットガール,,牝,3,0,矢作芳人,52.6,38.4,25.4,12.7,14.2,13.0,12.7,12.7
栗東,20260819,水,5:02,エイシンミスリル,,牝,3,0,大久保龍,53.2,38.7,25.4,12.7,14.5,13.3,12.7,12.7
栗東,20260819,水,5:02,ロードメルヴェイユ,,牡,3,400,長谷川浩,53.3,38.7,25.1,12.4,14.6,13.6,12.7,12.4
栗東,20260819,水,5:02,マイコンチェルト,,牡,3,400,大久保龍,54.0,39.1,25.4,12.6,14.9,13.7,12.8,12.6
栗東,20260819,水,5:02,ジャスパーメルチェ,,牝,3,400,森秀行,52.0,38.2,25.1,12.7,13.8,13.1,12.4,12.7
栗東,20260819,水,5:02,タイヴァス,,牡,2,未出走,矢作芳人,52.3,38.4,25.4,12.8,13.9,13.0,12.6,12.8
栗東,20260819,水,5:02,モノホンプレイヤー,,牡,2,0,森秀行,54.5,39.9,25.8,12.5,14.6,14.1,13.3,12.5
栗東,20260819,水,5:03,アスクキングコング,,セ,8,900,梅田智之,55.4,39.7,25.2,12.0,15.7,14.5,13.2,12.0
栗東,20260819,水,5:03,ルクスビッグスター,,牡,6,1500,清水久詞,55.5,39.6,25.7,12.5,15.9,13.9,13.2,12.5
栗東,20260819,水,5:03,タイセイリアル,,牡,5,400,矢作芳人,54.0,39.4,25.8,12.9,14.6,13.6,12.9,12.9
栗東,20260819,水,5:03,クアトロジャック,,牡,5,1500,庄野靖志,54.0,39.0,24.9,12.3,15.0,14.1,12.6,12.3
栗東,20260819,水,5:03,グランキングオー,,牡,4,2400,高橋康之,54.4,38.6,24.9,12.2,15.8,13.7,12.7,12.2
栗東,20260819,水,5:03,ダガーリング,,牡,4,1000,柴田卓,54.4,39.2,25.0,12.3,15.2,14.2,12.7,12.3
栗東,20260819,水,5:03,ワンコールアウェイ,,牝,4,900,杉山晴紀,54.7,39.4,25.5,12.5,15.3,13.9,13.0,12.5
栗東,20260819,水,5:03,レヴァンテシチー,,牡,4,1500,柴田卓,55.8,40.1,25.5,12.4,15.7,14.6,13.1,12.4
栗東,20260819,水,5:03,ハッコウイチウ,,牡,4,900,杉山晴紀,55.6,40.3,26.1,12.7,15.3,14.2,13.4,12.7
栗東,20260819,水,5:03,クールドリオン,,牡,3,0,庄野靖志,53.6,38.8,24.7,12.1,14.8,14.1,12.6,12.1
栗東,20260819,水,5:03,グランブリーゼ,,牝,3,0,庄野靖志,53.9,39.5,26.1,13.4,14.4,13.4,12.7,13.4
栗東,20260819,水,5:03,スピーチバルーン,,牝,3,0,吉村圭司,54.5,39.5,25.9,12.9,15.0,13.6,13.0,12.9
栗東,20260819,水,5:03,インドミタビリティ,,牡,3,0,杉山晴紀,54.8,39.4,25.7,12.8,15.4,13.7,12.9,12.8
栗東,20260819,水,5:03,ルナフィオーレ,,牝,3,0,庄野靖志,60.1,44.0,29.4,14.8,16.1,14.6,14.6,14.8
栗東,20260819,水,5:03,オックスアイ,,牡,3,900,清水久詞,56.9,41.3,26.9,12.8,15.6,14.4,14.1,12.8
栗東,20260819,水,5:03,ニシノエビガタメ,,牡,3,0,吉村圭司,54.9,40.0,26.4,13.2,14.9,13.6,13.2,13.2
栗東,20260819,水,5:03,マイネルホウセン,,牡,3,0,清水久詞,57.7,41.5,26.3,12.5,16.2,15.2,13.8,12.5
栗東,20260819,水,5:03,サンロンブル,,牡,3,0,柴田卓,54.7,39.0,25.4,12.8,15.7,13.6,12.6,12.8
栗東,20260819,水,5:03,オーロラトレイル,,牝,2,未出走,清水久詞,60.1,43.6,27.9,12.9,16.5,15.7,15.0,12.9
栗東,20260819,水,5:03,アレストラウム,,牡,2,未出走,佐藤悠太,53.5,38.3,24.7,12.1,15.2,13.6,12.6,12.1
栗東,20260819,水,5:03,プッシュザリミット,,牡,2,0,柴田卓,56.5,40.8,26.5,12.8,15.7,14.3,13.7,12.8
栗東,20260819,水,5:04,プルートマスター,,牡,7,1500,今野貞一,54.3,39.0,25.0,12.4,15.3,14.0,12.6,12.4
栗東,20260819,水,5:04,ラインオブソウル,,牡,7,2400,東田明士,54.1,39.5,25.8,13.0,14.6,13.7,12.8,13.0
栗東,20260819,水,5:04,ダークエクリプス,,牡,7,1500,今野貞一,53.8,38.6,24.9,12.5,15.2,13.7,12.4,12.5
栗東,20260819,水,5:04,マリアナトレンチ,,牡,6,2400,東田明士,52.9,38.5,25.1,12.5,14.4,13.4,12.6,12.5
栗東,20260819,水,5:04,サンデーファンデー,,牡,6,11050,東田明士,54.3,39.4,25.7,12.9,14.9,13.7,12.8,12.9
栗東,20260819,水,5:04,バンディート,,牡,6,620,東田明士,52.8,38.2,24.6,12.2,14.6,13.6,12.4,12.2
栗東,20260819,水,5:04,シゲルソロソロ,,牝,6,1500,谷潔,53.7,39.4,25.8,13.3,14.3,13.6,12.5,13.3
栗東,20260819,水,5:04,マサノカナリア,,牝,5,3600,藤野健太,56.2,40.1,25.7,12.4,16.1,14.4,13.3,12.4
栗東,20260819,水,5:04,クランフォード,,牝,5,3200,杉山晴紀,59.2,43.1,28.4,13.7,16.1,14.7,14.7,13.7
栗東,20260819,水,5:04,マジックブルー,,牡,5,400,荒川義之,53.9,38.9,25.4,12.6,15.0,13.5,12.8,12.6
栗東,20260819,水,5:04,タイセイブロウ,,牡,5,400,平田修,52.0,38.4,25.4,13.1,13.6,13.0,12.3,13.1
栗東,20260819,水,5:04,ブルーストレイル,,牡,5,480,荒川義之,53.8,39.1,25.7,13.3,14.7,13.4,12.4,13.3
栗東,20260819,水,5:04,ランドブレイブ,,牡,4,400,安達昭夫,56.3,41.0,27.0,13.3,15.3,14.0,13.7,13.3
栗東,20260819,水,5:04,ニシノジェダイ,,牡,4,900,宮本博,54.5,39.5,25.6,12.7,15.0,13.9,12.9,12.7
栗東,20260819,水,5:04,ワンダーヴァレル,,牝,3,0,杉山晴紀,55.5,40.1,25.9,12.8,15.4,14.2,13.1,12.8
栗東,20260819,水,5:04,ロードファイター,,牡,3,0,東田明士,53.1,38.7,25.2,12.6,14.4,13.5,12.6,12.6
栗東,20260819,水,5:04,ヒラボクソライア,,牡,3,400,東田明士,55.4,40.5,25.7,12.5,14.9,14.8,13.2,12.5
栗東,20260819,水,5:04,リアライズブラーヴ,,牡,3,400,杉山晴紀,55.5,39.7,25.4,12.5,15.8,14.3,12.9,12.5
栗東,20260819,水,5:04,アルダ,,牡,3,0,石坂公一,54.9,39.8,25.7,12.6,15.1,14.1,13.1,12.6
栗東,20260819,水,5:04,ジュエルサンライズ,,牝,3,0,東田明士,55.6,40.4,26.1,12.7,15.2,14.3,13.4,12.7
栗東,20260819,水,5:04,マシン,,牡,3,400,石坂公一,54.8,39.8,25.8,12.6,15.0,14.0,13.2,12.6
栗東,20260819,水,5:04,アスクチャンスマン,,牡,3,400,梅田智之,59.9,42.7,26.9,13.1,17.2,15.8,13.8,13.1
栗東,20260819,水,5:04,ウインクローバー,,牝,2,0,宮本博,55.9,40.5,25.7,12.7,15.4,14.8,13.0,12.7
栗東,20260819,水,5:04,メイショウリベロ,,牡,2,未出走,安達昭夫,55.6,40.6,26.7,13.3,15.0,13.9,13.4,13.3
栗東,20260819,水,5:04,ファミーリエ,,牝,2,未出走,清水久詞,58.5,42.9,28.1,12.9,15.6,14.8,15.2,12.9
栗東,20260819,水,5:04,シンゼンクラマ,,牡,2,未出走,荒川義之,54.1,39.1,25.6,13.0,15.0,13.5,12.6,13.0
栗東,20260819,水,5:04,アーデルプレミア,,牡,2,未出走,宮本博,55.1,39.8,25.8,12.8,15.3,14.0,13.0,12.8
栗東,20260819,水,5:05,シアター,,牝,5,900,茶木太樹,56.3,40.4,25.8,12.4,15.9,14.6,13.4,12.4
栗東,20260819,水,5:05,ポエットリー,,牝,5,1500,平田修,52.8,37.6,24.4,12.2,15.2,13.2,12.2,12.2
栗東,20260819,水,5:05,ピエマンソン,,牡,4,1500,平田修,53.5,38.2,25.2,12.7,15.3,13.0,12.5,12.7
栗東,20260819,水,5:05,チュウワチーフ,,牡,4,900,小崎憲,53.8,39.1,25.4,12.8,14.7,13.7,12.6,12.8
栗東,20260819,水,5:05,ウェイヴムーン,,牡,3,0,石坂公一,59.3,42.2,26.7,12.5,17.1,15.5,14.2,12.5
栗東,20260819,水,5:05,マーゴットバディ,,セ,3,400,石坂公一,59.1,42.2,26.9,12.5,16.9,15.3,14.4,12.5
栗東,20260819,水,5:05,チュウワメロディー,,牡,3,0,小崎憲,53.4,38.9,25.5,12.5,14.5,13.4,13.0,12.5
栗東,20260819,水,5:05,ベストレイク,,牝,3,0,小崎憲,52.6,38.8,25.4,12.4,13.8,13.4,13.0,12.4
栗東,20260819,水,5:05,アルギエバ,,牡,2,未出走,平田修,54.7,39.6,25.7,13.0,15.1,13.9,12.7,13.0
栗東,20260819,水,5:05,タタンタン,,牝,2,未出走,安田翔伍,53.0,38.8,25.4,12.6,14.2,13.4,12.8,12.6
栗東,20260819,水,5:05,ケイアイトリノ,,牡,2,未出走,平田修,54.3,39.3,25.5,13.0,15.0,13.8,12.5,13.0
栗東,20260819,水,5:05,ボーオーブ,,牡,2,未出走,安田翔伍,55.3,40.6,26.4,13.2,14.7,14.2,13.2,13.2
栗東,20260819,水,5:05,ヴェルソドルチェ,,牝,2,未出走,茶木太樹,63.0,46.2,29.7,14.5,16.8,16.5,15.2,14.5
栗東,20260819,水,5:05,アストラルライト,,牝,2,未出走,安田翔伍,53.2,39.0,25.8,13.0,14.2,13.2,12.8,13.0
栗東,20260819,水,5:05,サンタンジェロ,,牝,2,400,須貝尚介,62.3,42.7,27.8,13.7,19.6,14.9,14.1,13.7
栗東,20260819,水,5:05,アイボリータワー,,牝,2,未出走,安田翔伍,55.2,40.7,26.4,13.2,14.5,14.3,13.2,13.2
栗東,20260819,水,5:05,ヴァーヴイレヴン,,牡,2,未出走,小崎憲,53.5,39.0,25.3,12.8,14.5,13.7,12.5,12.8
栗東,20260819,水,5:06,コト,,牝,5,1500,野中賢二,53.4,38.9,24.7,12.2,14.5,14.2,12.5,12.2
栗東,20260819,水,5:06,クインズセレネ,,牝,5,400,野中賢二,55.4,40.4,26.2,12.9,15.0,14.2,13.3,12.9
栗東,20260819,水,5:06,スナークラファエロ,,セ,5,2400,野中賢二,53.9,38.9,25.1,12.4,15.0,13.8,12.7,12.4
栗東,20260819,水,5:06,キャッスルレイク,,牝,4,900,松下武士,55.4,39.9,25.6,12.4,15.5,14.3,13.2,12.4
栗東,20260819,水,5:06,ケイアイワイラーパ,,牡,4,0,野中賢二,55.7,40.7,26.4,13.0,15.0,14.3,13.4,13.0
栗東,20260819,水,5:06,ラージギャラリー,,牝,4,1500,高橋亮,52.9,38.8,25.2,12.6,14.1,13.6,12.6,12.6
栗東,20260819,水,5:06,ドリームゴーズオン,,牡,3,0,高橋亮,54.3,39.5,25.8,13.0,14.8,13.7,12.8,13.0
栗東,20260819,水,5:06,キャスケード,,牝,3,0,高橋亮,53.8,39.2,25.6,12.8,14.6,13.6,12.8,12.8
栗東,20260819,水,5:06,ゴンタ,,牡,3,400,小崎憲,55.7,40.8,26.5,13.2,14.9,14.3,13.3,13.2
栗東,20260819,水,5:06,サーブルディアマン,,牡,3,0,坂口智康,53.7,38.8,25.1,12.6,14.9,13.7,12.5,12.6
栗東,20260819,水,5:06,アロンソア,,牡,3,900,牧田和弥,55.0,39.7,25.8,12.5,15.3,13.9,13.3,12.5
栗東,20260819,水,5:06,ヒャクギマル,,牡,3,0,坂口智康,54.2,39.1,25.2,12.6,15.1,13.9,12.6,12.6
栗東,20260819,水,5:06,マイシドニー,,牡,3,0,新谷功一,57.1,41.9,27.7,13.1,15.2,14.2,14.6,13.1
栗東,20260819,水,5:07,チェルノボーグ,,セ,7,1500,藤原英昭,54.2,39.5,25.5,12.5,14.7,14.0,13.0,12.5
栗東,20260819,水,5:07,サクソンジェンヌ,,牝,5,2400,高橋義忠,54.7,39.2,25.2,12.6,15.5,14.0,12.6,12.6
栗東,20260819,水,5:07,サーディンラン,,牡,3,900,武英智,57.8,42.5,28.2,14.0,15.3,14.3,14.2,14.0
栗東,20260819,水,5:07,オモイヲノセテ,,牝,3,400,高橋義忠,54.4,39.1,24.8,12.5,15.3,14.3,12.3,12.5
栗東,20260819,水,5:07,マゲバスピード,,牡,3,400,藤原英昭,55.1,40.1,26.0,12.8,15.0,14.1,13.2,12.8
栗東,20260819,水,5:07,トップチェッカー,,牡,2,400,武英智,56.9,41.5,27.4,13.8,15.4,14.1,13.6,13.8
栗東,20260819,水,5:07,ディープナイト,,牡,2,0,牧田和弥,63.8,47.0,30.5,14.5,16.8,16.5,16.0,14.5
栗東,20260819,水,5:07,リンピッド,,牝,2,未出走,飯田祐史,55.8,39.6,26.3,13.3,16.2,13.3,13.0,13.3
栗東,20260819,水,5:07,コロラート,,セ,2,未出走,飯田祐史,57.2,40.7,26.4,13.0,16.5,14.3,13.4,13.0
栗東,20260819,水,5:07,クリスティーナ,,牝,2,未出走,飯田祐史,55.2,39.6,26.2,13.3,15.6,13.4,12.9,13.3
栗東,20260819,水,5:07,セーズアマゾネス,,牝,2,未出走,飯田祐史,57.7,40.7,26.3,12.9,17.0,14.4,13.4,12.9
栗東,20260819,水,5:07,ルーメンルーナエ,,牡,2,未出走,中内田充,55.7,40.2,25.7,12.7,15.5,14.5,13.0,12.7
栗東,20260819,水,5:08,カーリキュー,,牝,3,400,高橋一哉,53.2,39.1,25.5,12.5,14.1,13.6,13.0,12.5
栗東,20260819,水,5:08,テイエムスターラン,,牡,3,400,小椋研介,54.8,40.0,26.4,13.4,14.8,13.6,13.0,13.4
栗東,20260819,水,5:08,アラビアンジョイ,,牝,3,400,高橋一哉,53.2,39.3,25.6,12.7,13.9,13.7,12.9,12.7
栗東,20260819,水,5:09,プレデンシア,,牝,3,0,中尾秀正,54.2,38.8,25.2,12.6,15.4,13.6,12.6,12.6
栗東,20260819,水,5:09,ナデシコザクラ,,牝,3,0,秋山真一,58.4,42.1,27.9,13.8,16.3,14.2,14.1,13.8
栗東,20260819,水,5:09,メイショウジーニー,,牝,3,0,秋山真一,57.8,41.6,27.5,13.5,16.2,14.1,14.0,13.5
栗東,20260819,水,5:10,シャイニングスター,,牡,3,0,小椋研介,52.9,38.4,25.8,13.0,14.5,12.6,12.8,13.0
栗東,20260819,水,5:10,リゼロン,,牝,2,未登録,,57.2,41.2,27.1,13.9,16.0,14.1,13.2,13.9
栗東,20260819,水,5:11,サロニコス,,牝,5,900,松下武士,53.2,37.9,24.7,12.6,15.3,13.2,12.1,12.6
栗東,20260819,水,5:11,ビップジーニー,,牡,5,1500,松下武士,54.7,38.9,24.7,12.5,15.8,14.2,12.2,12.5
栗東,20260819,水,5:11,ショウナンザナドゥ,,牝,4,3000,松下武士,55.5,39.4,24.9,12.0,16.1,14.5,12.9,12.0
栗東,20260819,水,5:11,ジャスティンアポロ,,牡,3,0,茶木太樹,54.5,39.1,25.4,12.9,15.4,13.7,12.5,12.9
栗東,20260819,水,5:11,タガノアラリア,,牡,3,2100,西園翔太,54.1,38.1,24.0,12.2,16.0,14.1,11.8,12.2
栗東,20260819,水,5:11,ジャスティンゴッホ,,牡,3,0,茶木太樹,54.2,38.9,25.3,12.7,15.3,13.6,12.6,12.7
栗東,20260819,水,5:11,ノブレスラブリエ,,牝,3,0,西園翔太,54.6,39.7,25.2,12.6,14.9,14.5,12.6,12.6
栗東,20260819,水,5:11,イルミナジーティー,,牝,3,0,西園翔太,54.4,39.4,25.3,12.4,15.0,14.1,12.9,12.4
栗東,20260819,水,5:11,プペアンビスキュイ,,牝,3,0,茶木太樹,53.1,38.1,24.8,12.2,15.0,13.3,12.6,12.2
栗東,20260819,水,5:11,インカルナータ,,牡,2,400,西園翔太,54.4,39.6,25.8,12.6,14.8,13.8,13.2,12.6
栗東,20260819,水,5:12,ヤマニンループ,,牡,7,900,松永幹夫,61.3,45.0,29.3,14.5,16.3,15.7,14.8,14.5
栗東,20260819,水,5:12,ローマンレイク,,牝,5,900,松永幹夫,57.1,41.1,26.0,12.4,16.0,15.1,13.6,12.4
栗東,20260819,水,5:12,サンライズブレイク,,牡,4,400,浜田多実,54.8,38.9,24.6,12.3,15.9,14.3,12.3,12.3
栗東,20260819,水,5:12,コルドンブルー,,牝,4,900,松永幹夫,54.0,38.8,25.2,12.5,15.2,13.6,12.7,12.5
栗東,20260819,水,5:12,ミスヘンリー,,牝,3,400,羽月友彦,53.5,38.6,25.3,12.9,14.9,13.3,12.4,12.9
栗東,20260819,水,5:12,グラスゴー,,牝,3,400,浜田多実,52.0,37.7,24.9,12.8,14.3,12.8,12.1,12.8
栗東,20260819,水,5:12,ヴィスコンテッサ,,牝,3,400,松永幹夫,56.3,40.7,26.0,12.5,15.6,14.7,13.5,12.5
栗東,20260819,水,5:12,ナンヨーカルチャー,,牝,2,未出走,松永幹夫,57.5,41.8,27.2,13.3,15.7,14.6,13.9,13.3
栗東,20260819,水,5:12,ガネット,,牝,2,未出走,松永幹夫,56.6,40.7,25.7,12.3,15.9,15.0,13.4,12.3
栗東,20260819,水,5:12,ジュンヴァグネル,,牡,2,0,浜田多実,51.9,37.6,24.8,12.6,14.3,12.8,12.2,12.6
栗東,20260819,水,5:13,ナッカーフェイス,,牡,7,1500,北出成人,53.4,38.8,25.2,12.8,14.6,13.6,12.4,12.8
栗東,20260819,水,5:13,カポレイラ,,牝,4,400,北出成人,55.7,40.2,26.0,12.4,15.5,14.2,13.6,12.4
栗東,20260819,水,5:13,フェスティヴドレス,,牝,3,900,岡田稲男,56.6,41.2,26.8,13.4,15.4,14.4,13.4,13.4
栗東,20260819,水,5:13,ヒッグスボソン,,牡,3,0,高橋義忠,58.1,41.2,25.0,12.3,16.9,16.2,12.7,12.3
栗東,20260819,水,5:13,シャインゴーツ,,牡,3,0,北出成人,55.1,39.4,25.5,12.6,15.7,13.9,12.9,12.6
栗東,20260819,水,5:13,アルムアポジェ,,牝,3,0,北出成人,54.6,38.6,25.0,12.5,16.0,13.6,12.5,12.5
栗東,20260819,水,5:13,スウィートハピネス,,牝,3,1600,北出成人,56.7,40.6,26.0,12.7,16.1,14.6,13.3,12.7
栗東,20260819,水,5:13,プリモマーレ,,牝,3,未出走,中内田充,55.4,39.9,25.8,12.9,15.5,14.1,12.9,12.9
栗東,20260819,水,5:13,ポニーテール,,牝,3,未出走,中内田充,55.3,40.0,26.1,13.2,15.3,13.9,12.9,13.2
栗東,20260819,水,5:13,ドラゴングローリア,,牝,3,0,斉藤崇史,56.6,39.9,25.2,12.4,16.7,14.7,12.8,12.4
栗東,20260819,水,5:14,オレンジフィールド,,牝,3,0,北出成人,57.4,41.3,26.7,13.3,16.1,14.6,13.4,13.3
栗東,20260819,水,5:14,エコロディアン,,牝,3,0,牧浦充徳,58.7,43.3,29.0,14.8,15.4,14.3,14.2,14.8
栗東,20260819,水,5:15,メイショウハネウマ,,牝,3,0,笹田和秀,54.7,39.6,26.0,13.0,15.1,13.6,13.0,13.0
栗東,20260819,水,5:15,メイショウドキョウ,,セ,3,0,笹田和秀,54.2,39.4,25.7,13.0,14.8,13.7,12.7,13.0
栗東,20260819,水,5:15,アルビオン,,牝,3,400,笹田和秀,54.7,40.2,26.9,13.8,14.5,13.3,13.1,13.8
栗東,20260819,水,5:15,メイショウピュルテ,,牝,3,0,笹田和秀,53.9,39.4,25.4,12.7,14.5,14.0,12.7,12.7
栗東,20260819,水,5:18,アプリコットスカイ,,牝,2,未出走,大根田裕,58.9,43.2,28.7,14.6,15.7,14.5,14.1,14.6
栗東,20260819,水,5:18,メネルブ,,牝,2,未出走,中尾秀正,58.8,43.8,29.3,14.8,15.0,14.5,14.5,14.8
栗東,20260819,水,5:18,アップルペアー,,牝,2,未出走,大根田裕,60.8,44.4,29.9,14.9,16.4,14.5,15.0,14.9
栗東,20260819,水,5:18,ジェルメーヌ,,牝,2,未出走,中尾秀正,58.3,43.4,29.0,14.5,14.9,14.4,14.5,14.5
栗東,20260819,水,5:19,フェブリノ,,牝,3,0,加藤公太,58.6,43.5,28.5,14.4,15.1,15.0,14.1,14.4
栗東,20260819,水,5:19,スマートソラーレ,,牡,2,未登録,,65.2,47.5,30.8,14.3,17.7,16.7,16.5,14.3
栗東,20260819,水,5:19,リベロスピリット,,牡,2,未登録,,65.3,47.6,30.7,14.3,17.7,16.9,16.4,14.3
栗東,20260819,水,5:20,ハギノサステナブル,,牡,6,2400,高野友和,55.0,39.7,25.9,12.6,15.3,13.8,13.3,12.6
栗東,20260819,水,5:20,カウンティフェア,,牝,4,900,高野友和,57.9,41.8,27.2,13.4,16.1,14.6,13.8,13.4
栗東,20260819,水,5:20,ソニックステップ,,セ,4,900,高野友和,55.8,40.5,26.1,12.6,15.3,14.4,13.5,12.6
栗東,20260819,水,5:20,ライノ,,セ,4,900,高野友和,54.7,39.5,25.5,12.2,15.2,14.0,13.3,12.2
栗東,20260819,水,5:20,クレスコドルフィン,,牡,4,400,羽月友彦,52.4,38.7,25.5,12.8,13.7,13.2,12.7,12.8
栗東,20260819,水,5:20,ホールオブミラーズ,,牡,3,400,高野友和,54.5,39.4,25.5,12.5,15.1,13.9,13.0,12.5
栗東,20260819,水,5:20,プリンキピッサ,,牝,2,0,高野友和,53.6,38.4,24.9,12.4,15.2,13.5,12.5,12.4
栗東,20260819,水,5:21,グランメドウ,,牡,5,400,藤岡健一,54.5,40.4,26.3,12.7,14.1,14.1,13.6,12.7
栗東,20260819,水,5:21,ワイドシュテルケ,,牡,3,400,藤岡健一,53.2,38.6,25.0,12.6,14.6,13.6,12.4,12.6
栗東,20260819,水,5:21,ウェンロック,,牡,3,未出走,藤岡健一,54.8,40.4,26.0,12.7,14.4,14.4,13.3,12.7
栗東,20260819,水,5:21,ブロッサムスピア,,牡,2,未出走,藤岡健一,53.0,38.4,24.8,12.4,14.6,13.6,12.4,12.4
栗東,20260819,水,5:22,ヤブサメ,,牡,5,3800,石橋守,53.7,39.3,26.0,12.5,14.4,13.3,13.5,12.5
栗東,20260819,水,5:22,モズタチアガレ,,牡,4,900,中尾秀正,58.4,42.0,26.3,12.8,16.4,15.7,13.5,12.8
栗東,20260819,水,5:22,メイショウナナシロ,,牡,3,0,石橋守,55.6,39.9,26.4,13.0,15.7,13.5,13.4,13.0
栗東,20260819,水,5:22,スターペスアンナ,,牝,3,0,石橋守,56.4,41.0,27.1,13.4,15.4,13.9,13.7,13.4
栗東,20260819,水,5:23,レイディアントサン,,牡,2,未出走,安達昭夫,57.1,41.2,26.1,12.8,15.9,15.1,13.3,12.8
栗東,20260819,水,5:23,ヤマトクオーレ,,牡,2,0,安達昭夫,57.4,41.4,26.5,13.0,16.0,14.9,13.5,13.0
栗東,20260819,水,5:24,ベルサ,,牝,4,400,鈴木孝志,53.6,38.7,25.3,12.7,14.9,13.4,12.6,12.7
栗東,20260819,水,5:24,ラテライト,,牝,4,0,橋田宜長,55.0,40.0,25.9,12.8,15.0,14.1,13.1,12.8
栗東,20260819,水,5:24,エバイダンス,,牝,3,0,鈴木孝志,58.0,42.6,27.3,13.4,15.4,15.3,13.9,13.4
栗東,20260819,水,5:24,サルタラリンダ,,牝,3,0,橋田宜長,56.4,40.9,26.6,13.2,15.5,14.3,13.4,13.2
栗東,20260819,水,5:24,ロックウイズミー,,牡,2,未出走,緒方努,57.9,41.8,27.3,13.6,16.1,14.5,13.7,13.6
栗東,20260819,水,5:24,コトテーラー,,牝,2,未出走,緒方努,56.8,40.6,26.4,13.5,16.2,14.2,12.9,13.5
栗東,20260819,水,5:24,ジーティールーナ,,牝,2,未出走,緒方努,57.7,41.5,27.3,13.8,16.2,14.2,13.5,13.8
栗東,20260819,水,5:24,ローズトリオンフォ,,牝,2,未出走,緒方努,58.9,42.8,28.4,14.5,16.1,14.4,13.9,14.5
栗東,20260819,水,5:25,アメリカンビーチ,,牡,4,400,四位洋文,55.2,39.8,25.5,12.6,15.4,14.3,12.9,12.6
栗東,20260819,水,5:25,タイニーワンダー,,牝,3,400,四位洋文,54.3,39.6,25.4,12.6,14.7,14.2,12.8,12.6
栗東,20260819,水,5:25,チヨ,,牝,3,0,鈴木孝志,56.5,41.3,27.3,13.2,15.2,14.0,14.1,13.2
栗東,20260819,水,5:26,ヨリノレジェンド,,牡,4,1500,奥村豊,54.4,39.3,25.1,12.4,15.1,14.2,12.7,12.4
栗東,20260819,水,5:27,ランスオブセヘル,,牝,5,900,奥村豊,58.4,43.4,28.4,14.2,15.0,15.0,14.2,14.2
栗東,20260819,水,5:28,ジュンブロッサム,,牡,7,6550,友道康夫,57.8,41.5,26.8,13.2,16.3,14.7,13.6,13.2
栗東,20260819,水,5:28,モノノケ,,牝,3,0,宮地貴稔,56.3,41.3,27.5,13.6,15.0,13.8,13.9,13.6
栗東,20260819,水,5:28,メイショウユウゲン,,牡,3,0,安達昭夫,56.5,40.8,26.6,13.3,15.7,14.2,13.3,13.3
栗東,20260819,水,5:28,ミーンアロット,,牝,3,0,宮地貴稔,53.6,39.7,26.0,13.0,13.9,13.7,13.0,13.0
栗東,20260819,水,5:28,メイクワンズデイ,,牡,3,400,宮地貴稔,53.2,38.8,25.3,12.5,14.4,13.5,12.8,12.5
栗東,20260819,水,5:28,ホットリップス,,牝,2,未出走,清水久詞,56.5,40.6,26.1,13.0,15.9,14.5,13.1,13.0
栗東,20260819,水,5:28,クールタロウ,,牡,2,0,宮地貴稔,52.6,38.7,25.2,12.7,13.9,13.5,12.5,12.7
栗東,20260819,水,5:28,エテルノアーラ,,牝,2,未登録,,55.8,40.2,25.8,13.0,15.6,14.4,12.8,13.0
栗東,20260819,水,5:29,マダムイグレイン,,牝,4,270,飯田祐史,59.2,42.4,27.7,13.8,16.8,14.7,13.9,13.8
栗東,20260819,水,5:29,ドゥラエテルノ,,牡,4,900,武幸四郎,55.5,39.7,25.6,13.1,15.8,14.1,12.5,13.1
栗東,20260819,水,5:29,ラマンシュ,,牡,4,900,杉山佳明,56.3,40.6,26.6,13.3,15.7,14.0,13.3,13.3
栗東,20260819,水,5:29,ハムタン,,牡,3,0,武幸四郎,54.4,39.5,25.6,12.8,14.9,13.9,12.8,12.8
栗東,20260819,水,5:29,エトワールハマー,,牡,2,未出走,武幸四郎,55.1,39.6,25.5,12.9,15.5,14.1,12.6,12.9
栗東,20260819,水,5:30,シャンデリュイーズ,,牝,3,0,小栗実,55.8,40.5,26.2,12.8,15.3,14.3,13.4,12.8
栗東,20260819,水,5:31,ウインデイジー,,牝,5,1500,宮徹,55.6,40.7,26.3,12.6,14.9,14.4,13.7,12.6
栗東,20260819,水,5:32,アリストクラシア,,牝,5,400,吉岡辰弥,57.9,42.3,27.3,13.5,15.6,15.0,13.8,13.5
栗東,20260819,水,5:32,エンネ,,牝,3,1450,吉岡辰弥,55.4,40.2,26.1,13.2,15.2,14.1,12.9,13.2
栗東,20260819,水,5:32,オーロラボレアリス,,牝,3,0,吉岡辰弥,62.2,44.5,28.9,14.2,17.7,15.6,14.7,14.2
栗東,20260819,水,5:33,サヴォーナ,,牡,6,5150,中竹和也,55.1,40.6,26.5,12.9,14.5,14.1,13.6,12.9
栗東,20260819,水,5:33,グランヴィノス,,牡,6,3250,友道康夫,53.7,38.1,24.5,12.2,15.6,13.6,12.3,12.2
栗東,20260819,水,5:33,マジョレルブルー,,牡,3,900,友道康夫,54.6,39.0,25.1,12.4,15.6,13.9,12.7,12.4
栗東,20260819,水,5:38,ブルクトーア,,牡,4,1500,長谷川浩,53.0,38.8,25.4,12.8,14.2,13.4,12.6,12.8
栗東,20260819,水,5:39,ランウインディ,,牝,5,1500,中尾秀正,54.9,40.8,27.0,13.4,14.1,13.8,13.6,13.4
栗東,20260819,水,5:39,ホウオウスカイハイ,,牡,3,0,宮徹,57.4,41.7,26.5,12.6,15.7,15.2,13.9,12.6
栗東,20260819,水,5:40,プルミエールパス,,牝,5,480,河嶋宏樹,54.1,38.7,24.8,12.4,15.4,13.9,12.4,12.4
栗東,20260819,水,5:40,バケラッタ,,牡,3,400,河嶋宏樹,55.1,39.6,25.4,12.8,15.5,14.2,12.6,12.8
栗東,20260819,水,5:41,フルドフォルク,,牡,3,0,庄野靖志,57.0,40.8,26.8,13.9,16.2,14.0,12.9,13.9
栗東,20260819,水,5:43,キングロコマイカイ,,牡,7,900,畑端省吾,54.5,39.6,26.0,13.0,14.9,13.6,13.0,13.0
栗東,20260819,水,5:43,ペイシャモノノフ,,牡,6,2400,畑端省吾,56.3,40.8,26.3,12.9,15.5,14.5,13.4,12.9
栗東,20260819,水,5:43,ダディーズレガリア,,牡,2,未出走,畑端省吾,55.7,40.5,26.1,12.8,15.2,14.4,13.3,12.8
栗東,20260819,水,5:44,ヴェントインコーダ,,牝,4,900,角田晃一,55.7,39.9,25.1,12.3,15.8,14.8,12.8,12.3
栗東,20260819,水,5:44,セイウンダイフク,,牡,3,0,宮本博,55.0,40.0,26.2,13.2,15.0,13.8,13.0,13.2
栗東,20260819,水,5:44,ノーブルキングダム,,牡,2,未出走,宮本博,57.5,41.3,26.6,13.2,16.2,14.7,13.4,13.2
栗東,20260819,水,5:44,メイショウラウルス,,牡,2,未出走,角田晃一,57.8,41.9,27.4,13.5,15.9,14.5,13.9,13.5
栗東,20260819,水,5:45,ポペット,,牝,3,400,高橋康之,54.2,38.0,24.5,12.5,16.2,13.5,12.0,12.5
栗東,20260819,水,5:46,スコーピオンイメル,,牡,4,400,武英智,58.1,41.8,26.4,13.0,16.3,15.4,13.4,13.0
栗東,20260819,水,5:46,エルヴィッタ,,牝,3,0,武英智,55.9,40.4,26.3,13.2,15.5,14.1,13.1,13.2
栗東,20260819,水,5:46,アメジストブリエ,,牝,3,0,武英智,55.1,39.9,26.4,13.7,15.2,13.5,12.7,13.7
栗東,20260819,水,5:46,ムーンリットアイル,,牝,3,400,武英智,57.7,41.5,26.2,13.0,16.2,15.3,13.2,13.0
栗東,20260819,水,5:46,タナコクシテンホウ,,牡,2,0,大根田裕,57.3,41.5,26.8,13.4,15.8,14.7,13.4,13.4
栗東,20260819,水,5:47,マイエレメント,,牝,4,1500,福永祐一,56.7,40.7,26.1,12.6,16.0,14.6,13.5,12.6
栗東,20260819,水,5:47,ランフォーヴァウ,,牝,4,3700,福永祐一,55.0,39.2,25.6,12.6,15.8,13.6,13.0,12.6
栗東,20260819,水,5:47,マルカルーカス,,牡,2,未出走,福永祐一,56.8,40.9,25.9,13.0,15.9,15.0,12.9,13.0
栗東,20260819,水,5:52,レッドヴァリアート,,牡,4,400,加藤公太,54.9,40.3,26.3,13.3,14.6,14.0,13.0,13.3
栗東,20260819,水,5:52,キタノタピット,,牡,2,未出走,加藤公太,56.9,41.7,27.6,14.5,15.2,14.1,13.1,14.5
栗東,20260819,水,5:52,マオノファースト,,牡,2,未出走,加藤公太,55.0,40.2,26.2,13.2,14.8,14.0,13.0,13.2
栗東,20260819,水,5:54,シェーラ,,牝,4,400,牧田和弥,55.5,40.2,26.1,13.3,15.3,14.1,12.8,13.3
栗東,20260819,水,5:55,シーズザスローン,,牡,3,1500,松永幹夫,56.5,40.4,26.9,14.0,16.1,13.5,12.9,14.0
栗東,20260819,水,6:23,スペシャルナンバー,,牡,7,1160,西村真幸,55.8,39.9,25.6,12.3,15.9,14.3,13.3,12.3
栗東,20260819,水,6:23,ガロンヌ,,牡,5,2500,上村洋行,53.4,38.7,25.2,12.6,14.7,13.5,12.6,12.6
栗東,20260819,水,6:23,ゲーベル,,牡,5,800,渡辺薫彦,54.2,39.6,25.2,12.2,14.6,14.4,13.0,12.2
栗東,20260819,水,6:23,ヤンキーバローズ,,牡,4,2450,上村洋行,55.1,40.2,26.0,13.1,14.9,14.2,12.9,13.1
栗東,20260819,水,6:23,アステルディーヴァ,,牝,3,0,西村真幸,57.1,41.4,26.5,12.6,15.7,14.9,13.9,12.6
栗東,20260819,水,6:23,ロードフリューゲル,,牡,3,0,上村洋行,55.4,40.5,26.3,12.8,14.9,14.2,13.5,12.8
栗東,20260819,水,6:23,ゼフィルス,,牝,3,0,橋口慎介,54.8,39.2,25.4,12.6,15.6,13.8,12.8,12.6
栗東,20260819,水,6:23,エイダンバローズ,,牡,2,未出走,上村洋行,53.1,38.5,25.1,12.6,14.6,13.4,12.5,12.6
栗東,20260819,水,6:23,ベニバナ,,牝,2,0,渡辺薫彦,54.9,39.8,25.4,12.2,15.1,14.4,13.2,12.2
栗東,20260819,水,6:24,カズタンジャー,,牡,5,4420,新谷功一,57.6,41.7,27.2,13.6,15.9,14.5,13.6,13.6
栗東,20260819,水,6:24,メイショウカシワデ,,牡,5,1500,角田晃一,56.2,40.1,26.3,13.2,16.1,13.8,13.1,13.2
栗東,20260819,水,6:24,ミッキークレスト,,牡,5,2400,大久保龍,53.3,39.0,25.6,12.7,14.3,13.4,12.9,12.7
栗東,20260819,水,6:24,ムーンライトラガー,,牝,4,400,大久保龍,51.5,37.7,25.0,12.7,13.8,12.7,12.3,12.7
栗東,20260819,水,6:24,スターシップ,,牡,3,830,高柳大輔,53.9,40.2,26.7,13.6,13.7,13.5,13.1,13.6
栗東,20260819,水,6:24,サカトクフェイス,,牡,3,0,今野貞一,53.7,39.0,25.0,12.4,14.7,14.0,12.6,12.4
栗東,20260819,水,6:24,ダイヤモンドエルザ,,牝,3,0,笹田和秀,56.0,41.1,27.0,13.4,14.9,14.1,13.6,13.4
栗東,20260819,水,6:24,シエーナカラー,,牝,3,400,北出成人,54.1,39.1,25.3,12.5,15.0,13.8,12.8,12.5
栗東,20260819,水,6:24,レイアン,,牝,3,0,笹田和秀,56.2,41.3,27.2,13.5,14.9,14.1,13.7,13.5
栗東,20260819,水,6:24,スプレンドーレ,,牝,3,未出走,矢作芳人,54.6,40.0,26.0,12.7,14.6,14.0,13.3,12.7
栗東,20260819,水,6:24,ラッキーラグーン,,牡,3,未出走,高柳大輔,52.9,39.3,25.8,12.8,13.6,13.5,13.0,12.8
栗東,20260819,水,6:24,サウンドファイト,,牡,2,0,安達昭夫,54.5,38.9,25.0,12.3,15.6,13.9,12.7,12.3
栗東,20260819,水,6:24,ブラッドバローズ,,牡,2,未出走,杉山晴紀,52.9,38.6,25.3,12.5,14.3,13.3,12.8,12.5
栗東,20260819,水,6:24,ベルウッドワタル,,牡,2,未出走,杉山晴紀,53.7,39.3,25.8,13.0,14.4,13.5,12.8,13.0
栗東,20260819,水,6:24,アワジシマ,,牡,2,未出走,北出成人,53.9,38.9,25.3,12.5,15.0,13.6,12.8,12.5
栗東,20260819,水,6:25,ダイシンピスケス,,牡,8,4280,森秀行,54.3,39.7,25.9,13.1,14.6,13.8,12.8,13.1
栗東,20260819,水,6:25,ロードプレジール,,牡,8,2400,佐藤悠太,55.2,39.7,25.4,12.5,15.5,14.3,12.9,12.5
栗東,20260819,水,6:25,アクートゥス,,セ,6,2400,藤原英昭,58.7,42.0,27.1,13.5,16.7,14.9,13.6,13.5
栗東,20260819,水,6:25,ユウファラオ,,牡,3,1200,森秀行,52.9,38.7,25.3,12.8,14.2,13.4,12.5,12.8
栗東,20260819,水,6:25,ポネンテ,,牝,2,未出走,高橋亮,53.1,39.0,25.5,13.0,14.1,13.5,12.5,13.0
栗東,20260819,水,6:25,ワンスフォーユー,,牝,2,未出走,高橋亮,53.0,38.9,25.3,12.9,14.1,13.6,12.4,12.9
栗東,20260819,水,6:26,スノースケープ,,牝,3,400,中内田充,55.8,40.0,25.6,12.3,15.8,14.4,13.3,12.3
栗東,20260819,水,6:27,イミュータブル,,牡,6,1500,浜田多実,56.1,40.8,26.4,12.8,15.3,14.4,13.6,12.8
栗東,20260819,水,6:27,ビップディラン,,牡,4,900,小椋研介,54.7,39.4,25.9,13.0,15.3,13.5,12.9,13.0
栗東,20260819,水,6:27,ミッキーギャラン,,牡,3,未登録,,53.2,38.9,25.3,12.7,14.3,13.6,12.6,12.7
栗東,20260819,水,6:27,ポッドハンター,,牡,2,未出走,前川恭子,54.1,39.2,25.2,12.5,14.9,14.0,12.7,12.5
栗東,20260819,水,6:28,スカイロケット,,牡,6,2400,須貝尚介,55.0,39.4,24.9,12.4,15.6,14.5,12.5,12.4
栗東,20260819,水,6:28,レディマリオン,,牝,5,2400,長谷川浩,55.4,40.7,26.3,12.9,14.7,14.4,13.4,12.9
栗東,20260819,水,6:28,キングメーカー,,牡,4,1500,須貝尚介,51.3,37.7,25.1,12.9,13.6,12.6,12.2,12.9
栗東,20260819,水,6:28,アルテヴェローチェ,,牡,4,3600,須貝尚介,55.1,39.3,24.8,12.0,15.8,14.5,12.8,12.0
栗東,20260819,水,6:28,ペアレンツギフト,,牝,3,400,中内田充,52.8,38.2,25.1,12.5,14.6,13.1,12.6,12.5
栗東,20260819,水,6:28,ヤマニンコルザ,,牝,3,0,長谷川浩,54.7,39.8,26.0,12.8,14.9,13.8,13.2,12.8
栗東,20260819,水,6:28,オースミサイファー,,牡,3,0,宮本博,56.8,41.0,26.4,13.0,15.8,14.6,13.4,13.0
栗東,20260819,水,6:28,パラディオン,,牡,3,400,高柳大輔,53.2,38.4,25.0,12.7,14.8,13.4,12.3,12.7
栗東,20260819,水,6:28,コルキス,,牡,2,未出走,須貝尚介,51.6,37.9,25.3,13.0,13.7,12.6,12.3,13.0
栗東,20260819,水,6:29,リピ,,牝,3,400,西園翔太,53.6,39.0,24.9,12.4,14.6,14.1,12.5,12.4
栗東,20260819,水,6:29,オラロア,,牡,3,0,西園翔太,54.4,39.9,25.8,12.6,14.5,14.1,13.2,12.6
栗東,20260819,水,6:29,アパレイユ,,牝,3,400,西園翔太,54.3,39.4,25.0,12.1,14.9,14.4,12.9,12.1
栗東,20260819,水,6:30,ロンティケチャップ,,牡,4,400,牧田和弥,54.0,38.9,25.2,12.6,15.1,13.7,12.6,12.6
栗東,20260819,水,6:30,カルネアデス,,牡,2,未出走,茶木太樹,56.0,41.7,27.4,13.4,14.3,14.3,14.0,13.4
栗東,20260819,水,6:30,ルーチェドンナ,,牝,2,未出走,茶木太樹,55.7,41.1,27.1,13.3,14.6,14.0,13.8,13.3
栗東,20260819,水,6:31,ハグレジョー,,牡,3,400,岡田稲男,54.4,39.3,25.2,12.3,15.1,14.1,12.9,12.3
栗東,20260819,水,6:32,ロードオルデン,,牡,7,900,辻野泰之,55.0,40.2,26.6,13.6,14.8,13.6,13.0,13.6
栗東,20260819,水,6:32,ジーニアスバローズ,,セ,6,900,辻野泰之,53.9,39.4,25.6,12.7,14.5,13.8,12.9,12.7
栗東,20260819,水,6:32,ポッドドンナー,,牡,4,900,辻野泰之,54.6,39.5,25.4,12.5,15.1,14.1,12.9,12.5
栗東,20260819,水,6:33,リンフレスカンテ,,牡,8,1500,宮本博,55.5,40.4,26.3,13.0,15.1,14.1,13.3,13.0
栗東,20260819,水,6:38,バガン,,牡,8,900,宮地貴稔,55.2,40.0,25.5,12.7,15.2,14.5,12.8,12.7
栗東,20260819,水,6:38,コスモルミナ,,牡,2,0,宮地貴稔,55.1,40.5,26.2,13.0,14.6,14.3,13.2,13.0
栗東,20260819,水,6:39,ヴェルジーネ,,牝,3,400,宮地貴稔,55.0,39.8,25.8,12.8,15.2,14.0,13.0,12.8
栗東,20260819,水,6:43,マヴィ,,牝,3,900,牧浦充徳,55.9,40.9,26.6,13.3,15.0,14.3,13.3,13.3
栗東,20260819,水,6:44,ドラゴンウェルズ,,牡,4,5100,藤原英昭,51.2,38.6,26.2,13.8,12.6,12.4,12.4,13.8
栗東,20260819,水,6:45,ジョウゲンノツキ,,牝,5,900,牧田和弥,61.2,43.8,28.7,13.9,17.4,15.1,14.8,13.9
栗東,20260819,水,6:45,アークドール,,牡,5,1600,松永幹夫,54.9,39.8,26.3,13.3,15.1,13.5,13.0,13.3
栗東,20260819,水,6:45,トゥスコラーナ,,牝,3,0,松永幹夫,54.0,39.8,26.5,13.3,14.2,13.3,13.2,13.3
栗東,20260819,水,6:45,ラインエレガント,,牝,2,0,牧田和弥,55.4,40.3,26.0,12.9,15.1,14.3,13.1,12.9
栗東,20260819,水,6:45,ギブリ,,牡,2,未出走,松永幹夫,54.8,40.1,26.3,13.2,14.7,13.8,13.1,13.2
栗東,20260819,水,6:46,ブルーミングローズ,,牝,4,400,高野友和,54.6,39.4,25.5,12.5,15.2,13.9,13.0,12.5
栗東,20260819,水,6:46,トラッドロア,,牝,3,0,高野友和,55.1,39.9,25.7,12.5,15.2,14.2,13.2,12.5
栗東,20260819,水,6:46,ハートノート,,牝,2,未出走,高野友和,55.2,40.1,26.0,12.4,15.1,14.1,13.6,12.4
栗東,20260819,水,6:46,コルソヴェローチェ,,牡,2,未出走,高野友和,55.9,40.5,26.1,12.7,15.4,14.4,13.4,12.7
栗東,20260819,水,6:46,ブレイズフォート,,牡,2,未出走,高野友和,55.4,40.5,26.3,12.4,14.9,14.2,13.9,12.4
栗東,20260819,水,6:46,ヴィヴェローネ,,牝,2,0,高野友和,54.5,39.9,26.2,12.9,14.6,13.7,13.3,12.9
栗東,20260819,水,6:56,バスタードサフラン,,牝,5,2400,渡辺薫彦,52.4,38.1,24.6,12.3,14.3,13.5,12.3,12.3
栗東,20260819,水,6:56,サンコンクエスト,,牝,4,900,渡辺薫彦,53.3,38.5,25.0,12.5,14.8,13.5,12.5,12.5
栗東,20260819,水,6:57,グリーンゴー,,牡,3,0,福永祐一,54.8,39.7,25.8,12.6,15.1,13.9,13.2,12.6
栗東,20260819,水,6:58,ノイエンブリエ,,牝,3,0,田中克典,54.2,39.4,25.6,12.9,14.8,13.8,12.7,12.9
栗東,20260819,水,7:01,マクアケ,,牡,3,0,杉山佳明,56.5,40.6,26.2,13.2,15.9,14.4,13.0,13.2
栗東,20260819,水,7:01,ボクサークラブ,,牡,3,0,杉山佳明,56.3,40.2,25.7,12.7,16.1,14.5,13.0,12.7
栗東,20260819,水,7:01,スターフュージョン,,牝,3,400,杉山佳明,64.4,47.6,30.8,14.5,16.8,16.8,16.3,14.5
栗東,20260819,水,7:02,ノーブルロジャー,,牡,5,4450,吉岡辰弥,63.5,45.1,28.7,14.1,18.4,16.4,14.6,14.1
栗東,20260819,水,7:02,シートゥサミット,,牡,3,400,吉岡辰弥,57.9,43.1,29.1,15.0,14.8,14.0,14.1,15.0
栗東,20260819,水,7:02,ルースソラール,,牡,2,0,吉岡辰弥,57.6,43.0,28.1,14.0,14.6,14.9,14.1,14.0
栗東,20260819,水,7:05,ウインリーブル,,牝,3,未出走,緒方努,53.6,39.0,25.6,13.1,14.6,13.4,12.5,13.1
栗東,20260819,水,7:05,メイショウアカリ,,牝,3,400,松下武士,53.2,38.4,25.3,12.8,14.8,13.1,12.5,12.8
栗東,20260819,水,7:06,クラリノ,,牝,3,0,武英智,54.6,39.2,25.6,12.9,15.4,13.6,12.7,12.9
栗東,20260819,水,7:06,ラヴィニール,,牝,3,400,武英智,54.3,39.1,25.5,12.9,15.2,13.6,12.6,12.9
栗東,20260819,水,7:07,オメガダフネ,,牡,2,未出走,柴田卓,55.1,40.2,26.2,13.1,14.9,14.0,13.1,13.1
栗東,20260819,水,7:09,アスターエポワス,,牝,3,0,河嶋宏樹,55.7,40.1,25.9,12.5,15.6,14.2,13.4,12.5
栗東,20260819,水,7:11,ガロピーネ,,牝,3,0,笹田和秀,53.1,39.0,25.8,13.1,14.1,13.2,12.7,13.1
栗東,20260819,水,7:12,ゴリョウセイ,,牡,3,0,松下武士,52.3,37.8,24.3,12.6,14.5,13.5,11.7,12.6
栗東,20260819,水,7:12,アンヌグロース,,牝,3,0,松下武士,57.4,42.6,28.3,13.8,14.8,14.3,14.5,13.8
栗東,20260819,水,7:13,メイショウゴッホ,,牡,3,0,飯田祐史,56.9,40.6,26.3,13.4,16.3,14.3,12.9,13.4
栗東,20260819,水,7:13,バンブラボー,,牡,3,0,飯田祐史,56.9,40.6,26.3,13.4,16.3,14.3,12.9,13.4
栗東,20260819,水,7:14,ブルーノート,,牡,7,900,梅田智之,55.1,39.8,25.6,12.9,15.3,14.2,12.7,12.9
栗東,20260819,水,7:14,ダイシンレジウス,,牡,2,未出走,梅田智之,53.0,39.3,26.9,14.1,13.7,12.4,12.8,14.1
栗東,20260819,水,7:14,サイモンジェセル,,牡,2,未出走,梅田智之,52.9,39.4,27.0,14.1,13.5,12.4,12.9,14.1
栗東,20260819,水,7:15,ウインヘリオドール,,牡,4,80,梅田智之,53.5,39.1,25.7,13.0,14.4,13.4,12.7,13.0
栗東,20260819,水,7:16,コリカンチャ,,セ,4,900,井上智史,51.7,37.5,24.8,12.8,14.2,12.7,12.0,12.8
栗東,20260819,水,7:16,ギニー,,牡,2,未出走,井上智史,59.0,42.7,26.8,13.0,16.3,15.9,13.8,13.0
栗東,20260819,水,7:16,ホウオウテンノージ,,牡,2,未登録,,59.0,42.5,26.6,12.8,16.5,15.9,13.8,12.8
栗東,20260819,水,7:17,プルメリアリノ,,牝,3,900,小栗実,55.9,40.2,25.9,12.9,15.7,14.3,13.0,12.9
栗東,20260819,水,7:17,ホシヲミテルンナ,,牡,2,未出走,大根田裕,53.7,39.5,25.9,13.2,14.2,13.6,12.7,13.2
栗東,20260819,水,7:17,ウブラヴ,,牡,2,未出走,中尾秀正,55.1,40.5,26.5,13.2,14.6,14.0,13.3,13.2
栗東,20260819,水,7:17,サンクサンス,,牝,2,未出走,小栗実,54.6,40.4,26.7,13.3,14.2,13.7,13.4,13.3
栗東,20260819,水,7:17,キシゲヒーロー,,牡,2,未出走,中尾秀正,55.7,40.6,26.6,13.3,15.1,14.0,13.3,13.3
栗東,20260819,水,7:45,マダムカマラード,,牝,3,400,宮徹,53.4,39.3,25.0,11.7,14.1,14.3,13.3,11.7
栗東,20260819,水,7:46,ムイ,,牝,4,2100,笹田和秀,52.3,38.5,25.2,12.6,13.8,13.3,12.6,12.6
栗東,20260819,水,7:46,マトラコーニッシュ,,牝,4,1500,池添学,53.8,38.5,25.0,12.4,15.3,13.5,12.6,12.4
栗東,20260819,水,7:46,ヴィヴァシャス,,牝,4,400,笹田和秀,52.7,38.7,25.4,12.7,14.0,13.3,12.7,12.7
栗東,20260819,水,7:46,ラグナトーレ,,牝,4,80,角田晃一,53.6,38.9,24.9,12.3,14.7,14.0,12.6,12.3
栗東,20260819,水,7:46,ゴールデンテティス,,牝,3,0,庄野靖志,56.2,40.6,26.5,13.3,15.6,14.1,13.2,13.3
栗東,20260819,水,7:46,スーパービジー,,牡,3,0,庄野靖志,52.8,38.5,25.3,12.8,14.3,13.2,12.5,12.8
栗東,20260819,水,7:46,サンジルダール,,牝,3,0,牧浦充徳,56.7,41.4,26.9,13.2,15.3,14.5,13.7,13.2
栗東,20260819,水,7:46,ロイスター,,牝,3,900,笹田和秀,53.8,39.5,25.4,12.3,14.3,14.1,13.1,12.3
栗東,20260819,水,7:46,サヨノパララックス,,牡,3,400,羽月友彦,55.4,40.1,25.9,13.0,15.3,14.2,12.9,13.0
栗東,20260819,水,7:46,ワイドグンサ,,牡,3,400,庄野靖志,52.7,38.3,25.3,12.9,14.4,13.0,12.4,12.9
栗東,20260819,水,7:46,チュウワヘネシー,,牡,3,0,庄野靖志,56.3,41.2,27.0,13.6,15.1,14.2,13.4,13.6
栗東,20260819,水,7:46,キフクマル,,牡,2,未出走,池添学,54.3,39.6,26.2,13.0,14.7,13.4,13.2,13.0
栗東,20260819,水,7:47,ダノンモンテローザ,,セ,5,620,茶木太樹,56.5,41.5,26.9,13.1,15.0,14.6,13.8,13.1
栗東,20260819,水,7:47,ホウオウドルーリー,,牝,5,400,宮徹,51.4,37.1,24.4,12.4,14.3,12.7,12.0,12.4
栗東,20260819,水,7:47,アロマフェリス,,牝,4,500,辻野泰之,53.6,39.4,25.6,12.8,14.2,13.8,12.8,12.8
栗東,20260819,水,7:47,スリールミニョン,,牝,4,2500,高橋康之,54.7,39.4,25.1,12.4,15.3,14.3,12.7,12.4
栗東,20260819,水,7:47,ケイアイマウンガ,,牡,4,180,宮本博,51.1,37.4,24.7,12.4,13.7,12.7,12.3,12.4
栗東,20260819,水,7:47,ララディアーブル,,牡,3,0,松下武士,56.9,41.0,26.2,12.8,15.9,14.8,13.4,12.8
栗東,20260819,水,7:47,メイショウゲッコウ,,牡,3,0,笹田和秀,53.1,39.2,25.9,12.8,13.9,13.3,13.1,12.8
栗東,20260819,水,7:47,ロンポワン,,牝,3,0,辻野泰之,52.9,38.6,25.2,12.4,14.3,13.4,12.8,12.4
栗東,20260819,水,7:47,メイショウコハル,,牝,3,0,四位洋文,52.2,37.7,24.7,12.4,14.5,13.0,12.3,12.4
栗東,20260819,水,7:47,ビップヴォルフ,,牡,3,400,小椋研介,54.5,40.0,26.2,12.8,14.5,13.8,13.4,12.8
栗東,20260819,水,7:47,コマチチャン,,牝,3,400,小椋研介,55.8,40.2,25.6,12.5,15.6,14.6,13.1,12.5
栗東,20260819,水,7:47,トライアンフパス,,牝,3,900,宮徹,51.9,37.8,24.7,12.4,14.1,13.1,12.3,12.4
栗東,20260819,水,7:47,アクアアイ,,牝,3,400,四位洋文,52.0,37.4,24.6,12.4,14.6,12.8,12.2,12.4
栗東,20260819,水,7:47,アクアホワイト,,牝,3,0,宮徹,51.7,37.8,25.2,13.1,13.9,12.6,12.1,13.1
栗東,20260819,水,7:48,グレンセロース,,牝,3,0,池添学,61.9,45.0,29.4,14.5,16.9,15.6,14.9,14.5
栗東,20260819,水,7:48,コレオシークエンス,,牡,3,400,佐藤悠太,58.0,42.1,27.4,13.3,15.9,14.7,14.1,13.3
栗東,20260819,水,7:48,ヴィスタグロッサ,,牝,2,未出走,高橋義忠,55.9,40.8,26.9,13.5,15.1,13.9,13.4,13.5
栗東,20260819,水,7:48,コンセルノ,,牝,2,未出走,高橋義忠,55.4,39.7,25.8,12.9,15.7,13.9,12.9,12.9
栗東,20260819,水,7:49,クリノリキオー,,牡,3,0,高橋義忠,59.6,44.3,29.7,14.9,15.3,14.6,14.8,14.9
栗東,20260819,水,7:49,トウカイツバキ,,牝,3,0,北出成人,54.3,39.2,25.3,12.4,15.1,13.9,12.9,12.4
栗東,20260819,水,7:49,メイショウセイクウ,,牡,2,未出走,荒川義之,52.7,38.3,24.6,12.2,14.4,13.7,12.4,12.2
栗東,20260819,水,7:49,ロードスピアヘッド,,牡,2,未登録,,56.2,41.5,27.5,13.8,14.7,14.0,13.7,13.8
栗東,20260819,水,7:49,ジョーシュタルク,,牡,2,未登録,,57.0,41.6,27.7,13.9,15.4,13.9,13.8,13.9
栗東,20260819,水,7:50,ウォータールスール,,牡,3,0,石橋守,57.4,41.7,27.8,13.8,15.7,13.9,14.0,13.8
栗東,20260819,水,7:50,シンゼンイセ,,牡,3,0,荒川義之,54.5,39.9,26.6,13.6,14.6,13.3,13.0,13.6
栗東,20260819,水,7:50,モズプルスウルトラ,,牡,2,未出走,清水久詞,60.4,45.1,30.6,15.8,15.3,14.5,14.8,15.8
栗東,20260819,水,7:50,ダイユウエゾフジ,,牡,2,未出走,荒川義之,55.0,40.2,26.7,13.7,14.8,13.5,13.0,13.7
栗東,20260819,水,7:51,エコロヴァイス,,牡,4,400,吉村圭司,65.0,46.6,29.3,14.5,18.4,17.3,14.8,14.5
栗東,20260819,水,7:52,エムズマインド,,牡,6,1500,荒川義之,53.4,38.4,25.2,12.7,15.0,13.2,12.5,12.7
栗東,20260819,水,7:52,タイガースパーク,,牡,6,900,大橋勇樹,53.8,38.9,25.5,13.0,14.9,13.4,12.5,13.0
栗東,20260819,水,7:53,ヨシノイースター,,牡,8,6600,中尾秀正,52.0,37.5,24.6,12.6,14.5,12.9,12.0,12.6
栗東,20260819,水,7:55,ハンザキ,,牝,3,400,高橋義忠,53.4,38.8,25.0,12.6,14.6,13.8,12.4,12.6
栗東,20260819,水,7:55,パストザクラウン,,牝,2,0,高橋義忠,55.3,40.6,26.5,13.2,14.7,14.1,13.3,13.2
栗東,20260819,水,8:00,サラサキングスター,,牡,3,0,斉藤崇史,59.9,41.2,25.9,12.8,18.7,15.3,13.1,12.8
栗東,20260819,水,8:00,クランズクラウン,,牝,3,0,杉山晴紀,55.2,40.0,25.5,12.4,15.2,14.5,13.1,12.4
栗東,20260819,水,8:01,ブルーサン,,牡,5,1900,宮地貴稔,52.5,37.9,25.3,12.7,14.6,12.6,12.6,12.7
栗東,20260819,水,8:01,アオイレーギーナ,,牝,4,900,宮地貴稔,51.4,37.1,24.5,12.4,14.3,12.6,12.1,12.4
栗東,20260819,水,8:02,クールブロン,,牡,6,1500,井上智史,53.8,39.4,25.4,12.6,14.4,14.0,12.8,12.6
栗東,20260819,水,8:04,アンドレバローズ,,牡,2,未出走,清水久詞,55.9,42.2,28.7,14.6,13.7,13.5,14.1,14.6
栗東,20260819,水,8:07,ローレルアイビー,,牝,3,0,杉山佳明,55.7,40.8,26.4,13.4,14.9,14.4,13.0,13.4
栗東,20260819,水,8:07,スティルラブハー,,牡,2,未出走,杉山佳明,55.3,40.3,25.8,12.8,15.0,14.5,13.0,12.8
栗東,20260819,水,8:08,ノクスカンパーナ,,牝,3,0,吉岡辰弥,59.4,44.0,29.0,14.5,15.4,15.0,14.5,14.5
栗東,20260819,水,8:08,ホワイトフレイムス,,牡,3,0,吉岡辰弥,58.1,42.3,28.0,13.9,15.8,14.3,14.1,13.9
栗東,20260819,水,8:08,ナルキッソス,,牡,3,900,吉岡辰弥,59.6,44.1,29.0,14.5,15.5,15.1,14.5,14.5
栗東,20260819,水,8:08,メモリアデルレ,,牡,2,0,吉岡辰弥,59.7,44.7,29.4,14.6,15.0,15.3,14.8,14.6
栗東,20260819,水,8:12,マカホウ,,牡,3,0,田中克典,54.9,39.4,25.8,12.8,15.5,13.6,13.0,12.8
栗東,20260819,水,8:22,アルミラージ,,牝,3,0,小林真也,56.1,40.2,26.0,13.0,15.9,14.2,13.0,13.0
栗東,20260819,水,8:22,ファイアプレイス,,牝,3,0,小林真也,56.5,40.5,26.3,13.1,16.0,14.2,13.2,13.1
栗東,20260819,水,8:22,タガノプディング,,牝,3,0,小林真也,54.7,39.7,26.4,13.3,15.0,13.3,13.1,13.3
美浦,20260818,火,5:13,ゾロアストロ,,牡,3,3200,宮田敬介,59.9,43.7,28.1,13.2,16.2,15.6,14.9,13.2
美浦,20260818,火,5:23,ラエトゥス,,牝,3,400,斎藤誠,60.4,44.2,28.6,14.8,16.2,15.6,13.8,14.8
美浦,20260818,火,5:40,ダノンマスタング,,牡,3,0,田中博康,59.2,43.0,28.2,14.5,16.2,14.8,13.7,14.5
美浦,20260818,火,6:30,ダーリングハースト,,牝,3,400,宮田敬介,59.1,43.5,27.9,13.5,15.6,15.6,14.4,13.5
美浦,20260818,火,7:37,オストラヴァ,,牡,4,1500,林徹,58.7,43.6,28.6,13.7,15.1,15.0,14.9,13.7
栗東,20260818,火,5:00,セミマル,,牡,6,1500,西村真幸,64.3,46.1,29.5,14.3,18.2,16.6,15.2,14.3
栗東,20260818,火,5:00,ベルアズーロ,,牡,3,0,西村真幸,64.5,45.9,28.9,14.0,18.6,17.0,14.9,14.0
栗東,20260818,火,5:06,ロンポワン,,牝,3,0,辻野泰之,64.2,46.6,29.8,14.4,17.6,16.8,15.4,14.4
栗東,20260818,火,5:06,スマートエトワール,,牝,3,0,辻野泰之,62.3,45.5,29.5,14.4,16.8,16.0,15.1,14.4
栗東,20260818,火,5:11,クルゼイロドスル,,牡,6,3700,高橋義忠,63.5,45.3,29.0,14.2,18.2,16.3,14.8,14.2
栗東,20260818,火,5:17,キングメーカー,,牡,4,1500,須貝尚介,63.1,46.0,29.4,14.2,17.1,16.6,15.2,14.2
栗東,20260818,火,5:18,ピエマンソン,,牡,4,1500,平田修,64.5,45.7,28.9,13.9,18.8,16.8,15.0,13.9
栗東,20260818,火,5:18,ニシノエビガタメ,,牡,3,0,吉村圭司,64.7,46.2,29.2,14.4,18.5,17.0,14.8,14.4
栗東,20260818,火,5:19,サンタカタリナ,,牝,3,0,杉山晴紀,71.3,49.1,31.0,14.3,22.2,18.1,16.7,14.3
栗東,20260818,火,5:26,アリストクラシア,,牝,5,400,吉岡辰弥,65.8,47.6,30.9,14.5,18.2,16.7,16.4,14.5
栗東,20260818,火,5:26,エンネ,,牝,3,1450,吉岡辰弥,62.8,45.5,29.4,14.5,17.3,16.1,14.9,14.5
栗東,20260818,火,5:29,アクシュラ,,牝,3,0,橋口慎介,63.6,45.8,29.8,15.3,17.8,16.0,14.5,15.3
栗東,20260818,火,5:31,コルレオニス,,牡,5,1500,友道康夫,58.1,41.1,27.1,13.7,17.0,14.0,13.4,13.7
栗東,20260818,火,5:31,ロングトールサリー,,牝,3,400,福永祐一,59.7,43.3,27.6,13.2,16.4,15.7,14.4,13.2
栗東,20260818,火,5:33,エコロボルト,,セ,3,400,森秀行,52.0,38.2,25.7,13.2,13.8,12.5,12.5,13.2
栗東,20260818,火,5:36,アスターエポワス,,牝,3,0,河嶋宏樹,60.5,44.6,30.3,16.0,15.9,14.3,14.3,16.0
栗東,20260818,火,5:40,ゴンタ,,牡,3,400,小崎憲,61.5,44.8,29.2,14.3,16.7,15.6,14.9,14.3
栗東,20260818,火,5:42,テムタワーボス,,牡,2,未出走,畑端省吾,61.0,44.3,29.2,14.4,16.7,15.1,14.8,14.4
栗東,20260818,火,5:52,リトムテール,,牝,4,130,渡辺薫彦,61.5,43.5,28.2,13.7,18.0,15.3,14.5,13.7
栗東,20260818,火,6:08,ハッピーラブソング,,牝,3,400,牧浦充徳,61.6,45.4,29.4,15.0,16.2,16.0,14.4,15.0
栗東,20260818,火,6:14,クインズショコラ,,牝,4,2400,新谷功一,60.6,44.5,29.4,14.9,16.1,15.1,14.5,14.9
栗東,20260818,火,6:14,ルヴァンタドゥール,,牡,2,未出走,秋山真一,66.9,48.4,31.0,14.5,18.5,17.4,16.5,14.5
栗東,20260818,火,6:22,ソフィアビルド,,牡,2,未出走,藤原英昭,60.0,45.7,31.4,16.0,14.3,14.3,15.4,16.0
栗東,20260818,火,6:25,メイショウハネウマ,,牝,3,0,笹田和秀,58.1,43.0,28.1,13.9,15.1,14.9,14.2,13.9
栗東,20260818,火,6:25,カフジエメンタール,,牡,3,1000,矢作芳人,59.7,44.0,29.1,14.8,15.7,14.9,14.3,14.8
栗東,20260818,火,6:26,ルーメンルーナエ,,牡,2,未出走,中内田充,59.0,42.9,28.2,14.2,16.1,14.7,14.0,14.2
栗東,20260818,火,6:26,ダイナマイク,,牡,2,0,中内田充,59.9,44.0,29.6,14.6,15.9,14.4,15.0,14.6
栗東,20260818,火,6:27,アルテヴェローチェ,,牡,4,3600,須貝尚介,62.5,45.7,29.0,14.3,16.8,16.7,14.7,14.3
栗東,20260818,火,6:29,パラディオン,,牡,3,400,高柳大輔,60.5,44.8,29.6,14.3,15.7,15.2,15.3,14.3
栗東,20260818,火,6:58,ラッキーバック,,牡,3,400,西村真幸,61.8,44.5,28.1,13.8,17.3,16.4,14.3,13.8
栗東,20260818,火,7:00,トゥスコラーナ,,牝,3,0,松永幹夫,59.8,43.5,28.5,13.9,16.3,15.0,14.6,13.9
栗東,20260818,火,7:00,クラルテロワ,,牡,2,未出走,松永幹夫,60.0,44.2,28.4,14.2,15.8,15.8,14.2,14.2
栗東,20260818,火,7:11,ゴリョウセイ,,牡,3,0,松下武士,64.5,45.9,29.5,14.3,18.6,16.4,15.2,14.3
栗東,20260818,火,7:11,マノアヴァレー,,牝,2,未登録,,64.3,45.9,29.5,14.2,18.4,16.4,15.3,14.2
栗東,20260818,火,7:12,サヨノパララックス,,牡,3,400,羽月友彦,63.2,45.4,29.6,14.4,17.8,15.8,15.2,14.4
栗東,20260818,火,7:12,ユウファラオ,,牡,3,1200,森秀行,59.9,43.8,28.8,14.6,16.1,15.0,14.2,14.6
栗東,20260818,火,7:17,ユハンヌス,,牡,6,1500,大久保龍,60.1,38.8,24.4,12.7,21.3,14.4,11.7,12.7
栗東,20260818,火,7:18,タイセイレグノ,,セ,4,400,浜田多実,68.3,47.8,30.8,14.4,20.5,17.0,16.4,14.4
栗東,20260818,火,7:19,ハギノコラソン,,牝,4,900,寺島良,63.3,45.6,29.4,14.4,17.7,16.2,15.0,14.4
栗東,20260818,火,7:19,レディーミコノス,,牝,4,1500,寺島良,61.5,44.8,29.0,14.2,16.7,15.8,14.8,14.2
栗東,20260818,火,7:19,シブレット,,牝,2,未出走,寺島良,59.9,43.6,29.1,14.7,16.3,14.5,14.4,14.7
栗東,20260818,火,7:20,コンテナライン,,牝,4,400,牧浦充徳,62.5,46.0,29.4,14.1,16.5,16.6,15.3,14.1
美浦,20260816,日,4:56,ココナッツコースト,,牝,3,0,木村哲也,54.6,39.6,25.8,12.5,15.0,13.8,13.3,12.5
美浦,20260816,日,4:57,ボーンディスウェイ,,牡,7,3800,牧光二,55.3,39.8,25.8,12.8,15.5,14.0,13.0,12.8
美浦,20260816,日,4:57,セイウンデセオ,,牝,5,900,小手川準,56.4,41.1,26.6,12.9,15.3,14.5,13.7,12.9
美浦,20260816,日,4:57,コンテネレッツア,,牝,5,900,宮田敬介,54.0,38.4,24.8,12.0,15.6,13.6,12.8,12.0
美浦,20260816,日,4:57,トウタツ,,牡,4,400,小手川準,56.3,41.1,26.9,12.8,15.2,14.2,14.1,12.8
美浦,20260816,日,4:57,リポサンテ,,牝,4,400,蛯名正義,58.2,42.2,27.2,13.1,16.0,15.0,14.1,13.1
美浦,20260816,日,4:57,リドルトリガー,,牝,4,130,小島茂之,53.3,38.4,25.0,12.4,14.9,13.4,12.6,12.4
美浦,20260816,日,4:57,アイムインディ,,牝,3,400,蛯名正義,58.1,42.3,27.2,13.4,15.8,15.1,13.8,13.4
美浦,20260816,日,4:57,マイネルオランチア,,牡,3,0,小手川準,54.4,39.3,25.3,12.4,15.1,14.0,12.9,12.4
美浦,20260816,日,4:57,タイヨウノユビワ,,牝,3,0,小島茂之,54.0,38.9,25.3,12.4,15.1,13.6,12.9,12.4
美浦,20260816,日,4:57,ゾロアストロ,,牡,3,3200,宮田敬介,54.3,38.8,25.1,12.2,15.5,13.7,12.9,12.2
美浦,20260816,日,4:57,イクシード,,牝,3,900,木村哲也,57.2,42.4,27.2,13.1,14.8,15.2,14.1,13.1
美浦,20260816,日,4:57,マジックパレス,,牝,3,0,木村哲也,57.7,42.6,27.7,13.6,15.1,14.9,14.1,13.6
美浦,20260816,日,4:57,レッドレガリア,,牡,3,0,木村哲也,55.6,40.5,26.2,12.8,15.1,14.3,13.4,12.8
美浦,20260816,日,4:57,ディスペアーホープ,,牡,2,0,小手川準,56.4,41.4,27.0,13.2,15.0,14.4,13.8,13.2
美浦,20260816,日,4:57,フロックコート,,牡,2,未登録,,55.9,40.3,26.5,13.4,15.6,13.8,13.1,13.4
美浦,20260816,日,4:57,チョトツモウシン,,牡,2,未出走,小手川準,55.7,40.9,26.6,13.0,14.8,14.3,13.6,13.0
美浦,20260816,日,4:57,ホウオウビリーヴ,,牡,2,0,木村哲也,55.5,40.5,26.2,13.0,15.0,14.3,13.2,13.0
美浦,20260816,日,4:58,ラパンラピッド,,セ,6,400,武井亮,52.8,38.5,25.5,12.9,14.3,13.0,12.6,12.9
美浦,20260816,日,4:58,アーバンシック,,牡,5,14400,武井亮,52.8,38.4,25.0,12.2,14.4,13.4,12.8,12.2
美浦,20260816,日,4:58,ソウルアンドジャズ,,セ,5,900,武井亮,55.6,40.4,26.4,12.8,15.2,14.0,13.6,12.8
美浦,20260816,日,4:58,マオノクラッシュ,,牝,4,400,黒岩陽一,55.5,39.9,25.7,12.4,15.6,14.2,13.3,12.4
美浦,20260816,日,4:58,ウィンスタンリー,,牡,4,400,黒岩陽一,55.4,39.9,25.6,12.4,15.5,14.3,13.2,12.4
美浦,20260816,日,4:58,フォンデネージュ,,牝,4,400,武井亮,54.7,40.3,26.9,13.1,14.4,13.4,13.8,13.1
美浦,20260816,日,4:58,ジャストビコーズ,,牝,3,0,武井亮,55.1,39.9,25.9,12.6,15.2,14.0,13.3,12.6
美浦,20260816,日,4:58,ホウオウルクソール,,牡,3,400,栗田徹,56.8,41.1,27.0,13.6,15.7,14.1,13.4,13.6
美浦,20260816,日,4:58,タイダルロック,,牡,3,1500,武井亮,52.6,38.2,25.0,12.0,14.4,13.2,13.0,12.0
美浦,20260816,日,4:58,ショウナンバッカス,,牡,2,未出走,栗田徹,56.9,41.4,26.9,13.2,15.5,14.5,13.7,13.2
美浦,20260816,日,4:59,ピカピカサンダー,,牡,4,2400,鹿戸雄一,53.9,39.3,25.1,12.2,14.6,14.2,12.9,12.2
美浦,20260816,日,4:59,ペイシャダンシング,,牝,3,0,粕谷昌央,57.7,42.2,27.7,13.7,15.5,14.5,14.0,13.7
美浦,20260816,日,5:00,マイネルアズーロ,,牡,4,900,鹿戸雄一,57.3,41.0,26.3,12.7,16.3,14.7,13.6,12.7
美浦,20260816,日,5:00,アクアマリーナ,,牝,4,900,伊坂重信,55.5,39.8,25.6,12.6,15.7,14.2,13.0,12.6
美浦,20260816,日,5:00,エリーナストーム,,牝,4,900,鹿戸雄一,54.6,39.0,24.6,11.9,15.6,14.4,12.7,11.9
美浦,20260816,日,5:00,ヴェロシスタ,,牡,3,0,池上昌和,58.5,42.0,26.7,12.9,16.5,15.3,13.8,12.9
美浦,20260816,日,5:00,コスモアルペジオ,,牡,3,0,鹿戸雄一,55.0,40.2,25.9,12.5,14.8,14.3,13.4,12.5
美浦,20260816,日,5:00,エヴィーヴァ,,牝,3,0,鹿戸雄一,54.5,39.0,25.5,12.5,15.5,13.5,13.0,12.5
美浦,20260816,日,5:00,ワンモアタイム,,牝,2,未出走,鹿戸雄一,59.1,42.8,27.7,13.7,16.3,15.1,14.0,13.7
美浦,20260816,日,5:00,チェスティーノ,,牡,2,未出走,鹿戸雄一,55.9,40.7,25.8,12.1,15.2,14.9,13.7,12.1
美浦,20260816,日,5:01,ダイチマイスター,,牡,2,未出走,蛯名利弘,59.5,43.9,29.1,13.8,15.6,14.8,15.3,13.8
美浦,20260816,日,5:02,ルージュミレネール,,牝,4,400,古賀慎明,54.6,39.2,25.2,12.5,15.4,14.0,12.7,12.5
美浦,20260816,日,5:02,ロックフラワー,,牝,3,0,西田雄一,55.9,40.3,26.1,12.9,15.6,14.2,13.2,12.9
美浦,20260816,日,5:02,ルーリングクラス,,牡,3,400,森一誠,56.6,41.2,26.8,13.5,15.4,14.4,13.3,13.5
美浦,20260816,日,5:02,シンギュラリティ,,牡,3,400,西田雄一,55.8,40.2,26.0,12.8,15.6,14.2,13.2,12.8
美浦,20260816,日,5:02,ルージュフローラ,,牝,3,0,森一誠,56.7,40.8,26.7,13.0,15.9,14.1,13.7,13.0
美浦,20260816,日,5:02,ヘクトルテソーロ,,牡,3,0,畠山吉宏,55.9,39.6,24.7,12.2,16.3,14.9,12.5,12.2
美浦,20260816,日,5:02,セイウンランウェイ,,牝,2,未出走,古賀慎明,58.5,42.5,27.8,13.8,16.0,14.7,14.0,13.8
美浦,20260816,日,5:02,シャンデヴァーグ,,牝,2,400,森一誠,59.1,42.8,27.9,13.7,16.3,14.9,14.2,13.7
美浦,20260816,日,5:02,ティシポネ,,牝,2,未出走,森一誠,56.4,40.7,26.5,13.0,15.7,14.2,13.5,13.0
美浦,20260816,日,5:02,ショウナンラプソ,,牡,2,未出走,森一誠,56.3,41.1,26.7,13.5,15.2,14.4,13.2,13.5
美浦,20260816,日,5:03,ホウオウショコラ,,牝,4,400,大竹正博,59.8,43.5,28.4,13.7,16.3,15.1,14.7,13.7
美浦,20260816,日,5:03,ララバニュルス,,牡,4,900,大竹正博,56.9,42.0,27.4,13.2,14.9,14.6,14.2,13.2
美浦,20260816,日,5:03,パワースナッチ,,牡,4,900,武市康男,56.1,40.8,26.8,13.5,15.3,14.0,13.3,13.5
美浦,20260816,日,5:03,マーガレット,,牝,3,未出走,大竹正博,56.9,42.0,27.0,12.8,14.9,15.0,14.2,12.8
美浦,20260816,日,5:03,チャームドウイング,,セ,3,0,大竹正博,55.8,40.5,26.0,12.5,15.3,14.5,13.5,12.5
美浦,20260816,日,5:03,ボニープリンス,,牡,3,400,大竹正博,56.0,40.7,26.1,12.5,15.3,14.6,13.6,12.5
美浦,20260816,日,5:03,ユーガッタチャンス,,牡,2,未出走,中川公成,59.3,43.4,28.0,13.6,15.9,15.4,14.4,13.6
美浦,20260816,日,5:03,ヒズストーリー,,牡,2,未出走,中川公成,58.5,42.4,27.4,13.3,16.1,15.0,14.1,13.3
美浦,20260816,日,5:03,アーバーバイティ,,牡,2,未出走,武市康男,55.4,40.2,26.3,13.0,15.2,13.9,13.3,13.0
美浦,20260816,日,5:03,グランレーヴ,,牡,2,未出走,武市康男,55.5,40.3,26.3,13.0,15.2,14.0,13.3,13.0
美浦,20260816,日,5:04,コスモマルーン,,牝,6,860,秋本大介,0.0,0.0,0.0,0.0,16.0,13.5,12.7,0.0
美浦,20260816,日,5:04,ベルイストワール,,牝,5,900,松尾卓哉,54.6,39.9,26.3,13.1,14.7,13.6,13.2,13.1
美浦,20260816,日,5:04,ウヌボレヤサン,,セ,5,400,本間忍,59.2,42.7,27.4,13.1,16.5,15.3,14.3,13.1
美浦,20260816,日,5:04,ネオアンボウ,,牡,3,0,松尾卓哉,54.0,39.2,25.5,12.6,14.8,13.7,12.9,12.6
美浦,20260816,日,5:04,ローレルクラウン,,牡,3,0,松尾卓哉,53.1,38.6,25.3,12.8,14.5,13.3,12.5,12.8
美浦,20260816,日,5:04,ペイシャラム,,牝,3,0,菊川正達,56.3,40.8,26.4,12.9,15.5,14.4,13.5,12.9
美浦,20260816,日,5:04,グラスアロー,,牡,3,0,菊川正達,56.2,40.8,26.4,12.9,15.4,14.4,13.5,12.9
美浦,20260816,日,5:04,オウケンハニー,,牝,3,400,岩戸孝樹,57.2,40.5,25.9,12.4,16.7,14.6,13.5,12.4
美浦,20260816,日,5:04,ゼフィリア,,牝,3,0,岩戸孝樹,57.6,41.1,26.4,12.5,16.5,14.7,13.9,12.5
美浦,20260816,日,5:04,ギガントシュラーク,,牡,2,未出走,萱野浩二,58.6,43.3,28.3,13.8,15.3,15.0,14.5,13.8
美浦,20260816,日,5:04,スリーフラワー,,牝,2,0,伊藤圭三,57.5,41.7,27.2,13.3,15.8,14.5,13.9,13.3
美浦,20260816,日,5:04,ジェミニディウ,,牝,2,未出走,伊藤圭三,57.4,41.5,27.2,13.5,15.9,14.3,13.7,13.5
美浦,20260816,日,5:04,サクシードシチー,,牡,2,未出走,伊藤圭三,57.8,41.7,27.3,13.4,16.1,14.4,13.9,13.4
美浦,20260816,日,5:04,モントリオール,,牡,2,未出走,松尾卓哉,53.4,38.6,25.2,12.5,14.8,13.4,12.7,12.5
美浦,20260816,日,5:05,レッセパッセ,,牝,5,900,柄崎将寿,60.7,43.5,28.1,13.4,17.2,15.4,14.7,13.4
美浦,20260816,日,5:05,ドルビナ,,牡,4,400,杉浦宏昭,60.8,42.6,27.4,13.4,18.2,15.2,14.0,13.4
美浦,20260816,日,5:05,フランシスガリバー,,牝,3,0,千葉直人,54.6,39.3,25.0,12.3,15.3,14.3,12.7,12.3
美浦,20260816,日,5:05,ノーセット,,牡,2,0,高柳瑞樹,56.9,41.7,27.5,13.1,15.2,14.2,14.4,13.1
美浦,20260816,日,5:05,ローザドーロ,,牡,2,未出走,手塚貴久,56.8,42.2,27.3,13.1,14.6,14.9,14.2,13.1
美浦,20260816,日,5:05,スクリプトール,,牡,2,0,手塚貴久,54.1,39.4,26.3,13.1,14.7,13.1,13.2,13.1
美浦,20260816,日,5:06,ショーマンフリート,,牡,5,1500,手塚貴久,56.6,41.1,27.2,13.1,15.5,13.9,14.1,13.1
美浦,20260816,日,5:06,アバレリュウ,,牡,4,400,鈴木慎太,58.4,42.6,27.8,13.8,15.8,14.8,14.0,13.8
美浦,20260816,日,5:06,フィーリウス,,牡,4,2400,手塚貴久,58.7,42.8,28.0,13.7,15.9,14.8,14.3,13.7
美浦,20260816,日,5:06,ミーントゥビー,,牝,4,900,堀内岳志,55.4,40.3,25.6,12.3,15.1,14.7,13.3,12.3
美浦,20260816,日,5:06,カンティーナ,,牝,3,400,堀内岳志,57.5,41.3,26.7,12.9,16.2,14.6,13.8,12.9
美浦,20260816,日,5:06,クリアマインド,,牝,2,未出走,高柳瑞樹,59.0,43.2,28.4,13.7,15.8,14.8,14.7,13.7
美浦,20260816,日,5:06,レイヤードホワイト,,牝,2,未出走,手塚貴久,58.8,43.0,28.0,13.7,15.8,15.0,14.3,13.7
美浦,20260816,日,5:06,ルバルマン,,牡,2,未出走,堀内岳志,57.9,41.6,26.9,13.0,16.3,14.7,13.9,13.0
美浦,20260816,日,5:06,パレスラン,,牡,2,0,手塚貴久,58.3,43.3,28.1,13.7,15.0,15.2,14.4,13.7
美浦,20260816,日,5:07,メビウスロマンス,,牝,3,0,矢嶋大樹,57.6,42.6,27.5,13.0,15.0,15.1,14.5,13.0
美浦,20260816,日,5:07,ファーザーアウェイ,,牡,3,0,尾関知人,56.3,40.9,26.7,13.0,15.4,14.2,13.7,13.0
美浦,20260816,日,5:07,ペントザリス,,牡,2,未出走,戸田博文,58.4,43.0,28.1,13.6,15.4,14.9,14.5,13.6
美浦,20260816,日,5:08,イーガービーバー,,牡,3,0,和田正一,57.1,41.8,26.8,12.6,15.3,15.0,14.2,12.6
美浦,20260816,日,5:08,トウシンマジック,,牡,2,400,秋本大介,61.4,44.7,28.8,13.7,16.7,15.9,15.1,13.7
美浦,20260816,日,5:09,バトラーズワーフ,,セ,4,0,浅利英明,57.1,41.9,26.8,13.0,15.2,15.1,13.8,13.0
美浦,20260816,日,5:11,プラチナトレジャー,,牡,8,2400,高木登,56.4,41.1,26.3,12.7,15.3,14.8,13.6,12.7
美浦,20260816,日,5:11,ビップスコーピオン,,牡,6,1500,田島俊明,58.7,42.2,26.6,12.5,16.5,15.6,14.1,12.5
美浦,20260816,日,5:11,ルグランヴァン,,牡,4,1500,高木登,56.9,41.4,26.7,12.5,15.5,14.7,14.2,12.5
美浦,20260816,日,5:11,アトラステソーロ,,牡,3,400,高木登,55.9,40.8,26.2,12.6,15.1,14.6,13.6,12.6
美浦,20260816,日,5:11,タッカーヴィーチェ,,牝,2,未出走,田島俊明,59.0,43.2,28.2,13.8,15.8,15.0,14.4,13.8
美浦,20260816,日,5:11,ライクアストーム,,牡,2,未出走,田島俊明,58.0,42.2,27.0,12.7,15.8,15.2,14.3,12.7
美浦,20260816,日,5:12,アルプスオジョー,,牝,5,400,手塚貴徳,55.7,40.4,26.5,12.8,15.3,13.9,13.7,12.8
美浦,20260816,日,5:12,マートングレイス,,牝,2,未出走,高木登,56.9,41.8,27.0,12.8,15.1,14.8,14.2,12.8
美浦,20260816,日,5:12,トラストフィスティ,,牝,2,未出走,高木登,56.8,41.6,27.1,12.7,15.2,14.5,14.4,12.7
美浦,20260816,日,5:12,タワーウマザンマイ,,牡,2,未出走,青木孝文,58.0,42.9,27.5,13.8,15.1,15.4,13.7,13.8
美浦,20260816,日,5:12,プレママドンナ,,牝,2,0,手塚貴徳,56.3,41.0,26.1,13.0,15.3,14.9,13.1,13.0
美浦,20260816,日,5:12,マイトレーヤー,,牡,2,未出走,手塚貴徳,56.2,40.8,26.5,12.8,15.4,14.3,13.7,12.8
美浦,20260816,日,5:12,トーセンイルン,,牡,2,未出走,小笠倫弘,59.0,43.4,28.1,13.3,15.6,15.3,14.8,13.3
美浦,20260816,日,5:13,ハセドン,,牡,7,3100,大和田成,55.1,40.3,26.2,12.8,14.8,14.1,13.4,12.8
美浦,20260816,日,5:13,キントリヒ,,牡,7,1500,矢野英一,56.8,40.8,26.4,12.9,16.0,14.4,13.5,12.9
美浦,20260816,日,5:13,グラニット,,牡,6,1600,大和田成,55.6,40.1,26.2,13.1,15.5,13.9,13.1,13.1
美浦,20260816,日,5:13,オーブルクール,,牝,5,2400,矢野英一,56.4,40.4,26.3,12.8,16.0,14.1,13.5,12.8
美浦,20260816,日,5:13,スペードギニー,,セ,4,80,大和田成,55.1,39.7,26.0,12.8,15.4,13.7,13.2,12.8
美浦,20260816,日,5:13,スイートアリッサム,,牝,2,0,大和田成,57.0,41.5,26.8,13.1,15.5,14.7,13.7,13.1
美浦,20260816,日,5:14,オストラヴァ,,牡,4,1500,林徹,55.1,39.9,25.3,11.7,15.2,14.6,13.6,11.7
美浦,20260816,日,5:15,ウモラダエピカ,,牝,3,未出走,林徹,56.6,40.7,26.4,12.7,15.9,14.3,13.7,12.7
美浦,20260816,日,5:15,ミクニブレイブ,,牡,2,未出走,林徹,59.0,42.6,27.2,13.4,16.4,15.4,13.8,13.4
美浦,20260816,日,5:17,マイネルブリオン,,牡,4,400,矢野英一,55.8,40.8,26.9,13.2,15.0,13.9,13.7,13.2
美浦,20260816,日,5:17,ピグマリオン,,牡,3,0,室井潔,56.8,41.4,27.2,13.6,15.4,14.2,13.6,13.6
美浦,20260816,日,5:17,ルサフィール,,牝,3,0,矢野英一,55.8,41.1,27.2,13.3,14.7,13.9,13.9,13.3
美浦,20260816,日,5:17,テンオンスゴールド,,牡,3,0,田中剛,54.1,39.3,25.3,12.4,14.8,14.0,12.9,12.4
美浦,20260816,日,5:17,シーラーステート,,牡,2,未出走,室井潔,56.1,41.2,27.1,13.5,14.9,14.1,13.6,13.5
美浦,20260816,日,5:17,ワンキャンパス,,牝,2,未出走,深山雅史,54.7,39.6,25.7,12.9,15.1,13.9,12.8,12.9
美浦,20260816,日,5:17,サンプラザマツモト,,牝,2,0,深山雅史,56.3,41.4,27.3,13.6,14.9,14.1,13.7,13.6
美浦,20260816,日,5:18,マーシヴィガラス,,牡,6,900,的場均,55.1,40.0,25.7,12.2,15.1,14.3,13.5,12.2
美浦,20260816,日,5:19,ピクニックマーチ,,牝,2,400,竹内正洋,57.3,41.0,26.7,13.1,16.3,14.3,13.6,13.1
美浦,20260816,日,5:19,ソットマツモト,,牝,2,未出走,竹内正洋,56.1,40.3,25.9,12.8,15.8,14.4,13.1,12.8
美浦,20260816,日,5:19,バイオレットアレー,,牝,2,未出走,竹内正洋,57.0,40.6,26.7,13.3,16.4,13.9,13.4,13.3
美浦,20260816,日,5:20,リバートゥルー,,牝,6,1500,久保田貴,56.0,41.4,26.7,12.7,14.6,14.7,14.0,12.7
美浦,20260816,日,5:20,ロフティストーリー,,牝,4,1500,久保田貴,56.9,41.8,27.0,12.8,15.1,14.8,14.2,12.8
美浦,20260816,日,5:20,ピュール,,牡,3,400,久保田貴,56.2,40.7,26.2,12.6,15.5,14.5,13.6,12.6
美浦,20260816,日,5:20,ソースウィート,,牝,2,0,久保田貴,55.3,40.0,25.8,12.4,15.3,14.2,13.4,12.4
美浦,20260816,日,5:20,セイウンウィルド,,牡,2,未出走,松山将樹,56.2,41.4,27.0,13.4,14.8,14.4,13.6,13.4
美浦,20260816,日,5:22,ゴットランド,,牡,4,400,斎藤誠,57.1,42.3,28.5,14.1,14.8,13.8,14.4,14.1
美浦,20260816,日,5:22,オカメノコイ,,牝,4,900,小笠倫弘,59.3,42.6,27.7,13.6,16.7,14.9,14.1,13.6
美浦,20260816,日,5:22,ウラヌスリング,,牝,3,0,斎藤誠,57.8,42.5,27.8,13.7,15.3,14.7,14.1,13.7
美浦,20260816,日,5:23,エリプティクカーブ,,牡,3,900,古賀大生,56.2,41.0,26.7,13.5,15.2,14.3,13.2,13.5
美浦,20260816,日,5:23,エコロゲラン,,牡,2,未出走,古賀大生,56.3,41.0,26.6,13.1,15.3,14.4,13.5,13.1
美浦,20260816,日,5:24,プレイザリード,,牡,3,400,加藤士津,56.2,41.2,26.0,13.3,15.0,15.2,12.7,13.3
美浦,20260816,日,5:24,ショウナンワンパク,,牡,2,未出走,古賀大生,58.1,42.5,27.5,13.6,15.6,15.0,13.9,13.6
美浦,20260816,日,5:25,ヒゲキリ,,牡,2,未出走,加藤士津,57.0,41.0,26.9,12.9,16.0,14.1,14.0,12.9
美浦,20260816,日,5:25,サルーミアモール,,牝,2,未出走,加藤士津,56.9,40.9,26.9,12.9,16.0,14.0,14.0,12.9
美浦,20260816,日,5:26,マーガレットクレア,,牝,3,400,黒岩陽一,55.3,40.4,26.2,13.0,14.9,14.2,13.2,13.0
美浦,20260816,日,5:26,ニットウライズ,,牡,3,0,高橋文雅,58.1,42.0,27.4,13.8,16.1,14.6,13.6,13.8
美浦,20260816,日,5:26,ネクストドア,,牡,3,0,高橋文雅,59.9,42.4,27.5,13.6,17.5,14.9,13.9,13.6
美浦,20260816,日,5:26,パンパネイラ,,セ,3,0,高橋文雅,59.6,42.3,27.4,13.5,17.3,14.9,13.9,13.5
美浦,20260816,日,5:26,クロノスフィア,,牝,2,未出走,黒岩陽一,55.3,40.8,26.6,13.4,14.5,14.2,13.2,13.4
美浦,20260816,日,5:26,ルスカーレット,,牝,2,未登録,,56.0,41.4,27.1,13.8,14.6,14.3,13.3,13.8
美浦,20260816,日,5:26,ワンコール,,牝,2,0,牧光二,55.8,41.1,26.9,13.6,14.7,14.2,13.3,13.6
美浦,20260816,日,5:28,ドナディクオーレ,,牝,3,0,上原佑紀,56.2,41.1,26.3,12.9,15.1,14.8,13.4,12.9
美浦,20260816,日,5:28,テンソンコウリン,,牡,2,未出走,上原佑紀,56.0,41.0,26.2,12.8,15.0,14.8,13.4,12.8
美浦,20260816,日,5:29,アリアーネ,,牝,3,0,鈴木慎太,57.6,42.5,28.0,14.2,15.1,14.5,13.8,14.2
美浦,20260816,日,5:32,クロニクル,,セ,7,1500,平岩大典,54.8,39.8,25.9,12.5,15.0,13.9,13.4,12.5
美浦,20260816,日,5:32,ツァガーンサル,,牝,4,340,平岩大典,56.6,40.8,26.7,13.4,15.8,14.1,13.3,13.4
美浦,20260816,日,5:32,ゼラニウム,,牡,2,未出走,平岩大典,59.4,43.8,28.3,13.8,15.6,15.5,14.5,13.8
美浦,20260816,日,5:33,セイウンヤオヨロズ,,牡,3,0,上原博之,58.2,42.4,27.7,13.4,15.8,14.7,14.3,13.4
美浦,20260816,日,5:34,マナマカナ,,牝,5,460,天間昭一,57.6,43.6,29.8,15.2,14.0,13.8,14.6,15.2
美浦,20260816,日,5:35,マルターズドン,,牡,3,400,手塚貴久,56.4,41.0,26.6,13.4,15.4,14.4,13.2,13.4
美浦,20260816,日,5:35,オプティミスタ,,牝,2,未出走,手塚貴久,57.3,42.5,27.2,13.3,14.8,15.3,13.9,13.3
美浦,20260816,日,5:36,ウマッター,,牝,2,未出走,加藤和宏,59.8,43.5,28.2,13.5,16.3,15.3,14.7,13.5
美浦,20260816,日,5:40,ヴァルキリーバース,,牝,4,3350,田中博康,56.6,41.2,26.9,13.2,15.4,14.3,13.7,13.2
美浦,20260816,日,5:40,メイショウソラル,,牡,3,0,和田勇介,56.3,41.3,26.5,12.6,15.0,14.8,13.9,12.6
美浦,20260816,日,5:40,ダノンマスタング,,牡,3,0,田中博康,55.7,40.8,26.8,13.1,14.9,14.0,13.7,13.1
美浦,20260816,日,5:40,ラインディアーナ,,牝,2,未出走,武藤善則,58.9,43.1,28.1,13.6,15.8,15.0,14.5,13.6
美浦,20260816,日,5:40,スローブギ,,牡,2,未出走,和田勇介,54.7,39.9,25.7,12.2,14.8,14.2,13.5,12.2
美浦,20260816,日,5:41,アレクレア,,牝,4,120,蛯名利弘,56.1,41.3,27.3,13.9,14.8,14.0,13.4,13.9
美浦,20260816,日,5:41,キタノダンサー,,牝,2,未出走,本間忍,56.8,41.5,27.5,13.8,15.3,14.0,13.7,13.8
美浦,20260816,日,5:45,ダイユウレゾナンス,,牝,3,0,松永康利,58.4,41.8,27.6,13.6,16.6,14.2,14.0,13.6
美浦,20260816,日,5:48,ソレエスピアージャ,,牝,4,330,西田雄一,55.9,40.9,26.5,13.2,15.0,14.4,13.3,13.2
美浦,20260816,日,5:48,オレンジリバー,,牝,3,0,黒岩陽一,54.8,40.0,26.3,12.9,14.8,13.7,13.4,12.9
美浦,20260816,日,5:48,ファムクラジューズ,,牝,3,900,黒岩陽一,56.2,40.7,26.6,13.2,15.5,14.1,13.4,13.2
美浦,20260816,日,5:49,オルトパラティウム,,牡,5,900,金成貴史,53.6,37.9,24.6,12.3,15.7,13.3,12.3,12.3
美浦,20260816,日,5:49,ヴァズレーヌ,,牝,5,900,嘉藤貴行,56.6,41.8,27.2,13.3,14.8,14.6,13.9,13.3
美浦,20260816,日,5:49,ドントゥザムーン,,牡,4,900,高木登,56.8,41.3,26.5,12.6,15.5,14.8,13.9,12.6
美浦,20260816,日,5:49,ブレスドナイル,,牝,4,100,金成貴史,56.3,40.6,26.0,12.3,15.7,14.6,13.7,12.3
美浦,20260816,日,5:49,ソルティアーラ,,牝,3,0,西田雄一,56.6,41.4,27.3,13.5,15.2,14.1,13.8,13.5
美浦,20260816,日,5:49,モルスリール,,牡,2,未出走,高木登,57.3,41.7,26.9,13.0,15.6,14.8,13.9,13.0
美浦,20260816,日,5:50,モリガン,,牝,3,0,柄崎将寿,55.8,41.1,26.7,13.1,14.7,14.4,13.6,13.1
美浦,20260816,日,5:50,ゴールドバーニング,,牝,2,未出走,柄崎将寿,56.0,41.2,26.8,13.1,14.8,14.4,13.7,13.1
美浦,20260816,日,5:51,ユキノグラス,,牡,3,400,小笠倫弘,57.3,42.7,27.7,13.5,14.6,15.0,14.2,13.5
美浦,20260816,日,5:51,レッチュベルク,,牡,2,400,久保田貴,55.5,40.9,27.0,12.9,14.6,13.9,14.1,12.9
美浦,20260816,日,5:52,ピコニ,,牡,5,920,牧光二,55.8,40.4,25.9,13.1,15.4,14.5,12.8,13.1
美浦,20260816,日,5:52,モントーヤ,,牡,3,0,浅利英明,56.0,40.7,25.9,12.7,15.3,14.8,13.2,12.7
美浦,20260816,日,5:52,レオリアライズ,,牝,2,0,牧光二,55.6,40.3,25.9,12.7,15.3,14.4,13.2,12.7
美浦,20260816,日,5:52,ロジグローリー,,牡,2,未出走,牧光二,55.5,40.0,25.8,12.8,15.5,14.2,13.0,12.8
美浦,20260816,日,5:55,ビービーアジャイル,,牡,3,900,中舘英二,56.1,41.3,27.1,13.1,14.8,14.2,14.0,13.1
美浦,20260816,日,5:55,ラルコ,,牝,2,未出走,中舘英二,55.7,40.3,25.9,12.9,15.4,14.4,13.0,12.9
美浦,20260816,日,5:55,ジップスパーク,,牡,2,未出走,中舘英二,55.6,40.1,25.7,12.6,15.5,14.4,13.1,12.6
美浦,20260816,日,5:57,タイセイフェリーク,,牝,6,1500,青木孝文,58.5,43.4,28.0,13.6,15.1,15.4,14.4,13.6
美浦,20260816,日,5:57,ウルウノマーズ,,牝,2,未出走,青木孝文,58.6,43.5,28.1,13.7,15.1,15.4,14.4,13.7
美浦,20260816,日,5:59,ミセスヴェルデ,,牝,3,0,栗田徹,57.4,42.2,27.6,12.9,15.2,14.6,14.7,12.9
美浦,20260816,日,5:59,ウッケン,,牝,3,0,松山将樹,54.5,39.5,25.9,12.8,15.0,13.6,13.1,12.8
美浦,20260816,日,5:59,イケイケルノワール,,セ,3,0,松山将樹,54.5,39.5,25.8,12.9,15.0,13.7,12.9,12.9
美浦,20260816,日,5:59,セシルブリュネ,,牝,3,0,栗田徹,57.0,41.7,26.9,12.9,15.3,14.8,14.0,12.9
美浦,20260816,日,6:27,ショウナンライシン,,牡,6,3800,大竹正博,54.8,40.5,26.2,12.7,14.3,14.3,13.5,12.7
美浦,20260816,日,6:27,ララマセラシオン,,牡,5,3250,大竹正博,55.4,40.3,26.1,12.5,15.1,14.2,13.6,12.5
美浦,20260816,日,6:27,レイククレセント,,牝,5,900,大竹正博,58.1,42.6,27.4,13.1,15.5,15.2,14.3,13.1
美浦,20260816,日,6:27,サトノパトリオット,,セ,4,1500,木村哲也,55.3,40.2,26.1,12.8,15.1,14.1,13.3,12.8
美浦,20260816,日,6:27,ライネリーベ,,牝,4,400,木村哲也,55.2,39.9,25.5,12.3,15.3,14.4,13.2,12.3
美浦,20260816,日,6:27,ルフトシュピール,,牝,2,未出走,木村哲也,56.7,41.5,27.5,13.1,15.2,14.0,14.4,13.1
美浦,20260816,日,6:27,フェイトロード,,牡,2,未出走,木村哲也,57.9,42.5,27.7,13.4,15.4,14.8,14.3,13.4
美浦,20260816,日,6:28,ダノンケリー,,牝,3,0,尾関知人,55.2,40.4,25.8,12.7,14.8,14.6,13.1,12.7
美浦,20260816,日,6:29,リラベガ,,牝,3,400,岩戸孝樹,56.8,40.9,26.1,12.5,15.9,14.8,13.6,12.5
美浦,20260816,日,6:29,ピクシーブラスト,,牝,2,未出走,岩戸孝樹,56.4,40.2,25.4,12.5,16.2,14.8,12.9,12.5
美浦,20260816,日,6:31,サイモンナイスラン,,牡,3,0,勢司和浩,57.8,42.3,28.0,14.2,15.5,14.3,13.8,14.2
美浦,20260816,日,6:33,ダーリングハースト,,牝,3,400,宮田敬介,54.7,39.0,25.2,12.1,15.7,13.8,13.1,12.1
美浦,20260816,日,6:34,エリカカリーナ,,牝,5,900,宮田敬介,55.5,39.5,25.1,12.3,16.0,14.4,12.8,12.3
美浦,20260816,日,6:35,タッセルノット,,牝,3,400,林徹,56.3,40.9,26.3,12.4,15.4,14.6,13.9,12.4
美浦,20260816,日,6:36,ジッピーチューン,,牝,3,1150,林徹,55.3,40.3,25.4,12.2,15.0,14.9,13.2,12.2
美浦,20260816,日,6:39,クラウンテック,,牡,4,120,松永康利,58.4,44.7,30.6,16.2,13.7,14.1,14.4,16.2
美浦,20260816,日,6:39,ポップグルーヴ,,牝,4,400,小手川準,55.1,40.6,26.0,12.4,14.5,14.6,13.6,12.4
美浦,20260816,日,6:39,リベラル,,牝,3,0,小手川準,55.9,41.3,26.7,12.9,14.6,14.6,13.8,12.9
美浦,20260816,日,6:41,ユイノリュウギ,,牡,2,0,竹内正洋,57.4,40.4,25.6,12.2,17.0,14.8,13.4,12.2
美浦,20260816,日,6:42,ホウオウファミリー,,牡,3,0,田中博康,55.0,40.2,26.3,13.2,14.8,13.9,13.1,13.2
美浦,20260816,日,6:45,マーゴットソラーレ,,セ,5,400,伊坂重信,55.1,41.1,27.4,13.4,14.0,13.7,14.0,13.4
美浦,20260816,日,6:46,フレッシュラン,,牝,4,900,尾形和幸,54.0,39.7,26.1,12.8,14.3,13.6,13.3,12.8
美浦,20260816,日,6:46,ノーブルスアーク,,牝,3,0,尾形和幸,55.6,41.0,27.2,13.7,14.6,13.8,13.5,13.7
美浦,20260816,日,6:47,ミエノストロング,,牡,3,400,上原佑紀,54.8,39.7,25.8,12.8,15.1,13.9,13.0,12.8
美浦,20260816,日,6:47,スロノス,,牡,2,未出走,上原佑紀,55.3,40.3,26.3,13.0,15.0,14.0,13.3,13.0
美浦,20260816,日,6:47,レッドアバンドーネ,,牡,2,未出走,上原佑紀,55.1,40.0,26.0,12.9,15.1,14.0,13.1,12.9
美浦,20260816,日,6:48,タニセンローマ,,牡,3,0,斎藤誠,57.8,42.6,27.7,13.6,15.2,14.9,14.1,13.6
美浦,20260816,日,6:48,ゼーゲルン,,牡,2,未登録,,57.5,42.4,27.5,13.4,15.1,14.9,14.1,13.4
美浦,20260816,日,6:51,ガヤーズベース,,牡,3,0,田中勝春,56.9,41.6,27.3,13.5,15.3,14.3,13.8,13.5
美浦,20260816,日,6:51,ヤマニンスペッキオ,,牡,2,未出走,田中勝春,56.7,41.4,27.1,13.4,15.3,14.3,13.7,13.4
美浦,20260816,日,6:51,ヴァルキリーキック,,牝,2,未出走,田中勝春,56.9,41.6,27.2,13.5,15.3,14.4,13.7,13.5
美浦,20260816,日,6:54,パーリーブラック,,牡,6,0,伊坂重信,58.0,42.2,27.4,13.8,15.8,14.8,13.6,13.8
美浦,20260816,日,6:55,ビーアストニッシド,,牡,7,3700,堀内岳志,55.9,40.9,26.9,13.3,15.0,14.0,13.6,13.3
美浦,20260816,日,6:56,スコアレジーナ,,牝,3,0,矢野英一,58.0,41.5,28.1,14.0,16.5,13.4,14.1,14.0
美浦,20260816,日,6:56,ゴールデンパルス,,牡,2,未出走,柄崎将寿,57.2,41.8,26.8,13.0,15.4,15.0,13.8,13.0
美浦,20260816,日,6:56,イナズマハッチ,,牝,2,未出走,矢野英一,58.1,43.1,27.9,13.5,15.0,15.2,14.4,13.5
美浦,20260816,日,6:56,ウィアレギア,,牡,2,未出走,矢野英一,58.4,41.6,28.0,14.0,16.8,13.6,14.0,14.0
美浦,20260816,日,6:56,ファンタジーゲーム,,牝,2,未出走,矢野英一,58.1,43.1,27.9,13.4,15.0,15.2,14.5,13.4
美浦,20260816,日,6:58,チェルシー,,牝,5,400,中舘英二,55.8,40.8,26.6,13.0,15.0,14.2,13.6,13.0
美浦,20260816,日,6:58,ファブリック,,牡,2,未出走,武井亮,55.0,40.0,26.5,12.9,15.0,13.5,13.6,12.9
美浦,20260816,日,6:58,ゴルトシェーン,,牡,2,未出走,武井亮,55.0,40.5,26.6,13.2,14.5,13.9,13.4,13.2
美浦,20260816,日,6:58,ハイネスプラウド,,牡,2,未出走,武井亮,55.1,40.6,26.5,13.0,14.5,14.1,13.5,13.0
美浦,20260816,日,6:59,ミッキーソルジャー,,牡,4,1500,菊沢隆徳,57.9,41.5,26.9,13.3,16.4,14.6,13.6,13.3
美浦,20260816,日,7:01,トロピカルヒーロー,,牡,6,900,石栗龍彦,53.8,40.2,26.7,13.1,13.6,13.5,13.6,13.1
美浦,20260816,日,7:01,ピエナフェーヴル,,牡,4,790,萱野浩二,57.9,42.2,27.4,13.1,15.7,14.8,14.3,13.1
美浦,20260816,日,7:01,スペルビア,,セ,4,400,石栗龍彦,54.6,40.7,26.6,12.9,13.9,14.1,13.7,12.9
美浦,20260816,日,7:02,マイネルジェロディ,,牡,8,2400,室井潔,55.5,40.6,26.5,13.1,14.9,14.1,13.4,13.1
美浦,20260816,日,7:02,ドロワ,,牡,3,0,室井潔,56.8,41.4,26.7,13.0,15.4,14.7,13.7,13.0
美浦,20260816,日,7:02,ワッフル,,牝,3,0,室井潔,56.5,41.4,26.6,13.1,15.1,14.8,13.5,13.1
美浦,20260816,日,7:05,カガラプンツェル,,牝,3,900,萱野浩二,56.0,41.6,27.6,13.8,14.4,14.0,13.8,13.8
美浦,20260816,日,7:06,ペプチドドリーム,,牡,3,400,松尾卓哉,54.2,39.2,25.4,12.4,15.0,13.8,13.0,12.4
美浦,20260816,日,7:06,ベアダイヤモンド,,牡,3,0,松尾卓哉,54.5,39.4,25.6,12.5,15.1,13.8,13.1,12.5
美浦,20260816,日,7:07,マイネルモメンタム,,牡,5,400,相沢郁,56.2,41.2,27.1,13.5,15.0,14.1,13.6,13.5
美浦,20260816,日,7:07,ランドジャイアンツ,,牡,2,0,本間忍,57.2,41.5,27.7,13.5,15.7,13.8,14.2,13.5
美浦,20260816,日,7:08,マイネルニコラス,,牡,7,1500,畠山吉宏,58.6,41.3,25.7,12.6,17.3,15.6,13.1,12.6
美浦,20260816,日,7:08,ホワイトホール,,牝,2,未出走,清水英克,56.6,41.5,27.3,13.5,15.1,14.2,13.8,13.5
美浦,20260816,日,7:08,ニシノハクシャ,,牡,2,未出走,清水英克,57.1,41.9,27.6,13.7,15.2,14.3,13.9,13.7
美浦,20260816,日,7:09,マックアルイーン,,牡,4,1500,秋本大介,52.1,38.0,25.2,13.0,14.1,12.8,12.2,13.0
美浦,20260816,日,7:10,ドンレパルス,,牡,7,1500,高木登,54.7,40.3,25.7,12.1,14.4,14.6,13.6,12.1
美浦,20260816,日,7:10,ゴールデンステップ,,牝,5,400,和田勇介,57.8,42.9,28.0,13.6,14.9,14.9,14.4,13.6
美浦,20260816,日,7:10,ルージュアストレア,,牝,3,0,栗田徹,56.6,41.9,26.7,12.9,14.7,15.2,13.8,12.9
美浦,20260816,日,7:10,ネイティヴプライド,,牡,3,0,高木登,54.9,40.2,26.5,13.1,14.7,13.7,13.4,13.1
美浦,20260816,日,7:10,ウインテラジーナ,,牝,3,0,栗田徹,56.5,41.9,27.8,14.0,14.6,14.1,13.8,14.0
美浦,20260816,日,7:11,タイキオーベロン,,牡,4,400,高木登,55.6,40.4,25.9,12.4,15.2,14.5,13.5,12.4
美浦,20260816,日,7:11,アビヤント,,牡,3,400,鹿戸雄一,55.8,40.9,26.3,12.5,14.9,14.6,13.8,12.5
美浦,20260816,日,7:11,ソフィア,,牝,3,0,鹿戸雄一,55.3,40.0,26.1,13.0,15.3,13.9,13.1,13.0
美浦,20260816,日,7:11,アッティーヤ,,牝,2,未出走,鹿戸雄一,55.0,39.3,25.7,12.9,15.7,13.6,12.8,12.9
美浦,20260816,日,7:12,ワンダラー,,牡,4,1500,黒岩陽一,56.7,41.2,26.7,13.2,15.5,14.5,13.5,13.2
美浦,20260816,日,7:12,ルクリーシア,,牝,3,0,黒岩陽一,56.9,41.7,27.0,13.5,15.2,14.7,13.5,13.5
美浦,20260816,日,7:13,ブラボーツー,,牡,2,未出走,矢嶋大樹,56.9,41.8,27.8,13.8,15.1,14.0,14.0,13.8
美浦,20260816,日,7:13,コスモセイント,,牡,2,未出走,矢嶋大樹,56.8,41.8,27.6,13.7,15.0,14.2,13.9,13.7
美浦,20260816,日,7:15,ノーマジック,,牝,5,0,戸田博文,58.1,42.5,27.6,13.3,15.6,14.9,14.3,13.3
美浦,20260816,日,7:16,ワカミヤイリオス,,牡,4,0,矢野英一,55.0,42.2,28.9,15.2,12.8,13.3,13.7,15.2
美浦,20260816,日,7:16,テンカラットレター,,牡,3,0,本間忍,55.7,41.1,26.9,13.4,14.6,14.2,13.5,13.4
美浦,20260816,日,7:17,サードウインド,,牝,4,900,西田雄一,56.6,41.7,27.4,13.7,14.9,14.3,13.7,13.7
美浦,20260816,日,7:18,タイセイアストロ,,牡,3,400,森一誠,56.2,41.1,27.2,14.1,15.1,13.9,13.1,14.1
美浦,20260816,日,7:19,ムーングレイル,,セ,3,0,森一誠,55.9,41.1,26.7,13.2,14.8,14.4,13.5,13.2
美浦,20260816,日,7:19,トリエンナーレ,,牝,3,0,森一誠,57.5,41.8,26.9,13.0,15.7,14.9,13.9,13.0
美浦,20260816,日,7:19,プロミスライン,,牝,3,0,森一誠,57.1,41.4,26.7,12.9,15.7,14.7,13.8,12.9
美浦,20260816,日,7:19,シュガーシャック,,牡,3,0,古賀慎明,57.0,41.9,27.7,13.9,15.1,14.2,13.8,13.9
美浦,20260816,日,7:19,ハーモニープルーフ,,牝,2,未出走,森一誠,56.0,41.2,26.8,13.2,14.8,14.4,13.6,13.2
美浦,20260816,日,7:21,ジャスティンシカゴ,,牡,3,900,宮田敬介,59.6,43.4,27.8,13.4,16.2,15.6,14.4,13.4
美浦,20260816,日,7:22,トラマンダーレ,,セ,6,1500,浅利英明,55.9,40.5,26.1,12.8,15.4,14.4,13.3,12.8
美浦,20260816,日,7:22,ツルマウカタチ,,牡,5,900,手塚貴久,56.4,41.2,26.9,13.4,15.2,14.3,13.5,13.4
美浦,20260816,日,7:22,コパノエビータ,,牝,5,900,手塚貴久,56.7,41.4,27.3,13.6,15.3,14.1,13.7,13.6
美浦,20260816,日,7:22,ペッレグリーニ,,セ,5,900,手塚貴久,55.2,40.7,27.0,13.0,14.5,13.7,14.0,13.0
美浦,20260816,日,7:22,キャネル,,牡,5,900,手塚貴久,56.1,41.4,27.5,13.6,14.7,13.9,13.9,13.6
美浦,20260816,日,7:22,ブラウンラチェット,,牝,4,2000,手塚貴久,54.8,40.5,26.6,13.0,14.3,13.9,13.6,13.0
美浦,20260816,日,7:22,ノーウェアマン,,牡,3,400,浅利英明,54.5,39.3,25.5,12.7,15.2,13.8,12.8,12.7
美浦,20260816,日,7:22,ベルグラース,,牝,2,0,浅利英明,55.5,40.6,25.9,13.0,14.9,14.7,12.9,13.0
美浦,20260816,日,7:23,ファインサマーデイ,,牡,3,400,高柳瑞樹,56.5,41.7,27.4,12.4,14.8,14.3,15.0,12.4
美浦,20260816,日,7:23,ソアサージュ,,牝,3,0,浅利英明,57.1,42.2,27.3,13.1,14.9,14.9,14.2,13.1
美浦,20260816,日,7:23,ルクスマグナ,,牡,2,0,高柳瑞樹,57.5,42.4,28.0,13.2,15.1,14.4,14.8,13.2
美浦,20260816,日,7:25,マタミカンサン,,牝,4,400,加藤士津,55.3,41.0,26.9,13.4,14.3,14.1,13.5,13.4
美浦,20260816,日,7:27,アルセナール,,牝,5,2050,木村哲也,56.5,41.3,27.0,13.5,15.2,14.3,13.5,13.5
美浦,20260816,日,7:29,オンザライン,,セ,8,1500,大和田成,56.3,41.0,26.8,12.9,15.3,14.2,13.9,12.9
美浦,20260816,日,7:29,エスティメート,,牡,7,1370,大和田成,57.0,41.1,26.5,13.0,15.9,14.6,13.5,13.0
美浦,20260816,日,7:29,カーヌスティ,,牡,4,1310,大和田成,55.9,40.5,26.5,12.9,15.4,14.0,13.6,12.9
美浦,20260816,日,7:29,ディールメーカー,,牡,3,1700,大和田成,55.7,40.9,26.8,13.4,14.8,14.1,13.4,13.4
美浦,20260816,日,7:35,ブルーマエストロ,,牡,4,900,黒岩陽一,54.9,40.3,26.4,12.9,14.6,13.9,13.5,12.9
美浦,20260816,日,7:35,カルダモン,,牝,3,0,黒岩陽一,54.9,39.6,25.5,12.7,15.3,14.1,12.8,12.7
美浦,20260816,日,7:36,モルゲンゾンネ,,セ,4,290,矢嶋大樹,54.8,40.4,26.6,13.2,14.4,13.8,13.4,13.2
美浦,20260816,日,7:36,ジャサルディア,,牝,4,1500,辻哲英,56.1,41.3,27.4,13.4,14.8,13.9,14.0,13.4
美浦,20260816,日,7:36,ベンヴェヌータ,,牝,3,900,辻哲英,57.2,41.9,27.1,13.0,15.3,14.8,14.1,13.0
美浦,20260816,日,7:39,ガードオブオナー,,牡,3,0,林徹,56.5,41.2,26.3,12.4,15.3,14.9,13.9,12.4
美浦,20260816,日,7:40,ステキサプライズ,,牡,3,0,粕谷昌央,57.7,42.6,27.5,13.8,15.1,15.1,13.7,13.8
美浦,20260816,日,7:41,カサブランカキッド,,牡,6,400,和田勇介,56.6,42.9,29.0,14.7,13.7,13.9,14.3,14.7
美浦,20260816,日,7:44,タイセイネクサス,,セ,3,0,古賀慎明,56.8,41.5,26.4,12.9,15.3,15.1,13.5,12.9
美浦,20260816,日,7:44,カフェオドヴィー,,牡,3,0,古賀慎明,57.7,42.2,27.1,13.5,15.5,15.1,13.6,13.5
美浦,20260816,日,7:45,ペタルズダンス,,牝,3,0,嘉藤貴行,56.1,41.2,26.9,13.2,14.9,14.3,13.7,13.2
美浦,20260816,日,7:45,プロテウス,,牡,2,未出走,田中博康,57.6,41.9,27.5,13.1,15.7,14.4,14.4,13.1
美浦,20260816,日,7:46,イトウカカリチョウ,,牡,2,未出走,岩戸孝樹,58.1,42.5,27.6,13.3,15.6,14.9,14.3,13.3
美浦,20260816,日,7:46,エコロゴッド,,牡,2,未出走,岩戸孝樹,58.0,42.3,27.4,13.1,15.7,14.9,14.3,13.1
美浦,20260816,日,7:47,マンマリアーレ,,牝,6,2400,高木登,56.4,41.6,26.7,12.5,14.8,14.9,14.2,12.5
美浦,20260816,日,7:47,リラキトス,,牡,4,150,高木登,57.3,42.1,27.2,12.7,15.2,14.9,14.5,12.7
美浦,20260816,日,7:47,ドナラクシュミー,,牝,2,未出走,高木登,59.9,43.0,27.1,13.2,16.9,15.9,13.9,13.2
美浦,20260816,日,7:47,ルナディアナ,,牝,2,未出走,小手川準,55.8,41.5,27.5,13.9,14.3,14.0,13.6,13.9
美浦,20260816,日,7:47,スタレネルヴェント,,牝,2,未出走,高木登,58.9,42.6,26.8,12.9,16.3,15.8,13.9,12.9
美浦,20260816,日,7:52,リアルセンター,,牝,5,400,千葉直人,54.5,40.2,26.4,13.0,14.3,13.8,13.4,13.0
美浦,20260816,日,7:52,グラスハーティー,,牝,3,0,松山将樹,56.4,41.5,27.1,13.1,14.9,14.4,14.0,13.1
美浦,20260816,日,7:55,マイネルブリックス,,牡,5,1500,黒岩陽一,56.0,40.1,26.0,13.0,15.9,14.1,13.0,13.0
美浦,20260816,日,7:58,ハナビ,,牝,2,未出走,斎藤誠,58.9,43.1,28.7,13.8,15.8,14.4,14.9,13.8
美浦,20260816,日,7:58,サトノハクマイ,,牡,2,未登録,,58.7,43.5,28.0,13.4,15.2,15.5,14.6,13.4
美浦,20260816,日,8:01,エンセリオ,,牝,5,1500,小笠倫弘,59.2,44.2,28.6,13.5,15.0,15.6,15.1,13.5
美浦,20260816,日,8:02,リアライズオーラム,,セ,4,400,上原佑紀,56.6,40.7,25.7,12.6,15.9,15.0,13.1,12.6
美浦,20260816,日,8:02,ロマンス,,牝,3,0,上原佑紀,56.3,40.2,25.5,12.5,16.1,14.7,13.0,12.5
美浦,20260816,日,8:02,インヴィディア,,牡,2,未出走,上原佑紀,56.4,40.4,25.6,12.6,16.0,14.8,13.0,12.6
美浦,20260816,日,8:05,マルカベント,,牡,4,200,浅利英明,54.9,39.9,25.8,12.9,15.0,14.1,12.9,12.9
栗東,20260816,日,4:00,マテンロウコマンド,,牡,4,8820,長谷川浩,54.2,39.1,25.7,12.9,15.1,13.4,12.8,12.9
栗東,20260816,日,4:00,ラッキーラグーン,,牡,3,未出走,高柳大輔,57.9,42.8,27.4,12.9,15.1,15.4,14.5,12.9
栗東,20260816,日,4:00,グランエール,,牝,2,未出走,高柳大輔,58.0,41.6,26.9,13.2,16.4,14.7,13.7,13.2
栗東,20260816,日,4:00,マガスティール,,牡,2,未出走,高柳大輔,58.0,42.8,27.5,13.0,15.2,15.3,14.5,13.0
栗東,20260816,日,4:00,テーオータイガー,,牡,2,未出走,高柳大輔,58.6,42.1,27.1,13.3,16.5,15.0,13.8,13.3
栗東,20260816,日,4:01,スペシャルナンバー,,牡,7,1160,西村真幸,58.9,43.0,28.1,13.8,15.9,14.9,14.3,13.8
栗東,20260816,日,4:01,パフ,,牡,5,1500,橋口慎介,58.2,41.1,27.0,13.8,17.1,14.1,13.2,13.8
栗東,20260816,日,4:01,ワンウェイトゥヘル,,牡,4,400,中村直也,53.1,38.0,24.3,12.4,15.1,13.7,11.9,12.4
栗東,20260816,日,4:01,リガーレ,,牡,4,400,池江泰寿,54.9,39.6,25.5,12.5,15.3,14.1,13.0,12.5
栗東,20260816,日,4:01,バッハアルプゼー,,牡,4,900,橋口慎介,58.5,41.7,27.5,14.0,16.8,14.2,13.5,14.0
栗東,20260816,日,4:01,ジャスパーノベル,,牝,4,400,森秀行,54.0,38.4,24.9,12.2,15.6,13.5,12.7,12.2
栗東,20260816,日,4:01,クールドリオン,,牡,3,0,庄野靖志,53.5,38.7,25.2,12.5,14.8,13.5,12.7,12.5
栗東,20260816,日,4:01,ベルアズーロ,,牡,3,0,西村真幸,61.8,43.2,27.7,13.4,18.6,15.5,14.3,13.4
栗東,20260816,日,4:01,スピーチバルーン,,牝,3,0,吉村圭司,55.5,41.0,27.2,13.8,14.5,13.8,13.4,13.8
栗東,20260816,日,4:01,サトノシャッツ,,牡,3,未出走,池江泰寿,55.0,39.3,25.0,12.2,15.7,14.3,12.8,12.2
栗東,20260816,日,4:01,スプレンドーレ,,牝,3,未出走,矢作芳人,57.9,42.3,27.9,13.4,15.6,14.4,14.5,13.4
栗東,20260816,日,4:01,スマートプリエール,,牝,3,2300,大久保龍,55.1,40.6,26.7,12.9,14.5,13.9,13.8,12.9
栗東,20260816,日,4:01,ジャスパーメルチェ,,牝,3,400,森秀行,52.9,38.0,24.5,12.1,14.9,13.5,12.4,12.1
栗東,20260816,日,4:01,エドッコ,,牡,2,未出走,吉村圭司,55.5,41.0,27.2,13.8,14.5,13.8,13.4,13.8
栗東,20260816,日,4:01,ロードラムセス,,牡,2,未登録,,58.8,42.7,28.1,13.2,16.1,14.6,14.9,13.2
栗東,20260816,日,4:01,バヤールロック,,牡,2,未出走,中村直也,55.5,39.9,25.8,13.1,15.6,14.1,12.7,13.1
栗東,20260816,日,4:01,カエンフォース,,牡,2,未出走,中村直也,55.5,39.7,25.7,13.1,15.8,14.0,12.6,13.1
栗東,20260816,日,4:01,ビンドゥング,,牡,2,未登録,,58.8,42.7,28.0,13.2,16.1,14.7,14.8,13.2
栗東,20260816,日,4:02,グレイイングリーン,,牡,8,3800,池江泰寿,56.4,40.7,26.3,12.8,15.7,14.4,13.5,12.8
栗東,20260816,日,4:02,アイキャンドウイッ,,牡,7,900,池江泰寿,59.3,41.8,26.5,13.0,17.5,15.3,13.5,13.0
栗東,20260816,日,4:02,スマートスピア,,牡,5,900,池江泰寿,57.9,40.8,25.6,12.4,17.1,15.2,13.2,12.4
栗東,20260816,日,4:02,タイセイリアル,,牡,5,400,矢作芳人,55.5,40.5,26.6,13.3,15.0,13.9,13.3,13.3
栗東,20260816,日,4:02,ワンダーヴァレル,,牝,3,0,杉山晴紀,58.2,41.9,27.6,13.7,16.3,14.3,13.9,13.7
栗東,20260816,日,4:02,グランブリーゼ,,牝,3,0,庄野靖志,56.2,40.7,26.3,13.3,15.5,14.4,13.0,13.3
栗東,20260816,日,4:02,リアライズブラーヴ,,牡,3,400,杉山晴紀,56.4,40.7,26.1,12.8,15.7,14.6,13.3,12.8
栗東,20260816,日,4:02,サンタカタリナ,,牝,3,0,杉山晴紀,56.8,39.6,26.2,12.9,17.2,13.4,13.3,12.9
栗東,20260816,日,4:02,ロードメルヴェイユ,,牡,3,400,長谷川浩,55.4,40.6,26.4,12.7,14.8,14.2,13.7,12.7
栗東,20260816,日,4:02,ユウファラオ,,牡,3,1200,森秀行,55.6,40.6,26.5,13.2,15.0,14.1,13.3,13.2
栗東,20260816,日,4:02,ウインクローバー,,牝,2,0,宮本博,59.0,42.8,27.4,13.2,16.2,15.4,14.2,13.2
栗東,20260816,日,4:02,ヤマニンアルセド,,牝,2,0,長谷川浩,57.7,42.8,28.2,14.0,14.9,14.6,14.2,14.0
栗東,20260816,日,4:02,ホットリップス,,牝,2,未出走,清水久詞,56.4,40.0,26.3,12.9,16.4,13.7,13.4,12.9
栗東,20260816,日,4:02,ハンサム,,牡,2,未出走,清水久詞,52.6,38.5,25.3,12.5,14.1,13.2,12.8,12.5
栗東,20260816,日,4:02,エテルノアーラ,,牝,2,未登録,,57.4,40.7,26.6,12.8,16.7,14.1,13.8,12.8
栗東,20260816,日,4:03,アスクキングコング,,セ,8,900,梅田智之,59.3,42.4,28.8,14.3,16.9,13.6,14.5,14.3
栗東,20260816,日,4:03,サンデーファンデー,,牡,6,11050,東田明士,55.1,39.8,26.0,13.2,15.3,13.8,12.8,13.2
栗東,20260816,日,4:03,リカントロポ,,牡,4,900,梅田智之,56.5,40.4,26.3,13.2,16.1,14.1,13.1,13.2
栗東,20260816,日,4:03,ランドブレイブ,,牡,4,400,安達昭夫,64.0,45.6,30.0,15.5,18.4,15.6,14.5,15.5
栗東,20260816,日,4:03,ニシノジェダイ,,牡,4,900,宮本博,55.7,39.5,25.6,12.6,16.2,13.9,13.0,12.6
栗東,20260816,日,4:03,ロードファイター,,牡,3,0,東田明士,58.8,42.4,27.3,13.6,16.4,15.1,13.7,13.6
栗東,20260816,日,4:03,ヒラボクソライア,,牡,3,400,東田明士,56.5,40.6,26.1,12.9,15.9,14.5,13.2,12.9
栗東,20260816,日,4:03,エコロボルト,,セ,3,400,森秀行,56.0,40.0,26.5,13.1,16.0,13.5,13.4,13.1
栗東,20260816,日,4:03,モズプルスウルトラ,,牡,2,未出走,清水久詞,61.3,43.9,28.6,14.1,17.4,15.3,14.5,14.1
栗東,20260816,日,4:03,マカロンボイス,,牝,2,未登録,,61.6,44.0,28.6,14.2,17.6,15.4,14.4,14.2
栗東,20260816,日,4:04,シアター,,牝,5,900,茶木太樹,59.2,42.4,27.6,14.0,16.8,14.8,13.6,14.0
栗東,20260816,日,4:04,ワンコールアウェイ,,牝,4,900,杉山晴紀,58.6,42.6,28.2,14.6,16.0,14.4,13.6,14.6
栗東,20260816,日,4:04,パンキー,,牡,3,0,茶木太樹,58.4,41.9,27.3,13.4,16.5,14.6,13.9,13.4
栗東,20260816,日,4:04,ゼンノフォトン,,牡,3,400,茶木太樹,58.3,41.6,26.6,12.7,16.7,15.0,13.9,12.7
栗東,20260816,日,4:04,サンタンジェロ,,牝,2,400,須貝尚介,55.6,40.1,26.0,12.8,15.5,14.1,13.2,12.8
栗東,20260816,日,4:04,コルキス,,牡,2,未出走,須貝尚介,56.1,40.3,26.1,12.9,15.8,14.2,13.2,12.9
栗東,20260816,日,4:05,ダークエクリプス,,牡,7,1500,今野貞一,57.2,40.6,26.7,13.2,16.6,13.9,13.5,13.2
栗東,20260816,日,4:05,ビーアイフォルテ,,牝,4,900,牧田和弥,59.5,42.3,27.4,13.5,17.2,14.9,13.9,13.5
栗東,20260816,日,4:05,サカトクフェイス,,牡,3,0,今野貞一,58.9,42.1,26.8,12.9,16.8,15.3,13.9,12.9
栗東,20260816,日,4:05,ゼランテ,,牡,3,0,松永幹夫,54.9,40.6,26.8,13.5,14.3,13.8,13.3,13.5
栗東,20260816,日,4:05,ウィスパーノート,,牡,2,未出走,安田翔伍,61.8,45.8,30.3,14.5,16.0,15.5,15.8,14.5
栗東,20260816,日,4:05,シャローオネスト,,牡,2,未出走,安田翔伍,61.8,45.1,29.1,14.3,16.7,16.0,14.8,14.3
栗東,20260816,日,4:05,シャローフォレスト,,牝,2,0,安田翔伍,55.4,40.7,27.1,13.4,14.7,13.6,13.7,13.4
栗東,20260816,日,4:05,ポジティブレンサ,,牡,2,未出走,安田翔伍,62.1,45.0,29.4,15.0,17.1,15.6,14.4,15.0
栗東,20260816,日,4:05,ガネット,,牝,2,未出走,松永幹夫,57.8,42.8,28.5,14.2,15.0,14.3,14.3,14.2
栗東,20260816,日,4:05,アイボリータワー,,牝,2,未出走,安田翔伍,55.2,40.3,26.6,13.6,14.9,13.7,13.0,13.6
栗東,20260816,日,4:06,コト,,牝,5,1500,野中賢二,57.9,42.8,27.9,13.5,15.1,14.9,14.4,13.5
栗東,20260816,日,4:06,スナークラファエロ,,セ,5,2400,野中賢二,58.0,41.8,26.6,13.1,16.2,15.2,13.5,13.1
栗東,20260816,日,4:06,ダノンシーマ,,牡,4,3800,中内田充,55.5,40.4,25.6,12.4,15.1,14.8,13.2,12.4
栗東,20260816,日,4:06,エテルノレガーメ,,牡,4,400,野中賢二,57.8,42.2,26.9,13.3,15.6,15.3,13.6,13.3
栗東,20260816,日,4:06,プレデンシア,,牝,3,0,中尾秀正,59.6,44.4,29.6,14.6,15.2,14.8,15.0,14.6
栗東,20260816,日,4:06,ウブラヴ,,牡,2,未出走,中尾秀正,58.8,43.4,29.3,14.9,15.4,14.1,14.4,14.9
栗東,20260816,日,4:06,キシゲヒーロー,,牡,2,未出走,中尾秀正,58.6,43.3,29.1,14.7,15.3,14.2,14.4,14.7
栗東,20260816,日,4:07,ロードオールライト,,牡,5,1500,中内田充,56.3,41.6,27.0,13.1,14.7,14.6,13.9,13.1
栗東,20260816,日,4:07,スリールミニョン,,牝,4,2500,高橋康之,60.5,43.0,27.6,13.5,17.5,15.4,14.1,13.5
栗東,20260816,日,4:07,ラッキーヴォーグ,,牡,3,0,牧田和弥,58.2,42.3,27.9,14.0,15.9,14.4,13.9,14.0
栗東,20260816,日,4:07,プリモマーレ,,牝,3,未出走,中内田充,56.2,40.6,25.6,12.2,15.6,15.0,13.4,12.2
栗東,20260816,日,4:07,サトノビダーヤ,,牡,3,400,高橋康之,62.2,44.6,28.7,14.2,17.6,15.9,14.5,14.2
栗東,20260816,日,4:07,ブームバップビート,,牡,3,400,中内田充,57.6,42.2,27.4,13.7,15.4,14.8,13.7,13.7
栗東,20260816,日,4:07,ミシェルバローズ,,牝,2,未出走,中内田充,56.4,40.7,25.5,12.2,15.7,15.2,13.3,12.2
栗東,20260816,日,4:07,ピーコパーコ,,牡,2,未出走,牧田和弥,58.8,42.5,28.2,14.8,16.3,14.3,13.4,14.8
栗東,20260816,日,4:08,フライングブレード,,牡,6,1500,飯田祐史,57.1,41.2,26.5,13.1,15.9,14.7,13.4,13.1
栗東,20260816,日,4:08,キタノトレボーネ,,牡,3,0,坂口智康,58.5,41.1,26.7,13.3,17.4,14.4,13.4,13.3
栗東,20260816,日,4:08,エルモサカスターノ,,牝,3,400,谷潔,56.3,40.5,26.6,13.1,15.8,13.9,13.5,13.1
栗東,20260816,日,4:08,サーブルディアマン,,牡,3,0,坂口智康,58.0,40.5,26.3,13.3,17.5,14.2,13.0,13.3
栗東,20260816,日,4:08,リアライズグリント,,牡,3,1600,矢作芳人,58.0,42.7,27.7,13.9,15.3,15.0,13.8,13.9
栗東,20260816,日,4:09,ドラゴンウェルズ,,牡,4,5100,藤原英昭,55.4,40.1,26.0,12.9,15.3,14.1,13.1,12.9
栗東,20260816,日,4:09,マテンロウノア,,牡,3,0,坂口智康,60.2,43.4,28.5,14.1,16.8,14.9,14.4,14.1
栗東,20260816,日,4:09,ヒャクギマル,,牡,3,0,坂口智康,59.0,42.4,26.5,12.7,16.6,15.9,13.8,12.7
栗東,20260816,日,4:09,ダノンプレリュード,,牝,3,0,坂口智康,58.4,42.1,26.1,12.6,16.3,16.0,13.5,12.6
栗東,20260816,日,4:09,ドリームリボン,,牝,2,未出走,谷潔,58.2,41.6,26.6,13.0,16.6,15.0,13.6,13.0
栗東,20260816,日,4:09,シンゼンクラマ,,牡,2,未出走,荒川義之,59.9,43.4,27.8,13.2,16.5,15.6,14.6,13.2
栗東,20260816,日,4:10,サトノアグード,,牡,3,400,藤原英昭,63.0,45.5,29.3,14.4,17.5,16.2,14.9,14.4
栗東,20260816,日,4:11,ドウジャスティ,,牡,4,400,池江泰寿,54.1,39.3,25.3,12.4,14.8,14.0,12.9,12.4
栗東,20260816,日,4:11,ジャイアンバローズ,,牡,3,900,池江泰寿,61.1,44.7,30.3,15.4,16.4,14.4,14.9,15.4
栗東,20260816,日,4:11,ロールスワン,,牡,3,0,中内田充,58.4,41.4,25.9,12.5,17.0,15.5,13.4,12.5
栗東,20260816,日,4:11,イベントホライゾン,,牡,3,900,池江泰寿,61.7,45.0,29.3,14.2,16.7,15.7,15.1,14.2
栗東,20260816,日,4:12,パワポケビー,,牝,7,400,森田直行,53.4,38.1,24.9,12.6,15.3,13.2,12.3,12.6
栗東,20260816,日,4:12,レジェンダリーデイ,,セ,6,130,森田直行,54.2,38.5,24.3,12.0,15.7,14.2,12.3,12.0
栗東,20260816,日,4:12,モズレイラココナ,,牝,4,280,森田直行,53.7,38.1,24.6,12.5,15.6,13.5,12.1,12.5
栗東,20260816,日,4:12,ラグナトーレ,,牝,4,80,角田晃一,60.3,43.5,28.5,14.3,16.8,15.0,14.2,14.3
栗東,20260816,日,4:12,ゴッドエスパーダ,,牡,4,1500,角田晃一,57.9,42.0,27.5,13.5,15.9,14.5,14.0,13.5
栗東,20260816,日,4:12,スイートポメロ,,牝,3,0,森田直行,53.6,38.5,25.1,12.8,15.1,13.4,12.3,12.8
栗東,20260816,日,4:12,カフジポポー,,牡,2,未出走,森田直行,54.0,38.6,25.1,12.8,15.4,13.5,12.3,12.8
栗東,20260816,日,4:13,ローマンレイク,,牝,5,900,松永幹夫,57.7,42.0,27.8,14.4,15.7,14.2,13.4,14.4
栗東,20260816,日,4:13,レヴァンテシチー,,牡,4,1500,柴田卓,58.9,43.5,28.6,13.1,15.4,14.9,15.5,13.1
栗東,20260816,日,4:13,ナンヨーカルチャー,,牝,2,未出走,松永幹夫,58.8,42.6,27.8,14.1,16.2,14.8,13.7,14.1
栗東,20260816,日,4:13,プッシュザリミット,,牡,2,0,柴田卓,58.5,43.0,28.5,13.0,15.5,14.5,15.5,13.0
栗東,20260816,日,4:14,サンライズブレイク,,牡,4,400,浜田多実,58.1,41.0,25.8,12.5,17.1,15.2,13.3,12.5
栗東,20260816,日,4:14,ハリーケーン,,牡,4,1500,大根田裕,59.2,43.2,28.8,14.5,16.0,14.4,14.3,14.5
栗東,20260816,日,4:14,シャインゴーツ,,牡,3,0,北出成人,57.3,40.9,26.8,13.4,16.4,14.1,13.4,13.4
栗東,20260816,日,4:14,ジュンヴァッテッド,,牡,3,0,浜田多実,56.8,41.1,27.3,13.9,15.7,13.8,13.4,13.9
栗東,20260816,日,4:14,クラッチスラッガー,,牡,3,400,池添学,57.6,41.5,27.2,13.7,16.1,14.3,13.5,13.7
栗東,20260816,日,4:14,メイショウレイナ,,牝,2,未出走,池添学,60.0,43.5,28.8,14.4,16.5,14.7,14.4,14.4
栗東,20260816,日,4:14,アワジシマ,,牡,2,未出走,北出成人,57.3,40.8,26.7,13.4,16.5,14.1,13.3,13.4
栗東,20260816,日,4:14,シーグロリオーゾ,,牡,2,未出走,池添学,57.9,41.7,27.3,13.8,16.2,14.4,13.5,13.8
栗東,20260816,日,4:14,ジュンヴァグネル,,牡,2,0,浜田多実,56.3,40.6,26.7,13.4,15.7,13.9,13.3,13.4
栗東,20260816,日,4:15,フラッシング,,牡,5,900,牧浦充徳,58.9,43.4,28.8,14.4,15.5,14.6,14.4,14.4
栗東,20260816,日,4:15,クアトロジャック,,牡,5,1500,庄野靖志,58.9,43.1,28.4,13.8,15.8,14.7,14.6,13.8
栗東,20260816,日,4:15,ゲイルライダー,,牡,4,2400,牧浦充徳,57.3,41.9,27.4,13.6,15.4,14.5,13.8,13.6
栗東,20260816,日,4:15,シエーナカラー,,牝,3,400,北出成人,62.6,45.4,30.3,15.8,17.2,15.1,14.5,15.8
栗東,20260816,日,4:15,サンジルダール,,牝,3,0,牧浦充徳,59.8,44.3,29.3,14.8,15.5,15.0,14.5,14.8
栗東,20260816,日,4:15,スウィートハピネス,,牝,3,1600,北出成人,60.1,42.8,28.5,14.7,17.3,14.3,13.8,14.7
栗東,20260816,日,4:15,ヒルノプーリア,,牝,3,400,北出成人,58.6,42.2,27.1,13.6,16.4,15.1,13.5,13.6
栗東,20260816,日,4:15,オウドウ,,牝,2,未出走,大根田裕,55.8,41.1,27.5,13.9,14.7,13.6,13.6,13.9
栗東,20260816,日,4:15,ヤマカツチャーリー,,牡,2,未出走,大根田裕,55.9,41.1,27.4,13.8,14.8,13.7,13.6,13.8
栗東,20260816,日,4:16,ラケマーダ,,牡,6,3800,千田輝彦,59.8,43.8,28.3,14.0,16.0,15.5,14.3,14.0
栗東,20260816,日,4:16,デイトナモード,,牡,6,2400,千田輝彦,57.0,41.2,26.7,13.3,15.8,14.5,13.4,13.3
栗東,20260816,日,4:16,ラミエルノムスコ,,牡,3,0,千田輝彦,62.0,44.2,28.6,14.2,17.8,15.6,14.4,14.2
栗東,20260816,日,4:16,ボールドペイト,,牡,3,0,千田輝彦,61.0,44.4,28.7,14.1,16.6,15.7,14.6,14.1
栗東,20260816,日,4:16,マヴィ,,牝,3,900,牧浦充徳,59.2,43.4,28.4,14.3,15.8,15.0,14.1,14.3
栗東,20260816,日,4:17,アルダ,,牡,3,0,石坂公一,57.6,41.8,26.8,13.0,15.8,15.0,13.8,13.0
栗東,20260816,日,4:17,ダノンステート,,牡,3,0,千田輝彦,62.9,44.0,28.1,13.6,18.9,15.9,14.5,13.6
栗東,20260816,日,4:17,サンライズレマ,,牡,3,400,石坂公一,62.5,44.8,28.9,14.3,17.7,15.9,14.6,14.3
栗東,20260816,日,4:17,クオーレサンライズ,,牝,2,未出走,石坂公一,59.1,42.8,27.9,13.7,16.3,14.9,14.2,13.7
栗東,20260816,日,4:17,イッソス,,牡,2,未出走,石坂公一,59.0,42.8,27.8,13.7,16.2,15.0,14.1,13.7
栗東,20260816,日,4:17,ベルヴェール,,牡,2,0,石坂公一,57.9,42.0,27.2,13.3,15.9,14.8,13.9,13.3
栗東,20260816,日,4:18,シャドウマスター,,牡,3,900,杉山晴紀,61.2,43.5,27.6,13.3,17.7,15.9,14.3,13.3
栗東,20260816,日,4:19,ガンマジーティーピ,,牡,4,1500,渡辺薫彦,58.6,41.7,26.7,13.2,16.9,15.0,13.5,13.2
栗東,20260816,日,4:19,ハグレジョー,,牡,3,400,岡田稲男,59.6,42.9,27.5,13.6,16.7,15.4,13.9,13.6
栗東,20260816,日,4:19,スマートエール,,牝,2,未出走,渡辺薫彦,58.4,41.7,26.9,13.3,16.7,14.8,13.6,13.3
栗東,20260816,日,4:19,ウィッチドクター,,牡,2,未出走,渡辺薫彦,58.4,41.7,26.9,13.2,16.7,14.8,13.7,13.2
栗東,20260816,日,4:20,カーリキュー,,牝,3,400,高橋一哉,57.2,41.5,26.8,13.4,15.7,14.7,13.4,13.4
栗東,20260816,日,4:21,アラビアンジョイ,,牝,3,400,高橋一哉,61.0,45.4,29.0,14.4,15.6,16.4,14.6,14.4
栗東,20260816,日,4:21,ナムラファントム,,牡,2,未出走,大橋勇樹,59.1,42.9,27.9,14.0,16.2,15.0,13.9,14.0
栗東,20260816,日,4:21,ウルスチャージ,,牡,2,未出走,大橋勇樹,60.7,43.6,28.2,13.9,17.1,15.4,14.3,13.9
栗東,20260816,日,4:22,ウェイヴムーン,,牡,3,0,石坂公一,59.0,43.2,27.8,13.9,15.8,15.4,13.9,13.9
栗東,20260816,日,4:22,メイショウラリマー,,牡,2,未出走,本田優,56.8,41.2,27.2,13.6,15.6,14.0,13.6,13.6
栗東,20260816,日,4:22,ツーエムマドンナ,,牝,2,未出走,本田優,57.9,42.0,27.9,14.3,15.9,14.1,13.6,14.3
栗東,20260816,日,4:22,ランスオブナイト,,牡,2,未出走,本田優,55.5,39.9,26.5,13.6,15.6,13.4,12.9,13.6
栗東,20260816,日,4:23,カウンティフェア,,牝,4,900,高野友和,57.2,41.8,26.3,12.5,15.4,15.5,13.8,12.5
栗東,20260816,日,4:23,ライノ,,セ,4,900,高野友和,57.2,41.8,26.3,12.6,15.4,15.5,13.7,12.6
栗東,20260816,日,4:23,ブルーミングローズ,,牝,4,400,高野友和,56.8,40.5,26.1,12.7,16.3,14.4,13.4,12.7
栗東,20260816,日,4:23,メイショウソウテン,,牡,3,400,鈴木孝志,59.8,42.8,27.5,13.2,17.0,15.3,14.3,13.2
栗東,20260816,日,4:23,ホールオブミラーズ,,牡,3,400,高野友和,60.2,42.9,27.0,12.7,17.3,15.9,14.3,12.7
栗東,20260816,日,4:23,ルヴァンタドゥール,,牡,2,未出走,秋山真一,60.1,44.3,28.9,13.9,15.8,15.4,15.0,13.9
栗東,20260816,日,4:23,ブレイズフォート,,牡,2,未出走,高野友和,60.0,42.9,27.1,12.6,17.1,15.8,14.5,12.6
栗東,20260816,日,4:23,プリンキピッサ,,牝,2,0,高野友和,57.0,40.7,26.2,12.7,16.3,14.5,13.5,12.7
栗東,20260816,日,4:24,ルーセントムーン,,牡,3,0,高橋一哉,59.4,44.3,29.7,15.1,15.1,14.6,14.6,15.1
栗東,20260816,日,4:24,ソルパッサーレ,,牝,3,900,四位洋文,60.3,42.0,25.5,12.3,18.3,16.5,13.2,12.3
栗東,20260816,日,4:24,ロンドンレガシー,,牡,2,未出走,高橋一哉,59.3,44.1,29.7,15.1,15.2,14.4,14.6,15.1
栗東,20260816,日,4:25,キッコベッロ,,牡,3,400,友道康夫,56.1,40.7,26.2,12.4,15.4,14.5,13.8,12.4
栗東,20260816,日,4:25,スエヒロビリーブ,,牡,2,未登録,,59.6,43.2,27.3,13.4,16.4,15.9,13.9,13.4
栗東,20260816,日,4:25,レガリアフォリア,,牡,2,未登録,,59.7,43.2,27.4,13.5,16.5,15.8,13.9,13.5
栗東,20260816,日,4:26,ビーチェマーレ,,セ,3,400,友道康夫,57.5,41.2,26.9,13.4,16.3,14.3,13.5,13.4
栗東,20260816,日,4:27,ドゥラエテルノ,,牡,4,900,武幸四郎,60.3,43.9,28.3,13.6,16.4,15.6,14.7,13.6
栗東,20260816,日,4:27,ハムタン,,牡,3,0,武幸四郎,60.8,43.9,29.0,14.8,16.9,14.9,14.2,14.8
栗東,20260816,日,4:27,エトワールハマー,,牡,2,未出走,武幸四郎,61.0,44.3,28.6,14.0,16.7,15.7,14.6,14.0
栗東,20260816,日,4:28,アリストクラシア,,牝,5,400,吉岡辰弥,60.0,44.1,29.0,14.3,15.9,15.1,14.7,14.3
栗東,20260816,日,4:28,マイエレメント,,牝,4,1500,福永祐一,56.5,40.4,26.1,12.9,16.1,14.3,13.2,12.9
栗東,20260816,日,4:28,シートゥサミット,,牡,3,400,吉岡辰弥,58.5,43.5,28.8,14.6,15.0,14.7,14.2,14.6
栗東,20260816,日,4:28,ミッキーマーメイド,,牝,3,400,福永祐一,57.0,40.7,26.2,12.8,16.3,14.5,13.4,12.8
栗東,20260816,日,4:28,セキゾウ,,牡,3,0,田中克典,59.5,43.3,28.8,14.5,16.2,14.5,14.3,14.5
栗東,20260816,日,4:28,レポゼ,,牡,2,未出走,吉岡辰弥,60.2,44.4,30.1,15.4,15.8,14.3,14.7,15.4
栗東,20260816,日,4:28,ルースソラール,,牡,2,0,吉岡辰弥,59.5,44.2,29.2,14.7,15.3,15.0,14.5,14.7
栗東,20260816,日,4:29,ブラックシールド,,牡,7,2400,小栗実,56.8,40.8,26.9,12.7,16.0,13.9,14.2,12.7
栗東,20260816,日,4:29,ランスオブセヘル,,牝,5,900,奥村豊,58.6,43.0,28.6,14.1,15.6,14.4,14.5,14.1
栗東,20260816,日,4:29,ヨリノレジェンド,,牡,4,1500,奥村豊,60.0,43.5,28.2,14.1,16.5,15.3,14.1,14.1
栗東,20260816,日,4:29,タイセイカイザー,,牡,4,1500,奥村豊,58.3,42.8,27.8,13.5,15.5,15.0,14.3,13.5
栗東,20260816,日,4:29,ランフォーヴァウ,,牝,4,3700,福永祐一,60.1,41.1,25.2,11.8,19.0,15.9,13.4,11.8
栗東,20260816,日,4:29,タガノアニマシオン,,セ,4,900,奥村豊,58.4,42.9,27.9,13.6,15.5,15.0,14.3,13.6
栗東,20260816,日,4:29,テンダーワーズ,,牝,3,0,中尾秀正,59.9,44.6,29.7,15.0,15.3,14.9,14.7,15.0
栗東,20260816,日,4:30,ランウインディ,,牝,5,1500,中尾秀正,59.8,44.0,29.4,14.7,15.8,14.6,14.7,14.7
栗東,20260816,日,4:30,ミーンアロット,,牝,3,0,宮地貴稔,58.3,42.7,28.3,14.1,15.6,14.4,14.2,14.1
栗東,20260816,日,4:30,ヴェルジーネ,,牝,3,400,宮地貴稔,54.8,39.7,26.0,12.7,15.1,13.7,13.3,12.7
栗東,20260816,日,4:33,グランヴィノス,,牡,6,3250,友道康夫,58.7,42.3,27.1,13.6,16.4,15.2,13.5,13.6
栗東,20260816,日,4:35,サラサキングスター,,牡,3,0,斉藤崇史,55.8,39.6,25.6,12.8,16.2,14.0,12.8,12.8
栗東,20260816,日,4:35,イクオクコウネン,,セ,3,0,斉藤崇史,57.2,39.8,25.2,12.3,17.4,14.6,12.9,12.3
栗東,20260816,日,4:35,マンナット,,牡,2,未出走,斉藤崇史,59.3,40.9,25.3,12.1,18.4,15.6,13.2,12.1
栗東,20260816,日,4:35,シスキンブルーム,,牝,2,400,斉藤崇史,59.8,41.2,25.7,12.6,18.6,15.5,13.1,12.6
栗東,20260816,日,4:36,ゴールデンスナップ,,牝,6,2700,田中克典,56.2,40.8,26.7,13.1,15.4,14.1,13.6,13.1
栗東,20260816,日,4:36,ロングトールサリー,,牝,3,400,福永祐一,53.0,37.9,24.6,12.5,15.1,13.3,12.1,12.5
栗東,20260816,日,4:38,ペイシャモノノフ,,牡,6,2400,畑端省吾,58.8,43.6,28.6,14.2,15.2,15.0,14.4,14.2
栗東,20260816,日,4:38,ダディーズレガリア,,牡,2,未出走,畑端省吾,58.0,40.4,24.8,12.4,17.6,15.6,12.4,12.4
栗東,20260816,日,4:39,ワールドキッス,,牡,4,400,河嶋宏樹,58.4,43.0,28.6,14.7,15.4,14.4,13.9,14.7
栗東,20260816,日,4:39,テムタワーボス,,牡,2,未出走,畑端省吾,56.7,40.8,27.0,13.5,15.9,13.8,13.5,13.5
栗東,20260816,日,4:39,セブンサークル,,牡,2,未出走,畑端省吾,56.6,40.6,26.9,13.5,16.0,13.7,13.4,13.5
栗東,20260816,日,4:40,スターペスアンナ,,牝,3,0,石橋守,57.3,41.5,27.6,13.8,15.8,13.9,13.8,13.8
栗東,20260816,日,4:40,ノボリジャズダンス,,牝,2,未登録,,57.8,41.8,27.5,13.7,16.0,14.3,13.8,13.7
栗東,20260816,日,4:40,メイショウキレイ,,牝,2,未出走,石橋守,57.9,42.0,27.6,13.8,15.9,14.4,13.8,13.8
栗東,20260816,日,4:40,クインオブデザート,,牝,2,未出走,石橋守,57.3,41.5,27.6,13.8,15.8,13.9,13.8,13.8
栗東,20260816,日,4:41,イットガール,,牝,3,0,矢作芳人,58.9,42.8,28.4,14.6,16.1,14.4,13.8,14.6
栗東,20260816,日,4:41,リスグロワール,,牝,2,未出走,矢作芳人,58.9,42.8,28.5,14.6,16.1,14.3,13.9,14.6
栗東,20260816,日,4:43,ボーオーブ,,牡,2,未出走,安田翔伍,55.5,41.0,27.7,14.1,14.5,13.3,13.6,14.1
栗東,20260816,日,4:43,ボビーザグレート,,牡,2,0,柴田卓,57.3,40.9,26.5,13.4,16.4,14.4,13.1,13.4
栗東,20260816,日,4:43,アストラルライト,,牝,2,未出走,安田翔伍,55.8,41.4,27.4,13.6,14.4,14.0,13.8,13.6
栗東,20260816,日,4:44,エンジョイドライブ,,牡,4,0,宮本博,61.2,42.0,26.1,12.7,19.2,15.9,13.4,12.7
栗東,20260816,日,4:45,ブルクトーア,,牡,4,1500,長谷川浩,57.0,42.2,27.5,13.6,14.8,14.7,13.9,13.6
栗東,20260816,日,4:45,ケイアイマウンガ,,牡,4,180,宮本博,59.6,42.8,27.9,13.8,16.8,14.9,14.1,13.8
栗東,20260816,日,4:45,セイウンダイフク,,牡,3,0,宮本博,60.8,43.8,28.2,13.7,17.0,15.6,14.5,13.7
栗東,20260816,日,4:46,クインズショコラ,,牝,4,2400,新谷功一,64.5,44.6,26.8,12.5,19.9,17.8,14.3,12.5
栗東,20260816,日,4:46,マイシドニー,,牡,3,0,新谷功一,65.1,45.2,27.2,12.6,19.9,18.0,14.6,12.6
栗東,20260816,日,4:49,テーオーシュタイン,,牡,4,900,梅田智之,61.7,44.2,29.1,14.5,17.5,15.1,14.6,14.5
栗東,20260816,日,4:50,グランキングオー,,牡,4,2400,高橋康之,60.7,42.6,27.3,13.6,18.1,15.3,13.7,13.6
栗東,20260816,日,4:51,シェーラ,,牝,4,400,牧田和弥,59.2,43.2,28.5,14.2,16.0,14.7,14.3,14.2
栗東,20260816,日,4:53,パルフェクシオン,,牝,2,未出走,大久保龍,62.1,44.1,28.8,14.2,18.0,15.3,14.6,14.2
栗東,20260816,日,4:54,シャイニングスター,,牡,3,0,小椋研介,56.9,40.5,26.4,13.0,16.4,14.1,13.4,13.0
栗東,20260816,日,4:55,ベラジオセブン,,牡,2,未出走,小椋研介,57.7,41.2,27.1,13.4,16.5,14.1,13.7,13.4
栗東,20260816,日,4:56,リューデスハイム,,牡,5,1500,牧田和弥,62.2,45.1,29.1,14.6,17.1,16.0,14.5,14.6
栗東,20260816,日,4:56,サンスベリア,,牝,3,0,牧田和弥,61.0,44.2,29.8,14.7,16.8,14.4,15.1,14.7
栗東,20260816,日,4:57,マオノファースト,,牡,2,未出走,加藤公太,60.2,43.7,29.5,15.7,16.5,14.2,13.8,15.7
栗東,20260816,日,4:59,カフジキアッキエレ,,牝,6,400,森田直行,53.7,38.4,25.4,13.3,15.3,13.0,12.1,13.3
栗東,20260816,日,4:59,ビルンバウム,,セ,5,900,渡辺薫彦,58.9,41.5,25.8,12.5,17.4,15.7,13.3,12.5
栗東,20260816,日,4:59,オドラニャソンソン,,牡,4,190,森田直行,54.7,39.7,25.6,12.7,15.0,14.1,12.9,12.7
栗東,20260816,日,4:59,クリコバロー,,牡,3,0,渡辺薫彦,61.2,44.3,28.7,14.3,16.9,15.6,14.4,14.3
栗東,20260816,日,4:59,ベルメグスタ,,牝,2,未出走,森田直行,59.4,42.8,28.1,13.7,16.6,14.7,14.4,13.7
栗東,20260816,日,4:59,ウィリーウィリー,,牡,2,未出走,森田直行,62.0,44.7,29.5,15.3,17.3,15.2,14.2,15.3
栗東,20260816,日,5:00,ディーエストッキー,,牡,5,300,橋口慎介,58.0,42.0,27.5,14.0,16.0,14.5,13.5,14.0
栗東,20260816,日,5:00,バスタードサフラン,,牝,5,2400,渡辺薫彦,60.4,44.3,28.7,13.9,16.1,15.6,14.8,13.9
栗東,20260816,日,5:00,リトムテール,,牝,4,130,渡辺薫彦,57.6,42.2,27.4,13.4,15.4,14.8,14.0,13.4
栗東,20260816,日,5:00,ロールザダイス,,セ,4,900,池江泰寿,59.9,42.9,28.1,14.0,17.0,14.8,14.1,14.0
栗東,20260816,日,5:00,キリマンジェロタフ,,牡,2,未出走,橋口慎介,58.0,41.9,27.5,13.9,16.1,14.4,13.6,13.9
栗東,20260816,日,5:01,ペンナヴェローチェ,,牡,5,1500,須貝尚介,63.1,45.3,29.0,14.3,17.8,16.3,14.7,14.3
栗東,20260816,日,5:01,アロマフェリス,,牝,4,500,辻野泰之,58.7,42.8,27.8,13.9,15.9,15.0,13.9,13.9
栗東,20260816,日,5:01,ハイパーレディ,,牝,2,未登録,,63.6,46.2,29.6,14.4,17.4,16.6,15.2,14.4
栗東,20260816,日,5:02,リアンクトワ,,牝,5,400,辻野泰之,57.0,41.6,27.3,13.9,15.4,14.3,13.4,13.9
栗東,20260816,日,5:02,ロンポワン,,牝,3,0,辻野泰之,62.3,44.9,29.3,14.2,17.4,15.6,15.1,14.2
栗東,20260816,日,5:03,ママコチャ,,牝,7,20250,池江泰寿,57.9,41.8,26.8,13.1,16.1,15.0,13.7,13.1
栗東,20260816,日,5:03,エレガンシア,,牝,4,400,高柳大輔,60.0,43.7,28.7,14.8,16.3,15.0,13.9,14.8
栗東,20260816,日,5:03,ベルラフィネ,,牝,3,0,岡田稲男,57.7,41.8,27.0,13.6,15.9,14.8,13.4,13.6
栗東,20260816,日,5:03,フェスティヴドレス,,牝,3,900,岡田稲男,57.7,41.8,27.0,13.5,15.9,14.8,13.5,13.5
栗東,20260816,日,5:03,パラディオン,,牡,3,400,高柳大輔,60.9,44.1,28.7,14.8,16.8,15.4,13.9,14.8
栗東,20260816,日,5:04,ハッピーラブソング,,牝,3,400,牧浦充徳,58.3,42.2,27.2,13.5,16.1,15.0,13.7,13.5
栗東,20260816,日,5:05,ストレングス,,牡,5,3600,寺島良,60.6,43.8,28.8,14.3,16.8,15.0,14.5,14.3
栗東,20260816,日,5:05,ニュークレド,,牡,4,900,石坂公一,58.2,41.8,26.8,13.0,16.4,15.0,13.8,13.0
栗東,20260816,日,5:06,レディーミコノス,,牝,4,1500,寺島良,60.6,43.7,28.0,13.3,16.9,15.7,14.7,13.3
栗東,20260816,日,5:06,ロザーンジュ,,牝,3,400,寺島良,61.3,44.5,29.2,14.0,16.8,15.3,15.2,14.0
栗東,20260816,日,5:06,シブレット,,牝,2,未出走,寺島良,59.6,43.4,28.0,13.0,16.2,15.4,15.0,13.0
栗東,20260816,日,5:07,テイエムスターラン,,牡,3,400,小椋研介,57.3,41.6,27.3,13.7,15.7,14.3,13.6,13.7
栗東,20260816,日,5:07,ルージュルガーノ,,牝,3,0,昆貢,56.1,40.3,25.5,12.3,15.8,14.8,13.2,12.3
栗東,20260816,日,5:08,オンザマーチ,,牝,3,400,今野貞一,59.8,43.7,28.6,13.8,16.1,15.1,14.8,13.8
栗東,20260816,日,5:08,ハツアカネ,,牝,3,0,小崎憲,55.3,41.5,27.4,13.7,13.8,14.1,13.7,13.7
栗東,20260816,日,5:09,オモイヲノセテ,,牝,3,400,高橋義忠,60.5,43.3,28.5,13.9,17.2,14.8,14.6,13.9
栗東,20260816,日,5:10,クルゼイロドスル,,牡,6,3700,高橋義忠,59.1,41.2,25.6,12.7,17.9,15.6,12.9,12.7
栗東,20260816,日,5:10,ヴィスタグロッサ,,牝,2,未出走,高橋義忠,61.2,43.2,28.0,13.9,18.0,15.2,14.1,13.9
栗東,20260816,日,5:10,コンセルノ,,牝,2,未出走,高橋義忠,58.0,41.9,26.9,12.8,16.1,15.0,14.1,12.8
栗東,20260816,日,5:12,システマソラー,,牡,3,900,橋田宜長,57.3,41.2,26.9,13.2,16.1,14.3,13.7,13.2
栗東,20260816,日,5:13,ステイクオール,,セ,4,400,上村洋行,58.5,42.0,27.4,13.9,16.5,14.6,13.5,13.9
栗東,20260816,日,5:13,オプティモ,,牡,3,400,緒方努,59.1,44.0,27.8,13.7,15.1,16.2,14.1,13.7
栗東,20260816,日,5:13,リュコス,,牡,2,未出走,緒方努,59.8,44.1,28.7,14.3,15.7,15.4,14.4,14.3
栗東,20260816,日,5:13,ルパドゥクール,,牝,2,未出走,上村洋行,58.1,41.8,27.3,13.9,16.3,14.5,13.4,13.9
栗東,20260816,日,5:14,ビップジーニー,,牡,5,1500,松下武士,59.9,43.4,28.3,14.0,16.5,15.1,14.3,14.0
栗東,20260816,日,5:14,ショウナンザナドゥ,,牝,4,3000,松下武士,59.0,42.7,26.9,12.8,16.3,15.8,14.1,12.8
栗東,20260816,日,5:14,アンヌグロース,,牝,3,0,松下武士,62.6,44.2,28.5,14.1,18.4,15.7,14.4,14.1
栗東,20260816,日,5:14,アパレイユ,,牝,3,400,西園翔太,58.8,42.5,27.0,13.3,16.3,15.5,13.7,13.3
栗東,20260816,日,5:14,ドラゴングローリア,,牝,3,0,斉藤崇史,58.7,42.2,26.7,13.2,16.5,15.5,13.5,13.2
栗東,20260816,日,5:14,コメットサン,,牝,2,未出走,西園翔太,59.1,43.1,28.2,13.7,16.0,14.9,14.5,13.7
栗東,20260816,日,5:15,ロンティケチャップ,,牡,4,400,牧田和弥,62.1,44.5,29.0,15.3,17.6,15.5,13.7,15.3
栗東,20260816,日,5:15,メイショウイッカク,,牡,3,0,池添学,59.7,43.7,28.4,14.2,16.0,15.3,14.2,14.2
栗東,20260816,日,5:15,パシフィックドーン,,牡,3,未出走,池添学,59.8,43.3,28.6,14.1,16.5,14.7,14.5,14.1
栗東,20260816,日,5:15,エンルートフライト,,牡,2,0,池添学,59.3,43.6,28.4,14.2,15.7,15.2,14.2,14.2
栗東,20260816,日,5:17,ミッキースターダム,,セ,5,1000,前川恭子,57.9,41.8,27.2,14.0,16.1,14.6,13.2,14.0
栗東,20260816,日,5:17,ホットロッドハート,,牡,2,0,前川恭子,58.2,41.8,27.2,13.7,16.4,14.6,13.5,13.7
栗東,20260816,日,5:18,グランメドウ,,牡,5,400,藤岡健一,59.4,44.0,29.3,14.7,15.4,14.7,14.6,14.7
栗東,20260816,日,5:18,ワイドシュテルケ,,牡,3,400,藤岡健一,53.9,39.9,26.1,13.2,14.0,13.8,12.9,13.2
栗東,20260816,日,5:18,ウェンロック,,牡,3,未出走,藤岡健一,59.3,44.1,29.3,14.8,15.2,14.8,14.5,14.8
栗東,20260816,日,5:19,ホウオウサンデー,,牡,8,900,井上智史,56.8,41.1,26.0,12.9,15.7,15.1,13.1,12.9
栗東,20260816,日,5:21,クールブロン,,牡,6,1500,井上智史,57.3,41.2,25.9,12.7,16.1,15.3,13.2,12.7
栗東,20260816,日,5:22,ラマンシュ,,牡,4,900,杉山佳明,57.9,42.6,27.6,13.2,15.3,15.0,14.4,13.2
栗東,20260816,日,5:22,ギニー,,牡,2,未出走,井上智史,57.5,42.7,28.0,14.2,14.8,14.7,13.8,14.2
栗東,20260816,日,5:22,ホウオウテンノージ,,牡,2,未登録,,57.7,42.8,28.1,14.3,14.9,14.7,13.8,14.3
栗東,20260816,日,5:23,リンフレスカンテ,,牡,8,1500,宮本博,60.5,43.0,27.2,12.9,17.5,15.8,14.3,12.9
栗東,20260816,日,5:23,リオンプライム,,牝,4,0,鈴木孝志,57.2,42.0,27.6,13.9,15.2,14.4,13.7,13.9
栗東,20260816,日,5:23,ピカラ,,牝,3,900,坂口智康,59.1,41.7,26.6,13.0,17.4,15.1,13.6,13.0
栗東,20260816,日,5:24,ラインオブソウル,,牡,7,2400,東田明士,56.1,40.5,25.8,12.7,15.6,14.7,13.1,12.7
栗東,20260816,日,5:24,マリアナトレンチ,,牡,6,2400,東田明士,57.2,41.6,27.4,13.3,15.6,14.2,14.1,13.3
栗東,20260816,日,5:24,バンディート,,牡,6,620,東田明士,56.0,40.4,26.1,12.6,15.6,14.3,13.5,12.6
栗東,20260816,日,5:28,オースミサイファー,,牡,3,0,宮本博,61.4,43.5,27.6,13.1,17.9,15.9,14.5,13.1
栗東,20260816,日,5:29,メイショウヘール,,牡,5,900,大橋勇樹,58.8,43.5,28.5,14.1,15.3,15.0,14.4,14.1
栗東,20260816,日,5:29,ブレットパス,,牡,3,900,中内田充,56.3,41.2,25.9,12.4,15.1,15.3,13.5,12.4
栗東,20260816,日,5:29,エッシネン,,牡,2,未登録,,59.3,43.7,29.4,14.8,15.6,14.3,14.6,14.8
栗東,20260816,日,5:29,ウッデン,,牝,2,未登録,,59.3,43.7,29.3,14.8,15.6,14.4,14.5,14.8
栗東,20260816,日,5:30,ウインデイジー,,牝,5,1500,宮徹,56.4,41.4,26.9,13.4,15.0,14.5,13.5,13.4
栗東,20260816,日,5:30,リアンマヒナ,,牡,3,400,高橋一哉,60.8,44.2,28.6,14.0,16.6,15.6,14.6,14.0
栗東,20260816,日,5:30,レグルスロウ,,牡,2,未登録,,60.0,43.8,29.2,14.9,16.2,14.6,14.3,14.9
栗東,20260816,日,5:31,マダムカマラード,,牝,3,400,宮徹,56.3,41.3,26.7,12.7,15.0,14.6,14.0,12.7
栗東,20260816,日,5:31,ホウオウスカイハイ,,牡,3,0,宮徹,57.7,41.6,26.9,13.2,16.1,14.7,13.7,13.2
栗東,20260816,日,5:32,ゴッドブルービー,,牡,6,2400,角田晃一,57.8,42.5,28.5,14.4,15.3,14.0,14.1,14.4
栗東,20260816,日,5:32,メイショウカシワデ,,牡,5,1500,角田晃一,58.8,41.3,26.7,13.4,17.5,14.6,13.3,13.4
栗東,20260816,日,5:32,ヴェントインコーダ,,牝,4,900,角田晃一,60.4,44.6,29.1,14.4,15.8,15.5,14.7,14.4
栗東,20260816,日,5:33,ジョイフルサンデー,,牡,3,0,宮徹,59.7,43.6,28.1,13.5,16.1,15.5,14.6,13.5
栗東,20260816,日,5:33,アクアホワイト,,牝,3,0,宮徹,59.7,43.0,27.8,13.5,16.7,15.2,14.3,13.5
栗東,20260816,日,5:34,アスクドゥポルテ,,牡,6,2400,梅田智之,62.4,43.8,27.2,13.0,18.6,16.6,14.2,13.0
栗東,20260816,日,5:34,ジャスティンアポロ,,牡,3,0,茶木太樹,57.9,41.9,27.3,13.7,16.0,14.6,13.6,13.7
栗東,20260816,日,5:34,ピゲ,,牡,3,0,高橋康之,58.8,42.1,27.1,13.6,16.7,15.0,13.5,13.6
栗東,20260816,日,5:35,モズイージス,,牡,5,440,高橋康之,60.0,42.9,27.5,13.9,17.1,15.4,13.6,13.9
栗東,20260816,日,5:35,ハッコウイチウ,,牡,4,900,杉山晴紀,57.9,42.2,27.1,13.3,15.7,15.1,13.8,13.3
栗東,20260816,日,5:35,シュブスタンス,,牡,2,未出走,杉山晴紀,58.7,43.1,27.2,13.2,15.6,15.9,14.0,13.2
栗東,20260816,日,5:36,アロンソア,,牡,3,900,牧田和弥,57.1,40.6,26.7,12.8,16.5,13.9,13.9,12.8
栗東,20260816,日,5:36,ロードスタニング,,牡,3,400,杉山晴紀,57.9,42.0,27.3,13.6,15.9,14.7,13.7,13.6
栗東,20260816,日,5:36,ラインエレガント,,牝,2,0,牧田和弥,59.7,44.1,28.7,14.1,15.6,15.4,14.6,14.1
栗東,20260816,日,5:43,ハギノサステナブル,,牡,6,2400,高野友和,58.8,43.2,27.5,13.1,15.6,15.7,14.4,13.1
栗東,20260816,日,5:43,トラッドロア,,牝,3,0,高野友和,58.3,42.0,27.1,13.6,16.3,14.9,13.5,13.6
栗東,20260816,日,5:43,ハートノート,,牝,2,未出走,高野友和,58.8,43.3,27.5,13.2,15.5,15.8,14.3,13.2
栗東,20260816,日,5:43,ヴィヴェローネ,,牝,2,0,高野友和,57.7,42.6,27.7,13.5,15.1,14.9,14.2,13.5
栗東,20260816,日,5:45,ペガサスジルシ,,牝,3,0,新谷功一,58.0,42.3,27.7,13.8,15.7,14.6,13.9,13.8
栗東,20260816,日,5:45,ゴーイントゥノヴァ,,牝,2,未出走,新谷功一,58.5,42.4,27.6,13.8,16.1,14.8,13.8,13.8
栗東,20260816,日,5:45,ダヌラーサナ,,牝,2,0,新谷功一,58.4,42.4,27.7,13.9,16.0,14.7,13.8,13.9
栗東,20260816,日,5:47,サンライズブレイド,,牡,2,未出走,羽月友彦,58.7,43.0,28.5,14.6,15.7,14.5,13.9,14.6
栗東,20260816,日,5:48,マジョレルブルー,,牡,3,900,友道康夫,56.1,41.7,28.0,14.4,14.4,13.7,13.6,14.4
栗東,20260816,日,5:48,サトノステラ,,牡,2,未出走,友道康夫,58.3,43.2,28.5,14.2,15.1,14.7,14.3,14.2
栗東,20260816,日,5:48,エムズグレイ,,牡,2,未出走,友道康夫,58.2,43.1,28.5,14.2,15.1,14.6,14.3,14.2
栗東,20260816,日,5:49,アークドール,,牡,5,1600,松永幹夫,60.6,44.0,28.7,14.8,16.6,15.3,13.9,14.8
栗東,20260816,日,5:49,グリーンゴー,,牡,3,0,福永祐一,55.7,39.8,25.7,12.7,15.9,14.1,13.0,12.7
栗東,20260816,日,5:49,ダイヤモンドノット,,牡,3,5750,福永祐一,56.1,39.9,25.5,12.7,16.2,14.4,12.8,12.7
栗東,20260816,日,5:49,マルカルーカス,,牡,2,未出走,福永祐一,58.9,41.8,27.0,13.2,17.1,14.8,13.8,13.2
栗東,20260816,日,5:49,ドミナント,,牝,2,未出走,福永祐一,55.8,40.1,25.8,12.9,15.7,14.3,12.9,12.9
栗東,20260816,日,5:50,ウォーターパラディ,,牡,4,400,岡田稲男,56.8,41.2,26.1,12.6,15.6,15.1,13.5,12.6
栗東,20260816,日,5:51,キングロコマイカイ,,牡,7,900,畑端省吾,57.9,42.4,27.6,13.3,15.5,14.8,14.3,13.3
栗東,20260816,日,5:51,シーザットガール,,牝,2,未出走,畑端省吾,58.9,43.8,29.1,14.6,15.1,14.7,14.5,14.6
栗東,20260816,日,5:52,カフジエメンタール,,牡,3,1000,矢作芳人,56.1,41.0,26.8,13.6,15.1,14.2,13.2,13.6
栗東,20260816,日,5:53,コロラート,,セ,2,未出走,飯田祐史,60.8,45.0,29.4,14.3,15.8,15.6,15.1,14.3
栗東,20260816,日,5:53,タイヴァス,,牡,2,未出走,矢作芳人,59.0,42.8,28.3,14.0,16.2,14.5,14.3,14.0
栗東,20260816,日,5:54,アルテヴェローチェ,,牡,4,3600,須貝尚介,58.5,41.7,26.7,13.2,16.8,15.0,13.5,13.2
栗東,20260816,日,5:55,エーデルヴェーグ,,牝,4,900,田中克典,56.1,40.8,26.6,12.9,15.3,14.2,13.7,12.9
栗東,20260816,日,5:55,パヴィーア,,牝,4,400,田中克典,56.6,40.8,26.6,13.1,15.8,14.2,13.5,13.1
栗東,20260816,日,5:55,ダンデノン,,牝,3,400,田中克典,55.8,40.4,26.3,12.9,15.4,14.1,13.4,12.9
栗東,20260816,日,5:56,コルドンブルー,,牝,4,900,松永幹夫,57.7,42.1,27.4,13.6,15.6,14.7,13.8,13.6
栗東,20260816,日,5:56,レザベーション,,牡,3,3100,松下武士,59.2,43.0,27.6,13.4,16.2,15.4,14.2,13.4
栗東,20260816,日,5:56,トゥスコラーナ,,牝,3,0,松永幹夫,56.9,40.9,26.3,13.3,16.0,14.6,13.0,13.3
栗東,20260816,日,5:56,クラルテロワ,,牡,2,未出走,松永幹夫,57.6,42.4,28.2,14.2,15.2,14.2,14.0,14.2
栗東,20260816,日,5:56,ブロッサムスピア,,牡,2,未出走,藤岡健一,54.3,40.2,26.5,13.4,14.1,13.7,13.1,13.4
栗東,20260816,日,5:57,クリコファルコン,,牡,3,0,谷潔,57.2,40.5,26.5,13.5,16.7,14.0,13.0,13.5
栗東,20260816,日,5:58,ゲーベル,,牡,5,800,渡辺薫彦,58.5,42.9,28.5,14.3,15.6,14.4,14.2,14.3
栗東,20260816,日,5:58,サンコンクエスト,,牝,4,900,渡辺薫彦,58.9,43.2,28.3,13.8,15.7,14.9,14.5,13.8
栗東,20260816,日,5:58,ベネサルート,,牡,3,400,渡辺薫彦,61.1,44.2,29.0,14.3,16.9,15.2,14.7,14.3
栗東,20260816,日,6:00,コリカンチャ,,セ,4,900,井上智史,55.0,39.8,25.9,12.8,15.2,13.9,13.1,12.8
栗東,20260816,日,6:01,ダノンブギ,,牡,4,400,安田翔伍,56.1,40.8,27.0,13.7,15.3,13.8,13.3,13.7
栗東,20260816,日,6:01,タタンタン,,牝,2,未出走,安田翔伍,58.1,42.6,27.6,13.6,15.5,15.0,14.0,13.6
栗東,20260816,日,6:01,ルージュムーサ,,牝,2,未出走,安田翔伍,58.3,42.8,28.0,13.8,15.5,14.8,14.2,13.8
栗東,20260816,日,6:02,ルージュソムニウム,,牝,3,0,加藤公太,62.6,45.6,29.4,14.5,17.0,16.2,14.9,14.5
栗東,20260816,日,6:02,アサクサロマンス,,牝,2,未登録,,61.8,45.1,28.8,14.3,16.7,16.3,14.5,14.3
栗東,20260816,日,6:26,セミマル,,牡,6,1500,西村真幸,60.5,43.9,28.2,13.7,16.6,15.7,14.5,13.7
栗東,20260816,日,6:26,ガロンヌ,,牡,5,2500,上村洋行,55.2,40.1,25.9,13.0,15.1,14.2,12.9,13.0
栗東,20260816,日,6:26,エイダンバローズ,,牡,2,未出走,上村洋行,54.9,40.0,25.9,13.1,14.9,14.1,12.8,13.1
栗東,20260816,日,6:27,アクートゥス,,セ,6,2400,藤原英昭,58.6,43.0,28.1,14.0,15.6,14.9,14.1,14.0
栗東,20260816,日,6:27,マトラコーニッシュ,,牝,4,1500,池添学,58.3,42.5,28.4,14.1,15.8,14.1,14.3,14.1
栗東,20260816,日,6:27,トリポリタニア,,牡,4,2400,上村洋行,55.7,40.6,26.5,13.2,15.1,14.1,13.3,13.2
栗東,20260816,日,6:27,マテンロウゲイル,,牡,3,2400,野中賢二,58.5,43.0,27.9,13.8,15.5,15.1,14.1,13.8
栗東,20260816,日,6:27,ゴールデンテティス,,牝,3,0,庄野靖志,61.9,45.3,29.9,14.3,16.6,15.4,15.6,14.3
栗東,20260816,日,6:27,スーパービジー,,牡,3,0,庄野靖志,53.1,39.3,26.2,13.5,13.8,13.1,12.7,13.5
栗東,20260816,日,6:27,オアシスアラン,,牡,3,0,高柳大輔,57.3,41.5,27.2,13.4,15.8,14.3,13.8,13.4
栗東,20260816,日,6:27,ヤマニンコルザ,,牝,3,0,長谷川浩,57.9,41.1,26.7,13.4,16.8,14.4,13.3,13.4
栗東,20260816,日,6:27,アステルディーヴァ,,牝,3,0,西村真幸,64.0,46.0,29.5,14.5,18.0,16.5,15.0,14.5
栗東,20260816,日,6:27,ワイドグンサ,,牡,3,400,庄野靖志,55.7,40.6,26.2,13.0,15.1,14.4,13.2,13.0
栗東,20260816,日,6:27,ジェントル,,牡,2,未出走,池添学,56.6,41.4,27.2,13.6,15.2,14.2,13.6,13.6
栗東,20260816,日,6:27,ルクスアルカード,,牡,2,未出走,上村洋行,55.2,40.2,26.1,13.2,15.0,14.1,12.9,13.2
栗東,20260816,日,6:27,タイセイプリュム,,牝,2,未出走,西村真幸,59.8,43.5,28.0,13.8,16.3,15.5,14.2,13.8
栗東,20260816,日,6:27,ハニーサンシャイン,,牝,2,未登録,,62.7,44.5,28.1,14.1,18.2,16.4,14.0,14.1
栗東,20260816,日,6:27,ヴィクトリアビーゴ,,牡,2,未出走,西村真幸,60.2,44.3,28.5,13.7,15.9,15.8,14.8,13.7
栗東,20260816,日,6:27,キフクマル,,牡,2,未出走,池添学,56.4,41.2,27.1,13.6,15.2,14.1,13.5,13.6
栗東,20260816,日,6:28,ロードプレジール,,牡,8,2400,佐藤悠太,55.4,39.8,25.6,12.6,15.6,14.2,13.0,12.6
栗東,20260816,日,6:28,ブルーノート,,牡,7,900,梅田智之,57.0,40.5,25.8,12.9,16.5,14.7,12.9,12.9
栗東,20260816,日,6:28,シホノスペランツァ,,牡,7,1500,寺島良,59.3,43.0,28.8,14.3,16.3,14.2,14.5,14.3
栗東,20260816,日,6:28,インジケーター,,牡,5,1220,高橋康之,59.3,42.9,28.0,13.9,16.4,14.9,14.1,13.9
栗東,20260816,日,6:28,モズタチアガレ,,牡,4,900,中尾秀正,60.5,46.0,30.4,14.9,14.5,15.6,15.5,14.9
栗東,20260816,日,6:28,ヤマニンチェルキ,,牡,4,7350,中村直也,58.6,42.4,27.9,13.8,16.2,14.5,14.1,13.8
栗東,20260816,日,6:28,ジャスティンゴッホ,,牡,3,0,茶木太樹,55.7,39.9,25.9,12.7,15.8,14.0,13.2,12.7
栗東,20260816,日,6:28,ペンダント,,牝,3,2650,池江泰寿,56.3,39.7,25.2,12.4,16.6,14.5,12.8,12.4
栗東,20260816,日,6:28,ロックターミガン,,牡,3,3550,石坂公一,58.7,43.6,28.8,14.5,15.1,14.8,14.3,14.5
栗東,20260816,日,6:28,シホノグラツィア,,牡,3,0,佐藤悠太,55.0,39.6,25.3,12.4,15.4,14.3,12.9,12.4
栗東,20260816,日,6:28,ビクスバイト,,牝,3,0,佐藤悠太,57.3,42.1,27.3,13.4,15.2,14.8,13.9,13.4
栗東,20260816,日,6:28,アモロロプーロ,,牡,2,未出走,高橋康之,58.2,41.9,27.6,13.8,16.3,14.3,13.8,13.8
栗東,20260816,日,6:28,メモリーブック,,牡,2,未出走,飯田祐史,56.8,41.7,28.0,14.6,15.1,13.7,13.4,14.6
栗東,20260816,日,6:28,アンジェリカ,,牝,2,未出走,大根田裕,60.5,43.7,28.3,13.5,16.8,15.4,14.8,13.5
栗東,20260816,日,6:28,アーデルプレミア,,牡,2,未出走,宮本博,61.2,45.2,29.4,14.9,16.0,15.8,14.5,14.9
栗東,20260816,日,6:29,タイセイブレイズ,,牡,8,2360,牧浦充徳,58.0,41.9,26.8,13.4,16.1,15.1,13.4,13.4
栗東,20260816,日,6:29,メイショウズイウン,,牡,4,2400,本田優,61.5,44.2,28.5,14.4,17.3,15.7,14.1,14.4
栗東,20260816,日,6:29,ウィスピア,,牡,3,0,小林真也,58.5,41.9,27.2,13.4,16.6,14.7,13.8,13.4
栗東,20260816,日,6:29,チュウワメロディー,,牡,3,0,小崎憲,53.6,39.8,26.0,13.0,13.8,13.8,13.0,13.0
栗東,20260816,日,6:29,マーゴットプレ,,牝,2,未出走,小林真也,58.4,42.3,26.8,13.5,16.1,15.5,13.3,13.5
栗東,20260816,日,6:29,サンライズモロヘイ,,牡,2,未出走,牧浦充徳,57.7,41.8,26.6,12.9,15.9,15.2,13.7,12.9
栗東,20260816,日,6:29,ゴルディアス,,牡,2,0,小崎憲,54.9,40.8,26.5,13.2,14.1,14.3,13.3,13.2
栗東,20260816,日,6:29,リアルメッセージ,,牡,2,0,小林真也,58.0,41.8,26.8,13.4,16.2,15.0,13.4,13.4
栗東,20260816,日,6:29,キトゥンズクラフト,,牡,2,未出走,池江泰寿,59.7,43.3,27.8,13.3,16.4,15.5,14.5,13.3
栗東,20260816,日,6:30,プルートマスター,,牡,7,1500,今野貞一,56.3,41.0,26.6,13.1,15.3,14.4,13.5,13.1
栗東,20260816,日,6:30,ヴィヴァシャス,,牝,4,400,笹田和秀,57.7,42.5,27.7,14.0,15.2,14.8,13.7,14.0
栗東,20260816,日,6:30,チリーゴールド,,牝,4,120,飯田祐史,62.6,45.2,29.2,14.5,17.4,16.0,14.7,14.5
栗東,20260816,日,6:30,ソルチェリア,,牡,3,900,大根田裕,59.8,43.8,29.1,14.3,16.0,14.7,14.8,14.3
栗東,20260816,日,6:30,メイショウピュルテ,,牝,3,0,笹田和秀,55.5,41.5,27.3,13.8,14.0,14.2,13.5,13.8
栗東,20260816,日,6:30,エナスティール,,牝,3,0,小崎憲,51.5,38.2,25.7,13.2,13.3,12.5,12.5,13.2
栗東,20260816,日,6:30,ベストレイク,,牝,3,0,小崎憲,52.3,38.7,25.5,12.7,13.6,13.2,12.8,12.7
栗東,20260816,日,6:30,リンピッド,,牝,2,未出走,飯田祐史,57.6,42.1,27.1,13.2,15.5,15.0,13.9,13.2
栗東,20260816,日,6:30,クリスティーナ,,牝,2,未出走,飯田祐史,60.4,44.1,28.8,14.1,16.3,15.3,14.7,14.1
栗東,20260816,日,6:31,アメリカンビーチ,,牡,4,400,四位洋文,58.8,42.9,28.1,13.5,15.9,14.8,14.6,13.5
栗東,20260816,日,6:31,コンテナライン,,牝,4,400,牧浦充徳,56.3,41.3,27.1,13.5,15.0,14.2,13.6,13.5
栗東,20260816,日,6:31,メイショウナナユキ,,牝,3,400,牧浦充徳,57.3,42.0,27.6,13.9,15.3,14.4,13.7,13.9
栗東,20260816,日,6:31,タイニーワンダー,,牝,3,400,四位洋文,57.7,41.8,27.5,13.4,15.9,14.3,14.1,13.4
栗東,20260816,日,6:31,アクアアイ,,牝,3,400,四位洋文,58.5,42.4,27.5,13.6,16.1,14.9,13.9,13.6
栗東,20260816,日,6:31,リヴァイアサン,,牡,2,未出走,四位洋文,58.3,41.7,26.7,12.8,16.6,15.0,13.9,12.8
栗東,20260816,日,6:32,ロードオルデン,,牡,7,900,辻野泰之,58.0,42.8,28.6,14.2,15.2,14.2,14.4,14.2
栗東,20260816,日,6:32,ジーニアスバローズ,,セ,6,900,辻野泰之,58.2,43.0,28.2,13.9,15.2,14.8,14.3,13.9
栗東,20260816,日,6:32,ポッドドンナー,,牡,4,900,辻野泰之,58.1,42.1,27.3,13.8,16.0,14.8,13.5,13.8
栗東,20260816,日,6:32,ディープサミット,,牡,4,400,四位洋文,58.6,44.1,29.4,14.5,14.5,14.7,14.9,14.5
栗東,20260816,日,6:32,アルムアポジェ,,牝,3,0,北出成人,58.0,42.8,27.9,13.9,15.2,14.9,14.0,13.9
栗東,20260816,日,6:32,トウカイツバキ,,牝,3,0,北出成人,58.8,42.4,27.6,13.4,16.4,14.8,14.2,13.4
栗東,20260816,日,6:33,ヨシノイースター,,牡,8,6600,中尾秀正,58.2,43.2,28.8,14.4,15.0,14.4,14.4,14.4
栗東,20260816,日,6:33,タイセイレグノ,,セ,4,400,浜田多実,55.3,39.7,25.7,12.6,15.6,14.0,13.1,12.6
栗東,20260816,日,6:35,タガノエルピーダ,,牝,5,2500,斉藤崇史,57.1,40.9,26.2,12.7,16.2,14.7,13.5,12.7
栗東,20260816,日,6:35,マサノエクスプレス,,牡,2,未出走,藤野健太,57.0,41.8,27.5,13.9,15.2,14.3,13.6,13.9
栗東,20260816,日,6:35,リムリックアイル,,牝,2,未出走,藤野健太,57.1,41.8,27.6,14.0,15.3,14.2,13.6,14.0
栗東,20260816,日,6:36,マゲバスピード,,牡,3,400,藤原英昭,60.0,44.4,29.3,14.9,15.6,15.1,14.4,14.9
栗東,20260816,日,6:37,アトモス,,牡,3,400,角田晃一,59.9,43.4,27.7,13.2,16.5,15.7,14.5,13.2
栗東,20260816,日,6:37,ナリタライズ,,牡,2,未出走,高橋亮,56.7,41.7,27.3,13.4,15.0,14.4,13.9,13.4
栗東,20260816,日,6:37,スイトーヨ,,牝,2,0,角田晃一,60.9,43.9,28.6,14.1,17.0,15.3,14.5,14.1
栗東,20260816,日,6:39,プペアンビスキュイ,,牝,3,0,茶木太樹,57.5,43.4,28.6,13.3,14.1,14.8,15.3,13.3
栗東,20260816,日,6:40,オメガダフネ,,牡,2,未出走,柴田卓,57.6,42.5,27.5,13.6,15.1,15.0,13.9,13.6
栗東,20260816,日,6:41,エルハーベン,,牡,3,400,藤岡健一,57.9,43.4,29.5,15.0,14.5,13.9,14.5,15.0
栗東,20260816,日,6:45,リチュアル,,セ,7,2130,千田輝彦,55.7,40.6,26.3,12.9,15.1,14.3,13.4,12.9
栗東,20260816,日,6:45,エムズマインド,,牡,6,1500,荒川義之,58.1,40.9,25.9,12.7,17.2,15.0,13.2,12.7
栗東,20260816,日,6:46,ウルスクローム,,牡,4,1500,大橋勇樹,59.8,43.6,28.2,13.6,16.2,15.4,14.6,13.6
栗東,20260816,日,6:46,ユウトザイシン,,牡,3,0,千田輝彦,58.1,41.6,27.0,13.5,16.5,14.6,13.5,13.5
栗東,20260816,日,6:46,メイショウコマチ,,牝,3,1500,千田輝彦,60.7,44.2,28.7,14.2,16.5,15.5,14.5,14.2
栗東,20260816,日,6:46,ビンチャリ,,牝,2,未出走,千田輝彦,57.9,41.6,26.9,13.4,16.3,14.7,13.5,13.4
栗東,20260816,日,6:47,ティムール,,牡,6,900,中竹和也,56.0,41.4,27.1,13.6,14.6,14.3,13.5,13.6
栗東,20260816,日,6:48,テレサ,,牝,4,2550,杉山晴紀,58.2,41.5,27.1,13.3,16.7,14.4,13.8,13.3
栗東,20260816,日,6:49,マルモリムソウ,,牡,2,400,大橋勇樹,56.3,41.1,26.4,13.1,15.2,14.7,13.3,13.1
栗東,20260816,日,6:50,タガノアルテミス,,牝,3,0,西園翔太,60.2,44.1,28.7,14.1,16.1,15.4,14.6,14.1
栗東,20260816,日,6:50,クリノライジング,,牝,2,未出走,大橋勇樹,56.5,41.6,27.4,14.1,14.9,14.2,13.3,14.1
栗東,20260816,日,6:50,リアルマロン,,牡,2,未出走,大橋勇樹,56.6,41.7,27.5,14.2,14.9,14.2,13.3,14.2
栗東,20260816,日,6:51,イルミナジーティー,,牝,3,0,西園翔太,60.1,43.7,27.8,13.2,16.4,15.9,14.6,13.2
栗東,20260816,日,6:53,シャンデリュイーズ,,牝,3,0,小栗実,58.7,42.2,27.5,13.2,16.5,14.7,14.3,13.2
栗東,20260816,日,6:54,サンクサンス,,牝,2,未出走,小栗実,60.0,44.4,29.2,14.2,15.6,15.2,15.0,14.2
栗東,20260816,日,6:55,アビル,,牡,3,0,高橋一哉,57.5,41.6,27.1,13.4,15.9,14.5,13.7,13.4
栗東,20260816,日,6:56,アムールリーベ,,牝,5,600,宮地貴稔,54.4,39.4,25.8,13.2,15.0,13.6,12.6,13.2
栗東,20260816,日,6:56,ブルーサン,,牡,5,1900,宮地貴稔,55.6,40.6,26.6,13.0,15.0,14.0,13.6,13.0
栗東,20260816,日,7:00,チャンネルトンネル,,牡,5,1500,福永祐一,55.6,40.3,26.3,13.1,15.3,14.0,13.2,13.1
栗東,20260816,日,7:00,メイショウアカリ,,牝,3,400,松下武士,54.9,39.5,25.9,13.0,15.4,13.6,12.9,13.0
栗東,20260816,日,7:02,モズノンノン,,牝,2,未出走,畑端省吾,59.4,43.6,29.0,14.4,15.8,14.6,14.6,14.4
栗東,20260816,日,7:02,テムバンヴァン,,牝,2,未出走,畑端省吾,59.1,43.5,29.0,14.4,15.6,14.5,14.6,14.4
栗東,20260816,日,7:02,エクセレントワード,,牝,2,未出走,畑端省吾,58.8,43.2,28.4,14.1,15.6,14.8,14.3,14.1
栗東,20260816,日,7:03,ロイヤルテール,,牡,4,410,畑端省吾,60.2,43.9,28.5,14.1,16.3,15.4,14.4,14.1
栗東,20260816,日,7:05,ダイメイプリンス,,牡,3,0,森田直行,57.5,41.8,27.4,13.8,15.7,14.4,13.6,13.8
栗東,20260816,日,7:05,ヴォーゲ,,牡,3,0,森田直行,57.2,41.2,27.4,14.1,16.0,13.8,13.3,14.1
栗東,20260816,日,7:08,ゼンノゾンターク,,牡,3,400,緒方努,55.4,40.5,26.8,13.7,14.9,13.7,13.1,13.7
栗東,20260816,日,7:10,マカホウ,,牡,3,0,田中克典,56.4,41.3,27.5,14.0,15.1,13.8,13.5,14.0
栗東,20260816,日,7:11,サロニコス,,牝,5,900,松下武士,54.5,40.4,26.5,13.7,14.1,13.9,12.8,13.7
栗東,20260816,日,7:11,ゴリョウセイ,,牡,3,0,松下武士,61.8,45.1,29.8,15.4,16.7,15.3,14.4,15.4
栗東,20260816,日,7:13,ロードマイライフ,,牡,5,1500,佐藤悠太,51.2,37.0,24.5,12.6,14.2,12.5,11.9,12.6
栗東,20260816,日,7:14,カポレイラ,,牝,4,400,北出成人,59.0,43.0,27.3,13.0,16.0,15.7,14.3,13.0
栗東,20260816,日,7:14,コレオシークエンス,,牡,3,400,佐藤悠太,62.9,44.3,28.7,14.3,18.6,15.6,14.4,14.3
栗東,20260816,日,7:15,エナジーグラン,,牡,7,2580,高橋康之,60.2,43.5,28.0,14.1,16.7,15.5,13.9,14.1
栗東,20260816,日,7:17,ハッピーマン,,牡,4,6330,寺島良,61.9,44.6,28.8,14.2,17.3,15.8,14.6,14.2
栗東,20260816,日,7:17,レーヴドヒロイン,,牝,2,未出走,橋田宜長,58.5,42.7,28.3,14.3,15.8,14.4,14.0,14.3
栗東,20260816,日,7:18,イッタレイッタレ,,セ,3,0,寺島良,59.7,43.1,27.2,12.9,16.6,15.9,14.3,12.9
栗東,20260816,日,7:19,セシリエプラージュ,,牝,5,1500,中村直也,54.6,39.3,25.8,12.9,15.3,13.5,12.9,12.9
栗東,20260816,日,7:20,ロックウイズミー,,牡,2,未出走,緒方努,65.0,46.1,30.0,15.5,18.9,16.1,14.5,15.5
栗東,20260816,日,7:20,ジーティールーナ,,牝,2,未出走,緒方努,64.5,45.8,29.6,15.1,18.7,16.2,14.5,15.1
栗東,20260816,日,7:21,サンダーバース,,セ,5,1500,井上智史,58.7,43.2,28.4,14.2,15.5,14.8,14.2,14.2
栗東,20260816,日,7:21,ナポリ,,牝,2,0,井上智史,56.0,40.5,26.0,13.0,15.5,14.5,13.0,13.0
栗東,20260816,日,7:21,マイフレダ,,牝,2,未出走,井上智史,56.9,41.0,26.1,13.1,15.9,14.9,13.0,13.1
栗東,20260816,日,7:21,エボニーウイング,,牡,2,0,井上智史,57.3,41.3,26.3,13.0,16.0,15.0,13.3,13.0
栗東,20260816,日,7:22,アスクアットバット,,セ,4,0,加藤公太,61.1,44.3,28.8,14.0,16.8,15.5,14.8,14.0
栗東,20260816,日,7:23,クリノセーラーマン,,牡,3,400,大橋勇樹,59.1,43.2,28.1,13.8,15.9,15.1,14.3,13.8
栗東,20260816,日,7:24,ラテライト,,牝,4,0,橋田宜長,60.1,44.1,28.7,13.8,16.0,15.4,14.9,13.8
栗東,20260816,日,7:35,スマートエトワール,,牝,3,0,辻野泰之,58.3,42.6,28.0,14.0,15.7,14.6,14.0,14.0
栗東,20260816,日,7:35,ジーティーハルカゼ,,牝,2,未出走,辻野泰之,58.3,42.6,27.9,13.9,15.7,14.7,14.0,13.9
栗東,20260816,日,7:37,ホウオウドルーリー,,牝,5,400,宮徹,55.7,40.1,25.8,12.7,15.6,14.3,13.1,12.7
栗東,20260816,日,7:42,フリッカージャブ,,牡,4,5650,西園翔太,60.2,44.3,29.2,13.8,15.9,15.1,15.4,13.8
栗東,20260816,日,7:43,ゼットスパンキー,,牡,5,400,宮徹,57.5,41.4,26.2,12.8,16.1,15.2,13.4,12.8
栗東,20260816,日,7:43,ブルーセルリアン,,牡,4,0,宮徹,56.3,41.8,27.2,13.3,14.5,14.6,13.9,13.3
栗東,20260816,日,7:43,オラロア,,牡,3,0,西園翔太,57.9,42.8,27.5,13.2,15.1,15.3,14.3,13.2
栗東,20260816,日,7:44,テーオーギフテッド,,牡,2,未登録,,59.6,43.9,28.5,14.4,15.7,15.4,14.1,14.4
栗東,20260816,日,7:48,ワンモアスマイル,,セ,4,900,藤岡健一,58.7,43.9,29.4,14.8,14.8,14.5,14.6,14.8
栗東,20260816,日,7:49,トライアンフパス,,牝,3,900,宮徹,58.6,43.0,27.8,13.7,15.6,15.2,14.1,13.7
栗東,20260816,日,7:55,ローレルアイビー,,牝,3,0,杉山佳明,62.3,45.3,29.2,14.3,17.0,16.1,14.9,14.3
栗東,20260816,日,7:55,スティルラブハー,,牡,2,未出走,杉山佳明,58.3,41.9,27.0,13.0,16.4,14.9,14.0,13.0
栗東,20260816,日,7:58,メイショウアツイタ,,牡,8,400,高橋義忠,57.7,40.9,26.9,13.6,16.8,14.0,13.3,13.6
美浦,20260815,土,4:56,ゾロアストロ,,牡,3,3200,宮田敬介,61.4,44.5,28.5,13.8,16.9,16.0,14.7,13.8
美浦,20260815,土,4:59,マナイアカラニ,,牡,3,0,田中勝春,55.2,40.7,26.9,13.3,14.5,13.8,13.6,13.3
美浦,20260815,土,4:59,ジーナグレイス,,牝,3,0,田中勝春,55.2,40.3,26.6,13.1,14.9,13.7,13.5,13.1
美浦,20260815,土,5:00,リアアーテシアン,,牝,3,0,武井亮,55.3,40.5,26.6,13.2,14.8,13.9,13.4,13.2
美浦,20260815,土,5:00,スペシャルブレンド,,牡,2,未出走,武井亮,55.5,40.7,26.8,13.4,14.8,13.9,13.4,13.4
美浦,20260815,土,5:02,キョウエイフロイデ,,牝,5,1500,中川公成,55.5,40.4,26.4,12.7,15.1,14.0,13.7,12.7
美浦,20260815,土,5:04,ドゥレッツァ,,牡,6,23750,尾関知人,55.5,40.4,26.7,13.1,15.1,13.7,13.6,13.1
美浦,20260815,土,5:04,サクラアドリア,,牡,4,400,尾関知人,56.2,41.1,26.9,13.1,15.1,14.2,13.8,13.1
美浦,20260815,土,5:14,ナグルファル,,セ,4,900,中舘英二,54.0,39.1,24.8,12.2,14.9,14.3,12.6,12.2
美浦,20260815,土,5:21,ニシノランペイジ,,牡,3,0,松山将樹,55.0,39.9,25.8,12.7,15.1,14.1,13.1,12.7
美浦,20260815,土,5:21,ケイツーズウォティ,,牡,2,未出走,深山雅史,59.4,45.0,31.5,17.2,14.4,13.5,14.3,17.2
美浦,20260815,土,6:25,カーマンライン,,セ,5,400,小島茂之,57.3,41.6,27.3,13.6,15.7,14.3,13.7,13.6
美浦,20260815,土,6:27,ワザモノ,,牡,8,900,尾関知人,56.5,41.7,27.1,13.3,14.8,14.6,13.8,13.3
美浦,20260815,土,6:27,ブラッククラウズ,,牡,3,0,尾関知人,55.1,40.1,26.4,13.0,15.0,13.7,13.4,13.0
美浦,20260815,土,6:27,ラッキーモア,,牡,3,0,尾関知人,55.3,40.1,26.4,13.0,15.2,13.7,13.4,13.0
美浦,20260815,土,6:28,ハヌル,,牝,5,400,岩戸孝樹,55.8,40.5,25.7,12.3,15.3,14.8,13.4,12.3
美浦,20260815,土,6:28,ラベンダーヘイズ,,牡,3,400,岩戸孝樹,55.4,40.1,25.4,12.3,15.3,14.7,13.1,12.3
美浦,20260815,土,7:26,ダーリングハースト,,牝,3,400,宮田敬介,60.4,43.6,27.8,13.3,16.8,15.8,14.5,13.3
美浦,20260815,土,7:29,ニシノケンタマン,,牡,4,900,深山雅史,54.4,40.7,26.6,13.1,13.7,14.1,13.5,13.1
美浦,20260815,土,7:37,ゴールドシーン,,セ,6,400,林徹,55.5,40.5,25.5,12.4,15.0,15.0,13.1,12.4
栗東,20260815,土,4:00,プッシュオン,,牡,6,1500,西村真幸,63.5,45.4,29.1,14.3,18.1,16.3,14.8,14.3
栗東,20260815,土,4:00,アステルディーヴァ,,牝,3,0,西村真幸,67.8,47.9,30.3,14.3,19.9,17.6,16.0,14.3
栗東,20260815,土,4:01,レディマリオン,,牝,5,2400,長谷川浩,57.1,41.7,26.8,13.2,15.4,14.9,13.6,13.2
栗東,20260815,土,4:01,メイショウサトノヒ,,牡,4,400,長谷川浩,57.3,41.8,26.7,13.2,15.5,15.1,13.5,13.2
栗東,20260815,土,4:01,クラックショット,,牡,3,400,清水久詞,56.3,40.9,26.9,13.9,15.4,14.0,13.0,13.9
栗東,20260815,土,4:01,デザートキャンドル,,牝,2,未出走,長谷川浩,57.5,41.8,26.6,13.0,15.7,15.2,13.6,13.0
栗東,20260815,土,4:02,ルクスビッグスター,,牡,6,1500,清水久詞,52.4,37.2,24.0,12.1,15.2,13.2,11.9,12.1
栗東,20260815,土,4:02,オックスアイ,,牡,3,900,清水久詞,52.3,37.9,24.6,12.1,14.4,13.3,12.5,12.1
栗東,20260815,土,4:04,タイセイブロウ,,牡,5,400,平田修,53.8,38.8,25.5,12.9,15.0,13.3,12.6,12.9
栗東,20260815,土,4:05,サンライズハリー,,牡,3,0,平田修,55.4,40.5,26.3,13.2,14.9,14.2,13.1,13.2
栗東,20260815,土,4:09,ブルーストレイル,,牡,5,480,荒川義之,61.5,44.6,30.3,15.6,16.9,14.3,14.7,15.6
栗東,20260815,土,4:09,スコーピオンイメル,,牡,4,400,武英智,53.1,38.1,25.0,12.8,15.0,13.1,12.2,12.8
栗東,20260815,土,4:09,ドラゴンウェルズ,,牡,4,5100,藤原英昭,62.3,46.3,31.8,16.4,16.0,14.5,15.4,16.4
栗東,20260815,土,4:09,アメジストブリエ,,牝,3,0,武英智,52.0,38.1,25.0,13.0,13.9,13.1,12.0,13.0
栗東,20260815,土,4:09,クラリノ,,牝,3,0,武英智,52.5,38.2,25.0,12.9,14.3,13.2,12.1,12.9
栗東,20260815,土,4:09,ラヴィニール,,牝,3,400,武英智,52.6,37.7,24.6,12.7,14.9,13.1,11.9,12.7
栗東,20260815,土,4:11,キタノサワヤカ,,牡,4,400,吉田直弘,53.8,39.3,25.9,13.5,14.5,13.4,12.4,13.5
栗東,20260815,土,4:14,ガロピーネ,,牝,3,0,笹田和秀,57.5,42.9,28.7,14.7,14.6,14.2,14.0,14.7
栗東,20260815,土,4:15,ペイシャマイデイズ,,牡,3,0,吉田直弘,53.5,40.1,26.5,13.2,13.4,13.6,13.3,13.2
栗東,20260815,土,4:22,ダンツシタン,,牡,3,1500,本田優,0.0,0.0,26.4,13.1,0.0,0.0,13.3,13.1
栗東,20260815,土,4:29,ヨリノレジェンド,,牡,4,1500,奥村豊,65.1,46.9,29.9,14.4,18.2,17.0,15.5,14.4
栗東,20260815,土,4:33,ロングトールサリー,,牝,3,400,福永祐一,60.8,43.9,29.4,15.1,16.9,14.5,14.3,15.1
栗東,20260815,土,4:33,アビラーシャ,,牡,3,400,武幸四郎,54.2,39.6,26.3,13.1,14.6,13.3,13.2,13.1
栗東,20260815,土,4:34,ホワイトフレイムス,,牡,3,0,吉岡辰弥,51.8,37.5,24.5,12.6,14.3,13.0,11.9,12.6
栗東,20260815,土,4:34,ナルキッソス,,牡,3,900,吉岡辰弥,50.9,36.9,24.2,12.4,14.0,12.7,11.8,12.4
栗東,20260815,土,4:35,エンネ,,牝,3,1450,吉岡辰弥,55.5,41.3,27.4,13.4,14.2,13.9,14.0,13.4
栗東,20260815,土,4:35,スレイクイーン,,牝,3,0,吉岡辰弥,64.6,47.7,30.0,14.1,16.9,17.7,15.9,14.1
栗東,20260815,土,4:35,アリアニコ,,牝,2,未出走,吉岡辰弥,56.1,41.5,27.5,13.4,14.6,14.0,14.1,13.4
栗東,20260815,土,4:52,サーディンラン,,牡,3,900,武英智,52.4,37.9,24.6,12.3,14.5,13.3,12.3,12.3
栗東,20260815,土,4:52,トップチェッカー,,牡,2,400,武英智,53.3,38.4,24.8,12.3,14.9,13.6,12.5,12.3
栗東,20260815,土,4:55,ドリーペイル,,牡,2,0,佐藤悠太,64.8,45.8,28.6,13.9,19.0,17.2,14.7,13.9
栗東,20260815,土,5:01,キングメーカー,,牡,4,1500,須貝尚介,60.9,43.2,28.6,14.1,17.7,14.6,14.5,14.1
栗東,20260815,土,5:01,ホウオウタイタン,,牝,4,900,須貝尚介,64.3,46.4,29.5,14.5,17.9,16.9,15.0,14.5
栗東,20260815,土,5:18,ルクスノア,,牝,5,400,平田修,52.4,37.5,25.1,13.2,14.9,12.4,11.9,13.2
栗東,20260815,土,5:47,ミッキーギャラン,,牡,3,未登録,,57.7,42.6,27.4,13.5,15.1,15.2,13.9,13.5
栗東,20260815,土,5:56,コルドンブルー,,牝,4,900,松永幹夫,61.7,45.2,29.6,14.5,16.5,15.6,15.1,14.5
栗東,20260815,土,5:56,ミッキーマーメイド,,牝,3,400,福永祐一,61.0,44.7,29.4,14.4,16.3,15.3,15.0,14.4
栗東,20260815,土,5:56,トゥスコラーナ,,牝,3,0,松永幹夫,64.0,45.6,28.8,14.1,18.4,16.8,14.7,14.1
栗東,20260815,土,6:25,セミマル,,牡,6,1500,西村真幸,63.1,45.3,28.9,14.1,17.8,16.4,14.8,14.1
栗東,20260815,土,6:25,ラッキーバック,,牡,3,400,西村真幸,62.3,45.3,28.9,14.2,17.0,16.4,14.7,14.2
栗東,20260815,土,6:36,アメリカンビーチ,,牡,4,400,四位洋文,65.0,46.9,30.1,14.4,18.1,16.8,15.7,14.4
栗東,20260815,土,6:37,ジェットマグナム,,牡,4,1600,安達昭夫,53.2,38.0,24.7,12.6,15.2,13.3,12.1,12.6
栗東,20260815,土,6:53,ペイシャケイプ,,牡,4,2400,高橋康之,57.0,40.9,26.6,13.1,16.1,14.3,13.5,13.1
栗東,20260815,土,7:13,サンタンジェロ,,牝,2,400,須貝尚介,61.1,44.3,28.4,13.9,16.8,15.9,14.5,13.9
栗東,20260815,土,7:33,ノクスカンパーナ,,牝,3,0,吉岡辰弥,52.6,38.7,25.5,12.7,13.9,13.2,12.8,12.7
栗東,20260815,土,7:33,ロードメガロポリス,,牡,2,未出走,吉岡辰弥,53.0,39.2,25.9,13.2,13.8,13.3,12.7,13.2
栗東,20260815,土,7:34,カズミクラーシュ,,牡,5,2400,吉岡辰弥,64.4,46.3,29.7,14.4,18.1,16.6,15.3,14.4
栗東,20260815,土,7:34,メモリアデルレ,,牡,2,0,吉岡辰弥,63.7,46.9,29.5,14.1,16.8,17.4,15.4,14.1
