美浦,20260822,土,4:56,ホノボノ,,牡,3,400,尾形和幸,68.1,50.1,32.9,16.8,18.0,17.2,16.1,16.8
美浦,20260822,土,4:57,ボーンディスウェイ,,牡,7,3800,牧光二,63.3,45.4,30.4,15.6,17.9,15.0,14.8,15.6
美浦,20260822,土,4:57,チェルヴィニア,,牝,5,15800,木村哲也,72.2,53.1,34.9,17.5,19.1,18.2,17.4,17.5
美浦,20260822,土,4:57,ブルバンビーナ,,牝,4,400,尾形和幸,64.6,47.7,32.1,15.9,16.9,15.6,16.2,15.9
美浦,20260822,土,4:57,サノノグレーター,,牡,3,2950,尾形和幸,65.8,48.6,32.0,15.9,17.2,16.6,16.1,15.9
美浦,20260822,土,4:57,ランブルスコ,,牡,3,400,蛯名正義,67.9,49.6,32.5,15.8,18.3,17.1,16.7,15.8
美浦,20260822,土,4:57,アオイノリプー,,牡,2,0,尾形和幸,67.1,49.6,32.9,16.5,17.5,16.7,16.4,16.5
美浦,20260822,土,4:57,ライヴテキーラ,,牝,2,未出走,牧光二,63.4,45.2,30.1,15.6,18.2,15.1,14.5,15.6
美浦,20260822,土,4:57,ミスターケイ,,牡,2,未出走,蛯名正義,69.0,50.9,33.6,16.7,18.1,17.3,16.9,16.7
美浦,20260822,土,4:57,アッパレヤ,,牡,2,未登録,,68.1,50.3,33.3,16.5,17.8,17.0,16.8,16.5
美浦,20260822,土,4:57,イントリー,,牝,2,未出走,尾形和幸,65.5,47.2,30.8,15.6,18.3,16.4,15.2,15.6
美浦,20260822,土,4:57,サードアイ,,牡,2,未出走,蛯名正義,68.8,50.5,33.7,17.4,18.3,16.8,16.3,17.4
美浦,20260822,土,4:58,クラウンセト,,牡,7,160,本間忍,76.1,54.7,35.0,17.4,21.4,19.7,17.6,17.4
美浦,20260822,土,4:58,シュハリ,,牡,6,0,粕谷昌央,65.4,47.9,31.3,15.7,17.5,16.6,15.6,15.7
美浦,20260822,土,4:58,キングクレオール,,牡,5,400,和田雄二,65.5,47.0,30.7,15.6,18.5,16.3,15.1,15.6
美浦,20260822,土,4:58,ピコニ,,牡,5,920,牧光二,65.5,48.5,32.5,17.0,17.0,16.0,15.5,17.0
美浦,20260822,土,4:58,マイネルアレス,,牡,4,900,相沢郁,70.2,51.4,34.1,17.9,18.8,17.3,16.2,17.9
美浦,20260822,土,4:58,ステキサプライズ,,牡,3,0,粕谷昌央,65.2,47.8,31.0,15.5,17.4,16.8,15.5,15.5
美浦,20260822,土,4:58,ウィズアツインクル,,牡,3,0,牧光二,68.1,50.7,33.9,17.1,17.4,16.8,16.8,17.1
美浦,20260822,土,4:58,グローリアスダンス,,牝,3,0,粕谷昌央,65.0,47.7,30.8,15.6,17.3,16.9,15.2,15.6
美浦,20260822,土,4:58,マイネルゼーロス,,牡,3,0,相沢郁,73.6,54.3,36.1,18.2,19.3,18.2,17.9,18.2
美浦,20260822,土,4:58,ルクリーシア,,牝,3,0,黒岩陽一,64.7,46.3,30.0,14.8,18.4,16.3,15.2,14.8
美浦,20260822,土,4:58,フロックコート,,牡,2,未登録,,67.3,50.1,33.4,17.0,17.2,16.7,16.4,17.0
美浦,20260822,土,4:58,コパノキラキラ,,牡,2,未出走,上原博之,66.3,49.1,32.9,16.8,17.2,16.2,16.1,16.8
美浦,20260822,土,4:58,サスケソルトバーン,,牡,2,0,和田雄二,69.2,51.7,34.8,17.7,17.5,16.9,17.1,17.7
美浦,20260822,土,4:58,ソラティオ,,牝,2,0,粕谷昌央,64.8,47.3,30.5,15.4,17.5,16.8,15.1,15.4
美浦,20260822,土,4:58,コウサイリクリ,,牝,2,0,粕谷昌央,68.9,50.2,33.6,17.4,18.7,16.6,16.2,17.4
美浦,20260822,土,4:58,ミラベルプラム,,牝,2,未出走,黒岩陽一,64.4,46.2,30.0,14.8,18.2,16.2,15.2,14.8
美浦,20260822,土,4:58,ティアラスピリット,,牝,2,0,上原博之,69.5,49.9,32.0,16.0,19.6,17.9,16.0,16.0
美浦,20260822,土,4:59,ジャクソン,,牡,6,400,武市康男,69.8,50.6,32.9,16.4,19.2,17.7,16.5,16.4
美浦,20260822,土,4:59,ヴァズレーヌ,,牝,5,900,嘉藤貴行,65.5,48.0,31.6,15.3,17.5,16.4,16.3,15.3
美浦,20260822,土,4:59,ポッドロワール,,牡,4,1500,畠山吉宏,68.8,50.3,32.5,16.2,18.5,17.8,16.3,16.2
美浦,20260822,土,4:59,ヴァルク,,牡,3,0,武市康男,69.3,50.8,32.9,16.3,18.5,17.9,16.6,16.3
美浦,20260822,土,4:59,ノリキング,,牡,3,0,伊藤大士,63.6,47.2,30.9,15.1,16.4,16.3,15.8,15.1
美浦,20260822,土,4:59,サムシングスイート,,牝,3,900,伊藤大士,63.9,47.1,31.0,15.7,16.8,16.1,15.3,15.7
美浦,20260822,土,4:59,ザンテソーロ,,牡,3,0,畠山吉宏,67.4,49.0,31.8,15.8,18.4,17.2,16.0,15.8
美浦,20260822,土,4:59,ヴァルカンテソーロ,,牡,3,400,嘉藤貴行,64.3,46.6,30.0,14.9,17.7,16.6,15.1,14.9
美浦,20260822,土,4:59,ペタルズダンス,,牝,3,0,嘉藤貴行,66.0,48.3,31.9,16.1,17.7,16.4,15.8,16.1
美浦,20260822,土,4:59,ギムナシオン,,牡,2,未出走,嘉藤貴行,65.7,48.0,31.5,15.3,17.7,16.5,16.2,15.3
美浦,20260822,土,4:59,ギガントシュラーク,,牡,2,未出走,萱野浩二,72.3,52.9,35.5,17.7,19.4,17.4,17.8,17.7
美浦,20260822,土,4:59,アーバーバイティ,,牡,2,未出走,武市康男,68.7,50.3,33.8,17.1,18.4,16.5,16.7,17.1
美浦,20260822,土,4:59,グランレーヴ,,牡,2,未出走,武市康男,67.8,50.1,33.5,16.7,17.7,16.6,16.8,16.7
美浦,20260822,土,4:59,トパーズプレミア,,牡,2,未登録,,63.9,47.1,31.5,16.1,16.8,15.6,15.4,16.1
美浦,20260822,土,4:59,ビシット,,牝,2,未出走,石栗龍彦,70.7,52.0,34.2,16.7,18.7,17.8,17.5,16.7
美浦,20260822,土,4:59,シリアルトウショウ,,牝,2,未出走,萱野浩二,71.5,52.5,35.0,17.7,19.0,17.5,17.3,17.7
美浦,20260822,土,4:59,ハンデンブレイズ,,牡,2,0,伊藤大士,64.0,47.5,31.7,16.1,16.5,15.8,15.6,16.1
美浦,20260822,土,4:59,カンタベリートップ,,牝,2,未出走,石栗龍彦,70.6,51.7,34.2,16.9,18.9,17.5,17.3,16.9
美浦,20260822,土,5:00,キョウエイフロイデ,,牝,5,1500,中川公成,64.5,47.0,31.1,15.6,17.5,15.9,15.5,15.6
美浦,20260822,土,5:00,レヴィテーション,,牝,5,900,中川公成,64.3,46.9,30.9,15.5,17.4,16.0,15.4,15.5
美浦,20260822,土,5:00,スイートオレンジ,,牝,4,900,中川公成,65.5,48.1,31.7,15.7,17.4,16.4,16.0,15.7
美浦,20260822,土,5:00,ショウナンタハティ,,牡,4,200,中舘英二,67.1,49.6,33.3,16.3,17.5,16.3,17.0,16.3
美浦,20260822,土,5:00,トレインザマインド,,セ,4,900,中舘英二,67.2,49.8,33.4,16.2,17.4,16.4,17.2,16.2
美浦,20260822,土,5:00,キャトルエピス,,牝,4,400,栗田徹,65.1,48.3,32.3,16.3,16.8,16.0,16.0,16.3
美浦,20260822,土,5:00,キコリータ,,牝,3,0,田中勝春,64.1,48.3,32.9,16.5,15.8,15.4,16.4,16.5
美浦,20260822,土,5:00,フクチャンショウ,,牡,3,1150,加藤征弘,70.8,51.7,34.4,17.4,19.1,17.3,17.0,17.4
美浦,20260822,土,5:00,オウケンサクラコ,,牝,3,0,田中勝春,56.4,40.7,26.9,13.3,15.7,13.8,13.6,13.3
美浦,20260822,土,5:00,ソナタムーンライト,,牡,3,0,堀内岳志,71.1,51.7,33.1,16.0,19.4,18.6,17.1,16.0
美浦,20260822,土,5:00,ウインテラジーナ,,牝,3,0,栗田徹,65.8,48.1,32.1,15.8,17.7,16.0,16.3,15.8
美浦,20260822,土,5:00,ホットゥトロット,,牡,3,400,堀内岳志,70.1,50.4,32.2,15.7,19.7,18.2,16.5,15.7
美浦,20260822,土,5:00,ビービーアジャイル,,牡,3,900,中舘英二,67.3,50.0,33.2,16.0,17.3,16.8,17.2,16.0
美浦,20260822,土,5:00,レッドマウロア,,牡,2,未出走,加藤征弘,66.3,48.8,32.1,15.9,17.5,16.7,16.2,15.9
美浦,20260822,土,5:00,テイクユアタイム,,牡,2,未出走,中川公成,66.3,49.2,32.3,16.2,17.1,16.9,16.1,16.2
美浦,20260822,土,5:00,ルバルマン,,牡,2,未出走,堀内岳志,71.9,52.0,33.1,16.1,19.9,18.9,17.0,16.1
美浦,20260822,土,5:01,カツノテンス,,牡,6,160,伊藤伸一,70.6,52.8,34.8,17.4,17.8,18.0,17.4,17.4
美浦,20260822,土,5:01,アイファージェット,,牡,4,150,的場均,72.6,53.9,36.1,18.8,18.7,17.8,17.3,18.8
美浦,20260822,土,5:01,カシノリアーナ,,牝,3,400,天間昭一,68.5,50.7,33.3,16.6,17.8,17.4,16.7,16.6
美浦,20260822,土,5:01,マジギレカレン,,牝,3,0,的場均,70.2,50.5,32.1,16.0,19.7,18.4,16.1,16.0
美浦,20260822,土,5:01,コーディアリー,,牡,3,400,天間昭一,67.4,49.5,32.6,16.3,17.9,16.9,16.3,16.3
美浦,20260822,土,5:01,ラージアンサンブル,,牡,3,1600,武井亮,64.7,47.5,31.6,15.8,17.2,15.9,15.8,15.8
美浦,20260822,土,5:01,マイネルアルゴー,,牡,3,0,清水英克,70.5,51.1,33.9,17.2,19.4,17.2,16.7,17.2
美浦,20260822,土,5:01,アイファーティアラ,,牝,2,未出走,的場均,66.5,48.5,32.1,15.9,18.0,16.4,16.2,15.9
美浦,20260822,土,5:01,ラインディアーナ,,牝,2,未出走,武藤善則,67.8,49.1,31.8,15.6,18.7,17.3,16.2,15.6
美浦,20260822,土,5:01,ブロンクス,,牡,2,0,武井亮,64.6,47.5,31.7,16.0,17.1,15.8,15.7,16.0
美浦,20260822,土,5:01,ニシノハナカケル,,牝,2,未登録,,68.9,49.8,32.5,15.9,19.1,17.3,16.6,15.9
美浦,20260822,土,5:01,マイネルヘルリッヒ,,牡,2,未出走,清水英克,72.6,53.6,36.1,18.7,19.0,17.5,17.4,18.7
美浦,20260822,土,5:01,キンバリー,,牡,2,0,伊藤伸一,71.6,52.9,35.1,17.8,18.7,17.8,17.3,17.8
美浦,20260822,土,5:01,モチロンコクラ,,牝,2,未出走,伊藤伸一,70.3,52.2,34.3,17.1,18.1,17.9,17.2,17.1
美浦,20260822,土,5:01,リオンパリス,,牡,2,未出走,清水英克,74.8,55.7,37.2,19.0,19.1,18.5,18.2,19.0
美浦,20260822,土,5:01,セイルクルーズ,,牝,2,未出走,武藤善則,73.8,54.6,35.9,18.1,19.2,18.7,17.8,18.1
美浦,20260822,土,5:02,スペルキャスター,,牝,6,730,蛯名利弘,76.7,55.6,35.5,17.7,21.1,20.1,17.8,17.7
美浦,20260822,土,5:02,マナマカナ,,牝,5,460,天間昭一,67.5,49.7,32.6,16.4,17.8,17.1,16.2,16.4
美浦,20260822,土,5:02,ベルブリエ,,牝,5,900,尾関知人,78.2,55.6,36.1,17.3,22.6,19.5,18.8,17.3
美浦,20260822,土,5:02,リードプリンシパル,,牝,4,900,天間昭一,72.0,53.1,35.0,17.7,18.9,18.1,17.3,17.7
美浦,20260822,土,5:02,ルールオーヴァー,,牡,3,0,尾関知人,53.5,38.3,24.9,12.4,15.2,13.4,12.5,12.4
美浦,20260822,土,5:02,ムーングレイル,,セ,3,0,森一誠,55.0,41.1,27.1,13.1,13.9,14.0,14.0,13.1
美浦,20260822,土,5:02,ナイスプレーアスク,,牝,3,900,中舘英二,70.9,51.7,33.8,16.7,19.2,17.9,17.1,16.7
美浦,20260822,土,5:02,ゴディアーモ,,牝,3,400,森一誠,64.2,46.8,29.9,14.0,17.4,16.9,15.9,14.0
美浦,20260822,土,5:02,テルケンレンジシ,,牡,2,未出走,勢司和浩,71.6,53.3,34.5,17.5,18.3,18.8,17.0,17.5
美浦,20260822,土,5:02,マイネルウルカヌス,,牡,2,未出走,畠山吉宏,70.9,51.4,34.1,17.0,19.5,17.3,17.1,17.0
美浦,20260822,土,5:02,アニーリング,,牝,2,未出走,尾関知人,72.7,53.4,35.4,17.9,19.3,18.0,17.5,17.9
美浦,20260822,土,5:02,マリノフスキー,,牡,2,未出走,畠山吉宏,71.2,51.7,33.3,16.6,19.5,18.4,16.7,16.6
美浦,20260822,土,5:02,ソウカイウォーリア,,牡,2,0,尾関知人,81.0,57.9,37.9,18.8,23.1,20.0,19.1,18.8
美浦,20260822,土,5:02,ローザヴェローナ,,牝,2,未出走,尾関知人,71.8,52.6,34.4,16.7,19.2,18.2,17.7,16.7
美浦,20260822,土,5:02,ショウナンラプソ,,牡,2,未出走,森一誠,64.5,47.3,30.5,14.5,17.2,16.8,16.0,14.5
美浦,20260822,土,5:03,フームスムート,,牡,9,1500,水野貴広,72.1,53.0,35.1,17.8,19.1,17.9,17.3,17.8
美浦,20260822,土,5:03,サングラデーション,,セ,6,430,千葉直人,66.7,47.7,30.6,14.7,19.0,17.1,15.9,14.7
美浦,20260822,土,5:03,オルトパラティウム,,牡,5,900,金成貴史,63.8,46.9,30.4,15.4,16.9,16.5,15.0,15.4
美浦,20260822,土,5:03,オプレントジュエル,,牝,4,400,中舘英二,70.0,50.8,33.2,16.1,19.2,17.6,17.1,16.1
美浦,20260822,土,5:03,ゼンダンタカ,,牝,4,900,中舘英二,70.5,51.4,33.8,16.7,19.1,17.6,17.1,16.7
美浦,20260822,土,5:03,エフティヴェント,,牡,3,0,金成貴史,67.0,48.6,31.9,15.5,18.4,16.7,16.4,15.5
美浦,20260822,土,5:03,アデルフィー,,牡,3,0,金成貴史,65.8,47.9,31.6,15.6,17.9,16.3,16.0,15.6
美浦,20260822,土,5:03,マイサマーガール,,牝,2,未出走,伊藤伸一,74.4,53.9,35.6,18.1,20.5,18.3,17.5,18.1
美浦,20260822,土,5:03,ソウラスフロス,,牡,2,未出走,金成貴史,66.5,48.5,31.9,15.6,18.0,16.6,16.3,15.6
美浦,20260822,土,5:03,オオルリ,,牝,2,未出走,水野貴広,70.5,51.9,34.2,17.0,18.6,17.7,17.2,17.0
美浦,20260822,土,5:03,スキエンティア,,牡,2,未出走,水野貴広,70.4,52.5,34.6,17.2,17.9,17.9,17.4,17.2
美浦,20260822,土,5:03,ウマッター,,牝,2,未出走,加藤和宏,69.5,51.6,34.5,17.6,17.9,17.1,16.9,17.6
美浦,20260822,土,5:03,コスモデュアリズム,,牡,2,0,伊藤伸一,74.7,54.0,35.9,18.1,20.7,18.1,17.8,18.1
美浦,20260822,土,5:03,エンジャムメント,,牝,2,未出走,中舘英二,73.2,53.9,35.6,17.6,19.3,18.3,18.0,17.6
美浦,20260822,土,5:03,シュートザワークス,,牡,2,0,千葉直人,64.2,46.9,30.4,14.6,17.3,16.5,15.8,14.6
美浦,20260822,土,5:03,リアスハート,,牝,2,未出走,水野貴広,70.5,52.4,35.1,17.8,18.1,17.3,17.3,17.8
美浦,20260822,土,5:04,トモジャシーマ,,セ,6,400,鈴木伸尋,69.0,50.7,33.1,16.4,18.3,17.6,16.7,16.4
美浦,20260822,土,5:04,ショーモッシュ,,セ,4,400,鈴木伸尋,64.2,46.2,29.0,13.6,18.0,17.2,15.4,13.6
美浦,20260822,土,5:04,ポールセン,,牡,4,1900,斎藤誠,65.7,47.3,31.3,15.5,18.4,16.0,15.8,15.5
美浦,20260822,土,5:04,アンプイットアップ,,牡,3,400,岩戸孝樹,67.5,48.6,31.4,15.8,18.9,17.2,15.6,15.8
美浦,20260822,土,5:04,ロックフラワー,,牝,3,0,西田雄一,67.1,49.7,33.0,16.1,17.4,16.7,16.9,16.1
美浦,20260822,土,5:04,ミクロスギガース,,牝,3,0,西田雄一,66.5,48.9,32.2,16.1,17.6,16.7,16.1,16.1
美浦,20260822,土,5:04,ルーナディサングエ,,牡,3,400,天間昭一,68.6,50.0,32.6,16.1,18.6,17.4,16.5,16.1
美浦,20260822,土,5:04,ソードスレイプニル,,牝,3,400,鈴木慎太,70.7,50.9,33.7,16.4,19.8,17.2,17.3,16.4
美浦,20260822,土,5:04,テンハートビート,,牝,3,400,西田雄一,67.4,49.4,32.8,16.3,18.0,16.6,16.5,16.3
美浦,20260822,土,5:04,アジュアカレンツ,,牝,3,0,西田雄一,67.6,49.9,33.2,16.6,17.7,16.7,16.6,16.6
美浦,20260822,土,5:04,バターショコラ,,牝,3,0,戸田博文,67.8,50.1,33.0,16.6,17.7,17.1,16.4,16.6
美浦,20260822,土,5:04,ワインレッドハート,,牝,3,0,戸田博文,65.9,47.8,31.2,14.9,18.1,16.6,16.3,14.9
美浦,20260822,土,5:04,ラベンダーヘイズ,,牡,3,400,岩戸孝樹,67.9,48.9,31.4,15.6,19.0,17.5,15.8,15.6
美浦,20260822,土,5:04,リラベガ,,牝,3,400,岩戸孝樹,66.0,48.1,31.7,15.7,17.9,16.4,16.0,15.7
美浦,20260822,土,5:04,アーティキュレート,,牡,3,0,手塚貴久,65.6,47.9,31.4,15.6,17.7,16.5,15.8,15.6
美浦,20260822,土,5:04,イトウカカリチョウ,,牡,2,未出走,岩戸孝樹,67.7,48.6,31.1,15.4,19.1,17.5,15.7,15.4
美浦,20260822,土,5:04,エコロゴッド,,牡,2,未出走,岩戸孝樹,66.7,48.3,31.2,15.1,18.4,17.1,16.1,15.1
美浦,20260822,土,5:05,メタルスピード,,牡,6,2400,斎藤誠,68.1,50.3,33.0,16.3,17.8,17.3,16.7,16.3
美浦,20260822,土,5:05,ノルドヴェスト,,セ,6,580,秋本大介,67.5,49.1,31.7,15.5,18.4,17.4,16.2,15.5
美浦,20260822,土,5:05,カルマンフィルター,,牡,5,0,戸田博文,80.3,57.8,38.0,18.8,22.5,19.8,19.2,18.8
美浦,20260822,土,5:05,コスモコンフェルマ,,牡,4,900,鈴木慎太,71.0,51.3,33.3,16.4,19.7,18.0,16.9,16.4
美浦,20260822,土,5:05,マイネルアウルム,,牡,4,500,伊藤伸一,81.8,58.6,37.4,18.0,23.2,21.2,19.4,18.0
美浦,20260822,土,5:05,イッテラッシャイ,,牡,3,2100,斎藤誠,67.5,50.1,32.6,16.2,17.4,17.5,16.4,16.2
美浦,20260822,土,5:05,ディエスルージュ,,牝,3,0,秋本大介,66.1,48.3,31.1,15.5,17.8,17.2,15.6,15.5
美浦,20260822,土,5:05,ホウライブラック,,牝,3,0,鈴木慎太,68.2,49.8,32.8,16.2,18.4,17.0,16.6,16.2
美浦,20260822,土,5:05,ヨーゼフ,,牡,3,0,戸田博文,74.0,53.5,34.6,16.8,20.5,18.9,17.8,16.8
美浦,20260822,土,5:05,モーゲンセン,,牡,3,900,斎藤誠,68.0,50.0,33.2,16.3,18.0,16.8,16.9,16.3
美浦,20260822,土,5:05,ゼーゲルン,,牡,2,未登録,,68.4,49.9,32.6,15.9,18.5,17.3,16.7,15.9
美浦,20260822,土,5:05,ハナビ,,牝,2,未出走,斎藤誠,67.9,50.4,33.2,16.7,17.5,17.2,16.5,16.7
美浦,20260822,土,5:06,サリーアン,,牡,3,0,鈴木伸尋,70.3,51.1,33.3,16.4,19.2,17.8,16.9,16.4
美浦,20260822,土,5:06,ファインサマーデイ,,牡,3,400,高柳瑞樹,68.0,49.5,32.3,15.8,18.5,17.2,16.5,15.8
美浦,20260822,土,5:06,ヴェネチアンキング,,牡,3,400,伊藤圭三,68.2,49.7,32.8,16.2,18.5,16.9,16.6,16.2
美浦,20260822,土,5:06,カセノソレイユ,,牡,3,0,鈴木伸尋,70.3,51.4,33.6,16.8,18.9,17.8,16.8,16.8
美浦,20260822,土,5:06,アリアス,,牝,3,0,高柳瑞樹,67.1,49.0,31.5,15.4,18.1,17.5,16.1,15.4
美浦,20260822,土,5:06,ノーウェアマン,,牡,3,400,浅利英明,64.3,47.5,31.4,15.3,16.8,16.1,16.1,15.3
美浦,20260822,土,5:06,ゾネブルーム,,牡,3,0,矢嶋大樹,77.3,56.7,37.1,18.2,20.6,19.6,18.9,18.2
美浦,20260822,土,5:06,プリズンブレイク,,牝,2,未登録,,68.0,49.3,32.5,16.3,18.7,16.8,16.2,16.3
美浦,20260822,土,5:06,セレネリオン,,牝,2,未出走,浅利英明,69.2,51.6,34.2,17.6,17.6,17.4,16.6,17.6
美浦,20260822,土,5:06,フェザリー,,牝,2,未登録,,77.0,55.7,36.2,17.7,21.3,19.5,18.5,17.7
美浦,20260822,土,5:06,クリアマインド,,牝,2,未出走,高柳瑞樹,68.0,49.3,31.9,15.9,18.7,17.4,16.0,15.9
美浦,20260822,土,5:06,シウンハゴロモ,,牝,2,未出走,浅利英明,68.9,51.4,34.0,17.1,17.5,17.4,16.9,17.1
美浦,20260822,土,5:06,オーディンスピア,,牡,2,未出走,高柳瑞樹,67.4,48.9,32.3,16.1,18.5,16.6,16.2,16.1
美浦,20260822,土,5:06,アンミサブル,,牡,2,未登録,,69.0,51.5,34.0,17.1,17.5,17.5,16.9,17.1
美浦,20260822,土,5:07,コスモマルーン,,牝,6,860,秋本大介,65.4,48.0,32.3,16.3,17.4,15.7,16.0,16.3
美浦,20260822,土,5:07,ナイトスラッガー,,牡,5,900,小手川準,66.7,48.4,31.6,15.6,18.3,16.8,16.0,15.6
美浦,20260822,土,5:07,コパノエビータ,,牝,5,900,手塚貴久,69.9,50.8,33.8,16.9,19.1,17.0,16.9,16.9
美浦,20260822,土,5:07,ロサンゼルス,,牡,5,1500,伊藤圭三,70.6,50.9,32.9,16.3,19.7,18.0,16.6,16.3
美浦,20260822,土,5:07,ロードリベラシオン,,牡,4,900,尾形和幸,69.8,51.0,33.5,16.9,18.8,17.5,16.6,16.9
美浦,20260822,土,5:07,ブラウンラチェット,,牝,4,2000,手塚貴久,71.8,51.5,33.0,16.5,20.3,18.5,16.5,16.5
美浦,20260822,土,5:07,フィーリウス,,牡,4,2400,手塚貴久,69.0,50.2,32.9,16.2,18.8,17.3,16.7,16.2
美浦,20260822,土,5:07,ピュアクローム,,牡,3,0,小手川準,66.9,48.7,31.4,15.8,18.2,17.3,15.6,15.8
美浦,20260822,土,5:07,カフェプラウド,,牡,3,0,柄崎将寿,66.6,48.5,31.8,15.9,18.1,16.7,15.9,15.9
美浦,20260822,土,5:07,ローレルエース,,牡,3,0,松永康利,65.2,46.9,30.1,14.8,18.3,16.8,15.3,14.8
美浦,20260822,土,5:07,ダイユウルミナス,,牝,3,0,松永康利,67.7,49.3,32.4,15.9,18.4,16.9,16.5,15.9
美浦,20260822,土,5:07,ジェミニディウ,,牝,2,未出走,伊藤圭三,71.0,51.9,34.0,16.6,19.1,17.9,17.4,16.6
美浦,20260822,土,5:07,チョトツモウシン,,牡,2,未出走,小手川準,66.2,48.3,31.3,15.7,17.9,17.0,15.6,15.7
美浦,20260822,土,5:07,サクシードシチー,,牡,2,未出走,伊藤圭三,75.1,53.4,34.7,17.2,21.7,18.7,17.5,17.2
美浦,20260822,土,5:08,ビップスコーピオン,,牡,6,1500,田島俊明,74.3,54.8,36.1,17.9,19.5,18.7,18.2,17.9
美浦,20260822,土,5:08,ノーブルライナー,,牡,4,200,中川公成,75.0,55.5,37.2,19.0,19.5,18.3,18.2,19.0
美浦,20260822,土,5:08,ルシャルムール,,セ,4,400,古賀大生,64.6,47.1,30.6,14.8,17.5,16.5,15.8,14.8
美浦,20260822,土,5:08,ビップムーラン,,牝,3,900,田島俊明,73.3,53.1,34.4,17.0,20.2,18.7,17.4,17.0
美浦,20260822,土,5:08,ペプチドドリーム,,牡,3,400,松尾卓哉,66.3,47.7,31.3,14.9,18.6,16.4,16.4,14.9
美浦,20260822,土,5:08,アクロスメモリア,,牝,3,0,田島俊明,72.1,53.0,35.5,17.7,19.1,17.5,17.8,17.7
美浦,20260822,土,5:08,エリプティクカーブ,,牡,3,900,古賀大生,65.0,48.0,31.8,15.8,17.0,16.2,16.0,15.8
美浦,20260822,土,5:08,ゼンノスタニング,,牡,3,0,小手川準,66.9,48.7,31.7,15.8,18.2,17.0,15.9,15.8
美浦,20260822,土,5:08,スリーコーズ,,牡,3,400,伊藤圭三,68.8,50.3,32.8,15.5,18.5,17.5,17.3,15.5
美浦,20260822,土,5:08,マイネルオランチア,,牡,3,0,小手川準,64.6,47.6,31.2,15.1,17.0,16.4,16.1,15.1
美浦,20260822,土,5:09,トレベルオール,,牡,5,440,辻哲英,69.7,50.0,32.1,15.8,19.7,17.9,16.3,15.8
美浦,20260822,土,5:09,ネオアンボウ,,牡,3,0,松尾卓哉,67.6,48.7,31.8,16.0,18.9,16.9,15.8,16.0
美浦,20260822,土,5:09,ネオロマーネ,,牡,2,未出走,松尾卓哉,70.3,51.0,33.2,16.1,19.3,17.8,17.1,16.1
美浦,20260822,土,5:10,タイセイフェリーク,,牝,6,1500,青木孝文,67.0,48.2,31.3,15.5,18.8,16.9,15.8,15.5
美浦,20260822,土,5:10,ニシノヴィヴィ,,牝,5,400,矢野英一,67.9,46.3,29.6,15.2,21.6,16.7,14.4,15.2
美浦,20260822,土,5:10,ニシノトマラナイ,,セ,3,0,矢野英一,65.3,47.3,30.9,15.8,18.0,16.4,15.1,15.8
美浦,20260822,土,5:10,ウルウノマーズ,,牝,2,未出走,青木孝文,67.8,49.0,32.1,16.0,18.8,16.9,16.1,16.0
美浦,20260822,土,5:10,プリマラクーン,,牝,2,未登録,,63.8,47.4,30.8,15.3,16.4,16.6,15.5,15.3
美浦,20260822,土,5:11,クロドラバール,,セ,5,900,奥村武,67.4,50.0,33.3,16.8,17.4,16.7,16.5,16.8
美浦,20260822,土,5:11,カラマティアノス,,牡,4,5200,奥村武,66.6,49.4,33.0,16.5,17.2,16.4,16.5,16.5
美浦,20260822,土,5:11,ルージュアストレア,,牝,3,0,栗田徹,53.6,38.8,24.9,12.3,14.8,13.9,12.6,12.3
美浦,20260822,土,5:11,サルサブラヴァ,,牡,3,0,奥村武,68.3,50.7,34.5,17.6,17.6,16.2,16.9,17.6
美浦,20260822,土,5:11,ガルディーノ,,牡,3,400,新開幸一,69.8,51.8,34.4,17.1,18.0,17.4,17.3,17.1
美浦,20260822,土,5:11,チャリングクロス,,牡,3,1500,奥村武,68.7,49.6,32.5,15.9,19.1,17.1,16.6,15.9
美浦,20260822,土,5:11,プルヴィナル,,牝,2,未出走,栗田徹,54.3,40.0,25.8,13.1,14.3,14.2,12.7,13.1
美浦,20260822,土,5:12,ヴァルツァーシャル,,牡,7,6300,高木登,71.0,52.4,34.6,17.2,18.6,17.8,17.4,17.2
美浦,20260822,土,5:12,サトノアルペジオ,,セ,6,870,大和田成,66.8,48.3,31.7,15.6,18.5,16.6,16.1,15.6
美浦,20260822,土,5:12,タイキオーベロン,,牡,4,400,高木登,71.0,52.0,34.3,17.1,19.0,17.7,17.2,17.1
美浦,20260822,土,5:12,ニシノブレイゼスト,,牡,4,900,高木登,70.8,52.1,34.1,17.0,18.7,18.0,17.1,17.0
美浦,20260822,土,5:12,モーニングダリア,,牝,3,0,高橋文雅,69.0,50.1,32.2,15.8,18.9,17.9,16.4,15.8
美浦,20260822,土,5:12,アグネスブリッツ,,牝,3,0,和田勇介,67.4,49.4,32.6,15.8,18.0,16.8,16.8,15.8
美浦,20260822,土,5:12,ブリックアブラック,,牡,3,0,高木登,70.1,51.7,34.3,17.2,18.4,17.4,17.1,17.2
美浦,20260822,土,5:12,リゼクールグレー,,牡,3,0,高橋文雅,66.3,48.8,32.1,15.8,17.5,16.7,16.3,15.8
美浦,20260822,土,5:12,セルリア,,牝,3,0,大和田成,67.2,48.5,31.3,15.3,18.7,17.2,16.0,15.3
美浦,20260822,土,5:12,ベルゼビュート,,牡,3,400,高木登,71.7,52.4,34.3,17.1,19.3,18.1,17.2,17.1
美浦,20260822,土,5:12,アイアンマン,,牡,2,未出走,大和田成,67.6,48.8,31.8,15.4,18.8,17.0,16.4,15.4
美浦,20260822,土,5:12,ケルンミッチー,,牡,2,未出走,大和田成,66.9,48.4,31.4,15.6,18.5,17.0,15.8,15.6
美浦,20260822,土,5:12,エクスマキナ,,牝,2,0,手塚貴徳,71.0,52.7,35.0,17.9,18.3,17.7,17.1,17.9
美浦,20260822,土,5:12,ｶﾗｰｽﾞｵﾌﾞﾗｳﾞの24,,牡,2,未登録,,68.0,49.5,32.7,16.0,18.5,16.8,16.7,16.0
美浦,20260822,土,5:12,プレママドンナ,,牝,2,0,手塚貴徳,68.1,49.4,32.9,16.1,18.7,16.5,16.8,16.1
美浦,20260822,土,5:12,スローブギ,,牡,2,未出走,和田勇介,68.1,50.0,33.3,16.3,18.1,16.7,17.0,16.3
美浦,20260822,土,5:12,ペルフェクト,,牡,2,未登録,,68.5,50.1,33.1,16.2,18.4,17.0,16.9,16.2
美浦,20260822,土,5:12,クラリカーン,,牡,2,未出走,高橋文雅,68.1,49.9,33.0,16.2,18.2,16.9,16.8,16.2
美浦,20260822,土,5:13,フタイテンロック,,牡,7,2240,佐藤吉勝,66.1,48.4,31.5,15.4,17.7,16.9,16.1,15.4
美浦,20260822,土,5:13,クリノゴッホ,,セ,6,400,新開幸一,68.2,50.3,33.3,16.3,17.9,17.0,17.0,16.3
美浦,20260822,土,5:13,トキメキジニア,,牝,4,400,佐藤吉勝,72.4,53.7,36.0,18.2,18.7,17.7,17.8,18.2
美浦,20260822,土,5:13,コヴェナント,,牝,4,130,佐藤吉勝,69.4,50.9,34.3,17.3,18.5,16.6,17.0,17.3
美浦,20260822,土,5:13,マイネルアレス,,牡,4,900,相沢郁,64.0,47.4,31.0,15.4,16.6,16.4,15.6,15.4
美浦,20260822,土,5:13,タイセイリッター,,牡,2,未出走,新開幸一,68.8,50.8,33.7,16.8,18.0,17.1,16.9,16.8
美浦,20260822,土,5:13,イキデイナセ,,牡,2,未出走,佐藤吉勝,67.4,49.7,32.9,16.5,17.7,16.8,16.4,16.5
美浦,20260822,土,5:13,グラスリズム,,牡,2,未登録,,69.4,51.4,34.0,17.3,18.0,17.4,16.7,17.3
美浦,20260822,土,5:13,アルスラーン,,牡,2,0,佐藤吉勝,71.1,52.1,34.3,17.3,19.0,17.8,17.0,17.3
美浦,20260822,土,5:13,ラポニア,,牝,2,未出走,新開幸一,69.2,51.9,34.4,17.3,17.3,17.5,17.1,17.3
美浦,20260822,土,5:14,オオゾラヒバリ,,牝,5,400,秋本大介,69.3,51.3,33.4,15.8,18.0,17.9,17.6,15.8
美浦,20260822,土,5:14,ブロッケンボウ,,牡,5,1500,松永康利,59.5,43.8,29.2,14.9,15.7,14.6,14.3,14.9
美浦,20260822,土,5:14,ラウンドヒル,,牝,3,0,田島俊明,69.4,51.0,33.2,16.5,18.4,17.8,16.7,16.5
美浦,20260822,土,5:14,マイネルゼーロス,,牡,3,0,相沢郁,64.2,48.1,32.0,15.8,16.1,16.1,16.2,15.8
美浦,20260822,土,5:14,ゾロアストロ,,牡,3,3200,宮田敬介,64.0,46.8,30.6,15.0,17.2,16.2,15.6,15.0
美浦,20260822,土,5:15,ボンヌソワレ,,牝,4,1500,宮田敬介,64.6,47.3,30.9,15.1,17.3,16.4,15.8,15.1
美浦,20260822,土,5:15,シエロブリジャンテ,,牝,2,未登録,,72.5,52.7,34.8,17.0,19.8,17.9,17.8,17.0
美浦,20260822,土,5:15,カントアンジェリコ,,牝,2,未登録,,72.9,53.6,35.5,17.8,19.3,18.1,17.7,17.8
美浦,20260822,土,5:16,マジギレカレン,,牝,3,0,的場均,69.2,50.4,32.8,16.0,18.8,17.6,16.8,16.0
美浦,20260822,土,5:16,ヤマニンリンキング,,牡,3,0,辻哲英,69.7,50.6,32.7,15.6,19.1,17.9,17.1,15.6
美浦,20260822,土,5:17,キボウノホシ,,セ,7,900,奥平雅士,80.4,57.2,36.1,17.2,23.2,21.1,18.9,17.2
美浦,20260822,土,5:17,ファンダム,,牡,4,3650,辻哲英,70.5,50.6,31.9,15.6,19.9,18.7,16.3,15.6
美浦,20260822,土,5:17,ティアップシャイン,,牝,3,0,奥平雅士,70.4,50.6,32.2,15.8,19.8,18.4,16.4,15.8
美浦,20260822,土,5:17,マイネルアルゴー,,牡,3,0,清水英克,75.1,53.2,34.3,16.7,21.9,18.9,17.6,16.7
美浦,20260822,土,5:17,イサチルウィーラフ,,牡,2,未出走,辻哲英,125.0,90.6,59.5,28.7,34.4,31.1,30.8,28.7
美浦,20260822,土,5:18,カフェアローロ,,牝,5,900,古賀慎明,67.7,50.3,32.9,15.9,17.4,17.4,17.0,15.9
美浦,20260822,土,5:18,アルシャンティ,,牝,4,100,室井潔,68.7,50.5,34.0,17.2,18.2,16.5,16.8,17.2
美浦,20260822,土,5:18,オプレントジュエル,,牝,4,400,中舘英二,70.0,51.3,33.6,16.5,18.7,17.7,17.1,16.5
美浦,20260822,土,5:18,コスモキャバリエ,,牡,4,400,室井潔,69.5,50.9,33.6,16.9,18.6,17.3,16.7,16.9
美浦,20260822,土,5:18,ロジザボード,,牝,3,0,古賀慎明,71.1,52.4,34.4,16.9,18.7,18.0,17.5,16.9
美浦,20260822,土,5:18,ナイスプレーアスク,,牝,3,900,中舘英二,70.2,51.1,33.0,16.1,19.1,18.1,16.9,16.1
美浦,20260822,土,5:18,シュガーシャック,,牡,3,0,古賀慎明,68.2,50.3,33.1,15.9,17.9,17.2,17.2,15.9
美浦,20260822,土,5:18,シーラーステート,,牡,2,未出走,室井潔,67.6,49.6,32.4,16.0,18.0,17.2,16.4,16.0
美浦,20260822,土,5:18,セイウンランウェイ,,牝,2,未出走,古賀慎明,72.5,51.7,33.4,16.7,20.8,18.3,16.7,16.7
美浦,20260822,土,5:18,シエログラーナ,,牡,2,未登録,,67.5,49.7,32.6,15.9,17.8,17.1,16.7,15.9
美浦,20260822,土,5:18,エンジャムメント,,牝,2,未出走,中舘英二,72.3,53.0,34.3,16.7,19.3,18.7,17.6,16.7
美浦,20260822,土,5:19,ゼンダンタカ,,牝,4,900,中舘英二,69.6,51.1,33.5,16.3,18.5,17.6,17.2,16.3
美浦,20260822,土,5:19,サワエ,,牝,3,未出走,加藤和宏,68.8,50.1,32.6,16.5,18.7,17.5,16.1,16.5
美浦,20260822,土,5:19,ソードスレイプニル,,牝,3,400,鈴木慎太,65.5,49.3,32.4,16.7,16.2,16.9,15.7,16.7
美浦,20260822,土,5:20,コウセイケンタロス,,セ,4,0,和田雄二,67.5,48.6,31.4,15.3,18.9,17.2,16.1,15.3
美浦,20260822,土,5:20,マーガレットクレア,,牝,3,400,黒岩陽一,65.5,48.1,31.2,15.7,17.4,16.9,15.5,15.7
美浦,20260822,土,5:20,イサチルワクワク,,牝,2,未出走,竹内正洋,72.9,53.8,35.4,17.9,19.1,18.4,17.5,17.9
美浦,20260822,土,5:20,クロノスフィア,,牝,2,未出走,黒岩陽一,64.7,47.9,31.3,15.6,16.8,16.6,15.7,15.6
美浦,20260822,土,5:20,ハクタカ,,牡,2,0,和田雄二,72.2,53.7,35.8,18.2,18.5,17.9,17.6,18.2
美浦,20260822,土,5:20,バイオレットアレー,,牝,2,未出走,竹内正洋,70.8,50.7,32.7,15.7,20.1,18.0,17.0,15.7
美浦,20260822,土,5:21,メモリーグラス,,牡,6,900,松永康利,65.7,47.9,31.4,16.1,17.8,16.5,15.3,16.1
美浦,20260822,土,5:21,ハクサンミレイ,,牝,3,0,松山将樹,67.9,49.4,31.9,15.6,18.5,17.5,16.3,15.6
美浦,20260822,土,5:22,エセルフリーダ,,牝,5,4300,武藤善則,67.3,48.5,31.6,15.7,18.8,16.9,15.9,15.7
美浦,20260822,土,5:22,ピュール,,牡,3,400,久保田貴,72.5,51.5,34.0,16.8,21.0,17.5,17.2,16.8
美浦,20260822,土,5:22,サトノエスケープ,,牡,3,400,久保田貴,64.1,47.8,31.3,15.3,16.3,16.5,16.0,15.3
美浦,20260822,土,5:22,ヤマメゴリュウ,,牡,2,未出走,久保田貴,67.8,50.5,33.7,17.0,17.3,16.8,16.7,17.0
美浦,20260822,土,5:22,シダモフレイバー,,牡,2,未出走,久保田貴,69.0,51.0,34.7,18.0,18.0,16.3,16.7,18.0
美浦,20260822,土,5:23,ビップスコーピオン,,牡,6,1500,田島俊明,76.9,54.2,34.4,16.2,22.7,19.8,18.2,16.2
美浦,20260822,土,5:23,ゴールデンルーキー,,牡,5,0,粕谷昌央,65.3,48.1,31.7,15.7,17.2,16.4,16.0,15.7
美浦,20260822,土,5:23,オートカリテ,,牝,3,0,牧光二,68.9,51.1,34.3,17.0,17.8,16.8,17.3,17.0
美浦,20260822,土,5:23,キタノエフロレス,,牝,2,未出走,粕谷昌央,67.5,49.6,33.3,17.1,17.9,16.3,16.2,17.1
美浦,20260822,土,5:24,ユイノキャッツアイ,,牡,2,0,深山雅史,73.7,54.8,35.7,17.5,18.9,19.1,18.2,17.5
美浦,20260822,土,5:28,グアラニア,,牡,5,190,矢野英一,66.8,48.4,30.9,14.6,18.4,17.5,16.3,14.6
美浦,20260822,土,5:28,リオフラウス,,牝,2,未登録,,68.5,50.6,32.2,15.5,17.9,18.4,16.7,15.5
美浦,20260822,土,5:29,グランルチャドール,,牡,5,400,上原佑紀,63.6,46.8,31.1,15.6,16.8,15.7,15.5,15.6
美浦,20260822,土,5:29,マイネルユーゲント,,牡,3,400,加藤士津,66.0,48.7,32.4,16.9,17.3,16.3,15.5,16.9
美浦,20260822,土,5:29,ドナルンバ,,牝,3,900,上原佑紀,63.2,47.4,31.5,15.1,15.8,15.9,16.4,15.1
美浦,20260822,土,5:29,ゴーイントゥスカイ,,牡,3,3100,上原佑紀,62.4,46.2,30.1,14.7,16.2,16.1,15.4,14.7
美浦,20260822,土,5:29,グリーンエナジー,,牡,3,2450,上原佑紀,63.0,46.5,30.5,15.1,16.5,16.0,15.4,15.1
美浦,20260822,土,5:29,フォルテアンジェロ,,牡,3,1800,上原佑紀,62.9,45.6,30.0,15.1,17.3,15.6,14.9,15.1
美浦,20260822,土,5:30,ザクシス,,牡,4,400,加藤士津,77.7,56.6,37.1,18.2,21.1,19.5,18.9,18.2
美浦,20260822,土,5:31,コパノエイダン,,牡,3,400,上原博之,74.9,53.8,34.4,16.7,21.1,19.4,17.7,16.7
美浦,20260822,土,5:32,ジェーケーボンバー,,牡,4,590,上原博之,115.1,88.0,60.3,30.4,27.1,27.7,29.9,30.4
美浦,20260822,土,5:32,ゴーゴーパンチ,,牡,3,400,天間昭一,73.1,54.5,36.8,18.9,18.6,17.7,17.9,18.9
美浦,20260822,土,5:33,トロピカルヒーロー,,牡,6,900,石栗龍彦,62.9,46.6,31.2,15.4,16.3,15.4,15.8,15.4
美浦,20260822,土,5:33,ライデンシャフト,,牡,4,370,石栗龍彦,64.0,47.4,31.5,16.0,16.6,15.9,15.5,16.0
美浦,20260822,土,5:33,センジュゴールド,,牡,2,未出走,石栗龍彦,67.6,49.4,32.6,16.2,18.2,16.8,16.4,16.2
美浦,20260822,土,5:35,クラウンフリード,,牡,4,120,天間昭一,76.1,56.9,37.6,19.0,19.2,19.3,18.6,19.0
美浦,20260822,土,5:35,ジッピーチューン,,牝,3,1150,林徹,62.7,46.8,30.8,15.2,15.9,16.0,15.6,15.2
美浦,20260822,土,5:35,ウモラダエピカ,,牝,3,未出走,林徹,62.4,46.6,30.7,15.2,15.8,15.9,15.5,15.2
美浦,20260822,土,5:36,アクロスザリバー,,牡,4,0,蛯名利弘,75.0,54.5,35.6,17.4,20.5,18.9,18.2,17.4
美浦,20260822,土,5:36,シュエットアムール,,牝,4,0,加藤和宏,67.8,49.5,32.5,16.2,18.3,17.0,16.3,16.2
美浦,20260822,土,5:36,ボールドサンダー,,牡,2,未出走,蛯名利弘,72.6,54.1,35.7,17.3,18.5,18.4,18.4,17.3
美浦,20260822,土,5:36,ダイチマイスター,,牡,2,未出走,蛯名利弘,70.9,52.5,34.4,16.7,18.4,18.1,17.7,16.7
美浦,20260822,土,5:36,レインボーフライト,,牝,2,未出走,林徹,71.4,52.7,34.9,17.4,18.7,17.8,17.5,17.4
美浦,20260822,土,5:37,イマジェリーナ,,牝,3,0,加藤和宏,74.4,55.1,35.6,17.4,19.3,19.5,18.2,17.4
美浦,20260822,土,5:38,タイセイフレッサ,,牝,3,400,斎藤誠,68.7,51.0,34.0,16.8,17.7,17.0,17.2,16.8
美浦,20260822,土,5:38,ヒズストーリー,,牡,2,未出走,中川公成,68.8,50.5,33.7,17.2,18.3,16.8,16.5,17.2
美浦,20260822,土,5:39,ヤングアメリカンズ,,牡,4,400,加藤征弘,68.6,51.0,33.7,17.2,17.6,17.3,16.5,17.2
美浦,20260822,土,5:39,スマートレイナ,,牝,3,0,加藤征弘,71.5,52.7,34.9,16.9,18.8,17.8,18.0,16.9
美浦,20260822,土,5:39,ヴェトロテンペスタ,,牝,2,未出走,田中博康,64.6,48.1,31.6,15.8,16.5,16.5,15.8,15.8
美浦,20260822,土,5:39,シーアンドパールズ,,牝,2,未出走,田中博康,64.7,48.1,31.7,15.9,16.6,16.4,15.8,15.9
美浦,20260822,土,5:40,ヴァルキリーバース,,牝,4,3350,田中博康,60.8,44.4,29.2,14.9,16.4,15.2,14.3,14.9
美浦,20260822,土,5:40,モントーヤ,,牡,3,0,浅利英明,63.8,47.3,30.8,15.0,16.5,16.5,15.8,15.0
美浦,20260822,土,5:41,レッドモンレーヴ,,牡,7,11150,蛯名正義,66.8,48.8,32.0,15.8,18.0,16.8,16.2,15.8
美浦,20260822,土,5:41,アバレリュウ,,牡,4,400,鈴木慎太,65.4,48.0,31.4,15.7,17.4,16.6,15.7,15.7
美浦,20260822,土,5:41,マリアイリダータ,,牝,4,2400,田中博康,61.7,45.4,29.9,14.9,16.3,15.5,15.0,14.9
美浦,20260822,土,5:41,オストラヴァ,,牡,4,1500,林徹,59.5,44.2,29.4,14.6,15.3,14.8,14.8,14.6
美浦,20260822,土,5:41,アストリル,,牝,3,900,鈴木慎太,62.8,46.3,31.1,15.1,16.5,15.2,16.0,15.1
美浦,20260822,土,5:41,アイムインディ,,牝,3,400,蛯名正義,66.4,48.4,32.1,16.2,18.0,16.3,15.9,16.2
美浦,20260822,土,5:41,タッセルノット,,牝,3,400,林徹,59.6,44.2,29.3,14.5,15.4,14.9,14.8,14.5
美浦,20260822,土,5:41,シーギリヤロック,,牡,3,400,田中博康,61.5,45.3,29.9,15.1,16.2,15.4,14.8,15.1
美浦,20260822,土,5:41,ルナロマンティカ,,牝,2,未出走,鈴木慎太,65.4,48.2,31.6,15.6,17.2,16.6,16.0,15.6
美浦,20260822,土,5:41,エマルタ,,牝,2,未出走,浅利英明,68.2,50.2,33.3,16.9,18.0,16.9,16.4,16.9
美浦,20260822,土,5:42,ラストレガシー,,牡,4,900,手塚貴久,68.2,50.7,33.9,16.8,17.5,16.8,17.1,16.8
美浦,20260822,土,5:42,ファムクラジューズ,,牝,3,900,黒岩陽一,66.5,47.9,30.5,15.0,18.6,17.4,15.5,15.0
美浦,20260822,土,5:43,レイユール,,牝,4,900,手塚貴久,70.1,51.7,34.2,17.0,18.4,17.5,17.2,17.0
美浦,20260822,土,5:43,ウインドオブヘヴン,,牡,3,0,戸田博文,71.6,52.7,34.8,17.9,18.9,17.9,16.9,17.9
美浦,20260822,土,5:43,リメンバーシドニー,,牝,3,0,的場均,72.8,53.0,35.3,17.8,19.8,17.7,17.5,17.8
美浦,20260822,土,5:43,ジーティーカッサイ,,牝,2,未登録,,69.5,51.1,33.2,16.8,18.4,17.9,16.4,16.8
美浦,20260822,土,5:43,カンタベリーアップ,,牝,2,未登録,,71.0,50.7,33.7,16.8,20.3,17.0,16.9,16.8
美浦,20260822,土,5:43,ベールダウン,,牝,2,0,松尾卓哉,69.6,50.9,33.6,16.9,18.7,17.3,16.7,16.9
美浦,20260822,土,5:43,アフォーダビリティ,,牝,2,未出走,和田雄二,72.3,52.6,34.0,16.9,19.7,18.6,17.1,16.9
美浦,20260822,土,5:44,レインボーワールド,,牝,3,0,畠山吉宏,69.6,51.3,34.0,17.0,18.3,17.3,17.0,17.0
美浦,20260822,土,5:44,コスモシグルン,,牝,3,0,畠山吉宏,66.9,49.6,32.9,17.0,17.3,16.7,15.9,17.0
美浦,20260822,土,5:44,ミスティユニバンス,,牝,3,0,加藤征弘,72.0,53.3,35.5,17.7,18.7,17.8,17.8,17.7
美浦,20260822,土,5:45,ユキマル,,牡,6,2190,尾形和幸,66.0,48.6,31.8,15.6,17.4,16.8,16.2,15.6
美浦,20260822,土,5:45,ドリームクルーズ,,牝,5,900,戸田博文,73.3,53.9,35.6,17.9,19.4,18.3,17.7,17.9
美浦,20260822,土,5:46,サヴァビアン,,牡,8,900,新開幸一,69.3,50.4,33.4,16.6,18.9,17.0,16.8,16.6
美浦,20260822,土,5:46,ロジキセキ,,牡,3,0,新開幸一,68.3,49.6,32.9,16.4,18.7,16.7,16.5,16.4
美浦,20260822,土,5:47,ソルティアーラ,,牝,3,0,西田雄一,66.0,49.0,31.9,15.7,17.0,17.1,16.2,15.7
美浦,20260822,土,5:47,コウジハラ,,牝,3,400,西田雄一,66.5,49.6,32.5,16.0,16.9,17.1,16.5,16.0
美浦,20260822,土,5:47,サンシュノジンギ,,牡,3,0,奥村武,68.7,51.6,34.5,18.0,17.1,17.1,16.5,18.0
美浦,20260822,土,5:47,アウアリイ,,牡,2,0,奥村武,68.6,51.6,34.3,17.6,17.0,17.3,16.7,17.6
美浦,20260822,土,5:48,ガジュノリ,,牝,5,1500,尾形和幸,62.3,45.6,29.7,14.7,16.7,15.9,15.0,14.7
美浦,20260822,土,5:48,ナックエルドラド,,牡,4,0,小野次郎,67.5,49.3,32.3,16.1,18.2,17.0,16.2,16.1
美浦,20260822,土,5:48,ニシノリリックス,,牝,2,0,小野次郎,65.7,48.2,31.7,15.6,17.5,16.5,16.1,15.6
美浦,20260822,土,5:49,プラチナトレジャー,,牡,8,2400,高木登,70.6,52.2,34.3,17.4,18.4,17.9,16.9,17.4
美浦,20260822,土,5:49,ドンレパルス,,牡,7,1500,高木登,70.2,51.7,34.5,16.8,18.5,17.2,17.7,16.8
美浦,20260822,土,5:49,ドントゥザムーン,,牡,4,900,高木登,70.3,52.2,34.5,17.3,18.1,17.7,17.2,17.3
美浦,20260822,土,5:49,ストレートブラック,,牝,4,0,奥平雅士,63.5,46.9,31.5,16.1,16.6,15.4,15.4,16.1
美浦,20260822,土,5:49,ドンエレクトス,,牡,3,1900,高木登,70.5,51.3,33.3,16.7,19.2,18.0,16.6,16.7
美浦,20260822,土,5:49,ダンシングアウェイ,,牡,3,100,柄崎将寿,57.2,41.3,26.5,12.8,15.9,14.8,13.7,12.8
美浦,20260822,土,5:49,ゴールドバーニング,,牝,2,未出走,柄崎将寿,59.3,42.5,27.5,13.7,16.8,15.0,13.8,13.7
美浦,20260822,土,5:49,モルスリール,,牡,2,未出走,高木登,70.3,52.1,34.3,17.4,18.2,17.8,16.9,17.4
美浦,20260822,土,5:50,マリノトニトゥルス,,牝,4,1500,武市康男,67.3,50.6,33.9,17.4,16.7,16.7,16.5,17.4
美浦,20260822,土,5:50,ヤマニンヘルシェ,,牡,3,400,辻哲英,138.1,99.6,61.0,28.7,38.5,38.6,32.3,28.7
美浦,20260822,土,5:50,イカルステソーロ,,牡,2,0,武市康男,68.4,50.7,33.2,16.6,17.7,17.5,16.6,16.6
美浦,20260822,土,5:50,ドナフェリーチェ,,牝,2,未出走,柄崎将寿,59.7,43.2,27.5,13.6,16.5,15.7,13.9,13.6
美浦,20260822,土,5:51,リドルトリガー,,牝,4,130,小島茂之,61.0,44.6,29.0,14.1,16.4,15.6,14.9,14.1
美浦,20260822,土,5:51,サイモンオリエント,,牡,2,0,勢司和浩,68.4,52.1,35.1,17.9,16.3,17.0,17.2,17.9
美浦,20260822,土,5:52,クラージュスター,,牡,3,0,勢司和浩,70.1,50.8,33.2,16.5,19.3,17.6,16.7,16.5
美浦,20260822,土,5:52,カンティーナ,,牝,3,400,堀内岳志,65.0,48.2,31.1,15.4,16.8,17.1,15.7,15.4
美浦,20260822,土,5:52,ワッフル,,牝,3,0,室井潔,68.8,49.9,32.5,16.2,18.9,17.4,16.3,16.2
美浦,20260822,土,5:52,リーディンアクター,,牡,2,0,堀内岳志,73.2,52.9,32.9,15.3,20.3,20.0,17.6,15.3
美浦,20260822,土,5:53,サマースイートピー,,牝,4,900,千葉直人,65.0,46.8,30.7,15.2,18.2,16.1,15.5,15.2
美浦,20260822,土,5:53,ライヴマルガリータ,,牝,3,0,牧光二,69.0,50.2,32.6,16.2,18.8,17.6,16.4,16.2
美浦,20260822,土,5:53,エラガバリウム,,セ,3,0,千葉直人,67.6,49.5,32.6,15.8,18.1,16.9,16.8,15.8
美浦,20260822,土,5:53,ファイナルラッキー,,牡,2,未出走,武藤善則,66.7,48.5,31.9,16.2,18.2,16.6,15.7,16.2
美浦,20260822,土,5:53,ロンドンコーリング,,牝,2,未登録,,70.0,51.9,33.9,16.8,18.1,18.0,17.1,16.8
美浦,20260822,土,5:53,コールオンユー,,牝,2,未登録,,69.2,50.6,32.8,16.3,18.6,17.8,16.5,16.3
美浦,20260822,土,5:54,セイカタカキヤチク,,牡,2,0,相沢郁,65.7,47.9,30.7,14.9,17.8,17.2,15.8,14.9
美浦,20260822,土,5:54,ナイトパイロット,,牡,2,未登録,,65.7,47.7,30.7,14.8,18.0,17.0,15.9,14.8
美浦,20260822,土,5:57,ミスターマーボー,,牡,3,400,青木孝文,68.0,50.3,33.6,16.9,17.7,16.7,16.7,16.9
美浦,20260822,土,5:57,ウェイクフィールド,,牡,3,900,嘉藤貴行,64.7,48.3,31.6,15.7,16.4,16.7,15.9,15.7
美浦,20260822,土,5:57,カシマライフウ,,牡,3,0,伊藤伸一,69.1,51.1,33.9,16.9,18.0,17.2,17.0,16.9
美浦,20260822,土,5:57,スルーザゴールド,,牡,3,0,青木孝文,67.1,49.4,32.5,16.3,17.7,16.9,16.2,16.3
美浦,20260822,土,5:57,タワーウマザンマイ,,牡,2,未出走,青木孝文,67.3,49.3,32.4,16.0,18.0,16.9,16.4,16.0
美浦,20260822,土,5:57,レーダーサイト,,牡,2,未出走,嘉藤貴行,64.9,48.2,31.8,15.9,16.7,16.4,15.9,15.9
美浦,20260822,土,5:58,リメンバーシドニー,,牝,3,0,的場均,67.4,49.5,33.4,16.6,17.9,16.1,16.8,16.6
美浦,20260822,土,5:58,カンタベリーアップ,,牝,2,未登録,,69.0,51.2,33.5,16.7,17.8,17.7,16.8,16.7
美浦,20260822,土,5:59,ポンテヴェッキオ,,牡,3,0,栗田徹,63.6,45.8,30.3,15.2,17.8,15.5,15.1,15.2
美浦,20260822,土,5:59,ディスクリートサム,,牡,2,未登録,,64.4,46.9,31.4,15.9,17.5,15.5,15.5,15.9
美浦,20260822,土,5:59,ショウナンバッカス,,牡,2,未出走,栗田徹,64.0,46.4,30.2,15.0,17.6,16.2,15.2,15.0
美浦,20260822,土,5:59,コスモコリウス,,牡,2,未出走,栗田徹,64.2,47.0,31.2,15.7,17.2,15.8,15.5,15.7
美浦,20260822,土,6:23,レイズレガシー,,牡,3,400,高柳瑞樹,79.3,57.7,37.8,18.3,21.6,19.9,19.5,18.3
美浦,20260822,土,6:23,アストロカノン,,牡,2,未登録,,70.4,51.7,34.7,17.3,18.7,17.0,17.4,17.3
美浦,20260822,土,6:23,テルケンレンコール,,牡,2,未出走,高柳瑞樹,70.1,51.6,34.6,17.1,18.5,17.0,17.5,17.1
美浦,20260822,土,6:24,ルールーリマ,,牝,4,1500,大竹正博,66.4,48.5,31.7,15.4,17.9,16.8,16.3,15.4
美浦,20260822,土,6:24,ホウオウショコラ,,牝,4,400,大竹正博,65.1,48.5,31.4,15.2,16.6,17.1,16.2,15.2
美浦,20260822,土,6:25,レガレイラ,,牝,5,38750,木村哲也,74.7,54.3,35.1,17.4,20.4,19.2,17.7,17.4
美浦,20260822,土,6:27,ドゥレッツァ,,牡,6,23750,尾関知人,69.8,51.4,33.9,16.9,18.4,17.5,17.0,16.9
美浦,20260822,土,6:27,シェンロン,,牡,3,未出走,尾関知人,67.9,49.8,32.8,16.0,18.1,17.0,16.8,16.0
美浦,20260822,土,6:28,セザンワールド,,セ,6,690,蛯名利弘,66.7,49.1,32.3,15.6,17.6,16.8,16.7,15.6
美浦,20260822,土,6:28,グラスブランシュ,,牝,5,900,松山将樹,66.1,48.7,32.0,15.9,17.4,16.7,16.1,15.9
美浦,20260822,土,6:28,ルークスイテルム,,牡,2,0,中川公成,65.0,48.8,33.1,17.5,16.2,15.7,15.6,17.5
美浦,20260822,土,6:28,アイファーエリース,,牝,2,未出走,蛯名利弘,67.7,49.7,32.9,16.1,18.0,16.8,16.8,16.1
美浦,20260822,土,6:29,キョウエイカンフ,,牡,6,900,勢司和浩,68.9,51.1,33.7,16.8,17.8,17.4,16.9,16.8
美浦,20260822,土,6:32,ゴットランド,,牡,4,400,斎藤誠,71.2,53.1,35.8,17.8,18.1,17.3,18.0,17.8
美浦,20260822,土,6:32,キョウエイシャトル,,牡,2,0,萱野浩二,66.5,49.7,33.3,17.0,16.8,16.4,16.3,17.0
美浦,20260822,土,6:33,リアライズオーラム,,セ,4,400,上原佑紀,61.6,45.1,29.1,14.0,16.5,16.0,15.1,14.0
美浦,20260822,土,6:33,カフェシューター,,牡,3,400,中舘英二,68.1,50.3,32.8,16.2,17.8,17.5,16.6,16.2
美浦,20260822,土,6:33,レーヴデリオン,,牡,2,未出走,上原佑紀,63.1,47.0,30.9,15.3,16.1,16.1,15.6,15.3
美浦,20260822,土,6:33,ラルコ,,牝,2,未出走,中舘英二,65.9,49.0,32.7,16.5,16.9,16.3,16.2,16.5
美浦,20260822,土,6:33,メイプルカモーン,,牡,2,未出走,中舘英二,66.0,49.4,32.7,16.3,16.6,16.7,16.4,16.3
美浦,20260822,土,6:33,ハイトラクション,,牡,2,0,中舘英二,66.9,50.2,33.2,16.4,16.7,17.0,16.8,16.4
美浦,20260822,土,6:33,インヴィディア,,牡,2,未出走,上原佑紀,64.2,46.5,29.9,14.6,17.7,16.6,15.3,14.6
美浦,20260822,土,6:33,エクラドリオン,,牡,2,未出走,中舘英二,68.3,50.6,33.1,16.4,17.7,17.5,16.7,16.4
美浦,20260822,土,6:34,エリカカリーナ,,牝,5,900,宮田敬介,69.4,50.8,33.1,16.7,18.6,17.7,16.4,16.7
美浦,20260822,土,6:34,ステレンボッシュ,,牝,5,13050,宮田敬介,63.3,46.6,30.4,15.0,16.7,16.2,15.4,15.0
美浦,20260822,土,6:34,ジャスティンシカゴ,,牡,3,900,宮田敬介,61.8,44.6,28.4,13.6,17.2,16.2,14.8,13.6
美浦,20260822,土,6:34,アイムオンアロール,,牡,2,未出走,宮田敬介,64.4,48.0,31.6,15.6,16.4,16.4,16.0,15.6
美浦,20260822,土,6:35,イノキ,,牡,4,900,岩戸孝樹,55.4,40.3,25.6,12.2,15.1,14.7,13.4,12.2
美浦,20260822,土,6:35,リッツパーティー,,牡,3,900,岩戸孝樹,56.2,40.8,26.1,12.2,15.4,14.7,13.9,12.2
美浦,20260822,土,6:35,ロデオドライブ,,牡,3,8500,辻哲英,69.6,49.3,31.4,15.0,20.3,17.9,16.4,15.0
美浦,20260822,土,6:36,ウイニングレイ,,牝,2,0,戸田博文,75.0,56.1,36.9,18.4,18.9,19.2,18.5,18.4
美浦,20260822,土,6:39,ピコローズ,,牝,4,2400,伊藤大士,63.2,46.5,30.6,15.3,16.7,15.9,15.3,15.3
美浦,20260822,土,6:39,エナノムスメ,,牝,3,0,伊藤大士,64.8,47.8,31.4,15.5,17.0,16.4,15.9,15.5
美浦,20260822,土,6:39,ゴッドレイ,,牝,3,0,伊藤大士,63.2,46.8,30.6,15.3,16.4,16.2,15.3,15.3
美浦,20260822,土,6:40,スノーリン,,セ,4,0,和田雄二,65.9,47.8,31.3,15.8,18.1,16.5,15.5,15.8
美浦,20260822,土,6:40,ニンジャトットリ,,牡,3,0,松永康利,66.5,49.6,32.6,16.3,16.9,17.0,16.3,16.3
美浦,20260822,土,6:40,フレンチネイル,,牝,2,未登録,,68.3,50.6,33.2,16.5,17.7,17.4,16.7,16.5
美浦,20260822,土,6:40,カシノデスティニー,,牝,2,未出走,和田雄二,67.7,49.4,32.7,16.5,18.3,16.7,16.2,16.5
美浦,20260822,土,6:41,フクオトコ,,牡,3,0,菊沢隆徳,74.3,53.7,35.7,17.7,20.6,18.0,18.0,17.7
美浦,20260822,土,6:41,ジーティーブラック,,牡,3,400,菊沢隆徳,73.8,53.2,35.0,17.5,20.6,18.2,17.5,17.5
美浦,20260822,土,6:41,カンキチ,,牡,2,未登録,,73.9,53.6,34.9,17.4,20.3,18.7,17.5,17.4
美浦,20260822,土,6:41,ゴクラクチョウカ,,牝,2,未出走,和田雄二,72.2,53.6,34.5,16.8,18.6,19.1,17.7,16.8
美浦,20260822,土,6:41,ノルトハウゼン,,牡,2,0,菊沢隆徳,66.5,49.2,32.1,15.2,17.3,17.1,16.9,15.2
美浦,20260822,土,6:42,ラントレイル,,牡,4,400,牧光二,64.4,47.5,31.3,15.5,16.9,16.2,15.8,15.5
美浦,20260822,土,6:42,グラスクラージュ,,牡,2,0,牧光二,62.0,45.6,30.2,16.1,16.4,15.4,14.1,16.1
美浦,20260822,土,6:42,ルスカーレット,,牝,2,未登録,,64.1,47.9,31.6,15.5,16.2,16.3,16.1,15.5
美浦,20260822,土,6:42,ワンコール,,牝,2,0,牧光二,63.6,47.6,31.3,15.1,16.0,16.3,16.2,15.1
美浦,20260822,土,6:43,デリシュー,,牡,5,180,新開幸一,72.6,51.5,34.0,16.9,21.1,17.5,17.1,16.9
美浦,20260822,土,6:43,エテオクロス,,牡,4,110,新開幸一,71.3,50.8,33.2,16.7,20.5,17.6,16.5,16.7
美浦,20260822,土,6:43,エターナルホープ,,牡,3,0,鈴木慎太,66.7,49.0,32.1,15.6,17.7,16.9,16.5,15.6
美浦,20260822,土,6:43,ボールドタワー,,牡,3,400,鈴木慎太,66.7,48.1,30.8,15.0,18.6,17.3,15.8,15.0
美浦,20260822,土,6:43,ロマンスブルーム,,牝,2,未出走,新開幸一,73.9,53.6,35.2,17.5,20.3,18.4,17.7,17.5
美浦,20260822,土,6:43,アルヴィットーリア,,牡,2,未登録,,72.3,51.1,33.8,16.7,21.2,17.3,17.1,16.7
美浦,20260822,土,6:44,サザンウォリアー,,牡,3,670,加藤和宏,71.0,52.5,34.5,16.9,18.5,18.0,17.6,16.9
美浦,20260822,土,6:44,コックコート,,牡,2,未登録,,69.7,51.5,33.9,16.9,18.2,17.6,17.0,16.9
美浦,20260822,土,6:44,ゲンバウマ,,牡,2,未登録,,72.9,54.4,36.4,18.0,18.5,18.0,18.4,18.0
美浦,20260822,土,6:44,ホウフクゼットウ,,牡,2,未出走,加藤和宏,69.8,51.5,34.0,16.9,18.3,17.5,17.1,16.9
美浦,20260822,土,6:46,フレッシュラン,,牝,4,900,尾形和幸,62.0,46.8,32.2,16.3,15.2,14.6,15.9,16.3
美浦,20260822,土,6:46,ナムラジョン,,牡,2,未出走,尾形和幸,65.9,49.2,32.8,16.4,16.7,16.4,16.4,16.4
美浦,20260822,土,6:46,ミホマル,,牡,2,未登録,,67.5,49.6,32.9,16.7,17.9,16.7,16.2,16.7
美浦,20260822,土,6:46,フェアリースノー,,牝,2,未出走,尾形和幸,67.1,49.9,33.5,17.4,17.2,16.4,16.1,17.4
美浦,20260822,土,6:46,キュータンチャン,,牡,2,0,尾形和幸,66.0,49.4,33.0,16.5,16.6,16.4,16.5,16.5
美浦,20260822,土,6:47,トーセントラム,,牡,6,1500,佐藤吉勝,67.7,49.7,32.4,16.2,18.0,17.3,16.2,16.2
美浦,20260822,土,6:53,コパノヴィンセント,,牡,4,1600,上原博之,67.3,49.6,32.3,15.8,17.7,17.3,16.5,15.8
美浦,20260822,土,6:53,ノーブルパラス,,牝,2,未出走,上原博之,67.7,49.5,32.8,16.2,18.2,16.7,16.6,16.2
美浦,20260822,土,6:53,ロイヤルガンモ,,牝,2,未出走,上原博之,67.5,49.7,32.5,16.0,17.8,17.2,16.5,16.0
美浦,20260822,土,6:54,カラーオブサクセス,,牝,3,0,武市康男,69.5,52.1,34.5,17.2,17.4,17.6,17.3,17.2
美浦,20260822,土,6:54,アルティマローネ,,牝,3,0,武市康男,68.6,51.0,33.5,16.8,17.6,17.5,16.7,16.8
美浦,20260822,土,6:54,ドナミモザ,,牝,2,未出走,武市康男,68.9,51.6,33.8,17.0,17.3,17.8,16.8,17.0
美浦,20260822,土,6:55,ｲﾌﾟｽｳｨｯﾁの24,,牝,2,未登録,,70.1,50.6,33.1,16.3,19.5,17.5,16.8,16.3
美浦,20260822,土,6:55,カラメーロ,,牝,2,未登録,,69.0,49.5,32.4,16.3,19.5,17.1,16.1,16.3
美浦,20260822,土,6:55,リュウノタキノボリ,,牡,2,未出走,堀内岳志,69.9,50.7,33.1,16.1,19.2,17.6,17.0,16.1
美浦,20260822,土,6:56,カプリースカラー,,牝,3,0,金成貴史,69.3,50.1,32.0,15.7,19.2,18.1,16.3,15.7
美浦,20260822,土,6:56,サングラント,,牡,3,0,金成貴史,66.9,49.4,33.0,16.5,17.5,16.4,16.5,16.5
美浦,20260822,土,6:58,マイネルメサイア,,牡,7,900,水野貴広,71.6,53.5,36.1,18.5,18.1,17.4,17.6,18.5
美浦,20260822,土,6:58,スマートブル,,牡,4,400,室井潔,65.8,48.3,31.2,15.8,17.5,17.1,15.4,15.8
美浦,20260822,土,6:58,コスモシェルベット,,牡,4,400,水野貴広,68.9,51.2,34.2,17.6,17.7,17.0,16.6,17.6
美浦,20260822,土,6:58,ピグマリオン,,牡,3,0,室井潔,66.3,49.5,31.9,15.8,16.8,17.6,16.1,15.8
美浦,20260822,土,6:58,カレンデュラ,,牝,3,900,室井潔,65.0,48.3,32.2,16.1,16.7,16.1,16.1,16.1
美浦,20260822,土,6:59,ラトルシェ,,牝,4,900,菊川正達,64.9,48.2,31.7,15.9,16.7,16.5,15.8,15.9
美浦,20260822,土,6:59,ペイシャラム,,牝,3,0,菊川正達,65.0,48.4,31.9,16.1,16.6,16.5,15.8,16.1
美浦,20260822,土,6:59,イデアモッコス,,牡,2,未出走,的場均,73.5,54.8,36.5,18.7,18.7,18.3,17.8,18.7
美浦,20260822,土,7:00,セイウンプラチナ,,牡,7,2400,千葉直人,78.1,56.3,36.5,17.1,21.8,19.8,19.4,17.1
美浦,20260822,土,7:00,クリアクォーツ,,牡,4,0,的場均,70.3,51.2,32.9,16.8,19.1,18.3,16.1,16.8
美浦,20260822,土,7:00,タツサンデー,,牡,2,未登録,,70.5,51.4,33.9,16.7,19.1,17.5,17.2,16.7
美浦,20260822,土,7:01,リアルセンター,,牝,5,400,千葉直人,67.8,49.5,32.7,15.8,18.3,16.8,16.9,15.8
美浦,20260822,土,7:01,アーバンシック,,牡,5,14400,武井亮,62.7,46.5,30.4,14.8,16.2,16.1,15.6,14.8
美浦,20260822,土,7:01,ボウウィンドウ,,牝,4,900,武井亮,61.3,45.4,29.9,15.0,15.9,15.5,14.9,15.0
美浦,20260822,土,7:01,ナインオブレター,,牡,4,400,佐藤吉勝,69.7,52.0,34.3,17.2,17.7,17.7,17.1,17.2
美浦,20260822,土,7:01,トパーズヘッド,,牡,2,未出走,佐藤吉勝,73.8,54.9,35.2,17.6,18.9,19.7,17.6,17.6
美浦,20260822,土,7:01,ケイジャーダ,,牝,2,0,佐藤吉勝,72.1,53.7,35.6,17.6,18.4,18.1,18.0,17.6
美浦,20260822,土,7:01,カラスアゲハ,,牝,2,未出走,佐藤吉勝,70.9,53.3,35.7,18.2,17.6,17.6,17.5,18.2
美浦,20260822,土,7:01,ダンシングリリー,,牝,2,未出走,佐藤吉勝,70.1,52.3,34.9,17.9,17.8,17.4,17.0,17.9
美浦,20260822,土,7:02,ベルイストワール,,牝,5,900,松尾卓哉,64.6,47.7,31.3,15.5,16.9,16.4,15.8,15.5
美浦,20260822,土,7:02,セイウンビッグバン,,牡,4,400,萱野浩二,70.5,50.9,33.1,16.2,19.6,17.8,16.9,16.2
美浦,20260822,土,7:02,ルナルーチェット,,牝,4,900,松尾卓哉,64.8,47.4,31.3,15.7,17.4,16.1,15.6,15.7
美浦,20260822,土,7:02,エコロストーム,,牝,3,400,千葉直人,65.8,47.8,31.0,15.3,18.0,16.8,15.7,15.3
美浦,20260822,土,7:03,ネイチャーシップ,,牡,8,900,畠山吉宏,70.7,51.3,33.3,16.3,19.4,18.0,17.0,16.3
美浦,20260822,土,7:03,ラパンラピッド,,セ,6,400,武井亮,65.5,48.7,32.3,15.7,16.8,16.4,16.6,15.7
美浦,20260822,土,7:03,ワンダラー,,牡,4,1500,黒岩陽一,64.3,48.1,31.3,15.4,16.2,16.8,15.9,15.4
美浦,20260822,土,7:03,レッドシュトラール,,セ,4,400,古賀大生,69.8,51.0,33.2,16.3,18.8,17.8,16.9,16.3
美浦,20260822,土,7:03,グランドスウェル,,セ,3,400,畠山吉宏,70.3,50.6,32.0,15.4,19.7,18.6,16.6,15.4
美浦,20260822,土,7:03,ワンダーバリエンス,,牝,3,0,畠山吉宏,67.7,49.3,31.5,14.9,18.4,17.8,16.6,14.9
美浦,20260822,土,7:03,ウインスターリング,,牡,3,0,畠山吉宏,71.6,52.3,34.3,17.1,19.3,18.0,17.2,17.1
美浦,20260822,土,7:03,ピードモント,,セ,3,0,武井亮,64.0,47.7,31.8,15.6,16.3,15.9,16.2,15.6
美浦,20260822,土,7:03,サイレントキラー,,牡,2,未登録,,64.6,47.4,30.6,15.0,17.2,16.8,15.6,15.0
美浦,20260822,土,7:03,ショウナンワンパク,,牡,2,未出走,古賀大生,69.9,50.9,33.5,16.6,19.0,17.4,16.9,16.6
美浦,20260822,土,7:03,エコロゲラン,,牡,2,未出走,古賀大生,70.9,52.1,34.2,17.1,18.8,17.9,17.1,17.1
美浦,20260822,土,7:04,アルプスオジョー,,牝,5,400,手塚貴徳,67.2,48.6,31.8,15.5,18.6,16.8,16.3,15.5
美浦,20260822,土,7:04,ヌビアン,,牡,3,0,清水英克,68.9,50.5,33.3,17.2,18.4,17.2,16.1,17.2
美浦,20260822,土,7:04,アラネア,,牡,2,未登録,,66.6,48.5,31.7,15.8,18.1,16.8,15.9,15.8
美浦,20260822,土,7:04,モーモーゼロ,,牡,2,0,石栗龍彦,71.5,52.9,34.9,17.4,18.6,18.0,17.5,17.4
美浦,20260822,土,7:04,ノワールブレイブ,,牝,2,0,清水英克,69.6,51.3,33.6,17.1,18.3,17.7,16.5,17.1
美浦,20260822,土,7:04,ホワイトホール,,牝,2,未出走,清水英克,70.5,51.5,33.8,17.5,19.0,17.7,16.3,17.5
美浦,20260822,土,7:04,ニシノハクシャ,,牡,2,未出走,清水英克,69.5,50.1,32.9,16.5,19.4,17.2,16.4,16.5
美浦,20260822,土,7:04,アドバンスアゲイン,,牝,2,0,武藤善則,71.8,52.5,34.6,17.1,19.3,17.9,17.5,17.1
美浦,20260822,土,7:04,ファイアリーボルト,,牡,2,未出走,石栗龍彦,70.6,52.4,34.0,16.5,18.2,18.4,17.5,16.5
美浦,20260822,土,7:05,バンフィエルド,,牡,7,720,粕谷昌央,67.4,49.5,31.8,15.7,17.9,17.7,16.1,15.7
美浦,20260822,土,7:05,ジンガー,,牡,4,440,粕谷昌央,66.6,49.1,31.4,15.4,17.5,17.7,16.0,15.4
美浦,20260822,土,7:05,ミラーダカリエンテ,,牝,4,900,相沢郁,69.3,52.1,34.7,17.5,17.2,17.4,17.2,17.5
美浦,20260822,土,7:05,ハチマン,,牡,3,0,柄崎将寿,65.8,48.0,31.4,15.3,17.8,16.6,16.1,15.3
美浦,20260822,土,7:05,ペイシャダンシング,,牝,3,0,粕谷昌央,65.8,48.3,31.4,15.1,17.5,16.9,16.3,15.1
美浦,20260822,土,7:05,ノーブルミント,,牝,2,0,粕谷昌央,66.5,49.2,31.3,15.2,17.3,17.9,16.1,15.2
美浦,20260822,土,7:05,ゴールデンパルス,,牡,2,未出走,柄崎将寿,56.2,40.9,26.6,12.7,15.3,14.3,13.9,12.7
美浦,20260822,土,7:05,キャンディメモリー,,牝,2,未出走,粕谷昌央,66.6,49.3,31.8,15.5,17.3,17.5,16.3,15.5
美浦,20260822,土,7:05,マムダッドベル,,牝,2,0,粕谷昌央,65.3,47.9,31.3,15.2,17.4,16.6,16.1,15.2
美浦,20260822,土,7:05,グリマルキン,,牡,2,未出走,柄崎将寿,58.7,41.9,27.1,13.1,16.8,14.8,14.0,13.1
美浦,20260822,土,7:06,ヒロノゴウカイ,,牡,7,630,蛯名利弘,69.1,50.0,32.6,16.3,19.1,17.4,16.3,16.3
美浦,20260822,土,7:06,ケイツールピア,,牝,5,400,蛯名利弘,70.1,51.3,33.1,16.2,18.8,18.2,16.9,16.2
美浦,20260822,土,7:06,グロッシェン,,牡,5,1500,手塚貴徳,67.0,48.7,31.7,15.4,18.3,17.0,16.3,15.4
美浦,20260822,土,7:06,アイファーニキーヤ,,牝,2,未出走,蛯名利弘,69.1,51.0,33.1,16.3,18.1,17.9,16.8,16.3
美浦,20260822,土,7:06,アレックスケー,,牡,2,0,小野次郎,67.9,50.1,32.5,16.0,17.8,17.6,16.5,16.0
美浦,20260822,土,7:06,キャッチアップ,,牝,2,未出走,小野次郎,72.0,52.3,33.3,16.4,19.7,19.0,16.9,16.4
美浦,20260822,土,7:06,ティキタカ,,牡,2,未出走,蛯名利弘,70.3,52.7,35.0,17.9,17.6,17.7,17.1,17.9
美浦,20260822,土,7:06,ヴァニッシュラン,,牝,2,未登録,,69.9,51.4,33.9,16.5,18.5,17.5,17.4,16.5
美浦,20260822,土,7:06,マイトレーヤー,,牡,2,未出走,手塚貴徳,68.7,50.4,33.3,16.6,18.3,17.1,16.7,16.6
美浦,20260822,土,7:07,ハセドン,,牡,7,3100,大和田成,63.6,46.5,30.2,14.9,17.1,16.3,15.3,14.9
美浦,20260822,土,7:07,パワポケウォーズ,,牡,3,0,大和田成,65.7,48.3,31.6,15.8,17.4,16.7,15.8,15.8
美浦,20260822,土,7:07,イールーファー,,牡,2,未出走,秋本大介,70.3,53.3,35.4,17.1,17.0,17.9,18.3,17.1
美浦,20260822,土,7:07,ダイヤモンドモカ,,牝,2,未登録,,69.9,51.5,33.4,16.5,18.4,18.1,16.9,16.5
美浦,20260822,土,7:07,アルキラ,,牡,2,未登録,,70.5,52.3,34.4,16.6,18.2,17.9,17.8,16.6
美浦,20260822,土,7:07,サムワンユーラヴド,,牝,2,未出走,大和田成,65.7,48.2,31.4,15.2,17.5,16.8,16.2,15.2
美浦,20260822,土,7:08,ベルヴィヴァン,,牝,4,430,戸田博文,70.4,52.5,35.1,17.8,17.9,17.4,17.3,17.8
美浦,20260822,土,7:08,シクラメン,,牝,2,未出走,和田雄二,68.8,51.4,34.3,17.5,17.4,17.1,16.8,17.5
美浦,20260822,土,7:08,ゴーゼンチュー,,牝,2,0,和田雄二,65.3,49.3,32.8,16.5,16.0,16.5,16.3,16.5
美浦,20260822,土,7:08,アルニタク,,牡,2,0,伊藤圭三,69.4,50.6,33.2,16.4,18.8,17.4,16.8,16.4
美浦,20260822,土,7:08,ドーンオブホープ,,牡,2,未出走,伊藤圭三,66.7,48.6,31.6,15.6,18.1,17.0,16.0,15.6
美浦,20260822,土,7:08,ポッドビート,,牡,2,未出走,伊藤圭三,64.8,47.7,31.3,15.3,17.1,16.4,16.0,15.3
美浦,20260822,土,7:09,ダンツファイター,,牡,4,1500,蛯名正義,68.4,50.3,32.5,16.0,18.1,17.8,16.5,16.0
美浦,20260822,土,7:09,オンナキュヌヴィ,,牝,3,0,蛯名正義,68.6,50.3,32.5,16.0,18.3,17.8,16.5,16.0
美浦,20260822,土,7:09,マスターソアラ,,牝,3,400,蛯名正義,68.4,50.5,33.3,16.6,17.9,17.2,16.7,16.6
美浦,20260822,土,7:10,ヨシヒロ,,牡,4,700,松永康利,63.5,47.9,31.9,15.6,15.6,16.0,16.3,15.6
美浦,20260822,土,7:10,クラウンロムパイア,,牡,2,未出走,松永康利,65.4,48.3,31.6,15.5,17.1,16.7,16.1,15.5
美浦,20260822,土,7:10,パープルタウン,,牝,2,0,鈴木慎太,65.7,48.4,31.6,15.9,17.3,16.8,15.7,15.9
美浦,20260822,土,7:10,ダイユウライアン,,牝,2,未出走,松永康利,68.4,50.7,33.7,17.2,17.7,17.0,16.5,17.2
美浦,20260822,土,7:10,ローズサルーテ,,牝,2,未出走,松永康利,64.7,48.4,31.7,15.6,16.3,16.7,16.1,15.6
美浦,20260822,土,7:10,ドナカリーナ,,牝,2,未登録,,68.1,51.0,33.8,17.0,17.1,17.2,16.8,17.0
美浦,20260822,土,7:11,ペネトレイトゴー,,セ,6,0,戸田博文,71.2,50.9,32.7,15.3,20.3,18.2,17.4,15.3
美浦,20260822,土,7:11,ヴィーデ,,セ,4,400,戸田博文,67.6,49.9,33.5,17.0,17.7,16.4,16.5,17.0
美浦,20260822,土,7:11,ゲンパチルーナ,,牝,4,900,西田雄一,63.2,46.3,30.7,15.7,16.9,15.6,15.0,15.7
美浦,20260822,土,7:11,リラキトス,,牡,4,150,高木登,71.7,52.6,33.9,16.8,19.1,18.7,17.1,16.8
美浦,20260822,土,7:11,サードウインド,,牝,4,900,西田雄一,64.9,48.5,31.8,15.6,16.4,16.7,16.2,15.6
美浦,20260822,土,7:11,ソレエスピアージャ,,牝,4,330,西田雄一,65.5,48.6,32.0,15.8,16.9,16.6,16.2,15.8
美浦,20260822,土,7:11,ネイティヴプライド,,牡,3,0,高木登,70.9,52.3,34.4,16.9,18.6,17.9,17.5,16.9
美浦,20260822,土,7:11,アトラステソーロ,,牡,3,400,高木登,70.6,52.3,34.5,17.0,18.3,17.8,17.5,17.0
美浦,20260822,土,7:11,ドナラクシュミー,,牝,2,未出走,高木登,72.2,53.3,34.6,17.8,18.9,18.7,16.8,17.8
美浦,20260822,土,7:11,ﾗﾀﾝﾄﾞﾚｽの24,,牝,2,未登録,,71.9,52.7,34.1,16.7,19.2,18.6,17.4,16.7
美浦,20260822,土,7:11,フォクセン,,牡,2,0,戸田博文,70.1,51.8,34.2,17.4,18.3,17.6,16.8,17.4
美浦,20260822,土,7:12,ホウオウプレミア,,牡,7,900,奥村武,67.9,50.1,34.0,17.4,17.8,16.1,16.6,17.4
美浦,20260822,土,7:12,ホウオウシンデレラ,,牝,5,900,奥村武,66.9,48.5,32.4,16.7,18.4,16.1,15.7,16.7
美浦,20260822,土,7:12,ピコシー,,牡,4,900,奥村武,68.9,51.5,33.8,16.9,17.4,17.7,16.9,16.9
美浦,20260822,土,7:12,ジャストマイウェイ,,牝,3,0,奥村武,66.6,49.3,33.3,17.6,17.3,16.0,15.7,17.6
美浦,20260822,土,7:12,ワンキャンパス,,牝,2,未出走,深山雅史,77.7,55.7,36.4,17.9,22.0,19.3,18.5,17.9
美浦,20260822,土,7:14,セイウンプラチナ,,牡,7,2400,千葉直人,65.8,47.3,30.3,15.0,18.5,17.0,15.3,15.0
美浦,20260822,土,7:14,レインボーラッキー,,牝,4,400,斎藤誠,68.3,50.7,33.9,17.2,17.6,16.8,16.7,17.2
美浦,20260822,土,7:14,モジャーリオ,,牡,4,1500,斎藤誠,66.5,49.0,32.1,15.6,17.5,16.9,16.5,15.6
美浦,20260822,土,7:14,クライングナウ,,牡,3,0,斎藤誠,67.6,50.3,33.5,16.7,17.3,16.8,16.8,16.7
美浦,20260822,土,7:14,ノブステップ,,牡,3,0,田中勝春,65.3,48.1,31.7,15.7,17.2,16.4,16.0,15.7
美浦,20260822,土,7:14,タケルムサシ,,牡,3,400,斎藤誠,67.6,50.2,33.3,16.6,17.4,16.9,16.7,16.6
美浦,20260822,土,7:14,ニシノゲッパク,,牝,3,0,伊藤伸一,73.2,54.2,35.5,17.7,19.0,18.7,17.8,17.7
美浦,20260822,土,7:14,サトノハクマイ,,牡,2,未登録,,67.2,49.0,32.0,15.5,18.2,17.0,16.5,15.5
美浦,20260822,土,7:14,ワンダーマーベル,,牡,2,未出走,斎藤誠,66.9,49.2,32.2,15.8,17.7,17.0,16.4,15.8
美浦,20260822,土,7:14,ケブラダラボジェラ,,牝,2,0,伊藤伸一,78.2,57.6,38.1,19.0,20.6,19.5,19.1,19.0
美浦,20260822,土,7:14,レイニーブルー,,牝,2,未登録,,73.9,54.7,36.1,18.2,19.2,18.6,17.9,18.2
美浦,20260822,土,7:14,アイレバルバドス,,牡,2,未出走,伊藤伸一,66.4,48.8,32.3,16.0,17.6,16.5,16.3,16.0
美浦,20260822,土,7:14,オーバーゼア,,牡,2,未出走,伊藤伸一,66.4,48.8,32.2,15.9,17.6,16.6,16.3,15.9
美浦,20260822,土,7:15,サイモントレノ,,牡,2,未出走,奥平雅士,65.9,48.9,32.1,15.7,17.0,16.8,16.4,15.7
美浦,20260822,土,7:15,チイサナコイノウタ,,牝,2,未登録,,70.3,53.3,35.3,17.6,17.0,18.0,17.7,17.6
美浦,20260822,土,7:15,キタノリキュール,,牝,2,未登録,,65.7,48.5,32.0,15.9,17.2,16.5,16.1,15.9
美浦,20260822,土,7:16,グランプレジール,,セ,7,400,堀宣行,66.1,49.8,32.8,16.1,16.3,17.0,16.7,16.1
美浦,20260822,土,7:17,マイトリックスター,,牝,3,0,和田勇介,67.0,50.1,33.7,17.0,16.9,16.4,16.7,17.0
美浦,20260822,土,7:17,アテナプロマコス,,牝,2,未出走,和田勇介,66.2,49.1,32.5,16.2,17.1,16.6,16.3,16.2
美浦,20260822,土,7:17,ロジパンドラ,,牝,2,未出走,新開幸一,70.9,52.4,34.5,17.4,18.5,17.9,17.1,17.4
美浦,20260822,土,7:17,ディアナノヴァ,,牝,2,未登録,,68.1,50.0,32.9,16.8,18.1,17.1,16.1,16.8
美浦,20260822,土,7:18,メディチパワー,,牡,3,400,中川公成,66.7,50.0,33.4,16.5,16.7,16.6,16.9,16.5
美浦,20260822,土,7:18,シカゴキャッツ,,牡,3,0,新開幸一,69.2,50.8,33.5,17.0,18.4,17.3,16.5,17.0
美浦,20260822,土,7:19,アルデラックス,,牡,4,400,村田一誠,64.6,48.0,31.2,15.2,16.6,16.8,16.0,15.2
美浦,20260822,土,7:19,ミラーダカリエンテ,,牝,4,900,相沢郁,65.4,49.2,31.4,15.7,16.2,17.8,15.7,15.7
美浦,20260822,土,7:19,ショウナンダイン,,セ,3,400,森一誠,64.5,47.6,30.9,15.0,16.9,16.7,15.9,15.0
美浦,20260822,土,7:19,ヌビアン,,牡,3,0,清水英克,66.0,48.2,31.6,16.1,17.8,16.6,15.5,16.1
美浦,20260822,土,7:19,トリエンナーレ,,牝,3,0,森一誠,63.4,46.7,30.4,15.1,16.7,16.3,15.3,15.1
美浦,20260822,土,7:19,シルフィー,,牡,3,0,村田一誠,67.8,51.3,34.3,17.3,16.5,17.0,17.0,17.3
美浦,20260822,土,7:19,ルージュフローラ,,牝,3,0,森一誠,64.4,47.3,30.4,14.7,17.1,16.9,15.7,14.7
美浦,20260822,土,7:19,ダノンアスコルティ,,牝,3,400,森一誠,64.1,47.3,31.0,15.1,16.8,16.3,15.9,15.1
美浦,20260822,土,7:19,ノワールブレイブ,,牝,2,0,清水英克,65.7,48.4,31.6,16.0,17.3,16.8,15.6,16.0
美浦,20260822,土,7:19,ゴールドエクシード,,牝,2,未登録,,71.0,53.5,36.5,18.8,17.5,17.0,17.7,18.8
美浦,20260822,土,7:19,ホワイトホール,,牝,2,未出走,清水英克,66.3,48.9,31.9,15.9,17.4,17.0,16.0,15.9
美浦,20260822,土,7:19,ニシノハクシャ,,牡,2,未出走,清水英克,65.5,47.9,31.3,15.6,17.6,16.6,15.7,15.6
美浦,20260822,土,7:19,ハーモニープルーフ,,牝,2,未出走,森一誠,64.8,47.9,31.4,15.4,16.9,16.5,16.0,15.4
美浦,20260822,土,7:20,ソニックキャット,,牡,3,400,中舘英二,69.6,50.7,32.7,15.8,18.9,18.0,16.9,15.8
美浦,20260822,土,7:20,マイネルトレマーズ,,牡,3,0,手塚貴久,70.2,52.2,35.2,17.4,18.0,17.0,17.8,17.4
美浦,20260822,土,7:20,ユーガッタチャンス,,牡,2,未出走,中川公成,58.7,44.2,29.6,14.3,14.5,14.6,15.3,14.3
美浦,20260822,土,7:20,ジャストゴーイング,,牡,2,未出走,中川公成,58.0,43.7,29.7,14.8,14.3,14.0,14.9,14.8
美浦,20260822,土,7:20,パレスラン,,牡,2,0,手塚貴久,66.8,48.8,31.6,15.5,18.0,17.2,16.1,15.5
美浦,20260822,土,7:21,ニシノコマチムスメ,,牝,5,400,松山将樹,68.0,49.5,31.5,15.2,18.5,18.0,16.3,15.2
美浦,20260822,土,7:21,ヤマトスイフト,,牝,3,0,中舘英二,69.9,51.4,33.8,17.2,18.5,17.6,16.6,17.2
美浦,20260822,土,7:21,ジワタネホ,,牝,3,400,中舘英二,70.5,51.8,33.6,16.3,18.7,18.2,17.3,16.3
美浦,20260822,土,7:21,ノアヴェルテ,,牡,2,未出走,中舘英二,69.9,51.0,33.3,16.4,18.9,17.7,16.9,16.4
美浦,20260822,土,7:21,エコロガレル,,牡,2,未出走,中舘英二,70.8,51.8,33.6,16.6,19.0,18.2,17.0,16.6
美浦,20260822,土,7:21,ヴァンデエス,,牝,2,0,中舘英二,70.6,51.4,33.9,16.8,19.2,17.5,17.1,16.8
美浦,20260822,土,7:21,オールシティキング,,牡,2,未出走,手塚貴久,75.5,55.5,36.5,18.6,20.0,19.0,17.9,18.6
美浦,20260822,土,7:21,イズミル,,牡,2,未出走,中舘英二,70.3,51.8,34.3,17.4,18.5,17.5,16.9,17.4
美浦,20260822,土,7:22,ラブリーガール,,牝,4,400,勢司和浩,76.0,55.8,37.2,18.4,20.2,18.6,18.8,18.4
美浦,20260822,土,7:22,サーロー,,牝,3,400,勢司和浩,78.9,57.3,37.1,18.0,21.6,20.2,19.1,18.0
美浦,20260822,土,7:22,アイビーチーキー,,牡,3,400,加藤士津,65.2,46.9,31.0,15.8,18.3,15.9,15.2,15.8
美浦,20260822,土,7:22,デルマシナノ,,牝,2,未登録,,80.3,59.1,38.5,19.0,21.2,20.6,19.5,19.0
美浦,20260822,土,7:22,スパーキー,,牡,2,未出走,加藤士津,64.9,48.0,31.7,15.8,16.9,16.3,15.9,15.8
美浦,20260822,土,7:22,アミフジジャンヌ,,牝,2,未出走,勢司和浩,79.5,57.5,37.6,18.9,22.0,19.9,18.7,18.9
美浦,20260822,土,7:23,ペロ,,牡,5,400,浅利英明,56.1,41.9,27.8,13.6,14.2,14.1,14.2,13.6
美浦,20260822,土,7:23,ビップチェイス,,牡,5,900,田島俊明,69.7,50.7,33.1,16.4,19.0,17.6,16.7,16.4
美浦,20260822,土,7:23,マルカベント,,牡,4,200,浅利英明,65.9,48.9,31.7,15.2,17.0,17.2,16.5,15.2
美浦,20260822,土,7:23,ドッグズノーズ,,牡,2,未出走,浅利英明,69.0,51.1,33.7,16.5,17.9,17.4,17.2,16.5
美浦,20260822,土,7:23,サマーグリーン,,牝,2,未出走,加藤士津,63.9,47.8,32.2,16.3,16.1,15.6,15.9,16.3
美浦,20260822,土,7:23,サニーガッサン,,牡,2,未登録,,69.5,50.7,32.8,16.4,18.8,17.9,16.4,16.4
美浦,20260822,土,7:23,ライクアストーム,,牡,2,未出走,田島俊明,69.0,50.0,32.5,16.2,19.0,17.5,16.3,16.2
美浦,20260822,土,7:24,ダーリングハースト,,牝,3,400,宮田敬介,60.4,42.8,27.1,13.5,17.6,15.7,13.6,13.5
美浦,20260822,土,7:24,ブルードロップ,,牝,2,未登録,,68.7,51.3,33.9,17.0,17.4,17.4,16.9,17.0
美浦,20260822,土,7:24,タッカーヴィーチェ,,牝,2,未出走,田島俊明,68.0,50.4,33.1,16.6,17.6,17.3,16.5,16.6
美浦,20260822,土,7:24,ビップルーチェ,,牝,2,0,田島俊明,69.5,51.0,32.9,16.6,18.5,18.1,16.3,16.6
美浦,20260822,土,7:24,パウンドザロック,,牝,2,未出走,宮田敬介,67.9,49.4,32.7,16.4,18.5,16.7,16.3,16.4
美浦,20260822,土,7:24,コッディ,,牝,2,未出走,田島俊明,68.2,50.5,33.2,16.7,17.7,17.3,16.5,16.7
美浦,20260822,土,7:25,メイショウヨゾラ,,牝,5,2400,高柳瑞樹,67.9,50.0,32.6,16.0,17.9,17.4,16.6,16.0
美浦,20260822,土,7:25,セレスティナ,,牝,2,未出走,高柳瑞樹,67.6,50.1,32.9,15.9,17.5,17.2,17.0,15.9
美浦,20260822,土,7:25,ルクスマグナ,,牡,2,0,高柳瑞樹,67.7,50.3,33.2,16.7,17.4,17.1,16.5,16.7
美浦,20260822,土,7:26,マイネルブリックス,,牡,5,1500,黒岩陽一,65.4,48.0,31.1,15.6,17.4,16.9,15.5,15.6
美浦,20260822,土,7:26,エヴァートン,,牡,2,未登録,,66.5,48.7,32.2,16.3,17.8,16.5,15.9,16.3
美浦,20260822,土,7:27,ジェイエルライナー,,牝,4,80,青木孝文,66.4,48.8,31.9,16.0,17.6,16.9,15.9,16.0
美浦,20260822,土,7:27,ジェットブレード,,牡,4,900,青木孝文,65.6,48.8,32.1,15.9,16.8,16.7,16.2,15.9
美浦,20260822,土,7:27,ショウブファミリー,,牝,2,未出走,青木孝文,65.9,49.1,32.4,16.0,16.8,16.7,16.4,16.0
美浦,20260822,土,7:27,アオイノランチ,,牝,2,未登録,,66.1,49.0,32.2,16.1,17.1,16.8,16.1,16.1
美浦,20260822,土,7:29,キープサインオン,,牡,4,900,加藤征弘,67.4,49.8,32.6,16.3,17.6,17.2,16.3,16.3
美浦,20260822,土,7:29,サトノパトリオット,,セ,4,1500,木村哲也,71.9,53.2,35.4,17.6,18.7,17.8,17.8,17.6
美浦,20260822,土,7:29,セブンメデュラス,,セ,4,400,木村哲也,72.2,53.6,35.6,17.5,18.6,18.0,18.1,17.5
美浦,20260822,土,7:29,スノースコール,,牡,3,400,加藤征弘,66.5,48.6,31.7,15.7,17.9,16.9,16.0,15.7
美浦,20260822,土,7:29,スペシャルギフト,,牝,3,0,加藤征弘,69.9,51.9,33.5,16.6,18.0,18.4,16.9,16.6
美浦,20260822,土,7:29,ボスヒッツ,,セ,2,未出走,加藤征弘,69.7,51.8,34.1,16.3,17.9,17.7,17.8,16.3
美浦,20260822,土,7:29,ヴァイスリッター,,牡,2,未出走,加藤征弘,68.5,50.5,33.3,16.6,18.0,17.2,16.7,16.6
美浦,20260822,土,7:30,ショウナンライシン,,牡,6,3800,大竹正博,64.5,47.4,30.9,15.4,17.1,16.5,15.5,15.4
美浦,20260822,土,7:30,ブラッキッシュ,,牡,3,0,木村哲也,77.8,57.1,37.3,18.6,20.7,19.8,18.7,18.6
美浦,20260822,土,7:31,ピースワンデュック,,牡,5,2400,大竹正博,64.9,47.2,30.3,15.2,17.7,16.9,15.1,15.2
美浦,20260822,土,7:31,スカイダンスタイム,,牝,5,210,萱野浩二,67.5,50.8,33.6,16.9,16.7,17.2,16.7,16.9
美浦,20260822,土,7:34,トーアモルペウス,,セ,6,0,辻哲英,108.4,80.0,51.2,25.4,28.4,28.8,25.8,25.4
美浦,20260822,土,7:34,エーオーキング,,牡,4,900,久保田貴,68.1,50.4,33.4,16.3,17.7,17.0,17.1,16.3
美浦,20260822,土,7:34,ノヴェルチェルシー,,牝,2,未出走,久保田貴,70.1,51.3,33.8,16.6,18.8,17.5,17.2,16.6
美浦,20260822,土,7:34,サクセスメロディー,,牝,2,未出走,久保田貴,68.2,50.1,33.4,16.6,18.1,16.7,16.8,16.6
美浦,20260822,土,7:34,ブリスブリンク,,牝,2,未出走,辻哲英,114.4,81.5,52.3,26.7,32.9,29.2,25.6,26.7
美浦,20260822,土,7:35,ノアヴェルテ,,牡,2,未出走,中舘英二,69.6,50.7,32.8,15.9,18.9,17.9,16.9,15.9
美浦,20260822,土,7:36,ヤマトスイフト,,牝,3,0,中舘英二,70.1,52.0,34.1,17.3,18.1,17.9,16.8,17.3
美浦,20260822,土,7:36,ジワタネホ,,牝,3,400,中舘英二,70.3,51.8,34.1,17.3,18.5,17.7,16.8,17.3
美浦,20260822,土,7:36,エコロガレル,,牡,2,未出走,中舘英二,69.7,51.3,33.2,16.1,18.4,18.1,17.1,16.1
美浦,20260822,土,7:36,ヴァンデエス,,牝,2,0,中舘英二,69.7,51.6,33.5,16.5,18.1,18.1,17.0,16.5
美浦,20260822,土,7:36,イズミル,,牡,2,未出走,中舘英二,69.3,51.7,34.7,17.7,17.6,17.0,17.0,17.7
美浦,20260822,土,7:38,クリニクラウン,,牝,6,1500,小手川準,66.0,48.1,30.3,14.8,17.9,17.8,15.5,14.8
美浦,20260822,土,7:38,ハニーローリエ,,牝,4,900,小手川準,66.5,48.2,30.7,15.0,18.3,17.5,15.7,15.0
美浦,20260822,土,7:38,トゥモローズウェイ,,牝,3,0,小手川準,67.6,49.4,31.8,15.8,18.2,17.6,16.0,15.8
美浦,20260822,土,7:38,パッションノーヴァ,,牡,2,未出走,武藤善則,69.1,50.4,32.9,16.5,18.7,17.5,16.4,16.5
美浦,20260822,土,7:39,リオビーチ,,牝,2,未登録,,71.5,52.6,34.5,17.4,18.9,18.1,17.1,17.4
美浦,20260822,土,7:42,シンヒダカムーン,,牡,2,未出走,上原佑紀,68.1,50.1,33.0,16.2,18.0,17.1,16.8,16.2
美浦,20260822,土,7:42,ロードベラヴィータ,,牡,2,未出走,上原佑紀,67.8,49.6,32.4,15.9,18.2,17.2,16.5,15.9
美浦,20260822,土,7:42,レッドアバンドーネ,,牡,2,未出走,上原佑紀,62.3,45.7,30.0,14.8,16.6,15.7,15.2,14.8
美浦,20260822,土,7:45,ヴィヴァラリス,,牝,4,400,尾関知人,72.6,54.1,35.6,18.0,18.5,18.5,17.6,18.0
美浦,20260822,土,7:45,ブラッククラウズ,,牡,3,0,尾関知人,73.2,53.9,35.8,17.9,19.3,18.1,17.9,17.9
美浦,20260822,土,7:45,アリアファブラ,,牝,3,0,尾関知人,69.1,51.0,33.9,17.1,18.1,17.1,16.8,17.1
美浦,20260822,土,7:45,マイネルオラクル,,牡,3,0,尾関知人,68.1,50.7,33.8,17.3,17.4,16.9,16.5,17.3
美浦,20260822,土,7:45,ラブトゥエニイワン,,牡,3,0,尾関知人,69.2,51.2,33.9,16.7,18.0,17.3,17.2,16.7
美浦,20260822,土,7:45,ローブリッター,,牝,2,未出走,尾関知人,74.4,55.7,37.2,18.8,18.7,18.5,18.4,18.8
美浦,20260822,土,7:46,フレイムジョーカー,,牡,7,480,岩戸孝樹,68.0,50.8,33.6,16.8,17.2,17.2,16.8,16.8
美浦,20260822,土,7:46,ブレードサクセス,,牡,5,900,岩戸孝樹,66.0,49.1,31.9,16.2,16.9,17.2,15.7,16.2
美浦,20260822,土,7:46,モナコブル,,牡,5,900,岩戸孝樹,66.0,49.3,32.0,15.7,16.7,17.3,16.3,15.7
美浦,20260822,土,7:46,ラグアイリータ,,牝,3,0,岩戸孝樹,66.8,49.9,33.2,16.8,16.9,16.7,16.4,16.8
美浦,20260822,土,7:47,ペルシアーノ,,牝,3,0,相沢郁,65.7,48.1,31.8,15.3,17.6,16.3,16.5,15.3
美浦,20260822,土,7:48,サンセットブライト,,牝,5,1500,相沢郁,70.3,51.7,34.5,16.9,18.6,17.2,17.6,16.9
美浦,20260822,土,7:49,ブルージャイアント,,牡,4,400,蛯名正義,67.5,50.2,33.0,16.3,17.3,17.2,16.7,16.3
美浦,20260822,土,7:49,レイヤードレッド,,牡,4,900,手塚貴久,71.0,51.9,33.8,17.0,19.1,18.1,16.8,17.0
美浦,20260822,土,7:49,マルターズドン,,牡,3,400,手塚貴久,67.0,49.9,32.7,16.7,17.1,17.2,16.0,16.7
美浦,20260822,土,7:49,ペイヴザウェイ,,牡,2,未出走,蛯名正義,67.3,50.6,33.3,16.3,16.7,17.3,17.0,16.3
美浦,20260822,土,7:49,ケッパレ,,牡,2,未登録,,67.4,50.6,33.2,16.3,16.8,17.4,16.9,16.3
美浦,20260822,土,7:50,ヘイルメリーラン,,セ,3,250,松山将樹,69.1,51.1,33.3,16.3,18.0,17.8,17.0,16.3
美浦,20260822,土,7:50,イベリスアマラ,,牡,3,0,高橋文雅,67.8,49.4,32.3,16.6,18.4,17.1,15.7,16.6
美浦,20260822,土,7:50,アラヤシキ,,牡,2,未出走,松山将樹,69.7,51.3,33.6,16.9,18.4,17.7,16.7,16.9
美浦,20260822,土,7:51,ブルーマエストロ,,牡,4,900,黒岩陽一,63.3,47.1,30.2,15.0,16.2,16.9,15.2,15.0
美浦,20260822,土,7:51,コスモプルー,,牝,2,0,黒岩陽一,65.6,48.1,30.8,14.9,17.5,17.3,15.9,14.9
美浦,20260822,土,7:52,ロードトライデント,,牡,3,400,千葉直人,64.7,47.4,30.8,14.8,17.3,16.6,16.0,14.8
美浦,20260822,土,7:55,ラディアントスター,,牡,3,900,林徹,70.4,51.7,33.8,16.2,18.7,17.9,17.6,16.2
美浦,20260822,土,7:55,ガードオブオナー,,牡,3,0,林徹,70.2,52.1,34.3,16.9,18.1,17.8,17.4,16.9
美浦,20260822,土,7:55,プラチナリーフ,,牡,2,未出走,林徹,70.1,51.8,34.3,16.8,18.3,17.5,17.5,16.8
美浦,20260822,土,7:55,ナイトオブマース,,牝,2,未出走,林徹,70.4,52.2,34.4,17.0,18.2,17.8,17.4,17.0
美浦,20260822,土,7:58,ダイヒョウカーク,,牡,3,0,松山将樹,71.5,52.8,34.7,17.3,18.7,18.1,17.4,17.3
美浦,20260822,土,7:58,ラスリーズプレミア,,牡,2,未登録,,71.2,52.5,34.9,17.6,18.7,17.6,17.3,17.6
美浦,20260822,土,8:02,サンセットブライト,,牝,5,1500,相沢郁,65.6,48.3,31.2,15.8,17.3,17.1,15.4,15.8
美浦,20260822,土,8:11,ダノンマスタング,,牡,3,0,田中博康,63.4,47.2,31.2,15.5,16.2,16.0,15.7,15.5
美浦,20260822,土,8:11,テキサス,,牡,2,未出走,田中博康,63.7,47.3,31.0,15.6,16.4,16.3,15.4,15.6
美浦,20260822,土,8:18,ミッドセンチュリー,,牡,4,400,松山将樹,69.7,50.5,32.6,16.0,19.2,17.9,16.6,16.0
栗東,20260822,土,2:06,サンデーファンデー,,牡,6,11050,東田明士,63.2,46.3,30.7,15.3,16.9,15.6,15.4,15.3
栗東,20260822,土,4:00,スペシャルナンバー,,牡,7,1160,西村真幸,67.2,48.4,31.8,15.6,18.8,16.6,16.2,15.6
栗東,20260822,土,4:00,プロトポロス,,牡,6,2400,西村真幸,74.4,53.0,33.9,16.3,21.4,19.1,17.6,16.3
栗東,20260822,土,4:00,モカラマーズ,,牡,4,900,高柳大輔,56.2,40.2,25.8,12.8,16.0,14.4,13.0,12.8
栗東,20260822,土,4:00,ハニーサンシャイン,,牝,2,未登録,,66.6,47.3,30.4,14.9,19.3,16.9,15.5,14.9
栗東,20260822,土,4:00,ムスペルヘイム,,牡,2,未出走,西村真幸,66.1,48.0,31.6,15.6,18.1,16.4,16.0,15.6
栗東,20260822,土,4:01,アイスヴィレッジ,,牡,4,0,昆貢,67.2,49.4,33.1,16.7,17.8,16.3,16.4,16.7
栗東,20260822,土,4:01,ペイシャケイプ,,牡,4,2400,高橋康之,55.6,40.0,25.9,12.3,15.6,14.1,13.6,12.3
栗東,20260822,土,4:01,フィドルファドル,,牝,4,900,矢作芳人,67.0,47.7,30.8,14.6,19.3,16.9,16.2,14.6
栗東,20260822,土,4:01,スターシップ,,牡,3,830,高柳大輔,67.2,49.0,32.0,16.1,18.2,17.0,15.9,16.1
栗東,20260822,土,4:01,カフジエメンタール,,牡,3,1000,矢作芳人,68.1,49.9,33.1,16.4,18.2,16.8,16.7,16.4
栗東,20260822,土,4:01,イットガール,,牝,3,0,矢作芳人,68.0,49.8,32.3,16.4,18.2,17.5,15.9,16.4
栗東,20260822,土,4:01,モズプリフォール,,牡,3,0,矢作芳人,67.2,49.1,32.1,16.1,18.1,17.0,16.0,16.1
栗東,20260822,土,4:01,マガスティール,,牡,2,未出走,高柳大輔,69.0,49.8,32.5,16.4,19.2,17.3,16.1,16.4
栗東,20260822,土,4:01,ヴィクトリアビーゴ,,牡,2,未出走,西村真幸,67.2,47.7,31.0,15.3,19.5,16.7,15.7,15.3
栗東,20260822,土,4:01,ニクスルーナ,,牝,2,0,高柳大輔,70.1,50.9,33.0,16.5,19.2,17.9,16.5,16.5
栗東,20260822,土,4:02,グランキングオー,,牡,4,2400,高橋康之,79.0,56.5,37.4,18.8,22.5,19.1,18.6,18.8
栗東,20260822,土,4:02,エンジョイドライブ,,牡,4,0,宮本博,70.5,50.2,32.0,15.6,20.3,18.2,16.4,15.6
栗東,20260822,土,4:02,クールドリオン,,牡,3,0,庄野靖志,68.6,50.9,34.3,17.5,17.7,16.6,16.8,17.5
栗東,20260822,土,4:02,フルドフォルク,,牡,3,0,庄野靖志,66.9,48.3,31.5,15.7,18.6,16.8,15.8,15.7
栗東,20260822,土,4:02,グランブリーゼ,,牝,3,0,庄野靖志,66.0,48.3,32.4,16.3,17.7,15.9,16.1,16.3
栗東,20260822,土,4:02,ベルシュヴァル,,牝,3,400,中村直也,66.1,48.1,30.9,15.1,18.0,17.2,15.8,15.1
栗東,20260822,土,4:02,シャインゴーツ,,牡,3,0,北出成人,67.1,47.8,31.1,15.5,19.3,16.7,15.6,15.5
栗東,20260822,土,4:02,リーガルスプレンダ,,牝,3,0,庄野靖志,67.9,49.8,33.4,16.8,18.1,16.4,16.6,16.8
栗東,20260822,土,4:02,ワイドグンサ,,牡,3,400,庄野靖志,65.5,48.2,32.1,16.5,17.3,16.1,15.6,16.5
栗東,20260822,土,4:02,シルバーリム,,牝,3,400,中村直也,66.3,48.0,31.5,15.0,18.3,16.5,16.5,15.0
栗東,20260822,土,4:02,チュウワヘネシー,,牡,3,0,庄野靖志,65.3,48.3,32.1,16.5,17.0,16.2,15.6,16.5
栗東,20260822,土,4:02,モンサンラパージュ,,牝,2,未出走,清水久詞,55.1,40.2,26.2,12.7,14.9,14.0,13.5,12.7
栗東,20260822,土,4:02,ウインクローバー,,牝,2,0,宮本博,67.4,48.3,31.6,15.2,19.1,16.7,16.4,15.2
栗東,20260822,土,4:02,クインズローマ,,牝,2,未出走,宮本博,68.8,49.8,33.0,16.7,19.0,16.8,16.3,16.7
栗東,20260822,土,4:02,アヴァロン,,牡,2,未出走,清水久詞,54.2,39.6,25.8,12.7,14.6,13.8,13.1,12.7
栗東,20260822,土,4:02,バヤールロック,,牡,2,未出走,中村直也,67.0,48.3,32.0,15.7,18.7,16.3,16.3,15.7
栗東,20260822,土,4:02,カエンフォース,,牡,2,未出走,中村直也,71.2,51.6,34.1,16.9,19.6,17.5,17.2,16.9
栗東,20260822,土,4:03,ラインオブソウル,,牡,7,2400,東田明士,65.4,47.6,31.9,16.0,17.8,15.7,15.9,16.0
栗東,20260822,土,4:03,マリアナトレンチ,,牡,6,2400,東田明士,68.5,49.1,31.6,15.8,19.4,17.5,15.8,15.8
栗東,20260822,土,4:03,タイセイリアル,,牡,5,400,矢作芳人,60.4,44.3,29.6,15.1,16.1,14.7,14.5,15.1
栗東,20260822,土,4:03,ロードファイター,,牡,3,0,東田明士,63.8,47.4,31.5,15.7,16.4,15.9,15.8,15.7
栗東,20260822,土,4:03,ハピネスサンライズ,,牝,3,0,東田明士,67.7,48.4,31.2,15.1,19.3,17.2,16.1,15.1
栗東,20260822,土,4:03,メイショウリベロ,,牡,2,未出走,安達昭夫,64.7,48.1,32.7,17.1,16.6,15.4,15.6,17.1
栗東,20260822,土,4:03,ソリドゥス,,牡,2,0,安達昭夫,65.2,49.3,33.1,17.1,15.9,16.2,16.0,17.1
栗東,20260822,土,4:03,シャトンダンス,,牝,2,未出走,東田明士,69.8,50.3,33.0,16.2,19.5,17.3,16.8,16.2
栗東,20260822,土,4:03,キトゥンズクラフト,,牡,2,未出走,池江泰寿,66.1,47.4,30.6,14.5,18.7,16.8,16.1,14.5
栗東,20260822,土,4:04,アスクキングコング,,セ,8,900,梅田智之,64.4,47.8,31.2,15.7,16.6,16.6,15.5,15.7
栗東,20260822,土,4:04,アイキャンドウイッ,,牡,7,900,池江泰寿,69.8,50.5,33.2,16.7,19.3,17.3,16.5,16.7
栗東,20260822,土,4:04,ダークエクリプス,,牡,7,1500,今野貞一,65.2,47.8,31.6,15.6,17.4,16.2,16.0,15.6
栗東,20260822,土,4:04,リカントロポ,,牡,4,900,梅田智之,72.1,51.4,33.3,16.5,20.7,18.1,16.8,16.5
栗東,20260822,土,4:04,エイシンマールス,,牡,4,400,今野貞一,67.6,48.8,31.6,15.9,18.8,17.2,15.7,15.9
栗東,20260822,土,4:04,ジャスティンアポロ,,牡,3,0,茶木太樹,65.2,47.8,31.6,15.3,17.4,16.2,16.3,15.3
栗東,20260822,土,4:04,サカトクフェイス,,牡,3,0,今野貞一,67.3,49.2,31.9,15.5,18.1,17.3,16.4,15.5
栗東,20260822,土,4:04,サマーブリザード,,牡,3,400,吉田直弘,71.8,52.1,34.1,16.5,19.7,18.0,17.6,16.5
栗東,20260822,土,4:04,アスクチャンスマン,,牡,3,400,梅田智之,64.6,46.5,30.5,15.3,18.1,16.0,15.2,15.3
栗東,20260822,土,4:04,ペイシャマイデイズ,,牡,3,0,吉田直弘,73.6,52.6,33.8,16.5,21.0,18.8,17.3,16.5
栗東,20260822,土,4:04,UnrequitedLoveの2,,牡,2,未登録,,67.4,48.9,31.4,15.2,18.5,17.5,16.2,15.2
栗東,20260822,土,4:05,ペアポルックス,,牡,5,6950,梅田智之,68.9,49.5,31.9,16.1,19.4,17.6,15.8,16.1
栗東,20260822,土,4:05,シアター,,牝,5,900,茶木太樹,65.7,47.8,31.5,15.6,17.9,16.3,15.9,15.6
栗東,20260822,土,4:05,サダムオプシス,,牡,5,1500,平田修,67.6,49.4,32.2,15.9,18.2,17.2,16.3,15.9
栗東,20260822,土,4:05,ストラーダ,,牝,3,900,安田翔伍,64.6,47.0,30.9,16.5,17.6,16.1,14.4,16.5
栗東,20260822,土,4:05,パンキー,,牡,3,0,茶木太樹,66.1,47.5,31.7,15.6,18.6,15.8,16.1,15.6
栗東,20260822,土,4:05,アーガイルショア,,牝,3,400,安田翔伍,69.2,50.1,33.4,16.5,19.1,16.7,16.9,16.5
栗東,20260822,土,4:05,ナデシコザクラ,,牝,3,0,秋山真一,66.5,48.3,32.2,15.8,18.2,16.1,16.4,15.8
栗東,20260822,土,4:05,ペアピーターソン,,牡,3,0,梅田智之,69.8,50.4,32.9,16.7,19.4,17.5,16.2,16.7
栗東,20260822,土,4:05,エピッククイーン,,牝,3,400,中内田充,68.5,50.5,33.4,16.5,18.0,17.1,16.9,16.5
栗東,20260822,土,4:05,グランビスタ,,牝,3,0,池添学,67.0,48.3,31.6,15.6,18.7,16.7,16.0,15.6
栗東,20260822,土,4:05,パシフィックドーン,,牡,3,未出走,池添学,69.2,50.3,32.8,16.2,18.9,17.5,16.6,16.2
栗東,20260822,土,4:05,タタンタン,,牝,2,未出走,安田翔伍,73.6,52.6,34.8,17.3,21.0,17.8,17.5,17.3
栗東,20260822,土,4:05,カルネアデス,,牡,2,未出走,茶木太樹,64.7,47.9,32.2,15.9,16.8,15.7,16.3,15.9
栗東,20260822,土,4:05,シャローオネスト,,牡,2,未出走,安田翔伍,70.4,52.0,34.6,17.2,18.4,17.4,17.4,17.2
栗東,20260822,土,4:05,ヴェルソドルチェ,,牝,2,未出走,茶木太樹,65.9,48.5,32.0,15.9,17.4,16.5,16.1,15.9
栗東,20260822,土,4:05,アストラルライト,,牝,2,未出走,安田翔伍,64.7,47.7,31.9,16.2,17.0,15.8,15.7,16.2
栗東,20260822,土,4:05,スターリーデー,,牝,2,0,茶木太樹,65.7,47.6,31.0,15.4,18.1,16.6,15.6,15.4
栗東,20260822,土,4:05,アイボリータワー,,牝,2,未出走,安田翔伍,71.3,52.3,34.8,16.7,19.0,17.5,18.1,16.7
栗東,20260822,土,4:06,ポエットリー,,牝,5,1500,平田修,67.0,48.1,31.6,15.5,18.9,16.5,16.1,15.5
栗東,20260822,土,4:06,ランウインディ,,牝,5,1500,中尾秀正,66.4,48.0,32.1,15.6,18.4,15.9,16.5,15.6
栗東,20260822,土,4:06,オドラニャソンソン,,牡,4,190,森田直行,72.7,52.4,34.3,17.0,20.3,18.1,17.3,17.0
栗東,20260822,土,4:06,アルミラージ,,牝,3,0,小林真也,60.0,44.3,29.7,15.0,15.7,14.6,14.7,15.0
栗東,20260822,土,4:06,プリュスエクラ,,牝,3,0,小林真也,65.8,48.0,32.1,15.6,17.8,15.9,16.5,15.6
栗東,20260822,土,4:06,クロスボーダー,,牝,3,0,小林真也,68.1,50.2,33.5,17.0,17.9,16.7,16.5,17.0
栗東,20260822,土,4:07,ヨシノイースター,,牡,8,6600,中尾秀正,65.8,48.8,32.5,16.3,17.0,16.3,16.2,16.3
栗東,20260822,土,4:07,モズレイラココナ,,牝,4,280,森田直行,68.8,50.9,34.0,16.6,17.9,16.9,17.4,16.6
栗東,20260822,土,4:07,ダノンシーマ,,牡,4,3800,中内田充,66.6,48.0,31.2,15.6,18.6,16.8,15.6,15.6
栗東,20260822,土,4:07,ブレットパス,,牡,3,900,中内田充,65.2,48.5,31.2,15.4,16.7,17.3,15.8,15.4
栗東,20260822,土,4:07,エンルートフライト,,牡,2,0,池添学,66.5,49.4,32.1,15.6,17.1,17.3,16.5,15.6
栗東,20260822,土,4:07,ディープナイト,,牡,2,0,牧田和弥,64.5,47.9,30.9,14.9,16.6,17.0,16.0,14.9
栗東,20260822,土,4:08,モンシェリ,,牝,5,900,牧田和弥,66.3,48.4,32.2,16.1,17.9,16.2,16.1,16.1
栗東,20260822,土,4:08,スコーピオンイメル,,牡,4,400,武英智,53.0,38.7,25.8,13.5,14.3,12.9,12.3,13.5
栗東,20260822,土,4:08,ビーアイフォルテ,,牝,4,900,牧田和弥,65.3,48.0,31.4,15.4,17.3,16.6,16.0,15.4
栗東,20260822,土,4:08,ダンツウルス,,牡,3,400,谷潔,63.2,45.8,30.0,15.0,17.4,15.8,15.0,15.0
栗東,20260822,土,4:08,クラリノ,,牝,3,0,武英智,53.0,38.6,25.4,12.8,14.4,13.2,12.6,12.8
栗東,20260822,土,4:08,ジューンセクレタ,,牡,3,400,武英智,68.2,49.8,33.1,16.3,18.4,16.7,16.8,16.3
栗東,20260822,土,4:08,ドリームリボン,,牝,2,未出走,谷潔,66.8,47.9,31.4,16.0,18.9,16.5,15.4,16.0
栗東,20260822,土,4:09,フライングブレード,,牡,6,1500,飯田祐史,70.0,51.0,33.6,16.5,19.0,17.4,17.1,16.5
栗東,20260822,土,4:09,リアライズグリント,,牡,3,1600,矢作芳人,65.0,46.9,30.6,15.3,18.1,16.3,15.3,15.3
栗東,20260822,土,4:09,サトノアグード,,牡,3,400,藤原英昭,68.5,50.3,33.2,16.4,18.2,17.1,16.8,16.4
栗東,20260822,土,4:09,ペコリズム,,牝,3,0,森田直行,80.4,59.1,39.9,20.3,21.3,19.2,19.6,20.3
栗東,20260822,土,4:09,ベンゲル,,牡,2,未出走,飯田祐史,75.3,53.4,34.1,17.0,21.9,19.3,17.1,17.0
栗東,20260822,土,4:09,リンピッド,,牝,2,未出走,飯田祐史,70.7,51.1,32.7,15.7,19.6,18.4,17.0,15.7
栗東,20260822,土,4:09,コロラート,,セ,2,未出走,飯田祐史,70.2,52.0,34.2,17.3,18.2,17.8,16.9,17.3
栗東,20260822,土,4:09,アイラニフラワー,,牝,2,未出走,飯田祐史,71.7,51.8,34.5,17.2,19.9,17.3,17.3,17.2
栗東,20260822,土,4:09,エクシプノス,,牡,2,未登録,,68.6,50.1,32.9,16.2,18.5,17.2,16.7,16.2
栗東,20260822,土,4:10,キントラダンサー,,牝,4,900,長谷川浩,57.0,41.5,26.7,13.1,15.5,14.8,13.6,13.1
栗東,20260822,土,4:10,ゼンエスポワール,,牡,4,900,飯田祐史,70.0,50.7,33.4,16.3,19.3,17.3,17.1,16.3
栗東,20260822,土,4:10,パスリヤージュ,,牝,3,0,荒川義之,66.4,48.8,31.2,15.6,17.6,17.6,15.6,15.6
栗東,20260822,土,4:10,ロードメルヴェイユ,,牡,3,400,長谷川浩,57.1,41.4,26.7,13.1,15.7,14.7,13.6,13.1
栗東,20260822,土,4:10,カラクニダケ,,牡,3,400,谷潔,71.5,50.9,32.9,15.9,20.6,18.0,17.0,15.9
栗東,20260822,土,4:10,ロンリーマン,,牡,2,0,荒川義之,67.2,49.5,33.6,17.3,17.7,15.9,16.3,17.3
栗東,20260822,土,4:10,カムトゥルー,,牡,2,未出走,荒川義之,66.4,48.8,32.6,16.0,17.6,16.2,16.6,16.0
栗東,20260822,土,4:10,ダイユウアルバ,,牡,2,未登録,,67.9,49.1,32.8,16.2,18.8,16.3,16.6,16.2
栗東,20260822,土,4:10,シンゼンクラマ,,牡,2,未出走,荒川義之,66.6,48.6,32.5,16.8,18.0,16.1,15.7,16.8
栗東,20260822,土,4:10,ソフィアビルド,,牡,2,未出走,藤原英昭,63.2,46.1,30.3,15.1,17.1,15.8,15.2,15.1
栗東,20260822,土,4:10,ダイユウエゾフジ,,牡,2,未出走,荒川義之,66.3,47.5,30.3,14.5,18.8,17.2,15.8,14.5
栗東,20260822,土,4:11,マリオロード,,牡,7,3800,安達昭夫,69.3,49.5,32.3,15.8,19.8,17.2,16.5,15.8
栗東,20260822,土,4:11,バレエマスター,,牡,7,3250,梅田智之,68.4,51.0,34.6,17.8,17.4,16.4,16.8,17.8
栗東,20260822,土,4:11,カムアップローゼス,,牡,3,900,浜田多実,70.7,51.5,34.1,17.3,19.2,17.4,16.8,17.3
栗東,20260822,土,4:11,チュオンソン,,牡,3,0,昆貢,68.2,48.8,31.7,15.5,19.4,17.1,16.2,15.5
栗東,20260822,土,4:11,リザーヴドパワー,,牡,2,未出走,昆貢,63.0,46.2,30.3,14.8,16.8,15.9,15.5,14.8
栗東,20260822,土,4:11,ベルセルク,,牡,2,未出走,森田直行,68.5,50.7,32.1,16.7,17.8,18.6,15.4,16.7
栗東,20260822,土,4:12,メイショウヤーキス,,牡,5,1500,飯田祐史,69.4,50.6,33.4,16.6,18.8,17.2,16.8,16.6
栗東,20260822,土,4:12,リガーレ,,牡,4,400,池江泰寿,67.5,49.1,31.4,15.0,18.4,17.7,16.4,15.0
栗東,20260822,土,4:12,ミッキーゴールド,,セ,4,2400,池江泰寿,66.7,47.9,31.2,15.6,18.8,16.7,15.6,15.6
栗東,20260822,土,4:12,ジャイアンバローズ,,牡,3,900,池江泰寿,68.2,49.3,31.7,15.9,18.9,17.6,15.8,15.9
栗東,20260822,土,4:12,ミッキージャンプ,,牡,3,900,池江泰寿,66.8,48.1,31.3,15.6,18.7,16.8,15.7,15.6
栗東,20260822,土,4:12,アラムシャピラス,,牡,3,0,池江泰寿,67.4,49.0,31.8,16.0,18.4,17.2,15.8,16.0
栗東,20260822,土,4:12,レジェルテ,,牡,3,0,柴田卓,65.8,48.4,32.2,16.0,17.4,16.2,16.2,16.0
栗東,20260822,土,4:13,ヤマニンループ,,牡,7,900,松永幹夫,66.2,48.4,32.1,15.9,17.8,16.3,16.2,15.9
栗東,20260822,土,4:13,ビップジーニー,,牡,5,1500,松下武士,65.9,48.0,31.2,15.2,17.9,16.8,16.0,15.2
栗東,20260822,土,4:13,ローマンレイク,,牝,5,900,松永幹夫,67.8,49.1,32.4,16.8,18.7,16.7,15.6,16.8
栗東,20260822,土,4:13,ダガーリング,,牡,4,1000,柴田卓,67.2,48.9,32.4,16.2,18.3,16.5,16.2,16.2
栗東,20260822,土,4:13,ルクスフレンジー,,牡,4,1600,松永幹夫,65.7,48.6,32.1,16.0,17.1,16.5,16.1,16.0
栗東,20260822,土,4:13,ピエタンツァ,,牝,4,400,松永幹夫,68.6,50.2,32.8,16.0,18.4,17.4,16.8,16.0
栗東,20260822,土,4:13,サーブルディアマン,,牡,3,0,坂口智康,66.7,47.8,30.9,15.2,18.9,16.9,15.7,15.2
栗東,20260822,土,4:13,スウィートハピネス,,牝,3,1600,北出成人,68.7,49.7,31.9,15.6,19.0,17.8,16.3,15.6
栗東,20260822,土,4:13,カパルア,,牡,3,0,松永幹夫,65.8,48.2,32.2,16.2,17.6,16.0,16.0,16.2
栗東,20260822,土,4:13,バルセシート,,牡,3,900,松下武士,67.4,48.8,32.3,16.2,18.6,16.5,16.1,16.2
栗東,20260822,土,4:13,オメガダフネ,,牡,2,未出走,柴田卓,67.9,49.2,32.3,15.8,18.7,16.9,16.5,15.8
栗東,20260822,土,4:13,ブラックミューズ,,牝,2,0,松永幹夫,67.9,48.9,32.4,16.1,19.0,16.5,16.3,16.1
栗東,20260822,土,4:13,クラルテロワ,,牡,2,未出走,松永幹夫,65.6,48.2,31.7,16.0,17.4,16.5,15.7,16.0
栗東,20260822,土,4:13,プッシュザリミット,,牡,2,0,柴田卓,68.3,48.6,31.6,15.7,19.7,17.0,15.9,15.7
栗東,20260822,土,4:14,ストップザタイム,,セ,7,900,緒方努,69.4,50.8,33.2,16.4,18.6,17.6,16.8,16.4
栗東,20260822,土,4:14,レジェンダリーデイ,,セ,6,130,森田直行,73.3,53.5,34.8,17.5,19.8,18.7,17.3,17.5
栗東,20260822,土,4:14,キャッスルレイク,,牝,4,900,松下武士,68.8,50.5,33.3,16.5,18.3,17.2,16.8,16.5
栗東,20260822,土,4:14,クールドリオン,,牡,3,0,庄野靖志,66.7,48.8,32.7,16.7,17.9,16.1,16.0,16.7
栗東,20260822,土,4:14,オレンジフィールド,,牝,3,0,北出成人,67.0,48.7,32.5,16.1,18.3,16.2,16.4,16.1
栗東,20260822,土,4:14,オプティモ,,牡,3,400,緒方努,65.9,47.6,31.6,15.8,18.3,16.0,15.8,15.8
栗東,20260822,土,4:14,サラサダンディー,,牡,3,0,岡田稲男,66.7,48.1,31.4,15.7,18.6,16.7,15.7,15.7
栗東,20260822,土,4:14,キングズテイル,,牡,3,0,岡田稲男,69.0,50.1,32.8,16.2,18.9,17.3,16.6,16.2
栗東,20260822,土,4:14,ドメイン,,牡,3,400,松下武士,71.5,50.8,33.0,16.3,20.7,17.8,16.7,16.3
栗東,20260822,土,4:14,メイショウアカリ,,牝,3,400,松下武士,71.6,53.4,35.7,17.6,18.2,17.7,18.1,17.6
栗東,20260822,土,4:14,マイリトルヒーロー,,牡,3,400,高橋康之,70.8,52.0,34.1,16.8,18.8,17.9,17.3,16.8
栗東,20260822,土,4:14,ポニーテール,,牝,3,未出走,中内田充,68.3,48.2,30.8,15.4,20.1,17.4,15.4,15.4
栗東,20260822,土,4:14,マヒナピハ,,牝,2,未出走,緒方努,67.5,48.5,31.4,15.7,19.0,17.1,15.7,15.7
栗東,20260822,土,4:14,コトテーラー,,牝,2,未出走,緒方努,66.7,48.1,32.1,16.1,18.6,16.0,16.0,16.1
栗東,20260822,土,4:14,リュコス,,牡,2,未出走,緒方努,68.3,48.9,31.5,15.7,19.4,17.4,15.8,15.7
栗東,20260822,土,4:15,メイショウユズルハ,,牡,7,2400,岡田稲男,69.1,50.4,33.8,17.1,18.7,16.6,16.7,17.1
栗東,20260822,土,4:15,カポレイラ,,牝,4,400,北出成人,65.6,48.0,31.8,15.6,17.6,16.2,16.2,15.6
栗東,20260822,土,4:15,エブリデイ,,牡,3,400,北出成人,69.5,49.3,31.5,16.0,20.2,17.8,15.5,16.0
栗東,20260822,土,4:15,シエーナカラー,,牝,3,400,北出成人,68.1,49.2,30.9,14.9,18.9,18.3,16.0,14.9
栗東,20260822,土,4:15,ドットカモン,,牡,3,0,笹田和秀,69.2,50.8,32.9,16.2,18.4,17.9,16.7,16.2
栗東,20260822,土,4:15,ヒルノプーリア,,牝,3,400,北出成人,68.8,49.8,32.7,15.8,19.0,17.1,16.9,15.8
栗東,20260822,土,4:15,ペイシャマイデイズ,,牡,3,0,吉田直弘,53.1,39.2,25.9,13.1,13.9,13.3,12.8,13.1
栗東,20260822,土,4:15,シーグロリオーゾ,,牡,2,未出走,池添学,71.3,51.6,33.7,16.5,19.7,17.9,17.2,16.5
栗東,20260822,土,4:16,ワンダーアンレール,,牝,3,未出走,笹田和秀,68.0,49.8,32.6,16.0,18.2,17.2,16.6,16.0
栗東,20260822,土,4:16,キタノトレボーネ,,牡,3,0,坂口智康,72.5,52.6,34.6,16.9,19.9,18.0,17.7,16.9
栗東,20260822,土,4:16,ゴールドアーチ,,牡,3,400,坂口智康,70.0,51.1,34.1,17.2,18.9,17.0,16.9,17.2
栗東,20260822,土,4:16,ピカラ,,牝,3,900,坂口智康,67.8,48.9,31.9,15.9,18.9,17.0,16.0,15.9
栗東,20260822,土,4:16,レイディアントサン,,牡,2,未出走,安達昭夫,74.7,52.9,34.4,16.8,21.8,18.5,17.6,16.8
栗東,20260822,土,4:16,ベルメサージュ,,牝,2,0,大根田裕,67.4,48.9,32.1,16.1,18.5,16.8,16.0,16.1
栗東,20260822,土,4:16,ヤマトデュノール,,牡,2,0,安達昭夫,72.8,53.7,35.7,17.7,19.1,18.0,18.0,17.7
栗東,20260822,土,4:16,ベイビーブラザー,,牡,2,0,安達昭夫,75.7,53.9,35.1,17.2,21.8,18.8,17.9,17.2
栗東,20260822,土,4:17,バーケンティン,,牡,5,400,平田修,68.5,49.4,33.2,17.1,19.1,16.2,16.1,17.1
栗東,20260822,土,4:17,マダムイグレイン,,牝,4,270,飯田祐史,69.5,50.5,33.4,16.9,19.0,17.1,16.5,16.9
栗東,20260822,土,4:17,クラックショット,,牡,3,400,清水久詞,55.7,40.2,26.0,12.8,15.5,14.2,13.2,12.8
栗東,20260822,土,4:17,サンライズケヴィン,,牡,3,900,平田修,67.4,49.9,33.4,16.9,17.5,16.5,16.5,16.9
栗東,20260822,土,4:17,ケイアイトリノ,,牡,2,未出走,平田修,67.0,49.3,32.6,16.7,17.7,16.7,15.9,16.7
栗東,20260822,土,4:18,アジュマン,,牡,4,900,石坂公一,63.4,46.4,30.4,14.7,17.0,16.0,15.7,14.7
栗東,20260822,土,4:18,タントレーベル,,牝,3,0,吉村圭司,60.1,44.8,29.9,15.2,15.3,14.9,14.7,15.2
栗東,20260822,土,4:18,シャドウマスター,,牡,3,900,杉山晴紀,67.0,47.8,30.6,14.8,19.2,17.2,15.8,14.8
栗東,20260822,土,4:18,エアリアルグレース,,牝,3,0,吉村圭司,58.7,43.3,28.8,14.8,15.4,14.5,14.0,14.8
栗東,20260822,土,4:18,ロードスタニング,,牡,3,400,杉山晴紀,70.1,50.5,33.0,16.6,19.6,17.5,16.4,16.6
栗東,20260822,土,4:18,ナムラコスモス,,牝,3,1950,大橋勇樹,74.8,54.3,35.7,17.9,20.5,18.6,17.8,17.9
栗東,20260822,土,4:18,アマブレ,,牝,2,未出走,石坂公一,65.7,47.5,31.3,15.3,18.2,16.2,16.0,15.3
栗東,20260822,土,4:19,ビッグシーザー,,牡,6,8500,杉山晴紀,68.8,50.4,33.4,16.7,18.4,17.0,16.7,16.7
栗東,20260822,土,4:19,カツラコマチ,,牝,3,0,吉村圭司,69.4,50.4,32.4,15.1,19.0,18.0,17.3,15.1
栗東,20260822,土,4:19,シーズザスローン,,牡,3,1500,松永幹夫,73.2,53.9,34.9,17.1,19.3,19.0,17.8,17.1
栗東,20260822,土,4:19,サンタカタリナ,,牝,3,0,杉山晴紀,74.4,54.9,36.2,18.2,19.5,18.7,18.0,18.2
栗東,20260822,土,4:19,エイシンティザー,,牡,3,400,吉村圭司,67.8,48.4,31.1,15.2,19.4,17.3,15.9,15.2
栗東,20260822,土,4:19,サヴォアフェール,,牡,3,1500,杉山晴紀,66.9,48.7,32.4,15.8,18.2,16.3,16.6,15.8
栗東,20260822,土,4:19,ニシノエビガタメ,,牡,3,0,吉村圭司,66.8,48.0,30.5,15.1,18.8,17.5,15.4,15.1
栗東,20260822,土,4:19,ファストフォワード,,牝,3,900,小林真也,66.6,48.0,31.1,15.4,18.6,16.9,15.7,15.4
栗東,20260822,土,4:19,ベルウッドワタル,,牡,2,未出走,杉山晴紀,68.9,49.6,32.5,15.9,19.3,17.1,16.6,15.9
栗東,20260822,土,4:19,タントスペランツァ,,牝,2,未登録,,68.7,49.3,31.7,15.7,19.4,17.6,16.0,15.7
栗東,20260822,土,4:19,ガヤーズランボー,,牡,2,0,秋山真一,69.0,50.4,33.7,16.5,18.6,16.7,17.2,16.5
栗東,20260822,土,4:20,ゼンノインヴォーク,,セ,7,400,緒方努,68.5,49.6,32.2,16.1,18.9,17.4,16.1,16.1
栗東,20260822,土,4:20,ファイナルコマンド,,牡,3,0,東田明士,63.5,46.0,29.8,14.6,17.5,16.2,15.2,14.6
栗東,20260822,土,4:20,ロブチェン,,牡,3,28900,杉山晴紀,69.8,50.3,32.6,16.1,19.5,17.7,16.5,16.1
栗東,20260822,土,4:20,ヤソタケル,,牡,2,未登録,,72.7,52.6,34.7,17.4,20.1,17.9,17.3,17.4
栗東,20260822,土,4:20,クリノライジング,,牝,2,未出走,大橋勇樹,72.6,53.8,35.9,18.4,18.8,17.9,17.5,18.4
栗東,20260822,土,4:20,ナムラファントム,,牡,2,未出走,大橋勇樹,72.5,53.6,35.8,18.3,18.9,17.8,17.5,18.3
栗東,20260822,土,4:20,リアルカムイ,,牡,2,0,大橋勇樹,73.6,54.0,35.3,17.4,19.6,18.7,17.9,17.4
栗東,20260822,土,4:21,メイショウシナノ,,牡,6,1500,大橋勇樹,72.0,53.1,34.5,17.0,18.9,18.6,17.5,17.0
栗東,20260822,土,4:21,アビル,,牡,3,0,高橋一哉,65.4,47.2,30.7,15.0,18.2,16.5,15.7,15.0
栗東,20260822,土,4:22,ショーダンサー,,牡,4,900,大根田裕,66.7,48.2,31.4,15.1,18.5,16.8,16.3,15.1
栗東,20260822,土,4:22,ルーセントムーン,,牡,3,0,高橋一哉,69.8,51.3,33.6,16.3,18.5,17.7,17.3,16.3
栗東,20260822,土,4:22,カーリキュー,,牝,3,400,高橋一哉,66.4,48.6,31.3,15.3,17.8,17.3,16.0,15.3
栗東,20260822,土,4:22,アラビアンジョイ,,牝,3,400,高橋一哉,68.1,49.4,32.4,16.4,18.7,17.0,16.0,16.4
栗東,20260822,土,4:22,メイショウナナシロ,,牡,3,0,石橋守,72.5,52.3,34.4,17.0,20.2,17.9,17.4,17.0
栗東,20260822,土,4:22,アクシュラ,,牝,3,0,橋口慎介,75.4,54.6,36.5,17.8,20.8,18.1,18.7,17.8
栗東,20260822,土,4:22,ナポリ,,牝,2,0,井上智史,66.6,48.6,32.0,16.0,18.0,16.6,16.0,16.0
栗東,20260822,土,4:22,ウォーターガルーダ,,牡,2,未出走,石橋守,67.1,48.5,32.3,16.1,18.6,16.2,16.2,16.1
栗東,20260822,土,4:22,スターオブザイヤー,,牝,2,0,井上智史,65.2,48.1,32.1,16.1,17.1,16.0,16.0,16.1
栗東,20260822,土,4:23,リジル,,牝,5,2400,奥村豊,72.0,53.3,34.9,17.3,18.7,18.4,17.6,17.3
栗東,20260822,土,4:23,タイセイカイザー,,牡,4,1500,奥村豊,68.6,50.3,32.2,15.1,18.3,18.1,17.1,15.1
栗東,20260822,土,4:23,ボルセーナ,,牝,4,900,奥村豊,72.3,52.8,34.8,16.9,19.5,18.0,17.9,16.9
栗東,20260822,土,4:23,タイセイゼスティ,,牡,3,0,奥村豊,70.9,52.0,34.1,16.6,18.9,17.9,17.5,16.6
栗東,20260822,土,4:23,ワイドヴィンクルム,,セ,3,0,奥村豊,78.5,57.7,37.9,19.0,20.8,19.8,18.9,19.0
栗東,20260822,土,4:23,ボーントゥウォリア,,牡,3,400,奥村豊,71.0,52.4,34.8,17.6,18.6,17.6,17.2,17.6
栗東,20260822,土,4:23,タガノランパート,,牡,3,0,奥村豊,66.9,49.3,32.9,16.6,17.6,16.4,16.3,16.6
栗東,20260822,土,4:23,レガリアフォリア,,牡,2,未登録,,67.6,49.8,32.3,16.1,17.8,17.5,16.2,16.1
栗東,20260822,土,4:24,イミュータブル,,牡,6,1500,浜田多実,69.5,51.0,34.2,17.2,18.5,16.8,17.0,17.2
栗東,20260822,土,4:24,クインズセレネ,,牝,5,400,野中賢二,68.2,49.4,32.5,15.9,18.8,16.9,16.6,15.9
栗東,20260822,土,4:24,リオンプライム,,牝,4,0,鈴木孝志,69.5,51.8,34.3,16.6,17.7,17.5,17.7,16.6
栗東,20260822,土,4:24,ベルサ,,牝,4,400,鈴木孝志,69.8,50.2,32.6,16.0,19.6,17.6,16.6,16.0
栗東,20260822,土,4:24,ビービークローサー,,牡,3,1500,野中賢二,69.8,49.9,32.8,16.0,19.9,17.1,16.8,16.0
栗東,20260822,土,4:24,デルニエジョイ,,牡,3,0,鈴木孝志,67.6,49.9,33.2,16.6,17.7,16.7,16.6,16.6
栗東,20260822,土,4:24,ジュンヴァッテッド,,牡,3,0,浜田多実,71.8,51.5,32.9,16.2,20.3,18.6,16.7,16.2
栗東,20260822,土,4:24,クインズアンジェロ,,牝,2,未出走,野中賢二,67.5,49.5,33.0,16.4,18.0,16.5,16.6,16.4
栗東,20260822,土,4:24,ナイトインチュニス,,牡,2,未出走,野中賢二,69.7,50.5,33.3,16.4,19.2,17.2,16.9,16.4
栗東,20260822,土,4:24,ランズエンド,,牡,2,0,野中賢二,71.3,52.2,34.4,17.3,19.1,17.8,17.1,17.3
栗東,20260822,土,4:24,ランスオブナイト,,牡,2,未出走,本田優,71.7,51.6,34.2,17.1,20.1,17.4,17.1,17.1
栗東,20260822,土,4:24,ジュンヴァグネル,,牡,2,0,浜田多実,71.3,50.8,33.2,16.7,20.5,17.6,16.5,16.7
栗東,20260822,土,4:25,メイショウタバル,,牡,5,41650,石橋守,71.0,52.6,34.6,17.3,18.4,18.0,17.3,17.3
栗東,20260822,土,4:25,メイショウラリマー,,牡,2,未出走,本田優,74.2,53.6,34.9,17.5,20.6,18.7,17.4,17.5
栗東,20260822,土,4:25,ツーエムマドンナ,,牝,2,未出走,本田優,72.2,53.2,35.6,18.1,19.0,17.6,17.5,18.1
栗東,20260822,土,4:26,アトモス,,牡,3,400,角田晃一,73.1,53.2,34.8,17.3,19.9,18.4,17.5,17.3
栗東,20260822,土,4:26,マジョレルブルー,,牡,3,900,友道康夫,65.4,47.7,31.3,15.7,17.7,16.4,15.6,15.7
栗東,20260822,土,4:26,キッコベッロ,,牡,3,400,友道康夫,63.2,45.9,30.0,15.0,17.3,15.9,15.0,15.0
栗東,20260822,土,4:26,ファルカータ,,牝,3,400,友道康夫,63.5,46.8,30.8,15.2,16.7,16.0,15.6,15.2
栗東,20260822,土,4:26,ルージュアルシーヴ,,牝,2,未登録,,64.6,47.2,31.0,15.2,17.4,16.2,15.8,15.2
栗東,20260822,土,4:27,シャイニングスター,,牡,3,0,小椋研介,64.8,46.8,30.4,15.3,18.0,16.4,15.1,15.3
栗東,20260822,土,4:27,ジャンヌドゥレーヴ,,牝,3,400,角田晃一,66.0,47.9,31.5,15.4,18.1,16.4,16.1,15.4
栗東,20260822,土,4:27,フリーレイン,,牝,2,未出走,角田晃一,67.3,49.0,31.8,15.9,18.3,17.2,15.9,15.9
栗東,20260822,土,4:27,スカイメテオ,,牡,2,未出走,小椋研介,68.2,49.1,32.1,16.1,19.1,17.0,16.0,16.1
栗東,20260822,土,4:27,ビップアーシャ,,牝,2,未出走,小椋研介,71.0,51.4,32.9,16.1,19.6,18.5,16.8,16.1
栗東,20260822,土,4:27,ベラジオセブン,,牡,2,未出走,小椋研介,71.8,52.7,34.5,17.4,19.1,18.2,17.1,17.4
栗東,20260822,土,4:28,フェルシナ,,牝,4,400,西園翔太,68.0,50.3,33.8,16.7,17.7,16.5,17.1,16.7
栗東,20260822,土,4:28,タガノバビロン,,牡,4,2400,西園翔太,68.7,49.5,32.2,16.1,19.2,17.3,16.1,16.1
栗東,20260822,土,4:28,クロームクロス,,牡,3,0,西園翔太,67.8,49.8,32.6,16.1,18.0,17.2,16.5,16.1
栗東,20260822,土,4:28,スクランプシャス,,牡,3,0,橋口慎介,67.3,48.8,31.4,16.0,18.5,17.4,15.4,16.0
栗東,20260822,土,4:28,リアライズルミナス,,牝,3,400,橋口慎介,71.1,51.1,33.2,16.6,20.0,17.9,16.6,16.6
栗東,20260822,土,4:28,サガルマータ,,牡,3,900,福永祐一,66.1,48.6,31.9,16.0,17.5,16.7,15.9,16.0
栗東,20260822,土,4:28,アパレイユ,,牝,3,400,西園翔太,68.7,49.7,32.6,16.8,19.0,17.1,15.8,16.8
栗東,20260822,土,4:28,ラプチュラス,,牝,2,未出走,西園翔太,68.6,49.8,32.6,16.3,18.8,17.2,16.3,16.3
栗東,20260822,土,4:29,パヴィーア,,牝,4,400,田中克典,67.8,49.3,32.5,15.7,18.5,16.8,16.8,15.7
栗東,20260822,土,4:29,セキゾウ,,牡,3,0,田中克典,68.3,49.7,32.5,16.2,18.6,17.2,16.3,16.2
栗東,20260822,土,4:29,ココロヅヨサ,,牡,3,400,田中克典,68.3,49.5,32.5,16.1,18.8,17.0,16.4,16.1
栗東,20260822,土,4:29,エレガンスアスク,,牝,3,400,田中克典,65.9,47.7,31.0,15.3,18.2,16.7,15.7,15.3
栗東,20260822,土,4:30,バニーラビット,,牡,4,400,武幸四郎,70.1,52.3,34.8,17.5,17.8,17.5,17.3,17.5
栗東,20260822,土,4:30,ロードヴィゴラス,,牡,3,400,四位洋文,62.1,44.3,28.8,14.0,17.8,15.5,14.8,14.0
栗東,20260822,土,4:30,アクアアイ,,牝,3,400,四位洋文,67.1,48.9,32.2,16.0,18.2,16.7,16.2,16.0
栗東,20260822,土,4:30,アメリカンコール,,牡,3,400,武幸四郎,72.4,53.6,35.1,17.0,18.8,18.5,18.1,17.0
栗東,20260822,土,4:30,スエヒロビリーブ,,牡,2,未登録,,73.9,53.4,34.9,17.2,20.5,18.5,17.7,17.2
栗東,20260822,土,4:30,ゴールデンステーラ,,牡,2,未出走,本田優,69.7,52.6,35.4,17.9,17.1,17.2,17.5,17.9
栗東,20260822,土,4:31,グロリアラウス,,セ,5,2400,斉藤崇史,71.1,51.3,33.0,15.7,19.8,18.3,17.3,15.7
栗東,20260822,土,4:31,モンテディアーナ,,牝,4,900,四位洋文,86.2,59.5,36.6,17.3,26.7,22.9,19.3,17.3
栗東,20260822,土,4:31,ソニックステップ,,セ,4,900,高野友和,75.7,54.3,34.8,16.9,21.4,19.5,17.9,16.9
栗東,20260822,土,4:31,アメリカンバー,,牡,4,400,宮地貴稔,66.1,48.8,32.8,16.3,17.3,16.0,16.5,16.3
栗東,20260822,土,4:31,タンテドヴィーヴル,,牡,4,1000,斉藤崇史,72.7,51.7,32.6,16.1,21.0,19.1,16.5,16.1
栗東,20260822,土,4:31,サウンドムーブ,,牡,3,1200,斉藤崇史,75.3,53.9,35.1,17.3,21.4,18.8,17.8,17.3
栗東,20260822,土,4:31,シュプリームレルム,,牡,3,400,高野友和,72.9,52.6,34.3,16.5,20.3,18.3,17.8,16.5
栗東,20260822,土,4:31,タイセイサーブル,,牡,3,400,高野友和,75.4,54.5,34.8,16.7,20.9,19.7,18.1,16.7
栗東,20260822,土,4:31,イクオクコウネン,,セ,3,0,斉藤崇史,75.1,53.9,34.9,17.3,21.2,19.0,17.6,17.3
栗東,20260822,土,4:31,レッドリガーレ,,牡,3,400,斉藤崇史,72.5,51.7,32.7,16.2,20.8,19.0,16.5,16.2
栗東,20260822,土,4:31,ドラゴングローリア,,牝,3,0,斉藤崇史,71.2,51.4,33.4,16.0,19.8,18.0,17.4,16.0
栗東,20260822,土,4:31,マンナット,,牡,2,未出走,斉藤崇史,72.5,51.7,32.8,16.2,20.8,18.9,16.6,16.2
栗東,20260822,土,4:31,ブックオブケルズ,,牡,2,0,高野友和,74.6,53.8,34.1,16.8,20.8,19.7,17.3,16.8
栗東,20260822,土,4:31,シスキンブルーム,,牝,2,400,斉藤崇史,75.2,54.0,35.0,17.4,21.2,19.0,17.6,17.4
栗東,20260822,土,4:31,ダルマパワー,,牡,2,未出走,斉藤崇史,71.4,51.4,33.3,15.9,20.0,18.1,17.4,15.9
栗東,20260822,土,4:32,トリポリタニア,,牡,4,2400,上村洋行,61.9,45.1,29.6,15.2,16.8,15.5,14.4,15.2
栗東,20260822,土,4:32,ステイクオール,,セ,4,400,上村洋行,66.9,49.0,32.3,16.0,17.9,16.7,16.3,16.0
栗東,20260822,土,4:32,アグレイビューティ,,牝,3,400,上村洋行,65.6,47.9,31.4,16.0,17.7,16.5,15.4,16.0
栗東,20260822,土,4:32,グリーンゴー,,牡,3,0,福永祐一,70.2,49.9,32.5,15.9,20.3,17.4,16.6,15.9
栗東,20260822,土,4:32,カルロット,,牡,3,0,武幸四郎,67.2,48.9,31.9,15.7,18.3,17.0,16.2,15.7
栗東,20260822,土,4:32,アームズレジェンド,,牡,3,400,上村洋行,67.6,49.4,32.2,15.7,18.2,17.2,16.5,15.7
栗東,20260822,土,4:32,モンローウォーク,,牝,3,1500,上村洋行,70.9,51.6,33.9,16.7,19.3,17.7,17.2,16.7
栗東,20260822,土,4:32,エイダンバローズ,,牡,2,未出走,上村洋行,64.2,46.5,29.9,15.1,17.7,16.6,14.8,15.1
栗東,20260822,土,4:32,エトワールハマー,,牡,2,未出走,武幸四郎,65.9,49.4,32.5,15.9,16.5,16.9,16.6,15.9
栗東,20260822,土,4:32,サチノリボーン,,牡,2,未出走,中村直也,72.7,53.5,35.5,18.0,19.2,18.0,17.5,18.0
栗東,20260822,土,4:32,コスモルミナ,,牡,2,0,宮地貴稔,65.3,47.6,31.6,15.8,17.7,16.0,15.8,15.8
栗東,20260822,土,4:33,コルレオニス,,牡,5,1500,友道康夫,62.6,43.2,27.8,13.7,19.4,15.4,14.1,13.7
栗東,20260822,土,4:34,ジュンブロッサム,,牡,7,6550,友道康夫,67.9,49.9,33.0,16.3,18.0,16.9,16.7,16.3
栗東,20260822,土,4:35,フラッシング,,牡,5,900,牧浦充徳,76.4,56.3,37.0,18.6,20.1,19.3,18.4,18.6
栗東,20260822,土,4:35,ライラ,,牝,4,900,吉岡辰弥,62.9,45.7,29.5,14.5,17.2,16.2,15.0,14.5
栗東,20260822,土,4:35,ゲイルライダー,,牡,4,2400,牧浦充徳,74.4,54.3,35.7,18.0,20.1,18.6,17.7,18.0
栗東,20260822,土,4:35,オーロラボレアリス,,牝,3,0,吉岡辰弥,64.9,47.3,30.8,15.0,17.6,16.5,15.8,15.0
栗東,20260822,土,4:36,ジーティーサクラ,,牝,2,400,吉岡辰弥,65.6,46.6,29.8,14.4,19.0,16.8,15.4,14.4
栗東,20260822,土,4:38,ネネキリマル,,牡,3,400,河嶋宏樹,76.8,56.4,37.7,18.5,20.4,18.7,19.2,18.5
栗東,20260822,土,4:41,ペイシャモノノフ,,牡,6,2400,畑端省吾,64.3,46.9,30.0,14.2,17.4,16.9,15.8,14.2
栗東,20260822,土,4:41,クイックバイオ,,牝,5,1000,畑端省吾,70.2,50.1,32.8,16.4,20.1,17.3,16.4,16.4
栗東,20260822,土,4:41,アリディプラチノ,,牝,3,0,畑端省吾,73.9,53.7,35.6,17.8,20.2,18.1,17.8,17.8
栗東,20260822,土,4:44,アモロロプーロ,,牡,2,未出走,高橋康之,70.0,50.2,32.7,16.0,19.8,17.5,16.7,16.0
栗東,20260822,土,4:45,セイウンダイフク,,牡,3,0,宮本博,68.2,49.8,32.2,15.8,18.4,17.6,16.4,15.8
栗東,20260822,土,4:45,ゴールデンドラゴン,,牡,3,0,宮本博,69.3,50.6,33.6,16.3,18.7,17.0,17.3,16.3
栗東,20260822,土,4:45,ノーブルキングダム,,牡,2,未出走,宮本博,69.7,49.4,32.0,16.2,20.3,17.4,15.8,16.2
栗東,20260822,土,4:46,インジケーター,,牡,5,1220,高橋康之,69.3,50.6,33.4,16.8,18.7,17.2,16.6,16.8
栗東,20260822,土,4:47,フラッシング,,牡,5,900,牧浦充徳,66.4,49.5,32.8,16.1,16.9,16.7,16.7,16.1
栗東,20260822,土,4:48,ゲイルライダー,,牡,4,2400,牧浦充徳,64.2,47.4,31.3,15.7,16.8,16.1,15.6,15.7
栗東,20260822,土,4:48,ハッピーチャンス,,牝,3,0,牧田和弥,68.9,49.5,32.1,16.1,19.4,17.4,16.0,16.1
栗東,20260822,土,4:48,アメジストブリエ,,牝,3,0,武英智,53.1,38.1,24.9,12.7,15.0,13.2,12.2,12.7
栗東,20260822,土,4:48,ムーンリットアイル,,牝,3,400,武英智,52.8,37.8,24.7,12.7,15.0,13.1,12.0,12.7
栗東,20260822,土,4:48,アリアサイン,,牝,2,未登録,,69.5,51.2,34.0,17.4,18.3,17.2,16.6,17.4
栗東,20260822,土,4:49,ダノンブギ,,牡,4,400,安田翔伍,65.7,47.6,31.2,15.6,18.1,16.4,15.6,15.6
栗東,20260822,土,4:49,セナスタイル,,牝,4,900,安田翔伍,70.0,51.2,34.4,17.2,18.8,16.8,17.2,17.2
栗東,20260822,土,4:49,ギザキズラヴ,,牝,4,0,加藤公太,74.7,55.2,36.5,18.2,19.5,18.7,18.3,18.2
栗東,20260822,土,4:49,ルージュソムニウム,,牝,3,0,加藤公太,71.4,51.9,34.3,16.4,19.5,17.6,17.9,16.4
栗東,20260822,土,4:49,キタノファーンヒル,,牝,3,400,加藤公太,72.7,53.7,35.4,16.9,19.0,18.3,18.5,16.9
栗東,20260822,土,4:49,エコロディアン,,牝,3,0,牧浦充徳,65.5,47.9,31.1,15.0,17.6,16.8,16.1,15.0
栗東,20260822,土,4:49,アンジェリカ,,牝,2,未出走,大根田裕,69.0,52.4,35.8,18.6,16.6,16.6,17.2,18.6
栗東,20260822,土,4:49,ゴールドシューター,,牡,2,0,加藤公太,74.1,54.3,36.0,18.0,19.8,18.3,18.0,18.0
栗東,20260822,土,4:49,キモンミナリッチ,,牡,2,0,加藤公太,73.5,54.0,35.8,17.7,19.5,18.2,18.1,17.7
栗東,20260822,土,4:49,ノヴァーリス,,牝,2,0,安田翔伍,68.0,49.6,32.7,16.4,18.4,16.9,16.3,16.4
栗東,20260822,土,4:49,スピーディスピン,,牝,2,0,加藤公太,71.5,52.4,33.9,16.4,19.1,18.5,17.5,16.4
栗東,20260822,土,4:50,エレガンシア,,牝,4,400,高柳大輔,69.3,49.5,31.9,15.9,19.8,17.6,16.0,15.9
栗東,20260822,土,4:50,グランエール,,牝,2,未出走,高柳大輔,71.1,51.0,33.0,16.2,20.1,18.0,16.8,16.2
栗東,20260822,土,4:51,レザベーション,,牡,3,3100,松下武士,64.0,46.3,29.6,14.4,17.7,16.7,15.2,14.4
栗東,20260822,土,4:52,バークシャーシチー,,牡,3,400,牧田和弥,68.7,50.6,32.7,16.0,18.1,17.9,16.7,16.0
栗東,20260822,土,4:53,カフジキアッキエレ,,牝,6,400,森田直行,76.6,53.8,34.0,16.1,22.8,19.8,17.9,16.1
栗東,20260822,土,4:53,コレオシークエンス,,牡,3,400,佐藤悠太,72.7,51.7,32.6,16.1,21.0,19.1,16.5,16.1
栗東,20260822,土,4:54,アスクドゥポルテ,,牡,6,2400,梅田智之,71.0,50.3,32.3,15.7,20.7,18.0,16.6,15.7
栗東,20260822,土,4:54,ロードマイライフ,,牡,5,1500,佐藤悠太,70.2,50.4,32.7,16.3,19.8,17.7,16.4,16.3
栗東,20260822,土,4:54,リンゲルブルーメ,,牝,4,400,佐藤悠太,70.2,51.3,33.5,16.5,18.9,17.8,17.0,16.5
栗東,20260822,土,4:54,ウインリーブル,,牝,3,未出走,緒方努,70.3,50.7,33.2,16.3,19.6,17.5,16.9,16.3
栗東,20260822,土,4:54,ビクスバイト,,牝,3,0,佐藤悠太,64.7,47.6,30.8,14.8,17.1,16.8,16.0,14.8
栗東,20260822,土,4:54,ビスケットサンド,,牝,2,400,佐藤悠太,66.8,48.3,31.6,15.4,18.5,16.7,16.2,15.4
栗東,20260822,土,4:55,インユアパレス,,牡,5,5750,須貝尚介,74.4,54.5,35.4,17.4,19.9,19.1,18.0,17.4
栗東,20260822,土,4:55,ゴールデンテティス,,牝,3,0,庄野靖志,67.8,48.2,31.7,16.1,19.6,16.5,15.6,16.1
栗東,20260822,土,4:55,メイショウキボウ,,牝,2,未出走,梅田智之,69.6,49.7,32.7,16.3,19.9,17.0,16.4,16.3
栗東,20260822,土,4:55,サイモンジェセル,,牡,2,未出走,梅田智之,70.3,50.2,32.6,16.2,20.1,17.6,16.4,16.2
栗東,20260822,土,4:56,ヴェルサイユローズ,,牝,3,0,大久保龍,64.7,46.6,30.9,15.4,18.1,15.7,15.5,15.4
栗東,20260822,土,4:56,ボビーザグレート,,牡,2,0,柴田卓,68.7,49.3,32.0,15.8,19.4,17.3,16.2,15.8
栗東,20260822,土,4:57,パルフェクシオン,,牝,2,未出走,大久保龍,64.4,47.8,32.6,15.9,16.6,15.2,16.7,15.9
栗東,20260822,土,4:57,ウルスチャージ,,牡,2,未出走,大橋勇樹,76.2,55.3,35.8,17.7,20.9,19.5,18.1,17.7
栗東,20260822,土,4:57,ニホンピロオーラム,,牡,2,未出走,大橋勇樹,75.4,54.8,35.6,17.1,20.6,19.2,18.5,17.1
栗東,20260822,土,4:59,シェーラ,,牝,4,400,牧田和弥,68.2,50.1,32.0,15.4,18.1,18.1,16.6,15.4
栗東,20260822,土,4:59,サンスベリア,,牝,3,0,牧田和弥,72.7,53.1,35.1,17.8,19.6,18.0,17.3,17.8
栗東,20260822,土,5:00,ザウリ,,牡,7,900,森田直行,72.3,52.8,34.4,16.7,19.5,18.4,17.7,16.7
栗東,20260822,土,5:00,リアンクトワ,,牝,5,400,辻野泰之,66.0,47.5,31.5,15.8,18.5,16.0,15.7,15.8
栗東,20260822,土,5:00,リラボニート,,牝,5,3150,須貝尚介,66.0,48.2,31.3,15.7,17.8,16.9,15.6,15.7
栗東,20260822,土,5:00,ボディブロー,,牡,5,1400,森秀行,67.0,49.4,32.7,16.2,17.6,16.7,16.5,16.2
栗東,20260822,土,5:00,レーゼドラマ,,牝,4,3500,辻野泰之,62.1,45.3,29.6,14.9,16.8,15.7,14.7,14.9
栗東,20260822,土,5:00,コースタルロード,,牝,3,0,辻野泰之,63.1,45.5,29.8,14.8,17.6,15.7,15.0,14.8
栗東,20260822,土,5:00,オーブフレッシュ,,牝,3,0,辻野泰之,67.0,48.6,31.6,16.2,18.4,17.0,15.4,16.2
栗東,20260822,土,5:00,ダンツシタン,,牡,3,1500,本田優,69.7,50.9,33.7,16.6,18.8,17.2,17.1,16.6
栗東,20260822,土,5:00,スマートエトワール,,牝,3,0,辻野泰之,63.5,46.7,30.4,14.7,16.8,16.3,15.7,14.7
栗東,20260822,土,5:00,フラッシングルビー,,牝,2,0,辻野泰之,66.7,48.9,32.5,16.4,17.8,16.4,16.1,16.4
栗東,20260822,土,5:00,ピコジャック,,牡,2,0,森秀行,65.9,49.6,32.4,16.7,16.3,17.2,15.7,16.7
栗東,20260822,土,5:01,ママコチャ,,牝,7,20250,池江泰寿,68.1,48.0,30.8,15.1,20.1,17.2,15.7,15.1
栗東,20260822,土,5:01,ガイアメンテ,,牡,5,3800,須貝尚介,74.2,53.9,35.3,17.0,20.3,18.6,18.3,17.0
栗東,20260822,土,5:01,ロールザダイス,,セ,4,900,池江泰寿,66.9,48.6,32.1,16.1,18.3,16.5,16.0,16.1
栗東,20260822,土,5:01,ドウジャスティ,,牡,4,400,池江泰寿,66.7,48.2,32.1,16.3,18.5,16.1,15.8,16.3
栗東,20260822,土,5:01,スリラーナイト,,牝,3,400,長谷川浩,67.4,50.0,33.2,16.5,17.4,16.8,16.7,16.5
栗東,20260822,土,5:01,フィアーブル,,牝,3,400,長谷川浩,56.8,41.6,26.7,13.1,15.2,14.9,13.6,13.1
栗東,20260822,土,5:01,ｺﾙﾎﾞﾉﾜｰﾙの24,,牝,2,未登録,,69.7,51.0,32.7,16.3,18.7,18.3,16.4,16.3
栗東,20260822,土,5:01,ベルメグスタ,,牝,2,未出走,森田直行,74.0,55.0,35.6,17.2,19.0,19.4,18.4,17.2
栗東,20260822,土,5:01,タマモビバーチェ,,牡,2,未登録,,70.0,51.0,32.8,16.2,19.0,18.2,16.6,16.2
栗東,20260822,土,5:01,カフジポポー,,牡,2,未出走,森田直行,73.4,53.9,35.3,17.9,19.5,18.6,17.4,17.9
栗東,20260822,土,5:02,フェアリーライズ,,牝,3,570,秋山真一,69.5,49.5,32.6,16.6,20.0,16.9,16.0,16.6
栗東,20260822,土,5:02,タイセイグローバル,,牡,3,0,小林真也,65.1,47.7,31.5,15.8,17.4,16.2,15.7,15.8
栗東,20260822,土,5:02,ハナフダ,,牝,2,未出走,小林真也,66.1,48.1,31.5,15.6,18.0,16.6,15.9,15.6
栗東,20260822,土,5:03,ウォーターパラディ,,牡,4,400,岡田稲男,69.1,50.0,32.6,16.3,19.1,17.4,16.3,16.3
栗東,20260822,土,5:03,アプリコットスカイ,,牝,2,未出走,大根田裕,66.7,47.9,31.5,15.9,18.8,16.4,15.6,15.9
栗東,20260822,土,5:03,アップルペアー,,牝,2,未出走,大根田裕,69.6,48.6,31.6,15.9,21.0,17.0,15.7,15.9
栗東,20260822,土,5:04,アウトレンジ,,牡,6,13100,大久保龍,64.8,47.2,30.9,15.5,17.6,16.3,15.4,15.5
栗東,20260822,土,5:04,カズタンジャー,,牡,5,4420,新谷功一,63.9,46.8,30.9,15.1,17.1,15.9,15.8,15.1
栗東,20260822,土,5:04,ベルファスト,,牝,5,170,今野貞一,68.8,50.0,32.8,16.4,18.8,17.2,16.4,16.4
栗東,20260822,土,5:04,レオナルドスター,,セ,5,210,秋山真一,69.7,50.6,33.1,16.2,19.1,17.5,16.9,16.2
栗東,20260822,土,5:04,クインズショコラ,,牝,4,2400,新谷功一,64.8,47.7,31.2,15.3,17.1,16.5,15.9,15.3
栗東,20260822,土,5:04,アイガーリー,,牡,3,400,秋山真一,70.1,50.3,32.4,15.7,19.8,17.9,16.7,15.7
栗東,20260822,土,5:04,スターペスアンナ,,牝,3,0,石橋守,70.5,50.9,33.5,16.9,19.6,17.4,16.6,16.9
栗東,20260822,土,5:04,ミニュイ,,牡,3,0,秋山真一,71.4,51.5,33.6,16.7,19.9,17.9,16.9,16.7
栗東,20260822,土,5:04,ミリオンラック,,牡,2,未登録,,68.3,50.8,33.0,16.4,17.5,17.8,16.6,16.4
栗東,20260822,土,5:04,フォールライン,,牝,2,未出走,今野貞一,69.1,50.5,33.0,16.4,18.6,17.5,16.6,16.4
栗東,20260822,土,5:04,メイショウホクト,,牡,2,未登録,,68.3,50.8,32.9,16.3,17.5,17.9,16.6,16.3
栗東,20260822,土,5:04,ダヌラーサナ,,牝,2,0,新谷功一,64.9,47.6,31.2,15.3,17.3,16.4,15.9,15.3
栗東,20260822,土,5:04,ラガッタレアーレ,,牝,2,未出走,秋山真一,70.6,51.1,33.7,16.7,19.5,17.4,17.0,16.7
栗東,20260822,土,5:05,ハッピーマン,,牡,4,6330,寺島良,66.3,47.8,31.1,15.2,18.5,16.7,15.9,15.2
栗東,20260822,土,5:05,ベイリークロア,,牡,4,400,大久保龍,66.5,48.2,31.3,15.5,18.3,16.9,15.8,15.5
栗東,20260822,土,5:05,パイオニアスクエア,,牡,4,0,茶木太樹,66.6,48.2,32.0,15.8,18.4,16.2,16.2,15.8
栗東,20260822,土,5:05,イッタレイッタレ,,セ,3,0,寺島良,64.2,46.0,29.6,14.8,18.2,16.4,14.8,14.8
栗東,20260822,土,5:05,アヤノ,,牝,2,未出走,大久保龍,69.7,50.6,32.9,16.3,19.1,17.7,16.6,16.3
栗東,20260822,土,5:06,ストレングス,,牡,5,3600,寺島良,66.5,47.5,31.2,15.6,19.0,16.3,15.6,15.6
栗東,20260822,土,5:06,アティラン,,牝,3,0,寺島良,68.2,48.9,31.7,15.4,19.3,17.2,16.3,15.4
栗東,20260822,土,5:06,ヤマカツチャーリー,,牡,2,未出走,大根田裕,71.8,52.6,34.6,16.9,19.2,18.0,17.7,16.9
栗東,20260822,土,5:07,レイピカケ,,牝,5,900,野中賢二,70.5,51.0,33.2,16.5,19.5,17.8,16.7,16.5
栗東,20260822,土,5:07,レディトゥフライト,,牡,3,0,寺島良,73.9,54.2,35.7,17.7,19.7,18.5,18.0,17.7
栗東,20260822,土,5:10,キングロコマイカイ,,牡,7,900,畑端省吾,76.1,55.1,36.1,17.7,21.0,19.0,18.4,17.7
栗東,20260822,土,5:10,オリバナム,,牝,4,900,斉藤崇史,69.3,49.4,32.3,15.9,19.9,17.1,16.4,15.9
栗東,20260822,土,5:11,ミスヘンリー,,牝,3,400,羽月友彦,71.8,51.1,33.3,16.4,20.7,17.8,16.9,16.4
栗東,20260822,土,5:12,サクソンジェンヌ,,牝,5,2400,高橋義忠,78.9,58.9,39.0,19.0,20.0,19.9,20.0,19.0
栗東,20260822,土,5:12,ベストレーサー,,牝,4,400,小崎憲,67.5,49.1,31.3,14.9,18.4,17.8,16.4,14.9
栗東,20260822,土,5:12,ワンダーデリエール,,牝,3,0,小崎憲,64.5,47.7,31.8,15.5,16.8,15.9,16.3,15.5
栗東,20260822,土,5:12,ハツアカネ,,牝,3,0,小崎憲,64.9,48.4,31.7,15.9,16.5,16.7,15.8,15.9
栗東,20260822,土,5:12,ウィザードビルド,,牡,2,未登録,,77.4,59.1,39.2,19.3,18.3,19.9,19.9,19.3
栗東,20260822,土,5:14,ロードレジェロ,,牡,4,400,藤野健太,70.3,51.0,33.2,16.2,19.3,17.8,17.0,16.2
栗東,20260822,土,5:14,エテルノレガーメ,,牡,4,400,野中賢二,66.7,48.8,32.2,16.0,17.9,16.6,16.2,16.0
栗東,20260822,土,5:14,マテンロウゲイル,,牡,3,2400,野中賢二,66.4,48.7,32.3,15.8,17.7,16.4,16.5,15.8
栗東,20260822,土,5:14,ハンザキ,,牝,3,400,高橋義忠,68.2,48.1,31.3,15.3,20.1,16.8,16.0,15.3
栗東,20260822,土,5:14,ホワイトパンサー,,牝,2,未出走,野中賢二,67.8,49.8,32.9,16.4,18.0,16.9,16.5,16.4
栗東,20260822,土,5:15,サヴォーナ,,牡,6,5150,中竹和也,72.2,52.5,34.6,17.1,19.7,17.9,17.5,17.1
栗東,20260822,土,5:15,サンコンクエスト,,牝,4,900,渡辺薫彦,67.3,50.0,32.9,16.3,17.3,17.1,16.6,16.3
栗東,20260822,土,5:15,ホールドマイハンド,,牡,2,未出走,中竹和也,73.2,53.8,35.3,17.9,19.4,18.5,17.4,17.9
栗東,20260822,土,5:15,パストザクラウン,,牝,2,0,高橋義忠,65.2,47.7,31.0,15.6,17.5,16.7,15.4,15.6
栗東,20260822,土,5:15,モンサンブラヴール,,牡,2,未登録,,71.1,51.8,34.5,17.1,19.3,17.3,17.4,17.1
栗東,20260822,土,5:15,ノヴァアクレイム,,牡,2,未出走,中竹和也,73.5,54.7,36.6,18.5,18.8,18.1,18.1,18.5
栗東,20260822,土,5:15,ルガルデ,,牡,2,0,中竹和也,71.4,53.6,36.7,18.9,17.8,16.9,17.8,18.9
栗東,20260822,土,5:16,リチュアル,,セ,7,2130,千田輝彦,66.8,48.7,31.9,15.4,18.1,16.8,16.5,15.4
栗東,20260822,土,5:16,ヴリトラハン,,牡,4,900,千田輝彦,69.1,51.3,33.8,16.7,17.8,17.5,17.1,16.7
栗東,20260822,土,5:16,ワールドエンデバー,,牡,2,未登録,,71.6,52.6,34.9,17.1,19.0,17.7,17.8,17.1
栗東,20260822,土,5:16,カフジカニステル,,牡,2,未登録,,70.2,51.6,33.9,17.0,18.6,17.7,16.9,17.0
栗東,20260822,土,5:17,ミルミナーヴァ,,牝,5,900,橋田宜長,67.5,48.5,31.5,15.3,19.0,17.0,16.2,15.3
栗東,20260822,土,5:17,スーパージョック,,牡,4,900,橋田宜長,70.1,51.9,34.5,16.4,18.2,17.4,18.1,16.4
栗東,20260822,土,5:17,システマソラー,,牡,3,900,橋田宜長,66.6,48.5,32.1,16.1,18.1,16.4,16.0,16.1
栗東,20260822,土,5:17,メイショウコマチ,,牝,3,1500,千田輝彦,69.0,50.5,32.4,16.0,18.5,18.1,16.4,16.0
栗東,20260822,土,5:17,ヴァンドゥーヴル,,牡,3,0,石坂公一,70.3,52.2,33.7,16.6,18.1,18.5,17.1,16.6
栗東,20260822,土,5:17,アリサ,,牝,2,未登録,,74.4,54.2,34.8,17.3,20.2,19.4,17.5,17.3
栗東,20260822,土,5:17,スマートメモリー,,牝,2,0,石坂公一,67.8,49.7,33.4,16.6,18.1,16.3,16.8,16.6
栗東,20260822,土,5:17,レタートゥブリッジ,,牝,2,未出走,橋田宜長,69.1,50.1,32.9,16.5,19.0,17.2,16.4,16.5
栗東,20260822,土,5:18,タイセイレグノ,,セ,4,400,浜田多実,76.9,56.0,36.4,17.5,20.9,19.6,18.9,17.5
栗東,20260822,土,5:18,グラスゴー,,牝,3,400,浜田多実,74.6,56.5,37.2,18.3,18.1,19.3,18.9,18.3
栗東,20260822,土,5:18,マサハヤサブル,,牝,2,未登録,,74.2,54.0,35.4,17.5,20.2,18.6,17.9,17.5
栗東,20260822,土,5:19,サトノディヴァイン,,牡,3,0,橋口慎介,70.0,51.2,33.4,16.5,18.8,17.8,16.9,16.5
栗東,20260822,土,5:19,プッシュバーン,,牡,2,未出走,羽月友彦,70.7,53.4,36.6,19.0,17.3,16.8,17.6,19.0
栗東,20260822,土,5:20,ガンマジーティーピ,,牡,4,1500,渡辺薫彦,68.9,50.8,33.6,16.7,18.1,17.2,16.9,16.7
栗東,20260822,土,5:20,ショウナンハヤナミ,,牡,3,1600,渡辺薫彦,69.3,51.0,33.3,16.7,18.3,17.7,16.6,16.7
栗東,20260822,土,5:20,スマートエール,,牝,2,未出走,渡辺薫彦,69.0,50.1,32.8,15.5,18.9,17.3,17.3,15.5
栗東,20260822,土,5:22,マクノス,,牝,3,400,鈴木孝志,66.5,48.5,32.0,15.6,18.0,16.5,16.4,15.6
栗東,20260822,土,5:22,エバイダンス,,牝,3,0,鈴木孝志,67.4,50.0,32.9,16.4,17.4,17.1,16.5,16.4
栗東,20260822,土,5:23,メイショウアツイタ,,牡,8,400,高橋義忠,69.6,50.9,33.6,16.4,18.7,17.3,17.2,16.4
栗東,20260822,土,5:23,チェルノボーグ,,セ,7,1500,藤原英昭,64.6,47.4,30.9,15.5,17.2,16.5,15.4,15.5
栗東,20260822,土,5:23,ロケベンドラ,,牝,4,900,西園翔太,69.5,51.0,33.8,16.8,18.5,17.2,17.0,16.8
栗東,20260822,土,5:23,ヨカオウ,,牡,3,900,谷潔,66.5,49.5,33.7,17.5,17.0,15.8,16.2,17.5
栗東,20260822,土,5:23,レウコテア,,牝,3,0,西園翔太,68.7,50.1,32.8,16.4,18.6,17.3,16.4,16.4
栗東,20260822,土,5:23,マゲバスピード,,牡,3,400,藤原英昭,63.6,46.1,30.0,15.0,17.5,16.1,15.0,15.0
栗東,20260822,土,5:24,ダイヤモンドハンズ,,牡,6,900,坂口智康,70.8,51.1,33.1,16.0,19.7,18.0,17.1,16.0
栗東,20260822,土,5:24,スウィートリワード,,牝,5,400,宮本博,65.0,47.1,31.3,15.5,17.9,15.8,15.8,15.5
栗東,20260822,土,5:24,オーシンエス,,牡,4,400,宮徹,68.0,49.3,32.1,15.4,18.7,17.2,16.7,15.4
栗東,20260822,土,5:24,ウイングサンライズ,,牝,3,0,矢作芳人,64.3,47.3,31.4,15.9,17.0,15.9,15.5,15.9
栗東,20260822,土,5:24,チャンピオンロード,,牡,3,0,矢作芳人,64.1,47.5,31.5,15.7,16.6,16.0,15.8,15.7
栗東,20260822,土,5:24,ハイファイネスト,,牡,2,未登録,,65.8,48.6,32.4,16.3,17.2,16.2,16.1,16.3
栗東,20260822,土,5:25,テーオーグレーザー,,牡,3,1500,藤岡健一,71.1,52.1,35.2,18.3,19.0,16.9,16.9,18.3
栗東,20260822,土,5:25,ダディダディドゥ,,牡,2,未登録,,68.3,51.1,33.6,17.0,17.2,17.5,16.6,17.0
栗東,20260822,土,5:25,ポカポカヨウキ,,牡,2,未出走,東田明士,72.2,52.7,34.5,17.0,19.5,18.2,17.5,17.0
栗東,20260822,土,5:25,スマートプルーフ,,牝,2,未登録,,68.4,50.7,33.2,16.8,17.7,17.5,16.4,16.8
栗東,20260822,土,5:25,ダイナマイク,,牡,2,0,中内田充,61.3,45.0,30.3,15.6,16.3,14.7,14.7,15.6
栗東,20260822,土,5:25,ドラヴァッシュ,,牡,2,未出走,中内田充,64.2,47.0,30.9,15.5,17.2,16.1,15.4,15.5
栗東,20260822,土,5:25,アメリカンステラ,,牡,2,未出走,中内田充,68.0,50.0,33.3,16.6,18.0,16.7,16.7,16.6
栗東,20260822,土,5:26,ウェンロック,,牡,3,未出走,藤岡健一,63.9,47.3,31.7,15.7,16.6,15.6,16.0,15.7
栗東,20260822,土,5:26,ブロッサムスピア,,牡,2,未出走,藤岡健一,64.0,48.0,30.5,15.8,16.0,17.5,14.7,15.8
栗東,20260822,土,5:27,ゴッドエスパーダ,,牡,4,1500,角田晃一,65.7,48.1,31.7,15.6,17.6,16.4,16.1,15.6
栗東,20260822,土,5:28,ゴッドブルービー,,牡,6,2400,角田晃一,65.4,48.1,32.0,16.1,17.3,16.1,15.9,16.1
栗東,20260822,土,5:28,ラグナトーレ,,牝,4,80,角田晃一,64.4,46.8,31.0,15.3,17.6,15.8,15.7,15.3
栗東,20260822,土,5:28,タガノフリアン,,牡,2,未登録,,65.3,48.0,31.9,16.0,17.3,16.1,15.9,16.0
栗東,20260822,土,5:28,ミシェルバローズ,,牝,2,未出走,中内田充,64.5,47.3,30.4,14.8,17.2,16.9,15.6,14.8
栗東,20260822,土,5:28,スイトーヨ,,牝,2,0,角田晃一,66.7,48.5,31.4,15.0,18.2,17.1,16.4,15.0
栗東,20260822,土,5:29,サンライズブレイク,,牡,4,400,浜田多実,76.0,54.7,35.6,17.9,21.3,19.1,17.7,17.9
栗東,20260822,土,5:29,ピゲ,,牡,3,0,高橋康之,64.9,47.0,30.9,15.4,17.9,16.1,15.5,15.4
栗東,20260822,土,5:29,サイモンホライゾン,,牡,2,未登録,,73.1,53.8,34.8,16.8,19.3,19.0,18.0,16.8
栗東,20260822,土,5:30,リンフレスカンテ,,牡,8,1500,宮本博,65.1,47.3,31.6,15.8,17.8,15.7,15.8,15.8
栗東,20260822,土,5:30,ウインデイジー,,牝,5,1500,宮徹,64.5,46.7,30.1,15.1,17.8,16.6,15.0,15.1
栗東,20260822,土,5:30,ベラジオフェリス,,牝,2,未登録,,68.2,50.7,33.9,17.0,17.5,16.8,16.9,17.0
栗東,20260822,土,5:30,コジアン,,牡,2,0,小椋研介,70.0,50.9,33.2,16.6,19.1,17.7,16.6,16.6
栗東,20260822,土,5:33,ピュアノーブル,,牝,2,0,岡田稲男,67.4,48.4,31.2,15.1,19.0,17.2,16.1,15.1
栗東,20260822,土,5:33,テーオーローズ,,牝,2,未出走,岡田稲男,67.9,48.9,31.6,15.3,19.0,17.3,16.3,15.3
栗東,20260822,土,5:34,プリティウーマン,,牝,3,0,高橋一哉,63.6,48.0,31.7,15.3,15.6,16.3,16.4,15.3
栗東,20260822,土,5:34,リアライズブラーヴ,,牡,3,400,杉山晴紀,66.8,50.0,33.5,16.4,16.8,16.5,17.1,16.4
栗東,20260822,土,5:34,エスアンヴィユ,,牡,2,未出走,高橋一哉,67.8,49.5,32.1,15.9,18.3,17.4,16.2,15.9
栗東,20260822,土,5:34,エーテルワーム,,牡,2,未出走,杉山晴紀,71.3,52.3,35.1,17.8,19.0,17.2,17.3,17.8
栗東,20260822,土,5:35,ハクサンアイリス,,牡,4,1500,高橋一哉,75.6,54.5,35.6,17.2,21.1,18.9,18.4,17.2
栗東,20260822,土,5:35,ジョバンニ,,牡,4,5800,杉山晴紀,77.6,56.0,36.7,18.0,21.6,19.3,18.7,18.0
栗東,20260822,土,5:35,インドミタビリティ,,牡,3,0,杉山晴紀,71.6,52.2,34.7,17.4,19.4,17.5,17.3,17.4
栗東,20260822,土,5:37,オーシンエス,,牡,4,400,宮徹,67.3,49.5,32.1,15.7,17.8,17.4,16.4,15.7
栗東,20260822,土,5:37,タフクッキー,,牝,3,0,中内田充,76.9,56.2,36.7,18.0,20.7,19.5,18.7,18.0
栗東,20260822,土,5:40,クラスペディア,,牡,4,4000,河嶋宏樹,99.1,73.5,48.1,23.2,25.6,25.4,24.9,23.2
栗東,20260822,土,5:41,テーオーシュタイン,,牡,4,900,梅田智之,68.5,48.8,31.8,15.4,19.7,17.0,16.4,15.4
栗東,20260822,土,5:41,サイモンノーブル,,牡,4,0,梅田智之,71.8,52.3,34.8,17.7,19.5,17.5,17.1,17.7
栗東,20260822,土,5:42,タイセイブレイズ,,牡,8,2360,牧浦充徳,68.6,50.2,32.9,16.4,18.4,17.3,16.5,16.4
栗東,20260822,土,5:45,エムズグレイ,,牡,2,未出走,友道康夫,65.1,47.3,31.0,15.2,17.8,16.3,15.8,15.2
栗東,20260822,土,5:45,アドマイヤモカ,,牝,2,未出走,友道康夫,65.4,47.7,31.4,15.6,17.7,16.3,15.8,15.6
栗東,20260822,土,5:46,バガン,,牡,8,900,宮地貴稔,64.5,47.9,31.8,15.2,16.6,16.1,16.6,15.2
栗東,20260822,土,5:46,アドバンスファラオ,,セ,6,3800,森秀行,60.8,45.7,30.2,14.9,15.1,15.5,15.3,14.9
栗東,20260822,土,5:46,アムールリーベ,,牝,5,600,宮地貴稔,63.6,47.3,31.3,15.5,16.3,16.0,15.8,15.5
栗東,20260822,土,5:47,キミガスキダ,,牝,3,0,牧田和弥,66.2,47.9,31.6,16.4,18.3,16.3,15.2,16.4
栗東,20260822,土,5:47,ラインエレガント,,牝,2,0,牧田和弥,67.6,49.2,32.2,16.2,18.4,17.0,16.0,16.2
栗東,20260822,土,5:47,サンライズブレイド,,牡,2,未出走,羽月友彦,63.2,46.5,30.9,15.5,16.7,15.6,15.4,15.5
栗東,20260822,土,5:47,ピーコパーコ,,牡,2,未出走,牧田和弥,68.4,50.0,33.2,15.9,18.4,16.8,17.3,15.9
栗東,20260822,土,5:50,シュヴァルツリーベ,,牝,6,900,羽月友彦,65.0,48.2,31.1,15.3,16.8,17.1,15.8,15.3
栗東,20260822,土,5:50,クァンタムウェーブ,,牡,4,1320,松永幹夫,68.1,50.0,32.7,16.3,18.1,17.3,16.4,16.3
栗東,20260822,土,5:50,ヤマニンコルザ,,牝,3,0,長谷川浩,67.5,49.6,32.6,16.1,17.9,17.0,16.5,16.1
栗東,20260822,土,5:51,ダイメイアゲイン,,牡,2,0,秋山真一,63.2,49.6,33.8,16.6,13.6,15.8,17.2,16.6
栗東,20260822,土,5:51,ダディーズレガリア,,牡,2,未出走,畑端省吾,69.0,50.5,33.4,16.3,18.5,17.1,17.1,16.3
栗東,20260822,土,5:52,シーザットガール,,牝,2,未出走,畑端省吾,68.1,50.0,33.4,16.8,18.1,16.6,16.6,16.8
栗東,20260822,土,5:53,ファランギーナ,,牡,3,0,福永祐一,66.4,48.8,32.7,16.3,17.6,16.1,16.4,16.3
栗東,20260822,土,5:53,アマル,,牝,2,未出走,福永祐一,64.8,48.0,32.3,16.2,16.8,15.7,16.1,16.2
栗東,20260822,土,5:54,ランドブレイブ,,牡,4,400,安達昭夫,64.1,47.4,32.2,16.9,16.7,15.2,15.3,16.9
栗東,20260822,土,5:54,ロードフリューゲル,,牡,3,0,上村洋行,65.1,47.0,31.1,15.3,18.1,15.9,15.8,15.3
栗東,20260822,土,5:55,リチャードバローズ,,牡,5,1500,上村洋行,63.5,46.4,30.2,14.8,17.1,16.2,15.4,14.8
栗東,20260822,土,5:55,タガノデュード,,牡,5,4550,宮徹,77.6,54.6,35.1,17.4,23.0,19.5,17.7,17.4
栗東,20260822,土,5:55,ジーティーアダマン,,牡,4,2500,上村洋行,64.8,46.9,30.6,15.0,17.9,16.3,15.6,15.0
栗東,20260822,土,5:55,アクセス,,牡,3,400,上村洋行,64.4,45.9,29.5,14.6,18.5,16.4,14.9,14.6
栗東,20260822,土,5:55,シビルガード,,牡,3,0,庄野靖志,66.4,49.2,32.2,16.3,17.2,17.0,15.9,16.3
栗東,20260822,土,5:55,チェストバンプ,,牝,2,未登録,,69.9,51.6,33.7,16.8,18.3,17.9,16.9,16.8
栗東,20260822,土,5:55,ルクスアルカード,,牡,2,未出走,上村洋行,64.9,47.8,31.6,16.2,17.1,16.2,15.4,16.2
栗東,20260822,土,5:56,プレゼンティーア,,牝,5,2400,田中克典,64.7,47.6,31.2,15.1,17.1,16.4,16.1,15.1
栗東,20260822,土,5:56,ピューロマジック,,牝,5,11150,安田翔伍,66.2,48.4,32.0,16.0,17.8,16.4,16.0,16.0
栗東,20260822,土,5:56,エーデルヴェーグ,,牝,4,900,田中克典,69.9,51.2,33.2,15.9,18.7,18.0,17.3,15.9
栗東,20260822,土,5:56,コルドンブルー,,牝,4,900,松永幹夫,62.0,45.4,30.0,14.8,16.6,15.4,15.2,14.8
栗東,20260822,土,5:56,クリコファルコン,,牡,3,0,谷潔,66.2,47.9,30.9,14.9,18.3,17.0,16.0,14.9
栗東,20260822,土,5:56,ダンデノン,,牝,3,400,田中克典,62.5,45.5,30.0,14.9,17.0,15.5,15.1,14.9
栗東,20260822,土,5:56,ルナフィオーレ,,牝,3,0,庄野靖志,63.9,46.3,30.6,15.2,17.6,15.7,15.4,15.2
栗東,20260822,土,5:56,トゥスコラーナ,,牝,3,0,松永幹夫,63.0,45.9,29.5,14.6,17.1,16.4,14.9,14.6
栗東,20260822,土,5:56,ヴィスコンテッサ,,牝,3,400,松永幹夫,62.5,46.4,31.0,15.6,16.1,15.4,15.4,15.6
栗東,20260822,土,5:56,イテルム,,牝,2,0,田中克典,63.9,46.8,30.8,15.1,17.1,16.0,15.7,15.1
栗東,20260822,土,5:57,キーチパルフェ,,牡,5,1500,高柳大輔,67.2,49.6,32.9,16.3,17.6,16.7,16.6,16.3
栗東,20260822,土,5:57,ブルーワール,,牡,5,1500,高柳大輔,64.6,48.4,31.7,15.5,16.2,16.7,16.2,15.5
栗東,20260822,土,5:57,カウンティフェア,,牝,4,900,高野友和,69.3,51.0,33.7,16.5,18.3,17.3,17.2,16.5
栗東,20260822,土,5:57,トリニティ,,牝,3,900,安田翔伍,73.8,54.2,35.5,17.3,19.6,18.7,18.2,17.3
栗東,20260822,土,5:57,ヴォーカライズ,,牡,3,400,高野友和,68.4,49.5,32.5,16.0,18.9,17.0,16.5,16.0
栗東,20260822,土,5:57,ラッキーラグーン,,牡,3,未出走,高柳大輔,64.3,47.6,31.5,15.9,16.7,16.1,15.6,15.9
栗東,20260822,土,5:57,ミティリーニ,,牝,3,400,高野友和,69.2,49.7,32.0,15.8,19.5,17.7,16.2,15.8
栗東,20260822,土,5:57,トラッドロア,,牝,3,0,高野友和,71.0,52.1,33.6,16.3,18.9,18.5,17.3,16.3
栗東,20260822,土,5:58,ダノンモンテローザ,,セ,5,620,茶木太樹,65.4,48.0,31.8,15.8,17.4,16.2,16.0,15.8
栗東,20260822,土,5:58,ジャスティンゴッホ,,牡,3,0,茶木太樹,65.4,48.5,32.0,15.9,16.9,16.5,16.1,15.9
栗東,20260822,土,5:58,プペアンビスキュイ,,牝,3,0,茶木太樹,64.4,46.7,30.5,14.7,17.7,16.2,15.8,14.7
栗東,20260822,土,5:58,ザッツゴールド,,牡,2,未出走,新谷功一,65.2,48.6,32.1,16.1,16.6,16.5,16.0,16.1
栗東,20260822,土,5:58,ユウスカイ,,牡,2,未出走,新谷功一,63.4,46.7,30.4,14.8,16.7,16.3,15.6,14.8
栗東,20260822,土,5:58,ジョウショーツヨシ,,牡,2,0,新谷功一,65.3,48.3,32.1,16.2,17.0,16.2,15.9,16.2
栗東,20260822,土,5:59,ロックウイズユー,,セ,4,400,橋田宜長,65.8,47.9,31.0,15.4,17.9,16.9,15.6,15.4
栗東,20260822,土,5:59,ドリームオブコージ,,牡,2,0,安田翔伍,69.2,50.8,33.2,16.3,18.4,17.6,16.9,16.3
栗東,20260822,土,5:59,ウィスパーノート,,牡,2,未出走,安田翔伍,67.5,49.0,32.5,16.2,18.5,16.5,16.3,16.2
栗東,20260822,土,5:59,ルージュムーサ,,牝,2,未出走,安田翔伍,68.5,50.4,33.4,16.5,18.1,17.0,16.9,16.5
栗東,20260822,土,5:59,ボーオーブ,,牡,2,未出走,安田翔伍,67.8,49.1,32.6,16.4,18.7,16.5,16.2,16.4
栗東,20260822,土,6:00,ミッキーギャラン,,牡,3,未登録,,56.6,41.7,27.4,13.2,14.9,14.3,14.2,13.2
栗東,20260822,土,6:00,ポッドハンター,,牡,2,未出走,前川恭子,68.1,50.2,33.4,16.3,17.9,16.8,17.1,16.3
栗東,20260822,土,6:01,ファイツオン,,牡,5,900,藤岡健一,72.6,52.0,33.8,16.9,20.6,18.2,16.9,16.9
栗東,20260822,土,6:02,セシリエプラージュ,,牝,5,1500,中村直也,61.6,44.7,29.4,14.9,16.9,15.3,14.5,14.9
栗東,20260822,土,6:02,スマートクラビ,,牡,4,400,中村直也,66.7,49.5,33.0,16.4,17.2,16.5,16.6,16.4
栗東,20260822,土,6:02,ヤマニンチェルキ,,牡,4,7350,中村直也,70.8,52.7,35.1,17.5,18.1,17.6,17.6,17.5
栗東,20260822,土,6:02,タガノマカシヤ,,牡,4,1500,中村直也,65.5,48.2,32.0,16.4,17.3,16.2,15.6,16.4
栗東,20260822,土,6:24,スズカダブル,,牡,6,1500,西村真幸,61.5,45.5,30.4,15.2,16.0,15.1,15.2,15.2
栗東,20260822,土,6:25,ミヤジシャルマン,,牡,6,900,宮地貴稔,65.7,48.9,32.4,15.6,16.8,16.5,16.8,15.6
栗東,20260822,土,6:25,メイショウヒタカミ,,牡,3,0,石橋守,66.6,49.2,32.6,16.3,17.4,16.6,16.3,16.3
栗東,20260822,土,6:26,ピースオブザライフ,,牝,6,2400,野中賢二,65.8,48.7,32.1,15.9,17.1,16.6,16.2,15.9
栗東,20260822,土,6:26,スナークラファエロ,,セ,5,2400,野中賢二,67.8,50.7,33.8,16.8,17.1,16.9,17.0,16.8
栗東,20260822,土,6:26,トモエジョウ,,牝,4,120,岡田稲男,71.2,51.5,32.8,16.0,19.7,18.7,16.8,16.0
栗東,20260822,土,6:26,メイショウツヨキ,,牡,4,1500,飯田祐史,65.5,48.7,33.0,16.5,16.8,15.7,16.5,16.5
栗東,20260822,土,6:26,メイショウトライオ,,牝,3,未出走,石橋守,66.9,49.3,32.8,16.6,17.6,16.5,16.2,16.6
栗東,20260822,土,6:26,アルトラムス,,牡,3,2450,野中賢二,68.1,50.5,33.4,16.6,17.6,17.1,16.8,16.6
栗東,20260822,土,6:26,ソウルオンファイア,,牝,3,1500,野中賢二,64.6,47.5,31.6,15.8,17.1,15.9,15.8,15.8
栗東,20260822,土,6:26,スナークルーベンス,,牡,2,未出走,野中賢二,68.4,50.5,33.5,16.9,17.9,17.0,16.6,16.9
栗東,20260822,土,6:26,メモリーブック,,牡,2,未出走,飯田祐史,67.1,48.7,31.9,16.1,18.4,16.8,15.8,16.1
栗東,20260822,土,6:26,メイショウスパーク,,牡,2,未出走,飯田祐史,63.2,46.8,31.6,16.2,16.4,15.2,15.4,16.2
栗東,20260822,土,6:26,クリスティーナ,,牝,2,未出走,飯田祐史,66.6,50.8,34.0,16.7,15.8,16.8,17.3,16.7
栗東,20260822,土,6:27,ロードプレジール,,牡,8,2400,佐藤悠太,62.8,45.8,29.5,14.4,17.0,16.3,15.1,14.4
栗東,20260822,土,6:27,リッケンバッカー,,牡,8,1150,西村真幸,64.6,46.2,29.9,14.9,18.4,16.3,15.0,14.9
栗東,20260822,土,6:27,メイショウズイウン,,牡,4,2400,本田優,60.1,44.1,29.0,14.5,16.0,15.1,14.5,14.5
栗東,20260822,土,6:27,メイショウジンソウ,,牡,3,0,本田優,68.2,49.2,32.3,16.0,19.0,16.9,16.3,16.0
栗東,20260822,土,6:27,ブラッドムーン,,牝,3,400,宮本博,67.0,48.3,31.4,15.9,18.7,16.9,15.5,15.9
栗東,20260822,土,6:27,リードアクター,,牡,3,0,本田優,69.4,50.7,33.9,16.6,18.7,16.8,17.3,16.6
栗東,20260822,土,6:27,エンヴェロップ,,牝,3,400,佐藤悠太,63.8,46.9,31.7,15.8,16.9,15.2,15.9,15.8
栗東,20260822,土,6:27,アーデルプレミア,,牡,2,未出走,宮本博,64.4,46.7,30.6,15.2,17.7,16.1,15.4,15.2
栗東,20260822,土,6:28,マイノワール,,牡,5,2400,笹田和秀,67.0,49.3,32.2,15.7,17.7,17.1,16.5,15.7
栗東,20260822,土,6:28,ファイアプレイス,,牝,3,0,小林真也,62.9,45.5,29.8,15.0,17.4,15.7,14.8,15.0
栗東,20260822,土,6:28,ミランド,,牡,3,400,小林真也,65.1,47.9,31.7,15.6,17.2,16.2,16.1,15.6
栗東,20260822,土,6:28,オンザノアール,,牝,3,400,佐藤悠太,67.4,48.7,31.9,15.7,18.7,16.8,16.2,15.7
栗東,20260822,土,6:28,ゼランテ,,牡,3,0,松永幹夫,65.7,48.7,32.5,16.1,17.0,16.2,16.4,16.1
栗東,20260822,土,6:28,マーゴットプレ,,牝,2,未出走,小林真也,68.8,51.0,33.3,16.6,17.8,17.7,16.7,16.6
栗東,20260822,土,6:28,ミルフィーユ,,牝,2,未出走,飯田祐史,70.9,53.0,34.8,17.3,17.9,18.2,17.5,17.3
栗東,20260822,土,6:28,セーズアマゾネス,,牝,2,未出走,飯田祐史,69.3,51.4,34.3,16.7,17.9,17.1,17.6,16.7
栗東,20260822,土,6:28,ギブリ,,牡,2,未出走,松永幹夫,65.9,48.7,32.1,16.0,17.2,16.6,16.1,16.0
栗東,20260822,土,6:28,リアルメッセージ,,牡,2,0,小林真也,67.8,49.7,32.6,16.0,18.1,17.1,16.6,16.0
栗東,20260822,土,6:28,ベルヴェール,,牡,2,0,石坂公一,62.8,45.4,29.6,14.6,17.4,15.8,15.0,14.6
栗東,20260822,土,6:28,シホノノービレ,,牡,2,未出走,佐藤悠太,67.2,48.8,31.7,15.7,18.4,17.1,16.0,15.7
栗東,20260822,土,6:29,パシアンジャン,,牡,5,1500,鈴木孝志,66.7,49.1,32.6,16.1,17.6,16.5,16.5,16.1
栗東,20260822,土,6:29,メイショウドライブ,,牝,4,900,鈴木孝志,64.7,48.1,31.8,15.9,16.6,16.3,15.9,15.9
栗東,20260822,土,6:29,ラッキーヴォーグ,,牡,3,0,牧田和弥,65.3,48.1,31.8,16.0,17.2,16.3,15.8,16.0
栗東,20260822,土,6:29,グルード,,牡,2,0,牧田和弥,66.6,49.4,32.2,15.4,17.2,17.2,16.8,15.4
栗東,20260822,土,6:29,ミヤジエル,,牝,2,未登録,,66.1,49.0,32.3,16.2,17.1,16.7,16.1,16.2
栗東,20260822,土,6:29,キフクマル,,牡,2,未出走,池添学,66.7,49.4,32.3,16.0,17.3,17.1,16.3,16.0
栗東,20260822,土,6:30,カネフラ,,牡,6,2400,高橋康之,64.4,46.1,30.1,14.8,18.3,16.0,15.3,14.8
栗東,20260822,土,6:30,タマモブラックタイ,,牡,6,4100,角田晃一,69.0,48.9,31.7,15.9,20.1,17.2,15.8,15.9
栗東,20260822,土,6:30,サトノシャッツ,,牡,3,未出走,池江泰寿,63.1,45.7,28.8,14.1,17.4,16.9,14.7,14.1
栗東,20260822,土,6:30,モズタイシソウシ,,牡,3,0,平田修,75.5,52.3,32.4,16.3,23.2,19.9,16.1,16.3
栗東,20260822,土,6:30,マイバレンタイン,,牡,3,900,池江泰寿,72.9,53.4,34.4,16.9,19.5,19.0,17.5,16.9
栗東,20260822,土,6:30,デュードロップ,,牝,3,0,平田修,60.2,43.8,28.9,15.0,16.4,14.9,13.9,15.0
栗東,20260822,土,6:30,イベントホライゾン,,牡,3,900,池江泰寿,64.5,46.1,29.9,14.8,18.4,16.2,15.1,14.8
栗東,20260822,土,6:30,シグロデオロ,,牡,2,未出走,平田修,65.7,47.0,30.7,15.3,18.7,16.3,15.4,15.3
栗東,20260822,土,6:30,トレビスドンナ,,牝,2,未出走,池江泰寿,69.9,50.8,32.4,15.9,19.1,18.4,16.5,15.9
栗東,20260822,土,6:31,アメリカンビーチ,,牡,4,400,四位洋文,65.2,47.2,30.3,14.8,18.0,16.9,15.5,14.8
栗東,20260822,土,6:31,スラッシュ,,牡,3,0,安達昭夫,72.3,53.3,35.2,17.4,19.0,18.1,17.8,17.4
栗東,20260822,土,6:31,メイショウジーニー,,牝,3,0,秋山真一,64.2,47.1,31.4,15.8,17.1,15.7,15.6,15.8
栗東,20260822,土,6:31,コスモフィレンツェ,,牡,3,0,北出成人,66.2,47.8,31.5,15.8,18.4,16.3,15.7,15.8
栗東,20260822,土,6:31,オーシャンズフレア,,牡,2,未出走,北出成人,66.0,48.2,31.5,15.6,17.8,16.7,15.9,15.6
栗東,20260822,土,6:31,ウィザードシチー,,牡,2,未出走,北出成人,65.3,47.6,31.6,15.6,17.7,16.0,16.0,15.6
栗東,20260822,土,6:31,ミリオンカラー,,牝,2,0,北出成人,65.9,48.1,31.4,15.5,17.8,16.7,15.9,15.5
栗東,20260822,土,6:31,コスモクラウン,,牡,2,未出走,北出成人,65.3,47.7,31.6,15.6,17.6,16.1,16.0,15.6
栗東,20260822,土,6:32,ジャンヌローサ,,牝,5,400,井上智史,64.4,47.0,30.9,15.4,17.4,16.1,15.5,15.4
栗東,20260822,土,6:32,プロスト,,牡,3,0,梅田智之,65.7,48.4,32.1,16.5,17.3,16.3,15.6,16.5
栗東,20260822,土,6:32,ゼンノゾンターク,,牡,3,400,緒方努,65.4,47.6,31.3,15.5,17.8,16.3,15.8,15.5
栗東,20260822,土,6:32,タイニーワンダー,,牝,3,400,四位洋文,64.7,47.6,30.5,14.7,17.1,17.1,15.8,14.7
栗東,20260822,土,6:32,ロックウイズミー,,牡,2,未出走,緒方努,66.2,48.1,31.9,15.5,18.1,16.2,16.4,15.5
栗東,20260822,土,6:34,ブルーノート,,牡,7,900,梅田智之,62.5,45.0,29.2,14.2,17.5,15.8,15.0,14.2
栗東,20260822,土,6:34,ヴィヴァシャス,,牝,4,400,笹田和秀,65.5,47.6,31.0,15.0,17.9,16.6,16.0,15.0
栗東,20260822,土,6:34,ライツェントライゼ,,牝,3,0,梅田智之,65.9,47.8,31.8,16.5,18.1,16.0,15.3,16.5
栗東,20260822,土,6:34,スクワミッシュ,,牝,2,0,梅田智之,68.0,49.3,32.1,15.8,18.7,17.2,16.3,15.8
栗東,20260822,土,6:35,ナムラフッカー,,牡,5,1500,長谷川浩,63.6,46.7,30.3,14.9,16.9,16.4,15.4,14.9
栗東,20260822,土,6:35,リューデスハイム,,牡,5,1500,牧田和弥,65.5,48.3,32.1,15.9,17.2,16.2,16.2,15.9
栗東,20260822,土,6:35,マテンロウコマンド,,牡,4,8820,長谷川浩,64.7,48.2,31.5,15.3,16.5,16.7,16.2,15.3
栗東,20260822,土,6:35,アルダ,,牡,3,0,石坂公一,70.9,52.1,34.1,16.9,18.8,18.0,17.2,16.9
栗東,20260822,土,6:35,ロックターミガン,,牡,3,3550,石坂公一,66.1,48.3,31.2,15.0,17.8,17.1,16.2,15.0
栗東,20260822,土,6:35,サークル,,牝,2,未出走,石坂公一,71.0,52.7,35.0,17.3,18.3,17.7,17.7,17.3
栗東,20260822,土,6:36,ジョウゲンノツキ,,牝,5,900,牧田和弥,65.3,48.2,31.2,15.0,17.1,17.0,16.2,15.0
栗東,20260822,土,6:36,ラインピクシー,,牝,4,400,長谷川浩,71.1,52.5,34.3,17.0,18.6,18.2,17.3,17.0
栗東,20260822,土,6:36,ムーンライトラガー,,牝,4,400,大久保龍,63.0,46.3,30.4,15.2,16.7,15.9,15.2,15.2
栗東,20260822,土,6:37,ロードオルデン,,牡,7,900,辻野泰之,65.7,47.9,31.2,15.6,17.8,16.7,15.6,15.6
栗東,20260822,土,6:37,ジーニアスバローズ,,セ,6,900,辻野泰之,63.0,46.8,30.9,15.1,16.2,15.9,15.8,15.1
栗東,20260822,土,6:38,ゼットレジーナ,,牝,5,900,吉田直弘,55.3,39.5,25.6,12.8,15.8,13.9,12.8,12.8
栗東,20260822,土,6:38,オープンザパンドラ,,牡,3,0,小椋研介,67.5,48.4,31.5,15.3,19.1,16.9,16.2,15.3
栗東,20260822,土,6:38,ロードフローリス,,牡,2,未出走,小椋研介,70.5,52.0,34.4,17.5,18.5,17.6,16.9,17.5
栗東,20260822,土,6:38,テムレーション,,牡,2,未出走,小椋研介,64.4,46.8,30.7,14.9,17.6,16.1,15.8,14.9
栗東,20260822,土,6:38,ペンタクルクイーン,,牝,2,未出走,吉田直弘,55.2,39.5,25.6,12.7,15.7,13.9,12.9,12.7
栗東,20260822,土,6:39,ホルトバージ,,牡,5,1500,柴田卓,67.3,47.3,30.4,15.2,20.0,16.9,15.2,15.2
栗東,20260822,土,6:39,レヴァンテシチー,,牡,4,1500,柴田卓,64.4,46.5,30.7,15.6,17.9,15.8,15.1,15.6
栗東,20260822,土,6:39,ルミナスシェリー,,牝,2,未出走,柴田卓,66.0,47.1,30.5,15.0,18.9,16.6,15.5,15.0
栗東,20260822,土,6:40,ハオカノア,,牡,3,0,小崎憲,65.3,47.7,31.3,15.6,17.6,16.4,15.7,15.6
栗東,20260822,土,6:40,ゴルディアス,,牡,2,0,小崎憲,65.6,48.2,32.2,16.1,17.4,16.0,16.1,16.1
栗東,20260822,土,6:42,フロムレイブン,,牝,3,400,坂口智康,62.4,44.3,29.0,14.5,18.1,15.3,14.5,14.5
栗東,20260822,土,6:42,ダノンプレリュード,,牝,3,0,坂口智康,63.4,45.9,29.7,14.9,17.5,16.2,14.8,14.9
栗東,20260822,土,6:42,カールイメル,,牝,2,未出走,坂口智康,72.5,53.0,34.5,16.7,19.5,18.5,17.8,16.7
栗東,20260822,土,6:42,カザンミハラ,,牡,2,未出走,坂口智康,72.6,53.5,34.9,17.1,19.1,18.6,17.8,17.1
栗東,20260822,土,6:42,サントボーム,,牝,2,未登録,,72.6,53.0,34.5,16.8,19.6,18.5,17.7,16.8
栗東,20260822,土,6:43,ソルトチューダ,,牡,4,400,荒川義之,66.2,48.3,31.6,14.9,17.9,16.7,16.7,14.9
栗東,20260822,土,6:43,リントゥラウル,,牡,3,0,秋山真一,71.0,53.0,35.2,17.8,18.0,17.8,17.4,17.8
栗東,20260822,土,6:43,メイショウセイクウ,,牡,2,未出走,荒川義之,65.3,49.2,33.1,16.8,16.1,16.1,16.3,16.8
栗東,20260822,土,6:43,ハルカカナタ,,牝,2,0,秋山真一,69.1,50.9,34.1,16.9,18.2,16.8,17.2,16.9
栗東,20260822,土,6:44,シンゼンカガ,,牡,4,1500,荒川義之,61.7,45.9,31.0,15.8,15.8,14.9,15.2,15.8
栗東,20260822,土,6:45,レーンアジリティ,,牡,4,400,中尾秀正,65.5,48.6,31.9,15.6,16.9,16.7,16.3,15.6
栗東,20260822,土,6:45,エコロヴァイス,,牡,4,400,吉村圭司,65.3,46.8,29.8,14.5,18.5,17.0,15.3,14.5
栗東,20260822,土,6:45,ハーブドーレ,,牝,3,0,荒川義之,67.0,49.4,32.8,16.2,17.6,16.6,16.6,16.2
栗東,20260822,土,6:45,カセノコンコルド,,牡,3,0,中尾秀正,64.6,48.9,33.1,17.3,15.7,15.8,15.8,17.3
栗東,20260822,土,6:45,バトルセレーネ,,牝,3,0,吉村圭司,67.7,49.1,32.1,15.8,18.6,17.0,16.3,15.8
栗東,20260822,土,6:45,キュールエポルト,,牝,2,未出走,中尾秀正,68.0,52.1,34.6,17.3,15.9,17.5,17.3,17.3
栗東,20260822,土,6:46,アーリントンロウ,,牡,4,400,松下武士,70.9,52.4,34.2,16.5,18.5,18.2,17.7,16.5
栗東,20260822,土,6:46,ジューンマーチ,,牡,3,0,松下武士,64.5,47.2,31.0,15.4,17.3,16.2,15.6,15.4
栗東,20260822,土,6:47,サロニコス,,牝,5,900,松下武士,67.4,47.0,30.1,14.8,20.4,16.9,15.3,14.8
栗東,20260822,土,6:47,アンヌグロース,,牝,3,0,松下武士,66.0,46.8,29.9,15.1,19.2,16.9,14.8,15.1
栗東,20260822,土,6:49,リアンマヒナ,,牡,3,400,高橋一哉,66.6,48.3,31.6,15.5,18.3,16.7,16.1,15.5
栗東,20260822,土,6:49,ヴィシュヌ,,牡,2,未出走,高橋一哉,67.8,50.9,34.5,16.8,16.9,16.4,17.7,16.8
栗東,20260822,土,6:49,ジーティーメイバ,,牡,2,未登録,,72.6,53.8,35.9,17.9,18.8,17.9,18.0,17.9
栗東,20260822,土,6:49,ムーチョブロンコ,,牡,2,未登録,,71.5,52.6,34.5,17.3,18.9,18.1,17.2,17.3
栗東,20260822,土,6:50,センツブラッド,,牡,4,2550,斉藤崇史,70.8,51.4,33.4,16.4,19.4,18.0,17.0,16.4
栗東,20260822,土,6:50,サラサキングスター,,牡,3,0,斉藤崇史,70.2,51.5,33.6,16.8,18.7,17.9,16.8,16.8
栗東,20260822,土,6:50,ｸｨｰﾝｽﾞﾍﾞｽﾄの24,,牡,2,未登録,,70.4,51.4,33.4,16.6,19.0,18.0,16.8,16.6
栗東,20260822,土,6:50,パンプルネル,,牡,2,未登録,,71.1,51.5,33.4,16.4,19.6,18.1,17.0,16.4
栗東,20260822,土,6:52,マルモリムソウ,,牡,2,400,大橋勇樹,69.4,51.3,34.3,17.1,18.1,17.0,17.2,17.1
栗東,20260822,土,6:52,リアルマロン,,牡,2,未出走,大橋勇樹,65.6,48.3,32.8,16.7,17.3,15.5,16.1,16.7
栗東,20260822,土,6:54,ゴールデンレシオ,,牡,2,未出走,小椋研介,62.2,45.0,30.0,15.7,17.2,15.0,14.3,15.7
栗東,20260822,土,6:55,コト,,牝,5,1500,野中賢二,67.2,49.4,32.8,16.4,17.8,16.6,16.4,16.4
栗東,20260822,土,6:55,レッドヴァリアート,,牡,4,400,加藤公太,69.1,51.1,33.9,17.2,18.0,17.2,16.7,17.2
栗東,20260822,土,6:55,グロウビルド,,牝,2,未登録,,69.0,51.3,34.1,17.4,17.7,17.2,16.7,17.4
栗東,20260822,土,6:55,キミチャン,,牝,2,未出走,加藤公太,67.8,49.6,32.7,16.4,18.2,16.9,16.3,16.4
栗東,20260822,土,6:56,ブラックシールド,,牡,7,2400,小栗実,67.6,49.4,32.5,15.7,18.2,16.9,16.8,15.7
栗東,20260822,土,6:56,パルパル,,牡,2,未出走,小栗実,72.7,53.4,35.0,17.2,19.3,18.4,17.8,17.2
栗東,20260822,土,6:57,ダノンキラウェア,,牡,5,900,中内田充,67.8,49.5,32.2,16.2,18.3,17.3,16.0,16.2
栗東,20260822,土,6:58,ヒノデサンライズ,,牝,2,未登録,,65.9,48.4,31.6,16.2,17.5,16.8,15.4,16.2
栗東,20260822,土,6:58,ニシノマサムネ,,牡,2,未登録,,67.8,50.0,32.8,16.7,17.8,17.2,16.1,16.7
栗東,20260822,土,6:58,ホットロッドハート,,牡,2,0,前川恭子,66.0,48.0,31.4,15.4,18.0,16.6,16.0,15.4
栗東,20260822,土,6:59,リピ,,牝,3,400,西園翔太,69.0,50.8,33.5,16.3,18.2,17.3,17.2,16.3
栗東,20260822,土,6:59,コメットサン,,牝,2,未出走,西園翔太,68.6,50.1,33.0,16.4,18.5,17.1,16.6,16.4
栗東,20260822,土,6:59,キングリア,,牡,2,未出走,中内田充,64.8,48.3,32.3,16.0,16.5,16.0,16.3,16.0
栗東,20260822,土,7:00,パワポケビー,,牝,7,400,森田直行,61.2,44.8,29.4,14.9,16.4,15.4,14.5,14.9
栗東,20260822,土,7:00,グローブアマランス,,牝,5,400,中尾秀正,64.9,47.9,31.2,15.3,17.0,16.7,15.9,15.3
栗東,20260822,土,7:00,メイショウプレマ,,牝,3,0,石橋守,65.6,49.2,32.6,16.0,16.4,16.6,16.6,16.0
栗東,20260822,土,7:00,セッシュウ,,牡,3,0,石橋守,68.3,51.2,34.6,17.4,17.1,16.6,17.2,17.4
栗東,20260822,土,7:00,ランゲ,,牝,2,未出走,石橋守,65.4,48.5,32.1,16.1,16.9,16.4,16.0,16.1
栗東,20260822,土,7:01,リリーサンダー,,牡,3,0,緒方努,65.4,48.5,32.4,16.2,16.9,16.1,16.2,16.2
栗東,20260822,土,7:01,モズノンノン,,牝,2,未出走,畑端省吾,69.2,51.0,33.9,17.3,18.2,17.1,16.6,17.3
栗東,20260822,土,7:01,テムタワーボス,,牡,2,未出走,畑端省吾,66.1,47.7,31.2,15.2,18.4,16.5,16.0,15.2
栗東,20260822,土,7:01,エクセレントワード,,牝,2,未出走,畑端省吾,63.6,46.8,30.4,14.6,16.8,16.4,15.8,14.6
栗東,20260822,土,7:02,クランフォード,,牝,5,3200,杉山晴紀,68.4,50.1,32.4,16.2,18.3,17.7,16.2,16.2
栗東,20260822,土,7:02,ワンコールアウェイ,,牝,4,900,杉山晴紀,71.4,51.4,33.1,16.4,20.0,18.3,16.7,16.4
栗東,20260822,土,7:02,テレサ,,牝,4,2550,杉山晴紀,67.6,49.7,32.7,16.3,17.9,17.0,16.4,16.3
栗東,20260822,土,7:02,クランズクラウン,,牝,3,0,杉山晴紀,68.4,49.8,33.1,16.6,18.6,16.7,16.5,16.6
栗東,20260822,土,7:02,ブラッドバローズ,,牡,2,未出走,杉山晴紀,66.7,48.3,31.6,16.1,18.4,16.7,15.5,16.1
栗東,20260822,土,7:02,シュブスタンス,,牡,2,未出走,杉山晴紀,68.6,48.6,31.5,15.9,20.0,17.1,15.6,15.9
栗東,20260822,土,7:04,ケイエイト,,牡,6,400,羽月友彦,66.1,48.7,32.2,16.0,17.4,16.5,16.2,16.0
栗東,20260822,土,7:04,キタノゲラン,,牡,2,未出走,羽月友彦,66.8,49.6,32.8,16.1,17.2,16.8,16.7,16.1
栗東,20260822,土,7:04,リバティサンライズ,,牝,2,未登録,,68.7,51.2,34.2,17.3,17.5,17.0,16.9,17.3
栗東,20260822,土,7:04,ワンダーラヴグッド,,牝,2,未出走,羽月友彦,66.1,48.4,31.8,15.8,17.7,16.6,16.0,15.8
栗東,20260822,土,7:05,ダイメイプリンス,,牡,3,0,森田直行,70.4,51.6,34.5,17.4,18.8,17.1,17.1,17.4
栗東,20260822,土,7:05,ヴィシュヴァナート,,牡,3,0,森田直行,69.5,51.2,34.0,16.3,18.3,17.2,17.7,16.3
栗東,20260822,土,7:06,サーディンラン,,牡,3,900,武英智,64.5,46.7,30.6,15.1,17.8,16.1,15.5,15.1
栗東,20260822,土,7:06,ウルスス,,牝,2,未登録,,67.2,49.6,32.8,16.3,17.6,16.8,16.5,16.3
栗東,20260822,土,7:06,マコトブリッツ,,牡,2,0,武英智,68.0,49.9,32.4,15.8,18.1,17.5,16.6,15.8
栗東,20260822,土,7:06,マリアーナ,,牝,2,未登録,,67.4,49.8,32.9,16.3,17.6,16.9,16.6,16.3
栗東,20260822,土,7:07,サンタンジェロ,,牝,2,400,須貝尚介,64.0,45.6,29.8,14.9,18.4,15.8,14.9,14.9
栗東,20260822,土,7:08,メイショウピース,,牝,6,1500,高橋亮,59.2,44.5,30.0,15.3,14.7,14.5,14.7,15.3
栗東,20260822,土,7:08,メイショウヤマモモ,,牝,5,400,高橋亮,58.6,43.6,29.4,14.9,15.0,14.2,14.5,14.9
栗東,20260822,土,7:09,クロレ,,牝,3,0,福永祐一,69.6,51.4,33.6,16.7,18.2,17.8,16.9,16.7
栗東,20260822,土,7:09,サンライズモロヘイ,,牡,2,未出走,牧浦充徳,64.3,49.1,33.0,16.0,15.2,16.1,17.0,16.0
栗東,20260822,土,7:09,エッセンシャルサン,,牡,2,未出走,牧浦充徳,63.4,47.2,31.3,15.4,16.2,15.9,15.9,15.4
栗東,20260822,土,7:10,エナジーグラン,,牡,7,2580,高橋康之,64.3,47.4,31.2,15.6,16.9,16.2,15.6,15.6
栗東,20260822,土,7:11,チャンネルトンネル,,牡,5,1500,福永祐一,65.0,48.3,32.4,16.3,16.7,15.9,16.1,16.3
栗東,20260822,土,7:12,アスクエジンバラ,,牡,3,2700,福永祐一,65.3,47.6,32.9,16.0,17.7,14.7,16.9,16.0
栗東,20260822,土,7:16,ハギノコラソン,,牝,4,900,寺島良,64.1,47.9,31.9,15.6,16.2,16.0,16.3,15.6
栗東,20260822,土,7:16,キングメーカー,,牡,4,1500,須貝尚介,71.3,52.3,34.5,17.1,19.0,17.8,17.4,17.1
栗東,20260822,土,7:16,ダノンカゼルタ,,セ,4,900,寺島良,63.0,46.5,30.4,15.1,16.5,16.1,15.3,15.1
栗東,20260822,土,7:16,ジュンライデン,,牡,4,900,友道康夫,63.7,45.7,29.6,14.2,18.0,16.1,15.4,14.2
栗東,20260822,土,7:16,マイコンチェルト,,牡,3,400,大久保龍,64.4,47.5,31.3,15.4,16.9,16.2,15.9,15.4
栗東,20260822,土,7:16,エムズビギン,,牡,3,1200,友道康夫,64.2,46.6,30.5,15.1,17.6,16.1,15.4,15.1
栗東,20260822,土,7:17,シーミハットク,,牡,3,900,寺島良,65.7,48.4,31.2,15.2,17.3,17.2,16.0,15.2
栗東,20260822,土,7:17,クラテロス,,牝,3,0,寺島良,59.8,44.3,28.8,14.3,15.5,15.5,14.5,14.3
栗東,20260822,土,7:18,シュネルアンジュ,,牝,3,400,寺島良,63.3,46.1,29.8,14.9,17.2,16.3,14.9,14.9
栗東,20260822,土,7:21,ウルスクローム,,牡,4,1500,大橋勇樹,69.0,50.3,33.1,16.3,18.7,17.2,16.8,16.3
栗東,20260822,土,7:23,ジーティーダーリン,,牡,4,2400,田中克典,64.8,47.1,31.1,15.7,17.7,16.0,15.4,15.7
栗東,20260822,土,7:25,コンテナワールド,,牡,5,0,中竹和也,65.6,49.7,33.1,16.2,15.9,16.6,16.9,16.2
栗東,20260822,土,7:25,サトノボルテクス,,牡,2,未出走,中竹和也,64.3,48.3,32.2,16.0,16.0,16.1,16.2,16.0
栗東,20260822,土,7:26,シートゥサミット,,牡,3,400,吉岡辰弥,54.4,39.6,25.6,12.6,14.8,14.0,13.0,12.6
栗東,20260822,土,7:26,レポゼ,,牡,2,未出走,吉岡辰弥,64.0,47.1,31.3,14.6,16.9,15.8,16.7,14.6
栗東,20260822,土,7:26,メモリアデルレ,,牡,2,0,吉岡辰弥,54.0,39.3,25.4,12.4,14.7,13.9,13.0,12.4
栗東,20260822,土,7:26,ニューイントリーグ,,牡,2,未出走,吉岡辰弥,64.7,47.5,31.3,15.5,17.2,16.2,15.8,15.5
栗東,20260822,土,7:27,ブルクトーア,,牡,4,1500,長谷川浩,55.6,41.0,26.3,12.7,14.6,14.7,13.6,12.7
栗東,20260822,土,7:28,クリノセーラーマン,,牡,3,400,大橋勇樹,68.4,50.8,33.9,17.3,17.6,16.9,16.6,17.3
栗東,20260822,土,7:28,スリーキズナヒメ,,牝,3,0,橋田宜長,66.8,48.6,31.9,15.8,18.2,16.7,16.1,15.8
栗東,20260822,土,7:28,ナムラロダン,,牡,3,0,長谷川浩,66.8,49.5,32.3,16.3,17.3,17.2,16.0,16.3
栗東,20260822,土,7:28,マリアネーラ,,牝,2,未出走,長谷川浩,71.1,52.0,34.2,16.9,19.1,17.8,17.3,16.9
栗東,20260822,土,7:28,スリーボンド,,牝,2,未出走,橋田宜長,67.2,48.5,31.8,16.2,18.7,16.7,15.6,16.2
栗東,20260822,土,7:28,レーヴドヒロイン,,牝,2,未出走,橋田宜長,64.1,47.1,31.4,15.6,17.0,15.7,15.8,15.6
栗東,20260822,土,7:31,コマチチャン,,牝,3,400,小椋研介,66.7,48.9,32.0,16.1,17.8,16.9,15.9,16.1
栗東,20260822,土,7:37,ポッドドンナー,,牡,4,900,辻野泰之,59.5,43.7,28.3,13.7,15.8,15.4,14.6,13.7
栗東,20260822,土,7:37,ジーティーハルカゼ,,牝,2,未出走,辻野泰之,63.6,47.0,31.2,15.9,16.6,15.8,15.3,15.9
栗東,20260822,土,7:42,グランメドウ,,牡,5,400,藤岡健一,63.7,46.6,30.8,15.6,17.1,15.8,15.2,15.6
栗東,20260822,土,7:42,プチプランス,,牡,4,400,藤岡健一,62.9,47.2,31.4,15.6,15.7,15.8,15.8,15.6
栗東,20260822,土,7:42,ワイドシュテルケ,,牡,3,400,藤岡健一,64.1,46.3,30.0,14.9,17.8,16.3,15.1,14.9
栗東,20260822,土,7:45,シホノグラツィア,,牡,3,0,佐藤悠太,61.9,46.1,30.7,15.4,15.8,15.4,15.3,15.4
栗東,20260822,土,7:45,マッセート,,牝,2,0,佐藤悠太,66.9,49.5,32.9,16.3,17.4,16.6,16.6,16.3
栗東,20260822,土,7:45,ミッションデュロワ,,牡,2,未出走,佐藤悠太,65.6,48.0,31.7,15.6,17.6,16.3,16.1,15.6
栗東,20260822,土,7:46,ラケマーダ,,牡,6,3800,千田輝彦,66.2,47.6,30.5,15.0,18.6,17.1,15.5,15.0
栗東,20260822,土,7:46,ユウトザレン,,牡,4,900,千田輝彦,62.4,46.1,30.4,15.4,16.3,15.7,15.0,15.4
栗東,20260822,土,7:46,サヨノパララックス,,牡,3,400,羽月友彦,67.1,48.5,31.8,16.0,18.6,16.7,15.8,16.0
栗東,20260822,土,7:46,ナムラモモタロー,,牡,2,未出走,羽月友彦,68.2,49.8,32.8,16.2,18.4,17.0,16.6,16.2
栗東,20260822,土,7:46,プラトーローザ,,牝,2,未出走,羽月友彦,66.4,49.1,32.3,16.0,17.3,16.8,16.3,16.0
栗東,20260822,土,7:47,ラブカムーン,,牝,5,400,千田輝彦,70.6,52.0,34.1,17.1,18.6,17.9,17.0,17.1
栗東,20260822,土,7:47,ラミエルノムスコ,,牡,3,0,千田輝彦,67.5,49.4,33.0,16.8,18.1,16.4,16.2,16.8
栗東,20260822,土,7:47,トライアンフパス,,牝,3,900,宮徹,65.5,47.6,31.1,15.5,17.9,16.5,15.6,15.5
栗東,20260822,土,7:47,ビンチャリ,,牝,2,未出走,千田輝彦,70.7,52.1,33.9,16.8,18.6,18.2,17.1,16.8
栗東,20260822,土,7:54,オモイヲノセテ,,牝,3,400,高橋義忠,67.3,48.9,31.9,16.1,18.4,17.0,15.8,16.1
