"由来","馬名","好走レース日","好走レース場R","芝ダ距離","馬場","頭数","流れ","流れの判定根拠","本馬の位置取り","TRIP_BIAS_LABEL","好走時の着順","好走時の人気","好走時の単勝","信頼度","騎手","厩舎","逃げ候補の頭数(参考)","次走日","次走場R","次走基準人気","次走朝実売順位","次走の扱い(限定判定語)","次走着順(事後・件数用)","出所","注記"
"順行（参考）","バクソウシャチョウ","20260816","中京01R","芝1200","良","10","差し有利","5着以内の最終コーナー位置（前1/3の頭数）","中（4 コーナー 7番手）","順行","2","3","4.3","","団野","栗東 森秀","未取得","","","","","","","netkeiba 結果ページ一次取得（通過順・着順・人気）",""
"順行（参考）","カツダルマ","20260816","中京01R","芝1200","良","10","差し有利","5着以内の最終コーナー位置（前1/3の頭数）","後（4 コーナー 8番手）","順行","3","1","3.1","","幸","栗東 秋山","未取得","","","","","","","netkeiba 結果ページ一次取得（通過順・着順・人気）",""
"順行（参考）","アームズラムレイ","20260816","中京01R","芝1200","良","10","差し有利","5着以内の最終コーナー位置（前1/3の頭数）","中（4 コーナー 4番手）","順行","5","2","3.3","","岩田望","栗東 上村","未取得","","","","","","","netkeiba 結果ページ一次取得（通過順・着順・人気）",""
"順行（参考）","パシアンジェンヌ","20260816","中京02R","ダ1400","良","12","前有利","5着以内の最終コーナー位置（前1/3の頭数）","前（4 コーナー 1番手）","順行","1","5","16.5","","松山","栗東 鈴木孝","未取得","","","","","","","netkeiba 結果ページ一次取得（通過順・着順・人気）",""
"順行（参考）","ジョルティーニ","20260816","中京02R","ダ1400","良","12","前有利","5着以内の最終コーナー位置（前1/3の頭数）","前（4 コーナー 2番手）","順行","2","2","4.3","","コレッ","栗東 田中克","未取得","","","","","","","netkeiba 結果ページ一次取得（通過順・着順・人気）",""
"順行（参考）","ガヤーズランボー","20260816","中京02R","ダ1400","良","12","前有利","5着以内の最終コーナー位置（前1/3の頭数）","前（4 コーナー 4番手）","順行","3","8","33.1","","菱田","栗東 秋山","未取得","","","","","","","netkeiba 結果ページ一次取得（通過順・着順・人気）",""
"順行（参考）","ティフォシ","20260816","中京03R","芝1600","良","8","差し有利","5着以内の最終コーナー位置（前1/3の頭数）","中（4 コーナー 5番手）","順行","2","7","35.2","","Ｍデム","栗東 宮地","未取得","","","","","","","netkeiba 結果ページ一次取得（通過順・着順・人気）",""
"順行（参考）","テラレガル","20260816","中京03R","芝1600","良","8","差し有利","5着以内の最終コーナー位置（前1/3の頭数）","後（4 コーナー 8番手）","順行","4","5","16.3","","松若","栗東 秋山","未取得","","","","","","","netkeiba 結果ページ一次取得（通過順・着順・人気）",""
"順行（参考）","サウンドシェリー","20260816","中京03R","芝1600","良","8","差し有利","5着以内の最終コーナー位置（前1/3の頭数）","中（4 コーナー 3番手）","順行","5","3","5.2","","幸","栗東 鈴木孝","未取得","","","","","","","netkeiba 結果ページ一次取得（通過順・着順・人気）",""
"順行（参考）","ダーコ","20260816","中京04R","芝2000","良","18","前有利（強）","5着以内の最終コーナー位置（前1/3の頭数）","前（4 コーナー 2番手）","順行","1","3","7.4","","☆田山","栗東 長谷川","未取得","","","","","","","netkeiba 結果ページ一次取得（通過順・着順・人気）",""
"順行（参考）","レッドブライトン","20260816","中京04R","芝2000","良","18","前有利（強）","5着以内の最終コーナー位置（前1/3の頭数）","前（4 コーナー 5番手）","順行","2","4","9.9","","浜中","栗東 奥村豊","未取得","","","","","","","netkeiba 結果ページ一次取得（通過順・着順・人気）",""
"順行（参考）","リボンインザスカイ","20260816","中京04R","芝2000","良","18","前有利（強）","5着以内の最終コーナー位置（前1/3の頭数）","前（4 コーナー 3番手）","順行","3","5","14.2","","団野","栗東 安田","未取得","","","","","","","netkeiba 結果ページ一次取得（通過順・着順・人気）",""
"順行（参考）","オーマイラッキーン","20260816","中京04R","芝2000","良","18","前有利（強）","5着以内の最終コーナー位置（前1/3の頭数）","前（4 コーナー 6番手）","順行","4","10","52.7","","秋山稔","栗東 高橋康","未取得","","","","","","","netkeiba 結果ページ一次取得（通過順・着順・人気）",""
"順行（参考）","パンサーズ","20260816","中京05R","ダ1400","良","16","前有利（強）","5着以内の最終コーナー位置（前1/3の頭数）","前（4 コーナー 2番手）","順行","1","10","58.3","","松若","栗東 今野","未取得","","","","","","","netkeiba 結果ページ一次取得（通過順・着順・人気）",""
"順行（参考）","セッシュウ","20260816","中京05R","ダ1400","良","16","前有利（強）","5着以内の最終コーナー位置（前1/3の頭数）","前（4 コーナー 3番手）","順行","2","3","5.4","","団野","栗東 石橋","未取得","","","","","","","netkeiba 結果ページ一次取得（通過順・着順・人気）",""
"順行（参考）","ペプチドアロン","20260816","中京05R","ダ1400","良","16","前有利（強）","5着以内の最終コーナー位置（前1/3の頭数）","前（4 コーナー 5番手）","順行","3","2","4.3","","吉村","栗東 小椋","未取得","","","","","","","netkeiba 結果ページ一次取得（通過順・着順・人気）",""
"順行（参考）","クロレ","20260816","中京05R","ダ1400","良","16","前有利（強）","5着以内の最終コーナー位置（前1/3の頭数）","前（4 コーナー 4番手）","順行","5","7","17.6","","渡辺竜","栗東 福永","未取得","","","","","","","netkeiba 結果ページ一次取得（通過順・着順・人気）",""
"順行（参考）","ホウオウタイタン","20260816","中京06R","芝2000","良","7","差し有利","5着以内の最終コーナー位置（前1/3の頭数）","後（4 コーナー 7番手）","順行","2","2","3.7","","田山","栗東 須貝","未取得","","","","","","","netkeiba 結果ページ一次取得（通過順・着順・人気）",""
"順行（参考）","エアビッグマム","20260816","中京06R","芝2000","良","7","差し有利","5着以内の最終コーナー位置（前1/3の頭数）","中（4 コーナー 4番手）","順行","3","6","26.5","","西塚","栗東 笹田","未取得","","","","","","","netkeiba 結果ページ一次取得（通過順・着順・人気）",""
"順行（参考）","ステラクラウン","20260816","中京06R","芝2000","良","7","差し有利","5着以内の最終コーナー位置（前1/3の頭数）","中（4 コーナー 3番手）","順行","5","4","5.7","","岩田望","栗東 上村","未取得","","","","","","","netkeiba 結果ページ一次取得（通過順・着順・人気）",""
"順行（参考）","ラヴァンダ","20260816","中京07R","芝1600","良","16","差し有利（強）","5着以内の最終コーナー位置（前1/3の頭数）","中（4 コーナー 6番手）","順行","1","2","5.8","","岩田望","栗東 中村","未取得","","","","","","","netkeiba 結果ページ一次取得（通過順・着順・人気）",""
"順行（参考）","ミニトランザット","20260816","中京07R","芝1600","良","16","差し有利（強）","5着以内の最終コーナー位置（前1/3の頭数）","後（4 コーナー 12番手）","順行","2","5","9.6","","松山","栗東 杉山佳","未取得","","","","","","","netkeiba 結果ページ一次取得（通過順・着順・人気）",""
"順行（参考）","サトノシャイニング","20260816","中京07R","芝1600","良","16","差し有利（強）","5着以内の最終コーナー位置（前1/3の頭数）","中（4 コーナー 7番手）","順行","3","1","2.7","","コレッ","栗東 杉山晴","未取得","","","","","","","netkeiba 結果ページ一次取得（通過順・着順・人気）",""
"順行（参考）","カズミクラーシュ","20260816","中京07R","芝1600","良","16","差し有利（強）","5着以内の最終コーナー位置（前1/3の頭数）","中（4 コーナー 11番手）","順行","4","8","20.2","","Ｍデム","栗東 吉岡","未取得","","","","","","","netkeiba 結果ページ一次取得（通過順・着順・人気）",""
"順行（参考）","メイショウタムシバ","20260816","中京08R","ダ1400","良","16","前有利","5着以内の最終コーナー位置（前1/3の頭数）","前（4 コーナー 3番手）","順行","1","9","18.9","","菱田","栗東 飯田","未取得","","","","","","","netkeiba 結果ページ一次取得（通過順・着順・人気）",""
"順行（参考）","オコタンペ","20260816","中京08R","ダ1400","良","16","前有利","5着以内の最終コーナー位置（前1/3の頭数）","前（4 コーナー 4番手）","順行","4","14","148.4","","富田","栗東 須貝","未取得","","","","","","","netkeiba 結果ページ一次取得（通過順・着順・人気）",""
"順行（参考）","アリエスキング","20260816","中京08R","ダ1400","良","16","前有利","5着以内の最終コーナー位置（前1/3の頭数）","前（4 コーナー 5番手）","順行","5","6","10.4","","国分優","栗東 庄野","未取得","","","","","","","netkeiba 結果ページ一次取得（通過順・着順・人気）",""
"順行（参考）","ロイドウェバー","20260816","中京09R","芝2200","良","18","前有利","5着以内の最終コーナー位置（前1/3の頭数）","前（4 コーナー 4番手）","順行","1","1","2.6","","松山","栗東 杉山晴","未取得","","","","","","","netkeiba 結果ページ一次取得（通過順・着順・人気）",""
"順行（参考）","ナムラヴンダー","20260816","中京09R","芝2200","良","18","前有利","5着以内の最終コーナー位置（前1/3の頭数）","前（4 コーナー 3番手）","順行","4","2","3.4","","幸","栗東 河嶋","未取得","","","","","","","netkeiba 結果ページ一次取得（通過順・着順・人気）",""
"順行（参考）","タイセイグローバル","20260816","中京09R","芝2200","良","18","前有利","5着以内の最終コーナー位置（前1/3の頭数）","前（4 コーナー 5番手）","順行","5","11","59.2","","角田和","栗東 小林","未取得","","","","","","","netkeiba 結果ページ一次取得（通過順・着順・人気）",""
"順行（参考）","エイコーンドリーム","20260816","中京10R","ダ1800","良","16","差し有利（強）","5着以内の最終コーナー位置（前1/3の頭数）","中（4 コーナー 10番手）","順行","2","4","9.7","","鮫島良","栗東 河嶋","未取得","","","","","","","netkeiba 結果ページ一次取得（通過順・着順・人気）",""
"順行（参考）","ガールズデイアウト","20260816","中京10R","ダ1800","良","16","差し有利（強）","5着以内の最終コーナー位置（前1/3の頭数）","中（4 コーナー 8番手）","順行","3","6","15.8","","岩田望","栗東 吉村","未取得","","","","","","","netkeiba 結果ページ一次取得（通過順・着順・人気）",""
"順行（参考）","コズミックフレア","20260816","中京10R","ダ1800","良","16","差し有利（強）","5着以内の最終コーナー位置（前1/3の頭数）","中（4 コーナー 11番手）","順行","4","7","20.1","","幸","栗東 吉田","未取得","","","","","","","netkeiba 結果ページ一次取得（通過順・着順・人気）",""
"順行（参考）","オーケーリアン","20260816","中京10R","ダ1800","良","16","差し有利（強）","5着以内の最終コーナー位置（前1/3の頭数）","中（4 コーナー 7番手）","順行","5","13","58.8","","富田","栗東 宮地","未取得","","","","","","","netkeiba 結果ページ一次取得（通過順・着順・人気）",""
"順行（参考）","セルズパワー","20260816","中京11R","芝1400","良","16","差し有利（強）","5着以内の最終コーナー位置（前1/3の頭数）","後（4 コーナー 15番手）","順行","1","9","26.5","","コレッ","栗東 牧田","未取得","","","","","","","netkeiba 結果ページ一次取得（通過順・着順・人気）",""
"順行（参考）","キングケープ","20260816","中京11R","芝1400","良","16","差し有利（強）","5着以内の最終コーナー位置（前1/3の頭数）","中（4 コーナー 9番手）","順行","1","12","39.6","","西塚","栗東 大橋","未取得","","","","","","","netkeiba 結果ページ一次取得（通過順・着順・人気）",""
"順行（参考）","ヴァージル","20260816","中京11R","芝1400","良","16","差し有利（強）","5着以内の最終コーナー位置（前1/3の頭数）","後（4 コーナー 13番手）","順行","3","4","11.1","","Ｍデム","栗東 小椋","未取得","","","","","","","netkeiba 結果ページ一次取得（通過順・着順・人気）",""
"順行（参考）","フォルナックス","20260816","中京11R","芝1400","良","16","差し有利（強）","5着以内の最終コーナー位置（前1/3の頭数）","中（4 コーナー 11番手）","順行","4","6","16.1","","吉村","栗東 奥村豊","未取得","","","","","","","netkeiba 結果ページ一次取得（通過順・着順・人気）",""
"順行（参考）","フロンティエール","20260816","中京11R","芝1400","良","16","差し有利（強）","5着以内の最終コーナー位置（前1/3の頭数）","後（4 コーナー 14番手）","順行","5","10","31.5","","幸","栗東 柴田","未取得","","","","","","","netkeiba 結果ページ一次取得（通過順・着順・人気）",""
"順行（参考）","アイランド","20260816","中京12R","ダ1800","良","16","前有利","5着以内の最終コーナー位置（前1/3の頭数）","前（4 コーナー 2番手）","順行","1","1","2.6","","吉村","栗東 清水久","未取得","","","","","","","netkeiba 結果ページ一次取得（通過順・着順・人気）",""
"順行（参考）","タガノランパート","20260816","中京12R","ダ1800","良","16","前有利","5着以内の最終コーナー位置（前1/3の頭数）","前（4 コーナー 3番手）","順行","2","9","38.9","","田口","栗東 奥村豊","未取得","","","","","","","netkeiba 結果ページ一次取得（通過順・着順・人気）",""
"順行（参考）","コンゴウフジ","20260816","中京12R","ダ1800","良","16","前有利","5着以内の最終コーナー位置（前1/3の頭数）","前（4 コーナー 5番手）","順行","4","8","16.2","","渡辺竜","栗東 福永","未取得","","","","","","","netkeiba 結果ページ一次取得（通過順・着順・人気）",""
"順行（参考）","サトノスプレマシー","20260816","新潟01R","芝1600","良","13","前有利","5着以内の最終コーナー位置（前1/3の頭数）","前（4 コーナー 3番手）","順行","1","2","4.9","","田辺","美浦 久保田","未取得","","","","","","","netkeiba 結果ページ一次取得（通過順・着順・人気）",""
"順行（参考）","アテナブレイブ","20260816","新潟01R","芝1600","良","13","前有利","5着以内の最終コーナー位置（前1/3の頭数）","前（4 コーナー 1番手）","順行","2","4","16.1","","三浦","美浦 手塚徳","未取得","","","","","","","netkeiba 結果ページ一次取得（通過順・着順・人気）",""
"順行（参考）","クラオルグジェシダ","20260816","新潟01R","芝1600","良","13","前有利","5着以内の最終コーナー位置（前1/3の頭数）","前（4 コーナー 2番手）","順行","4","7","30.5","","戸崎圭","美浦 田島","未取得","","","","","","","netkeiba 結果ページ一次取得（通過順・着順・人気）",""
"順行（参考）","ベルトラッキ","20260816","新潟02R","芝2400","良","17","前有利","5着以内の最終コーナー位置（前1/3の頭数）","前（4 コーナー 1番手）","順行","1","4","8.5","","△石神道","美浦 加藤士","未取得","","","","","","","netkeiba 結果ページ一次取得（通過順・着順・人気）",""
"順行（参考）","ゾネブルーム","20260816","新潟02R","芝2400","良","17","前有利","5着以内の最終コーナー位置（前1/3の頭数）","前（4 コーナー 4番手）","順行","2","1","2.4","","丸山","美浦 矢嶋","未取得","","","","","","","netkeiba 結果ページ一次取得（通過順・着順・人気）",""
"順行（参考）","レイランディ","20260816","新潟02R","芝2400","良","17","前有利","5着以内の最終コーナー位置（前1/3の頭数）","前（4 コーナー 5番手）","順行","4","16","342.3","","川須","美浦 古賀慎","未取得","","","","","","","netkeiba 結果ページ一次取得（通過順・着順・人気）",""
"順行（参考）","ラキアーヴェ","20260816","新潟03R","ダ1200","良","15","前有利（強）","5着以内の最終コーナー位置（前1/3の頭数）","前（4 コーナー 1番手）","順行","1","2","3.5","","戸崎圭","美浦 加藤士","未取得","","","","","","","netkeiba 結果ページ一次取得（通過順・着順・人気）",""
"順行（参考）","イリスロッソ","20260816","新潟03R","ダ1200","良","15","前有利（強）","5着以内の最終コーナー位置（前1/3の頭数）","前（4 コーナー 2番手）","順行","2","3","5.0","","吉田豊","美浦 伊坂","未取得","","","","","","","netkeiba 結果ページ一次取得（通過順・着順・人気）",""
"順行（参考）","マリノエスプレッソ","20260816","新潟03R","ダ1200","良","15","前有利（強）","5着以内の最終コーナー位置（前1/3の頭数）","前（4 コーナー 4番手）","順行","3","8","24.5","","田辺","美浦 村田","未取得","","","","","","","netkeiba 結果ページ一次取得（通過順・着順・人気）",""
"順行（参考）","アレックスケー","20260816","新潟03R","ダ1200","良","15","前有利（強）","5着以内の最終コーナー位置（前1/3の頭数）","前（4 コーナー 3番手）","順行","4","1","3.0","","石橋脩","美浦 小野","未取得","","","","","","","netkeiba 結果ページ一次取得（通過順・着順・人気）",""
"順行（参考）","キュータンチャン","20260816","新潟03R","ダ1200","良","15","前有利（強）","5着以内の最終コーナー位置（前1/3の頭数）","前（4 コーナー 5番手）","順行","5","5","9.2","","菊沢","美浦 尾形","未取得","","","","","","","netkeiba 結果ページ一次取得（通過順・着順・人気）",""
"順行（参考）","トップレイアー","20260816","新潟04R","芝1600","良","13","差し有利","5着以内の最終コーナー位置（前1/3の頭数）","中（4 コーナー 5番手）","順行","1","2","2.8","","◇今村","栗東 大久保","未取得","","","","","","","netkeiba 結果ページ一次取得（通過順・着順・人気）",""
"順行（参考）","マルスレジーナ","20260816","新潟04R","芝1600","良","13","差し有利","5着以内の最終コーナー位置（前1/3の頭数）","中（4 コーナー 9番手）","順行","4","1","2.0","","戸崎圭","美浦 森一","未取得","","","","","","","netkeiba 結果ページ一次取得（通過順・着順・人気）",""
"順行（参考）","ビップラージャ","20260816","新潟04R","芝1600","良","13","差し有利","5着以内の最終コーナー位置（前1/3の頭数）","後（4 コーナー 10番手）","順行","5","10","84.6","","江田照","美浦 嘉藤","未取得","","","","","","","netkeiba 結果ページ一次取得（通過順・着順・人気）",""
"順行（参考）","キシダンチョウ","20260816","新潟05R","芝1800","良","12","前有利","5着以内の最終コーナー位置（前1/3の頭数）","前（4 コーナー 1番手）","順行","1","2","4.7","","津村","栗東 吉岡","未取得","","","","","","","netkeiba 結果ページ一次取得（通過順・着順・人気）",""
"順行（参考）","デイジー","20260816","新潟05R","芝1800","良","12","前有利","5着以内の最終コーナー位置（前1/3の頭数）","前（4 コーナー 2番手）","順行","2","5","8.9","","田辺","美浦 田中勝","未取得","","","","","","","netkeiba 結果ページ一次取得（通過順・着順・人気）",""
"順行（参考）","モントゥリエ","20260816","新潟05R","芝1800","良","12","前有利","5着以内の最終コーナー位置（前1/3の頭数）","前（4 コーナー 3番手）","順行","3","3","5.2","","菊沢","美浦 中舘","未取得","","","","","","","netkeiba 結果ページ一次取得（通過順・着順・人気）",""
"順行（参考）","ロードフロンティア","20260816","新潟07R","ダ1200","良","15","差し有利","5着以内の最終コーナー位置（前1/3の頭数）","中（4 コーナー 7番手）","順行","2","5","9.5","","川須","栗東 松下","未取得","","","","","","","netkeiba 結果ページ一次取得（通過順・着順・人気）",""
"順行（参考）","コンクイスタ","20260816","新潟07R","ダ1200","良","15","差し有利","5着以内の最終コーナー位置（前1/3の頭数）","中（4 コーナー 6番手）","順行","4","1","3.6","","津村","栗東 吉岡","未取得","","","","","","","netkeiba 結果ページ一次取得（通過順・着順・人気）",""
"順行（参考）","アッチャゴーラ","20260816","新潟07R","ダ1200","良","15","差し有利","5着以内の最終コーナー位置（前1/3の頭数）","後（4 コーナー 12番手）","順行","5","7","14.3","","小崎","美浦 浅利","未取得","","","","","","","netkeiba 結果ページ一次取得（通過順・着順・人気）",""
"順行（参考）","コスモコンフェルマ","20260816","新潟08R","ダ1800","良","13","差し有利（強）","5着以内の最終コーナー位置（前1/3の頭数）","中（4 コーナー 5番手）","順行","2","5","11.1","","柴田大","美浦 鈴木慎","未取得","","","","","","","netkeiba 結果ページ一次取得（通過順・着順・人気）",""
"順行（参考）","フリーマントル","20260816","新潟08R","ダ1800","良","13","差し有利（強）","5着以内の最終コーナー位置（前1/3の頭数）","中（4 コーナー 8番手）","順行","3","8","28.8","","津村","美浦 斎藤誠","未取得","","","","","","","netkeiba 結果ページ一次取得（通過順・着順・人気）",""
"順行（参考）","ラストレガシー","20260816","新潟08R","ダ1800","良","13","差し有利（強）","5着以内の最終コーナー位置（前1/3の頭数）","後（4 コーナー 10番手）","順行","4","1","2.3","","田辺","美浦 手塚久","未取得","","","","","","","netkeiba 結果ページ一次取得（通過順・着順・人気）",""
"順行（参考）","カゼノタカトシ","20260816","新潟08R","ダ1800","良","13","差し有利（強）","5着以内の最終コーナー位置（前1/3の頭数）","中（4 コーナー 6番手）","順行","5","6","14.9","","今村聖","美浦 久保田","未取得","","","","","","","netkeiba 結果ページ一次取得（通過順・着順・人気）",""
"順行（参考）","ラショナルポイント","20260816","新潟10R","ダ1800","良","15","前有利","5着以内の最終コーナー位置（前1/3の頭数）","前（4 コーナー 1番手）","順行","2","1","2.8","","津村","美浦 古賀大","未取得","","","","","","","netkeiba 結果ページ一次取得（通過順・着順・人気）",""
"順行（参考）","デルマザオウ","20260816","新潟10R","ダ1800","良","15","前有利","5着以内の最終コーナー位置（前1/3の頭数）","前（4 コーナー 2番手）","順行","3","2","4.0","","小崎","美浦 松山","未取得","","","","","","","netkeiba 結果ページ一次取得（通過順・着順・人気）",""
"順行（参考）","イサチルクイーン","20260816","新潟10R","ダ1800","良","15","前有利","5着以内の最終コーナー位置（前1/3の頭数）","前（4 コーナー 4番手）","順行","4","5","9.0","","木幡初","美浦 竹内","未取得","","","","","","","netkeiba 結果ページ一次取得（通過順・着順・人気）",""
"順行（参考）","ジュンライデン","20260816","新潟11R","芝2400","良","9","前有利","5着以内の最終コーナー位置（前1/3の頭数）","前（4 コーナー 3番手）","順行","1","6","15.9","","杉原","栗東 友道","未取得","","","","","","","netkeiba 結果ページ一次取得（通過順・着順・人気）",""
"順行（参考）","ポルトフェリス","20260816","新潟11R","芝2400","良","9","前有利","5着以内の最終コーナー位置（前1/3の頭数）","前（4 コーナー 2番手）","順行","2","2","3.9","","戸崎圭","美浦 栗田","未取得","","","","","","","netkeiba 結果ページ一次取得（通過順・着順・人気）",""
"順行（参考）","コスモナエマ","20260816","新潟11R","芝2400","良","9","前有利","5着以内の最終コーナー位置（前1/3の頭数）","前（4 コーナー 1番手）","順行","3","9","26.2","","△石神道","美浦 手塚久","未取得","","","","","","","netkeiba 結果ページ一次取得（通過順・着順・人気）",""
"順行（参考）","パワポケウォーズ","20260816","新潟12R","ダ1800","良","15","差し有利","5着以内の最終コーナー位置（前1/3の頭数）","中（4 コーナー 8番手）","順行","3","10","37.1","","▲上里","美浦 大和田","未取得","","","","","","","netkeiba 結果ページ一次取得（通過順・着順・人気）",""
"順行（参考）","マーゴットライズ","20260816","新潟12R","ダ1800","良","15","差し有利","5着以内の最終コーナー位置（前1/3の頭数）","中（4 コーナー 7番手）","順行","4","3","5.5","","杉原誠","美浦 伊坂","未取得","","","","","","","netkeiba 結果ページ一次取得（通過順・着順・人気）",""
"順行（参考）","レプレセンタル","20260816","新潟12R","ダ1800","良","15","差し有利","5着以内の最終コーナー位置（前1/3の頭数）","中（4 コーナー 9番手）","順行","5","11","42.0","","小崎","美浦 池上","未取得","","","","","","","netkeiba 結果ページ一次取得（通過順・着順・人気）",""
"順行（参考）","プルーフリーディン","20260816","札幌01R","ダ1700","良","14","差し有利","5着以内の最終コーナー位置（前1/3の頭数）","中（4 コーナー 9番手）","順行","1","2","3.8","","▲小林美","栗東 小林","未取得","","","","","","","netkeiba 結果ページ一次取得（通過順・着順・人気）",""
"順行（参考）","ウォータースパウト","20260816","札幌01R","ダ1700","良","14","差し有利","5着以内の最終コーナー位置（前1/3の頭数）","中（4 コーナー 5番手）","順行","2","5","12.5","","吉田隼","美浦 小笠","未取得","","","","","","","netkeiba 結果ページ一次取得（通過順・着順・人気）",""
"順行（参考）","セントピュアベース","20260816","札幌01R","ダ1700","良","14","差し有利","5着以内の最終コーナー位置（前1/3の頭数）","中（4 コーナー 6番手）","順行","5","6","34.9","","☆舟山","栗東 藤野","未取得","","","","","","","netkeiba 結果ページ一次取得（通過順・着順・人気）",""
"順行（参考）","スクレイプバイ","20260816","札幌02R","芝1200","良","8","差し有利","5着以内の最終コーナー位置（前1/3の頭数）","中（4 コーナー 4番手）","順行","2","6","32.9","","横山琉","栗東 高橋忠","未取得","","","","","","","netkeiba 結果ページ一次取得（通過順・着順・人気）",""
"順行（参考）","リアルジャパン","20260816","札幌02R","芝1200","良","8","差し有利","5着以内の最終コーナー位置（前1/3の頭数）","中（4 コーナー 6番手）","順行","4","3","7.1","","吉田隼","栗東 大橋","未取得","","","","","","","netkeiba 結果ページ一次取得（通過順・着順・人気）",""
"順行（参考）","テイクケア","20260816","札幌02R","芝1200","良","8","差し有利","5着以内の最終コーナー位置（前1/3の頭数）","中（4 コーナー 5番手）","順行","5","5","28.5","","★河原田","美浦 和田郎","未取得","","","","","","","netkeiba 結果ページ一次取得（通過順・着順・人気）",""
"順行（参考）","ハヤブササキチャン","20260816","札幌03R","芝1800","良","14","前有利（強）","5着以内の最終コーナー位置（前1/3の頭数）","前（4 コーナー 2番手）","順行","1","1","2.6","","吉田隼","栗東 東田","未取得","","","","","","","netkeiba 結果ページ一次取得（通過順・着順・人気）",""
"順行（参考）","テンレディーゴー","20260816","札幌03R","芝1800","良","14","前有利（強）","5着以内の最終コーナー位置（前1/3の頭数）","前（4 コーナー 4番手）","順行","2","5","9.0","","佐々木","美浦 菊川","未取得","","","","","","","netkeiba 結果ページ一次取得（通過順・着順・人気）",""
"順行（参考）","クリスレジーナ","20260816","札幌03R","芝1800","良","14","前有利（強）","5着以内の最終コーナー位置（前1/3の頭数）","前（4 コーナー 1番手）","順行","3","3","7.1","","横山武","栗東 高野","未取得","","","","","","","netkeiba 結果ページ一次取得（通過順・着順・人気）",""
"順行（参考）","コウギョク","20260816","札幌03R","芝1800","良","14","前有利（強）","5着以内の最終コーナー位置（前1/3の頭数）","前（4 コーナー 3番手）","順行","4","4","8.3","","横山和","栗東 昆","未取得","","","","","","","netkeiba 結果ページ一次取得（通過順・着順・人気）",""
"順行（参考）","アルジェンタム","20260816","札幌04R","ダ1700","良","14","前有利","5着以内の最終コーナー位置（前1/3の頭数）","前（4 コーナー 4番手）","順行","1","1","2.2","","横山和","栗東 野中","未取得","","","","","","","netkeiba 結果ページ一次取得（通過順・着順・人気）",""
"順行（参考）","ブライトエンジェル","20260816","札幌04R","ダ1700","良","14","前有利","5着以内の最終コーナー位置（前1/3の頭数）","前（4 コーナー 2番手）","順行","2","6","13.6","","川又","栗東 角田","未取得","","","","","","","netkeiba 結果ページ一次取得（通過順・着順・人気）",""
"順行（参考）","ペガサスウィンド","20260816","札幌04R","ダ1700","良","14","前有利","5着以内の最終コーナー位置（前1/3の頭数）","前（4 コーナー 1番手）","順行","3","2","4.1","","坂井","栗東 宮地","未取得","","","","","","","netkeiba 結果ページ一次取得（通過順・着順・人気）",""
"順行（参考）","シティオブドリーム","20260816","札幌05R","芝1800","良","12","前有利","5着以内の最終コーナー位置（前1/3の頭数）","前（4 コーナー 1番手）","順行","1","3","5.6","","横山典","栗東 昆","未取得","","","","","","","netkeiba 結果ページ一次取得（通過順・着順・人気）",""
"順行（参考）","レジームチェンジ","20260816","札幌05R","芝1800","良","12","前有利","5着以内の最終コーナー位置（前1/3の頭数）","前（4 コーナー 2番手）","順行","2","1","2.3","","横山武","美浦 鹿戸","未取得","","","","","","","netkeiba 結果ページ一次取得（通過順・着順・人気）",""
"順行（参考）","ハヤブサカツオー","20260816","札幌05R","芝1800","良","12","前有利","5着以内の最終コーナー位置（前1/3の頭数）","前（4 コーナー 3番手）","順行","3","6","16.6","","吉田隼","栗東 岡田","未取得","","","","","","","netkeiba 結果ページ一次取得（通過順・着順・人気）",""
"順行（参考）","エスカレイト","20260816","札幌06R","ダ1000","良","12","差し有利","5着以内の最終コーナー位置（前1/3の頭数）","中（4 コーナー 6番手）","順行","1","4","6.9","","西村淳","栗東 小栗","未取得","","","","","","","netkeiba 結果ページ一次取得（通過順・着順・人気）",""
"順行（参考）","ヨドノゴールド","20260816","札幌06R","ダ1000","良","12","差し有利","5着以内の最終コーナー位置（前1/3の頭数）","中（4 コーナー 5番手）","順行","3","2","4.7","","川田","栗東 橋田","未取得","","","","","","","netkeiba 結果ページ一次取得（通過順・着順・人気）",""
"順行（参考）","マカニ","20260816","札幌06R","ダ1000","良","12","差し有利","5着以内の最終コーナー位置（前1/3の頭数）","中（4 コーナー 7番手）","順行","5","12","106.3","","▲ 遠藤汰","美浦 尾形","未取得","","","","","","","netkeiba 結果ページ一次取得（通過順・着順・人気）",""
"順行（参考）","メイショウライガ","20260816","札幌07R","芝2000","良","16","差し有利","5着以内の最終コーナー位置（前1/3の頭数）","中（4 コーナー 9番手）","順行","3","9","35.6","","▲和田陽","栗東 藤原","未取得","","","","","","","netkeiba 結果ページ一次取得（通過順・着順・人気）",""
"順行（参考）","ヒメヒオウギ","20260816","札幌07R","芝2000","良","16","差し有利","5着以内の最終コーナー位置（前1/3の頭数）","中（4 コーナー 6番手）","順行","4","6","12.1","","★河原田","栗東 中竹","未取得","","","","","","","netkeiba 結果ページ一次取得（通過順・着順・人気）",""
"順行（参考）","クールフィデル","20260816","札幌07R","芝2000","良","16","差し有利","5着以内の最終コーナー位置（前1/3の頭数）","中（4 コーナー 7番手）","順行","5","5","9.1","","横山和","美浦 和田勇","未取得","","","","","","","netkeiba 結果ページ一次取得（通過順・着順・人気）",""
"順行（参考）","タイキインドラ","20260816","札幌08R","ダ1700","良","11","前有利","5着以内の最終コーナー位置（前1/3の頭数）","前（4 コーナー 1番手）","順行","1","1","2.7","","坂井","美浦 平岩","未取得","","","","","","","netkeiba 結果ページ一次取得（通過順・着順・人気）",""
"順行（参考）","グレイスフルマーチ","20260816","札幌08R","ダ1700","良","11","前有利","5着以内の最終コーナー位置（前1/3の頭数）","前（4 コーナー 2番手）","順行","2","3","4.8","","斎藤","栗東 中村","未取得","","","","","","","netkeiba 結果ページ一次取得（通過順・着順・人気）",""
"順行（参考）","タイセイジェイド","20260816","札幌08R","ダ1700","良","11","前有利","5着以内の最終コーナー位置（前1/3の頭数）","前（4 コーナー 3番手）","順行","5","2","4.6","","西村淳","栗東 矢作","未取得","","","","","","","netkeiba 結果ページ一次取得（通過順・着順・人気）",""
"順行（参考）","リヴァイ","20260816","札幌09R","芝1200","良","16","差し有利","5着以内の最終コーナー位置（前1/3の頭数）","中（4 コーナー 6番手）","順行","1","3","6.4","","西村淳","栗東 高野","未取得","","","","","","","netkeiba 結果ページ一次取得（通過順・着順・人気）",""
"順行（参考）","ノアールビーナス","20260816","札幌09R","芝1200","良","16","差し有利","5着以内の最終コーナー位置（前1/3の頭数）","中（4 コーナー 11番手）","順行","2","10","15.7","","舟山","栗東 杉山佳","未取得","","","","","","","netkeiba 結果ページ一次取得（通過順・着順・人気）",""
"順行（参考）","ラヴノー","20260816","札幌09R","芝1200","良","16","差し有利","5着以内の最終コーナー位置（前1/3の頭数）","中（4 コーナー 10番手）","順行","3","5","9.8","","佐々木","美浦 林","未取得","","","","","","","netkeiba 結果ページ一次取得（通過順・着順・人気）",""
"順行（参考）","キーガッツ","20260816","札幌10R","ダ1000","良","12","前有利","5着以内の最終コーナー位置（前1/3の頭数）","前（4 コーナー 3番手）","順行","1","8","23.7","","西村淳","栗東 杉山佳","未取得","","","","","","","netkeiba 結果ページ一次取得（通過順・着順・人気）",""
"順行（参考）","ビーマックス","20260816","札幌10R","ダ1000","良","12","前有利","5着以内の最終コーナー位置（前1/3の頭数）","前（4 コーナー 4番手）","順行","3","5","14.3","","川田","栗東 藤野","未取得","","","","","","","netkeiba 結果ページ一次取得（通過順・着順・人気）",""
"順行（参考）","ウーマンズパワー","20260816","札幌10R","ダ1000","良","12","前有利","5着以内の最終コーナー位置（前1/3の頭数）","前（4 コーナー 2番手）","順行","5","4","5.4","","横山琉","栗東 中尾","未取得","","","","","","","netkeiba 結果ページ一次取得（通過順・着順・人気）",""
"順行（参考）","シェイクユアハート","20260816","札幌11R","芝2000","良","16","差し有利","5着以内の最終コーナー位置（前1/3の頭数）","中（4 コーナー 9番手）","順行","1","3","6.8","","古川吉","栗東 宮","未取得","","","","","","","netkeiba 結果ページ一次取得（通過順・着順・人気）",""
"順行（参考）","ローシャムパーク","20260816","札幌11R","芝2000","良","16","差し有利","5着以内の最終コーナー位置（前1/3の頭数）","中（4 コーナー 8番手）","順行","4","9","20.8","","池添","美浦 田中博","未取得","","","","","","","netkeiba 結果ページ一次取得（通過順・着順・人気）",""
"順行（参考）","グランディア","20260816","札幌11R","芝2000","良","16","差し有利","5着以内の最終コーナー位置（前1/3の頭数）","中（4 コーナー 6番手）","順行","5","6","10.2","","西村淳","栗東 中内田","未取得","","","","","","","netkeiba 結果ページ一次取得（通過順・着順・人気）",""
"順行（参考）","ジュンツバメガエシ","20260816","札幌12R","芝2600","良","14","差し有利","5着以内の最終コーナー位置（前1/3の頭数）","中（4 コーナー 6番手）","順行","2","2","9.3","","川田","栗東 友道","未取得","","","","","","","netkeiba 結果ページ一次取得（通過順・着順・人気）",""
"順行（参考）","ラーシャローム","20260816","札幌12R","芝2600","良","14","差し有利","5着以内の最終コーナー位置（前1/3の頭数）","中（4 コーナー 8番手）","順行","3","7","25.0","","岩田康","美浦 奥村武","未取得","","","","","","","netkeiba 結果ページ一次取得（通過順・着順・人気）",""
"順行（参考）","ブリヤディアマンテ","20260816","札幌12R","芝2600","良","14","差し有利","5着以内の最終コーナー位置（前1/3の頭数）","中（4 コーナー 9番手）","順行","4","12","156.4","","横山和","美浦 小島","未取得","","","","","","","netkeiba 結果ページ一次取得（通過順・着順・人気）",""
"順行（参考）","クールタロウ","20260822","中京01R","芝1600","良","9","前有利","5着以内の最終コーナー位置（前1/3の頭数）","前（4 コーナー 1番手）","順行","1","3","4.5","","吉村","栗東 宮地","未取得","","","","","","","netkeiba 結果ページ一次取得（通過順・着順・人気）",""
"順行（参考）","マーゴットマシェリ","20260822","中京01R","芝1600","良","9","前有利","5着以内の最終コーナー位置（前1/3の頭数）","前（4 コーナー 2番手）","順行","2","1","1.8","","団野","栗東 小林","未取得","","","","","","","netkeiba 結果ページ一次取得（通過順・着順・人気）",""
"順行（参考）","タナコクシテンホウ","20260822","中京01R","芝1600","良","9","前有利","5着以内の最終コーナー位置（前1/3の頭数）","前（4 コーナー 3番手）","順行","5","5","14.5","","幸","栗東 大根田","未取得","","","","","","","netkeiba 結果ページ一次取得（通過順・着順・人気）",""
"順行（参考）","マルカルーカス","20260822","中京02R","ダ1800","良","10","差し有利","5着以内の最終コーナー位置（前1/3の頭数）","中（4 コーナー 7番手）","順行","1","4","14.6","","幸","栗東 福永","未取得","","","","","","","netkeiba 結果ページ一次取得（通過順・着順・人気）",""
"順行（参考）","ホシヲミテルンナ","20260822","中京02R","ダ1800","良","10","差し有利","5着以内の最終コーナー位置（前1/3の頭数）","中（4 コーナー 4番手）","順行","2","8","41.0","","田口","栗東 大根田","未取得","","","","","","","netkeiba 結果ページ一次取得（通過順・着順・人気）",""
"順行（参考）","アルギエバ","20260822","中京02R","ダ1800","良","10","差し有利","5着以内の最終コーナー位置（前1/3の頭数）","後（4 コーナー 8番手）","順行","5","9","53.4","","☆田山","栗東 平田","未取得","","","","","","","netkeiba 結果ページ一次取得（通過順・着順・人気）",""
"順行（参考）","ビップヴォルフ","20260822","中京03R","芝2200","良","8","差し有利（強）","5着以内の最終コーナー位置（前1/3の頭数）","後（4 コーナー 8番手）","順行","1","2","7.4","","Ｍデム","栗東 小椋","未取得","","","","","","","netkeiba 結果ページ一次取得（通過順・着順・人気）",""
"順行（参考）","ロザーンジュ","20260822","中京03R","芝2200","良","8","差し有利（強）","5着以内の最終コーナー位置（前1/3の頭数）","中（4 コーナー 4番手）","順行","2","3","8.0","","◇今村","栗東 寺島","未取得","","","","","","","netkeiba 結果ページ一次取得（通過順・着順・人気）",""
"順行（参考）","アロマフェリス","20260822","中京03R","芝2200","良","8","差し有利（強）","5着以内の最終コーナー位置（前1/3の頭数）","中（4 コーナー 5番手）","順行","3","4","10.7","","吉村","栗東 辻野","未取得","","","","","","","netkeiba 結果ページ一次取得（通過順・着順・人気）",""
"順行（参考）","サトノビダーヤ","20260822","中京03R","芝2200","良","8","差し有利（強）","5着以内の最終コーナー位置（前1/3の頭数）","後（4 コーナー 7番手）","順行","4","6","41.2","","幸","栗東 高橋康","未取得","","","","","","","netkeiba 結果ページ一次取得（通過順・着順・人気）",""
"順行（参考）","パラディオン","20260822","中京03R","芝2200","良","8","差し有利（強）","5着以内の最終コーナー位置（前1/3の頭数）","中（4 コーナー 3番手）","順行","5","5","23.0","","田口","栗東 高柳大","未取得","","","","","","","netkeiba 結果ページ一次取得（通過順・着順・人気）",""
"順行（参考）","アスクブームキセキ","20260822","中京04R","芝2000","良","18","差し有利","5着以内の最終コーナー位置（前1/3の頭数）","中（4 コーナー 11番手）","順行","1","4","7.9","","菱田","栗東 藤原","未取得","","","","","","","netkeiba 結果ページ一次取得（通過順・着順・人気）",""
"順行（参考）","テンダーワーズ","20260822","中京04R","芝2000","良","18","差し有利","5着以内の最終コーナー位置（前1/3の頭数）","中（4 コーナー 12番手）","順行","3","7","28.8","","▲川端","栗東 中尾","未取得","","","","","","","netkeiba 結果ページ一次取得（通過順・着順・人気）",""
"順行（参考）","ウィスピア","20260822","中京04R","芝2000","良","18","差し有利","5着以内の最終コーナー位置（前1/3の頭数）","中（4 コーナー 9番手）","順行","5","14","174.9","","国分恭","栗東 小林","未取得","","","","","","","netkeiba 結果ページ一次取得（通過順・着順・人気）",""
"順行（参考）","タガノプディング","20260822","中京05R","ダ1400","良","16","前有利（強）","5着以内の最終コーナー位置（前1/3の頭数）","前（4 コーナー 4番手）","順行","1","1","2.2","","団野","栗東 小林","未取得","","","","","","","netkeiba 結果ページ一次取得（通過順・着順・人気）",""
"順行（参考）","マカロンブルー","20260822","中京05R","ダ1400","良","16","前有利（強）","5着以内の最終コーナー位置（前1/3の頭数）","前（4 コーナー 1番手）","順行","3","2","3.7","","◇今村","栗東 佐藤悠","未取得","","","","","","","netkeiba 結果ページ一次取得（通過順・着順・人気）",""
"順行（参考）","アルムアポジェ","20260822","中京05R","ダ1400","良","16","前有利（強）","5着以内の最終コーナー位置（前1/3の頭数）","前（4 コーナー 5番手）","順行","4","6","15.2","","菱田","栗東 北出","未取得","","","","","","","netkeiba 結果ページ一次取得（通過順・着順・人気）",""
"順行（参考）","キャスケード","20260822","中京05R","ダ1400","良","16","前有利（強）","5着以内の最終コーナー位置（前1/3の頭数）","前（4 コーナー 3番手）","順行","5","3","8.1","","長岡","栗東 高橋亮","未取得","","","","","","","netkeiba 結果ページ一次取得（通過順・着順・人気）",""
"順行（参考）","ソウルアンドジャズ","20260822","中京06R","ダ1800","良","14","差し有利（強）","5着以内の最終コーナー位置（前1/3の頭数）","中（4 コーナー 5番手）","順行","2","2","4.3","","川須","美浦 武井","未取得","","","","","","","netkeiba 結果ページ一次取得（通過順・着順・人気）",""
"順行（参考）","タイガースパーク","20260822","中京06R","ダ1800","良","14","差し有利（強）","5着以内の最終コーナー位置（前1/3の頭数）","後（4 コーナー 14番手）","順行","3","12","108.8","","田口","栗東 大橋","未取得","","","","","","","netkeiba 結果ページ一次取得（通過順・着順・人気）",""
"順行（参考）","ニシノジェダイ","20260822","中京06R","ダ1800","良","14","差し有利（強）","5着以内の最終コーナー位置（前1/3の頭数）","後（4 コーナー 11番手）","順行","4","9","31.1","","田山","栗東 宮本","未取得","","","","","","","netkeiba 結果ページ一次取得（通過順・着順・人気）",""
"順行（参考）","スマートスピア","20260822","中京06R","ダ1800","良","14","差し有利（強）","5着以内の最終コーナー位置（前1/3の頭数）","中（4 コーナー 6番手）","順行","5","4","6.5","","吉村","栗東 池江","未取得","","","","","","","netkeiba 結果ページ一次取得（通過順・着順・人気）",""
"順行（参考）","ピエマンソン","20260822","中京07R","ダ1400","良","16","前有利","5着以内の最終コーナー位置（前1/3の頭数）","前（4 コーナー 4番手）","順行","1","1","2.6","","Ｍデム","栗東 平田","未取得","","","","","","","netkeiba 結果ページ一次取得（通過順・着順・人気）",""
"順行（参考）","サンダーバース","20260822","中京07R","ダ1400","良","16","前有利","5着以内の最終コーナー位置（前1/3の頭数）","前（4 コーナー 2番手）","順行","2","12","110.2","","角田和","栗東 井上","未取得","","","","","","","netkeiba 結果ページ一次取得（通過順・着順・人気）",""
"順行（参考）","ハリーケーン","20260822","中京07R","ダ1400","良","16","前有利","5着以内の最終コーナー位置（前1/3の頭数）","前（4 コーナー 1番手）","順行","3","4","8.7","","幸","栗東 大根田","未取得","","","","","","","netkeiba 結果ページ一次取得（通過順・着順・人気）",""
"順行（参考）","サイモンゼスト","20260822","中京08R","ダ1900","良","10","前有利","5着以内の最終コーナー位置（前1/3の頭数）","前（4 コーナー 1番手）","順行","1","1","2.5","","田口","栗東 谷","未取得","","","","","","","netkeiba 結果ページ一次取得（通過順・着順・人気）",""
"順行（参考）","ホールオブミラーズ","20260822","中京08R","ダ1900","良","10","前有利","5着以内の最終コーナー位置（前1/3の頭数）","前（4 コーナー 3番手）","順行","2","2","2.7","","西村淳","栗東 高野","未取得","","","","","","","netkeiba 結果ページ一次取得（通過順・着順・人気）",""
"順行（参考）","ヒラボクソライア","20260822","中京08R","ダ1900","良","10","前有利","5着以内の最終コーナー位置（前1/3の頭数）","前（4 コーナー 2番手）","順行","5","5","9.9","","角田和","栗東 東田","未取得","","","","","","","netkeiba 結果ページ一次取得（通過順・着順・人気）",""
"順行（参考）","マシン","20260822","中京10R","ダ1800","良","12","前有利","5着以内の最終コーナー位置（前1/3の頭数）","前（4 コーナー 3番手）","順行","1","2","3.7","","団野","栗東 石坂","未取得","","","","","","","netkeiba 結果ページ一次取得（通過順・着順・人気）",""
"順行（参考）","メイショウソウテン","20260822","中京10R","ダ1800","良","12","前有利","5着以内の最終コーナー位置（前1/3の頭数）","前（4 コーナー 2番手）","順行","3","6","11.9","","田口","栗東 鈴木孝","未取得","","","","","","","netkeiba 結果ページ一次取得（通過順・着順・人気）",""
"順行（参考）","ゴンタ","20260822","中京10R","ダ1800","良","12","前有利","5着以内の最終コーナー位置（前1/3の頭数）","前（4 コーナー 4番手）","順行","5","1","3.4","","松若","栗東 小崎","未取得","","","","","","","netkeiba 結果ページ一次取得（通過順・着順・人気）",""
"順行（参考）","ハムタン","20260822","中京11R","芝1600","良","15","差し有利（強）","5着以内の最終コーナー位置（前1/3の頭数）","後（4 コーナー 11番手）","順行","1","1","2.5","","Ｍデム","栗東 武幸","未取得","","","","","","","netkeiba 結果ページ一次取得（通過順・着順・人気）",""
"順行（参考）","イルミナジーティー","20260822","中京11R","芝1600","良","15","差し有利（強）","5着以内の最終コーナー位置（前1/3の頭数）","中（4 コーナー 6番手）","順行","3","4","7.3","","吉村","栗東 西園翔","未取得","","","","","","","netkeiba 結果ページ一次取得（通過順・着順・人気）",""
"順行（参考）","ホワイトフレイムス","20260822","中京11R","芝1600","良","15","差し有利（強）","5着以内の最終コーナー位置（前1/3の頭数）","中（4 コーナー 7番手）","順行","4","5","7.8","","コレッ","栗東 吉岡","未取得","","","","","","","netkeiba 結果ページ一次取得（通過順・着順・人気）",""
"順行（参考）","エイシンニケ","20260822","中京11R","芝1600","良","15","差し有利（強）","5着以内の最終コーナー位置（前1/3の頭数）","後（4 コーナー 14番手）","順行","5","13","276.7","","団野","栗東 吉村","未取得","","","","","","","netkeiba 結果ページ一次取得（通過順・着順・人気）",""
"順行（参考）","チュウワメロディー","20260822","中京12R","芝1200","良","17","前有利（強）","5着以内の最終コーナー位置（前1/3の頭数）","前（4 コーナー 5番手）","順行","1","1","3.3","","松若","栗東 小崎","未取得","","","","","","","netkeiba 結果ページ一次取得（通過順・着順・人気）",""
"順行（参考）","アンガーザガール","20260822","中京12R","芝1200","良","17","前有利（強）","5着以内の最終コーナー位置（前1/3の頭数）","前（4 コーナー 4番手）","順行","2","3","4.5","","西村淳","栗東 東田","未取得","","","","","","","netkeiba 結果ページ一次取得（通過順・着順・人気）",""
"順行（参考）","スイートポメロ","20260822","中京12R","芝1200","良","17","前有利（強）","5着以内の最終コーナー位置（前1/3の頭数）","前（4 コーナー 1番手）","順行","3","8","26.2","","川須","栗東 森田","未取得","","","","","","","netkeiba 結果ページ一次取得（通過順・着順・人気）",""
"順行（参考）","ボールドペイト","20260822","中京12R","芝1200","良","17","前有利（強）","5着以内の最終コーナー位置（前1/3の頭数）","前（4 コーナー 3番手）","順行","5","14","117.5","","中井","栗東 千田","未取得","","","","","","","netkeiba 結果ページ一次取得（通過順・着順・人気）",""
"順行（参考）","コスモイェーガー","20260822","新潟01R","芝1800","良","7","差し有利","5着以内の最終コーナー位置（前1/3の頭数）","中（4 コーナー 4番手）","順行","1","1","1.4","","菊沢","美浦 武市","未取得","","","","","","","netkeiba 結果ページ一次取得（通過順・着順・人気）",""
"順行（参考）","アラータス","20260822","新潟01R","芝1800","良","7","差し有利","5着以内の最終コーナー位置（前1/3の頭数）","中（4 コーナー 5番手）","順行","3","4","8.2","","丸田","美浦 秋本","未取得","","","","","","","netkeiba 結果ページ一次取得（通過順・着順・人気）",""
"順行（参考）","ブルーグラビティ","20260822","新潟01R","芝1800","良","7","差し有利","5着以内の最終コーナー位置（前1/3の頭数）","中（4 コーナー 3番手）","順行","5","6","25.4","","石橋脩","美浦 大和田","未取得","","","","","","","netkeiba 結果ページ一次取得（通過順・着順・人気）",""
"順行（参考）","ニシノツムジカゼ","20260822","新潟02R","ダ1800","良","12","差し有利","5着以内の最終コーナー位置（前1/3の頭数）","中（4 コーナー 5番手）","順行","3","6","13.6","","野中","美浦 西田","未取得","","","","","","","netkeiba 結果ページ一次取得（通過順・着順・人気）",""
"順行（参考）","サクセスボーイ","20260822","新潟02R","ダ1800","良","12","差し有利","5着以内の最終コーナー位置（前1/3の頭数）","後（4 コーナー 9番手）","順行","4","12","229.1","","▲佐藤","美浦 相沢","未取得","","","","","","","netkeiba 結果ページ一次取得（通過順・着順・人気）",""
"順行（参考）","ポッドレーヴ","20260822","新潟02R","ダ1800","良","12","差し有利","5着以内の最終コーナー位置（前1/3の頭数）","中（4 コーナー 6番手）","順行","5","7","15.1","","△石田","美浦 平岩","未取得","","","","","","","netkeiba 結果ページ一次取得（通過順・着順・人気）",""
"順行（参考）","アイファーマーリン","20260822","新潟03R","芝1600","良","12","差し有利（強）","5着以内の最終コーナー位置（前1/3の頭数）","後（4 コーナー 11番手）","順行","2","11","157.1","","藤懸","美浦 蛯名利","未取得","","","","","","","netkeiba 結果ページ一次取得（通過順・着順・人気）",""
"順行（参考）","セイウンウィルド","20260822","新潟03R","芝1600","良","12","差し有利（強）","5着以内の最終コーナー位置（前1/3の頭数）","後（4 コーナー 9番手）","順行","3","4","14.7","","大野","美浦 松山","未取得","","","","","","","netkeiba 結果ページ一次取得（通過順・着順・人気）",""
"順行（参考）","ミツカネリゲル","20260822","新潟03R","芝1600","良","12","差し有利（強）","5着以内の最終コーナー位置（前1/3の頭数）","中（4 コーナー 8番手）","順行","4","5","19.0","","石橋脩","美浦 小野","未取得","","","","","","","netkeiba 結果ページ一次取得（通過順・着順・人気）",""
"順行（参考）","テンソンコウリン","20260822","新潟03R","芝1600","良","12","差し有利（強）","5着以内の最終コーナー位置（前1/3の頭数）","中（4 コーナー 6番手）","順行","5","2","3.6","","坂井","美浦 上原佑","未取得","","","","","","","netkeiba 結果ページ一次取得（通過順・着順・人気）",""
"順行（参考）","カルダモン","20260822","新潟04R","ダ1800","良","15","前有利（強）","5着以内の最終コーナー位置（前1/3の頭数）","前（4 コーナー 3番手）","順行","1","4","10.6","","原","美浦 黒岩","未取得","","","","","","","netkeiba 結果ページ一次取得（通過順・着順・人気）",""
"順行（参考）","フィクセルリリア","20260822","新潟04R","ダ1800","良","15","前有利（強）","5着以内の最終コーナー位置（前1/3の頭数）","前（4 コーナー 2番手）","順行","2","6","15.0","","吉田豊","美浦 平岩","未取得","","","","","","","netkeiba 結果ページ一次取得（通過順・着順・人気）",""
"順行（参考）","ラショナルポイント","20260822","新潟04R","ダ1800","良","15","前有利（強）","5着以内の最終コーナー位置（前1/3の頭数）","前（4 コーナー 1番手）","順行","3","1","1.9","","斎藤","美浦 古賀大","未取得","","","","","","","netkeiba 結果ページ一次取得（通過順・着順・人気）",""
"順行（参考）","プロミスライン","20260822","新潟04R","ダ1800","良","15","前有利（強）","5着以内の最終コーナー位置（前1/3の頭数）","前（4 コーナー 5番手）","順行","4","3","8.8","","△石神道","美浦 森一","未取得","","","","","","","netkeiba 結果ページ一次取得（通過順・着順・人気）",""
"順行（参考）","セシルブリュネ","20260822","新潟05R","芝1600","良","18","前有利（強）","5着以内の最終コーナー位置（前1/3の頭数）","前（4 コーナー 3番手）","順行","1","13","59.5","","斎藤","美浦 栗田","未取得","","","","","","","netkeiba 結果ページ一次取得（通過順・着順・人気）",""
"順行（参考）","ワインダークシー","20260822","新潟05R","芝1600","良","18","前有利（強）","5着以内の最終コーナー位置（前1/3の頭数）","前（4 コーナー 1番手）","順行","2","3","6.0","","田辺","美浦 中舘","未取得","","","","","","","netkeiba 結果ページ一次取得（通過順・着順・人気）",""
"順行（参考）","ブルームコード","20260822","新潟05R","芝1600","良","18","前有利（強）","5着以内の最終コーナー位置（前1/3の頭数）","前（4 コーナー 2番手）","順行","4","2","4.5","","坂井","美浦 小島","未取得","","","","","","","netkeiba 結果ページ一次取得（通過順・着順・人気）",""
"順行（参考）","ココナッツコースト","20260822","新潟05R","芝1600","良","18","前有利（強）","5着以内の最終コーナー位置（前1/3の頭数）","前（4 コーナー 6番手）","順行","5","1","2.8","","津村","美浦 木村","未取得","","","","","","","netkeiba 結果ページ一次取得（通過順・着順・人気）",""
"順行（参考）","ケーブパール","20260822","新潟06R","芝1600","良","18","差し有利（強）","5着以内の最終コーナー位置（前1/3の頭数）","後（4 コーナー 13番手）","順行","1","4","12.7","","富田","栗東 友道","未取得","","","","","","","netkeiba 結果ページ一次取得（通過順・着順・人気）",""
"順行（参考）","ジャサルディア","20260822","新潟06R","芝1600","良","18","差し有利（強）","5着以内の最終コーナー位置（前1/3の頭数）","中（4 コーナー 8番手）","順行","3","2","3.3","","津村","美浦 辻","未取得","","","","","","","netkeiba 結果ページ一次取得（通過順・着順・人気）",""
"順行（参考）","マトラコーニッシュ","20260822","新潟06R","芝1600","良","18","差し有利（強）","5着以内の最終コーナー位置（前1/3の頭数）","後（4 コーナー 15番手）","順行","4","8","21.6","","原","栗東 池添","未取得","","","","","","","netkeiba 結果ページ一次取得（通過順・着順・人気）",""
"順行（参考）","コートアリシアン","20260822","新潟06R","芝1600","良","18","差し有利（強）","5着以内の最終コーナー位置（前1/3の頭数）","中（4 コーナー 9番手）","順行","5","3","5.1","","田辺","美浦 伊藤大","未取得","","","","","","","netkeiba 結果ページ一次取得（通過順・着順・人気）",""
"順行（参考）","ガロンヌ","20260822","新潟07R","芝1400","良","18","差し有利（強）","5着以内の最終コーナー位置（前1/3の頭数）","後（4 コーナー 16番手）","順行","2","14","61.1","","大野","栗東 上村","未取得","","","","","","","netkeiba 結果ページ一次取得（通過順・着順・人気）",""
"順行（参考）","ララマセラシオン","20260822","新潟07R","芝1400","良","18","差し有利（強）","5着以内の最終コーナー位置（前1/3の頭数）","中（4 コーナー 11番手）","順行","3","8","19.6","","藤懸","美浦 大竹","未取得","","","","","","","netkeiba 結果ページ一次取得（通過順・着順・人気）",""
"順行（参考）","グレイイングリーン","20260822","新潟07R","芝1400","良","18","差し有利（強）","5着以内の最終コーナー位置（前1/3の頭数）","中（4 コーナー 9番手）","順行","4","16","82.9","","小崎","栗東 池江","未取得","","","","","","","netkeiba 結果ページ一次取得（通過順・着順・人気）",""
"順行（参考）","タガノアラリア","20260822","新潟07R","芝1400","良","18","差し有利（強）","5着以内の最終コーナー位置（前1/3の頭数）","中（4 コーナー 8番手）","順行","5","2","4.6","","坂井","栗東 西園翔","未取得","","","","","","","netkeiba 結果ページ一次取得（通過順・着順・人気）",""
"順行（参考）","プルメリアリノ","20260822","新潟08R","ダ1200","良","15","前有利","5着以内の最終コーナー位置（前1/3の頭数）","前（4 コーナー 2番手）","順行","1","1","1.4","","坂井","栗東 小栗","未取得","","","","","","","netkeiba 結果ページ一次取得（通過順・着順・人気）",""
"順行（参考）","ランスオブセヘル","20260822","新潟08R","ダ1200","良","15","前有利","5着以内の最終コーナー位置（前1/3の頭数）","前（4 コーナー 3番手）","順行","2","2","8.8","","斎藤","栗東 奥村豊","未取得","","","","","","","netkeiba 結果ページ一次取得（通過順・着順・人気）",""
"順行（参考）","マクミランテソーロ","20260822","新潟08R","ダ1200","良","15","前有利","5着以内の最終コーナー位置（前1/3の頭数）","前（4 コーナー 5番手）","順行","4","5","15.8","","岩田康","美浦 田中剛","未取得","","","","","","","netkeiba 結果ページ一次取得（通過順・着順・人気）",""
"順行（参考）","マタミカンサン","20260822","新潟09R","ダ1800","良","13","前有利","5着以内の最終コーナー位置（前1/3の頭数）","前（4 コーナー 1番手）","順行","2","2","3.2","","坂井","美浦 加藤士","未取得","","","","","","","netkeiba 結果ページ一次取得（通過順・着順・人気）","4角で単独先頭（2馬身以上）：楽逃げの可能性・人間確認"
"順行（参考）","ガーネットテソーロ","20260822","新潟09R","ダ1800","良","13","前有利","5着以内の最終コーナー位置（前1/3の頭数）","前（4 コーナー 2番手）","順行","3","5","10.7","","▲佐藤","美浦 高木","未取得","","","","","","","netkeiba 結果ページ一次取得（通過順・着順・人気）",""
"順行（参考）","キタノエピックアン","20260822","新潟09R","ダ1800","良","13","前有利","5着以内の最終コーナー位置（前1/3の頭数）","前（4 コーナー 3番手）","順行","4","1","3.1","","▲上里","美浦 萱野","未取得","","","","","","","netkeiba 結果ページ一次取得（通過順・着順・人気）",""
"順行（参考）","ポペット","20260822","新潟10R","芝1600","良","15","差し有利（強）","5着以内の最終コーナー位置（前1/3の頭数）","後（4 コーナー 14番手）","順行","1","2","5.9","","◇永島","栗東 高橋康","未取得","","","","","","","netkeiba 結果ページ一次取得（通過順・着順・人気）",""
"順行（参考）","タイセイアストロ","20260822","新潟10R","芝1600","良","15","差し有利（強）","5着以内の最終コーナー位置（前1/3の頭数）","後（4 コーナー 12番手）","順行","2","1","2.2","","石川","美浦 森一","未取得","","","","","","","netkeiba 結果ページ一次取得（通過順・着順・人気）",""
"順行（参考）","アドマイヤウルトラ","20260822","新潟10R","芝1600","良","15","差し有利（強）","5着以内の最終コーナー位置（前1/3の頭数）","中（4 コーナー 8番手）","順行","4","7","15.8","","坂井","美浦 宮田","未取得","","","","","","","netkeiba 結果ページ一次取得（通過順・着順・人気）",""
"順行（参考）","ラヴスコール","20260822","新潟10R","芝1600","良","15","差し有利（強）","5着以内の最終コーナー位置（前1/3の頭数）","中（4 コーナー 6番手）","順行","5","12","44.7","","斎藤","美浦 加藤征","未取得","","","","","","","netkeiba 結果ページ一次取得（通過順・着順・人気）",""
"順行（参考）","ナイトバード","20260822","新潟11R","芝2000","良","12","差し有利","5着以内の最終コーナー位置（前1/3の頭数）","中（4 コーナー 5番手）","順行","2","2","3.6","","菊沢","美浦 中舘","未取得","","","","","","","netkeiba 結果ページ一次取得（通過順・着順・人気）",""
"順行（参考）","クリスタルドレス","20260822","新潟11R","芝2000","良","12","差し有利","5着以内の最終コーナー位置（前1/3の頭数）","中（4 コーナー 7番手）","順行","3","1","2.0","","江田照","美浦 高橋文","未取得","","","","","","","netkeiba 結果ページ一次取得（通過順・着順・人気）",""
"順行（参考）","ハルノアメ","20260822","新潟11R","芝2000","良","12","差し有利","5着以内の最終コーナー位置（前1/3の頭数）","後（4 コーナー 11番手）","順行","4","3","6.8","","▲佐藤","美浦 上原博","未取得","","","","","","","netkeiba 結果ページ一次取得（通過順・着順・人気）",""
"順行（参考）","ミスタートントン","20260822","新潟12R","ダ1200","良","15","前有利（強）","5着以内の最終コーナー位置（前1/3の頭数）","前（4 コーナー 2番手）","順行","1","1","1.7","","三浦","美浦 勢司","未取得","","","","","","","netkeiba 結果ページ一次取得（通過順・着順・人気）",""
"順行（参考）","テリオスレイ","20260822","新潟12R","ダ1200","良","15","前有利（強）","5着以内の最終コーナー位置（前1/3の頭数）","前（4 コーナー 3番手）","順行","3","2","5.1","","坂井","美浦 田島","未取得","","","","","","","netkeiba 結果ページ一次取得（通過順・着順・人気）",""
"順行（参考）","ライヴマティーニ","20260822","新潟12R","ダ1200","良","15","前有利（強）","5着以内の最終コーナー位置（前1/3の頭数）","前（4 コーナー 4番手）","順行","4","13","134.6","","★谷原","美浦 尾形","未取得","","","","","","","netkeiba 結果ページ一次取得（通過順・着順・人気）",""
"順行（参考）","セイウンヤオヨロズ","20260822","新潟12R","ダ1200","良","15","前有利（強）","5着以内の最終コーナー位置（前1/3の頭数）","前（4 コーナー 1番手）","順行","5","3","5.9","","▲佐藤","美浦 上原博","未取得","","","","","","","netkeiba 結果ページ一次取得（通過順・着順・人気）","4角で単独先頭（2馬身以上）：楽逃げの可能性・人間確認"
"順行（参考）","トゥザファイナル","20260822","札幌01R","ダ1700","良","12","前有利","5着以内の最終コーナー位置（前1/3の頭数）","前（4 コーナー 2番手）","順行","1","1","1.8","","ルメー","美浦 小島","未取得","","","","","","","netkeiba 結果ページ一次取得（通過順・着順・人気）",""
"順行（参考）","シンゼンノト","20260822","札幌01R","ダ1700","良","12","前有利","5着以内の最終コーナー位置（前1/3の頭数）","前（4 コーナー 1番手）","順行","3","8","63.2","","▲遠藤","栗東 荒川","未取得","","","","","","","netkeiba 結果ページ一次取得（通過順・着順・人気）",""
"順行（参考）","アンバーバレット","20260822","札幌01R","ダ1700","良","12","前有利","5着以内の最終コーナー位置（前1/3の頭数）","前（4 コーナー 4番手）","順行","4","3","7.5","","☆長浜","美浦 矢嶋","未取得","","","","","","","netkeiba 結果ページ一次取得（通過順・着順・人気）",""
"順行（参考）","ランフォーザエイジ","20260822","札幌02R","芝1800","良","6","差し有利","5着以内の最終コーナー位置（前1/3の頭数）","中（4 コーナー 3番手）","順行","2","1","1.5","","浜中","美浦 小島","未取得","","","","","","","netkeiba 結果ページ一次取得（通過順・着順・人気）",""
"順行（参考）","ローレルメビウス","20260822","札幌02R","芝1800","良","6","差し有利","5着以内の最終コーナー位置（前1/3の頭数）","後（4 コーナー 5番手）","順行","4","6","72.6","","◇古川奈","美浦 金成","未取得","","","","","","","netkeiba 結果ページ一次取得（通過順・着順・人気）",""
"順行（参考）","ランダムナンバー","20260822","札幌02R","芝1800","良","6","差し有利","5着以内の最終コーナー位置（前1/3の頭数）","後（4 コーナー 6番手）","順行","5","3","7.2","","古川吉","栗東 橋田","未取得","","","","","","","netkeiba 結果ページ一次取得（通過順・着順・人気）",""
"順行（参考）","リン","20260822","札幌03R","ダ1700","良","14","前有利（強）","5着以内の最終コーナー位置（前1/3の頭数）","前（4 コーナー 3番手）","順行","1","1","2.1","","松山","栗東 四位","未取得","","","","","","","netkeiba 結果ページ一次取得（通過順・着順・人気）",""
"順行（参考）","メイショウセンドウ","20260822","札幌03R","ダ1700","良","14","前有利（強）","5着以内の最終コーナー位置（前1/3の頭数）","前（4 コーナー 1番手）","順行","2","2","3.6","","横山和","栗東 飯田","未取得","","","","","","","netkeiba 結果ページ一次取得（通過順・着順・人気）",""
"順行（参考）","イーサンミラー","20260822","札幌03R","ダ1700","良","14","前有利（強）","5着以内の最終コーナー位置（前1/3の頭数）","前（4 コーナー 4番手）","順行","3","5","11.9","","Ｒヘル","美浦 稲垣","未取得","","","","","","","netkeiba 結果ページ一次取得（通過順・着順・人気）",""
"順行（参考）","ジャーナーリア","20260822","札幌03R","ダ1700","良","14","前有利（強）","5着以内の最終コーナー位置（前1/3の頭数）","前（4 コーナー 2番手）","順行","5","7","27.0","","池添","栗東 本田","未取得","","","","","","","netkeiba 結果ページ一次取得（通過順・着順・人気）",""
"順行（参考）","コワンニシタガウ","20260822","札幌04R","芝2000","良","16","差し有利","5着以内の最終コーナー位置（前1/3の頭数）","中（4 コーナー 8番手）","順行","1","4","8.1","","武豊","栗東 庄野","未取得","","","","","","","netkeiba 結果ページ一次取得（通過順・着順・人気）",""
"順行（参考）","フローレンスフーガ","20260822","札幌04R","芝2000","良","16","差し有利","5着以内の最終コーナー位置（前1/3の頭数）","中（4 コーナー 6番手）","順行","3","8","19.9","","古川吉","栗東 四位","未取得","","","","","","","netkeiba 結果ページ一次取得（通過順・着順・人気）",""
"順行（参考）","サトノリアファル","20260822","札幌04R","芝2000","良","16","差し有利","5着以内の最終コーナー位置（前1/3の頭数）","後（4 コーナー 13番手）","順行","4","2","5.4","","横山和","美浦 古賀慎","未取得","","","","","","","netkeiba 結果ページ一次取得（通過順・着順・人気）",""
"順行（参考）","ツキミ","20260822","札幌05R","芝1500","良","14","前有利","5着以内の最終コーナー位置（前1/3の頭数）","前（4 コーナー 2番手）","順行","1","1","3.1","","レーン","栗東 清水久","未取得","","","","","","","netkeiba 結果ページ一次取得（通過順・着順・人気）",""
"順行（参考）","グリーンアイランド","20260822","札幌05R","芝1500","良","14","前有利","5着以内の最終コーナー位置（前1/3の頭数）","前（4 コーナー 4番手）","順行","2","5","9.6","","武豊","栗東 柴田","未取得","","","","","","","netkeiba 結果ページ一次取得（通過順・着順・人気）",""
"順行（参考）","ブラスセッション","20260822","札幌05R","芝1500","良","14","前有利","5着以内の最終コーナー位置（前1/3の頭数）","前（4 コーナー 3番手）","順行","4","8","18.5","","横山和","美浦 小野","未取得","","","","","","","netkeiba 結果ページ一次取得（通過順・着順・人気）",""
"順行（参考）","ギオンバヤシ","20260822","札幌06R","芝2600","良","13","前有利","5着以内の最終コーナー位置（前1/3の頭数）","前（4 コーナー 1番手）","順行","2","2","4.1","","武豊","栗東 鈴木孝","未取得","","","","","","","netkeiba 結果ページ一次取得（通過順・着順・人気）","4角で単独先頭（2馬身以上）：楽逃げの可能性・人間確認"
"順行（参考）","レットミーテイク","20260822","札幌06R","芝2600","良","13","前有利","5着以内の最終コーナー位置（前1/3の頭数）","前（4 コーナー 3番手）","順行","3","5","7.9","","岩田望","栗東 庄野","未取得","","","","","","","netkeiba 結果ページ一次取得（通過順・着順・人気）",""
"順行（参考）","シャンドラファール","20260822","札幌06R","芝2600","良","13","前有利","5着以内の最終コーナー位置（前1/3の頭数）","前（4 コーナー 2番手）","順行","4","1","2.3","","松山","栗東 井上","未取得","","","","","","","netkeiba 結果ページ一次取得（通過順・着順・人気）",""
"順行（参考）","ミサビスケッツ","20260822","札幌07R","ダ1000","良","12","前有利（強）","5着以内の最終コーナー位置（前1/3の頭数）","前（4 コーナー 4番手）","順行","1","2","4.7","","★河原田","美浦 村田","未取得","","","","","","","netkeiba 結果ページ一次取得（通過順・着順・人気）",""
"順行（参考）","レストプレドゥモア","20260822","札幌07R","ダ1000","良","12","前有利（強）","5着以内の最終コーナー位置（前1/3の頭数）","前（4 コーナー 1番手）","順行","2","8","13.4","","小沢","栗東 小林","未取得","","","","","","","netkeiba 結果ページ一次取得（通過順・着順・人気）",""
"順行（参考）","ドリームガッサン","20260822","札幌07R","ダ1000","良","12","前有利（強）","5着以内の最終コーナー位置（前1/3の頭数）","前（4 コーナー 3番手）","順行","3","1","3.3","","▲小林美","美浦 鈴木伸","未取得","","","","","","","netkeiba 結果ページ一次取得（通過順・着順・人気）",""
"順行（参考）","ラテラルパーム","20260822","札幌07R","ダ1000","良","12","前有利（強）","5着以内の最終コーナー位置（前1/3の頭数）","前（4 コーナー 2番手）","順行","4","4","7.0","","松山","美浦 栗田","未取得","","","","","","","netkeiba 結果ページ一次取得（通過順・着順・人気）",""
"順行（参考）","ミルボナー","20260822","札幌08R","ダ1700","良","10","前有利","5着以内の最終コーナー位置（前1/3の頭数）","前（4 コーナー 3番手）","順行","2","4","6.9","","武豊","栗東 高野","未取得","","","","","","","netkeiba 結果ページ一次取得（通過順・着順・人気）",""
"順行（参考）","ケープウィッカム","20260822","札幌08R","ダ1700","良","10","前有利","5着以内の最終コーナー位置（前1/3の頭数）","前（4 コーナー 2番手）","順行","3","1","3.2","","ルメー","美浦 中舘","未取得","","","","","","","netkeiba 結果ページ一次取得（通過順・着順・人気）",""
"順行（参考）","ジーティーアリア","20260822","札幌08R","ダ1700","良","10","前有利","5着以内の最終コーナー位置（前1/3の頭数）","前（4 コーナー 1番手）","順行","4","6","11.7","","北村友","栗東 田中克","未取得","","","","","","","netkeiba 結果ページ一次取得（通過順・着順・人気）",""
"順行（参考）","ブルージェイ","20260822","札幌09R","芝1500","良","14","前有利","5着以内の最終コーナー位置（前1/3の頭数）","前（4 コーナー 4番手）","順行","1","2","4.0","","鮫島駿","美浦 加藤征","未取得","","","","","","","netkeiba 結果ページ一次取得（通過順・着順・人気）",""
"順行（参考）","ラードンチェイス","20260822","札幌09R","芝1500","良","14","前有利","5着以内の最終コーナー位置（前1/3の頭数）","前（4 コーナー 3番手）","順行","4","3","4.8","","ルメー","美浦 古賀慎","未取得","","","","","","","netkeiba 結果ページ一次取得（通過順・着順・人気）",""
"順行（参考）","ウィエダンド","20260822","札幌09R","芝1500","良","14","前有利","5着以内の最終コーナー位置（前1/3の頭数）","前（4 コーナー 2番手）","順行","5","4","10.6","","横山和","栗東 小栗","未取得","","","","","","","netkeiba 結果ページ一次取得（通過順・着順・人気）",""
"順行（参考）","ビービーエフォート","20260822","札幌10R","芝1200","良","14","差し有利（強）","5着以内の最終コーナー位置（前1/3の頭数）","中（4 コーナー 6番手）","順行","2","3","6.0","","ロイド","美浦 高柳瑞","未取得","","","","","","","netkeiba 結果ページ一次取得（通過順・着順・人気）",""
"順行（参考）","ミキノバカラ","20260822","札幌10R","芝1200","良","14","差し有利（強）","5着以内の最終コーナー位置（前1/3の頭数）","中（4 コーナー 8番手）","順行","3","6","12.4","","横山武","栗東 大橋","未取得","","","","","","","netkeiba 結果ページ一次取得（通過順・着順・人気）",""
"順行（参考）","ビーコング","20260822","札幌10R","芝1200","良","14","差し有利（強）","5着以内の最終コーナー位置（前1/3の頭数）","中（4 コーナー 7番手）","順行","4","5","8.6","","レーン","美浦 小手川","未取得","","","","","","","netkeiba 結果ページ一次取得（通過順・着順・人気）",""
"順行（参考）","エクストラバック","20260822","札幌10R","芝1200","良","14","差し有利（強）","5着以内の最終コーナー位置（前1/3の頭数）","後（4 コーナー 13番手）","順行","5","11","28.1","","Ｍヴェ","栗東 前川","未取得","","","","","","","netkeiba 結果ページ一次取得（通過順・着順・人気）",""
"順行（参考）","キャントウェイト","20260822","札幌11R","芝2000","良","13","前有利（強）","5着以内の最終コーナー位置（前1/3の頭数）","前（4 コーナー 4番手）","順行","1","4","6.2","","横山典","美浦 萱野","未取得","","","","","","","netkeiba 結果ページ一次取得（通過順・着順・人気）",""
"順行（参考）","ショウナンサムデイ","20260822","札幌11R","芝2000","良","13","前有利（強）","5着以内の最終コーナー位置（前1/3の頭数）","前（4 コーナー 1番手）","順行","3","3","4.9","","川田","美浦 奥村武","未取得","","","","","","","netkeiba 結果ページ一次取得（通過順・着順・人気）",""
"順行（参考）","ディーガレジェンド","20260822","札幌11R","芝2000","良","13","前有利（強）","5着以内の最終コーナー位置（前1/3の頭数）","前（4 コーナー 2番手）","順行","4","6","9.3","","レーン","栗東 藤原","未取得","","","","","","","netkeiba 結果ページ一次取得（通過順・着順・人気）",""
"順行（参考）","スピードリッチ","20260822","札幌11R","芝2000","良","13","前有利（強）","5着以内の最終コーナー位置（前1/3の頭数）","前（4 コーナー 3番手）","順行","5","1","4.6","","ルメー","栗東 藤岡健","未取得","","","","","","","netkeiba 結果ページ一次取得（通過順・着順・人気）",""
"順行（参考）","ロングミックス","20260822","札幌12R","ダ1700","良","11","差し有利","5着以内の最終コーナー位置（前1/3の頭数）","中（4 コーナー 7番手）","順行","1","1","3.0","","横山典","美浦 村田","未取得","","","","","","","netkeiba 結果ページ一次取得（通過順・着順・人気）",""
"順行（参考）","メイショウコシュウ","20260822","札幌12R","ダ1700","良","11","差し有利","5着以内の最終コーナー位置（前1/3の頭数）","中（4 コーナー 8番手）","順行","4","3","5.7","","武豊","栗東 松永幹","未取得","","","","","","","netkeiba 結果ページ一次取得（通過順・着順・人気）",""
"順行（参考）","ポンピエ","20260822","札幌12R","ダ1700","良","11","差し有利","5着以内の最終コーナー位置（前1/3の頭数）","中（4 コーナー 5番手）","順行","5","5","7.2","","鮫島駿","栗東 井上","未取得","","","","","","","netkeiba 結果ページ一次取得（通過順・着順・人気）",""
"順行（参考）","ベニバナ","20260823","中京01R","芝1400","良","7","差し有利","5着以内の最終コーナー位置（前1/3の頭数）","中（4 コーナー 3番手）","順行","1","1","1.4","","☆田山","栗東 渡辺","未取得","","","","","","","netkeiba 結果ページ一次取得（通過順・着順・人気）",""
"順行（参考）","プリンキピッサ","20260823","中京01R","芝1400","良","7","差し有利","5着以内の最終コーナー位置（前1/3の頭数）","後（4 コーナー 6番手）","順行","2","2","4.6","","西村淳","栗東 高野","未取得","","","","","","","netkeiba 結果ページ一次取得（通過順・着順・人気）",""
"順行（参考）","パストザクラウン","20260823","中京01R","芝1400","良","7","差し有利","5着以内の最終コーナー位置（前1/3の頭数）","中（4 コーナー 4番手）","順行","5","6","28.8","","◇今村","栗東 高橋忠","未取得","","","","","","","netkeiba 結果ページ一次取得（通過順・着順・人気）",""
"順行（参考）","キトゥンズクラフト","20260823","中京02R","芝2000","良","8","差し有利（強）","5着以内の最終コーナー位置（前1/3の頭数）","中（4 コーナー 5番手）","順行","1","1","2.3","","吉村","栗東 池江","未取得","","","","","","","netkeiba 結果ページ一次取得（通過順・着順・人気）",""
"順行（参考）","ケイアイトリノ","20260823","中京02R","芝2000","良","8","差し有利（強）","5着以内の最終コーナー位置（前1/3の頭数）","中（4 コーナー 3番手）","順行","3","5","17.8","","藤懸","栗東 平田","未取得","","","","","","","netkeiba 結果ページ一次取得（通過順・着順・人気）",""
"順行（参考）","マスリュウオー","20260823","中京02R","芝2000","良","8","差し有利（強）","5着以内の最終コーナー位置（前1/3の頭数）","中（4 コーナー 4番手）","順行","4","3","5.3","","☆田山","栗東 加藤公","未取得","","","","","","","netkeiba 結果ページ一次取得（通過順・着順・人気）",""
"順行（参考）","リヴァイアサン","20260823","中京02R","芝2000","良","8","差し有利（強）","5着以内の最終コーナー位置（前1/3の頭数）","後（4 コーナー 7番手）","順行","5","7","26.6","","田口","栗東 四位","未取得","","","","","","","netkeiba 結果ページ一次取得（通過順・着順・人気）",""
"順行（参考）","ファミーリエ","20260823","中京03R","芝1400","良","9","差し有利（強）","5着以内の最終コーナー位置（前1/3の頭数）","中（4 コーナー 4番手）","順行","1","2","4.2","","吉村","栗東 清水久","未取得","","","","","","","netkeiba 結果ページ一次取得（通過順・着順・人気）",""
"順行（参考）","コトテーラー","20260823","中京03R","芝1400","良","9","差し有利（強）","5着以内の最終コーナー位置（前1/3の頭数）","後（4 コーナー 7番手）","順行","2","7","22.0","","☆田山","栗東 緒方","未取得","","","","","","","netkeiba 結果ページ一次取得（通過順・着順・人気）",""
"順行（参考）","サンクサンス","20260823","中京03R","芝1400","良","9","差し有利（強）","5着以内の最終コーナー位置（前1/3の頭数）","後（4 コーナー 9番手）","順行","3","8","28.2","","松若","栗東 小栗","未取得","","","","","","","netkeiba 結果ページ一次取得（通過順・着順・人気）",""
"順行（参考）","ヴァーヴイレヴン","20260823","中京03R","芝1400","良","9","差し有利（強）","5着以内の最終コーナー位置（前1/3の頭数）","中（4 コーナー 5番手）","順行","5","4","7.7","","鮫島駿","栗東 小崎","未取得","","","","","","","netkeiba 結果ページ一次取得（通過順・着順・人気）",""
"順行（参考）","キタノハイテイル","20260823","中京04R","ダ1900","良","15","差し有利","5着以内の最終コーナー位置（前1/3の頭数）","中（4 コーナー 8番手）","順行","1","6","13.0","","城戸","栗東 羽月","未取得","","","","","","","netkeiba 結果ページ一次取得（通過順・着順・人気）",""
"順行（参考）","ニシノエビガタメ","20260823","中京04R","ダ1900","良","15","差し有利","5着以内の最終コーナー位置（前1/3の頭数）","後（4 コーナー 12番手）","順行","4","9","28.1","","Ｍデム","栗東 吉村","未取得","","","","","","","netkeiba 結果ページ一次取得（通過順・着順・人気）",""
"順行（参考）","クリノリキオー","20260823","中京04R","ダ1900","良","15","差し有利","5着以内の最終コーナー位置（前1/3の頭数）","中（4 コーナー 7番手）","順行","5","2","6.3","","幸","栗東 高橋忠","未取得","","","","","","","netkeiba 結果ページ一次取得（通過順・着順・人気）",""
"順行（参考）","アグレイビューティ","20260823","中京05R","芝2000","良","11","差し有利（強）","5着以内の最終コーナー位置（前1/3の頭数）","中（4 コーナー 6番手）","順行","2","9","26.6","","角田和","栗東 上村","未取得","","","","","","","netkeiba 結果ページ一次取得（通過順・着順・人気）",""
"順行（参考）","ヴィスコンテッサ","20260823","中京05R","芝2000","良","11","差し有利（強）","5着以内の最終コーナー位置（前1/3の頭数）","中（4 コーナー 4番手）","順行","3","1","1.7","","吉村","栗東 松永幹","未取得","","","","","","","netkeiba 結果ページ一次取得（通過順・着順・人気）",""
"順行（参考）","マーゴットレジーナ","20260823","中京05R","芝2000","良","11","差し有利（強）","5着以内の最終コーナー位置（前1/3の頭数）","中（4 コーナー 8番手）","順行","4","6","17.2","","菱田","栗東 小林","未取得","","","","","","","netkeiba 結果ページ一次取得（通過順・着順・人気）",""
"順行（参考）","オモイヲノセテ","20260823","中京05R","芝2000","良","11","差し有利（強）","5着以内の最終コーナー位置（前1/3の頭数）","後（4 コーナー 10番手）","順行","5","10","49.2","","幸","栗東 高橋忠","未取得","","","","","","","netkeiba 結果ページ一次取得（通過順・着順・人気）",""
"順行（参考）","ビップディラン","20260823","中京06R","芝1600","良","14","差し有利","5着以内の最終コーナー位置（前1/3の頭数）","中（4 コーナー 8番手）","順行","1","2","4.7","","Ｍデム","栗東 小椋","未取得","","","","","","","netkeiba 結果ページ一次取得（通過順・着順・人気）",""
"順行（参考）","ジーティーマン","20260823","中京06R","芝1600","良","14","差し有利","5着以内の最終コーナー位置（前1/3の頭数）","後（4 コーナー 14番手）","順行","2","3","5.3","","西村淳","栗東 小栗","未取得","","","","","","","netkeiba 結果ページ一次取得（通過順・着順・人気）",""
"順行（参考）","テーオーシュタイン","20260823","中京06R","芝1600","良","14","差し有利","5着以内の最終コーナー位置（前1/3の頭数）","後（4 コーナー 12番手）","順行","3","9","30.8","","藤懸","栗東 梅田","未取得","","","","","","","netkeiba 結果ページ一次取得（通過順・着順・人気）",""
"順行（参考）","マーズオデッセイ","20260823","中京07R","ダ1800","良","16","差し有利","5着以内の最終コーナー位置（前1/3の頭数）","中（4 コーナー 9番手）","順行","2","5","11.2","","吉村","美浦 田中勝","未取得","","","","","","","netkeiba 結果ページ一次取得（通過順・着順・人気）",""
"順行（参考）","マリオロード","20260823","中京07R","ダ1800","良","16","差し有利","5着以内の最終コーナー位置（前1/3の頭数）","中（4 コーナー 10番手）","順行","3","16","103.6","","国分優","栗東 安達","未取得","","","","","","","netkeiba 結果ページ一次取得（通過順・着順・人気）",""
"順行（参考）","レッドプロフェシー","20260823","中京07R","ダ1800","良","16","差し有利","5着以内の最終コーナー位置（前1/3の頭数）","後（4 コーナー 15番手）","順行","5","6","12.6","","田山","栗東 大久保","未取得","","","","","","","netkeiba 結果ページ一次取得（通過順・着順・人気）",""
"順行（参考）","カーリキュー","20260823","中京08R","ダ1200","良","16","前有利","5着以内の最終コーナー位置（前1/3の頭数）","前（4 コーナー 2番手）","順行","1","3","7.1","","斎藤","栗東 高橋一","未取得","","","","","","","netkeiba 結果ページ一次取得（通過順・着順・人気）",""
"順行（参考）","ケイアイマウンガ","20260823","中京08R","ダ1200","良","16","前有利","5着以内の最終コーナー位置（前1/3の頭数）","前（4 コーナー 3番手）","順行","2","6","14.9","","藤懸","栗東 宮本","未取得","","","","","","","netkeiba 結果ページ一次取得（通過順・着順・人気）",""
"順行（参考）","ヴェルジーネ","20260823","中京08R","ダ1200","良","16","前有利","5着以内の最終コーナー位置（前1/3の頭数）","前（4 コーナー 4番手）","順行","4","2","4.0","","国分恭","栗東 宮地","未取得","","","","","","","netkeiba 結果ページ一次取得（通過順・着順・人気）",""
"順行（参考）","ラミエルノムスコ","20260823","中京10R","ダ1800","良","14","差し有利（強）","5着以内の最終コーナー位置（前1/3の頭数）","中（4 コーナー 5番手）","順行","2","3","7.5","","吉村","栗東 千田","未取得","","","","","","","netkeiba 結果ページ一次取得（通過順・着順・人気）",""
"順行（参考）","ロードファイター","20260823","中京10R","ダ1800","良","14","差し有利（強）","5着以内の最終コーナー位置（前1/3の頭数）","中（4 コーナー 7番手）","順行","3","4","14.2","","団野","栗東 東田","未取得","","","","","","","netkeiba 結果ページ一次取得（通過順・着順・人気）",""
"順行（参考）","ブクブクー","20260823","中京10R","ダ1800","良","14","差し有利（強）","5着以内の最終コーナー位置（前1/3の頭数）","後（4 コーナー 11番手）","順行","4","7","28.1","","渡辺竜","栗東 小栗","未取得","","","","","","","netkeiba 結果ページ一次取得（通過順・着順・人気）",""
"順行（参考）","サトノディヴァイン","20260823","中京10R","ダ1800","良","14","差し有利（強）","5着以内の最終コーナー位置（前1/3の頭数）","中（4 コーナー 9番手）","順行","5","9","39.2","","菱田","栗東 橋口","未取得","","","","","","","netkeiba 結果ページ一次取得（通過順・着順・人気）",""
"順行（参考）","エルハーベン","20260823","中京11R","芝1400","良","17","前有利（強）","5着以内の最終コーナー位置（前1/3の頭数）","前（4 コーナー 5番手）","順行","1","3","6.7","","☆田山","栗東 藤岡健","未取得","","","","","","","netkeiba 結果ページ一次取得（通過順・着順・人気）",""
"順行（参考）","ベルサ","20260823","中京11R","芝1400","良","17","前有利（強）","5着以内の最終コーナー位置（前1/3の頭数）","前（4 コーナー 1番手）","順行","2","8","24.9","","◇今村","栗東 鈴木孝","未取得","","","","","","","netkeiba 結果ページ一次取得（通過順・着順・人気）",""
"順行（参考）","メイクワンズデイ","20260823","中京11R","芝1400","良","17","前有利（強）","5着以内の最終コーナー位置（前1/3の頭数）","前（4 コーナー 2番手）","順行","3","2","5.1","","松若","栗東 宮地","未取得","","","","","","","netkeiba 結果ページ一次取得（通過順・着順・人気）",""
"順行（参考）","ダンデノン","20260823","中京11R","芝1400","良","17","前有利（強）","5着以内の最終コーナー位置（前1/3の頭数）","前（4 コーナー 4番手）","順行","4","1","2.3","","西村淳","栗東 田中克","未取得","","","","","","","netkeiba 結果ページ一次取得（通過順・着順・人気）",""
"順行（参考）","リピ","20260823","中京11R","芝1400","良","17","前有利（強）","5着以内の最終コーナー位置（前1/3の頭数）","前（4 コーナー 3番手）","順行","5","10","29.0","","鮫島駿","栗東 西園翔","未取得","","","","","","","netkeiba 結果ページ一次取得（通過順・着順・人気）",""
"順行（参考）","ヒッグスボソン","20260823","中京12R","ダ1200","良","16","差し有利（強）","5着以内の最終コーナー位置（前1/3の頭数）","後（4 コーナー 13番手）","順行","1","9","20.3","","◇永島","栗東 高橋忠","未取得","","","","","","","netkeiba 結果ページ一次取得（通過順・着順・人気）",""
"順行（参考）","ユウトザイシン","20260823","中京12R","ダ1200","良","16","差し有利（強）","5着以内の最終コーナー位置（前1/3の頭数）","後（4 コーナー 12番手）","順行","2","13","151.4","","藤懸","栗東 千田","未取得","","","","","","","netkeiba 結果ページ一次取得（通過順・着順・人気）",""
"順行（参考）","シャインゴーツ","20260823","中京12R","ダ1200","良","16","差し有利（強）","5着以内の最終コーナー位置（前1/3の頭数）","中（4 コーナー 7番手）","順行","3","7","14.2","","◇今村","栗東 北出","未取得","","","","","","","netkeiba 結果ページ一次取得（通過順・着順・人気）",""
"順行（参考）","イッタレイッタレ","20260823","中京12R","ダ1200","良","16","差し有利（強）","5着以内の最終コーナー位置（前1/3の頭数）","中（4 コーナー 9番手）","順行","4","10","22.8","","▲森田","栗東 寺島","未取得","","","","","","","netkeiba 結果ページ一次取得（通過順・着順・人気）",""
"順行（参考）","レオリアライズ","20260823","新潟01R","芝1400","良","12","差し有利（強）","5着以内の最終コーナー位置（前1/3の頭数）","後（4 コーナー 10番手）","順行","2","4","32.4","","石橋脩","美浦 牧","未取得","","","","","","","netkeiba 結果ページ一次取得（通過順・着順・人気）",""
"順行（参考）","セイウントレジャ","20260823","新潟01R","芝1400","良","12","差し有利（強）","5着以内の最終コーナー位置（前1/3の頭数）","後（4 コーナー 9番手）","順行","3","6","53.4","","野中","美浦 杉浦","未取得","","","","","","","netkeiba 結果ページ一次取得（通過順・着順・人気）",""
"順行（参考）","コスモティタノ","20260823","新潟01R","芝1400","良","12","差し有利（強）","5着以内の最終コーナー位置（前1/3の頭数）","中（4 コーナー 6番手）","順行","4","10","196.3","","嶋田","美浦 武市","未取得","","","","","","","netkeiba 結果ページ一次取得（通過順・着順・人気）",""
"順行（参考）","ディスペアーホープ","20260823","新潟01R","芝1400","良","12","差し有利（強）","5着以内の最終コーナー位置（前1/3の頭数）","中（4 コーナー 5番手）","順行","5","3","17.6","","菊沢","美浦 小手川","未取得","","","","","","","netkeiba 結果ページ一次取得（通過順・着順・人気）",""
"順行（参考）","タイヴァス","20260823","新潟02R","芝2000","良","11","前有利","5着以内の最終コーナー位置（前1/3の頭数）","前（4 コーナー 1番手）","順行","1","5","6.2","","坂井","栗東 矢作","未取得","","","","","","","netkeiba 結果ページ一次取得（通過順・着順・人気）",""
"順行（参考）","プロテウス","20260823","新潟02R","芝2000","良","11","前有利","5着以内の最終コーナー位置（前1/3の頭数）","前（4 コーナー 3番手）","順行","4","4","6.0","","津村","美浦 田中博","未取得","","","","","","","netkeiba 結果ページ一次取得（通過順・着順・人気）",""
"順行（参考）","ロジグローリー","20260823","新潟02R","芝2000","良","11","前有利","5着以内の最終コーナー位置（前1/3の頭数）","前（4 コーナー 2番手）","順行","5","9","25.2","","丸山","美浦 牧","未取得","","","","","","","netkeiba 結果ページ一次取得（通過順・着順・人気）",""
"順行（参考）","セイウンシャラ","20260823","新潟03R","芝1600","良","12","前有利","5着以内の最終コーナー位置（前1/3の頭数）","前（4 コーナー 1番手）","順行","1","11","53.8","","吉田豊","美浦 田中剛","未取得","","","","","","","netkeiba 結果ページ一次取得（通過順・着順・人気）",""
"順行（参考）","ガネット","20260823","新潟03R","芝1600","良","12","前有利","5着以内の最終コーナー位置（前1/3の頭数）","前（4 コーナー 2番手）","順行","2","3","5.7","","丸山","栗東 松永幹","未取得","","","","","","","netkeiba 結果ページ一次取得（通過順・着順・人気）",""
"順行（参考）","コンセルノ","20260823","新潟03R","芝1600","良","12","前有利","5着以内の最終コーナー位置（前1/3の頭数）","前（4 コーナー 4番手）","順行","3","6","17.4","","北村友","栗東 高橋忠","未取得","","","","","","","netkeiba 結果ページ一次取得（通過順・着順・人気）",""
"順行（参考）","ミエスタ","20260823","新潟04R","ダ1200","良","15","前有利（強）","5着以内の最終コーナー位置（前1/3の頭数）","前（4 コーナー 2番手）","順行","1","2","4.8","","坂井","美浦 加藤征","未取得","","","","","","","netkeiba 結果ページ一次取得（通過順・着順・人気）",""
"順行（参考）","メビウスロマンス","20260823","新潟04R","ダ1200","良","15","前有利（強）","5着以内の最終コーナー位置（前1/3の頭数）","前（4 コーナー 3番手）","順行","2","4","5.9","","嶋田","美浦 矢嶋","未取得","","","","","","","netkeiba 結果ページ一次取得（通過順・着順・人気）",""
"順行（参考）","ミッキーサウザンド","20260823","新潟04R","ダ1200","良","15","前有利（強）","5着以内の最終コーナー位置（前1/3の頭数）","前（4 コーナー 1番手）","順行","3","3","4.8","","津村","美浦 古賀大","未取得","","","","","","","netkeiba 結果ページ一次取得（通過順・着順・人気）",""
"順行（参考）","ジーティーニッツァ","20260823","新潟04R","ダ1200","良","15","前有利（強）","5着以内の最終コーナー位置（前1/3の頭数）","前（4 コーナー 5番手）","順行","4","1","3.7","","▲上里","美浦 伊藤伸","未取得","","","","","","","netkeiba 結果ページ一次取得（通過順・着順・人気）",""
"順行（参考）","フジサン","20260823","新潟05R","芝1800","良","18","差し有利","5着以内の最終コーナー位置（前1/3の頭数）","中（4 コーナー 9番手）","順行","1","5","12.6","","大野","美浦 古賀大","未取得","","","","","","","netkeiba 結果ページ一次取得（通過順・着順・人気）",""
"順行（参考）","ピコプリンセス","20260823","新潟05R","芝1800","良","18","差し有利","5着以内の最終コーナー位置（前1/3の頭数）","中（4 コーナー 8番手）","順行","3","12","153.6","","石橋脩","美浦 伊藤大","未取得","","","","","","","netkeiba 結果ページ一次取得（通過順・着順・人気）",""
"順行（参考）","ワイズファミリア","20260823","新潟05R","芝1800","良","18","差し有利","5着以内の最終コーナー位置（前1/3の頭数）","後（4 コーナー 17番手）","順行","5","3","7.6","","丸田","美浦 本間","未取得","","","","","","","netkeiba 結果ページ一次取得（通過順・着順・人気）",""
"順行（参考）","アラレタバシル","20260823","新潟06R","ダ1800","良","15","差し有利","5着以内の最終コーナー位置（前1/3の頭数）","後（4 コーナー 14番手）","順行","2","2","4.2","","丸山","美浦 松尾","未取得","","","","","","","netkeiba 結果ページ一次取得（通過順・着順・人気）",""
"順行（参考）","ブレトワルダ","20260823","新潟06R","ダ1800","良","15","差し有利","5着以内の最終コーナー位置（前1/3の頭数）","中（4 コーナー 7番手）","順行","3","1","3.1","","津村","美浦 新開","未取得","","","","","","","netkeiba 結果ページ一次取得（通過順・着順・人気）",""
"順行（参考）","ヴァナルガンド","20260823","新潟06R","ダ1800","良","15","差し有利","5着以内の最終コーナー位置（前1/3の頭数）","中（4 コーナー 8番手）","順行","4","9","23.4","","菊沢","美浦 稲垣","未取得","","","","","","","netkeiba 結果ページ一次取得（通過順・着順・人気）",""
"順行（参考）","レッチュベルク","20260823","新潟07R","芝1600","良","10","差し有利（強）","5着以内の最終コーナー位置（前1/3の頭数）","中（4 コーナー 4番手）","順行","1","1","2.8","","田辺","美浦 久保田","未取得","","","","","","","netkeiba 結果ページ一次取得（通過順・着順・人気）",""
"順行（参考）","トウシンマジック","20260823","新潟07R","芝1600","良","10","差し有利（強）","5着以内の最終コーナー位置（前1/3の頭数）","中（4 コーナー 5番手）","順行","2","2","4.0","","コレッ","美浦 秋本","未取得","","","","","","","netkeiba 結果ページ一次取得（通過順・着順・人気）",""
"順行（参考）","トップチェッカー","20260823","新潟07R","芝1600","良","10","差し有利（強）","5着以内の最終コーナー位置（前1/3の頭数）","中（4 コーナー 6番手）","順行","3","5","8.2","","北村友","栗東 武英","未取得","","","","","","","netkeiba 結果ページ一次取得（通過順・着順・人気）",""
"順行（参考）","スイートアリッサム","20260823","新潟07R","芝1600","良","10","差し有利（強）","5着以内の最終コーナー位置（前1/3の頭数）","後（4 コーナー 8番手）","順行","4","6","19.8","","杉原","美浦 大和田","未取得","","","","","","","netkeiba 結果ページ一次取得（通過順・着順・人気）",""
"順行（参考）","シャンデヴァーグ","20260823","新潟07R","芝1600","良","10","差し有利（強）","5着以内の最終コーナー位置（前1/3の頭数）","中（4 コーナー 7番手）","順行","5","3","4.3","","津村","美浦 森一","未取得","","","","","","","netkeiba 結果ページ一次取得（通過順・着順・人気）",""
"順行（参考）","ホウオウシェリー","20260823","新潟08R","芝1400","良","12","前有利","5着以内の最終コーナー位置（前1/3の頭数）","前（4 コーナー 1番手）","順行","1","2","4.2","","坂井","美浦 池上","未取得","","","","","","","netkeiba 結果ページ一次取得（通過順・着順・人気）",""
"順行（参考）","ラパンチュール","20260823","新潟08R","芝1400","良","12","前有利","5着以内の最終コーナー位置（前1/3の頭数）","前（4 コーナー 4番手）","順行","2","3","6.0","","田辺","美浦 蛯名正","未取得","","","","","","","netkeiba 結果ページ一次取得（通過順・着順・人気）",""
"順行（参考）","レイククレセント","20260823","新潟08R","芝1400","良","12","前有利","5着以内の最終コーナー位置（前1/3の頭数）","前（4 コーナー 2番手）","順行","3","4","6.8","","北村友","美浦 大竹","未取得","","","","","","","netkeiba 結果ページ一次取得（通過順・着順・人気）",""
"順行（参考）","ベルゼビュート","20260823","新潟09R","ダ1200","良","15","前有利（強）","5着以内の最終コーナー位置（前1/3の頭数）","前（4 コーナー 2番手）","順行","1","1","3.8","","菊沢","美浦 高木","未取得","","","","","","","netkeiba 結果ページ一次取得（通過順・着順・人気）",""
"順行（参考）","カセノアステリア","20260823","新潟09R","ダ1200","良","15","前有利（強）","5着以内の最終コーナー位置（前1/3の頭数）","前（4 コーナー 1番手）","順行","2","3","5.0","","津村","美浦 鈴木伸","未取得","","","","","","","netkeiba 結果ページ一次取得（通過順・着順・人気）",""
"順行（参考）","ホウオウルクソール","20260823","新潟09R","ダ1200","良","15","前有利（強）","5着以内の最終コーナー位置（前1/3の頭数）","前（4 コーナー 3番手）","順行","4","2","4.0","","北村友","美浦 栗田","未取得","","","","","","","netkeiba 結果ページ一次取得（通過順・着順・人気）",""
"順行（参考）","マオノクラッシュ","20260823","新潟09R","ダ1200","良","15","前有利（強）","5着以内の最終コーナー位置（前1/3の頭数）","前（4 コーナー 4番手）","順行","5","5","8.8","","コレッ","美浦 黒岩","未取得","","","","","","","netkeiba 結果ページ一次取得（通過順・着順・人気）",""
"順行（参考）","リポサンテ","20260823","新潟10R","芝2000","良","12","差し有利（強）","5着以内の最終コーナー位置（前1/3の頭数）","後（4 コーナー 12番手）","順行","1","1","2.1","","田辺","美浦 蛯名正","未取得","","","","","","","netkeiba 結果ページ一次取得（通過順・着順・人気）",""
"順行（参考）","モウエエデショー","20260823","新潟10R","芝2000","良","12","差し有利（強）","5着以内の最終コーナー位置（前1/3の頭数）","中（4 コーナー 7番手）","順行","2","5","11.8","","原","美浦 萱野","未取得","","","","","","","netkeiba 結果ページ一次取得（通過順・着順・人気）",""
"順行（参考）","オルグジェシダ","20260823","新潟10R","芝2000","良","12","差し有利（強）","5着以内の最終コーナー位置（前1/3の頭数）","後（4 コーナー 11番手）","順行","3","2","3.3","","坂井","美浦 宮田","未取得","","","","","","","netkeiba 結果ページ一次取得（通過順・着順・人気）",""
"順行（参考）","イモータリス","20260823","新潟10R","芝2000","良","12","差し有利（強）","5着以内の最終コーナー位置（前1/3の頭数）","中（4 コーナー 5番手）","順行","4","3","9.4","","嶋田","美浦 手塚久","未取得","","","","","","","netkeiba 結果ページ一次取得（通過順・着順・人気）",""
"順行（参考）","ウィンスタンリー","20260823","新潟10R","芝2000","良","12","差し有利（強）","5着以内の最終コーナー位置（前1/3の頭数）","後（4 コーナー 10番手）","順行","5","8","20.8","","コレッ","美浦 黒岩","未取得","","","","","","","netkeiba 結果ページ一次取得（通過順・着順・人気）",""
"順行（参考）","クリムゾンリーフ","20260823","新潟12R","ダ1800","良","12","前有利（強）","5着以内の最終コーナー位置（前1/3の頭数）","前（4 コーナー 1番手）","順行","1","1","1.4","","坂井","美浦 加藤士","未取得","","","","","","","netkeiba 結果ページ一次取得（通過順・着順・人気）",""
"順行（参考）","トルネードアイル","20260823","新潟12R","ダ1800","良","12","前有利（強）","5着以内の最終コーナー位置（前1/3の頭数）","前（4 コーナー 2番手）","順行","2","2","3.4","","北村友","美浦 鹿戸","未取得","","","","","","","netkeiba 結果ページ一次取得（通過順・着順・人気）",""
"順行（参考）","タニセンローマ","20260823","新潟12R","ダ1800","良","12","前有利（強）","5着以内の最終コーナー位置（前1/3の頭数）","前（4 コーナー 4番手）","順行","3","7","40.8","","小林脩","美浦 斎藤誠","未取得","","","","","","","netkeiba 結果ページ一次取得（通過順・着順・人気）",""
"順行（参考）","テンカラットレター","20260823","新潟12R","ダ1800","良","12","前有利（強）","5着以内の最終コーナー位置（前1/3の頭数）","前（4 コーナー 3番手）","順行","4","4","25.2","","木幡初","美浦 本間","未取得","","","","","","","netkeiba 結果ページ一次取得（通過順・着順・人気）",""
"順行（参考）","シェイプオブユー","20260823","札幌01R","ダ1000","良","12","前有利","5着以内の最終コーナー位置（前1/3の頭数）","前（4 コーナー 1番手）","順行","1","2","7.6","","川又","栗東 吉村","未取得","","","","","","","netkeiba 結果ページ一次取得（通過順・着順・人気）",""
"順行（参考）","アイビーミャーオ","20260823","札幌01R","ダ1000","良","12","前有利","5着以内の最終コーナー位置（前1/3の頭数）","前（4 コーナー 2番手）","順行","2","1","1.4","","横山武","栗東 小林","未取得","","","","","","","netkeiba 結果ページ一次取得（通過順・着順・人気）",""
"順行（参考）","ペイシャクロス","20260823","札幌01R","ダ1000","良","12","前有利","5着以内の最終コーナー位置（前1/3の頭数）","前（4 コーナー 4番手）","順行","4","5","14.6","","☆長浜","美浦 粕谷","未取得","","","","","","","netkeiba 結果ページ一次取得（通過順・着順・人気）",""
"順行（参考）","デザートスピリット","20260823","札幌02R","芝1500","良","11","差し有利（強）","5着以内の最終コーナー位置（前1/3の頭数）","中（4 コーナー 7番手）","順行","1","2","3.3","","ルメー","美浦 平岩","未取得","","","","","","","netkeiba 結果ページ一次取得（通過順・着順・人気）",""
"順行（参考）","トムクリオーザ","20260823","札幌02R","芝1500","良","11","差し有利（強）","5着以内の最終コーナー位置（前1/3の頭数）","中（4 コーナー 8番手）","順行","2","6","17.2","","小沢","栗東 藤原","未取得","","","","","","","netkeiba 結果ページ一次取得（通過順・着順・人気）",""
"順行（参考）","ティアラード","20260823","札幌02R","芝1500","良","11","差し有利（強）","5着以内の最終コーナー位置（前1/3の頭数）","中（4 コーナー 4番手）","順行","4","1","2.2","","横山武","栗東 小栗","未取得","","","","","","","netkeiba 結果ページ一次取得（通過順・着順・人気）",""
"順行（参考）","サンレガート","20260823","札幌02R","芝1500","良","11","差し有利（強）","5着以内の最終コーナー位置（前1/3の頭数）","中（4 コーナー 6番手）","順行","5","5","12.5","","浜中","美浦 堀内","未取得","","","","","","","netkeiba 結果ページ一次取得（通過順・着順・人気）",""
"順行（参考）","アオイミズホ","20260823","札幌03R","ダ1700","良","13","差し有利","5着以内の最終コーナー位置（前1/3の頭数）","後（4 コーナー 10番手）","順行","3","1","3.4","","横山和","美浦 古賀慎","未取得","","","","","","","netkeiba 結果ページ一次取得（通過順・着順・人気）",""
"順行（参考）","ホウオウファラオ","20260823","札幌03R","ダ1700","良","13","差し有利","5着以内の最終コーナー位置（前1/3の頭数）","中（4 コーナー 7番手）","順行","4","6","9.5","","岩田康","美浦 奥村武","未取得","","","","","","","netkeiba 結果ページ一次取得（通過順・着順・人気）",""
"順行（参考）","ブルーアンビエンス","20260823","札幌03R","ダ1700","良","13","差し有利","5着以内の最終コーナー位置（前1/3の頭数）","中（4 コーナー 9番手）","順行","5","12","83.0","","★河原田","美浦 菊沢","未取得","","","","","","","netkeiba 結果ページ一次取得（通過順・着順・人気）",""
"順行（参考）","レッドアイスピア","20260823","札幌04R","芝1200","良","14","前有利","5着以内の最終コーナー位置（前1/3の頭数）","前（4 コーナー 4番手）","順行","1","2","6.0","","★河原田","栗東 中竹","未取得","","","","","","","netkeiba 結果ページ一次取得（通過順・着順・人気）",""
"順行（参考）","リアララ","20260823","札幌04R","芝1200","良","14","前有利","5着以内の最終コーナー位置（前1/3の頭数）","前（4 コーナー 2番手）","順行","2","1","2.1","","川田","栗東 中内田","未取得","","","","","","","netkeiba 結果ページ一次取得（通過順・着順・人気）",""
"順行（参考）","メイショウテンジン","20260823","札幌04R","芝1200","良","14","前有利","5着以内の最終コーナー位置（前1/3の頭数）","前（4 コーナー 1番手）","順行","4","4","10.1","","古川吉","栗東 高橋亮","未取得","","","","","","","netkeiba 結果ページ一次取得（通過順・着順・人気）",""
"順行（参考）","ヴァンドレスト","20260823","札幌05R","芝2000","良","7","差し有利（強）","5着以内の最終コーナー位置（前1/3の頭数）","中（4 コーナー 5番手）","順行","1","1","2.0","","ルメー","美浦 栗田","未取得","","","","","","","netkeiba 結果ページ一次取得（通過順・着順・人気）",""
"順行（参考）","アオイゲート","20260823","札幌05R","芝2000","良","7","差し有利（強）","5着以内の最終コーナー位置（前1/3の頭数）","中（4 コーナー 4番手）","順行","3","3","8.1","","丹内","美浦 伊藤圭","未取得","","","","","","","netkeiba 結果ページ一次取得（通過順・着順・人気）",""
"順行（参考）","バトルナイト","20260823","札幌05R","芝2000","良","7","差し有利（強）","5着以内の最終コーナー位置（前1/3の頭数）","中（4 コーナー 3番手）","順行","4","4","14.5","","松山","栗東 武英","未取得","","","","","","","netkeiba 結果ページ一次取得（通過順・着順・人気）",""
"順行（参考）","ソフィーサンライズ","20260823","札幌05R","芝2000","良","7","差し有利（強）","5着以内の最終コーナー位置（前1/3の頭数）","後（4 コーナー 6番手）","順行","5","7","43.4","","吉田隼","栗東 矢作","未取得","","","","","","","netkeiba 結果ページ一次取得（通過順・着順・人気）",""
"順行（参考）","サンセットゴールド","20260823","札幌06R","芝1500","良","14","差し有利（強）","5着以内の最終コーナー位置（前1/3の頭数）","中（4 コーナー 5番手）","順行","1","8","40.6","","小沢","栗東 矢作","未取得","","","","","","","netkeiba 結果ページ一次取得（通過順・着順・人気）",""
"順行（参考）","ルクスアドラー","20260823","札幌06R","芝1500","良","14","差し有利（強）","5着以内の最終コーナー位置（前1/3の頭数）","中（4 コーナー 6番手）","順行","3","7","39.7","","横山典","美浦 平岩","未取得","","","","","","","netkeiba 結果ページ一次取得（通過順・着順・人気）",""
"順行（参考）","ベアサナエチャン","20260823","札幌06R","芝1500","良","14","差し有利（強）","5着以内の最終コーナー位置（前1/3の頭数）","中（4 コーナー 9番手）","順行","4","4","16.0","","松山","美浦 杉浦","未取得","","","","","","","netkeiba 結果ページ一次取得（通過順・着順・人気）",""
"順行（参考）","ブライトフレア","20260823","札幌06R","芝1500","良","14","差し有利（強）","5着以内の最終コーナー位置（前1/3の頭数）","中（4 コーナー 10番手）","順行","5","13","248.2","","浜中","栗東 佐藤悠","未取得","","","","","","","netkeiba 結果ページ一次取得（通過順・着順・人気）",""
"順行（参考）","ニヒトツーゼーア","20260823","札幌07R","ダ2400","良","11","前有利","5着以内の最終コーナー位置（前1/3の頭数）","前（4 コーナー 1番手）","順行","1","6","9.5","","★河原田","栗東 中竹","未取得","","","","","","","netkeiba 結果ページ一次取得（通過順・着順・人気）",""
"順行（参考）","ダイシンレアレア","20260823","札幌07R","ダ2400","良","11","前有利","5着以内の最終コーナー位置（前1/3の頭数）","前（4 コーナー 2番手）","順行","2","1","3.4","","丹内","栗東 高橋一","未取得","","","","","","","netkeiba 結果ページ一次取得（通過順・着順・人気）",""
"順行（参考）","トライゴーニック","20260823","札幌07R","ダ2400","良","11","前有利","5着以内の最終コーナー位置（前1/3の頭数）","前（4 コーナー 3番手）","順行","3","7","15.8","","ナレド","美浦 池上","未取得","","","","","","","netkeiba 結果ページ一次取得（通過順・着順・人気）",""
"順行（参考）","ダノンプレサージュ","20260823","札幌08R","芝1800","良","11","前有利","5着以内の最終コーナー位置（前1/3の頭数）","前（4 コーナー 1番手）","順行","1","1","2.4","","横山典","美浦 大竹","未取得","","","","","","","netkeiba 結果ページ一次取得（通過順・着順・人気）","4角で単独先頭（2馬身以上）：楽逃げの可能性・人間確認"
"順行（参考）","マイネルシンベリン","20260823","札幌08R","芝1800","良","11","前有利","5着以内の最終コーナー位置（前1/3の頭数）","前（4 コーナー 2番手）","順行","2","2","3.2","","丹内","美浦 武市","未取得","","","","","","","netkeiba 結果ページ一次取得（通過順・着順・人気）",""
"順行（参考）","シニャンガ","20260823","札幌08R","芝1800","良","11","前有利","5着以内の最終コーナー位置（前1/3の頭数）","前（4 コーナー 3番手）","順行","5","3","5.4","","岩田望","美浦 鹿戸","未取得","","","","","","","netkeiba 結果ページ一次取得（通過順・着順・人気）",""
"順行（参考）","マイネルマスター","20260823","札幌09R","芝2000","良","13","差し有利","5着以内の最終コーナー位置（前1/3の頭数）","中（4 コーナー 6番手）","順行","3","11","67.1","","ロイド","美浦 青木","未取得","","","","","","","netkeiba 結果ページ一次取得（通過順・着順・人気）",""
"順行（参考）","メイショウテンク","20260823","札幌09R","芝2000","良","13","差し有利","5着以内の最終コーナー位置（前1/3の頭数）","後（4 コーナー 10番手）","順行","4","2","4.2","","吉田隼","栗東 荒川","未取得","","","","","","","netkeiba 結果ページ一次取得（通過順・着順・人気）",""
"順行（参考）","ジャケットポケット","20260823","札幌09R","芝2000","良","13","差し有利","5着以内の最終コーナー位置（前1/3の頭数）","後（4 コーナー 11番手）","順行","5","5","8.5","","岩田康","美浦 奥村武","未取得","","","","","","","netkeiba 結果ページ一次取得（通過順・着順・人気）",""
"順行（参考）","ローズマイスター","20260823","札幌10R","ダ1700","良","14","差し有利","5着以内の最終コーナー位置（前1/3の頭数）","中（4 コーナー 10番手）","順行","2","3","7.9","","武豊","美浦 黒岩","未取得","","","","","","","netkeiba 結果ページ一次取得（通過順・着順・人気）",""
"順行（参考）","レッドライトニング","20260823","札幌10R","ダ1700","良","14","差し有利","5着以内の最終コーナー位置（前1/3の頭数）","中（4 コーナー 6番手）","順行","4","6","9.4","","レーン","美浦 浅利","未取得","","","","","","","netkeiba 結果ページ一次取得（通過順・着順・人気）",""
"順行（参考）","ヒミノエトワール","20260823","札幌10R","ダ1700","良","14","差し有利","5着以内の最終コーナー位置（前1/3の頭数）","中（4 コーナー 7番手）","順行","5","7","9.8","","ロイド","栗東 宮地","未取得","","","","","","","netkeiba 結果ページ一次取得（通過順・着順・人気）",""
"順行（参考）","パンジャタワー","20260823","札幌11R","芝1200","良","16","差し有利","5着以内の最終コーナー位置（前1/3の頭数）","中（4 コーナー 6番手）","順行","2","1","1.9","","松山","栗東 橋口","未取得","","","","","","","netkeiba 結果ページ一次取得（通過順・着順・人気）",""
"順行（参考）","エーティーマクフィ","20260823","札幌11R","芝1200","良","16","差し有利","5着以内の最終コーナー位置（前1/3の頭数）","中（4 コーナー 7番手）","順行","4","4","12.1","","富田","栗東 武英","未取得","","","","","","","netkeiba 結果ページ一次取得（通過順・着順・人気）",""
"順行（参考）","ロードフォアエース","20260823","札幌11R","芝1200","良","16","差し有利","5着以内の最終コーナー位置（前1/3の頭数）","後（4 コーナー 12番手）","順行","5","12","55.2","","岩田望","栗東 友道","未取得","","","","","","","netkeiba 結果ページ一次取得（通過順・着順・人気）",""
"順行（参考）","ミリオンクラウン","20260823","札幌12R","芝1800","良","14","差し有利（強）","5着以内の最終コーナー位置（前1/3の頭数）","中（4 コーナー 5番手）","順行","1","2","4.3","","横山典","美浦 和田雄","未取得","","","","","","","netkeiba 結果ページ一次取得（通過順・着順・人気）",""
"順行（参考）","マイネルフォルツァ","20260823","札幌12R","芝1800","良","14","差し有利（強）","5着以内の最終コーナー位置（前1/3の頭数）","中（4 コーナー 6番手）","順行","2","11","47.1","","レーン","美浦 金成","未取得","","","","","","","netkeiba 結果ページ一次取得（通過順・着順・人気）",""
"順行（参考）","ワザモノ","20260823","札幌12R","芝1800","良","14","差し有利（強）","5着以内の最終コーナー位置（前1/3の頭数）","中（4 コーナー 9番手）","順行","3","5","8.4","","岩田望","美浦 尾関","未取得","","","","","","","netkeiba 結果ページ一次取得（通過順・着順・人気）",""
"順行（参考）","ミーントゥビー","20260823","札幌12R","芝1800","良","14","差し有利（強）","5着以内の最終コーナー位置（前1/3の頭数）","中（4 コーナー 10番手）","順行","5","4","7.4","","川田","美浦 堀内","未取得","","","","","","","netkeiba 結果ページ一次取得（通過順・着順・人気）",""
"順行（参考）","エンルートフライト","20260829","中京01R","芝2000","良","11","差し有利（強）","5着以内の最終コーナー位置（前1/3の頭数）","中（4 コーナー 6番手）","順行","2","1","2.0","","坂井","栗東 池添","未取得","","","","","","","netkeiba 結果ページ一次取得（通過順・着順・人気）",""
"順行（参考）","ハルカカナタ","20260829","中京01R","芝2000","良","11","差し有利（強）","5着以内の最終コーナー位置（前1/3の頭数）","中（4 コーナー 7番手）","順行","3","6","24.8","","幸","栗東 秋山","未取得","","","","","","","netkeiba 結果ページ一次取得（通過順・着順・人気）",""
"順行（参考）","ホットロッドハート","20260829","中京01R","芝2000","良","11","差し有利（強）","5着以内の最終コーナー位置（前1/3の頭数）","後（4 コーナー 9番手）","順行","4","7","27.6","","吉村","栗東 前川","未取得","","","","","","","netkeiba 結果ページ一次取得（通過順・着順・人気）",""
"順行（参考）","ディープナイト","20260829","中京01R","芝2000","良","11","差し有利（強）","5着以内の最終コーナー位置（前1/3の頭数）","中（4 コーナー 8番手）","順行","5","9","41.4","","荻野琢","栗東 牧田","未取得","","","","","","","netkeiba 結果ページ一次取得（通過順・着順・人気）",""
"順行（参考）","オーリエイト","20260829","中京02R","ダ1800","稍","12","前有利","5着以内の最終コーナー位置（前1/3の頭数）","前（4 コーナー 3番手）","順行","1","1","1.4","","吉村","栗東 小栗","未取得","","","","","","","netkeiba 結果ページ一次取得（通過順・着順・人気）",""
"順行（参考）","ソリドゥス","20260829","中京02R","ダ1800","稍","12","前有利","5着以内の最終コーナー位置（前1/3の頭数）","前（4 コーナー 4番手）","順行","2","4","11.0","","秋山稔","栗東 安達","未取得","","","","","","","netkeiba 結果ページ一次取得（通過順・着順・人気）",""
"順行（参考）","ダノンアズール","20260829","中京02R","ダ1800","稍","12","前有利","5着以内の最終コーナー位置（前1/3の頭数）","前（4 コーナー 1番手）","順行","5","2","5.6","","岩田望","栗東 茶木","未取得","","","","","","","netkeiba 結果ページ一次取得（通過順・着順・人気）",""
"順行（参考）","ビンチャリ","20260829","中京03R","芝1400","良","12","前有利","5着以内の最終コーナー位置（前1/3の頭数）","前（4 コーナー 3番手）","順行","1","4","7.9","","岩田望","栗東 千田","未取得","","","","","","","netkeiba 結果ページ一次取得（通過順・着順・人気）",""
"順行（参考）","ワンキャンパス","20260829","中京03R","芝1400","良","12","前有利","5着以内の最終コーナー位置（前1/3の頭数）","前（4 コーナー 1番手）","順行","3","12","209.7","","長岡","美浦 深山","未取得","","","","","","","netkeiba 結果ページ一次取得（通過順・着順・人気）",""
"順行（参考）","サルーミアモール","20260829","中京03R","芝1400","良","12","前有利","5着以内の最終コーナー位置（前1/3の頭数）","前（4 コーナー 4番手）","順行","4","5","12.6","","坂井","美浦 加藤士","未取得","","","","","","","netkeiba 結果ページ一次取得（通過順・着順・人気）",""
"順行（参考）","マイコンプリート","20260829","中京04R","芝2200","良","16","差し有利","5着以内の最終コーナー位置（前1/3の頭数）","中（4 コーナー 6番手）","順行","1","1","1.7","","岩田望","栗東 友道","未取得","","","","","","","netkeiba 結果ページ一次取得（通過順・着順・人気）",""
"順行（参考）","テイエムプレミラン","20260829","中京04R","芝2200","良","16","差し有利","5着以内の最終コーナー位置（前1/3の頭数）","中（4 コーナー 7番手）","順行","3","9","83.8","","▲森田","栗東 宮地","未取得","","","","","","","netkeiba 結果ページ一次取得（通過順・着順・人気）",""
"順行（参考）","ナムラヴンダー","20260829","中京04R","芝2200","良","16","差し有利","5着以内の最終コーナー位置（前1/3の頭数）","中（4 コーナー 8番手）","順行","4","3","7.8","","幸","栗東 河嶋","未取得","","","","","","","netkeiba 結果ページ一次取得（通過順・着順・人気）",""
"順行（参考）","ビクスバイト","20260829","中京05R","芝2000","良","13","差し有利（強）","5着以内の最終コーナー位置（前1/3の頭数）","中（4 コーナー 6番手）","順行","1","1","2.7","","川田","栗東 佐藤悠","未取得","","","","","","","netkeiba 結果ページ一次取得（通過順・着順・人気）",""
"順行（参考）","ゴールデンテティス","20260829","中京05R","芝2000","良","13","差し有利（強）","5着以内の最終コーナー位置（前1/3の頭数）","中（4 コーナー 5番手）","順行","3","3","7.1","","加藤","栗東 庄野","未取得","","","","","","","netkeiba 結果ページ一次取得（通過順・着順・人気）",""
"順行（参考）","パンキー","20260829","中京05R","芝2000","良","13","差し有利（強）","5着以内の最終コーナー位置（前1/3の頭数）","中（4 コーナー 8番手）","順行","4","5","9.3","","西村淳","栗東 茶木","未取得","","","","","","","netkeiba 結果ページ一次取得（通過順・着順・人気）",""
"順行（参考）","ワンダーデリエール","20260829","中京05R","芝2000","良","13","差し有利（強）","5着以内の最終コーナー位置（前1/3の頭数）","中（4 コーナー 7番手）","順行","5","4","7.3","","☆田山","栗東 小崎","未取得","","","","","","","netkeiba 結果ページ一次取得（通過順・着順・人気）",""
"順行（参考）","アオイレーギーナ","20260829","中京06R","ダ1200","稍","13","差し有利（強）","5着以内の最終コーナー位置（前1/3の頭数）","中（4 コーナー 9番手）","順行","2","5","10.3","","幸","栗東 宮地","未取得","","","","","","","netkeiba 結果ページ一次取得（通過順・着順・人気）",""
"順行（参考）","ダノンモンテローザ","20260829","中京06R","ダ1200","稍","13","差し有利（強）","5着以内の最終コーナー位置（前1/3の頭数）","中（4 コーナー 8番手）","順行","3","6","13.3","","田山","栗東 茶木","未取得","","","","","","","netkeiba 結果ページ一次取得（通過順・着順・人気）",""
"順行（参考）","シルフズミスチーフ","20260829","中京06R","ダ1200","稍","13","差し有利（強）","5着以内の最終コーナー位置（前1/3の頭数）","後（4 コーナー 11番手）","順行","4","2","3.9","","岩田望","栗東 池江","未取得","","","","","","","netkeiba 結果ページ一次取得（通過順・着順・人気）",""
"順行（参考）","ザウリ","20260829","中京06R","ダ1200","稍","13","差し有利（強）","5着以内の最終コーナー位置（前1/3の頭数）","後（4 コーナー 10番手）","順行","5","8","45.1","","田口","栗東 森田","未取得","","","","","","","netkeiba 結果ページ一次取得（通過順・着順・人気）",""
"順行（参考）","ブルクトーア","20260829","中京07R","芝1400","良","15","差し有利","5着以内の最終コーナー位置（前1/3の頭数）","中（4 コーナー 9番手）","順行","1","7","23.0","","亀田","栗東 長谷川","未取得","","","","","","","netkeiba 結果ページ一次取得（通過順・着順・人気）",""
"順行（参考）","チャンネルトンネル","20260829","中京07R","芝1400","良","15","差し有利","5着以内の最終コーナー位置（前1/3の頭数）","後（4 コーナー 13番手）","順行","2","3","5.7","","団野","栗東 福永","未取得","","","","","","","netkeiba 結果ページ一次取得（通過順・着順・人気）",""
"順行（参考）","ポッドロワール","20260829","中京07R","芝1400","良","15","差し有利","5着以内の最終コーナー位置（前1/3の頭数）","後（4 コーナー 11番手）","順行","5","1","2.6","","岩田望","美浦 畠山","未取得","","","","","","","netkeiba 結果ページ一次取得（通過順・着順・人気）",""
"順行（参考）","トライアンフパス","20260829","中京08R","芝1400","良","14","前有利（強）","5着以内の最終コーナー位置（前1/3の頭数）","前（4 コーナー 3番手）","順行","1","2","4.1","","松若","栗東 宮","未取得","","","","","","","netkeiba 結果ページ一次取得（通過順・着順・人気）",""
"順行（参考）","アムールリーベ","20260829","中京08R","芝1400","良","14","前有利（強）","5着以内の最終コーナー位置（前1/3の頭数）","前（4 コーナー 4番手）","順行","2","8","24.4","","荻野琢","栗東 宮地","未取得","","","","","","","netkeiba 結果ページ一次取得（通過順・着順・人気）",""
"順行（参考）","キャッスルレイク","20260829","中京08R","芝1400","良","14","前有利（強）","5着以内の最終コーナー位置（前1/3の頭数）","前（4 コーナー 2番手）","順行","4","5","11.9","","田口","栗東 松下","未取得","","","","","","","netkeiba 結果ページ一次取得（通過順・着順・人気）",""
"順行（参考）","カウンティフェア","20260829","中京08R","芝1400","良","14","前有利（強）","5着以内の最終コーナー位置（前1/3の頭数）","前（4 コーナー 1番手）","順行","5","9","35.4","","田山","栗東 高野","未取得","","","","","","","netkeiba 結果ページ一次取得（通過順・着順・人気）",""
"順行（参考）","セレーノ","20260829","中京09R","ダ1800","稍","9","前有利","5着以内の最終コーナー位置（前1/3の頭数）","前（4 コーナー 1番手）","順行","1","2","3.2","","◇永島","栗東 高橋亮","未取得","","","","","","","netkeiba 結果ページ一次取得（通過順・着順・人気）",""
"順行（参考）","クラテロス","20260829","中京09R","ダ1800","稍","9","前有利","5着以内の最終コーナー位置（前1/3の頭数）","前（4 コーナー 3番手）","順行","2","4","8.6","","岩田望","栗東 寺島","未取得","","","","","","","netkeiba 結果ページ一次取得（通過順・着順・人気）",""
"順行（参考）","リアンクトワ","20260829","中京09R","ダ1800","稍","9","前有利","5着以内の最終コーナー位置（前1/3の頭数）","前（4 コーナー 2番手）","順行","5","7","24.2","","△柴田裕","栗東 辻野","未取得","","","","","","","netkeiba 結果ページ一次取得（通過順・着順・人気）",""
"順行（参考）","ジャンヌドゥレーヴ","20260829","中京10R","ダ1400","稍","16","差し有利","5着以内の最終コーナー位置（前1/3の頭数）","中（4 コーナー 11番手）","順行","1","2","5.5","","中井","栗東 角田","未取得","","","","","","","netkeiba 結果ページ一次取得（通過順・着順・人気）",""
"順行（参考）","タイニーワンダー","20260829","中京10R","ダ1400","稍","16","差し有利","5着以内の最終コーナー位置（前1/3の頭数）","中（4 コーナー 7番手）","順行","2","1","2.4","","☆田山","栗東 四位","未取得","","","","","","","netkeiba 結果ページ一次取得（通過順・着順・人気）",""
"順行（参考）","ワイドグンサ","20260829","中京10R","ダ1400","稍","16","差し有利","5着以内の最終コーナー位置（前1/3の頭数）","中（4 コーナー 6番手）","順行","5","4","8.2","","西村淳","栗東 庄野","未取得","","","","","","","netkeiba 結果ページ一次取得（通過順・着順・人気）",""
"順行（参考）","ヴォーカライズ","20260829","中京11R","芝1600","良","13","差し有利（強）","5着以内の最終コーナー位置（前1/3の頭数）","中（4 コーナー 5番手）","順行","1","2","2.8","","☆田山","栗東 高野","未取得","","","","","","","netkeiba 結果ページ一次取得（通過順・着順・人気）",""
"順行（参考）","リアンマヒナ","20260829","中京11R","芝1600","良","13","差し有利（強）","5着以内の最終コーナー位置（前1/3の頭数）","中（4 コーナー 6番手）","順行","2","3","5.1","","岩田望","栗東 高橋一","未取得","","","","","","","netkeiba 結果ページ一次取得（通過順・着順・人気）",""
"順行（参考）","エンベッカ","20260829","中京11R","芝1600","良","13","差し有利（強）","5着以内の最終コーナー位置（前1/3の頭数）","中（4 コーナー 8番手）","順行","3","10","48.8","","西村淳","栗東 柴田","未取得","","","","","","","netkeiba 結果ページ一次取得（通過順・着順・人気）",""
"順行（参考）","レッドリガーレ","20260829","中京11R","芝1600","良","13","差し有利（強）","5着以内の最終コーナー位置（前1/3の頭数）","中（4 コーナー 9番手）","順行","4","7","34.1","","幸","栗東 斉藤崇","未取得","","","","","","","netkeiba 結果ページ一次取得（通過順・着順・人気）",""
"順行（参考）","グローブアマランス","20260829","中京11R","芝1600","良","13","差し有利（強）","5着以内の最終コーナー位置（前1/3の頭数）","後（4 コーナー 10番手）","順行","5","5","17.8","","田口","栗東 中尾","未取得","","","","","","","netkeiba 結果ページ一次取得（通過順・着順・人気）",""
"順行（参考）","トラッドロア","20260829","中京12R","ダ1800","稍","14","前有利","5着以内の最終コーナー位置（前1/3の頭数）","前（4 コーナー 2番手）","順行","1","10","36.6","","富田","栗東 高野","未取得","","","","","","","netkeiba 結果ページ一次取得（通過順・着順・人気）",""
"順行（参考）","タガノランパート","20260829","中京12R","ダ1800","稍","14","前有利","5着以内の最終コーナー位置（前1/3の頭数）","前（4 コーナー 3番手）","順行","2","2","4.1","","田口","栗東 奥村豊","未取得","","","","","","","netkeiba 結果ページ一次取得（通過順・着順・人気）",""
"順行（参考）","メイショウハーブス","20260829","中京12R","ダ1800","稍","14","前有利","5着以内の最終コーナー位置（前1/3の頭数）","前（4 コーナー 1番手）","順行","5","5","11.7","","藤懸","栗東 高橋忠","未取得","","","","","","","netkeiba 結果ページ一次取得（通過順・着順・人気）",""
"順行（参考）","アデルフィー","20260829","新潟02R","ダ1800","稍","15","前有利（強）","5着以内の最終コーナー位置（前1/3の頭数）","前（4 コーナー 1番手）","順行","1","4","4.5","","三浦","美浦 金成","未取得","","","","","","","netkeiba 結果ページ一次取得（通過順・着順・人気）",""
"順行（参考）","カシマライフウ","20260829","新潟02R","ダ1800","稍","15","前有利（強）","5着以内の最終コーナー位置（前1/3の頭数）","前（4 コーナー 5番手）","順行","2","1","3.6","","大野","美浦 伊藤伸","未取得","","","","","","","netkeiba 結果ページ一次取得（通過順・着順・人気）",""
"順行（参考）","ゴールドプレイヤー","20260829","新潟02R","ダ1800","稍","15","前有利（強）","5着以内の最終コーナー位置（前1/3の頭数）","前（4 コーナー 3番手）","順行","3","2","3.7","","戸崎圭","美浦 古賀慎","未取得","","","","","","","netkeiba 結果ページ一次取得（通過順・着順・人気）",""
"順行（参考）","ガードオブオナー","20260829","新潟02R","ダ1800","稍","15","前有利（強）","5着以内の最終コーナー位置（前1/3の頭数）","前（4 コーナー 4番手）","順行","4","3","4.0","","津村","美浦 林","未取得","","","","","","","netkeiba 結果ページ一次取得（通過順・着順・人気）",""
"順行（参考）","キムケンシーサー","20260829","新潟03R","芝1600","良","10","差し有利","5着以内の最終コーナー位置（前1/3の頭数）","中（4 コーナー 6番手）","順行","1","5","13.3","","◇今村","栗東 前川","未取得","","","","","","","netkeiba 結果ページ一次取得（通過順・着順・人気）",""
"順行（参考）","ホウオウビリーヴ","20260829","新潟03R","芝1600","良","10","差し有利","5着以内の最終コーナー位置（前1/3の頭数）","中（4 コーナー 7番手）","順行","2","4","5.5","","戸崎圭","美浦 木村","未取得","","","","","","","netkeiba 結果ページ一次取得（通過順・着順・人気）",""
"順行（参考）","ノルトハウゼン","20260829","新潟03R","芝1600","良","10","差し有利","5着以内の最終コーナー位置（前1/3の頭数）","中（4 コーナー 4番手）","順行","3","3","4.6","","三浦","美浦 菊沢","未取得","","","","","","","netkeiba 結果ページ一次取得（通過順・着順・人気）",""
"順行（参考）","エクラドリオン","20260829","新潟04R","芝1400","良","18","前有利","5着以内の最終コーナー位置（前1/3の頭数）","前（4 コーナー 4番手）","順行","1","1","1.5","","ルメー","美浦 中舘","未取得","","","","","","","netkeiba 結果ページ一次取得（通過順・着順・人気）",""
"順行（参考）","ジェイエルキール","20260829","新潟04R","芝1400","良","18","前有利","5着以内の最終コーナー位置（前1/3の頭数）","前（4 コーナー 1番手）","順行","2","12","135.2","","江田照","美浦 菊川","未取得","","","","","","","netkeiba 結果ページ一次取得（通過順・着順・人気）",""
"順行（参考）","レッドアバンドーネ","20260829","新潟04R","芝1400","良","18","前有利","5着以内の最終コーナー位置（前1/3の頭数）","前（4 コーナー 3番手）","順行","3","3","8.9","","津村","美浦 上原佑","未取得","","","","","","","netkeiba 結果ページ一次取得（通過順・着順・人気）",""
"順行（参考）","ヤマメホープ","20260829","新潟05R","芝2200","稍","18","前有利","5着以内の最終コーナー位置（前1/3の頭数）","前（4 コーナー 2番手）","順行","1","1","2.8","","戸崎圭","美浦 久保田","未取得","","","","","","","netkeiba 結果ページ一次取得（通過順・着順・人気）",""
"順行（参考）","ゾネブルーム","20260829","新潟05R","芝2200","稍","18","前有利","5着以内の最終コーナー位置（前1/3の頭数）","前（4 コーナー 4番手）","順行","3","2","4.1","","丸山","美浦 矢嶋","未取得","","","","","","","netkeiba 結果ページ一次取得（通過順・着順・人気）",""
"順行（参考）","アンヴデット","20260829","新潟05R","芝2200","稍","18","前有利","5着以内の最終コーナー位置（前1/3の頭数）","前（4 コーナー 6番手）","順行","5","7","17.6","","△石神道","美浦 高橋文","未取得","","","","","","","netkeiba 結果ページ一次取得（通過順・着順・人気）",""
"順行（参考）","ルーナディサングエ","20260829","新潟06R","ダ1800","稍","15","前有利（強）","5着以内の最終コーナー位置（前1/3の頭数）","前（4 コーナー 1番手）","順行","1","1","2.1","","菅原隆","美浦 天間","未取得","","","","","","","netkeiba 結果ページ一次取得（通過順・着順・人気）",""
"順行（参考）","ヨドノタイヨウ","20260829","新潟06R","ダ1800","稍","15","前有利（強）","5着以内の最終コーナー位置（前1/3の頭数）","前（4 コーナー 2番手）","順行","2","5","13.6","","松山","美浦 室井","未取得","","","","","","","netkeiba 結果ページ一次取得（通過順・着順・人気）",""
"順行（参考）","リアライズオーラム","20260829","新潟06R","ダ1800","稍","15","前有利（強）","5着以内の最終コーナー位置（前1/3の頭数）","前（4 コーナー 3番手）","順行","3","4","13.5","","石橋脩","美浦 上原佑","未取得","","","","","","","netkeiba 結果ページ一次取得（通過順・着順・人気）",""
"順行（参考）","ヴェーヌドール","20260829","新潟06R","ダ1800","稍","15","前有利（強）","5着以内の最終コーナー位置（前1/3の頭数）","前（4 コーナー 5番手）","順行","5","12","142.8","","菊沢","美浦 平岩","未取得","","","","","","","netkeiba 結果ページ一次取得（通過順・着順・人気）",""
"順行（参考）","スピンザブラッド","20260829","新潟07R","芝2000","稍","17","差し有利","5着以内の最終コーナー位置（前1/3の頭数）","中（4 コーナー 12番手）","順行","3","11","50.4","","松山","美浦 平岩","未取得","","","","","","","netkeiba 結果ページ一次取得（通過順・着順・人気）",""
"順行（参考）","マイネルアズーロ","20260829","新潟07R","芝2000","稍","17","差し有利","5着以内の最終コーナー位置（前1/3の頭数）","中（4 コーナー 10番手）","順行","4","4","8.9","","津村","美浦 鹿戸","未取得","","","","","","","netkeiba 結果ページ一次取得（通過順・着順・人気）",""
"順行（参考）","ピエナフェーヴル","20260829","新潟07R","芝2000","稍","17","差し有利","5着以内の最終コーナー位置（前1/3の頭数）","中（4 コーナー 6番手）","順行","5","2","6.6","","田辺","美浦 萱野","未取得","","","","","","","netkeiba 結果ページ一次取得（通過順・着順・人気）",""
"順行（参考）","タガノバビロン","20260829","新潟08R","ダ1800","稍","11","差し有利","5着以内の最終コーナー位置（前1/3の頭数）","中（4 コーナー 5番手）","順行","2","1","2.0","","松山","栗東 西園翔","未取得","","","","","","","netkeiba 結果ページ一次取得（通過順・着順・人気）",""
"順行（参考）","ピカピカサンダー","20260829","新潟08R","ダ1800","稍","11","差し有利","5着以内の最終コーナー位置（前1/3の頭数）","中（4 コーナー 4番手）","順行","3","3","7.3","","三浦","美浦 鹿戸","未取得","","","","","","","netkeiba 結果ページ一次取得（通過順・着順・人気）",""
"順行（参考）","カズタンジャー","20260829","新潟08R","ダ1800","稍","11","差し有利","5着以内の最終コーナー位置（前1/3の頭数）","後（4 コーナー 10番手）","順行","4","2","5.8","","ルメー","栗東 新谷","未取得","","","","","","","netkeiba 結果ページ一次取得（通過順・着順・人気）",""
"順行（参考）","ミッドセンチュリー","20260829","新潟09R","芝2200","稍","13","差し有利","5着以内の最終コーナー位置（前1/3の頭数）","中（4 コーナー 7番手）","順行","3","5","10.5","","嶋田","美浦 松山","未取得","","","","","","","netkeiba 結果ページ一次取得（通過順・着順・人気）",""
"順行（参考）","ランブルスコ","20260829","新潟09R","芝2200","稍","13","差し有利","5着以内の最終コーナー位置（前1/3の頭数）","中（4 コーナー 6番手）","順行","4","2","3.3","","ルメー","美浦 蛯名正","未取得","","","","","","","netkeiba 結果ページ一次取得（通過順・着順・人気）",""
"順行（参考）","テイキットイージー","20260829","新潟09R","芝2200","稍","13","差し有利","5着以内の最終コーナー位置（前1/3の頭数）","中（4 コーナー 8番手）","順行","5","8","49.2","","武藤","美浦 萱野","未取得","","","","","","","netkeiba 結果ページ一次取得（通過順・着順・人気）",""
"順行（参考）","リラベガ","20260829","新潟10R","芝1400","稍","18","差し有利","5着以内の最終コーナー位置（前1/3の頭数）","中（4 コーナー 7番手）","順行","2","8","16.9","","菊沢","美浦 岩戸","未取得","","","","","","","netkeiba 結果ページ一次取得（通過順・着順・人気）",""
"順行（参考）","ダイユウルミナス","20260829","新潟10R","芝1400","稍","18","差し有利","5着以内の最終コーナー位置（前1/3の頭数）","中（4 コーナー 10番手）","順行","4","14","154.8","","小崎","美浦 松永康","未取得","","","","","","","netkeiba 結果ページ一次取得（通過順・着順・人気）",""
"順行（参考）","ソードスレイプニル","20260829","新潟10R","芝1400","稍","18","差し有利","5着以内の最終コーナー位置（前1/3の頭数）","中（4 コーナー 9番手）","順行","5","3","9.7","","◇今村","美浦 鈴木慎","未取得","","","","","","","netkeiba 結果ページ一次取得（通過順・着順・人気）",""
"順行（参考）","ピースフルマインド","20260829","新潟11R","芝2000","稍","18","差し有利","5着以内の最終コーナー位置（前1/3の頭数）","中（4 コーナー 10番手）","順行","1","11","84.6","","原","美浦 伊坂","未取得","","","","","","","netkeiba 結果ページ一次取得（通過順・着順・人気）",""
"順行（参考）","コスモアルペジオ","20260829","新潟11R","芝2000","稍","18","差し有利","5着以内の最終コーナー位置（前1/3の頭数）","中（4 コーナー 7番手）","順行","3","5","21.4","","石橋脩","美浦 鹿戸","未取得","","","","","","","netkeiba 結果ページ一次取得（通過順・着順・人気）",""
"順行（参考）","グランフルス","20260829","新潟11R","芝2000","稍","18","差し有利","5着以内の最終コーナー位置（前1/3の頭数）","中（4 コーナー 12番手）","順行","4","10","74.8","","菊沢","美浦 矢野","未取得","","","","","","","netkeiba 結果ページ一次取得（通過順・着順・人気）",""
"順行（参考）","ロンバスブレス","20260829","新潟12R","ダ1200","稍","12","前有利","5着以内の最終コーナー位置（前1/3の頭数）","前（4 コーナー 1番手）","順行","1","1","2.1","","▲上里","美浦 石栗","未取得","","","","","","","netkeiba 結果ページ一次取得（通過順・着順・人気）",""
"順行（参考）","エリースノー","20260829","新潟12R","ダ1200","稍","12","前有利","5着以内の最終コーナー位置（前1/3の頭数）","前（4 コーナー 4番手）","順行","2","2","4.0","","津村","美浦 武市","未取得","","","","","","","netkeiba 結果ページ一次取得（通過順・着順・人気）",""
"順行（参考）","ライヴマティーニ","20260829","新潟12R","ダ1200","稍","12","前有利","5着以内の最終コーナー位置（前1/3の頭数）","前（4 コーナー 2番手）","順行","3","5","7.0","","◇ 今村聖","美浦 尾形","未取得","","","","","","","netkeiba 結果ページ一次取得（通過順・着順・人気）",""
"順行（参考）","ロードステラート","20260829","札幌01R","ダ1700","稍","14","差し有利","5着以内の最終コーナー位置（前1/3の頭数）","中（4 コーナー 7番手）","順行","3","2","5.2","","横山和","栗東 武英","未取得","","","","","","","netkeiba 結果ページ一次取得（通過順・着順・人気）",""
"順行（参考）","ワンダーアスク","20260829","札幌01R","ダ1700","稍","14","差し有利","5着以内の最終コーナー位置（前1/3の頭数）","中（4 コーナー 10番手）","順行","4","6","10.3","","川又","栗東 笹田","未取得","","","","","","","netkeiba 結果ページ一次取得（通過順・着順・人気）",""
"順行（参考）","ゴールデンダガー","20260829","札幌01R","ダ1700","稍","14","差し有利","5着以内の最終コーナー位置（前1/3の頭数）","中（4 コーナー 8番手）","順行","5","3","5.2","","横山琉","美浦 中舘","未取得","","","","","","","netkeiba 結果ページ一次取得（通過順・着順・人気）",""
"順行（参考）","タプティ","20260829","札幌02R","芝1500","稍","13","前有利","5着以内の最終コーナー位置（前1/3の頭数）","前（4 コーナー 2番手）","順行","1","4","9.7","","小沢","栗東 岡田","未取得","","","","","","","netkeiba 結果ページ一次取得（通過順・着順・人気）",""
"順行（参考）","バタフライ","20260829","札幌02R","芝1500","稍","13","前有利","5着以内の最終コーナー位置（前1/3の頭数）","前（4 コーナー 1番手）","順行","2","7","18.1","","原田和","美浦 松山","未取得","","","","","","","netkeiba 結果ページ一次取得（通過順・着順・人気）",""
"順行（参考）","フォルトゥナロッサ","20260829","札幌02R","芝1500","稍","13","前有利","5着以内の最終コーナー位置（前1/3の頭数）","前（4 コーナー 4番手）","順行","4","1","2.0","","浜中","栗東 武幸","未取得","","","","","","","netkeiba 結果ページ一次取得（通過順・着順・人気）",""
"順行（参考）","イドム","20260829","札幌03R","芝1800","稍","11","差し有利","5着以内の最終コーナー位置（前1/3の頭数）","中（4 コーナー 4番手）","順行","2","4","18.3","","松本","栗東 高橋康","未取得","","","","","","","netkeiba 結果ページ一次取得（通過順・着順・人気）",""
"順行（参考）","ダノンキューブ","20260829","札幌03R","芝1800","稍","11","差し有利","5着以内の最終コーナー位置（前1/3の頭数）","中（4 コーナー 7番手）","順行","4","1","1.1","","武豊","栗東 橋口","未取得","","","","","","","netkeiba 結果ページ一次取得（通過順・着順・人気）",""
"順行（参考）","チェッリーニ","20260829","札幌03R","芝1800","稍","11","差し有利","5着以内の最終コーナー位置（前1/3の頭数）","中（4 コーナー 5番手）","順行","5","8","195.7","","◇古川奈","栗東 羽月","未取得","","","","","","","netkeiba 結果ページ一次取得（通過順・着順・人気）",""
"順行（参考）","アニマレイ","20260829","札幌04R","ダ1000","稍","12","差し有利","5着以内の最終コーナー位置（前1/3の頭数）","中（4 コーナー 7番手）","順行","1","4","4.5","","▲小林美","栗東 須貝","未取得","","","","","","","netkeiba 結果ページ一次取得（通過順・着順・人気）",""
"順行（参考）","ハイティー","20260829","札幌04R","ダ1000","稍","12","差し有利","5着以内の最終コーナー位置（前1/3の頭数）","中（4 コーナー 5番手）","順行","4","1","2.8","","武豊","美浦 木村","未取得","","","","","","","netkeiba 結果ページ一次取得（通過順・着順・人気）",""
"順行（参考）","スマートコーラル","20260829","札幌04R","ダ1000","稍","12","差し有利","5着以内の最終コーナー位置（前1/3の頭数）","中（4 コーナー 6番手）","順行","5","3","4.0","","◇古川奈","栗東 石坂","未取得","","","","","","","netkeiba 結果ページ一次取得（通過順・着順・人気）",""
"順行（参考）","ユーフォナイト","20260829","札幌05R","ダ1700","稍","14","前有利","5着以内の最終コーナー位置（前1/3の頭数）","前（4 コーナー 4番手）","順行","1","3","4.9","","武豊","美浦 加藤征","未取得","","","","","","","netkeiba 結果ページ一次取得（通過順・着順・人気）",""
"順行（参考）","フィールザウィル","20260829","札幌05R","ダ1700","稍","14","前有利","5着以内の最終コーナー位置（前1/3の頭数）","前（4 コーナー 1番手）","順行","2","6","17.1","","小沢","美浦 伊藤大","未取得","","","","","","","netkeiba 結果ページ一次取得（通過順・着順・人気）",""
"順行（参考）","モントリオール","20260829","札幌05R","ダ1700","稍","14","前有利","5着以内の最終コーナー位置（前1/3の頭数）","前（4 コーナー 3番手）","順行","4","2","4.7","","横山武","美浦 松尾","未取得","","","","","","","netkeiba 結果ページ一次取得（通過順・着順・人気）",""
"順行（参考）","ランウェイミューズ","20260829","札幌06R","芝1500","稍","14","差し有利","5着以内の最終コーナー位置（前1/3の頭数）","後（4 コーナー 11番手）","順行","2","3","7.7","","丹内","美浦 竹内","未取得","","","","","","","netkeiba 結果ページ一次取得（通過順・着順・人気）",""
"順行（参考）","ヒルノボローニャ","20260829","札幌06R","芝1500","稍","14","差し有利","5着以内の最終コーナー位置（前1/3の頭数）","中（4 コーナー 7番手）","順行","3","8","17.8","","古川吉","栗東 昆","未取得","","","","","","","netkeiba 結果ページ一次取得（通過順・着順・人気）",""
"順行（参考）","ヒメヒオウギ","20260829","札幌06R","芝1500","稍","14","差し有利","5着以内の最終コーナー位置（前1/3の頭数）","中（4 コーナー 9番手）","順行","4","9","19.2","","★河原田","栗東 中竹","未取得","","","","","","","netkeiba 結果ページ一次取得（通過順・着順・人気）",""
"順行（参考）","ツルノマイハシ","20260829","札幌07R","芝1200","稍","16","前有利","5着以内の最終コーナー位置（前1/3の頭数）","前（4 コーナー 4番手）","順行","1","1","5.8","","武豊","美浦 杉浦","未取得","","","","","","","netkeiba 結果ページ一次取得（通過順・着順・人気）",""
"順行（参考）","スプリングデイ","20260829","札幌07R","芝1200","稍","16","前有利","5着以内の最終コーナー位置（前1/3の頭数）","前（4 コーナー 5番手）","順行","2","11","43.8","","黛","美浦 伊藤大","未取得","","","","","","","netkeiba 結果ページ一次取得（通過順・着順・人気）",""
"順行（参考）","ニルマーネル","20260829","札幌07R","芝1200","稍","16","前有利","5着以内の最終コーナー位置（前1/3の頭数）","前（4 コーナー 2番手）","順行","5","3","6.4","","横山和","美浦 小島","未取得","","","","","","","netkeiba 結果ページ一次取得（通過順・着順・人気）",""
"順行（参考）","スターオブロンドン","20260829","札幌08R","ダ1700","稍","10","差し有利","5着以内の最終コーナー位置（前1/3の頭数）","中（4 コーナー 6番手）","順行","1","5","7.2","","小沢","栗東 矢作","未取得","","","","","","","netkeiba 結果ページ一次取得（通過順・着順・人気）",""
"順行（参考）","レッドフロイデ","20260829","札幌08R","ダ1700","稍","10","差し有利","5着以内の最終コーナー位置（前1/3の頭数）","中（4 コーナー 5番手）","順行","3","4","5.5","","★河原田","栗東 大久保","未取得","","","","","","","netkeiba 結果ページ一次取得（通過順・着順・人気）",""
"順行（参考）","ロードアルディート","20260829","札幌08R","ダ1700","稍","10","差し有利","5着以内の最終コーナー位置（前1/3の頭数）","中（4 コーナー 4番手）","順行","4","3","5.2","","横山和","栗東 武幸","未取得","","","","","","","netkeiba 結果ページ一次取得（通過順・着順・人気）",""
"順行（参考）","アイドクレース","20260829","札幌09R","芝1800","稍","12","差し有利","5着以内の最終コーナー位置（前1/3の頭数）","中（4 コーナー 7番手）","順行","1","1","2.2","","横山武","美浦 金成","未取得","","","","","","","netkeiba 結果ページ一次取得（通過順・着順・人気）",""
"順行（参考）","マイバラード","20260829","札幌09R","芝1800","稍","12","差し有利","5着以内の最終コーナー位置（前1/3の頭数）","後（4 コーナー 9番手）","順行","2","9","45.3","","▲遠藤","美浦 松永康","未取得","","","","","","","netkeiba 結果ページ一次取得（通過順・着順・人気）",""
"順行（参考）","グランセゾン","20260829","札幌09R","芝1800","稍","12","差し有利","5着以内の最終コーナー位置（前1/3の頭数）","中（4 コーナー 5番手）","順行","5","2","4.6","","武豊","美浦 栗田","未取得","","","","","","","netkeiba 結果ページ一次取得（通過順・着順・人気）",""
"順行（参考）","ピンクゴールド","20260829","札幌10R","芝1200","稍","12","差し有利","5着以内の最終コーナー位置（前1/3の頭数）","後（4 コーナー 12番手）","順行","3","11","99.8","","小野楓","地方 小野望","未取得","","","","","","","netkeiba 結果ページ一次取得（通過順・着順・人気）",""
"順行（参考）","スハッチェ","20260829","札幌10R","芝1200","稍","12","差し有利","5着以内の最終コーナー位置（前1/3の頭数）","中（4 コーナー 7番手）","順行","4","12","151.3","","宮内勇","地方 川島洋","未取得","","","","","","","netkeiba 結果ページ一次取得（通過順・着順・人気）",""
"順行（参考）","ラビリンスティアラ","20260829","札幌10R","芝1200","稍","12","差し有利","5着以内の最終コーナー位置（前1/3の頭数）","中（4 コーナー 6番手）","順行","5","7","15.6","","石川倭","地方 村上正","未取得","","","","","","","netkeiba 結果ページ一次取得（通過順・着順・人気）",""
"順行（参考）","バルティカ","20260829","札幌11R","芝2000","稍","14","差し有利（強）","5着以内の最終コーナー位置（前1/3の頭数）","後（4 コーナー 12番手）","順行","2","2","5.4","","北村友","栗東 高橋亮","未取得","","","","","","","netkeiba 結果ページ一次取得（通過順・着順・人気）",""
"順行（参考）","ハニードレス","20260829","札幌11R","芝2000","稍","14","差し有利（強）","5着以内の最終コーナー位置（前1/3の頭数）","中（4 コーナー 9番手）","順行","3","7","15.2","","古川吉","美浦 牧","未取得","","","","","","","netkeiba 結果ページ一次取得（通過順・着順・人気）",""
"順行（参考）","マイネルフォルツァ","20260829","札幌11R","芝2000","稍","14","差し有利（強）","5着以内の最終コーナー位置（前1/3の頭数）","中（4 コーナー 10番手）","順行","4","9","29.3","","横山武","美浦 金成","未取得","","","","","","","netkeiba 結果ページ一次取得（通過順・着順・人気）",""
"順行（参考）","バースライト","20260829","札幌11R","芝2000","稍","14","差し有利（強）","5着以内の最終コーナー位置（前1/3の頭数）","後（4 コーナー 11番手）","順行","5","4","9.9","","吉田隼","栗東 武幸","未取得","","","","","","","netkeiba 結果ページ一次取得（通過順・着順・人気）",""
"順行（参考）","オンザムービー","20260829","札幌12R","ダ1700","稍","12","差し有利","5着以内の最終コーナー位置（前1/3の頭数）","中（4 コーナー 6番手）","順行","1","1","1.2","","横山和","栗東 牧田","未取得","","","","","","","netkeiba 結果ページ一次取得（通過順・着順・人気）",""
"順行（参考）","タガノエルー","20260829","札幌12R","ダ1700","稍","12","差し有利","5着以内の最終コーナー位置（前1/3の頭数）","中（4 コーナー 5番手）","順行","2","2","4.9","","古川吉","栗東 宮","未取得","","","","","","","netkeiba 結果ページ一次取得（通過順・着順・人気）",""
"順行（参考）","リメンバーヒム","20260829","札幌12R","ダ1700","稍","12","差し有利","5着以内の最終コーナー位置（前1/3の頭数）","中（4 コーナー 7番手）","順行","3","7","94.1","","小沢","栗東 浜田","未取得","","","","","","","netkeiba 結果ページ一次取得（通過順・着順・人気）",""
"順行（参考）","コスモルミナ","20260830","中京01R","芝1400","良","10","前有利","5着以内の最終コーナー位置（前1/3の頭数）","前（4 コーナー 3番手）","順行","2","4","7.5","","団野","栗東 宮地","未取得","","","","","","","netkeiba 結果ページ一次取得（通過順・着順・人気）",""
"順行（参考）","コジアン","20260830","中京01R","芝1400","良","10","前有利","5着以内の最終コーナー位置（前1/3の頭数）","前（4 コーナー 2番手）","順行","3","5","10.9","","吉村","栗東 小椋","未取得","","","","","","","netkeiba 結果ページ一次取得（通過順・着順・人気）",""
"順行（参考）","スターオブザイヤー","20260830","中京01R","芝1400","良","10","前有利","5着以内の最終コーナー位置（前1/3の頭数）","前（4 コーナー 1番手）","順行","5","2","5.5","","松若","栗東 井上","未取得","","","","","","","netkeiba 結果ページ一次取得（通過順・着順・人気）",""
"順行（参考）","メイショウセイクウ","20260830","中京02R","芝1600","良","10","差し有利","5着以内の最終コーナー位置（前1/3の頭数）","後（4 コーナー 10番手）","順行","1","5","15.7","","松若","栗東 荒川","未取得","","","","","","","netkeiba 結果ページ一次取得（通過順・着順・人気）",""
"順行（参考）","ナイトインチュニス","20260830","中京02R","芝1600","良","10","差し有利","5着以内の最終コーナー位置（前1/3の頭数）","中（4 コーナー 6番手）","順行","3","3","6.5","","団野","栗東 野中","未取得","","","","","","","netkeiba 結果ページ一次取得（通過順・着順・人気）",""
"順行（参考）","シャトンダンス","20260830","中京02R","芝1600","良","10","差し有利","5着以内の最終コーナー位置（前1/3の頭数）","中（4 コーナー 5番手）","順行","4","6","23.7","","吉村","栗東 東田","未取得","","","","","","","netkeiba 結果ページ一次取得（通過順・着順・人気）",""
"順行（参考）","ゴーイントゥノヴァ","20260830","中京03R","芝2000","良","11","差し有利","5着以内の最終コーナー位置（前1/3の頭数）","中（4 コーナー 5番手）","順行","1","3","5.8","","坂井","栗東 新谷","未取得","","","","","","","netkeiba 結果ページ一次取得（通過順・着順・人気）",""
"順行（参考）","ロードフローリス","20260830","中京03R","芝2000","良","11","差し有利","5着以内の最終コーナー位置（前1/3の頭数）","後（4 コーナー 10番手）","順行","4","5","7.2","","田口","栗東 小椋","未取得","","","","","","","netkeiba 結果ページ一次取得（通過順・着順・人気）",""
"順行（参考）","サイモンジェセル","20260830","中京03R","芝2000","良","11","差し有利","5着以内の最終コーナー位置（前1/3の頭数）","後（4 コーナー 11番手）","順行","5","10","58.6","","松山","栗東 梅田","未取得","","","","","","","netkeiba 結果ページ一次取得（通過順・着順・人気）",""
"順行（参考）","セッシュウ","20260830","中京04R","ダ1400","稍","16","前有利","5着以内の最終コーナー位置（前1/3の頭数）","前（4 コーナー 3番手）","順行","1","1","1.5","","団野","栗東 石橋","未取得","","","","","","","netkeiba 結果ページ一次取得（通過順・着順・人気）",""
"順行（参考）","ラッキーヴォーグ","20260830","中京04R","ダ1400","稍","16","前有利","5着以内の最終コーナー位置（前1/3の頭数）","前（4 コーナー 2番手）","順行","3","4","13.5","","西村淳","栗東 牧田","未取得","","","","","","","netkeiba 結果ページ一次取得（通過順・着順・人気）",""
"順行（参考）","サカトクフェイス","20260830","中京04R","ダ1400","稍","16","前有利","5着以内の最終コーナー位置（前1/3の頭数）","前（4 コーナー 4番手）","順行","5","11","100.1","","長岡","栗東 今野","未取得","","","","","","","netkeiba 結果ページ一次取得（通過順・着順・人気）",""
"順行（参考）","ステイクオール","20260830","中京05R","ダ1800","稍","13","差し有利","5着以内の最終コーナー位置（前1/3の頭数）","中（4 コーナー 6番手）","順行","3","5","12.3","","富田","栗東 上村","未取得","","","","","","","netkeiba 結果ページ一次取得（通過順・着順・人気）",""
"順行（参考）","ブームバップビート","20260830","中京05R","ダ1800","稍","13","差し有利","5着以内の最終コーナー位置（前1/3の頭数）","中（4 コーナー 7番手）","順行","4","1","2.3","","坂井","栗東 中内田","未取得","","","","","","","netkeiba 結果ページ一次取得（通過順・着順・人気）",""
"順行（参考）","ビービーバザーク","20260830","中京05R","ダ1800","稍","13","差し有利","5着以内の最終コーナー位置（前1/3の頭数）","中（4 コーナー 5番手）","順行","5","6","14.5","","西村淳","栗東 武幸","未取得","","","","","","","netkeiba 結果ページ一次取得（通過順・着順・人気）",""
"順行（参考）","ダンツシタン","20260830","中京06R","ダ1900","稍","16","前有利","5着以内の最終コーナー位置（前1/3の頭数）","前（4 コーナー 3番手）","順行","2","3","12.9","","太宰","栗東 本田","未取得","","","","","","","netkeiba 結果ページ一次取得（通過順・着順・人気）",""
"順行（参考）","レヴァンテシチー","20260830","中京06R","ダ1900","稍","16","前有利","5着以内の最終コーナー位置（前1/3の頭数）","前（4 コーナー 5番手）","順行","3","6","20.7","","松山","栗東 柴田","未取得","","","","","","","netkeiba 結果ページ一次取得（通過順・着順・人気）",""
"順行（参考）","ゴッドエスパーダ","20260830","中京06R","ダ1900","稍","16","前有利","5着以内の最終コーナー位置（前1/3の頭数）","前（4 コーナー 2番手）","順行","4","2","8.7","","角田和","栗東 角田","未取得","","","","","","","netkeiba 結果ページ一次取得（通過順・着順・人気）",""
"順行（参考）","ジーティーマイカ","20260830","中京07R","芝1400","良","9","差し有利（強）","5着以内の最終コーナー位置（前1/3の頭数）","後（4 コーナー 7番手）","順行","1","1","1.7","","松山","栗東 前川","未取得","","","","","","","netkeiba 結果ページ一次取得（通過順・着順・人気）",""
"順行（参考）","シスキンブルーム","20260830","中京07R","芝1400","良","9","差し有利（強）","5着以内の最終コーナー位置（前1/3の頭数）","中（4 コーナー 4番手）","順行","2","4","9.7","","団野","栗東 斉藤崇","未取得","","","","","","","netkeiba 結果ページ一次取得（通過順・着順・人気）",""
"順行（参考）","ビスケットサンド","20260830","中京07R","芝1400","良","9","差し有利（強）","5着以内の最終コーナー位置（前1/3の頭数）","中（4 コーナー 6番手）","順行","3","2","4.0","","北村友","栗東 佐藤悠","未取得","","","","","","","netkeiba 結果ページ一次取得（通過順・着順・人気）",""
"順行（参考）","サンタンジェロ","20260830","中京07R","芝1400","良","9","差し有利（強）","5着以内の最終コーナー位置（前1/3の頭数）","中（4 コーナー 5番手）","順行","5","3","5.4","","西村淳","栗東 須貝","未取得","","","","","","","netkeiba 結果ページ一次取得（通過順・着順・人気）",""
"順行（参考）","カフジエメンタール","20260830","中京08R","芝2200","良","15","前有利","5着以内の最終コーナー位置（前1/3の頭数）","前（4 コーナー 2番手）","順行","1","3","6.2","","坂井","栗東 矢作","未取得","","","","","","","netkeiba 結果ページ一次取得（通過順・着順・人気）",""
"順行（参考）","ジェットブレード","20260830","中京08R","芝2200","良","15","前有利","5着以内の最終コーナー位置（前1/3の頭数）","前（4 コーナー 1番手）","順行","4","14","200.4","","田口","美浦 青木","未取得","","","","","","","netkeiba 結果ページ一次取得（通過順・着順・人気）",""
"順行（参考）","スイートオレンジ","20260830","中京08R","芝2200","良","15","前有利","5着以内の最終コーナー位置（前1/3の頭数）","前（4 コーナー 3番手）","順行","5","9","28.8","","秋山稔","美浦 中川","未取得","","","","","","","netkeiba 結果ページ一次取得（通過順・着順・人気）",""
"順行（参考）","アキノビューティー","20260830","中京09R","ダ1800","稍","15","前有利","5着以内の最終コーナー位置（前1/3の頭数）","前（4 コーナー 2番手）","順行","1","1","2.8","","鮫島良","栗東 河嶋","未取得","","","","","","","netkeiba 結果ページ一次取得（通過順・着順・人気）",""
"順行（参考）","スマイルガーデン","20260830","中京09R","ダ1800","稍","15","前有利","5着以内の最終コーナー位置（前1/3の頭数）","前（4 コーナー 3番手）","順行","3","10","32.8","","西村淳","栗東 西村","未取得","","","","","","","netkeiba 結果ページ一次取得（通過順・着順・人気）",""
"順行（参考）","タガノアルテミス","20260830","中京09R","ダ1800","稍","15","前有利","5着以内の最終コーナー位置（前1/3の頭数）","前（4 コーナー 4番手）","順行","4","3","4.9","","松山","栗東 西園翔","未取得","","","","","","","netkeiba 結果ページ一次取得（通過順・着順・人気）",""
"順行（参考）","レッドヴァリアート","20260830","中京10R","芝2000","良","10","差し有利","5着以内の最終コーナー位置（前1/3の頭数）","後（4 コーナー 9番手）","順行","1","4","6.0","","西村淳","栗東 加藤公","未取得","","","","","","","netkeiba 結果ページ一次取得（通過順・着順・人気）",""
"順行（参考）","ゼンノインヴォーク","20260830","中京10R","芝2000","良","10","差し有利","5着以内の最終コーナー位置（前1/3の頭数）","中（4 コーナー 7番手）","順行","4","2","4.1","","幸","栗東 緒方","未取得","","","","","","","netkeiba 結果ページ一次取得（通過順・着順・人気）",""
"順行（参考）","ロードスタニング","20260830","中京10R","芝2000","良","10","差し有利","5着以内の最終コーナー位置（前1/3の頭数）","中（4 コーナー 6番手）","順行","5","1","2.4","","坂井","栗東 杉山晴","未取得","","","","","","","netkeiba 結果ページ一次取得（通過順・着順・人気）",""
"順行（参考）","カルロット","20260830","中京11R","芝1400","良","18","差し有利（強）","5着以内の最終コーナー位置（前1/3の頭数）","後（4 コーナー 14番手）","順行","1","3","6.2","","坂井","栗東 武幸","未取得","","","","","","","netkeiba 結果ページ一次取得（通過順・着順・人気）",""
"順行（参考）","パトローナス","20260830","中京11R","芝1400","良","18","差し有利（強）","5着以内の最終コーナー位置（前1/3の頭数）","中（4 コーナー 11番手）","順行","2","4","7.1","","吉村","栗東 高橋亮","未取得","","","","","","","netkeiba 結果ページ一次取得（通過順・着順・人気）",""
"順行（参考）","ハピネスサンライズ","20260830","中京11R","芝1400","良","18","差し有利（強）","5着以内の最終コーナー位置（前1/3の頭数）","中（4 コーナー 7番手）","順行","3","6","11.1","","松山","栗東 東田","未取得","","","","","","","netkeiba 結果ページ一次取得（通過順・着順・人気）",""
"順行（参考）","リントゥラウル","20260830","中京11R","芝1400","良","18","差し有利（強）","5着以内の最終コーナー位置（前1/3の頭数）","中（4 コーナー 12番手）","順行","5","5","10.3","","幸","栗東 秋山","未取得","","","","","","","netkeiba 結果ページ一次取得（通過順・着順・人気）",""
"順行（参考）","ダノンステート","20260830","中京12R","ダ1200","稍","14","差し有利","5着以内の最終コーナー位置（前1/3の頭数）","中（4 コーナー 6番手）","順行","1","6","19.8","","角田和","栗東 千田","未取得","","","","","","","netkeiba 結果ページ一次取得（通過順・着順・人気）",""
"順行（参考）","ヴォンドゥ","20260830","中京12R","ダ1200","稍","14","差し有利","5着以内の最終コーナー位置（前1/3の頭数）","中（4 コーナー 8番手）","順行","3","5","14.6","","▲森田","栗東 小栗","未取得","","","","","","","netkeiba 結果ページ一次取得（通過順・着順・人気）",""
"順行（参考）","サヨノパララックス","20260830","中京12R","ダ1200","稍","14","差し有利","5着以内の最終コーナー位置（前1/3の頭数）","中（4 コーナー 9番手）","順行","5","12","152.2","","川須","栗東 羽月","未取得","","","","","","","netkeiba 結果ページ一次取得（通過順・着順・人気）",""
"順行（参考）","ウラノグラフィア","20260830","新潟02R","ダ1800","良","12","前有利","5着以内の最終コーナー位置（前1/3の頭数）","前（4 コーナー 3番手）","順行","1","1","2.5","","岩田望","美浦 宮田","未取得","","","","","","","netkeiba 結果ページ一次取得（通過順・着順・人気）",""
"順行（参考）","レッドマウロア","20260830","新潟02R","ダ1800","良","12","前有利","5着以内の最終コーナー位置（前1/3の頭数）","前（4 コーナー 2番手）","順行","2","2","3.2","","川田","美浦 加藤征","未取得","","","","","","","netkeiba 結果ページ一次取得（通過順・着順・人気）",""
"順行（参考）","ウィザードシチー","20260830","新潟02R","ダ1800","良","12","前有利","5着以内の最終コーナー位置（前1/3の頭数）","前（4 コーナー 1番手）","順行","5","12","80.0","","亀田","栗東 北出","未取得","","","","","","","netkeiba 結果ページ一次取得（通過順・着順・人気）",""
"順行（参考）","ニシノリリックス","20260830","新潟03R","芝2000","良","8","差し有利（強）","5着以内の最終コーナー位置（前1/3の頭数）","後（4 コーナー 7番手）","順行","1","6","61.7","","石橋脩","美浦 小野","未取得","","","","","","","netkeiba 結果ページ一次取得（通過順・着順・人気）",""
"順行（参考）","ウイニングレイ","20260830","新潟03R","芝2000","良","8","差し有利（強）","5着以内の最終コーナー位置（前1/3の頭数）","中（4 コーナー 3番手）","順行","3","4","4.5","","岩田康","美浦 戸田","未取得","","","","","","","netkeiba 結果ページ一次取得（通過順・着順・人気）",""
"順行（参考）","ハンデンブレイズ","20260830","新潟03R","芝2000","良","8","差し有利（強）","5着以内の最終コーナー位置（前1/3の頭数）","中（4 コーナー 6番手）","順行","4","5","14.9","","小崎","美浦 伊藤大","未取得","","","","","","","netkeiba 結果ページ一次取得（通過順・着順・人気）",""
"順行（参考）","タイセイソアリング","20260830","新潟03R","芝2000","良","8","差し有利（強）","5着以内の最終コーナー位置（前1/3の頭数）","中（4 コーナー 5番手）","順行","5","3","4.1","","菊沢","美浦 池上","未取得","","","","","","","netkeiba 結果ページ一次取得（通過順・着順・人気）",""
"順行（参考）","チェスティーノ","20260830","新潟04R","芝1800","良","11","前有利","5着以内の最終コーナー位置（前1/3の頭数）","前（4 コーナー 3番手）","順行","1","1","1.7","","ルメー","美浦 鹿戸","未取得","","","","","","","netkeiba 結果ページ一次取得（通過順・着順・人気）",""
"順行（参考）","ダディーズレガリア","20260830","新潟04R","芝1800","良","11","前有利","5着以内の最終コーナー位置（前1/3の頭数）","前（4 コーナー 1番手）","順行","4","4","8.0","","岩田望","栗東 畑端","未取得","","","","","","","netkeiba 結果ページ一次取得（通過順・着順・人気）",""
"順行（参考）","ライヴテキーラ","20260830","新潟04R","芝1800","良","11","前有利","5着以内の最終コーナー位置（前1/3の頭数）","前（4 コーナー 2番手）","順行","5","9","95.1","","杉原","美浦 牧","未取得","","","","","","","netkeiba 結果ページ一次取得（通過順・着順・人気）",""
"順行（参考）","オンナキュヌヴィ","20260830","新潟05R","芝1400","良","18","差し有利","5着以内の最終コーナー位置（前1/3の頭数）","後（4 コーナー 17番手）","順行","3","2","5.0","","田辺","美浦 蛯名正","未取得","","","","","","","netkeiba 結果ページ一次取得（通過順・着順・人気）",""
"順行（参考）","ミクロスギガース","20260830","新潟05R","芝1400","良","18","差し有利","5着以内の最終コーナー位置（前1/3の頭数）","中（4 コーナー 11番手）","順行","4","8","27.5","","杉原","美浦 西田","未取得","","","","","","","netkeiba 結果ページ一次取得（通過順・着順・人気）",""
"順行（参考）","ペルウィクトール","20260830","新潟05R","芝1400","良","18","差し有利","5着以内の最終コーナー位置（前1/3の頭数）","後（4 コーナー 13番手）","順行","5","1","2.5","","岩田望","美浦 宮田","未取得","","","","","","","netkeiba 結果ページ一次取得（通過順・着順・人気）",""
"順行（参考）","ビービーアジャイル","20260830","新潟06R","ダ1800","良","15","前有利（強）","5着以内の最終コーナー位置（前1/3の頭数）","前（4 コーナー 5番手）","順行","1","1","1.9","","ルメー","美浦 中舘","未取得","","","","","","","netkeiba 結果ページ一次取得（通過順・着順・人気）",""
"順行（参考）","トゥーザムーン","20260830","新潟06R","ダ1800","良","15","前有利（強）","5着以内の最終コーナー位置（前1/3の頭数）","前（4 コーナー 3番手）","順行","2","7","24.8","","岩田康","美浦 辻","未取得","","","","","","","netkeiba 結果ページ一次取得（通過順・着順・人気）",""
"順行（参考）","ヴァイヴァーイ","20260830","新潟06R","ダ1800","良","15","前有利（強）","5着以内の最終コーナー位置（前1/3の頭数）","前（4 コーナー 1番手）","順行","3","6","15.1","","小崎","栗東 小崎","未取得","","","","","","","netkeiba 結果ページ一次取得（通過順・着順・人気）",""
"順行（参考）","クロドラバール","20260830","新潟06R","ダ1800","良","15","前有利（強）","5着以内の最終コーナー位置（前1/3の頭数）","前（4 コーナー 2番手）","順行","4","13","180.5","","池添","美浦 奥村武","未取得","","","","","","","netkeiba 結果ページ一次取得（通過順・着順・人気）",""
"順行（参考）","シャドウメテオ","20260830","新潟07R","芝2200","良","12","前有利","5着以内の最終コーナー位置（前1/3の頭数）","前（4 コーナー 3番手）","順行","1","5","9.0","","三浦","美浦 金成","未取得","","","","","","","netkeiba 結果ページ一次取得（通過順・着順・人気）",""
"順行（参考）","ウインデイジー","20260830","新潟07R","芝2200","良","12","前有利","5着以内の最終コーナー位置（前1/3の頭数）","前（4 コーナー 1番手）","順行","2","7","32.3","","岩田康","栗東 宮","未取得","","","","","","","netkeiba 結果ページ一次取得（通過順・着順・人気）",""
"順行（参考）","ベンサレム","20260830","新潟07R","芝2200","良","12","前有利","5着以内の最終コーナー位置（前1/3の頭数）","前（4 コーナー 2番手）","順行","5","6","14.9","","岩田望","美浦 稲垣","未取得","","","","","","","netkeiba 結果ページ一次取得（通過順・着順・人気）",""
"順行（参考）","ゾロアストロ","20260830","新潟08R","芝2000","稍","11","差し有利（強）","5着以内の最終コーナー位置（前1/3の頭数）","中（4 コーナー 6番手）","順行","1","2","3.5","","岩田望","美浦 宮田","未取得","","","","","","","netkeiba 結果ページ一次取得（通過順・着順・人気）",""
"順行（参考）","ロデオドライブ","20260830","新潟08R","芝2000","稍","11","差し有利（強）","5着以内の最終コーナー位置（前1/3の頭数）","中（4 コーナー 4番手）","順行","2","3","3.7","","ルメー","美浦 辻","未取得","","","","","","","netkeiba 結果ページ一次取得（通過順・着順・人気）",""
"順行（参考）","ダノンシーマ","20260830","新潟08R","芝2000","稍","11","差し有利（強）","5着以内の最終コーナー位置（前1/3の頭数）","中（4 コーナー 5番手）","順行","3","1","3.2","","川田","栗東 中内田","未取得","","","","","","","netkeiba 結果ページ一次取得（通過順・着順・人気）",""
"順行（参考）","アーバンシック","20260830","新潟08R","芝2000","稍","11","差し有利（強）","5着以内の最終コーナー位置（前1/3の頭数）","中（4 コーナー 8番手）","順行","5","7","18.4","","三浦","美浦 武井","未取得","","","","","","","netkeiba 結果ページ一次取得（通過順・着順・人気）",""
"順行（参考）","パワポケウォーズ","20260830","新潟10R","ダ1800","稍","15","差し有利","5着以内の最終コーナー位置（前1/3の頭数）","中（4 コーナー 9番手）","順行","3","8","27.4","","▲上里","美浦 大和田","未取得","","","","","","","netkeiba 結果ページ一次取得（通過順・着順・人気）",""
"順行（参考）","カノープス","20260830","新潟10R","ダ1800","稍","15","差し有利","5着以内の最終コーナー位置（前1/3の頭数）","中（4 コーナー 7番手）","順行","4","11","81.4","","△石田","美浦 辻","未取得","","","","","","","netkeiba 結果ページ一次取得（通過順・着順・人気）",""
"順行（参考）","カーボフリオ","20260830","新潟10R","ダ1800","稍","15","差し有利","5着以内の最終コーナー位置（前1/3の頭数）","後（4 コーナー 11番手）","順行","5","4","11.8","","ミシェ","美浦 高木","未取得","","","","","","","netkeiba 結果ページ一次取得（通過順・着順・人気）",""
"順行（参考）","タッセルノット","20260830","新潟11R","芝1800","稍","13","差し有利（強）","5着以内の最終コーナー位置（前1/3の頭数）","中（4 コーナー 7番手）","順行","1","1","2.3","","戸崎圭","美浦 林","未取得","","","","","","","netkeiba 結果ページ一次取得（通過順・着順・人気）",""
"順行（参考）","ダーリングハースト","20260830","新潟11R","芝1800","稍","13","差し有利（強）","5着以内の最終コーナー位置（前1/3の頭数）","中（4 コーナー 9番手）","順行","2","2","3.2","","岩田望","美浦 宮田","未取得","","","","","","","netkeiba 結果ページ一次取得（通過順・着順・人気）",""
"順行（参考）","シェーンシュティア","20260830","新潟11R","芝1800","稍","13","差し有利（強）","5着以内の最終コーナー位置（前1/3の頭数）","後（4 コーナー 11番手）","順行","3","3","7.1","","杉原","美浦 林","未取得","","","","","","","netkeiba 結果ページ一次取得（通過順・着順・人気）",""
"順行（参考）","シアブリス","20260830","新潟11R","芝1800","稍","13","差し有利（強）","5着以内の最終コーナー位置（前1/3の頭数）","中（4 コーナー 8番手）","順行","4","4","10.3","","三浦","美浦 手塚徳","未取得","","","","","","","netkeiba 結果ページ一次取得（通過順・着順・人気）",""
"順行（参考）","ニシノコマチムスメ","20260830","新潟11R","芝1800","稍","13","差し有利（強）","5着以内の最終コーナー位置（前1/3の頭数）","後（4 コーナー 10番手）","順行","5","8","34.2","","菊沢","美浦 松山","未取得","","","","","","","netkeiba 結果ページ一次取得（通過順・着順・人気）",""
"順行（参考）","ジャックナダル","20260830","新潟12R","ダ1200","稍","15","前有利（強）","5着以内の最終コーナー位置（前1/3の頭数）","前（4 コーナー 3番手）","順行","1","1","2.5","","川田","美浦 伊坂","未取得","","","","","","","netkeiba 結果ページ一次取得（通過順・着順・人気）",""
"順行（参考）","サトノエスケープ","20260830","新潟12R","ダ1200","稍","15","前有利（強）","5着以内の最終コーナー位置（前1/3の頭数）","前（4 コーナー 4番手）","順行","2","2","3.0","","田辺","美浦 久保田","未取得","","","","","","","netkeiba 結果ページ一次取得（通過順・着順・人気）",""
"順行（参考）","ラベンダーヘイズ","20260830","新潟12R","ダ1200","稍","15","前有利（強）","5着以内の最終コーナー位置（前1/3の頭数）","前（4 コーナー 5番手）","順行","3","3","6.3","","小崎","美浦 岩戸","未取得","","","","","","","netkeiba 結果ページ一次取得（通過順・着順・人気）",""
"順行（参考）","ガルディーノ","20260830","新潟12R","ダ1200","稍","15","前有利（強）","5着以内の最終コーナー位置（前1/3の頭数）","前（4 コーナー 1番手）","順行","4","5","14.1","","△石田","美浦 新開","未取得","","","","","","","netkeiba 結果ページ一次取得（通過順・着順・人気）",""
"順行（参考）","タガノシルフィー","20260830","札幌01R","ダ1700","稍","14","差し有利（強）","5着以内の最終コーナー位置（前1/3の頭数）","中（4 コーナー 10番手）","順行","1","3","5.2","","横山和","栗東 石橋","未取得","","","","","","","netkeiba 結果ページ一次取得（通過順・着順・人気）",""
"順行（参考）","テンレッドサン","20260830","札幌01R","ダ1700","稍","14","差し有利（強）","5着以内の最終コーナー位置（前1/3の頭数）","中（4 コーナー 6番手）","順行","2","6","12.7","","横山武","栗東 西園翔","未取得","","","","","","","netkeiba 結果ページ一次取得（通過順・着順・人気）",""
"順行（参考）","エリカビアリッツ","20260830","札幌01R","ダ1700","稍","14","差し有利（強）","5着以内の最終コーナー位置（前1/3の頭数）","中（4 コーナー 8番手）","順行","3","2","3.8","","鮫島駿","美浦 堀","未取得","","","","","","","netkeiba 結果ページ一次取得（通過順・着順・人気）",""
"順行（参考）","サンセリテ","20260830","札幌01R","ダ1700","稍","14","差し有利（強）","5着以内の最終コーナー位置（前1/3の頭数）","中（4 コーナー 9番手）","順行","4","9","27.5","","武豊","美浦 鹿戸","未取得","","","","","","","netkeiba 結果ページ一次取得（通過順・着順・人気）",""
"順行（参考）","ウォータースパウト","20260830","札幌01R","ダ1700","稍","14","差し有利（強）","5着以内の最終コーナー位置（前1/3の頭数）","中（4 コーナー 7番手）","順行","5","4","10.2","","吉田隼","美浦 小笠","未取得","","","","","","","netkeiba 結果ページ一次取得（通過順・着順・人気）",""
"順行（参考）","ギャルズマインド","20260830","札幌02R","芝1200","良","14","前有利（強）","5着以内の最終コーナー位置（前1/3の頭数）","前（4 コーナー 3番手）","順行","1","3","5.5","","浜中","栗東 武幸","未取得","","","","","","","netkeiba 結果ページ一次取得（通過順・着順・人気）",""
"順行（参考）","アルテクィーン","20260830","札幌02R","芝1200","良","14","前有利（強）","5着以内の最終コーナー位置（前1/3の頭数）","前（4 コーナー 2番手）","順行","2","2","4.1","","鮫島駿","栗東 杉山晴","未取得","","","","","","","netkeiba 結果ページ一次取得（通過順・着順・人気）",""
"順行（参考）","ミハテヌユメ","20260830","札幌02R","芝1200","良","14","前有利（強）","5着以内の最終コーナー位置（前1/3の頭数）","前（4 コーナー 1番手）","順行","3","5","28.6","","▲小林美","栗東 前川","未取得","","","","","","","netkeiba 結果ページ一次取得（通過順・着順・人気）","4角で単独先頭（2馬身以上）：楽逃げの可能性・人間確認"
"順行（参考）","キャンドル","20260830","札幌02R","芝1200","良","14","前有利（強）","5着以内の最終コーナー位置（前1/3の頭数）","前（4 コーナー 4番手）","順行","5","10","89.4","","横山琉","栗東 清水久","未取得","","","","","","","netkeiba 結果ページ一次取得（通過順・着順・人気）",""
"順行（参考）","クリコイーコ","20260830","札幌03R","ダ1700","稍","14","差し有利（強）","5着以内の最終コーナー位置（前1/3の頭数）","中（4 コーナー 6番手）","順行","2","11","78.0","","吉田隼","栗東 荒川","未取得","","","","","","","netkeiba 結果ページ一次取得（通過順・着順・人気）",""
"順行（参考）","サクセスブルー","20260830","札幌03R","ダ1700","稍","14","差し有利（強）","5着以内の最終コーナー位置（前1/3の頭数）","中（4 コーナー 7番手）","順行","3","8","17.1","","丹内","美浦 秋本","未取得","","","","","","","netkeiba 結果ページ一次取得（通過順・着順・人気）",""
"順行（参考）","ヨドノサファイア","20260830","札幌03R","ダ1700","稍","14","差し有利（強）","5着以内の最終コーナー位置（前1/3の頭数）","中（4 コーナー 5番手）","順行","4","9","22.2","","石川倭","美浦 稲垣","未取得","","","","","","","netkeiba 結果ページ一次取得（通過順・着順・人気）",""
"順行（参考）","ダンツアラーム","20260830","札幌03R","ダ1700","稍","14","差し有利（強）","5着以内の最終コーナー位置（前1/3の頭数）","中（4 コーナー 9番手）","順行","5","12","81.8","","黛","栗東 本田","未取得","","","","","","","netkeiba 結果ページ一次取得（通過順・着順・人気）",""
"順行（参考）","デルマフジ","20260830","札幌04R","芝2000","良","16","差し有利（強）","5着以内の最終コーナー位置（前1/3の頭数）","中（4 コーナー 11番手）","順行","1","1","3.8","","浜中","栗東 武幸","未取得","","","","","","","netkeiba 結果ページ一次取得（通過順・着順・人気）",""
"順行（参考）","インテンスゲイズ","20260830","札幌04R","芝2000","良","16","差し有利（強）","5着以内の最終コーナー位置（前1/3の頭数）","中（4 コーナー 8番手）","順行","2","11","33.4","","斎藤","美浦 矢嶋","未取得","","","","","","","netkeiba 結果ページ一次取得（通過順・着順・人気）",""
"順行（参考）","ワダツミ","20260830","札幌04R","芝2000","良","16","差し有利（強）","5着以内の最終コーナー位置（前1/3の頭数）","後（4 コーナー 16番手）","順行","4","6","16.0","","▲小林美","栗東 笹田","未取得","","","","","","","netkeiba 結果ページ一次取得（通過順・着順・人気）",""
"順行（参考）","アート","20260830","札幌04R","芝2000","良","16","差し有利（強）","5着以内の最終コーナー位置（前1/3の頭数）","後（4 コーナー 14番手）","順行","5","8","26.3","","鮫島駿","栗東 杉山晴","未取得","","","","","","","netkeiba 結果ページ一次取得（通過順・着順・人気）",""
"順行（参考）","ヴァンクライ","20260830","札幌05R","芝1800","良","8","差し有利（強）","5着以内の最終コーナー位置（前1/3の頭数）","中（4 コーナー 3番手）","順行","1","1","1.7","","武豊","栗東 須貝","未取得","","","","","","","netkeiba 結果ページ一次取得（通過順・着順・人気）",""
"順行（参考）","イルリサット","20260830","札幌05R","芝1800","良","8","差し有利（強）","5着以内の最終コーナー位置（前1/3の頭数）","中（4 コーナー 4番手）","順行","2","2","2.6","","横山武","美浦 菊沢","未取得","","","","","","","netkeiba 結果ページ一次取得（通過順・着順・人気）",""
"順行（参考）","トーセンイルン","20260830","札幌05R","芝1800","良","8","差し有利（強）","5着以内の最終コーナー位置（前1/3の頭数）","中（4 コーナー 5番手）","順行","3","5","18.7","","☆長浜","美浦 小笠","未取得","","","","","","","netkeiba 結果ページ一次取得（通過順・着順・人気）",""
"順行（参考）","コーズウルルン","20260830","札幌05R","芝1800","良","8","差し有利（強）","5着以内の最終コーナー位置（前1/3の頭数）","後（4 コーナー 7番手）","順行","4","8","57.2","","石川倭","美浦 伊藤圭","未取得","","","","","","","netkeiba 結果ページ一次取得（通過順・着順・人気）",""
"順行（参考）","トワイライトローズ","20260830","札幌05R","芝1800","良","8","差し有利（強）","5着以内の最終コーナー位置（前1/3の頭数）","中（4 コーナー 6番手）","順行","5","3","8.7","","浜中","栗東 秋山","未取得","","","","","","","netkeiba 結果ページ一次取得（通過順・着順・人気）",""
"順行（参考）","スリーケイ","20260830","札幌06R","ダ1700","稍","12","前有利（強）","5着以内の最終コーナー位置（前1/3の頭数）","前（4 コーナー 2番手）","順行","1","3","6.1","","斎藤","栗東 高橋一","未取得","","","","","","","netkeiba 結果ページ一次取得（通過順・着順・人気）",""
"順行（参考）","ルージュボニート","20260830","札幌06R","ダ1700","稍","12","前有利（強）","5着以内の最終コーナー位置（前1/3の頭数）","前（4 コーナー 1番手）","順行","2","1","2.1","","横山武","美浦 高柳瑞","未取得","","","","","","","netkeiba 結果ページ一次取得（通過順・着順・人気）",""
"順行（参考）","ヴェールミューズ","20260830","札幌06R","ダ1700","稍","12","前有利（強）","5着以内の最終コーナー位置（前1/3の頭数）","前（4 コーナー 3番手）","順行","3","2","6.0","","鮫島駿","栗東 浜田","未取得","","","","","","","netkeiba 結果ページ一次取得（通過順・着順・人気）",""
"順行（参考）","ルージュリヴィエラ","20260830","札幌06R","ダ1700","稍","12","前有利（強）","5着以内の最終コーナー位置（前1/3の頭数）","前（4 コーナー 4番手）","順行","4","6","11.3","","▲佐藤","美浦 嘉藤","未取得","","","","","","","netkeiba 結果ページ一次取得（通過順・着順・人気）",""
"順行（参考）","プルミエールパス","20260830","札幌07R","ダ1000","稍","12","前有利（強）","5着以内の最終コーナー位置（前1/3の頭数）","前（4 コーナー 2番手）","順行","1","3","4.2","","川又","栗東 河嶋","未取得","","","","","","","netkeiba 結果ページ一次取得（通過順・着順・人気）",""
"順行（参考）","ワイドデコラシオン","20260830","札幌07R","ダ1000","稍","12","前有利（強）","5着以内の最終コーナー位置（前1/3の頭数）","前（4 コーナー 3番手）","順行","3","1","2.5","","横山武","栗東 辻野","未取得","","","","","","","netkeiba 結果ページ一次取得（通過順・着順・人気）",""
"順行（参考）","スパークルジョイ","20260830","札幌07R","ダ1000","稍","12","前有利（強）","5着以内の最終コーナー位置（前1/3の頭数）","前（4 コーナー 1番手）","順行","4","9","41.1","","小沢","栗東 前川","未取得","","","","","","","netkeiba 結果ページ一次取得（通過順・着順・人気）",""
"順行（参考）","ヨドノゴールド","20260830","札幌07R","ダ1000","稍","12","前有利（強）","5着以内の最終コーナー位置（前1/3の頭数）","前（4 コーナー 4番手）","順行","5","2","4.0","","石川倭","栗東 橋田","未取得","","","","","","","netkeiba 結果ページ一次取得（通過順・着順・人気）",""
"順行（参考）","ネッタイヤライ","20260830","札幌08R","芝1500","良","14","前有利（強）","5着以内の最終コーナー位置（前1/3の頭数）","前（4 コーナー 2番手）","順行","1","1","2.9","","横山武","栗東 矢作","未取得","","","","","","","netkeiba 結果ページ一次取得（通過順・着順・人気）",""
"順行（参考）","ルクスアドラー","20260830","札幌08R","芝1500","良","14","前有利（強）","5着以内の最終コーナー位置（前1/3の頭数）","前（4 コーナー 3番手）","順行","2","3","4.8","","横山典","美浦 平岩","未取得","","","","","","","netkeiba 結果ページ一次取得（通過順・着順・人気）",""
"順行（参考）","ファンクション","20260830","札幌08R","芝1500","良","14","前有利（強）","5着以内の最終コーナー位置（前1/3の頭数）","前（4 コーナー 1番手）","順行","3","2","3.4","","斎藤","美浦 斎藤誠","未取得","","","","","","","netkeiba 結果ページ一次取得（通過順・着順・人気）",""
"順行（参考）","メメボス","20260830","札幌08R","芝1500","良","14","前有利（強）","5着以内の最終コーナー位置（前1/3の頭数）","前（4 コーナー 4番手）","順行","5","8","41.6","","古川吉","栗東 飯田","未取得","","","","","","","netkeiba 結果ページ一次取得（通過順・着順・人気）",""
"順行（参考）","サマーナイト","20260830","札幌09R","ダ1700","稍","11","前有利","5着以内の最終コーナー位置（前1/3の頭数）","前（4 コーナー 3番手）","順行","1","3","4.5","","★河原田","栗東 寺島","未取得","","","","","","","netkeiba 結果ページ一次取得（通過順・着順・人気）",""
"順行（参考）","ブリオメンテ","20260830","札幌09R","ダ1700","稍","11","前有利","5着以内の最終コーナー位置（前1/3の頭数）","前（4 コーナー 2番手）","順行","2","1","3.8","","武豊","栗東 千田","未取得","","","","","","","netkeiba 結果ページ一次取得（通過順・着順・人気）",""
"順行（参考）","チェイサー","20260830","札幌09R","ダ1700","稍","11","前有利","5着以内の最終コーナー位置（前1/3の頭数）","前（4 コーナー 1番手）","順行","5","2","4.4","","▲佐藤","美浦 相沢","未取得","","","","","","","netkeiba 結果ページ一次取得（通過順・着順・人気）",""
"順行（参考）","サトノワーグナー","20260830","札幌10R","芝1200","良","16","前有利（強）","5着以内の最終コーナー位置（前1/3の頭数）","前（4 コーナー 3番手）","順行","1","1","3.6","","横山武","美浦 斎藤誠","未取得","","","","","","","netkeiba 結果ページ一次取得（通過順・着順・人気）",""
"順行（参考）","ファビュラススター","20260830","札幌10R","芝1200","良","16","前有利（強）","5着以内の最終コーナー位置（前1/3の頭数）","前（4 コーナー 1番手）","順行","2","10","22.2","","丹内","栗東 新谷","未取得","","","","","","","netkeiba 結果ページ一次取得（通過順・着順・人気）",""
"順行（参考）","ララバニュルス","20260830","札幌10R","芝1200","良","16","前有利（強）","5着以内の最終コーナー位置（前1/3の頭数）","前（4 コーナー 5番手）","順行","4","4","8.4","","藤懸","美浦 大竹","未取得","","","","","","","netkeiba 結果ページ一次取得（通過順・着順・人気）",""
"順行（参考）","デンプシー","20260830","札幌10R","芝1200","良","16","前有利（強）","5着以内の最終コーナー位置（前1/3の頭数）","前（4 コーナー 2番手）","順行","5","2","3.6","","横山和","美浦 上原佑","未取得","","","","","","","netkeiba 結果ページ一次取得（通過順・着順・人気）",""
"順行（参考）","モンドデラモーレ","20260830","札幌11R","芝1500","良","14","差し有利","5着以内の最終コーナー位置（前1/3の頭数）","中（4 コーナー 6番手）","順行","2","1","4.1","","大野","美浦 千葉","未取得","","","","","","","netkeiba 結果ページ一次取得（通過順・着順・人気）",""
"順行（参考）","エフォートレス","20260830","札幌11R","芝1500","良","14","差し有利","5着以内の最終コーナー位置（前1/3の頭数）","後（4 コーナー 11番手）","順行","3","5","8.5","","横山和","美浦 嘉藤","未取得","","","","","","","netkeiba 結果ページ一次取得（通過順・着順・人気）",""
"順行（参考）","ダノンミッション","20260830","札幌11R","芝1500","良","14","差し有利","5着以内の最終コーナー位置（前1/3の頭数）","中（4 コーナー 8番手）","順行","5","4","6.7","","石川倭","美浦 堀","未取得","","","","","","","netkeiba 結果ページ一次取得（通過順・着順・人気）",""
"順行（参考）","タケルフォーカス","20260830","札幌12R","芝2600","良","14","前有利","5着以内の最終コーナー位置（前1/3の頭数）","前（4 コーナー 2番手）","順行","1","6","11.1","","古川吉","栗東 四位","未取得","","","","","","","netkeiba 結果ページ一次取得（通過順・着順・人気）",""
"順行（参考）","ディーリライズ","20260830","札幌12R","芝2600","良","14","前有利","5着以内の最終コーナー位置（前1/3の頭数）","前（4 コーナー 3番手）","順行","3","5","9.9","","浜中","栗東 緒方","未取得","","","","","","","netkeiba 結果ページ一次取得（通過順・着順・人気）",""
"順行（参考）","ミッドタウンナイト","20260830","札幌12R","芝2600","良","14","前有利","5着以内の最終コーナー位置（前1/3の頭数）","前（4 コーナー 1番手）","順行","5","12","168.3","","荻野琢","栗東 河嶋","未取得","","","","","","","netkeiba 結果ページ一次取得（通過順・着順・人気）",""
"順行（参考）","ココナッツコースト","20260905","中山02R","芝1600","稍","16","差し有利","5着以内の最終コーナー位置（前1/3の頭数）","中（4 コーナー 6番手）","順行","3","3","5.4","","ルメー","美浦 木村","未取得","","","","","","","netkeiba 結果ページ一次取得（通過順・着順・人気）",""
"順行（参考）","ダノンドナウ","20260905","中山02R","芝1600","稍","16","差し有利","5着以内の最終コーナー位置（前1/3の頭数）","中（4 コーナー 8番手）","順行","4","4","8.7","","菊沢","美浦 菊沢","未取得","","","","","","","netkeiba 結果ページ一次取得（通過順・着順・人気）",""
"順行（参考）","フクオトコ","20260905","中山02R","芝1600","稍","16","差し有利","5着以内の最終コーナー位置（前1/3の頭数）","中（4 コーナー 11番手）","順行","5","5","12.9","","杉原","美浦 菊沢","未取得","","","","","","","netkeiba 結果ページ一次取得（通過順・着順・人気）",""
"順行（参考）","ハイビスカス","20260905","中山03R","ダ1800","重","10","差し有利","5着以内の最終コーナー位置（前1/3の頭数）","中（4 コーナー 5番手）","順行","2","3","6.8","","大野","美浦 杉浦","未取得","","","","","","","netkeiba 結果ページ一次取得（通過順・着順・人気）",""
"順行（参考）","サスケソルトバーン","20260905","中山03R","ダ1800","重","10","差し有利","5着以内の最終コーナー位置（前1/3の頭数）","後（4 コーナー 10番手）","順行","4","9","70.6","","▲佐藤","美浦 和田雄","未取得","","","","","","","netkeiba 結果ページ一次取得（通過順・着順・人気）",""
"順行（参考）","ブロンクス","20260905","中山03R","ダ1800","重","10","差し有利","5着以内の最終コーナー位置（前1/3の頭数）","後（4 コーナー 8番手）","順行","5","5","13.9","","△石神道","美浦 武井","未取得","","","","","","","netkeiba 結果ページ一次取得（通過順・着順・人気）",""
"順行（参考）","ソウカイウォーリア","20260905","中山04R","芝1800","稍","11","前有利","5着以内の最終コーナー位置（前1/3の頭数）","前（4 コーナー 3番手）","順行","2","4","9.6","","戸崎圭","美浦 尾関","未取得","","","","","","","netkeiba 結果ページ一次取得（通過順・着順・人気）",""
"順行（参考）","コウサイリクリ","20260905","中山04R","芝1800","稍","11","前有利","5着以内の最終コーナー位置（前1/3の頭数）","前（4 コーナー 1番手）","順行","3","3","7.5","","柴田大","美浦 粕谷","未取得","","","","","","","netkeiba 結果ページ一次取得（通過順・着順・人気）",""
"順行（参考）","グルドロッティン","20260905","中山04R","芝1800","稍","11","前有利","5着以内の最終コーナー位置（前1/3の頭数）","前（4 コーナー 2番手）","順行","5","1","1.7","","ルメー","美浦 矢嶋","未取得","","","","","","","netkeiba 結果ページ一次取得（通過順・着順・人気）",""
"順行（参考）","ヴェトロテンペスタ","20260905","中山05R","芝2000","良","11","前有利","5着以内の最終コーナー位置（前1/3の頭数）","前（4 コーナー 1番手）","順行","1","3","4.1","","ルメー","美浦 田中博","未取得","","","","","","","netkeiba 結果ページ一次取得（通過順・着順・人気）",""
"順行（参考）","グランエール","20260905","中山05R","芝2000","良","11","前有利","5着以内の最終コーナー位置（前1/3の頭数）","前（4 コーナー 3番手）","順行","3","2","3.2","","武豊","栗東 高柳大","未取得","","","","","","","netkeiba 結果ページ一次取得（通過順・着順・人気）",""
"順行（参考）","カエンフォース","20260905","中山05R","芝2000","良","11","前有利","5着以内の最終コーナー位置（前1/3の頭数）","前（4 コーナー 2番手）","順行","5","9","68.6","","三浦","栗東 中村","未取得","","","","","","","netkeiba 結果ページ一次取得（通過順・着順・人気）",""
"順行（参考）","ポッドビート","20260905","中山06R","ダ1200","重","14","前有利","5着以内の最終コーナー位置（前1/3の頭数）","前（4 コーナー 1番手）","順行","1","1","1.8","","武豊","美浦 伊藤圭","未取得","","","","","","","netkeiba 結果ページ一次取得（通過順・着順・人気）","4角で単独先頭（2馬身以上）：楽逃げの可能性・人間確認"
"順行（参考）","アルビオンライズ","20260905","中山06R","ダ1200","重","14","前有利","5着以内の最終コーナー位置（前1/3の頭数）","前（4 コーナー 2番手）","順行","2","3","5.5","","ミシェ","美浦 和田郎","未取得","","","","","","","netkeiba 結果ページ一次取得（通過順・着順・人気）",""
"順行（参考）","ルスデルカミーノ","20260905","中山06R","ダ1200","重","14","前有利","5着以内の最終コーナー位置（前1/3の頭数）","前（4 コーナー 4番手）","順行","4","5","11.8","","大野","美浦 杉浦","未取得","","","","","","","netkeiba 結果ページ一次取得（通過順・着順・人気）",""
"順行（参考）","ホウオウファミリー","20260905","中山07R","ダ1800","重","16","前有利","5着以内の最終コーナー位置（前1/3の頭数）","前（4 コーナー 1番手）","順行","2","1","2.9","","戸崎圭","美浦 田中博","未取得","","","","","","","netkeiba 結果ページ一次取得（通過順・着順・人気）",""
"順行（参考）","マイネルオランチア","20260905","中山07R","ダ1800","重","16","前有利","5着以内の最終コーナー位置（前1/3の頭数）","前（4 コーナー 3番手）","順行","4","5","9.6","","横山武","美浦 小手川","未取得","","","","","","","netkeiba 結果ページ一次取得（通過順・着順・人気）",""
"順行（参考）","デルマザオウ","20260905","中山07R","ダ1800","重","16","前有利","5着以内の最終コーナー位置（前1/3の頭数）","前（4 コーナー 5番手）","順行","5","6","10.9","","小崎","美浦 松山","未取得","","","","","","","netkeiba 結果ページ一次取得（通過順・着順・人気）",""
"順行（参考）","マサノピンクレディ","20260905","中山08R","ダ1200","重","16","前有利（強）","5着以内の最終コーナー位置（前1/3の頭数）","前（4 コーナー 1番手）","順行","1","3","5.9","","横山武","美浦 小笠","未取得","","","","","","","netkeiba 結果ページ一次取得（通過順・着順・人気）",""
"順行（参考）","カンレイスター","20260905","中山08R","ダ1200","重","16","前有利（強）","5着以内の最終コーナー位置（前1/3の頭数）","前（4 コーナー 3番手）","順行","2","1","3.6","","◇今村","美浦 矢野","未取得","","","","","","","netkeiba 結果ページ一次取得（通過順・着順・人気）",""
"順行（参考）","コウジハラ","20260905","中山08R","ダ1200","重","16","前有利（強）","5着以内の最終コーナー位置（前1/3の頭数）","前（4 コーナー 2番手）","順行","3","8","16.6","","ミシェ","美浦 西田","未取得","","","","","","","netkeiba 結果ページ一次取得（通過順・着順・人気）",""
"順行（参考）","ローズブーケ","20260905","中山08R","ダ1200","重","16","前有利（強）","5着以内の最終コーナー位置（前1/3の頭数）","前（4 コーナー 4番手）","順行","5","4","6.5","","津村","美浦 鈴木伸","未取得","","","","","","","netkeiba 結果ページ一次取得（通過順・着順・人気）",""
"順行（参考）","ショウナンダイン","20260905","中山09R","芝1800","良","15","差し有利","5着以内の最終コーナー位置（前1/3の頭数）","中（4 コーナー 7番手）","順行","3","4","11.8","","丸山","美浦 森一","未取得","","","","","","","netkeiba 結果ページ一次取得（通過順・着順・人気）",""
"順行（参考）","ルンベーラ","20260905","中山09R","芝1800","良","15","差し有利","5着以内の最終コーナー位置（前1/3の頭数）","中（4 コーナー 8番手）","順行","4","6","16.7","","木幡巧","美浦 菊川","未取得","","","","","","","netkeiba 結果ページ一次取得（通過順・着順・人気）",""
"順行（参考）","アレクレア","20260905","中山09R","芝1800","良","15","差し有利","5着以内の最終コーナー位置（前1/3の頭数）","後（4 コーナー 15番手）","順行","5","8","38.8","","大野","美浦 蛯名利","未取得","","","","","","","netkeiba 結果ページ一次取得（通過順・着順・人気）",""
"順行（参考）","ドリーミングアップ","20260905","中山10R","芝1200","良","13","差し有利","5着以内の最終コーナー位置（前1/3の頭数）","中（4 コーナー 9番手）","順行","3","2","5.6","","横山武","美浦 高橋文","未取得","","","","","","","netkeiba 結果ページ一次取得（通過順・着順・人気）",""
"順行（参考）","ヴィヴァクラウン","20260905","中山10R","芝1200","良","13","差し有利","5着以内の最終コーナー位置（前1/3の頭数）","中（4 コーナー 7番手）","順行","4","10","88.6","","大野","美浦 杉浦","未取得","","","","","","","netkeiba 結果ページ一次取得（通過順・着順・人気）",""
"順行（参考）","トラスコンガーデン","20260905","中山10R","芝1200","良","13","差し有利","5着以内の最終コーナー位置（前1/3の頭数）","中（4 コーナー 8番手）","順行","5","8","50.4","","江田照","美浦 竹内","未取得","","","","","","","netkeiba 結果ページ一次取得（通過順・着順・人気）",""
"順行（参考）","ピコローズ","20260905","中山11R","芝1600","良","16","差し有利","5着以内の最終コーナー位置（前1/3の頭数）","中（4 コーナー 6番手）","順行","1","10","19.6","","三浦","美浦 伊藤大","未取得","","","","","","","netkeiba 結果ページ一次取得（通過順・着順・人気）",""
"順行（参考）","ファンダム","20260905","中山11R","芝1600","良","16","差し有利","5着以内の最終コーナー位置（前1/3の頭数）","中（4 コーナー 11番手）","順行","4","4","7.2","","戸崎圭","美浦 辻","未取得","","","","","","","netkeiba 結果ページ一次取得（通過順・着順・人気）",""
"順行（参考）","サイルーン","20260905","中山11R","芝1600","良","16","差し有利","5着以内の最終コーナー位置（前1/3の頭数）","中（4 コーナー 8番手）","順行","5","11","30.5","","大野","美浦 堀","未取得","","","","","","","netkeiba 結果ページ一次取得（通過順・着順・人気）",""
"順行（参考）","ショウナンタハティ","20260905","中山12R","ダ1200","重","13","差し有利","5着以内の最終コーナー位置（前1/3の頭数）","中（4 コーナー 6番手）","順行","1","4","5.0","","レーン","美浦 中舘","未取得","","","","","","","netkeiba 結果ページ一次取得（通過順・着順・人気）",""
"順行（参考）","トモジャシーマ","20260905","中山12R","ダ1200","重","13","差し有利","5着以内の最終コーナー位置（前1/3の頭数）","後（4 コーナー 10番手）","順行","3","3","4.7","","津村","美浦 鈴木伸","未取得","","","","","","","netkeiba 結果ページ一次取得（通過順・着順・人気）",""
"順行（参考）","プルシャプラ","20260905","中山12R","ダ1200","重","13","差し有利","5着以内の最終コーナー位置（前1/3の頭数）","後（4 コーナー 11番手）","順行","5","10","74.2","","杉原","美浦 池上","未取得","","","","","","","netkeiba 結果ページ一次取得（通過順・着順・人気）",""
"順行（参考）","ロジアコース","20260905","札幌01R","ダ1700","重","12","前有利","5着以内の最終コーナー位置（前1/3の頭数）","前（4 コーナー 2番手）","順行","1","2","11.2","","浜中","美浦 加藤征","未取得","","","","","","","netkeiba 結果ページ一次取得（通過順・着順・人気）",""
"順行（参考）","サトノフルーク","20260905","札幌01R","ダ1700","重","12","前有利","5着以内の最終コーナー位置（前1/3の頭数）","前（4 コーナー 1番手）","順行","2","1","1.1","","佐々木","美浦 堀","未取得","","","","","","","netkeiba 結果ページ一次取得（通過順・着順・人気）","4角で単独先頭（2馬身以上）：楽逃げの可能性・人間確認"
"順行（参考）","シンゼンノト","20260905","札幌01R","ダ1700","重","12","前有利","5着以内の最終コーナー位置（前1/3の頭数）","前（4 コーナー 3番手）","順行","4","3","14.3","","▲遠藤","栗東 荒川","未取得","","","","","","","netkeiba 結果ページ一次取得（通過順・着順・人気）",""
"順行（参考）","アルデシンザン","20260905","札幌02R","芝1200","稍","11","差し有利","5着以内の最終コーナー位置（前1/3の頭数）","中（4 コーナー 4番手）","順行","2","2","4.1","","丹内","美浦 矢野","未取得","","","","","","","netkeiba 結果ページ一次取得（通過順・着順・人気）",""
"順行（参考）","サンシルヴァリー","20260905","札幌02R","芝1200","稍","11","差し有利","5着以内の最終コーナー位置（前1/3の頭数）","中（4 コーナー 7番手）","順行","4","10","64.1","","川又","栗東 西村","未取得","","","","","","","netkeiba 結果ページ一次取得（通過順・着順・人気）",""
"順行（参考）","アワードリームス","20260905","札幌02R","芝1200","稍","11","差し有利","5着以内の最終コーナー位置（前1/3の頭数）","中（4 コーナー 8番手）","順行","5","5","9.4","","松本","栗東 中村","未取得","","","","","","","netkeiba 結果ページ一次取得（通過順・着順・人気）",""
"順行（参考）","ペイシャクロス","20260905","札幌03R","ダ1000","重","12","前有利","5着以内の最終コーナー位置（前1/3の頭数）","前（4 コーナー 2番手）","順行","1","9","75.3","","☆長浜","美浦 粕谷","未取得","","","","","","","netkeiba 結果ページ一次取得（通過順・着順・人気）",""
"順行（参考）","メイショウマドンナ","20260905","札幌03R","ダ1000","重","12","前有利","5着以内の最終コーナー位置（前1/3の頭数）","前（4 コーナー 3番手）","順行","2","5","7.1","","吉田隼","栗東 荒川","未取得","","","","","","","netkeiba 結果ページ一次取得（通過順・着順・人気）",""
"順行（参考）","ナブッコ","20260905","札幌03R","ダ1000","重","12","前有利","5着以内の最終コーナー位置（前1/3の頭数）","前（4 コーナー 4番手）","順行","3","2","3.7","","★河原田","栗東 橋田","未取得","","","","","","","netkeiba 結果ページ一次取得（通過順・着順・人気）",""
"順行（参考）","メイショウセンドウ","20260905","札幌04R","ダ1700","重","14","前有利","5着以内の最終コーナー位置（前1/3の頭数）","前（4 コーナー 3番手）","順行","1","1","1.8","","横山和","栗東 飯田","未取得","","","","","","","netkeiba 結果ページ一次取得（通過順・着順・人気）",""
"順行（参考）","アズライトアスール","20260905","札幌04R","ダ1700","重","14","前有利","5着以内の最終コーナー位置（前1/3の頭数）","前（4 コーナー 1番手）","順行","2","3","6.9","","★河原田","栗東 鈴木孝","未取得","","","","","","","netkeiba 結果ページ一次取得（通過順・着順・人気）",""
"順行（参考）","ディープマウンテン","20260905","札幌04R","ダ1700","重","14","前有利","5着以内の最終コーナー位置（前1/3の頭数）","前（4 コーナー 4番手）","順行","4","12","74.8","","吉田隼","美浦 深山","未取得","","","","","","","netkeiba 結果ページ一次取得（通過順・着順・人気）",""
"順行（参考）","シュヴァルツペルレ","20260905","札幌05R","芝1500","稍","14","差し有利（強）","5着以内の最終コーナー位置（前1/3の頭数）","中（4 コーナー 10番手）","順行","1","6","22.2","","浜中","栗東 武幸","未取得","","","","","","","netkeiba 結果ページ一次取得（通過順・着順・人気）",""
"順行（参考）","プレシャスタイム","20260905","札幌05R","芝1500","稍","14","差し有利（強）","5着以内の最終コーナー位置（前1/3の頭数）","中（4 コーナー 7番手）","順行","2","3","6.3","","佐々木","栗東 須貝","未取得","","","","","","","netkeiba 結果ページ一次取得（通過順・着順・人気）",""
"順行（参考）","ローズファミリー","20260905","札幌05R","芝1500","稍","14","差し有利（強）","5着以内の最終コーナー位置（前1/3の頭数）","中（4 コーナー 5番手）","順行","3","2","3.1","","▲大久保","美浦 田中剛","未取得","","","","","","","netkeiba 結果ページ一次取得（通過順・着順・人気）",""
"順行（参考）","グレーターマーク","20260905","札幌05R","芝1500","稍","14","差し有利（強）","5着以内の最終コーナー位置（前1/3の頭数）","中（4 コーナー 8番手）","順行","4","4","10.7","","◇小林美","栗東 小椋","未取得","","","","","","","netkeiba 結果ページ一次取得（通過順・着順・人気）",""
"順行（参考）","マジックファイヤー","20260905","札幌06R","芝2000","稍","16","前有利（強）","5着以内の最終コーナー位置（前1/3の頭数）","前（4 コーナー 4番手）","順行","1","9","17.8","","斎藤","美浦 浅利","未取得","","","","","","","netkeiba 結果ページ一次取得（通過順・着順・人気）",""
"順行（参考）","アルペングロー","20260905","札幌06R","芝2000","稍","16","前有利（強）","5着以内の最終コーナー位置（前1/3の頭数）","前（4 コーナー 2番手）","順行","3","4","9.4","","北村友","栗東 上村","未取得","","","","","","","netkeiba 結果ページ一次取得（通過順・着順・人気）",""
"順行（参考）","アート","20260905","札幌06R","芝2000","稍","16","前有利（強）","5着以内の最終コーナー位置（前1/3の頭数）","前（4 コーナー 3番手）","順行","4","12","26.3","","鮫島駿","栗東 杉山晴","未取得","","","","","","","netkeiba 結果ページ一次取得（通過順・着順・人気）",""
"順行（参考）","マンサニージャ","20260905","札幌06R","芝2000","稍","16","前有利（強）","5着以内の最終コーナー位置（前1/3の頭数）","前（4 コーナー 1番手）","順行","5","1","3.0","","丹内","美浦 菊川","未取得","","","","","","","netkeiba 結果ページ一次取得（通過順・着順・人気）",""
"順行（参考）","ジェルブロア","20260905","札幌07R","芝1800","稍","12","差し有利","5着以内の最終コーナー位置（前1/3の頭数）","中（4 コーナー 6番手）","順行","1","3","5.2","","北村友","栗東 矢作","未取得","","","","","","","netkeiba 結果ページ一次取得（通過順・着順・人気）",""
"順行（参考）","フリーヤ","20260905","札幌07R","芝1800","稍","12","差し有利","5着以内の最終コーナー位置（前1/3の頭数）","中（4 コーナー 8番手）","順行","3","2","4.8","","◇小林美","美浦 鈴木伸","未取得","","","","","","","netkeiba 結果ページ一次取得（通過順・着順・人気）",""
"順行（参考）","カリーン","20260905","札幌07R","芝1800","稍","12","差し有利","5着以内の最終コーナー位置（前1/3の頭数）","中（4 コーナー 5番手）","順行","4","8","26.5","","☆長浜","美浦 蛯名正","未取得","","","","","","","netkeiba 結果ページ一次取得（通過順・着順・人気）",""
"順行（参考）","メイショウコシュウ","20260905","札幌08R","ダ1700","稍","12","前有利（強）","5着以内の最終コーナー位置（前1/3の頭数）","前（4 コーナー 4番手）","順行","1","6","15.8","","浜中","栗東 松永幹","未取得","","","","","","","netkeiba 結果ページ一次取得（通過順・着順・人気）",""
"順行（参考）","ベルアズーロ","20260905","札幌08R","ダ1700","稍","12","前有利（強）","5着以内の最終コーナー位置（前1/3の頭数）","前（4 コーナー 1番手）","順行","2","1","2.3","","◇小林美","栗東 西村","未取得","","","","","","","netkeiba 結果ページ一次取得（通過順・着順・人気）",""
"順行（参考）","ミスティマウンテン","20260905","札幌08R","ダ1700","稍","12","前有利（強）","5着以内の最終コーナー位置（前1/3の頭数）","前（4 コーナー 3番手）","順行","3","2","5.8","","佐々木","美浦 池上","未取得","","","","","","","netkeiba 結果ページ一次取得（通過順・着順・人気）",""
"順行（参考）","ピエナオルカ","20260905","札幌08R","ダ1700","稍","12","前有利（強）","5着以内の最終コーナー位置（前1/3の頭数）","前（4 コーナー 2番手）","順行","4","3","6.0","","古川吉","栗東 谷","未取得","","","","","","","netkeiba 結果ページ一次取得（通過順・着順・人気）",""
"順行（参考）","ハルフロンティア","20260905","札幌09R","芝2000","稍","14","前有利（強）","5着以内の最終コーナー位置（前1/3の頭数）","前（4 コーナー 1番手）","順行","1","2","5.4","","鮫島駿","栗東 池添","未取得","","","","","","","netkeiba 結果ページ一次取得（通過順・着順・人気）",""
"順行（参考）","カージオイド","20260905","札幌09R","芝2000","稍","14","前有利（強）","5着以内の最終コーナー位置（前1/3の頭数）","前（4 コーナー 2番手）","順行","2","9","19.9","","長浜","美浦 黒岩","未取得","","","","","","","netkeiba 結果ページ一次取得（通過順・着順・人気）",""
"順行（参考）","マイネルシンベリン","20260905","札幌09R","芝2000","稍","14","前有利（強）","5着以内の最終コーナー位置（前1/3の頭数）","前（4 コーナー 4番手）","順行","3","1","3.3","","丹内","美浦 武市","未取得","","","","","","","netkeiba 結果ページ一次取得（通過順・着順・人気）",""
"順行（参考）","ディヒターリーベ","20260905","札幌09R","芝2000","稍","14","前有利（強）","5着以内の最終コーナー位置（前1/3の頭数）","前（4 コーナー 3番手）","順行","4","3","6.4","","佐々木","美浦 高橋文","未取得","","","","","","","netkeiba 結果ページ一次取得（通過順・着順・人気）",""
"順行（参考）","ララバニュルス","20260905","札幌10R","芝1200","稍","16","差し有利","5着以内の最終コーナー位置（前1/3の頭数）","中（4 コーナー 11番手）","順行","2","5","12.1","","藤懸","美浦 大竹","未取得","","","","","","","netkeiba 結果ページ一次取得（通過順・着順・人気）",""
"順行（参考）","ビービーエフォート","20260905","札幌10R","芝1200","稍","16","差し有利","5着以内の最終コーナー位置（前1/3の頭数）","中（4 コーナー 8番手）","順行","3","3","7.6","","鮫島駿","美浦 高柳瑞","未取得","","","","","","","netkeiba 結果ページ一次取得（通過順・着順・人気）",""
"順行（参考）","スイミーユニバンス","20260905","札幌10R","芝1200","稍","16","差し有利","5着以内の最終コーナー位置（前1/3の頭数）","中（4 コーナー 9番手）","順行","5","9","36.3","","浜中","栗東 平田","未取得","","","","","","","netkeiba 結果ページ一次取得（通過順・着順・人気）",""
"順行（参考）","ショウナンガレオン","20260905","札幌11R","芝1800","稍","9","前有利","5着以内の最終コーナー位置（前1/3の頭数）","前（4 コーナー 2番手）","順行","1","1","1.1","","鮫島駿","美浦 加藤士","未取得","","","","","","","netkeiba 結果ページ一次取得（通過順・着順・人気）",""
"順行（参考）","コスモハナミズキ","20260905","札幌11R","芝1800","稍","9","前有利","5着以内の最終コーナー位置（前1/3の頭数）","前（4 コーナー 1番手）","順行","2","3","9.3","","佐々木","美浦 菊川","未取得","","","","","","","netkeiba 結果ページ一次取得（通過順・着順・人気）",""
"順行（参考）","ランダムナンバー","20260905","札幌11R","芝1800","稍","9","前有利","5着以内の最終コーナー位置（前1/3の頭数）","前（4 コーナー 3番手）","順行","4","7","101.1","","古川吉","栗東 橋田","未取得","","","","","","","netkeiba 結果ページ一次取得（通過順・着順・人気）",""
"順行（参考）","ローゾフィア","20260905","札幌12R","ダ1700","稍","13","前有利","5着以内の最終コーナー位置（前1/3の頭数）","前（4 コーナー 2番手）","順行","1","4","9.6","","荻野琢","栗東 宮本","未取得","","","","","","","netkeiba 結果ページ一次取得（通過順・着順・人気）",""
"順行（参考）","ララオウ","20260905","札幌12R","ダ1700","稍","13","前有利","5着以内の最終コーナー位置（前1/3の頭数）","前（4 コーナー 1番手）","順行","2","6","15.0","","◇小林美","栗東 須貝","未取得","","","","","","","netkeiba 結果ページ一次取得（通過順・着順・人気）",""
"順行（参考）","ジーティーアリア","20260905","札幌12R","ダ1700","稍","13","前有利","5着以内の最終コーナー位置（前1/3の頭数）","前（4 コーナー 4番手）","順行","3","3","5.0","","北村友","栗東 田中克","未取得","","","","","","","netkeiba 結果ページ一次取得（通過順・着順・人気）",""
"順行（参考）","リアルメッセージ","20260905","阪神01R","ダ1400","稍","11","差し有利","5着以内の最終コーナー位置（前1/3の頭数）","中（4 コーナー 6番手）","順行","3","6","15.8","","団野","栗東 小林","未取得","","","","","","","netkeiba 結果ページ一次取得（通過順・着順・人気）",""
"順行（参考）","クリコキアナ","20260905","阪神01R","ダ1400","稍","11","差し有利","5着以内の最終コーナー位置（前1/3の頭数）","中（4 コーナー 5番手）","順行","4","7","18.2","","▲森田","栗東 谷","未取得","","","","","","","netkeiba 結果ページ一次取得（通過順・着順・人気）",""
"順行（参考）","スクワミッシュ","20260905","阪神01R","ダ1400","稍","11","差し有利","5着以内の最終コーナー位置（前1/3の頭数）","中（4 コーナー 8番手）","順行","5","2","3.1","","坂井","栗東 梅田","未取得","","","","","","","netkeiba 結果ページ一次取得（通過順・着順・人気）",""
"順行（参考）","ティフォシ","20260905","阪神02R","芝1800","稍","5","差し有利（強）","5着以内の最終コーナー位置（前1/3の頭数）","中（4 コーナー 2番手）","順行","1","2","2.2","","Ｍデム","栗東 宮地","未取得","","","","","","","netkeiba 結果ページ一次取得（通過順・着順・人気）",""
"順行（参考）","ブックオブケルズ","20260905","阪神02R","芝1800","稍","5","差し有利（強）","5着以内の最終コーナー位置（前1/3の頭数）","後（4 コーナー 5番手）","順行","2","1","2.2","","西村淳","栗東 高野","未取得","","","","","","","netkeiba 結果ページ一次取得（通過順・着順・人気）",""
"順行（参考）","ドミナント","20260905","阪神02R","芝1800","稍","5","差し有利（強）","5着以内の最終コーナー位置（前1/3の頭数）","中（4 コーナー 4番手）","順行","4","3","4.1","","坂井","栗東 福永","未取得","","","","","","","netkeiba 結果ページ一次取得（通過順・着順・人気）",""
"順行（参考）","コパノマハロ","20260905","阪神02R","芝1800","稍","5","差し有利（強）","5着以内の最終コーナー位置（前1/3の頭数）","中（4 コーナー 3番手）","順行","5","5","34.4","","秋山稔","栗東 宮","未取得","","","","","","","netkeiba 結果ページ一次取得（通過順・着順・人気）",""
"順行（参考）","ラミエルノムスコ","20260905","阪神03R","ダ1800","稍","13","差し有利","5着以内の最終コーナー位置（前1/3の頭数）","中（4 コーナー 5番手）","順行","3","1","2.4","","吉村","栗東 千田","未取得","","","","","","","netkeiba 結果ページ一次取得（通過順・着順・人気）",""
"順行（参考）","カワキタベレッタ","20260905","阪神03R","ダ1800","稍","13","差し有利","5着以内の最終コーナー位置（前1/3の頭数）","中（4 コーナー 7番手）","順行","4","10","76.5","","中井","栗東 角田","未取得","","","","","","","netkeiba 結果ページ一次取得（通過順・着順・人気）",""
"順行（参考）","ロードファイター","20260905","阪神03R","ダ1800","稍","13","差し有利","5着以内の最終コーナー位置（前1/3の頭数）","中（4 コーナー 6番手）","順行","5","8","30.0","","松若","栗東 東田","未取得","","","","","","","netkeiba 結果ページ一次取得（通過順・着順・人気）",""
"順行（参考）","ペアピーターソン","20260905","阪神04R","芝1600","稍","17","差し有利（強）","5着以内の最終コーナー位置（前1/3の頭数）","後（4 コーナー 17番手）","順行","1","7","20.5","","松若","栗東 梅田","未取得","","","","","","","netkeiba 結果ページ一次取得（通過順・着順・人気）",""
"順行（参考）","ビッグヒーロー","20260905","阪神04R","芝1600","稍","17","差し有利（強）","5着以内の最終コーナー位置（前1/3の頭数）","中（4 コーナー 11番手）","順行","3","1","1.8","","川田","栗東 福永","未取得","","","","","","","netkeiba 結果ページ一次取得（通過順・着順・人気）",""
"順行（参考）","ウイングサンライズ","20260905","阪神04R","芝1600","稍","17","差し有利（強）","5着以内の最終コーナー位置（前1/3の頭数）","中（4 コーナー 7番手）","順行","4","8","27.5","","岩田望","栗東 矢作","未取得","","","","","","","netkeiba 結果ページ一次取得（通過順・着順・人気）",""
"順行（参考）","メイショウプレマ","20260905","阪神04R","芝1600","稍","17","差し有利（強）","5着以内の最終コーナー位置（前1/3の頭数）","中（4 コーナー 12番手）","順行","5","3","9.7","","太宰","栗東 石橋","未取得","","","","","","","netkeiba 結果ページ一次取得（通過順・着順・人気）",""
"順行（参考）","スマートエール","20260905","阪神05R","芝1400","良","12","前有利","5着以内の最終コーナー位置（前1/3の頭数）","前（4 コーナー 1番手）","順行","2","6","16.6","","高倉","栗東 渡辺","未取得","","","","","","","netkeiba 結果ページ一次取得（通過順・着順・人気）",""
"順行（参考）","ブロッサムスピア","20260905","阪神05R","芝1400","良","12","前有利","5着以内の最終コーナー位置（前1/3の頭数）","前（4 コーナー 4番手）","順行","3","1","2.3","","Ｍデム","栗東 藤岡健","未取得","","","","","","","netkeiba 結果ページ一次取得（通過順・着順・人気）",""
"順行（参考）","ベルメグスタ","20260905","阪神05R","芝1400","良","12","前有利","5着以内の最終コーナー位置（前1/3の頭数）","前（4 コーナー 2番手）","順行","5","11","115.2","","幸","栗東 森田","未取得","","","","","","","netkeiba 結果ページ一次取得（通過順・着順・人気）",""
"順行（参考）","デザートキャンドル","20260905","阪神06R","ダ1400","稍","13","前有利","5着以内の最終コーナー位置（前1/3の頭数）","前（4 コーナー 4番手）","順行","1","9","39.4","","吉村","栗東 長谷川","未取得","","","","","","","netkeiba 結果ページ一次取得（通過順・着順・人気）",""
"順行（参考）","スカイメテオ","20260905","阪神06R","ダ1400","稍","13","前有利","5着以内の最終コーナー位置（前1/3の頭数）","前（4 コーナー 1番手）","順行","2","6","15.5","","菱田","栗東 小椋","未取得","","","","","","","netkeiba 結果ページ一次取得（通過順・着順・人気）",""
"順行（参考）","ツトム","20260905","阪神06R","ダ1400","稍","13","前有利","5着以内の最終コーナー位置（前1/3の頭数）","前（4 コーナー 2番手）","順行","4","5","13.6","","松若","栗東 浜田","未取得","","","","","","","netkeiba 結果ページ一次取得（通過順・着順・人気）",""
"順行（参考）","マーゴットミスト","20260905","阪神07R","芝1200","良","16","前有利（強）","5着以内の最終コーナー位置（前1/3の頭数）","前（4 コーナー 1番手）","順行","1","4","8.1","","田口","栗東 杉山佳","未取得","","","","","","","netkeiba 結果ページ一次取得（通過順・着順・人気）",""
"順行（参考）","フロムレイブン","20260905","阪神07R","芝1200","良","16","前有利（強）","5着以内の最終コーナー位置（前1/3の頭数）","前（4 コーナー 2番手）","順行","2","1","3.0","","岩田望","栗東 坂口","未取得","","","","","","","netkeiba 結果ページ一次取得（通過順・着順・人気）",""
"順行（参考）","ムーンリットアイル","20260905","阪神07R","芝1200","良","16","前有利（強）","5着以内の最終コーナー位置（前1/3の頭数）","前（4 コーナー 3番手）","順行","3","2","5.1","","西村淳","栗東 武英","未取得","","","","","","","netkeiba 結果ページ一次取得（通過順・着順・人気）",""
"順行（参考）","ベルファスト","20260905","阪神07R","芝1200","良","16","前有利（強）","5着以内の最終コーナー位置（前1/3の頭数）","前（4 コーナー 5番手）","順行","4","3","6.2","","松若","栗東 今野","未取得","","","","","","","netkeiba 結果ページ一次取得（通過順・着順・人気）",""
"順行（参考）","ダンツウルス","20260905","阪神08R","芝2000","良","9","前有利","5着以内の最終コーナー位置（前1/3の頭数）","前（4 コーナー 3番手）","順行","2","2","4.3","","田口","栗東 谷","未取得","","","","","","","netkeiba 結果ページ一次取得（通過順・着順・人気）",""
"順行（参考）","アグレイビューティ","20260905","阪神08R","芝2000","良","9","前有利","5着以内の最終コーナー位置（前1/3の頭数）","前（4 コーナー 2番手）","順行","3","5","7.7","","富田","栗東 上村","未取得","","","","","","","netkeiba 結果ページ一次取得（通過順・着順・人気）",""
"順行（参考）","サンダーバード","20260905","阪神08R","芝2000","良","9","前有利","5着以内の最終コーナー位置（前1/3の頭数）","前（4 コーナー 1番手）","順行","5","3","5.7","","岩田望","栗東 武幸","未取得","","","","","","","netkeiba 結果ページ一次取得（通過順・着順・人気）",""
"順行（参考）","ジャイアンバローズ","20260905","阪神09R","ダ1800","稍","11","差し有利（強）","5着以内の最終コーナー位置（前1/3の頭数）","中（4 コーナー 6番手）","順行","1","2","4.3","","岩田望","栗東 池江","未取得","","","","","","","netkeiba 結果ページ一次取得（通過順・着順・人気）",""
"順行（参考）","クロノスバレット","20260905","阪神09R","ダ1800","稍","11","差し有利（強）","5着以内の最終コーナー位置（前1/3の頭数）","後（4 コーナー 11番手）","順行","2","3","8.0","","松山","栗東 吉村","未取得","","","","","","","netkeiba 結果ページ一次取得（通過順・着順・人気）",""
"順行（参考）","システマソラー","20260905","阪神09R","ダ1800","稍","11","差し有利（強）","5着以内の最終コーナー位置（前1/3の頭数）","中（4 コーナー 7番手）","順行","3","1","1.7","","川田","栗東 橋田","未取得","","","","","","","netkeiba 結果ページ一次取得（通過順・着順・人気）",""
"順行（参考）","ショーダンサー","20260905","阪神09R","ダ1800","稍","11","差し有利（強）","5着以内の最終コーナー位置（前1/3の頭数）","中（4 コーナー 8番手）","順行","4","6","15.4","","国分優","栗東 大根田","未取得","","","","","","","netkeiba 結果ページ一次取得（通過順・着順・人気）",""
"順行（参考）","シュヴァルツリーベ","20260905","阪神09R","ダ1800","稍","11","差し有利（強）","5着以内の最終コーナー位置（前1/3の頭数）","後（4 コーナー 9番手）","順行","5","8","34.7","","田山","栗東 羽月","未取得","","","","","","","netkeiba 結果ページ一次取得（通過順・着順・人気）",""
"順行（参考）","サウンドムーブ","20260905","阪神10R","芝1800","良","7","差し有利","5着以内の最終コーナー位置（前1/3の頭数）","中（4 コーナー 5番手）","順行","3","1","1.2","","川田","栗東 斉藤崇","未取得","","","","","","","netkeiba 結果ページ一次取得（通過順・着順・人気）",""
"順行（参考）","テーオーダグラス","20260905","阪神10R","芝1800","良","7","差し有利","5着以内の最終コーナー位置（前1/3の頭数）","後（4 コーナー 6番手）","順行","4","5","14.7","","横山典","栗東 須貝","未取得","","","","","","","netkeiba 結果ページ一次取得（通過順・着順・人気）",""
"順行（参考）","シンゼンカガ","20260905","阪神10R","芝1800","良","7","差し有利","5着以内の最終コーナー位置（前1/3の頭数）","中（4 コーナー 3番手）","順行","5","6","15.8","","団野","栗東 荒川","未取得","","","","","","","netkeiba 結果ページ一次取得（通過順・着順・人気）",""
"順行（参考）","ゴッドブルービー","20260905","阪神11R","ダ1400","稍","12","差し有利","5着以内の最終コーナー位置（前1/3の頭数）","中（4 コーナー 8番手）","順行","1","5","7.0","","松山","栗東 角田","未取得","","","","","","","netkeiba 結果ページ一次取得（通過順・着順・人気）",""
"順行（参考）","ノーブルロジャー","20260905","阪神11R","ダ1400","稍","12","差し有利","5着以内の最終コーナー位置（前1/3の頭数）","中（4 コーナー 7番手）","順行","2","4","6.8","","岩田望","栗東 吉岡","未取得","","","","","","","netkeiba 結果ページ一次取得（通過順・着順・人気）",""
"順行（参考）","グランキングオー","20260905","阪神11R","ダ1400","稍","12","差し有利","5着以内の最終コーナー位置（前1/3の頭数）","中（4 コーナー 5番手）","順行","5","7","11.7","","幸","栗東 高橋康","未取得","","","","","","","netkeiba 結果ページ一次取得（通過順・着順・人気）",""
"順行（参考）","エンヴェロップ","20260905","阪神12R","ダ1400","稍","12","前有利","5着以内の最終コーナー位置（前1/3の頭数）","前（4 コーナー 2番手）","順行","1","8","28.1","","松若","栗東 佐藤悠","未取得","","","","","","","netkeiba 結果ページ一次取得（通過順・着順・人気）",""
"順行（参考）","エイシンティザー","20260905","阪神12R","ダ1400","稍","12","前有利","5着以内の最終コーナー位置（前1/3の頭数）","前（4 コーナー 3番手）","順行","2","2","3.0","","岩田望","栗東 吉村","未取得","","","","","","","netkeiba 結果ページ一次取得（通過順・着順・人気）",""
"順行（参考）","アーリントンロウ","20260905","阪神12R","ダ1400","稍","12","前有利","5着以内の最終コーナー位置（前1/3の頭数）","前（4 コーナー 1番手）","順行","4","4","8.6","","西村淳","栗東 松下","未取得","","","","","","","netkeiba 結果ページ一次取得（通過順・着順・人気）",""
"順行（参考）","セイウンリリーナ","20260906","中山02R","芝1200","稍","14","前有利（強）","5着以内の最終コーナー位置（前1/3の頭数）","前（4 コーナー 1番手）","順行","1","7","20.4","","武藤","美浦 水野","未取得","","","","","","","netkeiba 結果ページ一次取得（通過順・着順・人気）",""
"順行（参考）","アルデラッシュ","20260906","中山02R","芝1200","稍","14","前有利（強）","5着以内の最終コーナー位置（前1/3の頭数）","前（4 コーナー 4番手）","順行","2","1","2.1","","丸山","美浦 田中剛","未取得","","","","","","","netkeiba 結果ページ一次取得（通過順・着順・人気）",""
"順行（参考）","フォーエバーブルー","20260906","中山02R","芝1200","稍","14","前有利（強）","5着以内の最終コーナー位置（前1/3の頭数）","前（4 コーナー 2番手）","順行","3","3","7.2","","大野","美浦 杉浦","未取得","","","","","","","netkeiba 結果ページ一次取得（通過順・着順・人気）",""
"順行（参考）","スペシャルサンクス","20260906","中山02R","芝1200","稍","14","前有利（強）","5着以内の最終コーナー位置（前1/3の頭数）","前（4 コーナー 3番手）","順行","4","6","18.2","","嶋田","美浦 矢嶋","未取得","","","","","","","netkeiba 結果ページ一次取得（通過順・着順・人気）",""
"順行（参考）","トルネードアイル","20260906","中山03R","ダ1800","重","15","前有利","5着以内の最終コーナー位置（前1/3の頭数）","前（4 コーナー 3番手）","順行","1","1","2.0","","北村友","美浦 鹿戸","未取得","","","","","","","netkeiba 結果ページ一次取得（通過順・着順・人気）",""
"順行（参考）","マイネルトレマーズ","20260906","中山03R","ダ1800","重","15","前有利","5着以内の最終コーナー位置（前1/3の頭数）","前（4 コーナー 4番手）","順行","4","7","17.6","","嶋田","美浦 手塚久","未取得","","","","","","","netkeiba 結果ページ一次取得（通過順・着順・人気）",""
"順行（参考）","オートカリテ","20260906","中山03R","ダ1800","重","15","前有利","5着以内の最終コーナー位置（前1/3の頭数）","前（4 コーナー 1番手）","順行","5","6","17.5","","ミシェ","美浦 牧","未取得","","","","","","","netkeiba 結果ページ一次取得（通過順・着順・人気）",""
"順行（参考）","セイウンヤオヨロズ","20260906","中山04R","ダ1200","不","16","前有利","5着以内の最終コーナー位置（前1/3の頭数）","前（4 コーナー 1番手）","順行","3","6","21.4","","▲佐藤","美浦 上原博","未取得","","","","","","","netkeiba 結果ページ一次取得（通過順・着順・人気）","4角で単独先頭（2馬身以上）：楽逃げの可能性・人間確認"
"順行（参考）","ハングローズ","20260906","中山04R","ダ1200","不","16","前有利","5着以内の最終コーナー位置（前1/3の頭数）","前（4 コーナー 3番手）","順行","4","4","6.3","","岩田康","美浦 奥村武","未取得","","","","","","","netkeiba 結果ページ一次取得（通過順・着順・人気）",""
"順行（参考）","スマートレイナ","20260906","中山04R","ダ1200","不","16","前有利","5着以内の最終コーナー位置（前1/3の頭数）","前（4 コーナー 2番手）","順行","5","1","2.8","","ルメー","美浦 加藤征","未取得","","","","","","","netkeiba 結果ページ一次取得（通過順・着順・人気）",""
"順行（参考）","アイムオンアロール","20260906","中山05R","芝1600","稍","15","前有利（強）","5着以内の最終コーナー位置（前1/3の頭数）","前（4 コーナー 4番手）","順行","1","4","7.6","","三浦","美浦 宮田","未取得","","","","","","","netkeiba 結果ページ一次取得（通過順・着順・人気）",""
"順行（参考）","ローザヴェローナ","20260906","中山05R","芝1600","稍","15","前有利（強）","5着以内の最終コーナー位置（前1/3の頭数）","前（4 コーナー 5番手）","順行","2","1","2.0","","ルメー","美浦 尾関","未取得","","","","","","","netkeiba 結果ページ一次取得（通過順・着順・人気）",""
"順行（参考）","ハンサム","20260906","中山05R","芝1600","稍","15","前有利（強）","5着以内の最終コーナー位置（前1/3の頭数）","前（4 コーナー 3番手）","順行","3","2","4.9","","津村","栗東 清水久","未取得","","","","","","","netkeiba 結果ページ一次取得（通過順・着順・人気）",""
"順行（参考）","ピクシーブラスト","20260906","中山05R","芝1600","稍","15","前有利（強）","5着以内の最終コーナー位置（前1/3の頭数）","前（4 コーナー 1番手）","順行","4","3","6.2","","菊沢","美浦 岩戸","未取得","","","","","","","netkeiba 結果ページ一次取得（通過順・着順・人気）",""
"順行（参考）","エンジャムメント","20260906","中山06R","ダ1800","不","12","前有利","5着以内の最終コーナー位置（前1/3の頭数）","前（4 コーナー 2番手）","順行","1","1","3.1","","北村友","美浦 中舘","未取得","","","","","","","netkeiba 結果ページ一次取得（通過順・着順・人気）",""
"順行（参考）","ヒゲキリ","20260906","中山06R","ダ1800","不","12","前有利","5着以内の最終コーナー位置（前1/3の頭数）","前（4 コーナー 1番手）","順行","2","3","6.0","","三浦","美浦 加藤士","未取得","","","","","","","netkeiba 結果ページ一次取得（通過順・着順・人気）",""
"順行（参考）","ファブリック","20260906","中山06R","ダ1800","不","12","前有利","5着以内の最終コーナー位置（前1/3の頭数）","前（4 コーナー 3番手）","順行","3","5","8.3","","岩田康","美浦 武井","未取得","","","","","","","netkeiba 結果ページ一次取得（通過順・着順・人気）",""
"順行（参考）","カテドラルクォーツ","20260906","中山07R","芝2000","重","18","前有利","5着以内の最終コーナー位置（前1/3の頭数）","前（4 コーナー 1番手）","順行","1","17","244.9","","岩田康","美浦 菊沢","未取得","","","","","","","netkeiba 結果ページ一次取得（通過順・着順・人気）",""
"順行（参考）","ジェイエルグリーン","20260906","中山07R","芝2000","重","18","前有利","5着以内の最終コーナー位置（前1/3の頭数）","前（4 コーナー 2番手）","順行","2","15","155.8","","原","美浦 平岩","未取得","","","","","","","netkeiba 結果ページ一次取得（通過順・着順・人気）",""
"順行（参考）","ウインスターリング","20260906","中山07R","芝2000","重","18","前有利","5着以内の最終コーナー位置（前1/3の頭数）","前（4 コーナー 4番手）","順行","4","9","37.6","","ミシェ","美浦 畠山","未取得","","","","","","","netkeiba 結果ページ一次取得（通過順・着順・人気）",""
"順行（参考）","メディチパワー","20260906","中山08R","ダ1800","不","16","前有利（強）","5着以内の最終コーナー位置（前1/3の頭数）","前（4 コーナー 4番手）","順行","1","3","6.7","","木幡巧","美浦 中川","未取得","","","","","","","netkeiba 結果ページ一次取得（通過順・着順・人気）",""
"順行（参考）","ストーリーオブラブ","20260906","中山08R","ダ1800","不","16","前有利（強）","5着以内の最終コーナー位置（前1/3の頭数）","前（4 コーナー 1番手）","順行","2","9","29.7","","江田照","美浦 小野","未取得","","","","","","","netkeiba 結果ページ一次取得（通過順・着順・人気）",""
"順行（参考）","カフェシューター","20260906","中山08R","ダ1800","不","16","前有利（強）","5着以内の最終コーナー位置（前1/3の頭数）","前（4 コーナー 2番手）","順行","3","1","2.9","","ルメー","美浦 中舘","未取得","","","","","","","netkeiba 結果ページ一次取得（通過順・着順・人気）",""
"順行（参考）","ラヴアンドライク","20260906","中山08R","ダ1800","不","16","前有利（強）","5着以内の最終コーナー位置（前1/3の頭数）","前（4 コーナー 3番手）","順行","4","2","5.2","","原","美浦 稲垣","未取得","","","","","","","netkeiba 結果ページ一次取得（通過順・着順・人気）",""
"順行（参考）","アスタールフナ","20260906","中山09R","ダ1200","不","16","前有利","5着以内の最終コーナー位置（前1/3の頭数）","前（4 コーナー 1番手）","順行","1","2","4.6","","北村友","栗東 中竹","未取得","","","","","","","netkeiba 結果ページ一次取得（通過順・着順・人気）",""
"順行（参考）","サマースイートピー","20260906","中山09R","ダ1200","不","16","前有利","5着以内の最終コーナー位置（前1/3の頭数）","前（4 コーナー 2番手）","順行","2","12","36.8","","内田博","美浦 千葉","未取得","","","","","","","netkeiba 結果ページ一次取得（通過順・着順・人気）",""
"順行（参考）","モーゲンセン","20260906","中山09R","ダ1200","不","16","前有利","5着以内の最終コーナー位置（前1/3の頭数）","前（4 コーナー 3番手）","順行","3","5","11.7","","津村","美浦 斎藤誠","未取得","","","","","","","netkeiba 結果ページ一次取得（通過順・着順・人気）",""
"順行（参考）","カーヌスティ","20260906","中山10R","芝1200","重","9","差し有利","5着以内の最終コーナー位置（前1/3の頭数）","中（4 コーナー 6番手）","順行","2","1","2.7","","ルメー","美浦 大和田","未取得","","","","","","","netkeiba 結果ページ一次取得（通過順・着順・人気）",""
"順行（参考）","ポッドロワール","20260906","中山10R","芝1200","重","9","差し有利","5着以内の最終コーナー位置（前1/3の頭数）","後（4 コーナー 7番手）","順行","4","4","8.5","","木幡巧","美浦 畠山","未取得","","","","","","","netkeiba 結果ページ一次取得（通過順・着順・人気）",""
"順行（参考）","ルーフ","20260906","中山10R","芝1200","重","9","差し有利","5着以内の最終コーナー位置（前1/3の頭数）","後（4 コーナー 9番手）","順行","5","7","16.4","","原","栗東 清水久","未取得","","","","","","","netkeiba 結果ページ一次取得（通過順・着順・人気）",""
"順行（参考）","マスターソアラ","20260906","中山11R","芝2000","重","11","差し有利（強）","5着以内の最終コーナー位置（前1/3の頭数）","中（4 コーナー 5番手）","順行","1","6","12.7","","大野","美浦 蛯名正","未取得","","","","","","","netkeiba 結果ページ一次取得（通過順・着順・人気）",""
"順行（参考）","サムシングスイート","20260906","中山11R","芝2000","重","11","差し有利（強）","5着以内の最終コーナー位置（前1/3の頭数）","中（4 コーナー 7番手）","順行","2","4","7.2","","団野","美浦 伊藤大","未取得","","","","","","","netkeiba 結果ページ一次取得（通過順・着順・人気）",""
"順行（参考）","ドリームコア","20260906","中山11R","芝2000","重","11","差し有利（強）","5着以内の最終コーナー位置（前1/3の頭数）","中（4 コーナー 4番手）","順行","3","1","2.5","","ルメー","美浦 田中博","未取得","","","","","","","netkeiba 結果ページ一次取得（通過順・着順・人気）",""
"順行（参考）","アストリル","20260906","中山11R","芝2000","重","11","差し有利（強）","5着以内の最終コーナー位置（前1/3の頭数）","後（4 コーナー 10番手）","順行","4","5","8.9","","ミシェ","美浦 鈴木慎","未取得","","","","","","","netkeiba 結果ページ一次取得（通過順・着順・人気）",""
"順行（参考）","ジワタネホ","20260906","中山11R","芝2000","重","11","差し有利（強）","5着以内の最終コーナー位置（前1/3の頭数）","後（4 コーナー 11番手）","順行","5","10","50.7","","三浦","美浦 中舘","未取得","","","","","","","netkeiba 結果ページ一次取得（通過順・着順・人気）",""
"順行（参考）","カシオペア","20260906","中山12R","芝1200","重","16","差し有利","5着以内の最終コーナー位置（前1/3の頭数）","中（4 コーナー 7番手）","順行","2","5","9.1","","石橋脩","美浦 上原佑","未取得","","","","","","","netkeiba 結果ページ一次取得（通過順・着順・人気）",""
"順行（参考）","エバーラスト","20260906","中山12R","芝1200","重","16","差し有利","5着以内の最終コーナー位置（前1/3の頭数）","中（4 コーナー 8番手）","順行","3","8","17.5","","△石神道","美浦 和田郎","未取得","","","","","","","netkeiba 結果ページ一次取得（通過順・着順・人気）",""
"順行（参考）","ダイユウヴェンティ","20260906","中山12R","芝1200","重","16","差し有利","5着以内の最終コーナー位置（前1/3の頭数）","中（4 コーナー 6番手）","順行","4","9","20.4","","団野","美浦 松永康","未取得","","","","","","","netkeiba 結果ページ一次取得（通過順・着順・人気）",""
"順行（参考）","ワンダーアスク","20260906","札幌01R","ダ1700","稍","13","前有利","5着以内の最終コーナー位置（前1/3の頭数）","前（4 コーナー 1番手）","順行","1","9","19.4","","川又","栗東 笹田","未取得","","","","","","","netkeiba 結果ページ一次取得（通過順・着順・人気）","4角で単独先頭（2馬身以上）：楽逃げの可能性・人間確認"
"順行（参考）","ウォータースパウト","20260906","札幌01R","ダ1700","稍","13","前有利","5着以内の最終コーナー位置（前1/3の頭数）","前（4 コーナー 3番手）","順行","3","3","5.6","","吉田隼","美浦 小笠","未取得","","","","","","","netkeiba 結果ページ一次取得（通過順・着順・人気）",""
"順行（参考）","クリコイーコ","20260906","札幌01R","ダ1700","稍","13","前有利","5着以内の最終コーナー位置（前1/3の頭数）","前（4 コーナー 4番手）","順行","5","8","17.3","","▲遠藤","栗東 荒川","未取得","","","","","","","netkeiba 結果ページ一次取得（通過順・着順・人気）",""
"順行（参考）","イッペイ","20260906","札幌02R","芝2000","良","10","差し有利","5着以内の最終コーナー位置（前1/3の頭数）","中（4 コーナー 6番手）","順行","3","2","3.2","","浜中","栗東 松永幹","未取得","","","","","","","netkeiba 結果ページ一次取得（通過順・着順・人気）",""
"順行（参考）","アオイノリプー","20260906","札幌02R","芝2000","良","10","差し有利","5着以内の最終コーナー位置（前1/3の頭数）","中（4 コーナー 5番手）","順行","4","5","15.9","","佐々木","美浦 尾形","未取得","","","","","","","netkeiba 結果ページ一次取得（通過順・着順・人気）",""
"順行（参考）","マサノブルスカイ","20260906","札幌02R","芝2000","良","10","差し有利","5着以内の最終コーナー位置（前1/3の頭数）","後（4 コーナー 8番手）","順行","5","7","23.5","","▲和田陽","栗東 藤野","未取得","","","","","","","netkeiba 結果ページ一次取得（通過順・着順・人気）",""
"順行（参考）","マコトアディントン","20260906","札幌03R","ダ1700","稍","14","差し有利","5着以内の最終コーナー位置（前1/3の頭数）","中（4 コーナー 5番手）","順行","2","4","6.9","","横山武","栗東 前川","未取得","","","","","","","netkeiba 結果ページ一次取得（通過順・着順・人気）",""
"順行（参考）","ロードステラート","20260906","札幌03R","ダ1700","稍","14","差し有利","5着以内の最終コーナー位置（前1/3の頭数）","中（4 コーナー 8番手）","順行","3","2","4.1","","横山和","栗東 武英","未取得","","","","","","","netkeiba 結果ページ一次取得（通過順・着順・人気）",""
"順行（参考）","アオイミズホ","20260906","札幌03R","ダ1700","稍","14","差し有利","5着以内の最終コーナー位置（前1/3の頭数）","中（4 コーナー 10番手）","順行","5","6","10.4","","丹内","美浦 古賀慎","未取得","","","","","","","netkeiba 結果ページ一次取得（通過順・着順・人気）",""
"順行（参考）","メイショウテンジン","20260906","札幌04R","芝1200","良","16","前有利（強）","5着以内の最終コーナー位置（前1/3の頭数）","前（4 コーナー 1番手）","順行","1","3","5.0","","★河原田","栗東 高橋亮","未取得","","","","","","","netkeiba 結果ページ一次取得（通過順・着順・人気）","4角で単独先頭（2馬身以上）：楽逃げの可能性・人間確認"
"順行（参考）","リアララ","20260906","札幌04R","芝1200","良","16","前有利（強）","5着以内の最終コーナー位置（前1/3の頭数）","前（4 コーナー 2番手）","順行","3","2","4.4","","小沢","栗東 中内田","未取得","","","","","","","netkeiba 結果ページ一次取得（通過順・着順・人気）",""
"順行（参考）","エンジェルサン","20260906","札幌04R","芝1200","良","16","前有利（強）","5着以内の最終コーナー位置（前1/3の頭数）","前（4 コーナー 3番手）","順行","4","8","16.3","","丹内","美浦 矢嶋","未取得","","","","","","","netkeiba 結果ページ一次取得（通過順・着順・人気）",""
"順行（参考）","ソレイユルヴァン","20260906","札幌04R","芝1200","良","16","前有利（強）","5着以内の最終コーナー位置（前1/3の頭数）","前（4 コーナー 5番手）","順行","5","15","286.9","","吉田隼","栗東 辻野","未取得","","","","","","","netkeiba 結果ページ一次取得（通過順・着順・人気）",""
"順行（参考）","レッドレグルス","20260906","札幌05R","芝2000","良","15","前有利","5着以内の最終コーナー位置（前1/3の頭数）","前（4 コーナー 1番手）","順行","1","3","6.0","","横山和","栗東 昆","未取得","","","","","","","netkeiba 結果ページ一次取得（通過順・着順・人気）","4角で単独先頭（2馬身以上）：楽逃げの可能性・人間確認"
"順行（参考）","ブライスフェアリー","20260906","札幌05R","芝2000","良","15","前有利","5着以内の最終コーナー位置（前1/3の頭数）","前（4 コーナー 3番手）","順行","2","6","17.4","","丹内","美浦 堀内","未取得","","","","","","","netkeiba 結果ページ一次取得（通過順・着順・人気）",""
"順行（参考）","ラッキーシグネチャ","20260906","札幌05R","芝2000","良","15","前有利","5着以内の最終コーナー位置（前1/3の頭数）","前（4 コーナー 2番手）","順行","5","10","37.5","","小沢","栗東 矢作","未取得","","","","","","","netkeiba 結果ページ一次取得（通過順・着順・人気）",""
"順行（参考）","ロードヴィゴラス","20260906","札幌06R","ダ1000","稍","12","差し有利","5着以内の最終コーナー位置（前1/3の頭数）","後（4 コーナー 12番手）","順行","1","3","5.9","","▲和田陽","栗東 四位","未取得","","","","","","","netkeiba 結果ページ一次取得（通過順・着順・人気）",""
"順行（参考）","ステラノヴァ","20260906","札幌06R","ダ1000","稍","12","差し有利","5着以内の最終コーナー位置（前1/3の頭数）","後（4 コーナー 11番手）","順行","2","4","6.9","","☆長浜","美浦 水野","未取得","","","","","","","netkeiba 結果ページ一次取得（通過順・着順・人気）",""
"順行（参考）","キャンドルマス","20260906","札幌06R","ダ1000","稍","12","差し有利","5着以内の最終コーナー位置（前1/3の頭数）","中（4 コーナー 8番手）","順行","4","7","15.5","","鮫島駿","栗東 小崎","未取得","","","","","","","netkeiba 結果ページ一次取得（通過順・着順・人気）",""
"順行（参考）","ウィングブルー","20260906","札幌07R","芝1200","良","16","差し有利","5着以内の最終コーナー位置（前1/3の頭数）","中（4 コーナー 6番手）","順行","1","1","2.7","","斎藤","美浦 斎藤誠","未取得","","","","","","","netkeiba 結果ページ一次取得（通過順・着順・人気）",""
"順行（参考）","ペガサスノース","20260906","札幌07R","芝1200","良","16","差し有利","5着以内の最終コーナー位置（前1/3の頭数）","後（4 コーナー 15番手）","順行","4","10","23.6","","小沢","栗東 高柳大","未取得","","","","","","","netkeiba 結果ページ一次取得（通過順・着順・人気）",""
"順行（参考）","コスモファーブロス","20260906","札幌07R","芝1200","良","16","差し有利","5着以内の最終コーナー位置（前1/3の頭数）","中（4 コーナー 8番手）","順行","5","2","7.4","","◇小林美","栗東 吉田","未取得","","","","","","","netkeiba 結果ページ一次取得（通過順・着順・人気）",""
"順行（参考）","ルールザウェイヴ","20260906","札幌08R","芝1500","良","14","前有利","5着以内の最終コーナー位置（前1/3の頭数）","前（4 コーナー 1番手）","順行","1","1","1.8","","丹内","美浦 宮田","未取得","","","","","","","netkeiba 結果ページ一次取得（通過順・着順・人気）",""
"順行（参考）","グロリアスマーチ","20260906","札幌08R","芝1500","良","14","前有利","5着以内の最終コーナー位置（前1/3の頭数）","前（4 コーナー 2番手）","順行","3","5","13.3","","佐々木","栗東 須貝","未取得","","","","","","","netkeiba 結果ページ一次取得（通過順・着順・人気）",""
"順行（参考）","アルマロクザン","20260906","札幌08R","芝1500","良","14","前有利","5着以内の最終コーナー位置（前1/3の頭数）","前（4 コーナー 3番手）","順行","4","13","302.3","","▲遠藤","美浦 伊藤伸","未取得","","","","","","","netkeiba 結果ページ一次取得（通過順・着順・人気）",""
"順行（参考）","アラナコア","20260906","札幌09R","ダ1700","良","14","差し有利","5着以内の最終コーナー位置（前1/3の頭数）","中（4 コーナー 8番手）","順行","2","3","7.1","","吉田隼","栗東 田中克","未取得","","","","","","","netkeiba 結果ページ一次取得（通過順・着順・人気）",""
"順行（参考）","リメンバーヒム","20260906","札幌09R","ダ1700","良","14","差し有利","5着以内の最終コーナー位置（前1/3の頭数）","中（4 コーナー 9番手）","順行","4","6","13.9","","横山琉","栗東 浜田","未取得","","","","","","","netkeiba 結果ページ一次取得（通過順・着順・人気）",""
"順行（参考）","ライフゲート","20260906","札幌09R","ダ1700","良","14","差し有利","5着以内の最終コーナー位置（前1/3の頭数）","中（4 コーナー 5番手）","順行","5","2","4.3","","丹内","美浦 伊藤圭","未取得","","","","","","","netkeiba 結果ページ一次取得（通過順・着順・人気）",""
"順行（参考）","ワザモノ","20260906","札幌10R","芝1800","良","14","差し有利","5着以内の最終コーナー位置（前1/3の頭数）","中（4 コーナー 5番手）","順行","2","5","10.7","","丹内","美浦 尾関","未取得","","","","","","","netkeiba 結果ページ一次取得（通過順・着順・人気）",""
"順行（参考）","サンセットゴールド","20260906","札幌10R","芝1800","良","14","差し有利","5着以内の最終コーナー位置（前1/3の頭数）","中（4 コーナー 6番手）","順行","3","7","11.9","","小沢","栗東 矢作","未取得","","","","","","","netkeiba 結果ページ一次取得（通過順・着順・人気）",""
"順行（参考）","ドッグウッド","20260906","札幌10R","芝1800","良","14","差し有利","5着以内の最終コーナー位置（前1/3の頭数）","中（4 コーナー 8番手）","順行","5","2","5.3","","斎藤","美浦 斎藤誠","未取得","","","","","","","netkeiba 結果ページ一次取得（通過順・着順・人気）",""
"順行（参考）","ゴールデンスナップ","20260906","札幌11R","芝2600","良","14","差し有利","5着以内の最終コーナー位置（前1/3の頭数）","後（4 コーナー 13番手）","順行","2","2","5.8","","浜中","栗東 田中克","未取得","","","","","","","netkeiba 結果ページ一次取得（通過順・着順・人気）",""
"順行（参考）","グランドカリナン","20260906","札幌11R","芝2600","良","14","差し有利","5着以内の最終コーナー位置（前1/3の頭数）","後（4 コーナー 14番手）","順行","3","14","39.2","","小林美","美浦 田島","未取得","","","","","","","netkeiba 結果ページ一次取得（通過順・着順・人気）",""
"順行（参考）","エコロレイズ","20260906","札幌11R","芝2600","良","14","差し有利","5着以内の最終コーナー位置（前1/3の頭数）","後（4 コーナー 12番手）","順行","5","10","20.9","","横山琉","美浦 岩戸","未取得","","","","","","","netkeiba 結果ページ一次取得（通過順・着順・人気）",""
"順行（参考）","ザハント","20260906","札幌12R","ダ1700","良","12","前有利","5着以内の最終コーナー位置（前1/3の頭数）","前（4 コーナー 1番手）","順行","1","8","22.8","","小沢","栗東 田中克","未取得","","","","","","","netkeiba 結果ページ一次取得（通過順・着順・人気）",""
"順行（参考）","アチーヴァー","20260906","札幌12R","ダ1700","良","12","前有利","5着以内の最終コーナー位置（前1/3の頭数）","前（4 コーナー 2番手）","順行","2","2","3.8","","丹内","栗東 石坂","未取得","","","","","","","netkeiba 結果ページ一次取得（通過順・着順・人気）",""
"順行（参考）","グレイスフルマーチ","20260906","札幌12R","ダ1700","良","12","前有利","5着以内の最終コーナー位置（前1/3の頭数）","前（4 コーナー 4番手）","順行","3","1","2.9","","斎藤","栗東 中村","未取得","","","","","","","netkeiba 結果ページ一次取得（通過順・着順・人気）",""
"順行（参考）","ルースソラール","20260906","阪神01R","芝1400","良","10","差し有利（強）","5着以内の最終コーナー位置（前1/3の頭数）","後（4 コーナー 10番手）","順行","1","1","2.4","","松山","栗東 吉岡","未取得","","","","","","","netkeiba 結果ページ一次取得（通過順・着順・人気）",""
"順行（参考）","ニクスルーナ","20260906","阪神01R","芝1400","良","10","差し有利（強）","5着以内の最終コーナー位置（前1/3の頭数）","後（4 コーナー 9番手）","順行","2","2","3.5","","岩田望","栗東 高柳大","未取得","","","","","","","netkeiba 結果ページ一次取得（通過順・着順・人気）",""
"順行（参考）","シュプレヒコール","20260906","阪神01R","芝1400","良","10","差し有利（強）","5着以内の最終コーナー位置（前1/3の頭数）","中（4 コーナー 6番手）","順行","3","3","4.7","","吉村","栗東 清水久","未取得","","","","","","","netkeiba 結果ページ一次取得（通過順・着順・人気）",""
"順行（参考）","テラレガル","20260906","阪神01R","芝1400","良","10","差し有利（強）","5着以内の最終コーナー位置（前1/3の頭数）","後（4 コーナー 8番手）","順行","4","4","8.9","","松若","栗東 秋山","未取得","","","","","","","netkeiba 結果ページ一次取得（通過順・着順・人気）",""
"順行（参考）","ミスジェイド","20260906","阪神02R","ダ1200","良","16","差し有利","5着以内の最終コーナー位置（前1/3の頭数）","中（4 コーナー 9番手）","順行","2","10","38.5","","秋山稔","栗東 杉山佳","未取得","","","","","","","netkeiba 結果ページ一次取得（通過順・着順・人気）",""
"順行（参考）","ユウトザイシン","20260906","阪神02R","ダ1200","良","16","差し有利","5着以内の最終コーナー位置（前1/3の頭数）","後（4 コーナー 12番手）","順行","4","5","8.9","","藤懸","栗東 千田","未取得","","","","","","","netkeiba 結果ページ一次取得（通過順・着順・人気）",""
"順行（参考）","マイベスティー","20260906","阪神02R","ダ1200","良","16","差し有利","5着以内の最終コーナー位置（前1/3の頭数）","中（4 コーナー 6番手）","順行","5","12","64.4","","長岡","栗東 高橋亮","未取得","","","","","","","netkeiba 結果ページ一次取得（通過順・着順・人気）",""
"順行（参考）","ニシノエビガタメ","20260906","阪神03R","ダ1800","良","15","差し有利","5着以内の最終コーナー位置（前1/3の頭数）","中（4 コーナー 10番手）","順行","2","6","14.8","","Ｍデム","栗東 吉村","未取得","","","","","","","netkeiba 結果ページ一次取得（通過順・着順・人気）",""
"順行（参考）","キミガスキダ","20260906","阪神03R","ダ1800","良","15","差し有利","5着以内の最終コーナー位置（前1/3の頭数）","中（4 コーナー 8番手）","順行","3","4","9.9","","吉村","栗東 牧田","未取得","","","","","","","netkeiba 結果ページ一次取得（通過順・着順・人気）",""
"順行（参考）","ジーティーピカソ","20260906","阪神03R","ダ1800","良","15","差し有利","5着以内の最終コーナー位置（前1/3の頭数）","中（4 コーナー 6番手）","順行","5","3","5.9","","松山","栗東 宮地","未取得","","","","","","","netkeiba 結果ページ一次取得（通過順・着順・人気）",""
"順行（参考）","ティタノマキア","20260906","阪神04R","芝2000","良","15","前有利（強）","5着以内の最終コーナー位置（前1/3の頭数）","前（4 コーナー 1番手）","順行","1","1","1.9","","松山","栗東 池添","未取得","","","","","","","netkeiba 結果ページ一次取得（通過順・着順・人気）",""
"順行（参考）","オーマイラッキーン","20260906","阪神04R","芝2000","良","15","前有利（強）","5着以内の最終コーナー位置（前1/3の頭数）","前（4 コーナー 2番手）","順行","3","4","8.3","","◇永島","栗東 高橋康","未取得","","","","","","","netkeiba 結果ページ一次取得（通過順・着順・人気）",""
"順行（参考）","ロールスワン","20260906","阪神04R","芝2000","良","15","前有利（強）","5着以内の最終コーナー位置（前1/3の頭数）","前（4 コーナー 5番手）","順行","4","10","45.2","","中井","栗東 中内田","未取得","","","","","","","netkeiba 結果ページ一次取得（通過順・着順・人気）",""
"順行（参考）","グリミスティ","20260906","阪神04R","芝2000","良","15","前有利（強）","5着以内の最終コーナー位置（前1/3の頭数）","前（4 コーナー 3番手）","順行","5","12","96.7","","▲森田","栗東 森田","未取得","","","","","","","netkeiba 結果ページ一次取得（通過順・着順・人気）",""
"順行（参考）","リスグロワール","20260906","阪神05R","芝1800","良","10","差し有利","5着以内の最終コーナー位置（前1/3の頭数）","中（4 コーナー 4番手）","順行","1","2","3.9","","レーン","栗東 矢作","未取得","","","","","","","netkeiba 結果ページ一次取得（通過順・着順・人気）",""
"順行（参考）","ハートノート","20260906","阪神05R","芝1800","良","10","差し有利","5着以内の最終コーナー位置（前1/3の頭数）","中（4 コーナー 6番手）","順行","2","1","2.0","","松山","栗東 高野","未取得","","","","","","","netkeiba 結果ページ一次取得（通過順・着順・人気）",""
"順行（参考）","アストラルライト","20260906","阪神05R","芝1800","良","10","差し有利","5着以内の最終コーナー位置（前1/3の頭数）","中（4 コーナー 7番手）","順行","4","5","10.2","","岩田望","栗東 安田","未取得","","","","","","","netkeiba 結果ページ一次取得（通過順・着順・人気）",""
"順行（参考）","マクノス","20260906","阪神06R","ダ1800","良","12","前有利","5着以内の最終コーナー位置（前1/3の頭数）","前（4 コーナー 1番手）","順行","1","8","20.9","","田口","栗東 鈴木孝","未取得","","","","","","","netkeiba 結果ページ一次取得（通過順・着順・人気）",""
"順行（参考）","ガールズデイアウト","20260906","阪神06R","ダ1800","良","12","前有利","5着以内の最終コーナー位置（前1/3の頭数）","前（4 コーナー 3番手）","順行","2","2","7.4","","岩田望","栗東 吉村","未取得","","","","","","","netkeiba 結果ページ一次取得（通過順・着順・人気）",""
"順行（参考）","ガイラルディア","20260906","阪神06R","ダ1800","良","12","前有利","5着以内の最終コーナー位置（前1/3の頭数）","前（4 コーナー 2番手）","順行","4","10","76.4","","松若","栗東 藤野","未取得","","","","","","","netkeiba 結果ページ一次取得（通過順・着順・人気）",""
"順行（参考）","アイガーリー","20260906","阪神07R","芝1600","良","14","差し有利（強）","5着以内の最終コーナー位置（前1/3の頭数）","中（4 コーナー 8番手）","順行","1","11","45.1","","菱田","栗東 秋山","未取得","","","","","","","netkeiba 結果ページ一次取得（通過順・着順・人気）",""
"順行（参考）","ムーンライトラガー","20260906","阪神07R","芝1600","良","14","差し有利（強）","5着以内の最終コーナー位置（前1/3の頭数）","後（4 コーナー 11番手）","順行","3","6","17.3","","池添","栗東 大久保","未取得","","","","","","","netkeiba 結果ページ一次取得（通過順・着順・人気）",""
"順行（参考）","ロードレジェロ","20260906","阪神07R","芝1600","良","14","差し有利（強）","5着以内の最終コーナー位置（前1/3の頭数）","後（4 コーナー 12番手）","順行","4","10","38.3","","松若","栗東 藤野","未取得","","","","","","","netkeiba 結果ページ一次取得（通過順・着順・人気）",""
"順行（参考）","プチプランス","20260906","阪神07R","芝1600","良","14","差し有利（強）","5着以内の最終コーナー位置（前1/3の頭数）","中（4 コーナー 9番手）","順行","5","8","32.3","","酒井","栗東 藤岡健","未取得","","","","","","","netkeiba 結果ページ一次取得（通過順・着順・人気）",""
"順行（参考）","テーオーアルアイン","20260906","阪神08R","芝1600","良","7","差し有利","5着以内の最終コーナー位置（前1/3の頭数）","中（4 コーナー 4番手）","順行","1","2","3.5","","レーン","栗東 奥村豊","未取得","","","","","","","netkeiba 結果ページ一次取得（通過順・着順・人気）",""
"順行（参考）","ショウナンバルドル","20260906","阪神08R","芝1600","良","7","差し有利","5着以内の最終コーナー位置（前1/3の頭数）","後（4 コーナー 7番手）","順行","3","5","19.1","","田山","栗東 須貝","未取得","","","","","","","netkeiba 結果ページ一次取得（通過順・着順・人気）",""
"順行（参考）","バルセシート","20260906","阪神08R","芝1600","良","7","差し有利","5着以内の最終コーナー位置（前1/3の頭数）","後（4 コーナー 6番手）","順行","5","1","1.4","","西村淳","栗東 松下","未取得","","","","","","","netkeiba 結果ページ一次取得（通過順・着順・人気）",""
"順行（参考）","パイオニアスクエア","20260906","阪神09R","ダ1800","良","16","前有利","5着以内の最終コーナー位置（前1/3の頭数）","前（4 コーナー 3番手）","順行","1","4","10.1","","松山","栗東 茶木","未取得","","","","","","","netkeiba 結果ページ一次取得（通過順・着順・人気）",""
"順行（参考）","アメリカンコール","20260906","阪神09R","ダ1800","良","16","前有利","5着以内の最終コーナー位置（前1/3の頭数）","前（4 コーナー 2番手）","順行","2","2","4.2","","西村淳","栗東 武幸","未取得","","","","","","","netkeiba 結果ページ一次取得（通過順・着順・人気）",""
"順行（参考）","ボーントゥウォリア","20260906","阪神09R","ダ1800","良","16","前有利","5着以内の最終コーナー位置（前1/3の頭数）","前（4 コーナー 4番手）","順行","3","1","2.6","","岩田望","栗東 奥村豊","未取得","","","","","","","netkeiba 結果ページ一次取得（通過順・着順・人気）",""
"順行（参考）","ヨリノレジェンド","20260906","阪神10R","ダ1200","良","13","差し有利","5着以内の最終コーナー位置（前1/3の頭数）","中（4 コーナー 7番手）","順行","1","3","6.6","","武豊","栗東 奥村豊","未取得","","","","","","","netkeiba 結果ページ一次取得（通過順・着順・人気）",""
"順行（参考）","ウルスクローム","20260906","阪神10R","ダ1200","良","13","差し有利","5着以内の最終コーナー位置（前1/3の頭数）","中（4 コーナー 5番手）","順行","2","2","4.8","","田口","栗東 大橋","未取得","","","","","","","netkeiba 結果ページ一次取得（通過順・着順・人気）",""
"順行（参考）","メイショウヤーキス","20260906","阪神10R","ダ1200","良","13","差し有利","5着以内の最終コーナー位置（前1/3の頭数）","中（4 コーナー 8番手）","順行","5","4","9.0","","菱田","栗東 飯田","未取得","","","","","","","netkeiba 結果ページ一次取得（通過順・着順・人気）",""
"順行（参考）","フリッカージャブ","20260906","阪神11R","芝1200","良","16","前有利","5着以内の最終コーナー位置（前1/3の頭数）","前（4 コーナー 2番手）","順行","1","1","2.8","","松山","栗東 西園翔","未取得","","","","","","","netkeiba 結果ページ一次取得（通過順・着順・人気）",""
"順行（参考）","ピューロマジック","20260906","阪神11R","芝1200","良","16","前有利","5着以内の最終コーナー位置（前1/3の頭数）","前（4 コーナー 1番手）","順行","2","2","4.6","","岩田望","栗東 安田","未取得","","","","","","","netkeiba 結果ページ一次取得（通過順・着順・人気）","4角で単独先頭（2馬身以上）：楽逃げの可能性・人間確認"
"順行（参考）","クラスペディア","20260906","阪神11R","芝1200","良","16","前有利","5着以内の最終コーナー位置（前1/3の頭数）","前（4 コーナー 4番手）","順行","4","13","91.4","","小崎","栗東 河嶋","未取得","","","","","","","netkeiba 結果ページ一次取得（通過順・着順・人気）",""
"順行（参考）","フェンダー","20260906","阪神12R","ダ1400","良","16","差し有利","5着以内の最終コーナー位置（前1/3の頭数）","中（4 コーナー 7番手）","順行","1","11","46.6","","幸","栗東 柴田","未取得","","","","","","","netkeiba 結果ページ一次取得（通過順・着順・人気）",""
"順行（参考）","ダイシンリンク","20260906","阪神12R","ダ1400","良","16","差し有利","5着以内の最終コーナー位置（前1/3の頭数）","後（4 コーナー 12番手）","順行","4","6","14.8","","中井","栗東 森秀","未取得","","","","","","","netkeiba 結果ページ一次取得（通過順・着順・人気）",""
"順行（参考）","アリエスキング","20260906","阪神12R","ダ1400","良","16","差し有利","5着以内の最終コーナー位置（前1/3の頭数）","中（4 コーナー 10番手）","順行","5","5","14.6","","田口","栗東 庄野","未取得","","","","","","","netkeiba 結果ページ一次取得（通過順・着順・人気）",""
"順行（参考）","ナムラダックス","20260912","中山01R","ダ1800","不","12","差し有利","5着以内の最終コーナー位置（前1/3の頭数）","中（4 コーナー 7番手）","順行","3","9","31.9","","杉原","美浦 石栗","未取得","","","","","","","netkeiba 結果ページ一次取得（通過順・着順・人気）",""
"順行（参考）","ニシノマキロイ","20260912","中山01R","ダ1800","不","12","差し有利","5着以内の最終コーナー位置（前1/3の頭数）","中（4 コーナー 5番手）","順行","4","8","29.6","","野中","美浦 田中勝","未取得","","","","","","","netkeiba 結果ページ一次取得（通過順・着順・人気）",""
"順行（参考）","ヴィシーチェック","20260912","中山01R","ダ1800","不","12","差し有利","5着以内の最終コーナー位置（前1/3の頭数）","後（4 コーナー 9番手）","順行","5","3","4.8","","原","美浦 小手川","未取得","","","","","","","netkeiba 結果ページ一次取得（通過順・着順・人気）",""
"順行（参考）","コスモティタノ","20260912","中山02R","芝1600","重","12","前有利（強）","5着以内の最終コーナー位置（前1/3の頭数）","前（4 コーナー 2番手）","順行","2","8","36.4","","嶋田","美浦 武市","未取得","","","","","","","netkeiba 結果ページ一次取得（通過順・着順・人気）",""
"順行（参考）","マーズワース","20260912","中山02R","芝1600","重","12","前有利（強）","5着以内の最終コーナー位置（前1/3の頭数）","前（4 コーナー 1番手）","順行","3","4","6.5","","石橋脩","美浦 小手川","未取得","","","","","","","netkeiba 結果ページ一次取得（通過順・着順・人気）",""
"順行（参考）","プレママドンナ","20260912","中山02R","芝1600","重","12","前有利（強）","5着以内の最終コーナー位置（前1/3の頭数）","前（4 コーナー 4番手）","順行","4","2","4.2","","丸山","美浦 手塚徳","未取得","","","","","","","netkeiba 結果ページ一次取得（通過順・着順・人気）",""
"順行（参考）","ヨドノプレミアム","20260912","中山02R","芝1600","重","12","前有利（強）","5着以内の最終コーナー位置（前1/3の頭数）","前（4 コーナー 3番手）","順行","5","1","3.3","","吉田豊","美浦 菊川","未取得","","","","","","","netkeiba 結果ページ一次取得（通過順・着順・人気）",""
"順行（参考）","ミッキーサウザンド","20260912","中山03R","ダ1200","不","16","前有利","5着以内の最終コーナー位置（前1/3の頭数）","前（4 コーナー 5番手）","順行","1","1","4.2","","横山武","美浦 古賀大","未取得","","","","","","","netkeiba 結果ページ一次取得（通過順・着順・人気）",""
"順行（参考）","エンジェルサン","20260912","中山03R","ダ1200","不","16","前有利","5着以内の最終コーナー位置（前1/3の頭数）","前（4 コーナー 3番手）","順行","2","6","13.1","","丹内","美浦 矢嶋","未取得","","","","","","","netkeiba 結果ページ一次取得（通過順・着順・人気）",""
"順行（参考）","ツクバヴァンガード","20260912","中山03R","ダ1200","不","16","前有利","5着以内の最終コーナー位置（前1/3の頭数）","前（4 コーナー 4番手）","順行","5","4","6.5","","☆長浜","美浦 奥平","未取得","","","","","","","netkeiba 結果ページ一次取得（通過順・着順・人気）",""
"順行（参考）","カーヴドヴァン","20260912","中山04R","芝2000","重","18","前有利（強）","5着以内の最終コーナー位置（前1/3の頭数）","前（4 コーナー 6番手）","順行","1","16","64.8","","☆長浜","美浦 大和田","未取得","","","","","","","netkeiba 結果ページ一次取得（通過順・着順・人気）",""
"順行（参考）","ミナヅキ","20260912","中山04R","芝2000","重","18","前有利（強）","5着以内の最終コーナー位置（前1/3の頭数）","前（4 コーナー 2番手）","順行","2","1","2.7","","石橋脩","美浦 清水英","未取得","","","","","","","netkeiba 結果ページ一次取得（通過順・着順・人気）",""
"順行（参考）","ジェイエルグリーン","20260912","中山04R","芝2000","重","18","前有利（強）","5着以内の最終コーナー位置（前1/3の頭数）","前（4 コーナー 1番手）","順行","3","8","19.8","","原","美浦 平岩","未取得","","","","","","","netkeiba 結果ページ一次取得（通過順・着順・人気）",""
"順行（参考）","シルバープレミア","20260912","中山04R","芝2000","重","18","前有利（強）","5着以内の最終コーナー位置（前1/3の頭数）","前（4 コーナー 4番手）","順行","5","10","30.3","","▲上里","美浦 西田","未取得","","","","","","","netkeiba 結果ページ一次取得（通過順・着順・人気）",""
"順行（参考）","サトノハクマイ","20260912","中山05R","芝1600","重","11","前有利","5着以内の最終コーナー位置（前1/3の頭数）","前（4 コーナー 2番手）","順行","1","1","1.6","","斎藤","美浦 斎藤誠","未取得","","","","","","","netkeiba 結果ページ一次取得（通過順・着順・人気）",""
"順行（参考）","ブルードロップ","20260912","中山05R","芝1600","重","11","前有利","5着以内の最終コーナー位置（前1/3の頭数）","前（4 コーナー 1番手）","順行","2","2","5.4","","戸崎圭","美浦 田島","未取得","","","","","","","netkeiba 結果ページ一次取得（通過順・着順・人気）",""
"順行（参考）","オラパ","20260912","中山05R","芝1600","重","11","前有利","5着以内の最終コーナー位置（前1/3の頭数）","前（4 コーナー 3番手）","順行","5","5","15.3","","菊沢","美浦 伊坂","未取得","","","","","","","netkeiba 結果ページ一次取得（通過順・着順・人気）",""
"順行（参考）","ナイトパイロット","20260912","中山06R","ダ1200","不","12","前有利（強）","5着以内の最終コーナー位置（前1/3の頭数）","前（4 コーナー 3番手）","順行","1","3","10.8","","横山琉","美浦 相沢","未取得","","","","","","","netkeiba 結果ページ一次取得（通過順・着順・人気）",""
"順行（参考）","ジェミニディウ","20260912","中山06R","ダ1200","不","12","前有利（強）","5着以内の最終コーナー位置（前1/3の頭数）","前（4 コーナー 4番手）","順行","2","8","31.5","","丹内","美浦 伊藤圭","未取得","","","","","","","netkeiba 結果ページ一次取得（通過順・着順・人気）",""
"順行（参考）","アーバーバイティ","20260912","中山06R","ダ1200","不","12","前有利（強）","5着以内の最終コーナー位置（前1/3の頭数）","前（4 コーナー 2番手）","順行","3","4","16.5","","嶋田","美浦 武市","未取得","","","","","","","netkeiba 結果ページ一次取得（通過順・着順・人気）",""
"順行（参考）","レーヴデリオン","20260912","中山06R","ダ1200","不","12","前有利（強）","5着以内の最終コーナー位置（前1/3の頭数）","前（4 コーナー 1番手）","順行","4","1","1.4","","石橋脩","美浦 上原佑","未取得","","","","","","","netkeiba 結果ページ一次取得（通過順・着順・人気）",""
"順行（参考）","カシマライフウ","20260912","中山07R","ダ1800","不","16","前有利（強）","5着以内の最終コーナー位置（前1/3の頭数）","前（4 コーナー 5番手）","順行","1","1","2.3","","大野","美浦 伊藤伸","未取得","","","","","","","netkeiba 結果ページ一次取得（通過順・着順・人気）",""
"順行（参考）","イーサンミラー","20260912","中山07R","ダ1800","不","16","前有利（強）","5着以内の最終コーナー位置（前1/3の頭数）","前（4 コーナー 4番手）","順行","2","8","19.9","","丹内","美浦 稲垣","未取得","","","","","","","netkeiba 結果ページ一次取得（通過順・着順・人気）",""
"順行（参考）","サングラント","20260912","中山07R","ダ1800","不","16","前有利（強）","5着以内の最終コーナー位置（前1/3の頭数）","前（4 コーナー 2番手）","順行","4","2","5.1","","三浦","美浦 金成","未取得","","","","","","","netkeiba 結果ページ一次取得（通過順・着順・人気）",""
"順行（参考）","ゴールドプレイヤー","20260912","中山07R","ダ1800","不","16","前有利（強）","5着以内の最終コーナー位置（前1/3の頭数）","前（4 コーナー 3番手）","順行","5","3","6.7","","戸崎圭","美浦 古賀慎","未取得","","","","","","","netkeiba 結果ページ一次取得（通過順・着順・人気）",""
"順行（参考）","ヤマニンヘルシェ","20260912","中山08R","芝2500","重","14","前有利（強）","5着以内の最終コーナー位置（前1/3の頭数）","前（4 コーナー 2番手）","順行","1","2","4.8","","大野","美浦 辻","未取得","","","","","","","netkeiba 結果ページ一次取得（通過順・着順・人気）",""
"順行（参考）","コスモナエマ","20260912","中山08R","芝2500","重","14","前有利（強）","5着以内の最終コーナー位置（前1/3の頭数）","前（4 コーナー 1番手）","順行","2","4","5.7","","丹内","美浦 手塚久","未取得","","","","","","","netkeiba 結果ページ一次取得（通過順・着順・人気）","4角で単独先頭（2馬身以上）：楽逃げの可能性・人間確認"
"順行（参考）","スノーディーヴァ","20260912","中山08R","芝2500","重","14","前有利（強）","5着以内の最終コーナー位置（前1/3の頭数）","前（4 コーナー 4番手）","順行","3","9","52.8","","☆長浜","美浦 深山","未取得","","","","","","","netkeiba 結果ページ一次取得（通過順・着順・人気）",""
"順行（参考）","ヴァルカンテソーロ","20260912","中山08R","芝2500","重","14","前有利（強）","5着以内の最終コーナー位置（前1/3の頭数）","前（4 コーナー 3番手）","順行","5","1","3.6","","戸崎圭","美浦 嘉藤","未取得","","","","","","","netkeiba 結果ページ一次取得（通過順・着順・人気）",""
"順行（参考）","シャンソンドール","20260912","中山09R","芝1600","重","14","差し有利（強）","5着以内の最終コーナー位置（前1/3の頭数）","中（4 コーナー 7番手）","順行","2","1","2.7","","戸崎圭","美浦 奥村武","未取得","","","","","","","netkeiba 結果ページ一次取得（通過順・着順・人気）",""
"順行（参考）","ルナルーチェット","20260912","中山09R","芝1600","重","14","差し有利（強）","5着以内の最終コーナー位置（前1/3の頭数）","中（4 コーナー 5番手）","順行","3","3","7.3","","ミシェ","美浦 松尾","未取得","","","","","","","netkeiba 結果ページ一次取得（通過順・着順・人気）",""
"順行（参考）","レイユール","20260912","中山09R","芝1600","重","14","差し有利（強）","5着以内の最終コーナー位置（前1/3の頭数）","中（4 コーナー 10番手）","順行","4","7","28.3","","長浜","美浦 手塚久","未取得","","","","","","","netkeiba 結果ページ一次取得（通過順・着順・人気）",""
"順行（参考）","ホウオウシンデレラ","20260912","中山09R","芝1600","重","14","差し有利（強）","5着以内の最終コーナー位置（前1/3の頭数）","中（4 コーナー 6番手）","順行","5","5","14.2","","丸田","美浦 奥村武","未取得","","","","","","","netkeiba 結果ページ一次取得（通過順・着順・人気）",""
"順行（参考）","アマイ","20260912","中山10R","芝2000","重","11","前有利","5着以内の最終コーナー位置（前1/3の頭数）","前（4 コーナー 1番手）","順行","1","9","19.1","","江田照","美浦 伊藤大","未取得","","","","","","","netkeiba 結果ページ一次取得（通過順・着順・人気）",""
"順行（参考）","マイネルフーガ","20260912","中山10R","芝2000","重","11","前有利","5着以内の最終コーナー位置（前1/3の頭数）","前（4 コーナー 2番手）","順行","3","5","8.5","","丹内","美浦 鈴木慎","未取得","","","","","","","netkeiba 結果ページ一次取得（通過順・着順・人気）",""
"順行（参考）","トーアライデン","20260912","中山10R","芝2000","重","11","前有利","5着以内の最終コーナー位置（前1/3の頭数）","前（4 コーナー 3番手）","順行","5","8","13.0","","大野","栗東 河嶋","未取得","","","","","","","netkeiba 結果ページ一次取得（通過順・着順・人気）",""
"順行（参考）","ユキマル","20260912","中山11R","ダ1200","重","15","差し有利","5着以内の最終コーナー位置（前1/3の頭数）","中（4 コーナー 7番手）","順行","1","3","6.3","","丹内","美浦 尾形","未取得","","","","","","","netkeiba 結果ページ一次取得（通過順・着順・人気）",""
"順行（参考）","ゲイルライダー","20260912","中山11R","ダ1200","重","15","差し有利","5着以内の最終コーナー位置（前1/3の頭数）","中（4 コーナー 6番手）","順行","4","1","3.7","","菊沢","栗東 牧浦","未取得","","","","","","","netkeiba 結果ページ一次取得（通過順・着順・人気）",""
"順行（参考）","ショウナンアビアス","20260912","中山11R","ダ1200","重","15","差し有利","5着以内の最終コーナー位置（前1/3の頭数）","中（4 コーナー 10番手）","順行","5","7","21.7","","横山武","美浦 加藤士","未取得","","","","","","","netkeiba 結果ページ一次取得（通過順・着順・人気）",""
"順行（参考）","インナーパッション","20260912","中山12R","ダ1800","重","16","差し有利","5着以内の最終コーナー位置（前1/3の頭数）","中（4 コーナー 7番手）","順行","1","4","9.2","","斎藤","美浦 斎藤誠","未取得","","","","","","","netkeiba 結果ページ一次取得（通過順・着順・人気）",""
"順行（参考）","アバレリュウ","20260912","中山12R","ダ1800","重","16","差し有利","5着以内の最終コーナー位置（前1/3の頭数）","後（4 コーナー 14番手）","順行","4","10","70.4","","野中","美浦 鈴木慎","未取得","","","","","","","netkeiba 結果ページ一次取得（通過順・着順・人気）",""
"順行（参考）","カーマンライン","20260912","中山12R","ダ1800","重","16","差し有利","5着以内の最終コーナー位置（前1/3の頭数）","後（4 コーナー 12番手）","順行","5","13","125.1","","江田照","美浦 小島","未取得","","","","","","","netkeiba 結果ページ一次取得（通過順・着順・人気）",""
"順行（参考）","ショウナンバトレニ","20260912","阪神02R","芝2000","良","7","差し有利（強）","5着以内の最終コーナー位置（前1/3の頭数）","中（4 コーナー 3番手）","順行","1","1","1.3","","松山","栗東 高野","未取得","","","","","","","netkeiba 結果ページ一次取得（通過順・着順・人気）",""
"順行（参考）","ハルカカナタ","20260912","阪神02R","芝2000","良","7","差し有利（強）","5着以内の最終コーナー位置（前1/3の頭数）","中（4 コーナー 5番手）","順行","3","2","6.3","","幸","栗東 秋山","未取得","","","","","","","netkeiba 結果ページ一次取得（通過順・着順・人気）",""
"順行（参考）","ケイアイトリノ","20260912","阪神02R","芝2000","良","7","差し有利（強）","5着以内の最終コーナー位置（前1/3の頭数）","後（4 コーナー 6番手）","順行","4","4","10.0","","藤懸","栗東 平田","未取得","","","","","","","netkeiba 結果ページ一次取得（通過順・着順・人気）",""
"順行（参考）","マスリュウオー","20260912","阪神02R","芝2000","良","7","差し有利（強）","5着以内の最終コーナー位置（前1/3の頭数）","中（4 コーナー 4番手）","順行","5","5","14.3","","西村淳","栗東 加藤公","未取得","","","","","","","netkeiba 結果ページ一次取得（通過順・着順・人気）",""
"順行（参考）","ホットロッドハート","20260912","阪神03R","ダ1800","稍","7","差し有利","5着以内の最終コーナー位置（前1/3の頭数）","中（4 コーナー 3番手）","順行","1","1","1.6","","吉村","栗東 前川","未取得","","","","","","","netkeiba 結果ページ一次取得（通過順・着順・人気）",""
"順行（参考）","ジュンヴァグネル","20260912","阪神03R","ダ1800","稍","7","差し有利","5着以内の最終コーナー位置（前1/3の頭数）","中（4 コーナー 5番手）","順行","4","2","3.3","","幸","栗東 浜田","未取得","","","","","","","netkeiba 結果ページ一次取得（通過順・着順・人気）",""
"順行（参考）","ナポリ","20260912","阪神03R","ダ1800","稍","7","差し有利","5着以内の最終コーナー位置（前1/3の頭数）","中（4 コーナー 4番手）","順行","5","6","18.7","","☆田山","栗東 井上","未取得","","","","","","","netkeiba 結果ページ一次取得（通過順・着順・人気）",""
"順行（参考）","ラッキーストーン","20260912","阪神04R","芝1800","良","18","差し有利","5着以内の最終コーナー位置（前1/3の頭数）","後（4 コーナー 14番手）","順行","1","11","32.4","","田口","栗東 高柳大","未取得","","","","","","","netkeiba 結果ページ一次取得（通過順・着順・人気）",""
"順行（参考）","ビロングトゥミー","20260912","阪神04R","芝1800","良","18","差し有利","5着以内の最終コーナー位置（前1/3の頭数）","後（4 コーナー 15番手）","順行","3","10","30.5","","▲森田","栗東 前川","未取得","","","","","","","netkeiba 結果ページ一次取得（通過順・着順・人気）",""
"順行（参考）","アイルドゥレーヴェ","20260912","阪神04R","芝1800","良","18","差し有利","5着以内の最終コーナー位置（前1/3の頭数）","中（4 コーナー 10番手）","順行","4","9","18.9","","☆田山","栗東 新谷","未取得","","","","","","","netkeiba 結果ページ一次取得（通過順・着順・人気）",""
"順行（参考）","ルーメンルーナエ","20260912","阪神05R","芝1600","良","10","差し有利","5着以内の最終コーナー位置（前1/3の頭数）","中（4 コーナー 5番手）","順行","2","1","1.9","","川田","栗東 中内田","未取得","","","","","","","netkeiba 結果ページ一次取得（通過順・着順・人気）",""
"順行（参考）","ベルセルク","20260912","阪神05R","芝1600","良","10","差し有利","5着以内の最終コーナー位置（前1/3の頭数）","中（4 コーナー 7番手）","順行","3","10","115.9","","幸","栗東 森田","未取得","","","","","","","netkeiba 結果ページ一次取得（通過順・着順・人気）",""
"順行（参考）","キシゲヒーロー","20260912","阪神05R","芝1600","良","10","差し有利","5着以内の最終コーナー位置（前1/3の頭数）","中（4 コーナー 6番手）","順行","4","9","51.6","","角田和","栗東 中尾","未取得","","","","","","","netkeiba 結果ページ一次取得（通過順・着順・人気）",""
"順行（参考）","エピドゥブレ","20260912","阪神06R","ダ1800","稍","8","差し有利","5着以内の最終コーナー位置（前1/3の頭数）","中（4 コーナー 3番手）","順行","1","1","1.9","","西村淳","栗東 高野","未取得","","","","","","","netkeiba 結果ページ一次取得（通過順・着順・人気）",""
"順行（参考）","ミンコフスキー","20260912","阪神06R","ダ1800","稍","8","差し有利","5着以内の最終コーナー位置（前1/3の頭数）","中（4 コーナー 4番手）","順行","3","6","10.3","","高杉","栗東 前川","未取得","","","","","","","netkeiba 結果ページ一次取得（通過順・着順・人気）",""
"順行（参考）","ボーオーブ","20260912","阪神06R","ダ1800","稍","8","差し有利","5着以内の最終コーナー位置（前1/3の頭数）","中（4 コーナー 6番手）","順行","4","2","5.3","","ルメー","栗東 安田","未取得","","","","","","","netkeiba 結果ページ一次取得（通過順・着順・人気）",""
"順行（参考）","バルフルール","20260912","阪神07R","ダ1400","稍","16","差し有利","5着以内の最終コーナー位置（前1/3の頭数）","中（4 コーナー 6番手）","順行","3","5","10.9","","角田和","栗東 長谷川","未取得","","","","","","","netkeiba 結果ページ一次取得（通過順・着順・人気）",""
"順行（参考）","メイショウヒタカミ","20260912","阪神07R","ダ1400","稍","16","差し有利","5着以内の最終コーナー位置（前1/3の頭数）","後（4 コーナー 13番手）","順行","4","12","41.1","","太宰","栗東 石橋","未取得","","","","","","","netkeiba 結果ページ一次取得（通過順・着順・人気）",""
"順行（参考）","マイベスティー","20260912","阪神07R","ダ1400","稍","16","差し有利","5着以内の最終コーナー位置（前1/3の頭数）","中（4 コーナー 7番手）","順行","5","7","13.1","","松若","栗東 高橋亮","未取得","","","","","","","netkeiba 結果ページ一次取得（通過順・着順・人気）",""
"順行（参考）","アクセス","20260912","阪神08R","芝1800","良","14","前有利（強）","5着以内の最終コーナー位置（前1/3の頭数）","前（4 コーナー 3番手）","順行","1","1","2.3","","岩田望","栗東 上村","未取得","","","","","","","netkeiba 結果ページ一次取得（通過順・着順・人気）",""
"順行（参考）","サトノアグード","20260912","阪神08R","芝1800","良","14","前有利（強）","5着以内の最終コーナー位置（前1/3の頭数）","前（4 コーナー 2番手）","順行","2","2","3.6","","坂井","栗東 藤原","未取得","","","","","","","netkeiba 結果ページ一次取得（通過順・着順・人気）",""
"順行（参考）","マイリトルヒーロー","20260912","阪神08R","芝1800","良","14","前有利（強）","5着以内の最終コーナー位置（前1/3の頭数）","前（4 コーナー 4番手）","順行","3","5","20.3","","幸","栗東 高橋康","未取得","","","","","","","netkeiba 結果ページ一次取得（通過順・着順・人気）",""
"順行（参考）","コレオシークエンス","20260912","阪神08R","芝1800","良","14","前有利（強）","5着以内の最終コーナー位置（前1/3の頭数）","前（4 コーナー 1番手）","順行","4","3","4.0","","浜中","栗東 佐藤悠","未取得","","","","","","","netkeiba 結果ページ一次取得（通過順・着順・人気）",""
"順行（参考）","ワンコールアウェイ","20260912","阪神09R","芝1400","良","13","差し有利（強）","5着以内の最終コーナー位置（前1/3の頭数）","後（4 コーナー 12番手）","順行","2","5","10.0","","松若","栗東 杉山晴","未取得","","","","","","","netkeiba 結果ページ一次取得（通過順・着順・人気）",""
"順行（参考）","ダガーリング","20260912","阪神09R","芝1400","良","13","差し有利（強）","5着以内の最終コーナー位置（前1/3の頭数）","中（4 コーナー 6番手）","順行","3","1","3.8","","坂井","栗東 柴田","未取得","","","","","","","netkeiba 結果ページ一次取得（通過順・着順・人気）",""
"順行（参考）","ネッタイヤライ","20260912","阪神09R","芝1400","良","13","差し有利（強）","5着以内の最終コーナー位置（前1/3の頭数）","後（4 コーナー 11番手）","順行","4","7","19.4","","北村友","栗東 矢作","未取得","","","","","","","netkeiba 結果ページ一次取得（通過順・着順・人気）",""
"順行（参考）","リアライズ","20260912","阪神09R","芝1400","良","13","差し有利（強）","5着以内の最終コーナー位置（前1/3の頭数）","中（4 コーナー 5番手）","順行","5","12","51.4","","角田和","栗東 石橋","未取得","","","","","","","netkeiba 結果ページ一次取得（通過順・着順・人気）",""
"順行（参考）","レヴァンテシチー","20260912","阪神10R","ダ1800","良","15","差し有利","5着以内の最終コーナー位置（前1/3の頭数）","中（4 コーナー 7番手）","順行","3","5","10.6","","吉村","栗東 柴田","未取得","","","","","","","netkeiba 結果ページ一次取得（通過順・着順・人気）",""
"順行（参考）","ブルーワール","20260912","阪神10R","ダ1800","良","15","差し有利","5着以内の最終コーナー位置（前1/3の頭数）","後（4 コーナー 11番手）","順行","4","13","58.0","","田口","栗東 高柳大","未取得","","","","","","","netkeiba 結果ページ一次取得（通過順・着順・人気）",""
"順行（参考）","ルクスフレンジー","20260912","阪神10R","ダ1800","良","15","差し有利","5着以内の最終コーナー位置（前1/3の頭数）","中（4 コーナー 9番手）","順行","5","3","5.7","","酒井","栗東 松永幹","未取得","","","","","","","netkeiba 結果ページ一次取得（通過順・着順・人気）",""
"順行（参考）","ジョバンニ","20260912","阪神11R","芝2000","良","15","差し有利","5着以内の最終コーナー位置（前1/3の頭数）","中（4 コーナー 6番手）","順行","1","3","7.1","","松山","栗東 杉山晴","未取得","","","","","","","netkeiba 結果ページ一次取得（通過順・着順・人気）",""
"順行（参考）","カラマティアノス","20260912","阪神11R","芝2000","良","15","差し有利","5着以内の最終コーナー位置（前1/3の頭数）","中（4 コーナー 7番手）","順行","2","9","18.5","","ルメー","美浦 奥村武","未取得","","","","","","","netkeiba 結果ページ一次取得（通過順・着順・人気）",""
"順行（参考）","マリアイリダータ","20260912","阪神11R","芝2000","良","15","差し有利","5着以内の最終コーナー位置（前1/3の頭数）","後（4 コーナー 12番手）","順行","4","2","4.5","","坂井","美浦 田中博","未取得","","","","","","","netkeiba 結果ページ一次取得（通過順・着順・人気）",""
"順行（参考）","ゴールドアーチ","20260912","阪神12R","ダ1200","良","16","前有利","5着以内の最終コーナー位置（前1/3の頭数）","前（4 コーナー 2番手）","順行","1","2","4.5","","岩田望","栗東 坂口","未取得","","","","","","","netkeiba 結果ページ一次取得（通過順・着順・人気）",""
"順行（参考）","スターフュージョン","20260912","阪神12R","ダ1200","良","16","前有利","5着以内の最終コーナー位置（前1/3の頭数）","前（4 コーナー 5番手）","順行","2","4","7.9","","鮫島駿","栗東 杉山佳","未取得","","","","","","","netkeiba 結果ページ一次取得（通過順・着順・人気）",""
"順行（参考）","ヒルノプーリア","20260912","阪神12R","ダ1200","良","16","前有利","5着以内の最終コーナー位置（前1/3の頭数）","前（4 コーナー 1番手）","順行","5","1","2.5","","秋山稔","栗東 北出","未取得","","","","","","","netkeiba 結果ページ一次取得（通過順・着順・人気）",""
"順行（参考）","テキサス","20260913","中山02R","芝2000","重","9","前有利","5着以内の最終コーナー位置（前1/3の頭数）","前（4 コーナー 2番手）","順行","1","2","2.5","","岩田望","美浦 田中博","未取得","","","","","","","netkeiba 結果ページ一次取得（通過順・着順・人気）",""
"順行（参考）","サーギュスターヴ","20260913","中山02R","芝2000","重","9","前有利","5着以内の最終コーナー位置（前1/3の頭数）","前（4 コーナー 1番手）","順行","2","7","64.6","","丹内","美浦 杉浦","未取得","","","","","","","netkeiba 結果ページ一次取得（通過順・着順・人気）",""
"順行（参考）","シュートザワークス","20260913","中山02R","芝2000","重","9","前有利","5着以内の最終コーナー位置（前1/3の頭数）","前（4 コーナー 3番手）","順行","3","1","2.3","","津村","美浦 千葉","未取得","","","","","","","netkeiba 結果ページ一次取得（通過順・着順・人気）",""
"順行（参考）","アレックスケー","20260913","中山03R","ダ1200","重","16","前有利","5着以内の最終コーナー位置（前1/3の頭数）","前（4 コーナー 2番手）","順行","1","2","4.7","","石橋脩","美浦 小野","未取得","","","","","","","netkeiba 結果ページ一次取得（通過順・着順・人気）",""
"順行（参考）","アルニタク","20260913","中山03R","ダ1200","重","16","前有利","5着以内の最終コーナー位置（前1/3の頭数）","前（4 コーナー 1番手）","順行","2","5","17.9","","▲佐藤","美浦 伊藤圭","未取得","","","","","","","netkeiba 結果ページ一次取得（通過順・着順・人気）",""
"順行（参考）","ラフエルガ","20260913","中山03R","ダ1200","重","16","前有利","5着以内の最終コーナー位置（前1/3の頭数）","前（4 コーナー 5番手）","順行","3","1","1.9","","横山武","美浦 鈴木伸","未取得","","","","","","","netkeiba 結果ページ一次取得（通過順・着順・人気）",""
"順行（参考）","ショウナンバーボン","20260913","中山04R","芝1600","重","14","差し有利","5着以内の最終コーナー位置（前1/3の頭数）","中（4 コーナー 5番手）","順行","1","1","4.5","","松山","美浦 加藤士","未取得","","","","","","","netkeiba 結果ページ一次取得（通過順・着順・人気）",""
"順行（参考）","ランウェイミューズ","20260913","中山04R","芝1600","重","14","差し有利","5着以内の最終コーナー位置（前1/3の頭数）","中（4 コーナー 8番手）","順行","3","5","9.2","","丹内","美浦 竹内","未取得","","","","","","","netkeiba 結果ページ一次取得（通過順・着順・人気）",""
"順行（参考）","ダイユウルミナス","20260913","中山04R","芝1600","重","14","差し有利","5着以内の最終コーナー位置（前1/3の頭数）","後（4 コーナー 13番手）","順行","4","8","13.0","","◇小林美","美浦 松永康","未取得","","","","","","","netkeiba 結果ページ一次取得（通過順・着順・人気）",""
"順行（参考）","タンタトリス","20260913","中山05R","芝1800","稍","11","差し有利","5着以内の最終コーナー位置（前1/3の頭数）","中（4 コーナー 7番手）","順行","2","6","8.9","","横山武","美浦 矢嶋","未取得","","","","","","","netkeiba 結果ページ一次取得（通過順・着順・人気）",""
"順行（参考）","ラルコ","20260913","中山05R","芝1800","稍","11","差し有利","5着以内の最終コーナー位置（前1/3の頭数）","中（4 コーナー 4番手）","順行","4","2","3.8","","田辺","美浦 中舘","未取得","","","","","","","netkeiba 結果ページ一次取得（通過順・着順・人気）",""
"順行（参考）","ストロングボイス","20260913","中山05R","芝1800","稍","11","差し有利","5着以内の最終コーナー位置（前1/3の頭数）","中（4 コーナー 6番手）","順行","5","7","25.7","","丸山","美浦 手塚徳","未取得","","","","","","","netkeiba 結果ページ一次取得（通過順・着順・人気）",""
"順行（参考）","オートカリテ","20260913","中山06R","ダ1800","重","16","差し有利","5着以内の最終コーナー位置（前1/3の頭数）","中（4 コーナー 6番手）","順行","1","8","23.8","","ミシェ","美浦 牧","未取得","","","","","","","netkeiba 結果ページ一次取得（通過順・着順・人気）",""
"順行（参考）","ゴールデンダガー","20260913","中山06R","ダ1800","重","16","差し有利","5着以内の最終コーナー位置（前1/3の頭数）","中（4 コーナー 8番手）","順行","3","5","15.7","","横山琉","美浦 中舘","未取得","","","","","","","netkeiba 結果ページ一次取得（通過順・着順・人気）",""
"順行（参考）","ヨーゼフ","20260913","中山06R","ダ1800","重","16","差し有利","5着以内の最終コーナー位置（前1/3の頭数）","後（4 コーナー 14番手）","順行","5","4","11.2","","武藤","美浦 戸田","未取得","","","","","","","netkeiba 結果ページ一次取得（通過順・着順・人気）",""
"順行（参考）","ナハトナナレオン","20260913","中山07R","芝1600","稍","16","差し有利","5着以内の最終コーナー位置（前1/3の頭数）","中（4 コーナー 8番手）","順行","3","3","7.7","","横山武","美浦 矢嶋","未取得","","","","","","","netkeiba 結果ページ一次取得（通過順・着順・人気）",""
"順行（参考）","シャオママル","20260913","中山07R","芝1600","稍","16","差し有利","5着以内の最終コーナー位置（前1/3の頭数）","後（4 コーナー 12番手）","順行","4","10","22.9","","丸田","美浦 加藤士","未取得","","","","","","","netkeiba 結果ページ一次取得（通過順・着順・人気）",""
"順行（参考）","ラヴスコール","20260913","中山07R","芝1600","稍","16","差し有利","5着以内の最終コーナー位置（前1/3の頭数）","中（4 コーナー 9番手）","順行","5","12","28.9","","鮫島駿","美浦 加藤征","未取得","","","","","","","netkeiba 結果ページ一次取得（通過順・着順・人気）",""
"順行（参考）","クラシオン","20260913","中山08R","ダ1200","重","16","前有利","5着以内の最終コーナー位置（前1/3の頭数）","前（4 コーナー 1番手）","順行","1","5","9.6","","菊沢","美浦 菊沢","未取得","","","","","","","netkeiba 結果ページ一次取得（通過順・着順・人気）",""
"順行（参考）","ラルフテソーロ","20260913","中山08R","ダ1200","重","16","前有利","5着以内の最終コーナー位置（前1/3の頭数）","前（4 コーナー 2番手）","順行","2","2","4.9","","丹内","美浦 伊藤圭","未取得","","","","","","","netkeiba 結果ページ一次取得（通過順・着順・人気）",""
"順行（参考）","エルムラント","20260913","中山08R","ダ1200","重","16","前有利","5着以内の最終コーナー位置（前1/3の頭数）","前（4 コーナー 4番手）","順行","3","6","14.5","","三浦","美浦 鹿戸","未取得","","","","","","","netkeiba 結果ページ一次取得（通過順・着順・人気）",""
"順行（参考）","ブルーマエストロ","20260913","中山09R","芝1800","稍","11","差し有利（強）","5着以内の最終コーナー位置（前1/3の頭数）","中（4 コーナー 5番手）","順行","1","1","2.5","","川田","美浦 黒岩","未取得","","","","","","","netkeiba 結果ページ一次取得（通過順・着順・人気）",""
"順行（参考）","ヤマニンガラッシア","20260913","中山09R","芝1800","稍","11","差し有利（強）","5着以内の最終コーナー位置（前1/3の頭数）","中（4 コーナー 4番手）","順行","2","8","41.2","","大野","美浦 辻","未取得","","","","","","","netkeiba 結果ページ一次取得（通過順・着順・人気）",""
"順行（参考）","イベントホライゾン","20260913","中山09R","芝1800","稍","11","差し有利（強）","5着以内の最終コーナー位置（前1/3の頭数）","中（4 コーナー 6番手）","順行","4","2","2.9","","松山","栗東 池江","未取得","","","","","","","netkeiba 結果ページ一次取得（通過順・着順・人気）",""
"順行（参考）","グランカンタンテ","20260913","中山09R","芝1800","稍","11","差し有利（強）","5着以内の最終コーナー位置（前1/3の頭数）","中（4 コーナー 8番手）","順行","5","7","33.1","","三浦","美浦 鹿戸","未取得","","","","","","","netkeiba 結果ページ一次取得（通過順・着順・人気）",""
"順行（参考）","ドンレパルス","20260913","中山10R","ダ1200","重","10","差し有利","5着以内の最終コーナー位置（前1/3の頭数）","中（4 コーナー 6番手）","順行","1","4","5.2","","三浦","美浦 高木","未取得","","","","","","","netkeiba 結果ページ一次取得（通過順・着順・人気）",""
"順行（参考）","ワンダラー","20260913","中山10R","ダ1200","重","10","差し有利","5着以内の最終コーナー位置（前1/3の頭数）","後（4 コーナー 8番手）","順行","2","3","4.8","","丹内","美浦 黒岩","未取得","","","","","","","netkeiba 結果ページ一次取得（通過順・着順・人気）",""
"順行（参考）","イリフィ","20260913","中山10R","ダ1200","重","10","差し有利","5着以内の最終コーナー位置（前1/3の頭数）","中（4 コーナー 4番手）","順行","5","2","4.2","","川田","栗東 高野","未取得","","","","","","","netkeiba 結果ページ一次取得（通過順・着順・人気）",""
"順行（参考）","ジャスティンシカゴ","20260913","中山11R","芝2200","稍","16","前有利","5着以内の最終コーナー位置（前1/3の頭数）","前（4 コーナー 3番手）","順行","1","12","50.6","","原","美浦 宮田","未取得","","","","","","","netkeiba 結果ページ一次取得（通過順・着順・人気）",""
"順行（参考）","サヴォアフェール","20260913","中山11R","芝2200","稍","16","前有利","5着以内の最終コーナー位置（前1/3の頭数）","前（4 コーナー 5番手）","順行","2","2","4.7","","松山","栗東 杉山晴","未取得","","","","","","","netkeiba 結果ページ一次取得（通過順・着順・人気）",""
"順行（参考）","アスクエジンバラ","20260913","中山11R","芝2200","稍","16","前有利","5着以内の最終コーナー位置（前1/3の頭数）","前（4 コーナー 2番手）","順行","4","3","5.0","","岩田康","栗東 福永","未取得","","","","","","","netkeiba 結果ページ一次取得（通過順・着順・人気）",""
"順行（参考）","ジェイエルモーダル","20260913","中山12R","ダ1800","稍","13","差し有利（強）","5着以内の最終コーナー位置（前1/3の頭数）","中（4 コーナー 7番手）","順行","1","1","1.8","","田辺","美浦 松尾","未取得","","","","","","","netkeiba 結果ページ一次取得（通過順・着順・人気）",""
"順行（参考）","ニシノケンタマン","20260913","中山12R","ダ1800","稍","13","差し有利（強）","5着以内の最終コーナー位置（前1/3の頭数）","中（4 コーナー 8番手）","順行","3","8","29.9","","野中","美浦 深山","未取得","","","","","","","netkeiba 結果ページ一次取得（通過順・着順・人気）",""
"順行（参考）","カゼノタカトシ","20260913","中山12R","ダ1800","稍","13","差し有利（強）","5着以内の最終コーナー位置（前1/3の頭数）","中（4 コーナー 6番手）","順行","4","6","18.8","","◇今村","美浦 久保田","未取得","","","","","","","netkeiba 結果ページ一次取得（通過順・着順・人気）",""
"順行（参考）","ナイトスラッガー","20260913","中山12R","ダ1800","稍","13","差し有利（強）","5着以内の最終コーナー位置（前1/3の頭数）","中（4 コーナー 5番手）","順行","5","3","6.6","","横山武","美浦 小手川","未取得","","","","","","","netkeiba 結果ページ一次取得（通過順・着順・人気）",""
"順行（参考）","ウンディーネ","20260913","阪神01R","ダ1400","良","11","差し有利","5着以内の最終コーナー位置（前1/3の頭数）","中（4 コーナー 5番手）","順行","1","1","2.8","","坂井","栗東 井上","未取得","","","","","","","netkeiba 結果ページ一次取得（通過順・着順・人気）",""
"順行（参考）","ウィザードシチー","20260913","阪神01R","ダ1400","良","11","差し有利","5着以内の最終コーナー位置（前1/3の頭数）","中（4 コーナー 8番手）","順行","3","6","16.0","","亀田","栗東 北出","未取得","","","","","","","netkeiba 結果ページ一次取得（通過順・着順・人気）",""
"順行（参考）","ヘスティア","20260913","阪神01R","ダ1400","良","11","差し有利","5着以内の最終コーナー位置（前1/3の頭数）","中（4 コーナー 6番手）","順行","4","3","5.5","","角田和","栗東 高橋亮","未取得","","","","","","","netkeiba 結果ページ一次取得（通過順・着順・人気）",""
"順行（参考）","ブレイクガール","20260913","阪神02R","芝1600","良","7","差し有利","5着以内の最終コーナー位置（前1/3の頭数）","中（4 コーナー 5番手）","順行","1","1","1.4","","ルメー","栗東 武幸","未取得","","","","","","","netkeiba 結果ページ一次取得（通過順・着順・人気）",""
"順行（参考）","レイクイーン","20260913","阪神02R","芝1600","良","7","差し有利","5着以内の最終コーナー位置（前1/3の頭数）","中（4 コーナー 3番手）","順行","2","4","8.1","","戸崎圭","栗東 中村","未取得","","","","","","","netkeiba 結果ページ一次取得（通過順・着順・人気）",""
"順行（参考）","コトテーラー","20260913","阪神02R","芝1600","良","7","差し有利","5着以内の最終コーナー位置（前1/3の頭数）","中（4 コーナー 4番手）","順行","4","3","6.4","","☆田山","栗東 緒方","未取得","","","","","","","netkeiba 結果ページ一次取得（通過順・着順・人気）",""
"順行（参考）","タガノランパート","20260913","阪神03R","ダ1800","良","16","前有利（強）","5着以内の最終コーナー位置（前1/3の頭数）","前（4 コーナー 2番手）","順行","1","1","3.4","","田口","栗東 奥村豊","未取得","","","","","","","netkeiba 結果ページ一次取得（通過順・着順・人気）",""
"順行（参考）","ラミエルノムスコ","20260913","阪神03R","ダ1800","良","16","前有利（強）","5着以内の最終コーナー位置（前1/3の頭数）","前（4 コーナー 5番手）","順行","2","3","5.4","","吉村","栗東 千田","未取得","","","","","","","netkeiba 結果ページ一次取得（通過順・着順・人気）",""
"順行（参考）","ブルーザー","20260913","阪神03R","ダ1800","良","16","前有利（強）","5着以内の最終コーナー位置（前1/3の頭数）","前（4 コーナー 3番手）","順行","3","4","7.9","","☆田山","栗東 池添","未取得","","","","","","","netkeiba 結果ページ一次取得（通過順・着順・人気）",""
"順行（参考）","クロレ","20260913","阪神03R","ダ1800","良","16","前有利（強）","5着以内の最終コーナー位置（前1/3の頭数）","前（4 コーナー 4番手）","順行","4","2","4.1","","坂井","栗東 福永","未取得","","","","","","","netkeiba 結果ページ一次取得（通過順・着順・人気）",""
"順行（参考）","リボンインザスカイ","20260913","阪神04R","芝2200","良","18","前有利","5着以内の最終コーナー位置（前1/3の頭数）","前（4 コーナー 6番手）","順行","1","3","7.5","","斎藤","栗東 安田","未取得","","","","","","","netkeiba 結果ページ一次取得（通過順・着順・人気）",""
"順行（参考）","ノブレスラブリエ","20260913","阪神04R","芝2200","良","18","前有利","5着以内の最終コーナー位置（前1/3の頭数）","前（4 コーナー 2番手）","順行","3","8","23.1","","松若","栗東 西園翔","未取得","","","","","","","netkeiba 結果ページ一次取得（通過順・着順・人気）",""
"順行（参考）","ルーチェブリラーレ","20260913","阪神04R","芝2200","良","18","前有利","5着以内の最終コーナー位置（前1/3の頭数）","前（4 コーナー 5番手）","順行","4","1","2.3","","ルメー","栗東 福永","未取得","","","","","","","netkeiba 結果ページ一次取得（通過順・着順・人気）",""
"順行（参考）","マイネルグリモア","20260913","阪神05R","芝2000","良","6","差し有利","5着以内の最終コーナー位置（前1/3の頭数）","中（4 コーナー 4番手）","順行","1","2","5.1","","国分恭","栗東 吉田","未取得","","","","","","","netkeiba 結果ページ一次取得（通過順・着順・人気）",""
"順行（参考）","ミスティビーコン","20260913","阪神05R","芝2000","良","6","差し有利","5着以内の最終コーナー位置（前1/3の頭数）","後（4 コーナー 5番手）","順行","2","5","16.3","","佐々木","栗東 橋田","未取得","","","","","","","netkeiba 結果ページ一次取得（通過順・着順・人気）",""
"順行（参考）","タガノフリアン","20260913","阪神05R","芝2000","良","6","差し有利","5着以内の最終コーナー位置（前1/3の頭数）","中（4 コーナー 3番手）","順行","3","6","47.8","","角田和","栗東 角田","未取得","","","","","","","netkeiba 結果ページ一次取得（通過順・着順・人気）",""
"順行（参考）","ビッグヒーロー","20260913","阪神06R","ダ1800","良","15","前有利","5着以内の最終コーナー位置（前1/3の頭数）","前（4 コーナー 5番手）","順行","1","1","2.7","","ルメー","栗東 福永","未取得","","","","","","","netkeiba 結果ページ一次取得（通過順・着順・人気）",""
"順行（参考）","ゴールデンドラゴン","20260913","阪神06R","ダ1800","良","15","前有利","5着以内の最終コーナー位置（前1/3の頭数）","前（4 コーナー 4番手）","順行","2","3","6.1","","松若","栗東 宮本","未取得","","","","","","","netkeiba 結果ページ一次取得（通過順・着順・人気）",""
"順行（参考）","プレデンシア","20260913","阪神06R","ダ1800","良","15","前有利","5着以内の最終コーナー位置（前1/3の頭数）","前（4 コーナー 2番手）","順行","3","4","6.7","","田口","栗東 中尾","未取得","","","","","","","netkeiba 結果ページ一次取得（通過順・着順・人気）",""
"順行（参考）","プレダトゥール","20260913","阪神07R","ダ1400","良","16","差し有利","5着以内の最終コーナー位置（前1/3の頭数）","中（4 コーナー 8番手）","順行","3","6","15.8","","亀田","栗東 北出","未取得","","","","","","","netkeiba 結果ページ一次取得（通過順・着順・人気）",""
"順行（参考）","ヴォンドゥ","20260913","阪神07R","ダ1400","良","16","差し有利","5着以内の最終コーナー位置（前1/3の頭数）","中（4 コーナー 9番手）","順行","4","3","5.5","","▲森田","栗東 小栗","未取得","","","","","","","netkeiba 結果ページ一次取得（通過順・着順・人気）",""
"順行（参考）","ハードシングス","20260913","阪神07R","ダ1400","良","16","差し有利","5着以内の最終コーナー位置（前1/3の頭数）","中（4 コーナー 6番手）","順行","5","7","24.6","","松若","栗東 小崎","未取得","","","","","","","netkeiba 結果ページ一次取得（通過順・着順・人気）",""
"順行（参考）","サンライズオスカー","20260913","阪神08R","ダ1800","良","12","前有利（強）","5着以内の最終コーナー位置（前1/3の頭数）","前（4 コーナー 3番手）","順行","1","1","2.3","","藤懸","栗東 石坂","未取得","","","","","","","netkeiba 結果ページ一次取得（通過順・着順・人気）",""
"順行（参考）","ココロヅヨサ","20260913","阪神08R","ダ1800","良","12","前有利（強）","5着以内の最終コーナー位置（前1/3の頭数）","前（4 コーナー 4番手）","順行","2","2","3.9","","浜中","栗東 田中克","未取得","","","","","","","netkeiba 結果ページ一次取得（通過順・着順・人気）",""
"順行（参考）","グランドスウェル","20260913","阪神08R","ダ1800","良","12","前有利（強）","5着以内の最終コーナー位置（前1/3の頭数）","前（4 コーナー 2番手）","順行","3","9","60.1","","西塚","美浦 畠山","未取得","","","","","","","netkeiba 結果ページ一次取得（通過順・着順・人気）",""
"順行（参考）","メイショウソウテン","20260913","阪神08R","ダ1800","良","12","前有利（強）","5着以内の最終コーナー位置（前1/3の頭数）","前（4 コーナー 1番手）","順行","4","4","6.9","","田口","栗東 鈴木孝","未取得","","","","","","","netkeiba 結果ページ一次取得（通過順・着順・人気）",""
"順行（参考）","マジョレルブルー","20260913","阪神09R","芝2000","良","11","前有利","5着以内の最終コーナー位置（前1/3の頭数）","前（4 コーナー 3番手）","順行","1","3","5.1","","戸崎圭","栗東 友道","未取得","","","","","","","netkeiba 結果ページ一次取得（通過順・着順・人気）",""
"順行（参考）","ダイヤモンドハンズ","20260913","阪神09R","芝2000","良","11","前有利","5着以内の最終コーナー位置（前1/3の頭数）","前（4 コーナー 2番手）","順行","2","5","13.4","","北村友","栗東 坂口","未取得","","","","","","","netkeiba 結果ページ一次取得（通過順・着順・人気）",""
"順行（参考）","ミッキージャンプ","20260913","阪神09R","芝2000","良","11","前有利","5着以内の最終コーナー位置（前1/3の頭数）","前（4 コーナー 1番手）","順行","3","2","2.6","","西村淳","栗東 池江","未取得","","","","","","","netkeiba 結果ページ一次取得（通過順・着順・人気）",""
"順行（参考）","インヴォーグ","20260913","阪神10R","芝1600","良","15","前有利","5着以内の最終コーナー位置（前1/3の頭数）","前（4 コーナー 5番手）","順行","1","2","3.4","","幸","栗東 福永","未取得","","","","","","","netkeiba 結果ページ一次取得（通過順・着順・人気）",""
"順行（参考）","モンテシート","20260913","阪神10R","芝1600","良","15","前有利","5着以内の最終コーナー位置（前1/3の頭数）","前（4 コーナー 1番手）","順行","2","6","15.6","","北村友","栗東 牧田","未取得","","","","","","","netkeiba 結果ページ一次取得（通過順・着順・人気）",""
"順行（参考）","チェルノボーグ","20260913","阪神10R","芝1600","良","15","前有利","5着以内の最終コーナー位置（前1/3の頭数）","前（4 コーナー 3番手）","順行","5","9","21.3","","西塚","栗東 藤原","未取得","","","","","","","netkeiba 結果ページ一次取得（通過順・着順・人気）",""
"順行（参考）","エンネ","20260913","阪神11R","芝1800","良","12","差し有利","5着以内の最終コーナー位置（前1/3の頭数）","中（4 コーナー 5番手）","順行","2","3","5.9","","坂井","栗東 吉岡","未取得","","","","","","","netkeiba 結果ページ一次取得（通過順・着順・人気）",""
"順行（参考）","イクシード","20260913","阪神11R","芝1800","良","12","差し有利","5着以内の最終コーナー位置（前1/3の頭数）","後（4 コーナー 11番手）","順行","3","2","5.3","","ルメー","美浦 木村","未取得","","","","","","","netkeiba 結果ページ一次取得（通過順・着順・人気）",""
"順行（参考）","ミリタリータトゥー","20260913","阪神11R","芝1800","良","12","差し有利","5着以内の最終コーナー位置（前1/3の頭数）","後（4 コーナー 12番手）","順行","5","11","58.9","","西塚","栗東 藤岡健","未取得","","","","","","","netkeiba 結果ページ一次取得（通過順・着順・人気）",""
"順行（参考）","ユウトザレン","20260913","阪神12R","ダ1200","良","14","差し有利（強）","5着以内の最終コーナー位置（前1/3の頭数）","中（4 コーナー 8番手）","順行","1","2","3.7","","吉村","栗東 千田","未取得","","","","","","","netkeiba 結果ページ一次取得（通過順・着順・人気）",""
"順行（参考）","アオイレーギーナ","20260913","阪神12R","ダ1200","良","14","差し有利（強）","5着以内の最終コーナー位置（前1/3の頭数）","中（4 コーナー 5番手）","順行","2","1","3.2","","幸","栗東 宮地","未取得","","","","","","","netkeiba 結果ページ一次取得（通過順・着順・人気）",""
"順行（参考）","フレンズプラス","20260913","阪神12R","ダ1200","良","14","差し有利（強）","5着以内の最終コーナー位置（前1/3の頭数）","中（4 コーナー 10番手）","順行","3","7","18.7","","荻野琢","栗東 宮本","未取得","","","","","","","netkeiba 結果ページ一次取得（通過順・着順・人気）",""
"順行（参考）","ブルーノート","20260913","阪神12R","ダ1200","良","14","差し有利（強）","5着以内の最終コーナー位置（前1/3の頭数）","後（4 コーナー 11番手）","順行","5","12","78.8","","藤懸","栗東 梅田","未取得","","","","","","","netkeiba 結果ページ一次取得（通過順・着順・人気）",""
