"由来","馬名","horse_id(主キー)","好走レース日","race_id","好走レース場R","馬番","芝ダ距離","馬場","頭数","流れ","流れの判定根拠","根拠状態","本馬の位置取り","TRIP_BIAS_LABEL","好走区分","好走時の着順","好走時の人気","好走時の単勝","騎手","厩舎","逃げ候補の頭数(参考)","次走日","次走race_id","次走基準人気","次走朝実売順位","次走の扱い(限定判定語)","次走着順(事後・件数用)","出所","注記"
"順行（参考）","バクソウシャチョウ","2024108273","20260816","202607020801","中京01R","5","芝1200","良","10","差し有利","結果分布からの仮判定（5着以内の最終コーナー位置・前1/3の頭数）","実通過順（netkeiba コーナー通過順位）","中（4 コーナー 7番手）","順行","3着内","2","3","4.3","団野","栗東 森秀","未取得","","","","","","","netkeiba 結果ページ一次取得（通過順・着順・人気・horse_id）",""
"順行（参考）","カツダルマ","2024101744","20260816","202607020801","中京01R","8","芝1200","良","10","差し有利","結果分布からの仮判定（5着以内の最終コーナー位置・前1/3の頭数）","実通過順（netkeiba コーナー通過順位）","後（4 コーナー 8番手）","順行","3着内","3","1","3.1","幸","栗東 秋山","未取得","","","","","","","netkeiba 結果ページ一次取得（通過順・着順・人気・horse_id）",""
"順行（参考）","アームズラムレイ","2024105630","20260816","202607020801","中京01R","9","芝1200","良","10","差し有利","結果分布からの仮判定（5着以内の最終コーナー位置・前1/3の頭数）","実通過順（netkeiba コーナー通過順位）","中（4 コーナー 4番手）","順行","4〜5着","5","2","3.3","岩田望","栗東 上村","未取得","","","","","","","netkeiba 結果ページ一次取得（通過順・着順・人気・horse_id）",""
"順行（参考）","パシアンジェンヌ","2024105160","20260816","202607020802","中京02R","12","ダ1400","良","12","前有利","結果分布からの仮判定（5着以内の最終コーナー位置・前1/3の頭数）","実通過順（netkeiba コーナー通過順位）","前（4 コーナー 1番手）","順行","3着内","1","5","16.5","松山","栗東 鈴木孝","未取得","","","","","","","netkeiba 結果ページ一次取得（通過順・着順・人気・horse_id）",""
"順行（参考）","ジョルティーニ","2024108221","20260816","202607020802","中京02R","4","ダ1400","良","12","前有利","結果分布からの仮判定（5着以内の最終コーナー位置・前1/3の頭数）","実通過順（netkeiba コーナー通過順位）","前（4 コーナー 2番手）","順行","3着内","2","2","4.3","コレッ","栗東 田中克","未取得","","","","","","","netkeiba 結果ページ一次取得（通過順・着順・人気・horse_id）",""
"順行（参考）","ガヤーズランボー","2024105526","20260816","202607020802","中京02R","10","ダ1400","良","12","前有利","結果分布からの仮判定（5着以内の最終コーナー位置・前1/3の頭数）","実通過順（netkeiba コーナー通過順位）","前（4 コーナー 4番手）","順行","3着内","3","8","33.1","菱田","栗東 秋山","未取得","","","","","","","netkeiba 結果ページ一次取得（通過順・着順・人気・horse_id）",""
"順行（参考）","ティフォシ","2024103816","20260816","202607020803","中京03R","5","芝1600","良","8","差し有利","結果分布からの仮判定（5着以内の最終コーナー位置・前1/3の頭数）","実通過順（netkeiba コーナー通過順位）","中（4 コーナー 5番手）","順行","3着内","2","7","35.2","Ｍデム","栗東 宮地","未取得","","","","","","","netkeiba 結果ページ一次取得（通過順・着順・人気・horse_id）",""
"順行（参考）","テラレガル","2024101678","20260816","202607020803","中京03R","6","芝1600","良","8","差し有利","結果分布からの仮判定（5着以内の最終コーナー位置・前1/3の頭数）","実通過順（netkeiba コーナー通過順位）","後（4 コーナー 8番手）","順行","4〜5着","4","5","16.3","松若","栗東 秋山","未取得","","","","","","","netkeiba 結果ページ一次取得（通過順・着順・人気・horse_id）",""
"順行（参考）","サウンドシェリー","2024103035","20260816","202607020803","中京03R","2","芝1600","良","8","差し有利","結果分布からの仮判定（5着以内の最終コーナー位置・前1/3の頭数）","実通過順（netkeiba コーナー通過順位）","中（4 コーナー 3番手）","順行","4〜5着","5","3","5.2","幸","栗東 鈴木孝","未取得","","","","","","","netkeiba 結果ページ一次取得（通過順・着順・人気・horse_id）",""
"順行（参考）","ダーコ","2023103497","20260816","202607020804","中京04R","4","芝2000","良","18","前有利（強）","結果分布からの仮判定（5着以内の最終コーナー位置・前1/3の頭数）","実通過順（netkeiba コーナー通過順位）","前（4 コーナー 2番手）","順行","3着内","1","3","7.4","☆田山","栗東 長谷川","未取得","","","","","","","netkeiba 結果ページ一次取得（通過順・着順・人気・horse_id）",""
"順行（参考）","レッドブライトン","2023107357","20260816","202607020804","中京04R","7","芝2000","良","18","前有利（強）","結果分布からの仮判定（5着以内の最終コーナー位置・前1/3の頭数）","実通過順（netkeiba コーナー通過順位）","前（4 コーナー 5番手）","順行","3着内","2","4","9.9","浜中","栗東 奥村豊","未取得","","","","","","","netkeiba 結果ページ一次取得（通過順・着順・人気・horse_id）",""
"順行（参考）","リボンインザスカイ","2023104882","20260816","202607020804","中京04R","3","芝2000","良","18","前有利（強）","結果分布からの仮判定（5着以内の最終コーナー位置・前1/3の頭数）","実通過順（netkeiba コーナー通過順位）","前（4 コーナー 3番手）","順行","3着内","3","5","14.2","団野","栗東 安田","未取得","","","","","","","netkeiba 結果ページ一次取得（通過順・着順・人気・horse_id）",""
"順行（参考）","オーマイラッキーン","2023102060","20260816","202607020804","中京04R","9","芝2000","良","18","前有利（強）","結果分布からの仮判定（5着以内の最終コーナー位置・前1/3の頭数）","実通過順（netkeiba コーナー通過順位）","前（4 コーナー 6番手）","順行","4〜5着","4","10","52.7","秋山稔","栗東 高橋康","未取得","","","","","","","netkeiba 結果ページ一次取得（通過順・着順・人気・horse_id）",""
"順行（参考）","パンサーズ","2023104325","20260816","202607020805","中京05R","8","ダ1400","良","16","前有利（強）","結果分布からの仮判定（5着以内の最終コーナー位置・前1/3の頭数）","実通過順（netkeiba コーナー通過順位）","前（4 コーナー 2番手）","順行","3着内","1","10","58.3","松若","栗東 今野","未取得","","","","","","","netkeiba 結果ページ一次取得（通過順・着順・人気・horse_id）",""
"順行（参考）","セッシュウ","2023102255","20260816","202607020805","中京05R","2","ダ1400","良","16","前有利（強）","結果分布からの仮判定（5着以内の最終コーナー位置・前1/3の頭数）","実通過順（netkeiba コーナー通過順位）","前（4 コーナー 3番手）","順行","3着内","2","3","5.4","団野","栗東 石橋","未取得","","","","","","","netkeiba 結果ページ一次取得（通過順・着順・人気・horse_id）",""
"順行（参考）","ペプチドアロン","2023102022","20260816","202607020805","中京05R","11","ダ1400","良","16","前有利（強）","結果分布からの仮判定（5着以内の最終コーナー位置・前1/3の頭数）","実通過順（netkeiba コーナー通過順位）","前（4 コーナー 5番手）","順行","3着内","3","2","4.3","吉村","栗東 小椋","未取得","","","","","","","netkeiba 結果ページ一次取得（通過順・着順・人気・horse_id）",""
"順行（参考）","クロレ","2023110041","20260816","202607020805","中京05R","6","ダ1400","良","16","前有利（強）","結果分布からの仮判定（5着以内の最終コーナー位置・前1/3の頭数）","実通過順（netkeiba コーナー通過順位）","前（4 コーナー 4番手）","順行","4〜5着","5","7","17.6","渡辺竜","栗東 福永","未取得","","","","","","","netkeiba 結果ページ一次取得（通過順・着順・人気・horse_id）",""
"順行（参考）","ホウオウタイタン","2022103278","20260816","202607020806","中京06R","1","芝2000","良","7","差し有利","結果分布からの仮判定（5着以内の最終コーナー位置・前1/3の頭数）","実通過順（netkeiba コーナー通過順位）","後（4 コーナー 7番手）","順行","3着内","2","2","3.7","田山","栗東 須貝","未取得","","","","","","","netkeiba 結果ページ一次取得（通過順・着順・人気・horse_id）",""
"順行（参考）","エアビッグマム","2022105250","20260816","202607020806","中京06R","3","芝2000","良","7","差し有利","結果分布からの仮判定（5着以内の最終コーナー位置・前1/3の頭数）","実通過順（netkeiba コーナー通過順位）","中（4 コーナー 4番手）","順行","3着内","3","6","26.5","西塚","栗東 笹田","未取得","","","","","","","netkeiba 結果ページ一次取得（通過順・着順・人気・horse_id）",""
"順行（参考）","ステラクラウン","2021101454","20260816","202607020806","中京06R","2","芝2000","良","7","差し有利","結果分布からの仮判定（5着以内の最終コーナー位置・前1/3の頭数）","実通過順（netkeiba コーナー通過順位）","中（4 コーナー 3番手）","順行","4〜5着","5","4","5.7","岩田望","栗東 上村","未取得","","","","","","","netkeiba 結果ページ一次取得（通過順・着順・人気・horse_id）",""
"順行（参考）","ラヴァンダ","2021107098","20260816","202607020807","中京07R","3","芝1600","良","16","差し有利（強）","結果分布からの仮判定（5着以内の最終コーナー位置・前1/3の頭数）","実通過順（netkeiba コーナー通過順位）","中（4 コーナー 6番手）","順行","3着内","1","2","5.8","岩田望","栗東 中村","未取得","","","","","","","netkeiba 結果ページ一次取得（通過順・着順・人気・horse_id）",""
"順行（参考）","ミニトランザット","2022105230","20260816","202607020807","中京07R","5","芝1600","良","16","差し有利（強）","結果分布からの仮判定（5着以内の最終コーナー位置・前1/3の頭数）","実通過順（netkeiba コーナー通過順位）","後（4 コーナー 12番手）","順行","3着内","2","5","9.6","松山","栗東 杉山佳","未取得","","","","","","","netkeiba 結果ページ一次取得（通過順・着順・人気・horse_id）",""
"順行（参考）","サトノシャイニング","2022101420","20260816","202607020807","中京07R","12","芝1600","良","16","差し有利（強）","結果分布からの仮判定（5着以内の最終コーナー位置・前1/3の頭数）","実通過順（netkeiba コーナー通過順位）","中（4 コーナー 7番手）","順行","3着内","3","1","2.7","コレッ","栗東 杉山晴","未取得","","","","","","","netkeiba 結果ページ一次取得（通過順・着順・人気・horse_id）",""
"順行（参考）","カズミクラーシュ","2021105564","20260816","202607020807","中京07R","4","芝1600","良","16","差し有利（強）","結果分布からの仮判定（5着以内の最終コーナー位置・前1/3の頭数）","実通過順（netkeiba コーナー通過順位）","中（4 コーナー 11番手）","順行","4〜5着","4","8","20.2","Ｍデム","栗東 吉岡","未取得","","","","","","","netkeiba 結果ページ一次取得（通過順・着順・人気・horse_id）",""
"順行（参考）","メイショウタムシバ","2021103268","20260816","202607020808","中京08R","15","ダ1400","良","16","前有利","結果分布からの仮判定（5着以内の最終コーナー位置・前1/3の頭数）","実通過順（netkeiba コーナー通過順位）","前（4 コーナー 3番手）","順行","3着内","1","9","18.9","菱田","栗東 飯田","未取得","","","","","","","netkeiba 結果ページ一次取得（通過順・着順・人気・horse_id）",""
"順行（参考）","オコタンペ","2021105849","20260816","202607020808","中京08R","13","ダ1400","良","16","前有利","結果分布からの仮判定（5着以内の最終コーナー位置・前1/3の頭数）","実通過順（netkeiba コーナー通過順位）","前（4 コーナー 4番手）","順行","4〜5着","4","14","148.4","富田","栗東 須貝","未取得","","","","","","","netkeiba 結果ページ一次取得（通過順・着順・人気・horse_id）",""
"順行（参考）","アリエスキング","2021101468","20260816","202607020808","中京08R","16","ダ1400","良","16","前有利","結果分布からの仮判定（5着以内の最終コーナー位置・前1/3の頭数）","実通過順（netkeiba コーナー通過順位）","前（4 コーナー 5番手）","順行","4〜5着","5","6","10.4","国分優","栗東 庄野","未取得","","","","","","","netkeiba 結果ページ一次取得（通過順・着順・人気・horse_id）",""
"順行（参考）","ロイドウェバー","2023102013","20260816","202607020809","中京09R","3","芝2200","良","18","前有利","結果分布からの仮判定（5着以内の最終コーナー位置・前1/3の頭数）","実通過順（netkeiba コーナー通過順位）","前（4 コーナー 4番手）","順行","3着内","1","1","2.6","松山","栗東 杉山晴","未取得","","","","","","","netkeiba 結果ページ一次取得（通過順・着順・人気・horse_id）",""
"順行（参考）","ナムラヴンダー","2023106243","20260816","202607020809","中京09R","6","芝2200","良","18","前有利","結果分布からの仮判定（5着以内の最終コーナー位置・前1/3の頭数）","実通過順（netkeiba コーナー通過順位）","前（4 コーナー 3番手）","順行","4〜5着","4","2","3.4","幸","栗東 河嶋","未取得","","","","","","","netkeiba 結果ページ一次取得（通過順・着順・人気・horse_id）",""
"順行（参考）","タイセイグローバル","2023105256","20260816","202607020809","中京09R","13","芝2200","良","18","前有利","結果分布からの仮判定（5着以内の最終コーナー位置・前1/3の頭数）","実通過順（netkeiba コーナー通過順位）","前（4 コーナー 5番手）","順行","4〜5着","5","11","59.2","角田和","栗東 小林","未取得","","","","","","","netkeiba 結果ページ一次取得（通過順・着順・人気・horse_id）",""
"順行（参考）","エイコーンドリーム","2023104858","20260816","202607020810","中京10R","11","ダ1800","良","16","差し有利（強）","結果分布からの仮判定（5着以内の最終コーナー位置・前1/3の頭数）","実通過順（netkeiba コーナー通過順位）","中（4 コーナー 10番手）","順行","3着内","2","4","9.7","鮫島良","栗東 河嶋","未取得","","","","","","","netkeiba 結果ページ一次取得（通過順・着順・人気・horse_id）",""
"順行（参考）","ガールズデイアウト","2022101706","20260816","202607020810","中京10R","7","ダ1800","良","16","差し有利（強）","結果分布からの仮判定（5着以内の最終コーナー位置・前1/3の頭数）","実通過順（netkeiba コーナー通過順位）","中（4 コーナー 8番手）","順行","3着内","3","6","15.8","岩田望","栗東 吉村","未取得","","","","","","","netkeiba 結果ページ一次取得（通過順・着順・人気・horse_id）",""
"順行（参考）","コズミックフレア","2023103852","20260816","202607020810","中京10R","16","ダ1800","良","16","差し有利（強）","結果分布からの仮判定（5着以内の最終コーナー位置・前1/3の頭数）","実通過順（netkeiba コーナー通過順位）","中（4 コーナー 11番手）","順行","4〜5着","4","7","20.1","幸","栗東 吉田","未取得","","","","","","","netkeiba 結果ページ一次取得（通過順・着順・人気・horse_id）",""
"順行（参考）","オーケーリアン","2023105544","20260816","202607020810","中京10R","1","ダ1800","良","16","差し有利（強）","結果分布からの仮判定（5着以内の最終コーナー位置・前1/3の頭数）","実通過順（netkeiba コーナー通過順位）","中（4 コーナー 7番手）","順行","4〜5着","5","13","58.8","富田","栗東 宮地","未取得","","","","","","","netkeiba 結果ページ一次取得（通過順・着順・人気・horse_id）",""
"順行（参考）","セルズパワー","2022102052","20260816","202607020811","中京11R","5","芝1400","良","16","差し有利（強）","結果分布からの仮判定（5着以内の最終コーナー位置・前1/3の頭数）","実通過順（netkeiba コーナー通過順位）","後（4 コーナー 15番手）","順行","3着内","1","9","26.5","コレッ","栗東 牧田","未取得","","","","","","","netkeiba 結果ページ一次取得（通過順・着順・人気・horse_id）",""
"順行（参考）","キングケープ","2023102990","20260816","202607020811","中京11R","15","芝1400","良","16","差し有利（強）","結果分布からの仮判定（5着以内の最終コーナー位置・前1/3の頭数）","実通過順（netkeiba コーナー通過順位）","中（4 コーナー 9番手）","順行","3着内","1","12","39.6","西塚","栗東 大橋","未取得","","","","","","","netkeiba 結果ページ一次取得（通過順・着順・人気・horse_id）",""
"順行（参考）","ヴァージル","2022106912","20260816","202607020811","中京11R","12","芝1400","良","16","差し有利（強）","結果分布からの仮判定（5着以内の最終コーナー位置・前1/3の頭数）","実通過順（netkeiba コーナー通過順位）","後（4 コーナー 13番手）","順行","3着内","3","4","11.1","Ｍデム","栗東 小椋","未取得","","","","","","","netkeiba 結果ページ一次取得（通過順・着順・人気・horse_id）",""
"順行（参考）","フォルナックス","2023107183","20260816","202607020811","中京11R","11","芝1400","良","16","差し有利（強）","結果分布からの仮判定（5着以内の最終コーナー位置・前1/3の頭数）","実通過順（netkeiba コーナー通過順位）","中（4 コーナー 11番手）","順行","4〜5着","4","6","16.1","吉村","栗東 奥村豊","未取得","","","","","","","netkeiba 結果ページ一次取得（通過順・着順・人気・horse_id）",""
"順行（参考）","フロンティエール","2022105012","20260816","202607020811","中京11R","3","芝1400","良","16","差し有利（強）","結果分布からの仮判定（5着以内の最終コーナー位置・前1/3の頭数）","実通過順（netkeiba コーナー通過順位）","後（4 コーナー 14番手）","順行","4〜5着","5","10","31.5","幸","栗東 柴田","未取得","","","","","","","netkeiba 結果ページ一次取得（通過順・着順・人気・horse_id）",""
"順行（参考）","アイランド","2023100944","20260816","202607020812","中京12R","13","ダ1800","良","16","前有利","結果分布からの仮判定（5着以内の最終コーナー位置・前1/3の頭数）","実通過順（netkeiba コーナー通過順位）","前（4 コーナー 2番手）","順行","3着内","1","1","2.6","吉村","栗東 清水久","未取得","","","","","","","netkeiba 結果ページ一次取得（通過順・着順・人気・horse_id）",""
"順行（参考）","タガノランパート","2023104330","20260816","202607020812","中京12R","5","ダ1800","良","16","前有利","結果分布からの仮判定（5着以内の最終コーナー位置・前1/3の頭数）","実通過順（netkeiba コーナー通過順位）","前（4 コーナー 3番手）","順行","3着内","2","9","38.9","田口","栗東 奥村豊","未取得","","","","","","","netkeiba 結果ページ一次取得（通過順・着順・人気・horse_id）",""
"順行（参考）","コンゴウフジ","2023104063","20260816","202607020812","中京12R","10","ダ1800","良","16","前有利","結果分布からの仮判定（5着以内の最終コーナー位置・前1/3の頭数）","実通過順（netkeiba コーナー通過順位）","前（4 コーナー 5番手）","順行","4〜5着","4","8","16.2","渡辺竜","栗東 福永","未取得","","","","","","","netkeiba 結果ページ一次取得（通過順・着順・人気・horse_id）",""
"順行（参考）","サトノスプレマシー","2024107260","20260816","202604020801","新潟01R","1","芝1600","良","13","前有利","結果分布からの仮判定（5着以内の最終コーナー位置・前1/3の頭数）","実通過順（netkeiba コーナー通過順位）","前（4 コーナー 3番手）","順行","3着内","1","2","4.9","田辺","美浦 久保田","未取得","","","","","","","netkeiba 結果ページ一次取得（通過順・着順・人気・horse_id）",""
"順行（参考）","アテナブレイブ","2024105671","20260816","202604020801","新潟01R","4","芝1600","良","13","前有利","結果分布からの仮判定（5着以内の最終コーナー位置・前1/3の頭数）","実通過順（netkeiba コーナー通過順位）","前（4 コーナー 1番手）","順行","3着内","2","4","16.1","三浦","美浦 手塚徳","未取得","","","","","","","netkeiba 結果ページ一次取得（通過順・着順・人気・horse_id）",""
"順行（参考）","クラオルグジェシダ","2024100295","20260816","202604020801","新潟01R","7","芝1600","良","13","前有利","結果分布からの仮判定（5着以内の最終コーナー位置・前1/3の頭数）","実通過順（netkeiba コーナー通過順位）","前（4 コーナー 2番手）","順行","4〜5着","4","7","30.5","戸崎圭","美浦 田島","未取得","","","","","","","netkeiba 結果ページ一次取得（通過順・着順・人気・horse_id）",""
"順行（参考）","ベルトラッキ","2023105552","20260816","202604020802","新潟02R","5","芝2400","良","17","前有利","結果分布からの仮判定（5着以内の最終コーナー位置・前1/3の頭数）","実通過順（netkeiba コーナー通過順位）","前（4 コーナー 1番手）","順行","3着内","1","4","8.5","△石神道","美浦 加藤士","未取得","","","","","","","netkeiba 結果ページ一次取得（通過順・着順・人気・horse_id）",""
"順行（参考）","ゾネブルーム","2023107195","20260816","202604020802","新潟02R","15","芝2400","良","17","前有利","結果分布からの仮判定（5着以内の最終コーナー位置・前1/3の頭数）","実通過順（netkeiba コーナー通過順位）","前（4 コーナー 4番手）","順行","3着内","2","1","2.4","丸山","美浦 矢嶋","未取得","","","","","","","netkeiba 結果ページ一次取得（通過順・着順・人気・horse_id）",""
"順行（参考）","レイランディ","2023103506","20260816","202604020802","新潟02R","4","芝2400","良","17","前有利","結果分布からの仮判定（5着以内の最終コーナー位置・前1/3の頭数）","実通過順（netkeiba コーナー通過順位）","前（4 コーナー 5番手）","順行","4〜5着","4","16","342.3","川須","美浦 古賀慎","未取得","","","","","","","netkeiba 結果ページ一次取得（通過順・着順・人気・horse_id）",""
"順行（参考）","ラキアーヴェ","2024106284","20260816","202604020803","新潟03R","3","ダ1200","良","15","前有利（強）","結果分布からの仮判定（5着以内の最終コーナー位置・前1/3の頭数）","実通過順（netkeiba コーナー通過順位）","前（4 コーナー 1番手）","順行","3着内","1","2","3.5","戸崎圭","美浦 加藤士","未取得","","","","","","","netkeiba 結果ページ一次取得（通過順・着順・人気・horse_id）",""
"順行（参考）","イリスロッソ","2024101054","20260816","202604020803","新潟03R","8","ダ1200","良","15","前有利（強）","結果分布からの仮判定（5着以内の最終コーナー位置・前1/3の頭数）","実通過順（netkeiba コーナー通過順位）","前（4 コーナー 2番手）","順行","3着内","2","3","5.0","吉田豊","美浦 伊坂","未取得","","","","","","","netkeiba 結果ページ一次取得（通過順・着順・人気・horse_id）",""
"順行（参考）","マリノエスプレッソ","2024100292","20260816","202604020803","新潟03R","10","ダ1200","良","15","前有利（強）","結果分布からの仮判定（5着以内の最終コーナー位置・前1/3の頭数）","実通過順（netkeiba コーナー通過順位）","前（4 コーナー 4番手）","順行","3着内","3","8","24.5","田辺","美浦 村田","未取得","","","","","","","netkeiba 結果ページ一次取得（通過順・着順・人気・horse_id）",""
"順行（参考）","アレックスケー","2024101581","20260816","202604020803","新潟03R","6","ダ1200","良","15","前有利（強）","結果分布からの仮判定（5着以内の最終コーナー位置・前1/3の頭数）","実通過順（netkeiba コーナー通過順位）","前（4 コーナー 3番手）","順行","4〜5着","4","1","3.0","石橋脩","美浦 小野","未取得","","","","","","","netkeiba 結果ページ一次取得（通過順・着順・人気・horse_id）",""
"順行（参考）","キュータンチャン","2024105548","20260816","202604020803","新潟03R","7","ダ1200","良","15","前有利（強）","結果分布からの仮判定（5着以内の最終コーナー位置・前1/3の頭数）","実通過順（netkeiba コーナー通過順位）","前（4 コーナー 5番手）","順行","4〜5着","5","5","9.2","菊沢","美浦 尾形","未取得","","","","","","","netkeiba 結果ページ一次取得（通過順・着順・人気・horse_id）",""
"順行（参考）","トップレイアー","2024106413","20260816","202604020804","新潟04R","9","芝1600","良","13","差し有利","結果分布からの仮判定（5着以内の最終コーナー位置・前1/3の頭数）","実通過順（netkeiba コーナー通過順位）","中（4 コーナー 5番手）","順行","3着内","1","2","2.8","◇今村","栗東 大久保","未取得","","","","","","","netkeiba 結果ページ一次取得（通過順・着順・人気・horse_id）",""
"順行（参考）","マルスレジーナ","2024106621","20260816","202604020804","新潟04R","11","芝1600","良","13","差し有利","結果分布からの仮判定（5着以内の最終コーナー位置・前1/3の頭数）","実通過順（netkeiba コーナー通過順位）","中（4 コーナー 9番手）","順行","4〜5着","4","1","2.0","戸崎圭","美浦 森一","未取得","","","","","","","netkeiba 結果ページ一次取得（通過順・着順・人気・horse_id）",""
"順行（参考）","ビップラージャ","2024102782","20260816","202604020804","新潟04R","2","芝1600","良","13","差し有利","結果分布からの仮判定（5着以内の最終コーナー位置・前1/3の頭数）","実通過順（netkeiba コーナー通過順位）","後（4 コーナー 10番手）","順行","4〜5着","5","10","84.6","江田照","美浦 嘉藤","未取得","","","","","","","netkeiba 結果ページ一次取得（通過順・着順・人気・horse_id）",""
"順行（参考）","キシダンチョウ","2023106960","20260816","202604020805","新潟05R","10","芝1800","良","12","前有利","結果分布からの仮判定（5着以内の最終コーナー位置・前1/3の頭数）","実通過順（netkeiba コーナー通過順位）","前（4 コーナー 1番手）","順行","3着内","1","2","4.7","津村","栗東 吉岡","未取得","","","","","","","netkeiba 結果ページ一次取得（通過順・着順・人気・horse_id）",""
"順行（参考）","デイジー","2021104173","20260816","202604020805","新潟05R","12","芝1800","良","12","前有利","結果分布からの仮判定（5着以内の最終コーナー位置・前1/3の頭数）","実通過順（netkeiba コーナー通過順位）","前（4 コーナー 2番手）","順行","3着内","2","5","8.9","田辺","美浦 田中勝","未取得","","","","","","","netkeiba 結果ページ一次取得（通過順・着順・人気・horse_id）",""
"順行（参考）","モントゥリエ","2023105650","20260816","202604020805","新潟05R","4","芝1800","良","12","前有利","結果分布からの仮判定（5着以内の最終コーナー位置・前1/3の頭数）","実通過順（netkeiba コーナー通過順位）","前（4 コーナー 3番手）","順行","3着内","3","3","5.2","菊沢","美浦 中舘","未取得","","","","","","","netkeiba 結果ページ一次取得（通過順・着順・人気・horse_id）",""
"順行（参考）","ロードフロンティア","2021100161","20260816","202604020807","新潟07R","6","ダ1200","良","15","差し有利","結果分布からの仮判定（5着以内の最終コーナー位置・前1/3の頭数）","実通過順（netkeiba コーナー通過順位）","中（4 コーナー 7番手）","順行","3着内","2","5","9.5","川須","栗東 松下","未取得","","","","","","","netkeiba 結果ページ一次取得（通過順・着順・人気・horse_id）",""
"順行（参考）","コンクイスタ","2020106557","20260816","202604020807","新潟07R","5","ダ1200","良","15","差し有利","結果分布からの仮判定（5着以内の最終コーナー位置・前1/3の頭数）","実通過順（netkeiba コーナー通過順位）","中（4 コーナー 6番手）","順行","4〜5着","4","1","3.6","津村","栗東 吉岡","未取得","","","","","","","netkeiba 結果ページ一次取得（通過順・着順・人気・horse_id）",""
"順行（参考）","アッチャゴーラ","2020102843","20260816","202604020807","新潟07R","7","ダ1200","良","15","差し有利","結果分布からの仮判定（5着以内の最終コーナー位置・前1/3の頭数）","実通過順（netkeiba コーナー通過順位）","後（4 コーナー 12番手）","順行","4〜5着","5","7","14.3","小崎","美浦 浅利","未取得","","","","","","","netkeiba 結果ページ一次取得（通過順・着順・人気・horse_id）",""
"順行（参考）","コスモコンフェルマ","2022100526","20260816","202604020808","新潟08R","10","ダ1800","良","13","差し有利（強）","結果分布からの仮判定（5着以内の最終コーナー位置・前1/3の頭数）","実通過順（netkeiba コーナー通過順位）","中（4 コーナー 5番手）","順行","3着内","2","5","11.1","柴田大","美浦 鈴木慎","未取得","","","","","","","netkeiba 結果ページ一次取得（通過順・着順・人気・horse_id）",""
"順行（参考）","フリーマントル","2021104868","20260816","202604020808","新潟08R","6","ダ1800","良","13","差し有利（強）","結果分布からの仮判定（5着以内の最終コーナー位置・前1/3の頭数）","実通過順（netkeiba コーナー通過順位）","中（4 コーナー 8番手）","順行","3着内","3","8","28.8","津村","美浦 斎藤誠","未取得","","","","","","","netkeiba 結果ページ一次取得（通過順・着順・人気・horse_id）",""
"順行（参考）","ラストレガシー","2022105556","20260816","202604020808","新潟08R","5","ダ1800","良","13","差し有利（強）","結果分布からの仮判定（5着以内の最終コーナー位置・前1/3の頭数）","実通過順（netkeiba コーナー通過順位）","後（4 コーナー 10番手）","順行","4〜5着","4","1","2.3","田辺","美浦 手塚久","未取得","","","","","","","netkeiba 結果ページ一次取得（通過順・着順・人気・horse_id）",""
"順行（参考）","カゼノタカトシ","2022107226","20260816","202604020808","新潟08R","4","ダ1800","良","13","差し有利（強）","結果分布からの仮判定（5着以内の最終コーナー位置・前1/3の頭数）","実通過順（netkeiba コーナー通過順位）","中（4 コーナー 6番手）","順行","4〜5着","5","6","14.9","今村聖","美浦 久保田","未取得","","","","","","","netkeiba 結果ページ一次取得（通過順・着順・人気・horse_id）",""
"順行（参考）","ラショナルポイント","2023105268","20260816","202604020810","新潟10R","10","ダ1800","良","15","前有利","結果分布からの仮判定（5着以内の最終コーナー位置・前1/3の頭数）","実通過順（netkeiba コーナー通過順位）","前（4 コーナー 1番手）","順行","3着内","2","1","2.8","津村","美浦 古賀大","未取得","","","","","","","netkeiba 結果ページ一次取得（通過順・着順・人気・horse_id）",""
"順行（参考）","デルマザオウ","2023101367","20260816","202604020810","新潟10R","13","ダ1800","良","15","前有利","結果分布からの仮判定（5着以内の最終コーナー位置・前1/3の頭数）","実通過順（netkeiba コーナー通過順位）","前（4 コーナー 2番手）","順行","3着内","3","2","4.0","小崎","美浦 松山","未取得","","","","","","","netkeiba 結果ページ一次取得（通過順・着順・人気・horse_id）",""
"順行（参考）","イサチルクイーン","2023102680","20260816","202604020810","新潟10R","1","ダ1800","良","15","前有利","結果分布からの仮判定（5着以内の最終コーナー位置・前1/3の頭数）","実通過順（netkeiba コーナー通過順位）","前（4 コーナー 4番手）","順行","4〜5着","4","5","9.0","木幡初","美浦 竹内","未取得","","","","","","","netkeiba 結果ページ一次取得（通過順・着順・人気・horse_id）",""
"順行（参考）","ジュンライデン","2022104899","20260816","202604020811","新潟11R","5","芝2400","良","9","前有利","結果分布からの仮判定（5着以内の最終コーナー位置・前1/3の頭数）","実通過順（netkeiba コーナー通過順位）","前（4 コーナー 3番手）","順行","3着内","1","6","15.9","杉原","栗東 友道","未取得","","","","","","","netkeiba 結果ページ一次取得（通過順・着順・人気・horse_id）",""
"順行（参考）","ポルトフェリス","2021105780","20260816","202604020811","新潟11R","9","芝2400","良","9","前有利","結果分布からの仮判定（5着以内の最終コーナー位置・前1/3の頭数）","実通過順（netkeiba コーナー通過順位）","前（4 コーナー 2番手）","順行","3着内","2","2","3.9","戸崎圭","美浦 栗田","未取得","","","","","","","netkeiba 結果ページ一次取得（通過順・着順・人気・horse_id）",""
"順行（参考）","コスモナエマ","2023106443","20260816","202604020811","新潟11R","8","芝2400","良","9","前有利","結果分布からの仮判定（5着以内の最終コーナー位置・前1/3の頭数）","実通過順（netkeiba コーナー通過順位）","前（4 コーナー 1番手）","順行","3着内","3","9","26.2","△石神道","美浦 手塚久","未取得","","","","","","","netkeiba 結果ページ一次取得（通過順・着順・人気・horse_id）",""
"順行（参考）","パワポケウォーズ","2023107440","20260816","202604020812","新潟12R","15","ダ1800","良","15","差し有利","結果分布からの仮判定（5着以内の最終コーナー位置・前1/3の頭数）","実通過順（netkeiba コーナー通過順位）","中（4 コーナー 8番手）","順行","3着内","3","10","37.1","▲上里","美浦 大和田","未取得","","","","","","","netkeiba 結果ページ一次取得（通過順・着順・人気・horse_id）",""
"順行（参考）","マーゴットライズ","2023106889","20260816","202604020812","新潟12R","3","ダ1800","良","15","差し有利","結果分布からの仮判定（5着以内の最終コーナー位置・前1/3の頭数）","実通過順（netkeiba コーナー通過順位）","中（4 コーナー 7番手）","順行","4〜5着","4","3","5.5","杉原誠","美浦 伊坂","未取得","","","","","","","netkeiba 結果ページ一次取得（通過順・着順・人気・horse_id）",""
"順行（参考）","レプレセンタル","2023103624","20260816","202604020812","新潟12R","12","ダ1800","良","15","差し有利","結果分布からの仮判定（5着以内の最終コーナー位置・前1/3の頭数）","実通過順（netkeiba コーナー通過順位）","中（4 コーナー 9番手）","順行","4〜5着","5","11","42.0","小崎","美浦 池上","未取得","","","","","","","netkeiba 結果ページ一次取得（通過順・着順・人気・horse_id）",""
"順行（参考）","プルーフリーディン","2023101145","20260816","202601010801","札幌01R","10","ダ1700","良","14","差し有利","結果分布からの仮判定（5着以内の最終コーナー位置・前1/3の頭数）","実通過順（netkeiba コーナー通過順位）","中（4 コーナー 9番手）","順行","3着内","1","2","3.8","▲小林美","栗東 小林","未取得","","","","","","","netkeiba 結果ページ一次取得（通過順・着順・人気・horse_id）",""
"順行（参考）","ウォータースパウト","2023105555","20260816","202601010801","札幌01R","3","ダ1700","良","14","差し有利","結果分布からの仮判定（5着以内の最終コーナー位置・前1/3の頭数）","実通過順（netkeiba コーナー通過順位）","中（4 コーナー 5番手）","順行","3着内","2","5","12.5","吉田隼","美浦 小笠","未取得","","","","","","","netkeiba 結果ページ一次取得（通過順・着順・人気・horse_id）",""
"順行（参考）","セントピュアベース","2023100580","20260816","202601010801","札幌01R","8","ダ1700","良","14","差し有利","結果分布からの仮判定（5着以内の最終コーナー位置・前1/3の頭数）","実通過順（netkeiba コーナー通過順位）","中（4 コーナー 6番手）","順行","4〜5着","5","6","34.9","☆舟山","栗東 藤野","未取得","","","","","","","netkeiba 結果ページ一次取得（通過順・着順・人気・horse_id）",""
"順行（参考）","スクレイプバイ","2024103914","20260816","202601010802","札幌02R","7","芝1200","良","8","差し有利","結果分布からの仮判定（5着以内の最終コーナー位置・前1/3の頭数）","実通過順（netkeiba コーナー通過順位）","中（4 コーナー 4番手）","順行","3着内","2","6","32.9","横山琉","栗東 高橋忠","未取得","","","","","","","netkeiba 結果ページ一次取得（通過順・着順・人気・horse_id）",""
"順行（参考）","リアルジャパン","2024102714","20260816","202601010802","札幌02R","5","芝1200","良","8","差し有利","結果分布からの仮判定（5着以内の最終コーナー位置・前1/3の頭数）","実通過順（netkeiba コーナー通過順位）","中（4 コーナー 6番手）","順行","4〜5着","4","3","7.1","吉田隼","栗東 大橋","未取得","","","","","","","netkeiba 結果ページ一次取得（通過順・着順・人気・horse_id）",""
"順行（参考）","テイクケア","2024106810","20260816","202601010802","札幌02R","4","芝1200","良","8","差し有利","結果分布からの仮判定（5着以内の最終コーナー位置・前1/3の頭数）","実通過順（netkeiba コーナー通過順位）","中（4 コーナー 5番手）","順行","4〜5着","5","5","28.5","★河原田","美浦 和田郎","未取得","","","","","","","netkeiba 結果ページ一次取得（通過順・着順・人気・horse_id）",""
"順行（参考）","ハヤブササキチャン","2023106894","20260816","202601010803","札幌03R","5","芝1800","良","14","前有利（強）","結果分布からの仮判定（5着以内の最終コーナー位置・前1/3の頭数）","実通過順（netkeiba コーナー通過順位）","前（4 コーナー 2番手）","順行","3着内","1","1","2.6","吉田隼","栗東 東田","未取得","","","","","","","netkeiba 結果ページ一次取得（通過順・着順・人気・horse_id）",""
"順行（参考）","テンレディーゴー","2023102915","20260816","202601010803","札幌03R","11","芝1800","良","14","前有利（強）","結果分布からの仮判定（5着以内の最終コーナー位置・前1/3の頭数）","実通過順（netkeiba コーナー通過順位）","前（4 コーナー 4番手）","順行","3着内","2","5","9.0","佐々木","美浦 菊川","未取得","","","","","","","netkeiba 結果ページ一次取得（通過順・着順・人気・horse_id）",""
"順行（参考）","クリスレジーナ","2023102091","20260816","202601010803","札幌03R","10","芝1800","良","14","前有利（強）","結果分布からの仮判定（5着以内の最終コーナー位置・前1/3の頭数）","実通過順（netkeiba コーナー通過順位）","前（4 コーナー 1番手）","順行","3着内","3","3","7.1","横山武","栗東 高野","未取得","","","","","","","netkeiba 結果ページ一次取得（通過順・着順・人気・horse_id）",""
"順行（参考）","コウギョク","2023104678","20260816","202601010803","札幌03R","13","芝1800","良","14","前有利（強）","結果分布からの仮判定（5着以内の最終コーナー位置・前1/3の頭数）","実通過順（netkeiba コーナー通過順位）","前（4 コーナー 3番手）","順行","4〜5着","4","4","8.3","横山和","栗東 昆","未取得","","","","","","","netkeiba 結果ページ一次取得（通過順・着順・人気・horse_id）",""
"順行（参考）","アルジェンタム","2023105675","20260816","202601010804","札幌04R","8","ダ1700","良","14","前有利","結果分布からの仮判定（5着以内の最終コーナー位置・前1/3の頭数）","実通過順（netkeiba コーナー通過順位）","前（4 コーナー 4番手）","順行","3着内","1","1","2.2","横山和","栗東 野中","未取得","","","","","","","netkeiba 結果ページ一次取得（通過順・着順・人気・horse_id）",""
"順行（参考）","ブライトエンジェル","2023104374","20260816","202601010804","札幌04R","13","ダ1700","良","14","前有利","結果分布からの仮判定（5着以内の最終コーナー位置・前1/3の頭数）","実通過順（netkeiba コーナー通過順位）","前（4 コーナー 2番手）","順行","3着内","2","6","13.6","川又","栗東 角田","未取得","","","","","","","netkeiba 結果ページ一次取得（通過順・着順・人気・horse_id）",""
"順行（参考）","ペガサスウィンド","2023100609","20260816","202601010804","札幌04R","12","ダ1700","良","14","前有利","結果分布からの仮判定（5着以内の最終コーナー位置・前1/3の頭数）","実通過順（netkeiba コーナー通過順位）","前（4 コーナー 1番手）","順行","3着内","3","2","4.1","坂井","栗東 宮地","未取得","","","","","","","netkeiba 結果ページ一次取得（通過順・着順・人気・horse_id）",""
"順行（参考）","シティオブドリーム","2024104953","20260816","202601010805","札幌05R","12","芝1800","良","12","前有利","結果分布からの仮判定（5着以内の最終コーナー位置・前1/3の頭数）","実通過順（netkeiba コーナー通過順位）","前（4 コーナー 1番手）","順行","3着内","1","3","5.6","横山典","栗東 昆","未取得","","","","","","","netkeiba 結果ページ一次取得（通過順・着順・人気・horse_id）",""
"順行（参考）","レジームチェンジ","2024100699","20260816","202601010805","札幌05R","11","芝1800","良","12","前有利","結果分布からの仮判定（5着以内の最終コーナー位置・前1/3の頭数）","実通過順（netkeiba コーナー通過順位）","前（4 コーナー 2番手）","順行","3着内","2","1","2.3","横山武","美浦 鹿戸","未取得","","","","","","","netkeiba 結果ページ一次取得（通過順・着順・人気・horse_id）",""
"順行（参考）","ハヤブサカツオー","2024103393","20260816","202601010805","札幌05R","9","芝1800","良","12","前有利","結果分布からの仮判定（5着以内の最終コーナー位置・前1/3の頭数）","実通過順（netkeiba コーナー通過順位）","前（4 コーナー 3番手）","順行","3着内","3","6","16.6","吉田隼","栗東 岡田","未取得","","","","","","","netkeiba 結果ページ一次取得（通過順・着順・人気・horse_id）",""
"順行（参考）","エスカレイト","2023105815","20260816","202601010806","札幌06R","11","ダ1000","良","12","差し有利","結果分布からの仮判定（5着以内の最終コーナー位置・前1/3の頭数）","実通過順（netkeiba コーナー通過順位）","中（4 コーナー 6番手）","順行","3着内","1","4","6.9","西村淳","栗東 小栗","未取得","","","","","","","netkeiba 結果ページ一次取得（通過順・着順・人気・horse_id）",""
"順行（参考）","ヨドノゴールド","2018103293","20260816","202601010806","札幌06R","10","ダ1000","良","12","差し有利","結果分布からの仮判定（5着以内の最終コーナー位置・前1/3の頭数）","実通過順（netkeiba コーナー通過順位）","中（4 コーナー 5番手）","順行","3着内","3","2","4.7","川田","栗東 橋田","未取得","","","","","","","netkeiba 結果ページ一次取得（通過順・着順・人気・horse_id）",""
"順行（参考）","マカニ","2022104370","20260816","202601010806","札幌06R","2","ダ1000","良","12","差し有利","結果分布からの仮判定（5着以内の最終コーナー位置・前1/3の頭数）","実通過順（netkeiba コーナー通過順位）","中（4 コーナー 7番手）","順行","4〜5着","5","12","106.3","▲ 遠藤汰","美浦 尾形","未取得","","","","","","","netkeiba 結果ページ一次取得（通過順・着順・人気・horse_id）",""
"順行（参考）","メイショウライガ","2023100608","20260816","202601010807","札幌07R","9","芝2000","良","16","差し有利","結果分布からの仮判定（5着以内の最終コーナー位置・前1/3の頭数）","実通過順（netkeiba コーナー通過順位）","中（4 コーナー 9番手）","順行","3着内","3","9","35.6","▲和田陽","栗東 藤原","未取得","","","","","","","netkeiba 結果ページ一次取得（通過順・着順・人気・horse_id）",""
"順行（参考）","ヒメヒオウギ","2023106148","20260816","202601010807","札幌07R","12","芝2000","良","16","差し有利","結果分布からの仮判定（5着以内の最終コーナー位置・前1/3の頭数）","実通過順（netkeiba コーナー通過順位）","中（4 コーナー 6番手）","順行","4〜5着","4","6","12.1","★河原田","栗東 中竹","未取得","","","","","","","netkeiba 結果ページ一次取得（通過順・着順・人気・horse_id）",""
"順行（参考）","クールフィデル","2023103483","20260816","202601010807","札幌07R","2","芝2000","良","16","差し有利","結果分布からの仮判定（5着以内の最終コーナー位置・前1/3の頭数）","実通過順（netkeiba コーナー通過順位）","中（4 コーナー 7番手）","順行","4〜5着","5","5","9.1","横山和","美浦 和田勇","未取得","","","","","","","netkeiba 結果ページ一次取得（通過順・着順・人気・horse_id）",""
"順行（参考）","タイキインドラ","2022103149","20260816","202601010808","札幌08R","7","ダ1700","良","11","前有利","結果分布からの仮判定（5着以内の最終コーナー位置・前1/3の頭数）","実通過順（netkeiba コーナー通過順位）","前（4 コーナー 1番手）","順行","3着内","1","1","2.7","坂井","美浦 平岩","未取得","","","","","","","netkeiba 結果ページ一次取得（通過順・着順・人気・horse_id）",""
"順行（参考）","グレイスフルマーチ","2022101044","20260816","202601010808","札幌08R","4","ダ1700","良","11","前有利","結果分布からの仮判定（5着以内の最終コーナー位置・前1/3の頭数）","実通過順（netkeiba コーナー通過順位）","前（4 コーナー 2番手）","順行","3着内","2","3","4.8","斎藤","栗東 中村","未取得","","","","","","","netkeiba 結果ページ一次取得（通過順・着順・人気・horse_id）",""
"順行（参考）","タイセイジェイド","2023100612","20260816","202601010808","札幌08R","2","ダ1700","良","11","前有利","結果分布からの仮判定（5着以内の最終コーナー位置・前1/3の頭数）","実通過順（netkeiba コーナー通過順位）","前（4 コーナー 3番手）","順行","4〜5着","5","2","4.6","西村淳","栗東 矢作","未取得","","","","","","","netkeiba 結果ページ一次取得（通過順・着順・人気・horse_id）",""
"順行（参考）","リヴァイ","2023103585","20260816","202601010809","札幌09R","16","芝1200","良","16","差し有利","結果分布からの仮判定（5着以内の最終コーナー位置・前1/3の頭数）","実通過順（netkeiba コーナー通過順位）","中（4 コーナー 6番手）","順行","3着内","1","3","6.4","西村淳","栗東 高野","未取得","","","","","","","netkeiba 結果ページ一次取得（通過順・着順・人気・horse_id）",""
"順行（参考）","ノアールビーナス","2023104047","20260816","202601010809","札幌09R","13","芝1200","良","16","差し有利","結果分布からの仮判定（5着以内の最終コーナー位置・前1/3の頭数）","実通過順（netkeiba コーナー通過順位）","中（4 コーナー 11番手）","順行","3着内","2","10","15.7","舟山","栗東 杉山佳","未取得","","","","","","","netkeiba 結果ページ一次取得（通過順・着順・人気・horse_id）",""
"順行（参考）","ラヴノー","2023105325","20260816","202601010809","札幌09R","12","芝1200","良","16","差し有利","結果分布からの仮判定（5着以内の最終コーナー位置・前1/3の頭数）","実通過順（netkeiba コーナー通過順位）","中（4 コーナー 10番手）","順行","3着内","3","5","9.8","佐々木","美浦 林","未取得","","","","","","","netkeiba 結果ページ一次取得（通過順・着順・人気・horse_id）",""
"順行（参考）","キーガッツ","2022106513","20260816","202601010810","札幌10R","12","ダ1000","良","12","前有利","結果分布からの仮判定（5着以内の最終コーナー位置・前1/3の頭数）","実通過順（netkeiba コーナー通過順位）","前（4 コーナー 3番手）","順行","3着内","1","8","23.7","西村淳","栗東 杉山佳","未取得","","","","","","","netkeiba 結果ページ一次取得（通過順・着順・人気・horse_id）",""
"順行（参考）","ビーマックス","2022100729","20260816","202601010810","札幌10R","2","ダ1000","良","12","前有利","結果分布からの仮判定（5着以内の最終コーナー位置・前1/3の頭数）","実通過順（netkeiba コーナー通過順位）","前（4 コーナー 4番手）","順行","3着内","3","5","14.3","川田","栗東 藤野","未取得","","","","","","","netkeiba 結果ページ一次取得（通過順・着順・人気・horse_id）",""
"順行（参考）","ウーマンズパワー","2023103929","20260816","202601010810","札幌10R","9","ダ1000","良","12","前有利","結果分布からの仮判定（5着以内の最終コーナー位置・前1/3の頭数）","実通過順（netkeiba コーナー通過順位）","前（4 コーナー 2番手）","順行","4〜5着","5","4","5.4","横山琉","栗東 中尾","未取得","","","","","","","netkeiba 結果ページ一次取得（通過順・着順・人気・horse_id）",""
"順行（参考）","シェイクユアハート","2020103101","20260816","202601010811","札幌11R","15","芝2000","良","16","差し有利","結果分布からの仮判定（5着以内の最終コーナー位置・前1/3の頭数）","実通過順（netkeiba コーナー通過順位）","中（4 コーナー 9番手）","順行","3着内","1","3","6.8","古川吉","栗東 宮","未取得","","","","","","","netkeiba 結果ページ一次取得（通過順・着順・人気・horse_id）",""
"順行（参考）","ローシャムパーク","2019105552","20260816","202601010811","札幌11R","6","芝2000","良","16","差し有利","結果分布からの仮判定（5着以内の最終コーナー位置・前1/3の頭数）","実通過順（netkeiba コーナー通過順位）","中（4 コーナー 8番手）","順行","4〜5着","4","9","20.8","池添","美浦 田中博","未取得","","","","","","","netkeiba 結果ページ一次取得（通過順・着順・人気・horse_id）",""
"順行（参考）","グランディア","2019105302","20260816","202601010811","札幌11R","13","芝2000","良","16","差し有利","結果分布からの仮判定（5着以内の最終コーナー位置・前1/3の頭数）","実通過順（netkeiba コーナー通過順位）","中（4 コーナー 6番手）","順行","4〜5着","5","6","10.2","西村淳","栗東 中内田","未取得","","","","","","","netkeiba 結果ページ一次取得（通過順・着順・人気・horse_id）",""
"順行（参考）","ジュンツバメガエシ","2020103208","20260816","202601010812","札幌12R","12","芝2600","良","14","差し有利","結果分布からの仮判定（5着以内の最終コーナー位置・前1/3の頭数）","実通過順（netkeiba コーナー通過順位）","中（4 コーナー 6番手）","順行","3着内","2","2","9.3","川田","栗東 友道","未取得","","","","","","","netkeiba 結果ページ一次取得（通過順・着順・人気・horse_id）",""
"順行（参考）","ラーシャローム","2022103406","20260816","202601010812","札幌12R","13","芝2600","良","14","差し有利","結果分布からの仮判定（5着以内の最終コーナー位置・前1/3の頭数）","実通過順（netkeiba コーナー通過順位）","中（4 コーナー 8番手）","順行","3着内","3","7","25.0","岩田康","美浦 奥村武","未取得","","","","","","","netkeiba 結果ページ一次取得（通過順・着順・人気・horse_id）",""
"順行（参考）","ブリヤディアマンテ","2022104856","20260816","202601010812","札幌12R","7","芝2600","良","14","差し有利","結果分布からの仮判定（5着以内の最終コーナー位置・前1/3の頭数）","実通過順（netkeiba コーナー通過順位）","中（4 コーナー 9番手）","順行","4〜5着","4","12","156.4","横山和","美浦 小島","未取得","","","","","","","netkeiba 結果ページ一次取得（通過順・着順・人気・horse_id）",""
"順行（参考）","クールタロウ","2024105496","20260822","202607030101","中京01R","2","芝1600","良","9","前有利","結果分布からの仮判定（5着以内の最終コーナー位置・前1/3の頭数）","実通過順（netkeiba コーナー通過順位）","前（4 コーナー 1番手）","順行","3着内","1","3","4.5","吉村","栗東 宮地","未取得","","","","","","","netkeiba 結果ページ一次取得（通過順・着順・人気・horse_id）",""
"順行（参考）","マーゴットマシェリ","2024106461","20260822","202607030101","中京01R","6","芝1600","良","9","前有利","結果分布からの仮判定（5着以内の最終コーナー位置・前1/3の頭数）","実通過順（netkeiba コーナー通過順位）","前（4 コーナー 2番手）","順行","3着内","2","1","1.8","団野","栗東 小林","未取得","","","","","","","netkeiba 結果ページ一次取得（通過順・着順・人気・horse_id）",""
"順行（参考）","タナコクシテンホウ","2024101174","20260822","202607030101","中京01R","1","芝1600","良","9","前有利","結果分布からの仮判定（5着以内の最終コーナー位置・前1/3の頭数）","実通過順（netkeiba コーナー通過順位）","前（4 コーナー 3番手）","順行","4〜5着","5","5","14.5","幸","栗東 大根田","未取得","","","","","","","netkeiba 結果ページ一次取得（通過順・着順・人気・horse_id）",""
"順行（参考）","マルカルーカス","2024106041","20260822","202607030102","中京02R","9","ダ1800","良","10","差し有利","結果分布からの仮判定（5着以内の最終コーナー位置・前1/3の頭数）","実通過順（netkeiba コーナー通過順位）","中（4 コーナー 7番手）","順行","3着内","1","4","14.6","幸","栗東 福永","未取得","","","","","","","netkeiba 結果ページ一次取得（通過順・着順・人気・horse_id）",""
"順行（参考）","ホシヲミテルンナ","2024100227","20260822","202607030102","中京02R","5","ダ1800","良","10","差し有利","結果分布からの仮判定（5着以内の最終コーナー位置・前1/3の頭数）","実通過順（netkeiba コーナー通過順位）","中（4 コーナー 4番手）","順行","3着内","2","8","41.0","田口","栗東 大根田","未取得","","","","","","","netkeiba 結果ページ一次取得（通過順・着順・人気・horse_id）",""
"順行（参考）","アルギエバ","2024100499","20260822","202607030102","中京02R","4","ダ1800","良","10","差し有利","結果分布からの仮判定（5着以内の最終コーナー位置・前1/3の頭数）","実通過順（netkeiba コーナー通過順位）","後（4 コーナー 8番手）","順行","4〜5着","5","9","53.4","☆田山","栗東 平田","未取得","","","","","","","netkeiba 結果ページ一次取得（通過順・着順・人気・horse_id）",""
"順行（参考）","ビップヴォルフ","2023105418","20260822","202607030103","中京03R","6","芝2200","良","8","差し有利（強）","結果分布からの仮判定（5着以内の最終コーナー位置・前1/3の頭数）","実通過順（netkeiba コーナー通過順位）","後（4 コーナー 8番手）","順行","3着内","1","2","7.4","Ｍデム","栗東 小椋","未取得","","","","","","","netkeiba 結果ページ一次取得（通過順・着順・人気・horse_id）",""
"順行（参考）","ロザーンジュ","2023103661","20260822","202607030103","中京03R","2","芝2200","良","8","差し有利（強）","結果分布からの仮判定（5着以内の最終コーナー位置・前1/3の頭数）","実通過順（netkeiba コーナー通過順位）","中（4 コーナー 4番手）","順行","3着内","2","3","8.0","◇今村","栗東 寺島","未取得","","","","","","","netkeiba 結果ページ一次取得（通過順・着順・人気・horse_id）",""
"順行（参考）","アロマフェリス","2022104624","20260822","202607030103","中京03R","3","芝2200","良","8","差し有利（強）","結果分布からの仮判定（5着以内の最終コーナー位置・前1/3の頭数）","実通過順（netkeiba コーナー通過順位）","中（4 コーナー 5番手）","順行","3着内","3","4","10.7","吉村","栗東 辻野","未取得","","","","","","","netkeiba 結果ページ一次取得（通過順・着順・人気・horse_id）",""
"順行（参考）","サトノビダーヤ","2023107379","20260822","202607030103","中京03R","4","芝2200","良","8","差し有利（強）","結果分布からの仮判定（5着以内の最終コーナー位置・前1/3の頭数）","実通過順（netkeiba コーナー通過順位）","後（4 コーナー 7番手）","順行","4〜5着","4","6","41.2","幸","栗東 高橋康","未取得","","","","","","","netkeiba 結果ページ一次取得（通過順・着順・人気・horse_id）",""
"順行（参考）","パラディオン","2023106392","20260822","202607030103","中京03R","5","芝2200","良","8","差し有利（強）","結果分布からの仮判定（5着以内の最終コーナー位置・前1/3の頭数）","実通過順（netkeiba コーナー通過順位）","中（4 コーナー 3番手）","順行","4〜5着","5","5","23.0","田口","栗東 高柳大","未取得","","","","","","","netkeiba 結果ページ一次取得（通過順・着順・人気・horse_id）",""
"順行（参考）","アスクブームキセキ","2023100472","20260822","202607030104","中京04R","9","芝2000","良","18","差し有利","結果分布からの仮判定（5着以内の最終コーナー位置・前1/3の頭数）","実通過順（netkeiba コーナー通過順位）","中（4 コーナー 11番手）","順行","3着内","1","4","7.9","菱田","栗東 藤原","未取得","","","","","","","netkeiba 結果ページ一次取得（通過順・着順・人気・horse_id）",""
"順行（参考）","テンダーワーズ","2023103359","20260822","202607030104","中京04R","3","芝2000","良","18","差し有利","結果分布からの仮判定（5着以内の最終コーナー位置・前1/3の頭数）","実通過順（netkeiba コーナー通過順位）","中（4 コーナー 12番手）","順行","3着内","3","7","28.8","▲川端","栗東 中尾","未取得","","","","","","","netkeiba 結果ページ一次取得（通過順・着順・人気・horse_id）",""
"順行（参考）","ウィスピア","2023102384","20260822","202607030104","中京04R","7","芝2000","良","18","差し有利","結果分布からの仮判定（5着以内の最終コーナー位置・前1/3の頭数）","実通過順（netkeiba コーナー通過順位）","中（4 コーナー 9番手）","順行","4〜5着","5","14","174.9","国分恭","栗東 小林","未取得","","","","","","","netkeiba 結果ページ一次取得（通過順・着順・人気・horse_id）",""
"順行（参考）","タガノプディング","2023104326","20260822","202607030105","中京05R","10","ダ1400","良","16","前有利（強）","結果分布からの仮判定（5着以内の最終コーナー位置・前1/3の頭数）","実通過順（netkeiba コーナー通過順位）","前（4 コーナー 4番手）","順行","3着内","1","1","2.2","団野","栗東 小林","未取得","","","","","","","netkeiba 結果ページ一次取得（通過順・着順・人気・horse_id）",""
"順行（参考）","マカロンブルー","2023104965","20260822","202607030105","中京05R","14","ダ1400","良","16","前有利（強）","結果分布からの仮判定（5着以内の最終コーナー位置・前1/3の頭数）","実通過順（netkeiba コーナー通過順位）","前（4 コーナー 1番手）","順行","3着内","3","2","3.7","◇今村","栗東 佐藤悠","未取得","","","","","","","netkeiba 結果ページ一次取得（通過順・着順・人気・horse_id）",""
"順行（参考）","アルムアポジェ","2023104328","20260822","202607030105","中京05R","13","ダ1400","良","16","前有利（強）","結果分布からの仮判定（5着以内の最終コーナー位置・前1/3の頭数）","実通過順（netkeiba コーナー通過順位）","前（4 コーナー 5番手）","順行","4〜5着","4","6","15.2","菱田","栗東 北出","未取得","","","","","","","netkeiba 結果ページ一次取得（通過順・着順・人気・horse_id）",""
"順行（参考）","キャスケード","2023102968","20260822","202607030105","中京05R","12","ダ1400","良","16","前有利（強）","結果分布からの仮判定（5着以内の最終コーナー位置・前1/3の頭数）","実通過順（netkeiba コーナー通過順位）","前（4 コーナー 3番手）","順行","4〜5着","5","3","8.1","長岡","栗東 高橋亮","未取得","","","","","","","netkeiba 結果ページ一次取得（通過順・着順・人気・horse_id）",""
"順行（参考）","ソウルアンドジャズ","2021106694","20260822","202607030106","中京06R","12","ダ1800","良","14","差し有利（強）","結果分布からの仮判定（5着以内の最終コーナー位置・前1/3の頭数）","実通過順（netkeiba コーナー通過順位）","中（4 コーナー 5番手）","順行","3着内","2","2","4.3","川須","美浦 武井","未取得","","","","","","","netkeiba 結果ページ一次取得（通過順・着順・人気・horse_id）",""
"順行（参考）","タイガースパーク","2020104561","20260822","202607030106","中京06R","7","ダ1800","良","14","差し有利（強）","結果分布からの仮判定（5着以内の最終コーナー位置・前1/3の頭数）","実通過順（netkeiba コーナー通過順位）","後（4 コーナー 14番手）","順行","3着内","3","12","108.8","田口","栗東 大橋","未取得","","","","","","","netkeiba 結果ページ一次取得（通過順・着順・人気・horse_id）",""
"順行（参考）","ニシノジェダイ","2022106998","20260822","202607030106","中京06R","1","ダ1800","良","14","差し有利（強）","結果分布からの仮判定（5着以内の最終コーナー位置・前1/3の頭数）","実通過順（netkeiba コーナー通過順位）","後（4 コーナー 11番手）","順行","4〜5着","4","9","31.1","田山","栗東 宮本","未取得","","","","","","","netkeiba 結果ページ一次取得（通過順・着順・人気・horse_id）",""
"順行（参考）","スマートスピア","2021101106","20260822","202607030106","中京06R","5","ダ1800","良","14","差し有利（強）","結果分布からの仮判定（5着以内の最終コーナー位置・前1/3の頭数）","実通過順（netkeiba コーナー通過順位）","中（4 コーナー 6番手）","順行","4〜5着","5","4","6.5","吉村","栗東 池江","未取得","","","","","","","netkeiba 結果ページ一次取得（通過順・着順・人気・horse_id）",""
"順行（参考）","ピエマンソン","2022100204","20260822","202607030107","中京07R","3","ダ1400","良","16","前有利","結果分布からの仮判定（5着以内の最終コーナー位置・前1/3の頭数）","実通過順（netkeiba コーナー通過順位）","前（4 コーナー 4番手）","順行","3着内","1","1","2.6","Ｍデム","栗東 平田","未取得","","","","","","","netkeiba 結果ページ一次取得（通過順・着順・人気・horse_id）",""
"順行（参考）","サンダーバース","2021103582","20260822","202607030107","中京07R","11","ダ1400","良","16","前有利","結果分布からの仮判定（5着以内の最終コーナー位置・前1/3の頭数）","実通過順（netkeiba コーナー通過順位）","前（4 コーナー 2番手）","順行","3着内","2","12","110.2","角田和","栗東 井上","未取得","","","","","","","netkeiba 結果ページ一次取得（通過順・着順・人気・horse_id）",""
"順行（参考）","ハリーケーン","2022106453","20260822","202607030107","中京07R","6","ダ1400","良","16","前有利","結果分布からの仮判定（5着以内の最終コーナー位置・前1/3の頭数）","実通過順（netkeiba コーナー通過順位）","前（4 コーナー 1番手）","順行","3着内","3","4","8.7","幸","栗東 大根田","未取得","","","","","","","netkeiba 結果ページ一次取得（通過順・着順・人気・horse_id）",""
"順行（参考）","サイモンゼスト","2023102919","20260822","202607030108","中京08R","4","ダ1900","良","10","前有利","結果分布からの仮判定（5着以内の最終コーナー位置・前1/3の頭数）","実通過順（netkeiba コーナー通過順位）","前（4 コーナー 1番手）","順行","3着内","1","1","2.5","田口","栗東 谷","未取得","","","","","","","netkeiba 結果ページ一次取得（通過順・着順・人気・horse_id）",""
"順行（参考）","ホールオブミラーズ","2023107299","20260822","202607030108","中京08R","8","ダ1900","良","10","前有利","結果分布からの仮判定（5着以内の最終コーナー位置・前1/3の頭数）","実通過順（netkeiba コーナー通過順位）","前（4 コーナー 3番手）","順行","3着内","2","2","2.7","西村淳","栗東 高野","未取得","","","","","","","netkeiba 結果ページ一次取得（通過順・着順・人気・horse_id）",""
"順行（参考）","ヒラボクソライア","2023102124","20260822","202607030108","中京08R","2","ダ1900","良","10","前有利","結果分布からの仮判定（5着以内の最終コーナー位置・前1/3の頭数）","実通過順（netkeiba コーナー通過順位）","前（4 コーナー 2番手）","順行","4〜5着","5","5","9.9","角田和","栗東 東田","未取得","","","","","","","netkeiba 結果ページ一次取得（通過順・着順・人気・horse_id）",""
"順行（参考）","マシン","2023105387","20260822","202607030110","中京10R","3","ダ1800","良","12","前有利","結果分布からの仮判定（5着以内の最終コーナー位置・前1/3の頭数）","実通過順（netkeiba コーナー通過順位）","前（4 コーナー 3番手）","順行","3着内","1","2","3.7","団野","栗東 石坂","未取得","","","","","","","netkeiba 結果ページ一次取得（通過順・着順・人気・horse_id）",""
"順行（参考）","メイショウソウテン","2023103180","20260822","202607030110","中京10R","2","ダ1800","良","12","前有利","結果分布からの仮判定（5着以内の最終コーナー位置・前1/3の頭数）","実通過順（netkeiba コーナー通過順位）","前（4 コーナー 2番手）","順行","3着内","3","6","11.9","田口","栗東 鈴木孝","未取得","","","","","","","netkeiba 結果ページ一次取得（通過順・着順・人気・horse_id）",""
"順行（参考）","ゴンタ","2023103245","20260822","202607030110","中京10R","1","ダ1800","良","12","前有利","結果分布からの仮判定（5着以内の最終コーナー位置・前1/3の頭数）","実通過順（netkeiba コーナー通過順位）","前（4 コーナー 4番手）","順行","4〜5着","5","1","3.4","松若","栗東 小崎","未取得","","","","","","","netkeiba 結果ページ一次取得（通過順・着順・人気・horse_id）",""
"順行（参考）","ハムタン","2023103373","20260822","202607030111","中京11R","12","芝1600","良","15","差し有利（強）","結果分布からの仮判定（5着以内の最終コーナー位置・前1/3の頭数）","実通過順（netkeiba コーナー通過順位）","後（4 コーナー 11番手）","順行","3着内","1","1","2.5","Ｍデム","栗東 武幸","未取得","","","","","","","netkeiba 結果ページ一次取得（通過順・着順・人気・horse_id）",""
"順行（参考）","イルミナジーティー","2023106872","20260822","202607030111","中京11R","4","芝1600","良","15","差し有利（強）","結果分布からの仮判定（5着以内の最終コーナー位置・前1/3の頭数）","実通過順（netkeiba コーナー通過順位）","中（4 コーナー 6番手）","順行","3着内","3","4","7.3","吉村","栗東 西園翔","未取得","","","","","","","netkeiba 結果ページ一次取得（通過順・着順・人気・horse_id）",""
"順行（参考）","ホワイトフレイムス","2023106873","20260822","202607030111","中京11R","15","芝1600","良","15","差し有利（強）","結果分布からの仮判定（5着以内の最終コーナー位置・前1/3の頭数）","実通過順（netkeiba コーナー通過順位）","中（4 コーナー 7番手）","順行","4〜5着","4","5","7.8","コレッ","栗東 吉岡","未取得","","","","","","","netkeiba 結果ページ一次取得（通過順・着順・人気・horse_id）",""
"順行（参考）","エイシンニケ","2023105522","20260822","202607030111","中京11R","10","芝1600","良","15","差し有利（強）","結果分布からの仮判定（5着以内の最終コーナー位置・前1/3の頭数）","実通過順（netkeiba コーナー通過順位）","後（4 コーナー 14番手）","順行","4〜5着","5","13","276.7","団野","栗東 吉村","未取得","","","","","","","netkeiba 結果ページ一次取得（通過順・着順・人気・horse_id）",""
"順行（参考）","チュウワメロディー","2023106766","20260822","202607030112","中京12R","12","芝1200","良","17","前有利（強）","結果分布からの仮判定（5着以内の最終コーナー位置・前1/3の頭数）","実通過順（netkeiba コーナー通過順位）","前（4 コーナー 5番手）","順行","3着内","1","1","3.3","松若","栗東 小崎","未取得","","","","","","","netkeiba 結果ページ一次取得（通過順・着順・人気・horse_id）",""
"順行（参考）","アンガーザガール","2023106856","20260822","202607030112","中京12R","11","芝1200","良","17","前有利（強）","結果分布からの仮判定（5着以内の最終コーナー位置・前1/3の頭数）","実通過順（netkeiba コーナー通過順位）","前（4 コーナー 4番手）","順行","3着内","2","3","4.5","西村淳","栗東 東田","未取得","","","","","","","netkeiba 結果ページ一次取得（通過順・着順・人気・horse_id）",""
"順行（参考）","スイートポメロ","2023102133","20260822","202607030112","中京12R","4","芝1200","良","17","前有利（強）","結果分布からの仮判定（5着以内の最終コーナー位置・前1/3の頭数）","実通過順（netkeiba コーナー通過順位）","前（4 コーナー 1番手）","順行","3着内","3","8","26.2","川須","栗東 森田","未取得","","","","","","","netkeiba 結果ページ一次取得（通過順・着順・人気・horse_id）",""
"順行（参考）","ボールドペイト","2023104350","20260822","202607030112","中京12R","6","芝1200","良","17","前有利（強）","結果分布からの仮判定（5着以内の最終コーナー位置・前1/3の頭数）","実通過順（netkeiba コーナー通過順位）","前（4 コーナー 3番手）","順行","4〜5着","5","14","117.5","中井","栗東 千田","未取得","","","","","","","netkeiba 結果ページ一次取得（通過順・着順・人気・horse_id）",""
"順行（参考）","コスモイェーガー","2024103568","20260822","202604030101","新潟01R","5","芝1800","良","7","差し有利","結果分布からの仮判定（5着以内の最終コーナー位置・前1/3の頭数）","実通過順（netkeiba コーナー通過順位）","中（4 コーナー 4番手）","順行","3着内","1","1","1.4","菊沢","美浦 武市","未取得","","","","","","","netkeiba 結果ページ一次取得（通過順・着順・人気・horse_id）",""
"順行（参考）","アラータス","2024106894","20260822","202604030101","新潟01R","4","芝1800","良","7","差し有利","結果分布からの仮判定（5着以内の最終コーナー位置・前1/3の頭数）","実通過順（netkeiba コーナー通過順位）","中（4 コーナー 5番手）","順行","3着内","3","4","8.2","丸田","美浦 秋本","未取得","","","","","","","netkeiba 結果ページ一次取得（通過順・着順・人気・horse_id）",""
"順行（参考）","ブルーグラビティ","2024101330","20260822","202604030101","新潟01R","3","芝1800","良","7","差し有利","結果分布からの仮判定（5着以内の最終コーナー位置・前1/3の頭数）","実通過順（netkeiba コーナー通過順位）","中（4 コーナー 3番手）","順行","4〜5着","5","6","25.4","石橋脩","美浦 大和田","未取得","","","","","","","netkeiba 結果ページ一次取得（通過順・着順・人気・horse_id）",""
"順行（参考）","ニシノツムジカゼ","2024102617","20260822","202604030102","新潟02R","6","ダ1800","良","12","差し有利","結果分布からの仮判定（5着以内の最終コーナー位置・前1/3の頭数）","実通過順（netkeiba コーナー通過順位）","中（4 コーナー 5番手）","順行","3着内","3","6","13.6","野中","美浦 西田","未取得","","","","","","","netkeiba 結果ページ一次取得（通過順・着順・人気・horse_id）",""
"順行（参考）","サクセスボーイ","2024101195","20260822","202604030102","新潟02R","7","ダ1800","良","12","差し有利","結果分布からの仮判定（5着以内の最終コーナー位置・前1/3の頭数）","実通過順（netkeiba コーナー通過順位）","後（4 コーナー 9番手）","順行","4〜5着","4","12","229.1","▲佐藤","美浦 相沢","未取得","","","","","","","netkeiba 結果ページ一次取得（通過順・着順・人気・horse_id）",""
"順行（参考）","ポッドレーヴ","2024101358","20260822","202604030102","新潟02R","12","ダ1800","良","12","差し有利","結果分布からの仮判定（5着以内の最終コーナー位置・前1/3の頭数）","実通過順（netkeiba コーナー通過順位）","中（4 コーナー 6番手）","順行","4〜5着","5","7","15.1","△石田","美浦 平岩","未取得","","","","","","","netkeiba 結果ページ一次取得（通過順・着順・人気・horse_id）",""
"順行（参考）","アイファーマーリン","2024105215","20260822","202604030103","新潟03R","13","芝1600","良","12","差し有利（強）","結果分布からの仮判定（5着以内の最終コーナー位置・前1/3の頭数）","実通過順（netkeiba コーナー通過順位）","後（4 コーナー 11番手）","順行","3着内","2","11","157.1","藤懸","美浦 蛯名利","未取得","","","","","","","netkeiba 結果ページ一次取得（通過順・着順・人気・horse_id）",""
"順行（参考）","セイウンウィルド","2024103879","20260822","202604030103","新潟03R","8","芝1600","良","12","差し有利（強）","結果分布からの仮判定（5着以内の最終コーナー位置・前1/3の頭数）","実通過順（netkeiba コーナー通過順位）","後（4 コーナー 9番手）","順行","3着内","3","4","14.7","大野","美浦 松山","未取得","","","","","","","netkeiba 結果ページ一次取得（通過順・着順・人気・horse_id）",""
"順行（参考）","ミツカネリゲル","2024109029","20260822","202604030103","新潟03R","12","芝1600","良","12","差し有利（強）","結果分布からの仮判定（5着以内の最終コーナー位置・前1/3の頭数）","実通過順（netkeiba コーナー通過順位）","中（4 コーナー 8番手）","順行","4〜5着","4","5","19.0","石橋脩","美浦 小野","未取得","","","","","","","netkeiba 結果ページ一次取得（通過順・着順・人気・horse_id）",""
"順行（参考）","テンソンコウリン","2024106464","20260822","202604030103","新潟03R","1","芝1600","良","12","差し有利（強）","結果分布からの仮判定（5着以内の最終コーナー位置・前1/3の頭数）","実通過順（netkeiba コーナー通過順位）","中（4 コーナー 6番手）","順行","4〜5着","5","2","3.6","坂井","美浦 上原佑","未取得","","","","","","","netkeiba 結果ページ一次取得（通過順・着順・人気・horse_id）",""
"順行（参考）","カルダモン","2023107051","20260822","202604030104","新潟04R","4","ダ1800","良","15","前有利（強）","結果分布からの仮判定（5着以内の最終コーナー位置・前1/3の頭数）","実通過順（netkeiba コーナー通過順位）","前（4 コーナー 3番手）","順行","3着内","1","4","10.6","原","美浦 黒岩","未取得","","","","","","","netkeiba 結果ページ一次取得（通過順・着順・人気・horse_id）",""
"順行（参考）","フィクセルリリア","2023103045","20260822","202604030104","新潟04R","8","ダ1800","良","15","前有利（強）","結果分布からの仮判定（5着以内の最終コーナー位置・前1/3の頭数）","実通過順（netkeiba コーナー通過順位）","前（4 コーナー 2番手）","順行","3着内","2","6","15.0","吉田豊","美浦 平岩","未取得","","","","","","","netkeiba 結果ページ一次取得（通過順・着順・人気・horse_id）",""
"順行（参考）","ラショナルポイント","2023105268","20260822","202604030104","新潟04R","7","ダ1800","良","15","前有利（強）","結果分布からの仮判定（5着以内の最終コーナー位置・前1/3の頭数）","実通過順（netkeiba コーナー通過順位）","前（4 コーナー 1番手）","順行","3着内","3","1","1.9","斎藤","美浦 古賀大","未取得","","","","","","","netkeiba 結果ページ一次取得（通過順・着順・人気・horse_id）",""
"順行（参考）","プロミスライン","2023104884","20260822","202604030104","新潟04R","3","ダ1800","良","15","前有利（強）","結果分布からの仮判定（5着以内の最終コーナー位置・前1/3の頭数）","実通過順（netkeiba コーナー通過順位）","前（4 コーナー 5番手）","順行","4〜5着","4","3","8.8","△石神道","美浦 森一","未取得","","","","","","","netkeiba 結果ページ一次取得（通過順・着順・人気・horse_id）",""
"順行（参考）","セシルブリュネ","2023106841","20260822","202604030105","新潟05R","6","芝1600","良","18","前有利（強）","結果分布からの仮判定（5着以内の最終コーナー位置・前1/3の頭数）","実通過順（netkeiba コーナー通過順位）","前（4 コーナー 3番手）","順行","3着内","1","13","59.5","斎藤","美浦 栗田","未取得","","","","","","","netkeiba 結果ページ一次取得（通過順・着順・人気・horse_id）",""
"順行（参考）","ワインダークシー","2023106376","20260822","202604030105","新潟05R","9","芝1600","良","18","前有利（強）","結果分布からの仮判定（5着以内の最終コーナー位置・前1/3の頭数）","実通過順（netkeiba コーナー通過順位）","前（4 コーナー 1番手）","順行","3着内","2","3","6.0","田辺","美浦 中舘","未取得","","","","","","","netkeiba 結果ページ一次取得（通過順・着順・人気・horse_id）",""
"順行（参考）","ブルームコード","2023102378","20260822","202604030105","新潟05R","16","芝1600","良","18","前有利（強）","結果分布からの仮判定（5着以内の最終コーナー位置・前1/3の頭数）","実通過順（netkeiba コーナー通過順位）","前（4 コーナー 2番手）","順行","4〜5着","4","2","4.5","坂井","美浦 小島","未取得","","","","","","","netkeiba 結果ページ一次取得（通過順・着順・人気・horse_id）",""
"順行（参考）","ココナッツコースト","2023103366","20260822","202604030105","新潟05R","3","芝1600","良","18","前有利（強）","結果分布からの仮判定（5着以内の最終コーナー位置・前1/3の頭数）","実通過順（netkeiba コーナー通過順位）","前（4 コーナー 6番手）","順行","4〜5着","5","1","2.8","津村","美浦 木村","未取得","","","","","","","netkeiba 結果ページ一次取得（通過順・着順・人気・horse_id）",""
"順行（参考）","ケーブパール","2021105161","20260822","202604030106","新潟06R","12","芝1600","良","18","差し有利（強）","結果分布からの仮判定（5着以内の最終コーナー位置・前1/3の頭数）","実通過順（netkeiba コーナー通過順位）","後（4 コーナー 13番手）","順行","3着内","1","4","12.7","富田","栗東 友道","未取得","","","","","","","netkeiba 結果ページ一次取得（通過順・着順・人気・horse_id）",""
"順行（参考）","ジャサルディア","2022105070","20260822","202604030106","新潟06R","10","芝1600","良","18","差し有利（強）","結果分布からの仮判定（5着以内の最終コーナー位置・前1/3の頭数）","実通過順（netkeiba コーナー通過順位）","中（4 コーナー 8番手）","順行","3着内","3","2","3.3","津村","美浦 辻","未取得","","","","","","","netkeiba 結果ページ一次取得（通過順・着順・人気・horse_id）",""
"順行（参考）","マトラコーニッシュ","2022102500","20260822","202604030106","新潟06R","4","芝1600","良","18","差し有利（強）","結果分布からの仮判定（5着以内の最終コーナー位置・前1/3の頭数）","実通過順（netkeiba コーナー通過順位）","後（4 コーナー 15番手）","順行","4〜5着","4","8","21.6","原","栗東 池添","未取得","","","","","","","netkeiba 結果ページ一次取得（通過順・着順・人気・horse_id）",""
"順行（参考）","コートアリシアン","2022105326","20260822","202604030106","新潟06R","2","芝1600","良","18","差し有利（強）","結果分布からの仮判定（5着以内の最終コーナー位置・前1/3の頭数）","実通過順（netkeiba コーナー通過順位）","中（4 コーナー 9番手）","順行","4〜5着","5","3","5.1","田辺","美浦 伊藤大","未取得","","","","","","","netkeiba 結果ページ一次取得（通過順・着順・人気・horse_id）",""
"順行（参考）","ガロンヌ","2021100494","20260822","202604030107","新潟07R","5","芝1400","良","18","差し有利（強）","結果分布からの仮判定（5着以内の最終コーナー位置・前1/3の頭数）","実通過順（netkeiba コーナー通過順位）","後（4 コーナー 16番手）","順行","3着内","2","14","61.1","大野","栗東 上村","未取得","","","","","","","netkeiba 結果ページ一次取得（通過順・着順・人気・horse_id）",""
"順行（参考）","ララマセラシオン","2021100935","20260822","202604030107","新潟07R","1","芝1400","良","18","差し有利（強）","結果分布からの仮判定（5着以内の最終コーナー位置・前1/3の頭数）","実通過順（netkeiba コーナー通過順位）","中（4 コーナー 11番手）","順行","3着内","3","8","19.6","藤懸","美浦 大竹","未取得","","","","","","","netkeiba 結果ページ一次取得（通過順・着順・人気・horse_id）",""
"順行（参考）","グレイイングリーン","2018105454","20260822","202604030107","新潟07R","2","芝1400","良","18","差し有利（強）","結果分布からの仮判定（5着以内の最終コーナー位置・前1/3の頭数）","実通過順（netkeiba コーナー通過順位）","中（4 コーナー 9番手）","順行","4〜5着","4","16","82.9","小崎","栗東 池江","未取得","","","","","","","netkeiba 結果ページ一次取得（通過順・着順・人気・horse_id）",""
"順行（参考）","タガノアラリア","2023104313","20260822","202604030107","新潟07R","18","芝1400","良","18","差し有利（強）","結果分布からの仮判定（5着以内の最終コーナー位置・前1/3の頭数）","実通過順（netkeiba コーナー通過順位）","中（4 コーナー 8番手）","順行","4〜5着","5","2","4.6","坂井","栗東 西園翔","未取得","","","","","","","netkeiba 結果ページ一次取得（通過順・着順・人気・horse_id）",""
"順行（参考）","プルメリアリノ","2023102213","20260822","202604030108","新潟08R","10","ダ1200","良","15","前有利","結果分布からの仮判定（5着以内の最終コーナー位置・前1/3の頭数）","実通過順（netkeiba コーナー通過順位）","前（4 コーナー 2番手）","順行","3着内","1","1","1.4","坂井","栗東 小栗","未取得","","","","","","","netkeiba 結果ページ一次取得（通過順・着順・人気・horse_id）",""
"順行（参考）","ランスオブセヘル","2021102754","20260822","202604030108","新潟08R","15","ダ1200","良","15","前有利","結果分布からの仮判定（5着以内の最終コーナー位置・前1/3の頭数）","実通過順（netkeiba コーナー通過順位）","前（4 コーナー 3番手）","順行","3着内","2","2","8.8","斎藤","栗東 奥村豊","未取得","","","","","","","netkeiba 結果ページ一次取得（通過順・着順・人気・horse_id）",""
"順行（参考）","マクミランテソーロ","2021102276","20260822","202604030108","新潟08R","14","ダ1200","良","15","前有利","結果分布からの仮判定（5着以内の最終コーナー位置・前1/3の頭数）","実通過順（netkeiba コーナー通過順位）","前（4 コーナー 5番手）","順行","4〜5着","4","5","15.8","岩田康","美浦 田中剛","未取得","","","","","","","netkeiba 結果ページ一次取得（通過順・着順・人気・horse_id）",""
"順行（参考）","マタミカンサン","2022103785","20260822","202604030109","新潟09R","6","ダ1800","良","13","前有利","結果分布からの仮判定（5着以内の最終コーナー位置・前1/3の頭数）","実通過順（netkeiba コーナー通過順位）","前（4 コーナー 1番手）","順行","3着内","2","2","3.2","坂井","美浦 加藤士","未取得","","","","","","","netkeiba 結果ページ一次取得（通過順・着順・人気・horse_id）","4角で単独先頭（2馬身以上）：楽逃げの可能性・人間確認"
"順行（参考）","ガーネットテソーロ","2023106734","20260822","202604030109","新潟09R","8","ダ1800","良","13","前有利","結果分布からの仮判定（5着以内の最終コーナー位置・前1/3の頭数）","実通過順（netkeiba コーナー通過順位）","前（4 コーナー 2番手）","順行","3着内","3","5","10.7","▲佐藤","美浦 高木","未取得","","","","","","","netkeiba 結果ページ一次取得（通過順・着順・人気・horse_id）",""
"順行（参考）","キタノエピックアン","2023100485","20260822","202604030109","新潟09R","1","ダ1800","良","13","前有利","結果分布からの仮判定（5着以内の最終コーナー位置・前1/3の頭数）","実通過順（netkeiba コーナー通過順位）","前（4 コーナー 3番手）","順行","4〜5着","4","1","3.1","▲上里","美浦 萱野","未取得","","","","","","","netkeiba 結果ページ一次取得（通過順・着順・人気・horse_id）",""
"順行（参考）","ポペット","2023103980","20260822","202604030110","新潟10R","9","芝1600","良","15","差し有利（強）","結果分布からの仮判定（5着以内の最終コーナー位置・前1/3の頭数）","実通過順（netkeiba コーナー通過順位）","後（4 コーナー 14番手）","順行","3着内","1","2","5.9","◇永島","栗東 高橋康","未取得","","","","","","","netkeiba 結果ページ一次取得（通過順・着順・人気・horse_id）",""
"順行（参考）","タイセイアストロ","2023103917","20260822","202604030110","新潟10R","14","芝1600","良","15","差し有利（強）","結果分布からの仮判定（5着以内の最終コーナー位置・前1/3の頭数）","実通過順（netkeiba コーナー通過順位）","後（4 コーナー 12番手）","順行","3着内","2","1","2.2","石川","美浦 森一","未取得","","","","","","","netkeiba 結果ページ一次取得（通過順・着順・人気・horse_id）",""
"順行（参考）","アドマイヤウルトラ","2023106836","20260822","202604030110","新潟10R","2","芝1600","良","15","差し有利（強）","結果分布からの仮判定（5着以内の最終コーナー位置・前1/3の頭数）","実通過順（netkeiba コーナー通過順位）","中（4 コーナー 8番手）","順行","4〜5着","4","7","15.8","坂井","美浦 宮田","未取得","","","","","","","netkeiba 結果ページ一次取得（通過順・着順・人気・horse_id）",""
"順行（参考）","ラヴスコール","2021105473","20260822","202604030110","新潟10R","1","芝1600","良","15","差し有利（強）","結果分布からの仮判定（5着以内の最終コーナー位置・前1/3の頭数）","実通過順（netkeiba コーナー通過順位）","中（4 コーナー 6番手）","順行","4〜5着","5","12","44.7","斎藤","美浦 加藤征","未取得","","","","","","","netkeiba 結果ページ一次取得（通過順・着順・人気・horse_id）",""
"順行（参考）","ナイトバード","2023103429","20260822","202604030111","新潟11R","5","芝2000","良","12","差し有利","結果分布からの仮判定（5着以内の最終コーナー位置・前1/3の頭数）","実通過順（netkeiba コーナー通過順位）","中（4 コーナー 5番手）","順行","3着内","2","2","3.6","菊沢","美浦 中舘","未取得","","","","","","","netkeiba 結果ページ一次取得（通過順・着順・人気・horse_id）",""
"順行（参考）","クリスタルドレス","2023107406","20260822","202604030111","新潟11R","3","芝2000","良","12","差し有利","結果分布からの仮判定（5着以内の最終コーナー位置・前1/3の頭数）","実通過順（netkeiba コーナー通過順位）","中（4 コーナー 7番手）","順行","3着内","3","1","2.0","江田照","美浦 高橋文","未取得","","","","","","","netkeiba 結果ページ一次取得（通過順・着順・人気・horse_id）",""
"順行（参考）","ハルノアメ","2023104002","20260822","202604030111","新潟11R","8","芝2000","良","12","差し有利","結果分布からの仮判定（5着以内の最終コーナー位置・前1/3の頭数）","実通過順（netkeiba コーナー通過順位）","後（4 コーナー 11番手）","順行","4〜5着","4","3","6.8","▲佐藤","美浦 上原博","未取得","","","","","","","netkeiba 結果ページ一次取得（通過順・着順・人気・horse_id）",""
"順行（参考）","ミスタートントン","2023107532","20260822","202604030112","新潟12R","10","ダ1200","良","15","前有利（強）","結果分布からの仮判定（5着以内の最終コーナー位置・前1/3の頭数）","実通過順（netkeiba コーナー通過順位）","前（4 コーナー 2番手）","順行","3着内","1","1","1.7","三浦","美浦 勢司","未取得","","","","","","","netkeiba 結果ページ一次取得（通過順・着順・人気・horse_id）",""
"順行（参考）","テリオスレイ","2023106854","20260822","202604030112","新潟12R","15","ダ1200","良","15","前有利（強）","結果分布からの仮判定（5着以内の最終コーナー位置・前1/3の頭数）","実通過順（netkeiba コーナー通過順位）","前（4 コーナー 3番手）","順行","3着内","3","2","5.1","坂井","美浦 田島","未取得","","","","","","","netkeiba 結果ページ一次取得（通過順・着順・人気・horse_id）",""
"順行（参考）","ライヴマティーニ","2023102925","20260822","202604030112","新潟12R","6","ダ1200","良","15","前有利（強）","結果分布からの仮判定（5着以内の最終コーナー位置・前1/3の頭数）","実通過順（netkeiba コーナー通過順位）","前（4 コーナー 4番手）","順行","4〜5着","4","13","134.6","★谷原","美浦 尾形","未取得","","","","","","","netkeiba 結果ページ一次取得（通過順・着順・人気・horse_id）",""
"順行（参考）","セイウンヤオヨロズ","2023100006","20260822","202604030112","新潟12R","2","ダ1200","良","15","前有利（強）","結果分布からの仮判定（5着以内の最終コーナー位置・前1/3の頭数）","実通過順（netkeiba コーナー通過順位）","前（4 コーナー 1番手）","順行","4〜5着","5","3","5.9","▲佐藤","美浦 上原博","未取得","","","","","","","netkeiba 結果ページ一次取得（通過順・着順・人気・horse_id）","4角で単独先頭（2馬身以上）：楽逃げの可能性・人間確認"
"順行（参考）","トゥザファイナル","2024106404","20260822","202601020101","札幌01R","7","ダ1700","良","12","前有利","結果分布からの仮判定（5着以内の最終コーナー位置・前1/3の頭数）","実通過順（netkeiba コーナー通過順位）","前（4 コーナー 2番手）","順行","3着内","1","1","1.8","ルメー","美浦 小島","未取得","","","","","","","netkeiba 結果ページ一次取得（通過順・着順・人気・horse_id）",""
"順行（参考）","シンゼンノト","2024102290","20260822","202601020101","札幌01R","9","ダ1700","良","12","前有利","結果分布からの仮判定（5着以内の最終コーナー位置・前1/3の頭数）","実通過順（netkeiba コーナー通過順位）","前（4 コーナー 1番手）","順行","3着内","3","8","63.2","▲遠藤","栗東 荒川","未取得","","","","","","","netkeiba 結果ページ一次取得（通過順・着順・人気・horse_id）",""
"順行（参考）","アンバーバレット","2024100448","20260822","202601020101","札幌01R","2","ダ1700","良","12","前有利","結果分布からの仮判定（5着以内の最終コーナー位置・前1/3の頭数）","実通過順（netkeiba コーナー通過順位）","前（4 コーナー 4番手）","順行","4〜5着","4","3","7.5","☆長浜","美浦 矢嶋","未取得","","","","","","","netkeiba 結果ページ一次取得（通過順・着順・人気・horse_id）",""
"順行（参考）","ランフォーザエイジ","2024103702","20260822","202601020102","札幌02R","2","芝1800","良","6","差し有利","結果分布からの仮判定（5着以内の最終コーナー位置・前1/3の頭数）","実通過順（netkeiba コーナー通過順位）","中（4 コーナー 3番手）","順行","3着内","2","1","1.5","浜中","美浦 小島","未取得","","","","","","","netkeiba 結果ページ一次取得（通過順・着順・人気・horse_id）",""
"順行（参考）","ローレルメビウス","2024104772","20260822","202601020102","札幌02R","5","芝1800","良","6","差し有利","結果分布からの仮判定（5着以内の最終コーナー位置・前1/3の頭数）","実通過順（netkeiba コーナー通過順位）","後（4 コーナー 5番手）","順行","4〜5着","4","6","72.6","◇古川奈","美浦 金成","未取得","","","","","","","netkeiba 結果ページ一次取得（通過順・着順・人気・horse_id）",""
"順行（参考）","ランダムナンバー","2024101984","20260822","202601020102","札幌02R","1","芝1800","良","6","差し有利","結果分布からの仮判定（5着以内の最終コーナー位置・前1/3の頭数）","実通過順（netkeiba コーナー通過順位）","後（4 コーナー 6番手）","順行","4〜5着","5","3","7.2","古川吉","栗東 橋田","未取得","","","","","","","netkeiba 結果ページ一次取得（通過順・着順・人気・horse_id）",""
"順行（参考）","リン","2023101576","20260822","202601020103","札幌03R","14","ダ1700","良","14","前有利（強）","結果分布からの仮判定（5着以内の最終コーナー位置・前1/3の頭数）","実通過順（netkeiba コーナー通過順位）","前（4 コーナー 3番手）","順行","3着内","1","1","2.1","松山","栗東 四位","未取得","","","","","","","netkeiba 結果ページ一次取得（通過順・着順・人気・horse_id）",""
"順行（参考）","メイショウセンドウ","2023101756","20260822","202601020103","札幌03R","8","ダ1700","良","14","前有利（強）","結果分布からの仮判定（5着以内の最終コーナー位置・前1/3の頭数）","実通過順（netkeiba コーナー通過順位）","前（4 コーナー 1番手）","順行","3着内","2","2","3.6","横山和","栗東 飯田","未取得","","","","","","","netkeiba 結果ページ一次取得（通過順・着順・人気・horse_id）",""
"順行（参考）","イーサンミラー","2023106657","20260822","202601020103","札幌03R","4","ダ1700","良","14","前有利（強）","結果分布からの仮判定（5着以内の最終コーナー位置・前1/3の頭数）","実通過順（netkeiba コーナー通過順位）","前（4 コーナー 4番手）","順行","3着内","3","5","11.9","Ｒヘル","美浦 稲垣","未取得","","","","","","","netkeiba 結果ページ一次取得（通過順・着順・人気・horse_id）",""
"順行（参考）","ジャーナーリア","2023100596","20260822","202601020103","札幌03R","3","ダ1700","良","14","前有利（強）","結果分布からの仮判定（5着以内の最終コーナー位置・前1/3の頭数）","実通過順（netkeiba コーナー通過順位）","前（4 コーナー 2番手）","順行","4〜5着","5","7","27.0","池添","栗東 本田","未取得","","","","","","","netkeiba 結果ページ一次取得（通過順・着順・人気・horse_id）",""
"順行（参考）","コワンニシタガウ","2023104216","20260822","202601020104","札幌04R","11","芝2000","良","16","差し有利","結果分布からの仮判定（5着以内の最終コーナー位置・前1/3の頭数）","実通過順（netkeiba コーナー通過順位）","中（4 コーナー 8番手）","順行","3着内","1","4","8.1","武豊","栗東 庄野","未取得","","","","","","","netkeiba 結果ページ一次取得（通過順・着順・人気・horse_id）",""
"順行（参考）","フローレンスフーガ","2023101000","20260822","202601020104","札幌04R","8","芝2000","良","16","差し有利","結果分布からの仮判定（5着以内の最終コーナー位置・前1/3の頭数）","実通過順（netkeiba コーナー通過順位）","中（4 コーナー 6番手）","順行","3着内","3","8","19.9","古川吉","栗東 四位","未取得","","","","","","","netkeiba 結果ページ一次取得（通過順・着順・人気・horse_id）",""
"順行（参考）","サトノリアファル","2023105260","20260822","202601020104","札幌04R","9","芝2000","良","16","差し有利","結果分布からの仮判定（5着以内の最終コーナー位置・前1/3の頭数）","実通過順（netkeiba コーナー通過順位）","後（4 コーナー 13番手）","順行","4〜5着","4","2","5.4","横山和","美浦 古賀慎","未取得","","","","","","","netkeiba 結果ページ一次取得（通過順・着順・人気・horse_id）",""
"順行（参考）","ツキミ","2024106512","20260822","202601020105","札幌05R","11","芝1500","良","14","前有利","結果分布からの仮判定（5着以内の最終コーナー位置・前1/3の頭数）","実通過順（netkeiba コーナー通過順位）","前（4 コーナー 2番手）","順行","3着内","1","1","3.1","レーン","栗東 清水久","未取得","","","","","","","netkeiba 結果ページ一次取得（通過順・着順・人気・horse_id）",""
"順行（参考）","グリーンアイランド","2024105384","20260822","202601020105","札幌05R","5","芝1500","良","14","前有利","結果分布からの仮判定（5着以内の最終コーナー位置・前1/3の頭数）","実通過順（netkeiba コーナー通過順位）","前（4 コーナー 4番手）","順行","3着内","2","5","9.6","武豊","栗東 柴田","未取得","","","","","","","netkeiba 結果ページ一次取得（通過順・着順・人気・horse_id）",""
"順行（参考）","ブラスセッション","2024105378","20260822","202601020105","札幌05R","10","芝1500","良","14","前有利","結果分布からの仮判定（5着以内の最終コーナー位置・前1/3の頭数）","実通過順（netkeiba コーナー通過順位）","前（4 コーナー 3番手）","順行","4〜5着","4","8","18.5","横山和","美浦 小野","未取得","","","","","","","netkeiba 結果ページ一次取得（通過順・着順・人気・horse_id）",""
"順行（参考）","ギオンバヤシ","2023102695","20260822","202601020106","札幌06R","12","芝2600","良","13","前有利","結果分布からの仮判定（5着以内の最終コーナー位置・前1/3の頭数）","実通過順（netkeiba コーナー通過順位）","前（4 コーナー 1番手）","順行","3着内","2","2","4.1","武豊","栗東 鈴木孝","未取得","","","","","","","netkeiba 結果ページ一次取得（通過順・着順・人気・horse_id）","4角で単独先頭（2馬身以上）：楽逃げの可能性・人間確認"
"順行（参考）","レットミーテイク","2023101934","20260822","202601020106","札幌06R","10","芝2600","良","13","前有利","結果分布からの仮判定（5着以内の最終コーナー位置・前1/3の頭数）","実通過順（netkeiba コーナー通過順位）","前（4 コーナー 3番手）","順行","3着内","3","5","7.9","岩田望","栗東 庄野","未取得","","","","","","","netkeiba 結果ページ一次取得（通過順・着順・人気・horse_id）",""
"順行（参考）","シャンドラファール","2023107221","20260822","202601020106","札幌06R","9","芝2600","良","13","前有利","結果分布からの仮判定（5着以内の最終コーナー位置・前1/3の頭数）","実通過順（netkeiba コーナー通過順位）","前（4 コーナー 2番手）","順行","4〜5着","4","1","2.3","松山","栗東 井上","未取得","","","","","","","netkeiba 結果ページ一次取得（通過順・着順・人気・horse_id）",""
"順行（参考）","ミサビスケッツ","2022104317","20260822","202601020107","札幌07R","7","ダ1000","良","12","前有利（強）","結果分布からの仮判定（5着以内の最終コーナー位置・前1/3の頭数）","実通過順（netkeiba コーナー通過順位）","前（4 コーナー 4番手）","順行","3着内","1","2","4.7","★河原田","美浦 村田","未取得","","","","","","","netkeiba 結果ページ一次取得（通過順・着順・人気・horse_id）",""
"順行（参考）","レストプレドゥモア","2022101418","20260822","202601020107","札幌07R","3","ダ1000","良","12","前有利（強）","結果分布からの仮判定（5着以内の最終コーナー位置・前1/3の頭数）","実通過順（netkeiba コーナー通過順位）","前（4 コーナー 1番手）","順行","3着内","2","8","13.4","小沢","栗東 小林","未取得","","","","","","","netkeiba 結果ページ一次取得（通過順・着順・人気・horse_id）",""
"順行（参考）","ドリームガッサン","2023102748","20260822","202601020107","札幌07R","5","ダ1000","良","12","前有利（強）","結果分布からの仮判定（5着以内の最終コーナー位置・前1/3の頭数）","実通過順（netkeiba コーナー通過順位）","前（4 コーナー 3番手）","順行","3着内","3","1","3.3","▲小林美","美浦 鈴木伸","未取得","","","","","","","netkeiba 結果ページ一次取得（通過順・着順・人気・horse_id）",""
"順行（参考）","ラテラルパーム","2023103557","20260822","202601020107","札幌07R","4","ダ1000","良","12","前有利（強）","結果分布からの仮判定（5着以内の最終コーナー位置・前1/3の頭数）","実通過順（netkeiba コーナー通過順位）","前（4 コーナー 2番手）","順行","4〜5着","4","4","7.0","松山","美浦 栗田","未取得","","","","","","","netkeiba 結果ページ一次取得（通過順・着順・人気・horse_id）",""
"順行（参考）","ミルボナー","2023106217","20260822","202601020108","札幌08R","9","ダ1700","良","10","前有利","結果分布からの仮判定（5着以内の最終コーナー位置・前1/3の頭数）","実通過順（netkeiba コーナー通過順位）","前（4 コーナー 3番手）","順行","3着内","2","4","6.9","武豊","栗東 高野","未取得","","","","","","","netkeiba 結果ページ一次取得（通過順・着順・人気・horse_id）",""
"順行（参考）","ケープウィッカム","2021105896","20260822","202601020108","札幌08R","7","ダ1700","良","10","前有利","結果分布からの仮判定（5着以内の最終コーナー位置・前1/3の頭数）","実通過順（netkeiba コーナー通過順位）","前（4 コーナー 2番手）","順行","3着内","3","1","3.2","ルメー","美浦 中舘","未取得","","","","","","","netkeiba 結果ページ一次取得（通過順・着順・人気・horse_id）",""
"順行（参考）","ジーティーアリア","2023105358","20260822","202601020108","札幌08R","3","ダ1700","良","10","前有利","結果分布からの仮判定（5着以内の最終コーナー位置・前1/3の頭数）","実通過順（netkeiba コーナー通過順位）","前（4 コーナー 1番手）","順行","4〜5着","4","6","11.7","北村友","栗東 田中克","未取得","","","","","","","netkeiba 結果ページ一次取得（通過順・着順・人気・horse_id）",""
"順行（参考）","ブルージェイ","2024107032","20260822","202601020109","札幌09R","6","芝1500","良","14","前有利","結果分布からの仮判定（5着以内の最終コーナー位置・前1/3の頭数）","実通過順（netkeiba コーナー通過順位）","前（4 コーナー 4番手）","順行","3着内","1","2","4.0","鮫島駿","美浦 加藤征","未取得","","","","","","","netkeiba 結果ページ一次取得（通過順・着順・人気・horse_id）",""
"順行（参考）","ラードンチェイス","2024103538","20260822","202601020109","札幌09R","10","芝1500","良","14","前有利","結果分布からの仮判定（5着以内の最終コーナー位置・前1/3の頭数）","実通過順（netkeiba コーナー通過順位）","前（4 コーナー 3番手）","順行","4〜5着","4","3","4.8","ルメー","美浦 古賀慎","未取得","","","","","","","netkeiba 結果ページ一次取得（通過順・着順・人気・horse_id）",""
"順行（参考）","ウィエダンド","2024106606","20260822","202601020109","札幌09R","13","芝1500","良","14","前有利","結果分布からの仮判定（5着以内の最終コーナー位置・前1/3の頭数）","実通過順（netkeiba コーナー通過順位）","前（4 コーナー 2番手）","順行","4〜5着","5","4","10.6","横山和","栗東 小栗","未取得","","","","","","","netkeiba 結果ページ一次取得（通過順・着順・人気・horse_id）",""
"順行（参考）","ビービーエフォート","2022102421","20260822","202601020110","札幌10R","5","芝1200","良","14","差し有利（強）","結果分布からの仮判定（5着以内の最終コーナー位置・前1/3の頭数）","実通過順（netkeiba コーナー通過順位）","中（4 コーナー 6番手）","順行","3着内","2","3","6.0","ロイド","美浦 高柳瑞","未取得","","","","","","","netkeiba 結果ページ一次取得（通過順・着順・人気・horse_id）",""
"順行（参考）","ミキノバカラ","2022102594","20260822","202601020110","札幌10R","10","芝1200","良","14","差し有利（強）","結果分布からの仮判定（5着以内の最終コーナー位置・前1/3の頭数）","実通過順（netkeiba コーナー通過順位）","中（4 コーナー 8番手）","順行","3着内","3","6","12.4","横山武","栗東 大橋","未取得","","","","","","","netkeiba 結果ページ一次取得（通過順・着順・人気・horse_id）",""
"順行（参考）","ビーコング","2021103595","20260822","202601020110","札幌10R","11","芝1200","良","14","差し有利（強）","結果分布からの仮判定（5着以内の最終コーナー位置・前1/3の頭数）","実通過順（netkeiba コーナー通過順位）","中（4 コーナー 7番手）","順行","4〜5着","4","5","8.6","レーン","美浦 小手川","未取得","","","","","","","netkeiba 結果ページ一次取得（通過順・着順・人気・horse_id）",""
"順行（参考）","エクストラバック","2021110023","20260822","202601020110","札幌10R","7","芝1200","良","14","差し有利（強）","結果分布からの仮判定（5着以内の最終コーナー位置・前1/3の頭数）","実通過順（netkeiba コーナー通過順位）","後（4 コーナー 13番手）","順行","4〜5着","5","11","28.1","Ｍヴェ","栗東 前川","未取得","","","","","","","netkeiba 結果ページ一次取得（通過順・着順・人気・horse_id）",""
"順行（参考）","キャントウェイト","2021102800","20260822","202601020111","札幌11R","7","芝2000","良","13","前有利（強）","結果分布からの仮判定（5着以内の最終コーナー位置・前1/3の頭数）","実通過順（netkeiba コーナー通過順位）","前（4 コーナー 4番手）","順行","3着内","1","4","6.2","横山典","美浦 萱野","未取得","","","","","","","netkeiba 結果ページ一次取得（通過順・着順・人気・horse_id）",""
"順行（参考）","ショウナンサムデイ","2022105801","20260822","202601020111","札幌11R","14","芝2000","良","13","前有利（強）","結果分布からの仮判定（5着以内の最終コーナー位置・前1/3の頭数）","実通過順（netkeiba コーナー通過順位）","前（4 コーナー 1番手）","順行","3着内","3","3","4.9","川田","美浦 奥村武","未取得","","","","","","","netkeiba 結果ページ一次取得（通過順・着順・人気・horse_id）",""
"順行（参考）","ディーガレジェンド","2021105072","20260822","202601020111","札幌11R","13","芝2000","良","13","前有利（強）","結果分布からの仮判定（5着以内の最終コーナー位置・前1/3の頭数）","実通過順（netkeiba コーナー通過順位）","前（4 コーナー 2番手）","順行","4〜5着","4","6","9.3","レーン","栗東 藤原","未取得","","","","","","","netkeiba 結果ページ一次取得（通過順・着順・人気・horse_id）",""
"順行（参考）","スピードリッチ","2021105438","20260822","202601020111","札幌11R","10","芝2000","良","13","前有利（強）","結果分布からの仮判定（5着以内の最終コーナー位置・前1/3の頭数）","実通過順（netkeiba コーナー通過順位）","前（4 コーナー 3番手）","順行","4〜5着","5","1","4.6","ルメー","栗東 藤岡健","未取得","","","","","","","netkeiba 結果ページ一次取得（通過順・着順・人気・horse_id）",""
"順行（参考）","ロングミックス","2023103451","20260822","202601020112","札幌12R","11","ダ1700","良","11","差し有利","結果分布からの仮判定（5着以内の最終コーナー位置・前1/3の頭数）","実通過順（netkeiba コーナー通過順位）","中（4 コーナー 7番手）","順行","3着内","1","1","3.0","横山典","美浦 村田","未取得","","","","","","","netkeiba 結果ページ一次取得（通過順・着順・人気・horse_id）",""
"順行（参考）","メイショウコシュウ","2023105032","20260822","202601020112","札幌12R","3","ダ1700","良","11","差し有利","結果分布からの仮判定（5着以内の最終コーナー位置・前1/3の頭数）","実通過順（netkeiba コーナー通過順位）","中（4 コーナー 8番手）","順行","4〜5着","4","3","5.7","武豊","栗東 松永幹","未取得","","","","","","","netkeiba 結果ページ一次取得（通過順・着順・人気・horse_id）",""
"順行（参考）","ポンピエ","2021104945","20260822","202601020112","札幌12R","8","ダ1700","良","11","差し有利","結果分布からの仮判定（5着以内の最終コーナー位置・前1/3の頭数）","実通過順（netkeiba コーナー通過順位）","中（4 コーナー 5番手）","順行","4〜5着","5","5","7.2","鮫島駿","栗東 井上","未取得","","","","","","","netkeiba 結果ページ一次取得（通過順・着順・人気・horse_id）",""
"順行（参考）","ベニバナ","2024104447","20260823","202607030201","中京01R","5","芝1400","良","7","差し有利","結果分布からの仮判定（5着以内の最終コーナー位置・前1/3の頭数）","実通過順（netkeiba コーナー通過順位）","中（4 コーナー 3番手）","順行","3着内","1","1","1.4","☆田山","栗東 渡辺","未取得","","","","","","","netkeiba 結果ページ一次取得（通過順・着順・人気・horse_id）",""
"順行（参考）","プリンキピッサ","2024106888","20260823","202607030201","中京01R","4","芝1400","良","7","差し有利","結果分布からの仮判定（5着以内の最終コーナー位置・前1/3の頭数）","実通過順（netkeiba コーナー通過順位）","後（4 コーナー 6番手）","順行","3着内","2","2","4.6","西村淳","栗東 高野","未取得","","","","","","","netkeiba 結果ページ一次取得（通過順・着順・人気・horse_id）",""
"順行（参考）","パストザクラウン","2024104298","20260823","202607030201","中京01R","3","芝1400","良","7","差し有利","結果分布からの仮判定（5着以内の最終コーナー位置・前1/3の頭数）","実通過順（netkeiba コーナー通過順位）","中（4 コーナー 4番手）","順行","4〜5着","5","6","28.8","◇今村","栗東 高橋忠","未取得","","","","","","","netkeiba 結果ページ一次取得（通過順・着順・人気・horse_id）",""
"順行（参考）","キトゥンズクラフト","2024107027","20260823","202607030202","中京02R","2","芝2000","良","8","差し有利（強）","結果分布からの仮判定（5着以内の最終コーナー位置・前1/3の頭数）","実通過順（netkeiba コーナー通過順位）","中（4 コーナー 5番手）","順行","3着内","1","1","2.3","吉村","栗東 池江","未取得","","","","","","","netkeiba 結果ページ一次取得（通過順・着順・人気・horse_id）",""
"順行（参考）","ケイアイトリノ","2024103401","20260823","202607030202","中京02R","6","芝2000","良","8","差し有利（強）","結果分布からの仮判定（5着以内の最終コーナー位置・前1/3の頭数）","実通過順（netkeiba コーナー通過順位）","中（4 コーナー 3番手）","順行","3着内","3","5","17.8","藤懸","栗東 平田","未取得","","","","","","","netkeiba 結果ページ一次取得（通過順・着順・人気・horse_id）",""
"順行（参考）","マスリュウオー","2024105248","20260823","202607030202","中京02R","5","芝2000","良","8","差し有利（強）","結果分布からの仮判定（5着以内の最終コーナー位置・前1/3の頭数）","実通過順（netkeiba コーナー通過順位）","中（4 コーナー 4番手）","順行","4〜5着","4","3","5.3","☆田山","栗東 加藤公","未取得","","","","","","","netkeiba 結果ページ一次取得（通過順・着順・人気・horse_id）",""
"順行（参考）","リヴァイアサン","2024100204","20260823","202607030202","中京02R","8","芝2000","良","8","差し有利（強）","結果分布からの仮判定（5着以内の最終コーナー位置・前1/3の頭数）","実通過順（netkeiba コーナー通過順位）","後（4 コーナー 7番手）","順行","4〜5着","5","7","26.6","田口","栗東 四位","未取得","","","","","","","netkeiba 結果ページ一次取得（通過順・着順・人気・horse_id）",""
"順行（参考）","ファミーリエ","2024103478","20260823","202607030203","中京03R","4","芝1400","良","9","差し有利（強）","結果分布からの仮判定（5着以内の最終コーナー位置・前1/3の頭数）","実通過順（netkeiba コーナー通過順位）","中（4 コーナー 4番手）","順行","3着内","1","2","4.2","吉村","栗東 清水久","未取得","","","","","","","netkeiba 結果ページ一次取得（通過順・着順・人気・horse_id）",""
"順行（参考）","コトテーラー","2024104829","20260823","202607030203","中京03R","5","芝1400","良","9","差し有利（強）","結果分布からの仮判定（5着以内の最終コーナー位置・前1/3の頭数）","実通過順（netkeiba コーナー通過順位）","後（4 コーナー 7番手）","順行","3着内","2","7","22.0","☆田山","栗東 緒方","未取得","","","","","","","netkeiba 結果ページ一次取得（通過順・着順・人気・horse_id）",""
"順行（参考）","サンクサンス","2024103392","20260823","202607030203","中京03R","2","芝1400","良","9","差し有利（強）","結果分布からの仮判定（5着以内の最終コーナー位置・前1/3の頭数）","実通過順（netkeiba コーナー通過順位）","後（4 コーナー 9番手）","順行","3着内","3","8","28.2","松若","栗東 小栗","未取得","","","","","","","netkeiba 結果ページ一次取得（通過順・着順・人気・horse_id）",""
"順行（参考）","ヴァーヴイレヴン","2024108319","20260823","202607030203","中京03R","9","芝1400","良","9","差し有利（強）","結果分布からの仮判定（5着以内の最終コーナー位置・前1/3の頭数）","実通過順（netkeiba コーナー通過順位）","中（4 コーナー 5番手）","順行","4〜5着","5","4","7.7","鮫島駿","栗東 小崎","未取得","","","","","","","netkeiba 結果ページ一次取得（通過順・着順・人気・horse_id）",""
"順行（参考）","キタノハイテイル","2023101233","20260823","202607030204","中京04R","9","ダ1900","良","15","差し有利","結果分布からの仮判定（5着以内の最終コーナー位置・前1/3の頭数）","実通過順（netkeiba コーナー通過順位）","中（4 コーナー 8番手）","順行","3着内","1","6","13.0","城戸","栗東 羽月","未取得","","","","","","","netkeiba 結果ページ一次取得（通過順・着順・人気・horse_id）",""
"順行（参考）","ニシノエビガタメ","2023106271","20260823","202607030204","中京04R","6","ダ1900","良","15","差し有利","結果分布からの仮判定（5着以内の最終コーナー位置・前1/3の頭数）","実通過順（netkeiba コーナー通過順位）","後（4 コーナー 12番手）","順行","4〜5着","4","9","28.1","Ｍデム","栗東 吉村","未取得","","","","","","","netkeiba 結果ページ一次取得（通過順・着順・人気・horse_id）",""
"順行（参考）","クリノリキオー","2023100477","20260823","202607030204","中京04R","8","ダ1900","良","15","差し有利","結果分布からの仮判定（5着以内の最終コーナー位置・前1/3の頭数）","実通過順（netkeiba コーナー通過順位）","中（4 コーナー 7番手）","順行","4〜5着","5","2","6.3","幸","栗東 高橋忠","未取得","","","","","","","netkeiba 結果ページ一次取得（通過順・着順・人気・horse_id）",""
"順行（参考）","アグレイビューティ","2023103676","20260823","202607030205","中京05R","7","芝2000","良","11","差し有利（強）","結果分布からの仮判定（5着以内の最終コーナー位置・前1/3の頭数）","実通過順（netkeiba コーナー通過順位）","中（4 コーナー 6番手）","順行","3着内","2","9","26.6","角田和","栗東 上村","未取得","","","","","","","netkeiba 結果ページ一次取得（通過順・着順・人気・horse_id）",""
"順行（参考）","ヴィスコンテッサ","2023107244","20260823","202607030205","中京05R","6","芝2000","良","11","差し有利（強）","結果分布からの仮判定（5着以内の最終コーナー位置・前1/3の頭数）","実通過順（netkeiba コーナー通過順位）","中（4 コーナー 4番手）","順行","3着内","3","1","1.7","吉村","栗東 松永幹","未取得","","","","","","","netkeiba 結果ページ一次取得（通過順・着順・人気・horse_id）",""
"順行（参考）","マーゴットレジーナ","2022101400","20260823","202607030205","中京05R","5","芝2000","良","11","差し有利（強）","結果分布からの仮判定（5着以内の最終コーナー位置・前1/3の頭数）","実通過順（netkeiba コーナー通過順位）","中（4 コーナー 8番手）","順行","4〜5着","4","6","17.2","菱田","栗東 小林","未取得","","","","","","","netkeiba 結果ページ一次取得（通過順・着順・人気・horse_id）",""
"順行（参考）","オモイヲノセテ","2023103996","20260823","202607030205","中京05R","8","芝2000","良","11","差し有利（強）","結果分布からの仮判定（5着以内の最終コーナー位置・前1/3の頭数）","実通過順（netkeiba コーナー通過順位）","後（4 コーナー 10番手）","順行","4〜5着","5","10","49.2","幸","栗東 高橋忠","未取得","","","","","","","netkeiba 結果ページ一次取得（通過順・着順・人気・horse_id）",""
"順行（参考）","ビップディラン","2022100382","20260823","202607030206","中京06R","5","芝1600","良","14","差し有利","結果分布からの仮判定（5着以内の最終コーナー位置・前1/3の頭数）","実通過順（netkeiba コーナー通過順位）","中（4 コーナー 8番手）","順行","3着内","1","2","4.7","Ｍデム","栗東 小椋","未取得","","","","","","","netkeiba 結果ページ一次取得（通過順・着順・人気・horse_id）",""
"順行（参考）","ジーティーマン","2022104715","20260823","202607030206","中京06R","3","芝1600","良","14","差し有利","結果分布からの仮判定（5着以内の最終コーナー位置・前1/3の頭数）","実通過順（netkeiba コーナー通過順位）","後（4 コーナー 14番手）","順行","3着内","2","3","5.3","西村淳","栗東 小栗","未取得","","","","","","","netkeiba 結果ページ一次取得（通過順・着順・人気・horse_id）",""
"順行（参考）","テーオーシュタイン","2022104879","20260823","202607030206","中京06R","2","芝1600","良","14","差し有利","結果分布からの仮判定（5着以内の最終コーナー位置・前1/3の頭数）","実通過順（netkeiba コーナー通過順位）","後（4 コーナー 12番手）","順行","3着内","3","9","30.8","藤懸","栗東 梅田","未取得","","","","","","","netkeiba 結果ページ一次取得（通過順・着順・人気・horse_id）",""
"順行（参考）","マーズオデッセイ","2022102399","20260823","202607030207","中京07R","9","ダ1800","良","16","差し有利","結果分布からの仮判定（5着以内の最終コーナー位置・前1/3の頭数）","実通過順（netkeiba コーナー通過順位）","中（4 コーナー 9番手）","順行","3着内","2","5","11.2","吉村","美浦 田中勝","未取得","","","","","","","netkeiba 結果ページ一次取得（通過順・着順・人気・horse_id）",""
"順行（参考）","マリオロード","2019101198","20260823","202607030207","中京07R","11","ダ1800","良","16","差し有利","結果分布からの仮判定（5着以内の最終コーナー位置・前1/3の頭数）","実通過順（netkeiba コーナー通過順位）","中（4 コーナー 10番手）","順行","3着内","3","16","103.6","国分優","栗東 安達","未取得","","","","","","","netkeiba 結果ページ一次取得（通過順・着順・人気・horse_id）",""
"順行（参考）","レッドプロフェシー","2020101579","20260823","202607030207","中京07R","15","ダ1800","良","16","差し有利","結果分布からの仮判定（5着以内の最終コーナー位置・前1/3の頭数）","実通過順（netkeiba コーナー通過順位）","後（4 コーナー 15番手）","順行","4〜5着","5","6","12.6","田山","栗東 大久保","未取得","","","","","","","netkeiba 結果ページ一次取得（通過順・着順・人気・horse_id）",""
"順行（参考）","カーリキュー","2023101115","20260823","202607030208","中京08R","11","ダ1200","良","16","前有利","結果分布からの仮判定（5着以内の最終コーナー位置・前1/3の頭数）","実通過順（netkeiba コーナー通過順位）","前（4 コーナー 2番手）","順行","3着内","1","3","7.1","斎藤","栗東 高橋一","未取得","","","","","","","netkeiba 結果ページ一次取得（通過順・着順・人気・horse_id）",""
"順行（参考）","ケイアイマウンガ","2022106582","20260823","202607030208","中京08R","12","ダ1200","良","16","前有利","結果分布からの仮判定（5着以内の最終コーナー位置・前1/3の頭数）","実通過順（netkeiba コーナー通過順位）","前（4 コーナー 3番手）","順行","3着内","2","6","14.9","藤懸","栗東 宮本","未取得","","","","","","","netkeiba 結果ページ一次取得（通過順・着順・人気・horse_id）",""
"順行（参考）","ヴェルジーネ","2023106786","20260823","202607030208","中京08R","2","ダ1200","良","16","前有利","結果分布からの仮判定（5着以内の最終コーナー位置・前1/3の頭数）","実通過順（netkeiba コーナー通過順位）","前（4 コーナー 4番手）","順行","4〜5着","4","2","4.0","国分恭","栗東 宮地","未取得","","","","","","","netkeiba 結果ページ一次取得（通過順・着順・人気・horse_id）",""
"順行（参考）","ラミエルノムスコ","2023103248","20260823","202607030210","中京10R","11","ダ1800","良","14","差し有利（強）","結果分布からの仮判定（5着以内の最終コーナー位置・前1/3の頭数）","実通過順（netkeiba コーナー通過順位）","中（4 コーナー 5番手）","順行","3着内","2","3","7.5","吉村","栗東 千田","未取得","","","","","","","netkeiba 結果ページ一次取得（通過順・着順・人気・horse_id）",""
"順行（参考）","ロードファイター","2023100430","20260823","202607030210","中京10R","6","ダ1800","良","14","差し有利（強）","結果分布からの仮判定（5着以内の最終コーナー位置・前1/3の頭数）","実通過順（netkeiba コーナー通過順位）","中（4 コーナー 7番手）","順行","3着内","3","4","14.2","団野","栗東 東田","未取得","","","","","","","netkeiba 結果ページ一次取得（通過順・着順・人気・horse_id）",""
"順行（参考）","ブクブクー","2023107528","20260823","202607030210","中京10R","14","ダ1800","良","14","差し有利（強）","結果分布からの仮判定（5着以内の最終コーナー位置・前1/3の頭数）","実通過順（netkeiba コーナー通過順位）","後（4 コーナー 11番手）","順行","4〜5着","4","7","28.1","渡辺竜","栗東 小栗","未取得","","","","","","","netkeiba 結果ページ一次取得（通過順・着順・人気・horse_id）",""
"順行（参考）","サトノディヴァイン","2023105010","20260823","202607030210","中京10R","4","ダ1800","良","14","差し有利（強）","結果分布からの仮判定（5着以内の最終コーナー位置・前1/3の頭数）","実通過順（netkeiba コーナー通過順位）","中（4 コーナー 9番手）","順行","4〜5着","5","9","39.2","菱田","栗東 橋口","未取得","","","","","","","netkeiba 結果ページ一次取得（通過順・着順・人気・horse_id）",""
"順行（参考）","エルハーベン","2023107169","20260823","202607030211","中京11R","4","芝1400","良","17","前有利（強）","結果分布からの仮判定（5着以内の最終コーナー位置・前1/3の頭数）","実通過順（netkeiba コーナー通過順位）","前（4 コーナー 5番手）","順行","3着内","1","3","6.7","☆田山","栗東 藤岡健","未取得","","","","","","","netkeiba 結果ページ一次取得（通過順・着順・人気・horse_id）",""
"順行（参考）","ベルサ","2022103473","20260823","202607030211","中京11R","6","芝1400","良","17","前有利（強）","結果分布からの仮判定（5着以内の最終コーナー位置・前1/3の頭数）","実通過順（netkeiba コーナー通過順位）","前（4 コーナー 1番手）","順行","3着内","2","8","24.9","◇今村","栗東 鈴木孝","未取得","","","","","","","netkeiba 結果ページ一次取得（通過順・着順・人気・horse_id）",""
"順行（参考）","メイクワンズデイ","2023103160","20260823","202607030211","中京11R","9","芝1400","良","17","前有利（強）","結果分布からの仮判定（5着以内の最終コーナー位置・前1/3の頭数）","実通過順（netkeiba コーナー通過順位）","前（4 コーナー 2番手）","順行","3着内","3","2","5.1","松若","栗東 宮地","未取得","","","","","","","netkeiba 結果ページ一次取得（通過順・着順・人気・horse_id）",""
"順行（参考）","ダンデノン","2023103886","20260823","202607030211","中京11R","15","芝1400","良","17","前有利（強）","結果分布からの仮判定（5着以内の最終コーナー位置・前1/3の頭数）","実通過順（netkeiba コーナー通過順位）","前（4 コーナー 4番手）","順行","4〜5着","4","1","2.3","西村淳","栗東 田中克","未取得","","","","","","","netkeiba 結果ページ一次取得（通過順・着順・人気・horse_id）",""
"順行（参考）","リピ","2023101313","20260823","202607030211","中京11R","3","芝1400","良","17","前有利（強）","結果分布からの仮判定（5着以内の最終コーナー位置・前1/3の頭数）","実通過順（netkeiba コーナー通過順位）","前（4 コーナー 3番手）","順行","4〜5着","5","10","29.0","鮫島駿","栗東 西園翔","未取得","","","","","","","netkeiba 結果ページ一次取得（通過順・着順・人気・horse_id）",""
"順行（参考）","ヒッグスボソン","2023101122","20260823","202607030212","中京12R","5","ダ1200","良","16","差し有利（強）","結果分布からの仮判定（5着以内の最終コーナー位置・前1/3の頭数）","実通過順（netkeiba コーナー通過順位）","後（4 コーナー 13番手）","順行","3着内","1","9","20.3","◇永島","栗東 高橋忠","未取得","","","","","","","netkeiba 結果ページ一次取得（通過順・着順・人気・horse_id）",""
"順行（参考）","ユウトザイシン","2023101700","20260823","202607030212","中京12R","8","ダ1200","良","16","差し有利（強）","結果分布からの仮判定（5着以内の最終コーナー位置・前1/3の頭数）","実通過順（netkeiba コーナー通過順位）","後（4 コーナー 12番手）","順行","3着内","2","13","151.4","藤懸","栗東 千田","未取得","","","","","","","netkeiba 結果ページ一次取得（通過順・着順・人気・horse_id）",""
"順行（参考）","シャインゴーツ","2023102643","20260823","202607030212","中京12R","9","ダ1200","良","16","差し有利（強）","結果分布からの仮判定（5着以内の最終コーナー位置・前1/3の頭数）","実通過順（netkeiba コーナー通過順位）","中（4 コーナー 7番手）","順行","3着内","3","7","14.2","◇今村","栗東 北出","未取得","","","","","","","netkeiba 結果ページ一次取得（通過順・着順・人気・horse_id）",""
"順行（参考）","イッタレイッタレ","2023105058","20260823","202607030212","中京12R","15","ダ1200","良","16","差し有利（強）","結果分布からの仮判定（5着以内の最終コーナー位置・前1/3の頭数）","実通過順（netkeiba コーナー通過順位）","中（4 コーナー 9番手）","順行","4〜5着","4","10","22.8","▲森田","栗東 寺島","未取得","","","","","","","netkeiba 結果ページ一次取得（通過順・着順・人気・horse_id）",""
"順行（参考）","レオリアライズ","2024102152","20260823","202604030201","新潟01R","9","芝1400","良","12","差し有利（強）","結果分布からの仮判定（5着以内の最終コーナー位置・前1/3の頭数）","実通過順（netkeiba コーナー通過順位）","後（4 コーナー 10番手）","順行","3着内","2","4","32.4","石橋脩","美浦 牧","未取得","","","","","","","netkeiba 結果ページ一次取得（通過順・着順・人気・horse_id）",""
"順行（参考）","セイウントレジャ","2024103001","20260823","202604030201","新潟01R","10","芝1400","良","12","差し有利（強）","結果分布からの仮判定（5着以内の最終コーナー位置・前1/3の頭数）","実通過順（netkeiba コーナー通過順位）","後（4 コーナー 9番手）","順行","3着内","3","6","53.4","野中","美浦 杉浦","未取得","","","","","","","netkeiba 結果ページ一次取得（通過順・着順・人気・horse_id）",""
"順行（参考）","コスモティタノ","2024102727","20260823","202604030201","新潟01R","5","芝1400","良","12","差し有利（強）","結果分布からの仮判定（5着以内の最終コーナー位置・前1/3の頭数）","実通過順（netkeiba コーナー通過順位）","中（4 コーナー 6番手）","順行","4〜5着","4","10","196.3","嶋田","美浦 武市","未取得","","","","","","","netkeiba 結果ページ一次取得（通過順・着順・人気・horse_id）",""
"順行（参考）","ディスペアーホープ","2024100615","20260823","202604030201","新潟01R","2","芝1400","良","12","差し有利（強）","結果分布からの仮判定（5着以内の最終コーナー位置・前1/3の頭数）","実通過順（netkeiba コーナー通過順位）","中（4 コーナー 5番手）","順行","4〜5着","5","3","17.6","菊沢","美浦 小手川","未取得","","","","","","","netkeiba 結果ページ一次取得（通過順・着順・人気・horse_id）",""
"順行（参考）","タイヴァス","2024103421","20260823","202604030202","新潟02R","7","芝2000","良","11","前有利","結果分布からの仮判定（5着以内の最終コーナー位置・前1/3の頭数）","実通過順（netkeiba コーナー通過順位）","前（4 コーナー 1番手）","順行","3着内","1","5","6.2","坂井","栗東 矢作","未取得","","","","","","","netkeiba 結果ページ一次取得（通過順・着順・人気・horse_id）",""
"順行（参考）","プロテウス","2024105729","20260823","202604030202","新潟02R","3","芝2000","良","11","前有利","結果分布からの仮判定（5着以内の最終コーナー位置・前1/3の頭数）","実通過順（netkeiba コーナー通過順位）","前（4 コーナー 3番手）","順行","4〜5着","4","4","6.0","津村","美浦 田中博","未取得","","","","","","","netkeiba 結果ページ一次取得（通過順・着順・人気・horse_id）",""
"順行（参考）","ロジグローリー","2024102970","20260823","202604030202","新潟02R","10","芝2000","良","11","前有利","結果分布からの仮判定（5着以内の最終コーナー位置・前1/3の頭数）","実通過順（netkeiba コーナー通過順位）","前（4 コーナー 2番手）","順行","4〜5着","5","9","25.2","丸山","美浦 牧","未取得","","","","","","","netkeiba 結果ページ一次取得（通過順・着順・人気・horse_id）",""
"順行（参考）","セイウンシャラ","2024105332","20260823","202604030203","新潟03R","5","芝1600","良","12","前有利","結果分布からの仮判定（5着以内の最終コーナー位置・前1/3の頭数）","実通過順（netkeiba コーナー通過順位）","前（4 コーナー 1番手）","順行","3着内","1","11","53.8","吉田豊","美浦 田中剛","未取得","","","","","","","netkeiba 結果ページ一次取得（通過順・着順・人気・horse_id）",""
"順行（参考）","ガネット","2024106951","20260823","202604030203","新潟03R","7","芝1600","良","12","前有利","結果分布からの仮判定（5着以内の最終コーナー位置・前1/3の頭数）","実通過順（netkeiba コーナー通過順位）","前（4 コーナー 2番手）","順行","3着内","2","3","5.7","丸山","栗東 松永幹","未取得","","","","","","","netkeiba 結果ページ一次取得（通過順・着順・人気・horse_id）",""
"順行（参考）","コンセルノ","2024102197","20260823","202604030203","新潟03R","11","芝1600","良","12","前有利","結果分布からの仮判定（5着以内の最終コーナー位置・前1/3の頭数）","実通過順（netkeiba コーナー通過順位）","前（4 コーナー 4番手）","順行","3着内","3","6","17.4","北村友","栗東 高橋忠","未取得","","","","","","","netkeiba 結果ページ一次取得（通過順・着順・人気・horse_id）",""
"順行（参考）","ミエスタ","2023101394","20260823","202604030204","新潟04R","12","ダ1200","良","15","前有利（強）","結果分布からの仮判定（5着以内の最終コーナー位置・前1/3の頭数）","実通過順（netkeiba コーナー通過順位）","前（4 コーナー 2番手）","順行","3着内","1","2","4.8","坂井","美浦 加藤征","未取得","","","","","","","netkeiba 結果ページ一次取得（通過順・着順・人気・horse_id）",""
"順行（参考）","メビウスロマンス","2023101477","20260823","202604030204","新潟04R","7","ダ1200","良","15","前有利（強）","結果分布からの仮判定（5着以内の最終コーナー位置・前1/3の頭数）","実通過順（netkeiba コーナー通過順位）","前（4 コーナー 3番手）","順行","3着内","2","4","5.9","嶋田","美浦 矢嶋","未取得","","","","","","","netkeiba 結果ページ一次取得（通過順・着順・人気・horse_id）",""
"順行（参考）","ミッキーサウザンド","2023107260","20260823","202604030204","新潟04R","1","ダ1200","良","15","前有利（強）","結果分布からの仮判定（5着以内の最終コーナー位置・前1/3の頭数）","実通過順（netkeiba コーナー通過順位）","前（4 コーナー 1番手）","順行","3着内","3","3","4.8","津村","美浦 古賀大","未取得","","","","","","","netkeiba 結果ページ一次取得（通過順・着順・人気・horse_id）",""
"順行（参考）","ジーティーニッツァ","2023106331","20260823","202604030204","新潟04R","10","ダ1200","良","15","前有利（強）","結果分布からの仮判定（5着以内の最終コーナー位置・前1/3の頭数）","実通過順（netkeiba コーナー通過順位）","前（4 コーナー 5番手）","順行","4〜5着","4","1","3.7","▲上里","美浦 伊藤伸","未取得","","","","","","","netkeiba 結果ページ一次取得（通過順・着順・人気・horse_id）",""
"順行（参考）","フジサン","2023105006","20260823","202604030205","新潟05R","6","芝1800","良","18","差し有利","結果分布からの仮判定（5着以内の最終コーナー位置・前1/3の頭数）","実通過順（netkeiba コーナー通過順位）","中（4 コーナー 9番手）","順行","3着内","1","5","12.6","大野","美浦 古賀大","未取得","","","","","","","netkeiba 結果ページ一次取得（通過順・着順・人気・horse_id）",""
"順行（参考）","ピコプリンセス","2023104544","20260823","202604030205","新潟05R","18","芝1800","良","18","差し有利","結果分布からの仮判定（5着以内の最終コーナー位置・前1/3の頭数）","実通過順（netkeiba コーナー通過順位）","中（4 コーナー 8番手）","順行","3着内","3","12","153.6","石橋脩","美浦 伊藤大","未取得","","","","","","","netkeiba 結果ページ一次取得（通過順・着順・人気・horse_id）",""
"順行（参考）","ワイズファミリア","2023103550","20260823","202604030205","新潟05R","10","芝1800","良","18","差し有利","結果分布からの仮判定（5着以内の最終コーナー位置・前1/3の頭数）","実通過順（netkeiba コーナー通過順位）","後（4 コーナー 17番手）","順行","4〜5着","5","3","7.6","丸田","美浦 本間","未取得","","","","","","","netkeiba 結果ページ一次取得（通過順・着順・人気・horse_id）",""
"順行（参考）","アラレタバシル","2021107192","20260823","202604030206","新潟06R","14","ダ1800","良","15","差し有利","結果分布からの仮判定（5着以内の最終コーナー位置・前1/3の頭数）","実通過順（netkeiba コーナー通過順位）","後（4 コーナー 14番手）","順行","3着内","2","2","4.2","丸山","美浦 松尾","未取得","","","","","","","netkeiba 結果ページ一次取得（通過順・着順・人気・horse_id）",""
"順行（参考）","ブレトワルダ","2022102965","20260823","202604030206","新潟06R","7","ダ1800","良","15","差し有利","結果分布からの仮判定（5着以内の最終コーナー位置・前1/3の頭数）","実通過順（netkeiba コーナー通過順位）","中（4 コーナー 7番手）","順行","3着内","3","1","3.1","津村","美浦 新開","未取得","","","","","","","netkeiba 結果ページ一次取得（通過順・着順・人気・horse_id）",""
"順行（参考）","ヴァナルガンド","2020104567","20260823","202604030206","新潟06R","10","ダ1800","良","15","差し有利","結果分布からの仮判定（5着以内の最終コーナー位置・前1/3の頭数）","実通過順（netkeiba コーナー通過順位）","中（4 コーナー 8番手）","順行","4〜5着","4","9","23.4","菊沢","美浦 稲垣","未取得","","","","","","","netkeiba 結果ページ一次取得（通過順・着順・人気・horse_id）",""
"順行（参考）","レッチュベルク","2024106687","20260823","202604030207","新潟07R","2","芝1600","良","10","差し有利（強）","結果分布からの仮判定（5着以内の最終コーナー位置・前1/3の頭数）","実通過順（netkeiba コーナー通過順位）","中（4 コーナー 4番手）","順行","3着内","1","1","2.8","田辺","美浦 久保田","未取得","","","","","","","netkeiba 結果ページ一次取得（通過順・着順・人気・horse_id）",""
"順行（参考）","トウシンマジック","2024104696","20260823","202604030207","新潟07R","7","芝1600","良","10","差し有利（強）","結果分布からの仮判定（5着以内の最終コーナー位置・前1/3の頭数）","実通過順（netkeiba コーナー通過順位）","中（4 コーナー 5番手）","順行","3着内","2","2","4.0","コレッ","美浦 秋本","未取得","","","","","","","netkeiba 結果ページ一次取得（通過順・着順・人気・horse_id）",""
"順行（参考）","トップチェッカー","2024100521","20260823","202604030207","新潟07R","3","芝1600","良","10","差し有利（強）","結果分布からの仮判定（5着以内の最終コーナー位置・前1/3の頭数）","実通過順（netkeiba コーナー通過順位）","中（4 コーナー 6番手）","順行","3着内","3","5","8.2","北村友","栗東 武英","未取得","","","","","","","netkeiba 結果ページ一次取得（通過順・着順・人気・horse_id）",""
"順行（参考）","スイートアリッサム","2024104483","20260823","202604030207","新潟07R","9","芝1600","良","10","差し有利（強）","結果分布からの仮判定（5着以内の最終コーナー位置・前1/3の頭数）","実通過順（netkeiba コーナー通過順位）","後（4 コーナー 8番手）","順行","4〜5着","4","6","19.8","杉原","美浦 大和田","未取得","","","","","","","netkeiba 結果ページ一次取得（通過順・着順・人気・horse_id）",""
"順行（参考）","シャンデヴァーグ","2024106025","20260823","202604030207","新潟07R","1","芝1600","良","10","差し有利（強）","結果分布からの仮判定（5着以内の最終コーナー位置・前1/3の頭数）","実通過順（netkeiba コーナー通過順位）","中（4 コーナー 7番手）","順行","4〜5着","5","3","4.3","津村","美浦 森一","未取得","","","","","","","netkeiba 結果ページ一次取得（通過順・着順・人気・horse_id）",""
"順行（参考）","ホウオウシェリー","2021103486","20260823","202604030208","新潟08R","12","芝1400","良","12","前有利","結果分布からの仮判定（5着以内の最終コーナー位置・前1/3の頭数）","実通過順（netkeiba コーナー通過順位）","前（4 コーナー 1番手）","順行","3着内","1","2","4.2","坂井","美浦 池上","未取得","","","","","","","netkeiba 結果ページ一次取得（通過順・着順・人気・horse_id）",""
"順行（参考）","ラパンチュール","2022107340","20260823","202604030208","新潟08R","7","芝1400","良","12","前有利","結果分布からの仮判定（5着以内の最終コーナー位置・前1/3の頭数）","実通過順（netkeiba コーナー通過順位）","前（4 コーナー 4番手）","順行","3着内","2","3","6.0","田辺","美浦 蛯名正","未取得","","","","","","","netkeiba 結果ページ一次取得（通過順・着順・人気・horse_id）",""
"順行（参考）","レイククレセント","2021105077","20260823","202604030208","新潟08R","8","芝1400","良","12","前有利","結果分布からの仮判定（5着以内の最終コーナー位置・前1/3の頭数）","実通過順（netkeiba コーナー通過順位）","前（4 コーナー 2番手）","順行","3着内","3","4","6.8","北村友","美浦 大竹","未取得","","","","","","","netkeiba 結果ページ一次取得（通過順・着順・人気・horse_id）",""
"順行（参考）","ベルゼビュート","2023105083","20260823","202604030209","新潟09R","15","ダ1200","良","15","前有利（強）","結果分布からの仮判定（5着以内の最終コーナー位置・前1/3の頭数）","実通過順（netkeiba コーナー通過順位）","前（4 コーナー 2番手）","順行","3着内","1","1","3.8","菊沢","美浦 高木","未取得","","","","","","","netkeiba 結果ページ一次取得（通過順・着順・人気・horse_id）",""
"順行（参考）","カセノアステリア","2023104150","20260823","202604030209","新潟09R","12","ダ1200","良","15","前有利（強）","結果分布からの仮判定（5着以内の最終コーナー位置・前1/3の頭数）","実通過順（netkeiba コーナー通過順位）","前（4 コーナー 1番手）","順行","3着内","2","3","5.0","津村","美浦 鈴木伸","未取得","","","","","","","netkeiba 結果ページ一次取得（通過順・着順・人気・horse_id）",""
"順行（参考）","ホウオウルクソール","2023104174","20260823","202604030209","新潟09R","8","ダ1200","良","15","前有利（強）","結果分布からの仮判定（5着以内の最終コーナー位置・前1/3の頭数）","実通過順（netkeiba コーナー通過順位）","前（4 コーナー 3番手）","順行","4〜5着","4","2","4.0","北村友","美浦 栗田","未取得","","","","","","","netkeiba 結果ページ一次取得（通過順・着順・人気・horse_id）",""
"順行（参考）","マオノクラッシュ","2022101864","20260823","202604030209","新潟09R","9","ダ1200","良","15","前有利（強）","結果分布からの仮判定（5着以内の最終コーナー位置・前1/3の頭数）","実通過順（netkeiba コーナー通過順位）","前（4 コーナー 4番手）","順行","4〜5着","5","5","8.8","コレッ","美浦 黒岩","未取得","","","","","","","netkeiba 結果ページ一次取得（通過順・着順・人気・horse_id）",""
"順行（参考）","リポサンテ","2022105338","20260823","202604030210","新潟10R","4","芝2000","良","12","差し有利（強）","結果分布からの仮判定（5着以内の最終コーナー位置・前1/3の頭数）","実通過順（netkeiba コーナー通過順位）","後（4 コーナー 12番手）","順行","3着内","1","1","2.1","田辺","美浦 蛯名正","未取得","","","","","","","netkeiba 結果ページ一次取得（通過順・着順・人気・horse_id）",""
"順行（参考）","モウエエデショー","2023105433","20260823","202604030210","新潟10R","5","芝2000","良","12","差し有利（強）","結果分布からの仮判定（5着以内の最終コーナー位置・前1/3の頭数）","実通過順（netkeiba コーナー通過順位）","中（4 コーナー 7番手）","順行","3着内","2","5","11.8","原","美浦 萱野","未取得","","","","","","","netkeiba 結果ページ一次取得（通過順・着順・人気・horse_id）",""
"順行（参考）","オルグジェシダ","2022104875","20260823","202604030210","新潟10R","3","芝2000","良","12","差し有利（強）","結果分布からの仮判定（5着以内の最終コーナー位置・前1/3の頭数）","実通過順（netkeiba コーナー通過順位）","後（4 コーナー 11番手）","順行","3着内","3","2","3.3","坂井","美浦 宮田","未取得","","","","","","","netkeiba 結果ページ一次取得（通過順・着順・人気・horse_id）",""
"順行（参考）","イモータリス","2023107032","20260823","202604030210","新潟10R","11","芝2000","良","12","差し有利（強）","結果分布からの仮判定（5着以内の最終コーナー位置・前1/3の頭数）","実通過順（netkeiba コーナー通過順位）","中（4 コーナー 5番手）","順行","4〜5着","4","3","9.4","嶋田","美浦 手塚久","未取得","","","","","","","netkeiba 結果ページ一次取得（通過順・着順・人気・horse_id）",""
"順行（参考）","ウィンスタンリー","2022104684","20260823","202604030210","新潟10R","7","芝2000","良","12","差し有利（強）","結果分布からの仮判定（5着以内の最終コーナー位置・前1/3の頭数）","実通過順（netkeiba コーナー通過順位）","後（4 コーナー 10番手）","順行","4〜5着","5","8","20.8","コレッ","美浦 黒岩","未取得","","","","","","","netkeiba 結果ページ一次取得（通過順・着順・人気・horse_id）",""
"順行（参考）","クリムゾンリーフ","2023102967","20260823","202604030212","新潟12R","7","ダ1800","良","12","前有利（強）","結果分布からの仮判定（5着以内の最終コーナー位置・前1/3の頭数）","実通過順（netkeiba コーナー通過順位）","前（4 コーナー 1番手）","順行","3着内","1","1","1.4","坂井","美浦 加藤士","未取得","","","","","","","netkeiba 結果ページ一次取得（通過順・着順・人気・horse_id）",""
"順行（参考）","トルネードアイル","2023105308","20260823","202604030212","新潟12R","8","ダ1800","良","12","前有利（強）","結果分布からの仮判定（5着以内の最終コーナー位置・前1/3の頭数）","実通過順（netkeiba コーナー通過順位）","前（4 コーナー 2番手）","順行","3着内","2","2","3.4","北村友","美浦 鹿戸","未取得","","","","","","","netkeiba 結果ページ一次取得（通過順・着順・人気・horse_id）",""
"順行（参考）","タニセンローマ","2023101095","20260823","202604030212","新潟12R","4","ダ1800","良","12","前有利（強）","結果分布からの仮判定（5着以内の最終コーナー位置・前1/3の頭数）","実通過順（netkeiba コーナー通過順位）","前（4 コーナー 4番手）","順行","3着内","3","7","40.8","小林脩","美浦 斎藤誠","未取得","","","","","","","netkeiba 結果ページ一次取得（通過順・着順・人気・horse_id）",""
"順行（参考）","テンカラットレター","2023104554","20260823","202604030212","新潟12R","12","ダ1800","良","12","前有利（強）","結果分布からの仮判定（5着以内の最終コーナー位置・前1/3の頭数）","実通過順（netkeiba コーナー通過順位）","前（4 コーナー 3番手）","順行","4〜5着","4","4","25.2","木幡初","美浦 本間","未取得","","","","","","","netkeiba 結果ページ一次取得（通過順・着順・人気・horse_id）",""
"順行（参考）","シェイプオブユー","2023100544","20260823","202601020201","札幌01R","5","ダ1000","良","12","前有利","結果分布からの仮判定（5着以内の最終コーナー位置・前1/3の頭数）","実通過順（netkeiba コーナー通過順位）","前（4 コーナー 1番手）","順行","3着内","1","2","7.6","川又","栗東 吉村","未取得","","","","","","","netkeiba 結果ページ一次取得（通過順・着順・人気・horse_id）",""
"順行（参考）","アイビーミャーオ","2023101755","20260823","202601020201","札幌01R","3","ダ1000","良","12","前有利","結果分布からの仮判定（5着以内の最終コーナー位置・前1/3の頭数）","実通過順（netkeiba コーナー通過順位）","前（4 コーナー 2番手）","順行","3着内","2","1","1.4","横山武","栗東 小林","未取得","","","","","","","netkeiba 結果ページ一次取得（通過順・着順・人気・horse_id）",""
"順行（参考）","ペイシャクロス","2023102999","20260823","202601020201","札幌01R","9","ダ1000","良","12","前有利","結果分布からの仮判定（5着以内の最終コーナー位置・前1/3の頭数）","実通過順（netkeiba コーナー通過順位）","前（4 コーナー 4番手）","順行","4〜5着","4","5","14.6","☆長浜","美浦 粕谷","未取得","","","","","","","netkeiba 結果ページ一次取得（通過順・着順・人気・horse_id）",""
"順行（参考）","デザートスピリット","2024101022","20260823","202601020202","札幌02R","1","芝1500","良","11","差し有利（強）","結果分布からの仮判定（5着以内の最終コーナー位置・前1/3の頭数）","実通過順（netkeiba コーナー通過順位）","中（4 コーナー 7番手）","順行","3着内","1","2","3.3","ルメー","美浦 平岩","未取得","","","","","","","netkeiba 結果ページ一次取得（通過順・着順・人気・horse_id）",""
"順行（参考）","トムクリオーザ","2024106216","20260823","202601020202","札幌02R","2","芝1500","良","11","差し有利（強）","結果分布からの仮判定（5着以内の最終コーナー位置・前1/3の頭数）","実通過順（netkeiba コーナー通過順位）","中（4 コーナー 8番手）","順行","3着内","2","6","17.2","小沢","栗東 藤原","未取得","","","","","","","netkeiba 結果ページ一次取得（通過順・着順・人気・horse_id）",""
"順行（参考）","ティアラード","2024106091","20260823","202601020202","札幌02R","5","芝1500","良","11","差し有利（強）","結果分布からの仮判定（5着以内の最終コーナー位置・前1/3の頭数）","実通過順（netkeiba コーナー通過順位）","中（4 コーナー 4番手）","順行","4〜5着","4","1","2.2","横山武","栗東 小栗","未取得","","","","","","","netkeiba 結果ページ一次取得（通過順・着順・人気・horse_id）",""
"順行（参考）","サンレガート","2024100210","20260823","202601020202","札幌02R","8","芝1500","良","11","差し有利（強）","結果分布からの仮判定（5着以内の最終コーナー位置・前1/3の頭数）","実通過順（netkeiba コーナー通過順位）","中（4 コーナー 6番手）","順行","4〜5着","5","5","12.5","浜中","美浦 堀内","未取得","","","","","","","netkeiba 結果ページ一次取得（通過順・着順・人気・horse_id）",""
"順行（参考）","アオイミズホ","2023101814","20260823","202601020203","札幌03R","11","ダ1700","良","13","差し有利","結果分布からの仮判定（5着以内の最終コーナー位置・前1/3の頭数）","実通過順（netkeiba コーナー通過順位）","後（4 コーナー 10番手）","順行","3着内","3","1","3.4","横山和","美浦 古賀慎","未取得","","","","","","","netkeiba 結果ページ一次取得（通過順・着順・人気・horse_id）",""
"順行（参考）","ホウオウファラオ","2023105365","20260823","202601020203","札幌03R","2","ダ1700","良","13","差し有利","結果分布からの仮判定（5着以内の最終コーナー位置・前1/3の頭数）","実通過順（netkeiba コーナー通過順位）","中（4 コーナー 7番手）","順行","4〜5着","4","6","9.5","岩田康","美浦 奥村武","未取得","","","","","","","netkeiba 結果ページ一次取得（通過順・着順・人気・horse_id）",""
"順行（参考）","ブルーアンビエンス","2023103830","20260823","202601020203","札幌03R","3","ダ1700","良","13","差し有利","結果分布からの仮判定（5着以内の最終コーナー位置・前1/3の頭数）","実通過順（netkeiba コーナー通過順位）","中（4 コーナー 9番手）","順行","4〜5着","5","12","83.0","★河原田","美浦 菊沢","未取得","","","","","","","netkeiba 結果ページ一次取得（通過順・着順・人気・horse_id）",""
"順行（参考）","レッドアイスピア","2023105670","20260823","202601020204","札幌04R","12","芝1200","良","14","前有利","結果分布からの仮判定（5着以内の最終コーナー位置・前1/3の頭数）","実通過順（netkeiba コーナー通過順位）","前（4 コーナー 4番手）","順行","3着内","1","2","6.0","★河原田","栗東 中竹","未取得","","","","","","","netkeiba 結果ページ一次取得（通過順・着順・人気・horse_id）",""
"順行（参考）","リアララ","2023110076","20260823","202601020204","札幌04R","8","芝1200","良","14","前有利","結果分布からの仮判定（5着以内の最終コーナー位置・前1/3の頭数）","実通過順（netkeiba コーナー通過順位）","前（4 コーナー 2番手）","順行","3着内","2","1","2.1","川田","栗東 中内田","未取得","","","","","","","netkeiba 結果ページ一次取得（通過順・着順・人気・horse_id）",""
"順行（参考）","メイショウテンジン","2023106567","20260823","202601020204","札幌04R","5","芝1200","良","14","前有利","結果分布からの仮判定（5着以内の最終コーナー位置・前1/3の頭数）","実通過順（netkeiba コーナー通過順位）","前（4 コーナー 1番手）","順行","4〜5着","4","4","10.1","古川吉","栗東 高橋亮","未取得","","","","","","","netkeiba 結果ページ一次取得（通過順・着順・人気・horse_id）",""
"順行（参考）","ヴァンドレスト","2024106181","20260823","202601020205","札幌05R","3","芝2000","良","7","差し有利（強）","結果分布からの仮判定（5着以内の最終コーナー位置・前1/3の頭数）","実通過順（netkeiba コーナー通過順位）","中（4 コーナー 5番手）","順行","3着内","1","1","2.0","ルメー","美浦 栗田","未取得","","","","","","","netkeiba 結果ページ一次取得（通過順・着順・人気・horse_id）",""
"順行（参考）","アオイゲート","2024105988","20260823","202601020205","札幌05R","2","芝2000","良","7","差し有利（強）","結果分布からの仮判定（5着以内の最終コーナー位置・前1/3の頭数）","実通過順（netkeiba コーナー通過順位）","中（4 コーナー 4番手）","順行","3着内","3","3","8.1","丹内","美浦 伊藤圭","未取得","","","","","","","netkeiba 結果ページ一次取得（通過順・着順・人気・horse_id）",""
"順行（参考）","バトルナイト","2024104201","20260823","202601020205","札幌05R","7","芝2000","良","7","差し有利（強）","結果分布からの仮判定（5着以内の最終コーナー位置・前1/3の頭数）","実通過順（netkeiba コーナー通過順位）","中（4 コーナー 3番手）","順行","4〜5着","4","4","14.5","松山","栗東 武英","未取得","","","","","","","netkeiba 結果ページ一次取得（通過順・着順・人気・horse_id）",""
"順行（参考）","ソフィーサンライズ","2024101203","20260823","202601020205","札幌05R","5","芝2000","良","7","差し有利（強）","結果分布からの仮判定（5着以内の最終コーナー位置・前1/3の頭数）","実通過順（netkeiba コーナー通過順位）","後（4 コーナー 6番手）","順行","4〜5着","5","7","43.4","吉田隼","栗東 矢作","未取得","","","","","","","netkeiba 結果ページ一次取得（通過順・着順・人気・horse_id）",""
"順行（参考）","サンセットゴールド","2023105394","20260823","202601020206","札幌06R","12","芝1500","良","14","差し有利（強）","結果分布からの仮判定（5着以内の最終コーナー位置・前1/3の頭数）","実通過順（netkeiba コーナー通過順位）","中（4 コーナー 5番手）","順行","3着内","1","8","40.6","小沢","栗東 矢作","未取得","","","","","","","netkeiba 結果ページ一次取得（通過順・着順・人気・horse_id）",""
"順行（参考）","ルクスアドラー","2021101100","20260823","202601020206","札幌06R","5","芝1500","良","14","差し有利（強）","結果分布からの仮判定（5着以内の最終コーナー位置・前1/3の頭数）","実通過順（netkeiba コーナー通過順位）","中（4 コーナー 6番手）","順行","3着内","3","7","39.7","横山典","美浦 平岩","未取得","","","","","","","netkeiba 結果ページ一次取得（通過順・着順・人気・horse_id）",""
"順行（参考）","ベアサナエチャン","2023106829","20260823","202601020206","札幌06R","14","芝1500","良","14","差し有利（強）","結果分布からの仮判定（5着以内の最終コーナー位置・前1/3の頭数）","実通過順（netkeiba コーナー通過順位）","中（4 コーナー 9番手）","順行","4〜5着","4","4","16.0","松山","美浦 杉浦","未取得","","","","","","","netkeiba 結果ページ一次取得（通過順・着順・人気・horse_id）",""
"順行（参考）","ブライトフレア","2023103388","20260823","202601020206","札幌06R","7","芝1500","良","14","差し有利（強）","結果分布からの仮判定（5着以内の最終コーナー位置・前1/3の頭数）","実通過順（netkeiba コーナー通過順位）","中（4 コーナー 10番手）","順行","4〜5着","5","13","248.2","浜中","栗東 佐藤悠","未取得","","","","","","","netkeiba 結果ページ一次取得（通過順・着順・人気・horse_id）",""
"順行（参考）","ニヒトツーゼーア","2022102383","20260823","202601020207","札幌07R","5","ダ2400","良","11","前有利","結果分布からの仮判定（5着以内の最終コーナー位置・前1/3の頭数）","実通過順（netkeiba コーナー通過順位）","前（4 コーナー 1番手）","順行","3着内","1","6","9.5","★河原田","栗東 中竹","未取得","","","","","","","netkeiba 結果ページ一次取得（通過順・着順・人気・horse_id）",""
"順行（参考）","ダイシンレアレア","2022106566","20260823","202601020207","札幌07R","10","ダ2400","良","11","前有利","結果分布からの仮判定（5着以内の最終コーナー位置・前1/3の頭数）","実通過順（netkeiba コーナー通過順位）","前（4 コーナー 2番手）","順行","3着内","2","1","3.4","丹内","栗東 高橋一","未取得","","","","","","","netkeiba 結果ページ一次取得（通過順・着順・人気・horse_id）",""
"順行（参考）","トライゴーニック","2022104691","20260823","202601020207","札幌07R","6","ダ2400","良","11","前有利","結果分布からの仮判定（5着以内の最終コーナー位置・前1/3の頭数）","実通過順（netkeiba コーナー通過順位）","前（4 コーナー 3番手）","順行","3着内","3","7","15.8","ナレド","美浦 池上","未取得","","","","","","","netkeiba 結果ページ一次取得（通過順・着順・人気・horse_id）",""
"順行（参考）","ダノンプレサージュ","2023105295","20260823","202601020208","札幌08R","8","芝1800","良","11","前有利","結果分布からの仮判定（5着以内の最終コーナー位置・前1/3の頭数）","実通過順（netkeiba コーナー通過順位）","前（4 コーナー 1番手）","順行","3着内","1","1","2.4","横山典","美浦 大竹","未取得","","","","","","","netkeiba 結果ページ一次取得（通過順・着順・人気・horse_id）","4角で単独先頭（2馬身以上）：楽逃げの可能性・人間確認"
"順行（参考）","マイネルシンベリン","2023100207","20260823","202601020208","札幌08R","9","芝1800","良","11","前有利","結果分布からの仮判定（5着以内の最終コーナー位置・前1/3の頭数）","実通過順（netkeiba コーナー通過順位）","前（4 コーナー 2番手）","順行","3着内","2","2","3.2","丹内","美浦 武市","未取得","","","","","","","netkeiba 結果ページ一次取得（通過順・着順・人気・horse_id）",""
"順行（参考）","シニャンガ","2023107024","20260823","202601020208","札幌08R","1","芝1800","良","11","前有利","結果分布からの仮判定（5着以内の最終コーナー位置・前1/3の頭数）","実通過順（netkeiba コーナー通過順位）","前（4 コーナー 3番手）","順行","4〜5着","5","3","5.4","岩田望","美浦 鹿戸","未取得","","","","","","","netkeiba 結果ページ一次取得（通過順・着順・人気・horse_id）",""
"順行（参考）","マイネルマスター","2023106439","20260823","202601020209","札幌09R","6","芝2000","良","13","差し有利","結果分布からの仮判定（5着以内の最終コーナー位置・前1/3の頭数）","実通過順（netkeiba コーナー通過順位）","中（4 コーナー 6番手）","順行","3着内","3","11","67.1","ロイド","美浦 青木","未取得","","","","","","","netkeiba 結果ページ一次取得（通過順・着順・人気・horse_id）",""
"順行（参考）","メイショウテンク","2023105021","20260823","202601020209","札幌09R","11","芝2000","良","13","差し有利","結果分布からの仮判定（5着以内の最終コーナー位置・前1/3の頭数）","実通過順（netkeiba コーナー通過順位）","後（4 コーナー 10番手）","順行","4〜5着","4","2","4.2","吉田隼","栗東 荒川","未取得","","","","","","","netkeiba 結果ページ一次取得（通過順・着順・人気・horse_id）",""
"順行（参考）","ジャケットポケット","2023100615","20260823","202601020209","札幌09R","8","芝2000","良","13","差し有利","結果分布からの仮判定（5着以内の最終コーナー位置・前1/3の頭数）","実通過順（netkeiba コーナー通過順位）","後（4 コーナー 11番手）","順行","4〜5着","5","5","8.5","岩田康","美浦 奥村武","未取得","","","","","","","netkeiba 結果ページ一次取得（通過順・着順・人気・horse_id）",""
"順行（参考）","ローズマイスター","2022104419","20260823","202601020210","札幌10R","1","ダ1700","良","14","差し有利","結果分布からの仮判定（5着以内の最終コーナー位置・前1/3の頭数）","実通過順（netkeiba コーナー通過順位）","中（4 コーナー 10番手）","順行","3着内","2","3","7.9","武豊","美浦 黒岩","未取得","","","","","","","netkeiba 結果ページ一次取得（通過順・着順・人気・horse_id）",""
"順行（参考）","レッドライトニング","2021102200","20260823","202601020210","札幌10R","7","ダ1700","良","14","差し有利","結果分布からの仮判定（5着以内の最終コーナー位置・前1/3の頭数）","実通過順（netkeiba コーナー通過順位）","中（4 コーナー 6番手）","順行","4〜5着","4","6","9.4","レーン","美浦 浅利","未取得","","","","","","","netkeiba 結果ページ一次取得（通過順・着順・人気・horse_id）",""
"順行（参考）","ヒミノエトワール","2022102388","20260823","202601020210","札幌10R","9","ダ1700","良","14","差し有利","結果分布からの仮判定（5着以内の最終コーナー位置・前1/3の頭数）","実通過順（netkeiba コーナー通過順位）","中（4 コーナー 7番手）","順行","4〜5着","5","7","9.8","ロイド","栗東 宮地","未取得","","","","","","","netkeiba 結果ページ一次取得（通過順・着順・人気・horse_id）",""
"順行（参考）","パンジャタワー","2022101732","20260823","202601020211","札幌11R","3","芝1200","良","16","差し有利","結果分布からの仮判定（5着以内の最終コーナー位置・前1/3の頭数）","実通過順（netkeiba コーナー通過順位）","中（4 コーナー 6番手）","順行","3着内","2","1","1.9","松山","栗東 橋口","未取得","","","","","","","netkeiba 結果ページ一次取得（通過順・着順・人気・horse_id）",""
"順行（参考）","エーティーマクフィ","2019105859","20260823","202601020211","札幌11R","4","芝1200","良","16","差し有利","結果分布からの仮判定（5着以内の最終コーナー位置・前1/3の頭数）","実通過順（netkeiba コーナー通過順位）","中（4 コーナー 7番手）","順行","4〜5着","4","4","12.1","富田","栗東 武英","未取得","","","","","","","netkeiba 結果ページ一次取得（通過順・着順・人気・horse_id）",""
"順行（参考）","ロードフォアエース","2021100130","20260823","202601020211","札幌11R","16","芝1200","良","16","差し有利","結果分布からの仮判定（5着以内の最終コーナー位置・前1/3の頭数）","実通過順（netkeiba コーナー通過順位）","後（4 コーナー 12番手）","順行","4〜5着","5","12","55.2","岩田望","栗東 友道","未取得","","","","","","","netkeiba 結果ページ一次取得（通過順・着順・人気・horse_id）",""
"順行（参考）","ミリオンクラウン","2023100840","20260823","202601020212","札幌12R","12","芝1800","良","14","差し有利（強）","結果分布からの仮判定（5着以内の最終コーナー位置・前1/3の頭数）","実通過順（netkeiba コーナー通過順位）","中（4 コーナー 5番手）","順行","3着内","1","2","4.3","横山典","美浦 和田雄","未取得","","","","","","","netkeiba 結果ページ一次取得（通過順・着順・人気・horse_id）",""
"順行（参考）","マイネルフォルツァ","2020105809","20260823","202601020212","札幌12R","2","芝1800","良","14","差し有利（強）","結果分布からの仮判定（5着以内の最終コーナー位置・前1/3の頭数）","実通過順（netkeiba コーナー通過順位）","中（4 コーナー 6番手）","順行","3着内","2","11","47.1","レーン","美浦 金成","未取得","","","","","","","netkeiba 結果ページ一次取得（通過順・着順・人気・horse_id）",""
"順行（参考）","ワザモノ","2018103560","20260823","202601020212","札幌12R","14","芝1800","良","14","差し有利（強）","結果分布からの仮判定（5着以内の最終コーナー位置・前1/3の頭数）","実通過順（netkeiba コーナー通過順位）","中（4 コーナー 9番手）","順行","3着内","3","5","8.4","岩田望","美浦 尾関","未取得","","","","","","","netkeiba 結果ページ一次取得（通過順・着順・人気・horse_id）",""
"順行（参考）","ミーントゥビー","2022105317","20260823","202601020212","札幌12R","1","芝1800","良","14","差し有利（強）","結果分布からの仮判定（5着以内の最終コーナー位置・前1/3の頭数）","実通過順（netkeiba コーナー通過順位）","中（4 コーナー 10番手）","順行","4〜5着","5","4","7.4","川田","美浦 堀内","未取得","","","","","","","netkeiba 結果ページ一次取得（通過順・着順・人気・horse_id）",""
"順行（参考）","エンルートフライト","2024100037","20260829","202607030301","中京01R","1","芝2000","良","11","差し有利（強）","結果分布からの仮判定（5着以内の最終コーナー位置・前1/3の頭数）","実通過順（netkeiba コーナー通過順位）","中（4 コーナー 6番手）","順行","3着内","2","1","2.0","坂井","栗東 池添","未取得","","","","","","","netkeiba 結果ページ一次取得（通過順・着順・人気・horse_id）",""
"順行（参考）","ハルカカナタ","2024106310","20260829","202607030301","中京01R","8","芝2000","良","11","差し有利（強）","結果分布からの仮判定（5着以内の最終コーナー位置・前1/3の頭数）","実通過順（netkeiba コーナー通過順位）","中（4 コーナー 7番手）","順行","3着内","3","6","24.8","幸","栗東 秋山","未取得","","","","","","","netkeiba 結果ページ一次取得（通過順・着順・人気・horse_id）",""
"順行（参考）","ホットロッドハート","2024105800","20260829","202607030301","中京01R","10","芝2000","良","11","差し有利（強）","結果分布からの仮判定（5着以内の最終コーナー位置・前1/3の頭数）","実通過順（netkeiba コーナー通過順位）","後（4 コーナー 9番手）","順行","4〜5着","4","7","27.6","吉村","栗東 前川","未取得","","","","","","","netkeiba 結果ページ一次取得（通過順・着順・人気・horse_id）",""
"順行（参考）","ディープナイト","2024100601","20260829","202607030301","中京01R","4","芝2000","良","11","差し有利（強）","結果分布からの仮判定（5着以内の最終コーナー位置・前1/3の頭数）","実通過順（netkeiba コーナー通過順位）","中（4 コーナー 8番手）","順行","4〜5着","5","9","41.4","荻野琢","栗東 牧田","未取得","","","","","","","netkeiba 結果ページ一次取得（通過順・着順・人気・horse_id）",""
"順行（参考）","オーリエイト","2024107041","20260829","202607030302","中京02R","7","ダ1800","稍","12","前有利","結果分布からの仮判定（5着以内の最終コーナー位置・前1/3の頭数）","実通過順（netkeiba コーナー通過順位）","前（4 コーナー 3番手）","順行","3着内","1","1","1.4","吉村","栗東 小栗","未取得","","","","","","","netkeiba 結果ページ一次取得（通過順・着順・人気・horse_id）",""
"順行（参考）","ソリドゥス","2024104583","20260829","202607030302","中京02R","11","ダ1800","稍","12","前有利","結果分布からの仮判定（5着以内の最終コーナー位置・前1/3の頭数）","実通過順（netkeiba コーナー通過順位）","前（4 コーナー 4番手）","順行","3着内","2","4","11.0","秋山稔","栗東 安達","未取得","","","","","","","netkeiba 結果ページ一次取得（通過順・着順・人気・horse_id）",""
"順行（参考）","ダノンアズール","2024106361","20260829","202607030302","中京02R","3","ダ1800","稍","12","前有利","結果分布からの仮判定（5着以内の最終コーナー位置・前1/3の頭数）","実通過順（netkeiba コーナー通過順位）","前（4 コーナー 1番手）","順行","4〜5着","5","2","5.6","岩田望","栗東 茶木","未取得","","","","","","","netkeiba 結果ページ一次取得（通過順・着順・人気・horse_id）",""
"順行（参考）","ビンチャリ","2024100644","20260829","202607030303","中京03R","5","芝1400","良","12","前有利","結果分布からの仮判定（5着以内の最終コーナー位置・前1/3の頭数）","実通過順（netkeiba コーナー通過順位）","前（4 コーナー 3番手）","順行","3着内","1","4","7.9","岩田望","栗東 千田","未取得","","","","","","","netkeiba 結果ページ一次取得（通過順・着順・人気・horse_id）",""
"順行（参考）","ワンキャンパス","2024102770","20260829","202607030303","中京03R","2","芝1400","良","12","前有利","結果分布からの仮判定（5着以内の最終コーナー位置・前1/3の頭数）","実通過順（netkeiba コーナー通過順位）","前（4 コーナー 1番手）","順行","3着内","3","12","209.7","長岡","美浦 深山","未取得","","","","","","","netkeiba 結果ページ一次取得（通過順・着順・人気・horse_id）",""
"順行（参考）","サルーミアモール","2024107037","20260829","202607030303","中京03R","7","芝1400","良","12","前有利","結果分布からの仮判定（5着以内の最終コーナー位置・前1/3の頭数）","実通過順（netkeiba コーナー通過順位）","前（4 コーナー 4番手）","順行","4〜5着","4","5","12.6","坂井","美浦 加藤士","未取得","","","","","","","netkeiba 結果ページ一次取得（通過順・着順・人気・horse_id）",""
"順行（参考）","マイコンプリート","2023107155","20260829","202607030304","中京04R","13","芝2200","良","16","差し有利","結果分布からの仮判定（5着以内の最終コーナー位置・前1/3の頭数）","実通過順（netkeiba コーナー通過順位）","中（4 コーナー 6番手）","順行","3着内","1","1","1.7","岩田望","栗東 友道","未取得","","","","","","","netkeiba 結果ページ一次取得（通過順・着順・人気・horse_id）",""
"順行（参考）","テイエムプレミラン","2023104905","20260829","202607030304","中京04R","10","芝2200","良","16","差し有利","結果分布からの仮判定（5着以内の最終コーナー位置・前1/3の頭数）","実通過順（netkeiba コーナー通過順位）","中（4 コーナー 7番手）","順行","3着内","3","9","83.8","▲森田","栗東 宮地","未取得","","","","","","","netkeiba 結果ページ一次取得（通過順・着順・人気・horse_id）",""
"順行（参考）","ナムラヴンダー","2023106243","20260829","202607030304","中京04R","16","芝2200","良","16","差し有利","結果分布からの仮判定（5着以内の最終コーナー位置・前1/3の頭数）","実通過順（netkeiba コーナー通過順位）","中（4 コーナー 8番手）","順行","4〜5着","4","3","7.8","幸","栗東 河嶋","未取得","","","","","","","netkeiba 結果ページ一次取得（通過順・着順・人気・horse_id）",""
"順行（参考）","ビクスバイト","2023106949","20260829","202607030305","中京05R","10","芝2000","良","13","差し有利（強）","結果分布からの仮判定（5着以内の最終コーナー位置・前1/3の頭数）","実通過順（netkeiba コーナー通過順位）","中（4 コーナー 6番手）","順行","3着内","1","1","2.7","川田","栗東 佐藤悠","未取得","","","","","","","netkeiba 結果ページ一次取得（通過順・着順・人気・horse_id）",""
"順行（参考）","ゴールデンテティス","2023101097","20260829","202607030305","中京05R","8","芝2000","良","13","差し有利（強）","結果分布からの仮判定（5着以内の最終コーナー位置・前1/3の頭数）","実通過順（netkeiba コーナー通過順位）","中（4 コーナー 5番手）","順行","3着内","3","3","7.1","加藤","栗東 庄野","未取得","","","","","","","netkeiba 結果ページ一次取得（通過順・着順・人気・horse_id）",""
"順行（参考）","パンキー","2023102310","20260829","202607030305","中京05R","6","芝2000","良","13","差し有利（強）","結果分布からの仮判定（5着以内の最終コーナー位置・前1/3の頭数）","実通過順（netkeiba コーナー通過順位）","中（4 コーナー 8番手）","順行","4〜5着","4","5","9.3","西村淳","栗東 茶木","未取得","","","","","","","netkeiba 結果ページ一次取得（通過順・着順・人気・horse_id）",""
"順行（参考）","ワンダーデリエール","2023100446","20260829","202607030305","中京05R","1","芝2000","良","13","差し有利（強）","結果分布からの仮判定（5着以内の最終コーナー位置・前1/3の頭数）","実通過順（netkeiba コーナー通過順位）","中（4 コーナー 7番手）","順行","4〜5着","5","4","7.3","☆田山","栗東 小崎","未取得","","","","","","","netkeiba 結果ページ一次取得（通過順・着順・人気・horse_id）",""
"順行（参考）","アオイレーギーナ","2022102939","20260829","202607030306","中京06R","11","ダ1200","稍","13","差し有利（強）","結果分布からの仮判定（5着以内の最終コーナー位置・前1/3の頭数）","実通過順（netkeiba コーナー通過順位）","中（4 コーナー 9番手）","順行","3着内","2","5","10.3","幸","栗東 宮地","未取得","","","","","","","netkeiba 結果ページ一次取得（通過順・着順・人気・horse_id）",""
"順行（参考）","ダノンモンテローザ","2021100158","20260829","202607030306","中京06R","6","ダ1200","稍","13","差し有利（強）","結果分布からの仮判定（5着以内の最終コーナー位置・前1/3の頭数）","実通過順（netkeiba コーナー通過順位）","中（4 コーナー 8番手）","順行","3着内","3","6","13.3","田山","栗東 茶木","未取得","","","","","","","netkeiba 結果ページ一次取得（通過順・着順・人気・horse_id）",""
"順行（参考）","シルフズミスチーフ","2022110001","20260829","202607030306","中京06R","4","ダ1200","稍","13","差し有利（強）","結果分布からの仮判定（5着以内の最終コーナー位置・前1/3の頭数）","実通過順（netkeiba コーナー通過順位）","後（4 コーナー 11番手）","順行","4〜5着","4","2","3.9","岩田望","栗東 池江","未取得","","","","","","","netkeiba 結果ページ一次取得（通過順・着順・人気・horse_id）",""
"順行（参考）","ザウリ","2019101399","20260829","202607030306","中京06R","2","ダ1200","稍","13","差し有利（強）","結果分布からの仮判定（5着以内の最終コーナー位置・前1/3の頭数）","実通過順（netkeiba コーナー通過順位）","後（4 コーナー 10番手）","順行","4〜5着","5","8","45.1","田口","栗東 森田","未取得","","","","","","","netkeiba 結果ページ一次取得（通過順・着順・人気・horse_id）",""
"順行（参考）","ブルクトーア","2022104694","20260829","202607030307","中京07R","4","芝1400","良","15","差し有利","結果分布からの仮判定（5着以内の最終コーナー位置・前1/3の頭数）","実通過順（netkeiba コーナー通過順位）","中（4 コーナー 9番手）","順行","3着内","1","7","23.0","亀田","栗東 長谷川","未取得","","","","","","","netkeiba 結果ページ一次取得（通過順・着順・人気・horse_id）",""
"順行（参考）","チャンネルトンネル","2021106369","20260829","202607030307","中京07R","5","芝1400","良","15","差し有利","結果分布からの仮判定（5着以内の最終コーナー位置・前1/3の頭数）","実通過順（netkeiba コーナー通過順位）","後（4 コーナー 13番手）","順行","3着内","2","3","5.7","団野","栗東 福永","未取得","","","","","","","netkeiba 結果ページ一次取得（通過順・着順・人気・horse_id）",""
"順行（参考）","ポッドロワール","2022101573","20260829","202607030307","中京07R","10","芝1400","良","15","差し有利","結果分布からの仮判定（5着以内の最終コーナー位置・前1/3の頭数）","実通過順（netkeiba コーナー通過順位）","後（4 コーナー 11番手）","順行","4〜5着","5","1","2.6","岩田望","美浦 畠山","未取得","","","","","","","netkeiba 結果ページ一次取得（通過順・着順・人気・horse_id）",""
"順行（参考）","トライアンフパス","2023106431","20260829","202607030308","中京08R","6","芝1400","良","14","前有利（強）","結果分布からの仮判定（5着以内の最終コーナー位置・前1/3の頭数）","実通過順（netkeiba コーナー通過順位）","前（4 コーナー 3番手）","順行","3着内","1","2","4.1","松若","栗東 宮","未取得","","","","","","","netkeiba 結果ページ一次取得（通過順・着順・人気・horse_id）",""
"順行（参考）","アムールリーベ","2021105659","20260829","202607030308","中京08R","4","芝1400","良","14","前有利（強）","結果分布からの仮判定（5着以内の最終コーナー位置・前1/3の頭数）","実通過順（netkeiba コーナー通過順位）","前（4 コーナー 4番手）","順行","3着内","2","8","24.4","荻野琢","栗東 宮地","未取得","","","","","","","netkeiba 結果ページ一次取得（通過順・着順・人気・horse_id）",""
"順行（参考）","キャッスルレイク","2022100642","20260829","202607030308","中京08R","8","芝1400","良","14","前有利（強）","結果分布からの仮判定（5着以内の最終コーナー位置・前1/3の頭数）","実通過順（netkeiba コーナー通過順位）","前（4 コーナー 2番手）","順行","4〜5着","4","5","11.9","田口","栗東 松下","未取得","","","","","","","netkeiba 結果ページ一次取得（通過順・着順・人気・horse_id）",""
"順行（参考）","カウンティフェア","2022104121","20260829","202607030308","中京08R","1","芝1400","良","14","前有利（強）","結果分布からの仮判定（5着以内の最終コーナー位置・前1/3の頭数）","実通過順（netkeiba コーナー通過順位）","前（4 コーナー 1番手）","順行","4〜5着","5","9","35.4","田山","栗東 高野","未取得","","","","","","","netkeiba 結果ページ一次取得（通過順・着順・人気・horse_id）",""
"順行（参考）","セレーノ","2023104372","20260829","202607030309","中京09R","4","ダ1800","稍","9","前有利","結果分布からの仮判定（5着以内の最終コーナー位置・前1/3の頭数）","実通過順（netkeiba コーナー通過順位）","前（4 コーナー 1番手）","順行","3着内","1","2","3.2","◇永島","栗東 高橋亮","未取得","","","","","","","netkeiba 結果ページ一次取得（通過順・着順・人気・horse_id）",""
"順行（参考）","クラテロス","2023105462","20260829","202607030309","中京09R","5","ダ1800","稍","9","前有利","結果分布からの仮判定（5着以内の最終コーナー位置・前1/3の頭数）","実通過順（netkeiba コーナー通過順位）","前（4 コーナー 3番手）","順行","3着内","2","4","8.6","岩田望","栗東 寺島","未取得","","","","","","","netkeiba 結果ページ一次取得（通過順・着順・人気・horse_id）",""
"順行（参考）","リアンクトワ","2021103293","20260829","202607030309","中京09R","7","ダ1800","稍","9","前有利","結果分布からの仮判定（5着以内の最終コーナー位置・前1/3の頭数）","実通過順（netkeiba コーナー通過順位）","前（4 コーナー 2番手）","順行","4〜5着","5","7","24.2","△柴田裕","栗東 辻野","未取得","","","","","","","netkeiba 結果ページ一次取得（通過順・着順・人気・horse_id）",""
"順行（参考）","ジャンヌドゥレーヴ","2023104060","20260829","202607030310","中京10R","16","ダ1400","稍","16","差し有利","結果分布からの仮判定（5着以内の最終コーナー位置・前1/3の頭数）","実通過順（netkeiba コーナー通過順位）","中（4 コーナー 11番手）","順行","3着内","1","2","5.5","中井","栗東 角田","未取得","","","","","","","netkeiba 結果ページ一次取得（通過順・着順・人気・horse_id）",""
"順行（参考）","タイニーワンダー","2023105027","20260829","202607030310","中京10R","4","ダ1400","稍","16","差し有利","結果分布からの仮判定（5着以内の最終コーナー位置・前1/3の頭数）","実通過順（netkeiba コーナー通過順位）","中（4 コーナー 7番手）","順行","3着内","2","1","2.4","☆田山","栗東 四位","未取得","","","","","","","netkeiba 結果ページ一次取得（通過順・着順・人気・horse_id）",""
"順行（参考）","ワイドグンサ","2023106323","20260829","202607030310","中京10R","1","ダ1400","稍","16","差し有利","結果分布からの仮判定（5着以内の最終コーナー位置・前1/3の頭数）","実通過順（netkeiba コーナー通過順位）","中（4 コーナー 6番手）","順行","4〜5着","5","4","8.2","西村淳","栗東 庄野","未取得","","","","","","","netkeiba 結果ページ一次取得（通過順・着順・人気・horse_id）",""
"順行（参考）","ヴォーカライズ","2023103783","20260829","202607030311","中京11R","9","芝1600","良","13","差し有利（強）","結果分布からの仮判定（5着以内の最終コーナー位置・前1/3の頭数）","実通過順（netkeiba コーナー通過順位）","中（4 コーナー 5番手）","順行","3着内","1","2","2.8","☆田山","栗東 高野","未取得","","","","","","","netkeiba 結果ページ一次取得（通過順・着順・人気・horse_id）",""
"順行（参考）","リアンマヒナ","2023104430","20260829","202607030311","中京11R","4","芝1600","良","13","差し有利（強）","結果分布からの仮判定（5着以内の最終コーナー位置・前1/3の頭数）","実通過順（netkeiba コーナー通過順位）","中（4 コーナー 6番手）","順行","3着内","2","3","5.1","岩田望","栗東 高橋一","未取得","","","","","","","netkeiba 結果ページ一次取得（通過順・着順・人気・horse_id）",""
"順行（参考）","エンベッカ","2022104824","20260829","202607030311","中京11R","2","芝1600","良","13","差し有利（強）","結果分布からの仮判定（5着以内の最終コーナー位置・前1/3の頭数）","実通過順（netkeiba コーナー通過順位）","中（4 コーナー 8番手）","順行","3着内","3","10","48.8","西村淳","栗東 柴田","未取得","","","","","","","netkeiba 結果ページ一次取得（通過順・着順・人気・horse_id）",""
"順行（参考）","レッドリガーレ","2023106614","20260829","202607030311","中京11R","6","芝1600","良","13","差し有利（強）","結果分布からの仮判定（5着以内の最終コーナー位置・前1/3の頭数）","実通過順（netkeiba コーナー通過順位）","中（4 コーナー 9番手）","順行","4〜5着","4","7","34.1","幸","栗東 斉藤崇","未取得","","","","","","","netkeiba 結果ページ一次取得（通過順・着順・人気・horse_id）",""
"順行（参考）","グローブアマランス","2021105022","20260829","202607030311","中京11R","12","芝1600","良","13","差し有利（強）","結果分布からの仮判定（5着以内の最終コーナー位置・前1/3の頭数）","実通過順（netkeiba コーナー通過順位）","後（4 コーナー 10番手）","順行","4〜5着","5","5","17.8","田口","栗東 中尾","未取得","","","","","","","netkeiba 結果ページ一次取得（通過順・着順・人気・horse_id）",""
"順行（参考）","トラッドロア","2023110010","20260829","202607030312","中京12R","12","ダ1800","稍","14","前有利","結果分布からの仮判定（5着以内の最終コーナー位置・前1/3の頭数）","実通過順（netkeiba コーナー通過順位）","前（4 コーナー 2番手）","順行","3着内","1","10","36.6","富田","栗東 高野","未取得","","","","","","","netkeiba 結果ページ一次取得（通過順・着順・人気・horse_id）",""
"順行（参考）","タガノランパート","2023104330","20260829","202607030312","中京12R","3","ダ1800","稍","14","前有利","結果分布からの仮判定（5着以内の最終コーナー位置・前1/3の頭数）","実通過順（netkeiba コーナー通過順位）","前（4 コーナー 3番手）","順行","3着内","2","2","4.1","田口","栗東 奥村豊","未取得","","","","","","","netkeiba 結果ページ一次取得（通過順・着順・人気・horse_id）",""
"順行（参考）","メイショウハーブス","2023104940","20260829","202607030312","中京12R","11","ダ1800","稍","14","前有利","結果分布からの仮判定（5着以内の最終コーナー位置・前1/3の頭数）","実通過順（netkeiba コーナー通過順位）","前（4 コーナー 1番手）","順行","4〜5着","5","5","11.7","藤懸","栗東 高橋忠","未取得","","","","","","","netkeiba 結果ページ一次取得（通過順・着順・人気・horse_id）",""
"順行（参考）","アデルフィー","2023105753","20260829","202604030302","新潟02R","11","ダ1800","稍","15","前有利（強）","結果分布からの仮判定（5着以内の最終コーナー位置・前1/3の頭数）","実通過順（netkeiba コーナー通過順位）","前（4 コーナー 1番手）","順行","3着内","1","4","4.5","三浦","美浦 金成","未取得","","","","","","","netkeiba 結果ページ一次取得（通過順・着順・人気・horse_id）",""
"順行（参考）","カシマライフウ","2023105439","20260829","202604030302","新潟02R","15","ダ1800","稍","15","前有利（強）","結果分布からの仮判定（5着以内の最終コーナー位置・前1/3の頭数）","実通過順（netkeiba コーナー通過順位）","前（4 コーナー 5番手）","順行","3着内","2","1","3.6","大野","美浦 伊藤伸","未取得","","","","","","","netkeiba 結果ページ一次取得（通過順・着順・人気・horse_id）",""
"順行（参考）","ゴールドプレイヤー","2023104504","20260829","202604030302","新潟02R","7","ダ1800","稍","15","前有利（強）","結果分布からの仮判定（5着以内の最終コーナー位置・前1/3の頭数）","実通過順（netkeiba コーナー通過順位）","前（4 コーナー 3番手）","順行","3着内","3","2","3.7","戸崎圭","美浦 古賀慎","未取得","","","","","","","netkeiba 結果ページ一次取得（通過順・着順・人気・horse_id）",""
"順行（参考）","ガードオブオナー","2023107327","20260829","202604030302","新潟02R","6","ダ1800","稍","15","前有利（強）","結果分布からの仮判定（5着以内の最終コーナー位置・前1/3の頭数）","実通過順（netkeiba コーナー通過順位）","前（4 コーナー 4番手）","順行","4〜5着","4","3","4.0","津村","美浦 林","未取得","","","","","","","netkeiba 結果ページ一次取得（通過順・着順・人気・horse_id）",""
"順行（参考）","キムケンシーサー","2024101140","20260829","202604030303","新潟03R","11","芝1600","良","10","差し有利","結果分布からの仮判定（5着以内の最終コーナー位置・前1/3の頭数）","実通過順（netkeiba コーナー通過順位）","中（4 コーナー 6番手）","順行","3着内","1","5","13.3","◇今村","栗東 前川","未取得","","","","","","","netkeiba 結果ページ一次取得（通過順・着順・人気・horse_id）",""
"順行（参考）","ホウオウビリーヴ","2024106585","20260829","202604030303","新潟03R","6","芝1600","良","10","差し有利","結果分布からの仮判定（5着以内の最終コーナー位置・前1/3の頭数）","実通過順（netkeiba コーナー通過順位）","中（4 コーナー 7番手）","順行","3着内","2","4","5.5","戸崎圭","美浦 木村","未取得","","","","","","","netkeiba 結果ページ一次取得（通過順・着順・人気・horse_id）",""
"順行（参考）","ノルトハウゼン","2024105973","20260829","202604030303","新潟03R","2","芝1600","良","10","差し有利","結果分布からの仮判定（5着以内の最終コーナー位置・前1/3の頭数）","実通過順（netkeiba コーナー通過順位）","中（4 コーナー 4番手）","順行","3着内","3","3","4.6","三浦","美浦 菊沢","未取得","","","","","","","netkeiba 結果ページ一次取得（通過順・着順・人気・horse_id）",""
"順行（参考）","エクラドリオン","2024106743","20260829","202604030304","新潟04R","4","芝1400","良","18","前有利","結果分布からの仮判定（5着以内の最終コーナー位置・前1/3の頭数）","実通過順（netkeiba コーナー通過順位）","前（4 コーナー 4番手）","順行","3着内","1","1","1.5","ルメー","美浦 中舘","未取得","","","","","","","netkeiba 結果ページ一次取得（通過順・着順・人気・horse_id）",""
"順行（参考）","ジェイエルキール","2024100834","20260829","202604030304","新潟04R","2","芝1400","良","18","前有利","結果分布からの仮判定（5着以内の最終コーナー位置・前1/3の頭数）","実通過順（netkeiba コーナー通過順位）","前（4 コーナー 1番手）","順行","3着内","2","12","135.2","江田照","美浦 菊川","未取得","","","","","","","netkeiba 結果ページ一次取得（通過順・着順・人気・horse_id）",""
"順行（参考）","レッドアバンドーネ","2024110006","20260829","202604030304","新潟04R","10","芝1400","良","18","前有利","結果分布からの仮判定（5着以内の最終コーナー位置・前1/3の頭数）","実通過順（netkeiba コーナー通過順位）","前（4 コーナー 3番手）","順行","3着内","3","3","8.9","津村","美浦 上原佑","未取得","","","","","","","netkeiba 結果ページ一次取得（通過順・着順・人気・horse_id）",""
"順行（参考）","ヤマメホープ","2023103075","20260829","202604030305","新潟05R","7","芝2200","稍","18","前有利","結果分布からの仮判定（5着以内の最終コーナー位置・前1/3の頭数）","実通過順（netkeiba コーナー通過順位）","前（4 コーナー 2番手）","順行","3着内","1","1","2.8","戸崎圭","美浦 久保田","未取得","","","","","","","netkeiba 結果ページ一次取得（通過順・着順・人気・horse_id）",""
"順行（参考）","ゾネブルーム","2023107195","20260829","202604030305","新潟05R","9","芝2200","稍","18","前有利","結果分布からの仮判定（5着以内の最終コーナー位置・前1/3の頭数）","実通過順（netkeiba コーナー通過順位）","前（4 コーナー 4番手）","順行","3着内","3","2","4.1","丸山","美浦 矢嶋","未取得","","","","","","","netkeiba 結果ページ一次取得（通過順・着順・人気・horse_id）",""
"順行（参考）","アンヴデット","2023107044","20260829","202604030305","新潟05R","15","芝2200","稍","18","前有利","結果分布からの仮判定（5着以内の最終コーナー位置・前1/3の頭数）","実通過順（netkeiba コーナー通過順位）","前（4 コーナー 6番手）","順行","4〜5着","5","7","17.6","△石神道","美浦 高橋文","未取得","","","","","","","netkeiba 結果ページ一次取得（通過順・着順・人気・horse_id）",""
"順行（参考）","ルーナディサングエ","2023103013","20260829","202604030306","新潟06R","3","ダ1800","稍","15","前有利（強）","結果分布からの仮判定（5着以内の最終コーナー位置・前1/3の頭数）","実通過順（netkeiba コーナー通過順位）","前（4 コーナー 1番手）","順行","3着内","1","1","2.1","菅原隆","美浦 天間","未取得","","","","","","","netkeiba 結果ページ一次取得（通過順・着順・人気・horse_id）",""
"順行（参考）","ヨドノタイヨウ","2022100348","20260829","202604030306","新潟06R","4","ダ1800","稍","15","前有利（強）","結果分布からの仮判定（5着以内の最終コーナー位置・前1/3の頭数）","実通過順（netkeiba コーナー通過順位）","前（4 コーナー 2番手）","順行","3着内","2","5","13.6","松山","美浦 室井","未取得","","","","","","","netkeiba 結果ページ一次取得（通過順・着順・人気・horse_id）",""
"順行（参考）","リアライズオーラム","2022105773","20260829","202604030306","新潟06R","10","ダ1800","稍","15","前有利（強）","結果分布からの仮判定（5着以内の最終コーナー位置・前1/3の頭数）","実通過順（netkeiba コーナー通過順位）","前（4 コーナー 3番手）","順行","3着内","3","4","13.5","石橋脩","美浦 上原佑","未取得","","","","","","","netkeiba 結果ページ一次取得（通過順・着順・人気・horse_id）",""
"順行（参考）","ヴェーヌドール","2022105708","20260829","202604030306","新潟06R","11","ダ1800","稍","15","前有利（強）","結果分布からの仮判定（5着以内の最終コーナー位置・前1/3の頭数）","実通過順（netkeiba コーナー通過順位）","前（4 コーナー 5番手）","順行","4〜5着","5","12","142.8","菊沢","美浦 平岩","未取得","","","","","","","netkeiba 結果ページ一次取得（通過順・着順・人気・horse_id）",""
"順行（参考）","スピンザブラッド","2021105244","20260829","202604030307","新潟07R","15","芝2000","稍","17","差し有利","結果分布からの仮判定（5着以内の最終コーナー位置・前1/3の頭数）","実通過順（netkeiba コーナー通過順位）","中（4 コーナー 12番手）","順行","3着内","3","11","50.4","松山","美浦 平岩","未取得","","","","","","","netkeiba 結果ページ一次取得（通過順・着順・人気・horse_id）",""
"順行（参考）","マイネルアズーロ","2022100274","20260829","202604030307","新潟07R","12","芝2000","稍","17","差し有利","結果分布からの仮判定（5着以内の最終コーナー位置・前1/3の頭数）","実通過順（netkeiba コーナー通過順位）","中（4 コーナー 10番手）","順行","4〜5着","4","4","8.9","津村","美浦 鹿戸","未取得","","","","","","","netkeiba 結果ページ一次取得（通過順・着順・人気・horse_id）",""
"順行（参考）","ピエナフェーヴル","2022101175","20260829","202604030307","新潟07R","16","芝2000","稍","17","差し有利","結果分布からの仮判定（5着以内の最終コーナー位置・前1/3の頭数）","実通過順（netkeiba コーナー通過順位）","中（4 コーナー 6番手）","順行","4〜5着","5","2","6.6","田辺","美浦 萱野","未取得","","","","","","","netkeiba 結果ページ一次取得（通過順・着順・人気・horse_id）",""
"順行（参考）","タガノバビロン","2022106553","20260829","202604030308","新潟08R","3","ダ1800","稍","11","差し有利","結果分布からの仮判定（5着以内の最終コーナー位置・前1/3の頭数）","実通過順（netkeiba コーナー通過順位）","中（4 コーナー 5番手）","順行","3着内","2","1","2.0","松山","栗東 西園翔","未取得","","","","","","","netkeiba 結果ページ一次取得（通過順・着順・人気・horse_id）",""
"順行（参考）","ピカピカサンダー","2022105979","20260829","202604030308","新潟08R","1","ダ1800","稍","11","差し有利","結果分布からの仮判定（5着以内の最終コーナー位置・前1/3の頭数）","実通過順（netkeiba コーナー通過順位）","中（4 コーナー 4番手）","順行","3着内","3","3","7.3","三浦","美浦 鹿戸","未取得","","","","","","","netkeiba 結果ページ一次取得（通過順・着順・人気・horse_id）",""
"順行（参考）","カズタンジャー","2021101259","20260829","202604030308","新潟08R","6","ダ1800","稍","11","差し有利","結果分布からの仮判定（5着以内の最終コーナー位置・前1/3の頭数）","実通過順（netkeiba コーナー通過順位）","後（4 コーナー 10番手）","順行","4〜5着","4","2","5.8","ルメー","栗東 新谷","未取得","","","","","","","netkeiba 結果ページ一次取得（通過順・着順・人気・horse_id）",""
"順行（参考）","ミッドセンチュリー","2022103308","20260829","202604030309","新潟09R","7","芝2200","稍","13","差し有利","結果分布からの仮判定（5着以内の最終コーナー位置・前1/3の頭数）","実通過順（netkeiba コーナー通過順位）","中（4 コーナー 7番手）","順行","3着内","3","5","10.5","嶋田","美浦 松山","未取得","","","","","","","netkeiba 結果ページ一次取得（通過順・着順・人気・horse_id）",""
"順行（参考）","ランブルスコ","2023107013","20260829","202604030309","新潟09R","11","芝2200","稍","13","差し有利","結果分布からの仮判定（5着以内の最終コーナー位置・前1/3の頭数）","実通過順（netkeiba コーナー通過順位）","中（4 コーナー 6番手）","順行","4〜5着","4","2","3.3","ルメー","美浦 蛯名正","未取得","","","","","","","netkeiba 結果ページ一次取得（通過順・着順・人気・horse_id）",""
"順行（参考）","テイキットイージー","2021101088","20260829","202604030309","新潟09R","12","芝2200","稍","13","差し有利","結果分布からの仮判定（5着以内の最終コーナー位置・前1/3の頭数）","実通過順（netkeiba コーナー通過順位）","中（4 コーナー 8番手）","順行","4〜5着","5","8","49.2","武藤","美浦 萱野","未取得","","","","","","","netkeiba 結果ページ一次取得（通過順・着順・人気・horse_id）",""
"順行（参考）","リラベガ","2023106372","20260829","202604030310","新潟10R","16","芝1400","稍","18","差し有利","結果分布からの仮判定（5着以内の最終コーナー位置・前1/3の頭数）","実通過順（netkeiba コーナー通過順位）","中（4 コーナー 7番手）","順行","3着内","2","8","16.9","菊沢","美浦 岩戸","未取得","","","","","","","netkeiba 結果ページ一次取得（通過順・着順・人気・horse_id）",""
"順行（参考）","ダイユウルミナス","2023106299","20260829","202604030310","新潟10R","11","芝1400","稍","18","差し有利","結果分布からの仮判定（5着以内の最終コーナー位置・前1/3の頭数）","実通過順（netkeiba コーナー通過順位）","中（4 コーナー 10番手）","順行","4〜5着","4","14","154.8","小崎","美浦 松永康","未取得","","","","","","","netkeiba 結果ページ一次取得（通過順・着順・人気・horse_id）",""
"順行（参考）","ソードスレイプニル","2023103942","20260829","202604030310","新潟10R","4","芝1400","稍","18","差し有利","結果分布からの仮判定（5着以内の最終コーナー位置・前1/3の頭数）","実通過順（netkeiba コーナー通過順位）","中（4 コーナー 9番手）","順行","4〜5着","5","3","9.7","◇今村","美浦 鈴木慎","未取得","","","","","","","netkeiba 結果ページ一次取得（通過順・着順・人気・horse_id）",""
"順行（参考）","ピースフルマインド","2023105298","20260829","202604030311","新潟11R","18","芝2000","稍","18","差し有利","結果分布からの仮判定（5着以内の最終コーナー位置・前1/3の頭数）","実通過順（netkeiba コーナー通過順位）","中（4 コーナー 10番手）","順行","3着内","1","11","84.6","原","美浦 伊坂","未取得","","","","","","","netkeiba 結果ページ一次取得（通過順・着順・人気・horse_id）",""
"順行（参考）","コスモアルペジオ","2023106461","20260829","202604030311","新潟11R","17","芝2000","稍","18","差し有利","結果分布からの仮判定（5着以内の最終コーナー位置・前1/3の頭数）","実通過順（netkeiba コーナー通過順位）","中（4 コーナー 7番手）","順行","3着内","3","5","21.4","石橋脩","美浦 鹿戸","未取得","","","","","","","netkeiba 結果ページ一次取得（通過順・着順・人気・horse_id）",""
"順行（参考）","グランフルス","2023102434","20260829","202604030311","新潟11R","5","芝2000","稍","18","差し有利","結果分布からの仮判定（5着以内の最終コーナー位置・前1/3の頭数）","実通過順（netkeiba コーナー通過順位）","中（4 コーナー 12番手）","順行","4〜5着","4","10","74.8","菊沢","美浦 矢野","未取得","","","","","","","netkeiba 結果ページ一次取得（通過順・着順・人気・horse_id）",""
"順行（参考）","ロンバスブレス","2023106053","20260829","202604030312","新潟12R","7","ダ1200","稍","12","前有利","結果分布からの仮判定（5着以内の最終コーナー位置・前1/3の頭数）","実通過順（netkeiba コーナー通過順位）","前（4 コーナー 1番手）","順行","3着内","1","1","2.1","▲上里","美浦 石栗","未取得","","","","","","","netkeiba 結果ページ一次取得（通過順・着順・人気・horse_id）",""
"順行（参考）","エリースノー","2023103226","20260829","202604030312","新潟12R","3","ダ1200","稍","12","前有利","結果分布からの仮判定（5着以内の最終コーナー位置・前1/3の頭数）","実通過順（netkeiba コーナー通過順位）","前（4 コーナー 4番手）","順行","3着内","2","2","4.0","津村","美浦 武市","未取得","","","","","","","netkeiba 結果ページ一次取得（通過順・着順・人気・horse_id）",""
"順行（参考）","ライヴマティーニ","2023102925","20260829","202604030312","新潟12R","15","ダ1200","稍","12","前有利","結果分布からの仮判定（5着以内の最終コーナー位置・前1/3の頭数）","実通過順（netkeiba コーナー通過順位）","前（4 コーナー 2番手）","順行","3着内","3","5","7.0","◇ 今村聖","美浦 尾形","未取得","","","","","","","netkeiba 結果ページ一次取得（通過順・着順・人気・horse_id）",""
"順行（参考）","ロードステラート","2023105838","20260829","202601020301","札幌01R","2","ダ1700","稍","14","差し有利","結果分布からの仮判定（5着以内の最終コーナー位置・前1/3の頭数）","実通過順（netkeiba コーナー通過順位）","中（4 コーナー 7番手）","順行","3着内","3","2","5.2","横山和","栗東 武英","未取得","","","","","","","netkeiba 結果ページ一次取得（通過順・着順・人気・horse_id）",""
"順行（参考）","ワンダーアスク","2023103191","20260829","202601020301","札幌01R","6","ダ1700","稍","14","差し有利","結果分布からの仮判定（5着以内の最終コーナー位置・前1/3の頭数）","実通過順（netkeiba コーナー通過順位）","中（4 コーナー 10番手）","順行","4〜5着","4","6","10.3","川又","栗東 笹田","未取得","","","","","","","netkeiba 結果ページ一次取得（通過順・着順・人気・horse_id）",""
"順行（参考）","ゴールデンダガー","2023105726","20260829","202601020301","札幌01R","9","ダ1700","稍","14","差し有利","結果分布からの仮判定（5着以内の最終コーナー位置・前1/3の頭数）","実通過順（netkeiba コーナー通過順位）","中（4 コーナー 8番手）","順行","4〜5着","5","3","5.2","横山琉","美浦 中舘","未取得","","","","","","","netkeiba 結果ページ一次取得（通過順・着順・人気・horse_id）",""
"順行（参考）","タプティ","2024100935","20260829","202601020302","札幌02R","5","芝1500","稍","13","前有利","結果分布からの仮判定（5着以内の最終コーナー位置・前1/3の頭数）","実通過順（netkeiba コーナー通過順位）","前（4 コーナー 2番手）","順行","3着内","1","4","9.7","小沢","栗東 岡田","未取得","","","","","","","netkeiba 結果ページ一次取得（通過順・着順・人気・horse_id）",""
"順行（参考）","バタフライ","2024107318","20260829","202601020302","札幌02R","12","芝1500","稍","13","前有利","結果分布からの仮判定（5着以内の最終コーナー位置・前1/3の頭数）","実通過順（netkeiba コーナー通過順位）","前（4 コーナー 1番手）","順行","3着内","2","7","18.1","原田和","美浦 松山","未取得","","","","","","","netkeiba 結果ページ一次取得（通過順・着順・人気・horse_id）",""
"順行（参考）","フォルトゥナロッサ","2024105934","20260829","202601020302","札幌02R","3","芝1500","稍","13","前有利","結果分布からの仮判定（5着以内の最終コーナー位置・前1/3の頭数）","実通過順（netkeiba コーナー通過順位）","前（4 コーナー 4番手）","順行","4〜5着","4","1","2.0","浜中","栗東 武幸","未取得","","","","","","","netkeiba 結果ページ一次取得（通過順・着順・人気・horse_id）",""
"順行（参考）","イドム","2024102908","20260829","202601020303","札幌03R","9","芝1800","稍","11","差し有利","結果分布からの仮判定（5着以内の最終コーナー位置・前1/3の頭数）","実通過順（netkeiba コーナー通過順位）","中（4 コーナー 4番手）","順行","3着内","2","4","18.3","松本","栗東 高橋康","未取得","","","","","","","netkeiba 結果ページ一次取得（通過順・着順・人気・horse_id）",""
"順行（参考）","ダノンキューブ","2024106180","20260829","202601020303","札幌03R","1","芝1800","稍","11","差し有利","結果分布からの仮判定（5着以内の最終コーナー位置・前1/3の頭数）","実通過順（netkeiba コーナー通過順位）","中（4 コーナー 7番手）","順行","4〜5着","4","1","1.1","武豊","栗東 橋口","未取得","","","","","","","netkeiba 結果ページ一次取得（通過順・着順・人気・horse_id）",""
"順行（参考）","チェッリーニ","2024100609","20260829","202601020303","札幌03R","6","芝1800","稍","11","差し有利","結果分布からの仮判定（5着以内の最終コーナー位置・前1/3の頭数）","実通過順（netkeiba コーナー通過順位）","中（4 コーナー 5番手）","順行","4〜5着","5","8","195.7","◇古川奈","栗東 羽月","未取得","","","","","","","netkeiba 結果ページ一次取得（通過順・着順・人気・horse_id）",""
"順行（参考）","アニマレイ","2023105279","20260829","202601020304","札幌04R","5","ダ1000","稍","12","差し有利","結果分布からの仮判定（5着以内の最終コーナー位置・前1/3の頭数）","実通過順（netkeiba コーナー通過順位）","中（4 コーナー 7番手）","順行","3着内","1","4","4.5","▲小林美","栗東 須貝","未取得","","","","","","","netkeiba 結果ページ一次取得（通過順・着順・人気・horse_id）",""
"順行（参考）","ハイティー","2023107310","20260829","202601020304","札幌04R","6","ダ1000","稍","12","差し有利","結果分布からの仮判定（5着以内の最終コーナー位置・前1/3の頭数）","実通過順（netkeiba コーナー通過順位）","中（4 コーナー 5番手）","順行","4〜5着","4","1","2.8","武豊","美浦 木村","未取得","","","","","","","netkeiba 結果ページ一次取得（通過順・着順・人気・horse_id）",""
"順行（参考）","スマートコーラル","2023106001","20260829","202601020304","札幌04R","12","ダ1000","稍","12","差し有利","結果分布からの仮判定（5着以内の最終コーナー位置・前1/3の頭数）","実通過順（netkeiba コーナー通過順位）","中（4 コーナー 6番手）","順行","4〜5着","5","3","4.0","◇古川奈","栗東 石坂","未取得","","","","","","","netkeiba 結果ページ一次取得（通過順・着順・人気・horse_id）",""
"順行（参考）","ユーフォナイト","2024106798","20260829","202601020305","札幌05R","1","ダ1700","稍","14","前有利","結果分布からの仮判定（5着以内の最終コーナー位置・前1/3の頭数）","実通過順（netkeiba コーナー通過順位）","前（4 コーナー 4番手）","順行","3着内","1","3","4.9","武豊","美浦 加藤征","未取得","","","","","","","netkeiba 結果ページ一次取得（通過順・着順・人気・horse_id）",""
"順行（参考）","フィールザウィル","2024107117","20260829","202601020305","札幌05R","5","ダ1700","稍","14","前有利","結果分布からの仮判定（5着以内の最終コーナー位置・前1/3の頭数）","実通過順（netkeiba コーナー通過順位）","前（4 コーナー 1番手）","順行","3着内","2","6","17.1","小沢","美浦 伊藤大","未取得","","","","","","","netkeiba 結果ページ一次取得（通過順・着順・人気・horse_id）",""
"順行（参考）","モントリオール","2024106658","20260829","202601020305","札幌05R","11","ダ1700","稍","14","前有利","結果分布からの仮判定（5着以内の最終コーナー位置・前1/3の頭数）","実通過順（netkeiba コーナー通過順位）","前（4 コーナー 3番手）","順行","4〜5着","4","2","4.7","横山武","美浦 松尾","未取得","","","","","","","netkeiba 結果ページ一次取得（通過順・着順・人気・horse_id）",""
"順行（参考）","ランウェイミューズ","2023107304","20260829","202601020306","札幌06R","7","芝1500","稍","14","差し有利","結果分布からの仮判定（5着以内の最終コーナー位置・前1/3の頭数）","実通過順（netkeiba コーナー通過順位）","後（4 コーナー 11番手）","順行","3着内","2","3","7.7","丹内","美浦 竹内","未取得","","","","","","","netkeiba 結果ページ一次取得（通過順・着順・人気・horse_id）",""
"順行（参考）","ヒルノボローニャ","2023104474","20260829","202601020306","札幌06R","1","芝1500","稍","14","差し有利","結果分布からの仮判定（5着以内の最終コーナー位置・前1/3の頭数）","実通過順（netkeiba コーナー通過順位）","中（4 コーナー 7番手）","順行","3着内","3","8","17.8","古川吉","栗東 昆","未取得","","","","","","","netkeiba 結果ページ一次取得（通過順・着順・人気・horse_id）",""
"順行（参考）","ヒメヒオウギ","2023106148","20260829","202601020306","札幌06R","4","芝1500","稍","14","差し有利","結果分布からの仮判定（5着以内の最終コーナー位置・前1/3の頭数）","実通過順（netkeiba コーナー通過順位）","中（4 コーナー 9番手）","順行","4〜5着","4","9","19.2","★河原田","栗東 中竹","未取得","","","","","","","netkeiba 結果ページ一次取得（通過順・着順・人気・horse_id）",""
"順行（参考）","ツルノマイハシ","2023103528","20260829","202601020307","札幌07R","15","芝1200","稍","16","前有利","結果分布からの仮判定（5着以内の最終コーナー位置・前1/3の頭数）","実通過順（netkeiba コーナー通過順位）","前（4 コーナー 4番手）","順行","3着内","1","1","5.8","武豊","美浦 杉浦","未取得","","","","","","","netkeiba 結果ページ一次取得（通過順・着順・人気・horse_id）",""
"順行（参考）","スプリングデイ","2021103322","20260829","202601020307","札幌07R","16","芝1200","稍","16","前有利","結果分布からの仮判定（5着以内の最終コーナー位置・前1/3の頭数）","実通過順（netkeiba コーナー通過順位）","前（4 コーナー 5番手）","順行","3着内","2","11","43.8","黛","美浦 伊藤大","未取得","","","","","","","netkeiba 結果ページ一次取得（通過順・着順・人気・horse_id）",""
"順行（参考）","ニルマーネル","2023107231","20260829","202601020307","札幌07R","4","芝1200","稍","16","前有利","結果分布からの仮判定（5着以内の最終コーナー位置・前1/3の頭数）","実通過順（netkeiba コーナー通過順位）","前（4 コーナー 2番手）","順行","4〜5着","5","3","6.4","横山和","美浦 小島","未取得","","","","","","","netkeiba 結果ページ一次取得（通過順・着順・人気・horse_id）",""
"順行（参考）","スターオブロンドン","2023105545","20260829","202601020308","札幌08R","9","ダ1700","稍","10","差し有利","結果分布からの仮判定（5着以内の最終コーナー位置・前1/3の頭数）","実通過順（netkeiba コーナー通過順位）","中（4 コーナー 6番手）","順行","3着内","1","5","7.2","小沢","栗東 矢作","未取得","","","","","","","netkeiba 結果ページ一次取得（通過順・着順・人気・horse_id）",""
"順行（参考）","レッドフロイデ","2023103441","20260829","202601020308","札幌08R","6","ダ1700","稍","10","差し有利","結果分布からの仮判定（5着以内の最終コーナー位置・前1/3の頭数）","実通過順（netkeiba コーナー通過順位）","中（4 コーナー 5番手）","順行","3着内","3","4","5.5","★河原田","栗東 大久保","未取得","","","","","","","netkeiba 結果ページ一次取得（通過順・着順・人気・horse_id）",""
"順行（参考）","ロードアルディート","2022100637","20260829","202601020308","札幌08R","3","ダ1700","稍","10","差し有利","結果分布からの仮判定（5着以内の最終コーナー位置・前1/3の頭数）","実通過順（netkeiba コーナー通過順位）","中（4 コーナー 4番手）","順行","4〜5着","4","3","5.2","横山和","栗東 武幸","未取得","","","","","","","netkeiba 結果ページ一次取得（通過順・着順・人気・horse_id）",""
"順行（参考）","アイドクレース","2023104487","20260829","202601020309","札幌09R","3","芝1800","稍","12","差し有利","結果分布からの仮判定（5着以内の最終コーナー位置・前1/3の頭数）","実通過順（netkeiba コーナー通過順位）","中（4 コーナー 7番手）","順行","3着内","1","1","2.2","横山武","美浦 金成","未取得","","","","","","","netkeiba 結果ページ一次取得（通過順・着順・人気・horse_id）",""
"順行（参考）","マイバラード","2020100621","20260829","202601020309","札幌09R","2","芝1800","稍","12","差し有利","結果分布からの仮判定（5着以内の最終コーナー位置・前1/3の頭数）","実通過順（netkeiba コーナー通過順位）","後（4 コーナー 9番手）","順行","3着内","2","9","45.3","▲遠藤","美浦 松永康","未取得","","","","","","","netkeiba 結果ページ一次取得（通過順・着順・人気・horse_id）",""
"順行（参考）","グランセゾン","2022106645","20260829","202601020309","札幌09R","7","芝1800","稍","12","差し有利","結果分布からの仮判定（5着以内の最終コーナー位置・前1/3の頭数）","実通過順（netkeiba コーナー通過順位）","中（4 コーナー 5番手）","順行","4〜5着","5","2","4.6","武豊","美浦 栗田","未取得","","","","","","","netkeiba 結果ページ一次取得（通過順・着順・人気・horse_id）",""
"順行（参考）","ピンクゴールド","2024109031","20260829","202601020310","札幌10R","5","芝1200","稍","12","差し有利","結果分布からの仮判定（5着以内の最終コーナー位置・前1/3の頭数）","実通過順（netkeiba コーナー通過順位）","後（4 コーナー 12番手）","順行","3着内","3","11","99.8","小野楓","地方 小野望","未取得","","","","","","","netkeiba 結果ページ一次取得（通過順・着順・人気・horse_id）",""
"順行（参考）","スハッチェ","2024105617","20260829","202601020310","札幌10R","4","芝1200","稍","12","差し有利","結果分布からの仮判定（5着以内の最終コーナー位置・前1/3の頭数）","実通過順（netkeiba コーナー通過順位）","中（4 コーナー 7番手）","順行","4〜5着","4","12","151.3","宮内勇","地方 川島洋","未取得","","","","","","","netkeiba 結果ページ一次取得（通過順・着順・人気・horse_id）",""
"順行（参考）","ラビリンスティアラ","2024101636","20260829","202601020310","札幌10R","11","芝1200","稍","12","差し有利","結果分布からの仮判定（5着以内の最終コーナー位置・前1/3の頭数）","実通過順（netkeiba コーナー通過順位）","中（4 コーナー 6番手）","順行","4〜5着","5","7","15.6","石川倭","地方 村上正","未取得","","","","","","","netkeiba 結果ページ一次取得（通過順・着順・人気・horse_id）",""
"順行（参考）","バルティカ","2022105018","20260829","202601020311","札幌11R","12","芝2000","稍","14","差し有利（強）","結果分布からの仮判定（5着以内の最終コーナー位置・前1/3の頭数）","実通過順（netkeiba コーナー通過順位）","後（4 コーナー 12番手）","順行","3着内","2","2","5.4","北村友","栗東 高橋亮","未取得","","","","","","","netkeiba 結果ページ一次取得（通過順・着順・人気・horse_id）",""
"順行（参考）","ハニードレス","2022105394","20260829","202601020311","札幌11R","5","芝2000","稍","14","差し有利（強）","結果分布からの仮判定（5着以内の最終コーナー位置・前1/3の頭数）","実通過順（netkeiba コーナー通過順位）","中（4 コーナー 9番手）","順行","3着内","3","7","15.2","古川吉","美浦 牧","未取得","","","","","","","netkeiba 結果ページ一次取得（通過順・着順・人気・horse_id）",""
"順行（参考）","マイネルフォルツァ","2020105809","20260829","202601020311","札幌11R","3","芝2000","稍","14","差し有利（強）","結果分布からの仮判定（5着以内の最終コーナー位置・前1/3の頭数）","実通過順（netkeiba コーナー通過順位）","中（4 コーナー 10番手）","順行","4〜5着","4","9","29.3","横山武","美浦 金成","未取得","","","","","","","netkeiba 結果ページ一次取得（通過順・着順・人気・horse_id）",""
"順行（参考）","バースライト","2022104692","20260829","202601020311","札幌11R","14","芝2000","稍","14","差し有利（強）","結果分布からの仮判定（5着以内の最終コーナー位置・前1/3の頭数）","実通過順（netkeiba コーナー通過順位）","後（4 コーナー 11番手）","順行","4〜5着","5","4","9.9","吉田隼","栗東 武幸","未取得","","","","","","","netkeiba 結果ページ一次取得（通過順・着順・人気・horse_id）",""
"順行（参考）","オンザムービー","2023102455","20260829","202601020312","札幌12R","10","ダ1700","稍","12","差し有利","結果分布からの仮判定（5着以内の最終コーナー位置・前1/3の頭数）","実通過順（netkeiba コーナー通過順位）","中（4 コーナー 6番手）","順行","3着内","1","1","1.2","横山和","栗東 牧田","未取得","","","","","","","netkeiba 結果ページ一次取得（通過順・着順・人気・horse_id）",""
"順行（参考）","タガノエルー","2023104324","20260829","202601020312","札幌12R","11","ダ1700","稍","12","差し有利","結果分布からの仮判定（5着以内の最終コーナー位置・前1/3の頭数）","実通過順（netkeiba コーナー通過順位）","中（4 コーナー 5番手）","順行","3着内","2","2","4.9","古川吉","栗東 宮","未取得","","","","","","","netkeiba 結果ページ一次取得（通過順・着順・人気・horse_id）",""
"順行（参考）","リメンバーヒム","2022100321","20260829","202601020312","札幌12R","7","ダ1700","稍","12","差し有利","結果分布からの仮判定（5着以内の最終コーナー位置・前1/3の頭数）","実通過順（netkeiba コーナー通過順位）","中（4 コーナー 7番手）","順行","3着内","3","7","94.1","小沢","栗東 浜田","未取得","","","","","","","netkeiba 結果ページ一次取得（通過順・着順・人気・horse_id）",""
"順行（参考）","コスモルミナ","2024103655","20260830","202607030401","中京01R","5","芝1400","良","10","前有利","結果分布からの仮判定（5着以内の最終コーナー位置・前1/3の頭数）","実通過順（netkeiba コーナー通過順位）","前（4 コーナー 3番手）","順行","3着内","2","4","7.5","団野","栗東 宮地","未取得","","","","","","","netkeiba 結果ページ一次取得（通過順・着順・人気・horse_id）",""
"順行（参考）","コジアン","2024101437","20260830","202607030401","中京01R","4","芝1400","良","10","前有利","結果分布からの仮判定（5着以内の最終コーナー位置・前1/3の頭数）","実通過順（netkeiba コーナー通過順位）","前（4 コーナー 2番手）","順行","3着内","3","5","10.9","吉村","栗東 小椋","未取得","","","","","","","netkeiba 結果ページ一次取得（通過順・着順・人気・horse_id）",""
"順行（参考）","スターオブザイヤー","2024104182","20260830","202607030401","中京01R","9","芝1400","良","10","前有利","結果分布からの仮判定（5着以内の最終コーナー位置・前1/3の頭数）","実通過順（netkeiba コーナー通過順位）","前（4 コーナー 1番手）","順行","4〜5着","5","2","5.5","松若","栗東 井上","未取得","","","","","","","netkeiba 結果ページ一次取得（通過順・着順・人気・horse_id）",""
"順行（参考）","メイショウセイクウ","2024102272","20260830","202607030402","中京02R","8","芝1600","良","10","差し有利","結果分布からの仮判定（5着以内の最終コーナー位置・前1/3の頭数）","実通過順（netkeiba コーナー通過順位）","後（4 コーナー 10番手）","順行","3着内","1","5","15.7","松若","栗東 荒川","未取得","","","","","","","netkeiba 結果ページ一次取得（通過順・着順・人気・horse_id）",""
"順行（参考）","ナイトインチュニス","2024102887","20260830","202607030402","中京02R","6","芝1600","良","10","差し有利","結果分布からの仮判定（5着以内の最終コーナー位置・前1/3の頭数）","実通過順（netkeiba コーナー通過順位）","中（4 コーナー 6番手）","順行","3着内","3","3","6.5","団野","栗東 野中","未取得","","","","","","","netkeiba 結果ページ一次取得（通過順・着順・人気・horse_id）",""
"順行（参考）","シャトンダンス","2024106253","20260830","202607030402","中京02R","5","芝1600","良","10","差し有利","結果分布からの仮判定（5着以内の最終コーナー位置・前1/3の頭数）","実通過順（netkeiba コーナー通過順位）","中（4 コーナー 5番手）","順行","4〜5着","4","6","23.7","吉村","栗東 東田","未取得","","","","","","","netkeiba 結果ページ一次取得（通過順・着順・人気・horse_id）",""
"順行（参考）","ゴーイントゥノヴァ","2024104681","20260830","202607030403","中京03R","7","芝2000","良","11","差し有利","結果分布からの仮判定（5着以内の最終コーナー位置・前1/3の頭数）","実通過順（netkeiba コーナー通過順位）","中（4 コーナー 5番手）","順行","3着内","1","3","5.8","坂井","栗東 新谷","未取得","","","","","","","netkeiba 結果ページ一次取得（通過順・着順・人気・horse_id）",""
"順行（参考）","ロードフローリス","2024100208","20260830","202607030403","中京03R","9","芝2000","良","11","差し有利","結果分布からの仮判定（5着以内の最終コーナー位置・前1/3の頭数）","実通過順（netkeiba コーナー通過順位）","後（4 コーナー 10番手）","順行","4〜5着","4","5","7.2","田口","栗東 小椋","未取得","","","","","","","netkeiba 結果ページ一次取得（通過順・着順・人気・horse_id）",""
"順行（参考）","サイモンジェセル","2024105837","20260830","202607030403","中京03R","1","芝2000","良","11","差し有利","結果分布からの仮判定（5着以内の最終コーナー位置・前1/3の頭数）","実通過順（netkeiba コーナー通過順位）","後（4 コーナー 11番手）","順行","4〜5着","5","10","58.6","松山","栗東 梅田","未取得","","","","","","","netkeiba 結果ページ一次取得（通過順・着順・人気・horse_id）",""
"順行（参考）","セッシュウ","2023102255","20260830","202607030404","中京04R","7","ダ1400","稍","16","前有利","結果分布からの仮判定（5着以内の最終コーナー位置・前1/3の頭数）","実通過順（netkeiba コーナー通過順位）","前（4 コーナー 3番手）","順行","3着内","1","1","1.5","団野","栗東 石橋","未取得","","","","","","","netkeiba 結果ページ一次取得（通過順・着順・人気・horse_id）",""
"順行（参考）","ラッキーヴォーグ","2023105657","20260830","202607030404","中京04R","10","ダ1400","稍","16","前有利","結果分布からの仮判定（5着以内の最終コーナー位置・前1/3の頭数）","実通過順（netkeiba コーナー通過順位）","前（4 コーナー 2番手）","順行","3着内","3","4","13.5","西村淳","栗東 牧田","未取得","","","","","","","netkeiba 結果ページ一次取得（通過順・着順・人気・horse_id）",""
"順行（参考）","サカトクフェイス","2023101898","20260830","202607030404","中京04R","13","ダ1400","稍","16","前有利","結果分布からの仮判定（5着以内の最終コーナー位置・前1/3の頭数）","実通過順（netkeiba コーナー通過順位）","前（4 コーナー 4番手）","順行","4〜5着","5","11","100.1","長岡","栗東 今野","未取得","","","","","","","netkeiba 結果ページ一次取得（通過順・着順・人気・horse_id）",""
"順行（参考）","ステイクオール","2022105848","20260830","202607030405","中京05R","11","ダ1800","稍","13","差し有利","結果分布からの仮判定（5着以内の最終コーナー位置・前1/3の頭数）","実通過順（netkeiba コーナー通過順位）","中（4 コーナー 6番手）","順行","3着内","3","5","12.3","富田","栗東 上村","未取得","","","","","","","netkeiba 結果ページ一次取得（通過順・着順・人気・horse_id）",""
"順行（参考）","ブームバップビート","2023110070","20260830","202607030405","中京05R","3","ダ1800","稍","13","差し有利","結果分布からの仮判定（5着以内の最終コーナー位置・前1/3の頭数）","実通過順（netkeiba コーナー通過順位）","中（4 コーナー 7番手）","順行","4〜5着","4","1","2.3","坂井","栗東 中内田","未取得","","","","","","","netkeiba 結果ページ一次取得（通過順・着順・人気・horse_id）",""
"順行（参考）","ビービーバザーク","2022102397","20260830","202607030405","中京05R","8","ダ1800","稍","13","差し有利","結果分布からの仮判定（5着以内の最終コーナー位置・前1/3の頭数）","実通過順（netkeiba コーナー通過順位）","中（4 コーナー 5番手）","順行","4〜5着","5","6","14.5","西村淳","栗東 武幸","未取得","","","","","","","netkeiba 結果ページ一次取得（通過順・着順・人気・horse_id）",""
"順行（参考）","ダンツシタン","2023104848","20260830","202607030406","中京06R","3","ダ1900","稍","16","前有利","結果分布からの仮判定（5着以内の最終コーナー位置・前1/3の頭数）","実通過順（netkeiba コーナー通過順位）","前（4 コーナー 3番手）","順行","3着内","2","3","12.9","太宰","栗東 本田","未取得","","","","","","","netkeiba 結果ページ一次取得（通過順・着順・人気・horse_id）",""
"順行（参考）","レヴァンテシチー","2022104267","20260830","202607030406","中京06R","14","ダ1900","稍","16","前有利","結果分布からの仮判定（5着以内の最終コーナー位置・前1/3の頭数）","実通過順（netkeiba コーナー通過順位）","前（4 コーナー 5番手）","順行","3着内","3","6","20.7","松山","栗東 柴田","未取得","","","","","","","netkeiba 結果ページ一次取得（通過順・着順・人気・horse_id）",""
"順行（参考）","ゴッドエスパーダ","2022106186","20260830","202607030406","中京06R","16","ダ1900","稍","16","前有利","結果分布からの仮判定（5着以内の最終コーナー位置・前1/3の頭数）","実通過順（netkeiba コーナー通過順位）","前（4 コーナー 2番手）","順行","4〜5着","4","2","8.7","角田和","栗東 角田","未取得","","","","","","","netkeiba 結果ページ一次取得（通過順・着順・人気・horse_id）",""
"順行（参考）","ジーティーマイカ","2024107165","20260830","202607030407","中京07R","9","芝1400","良","9","差し有利（強）","結果分布からの仮判定（5着以内の最終コーナー位置・前1/3の頭数）","実通過順（netkeiba コーナー通過順位）","後（4 コーナー 7番手）","順行","3着内","1","1","1.7","松山","栗東 前川","未取得","","","","","","","netkeiba 結果ページ一次取得（通過順・着順・人気・horse_id）",""
"順行（参考）","シスキンブルーム","2024106603","20260830","202607030407","中京07R","4","芝1400","良","9","差し有利（強）","結果分布からの仮判定（5着以内の最終コーナー位置・前1/3の頭数）","実通過順（netkeiba コーナー通過順位）","中（4 コーナー 4番手）","順行","3着内","2","4","9.7","団野","栗東 斉藤崇","未取得","","","","","","","netkeiba 結果ページ一次取得（通過順・着順・人気・horse_id）",""
"順行（参考）","ビスケットサンド","2024106262","20260830","202607030407","中京07R","7","芝1400","良","9","差し有利（強）","結果分布からの仮判定（5着以内の最終コーナー位置・前1/3の頭数）","実通過順（netkeiba コーナー通過順位）","中（4 コーナー 6番手）","順行","3着内","3","2","4.0","北村友","栗東 佐藤悠","未取得","","","","","","","netkeiba 結果ページ一次取得（通過順・着順・人気・horse_id）",""
"順行（参考）","サンタンジェロ","2024106654","20260830","202607030407","中京07R","3","芝1400","良","9","差し有利（強）","結果分布からの仮判定（5着以内の最終コーナー位置・前1/3の頭数）","実通過順（netkeiba コーナー通過順位）","中（4 コーナー 5番手）","順行","4〜5着","5","3","5.4","西村淳","栗東 須貝","未取得","","","","","","","netkeiba 結果ページ一次取得（通過順・着順・人気・horse_id）",""
"順行（参考）","カフジエメンタール","2023103899","20260830","202607030408","中京08R","7","芝2200","良","15","前有利","結果分布からの仮判定（5着以内の最終コーナー位置・前1/3の頭数）","実通過順（netkeiba コーナー通過順位）","前（4 コーナー 2番手）","順行","3着内","1","3","6.2","坂井","栗東 矢作","未取得","","","","","","","netkeiba 結果ページ一次取得（通過順・着順・人気・horse_id）",""
"順行（参考）","ジェットブレード","2022103522","20260830","202607030408","中京08R","9","芝2200","良","15","前有利","結果分布からの仮判定（5着以内の最終コーナー位置・前1/3の頭数）","実通過順（netkeiba コーナー通過順位）","前（4 コーナー 1番手）","順行","4〜5着","4","14","200.4","田口","美浦 青木","未取得","","","","","","","netkeiba 結果ページ一次取得（通過順・着順・人気・horse_id）",""
"順行（参考）","スイートオレンジ","2022103494","20260830","202607030408","中京08R","12","芝2200","良","15","前有利","結果分布からの仮判定（5着以内の最終コーナー位置・前1/3の頭数）","実通過順（netkeiba コーナー通過順位）","前（4 コーナー 3番手）","順行","4〜5着","5","9","28.8","秋山稔","美浦 中川","未取得","","","","","","","netkeiba 結果ページ一次取得（通過順・着順・人気・horse_id）",""
"順行（参考）","アキノビューティー","2023100233","20260830","202607030409","中京09R","10","ダ1800","稍","15","前有利","結果分布からの仮判定（5着以内の最終コーナー位置・前1/3の頭数）","実通過順（netkeiba コーナー通過順位）","前（4 コーナー 2番手）","順行","3着内","1","1","2.8","鮫島良","栗東 河嶋","未取得","","","","","","","netkeiba 結果ページ一次取得（通過順・着順・人気・horse_id）",""
"順行（参考）","スマイルガーデン","2023107077","20260830","202607030409","中京09R","9","ダ1800","稍","15","前有利","結果分布からの仮判定（5着以内の最終コーナー位置・前1/3の頭数）","実通過順（netkeiba コーナー通過順位）","前（4 コーナー 3番手）","順行","3着内","3","10","32.8","西村淳","栗東 西村","未取得","","","","","","","netkeiba 結果ページ一次取得（通過順・着順・人気・horse_id）",""
"順行（参考）","タガノアルテミス","2023104329","20260830","202607030409","中京09R","6","ダ1800","稍","15","前有利","結果分布からの仮判定（5着以内の最終コーナー位置・前1/3の頭数）","実通過順（netkeiba コーナー通過順位）","前（4 コーナー 4番手）","順行","4〜5着","4","3","4.9","松山","栗東 西園翔","未取得","","","","","","","netkeiba 結果ページ一次取得（通過順・着順・人気・horse_id）",""
"順行（参考）","レッドヴァリアート","2022105290","20260830","202607030410","中京10R","6","芝2000","良","10","差し有利","結果分布からの仮判定（5着以内の最終コーナー位置・前1/3の頭数）","実通過順（netkeiba コーナー通過順位）","後（4 コーナー 9番手）","順行","3着内","1","4","6.0","西村淳","栗東 加藤公","未取得","","","","","","","netkeiba 結果ページ一次取得（通過順・着順・人気・horse_id）",""
"順行（参考）","ゼンノインヴォーク","2019100915","20260830","202607030410","中京10R","8","芝2000","良","10","差し有利","結果分布からの仮判定（5着以内の最終コーナー位置・前1/3の頭数）","実通過順（netkeiba コーナー通過順位）","中（4 コーナー 7番手）","順行","4〜5着","4","2","4.1","幸","栗東 緒方","未取得","","","","","","","netkeiba 結果ページ一次取得（通過順・着順・人気・horse_id）",""
"順行（参考）","ロードスタニング","2023105793","20260830","202607030410","中京10R","10","芝2000","良","10","差し有利","結果分布からの仮判定（5着以内の最終コーナー位置・前1/3の頭数）","実通過順（netkeiba コーナー通過順位）","中（4 コーナー 6番手）","順行","4〜5着","5","1","2.4","坂井","栗東 杉山晴","未取得","","","","","","","netkeiba 結果ページ一次取得（通過順・着順・人気・horse_id）",""
"順行（参考）","カルロット","2023105339","20260830","202607030411","中京11R","17","芝1400","良","18","差し有利（強）","結果分布からの仮判定（5着以内の最終コーナー位置・前1/3の頭数）","実通過順（netkeiba コーナー通過順位）","後（4 コーナー 14番手）","順行","3着内","1","3","6.2","坂井","栗東 武幸","未取得","","","","","","","netkeiba 結果ページ一次取得（通過順・着順・人気・horse_id）",""
"順行（参考）","パトローナス","2023106931","20260830","202607030411","中京11R","13","芝1400","良","18","差し有利（強）","結果分布からの仮判定（5着以内の最終コーナー位置・前1/3の頭数）","実通過順（netkeiba コーナー通過順位）","中（4 コーナー 11番手）","順行","3着内","2","4","7.1","吉村","栗東 高橋亮","未取得","","","","","","","netkeiba 結果ページ一次取得（通過順・着順・人気・horse_id）",""
"順行（参考）","ハピネスサンライズ","2023100910","20260830","202607030411","中京11R","7","芝1400","良","18","差し有利（強）","結果分布からの仮判定（5着以内の最終コーナー位置・前1/3の頭数）","実通過順（netkeiba コーナー通過順位）","中（4 コーナー 7番手）","順行","3着内","3","6","11.1","松山","栗東 東田","未取得","","","","","","","netkeiba 結果ページ一次取得（通過順・着順・人気・horse_id）",""
"順行（参考）","リントゥラウル","2023101735","20260830","202607030411","中京11R","11","芝1400","良","18","差し有利（強）","結果分布からの仮判定（5着以内の最終コーナー位置・前1/3の頭数）","実通過順（netkeiba コーナー通過順位）","中（4 コーナー 12番手）","順行","4〜5着","5","5","10.3","幸","栗東 秋山","未取得","","","","","","","netkeiba 結果ページ一次取得（通過順・着順・人気・horse_id）",""
"順行（参考）","ダノンステート","2023105024","20260830","202607030412","中京12R","6","ダ1200","稍","14","差し有利","結果分布からの仮判定（5着以内の最終コーナー位置・前1/3の頭数）","実通過順（netkeiba コーナー通過順位）","中（4 コーナー 6番手）","順行","3着内","1","6","19.8","角田和","栗東 千田","未取得","","","","","","","netkeiba 結果ページ一次取得（通過順・着順・人気・horse_id）",""
"順行（参考）","ヴォンドゥ","2023101810","20260830","202607030412","中京12R","1","ダ1200","稍","14","差し有利","結果分布からの仮判定（5着以内の最終コーナー位置・前1/3の頭数）","実通過順（netkeiba コーナー通過順位）","中（4 コーナー 8番手）","順行","3着内","3","5","14.6","▲森田","栗東 小栗","未取得","","","","","","","netkeiba 結果ページ一次取得（通過順・着順・人気・horse_id）",""
"順行（参考）","サヨノパララックス","2023105140","20260830","202607030412","中京12R","4","ダ1200","稍","14","差し有利","結果分布からの仮判定（5着以内の最終コーナー位置・前1/3の頭数）","実通過順（netkeiba コーナー通過順位）","中（4 コーナー 9番手）","順行","4〜5着","5","12","152.2","川須","栗東 羽月","未取得","","","","","","","netkeiba 結果ページ一次取得（通過順・着順・人気・horse_id）",""
"順行（参考）","ウラノグラフィア","2024106700","20260830","202604030402","新潟02R","3","ダ1800","良","12","前有利","結果分布からの仮判定（5着以内の最終コーナー位置・前1/3の頭数）","実通過順（netkeiba コーナー通過順位）","前（4 コーナー 3番手）","順行","3着内","1","1","2.5","岩田望","美浦 宮田","未取得","","","","","","","netkeiba 結果ページ一次取得（通過順・着順・人気・horse_id）",""
"順行（参考）","レッドマウロア","2024101427","20260830","202604030402","新潟02R","9","ダ1800","良","12","前有利","結果分布からの仮判定（5着以内の最終コーナー位置・前1/3の頭数）","実通過順（netkeiba コーナー通過順位）","前（4 コーナー 2番手）","順行","3着内","2","2","3.2","川田","美浦 加藤征","未取得","","","","","","","netkeiba 結果ページ一次取得（通過順・着順・人気・horse_id）",""
"順行（参考）","ウィザードシチー","2024102718","20260830","202604030402","新潟02R","8","ダ1800","良","12","前有利","結果分布からの仮判定（5着以内の最終コーナー位置・前1/3の頭数）","実通過順（netkeiba コーナー通過順位）","前（4 コーナー 1番手）","順行","4〜5着","5","12","80.0","亀田","栗東 北出","未取得","","","","","","","netkeiba 結果ページ一次取得（通過順・着順・人気・horse_id）",""
"順行（参考）","ニシノリリックス","2024103855","20260830","202604030403","新潟03R","2","芝2000","良","8","差し有利（強）","結果分布からの仮判定（5着以内の最終コーナー位置・前1/3の頭数）","実通過順（netkeiba コーナー通過順位）","後（4 コーナー 7番手）","順行","3着内","1","6","61.7","石橋脩","美浦 小野","未取得","","","","","","","netkeiba 結果ページ一次取得（通過順・着順・人気・horse_id）",""
"順行（参考）","ウイニングレイ","2024105882","20260830","202604030403","新潟03R","6","芝2000","良","8","差し有利（強）","結果分布からの仮判定（5着以内の最終コーナー位置・前1/3の頭数）","実通過順（netkeiba コーナー通過順位）","中（4 コーナー 3番手）","順行","3着内","3","4","4.5","岩田康","美浦 戸田","未取得","","","","","","","netkeiba 結果ページ一次取得（通過順・着順・人気・horse_id）",""
"順行（参考）","ハンデンブレイズ","2024105416","20260830","202604030403","新潟03R","7","芝2000","良","8","差し有利（強）","結果分布からの仮判定（5着以内の最終コーナー位置・前1/3の頭数）","実通過順（netkeiba コーナー通過順位）","中（4 コーナー 6番手）","順行","4〜5着","4","5","14.9","小崎","美浦 伊藤大","未取得","","","","","","","netkeiba 結果ページ一次取得（通過順・着順・人気・horse_id）",""
"順行（参考）","タイセイソアリング","2024104576","20260830","202604030403","新潟03R","4","芝2000","良","8","差し有利（強）","結果分布からの仮判定（5着以内の最終コーナー位置・前1/3の頭数）","実通過順（netkeiba コーナー通過順位）","中（4 コーナー 5番手）","順行","4〜5着","5","3","4.1","菊沢","美浦 池上","未取得","","","","","","","netkeiba 結果ページ一次取得（通過順・着順・人気・horse_id）",""
"順行（参考）","チェスティーノ","2024106452","20260830","202604030404","新潟04R","2","芝1800","良","11","前有利","結果分布からの仮判定（5着以内の最終コーナー位置・前1/3の頭数）","実通過順（netkeiba コーナー通過順位）","前（4 コーナー 3番手）","順行","3着内","1","1","1.7","ルメー","美浦 鹿戸","未取得","","","","","","","netkeiba 結果ページ一次取得（通過順・着順・人気・horse_id）",""
"順行（参考）","ダディーズレガリア","2024106809","20260830","202604030404","新潟04R","8","芝1800","良","11","前有利","結果分布からの仮判定（5着以内の最終コーナー位置・前1/3の頭数）","実通過順（netkeiba コーナー通過順位）","前（4 コーナー 1番手）","順行","4〜5着","4","4","8.0","岩田望","栗東 畑端","未取得","","","","","","","netkeiba 結果ページ一次取得（通過順・着順・人気・horse_id）",""
"順行（参考）","ライヴテキーラ","2024103814","20260830","202604030404","新潟04R","11","芝1800","良","11","前有利","結果分布からの仮判定（5着以内の最終コーナー位置・前1/3の頭数）","実通過順（netkeiba コーナー通過順位）","前（4 コーナー 2番手）","順行","4〜5着","5","9","95.1","杉原","美浦 牧","未取得","","","","","","","netkeiba 結果ページ一次取得（通過順・着順・人気・horse_id）",""
"順行（参考）","オンナキュヌヴィ","2023105688","20260830","202604030405","新潟05R","11","芝1400","良","18","差し有利","結果分布からの仮判定（5着以内の最終コーナー位置・前1/3の頭数）","実通過順（netkeiba コーナー通過順位）","後（4 コーナー 17番手）","順行","3着内","3","2","5.0","田辺","美浦 蛯名正","未取得","","","","","","","netkeiba 結果ページ一次取得（通過順・着順・人気・horse_id）",""
"順行（参考）","ミクロスギガース","2023102931","20260830","202604030405","新潟05R","18","芝1400","良","18","差し有利","結果分布からの仮判定（5着以内の最終コーナー位置・前1/3の頭数）","実通過順（netkeiba コーナー通過順位）","中（4 コーナー 11番手）","順行","4〜5着","4","8","27.5","杉原","美浦 西田","未取得","","","","","","","netkeiba 結果ページ一次取得（通過順・着順・人気・horse_id）",""
"順行（参考）","ペルウィクトール","2023106886","20260830","202604030405","新潟05R","16","芝1400","良","18","差し有利","結果分布からの仮判定（5着以内の最終コーナー位置・前1/3の頭数）","実通過順（netkeiba コーナー通過順位）","後（4 コーナー 13番手）","順行","4〜5着","5","1","2.5","岩田望","美浦 宮田","未取得","","","","","","","netkeiba 結果ページ一次取得（通過順・着順・人気・horse_id）",""
"順行（参考）","ビービーアジャイル","2023106494","20260830","202604030406","新潟06R","2","ダ1800","良","15","前有利（強）","結果分布からの仮判定（5着以内の最終コーナー位置・前1/3の頭数）","実通過順（netkeiba コーナー通過順位）","前（4 コーナー 5番手）","順行","3着内","1","1","1.9","ルメー","美浦 中舘","未取得","","","","","","","netkeiba 結果ページ一次取得（通過順・着順・人気・horse_id）",""
"順行（参考）","トゥーザムーン","2022102700","20260830","202604030406","新潟06R","7","ダ1800","良","15","前有利（強）","結果分布からの仮判定（5着以内の最終コーナー位置・前1/3の頭数）","実通過順（netkeiba コーナー通過順位）","前（4 コーナー 3番手）","順行","3着内","2","7","24.8","岩田康","美浦 辻","未取得","","","","","","","netkeiba 結果ページ一次取得（通過順・着順・人気・horse_id）",""
"順行（参考）","ヴァイヴァーイ","2023106711","20260830","202604030406","新潟06R","9","ダ1800","良","15","前有利（強）","結果分布からの仮判定（5着以内の最終コーナー位置・前1/3の頭数）","実通過順（netkeiba コーナー通過順位）","前（4 コーナー 1番手）","順行","3着内","3","6","15.1","小崎","栗東 小崎","未取得","","","","","","","netkeiba 結果ページ一次取得（通過順・着順・人気・horse_id）",""
"順行（参考）","クロドラバール","2021101733","20260830","202604030406","新潟06R","13","ダ1800","良","15","前有利（強）","結果分布からの仮判定（5着以内の最終コーナー位置・前1/3の頭数）","実通過順（netkeiba コーナー通過順位）","前（4 コーナー 2番手）","順行","4〜5着","4","13","180.5","池添","美浦 奥村武","未取得","","","","","","","netkeiba 結果ページ一次取得（通過順・着順・人気・horse_id）",""
"順行（参考）","シャドウメテオ","2022105454","20260830","202604030407","新潟07R","1","芝2200","良","12","前有利","結果分布からの仮判定（5着以内の最終コーナー位置・前1/3の頭数）","実通過順（netkeiba コーナー通過順位）","前（4 コーナー 3番手）","順行","3着内","1","5","9.0","三浦","美浦 金成","未取得","","","","","","","netkeiba 結果ページ一次取得（通過順・着順・人気・horse_id）",""
"順行（参考）","ウインデイジー","2021106194","20260830","202604030407","新潟07R","2","芝2200","良","12","前有利","結果分布からの仮判定（5着以内の最終コーナー位置・前1/3の頭数）","実通過順（netkeiba コーナー通過順位）","前（4 コーナー 1番手）","順行","3着内","2","7","32.3","岩田康","栗東 宮","未取得","","","","","","","netkeiba 結果ページ一次取得（通過順・着順・人気・horse_id）",""
"順行（参考）","ベンサレム","2021105352","20260830","202604030407","新潟07R","8","芝2200","良","12","前有利","結果分布からの仮判定（5着以内の最終コーナー位置・前1/3の頭数）","実通過順（netkeiba コーナー通過順位）","前（4 コーナー 2番手）","順行","4〜5着","5","6","14.9","岩田望","美浦 稲垣","未取得","","","","","","","netkeiba 結果ページ一次取得（通過順・着順・人気・horse_id）",""
"順行（参考）","ゾロアストロ","2023106850","20260830","202604030408","新潟08R","5","芝2000","稍","11","差し有利（強）","結果分布からの仮判定（5着以内の最終コーナー位置・前1/3の頭数）","実通過順（netkeiba コーナー通過順位）","中（4 コーナー 6番手）","順行","3着内","1","2","3.5","岩田望","美浦 宮田","未取得","","","","","","","netkeiba 結果ページ一次取得（通過順・着順・人気・horse_id）",""
"順行（参考）","ロデオドライブ","2023107166","20260830","202604030408","新潟08R","3","芝2000","稍","11","差し有利（強）","結果分布からの仮判定（5着以内の最終コーナー位置・前1/3の頭数）","実通過順（netkeiba コーナー通過順位）","中（4 コーナー 4番手）","順行","3着内","2","3","3.7","ルメー","美浦 辻","未取得","","","","","","","netkeiba 結果ページ一次取得（通過順・着順・人気・horse_id）",""
"順行（参考）","ダノンシーマ","2022104645","20260830","202604030408","新潟08R","8","芝2000","稍","11","差し有利（強）","結果分布からの仮判定（5着以内の最終コーナー位置・前1/3の頭数）","実通過順（netkeiba コーナー通過順位）","中（4 コーナー 5番手）","順行","3着内","3","1","3.2","川田","栗東 中内田","未取得","","","","","","","netkeiba 結果ページ一次取得（通過順・着順・人気・horse_id）",""
"順行（参考）","アーバンシック","2021105436","20260830","202604030408","新潟08R","9","芝2000","稍","11","差し有利（強）","結果分布からの仮判定（5着以内の最終コーナー位置・前1/3の頭数）","実通過順（netkeiba コーナー通過順位）","中（4 コーナー 8番手）","順行","4〜5着","5","7","18.4","三浦","美浦 武井","未取得","","","","","","","netkeiba 結果ページ一次取得（通過順・着順・人気・horse_id）",""
"順行（参考）","パワポケウォーズ","2023107440","20260830","202604030410","新潟10R","4","ダ1800","稍","15","差し有利","結果分布からの仮判定（5着以内の最終コーナー位置・前1/3の頭数）","実通過順（netkeiba コーナー通過順位）","中（4 コーナー 9番手）","順行","3着内","3","8","27.4","▲上里","美浦 大和田","未取得","","","","","","","netkeiba 結果ページ一次取得（通過順・着順・人気・horse_id）",""
"順行（参考）","カノープス","2023104855","20260830","202604030410","新潟10R","7","ダ1800","稍","15","差し有利","結果分布からの仮判定（5着以内の最終コーナー位置・前1/3の頭数）","実通過順（netkeiba コーナー通過順位）","中（4 コーナー 7番手）","順行","4〜5着","4","11","81.4","△石田","美浦 辻","未取得","","","","","","","netkeiba 結果ページ一次取得（通過順・着順・人気・horse_id）",""
"順行（参考）","カーボフリオ","2023103404","20260830","202604030410","新潟10R","1","ダ1800","稍","15","差し有利","結果分布からの仮判定（5着以内の最終コーナー位置・前1/3の頭数）","実通過順（netkeiba コーナー通過順位）","後（4 コーナー 11番手）","順行","4〜5着","5","4","11.8","ミシェ","美浦 高木","未取得","","","","","","","netkeiba 結果ページ一次取得（通過順・着順・人気・horse_id）",""
"順行（参考）","タッセルノット","2023107121","20260830","202604030411","新潟11R","10","芝1800","稍","13","差し有利（強）","結果分布からの仮判定（5着以内の最終コーナー位置・前1/3の頭数）","実通過順（netkeiba コーナー通過順位）","中（4 コーナー 7番手）","順行","3着内","1","1","2.3","戸崎圭","美浦 林","未取得","","","","","","","netkeiba 結果ページ一次取得（通過順・着順・人気・horse_id）",""
"順行（参考）","ダーリングハースト","2023107179","20260830","202604030411","新潟11R","8","芝1800","稍","13","差し有利（強）","結果分布からの仮判定（5着以内の最終コーナー位置・前1/3の頭数）","実通過順（netkeiba コーナー通過順位）","中（4 コーナー 9番手）","順行","3着内","2","2","3.2","岩田望","美浦 宮田","未取得","","","","","","","netkeiba 結果ページ一次取得（通過順・着順・人気・horse_id）",""
"順行（参考）","シェーンシュティア","2022104716","20260830","202604030411","新潟11R","11","芝1800","稍","13","差し有利（強）","結果分布からの仮判定（5着以内の最終コーナー位置・前1/3の頭数）","実通過順（netkeiba コーナー通過順位）","後（4 コーナー 11番手）","順行","3着内","3","3","7.1","杉原","美浦 林","未取得","","","","","","","netkeiba 結果ページ一次取得（通過順・着順・人気・horse_id）",""
"順行（参考）","シアブリス","2021105742","20260830","202604030411","新潟11R","2","芝1800","稍","13","差し有利（強）","結果分布からの仮判定（5着以内の最終コーナー位置・前1/3の頭数）","実通過順（netkeiba コーナー通過順位）","中（4 コーナー 8番手）","順行","4〜5着","4","4","10.3","三浦","美浦 手塚徳","未取得","","","","","","","netkeiba 結果ページ一次取得（通過順・着順・人気・horse_id）",""
"順行（参考）","ニシノコマチムスメ","2021107253","20260830","202604030411","新潟11R","6","芝1800","稍","13","差し有利（強）","結果分布からの仮判定（5着以内の最終コーナー位置・前1/3の頭数）","実通過順（netkeiba コーナー通過順位）","後（4 コーナー 10番手）","順行","4〜5着","5","8","34.2","菊沢","美浦 松山","未取得","","","","","","","netkeiba 結果ページ一次取得（通過順・着順・人気・horse_id）",""
"順行（参考）","ジャックナダル","2023100803","20260830","202604030412","新潟12R","6","ダ1200","稍","15","前有利（強）","結果分布からの仮判定（5着以内の最終コーナー位置・前1/3の頭数）","実通過順（netkeiba コーナー通過順位）","前（4 コーナー 3番手）","順行","3着内","1","1","2.5","川田","美浦 伊坂","未取得","","","","","","","netkeiba 結果ページ一次取得（通過順・着順・人気・horse_id）",""
"順行（参考）","サトノエスケープ","2023106932","20260830","202604030412","新潟12R","8","ダ1200","稍","15","前有利（強）","結果分布からの仮判定（5着以内の最終コーナー位置・前1/3の頭数）","実通過順（netkeiba コーナー通過順位）","前（4 コーナー 4番手）","順行","3着内","2","2","3.0","田辺","美浦 久保田","未取得","","","","","","","netkeiba 結果ページ一次取得（通過順・着順・人気・horse_id）",""
"順行（参考）","ラベンダーヘイズ","2023106162","20260830","202604030412","新潟12R","14","ダ1200","稍","15","前有利（強）","結果分布からの仮判定（5着以内の最終コーナー位置・前1/3の頭数）","実通過順（netkeiba コーナー通過順位）","前（4 コーナー 5番手）","順行","3着内","3","3","6.3","小崎","美浦 岩戸","未取得","","","","","","","netkeiba 結果ページ一次取得（通過順・着順・人気・horse_id）",""
"順行（参考）","ガルディーノ","2023105402","20260830","202604030412","新潟12R","1","ダ1200","稍","15","前有利（強）","結果分布からの仮判定（5着以内の最終コーナー位置・前1/3の頭数）","実通過順（netkeiba コーナー通過順位）","前（4 コーナー 1番手）","順行","4〜5着","4","5","14.1","△石田","美浦 新開","未取得","","","","","","","netkeiba 結果ページ一次取得（通過順・着順・人気・horse_id）",""
"順行（参考）","タガノシルフィー","2023104322","20260830","202601020401","札幌01R","1","ダ1700","稍","14","差し有利（強）","結果分布からの仮判定（5着以内の最終コーナー位置・前1/3の頭数）","実通過順（netkeiba コーナー通過順位）","中（4 コーナー 10番手）","順行","3着内","1","3","5.2","横山和","栗東 石橋","未取得","","","","","","","netkeiba 結果ページ一次取得（通過順・着順・人気・horse_id）",""
"順行（参考）","テンレッドサン","2023104101","20260830","202601020401","札幌01R","4","ダ1700","稍","14","差し有利（強）","結果分布からの仮判定（5着以内の最終コーナー位置・前1/3の頭数）","実通過順（netkeiba コーナー通過順位）","中（4 コーナー 6番手）","順行","3着内","2","6","12.7","横山武","栗東 西園翔","未取得","","","","","","","netkeiba 結果ページ一次取得（通過順・着順・人気・horse_id）",""
"順行（参考）","エリカビアリッツ","2023102608","20260830","202601020401","札幌01R","7","ダ1700","稍","14","差し有利（強）","結果分布からの仮判定（5着以内の最終コーナー位置・前1/3の頭数）","実通過順（netkeiba コーナー通過順位）","中（4 コーナー 8番手）","順行","3着内","3","2","3.8","鮫島駿","美浦 堀","未取得","","","","","","","netkeiba 結果ページ一次取得（通過順・着順・人気・horse_id）",""
"順行（参考）","サンセリテ","2023107068","20260830","202601020401","札幌01R","5","ダ1700","稍","14","差し有利（強）","結果分布からの仮判定（5着以内の最終コーナー位置・前1/3の頭数）","実通過順（netkeiba コーナー通過順位）","中（4 コーナー 9番手）","順行","4〜5着","4","9","27.5","武豊","美浦 鹿戸","未取得","","","","","","","netkeiba 結果ページ一次取得（通過順・着順・人気・horse_id）",""
"順行（参考）","ウォータースパウト","2023105555","20260830","202601020401","札幌01R","11","ダ1700","稍","14","差し有利（強）","結果分布からの仮判定（5着以内の最終コーナー位置・前1/3の頭数）","実通過順（netkeiba コーナー通過順位）","中（4 コーナー 7番手）","順行","4〜5着","5","4","10.2","吉田隼","美浦 小笠","未取得","","","","","","","netkeiba 結果ページ一次取得（通過順・着順・人気・horse_id）",""
"順行（参考）","ギャルズマインド","2024106450","20260830","202601020402","札幌02R","13","芝1200","良","14","前有利（強）","結果分布からの仮判定（5着以内の最終コーナー位置・前1/3の頭数）","実通過順（netkeiba コーナー通過順位）","前（4 コーナー 3番手）","順行","3着内","1","3","5.5","浜中","栗東 武幸","未取得","","","","","","","netkeiba 結果ページ一次取得（通過順・着順・人気・horse_id）",""
"順行（参考）","アルテクィーン","2024100255","20260830","202601020402","札幌02R","8","芝1200","良","14","前有利（強）","結果分布からの仮判定（5着以内の最終コーナー位置・前1/3の頭数）","実通過順（netkeiba コーナー通過順位）","前（4 コーナー 2番手）","順行","3着内","2","2","4.1","鮫島駿","栗東 杉山晴","未取得","","","","","","","netkeiba 結果ページ一次取得（通過順・着順・人気・horse_id）",""
"順行（参考）","ミハテヌユメ","2024104759","20260830","202601020402","札幌02R","5","芝1200","良","14","前有利（強）","結果分布からの仮判定（5着以内の最終コーナー位置・前1/3の頭数）","実通過順（netkeiba コーナー通過順位）","前（4 コーナー 1番手）","順行","3着内","3","5","28.6","▲小林美","栗東 前川","未取得","","","","","","","netkeiba 結果ページ一次取得（通過順・着順・人気・horse_id）","4角で単独先頭（2馬身以上）：楽逃げの可能性・人間確認"
"順行（参考）","キャンドル","2024101730","20260830","202601020402","札幌02R","6","芝1200","良","14","前有利（強）","結果分布からの仮判定（5着以内の最終コーナー位置・前1/3の頭数）","実通過順（netkeiba コーナー通過順位）","前（4 コーナー 4番手）","順行","4〜5着","5","10","89.4","横山琉","栗東 清水久","未取得","","","","","","","netkeiba 結果ページ一次取得（通過順・着順・人気・horse_id）",""
"順行（参考）","クリコイーコ","2023100786","20260830","202601020403","札幌03R","12","ダ1700","稍","14","差し有利（強）","結果分布からの仮判定（5着以内の最終コーナー位置・前1/3の頭数）","実通過順（netkeiba コーナー通過順位）","中（4 コーナー 6番手）","順行","3着内","2","11","78.0","吉田隼","栗東 荒川","未取得","","","","","","","netkeiba 結果ページ一次取得（通過順・着順・人気・horse_id）",""
"順行（参考）","サクセスブルー","2023106106","20260830","202601020403","札幌03R","2","ダ1700","稍","14","差し有利（強）","結果分布からの仮判定（5着以内の最終コーナー位置・前1/3の頭数）","実通過順（netkeiba コーナー通過順位）","中（4 コーナー 7番手）","順行","3着内","3","8","17.1","丹内","美浦 秋本","未取得","","","","","","","netkeiba 結果ページ一次取得（通過順・着順・人気・horse_id）",""
"順行（参考）","ヨドノサファイア","2023101825","20260830","202601020403","札幌03R","6","ダ1700","稍","14","差し有利（強）","結果分布からの仮判定（5着以内の最終コーナー位置・前1/3の頭数）","実通過順（netkeiba コーナー通過順位）","中（4 コーナー 5番手）","順行","4〜5着","4","9","22.2","石川倭","美浦 稲垣","未取得","","","","","","","netkeiba 結果ページ一次取得（通過順・着順・人気・horse_id）",""
"順行（参考）","ダンツアラーム","2023104027","20260830","202601020403","札幌03R","11","ダ1700","稍","14","差し有利（強）","結果分布からの仮判定（5着以内の最終コーナー位置・前1/3の頭数）","実通過順（netkeiba コーナー通過順位）","中（4 コーナー 9番手）","順行","4〜5着","5","12","81.8","黛","栗東 本田","未取得","","","","","","","netkeiba 結果ページ一次取得（通過順・着順・人気・horse_id）",""
"順行（参考）","デルマフジ","2023103481","20260830","202601020404","札幌04R","4","芝2000","良","16","差し有利（強）","結果分布からの仮判定（5着以内の最終コーナー位置・前1/3の頭数）","実通過順（netkeiba コーナー通過順位）","中（4 コーナー 11番手）","順行","3着内","1","1","3.8","浜中","栗東 武幸","未取得","","","","","","","netkeiba 結果ページ一次取得（通過順・着順・人気・horse_id）",""
"順行（参考）","インテンスゲイズ","2023106418","20260830","202601020404","札幌04R","14","芝2000","良","16","差し有利（強）","結果分布からの仮判定（5着以内の最終コーナー位置・前1/3の頭数）","実通過順（netkeiba コーナー通過順位）","中（4 コーナー 8番手）","順行","3着内","2","11","33.4","斎藤","美浦 矢嶋","未取得","","","","","","","netkeiba 結果ページ一次取得（通過順・着順・人気・horse_id）",""
"順行（参考）","ワダツミ","2023102669","20260830","202601020404","札幌04R","7","芝2000","良","16","差し有利（強）","結果分布からの仮判定（5着以内の最終コーナー位置・前1/3の頭数）","実通過順（netkeiba コーナー通過順位）","後（4 コーナー 16番手）","順行","4〜5着","4","6","16.0","▲小林美","栗東 笹田","未取得","","","","","","","netkeiba 結果ページ一次取得（通過順・着順・人気・horse_id）",""
"順行（参考）","アート","2023103867","20260830","202601020404","札幌04R","11","芝2000","良","16","差し有利（強）","結果分布からの仮判定（5着以内の最終コーナー位置・前1/3の頭数）","実通過順（netkeiba コーナー通過順位）","後（4 コーナー 14番手）","順行","4〜5着","5","8","26.3","鮫島駿","栗東 杉山晴","未取得","","","","","","","netkeiba 結果ページ一次取得（通過順・着順・人気・horse_id）",""
"順行（参考）","ヴァンクライ","2024106744","20260830","202601020405","札幌05R","3","芝1800","良","8","差し有利（強）","結果分布からの仮判定（5着以内の最終コーナー位置・前1/3の頭数）","実通過順（netkeiba コーナー通過順位）","中（4 コーナー 3番手）","順行","3着内","1","1","1.7","武豊","栗東 須貝","未取得","","","","","","","netkeiba 結果ページ一次取得（通過順・着順・人気・horse_id）",""
"順行（参考）","イルリサット","2024106115","20260830","202601020405","札幌05R","6","芝1800","良","8","差し有利（強）","結果分布からの仮判定（5着以内の最終コーナー位置・前1/3の頭数）","実通過順（netkeiba コーナー通過順位）","中（4 コーナー 4番手）","順行","3着内","2","2","2.6","横山武","美浦 菊沢","未取得","","","","","","","netkeiba 結果ページ一次取得（通過順・着順・人気・horse_id）",""
"順行（参考）","トーセンイルン","2024106838","20260830","202601020405","札幌05R","5","芝1800","良","8","差し有利（強）","結果分布からの仮判定（5着以内の最終コーナー位置・前1/3の頭数）","実通過順（netkeiba コーナー通過順位）","中（4 コーナー 5番手）","順行","3着内","3","5","18.7","☆長浜","美浦 小笠","未取得","","","","","","","netkeiba 結果ページ一次取得（通過順・着順・人気・horse_id）",""
"順行（参考）","コーズウルルン","2024102409","20260830","202601020405","札幌05R","4","芝1800","良","8","差し有利（強）","結果分布からの仮判定（5着以内の最終コーナー位置・前1/3の頭数）","実通過順（netkeiba コーナー通過順位）","後（4 コーナー 7番手）","順行","4〜5着","4","8","57.2","石川倭","美浦 伊藤圭","未取得","","","","","","","netkeiba 結果ページ一次取得（通過順・着順・人気・horse_id）",""
"順行（参考）","トワイライトローズ","2024103852","20260830","202601020405","札幌05R","8","芝1800","良","8","差し有利（強）","結果分布からの仮判定（5着以内の最終コーナー位置・前1/3の頭数）","実通過順（netkeiba コーナー通過順位）","中（4 コーナー 6番手）","順行","4〜5着","5","3","8.7","浜中","栗東 秋山","未取得","","","","","","","netkeiba 結果ページ一次取得（通過順・着順・人気・horse_id）",""
"順行（参考）","スリーケイ","2023100471","20260830","202601020406","札幌06R","11","ダ1700","稍","12","前有利（強）","結果分布からの仮判定（5着以内の最終コーナー位置・前1/3の頭数）","実通過順（netkeiba コーナー通過順位）","前（4 コーナー 2番手）","順行","3着内","1","3","6.1","斎藤","栗東 高橋一","未取得","","","","","","","netkeiba 結果ページ一次取得（通過順・着順・人気・horse_id）",""
"順行（参考）","ルージュボニート","2023106623","20260830","202601020406","札幌06R","12","ダ1700","稍","12","前有利（強）","結果分布からの仮判定（5着以内の最終コーナー位置・前1/3の頭数）","実通過順（netkeiba コーナー通過順位）","前（4 コーナー 1番手）","順行","3着内","2","1","2.1","横山武","美浦 高柳瑞","未取得","","","","","","","netkeiba 結果ページ一次取得（通過順・着順・人気・horse_id）",""
"順行（参考）","ヴェールミューズ","2023104766","20260830","202601020406","札幌06R","10","ダ1700","稍","12","前有利（強）","結果分布からの仮判定（5着以内の最終コーナー位置・前1/3の頭数）","実通過順（netkeiba コーナー通過順位）","前（4 コーナー 3番手）","順行","3着内","3","2","6.0","鮫島駿","栗東 浜田","未取得","","","","","","","netkeiba 結果ページ一次取得（通過順・着順・人気・horse_id）",""
"順行（参考）","ルージュリヴィエラ","2023105608","20260830","202601020406","札幌06R","2","ダ1700","稍","12","前有利（強）","結果分布からの仮判定（5着以内の最終コーナー位置・前1/3の頭数）","実通過順（netkeiba コーナー通過順位）","前（4 コーナー 4番手）","順行","4〜5着","4","6","11.3","▲佐藤","美浦 嘉藤","未取得","","","","","","","netkeiba 結果ページ一次取得（通過順・着順・人気・horse_id）",""
"順行（参考）","プルミエールパス","2021103451","20260830","202601020407","札幌07R","11","ダ1000","稍","12","前有利（強）","結果分布からの仮判定（5着以内の最終コーナー位置・前1/3の頭数）","実通過順（netkeiba コーナー通過順位）","前（4 コーナー 2番手）","順行","3着内","1","3","4.2","川又","栗東 河嶋","未取得","","","","","","","netkeiba 結果ページ一次取得（通過順・着順・人気・horse_id）",""
"順行（参考）","ワイドデコラシオン","2022103306","20260830","202601020407","札幌07R","8","ダ1000","稍","12","前有利（強）","結果分布からの仮判定（5着以内の最終コーナー位置・前1/3の頭数）","実通過順（netkeiba コーナー通過順位）","前（4 コーナー 3番手）","順行","3着内","3","1","2.5","横山武","栗東 辻野","未取得","","","","","","","netkeiba 結果ページ一次取得（通過順・着順・人気・horse_id）",""
"順行（参考）","スパークルジョイ","2021101891","20260830","202601020407","札幌07R","10","ダ1000","稍","12","前有利（強）","結果分布からの仮判定（5着以内の最終コーナー位置・前1/3の頭数）","実通過順（netkeiba コーナー通過順位）","前（4 コーナー 1番手）","順行","4〜5着","4","9","41.1","小沢","栗東 前川","未取得","","","","","","","netkeiba 結果ページ一次取得（通過順・着順・人気・horse_id）",""
"順行（参考）","ヨドノゴールド","2018103293","20260830","202601020407","札幌07R","3","ダ1000","稍","12","前有利（強）","結果分布からの仮判定（5着以内の最終コーナー位置・前1/3の頭数）","実通過順（netkeiba コーナー通過順位）","前（4 コーナー 4番手）","順行","4〜5着","5","2","4.0","石川倭","栗東 橋田","未取得","","","","","","","netkeiba 結果ページ一次取得（通過順・着順・人気・horse_id）",""
"順行（参考）","ネッタイヤライ","2023104690","20260830","202601020408","札幌08R","12","芝1500","良","14","前有利（強）","結果分布からの仮判定（5着以内の最終コーナー位置・前1/3の頭数）","実通過順（netkeiba コーナー通過順位）","前（4 コーナー 2番手）","順行","3着内","1","1","2.9","横山武","栗東 矢作","未取得","","","","","","","netkeiba 結果ページ一次取得（通過順・着順・人気・horse_id）",""
"順行（参考）","ルクスアドラー","2021101100","20260830","202601020408","札幌08R","14","芝1500","良","14","前有利（強）","結果分布からの仮判定（5着以内の最終コーナー位置・前1/3の頭数）","実通過順（netkeiba コーナー通過順位）","前（4 コーナー 3番手）","順行","3着内","2","3","4.8","横山典","美浦 平岩","未取得","","","","","","","netkeiba 結果ページ一次取得（通過順・着順・人気・horse_id）",""
"順行（参考）","ファンクション","2023103648","20260830","202601020408","札幌08R","6","芝1500","良","14","前有利（強）","結果分布からの仮判定（5着以内の最終コーナー位置・前1/3の頭数）","実通過順（netkeiba コーナー通過順位）","前（4 コーナー 1番手）","順行","3着内","3","2","3.4","斎藤","美浦 斎藤誠","未取得","","","","","","","netkeiba 結果ページ一次取得（通過順・着順・人気・horse_id）",""
"順行（参考）","メメボス","2023100718","20260830","202601020408","札幌08R","2","芝1500","良","14","前有利（強）","結果分布からの仮判定（5着以内の最終コーナー位置・前1/3の頭数）","実通過順（netkeiba コーナー通過順位）","前（4 コーナー 4番手）","順行","4〜5着","5","8","41.6","古川吉","栗東 飯田","未取得","","","","","","","netkeiba 結果ページ一次取得（通過順・着順・人気・horse_id）",""
"順行（参考）","サマーナイト","2022104729","20260830","202601020409","札幌09R","8","ダ1700","稍","11","前有利","結果分布からの仮判定（5着以内の最終コーナー位置・前1/3の頭数）","実通過順（netkeiba コーナー通過順位）","前（4 コーナー 3番手）","順行","3着内","1","3","4.5","★河原田","栗東 寺島","未取得","","","","","","","netkeiba 結果ページ一次取得（通過順・着順・人気・horse_id）",""
"順行（参考）","ブリオメンテ","2021100303","20260830","202601020409","札幌09R","10","ダ1700","稍","11","前有利","結果分布からの仮判定（5着以内の最終コーナー位置・前1/3の頭数）","実通過順（netkeiba コーナー通過順位）","前（4 コーナー 2番手）","順行","3着内","2","1","3.8","武豊","栗東 千田","未取得","","","","","","","netkeiba 結果ページ一次取得（通過順・着順・人気・horse_id）",""
"順行（参考）","チェイサー","2023104603","20260830","202601020409","札幌09R","9","ダ1700","稍","11","前有利","結果分布からの仮判定（5着以内の最終コーナー位置・前1/3の頭数）","実通過順（netkeiba コーナー通過順位）","前（4 コーナー 1番手）","順行","4〜5着","5","2","4.4","▲佐藤","美浦 相沢","未取得","","","","","","","netkeiba 結果ページ一次取得（通過順・着順・人気・horse_id）",""
"順行（参考）","サトノワーグナー","2023100925","20260830","202601020410","札幌10R","16","芝1200","良","16","前有利（強）","結果分布からの仮判定（5着以内の最終コーナー位置・前1/3の頭数）","実通過順（netkeiba コーナー通過順位）","前（4 コーナー 3番手）","順行","3着内","1","1","3.6","横山武","美浦 斎藤誠","未取得","","","","","","","netkeiba 結果ページ一次取得（通過順・着順・人気・horse_id）",""
"順行（参考）","ファビュラススター","2021103478","20260830","202601020410","札幌10R","11","芝1200","良","16","前有利（強）","結果分布からの仮判定（5着以内の最終コーナー位置・前1/3の頭数）","実通過順（netkeiba コーナー通過順位）","前（4 コーナー 1番手）","順行","3着内","2","10","22.2","丹内","栗東 新谷","未取得","","","","","","","netkeiba 結果ページ一次取得（通過順・着順・人気・horse_id）",""
"順行（参考）","ララバニュルス","2022101405","20260830","202601020410","札幌10R","10","芝1200","良","16","前有利（強）","結果分布からの仮判定（5着以内の最終コーナー位置・前1/3の頭数）","実通過順（netkeiba コーナー通過順位）","前（4 コーナー 5番手）","順行","4〜5着","4","4","8.4","藤懸","美浦 大竹","未取得","","","","","","","netkeiba 結果ページ一次取得（通過順・着順・人気・horse_id）",""
"順行（参考）","デンプシー","2023106190","20260830","202601020410","札幌10R","12","芝1200","良","16","前有利（強）","結果分布からの仮判定（5着以内の最終コーナー位置・前1/3の頭数）","実通過順（netkeiba コーナー通過順位）","前（4 コーナー 2番手）","順行","4〜5着","5","2","3.6","横山和","美浦 上原佑","未取得","","","","","","","netkeiba 結果ページ一次取得（通過順・着順・人気・horse_id）",""
"順行（参考）","モンドデラモーレ","2022105830","20260830","202601020411","札幌11R","13","芝1500","良","14","差し有利","結果分布からの仮判定（5着以内の最終コーナー位置・前1/3の頭数）","実通過順（netkeiba コーナー通過順位）","中（4 コーナー 6番手）","順行","3着内","2","1","4.1","大野","美浦 千葉","未取得","","","","","","","netkeiba 結果ページ一次取得（通過順・着順・人気・horse_id）",""
"順行（参考）","エフォートレス","2021100564","20260830","202601020411","札幌11R","4","芝1500","良","14","差し有利","結果分布からの仮判定（5着以内の最終コーナー位置・前1/3の頭数）","実通過順（netkeiba コーナー通過順位）","後（4 コーナー 11番手）","順行","3着内","3","5","8.5","横山和","美浦 嘉藤","未取得","","","","","","","netkeiba 結果ページ一次取得（通過順・着順・人気・horse_id）",""
"順行（参考）","ダノンミッション","2022105478","20260830","202601020411","札幌11R","9","芝1500","良","14","差し有利","結果分布からの仮判定（5着以内の最終コーナー位置・前1/3の頭数）","実通過順（netkeiba コーナー通過順位）","中（4 コーナー 8番手）","順行","4〜5着","5","4","6.7","石川倭","美浦 堀","未取得","","","","","","","netkeiba 結果ページ一次取得（通過順・着順・人気・horse_id）",""
"順行（参考）","タケルフォーカス","2023106077","20260830","202601020412","札幌12R","13","芝2600","良","14","前有利","結果分布からの仮判定（5着以内の最終コーナー位置・前1/3の頭数）","実通過順（netkeiba コーナー通過順位）","前（4 コーナー 2番手）","順行","3着内","1","6","11.1","古川吉","栗東 四位","未取得","","","","","","","netkeiba 結果ページ一次取得（通過順・着順・人気・horse_id）",""
"順行（参考）","ディーリライズ","2023100521","20260830","202601020412","札幌12R","5","芝2600","良","14","前有利","結果分布からの仮判定（5着以内の最終コーナー位置・前1/3の頭数）","実通過順（netkeiba コーナー通過順位）","前（4 コーナー 3番手）","順行","3着内","3","5","9.9","浜中","栗東 緒方","未取得","","","","","","","netkeiba 結果ページ一次取得（通過順・着順・人気・horse_id）",""
"順行（参考）","ミッドタウンナイト","2022105529","20260830","202601020412","札幌12R","6","芝2600","良","14","前有利","結果分布からの仮判定（5着以内の最終コーナー位置・前1/3の頭数）","実通過順（netkeiba コーナー通過順位）","前（4 コーナー 1番手）","順行","4〜5着","5","12","168.3","荻野琢","栗東 河嶋","未取得","","","","","","","netkeiba 結果ページ一次取得（通過順・着順・人気・horse_id）",""
"順行（参考）","ココナッツコースト","2023103366","20260905","202606040102","中山02R","8","芝1600","稍","16","差し有利","結果分布からの仮判定（5着以内の最終コーナー位置・前1/3の頭数）","実通過順（netkeiba コーナー通過順位）","中（4 コーナー 6番手）","順行","3着内","3","3","5.4","ルメー","美浦 木村","未取得","","","","","","","netkeiba 結果ページ一次取得（通過順・着順・人気・horse_id）",""
"順行（参考）","ダノンドナウ","2023106058","20260905","202606040102","中山02R","11","芝1600","稍","16","差し有利","結果分布からの仮判定（5着以内の最終コーナー位置・前1/3の頭数）","実通過順（netkeiba コーナー通過順位）","中（4 コーナー 8番手）","順行","4〜5着","4","4","8.7","菊沢","美浦 菊沢","未取得","","","","","","","netkeiba 結果ページ一次取得（通過順・着順・人気・horse_id）",""
"順行（参考）","フクオトコ","2023102564","20260905","202606040102","中山02R","3","芝1600","稍","16","差し有利","結果分布からの仮判定（5着以内の最終コーナー位置・前1/3の頭数）","実通過順（netkeiba コーナー通過順位）","中（4 コーナー 11番手）","順行","4〜5着","5","5","12.9","杉原","美浦 菊沢","未取得","","","","","","","netkeiba 結果ページ一次取得（通過順・着順・人気・horse_id）",""
"順行（参考）","ハイビスカス","2024107403","20260905","202606040103","中山03R","5","ダ1800","重","10","差し有利","結果分布からの仮判定（5着以内の最終コーナー位置・前1/3の頭数）","実通過順（netkeiba コーナー通過順位）","中（4 コーナー 5番手）","順行","3着内","2","3","6.8","大野","美浦 杉浦","未取得","","","","","","","netkeiba 結果ページ一次取得（通過順・着順・人気・horse_id）",""
"順行（参考）","サスケソルトバーン","2024102123","20260905","202606040103","中山03R","3","ダ1800","重","10","差し有利","結果分布からの仮判定（5着以内の最終コーナー位置・前1/3の頭数）","実通過順（netkeiba コーナー通過順位）","後（4 コーナー 10番手）","順行","4〜5着","4","9","70.6","▲佐藤","美浦 和田雄","未取得","","","","","","","netkeiba 結果ページ一次取得（通過順・着順・人気・horse_id）",""
"順行（参考）","ブロンクス","2024101068","20260905","202606040103","中山03R","1","ダ1800","重","10","差し有利","結果分布からの仮判定（5着以内の最終コーナー位置・前1/3の頭数）","実通過順（netkeiba コーナー通過順位）","後（4 コーナー 8番手）","順行","4〜5着","5","5","13.9","△石神道","美浦 武井","未取得","","","","","","","netkeiba 結果ページ一次取得（通過順・着順・人気・horse_id）",""
"順行（参考）","ソウカイウォーリア","2024104658","20260905","202606040104","中山04R","8","芝1800","稍","11","前有利","結果分布からの仮判定（5着以内の最終コーナー位置・前1/3の頭数）","実通過順（netkeiba コーナー通過順位）","前（4 コーナー 3番手）","順行","3着内","2","4","9.6","戸崎圭","美浦 尾関","未取得","","","","","","","netkeiba 結果ページ一次取得（通過順・着順・人気・horse_id）",""
"順行（参考）","コウサイリクリ","2024102469","20260905","202606040104","中山04R","5","芝1800","稍","11","前有利","結果分布からの仮判定（5着以内の最終コーナー位置・前1/3の頭数）","実通過順（netkeiba コーナー通過順位）","前（4 コーナー 1番手）","順行","3着内","3","3","7.5","柴田大","美浦 粕谷","未取得","","","","","","","netkeiba 結果ページ一次取得（通過順・着順・人気・horse_id）",""
"順行（参考）","グルドロッティン","2024106562","20260905","202606040104","中山04R","10","芝1800","稍","11","前有利","結果分布からの仮判定（5着以内の最終コーナー位置・前1/3の頭数）","実通過順（netkeiba コーナー通過順位）","前（4 コーナー 2番手）","順行","4〜5着","5","1","1.7","ルメー","美浦 矢嶋","未取得","","","","","","","netkeiba 結果ページ一次取得（通過順・着順・人気・horse_id）",""
"順行（参考）","ヴェトロテンペスタ","2024106354","20260905","202606040105","中山05R","6","芝2000","良","11","前有利","結果分布からの仮判定（5着以内の最終コーナー位置・前1/3の頭数）","実通過順（netkeiba コーナー通過順位）","前（4 コーナー 1番手）","順行","3着内","1","3","4.1","ルメー","美浦 田中博","未取得","","","","","","","netkeiba 結果ページ一次取得（通過順・着順・人気・horse_id）",""
"順行（参考）","グランエール","2024100023","20260905","202606040105","中山05R","2","芝2000","良","11","前有利","結果分布からの仮判定（5着以内の最終コーナー位置・前1/3の頭数）","実通過順（netkeiba コーナー通過順位）","前（4 コーナー 3番手）","順行","3着内","3","2","3.2","武豊","栗東 高柳大","未取得","","","","","","","netkeiba 結果ページ一次取得（通過順・着順・人気・horse_id）",""
"順行（参考）","カエンフォース","2024106848","20260905","202606040105","中山05R","10","芝2000","良","11","前有利","結果分布からの仮判定（5着以内の最終コーナー位置・前1/3の頭数）","実通過順（netkeiba コーナー通過順位）","前（4 コーナー 2番手）","順行","4〜5着","5","9","68.6","三浦","栗東 中村","未取得","","","","","","","netkeiba 結果ページ一次取得（通過順・着順・人気・horse_id）",""
"順行（参考）","ポッドビート","2024108315","20260905","202606040106","中山06R","10","ダ1200","重","14","前有利","結果分布からの仮判定（5着以内の最終コーナー位置・前1/3の頭数）","実通過順（netkeiba コーナー通過順位）","前（4 コーナー 1番手）","順行","3着内","1","1","1.8","武豊","美浦 伊藤圭","未取得","","","","","","","netkeiba 結果ページ一次取得（通過順・着順・人気・horse_id）","4角で単独先頭（2馬身以上）：楽逃げの可能性・人間確認"
"順行（参考）","アルビオンライズ","2024105970","20260905","202606040106","中山06R","1","ダ1200","重","14","前有利","結果分布からの仮判定（5着以内の最終コーナー位置・前1/3の頭数）","実通過順（netkeiba コーナー通過順位）","前（4 コーナー 2番手）","順行","3着内","2","3","5.5","ミシェ","美浦 和田郎","未取得","","","","","","","netkeiba 結果ページ一次取得（通過順・着順・人気・horse_id）",""
"順行（参考）","ルスデルカミーノ","2024100423","20260905","202606040106","中山06R","13","ダ1200","重","14","前有利","結果分布からの仮判定（5着以内の最終コーナー位置・前1/3の頭数）","実通過順（netkeiba コーナー通過順位）","前（4 コーナー 4番手）","順行","4〜5着","4","5","11.8","大野","美浦 杉浦","未取得","","","","","","","netkeiba 結果ページ一次取得（通過順・着順・人気・horse_id）",""
"順行（参考）","ホウオウファミリー","2023105322","20260905","202606040107","中山07R","15","ダ1800","重","16","前有利","結果分布からの仮判定（5着以内の最終コーナー位置・前1/3の頭数）","実通過順（netkeiba コーナー通過順位）","前（4 コーナー 1番手）","順行","3着内","2","1","2.9","戸崎圭","美浦 田中博","未取得","","","","","","","netkeiba 結果ページ一次取得（通過順・着順・人気・horse_id）",""
"順行（参考）","マイネルオランチア","2023106406","20260905","202606040107","中山07R","10","ダ1800","重","16","前有利","結果分布からの仮判定（5着以内の最終コーナー位置・前1/3の頭数）","実通過順（netkeiba コーナー通過順位）","前（4 コーナー 3番手）","順行","4〜5着","4","5","9.6","横山武","美浦 小手川","未取得","","","","","","","netkeiba 結果ページ一次取得（通過順・着順・人気・horse_id）",""
"順行（参考）","デルマザオウ","2023101367","20260905","202606040107","中山07R","3","ダ1800","重","16","前有利","結果分布からの仮判定（5着以内の最終コーナー位置・前1/3の頭数）","実通過順（netkeiba コーナー通過順位）","前（4 コーナー 5番手）","順行","4〜5着","5","6","10.9","小崎","美浦 松山","未取得","","","","","","","netkeiba 結果ページ一次取得（通過順・着順・人気・horse_id）",""
"順行（参考）","マサノピンクレディ","2023103006","20260905","202606040108","中山08R","1","ダ1200","重","16","前有利（強）","結果分布からの仮判定（5着以内の最終コーナー位置・前1/3の頭数）","実通過順（netkeiba コーナー通過順位）","前（4 コーナー 1番手）","順行","3着内","1","3","5.9","横山武","美浦 小笠","未取得","","","","","","","netkeiba 結果ページ一次取得（通過順・着順・人気・horse_id）",""
"順行（参考）","カンレイスター","2023105558","20260905","202606040108","中山08R","6","ダ1200","重","16","前有利（強）","結果分布からの仮判定（5着以内の最終コーナー位置・前1/3の頭数）","実通過順（netkeiba コーナー通過順位）","前（4 コーナー 3番手）","順行","3着内","2","1","3.6","◇今村","美浦 矢野","未取得","","","","","","","netkeiba 結果ページ一次取得（通過順・着順・人気・horse_id）",""
"順行（参考）","コウジハラ","2023101860","20260905","202606040108","中山08R","5","ダ1200","重","16","前有利（強）","結果分布からの仮判定（5着以内の最終コーナー位置・前1/3の頭数）","実通過順（netkeiba コーナー通過順位）","前（4 コーナー 2番手）","順行","3着内","3","8","16.6","ミシェ","美浦 西田","未取得","","","","","","","netkeiba 結果ページ一次取得（通過順・着順・人気・horse_id）",""
"順行（参考）","ローズブーケ","2023100453","20260905","202606040108","中山08R","2","ダ1200","重","16","前有利（強）","結果分布からの仮判定（5着以内の最終コーナー位置・前1/3の頭数）","実通過順（netkeiba コーナー通過順位）","前（4 コーナー 4番手）","順行","4〜5着","5","4","6.5","津村","美浦 鈴木伸","未取得","","","","","","","netkeiba 結果ページ一次取得（通過順・着順・人気・horse_id）",""
"順行（参考）","ショウナンダイン","2023102730","20260905","202606040109","中山09R","2","芝1800","良","15","差し有利","結果分布からの仮判定（5着以内の最終コーナー位置・前1/3の頭数）","実通過順（netkeiba コーナー通過順位）","中（4 コーナー 7番手）","順行","3着内","3","4","11.8","丸山","美浦 森一","未取得","","","","","","","netkeiba 結果ページ一次取得（通過順・着順・人気・horse_id）",""
"順行（参考）","ルンベーラ","2023102403","20260905","202606040109","中山09R","8","芝1800","良","15","差し有利","結果分布からの仮判定（5着以内の最終コーナー位置・前1/3の頭数）","実通過順（netkeiba コーナー通過順位）","中（4 コーナー 8番手）","順行","4〜5着","4","6","16.7","木幡巧","美浦 菊川","未取得","","","","","","","netkeiba 結果ページ一次取得（通過順・着順・人気・horse_id）",""
"順行（参考）","アレクレア","2022104851","20260905","202606040109","中山09R","3","芝1800","良","15","差し有利","結果分布からの仮判定（5着以内の最終コーナー位置・前1/3の頭数）","実通過順（netkeiba コーナー通過順位）","後（4 コーナー 15番手）","順行","4〜5着","5","8","38.8","大野","美浦 蛯名利","未取得","","","","","","","netkeiba 結果ページ一次取得（通過順・着順・人気・horse_id）",""
"順行（参考）","ドリーミングアップ","2021103303","20260905","202606040110","中山10R","8","芝1200","良","13","差し有利","結果分布からの仮判定（5着以内の最終コーナー位置・前1/3の頭数）","実通過順（netkeiba コーナー通過順位）","中（4 コーナー 9番手）","順行","3着内","3","2","5.6","横山武","美浦 高橋文","未取得","","","","","","","netkeiba 結果ページ一次取得（通過順・着順・人気・horse_id）",""
"順行（参考）","ヴィヴァクラウン","2021101595","20260905","202606040110","中山10R","13","芝1200","良","13","差し有利","結果分布からの仮判定（5着以内の最終コーナー位置・前1/3の頭数）","実通過順（netkeiba コーナー通過順位）","中（4 コーナー 7番手）","順行","4〜5着","4","10","88.6","大野","美浦 杉浦","未取得","","","","","","","netkeiba 結果ページ一次取得（通過順・着順・人気・horse_id）",""
"順行（参考）","トラスコンガーデン","2023100935","20260905","202606040110","中山10R","1","芝1200","良","13","差し有利","結果分布からの仮判定（5着以内の最終コーナー位置・前1/3の頭数）","実通過順（netkeiba コーナー通過順位）","中（4 コーナー 8番手）","順行","4〜5着","5","8","50.4","江田照","美浦 竹内","未取得","","","","","","","netkeiba 結果ページ一次取得（通過順・着順・人気・horse_id）",""
"順行（参考）","ピコローズ","2022101765","20260905","202606040111","中山11R","8","芝1600","良","16","差し有利","結果分布からの仮判定（5着以内の最終コーナー位置・前1/3の頭数）","実通過順（netkeiba コーナー通過順位）","中（4 コーナー 6番手）","順行","3着内","1","10","19.6","三浦","美浦 伊藤大","未取得","","","","","","","netkeiba 結果ページ一次取得（通過順・着順・人気・horse_id）",""
"順行（参考）","ファンダム","2022105836","20260905","202606040111","中山11R","6","芝1600","良","16","差し有利","結果分布からの仮判定（5着以内の最終コーナー位置・前1/3の頭数）","実通過順（netkeiba コーナー通過順位）","中（4 コーナー 11番手）","順行","4〜5着","4","4","7.2","戸崎圭","美浦 辻","未取得","","","","","","","netkeiba 結果ページ一次取得（通過順・着順・人気・horse_id）",""
"順行（参考）","サイルーン","2019104838","20260905","202606040111","中山11R","5","芝1600","良","16","差し有利","結果分布からの仮判定（5着以内の最終コーナー位置・前1/3の頭数）","実通過順（netkeiba コーナー通過順位）","中（4 コーナー 8番手）","順行","4〜5着","5","11","30.5","大野","美浦 堀","未取得","","","","","","","netkeiba 結果ページ一次取得（通過順・着順・人気・horse_id）",""
"順行（参考）","ショウナンタハティ","2022103911","20260905","202606040112","中山12R","12","ダ1200","重","13","差し有利","結果分布からの仮判定（5着以内の最終コーナー位置・前1/3の頭数）","実通過順（netkeiba コーナー通過順位）","中（4 コーナー 6番手）","順行","3着内","1","4","5.0","レーン","美浦 中舘","未取得","","","","","","","netkeiba 結果ページ一次取得（通過順・着順・人気・horse_id）",""
"順行（参考）","トモジャシーマ","2020106771","20260905","202606040112","中山12R","14","ダ1200","重","13","差し有利","結果分布からの仮判定（5着以内の最終コーナー位置・前1/3の頭数）","実通過順（netkeiba コーナー通過順位）","後（4 コーナー 10番手）","順行","3着内","3","3","4.7","津村","美浦 鈴木伸","未取得","","","","","","","netkeiba 結果ページ一次取得（通過順・着順・人気・horse_id）",""
"順行（参考）","プルシャプラ","2022100582","20260905","202606040112","中山12R","9","ダ1200","重","13","差し有利","結果分布からの仮判定（5着以内の最終コーナー位置・前1/3の頭数）","実通過順（netkeiba コーナー通過順位）","後（4 コーナー 11番手）","順行","4〜5着","5","10","74.2","杉原","美浦 池上","未取得","","","","","","","netkeiba 結果ページ一次取得（通過順・着順・人気・horse_id）",""
"順行（参考）","ロジアコース","2024106754","20260905","202601020501","札幌01R","11","ダ1700","重","12","前有利","結果分布からの仮判定（5着以内の最終コーナー位置・前1/3の頭数）","実通過順（netkeiba コーナー通過順位）","前（4 コーナー 2番手）","順行","3着内","1","2","11.2","浜中","美浦 加藤征","未取得","","","","","","","netkeiba 結果ページ一次取得（通過順・着順・人気・horse_id）",""
"順行（参考）","サトノフルーク","2024108279","20260905","202601020501","札幌01R","9","ダ1700","重","12","前有利","結果分布からの仮判定（5着以内の最終コーナー位置・前1/3の頭数）","実通過順（netkeiba コーナー通過順位）","前（4 コーナー 1番手）","順行","3着内","2","1","1.1","佐々木","美浦 堀","未取得","","","","","","","netkeiba 結果ページ一次取得（通過順・着順・人気・horse_id）","4角で単独先頭（2馬身以上）：楽逃げの可能性・人間確認"
"順行（参考）","シンゼンノト","2024102290","20260905","202601020501","札幌01R","2","ダ1700","重","12","前有利","結果分布からの仮判定（5着以内の最終コーナー位置・前1/3の頭数）","実通過順（netkeiba コーナー通過順位）","前（4 コーナー 3番手）","順行","4〜5着","4","3","14.3","▲遠藤","栗東 荒川","未取得","","","","","","","netkeiba 結果ページ一次取得（通過順・着順・人気・horse_id）",""
"順行（参考）","アルデシンザン","2024105809","20260905","202601020502","札幌02R","9","芝1200","稍","11","差し有利","結果分布からの仮判定（5着以内の最終コーナー位置・前1/3の頭数）","実通過順（netkeiba コーナー通過順位）","中（4 コーナー 4番手）","順行","3着内","2","2","4.1","丹内","美浦 矢野","未取得","","","","","","","netkeiba 結果ページ一次取得（通過順・着順・人気・horse_id）",""
"順行（参考）","サンシルヴァリー","2024103507","20260905","202601020502","札幌02R","5","芝1200","稍","11","差し有利","結果分布からの仮判定（5着以内の最終コーナー位置・前1/3の頭数）","実通過順（netkeiba コーナー通過順位）","中（4 コーナー 7番手）","順行","4〜5着","4","10","64.1","川又","栗東 西村","未取得","","","","","","","netkeiba 結果ページ一次取得（通過順・着順・人気・horse_id）",""
"順行（参考）","アワードリームス","2024106839","20260905","202601020502","札幌02R","7","芝1200","稍","11","差し有利","結果分布からの仮判定（5着以内の最終コーナー位置・前1/3の頭数）","実通過順（netkeiba コーナー通過順位）","中（4 コーナー 8番手）","順行","4〜5着","5","5","9.4","松本","栗東 中村","未取得","","","","","","","netkeiba 結果ページ一次取得（通過順・着順・人気・horse_id）",""
"順行（参考）","ペイシャクロス","2023102999","20260905","202601020503","札幌03R","2","ダ1000","重","12","前有利","結果分布からの仮判定（5着以内の最終コーナー位置・前1/3の頭数）","実通過順（netkeiba コーナー通過順位）","前（4 コーナー 2番手）","順行","3着内","1","9","75.3","☆長浜","美浦 粕谷","未取得","","","","","","","netkeiba 結果ページ一次取得（通過順・着順・人気・horse_id）",""
"順行（参考）","メイショウマドンナ","2023104999","20260905","202601020503","札幌03R","5","ダ1000","重","12","前有利","結果分布からの仮判定（5着以内の最終コーナー位置・前1/3の頭数）","実通過順（netkeiba コーナー通過順位）","前（4 コーナー 3番手）","順行","3着内","2","5","7.1","吉田隼","栗東 荒川","未取得","","","","","","","netkeiba 結果ページ一次取得（通過順・着順・人気・horse_id）",""
"順行（参考）","ナブッコ","2023104377","20260905","202601020503","札幌03R","9","ダ1000","重","12","前有利","結果分布からの仮判定（5着以内の最終コーナー位置・前1/3の頭数）","実通過順（netkeiba コーナー通過順位）","前（4 コーナー 4番手）","順行","3着内","3","2","3.7","★河原田","栗東 橋田","未取得","","","","","","","netkeiba 結果ページ一次取得（通過順・着順・人気・horse_id）",""
"順行（参考）","メイショウセンドウ","2023101756","20260905","202601020504","札幌04R","5","ダ1700","重","14","前有利","結果分布からの仮判定（5着以内の最終コーナー位置・前1/3の頭数）","実通過順（netkeiba コーナー通過順位）","前（4 コーナー 3番手）","順行","3着内","1","1","1.8","横山和","栗東 飯田","未取得","","","","","","","netkeiba 結果ページ一次取得（通過順・着順・人気・horse_id）",""
"順行（参考）","アズライトアスール","2023100785","20260905","202601020504","札幌04R","6","ダ1700","重","14","前有利","結果分布からの仮判定（5着以内の最終コーナー位置・前1/3の頭数）","実通過順（netkeiba コーナー通過順位）","前（4 コーナー 1番手）","順行","3着内","2","3","6.9","★河原田","栗東 鈴木孝","未取得","","","","","","","netkeiba 結果ページ一次取得（通過順・着順・人気・horse_id）",""
"順行（参考）","ディープマウンテン","2023103475","20260905","202601020504","札幌04R","14","ダ1700","重","14","前有利","結果分布からの仮判定（5着以内の最終コーナー位置・前1/3の頭数）","実通過順（netkeiba コーナー通過順位）","前（4 コーナー 4番手）","順行","4〜5着","4","12","74.8","吉田隼","美浦 深山","未取得","","","","","","","netkeiba 結果ページ一次取得（通過順・着順・人気・horse_id）",""
"順行（参考）","シュヴァルツペルレ","2024106514","20260905","202601020505","札幌05R","5","芝1500","稍","14","差し有利（強）","結果分布からの仮判定（5着以内の最終コーナー位置・前1/3の頭数）","実通過順（netkeiba コーナー通過順位）","中（4 コーナー 10番手）","順行","3着内","1","6","22.2","浜中","栗東 武幸","未取得","","","","","","","netkeiba 結果ページ一次取得（通過順・着順・人気・horse_id）",""
"順行（参考）","プレシャスタイム","2024106140","20260905","202601020505","札幌05R","7","芝1500","稍","14","差し有利（強）","結果分布からの仮判定（5着以内の最終コーナー位置・前1/3の頭数）","実通過順（netkeiba コーナー通過順位）","中（4 コーナー 7番手）","順行","3着内","2","3","6.3","佐々木","栗東 須貝","未取得","","","","","","","netkeiba 結果ページ一次取得（通過順・着順・人気・horse_id）",""
"順行（参考）","ローズファミリー","2024101760","20260905","202601020505","札幌05R","2","芝1500","稍","14","差し有利（強）","結果分布からの仮判定（5着以内の最終コーナー位置・前1/3の頭数）","実通過順（netkeiba コーナー通過順位）","中（4 コーナー 5番手）","順行","3着内","3","2","3.1","▲大久保","美浦 田中剛","未取得","","","","","","","netkeiba 結果ページ一次取得（通過順・着順・人気・horse_id）",""
"順行（参考）","グレーターマーク","2024104841","20260905","202601020505","札幌05R","1","芝1500","稍","14","差し有利（強）","結果分布からの仮判定（5着以内の最終コーナー位置・前1/3の頭数）","実通過順（netkeiba コーナー通過順位）","中（4 コーナー 8番手）","順行","4〜5着","4","4","10.7","◇小林美","栗東 小椋","未取得","","","","","","","netkeiba 結果ページ一次取得（通過順・着順・人気・horse_id）",""
"順行（参考）","マジックファイヤー","2023100771","20260905","202601020506","札幌06R","15","芝2000","稍","16","前有利（強）","結果分布からの仮判定（5着以内の最終コーナー位置・前1/3の頭数）","実通過順（netkeiba コーナー通過順位）","前（4 コーナー 4番手）","順行","3着内","1","9","17.8","斎藤","美浦 浅利","未取得","","","","","","","netkeiba 結果ページ一次取得（通過順・着順・人気・horse_id）",""
"順行（参考）","アルペングロー","2023106817","20260905","202601020506","札幌06R","16","芝2000","稍","16","前有利（強）","結果分布からの仮判定（5着以内の最終コーナー位置・前1/3の頭数）","実通過順（netkeiba コーナー通過順位）","前（4 コーナー 2番手）","順行","3着内","3","4","9.4","北村友","栗東 上村","未取得","","","","","","","netkeiba 結果ページ一次取得（通過順・着順・人気・horse_id）",""
"順行（参考）","アート","2023103867","20260905","202601020506","札幌06R","14","芝2000","稍","16","前有利（強）","結果分布からの仮判定（5着以内の最終コーナー位置・前1/3の頭数）","実通過順（netkeiba コーナー通過順位）","前（4 コーナー 3番手）","順行","4〜5着","4","12","26.3","鮫島駿","栗東 杉山晴","未取得","","","","","","","netkeiba 結果ページ一次取得（通過順・着順・人気・horse_id）",""
"順行（参考）","マンサニージャ","2023106411","20260905","202601020506","札幌06R","8","芝2000","稍","16","前有利（強）","結果分布からの仮判定（5着以内の最終コーナー位置・前1/3の頭数）","実通過順（netkeiba コーナー通過順位）","前（4 コーナー 1番手）","順行","4〜5着","5","1","3.0","丹内","美浦 菊川","未取得","","","","","","","netkeiba 結果ページ一次取得（通過順・着順・人気・horse_id）",""
"順行（参考）","ジェルブロア","2022106618","20260905","202601020507","札幌07R","6","芝1800","稍","12","差し有利","結果分布からの仮判定（5着以内の最終コーナー位置・前1/3の頭数）","実通過順（netkeiba コーナー通過順位）","中（4 コーナー 6番手）","順行","3着内","1","3","5.2","北村友","栗東 矢作","未取得","","","","","","","netkeiba 結果ページ一次取得（通過順・着順・人気・horse_id）",""
"順行（参考）","フリーヤ","2023105849","20260905","202601020507","札幌07R","4","芝1800","稍","12","差し有利","結果分布からの仮判定（5着以内の最終コーナー位置・前1/3の頭数）","実通過順（netkeiba コーナー通過順位）","中（4 コーナー 8番手）","順行","3着内","3","2","4.8","◇小林美","美浦 鈴木伸","未取得","","","","","","","netkeiba 結果ページ一次取得（通過順・着順・人気・horse_id）",""
"順行（参考）","カリーン","2022105532","20260905","202601020507","札幌07R","5","芝1800","稍","12","差し有利","結果分布からの仮判定（5着以内の最終コーナー位置・前1/3の頭数）","実通過順（netkeiba コーナー通過順位）","中（4 コーナー 5番手）","順行","4〜5着","4","8","26.5","☆長浜","美浦 蛯名正","未取得","","","","","","","netkeiba 結果ページ一次取得（通過順・着順・人気・horse_id）",""
"順行（参考）","メイショウコシュウ","2023105032","20260905","202601020508","札幌08R","1","ダ1700","稍","12","前有利（強）","結果分布からの仮判定（5着以内の最終コーナー位置・前1/3の頭数）","実通過順（netkeiba コーナー通過順位）","前（4 コーナー 4番手）","順行","3着内","1","6","15.8","浜中","栗東 松永幹","未取得","","","","","","","netkeiba 結果ページ一次取得（通過順・着順・人気・horse_id）",""
"順行（参考）","ベルアズーロ","2023103168","20260905","202601020508","札幌08R","7","ダ1700","稍","12","前有利（強）","結果分布からの仮判定（5着以内の最終コーナー位置・前1/3の頭数）","実通過順（netkeiba コーナー通過順位）","前（4 コーナー 1番手）","順行","3着内","2","1","2.3","◇小林美","栗東 西村","未取得","","","","","","","netkeiba 結果ページ一次取得（通過順・着順・人気・horse_id）",""
"順行（参考）","ミスティマウンテン","2022101684","20260905","202601020508","札幌08R","11","ダ1700","稍","12","前有利（強）","結果分布からの仮判定（5着以内の最終コーナー位置・前1/3の頭数）","実通過順（netkeiba コーナー通過順位）","前（4 コーナー 3番手）","順行","3着内","3","2","5.8","佐々木","美浦 池上","未取得","","","","","","","netkeiba 結果ページ一次取得（通過順・着順・人気・horse_id）",""
"順行（参考）","ピエナオルカ","2023100715","20260905","202601020508","札幌08R","10","ダ1700","稍","12","前有利（強）","結果分布からの仮判定（5着以内の最終コーナー位置・前1/3の頭数）","実通過順（netkeiba コーナー通過順位）","前（4 コーナー 2番手）","順行","4〜5着","4","3","6.0","古川吉","栗東 谷","未取得","","","","","","","netkeiba 結果ページ一次取得（通過順・着順・人気・horse_id）",""
"順行（参考）","ハルフロンティア","2022104724","20260905","202601020509","札幌09R","6","芝2000","稍","14","前有利（強）","結果分布からの仮判定（5着以内の最終コーナー位置・前1/3の頭数）","実通過順（netkeiba コーナー通過順位）","前（4 コーナー 1番手）","順行","3着内","1","2","5.4","鮫島駿","栗東 池添","未取得","","","","","","","netkeiba 結果ページ一次取得（通過順・着順・人気・horse_id）",""
"順行（参考）","カージオイド","2022104062","20260905","202601020509","札幌09R","2","芝2000","稍","14","前有利（強）","結果分布からの仮判定（5着以内の最終コーナー位置・前1/3の頭数）","実通過順（netkeiba コーナー通過順位）","前（4 コーナー 2番手）","順行","3着内","2","9","19.9","長浜","美浦 黒岩","未取得","","","","","","","netkeiba 結果ページ一次取得（通過順・着順・人気・horse_id）",""
"順行（参考）","マイネルシンベリン","2023100207","20260905","202601020509","札幌09R","9","芝2000","稍","14","前有利（強）","結果分布からの仮判定（5着以内の最終コーナー位置・前1/3の頭数）","実通過順（netkeiba コーナー通過順位）","前（4 コーナー 4番手）","順行","3着内","3","1","3.3","丹内","美浦 武市","未取得","","","","","","","netkeiba 結果ページ一次取得（通過順・着順・人気・horse_id）",""
"順行（参考）","ディヒターリーベ","2022105153","20260905","202601020509","札幌09R","3","芝2000","稍","14","前有利（強）","結果分布からの仮判定（5着以内の最終コーナー位置・前1/3の頭数）","実通過順（netkeiba コーナー通過順位）","前（4 コーナー 3番手）","順行","4〜5着","4","3","6.4","佐々木","美浦 高橋文","未取得","","","","","","","netkeiba 結果ページ一次取得（通過順・着順・人気・horse_id）",""
"順行（参考）","ララバニュルス","2022101405","20260905","202601020510","札幌10R","7","芝1200","稍","16","差し有利","結果分布からの仮判定（5着以内の最終コーナー位置・前1/3の頭数）","実通過順（netkeiba コーナー通過順位）","中（4 コーナー 11番手）","順行","3着内","2","5","12.1","藤懸","美浦 大竹","未取得","","","","","","","netkeiba 結果ページ一次取得（通過順・着順・人気・horse_id）",""
"順行（参考）","ビービーエフォート","2022102421","20260905","202601020510","札幌10R","11","芝1200","稍","16","差し有利","結果分布からの仮判定（5着以内の最終コーナー位置・前1/3の頭数）","実通過順（netkeiba コーナー通過順位）","中（4 コーナー 8番手）","順行","3着内","3","3","7.6","鮫島駿","美浦 高柳瑞","未取得","","","","","","","netkeiba 結果ページ一次取得（通過順・着順・人気・horse_id）",""
"順行（参考）","スイミーユニバンス","2020103632","20260905","202601020510","札幌10R","1","芝1200","稍","16","差し有利","結果分布からの仮判定（5着以内の最終コーナー位置・前1/3の頭数）","実通過順（netkeiba コーナー通過順位）","中（4 コーナー 9番手）","順行","4〜5着","5","9","36.3","浜中","栗東 平田","未取得","","","","","","","netkeiba 結果ページ一次取得（通過順・着順・人気・horse_id）",""
"順行（参考）","ショウナンガレオン","2024106438","20260905","202601020511","札幌11R","2","芝1800","稍","9","前有利","結果分布からの仮判定（5着以内の最終コーナー位置・前1/3の頭数）","実通過順（netkeiba コーナー通過順位）","前（4 コーナー 2番手）","順行","3着内","1","1","1.1","鮫島駿","美浦 加藤士","未取得","","","","","","","netkeiba 結果ページ一次取得（通過順・着順・人気・horse_id）",""
"順行（参考）","コスモハナミズキ","2024103590","20260905","202601020511","札幌11R","4","芝1800","稍","9","前有利","結果分布からの仮判定（5着以内の最終コーナー位置・前1/3の頭数）","実通過順（netkeiba コーナー通過順位）","前（4 コーナー 1番手）","順行","3着内","2","3","9.3","佐々木","美浦 菊川","未取得","","","","","","","netkeiba 結果ページ一次取得（通過順・着順・人気・horse_id）",""
"順行（参考）","ランダムナンバー","2024101984","20260905","202601020511","札幌11R","5","芝1800","稍","9","前有利","結果分布からの仮判定（5着以内の最終コーナー位置・前1/3の頭数）","実通過順（netkeiba コーナー通過順位）","前（4 コーナー 3番手）","順行","4〜5着","4","7","101.1","古川吉","栗東 橋田","未取得","","","","","","","netkeiba 結果ページ一次取得（通過順・着順・人気・horse_id）",""
"順行（参考）","ローゾフィア","2023104384","20260905","202601020512","札幌12R","9","ダ1700","稍","13","前有利","結果分布からの仮判定（5着以内の最終コーナー位置・前1/3の頭数）","実通過順（netkeiba コーナー通過順位）","前（4 コーナー 2番手）","順行","3着内","1","4","9.6","荻野琢","栗東 宮本","未取得","","","","","","","netkeiba 結果ページ一次取得（通過順・着順・人気・horse_id）",""
"順行（参考）","ララオウ","2023105981","20260905","202601020512","札幌12R","4","ダ1700","稍","13","前有利","結果分布からの仮判定（5着以内の最終コーナー位置・前1/3の頭数）","実通過順（netkeiba コーナー通過順位）","前（4 コーナー 1番手）","順行","3着内","2","6","15.0","◇小林美","栗東 須貝","未取得","","","","","","","netkeiba 結果ページ一次取得（通過順・着順・人気・horse_id）",""
"順行（参考）","ジーティーアリア","2023105358","20260905","202601020512","札幌12R","8","ダ1700","稍","13","前有利","結果分布からの仮判定（5着以内の最終コーナー位置・前1/3の頭数）","実通過順（netkeiba コーナー通過順位）","前（4 コーナー 4番手）","順行","3着内","3","3","5.0","北村友","栗東 田中克","未取得","","","","","","","netkeiba 結果ページ一次取得（通過順・着順・人気・horse_id）",""
"順行（参考）","リアルメッセージ","2024106077","20260905","202609040101","阪神01R","1","ダ1400","稍","11","差し有利","結果分布からの仮判定（5着以内の最終コーナー位置・前1/3の頭数）","実通過順（netkeiba コーナー通過順位）","中（4 コーナー 6番手）","順行","3着内","3","6","15.8","団野","栗東 小林","未取得","","","","","","","netkeiba 結果ページ一次取得（通過順・着順・人気・horse_id）",""
"順行（参考）","クリコキアナ","2024100009","20260905","202609040101","阪神01R","4","ダ1400","稍","11","差し有利","結果分布からの仮判定（5着以内の最終コーナー位置・前1/3の頭数）","実通過順（netkeiba コーナー通過順位）","中（4 コーナー 5番手）","順行","4〜5着","4","7","18.2","▲森田","栗東 谷","未取得","","","","","","","netkeiba 結果ページ一次取得（通過順・着順・人気・horse_id）",""
"順行（参考）","スクワミッシュ","2024106237","20260905","202609040101","阪神01R","8","ダ1400","稍","11","差し有利","結果分布からの仮判定（5着以内の最終コーナー位置・前1/3の頭数）","実通過順（netkeiba コーナー通過順位）","中（4 コーナー 8番手）","順行","4〜5着","5","2","3.1","坂井","栗東 梅田","未取得","","","","","","","netkeiba 結果ページ一次取得（通過順・着順・人気・horse_id）",""
"順行（参考）","ティフォシ","2024103816","20260905","202609040102","阪神02R","2","芝1800","稍","5","差し有利（強）","結果分布からの仮判定（5着以内の最終コーナー位置・前1/3の頭数）","実通過順（netkeiba コーナー通過順位）","中（4 コーナー 2番手）","順行","3着内","1","2","2.2","Ｍデム","栗東 宮地","未取得","","","","","","","netkeiba 結果ページ一次取得（通過順・着順・人気・horse_id）",""
"順行（参考）","ブックオブケルズ","2024106356","20260905","202609040102","阪神02R","4","芝1800","稍","5","差し有利（強）","結果分布からの仮判定（5着以内の最終コーナー位置・前1/3の頭数）","実通過順（netkeiba コーナー通過順位）","後（4 コーナー 5番手）","順行","3着内","2","1","2.2","西村淳","栗東 高野","未取得","","","","","","","netkeiba 結果ページ一次取得（通過順・着順・人気・horse_id）",""
"順行（参考）","ドミナント","2024106219","20260905","202609040102","阪神02R","5","芝1800","稍","5","差し有利（強）","結果分布からの仮判定（5着以内の最終コーナー位置・前1/3の頭数）","実通過順（netkeiba コーナー通過順位）","中（4 コーナー 4番手）","順行","4〜5着","4","3","4.1","坂井","栗東 福永","未取得","","","","","","","netkeiba 結果ページ一次取得（通過順・着順・人気・horse_id）",""
"順行（参考）","コパノマハロ","2024102103","20260905","202609040102","阪神02R","1","芝1800","稍","5","差し有利（強）","結果分布からの仮判定（5着以内の最終コーナー位置・前1/3の頭数）","実通過順（netkeiba コーナー通過順位）","中（4 コーナー 3番手）","順行","4〜5着","5","5","34.4","秋山稔","栗東 宮","未取得","","","","","","","netkeiba 結果ページ一次取得（通過順・着順・人気・horse_id）",""
"順行（参考）","ラミエルノムスコ","2023103248","20260905","202609040103","阪神03R","9","ダ1800","稍","13","差し有利","結果分布からの仮判定（5着以内の最終コーナー位置・前1/3の頭数）","実通過順（netkeiba コーナー通過順位）","中（4 コーナー 5番手）","順行","3着内","3","1","2.4","吉村","栗東 千田","未取得","","","","","","","netkeiba 結果ページ一次取得（通過順・着順・人気・horse_id）",""
"順行（参考）","カワキタベレッタ","2023104048","20260905","202609040103","阪神03R","2","ダ1800","稍","13","差し有利","結果分布からの仮判定（5着以内の最終コーナー位置・前1/3の頭数）","実通過順（netkeiba コーナー通過順位）","中（4 コーナー 7番手）","順行","4〜5着","4","10","76.5","中井","栗東 角田","未取得","","","","","","","netkeiba 結果ページ一次取得（通過順・着順・人気・horse_id）",""
"順行（参考）","ロードファイター","2023100430","20260905","202609040103","阪神03R","13","ダ1800","稍","13","差し有利","結果分布からの仮判定（5着以内の最終コーナー位置・前1/3の頭数）","実通過順（netkeiba コーナー通過順位）","中（4 コーナー 6番手）","順行","4〜5着","5","8","30.0","松若","栗東 東田","未取得","","","","","","","netkeiba 結果ページ一次取得（通過順・着順・人気・horse_id）",""
"順行（参考）","ペアピーターソン","2023106404","20260905","202609040104","阪神04R","17","芝1600","稍","17","差し有利（強）","結果分布からの仮判定（5着以内の最終コーナー位置・前1/3の頭数）","実通過順（netkeiba コーナー通過順位）","後（4 コーナー 17番手）","順行","3着内","1","7","20.5","松若","栗東 梅田","未取得","","","","","","","netkeiba 結果ページ一次取得（通過順・着順・人気・horse_id）",""
"順行（参考）","ビッグヒーロー","2023106188","20260905","202609040104","阪神04R","2","芝1600","稍","17","差し有利（強）","結果分布からの仮判定（5着以内の最終コーナー位置・前1/3の頭数）","実通過順（netkeiba コーナー通過順位）","中（4 コーナー 11番手）","順行","3着内","3","1","1.8","川田","栗東 福永","未取得","","","","","","","netkeiba 結果ページ一次取得（通過順・着順・人気・horse_id）",""
"順行（参考）","ウイングサンライズ","2023100918","20260905","202609040104","阪神04R","1","芝1600","稍","17","差し有利（強）","結果分布からの仮判定（5着以内の最終コーナー位置・前1/3の頭数）","実通過順（netkeiba コーナー通過順位）","中（4 コーナー 7番手）","順行","4〜5着","4","8","27.5","岩田望","栗東 矢作","未取得","","","","","","","netkeiba 結果ページ一次取得（通過順・着順・人気・horse_id）",""
"順行（参考）","メイショウプレマ","2023101585","20260905","202609040104","阪神04R","6","芝1600","稍","17","差し有利（強）","結果分布からの仮判定（5着以内の最終コーナー位置・前1/3の頭数）","実通過順（netkeiba コーナー通過順位）","中（4 コーナー 12番手）","順行","4〜5着","5","3","9.7","太宰","栗東 石橋","未取得","","","","","","","netkeiba 結果ページ一次取得（通過順・着順・人気・horse_id）",""
"順行（参考）","スマートエール","2024100590","20260905","202609040105","阪神05R","3","芝1400","良","12","前有利","結果分布からの仮判定（5着以内の最終コーナー位置・前1/3の頭数）","実通過順（netkeiba コーナー通過順位）","前（4 コーナー 1番手）","順行","3着内","2","6","16.6","高倉","栗東 渡辺","未取得","","","","","","","netkeiba 結果ページ一次取得（通過順・着順・人気・horse_id）",""
"順行（参考）","ブロッサムスピア","2024107052","20260905","202609040105","阪神05R","2","芝1400","良","12","前有利","結果分布からの仮判定（5着以内の最終コーナー位置・前1/3の頭数）","実通過順（netkeiba コーナー通過順位）","前（4 コーナー 4番手）","順行","3着内","3","1","2.3","Ｍデム","栗東 藤岡健","未取得","","","","","","","netkeiba 結果ページ一次取得（通過順・着順・人気・horse_id）",""
"順行（参考）","ベルメグスタ","2024102020","20260905","202609040105","阪神05R","9","芝1400","良","12","前有利","結果分布からの仮判定（5着以内の最終コーナー位置・前1/3の頭数）","実通過順（netkeiba コーナー通過順位）","前（4 コーナー 2番手）","順行","4〜5着","5","11","115.2","幸","栗東 森田","未取得","","","","","","","netkeiba 結果ページ一次取得（通過順・着順・人気・horse_id）",""
"順行（参考）","デザートキャンドル","2024108215","20260905","202609040106","阪神06R","1","ダ1400","稍","13","前有利","結果分布からの仮判定（5着以内の最終コーナー位置・前1/3の頭数）","実通過順（netkeiba コーナー通過順位）","前（4 コーナー 4番手）","順行","3着内","1","9","39.4","吉村","栗東 長谷川","未取得","","","","","","","netkeiba 結果ページ一次取得（通過順・着順・人気・horse_id）",""
"順行（参考）","スカイメテオ","2024100937","20260905","202609040106","阪神06R","2","ダ1400","稍","13","前有利","結果分布からの仮判定（5着以内の最終コーナー位置・前1/3の頭数）","実通過順（netkeiba コーナー通過順位）","前（4 コーナー 1番手）","順行","3着内","2","6","15.5","菱田","栗東 小椋","未取得","","","","","","","netkeiba 結果ページ一次取得（通過順・着順・人気・horse_id）",""
"順行（参考）","ツトム","2024105013","20260905","202609040106","阪神06R","9","ダ1400","稍","13","前有利","結果分布からの仮判定（5着以内の最終コーナー位置・前1/3の頭数）","実通過順（netkeiba コーナー通過順位）","前（4 コーナー 2番手）","順行","4〜5着","4","5","13.6","松若","栗東 浜田","未取得","","","","","","","netkeiba 結果ページ一次取得（通過順・着順・人気・horse_id）",""
"順行（参考）","マーゴットミスト","2023101632","20260905","202609040107","阪神07R","14","芝1200","良","16","前有利（強）","結果分布からの仮判定（5着以内の最終コーナー位置・前1/3の頭数）","実通過順（netkeiba コーナー通過順位）","前（4 コーナー 1番手）","順行","3着内","1","4","8.1","田口","栗東 杉山佳","未取得","","","","","","","netkeiba 結果ページ一次取得（通過順・着順・人気・horse_id）",""
"順行（参考）","フロムレイブン","2023103836","20260905","202609040107","阪神07R","16","芝1200","良","16","前有利（強）","結果分布からの仮判定（5着以内の最終コーナー位置・前1/3の頭数）","実通過順（netkeiba コーナー通過順位）","前（4 コーナー 2番手）","順行","3着内","2","1","3.0","岩田望","栗東 坂口","未取得","","","","","","","netkeiba 結果ページ一次取得（通過順・着順・人気・horse_id）",""
"順行（参考）","ムーンリットアイル","2023107269","20260905","202609040107","阪神07R","4","芝1200","良","16","前有利（強）","結果分布からの仮判定（5着以内の最終コーナー位置・前1/3の頭数）","実通過順（netkeiba コーナー通過順位）","前（4 コーナー 3番手）","順行","3着内","3","2","5.1","西村淳","栗東 武英","未取得","","","","","","","netkeiba 結果ページ一次取得（通過順・着順・人気・horse_id）",""
"順行（参考）","ベルファスト","2021101414","20260905","202609040107","阪神07R","7","芝1200","良","16","前有利（強）","結果分布からの仮判定（5着以内の最終コーナー位置・前1/3の頭数）","実通過順（netkeiba コーナー通過順位）","前（4 コーナー 5番手）","順行","4〜5着","4","3","6.2","松若","栗東 今野","未取得","","","","","","","netkeiba 結果ページ一次取得（通過順・着順・人気・horse_id）",""
"順行（参考）","ダンツウルス","2023102901","20260905","202609040108","阪神08R","4","芝2000","良","9","前有利","結果分布からの仮判定（5着以内の最終コーナー位置・前1/3の頭数）","実通過順（netkeiba コーナー通過順位）","前（4 コーナー 3番手）","順行","3着内","2","2","4.3","田口","栗東 谷","未取得","","","","","","","netkeiba 結果ページ一次取得（通過順・着順・人気・horse_id）",""
"順行（参考）","アグレイビューティ","2023103676","20260905","202609040108","阪神08R","9","芝2000","良","9","前有利","結果分布からの仮判定（5着以内の最終コーナー位置・前1/3の頭数）","実通過順（netkeiba コーナー通過順位）","前（4 コーナー 2番手）","順行","3着内","3","5","7.7","富田","栗東 上村","未取得","","","","","","","netkeiba 結果ページ一次取得（通過順・着順・人気・horse_id）",""
"順行（参考）","サンダーバード","2023105292","20260905","202609040108","阪神08R","3","芝2000","良","9","前有利","結果分布からの仮判定（5着以内の最終コーナー位置・前1/3の頭数）","実通過順（netkeiba コーナー通過順位）","前（4 コーナー 1番手）","順行","4〜5着","5","3","5.7","岩田望","栗東 武幸","未取得","","","","","","","netkeiba 結果ページ一次取得（通過順・着順・人気・horse_id）",""
"順行（参考）","ジャイアンバローズ","2023100922","20260905","202609040109","阪神09R","2","ダ1800","稍","11","差し有利（強）","結果分布からの仮判定（5着以内の最終コーナー位置・前1/3の頭数）","実通過順（netkeiba コーナー通過順位）","中（4 コーナー 6番手）","順行","3着内","1","2","4.3","岩田望","栗東 池江","未取得","","","","","","","netkeiba 結果ページ一次取得（通過順・着順・人気・horse_id）",""
"順行（参考）","クロノスバレット","2022110123","20260905","202609040109","阪神09R","8","ダ1800","稍","11","差し有利（強）","結果分布からの仮判定（5着以内の最終コーナー位置・前1/3の頭数）","実通過順（netkeiba コーナー通過順位）","後（4 コーナー 11番手）","順行","3着内","2","3","8.0","松山","栗東 吉村","未取得","","","","","","","netkeiba 結果ページ一次取得（通過順・着順・人気・horse_id）",""
"順行（参考）","システマソラー","2023102120","20260905","202609040109","阪神09R","6","ダ1800","稍","11","差し有利（強）","結果分布からの仮判定（5着以内の最終コーナー位置・前1/3の頭数）","実通過順（netkeiba コーナー通過順位）","中（4 コーナー 7番手）","順行","3着内","3","1","1.7","川田","栗東 橋田","未取得","","","","","","","netkeiba 結果ページ一次取得（通過順・着順・人気・horse_id）",""
"順行（参考）","ショーダンサー","2022105885","20260905","202609040109","阪神09R","7","ダ1800","稍","11","差し有利（強）","結果分布からの仮判定（5着以内の最終コーナー位置・前1/3の頭数）","実通過順（netkeiba コーナー通過順位）","中（4 コーナー 8番手）","順行","4〜5着","4","6","15.4","国分優","栗東 大根田","未取得","","","","","","","netkeiba 結果ページ一次取得（通過順・着順・人気・horse_id）",""
"順行（参考）","シュヴァルツリーベ","2020106101","20260905","202609040109","阪神09R","10","ダ1800","稍","11","差し有利（強）","結果分布からの仮判定（5着以内の最終コーナー位置・前1/3の頭数）","実通過順（netkeiba コーナー通過順位）","後（4 コーナー 9番手）","順行","4〜5着","5","8","34.7","田山","栗東 羽月","未取得","","","","","","","netkeiba 結果ページ一次取得（通過順・着順・人気・horse_id）",""
"順行（参考）","サウンドムーブ","2023101449","20260905","202609040110","阪神10R","7","芝1800","良","7","差し有利","結果分布からの仮判定（5着以内の最終コーナー位置・前1/3の頭数）","実通過順（netkeiba コーナー通過順位）","中（4 コーナー 5番手）","順行","3着内","3","1","1.2","川田","栗東 斉藤崇","未取得","","","","","","","netkeiba 結果ページ一次取得（通過順・着順・人気・horse_id）",""
"順行（参考）","テーオーダグラス","2021102246","20260905","202609040110","阪神10R","4","芝1800","良","7","差し有利","結果分布からの仮判定（5着以内の最終コーナー位置・前1/3の頭数）","実通過順（netkeiba コーナー通過順位）","後（4 コーナー 6番手）","順行","4〜5着","4","5","14.7","横山典","栗東 須貝","未取得","","","","","","","netkeiba 結果ページ一次取得（通過順・着順・人気・horse_id）",""
"順行（参考）","シンゼンカガ","2022105345","20260905","202609040110","阪神10R","5","芝1800","良","7","差し有利","結果分布からの仮判定（5着以内の最終コーナー位置・前1/3の頭数）","実通過順（netkeiba コーナー通過順位）","中（4 コーナー 3番手）","順行","4〜5着","5","6","15.8","団野","栗東 荒川","未取得","","","","","","","netkeiba 結果ページ一次取得（通過順・着順・人気・horse_id）",""
"順行（参考）","ゴッドブルービー","2020106063","20260905","202609040111","阪神11R","4","ダ1400","稍","12","差し有利","結果分布からの仮判定（5着以内の最終コーナー位置・前1/3の頭数）","実通過順（netkeiba コーナー通過順位）","中（4 コーナー 8番手）","順行","3着内","1","5","7.0","松山","栗東 角田","未取得","","","","","","","netkeiba 結果ページ一次取得（通過順・着順・人気・horse_id）",""
"順行（参考）","ノーブルロジャー","2021110148","20260905","202609040111","阪神11R","2","ダ1400","稍","12","差し有利","結果分布からの仮判定（5着以内の最終コーナー位置・前1/3の頭数）","実通過順（netkeiba コーナー通過順位）","中（4 コーナー 7番手）","順行","3着内","2","4","6.8","岩田望","栗東 吉岡","未取得","","","","","","","netkeiba 結果ページ一次取得（通過順・着順・人気・horse_id）",""
"順行（参考）","グランキングオー","2022100664","20260905","202609040111","阪神11R","7","ダ1400","稍","12","差し有利","結果分布からの仮判定（5着以内の最終コーナー位置・前1/3の頭数）","実通過順（netkeiba コーナー通過順位）","中（4 コーナー 5番手）","順行","4〜5着","5","7","11.7","幸","栗東 高橋康","未取得","","","","","","","netkeiba 結果ページ一次取得（通過順・着順・人気・horse_id）",""
"順行（参考）","エンヴェロップ","2023105792","20260905","202609040112","阪神12R","11","ダ1400","稍","12","前有利","結果分布からの仮判定（5着以内の最終コーナー位置・前1/3の頭数）","実通過順（netkeiba コーナー通過順位）","前（4 コーナー 2番手）","順行","3着内","1","8","28.1","松若","栗東 佐藤悠","未取得","","","","","","","netkeiba 結果ページ一次取得（通過順・着順・人気・horse_id）",""
"順行（参考）","エイシンティザー","2023105516","20260905","202609040112","阪神12R","12","ダ1400","稍","12","前有利","結果分布からの仮判定（5着以内の最終コーナー位置・前1/3の頭数）","実通過順（netkeiba コーナー通過順位）","前（4 コーナー 3番手）","順行","3着内","2","2","3.0","岩田望","栗東 吉村","未取得","","","","","","","netkeiba 結果ページ一次取得（通過順・着順・人気・horse_id）",""
"順行（参考）","アーリントンロウ","2022105921","20260905","202609040112","阪神12R","10","ダ1400","稍","12","前有利","結果分布からの仮判定（5着以内の最終コーナー位置・前1/3の頭数）","実通過順（netkeiba コーナー通過順位）","前（4 コーナー 1番手）","順行","4〜5着","4","4","8.6","西村淳","栗東 松下","未取得","","","","","","","netkeiba 結果ページ一次取得（通過順・着順・人気・horse_id）",""
"順行（参考）","セイウンリリーナ","2024103842","20260906","202606040202","中山02R","8","芝1200","稍","14","前有利（強）","結果分布からの仮判定（5着以内の最終コーナー位置・前1/3の頭数）","実通過順（netkeiba コーナー通過順位）","前（4 コーナー 1番手）","順行","3着内","1","7","20.4","武藤","美浦 水野","未取得","","","","","","","netkeiba 結果ページ一次取得（通過順・着順・人気・horse_id）",""
"順行（参考）","アルデラッシュ","2024106007","20260906","202606040202","中山02R","1","芝1200","稍","14","前有利（強）","結果分布からの仮判定（5着以内の最終コーナー位置・前1/3の頭数）","実通過順（netkeiba コーナー通過順位）","前（4 コーナー 4番手）","順行","3着内","2","1","2.1","丸山","美浦 田中剛","未取得","","","","","","","netkeiba 結果ページ一次取得（通過順・着順・人気・horse_id）",""
"順行（参考）","フォーエバーブルー","2024104566","20260906","202606040202","中山02R","9","芝1200","稍","14","前有利（強）","結果分布からの仮判定（5着以内の最終コーナー位置・前1/3の頭数）","実通過順（netkeiba コーナー通過順位）","前（4 コーナー 2番手）","順行","3着内","3","3","7.2","大野","美浦 杉浦","未取得","","","","","","","netkeiba 結果ページ一次取得（通過順・着順・人気・horse_id）",""
"順行（参考）","スペシャルサンクス","2024102846","20260906","202606040202","中山02R","12","芝1200","稍","14","前有利（強）","結果分布からの仮判定（5着以内の最終コーナー位置・前1/3の頭数）","実通過順（netkeiba コーナー通過順位）","前（4 コーナー 3番手）","順行","4〜5着","4","6","18.2","嶋田","美浦 矢嶋","未取得","","","","","","","netkeiba 結果ページ一次取得（通過順・着順・人気・horse_id）",""
"順行（参考）","トルネードアイル","2023105308","20260906","202606040203","中山03R","4","ダ1800","重","15","前有利","結果分布からの仮判定（5着以内の最終コーナー位置・前1/3の頭数）","実通過順（netkeiba コーナー通過順位）","前（4 コーナー 3番手）","順行","3着内","1","1","2.0","北村友","美浦 鹿戸","未取得","","","","","","","netkeiba 結果ページ一次取得（通過順・着順・人気・horse_id）",""
"順行（参考）","マイネルトレマーズ","2023105363","20260906","202606040203","中山03R","2","ダ1800","重","15","前有利","結果分布からの仮判定（5着以内の最終コーナー位置・前1/3の頭数）","実通過順（netkeiba コーナー通過順位）","前（4 コーナー 4番手）","順行","4〜5着","4","7","17.6","嶋田","美浦 手塚久","未取得","","","","","","","netkeiba 結果ページ一次取得（通過順・着順・人気・horse_id）",""
"順行（参考）","オートカリテ","2023103555","20260906","202606040203","中山03R","14","ダ1800","重","15","前有利","結果分布からの仮判定（5着以内の最終コーナー位置・前1/3の頭数）","実通過順（netkeiba コーナー通過順位）","前（4 コーナー 1番手）","順行","4〜5着","5","6","17.5","ミシェ","美浦 牧","未取得","","","","","","","netkeiba 結果ページ一次取得（通過順・着順・人気・horse_id）",""
"順行（参考）","セイウンヤオヨロズ","2023100006","20260906","202606040204","中山04R","1","ダ1200","不","16","前有利","結果分布からの仮判定（5着以内の最終コーナー位置・前1/3の頭数）","実通過順（netkeiba コーナー通過順位）","前（4 コーナー 1番手）","順行","3着内","3","6","21.4","▲佐藤","美浦 上原博","未取得","","","","","","","netkeiba 結果ページ一次取得（通過順・着順・人気・horse_id）","4角で単独先頭（2馬身以上）：楽逃げの可能性・人間確認"
"順行（参考）","ハングローズ","2023102122","20260906","202606040204","中山04R","5","ダ1200","不","16","前有利","結果分布からの仮判定（5着以内の最終コーナー位置・前1/3の頭数）","実通過順（netkeiba コーナー通過順位）","前（4 コーナー 3番手）","順行","4〜5着","4","4","6.3","岩田康","美浦 奥村武","未取得","","","","","","","netkeiba 結果ページ一次取得（通過順・着順・人気・horse_id）",""
"順行（参考）","スマートレイナ","2023106000","20260906","202606040204","中山04R","14","ダ1200","不","16","前有利","結果分布からの仮判定（5着以内の最終コーナー位置・前1/3の頭数）","実通過順（netkeiba コーナー通過順位）","前（4 コーナー 2番手）","順行","4〜5着","5","1","2.8","ルメー","美浦 加藤征","未取得","","","","","","","netkeiba 結果ページ一次取得（通過順・着順・人気・horse_id）",""
"順行（参考）","アイムオンアロール","2024100668","20260906","202606040205","中山05R","14","芝1600","稍","15","前有利（強）","結果分布からの仮判定（5着以内の最終コーナー位置・前1/3の頭数）","実通過順（netkeiba コーナー通過順位）","前（4 コーナー 4番手）","順行","3着内","1","4","7.6","三浦","美浦 宮田","未取得","","","","","","","netkeiba 結果ページ一次取得（通過順・着順・人気・horse_id）",""
"順行（参考）","ローザヴェローナ","2024106751","20260906","202606040205","中山05R","10","芝1600","稍","15","前有利（強）","結果分布からの仮判定（5着以内の最終コーナー位置・前1/3の頭数）","実通過順（netkeiba コーナー通過順位）","前（4 コーナー 5番手）","順行","3着内","2","1","2.0","ルメー","美浦 尾関","未取得","","","","","","","netkeiba 結果ページ一次取得（通過順・着順・人気・horse_id）",""
"順行（参考）","ハンサム","2024104872","20260906","202606040205","中山05R","1","芝1600","稍","15","前有利（強）","結果分布からの仮判定（5着以内の最終コーナー位置・前1/3の頭数）","実通過順（netkeiba コーナー通過順位）","前（4 コーナー 3番手）","順行","3着内","3","2","4.9","津村","栗東 清水久","未取得","","","","","","","netkeiba 結果ページ一次取得（通過順・着順・人気・horse_id）",""
"順行（参考）","ピクシーブラスト","2024103245","20260906","202606040205","中山05R","2","芝1600","稍","15","前有利（強）","結果分布からの仮判定（5着以内の最終コーナー位置・前1/3の頭数）","実通過順（netkeiba コーナー通過順位）","前（4 コーナー 1番手）","順行","4〜5着","4","3","6.2","菊沢","美浦 岩戸","未取得","","","","","","","netkeiba 結果ページ一次取得（通過順・着順・人気・horse_id）",""
"順行（参考）","エンジャムメント","2024105733","20260906","202606040206","中山06R","8","ダ1800","不","12","前有利","結果分布からの仮判定（5着以内の最終コーナー位置・前1/3の頭数）","実通過順（netkeiba コーナー通過順位）","前（4 コーナー 2番手）","順行","3着内","1","1","3.1","北村友","美浦 中舘","未取得","","","","","","","netkeiba 結果ページ一次取得（通過順・着順・人気・horse_id）",""
"順行（参考）","ヒゲキリ","2024105462","20260906","202606040206","中山06R","7","ダ1800","不","12","前有利","結果分布からの仮判定（5着以内の最終コーナー位置・前1/3の頭数）","実通過順（netkeiba コーナー通過順位）","前（4 コーナー 1番手）","順行","3着内","2","3","6.0","三浦","美浦 加藤士","未取得","","","","","","","netkeiba 結果ページ一次取得（通過順・着順・人気・horse_id）",""
"順行（参考）","ファブリック","2024104851","20260906","202606040206","中山06R","12","ダ1800","不","12","前有利","結果分布からの仮判定（5着以内の最終コーナー位置・前1/3の頭数）","実通過順（netkeiba コーナー通過順位）","前（4 コーナー 3番手）","順行","3着内","3","5","8.3","岩田康","美浦 武井","未取得","","","","","","","netkeiba 結果ページ一次取得（通過順・着順・人気・horse_id）",""
"順行（参考）","カテドラルクォーツ","2023103668","20260906","202606040207","中山07R","5","芝2000","重","18","前有利","結果分布からの仮判定（5着以内の最終コーナー位置・前1/3の頭数）","実通過順（netkeiba コーナー通過順位）","前（4 コーナー 1番手）","順行","3着内","1","17","244.9","岩田康","美浦 菊沢","未取得","","","","","","","netkeiba 結果ページ一次取得（通過順・着順・人気・horse_id）",""
"順行（参考）","ジェイエルグリーン","2023106314","20260906","202606040207","中山07R","4","芝2000","重","18","前有利","結果分布からの仮判定（5着以内の最終コーナー位置・前1/3の頭数）","実通過順（netkeiba コーナー通過順位）","前（4 コーナー 2番手）","順行","3着内","2","15","155.8","原","美浦 平岩","未取得","","","","","","","netkeiba 結果ページ一次取得（通過順・着順・人気・horse_id）",""
"順行（参考）","ウインスターリング","2023105883","20260906","202606040207","中山07R","1","芝2000","重","18","前有利","結果分布からの仮判定（5着以内の最終コーナー位置・前1/3の頭数）","実通過順（netkeiba コーナー通過順位）","前（4 コーナー 4番手）","順行","4〜5着","4","9","37.6","ミシェ","美浦 畠山","未取得","","","","","","","netkeiba 結果ページ一次取得（通過順・着順・人気・horse_id）",""
"順行（参考）","メディチパワー","2023100419","20260906","202606040208","中山08R","16","ダ1800","不","16","前有利（強）","結果分布からの仮判定（5着以内の最終コーナー位置・前1/3の頭数）","実通過順（netkeiba コーナー通過順位）","前（4 コーナー 4番手）","順行","3着内","1","3","6.7","木幡巧","美浦 中川","未取得","","","","","","","netkeiba 結果ページ一次取得（通過順・着順・人気・horse_id）",""
"順行（参考）","ストーリーオブラブ","2023106587","20260906","202606040208","中山08R","7","ダ1800","不","16","前有利（強）","結果分布からの仮判定（5着以内の最終コーナー位置・前1/3の頭数）","実通過順（netkeiba コーナー通過順位）","前（4 コーナー 1番手）","順行","3着内","2","9","29.7","江田照","美浦 小野","未取得","","","","","","","netkeiba 結果ページ一次取得（通過順・着順・人気・horse_id）",""
"順行（参考）","カフェシューター","2023100368","20260906","202606040208","中山08R","13","ダ1800","不","16","前有利（強）","結果分布からの仮判定（5着以内の最終コーナー位置・前1/3の頭数）","実通過順（netkeiba コーナー通過順位）","前（4 コーナー 2番手）","順行","3着内","3","1","2.9","ルメー","美浦 中舘","未取得","","","","","","","netkeiba 結果ページ一次取得（通過順・着順・人気・horse_id）",""
"順行（参考）","ラヴアンドライク","2022104570","20260906","202606040208","中山08R","14","ダ1800","不","16","前有利（強）","結果分布からの仮判定（5着以内の最終コーナー位置・前1/3の頭数）","実通過順（netkeiba コーナー通過順位）","前（4 コーナー 3番手）","順行","4〜5着","4","2","5.2","原","美浦 稲垣","未取得","","","","","","","netkeiba 結果ページ一次取得（通過順・着順・人気・horse_id）",""
"順行（参考）","アスタールフナ","2022101557","20260906","202606040209","中山09R","6","ダ1200","不","16","前有利","結果分布からの仮判定（5着以内の最終コーナー位置・前1/3の頭数）","実通過順（netkeiba コーナー通過順位）","前（4 コーナー 1番手）","順行","3着内","1","2","4.6","北村友","栗東 中竹","未取得","","","","","","","netkeiba 結果ページ一次取得（通過順・着順・人気・horse_id）",""
"順行（参考）","サマースイートピー","2022107359","20260906","202606040209","中山09R","3","ダ1200","不","16","前有利","結果分布からの仮判定（5着以内の最終コーナー位置・前1/3の頭数）","実通過順（netkeiba コーナー通過順位）","前（4 コーナー 2番手）","順行","3着内","2","12","36.8","内田博","美浦 千葉","未取得","","","","","","","netkeiba 結果ページ一次取得（通過順・着順・人気・horse_id）",""
"順行（参考）","モーゲンセン","2023110008","20260906","202606040209","中山09R","10","ダ1200","不","16","前有利","結果分布からの仮判定（5着以内の最終コーナー位置・前1/3の頭数）","実通過順（netkeiba コーナー通過順位）","前（4 コーナー 3番手）","順行","3着内","3","5","11.7","津村","美浦 斎藤誠","未取得","","","","","","","netkeiba 結果ページ一次取得（通過順・着順・人気・horse_id）",""
"順行（参考）","カーヌスティ","2022103639","20260906","202606040210","中山10R","8","芝1200","重","9","差し有利","結果分布からの仮判定（5着以内の最終コーナー位置・前1/3の頭数）","実通過順（netkeiba コーナー通過順位）","中（4 コーナー 6番手）","順行","3着内","2","1","2.7","ルメー","美浦 大和田","未取得","","","","","","","netkeiba 結果ページ一次取得（通過順・着順・人気・horse_id）",""
"順行（参考）","ポッドロワール","2022101573","20260906","202606040210","中山10R","9","芝1200","重","9","差し有利","結果分布からの仮判定（5着以内の最終コーナー位置・前1/3の頭数）","実通過順（netkeiba コーナー通過順位）","後（4 コーナー 7番手）","順行","4〜5着","4","4","8.5","木幡巧","美浦 畠山","未取得","","","","","","","netkeiba 結果ページ一次取得（通過順・着順・人気・horse_id）",""
"順行（参考）","ルーフ","2020104194","20260906","202606040210","中山10R","7","芝1200","重","9","差し有利","結果分布からの仮判定（5着以内の最終コーナー位置・前1/3の頭数）","実通過順（netkeiba コーナー通過順位）","後（4 コーナー 9番手）","順行","4〜5着","5","7","16.4","原","栗東 清水久","未取得","","","","","","","netkeiba 結果ページ一次取得（通過順・着順・人気・horse_id）",""
"順行（参考）","マスターソアラ","2023106810","20260906","202606040211","中山11R","4","芝2000","重","11","差し有利（強）","結果分布からの仮判定（5着以内の最終コーナー位置・前1/3の頭数）","実通過順（netkeiba コーナー通過順位）","中（4 コーナー 5番手）","順行","3着内","1","6","12.7","大野","美浦 蛯名正","未取得","","","","","","","netkeiba 結果ページ一次取得（通過順・着順・人気・horse_id）",""
"順行（参考）","サムシングスイート","2023106219","20260906","202606040211","中山11R","2","芝2000","重","11","差し有利（強）","結果分布からの仮判定（5着以内の最終コーナー位置・前1/3の頭数）","実通過順（netkeiba コーナー通過順位）","中（4 コーナー 7番手）","順行","3着内","2","4","7.2","団野","美浦 伊藤大","未取得","","","","","","","netkeiba 結果ページ一次取得（通過順・着順・人気・horse_id）",""
"順行（参考）","ドリームコア","2023107146","20260906","202606040211","中山11R","9","芝2000","重","11","差し有利（強）","結果分布からの仮判定（5着以内の最終コーナー位置・前1/3の頭数）","実通過順（netkeiba コーナー通過順位）","中（4 コーナー 4番手）","順行","3着内","3","1","2.5","ルメー","美浦 田中博","未取得","","","","","","","netkeiba 結果ページ一次取得（通過順・着順・人気・horse_id）",""
"順行（参考）","アストリル","2023101591","20260906","202606040211","中山11R","6","芝2000","重","11","差し有利（強）","結果分布からの仮判定（5着以内の最終コーナー位置・前1/3の頭数）","実通過順（netkeiba コーナー通過順位）","後（4 コーナー 10番手）","順行","4〜5着","4","5","8.9","ミシェ","美浦 鈴木慎","未取得","","","","","","","netkeiba 結果ページ一次取得（通過順・着順・人気・horse_id）",""
"順行（参考）","ジワタネホ","2023107165","20260906","202606040211","中山11R","1","芝2000","重","11","差し有利（強）","結果分布からの仮判定（5着以内の最終コーナー位置・前1/3の頭数）","実通過順（netkeiba コーナー通過順位）","後（4 コーナー 11番手）","順行","4〜5着","5","10","50.7","三浦","美浦 中舘","未取得","","","","","","","netkeiba 結果ページ一次取得（通過順・着順・人気・horse_id）",""
"順行（参考）","カシオペア","2022106203","20260906","202606040212","中山12R","7","芝1200","重","16","差し有利","結果分布からの仮判定（5着以内の最終コーナー位置・前1/3の頭数）","実通過順（netkeiba コーナー通過順位）","中（4 コーナー 7番手）","順行","3着内","2","5","9.1","石橋脩","美浦 上原佑","未取得","","","","","","","netkeiba 結果ページ一次取得（通過順・着順・人気・horse_id）",""
"順行（参考）","エバーラスト","2023104764","20260906","202606040212","中山12R","16","芝1200","重","16","差し有利","結果分布からの仮判定（5着以内の最終コーナー位置・前1/3の頭数）","実通過順（netkeiba コーナー通過順位）","中（4 コーナー 8番手）","順行","3着内","3","8","17.5","△石神道","美浦 和田郎","未取得","","","","","","","netkeiba 結果ページ一次取得（通過順・着順・人気・horse_id）",""
"順行（参考）","ダイユウヴェンティ","2023105102","20260906","202606040212","中山12R","1","芝1200","重","16","差し有利","結果分布からの仮判定（5着以内の最終コーナー位置・前1/3の頭数）","実通過順（netkeiba コーナー通過順位）","中（4 コーナー 6番手）","順行","4〜5着","4","9","20.4","団野","美浦 松永康","未取得","","","","","","","netkeiba 結果ページ一次取得（通過順・着順・人気・horse_id）",""
"順行（参考）","ワンダーアスク","2023103191","20260906","202601020601","札幌01R","7","ダ1700","稍","13","前有利","結果分布からの仮判定（5着以内の最終コーナー位置・前1/3の頭数）","実通過順（netkeiba コーナー通過順位）","前（4 コーナー 1番手）","順行","3着内","1","9","19.4","川又","栗東 笹田","未取得","","","","","","","netkeiba 結果ページ一次取得（通過順・着順・人気・horse_id）","4角で単独先頭（2馬身以上）：楽逃げの可能性・人間確認"
"順行（参考）","ウォータースパウト","2023105555","20260906","202601020601","札幌01R","6","ダ1700","稍","13","前有利","結果分布からの仮判定（5着以内の最終コーナー位置・前1/3の頭数）","実通過順（netkeiba コーナー通過順位）","前（4 コーナー 3番手）","順行","3着内","3","3","5.6","吉田隼","美浦 小笠","未取得","","","","","","","netkeiba 結果ページ一次取得（通過順・着順・人気・horse_id）",""
"順行（参考）","クリコイーコ","2023100786","20260906","202601020601","札幌01R","8","ダ1700","稍","13","前有利","結果分布からの仮判定（5着以内の最終コーナー位置・前1/3の頭数）","実通過順（netkeiba コーナー通過順位）","前（4 コーナー 4番手）","順行","4〜5着","5","8","17.3","▲遠藤","栗東 荒川","未取得","","","","","","","netkeiba 結果ページ一次取得（通過順・着順・人気・horse_id）",""
"順行（参考）","イッペイ","2024104442","20260906","202601020602","札幌02R","6","芝2000","良","10","差し有利","結果分布からの仮判定（5着以内の最終コーナー位置・前1/3の頭数）","実通過順（netkeiba コーナー通過順位）","中（4 コーナー 6番手）","順行","3着内","3","2","3.2","浜中","栗東 松永幹","未取得","","","","","","","netkeiba 結果ページ一次取得（通過順・着順・人気・horse_id）",""
"順行（参考）","アオイノリプー","2024100715","20260906","202601020602","札幌02R","9","芝2000","良","10","差し有利","結果分布からの仮判定（5着以内の最終コーナー位置・前1/3の頭数）","実通過順（netkeiba コーナー通過順位）","中（4 コーナー 5番手）","順行","4〜5着","4","5","15.9","佐々木","美浦 尾形","未取得","","","","","","","netkeiba 結果ページ一次取得（通過順・着順・人気・horse_id）",""
"順行（参考）","マサノブルスカイ","2024105151","20260906","202601020602","札幌02R","7","芝2000","良","10","差し有利","結果分布からの仮判定（5着以内の最終コーナー位置・前1/3の頭数）","実通過順（netkeiba コーナー通過順位）","後（4 コーナー 8番手）","順行","4〜5着","5","7","23.5","▲和田陽","栗東 藤野","未取得","","","","","","","netkeiba 結果ページ一次取得（通過順・着順・人気・horse_id）",""
"順行（参考）","マコトアディントン","2023102128","20260906","202601020603","札幌03R","8","ダ1700","稍","14","差し有利","結果分布からの仮判定（5着以内の最終コーナー位置・前1/3の頭数）","実通過順（netkeiba コーナー通過順位）","中（4 コーナー 5番手）","順行","3着内","2","4","6.9","横山武","栗東 前川","未取得","","","","","","","netkeiba 結果ページ一次取得（通過順・着順・人気・horse_id）",""
"順行（参考）","ロードステラート","2023105838","20260906","202601020603","札幌03R","14","ダ1700","稍","14","差し有利","結果分布からの仮判定（5着以内の最終コーナー位置・前1/3の頭数）","実通過順（netkeiba コーナー通過順位）","中（4 コーナー 8番手）","順行","3着内","3","2","4.1","横山和","栗東 武英","未取得","","","","","","","netkeiba 結果ページ一次取得（通過順・着順・人気・horse_id）",""
"順行（参考）","アオイミズホ","2023101814","20260906","202601020603","札幌03R","2","ダ1700","稍","14","差し有利","結果分布からの仮判定（5着以内の最終コーナー位置・前1/3の頭数）","実通過順（netkeiba コーナー通過順位）","中（4 コーナー 10番手）","順行","4〜5着","5","6","10.4","丹内","美浦 古賀慎","未取得","","","","","","","netkeiba 結果ページ一次取得（通過順・着順・人気・horse_id）",""
"順行（参考）","メイショウテンジン","2023106567","20260906","202601020604","札幌04R","2","芝1200","良","16","前有利（強）","結果分布からの仮判定（5着以内の最終コーナー位置・前1/3の頭数）","実通過順（netkeiba コーナー通過順位）","前（4 コーナー 1番手）","順行","3着内","1","3","5.0","★河原田","栗東 高橋亮","未取得","","","","","","","netkeiba 結果ページ一次取得（通過順・着順・人気・horse_id）","4角で単独先頭（2馬身以上）：楽逃げの可能性・人間確認"
"順行（参考）","リアララ","2023110076","20260906","202601020604","札幌04R","8","芝1200","良","16","前有利（強）","結果分布からの仮判定（5着以内の最終コーナー位置・前1/3の頭数）","実通過順（netkeiba コーナー通過順位）","前（4 コーナー 2番手）","順行","3着内","3","2","4.4","小沢","栗東 中内田","未取得","","","","","","","netkeiba 結果ページ一次取得（通過順・着順・人気・horse_id）",""
"順行（参考）","エンジェルサン","2023104484","20260906","202601020604","札幌04R","9","芝1200","良","16","前有利（強）","結果分布からの仮判定（5着以内の最終コーナー位置・前1/3の頭数）","実通過順（netkeiba コーナー通過順位）","前（4 コーナー 3番手）","順行","4〜5着","4","8","16.3","丹内","美浦 矢嶋","未取得","","","","","","","netkeiba 結果ページ一次取得（通過順・着順・人気・horse_id）",""
"順行（参考）","ソレイユルヴァン","2023105306","20260906","202601020604","札幌04R","12","芝1200","良","16","前有利（強）","結果分布からの仮判定（5着以内の最終コーナー位置・前1/3の頭数）","実通過順（netkeiba コーナー通過順位）","前（4 コーナー 5番手）","順行","4〜5着","5","15","286.9","吉田隼","栗東 辻野","未取得","","","","","","","netkeiba 結果ページ一次取得（通過順・着順・人気・horse_id）",""
"順行（参考）","レッドレグルス","2023106617","20260906","202601020605","札幌05R","4","芝2000","良","15","前有利","結果分布からの仮判定（5着以内の最終コーナー位置・前1/3の頭数）","実通過順（netkeiba コーナー通過順位）","前（4 コーナー 1番手）","順行","3着内","1","3","6.0","横山和","栗東 昆","未取得","","","","","","","netkeiba 結果ページ一次取得（通過順・着順・人気・horse_id）","4角で単独先頭（2馬身以上）：楽逃げの可能性・人間確認"
"順行（参考）","ブライスフェアリー","2023105892","20260906","202601020605","札幌05R","9","芝2000","良","15","前有利","結果分布からの仮判定（5着以内の最終コーナー位置・前1/3の頭数）","実通過順（netkeiba コーナー通過順位）","前（4 コーナー 3番手）","順行","3着内","2","6","17.4","丹内","美浦 堀内","未取得","","","","","","","netkeiba 結果ページ一次取得（通過順・着順・人気・horse_id）",""
"順行（参考）","ラッキーシグネチャ","2023105302","20260906","202601020605","札幌05R","5","芝2000","良","15","前有利","結果分布からの仮判定（5着以内の最終コーナー位置・前1/3の頭数）","実通過順（netkeiba コーナー通過順位）","前（4 コーナー 2番手）","順行","4〜5着","5","10","37.5","小沢","栗東 矢作","未取得","","","","","","","netkeiba 結果ページ一次取得（通過順・着順・人気・horse_id）",""
"順行（参考）","ロードヴィゴラス","2023105806","20260906","202601020606","札幌06R","10","ダ1000","稍","12","差し有利","結果分布からの仮判定（5着以内の最終コーナー位置・前1/3の頭数）","実通過順（netkeiba コーナー通過順位）","後（4 コーナー 12番手）","順行","3着内","1","3","5.9","▲和田陽","栗東 四位","未取得","","","","","","","netkeiba 結果ページ一次取得（通過順・着順・人気・horse_id）",""
"順行（参考）","ステラノヴァ","2022103482","20260906","202601020606","札幌06R","2","ダ1000","稍","12","差し有利","結果分布からの仮判定（5着以内の最終コーナー位置・前1/3の頭数）","実通過順（netkeiba コーナー通過順位）","後（4 コーナー 11番手）","順行","3着内","2","4","6.9","☆長浜","美浦 水野","未取得","","","","","","","netkeiba 結果ページ一次取得（通過順・着順・人気・horse_id）",""
"順行（参考）","キャンドルマス","2021101624","20260906","202601020606","札幌06R","1","ダ1000","稍","12","差し有利","結果分布からの仮判定（5着以内の最終コーナー位置・前1/3の頭数）","実通過順（netkeiba コーナー通過順位）","中（4 コーナー 8番手）","順行","4〜5着","4","7","15.5","鮫島駿","栗東 小崎","未取得","","","","","","","netkeiba 結果ページ一次取得（通過順・着順・人気・horse_id）",""
"順行（参考）","ウィングブルー","2023105317","20260906","202601020607","札幌07R","12","芝1200","良","16","差し有利","結果分布からの仮判定（5着以内の最終コーナー位置・前1/3の頭数）","実通過順（netkeiba コーナー通過順位）","中（4 コーナー 6番手）","順行","3着内","1","1","2.7","斎藤","美浦 斎藤誠","未取得","","","","","","","netkeiba 結果ページ一次取得（通過順・着順・人気・horse_id）",""
"順行（参考）","ペガサスノース","2022101053","20260906","202601020607","札幌07R","5","芝1200","良","16","差し有利","結果分布からの仮判定（5着以内の最終コーナー位置・前1/3の頭数）","実通過順（netkeiba コーナー通過順位）","後（4 コーナー 15番手）","順行","4〜5着","4","10","23.6","小沢","栗東 高柳大","未取得","","","","","","","netkeiba 結果ページ一次取得（通過順・着順・人気・horse_id）",""
"順行（参考）","コスモファーブロス","2023106420","20260906","202601020607","札幌07R","8","芝1200","良","16","差し有利","結果分布からの仮判定（5着以内の最終コーナー位置・前1/3の頭数）","実通過順（netkeiba コーナー通過順位）","中（4 コーナー 8番手）","順行","4〜5着","5","2","7.4","◇小林美","栗東 吉田","未取得","","","","","","","netkeiba 結果ページ一次取得（通過順・着順・人気・horse_id）",""
"順行（参考）","ルールザウェイヴ","2023105344","20260906","202601020608","札幌08R","11","芝1500","良","14","前有利","結果分布からの仮判定（5着以内の最終コーナー位置・前1/3の頭数）","実通過順（netkeiba コーナー通過順位）","前（4 コーナー 1番手）","順行","3着内","1","1","1.8","丹内","美浦 宮田","未取得","","","","","","","netkeiba 結果ページ一次取得（通過順・着順・人気・horse_id）",""
"順行（参考）","グロリアスマーチ","2023103680","20260906","202601020608","札幌08R","5","芝1500","良","14","前有利","結果分布からの仮判定（5着以内の最終コーナー位置・前1/3の頭数）","実通過順（netkeiba コーナー通過順位）","前（4 コーナー 2番手）","順行","3着内","3","5","13.3","佐々木","栗東 須貝","未取得","","","","","","","netkeiba 結果ページ一次取得（通過順・着順・人気・horse_id）",""
"順行（参考）","アルマロクザン","2020100759","20260906","202601020608","札幌08R","6","芝1500","良","14","前有利","結果分布からの仮判定（5着以内の最終コーナー位置・前1/3の頭数）","実通過順（netkeiba コーナー通過順位）","前（4 コーナー 3番手）","順行","4〜5着","4","13","302.3","▲遠藤","美浦 伊藤伸","未取得","","","","","","","netkeiba 結果ページ一次取得（通過順・着順・人気・horse_id）",""
"順行（参考）","アラナコア","2021103002","20260906","202601020609","札幌09R","12","ダ1700","良","14","差し有利","結果分布からの仮判定（5着以内の最終コーナー位置・前1/3の頭数）","実通過順（netkeiba コーナー通過順位）","中（4 コーナー 8番手）","順行","3着内","2","3","7.1","吉田隼","栗東 田中克","未取得","","","","","","","netkeiba 結果ページ一次取得（通過順・着順・人気・horse_id）",""
"順行（参考）","リメンバーヒム","2022100321","20260906","202601020609","札幌09R","4","ダ1700","良","14","差し有利","結果分布からの仮判定（5着以内の最終コーナー位置・前1/3の頭数）","実通過順（netkeiba コーナー通過順位）","中（4 コーナー 9番手）","順行","4〜5着","4","6","13.9","横山琉","栗東 浜田","未取得","","","","","","","netkeiba 結果ページ一次取得（通過順・着順・人気・horse_id）",""
"順行（参考）","ライフゲート","2022103778","20260906","202601020609","札幌09R","3","ダ1700","良","14","差し有利","結果分布からの仮判定（5着以内の最終コーナー位置・前1/3の頭数）","実通過順（netkeiba コーナー通過順位）","中（4 コーナー 5番手）","順行","4〜5着","5","2","4.3","丹内","美浦 伊藤圭","未取得","","","","","","","netkeiba 結果ページ一次取得（通過順・着順・人気・horse_id）",""
"順行（参考）","ワザモノ","2018103560","20260906","202601020610","札幌10R","8","芝1800","良","14","差し有利","結果分布からの仮判定（5着以内の最終コーナー位置・前1/3の頭数）","実通過順（netkeiba コーナー通過順位）","中（4 コーナー 5番手）","順行","3着内","2","5","10.7","丹内","美浦 尾関","未取得","","","","","","","netkeiba 結果ページ一次取得（通過順・着順・人気・horse_id）",""
"順行（参考）","サンセットゴールド","2023105394","20260906","202601020610","札幌10R","11","芝1800","良","14","差し有利","結果分布からの仮判定（5着以内の最終コーナー位置・前1/3の頭数）","実通過順（netkeiba コーナー通過順位）","中（4 コーナー 6番手）","順行","3着内","3","7","11.9","小沢","栗東 矢作","未取得","","","","","","","netkeiba 結果ページ一次取得（通過順・着順・人気・horse_id）",""
"順行（参考）","ドッグウッド","2023101382","20260906","202601020610","札幌10R","3","芝1800","良","14","差し有利","結果分布からの仮判定（5着以内の最終コーナー位置・前1/3の頭数）","実通過順（netkeiba コーナー通過順位）","中（4 コーナー 8番手）","順行","4〜5着","5","2","5.3","斎藤","美浦 斎藤誠","未取得","","","","","","","netkeiba 結果ページ一次取得（通過順・着順・人気・horse_id）",""
"順行（参考）","ゴールデンスナップ","2020106909","20260906","202601020611","札幌11R","12","芝2600","良","14","差し有利","結果分布からの仮判定（5着以内の最終コーナー位置・前1/3の頭数）","実通過順（netkeiba コーナー通過順位）","後（4 コーナー 13番手）","順行","3着内","2","2","5.8","浜中","栗東 田中克","未取得","","","","","","","netkeiba 結果ページ一次取得（通過順・着順・人気・horse_id）",""
"順行（参考）","グランドカリナン","2020106234","20260906","202601020611","札幌11R","8","芝2600","良","14","差し有利","結果分布からの仮判定（5着以内の最終コーナー位置・前1/3の頭数）","実通過順（netkeiba コーナー通過順位）","後（4 コーナー 14番手）","順行","3着内","3","14","39.2","小林美","美浦 田島","未取得","","","","","","","netkeiba 結果ページ一次取得（通過順・着順・人気・horse_id）",""
"順行（参考）","エコロレイズ","2021103976","20260906","202601020611","札幌11R","9","芝2600","良","14","差し有利","結果分布からの仮判定（5着以内の最終コーナー位置・前1/3の頭数）","実通過順（netkeiba コーナー通過順位）","後（4 コーナー 12番手）","順行","4〜5着","5","10","20.9","横山琉","美浦 岩戸","未取得","","","","","","","netkeiba 結果ページ一次取得（通過順・着順・人気・horse_id）",""
"順行（参考）","ザハント","2022102929","20260906","202601020612","札幌12R","4","ダ1700","良","12","前有利","結果分布からの仮判定（5着以内の最終コーナー位置・前1/3の頭数）","実通過順（netkeiba コーナー通過順位）","前（4 コーナー 1番手）","順行","3着内","1","8","22.8","小沢","栗東 田中克","未取得","","","","","","","netkeiba 結果ページ一次取得（通過順・着順・人気・horse_id）",""
"順行（参考）","アチーヴァー","2023103750","20260906","202601020612","札幌12R","8","ダ1700","良","12","前有利","結果分布からの仮判定（5着以内の最終コーナー位置・前1/3の頭数）","実通過順（netkeiba コーナー通過順位）","前（4 コーナー 2番手）","順行","3着内","2","2","3.8","丹内","栗東 石坂","未取得","","","","","","","netkeiba 結果ページ一次取得（通過順・着順・人気・horse_id）",""
"順行（参考）","グレイスフルマーチ","2022101044","20260906","202601020612","札幌12R","5","ダ1700","良","12","前有利","結果分布からの仮判定（5着以内の最終コーナー位置・前1/3の頭数）","実通過順（netkeiba コーナー通過順位）","前（4 コーナー 4番手）","順行","3着内","3","1","2.9","斎藤","栗東 中村","未取得","","","","","","","netkeiba 結果ページ一次取得（通過順・着順・人気・horse_id）",""
"順行（参考）","ルースソラール","2024107063","20260906","202609040201","阪神01R","1","芝1400","良","10","差し有利（強）","結果分布からの仮判定（5着以内の最終コーナー位置・前1/3の頭数）","実通過順（netkeiba コーナー通過順位）","後（4 コーナー 10番手）","順行","3着内","1","1","2.4","松山","栗東 吉岡","未取得","","","","","","","netkeiba 結果ページ一次取得（通過順・着順・人気・horse_id）",""
"順行（参考）","ニクスルーナ","2024106712","20260906","202609040201","阪神01R","3","芝1400","良","10","差し有利（強）","結果分布からの仮判定（5着以内の最終コーナー位置・前1/3の頭数）","実通過順（netkeiba コーナー通過順位）","後（4 コーナー 9番手）","順行","3着内","2","2","3.5","岩田望","栗東 高柳大","未取得","","","","","","","netkeiba 結果ページ一次取得（通過順・着順・人気・horse_id）",""
"順行（参考）","シュプレヒコール","2024105437","20260906","202609040201","阪神01R","8","芝1400","良","10","差し有利（強）","結果分布からの仮判定（5着以内の最終コーナー位置・前1/3の頭数）","実通過順（netkeiba コーナー通過順位）","中（4 コーナー 6番手）","順行","3着内","3","3","4.7","吉村","栗東 清水久","未取得","","","","","","","netkeiba 結果ページ一次取得（通過順・着順・人気・horse_id）",""
"順行（参考）","テラレガル","2024101678","20260906","202609040201","阪神01R","5","芝1400","良","10","差し有利（強）","結果分布からの仮判定（5着以内の最終コーナー位置・前1/3の頭数）","実通過順（netkeiba コーナー通過順位）","後（4 コーナー 8番手）","順行","4〜5着","4","4","8.9","松若","栗東 秋山","未取得","","","","","","","netkeiba 結果ページ一次取得（通過順・着順・人気・horse_id）",""
"順行（参考）","ミスジェイド","2023104199","20260906","202609040202","阪神02R","1","ダ1200","良","16","差し有利","結果分布からの仮判定（5着以内の最終コーナー位置・前1/3の頭数）","実通過順（netkeiba コーナー通過順位）","中（4 コーナー 9番手）","順行","3着内","2","10","38.5","秋山稔","栗東 杉山佳","未取得","","","","","","","netkeiba 結果ページ一次取得（通過順・着順・人気・horse_id）",""
"順行（参考）","ユウトザイシン","2023101700","20260906","202609040202","阪神02R","4","ダ1200","良","16","差し有利","結果分布からの仮判定（5着以内の最終コーナー位置・前1/3の頭数）","実通過順（netkeiba コーナー通過順位）","後（4 コーナー 12番手）","順行","4〜5着","4","5","8.9","藤懸","栗東 千田","未取得","","","","","","","netkeiba 結果ページ一次取得（通過順・着順・人気・horse_id）",""
"順行（参考）","マイベスティー","2023103250","20260906","202609040202","阪神02R","5","ダ1200","良","16","差し有利","結果分布からの仮判定（5着以内の最終コーナー位置・前1/3の頭数）","実通過順（netkeiba コーナー通過順位）","中（4 コーナー 6番手）","順行","4〜5着","5","12","64.4","長岡","栗東 高橋亮","未取得","","","","","","","netkeiba 結果ページ一次取得（通過順・着順・人気・horse_id）",""
"順行（参考）","ニシノエビガタメ","2023106271","20260906","202609040203","阪神03R","6","ダ1800","良","15","差し有利","結果分布からの仮判定（5着以内の最終コーナー位置・前1/3の頭数）","実通過順（netkeiba コーナー通過順位）","中（4 コーナー 10番手）","順行","3着内","2","6","14.8","Ｍデム","栗東 吉村","未取得","","","","","","","netkeiba 結果ページ一次取得（通過順・着順・人気・horse_id）",""
"順行（参考）","キミガスキダ","2023100605","20260906","202609040203","阪神03R","1","ダ1800","良","15","差し有利","結果分布からの仮判定（5着以内の最終コーナー位置・前1/3の頭数）","実通過順（netkeiba コーナー通過順位）","中（4 コーナー 8番手）","順行","3着内","3","4","9.9","吉村","栗東 牧田","未取得","","","","","","","netkeiba 結果ページ一次取得（通過順・着順・人気・horse_id）",""
"順行（参考）","ジーティーピカソ","2023102092","20260906","202609040203","阪神03R","5","ダ1800","良","15","差し有利","結果分布からの仮判定（5着以内の最終コーナー位置・前1/3の頭数）","実通過順（netkeiba コーナー通過順位）","中（4 コーナー 6番手）","順行","4〜5着","5","3","5.9","松山","栗東 宮地","未取得","","","","","","","netkeiba 結果ページ一次取得（通過順・着順・人気・horse_id）",""
"順行（参考）","ティタノマキア","2023107092","20260906","202609040204","阪神04R","3","芝2000","良","15","前有利（強）","結果分布からの仮判定（5着以内の最終コーナー位置・前1/3の頭数）","実通過順（netkeiba コーナー通過順位）","前（4 コーナー 1番手）","順行","3着内","1","1","1.9","松山","栗東 池添","未取得","","","","","","","netkeiba 結果ページ一次取得（通過順・着順・人気・horse_id）",""
"順行（参考）","オーマイラッキーン","2023102060","20260906","202609040204","阪神04R","8","芝2000","良","15","前有利（強）","結果分布からの仮判定（5着以内の最終コーナー位置・前1/3の頭数）","実通過順（netkeiba コーナー通過順位）","前（4 コーナー 2番手）","順行","3着内","3","4","8.3","◇永島","栗東 高橋康","未取得","","","","","","","netkeiba 結果ページ一次取得（通過順・着順・人気・horse_id）",""
"順行（参考）","ロールスワン","2023105805","20260906","202609040204","阪神04R","1","芝2000","良","15","前有利（強）","結果分布からの仮判定（5着以内の最終コーナー位置・前1/3の頭数）","実通過順（netkeiba コーナー通過順位）","前（4 コーナー 5番手）","順行","4〜5着","4","10","45.2","中井","栗東 中内田","未取得","","","","","","","netkeiba 結果ページ一次取得（通過順・着順・人気・horse_id）",""
"順行（参考）","グリミスティ","2023101308","20260906","202609040204","阪神04R","10","芝2000","良","15","前有利（強）","結果分布からの仮判定（5着以内の最終コーナー位置・前1/3の頭数）","実通過順（netkeiba コーナー通過順位）","前（4 コーナー 3番手）","順行","4〜5着","5","12","96.7","▲森田","栗東 森田","未取得","","","","","","","netkeiba 結果ページ一次取得（通過順・着順・人気・horse_id）",""
"順行（参考）","リスグロワール","2024106690","20260906","202609040205","阪神05R","1","芝1800","良","10","差し有利","結果分布からの仮判定（5着以内の最終コーナー位置・前1/3の頭数）","実通過順（netkeiba コーナー通過順位）","中（4 コーナー 4番手）","順行","3着内","1","2","3.9","レーン","栗東 矢作","未取得","","","","","","","netkeiba 結果ページ一次取得（通過順・着順・人気・horse_id）",""
"順行（参考）","ハートノート","2024106226","20260906","202609040205","阪神05R","9","芝1800","良","10","差し有利","結果分布からの仮判定（5着以内の最終コーナー位置・前1/3の頭数）","実通過順（netkeiba コーナー通過順位）","中（4 コーナー 6番手）","順行","3着内","2","1","2.0","松山","栗東 高野","未取得","","","","","","","netkeiba 結果ページ一次取得（通過順・着順・人気・horse_id）",""
"順行（参考）","アストラルライト","2024106612","20260906","202609040205","阪神05R","5","芝1800","良","10","差し有利","結果分布からの仮判定（5着以内の最終コーナー位置・前1/3の頭数）","実通過順（netkeiba コーナー通過順位）","中（4 コーナー 7番手）","順行","4〜5着","4","5","10.2","岩田望","栗東 安田","未取得","","","","","","","netkeiba 結果ページ一次取得（通過順・着順・人気・horse_id）",""
"順行（参考）","マクノス","2023102252","20260906","202609040206","阪神06R","7","ダ1800","良","12","前有利","結果分布からの仮判定（5着以内の最終コーナー位置・前1/3の頭数）","実通過順（netkeiba コーナー通過順位）","前（4 コーナー 1番手）","順行","3着内","1","8","20.9","田口","栗東 鈴木孝","未取得","","","","","","","netkeiba 結果ページ一次取得（通過順・着順・人気・horse_id）",""
"順行（参考）","ガールズデイアウト","2022101706","20260906","202609040206","阪神06R","6","ダ1800","良","12","前有利","結果分布からの仮判定（5着以内の最終コーナー位置・前1/3の頭数）","実通過順（netkeiba コーナー通過順位）","前（4 コーナー 3番手）","順行","3着内","2","2","7.4","岩田望","栗東 吉村","未取得","","","","","","","netkeiba 結果ページ一次取得（通過順・着順・人気・horse_id）",""
"順行（参考）","ガイラルディア","2022103623","20260906","202609040206","阪神06R","11","ダ1800","良","12","前有利","結果分布からの仮判定（5着以内の最終コーナー位置・前1/3の頭数）","実通過順（netkeiba コーナー通過順位）","前（4 コーナー 2番手）","順行","4〜5着","4","10","76.4","松若","栗東 藤野","未取得","","","","","","","netkeiba 結果ページ一次取得（通過順・着順・人気・horse_id）",""
"順行（参考）","アイガーリー","2023103474","20260906","202609040207","阪神07R","7","芝1600","良","14","差し有利（強）","結果分布からの仮判定（5着以内の最終コーナー位置・前1/3の頭数）","実通過順（netkeiba コーナー通過順位）","中（4 コーナー 8番手）","順行","3着内","1","11","45.1","菱田","栗東 秋山","未取得","","","","","","","netkeiba 結果ページ一次取得（通過順・着順・人気・horse_id）",""
"順行（参考）","ムーンライトラガー","2022104710","20260906","202609040207","阪神07R","5","芝1600","良","14","差し有利（強）","結果分布からの仮判定（5着以内の最終コーナー位置・前1/3の頭数）","実通過順（netkeiba コーナー通過順位）","後（4 コーナー 11番手）","順行","3着内","3","6","17.3","池添","栗東 大久保","未取得","","","","","","","netkeiba 結果ページ一次取得（通過順・着順・人気・horse_id）",""
"順行（参考）","ロードレジェロ","2022101263","20260906","202609040207","阪神07R","13","芝1600","良","14","差し有利（強）","結果分布からの仮判定（5着以内の最終コーナー位置・前1/3の頭数）","実通過順（netkeiba コーナー通過順位）","後（4 コーナー 12番手）","順行","4〜5着","4","10","38.3","松若","栗東 藤野","未取得","","","","","","","netkeiba 結果ページ一次取得（通過順・着順・人気・horse_id）",""
"順行（参考）","プチプランス","2022101565","20260906","202609040207","阪神07R","9","芝1600","良","14","差し有利（強）","結果分布からの仮判定（5着以内の最終コーナー位置・前1/3の頭数）","実通過順（netkeiba コーナー通過順位）","中（4 コーナー 9番手）","順行","4〜5着","5","8","32.3","酒井","栗東 藤岡健","未取得","","","","","","","netkeiba 結果ページ一次取得（通過順・着順・人気・horse_id）",""
"順行（参考）","テーオーアルアイン","2023105241","20260906","202609040208","阪神08R","1","芝1600","良","7","差し有利","結果分布からの仮判定（5着以内の最終コーナー位置・前1/3の頭数）","実通過順（netkeiba コーナー通過順位）","中（4 コーナー 4番手）","順行","3着内","1","2","3.5","レーン","栗東 奥村豊","未取得","","","","","","","netkeiba 結果ページ一次取得（通過順・着順・人気・horse_id）",""
"順行（参考）","ショウナンバルドル","2022104590","20260906","202609040208","阪神08R","5","芝1600","良","7","差し有利","結果分布からの仮判定（5着以内の最終コーナー位置・前1/3の頭数）","実通過順（netkeiba コーナー通過順位）","後（4 コーナー 7番手）","順行","3着内","3","5","19.1","田山","栗東 須貝","未取得","","","","","","","netkeiba 結果ページ一次取得（通過順・着順・人気・horse_id）",""
"順行（参考）","バルセシート","2023107241","20260906","202609040208","阪神08R","6","芝1600","良","7","差し有利","結果分布からの仮判定（5着以内の最終コーナー位置・前1/3の頭数）","実通過順（netkeiba コーナー通過順位）","後（4 コーナー 6番手）","順行","4〜5着","5","1","1.4","西村淳","栗東 松下","未取得","","","","","","","netkeiba 結果ページ一次取得（通過順・着順・人気・horse_id）",""
"順行（参考）","パイオニアスクエア","2022105367","20260906","202609040209","阪神09R","14","ダ1800","良","16","前有利","結果分布からの仮判定（5着以内の最終コーナー位置・前1/3の頭数）","実通過順（netkeiba コーナー通過順位）","前（4 コーナー 3番手）","順行","3着内","1","4","10.1","松山","栗東 茶木","未取得","","","","","","","netkeiba 結果ページ一次取得（通過順・着順・人気・horse_id）",""
"順行（参考）","アメリカンコール","2023106867","20260906","202609040209","阪神09R","11","ダ1800","良","16","前有利","結果分布からの仮判定（5着以内の最終コーナー位置・前1/3の頭数）","実通過順（netkeiba コーナー通過順位）","前（4 コーナー 2番手）","順行","3着内","2","2","4.2","西村淳","栗東 武幸","未取得","","","","","","","netkeiba 結果ページ一次取得（通過順・着順・人気・horse_id）",""
"順行（参考）","ボーントゥウォリア","2023102082","20260906","202609040209","阪神09R","3","ダ1800","良","16","前有利","結果分布からの仮判定（5着以内の最終コーナー位置・前1/3の頭数）","実通過順（netkeiba コーナー通過順位）","前（4 コーナー 4番手）","順行","3着内","3","1","2.6","岩田望","栗東 奥村豊","未取得","","","","","","","netkeiba 結果ページ一次取得（通過順・着順・人気・horse_id）",""
"順行（参考）","ヨリノレジェンド","2022102202","20260906","202609040210","阪神10R","4","ダ1200","良","13","差し有利","結果分布からの仮判定（5着以内の最終コーナー位置・前1/3の頭数）","実通過順（netkeiba コーナー通過順位）","中（4 コーナー 7番手）","順行","3着内","1","3","6.6","武豊","栗東 奥村豊","未取得","","","","","","","netkeiba 結果ページ一次取得（通過順・着順・人気・horse_id）",""
"順行（参考）","ウルスクローム","2022103630","20260906","202609040210","阪神10R","10","ダ1200","良","13","差し有利","結果分布からの仮判定（5着以内の最終コーナー位置・前1/3の頭数）","実通過順（netkeiba コーナー通過順位）","中（4 コーナー 5番手）","順行","3着内","2","2","4.8","田口","栗東 大橋","未取得","","","","","","","netkeiba 結果ページ一次取得（通過順・着順・人気・horse_id）",""
"順行（参考）","メイショウヤーキス","2021102573","20260906","202609040210","阪神10R","9","ダ1200","良","13","差し有利","結果分布からの仮判定（5着以内の最終コーナー位置・前1/3の頭数）","実通過順（netkeiba コーナー通過順位）","中（4 コーナー 8番手）","順行","4〜5着","5","4","9.0","菱田","栗東 飯田","未取得","","","","","","","netkeiba 結果ページ一次取得（通過順・着順・人気・horse_id）",""
"順行（参考）","フリッカージャブ","2022102020","20260906","202609040211","阪神11R","3","芝1200","良","16","前有利","結果分布からの仮判定（5着以内の最終コーナー位置・前1/3の頭数）","実通過順（netkeiba コーナー通過順位）","前（4 コーナー 2番手）","順行","3着内","1","1","2.8","松山","栗東 西園翔","未取得","","","","","","","netkeiba 結果ページ一次取得（通過順・着順・人気・horse_id）",""
"順行（参考）","ピューロマジック","2021107058","20260906","202609040211","阪神11R","9","芝1200","良","16","前有利","結果分布からの仮判定（5着以内の最終コーナー位置・前1/3の頭数）","実通過順（netkeiba コーナー通過順位）","前（4 コーナー 1番手）","順行","3着内","2","2","4.6","岩田望","栗東 安田","未取得","","","","","","","netkeiba 結果ページ一次取得（通過順・着順・人気・horse_id）","4角で単独先頭（2馬身以上）：楽逃げの可能性・人間確認"
"順行（参考）","クラスペディア","2022106394","20260906","202609040211","阪神11R","2","芝1200","良","16","前有利","結果分布からの仮判定（5着以内の最終コーナー位置・前1/3の頭数）","実通過順（netkeiba コーナー通過順位）","前（4 コーナー 4番手）","順行","4〜5着","4","13","91.4","小崎","栗東 河嶋","未取得","","","","","","","netkeiba 結果ページ一次取得（通過順・着順・人気・horse_id）",""
"順行（参考）","フェンダー","2021105753","20260906","202609040212","阪神12R","13","ダ1400","良","16","差し有利","結果分布からの仮判定（5着以内の最終コーナー位置・前1/3の頭数）","実通過順（netkeiba コーナー通過順位）","中（4 コーナー 7番手）","順行","3着内","1","11","46.6","幸","栗東 柴田","未取得","","","","","","","netkeiba 結果ページ一次取得（通過順・着順・人気・horse_id）",""
"順行（参考）","ダイシンリンク","2022106699","20260906","202609040212","阪神12R","6","ダ1400","良","16","差し有利","結果分布からの仮判定（5着以内の最終コーナー位置・前1/3の頭数）","実通過順（netkeiba コーナー通過順位）","後（4 コーナー 12番手）","順行","4〜5着","4","6","14.8","中井","栗東 森秀","未取得","","","","","","","netkeiba 結果ページ一次取得（通過順・着順・人気・horse_id）",""
"順行（参考）","アリエスキング","2021101468","20260906","202609040212","阪神12R","8","ダ1400","良","16","差し有利","結果分布からの仮判定（5着以内の最終コーナー位置・前1/3の頭数）","実通過順（netkeiba コーナー通過順位）","中（4 コーナー 10番手）","順行","4〜5着","5","5","14.6","田口","栗東 庄野","未取得","","","","","","","netkeiba 結果ページ一次取得（通過順・着順・人気・horse_id）",""
"順行（参考）","ナムラダックス","2024101876","20260912","202606040301","中山01R","6","ダ1800","不","12","差し有利","結果分布からの仮判定（5着以内の最終コーナー位置・前1/3の頭数）","実通過順（netkeiba コーナー通過順位）","中（4 コーナー 7番手）","順行","3着内","3","9","31.9","杉原","美浦 石栗","未取得","","","","","","","netkeiba 結果ページ一次取得（通過順・着順・人気・horse_id）",""
"順行（参考）","ニシノマキロイ","2024103935","20260912","202606040301","中山01R","12","ダ1800","不","12","差し有利","結果分布からの仮判定（5着以内の最終コーナー位置・前1/3の頭数）","実通過順（netkeiba コーナー通過順位）","中（4 コーナー 5番手）","順行","4〜5着","4","8","29.6","野中","美浦 田中勝","未取得","","","","","","","netkeiba 結果ページ一次取得（通過順・着順・人気・horse_id）",""
"順行（参考）","ヴィシーチェック","2024105829","20260912","202606040301","中山01R","8","ダ1800","不","12","差し有利","結果分布からの仮判定（5着以内の最終コーナー位置・前1/3の頭数）","実通過順（netkeiba コーナー通過順位）","後（4 コーナー 9番手）","順行","4〜5着","5","3","4.8","原","美浦 小手川","未取得","","","","","","","netkeiba 結果ページ一次取得（通過順・着順・人気・horse_id）",""
"順行（参考）","コスモティタノ","2024102727","20260912","202606040302","中山02R","7","芝1600","重","12","前有利（強）","結果分布からの仮判定（5着以内の最終コーナー位置・前1/3の頭数）","実通過順（netkeiba コーナー通過順位）","前（4 コーナー 2番手）","順行","3着内","2","8","36.4","嶋田","美浦 武市","未取得","","","","","","","netkeiba 結果ページ一次取得（通過順・着順・人気・horse_id）",""
"順行（参考）","マーズワース","2024102809","20260912","202606040302","中山02R","6","芝1600","重","12","前有利（強）","結果分布からの仮判定（5着以内の最終コーナー位置・前1/3の頭数）","実通過順（netkeiba コーナー通過順位）","前（4 コーナー 1番手）","順行","3着内","3","4","6.5","石橋脩","美浦 小手川","未取得","","","","","","","netkeiba 結果ページ一次取得（通過順・着順・人気・horse_id）",""
"順行（参考）","プレママドンナ","2024105769","20260912","202606040302","中山02R","1","芝1600","重","12","前有利（強）","結果分布からの仮判定（5着以内の最終コーナー位置・前1/3の頭数）","実通過順（netkeiba コーナー通過順位）","前（4 コーナー 4番手）","順行","4〜5着","4","2","4.2","丸山","美浦 手塚徳","未取得","","","","","","","netkeiba 結果ページ一次取得（通過順・着順・人気・horse_id）",""
"順行（参考）","ヨドノプレミアム","2024102735","20260912","202606040302","中山02R","9","芝1600","重","12","前有利（強）","結果分布からの仮判定（5着以内の最終コーナー位置・前1/3の頭数）","実通過順（netkeiba コーナー通過順位）","前（4 コーナー 3番手）","順行","4〜5着","5","1","3.3","吉田豊","美浦 菊川","未取得","","","","","","","netkeiba 結果ページ一次取得（通過順・着順・人気・horse_id）",""
"順行（参考）","ミッキーサウザンド","2023107260","20260912","202606040303","中山03R","15","ダ1200","不","16","前有利","結果分布からの仮判定（5着以内の最終コーナー位置・前1/3の頭数）","実通過順（netkeiba コーナー通過順位）","前（4 コーナー 5番手）","順行","3着内","1","1","4.2","横山武","美浦 古賀大","未取得","","","","","","","netkeiba 結果ページ一次取得（通過順・着順・人気・horse_id）",""
"順行（参考）","エンジェルサン","2023104484","20260912","202606040303","中山03R","13","ダ1200","不","16","前有利","結果分布からの仮判定（5着以内の最終コーナー位置・前1/3の頭数）","実通過順（netkeiba コーナー通過順位）","前（4 コーナー 3番手）","順行","3着内","2","6","13.1","丹内","美浦 矢嶋","未取得","","","","","","","netkeiba 結果ページ一次取得（通過順・着順・人気・horse_id）",""
"順行（参考）","ツクバヴァンガード","2023101037","20260912","202606040303","中山03R","5","ダ1200","不","16","前有利","結果分布からの仮判定（5着以内の最終コーナー位置・前1/3の頭数）","実通過順（netkeiba コーナー通過順位）","前（4 コーナー 4番手）","順行","4〜5着","5","4","6.5","☆長浜","美浦 奥平","未取得","","","","","","","netkeiba 結果ページ一次取得（通過順・着順・人気・horse_id）",""
"順行（参考）","カーヴドヴァン","2023103347","20260912","202606040304","中山04R","4","芝2000","重","18","前有利（強）","結果分布からの仮判定（5着以内の最終コーナー位置・前1/3の頭数）","実通過順（netkeiba コーナー通過順位）","前（4 コーナー 6番手）","順行","3着内","1","16","64.8","☆長浜","美浦 大和田","未取得","","","","","","","netkeiba 結果ページ一次取得（通過順・着順・人気・horse_id）",""
"順行（参考）","ミナヅキ","2023105449","20260912","202606040304","中山04R","2","芝2000","重","18","前有利（強）","結果分布からの仮判定（5着以内の最終コーナー位置・前1/3の頭数）","実通過順（netkeiba コーナー通過順位）","前（4 コーナー 2番手）","順行","3着内","2","1","2.7","石橋脩","美浦 清水英","未取得","","","","","","","netkeiba 結果ページ一次取得（通過順・着順・人気・horse_id）",""
"順行（参考）","ジェイエルグリーン","2023106314","20260912","202606040304","中山04R","10","芝2000","重","18","前有利（強）","結果分布からの仮判定（5着以内の最終コーナー位置・前1/3の頭数）","実通過順（netkeiba コーナー通過順位）","前（4 コーナー 1番手）","順行","3着内","3","8","19.8","原","美浦 平岩","未取得","","","","","","","netkeiba 結果ページ一次取得（通過順・着順・人気・horse_id）",""
"順行（参考）","シルバープレミア","2023105576","20260912","202606040304","中山04R","3","芝2000","重","18","前有利（強）","結果分布からの仮判定（5着以内の最終コーナー位置・前1/3の頭数）","実通過順（netkeiba コーナー通過順位）","前（4 コーナー 4番手）","順行","4〜5着","5","10","30.3","▲上里","美浦 西田","未取得","","","","","","","netkeiba 結果ページ一次取得（通過順・着順・人気・horse_id）",""
"順行（参考）","サトノハクマイ","2024102281","20260912","202606040305","中山05R","8","芝1600","重","11","前有利","結果分布からの仮判定（5着以内の最終コーナー位置・前1/3の頭数）","実通過順（netkeiba コーナー通過順位）","前（4 コーナー 2番手）","順行","3着内","1","1","1.6","斎藤","美浦 斎藤誠","未取得","","","","","","","netkeiba 結果ページ一次取得（通過順・着順・人気・horse_id）",""
"順行（参考）","ブルードロップ","2024101696","20260912","202606040305","中山05R","4","芝1600","重","11","前有利","結果分布からの仮判定（5着以内の最終コーナー位置・前1/3の頭数）","実通過順（netkeiba コーナー通過順位）","前（4 コーナー 1番手）","順行","3着内","2","2","5.4","戸崎圭","美浦 田島","未取得","","","","","","","netkeiba 結果ページ一次取得（通過順・着順・人気・horse_id）",""
"順行（参考）","オラパ","2024104110","20260912","202606040305","中山05R","10","芝1600","重","11","前有利","結果分布からの仮判定（5着以内の最終コーナー位置・前1/3の頭数）","実通過順（netkeiba コーナー通過順位）","前（4 コーナー 3番手）","順行","4〜5着","5","5","15.3","菊沢","美浦 伊坂","未取得","","","","","","","netkeiba 結果ページ一次取得（通過順・着順・人気・horse_id）",""
"順行（参考）","ナイトパイロット","2024105587","20260912","202606040306","中山06R","11","ダ1200","不","12","前有利（強）","結果分布からの仮判定（5着以内の最終コーナー位置・前1/3の頭数）","実通過順（netkeiba コーナー通過順位）","前（4 コーナー 3番手）","順行","3着内","1","3","10.8","横山琉","美浦 相沢","未取得","","","","","","","netkeiba 結果ページ一次取得（通過順・着順・人気・horse_id）",""
"順行（参考）","ジェミニディウ","2024101513","20260912","202606040306","中山06R","3","ダ1200","不","12","前有利（強）","結果分布からの仮判定（5着以内の最終コーナー位置・前1/3の頭数）","実通過順（netkeiba コーナー通過順位）","前（4 コーナー 4番手）","順行","3着内","2","8","31.5","丹内","美浦 伊藤圭","未取得","","","","","","","netkeiba 結果ページ一次取得（通過順・着順・人気・horse_id）",""
"順行（参考）","アーバーバイティ","2024102849","20260912","202606040306","中山06R","2","ダ1200","不","12","前有利（強）","結果分布からの仮判定（5着以内の最終コーナー位置・前1/3の頭数）","実通過順（netkeiba コーナー通過順位）","前（4 コーナー 2番手）","順行","3着内","3","4","16.5","嶋田","美浦 武市","未取得","","","","","","","netkeiba 結果ページ一次取得（通過順・着順・人気・horse_id）",""
"順行（参考）","レーヴデリオン","2024100209","20260912","202606040306","中山06R","1","ダ1200","不","12","前有利（強）","結果分布からの仮判定（5着以内の最終コーナー位置・前1/3の頭数）","実通過順（netkeiba コーナー通過順位）","前（4 コーナー 1番手）","順行","4〜5着","4","1","1.4","石橋脩","美浦 上原佑","未取得","","","","","","","netkeiba 結果ページ一次取得（通過順・着順・人気・horse_id）",""
"順行（参考）","カシマライフウ","2023105439","20260912","202606040307","中山07R","14","ダ1800","不","16","前有利（強）","結果分布からの仮判定（5着以内の最終コーナー位置・前1/3の頭数）","実通過順（netkeiba コーナー通過順位）","前（4 コーナー 5番手）","順行","3着内","1","1","2.3","大野","美浦 伊藤伸","未取得","","","","","","","netkeiba 結果ページ一次取得（通過順・着順・人気・horse_id）",""
"順行（参考）","イーサンミラー","2023106657","20260912","202606040307","中山07R","7","ダ1800","不","16","前有利（強）","結果分布からの仮判定（5着以内の最終コーナー位置・前1/3の頭数）","実通過順（netkeiba コーナー通過順位）","前（4 コーナー 4番手）","順行","3着内","2","8","19.9","丹内","美浦 稲垣","未取得","","","","","","","netkeiba 結果ページ一次取得（通過順・着順・人気・horse_id）",""
"順行（参考）","サングラント","2023106956","20260912","202606040307","中山07R","9","ダ1800","不","16","前有利（強）","結果分布からの仮判定（5着以内の最終コーナー位置・前1/3の頭数）","実通過順（netkeiba コーナー通過順位）","前（4 コーナー 2番手）","順行","4〜5着","4","2","5.1","三浦","美浦 金成","未取得","","","","","","","netkeiba 結果ページ一次取得（通過順・着順・人気・horse_id）",""
"順行（参考）","ゴールドプレイヤー","2023104504","20260912","202606040307","中山07R","3","ダ1800","不","16","前有利（強）","結果分布からの仮判定（5着以内の最終コーナー位置・前1/3の頭数）","実通過順（netkeiba コーナー通過順位）","前（4 コーナー 3番手）","順行","4〜5着","5","3","6.7","戸崎圭","美浦 古賀慎","未取得","","","","","","","netkeiba 結果ページ一次取得（通過順・着順・人気・horse_id）",""
"順行（参考）","ヤマニンヘルシェ","2023104361","20260912","202606040308","中山08R","5","芝2500","重","14","前有利（強）","結果分布からの仮判定（5着以内の最終コーナー位置・前1/3の頭数）","実通過順（netkeiba コーナー通過順位）","前（4 コーナー 2番手）","順行","3着内","1","2","4.8","大野","美浦 辻","未取得","","","","","","","netkeiba 結果ページ一次取得（通過順・着順・人気・horse_id）",""
"順行（参考）","コスモナエマ","2023106443","20260912","202606040308","中山08R","12","芝2500","重","14","前有利（強）","結果分布からの仮判定（5着以内の最終コーナー位置・前1/3の頭数）","実通過順（netkeiba コーナー通過順位）","前（4 コーナー 1番手）","順行","3着内","2","4","5.7","丹内","美浦 手塚久","未取得","","","","","","","netkeiba 結果ページ一次取得（通過順・着順・人気・horse_id）","4角で単独先頭（2馬身以上）：楽逃げの可能性・人間確認"
"順行（参考）","スノーディーヴァ","2021103504","20260912","202606040308","中山08R","2","芝2500","重","14","前有利（強）","結果分布からの仮判定（5着以内の最終コーナー位置・前1/3の頭数）","実通過順（netkeiba コーナー通過順位）","前（4 コーナー 4番手）","順行","3着内","3","9","52.8","☆長浜","美浦 深山","未取得","","","","","","","netkeiba 結果ページ一次取得（通過順・着順・人気・horse_id）",""
"順行（参考）","ヴァルカンテソーロ","2023106744","20260912","202606040308","中山08R","1","芝2500","重","14","前有利（強）","結果分布からの仮判定（5着以内の最終コーナー位置・前1/3の頭数）","実通過順（netkeiba コーナー通過順位）","前（4 コーナー 3番手）","順行","4〜5着","5","1","3.6","戸崎圭","美浦 嘉藤","未取得","","","","","","","netkeiba 結果ページ一次取得（通過順・着順・人気・horse_id）",""
"順行（参考）","シャンソンドール","2022105038","20260912","202606040309","中山09R","12","芝1600","重","14","差し有利（強）","結果分布からの仮判定（5着以内の最終コーナー位置・前1/3の頭数）","実通過順（netkeiba コーナー通過順位）","中（4 コーナー 7番手）","順行","3着内","2","1","2.7","戸崎圭","美浦 奥村武","未取得","","","","","","","netkeiba 結果ページ一次取得（通過順・着順・人気・horse_id）",""
"順行（参考）","ルナルーチェット","2022105233","20260912","202606040309","中山09R","10","芝1600","重","14","差し有利（強）","結果分布からの仮判定（5着以内の最終コーナー位置・前1/3の頭数）","実通過順（netkeiba コーナー通過順位）","中（4 コーナー 5番手）","順行","3着内","3","3","7.3","ミシェ","美浦 松尾","未取得","","","","","","","netkeiba 結果ページ一次取得（通過順・着順・人気・horse_id）",""
"順行（参考）","レイユール","2022101464","20260912","202606040309","中山09R","7","芝1600","重","14","差し有利（強）","結果分布からの仮判定（5着以内の最終コーナー位置・前1/3の頭数）","実通過順（netkeiba コーナー通過順位）","中（4 コーナー 10番手）","順行","4〜5着","4","7","28.3","長浜","美浦 手塚久","未取得","","","","","","","netkeiba 結果ページ一次取得（通過順・着順・人気・horse_id）",""
"順行（参考）","ホウオウシンデレラ","2021103533","20260912","202606040309","中山09R","1","芝1600","重","14","差し有利（強）","結果分布からの仮判定（5着以内の最終コーナー位置・前1/3の頭数）","実通過順（netkeiba コーナー通過順位）","中（4 コーナー 6番手）","順行","4〜5着","5","5","14.2","丸田","美浦 奥村武","未取得","","","","","","","netkeiba 結果ページ一次取得（通過順・着順・人気・horse_id）",""
"順行（参考）","アマイ","2020100809","20260912","202606040310","中山10R","5","芝2000","重","11","前有利","結果分布からの仮判定（5着以内の最終コーナー位置・前1/3の頭数）","実通過順（netkeiba コーナー通過順位）","前（4 コーナー 1番手）","順行","3着内","1","9","19.1","江田照","美浦 伊藤大","未取得","","","","","","","netkeiba 結果ページ一次取得（通過順・着順・人気・horse_id）",""
"順行（参考）","マイネルフーガ","2022106813","20260912","202606040310","中山10R","4","芝2000","重","11","前有利","結果分布からの仮判定（5着以内の最終コーナー位置・前1/3の頭数）","実通過順（netkeiba コーナー通過順位）","前（4 コーナー 2番手）","順行","3着内","3","5","8.5","丹内","美浦 鈴木慎","未取得","","","","","","","netkeiba 結果ページ一次取得（通過順・着順・人気・horse_id）",""
"順行（参考）","トーアライデン","2020103168","20260912","202606040310","中山10R","6","芝2000","重","11","前有利","結果分布からの仮判定（5着以内の最終コーナー位置・前1/3の頭数）","実通過順（netkeiba コーナー通過順位）","前（4 コーナー 3番手）","順行","4〜5着","5","8","13.0","大野","栗東 河嶋","未取得","","","","","","","netkeiba 結果ページ一次取得（通過順・着順・人気・horse_id）",""
"順行（参考）","ユキマル","2020101174","20260912","202606040311","中山11R","15","ダ1200","重","15","差し有利","結果分布からの仮判定（5着以内の最終コーナー位置・前1/3の頭数）","実通過順（netkeiba コーナー通過順位）","中（4 コーナー 7番手）","順行","3着内","1","3","6.3","丹内","美浦 尾形","未取得","","","","","","","netkeiba 結果ページ一次取得（通過順・着順・人気・horse_id）",""
"順行（参考）","ゲイルライダー","2022103684","20260912","202606040311","中山11R","10","ダ1200","重","15","差し有利","結果分布からの仮判定（5着以内の最終コーナー位置・前1/3の頭数）","実通過順（netkeiba コーナー通過順位）","中（4 コーナー 6番手）","順行","4〜5着","4","1","3.7","菊沢","栗東 牧浦","未取得","","","","","","","netkeiba 結果ページ一次取得（通過順・着順・人気・horse_id）",""
"順行（参考）","ショウナンアビアス","2020104597","20260912","202606040311","中山11R","13","ダ1200","重","15","差し有利","結果分布からの仮判定（5着以内の最終コーナー位置・前1/3の頭数）","実通過順（netkeiba コーナー通過順位）","中（4 コーナー 10番手）","順行","4〜5着","5","7","21.7","横山武","美浦 加藤士","未取得","","","","","","","netkeiba 結果ページ一次取得（通過順・着順・人気・horse_id）",""
"順行（参考）","インナーパッション","2023103714","20260912","202606040312","中山12R","8","ダ1800","重","16","差し有利","結果分布からの仮判定（5着以内の最終コーナー位置・前1/3の頭数）","実通過順（netkeiba コーナー通過順位）","中（4 コーナー 7番手）","順行","3着内","1","4","9.2","斎藤","美浦 斎藤誠","未取得","","","","","","","netkeiba 結果ページ一次取得（通過順・着順・人気・horse_id）",""
"順行（参考）","アバレリュウ","2022100390","20260912","202606040312","中山12R","2","ダ1800","重","16","差し有利","結果分布からの仮判定（5着以内の最終コーナー位置・前1/3の頭数）","実通過順（netkeiba コーナー通過順位）","後（4 コーナー 14番手）","順行","4〜5着","4","10","70.4","野中","美浦 鈴木慎","未取得","","","","","","","netkeiba 結果ページ一次取得（通過順・着順・人気・horse_id）",""
"順行（参考）","カーマンライン","2021105329","20260912","202606040312","中山12R","15","ダ1800","重","16","差し有利","結果分布からの仮判定（5着以内の最終コーナー位置・前1/3の頭数）","実通過順（netkeiba コーナー通過順位）","後（4 コーナー 12番手）","順行","4〜5着","5","13","125.1","江田照","美浦 小島","未取得","","","","","","","netkeiba 結果ページ一次取得（通過順・着順・人気・horse_id）",""
"順行（参考）","ショウナンバトレニ","2024107009","20260912","202609040302","阪神02R","5","芝2000","良","7","差し有利（強）","結果分布からの仮判定（5着以内の最終コーナー位置・前1/3の頭数）","実通過順（netkeiba コーナー通過順位）","中（4 コーナー 3番手）","順行","3着内","1","1","1.3","松山","栗東 高野","未取得","","","","","","","netkeiba 結果ページ一次取得（通過順・着順・人気・horse_id）",""
"順行（参考）","ハルカカナタ","2024106310","20260912","202609040302","阪神02R","2","芝2000","良","7","差し有利（強）","結果分布からの仮判定（5着以内の最終コーナー位置・前1/3の頭数）","実通過順（netkeiba コーナー通過順位）","中（4 コーナー 5番手）","順行","3着内","3","2","6.3","幸","栗東 秋山","未取得","","","","","","","netkeiba 結果ページ一次取得（通過順・着順・人気・horse_id）",""
"順行（参考）","ケイアイトリノ","2024103401","20260912","202609040302","阪神02R","1","芝2000","良","7","差し有利（強）","結果分布からの仮判定（5着以内の最終コーナー位置・前1/3の頭数）","実通過順（netkeiba コーナー通過順位）","後（4 コーナー 6番手）","順行","4〜5着","4","4","10.0","藤懸","栗東 平田","未取得","","","","","","","netkeiba 結果ページ一次取得（通過順・着順・人気・horse_id）",""
"順行（参考）","マスリュウオー","2024105248","20260912","202609040302","阪神02R","7","芝2000","良","7","差し有利（強）","結果分布からの仮判定（5着以内の最終コーナー位置・前1/3の頭数）","実通過順（netkeiba コーナー通過順位）","中（4 コーナー 4番手）","順行","4〜5着","5","5","14.3","西村淳","栗東 加藤公","未取得","","","","","","","netkeiba 結果ページ一次取得（通過順・着順・人気・horse_id）",""
"順行（参考）","ホットロッドハート","2024105800","20260912","202609040303","阪神03R","7","ダ1800","稍","7","差し有利","結果分布からの仮判定（5着以内の最終コーナー位置・前1/3の頭数）","実通過順（netkeiba コーナー通過順位）","中（4 コーナー 3番手）","順行","3着内","1","1","1.6","吉村","栗東 前川","未取得","","","","","","","netkeiba 結果ページ一次取得（通過順・着順・人気・horse_id）",""
"順行（参考）","ジュンヴァグネル","2024107194","20260912","202609040303","阪神03R","2","ダ1800","稍","7","差し有利","結果分布からの仮判定（5着以内の最終コーナー位置・前1/3の頭数）","実通過順（netkeiba コーナー通過順位）","中（4 コーナー 5番手）","順行","4〜5着","4","2","3.3","幸","栗東 浜田","未取得","","","","","","","netkeiba 結果ページ一次取得（通過順・着順・人気・horse_id）",""
"順行（参考）","ナポリ","2024100505","20260912","202609040303","阪神03R","1","ダ1800","稍","7","差し有利","結果分布からの仮判定（5着以内の最終コーナー位置・前1/3の頭数）","実通過順（netkeiba コーナー通過順位）","中（4 コーナー 4番手）","順行","4〜5着","5","6","18.7","☆田山","栗東 井上","未取得","","","","","","","netkeiba 結果ページ一次取得（通過順・着順・人気・horse_id）",""
"順行（参考）","ラッキーストーン","2023110018","20260912","202609040304","阪神04R","5","芝1800","良","18","差し有利","結果分布からの仮判定（5着以内の最終コーナー位置・前1/3の頭数）","実通過順（netkeiba コーナー通過順位）","後（4 コーナー 14番手）","順行","3着内","1","11","32.4","田口","栗東 高柳大","未取得","","","","","","","netkeiba 結果ページ一次取得（通過順・着順・人気・horse_id）",""
"順行（参考）","ビロングトゥミー","2023105967","20260912","202609040304","阪神04R","15","芝1800","良","18","差し有利","結果分布からの仮判定（5着以内の最終コーナー位置・前1/3の頭数）","実通過順（netkeiba コーナー通過順位）","後（4 コーナー 15番手）","順行","3着内","3","10","30.5","▲森田","栗東 前川","未取得","","","","","","","netkeiba 結果ページ一次取得（通過順・着順・人気・horse_id）",""
"順行（参考）","アイルドゥレーヴェ","2023103310","20260912","202609040304","阪神04R","4","芝1800","良","18","差し有利","結果分布からの仮判定（5着以内の最終コーナー位置・前1/3の頭数）","実通過順（netkeiba コーナー通過順位）","中（4 コーナー 10番手）","順行","4〜5着","4","9","18.9","☆田山","栗東 新谷","未取得","","","","","","","netkeiba 結果ページ一次取得（通過順・着順・人気・horse_id）",""
"順行（参考）","ルーメンルーナエ","2024106080","20260912","202609040305","阪神05R","9","芝1600","良","10","差し有利","結果分布からの仮判定（5着以内の最終コーナー位置・前1/3の頭数）","実通過順（netkeiba コーナー通過順位）","中（4 コーナー 5番手）","順行","3着内","2","1","1.9","川田","栗東 中内田","未取得","","","","","","","netkeiba 結果ページ一次取得（通過順・着順・人気・horse_id）",""
"順行（参考）","ベルセルク","2024108041","20260912","202609040305","阪神05R","8","芝1600","良","10","差し有利","結果分布からの仮判定（5着以内の最終コーナー位置・前1/3の頭数）","実通過順（netkeiba コーナー通過順位）","中（4 コーナー 7番手）","順行","3着内","3","10","115.9","幸","栗東 森田","未取得","","","","","","","netkeiba 結果ページ一次取得（通過順・着順・人気・horse_id）",""
"順行（参考）","キシゲヒーロー","2024104614","20260912","202609040305","阪神05R","3","芝1600","良","10","差し有利","結果分布からの仮判定（5着以内の最終コーナー位置・前1/3の頭数）","実通過順（netkeiba コーナー通過順位）","中（4 コーナー 6番手）","順行","4〜5着","4","9","51.6","角田和","栗東 中尾","未取得","","","","","","","netkeiba 結果ページ一次取得（通過順・着順・人気・horse_id）",""
"順行（参考）","エピドゥブレ","2024106275","20260912","202609040306","阪神06R","3","ダ1800","稍","8","差し有利","結果分布からの仮判定（5着以内の最終コーナー位置・前1/3の頭数）","実通過順（netkeiba コーナー通過順位）","中（4 コーナー 3番手）","順行","3着内","1","1","1.9","西村淳","栗東 高野","未取得","","","","","","","netkeiba 結果ページ一次取得（通過順・着順・人気・horse_id）",""
"順行（参考）","ミンコフスキー","2024101887","20260912","202609040306","阪神06R","6","ダ1800","稍","8","差し有利","結果分布からの仮判定（5着以内の最終コーナー位置・前1/3の頭数）","実通過順（netkeiba コーナー通過順位）","中（4 コーナー 4番手）","順行","3着内","3","6","10.3","高杉","栗東 前川","未取得","","","","","","","netkeiba 結果ページ一次取得（通過順・着順・人気・horse_id）",""
"順行（参考）","ボーオーブ","2024103483","20260912","202609040306","阪神06R","1","ダ1800","稍","8","差し有利","結果分布からの仮判定（5着以内の最終コーナー位置・前1/3の頭数）","実通過順（netkeiba コーナー通過順位）","中（4 コーナー 6番手）","順行","4〜5着","4","2","5.3","ルメー","栗東 安田","未取得","","","","","","","netkeiba 結果ページ一次取得（通過順・着順・人気・horse_id）",""
"順行（参考）","バルフルール","2023106909","20260912","202609040307","阪神07R","11","ダ1400","稍","16","差し有利","結果分布からの仮判定（5着以内の最終コーナー位置・前1/3の頭数）","実通過順（netkeiba コーナー通過順位）","中（4 コーナー 6番手）","順行","3着内","3","5","10.9","角田和","栗東 長谷川","未取得","","","","","","","netkeiba 結果ページ一次取得（通過順・着順・人気・horse_id）",""
"順行（参考）","メイショウヒタカミ","2023102245","20260912","202609040307","阪神07R","3","ダ1400","稍","16","差し有利","結果分布からの仮判定（5着以内の最終コーナー位置・前1/3の頭数）","実通過順（netkeiba コーナー通過順位）","後（4 コーナー 13番手）","順行","4〜5着","4","12","41.1","太宰","栗東 石橋","未取得","","","","","","","netkeiba 結果ページ一次取得（通過順・着順・人気・horse_id）",""
"順行（参考）","マイベスティー","2023103250","20260912","202609040307","阪神07R","6","ダ1400","稍","16","差し有利","結果分布からの仮判定（5着以内の最終コーナー位置・前1/3の頭数）","実通過順（netkeiba コーナー通過順位）","中（4 コーナー 7番手）","順行","4〜5着","5","7","13.1","松若","栗東 高橋亮","未取得","","","","","","","netkeiba 結果ページ一次取得（通過順・着順・人気・horse_id）",""
"順行（参考）","アクセス","2023100947","20260912","202609040308","阪神08R","4","芝1800","良","14","前有利（強）","結果分布からの仮判定（5着以内の最終コーナー位置・前1/3の頭数）","実通過順（netkeiba コーナー通過順位）","前（4 コーナー 3番手）","順行","3着内","1","1","2.3","岩田望","栗東 上村","未取得","","","","","","","netkeiba 結果ページ一次取得（通過順・着順・人気・horse_id）",""
"順行（参考）","サトノアグード","2023105247","20260912","202609040308","阪神08R","7","芝1800","良","14","前有利（強）","結果分布からの仮判定（5着以内の最終コーナー位置・前1/3の頭数）","実通過順（netkeiba コーナー通過順位）","前（4 コーナー 2番手）","順行","3着内","2","2","3.6","坂井","栗東 藤原","未取得","","","","","","","netkeiba 結果ページ一次取得（通過順・着順・人気・horse_id）",""
"順行（参考）","マイリトルヒーロー","2023106785","20260912","202609040308","阪神08R","1","芝1800","良","14","前有利（強）","結果分布からの仮判定（5着以内の最終コーナー位置・前1/3の頭数）","実通過順（netkeiba コーナー通過順位）","前（4 コーナー 4番手）","順行","3着内","3","5","20.3","幸","栗東 高橋康","未取得","","","","","","","netkeiba 結果ページ一次取得（通過順・着順・人気・horse_id）",""
"順行（参考）","コレオシークエンス","2023105965","20260912","202609040308","阪神08R","6","芝1800","良","14","前有利（強）","結果分布からの仮判定（5着以内の最終コーナー位置・前1/3の頭数）","実通過順（netkeiba コーナー通過順位）","前（4 コーナー 1番手）","順行","4〜5着","4","3","4.0","浜中","栗東 佐藤悠","未取得","","","","","","","netkeiba 結果ページ一次取得（通過順・着順・人気・horse_id）",""
"順行（参考）","ワンコールアウェイ","2022104180","20260912","202609040309","阪神09R","8","芝1400","良","13","差し有利（強）","結果分布からの仮判定（5着以内の最終コーナー位置・前1/3の頭数）","実通過順（netkeiba コーナー通過順位）","後（4 コーナー 12番手）","順行","3着内","2","5","10.0","松若","栗東 杉山晴","未取得","","","","","","","netkeiba 結果ページ一次取得（通過順・着順・人気・horse_id）",""
"順行（参考）","ダガーリング","2022102153","20260912","202609040309","阪神09R","4","芝1400","良","13","差し有利（強）","結果分布からの仮判定（5着以内の最終コーナー位置・前1/3の頭数）","実通過順（netkeiba コーナー通過順位）","中（4 コーナー 6番手）","順行","3着内","3","1","3.8","坂井","栗東 柴田","未取得","","","","","","","netkeiba 結果ページ一次取得（通過順・着順・人気・horse_id）",""
"順行（参考）","ネッタイヤライ","2023104690","20260912","202609040309","阪神09R","7","芝1400","良","13","差し有利（強）","結果分布からの仮判定（5着以内の最終コーナー位置・前1/3の頭数）","実通過順（netkeiba コーナー通過順位）","後（4 コーナー 11番手）","順行","4〜5着","4","7","19.4","北村友","栗東 矢作","未取得","","","","","","","netkeiba 結果ページ一次取得（通過順・着順・人気・horse_id）",""
"順行（参考）","リアライズ","2020105299","20260912","202609040309","阪神09R","3","芝1400","良","13","差し有利（強）","結果分布からの仮判定（5着以内の最終コーナー位置・前1/3の頭数）","実通過順（netkeiba コーナー通過順位）","中（4 コーナー 5番手）","順行","4〜5着","5","12","51.4","角田和","栗東 石橋","未取得","","","","","","","netkeiba 結果ページ一次取得（通過順・着順・人気・horse_id）",""
"順行（参考）","レヴァンテシチー","2022104267","20260912","202609040310","阪神10R","10","ダ1800","良","15","差し有利","結果分布からの仮判定（5着以内の最終コーナー位置・前1/3の頭数）","実通過順（netkeiba コーナー通過順位）","中（4 コーナー 7番手）","順行","3着内","3","5","10.6","吉村","栗東 柴田","未取得","","","","","","","netkeiba 結果ページ一次取得（通過順・着順・人気・horse_id）",""
"順行（参考）","ブルーワール","2021110097","20260912","202609040310","阪神10R","14","ダ1800","良","15","差し有利","結果分布からの仮判定（5着以内の最終コーナー位置・前1/3の頭数）","実通過順（netkeiba コーナー通過順位）","後（4 コーナー 11番手）","順行","4〜5着","4","13","58.0","田口","栗東 高柳大","未取得","","","","","","","netkeiba 結果ページ一次取得（通過順・着順・人気・horse_id）",""
"順行（参考）","ルクスフレンジー","2022104126","20260912","202609040310","阪神10R","15","ダ1800","良","15","差し有利","結果分布からの仮判定（5着以内の最終コーナー位置・前1/3の頭数）","実通過順（netkeiba コーナー通過順位）","中（4 コーナー 9番手）","順行","4〜5着","5","3","5.7","酒井","栗東 松永幹","未取得","","","","","","","netkeiba 結果ページ一次取得（通過順・着順・人気・horse_id）",""
"順行（参考）","ジョバンニ","2022103995","20260912","202609040311","阪神11R","15","芝2000","良","15","差し有利","結果分布からの仮判定（5着以内の最終コーナー位置・前1/3の頭数）","実通過順（netkeiba コーナー通過順位）","中（4 コーナー 6番手）","順行","3着内","1","3","7.1","松山","栗東 杉山晴","未取得","","","","","","","netkeiba 結果ページ一次取得（通過順・着順・人気・horse_id）",""
"順行（参考）","カラマティアノス","2022104896","20260912","202609040311","阪神11R","8","芝2000","良","15","差し有利","結果分布からの仮判定（5着以内の最終コーナー位置・前1/3の頭数）","実通過順（netkeiba コーナー通過順位）","中（4 コーナー 7番手）","順行","3着内","2","9","18.5","ルメー","美浦 奥村武","未取得","","","","","","","netkeiba 結果ページ一次取得（通過順・着順・人気・horse_id）",""
"順行（参考）","マリアイリダータ","2022105064","20260912","202609040311","阪神11R","11","芝2000","良","15","差し有利","結果分布からの仮判定（5着以内の最終コーナー位置・前1/3の頭数）","実通過順（netkeiba コーナー通過順位）","後（4 コーナー 12番手）","順行","4〜5着","4","2","4.5","坂井","美浦 田中博","未取得","","","","","","","netkeiba 結果ページ一次取得（通過順・着順・人気・horse_id）",""
"順行（参考）","ゴールドアーチ","2023102051","20260912","202609040312","阪神12R","10","ダ1200","良","16","前有利","結果分布からの仮判定（5着以内の最終コーナー位置・前1/3の頭数）","実通過順（netkeiba コーナー通過順位）","前（4 コーナー 2番手）","順行","3着内","1","2","4.5","岩田望","栗東 坂口","未取得","","","","","","","netkeiba 結果ページ一次取得（通過順・着順・人気・horse_id）",""
"順行（参考）","スターフュージョン","2023103808","20260912","202609040312","阪神12R","14","ダ1200","良","16","前有利","結果分布からの仮判定（5着以内の最終コーナー位置・前1/3の頭数）","実通過順（netkeiba コーナー通過順位）","前（4 コーナー 5番手）","順行","3着内","2","4","7.9","鮫島駿","栗東 杉山佳","未取得","","","","","","","netkeiba 結果ページ一次取得（通過順・着順・人気・horse_id）",""
"順行（参考）","ヒルノプーリア","2023106388","20260912","202609040312","阪神12R","13","ダ1200","良","16","前有利","結果分布からの仮判定（5着以内の最終コーナー位置・前1/3の頭数）","実通過順（netkeiba コーナー通過順位）","前（4 コーナー 1番手）","順行","4〜5着","5","1","2.5","秋山稔","栗東 北出","未取得","","","","","","","netkeiba 結果ページ一次取得（通過順・着順・人気・horse_id）",""
"順行（参考）","テキサス","2024105048","20260913","202606040402","中山02R","3","芝2000","重","9","前有利","結果分布からの仮判定（5着以内の最終コーナー位置・前1/3の頭数）","実通過順（netkeiba コーナー通過順位）","前（4 コーナー 2番手）","順行","3着内","1","2","2.5","岩田望","美浦 田中博","未取得","","","","","","","netkeiba 結果ページ一次取得（通過順・着順・人気・horse_id）",""
"順行（参考）","サーギュスターヴ","2024106823","20260913","202606040402","中山02R","5","芝2000","重","9","前有利","結果分布からの仮判定（5着以内の最終コーナー位置・前1/3の頭数）","実通過順（netkeiba コーナー通過順位）","前（4 コーナー 1番手）","順行","3着内","2","7","64.6","丹内","美浦 杉浦","未取得","","","","","","","netkeiba 結果ページ一次取得（通過順・着順・人気・horse_id）",""
"順行（参考）","シュートザワークス","2024107076","20260913","202606040402","中山02R","8","芝2000","重","9","前有利","結果分布からの仮判定（5着以内の最終コーナー位置・前1/3の頭数）","実通過順（netkeiba コーナー通過順位）","前（4 コーナー 3番手）","順行","3着内","3","1","2.3","津村","美浦 千葉","未取得","","","","","","","netkeiba 結果ページ一次取得（通過順・着順・人気・horse_id）",""
"順行（参考）","アレックスケー","2024101581","20260913","202606040403","中山03R","7","ダ1200","重","16","前有利","結果分布からの仮判定（5着以内の最終コーナー位置・前1/3の頭数）","実通過順（netkeiba コーナー通過順位）","前（4 コーナー 2番手）","順行","3着内","1","2","4.7","石橋脩","美浦 小野","未取得","","","","","","","netkeiba 結果ページ一次取得（通過順・着順・人気・horse_id）",""
"順行（参考）","アルニタク","2024105692","20260913","202606040403","中山03R","4","ダ1200","重","16","前有利","結果分布からの仮判定（5着以内の最終コーナー位置・前1/3の頭数）","実通過順（netkeiba コーナー通過順位）","前（4 コーナー 1番手）","順行","3着内","2","5","17.9","▲佐藤","美浦 伊藤圭","未取得","","","","","","","netkeiba 結果ページ一次取得（通過順・着順・人気・horse_id）",""
"順行（参考）","ラフエルガ","2024105946","20260913","202606040403","中山03R","6","ダ1200","重","16","前有利","結果分布からの仮判定（5着以内の最終コーナー位置・前1/3の頭数）","実通過順（netkeiba コーナー通過順位）","前（4 コーナー 5番手）","順行","3着内","3","1","1.9","横山武","美浦 鈴木伸","未取得","","","","","","","netkeiba 結果ページ一次取得（通過順・着順・人気・horse_id）",""
"順行（参考）","ショウナンバーボン","2023106620","20260913","202606040404","中山04R","6","芝1600","重","14","差し有利","結果分布からの仮判定（5着以内の最終コーナー位置・前1/3の頭数）","実通過順（netkeiba コーナー通過順位）","中（4 コーナー 5番手）","順行","3着内","1","1","4.5","松山","美浦 加藤士","未取得","","","","","","","netkeiba 結果ページ一次取得（通過順・着順・人気・horse_id）",""
"順行（参考）","ランウェイミューズ","2023107304","20260913","202606040404","中山04R","2","芝1600","重","14","差し有利","結果分布からの仮判定（5着以内の最終コーナー位置・前1/3の頭数）","実通過順（netkeiba コーナー通過順位）","中（4 コーナー 8番手）","順行","3着内","3","5","9.2","丹内","美浦 竹内","未取得","","","","","","","netkeiba 結果ページ一次取得（通過順・着順・人気・horse_id）",""
"順行（参考）","ダイユウルミナス","2023106299","20260913","202606040404","中山04R","4","芝1600","重","14","差し有利","結果分布からの仮判定（5着以内の最終コーナー位置・前1/3の頭数）","実通過順（netkeiba コーナー通過順位）","後（4 コーナー 13番手）","順行","4〜5着","4","8","13.0","◇小林美","美浦 松永康","未取得","","","","","","","netkeiba 結果ページ一次取得（通過順・着順・人気・horse_id）",""
"順行（参考）","タンタトリス","2024105862","20260913","202606040405","中山05R","8","芝1800","稍","11","差し有利","結果分布からの仮判定（5着以内の最終コーナー位置・前1/3の頭数）","実通過順（netkeiba コーナー通過順位）","中（4 コーナー 7番手）","順行","3着内","2","6","8.9","横山武","美浦 矢嶋","未取得","","","","","","","netkeiba 結果ページ一次取得（通過順・着順・人気・horse_id）",""
"順行（参考）","ラルコ","2024103406","20260913","202606040405","中山05R","2","芝1800","稍","11","差し有利","結果分布からの仮判定（5着以内の最終コーナー位置・前1/3の頭数）","実通過順（netkeiba コーナー通過順位）","中（4 コーナー 4番手）","順行","4〜5着","4","2","3.8","田辺","美浦 中舘","未取得","","","","","","","netkeiba 結果ページ一次取得（通過順・着順・人気・horse_id）",""
"順行（参考）","ストロングボイス","2024104220","20260913","202606040405","中山05R","3","芝1800","稍","11","差し有利","結果分布からの仮判定（5着以内の最終コーナー位置・前1/3の頭数）","実通過順（netkeiba コーナー通過順位）","中（4 コーナー 6番手）","順行","4〜5着","5","7","25.7","丸山","美浦 手塚徳","未取得","","","","","","","netkeiba 結果ページ一次取得（通過順・着順・人気・horse_id）",""
"順行（参考）","オートカリテ","2023103555","20260913","202606040406","中山06R","7","ダ1800","重","16","差し有利","結果分布からの仮判定（5着以内の最終コーナー位置・前1/3の頭数）","実通過順（netkeiba コーナー通過順位）","中（4 コーナー 6番手）","順行","3着内","1","8","23.8","ミシェ","美浦 牧","未取得","","","","","","","netkeiba 結果ページ一次取得（通過順・着順・人気・horse_id）",""
"順行（参考）","ゴールデンダガー","2023105726","20260913","202606040406","中山06R","15","ダ1800","重","16","差し有利","結果分布からの仮判定（5着以内の最終コーナー位置・前1/3の頭数）","実通過順（netkeiba コーナー通過順位）","中（4 コーナー 8番手）","順行","3着内","3","5","15.7","横山琉","美浦 中舘","未取得","","","","","","","netkeiba 結果ページ一次取得（通過順・着順・人気・horse_id）",""
"順行（参考）","ヨーゼフ","2023107061","20260913","202606040406","中山06R","2","ダ1800","重","16","差し有利","結果分布からの仮判定（5着以内の最終コーナー位置・前1/3の頭数）","実通過順（netkeiba コーナー通過順位）","後（4 コーナー 14番手）","順行","4〜5着","5","4","11.2","武藤","美浦 戸田","未取得","","","","","","","netkeiba 結果ページ一次取得（通過順・着順・人気・horse_id）",""
"順行（参考）","ナハトナナレオン","2023102619","20260913","202606040407","中山07R","11","芝1600","稍","16","差し有利","結果分布からの仮判定（5着以内の最終コーナー位置・前1/3の頭数）","実通過順（netkeiba コーナー通過順位）","中（4 コーナー 8番手）","順行","3着内","3","3","7.7","横山武","美浦 矢嶋","未取得","","","","","","","netkeiba 結果ページ一次取得（通過順・着順・人気・horse_id）",""
"順行（参考）","シャオママル","2023100776","20260913","202606040407","中山07R","10","芝1600","稍","16","差し有利","結果分布からの仮判定（5着以内の最終コーナー位置・前1/3の頭数）","実通過順（netkeiba コーナー通過順位）","後（4 コーナー 12番手）","順行","4〜5着","4","10","22.9","丸田","美浦 加藤士","未取得","","","","","","","netkeiba 結果ページ一次取得（通過順・着順・人気・horse_id）",""
"順行（参考）","ラヴスコール","2021105473","20260913","202606040407","中山07R","1","芝1600","稍","16","差し有利","結果分布からの仮判定（5着以内の最終コーナー位置・前1/3の頭数）","実通過順（netkeiba コーナー通過順位）","中（4 コーナー 9番手）","順行","4〜5着","5","12","28.9","鮫島駿","美浦 加藤征","未取得","","","","","","","netkeiba 結果ページ一次取得（通過順・着順・人気・horse_id）",""
"順行（参考）","クラシオン","2023104780","20260913","202606040408","中山08R","3","ダ1200","重","16","前有利","結果分布からの仮判定（5着以内の最終コーナー位置・前1/3の頭数）","実通過順（netkeiba コーナー通過順位）","前（4 コーナー 1番手）","順行","3着内","1","5","9.6","菊沢","美浦 菊沢","未取得","","","","","","","netkeiba 結果ページ一次取得（通過順・着順・人気・horse_id）",""
"順行（参考）","ラルフテソーロ","2022102269","20260913","202606040408","中山08R","13","ダ1200","重","16","前有利","結果分布からの仮判定（5着以内の最終コーナー位置・前1/3の頭数）","実通過順（netkeiba コーナー通過順位）","前（4 コーナー 2番手）","順行","3着内","2","2","4.9","丹内","美浦 伊藤圭","未取得","","","","","","","netkeiba 結果ページ一次取得（通過順・着順・人気・horse_id）",""
"順行（参考）","エルムラント","2022104678","20260913","202606040408","中山08R","10","ダ1200","重","16","前有利","結果分布からの仮判定（5着以内の最終コーナー位置・前1/3の頭数）","実通過順（netkeiba コーナー通過順位）","前（4 コーナー 4番手）","順行","3着内","3","6","14.5","三浦","美浦 鹿戸","未取得","","","","","","","netkeiba 結果ページ一次取得（通過順・着順・人気・horse_id）",""
"順行（参考）","ブルーマエストロ","2022105189","20260913","202606040409","中山09R","2","芝1800","稍","11","差し有利（強）","結果分布からの仮判定（5着以内の最終コーナー位置・前1/3の頭数）","実通過順（netkeiba コーナー通過順位）","中（4 コーナー 5番手）","順行","3着内","1","1","2.5","川田","美浦 黒岩","未取得","","","","","","","netkeiba 結果ページ一次取得（通過順・着順・人気・horse_id）",""
"順行（参考）","ヤマニンガラッシア","2017101772","20260913","202606040409","中山09R","6","芝1800","稍","11","差し有利（強）","結果分布からの仮判定（5着以内の最終コーナー位置・前1/3の頭数）","実通過順（netkeiba コーナー通過順位）","中（4 コーナー 4番手）","順行","3着内","2","8","41.2","大野","美浦 辻","未取得","","","","","","","netkeiba 結果ページ一次取得（通過順・着順・人気・horse_id）",""
"順行（参考）","イベントホライゾン","2023107287","20260913","202606040409","中山09R","1","芝1800","稍","11","差し有利（強）","結果分布からの仮判定（5着以内の最終コーナー位置・前1/3の頭数）","実通過順（netkeiba コーナー通過順位）","中（4 コーナー 6番手）","順行","4〜5着","4","2","2.9","松山","栗東 池江","未取得","","","","","","","netkeiba 結果ページ一次取得（通過順・着順・人気・horse_id）",""
"順行（参考）","グランカンタンテ","2021105600","20260913","202606040409","中山09R","4","芝1800","稍","11","差し有利（強）","結果分布からの仮判定（5着以内の最終コーナー位置・前1/3の頭数）","実通過順（netkeiba コーナー通過順位）","中（4 コーナー 8番手）","順行","4〜5着","5","7","33.1","三浦","美浦 鹿戸","未取得","","","","","","","netkeiba 結果ページ一次取得（通過順・着順・人気・horse_id）",""
"順行（参考）","ドンレパルス","2019100553","20260913","202606040410","中山10R","2","ダ1200","重","10","差し有利","結果分布からの仮判定（5着以内の最終コーナー位置・前1/3の頭数）","実通過順（netkeiba コーナー通過順位）","中（4 コーナー 6番手）","順行","3着内","1","4","5.2","三浦","美浦 高木","未取得","","","","","","","netkeiba 結果ページ一次取得（通過順・着順・人気・horse_id）",""
"順行（参考）","ワンダラー","2022100071","20260913","202606040410","中山10R","8","ダ1200","重","10","差し有利","結果分布からの仮判定（5着以内の最終コーナー位置・前1/3の頭数）","実通過順（netkeiba コーナー通過順位）","後（4 コーナー 8番手）","順行","3着内","2","3","4.8","丹内","美浦 黒岩","未取得","","","","","","","netkeiba 結果ページ一次取得（通過順・着順・人気・horse_id）",""
"順行（参考）","イリフィ","2022110077","20260913","202606040410","中山10R","10","ダ1200","重","10","差し有利","結果分布からの仮判定（5着以内の最終コーナー位置・前1/3の頭数）","実通過順（netkeiba コーナー通過順位）","中（4 コーナー 4番手）","順行","4〜5着","5","2","4.2","川田","栗東 高野","未取得","","","","","","","netkeiba 結果ページ一次取得（通過順・着順・人気・horse_id）",""
"順行（参考）","ジャスティンシカゴ","2023106924","20260913","202606040411","中山11R","7","芝2200","稍","16","前有利","結果分布からの仮判定（5着以内の最終コーナー位置・前1/3の頭数）","実通過順（netkeiba コーナー通過順位）","前（4 コーナー 3番手）","順行","3着内","1","12","50.6","原","美浦 宮田","未取得","","","","","","","netkeiba 結果ページ一次取得（通過順・着順・人気・horse_id）",""
"順行（参考）","サヴォアフェール","2023105645","20260913","202606040411","中山11R","6","芝2200","稍","16","前有利","結果分布からの仮判定（5着以内の最終コーナー位置・前1/3の頭数）","実通過順（netkeiba コーナー通過順位）","前（4 コーナー 5番手）","順行","3着内","2","2","4.7","松山","栗東 杉山晴","未取得","","","","","","","netkeiba 結果ページ一次取得（通過順・着順・人気・horse_id）",""
"順行（参考）","アスクエジンバラ","2023106400","20260913","202606040411","中山11R","5","芝2200","稍","16","前有利","結果分布からの仮判定（5着以内の最終コーナー位置・前1/3の頭数）","実通過順（netkeiba コーナー通過順位）","前（4 コーナー 2番手）","順行","4〜5着","4","3","5.0","岩田康","栗東 福永","未取得","","","","","","","netkeiba 結果ページ一次取得（通過順・着順・人気・horse_id）",""
"順行（参考）","ジェイエルモーダル","2023106313","20260913","202606040412","中山12R","4","ダ1800","稍","13","差し有利（強）","結果分布からの仮判定（5着以内の最終コーナー位置・前1/3の頭数）","実通過順（netkeiba コーナー通過順位）","中（4 コーナー 7番手）","順行","3着内","1","1","1.8","田辺","美浦 松尾","未取得","","","","","","","netkeiba 結果ページ一次取得（通過順・着順・人気・horse_id）",""
"順行（参考）","ニシノケンタマン","2022106427","20260913","202606040412","中山12R","3","ダ1800","稍","13","差し有利（強）","結果分布からの仮判定（5着以内の最終コーナー位置・前1/3の頭数）","実通過順（netkeiba コーナー通過順位）","中（4 コーナー 8番手）","順行","3着内","3","8","29.9","野中","美浦 深山","未取得","","","","","","","netkeiba 結果ページ一次取得（通過順・着順・人気・horse_id）",""
"順行（参考）","カゼノタカトシ","2022107226","20260913","202606040412","中山12R","8","ダ1800","稍","13","差し有利（強）","結果分布からの仮判定（5着以内の最終コーナー位置・前1/3の頭数）","実通過順（netkeiba コーナー通過順位）","中（4 コーナー 6番手）","順行","4〜5着","4","6","18.8","◇今村","美浦 久保田","未取得","","","","","","","netkeiba 結果ページ一次取得（通過順・着順・人気・horse_id）",""
"順行（参考）","ナイトスラッガー","2021101603","20260913","202606040412","中山12R","9","ダ1800","稍","13","差し有利（強）","結果分布からの仮判定（5着以内の最終コーナー位置・前1/3の頭数）","実通過順（netkeiba コーナー通過順位）","中（4 コーナー 5番手）","順行","4〜5着","5","3","6.6","横山武","美浦 小手川","未取得","","","","","","","netkeiba 結果ページ一次取得（通過順・着順・人気・horse_id）",""
"順行（参考）","ウンディーネ","2024103349","20260913","202609040401","阪神01R","4","ダ1400","良","11","差し有利","結果分布からの仮判定（5着以内の最終コーナー位置・前1/3の頭数）","実通過順（netkeiba コーナー通過順位）","中（4 コーナー 5番手）","順行","3着内","1","1","2.8","坂井","栗東 井上","未取得","","","","","","","netkeiba 結果ページ一次取得（通過順・着順・人気・horse_id）",""
"順行（参考）","ウィザードシチー","2024102718","20260913","202609040401","阪神01R","1","ダ1400","良","11","差し有利","結果分布からの仮判定（5着以内の最終コーナー位置・前1/3の頭数）","実通過順（netkeiba コーナー通過順位）","中（4 コーナー 8番手）","順行","3着内","3","6","16.0","亀田","栗東 北出","未取得","","","","","","","netkeiba 結果ページ一次取得（通過順・着順・人気・horse_id）",""
"順行（参考）","ヘスティア","2024103535","20260913","202609040401","阪神01R","5","ダ1400","良","11","差し有利","結果分布からの仮判定（5着以内の最終コーナー位置・前1/3の頭数）","実通過順（netkeiba コーナー通過順位）","中（4 コーナー 6番手）","順行","4〜5着","4","3","5.5","角田和","栗東 高橋亮","未取得","","","","","","","netkeiba 結果ページ一次取得（通過順・着順・人気・horse_id）",""
"順行（参考）","ブレイクガール","2024106674","20260913","202609040402","阪神02R","4","芝1600","良","7","差し有利","結果分布からの仮判定（5着以内の最終コーナー位置・前1/3の頭数）","実通過順（netkeiba コーナー通過順位）","中（4 コーナー 5番手）","順行","3着内","1","1","1.4","ルメー","栗東 武幸","未取得","","","","","","","netkeiba 結果ページ一次取得（通過順・着順・人気・horse_id）",""
"順行（参考）","レイクイーン","2024105648","20260913","202609040402","阪神02R","2","芝1600","良","7","差し有利","結果分布からの仮判定（5着以内の最終コーナー位置・前1/3の頭数）","実通過順（netkeiba コーナー通過順位）","中（4 コーナー 3番手）","順行","3着内","2","4","8.1","戸崎圭","栗東 中村","未取得","","","","","","","netkeiba 結果ページ一次取得（通過順・着順・人気・horse_id）",""
"順行（参考）","コトテーラー","2024104829","20260913","202609040402","阪神02R","7","芝1600","良","7","差し有利","結果分布からの仮判定（5着以内の最終コーナー位置・前1/3の頭数）","実通過順（netkeiba コーナー通過順位）","中（4 コーナー 4番手）","順行","4〜5着","4","3","6.4","☆田山","栗東 緒方","未取得","","","","","","","netkeiba 結果ページ一次取得（通過順・着順・人気・horse_id）",""
"順行（参考）","タガノランパート","2023104330","20260913","202609040403","阪神03R","7","ダ1800","良","16","前有利（強）","結果分布からの仮判定（5着以内の最終コーナー位置・前1/3の頭数）","実通過順（netkeiba コーナー通過順位）","前（4 コーナー 2番手）","順行","3着内","1","1","3.4","田口","栗東 奥村豊","未取得","","","","","","","netkeiba 結果ページ一次取得（通過順・着順・人気・horse_id）",""
"順行（参考）","ラミエルノムスコ","2023103248","20260913","202609040403","阪神03R","11","ダ1800","良","16","前有利（強）","結果分布からの仮判定（5着以内の最終コーナー位置・前1/3の頭数）","実通過順（netkeiba コーナー通過順位）","前（4 コーナー 5番手）","順行","3着内","2","3","5.4","吉村","栗東 千田","未取得","","","","","","","netkeiba 結果ページ一次取得（通過順・着順・人気・horse_id）",""
"順行（参考）","ブルーザー","2023106218","20260913","202609040403","阪神03R","9","ダ1800","良","16","前有利（強）","結果分布からの仮判定（5着以内の最終コーナー位置・前1/3の頭数）","実通過順（netkeiba コーナー通過順位）","前（4 コーナー 3番手）","順行","3着内","3","4","7.9","☆田山","栗東 池添","未取得","","","","","","","netkeiba 結果ページ一次取得（通過順・着順・人気・horse_id）",""
"順行（参考）","クロレ","2023110041","20260913","202609040403","阪神03R","5","ダ1800","良","16","前有利（強）","結果分布からの仮判定（5着以内の最終コーナー位置・前1/3の頭数）","実通過順（netkeiba コーナー通過順位）","前（4 コーナー 4番手）","順行","4〜5着","4","2","4.1","坂井","栗東 福永","未取得","","","","","","","netkeiba 結果ページ一次取得（通過順・着順・人気・horse_id）",""
"順行（参考）","リボンインザスカイ","2023104882","20260913","202609040404","阪神04R","9","芝2200","良","18","前有利","結果分布からの仮判定（5着以内の最終コーナー位置・前1/3の頭数）","実通過順（netkeiba コーナー通過順位）","前（4 コーナー 6番手）","順行","3着内","1","3","7.5","斎藤","栗東 安田","未取得","","","","","","","netkeiba 結果ページ一次取得（通過順・着順・人気・horse_id）",""
"順行（参考）","ノブレスラブリエ","2023106455","20260913","202609040404","阪神04R","10","芝2200","良","18","前有利","結果分布からの仮判定（5着以内の最終コーナー位置・前1/3の頭数）","実通過順（netkeiba コーナー通過順位）","前（4 コーナー 2番手）","順行","3着内","3","8","23.1","松若","栗東 西園翔","未取得","","","","","","","netkeiba 結果ページ一次取得（通過順・着順・人気・horse_id）",""
"順行（参考）","ルーチェブリラーレ","2023107297","20260913","202609040404","阪神04R","16","芝2200","良","18","前有利","結果分布からの仮判定（5着以内の最終コーナー位置・前1/3の頭数）","実通過順（netkeiba コーナー通過順位）","前（4 コーナー 5番手）","順行","4〜5着","4","1","2.3","ルメー","栗東 福永","未取得","","","","","","","netkeiba 結果ページ一次取得（通過順・着順・人気・horse_id）",""
"順行（参考）","マイネルグリモア","2024103609","20260913","202609040405","阪神05R","6","芝2000","良","6","差し有利","結果分布からの仮判定（5着以内の最終コーナー位置・前1/3の頭数）","実通過順（netkeiba コーナー通過順位）","中（4 コーナー 4番手）","順行","3着内","1","2","5.1","国分恭","栗東 吉田","未取得","","","","","","","netkeiba 結果ページ一次取得（通過順・着順・人気・horse_id）",""
"順行（参考）","ミスティビーコン","2024104900","20260913","202609040405","阪神05R","5","芝2000","良","6","差し有利","結果分布からの仮判定（5着以内の最終コーナー位置・前1/3の頭数）","実通過順（netkeiba コーナー通過順位）","後（4 コーナー 5番手）","順行","3着内","2","5","16.3","佐々木","栗東 橋田","未取得","","","","","","","netkeiba 結果ページ一次取得（通過順・着順・人気・horse_id）",""
"順行（参考）","タガノフリアン","2024103382","20260913","202609040405","阪神05R","4","芝2000","良","6","差し有利","結果分布からの仮判定（5着以内の最終コーナー位置・前1/3の頭数）","実通過順（netkeiba コーナー通過順位）","中（4 コーナー 3番手）","順行","3着内","3","6","47.8","角田和","栗東 角田","未取得","","","","","","","netkeiba 結果ページ一次取得（通過順・着順・人気・horse_id）",""
"順行（参考）","ビッグヒーロー","2023106188","20260913","202609040406","阪神06R","7","ダ1800","良","15","前有利","結果分布からの仮判定（5着以内の最終コーナー位置・前1/3の頭数）","実通過順（netkeiba コーナー通過順位）","前（4 コーナー 5番手）","順行","3着内","1","1","2.7","ルメー","栗東 福永","未取得","","","","","","","netkeiba 結果ページ一次取得（通過順・着順・人気・horse_id）",""
"順行（参考）","ゴールデンドラゴン","2023104872","20260913","202609040406","阪神06R","9","ダ1800","良","15","前有利","結果分布からの仮判定（5着以内の最終コーナー位置・前1/3の頭数）","実通過順（netkeiba コーナー通過順位）","前（4 コーナー 4番手）","順行","3着内","2","3","6.1","松若","栗東 宮本","未取得","","","","","","","netkeiba 結果ページ一次取得（通過順・着順・人気・horse_id）",""
"順行（参考）","プレデンシア","2023100376","20260913","202609040406","阪神06R","11","ダ1800","良","15","前有利","結果分布からの仮判定（5着以内の最終コーナー位置・前1/3の頭数）","実通過順（netkeiba コーナー通過順位）","前（4 コーナー 2番手）","順行","3着内","3","4","6.7","田口","栗東 中尾","未取得","","","","","","","netkeiba 結果ページ一次取得（通過順・着順・人気・horse_id）",""
"順行（参考）","プレダトゥール","2023103171","20260913","202609040407","阪神07R","2","ダ1400","良","16","差し有利","結果分布からの仮判定（5着以内の最終コーナー位置・前1/3の頭数）","実通過順（netkeiba コーナー通過順位）","中（4 コーナー 8番手）","順行","3着内","3","6","15.8","亀田","栗東 北出","未取得","","","","","","","netkeiba 結果ページ一次取得（通過順・着順・人気・horse_id）",""
"順行（参考）","ヴォンドゥ","2023101810","20260913","202609040407","阪神07R","13","ダ1400","良","16","差し有利","結果分布からの仮判定（5着以内の最終コーナー位置・前1/3の頭数）","実通過順（netkeiba コーナー通過順位）","中（4 コーナー 9番手）","順行","4〜5着","4","3","5.5","▲森田","栗東 小栗","未取得","","","","","","","netkeiba 結果ページ一次取得（通過順・着順・人気・horse_id）",""
"順行（参考）","ハードシングス","2023103151","20260913","202609040407","阪神07R","7","ダ1400","良","16","差し有利","結果分布からの仮判定（5着以内の最終コーナー位置・前1/3の頭数）","実通過順（netkeiba コーナー通過順位）","中（4 コーナー 6番手）","順行","4〜5着","5","7","24.6","松若","栗東 小崎","未取得","","","","","","","netkeiba 結果ページ一次取得（通過順・着順・人気・horse_id）",""
"順行（参考）","サンライズオスカー","2023106129","20260913","202609040408","阪神08R","11","ダ1800","良","12","前有利（強）","結果分布からの仮判定（5着以内の最終コーナー位置・前1/3の頭数）","実通過順（netkeiba コーナー通過順位）","前（4 コーナー 3番手）","順行","3着内","1","1","2.3","藤懸","栗東 石坂","未取得","","","","","","","netkeiba 結果ページ一次取得（通過順・着順・人気・horse_id）",""
"順行（参考）","ココロヅヨサ","2023105041","20260913","202609040408","阪神08R","2","ダ1800","良","12","前有利（強）","結果分布からの仮判定（5着以内の最終コーナー位置・前1/3の頭数）","実通過順（netkeiba コーナー通過順位）","前（4 コーナー 4番手）","順行","3着内","2","2","3.9","浜中","栗東 田中克","未取得","","","","","","","netkeiba 結果ページ一次取得（通過順・着順・人気・horse_id）",""
"順行（参考）","グランドスウェル","2023102833","20260913","202609040408","阪神08R","6","ダ1800","良","12","前有利（強）","結果分布からの仮判定（5着以内の最終コーナー位置・前1/3の頭数）","実通過順（netkeiba コーナー通過順位）","前（4 コーナー 2番手）","順行","3着内","3","9","60.1","西塚","美浦 畠山","未取得","","","","","","","netkeiba 結果ページ一次取得（通過順・着順・人気・horse_id）",""
"順行（参考）","メイショウソウテン","2023103180","20260913","202609040408","阪神08R","5","ダ1800","良","12","前有利（強）","結果分布からの仮判定（5着以内の最終コーナー位置・前1/3の頭数）","実通過順（netkeiba コーナー通過順位）","前（4 コーナー 1番手）","順行","4〜5着","4","4","6.9","田口","栗東 鈴木孝","未取得","","","","","","","netkeiba 結果ページ一次取得（通過順・着順・人気・horse_id）",""
"順行（参考）","マジョレルブルー","2023103531","20260913","202609040409","阪神09R","2","芝2000","良","11","前有利","結果分布からの仮判定（5着以内の最終コーナー位置・前1/3の頭数）","実通過順（netkeiba コーナー通過順位）","前（4 コーナー 3番手）","順行","3着内","1","3","5.1","戸崎圭","栗東 友道","未取得","","","","","","","netkeiba 結果ページ一次取得（通過順・着順・人気・horse_id）",""
"順行（参考）","ダイヤモンドハンズ","2020103647","20260913","202609040409","阪神09R","4","芝2000","良","11","前有利","結果分布からの仮判定（5着以内の最終コーナー位置・前1/3の頭数）","実通過順（netkeiba コーナー通過順位）","前（4 コーナー 2番手）","順行","3着内","2","5","13.4","北村友","栗東 坂口","未取得","","","","","","","netkeiba 結果ページ一次取得（通過順・着順・人気・horse_id）",""
"順行（参考）","ミッキージャンプ","2023105274","20260913","202609040409","阪神09R","10","芝2000","良","11","前有利","結果分布からの仮判定（5着以内の最終コーナー位置・前1/3の頭数）","実通過順（netkeiba コーナー通過順位）","前（4 コーナー 1番手）","順行","3着内","3","2","2.6","西村淳","栗東 池江","未取得","","","","","","","netkeiba 結果ページ一次取得（通過順・着順・人気・horse_id）",""
"順行（参考）","インヴォーグ","2022104145","20260913","202609040410","阪神10R","8","芝1600","良","15","前有利","結果分布からの仮判定（5着以内の最終コーナー位置・前1/3の頭数）","実通過順（netkeiba コーナー通過順位）","前（4 コーナー 5番手）","順行","3着内","1","2","3.4","幸","栗東 福永","未取得","","","","","","","netkeiba 結果ページ一次取得（通過順・着順・人気・horse_id）",""
"順行（参考）","モンテシート","2022105108","20260913","202609040410","阪神10R","5","芝1600","良","15","前有利","結果分布からの仮判定（5着以内の最終コーナー位置・前1/3の頭数）","実通過順（netkeiba コーナー通過順位）","前（4 コーナー 1番手）","順行","3着内","2","6","15.6","北村友","栗東 牧田","未取得","","","","","","","netkeiba 結果ページ一次取得（通過順・着順・人気・horse_id）",""
"順行（参考）","チェルノボーグ","2019104732","20260913","202609040410","阪神10R","1","芝1600","良","15","前有利","結果分布からの仮判定（5着以内の最終コーナー位置・前1/3の頭数）","実通過順（netkeiba コーナー通過順位）","前（4 コーナー 3番手）","順行","4〜5着","5","9","21.3","西塚","栗東 藤原","未取得","","","","","","","netkeiba 結果ページ一次取得（通過順・着順・人気・horse_id）",""
"順行（参考）","エンネ","2023102102","20260913","202609040411","阪神11R","2","芝1800","良","12","差し有利","結果分布からの仮判定（5着以内の最終コーナー位置・前1/3の頭数）","実通過順（netkeiba コーナー通過順位）","中（4 コーナー 5番手）","順行","3着内","2","3","5.9","坂井","栗東 吉岡","未取得","","","","","","","netkeiba 結果ページ一次取得（通過順・着順・人気・horse_id）",""
"順行（参考）","イクシード","2023107030","20260913","202609040411","阪神11R","6","芝1800","良","12","差し有利","結果分布からの仮判定（5着以内の最終コーナー位置・前1/3の頭数）","実通過順（netkeiba コーナー通過順位）","後（4 コーナー 11番手）","順行","3着内","3","2","5.3","ルメー","美浦 木村","未取得","","","","","","","netkeiba 結果ページ一次取得（通過順・着順・人気・horse_id）",""
"順行（参考）","ミリタリータトゥー","2023101180","20260913","202609040411","阪神11R","8","芝1800","良","12","差し有利","結果分布からの仮判定（5着以内の最終コーナー位置・前1/3の頭数）","実通過順（netkeiba コーナー通過順位）","後（4 コーナー 12番手）","順行","4〜5着","5","11","58.9","西塚","栗東 藤岡健","未取得","","","","","","","netkeiba 結果ページ一次取得（通過順・着順・人気・horse_id）",""
"順行（参考）","ユウトザレン","2022101016","20260913","202609040412","阪神12R","14","ダ1200","良","14","差し有利（強）","結果分布からの仮判定（5着以内の最終コーナー位置・前1/3の頭数）","実通過順（netkeiba コーナー通過順位）","中（4 コーナー 8番手）","順行","3着内","1","2","3.7","吉村","栗東 千田","未取得","","","","","","","netkeiba 結果ページ一次取得（通過順・着順・人気・horse_id）",""
"順行（参考）","アオイレーギーナ","2022102939","20260913","202609040412","阪神12R","7","ダ1200","良","14","差し有利（強）","結果分布からの仮判定（5着以内の最終コーナー位置・前1/3の頭数）","実通過順（netkeiba コーナー通過順位）","中（4 コーナー 5番手）","順行","3着内","2","1","3.2","幸","栗東 宮地","未取得","","","","","","","netkeiba 結果ページ一次取得（通過順・着順・人気・horse_id）",""
"順行（参考）","フレンズプラス","2023104539","20260913","202609040412","阪神12R","1","ダ1200","良","14","差し有利（強）","結果分布からの仮判定（5着以内の最終コーナー位置・前1/3の頭数）","実通過順（netkeiba コーナー通過順位）","中（4 コーナー 10番手）","順行","3着内","3","7","18.7","荻野琢","栗東 宮本","未取得","","","","","","","netkeiba 結果ページ一次取得（通過順・着順・人気・horse_id）",""
"順行（参考）","ブルーノート","2019100871","20260913","202609040412","阪神12R","12","ダ1200","良","14","差し有利（強）","結果分布からの仮判定（5着以内の最終コーナー位置・前1/3の頭数）","実通過順（netkeiba コーナー通過順位）","後（4 コーナー 11番手）","順行","4〜5着","5","12","78.8","藤懸","栗東 梅田","未取得","","","","","","","netkeiba 結果ページ一次取得（通過順・着順・人気・horse_id）",""
