日付,開催場,R,race_id,racekey,発走,番組表示,馬番,馬名,騎手,基準オッズ,人気,ラップ適性,ラップキャラ,SAV,信頼度,妙味度,展開順位,ST指数,仕上指数,合計値,合計値順位,出遅率,先行力,追走力,持久力,持続力,瞬発力,前3F順位,前3F差,前3F内外,勝負所順位,勝負所差,勝負所内外,G前順位,G前差,G前内外,斤量,騎手タイプ,騎手指数,騎手コメント,当該コース騎手総数,当該コース騎手勝率,当該コース騎手連対率,当該コース騎手複勝率,厩舎,最近放牧先,何走目,厩舎外厩総数,厩舎外厩勝率,厩舎外厩連対率,厩舎外厩複勝率,馬外厩総数,馬外厩勝率,馬外厩連対率,馬外厩複勝率,性,齢,前肢,後肢,蹄,重適性,特記1,特記2,特記3,父馬名,血統総数,血統勝率,血統連対率,血統複勝率,1週前追切,最終追切,調教指数,調教パターン,source_url,source_status
2026-08-30,新潟,2,202604030402,04263402,10:15,2R ダ1800 ２歳新馬 10:15,1,ゴールドバーニング,石神深道,25.9,8,,,54,Ｄ,Ｄ,7,19,29,-20,9,,53 (8),46 (8),38 (11),42 (12),51 (7),9,6,最内,8,10,最内,7,14,内,53,,45,直近◎,59,3%,8%,19%,柄崎将寿,オークヒルファーム,1,2,0 %,0 %,0 %,,,,,牝,2,,,,,,,,ゴールドアクター,10,30%,30%,40%,50(南Ｗ),44(美坂),29,併用平均,https://stride.get-luck.jp/member/race_viewer_test.php?racedate=20260830&racekey=04263402&jo=0&idpm=iFT66JycF8pFY,PASS
2026-08-30,新潟,2,202604030402,04263402,10:15,2R ダ1800 ２歳新馬 10:15,2,ゴルトシェーン,今村聖奈,19.3,6,,,51,Ｄ,Ｄ,8,20,33,-15,6,,55 (6),50 (6),43 (9),47 (9),53 (5),6,4,最内,4,7,最内,8,15,最内,53,[先][追][瞬],52,コース○,84,11%,17%,24%,武井亮,エスティＦ小見川,1,67,6 %,10 %,13 %,,,,,牡,2,,,,,,,,ゴールドドリーム,20,10%,20%,25%,54(南Ｗ),57(南Ｗ),33,併用平均,https://stride.get-luck.jp/member/race_viewer_test.php?racedate=20260830&racekey=04263402&jo=0&idpm=iFT66JycF8pFY,PASS
2026-08-30,新潟,2,202604030402,04263402,10:15,2R ダ1800 ２歳新馬 10:15,3,ウラノグラフィア,岩田望来,2.8,2,,,85,Ｂ,Ｃ,2,39,35,6,2,,62 (1),67 (1),60 (2),68 (1),66 (1),2,1,内,2,1,内,2,4,内,55,[続][瞬],52,直近×,24,13%,17%,29%,宮田敬介,ノーザンＦ天栄,1,569,14 %,25 %,36 %,,,,,牡,2,,,,,,,,ナダル,37,16%,30%,43%,56(南Ｗ),59(南Ｗ),35,コース終い重点,https://stride.get-luck.jp/member/race_viewer_test.php?racedate=20260830&racekey=04263402&jo=0&idpm=iFT66JycF8pFY,PASS
2026-08-30,新潟,2,202604030402,04263402,10:15,2R ダ1800 ２歳新馬 10:15,4,マイトレーヤー,津村明秀,16.2,5,,,62,Ｃ,Ｓ,5,20,33,-15,7,,53 (7),46 (7),38 (12),42 (11),51 (8),8,5,中,7,9,中,5,11,外,55,[続][瞬],66,"コース○,直近◎",89,10%,17%,34%,手塚貴徳,山元トレセン,1,1,0 %,0 %,0 %,,,,,牡,2,,,,,,,,マインドユアビスケッツ,62,10%,18%,23%,50(南Ｗ),50(南Ｗ),33,併用平均,https://stride.get-luck.jp/member/race_viewer_test.php?racedate=20260830&racekey=04263402&jo=0&idpm=iFT66JycF8pFY,PASS
2026-08-30,新潟,2,202604030402,04263402,10:15,2R ダ1800 ２歳新馬 10:15,5,ミシェルバローズ,三浦皇成,4.9,3,,,99,ＡＡ,Ｓ,1,35,38,5,3,,59 (3),65 (3),62 (1),64 (3),58 (3),3,2,最内,3,2,最内,1,0,中,55,[続][瞬],55,"コース○,直近▲",78,14%,24%,29%,中内田充正,ノーザンＦしがらき,1,328,18 %,30 %,41 %,,,,,牝,2,,,,,,,,ナダル,37,16%,30%,43%,65(ＣＷ),59(栗坂),38,坂路平均,https://stride.get-luck.jp/member/race_viewer_test.php?racedate=20260830&racekey=04263402&jo=0&idpm=iFT66JycF8pFY,PASS
2026-08-30,新潟,2,202604030402,04263402,10:15,2R ダ1800 ２歳新馬 10:15,6,ニシノマキロイ,野中悠太郎,20.4,7,,,42,Ｄ,Ｄ,10,16,33,-19,8,,52 (9),44 (9),36 (13),37 (13),46 (9),7,5,内,9,10,内,10,17,中,55,[先][続][瞬],38,馬主○,64,5%,9%,16%,田中勝春,西山牧場阿見分場,1,,,,,,,,,牡,2,,,,,,,,ニューイヤーズデイ,43,5%,9%,19%,49(南Ｗ),8(美坂),33,併用平均,https://stride.get-luck.jp/member/race_viewer_test.php?racedate=20260830&racekey=04263402&jo=0&idpm=iFT66JycF8pFY,PASS
2026-08-30,新潟,2,202604030402,04263402,10:15,2R ダ1800 ２歳新馬 10:15,7,ピーエムリンダ,武藤雅,29.1,9,,,38,Ｄ,Ｄ,13,13,33,-22,11,,36 (11),41 (12),57 (7),47 (4),38 (12),10,12,最内,10,15,最内,13,19,最内,55,[久][続][瞬],39,コース○,111,6%,14%,20%,和田正一郎,ノーザンＦ天栄,1,152,5 %,14 %,24 %,,,,,牝,2,,,,,,,,クリソベリル,20,30%,45%,55%,75(南Ｗ),47(南Ｗ),33,併用終い重点,https://stride.get-luck.jp/member/race_viewer_test.php?racedate=20260830&racekey=04263402&jo=0&idpm=iFT66JycF8pFY,PASS
2026-08-30,新潟,2,202604030402,04263402,10:15,2R ダ1800 ２歳新馬 10:15,8,ウィザードシチー,亀田温心,30.1,10,,,40,Ｄ,Ｄ,11,13,30,-25,13,,36 (12),41 (13),57 (4),47 (8),38 (13),13,14,最内,13,16,内,11,18,内,55,[先][追][瞬],50,コース○,67,9%,18%,21%,北出成人,ワコーＦアカデミー,1,214,5 %,9 %,12 %,,,,,牡,2,,,,,,,,チュウワウィザード,1,0%,0%,0%,57(栗坂),59(栗坂),30,併用平均,https://stride.get-luck.jp/member/race_viewer_test.php?racedate=20260830&racekey=04263402&jo=0&idpm=iFT66JycF8pFY,PASS
2026-08-30,新潟,2,202604030402,04263402,10:15,2R ダ1800 ２歳新馬 10:15,9,レッドマウロア,川田将雅,2.7,1,,,72,Ｄ,Ａ,3,41,36,9,1,,62 (2),67 (2),60 (3),68 (2),66 (2),1,0,最内,1,0,最内,3,8,最内,55,[先][追],68,"馬主○,直近×",21,29%,38%,57%,加藤征弘,エスティＦ小見川,1,52,13 %,19 %,25 %,,,,,牡,2,,,,,,,,クリソベリル,20,30%,45%,55%,50(南Ｗ),41(南Ｗ),36,併用終い重点,https://stride.get-luck.jp/member/race_viewer_test.php?racedate=20260830&racekey=04263402&jo=0&idpm=iFT66JycF8pFY,PASS
2026-08-30,新潟,2,202604030402,04263402,10:15,2R ダ1800 ２歳新馬 10:15,10,スタレネルヴェント,原優介,51.5,13,,,39,Ｄ,Ｄ,12,13,33,-22,10,,36 (13),41 (11),57 (6),47 (6),38 (11),11,13,内,11,15,中,12,18,外,55,[追][久][続],42,"コース○,直近○",141,4%,9%,13%,高木登,山元トレセン,1,63,6 %,17 %,29 %,,,,,牝,2,,,,,,,,リアルスティール,65,12%,17%,25%,46(南Ｗ),55(南Ｗ),33,坂路平均,https://stride.get-luck.jp/member/race_viewer_test.php?racedate=20260830&racekey=04263402&jo=0&idpm=iFT66JycF8pFY,PASS
2026-08-30,新潟,2,202604030402,04263402,10:15,2R ダ1800 ２歳新馬 10:15,11,ギガントシュラーク,丸山元気,44.3,12,,,42,Ｄ,Ｄ,9,13,32,-23,12,,36 (10),41 (10),57 (5),47 (5),38 (10),12,13,中,12,15,外,9,17,大外,55,[先][続][瞬],45,"コース○,直近×",115,10%,22%,32%,萱野浩二,高橋ＴＣ,1,18,0 %,0 %,0 %,,,,,牡,2,,,,,,,,アニマルキングダム,7,0%,0%,14%,48(南Ｗ),46(南Ｗ),32,コース平均,https://stride.get-luck.jp/member/race_viewer_test.php?racedate=20260830&racekey=04263402&jo=0&idpm=iFT66JycF8pFY,PASS
2026-08-30,新潟,2,202604030402,04263402,10:15,2R ダ1800 ２歳新馬 10:15,12,エコロゲラン,菊沢一樹,31.1,11,,,59,Ｄ,Ｄ,6,24,33,-11,5,,55 (5),50 (4),43 (8),47 (7),53 (4),5,3,中,6,7,中,6,12,中,55,[続][瞬],60,"馬主○,コース×,直近◎,誕(無)",202,5%,10%,16%,古賀大生,千代田牧場,1,,,,,,,,,牡,2,,,,,,,,オメガパフューム,,,,,49(南Ｗ),52(美坂),33,併用平均,https://stride.get-luck.jp/member/race_viewer_test.php?racedate=20260830&racekey=04263402&jo=0&idpm=iFT66JycF8pFY,PASS
2026-08-30,新潟,2,202604030402,04263402,10:15,2R ダ1800 ２歳新馬 10:15,13,タイセイリッター,石田拓郎,16.2,4,,,66,Ｃ,Ｓ,4,27,34,-7,4,,56 (4),50 (5),41 (10),46 (10),53 (6),4,3,内,5,7,内,4,10,内,53,,40,"コース×,直近○",81,2%,5%,9%,新開幸一,ディアレストＣＥ,1,25,12 %,12 %,16 %,,,,,牡,2,,,,,,,,タイセイレジェンド,4,25%,50%,75%,57(南Ｗ),28(南Ｗ),34,併用平均,https://stride.get-luck.jp/member/race_viewer_test.php?racedate=20260830&racekey=04263402&jo=0&idpm=iFT66JycF8pFY,PASS
2026-08-30,新潟,3,202604030403,04263403,10:45,3R 芝2000 ２歳未勝利 10:45,1,ケイジャーダ,柴田大知,16.1,6,中速瞬発,,49,Ｄ,Ｄ,6,25,37,-14,6,0%,62 (2),53 (5),36 (7),37 (7),41 (7),1,0,最内,2,0,最内,6,11,最内,55,[続][瞬],39,馬主○,28,7%,14%,18%,佐藤吉勝,ビッグレッドＦ泊津,2,,,,,,,,,牝,2,短,短,中ベ,△,腰甘い,,,グローリーヴェイズ,1,0%,0%,0%,,63(美坂),37,坂路平均,https://stride.get-luck.jp/member/race_viewer_test.php?racedate=20260830&racekey=04263403&jo=0&idpm=iFT66JycF8pFY,PASS
2026-08-30,新潟,3,202604030403,04263403,10:45,3R 芝2000 ２歳未勝利 10:45,2,ニシノリリックス,石橋脩,22.1,7,中速瞬発,,47,Ｄ,Ｄ,7,26,30,-20,7,0%,39 (7),46 (6),61 (1),55 (4),49 (5),7,12,内,7,7,中,7,12,中,55,[先][追],46,,21,10%,24%,33%,小野次郎,西山牧場阿見分場,2,,,,,,,,,牝,2,短,短,小標,○,腰甘い,,,リーチザクラウン,20,0%,10%,20%,,35(南Ｗ),30,併用平均,https://stride.get-luck.jp/member/race_viewer_test.php?racedate=20260830&racekey=04263403&jo=0&idpm=iFT66JycF8pFY,PASS
2026-08-30,新潟,3,202604030403,04263403,10:45,3R 芝2000 ２歳未勝利 10:45,3,イカルステソーロ,岩田望来,2.9,2,中速瞬発,,74,Ｂ,Ｃ,4,30,38,-8,4,0%,65 (1),57 (3),35 (8),41 (6),49 (6),2,0,内,3,0,内,4,4,内,55,[続][瞬],51,直近×,3,0%,0%,0%,武市康男,高橋ＴＣ,2,19,5 %,11 %,26 %,,,,,牡,2,短,短,小ベ,△,上が速×,,,フィエールマン,43,7%,21%,26%,,43(南Ｗ),38,コース終い重点,https://stride.get-luck.jp/member/race_viewer_test.php?racedate=20260830&racekey=04263403&jo=0&idpm=iFT66JycF8pFY,PASS
2026-08-30,新潟,3,202604030403,04263403,10:45,3R 芝2000 ２歳未勝利 10:45,4,タイセイソアリング,菊沢一樹,3.9,3,低速バランス,ピッタリ,88,Ａ,Ｂ,1,33,38,-5,2,0%,51 (4),62 (1),57 (3),57 (3),54 (3),4,6,内,1,0,中,1,0,中,55,[続][瞬],54,"直近◎,誕(無)",32,9%,16%,19%,池上昌和,吉澤Ｓ－ＥＡＳＴ,1,48,4 %,10 %,13 %,1,0%,0%,0 %,牡,2,普,普,小標ベ,△,,,,コントレイル,30,3%,17%,27%,56(南Ｗ),58(南Ｗ),38,コース平均,https://stride.get-luck.jp/member/race_viewer_test.php?racedate=20260830&racekey=04263403&jo=0&idpm=iFT66JycF8pFY,PASS
2026-08-30,新潟,3,202604030403,04263403,10:45,3R 芝2000 ２歳未勝利 10:45,5,エクスマキナ,津村明秀,2.8,1,中速バランス,カスリ,78,Ｃ,Ａ,3,36,43,3,1,0%,52 (3),54 (4),50 (5),58 (2),64 (1),3,4,最内,4,2,最内,3,3,外,55,[続][瞬],72,"枠脚質○,直近◎",22,0%,18%,27%,手塚貴徳,ビッグレッドＦ明和,3,,,,,,,,,牝,2,短,普,細標ベ,△,脚捌き△,腰甘い,,フィエールマン,43,7%,21%,26%,,60(南Ｗ),43,併用終い重点,https://stride.get-luck.jp/member/race_viewer_test.php?racedate=20260830&racekey=04263403&jo=0&idpm=iFT66JycF8pFY,PASS
2026-08-30,新潟,3,202604030403,04263403,10:45,3R 芝2000 ２歳未勝利 10:45,6,ウイニングレイ,岩田康誠,5.1,4,中速バランス,カスリ,81,Ｂ,ＡＡ,2,28,39,-9,5,0%,37 (8),39 (7),58 (2),61 (1),60 (2),8,13,最内,8,8,内,2,2,内,55,[先][続][瞬],44,"枠脚質○,直近×",9,0%,0%,0%,戸田博文,山元トレセン,1,71,3 %,11 %,24 %,1,0%,0%,0 %,牝,2,普,普,中標ベ,△,集中力×,腰甘い,,ウインブライト,65,3%,9%,26%,56(南Ｗ),52(南Ｗ),39,コース平均,https://stride.get-luck.jp/member/race_viewer_test.php?racedate=20260830&racekey=04263403&jo=0&idpm=iFT66JycF8pFY,PASS
2026-08-30,新潟,3,202604030403,04263403,10:45,3R 芝2000 ２歳未勝利 10:45,7,ハンデンブレイズ,小崎綾也,12.0,5,中速バランス,カスリ,59,Ｄ,Ｄ,5,30,38,-8,3,0%,50 (5),58 (2),56 (4),54 (5),52 (4),5,7,最内,5,2,内,5,8,内,55,[久][続][瞬],49,,6,0%,0%,17%,伊藤大士,エスティＦ小見川,1,2,0 %,0 %,0 %,1,0%,0%,0 %,牡,2,短,短,中標ベ,△,腰甘い,,,ファインニードル,41,15%,22%,29%,52(南Ｗ),55(南Ｗ),38,併用平均,https://stride.get-luck.jp/member/race_viewer_test.php?racedate=20260830&racekey=04263403&jo=0&idpm=iFT66JycF8pFY,PASS
2026-08-30,新潟,3,202604030403,04263403,10:45,3R 芝2000 ２歳未勝利 10:45,8,ルークスイテルム,石神深道,38.1,8,中速瞬発,,30,Ｄ,Ｄ,8,13,31,-32,8,100%,44 (6),33 (8),46 (6),36 (8),32 (8),6,10,最内,6,7,最内,8,17,最内,53,,45,直近◎,19,0%,11%,21%,中川公成,ノルマンディーＦ小野町,2,6,0 %,0 %,17 %,,,,,牡,2,短,短,小標起,○,,,,マインドユアビスケッツ,36,8%,14%,14%,,25(南Ｗ),31,コース平均,https://stride.get-luck.jp/member/race_viewer_test.php?racedate=20260830&racekey=04263403&jo=0&idpm=iFT66JycF8pFY,PASS
2026-08-30,新潟,4,202604030404,04263404,11:15,4R 芝1800 ２歳新馬(無料開放レース) 11:15,1,ヒズストーリー,嶋田純次,23.7,8,,,38,Ｄ,Ｄ,11,23,36,-15,8,,40 (9),41 (7),49 (9),43 (9),41 (7),8,11,内,11,16,最内,11,24,外,55,[先][追],44,,16,0%,13%,13%,中川公成,ミルファーム千葉,1,16,0 %,0 %,0 %,,,,,牡,2,,,,,,,,ダノンスマッシュ,32,0%,9%,16%,61(美坂),34(南Ｗ),36,坂路終い重点,https://stride.get-luck.jp/member/race_viewer_test.php?racedate=20260830&racekey=04263404&jo=0&idpm=iFT66JycF8pFY,PASS
2026-08-30,新潟,4,202604030404,04263404,11:15,4R 芝1800 ２歳新馬(無料開放レース) 11:15,2,チェスティーノ,Ｃ．ルメール,2.5,1,,,130,ＡＡ,Ｓ,1,47,40,13,1,,61 (1),61 (2),54 (5),62 (2),64 (1),1,0,最内,1,0,最内,1,0,最内,55,[先][追][続][瞬],73,コース○,30,37%,67%,73%,鹿戸雄一,ノーザンＦ天栄,1,377,16 %,32 %,40 %,,,,,牡,2,,,,,,,,エフフォーリア,5,0%,0%,40%,54(南Ｗ),56(南Ｗ),40,併用終い重点,https://stride.get-luck.jp/member/race_viewer_test.php?racedate=20260830&racekey=04263404&jo=0&idpm=iFT66JycF8pFY,PASS
2026-08-30,新潟,4,202604030404,04263404,11:15,4R 芝1800 ２歳新馬(無料開放レース) 11:15,3,ガヤーズサムライ,田辺裕信,15.9,6,,,56,Ｄ,Ｄ,6,27,36,-11,6,,54 (6),43 (6),23 (11),34 (11),47 (6),6,4,最内,6,9,最内,6,18,最内,55,[先][追][瞬],61,"コース×,直近◎",26,12%,19%,38%,田中勝春,ノーザンＦ天栄,1,20,15 %,25 %,25 %,,,,,牡,2,,,,,,,,イントゥミスチーフ,1,0%,0%,0%,49(南Ｗ),7(美坂),36,コース平均,https://stride.get-luck.jp/member/race_viewer_test.php?racedate=20260830&racekey=04263404&jo=0&idpm=iFT66JycF8pFY,PASS
2026-08-30,新潟,4,202604030404,04263404,11:15,4R 芝1800 ２歳新馬(無料開放レース) 11:15,4,キャッチアップ,菊沢一樹,42.2,10,,,54,Ｄ,Ｄ,7,25,29,-20,11,,40 (8),41 (11),49 (7),43 (6),41 (8),9,11,中,8,14,外,7,19,外,55,[続][瞬],50,"コース×,直近◎,誕(無)",75,5%,9%,19%,小野次郎,真歌トレーニングＰ,1,5,20 %,40 %,60 %,,,,,牝,2,,,,,,,,ベンバトル,26,8%,19%,27%,,34(南Ｗ),29,併用平均,https://stride.get-luck.jp/member/race_viewer_test.php?racedate=20260830&racekey=04263404&jo=0&idpm=iFT66JycF8pFY,PASS
2026-08-30,新潟,4,202604030404,04263404,11:15,4R 芝1800 ２歳新馬(無料開放レース) 11:15,5,オオルリ,原優介,46.6,11,,,39,Ｄ,Ｄ,8,23,36,-15,7,,40 (11),41 (10),49 (6),43 (7),41 (9),10,13,最内,9,15,内,8,23,内,55,[追][久][続],39,"コース×,直近○",52,0%,4%,15%,水野貴広,真歌トレーニングＰ,1,20,5 %,5 %,10 %,,,,,牝,2,,,,,,,,ベンバトル,26,8%,19%,27%,24(南Ｗ),51(南Ｗ),36,コース終い重点,https://stride.get-luck.jp/member/race_viewer_test.php?racedate=20260830&racekey=04263404&jo=0&idpm=iFT66JycF8pFY,PASS
2026-08-30,新潟,4,202604030404,04263404,11:15,4R 芝1800 ２歳新馬(無料開放レース) 11:15,6,ペントザリス,岩田康誠,4.8,2,,,71,Ｃ,Ｃ,5,40,39,5,3,,59 (3),60 (4),57 (3),59 (4),57 (3),5,2,中,5,2,中,5,14,外,55,[先][続][瞬],48,"馬主○,直近×",20,5%,20%,25%,戸田博文,ノーザンＦ天栄,1,31,3 %,13 %,23 %,,,,,牡,2,,,,,,,,サリオス,8,0%,25%,38%,58(南Ｗ),50(南Ｗ),39,併用終い重点,https://stride.get-luck.jp/member/race_viewer_test.php?racedate=20260830&racekey=04263404&jo=0&idpm=iFT66JycF8pFY,PASS
2026-08-30,新潟,4,202604030404,04263404,11:15,4R 芝1800 ２歳新馬(無料開放レース) 11:15,7,マイネルウルカヌス,柴田大知,16.1,7,,,39,Ｄ,Ｄ,9,23,33,-18,10,,40 (7),41 (9),49 (10),43 (8),41 (10),7,11,最内,7,14,最内,9,23,最内,55,[続][瞬],45,"調教師○,馬主○",46,0%,9%,15%,畠山吉宏,ビッグレッドＦ明和,1,21,10 %,10 %,14 %,,,,,牡,2,,,,,,,,ゴールドシップ,223,5%,14%,22%,42(南Ｗ),41(南Ｗ),33,コース平均,https://stride.get-luck.jp/member/race_viewer_test.php?racedate=20260830&racekey=04263404&jo=0&idpm=iFT66JycF8pFY,PASS
2026-08-30,新潟,4,202604030404,04263404,11:15,4R 芝1800 ２歳新馬(無料開放レース) 11:15,8,ダディーズレガリア,岩田望来,4.9,3,,,75,Ｂ,Ｃ,4,39,39,4,4,,59 (4),60 (5),57 (2),59 (5),57 (4),4,2,内,4,2,内,4,13,中,55,[続][瞬],49,直近×,15,20%,40%,53%,畑端省吾,真歌トレーニングＰ,1,1,0 %,0 %,0 %,,,,,牡,2,,,,,,,,グレーターロンドン,44,11%,16%,23%,42(栗坂),60(栗坂),39,併用平均,https://stride.get-luck.jp/member/race_viewer_test.php?racedate=20260830&racekey=04263404&jo=0&idpm=iFT66JycF8pFY,PASS
2026-08-30,新潟,4,202604030404,04263404,11:15,4R 芝1800 ２歳新馬(無料開放レース) 11:15,9,テキサス,津村明秀,5.3,4,,,82,Ｂ,Ｓ,3,46,41,13,2,,61 (2),61 (1),54 (4),62 (1),64 (2),2,0,内,2,0,内,3,10,内,55,[続][瞬],56,"コース○,直近◎",59,14%,27%,41%,田中博康,トゥモローＦ栃木,1,39,13 %,21 %,28 %,,,,,牡,2,,,,,,,,バーイード,,,,,49(南Ｗ),58(南Ｗ),41,併用平均,https://stride.get-luck.jp/member/race_viewer_test.php?racedate=20260830&racekey=04263404&jo=0&idpm=iFT66JycF8pFY,PASS
2026-08-30,新潟,4,202604030404,04263404,11:15,4R 芝1800 ２歳新馬(無料開放レース) 11:15,10,リアスハート,武藤雅,7.9,5,,,86,Ａ,Ｓ,2,38,38,2,5,,57 (5),60 (3),60 (1),60 (3),57 (5),3,2,最内,3,2,最内,2,9,最内,55,[久][続][瞬],38,コース×,32,0%,6%,9%,水野貴広,ＫＳトレーニングＣ,1,263,3 %,6 %,11 %,,,,,牝,2,,,,,,,,エフフォーリア,5,0%,0%,40%,49(南Ｗ),51(南Ｗ),38,コース終い重点,https://stride.get-luck.jp/member/race_viewer_test.php?racedate=20260830&racekey=04263404&jo=0&idpm=iFT66JycF8pFY,PASS
2026-08-30,新潟,4,202604030404,04263404,11:15,4R 芝1800 ２歳新馬(無料開放レース) 11:15,11,ライヴテキーラ,杉原誠人,41.9,9,,,38,Ｄ,Ｄ,10,23,35,-16,9,,40 (10),41 (8),49 (8),43 (10),41 (11),11,13,内,10,15,中,10,24,中,55,[追][瞬],48,コース○,48,0%,8%,23%,牧光二,阿見トレセン,1,303,5 %,12 %,15 %,,,,,牝,2,,,,,,,,ジャスタウェイ,102,3%,12%,21%,49(南Ｗ),46(南Ｗ),35,コース平均,https://stride.get-luck.jp/member/race_viewer_test.php?racedate=20260830&racekey=04263404&jo=0&idpm=iFT66JycF8pFY,PASS
2026-08-30,新潟,5,202604030405,04263405,11:45,5R 芝1400 ３歳未勝利 11:45,1,セリエンクーニゲン,川田将雅,3.8,2,超高速スタミナ,,69,Ｃ,Ｄ,2,43,47,2,3,0%,54 (4),57 (4),57 (5),53 (10),49 (15),5,10,中,5,11,内,2,1,外,55,[先][追],63,"枠脚質×,直近×",13,0%,8%,15%,田中博康,トゥモローＦ栃木,2,8,13 %,25 %,38 %,1,0%,0%,0 %,牝,3,短,短,小標ベ,△,突っ張る,腰甘い,平坦向き,キングマン,13,8%,8%,8%,,58(美坂),47,坂路平均,https://stride.get-luck.jp/member/race_viewer_test.php?racedate=20260830&racekey=04263405&jo=0&idpm=iFT66JycF8pFY,PASS
2026-08-30,新潟,5,202604030405,04263405,11:45,5R 芝1400 ３歳未勝利 11:45,2,チョコブラウニー,原優介,186.0,18,超高速底力,カスリ,32,Ｄ,Ｄ,17,16,40,-32,16,100%,30 (18),24 (18),30 (18),43 (15),54 (8),18,21,最内,18,31,最内,17,12,最内,55,[追][久][続],43,"枠脚質○,直近○",42,2%,5%,17%,天間昭一,ノルマンディーＦ小野町,1,23,0 %,4 %,4 %,1,0%,0%,0 %,牝,3,普,普,中標ベ,△,腰甘い,,,イスラボニータ,113,7%,14%,21%,51(南Ｗ),55(南Ｗ),40,コース平均,https://stride.get-luck.jp/member/race_viewer_test.php?racedate=20260830&racekey=04263405&jo=0&idpm=iFT66JycF8pFY,PASS
2026-08-30,新潟,5,202604030405,04263405,11:45,5R 芝1400 ３歳未勝利 11:45,3,ゴッドレイ,石田拓郎,14.6,6,高速持続,カスリ,63,Ｃ,Ｓ,5,42,44,-2,6,0%,48 (11),51 (9),53 (7),57 (4),56 (5),7,12,内,8,16,内,5,3,内,53,,45,"枠脚質○,直近○",23,4%,4%,4%,伊藤大士,チャンピオンヒルズ,2,103,7 %,15 %,24 %,,,,,牝,3,短,普,細ベ,△,芝向き,腰甘い,,コントレイル,30,3%,17%,27%,16(美坂),52(美坂),44,坂路平均,https://stride.get-luck.jp/member/race_viewer_test.php?racedate=20260830&racekey=04263405&jo=0&idpm=iFT66JycF8pFY,PASS
2026-08-30,新潟,5,202604030405,04263405,11:45,5R 芝1400 ３歳未勝利 11:45,4,ステキサプライズ,谷原柚希,66.7,16,高速バランス,,64,Ｃ,Ｓ,4,52,43,7,2,30%,53 (6),54 (8),53 (8),58 (3),57 (2),6,11,最内,7,13,最内,4,3,外,53,,48,,2,0%,0%,0%,粕谷昌央,ムラセファーム,5,10,10 %,10 %,10 %,,,,,牡,3,短,短,小標ベ,△,腰甘い,完歩小さ,追頭上る,ゴールドシップ,223,5%,14%,22%,48(美坂),52(美坂),43,坂路平均,https://stride.get-luck.jp/member/race_viewer_test.php?racedate=20260830&racekey=04263405&jo=0&idpm=iFT66JycF8pFY,PASS
2026-08-30,新潟,5,202604030405,04263405,11:45,5R 芝1400 ３歳未勝利 11:45,5,エナノムスメ,丸田恭介,60.2,14,中速瞬発,,47,Ｄ,Ｄ,14,28,40,-20,15,50%,43 (16),47 (13),54 (6),53 (8),51 (10),16,18,内,16,21,内,14,8,外,55,[続][瞬],39,枠脚質×,27,0%,0%,15%,伊藤大士,阿見トレセン,1,147,3 %,10 %,13 %,1,0%,0%,0 %,牝,3,短,短,細標ベ,△,腰甘い,,,サトノダイヤモンド,99,8%,16%,24%,50(南Ｗ),45(南Ｗ),40,併用終い重点,https://stride.get-luck.jp/member/race_viewer_test.php?racedate=20260830&racekey=04263405&jo=0&idpm=iFT66JycF8pFY,PASS
2026-08-30,新潟,5,202604030405,04263405,11:45,5R 芝1400 ３歳未勝利 11:45,6,ラウンドヒル,菊沢一樹,19.9,7,超高速底力,カスリ,56,Ｄ,Ｄ,9,43,43,-2,5,0%,58 (3),56 (7),50 (11),49 (14),49 (14),3,5,最内,3,9,最内,9,5,内,55,[続][瞬],56,"枠脚質○,直近◎,誕(無)",62,3%,8%,10%,田島俊明,相川牧場,2,4,0 %,0 %,0 %,2,0%,0%,0 %,牝,3,短,短,小ベ,△,,,,ベストウォーリア,5,0%,0%,0%,,56(南Ｗ),43,コース終い重点,https://stride.get-luck.jp/member/race_viewer_test.php?racedate=20260830&racekey=04263405&jo=0&idpm=iFT66JycF8pFY,PASS
2026-08-30,新潟,5,202604030405,04263405,11:45,5R 芝1400 ３歳未勝利 11:45,7,エフティヴェント,石神深道,106.6,17,高速バランス,,51,Ｄ,Ｄ,12,37,43,-8,11,33%,50 (9),42 (16),37 (16),49 (13),56 (3),11,14,中,15,21,中,12,7,中,55,,46,"枠脚質×,直近◎",28,4%,4%,4%,金成貴史,トゥモローＦ栃木,1,175,4 %,7 %,13 %,4,0%,0%,0 %,牡,3,短,短,細ベ,△,腰甘い,,,ミッキーアイル,73,5%,18%,30%,48(南Ｗ),58(南Ｗ),43,コース終い重点,https://stride.get-luck.jp/member/race_viewer_test.php?racedate=20260830&racekey=04263405&jo=0&idpm=iFT66JycF8pFY,PASS
2026-08-30,新潟,5,202604030405,04263405,11:45,5R 芝1400 ３歳未勝利 11:45,8,カラーオブサクセス,小崎綾也,33.6,9,高速持続,カスリ,49,Ｄ,Ｄ,13,34,43,-11,12,33%,46 (14),48 (10),52 (9),54 (7),52 (9),13,16,内,12,19,中,13,8,大外,55,[久][続][瞬],52,枠脚質○,15,0%,7%,7%,武市康男,千代田牧場,1,40,0 %,8 %,10 %,3,0%,33%,33 %,牝,3,短,短,小標ベ,△,,,,ゴールドドリーム,3,0%,0%,0%,66(美坂),56(美坂),43,坂路テン重点,https://stride.get-luck.jp/member/race_viewer_test.php?racedate=20260830&racekey=04263405&jo=0&idpm=iFT66JycF8pFY,PASS
2026-08-30,新潟,5,202604030405,04263405,11:45,5R 芝1400 ３歳未勝利 11:45,9,アリアス,三浦皇成,11.8,5,中速バランス,,56,Ｄ,Ｄ,11,40,43,-5,9,29%,48 (10),48 (11),49 (12),61 (2),61 (1),10,14,内,10,18,最内,11,6,大外,55,[続][瞬],49,"調教師○,枠脚質×,直近▲",33,9%,36%,42%,高柳瑞樹,松風馬事センター,1,154,3 %,12 %,18 %,3,0%,0%,0 %,牝,3,短,短,細標ベ,△,上が速×,完歩小さ,突っ張る,コントレイル,30,3%,17%,27%,59(美坂),56(美坂),43,坂路平均,https://stride.get-luck.jp/member/race_viewer_test.php?racedate=20260830&racekey=04263405&jo=0&idpm=iFT66JycF8pFY,PASS
2026-08-30,新潟,5,202604030405,04263405,11:45,5R 芝1400 ３歳未勝利 11:45,10,ソルティアーラ,Ｍ．ミシェル,45.1,12,超高速スタミナ,,43,Ｄ,Ｄ,16,18,33,-37,17,0%,44 (15),36 (17),33 (17),41 (16),50 (13),15,17,最内,17,25,最内,16,9,内,55,,57,,,%,%,%,西田雄一郎,エスティＦ小見川,1,29,0 %,0 %,0 %,1,0%,0%,0 %,牝,3,普,普,中標,○,腰甘い,,,タワーオブロンドン,19,5%,21%,37%,48(南Ｗ),31(南Ｗ),33,併用平均,https://stride.get-luck.jp/member/race_viewer_test.php?racedate=20260830&racekey=04263405&jo=0&idpm=iFT66JycF8pFY,PASS
2026-08-30,新潟,5,202604030405,04263405,11:45,5R 芝1400 ３歳未勝利 11:45,11,オンナキュヌヴィ,田辺裕信,3.4,1,超高速スタミナ,,67,Ｄ,Ａ,6,42,44,-2,7,25%,47 (13),46 (14),47 (13),55 (6),56 (4),14,16,中,14,20,外,6,4,大外,55,[先][追][瞬],74,"枠脚質×,直近◎",19,16%,26%,32%,蛯名正義,ミッドウェイＦ,3,22,9 %,36 %,55 %,,,,,牝,3,短,短,小ベ,△,完歩小さ,時計掛○,,リオンディーズ,136,5%,10%,17%,,48(南Ｗ),44,コース平均,https://stride.get-luck.jp/member/race_viewer_test.php?racedate=20260830&racekey=04263405&jo=0&idpm=iFT66JycF8pFY,PASS
2026-08-30,新潟,5,202604030405,04263405,11:45,5R 芝1400 ３歳未勝利 11:45,12,ネオアンボウ,野中悠太郎,66.0,15,中速バランス,,46,Ｄ,Ｄ,15,30,43,-15,14,0%,67 (2),58 (3),42 (15),30 (17),34 (17),2,1,最内,2,4,最内,15,8,最内,57,[先][続][瞬],33,枠脚質○,19,0%,5%,16%,松尾卓哉,エスティＦ小見川,1,3,0 %,0 %,0 %,1,0%,0%,0 %,牡,3,短,普,小ベ,△,腰甘い,,,デクラレーションオブウォー,73,10%,16%,25%,60(美坂),64(美坂),43,坂路平均,https://stride.get-luck.jp/member/race_viewer_test.php?racedate=20260830&racekey=04263405&jo=0&idpm=iFT66JycF8pFY,PASS
2026-08-30,新潟,5,202604030405,04263405,11:45,5R 芝1400 ３歳未勝利 11:45,13,ウインテラジーナ,津村明秀,5.1,3,高速持続,カスリ,65,Ｃ,Ｄ,3,45,51,8,1,50%,50 (7),59 (2),66 (1),62 (1),54 (6),8,12,中,4,11,中,3,2,大外,55,[続][瞬],64,"枠脚質×,直近◎",48,15%,25%,42%,栗田徹,エスティＦ小見川,5,,,,,,,,,牝,3,短,普,中ベ,○,渋馬場○,完歩小さ,,ウインブライト,65,3%,9%,26%,59(南Ｗ),54(美坂),51,坂路平均,https://stride.get-luck.jp/member/race_viewer_test.php?racedate=20260830&racekey=04263405&jo=0&idpm=iFT66JycF8pFY,PASS
2026-08-30,新潟,5,202604030405,04263405,11:45,5R 芝1400 ３歳未勝利 11:45,14,ワインレッドハート,上里直汰,57.1,13,超低速持続,,28,Ｄ,Ｄ,18,13,35,-40,18,100%,35 (17),47 (12),64 (2),24 (18),17 (18),17,19,最内,11,19,内,18,14,内,52,,42,,7,0%,0%,0%,戸田博文,ムラセファーム,1,221,2 %,6 %,10 %,1,0%,0%,0 %,牝,3,短,短,小標ベ,△,,,,シスキン,12,17%,42%,50%,59(美坂),48(美坂),35,坂路平均,https://stride.get-luck.jp/member/race_viewer_test.php?racedate=20260830&racekey=04263405&jo=0&idpm=iFT66JycF8pFY,PASS
2026-08-30,新潟,5,202604030405,04263405,11:45,5R 芝1400 ３歳未勝利 11:45,15,ルディドゥゲンジ,嶋田純次,39.0,10,超高速持続,,57,Ｄ,Ｄ,7,42,43,-3,8,33%,48 (12),45 (15),44 (14),51 (12),54 (7),12,15,最内,13,20,最内,7,5,最内,55,[先][追],45,,25,0%,8%,12%,蛯名利弘,ミルファーム千葉,3,4,0 %,0 %,0 %,,,,,牝,3,短,短,細標ベ,△,腰甘い,突っ張る,,ファインニードル,41,15%,22%,29%,,35(南Ｗ),43,コース平均,https://stride.get-luck.jp/member/race_viewer_test.php?racedate=20260830&racekey=04263405&jo=0&idpm=iFT66JycF8pFY,PASS
2026-08-30,新潟,5,202604030405,04263405,11:45,5R 芝1400 ３歳未勝利 11:45,16,ペルウィクトール,岩田望来,5.4,4,高速持続,カスリ,73,Ｃ,Ｂ,1,44,44,0,4,0%,74 (1),69 (1),51 (10),51 (11),50 (12),1,0,内,1,0,最内,1,0,最内,57,[続][瞬],51,"枠脚質○,直近×",13,15%,31%,38%,宮田敬介,ノーザンＦ天栄,1,569,14 %,25 %,36 %,2,0%,50%,100 %,牡,3,短,短,小ベ,△,腰甘い,,,サートゥルナーリア,84,13%,23%,32%,53(南Ｗ),58(南Ｗ),44,コース終い重点,https://stride.get-luck.jp/member/race_viewer_test.php?racedate=20260830&racekey=04263405&jo=0&idpm=iFT66JycF8pFY,PASS
2026-08-30,新潟,5,202604030405,04263405,11:45,5R 芝1400 ３歳未勝利 11:45,17,エイシンイクサボシ,木幡初也,32.0,8,高速持続,カスリ,56,Ｄ,Ｄ,10,42,33,-13,13,25%,53 (5),57 (5),59 (4),53 (9),49 (16),4,10,内,6,11,最内,10,5,中,55,[追][久][続][瞬],42,,8,13%,13%,13%,勢司和浩,阿見トレセン,2,18,0 %,6 %,11 %,2,0%,0%,0 %,牝,3,短,短,小標ベ,△,腰甘い,物見,手前替×,エイシンヒカリ,42,2%,12%,17%,26(南Ｗ),29(南Ｗ),33,コース平均,https://stride.get-luck.jp/member/race_viewer_test.php?racedate=20260830&racekey=04263405&jo=0&idpm=iFT66JycF8pFY,PASS
2026-08-30,新潟,5,202604030405,04263405,11:45,5R 芝1400 ３歳未勝利 11:45,18,ミクロスギガース,杉原誠人,39.1,11,高速持続,カスリ,56,Ｄ,Ｄ,8,42,39,-7,10,0%,50 (8),56 (6),60 (3),56 (5),51 (11),9,13,最内,9,16,最内,8,5,外,55,[追][瞬],51,,44,5%,11%,16%,西田雄一郎,千代田牧場,2,1,0 %,0 %,0 %,1,0%,0%,0 %,牝,3,短,短,細標ベ,△,腰甘い,,,シルバーステート,154,7%,18%,29%,,38(南Ｗ),39,併用平均,https://stride.get-luck.jp/member/race_viewer_test.php?racedate=20260830&racekey=04263405&jo=0&idpm=iFT66JycF8pFY,PASS
2026-08-30,新潟,6,202604030406,04263406,14:35,6R ダ1800 両津湾特別 2勝クラス 14:35,1,ピコシー,内田博幸,21.6,8,低速スタミナ,カスリ,55,Ｄ,Ｄ,9,55,53,-10,7,0%,51 (8),54 (7),54 (6),55 (6),53 (7),8,10,最内,8,10,最内,9,14,最内,58,[追][続],38,"コース×,枠脚質×",75,1%,7%,9%,奥村武,エスティＦ小見川,1,31,3 %,13 %,29 %,1,100%,100%,100 %,牡,4,短,普,小標ベ,◎,加速遅い,併せ形○,,サトノダイヤモンド,43,2%,7%,23%,51(南Ｗ),52(南Ｗ),53,併用平均,https://stride.get-luck.jp/member/race_viewer_test.php?racedate=20260830&racekey=04263406&jo=0&idpm=iFT66JycF8pFY,PASS
2026-08-30,新潟,6,202604030406,04263406,14:35,6R ダ1800 両津湾特別 2勝クラス 14:35,2,ビービーアジャイル,Ｃ．ルメール,2.5,1,超低速持続,,92,Ｂ,ＡＡ,2,59,59,0,4,14%,55 (5),60 (2),57 (5),58 (4),55 (6),4,6,最内,3,4,中,2,2,中,55,[先][追][続][瞬],74,枠脚質×,30,27%,60%,63%,中舘英二,ＫＳトレーニングＣ,1,247,8 %,18 %,25 %,3,33%,67%,67 %,牡,3,普,普,小ベ,○,時計掛○,腰甘い,スタミ○,サンダースノー,32,3%,16%,22%,54(南Ｗ),52(南Ｗ),59,併用終い重点,https://stride.get-luck.jp/member/race_viewer_test.php?racedate=20260830&racekey=04263406&jo=0&idpm=iFT66JycF8pFY,PASS
2026-08-30,新潟,6,202604030406,04263406,14:35,6R ダ1800 両津湾特別 2勝クラス 14:35,3,オクトーバーナイン,戸崎圭太,4.5,2,低速持続,カスリ,82,Ｂ,Ａ,3,61,66,9,1,20%,70 (1),52 (8),27 (15),42 (11),61 (2),1,0,最内,2,3,最内,3,5,内,55,[先][続][瞬],56,"コース○,枠脚質×,直近×",72,22%,33%,44%,稲垣幸雄,エスティＦ小見川,1,23,9 %,22 %,35 %,1,100%,100%,100 %,牡,3,短,短,小標ベ,◎,揉れ弱い,腰甘い,,コパノリッキー,72,7%,14%,19%,72(南Ｐ),58(南Ｗ),66,コース終い重点,https://stride.get-luck.jp/member/race_viewer_test.php?racedate=20260830&racekey=04263406&jo=0&idpm=iFT66JycF8pFY,PASS
2026-08-30,新潟,6,202604030406,04263406,14:35,6R ダ1800 両津湾特別 2勝クラス 14:35,4,ニシノケンタマン,今村聖奈,8.6,4,超低速バランス,,65,Ｃ,Ｃ,5,59,59,0,5,0%,47 (9),46 (10),49 (9),62 (3),66 (1),9,12,内,10,14,最内,5,10,中,58,[先][追][瞬],51,"馬主○,コース○,枠脚質○",84,11%,17%,24%,深山雅史,西山牧場阿見分場,1,43,5 %,7 %,21 %,9,22%,22%,44 %,牡,4,短,短,中標起,○,上が速×,時計掛○,Ｐ速い○,アポロケンタッキー,7,14%,14%,29%,44(南Ｗ),58(南Ｗ),59,併用平均,https://stride.get-luck.jp/member/race_viewer_test.php?racedate=20260830&racekey=04263406&jo=0&idpm=iFT66JycF8pFY,PASS
2026-08-30,新潟,6,202604030406,04263406,14:35,6R ダ1800 両津湾特別 2勝クラス 14:35,5,コパノエビータ,嶋田純次,93.4,14,低速底力,ピッタリ,39,Ｄ,Ｄ,13,46,58,-14,9,10%,52 (6),47 (9),43 (12),40 (13),43 (11),5,7,内,9,11,中,13,18,中,56,[先][追],44,枠脚質×,33,6%,12%,15%,手塚貴久,阿見トレセン,4,10,20 %,30 %,60 %,1,0%,0%,100 %,牝,5,短,短,細標ベ,◎,スタミ○,上が掛○,小回向き,ダノンレジェンド,28,4%,4%,11%,54(南Ｗ),52(南Ｗ),58,併用終い重点,https://stride.get-luck.jp/member/race_viewer_test.php?racedate=20260830&racekey=04263406&jo=0&idpm=iFT66JycF8pFY,PASS
2026-08-30,新潟,6,202604030406,04263406,14:35,6R ダ1800 両津湾特別 2勝クラス 14:35,6,アルベリック,三浦皇成,33.7,9,超低速持続,,60,Ｄ,Ａ,7,49,56,-13,8,16%,36 (14),37 (14),51 (8),58 (5),59 (4),14,17,最内,15,19,内,7,13,外,58,[続][瞬],54,"コース○,枠脚質×,直近▲",78,14%,24%,29%,中竹和也,大山ヒルズ,1,659,6 %,13 %,19 %,9,0%,11%,11 %,牡,5,短,短,小ベ,◎,展開待ち,枠駐不良,気を抜く,エイシンヒカリ,18,6%,11%,22%,50(栗坂),52(栗坂),56,坂路平均,https://stride.get-luck.jp/member/race_viewer_test.php?racedate=20260830&racekey=04263406&jo=0&idpm=iFT66JycF8pFY,PASS
2026-08-30,新潟,6,202604030406,04263406,14:35,6R ダ1800 両津湾特別 2勝クラス 14:35,7,トゥーザムーン,岩田康誠,11.1,5,低速バランス,,60,Ｄ,Ｃ,6,53,47,-18,12,12%,56 (4),58 (3),53 (7),51 (7),48 (10),6,8,最内,5,6,最内,6,12,最内,56,[先][続][瞬],41,"枠脚質×,直近×",36,6%,22%,28%,辻哲英,トゥモローＦ栃木,1,4,0 %,0 %,25 %,4,0%,0%,25 %,牝,4,短,短,中標ベ,◎,左モタレ,逆手前,コーナ×,アメリカンファラオ,21,14%,19%,43%,54(南Ｗ),48(南Ｗ),47,コース平均,https://stride.get-luck.jp/member/race_viewer_test.php?racedate=20260830&racekey=04263406&jo=0&idpm=iFT66JycF8pFY,PASS
2026-08-30,新潟,6,202604030406,04263406,14:35,6R ダ1800 両津湾特別 2勝クラス 14:35,8,スターシップ,川田将雅,5.1,3,超低速底力,カスリ,101,ＡＡ,Ｓ,1,60,59,1,3,0%,44 (12),55 (6),64 (1),68 (1),61 (3),10,13,最内,7,10,内,1,0,外,55,[先][追],60,"枠脚質×,直近×",21,29%,38%,57%,高柳大輔,グリーンウッド,1,138,11 %,21 %,28 %,3,33%,67%,67 %,牡,3,短,普,中標,○,良脚長使,乾ダ○,広馬場向,ラブリーデイ,36,6%,11%,19%,53(栗坂),45(栗坂),59,坂路平均,https://stride.get-luck.jp/member/race_viewer_test.php?racedate=20260830&racekey=04263406&jo=0&idpm=iFT66JycF8pFY,PASS
2026-08-30,新潟,6,202604030406,04263406,14:35,6R ダ1800 両津湾特別 2勝クラス 14:35,9,ヴァイヴァーイ,小崎綾也,13.5,7,超低速スタミナ,,55,Ｄ,Ｄ,8,55,56,-7,6,0%,62 (2),58 (4),45 (11),38 (15),39 (13),3,4,最内,4,4,内,8,14,内,53,[久][続][瞬],51,,36,14%,22%,33%,小崎憲,キャニオンファーム土山,2,26,0 %,12 %,23 %,2,0%,0%,50 %,牝,3,普,普,中標,○,上が掛○,フット×,大トビ,マジェスティックウォリアー,93,10%,15%,20%,,53(栗坂),56,坂路平均,https://stride.get-luck.jp/member/race_viewer_test.php?racedate=20260830&racekey=04263406&jo=0&idpm=iFT66JycF8pFY,PASS
2026-08-30,新潟,6,202604030406,04263406,14:35,6R ダ1800 両津湾特別 2勝クラス 14:35,10,フラッシング,丸田恭介,60.4,12,超低速持続,,39,Ｄ,Ｄ,14,49,44,-25,14,32%,33 (15),43 (11),63 (2),63 (2),55 (5),15,20,最内,13,18,中,14,18,大外,58,[続][瞬],45,"コース○,枠脚質○",69,4%,12%,14%,牧浦充徳,キャニオンファーム土山,1,117,8 %,19 %,26 %,7,14%,29%,29 %,牡,5,短,短,中標ベ,◎,芝×,馬込ダメ,砂被る×,ドレフォン,117,9%,15%,22%,41(ＣＷ),53(栗坂),44,坂路平均,https://stride.get-luck.jp/member/race_viewer_test.php?racedate=20260830&racekey=04263406&jo=0&idpm=iFT66JycF8pFY,PASS
2026-08-30,新潟,6,202604030406,04263406,14:35,6R ダ1800 両津湾特別 2勝クラス 14:35,11,ジェーケーボンバー,菊沢一樹,126.0,15,,,40,Ｄ,Ｄ,10,43,44,-31,15,,42 (13),35 (15),42 (13),38 (14),42 (12),13,15,最内,14,18,最内,10,18,外,58,[続][瞬],51,"コース×,枠脚質○,直近◎,誕(無)",202,5%,10%,16%,上原博之,エスティＦ小見川,1,8,0 %,0 %,13 %,,,,,牡,4,,,,,,,,ホッコータルマエ,126,9%,21%,26%,48(南Ｗ),56(南Ｗ),44,コース平均,https://stride.get-luck.jp/member/race_viewer_test.php?racedate=20260830&racekey=04263406&jo=0&idpm=iFT66JycF8pFY,PASS
2026-08-30,新潟,6,202604030406,04263406,14:35,6R ダ1800 両津湾特別 2勝クラス 14:35,12,マハナ,石橋脩,65.0,13,超低速持続,,39,Ｄ,Ｄ,11,46,55,-17,11,36%,44 (11),41 (12),46 (10),48 (8),51 (9),12,14,内,11,16,最内,11,18,最内,56,[先][追],62,"馬主○,コース○,枠脚質×",90,4%,13%,26%,井上智史,大山ヒルズ,1,13,8 %,15 %,23 %,8,0%,0%,13 %,牝,5,短,短,中立,○,ダッシ×,脚抜ダ○,ダ大丈夫,ハービンジャー,48,6%,8%,15%,53(ＣＷ),49(ＣＷ),55,コース終い重点,https://stride.get-luck.jp/member/race_viewer_test.php?racedate=20260830&racekey=04263406&jo=0&idpm=iFT66JycF8pFY,PASS
2026-08-30,新潟,6,202604030406,04263406,14:35,6R ダ1800 両津湾特別 2勝クラス 14:35,13,クロドラバール,池添謙一,39.9,10,超低速バランス,,39,Ｄ,Ｄ,12,46,50,-22,13,5%,51 (7),57 (5),58 (4),41 (12),32 (15),7,9,内,6,7,内,12,18,内,58,[続][瞬],43,枠脚質×,3,0%,0%,0%,奥村武,エスティＦ小見川,1,31,3 %,13 %,29 %,,,,,セ,5,短,普,中標ベ,△,首使い×,ソラ使う,併せ形○,ロードカナロア,74,4%,11%,16%,49(南Ｗ),55(南Ｗ),50,コース終い重点,https://stride.get-luck.jp/member/race_viewer_test.php?racedate=20260830&racekey=04263406&jo=0&idpm=iFT66JycF8pFY,PASS
2026-08-30,新潟,6,202604030406,04263406,14:35,6R ダ1800 両津湾特別 2勝クラス 14:35,14,コスモコンフェルマ,柴田大知,12.9,6,超低速底力,カスリ,73,Ｃ,Ｓ,4,62,59,3,2,23%,62 (3),69 (1),60 (3),45 (9),35 (14),2,2,最内,1,0,最内,4,8,最内,58,[続][瞬],42,"馬主○,枠脚質×",47,6%,11%,19%,鈴木慎太郎,ビッグレッドＦ鉾田,2,22,0 %,9 %,14 %,2,0%,0%,0 %,牡,4,普,普,小ベ,○,腰甘い,突っ張る,脚抜ダ○,ホッコータルマエ,126,9%,21%,26%,,52(南Ｗ),59,コース終い重点,https://stride.get-luck.jp/member/race_viewer_test.php?racedate=20260830&racekey=04263406&jo=0&idpm=iFT66JycF8pFY,PASS
2026-08-30,新潟,6,202604030406,04263406,14:35,6R ダ1800 両津湾特別 2勝クラス 14:35,15,ノルドヴェスト,原優介,43.9,11,中速底力,カスリ,37,Ｄ,Ｄ,15,46,57,-15,10,46%,46 (10),37 (13),39 (14),43 (10),51 (8),11,13,中,12,17,内,15,20,外,58,[追][久][続],40,"コース○,枠脚質×,直近○",141,4%,9%,13%,秋本大介,ノーザンＦ天栄,1,,,,,10,10%,30%,30 %,セ,6,短,短,細標ベ,◎,腰甘い,,,ロードカナロア,74,4%,11%,16%,60(南Ｗ),64(美坂),57,コース平均,https://stride.get-luck.jp/member/race_viewer_test.php?racedate=20260830&racekey=04263406&jo=0&idpm=iFT66JycF8pFY,PASS
2026-08-30,新潟,7,202604030407,04263407,15:10,7R 芝2200 日本海ステークス 3勝クラス WIN5 15:10,1,シャドウメテオ,三浦皇成,7.6,5,中速持続,,66,Ｃ,Ｄ,5,60,63,-3,5,22%,42 (10),39 (11),51 (5),59 (3),66 (1),10,9,最内,10,8,内,5,6,大外,56,[続][瞬],50,"枠脚質○,直近▲",19,0%,21%,26%,金成貴史,山元トレセン,1,133,10 %,16 %,23 %,7,43%,57%,71 %,牝,4,短,短,小標ベ,○,硬馬場×,完歩小さ,荒馬場○,オルフェーヴル,32,9%,13%,19%,60(南Ｗ),40(南Ｗ),63,コース平均,https://stride.get-luck.jp/member/race_viewer_test.php?racedate=20260830&racekey=04263407&jo=0&idpm=iFT66JycF8pFY,PASS
2026-08-30,新潟,7,202604030407,04263407,15:10,7R 芝2200 日本海ステークス 3勝クラス WIN5 15:10,2,ウインデイジー,岩田康誠,13.9,6,低速瞬発,カスリ,59,Ｄ,Ｄ,6,60,58,-8,7,17%,65 (1),44 (9),32 (12),36 (11),49 (9),1,0,最内,3,2,最内,6,8,最内,56,[先][続][瞬],41,直近×,6,0%,0%,33%,宮徹,グリーンウッド,1,53,6 %,13 %,25 %,,,,,牝,5,短,普,小標,◎,スタミ○,荒馬場○,瞬発力△,ゴールドシップ,85,5%,12%,18%,53(栗坂),47(栗坂),58,坂路終い重点,https://stride.get-luck.jp/member/race_viewer_test.php?racedate=20260830&racekey=04263407&jo=0&idpm=iFT66JycF8pFY,PASS
2026-08-30,新潟,7,202604030407,04263407,15:10,7R 芝2200 日本海ステークス 3勝クラス WIN5 15:10,3,チャリングクロス,戸崎圭太,3.3,1,中速瞬発,ピッタリ,78,Ｃ,Ｓ,3,62,63,-1,4,33%,36 (11),56 (4),67 (1),61 (2),46 (10),11,13,内,9,6,最内,3,3,中,55,[先][続][瞬],56,"馬主○,枠脚質○,直近×",19,21%,37%,42%,奥村武,ノーザンＦ天栄,1,230,11 %,23 %,28 %,6,50%,50%,67 %,牡,3,短,短,細標ベ,○,腰甘い,,,キタサンブラック,19,5%,11%,16%,60(南Ｗ),62(南Ｗ),63,コース終い重点,https://stride.get-luck.jp/member/race_viewer_test.php?racedate=20260830&racekey=04263407&jo=0&idpm=iFT66JycF8pFY,PASS
2026-08-30,新潟,7,202604030407,04263407,15:10,7R 芝2200 日本海ステークス 3勝クラス WIN5 15:10,4,シュバルツマサムネ,高田潤,37.4,11,中速瞬発,ピッタリ,54,Ｄ,Ｄ,7,59,49,-18,12,13%,57 (3),50 (6),44 (9),43 (10),46 (11),6,6,内,7,4,内,7,10,中,58,,46,,,%,%,%,杉山佳明,ノーザンＦしがらき,1,117,10 %,19 %,29 %,8,13%,25%,25 %,牡,4,短,短,中標ベ,△,一本調子,時計速×,,マインドユアビスケッツ,2,50%,50%,50%,57(栗坂),38(ＣＷ),49,障害他終い重点,https://stride.get-luck.jp/member/race_viewer_test.php?racedate=20260830&racekey=04263407&jo=0&idpm=iFT66JycF8pFY,PASS
2026-08-30,新潟,7,202604030407,04263407,15:10,7R 芝2200 日本海ステークス 3勝クラス WIN5 15:10,5,サダムオプシス,Ｃ．ルメール,4.2,3,中速瞬発,ピッタリ,88,Ａ,Ｂ,1,66,73,13,1,37%,61 (2),58 (3),45 (8),49 (7),56 (3),2,2,最内,2,0,最内,1,0,最内,58,[先][追][続][瞬],75,枠脚質○,8,63%,75%,100%,平田修,ノーザンＦしがらき,1,235,7 %,14 %,21 %,12,8%,17%,25 %,牡,5,普,普,細標ベ,△,腰甘い,終い確実,,ルーラーシップ,36,8%,14%,25%,66(ＣＷ),65(栗坂),73,併用平均,https://stride.get-luck.jp/member/race_viewer_test.php?racedate=20260830&racekey=04263407&jo=0&idpm=iFT66JycF8pFY,PASS
2026-08-30,新潟,7,202604030407,04263407,15:10,7R 芝2200 日本海ステークス 3勝クラス WIN5 15:10,6,ナムラフッカー,原優介,50.6,12,中速バランス,カスリ,46,Ｄ,Ｄ,10,60,62,-4,6,16%,55 (5),47 (7),44 (10),46 (8),51 (6),4,5,最内,6,4,最内,10,12,最内,58,[追][久][続],39,直近○,12,0%,8%,17%,長谷川浩大,チャンピオンヒルズ,1,259,14 %,28 %,37 %,6,0%,0%,0 %,牡,5,短,普,小ベ,○,道悪×,終い確実,大トビ,スワーヴリチャード,2,50%,50%,50%,,64(栗坂),62,坂路平均,https://stride.get-luck.jp/member/race_viewer_test.php?racedate=20260830&racekey=04263407&jo=0&idpm=iFT66JycF8pFY,PASS
2026-08-30,新潟,7,202604030407,04263407,15:10,7R 芝2200 日本海ステークス 3勝クラス WIN5 15:10,7,オストラヴァ,津村明秀,4.0,2,中速持続,,66,Ｃ,Ｄ,4,63,64,1,3,0%,45 (9),60 (2),61 (3),58 (4),50 (7),9,8,内,5,3,中,4,6,中,58,[続][瞬],55,"調教師○,直近◎",21,0%,10%,19%,林徹,山元トレセン,1,219,12 %,20 %,28 %,8,25%,75%,100 %,牡,4,短,普,小標ベ,○,腰甘い,乾ダ○,上が掛○,スクリーンヒーロー,9,0%,11%,22%,62(南Ｗ),60(南Ｗ),64,併用終い重点,https://stride.get-luck.jp/member/race_viewer_test.php?racedate=20260830&racekey=04263407&jo=0&idpm=iFT66JycF8pFY,PASS
2026-08-30,新潟,7,202604030407,04263407,15:10,7R 芝2200 日本海ステークス 3勝クラス WIN5 15:10,8,ベンサレム,岩田望来,20.6,7,低速瞬発,カスリ,33,Ｄ,Ｄ,12,53,61,-12,9,0%,55 (4),51 (5),46 (7),33 (12),23 (12),3,4,内,4,2,内,12,16,内,58,[続][瞬],49,"枠脚質○,直近×",6,17%,50%,50%,稲垣幸雄,ノーザンＦ天栄,1,163,9 %,17 %,23 %,8,38%,63%,63 %,牡,5,短,普,小ベ,○,大トビ,上が掛○,渋馬場○,スワーヴリチャード,2,50%,50%,50%,67(南Ｗ),62(美坂),61,併用終い重点,https://stride.get-luck.jp/member/race_viewer_test.php?racedate=20260830&racekey=04263407&jo=0&idpm=iFT66JycF8pFY,PASS
2026-08-30,新潟,7,202604030407,04263407,15:10,7R 芝2200 日本海ステークス 3勝クラス WIN5 15:10,9,タイセイフェリーク,小崎綾也,31.7,8,中速バランス,カスリ,45,Ｄ,Ｄ,11,57,52,-17,11,17%,49 (8),36 (12),43 (11),45 (9),50 (8),7,7,最内,11,8,最内,11,12,内,56,[久][続][瞬],43,,7,14%,29%,29%,青木孝文,ノーザンＦ天栄,1,86,7 %,15 %,22 %,1,0%,0%,0 %,牝,6,短,普,細ベ,○,展開待ち,完歩小さ,渋馬場○,ミッキーロケット,5,0%,20%,20%,63(南Ｗ),37(南Ｗ),52,併用平均,https://stride.get-luck.jp/member/race_viewer_test.php?racedate=20260830&racekey=04263407&jo=0&idpm=iFT66JycF8pFY,PASS
2026-08-30,新潟,7,202604030407,04263407,15:10,7R 芝2200 日本海ステークス 3勝クラス WIN5 15:10,10,サトノパトリオット,川田将雅,5.3,4,中速バランス,カスリ,82,Ｂ,Ｓ,2,68,63,5,2,43%,54 (6),71 (1),59 (4),58 (5),52 (5),5,5,中,1,0,内,2,1,内,58,[先][追],54,"枠脚質○,直近×",5,40%,100%,100%,木村哲也,ノーザンＦ天栄,1,697,20 %,33 %,43 %,6,50%,83%,83 %,セ,4,短,短,小標,○,突っ張る,広馬場向,首使い×,レイデオロ,20,10%,30%,40%,58(南Ｗ),44(南Ｗ),63,併用終い重点,https://stride.get-luck.jp/member/race_viewer_test.php?racedate=20260830&racekey=04263407&jo=0&idpm=iFT66JycF8pFY,PASS
2026-08-30,新潟,7,202604030407,04263407,15:10,7R 芝2200 日本海ステークス 3勝クラス WIN5 15:10,11,リンフレスカンテ,石橋脩,33.9,10,低速瞬発,カスリ,47,Ｄ,Ｄ,9,60,56,-10,8,22%,51 (7),47 (8),47 (6),50 (6),54 (4),8,7,中,8,6,内,9,12,外,58,[先][追],41,,20,0%,10%,20%,宮本博,社台ファーム鈴鹿,2,13,23 %,31 %,31 %,3,33%,33%,33 %,牡,8,短,短,小ベ,○,坂○,スタミ○,道悪×,ルーラーシップ,36,8%,14%,25%,49(栗坂),54(栗坂),56,坂路平均,https://stride.get-luck.jp/member/race_viewer_test.php?racedate=20260830&racekey=04263407&jo=0&idpm=iFT66JycF8pFY,PASS
2026-08-30,新潟,7,202604030407,04263407,15:10,7R 芝2200 日本海ステークス 3勝クラス WIN5 15:10,12,クリニクラウン,菊沢一樹,33.8,9,高速瞬発,カスリ,52,Ｄ,Ｄ,8,62,51,-13,10,43%,31 (12),40 (10),62 (2),63 (1),57 (2),12,14,最内,12,9,中,8,10,大外,56,[続][瞬],51,"直近◎,誕(無)",28,4%,4%,14%,小手川準,小野瀬ファーム,2,44,5 %,11 %,20 %,9,11%,44%,56 %,牝,6,短,普,小ベ,○,渋馬場○,Ｐ遅い○,脚抜ダ○,トビーズコーナー,,,,,16(南Ｗ),37(南Ｗ),51,併用終い重点,https://stride.get-luck.jp/member/race_viewer_test.php?racedate=20260830&racekey=04263407&jo=0&idpm=iFT66JycF8pFY,PASS
2026-08-30,新潟,8,202604030408,04263408,15:45,8R 芝2000 新潟記念・Ｇ３ WIN5 15:45,1,ボーンディスウェイ,丸山元気,32.0,11,高速持続,ピッタリ,51,Ｄ,Ｄ,8,68,63,-7,9,0%,43 (8),54 (4),59 (3),58 (3),52 (6),8,12,内,8,6,最内,8,17,最内,57,[先][続][瞬],35,直近×,27,11%,15%,19%,牧光二,山元トレセン,1,102,14 %,22 %,25 %,22,23%,36%,45 %,牡,7,短,普,中ベ,○,腰甘い,追頭上る,荒馬場×,ハーツクライ,190,10%,18%,28%,52(南Ｗ),52(南Ｗ),63,併用終い重点,https://stride.get-luck.jp/member/race_viewer_test.php?racedate=20260830&racekey=04263408&jo=0&idpm=iFT66JycF8pFY,PASS
2026-08-30,新潟,8,202604030408,04263408,15:45,8R 芝2000 新潟記念・Ｇ３ WIN5 15:45,2,サヴォーナ,池添謙一,15.7,8,高速持続,ピッタリ,61,Ｄ,Ａ,6,67,75,4,3,21%,61 (1),56 (3),43 (7),38 (10),40 (10),1,0,最内,1,0,最内,6,14,最内,57,[続][瞬],42,,4,0%,0%,0%,中竹和也,大山ヒルズ,1,659,6 %,13 %,19 %,12,17%,42%,42 %,牡,6,普,普,小標起,△,京都向き,上が掛○,Ｐ速い○,キズナ,259,12%,19%,26%,53(栗坂),62(栗坂),75,坂路平均,https://stride.get-luck.jp/member/race_viewer_test.php?racedate=20260830&racekey=04263408&jo=0&idpm=iFT66JycF8pFY,PASS
2026-08-30,新潟,8,202604030408,04263408,15:45,8R 芝2000 新潟記念・Ｇ３ WIN5 15:45,3,ロデオドライブ,Ｃ．ルメール,3.9,2,超高速持続,カスリ,92,Ａ,Ａ,2,73,69,4,2,0%,57 (3),46 (9),41 (10),48 (6),58 (2),5,5,中,6,4,中,2,4,大外,57,[先][追][続][瞬],65,"馬主○,枠脚質○",9,33%,67%,67%,辻哲英,ノーザンＦ天栄,1,125,16 %,23 %,33 %,4,75%,100%,100 %,牡,3,短,短,小ベ,○,時計速○,Ｐ速い○,広馬場向,サートゥルナーリア,84,13%,23%,32%,60(南Ｗ),49(南Ｗ),69,コース中重点,https://stride.get-luck.jp/member/race_viewer_test.php?racedate=20260830&racekey=04263408&jo=0&idpm=iFT66JycF8pFY,PASS
2026-08-30,新潟,8,202604030408,04263408,15:45,8R 芝2000 新潟記念・Ｇ３ WIN5 15:45,4,ドゥレッツァ,田辺裕信,8.8,4,中速瞬発,,60,Ｄ,Ｄ,7,67,72,1,5,18%,56 (6),66 (1),55 (4),37 (11),26 (11),6,6,最内,2,0,中,7,14,中,59,[先][追][瞬],54,直近◎,9,11%,22%,22%,尾関知人,ノーザンＦ天栄,1,281,13 %,23 %,32 %,11,45%,64%,73 %,牡,6,普,普,小標ベ,△,少頭数○,Ｐ遅い○,左回り○,ドゥラメンテ,193,9%,21%,30%,67(南Ｗ),67(南Ｗ),72,併用平均,https://stride.get-luck.jp/member/race_viewer_test.php?racedate=20260830&racekey=04263408&jo=0&idpm=iFT66JycF8pFY,PASS
2026-08-30,新潟,8,202604030408,04263408,15:45,8R 芝2000 新潟記念・Ｇ３ WIN5 15:45,5,ゾロアストロ,岩田望来,5.0,3,中速瞬発,,76,Ｂ,Ｃ,3,67,74,3,4,33%,57 (4),53 (5),45 (6),51 (5),57 (4),4,5,内,4,2,中,3,9,外,55,[続][瞬],48,"枠脚質○,直近×",5,20%,20%,20%,宮田敬介,ノーザンＦ天栄,1,569,14 %,25 %,36 %,6,33%,67%,83 %,牡,3,短,短,細標ベ,△,加速遅い,大トビ,腰甘い,モーリス,253,11%,20%,26%,69(南Ｗ),74(南Ｐ),74,コース終い重点,https://stride.get-luck.jp/member/race_viewer_test.php?racedate=20260830&racekey=04263408&jo=0&idpm=iFT66JycF8pFY,PASS
2026-08-30,新潟,8,202604030408,04263408,15:45,8R 芝2000 新潟記念・Ｇ３ WIN5 15:45,6,チェルヴィニア,津村明秀,14.6,7,高速スタミナ,,50,Ｄ,Ｄ,9,66,62,-10,10,8%,60 (2),46 (8),38 (11),41 (9),49 (7),2,2,最内,3,1,内,9,17,内,56,[続][瞬],55,"枠脚質○,直近◎",19,5%,21%,37%,木村哲也,ノーザンＦ天栄,1,697,20 %,33 %,43 %,13,31%,46%,46 %,牝,5,短,普,小標ベ,○,腰甘い,,,ハービンジャー,228,9%,14%,21%,68(南Ｗ),40(南Ｗ),62,コース終い重点,https://stride.get-luck.jp/member/race_viewer_test.php?racedate=20260830&racekey=04263408&jo=0&idpm=iFT66JycF8pFY,PASS
2026-08-30,新潟,8,202604030408,04263408,15:45,8R 芝2000 新潟記念・Ｇ３ WIN5 15:45,7,ジュンブロッサム,杉原誠人,26.9,10,超高速バランス,,37,Ｄ,Ｄ,10,64,68,-6,8,36%,37 (10),37 (10),54 (5),58 (4),58 (3),10,16,内,11,13,最内,10,21,内,58,[追][瞬],40,,20,5%,10%,10%,友道康夫,ノーザンＦしがらき,2,219,12 %,21 %,32 %,7,14%,43%,43 %,牡,7,短,短,細標ベ,△,後行く○,広馬場向,瞬発力○,ワールドエース,47,4%,11%,15%,34(栗坂),66(栗坂),68,併用平均,https://stride.get-luck.jp/member/race_viewer_test.php?racedate=20260830&racekey=04263408&jo=0&idpm=iFT66JycF8pFY,PASS
2026-08-30,新潟,8,202604030408,04263408,15:45,8R 芝2000 新潟記念・Ｇ３ WIN5 15:45,8,ダノンシーマ,川田将雅,2.8,1,高速瞬発,,105,ＡＡ,Ｓ,1,75,69,6,1,10%,42 (9),63 (2),66 (1),69 (1),61 (1),9,13,最内,7,4,内,1,0,大外,57,[先][追],66,"調教師○,馬主○,枠脚質○,直近×",6,17%,33%,50%,中内田充正,ノーザンＦしがらき,1,328,18 %,30 %,41 %,10,50%,60%,100 %,牡,4,短,普,中ベ,△,渋馬場×,瞬発力○,芝軽い○,キタサンブラック,125,6%,12%,18%,61(ＣＷ),52(栗坂),69,坂路平均,https://stride.get-luck.jp/member/race_viewer_test.php?racedate=20260830&racekey=04263408&jo=0&idpm=iFT66JycF8pFY,PASS
2026-08-30,新潟,8,202604030408,04263408,15:45,8R 芝2000 新潟記念・Ｇ３ WIN5 15:45,9,アーバンシック,三浦皇成,13.1,6,低速バランス,,61,Ｄ,Ｂ,5,67,68,-3,7,33%,33 (11),48 (6),65 (2),59 (2),47 (9),11,17,最内,9,10,内,5,14,外,59,[続][瞬],45,"調教師○,馬主○,枠脚質○,直近▲",12,8%,8%,17%,武井亮,ノーザンＦ天栄,1,310,15 %,23 %,34 %,12,33%,42%,50 %,牡,5,短,普,小標ベ,△,軟ら芝×,追頭上る,行たがる,スワーヴリチャード,65,9%,15%,25%,58(南Ｗ),59(南Ｗ),68,併用平均,https://stride.get-luck.jp/member/race_viewer_test.php?racedate=20260830&racekey=04263408&jo=0&idpm=iFT66JycF8pFY,PASS
2026-08-30,新潟,8,202604030408,04263408,15:45,8R 芝2000 新潟記念・Ｇ３ WIN5 15:45,10,バレエマスター,菊沢一樹,24.4,9,高速持続,ピッタリ,32,Ｄ,Ｄ,11,60,55,-23,11,42%,46 (7),33 (11),43 (8),46 (7),53 (5),7,10,最内,10,10,最内,11,22,最内,57,[続][瞬],45,"直近◎,誕(無)",28,7%,14%,21%,梅田智之,社台ファーム鈴鹿,1,10,0 %,0 %,10 %,7,0%,0%,14 %,牡,7,普,普,中標ベ,○,道悪×,折合○,瞬発力×,スピルバーグ,19,11%,21%,26%,61(ＣＷ),51(栗坂),55,併用平均,https://stride.get-luck.jp/member/race_viewer_test.php?racedate=20260830&racekey=04263408&jo=0&idpm=iFT66JycF8pFY,PASS
2026-08-30,新潟,8,202604030408,04263408,15:45,8R 芝2000 新潟記念・Ｇ３ WIN5 15:45,11,ステレンボッシュ,戸崎圭太,9.2,5,超高速バランス,,64,Ｃ,Ｃ,4,69,69,0,6,21%,57 (5),48 (7),42 (9),44 (8),49 (8),3,4,最内,5,3,最内,4,13,内,56,[先][続][瞬],54,"調教師○,枠脚質○,直近×",19,11%,21%,37%,宮田敬介,ノーザンＦ天栄,1,569,14 %,25 %,36 %,13,23%,46%,54 %,牝,5,短,普,小ベ,△,瞬発力○,腰甘い,広馬場向,エピファネイア,360,10%,20%,28%,68(南Ｗ),68(南Ｐ),69,コース終い重点,https://stride.get-luck.jp/member/race_viewer_test.php?racedate=20260830&racekey=04263408&jo=0&idpm=iFT66JycF8pFY,PASS
2026-08-30,新潟,9,202604030409,04263409,16:25,9R 芝1000 閃光特別 2勝クラス 16:25,1,カレンデュラ,嶋田純次,4.3,2,超高速持続,ピッタリ,68,Ｃ,Ｄ,3,58,59,-1,6,0%,55 (5),48 (10),41 (14),52 (10),58 (6),5,7,最内,5,7,最内,3,3,中,54,[先][追],48,コース○,71,6%,11%,20%,室井潔,ミルファーム千葉,2,3,0 %,0 %,0 %,2,0%,50%,50 %,牝,3,短,短,小ベ,○,ソラ使う,根性有り,平坦向き,アルアイン,32,19%,28%,44%,,52(南Ｗ),59,コース終い重点,https://stride.get-luck.jp/member/race_viewer_test.php?racedate=20260830&racekey=04263409&jo=0&idpm=iFT66JycF8pFY,PASS
2026-08-30,新潟,9,202604030409,04263409,16:25,9R 芝1000 閃光特別 2勝クラス 16:25,2,サトノアルペジオ,Ｍ．ミシェル,57.7,14,低速持続,,58,Ｄ,Ｄ,10,45,58,-15,14,31%,34 (17),30 (18),41 (15),54 (8),60 (2),17,16,最内,17,16,最内,10,6,中,58,,61,,,%,%,%,大和田成,ノーザンＦ天栄,2,10,20 %,40 %,50 %,3,33%,67%,67 %,セ,6,短,短,小ベ,△,気難しい,時計掛○,外枠○,モーリス,70,9%,13%,20%,,63(美坂),58,坂路平均,https://stride.get-luck.jp/member/race_viewer_test.php?racedate=20260830&racekey=04263409&jo=0&idpm=iFT66JycF8pFY,PASS
2026-08-30,新潟,9,202604030409,04263409,16:25,9R 芝1000 閃光特別 2勝クラス 16:25,3,ゼンダンタカ,杉原誠人,32.5,11,超高速瞬発,,60,Ｄ,Ａ,9,56,58,-4,7,0%,67 (2),62 (3),45 (11),38 (15),42 (13),2,1,最内,2,1,最内,9,6,最内,56,[追][瞬],59,コース○,68,7%,13%,21%,中舘英二,阿見トレセン,3,12,0 %,0 %,0 %,,,,,牝,4,短,短,小標ベ,△,物見,小回向き,ハナ条件,アジアエクスプレス,26,19%,23%,23%,42(美坂),59(美坂),58,坂路平均,https://stride.get-luck.jp/member/race_viewer_test.php?racedate=20260830&racekey=04263409&jo=0&idpm=iFT66JycF8pFY,PASS
2026-08-30,新潟,9,202604030409,04263409,16:25,9R 芝1000 閃光特別 2勝クラス 16:25,4,フレッシュラン,石田拓郎,107.5,18,中速スタミナ,,35,Ｄ,Ｄ,17,38,58,-22,15,0%,42 (15),42 (16),49 (9),39 (14),41 (14),16,13,最内,16,13,最内,17,13,最内,56,,48,"枠脚質○,直近○",27,4%,7%,11%,尾形和幸,松風馬事センター,1,197,4 %,7 %,13 %,7,14%,14%,14 %,牝,4,短,短,小標ベ,△,中山向き,外枠○,後行く×,ホッコータルマエ,10,10%,10%,10%,49(美坂),74(美坂),58,坂路平均,https://stride.get-luck.jp/member/race_viewer_test.php?racedate=20260830&racekey=04263409&jo=0&idpm=iFT66JycF8pFY,PASS
2026-08-30,新潟,9,202604030409,04263409,16:25,9R 芝1000 閃光特別 2勝クラス 16:25,5,ファイツオン,三浦皇成,17.3,8,高速底力,,72,Ｃ,Ｓ,2,59,61,2,2,0%,54 (6),65 (1),67 (2),63 (2),51 (11),7,8,内,7,8,内,2,1,最内,58,[続][瞬],58,"馬主○,枠脚質○,直近▲",20,5%,15%,35%,藤岡健一,ＪＯＪＩ　ＳＴＡＢＬＥ,2,4,50 %,50 %,50 %,,,,,牡,5,短,短,小標ベ,○,二脚速い,ハナ条件,Ｐ速い×,アルアイン,32,19%,28%,44%,,58(ＣＷ),61,コース終い重点,https://stride.get-luck.jp/member/race_viewer_test.php?racedate=20260830&racekey=04263409&jo=0&idpm=iFT66JycF8pFY,PASS
2026-08-30,新潟,9,202604030409,04263409,16:25,9R 芝1000 閃光特別 2勝クラス 16:25,6,エリカカリーナ,原優介,16.5,7,超高速スタミナ,,64,Ｃ,Ｓ,6,49,69,0,5,12%,48 (13),60 (4),68 (1),50 (12),39 (15),8,9,最内,8,9,最内,6,4,最内,56,[追][久][続],45,直近○,42,2%,7%,14%,宮田敬介,ノーザンＦ天栄,1,569,14 %,25 %,36 %,14,14%,21%,43 %,牝,5,短,短,細ベ,△,腰甘い,小回向き,時計速×,ミッキーアイル,76,4%,13%,16%,79(美坂),70(美坂),69,坂路平均,https://stride.get-luck.jp/member/race_viewer_test.php?racedate=20260830&racekey=04263409&jo=0&idpm=iFT66JycF8pFY,PASS
2026-08-30,新潟,9,202604030409,04263409,16:25,9R 芝1000 閃光特別 2勝クラス 16:25,7,リュウノタブーク,上里直汰,65.3,15,中速スタミナ,,48,Ｄ,Ｄ,13,50,41,-27,17,33%,40 (16),42 (15),52 (8),58 (4),56 (8),14,12,内,14,12,内,13,9,内,56,,45,,15,0%,0%,0%,伊坂重信,ＫＳトレーニングＣ,3,7,14 %,14 %,14 %,,,,,牝,5,短,短,小標起,△,腰甘い,,突っ張る,オルフェーヴル,38,8%,16%,24%,,16(美坂),41,坂路平均,https://stride.get-luck.jp/member/race_viewer_test.php?racedate=20260830&racekey=04263409&jo=0&idpm=iFT66JycF8pFY,PASS
2026-08-30,新潟,9,202604030409,04263409,16:25,9R 芝1000 閃光特別 2勝クラス 16:25,8,ハニーローリエ,菊沢一樹,2.8,1,中速スタミナ,,76,Ｂ,Ａ,1,59,59,0,3,7%,59 (3),50 (9),38 (17),55 (6),62 (1),3,6,内,3,6,内,1,0,内,56,[続][瞬],67,"コース○,枠脚質×,直近◎,誕(無)",93,13%,24%,29%,小手川準,阿見トレセン,2,39,5 %,26 %,36 %,5,40%,80%,80 %,牝,4,短,短,細標ベ,○,ハナ条件,一本調子,時計掛○,ルーラーシップ,30,0%,17%,20%,,48(美坂),59,坂路平均,https://stride.get-luck.jp/member/race_viewer_test.php?racedate=20260830&racekey=04263409&jo=0&idpm=iFT66JycF8pFY,PASS
2026-08-30,新潟,9,202604030409,04263409,16:25,9R 芝1000 閃光特別 2勝クラス 16:25,9,バンディート,小崎綾也,66.9,16,超高速スタミナ,,32,Ｄ,Ｄ,18,36,58,-24,16,42%,50 (12),53 (8),56 (7),36 (16),34 (17),13,11,中,13,11,中,18,13,外,58,[久][続][瞬],47,,18,0%,22%,33%,東田明士,吉澤Ｓ－ＷＥＳＴ,1,79,5 %,8 %,16 %,6,0%,0%,0 %,牡,6,普,長,中標ベ,△,大トビ,荒馬場○,手前替×,イスラボニータ,48,10%,19%,25%,70(栗坂),79(栗坂),58,坂路平均,https://stride.get-luck.jp/member/race_viewer_test.php?racedate=20260830&racekey=04263409&jo=0&idpm=iFT66JycF8pFY,PASS
2026-08-30,新潟,9,202604030409,04263409,16:25,9R 芝1000 閃光特別 2勝クラス 16:25,10,キントラダンサー,野中悠太郎,82.0,17,超高速スタミナ,,44,Ｄ,Ｄ,15,51,55,-12,11,7%,68 (1),64 (2),47 (10),35 (17),39 (16),1,0,中,1,0,中,15,10,中,56,[先][続][瞬],35,,14,0%,0%,0%,長谷川浩大,ワコーＦアカデミー,2,76,4 %,5 %,11 %,3,0%,0%,33 %,牝,4,短,短,小標,○,腰甘い,内枠○,小回向き,キタサンブラック,24,8%,13%,17%,42(ＣＷ),52(ＣＷ),55,併用終い重点,https://stride.get-luck.jp/member/race_viewer_test.php?racedate=20260830&racekey=04263409&jo=0&idpm=iFT66JycF8pFY,PASS
2026-08-30,新潟,9,202604030409,04263409,16:25,9R 芝1000 閃光特別 2勝クラス 16:25,11,ビップムーラン,丸山元気,9.3,4,高速底力,,63,Ｃ,Ｃ,7,53,59,-6,9,0%,53 (7),59 (5),60 (3),56 (5),49 (12),4,6,中,4,6,中,7,4,内,54,[先][続][瞬],45,直近×,52,6%,15%,21%,田島俊明,ＫＳトレーニングＣ,1,131,6 %,12 %,15 %,9,22%,56%,67 %,牝,3,短,普,中ベ,△,二脚速い,一本調子,腰甘い,アルアイン,32,19%,28%,44%,,76(美坂),59,坂路平均,https://stride.get-luck.jp/member/race_viewer_test.php?racedate=20260830&racekey=04263409&jo=0&idpm=iFT66JycF8pFY,PASS
2026-08-30,新潟,9,202604030409,04263409,16:25,9R 芝1000 閃光特別 2勝クラス 16:25,12,レジーナローズ,津村明秀,15.9,6,超高速持続,ピッタリ,65,Ｃ,Ｓ,4,55,58,-5,8,21%,50 (9),46 (11),43 (13),51 (11),55 (9),12,11,最内,12,11,最内,4,3,外,56,[続][瞬],71,"枠脚質○,直近◎",43,12%,21%,28%,鈴木慎太郎,エスティＦ小見川,2,25,8 %,16 %,28 %,,,,,牝,6,短,普,小ベ,○,脚捌き△,他馬気に,突っ張る,リオンディーズ,70,9%,19%,26%,62(美坂),67(美坂),58,坂路平均,https://stride.get-luck.jp/member/race_viewer_test.php?racedate=20260830&racekey=04263409&jo=0&idpm=iFT66JycF8pFY,PASS
2026-08-30,新潟,9,202604030409,04263409,16:25,9R 芝1000 閃光特別 2勝クラス 16:25,13,ビーアイフォルテ,江田照男,34.9,12,中速スタミナ,,48,Ｄ,Ｄ,14,46,58,-14,13,0%,50 (11),54 (7),57 (6),32 (18),30 (18),11,10,外,11,10,外,14,9,大外,56,[続][瞬],41,,30,0%,0%,3%,牧田和弥,名張ホースランドＰ,1,31,6 %,13 %,13 %,5,20%,20%,20 %,牝,4,短,短,小標,○,腰甘い,,,シルバーステート,68,4%,12%,13%,65(ＣＷ),66(栗坂),58,併用平均,https://stride.get-luck.jp/member/race_viewer_test.php?racedate=20260830&racekey=04263409&jo=0&idpm=iFT66JycF8pFY,PASS
2026-08-30,新潟,9,202604030409,04263409,16:25,9R 芝1000 閃光特別 2勝クラス 16:25,14,ケンキョ,丸田恭介,47.6,13,中速スタミナ,,38,Ｄ,Ｄ,16,46,41,-31,18,58%,28 (18),36 (17),59 (4),61 (3),54 (10),18,18,外,18,18,外,16,12,大外,58,[続][瞬],41,枠脚質×,32,0%,3%,9%,高橋文雅,阿見トレセン,1,255,3 %,9 %,16 %,23,9%,13%,30 %,牡,6,短,短,細標ベ,△,府中向き,時計掛○,内枠○,ダノンレジェンド,36,6%,8%,17%,30(美坂),50(南Ｗ),41,併用終い重点,https://stride.get-luck.jp/member/race_viewer_test.php?racedate=20260830&racekey=04263409&jo=0&idpm=iFT66JycF8pFY,PASS
2026-08-30,新潟,9,202604030409,04263409,16:25,9R 芝1000 閃光特別 2勝クラス 16:25,15,ミスエル,武藤雅,20.0,10,中速スタミナ,,55,Ｄ,Ｄ,11,54,54,-10,10,12%,47 (14),43 (14),43 (12),55 (7),58 (4),9,9,中,9,9,中,11,7,大外,58,[久][続][瞬],39,枠脚質×,51,4%,14%,14%,菊沢隆徳,ＫＳトレーニングＣ,2,107,8 %,11 %,16 %,7,14%,14%,14 %,牡,5,短,短,中ベ,△,左回り○,輸送ダメ,完歩小さ,ディスクリートキャット,61,7%,15%,21%,26(美坂),47(美坂),54,坂路平均,https://stride.get-luck.jp/member/race_viewer_test.php?racedate=20260830&racekey=04263409&jo=0&idpm=iFT66JycF8pFY,PASS
2026-08-30,新潟,9,202604030409,04263409,16:25,9R 芝1000 閃光特別 2勝クラス 16:25,16,スペルキャスター,石橋脩,15.4,5,超高速瞬発,,65,Ｃ,Ｓ,8,56,67,5,1,0%,50 (10),44 (13),40 (16),54 (9),59 (3),15,12,外,15,12,外,8,6,外,56,[先][追],49,枠脚質×,21,5%,14%,19%,蛯名利弘,高橋ＴＣ,2,55,2 %,2 %,4 %,,,,,牝,6,短,短,小ベ,△,鉄砲○,気難しい,腰甘い,ロードカナロア,139,6%,13%,24%,64(美坂),67(美坂),67,坂路平均,https://stride.get-luck.jp/member/race_viewer_test.php?racedate=20260830&racekey=04263409&jo=0&idpm=iFT66JycF8pFY,PASS
2026-08-30,新潟,9,202604030409,04263409,16:25,9R 芝1000 閃光特別 2勝クラス 16:25,17,ラトルシェ,岩田康誠,18.8,9,超高速持続,ピッタリ,48,Ｄ,Ｄ,12,51,53,-14,12,0%,56 (4),45 (12),35 (18),48 (13),58 (5),6,7,外,6,7,外,12,9,外,56,[先][続][瞬],44,"枠脚質×,直近×",7,0%,0%,14%,菊川正達,千代田牧場,2,15,7 %,13 %,20 %,4,0%,0%,25 %,牝,4,短,普,小ベ,△,芝軽い○,鉄砲×,,ミッキーアイル,76,4%,13%,16%,31(南Ｗ),44(南Ｗ),53,コース平均,https://stride.get-luck.jp/member/race_viewer_test.php?racedate=20260830&racekey=04263409&jo=0&idpm=iFT66JycF8pFY,PASS
2026-08-30,新潟,9,202604030409,04263409,16:25,9R 芝1000 閃光特別 2勝クラス 16:25,18,ヴェントゥーラ,岩田望来,6.9,3,超高速底力,カスリ,64,Ｃ,Ｄ,5,53,65,0,4,14%,52 (8),57 (6),59 (5),65 (1),57 (7),10,10,内,10,10,内,5,4,大外,56,[続][瞬],58,"枠脚質○,直近×",6,17%,17%,17%,小栗実,島上牧場,1,2,0 %,0 %,0 %,2,0%,0%,0 %,牝,4,短,短,中ベ,△,時計速○,小回向き,突っ張る,サートゥルナーリア,7,29%,29%,29%,57(ＣＷ),66(栗Ｂ),65,コース終い重点,https://stride.get-luck.jp/member/race_viewer_test.php?racedate=20260830&racekey=04263409&jo=0&idpm=iFT66JycF8pFY,PASS
2026-08-30,新潟,10,202604030410,04263410,17:00,10R ダ1800 ３歳未勝利 17:00,1,カーボフリオ,Ｍ．ミシェル,8.6,4,低速底力,カスリ,65,Ｃ,Ｃ,6,26,47,-7,8,20%,29 (15),45 (11),61 (2),65 (1),57 (4),15,16,最内,14,14,最内,6,4,大外,55,,67,,,%,%,%,高木登,山元トレセン,3,6,0 %,17 %,17 %,1,0%,100%,100 %,牝,3,短,短,細標ベ,○,上が掛○,腰甘い,広馬場向,ナダル,37,16%,30%,43%,,64(美坂),47,坂路平均,https://stride.get-luck.jp/member/race_viewer_test.php?racedate=20260830&racekey=04263410&jo=0&idpm=iFT66JycF8pFY,PASS
2026-08-30,新潟,10,202604030410,04263410,17:00,10R ダ1800 ３歳未勝利 17:00,2,ソナタムーンライト,原優介,105.9,14,中速瞬発,,36,Ｄ,Ｄ,14,19,28,-33,15,33%,63 (3),53 (6),44 (11),26 (15),29 (15),3,3,最内,5,3,最内,14,12,最内,57,[追][久][続],46,"コース○,枠脚質○,直近○",141,4%,9%,13%,堀内岳志,エスティＦ小見川,1,106,2 %,8 %,13 %,1,0%,0%,0 %,牡,3,普,普,細標ベ,△,腰甘い,大トビ,コーナ×,ハービンジャー,48,6%,8%,15%,46(南Ｗ),41(南Ｗ),28,併用終い重点,https://stride.get-luck.jp/member/race_viewer_test.php?racedate=20260830&racekey=04263410&jo=0&idpm=iFT66JycF8pFY,PASS
2026-08-30,新潟,10,202604030410,04263410,17:00,10R ダ1800 ３歳未勝利 17:00,3,アーティキュレート,内田博幸,24.6,9,超低速スタミナ,カスリ,70,Ｃ,Ｓ,5,38,39,-3,4,20%,51 (8),55 (5),54 (6),56 (4),53 (8),5,6,最内,6,4,内,5,2,大外,57,[追][続],42,"馬主○,コース×,枠脚質×",75,1%,7%,9%,手塚貴久,ノーザンＦ天栄,1,545,14 %,26 %,39 %,4,0%,0%,25 %,牡,3,短,短,小ベ,○,時計速×,腰甘い,,サートゥルナーリア,15,7%,13%,20%,59(南Ｗ),58(南Ｗ),39,併用平均,https://stride.get-luck.jp/member/race_viewer_test.php?racedate=20260830&racekey=04263410&jo=0&idpm=iFT66JycF8pFY,PASS
2026-08-30,新潟,10,202604030410,04263410,17:00,10R ダ1800 ３歳未勝利 17:00,4,パワポケウォーズ,上里直汰,26.9,10,超低速底力,ピッタリ,63,Ｃ,Ｓ,7,41,34,-5,6,36%,44 (12),51 (7),55 (5),59 (3),56 (6),9,9,内,10,8,内,7,4,最内,54,,47,,33,3%,6%,18%,大和田成,ＫＳトレーニングＣ,5,1,0 %,0 %,0 %,,,,,牡,3,短,短,小ベ,△,砂被る×,外枠○,脚抜ダ○,リアルスティール,65,12%,17%,25%,,,34,,https://stride.get-luck.jp/member/race_viewer_test.php?racedate=20260830&racekey=04263410&jo=0&idpm=iFT66JycF8pFY,PASS
2026-08-30,新潟,10,202604030410,04263410,17:00,10R ダ1800 ３歳未勝利 17:00,5,クライングナウ,岩田望来,5.3,3,中速バランス,,70,Ｃ,Ｃ,4,34,41,-5,7,20%,53 (6),60 (2),58 (4),53 (7),46 (12),6,7,内,4,2,中,4,2,外,57,[続][瞬],51,"枠脚質×,直近×",24,13%,17%,29%,斎藤誠,エスティＦ小見川,4,4,0 %,75 %,75 %,,,,,牡,3,普,普,小標,○,追頭上る,腰甘い,,サトノダイヤモンド,43,2%,7%,23%,45(美坂),58(美坂),41,坂路平均,https://stride.get-luck.jp/member/race_viewer_test.php?racedate=20260830&racekey=04263410&jo=0&idpm=iFT66JycF8pFY,PASS
2026-08-30,新潟,10,202604030410,04263410,17:00,10R ダ1800 ３歳未勝利 17:00,6,ロジキセキ,戸崎圭太,3.0,2,超低速底力,ピッタリ,76,Ｂ,Ｃ,1,40,40,0,1,11%,63 (2),59 (3),50 (7),50 (10),50 (9),1,0,最内,2,0,最内,1,0,最内,57,[先][続][瞬],67,"コース○,枠脚質×,直近×",72,22%,33%,44%,新開幸一,エスティＦ小見川,6,,,,,,,,,牡,3,短,短,中標ベ,◎,腰甘い,フット×,,アドマイヤマーズ,7,0%,29%,29%,,28(南Ｗ),40,コース平均,https://stride.get-luck.jp/member/race_viewer_test.php?racedate=20260830&racekey=04263410&jo=0&idpm=iFT66JycF8pFY,PASS
2026-08-30,新潟,10,202604030410,04263410,17:00,10R ダ1800 ３歳未勝利 17:00,7,カノープス,石田拓郎,96.5,12,超低速持続,カスリ,56,Ｄ,Ｄ,8,38,32,-10,9,0%,37 (14),49 (9),59 (3),64 (2),58 (3),14,12,最内,9,8,最内,8,6,内,53,,49,"コース×,枠脚質○,直近○",81,2%,5%,9%,辻哲英,小野瀬ファーム,3,6,17 %,33 %,33 %,,,,,牝,3,短,短,中ベ,○,腰甘い,,,ルーラーシップ,128,5%,12%,20%,,,32,,https://stride.get-luck.jp/member/race_viewer_test.php?racedate=20260830&racekey=04263410&jo=0&idpm=iFT66JycF8pFY,PASS
2026-08-30,新潟,10,202604030410,04263410,17:00,10R ダ1800 ３歳未勝利 17:00,8,ザンテソーロ,柴田大知,17.5,7,超低速スタミナ,カスリ,52,Ｄ,Ｄ,10,41,35,-4,5,10%,51 (9),72 (1),73 (1),50 (9),31 (14),10,9,中,1,0,中,10,7,中,57,[続][瞬],48,"調教師○,枠脚質×",47,6%,11%,19%,畠山吉宏,高橋ＴＣ,7,,,,,,,,,牡,3,短,短,中ベ,◎,腰甘い,スタミ○,上が掛○,オルフェーヴル,79,9%,15%,25%,,40(南Ｗ),35,コース中重点,https://stride.get-luck.jp/member/race_viewer_test.php?racedate=20260830&racekey=04263410&jo=0&idpm=iFT66JycF8pFY,PASS
2026-08-30,新潟,10,202604030410,04263410,17:00,10R ダ1800 ３歳未勝利 17:00,9,ウモラダエピカ,石神深道,17.0,6,,,55,Ｄ,Ｄ,9,26,40,-14,11,,54 (5),49 (10),46 (9),44 (12),47 (11),7,7,中,8,7,中,9,7,外,53,,54,直近◎,59,3%,8%,19%,林徹,ノーザンＦ天栄,1,318,15 %,27 %,37 %,,,,,牝,3,,,,,,,,アメリカンファラオ,21,14%,19%,43%,55(南Ｗ),52(南Ｗ),40,坂路終い重点,https://stride.get-luck.jp/member/race_viewer_test.php?racedate=20260830&racekey=04263410&jo=0&idpm=iFT66JycF8pFY,PASS
2026-08-30,新潟,10,202604030410,04263410,17:00,10R ダ1800 ３歳未勝利 17:00,10,サングラント,三浦皇成,2.8,1,超低速底力,ピッタリ,76,Ｂ,Ａ,2,40,40,0,2,50%,64 (1),58 (4),48 (8),54 (5),56 (5),2,2,内,3,1,内,2,0,内,57,[続][瞬],63,"コース○,枠脚質×,直近▲",78,14%,24%,29%,金成貴史,ノーザンＦ天栄,5,1,0 %,0 %,0 %,,,,,牡,3,短,短,中標ベ,△,時計速×,フット×,,ルヴァンスレーヴ,48,2%,19%,31%,54(南Ｗ),53(南Ｗ),40,コース終い重点,https://stride.get-luck.jp/member/race_viewer_test.php?racedate=20260830&racekey=04263410&jo=0&idpm=iFT66JycF8pFY,PASS
2026-08-30,新潟,10,202604030410,04263410,17:00,10R ダ1800 ３歳未勝利 17:00,11,ヴァルク,木幡初也,99.6,13,超低速バランス,,38,Ｄ,Ｄ,13,23,37,-20,12,75%,44 (11),40 (13),44 (12),43 (13),48 (10),13,11,中,13,13,中,13,12,外,57,[追][久][続][瞬],43,枠脚質○,39,3%,8%,10%,武市康男,ＫＳトレーニングＣ,1,358,4 %,9 %,14 %,3,0%,0%,0 %,牡,3,短,短,中標ベ,△,腰甘い,,,パドトロワ,4,0%,0%,0%,58(美坂),57(美坂),37,坂路平均,https://stride.get-luck.jp/member/race_viewer_test.php?racedate=20260830&racekey=04263410&jo=0&idpm=iFT66JycF8pFY,PASS
2026-08-30,新潟,10,202604030410,04263410,17:00,10R ダ1800 ３歳未勝利 17:00,12,サンタピア,菊沢一樹,16.3,5,超低速底力,ピッタリ,72,Ｃ,Ｓ,3,46,33,-1,3,0%,56 (4),50 (8),45 (10),51 (8),55 (7),4,5,内,7,5,最内,3,1,中,57,[続][瞬],58,"コース×,枠脚質○,直近◎,誕(無)",202,5%,10%,16%,松山将樹,ＫＳトレーニングＣ,2,120,2 %,5 %,13 %,1,0%,0%,0 %,牡,3,短,短,中標ベ,△,腰甘い,小回向き,,ルヴァンスレーヴ,48,2%,19%,31%,,31(南Ｗ),33,コース終い重点,https://stride.get-luck.jp/member/race_viewer_test.php?racedate=20260830&racekey=04263410&jo=0&idpm=iFT66JycF8pFY,PASS
2026-08-30,新潟,10,202604030410,04263410,17:00,10R ダ1800 ３歳未勝利 17:00,13,エイシンキーウィ,江田照男,24.5,8,,,34,Ｄ,Ｄ,15,13,39,-28,14,,47 (10),41 (12),42 (13),36 (14),41 (13),11,10,最内,12,12,内,15,13,内,55,[続][瞬],42,,60,2%,7%,8%,田中剛,阿見トレセン,1,114,4 %,11 %,17 %,,,,,牝,3,,,,,,,,ミスターメロディ,12,0%,8%,17%,57(南Ｗ),62(美坂),39,坂路平均,https://stride.get-luck.jp/member/race_viewer_test.php?racedate=20260830&racekey=04263410&jo=0&idpm=iFT66JycF8pFY,PASS
2026-08-30,新潟,10,202604030410,04263410,17:00,10R ダ1800 ３歳未勝利 17:00,14,マジギレカレン,野中悠太郎,47.2,11,中速スタミナ,,46,Ｄ,Ｄ,11,28,39,-13,10,100%,41 (13),33 (15),38 (14),53 (6),64 (1),12,11,内,15,16,最内,11,9,大外,55,[先][続][瞬],35,枠脚質×,64,5%,9%,16%,的場均,栗山育成牧場,2,9,0 %,0 %,0 %,,,,,牝,3,短,短,小標ベ,○,,,,カレンブラックヒル,27,11%,15%,19%,,56(美坂),39,坂路終い重点,https://stride.get-luck.jp/member/race_viewer_test.php?racedate=20260830&racekey=04263410&jo=0&idpm=iFT66JycF8pFY,PASS
2026-08-30,新潟,10,202604030410,04263410,17:00,10R ダ1800 ３歳未勝利 17:00,15,カフェプラウド,水沼元輝,108.9,15,中速スタミナ,,45,Ｄ,Ｄ,12,28,27,-25,13,100%,52 (7),38 (14),35 (15),46 (11),59 (2),8,8,最内,11,11,最内,12,9,中,54,[瞬],38,誕(無),50,0%,4%,8%,柄崎将寿,ＫＳトレーニングＣ,2,10,10 %,10 %,10 %,1,0%,0%,0 %,牡,3,普,普,中標ベ,○,腰甘い,,,ドレフォン,117,9%,15%,22%,,17(南Ｗ),27,コース平均,https://stride.get-luck.jp/member/race_viewer_test.php?racedate=20260830&racekey=04263410&jo=0&idpm=iFT66JycF8pFY,PASS
2026-08-30,新潟,11,202604030411,04263411,17:30,11R 芝1800 ３歳上１勝クラス 17:30,1,ブルバンビーナ,石田拓郎,52.7,12,中速バランス,カスリ,44,Ｄ,Ｄ,11,45,50,-15,11,20%,47 (10),46 (11),49 (9),52 (8),55 (6),9,16,内,11,17,内,11,19,外,54,,44,"枠脚質○,直近○",26,4%,8%,8%,尾形和幸,松風馬事センター,1,197,4 %,7 %,13 %,7,0%,0%,0 %,牝,4,短,短,小ベ,△,減量効○,平坦向き,時計掛○,キズナ,259,12%,19%,26%,58(南Ｗ),55(南Ｗ),50,コース平均,https://stride.get-luck.jp/member/race_viewer_test.php?racedate=20260830&racekey=04263411&jo=0&idpm=iFT66JycF8pFY,PASS
2026-08-30,新潟,11,202604030411,04263411,17:30,11R 芝1800 ３歳上１勝クラス 17:30,2,シアブリス,三浦皇成,9.4,5,中速バランス,カスリ,69,Ｃ,Ｃ,4,52,55,-3,4,14%,50 (8),53 (7),53 (8),53 (7),53 (8),7,13,最内,6,11,最内,4,11,大外,56,[続][瞬],53,"馬主○,コース○,枠脚質○,直近▲",46,9%,33%,41%,手塚貴徳,ノーザンＦ天栄,1,18,6 %,17 %,28 %,14,7%,36%,36 %,牝,5,短,短,細ベ,○,Ｒ中鼻血,突っ張る,広馬場向,エピファネイア,360,10%,20%,28%,52(南Ｗ),62(南Ｗ),55,コース終い重点,https://stride.get-luck.jp/member/race_viewer_test.php?racedate=20260830&racekey=04263411&jo=0&idpm=iFT66JycF8pFY,PASS
2026-08-30,新潟,11,202604030411,04263411,17:30,11R 芝1800 ３歳上１勝クラス 17:30,3,スカイダンスタイム,石神深道,59.6,14,高速瞬発,カスリ,32,Ｄ,Ｄ,13,38,42,-30,14,100%,48 (9),30 (14),35 (13),35 (13),40 (12),10,16,中,14,23,最内,13,22,中,54,,47,"枠脚質○,直近◎",26,0%,0%,8%,萱野浩二,ＫＳトレーニングＣ,1,179,3 %,5 %,9 %,1,0%,0%,0 %,牝,5,短,短,細標起,○,腰甘い,,,ビーチパトロール,58,3%,14%,22%,46(南Ｗ),44(南Ｗ),42,コース平均,https://stride.get-luck.jp/member/race_viewer_test.php?racedate=20260830&racekey=04263411&jo=0&idpm=iFT66JycF8pFY,PASS
2026-08-30,新潟,11,202604030411,04263411,17:30,11R 芝1800 ３歳上１勝クラス 17:30,4,ナックホワイト,野中悠太郎,16.2,8,中速瞬発,ピッタリ,41,Ｄ,Ｄ,12,47,54,-9,9,11%,60 (2),58 (4),48 (10),42 (11),38 (13),2,7,最内,2,5,最内,12,20,内,53,[先][続][瞬],34,,28,0%,0%,7%,杉浦宏昭,ノーザンＦ天栄,1,11,0 %,18 %,27 %,2,0%,0%,0 %,牝,3,短,普,細ベ,△,腰甘い,,,ブリックスアンドモルタル,122,10%,17%,25%,54(南Ｐ),62(南Ｗ),54,コース終い重点,https://stride.get-luck.jp/member/race_viewer_test.php?racedate=20260830&racekey=04263411&jo=0&idpm=iFT66JycF8pFY,PASS
2026-08-30,新潟,11,202604030411,04263411,17:30,11R 芝1800 ３歳上１勝クラス 17:30,5,カンティーナ,原優介,11.2,7,中速瞬発,ピッタリ,58,Ｄ,Ｄ,7,48,55,-7,8,14%,44 (11),48 (8),54 (7),55 (6),55 (5),11,17,最内,9,15,内,7,15,外,53,[追][久][続],33,"コース×,枠脚質×,直近○",52,0%,4%,15%,堀内岳志,高橋ＴＣ,1,186,4 %,7 %,11 %,,,,,牝,3,短,短,小標ベ,△,追頭上る,脚捌き△,腰甘い,シルバーステート,154,7%,18%,29%,67(美坂),56(南Ｗ),55,併用終い重点,https://stride.get-luck.jp/member/race_viewer_test.php?racedate=20260830&racekey=04263411&jo=0&idpm=iFT66JycF8pFY,PASS
2026-08-30,新潟,11,202604030411,04263411,17:30,11R 芝1800 ３歳上１勝クラス 17:30,6,ニシノコマチムスメ,菊沢一樹,31.5,9,中速瞬発,ピッタリ,57,Ｄ,Ｄ,8,49,54,-7,7,0%,36 (14),48 (9),61 (2),61 (2),57 (4),13,22,内,12,19,最内,8,15,内,56,[続][瞬],54,"コース×,枠脚質○,直近◎,誕(無)",75,5%,9%,19%,松山将樹,小野瀬ファーム,3,4,25 %,25 %,25 %,,,,,牝,5,短,短,小標ベ,△,折合○,時計速×,上が速×,ルーラーシップ,194,5%,12%,20%,59(南Ｗ),54(南Ｗ),54,コース終い重点,https://stride.get-luck.jp/member/race_viewer_test.php?racedate=20260830&racekey=04263411&jo=0&idpm=iFT66JycF8pFY,PASS
2026-08-30,新潟,11,202604030411,04263411,17:30,11R 芝1800 ３歳上１勝クラス 17:30,7,ハニーオーケストラ,小崎綾也,42.3,10,超低速スタミナ,,28,Ｄ,Ｄ,14,38,54,-18,13,20%,72 (1),62 (1),41 (11),31 (14),24 (14),1,0,最内,1,0,最内,14,24,最内,53,[久][続][瞬],50,,19,21%,21%,21%,稲垣幸雄,ケイアイファーム千葉,1,44,9 %,16 %,18 %,4,0%,0%,0 %,牝,3,短,普,小標ベ,△,大トビ,外枠○,広馬場向,ダノンスマッシュ,32,0%,9%,16%,57(南Ｐ),61(南Ｐ),54,コース終い重点,https://stride.get-luck.jp/member/race_viewer_test.php?racedate=20260830&racekey=04263411&jo=0&idpm=iFT66JycF8pFY,PASS
2026-08-30,新潟,11,202604030411,04263411,17:30,11R 芝1800 ３歳上１勝クラス 17:30,8,ダーリングハースト,岩田望来,5.4,2,中速瞬発,ピッタリ,67,Ｃ,Ｄ,6,50,55,-5,5,0%,57 (4),62 (2),54 (6),50 (9),45 (11),4,10,内,3,6,内,6,12,中,53,[続][瞬],52,"枠脚質×,直近×",15,20%,40%,53%,宮田敬介,ノーザンＦ天栄,1,569,14 %,25 %,36 %,4,25%,25%,50 %,牝,3,短,普,細ベ,△,追頭上る,腰甘い,瞬発力×,エピファネイア,360,10%,20%,28%,57(南Ｗ),54(南Ｗ),55,併用終い重点,https://stride.get-luck.jp/member/race_viewer_test.php?racedate=20260830&racekey=04263411&jo=0&idpm=iFT66JycF8pFY,PASS
2026-08-30,新潟,11,202604030411,04263411,17:30,11R 芝1800 ３歳上１勝クラス 17:30,9,ケイツールピア,上里直汰,44.0,11,中速瞬発,ピッタリ,46,Ｄ,Ｄ,10,46,50,-14,10,50%,36 (13),44 (12),57 (4),59 (3),59 (1),14,23,最内,13,21,最内,10,18,内,53,,41,,10,10%,10%,20%,蛯名利弘,高橋ＴＣ,3,20,0 %,0 %,0 %,1,0%,0%,0 %,牝,5,短,短,小ベ,△,平坦向き,直長向き,突っ張る,アニマルキングダム,23,4%,4%,9%,,29(南Ｗ),50,コース終い重点,https://stride.get-luck.jp/member/race_viewer_test.php?racedate=20260830&racekey=04263411&jo=0&idpm=iFT66JycF8pFY,PASS
2026-08-30,新潟,11,202604030411,04263411,17:30,11R 芝1800 ３歳上１勝クラス 17:30,10,タッセルノット,戸崎圭太,2.2,1,中速バランス,カスリ,121,ＡＡ,Ｂ,1,54,59,3,2,0%,52 (6),59 (3),57 (3),56 (4),52 (9),6,11,最内,4,7,最内,1,0,外,53,[先][続][瞬],66,"馬主○,コース○,枠脚質×,直近×",64,23%,42%,48%,林徹,ノーザンＦ天栄,1,318,15 %,27 %,37 %,4,25%,50%,100 %,牝,3,短,普,小標ベ,△,舌ハミ越,突っ張る,腰甘い,キズナ,259,12%,19%,26%,64(南Ｗ),64(南Ｗ),59,併用終い重点,https://stride.get-luck.jp/member/race_viewer_test.php?racedate=20260830&racekey=04263411&jo=0&idpm=iFT66JycF8pFY,PASS
2026-08-30,新潟,11,202604030411,04263411,17:30,11R 芝1800 ３歳上１勝クラス 17:30,11,シェーンシュティア,杉原誠人,10.9,6,中速バランス,カスリ,74,Ｂ,Ｓ,2,55,61,6,1,11%,38 (12),55 (6),65 (1),65 (1),59 (3),12,21,最内,8,15,中,2,10,最内,56,[追][瞬],51,"コース○,枠脚質×",48,0%,8%,23%,林徹,ノーザンＦ天栄,1,318,15 %,27 %,37 %,7,14%,29%,57 %,牝,4,短,短,細標ベ,△,完歩小さ,終い確実,器用さ欠,ブリックスアンドモルタル,122,10%,17%,25%,63(美坂),65(南Ｄ),61,坂路平均,https://stride.get-luck.jp/member/race_viewer_test.php?racedate=20260830&racekey=04263411&jo=0&idpm=iFT66JycF8pFY,PASS
2026-08-30,新潟,11,202604030411,04263411,17:30,11R 芝1800 ３歳上１勝クラス 17:30,12,ヴァリスマリネリス,津村明秀,8.8,3,中速瞬発,ピッタリ,68,Ｃ,Ｃ,5,53,59,2,3,40%,51 (7),58 (5),56 (5),55 (5),53 (7),8,13,内,5,10,内,5,12,外,53,[続][瞬],69,"コース○,枠脚質○,直近◎",59,14%,27%,41%,中舘英二,山元トレセン,1,133,11 %,23 %,29 %,5,20%,20%,20 %,牝,3,短,短,細標ベ,○,広馬場向,渋馬場○,腰甘い,アドマイヤマーズ,43,14%,19%,26%,66(南Ｗ),62(美坂),59,併用終い重点,https://stride.get-luck.jp/member/race_viewer_test.php?racedate=20260830&racekey=04263411&jo=0&idpm=iFT66JycF8pFY,PASS
2026-08-30,新潟,11,202604030411,04263411,17:30,11R 芝1800 ３歳上１勝クラス 17:30,13,ココソラーレ,谷原柚希,53.1,13,超高速スタミナ,,49,Ｄ,Ｄ,9,47,47,-16,12,47%,54 (5),32 (13),31 (14),42 (12),59 (2),3,9,最内,10,16,最内,9,17,中,50,,55,,,%,%,%,天間昭一,井ノ岡ＴＣ,7,1,0 %,0 %,0 %,,,,,牝,3,短,短,中標ベ,○,脚捌き△,器用さ欠,腰甘い,セイウンコウセイ,2,0%,0%,0%,,,47,,https://stride.get-luck.jp/member/race_viewer_test.php?racedate=20260830&racekey=04263411&jo=0&idpm=iFT66JycF8pFY,PASS
2026-08-30,新潟,11,202604030411,04263411,17:30,11R 芝1800 ３歳上１勝クラス 17:30,14,アオイハルカ,今村聖奈,9.2,4,中速底力,,69,Ｃ,Ｃ,3,48,56,-6,6,40%,57 (3),46 (10),40 (12),44 (10),52 (10),5,10,中,7,12,内,3,11,内,51,[先][追][瞬],51,枠脚質○,26,4%,12%,12%,大久保龍志,チャンピオンヒルズ,1,192,13 %,19 %,28 %,4,25%,25%,25 %,牝,3,普,普,小標ベ,○,ダート×,,,コントレイル,30,3%,17%,27%,73(ＣＷ),53(栗Ｐ),56,併用平均,https://stride.get-luck.jp/member/race_viewer_test.php?racedate=20260830&racekey=04263411&jo=0&idpm=iFT66JycF8pFY,PASS
2026-08-30,新潟,12,202604030412,04263412,18:05,12R ダ1200 ３歳上１勝クラス 18:05,1,ガルディーノ,石田拓郎,7.8,4,中速スタミナ,ピッタリ,65,Ｃ,Ｄ,6,51,44,-9,8,33%,58 (5),54 (7),45 (10),50 (9),51 (8),3,2,最内,7,2,最内,6,10,内,54,,43,"コース×,直近○",83,0%,4%,8%,新開幸一,トゥモローＦ栃木,2,27,4 %,7 %,11 %,2,0%,0%,0 %,牡,3,短,短,小標,◎,他馬気に,腰甘い,ハナ条件,ダイワメジャー,42,10%,19%,19%,58(美坂),48(美坂),44,坂路平均,https://stride.get-luck.jp/member/race_viewer_test.php?racedate=20260830&racekey=04263412&jo=0&idpm=iFT66JycF8pFY,PASS
2026-08-30,新潟,12,202604030412,04263412,18:05,12R ダ1200 ３歳上１勝クラス 18:05,2,アイファージェット,木幡育也,141.4,15,超低速持続,,42,Ｄ,Ｄ,12,38,17,-49,15,75%,44 (11),36 (14),35 (15),44 (12),48 (10),13,9,内,14,6,内,12,17,中,58,[先][追],40,,35,0%,3%,9%,的場均,篠原ファーム,1,33,0 %,0 %,0 %,,,,,牡,4,普,普,中標,△,,,,パドトロワ,18,11%,11%,17%,,,17,,https://stride.get-luck.jp/member/race_viewer_test.php?racedate=20260830&racekey=04263412&jo=0&idpm=iFT66JycF8pFY,PASS
2026-08-30,新潟,12,202604030412,04263412,18:05,12R ダ1200 ３歳上１勝クラス 18:05,3,スリーコーズ,岩田望来,6.6,3,低速スタミナ,カスリ,70,Ｃ,Ａ,3,52,52,0,4,11%,58 (4),58 (4),50 (6),53 (7),53 (7),4,2,中,4,0,外,3,9,外,56,[続][瞬],55,直近×,19,26%,42%,53%,伊藤圭三,阿見トレセン,1,30,7 %,13 %,20 %,,,,,牡,3,短,短,小ベ,◎,時計速×,,,スズカコーズウェイ,21,10%,14%,19%,32(南Ｗ),56(南Ｗ),52,併用終い重点,https://stride.get-luck.jp/member/race_viewer_test.php?racedate=20260830&racekey=04263412&jo=0&idpm=iFT66JycF8pFY,PASS
2026-08-30,新潟,12,202604030412,04263412,18:05,12R ダ1200 ３歳上１勝クラス 18:05,4,エテオクロス,杉原誠人,17.6,6,中速スタミナ,ピッタリ,67,Ｃ,Ｓ,7,46,52,-6,6,0%,44 (12),41 (13),43 (13),56 (5),58 (3),10,7,内,12,6,最内,7,11,最内,58,[追][瞬],46,枠脚質×,64,5%,6%,11%,新開幸一,山元トレセン,1,150,7 %,13 %,21 %,8,0%,0%,25 %,牡,4,短,普,中標ベ,○,時計速×,広馬場向,大トビ,サトノアラジン,39,8%,18%,33%,55(美坂),41(美坂),52,併用平均,https://stride.get-luck.jp/member/race_viewer_test.php?racedate=20260830&racekey=04263412&jo=0&idpm=iFT66JycF8pFY,PASS
2026-08-30,新潟,12,202604030412,04263412,18:05,12R ダ1200 ３歳上１勝クラス 18:05,5,ゴーゴーパンチ,石神深道,18.5,7,中速スタミナ,ピッタリ,68,Ｃ,Ｓ,4,50,58,4,3,12%,42 (13),50 (9),63 (2),60 (3),56 (5),11,8,最内,8,4,内,4,10,中,54,,51,"枠脚質○,直近◎",58,3%,7%,10%,天間昭一,阿見トレセン,1,25,12 %,20 %,24 %,2,0%,0%,50 %,牡,3,,,小標ベ,△,ダ大丈夫,砂被る×,腰甘い,タリスマニック,20,5%,25%,30%,63(美坂),56(美坂),58,坂路テン重点,https://stride.get-luck.jp/member/race_viewer_test.php?racedate=20260830&racekey=04263412&jo=0&idpm=iFT66JycF8pFY,PASS
2026-08-30,新潟,12,202604030412,04263412,18:05,12R ダ1200 ３歳上１勝クラス 18:05,6,ジャックナダル,川田将雅,2.6,1,中速底力,カスリ,100,ＡＡ,ＡＡ,1,55,57,8,2,20%,59 (3),58 (3),49 (7),61 (2),62 (2),2,1,内,1,0,内,1,0,内,56,[先][追],62,"枠脚質×,直近×",9,22%,44%,67%,伊坂重信,ＫＳトレーニングＣ,1,49,12 %,12 %,18 %,,,,,牡,3,短,短,中ベ,△,脚捌き△,腰甘い,府中向き,ナダル,13,31%,54%,54%,72(南Ｗ),62(美坂),57,併用平均,https://stride.get-luck.jp/member/race_viewer_test.php?racedate=20260830&racekey=04263412&jo=0&idpm=iFT66JycF8pFY,PASS
2026-08-30,新潟,12,202604030412,04263412,18:05,12R ダ1200 ３歳上１勝クラス 18:05,7,クラウンフリード,上里直汰,63.0,12,超高速スタミナ,,33,Ｄ,Ｄ,15,28,51,-25,12,0%,54 (6),59 (1),58 (3),24 (15),22 (15),7,5,内,3,0,中,15,20,中,55,,46,,36,6%,8%,8%,天間昭一,菅井牧場,1,1,0 %,0 %,0 %,3,0%,0%,0 %,牡,4,短,短,小標起,△,完歩小さ,腰甘い,,タワーオブロンドン,17,0%,6%,12%,60(美坂),58(美坂),51,坂路平均,https://stride.get-luck.jp/member/race_viewer_test.php?racedate=20260830&racekey=04263412&jo=0&idpm=iFT66JycF8pFY,PASS
2026-08-30,新潟,12,202604030412,04263412,18:05,12R ダ1200 ３歳上１勝クラス 18:05,8,サトノエスケープ,田辺裕信,2.9,2,中速スタミナ,ピッタリ,81,Ｂ,Ｃ,2,54,63,13,1,14%,52 (8),53 (8),52 (5),57 (4),57 (4),6,4,最内,5,2,内,2,6,中,56,[先][追][瞬],80,"調教師○,枠脚質×,直近◎",32,16%,25%,47%,久保田貴士,ノーザンＦ天栄,2,56,4 %,7 %,16 %,1,0%,100%,100 %,牡,3,短,普,小標ベ,◎,腰甘い,脚抜ダ○,パワー○,ジャスタウェイ,38,11%,24%,24%,,70(美坂),63,併用平均,https://stride.get-luck.jp/member/race_viewer_test.php?racedate=20260830&racekey=04263412&jo=0&idpm=iFT66JycF8pFY,PASS
2026-08-30,新潟,12,202604030412,04263412,18:05,12R ダ1200 ３歳上１勝クラス 18:05,9,スマートブル,内田博幸,36.6,9,低速スタミナ,カスリ,43,Ｄ,Ｄ,10,35,41,-28,13,0%,53 (7),50 (11),45 (11),43 (13),44 (13),9,6,最内,9,4,最内,10,17,内,58,[追][続],46,枠脚質×,46,4%,17%,20%,室井潔,エスティＦ小見川,1,1,0 %,0 %,0 %,,,,,牡,4,短,普,小ベ,△,ズブイ,スタミ×,心房細動,オーヴァルエース,9,11%,11%,11%,44(南Ｗ),51(南Ｗ),41,コース終い重点,https://stride.get-luck.jp/member/race_viewer_test.php?racedate=20260830&racekey=04263412&jo=0&idpm=iFT66JycF8pFY,PASS
2026-08-30,新潟,12,202604030412,04263412,18:05,12R ダ1200 ３歳上１勝クラス 18:05,10,ガンバレベアー,野中悠太郎,81.0,13,中速スタミナ,ピッタリ,41,Ｄ,Ｄ,13,40,51,-13,10,15%,23 (15),24 (15),48 (8),61 (1),62 (1),15,17,最内,15,12,最内,13,18,最内,56,[先][続][瞬],40,枠脚質○,43,0%,2%,5%,杉浦宏昭,小野瀬ファーム,2,65,6 %,8 %,14 %,1,0%,0%,0 %,牝,4,短,短,小ベ,○,追頭上る,首使い×,上が掛○,サトノアラジン,39,8%,18%,33%,53(南Ｗ),55(南Ｗ),51,コース終い重点,https://stride.get-luck.jp/member/race_viewer_test.php?racedate=20260830&racekey=04263412&jo=0&idpm=iFT66JycF8pFY,PASS
2026-08-30,新潟,12,202604030412,04263412,18:05,12R ダ1200 ３歳上１勝クラス 18:05,11,マルターズドン,嶋田純次,35.3,8,中速スタミナ,ピッタリ,49,Ｄ,Ｄ,9,41,51,-12,9,25%,62 (1),59 (2),46 (9),46 (11),47 (11),1,0,最内,2,0,最内,9,15,最内,56,[先][追],49,,45,2%,9%,16%,手塚貴久,阿見トレセン,1,139,5 %,19 %,24 %,4,25%,50%,50 %,牡,3,短,短,小標ベ,△,平坦向き,上が速×,腰甘い,ドレフォン,112,8%,16%,26%,55(美坂),58(美坂),51,坂路平均,https://stride.get-luck.jp/member/race_viewer_test.php?racedate=20260830&racekey=04263412&jo=0&idpm=iFT66JycF8pFY,PASS
2026-08-30,新潟,12,202604030412,04263412,18:05,12R ダ1200 ３歳上１勝クラス 18:05,12,ナインオブレター,原優介,60.1,11,中速スタミナ,ピッタリ,57,Ｄ,Ｄ,8,49,49,-6,5,13%,48 (10),50 (10),53 (4),55 (6),54 (6),12,8,中,10,4,外,8,13,外,58,[追][久][続],46,"コース○,枠脚質×,直近○",117,6%,11%,21%,佐藤吉勝,ブルーステーブル,2,12,0 %,0 %,0 %,4,0%,25%,50 %,牡,4,短,短,中標ベ,◎,腰甘い,外枠○,上が掛○,モーニン,34,9%,15%,18%,52(南Ｗ),48(南Ｗ),49,併用平均,https://stride.get-luck.jp/member/race_viewer_test.php?racedate=20260830&racekey=04263412&jo=0&idpm=iFT66JycF8pFY,PASS
2026-08-30,新潟,12,202604030412,04263412,18:05,12R ダ1200 ３歳上１勝クラス 18:05,13,コンパクトファイト,菅原隆一,127.5,14,超低速スタミナ,,42,Ｄ,Ｄ,11,40,39,-25,11,21%,42 (14),58 (5),77 (1),53 (8),45 (12),14,10,最内,11,5,中,11,17,外,58,,51,,13,0%,0%,0%,天間昭一,井ノ岡ＴＣ,1,21,0 %,5 %,5 %,3,0%,0%,0 %,牡,4,短,短,小標ベ,◎,加速遅い,時計掛○,砂被る×,ディスクリートキャット,77,8%,13%,25%,,33(美坂),39,坂路平均,https://stride.get-luck.jp/member/race_viewer_test.php?racedate=20260830&racekey=04263412&jo=0&idpm=iFT66JycF8pFY,PASS
2026-08-30,新潟,12,202604030412,04263412,18:05,12R ダ1200 ３歳上１勝クラス 18:05,14,ラベンダーヘイズ,小崎綾也,9.4,5,中速スタミナ,ピッタリ,66,Ｃ,Ｃ,5,46,52,-6,7,0%,61 (2),57 (6),45 (12),49 (10),50 (9),5,3,内,6,2,中,5,10,大外,56,[久][続][瞬],48,,23,0%,4%,9%,岩戸孝樹,高橋ＴＣ,1,312,5 %,11 %,19 %,5,20%,20%,20 %,牡,3,短,短,細標ベ,◎,腰甘い,追頭上る,,パドトロワ,18,11%,11%,17%,46(南Ｗ),59(南Ｗ),52,併用終い重点,https://stride.get-luck.jp/member/race_viewer_test.php?racedate=20260830&racekey=04263412&jo=0&idpm=iFT66JycF8pFY,PASS
2026-08-30,新潟,12,202604030412,04263412,18:05,12R ダ1200 ３歳上１勝クラス 18:05,15,ジェイエルライナー,小林脩斗,42.8,10,低速持続,,38,Ｄ,Ｄ,14,33,42,-29,14,0%,51 (9),46 (12),41 (14),38 (14),41 (14),8,5,中,13,6,外,14,19,大外,56,[追],47,"コース○,枠脚質×",77,5%,6%,14%,青木孝文,松風馬事センター,1,88,7 %,14 %,23 %,3,0%,0%,0 %,牝,4,短,短,小標ベ,△,腰甘い,揉れ弱い,,タワーオブロンドン,17,0%,6%,12%,60(美坂),52(美坂),42,坂路平均,https://stride.get-luck.jp/member/race_viewer_test.php?racedate=20260830&racekey=04263412&jo=0&idpm=iFT66JycF8pFY,PASS
2026-08-30,中京,1,202607030401,07263401,09:50,1R 芝1400 ２歳未勝利 09:50,1,ビップルーチェ,永島まなみ,22.8,7,中速バランス,,35,Ｄ,Ｄ,10,22,37,-17,7,0%,56 (3),56 (3),52 (4),35 (9),27 (10),3,6,内,3,7,最内,10,14,最内,53,[先],49,コース○,73,8%,12%,16%,田島俊明,ＫＳトレーニングＣ,2,56,4 %,7 %,9 %,,,,,牝,2,普,普,中標,○,,,,サトノダイヤモンド,113,7%,11%,17%,50(美坂),54(美坂),37,坂路平均,https://stride.get-luck.jp/member/race_viewer_test.php?racedate=20260830&racekey=07263401&jo=1&idpm=iFT66JycF8pFY,PASS
2026-08-30,中京,1,202607030401,07263401,09:50,1R 芝1400 ２歳未勝利 09:50,2,ナポリ,川端海翼,25.2,8,超高速バランス,,39,Ｄ,Ｄ,9,22,32,-22,9,100%,44 (8),30 (10),31 (10),35 (10),45 (9),8,11,内,10,19,最内,9,12,外,52,[瞬],40,,16,0%,0%,19%,井上智史,キャニオンファーム土山,1,46,2 %,7 %,13 %,1,0%,0%,0 %,牝,2,普,普,,,,,,ウインブライト,32,0%,13%,28%,55(ＣＷ),44(栗坂),32,坂路テン重点,https://stride.get-luck.jp/member/race_viewer_test.php?racedate=20260830&racekey=07263401&jo=1&idpm=iFT66JycF8pFY,PASS
2026-08-30,中京,1,202607030401,07263401,09:50,1R 芝1400 ２歳未勝利 09:50,3,スピーディスピン,田山旺佑,7.2,4,超高速持続,,71,Ｃ,ＡＡ,2,37,38,-1,1,0%,65 (1),60 (2),48 (7),51 (5),53 (4),2,1,最内,2,2,最内,2,3,内,54,,48,直近○,17,12%,18%,24%,加藤公太,キャニオンファーム土山,3,9,0 %,11 %,11 %,,,,,牝,2,普,普,小標,△,外逃げる,,,アジアエクスプレス,19,5%,16%,21%,,32(栗坂),38,坂路平均,https://stride.get-luck.jp/member/race_viewer_test.php?racedate=20260830&racekey=07263401&jo=1&idpm=iFT66JycF8pFY,PASS
2026-08-30,中京,1,202607030401,07263401,09:50,1R 芝1400 ２歳未勝利 09:50,4,コジアン,吉村誠之助,11.2,5,低速瞬発,,60,Ｄ,Ｃ,6,29,42,-5,4,0%,34 (10),54 (5),69 (1),63 (1),51 (5),10,15,最内,7,13,最内,6,6,中,55,,64,"コース○,直近◎",47,11%,17%,23%,小椋研介,浦河町,2,1,0 %,0 %,0 %,,,,,牡,2,普,普,小標,△,,,,フィエールマン,35,9%,17%,20%,51(栗坂),47(栗坂),42,坂路平均,https://stride.get-luck.jp/member/race_viewer_test.php?racedate=20260830&racekey=07263401&jo=1&idpm=iFT66JycF8pFY,PASS
2026-08-30,中京,1,202607030401,07263401,09:50,1R 芝1400 ２歳未勝利 09:50,5,コスモルミナ,団野大成,6.1,3,高速底力,ピッタリ,64,Ｃ,Ｄ,4,34,38,-4,3,0%,65 (2),64 (1),54 (3),50 (6),46 (8),1,0,内,1,0,最内,4,5,最内,55,[追],45,"コース○,直近▲",77,8%,14%,26%,宮地貴稔,ビッグレッドＦ明和,3,1,0 %,0 %,0 %,,,,,牡,2,短,短,小標ベ,△,,,,ベンバトル,23,4%,13%,26%,51(栗坂),51(栗坂),38,坂路平均,https://stride.get-luck.jp/member/race_viewer_test.php?racedate=20260830&racekey=07263401&jo=1&idpm=iFT66JycF8pFY,PASS
2026-08-30,中京,1,202607030401,07263401,09:50,1R 芝1400 ２歳未勝利 09:50,6,ダイメイアゲイン,川須栄彦,27.5,9,高速バランス,,39,Ｄ,Ｄ,8,22,35,-19,8,100%,47 (6),47 (7),49 (6),47 (7),47 (7),5,9,最内,6,12,内,8,12,内,55,[続][瞬],44,,33,3%,3%,9%,秋山真一郎,キャニオンファーム土山,2,33,3 %,12 %,15 %,,,,,牡,2,普,普,中標,○,集中力×,,,ダノンキングリー,10,0%,10%,10%,,48(栗坂),35,坂路テン重点,https://stride.get-luck.jp/member/race_viewer_test.php?racedate=20260830&racekey=07263401&jo=1&idpm=iFT66JycF8pFY,PASS
2026-08-30,中京,1,202607030401,07263401,09:50,1R 芝1400 ２歳未勝利 09:50,7,ロンリーマン,太宰啓介,17.0,6,高速瞬発,,63,Ｃ,Ｓ,5,33,35,-8,6,100%,41 (9),44 (8),51 (5),60 (3),63 (1),9,12,最内,9,16,最内,5,5,大外,55,[先][瞬],50,,16,0%,6%,6%,荒川義之,小松ＴＣ,3,26,8 %,23 %,23 %,,,,,牡,2,普,普,中標,○,加速遅い,右回り○,,カレンブラックヒル,39,5%,5%,13%,,47(栗坂),35,併用平均,https://stride.get-luck.jp/member/race_viewer_test.php?racedate=20260830&racekey=07263401&jo=1&idpm=iFT66JycF8pFY,PASS
2026-08-30,中京,1,202607030401,07263401,09:50,1R 芝1400 ２歳未勝利 09:50,8,ヴィヴェローネ,松山弘平,2.1,1,中速瞬発,,80,Ｂ,Ｂ,1,35,40,-1,2,0%,47 (7),55 (4),58 (2),61 (2),59 (2),6,9,内,4,9,最内,1,0,中,55,[先][続][瞬],71,"馬主○,コース×,枠脚質○,直近▲",67,12%,25%,33%,高野友和,社台ファーム鈴鹿,1,31,3 %,16 %,19 %,,,,,牝,2,短,短,中標,○,,,,サートゥルナーリア,91,14%,24%,31%,55(栗坂),62(栗坂),40,坂路平均,https://stride.get-luck.jp/member/race_viewer_test.php?racedate=20260830&racekey=07263401&jo=1&idpm=iFT66JycF8pFY,PASS
2026-08-30,中京,1,202607030401,07263401,09:50,1R 芝1400 ２歳未勝利 09:50,9,スターオブザイヤー,松若風馬,3.6,2,高速バランス,,71,Ｃ,Ｄ,3,31,38,-7,5,100%,52 (4),50 (6),48 (8),54 (4),58 (3),4,7,最内,5,11,最内,3,3,外,55,[先][追][瞬],41,"コース×,枠脚質×,直近○",62,5%,15%,29%,井上智史,キャニオンファーム土山,1,46,2 %,7 %,13 %,,,,,牝,2,普,普,中標,○,他馬気に,,,アドマイヤマーズ,47,13%,23%,26%,,48(栗坂),38,坂路テン重点,https://stride.get-luck.jp/member/race_viewer_test.php?racedate=20260830&racekey=07263401&jo=1&idpm=iFT66JycF8pFY,PASS
2026-08-30,中京,1,202607030401,07263401,09:50,1R 芝1400 ２歳未勝利 09:50,10,ヤマトデュノール,森田誠也,42.9,10,超高速瞬発,,40,Ｄ,Ｄ,7,22,24,-30,10,0%,49 (5),41 (9),40 (9),44 (8),50 (6),7,9,中,8,14,内,7,12,中,52,,49,,8,0%,0%,0%,安達昭夫,イタクラステーブル,3,8,0 %,0 %,0 %,,,,,牡,2,普,普,中標,○,,,,マテラスカイ,4,0%,0%,0%,,28(栗坂),24,坂路中重点,https://stride.get-luck.jp/member/race_viewer_test.php?racedate=20260830&racekey=07263401&jo=1&idpm=iFT66JycF8pFY,PASS
2026-08-30,中京,2,202607030402,07263402,10:25,2R 芝1600 ２歳新馬 10:25,1,サトノボルテクス,幸英明,8.5,4,,,68,Ｃ,Ｃ,6,33,40,-1,5,,55 (4),48 (4),38 (10),43 (9),51 (7),4,4,最内,4,7,最内,6,9,内,55,[追][久][続],40,"コース×,直近○",105,5%,8%,12%,中竹和也,吉澤Ｓ－ＷＥＳＴ,1,6,0 %,0 %,0 %,,,,,牡,2,,,,,,,,ルーラーシップ,245,9%,16%,21%,54(栗坂),57(栗坂),40,坂路平均,https://stride.get-luck.jp/member/race_viewer_test.php?racedate=20260830&racekey=07263402&jo=1&idpm=iFT66JycF8pFY,PASS
2026-08-30,中京,2,202607030402,07263402,10:25,2R 芝1600 ２歳新馬 10:25,2,シーラーステート,坂井瑠星,4.0,2,,,75,Ｂ,Ｃ,3,37,43,6,2,,56 (3),62 (2),63 (1),63 (2),56 (2),2,3,内,2,2,最内,3,7,最内,55,[先][続][瞬],59,"コース○,直近◎",86,15%,27%,35%,室井潔,ミッドウェイＦ,1,,,,,,,,,牡,2,,,,,,,,シルバーステート,202,10%,17%,27%,62(南Ｗ),60(南Ｗ),43,併用終い重点,https://stride.get-luck.jp/member/race_viewer_test.php?racedate=20260830&racekey=07263402&jo=1&idpm=iFT66JycF8pFY,PASS
2026-08-30,中京,2,202607030402,07263402,10:25,2R 芝1600 ２歳新馬 10:25,3,ベラジオセブン,国分恭介,24.3,9,,,36,Ｄ,Ｄ,10,18,36,-20,9,,36 (9),39 (10),55 (6),44 (4),38 (10),9,13,中,9,15,中,10,18,中,55,[先][追][続][瞬],42,コース×,35,3%,9%,14%,小椋研介,キャニオンファーム土山,1,149,6 %,15 %,19 %,,,,,牡,2,,,,,,,,モズアスコット,40,8%,13%,28%,55(ＣＷ),45(栗坂),36,併用平均,https://stride.get-luck.jp/member/race_viewer_test.php?racedate=20260830&racekey=07263402&jo=1&idpm=iFT66JycF8pFY,PASS
2026-08-30,中京,2,202607030402,07263402,10:25,2R 芝1600 ２歳新馬 10:25,4,コスモクラウン,松山弘平,2.2,1,,,93,Ｂ,Ａ,2,48,45,19,1,,62 (1),65 (1),58 (3),69 (1),69 (1),1,0,最内,1,0,最内,2,1,最内,55,[先][続][瞬],58,"コース×,直近▲",113,18%,30%,38%,北出成人,アカデミー牧場,1,3,0 %,0 %,0 %,,,,,牡,2,,,,,,,,ロードカナロア,377,13%,20%,27%,66(栗坂),54(栗坂),45,併用平均,https://stride.get-luck.jp/member/race_viewer_test.php?racedate=20260830&racekey=07263402&jo=1&idpm=iFT66JycF8pFY,PASS
2026-08-30,中京,2,202607030402,07263402,10:25,2R 芝1600 ２歳新馬 10:25,5,シャトンダンス,吉村誠之助,15.7,7,,,71,Ｃ,Ｓ,5,28,39,-7,6,,54 (7),48 (5),40 (8),44 (8),51 (6),7,6,最内,5,8,内,5,8,中,55,,65,"馬主○,コース○,直近◎",53,15%,25%,36%,東田明士,ノーザンＦしがらき,1,38,8 %,18 %,37 %,,,,,牝,2,,,,,,,,モーリス,338,10%,17%,28%,60(ＣＷ),43(栗坂),39,併用終い重点,https://stride.get-luck.jp/member/race_viewer_test.php?racedate=20260830&racekey=07263402&jo=1&idpm=iFT66JycF8pFY,PASS
2026-08-30,中京,2,202607030402,07263402,10:25,2R 芝1600 ２歳新馬 10:25,6,ナイトインチュニス,団野大成,5.9,3,,,96,ＡＡ,Ｓ,1,39,38,3,3,,58 (2),62 (3),60 (2),61 (3),56 (3),3,3,中,3,2,内,1,0,内,55,[追],41,"コース○,直近▲",86,8%,15%,24%,野中賢二,チャンピオンヒルズ,1,161,11 %,20 %,31 %,,,,,牡,2,,,,,,,,サートゥルナーリア,91,14%,24%,31%,65(ＣＷ),52(栗坂),38,併用平均,https://stride.get-luck.jp/member/race_viewer_test.php?racedate=20260830&racekey=07263402&jo=1&idpm=iFT66JycF8pFY,PASS
2026-08-30,中京,2,202607030402,07263402,10:25,2R 芝1600 ２歳新馬 10:25,7,ラガッタレアーレ,北村友一,11.7,5,,,74,Ｂ,Ｓ,4,29,36,-9,7,,55 (5),48 (6),38 (9),43 (10),51 (5),6,5,中,7,8,外,4,7,大外,55,[先][続][瞬],61,"コース○,直近○",40,13%,18%,23%,秋山真一郎,ノーザンＦしがらき,1,23,4 %,9 %,13 %,,,,,牝,2,,,,,,,,ルーラーシップ,245,9%,16%,21%,67(ＣＷ),41(ＣＷ),36,コース終い重点,https://stride.get-luck.jp/member/race_viewer_test.php?racedate=20260830&racekey=07263402&jo=1&idpm=iFT66JycF8pFY,PASS
2026-08-30,中京,2,202607030402,07263402,10:25,2R 芝1600 ２歳新馬 10:25,8,メイショウセイクウ,松若風馬,13.1,6,,,67,Ｃ,ＡＡ,7,28,46,0,4,,54 (6),48 (7),40 (7),44 (5),51 (4),5,5,内,6,8,中,7,9,外,55,[先][追][瞬],39,"コース×,直近○",60,3%,15%,25%,荒川義之,宇治田原優駿Ｓ,1,222,3 %,6 %,11 %,,,,,牡,2,,,,,,,,デクラレーションオブウォー,78,9%,18%,24%,71(栗坂),68(栗坂),46,併用平均,https://stride.get-luck.jp/member/race_viewer_test.php?racedate=20260830&racekey=07263402&jo=1&idpm=iFT66JycF8pFY,PASS
2026-08-30,中京,2,202607030402,07263402,10:25,2R 芝1600 ２歳新馬 10:25,9,メイショウスパーク,太宰啓介,17.6,8,,,44,Ｄ,Ｄ,9,19,36,-19,8,,36 (8),39 (8),55 (5),44 (6),38 (8),8,13,内,8,15,内,9,16,内,55,[先][瞬],50,馬主○,16,0%,6%,19%,飯田祐史,キャニオンファーム土山,1,78,3 %,9 %,17 %,,,,,牡,2,,,,,,,,ダノンキングリー,10,0%,10%,10%,39(ＣＷ),56(栗坂),36,併用中重点,https://stride.get-luck.jp/member/race_viewer_test.php?racedate=20260830&racekey=07263402&jo=1&idpm=iFT66JycF8pFY,PASS
2026-08-30,中京,2,202607030402,07263402,10:25,2R 芝1600 ２歳新馬 10:25,10,カフジポポー,田山旺佑,27.2,10,,,47,Ｄ,Ｄ,8,18,36,-20,10,,36 (10),39 (9),55 (4),44 (7),38 (9),10,14,最内,10,16,最内,8,15,最内,54,,44,直近○,24,4%,13%,29%,森田直行,吉澤Ｓ－ＷＥＳＴ,1,129,2 %,9 %,22 %,,,,,牡,2,,,,,,,,エフフォーリア,5,20%,80%,80%,54(ＣＷ),53(ＣＷ),36,併用平均,https://stride.get-luck.jp/member/race_viewer_test.php?racedate=20260830&racekey=07263402&jo=1&idpm=iFT66JycF8pFY,PASS
2026-08-30,中京,3,202607030403,07263403,10:55,3R 芝2000 ２歳新馬 10:55,1,サイモンジェセル,松山弘平,18.6,8,,,47,Ｄ,Ｄ,8,19,35,-20,9,,38 (10),40 (8),54 (7),45 (7),38 (9),9,10,中,10,14,外,8,16,外,55,[先][続][瞬],60,"コース×,直近▲",141,15%,27%,38%,梅田智之,社台ファーム鈴鹿,1,10,0 %,0 %,10 %,,,,,牡,2,,,,,,,,イスラボニータ,145,10%,22%,32%,45(栗坂),41(栗坂),35,併用終い重点,https://stride.get-luck.jp/member/race_viewer_test.php?racedate=20260830&racekey=07263403&jo=1&idpm=iFT66JycF8pFY,PASS
2026-08-30,中京,3,202607030403,07263403,10:55,3R 芝2000 ２歳新馬 10:55,2,ブレイズフォート,北村友一,6.6,4,,,84,Ｂ,Ｓ,4,32,41,-1,4,,57 (5),49 (4),37 (10),43 (11),55 (6),4,2,最内,5,6,最内,4,5,内,55,[先][続][瞬],66,"調教師○,馬主○,直近○",34,12%,29%,35%,高野友和,ノーザンＦしがらき,1,516,15 %,27 %,32 %,,,,,牡,2,,,,,,,,エピファネイア,467,9%,19%,27%,51(栗坂),48(栗坂),41,坂路終い重点,https://stride.get-luck.jp/member/race_viewer_test.php?racedate=20260830&racekey=07263403&jo=1&idpm=iFT66JycF8pFY,PASS
2026-08-30,中京,3,202607030403,07263403,10:55,3R 芝2000 ２歳新馬 10:55,3,ジェントル,団野大成,25.1,10,,,42,Ｄ,Ｄ,10,18,32,-24,10,,38 (11),40 (11),54 (6),45 (8),38 (11),11,12,最内,11,15,内,10,17,内,55,[追],44,"コース○,直近▲",91,8%,16%,24%,池添学,ヒイラギステーブル（ａｗａｊｉ）,1,18,0 %,11 %,22 %,,,,,牡,2,,,,,,,,ハービンジャー,286,9%,15%,23%,46(ＣＷ),47(ＣＷ),32,コース平均,https://stride.get-luck.jp/member/race_viewer_test.php?racedate=20260830&racekey=07263403&jo=1&idpm=iFT66JycF8pFY,PASS
2026-08-30,中京,3,202607030403,07263403,10:55,3R 芝2000 ２歳新馬 10:55,4,ポカポカヨウキ,松若風馬,3.8,1,,,94,Ａ,Ｓ,2,39,41,6,1,,59 (2),64 (2),59 (2),65 (3),60 (1),1,0,最内,1,0,最内,2,2,最内,55,[先][追][瞬],42,"コース×,直近○",72,6%,21%,28%,東田明士,吉澤Ｓ－ＷＥＳＴ,1,79,5 %,8 %,16 %,,,,,牡,2,,,,,,,,オルフェーヴル,175,6%,11%,17%,68(ＣＷ),56(栗坂),41,併用平均,https://stride.get-luck.jp/member/race_viewer_test.php?racedate=20260830&racekey=07263403&jo=1&idpm=iFT66JycF8pFY,PASS
2026-08-30,中京,3,202607030403,07263403,10:55,3R 芝2000 ２歳新馬 10:55,5,コルキス,西村淳也,5.0,3,,,76,Ｂ,Ｃ,5,31,37,-6,6,,57 (4),49 (5),37 (11),43 (10),55 (4),3,1,内,4,5,内,5,7,内,55,[先][追][瞬],48,"コース×,直近○",88,10%,22%,31%,須貝尚介,ノーザンＦしがらき,1,311,13 %,24 %,31 %,,,,,牡,2,,,,,,,,シスキン,17,6%,24%,35%,61(栗坂),53(ＣＷ),37,併用終い重点,https://stride.get-luck.jp/member/race_viewer_test.php?racedate=20260830&racekey=07263403&jo=1&idpm=iFT66JycF8pFY,PASS
2026-08-30,中京,3,202607030403,07263403,10:55,3R 芝2000 ２歳新馬 10:55,6,アモロロプーロ,永島まなみ,21.7,9,,,43,Ｄ,Ｄ,9,20,36,-18,8,,38 (9),40 (10),54 (5),45 (5),38 (8),10,11,内,9,14,中,9,17,中,53,[先],41,"調教師○,コース×",74,4%,5%,11%,高橋康之,キャニオンファーム土山,1,175,4 %,6 %,12 %,,,,,牡,2,,,,,,,,ゴールドシップ,162,4%,12%,19%,61(ＣＷ),38(栗坂),36,併用平均,https://stride.get-luck.jp/member/race_viewer_test.php?racedate=20260830&racekey=07263403&jo=1&idpm=iFT66JycF8pFY,PASS
2026-08-30,中京,3,202607030403,07263403,10:55,3R 芝2000 ２歳新馬 10:55,7,ゴーイントゥノヴァ,坂井瑠星,7.4,6,,,68,Ｃ,Ｄ,7,30,41,-3,5,,55 (6),49 (6),39 (8),45 (4),55 (5),6,3,内,7,7,中,7,10,外,55,[先][続][瞬],64,"コース○,直近◎",98,18%,30%,41%,新谷功一,千代田牧場（静内）,1,1,0 %,0 %,100 %,,,,,牝,2,,,,,,,,キタサンブラック,206,10%,20%,33%,60(ＣＷ),41(ＣＷ),41,併用終い重点,https://stride.get-luck.jp/member/race_viewer_test.php?racedate=20260830&racekey=07263403&jo=1&idpm=iFT66JycF8pFY,PASS
2026-08-30,中京,3,202607030403,07263403,10:55,3R 芝2000 ２歳新馬 10:55,8,エーテルワーム,吉村誠之助,9.0,7,,,75,Ｂ,Ｓ,6,28,36,-10,7,,55 (7),49 (7),39 (9),45 (9),55 (7),7,4,最内,6,7,内,6,8,中,55,,57,直近◎,49,4%,10%,22%,杉山晴紀,チャンピオンヒルズ,1,555,17 %,29 %,39 %,,,,,牡,2,,,,,,,,コントレイル,54,11%,33%,39%,58(ＣＷ),49(ＣＷ),36,併用終い重点,https://stride.get-luck.jp/member/race_viewer_test.php?racedate=20260830&racekey=07263403&jo=1&idpm=iFT66JycF8pFY,PASS
2026-08-30,中京,3,202607030403,07263403,10:55,3R 芝2000 ２歳新馬 10:55,9,ロードフローリス,田口貫太,4.6,2,,,94,ＡＡ,ＡＡ,3,38,39,3,2,,58 (3),64 (3),62 (1),67 (1),60 (2),5,2,中,3,2,最内,3,2,中,55,,38,直近▲,39,3%,5%,15%,小椋研介,グリーンウッド,1,32,3 %,6 %,9 %,,,,,牡,2,,,,,,,,ダノンバラード,55,2%,2%,2%,59(ＣＷ),49(栗坂),39,併用平均,https://stride.get-luck.jp/member/race_viewer_test.php?racedate=20260830&racekey=07263403&jo=1&idpm=iFT66JycF8pFY,PASS
2026-08-30,中京,3,202607030403,07263403,10:55,3R 芝2000 ２歳新馬 10:55,10,ルクスアルカード,富田暁,7.0,5,,,99,ＡＡ,Ｓ,1,38,38,2,3,,59 (1),64 (1),59 (3),65 (2),60 (3),2,0,中,2,0,内,1,0,内,55,[先][追][続][瞬],50,直近◎,63,5%,10%,17%,上村洋行,チャンピオンヒルズ,1,556,17 %,29 %,38 %,,,,,牡,2,,,,,,,,キズナ,417,12%,20%,29%,57(ＣＷ),54(ＣＷ),38,併用平均,https://stride.get-luck.jp/member/race_viewer_test.php?racedate=20260830&racekey=07263403&jo=1&idpm=iFT66JycF8pFY,PASS
2026-08-30,中京,3,202607030403,07263403,10:55,3R 芝2000 ２歳新馬 10:55,11,ワンダーラヴグッド,酒井学,39.0,11,,,39,Ｄ,Ｄ,11,18,30,-26,11,,38 (8),40 (9),54 (4),45 (6),38 (10),8,10,最内,8,14,最内,11,18,最内,55,[先][追],41,,44,2%,5%,9%,羽月友彦,吉澤Ｓ－ＷＥＳＴ,1,120,4 %,7 %,9 %,,,,,牝,2,,,,,,,,ゴールドシップ,162,4%,12%,19%,48(ＣＷ),45(栗坂),30,坂路テン重点,https://stride.get-luck.jp/member/race_viewer_test.php?racedate=20260830&racekey=07263403&jo=1&idpm=iFT66JycF8pFY,PASS
2026-08-30,中京,4,202607030404,07263404,11:25,4R ダ1400 ３歳未勝利 11:25,1,キングズテイル,松山弘平,4.5,2,超低速持続,,89,Ａ,Ａ,2,45,40,5,2,20%,59 (4),59 (3),50 (9),63 (1),64 (2),4,5,最内,1,0,内,2,0,内,57,[先][続][瞬],61,"コース○,枠脚質×,直近▲",142,18%,27%,40%,岡田稲男,ドラゴンファーム,2,16,0 %,0 %,19 %,4,0%,0%,25 %,牡,3,普,普,中標,○,右モタレ,ダ向き,ダ大丈夫,リオンディーズ,160,9%,16%,20%,,46(ＣＷ),40,コース平均,https://stride.get-luck.jp/member/race_viewer_test.php?racedate=20260830&racekey=07263404&jo=1&idpm=iFT66JycF8pFY,PASS
2026-08-30,中京,4,202607030404,07263404,11:25,4R ダ1400 ３歳未勝利 11:25,2,プペアンビスキュイ,坂井瑠星,6.0,3,超高速底力,,93,Ａ,Ｓ,1,28,45,-7,5,100%,41 (15),34 (16),43 (10),57 (4),61 (3),15,14,内,14,8,内,1,0,外,55,[先][続][瞬],63,"コース○,枠脚質×,直近◎",99,13%,24%,30%,茶木太樹,ノーザンＦしがらき,1,286,10 %,21 %,29 %,1,0%,0%,0 %,牝,3,普,普,中標,○,,,,インディチャンプ,2,0%,0%,50%,68(栗坂),67(栗坂),45,坂路平均,https://stride.get-luck.jp/member/race_viewer_test.php?racedate=20260830&racekey=07263404&jo=1&idpm=iFT66JycF8pFY,PASS
2026-08-30,中京,4,202607030404,07263404,11:25,4R ダ1400 ３歳未勝利 11:25,3,オーロラボレアリス,北村友一,14.5,6,中速持続,,58,Ｄ,Ｄ,7,30,36,-14,7,44%,45 (11),65 (1),70 (1),52 (8),41 (15),12,12,内,2,0,中,7,10,中,55,[先][続][瞬],65,"馬主○,枠脚質×,直近○",42,10%,14%,17%,吉岡辰弥,社台ファーム鈴鹿,3,,,,,,,,,牝,3,短,普,小標ベ,○,折合○,,,コントレイル,5,20%,20%,20%,3(栗坂),20(栗坂),36,坂路平均,https://stride.get-luck.jp/member/race_viewer_test.php?racedate=20260830&racekey=07263404&jo=1&idpm=iFT66JycF8pFY,PASS
2026-08-30,中京,4,202607030404,07263404,11:25,4R ダ1400 ３歳未勝利 11:25,4,カツラコマチ,国分恭介,27.5,9,中速スタミナ,カスリ,47,Ｄ,Ｄ,12,26,32,-22,13,67%,29 (16),49 (10),69 (2),56 (5),46 (11),16,18,最内,15,8,最内,12,13,内,55,[先][追][続][瞬],46,"コース×,枠脚質×",55,2%,5%,15%,吉村圭司,キャニオンファーム土山,1,319,7 %,16 %,24 %,2,0%,0%,0 %,牝,3,普,普,中標,○,砂被る×,,,ルヴァンスレーヴ,110,11%,20%,30%,,41(ＣＷ),32,併用平均,https://stride.get-luck.jp/member/race_viewer_test.php?racedate=20260830&racekey=07263404&jo=1&idpm=iFT66JycF8pFY,PASS
2026-08-30,中京,4,202607030404,07263404,11:25,4R ダ1400 ３歳未勝利 11:25,5,ハツアカネ,松若風馬,36.8,10,超低速底力,,48,Ｄ,Ｄ,11,25,39,-16,9,33%,54 (6),54 (7),50 (8),46 (13),46 (12),6,7,内,7,2,中,11,13,外,55,[先][追][瞬],49,"コース○,枠脚質×,直近○",88,7%,14%,18%,小崎憲,社台ファーム鈴鹿,1,4,0 %,0 %,0 %,1,0%,0%,0 %,牝,3,短,短,小ベ,○,一頭気抜,腰甘い,,ニューイヤーズデイ,82,13%,21%,35%,51(ＣＷ),62(栗坂),39,坂路平均,https://stride.get-luck.jp/member/race_viewer_test.php?racedate=20260830&racekey=07263404&jo=1&idpm=iFT66JycF8pFY,PASS
2026-08-30,中京,4,202607030404,07263404,11:25,4R ダ1400 ３歳未勝利 11:25,6,グランブリーゼ,加藤祥太,69.9,14,超高速持続,,40,Ｄ,Ｄ,15,17,39,-24,14,0%,45 (10),35 (15),40 (14),43 (14),48 (9),10,11,中,13,7,中,15,15,内,55,[先][続][瞬],38,,19,0%,11%,11%,庄野靖志,ヴィゴラスＳ,1,23,0 %,0 %,4 %,2,0%,0%,0 %,牝,3,普,普,小標,△,,,,マジェスティックウォリアー,279,7%,12%,19%,54(栗坂),58(栗坂),39,坂路テン重点,https://stride.get-luck.jp/member/race_viewer_test.php?racedate=20260830&racekey=07263404&jo=1&idpm=iFT66JycF8pFY,PASS
2026-08-30,中京,4,202607030404,07263404,11:25,4R ダ1400 ３歳未勝利 11:25,7,セッシュウ,団野大成,2.3,1,中速スタミナ,カスリ,84,Ｃ,Ａ,3,53,40,13,1,40%,65 (2),54 (8),39 (15),62 (2),69 (1),3,1,内,6,2,内,3,2,中,57,[追],52,"コース○,枠脚質○,直近▲",102,10%,19%,26%,石橋守,キャニオンファーム土山,3,37,11 %,19 %,24 %,,,,,牡,3,普,普,中標,○,砂被る×,ズブイ,腰甘い,アドマイヤムーン,35,3%,9%,14%,,55(栗坂),40,坂路平均,https://stride.get-luck.jp/member/race_viewer_test.php?racedate=20260830&racekey=07263404&jo=1&idpm=iFT66JycF8pFY,PASS
2026-08-30,中京,4,202607030404,07263404,11:25,4R ダ1400 ３歳未勝利 11:25,8,メイショウヒタカミ,角田大和,12.6,5,超低速底力,,63,Ｃ,ＡＡ,5,39,39,-2,3,0%,48 (8),55 (5),57 (4),58 (3),55 (4),5,7,最内,8,2,最内,5,8,最内,57,[久],32,"コース○,枠脚質×,直近×",94,4%,11%,15%,石橋守,イクタＴＦ,2,46,2 %,9 %,13 %,2,0%,0%,100 %,牡,3,普,普,中標,○,喉弱い,ダ向き,ダ大丈夫,フィエールマン,12,0%,0%,17%,36(栗坂),55(栗坂),39,坂路平均,https://stride.get-luck.jp/member/race_viewer_test.php?racedate=20260830&racekey=07263404&jo=1&idpm=iFT66JycF8pFY,PASS
2026-08-30,中京,4,202607030404,07263404,11:25,4R ダ1400 ３歳未勝利 11:25,9,デュードロップ,永島まなみ,38.0,11,高速バランス,,56,Ｄ,Ｄ,8,23,39,-18,11,25%,44 (13),37 (14),42 (13),47 (12),51 (8),13,13,中,16,9,中,8,11,外,53,[先],43,"コース○,枠脚質×",120,3%,6%,12%,平田修,ノーザンＦしがらき,1,235,7 %,14 %,21 %,4,0%,0%,0 %,牝,3,普,普,小標,○,,,,リオンディーズ,160,9%,16%,20%,50(栗坂),66(栗坂),39,坂路テン重点,https://stride.get-luck.jp/member/race_viewer_test.php?racedate=20260830&racekey=07263404&jo=1&idpm=iFT66JycF8pFY,PASS
2026-08-30,中京,4,202607030404,07263404,11:25,4R ダ1400 ３歳未勝利 11:25,10,ラッキーヴォーグ,西村淳也,9.1,4,超低速スタミナ,カスリ,79,Ｂ,Ｓ,4,38,40,-2,4,43%,62 (3),65 (2),53 (5),54 (6),52 (6),2,1,最内,4,0,最内,4,3,最内,57,[先][追][瞬],56,"コース○,枠脚質×,直近○",104,10%,17%,30%,牧田和弥,ドラゴンファーム,1,26,8 %,23 %,38 %,,,,,牡,3,普,普,中標,△,ダ向き,,,タリスマニック,59,7%,10%,17%,48(ＣＷ),43(栗坂),40,併用終い重点,https://stride.get-luck.jp/member/race_viewer_test.php?racedate=20260830&racekey=07263404&jo=1&idpm=iFT66JycF8pFY,PASS
2026-08-30,中京,4,202607030404,07263404,11:25,4R ダ1400 ３歳未勝利 11:25,11,メイショウドキョウ,富田暁,93.1,16,中速スタミナ,カスリ,38,Ｄ,Ｄ,16,17,38,-25,15,100%,54 (5),41 (12),37 (16),21 (16),26 (16),7,7,中,9,4,外,16,16,大外,57,[先][追][続][瞬],47,"コース×,枠脚質×,直近◎",80,5%,6%,11%,笹田和秀,小松ＴＣ,2,110,3 %,5 %,11 %,,,,,セ,3,普,普,中標,○,,,,ミッキーアイル,112,7%,17%,25%,51(栗坂),53(栗坂),38,併用平均,https://stride.get-luck.jp/member/race_viewer_test.php?racedate=20260830&racekey=07263404&jo=1&idpm=iFT66JycF8pFY,PASS
2026-08-30,中京,4,202607030404,07263404,11:25,4R ダ1400 ３歳未勝利 11:25,12,サウンドヴィヴァン,森田誠也,74.3,15,超高速スタミナ,,40,Ｄ,Ｄ,14,20,33,-27,16,0%,66 (1),59 (4),43 (11),40 (15),43 (14),1,0,中,3,0,外,14,15,外,54,,45,,10,10%,20%,40%,斉藤崇史,吉澤Ｓ－ＷＥＳＴ,1,28,7 %,7 %,21 %,,,,,牡,3,普,普,中標,○,,,,シルバーステート,77,5%,17%,21%,50(ＣＷ),47(栗坂),33,併用平均,https://stride.get-luck.jp/member/race_viewer_test.php?racedate=20260830&racekey=07263404&jo=1&idpm=iFT66JycF8pFY,PASS
2026-08-30,中京,4,202607030404,07263404,11:25,4R ダ1400 ３歳未勝利 11:25,13,サカトクフェイス,長岡禎仁,64.0,13,超低速スタミナ,カスリ,49,Ｄ,Ｄ,10,28,38,-14,8,25%,52 (7),55 (6),52 (6),48 (11),46 (10),8,9,内,5,2,外,10,12,大外,57,[続],35,枠脚質×,48,10%,15%,25%,今野貞一,吉澤Ｓ－ＷＥＳＴ,1,138,4 %,7 %,13 %,1,0%,0%,0 %,牡,3,普,普,小標ベ,△,腰甘い,,,ダノンスマッシュ,6,0%,0%,17%,59(栗坂),31(栗坂),38,坂路終い重点,https://stride.get-luck.jp/member/race_viewer_test.php?racedate=20260830&racekey=07263404&jo=1&idpm=iFT66JycF8pFY,PASS
2026-08-30,中京,4,202607030404,07263404,11:25,4R ダ1400 ３歳未勝利 11:25,14,ウェンロック,田山旺佑,20.3,7,,,60,Ｄ,Ａ,6,30,40,-10,6,,44 (12),46 (11),51 (7),52 (7),52 (7),11,12,最内,12,5,内,6,9,内,56,,51,直近○,29,0%,0%,10%,藤岡健一,ＥＩＳＨＩＮ　ＳＴＡＢＬＥ,1,30,17 %,27 %,37 %,,,,,牡,3,,,,,,,,アメリカンペイトリオット,101,4%,12%,22%,52(栗坂),54(ＣＷ),40,併用終い重点,https://stride.get-luck.jp/member/race_viewer_test.php?racedate=20260830&racekey=07263404&jo=1&idpm=iFT66JycF8pFY,PASS
2026-08-30,中京,4,202607030404,07263404,11:25,4R ダ1400 ３歳未勝利 11:25,15,サンロンブル,Ｍ．デムーロ,23.8,8,超低速バランス,,43,Ｄ,Ｄ,13,23,38,-19,12,100%,42 (14),51 (9),59 (3),50 (10),46 (13),14,14,最内,10,4,中,13,14,中,57,[先][追][瞬],60,"コース○,枠脚質×",39,15%,23%,26%,柴田卓,キャニオンファーム土山,1,4,25 %,25 %,25 %,,,,,牡,3,普,普,中標,○,ダ向き,,,エピカリス,6,0%,0%,0%,49(栗坂),58(栗坂),38,併用終い重点,https://stride.get-luck.jp/member/race_viewer_test.php?racedate=20260830&racekey=07263404&jo=1&idpm=iFT66JycF8pFY,PASS
2026-08-30,中京,4,202607030404,07263404,11:25,4R ダ1400 ３歳未勝利 11:25,16,メイショウケンゴウ,太宰啓介,48.5,12,中速持続,,49,Ｄ,Ｄ,9,28,35,-17,10,17%,48 (9),41 (13),43 (12),51 (9),55 (5),9,10,最内,11,5,最内,9,12,最内,57,[先][瞬],57,"馬主○,コース○,枠脚質×",51,4%,4%,12%,高橋亮,チャンピオンヒルズ,1,78,3 %,14 %,27 %,,,,,牡,3,普,普,中標ベ,△,大トビ,脚捌き△,,フィエールマン,12,0%,0%,17%,39(栗坂),51(栗坂),35,坂路平均,https://stride.get-luck.jp/member/race_viewer_test.php?racedate=20260830&racekey=07263404&jo=1&idpm=iFT66JycF8pFY,PASS
2026-08-30,中京,5,202607030405,07263405,11:55,5R ダ1800 ３歳上１勝クラス 11:55,1,マジックブルー,太宰啓介,30.7,10,超低速バランス,カスリ,43,Ｄ,Ｄ,12,38,51,-15,10,15%,52 (8),45 (11),46 (8),42 (12),43 (11),8,8,内,9,4,最内,12,15,内,58,[先][瞬],45,"コース○,枠脚質○",66,6%,9%,14%,荒川義之,朝宮ステーブル,1,33,0 %,3 %,3 %,,,,,牡,5,短,短,小標ベ,◎,枠駐不良,腰甘い,,マジェスティックウォリアー,279,7%,12%,19%,60(栗坂),61(栗坂),51,併用平均,https://stride.get-luck.jp/member/race_viewer_test.php?racedate=20260830&racekey=07263405&jo=1&idpm=iFT66JycF8pFY,PASS
2026-08-30,中京,5,202607030405,07263405,11:55,5R ダ1800 ３歳上１勝クラス 11:55,2,スコーピオンイメル,高倉稜,20.3,8,超低速底力,カスリ,45,Ｄ,Ｄ,11,38,40,-26,12,18%,33 (12),46 (10),63 (2),55 (3),44 (10),12,16,内,13,9,中,11,14,外,58,[先][追][瞬],36,調教師○,50,6%,12%,12%,武英智,チャンピオンヒルズ,1,496,11 %,22 %,33 %,5,0%,20%,40 %,牡,4,短,短,小標起,○,終い甘い,併せ形○,ブ効果○,ホッコータルマエ,282,9%,17%,25%,31(栗坂),36(ＣＷ),40,坂路終い重点,https://stride.get-luck.jp/member/race_viewer_test.php?racedate=20260830&racekey=07263405&jo=1&idpm=iFT66JycF8pFY,PASS
2026-08-30,中京,5,202607030405,07263405,11:55,5R ダ1800 ３歳上１勝クラス 11:55,3,ブームバップビート,坂井瑠星,2.5,1,超低速バランス,カスリ,72,Ｄ,Ａ,4,49,53,-2,3,0%,54 (6),63 (2),55 (5),50 (6),45 (8),5,6,内,3,0,内,4,6,内,55,[先][続][瞬],69,"コース○,枠脚質○,直近◎",137,19%,31%,43%,中内田充正,チャンピオンヒルズ,2,95,16 %,27 %,40 %,2,0%,0%,100 %,牡,3,普,長,中標ベ,○,使込○,ブ効果○,集中力×,イントゥミスチーフ,30,27%,43%,53%,50(栗坂),61(栗坂),53,坂路テン重点,https://stride.get-luck.jp/member/race_viewer_test.php?racedate=20260830&racekey=07263405&jo=1&idpm=iFT66JycF8pFY,PASS
2026-08-30,中京,5,202607030405,07263405,11:55,5R ダ1800 ３歳上１勝クラス 11:55,4,クラックショット,北村友一,17.1,7,超低速底力,カスリ,82,Ｂ,Ｓ,3,52,39,-13,9,20%,58 (2),50 (5),43 (9),51 (5),59 (4),4,5,最内,4,1,中,3,3,中,55,[先][続][瞬],69,"馬主○,枠脚質×,直近○",36,17%,31%,33%,清水久詞,ノーザンＦしがらき,1,228,7 %,15 %,25 %,5,20%,20%,20 %,牡,3,普,普,中標,△,ダ大丈夫,,,アドマイヤマーズ,29,7%,21%,31%,46(ＣＷ),49(栗坂),39,併用平均,https://stride.get-luck.jp/member/race_viewer_test.php?racedate=20260830&racekey=07263405&jo=1&idpm=iFT66JycF8pFY,PASS
2026-08-30,中京,5,202607030405,07263405,11:55,5R ダ1800 ３歳上１勝クラス 11:55,5,タリスマン,伊藤工真,15.9,6,低速スタミナ,,66,Ｃ,Ｓ,6,53,52,1,2,33%,41 (11),48 (6),57 (4),65 (2),64 (1),11,12,最内,10,6,最内,6,8,大外,58,[久],48,,7,0%,0%,14%,金成貴史,小野瀬ファーム,2,38,8 %,13 %,21 %,6,0%,0%,17 %,牡,5,短,短,小ベ,◎,左回り○,腰甘い,水浮ダ○,タリスマニック,59,7%,10%,17%,,45(南Ｗ),52,コース中重点,https://stride.get-luck.jp/member/race_viewer_test.php?racedate=20260830&racekey=07263405&jo=1&idpm=iFT66JycF8pFY,PASS
2026-08-30,中京,5,202607030405,07263405,11:55,5R ダ1800 ３歳上１勝クラス 11:55,6,オーレアミスト,幸英明,23.0,9,超低速底力,カスリ,60,Ｄ,Ａ,8,49,48,-7,7,15%,44 (10),61 (4),61 (3),55 (4),45 (9),10,11,内,8,3,外,8,10,外,58,[追][久][続],49,"コース○,枠脚質×,直近○",198,8%,14%,26%,井上智史,ノーザンＦしがらき,3,4,0 %,25 %,25 %,2,50%,50%,100 %,セ,4,短,普,中標起,△,ブ効果○,右回り○,使込○,ゴールドドリーム,36,3%,14%,17%,,48(ＣＷ),48,コース終い重点,https://stride.get-luck.jp/member/race_viewer_test.php?racedate=20260830&racekey=07263405&jo=1&idpm=iFT66JycF8pFY,PASS
2026-08-30,中京,5,202607030405,07263405,11:55,5R ダ1800 ３歳上１勝クラス 11:55,7,トワイライトサイト,菱田裕二,43.3,12,中速スタミナ,,50,Ｄ,Ｄ,10,43,42,-19,11,75%,49 (9),33 (13),40 (11),48 (9),58 (5),9,9,最内,11,8,最内,10,13,中,55,[先][瞬],50,"コース×,枠脚質○,直近▲",89,7%,13%,24%,嘉藤貴行,ＫＳトレーニングＣ,1,173,9 %,18 %,25 %,4,25%,25%,25 %,牡,3,短,短,細ベ,△,,,,シニスターミニスター,285,10%,20%,28%,54(南Ｗ),34(南Ｗ),42,コース終い重点,https://stride.get-luck.jp/member/race_viewer_test.php?racedate=20260830&racekey=07263405&jo=1&idpm=iFT66JycF8pFY,PASS
2026-08-30,中京,5,202607030405,07263405,11:55,5R ダ1800 ３歳上１勝クラス 11:55,8,ビービーバザーク,西村淳也,8.0,4,超低速底力,カスリ,63,Ｃ,Ｄ,7,45,54,-5,5,6%,57 (4),36 (12),36 (13),46 (10),60 (2),3,4,内,7,3,中,7,9,中,58,[先][追][瞬],56,"コース○,枠脚質×,直近○",133,17%,22%,30%,武幸四郎,坂東牧場,2,4,25 %,50 %,50 %,2,0%,50%,50 %,牡,4,短,普,大標ベ,◎,器用さ欠,加速遅い,腰甘い,シニスターミニスター,285,10%,20%,28%,,54(栗坂),54,坂路平均,https://stride.get-luck.jp/member/race_viewer_test.php?racedate=20260830&racekey=07263405&jo=1&idpm=iFT66JycF8pFY,PASS
2026-08-30,中京,5,202607030405,07263405,11:55,5R ダ1800 ３歳上１勝クラス 11:55,9,メイショウマドロス,団野大成,4.5,2,低速持続,カスリ,72,Ｃ,Ｄ,5,50,56,2,1,0%,56 (5),65 (1),53 (7),50 (7),46 (7),7,7,中,2,0,外,5,6,外,58,[追],53,"馬主○,コース○,枠脚質○,直近▲",144,10%,23%,31%,石橋守,キャニオンファーム土山,2,112,4 %,13 %,25 %,1,0%,0%,0 %,牡,5,普,普,中標,○,ダ向き,,,カルフォルニアクローム,77,4%,16%,22%,,61(栗坂),56,坂路平均,https://stride.get-luck.jp/member/race_viewer_test.php?racedate=20260830&racekey=07263405&jo=1&idpm=iFT66JycF8pFY,PASS
2026-08-30,中京,5,202607030405,07263405,11:55,5R ダ1800 ３歳上１勝クラス 11:55,10,アトモス,角田大和,5.3,3,低速スタミナ,,94,ＡＡ,Ｓ,1,46,52,-6,6,20%,57 (3),47 (8),42 (10),48 (8),56 (6),2,2,最内,6,2,内,1,0,外,55,[久],38,"調教師○,コース○,枠脚質×,直近×",124,6%,15%,20%,角田晃一,大山ヒルズ,1,116,7 %,20 %,27 %,4,25%,25%,50 %,牡,3,短,短,小標ベ,△,ズブイ,口向悪い,気難しい,キタサンブラック,124,10%,18%,28%,62(ＣＷ),60(栗坂),52,坂路終い重点,https://stride.get-luck.jp/member/race_viewer_test.php?racedate=20260830&racekey=07263405&jo=1&idpm=iFT66JycF8pFY,PASS
2026-08-30,中京,5,202607030405,07263405,11:55,5R ダ1800 ３歳上１勝クラス 11:55,11,ステイクオール,富田暁,8.9,5,超低速瞬発,,90,Ａ,Ｓ,2,48,52,-4,4,36%,31 (13),46 (9),64 (1),67 (1),60 (3),13,17,最内,12,9,内,2,1,最内,58,[先][追][続][瞬],47,"コース×,枠脚質×,直近◎",97,3%,7%,18%,上村洋行,チャンピオンヒルズ,1,556,17 %,29 %,38 %,9,11%,11%,22 %,セ,4,普,普,中標,○,手前替×,アテに×,集中力×,ナダル,70,14%,23%,34%,55(ＣＷ),59(ＣＷ),52,併用平均,https://stride.get-luck.jp/member/race_viewer_test.php?racedate=20260830&racekey=07263405&jo=1&idpm=iFT66JycF8pFY,PASS
2026-08-30,中京,5,202607030405,07263405,11:55,5R ダ1800 ３歳上１勝クラス 11:55,12,ルシタニア,森田誠也,43.9,13,超低速持続,ピッタリ,51,Ｄ,Ｄ,9,43,49,-12,8,22%,53 (7),61 (3),54 (6),45 (11),39 (12),6,7,最内,1,0,最内,9,13,最内,55,,43,,11,0%,0%,0%,武幸四郎,ノーザンＦしがらき,2,158,10 %,15 %,22 %,2,0%,0%,0 %,セ,4,普,普,小標,△,砂被る×,芝×,フット×,レイデオロ,63,3%,8%,14%,,55(栗坂),49,坂路平均,https://stride.get-luck.jp/member/race_viewer_test.php?racedate=20260830&racekey=07263405&jo=1&idpm=iFT66JycF8pFY,PASS
2026-08-30,中京,5,202607030405,07263405,11:55,5R ダ1800 ３歳上１勝クラス 11:55,13,シンギタイ,田口貫太,34.8,11,低速スタミナ,,29,Ｄ,Ｄ,13,32,42,-30,13,0%,65 (1),48 (7),36 (12),27 (13),32 (13),1,0,最内,5,2,最内,13,19,最内,58,,46,"コース○,枠脚質○,直近▲",70,6%,11%,21%,庄野靖志,ドラゴンファーム,2,17,29 %,29 %,53 %,2,0%,0%,50 %,セ,4,短,短,中標,△,馬込平気,砂被る○,,スワーヴリチャード,26,4%,15%,23%,,44(ＣＷ),42,コース終い重点,https://stride.get-luck.jp/member/race_viewer_test.php?racedate=20260830&racekey=07263405&jo=1&idpm=iFT66JycF8pFY,PASS
2026-08-30,中京,6,202607030406,07263406,15:00,6R ダ1900 白川郷ステークス 3勝クラス WIN5 15:00,1,サンセットブライト,秋山稔樹,60.3,14,超低速スタミナ,,40,Ｄ,Ｄ,14,54,56,-18,14,12%,39 (15),46 (12),59 (4),53 (6),46 (12),13,17,内,13,7,外,14,18,大外,52,[追][久],30,枠脚質×,24,8%,8%,13%,相沢郁,吉澤Ｓ－ＥＡＳＴ,2,168,5 %,13 %,15 %,6,0%,0%,0 %,牝,5,短,普,小標ベ,◎,後方から,上が掛○,展開待ち,ホッコータルマエ,282,9%,17%,25%,57(南Ｗ),48(南Ｗ),56,コース終い重点,https://stride.get-luck.jp/member/race_viewer_test.php?racedate=20260830&racekey=07263406&jo=1&idpm=iFT66JycF8pFY,PASS
2026-08-30,中京,6,202607030406,07263406,15:00,6R ダ1900 白川郷ステークス 3勝クラス WIN5 15:00,2,ペンナヴェローチェ,北村友一,17.4,6,超低速底力,,57,Ｄ,Ｄ,9,59,59,-10,10,0%,52 (8),60 (2),55 (6),52 (8),48 (11),8,13,最内,6,3,最内,9,13,最内,57,[先][続][瞬],52,"枠脚質×,直近○",13,23%,23%,31%,須貝尚介,吉澤Ｓ－ＷＥＳＴ,2,90,10 %,18 %,29 %,6,0%,33%,83 %,牡,5,短,短,細標ベ,○,平坦向き,上が掛○,中京向き,キズナ,387,12%,22%,32%,41(栗坂),55(ＣＷ),59,併用終い重点,https://stride.get-luck.jp/member/race_viewer_test.php?racedate=20260830&racekey=07263406&jo=1&idpm=iFT66JycF8pFY,PASS
2026-08-30,中京,6,202607030406,07263406,15:00,6R ダ1900 白川郷ステークス 3勝クラス WIN5 15:00,3,ダンツシタン,太宰啓介,5.5,2,低速底力,カスリ,64,Ｃ,Ｄ,6,57,64,-7,9,10%,63 (2),56 (5),41 (12),37 (15),40 (13),3,7,中,2,0,外,6,11,外,54,[先][瞬],51,枠脚質○,24,4%,8%,25%,本田優,宇治田原優駿Ｓ,1,678,6 %,14 %,20 %,7,43%,71%,71 %,牡,3,短,普,小標起,○,ブ効果○,気悪,気難しい,パイロ,207,9%,15%,24%,58(ＣＷ),62(ＣＷ),64,併用中重点,https://stride.get-luck.jp/member/race_viewer_test.php?racedate=20260830&racekey=07263406&jo=1&idpm=iFT66JycF8pFY,PASS
2026-08-30,中京,6,202607030406,07263406,15:00,6R ダ1900 白川郷ステークス 3勝クラス WIN5 15:00,4,ビップスコーピオン,Ｍ．デムーロ,33.3,12,超低速持続,カスリ,35,Ｄ,Ｄ,16,52,57,-19,15,14%,39 (14),23 (16),43 (11),52 (7),60 (4),15,19,最内,16,14,最内,16,20,最内,55,[先][追][瞬],56,枠脚質×,13,0%,8%,23%,田島俊明,ノーザンＦ天栄,1,76,9 %,16 %,28 %,18,6%,11%,28 %,牡,6,短,短,小標ベ,◎,終い確実,砂被る×,府中向き,サトノクラウン,52,6%,10%,12%,50(美坂),53(美坂),57,坂路平均,https://stride.get-luck.jp/member/race_viewer_test.php?racedate=20260830&racekey=07263406&jo=1&idpm=iFT66JycF8pFY,PASS
2026-08-30,中京,6,202607030406,07263406,15:00,6R ダ1900 白川郷ステークス 3勝クラス WIN5 15:00,5,シャルクハフト,吉村誠之助,57.0,13,超低速持続,カスリ,58,Ｄ,Ｄ,8,61,63,-4,6,5%,58 (4),44 (13),38 (15),45 (12),54 (7),6,10,中,7,4,中,8,13,大外,54,,68,"枠脚質○,直近◎",21,5%,14%,29%,清水久詞,ノーザンＦしがらき,1,228,7 %,15 %,25 %,9,11%,22%,22 %,牡,4,普,普,中標ベ,◎,砂被る×,他馬気に,馬込ダメ,リアルスティール,124,12%,19%,29%,48(ＣＷ),51(ＣＷ),63,コース終い重点,https://stride.get-luck.jp/member/race_viewer_test.php?racedate=20260830&racekey=07263406&jo=1&idpm=iFT66JycF8pFY,PASS
2026-08-30,中京,6,202607030406,07263406,15:00,6R ダ1900 白川郷ステークス 3勝クラス WIN5 15:00,6,ビービークローサー,坂井瑠星,1.9,1,低速持続,ピッタリ,108,ＡＡ,Ｂ,1,70,64,6,1,33%,38 (16),51 (8),63 (2),71 (1),67 (1),16,19,内,15,9,最内,1,0,中,55,[先][続][瞬],64,"枠脚質×,直近◎",46,17%,30%,46%,野中賢二,チャンピオンヒルズ,1,161,11 %,20 %,31 %,5,60%,100%,100 %,牡,3,短,普,小標ベ,◎,砂被る×,終い確実,脚抜ダ○,グレーターロンドン,8,13%,13%,25%,45(栗坂),57(栗坂),64,坂路平均,https://stride.get-luck.jp/member/race_viewer_test.php?racedate=20260830&racekey=07263406&jo=1&idpm=iFT66JycF8pFY,PASS
2026-08-30,中京,6,202607030406,07263406,15:00,6R ダ1900 白川郷ステークス 3勝クラス WIN5 15:00,7,タイセイカイザー,団野大成,26.3,10,超低速底力,,48,Ｄ,Ｄ,11,59,56,-13,12,89%,56 (7),67 (1),56 (5),46 (10),40 (14),7,11,最内,3,0,中,11,16,中,55,[追],43,"枠脚質○,直近▲",39,3%,10%,21%,奥村豊,チャンピオンヒルズ,1,239,13 %,23 %,34 %,5,40%,60%,60 %,牡,4,短,普,中ベ,◎,少頭数○,左回り○,加速遅い,アジアエクスプレス,158,7%,18%,23%,45(ＣＷ),53(栗坂),56,併用平均,https://stride.get-luck.jp/member/race_viewer_test.php?racedate=20260830&racekey=07263406&jo=1&idpm=iFT66JycF8pFY,PASS
2026-08-30,中京,6,202607030406,07263406,15:00,6R ダ1900 白川郷ステークス 3勝クラス WIN5 15:00,8,インザモーメント,田山旺佑,30.6,11,中速瞬発,,59,Ｄ,Ｄ,7,62,63,-3,5,6%,46 (10),48 (10),53 (8),55 (5),54 (6),10,15,最内,12,6,最内,7,12,内,56,,49,"枠脚質○,直近○",11,0%,0%,0%,田中克典,大山ヒルズ,3,8,13 %,25 %,25 %,1,0%,100%,100 %,セ,5,短,普,中標,○,一本調子,夏○,腰甘い,キズナ,387,12%,22%,32%,28(ＣＷ),61(ＣＷ),63,コース平均,https://stride.get-luck.jp/member/race_viewer_test.php?racedate=20260830&racekey=07263406&jo=1&idpm=iFT66JycF8pFY,PASS
2026-08-30,中京,6,202607030406,07263406,15:00,6R ダ1900 白川郷ステークス 3勝クラス WIN5 15:00,9,リューデスハイム,西村淳也,14.1,5,超低速底力,,80,Ｂ,Ｓ,2,64,64,0,3,12%,71 (1),57 (4),33 (16),39 (14),50 (9),1,0,最内,4,0,最内,2,6,最内,55,[先][追][瞬],58,"枠脚質○,直近○",42,7%,19%,48%,牧田和弥,ノーザンＦしがらき,1,65,14 %,28 %,31 %,14,14%,43%,43 %,牡,5,短,短,細標ベ,◎,広馬場向,落着ほし,揉れ弱い,ニューイヤーズデイ,82,13%,21%,35%,65(ＣＷ),57(栗坂),64,併用平均,https://stride.get-luck.jp/member/race_viewer_test.php?racedate=20260830&racekey=07263406&jo=1&idpm=iFT66JycF8pFY,PASS
2026-08-30,中京,6,202607030406,07263406,15:00,6R ダ1900 白川郷ステークス 3勝クラス WIN5 15:00,10,インジケーター,酒井学,83.6,16,超低速バランス,,40,Ｄ,Ｄ,13,56,48,-24,16,22%,58 (3),47 (11),40 (13),32 (16),34 (15),2,7,内,5,2,内,13,18,内,53,[先][追],37,,30,10%,17%,20%,高橋康之,キャニオンファーム土山,1,175,4 %,6 %,12 %,7,0%,0%,0 %,牡,5,普,普,小標起,○,芝ダＯＫ,道悪○,気難しい,リアムズマップ,8,13%,13%,13%,47(栗坂),30(栗坂),48,坂路平均,https://stride.get-luck.jp/member/race_viewer_test.php?racedate=20260830&racekey=07263406&jo=1&idpm=iFT66JycF8pFY,PASS
2026-08-30,中京,6,202607030406,07263406,15:00,6R ダ1900 白川郷ステークス 3勝クラス WIN5 15:00,11,フームスムート,菱田裕二,78.7,15,低速スタミナ,,38,Ｄ,Ｄ,15,51,63,-14,13,7%,40 (13),56 (6),64 (1),46 (11),32 (16),11,15,内,8,4,内,15,19,外,53,[先][瞬],48,"枠脚質○,直近▲",32,13%,16%,16%,水野貴広,ＫＳトレーニングＣ,1,263,3 %,6 %,11 %,8,0%,0%,25 %,牡,9,短,短,中標ベ,◎,ブ外効○,使込○,突っ張る,トゥザグローリー,37,5%,8%,11%,60(南Ｗ),48(南Ｗ),63,コース終い重点,https://stride.get-luck.jp/member/race_viewer_test.php?racedate=20260830&racekey=07263406&jo=1&idpm=iFT66JycF8pFY,PASS
2026-08-30,中京,6,202607030406,07263406,15:00,6R ダ1900 白川郷ステークス 3勝クラス WIN5 15:00,12,クァンタムウェーブ,幸英明,18.2,8,超低速底力,,47,Ｄ,Ｄ,12,59,57,-12,11,33%,47 (9),49 (9),53 (9),51 (9),49 (10),9,14,中,9,5,外,12,16,外,56,[追][久][続],57,"馬主○,コース○,枠脚質×,直近○",65,11%,18%,26%,松永幹夫,ノーザンＦしがらき,2,122,16 %,24 %,27 %,,,,,牡,4,短,短,中ベ,◎,砂被る×,,,ナダル,70,14%,23%,34%,,43(栗Ｅ),57,コース中重点,https://stride.get-luck.jp/member/race_viewer_test.php?racedate=20260830&racekey=07263406&jo=1&idpm=iFT66JycF8pFY,PASS
2026-08-30,中京,6,202607030406,07263406,15:00,6R ダ1900 白川郷ステークス 3勝クラス WIN5 15:00,13,メイショウシナノ,田口貫太,22.4,9,超低速瞬発,,57,Ｄ,Ｄ,10,64,61,-3,4,12%,41 (12),43 (14),55 (7),62 (2),62 (2),14,18,中,14,9,内,10,13,中,56,,40,"調教師○,枠脚質×,直近▲",17,12%,18%,35%,大橋勇樹,三重ホースＴＣ,5,18,11 %,22 %,33 %,3,33%,33%,33 %,牡,6,普,普,中標起,○,小倉向き,使込○,展開待ち,サトノダイヤモンド,74,5%,11%,19%,,57(ＣＷ),61,併用平均,https://stride.get-luck.jp/member/race_viewer_test.php?racedate=20260830&racekey=07263406&jo=1&idpm=iFT66JycF8pFY,PASS
2026-08-30,中京,6,202607030406,07263406,15:00,6R ダ1900 白川郷ステークス 3勝クラス WIN5 15:00,14,レヴァンテシチー,松山弘平,11.8,4,低速持続,ピッタリ,64,Ｃ,Ａ,5,60,61,-7,8,33%,41 (11),54 (7),62 (3),61 (3),54 (5),12,17,最内,11,6,内,5,11,中,55,[先][続][瞬],54,"コース×,枠脚質○,直近▲",51,8%,27%,37%,柴田卓,チャンピオンヒルズ,1,8,13 %,25 %,25 %,2,50%,50%,50 %,牡,4,普,普,中標,◎,広馬場向,馬込平気,直長向き,ルヴァンスレーヴ,110,11%,20%,30%,48(栗坂),62(栗坂),61,坂路平均,https://stride.get-luck.jp/member/race_viewer_test.php?racedate=20260830&racekey=07263406&jo=1&idpm=iFT66JycF8pFY,PASS
2026-08-30,中京,6,202607030406,07263406,15:00,6R ダ1900 白川郷ステークス 3勝クラス WIN5 15:00,15,キーチパルフェ,松若風馬,17.7,7,低速底力,カスリ,68,Ｃ,Ｓ,4,61,62,-5,7,25%,56 (6),42 (15),38 (14),43 (13),51 (8),5,10,内,10,6,中,4,11,大外,56,[先][追][瞬],42,"枠脚質×,直近○",25,4%,12%,28%,高柳大輔,チャンピオンヒルズ,1,154,14 %,22 %,33 %,10,30%,30%,60 %,牡,5,普,普,中標,○,一本調子,ダ大丈夫,小倉向き,ドゥラメンテ,247,7%,17%,28%,49(ＣＷ),60(栗坂),62,併用平均,https://stride.get-luck.jp/member/race_viewer_test.php?racedate=20260830&racekey=07263406&jo=1&idpm=iFT66JycF8pFY,PASS
2026-08-30,中京,6,202607030406,07263406,15:00,6R ダ1900 白川郷ステークス 3勝クラス WIN5 15:00,16,ゴッドエスパーダ,角田大和,11.0,3,低速持続,ピッタリ,79,Ｂ,Ｓ,3,69,64,5,2,0%,56 (5),58 (3),49 (10),57 (4),61 (3),4,8,最内,1,0,内,3,6,内,55,[久],51,"調教師○,馬主○,枠脚質×,直近×",52,13%,25%,29%,角田晃一,キャニオンファーム土山,1,174,7 %,17 %,26 %,6,33%,67%,83 %,牡,4,普,普,中ベ,◎,揉れ強い,上が掛○,手前替×,レイデオロ,63,3%,8%,14%,65(ＣＷ),55(ＣＷ),64,併用終い重点,https://stride.get-luck.jp/member/race_viewer_test.php?racedate=20260830&racekey=07263406&jo=1&idpm=iFT66JycF8pFY,PASS
2026-08-30,中京,7,202607030407,07263407,15:35,7R 芝1400 中京２歳Ｓ・Ｇ３ WIN5 15:35,1,ピコキング,田口貫太,29.1,9,超高速瞬発,,32,Ｄ,Ｄ,9,22,38,-38,9,100%,37 (9),33 (9),45 (7),35 (8),33 (9),9,15,最内,9,18,最内,9,19,中,55,,40,"コース×,枠脚質○,直近▲",30,7%,7%,10%,森秀行,チャンピオンヒルズ,2,278,10 %,18 %,27 %,,,,,牡,2,普,普,中標,○,,,,ナッシュビル,,,,,,43(栗Ｐ),38,コース平均,https://stride.get-luck.jp/member/race_viewer_test.php?racedate=20260830&racekey=07263407&jo=1&idpm=iFT66JycF8pFY,PASS
2026-08-30,中京,7,202607030407,07263407,15:35,7R 芝1400 中京２歳Ｓ・Ｇ３ WIN5 15:35,2,バクソウシャチョウ,松若風馬,17.5,6,超高速瞬発,,60,Ｄ,Ａ,5,43,68,13,1,0%,47 (4),40 (8),41 (8),51 (6),55 (6),3,8,中,7,13,中,5,11,中,55,[先][追][瞬],41,"コース×,直近○",62,5%,15%,29%,森秀行,チャンピオンヒルズ,2,278,10 %,18 %,27 %,1,0%,100%,100 %,牡,2,普,普,中標,△,落着ほし,,,シャーラタン,2,0%,50%,50%,,80(栗坂),68,坂路テン重点,https://stride.get-luck.jp/member/race_viewer_test.php?racedate=20260830&racekey=07263407&jo=1&idpm=iFT66JycF8pFY,PASS
2026-08-30,中京,7,202607030407,07263407,15:35,7R 芝1400 中京２歳Ｓ・Ｇ３ WIN5 15:35,3,サンタンジェロ,西村淳也,3.3,2,超高速持続,カスリ,85,Ｂ,Ｃ,4,46,49,-3,4,50%,46 (6),51 (5),57 (4),56 (4),55 (3),8,11,内,3,11,中,4,3,中,55,[先][追][瞬],53,"コース○,枠脚質×,直近○",60,10%,30%,37%,須貝尚介,ノーザンＦしがらき,1,311,13 %,24 %,31 %,2,50%,50%,50 %,牝,2,短,短,中標,△,,,,エピファネイア,467,9%,19%,27%,49(栗坂),51(栗坂),49,坂路平均,https://stride.get-luck.jp/member/race_viewer_test.php?racedate=20260830&racekey=07263407&jo=1&idpm=iFT66JycF8pFY,PASS
2026-08-30,中京,7,202607030407,07263407,15:35,7R 芝1400 中京２歳Ｓ・Ｇ３ WIN5 15:35,4,シスキンブルーム,団野大成,6.6,4,超高速瞬発,,98,ＡＡ,Ｓ,2,49,49,0,3,0%,46 (7),47 (7),53 (5),58 (2),59 (1),5,9,内,8,13,内,2,0,大外,55,[追],47,"調教師○,コース○,直近▲",77,8%,14%,26%,斉藤崇史,ノーザンＦしがらき,1,603,15 %,26 %,34 %,1,0%,100%,100 %,牝,2,普,普,中標,◎,,,,シスキン,17,6%,24%,35%,61(ＣＷ),41(栗Ｐ),49,コース終い重点,https://stride.get-luck.jp/member/race_viewer_test.php?racedate=20260830&racekey=07263407&jo=1&idpm=iFT66JycF8pFY,PASS
2026-08-30,中京,7,202607030407,07263407,15:35,7R 芝1400 中京２歳Ｓ・Ｇ３ WIN5 15:35,5,マルモリムソウ,泉谷楓真,14.0,5,高速スタミナ,,47,Ｄ,Ｄ,6,37,48,-13,7,0%,69 (1),70 (1),50 (6),44 (7),42 (7),1,0,最内,1,0,最内,6,15,最内,55,[先][追],40,,23,0%,9%,9%,大橋勇樹,山岡トレセン,1,76,12 %,14 %,21 %,1,100%,100%,100 %,牡,2,普,普,中標,○,スピ有り,,,ビッグアーサー,75,3%,9%,21%,64(ＣＷ),53(ＣＷ),48,併用平均,https://stride.get-luck.jp/member/race_viewer_test.php?racedate=20260830&racekey=07263407&jo=1&idpm=iFT66JycF8pFY,PASS
2026-08-30,中京,7,202607030407,07263407,15:35,7R 芝1400 中京２歳Ｓ・Ｇ３ WIN5 15:35,6,ジャスパートレノ,中井裕二,23.0,7,中速底力,,40,Ｄ,Ｄ,7,38,48,-12,6,0%,47 (5),52 (4),57 (2),56 (5),55 (5),7,11,最内,5,11,内,7,17,内,55,[続][瞬],43,,22,0%,5%,14%,森秀行,チャンピオンヒルズ,2,278,10 %,18 %,27 %,,,,,牡,2,短,短,中標ベ,△,,,,ミトーリ,,,,,,64(栗坂),48,坂路平均,https://stride.get-luck.jp/member/race_viewer_test.php?racedate=20260830&racekey=07263407&jo=1&idpm=iFT66JycF8pFY,PASS
2026-08-30,中京,7,202607030407,07263407,15:35,7R 芝1400 中京２歳Ｓ・Ｇ３ WIN5 15:35,7,ビスケットサンド,北村友一,3.7,3,高速持続,ピッタリ,93,Ａ,Ｂ,3,44,49,-5,5,0%,45 (8),53 (2),61 (1),57 (3),55 (4),4,9,最内,2,10,最内,3,1,内,55,[先][続][瞬],62,"コース○,枠脚質○,直近○",33,15%,27%,30%,佐藤悠太,ノーザンＦしがらき,1,63,17 %,30 %,37 %,1,100%,100%,100 %,牝,2,普,普,小標,◎,,,,マインドユアビスケッツ,50,6%,12%,18%,64(ＣＷ),54(ＣＷ),49,併用平均,https://stride.get-luck.jp/member/race_viewer_test.php?racedate=20260830&racekey=07263407&jo=1&idpm=iFT66JycF8pFY,PASS
2026-08-30,中京,7,202607030407,07263407,15:35,7R 芝1400 中京２歳Ｓ・Ｇ３ WIN5 15:35,8,ピコジャック,吉村誠之助,25.1,8,低速底力,,32,Ｄ,Ｄ,8,22,39,-37,8,100%,65 (2),50 (6),29 (9),33 (9),36 (8),2,3,最内,6,12,最内,8,19,最内,55,,59,"コース○,直近◎",47,11%,17%,23%,森秀行,チャンピオンヒルズ,2,278,10 %,18 %,27 %,,,,,牡,2,普,普,中標ベ,△,,,,ジャッククリストファー,1,0%,0%,0%,,43(栗Ｐ),39,コース平均,https://stride.get-luck.jp/member/race_viewer_test.php?racedate=20260830&racekey=07263407&jo=1&idpm=iFT66JycF8pFY,PASS
2026-08-30,中京,7,202607030407,07263407,15:35,7R 芝1400 中京２歳Ｓ・Ｇ３ WIN5 15:35,9,ジーティーマイカ,松山弘平,2.6,1,超高速バランス,,98,ＡＡ,ＡＡ,1,54,49,5,2,0%,48 (3),53 (3),57 (3),59 (1),59 (2),6,10,中,4,11,外,1,0,外,55,[先][続][瞬],65,"コース×,枠脚質○,直近▲",67,12%,25%,33%,前川恭子,チャンピオンヒルズ,1,7,14 %,29 %,43 %,,,,,牝,2,短,短,細標ベ,△,脚捌き○,腰甘い,,シスキン,17,6%,24%,35%,68(ＣＷ),55(栗Ｐ),49,併用平均,https://stride.get-luck.jp/member/race_viewer_test.php?racedate=20260830&racekey=07263407&jo=1&idpm=iFT66JycF8pFY,PASS
2026-08-30,中京,8,202607030408,07263408,16:10,8R 芝2200 熊野特別 2勝クラス 16:10,1,ブレットパス,吉村誠之助,3.0,1,高速バランス,,98,Ａ,Ｓ,2,62,59,3,2,50%,57 (6),60 (4),49 (8),50 (8),52 (9),6,9,最内,4,4,内,2,1,最内,55,,63,"馬主○,枠脚質○,直近◎",10,0%,10%,20%,中内田充正,ノーザンＦしがらき,1,328,18 %,30 %,41 %,5,40%,100%,100 %,牡,3,短,普,中標ベ,○,瞬発力○,馬込平気,腰甘い,アルアイン,6,0%,0%,0%,57(ＣＷ),57(栗坂),59,坂路終い重点,https://stride.get-luck.jp/member/race_viewer_test.php?racedate=20260830&racekey=07263408&jo=1&idpm=iFT66JycF8pFY,PASS
2026-08-30,中京,8,202607030408,07263408,16:10,8R 芝2200 熊野特別 2勝クラス 16:10,2,サガルマータ,松山弘平,5.4,4,中速バランス,,88,Ａ,Ｓ,4,58,59,-1,6,0%,52 (9),51 (7),48 (9),50 (7),56 (4),7,11,内,6,8,内,4,4,外,55,[先][続][瞬],58,"コース×,枠脚質×,直近▲",59,14%,24%,34%,福永祐一,大山ヒルズ,1,30,7 %,23 %,37 %,4,50%,50%,75 %,牡,3,普,普,中ベ,○,,,,コントレイル,3,67%,100%,100%,67(ＣＷ),51(栗坂),59,併用平均,https://stride.get-luck.jp/member/race_viewer_test.php?racedate=20260830&racekey=07263408&jo=1&idpm=iFT66JycF8pFY,PASS
2026-08-30,中京,8,202607030408,07263408,16:10,8R 芝2200 熊野特別 2勝クラス 16:10,3,ノチェセラーダ,西村淳也,5.3,3,中速瞬発,カスリ,91,Ａ,Ｓ,3,59,59,0,4,29%,57 (5),62 (3),50 (7),48 (9),46 (11),5,7,最内,3,3,最内,3,3,中,55,[先][追][瞬],52,"枠脚質×,直近○",38,16%,32%,37%,杉山佳明,ノーザンＦしがらき,1,117,10 %,19 %,29 %,5,20%,20%,40 %,牡,3,短,普,小標ベ,○,腰甘い,良脚長使,,ドレフォン,4,0%,0%,0%,41(ＣＷ),55(栗坂),59,併用平均,https://stride.get-luck.jp/member/race_viewer_test.php?racedate=20260830&racekey=07263408&jo=1&idpm=iFT66JycF8pFY,PASS
2026-08-30,中京,8,202607030408,07263408,16:10,8R 芝2200 熊野特別 2勝クラス 16:10,4,ショウナンハウル,富田暁,99.8,15,中速バランス,,43,Ｄ,Ｄ,13,52,57,-9,11,56%,34 (15),47 (9),67 (1),62 (3),40 (13),15,26,最内,13,18,中,13,18,大外,58,[先][追][続][瞬],48,"枠脚質×,直近◎",28,7%,14%,21%,松下武士,ノーザンＦしがらき,3,20,0 %,5 %,5 %,2,0%,0%,0 %,セ,5,短,普,中標ベ,△,輸送弱い,気難しい,前行く○,レイデオロ,31,10%,13%,16%,46(栗坂),48(栗坂),57,坂路終い重点,https://stride.get-luck.jp/member/race_viewer_test.php?racedate=20260830&racekey=07263408&jo=1&idpm=iFT66JycF8pFY,PASS
2026-08-30,中京,8,202607030408,07263408,16:10,8R 芝2200 熊野特別 2勝クラス 16:10,5,ソルパッサーレ,団野大成,25.0,8,高速スタミナ,,62,Ｃ,Ｓ,6,52,51,-15,14,0%,53 (8),47 (8),45 (12),45 (11),48 (10),9,12,最内,8,10,最内,6,11,中,53,[追],43,"枠脚質×,直近▲",30,7%,10%,17%,四位洋文,チャンピオンヒルズ,1,316,11 %,21 %,32 %,6,33%,33%,50 %,牝,3,短,短,小標,○,大トビ,馬込ダメ,気が強い,キズナ,77,8%,21%,29%,62(ＣＷ),58(ＣＷ),51,併用平均,https://stride.get-luck.jp/member/race_viewer_test.php?racedate=20260830&racekey=07263408&jo=1&idpm=iFT66JycF8pFY,PASS
2026-08-30,中京,8,202607030408,07263408,16:10,8R 芝2200 熊野特別 2勝クラス 16:10,6,ニュークレド,松若風馬,18.3,6,中速持続,,54,Ｄ,Ｄ,8,55,50,-13,13,13%,39 (12),45 (11),59 (3),64 (2),63 (2),12,21,最内,11,17,内,8,14,外,58,[先][追][瞬],47,"枠脚質○,直近○",28,0%,4%,7%,石坂公一,宇治田原優駿Ｓ,1,114,10 %,17 %,28 %,9,22%,33%,44 %,牡,4,短,短,中標,◎,折合○,瞬発力○,軟ら芝○,ブリックスアンドモルタル,27,7%,15%,26%,65(ＣＷ),48(ＣＷ),50,併用終い重点,https://stride.get-luck.jp/member/race_viewer_test.php?racedate=20260830&racekey=07263408&jo=1&idpm=iFT66JycF8pFY,PASS
2026-08-30,中京,8,202607030408,07263408,16:10,8R 芝2200 熊野特別 2勝クラス 16:10,7,カフジエメンタール,坂井瑠星,4.0,2,高速瞬発,,101,ＡＡ,ＡＡ,1,63,75,20,1,0%,58 (4),65 (1),50 (6),45 (10),38 (14),4,6,中,1,0,内,1,0,内,55,[先][続][瞬],60,"枠脚質×,直近◎",37,11%,22%,35%,矢作芳人,ノーザンＦしがらき,1,356,12 %,21 %,31 %,4,25%,50%,50 %,牡,3,普,普,小標ベ,△,体質弱い,芝向き,,ポエティックフレア,,,,,75(栗坂),64(栗坂),75,坂路平均,https://stride.get-luck.jp/member/race_viewer_test.php?racedate=20260830&racekey=07263408&jo=1&idpm=iFT66JycF8pFY,PASS
2026-08-30,中京,8,202607030408,07263408,16:10,8R 芝2200 熊野特別 2勝クラス 16:10,8,ヤマニンループ,太宰啓介,56.4,13,中速底力,,53,Ｄ,Ｄ,9,54,58,-6,8,32%,35 (14),47 (10),64 (2),65 (1),53 (5),14,25,内,14,19,内,9,14,大外,58,[先][瞬],42,枠脚質×,6,0%,0%,0%,松永幹夫,宇治田原優駿Ｓ,3,8,25 %,25 %,25 %,5,20%,20%,20 %,牡,7,短,短,中ベ,△,後行く○,折合×,非力,ディープインパクト,79,14%,22%,34%,6(栗坂),59(栗坂),58,坂路平均,https://stride.get-luck.jp/member/race_viewer_test.php?racedate=20260830&racekey=07263408&jo=1&idpm=iFT66JycF8pFY,PASS
2026-08-30,中京,8,202607030408,07263408,16:10,8R 芝2200 熊野特別 2勝クラス 16:10,9,ジェットブレード,田口貫太,52.8,12,中速持続,,35,Ｄ,Ｄ,15,49,51,-18,15,5%,54 (7),44 (12),42 (13),39 (13),42 (12),8,11,中,9,10,内,15,20,内,58,,38,"枠脚質×,直近▲",12,8%,8%,25%,青木孝文,ＫＳトレーニングＣ,1,221,1 %,6 %,10 %,3,0%,0%,33 %,牡,4,短,短,中標ベ,△,脚使処難,脚捌き△,鉄砲×,ビーチパトロール,11,0%,9%,27%,45(南Ｗ),52(南Ｗ),51,併用平均,https://stride.get-luck.jp/member/race_viewer_test.php?racedate=20260830&racekey=07263408&jo=1&idpm=iFT66JycF8pFY,PASS
2026-08-30,中京,8,202607030408,07263408,16:10,8R 芝2200 熊野特別 2勝クラス 16:10,10,シャドウマスター,北村友一,11.5,5,中速バランス,,42,Ｄ,Ｄ,12,52,58,-8,10,0%,59 (3),51 (6),40 (14),42 (12),52 (8),3,6,内,5,5,最内,12,17,最内,55,[先][続][瞬],63,"枠脚質×,直近○",16,0%,13%,19%,杉山晴紀,社台ファーム鈴鹿,1,15,27 %,33 %,40 %,4,50%,50%,50 %,牡,3,普,普,小標ベ,○,一本調子,,,キタサンブラック,33,6%,12%,21%,66(ＣＷ),57(栗坂),58,坂路平均,https://stride.get-luck.jp/member/race_viewer_test.php?racedate=20260830&racekey=07263408&jo=1&idpm=iFT66JycF8pFY,PASS
2026-08-30,中京,8,202607030408,07263408,16:10,8R 芝2200 熊野特別 2勝クラス 16:10,11,ビップチェイス,菱田裕二,66.0,14,低速バランス,カスリ,61,Ｄ,Ａ,7,59,58,-1,5,12%,61 (2),63 (2),46 (11),38 (14),29 (15),2,2,最内,2,0,最内,7,12,最内,58,[先][瞬],43,"枠脚質○,直近▲",32,6%,9%,19%,田島俊明,ノーザンＦ天栄,2,34,12 %,15 %,24 %,7,0%,0%,0 %,牡,5,短,短,小ベ,△,Ｐ速い×,福島向き,前行く○,アルアイン,6,0%,0%,0%,,56(南Ｗ),58,コース終い重点,https://stride.get-luck.jp/member/race_viewer_test.php?racedate=20260830&racekey=07263408&jo=1&idpm=iFT66JycF8pFY,PASS
2026-08-30,中京,8,202607030408,07263408,16:10,8R 芝2200 熊野特別 2勝クラス 16:10,12,スイートオレンジ,秋山稔樹,30.2,11,中速瞬発,カスリ,38,Ｄ,Ｄ,14,53,58,-7,9,8%,63 (1),38 (13),28 (15),33 (15),60 (3),1,0,最内,10,12,最内,14,19,最内,56,[追][久],35,,11,0%,0%,0%,中川公成,ブルーステーブル,3,10,0 %,0 %,0 %,,,,,牝,4,短,短,小ベ,△,新潟向き,前行く○,腰甘い,ゴールドシップ,86,7%,15%,22%,68(美坂),64(美坂),58,坂路平均,https://stride.get-luck.jp/member/race_viewer_test.php?racedate=20260830&racekey=07263408&jo=1&idpm=iFT66JycF8pFY,PASS
2026-08-30,中京,8,202607030408,07263408,16:10,8R 芝2200 熊野特別 2勝クラス 16:10,13,オルトパラティウム,田山旺佑,26.8,9,中速バランス,,67,Ｃ,Ｓ,5,62,56,0,3,36%,48 (10),59 (5),57 (5),58 (5),52 (7),10,14,最内,7,8,最内,5,10,内,58,,45,直近○,5,0%,20%,20%,金成貴史,山元トレセン,1,133,10 %,16 %,23 %,8,25%,38%,75 %,牡,5,短,普,小標ベ,△,一本調子,ゲ音怖い,大トビ,エピファネイア,78,9%,21%,29%,62(南Ｗ),51(南Ｗ),56,コース終い重点,https://stride.get-luck.jp/member/race_viewer_test.php?racedate=20260830&racekey=07263408&jo=1&idpm=iFT66JycF8pFY,PASS
2026-08-30,中京,8,202607030408,07263408,16:10,8R 芝2200 熊野特別 2勝クラス 16:10,14,ジュンライデン,Ｍ．デムーロ,28.7,10,低速瞬発,ピッタリ,44,Ｄ,Ｄ,11,50,56,-12,12,8%,44 (11),34 (15),47 (10),54 (6),67 (1),11,19,最内,12,17,最内,11,17,中,58,[先][追][瞬],46,枠脚質×,18,11%,22%,33%,友道康夫,ノーザンＦしがらき,2,219,12 %,21 %,32 %,2,0%,0%,0 %,牡,4,短,短,小標ベ,○,小回向き,枠駐不良,他馬気に,レイデオロ,31,10%,13%,16%,,54(栗坂),56,併用平均,https://stride.get-luck.jp/member/race_viewer_test.php?racedate=20260830&racekey=07263408&jo=1&idpm=iFT66JycF8pFY,PASS
2026-08-30,中京,8,202607030408,07263408,16:10,8R 芝2200 熊野特別 2勝クラス 16:10,15,メイショウナルカミ,幸英明,20.7,7,低速瞬発,ピッタリ,50,Ｄ,Ｄ,10,53,60,-5,7,12%,36 (13),37 (14),58 (4),59 (4),53 (6),13,24,最内,15,19,最内,10,16,大外,55,[追][久][続],67,"馬主○,枠脚質○,直近○",47,2%,15%,23%,安達昭夫,キャニオンファーム土山,2,5,0 %,0 %,0 %,,,,,牡,3,普,普,中標,○,大トビ,上が掛○,,ゴールドシップ,86,7%,15%,22%,59(栗坂),55(栗坂),60,坂路平均,https://stride.get-luck.jp/member/race_viewer_test.php?racedate=20260830&racekey=07263408&jo=1&idpm=iFT66JycF8pFY,PASS
2026-08-30,中京,9,202607030409,07263409,16:45,9R ダ1800 ３歳未勝利(無料開放レース) 16:45,1,ベリベリハッピー,国分恭介,50.8,13,超低速持続,ピッタリ,43,Ｄ,Ｄ,12,22,38,-20,10,0%,59 (3),49 (10),38 (13),36 (13),43 (13),5,6,中,7,4,内,12,13,内,55,[先][追][続][瞬],46,"コース×,枠脚質×",69,3%,9%,13%,渡辺薫彦,キャニオンファーム土山,1,57,7 %,9 %,18 %,1,0%,0%,0 %,牝,3,短,短,中標起,△,大トビ,,,パイロ,207,9%,15%,24%,,59(ＣＷ),38,併用終い重点,https://stride.get-luck.jp/member/race_viewer_test.php?racedate=20260830&racekey=07263409&jo=1&idpm=iFT66JycF8pFY,PASS
2026-08-30,中京,9,202607030409,07263409,16:45,9R ダ1800 ３歳未勝利(無料開放レース) 16:45,2,スプレンドーレ,国分優作,24.6,9,中速スタミナ,,58,Ｄ,Ｄ,6,21,30,-29,14,100%,36 (15),26 (15),37 (14),54 (5),64 (1),12,14,最内,15,13,最内,6,9,中,55,[続][瞬],45,"コース×,枠脚質×",92,1%,4%,13%,矢作芳人,宇治田原優駿Ｓ,2,104,7 %,11 %,16 %,,,,,牝,3,普,普,中標,,,,,サトノダイヤモンド,74,5%,11%,19%,,,30,,https://stride.get-luck.jp/member/race_viewer_test.php?racedate=20260830&racekey=07263409&jo=1&idpm=iFT66JycF8pFY,PASS
2026-08-30,中京,9,202607030409,07263409,16:45,9R ダ1800 ３歳未勝利(無料開放レース) 16:45,3,キミガスキダ,吉村誠之助,6.6,4,超低速底力,カスリ,80,Ｂ,Ｓ,4,37,40,-3,4,0%,47 (9),53 (8),58 (4),61 (2),57 (5),10,12,内,10,6,内,4,2,大外,55,,59,"コース×,枠脚質○,直近◎",91,7%,19%,26%,牧田和弥,宇治田原優駿Ｓ,3,22,0 %,9 %,18 %,,,,,牝,3,普,普,小標,△,芝×,,,ドレフォン,351,11%,18%,29%,,43(栗坂),40,坂路平均,https://stride.get-luck.jp/member/race_viewer_test.php?racedate=20260830&racekey=07263409&jo=1&idpm=iFT66JycF8pFY,PASS
2026-08-30,中京,9,202607030409,07263409,16:45,9R ダ1800 ３歳未勝利(無料開放レース) 16:45,4,オーブフレッシュ,長岡禎仁,27.9,10,超低速持続,ピッタリ,51,Ｄ,Ｄ,9,27,37,-16,6,0%,71 (1),57 (4),33 (15),34 (14),44 (11),1,0,最内,3,0,最内,9,11,最内,55,[続],41,,46,2%,7%,13%,辻野泰之,チャンピオンヒルズ,2,132,12 %,25 %,36 %,1,0%,0%,100 %,牝,3,普,普,中標,△,,,,スワーヴリチャード,26,4%,15%,23%,46(栗坂),52(栗坂),37,坂路平均,https://stride.get-luck.jp/member/race_viewer_test.php?racedate=20260830&racekey=07263409&jo=1&idpm=iFT66JycF8pFY,PASS
2026-08-30,中京,9,202607030409,07263409,16:45,9R ダ1800 ３歳未勝利(無料開放レース) 16:45,5,タマモパルファン,柴田裕一郎,64.1,15,超高速持続,,41,Ｄ,Ｄ,13,23,39,-18,8,100%,39 (13),38 (14),48 (10),54 (6),56 (6),15,16,内,14,12,内,13,14,大外,53,,43,,52,4%,6%,8%,角田晃一,宇治田原優駿Ｓ,2,85,11 %,20 %,24 %,,,,,牝,3,普,普,中標,○,腰甘い,,,サンダースノー,59,0%,7%,15%,,,39,,https://stride.get-luck.jp/member/race_viewer_test.php?racedate=20260830&racekey=07263409&jo=1&idpm=iFT66JycF8pFY,PASS
2026-08-30,中京,9,202607030409,07263409,16:45,9R ダ1800 ３歳未勝利(無料開放レース) 16:45,6,タガノアルテミス,松山弘平,3.4,2,超低速底力,カスリ,80,Ｂ,Ｃ,3,37,40,-3,3,0%,58 (4),59 (2),53 (5),52 (8),51 (8),2,4,内,2,0,内,3,2,内,55,[先][続][瞬],66,"コース○,枠脚質×,直近▲",184,18%,26%,37%,西園翔太,宇治田原優駿Ｓ,2,91,10 %,19 %,25 %,1,0%,0%,0 %,牝,3,短,普,細標起,○,左回り○,右モタレ,砂被る×,サンダースノー,59,0%,7%,15%,51(栗坂),57(栗坂),40,坂路平均,https://stride.get-luck.jp/member/race_viewer_test.php?racedate=20260830&racekey=07263409&jo=1&idpm=iFT66JycF8pFY,PASS
2026-08-30,中京,9,202607030409,07263409,16:45,9R ダ1800 ３歳未勝利(無料開放レース) 16:45,7,ダノンプレリュード,角田大和,20.6,8,中速瞬発,,54,Ｄ,Ｄ,7,21,37,-22,11,20%,40 (12),49 (11),62 (3),51 (9),43 (12),11,13,中,11,7,中,7,10,大外,55,[久],37,"コース○,枠脚質×,直近×",124,6%,15%,20%,坂口智康,ノーザンＦしがらき,1,103,6 %,15 %,20 %,3,0%,0%,0 %,牝,3,短,短,細標ベ,○,気が強い,腰甘い,,キタサンブラック,124,10%,18%,28%,56(ＣＷ),54(栗坂),37,併用終い重点,https://stride.get-luck.jp/member/race_viewer_test.php?racedate=20260830&racekey=07263409&jo=1&idpm=iFT66JycF8pFY,PASS
2026-08-30,中京,9,202607030409,07263409,16:45,9R ダ1800 ３歳未勝利(無料開放レース) 16:45,8,アンヌグロース,永島まなみ,42.5,11,超低速バランス,カスリ,38,Ｄ,Ｄ,15,22,22,-36,15,75%,39 (14),40 (13),52 (6),59 (3),59 (2),14,16,最内,13,11,最内,15,15,最内,53,[先],43,"コース○,枠脚質×",149,5%,9%,13%,松下武士,グリーンウッド,1,95,8 %,13 %,19 %,,,,,牝,3,普,普,中標,△,,,,ニューイヤーズデイ,82,13%,21%,35%,32(栗坂),29(栗坂),22,坂路平均,https://stride.get-luck.jp/member/race_viewer_test.php?racedate=20260830&racekey=07263409&jo=1&idpm=iFT66JycF8pFY,PASS
2026-08-30,中京,9,202607030409,07263409,16:45,9R ダ1800 ３歳未勝利(無料開放レース) 16:45,9,スマイルガーデン,西村淳也,19.2,7,超低速スタミナ,,52,Ｄ,Ｄ,8,19,39,-22,12,38%,52 (8),64 (1),66 (2),42 (12),30 (15),8,9,内,1,0,外,8,10,外,55,[先][追][瞬],61,"馬主○,コース○,枠脚質○,直近○",133,17%,22%,30%,西村真幸,ノーザンＦしがらき,1,342,9 %,20 %,29 %,6,0%,0%,33 %,牝,3,普,普,中標,○,広馬場向,脚捌き△,上が掛○,ナダル,70,14%,23%,34%,67(ＣＷ),51(ＣＷ),39,コース終い重点,https://stride.get-luck.jp/member/race_viewer_test.php?racedate=20260830&racekey=07263409&jo=1&idpm=iFT66JycF8pFY,PASS
2026-08-30,中京,9,202607030409,07263409,16:45,9R ダ1800 ３歳未勝利(無料開放レース) 16:45,10,アキノビューティー,鮫島良太,5.0,3,超低速スタミナ,,86,Ａ,ＡＡ,1,40,40,0,2,20%,43 (11),56 (5),67 (1),68 (1),59 (4),9,12,最内,9,6,最内,1,0,大外,55,[先][続][瞬],50,,22,0%,27%,32%,河嶋宏樹,大山ヒルズ,2,69,9 %,19 %,26 %,2,0%,50%,50 %,牝,3,普,普,中標,△,広馬場向,,,ゴールドドリーム,36,3%,14%,17%,,17(栗坂),40,坂路平均,https://stride.get-luck.jp/member/race_viewer_test.php?racedate=20260830&racekey=07263409&jo=1&idpm=iFT66JycF8pFY,PASS
2026-08-30,中京,9,202607030409,07263409,16:45,9R ダ1800 ３歳未勝利(無料開放レース) 16:45,11,スマートエトワール,川端海翼,59.7,14,超低速底力,カスリ,50,Ｄ,Ｄ,10,32,30,-18,7,0%,55 (6),55 (6),50 (7),50 (10),50 (9),3,5,最内,5,2,最内,10,11,内,52,[瞬],40,,55,4%,7%,11%,辻野泰之,吉澤Ｓ－ＷＥＳＴ,2,15,13 %,20 %,27 %,,,,,牝,3,短,短,小標,○,左回り○,,,ドレフォン,351,11%,18%,29%,45(ＣＷ),32(栗坂),30,坂路平均,https://stride.get-luck.jp/member/race_viewer_test.php?racedate=20260830&racekey=07263409&jo=1&idpm=iFT66JycF8pFY,PASS
2026-08-30,中京,9,202607030409,07263409,16:45,9R ダ1800 ３歳未勝利(無料開放レース) 16:45,12,ローズラフィネ,坂井瑠星,3.1,1,高速持続,,82,Ｃ,Ｓ,2,35,50,5,1,25%,52 (7),51 (9),48 (9),53 (7),54 (7),7,9,最内,8,4,最内,2,1,外,55,[先][続][瞬],62,"調教師○,コース○,枠脚質×,直近◎",137,19%,31%,43%,友道康夫,ドラゴンファーム,2,7,0 %,14 %,14 %,,,,,牝,3,普,普,中標,○,根性有り,芝向き,,エピファネイア,179,8%,17%,23%,17(ＣＷ),70(栗坂),50,併用平均,https://stride.get-luck.jp/member/race_viewer_test.php?racedate=20260830&racekey=07263409&jo=1&idpm=iFT66JycF8pFY,PASS
2026-08-30,中京,9,202607030409,07263409,16:45,9R ダ1800 ３歳未勝利(無料開放レース) 16:45,13,バトルセレーネ,田口貫太,42.9,12,中速瞬発,,39,Ｄ,Ｄ,14,17,39,-24,13,0%,59 (2),57 (3),49 (8),34 (15),32 (14),4,6,内,4,1,中,14,14,中,55,,43,"コース○,枠脚質×,直近▲",70,6%,11%,21%,吉村圭司,吉澤Ｓ－ＷＥＳＴ,1,168,10 %,15 %,21 %,2,0%,0%,0 %,牝,3,普,普,中標,○,,,,ベンバトル,2,50%,50%,50%,54(ＣＷ),67(栗坂),39,併用平均,https://stride.get-luck.jp/member/race_viewer_test.php?racedate=20260830&racekey=07263409&jo=1&idpm=iFT66JycF8pFY,PASS
2026-08-30,中京,9,202607030409,07263409,16:45,9R ダ1800 ３歳未勝利(無料開放レース) 16:45,14,レウコテア,富田暁,19.2,6,低速持続,カスリ,48,Ｄ,Ｄ,11,24,37,-19,9,0%,43 (10),41 (12),47 (11),56 (4),59 (3),13,14,内,12,10,内,11,12,外,55,[先][追][続][瞬],51,"コース×,枠脚質×,直近◎",97,3%,7%,18%,西園翔太,社台ファーム鈴鹿,1,10,10 %,20 %,30 %,1,0%,0%,100 %,牝,3,短,短,中標ベ,○,砂被る×,腰甘い,,ゴールドシップ,72,4%,4%,10%,58(ＣＷ),55(栗坂),37,併用平均,https://stride.get-luck.jp/member/race_viewer_test.php?racedate=20260830&racekey=07263409&jo=1&idpm=iFT66JycF8pFY,PASS
2026-08-30,中京,9,202607030409,07263409,16:45,9R ダ1800 ３歳未勝利(無料開放レース) 16:45,15,ラミアスペランツァ,北村友一,15.9,5,超低速持続,ピッタリ,73,Ｃ,Ｓ,5,32,44,-4,5,25%,58 (5),54 (7),45 (12),47 (11),49 (10),6,7,最内,6,2,内,5,4,中,55,[先][続][瞬],64,"馬主○,直近○",36,17%,31%,33%,宮地貴稔,ノーザンＦしがらき,1,22,9 %,18 %,27 %,3,0%,0%,0 %,牝,3,短,短,小標,△,ダ大丈夫,腰甘い,,キタサンブラック,124,10%,18%,28%,52(栗坂),64(栗坂),44,坂路平均,https://stride.get-luck.jp/member/race_viewer_test.php?racedate=20260830&racekey=07263409&jo=1&idpm=iFT66JycF8pFY,PASS
2026-08-30,中京,10,202607030410,07263410,17:15,10R 芝2000 ３歳上１勝クラス 17:15,1,リアルセンター,団野大成,21.8,8,中速持続,カスリ,77,Ｂ,Ｓ,2,49,54,-7,3,6%,53 (6),57 (3),52 (5),51 (5),48 (6),6,8,内,4,2,内,2,5,内,56,[追],48,"コース○,枠脚質○,直近▲",91,8%,16%,24%,千葉直人,ＫＳトレーニングＣ,1,21,5 %,5 %,5 %,4,0%,0%,0 %,牝,5,短,普,中ベ,△,良脚少し,荒馬場○,追頭上る,ゴールドシップ,162,4%,12%,19%,61(南Ｗ),59(美坂),54,併用平均,https://stride.get-luck.jp/member/race_viewer_test.php?racedate=20260830&racekey=07263410&jo=1&idpm=iFT66JycF8pFY,PASS
2026-08-30,中京,10,202607030410,07263410,17:15,10R 芝2000 ３歳上１勝クラス 17:15,2,エテルノレガーメ,富田暁,14.9,6,超低速スタミナ,,56,Ｄ,Ｄ,7,46,54,-10,5,0%,47 (7),52 (6),53 (3),52 (4),49 (5),7,9,最内,6,4,最内,7,11,内,58,[先][追][続][瞬],55,"馬主○,直近◎",63,5%,10%,17%,野中賢二,社台ファーム鈴鹿,1,9,11 %,22 %,33 %,1,0%,0%,0 %,牡,4,長,長,中標,○,一本調子,ダ向き,大トビ,キズナ,417,12%,20%,29%,67(栗坂),60(栗坂),54,坂路平均,https://stride.get-luck.jp/member/race_viewer_test.php?racedate=20260830&racekey=07263410&jo=1&idpm=iFT66JycF8pFY,PASS
2026-08-30,中京,10,202607030410,07263410,17:15,10R 芝2000 ３歳上１勝クラス 17:15,3,サイモンノーブル,森田誠也,35.2,9,中速バランス,ピッタリ,29,Ｄ,Ｄ,10,35,35,-40,10,30%,54 (5),30 (10),35 (10),35 (10),39 (10),4,7,最内,7,10,最内,10,19,内,55,,42,,9,0%,0%,0%,梅田智之,浅井牧場,1,82,1 %,4 %,7 %,1,0%,0%,0 %,牡,4,普,普,中標,△,気難しい,集中力×,,ハービンジャー,286,9%,15%,23%,,56(栗坂),35,坂路終い重点,https://stride.get-luck.jp/member/race_viewer_test.php?racedate=20260830&racekey=07263410&jo=1&idpm=iFT66JycF8pFY,PASS
2026-08-30,中京,10,202607030410,07263410,17:15,10R 芝2000 ３歳上１勝クラス 17:15,4,バーバラップ,田山旺佑,18.9,7,中速バランス,ピッタリ,51,Ｄ,Ｄ,8,46,54,-10,6,67%,54 (4),57 (2),50 (6),46 (6),41 (7),5,7,中,2,1,中,8,13,中,54,,47,直近○,27,4%,22%,30%,小崎憲,キャニオンファーム土山,2,26,0 %,12 %,23 %,,,,,牡,3,普,普,中標ベ,△,体質弱い,追頭上る,,ルーラーシップ,245,9%,16%,21%,,,54,,https://stride.get-luck.jp/member/race_viewer_test.php?racedate=20260830&racekey=07263410&jo=1&idpm=iFT66JycF8pFY,PASS
2026-08-30,中京,10,202607030410,07263410,17:15,10R 芝2000 ３歳上１勝クラス 17:15,5,バークシャーシチー,松若風馬,12.6,5,中速瞬発,カスリ,72,Ｃ,Ｓ,4,48,55,-7,4,67%,38 (8),34 (9),52 (4),59 (3),68 (1),8,18,最内,10,15,最内,4,6,外,55,[先][追][瞬],49,"コース×,枠脚質○,直近○",72,6%,21%,28%,牧田和弥,吉澤Ｓ－ＷＥＳＴ,1,211,3 %,8 %,10 %,2,50%,50%,50 %,牡,3,普,普,小標,○,腰甘い,,,モズアスコット,40,8%,13%,28%,48(ＣＷ),59(栗坂),55,併用平均,https://stride.get-luck.jp/member/race_viewer_test.php?racedate=20260830&racekey=07263410&jo=1&idpm=iFT66JycF8pFY,PASS
2026-08-30,中京,10,202607030410,07263410,17:15,10R 芝2000 ３歳上１勝クラス 17:15,6,レッドヴァリアート,西村淳也,4.8,3,低速バランス,カスリ,66,Ｃ,Ｄ,5,50,55,-5,2,6%,36 (10),56 (4),66 (1),64 (1),58 (3),10,20,最内,9,11,内,5,8,外,58,[先][追][瞬],50,"コース×,枠脚質○,直近○",88,10%,22%,31%,加藤公太,社台ファーム鈴鹿,3,3,0 %,0 %,0 %,1,0%,0%,0 %,牡,4,短,短,小ベ,△,脚使処難,小回向き,折合○,ルーラーシップ,245,9%,16%,21%,46(栗坂),41(栗坂),55,坂路平均,https://stride.get-luck.jp/member/race_viewer_test.php?racedate=20260830&racekey=07263410&jo=1&idpm=iFT66JycF8pFY,PASS
2026-08-30,中京,10,202607030410,07263410,17:15,10R 芝2000 ３歳上１勝クラス 17:15,7,シュエットアムール,角田大和,44.3,10,中速底力,,38,Ｄ,Ｄ,9,39,40,-31,9,0%,62 (2),50 (7),40 (8),39 (9),41 (9),2,1,最内,3,2,最内,9,17,最内,56,[久],36,"馬主○,直近×",48,0%,8%,17%,加藤和宏,阿見トレセン,1,26,0 %,0 %,0 %,,,,,牝,4,短,短,小標,△,腰甘い,平地力×,,ゴールドシップ,162,4%,12%,19%,2(美坂),57(美坂),40,坂路平均,https://stride.get-luck.jp/member/race_viewer_test.php?racedate=20260830&racekey=07263410&jo=1&idpm=iFT66JycF8pFY,PASS
2026-08-30,中京,10,202607030410,07263410,17:15,10R 芝2000 ３歳上１勝クラス 17:15,8,ゼンノインヴォーク,幸英明,3.5,2,低速底力,,77,Ｂ,Ｃ,3,54,55,-1,1,0%,38 (9),56 (5),64 (2),64 (2),61 (2),9,19,内,8,11,中,3,5,大外,58,[追][久][続],43,"コース×,枠脚質×,直近○",129,5%,16%,29%,緒方努,名張ホースランドＰ,4,,,,,,,,,セ,7,短,短,中標起,◎,展開待ち,落着ほし,上が掛○,シルバーステート,202,10%,17%,27%,,52(ＣＷ),55,コース平均,https://stride.get-luck.jp/member/race_viewer_test.php?racedate=20260830&racekey=07263410&jo=1&idpm=iFT66JycF8pFY,PASS
2026-08-30,中京,10,202607030410,07263410,17:15,10R 芝2000 ３歳上１勝クラス 17:15,9,ロードメルヴェイユ,吉村誠之助,7.6,4,中速持続,カスリ,56,Ｄ,Ｄ,6,44,51,-15,8,0%,64 (1),50 (8),38 (9),44 (8),54 (4),1,0,内,5,4,内,6,11,最内,55,,57,直近◎,49,4%,10%,22%,長谷川浩大,キャニオンファーム土山,1,14,7 %,29 %,29 %,2,50%,50%,50 %,牡,3,普,普,中標,◎,根性有り,良脚長使,,ロードカナロア,377,13%,20%,27%,60(栗坂),54(栗坂),51,坂路平均,https://stride.get-luck.jp/member/race_viewer_test.php?racedate=20260830&racekey=07263410&jo=1&idpm=iFT66JycF8pFY,PASS
2026-08-30,中京,10,202607030410,07263410,17:15,10R 芝2000 ３歳上１勝クラス 17:15,10,ロードスタニング,坂井瑠星,2.3,1,中速瞬発,カスリ,95,ＡＡ,Ａ,1,45,55,-10,7,0%,55 (3),58 (1),50 (7),46 (7),41 (8),3,6,内,1,0,最内,1,0,最内,55,[先][続][瞬],72,"馬主○,コース○,枠脚質○,直近◎",98,18%,30%,41%,杉山晴紀,チャンピオンヒルズ,1,555,17 %,29 %,39 %,4,25%,75%,75 %,牡,3,普,普,中標,△,,,,コントレイル,54,11%,33%,39%,61(ＣＷ),52(ＣＷ),55,併用平均,https://stride.get-luck.jp/member/race_viewer_test.php?racedate=20260830&racekey=07263410&jo=1&idpm=iFT66JycF8pFY,PASS
2026-08-30,中京,11,202607030411,07263411,17:45,11R 芝1400 ３歳未勝利 17:45,1,プリモマーレ,中井裕二,33.9,11,,,22,Ｄ,Ｄ,18,18,43,-27,17,,31 (18),36 (17),60 (5),30 (18),27 (18),18,11,内,18,10,中,18,19,中,55,[続][瞬],48,,22,0%,5%,14%,中内田充正,ノーザンＦしがらき,1,328,18 %,30 %,41 %,,,,,牝,3,,,,,,,,ロードカナロア,377,13%,20%,27%,46(栗坂),55(栗坂),43,坂路平均,https://stride.get-luck.jp/member/race_viewer_test.php?racedate=20260830&racekey=07263411&jo=1&idpm=iFT66JycF8pFY,PASS
2026-08-30,中京,11,202607030411,07263411,17:45,11R 芝1400 ３歳未勝利 17:45,2,トウカイジーク,菱田裕二,25.8,8,超高速持続,,64,Ｃ,Ｓ,6,44,44,0,5,40%,56 (6),55 (7),47 (11),52 (10),53 (10),9,5,内,8,5,中,6,7,最内,57,[先][瞬],42,"コース×,枠脚質×,直近▲",51,0%,14%,18%,野中賢二,グリーンウッド,4,8,0 %,0 %,0 %,,,,,牡,3,短,短,中標ベ,△,腰甘い,軟ら芝×,ブ効果○,マクフィ,55,4%,22%,24%,,36(栗坂),44,坂路終い重点,https://stride.get-luck.jp/member/race_viewer_test.php?racedate=20260830&racekey=07263411&jo=1&idpm=iFT66JycF8pFY,PASS
2026-08-30,中京,11,202607030411,07263411,17:45,11R 芝1400 ３歳未勝利 17:45,3,シャンデリュイーズ,富田暁,39.3,14,高速スタミナ,カスリ,43,Ｄ,Ｄ,16,35,36,-17,15,14%,59 (4),54 (8),41 (14),36 (16),40 (16),3,1,内,5,3,内,16,13,内,55,[先][追][続][瞬],49,"コース×,枠脚質×,直近◎",41,5%,10%,20%,小栗実,グリーンウッド,1,26,4 %,15 %,31 %,2,0%,50%,100 %,牝,3,短,短,中標,○,落着ほし,ブ効果○,,ダノンキングリー,10,0%,10%,10%,49(栗坂),50(栗坂),36,坂路平均,https://stride.get-luck.jp/member/race_viewer_test.php?racedate=20260830&racekey=07263411&jo=1&idpm=iFT66JycF8pFY,PASS
2026-08-30,中京,11,202607030411,07263411,17:45,11R 芝1400 ３歳未勝利 17:45,4,メイショウトライオ,太宰啓介,78.0,17,,,26,Ｄ,Ｄ,17,18,43,-27,18,,31 (17),36 (16),60 (4),30 (17),27 (17),17,11,最内,17,10,内,17,18,内,55,[先][瞬],54,馬主○,16,0%,6%,6%,石橋守,キャニオンファーム土山,1,193,11 %,18 %,25 %,,,,,牝,3,,,,,,,,リオンディーズ,200,4%,14%,24%,57(栗坂),53(栗坂),43,併用平均,https://stride.get-luck.jp/member/race_viewer_test.php?racedate=20260830&racekey=07263411&jo=1&idpm=iFT66JycF8pFY,PASS
2026-08-30,中京,11,202607030411,07263411,17:45,11R 芝1400 ３歳未勝利 17:45,5,バルフルール,角田大和,11.6,5,超高速スタミナ,,67,Ｃ,Ａ,3,46,31,-11,11,0%,59 (5),59 (4),48 (10),53 (9),54 (6),6,3,内,4,1,内,3,6,内,55,[久],37,"馬主○,コース×,枠脚質○,直近×",54,0%,4%,13%,長谷川浩大,ノーザンＦしがらき,2,21,14 %,19 %,29 %,1,0%,0%,0 %,牝,3,普,普,中標,△,,,,サクソンウォリアー,18,11%,22%,39%,35(ＣＷ),33(ＣＷ),31,コース平均,https://stride.get-luck.jp/member/race_viewer_test.php?racedate=20260830&racekey=07263411&jo=1&idpm=iFT66JycF8pFY,PASS
2026-08-30,中京,11,202607030411,07263411,17:45,11R 芝1400 ３歳未勝利 17:45,6,ルーセントムーン,森田誠也,108.2,18,超高速スタミナ,,48,Ｄ,Ｄ,15,40,43,-5,9,14%,41 (15),29 (18),34 (18),50 (12),57 (4),14,9,最内,16,10,最内,15,12,中,54,,45,,8,0%,0%,0%,高橋一哉,宇治田原優駿Ｓ,1,95,6 %,13 %,18 %,4,0%,0%,0 %,牡,3,普,普,中標,△,ダート×,完歩小さ,腰甘い,インディチャンプ,5,20%,20%,20%,62(ＣＷ),57(栗坂),43,坂路平均,https://stride.get-luck.jp/member/race_viewer_test.php?racedate=20260830&racekey=07263411&jo=1&idpm=iFT66JycF8pFY,PASS
2026-08-30,中京,11,202607030411,07263411,17:45,11R 芝1400 ３歳未勝利 17:45,7,ハピネスサンライズ,松山弘平,14.4,7,超高速持続,,60,Ｄ,Ａ,10,46,40,-2,6,25%,63 (1),55 (5),37 (17),42 (15),48 (14),1,0,中,2,0,中,10,9,中,55,[先][続][瞬],59,"コース×,枠脚質×,直近▲",67,12%,25%,33%,東田明士,吉澤Ｓ－ＷＥＳＴ,3,12,0 %,17 %,17 %,1,0%,0%,0 %,牝,3,普,普,中標,○,集中力×,ブ効果○,ダート×,ダノンスマッシュ,16,0%,6%,19%,,49(栗坂),40,坂路テン重点,https://stride.get-luck.jp/member/race_viewer_test.php?racedate=20260830&racekey=07263411&jo=1&idpm=iFT66JycF8pFY,PASS
2026-08-30,中京,11,202607030411,07263411,17:45,11R 芝1400 ３歳未勝利 17:45,8,スイートポメロ,川須栄彦,49.4,16,超高速瞬発,,62,Ｃ,Ｓ,7,46,43,1,4,0%,50 (12),59 (3),64 (2),55 (4),49 (12),7,4,中,9,5,外,7,7,大外,55,[続][瞬],45,,33,3%,3%,9%,森田直行,ヒイラギステーブル（ａｗａｊｉ）,2,120,0 %,8 %,11 %,1,0%,0%,0 %,牝,3,短,短,小標ベ,△,突っ張る,腰甘い,左回り○,ダノンプレミアム,20,5%,15%,20%,,,43,,https://stride.get-luck.jp/member/race_viewer_test.php?racedate=20260830&racekey=07263411&jo=1&idpm=iFT66JycF8pFY,PASS
2026-08-30,中京,11,202607030411,07263411,17:45,11R 芝1400 ３歳未勝利 17:45,9,デルニエジョイ,田口貫太,35.2,13,中速スタミナ,,58,Ｄ,Ｄ,11,42,43,-3,7,0%,51 (9),48 (11),45 (12),51 (11),53 (9),5,3,最内,7,5,最内,11,9,大外,57,,40,"コース×,枠脚質×,直近▲",30,7%,7%,10%,鈴木孝志,ヒイラギステーブル（ａｗａｊｉ）,2,27,0 %,15 %,22 %,3,0%,0%,33 %,牡,3,普,普,中標,△,集中力×,素直,瞬発力×,シスキン,17,6%,24%,35%,,59(栗坂),43,坂路平均,https://stride.get-luck.jp/member/race_viewer_test.php?racedate=20260830&racekey=07263411&jo=1&idpm=iFT66JycF8pFY,PASS
2026-08-30,中京,11,202607030411,07263411,17:45,11R 芝1400 ３歳未勝利 17:45,10,プリュスエクラ,団野大成,29.5,10,超高速バランス,,49,Ｄ,Ｄ,14,41,35,-12,12,0%,61 (2),64 (2),53 (7),46 (14),45 (15),2,1,最内,3,0,最内,14,11,最内,55,[追],48,"馬主○,コース○,直近▲",77,8%,14%,26%,小林真也,山元トレセン,2,1,0 %,0 %,0 %,,,,,牝,3,普,普,小標ベ,△,脚外振走,芝軽い○,完歩小さ,エイシンフラッシュ,69,1%,6%,10%,,36(栗坂),35,坂路平均,https://stride.get-luck.jp/member/race_viewer_test.php?racedate=20260830&racekey=07263411&jo=1&idpm=iFT66JycF8pFY,PASS
2026-08-30,中京,11,202607030411,07263411,17:45,11R 芝1400 ３歳未勝利 17:45,11,リントゥラウル,幸英明,12.2,6,超高速持続,,65,Ｃ,Ａ,5,47,27,-14,13,0%,49 (13),42 (15),40 (15),59 (3),63 (1),13,8,中,14,8,内,5,7,外,57,[追][久][続],45,"コース×,枠脚質×,直近○",69,4%,9%,17%,秋山真一郎,大山ヒルズ,5,,,,,,,,,牡,3,普,普,中標,△,砂被る×,他馬気に,ダ大丈夫,キズナ,417,12%,20%,29%,,21(栗坂),27,坂路平均,https://stride.get-luck.jp/member/race_viewer_test.php?racedate=20260830&racekey=07263411&jo=1&idpm=iFT66JycF8pFY,PASS
2026-08-30,中京,11,202607030411,07263411,17:45,11R 芝1400 ３歳未勝利 17:45,12,ナデシコザクラ,秋山稔樹,35.1,12,超高速スタミナ,,50,Ｄ,Ｄ,13,42,19,-27,16,0%,51 (11),43 (14),39 (16),48 (13),53 (8),12,7,内,13,8,最内,13,11,外,55,[追][久],40,枠脚質○,36,3%,8%,17%,秋山真一郎,キャニオンファーム土山,1,68,4 %,10 %,19 %,2,0%,50%,100 %,牝,3,短,短,中標,○,平坦向き,ダート×,アテに×,ビーチパトロール,32,0%,0%,9%,25(栗坂),23(栗坂),19,坂路終い重点,https://stride.get-luck.jp/member/race_viewer_test.php?racedate=20260830&racekey=07263411&jo=1&idpm=iFT66JycF8pFY,PASS
2026-08-30,中京,11,202607030411,07263411,17:45,11R 芝1400 ３歳未勝利 17:45,13,パトローナス,吉村誠之助,6.5,4,超高速持続,,68,Ｃ,Ｄ,4,48,54,14,1,25%,51 (10),47 (12),44 (13),61 (2),62 (2),11,7,最内,10,6,内,4,7,中,57,,79,"馬主○,コース○,枠脚質×,直近◎",47,11%,17%,23%,高橋亮,ノーザンＦしがらき,2,25,4 %,16 %,40 %,1,0%,0%,0 %,セ,3,普,普,中標,△,集中力×,,,フィエールマン,35,9%,17%,20%,,,54,,https://stride.get-luck.jp/member/race_viewer_test.php?racedate=20260830&racekey=07263411&jo=1&idpm=iFT66JycF8pFY,PASS
2026-08-30,中京,11,202607030411,07263411,17:45,11R 芝1400 ３歳未勝利 17:45,14,モカプウイング,田山旺佑,26.4,9,超高速底力,カスリ,51,Ｄ,Ｄ,12,42,32,-14,14,0%,52 (8),51 (10),49 (9),55 (6),55 (5),10,6,中,12,7,外,12,11,大外,54,,49,直近○,17,12%,18%,24%,加藤公太,社台ファーム鈴鹿,3,3,0 %,0 %,0 %,,,,,牝,3,普,普,中標ベ,△,左回り○,,,マインドユアビスケッツ,50,6%,12%,18%,,26(栗坂),32,坂路平均,https://stride.get-luck.jp/member/race_viewer_test.php?racedate=20260830&racekey=07263411&jo=1&idpm=iFT66JycF8pFY,PASS
2026-08-30,中京,11,202607030411,07263411,17:45,11R 芝1400 ３歳未勝利 17:45,15,ミッキーラヴィータ,西村淳也,3.8,1,超高速底力,カスリ,89,Ａ,Ｓ,1,49,44,5,3,40%,46 (14),54 (9),62 (3),67 (1),61 (3),15,9,内,11,7,中,1,0,中,55,[先][追][瞬],59,"コース○,枠脚質○,直近○",60,10%,30%,37%,高橋亮,ノーザンＦしがらき,1,63,3 %,8 %,24 %,4,0%,25%,75 %,牝,3,普,普,中標,○,勝負モタ,,,モーリス,338,10%,17%,28%,34(栗坂),2(ＣＷ),44,併用終い重点,https://stride.get-luck.jp/member/race_viewer_test.php?racedate=20260830&racekey=07263411&jo=1&idpm=iFT66JycF8pFY,PASS
2026-08-30,中京,11,202607030411,07263411,17:45,11R 芝1400 ３歳未勝利 17:45,16,ボールドペイト,松若風馬,48.3,15,超高速瞬発,,59,Ｄ,Ｄ,8,45,34,-9,10,20%,35 (16),45 (13),65 (1),55 (5),49 (13),16,10,中,15,9,外,8,8,内,57,[先][追][瞬],44,"コース×,枠脚質×,直近○",62,5%,15%,29%,千田輝彦,浅井牧場,2,8,0 %,0 %,0 %,1,0%,0%,0 %,牡,3,普,普,中標,△,集中力×,気悪,,アメリカンペイトリオット,59,2%,10%,20%,,,34,,https://stride.get-luck.jp/member/race_viewer_test.php?racedate=20260830&racekey=07263411&jo=1&idpm=iFT66JycF8pFY,PASS
2026-08-30,中京,11,202607030411,07263411,17:45,11R 芝1400 ３歳未勝利 17:45,17,カルロット,坂井瑠星,4.6,2,超高速底力,カスリ,73,Ｃ,Ｄ,2,45,50,7,2,22%,53 (7),55 (6),51 (8),55 (7),54 (7),8,5,最内,6,3,最内,2,4,最内,57,[先][続][瞬],55,"コース○,枠脚質×,直近◎",53,19%,21%,36%,武幸四郎,ノーザンＦしがらき,1,378,12 %,22 %,32 %,5,0%,20%,40 %,牡,3,普,普,中標,○,アテに×,器用さ欠,ダ大丈夫,リオンディーズ,200,4%,14%,24%,58(ＣＷ),65(栗坂),50,併用平均,https://stride.get-luck.jp/member/race_viewer_test.php?racedate=20260830&racekey=07263411&jo=1&idpm=iFT66JycF8pFY,PASS
2026-08-30,中京,11,202607030411,07263411,17:45,11R 芝1400 ３歳未勝利 17:45,18,エコロディアン,Ｍ．デムーロ,5.5,3,超高速スタミナ,,61,Ｄ,Ｄ,9,47,36,-5,8,0%,61 (3),67 (1),59 (6),54 (8),50 (11),4,2,中,1,0,外,9,9,外,55,[先][追][瞬],61,"コース○,枠脚質×",27,11%,26%,41%,牧浦充徳,ノーザンＦしがらき,2,15,7 %,7 %,20 %,1,0%,0%,0 %,牝,3,普,普,中標ベ,△,腰甘い,,,シスキン,17,6%,24%,35%,18(栗坂),39(栗坂),36,坂路平均,https://stride.get-luck.jp/member/race_viewer_test.php?racedate=20260830&racekey=07263411&jo=1&idpm=iFT66JycF8pFY,PASS
2026-08-30,中京,12,202607030412,07263412,18:15,12R ダ1200 ３歳上１勝クラス 18:15,1,ヴォンドゥ,森田誠也,7.7,4,中速持続,,78,Ｂ,Ｓ,3,52,58,6,1,0%,51 (7),49 (8),45 (10),63 (2),64 (1),7,10,内,7,10,内,3,1,外,51,,54,,11,0%,0%,0%,小栗実,吉澤Ｓ－ＷＥＳＴ,2,31,0 %,16 %,23 %,2,0%,0%,0 %,牝,3,短,短,細標ベ,○,右モタレ,完歩小さ,腰甘い,ルヴァンスレーヴ,13,8%,8%,15%,65(ＣＷ),31(ＣＷ),58,コース平均,https://stride.get-luck.jp/member/race_viewer_test.php?racedate=20260830&racekey=07263412&jo=1&idpm=iFT66JycF8pFY,PASS
2026-08-30,中京,12,202607030412,07263412,18:15,12R ダ1200 ３歳上１勝クラス 18:15,2,オンザノアール,幸英明,11.5,5,低速持続,,61,Ｄ,Ｃ,6,41,59,-4,5,20%,47 (9),51 (6),60 (3),54 (7),49 (9),9,11,最内,8,11,最内,6,6,内,54,[追][久][続],56,"コース○,枠脚質×,直近○",104,8%,14%,25%,佐藤悠太,社台ファーム鈴鹿,2,6,17 %,17 %,33 %,1,0%,0%,100 %,牝,3,普,普,小標,○,ダ向き,,,インディチャンプ,,,,,,66(ＣＷ),59,コース終い重点,https://stride.get-luck.jp/member/race_viewer_test.php?racedate=20260830&racekey=07263412&jo=1&idpm=iFT66JycF8pFY,PASS
2026-08-30,中京,12,202607030412,07263412,18:15,12R ダ1200 ３歳上１勝クラス 18:15,3,アーガイルショア,北村友一,5.3,3,中速スタミナ,ピッタリ,72,Ｃ,Ｃ,4,48,56,0,4,44%,54 (5),57 (3),55 (5),57 (4),54 (4),4,8,内,4,8,内,4,2,中,54,[先][続][瞬],69,"馬主○,枠脚質×,直近○",14,7%,14%,21%,安田翔伍,宇治田原優駿Ｓ,2,39,8 %,23 %,38 %,3,33%,67%,100 %,牝,3,短,短,小ベ,◎,ダ向き,腰甘い,内枠○,ナダル,15,7%,7%,20%,,62(栗坂),56,坂路平均,https://stride.get-luck.jp/member/race_viewer_test.php?racedate=20260830&racekey=07263412&jo=1&idpm=iFT66JycF8pFY,PASS
2026-08-30,中京,12,202607030412,07263412,18:15,12R ダ1200 ３歳上１勝クラス 18:15,4,サヨノパララックス,川須栄彦,29.3,10,低速スタミナ,カスリ,49,Ｄ,Ｄ,9,42,44,-18,10,33%,53 (6),54 (5),52 (7),47 (10),46 (13),6,9,最内,6,9,最内,9,9,内,56,[続][瞬],53,"コース○,枠脚質○",69,4%,13%,22%,羽月友彦,宇治田原優駿Ｓ,3,48,10 %,13 %,21 %,1,100%,100%,100 %,牡,3,普,普,中標,◎,芝大丈夫,ハナ拘ず,右モタレ,ミッキーアイル,79,13%,23%,29%,49(栗坂),41(栗坂),44,坂路平均,https://stride.get-luck.jp/member/race_viewer_test.php?racedate=20260830&racekey=07263412&jo=1&idpm=iFT66JycF8pFY,PASS
2026-08-30,中京,12,202607030412,07263412,18:15,12R ダ1200 ３歳上１勝クラス 18:15,5,モノノケ,酒井学,46.2,12,超高速底力,,49,Ｄ,Ｄ,8,38,51,-15,8,0%,46 (10),37 (13),31 (14),38 (13),48 (10),11,12,中,12,13,中,8,9,大外,54,[先][追],46,枠脚質○,60,5%,7%,12%,宮地貴稔,エクワインＲ,3,,,,,,,,,牝,3,普,普,小標ベ,△,砂被る×,,,マテラスカイ,3,33%,33%,33%,40(栗坂),59(栗坂),51,坂路平均,https://stride.get-luck.jp/member/race_viewer_test.php?racedate=20260830&racekey=07263412&jo=1&idpm=iFT66JycF8pFY,PASS
2026-08-30,中京,12,202607030412,07263412,18:15,12R ダ1200 ３歳上１勝クラス 18:15,6,ダノンステート,角田大和,17.6,7,超高速持続,,44,Ｄ,Ｄ,12,38,41,-25,12,0%,31 (14),36 (14),64 (1),58 (3),51 (7),14,18,最内,14,18,最内,12,11,最内,56,[久],31,"コース×,枠脚質×,直近×",68,4%,9%,13%,千田輝彦,吉澤Ｓ－ＷＥＳＴ,3,8,0 %,13 %,13 %,,,,,牡,3,普,普,小標,○,右モタレ,,,シルバーステート,27,7%,15%,26%,,,41,,https://stride.get-luck.jp/member/race_viewer_test.php?racedate=20260830&racekey=07263412&jo=1&idpm=iFT66JycF8pFY,PASS
2026-08-30,中京,12,202607030412,07263412,18:15,12R ダ1200 ３歳上１勝クラス 18:15,7,ミスヘンリー,柴田裕一郎,23.1,9,中速スタミナ,ピッタリ,46,Ｄ,Ｄ,10,38,51,-15,9,50%,55 (4),55 (4),49 (9),46 (11),46 (12),5,8,中,5,8,中,10,10,中,52,,52,,32,3%,9%,13%,羽月友彦,宇治田原優駿Ｓ,2,83,5 %,13 %,23 %,1,0%,0%,0 %,牝,3,普,普,小標,◎,,,,ヘニーヒューズ,117,7%,18%,26%,60(栗坂),58(栗坂),51,坂路平均,https://stride.get-luck.jp/member/race_viewer_test.php?racedate=20260830&racekey=07263412&jo=1&idpm=iFT66JycF8pFY,PASS
2026-08-30,中京,12,202607030412,07263412,18:15,12R ダ1200 ３歳上１勝クラス 18:15,8,レジェンダリーデイ,菱田裕二,31.7,11,中速スタミナ,ピッタリ,45,Ｄ,Ｄ,11,37,45,-22,11,38%,47 (8),48 (9),54 (6),49 (8),47 (11),8,10,中,9,11,中,11,10,外,58,[先][瞬],48,"枠脚質○,直近▲",50,10%,10%,14%,森田直行,ノルマンディーＦ小野町,1,15,13 %,13 %,13 %,1,0%,0%,0 %,セ,6,普,普,中標ベ,△,大トビ,腰甘い,気性若い,ダノンレジェンド,36,6%,8%,17%,48(ＣＷ),34(ＣＷ),45,併用平均,https://stride.get-luck.jp/member/race_viewer_test.php?racedate=20260830&racekey=07263412&jo=1&idpm=iFT66JycF8pFY,PASS
2026-08-30,中京,12,202607030412,07263412,18:15,12R ダ1200 ３歳上１勝クラス 18:15,9,メラヴィリオーザ,川端海翼,50.6,13,高速スタミナ,カスリ,40,Ｄ,Ｄ,13,36,38,-30,13,0%,45 (11),38 (12),37 (13),43 (12),49 (8),10,12,内,10,12,内,13,12,中,53,[瞬],39,枠脚質○,55,4%,9%,13%,秋山真一郎,優楽ステーブル（名張ＨＬＰ内）,3,1,0 %,0 %,0 %,1,0%,0%,0 %,牝,6,短,短,小標ベ,△,喉弱い,スピ無し,時計速×,ディーマジェスティ,19,5%,16%,21%,,42(ＣＷ),38,コース終い重点,https://stride.get-luck.jp/member/race_viewer_test.php?racedate=20260830&racekey=07263412&jo=1&idpm=iFT66JycF8pFY,PASS
2026-08-30,中京,12,202607030412,07263412,18:15,12R ダ1200 ３歳上１勝クラス 18:15,10,グラスゴー,田山旺佑,18.5,8,低速スタミナ,カスリ,58,Ｄ,Ｄ,7,44,49,-11,7,17%,56 (3),51 (7),39 (12),48 (9),53 (5),3,7,最内,3,7,最内,7,7,最内,53,,52,直近○,19,5%,32%,42%,浜田多実雄,キャニオンファーム土山,1,121,10 %,16 %,21 %,3,33%,33%,33 %,牝,3,短,短,中標,○,ダ向き,根性有り,恐がり,モズアスコット,19,11%,11%,16%,65(栗坂),54(栗坂),49,坂路終い重点,https://stride.get-luck.jp/member/race_viewer_test.php?racedate=20260830&racekey=07263412&jo=1&idpm=iFT66JycF8pFY,PASS
2026-08-30,中京,12,202607030412,07263412,18:15,12R ダ1200 ３歳上１勝クラス 18:15,11,ヒルノプーリア,秋山稔樹,3.3,2,中速底力,カスリ,80,Ｂ,Ｃ,1,56,52,4,2,0%,71 (1),69 (1),43 (11),54 (6),57 (3),1,0,最内,1,0,最内,1,0,最内,54,[追][久],41,調教師○,38,0%,0%,5%,北出成人,ワコーＦアカデミー,1,214,5 %,9 %,12 %,,,,,牝,3,短,短,中ベ,◎,腰甘い,気難しい,ハナ拘ず,ミスチヴィアスアレックス,5,20%,20%,20%,65(栗坂),53(栗坂),52,坂路平均,https://stride.get-luck.jp/member/race_viewer_test.php?racedate=20260830&racekey=07263412&jo=1&idpm=iFT66JycF8pFY,PASS
2026-08-30,中京,12,202607030412,07263412,18:15,12R ダ1200 ３歳上１勝クラス 18:15,12,ラヴネヴァーダイズ,松山弘平,3.2,1,低速底力,,78,Ｃ,ＡＡ,2,52,55,3,3,12%,63 (2),66 (2),55 (4),54 (5),52 (6),2,3,最内,2,3,最内,2,1,内,56,[先][続][瞬],66,"コース×,枠脚質×,直近▲",96,14%,26%,33%,渡辺薫彦,チャンピオンヒルズ,2,69,9 %,12 %,17 %,2,0%,0%,0 %,牡,3,普,普,中標,◎,一本調子,,,ミッキーアイル,79,13%,23%,29%,60(栗坂),61(ＣＷ),55,併用終い重点,https://stride.get-luck.jp/member/race_viewer_test.php?racedate=20260830&racekey=07263412&jo=1&idpm=iFT66JycF8pFY,PASS
2026-08-30,中京,12,202607030412,07263412,18:15,12R ダ1200 ３歳上１勝クラス 18:15,13,タイセイブロウ,田口貫太,17.2,6,中速スタミナ,ピッタリ,70,Ｃ,Ｓ,5,42,57,-5,6,47%,44 (12),44 (11),51 (8),64 (1),62 (2),12,13,最内,11,13,最内,5,3,大外,58,,44,"馬主○,枠脚質×,直近▲",26,8%,15%,19%,平田修,チャンピオンヒルズ,1,32,0 %,3 %,3 %,7,0%,0%,0 %,牡,5,短,短,大標ベ,◎,減量効○,脚抜ダ○,行たがる,キンシャサノキセキ,80,10%,18%,21%,67(栗坂),62(栗坂),57,坂路テン重点,https://stride.get-luck.jp/member/race_viewer_test.php?racedate=20260830&racekey=07263412&jo=1&idpm=iFT66JycF8pFY,PASS
2026-08-30,中京,12,202607030412,07263412,18:15,12R ダ1200 ３歳上１勝クラス 18:15,14,パワポケビー,中井裕二,52.1,14,超高速持続,,33,Ｄ,Ｄ,14,32,41,-31,14,4%,38 (13),44 (10),64 (2),26 (14),21 (14),13,15,最内,13,15,最内,14,14,最内,56,[続][瞬],50,,33,3%,12%,12%,森田直行,小松ＴＣ,1,10,10 %,10 %,10 %,,,,,牝,7,短,短,小標ベ,○,腰甘い,,,アポロキングダム,4,0%,0%,0%,47(ＣＷ),46(栗坂),41,坂路平均,https://stride.get-luck.jp/member/race_viewer_test.php?racedate=20260830&racekey=07263412&jo=1&idpm=iFT66JycF8pFY,PASS
2026-08-30,札幌,1,202601020401,01262401,10:00,1R ダ1700 ３歳未勝利 10:00,1,タガノシルフィー,横山和生,3.9,1,超低速持続,カスリ,70,Ｄ,Ｓ,3,51,40,11,2,0%,61 (1),72 (1),59 (3),46 (12),36 (13),3,1,内,1,0,最内,3,1,最内,55,[久][続],60,"コース×,直近○",112,13%,26%,47%,石橋守,宇治田原優駿Ｓ,6,,,,,,,,,牝,3,普,普,中標,○,気難しい,物見,根性有り,モーニン,26,0%,15%,27%,50(函Ｗ),60(札ダ),40,コース平均,https://stride.get-luck.jp/member/race_viewer_test.php?racedate=20260830&racekey=01262401&jo=2&idpm=iFT66JycF8pFY,PASS
2026-08-30,札幌,1,202601020401,01262401,10:00,1R ダ1700 ３歳未勝利 10:00,2,マーゴットクリュグ,松本大輝,11.5,7,超低速スタミナ,カスリ,71,Ｃ,Ｓ,2,48,40,8,4,22%,54 (7),58 (3),52 (7),53 (6),52 (8),8,7,最内,3,9,内,2,1,外,55,[先],44,,43,5%,9%,12%,小林真也,エクワインＲ,2,3,0 %,67 %,67 %,,,,,牝,3,短,短,小標ベ,△,滞競馬○,気難しい,腰甘い,ゴールドドリーム,20,5%,15%,20%,,54(札ダ),40,コース平均,https://stride.get-luck.jp/member/race_viewer_test.php?racedate=20260830&racekey=01262401&jo=2&idpm=iFT66JycF8pFY,PASS
2026-08-30,札幌,1,202601020401,01262401,10:00,1R ダ1700 ３歳未勝利 10:00,3,ゴーゴーエイミー,斎藤新,29.3,11,高速持続,,28,Ｄ,Ｄ,14,16,33,-31,14,33%,58 (2),48 (10),36 (14),21 (14),30 (14),2,1,最内,7,11,最内,14,14,最内,55,[追][続],49,"コース×,枠脚質○,直近◎",78,6%,14%,26%,東田明士,静内町,1,,,,,,,,,牝,3,普,普,中標,○,,,,モーニン,26,0%,15%,27%,63(函Ｗ),44(函Ｗ),33,コース平均,https://stride.get-luck.jp/member/race_viewer_test.php?racedate=20260830&racekey=01262401&jo=2&idpm=iFT66JycF8pFY,PASS
2026-08-30,札幌,1,202601020401,01262401,10:00,1R ダ1700 ３歳未勝利 10:00,4,テンレッドサン,横山武史,8.4,5,低速底力,カスリ,62,Ｃ,Ｃ,9,42,39,1,9,33%,57 (4),51 (7),40 (13),43 (13),52 (7),4,2,中,4,9,外,9,5,大外,55,[続][瞬],51,"コース○,枠脚質×,直近▲",148,18%,30%,39%,西園翔太,エクワインＲ,2,,,,,,,,,牝,3,短,短,小標起,○,小回向き,ダ大丈夫,腰甘い,ヘニーヒューズ,67,18%,28%,34%,,66(札ダ),39,コース終い重点,https://stride.get-luck.jp/member/race_viewer_test.php?racedate=20260830&racekey=01262401&jo=2&idpm=iFT66JycF8pFY,PASS
2026-08-30,札幌,1,202601020401,01262401,10:00,1R ダ1700 ３歳未勝利 10:00,5,サンセリテ,武豊,11.4,6,中速瞬発,,64,Ｃ,Ａ,10,33,40,-7,11,20%,33 (13),34 (14),58 (4),60 (2),55 (5),13,23,最内,13,28,最内,10,7,大外,55,[続][瞬],76,"馬主○,コース○,枠脚質×",89,20%,37%,47%,鹿戸雄一,ノーザンＦ空港,1,3,0 %,33 %,33 %,,,,,牝,3,短,短,小ベ,○,腰甘い,突っ張る,,コントレイル,6,0%,17%,17%,,55(函Ｗ),40,コース平均,https://stride.get-luck.jp/member/race_viewer_test.php?racedate=20260830&racekey=01262401&jo=2&idpm=iFT66JycF8pFY,PASS
2026-08-30,札幌,1,202601020401,01262401,10:00,1R ダ1700 ３歳未勝利 10:00,6,ビレッジルイーザ,丹内祐次,15.6,9,低速底力,カスリ,65,Ｃ,Ｓ,5,43,39,2,7,23%,53 (8),49 (8),43 (9),49 (9),56 (4),7,5,最内,8,11,内,5,2,中,55,[先][追],46,"コース○,枠脚質○,直近×",198,11%,25%,38%,伊藤圭三,オークヒルファーム,4,3,0 %,0 %,33 %,,,,,牝,3,短,短,中ベ,○,腰甘い,渋馬場○,ブ効果○,ノーブルミッション,5,0%,0%,20%,31(札ダ),56(札ダ),39,コース平均,https://stride.get-luck.jp/member/race_viewer_test.php?racedate=20260830&racekey=01262401&jo=2&idpm=iFT66JycF8pFY,PASS
2026-08-30,札幌,1,202601020401,01262401,10:00,1R ダ1700 ３歳未勝利 10:00,7,エリカビアリッツ,鮫島克駿,6.0,3,低速底力,カスリ,72,Ｃ,Ｂ,1,46,42,8,5,0%,56 (6),52 (5),42 (11),52 (7),60 (2),5,3,最内,6,9,最内,1,0,中,55,[先][瞬],54,"馬主○,コース×,枠脚質×",119,8%,19%,30%,堀宣行,グランド牧場,1,,,,,,,,,牝,3,短,短,中標ベ,◎,,,,キズナ,49,16%,27%,27%,66(函ダ),59(函Ｗ),42,コース平均,https://stride.get-luck.jp/member/race_viewer_test.php?racedate=20260830&racekey=01262401&jo=2&idpm=iFT66JycF8pFY,PASS
2026-08-30,札幌,1,202601020401,01262401,10:00,1R ダ1700 ３歳未勝利 10:00,8,タガノラヴズワン,和田陽希,29.9,12,超低速持続,カスリ,40,Ｄ,Ｄ,13,36,39,-5,10,0%,44 (11),45 (11),54 (5),56 (5),54 (6),11,15,最内,12,19,最内,13,10,中,52,,45,,40,3%,8%,10%,平田修,宇治田原優駿Ｓ,1,26,4 %,12 %,15 %,4,0%,25%,25 %,牝,3,普,普,小標,○,ダ大丈夫,良脚長使,,ヤマカツエース,2,0%,0%,0%,48(函Ｗ),55(函Ｗ),39,コース平均,https://stride.get-luck.jp/member/race_viewer_test.php?racedate=20260830&racekey=01262401&jo=2&idpm=iFT66JycF8pFY,PASS
2026-08-30,札幌,1,202601020401,01262401,10:00,1R ダ1700 ３歳未勝利 10:00,9,セントピュアベース,荻野琢真,46.7,14,低速底力,カスリ,47,Ｄ,Ｄ,11,39,30,-11,12,14%,51 (9),49 (9),46 (8),47 (11),50 (10),10,9,最内,9,15,最内,11,8,内,55,[先][続][瞬],44,枠脚質×,54,6%,9%,13%,藤野健太,キャニオンファーム土山,2,21,5 %,5 %,5 %,1,0%,0%,0 %,牝,3,普,普,中標,△,一頭気抜,首使い×,完歩小さ,クリソベリル,23,13%,17%,22%,,29(函Ｗ),30,コース終い重点,https://stride.get-luck.jp/member/race_viewer_test.php?racedate=20260830&racekey=01262401&jo=2&idpm=iFT66JycF8pFY,PASS
2026-08-30,札幌,1,202601020401,01262401,10:00,1R ダ1700 ３歳未勝利 10:00,10,モンテパステル,古川吉洋,46.2,13,超低速底力,ピッタリ,42,Ｄ,Ｄ,12,18,31,-31,13,100%,26 (14),35 (13),71 (1),56 (4),37 (12),14,30,最内,14,31,最内,12,9,外,55,[続][瞬],47,"コース×,枠脚質○,直近◎",120,5%,11%,17%,四位洋文,ノーザンＦしがらき,1,115,10 %,27 %,39 %,1,0%,0%,0 %,牝,3,普,普,中標,△,,,,ルヴァンスレーヴ,51,10%,20%,27%,49(函Ｗ),38(函Ｗ),31,コース平均,https://stride.get-luck.jp/member/race_viewer_test.php?racedate=20260830&racekey=01262401&jo=2&idpm=iFT66JycF8pFY,PASS
2026-08-30,札幌,1,202601020401,01262401,10:00,1R ダ1700 ３歳未勝利 10:00,11,ウォータースパウト,吉田隼人,5.7,2,低速底力,カスリ,70,Ｃ,Ｂ,4,48,44,12,1,0%,57 (5),51 (6),41 (12),49 (8),58 (3),6,3,内,5,9,中,4,1,大外,55,[追],39,"コース○,枠脚質×,直近▲",75,8%,17%,23%,小笠倫弘,エスティＦ小見川,5,1,0 %,0 %,0 %,,,,,牝,3,短,短,中標ベ,△,スタミ○,気悪,ズブイ,ルヴァンスレーヴ,51,10%,20%,27%,,50(札ダ),44,コース平均,https://stride.get-luck.jp/member/race_viewer_test.php?racedate=20260830&racekey=01262401&jo=2&idpm=iFT66JycF8pFY,PASS
2026-08-30,札幌,1,202601020401,01262401,10:00,1R ダ1700 ３歳未勝利 10:00,12,ブライトエンジェル,川又賢治,7.0,4,低速バランス,,66,Ｃ,Ｄ,6,49,41,10,3,0%,49 (10),42 (12),43 (10),57 (3),66 (1),9,8,内,10,15,内,6,3,大外,55,[先][続][瞬],35,,30,0%,3%,7%,角田晃一,大山ヒルズ,4,6,17 %,67 %,67 %,,,,,牝,3,普,普,中標,○,ズブイ,フワフワ,完歩小さ,コントレイル,6,0%,17%,17%,,46(札ダ),41,コース平均,https://stride.get-luck.jp/member/race_viewer_test.php?racedate=20260830&racekey=01262401&jo=2&idpm=iFT66JycF8pFY,PASS
2026-08-30,札幌,1,202601020401,01262401,10:00,1R ダ1700 ３歳未勝利 10:00,13,ジーティービキニ,小林美駒,16.0,10,超低速バランス,,63,Ｃ,Ｓ,8,47,39,6,6,0%,57 (3),62 (2),53 (6),48 (10),45 (11),1,0,中,2,2,最内,8,3,内,52,,56,"コース○,直近○",52,13%,25%,35%,松下武士,ノーザンＦしがらき,3,20,0 %,5 %,5 %,2,0%,50%,50 %,牝,3,普,普,中標,○,ブ効果○,砂被る○,一本調子,キズナ,49,16%,27%,27%,67(札ダ),55(札ダ),39,コース平均,https://stride.get-luck.jp/member/race_viewer_test.php?racedate=20260830&racekey=01262401&jo=2&idpm=iFT66JycF8pFY,PASS
2026-08-30,札幌,1,202601020401,01262401,10:00,1R ダ1700 ３歳未勝利 10:00,14,コイバナ,浜中俊,12.3,8,低速スタミナ,,63,Ｃ,Ａ,7,42,40,2,8,0%,44 (12),52 (4),62 (2),61 (1),51 (9),12,15,内,11,16,中,7,3,外,55,[先][追][続][瞬],54,"枠脚質○,直近○",53,9%,23%,25%,渡辺薫彦,エクワインＲ,2,,,,,,,,,牝,3,普,普,中標,△,完歩小さ,,,モズアスコット,9,22%,67%,67%,,51(札ダ),40,コース平均,https://stride.get-luck.jp/member/race_viewer_test.php?racedate=20260830&racekey=01262401&jo=2&idpm=iFT66JycF8pFY,PASS
2026-08-30,札幌,2,202601020402,01262402,10:30,2R 芝1200 ２歳未勝利 10:30,1,アワードリームス,石川倭,35.7,11,中速バランス,,49,Ｄ,Ｄ,9,18,37,-21,12,0%,45 (9),58 (2),65 (1),31 (14),28 (14),13,15,最内,11,5,中,9,12,大外,55,,50,,8,13%,13%,13%,中村直也,加藤ステーブル,1,,,,,,,,,牝,2,普,普,小標,△,,,,ミラアイトーン,1,0%,0%,0%,,66(札ダ),37,コース平均,https://stride.get-luck.jp/member/race_viewer_test.php?racedate=20260830&racekey=01262402&jo=2&idpm=iFT66JycF8pFY,PASS
2026-08-30,札幌,2,202601020402,01262402,10:30,2R 芝1200 ２歳未勝利 10:30,2,ヴィヴィアンリーチ,斎藤新,17.6,7,超高速スタミナ,,59,Ｄ,Ｄ,7,32,38,-6,6,0%,59 (4),51 (9),41 (11),47 (9),53 (7),4,5,内,8,4,最内,7,9,中,55,[追][続],54,"枠脚質○,直近◎",45,7%,13%,18%,東田明士,辻牧場,1,2,0 %,0 %,0 %,1,0%,0%,0 %,牝,2,普,普,小標,△,腰甘い,,,タワーオブロンドン,21,19%,24%,24%,54(函Ｗ),30(函Ｗ),38,コース終い重点,https://stride.get-luck.jp/member/race_viewer_test.php?racedate=20260830&racekey=01262402&jo=2&idpm=iFT66JycF8pFY,PASS
2026-08-30,札幌,2,202601020402,01262402,10:30,2R 芝1200 ２歳未勝利 10:30,3,ショパンコンクール,丹内祐次,16.1,6,高速底力,ピッタリ,69,Ｃ,Ｓ,5,33,37,-6,5,0%,52 (5),58 (4),56 (5),54 (5),50 (9),5,6,最内,2,0,内,5,6,内,55,[先][追],39,"コース×,枠脚質×,直近×",93,8%,13%,30%,岩戸孝樹,エスティＦ小見川,4,7,29 %,43 %,43 %,,,,,牡,2,普,普,小ベ,△,,,,ミッキーアイル,50,12%,26%,34%,,58(札ダ),37,コース平均,https://stride.get-luck.jp/member/race_viewer_test.php?racedate=20260830&racekey=01262402&jo=2&idpm=iFT66JycF8pFY,PASS
2026-08-30,札幌,2,202601020402,01262402,10:30,2R 芝1200 ２歳未勝利 10:30,4,トスカ,小沢大仁,26.7,9,高速瞬発,,47,Ｄ,Ｄ,10,27,26,-23,14,0%,38 (13),36 (13),48 (8),56 (4),55 (4),10,13,最内,13,6,内,10,13,外,55,[先][瞬],33,"枠脚質×,直近▲",21,5%,5%,10%,杉山佳明,浦河町,2,2,0 %,0 %,50 %,,,,,牝,2,普,普,小標ベ,△,,,,ヘニーヒューズ,11,18%,18%,18%,,36(函Ｗ),26,コース終い重点,https://stride.get-luck.jp/member/race_viewer_test.php?racedate=20260830&racekey=01262402&jo=2&idpm=iFT66JycF8pFY,PASS
2026-08-30,札幌,2,202601020402,01262402,10:30,2R 芝1200 ２歳未勝利 10:30,5,ミハテヌユメ,小林美駒,27.1,10,超高速底力,カスリ,51,Ｄ,Ｄ,8,26,37,-13,8,0%,63 (3),54 (8),39 (13),37 (13),47 (11),3,2,最内,5,2,最内,8,12,最内,52,,54,直近○,24,13%,25%,38%,前川恭子,ファンタストクラブ,1,,,,,,,,,牝,2,普,普,小標ベ,△,,,,カラヴァッジオ,2,0%,0%,0%,,76(札芝),37,コース平均,https://stride.get-luck.jp/member/race_viewer_test.php?racedate=20260830&racekey=01262402&jo=2&idpm=iFT66JycF8pFY,PASS
2026-08-30,札幌,2,202601020402,01262402,10:30,2R 芝1200 ２歳未勝利 10:30,6,キャンドル,横山琉人,21.7,8,高速瞬発,,33,Ｄ,Ｄ,14,19,35,-22,13,0%,42 (11),41 (10),49 (7),46 (11),48 (10),12,14,内,9,4,内,14,17,内,55,[追][続],40,"枠脚質○,直近▲",34,0%,6%,6%,清水久詞,チャンピオンヒルズ,2,211,8 %,15 %,25 %,,,,,牝,2,普,普,小標ベ,△,,,,デクラレーションオブウォー,4,0%,0%,0%,,36(函Ｗ),35,コース終い重点,https://stride.get-luck.jp/member/race_viewer_test.php?racedate=20260830&racekey=01262402&jo=2&idpm=iFT66JycF8pFY,PASS
2026-08-30,札幌,2,202601020402,01262402,10:30,2R 芝1200 ２歳未勝利 10:30,7,ゲームチェンジャー,原田和真,51.1,14,高速瞬発,,40,Ｄ,Ｄ,11,21,37,-18,10,100%,36 (14),32 (14),47 (9),53 (6),54 (6),14,17,最内,14,7,中,11,15,大外,55,[先][久],41,,9,0%,0%,0%,蛯名利弘,鳴田牧場,2,27,4 %,4 %,11 %,,,,,牡,2,普,普,小標,○,,,,カレンブラックヒル,14,7%,14%,21%,,52(札ダ),37,コース平均,https://stride.get-luck.jp/member/race_viewer_test.php?racedate=20260830&racekey=01262402&jo=2&idpm=iFT66JycF8pFY,PASS
2026-08-30,札幌,2,202601020402,01262402,10:30,2R 芝1200 ２歳未勝利 10:30,8,アルテクィーン,鮫島克駿,4.5,2,超高速持続,,84,Ｂ,Ａ,2,43,43,10,2,33%,67 (1),57 (7),37 (14),52 (7),59 (2),2,1,内,6,2,内,2,2,中,55,[先][瞬],56,"コース○,枠脚質×",63,16%,24%,37%,杉山晴紀,ファンタストクラブ,1,4,0 %,0 %,0 %,,,,,牝,2,普,普,小標,○,折合○,腰甘い,,カラヴァッジオ,2,0%,0%,0%,48(函Ｗ),64(函Ｗ),43,コース平均,https://stride.get-luck.jp/member/race_viewer_test.php?racedate=20260830&racekey=01262402&jo=2&idpm=iFT66JycF8pFY,PASS
2026-08-30,札幌,2,202601020402,01262402,10:30,2R 芝1200 ２歳未勝利 10:30,9,パーフェクトゲーム,横山和生,7.7,4,高速瞬発,,62,Ｃ,Ｄ,6,34,41,-1,4,0%,42 (12),41 (11),49 (6),60 (3),58 (3),11,13,中,10,4,外,6,8,大外,55,[久][続],64,"馬主○,枠脚質○,直近○",47,17%,32%,40%,千葉直人,ケイアイファーム,2,,,,,,,,,牝,2,普,普,小標,○,,,,リアルスティール,16,19%,31%,44%,,46(札芝),41,コース終い重点,https://stride.get-luck.jp/member/race_viewer_test.php?racedate=20260830&racekey=01262402&jo=2&idpm=iFT66JycF8pFY,PASS
2026-08-30,札幌,2,202601020402,01262402,10:30,2R 芝1200 ２歳未勝利 10:30,10,アスコットペスカ,和田陽希,50.1,13,中速バランス,,37,Ｄ,Ｄ,13,18,37,-21,11,0%,50 (6),58 (3),59 (4),40 (12),37 (13),6,8,最内,1,0,中,13,16,中,52,,46,,15,0%,7%,13%,藤野健太,ヒイラギステーブル（ａｗａｊｉ）,2,13,8 %,23 %,31 %,,,,,牝,2,普,普,小標,○,,,,モズアスコット,13,8%,8%,15%,,47(札ダ),37,コース平均,https://stride.get-luck.jp/member/race_viewer_test.php?racedate=20260830&racekey=01262402&jo=2&idpm=iFT66JycF8pFY,PASS
2026-08-30,札幌,2,202601020402,01262402,10:30,2R 芝1200 ２歳未勝利 10:30,11,インサイドストーム,古川吉洋,44.5,12,中速バランス,,38,Ｄ,Ｄ,12,24,37,-15,9,0%,50 (7),62 (1),63 (3),46 (10),40 (12),8,10,内,3,0,外,12,16,外,55,[続][瞬],47,直近◎,53,4%,9%,13%,緒方努,浦河町,2,,,,,,,,,牝,2,普,普,中標ベ,△,,,,リアルインパクト,14,0%,0%,14%,58(函Ｗ),52(函Ｗ),37,コース終い重点,https://stride.get-luck.jp/member/race_viewer_test.php?racedate=20260830&racekey=01262402&jo=2&idpm=iFT66JycF8pFY,PASS
2026-08-30,札幌,2,202601020402,01262402,10:30,2R 芝1200 ２歳未勝利 10:30,12,ソニックアイル,横山武史,2.8,1,超高速瞬発,,89,Ａ,ＡＡ,1,45,38,7,3,0%,47 (8),39 (12),42 (10),68 (1),68 (1),7,10,最内,12,6,最内,1,0,内,55,[続][瞬],49,"コース○,枠脚質×,直近▲",76,14%,30%,45%,平岩大典,ノーザンＦ空港,1,1,0 %,100 %,100 %,1,0%,100%,100 %,牝,2,普,普,小標,○,腰甘い,,,ミッキーアイル,50,12%,26%,34%,55(函Ｗ),49(函Ｗ),38,コース平均,https://stride.get-luck.jp/member/race_viewer_test.php?racedate=20260830&racekey=01262402&jo=2&idpm=iFT66JycF8pFY,PASS
2026-08-30,札幌,2,202601020402,01262402,10:30,2R 芝1200 ２歳未勝利 10:30,13,ギャルズマインド,浜中俊,7.8,5,中速バランス,,71,Ｃ,Ｓ,4,32,37,-7,7,0%,44 (10),57 (6),65 (2),62 (2),51 (8),9,12,内,7,2,中,4,6,大外,55,[先][追][続][瞬],59,"調教師○,直近○",44,14%,23%,25%,武幸四郎,ノーザンファーム,1,16,13 %,25 %,25 %,,,,,牝,2,普,普,小標ベ,△,,,,ロードカナロア,94,14%,26%,34%,52(札ダ),65(札芝),37,コース平均,https://stride.get-luck.jp/member/race_viewer_test.php?racedate=20260830&racekey=01262402&jo=2&idpm=iFT66JycF8pFY,PASS
2026-08-30,札幌,2,202601020402,01262402,10:30,2R 芝1200 ２歳未勝利 10:30,14,トーセンルルド,武豊,5.2,3,高速底力,ピッタリ,80,Ｂ,ＡＡ,3,38,54,16,1,0%,64 (2),57 (5),40 (12),48 (8),54 (5),1,0,最内,4,0,最内,3,3,最内,55,[続][瞬],69,コース○,63,21%,37%,41%,杉浦宏昭,エスティファーム,1,7,0 %,0 %,0 %,,,,,牝,2,普,普,小標ベ,△,落着ほし,,,ハイランドリール,1,0%,100%,100%,46(函Ｗ),72(函Ｗ),54,コース平均,https://stride.get-luck.jp/member/race_viewer_test.php?racedate=20260830&racekey=01262402&jo=2&idpm=iFT66JycF8pFY,PASS
2026-08-30,札幌,3,202601020403,01262403,11:00,3R ダ1700 ３歳未勝利 11:00,1,ペガサスウィンド,鮫島克駿,4.1,2,低速スタミナ,,74,Ｂ,Ｃ,3,43,40,3,4,0%,54 (6),50 (7),48 (8),58 (4),59 (2),4,2,内,8,6,中,3,4,外,55,[先][瞬],45,"コース×,枠脚質×",119,8%,19%,30%,宮地貴稔,エクワインＲ,2,1,0 %,0 %,0 %,,,,,牝,3,普,普,中標,○,ズブイ,,,マインドユアビスケッツ,61,10%,18%,31%,,33(函Ｗ),40,コース平均,https://stride.get-luck.jp/member/race_viewer_test.php?racedate=20260830&racekey=01262403&jo=2&idpm=iFT66JycF8pFY,PASS
2026-08-30,札幌,3,202601020403,01262403,11:00,3R ダ1700 ３歳未勝利 11:00,2,サクセスブルー,丹内祐次,7.1,4,低速底力,カスリ,62,Ｃ,Ｄ,8,37,40,-3,7,12%,59 (3),54 (3),48 (9),50 (7),51 (9),1,0,最内,4,4,最内,8,7,最内,57,[先][追],48,"コース○,枠脚質○,直近×",198,11%,25%,38%,秋本大介,エスティＦ小見川,6,,,,,,,,,牡,3,短,短,細ベ,△,一本調子,脚外振走,フット×,レイデオロ,38,3%,11%,18%,,48(函Ｗ),40,コース終い重点,https://stride.get-luck.jp/member/race_viewer_test.php?racedate=20260830&racekey=01262403&jo=2&idpm=iFT66JycF8pFY,PASS
2026-08-30,札幌,3,202601020403,01262403,11:00,3R ダ1700 ３歳未勝利 11:00,3,ラスターヴァース,長浜鴻緒,29.6,10,中速バランス,,47,Ｄ,Ｄ,11,33,39,-8,9,11%,56 (5),51 (6),47 (10),40 (13),41 (13),5,2,中,3,4,中,11,12,中,54,,41,,48,6%,10%,17%,牧光二,ＫＳトレーニングＣ,1,18,0 %,6 %,6 %,3,0%,0%,0 %,牝,3,短,普,細標起,△,フット×,脚外振走,腰甘い,サトノダイヤモンド,32,13%,25%,38%,53(札ダ),65(札ダ),39,コース終い重点,https://stride.get-luck.jp/member/race_viewer_test.php?racedate=20260830&racekey=01262403&jo=2&idpm=iFT66JycF8pFY,PASS
2026-08-30,札幌,3,202601020403,01262403,11:00,3R ダ1700 ３歳未勝利 11:00,4,ポップアップ,河原田菜々,3.6,1,超低速スタミナ,カスリ,75,Ｃ,Ｓ,2,47,45,12,1,25%,45 (11),80 (1),80 (1),61 (3),43 (11),12,8,最内,1,0,最内,2,4,最内,53,,57,"枠脚質×,直近◎",14,14%,21%,21%,寺島良,田口トレーニングＦ,2,1,0 %,0 %,0 %,,,,,セ,3,普,普,小標ベ,◎,上が掛○,Ｐ速い○,脚外振走,ロジャーバローズ,12,0%,8%,33%,,63(札ダ),45,コース平均,https://stride.get-luck.jp/member/race_viewer_test.php?racedate=20260830&racekey=01262403&jo=2&idpm=iFT66JycF8pFY,PASS
2026-08-30,札幌,3,202601020403,01262403,11:00,3R ダ1700 ３歳未勝利 11:00,5,デルマテイネ,的場勇人,45.9,13,高速バランス,,45,Ｄ,Ｄ,12,33,35,-12,12,100%,48 (9),37 (14),40 (13),47 (11),53 (6),11,6,中,13,12,中,12,12,大外,57,,54,,4,0%,0%,0%,的場均,高橋ＴＣ,3,58,0 %,0 %,0 %,,,,,牡,3,短,短,小ベ,○,腰甘い,突っ張る,,ストロングリターン,27,0%,4%,7%,38(南Ｗ),48(札ダ),35,コース平均,https://stride.get-luck.jp/member/race_viewer_test.php?racedate=20260830&racekey=01262403&jo=2&idpm=iFT66JycF8pFY,PASS
2026-08-30,札幌,3,202601020403,01262403,11:00,3R ダ1700 ３歳未勝利 11:00,6,ヨドノサファイア,石川倭,31.0,11,超高速底力,,62,Ｃ,Ｓ,7,37,29,-14,13,17%,62 (2),51 (5),44 (12),47 (10),51 (10),3,2,最内,5,5,内,7,7,中,55,,52,,26,12%,15%,19%,稲垣幸雄,軽種馬育成調教Ｃ,1,1,100 %,100 %,100 %,,,,,牝,3,短,短,細標ベ,○,腰甘い,突っ張る,脚外振走,ジャスタウェイ,56,11%,14%,20%,64(函Ｗ),56(函Ｗ),29,コース平均,https://stride.get-luck.jp/member/race_viewer_test.php?racedate=20260830&racekey=01262403&jo=2&idpm=iFT66JycF8pFY,PASS
2026-08-30,札幌,3,202601020403,01262403,11:00,3R ダ1700 ３歳未勝利 11:00,7,チャーチルデュース,武豊,7.3,5,低速底力,カスリ,85,Ｂ,Ｓ,1,38,50,8,2,0%,50 (8),49 (8),49 (7),54 (6),55 (5),6,4,最内,7,6,最内,1,0,外,57,[続][瞬],74,"調教師○,馬主○,コース○,枠脚質○",89,20%,37%,47%,松永幹夫,ノーザンファーム,1,13,0 %,15 %,15 %,1,0%,0%,0 %,牡,3,普,普,中標,△,,,,イントゥミスチーフ,2,50%,50%,50%,60(札ダ),77(札ダ),50,コーステン重点,https://stride.get-luck.jp/member/race_viewer_test.php?racedate=20260830&racekey=01262403&jo=2&idpm=iFT66JycF8pFY,PASS
2026-08-30,札幌,3,202601020403,01262403,11:00,3R ダ1700 ３歳未勝利 11:00,8,サンエンジェルス,浜中俊,15.7,7,低速底力,カスリ,66,Ｃ,Ｓ,5,41,39,0,6,14%,45 (10),46 (9),49 (6),62 (2),63 (1),9,6,最内,10,10,最内,5,6,大外,55,[先][追][続][瞬],60,"枠脚質○,直近○",53,9%,23%,25%,谷潔,加藤ステーブル,5,1,0 %,0 %,100 %,,,,,牝,3,普,普,小標,△,芝大丈夫,滞競馬○,脚抜ダ○,カルフォルニアクローム,28,11%,25%,25%,12(札ダ),67(札ダ),39,コース平均,https://stride.get-luck.jp/member/race_viewer_test.php?racedate=20260830&racekey=01262403&jo=2&idpm=iFT66JycF8pFY,PASS
2026-08-30,札幌,3,202601020403,01262403,11:00,3R ダ1700 ３歳未勝利 11:00,9,モンテール,斎藤新,11.7,6,高速スタミナ,,51,Ｄ,Ｄ,10,32,39,-9,10,50%,41 (12),45 (10),51 (5),43 (12),42 (12),10,6,内,11,10,中,10,11,外,57,[追][続],47,"コース×,枠脚質×,直近◎",78,6%,14%,26%,栗田徹,エスティＦ小見川,2,52,13 %,27 %,40 %,,,,,セ,3,短,短,小標ベ,○,腰甘い,,,オルフェーヴル,40,5%,10%,20%,56(函Ｗ),63(函Ｗ),39,コース平均,https://stride.get-luck.jp/member/race_viewer_test.php?racedate=20260830&racekey=01262403&jo=2&idpm=iFT66JycF8pFY,PASS
2026-08-30,札幌,3,202601020403,01262403,11:00,3R ダ1700 ３歳未勝利 11:00,10,ミアエッテ,横山琉人,37.5,12,高速持続,,22,Ｄ,Ｄ,14,23,39,-18,14,14%,52 (7),52 (4),51 (4),25 (14),24 (14),7,4,内,6,5,外,14,19,外,57,[追][続],34,"コース×,枠脚質×,直近▲",66,2%,3%,9%,田中剛,ファンタストクラブ,1,2,0 %,0 %,0 %,,,,,牡,3,短,短,小標ベ,△,腰甘い,,,シルバーステート,31,6%,10%,16%,60(函Ｗ),53(函Ｗ),39,コース平均,https://stride.get-luck.jp/member/race_viewer_test.php?racedate=20260830&racekey=01262403&jo=2&idpm=iFT66JycF8pFY,PASS
2026-08-30,札幌,3,202601020403,01262403,11:00,3R ダ1700 ３歳未勝利 11:00,11,ダンツアラーム,黛弘人,47.1,14,中速バランス,,39,Ｄ,Ｄ,13,30,39,-11,11,9%,33 (13),42 (13),54 (3),54 (5),52 (8),14,10,内,14,13,最内,13,14,内,55,[先][追][久][続],40,"コース○,枠脚質×",95,2%,6%,11%,本田優,宇治田原優駿Ｓ,6,6,0 %,33 %,33 %,,,,,牝,3,短,短,小標,○,素直,左モタレ,砂被る×,リアルスティール,45,11%,18%,22%,31(函Ｗ),55(札ダ),39,コース平均,https://stride.get-luck.jp/member/race_viewer_test.php?racedate=20260830&racekey=01262403&jo=2&idpm=iFT66JycF8pFY,PASS
2026-08-30,札幌,3,202601020403,01262403,11:00,3R ダ1700 ３歳未勝利 11:00,12,クリコイーコ,吉田隼人,28.8,9,超高速スタミナ,,51,Ｄ,Ｄ,9,33,39,-8,8,0%,58 (4),43 (12),38 (14),48 (9),55 (4),8,4,中,9,8,最内,9,11,最内,55,[追],43,"コース○,枠脚質×,直近▲",75,8%,17%,23%,荒川義之,朝宮ステーブル,7,2,0 %,0 %,0 %,,,,,牝,3,短,短,中標,△,体質弱い,砂被る×,時計速×,ディーマジェスティ,20,10%,10%,15%,56(函Ｗ),70(札ダ),39,コース平均,https://stride.get-luck.jp/member/race_viewer_test.php?racedate=20260830&racekey=01262403&jo=2&idpm=iFT66JycF8pFY,PASS
2026-08-30,札幌,3,202601020403,01262403,11:00,3R ダ1700 ３歳未勝利 11:00,13,ジャストグレース,古川吉洋,17.3,8,超低速底力,ピッタリ,64,Ｃ,Ｓ,6,38,47,5,3,71%,32 (14),44 (11),56 (2),62 (1),59 (3),13,10,最内,12,11,内,6,7,外,57,[続][瞬],51,"コース×,枠脚質○,直近◎",120,5%,11%,17%,大根田裕之,グリーンＦ,8,4,0 %,0 %,0 %,,,,,牡,3,普,普,中標,△,道悪×,腰甘い,,ホッコータルマエ,72,7%,22%,32%,,66(札ダ),47,コース平均,https://stride.get-luck.jp/member/race_viewer_test.php?racedate=20260830&racekey=01262403&jo=2&idpm=iFT66JycF8pFY,PASS
2026-08-30,札幌,3,202601020403,01262403,11:00,3R ダ1700 ３歳未勝利 11:00,14,ホウオウファラオ,横山武史,5.5,3,低速底力,カスリ,67,Ｃ,Ｄ,4,38,44,2,5,33%,66 (1),57 (2),46 (11),50 (8),53 (7),2,0,内,2,2,最内,4,6,内,57,[続][瞬],55,"コース○,枠脚質×,直近▲",148,18%,30%,39%,奥村武,ノルマンディーＦ,4,1,0 %,100 %,100 %,,,,,牡,3,普,普,小標,○,気難しい,ブ効果○,器用さ欠,アメリカンファラオ,21,19%,33%,33%,,,44,,https://stride.get-luck.jp/member/race_viewer_test.php?racedate=20260830&racekey=01262403&jo=2&idpm=iFT66JycF8pFY,PASS
2026-08-30,札幌,4,202601020404,01262404,11:30,4R 芝2000 ３歳未勝利 11:30,1,ダイシンパルス,横山琉人,51.2,15,中速バランス,,34,Ｄ,Ｄ,15,37,42,-9,12,0%,36 (15),37 (15),48 (8),53 (6),57 (5),16,12,最内,15,8,最内,15,16,最内,57,[追][続],35,"枠脚質×,直近▲",19,11%,21%,21%,小笠倫弘,松風馬事センター,1,243,4 %,9 %,15 %,2,0%,0%,0 %,牡,3,短,短,小標,○,物見,腰甘い,,ドラゴンパルス,,,,,52(札ダ),54(札ダ),42,併用平均,https://stride.get-luck.jp/member/race_viewer_test.php?racedate=20260830&racekey=01262404&jo=2&idpm=iFT66JycF8pFY,PASS
2026-08-30,札幌,4,202601020404,01262404,11:30,4R 芝2000 ３歳未勝利 11:30,2,ジリアート,吉田隼人,18.1,7,高速バランス,,63,Ｃ,Ｓ,6,41,43,-4,9,0%,68 (1),61 (3),47 (10),36 (15),36 (15),1,0,最内,3,0,最内,6,7,最内,55,[追],54,"馬主○,直近▲",43,2%,12%,16%,矢作芳人,ノーザンファーム,1,24,13 %,17 %,29 %,1,0%,0%,0 %,牝,3,普,普,中標,○,腰甘い,,,エピファネイア,175,9%,19%,30%,62(札ダ),55(札ダ),43,コース平均,https://stride.get-luck.jp/member/race_viewer_test.php?racedate=20260830&racekey=01262404&jo=2&idpm=iFT66JycF8pFY,PASS
2026-08-30,札幌,4,202601020404,01262404,11:30,4R 芝2000 ３歳未勝利 11:30,3,コスモヘリアンサス,丹内祐次,27.7,11,高速持続,,49,Ｄ,Ｄ,12,38,43,-7,11,50%,42 (12),52 (8),58 (4),55 (5),45 (11),12,9,内,5,2,内,12,11,内,57,[先][追],42,"コース○,枠脚質×,直近×",85,11%,25%,38%,伊藤大士,ビッグレッドＦ鉾田,1,51,2 %,4 %,8 %,1,0%,0%,0 %,牡,3,普,普,中標起,△,腰甘い,,,ウインブライト,21,10%,19%,43%,51(札芝),66(札芝),43,併用平均,https://stride.get-luck.jp/member/race_viewer_test.php?racedate=20260830&racekey=01262404&jo=2&idpm=iFT66JycF8pFY,PASS
2026-08-30,札幌,4,202601020404,01262404,11:30,4R 芝2000 ３歳未勝利 11:30,4,デルマフジ,浜中俊,4.5,3,中速バランス,,74,Ｂ,Ｃ,3,45,44,1,4,17%,40 (13),62 (2),67 (2),72 (1),54 (8),13,10,最内,4,1,中,3,4,中,57,[先][追][続][瞬],57,"調教師○,枠脚質×,直近○",44,11%,20%,32%,武幸四郎,社台ファーム,2,5,40 %,60 %,60 %,,,,,牡,3,普,普,中標,○,物見,舌ハミ越,,キタサンブラック,77,16%,26%,40%,48(函Ｗ),44(函Ｗ),44,コース平均,https://stride.get-luck.jp/member/race_viewer_test.php?racedate=20260830&racekey=01262404&jo=2&idpm=iFT66JycF8pFY,PASS
2026-08-30,札幌,4,202601020404,01262404,11:30,4R 芝2000 ３歳未勝利 11:30,5,イデアジュアンイハ,遠藤汰月,102.9,16,中速スタミナ,,41,Ｄ,Ｄ,14,38,36,-14,15,12%,57 (5),38 (14),34 (16),35 (16),53 (9),6,4,中,14,6,中,14,14,外,52,,43,,2,0%,0%,0%,小野次郎,シンボリ牧場,1,90,1 %,4 %,11 %,4,0%,0%,0 %,牝,3,短,短,小ベ,△,腰甘い,高脚使う,,ハービンジャー,163,7%,18%,28%,46(函Ｗ),46(函Ｗ),36,コース終い重点,https://stride.get-luck.jp/member/race_viewer_test.php?racedate=20260830&racekey=01262404&jo=2&idpm=iFT66JycF8pFY,PASS
2026-08-30,札幌,4,202601020404,01262404,11:30,4R 芝2000 ３歳未勝利 11:30,6,ギオンバヤシ,武豊,4.2,1,低速持続,ピッタリ,87,Ａ,Ｓ,1,46,44,2,2,36%,43 (11),66 (1),69 (1),64 (2),40 (14),10,8,最内,2,0,内,1,0,内,57,[続][瞬],51,"コース×,枠脚質×",59,12%,17%,24%,鈴木孝志,大山ヒルズ,7,1,0 %,0 %,0 %,,,,,牡,3,普,普,中標,○,軟ら芝○,終い確実,渋馬場○,ミッキーアイル,22,18%,23%,23%,,,44,,https://stride.get-luck.jp/member/race_viewer_test.php?racedate=20260830&racekey=01262404&jo=2&idpm=iFT66JycF8pFY,PASS
2026-08-30,札幌,4,202601020404,01262404,11:30,4R 芝2000 ３歳未勝利 11:30,7,ワダツミ,小林美駒,23.5,9,中速持続,カスリ,52,Ｄ,Ｄ,10,40,43,-5,10,29%,58 (4),47 (11),42 (14),44 (13),54 (7),4,4,最内,9,4,最内,10,10,最内,52,,62,"枠脚質×,直近○",12,8%,8%,17%,笹田和秀,名張ホースランドＰ,6,,,,,,,,,牝,3,普,普,小標,△,函館向き,気難しい,腰甘い,セイウンコウセイ,1,0%,0%,0%,52(函Ｗ),60(函Ｗ),43,コース平均,https://stride.get-luck.jp/member/race_viewer_test.php?racedate=20260830&racekey=01262404&jo=2&idpm=iFT66JycF8pFY,PASS
2026-08-30,札幌,4,202601020404,01262404,11:30,4R 芝2000 ３歳未勝利 11:30,8,ネクストドア,古川吉洋,30.6,12,中速瞬発,,41,Ｄ,Ｄ,13,38,33,-17,16,0%,54 (8),45 (12),43 (12),48 (10),58 (4),7,6,最内,13,6,内,13,14,中,57,[続][瞬],54,"枠脚質○,直近◎",48,13%,15%,19%,高橋文雅,小野瀬ファーム,2,6,17 %,17 %,17 %,1,0%,0%,0 %,牡,3,普,普,小ベ,△,上が速×,腰甘い,,ロジャーバローズ,11,0%,9%,18%,51(南Ｗ),54(南Ｗ),33,コース終い重点,https://stride.get-luck.jp/member/race_viewer_test.php?racedate=20260830&racekey=01262404&jo=2&idpm=iFT66JycF8pFY,PASS
2026-08-30,札幌,4,202601020404,01262404,11:30,4R 芝2000 ３歳未勝利 11:30,9,コスモクラシック,横山武史,4.2,2,低速瞬発,,79,Ｂ,Ｃ,2,45,44,1,3,0%,62 (2),57 (5),47 (9),45 (12),48 (10),2,1,内,7,2,最内,2,2,最内,57,[続][瞬],63,"コース○,枠脚質○,直近▲",82,15%,33%,40%,嘉藤貴行,ビッグレッドＦ泊津,1,3,0 %,0 %,0 %,1,0%,0%,0 %,牡,3,短,短,小ベ,○,瞬発力×,ブ効果○,先行力○,ダノンバラード,68,7%,22%,35%,,49(札ダ),44,コース平均,https://stride.get-luck.jp/member/race_viewer_test.php?racedate=20260830&racekey=01262404&jo=2&idpm=iFT66JycF8pFY,PASS
2026-08-30,札幌,4,202601020404,01262404,11:30,4R 芝2000 ３歳未勝利 11:30,10,メイショウライガ,和田陽希,7.8,5,中速持続,カスリ,68,Ｃ,Ｄ,4,44,48,4,1,17%,55 (7),40 (13),38 (15),49 (8),67 (1),3,2,最内,12,6,最内,4,7,内,54,,41,,15,7%,7%,20%,藤原英昭,三嶋牧場,2,,,,,,,,,牡,3,普,普,中標,○,上が掛○,荒馬場○,,シルバーステート,75,5%,17%,29%,,59(札ダ),48,コース平均,https://stride.get-luck.jp/member/race_viewer_test.php?racedate=20260830&racekey=01262404&jo=2&idpm=iFT66JycF8pFY,PASS
2026-08-30,札幌,4,202601020404,01262404,11:30,4R 芝2000 ３歳未勝利 11:30,11,アート,鮫島克駿,21.9,8,中速持続,カスリ,51,Ｄ,Ｄ,11,41,37,-10,13,33%,40 (14),55 (6),62 (3),58 (3),44 (12),15,11,内,11,4,外,11,11,大外,57,[先][瞬],61,"コース○,枠脚質×",55,15%,25%,38%,杉山晴紀,田口トレーニングＦ,1,1,0 %,0 %,0 %,1,0%,0%,0 %,牡,3,普,普,中標,△,腰甘い,上が掛○,展開待ち,キセキ,6,0%,0%,0%,,40(札ダ),37,コース終い重点,https://stride.get-luck.jp/member/race_viewer_test.php?racedate=20260830&racekey=01262404&jo=2&idpm=iFT66JycF8pFY,PASS
2026-08-30,札幌,4,202601020404,01262404,11:30,4R 芝2000 ３歳未勝利 11:30,12,カリドーラ,小沢大仁,24.0,10,中速瞬発,,58,Ｄ,Ｄ,8,42,43,-3,7,0%,57 (6),58 (4),52 (6),37 (14),29 (16),8,6,中,1,0,外,8,9,大外,55,[先][瞬],36,"馬主○,枠脚質×,直近▲",19,0%,21%,37%,中舘英二,山元トレセン,3,10,10 %,10 %,10 %,,,,,牝,3,短,短,中ベ,△,時計掛○,腰甘い,大トビ,ブリックスアンドモルタル,44,14%,20%,25%,40(札ダ),69(札ダ),43,コース平均,https://stride.get-luck.jp/member/race_viewer_test.php?racedate=20260830&racekey=01262404&jo=2&idpm=iFT66JycF8pFY,PASS
2026-08-30,札幌,4,202601020404,01262404,11:30,4R 芝2000 ３歳未勝利 11:30,13,ロックフラワー,石川倭,35.0,13,中速持続,カスリ,27,Ｄ,Ｄ,16,33,42,-13,14,100%,35 (16),31 (16),44 (11),49 (9),58 (3),14,10,中,16,8,内,16,18,内,55,,57,,6,0%,0%,0%,西田雄一郎,シンボリ牧場,2,3,0 %,33 %,33 %,,,,,牝,3,短,普,中標ベ,△,,,,ゴールドシップ,160,9%,16%,28%,57(南Ｗ),48(美坂),42,坂路終い重点,https://stride.get-luck.jp/member/race_viewer_test.php?racedate=20260830&racekey=01262404&jo=2&idpm=iFT66JycF8pFY,PASS
2026-08-30,札幌,4,202601020404,01262404,11:30,4R 芝2000 ３歳未勝利 11:30,14,インテンスゲイズ,斎藤新,18.1,6,中速持続,カスリ,63,Ｃ,Ｓ,5,43,43,-2,6,20%,48 (9),55 (7),56 (5),50 (7),42 (13),11,8,中,6,2,外,5,7,大外,55,[追][続],62,"枠脚質○,直近◎",39,5%,10%,18%,矢嶋大樹,真歌トレーニングＰ,2,1,0 %,0 %,0 %,,,,,牝,3,短,短,小標ベ,△,他馬気に,加速遅い,腰甘い,ゴールドシップ,160,9%,16%,28%,41(札ダ),61(札ダ),43,コース平均,https://stride.get-luck.jp/member/race_viewer_test.php?racedate=20260830&racekey=01262404&jo=2&idpm=iFT66JycF8pFY,PASS
2026-08-30,札幌,4,202601020404,01262404,11:30,4R 芝2000 ３歳未勝利 11:30,15,エイシンリーガル,松本大輝,35.2,14,中速バランス,,53,Ｄ,Ｄ,9,42,43,-3,8,33%,58 (3),48 (10),42 (13),46 (11),56 (6),5,4,内,10,4,内,9,10,中,57,[先],44,,17,0%,0%,6%,高橋康之,ドラゴンファーム,6,1,0 %,0 %,0 %,,,,,牡,3,普,普,中標ベ,△,揉れ弱い,腰甘い,突っ張る,ルーラーシップ,85,8%,19%,22%,35(函Ｗ),54(札ダ),43,コース平均,https://stride.get-luck.jp/member/race_viewer_test.php?racedate=20260830&racekey=01262404&jo=2&idpm=iFT66JycF8pFY,PASS
2026-08-30,札幌,4,202601020404,01262404,11:30,4R 芝2000 ３歳未勝利 11:30,16,メイショウローゼ,藤懸貴志,7.4,4,中速持続,カスリ,59,Ｄ,Ｄ,7,42,46,0,5,70%,47 (10),48 (9),50 (7),57 (4),59 (2),9,7,内,8,4,中,7,8,外,55,[先][追][瞬],39,枠脚質○,,%,%,%,本田優,山田ステーブル,3,4,0 %,0 %,0 %,,,,,牝,3,普,普,中標,○,終い確実,馬込平気,突っ張る,ロジャーバローズ,11,0%,9%,18%,27(函Ｗ),57(札ダ),46,コース平均,https://stride.get-luck.jp/member/race_viewer_test.php?racedate=20260830&racekey=01262404&jo=2&idpm=iFT66JycF8pFY,PASS
2026-08-30,札幌,5,202601020405,01262405,12:20,5R 芝1800 ２歳新馬 12:20,1,コスモノーチラス,丹内祐次,13.0,5,,,45,Ｄ,Ｄ,6,23,36,-15,5,,41 (5),42 (6),51 (5),43 (6),41 (8),7,14,中,7,16,中,6,19,中,55,[先][追],39,"コース×,直近×",81,7%,23%,38%,伊藤大士,ビッグレッドＦ明和,1,6,0 %,0 %,0 %,,,,,牡,2,,,,,,,,ゴールドシップ,160,9%,16%,28%,47(札芝),55(札芝),36,併用平均,https://stride.get-luck.jp/member/race_viewer_test.php?racedate=20260830&racekey=01262405&jo=2&idpm=iFT66JycF8pFY,PASS
2026-08-30,札幌,5,202601020405,01262405,12:20,5R 芝1800 ２歳新馬 12:20,2,アイアムイガイニモ,古川吉洋,13.9,7,,,40,Ｄ,Ｄ,8,23,33,-18,8,,41 (6),42 (7),51 (6),43 (7),41 (7),8,15,最内,8,17,最内,8,21,中,55,[続][瞬],46,直近◎,28,0%,7%,11%,奥平雅士,ＫＳトレーニングＣ,1,30,17 %,23 %,33 %,,,,,牡,2,,,,,,,,モズアスコット,24,8%,13%,25%,5(札芝),45(札ダ),33,コース終い重点,https://stride.get-luck.jp/member/race_viewer_test.php?racedate=20260830&racekey=01262405&jo=2&idpm=iFT66JycF8pFY,PASS
2026-08-30,札幌,5,202601020405,01262405,12:20,5R 芝1800 ２歳新馬 12:20,3,ヴァンクライ,武豊,2.1,1,,,124,ＡＡ,Ｂ,1,54,38,18,1,,62 (1),63 (1),54 (3),65 (1),66 (1),1,0,最内,1,0,最内,1,0,最内,55,[続][瞬],61,コース○,58,9%,26%,38%,須貝尚介,ノーザンファーム,1,46,11 %,20 %,22 %,,,,,牡,2,,,,,,,,ハービンジャー,163,7%,18%,28%,52(函芝),55(函芝),38,コース平均,https://stride.get-luck.jp/member/race_viewer_test.php?racedate=20260830&racekey=01262405&jo=2&idpm=iFT66JycF8pFY,PASS
2026-08-30,札幌,5,202601020405,01262405,12:20,5R 芝1800 ２歳新馬 12:20,4,コーズウルルン,石川倭,13.8,6,,,51,Ｄ,Ｄ,5,23,36,-15,7,,41 (8),42 (8),51 (7),43 (5),41 (6),6,14,内,6,16,内,5,18,内,55,,50,,8,0%,13%,13%,伊藤圭三,ファンタストクラブ,1,63,10 %,16 %,29 %,,,,,牡,2,,,,,,,,ニューイヤーズデイ,19,5%,21%,37%,42(函Ｗ),48(函Ｗ),36,コース平均,https://stride.get-luck.jp/member/race_viewer_test.php?racedate=20260830&racekey=01262405&jo=2&idpm=iFT66JycF8pFY,PASS
2026-08-30,札幌,5,202601020405,01262405,12:20,5R 芝1800 ２歳新馬 12:20,5,トーセンイルン,長浜鴻緒,6.9,3,,,73,Ｃ,Ａ,3,47,39,12,2,,60 (2),62 (2),58 (2),62 (2),61 (2),2,2,最内,2,1,内,3,11,内,54,,38,,10,0%,0%,0%,小笠倫弘,エスティＦ小見川,1,53,4 %,13 %,17 %,,,,,牡,2,,,,,,,,ハイランドリール,3,0%,0%,0%,54(南Ｗ),56(札ダ),39,併用平均,https://stride.get-luck.jp/member/race_viewer_test.php?racedate=20260830&racekey=01262405&jo=2&idpm=iFT66JycF8pFY,PASS
2026-08-30,札幌,5,202601020405,01262405,12:20,5R 芝1800 ２歳新馬 12:20,6,イルリサット,横山武史,3.0,2,,,80,Ｂ,Ｃ,2,45,41,12,3,,59 (3),61 (3),58 (1),58 (3),55 (3),3,2,内,3,2,最内,2,9,最内,55,[続][瞬],66,"馬主○,コース○,直近▲",73,27%,42%,53%,菊沢隆徳,ノーザンＦ空港,1,2,0 %,0 %,0 %,,,,,牝,2,,,,,,,,キズナ,132,12%,21%,30%,73(函芝),57(札芝),41,コース平均,https://stride.get-luck.jp/member/race_viewer_test.php?racedate=20260830&racekey=01262405&jo=2&idpm=iFT66JycF8pFY,PASS
2026-08-30,札幌,5,202601020405,01262405,12:20,5R 芝1800 ２歳新馬 12:20,7,ゴルタン,吉田隼人,18.1,8,,,43,Ｄ,Ｄ,7,23,36,-15,6,,41 (7),42 (5),51 (4),43 (4),41 (5),5,13,最内,5,15,最内,7,20,最内,55,[追],45,"コース○,直近▲",34,18%,26%,41%,千葉直人,阿見トレセン,1,34,0 %,0 %,6 %,,,,,牡,2,,,,,,,,ゴールドシップ,160,9%,16%,28%,53(南Ｗ),47(札芝),36,コース終い重点,https://stride.get-luck.jp/member/race_viewer_test.php?racedate=20260830&racekey=01262405&jo=2&idpm=iFT66JycF8pFY,PASS
2026-08-30,札幌,5,202601020405,01262405,12:20,5R 芝1800 ２歳新馬 12:20,8,トワイライトローズ,浜中俊,7.3,4,,,66,Ｃ,Ｄ,4,34,37,-3,4,,56 (4),49 (4),26 (8),42 (8),52 (4),4,4,最内,4,7,最内,4,13,最内,55,[先][追][続][瞬],55,"コース×,直近○",40,8%,15%,23%,秋山真一郎,坂東牧場,1,,,,,,,,,牝,2,,,,,,,,キタサンブラック,77,16%,26%,40%,53(札芝),45(札ダ),37,コース平均,https://stride.get-luck.jp/member/race_viewer_test.php?racedate=20260830&racekey=01262405&jo=2&idpm=iFT66JycF8pFY,PASS
2026-08-30,札幌,6,202601020406,01262406,12:50,6R ダ1700 ３歳上１勝クラス 12:50,1,クロミ,藤懸貴志,46.9,11,中速底力,,25,Ｄ,Ｄ,12,23,45,-36,12,0%,49 (7),44 (9),47 (6),31 (12),29 (12),7,10,最内,7,9,最内,12,23,最内,53,[先][追][瞬],45,,3,0%,33%,67%,小崎憲,チャンピオンヒルズ,2,186,8 %,15 %,22 %,,,,,牝,3,普,普,中標,○,体質弱い,,,キタサンブラック,33,12%,27%,33%,,,45,,https://stride.get-luck.jp/member/race_viewer_test.php?racedate=20260830&racekey=01262406&jo=2&idpm=iFT66JycF8pFY,PASS
2026-08-30,札幌,6,202601020406,01262406,12:50,6R ダ1700 ３歳上１勝クラス 12:50,2,ルージュリヴィエラ,佐藤翔馬,13.2,7,超低速スタミナ,,51,Ｄ,Ｄ,8,44,44,-16,8,29%,65 (2),59 (2),42 (10),45 (9),50 (9),2,0,内,1,0,内,8,16,内,50,,45,,2,0%,0%,0%,嘉藤貴行,エクワインＲ,2,2,0 %,0 %,0 %,,,,,牝,3,短,短,小標ベ,◎,集中力×,完歩小さ,追頭上る,ニューイヤーズデイ,31,10%,13%,23%,,49(札ダ),44,コース平均,https://stride.get-luck.jp/member/race_viewer_test.php?racedate=20260830&racekey=01262406&jo=2&idpm=iFT66JycF8pFY,PASS
2026-08-30,札幌,6,202601020406,01262406,12:50,6R ダ1700 ３歳上１勝クラス 12:50,3,ライラックデューン,古川吉洋,22.1,8,超低速スタミナ,,55,Ｄ,Ｄ,7,43,51,-10,7,8%,55 (4),55 (6),49 (5),50 (7),52 (8),4,7,最内,3,5,最内,7,15,最内,56,[続][瞬],45,"コース×,枠脚質×,直近◎",120,5%,11%,17%,緒方努,千歳市,1,,,,,,,,,牝,4,普,普,中標,○,砂被る×,腰甘い,坂×,コパノリッキー,34,6%,9%,12%,56(函Ｗ),64(函ダ),51,コース終い重点,https://stride.get-luck.jp/member/race_viewer_test.php?racedate=20260830&racekey=01262406&jo=2&idpm=iFT66JycF8pFY,PASS
2026-08-30,札幌,6,202601020406,01262406,12:50,6R ダ1700 ３歳上１勝クラス 12:50,4,サイモンイロハニー,河原田菜々,30.7,9,中速バランス,,46,Ｄ,Ｄ,9,38,45,-21,9,43%,37 (12),57 (4),67 (1),51 (6),37 (11),12,17,最内,11,11,最内,9,17,中,52,,56,直近◎,14,14%,21%,21%,谷潔,グリーンＦ,5,14,7 %,7 %,7 %,,,,,牝,4,普,普,細標ベ,○,滞競馬○,展開待ち,スタミ×,ゴールドシップ,12,8%,25%,25%,,42(札ダ),45,コース終い重点,https://stride.get-luck.jp/member/race_viewer_test.php?racedate=20260830&racekey=01262406&jo=2&idpm=iFT66JycF8pFY,PASS
2026-08-30,札幌,6,202601020406,01262406,12:50,6R ダ1700 ３歳上１勝クラス 12:50,5,サマースプラッシュ,和田陽希,46.9,12,低速スタミナ,,41,Ｄ,Ｄ,10,34,36,-34,11,11%,55 (5),37 (11),37 (12),44 (10),53 (6),5,7,内,10,11,内,10,19,中,50,,46,,40,3%,8%,10%,石栗龍彦,高橋ＴＣ,7,,,,,,,,,牝,3,普,普,小ベ,△,腰甘い,突っ張る,,アポロケンタッキー,9,0%,22%,33%,,,36,,https://stride.get-luck.jp/member/race_viewer_test.php?racedate=20260830&racekey=01262406&jo=2&idpm=iFT66JycF8pFY,PASS
2026-08-30,札幌,6,202601020406,01262406,12:50,6R ダ1700 ３歳上１勝クラス 12:50,6,デルマサクラサク,横山和生,6.1,3,超低速スタミナ,,62,Ｃ,Ｄ,6,50,52,-2,3,6%,37 (11),56 (5),66 (2),66 (1),57 (4),11,16,内,8,10,外,6,13,大外,56,[久][続],67,"コース×,枠脚質○,直近○",112,13%,26%,47%,牧田和弥,山元トレセン,3,1,100 %,100 %,100 %,,,,,牝,4,普,普,小標起,○,水浮ダ○,展開待ち,ブ効果○,マインドユアビスケッツ,61,10%,18%,31%,44(函Ｗ),33(函Ｗ),52,コース終い重点,https://stride.get-luck.jp/member/race_viewer_test.php?racedate=20260830&racekey=01262406&jo=2&idpm=iFT66JycF8pFY,PASS
2026-08-30,札幌,6,202601020406,01262406,12:50,6R ダ1700 ３歳上１勝クラス 12:50,7,タイセイルビー,小林美駒,12.3,6,低速持続,ピッタリ,65,Ｃ,Ａ,3,47,52,-5,6,0%,47 (8),40 (10),45 (8),56 (4),61 (1),8,11,内,9,10,中,3,11,大外,50,,63,"コース○,直近○",52,13%,25%,35%,千葉直人,大東牧場,7,,,,,,,,,牝,3,短,短,小標ベ,△,腰甘い,上が掛○,展開待ち,サトノダイヤモンド,32,13%,25%,38%,,58(札ダ),52,コース平均,https://stride.get-luck.jp/member/race_viewer_test.php?racedate=20260830&racekey=01262406&jo=2&idpm=iFT66JycF8pFY,PASS
2026-08-30,札幌,6,202601020406,01262406,12:50,6R ダ1700 ３歳上１勝クラス 12:50,8,ヤマヤロード,古川奈穂,33.5,10,中速瞬発,,37,Ｄ,Ｄ,11,29,48,-27,10,25%,40 (10),30 (12),46 (7),37 (11),37 (10),10,15,最内,12,15,最内,11,20,内,51,[先][追],40,コース×,77,3%,4%,5%,小崎憲,チャンピオンヒルズ,2,186,8 %,15 %,22 %,,,,,牝,3,短,短,細ベ,○,腰甘い,,,アルアイン,5,0%,20%,20%,,48(札ダ),48,コース平均,https://stride.get-luck.jp/member/race_viewer_test.php?racedate=20260830&racekey=01262406&jo=2&idpm=iFT66JycF8pFY,PASS
2026-08-30,札幌,6,202601020406,01262406,12:50,6R ダ1700 ３歳上１勝クラス 12:50,9,ウィンターガーデン,小沢大仁,11.9,4,超低速底力,,64,Ｃ,Ａ,4,50,52,-2,5,8%,43 (9),58 (3),62 (3),62 (2),55 (5),9,12,最内,5,7,内,4,12,内,56,[先][瞬],34,"枠脚質×,直近▲",52,4%,8%,12%,井上智史,ノーザンファーム,1,3,0 %,33 %,33 %,1,0%,0%,0 %,牝,5,普,普,中標,○,小倉向き,小回向き,器用さ欠,リアルインパクト,13,8%,15%,23%,46(函Ｗ),50(函Ｗ),52,コース平均,https://stride.get-luck.jp/member/race_viewer_test.php?racedate=20260830&racekey=01262406&jo=2&idpm=iFT66JycF8pFY,PASS
2026-08-30,札幌,6,202601020406,01262406,12:50,6R ダ1700 ３歳上１勝クラス 12:50,10,ヴェールミューズ,鮫島克駿,12.2,5,超低速底力,,63,Ｃ,Ａ,5,45,71,12,1,0%,57 (3),52 (8),45 (9),49 (8),52 (7),3,4,最内,6,7,最内,5,12,外,53,[先][瞬],47,コース×,119,8%,19%,30%,浜田多実雄,キャニオンファーム土山,3,17,12 %,18 %,24 %,,,,,牝,3,普,普,中標,△,砂被る×,大トビ,,ルヴァンスレーヴ,51,10%,20%,27%,41(札ダ),79(札ダ),71,コース平均,https://stride.get-luck.jp/member/race_viewer_test.php?racedate=20260830&racekey=01262406&jo=2&idpm=iFT66JycF8pFY,PASS
2026-08-30,札幌,6,202601020406,01262406,12:50,6R ダ1700 ３歳上１勝クラス 12:50,11,スリーケイ,斎藤新,4.0,2,低速底力,カスリ,69,Ｃ,Ｄ,2,50,52,-2,4,20%,50 (6),53 (7),52 (4),57 (3),58 (3),6,9,内,4,5,内,2,10,中,53,[追][続],50,"コース×,直近◎",78,6%,14%,26%,高橋一哉,エクワインＲ,4,,,,,,,,,牝,3,普,普,中標,○,砂被る×,前行く○,札幌向き,クリソベリル,23,13%,17%,22%,17(函Ｗ),54(札ダ),52,コース平均,https://stride.get-luck.jp/member/race_viewer_test.php?racedate=20260830&racekey=01262406&jo=2&idpm=iFT66JycF8pFY,PASS
2026-08-30,札幌,6,202601020406,01262406,12:50,6R ダ1700 ３歳上１勝クラス 12:50,12,ルージュボニート,横山武史,2.2,1,低速底力,カスリ,119,ＡＡ,ＡＡ,1,57,52,5,2,0%,66 (1),60 (1),42 (11),51 (5),58 (2),1,0,最内,2,0,最内,1,0,最内,53,[続][瞬],63,"馬主○,コース○,直近▲",148,18%,30%,39%,高柳瑞樹,エスティＦ小見川,5,,,,,,,,,牝,3,短,短,細ベ,△,砂被る×,腰甘い,,キズナ,49,16%,27%,27%,11(函Ｗ),15(函Ｗ),52,コース平均,https://stride.get-luck.jp/member/race_viewer_test.php?racedate=20260830&racekey=01262406&jo=2&idpm=iFT66JycF8pFY,PASS
2026-08-30,札幌,7,202601020407,01262407,13:20,7R ダ1000 ３歳上１勝クラス 13:20,1,ブライアーヒル,大久保友雅,32.4,11,超高速スタミナ,,44,Ｄ,Ｄ,9,40,39,-25,10,10%,35 (12),27 (12),32 (12),44 (10),58 (3),12,14,最内,12,14,最内,9,13,内,53,[続],44,,10,0%,0%,10%,中尾秀正,加藤ステーブル,3,,,,,,,,,牝,4,普,普,中標,△,恐がり,時計速×,上が速×,アメリカンペイトリオット,7,0%,0%,14%,,33(札ダ),39,コース終い重点,https://stride.get-luck.jp/member/race_viewer_test.php?racedate=20260830&racekey=01262407&jo=2&idpm=iFT66JycF8pFY,PASS
2026-08-30,札幌,7,202601020407,01262407,13:20,7R ダ1000 ３歳上１勝クラス 13:20,2,カップッチョ,黛弘人,32.7,12,中速瞬発,,40,Ｄ,Ｄ,11,34,30,-40,12,9%,42 (10),45 (10),51 (5),49 (7),48 (9),8,11,最内,10,11,最内,11,14,中,58,[先][追][久][続],50,馬主○,31,3%,10%,16%,佐藤吉勝,ミルファーム,3,1,0 %,100 %,100 %,,,,,牡,9,短,短,小標起,△,時計速×,渋馬場○,上が掛○,ジョーカプチーノ,13,0%,0%,8%,,,30,,https://stride.get-luck.jp/member/race_viewer_test.php?racedate=20260830&racekey=01262407&jo=2&idpm=iFT66JycF8pFY,PASS
2026-08-30,札幌,7,202601020407,01262407,13:20,7R ダ1000 ３歳上１勝クラス 13:20,3,ヨドノゴールド,石川倭,3.5,2,中速底力,カスリ,87,Ａ,Ｂ,1,47,52,-5,2,2%,38 (11),53 (6),70 (1),72 (1),62 (2),11,13,内,11,13,内,1,0,大外,58,,66,,5,20%,20%,20%,橋田宜長,チャンピオンヒルズ,3,3,0 %,0 %,0 %,2,0%,0%,0 %,牡,8,短,短,中標,◎,ブ効果○,脚抜ダ○,外枠○,サウスヴィグラス,14,0%,14%,29%,,44(函Ｗ),52,コース終い重点,https://stride.get-luck.jp/member/race_viewer_test.php?racedate=20260830&racekey=01262407&jo=2&idpm=iFT66JycF8pFY,PASS
2026-08-30,札幌,7,202601020407,01262407,13:20,7R ダ1000 ３歳上１勝クラス 13:20,4,アスコットアイ,古川吉洋,22.1,10,高速スタミナ,カスリ,49,Ｄ,Ｄ,7,37,51,-16,6,0%,49 (6),47 (9),47 (8),49 (5),52 (6),7,9,内,7,9,内,7,11,中,56,[続][瞬],60,"枠脚質×,直近◎",32,6%,6%,19%,緒方努,ウイニングスタッド千歳,1,,,,,,,,,牝,4,短,短,小標,◎,ズブイ,ダ向き,完歩小さ,モズアスコット,4,25%,25%,25%,70(函Ｗ),70(函Ｗ),51,コーステン重点,https://stride.get-luck.jp/member/race_viewer_test.php?racedate=20260830&racekey=01262407&jo=2&idpm=iFT66JycF8pFY,PASS
2026-08-30,札幌,7,202601020407,01262407,13:20,7R ダ1000 ３歳上１勝クラス 13:20,5,ラスベガスサイン,横山琉人,13.2,5,高速持続,カスリ,39,Ｄ,Ｄ,12,33,44,-27,11,0%,44 (8),40 (11),41 (11),39 (11),43 (10),10,11,中,9,11,中,12,14,外,54,[追][続],44,直近▲,25,12%,24%,36%,長谷川浩大,ケイアイファーム,2,6,17 %,50 %,83 %,1,0%,100%,100 %,牝,3,普,普,小標,○,気が強い,口向悪い,滞競馬○,シルバーステート,7,14%,29%,29%,,44(札ダ),44,コース終い重点,https://stride.get-luck.jp/member/race_viewer_test.php?racedate=20260830&racekey=01262407&jo=2&idpm=iFT66JycF8pFY,PASS
2026-08-30,札幌,7,202601020407,01262407,13:20,7R ダ1000 ３歳上１勝クラス 13:20,6,セイウンバジリスク,和田陽希,5.7,3,中速スタミナ,,67,Ｃ,Ｄ,4,40,52,-12,5,0%,62 (3),57 (4),45 (9),49 (6),54 (5),3,2,最内,3,2,最内,4,6,中,53,,58,,17,12%,18%,18%,北出成人,キャニオンファーム土山,2,72,7 %,15 %,22 %,1,0%,0%,0 %,牡,3,普,普,大標,△,平坦向き,ダ大丈夫,,フィレンツェファイア,8,0%,13%,38%,,,52,,https://stride.get-luck.jp/member/race_viewer_test.php?racedate=20260830&racekey=01262407&jo=2&idpm=iFT66JycF8pFY,PASS
2026-08-30,札幌,7,202601020407,01262407,13:20,7R ダ1000 ３歳上１勝クラス 13:20,7,ステラノヴァ,長浜鴻緒,19.1,8,高速持続,カスリ,41,Ｄ,Ｄ,10,36,51,-17,9,30%,65 (1),61 (1),49 (7),36 (12),32 (11),1,0,最内,2,0,最内,10,14,最内,57,,47,,18,6%,6%,11%,水野貴広,ＫＳトレーニングＣ,2,119,8 %,15 %,23 %,,,,,牡,4,普,普,中標,○,スタミ×,,,ベストウォーリア,7,0%,29%,57%,58(函Ｗ),49(札ダ),51,コース終い重点,https://stride.get-luck.jp/member/race_viewer_test.php?racedate=20260830&racekey=01262407&jo=2&idpm=iFT66JycF8pFY,PASS
2026-08-30,札幌,7,202601020407,01262407,13:20,7R ダ1000 ３歳上１勝クラス 13:20,8,ワイドデコラシオン,横山武史,2.9,1,高速底力,ピッタリ,80,Ｃ,Ｓ,2,48,52,-4,1,0%,55 (4),59 (3),57 (3),55 (3),50 (8),4,4,内,4,4,内,2,2,最内,58,[続][瞬],66,"枠脚質○,直近▲",37,5%,24%,51%,辻野泰之,チャンピオンヒルズ,4,11,18 %,18 %,36 %,,,,,牡,4,普,普,中標,○,一本調子,,,ミッキーアイル,23,0%,4%,13%,53(札ダ),52(札ダ),52,コース終い重点,https://stride.get-luck.jp/member/race_viewer_test.php?racedate=20260830&racekey=01262407&jo=2&idpm=iFT66JycF8pFY,PASS
2026-08-30,札幌,7,202601020407,01262407,13:20,7R ダ1000 ３歳上１勝クラス 13:20,9,セイルロケット,大野拓弥,16.1,7,高速持続,カスリ,59,Ｄ,Ｄ,5,37,51,-16,7,29%,47 (7),47 (8),50 (6),50 (4),51 (7),6,9,最内,6,9,最内,5,8,外,58,[先][追][瞬],45,直近○,8,13%,25%,38%,橋口慎介,ノーザンファーム,1,7,14 %,29 %,29 %,4,0%,25%,25 %,牡,4,短,短,中標,○,ハナ条件,ダ大丈夫,腰甘い,スワーヴリチャード,5,0%,20%,40%,,68(札ダ),51,コーステン重点,https://stride.get-luck.jp/member/race_viewer_test.php?racedate=20260830&racekey=01262407&jo=2&idpm=iFT66JycF8pFY,PASS
2026-08-30,札幌,7,202601020407,01262407,13:20,7R ダ1000 ３歳上１勝クラス 13:20,10,スパークルジョイ,小沢大仁,19.2,9,中速底力,カスリ,49,Ｄ,Ｄ,8,39,48,-17,8,10%,53 (5),60 (2),62 (2),44 (9),32 (12),5,5,最内,5,5,最内,8,11,内,56,[先][瞬],37,直近▲,22,5%,9%,14%,前川恭子,早来町,2,,,,,,,,,牝,5,短,短,小標,◎,気難しい,突っ張る,ハナ条件,レッドファルクス,13,15%,23%,31%,,,48,,https://stride.get-luck.jp/member/race_viewer_test.php?racedate=20260830&racekey=01262407&jo=2&idpm=iFT66JycF8pFY,PASS
2026-08-30,札幌,7,202601020407,01262407,13:20,7R ダ1000 ３歳上１勝クラス 13:20,11,プルミエールパス,川又賢治,8.4,4,中速スタミナ,,74,Ｂ,Ｓ,3,46,52,-6,3,0%,64 (2),56 (5),42 (10),49 (8),55 (4),2,0,内,1,0,内,3,4,内,56,[先][続][瞬],39,,14,14%,29%,29%,河嶋宏樹,キャニオンファーム土山,1,90,6 %,12 %,21 %,5,0%,0%,60 %,牝,5,普,普,中標,○,脚抜ダ○,前行く○,内枠○,ロゴタイプ,4,0%,0%,0%,51(栗坂),22(札ダ),52,コース終い重点,https://stride.get-luck.jp/member/race_viewer_test.php?racedate=20260830&racekey=01262407&jo=2&idpm=iFT66JycF8pFY,PASS
2026-08-30,札幌,7,202601020407,01262407,13:20,7R ダ1000 ３歳上１勝クラス 13:20,12,メイショウハッブル,古川奈穂,13.6,6,低速スタミナ,,57,Ｄ,Ｄ,6,42,50,-12,4,24%,44 (9),48 (7),55 (4),63 (2),63 (1),9,11,内,8,11,内,6,9,最内,56,[先][追],44,,41,7%,22%,27%,石橋守,キャニオンファーム土山,4,8,25 %,25 %,50 %,,,,,牡,5,短,短,小標,○,アテに×,右回り○,京都向き,グレーターロンドン,3,0%,0%,0%,,,50,,https://stride.get-luck.jp/member/race_viewer_test.php?racedate=20260830&racekey=01262407&jo=2&idpm=iFT66JycF8pFY,PASS
2026-08-30,札幌,8,202601020408,01262408,13:50,8R 芝1500 ３歳上１勝クラス(無料開放レース) 13:50,1,ハネマン,原田和真,52.2,14,超高速底力,,35,Ｄ,Ｄ,14,34,40,-36,14,78%,47 (10),45 (10),47 (9),51 (6),54 (7),8,10,最内,12,17,内,14,17,内,53,[先][久],50,,9,0%,0%,0%,伊坂重信,新冠町,1,2,0 %,0 %,50 %,,,,,牝,3,短,短,小標ベ,△,器用,腰甘い,追頭上る,ファインニードル,11,9%,18%,27%,38(札ダ),44(札ダ),40,コース平均,https://stride.get-luck.jp/member/race_viewer_test.php?racedate=20260830&racekey=01262408&jo=2&idpm=iFT66JycF8pFY,PASS
2026-08-30,札幌,8,202601020408,01262408,13:50,8R 芝1500 ３歳上１勝クラス(無料開放レース) 13:50,2,メメボス,古川吉洋,35.8,10,高速持続,ピッタリ,57,Ｄ,Ｄ,6,44,54,-12,5,0%,47 (9),53 (5),55 (5),52 (5),47 (9),10,11,中,3,13,外,6,10,外,53,[続][瞬],59,"枠脚質×,直近◎",32,3%,9%,22%,飯田祐史,キャニオンファーム土山,4,6,17 %,50 %,67 %,,,,,牝,3,普,普,中標ベ,△,スタミ×,腰甘い,,コントレイル,30,13%,33%,43%,,74(札ダ),54,コース平均,https://stride.get-luck.jp/member/race_viewer_test.php?racedate=20260830&racekey=01262408&jo=2&idpm=iFT66JycF8pFY,PASS
2026-08-30,札幌,8,202601020408,01262408,13:50,8R 芝1500 ３歳上１勝クラス(無料開放レース) 13:50,3,トリスティ,佐藤翔馬,30.7,9,高速バランス,カスリ,48,Ｄ,Ｄ,10,42,50,-18,7,0%,56 (4),48 (9),43 (11),54 (4),59 (4),3,7,内,8,15,最内,10,13,外,50,,47,,3,0%,0%,0%,伊藤圭三,松風馬事センター,1,232,5 %,12 %,23 %,,,,,牝,3,短,短,中標ベ,△,シブトイ,腰甘い,,ディーマジェスティ,20,5%,10%,25%,46(美坂),52(南Ｗ),50,併用終い重点,https://stride.get-luck.jp/member/race_viewer_test.php?racedate=20260830&racekey=01262408&jo=2&idpm=iFT66JycF8pFY,PASS
2026-08-30,札幌,8,202601020408,01262408,13:50,8R 芝1500 ３歳上１勝クラス(無料開放レース) 13:50,4,クラウンアールシー,石川倭,39.2,12,超低速スタミナ,,45,Ｄ,Ｄ,11,32,54,-24,13,10%,51 (6),52 (6),51 (7),30 (14),33 (14),9,11,内,7,15,外,11,13,大外,58,,55,,11,0%,0%,0%,水野貴広,菅井牧場,2,3,0 %,0 %,33 %,,,,,牡,4,短,短,小ベ,△,腰甘い,,,ブリックスアンドモルタル,44,14%,20%,25%,44(函Ｗ),58(函Ｗ),54,コース平均,https://stride.get-luck.jp/member/race_viewer_test.php?racedate=20260830&racekey=01262408&jo=2&idpm=iFT66JycF8pFY,PASS
2026-08-30,札幌,8,202601020408,01262408,13:50,8R 芝1500 ３歳上１勝クラス(無料開放レース) 13:50,5,ユーティジャーニー,長浜鴻緒,5.8,4,超高速底力,,75,Ｂ,Ｂ,4,49,56,-5,3,31%,60 (2),42 (11),32 (14),49 (9),63 (1),2,6,最内,11,17,最内,4,5,外,55,,45,枠脚質○,12,0%,17%,25%,矢嶋大樹,吉澤Ｓ－ＥＡＳＴ,3,4,25 %,25 %,25 %,2,50%,50%,50 %,牝,4,短,短,小標ベ,○,小回向き,内枠○,完歩小さ,ヤングマンパワー,5,0%,20%,20%,,58(札ダ),56,コース平均,https://stride.get-luck.jp/member/race_viewer_test.php?racedate=20260830&racekey=01262408&jo=2&idpm=iFT66JycF8pFY,PASS
2026-08-30,札幌,8,202601020408,01262408,13:50,8R 芝1500 ３歳上１勝クラス(無料開放レース) 13:50,6,ファンクション,斎藤新,3.3,1,低速瞬発,,76,Ｃ,Ｓ,3,46,56,-8,4,20%,42 (12),55 (4),62 (2),67 (1),54 (6),12,13,内,6,14,中,3,4,中,53,[追][続],56,"調教師○,コース×,枠脚質×,直近◎",32,6%,13%,28%,斎藤誠,エクワインＲ,1,37,3 %,8 %,16 %,,,,,牝,3,短,短,小ベ,△,腰甘い,小回向き,荒馬場○,アルアイン,18,0%,0%,11%,68(函Ｗ),69(函Ｗ),56,コース終い重点,https://stride.get-luck.jp/member/race_viewer_test.php?racedate=20260830&racekey=01262408&jo=2&idpm=iFT66JycF8pFY,PASS
2026-08-30,札幌,8,202601020408,01262408,13:50,8R 芝1500 ３歳上１勝クラス(無料開放レース) 13:50,7,テンユウ,丹内祐次,13.7,5,超高速底力,,51,Ｄ,Ｄ,7,40,52,-18,8,25%,31 (14),35 (14),46 (10),59 (3),60 (2),14,17,最内,14,24,最内,7,12,中,55,[先][追],42,"コース×,枠脚質×,直近×",87,8%,17%,30%,奥村武,ファンタストクラブ,1,10,10 %,10 %,20 %,1,0%,0%,0 %,牡,3,短,短,小標ベ,△,腰甘い,上が速×,,サートゥルナーリア,48,19%,31%,48%,50(札ダ),49(札ダ),52,コース終い重点,https://stride.get-luck.jp/member/race_viewer_test.php?racedate=20260830&racekey=01262408&jo=2&idpm=iFT66JycF8pFY,PASS
2026-08-30,札幌,8,202601020408,01262408,13:50,8R 芝1500 ３歳上１勝クラス(無料開放レース) 13:50,8,トクシージェネラル,横山琉人,38.4,11,超低速バランス,,49,Ｄ,Ｄ,9,42,49,-19,11,7%,39 (13),55 (3),65 (1),51 (7),39 (12),13,14,最内,5,14,内,9,12,内,58,[追][続],49,"調教師○,枠脚質×,直近▲",30,0%,3%,3%,小島茂之,小野瀬ファーム,2,10,10 %,10 %,20 %,3,0%,0%,33 %,牡,5,普,普,細標ベ,△,腰甘い,時計速×,,オマハビーチ,1,0%,0%,0%,,47(函Ｗ),49,コース平均,https://stride.get-luck.jp/member/race_viewer_test.php?racedate=20260830&racekey=01262408&jo=2&idpm=iFT66JycF8pFY,PASS
2026-08-30,札幌,8,202601020408,01262408,13:50,8R 芝1500 ３歳上１勝クラス(無料開放レース) 13:50,9,メイショウホダワラ,吉田隼人,17.2,6,中速スタミナ,,49,Ｄ,Ｄ,8,38,54,-18,10,8%,48 (8),48 (8),49 (8),39 (13),42 (10),5,8,最内,4,13,最内,8,12,最内,56,[追],46,"コース○,枠脚質×,直近▲",37,3%,14%,19%,荒川義之,宇治田原優駿Ｓ,2,193,4 %,8 %,16 %,3,0%,0%,0 %,牝,4,短,短,中標,○,恐がり,スピ有り,平坦向き,デクラレーションオブウォー,36,19%,28%,39%,,77(札ダ),54,コース平均,https://stride.get-luck.jp/member/race_viewer_test.php?racedate=20260830&racekey=01262408&jo=2&idpm=iFT66JycF8pFY,PASS
2026-08-30,札幌,8,202601020408,01262408,13:50,8R 芝1500 ３歳上１勝クラス(無料開放レース) 13:50,10,スタードメイソン,和田陽希,26.7,8,低速スタミナ,,64,Ｃ,Ｓ,5,48,48,-14,6,25%,57 (3),64 (2),61 (3),50 (8),41 (11),4,7,中,2,9,最内,5,8,最内,53,,49,,11,0%,0%,9%,加藤公太,社台ファーム,2,,,,,,,,,牝,4,普,普,中標,◎,スタミ×,芝向き,軟ら芝○,ブリックスアンドモルタル,44,14%,20%,25%,47(札ダ),51(札ダ),48,コース平均,https://stride.get-luck.jp/member/race_viewer_test.php?racedate=20260830&racekey=01262408&jo=2&idpm=iFT66JycF8pFY,PASS
2026-08-30,札幌,8,202601020408,01262408,13:50,8R 芝1500 ３歳上１勝クラス(無料開放レース) 13:50,11,ドラリズム,黛弘人,22.0,7,中速バランス,,47,Ｄ,Ｄ,12,44,46,-20,12,12%,51 (7),39 (13),37 (13),48 (10),59 (3),7,9,中,13,18,中,12,14,中,55,[先][追][久][続],36,枠脚質×,27,0%,7%,15%,武藤善則,阿見トレセン,3,26,8 %,19 %,31 %,1,0%,0%,0 %,牡,3,普,普,中ベ,△,ズブイ,砂被る×,フット×,コパノリッキー,8,0%,0%,0%,42(札ダ),54(札ダ),46,コース平均,https://stride.get-luck.jp/member/race_viewer_test.php?racedate=20260830&racekey=01262408&jo=2&idpm=iFT66JycF8pFY,PASS
2026-08-30,札幌,8,202601020408,01262408,13:50,8R 芝1500 ３歳上１勝クラス(無料開放レース) 13:50,12,ネッタイヤライ,横山武史,3.6,2,中速瞬発,,89,Ａ,Ｂ,1,53,57,0,1,0%,73 (1),72 (1),59 (4),45 (11),38 (13),1,0,最内,1,0,最内,1,0,最内,55,[続][瞬],72,"コース○,直近▲",67,21%,36%,48%,矢作芳人,真狩サマーステーブル,1,33,9 %,12 %,21 %,1,0%,0%,0 %,牡,3,普,普,小標,○,腰甘い,行たがる,突っ張る,コントレイル,30,13%,33%,43%,60(函Ｗ),46(函Ｗ),57,コース平均,https://stride.get-luck.jp/member/race_viewer_test.php?racedate=20260830&racekey=01262408&jo=2&idpm=iFT66JycF8pFY,PASS
2026-08-30,札幌,8,202601020408,01262408,13:50,8R 芝1500 ３歳上１勝クラス(無料開放レース) 13:50,13,シェーンルスカ,遠藤汰月,43.7,13,高速スタミナ,,43,Ｄ,Ｄ,13,39,53,-18,9,44%,51 (5),41 (12),38 (12),40 (12),51 (8),6,9,内,10,17,外,13,15,外,53,,34,,5,0%,0%,0%,本間忍,ディアレストＣＥ,5,,,,,,,,,牝,4,短,短,中ベ,△,スタミ×,,,イスラボニータ,46,11%,15%,26%,,,53,,https://stride.get-luck.jp/member/race_viewer_test.php?racedate=20260830&racekey=01262408&jo=2&idpm=iFT66JycF8pFY,PASS
2026-08-30,札幌,8,202601020408,01262408,13:50,8R 芝1500 ３歳上１勝クラス(無料開放レース) 13:50,14,ルクスアドラー,横山典弘,4.2,3,高速スタミナ,,78,Ｂ,Ｃ,2,53,55,-2,2,9%,46 (11),51 (7),54 (6),65 (2),59 (5),11,12,最内,9,16,中,2,4,大外,58,[先][追][瞬],59,枠脚質○,15,20%,27%,40%,平岩大典,ＫＳトレーニングＣ,4,,,,,,,,,牡,5,短,短,中標ベ,△,終い確実,滞競馬○,舌ハミ越,オルフェーヴル,89,8%,15%,24%,,,55,,https://stride.get-luck.jp/member/race_viewer_test.php?racedate=20260830&racekey=01262408&jo=2&idpm=iFT66JycF8pFY,PASS
2026-08-30,札幌,9,202601020409,01262409,14:20,9R ダ1700 ３歳上１勝クラス 14:20,1,マテンロウカナロア,横山和生,6.2,5,超低速スタミナ,,65,Ｃ,Ｄ,4,49,54,-1,4,8%,51 (6),58 (3),58 (3),54 (4),51 (6),6,6,最内,5,4,最内,4,2,中,58,[久][続],60,"馬主○,コース×,直近○",112,13%,26%,47%,野中賢二,グリーンウッド,3,20,10 %,15 %,15 %,,,,,牡,4,普,普,中標,△,時計掛○,外枠○,Ｐ遅い○,ロードカナロア,78,5%,12%,23%,45(函Ｗ),57(函Ｗ),54,コース平均,https://stride.get-luck.jp/member/race_viewer_test.php?racedate=20260830&racekey=01262409&jo=2&idpm=iFT66JycF8pFY,PASS
2026-08-30,札幌,9,202601020409,01262409,14:20,9R ダ1700 ３歳上１勝クラス 14:20,2,ウヌボレヤサン,長浜鴻緒,31.3,10,超低速持続,カスリ,31,Ｄ,Ｄ,11,28,47,-29,10,12%,66 (1),57 (4),42 (8),23 (11),24 (11),1,0,最内,3,2,最内,11,13,最内,57,,43,,48,6%,10%,17%,本間忍,大東牧場,1,11,9 %,9 %,9 %,3,33%,33%,33 %,セ,5,短,短,小標ベ,○,非力,ハナ条件,平坦向き,ダノンレジェンド,30,3%,10%,17%,59(南Ｗ),64(美坂),47,併用平均,https://stride.get-luck.jp/member/race_viewer_test.php?racedate=20260830&racekey=01262409&jo=2&idpm=iFT66JycF8pFY,PASS
2026-08-30,札幌,9,202601020409,01262409,14:20,9R ダ1700 ３歳上１勝クラス 14:20,3,フクシマブリルハム,横山琉人,25.3,8,低速底力,カスリ,46,Ｄ,Ｄ,9,40,46,-18,9,75%,45 (7),33 (10),34 (11),51 (7),59 (2),9,9,中,9,9,内,9,8,外,55,[追][続],44,"調教師○,コース×,直近▲",66,2%,3%,9%,小島茂之,阿見トレセン,1,337,6 %,12 %,16 %,2,0%,0%,0 %,牡,3,短,短,小標ベ,△,時計掛○,腰甘い,,ドレフォン,120,10%,19%,30%,64(美坂),30(函Ｗ),46,併用平均,https://stride.get-luck.jp/member/race_viewer_test.php?racedate=20260830&racekey=01262409&jo=2&idpm=iFT66JycF8pFY,PASS
2026-08-30,札幌,9,202601020409,01262409,14:20,9R ダ1700 ３歳上１勝クラス 14:20,4,ステラデルークス,横山武史,5.2,3,超低速スタミナ,,63,Ｃ,Ｄ,5,48,57,1,3,25%,58 (4),58 (2),52 (6),57 (2),57 (4),4,4,中,2,2,内,5,3,内,55,[続][瞬],65,"馬主○,コース○,枠脚質○,直近▲",148,18%,30%,39%,鈴木伸尋,ブルーステーブル,2,198,7 %,16 %,26 %,,,,,牡,3,短,普,小標ベ,◎,時計掛○,完歩小さ,,インカンテーション,4,0%,0%,0%,33(札ダ),63(札ダ),57,コース平均,https://stride.get-luck.jp/member/race_viewer_test.php?racedate=20260830&racekey=01262409&jo=2&idpm=iFT66JycF8pFY,PASS
2026-08-30,札幌,9,202601020409,01262409,14:20,9R ダ1700 ３歳上１勝クラス 14:20,5,ホウオウバローロ,石川倭,12.6,6,低速底力,カスリ,68,Ｃ,ＡＡ,2,46,44,-14,7,10%,41 (9),51 (7),61 (2),54 (6),50 (8),11,12,最内,10,9,最内,2,2,大外,58,,53,,26,12%,15%,19%,前川恭子,ノーザンＦ空港,3,1,0 %,0 %,0 %,,,,,牡,5,短,短,小ベ,◎,上が速×,使込○,大トビ,ロードカナロア,78,5%,12%,23%,21(函Ｗ),46(函Ｗ),44,コース平均,https://stride.get-luck.jp/member/race_viewer_test.php?racedate=20260830&racekey=01262409&jo=2&idpm=iFT66JycF8pFY,PASS
2026-08-30,札幌,9,202601020409,01262409,14:20,9R ダ1700 ３歳上１勝クラス 14:20,6,デルマホダカ,遠藤汰月,35.6,11,超低速スタミナ,,48,Ｄ,Ｄ,8,38,51,-15,8,40%,43 (8),46 (9),52 (5),46 (9),45 (10),8,9,内,7,7,内,8,8,中,50,,44,,7,0%,0%,14%,菊沢隆徳,エスティＦ小見川,2,9,22 %,22 %,67 %,,,,,牝,3,短,普,小標,△,突っ張る,腰甘い,上が掛○,ブリックスアンドモルタル,16,0%,19%,19%,67(函芝),69(札ダ),51,コース平均,https://stride.get-luck.jp/member/race_viewer_test.php?racedate=20260830&racekey=01262409&jo=2&idpm=iFT66JycF8pFY,PASS
2026-08-30,札幌,9,202601020409,01262409,14:20,9R ダ1700 ３歳上１勝クラス 14:20,7,イサギ,小沢大仁,20.8,7,超低速スタミナ,,51,Ｄ,Ｄ,7,43,51,-10,6,10%,37 (11),52 (6),65 (1),58 (1),52 (5),10,10,最内,8,7,最内,7,7,内,55,[先][瞬],39,"枠脚質○,直近▲",52,4%,8%,12%,小椋研介,ファンタストクラブ,1,,,,,,,,,牡,3,普,普,中標,△,スタ芝×,ダ向き,時計速×,リアルスティール,45,11%,18%,22%,63(函Ｗ),64(函Ｗ),51,コース平均,https://stride.get-luck.jp/member/race_viewer_test.php?racedate=20260830&racekey=01262409&jo=2&idpm=iFT66JycF8pFY,PASS
2026-08-30,札幌,9,202601020409,01262409,14:20,9R ダ1700 ３歳上１勝クラス 14:20,8,サマーナイト,河原田菜々,3.9,2,超低速バランス,,60,Ｄ,Ｄ,6,51,58,5,1,17%,59 (2),49 (8),40 (9),54 (5),59 (1),5,5,内,4,4,中,6,4,外,54,,58,直近◎,14,14%,21%,21%,寺島良,ノーザンＦ空港,2,7,0 %,0 %,14 %,,,,,牡,4,短,普,小標ベ,◎,ブ効果○,前行く○,完歩小さ,ルーラーシップ,72,10%,15%,28%,,,58,,https://stride.get-luck.jp/member/race_viewer_test.php?racedate=20260830&racekey=01262409&jo=2&idpm=iFT66JycF8pFY,PASS
2026-08-30,札幌,9,202601020409,01262409,14:20,9R ダ1700 ３歳上１勝クラス 14:20,9,チェイサー,佐藤翔馬,5.3,4,低速持続,ピッタリ,72,Ｃ,Ｃ,1,55,52,3,2,17%,55 (5),54 (5),49 (7),57 (3),57 (3),2,3,内,6,4,内,1,0,外,52,,41,,2,0%,0%,0%,相沢郁,阿見トレセン,1,176,3 %,9 %,14 %,4,0%,25%,25 %,牡,3,短,短,小ベ,○,揉れ弱い,腰甘い,小回向き,レイデオロ,38,3%,11%,18%,45(函Ｗ),44(函Ｗ),52,コース平均,https://stride.get-luck.jp/member/race_viewer_test.php?racedate=20260830&racekey=01262409&jo=2&idpm=iFT66JycF8pFY,PASS
2026-08-30,札幌,9,202601020409,01262409,14:20,9R ダ1700 ３歳上１勝クラス 14:20,10,ブリオメンテ,武豊,3.3,1,超低速バランス,,67,Ｄ,Ａ,3,49,52,-3,5,17%,58 (3),62 (1),57 (4),49 (8),46 (9),3,4,最内,1,0,最内,3,2,最内,58,[続][瞬],64,コース○,89,20%,37%,47%,千田輝彦,チャンピオンヒルズ,3,4,0 %,50 %,50 %,,,,,牡,5,普,長,大標,○,使込○,大トビ,シブトイ,ドゥラメンテ,60,15%,28%,38%,,,52,,https://stride.get-luck.jp/member/race_viewer_test.php?racedate=20260830&racekey=01262409&jo=2&idpm=iFT66JycF8pFY,PASS
2026-08-30,札幌,9,202601020409,01262409,14:20,9R ダ1700 ３歳上１勝クラス 14:20,11,シックスパック,古川奈穂,26.1,9,中速バランス,,42,Ｄ,Ｄ,10,37,31,-36,11,20%,37 (10),31 (11),40 (10),46 (10),50 (7),7,8,最内,11,11,最内,10,9,内,56,[先][追],39,コース×,77,3%,4%,5%,戸田博文,ムラセファーム,1,221,2 %,6 %,10 %,1,0%,0%,0 %,牡,4,短,短,小標ベ,△,トモ甘い,,,マクフィ,36,11%,19%,28%,53(札ダ),58(札ダ),31,コース終い重点,https://stride.get-luck.jp/member/race_viewer_test.php?racedate=20260830&racekey=01262409&jo=2&idpm=iFT66JycF8pFY,PASS
2026-08-30,札幌,10,202601020410,01262410,14:50,10R 芝1200 ＨＢＣ賞 2勝クラス 14:50,1,カガラプンツェル,原田和真,24.9,11,超高速底力,ピッタリ,67,Ｃ,Ｓ,4,59,54,-5,7,10%,56 (6),65 (2),60 (2),50 (8),41 (15),7,5,中,7,3,中,4,2,大外,52,[先][久],49,,9,0%,0%,0%,萱野浩二,大東牧場,5,2,0 %,0 %,0 %,,,,,牝,3,短,短,中標,△,体質弱い,外枠○,舌ハミ越,タワーオブロンドン,21,19%,24%,24%,59(南Ｗ),42(札ダ),54,併用平均,https://stride.get-luck.jp/member/race_viewer_test.php?racedate=20260830&racekey=01262410&jo=2&idpm=iFT66JycF8pFY,PASS
2026-08-30,札幌,10,202601020410,01262410,14:50,10R 芝1200 ＨＢＣ賞 2勝クラス 14:50,2,ショウナンカリス,吉田隼人,13.6,6,超高速底力,ピッタリ,52,Ｄ,Ｄ,13,55,58,-5,8,27%,44 (12),52 (6),60 (3),54 (5),46 (10),14,10,中,13,8,中,13,8,外,52,[追],50,"枠脚質×,直近▲",38,0%,3%,8%,加藤士津八,ノーザンＦ天栄,3,2,50 %,50 %,50 %,1,100%,100%,100 %,牝,3,普,普,小標,○,ゲート×,腰甘い,突っ張る,リアルスティール,16,19%,31%,44%,49(札ダ),50(札ダ),58,コース中重点,https://stride.get-luck.jp/member/race_viewer_test.php?racedate=20260830&racekey=01262410&jo=2&idpm=iFT66JycF8pFY,PASS
2026-08-30,札幌,10,202601020410,01262410,14:50,10R 芝1200 ＨＢＣ賞 2勝クラス 14:50,3,バシレウスシチー,小沢大仁,15.1,9,超高速スタミナ,カスリ,54,Ｄ,Ｄ,11,54,56,-8,13,8%,49 (8),47 (10),47 (11),50 (9),52 (6),8,6,最内,8,4,最内,11,6,外,56,[先][瞬],36,"枠脚質×,直近▲",21,5%,5%,10%,岡田稲男,グリーンウッド,3,25,0 %,8 %,16 %,1,0%,0%,0 %,牡,7,短,普,中ベ,△,ロカ向き,馬込△,Ｐ速い×,ビッグアーサー,68,9%,19%,25%,34(函Ｗ),56(札ダ),56,コース平均,https://stride.get-luck.jp/member/race_viewer_test.php?racedate=20260830&racekey=01262410&jo=2&idpm=iFT66JycF8pFY,PASS
2026-08-30,札幌,10,202601020410,01262410,14:50,10R 芝1200 ＨＢＣ賞 2勝クラス 14:50,4,ルージュベルベット,浜中俊,13.7,7,超高速スタミナ,カスリ,70,Ｃ,Ｓ,2,60,57,-1,4,6%,65 (1),62 (3),43 (12),41 (13),45 (11),1,0,内,1,0,内,2,1,内,53,[先][追][続][瞬],54,"枠脚質×,直近○",44,14%,23%,25%,浅利英明,ノーザンＦ空港,1,,,,,1,0%,0%,0 %,牝,5,短,短,細標ベ,△,渋馬場○,時計速×,完歩小さ,ドレフォン,35,9%,23%,31%,33(札ダ),44(札ダ),57,コース平均,https://stride.get-luck.jp/member/race_viewer_test.php?racedate=20260830&racekey=01262410&jo=2&idpm=iFT66JycF8pFY,PASS
2026-08-30,札幌,10,202601020410,01262410,14:50,10R 芝1200 ＨＢＣ賞 2勝クラス 14:50,5,スイミーユニバンス,鮫島克駿,22.1,10,超高速底力,ピッタリ,53,Ｄ,Ｄ,12,55,58,-5,9,28%,44 (13),32 (16),35 (16),53 (7),68 (1),13,10,内,12,8,内,12,6,大外,53,[先][瞬],60,"コース○,枠脚質○",63,16%,24%,37%,平田修,ノーザンＦ空港,4,1,0 %,100 %,100 %,1,0%,100%,100 %,牝,6,普,普,中標,◎,突っ張る,渋馬場○,滞競馬○,ドゥラメンテ,19,0%,16%,26%,73(札ダ),64(札ダ),58,コース平均,https://stride.get-luck.jp/member/race_viewer_test.php?racedate=20260830&racekey=01262410&jo=2&idpm=iFT66JycF8pFY,PASS
2026-08-30,札幌,10,202601020410,01262410,14:50,10R 芝1200 ＨＢＣ賞 2勝クラス 14:50,6,コックオーヴァン,遠藤汰月,55.3,14,高速底力,カスリ,36,Ｄ,Ｄ,15,49,38,-31,16,44%,48 (10),51 (7),54 (8),47 (11),43 (13),11,8,最内,10,6,最内,15,11,内,51,,43,,5,0%,0%,20%,伊藤伸一,真歌トレーニングＰ,4,2,0 %,0 %,0 %,,,,,牝,3,短,短,小標ベ,△,荒馬場○,腰甘い,,ウインブライト,5,0%,0%,20%,,25(札ダ),38,コース平均,https://stride.get-luck.jp/member/race_viewer_test.php?racedate=20260830&racekey=01262410&jo=2&idpm=iFT66JycF8pFY,PASS
2026-08-30,札幌,10,202601020410,01262410,14:50,10R 芝1200 ＨＢＣ賞 2勝クラス 14:50,7,セイウンデセオ,武豊,8.6,3,超高速スタミナ,カスリ,67,Ｃ,Ｃ,6,59,59,0,3,5%,41 (15),45 (12),57 (5),65 (2),61 (4),15,12,最内,15,10,最内,6,4,大外,54,[続][瞬],71,"コース○,枠脚質×",63,21%,37%,41%,小手川準,西山牧場阿見分場,1,72,4 %,14 %,18 %,8,13%,25%,25 %,牝,5,短,短,中ベ,△,時計掛○,展開待ち,福島向き,ヴィクトワールピサ,12,0%,8%,25%,66(南Ｗ),49(札ダ),59,併用終い重点,https://stride.get-luck.jp/member/race_viewer_test.php?racedate=20260830&racekey=01262410&jo=2&idpm=iFT66JycF8pFY,PASS
2026-08-30,札幌,10,202601020410,01262410,14:50,10R 芝1200 ＨＢＣ賞 2勝クラス 14:50,8,ムチャスグラシアス,佐藤翔馬,78.8,16,高速スタミナ,,28,Ｄ,Ｄ,16,49,58,-11,14,21%,57 (5),49 (9),38 (13),35 (16),43 (14),5,3,最内,5,2,最内,16,14,最内,52,,40,,,%,%,%,菊川正達,ウイニングスタッド千歳,2,,,,,,,,,牝,5,短,普,小ベ,○,時計掛○,札幌向き,荒馬場○,カルフォルニアクローム,9,22%,22%,22%,,65(札ダ),58,コース平均,https://stride.get-luck.jp/member/race_viewer_test.php?racedate=20260830&racekey=01262410&jo=2&idpm=iFT66JycF8pFY,PASS
2026-08-30,札幌,10,202601020410,01262410,14:50,10R 芝1200 ＨＢＣ賞 2勝クラス 14:50,9,プレセピオ,川又賢治,11.8,5,超高速スタミナ,カスリ,61,Ｄ,Ｃ,7,50,61,-7,12,33%,62 (2),67 (1),55 (7),36 (15),28 (16),4,2,内,2,0,中,7,4,中,52,[先][続][瞬],41,,16,13%,19%,19%,笹田和秀,山元トレセン,1,20,10 %,10 %,20 %,1,0%,0%,0 %,牝,3,普,普,中標,◎,芝少掛○,内もたれ,,パドトロワ,5,0%,0%,0%,65(函Ｗ),62(函Ｗ),61,コース平均,https://stride.get-luck.jp/member/race_viewer_test.php?racedate=20260830&racekey=01262410&jo=2&idpm=iFT66JycF8pFY,PASS
2026-08-30,札幌,10,202601020410,01262410,14:50,10R 芝1200 ＨＢＣ賞 2勝クラス 14:50,10,ララバニュルス,藤懸貴志,14.9,8,超高速底力,ピッタリ,56,Ｄ,Ｄ,9,56,64,2,2,12%,50 (7),39 (14),35 (15),48 (10),62 (2),10,7,中,11,6,中,9,5,最内,56,[先][追][瞬],40,,,%,%,%,大竹正博,松風馬事センター,1,154,5 %,13 %,16 %,3,0%,67%,67 %,牡,4,普,普,中ベ,○,広馬場向,時計速○,芝軽い○,モーリス,58,7%,10%,22%,75(南Ｗ),59(函Ｗ),64,併用中重点,https://stride.get-luck.jp/member/race_viewer_test.php?racedate=20260830&racekey=01262410&jo=2&idpm=iFT66JycF8pFY,PASS
2026-08-30,札幌,10,202601020410,01262410,14:50,10R 芝1200 ＨＢＣ賞 2勝クラス 14:50,11,ファビュラススター,丹内祐次,26.6,12,中速持続,,61,Ｄ,Ａ,10,56,58,-4,6,8%,25 (16),35 (15),67 (1),73 (1),61 (3),16,18,最内,16,16,最内,10,6,中,56,[先][追],41,"コース×,枠脚質×,直近×",93,8%,13%,30%,新谷功一,島上牧場,1,23,0 %,13 %,17 %,,,,,牡,5,短,短,小標,◎,時計掛○,渋馬場○,大トビ,エピファネイア,18,0%,6%,6%,39(函Ｗ),58(札芝),58,コース終い重点,https://stride.get-luck.jp/member/race_viewer_test.php?racedate=20260830&racekey=01262410&jo=2&idpm=iFT66JycF8pFY,PASS
2026-08-30,札幌,10,202601020410,01262410,14:50,10R 芝1200 ＨＢＣ賞 2勝クラス 14:50,12,デンプシー,横山和生,3.3,1,超高速持続,カスリ,67,Ｄ,Ａ,3,57,59,-2,5,0%,46 (11),44 (13),47 (10),55 (4),58 (5),9,7,内,9,5,内,3,2,外,55,[久][続],66,"枠脚質○,直近○",47,17%,32%,40%,上原佑紀,坂東牧場,1,5,0 %,0 %,40 %,1,0%,0%,100 %,牡,3,短,短,細標ベ,○,一頭気抜,腰甘い,Ｒ中鼻血,ビッグアーサー,68,9%,19%,25%,,49(札ダ),59,コース平均,https://stride.get-luck.jp/member/race_viewer_test.php?racedate=20260830&racekey=01262410&jo=2&idpm=iFT66JycF8pFY,PASS
2026-08-30,札幌,10,202601020410,01262410,14:50,10R 芝1200 ＨＢＣ賞 2勝クラス 14:50,13,フミサウンド,大野拓弥,34.8,13,中速スタミナ,,49,Ｄ,Ｄ,14,53,58,-7,11,14%,43 (14),47 (11),56 (6),55 (3),51 (7),12,10,最内,14,8,最内,14,8,中,55,[先][追][瞬],45,"枠脚質○,直近○",20,0%,5%,20%,鹿戸雄一,ノーザンＦ空港,1,3,0 %,33 %,33 %,,,,,牡,6,短,短,小標ベ,○,馬込平気,腰甘い,脚抜ダ○,ジャスタウェイ,18,17%,22%,33%,59(函Ｗ),63(函Ｗ),58,コース平均,https://stride.get-luck.jp/member/race_viewer_test.php?racedate=20260830&racekey=01262410&jo=2&idpm=iFT66JycF8pFY,PASS
2026-08-30,札幌,10,202601020410,01262410,14:50,10R 芝1200 ＨＢＣ賞 2勝クラス 14:50,14,ホウオウブースター,石川倭,63.5,15,超高速底力,ピッタリ,56,Ｄ,Ｄ,8,54,57,-7,10,15%,49 (9),55 (5),58 (4),54 (6),47 (9),6,5,内,6,3,内,8,5,内,55,,52,,8,13%,13%,13%,高柳瑞樹,ノーザンＦ天栄,1,131,10 %,15 %,20 %,10,10%,10%,10 %,牡,4,短,短,小標ベ,△,器用,小回向き,完歩小さ,ブリックスアンドモルタル,12,0%,0%,0%,60(函Ｗ),49(函Ｗ),57,コース平均,https://stride.get-luck.jp/member/race_viewer_test.php?racedate=20260830&racekey=01262410&jo=2&idpm=iFT66JycF8pFY,PASS
2026-08-30,札幌,10,202601020410,01262410,14:50,10R 芝1200 ＨＢＣ賞 2勝クラス 14:50,15,シーグルロス,小林美駒,9.1,4,超高速底力,ピッタリ,64,Ｃ,Ｃ,5,56,42,-20,15,0%,59 (3),51 (8),37 (14),40 (14),49 (8),2,1,最内,4,0,最内,5,3,最内,52,,56,直近○,24,13%,25%,38%,尾形和幸,高橋ＴＣ,1,90,4 %,9 %,16 %,5,0%,0%,0 %,牝,3,短,短,細ベ,△,小回向き,時計掛○,芝軽い○,フィレンツェファイア,1,0%,0%,0%,51(函Ｗ),60(函Ｗ),42,併用平均,https://stride.get-luck.jp/member/race_viewer_test.php?racedate=20260830&racekey=01262410&jo=2&idpm=iFT66JycF8pFY,PASS
2026-08-30,札幌,10,202601020410,01262410,14:50,10R 芝1200 ＨＢＣ賞 2勝クラス 14:50,16,サトノワーグナー,横山武史,4.0,2,超高速底力,ピッタリ,75,Ｂ,Ｃ,1,58,64,4,1,22%,59 (4),59 (4),49 (9),45 (12),45 (12),3,1,中,3,0,外,1,0,外,54,[続][瞬],56,"コース○,枠脚質○,直近▲",76,14%,30%,45%,斎藤誠,エスティＦ小見川,2,110,9 %,16 %,27 %,4,25%,25%,25 %,牡,3,短,短,小標ベ,△,大トビ,腰甘い,,ロードカナロア,94,14%,26%,34%,66(函Ｗ),65(札ダ),64,コース平均,https://stride.get-luck.jp/member/race_viewer_test.php?racedate=20260830&racekey=01262410&jo=2&idpm=iFT66JycF8pFY,PASS
2026-08-30,札幌,11,202601020411,01262411,15:25,11R 芝1500 日高ステークス 3勝クラス WIN5 15:25,1,アンビバレント,丹内祐次,23.4,10,超高速底力,,38,Ｄ,Ｄ,12,53,62,-11,9,26%,51 (7),34 (14),36 (13),42 (11),54 (5),7,8,最内,14,17,最内,12,11,内,58,[先][追],37,"コース×,枠脚質×,直近×",87,8%,17%,30%,藤野健太,ノルマンディーＦ,1,1,0 %,0 %,0 %,1,0%,0%,0 %,牡,6,短,短,中ベ,○,展開待ち,後行く○,脚捌き△,ディスクリートキャット,9,0%,0%,11%,68(函ダ),60(函Ｗ),62,コース終い重点,https://stride.get-luck.jp/member/race_viewer_test.php?racedate=20260830&racekey=01262411&jo=2&idpm=iFT66JycF8pFY,PASS
2026-08-30,札幌,11,202601020411,01262411,15:25,11R 芝1500 日高ステークス 3勝クラス WIN5 15:25,2,ワタシマツワ,小林美駒,26.3,12,高速瞬発,,55,Ｄ,Ｄ,7,61,57,-8,8,0%,36 (14),50 (7),62 (2),60 (4),51 (8),13,15,最内,13,16,内,7,6,内,56,,61,"馬主○,直近○",22,14%,27%,32%,竹内正洋,下河辺牧場日高支場,1,10,10 %,20 %,30 %,,,,,牝,4,短,短,細ベ,△,追頭上る,完歩小さ,腰甘い,グレーターロンドン,17,12%,29%,35%,56(札ダ),53(札ダ),57,コース平均,https://stride.get-luck.jp/member/race_viewer_test.php?racedate=20260830&racekey=01262411&jo=2&idpm=iFT66JycF8pFY,PASS
2026-08-30,札幌,11,202601020411,01262411,15:25,11R 芝1500 日高ステークス 3勝クラス WIN5 15:25,3,マジックローズ,武豊,8.8,6,低速バランス,,64,Ｃ,Ｃ,5,65,59,-2,6,14%,57 (5),48 (8),42 (11),52 (6),63 (2),4,3,内,4,9,最内,5,3,中,56,[続][瞬],64,コース○,55,20%,31%,38%,中内田充正,チャンピオンヒルズ,1,273,27 %,42 %,52 %,5,40%,60%,60 %,牝,4,短,普,小標,○,前行く○,小回り×,スタ芝○,キズナ,132,12%,21%,30%,60(函Ｗ),47(函Ｗ),59,併用平均,https://stride.get-luck.jp/member/race_viewer_test.php?racedate=20260830&racekey=01262411&jo=2&idpm=iFT66JycF8pFY,PASS
2026-08-30,札幌,11,202601020411,01262411,15:25,11R 芝1500 日高ステークス 3勝クラス WIN5 15:25,4,エフォートレス,横山和生,8.7,5,高速持続,ピッタリ,66,Ｃ,Ｃ,3,61,62,-3,7,28%,46 (8),52 (5),55 (5),54 (5),50 (9),9,10,最内,6,12,内,3,2,外,58,[久][続],58,"コース○,枠脚質×,直近○",47,15%,26%,32%,嘉藤貴行,ブルーステーブル,1,62,11 %,24 %,32 %,10,10%,40%,60 %,牡,5,普,普,小標ベ,○,良脚長使,展開待ち,府中向き,エピファネイア,175,9%,19%,30%,67(南Ｗ),55(札ダ),62,コース平均,https://stride.get-luck.jp/member/race_viewer_test.php?racedate=20260830&racekey=01262411&jo=2&idpm=iFT66JycF8pFY,PASS
2026-08-30,札幌,11,202601020411,01262411,15:25,11R 芝1500 日高ステークス 3勝クラス WIN5 15:25,5,リゾートアイランド,横山武史,12.0,7,中速持続,カスリ,52,Ｄ,Ｄ,9,50,60,-16,12,0%,67 (1),68 (1),50 (7),34 (14),26 (14),1,0,最内,1,0,最内,9,6,最内,55,[続][瞬],66,"コース○,枠脚質×,直近▲",67,21%,36%,48%,上原佑紀,ノーザンＦ空港,1,4,0 %,0 %,0 %,,,,,牡,3,短,短,小標ベ,○,腰甘い,渋馬場○,広馬場向,イスラボニータ,46,11%,15%,26%,67(函Ｗ),52(札ダ),60,コース平均,https://stride.get-luck.jp/member/race_viewer_test.php?racedate=20260830&racekey=01262411&jo=2&idpm=iFT66JycF8pFY,PASS
2026-08-30,札幌,11,202601020411,01262411,15:25,11R 芝1500 日高ステークス 3勝クラス WIN5 15:25,6,エマヌエーレ,浜中俊,14.4,8,高速バランス,カスリ,60,Ｄ,Ａ,6,63,62,-1,5,9%,58 (4),62 (3),53 (6),50 (7),45 (12),5,4,最内,2,5,内,6,4,内,58,[先][追][続][瞬],50,"コース×,直近○",51,10%,25%,43%,平田修,ノーザンＦ空港,1,21,10 %,14 %,24 %,3,33%,33%,33 %,牡,6,普,普,中ベ,△,上が速×,馬込平気,腰甘い,ロードカナロア,113,6%,16%,23%,58(函Ｗ),60(函Ｗ),62,コース平均,https://stride.get-luck.jp/member/race_viewer_test.php?racedate=20260830&racekey=01262411&jo=2&idpm=iFT66JycF8pFY,PASS
2026-08-30,札幌,11,202601020411,01262411,15:25,11R 芝1500 日高ステークス 3勝クラス WIN5 15:25,7,サクセスアイ,藤懸貴志,50.3,14,超高速底力,,33,Ｄ,Ｄ,14,51,51,-24,14,12%,43 (10),41 (13),48 (9),47 (9),48 (10),8,9,内,11,15,中,14,12,中,56,[先][追][瞬],38,枠脚質○,,%,%,%,北出成人,キャニオンファーム土山,1,145,4 %,13 %,22 %,9,11%,33%,44 %,牝,6,短,普,小ベ,○,上が速×,鉄砲○,ソラ使う,ミッキーアイル,22,18%,23%,23%,59(函Ｗ),57(函Ｗ),51,コース平均,https://stride.get-luck.jp/member/race_viewer_test.php?racedate=20260830&racekey=01262411&jo=2&idpm=iFT66JycF8pFY,PASS
2026-08-30,札幌,11,202601020411,01262411,15:25,11R 芝1500 日高ステークス 3勝クラス WIN5 15:25,8,トラペジスト,吉田隼人,27.1,13,高速底力,カスリ,42,Ｄ,Ｄ,11,50,53,-23,13,9%,43 (11),41 (12),49 (8),47 (8),48 (11),11,12,最内,10,15,最内,11,9,内,58,[追],42,"馬主○,コース○,枠脚質×,直近▲",37,3%,14%,19%,秋山真一郎,ノーザンＦ空港,1,1,0 %,0 %,0 %,3,0%,0%,0 %,牡,5,短,短,中ベ,○,左回り○,展開待ち,脚捌き△,ニューイヤーズデイ,19,5%,21%,37%,48(札ダ),69(札ダ),53,コーステン重点,https://stride.get-luck.jp/member/race_viewer_test.php?racedate=20260830&racekey=01262411&jo=2&idpm=iFT66JycF8pFY,PASS
2026-08-30,札幌,11,202601020411,01262411,15:25,11R 芝1500 日高ステークス 3勝クラス WIN5 15:25,9,ダノンミッション,石川倭,4.1,1,高速瞬発,,70,Ｄ,Ｓ,2,64,66,4,2,0%,39 (12),64 (2),71 (1),67 (1),51 (7),14,15,内,7,12,中,2,1,大外,58,,52,,11,0%,0%,0%,堀宣行,山元トレセン,1,199,17 %,29 %,37 %,7,14%,86%,86 %,牡,4,短,短,細ベ,○,物見,内もたれ,Ｐ遅い○,ロードカナロア,113,6%,16%,23%,69(函ダ),69(函Ｗ),66,コース平均,https://stride.get-luck.jp/member/race_viewer_test.php?racedate=20260830&racekey=01262411&jo=2&idpm=iFT66JycF8pFY,PASS
2026-08-30,札幌,11,202601020411,01262411,15:25,11R 芝1500 日高ステークス 3勝クラス WIN5 15:25,10,エルマーゴ,鮫島克駿,5.3,2,高速瞬発,,67,Ｃ,Ｄ,4,61,69,4,3,17%,38 (13),44 (9),55 (4),63 (2),64 (1),12,14,中,12,16,外,4,3,大外,58,[先][瞬],38,"コース×,枠脚質×",57,5%,12%,21%,加藤征弘,吉澤ステーブル,1,6,33 %,33 %,50 %,,,,,牡,4,短,短,小ベ,△,広馬場向,,,サートゥルナーリア,48,19%,31%,48%,67(函Ｗ),74(函Ｗ),69,コース平均,https://stride.get-luck.jp/member/race_viewer_test.php?racedate=20260830&racekey=01262411&jo=2&idpm=iFT66JycF8pFY,PASS
2026-08-30,札幌,11,202601020411,01262411,15:25,11R 芝1500 日高ステークス 3勝クラス WIN5 15:25,11,サンタアニタ,斎藤新,21.8,9,超高速底力,,51,Ｄ,Ｄ,10,59,55,-12,11,23%,62 (2),43 (11),34 (14),41 (12),55 (4),3,2,中,9,13,外,10,7,大外,56,[追][続],53,"調教師○,コース×,枠脚質○,直近◎",32,6%,13%,28%,斎藤誠,エクワインＲ,1,37,3 %,8 %,16 %,,,,,牝,4,短,普,小ベ,○,良脚少し,時計速×,渋馬場○,ナダル,5,0%,0%,20%,,55(札ダ),55,コース平均,https://stride.get-luck.jp/member/race_viewer_test.php?racedate=20260830&racekey=01262411&jo=2&idpm=iFT66JycF8pFY,PASS
2026-08-30,札幌,11,202601020411,01262411,15:25,11R 芝1500 日高ステークス 3勝クラス WIN5 15:25,12,パワーホール,古川吉洋,25.3,11,中速瞬発,,36,Ｄ,Ｄ,13,53,62,-11,10,0%,60 (3),57 (4),48 (10),38 (13),35 (13),2,2,最内,3,5,最内,13,11,最内,58,[続][瞬],49,直近◎,32,3%,9%,22%,昆貢,ファンタストクラブ,1,136,7 %,15 %,24 %,1,0%,100%,100 %,セ,5,短,短,小標ベ,○,ハナ拘ず,荒馬場○,時計速×,スワーヴリチャード,58,14%,26%,34%,76(函Ｗ),68(札ダ),62,コース平均,https://stride.get-luck.jp/member/race_viewer_test.php?racedate=20260830&racekey=01262411&jo=2&idpm=iFT66JycF8pFY,PASS
2026-08-30,札幌,11,202601020411,01262411,15:25,11R 芝1500 日高ステークス 3勝クラス WIN5 15:25,13,モンドデラモーレ,大野拓弥,5.4,3,中速瞬発,,76,Ｂ,Ｂ,1,65,67,6,1,0%,44 (9),52 (6),57 (3),61 (3),59 (3),10,11,内,8,13,最内,1,0,外,58,[先][追][瞬],40,"枠脚質○,直近○",14,7%,21%,29%,千葉直人,ノーザンＦ天栄,1,36,11 %,31 %,42 %,11,9%,36%,45 %,牡,4,短,普,細標ベ,○,シブトイ,芝軽い○,前行く○,ワールドエース,18,11%,28%,33%,75(函Ｗ),63(函Ｗ),67,コース平均,https://stride.get-luck.jp/member/race_viewer_test.php?racedate=20260830&racekey=01262411&jo=2&idpm=iFT66JycF8pFY,PASS
2026-08-30,札幌,11,202601020411,01262411,15:25,11R 芝1500 日高ステークス 3勝クラス WIN5 15:25,14,マテンロウサン,横山典弘,7.2,4,高速持続,ピッタリ,53,Ｄ,Ｄ,8,57,69,0,4,25%,56 (6),43 (10),40 (12),44 (10),52 (6),6,6,最内,5,11,最内,8,6,外,58,[先][追][瞬],55,,15,20%,27%,40%,昆貢,ファンタストクラブ,1,136,7 %,15 %,24 %,3,67%,67%,67 %,牡,4,短,短,小標ベ,△,小回向き,時計掛○,上が速×,イントゥミスチーフ,7,14%,29%,43%,43(函Ｗ),64(札ダ),69,コース平均,https://stride.get-luck.jp/member/race_viewer_test.php?racedate=20260830&racekey=01262411&jo=2&idpm=iFT66JycF8pFY,PASS
2026-08-30,札幌,12,202601020412,01262412,16:00,12R 芝2600 北辰特別 1勝クラス 16:00,1,ノリマル,丹内祐次,5.9,3,低速持続,ピッタリ,77,Ｂ,Ｂ,3,56,55,1,3,10%,45 (9),57 (4),58 (4),60 (1),57 (4),8,10,最内,4,5,内,3,3,外,55,[先][追],59,"調教師○,枠脚質×,直近×",34,3%,9%,18%,尾形和幸,阿見トレセン,1,35,0 %,0 %,9 %,,,,,牡,3,短,短,小標ベ,△,スタミ○,滞競馬○,前行く○,ブリックスアンドモルタル,4,0%,0%,0%,38(函Ｗ),65(函Ｗ),55,併用平均,https://stride.get-luck.jp/member/race_viewer_test.php?racedate=20260830&racekey=01262412&jo=2&idpm=iFT66JycF8pFY,PASS
2026-08-30,札幌,12,202601020412,01262412,16:00,12R 芝2600 北辰特別 1勝クラス 16:00,2,ハバタクジユウニ,川又賢治,42.2,12,超低速瞬発,,49,Ｄ,Ｄ,12,44,54,-12,9,33%,44 (10),41 (12),47 (12),50 (9),53 (7),9,12,内,12,12,中,12,11,大外,53,[先][続][瞬],40,,11,0%,9%,9%,角田晃一,キャニオンファーム土山,2,85,9 %,21 %,27 %,,,,,牝,3,普,普,中立,○,芝×,大トビ,,ダノンキングリー,1,0%,0%,0%,38(札ダ),59(札ダ),54,コース平均,https://stride.get-luck.jp/member/race_viewer_test.php?racedate=20260830&racekey=01262412&jo=2&idpm=iFT66JycF8pFY,PASS
2026-08-30,札幌,12,202601020412,01262412,16:00,12R 芝2600 北辰特別 1勝クラス 16:00,3,モルビド,小沢大仁,15.3,8,中速持続,カスリ,60,Ｄ,Ａ,7,49,54,-7,7,25%,43 (11),45 (10),50 (7),57 (2),61 (2),11,13,最内,13,13,最内,7,9,外,56,[先][瞬],35,"馬主○,枠脚質×,直近▲",10,10%,20%,20%,中内田充正,山元トレセン,1,63,30 %,44 %,56 %,7,14%,14%,29 %,牝,4,普,普,中標,◎,展開待ち,器用さ欠,フット×,ブリックスアンドモルタル,4,0%,0%,0%,54(函Ｗ),54(函Ｗ),54,コース平均,https://stride.get-luck.jp/member/race_viewer_test.php?racedate=20260830&racekey=01262412&jo=2&idpm=iFT66JycF8pFY,PASS
2026-08-30,札幌,12,202601020412,01262412,16:00,12R 芝2600 北辰特別 1勝クラス 16:00,4,クオンタムスター,鮫島克駿,2.6,1,中速バランス,,88,Ａ,ＡＡ,1,56,59,5,2,0%,56 (5),57 (3),52 (6),56 (6),57 (3),4,7,内,3,3,内,1,0,中,55,[先][瞬],48,枠脚質×,23,4%,9%,26%,堀宣行,ファンタストクラブ,1,3,33 %,67 %,67 %,1,0%,100%,100 %,牡,3,普,普,小標起,◎,腰甘い,口向悪い,,コントレイル,2,50%,100%,100%,,68(函Ｗ),59,コース平均,https://stride.get-luck.jp/member/race_viewer_test.php?racedate=20260830&racekey=01262412&jo=2&idpm=iFT66JycF8pFY,PASS
2026-08-30,札幌,12,202601020412,01262412,16:00,12R 芝2600 北辰特別 1勝クラス 16:00,5,ディーリライズ,浜中俊,13.2,7,中速持続,カスリ,67,Ｃ,ＡＡ,5,50,55,-5,6,0%,41 (12),41 (11),48 (8),57 (3),62 (1),12,14,内,14,13,内,5,7,外,55,[先][追][続][瞬],67,"枠脚質○,直近○",20,10%,25%,35%,緒方努,山岡トレセン,5,,,,,,,,,牡,3,普,普,中標,◎,鉄砲×,使込○,後行く○,ディーマジェスティ,2,0%,0%,100%,43(函Ｗ),39(函Ｗ),55,コース終い重点,https://stride.get-luck.jp/member/race_viewer_test.php?racedate=20260830&racekey=01262412&jo=2&idpm=iFT66JycF8pFY,PASS
2026-08-30,札幌,12,202601020412,01262412,16:00,12R 芝2600 北辰特別 1勝クラス 16:00,6,ミッドタウンナイト,荻野琢真,36.5,10,中速底力,,53,Ｄ,Ｄ,9,45,39,-26,12,0%,56 (6),52 (8),48 (9),46 (11),46 (11),6,8,最内,6,6,最内,9,10,内,56,[先][続][瞬],42,,10,0%,0%,0%,河嶋宏樹,グリーンウッド,2,4,25 %,25 %,25 %,3,33%,33%,33 %,牝,4,普,普,中標,◎,ブ効果○,大トビ,上が掛○,ブラックタイド,5,0%,0%,0%,,21(札ダ),39,コース平均,https://stride.get-luck.jp/member/race_viewer_test.php?racedate=20260830&racekey=01262412&jo=2&idpm=iFT66JycF8pFY,PASS
2026-08-30,札幌,12,202601020412,01262412,16:00,12R 芝2600 北辰特別 1勝クラス 16:00,7,ニューアライブ,石川倭,51.1,13,中速バランス,,54,Ｄ,Ｄ,8,43,54,-13,10,0%,57 (4),68 (1),59 (3),43 (12),32 (13),5,7,中,1,0,最内,8,10,最内,55,,56,,3,0%,0%,33%,斉藤正弘,,,,,,,,,,,牡,3,普,普,中標ベ,△,,,,タリスマニック,1,0%,0%,0%,,64(地方),54,コース平均,https://stride.get-luck.jp/member/race_viewer_test.php?racedate=20260830&racekey=01262412&jo=2&idpm=iFT66JycF8pFY,PASS
2026-08-30,札幌,12,202601020412,01262412,16:00,12R 芝2600 北辰特別 1勝クラス 16:00,8,タビニュ,松本大輝,38.0,11,低速持続,ピッタリ,42,Ｄ,Ｄ,13,44,54,-12,8,0%,59 (3),53 (7),47 (11),48 (10),50 (9),2,4,内,2,3,最内,13,13,内,55,[先],48,枠脚質×,10,10%,10%,20%,松尾卓哉,ダーレー・ジャパン,3,,,,,,,,,牡,3,短,短,小標起,△,スタミ○,腰甘い,,バゴ,12,8%,17%,25%,,,54,,https://stride.get-luck.jp/member/race_viewer_test.php?racedate=20260830&racekey=01262412&jo=2&idpm=iFT66JycF8pFY,PASS
2026-08-30,札幌,12,202601020412,01262412,16:00,12R 芝2600 北辰特別 1勝クラス 16:00,9,シーンオブドリーム,和田陽希,71.0,14,超低速底力,,25,Ｄ,Ｄ,14,28,49,-33,13,0%,67 (1),39 (13),33 (13),23 (14),27 (14),1,0,最内,8,8,最内,14,18,最内,55,,41,,4,0%,0%,25%,池江泰寿,チャンピオンヒルズ,2,114,16 %,31 %,40 %,,,,,セ,3,短,短,中標ベ,△,砂被る×,腰甘い,,キタサンブラック,12,8%,25%,33%,48(札ダ),44(札ダ),49,コーステン重点,https://stride.get-luck.jp/member/race_viewer_test.php?racedate=20260830&racekey=01262412&jo=2&idpm=iFT66JycF8pFY,PASS
2026-08-30,札幌,12,202601020412,01262412,16:00,12R 芝2600 北辰特別 1勝クラス 16:00,10,ワンダフルデイズ,横山武史,5.6,2,超低速バランス,,83,Ｂ,Ｓ,2,53,64,7,1,8%,46 (8),55 (6),56 (5),56 (7),52 (8),10,12,中,5,6,中,2,1,内,55,[続][瞬],49,"枠脚質×,直近▲",18,11%,22%,33%,高橋義忠,ノーザンＦしがらき,3,4,0 %,25 %,25 %,1,0%,100%,100 %,牡,3,短,短,小標ベ,△,一本調子,大トビ,上が速×,ルーラーシップ,25,4%,8%,8%,58(函Ｗ),75(函Ｗ),64,コース平均,https://stride.get-luck.jp/member/race_viewer_test.php?racedate=20260830&racekey=01262412&jo=2&idpm=iFT66JycF8pFY,PASS
2026-08-30,札幌,12,202601020412,01262412,16:00,12R 芝2600 北辰特別 1勝クラス 16:00,11,ディベルティスマン,横山典弘,12.1,6,中速持続,カスリ,49,Ｄ,Ｄ,10,38,54,-18,11,0%,62 (2),30 (14),29 (14),38 (13),53 (6),3,5,最内,11,11,最内,10,11,中,58,[先][追][瞬],60,,5,20%,40%,40%,菊沢隆徳,松風馬事センター,1,60,10 %,18 %,28 %,4,25%,50%,50 %,牡,4,普,普,中ベ,○,腰甘い,左斜飛,福島向き,キズナ,24,8%,17%,29%,68(函Ｗ),55(札芝),54,コース終い重点,https://stride.get-luck.jp/member/race_viewer_test.php?racedate=20260830&racekey=01262412&jo=2&idpm=iFT66JycF8pFY,PASS
2026-08-30,札幌,12,202601020412,01262412,16:00,12R 芝2600 北辰特別 1勝クラス 16:00,12,テイクザクラウン,吉田隼人,24.5,9,中速バランス,,49,Ｄ,Ｄ,11,46,25,-39,14,27%,32 (14),56 (5),64 (1),57 (4),46 (12),14,18,最内,10,11,内,11,11,外,58,[追],38,"枠脚質×,直近▲",19,5%,5%,11%,吉村圭司,キャニオンファーム土山,5,,,,,,,,,牡,5,短,短,小ベ,△,Ｐ速い○,上が掛○,小回向き,サトノクラウン,10,10%,20%,30%,,9(札ダ),25,コース平均,https://stride.get-luck.jp/member/race_viewer_test.php?racedate=20260830&racekey=01262412&jo=2&idpm=iFT66JycF8pFY,PASS
2026-08-30,札幌,12,202601020412,01262412,16:00,12R 芝2600 北辰特別 1勝クラス 16:00,13,タケルフォーカス,古川吉洋,7.0,4,低速バランス,カスリ,65,Ｃ,Ｄ,4,54,55,-1,4,0%,40 (13),58 (2),61 (2),56 (5),48 (10),13,15,最内,9,9,内,4,6,大外,55,[続][瞬],56,"枠脚質○,直近◎",22,0%,5%,18%,四位洋文,チャンピオンヒルズ,5,3,0 %,0 %,0 %,,,,,牡,3,普,普,小標,◎,上が掛○,渋馬場○,荒馬場○,サトノダイヤモンド,8,0%,0%,25%,,35(札ダ),55,コース終い重点,https://stride.get-luck.jp/member/race_viewer_test.php?racedate=20260830&racekey=01262412&jo=2&idpm=iFT66JycF8pFY,PASS
2026-08-30,札幌,12,202601020412,01262412,16:00,12R 芝2600 北辰特別 1勝クラス 16:00,14,ドンテスタマスター,斎藤新,10.7,5,超低速瞬発,,64,Ｃ,Ｂ,6,51,55,-4,5,0%,52 (7),48 (9),48 (10),52 (8),55 (5),7,9,内,7,7,内,6,7,中,55,[追][続],61,"枠脚質○,直近◎",17,6%,12%,12%,杉山晴紀,チャンピオンヒルズ,2,124,15 %,24 %,33 %,2,0%,50%,50 %,牡,3,長,長,中標,○,ダート×,ダ大丈夫,ジリ脚,コントレイル,2,50%,100%,100%,,37(函Ｗ),55,コース平均,https://stride.get-luck.jp/member/race_viewer_test.php?racedate=20260830&racekey=01262412&jo=2&idpm=iFT66JycF8pFY,PASS
