record_id,source_id,original_filename,source_row_no,entity_type,entity_name_raw,entity_id,entity_match_status,condition_text,condition_kind,condition_parse_status,source_url,table_heading,observed_at,page_updated_at,displayed_data_asof,period_start,period_end,evidence_path,evidence_response_sha256,evidence_source_id,metric_type,roi_method,roi_method_basis,roi_method_options_on_site,win_roi_pct_present,place_roi_pct_present,roi_values_withheld,n_starts,n_races,stake_total,return_total,aggregation_method,aggregation_status,aggregation_code_source_id,rounding,course,surface_inout,popularity_min,popularity_max,popularity_timing,kaisai_nissu,source_family,source_family_note,entity_row_repeat_count,duplicate_group_id,potential_duplicate_group_id,asof_consistency,population_extraction,missing_reason,status,next_action
rec_c39288f487914d6049617baa48c8860f2d705d8a77c2008a69c5499d8c88d51f,PRIMARY_JOCKEY,JockeyROI_連結済み_20260719_卍のみ_pre実測_backup.csv,1,JOCKEY,国分恭介,,NAME_KEY_ONLY_UNVERIFIED_OFFICIAL_ID,"{""競馬場"":"""",""芝/ダ"":""芝"",""馬場状態"":"""",""条件クラス"":"""",""距離区分"":"""",""回り"":"""",""内外"":""""}",JOCKEY_COLUMNS,PARSED,https://db-keiba.com/jockey-kokubunk/,掲載表(見出し文字列は証跡JSONに未収録),2026-09-10T10:49:08+09:00,2026-05-25T01:02:58+0900,,,,evidence/web/WEB_JOCKEY.json,574a9932deba18d018b6eeeba01f1dc410f2cf610e13710f1b8b3b7a07d42840,WEB_JOCKEY,WIN_ROI_PCT|PLACE_ROI_PCT|N_STARTS,UNKNOWN,サイト現行既定は「オッズ反比例の賭け金・固定払戻の意図」(WEB_DEFINITION)。CSV作成時点の方式である証明にはならない,EQUAL_STAKE|EQUAL_PAYOUT,Y,Y,YES_PUBLIC_SCOPE_UNRULED,645,,,,DIRECT_TABLE_READ(掲載値の直接転記・未照合),DIRECT_TABLE_CLAIM_UNVERIFIED,,掲載値の整数%,,芝,,,UNKNOWN,,DB_KEIBA,roi_presence_raw と完全に1対1でROI記入の有無の言い換え。行の出所ではない,15,,,UNVERIFIED(表示基準日がページ間で不一致: トップ2026-08-16/使い方2026-05-17),(リスト列なし=騎手表),,HOLD_METHOD+HOLD_ASOF+HOLD_ID,①購入方式の確定 ②集計期間の確定 ③公式IDでの名寄せ
rec_5c81a6d260230bcab22cb9e1dbe7a58f24293635de282fa2faad4ec4252ee72e,PRIMARY_JOCKEY,JockeyROI_連結済み_20260719_卍のみ_pre実測_backup.csv,2,JOCKEY,菊沢一樹,,NAME_KEY_ONLY_UNVERIFIED_OFFICIAL_ID,"{""競馬場"":"""",""芝/ダ"":""芝"",""馬場状態"":"""",""条件クラス"":"""",""距離区分"":"""",""回り"":"""",""内外"":""""}",JOCKEY_COLUMNS,PARSED,,,,,,,,,,,WIN_ROI_PCT|PLACE_ROI_PCT|N_STARTS,UNKNOWN,サイト現行既定は「オッズ反比例の賭け金・固定払戻の意図」(WEB_DEFINITION)。CSV作成時点の方式である証明にはならない,EQUAL_STAKE|EQUAL_PAYOUT,Y,Y,YES_PUBLIC_SCOPE_UNRULED,1272,,,,DIRECT_TABLE_READ(掲載値の直接転記・未照合),DIRECT_TABLE_CLAIM_UNVERIFIED,,掲載値の整数%,,芝,,,UNKNOWN,,DB_KEIBA,roi_presence_raw と完全に1対1でROI記入の有無の言い換え。行の出所ではない,10,,,UNVERIFIED(表示基準日がページ間で不一致: トップ2026-08-16/使い方2026-05-17),(リスト列なし=騎手表),,HOLD_METHOD+HOLD_ASOF+HOLD_ID,①購入方式の確定 ②集計期間の確定 ③公式IDでの名寄せ
rec_cce55822d474bf6657323501b9226edb885e968b1ca287639779efb9a1226fba,PRIMARY_JOCKEY,JockeyROI_連結済み_20260719_卍のみ_pre実測_backup.csv,3,JOCKEY,岩田望来,,NAME_KEY_ONLY_UNVERIFIED_OFFICIAL_ID,"{""競馬場"":"""",""芝/ダ"":""芝"",""馬場状態"":"""",""条件クラス"":"""",""距離区分"":"""",""回り"":"""",""内外"":""""}",JOCKEY_COLUMNS,PARSED,,,,,,,,,,,WIN_ROI_PCT|PLACE_ROI_PCT|N_STARTS,UNKNOWN,サイト現行既定は「オッズ反比例の賭け金・固定払戻の意図」(WEB_DEFINITION)。CSV作成時点の方式である証明にはならない,EQUAL_STAKE|EQUAL_PAYOUT,Y,Y,YES_PUBLIC_SCOPE_UNRULED,1956,,,,DIRECT_TABLE_READ(掲載値の直接転記・未照合),DIRECT_TABLE_CLAIM_UNVERIFIED,,掲載値の整数%,,芝,,,UNKNOWN,,DB_KEIBA,roi_presence_raw と完全に1対1でROI記入の有無の言い換え。行の出所ではない,4,,,UNVERIFIED(表示基準日がページ間で不一致: トップ2026-08-16/使い方2026-05-17),(リスト列なし=騎手表),,HOLD_METHOD+HOLD_ASOF+HOLD_ID,①購入方式の確定 ②集計期間の確定 ③公式IDでの名寄せ
rec_e7b5f3adcd2b73dc608e9d03191cf987a0409a0aaf7ca7dd9698855bef57f2c1,PRIMARY_JOCKEY,JockeyROI_連結済み_20260719_卍のみ_pre実測_backup.csv,4,JOCKEY,荻野極,,NAME_KEY_ONLY_UNVERIFIED_OFFICIAL_ID,"{""競馬場"":"""",""芝/ダ"":""芝"",""馬場状態"":"""",""条件クラス"":"""",""距離区分"":"""",""回り"":"""",""内外"":""""}",JOCKEY_COLUMNS,PARSED,,,,,,,,,,,WIN_ROI_PCT|PLACE_ROI_PCT|N_STARTS,UNKNOWN,サイト現行既定は「オッズ反比例の賭け金・固定払戻の意図」(WEB_DEFINITION)。CSV作成時点の方式である証明にはならない,EQUAL_STAKE|EQUAL_PAYOUT,Y,Y,YES_PUBLIC_SCOPE_UNRULED,1141,,,,DIRECT_TABLE_READ(掲載値の直接転記・未照合),DIRECT_TABLE_CLAIM_UNVERIFIED,,掲載値の整数%,,芝,,,UNKNOWN,,DB_KEIBA,roi_presence_raw と完全に1対1でROI記入の有無の言い換え。行の出所ではない,4,,,UNVERIFIED(表示基準日がページ間で不一致: トップ2026-08-16/使い方2026-05-17),(リスト列なし=騎手表),,HOLD_METHOD+HOLD_ASOF+HOLD_ID,①購入方式の確定 ②集計期間の確定 ③公式IDでの名寄せ
rec_5edb6e9ca5133d5c3d8c5a5d7084f69ec1ecedb0379f923474309fa761a1d996,PRIMARY_JOCKEY,JockeyROI_連結済み_20260719_卍のみ_pre実測_backup.csv,5,JOCKEY,舟山瑠泉,,NAME_KEY_ONLY_UNVERIFIED_OFFICIAL_ID,"{""競馬場"":"""",""芝/ダ"":""芝"",""馬場状態"":"""",""条件クラス"":"""",""距離区分"":"""",""回り"":"""",""内外"":""""}",JOCKEY_COLUMNS,PARSED,,,,,,,,,,,WIN_ROI_PCT|PLACE_ROI_PCT|N_STARTS,UNKNOWN,サイト現行既定は「オッズ反比例の賭け金・固定払戻の意図」(WEB_DEFINITION)。CSV作成時点の方式である証明にはならない,EQUAL_STAKE|EQUAL_PAYOUT,Y,Y,YES_PUBLIC_SCOPE_UNRULED,156,,,,DIRECT_TABLE_READ(掲載値の直接転記・未照合),DIRECT_TABLE_CLAIM_UNVERIFIED,,掲載値の整数%,,芝,,,UNKNOWN,,DB_KEIBA,roi_presence_raw と完全に1対1でROI記入の有無の言い換え。行の出所ではない,10,,,UNVERIFIED(表示基準日がページ間で不一致: トップ2026-08-16/使い方2026-05-17),(リスト列なし=騎手表),,HOLD_METHOD+HOLD_ASOF+HOLD_ID,①購入方式の確定 ②集計期間の確定 ③公式IDでの名寄せ
rec_78bacf002d610f1bca7cc63f2d294293ef3b6d05bec535978c6a0176d7a0c93e,PRIMARY_JOCKEY,JockeyROI_連結済み_20260719_卍のみ_pre実測_backup.csv,6,JOCKEY,高杉吏麒,,NAME_KEY_ONLY_UNVERIFIED_OFFICIAL_ID,"{""競馬場"":"""",""芝/ダ"":""芝"",""馬場状態"":"""",""条件クラス"":"""",""距離区分"":"""",""回り"":"""",""内外"":""""}",JOCKEY_COLUMNS,PARSED,,,,,,,,,,,WIN_ROI_PCT|PLACE_ROI_PCT|N_STARTS,UNKNOWN,サイト現行既定は「オッズ反比例の賭け金・固定払戻の意図」(WEB_DEFINITION)。CSV作成時点の方式である証明にはならない,EQUAL_STAKE|EQUAL_PAYOUT,Y,Y,YES_PUBLIC_SCOPE_UNRULED,610,,,,DIRECT_TABLE_READ(掲載値の直接転記・未照合),DIRECT_TABLE_CLAIM_UNVERIFIED,,掲載値の整数%,,芝,,,UNKNOWN,,DB_KEIBA,roi_presence_raw と完全に1対1でROI記入の有無の言い換え。行の出所ではない,21,,,UNVERIFIED(表示基準日がページ間で不一致: トップ2026-08-16/使い方2026-05-17),(リスト列なし=騎手表),,HOLD_METHOD+HOLD_ASOF+HOLD_ID,①購入方式の確定 ②集計期間の確定 ③公式IDでの名寄せ
rec_63a785604dad633e33f208ae8b3917a1c2bc7c1c43e327c48320e1049b8c7af3,PRIMARY_JOCKEY,JockeyROI_連結済み_20260719_卍のみ_pre実測_backup.csv,7,JOCKEY,古川吉洋,,NAME_KEY_ONLY_UNVERIFIED_OFFICIAL_ID,"{""競馬場"":"""",""芝/ダ"":""芝"",""馬場状態"":"""",""条件クラス"":"""",""距離区分"":"""",""回り"":"""",""内外"":""""}",JOCKEY_COLUMNS,PARSED,,,,,,,,,,,WIN_ROI_PCT|PLACE_ROI_PCT|N_STARTS,UNKNOWN,サイト現行既定は「オッズ反比例の賭け金・固定払戻の意図」(WEB_DEFINITION)。CSV作成時点の方式である証明にはならない,EQUAL_STAKE|EQUAL_PAYOUT,Y,Y,YES_PUBLIC_SCOPE_UNRULED,1030,,,,DIRECT_TABLE_READ(掲載値の直接転記・未照合),DIRECT_TABLE_CLAIM_UNVERIFIED,,掲載値の整数%,,芝,,,UNKNOWN,,DB_KEIBA,roi_presence_raw と完全に1対1でROI記入の有無の言い換え。行の出所ではない,6,,,UNVERIFIED(表示基準日がページ間で不一致: トップ2026-08-16/使い方2026-05-17),(リスト列なし=騎手表),,HOLD_METHOD+HOLD_ASOF+HOLD_ID,①購入方式の確定 ②集計期間の確定 ③公式IDでの名寄せ
rec_cb94f18da87ae145c9e84425b1d461d9f24b1b9aefacccd5a1391c02179d37a5,PRIMARY_JOCKEY,JockeyROI_連結済み_20260719_卍のみ_pre実測_backup.csv,8,JOCKEY,丹内祐次,,NAME_KEY_ONLY_UNVERIFIED_OFFICIAL_ID,"{""競馬場"":"""",""芝/ダ"":""芝"",""馬場状態"":"""",""条件クラス"":"""",""距離区分"":"""",""回り"":"""",""内外"":""""}",JOCKEY_COLUMNS,PARSED,,,,,,,,,,,WIN_ROI_PCT|PLACE_ROI_PCT|N_STARTS,UNKNOWN,サイト現行既定は「オッズ反比例の賭け金・固定払戻の意図」(WEB_DEFINITION)。CSV作成時点の方式である証明にはならない,EQUAL_STAKE|EQUAL_PAYOUT,Y,Y,YES_PUBLIC_SCOPE_UNRULED,2374,,,,DIRECT_TABLE_READ(掲載値の直接転記・未照合),DIRECT_TABLE_CLAIM_UNVERIFIED,,掲載値の整数%,,芝,,,UNKNOWN,,DB_KEIBA,roi_presence_raw と完全に1対1でROI記入の有無の言い換え。行の出所ではない,7,,,UNVERIFIED(表示基準日がページ間で不一致: トップ2026-08-16/使い方2026-05-17),(リスト列なし=騎手表),,HOLD_METHOD+HOLD_ASOF+HOLD_ID,①購入方式の確定 ②集計期間の確定 ③公式IDでの名寄せ
rec_6697651d8545415db75fb45e3e4d440c1f3c978b6da20b97aba3b9f47c94719d,PRIMARY_JOCKEY,JockeyROI_連結済み_20260719_卍のみ_pre実測_backup.csv,9,JOCKEY,井上敏樹,,NAME_KEY_ONLY_UNVERIFIED_OFFICIAL_ID,"{""競馬場"":"""",""芝/ダ"":""芝"",""馬場状態"":"""",""条件クラス"":"""",""距離区分"":"""",""回り"":"""",""内外"":""""}",JOCKEY_COLUMNS,PARSED,,,,,,,,,,,,UNKNOWN,,,N,N,NOT_APPLICABLE,,,,,,NOT_APPLICABLE_NO_ROI,,,,芝,,,UNKNOWN,,BOOK_OR_UNSPECIFIED_ROI_SOURCE,roi_presence_raw と完全に1対1でROI記入の有無の言い換え。行の出所ではない,2,,,UNVERIFIED(表示基準日がページ間で不一致: トップ2026-08-16/使い方2026-05-17),(リスト列なし=騎手表),MISSING_ROI,NOT_AVAILABLE,原表と方式を入手するまで使用しない。原行は保持
rec_ea0e33e5205d420c42f314cb6fb759495293adac7a7f91f7cc466bb61f71c596,PRIMARY_JOCKEY,JockeyROI_連結済み_20260719_卍のみ_pre実測_backup.csv,10,JOCKEY,津村明秀,,NAME_KEY_ONLY_UNVERIFIED_OFFICIAL_ID,"{""競馬場"":"""",""芝/ダ"":""芝"",""馬場状態"":"""",""条件クラス"":"""",""距離区分"":"""",""回り"":"""",""内外"":""""}",JOCKEY_COLUMNS,PARSED,,,,,,,,,,,WIN_ROI_PCT|PLACE_ROI_PCT|N_STARTS,UNKNOWN,サイト現行既定は「オッズ反比例の賭け金・固定払戻の意図」(WEB_DEFINITION)。CSV作成時点の方式である証明にはならない,EQUAL_STAKE|EQUAL_PAYOUT,Y,Y,YES_PUBLIC_SCOPE_UNRULED,1583,,,,DIRECT_TABLE_READ(掲載値の直接転記・未照合),DIRECT_TABLE_CLAIM_UNVERIFIED,,掲載値の整数%,,芝,,,UNKNOWN,,DB_KEIBA,roi_presence_raw と完全に1対1でROI記入の有無の言い換え。行の出所ではない,5,,,UNVERIFIED(表示基準日がページ間で不一致: トップ2026-08-16/使い方2026-05-17),(リスト列なし=騎手表),,HOLD_METHOD+HOLD_ASOF+HOLD_ID,①購入方式の確定 ②集計期間の確定 ③公式IDでの名寄せ
rec_5838f1f9b2a1128f3e3c6d34e9ae7c873980dca692dd9fc3f50813be93d24fa9,PRIMARY_JOCKEY,JockeyROI_連結済み_20260719_卍のみ_pre実測_backup.csv,11,JOCKEY,遠藤汰月,,NAME_KEY_ONLY_UNVERIFIED_OFFICIAL_ID,"{""競馬場"":"""",""芝/ダ"":""芝"",""馬場状態"":"""",""条件クラス"":"""",""距離区分"":"""",""回り"":"""",""内外"":""""}",JOCKEY_COLUMNS,PARSED,,,,,,,,,,,WIN_ROI_PCT|PLACE_ROI_PCT|N_STARTS,UNKNOWN,サイト現行既定は「オッズ反比例の賭け金・固定払戻の意図」(WEB_DEFINITION)。CSV作成時点の方式である証明にはならない,EQUAL_STAKE|EQUAL_PAYOUT,Y,Y,YES_PUBLIC_SCOPE_UNRULED,135,,,,DIRECT_TABLE_READ(掲載値の直接転記・未照合),DIRECT_TABLE_CLAIM_UNVERIFIED,,掲載値の整数%,,芝,,,UNKNOWN,,DB_KEIBA,roi_presence_raw と完全に1対1でROI記入の有無の言い換え。行の出所ではない,16,,,UNVERIFIED(表示基準日がページ間で不一致: トップ2026-08-16/使い方2026-05-17),(リスト列なし=騎手表),,HOLD_METHOD+HOLD_ASOF+HOLD_ID,①購入方式の確定 ②集計期間の確定 ③公式IDでの名寄せ
rec_412425d23e051f542506708893f2206ed411549b5f384cb6a127bdca3500e7eb,PRIMARY_JOCKEY,JockeyROI_連結済み_20260719_卍のみ_pre実測_backup.csv,12,JOCKEY,和田陽希,,NAME_KEY_ONLY_UNVERIFIED_OFFICIAL_ID,"{""競馬場"":"""",""芝/ダ"":""芝"",""馬場状態"":"""",""条件クラス"":"""",""距離区分"":"""",""回り"":"""",""内外"":""""}",JOCKEY_COLUMNS,PARSED,,,,,,,,,,,WIN_ROI_PCT|PLACE_ROI_PCT|N_STARTS,UNKNOWN,サイト現行既定は「オッズ反比例の賭け金・固定払戻の意図」(WEB_DEFINITION)。CSV作成時点の方式である証明にはならない,EQUAL_STAKE|EQUAL_PAYOUT,Y,Y,YES_PUBLIC_SCOPE_UNRULED,141,,,,DIRECT_TABLE_READ(掲載値の直接転記・未照合),DIRECT_TABLE_CLAIM_UNVERIFIED,,掲載値の整数%,,芝,,,UNKNOWN,,DB_KEIBA,roi_presence_raw と完全に1対1でROI記入の有無の言い換え。行の出所ではない,7,,,UNVERIFIED(表示基準日がページ間で不一致: トップ2026-08-16/使い方2026-05-17),(リスト列なし=騎手表),,HOLD_METHOD+HOLD_ASOF+HOLD_ID,①購入方式の確定 ②集計期間の確定 ③公式IDでの名寄せ
rec_e97f9795fb416dc0ba15e7f2f2b501f986a01c452ef21a586010829785b98310,PRIMARY_JOCKEY,JockeyROI_連結済み_20260719_卍のみ_pre実測_backup.csv,13,JOCKEY,永島まなみ,,NAME_KEY_ONLY_UNVERIFIED_OFFICIAL_ID,"{""競馬場"":"""",""芝/ダ"":""芝"",""馬場状態"":"""",""条件クラス"":"""",""距離区分"":"""",""回り"":"""",""内外"":""""}",JOCKEY_COLUMNS,PARSED,,,,,,,,,,,WIN_ROI_PCT|PLACE_ROI_PCT|N_STARTS,UNKNOWN,サイト現行既定は「オッズ反比例の賭け金・固定払戻の意図」(WEB_DEFINITION)。CSV作成時点の方式である証明にはならない,EQUAL_STAKE|EQUAL_PAYOUT,Y,Y,YES_PUBLIC_SCOPE_UNRULED,1139,,,,DIRECT_TABLE_READ(掲載値の直接転記・未照合),DIRECT_TABLE_CLAIM_UNVERIFIED,,掲載値の整数%,,芝,,,UNKNOWN,,DB_KEIBA,roi_presence_raw と完全に1対1でROI記入の有無の言い換え。行の出所ではない,3,,,UNVERIFIED(表示基準日がページ間で不一致: トップ2026-08-16/使い方2026-05-17),(リスト列なし=騎手表),,HOLD_METHOD+HOLD_ASOF+HOLD_ID,①購入方式の確定 ②集計期間の確定 ③公式IDでの名寄せ
rec_92dc55b44c393e50e66dee1cfc6ea5b044e19cbf03a2f9bed629c1259838f083,PRIMARY_JOCKEY,JockeyROI_連結済み_20260719_卍のみ_pre実測_backup.csv,14,JOCKEY,高杉吏麒,,NAME_KEY_ONLY_UNVERIFIED_OFFICIAL_ID,"{""競馬場"":"""",""芝/ダ"":""ダ"",""馬場状態"":"""",""条件クラス"":"""",""距離区分"":"""",""回り"":"""",""内外"":""""}",JOCKEY_COLUMNS,PARSED,,,,,,,,,,,WIN_ROI_PCT|PLACE_ROI_PCT|N_STARTS,UNKNOWN,サイト現行既定は「オッズ反比例の賭け金・固定払戻の意図」(WEB_DEFINITION)。CSV作成時点の方式である証明にはならない,EQUAL_STAKE|EQUAL_PAYOUT,Y,Y,YES_PUBLIC_SCOPE_UNRULED,685,,,,DIRECT_TABLE_READ(掲載値の直接転記・未照合),DIRECT_TABLE_CLAIM_UNVERIFIED,,掲載値の整数%,,ダ,,,UNKNOWN,,DB_KEIBA,roi_presence_raw と完全に1対1でROI記入の有無の言い換え。行の出所ではない,21,,,UNVERIFIED(表示基準日がページ間で不一致: トップ2026-08-16/使い方2026-05-17),(リスト列なし=騎手表),,HOLD_METHOD+HOLD_ASOF+HOLD_ID,①購入方式の確定 ②集計期間の確定 ③公式IDでの名寄せ
rec_eb6bbc4097a0a6e7f2a560c4c5633a8d7f017ba7cd9d552de92bb32ffc04eff1,PRIMARY_JOCKEY,JockeyROI_連結済み_20260719_卍のみ_pre実測_backup.csv,15,JOCKEY,田口貫太,,NAME_KEY_ONLY_UNVERIFIED_OFFICIAL_ID,"{""競馬場"":"""",""芝/ダ"":""ダ"",""馬場状態"":"""",""条件クラス"":"""",""距離区分"":"""",""回り"":"""",""内外"":""""}",JOCKEY_COLUMNS,PARSED,,,,,,,,,,,WIN_ROI_PCT|PLACE_ROI_PCT|N_STARTS,UNKNOWN,サイト現行既定は「オッズ反比例の賭け金・固定払戻の意図」(WEB_DEFINITION)。CSV作成時点の方式である証明にはならない,EQUAL_STAKE|EQUAL_PAYOUT,Y,Y,YES_PUBLIC_SCOPE_UNRULED,1237,,,,DIRECT_TABLE_READ(掲載値の直接転記・未照合),DIRECT_TABLE_CLAIM_UNVERIFIED,,掲載値の整数%,,ダ,,,UNKNOWN,,DB_KEIBA,roi_presence_raw と完全に1対1でROI記入の有無の言い換え。行の出所ではない,10,,,UNVERIFIED(表示基準日がページ間で不一致: トップ2026-08-16/使い方2026-05-17),(リスト列なし=騎手表),,HOLD_METHOD+HOLD_ASOF+HOLD_ID,①購入方式の確定 ②集計期間の確定 ③公式IDでの名寄せ
rec_55bc9840ba76a4a1fdfe159336c913c0fe85dbe4fecc1993bb30dc5b9b458d2e,PRIMARY_JOCKEY,JockeyROI_連結済み_20260719_卍のみ_pre実測_backup.csv,16,JOCKEY,田山旺佑,,NAME_KEY_ONLY_UNVERIFIED_OFFICIAL_ID,"{""競馬場"":"""",""芝/ダ"":""ダ"",""馬場状態"":"""",""条件クラス"":"""",""距離区分"":"""",""回り"":"""",""内外"":""""}",JOCKEY_COLUMNS,PARSED,,,,,,,,,,,WIN_ROI_PCT|PLACE_ROI_PCT|N_STARTS,UNKNOWN,サイト現行既定は「オッズ反比例の賭け金・固定払戻の意図」(WEB_DEFINITION)。CSV作成時点の方式である証明にはならない,EQUAL_STAKE|EQUAL_PAYOUT,Y,Y,YES_PUBLIC_SCOPE_UNRULED,199,,,,DIRECT_TABLE_READ(掲載値の直接転記・未照合),DIRECT_TABLE_CLAIM_UNVERIFIED,,掲載値の整数%,,ダ,,,UNKNOWN,,DB_KEIBA,roi_presence_raw と完全に1対1でROI記入の有無の言い換え。行の出所ではない,8,,,UNVERIFIED(表示基準日がページ間で不一致: トップ2026-08-16/使い方2026-05-17),(リスト列なし=騎手表),,HOLD_METHOD+HOLD_ASOF+HOLD_ID,①購入方式の確定 ②集計期間の確定 ③公式IDでの名寄せ
rec_77c2eb4a7730e611e4d7f4c9117fe0e398020ded184c882c556e3bfca33cfd42,PRIMARY_JOCKEY,JockeyROI_連結済み_20260719_卍のみ_pre実測_backup.csv,17,JOCKEY,団野大成,,NAME_KEY_ONLY_UNVERIFIED_OFFICIAL_ID,"{""競馬場"":"""",""芝/ダ"":""ダ"",""馬場状態"":"""",""条件クラス"":"""",""距離区分"":"""",""回り"":"""",""内外"":""""}",JOCKEY_COLUMNS,PARSED,,,,,,,,,,,WIN_ROI_PCT|PLACE_ROI_PCT|N_STARTS,UNKNOWN,サイト現行既定は「オッズ反比例の賭け金・固定払戻の意図」(WEB_DEFINITION)。CSV作成時点の方式である証明にはならない,EQUAL_STAKE|EQUAL_PAYOUT,Y,Y,YES_PUBLIC_SCOPE_UNRULED,1766,,,,DIRECT_TABLE_READ(掲載値の直接転記・未照合),DIRECT_TABLE_CLAIM_UNVERIFIED,,掲載値の整数%,,ダ,,,UNKNOWN,,DB_KEIBA,roi_presence_raw と完全に1対1でROI記入の有無の言い換え。行の出所ではない,7,,,UNVERIFIED(表示基準日がページ間で不一致: トップ2026-08-16/使い方2026-05-17),(リスト列なし=騎手表),,HOLD_METHOD+HOLD_ASOF+HOLD_ID,①購入方式の確定 ②集計期間の確定 ③公式IDでの名寄せ
rec_ce08ad90214f0cad43bcba1463222036bc484feb3e718b47fcff429affc2536e,PRIMARY_JOCKEY,JockeyROI_連結済み_20260719_卍のみ_pre実測_backup.csv,18,JOCKEY,長岡禎仁,,NAME_KEY_ONLY_UNVERIFIED_OFFICIAL_ID,"{""競馬場"":"""",""芝/ダ"":""ダ"",""馬場状態"":"""",""条件クラス"":"""",""距離区分"":"""",""回り"":"""",""内外"":""""}",JOCKEY_COLUMNS,PARSED,,,,,,,,,,,WIN_ROI_PCT|PLACE_ROI_PCT|N_STARTS,UNKNOWN,サイト現行既定は「オッズ反比例の賭け金・固定払戻の意図」(WEB_DEFINITION)。CSV作成時点の方式である証明にはならない,EQUAL_STAKE|EQUAL_PAYOUT,Y,Y,YES_PUBLIC_SCOPE_UNRULED,602,,,,DIRECT_TABLE_READ(掲載値の直接転記・未照合),DIRECT_TABLE_CLAIM_UNVERIFIED,,掲載値の整数%,,ダ,,,UNKNOWN,,DB_KEIBA,roi_presence_raw と完全に1対1でROI記入の有無の言い換え。行の出所ではない,3,,,UNVERIFIED(表示基準日がページ間で不一致: トップ2026-08-16/使い方2026-05-17),(リスト列なし=騎手表),,HOLD_METHOD+HOLD_ASOF+HOLD_ID,①購入方式の確定 ②集計期間の確定 ③公式IDでの名寄せ
rec_bc0ea02c1079b75814fb3c970ff36e66725a124a66f75c912ace834c8f437ee4,PRIMARY_JOCKEY,JockeyROI_連結済み_20260719_卍のみ_pre実測_backup.csv,19,JOCKEY,森田誠也,,NAME_KEY_ONLY_UNVERIFIED_OFFICIAL_ID,"{""競馬場"":"""",""芝/ダ"":""ダ"",""馬場状態"":"""",""条件クラス"":"""",""距離区分"":"""",""回り"":"""",""内外"":""""}",JOCKEY_COLUMNS,PARSED,,,,,,,,,,,WIN_ROI_PCT|PLACE_ROI_PCT|N_STARTS,UNKNOWN,サイト現行既定は「オッズ反比例の賭け金・固定払戻の意図」(WEB_DEFINITION)。CSV作成時点の方式である証明にはならない,EQUAL_STAKE|EQUAL_PAYOUT,Y,Y,YES_PUBLIC_SCOPE_UNRULED,146,,,,DIRECT_TABLE_READ(掲載値の直接転記・未照合),DIRECT_TABLE_CLAIM_UNVERIFIED,,掲載値の整数%,,ダ,,,UNKNOWN,,DB_KEIBA,roi_presence_raw と完全に1対1でROI記入の有無の言い換え。行の出所ではない,9,,,UNVERIFIED(表示基準日がページ間で不一致: トップ2026-08-16/使い方2026-05-17),(リスト列なし=騎手表),,HOLD_METHOD+HOLD_ASOF+HOLD_ID,①購入方式の確定 ②集計期間の確定 ③公式IDでの名寄せ
rec_a9d3f3cfbaaca3a72cd971e020abe30b0c6473e1af71daa044ed7f7268f44db4,PRIMARY_JOCKEY,JockeyROI_連結済み_20260719_卍のみ_pre実測_backup.csv,20,JOCKEY,松若風馬,,NAME_KEY_ONLY_UNVERIFIED_OFFICIAL_ID,"{""競馬場"":"""",""芝/ダ"":""ダ"",""馬場状態"":"""",""条件クラス"":"""",""距離区分"":"""",""回り"":"""",""内外"":""""}",JOCKEY_COLUMNS,PARSED,,,,,,,,,,,WIN_ROI_PCT|PLACE_ROI_PCT|N_STARTS,UNKNOWN,サイト現行既定は「オッズ反比例の賭け金・固定払戻の意図」(WEB_DEFINITION)。CSV作成時点の方式である証明にはならない,EQUAL_STAKE|EQUAL_PAYOUT,Y,Y,YES_PUBLIC_SCOPE_UNRULED,1414,,,,DIRECT_TABLE_READ(掲載値の直接転記・未照合),DIRECT_TABLE_CLAIM_UNVERIFIED,,掲載値の整数%,,ダ,,,UNKNOWN,,DB_KEIBA,roi_presence_raw と完全に1対1でROI記入の有無の言い換え。行の出所ではない,13,,,UNVERIFIED(表示基準日がページ間で不一致: トップ2026-08-16/使い方2026-05-17),(リスト列なし=騎手表),,HOLD_METHOD+HOLD_ASOF+HOLD_ID,①購入方式の確定 ②集計期間の確定 ③公式IDでの名寄せ
rec_33cc7e79f227af67fb62c989e5fdfdc3175fc78208b5c52fd0a6c17f4943db70,PRIMARY_JOCKEY,JockeyROI_連結済み_20260719_卍のみ_pre実測_backup.csv,21,JOCKEY,鷲頭虎太,,NAME_KEY_ONLY_UNVERIFIED_OFFICIAL_ID,"{""競馬場"":"""",""芝/ダ"":""ダ"",""馬場状態"":"""",""条件クラス"":"""",""距離区分"":"""",""回り"":"""",""内外"":""""}",JOCKEY_COLUMNS,PARSED,,,,,,,,,,,WIN_ROI_PCT|PLACE_ROI_PCT|N_STARTS,UNKNOWN,サイト現行既定は「オッズ反比例の賭け金・固定払戻の意図」(WEB_DEFINITION)。CSV作成時点の方式である証明にはならない,EQUAL_STAKE|EQUAL_PAYOUT,Y,Y,YES_PUBLIC_SCOPE_UNRULED,500,,,,DIRECT_TABLE_READ(掲載値の直接転記・未照合),DIRECT_TABLE_CLAIM_UNVERIFIED,,掲載値の整数%,,ダ,,,UNKNOWN,,DB_KEIBA,roi_presence_raw と完全に1対1でROI記入の有無の言い換え。行の出所ではない,9,,,UNVERIFIED(表示基準日がページ間で不一致: トップ2026-08-16/使い方2026-05-17),(リスト列なし=騎手表),,HOLD_METHOD+HOLD_ASOF+HOLD_ID,①購入方式の確定 ②集計期間の確定 ③公式IDでの名寄せ
rec_f6da2e697f8a999eb4bb760f593842b8371ff6dffbede58b36cfc61db3dd8ed4,PRIMARY_JOCKEY,JockeyROI_連結済み_20260719_卍のみ_pre実測_backup.csv,22,JOCKEY,和田陽希,,NAME_KEY_ONLY_UNVERIFIED_OFFICIAL_ID,"{""競馬場"":"""",""芝/ダ"":""ダ"",""馬場状態"":"""",""条件クラス"":"""",""距離区分"":"""",""回り"":"""",""内外"":""""}",JOCKEY_COLUMNS,PARSED,,,,,,,,,,,WIN_ROI_PCT|PLACE_ROI_PCT|N_STARTS,UNKNOWN,サイト現行既定は「オッズ反比例の賭け金・固定払戻の意図」(WEB_DEFINITION)。CSV作成時点の方式である証明にはならない,EQUAL_STAKE|EQUAL_PAYOUT,Y,Y,YES_PUBLIC_SCOPE_UNRULED,188,,,,DIRECT_TABLE_READ(掲載値の直接転記・未照合),DIRECT_TABLE_CLAIM_UNVERIFIED,,掲載値の整数%,,ダ,,,UNKNOWN,,DB_KEIBA,roi_presence_raw と完全に1対1でROI記入の有無の言い換え。行の出所ではない,7,,,UNVERIFIED(表示基準日がページ間で不一致: トップ2026-08-16/使い方2026-05-17),(リスト列なし=騎手表),,HOLD_METHOD+HOLD_ASOF+HOLD_ID,①購入方式の確定 ②集計期間の確定 ③公式IDでの名寄せ
rec_e126f77817b5643d3d42fd23562c6156f8d4b46bd5e8bdfb9cfd97b36806a22f,PRIMARY_JOCKEY,JockeyROI_連結済み_20260719_卍のみ_pre実測_backup.csv,23,JOCKEY,国分恭介,,NAME_KEY_ONLY_UNVERIFIED_OFFICIAL_ID,"{""競馬場"":"""",""芝/ダ"":""ダ"",""馬場状態"":"""",""条件クラス"":"""",""距離区分"":"""",""回り"":"""",""内外"":""""}",JOCKEY_COLUMNS,PARSED,https://db-keiba.com/jockey-kokubunk/,掲載表(見出し文字列は証跡JSONに未収録),2026-09-10T10:49:08+09:00,2026-05-25T01:02:58+0900,,,,evidence/web/WEB_JOCKEY.json,574a9932deba18d018b6eeeba01f1dc410f2cf610e13710f1b8b3b7a07d42840,WEB_JOCKEY_TABLE_007,WIN_ROI_PCT|PLACE_ROI_PCT|N_STARTS,UNKNOWN,サイト現行既定は「オッズ反比例の賭け金・固定払戻の意図」(WEB_DEFINITION)。CSV作成時点の方式である証明にはならない,EQUAL_STAKE|EQUAL_PAYOUT,Y,Y,YES_PUBLIC_SCOPE_UNRULED,833,,,,DIRECT_TABLE_READ(掲載値の直接転記・未照合),DIRECT_TABLE_CLAIM_UNVERIFIED,,掲載値の整数%,,ダ,,,UNKNOWN,,DB_KEIBA,roi_presence_raw と完全に1対1でROI記入の有無の言い換え。行の出所ではない,15,,,UNVERIFIED(表示基準日がページ間で不一致: トップ2026-08-16/使い方2026-05-17),(リスト列なし=騎手表),,HOLD_METHOD+HOLD_ASOF+HOLD_ID,①購入方式の確定 ②集計期間の確定 ③公式IDでの名寄せ
rec_31ed52d7e517e65d4c1783f36b21873c615fc1076f1c3e31a466bb314ff6cd64,PRIMARY_JOCKEY,JockeyROI_連結済み_20260719_卍のみ_pre実測_backup.csv,24,JOCKEY,遠藤汰月,,NAME_KEY_ONLY_UNVERIFIED_OFFICIAL_ID,"{""競馬場"":"""",""芝/ダ"":""ダ"",""馬場状態"":"""",""条件クラス"":"""",""距離区分"":"""",""回り"":"""",""内外"":""""}",JOCKEY_COLUMNS,PARSED,,,,,,,,,,,WIN_ROI_PCT|PLACE_ROI_PCT|N_STARTS,UNKNOWN,サイト現行既定は「オッズ反比例の賭け金・固定払戻の意図」(WEB_DEFINITION)。CSV作成時点の方式である証明にはならない,EQUAL_STAKE|EQUAL_PAYOUT,Y,Y,YES_PUBLIC_SCOPE_UNRULED,175,,,,DIRECT_TABLE_READ(掲載値の直接転記・未照合),DIRECT_TABLE_CLAIM_UNVERIFIED,,掲載値の整数%,,ダ,,,UNKNOWN,,DB_KEIBA,roi_presence_raw と完全に1対1でROI記入の有無の言い換え。行の出所ではない,16,,,UNVERIFIED(表示基準日がページ間で不一致: トップ2026-08-16/使い方2026-05-17),(リスト列なし=騎手表),,HOLD_METHOD+HOLD_ASOF+HOLD_ID,①購入方式の確定 ②集計期間の確定 ③公式IDでの名寄せ
rec_7d2510ebacc4d5e3091dde6f8570568c56e90052fa89b412dea578702dd1c77a,PRIMARY_JOCKEY,JockeyROI_連結済み_20260719_卍のみ_pre実測_backup.csv,25,JOCKEY,江田照男,,NAME_KEY_ONLY_UNVERIFIED_OFFICIAL_ID,"{""競馬場"":"""",""芝/ダ"":""ダ"",""馬場状態"":"""",""条件クラス"":"""",""距離区分"":"""",""回り"":"""",""内外"":""""}",JOCKEY_COLUMNS,PARSED,,,,,,,,,,,WIN_ROI_PCT|PLACE_ROI_PCT|N_STARTS,UNKNOWN,サイト現行既定は「オッズ反比例の賭け金・固定払戻の意図」(WEB_DEFINITION)。CSV作成時点の方式である証明にはならない,EQUAL_STAKE|EQUAL_PAYOUT,Y,Y,YES_PUBLIC_SCOPE_UNRULED,1044,,,,DIRECT_TABLE_READ(掲載値の直接転記・未照合),DIRECT_TABLE_CLAIM_UNVERIFIED,,掲載値の整数%,,ダ,,,UNKNOWN,,DB_KEIBA,roi_presence_raw と完全に1対1でROI記入の有無の言い換え。行の出所ではない,6,,,UNVERIFIED(表示基準日がページ間で不一致: トップ2026-08-16/使い方2026-05-17),(リスト列なし=騎手表),,HOLD_METHOD+HOLD_ASOF+HOLD_ID,①購入方式の確定 ②集計期間の確定 ③公式IDでの名寄せ
rec_1b7c021ed706a911f9ee6932332491c64cdf847ab89ea883a8954ee2e2bc2347,PRIMARY_JOCKEY,JockeyROI_連結済み_20260719_卍のみ_pre実測_backup.csv,26,JOCKEY,吉村誠之助,,NAME_KEY_ONLY_UNVERIFIED_OFFICIAL_ID,"{""競馬場"":"""",""芝/ダ"":""ダ"",""馬場状態"":"""",""条件クラス"":"""",""距離区分"":"""",""回り"":"""",""内外"":""""}",JOCKEY_COLUMNS,PARSED,,,,,,,,,,,WIN_ROI_PCT|PLACE_ROI_PCT|N_STARTS,UNKNOWN,サイト現行既定は「オッズ反比例の賭け金・固定払戻の意図」(WEB_DEFINITION)。CSV作成時点の方式である証明にはならない,EQUAL_STAKE|EQUAL_PAYOUT,Y,Y,YES_PUBLIC_SCOPE_UNRULED,814,,,,DIRECT_TABLE_READ(掲載値の直接転記・未照合),DIRECT_TABLE_CLAIM_UNVERIFIED,,掲載値の整数%,,ダ,,,UNKNOWN,,DB_KEIBA,roi_presence_raw と完全に1対1でROI記入の有無の言い換え。行の出所ではない,9,,,UNVERIFIED(表示基準日がページ間で不一致: トップ2026-08-16/使い方2026-05-17),(リスト列なし=騎手表),,HOLD_METHOD+HOLD_ASOF+HOLD_ID,①購入方式の確定 ②集計期間の確定 ③公式IDでの名寄せ
rec_4541e9e418f93c3326d39a1158791ae190c0d20628e1151b404e117b6885217f,PRIMARY_JOCKEY,JockeyROI_連結済み_20260719_卍のみ_pre実測_backup.csv,27,JOCKEY,小坂忠士,,NAME_KEY_ONLY_UNVERIFIED_OFFICIAL_ID,"{""競馬場"":"""",""芝/ダ"":""障害"",""馬場状態"":"""",""条件クラス"":"""",""距離区分"":"""",""回り"":"""",""内外"":""""}",JOCKEY_COLUMNS,PARSED,,,,,,,,,,,,UNKNOWN,,,N,N,NOT_APPLICABLE,,,,,,NOT_APPLICABLE_NO_ROI,,,,障害,,,UNKNOWN,,BOOK_OR_UNSPECIFIED_ROI_SOURCE,roi_presence_raw と完全に1対1でROI記入の有無の言い換え。行の出所ではない,3,,,UNVERIFIED(表示基準日がページ間で不一致: トップ2026-08-16/使い方2026-05-17),(リスト列なし=騎手表),MISSING_ROI,NOT_AVAILABLE,原表と方式を入手するまで使用しない。原行は保持
rec_5391a734a356b8ca10cd7ecb1a432302e1101aa7e9fb7112a13ff72f4e6db7de,PRIMARY_JOCKEY,JockeyROI_連結済み_20260719_卍のみ_pre実測_backup.csv,28,JOCKEY,坂口智康,,NAME_KEY_ONLY_UNVERIFIED_OFFICIAL_ID,"{""競馬場"":"""",""芝/ダ"":""障害"",""馬場状態"":"""",""条件クラス"":"""",""距離区分"":"""",""回り"":"""",""内外"":""""}",JOCKEY_COLUMNS,PARSED,,,,,,,,,,,,UNKNOWN,,,N,N,NOT_APPLICABLE,,,,,,NOT_APPLICABLE_NO_ROI,,,,障害,,,UNKNOWN,,BOOK_OR_UNSPECIFIED_ROI_SOURCE,roi_presence_raw と完全に1対1でROI記入の有無の言い換え。行の出所ではない,2,,,UNVERIFIED(表示基準日がページ間で不一致: トップ2026-08-16/使い方2026-05-17),(リスト列なし=騎手表),MISSING_ROI,NOT_AVAILABLE,原表と方式を入手するまで使用しない。原行は保持
rec_87dede7df207b6bdc47f96bf44c499ee927e82180de64419e346d343a6f4c638,PRIMARY_JOCKEY,JockeyROI_連結済み_20260719_卍のみ_pre実測_backup.csv,29,JOCKEY,金子光希,,NAME_KEY_ONLY_UNVERIFIED_OFFICIAL_ID,"{""競馬場"":"""",""芝/ダ"":""障害"",""馬場状態"":"""",""条件クラス"":"""",""距離区分"":"""",""回り"":"""",""内外"":""""}",JOCKEY_COLUMNS,PARSED,,,,,,,,,,,,UNKNOWN,,,N,N,NOT_APPLICABLE,,,,,,NOT_APPLICABLE_NO_ROI,,,,障害,,,UNKNOWN,,BOOK_OR_UNSPECIFIED_ROI_SOURCE,roi_presence_raw と完全に1対1でROI記入の有無の言い換え。行の出所ではない,4,,,UNVERIFIED(表示基準日がページ間で不一致: トップ2026-08-16/使い方2026-05-17),(リスト列なし=騎手表),MISSING_ROI,NOT_AVAILABLE,原表と方式を入手するまで使用しない。原行は保持
rec_ba1140cc266604cbd00a28f7cb90bc44bf932cae4367e962578c4eeaf297bcb1,PRIMARY_JOCKEY,JockeyROI_連結済み_20260719_卍のみ_pre実測_backup.csv,30,JOCKEY,上野翔,,NAME_KEY_ONLY_UNVERIFIED_OFFICIAL_ID,"{""競馬場"":"""",""芝/ダ"":""障害"",""馬場状態"":"""",""条件クラス"":"""",""距離区分"":"""",""回り"":"""",""内外"":""""}",JOCKEY_COLUMNS,PARSED,,,,,,,,,,,,UNKNOWN,,,N,N,NOT_APPLICABLE,,,,,,NOT_APPLICABLE_NO_ROI,,,,障害,,,UNKNOWN,,BOOK_OR_UNSPECIFIED_ROI_SOURCE,roi_presence_raw と完全に1対1でROI記入の有無の言い換え。行の出所ではない,2,,,UNVERIFIED(表示基準日がページ間で不一致: トップ2026-08-16/使い方2026-05-17),(リスト列なし=騎手表),MISSING_ROI,NOT_AVAILABLE,原表と方式を入手するまで使用しない。原行は保持
rec_934d28681f7cf5c3fbb40fd66a7ebe4c2823399e5846df6a60c6699eb6d75cde,PRIMARY_JOCKEY,JockeyROI_連結済み_20260719_卍のみ_pre実測_backup.csv,31,JOCKEY,難波剛健,,NAME_KEY_ONLY_UNVERIFIED_OFFICIAL_ID,"{""競馬場"":"""",""芝/ダ"":""障害"",""馬場状態"":"""",""条件クラス"":"""",""距離区分"":"""",""回り"":"""",""内外"":""""}",JOCKEY_COLUMNS,PARSED,,,,,,,,,,,,UNKNOWN,,,N,N,NOT_APPLICABLE,,,,,,NOT_APPLICABLE_NO_ROI,,,,障害,,,UNKNOWN,,BOOK_OR_UNSPECIFIED_ROI_SOURCE,roi_presence_raw と完全に1対1でROI記入の有無の言い換え。行の出所ではない,1,,,UNVERIFIED(表示基準日がページ間で不一致: トップ2026-08-16/使い方2026-05-17),(リスト列なし=騎手表),MISSING_ROI,NOT_AVAILABLE,原表と方式を入手するまで使用しない。原行は保持
rec_37faf73e6d7bf57fc6bf059d7a80197840426fd7a9462f7b3ec66aed90033719,PRIMARY_JOCKEY,JockeyROI_連結済み_20260719_卍のみ_pre実測_backup.csv,32,JOCKEY,土田真翔,,NAME_KEY_ONLY_UNVERIFIED_OFFICIAL_ID,"{""競馬場"":"""",""芝/ダ"":""障害"",""馬場状態"":"""",""条件クラス"":"""",""距離区分"":"""",""回り"":"""",""内外"":""""}",JOCKEY_COLUMNS,PARSED,,,,,,,,,,,,UNKNOWN,,,N,N,NOT_APPLICABLE,,,,,,NOT_APPLICABLE_NO_ROI,,,,障害,,,UNKNOWN,,BOOK_OR_UNSPECIFIED_ROI_SOURCE,roi_presence_raw と完全に1対1でROI記入の有無の言い換え。行の出所ではない,1,,,UNVERIFIED(表示基準日がページ間で不一致: トップ2026-08-16/使い方2026-05-17),(リスト列なし=騎手表),MISSING_ROI,NOT_AVAILABLE,原表と方式を入手するまで使用しない。原行は保持
rec_e451ba26ecf6140c721d96b4d221eb34aea42ef7e802aff70392eb2a1f878e6b,PRIMARY_JOCKEY,JockeyROI_連結済み_20260719_卍のみ_pre実測_backup.csv,33,JOCKEY,五十嵐雄祐,,NAME_KEY_ONLY_UNVERIFIED_OFFICIAL_ID,"{""競馬場"":"""",""芝/ダ"":""障害"",""馬場状態"":"""",""条件クラス"":"""",""距離区分"":"""",""回り"":"""",""内外"":""""}",JOCKEY_COLUMNS,PARSED,,,,,,,,,,,,UNKNOWN,,,N,N,NOT_APPLICABLE,,,,,,NOT_APPLICABLE_NO_ROI,,,,障害,,,UNKNOWN,,BOOK_OR_UNSPECIFIED_ROI_SOURCE,roi_presence_raw と完全に1対1でROI記入の有無の言い換え。行の出所ではない,1,,,UNVERIFIED(表示基準日がページ間で不一致: トップ2026-08-16/使い方2026-05-17),(リスト列なし=騎手表),MISSING_ROI,NOT_AVAILABLE,原表と方式を入手するまで使用しない。原行は保持
rec_1f1a949d099e754ba741f088b7000619c673b29f7b1f9fea75cb3b8ad8964ca8,PRIMARY_JOCKEY,JockeyROI_連結済み_20260719_卍のみ_pre実測_backup.csv,34,JOCKEY,水沼元輝,,NAME_KEY_ONLY_UNVERIFIED_OFFICIAL_ID,"{""競馬場"":"""",""芝/ダ"":""障害"",""馬場状態"":"""",""条件クラス"":"""",""距離区分"":"""",""回り"":"""",""内外"":""""}",JOCKEY_COLUMNS,PARSED,,,,,,,,,,,,UNKNOWN,,,N,N,NOT_APPLICABLE,,,,,,NOT_APPLICABLE_NO_ROI,,,,障害,,,UNKNOWN,,BOOK_OR_UNSPECIFIED_ROI_SOURCE,roi_presence_raw と完全に1対1でROI記入の有無の言い換え。行の出所ではない,4,,,UNVERIFIED(表示基準日がページ間で不一致: トップ2026-08-16/使い方2026-05-17),(リスト列なし=騎手表),MISSING_ROI,NOT_AVAILABLE,原表と方式を入手するまで使用しない。原行は保持
rec_6b078dadd158368e3bfffff2db960ca6619199ff42c1767a3aad44b632cec9e8,PRIMARY_JOCKEY,JockeyROI_連結済み_20260719_卍のみ_pre実測_backup.csv,35,JOCKEY,大江原圭,,NAME_KEY_ONLY_UNVERIFIED_OFFICIAL_ID,"{""競馬場"":"""",""芝/ダ"":""障害"",""馬場状態"":"""",""条件クラス"":"""",""距離区分"":"""",""回り"":"""",""内外"":""""}",JOCKEY_COLUMNS,PARSED,,,,,,,,,,,,UNKNOWN,,,N,N,NOT_APPLICABLE,,,,,,NOT_APPLICABLE_NO_ROI,,,,障害,,,UNKNOWN,,BOOK_OR_UNSPECIFIED_ROI_SOURCE,roi_presence_raw と完全に1対1でROI記入の有無の言い換え。行の出所ではない,1,,,UNVERIFIED(表示基準日がページ間で不一致: トップ2026-08-16/使い方2026-05-17),(リスト列なし=騎手表),MISSING_ROI,NOT_AVAILABLE,原表と方式を入手するまで使用しない。原行は保持
rec_237ca18eab8fc4c3e4b8d1664502de7be2e3d9e59548f83ed680a9ea8461f37b,PRIMARY_JOCKEY,JockeyROI_連結済み_20260719_卍のみ_pre実測_backup.csv,36,JOCKEY,蓑島靖典,,NAME_KEY_ONLY_UNVERIFIED_OFFICIAL_ID,"{""競馬場"":"""",""芝/ダ"":""障害"",""馬場状態"":"""",""条件クラス"":"""",""距離区分"":"""",""回り"":"""",""内外"":""""}",JOCKEY_COLUMNS,PARSED,,,,,,,,,,,,UNKNOWN,,,N,N,NOT_APPLICABLE,,,,,,NOT_APPLICABLE_NO_ROI,,,,障害,,,UNKNOWN,,BOOK_OR_UNSPECIFIED_ROI_SOURCE,roi_presence_raw と完全に1対1でROI記入の有無の言い換え。行の出所ではない,1,,,UNVERIFIED(表示基準日がページ間で不一致: トップ2026-08-16/使い方2026-05-17),(リスト列なし=騎手表),MISSING_ROI,NOT_AVAILABLE,原表と方式を入手するまで使用しない。原行は保持
rec_94dcbdf70b7577d19d32ebaeac568e64bed80589f11532c520b4b68e54665ac2,PRIMARY_JOCKEY,JockeyROI_連結済み_20260719_卍のみ_pre実測_backup.csv,37,JOCKEY,石神深一,,NAME_KEY_ONLY_UNVERIFIED_OFFICIAL_ID,"{""競馬場"":"""",""芝/ダ"":""障害"",""馬場状態"":"""",""条件クラス"":"""",""距離区分"":"""",""回り"":"""",""内外"":""""}",JOCKEY_COLUMNS,PARSED,,,,,,,,,,,,UNKNOWN,,,N,N,NOT_APPLICABLE,,,,,,NOT_APPLICABLE_NO_ROI,,,,障害,,,UNKNOWN,,BOOK_OR_UNSPECIFIED_ROI_SOURCE,roi_presence_raw と完全に1対1でROI記入の有無の言い換え。行の出所ではない,2,,,UNVERIFIED(表示基準日がページ間で不一致: トップ2026-08-16/使い方2026-05-17),(リスト列なし=騎手表),MISSING_ROI,NOT_AVAILABLE,原表と方式を入手するまで使用しない。原行は保持
rec_c672ececbdab1fae642be256037711de197a19e1f4966d164f72832f1a445345,PRIMARY_JOCKEY,JockeyROI_連結済み_20260719_卍のみ_pre実測_backup.csv,38,JOCKEY,黒岩悠,,NAME_KEY_ONLY_UNVERIFIED_OFFICIAL_ID,"{""競馬場"":"""",""芝/ダ"":""障害"",""馬場状態"":"""",""条件クラス"":"""",""距離区分"":"""",""回り"":"""",""内外"":""""}",JOCKEY_COLUMNS,PARSED,,,,,,,,,,,,UNKNOWN,,,N,N,NOT_APPLICABLE,,,,,,NOT_APPLICABLE_NO_ROI,,,,障害,,,UNKNOWN,,BOOK_OR_UNSPECIFIED_ROI_SOURCE,roi_presence_raw と完全に1対1でROI記入の有無の言い換え。行の出所ではない,1,,,UNVERIFIED(表示基準日がページ間で不一致: トップ2026-08-16/使い方2026-05-17),(リスト列なし=騎手表),MISSING_ROI,NOT_AVAILABLE,原表と方式を入手するまで使用しない。原行は保持
rec_5caaa2b05370b6ba15e65702355413cc848ef20684e740c985fb5b6c8fa89065,PRIMARY_JOCKEY,JockeyROI_連結済み_20260719_卍のみ_pre実測_backup.csv,39,JOCKEY,中村将之,,NAME_KEY_ONLY_UNVERIFIED_OFFICIAL_ID,"{""競馬場"":"""",""芝/ダ"":""障害"",""馬場状態"":"""",""条件クラス"":"""",""距離区分"":"""",""回り"":"""",""内外"":""""}",JOCKEY_COLUMNS,PARSED,,,,,,,,,,,,UNKNOWN,,,N,N,NOT_APPLICABLE,,,,,,NOT_APPLICABLE_NO_ROI,,,,障害,,,UNKNOWN,,BOOK_OR_UNSPECIFIED_ROI_SOURCE,roi_presence_raw と完全に1対1でROI記入の有無の言い換え。行の出所ではない,1,,,UNVERIFIED(表示基準日がページ間で不一致: トップ2026-08-16/使い方2026-05-17),(リスト列なし=騎手表),MISSING_ROI,NOT_AVAILABLE,原表と方式を入手するまで使用しない。原行は保持
rec_7940127cc364533cc1922a8ee05d364bfaed1cf9e92cb395567e2d3daca969d4,PRIMARY_JOCKEY,JockeyROI_連結済み_20260719_卍のみ_pre実測_backup.csv,40,JOCKEY,高杉吏麒,,NAME_KEY_ONLY_UNVERIFIED_OFFICIAL_ID,"{""競馬場"":"""",""芝/ダ"":"""",""馬場状態"":"""",""条件クラス"":"""",""距離区分"":""短距離"",""回り"":"""",""内外"":""""}",JOCKEY_COLUMNS,PARTIAL,,,,,,,,,,,WIN_ROI_PCT|PLACE_ROI_PCT|N_STARTS,UNKNOWN,サイト現行既定は「オッズ反比例の賭け金・固定払戻の意図」(WEB_DEFINITION)。CSV作成時点の方式である証明にはならない,EQUAL_STAKE|EQUAL_PAYOUT,Y,Y,YES_PUBLIC_SCOPE_UNRULED,111,,,,N_WEIGHTED_MEAN_OF_PCT: sum(ROI_i*n_i)/sum(n_i) を整数丸め,UNVERIFIED_AGGREGATION,LEGACY_JOCKEY_CODE,二重丸め(掲載値が整数%＋加重平均後に再度整数丸め),,,,,UNKNOWN,,DB_KEIBA,roi_presence_raw と完全に1対1でROI記入の有無の言い換え。行の出所ではない,21,,,UNVERIFIED(表示基準日がページ間で不一致: トップ2026-08-16/使い方2026-05-17),(リスト列なし=騎手表),,HOLD_MERGE+HOLD_METHOD+HOLD_ASOF+HOLD_ID,①購入方式の確定 ②分母(賭け金総額・払戻総額)の入手 ③加重平均の再現可否検証 ④場/距離/回りの重複排除
rec_98a110755f11aa48154462573e94d79ac4cfa0481d7da45cb00f30d7b50d85aa,PRIMARY_JOCKEY,JockeyROI_連結済み_20260719_卍のみ_pre実測_backup.csv,41,JOCKEY,田山旺佑,,NAME_KEY_ONLY_UNVERIFIED_OFFICIAL_ID,"{""競馬場"":"""",""芝/ダ"":"""",""馬場状態"":"""",""条件クラス"":"""",""距離区分"":""短距離"",""回り"":"""",""内外"":""""}",JOCKEY_COLUMNS,PARTIAL,,,,,,,,,,,,UNKNOWN,,,N,N,NOT_APPLICABLE,,,,,,NOT_APPLICABLE_NO_ROI,,,,,,,UNKNOWN,,BOOK_OR_UNSPECIFIED_ROI_SOURCE,roi_presence_raw と完全に1対1でROI記入の有無の言い換え。行の出所ではない,8,,,UNVERIFIED(表示基準日がページ間で不一致: トップ2026-08-16/使い方2026-05-17),(リスト列なし=騎手表),MISSING_ROI,NOT_AVAILABLE,原表と方式を入手するまで使用しない。原行は保持
rec_2efdb2dcea990812ee7c44f088e55c387f182a9c249e99120f3b70cb1b7b37b4,PRIMARY_JOCKEY,JockeyROI_連結済み_20260719_卍のみ_pre実測_backup.csv,42,JOCKEY,荻野極,,NAME_KEY_ONLY_UNVERIFIED_OFFICIAL_ID,"{""競馬場"":"""",""芝/ダ"":"""",""馬場状態"":"""",""条件クラス"":"""",""距離区分"":""短距離"",""回り"":"""",""内外"":""""}",JOCKEY_COLUMNS,PARTIAL,,,,,,,,,,,WIN_ROI_PCT|PLACE_ROI_PCT|N_STARTS,UNKNOWN,サイト現行既定は「オッズ反比例の賭け金・固定払戻の意図」(WEB_DEFINITION)。CSV作成時点の方式である証明にはならない,EQUAL_STAKE|EQUAL_PAYOUT,Y,Y,YES_PUBLIC_SCOPE_UNRULED,88,,,,N_WEIGHTED_MEAN_OF_PCT: sum(ROI_i*n_i)/sum(n_i) を整数丸め,UNVERIFIED_AGGREGATION,LEGACY_JOCKEY_CODE,二重丸め(掲載値が整数%＋加重平均後に再度整数丸め),,,,,UNKNOWN,,DB_KEIBA,roi_presence_raw と完全に1対1でROI記入の有無の言い換え。行の出所ではない,4,,,UNVERIFIED(表示基準日がページ間で不一致: トップ2026-08-16/使い方2026-05-17),(リスト列なし=騎手表),,HOLD_MERGE+HOLD_METHOD+HOLD_ASOF+HOLD_ID,①購入方式の確定 ②分母(賭け金総額・払戻総額)の入手 ③加重平均の再現可否検証 ④場/距離/回りの重複排除
rec_3ee1b3ae82488d6ba20ddc1707a35d08ccb4b387df837d9a80756dc61faa37ff,PRIMARY_JOCKEY,JockeyROI_連結済み_20260719_卍のみ_pre実測_backup.csv,43,JOCKEY,田口貫太,,NAME_KEY_ONLY_UNVERIFIED_OFFICIAL_ID,"{""競馬場"":"""",""芝/ダ"":"""",""馬場状態"":"""",""条件クラス"":"""",""距離区分"":""短距離"",""回り"":"""",""内外"":""""}",JOCKEY_COLUMNS,PARTIAL,,,,,,,,,,,WIN_ROI_PCT|PLACE_ROI_PCT|N_STARTS,UNKNOWN,サイト現行既定は「オッズ反比例の賭け金・固定払戻の意図」(WEB_DEFINITION)。CSV作成時点の方式である証明にはならない,EQUAL_STAKE|EQUAL_PAYOUT,Y,Y,YES_PUBLIC_SCOPE_UNRULED,366,,,,N_WEIGHTED_MEAN_OF_PCT: sum(ROI_i*n_i)/sum(n_i) を整数丸め,UNVERIFIED_AGGREGATION,LEGACY_JOCKEY_CODE,二重丸め(掲載値が整数%＋加重平均後に再度整数丸め),,,,,UNKNOWN,,DB_KEIBA,roi_presence_raw と完全に1対1でROI記入の有無の言い換え。行の出所ではない,10,,,UNVERIFIED(表示基準日がページ間で不一致: トップ2026-08-16/使い方2026-05-17),(リスト列なし=騎手表),,HOLD_MERGE+HOLD_METHOD+HOLD_ASOF+HOLD_ID,①購入方式の確定 ②分母(賭け金総額・払戻総額)の入手 ③加重平均の再現可否検証 ④場/距離/回りの重複排除
rec_7e3a25b6e0cf568ab363eda394fa3efb1ffd5b5cb315d8e9d344a6b2e01e2389,PRIMARY_JOCKEY,JockeyROI_連結済み_20260719_卍のみ_pre実測_backup.csv,44,JOCKEY,菊沢一樹,,NAME_KEY_ONLY_UNVERIFIED_OFFICIAL_ID,"{""競馬場"":"""",""芝/ダ"":"""",""馬場状態"":"""",""条件クラス"":"""",""距離区分"":""短距離"",""回り"":"""",""内外"":""""}",JOCKEY_COLUMNS,PARTIAL,,,,,,,,,,,WIN_ROI_PCT|PLACE_ROI_PCT|N_STARTS,UNKNOWN,サイト現行既定は「オッズ反比例の賭け金・固定払戻の意図」(WEB_DEFINITION)。CSV作成時点の方式である証明にはならない,EQUAL_STAKE|EQUAL_PAYOUT,Y,Y,YES_PUBLIC_SCOPE_UNRULED,392,,,,N_WEIGHTED_MEAN_OF_PCT: sum(ROI_i*n_i)/sum(n_i) を整数丸め,UNVERIFIED_AGGREGATION,LEGACY_JOCKEY_CODE,二重丸め(掲載値が整数%＋加重平均後に再度整数丸め),,,,,UNKNOWN,,DB_KEIBA,roi_presence_raw と完全に1対1でROI記入の有無の言い換え。行の出所ではない,10,,,UNVERIFIED(表示基準日がページ間で不一致: トップ2026-08-16/使い方2026-05-17),(リスト列なし=騎手表),,HOLD_MERGE+HOLD_METHOD+HOLD_ASOF+HOLD_ID,①購入方式の確定 ②分母(賭け金総額・払戻総額)の入手 ③加重平均の再現可否検証 ④場/距離/回りの重複排除
rec_0c4e4316597e56f470b2aa9e5bfffc251356db806bfbc6e451c271ec2828c2d3,PRIMARY_JOCKEY,JockeyROI_連結済み_20260719_卍のみ_pre実測_backup.csv,45,JOCKEY,国分恭介,,NAME_KEY_ONLY_UNVERIFIED_OFFICIAL_ID,"{""競馬場"":"""",""芝/ダ"":"""",""馬場状態"":"""",""条件クラス"":"""",""距離区分"":""短距離"",""回り"":"""",""内外"":""""}",JOCKEY_COLUMNS,PARTIAL,,,,,,,,,,,,UNKNOWN,,,N,N,NOT_APPLICABLE,,,,,,NOT_APPLICABLE_NO_ROI,,,,,,,UNKNOWN,,BOOK_OR_UNSPECIFIED_ROI_SOURCE,roi_presence_raw と完全に1対1でROI記入の有無の言い換え。行の出所ではない,15,,,UNVERIFIED(表示基準日がページ間で不一致: トップ2026-08-16/使い方2026-05-17),(リスト列なし=騎手表),MISSING_ROI,NOT_AVAILABLE,原表と方式を入手するまで使用しない。原行は保持
rec_29806eecd95d4925ef8d7cf37f353a473a7402852902a1ea8aa30b5aa0bbc027,PRIMARY_JOCKEY,JockeyROI_連結済み_20260719_卍のみ_pre実測_backup.csv,46,JOCKEY,松若風馬,,NAME_KEY_ONLY_UNVERIFIED_OFFICIAL_ID,"{""競馬場"":"""",""芝/ダ"":"""",""馬場状態"":"""",""条件クラス"":"""",""距離区分"":""短距離"",""回り"":"""",""内外"":""""}",JOCKEY_COLUMNS,PARTIAL,,,,,,,,,,,WIN_ROI_PCT|PLACE_ROI_PCT|N_STARTS,UNKNOWN,サイト現行既定は「オッズ反比例の賭け金・固定払戻の意図」(WEB_DEFINITION)。CSV作成時点の方式である証明にはならない,EQUAL_STAKE|EQUAL_PAYOUT,Y,Y,YES_PUBLIC_SCOPE_UNRULED,381,,,,N_WEIGHTED_MEAN_OF_PCT: sum(ROI_i*n_i)/sum(n_i) を整数丸め,UNVERIFIED_AGGREGATION,LEGACY_JOCKEY_CODE,二重丸め(掲載値が整数%＋加重平均後に再度整数丸め),,,,,UNKNOWN,,DB_KEIBA,roi_presence_raw と完全に1対1でROI記入の有無の言い換え。行の出所ではない,13,,,UNVERIFIED(表示基準日がページ間で不一致: トップ2026-08-16/使い方2026-05-17),(リスト列なし=騎手表),,HOLD_MERGE+HOLD_METHOD+HOLD_ASOF+HOLD_ID,①購入方式の確定 ②分母(賭け金総額・払戻総額)の入手 ③加重平均の再現可否検証 ④場/距離/回りの重複排除
rec_074db3ea3611b59e91ba5e3b4c36d6c9be1e5846ae4581ae1fa3f5b86c8b7cea,PRIMARY_JOCKEY,JockeyROI_連結済み_20260719_卍のみ_pre実測_backup.csv,47,JOCKEY,嶋田純次,,NAME_KEY_ONLY_UNVERIFIED_OFFICIAL_ID,"{""競馬場"":"""",""芝/ダ"":"""",""馬場状態"":"""",""条件クラス"":"""",""距離区分"":""短距離"",""回り"":"""",""内外"":""""}",JOCKEY_COLUMNS,PARTIAL,,,,,,,,,,,WIN_ROI_PCT|PLACE_ROI_PCT|N_STARTS,UNKNOWN,サイト現行既定は「オッズ反比例の賭け金・固定払戻の意図」(WEB_DEFINITION)。CSV作成時点の方式である証明にはならない,EQUAL_STAKE|EQUAL_PAYOUT,Y,Y,YES_PUBLIC_SCOPE_UNRULED,69,,,,N_WEIGHTED_MEAN_OF_PCT: sum(ROI_i*n_i)/sum(n_i) を整数丸め,UNVERIFIED_AGGREGATION,LEGACY_JOCKEY_CODE,二重丸め(掲載値が整数%＋加重平均後に再度整数丸め),,,,,UNKNOWN,,DB_KEIBA,roi_presence_raw と完全に1対1でROI記入の有無の言い換え。行の出所ではない,5,,,UNVERIFIED(表示基準日がページ間で不一致: トップ2026-08-16/使い方2026-05-17),(リスト列なし=騎手表),,HOLD_MERGE+HOLD_METHOD+HOLD_ASOF+HOLD_ID,①購入方式の確定 ②分母(賭け金総額・払戻総額)の入手 ③加重平均の再現可否検証 ④場/距離/回りの重複排除
rec_5361511bc25c7b0a95b38483dea866f8b3531ff9671042bb5e83fbc77bf02e0d,PRIMARY_JOCKEY,JockeyROI_連結済み_20260719_卍のみ_pre実測_backup.csv,48,JOCKEY,岩田望来,,NAME_KEY_ONLY_UNVERIFIED_OFFICIAL_ID,"{""競馬場"":"""",""芝/ダ"":"""",""馬場状態"":"""",""条件クラス"":"""",""距離区分"":""短距離"",""回り"":"""",""内外"":""""}",JOCKEY_COLUMNS,PARTIAL,,,,,,,,,,,WIN_ROI_PCT|PLACE_ROI_PCT|N_STARTS,UNKNOWN,サイト現行既定は「オッズ反比例の賭け金・固定払戻の意図」(WEB_DEFINITION)。CSV作成時点の方式である証明にはならない,EQUAL_STAKE|EQUAL_PAYOUT,Y,Y,YES_PUBLIC_SCOPE_UNRULED,1196,,,,N_WEIGHTED_MEAN_OF_PCT: sum(ROI_i*n_i)/sum(n_i) を整数丸め,UNVERIFIED_AGGREGATION,LEGACY_JOCKEY_CODE,二重丸め(掲載値が整数%＋加重平均後に再度整数丸め),,,,,UNKNOWN,,DB_KEIBA,roi_presence_raw と完全に1対1でROI記入の有無の言い換え。行の出所ではない,4,,,UNVERIFIED(表示基準日がページ間で不一致: トップ2026-08-16/使い方2026-05-17),(リスト列なし=騎手表),,HOLD_MERGE+HOLD_METHOD+HOLD_ASOF+HOLD_ID,①購入方式の確定 ②分母(賭け金総額・払戻総額)の入手 ③加重平均の再現可否検証 ④場/距離/回りの重複排除
rec_2c9fe5f23935dad516e95a21003d14bca798f1c7758fc5f620b6581aba40a673,PRIMARY_JOCKEY,JockeyROI_連結済み_20260719_卍のみ_pre実測_backup.csv,49,JOCKEY,菅原明良,,NAME_KEY_ONLY_UNVERIFIED_OFFICIAL_ID,"{""競馬場"":"""",""芝/ダ"":"""",""馬場状態"":"""",""条件クラス"":"""",""距離区分"":""短距離"",""回り"":"""",""内外"":""""}",JOCKEY_COLUMNS,PARTIAL,,,,,,,,,,,WIN_ROI_PCT|PLACE_ROI_PCT|N_STARTS,UNKNOWN,サイト現行既定は「オッズ反比例の賭け金・固定払戻の意図」(WEB_DEFINITION)。CSV作成時点の方式である証明にはならない,EQUAL_STAKE|EQUAL_PAYOUT,Y,Y,YES_PUBLIC_SCOPE_UNRULED,1231,,,,N_WEIGHTED_MEAN_OF_PCT: sum(ROI_i*n_i)/sum(n_i) を整数丸め,UNVERIFIED_AGGREGATION,LEGACY_JOCKEY_CODE,二重丸め(掲載値が整数%＋加重平均後に再度整数丸め),,,,,UNKNOWN,,DB_KEIBA,roi_presence_raw と完全に1対1でROI記入の有無の言い換え。行の出所ではない,5,,,UNVERIFIED(表示基準日がページ間で不一致: トップ2026-08-16/使い方2026-05-17),(リスト列なし=騎手表),,HOLD_MERGE+HOLD_METHOD+HOLD_ASOF+HOLD_ID,①購入方式の確定 ②分母(賭け金総額・払戻総額)の入手 ③加重平均の再現可否検証 ④場/距離/回りの重複排除
rec_deadedd631fc3805bfc3c057f87e427e1d29e889da773044c1d811483c9cf59f,PRIMARY_JOCKEY,JockeyROI_連結済み_20260719_卍のみ_pre実測_backup.csv,50,JOCKEY,遠藤汰月,,NAME_KEY_ONLY_UNVERIFIED_OFFICIAL_ID,"{""競馬場"":"""",""芝/ダ"":"""",""馬場状態"":"""",""条件クラス"":"""",""距離区分"":""短距離"",""回り"":"""",""内外"":""""}",JOCKEY_COLUMNS,PARTIAL,,,,,,,,,,,,UNKNOWN,,,N,N,NOT_APPLICABLE,,,,,,NOT_APPLICABLE_NO_ROI,,,,,,,UNKNOWN,,BOOK_OR_UNSPECIFIED_ROI_SOURCE,roi_presence_raw と完全に1対1でROI記入の有無の言い換え。行の出所ではない,16,,,UNVERIFIED(表示基準日がページ間で不一致: トップ2026-08-16/使い方2026-05-17),(リスト列なし=騎手表),MISSING_ROI,NOT_AVAILABLE,原表と方式を入手するまで使用しない。原行は保持
rec_7f96194cbdf7fcf3774334142b845322bcb762d7a74e2931d3c01e577223c841,PRIMARY_JOCKEY,JockeyROI_連結済み_20260719_卍のみ_pre実測_backup.csv,51,JOCKEY,小沢大仁,,NAME_KEY_ONLY_UNVERIFIED_OFFICIAL_ID,"{""競馬場"":"""",""芝/ダ"":"""",""馬場状態"":"""",""条件クラス"":"""",""距離区分"":""短距離"",""回り"":"""",""内外"":""""}",JOCKEY_COLUMNS,PARTIAL,,,,,,,,,,,WIN_ROI_PCT|PLACE_ROI_PCT|N_STARTS,UNKNOWN,サイト現行既定は「オッズ反比例の賭け金・固定払戻の意図」(WEB_DEFINITION)。CSV作成時点の方式である証明にはならない,EQUAL_STAKE|EQUAL_PAYOUT,Y,Y,YES_PUBLIC_SCOPE_UNRULED,195,,,,N_WEIGHTED_MEAN_OF_PCT: sum(ROI_i*n_i)/sum(n_i) を整数丸め,UNVERIFIED_AGGREGATION,LEGACY_JOCKEY_CODE,二重丸め(掲載値が整数%＋加重平均後に再度整数丸め),,,,,UNKNOWN,,DB_KEIBA,roi_presence_raw と完全に1対1でROI記入の有無の言い換え。行の出所ではない,9,,,UNVERIFIED(表示基準日がページ間で不一致: トップ2026-08-16/使い方2026-05-17),(リスト列なし=騎手表),,HOLD_MERGE+HOLD_METHOD+HOLD_ASOF+HOLD_ID,①購入方式の確定 ②分母(賭け金総額・払戻総額)の入手 ③加重平均の再現可否検証 ④場/距離/回りの重複排除
rec_937a70d022df22ba3a1daf851278af23e146e121025d6827740641d3b590efe5,PRIMARY_JOCKEY,JockeyROI_連結済み_20260719_卍のみ_pre実測_backup.csv,52,JOCKEY,江田照男,,NAME_KEY_ONLY_UNVERIFIED_OFFICIAL_ID,"{""競馬場"":"""",""芝/ダ"":"""",""馬場状態"":"""",""条件クラス"":"""",""距離区分"":""短距離"",""回り"":"""",""内外"":""""}",JOCKEY_COLUMNS,PARTIAL,,,,,,,,,,,,UNKNOWN,,,N,N,NOT_APPLICABLE,,,,,,NOT_APPLICABLE_NO_ROI,,,,,,,UNKNOWN,,BOOK_OR_UNSPECIFIED_ROI_SOURCE,roi_presence_raw と完全に1対1でROI記入の有無の言い換え。行の出所ではない,6,,,UNVERIFIED(表示基準日がページ間で不一致: トップ2026-08-16/使い方2026-05-17),(リスト列なし=騎手表),MISSING_ROI,NOT_AVAILABLE,原表と方式を入手するまで使用しない。原行は保持
rec_ce2109083e8bfa4df09872a325dc7bec1f9c7e3346c79336c95cd54bdde0adc9,PRIMARY_JOCKEY,JockeyROI_連結済み_20260719_卍のみ_pre実測_backup.csv,53,JOCKEY,森田誠也,,NAME_KEY_ONLY_UNVERIFIED_OFFICIAL_ID,"{""競馬場"":"""",""芝/ダ"":"""",""馬場状態"":"""",""条件クラス"":"""",""距離区分"":""中距離"",""回り"":"""",""内外"":""""}",JOCKEY_COLUMNS,PARTIAL,,,,,,,,,,,,UNKNOWN,,,N,N,NOT_APPLICABLE,,,,,,NOT_APPLICABLE_NO_ROI,,,,,,,UNKNOWN,,BOOK_OR_UNSPECIFIED_ROI_SOURCE,roi_presence_raw と完全に1対1でROI記入の有無の言い換え。行の出所ではない,9,,,UNVERIFIED(表示基準日がページ間で不一致: トップ2026-08-16/使い方2026-05-17),(リスト列なし=騎手表),MISSING_ROI,NOT_AVAILABLE,原表と方式を入手するまで使用しない。原行は保持
rec_5faf99e0dc78ac070d74582f3985c88e22dc2f3258aae5e5da35d62e612fc2ff,PRIMARY_JOCKEY,JockeyROI_連結済み_20260719_卍のみ_pre実測_backup.csv,54,JOCKEY,上里直汰,,NAME_KEY_ONLY_UNVERIFIED_OFFICIAL_ID,"{""競馬場"":"""",""芝/ダ"":"""",""馬場状態"":"""",""条件クラス"":"""",""距離区分"":""中距離"",""回り"":"""",""内外"":""""}",JOCKEY_COLUMNS,PARTIAL,,,,,,,,,,,,UNKNOWN,,,N,N,NOT_APPLICABLE,,,,,,NOT_APPLICABLE_NO_ROI,,,,,,,UNKNOWN,,BOOK_OR_UNSPECIFIED_ROI_SOURCE,roi_presence_raw と完全に1対1でROI記入の有無の言い換え。行の出所ではない,6,,,UNVERIFIED(表示基準日がページ間で不一致: トップ2026-08-16/使い方2026-05-17),(リスト列なし=騎手表),MISSING_ROI,NOT_AVAILABLE,原表と方式を入手するまで使用しない。原行は保持
rec_31a3c5985c4457988347bbb257bb1efee0059963e7a25061c25a8aa5453ba9d1,PRIMARY_JOCKEY,JockeyROI_連結済み_20260719_卍のみ_pre実測_backup.csv,55,JOCKEY,舟山瑠泉,,NAME_KEY_ONLY_UNVERIFIED_OFFICIAL_ID,"{""競馬場"":"""",""芝/ダ"":"""",""馬場状態"":"""",""条件クラス"":"""",""距離区分"":""中距離"",""回り"":"""",""内外"":""""}",JOCKEY_COLUMNS,PARTIAL,,,,,,,,,,,,UNKNOWN,,,N,N,NOT_APPLICABLE,,,,,,NOT_APPLICABLE_NO_ROI,,,,,,,UNKNOWN,,BOOK_OR_UNSPECIFIED_ROI_SOURCE,roi_presence_raw と完全に1対1でROI記入の有無の言い換え。行の出所ではない,10,,,UNVERIFIED(表示基準日がページ間で不一致: トップ2026-08-16/使い方2026-05-17),(リスト列なし=騎手表),MISSING_ROI,NOT_AVAILABLE,原表と方式を入手するまで使用しない。原行は保持
rec_fb28a351a42135d4f259ee6fc7cd80cc574c1bfe67500c1daf975abeaada8c6f,PRIMARY_JOCKEY,JockeyROI_連結済み_20260719_卍のみ_pre実測_backup.csv,56,JOCKEY,丹内祐次,,NAME_KEY_ONLY_UNVERIFIED_OFFICIAL_ID,"{""競馬場"":"""",""芝/ダ"":"""",""馬場状態"":"""",""条件クラス"":"""",""距離区分"":""中距離"",""回り"":"""",""内外"":""""}",JOCKEY_COLUMNS,PARTIAL,,,,,,,,,,,WIN_ROI_PCT|PLACE_ROI_PCT|N_STARTS,UNKNOWN,サイト現行既定は「オッズ反比例の賭け金・固定払戻の意図」(WEB_DEFINITION)。CSV作成時点の方式である証明にはならない,EQUAL_STAKE|EQUAL_PAYOUT,Y,Y,YES_PUBLIC_SCOPE_UNRULED,1439,,,,N_WEIGHTED_MEAN_OF_PCT: sum(ROI_i*n_i)/sum(n_i) を整数丸め,UNVERIFIED_AGGREGATION,LEGACY_JOCKEY_CODE,二重丸め(掲載値が整数%＋加重平均後に再度整数丸め),,,,,UNKNOWN,,DB_KEIBA,roi_presence_raw と完全に1対1でROI記入の有無の言い換え。行の出所ではない,7,,,UNVERIFIED(表示基準日がページ間で不一致: トップ2026-08-16/使い方2026-05-17),(リスト列なし=騎手表),,HOLD_MERGE+HOLD_METHOD+HOLD_ASOF+HOLD_ID,①購入方式の確定 ②分母(賭け金総額・払戻総額)の入手 ③加重平均の再現可否検証 ④場/距離/回りの重複排除
rec_1926fbaf24089baf47b0f91e88465e74f914593f4eb04ce26c62df443d9ba86f,PRIMARY_JOCKEY,JockeyROI_連結済み_20260719_卍のみ_pre実測_backup.csv,57,JOCKEY,藤岡佑介,,NAME_KEY_ONLY_UNVERIFIED_OFFICIAL_ID,"{""競馬場"":"""",""芝/ダ"":"""",""馬場状態"":"""",""条件クラス"":"""",""距離区分"":""中距離"",""回り"":"""",""内外"":""""}",JOCKEY_COLUMNS,PARTIAL,,,,,,,,,,,WIN_ROI_PCT|PLACE_ROI_PCT|N_STARTS,UNKNOWN,サイト現行既定は「オッズ反比例の賭け金・固定払戻の意図」(WEB_DEFINITION)。CSV作成時点の方式である証明にはならない,EQUAL_STAKE|EQUAL_PAYOUT,Y,Y,YES_PUBLIC_SCOPE_UNRULED,560,,,,N_WEIGHTED_MEAN_OF_PCT: sum(ROI_i*n_i)/sum(n_i) を整数丸め,UNVERIFIED_AGGREGATION,LEGACY_JOCKEY_CODE,二重丸め(掲載値が整数%＋加重平均後に再度整数丸め),,,,,UNKNOWN,,DB_KEIBA,roi_presence_raw と完全に1対1でROI記入の有無の言い換え。行の出所ではない,4,,,UNVERIFIED(表示基準日がページ間で不一致: トップ2026-08-16/使い方2026-05-17),(リスト列なし=騎手表),,HOLD_MERGE+HOLD_METHOD+HOLD_ASOF+HOLD_ID,①購入方式の確定 ②分母(賭け金総額・払戻総額)の入手 ③加重平均の再現可否検証 ④場/距離/回りの重複排除
rec_21014ab452a983dd32f5406eb127271f97638b000c90e6a0dbb28b08498a3090,PRIMARY_JOCKEY,JockeyROI_連結済み_20260719_卍のみ_pre実測_backup.csv,58,JOCKEY,鮫島克駿,,NAME_KEY_ONLY_UNVERIFIED_OFFICIAL_ID,"{""競馬場"":"""",""芝/ダ"":"""",""馬場状態"":"""",""条件クラス"":"""",""距離区分"":""中距離"",""回り"":"""",""内外"":""""}",JOCKEY_COLUMNS,PARTIAL,,,,,,,,,,,WIN_ROI_PCT|PLACE_ROI_PCT|N_STARTS,UNKNOWN,サイト現行既定は「オッズ反比例の賭け金・固定払戻の意図」(WEB_DEFINITION)。CSV作成時点の方式である証明にはならない,EQUAL_STAKE|EQUAL_PAYOUT,Y,Y,YES_PUBLIC_SCOPE_UNRULED,1321,,,,N_WEIGHTED_MEAN_OF_PCT: sum(ROI_i*n_i)/sum(n_i) を整数丸め,UNVERIFIED_AGGREGATION,LEGACY_JOCKEY_CODE,二重丸め(掲載値が整数%＋加重平均後に再度整数丸め),,,,,UNKNOWN,,DB_KEIBA,roi_presence_raw と完全に1対1でROI記入の有無の言い換え。行の出所ではない,6,,,UNVERIFIED(表示基準日がページ間で不一致: トップ2026-08-16/使い方2026-05-17),(リスト列なし=騎手表),,HOLD_MERGE+HOLD_METHOD+HOLD_ASOF+HOLD_ID,①購入方式の確定 ②分母(賭け金総額・払戻総額)の入手 ③加重平均の再現可否検証 ④場/距離/回りの重複排除
rec_75681b2cc02a0d300dd4537fa3f3c1fe46c997f12e129edd36f6cefcedc416fc,PRIMARY_JOCKEY,JockeyROI_連結済み_20260719_卍のみ_pre実測_backup.csv,59,JOCKEY,団野大成,,NAME_KEY_ONLY_UNVERIFIED_OFFICIAL_ID,"{""競馬場"":"""",""芝/ダ"":"""",""馬場状態"":"""",""条件クラス"":"""",""距離区分"":""中距離"",""回り"":"""",""内外"":""""}",JOCKEY_COLUMNS,PARTIAL,,,,,,,,,,,WIN_ROI_PCT|PLACE_ROI_PCT|N_STARTS,UNKNOWN,サイト現行既定は「オッズ反比例の賭け金・固定払戻の意図」(WEB_DEFINITION)。CSV作成時点の方式である証明にはならない,EQUAL_STAKE|EQUAL_PAYOUT,Y,Y,YES_PUBLIC_SCOPE_UNRULED,950,,,,N_WEIGHTED_MEAN_OF_PCT: sum(ROI_i*n_i)/sum(n_i) を整数丸め,UNVERIFIED_AGGREGATION,LEGACY_JOCKEY_CODE,二重丸め(掲載値が整数%＋加重平均後に再度整数丸め),,,,,UNKNOWN,,DB_KEIBA,roi_presence_raw と完全に1対1でROI記入の有無の言い換え。行の出所ではない,7,,,UNVERIFIED(表示基準日がページ間で不一致: トップ2026-08-16/使い方2026-05-17),(リスト列なし=騎手表),,HOLD_MERGE+HOLD_METHOD+HOLD_ASOF+HOLD_ID,①購入方式の確定 ②分母(賭け金総額・払戻総額)の入手 ③加重平均の再現可否検証 ④場/距離/回りの重複排除
rec_94eb5e8d2840731b9bbf2912f9743e50a22eace70db94cab2046fceb15fff86a,PRIMARY_JOCKEY,JockeyROI_連結済み_20260719_卍のみ_pre実測_backup.csv,60,JOCKEY,国分恭介,,NAME_KEY_ONLY_UNVERIFIED_OFFICIAL_ID,"{""競馬場"":"""",""芝/ダ"":"""",""馬場状態"":"""",""条件クラス"":"""",""距離区分"":""中距離"",""回り"":"""",""内外"":""""}",JOCKEY_COLUMNS,PARTIAL,,,,,,,,,,,,UNKNOWN,,,N,N,NOT_APPLICABLE,,,,,,NOT_APPLICABLE_NO_ROI,,,,,,,UNKNOWN,,BOOK_OR_UNSPECIFIED_ROI_SOURCE,roi_presence_raw と完全に1対1でROI記入の有無の言い換え。行の出所ではない,15,,,UNVERIFIED(表示基準日がページ間で不一致: トップ2026-08-16/使い方2026-05-17),(リスト列なし=騎手表),MISSING_ROI,NOT_AVAILABLE,原表と方式を入手するまで使用しない。原行は保持
rec_65a5e1287d9a95e3cef9b783ebcb85737dfad08df0039e05f88011fc86924d72,PRIMARY_JOCKEY,JockeyROI_連結済み_20260719_卍のみ_pre実測_backup.csv,61,JOCKEY,小沢大仁,,NAME_KEY_ONLY_UNVERIFIED_OFFICIAL_ID,"{""競馬場"":"""",""芝/ダ"":"""",""馬場状態"":"""",""条件クラス"":"""",""距離区分"":""中距離"",""回り"":"""",""内外"":""""}",JOCKEY_COLUMNS,PARTIAL,,,,,,,,,,,WIN_ROI_PCT|PLACE_ROI_PCT|N_STARTS,UNKNOWN,サイト現行既定は「オッズ反比例の賭け金・固定払戻の意図」(WEB_DEFINITION)。CSV作成時点の方式である証明にはならない,EQUAL_STAKE|EQUAL_PAYOUT,Y,Y,YES_PUBLIC_SCOPE_UNRULED,205,,,,N_WEIGHTED_MEAN_OF_PCT: sum(ROI_i*n_i)/sum(n_i) を整数丸め,UNVERIFIED_AGGREGATION,LEGACY_JOCKEY_CODE,二重丸め(掲載値が整数%＋加重平均後に再度整数丸め),,,,,UNKNOWN,,DB_KEIBA,roi_presence_raw と完全に1対1でROI記入の有無の言い換え。行の出所ではない,9,,,UNVERIFIED(表示基準日がページ間で不一致: トップ2026-08-16/使い方2026-05-17),(リスト列なし=騎手表),,HOLD_MERGE+HOLD_METHOD+HOLD_ASOF+HOLD_ID,①購入方式の確定 ②分母(賭け金総額・払戻総額)の入手 ③加重平均の再現可否検証 ④場/距離/回りの重複排除
rec_b3f38c24a469c2845b7a6d5c0dde8492c79c53fc91cb54a5c880fc8eb538a5bc,PRIMARY_JOCKEY,JockeyROI_連結済み_20260719_卍のみ_pre実測_backup.csv,62,JOCKEY,小崎綾也,,NAME_KEY_ONLY_UNVERIFIED_OFFICIAL_ID,"{""競馬場"":"""",""芝/ダ"":"""",""馬場状態"":"""",""条件クラス"":"""",""距離区分"":""中距離"",""回り"":"""",""内外"":""""}",JOCKEY_COLUMNS,PARTIAL,,,,,,,,,,,,UNKNOWN,,,N,N,NOT_APPLICABLE,,,,,,NOT_APPLICABLE_NO_ROI,,,,,,,UNKNOWN,,BOOK_OR_UNSPECIFIED_ROI_SOURCE,roi_presence_raw と完全に1対1でROI記入の有無の言い換え。行の出所ではない,3,,,UNVERIFIED(表示基準日がページ間で不一致: トップ2026-08-16/使い方2026-05-17),(リスト列なし=騎手表),MISSING_ROI,NOT_AVAILABLE,原表と方式を入手するまで使用しない。原行は保持
rec_685184fe64a878e54acc5b3d8c907f096c2997f5871677d69f39fb93f68d66dc,PRIMARY_JOCKEY,JockeyROI_連結済み_20260719_卍のみ_pre実測_backup.csv,63,JOCKEY,柴田裕一郎,,NAME_KEY_ONLY_UNVERIFIED_OFFICIAL_ID,"{""競馬場"":"""",""芝/ダ"":"""",""馬場状態"":"""",""条件クラス"":"""",""距離区分"":""中距離"",""回り"":"""",""内外"":""""}",JOCKEY_COLUMNS,PARTIAL,,,,,,,,,,,,UNKNOWN,,,N,N,NOT_APPLICABLE,,,,,,NOT_APPLICABLE_NO_ROI,,,,,,,UNKNOWN,,BOOK_OR_UNSPECIFIED_ROI_SOURCE,roi_presence_raw と完全に1対1でROI記入の有無の言い換え。行の出所ではない,7,,,UNVERIFIED(表示基準日がページ間で不一致: トップ2026-08-16/使い方2026-05-17),(リスト列なし=騎手表),MISSING_ROI,NOT_AVAILABLE,原表と方式を入手するまで使用しない。原行は保持
rec_b8942cc619afd3b5e35656ff2832fe28bdd196bb7c602448e71750495bee3d20,PRIMARY_JOCKEY,JockeyROI_連結済み_20260719_卍のみ_pre実測_backup.csv,64,JOCKEY,内田博幸,,NAME_KEY_ONLY_UNVERIFIED_OFFICIAL_ID,"{""競馬場"":"""",""芝/ダ"":"""",""馬場状態"":"""",""条件クラス"":"""",""距離区分"":""中距離"",""回り"":"""",""内外"":""""}",JOCKEY_COLUMNS,PARTIAL,,,,,,,,,,,,UNKNOWN,,,N,N,NOT_APPLICABLE,,,,,,NOT_APPLICABLE_NO_ROI,,,,,,,UNKNOWN,,BOOK_OR_UNSPECIFIED_ROI_SOURCE,roi_presence_raw と完全に1対1でROI記入の有無の言い換え。行の出所ではない,3,,,UNVERIFIED(表示基準日がページ間で不一致: トップ2026-08-16/使い方2026-05-17),(リスト列なし=騎手表),MISSING_ROI,NOT_AVAILABLE,原表と方式を入手するまで使用しない。原行は保持
rec_171c958676b2d7ec1a204573359f3188c720dbe750be56fc2e728129e0138557,PRIMARY_JOCKEY,JockeyROI_連結済み_20260719_卍のみ_pre実測_backup.csv,65,JOCKEY,永島まなみ,,NAME_KEY_ONLY_UNVERIFIED_OFFICIAL_ID,"{""競馬場"":"""",""芝/ダ"":"""",""馬場状態"":"""",""条件クラス"":"""",""距離区分"":""中距離"",""回り"":"""",""内外"":""""}",JOCKEY_COLUMNS,PARTIAL,,,,,,,,,,,WIN_ROI_PCT|PLACE_ROI_PCT|N_STARTS,UNKNOWN,サイト現行既定は「オッズ反比例の賭け金・固定払戻の意図」(WEB_DEFINITION)。CSV作成時点の方式である証明にはならない,EQUAL_STAKE|EQUAL_PAYOUT,Y,Y,YES_PUBLIC_SCOPE_UNRULED,154,,,,N_WEIGHTED_MEAN_OF_PCT: sum(ROI_i*n_i)/sum(n_i) を整数丸め,UNVERIFIED_AGGREGATION,LEGACY_JOCKEY_CODE,二重丸め(掲載値が整数%＋加重平均後に再度整数丸め),,,,,UNKNOWN,,DB_KEIBA,roi_presence_raw と完全に1対1でROI記入の有無の言い換え。行の出所ではない,3,,,UNVERIFIED(表示基準日がページ間で不一致: トップ2026-08-16/使い方2026-05-17),(リスト列なし=騎手表),,HOLD_MERGE+HOLD_METHOD+HOLD_ASOF+HOLD_ID,①購入方式の確定 ②分母(賭け金総額・払戻総額)の入手 ③加重平均の再現可否検証 ④場/距離/回りの重複排除
rec_1fbf22f0888e51f5242ccf5779acd3bbc429e1767d4640739780d352db24d5cb,PRIMARY_JOCKEY,JockeyROI_連結済み_20260719_卍のみ_pre実測_backup.csv,66,JOCKEY,松本大輝,,NAME_KEY_ONLY_UNVERIFIED_OFFICIAL_ID,"{""競馬場"":"""",""芝/ダ"":"""",""馬場状態"":"""",""条件クラス"":"""",""距離区分"":""長距離"",""回り"":"""",""内外"":""""}",JOCKEY_COLUMNS,PARTIAL,,,,,,,,,,,WIN_ROI_PCT|PLACE_ROI_PCT|N_STARTS,UNKNOWN,サイト現行既定は「オッズ反比例の賭け金・固定払戻の意図」(WEB_DEFINITION)。CSV作成時点の方式である証明にはならない,EQUAL_STAKE|EQUAL_PAYOUT,Y,Y,YES_PUBLIC_SCOPE_UNRULED,19,,,,N_WEIGHTED_MEAN_OF_PCT: sum(ROI_i*n_i)/sum(n_i) を整数丸め,UNVERIFIED_AGGREGATION,LEGACY_JOCKEY_CODE,二重丸め(掲載値が整数%＋加重平均後に再度整数丸め),,,,,UNKNOWN,,DB_KEIBA,roi_presence_raw と完全に1対1でROI記入の有無の言い換え。行の出所ではない,4,,,UNVERIFIED(表示基準日がページ間で不一致: トップ2026-08-16/使い方2026-05-17),(リスト列なし=騎手表),,HOLD_MERGE+HOLD_METHOD+HOLD_ASOF+HOLD_ID,①購入方式の確定 ②分母(賭け金総額・払戻総額)の入手 ③加重平均の再現可否検証 ④場/距離/回りの重複排除
rec_557253c5caec546e89f9368ba2353719dec7f0642a7b4c68c83605fbd9bcc5fb,PRIMARY_JOCKEY,JockeyROI_連結済み_20260719_卍のみ_pre実測_backup.csv,67,JOCKEY,和田陽希,,NAME_KEY_ONLY_UNVERIFIED_OFFICIAL_ID,"{""競馬場"":"""",""芝/ダ"":"""",""馬場状態"":"""",""条件クラス"":"""",""距離区分"":""長距離"",""回り"":"""",""内外"":""""}",JOCKEY_COLUMNS,PARTIAL,,,,,,,,,,,,UNKNOWN,,,N,N,NOT_APPLICABLE,,,,,,NOT_APPLICABLE_NO_ROI,,,,,,,UNKNOWN,,BOOK_OR_UNSPECIFIED_ROI_SOURCE,roi_presence_raw と完全に1対1でROI記入の有無の言い換え。行の出所ではない,7,,,UNVERIFIED(表示基準日がページ間で不一致: トップ2026-08-16/使い方2026-05-17),(リスト列なし=騎手表),MISSING_ROI,NOT_AVAILABLE,原表と方式を入手するまで使用しない。原行は保持
rec_55c3da0ba7c6a2c30d8a7e87bc20dea713739396c73ac566bc095e6201fc7361,PRIMARY_JOCKEY,JockeyROI_連結済み_20260719_卍のみ_pre実測_backup.csv,68,JOCKEY,内田博幸,,NAME_KEY_ONLY_UNVERIFIED_OFFICIAL_ID,"{""競馬場"":"""",""芝/ダ"":"""",""馬場状態"":"""",""条件クラス"":"""",""距離区分"":""長距離"",""回り"":"""",""内外"":""""}",JOCKEY_COLUMNS,PARTIAL,,,,,,,,,,,WIN_ROI_PCT|PLACE_ROI_PCT|N_STARTS,UNKNOWN,サイト現行既定は「オッズ反比例の賭け金・固定払戻の意図」(WEB_DEFINITION)。CSV作成時点の方式である証明にはならない,EQUAL_STAKE|EQUAL_PAYOUT,Y,Y,YES_PUBLIC_SCOPE_UNRULED,34,,,,N_WEIGHTED_MEAN_OF_PCT: sum(ROI_i*n_i)/sum(n_i) を整数丸め,UNVERIFIED_AGGREGATION,LEGACY_JOCKEY_CODE,二重丸め(掲載値が整数%＋加重平均後に再度整数丸め),,,,,UNKNOWN,,DB_KEIBA,roi_presence_raw と完全に1対1でROI記入の有無の言い換え。行の出所ではない,3,,,UNVERIFIED(表示基準日がページ間で不一致: トップ2026-08-16/使い方2026-05-17),(リスト列なし=騎手表),,HOLD_MERGE+HOLD_METHOD+HOLD_ASOF+HOLD_ID,①購入方式の確定 ②分母(賭け金総額・払戻総額)の入手 ③加重平均の再現可否検証 ④場/距離/回りの重複排除
rec_ebc69ea8cb1e36289a0880bfa8f52ff90c8de577323bea9133e741a8280cd392,PRIMARY_JOCKEY,JockeyROI_連結済み_20260719_卍のみ_pre実測_backup.csv,69,JOCKEY,小坂忠士,,NAME_KEY_ONLY_UNVERIFIED_OFFICIAL_ID,"{""競馬場"":"""",""芝/ダ"":"""",""馬場状態"":"""",""条件クラス"":"""",""距離区分"":""長距離"",""回り"":"""",""内外"":""""}",JOCKEY_COLUMNS,PARTIAL,,,,,,,,,,,,UNKNOWN,,,N,N,NOT_APPLICABLE,,,,,,NOT_APPLICABLE_NO_ROI,,,,,,,UNKNOWN,,BOOK_OR_UNSPECIFIED_ROI_SOURCE,roi_presence_raw と完全に1対1でROI記入の有無の言い換え。行の出所ではない,3,,,UNVERIFIED(表示基準日がページ間で不一致: トップ2026-08-16/使い方2026-05-17),(リスト列なし=騎手表),MISSING_ROI,NOT_AVAILABLE,原表と方式を入手するまで使用しない。原行は保持
rec_9a26b65c6427f5cbf82b0c3eaf45cce55285dae0615fa56742df78b3ca7caadd,PRIMARY_JOCKEY,JockeyROI_連結済み_20260719_卍のみ_pre実測_backup.csv,70,JOCKEY,太宰啓介,,NAME_KEY_ONLY_UNVERIFIED_OFFICIAL_ID,"{""競馬場"":"""",""芝/ダ"":"""",""馬場状態"":"""",""条件クラス"":"""",""距離区分"":""長距離"",""回り"":"""",""内外"":""""}",JOCKEY_COLUMNS,PARTIAL,,,,,,,,,,,,UNKNOWN,,,N,N,NOT_APPLICABLE,,,,,,NOT_APPLICABLE_NO_ROI,,,,,,,UNKNOWN,,BOOK_OR_UNSPECIFIED_ROI_SOURCE,roi_presence_raw と完全に1対1でROI記入の有無の言い換え。行の出所ではない,2,,,UNVERIFIED(表示基準日がページ間で不一致: トップ2026-08-16/使い方2026-05-17),(リスト列なし=騎手表),MISSING_ROI,NOT_AVAILABLE,原表と方式を入手するまで使用しない。原行は保持
rec_5c246f3439975340696160819b62c3ae9fd7341e5e222b9208a22dfdcc4450d3,PRIMARY_JOCKEY,JockeyROI_連結済み_20260719_卍のみ_pre実測_backup.csv,71,JOCKEY,坂口智康,,NAME_KEY_ONLY_UNVERIFIED_OFFICIAL_ID,"{""競馬場"":"""",""芝/ダ"":"""",""馬場状態"":"""",""条件クラス"":"""",""距離区分"":""長距離"",""回り"":"""",""内外"":""""}",JOCKEY_COLUMNS,PARTIAL,,,,,,,,,,,,UNKNOWN,,,N,N,NOT_APPLICABLE,,,,,,NOT_APPLICABLE_NO_ROI,,,,,,,UNKNOWN,,BOOK_OR_UNSPECIFIED_ROI_SOURCE,roi_presence_raw と完全に1対1でROI記入の有無の言い換え。行の出所ではない,2,,,UNVERIFIED(表示基準日がページ間で不一致: トップ2026-08-16/使い方2026-05-17),(リスト列なし=騎手表),MISSING_ROI,NOT_AVAILABLE,原表と方式を入手するまで使用しない。原行は保持
rec_880cef798ab5e6fc91d7dbc0e16c66a414b9dd27a4db355bb9f1e26f4b827a51,PRIMARY_JOCKEY,JockeyROI_連結済み_20260719_卍のみ_pre実測_backup.csv,72,JOCKEY,金子光希,,NAME_KEY_ONLY_UNVERIFIED_OFFICIAL_ID,"{""競馬場"":"""",""芝/ダ"":"""",""馬場状態"":"""",""条件クラス"":"""",""距離区分"":""長距離"",""回り"":"""",""内外"":""""}",JOCKEY_COLUMNS,PARTIAL,,,,,,,,,,,,UNKNOWN,,,N,N,NOT_APPLICABLE,,,,,,NOT_APPLICABLE_NO_ROI,,,,,,,UNKNOWN,,BOOK_OR_UNSPECIFIED_ROI_SOURCE,roi_presence_raw と完全に1対1でROI記入の有無の言い換え。行の出所ではない,4,,,UNVERIFIED(表示基準日がページ間で不一致: トップ2026-08-16/使い方2026-05-17),(リスト列なし=騎手表),MISSING_ROI,NOT_AVAILABLE,原表と方式を入手するまで使用しない。原行は保持
rec_af0fab1c8b25e0f165b898162f4a38bceab93e3f044abd92d73f1041638ddfc2,PRIMARY_JOCKEY,JockeyROI_連結済み_20260719_卍のみ_pre実測_backup.csv,73,JOCKEY,酒井学,,NAME_KEY_ONLY_UNVERIFIED_OFFICIAL_ID,"{""競馬場"":"""",""芝/ダ"":"""",""馬場状態"":"""",""条件クラス"":"""",""距離区分"":""長距離"",""回り"":"""",""内外"":""""}",JOCKEY_COLUMNS,PARTIAL,,,,,,,,,,,WIN_ROI_PCT|PLACE_ROI_PCT|N_STARTS,UNKNOWN,サイト現行既定は「オッズ反比例の賭け金・固定払戻の意図」(WEB_DEFINITION)。CSV作成時点の方式である証明にはならない,EQUAL_STAKE|EQUAL_PAYOUT,Y,Y,YES_PUBLIC_SCOPE_UNRULED,3,,,,N_WEIGHTED_MEAN_OF_PCT: sum(ROI_i*n_i)/sum(n_i) を整数丸め,UNVERIFIED_AGGREGATION,LEGACY_JOCKEY_CODE,二重丸め(掲載値が整数%＋加重平均後に再度整数丸め),,,,,UNKNOWN,,DB_KEIBA,roi_presence_raw と完全に1対1でROI記入の有無の言い換え。行の出所ではない,1,,,UNVERIFIED(表示基準日がページ間で不一致: トップ2026-08-16/使い方2026-05-17),(リスト列なし=騎手表),,HOLD_MERGE+HOLD_METHOD+HOLD_ASOF+HOLD_ID,①購入方式の確定 ②分母(賭け金総額・払戻総額)の入手 ③加重平均の再現可否検証 ④場/距離/回りの重複排除
rec_85869b9779cbf4f348cb3f5cf2a07b91c944a3b1fe278761e7349165332c9f2e,PRIMARY_JOCKEY,JockeyROI_連結済み_20260719_卍のみ_pre実測_backup.csv,74,JOCKEY,津村明秀,,NAME_KEY_ONLY_UNVERIFIED_OFFICIAL_ID,"{""競馬場"":"""",""芝/ダ"":"""",""馬場状態"":"""",""条件クラス"":"""",""距離区分"":""長距離"",""回り"":"""",""内外"":""""}",JOCKEY_COLUMNS,PARTIAL,,,,,,,,,,,WIN_ROI_PCT|PLACE_ROI_PCT|N_STARTS,UNKNOWN,サイト現行既定は「オッズ反比例の賭け金・固定払戻の意図」(WEB_DEFINITION)。CSV作成時点の方式である証明にはならない,EQUAL_STAKE|EQUAL_PAYOUT,Y,Y,YES_PUBLIC_SCOPE_UNRULED,94,,,,N_WEIGHTED_MEAN_OF_PCT: sum(ROI_i*n_i)/sum(n_i) を整数丸め,UNVERIFIED_AGGREGATION,LEGACY_JOCKEY_CODE,二重丸め(掲載値が整数%＋加重平均後に再度整数丸め),,,,,UNKNOWN,,DB_KEIBA,roi_presence_raw と完全に1対1でROI記入の有無の言い換え。行の出所ではない,5,,,UNVERIFIED(表示基準日がページ間で不一致: トップ2026-08-16/使い方2026-05-17),(リスト列なし=騎手表),,HOLD_MERGE+HOLD_METHOD+HOLD_ASOF+HOLD_ID,①購入方式の確定 ②分母(賭け金総額・払戻総額)の入手 ③加重平均の再現可否検証 ④場/距離/回りの重複排除
rec_3cd118761ed88e29f0caaa1657483c487455fadc98b135ab94089841d133f80b,PRIMARY_JOCKEY,JockeyROI_連結済み_20260719_卍のみ_pre実測_backup.csv,75,JOCKEY,上野翔,,NAME_KEY_ONLY_UNVERIFIED_OFFICIAL_ID,"{""競馬場"":"""",""芝/ダ"":"""",""馬場状態"":"""",""条件クラス"":"""",""距離区分"":""長距離"",""回り"":"""",""内外"":""""}",JOCKEY_COLUMNS,PARTIAL,,,,,,,,,,,,UNKNOWN,,,N,N,NOT_APPLICABLE,,,,,,NOT_APPLICABLE_NO_ROI,,,,,,,UNKNOWN,,BOOK_OR_UNSPECIFIED_ROI_SOURCE,roi_presence_raw と完全に1対1でROI記入の有無の言い換え。行の出所ではない,2,,,UNVERIFIED(表示基準日がページ間で不一致: トップ2026-08-16/使い方2026-05-17),(リスト列なし=騎手表),MISSING_ROI,NOT_AVAILABLE,原表と方式を入手するまで使用しない。原行は保持
rec_554a2967782761ee76c83a42d7638bfd14aa81f78abe697c12de814c06093080,PRIMARY_JOCKEY,JockeyROI_連結済み_20260719_卍のみ_pre実測_backup.csv,76,JOCKEY,石神深一,,NAME_KEY_ONLY_UNVERIFIED_OFFICIAL_ID,"{""競馬場"":"""",""芝/ダ"":"""",""馬場状態"":"""",""条件クラス"":"""",""距離区分"":""長距離"",""回り"":"""",""内外"":""""}",JOCKEY_COLUMNS,PARTIAL,,,,,,,,,,,,UNKNOWN,,,N,N,NOT_APPLICABLE,,,,,,NOT_APPLICABLE_NO_ROI,,,,,,,UNKNOWN,,BOOK_OR_UNSPECIFIED_ROI_SOURCE,roi_presence_raw と完全に1対1でROI記入の有無の言い換え。行の出所ではない,2,,,UNVERIFIED(表示基準日がページ間で不一致: トップ2026-08-16/使い方2026-05-17),(リスト列なし=騎手表),MISSING_ROI,NOT_AVAILABLE,原表と方式を入手するまで使用しない。原行は保持
rec_31b6340a5cf02f09593bfd409cbe3f04e72e228ee6c5f1ea26c9d6f0284cea99,PRIMARY_JOCKEY,JockeyROI_連結済み_20260719_卍のみ_pre実測_backup.csv,77,JOCKEY,舟山瑠泉,,NAME_KEY_ONLY_UNVERIFIED_OFFICIAL_ID,"{""競馬場"":"""",""芝/ダ"":"""",""馬場状態"":"""",""条件クラス"":"""",""距離区分"":""長距離"",""回り"":"""",""内外"":""""}",JOCKEY_COLUMNS,PARTIAL,,,,,,,,,,,,UNKNOWN,,,N,N,NOT_APPLICABLE,,,,,,NOT_APPLICABLE_NO_ROI,,,,,,,UNKNOWN,,BOOK_OR_UNSPECIFIED_ROI_SOURCE,roi_presence_raw と完全に1対1でROI記入の有無の言い換え。行の出所ではない,10,,,UNVERIFIED(表示基準日がページ間で不一致: トップ2026-08-16/使い方2026-05-17),(リスト列なし=騎手表),MISSING_ROI,NOT_AVAILABLE,原表と方式を入手するまで使用しない。原行は保持
rec_b7c9263ebd9c2ab4864b29188d481e4118df83d5e4debe2a6a5c8941b76d1106,PRIMARY_JOCKEY,JockeyROI_連結済み_20260719_卍のみ_pre実測_backup.csv,78,JOCKEY,小林美駒,,NAME_KEY_ONLY_UNVERIFIED_OFFICIAL_ID,"{""競馬場"":"""",""芝/ダ"":"""",""馬場状態"":"""",""条件クラス"":"""",""距離区分"":""長距離"",""回り"":"""",""内外"":""""}",JOCKEY_COLUMNS,PARTIAL,,,,,,,,,,,,UNKNOWN,,,N,N,NOT_APPLICABLE,,,,,,NOT_APPLICABLE_NO_ROI,,,,,,,UNKNOWN,,BOOK_OR_UNSPECIFIED_ROI_SOURCE,roi_presence_raw と完全に1対1でROI記入の有無の言い換え。行の出所ではない,5,,,UNVERIFIED(表示基準日がページ間で不一致: トップ2026-08-16/使い方2026-05-17),(リスト列なし=騎手表),MISSING_ROI,NOT_AVAILABLE,原表と方式を入手するまで使用しない。原行は保持
rec_46b6cd43596b8777ac950de8ef816c9ceb8ea77cf39681db4d36b5713393a075,PRIMARY_JOCKEY,JockeyROI_連結済み_20260719_卍のみ_pre実測_backup.csv,79,JOCKEY,荻野極,,NAME_KEY_ONLY_UNVERIFIED_OFFICIAL_ID,"{""競馬場"":"""",""芝/ダ"":"""",""馬場状態"":"""",""条件クラス"":"""",""距離区分"":"""",""回り"":""左"",""内外"":""""}",JOCKEY_COLUMNS,PARSED,,,,,,,,,,,WIN_ROI_PCT|PLACE_ROI_PCT|N_STARTS,UNKNOWN,サイト現行既定は「オッズ反比例の賭け金・固定払戻の意図」(WEB_DEFINITION)。CSV作成時点の方式である証明にはならない,EQUAL_STAKE|EQUAL_PAYOUT,Y,Y,YES_PUBLIC_SCOPE_UNRULED,139,,,,N_WEIGHTED_MEAN_OF_PCT: sum(ROI_i*n_i)/sum(n_i) を整数丸め,UNVERIFIED_AGGREGATION,LEGACY_JOCKEY_CODE,二重丸め(掲載値が整数%＋加重平均後に再度整数丸め),,,,,UNKNOWN,,DB_KEIBA,roi_presence_raw と完全に1対1でROI記入の有無の言い換え。行の出所ではない,4,,,UNVERIFIED(表示基準日がページ間で不一致: トップ2026-08-16/使い方2026-05-17),(リスト列なし=騎手表),,HOLD_MERGE+HOLD_METHOD+HOLD_ASOF+HOLD_ID,①購入方式の確定 ②分母(賭け金総額・払戻総額)の入手 ③加重平均の再現可否検証 ④場/距離/回りの重複排除
rec_3ef45513da2733c48e85c297fc82e3e25dfcbe4095790afc7723e9fd650c8447,PRIMARY_JOCKEY,JockeyROI_連結済み_20260719_卍のみ_pre実測_backup.csv,80,JOCKEY,津村明秀,,NAME_KEY_ONLY_UNVERIFIED_OFFICIAL_ID,"{""競馬場"":"""",""芝/ダ"":"""",""馬場状態"":"""",""条件クラス"":"""",""距離区分"":"""",""回り"":""左"",""内外"":""""}",JOCKEY_COLUMNS,PARSED,,,,,,,,,,,WIN_ROI_PCT|PLACE_ROI_PCT|N_STARTS,UNKNOWN,サイト現行既定は「オッズ反比例の賭け金・固定払戻の意図」(WEB_DEFINITION)。CSV作成時点の方式である証明にはならない,EQUAL_STAKE|EQUAL_PAYOUT,Y,Y,YES_PUBLIC_SCOPE_UNRULED,1261,,,,N_WEIGHTED_MEAN_OF_PCT: sum(ROI_i*n_i)/sum(n_i) を整数丸め,UNVERIFIED_AGGREGATION,LEGACY_JOCKEY_CODE,二重丸め(掲載値が整数%＋加重平均後に再度整数丸め),,,,,UNKNOWN,,DB_KEIBA,roi_presence_raw と完全に1対1でROI記入の有無の言い換え。行の出所ではない,5,,,UNVERIFIED(表示基準日がページ間で不一致: トップ2026-08-16/使い方2026-05-17),(リスト列なし=騎手表),,HOLD_MERGE+HOLD_METHOD+HOLD_ASOF+HOLD_ID,①購入方式の確定 ②分母(賭け金総額・払戻総額)の入手 ③加重平均の再現可否検証 ④場/距離/回りの重複排除
rec_f545b8801030acbda09deebd07f44d10726c0a43245ce3ab562e1ee172f512f2,PRIMARY_JOCKEY,JockeyROI_連結済み_20260719_卍のみ_pre実測_backup.csv,81,JOCKEY,嶋田純次,,NAME_KEY_ONLY_UNVERIFIED_OFFICIAL_ID,"{""競馬場"":"""",""芝/ダ"":"""",""馬場状態"":"""",""条件クラス"":"""",""距離区分"":"""",""回り"":""左"",""内外"":""""}",JOCKEY_COLUMNS,PARSED,,,,,,,,,,,WIN_ROI_PCT|PLACE_ROI_PCT|N_STARTS,UNKNOWN,サイト現行既定は「オッズ反比例の賭け金・固定払戻の意図」(WEB_DEFINITION)。CSV作成時点の方式である証明にはならない,EQUAL_STAKE|EQUAL_PAYOUT,Y,Y,YES_PUBLIC_SCOPE_UNRULED,69,,,,N_WEIGHTED_MEAN_OF_PCT: sum(ROI_i*n_i)/sum(n_i) を整数丸め,UNVERIFIED_AGGREGATION,LEGACY_JOCKEY_CODE,二重丸め(掲載値が整数%＋加重平均後に再度整数丸め),,,,,UNKNOWN,,DB_KEIBA,roi_presence_raw と完全に1対1でROI記入の有無の言い換え。行の出所ではない,5,,,UNVERIFIED(表示基準日がページ間で不一致: トップ2026-08-16/使い方2026-05-17),(リスト列なし=騎手表),,HOLD_MERGE+HOLD_METHOD+HOLD_ASOF+HOLD_ID,①購入方式の確定 ②分母(賭け金総額・払戻総額)の入手 ③加重平均の再現可否検証 ④場/距離/回りの重複排除
rec_1ff5a82dc57236b794f0edf0c845d9fca85395282afae2425417eb356306814c,PRIMARY_JOCKEY,JockeyROI_連結済み_20260719_卍のみ_pre実測_backup.csv,82,JOCKEY,菊沢一樹,,NAME_KEY_ONLY_UNVERIFIED_OFFICIAL_ID,"{""競馬場"":"""",""芝/ダ"":"""",""馬場状態"":"""",""条件クラス"":"""",""距離区分"":"""",""回り"":""左"",""内外"":""""}",JOCKEY_COLUMNS,PARSED,,,,,,,,,,,WIN_ROI_PCT|PLACE_ROI_PCT|N_STARTS,UNKNOWN,サイト現行既定は「オッズ反比例の賭け金・固定払戻の意図」(WEB_DEFINITION)。CSV作成時点の方式である証明にはならない,EQUAL_STAKE|EQUAL_PAYOUT,Y,Y,YES_PUBLIC_SCOPE_UNRULED,258,,,,N_WEIGHTED_MEAN_OF_PCT: sum(ROI_i*n_i)/sum(n_i) を整数丸め,UNVERIFIED_AGGREGATION,LEGACY_JOCKEY_CODE,二重丸め(掲載値が整数%＋加重平均後に再度整数丸め),,,,,UNKNOWN,,DB_KEIBA,roi_presence_raw と完全に1対1でROI記入の有無の言い換え。行の出所ではない,10,,,UNVERIFIED(表示基準日がページ間で不一致: トップ2026-08-16/使い方2026-05-17),(リスト列なし=騎手表),,HOLD_MERGE+HOLD_METHOD+HOLD_ASOF+HOLD_ID,①購入方式の確定 ②分母(賭け金総額・払戻総額)の入手 ③加重平均の再現可否検証 ④場/距離/回りの重複排除
rec_89815294884d026ef3f9b028e364a50bb4a0e656c4dd12a0268ad6a4eb4f01a5,PRIMARY_JOCKEY,JockeyROI_連結済み_20260719_卍のみ_pre実測_backup.csv,83,JOCKEY,上里直汰,,NAME_KEY_ONLY_UNVERIFIED_OFFICIAL_ID,"{""競馬場"":"""",""芝/ダ"":"""",""馬場状態"":"""",""条件クラス"":"""",""距離区分"":"""",""回り"":""左"",""内外"":""""}",JOCKEY_COLUMNS,PARSED,,,,,,,,,,,,UNKNOWN,,,N,N,NOT_APPLICABLE,,,,,,NOT_APPLICABLE_NO_ROI,,,,,,,UNKNOWN,,BOOK_OR_UNSPECIFIED_ROI_SOURCE,roi_presence_raw と完全に1対1でROI記入の有無の言い換え。行の出所ではない,6,,,UNVERIFIED(表示基準日がページ間で不一致: トップ2026-08-16/使い方2026-05-17),(リスト列なし=騎手表),MISSING_ROI,NOT_AVAILABLE,原表と方式を入手するまで使用しない。原行は保持
rec_652c829171c491288ecdc1ea2d373bcf09fb25d96d4f6ba3c76309878e4b478e,PRIMARY_JOCKEY,JockeyROI_連結済み_20260719_卍のみ_pre実測_backup.csv,84,JOCKEY,角田大和,,NAME_KEY_ONLY_UNVERIFIED_OFFICIAL_ID,"{""競馬場"":"""",""芝/ダ"":"""",""馬場状態"":"""",""条件クラス"":"""",""距離区分"":"""",""回り"":""左"",""内外"":""""}",JOCKEY_COLUMNS,PARSED,,,,,,,,,,,WIN_ROI_PCT|PLACE_ROI_PCT|N_STARTS,UNKNOWN,サイト現行既定は「オッズ反比例の賭け金・固定払戻の意図」(WEB_DEFINITION)。CSV作成時点の方式である証明にはならない,EQUAL_STAKE|EQUAL_PAYOUT,Y,Y,YES_PUBLIC_SCOPE_UNRULED,57,,,,N_WEIGHTED_MEAN_OF_PCT: sum(ROI_i*n_i)/sum(n_i) を整数丸め,UNVERIFIED_AGGREGATION,LEGACY_JOCKEY_CODE,二重丸め(掲載値が整数%＋加重平均後に再度整数丸め),,,,,UNKNOWN,,DB_KEIBA,roi_presence_raw と完全に1対1でROI記入の有無の言い換え。行の出所ではない,3,,,UNVERIFIED(表示基準日がページ間で不一致: トップ2026-08-16/使い方2026-05-17),(リスト列なし=騎手表),,HOLD_MERGE+HOLD_METHOD+HOLD_ASOF+HOLD_ID,①購入方式の確定 ②分母(賭け金総額・払戻総額)の入手 ③加重平均の再現可否検証 ④場/距離/回りの重複排除
rec_78cf3bf31837ee04a2e7ab543626ee8b47b412e8c7d20eb04fb56970d917d01a,PRIMARY_JOCKEY,JockeyROI_連結済み_20260719_卍のみ_pre実測_backup.csv,85,JOCKEY,木幡巧也,,NAME_KEY_ONLY_UNVERIFIED_OFFICIAL_ID,"{""競馬場"":"""",""芝/ダ"":"""",""馬場状態"":"""",""条件クラス"":"""",""距離区分"":"""",""回り"":""左"",""内外"":""""}",JOCKEY_COLUMNS,PARSED,,,,,,,,,,,WIN_ROI_PCT|PLACE_ROI_PCT|N_STARTS,UNKNOWN,サイト現行既定は「オッズ反比例の賭け金・固定払戻の意図」(WEB_DEFINITION)。CSV作成時点の方式である証明にはならない,EQUAL_STAKE|EQUAL_PAYOUT,Y,Y,YES_PUBLIC_SCOPE_UNRULED,187,,,,N_WEIGHTED_MEAN_OF_PCT: sum(ROI_i*n_i)/sum(n_i) を整数丸め,UNVERIFIED_AGGREGATION,LEGACY_JOCKEY_CODE,二重丸め(掲載値が整数%＋加重平均後に再度整数丸め),,,,,UNKNOWN,,DB_KEIBA,roi_presence_raw と完全に1対1でROI記入の有無の言い換え。行の出所ではない,3,,,UNVERIFIED(表示基準日がページ間で不一致: トップ2026-08-16/使い方2026-05-17),(リスト列なし=騎手表),,HOLD_MERGE+HOLD_METHOD+HOLD_ASOF+HOLD_ID,①購入方式の確定 ②分母(賭け金総額・払戻総額)の入手 ③加重平均の再現可否検証 ④場/距離/回りの重複排除
rec_3e6de01bf01492050340f0091fbec6f48680e501020c5f71300c0a37b5f1fce0,PRIMARY_JOCKEY,JockeyROI_連結済み_20260719_卍のみ_pre実測_backup.csv,86,JOCKEY,菅原明良,,NAME_KEY_ONLY_UNVERIFIED_OFFICIAL_ID,"{""競馬場"":"""",""芝/ダ"":"""",""馬場状態"":"""",""条件クラス"":"""",""距離区分"":"""",""回り"":""左"",""内外"":""""}",JOCKEY_COLUMNS,PARSED,,,,,,,,,,,WIN_ROI_PCT|PLACE_ROI_PCT|N_STARTS,UNKNOWN,サイト現行既定は「オッズ反比例の賭け金・固定払戻の意図」(WEB_DEFINITION)。CSV作成時点の方式である証明にはならない,EQUAL_STAKE|EQUAL_PAYOUT,Y,Y,YES_PUBLIC_SCOPE_UNRULED,1794,,,,N_WEIGHTED_MEAN_OF_PCT: sum(ROI_i*n_i)/sum(n_i) を整数丸め,UNVERIFIED_AGGREGATION,LEGACY_JOCKEY_CODE,二重丸め(掲載値が整数%＋加重平均後に再度整数丸め),,,,,UNKNOWN,,DB_KEIBA,roi_presence_raw と完全に1対1でROI記入の有無の言い換え。行の出所ではない,5,,,UNVERIFIED(表示基準日がページ間で不一致: トップ2026-08-16/使い方2026-05-17),(リスト列なし=騎手表),,HOLD_MERGE+HOLD_METHOD+HOLD_ASOF+HOLD_ID,①購入方式の確定 ②分母(賭け金総額・払戻総額)の入手 ③加重平均の再現可否検証 ④場/距離/回りの重複排除
rec_2578b56b1f86e5c2928390045656eac5deb55a66313ff1d754e7c5714ad354d9,PRIMARY_JOCKEY,JockeyROI_連結済み_20260719_卍のみ_pre実測_backup.csv,87,JOCKEY,松若風馬,,NAME_KEY_ONLY_UNVERIFIED_OFFICIAL_ID,"{""競馬場"":"""",""芝/ダ"":"""",""馬場状態"":"""",""条件クラス"":"""",""距離区分"":"""",""回り"":""左"",""内外"":""""}",JOCKEY_COLUMNS,PARSED,,,,,,,,,,,WIN_ROI_PCT|PLACE_ROI_PCT|N_STARTS,UNKNOWN,サイト現行既定は「オッズ反比例の賭け金・固定払戻の意図」(WEB_DEFINITION)。CSV作成時点の方式である証明にはならない,EQUAL_STAKE|EQUAL_PAYOUT,Y,Y,YES_PUBLIC_SCOPE_UNRULED,72,,,,N_WEIGHTED_MEAN_OF_PCT: sum(ROI_i*n_i)/sum(n_i) を整数丸め,UNVERIFIED_AGGREGATION,LEGACY_JOCKEY_CODE,二重丸め(掲載値が整数%＋加重平均後に再度整数丸め),,,,,UNKNOWN,,DB_KEIBA,roi_presence_raw と完全に1対1でROI記入の有無の言い換え。行の出所ではない,13,,,UNVERIFIED(表示基準日がページ間で不一致: トップ2026-08-16/使い方2026-05-17),(リスト列なし=騎手表),,HOLD_MERGE+HOLD_METHOD+HOLD_ASOF+HOLD_ID,①購入方式の確定 ②分母(賭け金総額・払戻総額)の入手 ③加重平均の再現可否検証 ④場/距離/回りの重複排除
rec_220b0069d86e766ad0bbcc9ba024700934d81281500fc2b05457e7cd773e8446,PRIMARY_JOCKEY,JockeyROI_連結済み_20260719_卍のみ_pre実測_backup.csv,88,JOCKEY,高杉吏麒,,NAME_KEY_ONLY_UNVERIFIED_OFFICIAL_ID,"{""競馬場"":"""",""芝/ダ"":"""",""馬場状態"":"""",""条件クラス"":"""",""距離区分"":"""",""回り"":""左"",""内外"":""""}",JOCKEY_COLUMNS,PARSED,,,,,,,,,,,WIN_ROI_PCT|PLACE_ROI_PCT|N_STARTS,UNKNOWN,サイト現行既定は「オッズ反比例の賭け金・固定払戻の意図」(WEB_DEFINITION)。CSV作成時点の方式である証明にはならない,EQUAL_STAKE|EQUAL_PAYOUT,Y,Y,YES_PUBLIC_SCOPE_UNRULED,29,,,,N_WEIGHTED_MEAN_OF_PCT: sum(ROI_i*n_i)/sum(n_i) を整数丸め,UNVERIFIED_AGGREGATION,LEGACY_JOCKEY_CODE,二重丸め(掲載値が整数%＋加重平均後に再度整数丸め),,,,,UNKNOWN,,DB_KEIBA,roi_presence_raw と完全に1対1でROI記入の有無の言い換え。行の出所ではない,21,,,UNVERIFIED(表示基準日がページ間で不一致: トップ2026-08-16/使い方2026-05-17),(リスト列なし=騎手表),,HOLD_MERGE+HOLD_METHOD+HOLD_ASOF+HOLD_ID,①購入方式の確定 ②分母(賭け金総額・払戻総額)の入手 ③加重平均の再現可否検証 ④場/距離/回りの重複排除
rec_6516d0d77d6975e77a46bc0ee7f0caf2d6ad56da8b064a9db4c3ea4a7882cd9d,PRIMARY_JOCKEY,JockeyROI_連結済み_20260719_卍のみ_pre実測_backup.csv,89,JOCKEY,遠藤汰月,,NAME_KEY_ONLY_UNVERIFIED_OFFICIAL_ID,"{""競馬場"":"""",""芝/ダ"":"""",""馬場状態"":"""",""条件クラス"":"""",""距離区分"":"""",""回り"":""左"",""内外"":""""}",JOCKEY_COLUMNS,PARSED,,,,,,,,,,,,UNKNOWN,,,N,N,NOT_APPLICABLE,,,,,,NOT_APPLICABLE_NO_ROI,,,,,,,UNKNOWN,,BOOK_OR_UNSPECIFIED_ROI_SOURCE,roi_presence_raw と完全に1対1でROI記入の有無の言い換え。行の出所ではない,16,,,UNVERIFIED(表示基準日がページ間で不一致: トップ2026-08-16/使い方2026-05-17),(リスト列なし=騎手表),MISSING_ROI,NOT_AVAILABLE,原表と方式を入手するまで使用しない。原行は保持
rec_c5a864397fddb71afb67cc1196e057ec2fe110cb94e4001b5a2503d9fd51cac8,PRIMARY_JOCKEY,JockeyROI_連結済み_20260719_卍のみ_pre実測_backup.csv,90,JOCKEY,小沢大仁,,NAME_KEY_ONLY_UNVERIFIED_OFFICIAL_ID,"{""競馬場"":"""",""芝/ダ"":"""",""馬場状態"":"""",""条件クラス"":"""",""距離区分"":"""",""回り"":""左"",""内外"":""""}",JOCKEY_COLUMNS,PARSED,,,,,,,,,,,WIN_ROI_PCT|PLACE_ROI_PCT|N_STARTS,UNKNOWN,サイト現行既定は「オッズ反比例の賭け金・固定払戻の意図」(WEB_DEFINITION)。CSV作成時点の方式である証明にはならない,EQUAL_STAKE|EQUAL_PAYOUT,Y,Y,YES_PUBLIC_SCOPE_UNRULED,146,,,,N_WEIGHTED_MEAN_OF_PCT: sum(ROI_i*n_i)/sum(n_i) を整数丸め,UNVERIFIED_AGGREGATION,LEGACY_JOCKEY_CODE,二重丸め(掲載値が整数%＋加重平均後に再度整数丸め),,,,,UNKNOWN,,DB_KEIBA,roi_presence_raw と完全に1対1でROI記入の有無の言い換え。行の出所ではない,9,,,UNVERIFIED(表示基準日がページ間で不一致: トップ2026-08-16/使い方2026-05-17),(リスト列なし=騎手表),,HOLD_MERGE+HOLD_METHOD+HOLD_ASOF+HOLD_ID,①購入方式の確定 ②分母(賭け金総額・払戻総額)の入手 ③加重平均の再現可否検証 ④場/距離/回りの重複排除
rec_9d94d4ec5abe36777e6d0436db57124587d10299d552fd4082cd704e5be7470c,PRIMARY_JOCKEY,JockeyROI_連結済み_20260719_卍のみ_pre実測_backup.csv,91,JOCKEY,石神深道,,NAME_KEY_ONLY_UNVERIFIED_OFFICIAL_ID,"{""競馬場"":"""",""芝/ダ"":"""",""馬場状態"":"""",""条件クラス"":"""",""距離区分"":"""",""回り"":""左"",""内外"":""""}",JOCKEY_COLUMNS,PARSED,,,,,,,,,,,,UNKNOWN,,,N,N,NOT_APPLICABLE,,,,,,NOT_APPLICABLE_NO_ROI,,,,,,,UNKNOWN,,BOOK_OR_UNSPECIFIED_ROI_SOURCE,roi_presence_raw と完全に1対1でROI記入の有無の言い換え。行の出所ではない,13,,,UNVERIFIED(表示基準日がページ間で不一致: トップ2026-08-16/使い方2026-05-17),(リスト列なし=騎手表),MISSING_ROI,NOT_AVAILABLE,原表と方式を入手するまで使用しない。原行は保持
rec_8b06c85b3073f30b6f8141d6e10c5349393ce4104df5e4070772b7118e90d166,PRIMARY_JOCKEY,JockeyROI_連結済み_20260719_卍のみ_pre実測_backup.csv,92,JOCKEY,高杉吏麒,,NAME_KEY_ONLY_UNVERIFIED_OFFICIAL_ID,"{""競馬場"":"""",""芝/ダ"":"""",""馬場状態"":"""",""条件クラス"":"""",""距離区分"":"""",""回り"":""右"",""内外"":""""}",JOCKEY_COLUMNS,PARSED,,,,,,,,,,,WIN_ROI_PCT|PLACE_ROI_PCT|N_STARTS,UNKNOWN,サイト現行既定は「オッズ反比例の賭け金・固定払戻の意図」(WEB_DEFINITION)。CSV作成時点の方式である証明にはならない,EQUAL_STAKE|EQUAL_PAYOUT,Y,Y,YES_PUBLIC_SCOPE_UNRULED,92,,,,N_WEIGHTED_MEAN_OF_PCT: sum(ROI_i*n_i)/sum(n_i) を整数丸め,UNVERIFIED_AGGREGATION,LEGACY_JOCKEY_CODE,二重丸め(掲載値が整数%＋加重平均後に再度整数丸め),,,,,UNKNOWN,,DB_KEIBA,roi_presence_raw と完全に1対1でROI記入の有無の言い換え。行の出所ではない,21,,,UNVERIFIED(表示基準日がページ間で不一致: トップ2026-08-16/使い方2026-05-17),(リスト列なし=騎手表),,HOLD_MERGE+HOLD_METHOD+HOLD_ASOF+HOLD_ID,①購入方式の確定 ②分母(賭け金総額・払戻総額)の入手 ③加重平均の再現可否検証 ④場/距離/回りの重複排除
rec_e0e0f98247d9e4563124ac1cfe5cdff4b6d7559f21b449d0746eef722dd5dc14,PRIMARY_JOCKEY,JockeyROI_連結済み_20260719_卍のみ_pre実測_backup.csv,93,JOCKEY,田口貫太,,NAME_KEY_ONLY_UNVERIFIED_OFFICIAL_ID,"{""競馬場"":"""",""芝/ダ"":"""",""馬場状態"":"""",""条件クラス"":"""",""距離区分"":"""",""回り"":""右"",""内外"":""""}",JOCKEY_COLUMNS,PARSED,,,,,,,,,,,WIN_ROI_PCT|PLACE_ROI_PCT|N_STARTS,UNKNOWN,サイト現行既定は「オッズ反比例の賭け金・固定払戻の意図」(WEB_DEFINITION)。CSV作成時点の方式である証明にはならない,EQUAL_STAKE|EQUAL_PAYOUT,Y,Y,YES_PUBLIC_SCOPE_UNRULED,674,,,,N_WEIGHTED_MEAN_OF_PCT: sum(ROI_i*n_i)/sum(n_i) を整数丸め,UNVERIFIED_AGGREGATION,LEGACY_JOCKEY_CODE,二重丸め(掲載値が整数%＋加重平均後に再度整数丸め),,,,,UNKNOWN,,DB_KEIBA,roi_presence_raw と完全に1対1でROI記入の有無の言い換え。行の出所ではない,10,,,UNVERIFIED(表示基準日がページ間で不一致: トップ2026-08-16/使い方2026-05-17),(リスト列なし=騎手表),,HOLD_MERGE+HOLD_METHOD+HOLD_ASOF+HOLD_ID,①購入方式の確定 ②分母(賭け金総額・払戻総額)の入手 ③加重平均の再現可否検証 ④場/距離/回りの重複排除
rec_f68c8cd4e705408e84002a8a14ca488936d76b5a53161e55c3dd25c5672346cf,PRIMARY_JOCKEY,JockeyROI_連結済み_20260719_卍のみ_pre実測_backup.csv,94,JOCKEY,森田誠也,,NAME_KEY_ONLY_UNVERIFIED_OFFICIAL_ID,"{""競馬場"":"""",""芝/ダ"":"""",""馬場状態"":"""",""条件クラス"":"""",""距離区分"":"""",""回り"":""右"",""内外"":""""}",JOCKEY_COLUMNS,PARSED,,,,,,,,,,,,UNKNOWN,,,N,N,NOT_APPLICABLE,,,,,,NOT_APPLICABLE_NO_ROI,,,,,,,UNKNOWN,,BOOK_OR_UNSPECIFIED_ROI_SOURCE,roi_presence_raw と完全に1対1でROI記入の有無の言い換え。行の出所ではない,9,,,UNVERIFIED(表示基準日がページ間で不一致: トップ2026-08-16/使い方2026-05-17),(リスト列なし=騎手表),MISSING_ROI,NOT_AVAILABLE,原表と方式を入手するまで使用しない。原行は保持
rec_1c11f364f1671d4aa4f77045a5ec0beac9086521d6de8b189c6f7979172ba164,PRIMARY_JOCKEY,JockeyROI_連結済み_20260719_卍のみ_pre実測_backup.csv,95,JOCKEY,国分恭介,,NAME_KEY_ONLY_UNVERIFIED_OFFICIAL_ID,"{""競馬場"":"""",""芝/ダ"":"""",""馬場状態"":"""",""条件クラス"":"""",""距離区分"":"""",""回り"":""右"",""内外"":""""}",JOCKEY_COLUMNS,PARSED,,,,,,,,,,,,UNKNOWN,,,N,N,NOT_APPLICABLE,,,,,,NOT_APPLICABLE_NO_ROI,,,,,,,UNKNOWN,,BOOK_OR_UNSPECIFIED_ROI_SOURCE,roi_presence_raw と完全に1対1でROI記入の有無の言い換え。行の出所ではない,15,,,UNVERIFIED(表示基準日がページ間で不一致: トップ2026-08-16/使い方2026-05-17),(リスト列なし=騎手表),MISSING_ROI,NOT_AVAILABLE,原表と方式を入手するまで使用しない。原行は保持
rec_202c55dd576d81bb64283c73fea78b94090c3c7bc2c77d1afea74165f53a2451,PRIMARY_JOCKEY,JockeyROI_連結済み_20260719_卍のみ_pre実測_backup.csv,96,JOCKEY,小沢大仁,,NAME_KEY_ONLY_UNVERIFIED_OFFICIAL_ID,"{""競馬場"":"""",""芝/ダ"":"""",""馬場状態"":"""",""条件クラス"":"""",""距離区分"":"""",""回り"":""右"",""内外"":""""}",JOCKEY_COLUMNS,PARSED,,,,,,,,,,,WIN_ROI_PCT|PLACE_ROI_PCT|N_STARTS,UNKNOWN,サイト現行既定は「オッズ反比例の賭け金・固定払戻の意図」(WEB_DEFINITION)。CSV作成時点の方式である証明にはならない,EQUAL_STAKE|EQUAL_PAYOUT,Y,Y,YES_PUBLIC_SCOPE_UNRULED,274,,,,N_WEIGHTED_MEAN_OF_PCT: sum(ROI_i*n_i)/sum(n_i) を整数丸め,UNVERIFIED_AGGREGATION,LEGACY_JOCKEY_CODE,二重丸め(掲載値が整数%＋加重平均後に再度整数丸め),,,,,UNKNOWN,,DB_KEIBA,roi_presence_raw と完全に1対1でROI記入の有無の言い換え。行の出所ではない,9,,,UNVERIFIED(表示基準日がページ間で不一致: トップ2026-08-16/使い方2026-05-17),(リスト列なし=騎手表),,HOLD_MERGE+HOLD_METHOD+HOLD_ASOF+HOLD_ID,①購入方式の確定 ②分母(賭け金総額・払戻総額)の入手 ③加重平均の再現可否検証 ④場/距離/回りの重複排除
rec_9a840a4cec8a567410a9123d2fb20f71d95b25e836df2d827a22d0e5acafce86,PRIMARY_JOCKEY,JockeyROI_連結済み_20260719_卍のみ_pre実測_backup.csv,97,JOCKEY,松若風馬,,NAME_KEY_ONLY_UNVERIFIED_OFFICIAL_ID,"{""競馬場"":"""",""芝/ダ"":"""",""馬場状態"":"""",""条件クラス"":"""",""距離区分"":"""",""回り"":""右"",""内外"":""""}",JOCKEY_COLUMNS,PARSED,,,,,,,,,,,WIN_ROI_PCT|PLACE_ROI_PCT|N_STARTS,UNKNOWN,サイト現行既定は「オッズ反比例の賭け金・固定払戻の意図」(WEB_DEFINITION)。CSV作成時点の方式である証明にはならない,EQUAL_STAKE|EQUAL_PAYOUT,Y,Y,YES_PUBLIC_SCOPE_UNRULED,382,,,,N_WEIGHTED_MEAN_OF_PCT: sum(ROI_i*n_i)/sum(n_i) を整数丸め,UNVERIFIED_AGGREGATION,LEGACY_JOCKEY_CODE,二重丸め(掲載値が整数%＋加重平均後に再度整数丸め),,,,,UNKNOWN,,DB_KEIBA,roi_presence_raw と完全に1対1でROI記入の有無の言い換え。行の出所ではない,13,,,UNVERIFIED(表示基準日がページ間で不一致: トップ2026-08-16/使い方2026-05-17),(リスト列なし=騎手表),,HOLD_MERGE+HOLD_METHOD+HOLD_ASOF+HOLD_ID,①購入方式の確定 ②分母(賭け金総額・払戻総額)の入手 ③加重平均の再現可否検証 ④場/距離/回りの重複排除
rec_206925700682c73954996064729c4045de35bdbf28dd90e7e681a41d6ea40919,PRIMARY_JOCKEY,JockeyROI_連結済み_20260719_卍のみ_pre実測_backup.csv,98,JOCKEY,黛弘人,,NAME_KEY_ONLY_UNVERIFIED_OFFICIAL_ID,"{""競馬場"":"""",""芝/ダ"":"""",""馬場状態"":"""",""条件クラス"":"""",""距離区分"":"""",""回り"":""右"",""内外"":""""}",JOCKEY_COLUMNS,PARSED,,,,,,,,,,,WIN_ROI_PCT|PLACE_ROI_PCT|N_STARTS,UNKNOWN,サイト現行既定は「オッズ反比例の賭け金・固定払戻の意図」(WEB_DEFINITION)。CSV作成時点の方式である証明にはならない,EQUAL_STAKE|EQUAL_PAYOUT,Y,Y,YES_PUBLIC_SCOPE_UNRULED,5,,,,N_WEIGHTED_MEAN_OF_PCT: sum(ROI_i*n_i)/sum(n_i) を整数丸め,UNVERIFIED_AGGREGATION,LEGACY_JOCKEY_CODE,二重丸め(掲載値が整数%＋加重平均後に再度整数丸め),,,,,UNKNOWN,,DB_KEIBA,roi_presence_raw と完全に1対1でROI記入の有無の言い換え。行の出所ではない,3,,,UNVERIFIED(表示基準日がページ間で不一致: トップ2026-08-16/使い方2026-05-17),(リスト列なし=騎手表),,HOLD_MERGE+HOLD_METHOD+HOLD_ASOF+HOLD_ID,①購入方式の確定 ②分母(賭け金総額・払戻総額)の入手 ③加重平均の再現可否検証 ④場/距離/回りの重複排除
rec_a895634ebbd21e545be9868a2b4e6e24ff1037225ff5bb19000e2133e5c19853,PRIMARY_JOCKEY,JockeyROI_連結済み_20260719_卍のみ_pre実測_backup.csv,99,JOCKEY,丸田恭介,,NAME_KEY_ONLY_UNVERIFIED_OFFICIAL_ID,"{""競馬場"":"""",""芝/ダ"":"""",""馬場状態"":"""",""条件クラス"":"""",""距離区分"":"""",""回り"":""右"",""内外"":""""}",JOCKEY_COLUMNS,PARSED,,,,,,,,,,,,UNKNOWN,,,N,N,NOT_APPLICABLE,,,,,,NOT_APPLICABLE_NO_ROI,,,,,,,UNKNOWN,,BOOK_OR_UNSPECIFIED_ROI_SOURCE,roi_presence_raw と完全に1対1でROI記入の有無の言い換え。行の出所ではない,3,,,UNVERIFIED(表示基準日がページ間で不一致: トップ2026-08-16/使い方2026-05-17),(リスト列なし=騎手表),MISSING_ROI,NOT_AVAILABLE,原表と方式を入手するまで使用しない。原行は保持
rec_52ec98033d5a15c3da52207362db5829c8ebd3c8ba4e7144cd403a5e74860fbe,PRIMARY_JOCKEY,JockeyROI_連結済み_20260719_卍のみ_pre実測_backup.csv,100,JOCKEY,岩田望来,,NAME_KEY_ONLY_UNVERIFIED_OFFICIAL_ID,"{""競馬場"":"""",""芝/ダ"":"""",""馬場状態"":"""",""条件クラス"":"""",""距離区分"":"""",""回り"":""右"",""内外"":""""}",JOCKEY_COLUMNS,PARSED,,,,,,,,,,,WIN_ROI_PCT|PLACE_ROI_PCT|N_STARTS,UNKNOWN,サイト現行既定は「オッズ反比例の賭け金・固定払戻の意図」(WEB_DEFINITION)。CSV作成時点の方式である証明にはならない,EQUAL_STAKE|EQUAL_PAYOUT,Y,Y,YES_PUBLIC_SCOPE_UNRULED,2117,,,,N_WEIGHTED_MEAN_OF_PCT: sum(ROI_i*n_i)/sum(n_i) を整数丸め,UNVERIFIED_AGGREGATION,LEGACY_JOCKEY_CODE,二重丸め(掲載値が整数%＋加重平均後に再度整数丸め),,,,,UNKNOWN,,DB_KEIBA,roi_presence_raw と完全に1対1でROI記入の有無の言い換え。行の出所ではない,4,,,UNVERIFIED(表示基準日がページ間で不一致: トップ2026-08-16/使い方2026-05-17),(リスト列なし=騎手表),,HOLD_MERGE+HOLD_METHOD+HOLD_ASOF+HOLD_ID,①購入方式の確定 ②分母(賭け金総額・払戻総額)の入手 ③加重平均の再現可否検証 ④場/距離/回りの重複排除
rec_6733bfd0237421d2df85f159cd151e2f719772946b0acb761f395881f27caa89,PRIMARY_JOCKEY,JockeyROI_連結済み_20260719_卍のみ_pre実測_backup.csv,101,JOCKEY,藤岡佑介,,NAME_KEY_ONLY_UNVERIFIED_OFFICIAL_ID,"{""競馬場"":"""",""芝/ダ"":"""",""馬場状態"":"""",""条件クラス"":"""",""距離区分"":"""",""回り"":""右"",""内外"":""""}",JOCKEY_COLUMNS,PARSED,,,,,,,,,,,WIN_ROI_PCT|PLACE_ROI_PCT|N_STARTS,UNKNOWN,サイト現行既定は「オッズ反比例の賭け金・固定払戻の意図」(WEB_DEFINITION)。CSV作成時点の方式である証明にはならない,EQUAL_STAKE|EQUAL_PAYOUT,Y,Y,YES_PUBLIC_SCOPE_UNRULED,831,,,,N_WEIGHTED_MEAN_OF_PCT: sum(ROI_i*n_i)/sum(n_i) を整数丸め,UNVERIFIED_AGGREGATION,LEGACY_JOCKEY_CODE,二重丸め(掲載値が整数%＋加重平均後に再度整数丸め),,,,,UNKNOWN,,DB_KEIBA,roi_presence_raw と完全に1対1でROI記入の有無の言い換え。行の出所ではない,4,,,UNVERIFIED(表示基準日がページ間で不一致: トップ2026-08-16/使い方2026-05-17),(リスト列なし=騎手表),,HOLD_MERGE+HOLD_METHOD+HOLD_ASOF+HOLD_ID,①購入方式の確定 ②分母(賭け金総額・払戻総額)の入手 ③加重平均の再現可否検証 ④場/距離/回りの重複排除
rec_33bf0eaae43ca92ac387936a25cac83636a4143ec92805c383d8041799f1d5f7,PRIMARY_JOCKEY,JockeyROI_連結済み_20260719_卍のみ_pre実測_backup.csv,102,JOCKEY,橋木太希,,NAME_KEY_ONLY_UNVERIFIED_OFFICIAL_ID,"{""競馬場"":"""",""芝/ダ"":"""",""馬場状態"":"""",""条件クラス"":"""",""距離区分"":"""",""回り"":""右"",""内外"":""""}",JOCKEY_COLUMNS,PARSED,,,,,,,,,,,,UNKNOWN,,,N,N,NOT_APPLICABLE,,,,,,NOT_APPLICABLE_NO_ROI,,,,,,,UNKNOWN,,BOOK_OR_UNSPECIFIED_ROI_SOURCE,roi_presence_raw と完全に1対1でROI記入の有無の言い換え。行の出所ではない,3,,,UNVERIFIED(表示基準日がページ間で不一致: トップ2026-08-16/使い方2026-05-17),(リスト列なし=騎手表),MISSING_ROI,NOT_AVAILABLE,原表と方式を入手するまで使用しない。原行は保持
rec_8af3fb03d964fde1d2b96914b9e344467685369a7ff5ece5c6123da380c3df44,PRIMARY_JOCKEY,JockeyROI_連結済み_20260719_卍のみ_pre実測_backup.csv,103,JOCKEY,河原田菜々,,NAME_KEY_ONLY_UNVERIFIED_OFFICIAL_ID,"{""競馬場"":"""",""芝/ダ"":"""",""馬場状態"":"""",""条件クラス"":"""",""距離区分"":"""",""回り"":""右"",""内外"":""""}",JOCKEY_COLUMNS,PARSED,,,,,,,,,,,,UNKNOWN,,,N,N,NOT_APPLICABLE,,,,,,NOT_APPLICABLE_NO_ROI,,,,,,,UNKNOWN,,BOOK_OR_UNSPECIFIED_ROI_SOURCE,roi_presence_raw と完全に1対1でROI記入の有無の言い換え。行の出所ではない,2,,,UNVERIFIED(表示基準日がページ間で不一致: トップ2026-08-16/使い方2026-05-17),(リスト列なし=騎手表),MISSING_ROI,NOT_AVAILABLE,原表と方式を入手するまで使用しない。原行は保持
rec_a4722e4eca6dac73ccb3eaac5eee38481fa77f80f95aba6e5afde3b9a19ca9a5,PRIMARY_JOCKEY,JockeyROI_連結済み_20260719_卍のみ_pre実測_backup.csv,104,JOCKEY,柴田裕一郎,,NAME_KEY_ONLY_UNVERIFIED_OFFICIAL_ID,"{""競馬場"":"""",""芝/ダ"":"""",""馬場状態"":"""",""条件クラス"":"""",""距離区分"":"""",""回り"":""右"",""内外"":""""}",JOCKEY_COLUMNS,PARSED,,,,,,,,,,,,UNKNOWN,,,N,N,NOT_APPLICABLE,,,,,,NOT_APPLICABLE_NO_ROI,,,,,,,UNKNOWN,,BOOK_OR_UNSPECIFIED_ROI_SOURCE,roi_presence_raw と完全に1対1でROI記入の有無の言い換え。行の出所ではない,7,,,UNVERIFIED(表示基準日がページ間で不一致: トップ2026-08-16/使い方2026-05-17),(リスト列なし=騎手表),MISSING_ROI,NOT_AVAILABLE,原表と方式を入手するまで使用しない。原行は保持
rec_e5d5f1557c00e2f668ba1fe14530f5697e5a2f3d7750798a6ea5d59d6679b569,PRIMARY_JOCKEY,JockeyROI_連結済み_20260719_卍のみ_pre実測_backup.csv,105,JOCKEY,森田誠也,,NAME_KEY_ONLY_UNVERIFIED_OFFICIAL_ID,"{""競馬場"":""札幌"",""芝/ダ"":"""",""馬場状態"":"""",""条件クラス"":"""",""距離区分"":"""",""回り"":"""",""内外"":""""}",JOCKEY_COLUMNS,PARSED,,,,,,,,,,,,UNKNOWN,,,N,N,NOT_APPLICABLE,,,,,,NOT_APPLICABLE_NO_ROI,,,札幌,,,,UNKNOWN,,BOOK_OR_UNSPECIFIED_ROI_SOURCE,roi_presence_raw と完全に1対1でROI記入の有無の言い換え。行の出所ではない,9,,,UNVERIFIED(表示基準日がページ間で不一致: トップ2026-08-16/使い方2026-05-17),(リスト列なし=騎手表),MISSING_ROI,NOT_AVAILABLE,原表と方式を入手するまで使用しない。原行は保持
rec_396508fd1a544b1099ce512c8adb2265a12b42fbbfefd38dd140224b7d2d3f99,PRIMARY_JOCKEY,JockeyROI_連結済み_20260719_卍のみ_pre実測_backup.csv,106,JOCKEY,松岡正海,,NAME_KEY_ONLY_UNVERIFIED_OFFICIAL_ID,"{""競馬場"":""札幌"",""芝/ダ"":"""",""馬場状態"":"""",""条件クラス"":"""",""距離区分"":"""",""回り"":"""",""内外"":""""}",JOCKEY_COLUMNS,PARSED,,,,,,,,,,,,UNKNOWN,,,N,N,NOT_APPLICABLE,,,,,,NOT_APPLICABLE_NO_ROI,,,札幌,,,,UNKNOWN,,BOOK_OR_UNSPECIFIED_ROI_SOURCE,roi_presence_raw と完全に1対1でROI記入の有無の言い換え。行の出所ではない,3,,,UNVERIFIED(表示基準日がページ間で不一致: トップ2026-08-16/使い方2026-05-17),(リスト列なし=騎手表),MISSING_ROI,NOT_AVAILABLE,原表と方式を入手するまで使用しない。原行は保持
rec_1dcfef6c1d2da4aef01287e861e5bbbad94fcdc1dae6b87678b049cfda127a30,PRIMARY_JOCKEY,JockeyROI_連結済み_20260719_卍のみ_pre実測_backup.csv,107,JOCKEY,和田陽希,,NAME_KEY_ONLY_UNVERIFIED_OFFICIAL_ID,"{""競馬場"":""札幌"",""芝/ダ"":"""",""馬場状態"":"""",""条件クラス"":"""",""距離区分"":"""",""回り"":"""",""内外"":""""}",JOCKEY_COLUMNS,PARSED,,,,,,,,,,,,UNKNOWN,,,N,N,NOT_APPLICABLE,,,,,,NOT_APPLICABLE_NO_ROI,,,札幌,,,,UNKNOWN,,BOOK_OR_UNSPECIFIED_ROI_SOURCE,roi_presence_raw と完全に1対1でROI記入の有無の言い換え。行の出所ではない,7,,,UNVERIFIED(表示基準日がページ間で不一致: トップ2026-08-16/使い方2026-05-17),(リスト列なし=騎手表),MISSING_ROI,NOT_AVAILABLE,原表と方式を入手するまで使用しない。原行は保持
rec_bb90f57fcd697651f805d5c31075467b63ee5bc2d712abf5dd990e0d894c4e17,PRIMARY_JOCKEY,JockeyROI_連結済み_20260719_卍のみ_pre実測_backup.csv,108,JOCKEY,丹内祐次,,NAME_KEY_ONLY_UNVERIFIED_OFFICIAL_ID,"{""競馬場"":""札幌"",""芝/ダ"":"""",""馬場状態"":"""",""条件クラス"":"""",""距離区分"":"""",""回り"":"""",""内外"":""""}",JOCKEY_COLUMNS,PARSED,,,,,,,,,,,WIN_ROI_PCT|PLACE_ROI_PCT|N_STARTS,UNKNOWN,サイト現行既定は「オッズ反比例の賭け金・固定払戻の意図」(WEB_DEFINITION)。CSV作成時点の方式である証明にはならない,EQUAL_STAKE|EQUAL_PAYOUT,Y,Y,YES_PUBLIC_SCOPE_UNRULED,618,,,,N_WEIGHTED_MEAN_OF_PCT: sum(ROI_i*n_i)/sum(n_i) を整数丸め,UNVERIFIED_AGGREGATION,LEGACY_JOCKEY_CODE,二重丸め(掲載値が整数%＋加重平均後に再度整数丸め),札幌,,,,UNKNOWN,,DB_KEIBA,roi_presence_raw と完全に1対1でROI記入の有無の言い換え。行の出所ではない,7,,,UNVERIFIED(表示基準日がページ間で不一致: トップ2026-08-16/使い方2026-05-17),(リスト列なし=騎手表),,HOLD_MERGE+HOLD_METHOD+HOLD_ASOF+HOLD_ID,①購入方式の確定 ②分母(賭け金総額・払戻総額)の入手 ③加重平均の再現可否検証 ④場/距離/回りの重複排除
rec_c785cc5d088034aad212e1b6a552e34082e473574ee99655d6a679bc5c8d7371,PRIMARY_JOCKEY,JockeyROI_連結済み_20260719_卍のみ_pre実測_backup.csv,109,JOCKEY,小林美駒,,NAME_KEY_ONLY_UNVERIFIED_OFFICIAL_ID,"{""競馬場"":""札幌"",""芝/ダ"":"""",""馬場状態"":"""",""条件クラス"":"""",""距離区分"":"""",""回り"":"""",""内外"":""""}",JOCKEY_COLUMNS,PARSED,,,,,,,,,,,,UNKNOWN,,,N,N,NOT_APPLICABLE,,,,,,NOT_APPLICABLE_NO_ROI,,,札幌,,,,UNKNOWN,,BOOK_OR_UNSPECIFIED_ROI_SOURCE,roi_presence_raw と完全に1対1でROI記入の有無の言い換え。行の出所ではない,5,,,UNVERIFIED(表示基準日がページ間で不一致: トップ2026-08-16/使い方2026-05-17),(リスト列なし=騎手表),MISSING_ROI,NOT_AVAILABLE,原表と方式を入手するまで使用しない。原行は保持
rec_1cdfe4efa02de16461f5ab1c7854884ac61fe355934b1e2ea5140aab4cf564d5,PRIMARY_JOCKEY,JockeyROI_連結済み_20260719_卍のみ_pre実測_backup.csv,110,JOCKEY,斎藤新,,NAME_KEY_ONLY_UNVERIFIED_OFFICIAL_ID,"{""競馬場"":""札幌"",""芝/ダ"":"""",""馬場状態"":"""",""条件クラス"":"""",""距離区分"":"""",""回り"":"""",""内外"":""""}",JOCKEY_COLUMNS,PARSED,,,,,,,,,,,WIN_ROI_PCT|PLACE_ROI_PCT|N_STARTS,UNKNOWN,サイト現行既定は「オッズ反比例の賭け金・固定払戻の意図」(WEB_DEFINITION)。CSV作成時点の方式である証明にはならない,EQUAL_STAKE|EQUAL_PAYOUT,Y,Y,YES_PUBLIC_SCOPE_UNRULED,20,,,,N_WEIGHTED_MEAN_OF_PCT: sum(ROI_i*n_i)/sum(n_i) を整数丸め,UNVERIFIED_AGGREGATION,LEGACY_JOCKEY_CODE,二重丸め(掲載値が整数%＋加重平均後に再度整数丸め),札幌,,,,UNKNOWN,,DB_KEIBA,roi_presence_raw と完全に1対1でROI記入の有無の言い換え。行の出所ではない,1,,,UNVERIFIED(表示基準日がページ間で不一致: トップ2026-08-16/使い方2026-05-17),(リスト列なし=騎手表),,HOLD_MERGE+HOLD_METHOD+HOLD_ASOF+HOLD_ID,①購入方式の確定 ②分母(賭け金総額・払戻総額)の入手 ③加重平均の再現可否検証 ④場/距離/回りの重複排除
rec_b651a182790d872f1b4e34f65867a741409b38792d1f31db9ff6d7444c99e7d0,PRIMARY_JOCKEY,JockeyROI_連結済み_20260719_卍のみ_pre実測_backup.csv,111,JOCKEY,黛弘人,,NAME_KEY_ONLY_UNVERIFIED_OFFICIAL_ID,"{""競馬場"":""札幌"",""芝/ダ"":"""",""馬場状態"":"""",""条件クラス"":"""",""距離区分"":"""",""回り"":"""",""内外"":""""}",JOCKEY_COLUMNS,PARSED,,,,,,,,,,,WIN_ROI_PCT|PLACE_ROI_PCT|N_STARTS,UNKNOWN,サイト現行既定は「オッズ反比例の賭け金・固定払戻の意図」(WEB_DEFINITION)。CSV作成時点の方式である証明にはならない,EQUAL_STAKE|EQUAL_PAYOUT,Y,Y,YES_PUBLIC_SCOPE_UNRULED,3,,,,N_WEIGHTED_MEAN_OF_PCT: sum(ROI_i*n_i)/sum(n_i) を整数丸め,UNVERIFIED_AGGREGATION,LEGACY_JOCKEY_CODE,二重丸め(掲載値が整数%＋加重平均後に再度整数丸め),札幌,,,,UNKNOWN,,DB_KEIBA,roi_presence_raw と完全に1対1でROI記入の有無の言い換え。行の出所ではない,3,,,UNVERIFIED(表示基準日がページ間で不一致: トップ2026-08-16/使い方2026-05-17),(リスト列なし=騎手表),,HOLD_MERGE+HOLD_METHOD+HOLD_ASOF+HOLD_ID,①購入方式の確定 ②分母(賭け金総額・払戻総額)の入手 ③加重平均の再現可否検証 ④場/距離/回りの重複排除
rec_47603df73ab76aa4e7c305d3e305ae365641f229b3d0bfdf348e118cbd42f3f3,PRIMARY_JOCKEY,JockeyROI_連結済み_20260719_卍のみ_pre実測_backup.csv,112,JOCKEY,藤岡佑介,,NAME_KEY_ONLY_UNVERIFIED_OFFICIAL_ID,"{""競馬場"":""札幌"",""芝/ダ"":"""",""馬場状態"":"""",""条件クラス"":"""",""距離区分"":"""",""回り"":"""",""内外"":""""}",JOCKEY_COLUMNS,PARSED,,,,,,,,,,,WIN_ROI_PCT|PLACE_ROI_PCT|N_STARTS,UNKNOWN,サイト現行既定は「オッズ反比例の賭け金・固定払戻の意図」(WEB_DEFINITION)。CSV作成時点の方式である証明にはならない,EQUAL_STAKE|EQUAL_PAYOUT,Y,Y,YES_PUBLIC_SCOPE_UNRULED,272,,,,N_WEIGHTED_MEAN_OF_PCT: sum(ROI_i*n_i)/sum(n_i) を整数丸め,UNVERIFIED_AGGREGATION,LEGACY_JOCKEY_CODE,二重丸め(掲載値が整数%＋加重平均後に再度整数丸め),札幌,,,,UNKNOWN,,DB_KEIBA,roi_presence_raw と完全に1対1でROI記入の有無の言い換え。行の出所ではない,4,,,UNVERIFIED(表示基準日がページ間で不一致: トップ2026-08-16/使い方2026-05-17),(リスト列なし=騎手表),,HOLD_MERGE+HOLD_METHOD+HOLD_ASOF+HOLD_ID,①購入方式の確定 ②分母(賭け金総額・払戻総額)の入手 ③加重平均の再現可否検証 ④場/距離/回りの重複排除
rec_35053028c6cb3824deea6818deb2980ebc1483a52c34abd3bfa34726bec2d07e,PRIMARY_JOCKEY,JockeyROI_連結済み_20260719_卍のみ_pre実測_backup.csv,113,JOCKEY,浜中俊,,NAME_KEY_ONLY_UNVERIFIED_OFFICIAL_ID,"{""競馬場"":""札幌"",""芝/ダ"":"""",""馬場状態"":"""",""条件クラス"":"""",""距離区分"":"""",""回り"":"""",""内外"":""""}",JOCKEY_COLUMNS,PARSED,,,,,,,,,,,WIN_ROI_PCT|PLACE_ROI_PCT|N_STARTS,UNKNOWN,サイト現行既定は「オッズ反比例の賭け金・固定払戻の意図」(WEB_DEFINITION)。CSV作成時点の方式である証明にはならない,EQUAL_STAKE|EQUAL_PAYOUT,Y,Y,YES_PUBLIC_SCOPE_UNRULED,80,,,,N_WEIGHTED_MEAN_OF_PCT: sum(ROI_i*n_i)/sum(n_i) を整数丸め,UNVERIFIED_AGGREGATION,LEGACY_JOCKEY_CODE,二重丸め(掲載値が整数%＋加重平均後に再度整数丸め),札幌,,,,UNKNOWN,,DB_KEIBA,roi_presence_raw と完全に1対1でROI記入の有無の言い換え。行の出所ではない,6,,,UNVERIFIED(表示基準日がページ間で不一致: トップ2026-08-16/使い方2026-05-17),(リスト列なし=騎手表),,HOLD_MERGE+HOLD_METHOD+HOLD_ASOF+HOLD_ID,①購入方式の確定 ②分母(賭け金総額・払戻総額)の入手 ③加重平均の再現可否検証 ④場/距離/回りの重複排除
rec_8998347b1faf10bec852fe9cd9626aa1f940631ca375556ccf0d057d09df46c1,PRIMARY_JOCKEY,JockeyROI_連結済み_20260719_卍のみ_pre実測_backup.csv,114,JOCKEY,北村友一,,NAME_KEY_ONLY_UNVERIFIED_OFFICIAL_ID,"{""競馬場"":""札幌"",""芝/ダ"":"""",""馬場状態"":"""",""条件クラス"":"""",""距離区分"":"""",""回り"":"""",""内外"":""""}",JOCKEY_COLUMNS,PARSED,,,,,,,,,,,WIN_ROI_PCT|PLACE_ROI_PCT|N_STARTS,UNKNOWN,サイト現行既定は「オッズ反比例の賭け金・固定払戻の意図」(WEB_DEFINITION)。CSV作成時点の方式である証明にはならない,EQUAL_STAKE|EQUAL_PAYOUT,Y,Y,YES_PUBLIC_SCOPE_UNRULED,45,,,,N_WEIGHTED_MEAN_OF_PCT: sum(ROI_i*n_i)/sum(n_i) を整数丸め,UNVERIFIED_AGGREGATION,LEGACY_JOCKEY_CODE,二重丸め(掲載値が整数%＋加重平均後に再度整数丸め),札幌,,,,UNKNOWN,,DB_KEIBA,roi_presence_raw と完全に1対1でROI記入の有無の言い換え。行の出所ではない,3,,,UNVERIFIED(表示基準日がページ間で不一致: トップ2026-08-16/使い方2026-05-17),(リスト列なし=騎手表),,HOLD_MERGE+HOLD_METHOD+HOLD_ASOF+HOLD_ID,①購入方式の確定 ②分母(賭け金総額・払戻総額)の入手 ③加重平均の再現可否検証 ④場/距離/回りの重複排除
rec_430f5f58e00968acb1392462eb86cce28b549123aaa9004d247439634a38b86d,PRIMARY_JOCKEY,JockeyROI_連結済み_20260719_卍のみ_pre実測_backup.csv,115,JOCKEY,古川奈穂,,NAME_KEY_ONLY_UNVERIFIED_OFFICIAL_ID,"{""競馬場"":""札幌"",""芝/ダ"":"""",""馬場状態"":"""",""条件クラス"":"""",""距離区分"":"""",""回り"":"""",""内外"":""""}",JOCKEY_COLUMNS,PARSED,,,,,,,,,,,WIN_ROI_PCT|PLACE_ROI_PCT|N_STARTS,UNKNOWN,サイト現行既定は「オッズ反比例の賭け金・固定払戻の意図」(WEB_DEFINITION)。CSV作成時点の方式である証明にはならない,EQUAL_STAKE|EQUAL_PAYOUT,Y,Y,YES_PUBLIC_SCOPE_UNRULED,35,,,,N_WEIGHTED_MEAN_OF_PCT: sum(ROI_i*n_i)/sum(n_i) を整数丸め,UNVERIFIED_AGGREGATION,LEGACY_JOCKEY_CODE,二重丸め(掲載値が整数%＋加重平均後に再度整数丸め),札幌,,,,UNKNOWN,,DB_KEIBA,roi_presence_raw と完全に1対1でROI記入の有無の言い換え。行の出所ではない,3,,,UNVERIFIED(表示基準日がページ間で不一致: トップ2026-08-16/使い方2026-05-17),(リスト列なし=騎手表),,HOLD_MERGE+HOLD_METHOD+HOLD_ASOF+HOLD_ID,①購入方式の確定 ②分母(賭け金総額・払戻総額)の入手 ③加重平均の再現可否検証 ④場/距離/回りの重複排除
rec_d1559e5623386e800f8856288733ebf24d87bd55a16cdb31c8df8fc224e6b729,PRIMARY_JOCKEY,JockeyROI_連結済み_20260719_卍のみ_pre実測_backup.csv,116,JOCKEY,荻野琢真,,NAME_KEY_ONLY_UNVERIFIED_OFFICIAL_ID,"{""競馬場"":""札幌"",""芝/ダ"":"""",""馬場状態"":"""",""条件クラス"":"""",""距離区分"":"""",""回り"":"""",""内外"":""""}",JOCKEY_COLUMNS,PARSED,,,,,,,,,,,,UNKNOWN,,,N,N,NOT_APPLICABLE,,,,,,NOT_APPLICABLE_NO_ROI,,,札幌,,,,UNKNOWN,,BOOK_OR_UNSPECIFIED_ROI_SOURCE,roi_presence_raw と完全に1対1でROI記入の有無の言い換え。行の出所ではない,3,,,UNVERIFIED(表示基準日がページ間で不一致: トップ2026-08-16/使い方2026-05-17),(リスト列なし=騎手表),MISSING_ROI,NOT_AVAILABLE,原表と方式を入手するまで使用しない。原行は保持
rec_564c5a4248f5433c08f87124853ce55c07cf52c9c2b5dabcdb5b89085120ec48,PRIMARY_JOCKEY,JockeyROI_連結済み_20260719_卍のみ_pre実測_backup.csv,117,JOCKEY,松本大輝,,NAME_KEY_ONLY_UNVERIFIED_OFFICIAL_ID,"{""競馬場"":""札幌"",""芝/ダ"":"""",""馬場状態"":"""",""条件クラス"":"""",""距離区分"":"""",""回り"":"""",""内外"":""""}",JOCKEY_COLUMNS,PARSED,,,,,,,,,,,,UNKNOWN,,,N,N,NOT_APPLICABLE,,,,,,NOT_APPLICABLE_NO_ROI,,,札幌,,,,UNKNOWN,,BOOK_OR_UNSPECIFIED_ROI_SOURCE,roi_presence_raw と完全に1対1でROI記入の有無の言い換え。行の出所ではない,4,,,UNVERIFIED(表示基準日がページ間で不一致: トップ2026-08-16/使い方2026-05-17),(リスト列なし=騎手表),MISSING_ROI,NOT_AVAILABLE,原表と方式を入手するまで使用しない。原行は保持
rec_6c8329a2c106411e503dcb98ce56f74dc5df48d4045838c587b3cc3b4484e343,PRIMARY_JOCKEY,JockeyROI_連結済み_20260719_卍のみ_pre実測_backup.csv,118,JOCKEY,佐々木大輔,,NAME_KEY_ONLY_UNVERIFIED_OFFICIAL_ID,"{""競馬場"":""函館"",""芝/ダ"":"""",""馬場状態"":"""",""条件クラス"":"""",""距離区分"":"""",""回り"":"""",""内外"":""""}",JOCKEY_COLUMNS,PARSED,,,,,,,,,,,WIN_ROI_PCT|PLACE_ROI_PCT|N_STARTS,UNKNOWN,サイト現行既定は「オッズ反比例の賭け金・固定払戻の意図」(WEB_DEFINITION)。CSV作成時点の方式である証明にはならない,EQUAL_STAKE|EQUAL_PAYOUT,Y,Y,YES_PUBLIC_SCOPE_UNRULED,345,,,,N_WEIGHTED_MEAN_OF_PCT: sum(ROI_i*n_i)/sum(n_i) を整数丸め,UNVERIFIED_AGGREGATION,LEGACY_JOCKEY_CODE,二重丸め(掲載値が整数%＋加重平均後に再度整数丸め),函館,,,,UNKNOWN,,DB_KEIBA,roi_presence_raw と完全に1対1でROI記入の有無の言い換え。行の出所ではない,4,,,UNVERIFIED(表示基準日がページ間で不一致: トップ2026-08-16/使い方2026-05-17),(リスト列なし=騎手表),,HOLD_MERGE+HOLD_METHOD+HOLD_ASOF+HOLD_ID,①購入方式の確定 ②分母(賭け金総額・払戻総額)の入手 ③加重平均の再現可否検証 ④場/距離/回りの重複排除
rec_edc799cc005f6ae7f7b64ef4f2752e9f7709cf5dad79e4ae0aa2af5ecd18b83c,PRIMARY_JOCKEY,JockeyROI_連結済み_20260719_卍のみ_pre実測_backup.csv,119,JOCKEY,鷲頭虎太,,NAME_KEY_ONLY_UNVERIFIED_OFFICIAL_ID,"{""競馬場"":""函館"",""芝/ダ"":"""",""馬場状態"":"""",""条件クラス"":"""",""距離区分"":"""",""回り"":"""",""内外"":""""}",JOCKEY_COLUMNS,PARSED,,,,,,,,,,,,UNKNOWN,,,N,N,NOT_APPLICABLE,,,,,,NOT_APPLICABLE_NO_ROI,,,函館,,,,UNKNOWN,,BOOK_OR_UNSPECIFIED_ROI_SOURCE,roi_presence_raw と完全に1対1でROI記入の有無の言い換え。行の出所ではない,9,,,UNVERIFIED(表示基準日がページ間で不一致: トップ2026-08-16/使い方2026-05-17),(リスト列なし=騎手表),MISSING_ROI,NOT_AVAILABLE,原表と方式を入手するまで使用しない。原行は保持
rec_380dbecf087c6ecd225adb9240f02fd46de7ec0d197801f8df8cf8f2809da1ff,PRIMARY_JOCKEY,JockeyROI_連結済み_20260719_卍のみ_pre実測_backup.csv,120,JOCKEY,森田誠也,,NAME_KEY_ONLY_UNVERIFIED_OFFICIAL_ID,"{""競馬場"":""函館"",""芝/ダ"":"""",""馬場状態"":"""",""条件クラス"":"""",""距離区分"":"""",""回り"":"""",""内外"":""""}",JOCKEY_COLUMNS,PARSED,,,,,,,,,,,,UNKNOWN,,,N,N,NOT_APPLICABLE,,,,,,NOT_APPLICABLE_NO_ROI,,,函館,,,,UNKNOWN,,BOOK_OR_UNSPECIFIED_ROI_SOURCE,roi_presence_raw と完全に1対1でROI記入の有無の言い換え。行の出所ではない,9,,,UNVERIFIED(表示基準日がページ間で不一致: トップ2026-08-16/使い方2026-05-17),(リスト列なし=騎手表),MISSING_ROI,NOT_AVAILABLE,原表と方式を入手するまで使用しない。原行は保持
rec_e2dca056c67cb633496d12332169fc09807838ebbb687aedb655e2d35a9d37bc,PRIMARY_JOCKEY,JockeyROI_連結済み_20260719_卍のみ_pre実測_backup.csv,121,JOCKEY,松本大輝,,NAME_KEY_ONLY_UNVERIFIED_OFFICIAL_ID,"{""競馬場"":""函館"",""芝/ダ"":"""",""馬場状態"":"""",""条件クラス"":"""",""距離区分"":"""",""回り"":"""",""内外"":""""}",JOCKEY_COLUMNS,PARSED,,,,,,,,,,,,UNKNOWN,,,N,N,NOT_APPLICABLE,,,,,,NOT_APPLICABLE_NO_ROI,,,函館,,,,UNKNOWN,,BOOK_OR_UNSPECIFIED_ROI_SOURCE,roi_presence_raw と完全に1対1でROI記入の有無の言い換え。行の出所ではない,4,,,UNVERIFIED(表示基準日がページ間で不一致: トップ2026-08-16/使い方2026-05-17),(リスト列なし=騎手表),MISSING_ROI,NOT_AVAILABLE,原表と方式を入手するまで使用しない。原行は保持
rec_4e051269caa42fee12fd1b53f2cd7e4d29ca2e993de99d87fe8b6342be16aea4,PRIMARY_JOCKEY,JockeyROI_連結済み_20260719_卍のみ_pre実測_backup.csv,122,JOCKEY,木幡巧也,,NAME_KEY_ONLY_UNVERIFIED_OFFICIAL_ID,"{""競馬場"":""函館"",""芝/ダ"":"""",""馬場状態"":"""",""条件クラス"":"""",""距離区分"":"""",""回り"":"""",""内外"":""""}",JOCKEY_COLUMNS,PARSED,,,,,,,,,,,,UNKNOWN,,,N,N,NOT_APPLICABLE,,,,,,NOT_APPLICABLE_NO_ROI,,,函館,,,,UNKNOWN,,BOOK_OR_UNSPECIFIED_ROI_SOURCE,roi_presence_raw と完全に1対1でROI記入の有無の言い換え。行の出所ではない,3,,,UNVERIFIED(表示基準日がページ間で不一致: トップ2026-08-16/使い方2026-05-17),(リスト列なし=騎手表),MISSING_ROI,NOT_AVAILABLE,原表と方式を入手するまで使用しない。原行は保持
rec_74f2ade8aea72e55712a0a9d8f79aa024fd67d6a17ce6f000a88465648fe3ddc,PRIMARY_JOCKEY,JockeyROI_連結済み_20260719_卍のみ_pre実測_backup.csv,123,JOCKEY,松岡正海,,NAME_KEY_ONLY_UNVERIFIED_OFFICIAL_ID,"{""競馬場"":""函館"",""芝/ダ"":"""",""馬場状態"":"""",""条件クラス"":"""",""距離区分"":"""",""回り"":"""",""内外"":""""}",JOCKEY_COLUMNS,PARSED,,,,,,,,,,,,UNKNOWN,,,N,N,NOT_APPLICABLE,,,,,,NOT_APPLICABLE_NO_ROI,,,函館,,,,UNKNOWN,,BOOK_OR_UNSPECIFIED_ROI_SOURCE,roi_presence_raw と完全に1対1でROI記入の有無の言い換え。行の出所ではない,3,,,UNVERIFIED(表示基準日がページ間で不一致: トップ2026-08-16/使い方2026-05-17),(リスト列なし=騎手表),MISSING_ROI,NOT_AVAILABLE,原表と方式を入手するまで使用しない。原行は保持
rec_d156aed104db4e29cd3141c1a6e038e627c2c5b74dd05ccaf19861f3c4315725,PRIMARY_JOCKEY,JockeyROI_連結済み_20260719_卍のみ_pre実測_backup.csv,124,JOCKEY,荻野琢真,,NAME_KEY_ONLY_UNVERIFIED_OFFICIAL_ID,"{""競馬場"":""函館"",""芝/ダ"":"""",""馬場状態"":"""",""条件クラス"":"""",""距離区分"":"""",""回り"":"""",""内外"":""""}",JOCKEY_COLUMNS,PARSED,,,,,,,,,,,,UNKNOWN,,,N,N,NOT_APPLICABLE,,,,,,NOT_APPLICABLE_NO_ROI,,,函館,,,,UNKNOWN,,BOOK_OR_UNSPECIFIED_ROI_SOURCE,roi_presence_raw と完全に1対1でROI記入の有無の言い換え。行の出所ではない,3,,,UNVERIFIED(表示基準日がページ間で不一致: トップ2026-08-16/使い方2026-05-17),(リスト列なし=騎手表),MISSING_ROI,NOT_AVAILABLE,原表と方式を入手するまで使用しない。原行は保持
rec_fe022c2a1750adb2cf678938408cdd48300bb59c25ef8a5d78523b4c248afc48,PRIMARY_JOCKEY,JockeyROI_連結済み_20260719_卍のみ_pre実測_backup.csv,125,JOCKEY,吉田豊,,NAME_KEY_ONLY_UNVERIFIED_OFFICIAL_ID,"{""競馬場"":""函館"",""芝/ダ"":"""",""馬場状態"":"""",""条件クラス"":"""",""距離区分"":"""",""回り"":"""",""内外"":""""}",JOCKEY_COLUMNS,PARSED,,,,,,,,,,,,UNKNOWN,,,N,N,NOT_APPLICABLE,,,,,,NOT_APPLICABLE_NO_ROI,,,函館,,,,UNKNOWN,,BOOK_OR_UNSPECIFIED_ROI_SOURCE,roi_presence_raw と完全に1対1でROI記入の有無の言い換え。行の出所ではない,1,,,UNVERIFIED(表示基準日がページ間で不一致: トップ2026-08-16/使い方2026-05-17),(リスト列なし=騎手表),MISSING_ROI,NOT_AVAILABLE,原表と方式を入手するまで使用しない。原行は保持
rec_7f237f933e722409cdc9ded77eb9d7df51c395175dbb06f092479187f256f91f,PRIMARY_JOCKEY,JockeyROI_連結済み_20260719_卍のみ_pre実測_backup.csv,126,JOCKEY,横山武史,,NAME_KEY_ONLY_UNVERIFIED_OFFICIAL_ID,"{""競馬場"":""函館"",""芝/ダ"":"""",""馬場状態"":"""",""条件クラス"":"""",""距離区分"":"""",""回り"":"""",""内外"":""""}",JOCKEY_COLUMNS,PARSED,,,,,,,,,,,WIN_ROI_PCT|PLACE_ROI_PCT|N_STARTS,UNKNOWN,サイト現行既定は「オッズ反比例の賭け金・固定払戻の意図」(WEB_DEFINITION)。CSV作成時点の方式である証明にはならない,EQUAL_STAKE|EQUAL_PAYOUT,Y,Y,YES_PUBLIC_SCOPE_UNRULED,423,,,,N_WEIGHTED_MEAN_OF_PCT: sum(ROI_i*n_i)/sum(n_i) を整数丸め,UNVERIFIED_AGGREGATION,LEGACY_JOCKEY_CODE,二重丸め(掲載値が整数%＋加重平均後に再度整数丸め),函館,,,,UNKNOWN,,DB_KEIBA,roi_presence_raw と完全に1対1でROI記入の有無の言い換え。行の出所ではない,2,,,UNVERIFIED(表示基準日がページ間で不一致: トップ2026-08-16/使い方2026-05-17),(リスト列なし=騎手表),,HOLD_MERGE+HOLD_METHOD+HOLD_ASOF+HOLD_ID,①購入方式の確定 ②分母(賭け金総額・払戻総額)の入手 ③加重平均の再現可否検証 ④場/距離/回りの重複排除
rec_56a3d75d485d8744c3236eb0012078ede0bc5e759ecc0724cafade294f6be68b,PRIMARY_JOCKEY,JockeyROI_連結済み_20260719_卍のみ_pre実測_backup.csv,127,JOCKEY,北村友一,,NAME_KEY_ONLY_UNVERIFIED_OFFICIAL_ID,"{""競馬場"":""函館"",""芝/ダ"":"""",""馬場状態"":"""",""条件クラス"":"""",""距離区分"":"""",""回り"":"""",""内外"":""""}",JOCKEY_COLUMNS,PARSED,,,,,,,,,,,WIN_ROI_PCT|PLACE_ROI_PCT|N_STARTS,UNKNOWN,サイト現行既定は「オッズ反比例の賭け金・固定払戻の意図」(WEB_DEFINITION)。CSV作成時点の方式である証明にはならない,EQUAL_STAKE|EQUAL_PAYOUT,Y,Y,YES_PUBLIC_SCOPE_UNRULED,30,,,,N_WEIGHTED_MEAN_OF_PCT: sum(ROI_i*n_i)/sum(n_i) を整数丸め,UNVERIFIED_AGGREGATION,LEGACY_JOCKEY_CODE,二重丸め(掲載値が整数%＋加重平均後に再度整数丸め),函館,,,,UNKNOWN,,DB_KEIBA,roi_presence_raw と完全に1対1でROI記入の有無の言い換え。行の出所ではない,3,,,UNVERIFIED(表示基準日がページ間で不一致: トップ2026-08-16/使い方2026-05-17),(リスト列なし=騎手表),,HOLD_MERGE+HOLD_METHOD+HOLD_ASOF+HOLD_ID,①購入方式の確定 ②分母(賭け金総額・払戻総額)の入手 ③加重平均の再現可否検証 ④場/距離/回りの重複排除
rec_3f4056e6d4aaedf968ab31a085467c7b7796832b7b69556a26511c9f36f3def0,PRIMARY_JOCKEY,JockeyROI_連結済み_20260719_卍のみ_pre実測_backup.csv,128,JOCKEY,和田陽希,,NAME_KEY_ONLY_UNVERIFIED_OFFICIAL_ID,"{""競馬場"":""函館"",""芝/ダ"":"""",""馬場状態"":"""",""条件クラス"":"""",""距離区分"":"""",""回り"":"""",""内外"":""""}",JOCKEY_COLUMNS,PARSED,,,,,,,,,,,,UNKNOWN,,,N,N,NOT_APPLICABLE,,,,,,NOT_APPLICABLE_NO_ROI,,,函館,,,,UNKNOWN,,BOOK_OR_UNSPECIFIED_ROI_SOURCE,roi_presence_raw と完全に1対1でROI記入の有無の言い換え。行の出所ではない,7,,,UNVERIFIED(表示基準日がページ間で不一致: トップ2026-08-16/使い方2026-05-17),(リスト列なし=騎手表),MISSING_ROI,NOT_AVAILABLE,原表と方式を入手するまで使用しない。原行は保持
rec_d4a7ec9d3eada6ffdd3140d74d1707fa117d1c2fa3e38a1b3052c9cf7822bc76,PRIMARY_JOCKEY,JockeyROI_連結済み_20260719_卍のみ_pre実測_backup.csv,129,JOCKEY,原田和真,,NAME_KEY_ONLY_UNVERIFIED_OFFICIAL_ID,"{""競馬場"":""函館"",""芝/ダ"":"""",""馬場状態"":"""",""条件クラス"":"""",""距離区分"":"""",""回り"":"""",""内外"":""""}",JOCKEY_COLUMNS,PARSED,,,,,,,,,,,,UNKNOWN,,,N,N,NOT_APPLICABLE,,,,,,NOT_APPLICABLE_NO_ROI,,,函館,,,,UNKNOWN,,BOOK_OR_UNSPECIFIED_ROI_SOURCE,roi_presence_raw と完全に1対1でROI記入の有無の言い換え。行の出所ではない,10,,,UNVERIFIED(表示基準日がページ間で不一致: トップ2026-08-16/使い方2026-05-17),(リスト列なし=騎手表),MISSING_ROI,NOT_AVAILABLE,原表と方式を入手するまで使用しない。原行は保持
rec_68353ab8aae84aaf59692c1f2a2486bd38ef5f21616ef8d4de08ae7c0512bc2e,PRIMARY_JOCKEY,JockeyROI_連結済み_20260719_卍のみ_pre実測_backup.csv,130,JOCKEY,柴田裕一郎,,NAME_KEY_ONLY_UNVERIFIED_OFFICIAL_ID,"{""競馬場"":""函館"",""芝/ダ"":"""",""馬場状態"":"""",""条件クラス"":"""",""距離区分"":"""",""回り"":"""",""内外"":""""}",JOCKEY_COLUMNS,PARSED,,,,,,,,,,,,UNKNOWN,,,N,N,NOT_APPLICABLE,,,,,,NOT_APPLICABLE_NO_ROI,,,函館,,,,UNKNOWN,,BOOK_OR_UNSPECIFIED_ROI_SOURCE,roi_presence_raw と完全に1対1でROI記入の有無の言い換え。行の出所ではない,7,,,UNVERIFIED(表示基準日がページ間で不一致: トップ2026-08-16/使い方2026-05-17),(リスト列なし=騎手表),MISSING_ROI,NOT_AVAILABLE,原表と方式を入手するまで使用しない。原行は保持
rec_6642dd58a2f04ee7ff3d1de786ced829d10641dea5ad33251d64cf925111023a,PRIMARY_JOCKEY,JockeyROI_連結済み_20260719_卍のみ_pre実測_backup.csv,131,JOCKEY,国分恭介,,NAME_KEY_ONLY_UNVERIFIED_OFFICIAL_ID,"{""競馬場"":""福島"",""芝/ダ"":"""",""馬場状態"":"""",""条件クラス"":"""",""距離区分"":"""",""回り"":"""",""内外"":""""}",JOCKEY_COLUMNS,PARSED,,,,,,,,,,,,UNKNOWN,,,N,N,NOT_APPLICABLE,,,,,,NOT_APPLICABLE_NO_ROI,,,福島,,,,UNKNOWN,,BOOK_OR_UNSPECIFIED_ROI_SOURCE,roi_presence_raw と完全に1対1でROI記入の有無の言い換え。行の出所ではない,15,,,UNVERIFIED(表示基準日がページ間で不一致: トップ2026-08-16/使い方2026-05-17),(リスト列なし=騎手表),MISSING_ROI,NOT_AVAILABLE,原表と方式を入手するまで使用しない。原行は保持
rec_3cd372b268941ffe28716ec2c041c89dc54357738d949a05a5975ac41dfa1505,PRIMARY_JOCKEY,JockeyROI_連結済み_20260719_卍のみ_pre実測_backup.csv,132,JOCKEY,今村聖奈,,NAME_KEY_ONLY_UNVERIFIED_OFFICIAL_ID,"{""競馬場"":""福島"",""芝/ダ"":"""",""馬場状態"":"""",""条件クラス"":"""",""距離区分"":"""",""回り"":"""",""内外"":""""}",JOCKEY_COLUMNS,PARSED,,,,,,,,,,,,UNKNOWN,,,N,N,NOT_APPLICABLE,,,,,,NOT_APPLICABLE_NO_ROI,,,福島,,,,UNKNOWN,,BOOK_OR_UNSPECIFIED_ROI_SOURCE,roi_presence_raw と完全に1対1でROI記入の有無の言い換え。行の出所ではない,1,,,UNVERIFIED(表示基準日がページ間で不一致: トップ2026-08-16/使い方2026-05-17),(リスト列なし=騎手表),MISSING_ROI,NOT_AVAILABLE,原表と方式を入手するまで使用しない。原行は保持
rec_8f8d9f2786c2d3bcd7c4f4e1ccc7026d065f1e5218ea483b18995ad0f3e39268,PRIMARY_JOCKEY,JockeyROI_連結済み_20260719_卍のみ_pre実測_backup.csv,133,JOCKEY,舟山瑠泉,,NAME_KEY_ONLY_UNVERIFIED_OFFICIAL_ID,"{""競馬場"":""福島"",""芝/ダ"":"""",""馬場状態"":"""",""条件クラス"":"""",""距離区分"":"""",""回り"":"""",""内外"":""""}",JOCKEY_COLUMNS,PARSED,,,,,,,,,,,,UNKNOWN,,,N,N,NOT_APPLICABLE,,,,,,NOT_APPLICABLE_NO_ROI,,,福島,,,,UNKNOWN,,BOOK_OR_UNSPECIFIED_ROI_SOURCE,roi_presence_raw と完全に1対1でROI記入の有無の言い換え。行の出所ではない,10,,,UNVERIFIED(表示基準日がページ間で不一致: トップ2026-08-16/使い方2026-05-17),(リスト列なし=騎手表),MISSING_ROI,NOT_AVAILABLE,原表と方式を入手するまで使用しない。原行は保持
rec_f4cd57d72fb2dbb41c5e0035335e9ae1c498c613b4d3a0a59754f70c784191b8,PRIMARY_JOCKEY,JockeyROI_連結済み_20260719_卍のみ_pre実測_backup.csv,134,JOCKEY,小沢大仁,,NAME_KEY_ONLY_UNVERIFIED_OFFICIAL_ID,"{""競馬場"":""福島"",""芝/ダ"":"""",""馬場状態"":"""",""条件クラス"":"""",""距離区分"":"""",""回り"":"""",""内外"":""""}",JOCKEY_COLUMNS,PARSED,,,,,,,,,,,WIN_ROI_PCT|PLACE_ROI_PCT|N_STARTS,UNKNOWN,サイト現行既定は「オッズ反比例の賭け金・固定払戻の意図」(WEB_DEFINITION)。CSV作成時点の方式である証明にはならない,EQUAL_STAKE|EQUAL_PAYOUT,Y,Y,YES_PUBLIC_SCOPE_UNRULED,80,,,,N_WEIGHTED_MEAN_OF_PCT: sum(ROI_i*n_i)/sum(n_i) を整数丸め,UNVERIFIED_AGGREGATION,LEGACY_JOCKEY_CODE,二重丸め(掲載値が整数%＋加重平均後に再度整数丸め),福島,,,,UNKNOWN,,DB_KEIBA,roi_presence_raw と完全に1対1でROI記入の有無の言い換え。行の出所ではない,9,,,UNVERIFIED(表示基準日がページ間で不一致: トップ2026-08-16/使い方2026-05-17),(リスト列なし=騎手表),,HOLD_MERGE+HOLD_METHOD+HOLD_ASOF+HOLD_ID,①購入方式の確定 ②分母(賭け金総額・払戻総額)の入手 ③加重平均の再現可否検証 ④場/距離/回りの重複排除
rec_692c51f28fd24f95dd0a43e1d8bfff3c59c94996b155f1b75ad44095d2fe5dba,PRIMARY_JOCKEY,JockeyROI_連結済み_20260719_卍のみ_pre実測_backup.csv,135,JOCKEY,古川奈穂,,NAME_KEY_ONLY_UNVERIFIED_OFFICIAL_ID,"{""競馬場"":""福島"",""芝/ダ"":"""",""馬場状態"":"""",""条件クラス"":"""",""距離区分"":"""",""回り"":"""",""内外"":""""}",JOCKEY_COLUMNS,PARSED,,,,,,,,,,,WIN_ROI_PCT|PLACE_ROI_PCT|N_STARTS,UNKNOWN,サイト現行既定は「オッズ反比例の賭け金・固定払戻の意図」(WEB_DEFINITION)。CSV作成時点の方式である証明にはならない,EQUAL_STAKE|EQUAL_PAYOUT,Y,Y,YES_PUBLIC_SCOPE_UNRULED,2,,,,N_WEIGHTED_MEAN_OF_PCT: sum(ROI_i*n_i)/sum(n_i) を整数丸め,UNVERIFIED_AGGREGATION,LEGACY_JOCKEY_CODE,二重丸め(掲載値が整数%＋加重平均後に再度整数丸め),福島,,,,UNKNOWN,,DB_KEIBA,roi_presence_raw と完全に1対1でROI記入の有無の言い換え。行の出所ではない,3,,,UNVERIFIED(表示基準日がページ間で不一致: トップ2026-08-16/使い方2026-05-17),(リスト列なし=騎手表),,HOLD_MERGE+HOLD_METHOD+HOLD_ASOF+HOLD_ID,①購入方式の確定 ②分母(賭け金総額・払戻総額)の入手 ③加重平均の再現可否検証 ④場/距離/回りの重複排除
rec_8712aefc0392b844e995053368c529faee0bf4bdea292405768f8643555991cc,PRIMARY_JOCKEY,JockeyROI_連結済み_20260719_卍のみ_pre実測_backup.csv,136,JOCKEY,菊沢一樹,,NAME_KEY_ONLY_UNVERIFIED_OFFICIAL_ID,"{""競馬場"":""福島"",""芝/ダ"":"""",""馬場状態"":"""",""条件クラス"":"""",""距離区分"":"""",""回り"":"""",""内外"":""""}",JOCKEY_COLUMNS,PARSED,,,,,,,,,,,WIN_ROI_PCT|PLACE_ROI_PCT|N_STARTS,UNKNOWN,サイト現行既定は「オッズ反比例の賭け金・固定払戻の意図」(WEB_DEFINITION)。CSV作成時点の方式である証明にはならない,EQUAL_STAKE|EQUAL_PAYOUT,Y,Y,YES_PUBLIC_SCOPE_UNRULED,346,,,,N_WEIGHTED_MEAN_OF_PCT: sum(ROI_i*n_i)/sum(n_i) を整数丸め,UNVERIFIED_AGGREGATION,LEGACY_JOCKEY_CODE,二重丸め(掲載値が整数%＋加重平均後に再度整数丸め),福島,,,,UNKNOWN,,DB_KEIBA,roi_presence_raw と完全に1対1でROI記入の有無の言い換え。行の出所ではない,10,,,UNVERIFIED(表示基準日がページ間で不一致: トップ2026-08-16/使い方2026-05-17),(リスト列なし=騎手表),,HOLD_MERGE+HOLD_METHOD+HOLD_ASOF+HOLD_ID,①購入方式の確定 ②分母(賭け金総額・払戻総額)の入手 ③加重平均の再現可否検証 ④場/距離/回りの重複排除
rec_fc72348820370652b28dcc4baeaf00476a9538d739a1f948ecad35ea94b9d2f1,PRIMARY_JOCKEY,JockeyROI_連結済み_20260719_卍のみ_pre実測_backup.csv,137,JOCKEY,吉田隼人,,NAME_KEY_ONLY_UNVERIFIED_OFFICIAL_ID,"{""競馬場"":""福島"",""芝/ダ"":"""",""馬場状態"":"""",""条件クラス"":"""",""距離区分"":"""",""回り"":"""",""内外"":""""}",JOCKEY_COLUMNS,PARSED,,,,,,,,,,,WIN_ROI_PCT|PLACE_ROI_PCT|N_STARTS,UNKNOWN,サイト現行既定は「オッズ反比例の賭け金・固定払戻の意図」(WEB_DEFINITION)。CSV作成時点の方式である証明にはならない,EQUAL_STAKE|EQUAL_PAYOUT,Y,Y,YES_PUBLIC_SCOPE_UNRULED,2,,,,N_WEIGHTED_MEAN_OF_PCT: sum(ROI_i*n_i)/sum(n_i) を整数丸め,UNVERIFIED_AGGREGATION,LEGACY_JOCKEY_CODE,二重丸め(掲載値が整数%＋加重平均後に再度整数丸め),福島,,,,UNKNOWN,,DB_KEIBA,roi_presence_raw と完全に1対1でROI記入の有無の言い換え。行の出所ではない,1,,,UNVERIFIED(表示基準日がページ間で不一致: トップ2026-08-16/使い方2026-05-17),(リスト列なし=騎手表),,HOLD_MERGE+HOLD_METHOD+HOLD_ASOF+HOLD_ID,①購入方式の確定 ②分母(賭け金総額・払戻総額)の入手 ③加重平均の再現可否検証 ④場/距離/回りの重複排除
rec_527613c316fcb61b3f5ce706dc83b9e053bab5ad66c1a4e198cdccc6defa6ed9,PRIMARY_JOCKEY,JockeyROI_連結済み_20260719_卍のみ_pre実測_backup.csv,138,JOCKEY,佐藤翔馬,,NAME_KEY_ONLY_UNVERIFIED_OFFICIAL_ID,"{""競馬場"":""福島"",""芝/ダ"":"""",""馬場状態"":"""",""条件クラス"":"""",""距離区分"":"""",""回り"":"""",""内外"":""""}",JOCKEY_COLUMNS,PARSED,,,,,,,,,,,,UNKNOWN,,,N,N,NOT_APPLICABLE,,,,,,NOT_APPLICABLE_NO_ROI,,,福島,,,,UNKNOWN,,BOOK_OR_UNSPECIFIED_ROI_SOURCE,roi_presence_raw と完全に1対1でROI記入の有無の言い換え。行の出所ではない,2,,,UNVERIFIED(表示基準日がページ間で不一致: トップ2026-08-16/使い方2026-05-17),(リスト列なし=騎手表),MISSING_ROI,NOT_AVAILABLE,原表と方式を入手するまで使用しない。原行は保持
rec_65f9e1ffe8e981146ae9d8d044e81e2a61248d3251ca9bb9552945d68f27def4,PRIMARY_JOCKEY,JockeyROI_連結済み_20260719_卍のみ_pre実測_backup.csv,139,JOCKEY,三浦皇成,,NAME_KEY_ONLY_UNVERIFIED_OFFICIAL_ID,"{""競馬場"":""福島"",""芝/ダ"":"""",""馬場状態"":"""",""条件クラス"":"""",""距離区分"":"""",""回り"":"""",""内外"":""""}",JOCKEY_COLUMNS,PARSED,,,,,,,,,,,WIN_ROI_PCT|PLACE_ROI_PCT|N_STARTS,UNKNOWN,サイト現行既定は「オッズ反比例の賭け金・固定払戻の意図」(WEB_DEFINITION)。CSV作成時点の方式である証明にはならない,EQUAL_STAKE|EQUAL_PAYOUT,Y,Y,YES_PUBLIC_SCOPE_UNRULED,87,,,,N_WEIGHTED_MEAN_OF_PCT: sum(ROI_i*n_i)/sum(n_i) を整数丸め,UNVERIFIED_AGGREGATION,LEGACY_JOCKEY_CODE,二重丸め(掲載値が整数%＋加重平均後に再度整数丸め),福島,,,,UNKNOWN,,DB_KEIBA,roi_presence_raw と完全に1対1でROI記入の有無の言い換え。行の出所ではない,5,,,UNVERIFIED(表示基準日がページ間で不一致: トップ2026-08-16/使い方2026-05-17),(リスト列なし=騎手表),,HOLD_MERGE+HOLD_METHOD+HOLD_ASOF+HOLD_ID,①購入方式の確定 ②分母(賭け金総額・払戻総額)の入手 ③加重平均の再現可否検証 ④場/距離/回りの重複排除
rec_597a82c454c1b52e320ef5dbbe3b845b44d3db5e8d23be68a38240032922a889,PRIMARY_JOCKEY,JockeyROI_連結済み_20260719_卍のみ_pre実測_backup.csv,140,JOCKEY,遠藤汰月,,NAME_KEY_ONLY_UNVERIFIED_OFFICIAL_ID,"{""競馬場"":""福島"",""芝/ダ"":"""",""馬場状態"":"""",""条件クラス"":"""",""距離区分"":"""",""回り"":"""",""内外"":""""}",JOCKEY_COLUMNS,PARSED,,,,,,,,,,,,UNKNOWN,,,N,N,NOT_APPLICABLE,,,,,,NOT_APPLICABLE_NO_ROI,,,福島,,,,UNKNOWN,,BOOK_OR_UNSPECIFIED_ROI_SOURCE,roi_presence_raw と完全に1対1でROI記入の有無の言い換え。行の出所ではない,16,,,UNVERIFIED(表示基準日がページ間で不一致: トップ2026-08-16/使い方2026-05-17),(リスト列なし=騎手表),MISSING_ROI,NOT_AVAILABLE,原表と方式を入手するまで使用しない。原行は保持
rec_ad3334291be700f74aa71a4233b654c44b1a8294b9d07991e6b3b23df9e5e9c3,PRIMARY_JOCKEY,JockeyROI_連結済み_20260719_卍のみ_pre実測_backup.csv,141,JOCKEY,石神深道,,NAME_KEY_ONLY_UNVERIFIED_OFFICIAL_ID,"{""競馬場"":""福島"",""芝/ダ"":"""",""馬場状態"":"""",""条件クラス"":"""",""距離区分"":"""",""回り"":"""",""内外"":""""}",JOCKEY_COLUMNS,PARSED,,,,,,,,,,,,UNKNOWN,,,N,N,NOT_APPLICABLE,,,,,,NOT_APPLICABLE_NO_ROI,,,福島,,,,UNKNOWN,,BOOK_OR_UNSPECIFIED_ROI_SOURCE,roi_presence_raw と完全に1対1でROI記入の有無の言い換え。行の出所ではない,13,,,UNVERIFIED(表示基準日がページ間で不一致: トップ2026-08-16/使い方2026-05-17),(リスト列なし=騎手表),MISSING_ROI,NOT_AVAILABLE,原表と方式を入手するまで使用しない。原行は保持
rec_fb6a03d086e9ee89152051f5e5b2fabdaf12f3477fe89678715ab25c31c23b98,PRIMARY_JOCKEY,JockeyROI_連結済み_20260719_卍のみ_pre実測_backup.csv,142,JOCKEY,水沼元輝,,NAME_KEY_ONLY_UNVERIFIED_OFFICIAL_ID,"{""競馬場"":""福島"",""芝/ダ"":"""",""馬場状態"":"""",""条件クラス"":"""",""距離区分"":"""",""回り"":"""",""内外"":""""}",JOCKEY_COLUMNS,PARSED,,,,,,,,,,,,UNKNOWN,,,N,N,NOT_APPLICABLE,,,,,,NOT_APPLICABLE_NO_ROI,,,福島,,,,UNKNOWN,,BOOK_OR_UNSPECIFIED_ROI_SOURCE,roi_presence_raw と完全に1対1でROI記入の有無の言い換え。行の出所ではない,4,,,UNVERIFIED(表示基準日がページ間で不一致: トップ2026-08-16/使い方2026-05-17),(リスト列なし=騎手表),MISSING_ROI,NOT_AVAILABLE,原表と方式を入手するまで使用しない。原行は保持
rec_432b41b31d513a461651fb74b2c7311a0e261e46c23c1eca43b8419b5935c54b,PRIMARY_JOCKEY,JockeyROI_連結済み_20260719_卍のみ_pre実測_backup.csv,143,JOCKEY,柴田裕一郎,,NAME_KEY_ONLY_UNVERIFIED_OFFICIAL_ID,"{""競馬場"":""福島"",""芝/ダ"":"""",""馬場状態"":"""",""条件クラス"":"""",""距離区分"":"""",""回り"":"""",""内外"":""""}",JOCKEY_COLUMNS,PARSED,,,,,,,,,,,,UNKNOWN,,,N,N,NOT_APPLICABLE,,,,,,NOT_APPLICABLE_NO_ROI,,,福島,,,,UNKNOWN,,BOOK_OR_UNSPECIFIED_ROI_SOURCE,roi_presence_raw と完全に1対1でROI記入の有無の言い換え。行の出所ではない,7,,,UNVERIFIED(表示基準日がページ間で不一致: トップ2026-08-16/使い方2026-05-17),(リスト列なし=騎手表),MISSING_ROI,NOT_AVAILABLE,原表と方式を入手するまで使用しない。原行は保持
rec_0865210ee2ecba9d01860b7b6b89503b32231f52c0fd33e6fd027505c9aae25b,PRIMARY_JOCKEY,JockeyROI_連結済み_20260719_卍のみ_pre実測_backup.csv,144,JOCKEY,菊沢一樹,,NAME_KEY_ONLY_UNVERIFIED_OFFICIAL_ID,"{""競馬場"":""新潟"",""芝/ダ"":"""",""馬場状態"":"""",""条件クラス"":"""",""距離区分"":"""",""回り"":"""",""内外"":""""}",JOCKEY_COLUMNS,PARSED,,,,,,,,,,,WIN_ROI_PCT|PLACE_ROI_PCT|N_STARTS,UNKNOWN,サイト現行既定は「オッズ反比例の賭け金・固定払戻の意図」(WEB_DEFINITION)。CSV作成時点の方式である証明にはならない,EQUAL_STAKE|EQUAL_PAYOUT,Y,Y,YES_PUBLIC_SCOPE_UNRULED,258,,,,N_WEIGHTED_MEAN_OF_PCT: sum(ROI_i*n_i)/sum(n_i) を整数丸め,UNVERIFIED_AGGREGATION,LEGACY_JOCKEY_CODE,二重丸め(掲載値が整数%＋加重平均後に再度整数丸め),新潟,,,,UNKNOWN,,DB_KEIBA,roi_presence_raw と完全に1対1でROI記入の有無の言い換え。行の出所ではない,10,,,UNVERIFIED(表示基準日がページ間で不一致: トップ2026-08-16/使い方2026-05-17),(リスト列なし=騎手表),,HOLD_MERGE+HOLD_METHOD+HOLD_ASOF+HOLD_ID,①購入方式の確定 ②分母(賭け金総額・払戻総額)の入手 ③加重平均の再現可否検証 ④場/距離/回りの重複排除
rec_78efefa1fbcd2c8cd418572af1aeb1162e414a9efc5005f313acd864c96b1a13,PRIMARY_JOCKEY,JockeyROI_連結済み_20260719_卍のみ_pre実測_backup.csv,145,JOCKEY,荻野極,,NAME_KEY_ONLY_UNVERIFIED_OFFICIAL_ID,"{""競馬場"":""新潟"",""芝/ダ"":"""",""馬場状態"":"""",""条件クラス"":"""",""距離区分"":"""",""回り"":"""",""内外"":""""}",JOCKEY_COLUMNS,PARSED,,,,,,,,,,,WIN_ROI_PCT|PLACE_ROI_PCT|N_STARTS,UNKNOWN,サイト現行既定は「オッズ反比例の賭け金・固定払戻の意図」(WEB_DEFINITION)。CSV作成時点の方式である証明にはならない,EQUAL_STAKE|EQUAL_PAYOUT,Y,Y,YES_PUBLIC_SCOPE_UNRULED,139,,,,N_WEIGHTED_MEAN_OF_PCT: sum(ROI_i*n_i)/sum(n_i) を整数丸め,UNVERIFIED_AGGREGATION,LEGACY_JOCKEY_CODE,二重丸め(掲載値が整数%＋加重平均後に再度整数丸め),新潟,,,,UNKNOWN,,DB_KEIBA,roi_presence_raw と完全に1対1でROI記入の有無の言い換え。行の出所ではない,4,,,UNVERIFIED(表示基準日がページ間で不一致: トップ2026-08-16/使い方2026-05-17),(リスト列なし=騎手表),,HOLD_MERGE+HOLD_METHOD+HOLD_ASOF+HOLD_ID,①購入方式の確定 ②分母(賭け金総額・払戻総額)の入手 ③加重平均の再現可否検証 ④場/距離/回りの重複排除
rec_cde3b90c381bf71221ac47de9e853624a99bc818b7b93dd48a4671700a6c619c,PRIMARY_JOCKEY,JockeyROI_連結済み_20260719_卍のみ_pre実測_backup.csv,146,JOCKEY,上里直汰,,NAME_KEY_ONLY_UNVERIFIED_OFFICIAL_ID,"{""競馬場"":""新潟"",""芝/ダ"":"""",""馬場状態"":"""",""条件クラス"":"""",""距離区分"":"""",""回り"":"""",""内外"":""""}",JOCKEY_COLUMNS,PARSED,,,,,,,,,,,,UNKNOWN,,,N,N,NOT_APPLICABLE,,,,,,NOT_APPLICABLE_NO_ROI,,,新潟,,,,UNKNOWN,,BOOK_OR_UNSPECIFIED_ROI_SOURCE,roi_presence_raw と完全に1対1でROI記入の有無の言い換え。行の出所ではない,6,,,UNVERIFIED(表示基準日がページ間で不一致: トップ2026-08-16/使い方2026-05-17),(リスト列なし=騎手表),MISSING_ROI,NOT_AVAILABLE,原表と方式を入手するまで使用しない。原行は保持
rec_ece6542386af27cf30988cb96ba44ac4d3e8f1a423d8a4c94036dd3ea43e860a,PRIMARY_JOCKEY,JockeyROI_連結済み_20260719_卍のみ_pre実測_backup.csv,147,JOCKEY,津村明秀,,NAME_KEY_ONLY_UNVERIFIED_OFFICIAL_ID,"{""競馬場"":""新潟"",""芝/ダ"":"""",""馬場状態"":"""",""条件クラス"":"""",""距離区分"":"""",""回り"":"""",""内外"":""""}",JOCKEY_COLUMNS,PARSED,,,,,,,,,,,WIN_ROI_PCT|PLACE_ROI_PCT|N_STARTS,UNKNOWN,サイト現行既定は「オッズ反比例の賭け金・固定払戻の意図」(WEB_DEFINITION)。CSV作成時点の方式である証明にはならない,EQUAL_STAKE|EQUAL_PAYOUT,Y,Y,YES_PUBLIC_SCOPE_UNRULED,437,,,,N_WEIGHTED_MEAN_OF_PCT: sum(ROI_i*n_i)/sum(n_i) を整数丸め,UNVERIFIED_AGGREGATION,LEGACY_JOCKEY_CODE,二重丸め(掲載値が整数%＋加重平均後に再度整数丸め),新潟,,,,UNKNOWN,,DB_KEIBA,roi_presence_raw と完全に1対1でROI記入の有無の言い換え。行の出所ではない,5,,,UNVERIFIED(表示基準日がページ間で不一致: トップ2026-08-16/使い方2026-05-17),(リスト列なし=騎手表),,HOLD_MERGE+HOLD_METHOD+HOLD_ASOF+HOLD_ID,①購入方式の確定 ②分母(賭け金総額・払戻総額)の入手 ③加重平均の再現可否検証 ④場/距離/回りの重複排除
rec_cc8b44e54fd76ca6529b941ea870c79393cb94458946edf6f669a24a6846b80b,PRIMARY_JOCKEY,JockeyROI_連結済み_20260719_卍のみ_pre実測_backup.csv,148,JOCKEY,鷲頭虎太,,NAME_KEY_ONLY_UNVERIFIED_OFFICIAL_ID,"{""競馬場"":""新潟"",""芝/ダ"":"""",""馬場状態"":"""",""条件クラス"":"""",""距離区分"":"""",""回り"":"""",""内外"":""""}",JOCKEY_COLUMNS,PARSED,,,,,,,,,,,,UNKNOWN,,,N,N,NOT_APPLICABLE,,,,,,NOT_APPLICABLE_NO_ROI,,,新潟,,,,UNKNOWN,,BOOK_OR_UNSPECIFIED_ROI_SOURCE,roi_presence_raw と完全に1対1でROI記入の有無の言い換え。行の出所ではない,9,,,UNVERIFIED(表示基準日がページ間で不一致: トップ2026-08-16/使い方2026-05-17),(リスト列なし=騎手表),MISSING_ROI,NOT_AVAILABLE,原表と方式を入手するまで使用しない。原行は保持
rec_16e48f9847746c0f28810e1d51fb55d23b4d12953d672684bdb4dcd40ec3e08b,PRIMARY_JOCKEY,JockeyROI_連結済み_20260719_卍のみ_pre実測_backup.csv,149,JOCKEY,国分恭介,,NAME_KEY_ONLY_UNVERIFIED_OFFICIAL_ID,"{""競馬場"":""新潟"",""芝/ダ"":"""",""馬場状態"":"""",""条件クラス"":"""",""距離区分"":"""",""回り"":"""",""内外"":""""}",JOCKEY_COLUMNS,PARSED,,,,,,,,,,,,UNKNOWN,,,N,N,NOT_APPLICABLE,,,,,,NOT_APPLICABLE_NO_ROI,,,新潟,,,,UNKNOWN,,BOOK_OR_UNSPECIFIED_ROI_SOURCE,roi_presence_raw と完全に1対1でROI記入の有無の言い換え。行の出所ではない,15,,,UNVERIFIED(表示基準日がページ間で不一致: トップ2026-08-16/使い方2026-05-17),(リスト列なし=騎手表),MISSING_ROI,NOT_AVAILABLE,原表と方式を入手するまで使用しない。原行は保持
rec_bcecc2ee892d42b47fdd0c290a509b9586f05ef0d9240cd53c1f690f2c3424b5,PRIMARY_JOCKEY,JockeyROI_連結済み_20260719_卍のみ_pre実測_backup.csv,150,JOCKEY,金子光希,,NAME_KEY_ONLY_UNVERIFIED_OFFICIAL_ID,"{""競馬場"":""新潟"",""芝/ダ"":"""",""馬場状態"":"""",""条件クラス"":"""",""距離区分"":"""",""回り"":"""",""内外"":""""}",JOCKEY_COLUMNS,PARSED,,,,,,,,,,,,UNKNOWN,,,N,N,NOT_APPLICABLE,,,,,,NOT_APPLICABLE_NO_ROI,,,新潟,,,,UNKNOWN,,BOOK_OR_UNSPECIFIED_ROI_SOURCE,roi_presence_raw と完全に1対1でROI記入の有無の言い換え。行の出所ではない,4,,,UNVERIFIED(表示基準日がページ間で不一致: トップ2026-08-16/使い方2026-05-17),(リスト列なし=騎手表),MISSING_ROI,NOT_AVAILABLE,原表と方式を入手するまで使用しない。原行は保持
rec_cbd44fa0358c6a011ff302aa43217205da530d1d02421e5b5393eae692fcb2b8,PRIMARY_JOCKEY,JockeyROI_連結済み_20260719_卍のみ_pre実測_backup.csv,151,JOCKEY,柴田裕一郎,,NAME_KEY_ONLY_UNVERIFIED_OFFICIAL_ID,"{""競馬場"":""新潟"",""芝/ダ"":"""",""馬場状態"":"""",""条件クラス"":"""",""距離区分"":"""",""回り"":"""",""内外"":""""}",JOCKEY_COLUMNS,PARSED,,,,,,,,,,,,UNKNOWN,,,N,N,NOT_APPLICABLE,,,,,,NOT_APPLICABLE_NO_ROI,,,新潟,,,,UNKNOWN,,BOOK_OR_UNSPECIFIED_ROI_SOURCE,roi_presence_raw と完全に1対1でROI記入の有無の言い換え。行の出所ではない,7,,,UNVERIFIED(表示基準日がページ間で不一致: トップ2026-08-16/使い方2026-05-17),(リスト列なし=騎手表),MISSING_ROI,NOT_AVAILABLE,原表と方式を入手するまで使用しない。原行は保持
rec_f0c4dbe8bdd06a1461c9e5e66bb14a6d7c9e2f8a3ac5f38a5546172acf056270,PRIMARY_JOCKEY,JockeyROI_連結済み_20260719_卍のみ_pre実測_backup.csv,152,JOCKEY,嶋田純次,,NAME_KEY_ONLY_UNVERIFIED_OFFICIAL_ID,"{""競馬場"":""新潟"",""芝/ダ"":"""",""馬場状態"":"""",""条件クラス"":"""",""距離区分"":"""",""回り"":"""",""内外"":""""}",JOCKEY_COLUMNS,PARSED,,,,,,,,,,,WIN_ROI_PCT|PLACE_ROI_PCT|N_STARTS,UNKNOWN,サイト現行既定は「オッズ反比例の賭け金・固定払戻の意図」(WEB_DEFINITION)。CSV作成時点の方式である証明にはならない,EQUAL_STAKE|EQUAL_PAYOUT,Y,Y,YES_PUBLIC_SCOPE_UNRULED,69,,,,N_WEIGHTED_MEAN_OF_PCT: sum(ROI_i*n_i)/sum(n_i) を整数丸め,UNVERIFIED_AGGREGATION,LEGACY_JOCKEY_CODE,二重丸め(掲載値が整数%＋加重平均後に再度整数丸め),新潟,,,,UNKNOWN,,DB_KEIBA,roi_presence_raw と完全に1対1でROI記入の有無の言い換え。行の出所ではない,5,,,UNVERIFIED(表示基準日がページ間で不一致: トップ2026-08-16/使い方2026-05-17),(リスト列なし=騎手表),,HOLD_MERGE+HOLD_METHOD+HOLD_ASOF+HOLD_ID,①購入方式の確定 ②分母(賭け金総額・払戻総額)の入手 ③加重平均の再現可否検証 ④場/距離/回りの重複排除
rec_71dff04a0cb8ec2ffde54ab9ad2e245e3cce35de306ac2d9827a6fa48fc71261,PRIMARY_JOCKEY,JockeyROI_連結済み_20260719_卍のみ_pre実測_backup.csv,153,JOCKEY,丸山元気,,NAME_KEY_ONLY_UNVERIFIED_OFFICIAL_ID,"{""競馬場"":""新潟"",""芝/ダ"":"""",""馬場状態"":"""",""条件クラス"":"""",""距離区分"":"""",""回り"":"""",""内外"":""""}",JOCKEY_COLUMNS,PARSED,,,,,,,,,,,WIN_ROI_PCT|PLACE_ROI_PCT|N_STARTS,UNKNOWN,サイト現行既定は「オッズ反比例の賭け金・固定払戻の意図」(WEB_DEFINITION)。CSV作成時点の方式である証明にはならない,EQUAL_STAKE|EQUAL_PAYOUT,Y,Y,YES_PUBLIC_SCOPE_UNRULED,234,,,,N_WEIGHTED_MEAN_OF_PCT: sum(ROI_i*n_i)/sum(n_i) を整数丸め,UNVERIFIED_AGGREGATION,LEGACY_JOCKEY_CODE,二重丸め(掲載値が整数%＋加重平均後に再度整数丸め),新潟,,,,UNKNOWN,,DB_KEIBA,roi_presence_raw と完全に1対1でROI記入の有無の言い換え。行の出所ではない,2,,,UNVERIFIED(表示基準日がページ間で不一致: トップ2026-08-16/使い方2026-05-17),(リスト列なし=騎手表),,HOLD_MERGE+HOLD_METHOD+HOLD_ASOF+HOLD_ID,①購入方式の確定 ②分母(賭け金総額・払戻総額)の入手 ③加重平均の再現可否検証 ④場/距離/回りの重複排除
rec_cbc8a618e0fa121b2636f8d0b1a89ee179ec1922944bbc0531017235305d8362,PRIMARY_JOCKEY,JockeyROI_連結済み_20260719_卍のみ_pre実測_backup.csv,154,JOCKEY,石神深道,,NAME_KEY_ONLY_UNVERIFIED_OFFICIAL_ID,"{""競馬場"":""新潟"",""芝/ダ"":"""",""馬場状態"":"""",""条件クラス"":"""",""距離区分"":"""",""回り"":"""",""内外"":""""}",JOCKEY_COLUMNS,PARSED,,,,,,,,,,,,UNKNOWN,,,N,N,NOT_APPLICABLE,,,,,,NOT_APPLICABLE_NO_ROI,,,新潟,,,,UNKNOWN,,BOOK_OR_UNSPECIFIED_ROI_SOURCE,roi_presence_raw と完全に1対1でROI記入の有無の言い換え。行の出所ではない,13,,,UNVERIFIED(表示基準日がページ間で不一致: トップ2026-08-16/使い方2026-05-17),(リスト列なし=騎手表),MISSING_ROI,NOT_AVAILABLE,原表と方式を入手するまで使用しない。原行は保持
rec_3e1b5436151357f54d42c19a86fa5f8c4efe9d47bdbf76debeb00a2358c6ea76,PRIMARY_JOCKEY,JockeyROI_連結済み_20260719_卍のみ_pre実測_backup.csv,155,JOCKEY,小沢大仁,,NAME_KEY_ONLY_UNVERIFIED_OFFICIAL_ID,"{""競馬場"":""新潟"",""芝/ダ"":"""",""馬場状態"":"""",""条件クラス"":"""",""距離区分"":"""",""回り"":"""",""内外"":""""}",JOCKEY_COLUMNS,PARSED,,,,,,,,,,,WIN_ROI_PCT|PLACE_ROI_PCT|N_STARTS,UNKNOWN,サイト現行既定は「オッズ反比例の賭け金・固定払戻の意図」(WEB_DEFINITION)。CSV作成時点の方式である証明にはならない,EQUAL_STAKE|EQUAL_PAYOUT,Y,Y,YES_PUBLIC_SCOPE_UNRULED,5,,,,N_WEIGHTED_MEAN_OF_PCT: sum(ROI_i*n_i)/sum(n_i) を整数丸め,UNVERIFIED_AGGREGATION,LEGACY_JOCKEY_CODE,二重丸め(掲載値が整数%＋加重平均後に再度整数丸め),新潟,,,,UNKNOWN,,DB_KEIBA,roi_presence_raw と完全に1対1でROI記入の有無の言い換え。行の出所ではない,9,,,UNVERIFIED(表示基準日がページ間で不一致: トップ2026-08-16/使い方2026-05-17),(リスト列なし=騎手表),,HOLD_MERGE+HOLD_METHOD+HOLD_ASOF+HOLD_ID,①購入方式の確定 ②分母(賭け金総額・払戻総額)の入手 ③加重平均の再現可否検証 ④場/距離/回りの重複排除
rec_1fa7f4ef3adc71bb25b65d0461f974076b022a49d31a8e0f1daa612771e363ff,PRIMARY_JOCKEY,JockeyROI_連結済み_20260719_卍のみ_pre実測_backup.csv,156,JOCKEY,遠藤汰月,,NAME_KEY_ONLY_UNVERIFIED_OFFICIAL_ID,"{""競馬場"":""新潟"",""芝/ダ"":"""",""馬場状態"":"""",""条件クラス"":"""",""距離区分"":"""",""回り"":"""",""内外"":""""}",JOCKEY_COLUMNS,PARSED,,,,,,,,,,,,UNKNOWN,,,N,N,NOT_APPLICABLE,,,,,,NOT_APPLICABLE_NO_ROI,,,新潟,,,,UNKNOWN,,BOOK_OR_UNSPECIFIED_ROI_SOURCE,roi_presence_raw と完全に1対1でROI記入の有無の言い換え。行の出所ではない,16,,,UNVERIFIED(表示基準日がページ間で不一致: トップ2026-08-16/使い方2026-05-17),(リスト列なし=騎手表),MISSING_ROI,NOT_AVAILABLE,原表と方式を入手するまで使用しない。原行は保持
rec_c5949dbe4f8e038a27d65c7e9157649a98ff4bd0fadd14f0319e0cfb8ec25563,PRIMARY_JOCKEY,JockeyROI_連結済み_20260719_卍のみ_pre実測_backup.csv,157,JOCKEY,長浜鴻緒,,NAME_KEY_ONLY_UNVERIFIED_OFFICIAL_ID,"{""競馬場"":""東京"",""芝/ダ"":"""",""馬場状態"":"""",""条件クラス"":"""",""距離区分"":"""",""回り"":"""",""内外"":""""}",JOCKEY_COLUMNS,PARSED,,,,,,,,,,,,UNKNOWN,,,N,N,NOT_APPLICABLE,,,,,,NOT_APPLICABLE_NO_ROI,,,東京,,,,UNKNOWN,,BOOK_OR_UNSPECIFIED_ROI_SOURCE,roi_presence_raw と完全に1対1でROI記入の有無の言い換え。行の出所ではない,8,,,UNVERIFIED(表示基準日がページ間で不一致: トップ2026-08-16/使い方2026-05-17),(リスト列なし=騎手表),MISSING_ROI,NOT_AVAILABLE,原表と方式を入手するまで使用しない。原行は保持
rec_287a652b9dae70eb1112de18fcee334dd0364358c9f2a46dda0bd0d01997a0e9,PRIMARY_JOCKEY,JockeyROI_連結済み_20260719_卍のみ_pre実測_backup.csv,158,JOCKEY,嶋田純次,,NAME_KEY_ONLY_UNVERIFIED_OFFICIAL_ID,"{""競馬場"":""東京"",""芝/ダ"":"""",""馬場状態"":"""",""条件クラス"":"""",""距離区分"":"""",""回り"":"""",""内外"":""""}",JOCKEY_COLUMNS,PARSED,,,,,,,,,,,,UNKNOWN,,,N,N,NOT_APPLICABLE,,,,,,NOT_APPLICABLE_NO_ROI,,,東京,,,,UNKNOWN,,BOOK_OR_UNSPECIFIED_ROI_SOURCE,roi_presence_raw と完全に1対1でROI記入の有無の言い換え。行の出所ではない,5,,,UNVERIFIED(表示基準日がページ間で不一致: トップ2026-08-16/使い方2026-05-17),(リスト列なし=騎手表),MISSING_ROI,NOT_AVAILABLE,原表と方式を入手するまで使用しない。原行は保持
rec_d0827440dd4f11bacc21be01c3ea9fa14635c633783f7b6bc4c7aaca3a4f12b6,PRIMARY_JOCKEY,JockeyROI_連結済み_20260719_卍のみ_pre実測_backup.csv,159,JOCKEY,川端海翼,,NAME_KEY_ONLY_UNVERIFIED_OFFICIAL_ID,"{""競馬場"":""東京"",""芝/ダ"":"""",""馬場状態"":"""",""条件クラス"":"""",""距離区分"":"""",""回り"":"""",""内外"":""""}",JOCKEY_COLUMNS,PARSED,,,,,,,,,,,,UNKNOWN,,,N,N,NOT_APPLICABLE,,,,,,NOT_APPLICABLE_NO_ROI,,,東京,,,,UNKNOWN,,BOOK_OR_UNSPECIFIED_ROI_SOURCE,roi_presence_raw と完全に1対1でROI記入の有無の言い換え。行の出所ではない,6,,,UNVERIFIED(表示基準日がページ間で不一致: トップ2026-08-16/使い方2026-05-17),(リスト列なし=騎手表),MISSING_ROI,NOT_AVAILABLE,原表と方式を入手するまで使用しない。原行は保持
rec_802015adca6b2ad942d846ad516e4950dbe857b003414e05708d537f71b84d5e,PRIMARY_JOCKEY,JockeyROI_連結済み_20260719_卍のみ_pre実測_backup.csv,160,JOCKEY,団野大成,,NAME_KEY_ONLY_UNVERIFIED_OFFICIAL_ID,"{""競馬場"":""東京"",""芝/ダ"":"""",""馬場状態"":"""",""条件クラス"":"""",""距離区分"":"""",""回り"":"""",""内外"":""""}",JOCKEY_COLUMNS,PARSED,,,,,,,,,,,,UNKNOWN,,,N,N,NOT_APPLICABLE,,,,,,NOT_APPLICABLE_NO_ROI,,,東京,,,,UNKNOWN,,BOOK_OR_UNSPECIFIED_ROI_SOURCE,roi_presence_raw と完全に1対1でROI記入の有無の言い換え。行の出所ではない,7,,,UNVERIFIED(表示基準日がページ間で不一致: トップ2026-08-16/使い方2026-05-17),(リスト列なし=騎手表),MISSING_ROI,NOT_AVAILABLE,原表と方式を入手するまで使用しない。原行は保持
rec_496649e024733bddd2c5e8e65963df3dc229728928686e3d17e6e2adb5d64160,PRIMARY_JOCKEY,JockeyROI_連結済み_20260719_卍のみ_pre実測_backup.csv,161,JOCKEY,菅原明良,,NAME_KEY_ONLY_UNVERIFIED_OFFICIAL_ID,"{""競馬場"":""東京"",""芝/ダ"":"""",""馬場状態"":"""",""条件クラス"":"""",""距離区分"":"""",""回り"":"""",""内外"":""""}",JOCKEY_COLUMNS,PARSED,,,,,,,,,,,WIN_ROI_PCT|PLACE_ROI_PCT|N_STARTS,UNKNOWN,サイト現行既定は「オッズ反比例の賭け金・固定払戻の意図」(WEB_DEFINITION)。CSV作成時点の方式である証明にはならない,EQUAL_STAKE|EQUAL_PAYOUT,Y,Y,YES_PUBLIC_SCOPE_UNRULED,1193,,,,N_WEIGHTED_MEAN_OF_PCT: sum(ROI_i*n_i)/sum(n_i) を整数丸め,UNVERIFIED_AGGREGATION,LEGACY_JOCKEY_CODE,二重丸め(掲載値が整数%＋加重平均後に再度整数丸め),東京,,,,UNKNOWN,,DB_KEIBA,roi_presence_raw と完全に1対1でROI記入の有無の言い換え。行の出所ではない,5,,,UNVERIFIED(表示基準日がページ間で不一致: トップ2026-08-16/使い方2026-05-17),(リスト列なし=騎手表),,HOLD_MERGE+HOLD_METHOD+HOLD_ASOF+HOLD_ID,①購入方式の確定 ②分母(賭け金総額・払戻総額)の入手 ③加重平均の再現可否検証 ④場/距離/回りの重複排除
rec_06a852736cd79bd55c558b23f4efa4c6847c8cab3cffb6ddea8701a67bf6f063,PRIMARY_JOCKEY,JockeyROI_連結済み_20260719_卍のみ_pre実測_backup.csv,162,JOCKEY,木幡巧也,,NAME_KEY_ONLY_UNVERIFIED_OFFICIAL_ID,"{""競馬場"":""東京"",""芝/ダ"":"""",""馬場状態"":"""",""条件クラス"":"""",""距離区分"":"""",""回り"":"""",""内外"":""""}",JOCKEY_COLUMNS,PARSED,,,,,,,,,,,WIN_ROI_PCT|PLACE_ROI_PCT|N_STARTS,UNKNOWN,サイト現行既定は「オッズ反比例の賭け金・固定払戻の意図」(WEB_DEFINITION)。CSV作成時点の方式である証明にはならない,EQUAL_STAKE|EQUAL_PAYOUT,Y,Y,YES_PUBLIC_SCOPE_UNRULED,187,,,,N_WEIGHTED_MEAN_OF_PCT: sum(ROI_i*n_i)/sum(n_i) を整数丸め,UNVERIFIED_AGGREGATION,LEGACY_JOCKEY_CODE,二重丸め(掲載値が整数%＋加重平均後に再度整数丸め),東京,,,,UNKNOWN,,DB_KEIBA,roi_presence_raw と完全に1対1でROI記入の有無の言い換え。行の出所ではない,3,,,UNVERIFIED(表示基準日がページ間で不一致: トップ2026-08-16/使い方2026-05-17),(リスト列なし=騎手表),,HOLD_MERGE+HOLD_METHOD+HOLD_ASOF+HOLD_ID,①購入方式の確定 ②分母(賭け金総額・払戻総額)の入手 ③加重平均の再現可否検証 ④場/距離/回りの重複排除
rec_e346c1f64a344cfa3d41113b3814ee301ecec81fe6edbce12beaff1c1bb15956,PRIMARY_JOCKEY,JockeyROI_連結済み_20260719_卍のみ_pre実測_backup.csv,163,JOCKEY,小崎綾也,,NAME_KEY_ONLY_UNVERIFIED_OFFICIAL_ID,"{""競馬場"":""東京"",""芝/ダ"":"""",""馬場状態"":"""",""条件クラス"":"""",""距離区分"":"""",""回り"":"""",""内外"":""""}",JOCKEY_COLUMNS,PARSED,,,,,,,,,,,,UNKNOWN,,,N,N,NOT_APPLICABLE,,,,,,NOT_APPLICABLE_NO_ROI,,,東京,,,,UNKNOWN,,BOOK_OR_UNSPECIFIED_ROI_SOURCE,roi_presence_raw と完全に1対1でROI記入の有無の言い換え。行の出所ではない,3,,,UNVERIFIED(表示基準日がページ間で不一致: トップ2026-08-16/使い方2026-05-17),(リスト列なし=騎手表),MISSING_ROI,NOT_AVAILABLE,原表と方式を入手するまで使用しない。原行は保持
rec_43ee4a3ad5b3186a0ba51a46376d4d25f839ed854560923518b5dfc45e5440b7,PRIMARY_JOCKEY,JockeyROI_連結済み_20260719_卍のみ_pre実測_backup.csv,164,JOCKEY,C.ルメール,,NAME_KEY_ONLY_UNVERIFIED_OFFICIAL_ID,"{""競馬場"":""東京"",""芝/ダ"":"""",""馬場状態"":"""",""条件クラス"":"""",""距離区分"":"""",""回り"":"""",""内外"":""""}",JOCKEY_COLUMNS,PARSED,,,,,,,,,,,,UNKNOWN,,,N,N,NOT_APPLICABLE,,,,,,NOT_APPLICABLE_NO_ROI,,,東京,,,,UNKNOWN,,BOOK_OR_UNSPECIFIED_ROI_SOURCE,roi_presence_raw と完全に1対1でROI記入の有無の言い換え。行の出所ではない,1,,,UNVERIFIED(表示基準日がページ間で不一致: トップ2026-08-16/使い方2026-05-17),(リスト列なし=騎手表),MISSING_ROI,NOT_AVAILABLE,原表と方式を入手するまで使用しない。原行は保持
rec_7e27cfa4c50078992a4725f8b995fb249ce7016dd9ee4b6d43b982363e986472,PRIMARY_JOCKEY,JockeyROI_連結済み_20260719_卍のみ_pre実測_backup.csv,165,JOCKEY,三浦皇成,,NAME_KEY_ONLY_UNVERIFIED_OFFICIAL_ID,"{""競馬場"":""東京"",""芝/ダ"":"""",""馬場状態"":"""",""条件クラス"":"""",""距離区分"":"""",""回り"":"""",""内外"":""""}",JOCKEY_COLUMNS,PARSED,,,,,,,,,,,WIN_ROI_PCT|PLACE_ROI_PCT|N_STARTS,UNKNOWN,サイト現行既定は「オッズ反比例の賭け金・固定払戻の意図」(WEB_DEFINITION)。CSV作成時点の方式である証明にはならない,EQUAL_STAKE|EQUAL_PAYOUT,Y,Y,YES_PUBLIC_SCOPE_UNRULED,1080,,,,N_WEIGHTED_MEAN_OF_PCT: sum(ROI_i*n_i)/sum(n_i) を整数丸め,UNVERIFIED_AGGREGATION,LEGACY_JOCKEY_CODE,二重丸め(掲載値が整数%＋加重平均後に再度整数丸め),東京,,,,UNKNOWN,,DB_KEIBA,roi_presence_raw と完全に1対1でROI記入の有無の言い換え。行の出所ではない,5,,,UNVERIFIED(表示基準日がページ間で不一致: トップ2026-08-16/使い方2026-05-17),(リスト列なし=騎手表),,HOLD_MERGE+HOLD_METHOD+HOLD_ASOF+HOLD_ID,①購入方式の確定 ②分母(賭け金総額・払戻総額)の入手 ③加重平均の再現可否検証 ④場/距離/回りの重複排除
rec_d09ed439b09fb091a395d9421c7007609eeff3bc1dc12a3c3cf1b5c8e8df5c24,PRIMARY_JOCKEY,JockeyROI_連結済み_20260719_卍のみ_pre実測_backup.csv,166,JOCKEY,北村宏司,,NAME_KEY_ONLY_UNVERIFIED_OFFICIAL_ID,"{""競馬場"":""東京"",""芝/ダ"":"""",""馬場状態"":"""",""条件クラス"":"""",""距離区分"":"""",""回り"":"""",""内外"":""""}",JOCKEY_COLUMNS,PARSED,,,,,,,,,,,WIN_ROI_PCT|PLACE_ROI_PCT|N_STARTS,UNKNOWN,サイト現行既定は「オッズ反比例の賭け金・固定払戻の意図」(WEB_DEFINITION)。CSV作成時点の方式である証明にはならない,EQUAL_STAKE|EQUAL_PAYOUT,Y,Y,YES_PUBLIC_SCOPE_UNRULED,70,,,,N_WEIGHTED_MEAN_OF_PCT: sum(ROI_i*n_i)/sum(n_i) を整数丸め,UNVERIFIED_AGGREGATION,LEGACY_JOCKEY_CODE,二重丸め(掲載値が整数%＋加重平均後に再度整数丸め),東京,,,,UNKNOWN,,DB_KEIBA,roi_presence_raw と完全に1対1でROI記入の有無の言い換え。行の出所ではない,2,,,UNVERIFIED(表示基準日がページ間で不一致: トップ2026-08-16/使い方2026-05-17),(リスト列なし=騎手表),,HOLD_MERGE+HOLD_METHOD+HOLD_ASOF+HOLD_ID,①購入方式の確定 ②分母(賭け金総額・払戻総額)の入手 ③加重平均の再現可否検証 ④場/距離/回りの重複排除
rec_d39842894c83c0d2ff3531545dfe06db58c31c3d9691e968e8fa75c6ebcf88ac,PRIMARY_JOCKEY,JockeyROI_連結済み_20260719_卍のみ_pre実測_backup.csv,167,JOCKEY,遠藤汰月,,NAME_KEY_ONLY_UNVERIFIED_OFFICIAL_ID,"{""競馬場"":""東京"",""芝/ダ"":"""",""馬場状態"":"""",""条件クラス"":"""",""距離区分"":"""",""回り"":"""",""内外"":""""}",JOCKEY_COLUMNS,PARSED,,,,,,,,,,,,UNKNOWN,,,N,N,NOT_APPLICABLE,,,,,,NOT_APPLICABLE_NO_ROI,,,東京,,,,UNKNOWN,,BOOK_OR_UNSPECIFIED_ROI_SOURCE,roi_presence_raw と完全に1対1でROI記入の有無の言い換え。行の出所ではない,16,,,UNVERIFIED(表示基準日がページ間で不一致: トップ2026-08-16/使い方2026-05-17),(リスト列なし=騎手表),MISSING_ROI,NOT_AVAILABLE,原表と方式を入手するまで使用しない。原行は保持
rec_b34e6d8127062383cc94531a33d075e84624dfd38162d01b46a07a041043a190,PRIMARY_JOCKEY,JockeyROI_連結済み_20260719_卍のみ_pre実測_backup.csv,168,JOCKEY,柴田大知,,NAME_KEY_ONLY_UNVERIFIED_OFFICIAL_ID,"{""競馬場"":""東京"",""芝/ダ"":"""",""馬場状態"":"""",""条件クラス"":"""",""距離区分"":"""",""回り"":"""",""内外"":""""}",JOCKEY_COLUMNS,PARSED,,,,,,,,,,,,UNKNOWN,,,N,N,NOT_APPLICABLE,,,,,,NOT_APPLICABLE_NO_ROI,,,東京,,,,UNKNOWN,,BOOK_OR_UNSPECIFIED_ROI_SOURCE,roi_presence_raw と完全に1対1でROI記入の有無の言い換え。行の出所ではない,1,,,UNVERIFIED(表示基準日がページ間で不一致: トップ2026-08-16/使い方2026-05-17),(リスト列なし=騎手表),MISSING_ROI,NOT_AVAILABLE,原表と方式を入手するまで使用しない。原行は保持
rec_bf4a0548566423bd0dd90e962813c0d335e41e86ca94953db75e253b268ad1e7,PRIMARY_JOCKEY,JockeyROI_連結済み_20260719_卍のみ_pre実測_backup.csv,169,JOCKEY,横山武史,,NAME_KEY_ONLY_UNVERIFIED_OFFICIAL_ID,"{""競馬場"":""東京"",""芝/ダ"":"""",""馬場状態"":"""",""条件クラス"":"""",""距離区分"":"""",""回り"":"""",""内外"":""""}",JOCKEY_COLUMNS,PARSED,,,,,,,,,,,WIN_ROI_PCT|PLACE_ROI_PCT|N_STARTS,UNKNOWN,サイト現行既定は「オッズ反比例の賭け金・固定払戻の意図」(WEB_DEFINITION)。CSV作成時点の方式である証明にはならない,EQUAL_STAKE|EQUAL_PAYOUT,Y,Y,YES_PUBLIC_SCOPE_UNRULED,1295,,,,N_WEIGHTED_MEAN_OF_PCT: sum(ROI_i*n_i)/sum(n_i) を整数丸め,UNVERIFIED_AGGREGATION,LEGACY_JOCKEY_CODE,二重丸め(掲載値が整数%＋加重平均後に再度整数丸め),東京,,,,UNKNOWN,,DB_KEIBA,roi_presence_raw と完全に1対1でROI記入の有無の言い換え。行の出所ではない,2,,,UNVERIFIED(表示基準日がページ間で不一致: トップ2026-08-16/使い方2026-05-17),(リスト列なし=騎手表),,HOLD_MERGE+HOLD_METHOD+HOLD_ASOF+HOLD_ID,①購入方式の確定 ②分母(賭け金総額・払戻総額)の入手 ③加重平均の再現可否検証 ④場/距離/回りの重複排除
rec_60708f9ff18fe74dc4162727ab0c505a8cd0fbdd54a5857da8c93cd43d2cf187,PRIMARY_JOCKEY,JockeyROI_連結済み_20260719_卍のみ_pre実測_backup.csv,170,JOCKEY,長浜鴻緒,,NAME_KEY_ONLY_UNVERIFIED_OFFICIAL_ID,"{""競馬場"":""中山"",""芝/ダ"":"""",""馬場状態"":"""",""条件クラス"":"""",""距離区分"":"""",""回り"":"""",""内外"":""""}",JOCKEY_COLUMNS,PARSED,,,,,,,,,,,,UNKNOWN,,,N,N,NOT_APPLICABLE,,,,,,NOT_APPLICABLE_NO_ROI,,,中山,,,,UNKNOWN,,BOOK_OR_UNSPECIFIED_ROI_SOURCE,roi_presence_raw と完全に1対1でROI記入の有無の言い換え。行の出所ではない,8,,,UNVERIFIED(表示基準日がページ間で不一致: トップ2026-08-16/使い方2026-05-17),(リスト列なし=騎手表),MISSING_ROI,NOT_AVAILABLE,原表と方式を入手するまで使用しない。原行は保持
rec_877b214697993de8bbcf7dd953dc5d6c5a2adda430b57ae0d7105faf44ee304c,PRIMARY_JOCKEY,JockeyROI_連結済み_20260719_卍のみ_pre実測_backup.csv,171,JOCKEY,丸田恭介,,NAME_KEY_ONLY_UNVERIFIED_OFFICIAL_ID,"{""競馬場"":""中山"",""芝/ダ"":"""",""馬場状態"":"""",""条件クラス"":"""",""距離区分"":"""",""回り"":"""",""内外"":""""}",JOCKEY_COLUMNS,PARSED,,,,,,,,,,,,UNKNOWN,,,N,N,NOT_APPLICABLE,,,,,,NOT_APPLICABLE_NO_ROI,,,中山,,,,UNKNOWN,,BOOK_OR_UNSPECIFIED_ROI_SOURCE,roi_presence_raw と完全に1対1でROI記入の有無の言い換え。行の出所ではない,3,,,UNVERIFIED(表示基準日がページ間で不一致: トップ2026-08-16/使い方2026-05-17),(リスト列なし=騎手表),MISSING_ROI,NOT_AVAILABLE,原表と方式を入手するまで使用しない。原行は保持
rec_fb1efd7b2997029e606ce80e410c08e706fe1b5ab5d829a9f10473a9a981fd2f,PRIMARY_JOCKEY,JockeyROI_連結済み_20260719_卍のみ_pre実測_backup.csv,172,JOCKEY,佐藤翔馬,,NAME_KEY_ONLY_UNVERIFIED_OFFICIAL_ID,"{""競馬場"":""中山"",""芝/ダ"":"""",""馬場状態"":"""",""条件クラス"":"""",""距離区分"":"""",""回り"":"""",""内外"":""""}",JOCKEY_COLUMNS,PARSED,,,,,,,,,,,,UNKNOWN,,,N,N,NOT_APPLICABLE,,,,,,NOT_APPLICABLE_NO_ROI,,,中山,,,,UNKNOWN,,BOOK_OR_UNSPECIFIED_ROI_SOURCE,roi_presence_raw と完全に1対1でROI記入の有無の言い換え。行の出所ではない,2,,,UNVERIFIED(表示基準日がページ間で不一致: トップ2026-08-16/使い方2026-05-17),(リスト列なし=騎手表),MISSING_ROI,NOT_AVAILABLE,原表と方式を入手するまで使用しない。原行は保持
rec_0264e06a450a7f63be51f4472ba630429209fc7ec7bd3caa0ac9f2018ada7788,PRIMARY_JOCKEY,JockeyROI_連結済み_20260719_卍のみ_pre実測_backup.csv,173,JOCKEY,石神深道,,NAME_KEY_ONLY_UNVERIFIED_OFFICIAL_ID,"{""競馬場"":""中山"",""芝/ダ"":"""",""馬場状態"":"""",""条件クラス"":"""",""距離区分"":"""",""回り"":"""",""内外"":""""}",JOCKEY_COLUMNS,PARSED,,,,,,,,,,,,UNKNOWN,,,N,N,NOT_APPLICABLE,,,,,,NOT_APPLICABLE_NO_ROI,,,中山,,,,UNKNOWN,,BOOK_OR_UNSPECIFIED_ROI_SOURCE,roi_presence_raw と完全に1対1でROI記入の有無の言い換え。行の出所ではない,13,,,UNVERIFIED(表示基準日がページ間で不一致: トップ2026-08-16/使い方2026-05-17),(リスト列なし=騎手表),MISSING_ROI,NOT_AVAILABLE,原表と方式を入手するまで使用しない。原行は保持
rec_684b03d8f9684a2f9e77d04f9eb099d8c76a7a4744a4e8370ab181bd23647498,PRIMARY_JOCKEY,JockeyROI_連結済み_20260719_卍のみ_pre実測_backup.csv,174,JOCKEY,内田博幸,,NAME_KEY_ONLY_UNVERIFIED_OFFICIAL_ID,"{""競馬場"":""中山"",""芝/ダ"":"""",""馬場状態"":"""",""条件クラス"":"""",""距離区分"":"""",""回り"":"""",""内外"":""""}",JOCKEY_COLUMNS,PARSED,,,,,,,,,,,WIN_ROI_PCT|PLACE_ROI_PCT|N_STARTS,UNKNOWN,サイト現行既定は「オッズ反比例の賭け金・固定払戻の意図」(WEB_DEFINITION)。CSV作成時点の方式である証明にはならない,EQUAL_STAKE|EQUAL_PAYOUT,Y,Y,YES_PUBLIC_SCOPE_UNRULED,28,,,,N_WEIGHTED_MEAN_OF_PCT: sum(ROI_i*n_i)/sum(n_i) を整数丸め,UNVERIFIED_AGGREGATION,LEGACY_JOCKEY_CODE,二重丸め(掲載値が整数%＋加重平均後に再度整数丸め),中山,,,,UNKNOWN,,DB_KEIBA,roi_presence_raw と完全に1対1でROI記入の有無の言い換え。行の出所ではない,3,,,UNVERIFIED(表示基準日がページ間で不一致: トップ2026-08-16/使い方2026-05-17),(リスト列なし=騎手表),,HOLD_MERGE+HOLD_METHOD+HOLD_ASOF+HOLD_ID,①購入方式の確定 ②分母(賭け金総額・払戻総額)の入手 ③加重平均の再現可否検証 ④場/距離/回りの重複排除
rec_4782c4e595736685d823206c7604c58aae50c38f2ea9fde78ab7d2c58baea8c8,PRIMARY_JOCKEY,JockeyROI_連結済み_20260719_卍のみ_pre実測_backup.csv,175,JOCKEY,藤岡佑介,,NAME_KEY_ONLY_UNVERIFIED_OFFICIAL_ID,"{""競馬場"":""中山"",""芝/ダ"":"""",""馬場状態"":"""",""条件クラス"":"""",""距離区分"":"""",""回り"":"""",""内外"":""""}",JOCKEY_COLUMNS,PARSED,,,,,,,,,,,,UNKNOWN,,,N,N,NOT_APPLICABLE,,,,,,NOT_APPLICABLE_NO_ROI,,,中山,,,,UNKNOWN,,BOOK_OR_UNSPECIFIED_ROI_SOURCE,roi_presence_raw と完全に1対1でROI記入の有無の言い換え。行の出所ではない,4,,,UNVERIFIED(表示基準日がページ間で不一致: トップ2026-08-16/使い方2026-05-17),(リスト列なし=騎手表),MISSING_ROI,NOT_AVAILABLE,原表と方式を入手するまで使用しない。原行は保持
rec_130853df77b6d2f1baa837c84501c02e244c8d5afffb5e57efd35a2f96ddea7b,PRIMARY_JOCKEY,JockeyROI_連結済み_20260719_卍のみ_pre実測_backup.csv,176,JOCKEY,松岡正海,,NAME_KEY_ONLY_UNVERIFIED_OFFICIAL_ID,"{""競馬場"":""中山"",""芝/ダ"":"""",""馬場状態"":"""",""条件クラス"":"""",""距離区分"":"""",""回り"":"""",""内外"":""""}",JOCKEY_COLUMNS,PARSED,,,,,,,,,,,WIN_ROI_PCT|PLACE_ROI_PCT|N_STARTS,UNKNOWN,サイト現行既定は「オッズ反比例の賭け金・固定払戻の意図」(WEB_DEFINITION)。CSV作成時点の方式である証明にはならない,EQUAL_STAKE|EQUAL_PAYOUT,Y,Y,YES_PUBLIC_SCOPE_UNRULED,3,,,,N_WEIGHTED_MEAN_OF_PCT: sum(ROI_i*n_i)/sum(n_i) を整数丸め,UNVERIFIED_AGGREGATION,LEGACY_JOCKEY_CODE,二重丸め(掲載値が整数%＋加重平均後に再度整数丸め),中山,,,,UNKNOWN,,DB_KEIBA,roi_presence_raw と完全に1対1でROI記入の有無の言い換え。行の出所ではない,3,,,UNVERIFIED(表示基準日がページ間で不一致: トップ2026-08-16/使い方2026-05-17),(リスト列なし=騎手表),,HOLD_MERGE+HOLD_METHOD+HOLD_ASOF+HOLD_ID,①購入方式の確定 ②分母(賭け金総額・払戻総額)の入手 ③加重平均の再現可否検証 ④場/距離/回りの重複排除
rec_17d814a6cfb5835fdee3ce8f1ee02bd0a06114b0448b87a8953434e684e14b97,PRIMARY_JOCKEY,JockeyROI_連結済み_20260719_卍のみ_pre実測_backup.csv,177,JOCKEY,黛弘人,,NAME_KEY_ONLY_UNVERIFIED_OFFICIAL_ID,"{""競馬場"":""中山"",""芝/ダ"":"""",""馬場状態"":"""",""条件クラス"":"""",""距離区分"":"""",""回り"":"""",""内外"":""""}",JOCKEY_COLUMNS,PARSED,,,,,,,,,,,,UNKNOWN,,,N,N,NOT_APPLICABLE,,,,,,NOT_APPLICABLE_NO_ROI,,,中山,,,,UNKNOWN,,BOOK_OR_UNSPECIFIED_ROI_SOURCE,roi_presence_raw と完全に1対1でROI記入の有無の言い換え。行の出所ではない,3,,,UNVERIFIED(表示基準日がページ間で不一致: トップ2026-08-16/使い方2026-05-17),(リスト列なし=騎手表),MISSING_ROI,NOT_AVAILABLE,原表と方式を入手するまで使用しない。原行は保持
rec_65787e539beaf584e4f40768ed67870a60b6648aee20aaf2a94588a3345b1d33,PRIMARY_JOCKEY,JockeyROI_連結済み_20260719_卍のみ_pre実測_backup.csv,178,JOCKEY,石川裕紀人,,NAME_KEY_ONLY_UNVERIFIED_OFFICIAL_ID,"{""競馬場"":""中山"",""芝/ダ"":"""",""馬場状態"":"""",""条件クラス"":"""",""距離区分"":"""",""回り"":"""",""内外"":""""}",JOCKEY_COLUMNS,PARSED,,,,,,,,,,,WIN_ROI_PCT|PLACE_ROI_PCT|N_STARTS,UNKNOWN,サイト現行既定は「オッズ反比例の賭け金・固定払戻の意図」(WEB_DEFINITION)。CSV作成時点の方式である証明にはならない,EQUAL_STAKE|EQUAL_PAYOUT,Y,Y,YES_PUBLIC_SCOPE_UNRULED,431,,,,N_WEIGHTED_MEAN_OF_PCT: sum(ROI_i*n_i)/sum(n_i) を整数丸め,UNVERIFIED_AGGREGATION,LEGACY_JOCKEY_CODE,二重丸め(掲載値が整数%＋加重平均後に再度整数丸め),中山,,,,UNKNOWN,,DB_KEIBA,roi_presence_raw と完全に1対1でROI記入の有無の言い換え。行の出所ではない,1,,,UNVERIFIED(表示基準日がページ間で不一致: トップ2026-08-16/使い方2026-05-17),(リスト列なし=騎手表),,HOLD_MERGE+HOLD_METHOD+HOLD_ASOF+HOLD_ID,①購入方式の確定 ②分母(賭け金総額・払戻総額)の入手 ③加重平均の再現可否検証 ④場/距離/回りの重複排除
rec_ff46dfb45ec451d2ae8fd486e7163345520ae5bc39a1fe359e321cee0f66f51e,PRIMARY_JOCKEY,JockeyROI_連結済み_20260719_卍のみ_pre実測_backup.csv,179,JOCKEY,石橋修,,NAME_KEY_ONLY_UNVERIFIED_OFFICIAL_ID,"{""競馬場"":""中山"",""芝/ダ"":"""",""馬場状態"":"""",""条件クラス"":"""",""距離区分"":"""",""回り"":"""",""内外"":""""}",JOCKEY_COLUMNS,PARSED,,,,,,,,,,,,UNKNOWN,,,N,N,NOT_APPLICABLE,,,,,,NOT_APPLICABLE_NO_ROI,,,中山,,,,UNKNOWN,,BOOK_OR_UNSPECIFIED_ROI_SOURCE,roi_presence_raw と完全に1対1でROI記入の有無の言い換え。行の出所ではない,1,,,UNVERIFIED(表示基準日がページ間で不一致: トップ2026-08-16/使い方2026-05-17),(リスト列なし=騎手表),MISSING_ROI,NOT_AVAILABLE,原表と方式を入手するまで使用しない。原行は保持
rec_a5f4658c011439a8ebab575ac48b9bfff77c8c3b2321bc4e649ca99734a0da53,PRIMARY_JOCKEY,JockeyROI_連結済み_20260719_卍のみ_pre実測_backup.csv,180,JOCKEY,遠藤汰月,,NAME_KEY_ONLY_UNVERIFIED_OFFICIAL_ID,"{""競馬場"":""中山"",""芝/ダ"":"""",""馬場状態"":"""",""条件クラス"":"""",""距離区分"":"""",""回り"":"""",""内外"":""""}",JOCKEY_COLUMNS,PARSED,,,,,,,,,,,,UNKNOWN,,,N,N,NOT_APPLICABLE,,,,,,NOT_APPLICABLE_NO_ROI,,,中山,,,,UNKNOWN,,BOOK_OR_UNSPECIFIED_ROI_SOURCE,roi_presence_raw と完全に1対1でROI記入の有無の言い換え。行の出所ではない,16,,,UNVERIFIED(表示基準日がページ間で不一致: トップ2026-08-16/使い方2026-05-17),(リスト列なし=騎手表),MISSING_ROI,NOT_AVAILABLE,原表と方式を入手するまで使用しない。原行は保持
rec_75afcc02cc644391a1c0824bbac03f692abc573a83827c8308d361ced91a49f9,PRIMARY_JOCKEY,JockeyROI_連結済み_20260719_卍のみ_pre実測_backup.csv,181,JOCKEY,水沼元輝,,NAME_KEY_ONLY_UNVERIFIED_OFFICIAL_ID,"{""競馬場"":""中山"",""芝/ダ"":"""",""馬場状態"":"""",""条件クラス"":"""",""距離区分"":"""",""回り"":"""",""内外"":""""}",JOCKEY_COLUMNS,PARSED,,,,,,,,,,,,UNKNOWN,,,N,N,NOT_APPLICABLE,,,,,,NOT_APPLICABLE_NO_ROI,,,中山,,,,UNKNOWN,,BOOK_OR_UNSPECIFIED_ROI_SOURCE,roi_presence_raw と完全に1対1でROI記入の有無の言い換え。行の出所ではない,4,,,UNVERIFIED(表示基準日がページ間で不一致: トップ2026-08-16/使い方2026-05-17),(リスト列なし=騎手表),MISSING_ROI,NOT_AVAILABLE,原表と方式を入手するまで使用しない。原行は保持
rec_2b9931fefedad174f8db5a639a0ac20f87b74853e608dc94650d048d40e0abfa,PRIMARY_JOCKEY,JockeyROI_連結済み_20260719_卍のみ_pre実測_backup.csv,182,JOCKEY,菅原明良,,NAME_KEY_ONLY_UNVERIFIED_OFFICIAL_ID,"{""競馬場"":""中山"",""芝/ダ"":"""",""馬場状態"":"""",""条件クラス"":"""",""距離区分"":"""",""回り"":"""",""内外"":""""}",JOCKEY_COLUMNS,PARSED,,,,,,,,,,,WIN_ROI_PCT|PLACE_ROI_PCT|N_STARTS,UNKNOWN,サイト現行既定は「オッズ反比例の賭け金・固定払戻の意図」(WEB_DEFINITION)。CSV作成時点の方式である証明にはならない,EQUAL_STAKE|EQUAL_PAYOUT,Y,Y,YES_PUBLIC_SCOPE_UNRULED,1258,,,,N_WEIGHTED_MEAN_OF_PCT: sum(ROI_i*n_i)/sum(n_i) を整数丸め,UNVERIFIED_AGGREGATION,LEGACY_JOCKEY_CODE,二重丸め(掲載値が整数%＋加重平均後に再度整数丸め),中山,,,,UNKNOWN,,DB_KEIBA,roi_presence_raw と完全に1対1でROI記入の有無の言い換え。行の出所ではない,5,,,UNVERIFIED(表示基準日がページ間で不一致: トップ2026-08-16/使い方2026-05-17),(リスト列なし=騎手表),,HOLD_MERGE+HOLD_METHOD+HOLD_ASOF+HOLD_ID,①購入方式の確定 ②分母(賭け金総額・払戻総額)の入手 ③加重平均の再現可否検証 ④場/距離/回りの重複排除
rec_4d98eb4df37b7dc402ce32f6f5ea084fe410f707434a2fb536b4427b87964095,PRIMARY_JOCKEY,JockeyROI_連結済み_20260719_卍のみ_pre実測_backup.csv,183,JOCKEY,原田和真,,NAME_KEY_ONLY_UNVERIFIED_OFFICIAL_ID,"{""競馬場"":""中京"",""芝/ダ"":"""",""馬場状態"":"""",""条件クラス"":"""",""距離区分"":"""",""回り"":"""",""内外"":""""}",JOCKEY_COLUMNS,PARSED,,,,,,,,,,,,UNKNOWN,,,N,N,NOT_APPLICABLE,,,,,,NOT_APPLICABLE_NO_ROI,,,中京,,,,UNKNOWN,,BOOK_OR_UNSPECIFIED_ROI_SOURCE,roi_presence_raw と完全に1対1でROI記入の有無の言い換え。行の出所ではない,10,,,UNVERIFIED(表示基準日がページ間で不一致: トップ2026-08-16/使い方2026-05-17),(リスト列なし=騎手表),MISSING_ROI,NOT_AVAILABLE,原表と方式を入手するまで使用しない。原行は保持
rec_3cacdd928d0b04fbbf49a746a41029c5fbf9c1f4bba1c7d4dc0d0d8bf7e64098,PRIMARY_JOCKEY,JockeyROI_連結済み_20260719_卍のみ_pre実測_backup.csv,184,JOCKEY,角田大和,,NAME_KEY_ONLY_UNVERIFIED_OFFICIAL_ID,"{""競馬場"":""中京"",""芝/ダ"":"""",""馬場状態"":"""",""条件クラス"":"""",""距離区分"":"""",""回り"":"""",""内外"":""""}",JOCKEY_COLUMNS,PARSED,,,,,,,,,,,WIN_ROI_PCT|PLACE_ROI_PCT|N_STARTS,UNKNOWN,サイト現行既定は「オッズ反比例の賭け金・固定払戻の意図」(WEB_DEFINITION)。CSV作成時点の方式である証明にはならない,EQUAL_STAKE|EQUAL_PAYOUT,Y,Y,YES_PUBLIC_SCOPE_UNRULED,57,,,,N_WEIGHTED_MEAN_OF_PCT: sum(ROI_i*n_i)/sum(n_i) を整数丸め,UNVERIFIED_AGGREGATION,LEGACY_JOCKEY_CODE,二重丸め(掲載値が整数%＋加重平均後に再度整数丸め),中京,,,,UNKNOWN,,DB_KEIBA,roi_presence_raw と完全に1対1でROI記入の有無の言い換え。行の出所ではない,3,,,UNVERIFIED(表示基準日がページ間で不一致: トップ2026-08-16/使い方2026-05-17),(リスト列なし=騎手表),,HOLD_MERGE+HOLD_METHOD+HOLD_ASOF+HOLD_ID,①購入方式の確定 ②分母(賭け金総額・払戻総額)の入手 ③加重平均の再現可否検証 ④場/距離/回りの重複排除
rec_b93e397bf572f9a1ebf5750ce6944b368596918eb373d0621175675f28463569,PRIMARY_JOCKEY,JockeyROI_連結済み_20260719_卍のみ_pre実測_backup.csv,185,JOCKEY,高杉吏麒,,NAME_KEY_ONLY_UNVERIFIED_OFFICIAL_ID,"{""競馬場"":""中京"",""芝/ダ"":"""",""馬場状態"":"""",""条件クラス"":"""",""距離区分"":"""",""回り"":"""",""内外"":""""}",JOCKEY_COLUMNS,PARSED,,,,,,,,,,,WIN_ROI_PCT|PLACE_ROI_PCT|N_STARTS,UNKNOWN,サイト現行既定は「オッズ反比例の賭け金・固定払戻の意図」(WEB_DEFINITION)。CSV作成時点の方式である証明にはならない,EQUAL_STAKE|EQUAL_PAYOUT,Y,Y,YES_PUBLIC_SCOPE_UNRULED,29,,,,N_WEIGHTED_MEAN_OF_PCT: sum(ROI_i*n_i)/sum(n_i) を整数丸め,UNVERIFIED_AGGREGATION,LEGACY_JOCKEY_CODE,二重丸め(掲載値が整数%＋加重平均後に再度整数丸め),中京,,,,UNKNOWN,,DB_KEIBA,roi_presence_raw と完全に1対1でROI記入の有無の言い換え。行の出所ではない,21,,,UNVERIFIED(表示基準日がページ間で不一致: トップ2026-08-16/使い方2026-05-17),(リスト列なし=騎手表),,HOLD_MERGE+HOLD_METHOD+HOLD_ASOF+HOLD_ID,①購入方式の確定 ②分母(賭け金総額・払戻総額)の入手 ③加重平均の再現可否検証 ④場/距離/回りの重複排除
rec_0bc5f435eb71b0ab37433819367441f788ad23d1eceaa0a22dcadcae6eed56d1,PRIMARY_JOCKEY,JockeyROI_連結済み_20260719_卍のみ_pre実測_backup.csv,186,JOCKEY,松若風馬,,NAME_KEY_ONLY_UNVERIFIED_OFFICIAL_ID,"{""競馬場"":""中京"",""芝/ダ"":"""",""馬場状態"":"""",""条件クラス"":"""",""距離区分"":"""",""回り"":"""",""内外"":""""}",JOCKEY_COLUMNS,PARSED,,,,,,,,,,,WIN_ROI_PCT|PLACE_ROI_PCT|N_STARTS,UNKNOWN,サイト現行既定は「オッズ反比例の賭け金・固定払戻の意図」(WEB_DEFINITION)。CSV作成時点の方式である証明にはならない,EQUAL_STAKE|EQUAL_PAYOUT,Y,Y,YES_PUBLIC_SCOPE_UNRULED,72,,,,N_WEIGHTED_MEAN_OF_PCT: sum(ROI_i*n_i)/sum(n_i) を整数丸め,UNVERIFIED_AGGREGATION,LEGACY_JOCKEY_CODE,二重丸め(掲載値が整数%＋加重平均後に再度整数丸め),中京,,,,UNKNOWN,,DB_KEIBA,roi_presence_raw と完全に1対1でROI記入の有無の言い換え。行の出所ではない,13,,,UNVERIFIED(表示基準日がページ間で不一致: トップ2026-08-16/使い方2026-05-17),(リスト列なし=騎手表),,HOLD_MERGE+HOLD_METHOD+HOLD_ASOF+HOLD_ID,①購入方式の確定 ②分母(賭け金総額・払戻総額)の入手 ③加重平均の再現可否検証 ④場/距離/回りの重複排除
rec_235051470fc4344f19a1b46305f800a72463786a876f3de760b176b8eb57e0de,PRIMARY_JOCKEY,JockeyROI_連結済み_20260719_卍のみ_pre実測_backup.csv,187,JOCKEY,長岡禎仁,,NAME_KEY_ONLY_UNVERIFIED_OFFICIAL_ID,"{""競馬場"":""中京"",""芝/ダ"":"""",""馬場状態"":"""",""条件クラス"":"""",""距離区分"":"""",""回り"":"""",""内外"":""""}",JOCKEY_COLUMNS,PARSED,,,,,,,,,,,,UNKNOWN,,,N,N,NOT_APPLICABLE,,,,,,NOT_APPLICABLE_NO_ROI,,,中京,,,,UNKNOWN,,BOOK_OR_UNSPECIFIED_ROI_SOURCE,roi_presence_raw と完全に1対1でROI記入の有無の言い換え。行の出所ではない,3,,,UNVERIFIED(表示基準日がページ間で不一致: トップ2026-08-16/使い方2026-05-17),(リスト列なし=騎手表),MISSING_ROI,NOT_AVAILABLE,原表と方式を入手するまで使用しない。原行は保持
rec_f020cb7afa1c629bdd870e6ba905d6b046f315f91c2fdfd86b1469cbef48082f,PRIMARY_JOCKEY,JockeyROI_連結済み_20260719_卍のみ_pre実測_backup.csv,188,JOCKEY,橋木太希,,NAME_KEY_ONLY_UNVERIFIED_OFFICIAL_ID,"{""競馬場"":""中京"",""芝/ダ"":"""",""馬場状態"":"""",""条件クラス"":"""",""距離区分"":"""",""回り"":"""",""内外"":""""}",JOCKEY_COLUMNS,PARSED,,,,,,,,,,,,UNKNOWN,,,N,N,NOT_APPLICABLE,,,,,,NOT_APPLICABLE_NO_ROI,,,中京,,,,UNKNOWN,,BOOK_OR_UNSPECIFIED_ROI_SOURCE,roi_presence_raw と完全に1対1でROI記入の有無の言い換え。行の出所ではない,3,,,UNVERIFIED(表示基準日がページ間で不一致: トップ2026-08-16/使い方2026-05-17),(リスト列なし=騎手表),MISSING_ROI,NOT_AVAILABLE,原表と方式を入手するまで使用しない。原行は保持
rec_d0371dab7063391c421b666034c2ddc79e7b9a40cfc04b00f658ed645c10e6bf,PRIMARY_JOCKEY,JockeyROI_連結済み_20260719_卍のみ_pre実測_backup.csv,189,JOCKEY,西塚洸二,,NAME_KEY_ONLY_UNVERIFIED_OFFICIAL_ID,"{""競馬場"":""中京"",""芝/ダ"":"""",""馬場状態"":"""",""条件クラス"":"""",""距離区分"":"""",""回り"":"""",""内外"":""""}",JOCKEY_COLUMNS,PARSED,,,,,,,,,,,,UNKNOWN,,,N,N,NOT_APPLICABLE,,,,,,NOT_APPLICABLE_NO_ROI,,,中京,,,,UNKNOWN,,BOOK_OR_UNSPECIFIED_ROI_SOURCE,roi_presence_raw と完全に1対1でROI記入の有無の言い換え。行の出所ではない,1,,,UNVERIFIED(表示基準日がページ間で不一致: トップ2026-08-16/使い方2026-05-17),(リスト列なし=騎手表),MISSING_ROI,NOT_AVAILABLE,原表と方式を入手するまで使用しない。原行は保持
rec_fe56590a083eb295018344e9f57f677bea6e2ce1bd668f3a8e6c924fe737b473,PRIMARY_JOCKEY,JockeyROI_連結済み_20260719_卍のみ_pre実測_backup.csv,190,JOCKEY,小坂忠士,,NAME_KEY_ONLY_UNVERIFIED_OFFICIAL_ID,"{""競馬場"":""中京"",""芝/ダ"":"""",""馬場状態"":"""",""条件クラス"":"""",""距離区分"":"""",""回り"":"""",""内外"":""""}",JOCKEY_COLUMNS,PARSED,,,,,,,,,,,,UNKNOWN,,,N,N,NOT_APPLICABLE,,,,,,NOT_APPLICABLE_NO_ROI,,,中京,,,,UNKNOWN,,BOOK_OR_UNSPECIFIED_ROI_SOURCE,roi_presence_raw と完全に1対1でROI記入の有無の言い換え。行の出所ではない,3,,,UNVERIFIED(表示基準日がページ間で不一致: トップ2026-08-16/使い方2026-05-17),(リスト列なし=騎手表),MISSING_ROI,NOT_AVAILABLE,原表と方式を入手するまで使用しない。原行は保持
rec_246d263174d541a127cfcd8789c8bd705ef2b6e82ab5722a50ffaccb28fe2db9,PRIMARY_JOCKEY,JockeyROI_連結済み_20260719_卍のみ_pre実測_backup.csv,191,JOCKEY,川端海翼,,NAME_KEY_ONLY_UNVERIFIED_OFFICIAL_ID,"{""競馬場"":""中京"",""芝/ダ"":"""",""馬場状態"":"""",""条件クラス"":"""",""距離区分"":"""",""回り"":"""",""内外"":""""}",JOCKEY_COLUMNS,PARSED,,,,,,,,,,,,UNKNOWN,,,N,N,NOT_APPLICABLE,,,,,,NOT_APPLICABLE_NO_ROI,,,中京,,,,UNKNOWN,,BOOK_OR_UNSPECIFIED_ROI_SOURCE,roi_presence_raw と完全に1対1でROI記入の有無の言い換え。行の出所ではない,6,,,UNVERIFIED(表示基準日がページ間で不一致: トップ2026-08-16/使い方2026-05-17),(リスト列なし=騎手表),MISSING_ROI,NOT_AVAILABLE,原表と方式を入手するまで使用しない。原行は保持
rec_d982f546fd2ebb06d26a195d915e56994dba140f172d52aeb4e433f6438fc1ea,PRIMARY_JOCKEY,JockeyROI_連結済み_20260719_卍のみ_pre実測_backup.csv,192,JOCKEY,古川奈穂,,NAME_KEY_ONLY_UNVERIFIED_OFFICIAL_ID,"{""競馬場"":""中京"",""芝/ダ"":"""",""馬場状態"":"""",""条件クラス"":"""",""距離区分"":"""",""回り"":"""",""内外"":""""}",JOCKEY_COLUMNS,PARSED,,,,,,,,,,,,UNKNOWN,,,N,N,NOT_APPLICABLE,,,,,,NOT_APPLICABLE_NO_ROI,,,中京,,,,UNKNOWN,,BOOK_OR_UNSPECIFIED_ROI_SOURCE,roi_presence_raw と完全に1対1でROI記入の有無の言い換え。行の出所ではない,3,,,UNVERIFIED(表示基準日がページ間で不一致: トップ2026-08-16/使い方2026-05-17),(リスト列なし=騎手表),MISSING_ROI,NOT_AVAILABLE,原表と方式を入手するまで使用しない。原行は保持
rec_c1f0487ae56371af5501b108a09a39a79c7f12bb8b725dc7a2086fad2daaeff7,PRIMARY_JOCKEY,JockeyROI_連結済み_20260719_卍のみ_pre実測_backup.csv,193,JOCKEY,小沢大仁,,NAME_KEY_ONLY_UNVERIFIED_OFFICIAL_ID,"{""競馬場"":""中京"",""芝/ダ"":"""",""馬場状態"":"""",""条件クラス"":"""",""距離区分"":"""",""回り"":"""",""内外"":""""}",JOCKEY_COLUMNS,PARSED,,,,,,,,,,,WIN_ROI_PCT|PLACE_ROI_PCT|N_STARTS,UNKNOWN,サイト現行既定は「オッズ反比例の賭け金・固定払戻の意図」(WEB_DEFINITION)。CSV作成時点の方式である証明にはならない,EQUAL_STAKE|EQUAL_PAYOUT,Y,Y,YES_PUBLIC_SCOPE_UNRULED,141,,,,N_WEIGHTED_MEAN_OF_PCT: sum(ROI_i*n_i)/sum(n_i) を整数丸め,UNVERIFIED_AGGREGATION,LEGACY_JOCKEY_CODE,二重丸め(掲載値が整数%＋加重平均後に再度整数丸め),中京,,,,UNKNOWN,,DB_KEIBA,roi_presence_raw と完全に1対1でROI記入の有無の言い換え。行の出所ではない,9,,,UNVERIFIED(表示基準日がページ間で不一致: トップ2026-08-16/使い方2026-05-17),(リスト列なし=騎手表),,HOLD_MERGE+HOLD_METHOD+HOLD_ASOF+HOLD_ID,①購入方式の確定 ②分母(賭け金総額・払戻総額)の入手 ③加重平均の再現可否検証 ④場/距離/回りの重複排除
rec_7147daad55054d873c52014eb6a899c54606959bb8ffe899f96b523104f60913,PRIMARY_JOCKEY,JockeyROI_連結済み_20260719_卍のみ_pre実測_backup.csv,194,JOCKEY,国分優作,,NAME_KEY_ONLY_UNVERIFIED_OFFICIAL_ID,"{""競馬場"":""中京"",""芝/ダ"":"""",""馬場状態"":"""",""条件クラス"":"""",""距離区分"":"""",""回り"":"""",""内外"":""""}",JOCKEY_COLUMNS,PARSED,,,,,,,,,,,,UNKNOWN,,,N,N,NOT_APPLICABLE,,,,,,NOT_APPLICABLE_NO_ROI,,,中京,,,,UNKNOWN,,BOOK_OR_UNSPECIFIED_ROI_SOURCE,roi_presence_raw と完全に1対1でROI記入の有無の言い換え。行の出所ではない,2,,,UNVERIFIED(表示基準日がページ間で不一致: トップ2026-08-16/使い方2026-05-17),(リスト列なし=騎手表),MISSING_ROI,NOT_AVAILABLE,原表と方式を入手するまで使用しない。原行は保持
rec_1f093a41a7585517e208a6c48683e97ee65ae94b2890beb9a754319104d47fbb,PRIMARY_JOCKEY,JockeyROI_連結済み_20260719_卍のみ_pre実測_backup.csv,195,JOCKEY,菱田裕二,,NAME_KEY_ONLY_UNVERIFIED_OFFICIAL_ID,"{""競馬場"":""中京"",""芝/ダ"":"""",""馬場状態"":"""",""条件クラス"":"""",""距離区分"":"""",""回り"":"""",""内外"":""""}",JOCKEY_COLUMNS,PARSED,,,,,,,,,,,,UNKNOWN,,,N,N,NOT_APPLICABLE,,,,,,NOT_APPLICABLE_NO_ROI,,,中京,,,,UNKNOWN,,BOOK_OR_UNSPECIFIED_ROI_SOURCE,roi_presence_raw と完全に1対1でROI記入の有無の言い換え。行の出所ではない,2,,,UNVERIFIED(表示基準日がページ間で不一致: トップ2026-08-16/使い方2026-05-17),(リスト列なし=騎手表),MISSING_ROI,NOT_AVAILABLE,原表と方式を入手するまで使用しない。原行は保持
rec_78fa81fbc82b6a20f4fdb94ebcb851c0bb6c63808cfae1c1ea210990be239ef7,PRIMARY_JOCKEY,JockeyROI_連結済み_20260719_卍のみ_pre実測_backup.csv,196,JOCKEY,高杉吏麒,,NAME_KEY_ONLY_UNVERIFIED_OFFICIAL_ID,"{""競馬場"":""京都"",""芝/ダ"":"""",""馬場状態"":"""",""条件クラス"":"""",""距離区分"":"""",""回り"":"""",""内外"":""""}",JOCKEY_COLUMNS,PARSED,,,,,,,,,,,WIN_ROI_PCT|PLACE_ROI_PCT|N_STARTS,UNKNOWN,サイト現行既定は「オッズ反比例の賭け金・固定払戻の意図」(WEB_DEFINITION)。CSV作成時点の方式である証明にはならない,EQUAL_STAKE|EQUAL_PAYOUT,Y,Y,YES_PUBLIC_SCOPE_UNRULED,91,,,,N_WEIGHTED_MEAN_OF_PCT: sum(ROI_i*n_i)/sum(n_i) を整数丸め,UNVERIFIED_AGGREGATION,LEGACY_JOCKEY_CODE,二重丸め(掲載値が整数%＋加重平均後に再度整数丸め),京都,,,,UNKNOWN,,DB_KEIBA,roi_presence_raw と完全に1対1でROI記入の有無の言い換え。行の出所ではない,21,,,UNVERIFIED(表示基準日がページ間で不一致: トップ2026-08-16/使い方2026-05-17),(リスト列なし=騎手表),,HOLD_MERGE+HOLD_METHOD+HOLD_ASOF+HOLD_ID,①購入方式の確定 ②分母(賭け金総額・払戻総額)の入手 ③加重平均の再現可否検証 ④場/距離/回りの重複排除
rec_c95296b5152d1d35a56407e15e03fb252627703bcb3c4bde29929632bd9ad807,PRIMARY_JOCKEY,JockeyROI_連結済み_20260719_卍のみ_pre実測_backup.csv,197,JOCKEY,田口貫太,,NAME_KEY_ONLY_UNVERIFIED_OFFICIAL_ID,"{""競馬場"":""京都"",""芝/ダ"":"""",""馬場状態"":"""",""条件クラス"":"""",""距離区分"":"""",""回り"":"""",""内外"":""""}",JOCKEY_COLUMNS,PARSED,,,,,,,,,,,WIN_ROI_PCT|PLACE_ROI_PCT|N_STARTS,UNKNOWN,サイト現行既定は「オッズ反比例の賭け金・固定払戻の意図」(WEB_DEFINITION)。CSV作成時点の方式である証明にはならない,EQUAL_STAKE|EQUAL_PAYOUT,Y,Y,YES_PUBLIC_SCOPE_UNRULED,561,,,,N_WEIGHTED_MEAN_OF_PCT: sum(ROI_i*n_i)/sum(n_i) を整数丸め,UNVERIFIED_AGGREGATION,LEGACY_JOCKEY_CODE,二重丸め(掲載値が整数%＋加重平均後に再度整数丸め),京都,,,,UNKNOWN,,DB_KEIBA,roi_presence_raw と完全に1対1でROI記入の有無の言い換え。行の出所ではない,10,,,UNVERIFIED(表示基準日がページ間で不一致: トップ2026-08-16/使い方2026-05-17),(リスト列なし=騎手表),,HOLD_MERGE+HOLD_METHOD+HOLD_ASOF+HOLD_ID,①購入方式の確定 ②分母(賭け金総額・払戻総額)の入手 ③加重平均の再現可否検証 ④場/距離/回りの重複排除
rec_efb9ba973ac9a989ea11c98c5d61e5d36b374d355a810466556548e527e82619,PRIMARY_JOCKEY,JockeyROI_連結済み_20260719_卍のみ_pre実測_backup.csv,198,JOCKEY,田山旺佑,,NAME_KEY_ONLY_UNVERIFIED_OFFICIAL_ID,"{""競馬場"":""京都"",""芝/ダ"":"""",""馬場状態"":"""",""条件クラス"":"""",""距離区分"":"""",""回り"":"""",""内外"":""""}",JOCKEY_COLUMNS,PARSED,,,,,,,,,,,,UNKNOWN,,,N,N,NOT_APPLICABLE,,,,,,NOT_APPLICABLE_NO_ROI,,,京都,,,,UNKNOWN,,BOOK_OR_UNSPECIFIED_ROI_SOURCE,roi_presence_raw と完全に1対1でROI記入の有無の言い換え。行の出所ではない,8,,,UNVERIFIED(表示基準日がページ間で不一致: トップ2026-08-16/使い方2026-05-17),(リスト列なし=騎手表),MISSING_ROI,NOT_AVAILABLE,原表と方式を入手するまで使用しない。原行は保持
rec_cad673bd8ab534031692d4c13ec324a7fbdb1a94670473224d26c77f706597c7,PRIMARY_JOCKEY,JockeyROI_連結済み_20260719_卍のみ_pre実測_backup.csv,199,JOCKEY,和田陽希,,NAME_KEY_ONLY_UNVERIFIED_OFFICIAL_ID,"{""競馬場"":""京都"",""芝/ダ"":"""",""馬場状態"":"""",""条件クラス"":"""",""距離区分"":"""",""回り"":"""",""内外"":""""}",JOCKEY_COLUMNS,PARSED,,,,,,,,,,,,UNKNOWN,,,N,N,NOT_APPLICABLE,,,,,,NOT_APPLICABLE_NO_ROI,,,京都,,,,UNKNOWN,,BOOK_OR_UNSPECIFIED_ROI_SOURCE,roi_presence_raw と完全に1対1でROI記入の有無の言い換え。行の出所ではない,7,,,UNVERIFIED(表示基準日がページ間で不一致: トップ2026-08-16/使い方2026-05-17),(リスト列なし=騎手表),MISSING_ROI,NOT_AVAILABLE,原表と方式を入手するまで使用しない。原行は保持
rec_12da37b6dc94e3618fcc34f9a7198fe4aa021f05eded2a0b66fcd04a79c3ca10,PRIMARY_JOCKEY,JockeyROI_連結済み_20260719_卍のみ_pre実測_backup.csv,200,JOCKEY,角田大和,,NAME_KEY_ONLY_UNVERIFIED_OFFICIAL_ID,"{""競馬場"":""京都"",""芝/ダ"":"""",""馬場状態"":"""",""条件クラス"":"""",""距離区分"":"""",""回り"":"""",""内外"":""""}",JOCKEY_COLUMNS,PARSED,,,,,,,,,,,,UNKNOWN,,,N,N,NOT_APPLICABLE,,,,,,NOT_APPLICABLE_NO_ROI,,,京都,,,,UNKNOWN,,BOOK_OR_UNSPECIFIED_ROI_SOURCE,roi_presence_raw と完全に1対1でROI記入の有無の言い換え。行の出所ではない,3,,,UNVERIFIED(表示基準日がページ間で不一致: トップ2026-08-16/使い方2026-05-17),(リスト列なし=騎手表),MISSING_ROI,NOT_AVAILABLE,原表と方式を入手するまで使用しない。原行は保持
rec_955cc572fb9423abc3d4c026d95ab61310d081830644cb0c8c4112d6fa577057,PRIMARY_JOCKEY,JockeyROI_連結済み_20260719_卍のみ_pre実測_backup.csv,201,JOCKEY,国分優作,,NAME_KEY_ONLY_UNVERIFIED_OFFICIAL_ID,"{""競馬場"":""京都"",""芝/ダ"":"""",""馬場状態"":"""",""条件クラス"":"""",""距離区分"":"""",""回り"":"""",""内外"":""""}",JOCKEY_COLUMNS,PARSED,,,,,,,,,,,,UNKNOWN,,,N,N,NOT_APPLICABLE,,,,,,NOT_APPLICABLE_NO_ROI,,,京都,,,,UNKNOWN,,BOOK_OR_UNSPECIFIED_ROI_SOURCE,roi_presence_raw と完全に1対1でROI記入の有無の言い換え。行の出所ではない,2,,,UNVERIFIED(表示基準日がページ間で不一致: トップ2026-08-16/使い方2026-05-17),(リスト列なし=騎手表),MISSING_ROI,NOT_AVAILABLE,原表と方式を入手するまで使用しない。原行は保持
rec_221139a41ed916ea18ad65444c497505abb4ba0f45d38e036e0edb82ce0baa9e,PRIMARY_JOCKEY,JockeyROI_連結済み_20260719_卍のみ_pre実測_backup.csv,202,JOCKEY,荻野琢真,,NAME_KEY_ONLY_UNVERIFIED_OFFICIAL_ID,"{""競馬場"":""京都"",""芝/ダ"":"""",""馬場状態"":"""",""条件クラス"":"""",""距離区分"":"""",""回り"":"""",""内外"":""""}",JOCKEY_COLUMNS,PARSED,,,,,,,,,,,,UNKNOWN,,,N,N,NOT_APPLICABLE,,,,,,NOT_APPLICABLE_NO_ROI,,,京都,,,,UNKNOWN,,BOOK_OR_UNSPECIFIED_ROI_SOURCE,roi_presence_raw と完全に1対1でROI記入の有無の言い換え。行の出所ではない,3,,,UNVERIFIED(表示基準日がページ間で不一致: トップ2026-08-16/使い方2026-05-17),(リスト列なし=騎手表),MISSING_ROI,NOT_AVAILABLE,原表と方式を入手するまで使用しない。原行は保持
rec_5305e37444cf7e05a0a919ae6d7812852e278efe8eb98e26bad21d2500d6ac2b,PRIMARY_JOCKEY,JockeyROI_連結済み_20260719_卍のみ_pre実測_backup.csv,203,JOCKEY,浜中俊,,NAME_KEY_ONLY_UNVERIFIED_OFFICIAL_ID,"{""競馬場"":""京都"",""芝/ダ"":"""",""馬場状態"":"""",""条件クラス"":"""",""距離区分"":"""",""回り"":"""",""内外"":""""}",JOCKEY_COLUMNS,PARSED,,,,,,,,,,,WIN_ROI_PCT|PLACE_ROI_PCT|N_STARTS,UNKNOWN,サイト現行既定は「オッズ反比例の賭け金・固定払戻の意図」(WEB_DEFINITION)。CSV作成時点の方式である証明にはならない,EQUAL_STAKE|EQUAL_PAYOUT,Y,Y,YES_PUBLIC_SCOPE_UNRULED,69,,,,N_WEIGHTED_MEAN_OF_PCT: sum(ROI_i*n_i)/sum(n_i) を整数丸め,UNVERIFIED_AGGREGATION,LEGACY_JOCKEY_CODE,二重丸め(掲載値が整数%＋加重平均後に再度整数丸め),京都,,,,UNKNOWN,,DB_KEIBA,roi_presence_raw と完全に1対1でROI記入の有無の言い換え。行の出所ではない,6,,,UNVERIFIED(表示基準日がページ間で不一致: トップ2026-08-16/使い方2026-05-17),(リスト列なし=騎手表),,HOLD_MERGE+HOLD_METHOD+HOLD_ASOF+HOLD_ID,①購入方式の確定 ②分母(賭け金総額・払戻総額)の入手 ③加重平均の再現可否検証 ④場/距離/回りの重複排除
rec_6f607c63334af57fca3eaa5e8c5df496fe7f7a331dd08c216644e133ebf800d2,PRIMARY_JOCKEY,JockeyROI_連結済み_20260719_卍のみ_pre実測_backup.csv,204,JOCKEY,池添謙一,,NAME_KEY_ONLY_UNVERIFIED_OFFICIAL_ID,"{""競馬場"":""京都"",""芝/ダ"":"""",""馬場状態"":"""",""条件クラス"":"""",""距離区分"":"""",""回り"":"""",""内外"":""""}",JOCKEY_COLUMNS,PARSED,,,,,,,,,,,WIN_ROI_PCT|PLACE_ROI_PCT|N_STARTS,UNKNOWN,サイト現行既定は「オッズ反比例の賭け金・固定払戻の意図」(WEB_DEFINITION)。CSV作成時点の方式である証明にはならない,EQUAL_STAKE|EQUAL_PAYOUT,Y,Y,YES_PUBLIC_SCOPE_UNRULED,105,,,,N_WEIGHTED_MEAN_OF_PCT: sum(ROI_i*n_i)/sum(n_i) を整数丸め,UNVERIFIED_AGGREGATION,LEGACY_JOCKEY_CODE,二重丸め(掲載値が整数%＋加重平均後に再度整数丸め),京都,,,,UNKNOWN,,DB_KEIBA,roi_presence_raw と完全に1対1でROI記入の有無の言い換え。行の出所ではない,2,,,UNVERIFIED(表示基準日がページ間で不一致: トップ2026-08-16/使い方2026-05-17),(リスト列なし=騎手表),,HOLD_MERGE+HOLD_METHOD+HOLD_ASOF+HOLD_ID,①購入方式の確定 ②分母(賭け金総額・払戻総額)の入手 ③加重平均の再現可否検証 ④場/距離/回りの重複排除
rec_ee4cb0f683d746b82cd4e366317361f6db4c840ff3443cc4e83981faa3e28d9a,PRIMARY_JOCKEY,JockeyROI_連結済み_20260719_卍のみ_pre実測_backup.csv,205,JOCKEY,柴田裕一郎,,NAME_KEY_ONLY_UNVERIFIED_OFFICIAL_ID,"{""競馬場"":""京都"",""芝/ダ"":"""",""馬場状態"":"""",""条件クラス"":"""",""距離区分"":"""",""回り"":"""",""内外"":""""}",JOCKEY_COLUMNS,PARSED,,,,,,,,,,,,UNKNOWN,,,N,N,NOT_APPLICABLE,,,,,,NOT_APPLICABLE_NO_ROI,,,京都,,,,UNKNOWN,,BOOK_OR_UNSPECIFIED_ROI_SOURCE,roi_presence_raw と完全に1対1でROI記入の有無の言い換え。行の出所ではない,7,,,UNVERIFIED(表示基準日がページ間で不一致: トップ2026-08-16/使い方2026-05-17),(リスト列なし=騎手表),MISSING_ROI,NOT_AVAILABLE,原表と方式を入手するまで使用しない。原行は保持
rec_321e403345199154c3185b5f34fa3cc7793bd97d2b1e4aebde1e7473de36f74b,PRIMARY_JOCKEY,JockeyROI_連結済み_20260719_卍のみ_pre実測_backup.csv,206,JOCKEY,小崎綾也,,NAME_KEY_ONLY_UNVERIFIED_OFFICIAL_ID,"{""競馬場"":""京都"",""芝/ダ"":"""",""馬場状態"":"""",""条件クラス"":"""",""距離区分"":"""",""回り"":"""",""内外"":""""}",JOCKEY_COLUMNS,PARSED,,,,,,,,,,,,UNKNOWN,,,N,N,NOT_APPLICABLE,,,,,,NOT_APPLICABLE_NO_ROI,,,京都,,,,UNKNOWN,,BOOK_OR_UNSPECIFIED_ROI_SOURCE,roi_presence_raw と完全に1対1でROI記入の有無の言い換え。行の出所ではない,3,,,UNVERIFIED(表示基準日がページ間で不一致: トップ2026-08-16/使い方2026-05-17),(リスト列なし=騎手表),MISSING_ROI,NOT_AVAILABLE,原表と方式を入手するまで使用しない。原行は保持
rec_6d47bf0191ec726acd6d406679428ca271f4d9e1729c96a85474c57a08e39e68,PRIMARY_JOCKEY,JockeyROI_連結済み_20260719_卍のみ_pre実測_backup.csv,207,JOCKEY,城戸義政,,NAME_KEY_ONLY_UNVERIFIED_OFFICIAL_ID,"{""競馬場"":""京都"",""芝/ダ"":"""",""馬場状態"":"""",""条件クラス"":"""",""距離区分"":"""",""回り"":"""",""内外"":""""}",JOCKEY_COLUMNS,PARSED,,,,,,,,,,,,UNKNOWN,,,N,N,NOT_APPLICABLE,,,,,,NOT_APPLICABLE_NO_ROI,,,京都,,,,UNKNOWN,,BOOK_OR_UNSPECIFIED_ROI_SOURCE,roi_presence_raw と完全に1対1でROI記入の有無の言い換え。行の出所ではない,2,,,UNVERIFIED(表示基準日がページ間で不一致: トップ2026-08-16/使い方2026-05-17),(リスト列なし=騎手表),MISSING_ROI,NOT_AVAILABLE,原表と方式を入手するまで使用しない。原行は保持
rec_bf6afcc7b178ff60cc44c53e2d7d8a0cb6f8537d7f9534ac9ce41e3788d11b63,PRIMARY_JOCKEY,JockeyROI_連結済み_20260719_卍のみ_pre実測_backup.csv,208,JOCKEY,川須栄彦,,NAME_KEY_ONLY_UNVERIFIED_OFFICIAL_ID,"{""競馬場"":""京都"",""芝/ダ"":"""",""馬場状態"":"""",""条件クラス"":"""",""距離区分"":"""",""回り"":"""",""内外"":""""}",JOCKEY_COLUMNS,PARSED,,,,,,,,,,,,UNKNOWN,,,N,N,NOT_APPLICABLE,,,,,,NOT_APPLICABLE_NO_ROI,,,京都,,,,UNKNOWN,,BOOK_OR_UNSPECIFIED_ROI_SOURCE,roi_presence_raw と完全に1対1でROI記入の有無の言い換え。行の出所ではない,1,,,UNVERIFIED(表示基準日がページ間で不一致: トップ2026-08-16/使い方2026-05-17),(リスト列なし=騎手表),MISSING_ROI,NOT_AVAILABLE,原表と方式を入手するまで使用しない。原行は保持
rec_47d900c1c19b9156764f6b5e694a702b2a3e6a71aced2a53d6783a0ac64a7beb,PRIMARY_JOCKEY,JockeyROI_連結済み_20260719_卍のみ_pre実測_backup.csv,209,JOCKEY,高杉吏麒,,NAME_KEY_ONLY_UNVERIFIED_OFFICIAL_ID,"{""競馬場"":""阪神"",""芝/ダ"":"""",""馬場状態"":"""",""条件クラス"":"""",""距離区分"":"""",""回り"":"""",""内外"":""""}",JOCKEY_COLUMNS,PARSED,,,,,,,,,,,,UNKNOWN,,,N,N,NOT_APPLICABLE,,,,,,NOT_APPLICABLE_NO_ROI,,,阪神,,,,UNKNOWN,,BOOK_OR_UNSPECIFIED_ROI_SOURCE,roi_presence_raw と完全に1対1でROI記入の有無の言い換え。行の出所ではない,21,,,UNVERIFIED(表示基準日がページ間で不一致: トップ2026-08-16/使い方2026-05-17),(リスト列なし=騎手表),MISSING_ROI,NOT_AVAILABLE,原表と方式を入手するまで使用しない。原行は保持
rec_49912f737653f5ea3957fe22e4ff0fc8599dd529d3acbfe1dbee8c44e8c7cf28,PRIMARY_JOCKEY,JockeyROI_連結済み_20260719_卍のみ_pre実測_backup.csv,210,JOCKEY,森田誠也,,NAME_KEY_ONLY_UNVERIFIED_OFFICIAL_ID,"{""競馬場"":""阪神"",""芝/ダ"":"""",""馬場状態"":"""",""条件クラス"":"""",""距離区分"":"""",""回り"":"""",""内外"":""""}",JOCKEY_COLUMNS,PARSED,,,,,,,,,,,,UNKNOWN,,,N,N,NOT_APPLICABLE,,,,,,NOT_APPLICABLE_NO_ROI,,,阪神,,,,UNKNOWN,,BOOK_OR_UNSPECIFIED_ROI_SOURCE,roi_presence_raw と完全に1対1でROI記入の有無の言い換え。行の出所ではない,9,,,UNVERIFIED(表示基準日がページ間で不一致: トップ2026-08-16/使い方2026-05-17),(リスト列なし=騎手表),MISSING_ROI,NOT_AVAILABLE,原表と方式を入手するまで使用しない。原行は保持
rec_0cc9600bc14fa1886476a58426639a1884229f1c9c38ea296ec7c92b7cfa9cd1,PRIMARY_JOCKEY,JockeyROI_連結済み_20260719_卍のみ_pre実測_backup.csv,211,JOCKEY,松若風馬,,NAME_KEY_ONLY_UNVERIFIED_OFFICIAL_ID,"{""競馬場"":""阪神"",""芝/ダ"":"""",""馬場状態"":"""",""条件クラス"":"""",""距離区分"":"""",""回り"":"""",""内外"":""""}",JOCKEY_COLUMNS,PARSED,,,,,,,,,,,WIN_ROI_PCT|PLACE_ROI_PCT|N_STARTS,UNKNOWN,サイト現行既定は「オッズ反比例の賭け金・固定払戻の意図」(WEB_DEFINITION)。CSV作成時点の方式である証明にはならない,EQUAL_STAKE|EQUAL_PAYOUT,Y,Y,YES_PUBLIC_SCOPE_UNRULED,75,,,,N_WEIGHTED_MEAN_OF_PCT: sum(ROI_i*n_i)/sum(n_i) を整数丸め,UNVERIFIED_AGGREGATION,LEGACY_JOCKEY_CODE,二重丸め(掲載値が整数%＋加重平均後に再度整数丸め),阪神,,,,UNKNOWN,,DB_KEIBA,roi_presence_raw と完全に1対1でROI記入の有無の言い換え。行の出所ではない,13,,,UNVERIFIED(表示基準日がページ間で不一致: トップ2026-08-16/使い方2026-05-17),(リスト列なし=騎手表),,HOLD_MERGE+HOLD_METHOD+HOLD_ASOF+HOLD_ID,①購入方式の確定 ②分母(賭け金総額・払戻総額)の入手 ③加重平均の再現可否検証 ④場/距離/回りの重複排除
rec_015460cb62c7db5ad4247db3413b075ba5d0defe27e70a7f563af51d9e9e7335,PRIMARY_JOCKEY,JockeyROI_連結済み_20260719_卍のみ_pre実測_backup.csv,212,JOCKEY,団野大成,,NAME_KEY_ONLY_UNVERIFIED_OFFICIAL_ID,"{""競馬場"":""阪神"",""芝/ダ"":"""",""馬場状態"":"""",""条件クラス"":"""",""距離区分"":"""",""回り"":"""",""内外"":""""}",JOCKEY_COLUMNS,PARSED,,,,,,,,,,,WIN_ROI_PCT|PLACE_ROI_PCT|N_STARTS,UNKNOWN,サイト現行既定は「オッズ反比例の賭け金・固定払戻の意図」(WEB_DEFINITION)。CSV作成時点の方式である証明にはならない,EQUAL_STAKE|EQUAL_PAYOUT,Y,Y,YES_PUBLIC_SCOPE_UNRULED,702,,,,N_WEIGHTED_MEAN_OF_PCT: sum(ROI_i*n_i)/sum(n_i) を整数丸め,UNVERIFIED_AGGREGATION,LEGACY_JOCKEY_CODE,二重丸め(掲載値が整数%＋加重平均後に再度整数丸め),阪神,,,,UNKNOWN,,DB_KEIBA,roi_presence_raw と完全に1対1でROI記入の有無の言い換え。行の出所ではない,7,,,UNVERIFIED(表示基準日がページ間で不一致: トップ2026-08-16/使い方2026-05-17),(リスト列なし=騎手表),,HOLD_MERGE+HOLD_METHOD+HOLD_ASOF+HOLD_ID,①購入方式の確定 ②分母(賭け金総額・払戻総額)の入手 ③加重平均の再現可否検証 ④場/距離/回りの重複排除
rec_b5edbefb50f1cd20e3ef271a65da3670c7b714bbed818a09e56e8af4e4927866,PRIMARY_JOCKEY,JockeyROI_連結済み_20260719_卍のみ_pre実測_backup.csv,213,JOCKEY,北村友一,,NAME_KEY_ONLY_UNVERIFIED_OFFICIAL_ID,"{""競馬場"":""阪神"",""芝/ダ"":"""",""馬場状態"":"""",""条件クラス"":"""",""距離区分"":"""",""回り"":"""",""内外"":""""}",JOCKEY_COLUMNS,PARSED,,,,,,,,,,,WIN_ROI_PCT|PLACE_ROI_PCT|N_STARTS,UNKNOWN,サイト現行既定は「オッズ反比例の賭け金・固定払戻の意図」(WEB_DEFINITION)。CSV作成時点の方式である証明にはならない,EQUAL_STAKE|EQUAL_PAYOUT,Y,Y,YES_PUBLIC_SCOPE_UNRULED,58,,,,N_WEIGHTED_MEAN_OF_PCT: sum(ROI_i*n_i)/sum(n_i) を整数丸め,UNVERIFIED_AGGREGATION,LEGACY_JOCKEY_CODE,二重丸め(掲載値が整数%＋加重平均後に再度整数丸め),阪神,,,,UNKNOWN,,DB_KEIBA,roi_presence_raw と完全に1対1でROI記入の有無の言い換え。行の出所ではない,3,,,UNVERIFIED(表示基準日がページ間で不一致: トップ2026-08-16/使い方2026-05-17),(リスト列なし=騎手表),,HOLD_MERGE+HOLD_METHOD+HOLD_ASOF+HOLD_ID,①購入方式の確定 ②分母(賭け金総額・払戻総額)の入手 ③加重平均の再現可否検証 ④場/距離/回りの重複排除
rec_fc25ab0e1aaf59e64aecd22d9f8c77239d1e60238dab975adb40dc8cbf50e506,PRIMARY_JOCKEY,JockeyROI_連結済み_20260719_卍のみ_pre実測_backup.csv,214,JOCKEY,M.デムーロ,,NAME_KEY_ONLY_UNVERIFIED_OFFICIAL_ID,"{""競馬場"":""阪神"",""芝/ダ"":"""",""馬場状態"":"""",""条件クラス"":"""",""距離区分"":"""",""回り"":"""",""内外"":""""}",JOCKEY_COLUMNS,PARSED,,,,,,,,,,,,UNKNOWN,,,N,N,NOT_APPLICABLE,,,,,,NOT_APPLICABLE_NO_ROI,,,阪神,,,,UNKNOWN,,BOOK_OR_UNSPECIFIED_ROI_SOURCE,roi_presence_raw と完全に1対1でROI記入の有無の言い換え。行の出所ではない,1,,,UNVERIFIED(表示基準日がページ間で不一致: トップ2026-08-16/使い方2026-05-17),(リスト列なし=騎手表),MISSING_ROI,NOT_AVAILABLE,原表と方式を入手するまで使用しない。原行は保持
rec_a8fbdbf09ea4a9709af48272d513008b95ba67f54cb216427650d1ac7d0fe00a,PRIMARY_JOCKEY,JockeyROI_連結済み_20260719_卍のみ_pre実測_backup.csv,215,JOCKEY,菱田裕二,,NAME_KEY_ONLY_UNVERIFIED_OFFICIAL_ID,"{""競馬場"":""阪神"",""芝/ダ"":"""",""馬場状態"":"""",""条件クラス"":"""",""距離区分"":"""",""回り"":"""",""内外"":""""}",JOCKEY_COLUMNS,PARSED,,,,,,,,,,,WIN_ROI_PCT|PLACE_ROI_PCT|N_STARTS,UNKNOWN,サイト現行既定は「オッズ反比例の賭け金・固定払戻の意図」(WEB_DEFINITION)。CSV作成時点の方式である証明にはならない,EQUAL_STAKE|EQUAL_PAYOUT,Y,Y,YES_PUBLIC_SCOPE_UNRULED,45,,,,N_WEIGHTED_MEAN_OF_PCT: sum(ROI_i*n_i)/sum(n_i) を整数丸め,UNVERIFIED_AGGREGATION,LEGACY_JOCKEY_CODE,二重丸め(掲載値が整数%＋加重平均後に再度整数丸め),阪神,,,,UNKNOWN,,DB_KEIBA,roi_presence_raw と完全に1対1でROI記入の有無の言い換え。行の出所ではない,2,,,UNVERIFIED(表示基準日がページ間で不一致: トップ2026-08-16/使い方2026-05-17),(リスト列なし=騎手表),,HOLD_MERGE+HOLD_METHOD+HOLD_ASOF+HOLD_ID,①購入方式の確定 ②分母(賭け金総額・払戻総額)の入手 ③加重平均の再現可否検証 ④場/距離/回りの重複排除
rec_01c996fc8d3b1d906c7448c2c73b9e2646a9fa181c640176944afb8a8c6bd6ce,PRIMARY_JOCKEY,JockeyROI_連結済み_20260719_卍のみ_pre実測_backup.csv,216,JOCKEY,岡田祥嗣,,NAME_KEY_ONLY_UNVERIFIED_OFFICIAL_ID,"{""競馬場"":""阪神"",""芝/ダ"":"""",""馬場状態"":"""",""条件クラス"":"""",""距離区分"":"""",""回り"":"""",""内外"":""""}",JOCKEY_COLUMNS,PARSED,,,,,,,,,,,,UNKNOWN,,,N,N,NOT_APPLICABLE,,,,,,NOT_APPLICABLE_NO_ROI,,,阪神,,,,UNKNOWN,,BOOK_OR_UNSPECIFIED_ROI_SOURCE,roi_presence_raw と完全に1対1でROI記入の有無の言い換え。行の出所ではない,1,,,UNVERIFIED(表示基準日がページ間で不一致: トップ2026-08-16/使い方2026-05-17),(リスト列なし=騎手表),MISSING_ROI,NOT_AVAILABLE,原表と方式を入手するまで使用しない。原行は保持
rec_fb2ea751639664976b47ce296abbccbf6770ca468dfd05eb7bfb92d1995313fd,PRIMARY_JOCKEY,JockeyROI_連結済み_20260719_卍のみ_pre実測_backup.csv,217,JOCKEY,高倉稜,,NAME_KEY_ONLY_UNVERIFIED_OFFICIAL_ID,"{""競馬場"":""阪神"",""芝/ダ"":"""",""馬場状態"":"""",""条件クラス"":"""",""距離区分"":"""",""回り"":"""",""内外"":""""}",JOCKEY_COLUMNS,PARSED,,,,,,,,,,,,UNKNOWN,,,N,N,NOT_APPLICABLE,,,,,,NOT_APPLICABLE_NO_ROI,,,阪神,,,,UNKNOWN,,BOOK_OR_UNSPECIFIED_ROI_SOURCE,roi_presence_raw と完全に1対1でROI記入の有無の言い換え。行の出所ではない,1,,,UNVERIFIED(表示基準日がページ間で不一致: トップ2026-08-16/使い方2026-05-17),(リスト列なし=騎手表),MISSING_ROI,NOT_AVAILABLE,原表と方式を入手するまで使用しない。原行は保持
rec_0a29de038258df55262746a61f95e2c7e3a296fe985a22c0ec2b96fa939b758c,PRIMARY_JOCKEY,JockeyROI_連結済み_20260719_卍のみ_pre実測_backup.csv,218,JOCKEY,岩田望来,,NAME_KEY_ONLY_UNVERIFIED_OFFICIAL_ID,"{""競馬場"":""阪神"",""芝/ダ"":"""",""馬場状態"":"""",""条件クラス"":"""",""距離区分"":"""",""回り"":"""",""内外"":""""}",JOCKEY_COLUMNS,PARSED,,,,,,,,,,,WIN_ROI_PCT|PLACE_ROI_PCT|N_STARTS,UNKNOWN,サイト現行既定は「オッズ反比例の賭け金・固定払戻の意図」(WEB_DEFINITION)。CSV作成時点の方式である証明にはならない,EQUAL_STAKE|EQUAL_PAYOUT,Y,Y,YES_PUBLIC_SCOPE_UNRULED,1326,,,,N_WEIGHTED_MEAN_OF_PCT: sum(ROI_i*n_i)/sum(n_i) を整数丸め,UNVERIFIED_AGGREGATION,LEGACY_JOCKEY_CODE,二重丸め(掲載値が整数%＋加重平均後に再度整数丸め),阪神,,,,UNKNOWN,,DB_KEIBA,roi_presence_raw と完全に1対1でROI記入の有無の言い換え。行の出所ではない,4,,,UNVERIFIED(表示基準日がページ間で不一致: トップ2026-08-16/使い方2026-05-17),(リスト列なし=騎手表),,HOLD_MERGE+HOLD_METHOD+HOLD_ASOF+HOLD_ID,①購入方式の確定 ②分母(賭け金総額・払戻総額)の入手 ③加重平均の再現可否検証 ④場/距離/回りの重複排除
rec_a639d7a65daa2f640589461289b913eb2822c2e4041f343008f2340a6f100dfc,PRIMARY_JOCKEY,JockeyROI_連結済み_20260719_卍のみ_pre実測_backup.csv,219,JOCKEY,吉村誠之助,,NAME_KEY_ONLY_UNVERIFIED_OFFICIAL_ID,"{""競馬場"":""阪神"",""芝/ダ"":"""",""馬場状態"":"""",""条件クラス"":"""",""距離区分"":"""",""回り"":"""",""内外"":""""}",JOCKEY_COLUMNS,PARSED,,,,,,,,,,,,UNKNOWN,,,N,N,NOT_APPLICABLE,,,,,,NOT_APPLICABLE_NO_ROI,,,阪神,,,,UNKNOWN,,BOOK_OR_UNSPECIFIED_ROI_SOURCE,roi_presence_raw と完全に1対1でROI記入の有無の言い換え。行の出所ではない,9,,,UNVERIFIED(表示基準日がページ間で不一致: トップ2026-08-16/使い方2026-05-17),(リスト列なし=騎手表),MISSING_ROI,NOT_AVAILABLE,原表と方式を入手するまで使用しない。原行は保持
rec_a9d19d173ecc81e43a5919371ddaf43bd6666703779d707bdcea0688a199a99f,PRIMARY_JOCKEY,JockeyROI_連結済み_20260719_卍のみ_pre実測_backup.csv,220,JOCKEY,田山旺佑,,NAME_KEY_ONLY_UNVERIFIED_OFFICIAL_ID,"{""競馬場"":""阪神"",""芝/ダ"":"""",""馬場状態"":"""",""条件クラス"":"""",""距離区分"":"""",""回り"":"""",""内外"":""""}",JOCKEY_COLUMNS,PARSED,,,,,,,,,,,,UNKNOWN,,,N,N,NOT_APPLICABLE,,,,,,NOT_APPLICABLE_NO_ROI,,,阪神,,,,UNKNOWN,,BOOK_OR_UNSPECIFIED_ROI_SOURCE,roi_presence_raw と完全に1対1でROI記入の有無の言い換え。行の出所ではない,8,,,UNVERIFIED(表示基準日がページ間で不一致: トップ2026-08-16/使い方2026-05-17),(リスト列なし=騎手表),MISSING_ROI,NOT_AVAILABLE,原表と方式を入手するまで使用しない。原行は保持
rec_9cfd8f32a601ad4295c4011fa3dc7c3013a15c46c6e474407ee4752b9a269d30,PRIMARY_JOCKEY,JockeyROI_連結済み_20260719_卍のみ_pre実測_backup.csv,221,JOCKEY,橋木太希,,NAME_KEY_ONLY_UNVERIFIED_OFFICIAL_ID,"{""競馬場"":""阪神"",""芝/ダ"":"""",""馬場状態"":"""",""条件クラス"":"""",""距離区分"":"""",""回り"":"""",""内外"":""""}",JOCKEY_COLUMNS,PARSED,,,,,,,,,,,,UNKNOWN,,,N,N,NOT_APPLICABLE,,,,,,NOT_APPLICABLE_NO_ROI,,,阪神,,,,UNKNOWN,,BOOK_OR_UNSPECIFIED_ROI_SOURCE,roi_presence_raw と完全に1対1でROI記入の有無の言い換え。行の出所ではない,3,,,UNVERIFIED(表示基準日がページ間で不一致: トップ2026-08-16/使い方2026-05-17),(リスト列なし=騎手表),MISSING_ROI,NOT_AVAILABLE,原表と方式を入手するまで使用しない。原行は保持
rec_b0f2ef50d04d333365ecd8907375e63a46355fbbfe9e2eac065b4a11cfde9875,PRIMARY_JOCKEY,JockeyROI_連結済み_20260719_卍のみ_pre実測_backup.csv,222,JOCKEY,田山旺佑,,NAME_KEY_ONLY_UNVERIFIED_OFFICIAL_ID,"{""競馬場"":""小倉"",""芝/ダ"":"""",""馬場状態"":"""",""条件クラス"":"""",""距離区分"":"""",""回り"":"""",""内外"":""""}",JOCKEY_COLUMNS,PARSED,,,,,,,,,,,,UNKNOWN,,,N,N,NOT_APPLICABLE,,,,,,NOT_APPLICABLE_NO_ROI,,,小倉,,,,UNKNOWN,,BOOK_OR_UNSPECIFIED_ROI_SOURCE,roi_presence_raw と完全に1対1でROI記入の有無の言い換え。行の出所ではない,8,,,UNVERIFIED(表示基準日がページ間で不一致: トップ2026-08-16/使い方2026-05-17),(リスト列なし=騎手表),MISSING_ROI,NOT_AVAILABLE,原表と方式を入手するまで使用しない。原行は保持
rec_c6624aa7ff26fea1b2483c30de9e8a676d7412797792b972ada69ca1212b3f3e,PRIMARY_JOCKEY,JockeyROI_連結済み_20260719_卍のみ_pre実測_backup.csv,223,JOCKEY,小沢大仁,,NAME_KEY_ONLY_UNVERIFIED_OFFICIAL_ID,"{""競馬場"":""小倉"",""芝/ダ"":"""",""馬場状態"":"""",""条件クラス"":"""",""距離区分"":"""",""回り"":"""",""内外"":""""}",JOCKEY_COLUMNS,PARSED,,,,,,,,,,,WIN_ROI_PCT|PLACE_ROI_PCT|N_STARTS,UNKNOWN,サイト現行既定は「オッズ反比例の賭け金・固定払戻の意図」(WEB_DEFINITION)。CSV作成時点の方式である証明にはならない,EQUAL_STAKE|EQUAL_PAYOUT,Y,Y,YES_PUBLIC_SCOPE_UNRULED,194,,,,N_WEIGHTED_MEAN_OF_PCT: sum(ROI_i*n_i)/sum(n_i) を整数丸め,UNVERIFIED_AGGREGATION,LEGACY_JOCKEY_CODE,二重丸め(掲載値が整数%＋加重平均後に再度整数丸め),小倉,,,,UNKNOWN,,DB_KEIBA,roi_presence_raw と完全に1対1でROI記入の有無の言い換え。行の出所ではない,9,,,UNVERIFIED(表示基準日がページ間で不一致: トップ2026-08-16/使い方2026-05-17),(リスト列なし=騎手表),,HOLD_MERGE+HOLD_METHOD+HOLD_ASOF+HOLD_ID,①購入方式の確定 ②分母(賭け金総額・払戻総額)の入手 ③加重平均の再現可否検証 ④場/距離/回りの重複排除
rec_ba10e06fac7b7f1adcf63ad48ae7f6648da6b4a204d49ff0a7877e16f5f05512,PRIMARY_JOCKEY,JockeyROI_連結済み_20260719_卍のみ_pre実測_backup.csv,224,JOCKEY,高杉吏麒,,NAME_KEY_ONLY_UNVERIFIED_OFFICIAL_ID,"{""競馬場"":""小倉"",""芝/ダ"":"""",""馬場状態"":"""",""条件クラス"":"""",""距離区分"":"""",""回り"":"""",""内外"":""""}",JOCKEY_COLUMNS,PARSED,,,,,,,,,,,,UNKNOWN,,,N,N,NOT_APPLICABLE,,,,,,NOT_APPLICABLE_NO_ROI,,,小倉,,,,UNKNOWN,,BOOK_OR_UNSPECIFIED_ROI_SOURCE,roi_presence_raw と完全に1対1でROI記入の有無の言い換え。行の出所ではない,21,,,UNVERIFIED(表示基準日がページ間で不一致: トップ2026-08-16/使い方2026-05-17),(リスト列なし=騎手表),MISSING_ROI,NOT_AVAILABLE,原表と方式を入手するまで使用しない。原行は保持
rec_f581d5801d865b589d132466822bf8197bcb7758660b39900232310f308bcdfe,PRIMARY_JOCKEY,JockeyROI_連結済み_20260719_卍のみ_pre実測_backup.csv,225,JOCKEY,小林修斗,,NAME_KEY_ONLY_UNVERIFIED_OFFICIAL_ID,"{""競馬場"":""小倉"",""芝/ダ"":"""",""馬場状態"":"""",""条件クラス"":"""",""距離区分"":"""",""回り"":"""",""内外"":""""}",JOCKEY_COLUMNS,PARSED,,,,,,,,,,,,UNKNOWN,,,N,N,NOT_APPLICABLE,,,,,,NOT_APPLICABLE_NO_ROI,,,小倉,,,,UNKNOWN,,BOOK_OR_UNSPECIFIED_ROI_SOURCE,roi_presence_raw と完全に1対1でROI記入の有無の言い換え。行の出所ではない,1,,,UNVERIFIED(表示基準日がページ間で不一致: トップ2026-08-16/使い方2026-05-17),(リスト列なし=騎手表),MISSING_ROI,NOT_AVAILABLE,原表と方式を入手するまで使用しない。原行は保持
rec_9af288b210ce4aa10179333461b6c4026577f0c4a46375fbb894f1a66a75ed74,PRIMARY_JOCKEY,JockeyROI_連結済み_20260719_卍のみ_pre実測_backup.csv,226,JOCKEY,石神深道,,NAME_KEY_ONLY_UNVERIFIED_OFFICIAL_ID,"{""競馬場"":""小倉"",""芝/ダ"":"""",""馬場状態"":"""",""条件クラス"":"""",""距離区分"":"""",""回り"":"""",""内外"":""""}",JOCKEY_COLUMNS,PARSED,,,,,,,,,,,,UNKNOWN,,,N,N,NOT_APPLICABLE,,,,,,NOT_APPLICABLE_NO_ROI,,,小倉,,,,UNKNOWN,,BOOK_OR_UNSPECIFIED_ROI_SOURCE,roi_presence_raw と完全に1対1でROI記入の有無の言い換え。行の出所ではない,13,,,UNVERIFIED(表示基準日がページ間で不一致: トップ2026-08-16/使い方2026-05-17),(リスト列なし=騎手表),MISSING_ROI,NOT_AVAILABLE,原表と方式を入手するまで使用しない。原行は保持
rec_e46b3004afe8484f446d86465539647c0a395d72461987eb4eb64dd67372aa5e,PRIMARY_JOCKEY,JockeyROI_連結済み_20260719_卍のみ_pre実測_backup.csv,227,JOCKEY,菊沢一樹,,NAME_KEY_ONLY_UNVERIFIED_OFFICIAL_ID,"{""競馬場"":""小倉"",""芝/ダ"":"""",""馬場状態"":"""",""条件クラス"":"""",""距離区分"":"""",""回り"":"""",""内外"":""""}",JOCKEY_COLUMNS,PARSED,,,,,,,,,,,,UNKNOWN,,,N,N,NOT_APPLICABLE,,,,,,NOT_APPLICABLE_NO_ROI,,,小倉,,,,UNKNOWN,,BOOK_OR_UNSPECIFIED_ROI_SOURCE,roi_presence_raw と完全に1対1でROI記入の有無の言い換え。行の出所ではない,10,,,UNVERIFIED(表示基準日がページ間で不一致: トップ2026-08-16/使い方2026-05-17),(リスト列なし=騎手表),MISSING_ROI,NOT_AVAILABLE,原表と方式を入手するまで使用しない。原行は保持
rec_a7fe598d33e1c98bab663b67fc91260f46eb8958c82b39613fa75f73b45aae10,PRIMARY_JOCKEY,JockeyROI_連結済み_20260719_卍のみ_pre実測_backup.csv,228,JOCKEY,秋山稔樹,,NAME_KEY_ONLY_UNVERIFIED_OFFICIAL_ID,"{""競馬場"":""小倉"",""芝/ダ"":"""",""馬場状態"":"""",""条件クラス"":"""",""距離区分"":"""",""回り"":"""",""内外"":""""}",JOCKEY_COLUMNS,PARSED,,,,,,,,,,,WIN_ROI_PCT|PLACE_ROI_PCT|N_STARTS,UNKNOWN,サイト現行既定は「オッズ反比例の賭け金・固定払戻の意図」(WEB_DEFINITION)。CSV作成時点の方式である証明にはならない,EQUAL_STAKE|EQUAL_PAYOUT,Y,Y,YES_PUBLIC_SCOPE_UNRULED,57,,,,N_WEIGHTED_MEAN_OF_PCT: sum(ROI_i*n_i)/sum(n_i) を整数丸め,UNVERIFIED_AGGREGATION,LEGACY_JOCKEY_CODE,二重丸め(掲載値が整数%＋加重平均後に再度整数丸め),小倉,,,,UNKNOWN,,DB_KEIBA,roi_presence_raw と完全に1対1でROI記入の有無の言い換え。行の出所ではない,5,,,UNVERIFIED(表示基準日がページ間で不一致: トップ2026-08-16/使い方2026-05-17),(リスト列なし=騎手表),,HOLD_MERGE+HOLD_METHOD+HOLD_ASOF+HOLD_ID,①購入方式の確定 ②分母(賭け金総額・払戻総額)の入手 ③加重平均の再現可否検証 ④場/距離/回りの重複排除
rec_35647d52b4b60d93ab74128208c0af68c11498034e8f55c75f511104d93ee1aa,PRIMARY_JOCKEY,JockeyROI_連結済み_20260719_卍のみ_pre実測_backup.csv,229,JOCKEY,泉谷楓真,,NAME_KEY_ONLY_UNVERIFIED_OFFICIAL_ID,"{""競馬場"":""小倉"",""芝/ダ"":"""",""馬場状態"":"""",""条件クラス"":"""",""距離区分"":"""",""回り"":"""",""内外"":""""}",JOCKEY_COLUMNS,PARSED,,,,,,,,,,,,UNKNOWN,,,N,N,NOT_APPLICABLE,,,,,,NOT_APPLICABLE_NO_ROI,,,小倉,,,,UNKNOWN,,BOOK_OR_UNSPECIFIED_ROI_SOURCE,roi_presence_raw と完全に1対1でROI記入の有無の言い換え。行の出所ではない,1,,,UNVERIFIED(表示基準日がページ間で不一致: トップ2026-08-16/使い方2026-05-17),(リスト列なし=騎手表),MISSING_ROI,NOT_AVAILABLE,原表と方式を入手するまで使用しない。原行は保持
rec_931a125698a3cd637c3630887cb13d6d280e6b05c4a2464b84c688eb0b51e89c,PRIMARY_JOCKEY,JockeyROI_連結済み_20260719_卍のみ_pre実測_backup.csv,230,JOCKEY,古川吉洋,,NAME_KEY_ONLY_UNVERIFIED_OFFICIAL_ID,"{""競馬場"":""小倉"",""芝/ダ"":"""",""馬場状態"":"""",""条件クラス"":"""",""距離区分"":"""",""回り"":"""",""内外"":""""}",JOCKEY_COLUMNS,PARSED,,,,,,,,,,,,UNKNOWN,,,N,N,NOT_APPLICABLE,,,,,,NOT_APPLICABLE_NO_ROI,,,小倉,,,,UNKNOWN,,BOOK_OR_UNSPECIFIED_ROI_SOURCE,roi_presence_raw と完全に1対1でROI記入の有無の言い換え。行の出所ではない,6,,,UNVERIFIED(表示基準日がページ間で不一致: トップ2026-08-16/使い方2026-05-17),(リスト列なし=騎手表),MISSING_ROI,NOT_AVAILABLE,原表と方式を入手するまで使用しない。原行は保持
rec_ee923ae6d54e2905a809e24fbe6c798e32df3539057463f80ba5607b91a4237a,PRIMARY_JOCKEY,JockeyROI_連結済み_20260719_卍のみ_pre実測_backup.csv,231,JOCKEY,松本大輝,,NAME_KEY_ONLY_UNVERIFIED_OFFICIAL_ID,"{""競馬場"":""小倉"",""芝/ダ"":"""",""馬場状態"":"""",""条件クラス"":"""",""距離区分"":"""",""回り"":"""",""内外"":""""}",JOCKEY_COLUMNS,PARSED,,,,,,,,,,,WIN_ROI_PCT|PLACE_ROI_PCT|N_STARTS,UNKNOWN,サイト現行既定は「オッズ反比例の賭け金・固定払戻の意図」(WEB_DEFINITION)。CSV作成時点の方式である証明にはならない,EQUAL_STAKE|EQUAL_PAYOUT,Y,Y,YES_PUBLIC_SCOPE_UNRULED,88,,,,N_WEIGHTED_MEAN_OF_PCT: sum(ROI_i*n_i)/sum(n_i) を整数丸め,UNVERIFIED_AGGREGATION,LEGACY_JOCKEY_CODE,二重丸め(掲載値が整数%＋加重平均後に再度整数丸め),小倉,,,,UNKNOWN,,DB_KEIBA,roi_presence_raw と完全に1対1でROI記入の有無の言い換え。行の出所ではない,4,,,UNVERIFIED(表示基準日がページ間で不一致: トップ2026-08-16/使い方2026-05-17),(リスト列なし=騎手表),,HOLD_MERGE+HOLD_METHOD+HOLD_ASOF+HOLD_ID,①購入方式の確定 ②分母(賭け金総額・払戻総額)の入手 ③加重平均の再現可否検証 ④場/距離/回りの重複排除
rec_c24b31399b13c378e8acbe424b72a3b239f582696f274718b33e887b81d226cd,PRIMARY_JOCKEY,JockeyROI_連結済み_20260719_卍のみ_pre実測_backup.csv,232,JOCKEY,河原田菜々,,NAME_KEY_ONLY_UNVERIFIED_OFFICIAL_ID,"{""競馬場"":""小倉"",""芝/ダ"":"""",""馬場状態"":"""",""条件クラス"":"""",""距離区分"":"""",""回り"":"""",""内外"":""""}",JOCKEY_COLUMNS,PARSED,,,,,,,,,,,,UNKNOWN,,,N,N,NOT_APPLICABLE,,,,,,NOT_APPLICABLE_NO_ROI,,,小倉,,,,UNKNOWN,,BOOK_OR_UNSPECIFIED_ROI_SOURCE,roi_presence_raw と完全に1対1でROI記入の有無の言い換え。行の出所ではない,2,,,UNVERIFIED(表示基準日がページ間で不一致: トップ2026-08-16/使い方2026-05-17),(リスト列なし=騎手表),MISSING_ROI,NOT_AVAILABLE,原表と方式を入手するまで使用しない。原行は保持
rec_f58c8a6ca36999e53be96340a06b3fb627c48cfd0043e8dca77afcee96b47299,PRIMARY_JOCKEY,JockeyROI_連結済み_20260719_卍のみ_pre実測_backup.csv,233,JOCKEY,柴田裕一郎,,NAME_KEY_ONLY_UNVERIFIED_OFFICIAL_ID,"{""競馬場"":""小倉"",""芝/ダ"":"""",""馬場状態"":"""",""条件クラス"":"""",""距離区分"":"""",""回り"":"""",""内外"":""""}",JOCKEY_COLUMNS,PARSED,,,,,,,,,,,,UNKNOWN,,,N,N,NOT_APPLICABLE,,,,,,NOT_APPLICABLE_NO_ROI,,,小倉,,,,UNKNOWN,,BOOK_OR_UNSPECIFIED_ROI_SOURCE,roi_presence_raw と完全に1対1でROI記入の有無の言い換え。行の出所ではない,7,,,UNVERIFIED(表示基準日がページ間で不一致: トップ2026-08-16/使い方2026-05-17),(リスト列なし=騎手表),MISSING_ROI,NOT_AVAILABLE,原表と方式を入手するまで使用しない。原行は保持
rec_a1796a4e0ded6729cfa82a8caaa74c0132076539e520cd59e4c54d2a48ca49b8,PRIMARY_JOCKEY,JockeyROI_連結済み_20260719_卍のみ_pre実測_backup.csv,234,JOCKEY,永島まなみ,,NAME_KEY_ONLY_UNVERIFIED_OFFICIAL_ID,"{""競馬場"":""小倉"",""芝/ダ"":"""",""馬場状態"":"""",""条件クラス"":"""",""距離区分"":"""",""回り"":"""",""内外"":""""}",JOCKEY_COLUMNS,PARSED,,,,,,,,,,,WIN_ROI_PCT|PLACE_ROI_PCT|N_STARTS,UNKNOWN,サイト現行既定は「オッズ反比例の賭け金・固定払戻の意図」(WEB_DEFINITION)。CSV作成時点の方式である証明にはならない,EQUAL_STAKE|EQUAL_PAYOUT,Y,Y,YES_PUBLIC_SCOPE_UNRULED,134,,,,N_WEIGHTED_MEAN_OF_PCT: sum(ROI_i*n_i)/sum(n_i) を整数丸め,UNVERIFIED_AGGREGATION,LEGACY_JOCKEY_CODE,二重丸め(掲載値が整数%＋加重平均後に再度整数丸め),小倉,,,,UNKNOWN,,DB_KEIBA,roi_presence_raw と完全に1対1でROI記入の有無の言い換え。行の出所ではない,3,,,UNVERIFIED(表示基準日がページ間で不一致: トップ2026-08-16/使い方2026-05-17),(リスト列なし=騎手表),,HOLD_MERGE+HOLD_METHOD+HOLD_ASOF+HOLD_ID,①購入方式の確定 ②分母(賭け金総額・払戻総額)の入手 ③加重平均の再現可否検証 ④場/距離/回りの重複排除
rec_6da82027ed0b0feffe09cff2daa64f0769b2730e6d0554b9aff479494a6c1b35,PRIMARY_JOCKEY,JockeyROI_連結済み_20260719_卍のみ_pre実測_backup.csv,235,JOCKEY,高杉吏麒,,NAME_KEY_ONLY_UNVERIFIED_OFFICIAL_ID,"{""競馬場"":"""",""芝/ダ"":""芝"",""馬場状態"":""稍重"",""条件クラス"":"""",""距離区分"":"""",""回り"":"""",""内外"":""""}",JOCKEY_COLUMNS,PARSED,,,,,,,,,,,,UNKNOWN,,,N,N,NOT_APPLICABLE,,,,,,NOT_APPLICABLE_NO_ROI,,,,芝,,,UNKNOWN,,BOOK_OR_UNSPECIFIED_ROI_SOURCE,roi_presence_raw と完全に1対1でROI記入の有無の言い換え。行の出所ではない,21,,,UNVERIFIED(表示基準日がページ間で不一致: トップ2026-08-16/使い方2026-05-17),(リスト列なし=騎手表),MISSING_ROI,NOT_AVAILABLE,原表と方式を入手するまで使用しない。原行は保持
rec_f592a42b203186362393c9071937f1aa18b1a80c1bc627316cf12b8dc2159b78,PRIMARY_JOCKEY,JockeyROI_連結済み_20260719_卍のみ_pre実測_backup.csv,236,JOCKEY,秋山稔樹,,NAME_KEY_ONLY_UNVERIFIED_OFFICIAL_ID,"{""競馬場"":"""",""芝/ダ"":""芝"",""馬場状態"":""稍重"",""条件クラス"":"""",""距離区分"":"""",""回り"":"""",""内外"":""""}",JOCKEY_COLUMNS,PARSED,,,,,,,,,,,,UNKNOWN,,,N,N,NOT_APPLICABLE,,,,,,NOT_APPLICABLE_NO_ROI,,,,芝,,,UNKNOWN,,BOOK_OR_UNSPECIFIED_ROI_SOURCE,roi_presence_raw と完全に1対1でROI記入の有無の言い換え。行の出所ではない,5,,,UNVERIFIED(表示基準日がページ間で不一致: トップ2026-08-16/使い方2026-05-17),(リスト列なし=騎手表),MISSING_ROI,NOT_AVAILABLE,原表と方式を入手するまで使用しない。原行は保持
rec_bb00237b1dcf020aaaa76f23757d2287ff7f95b6ccf3c136b7df9352b2c356b6,PRIMARY_JOCKEY,JockeyROI_連結済み_20260719_卍のみ_pre実測_backup.csv,237,JOCKEY,川端海翼,,NAME_KEY_ONLY_UNVERIFIED_OFFICIAL_ID,"{""競馬場"":"""",""芝/ダ"":""芝"",""馬場状態"":""稍重"",""条件クラス"":"""",""距離区分"":"""",""回り"":"""",""内外"":""""}",JOCKEY_COLUMNS,PARSED,,,,,,,,,,,,UNKNOWN,,,N,N,NOT_APPLICABLE,,,,,,NOT_APPLICABLE_NO_ROI,,,,芝,,,UNKNOWN,,BOOK_OR_UNSPECIFIED_ROI_SOURCE,roi_presence_raw と完全に1対1でROI記入の有無の言い換え。行の出所ではない,6,,,UNVERIFIED(表示基準日がページ間で不一致: トップ2026-08-16/使い方2026-05-17),(リスト列なし=騎手表),MISSING_ROI,NOT_AVAILABLE,原表と方式を入手するまで使用しない。原行は保持
rec_09d86d2f4892614489fd7ff22722a2296ceb025c9a8818e866d6866fc97db834,PRIMARY_JOCKEY,JockeyROI_連結済み_20260719_卍のみ_pre実測_backup.csv,238,JOCKEY,菊沢一樹,,NAME_KEY_ONLY_UNVERIFIED_OFFICIAL_ID,"{""競馬場"":"""",""芝/ダ"":""芝"",""馬場状態"":""稍重"",""条件クラス"":"""",""距離区分"":"""",""回り"":"""",""内外"":""""}",JOCKEY_COLUMNS,PARSED,,,,,,,,,,,,UNKNOWN,,,N,N,NOT_APPLICABLE,,,,,,NOT_APPLICABLE_NO_ROI,,,,芝,,,UNKNOWN,,BOOK_OR_UNSPECIFIED_ROI_SOURCE,roi_presence_raw と完全に1対1でROI記入の有無の言い換え。行の出所ではない,10,,,UNVERIFIED(表示基準日がページ間で不一致: トップ2026-08-16/使い方2026-05-17),(リスト列なし=騎手表),MISSING_ROI,NOT_AVAILABLE,原表と方式を入手するまで使用しない。原行は保持
rec_867dfd5371b50a8461a903c835a9c81507f73dc27e1fcd2e16f1f8f75f0174ce,PRIMARY_JOCKEY,JockeyROI_連結済み_20260719_卍のみ_pre実測_backup.csv,239,JOCKEY,舟山瑠泉,,NAME_KEY_ONLY_UNVERIFIED_OFFICIAL_ID,"{""競馬場"":"""",""芝/ダ"":""芝"",""馬場状態"":""稍重"",""条件クラス"":"""",""距離区分"":"""",""回り"":"""",""内外"":""""}",JOCKEY_COLUMNS,PARSED,,,,,,,,,,,,UNKNOWN,,,N,N,NOT_APPLICABLE,,,,,,NOT_APPLICABLE_NO_ROI,,,,芝,,,UNKNOWN,,BOOK_OR_UNSPECIFIED_ROI_SOURCE,roi_presence_raw と完全に1対1でROI記入の有無の言い換え。行の出所ではない,10,,,UNVERIFIED(表示基準日がページ間で不一致: トップ2026-08-16/使い方2026-05-17),(リスト列なし=騎手表),MISSING_ROI,NOT_AVAILABLE,原表と方式を入手するまで使用しない。原行は保持
rec_75e6bb2f314ac56d89e3dd82004763cd22de642992c1da192db109abf4cb1721,PRIMARY_JOCKEY,JockeyROI_連結済み_20260719_卍のみ_pre実測_backup.csv,240,JOCKEY,佐々木大輔,,NAME_KEY_ONLY_UNVERIFIED_OFFICIAL_ID,"{""競馬場"":"""",""芝/ダ"":""芝"",""馬場状態"":""稍重"",""条件クラス"":"""",""距離区分"":"""",""回り"":"""",""内外"":""""}",JOCKEY_COLUMNS,PARSED,,,,,,,,,,,,UNKNOWN,,,N,N,NOT_APPLICABLE,,,,,,NOT_APPLICABLE_NO_ROI,,,,芝,,,UNKNOWN,,BOOK_OR_UNSPECIFIED_ROI_SOURCE,roi_presence_raw と完全に1対1でROI記入の有無の言い換え。行の出所ではない,4,,,UNVERIFIED(表示基準日がページ間で不一致: トップ2026-08-16/使い方2026-05-17),(リスト列なし=騎手表),MISSING_ROI,NOT_AVAILABLE,原表と方式を入手するまで使用しない。原行は保持
rec_b033c098d57a55bc98e24184a4381a7abb45ca2d99df153592c1b05945335cc8,PRIMARY_JOCKEY,JockeyROI_連結済み_20260719_卍のみ_pre実測_backup.csv,241,JOCKEY,古川吉洋,,NAME_KEY_ONLY_UNVERIFIED_OFFICIAL_ID,"{""競馬場"":"""",""芝/ダ"":""芝"",""馬場状態"":""稍重"",""条件クラス"":"""",""距離区分"":"""",""回り"":"""",""内外"":""""}",JOCKEY_COLUMNS,PARSED,,,,,,,,,,,,UNKNOWN,,,N,N,NOT_APPLICABLE,,,,,,NOT_APPLICABLE_NO_ROI,,,,芝,,,UNKNOWN,,BOOK_OR_UNSPECIFIED_ROI_SOURCE,roi_presence_raw と完全に1対1でROI記入の有無の言い換え。行の出所ではない,6,,,UNVERIFIED(表示基準日がページ間で不一致: トップ2026-08-16/使い方2026-05-17),(リスト列なし=騎手表),MISSING_ROI,NOT_AVAILABLE,原表と方式を入手するまで使用しない。原行は保持
rec_31fcd22b5b3901615af0b1cd16809ffecc86306cb20958b483b23c8e10c4118d,PRIMARY_JOCKEY,JockeyROI_連結済み_20260719_卍のみ_pre実測_backup.csv,242,JOCKEY,国分恭介,,NAME_KEY_ONLY_UNVERIFIED_OFFICIAL_ID,"{""競馬場"":"""",""芝/ダ"":""芝"",""馬場状態"":""稍重"",""条件クラス"":"""",""距離区分"":"""",""回り"":"""",""内外"":""""}",JOCKEY_COLUMNS,PARSED,,,,,,,,,,,,UNKNOWN,,,N,N,NOT_APPLICABLE,,,,,,NOT_APPLICABLE_NO_ROI,,,,芝,,,UNKNOWN,,BOOK_OR_UNSPECIFIED_ROI_SOURCE,roi_presence_raw と完全に1対1でROI記入の有無の言い換え。行の出所ではない,15,,,UNVERIFIED(表示基準日がページ間で不一致: トップ2026-08-16/使い方2026-05-17),(リスト列なし=騎手表),MISSING_ROI,NOT_AVAILABLE,原表と方式を入手するまで使用しない。原行は保持
rec_7be4d9b581f8bdb8747d5fd0e0710a3f36442a258b0b29beb52e654f4f43a082,PRIMARY_JOCKEY,JockeyROI_連結済み_20260719_卍のみ_pre実測_backup.csv,243,JOCKEY,浜中俊,,NAME_KEY_ONLY_UNVERIFIED_OFFICIAL_ID,"{""競馬場"":"""",""芝/ダ"":""芝"",""馬場状態"":""稍重"",""条件クラス"":"""",""距離区分"":"""",""回り"":"""",""内外"":""""}",JOCKEY_COLUMNS,PARSED,,,,,,,,,,,,UNKNOWN,,,N,N,NOT_APPLICABLE,,,,,,NOT_APPLICABLE_NO_ROI,,,,芝,,,UNKNOWN,,BOOK_OR_UNSPECIFIED_ROI_SOURCE,roi_presence_raw と完全に1対1でROI記入の有無の言い換え。行の出所ではない,6,,,UNVERIFIED(表示基準日がページ間で不一致: トップ2026-08-16/使い方2026-05-17),(リスト列なし=騎手表),MISSING_ROI,NOT_AVAILABLE,原表と方式を入手するまで使用しない。原行は保持
rec_27f6afa8412356fd8285a3a12e8e44788b1177936ed5605450ee00d0d6a2d6ec,PRIMARY_JOCKEY,JockeyROI_連結済み_20260719_卍のみ_pre実測_backup.csv,244,JOCKEY,鷲頭虎太,,NAME_KEY_ONLY_UNVERIFIED_OFFICIAL_ID,"{""競馬場"":"""",""芝/ダ"":""芝"",""馬場状態"":""稍重"",""条件クラス"":"""",""距離区分"":"""",""回り"":"""",""内外"":""""}",JOCKEY_COLUMNS,PARSED,,,,,,,,,,,,UNKNOWN,,,N,N,NOT_APPLICABLE,,,,,,NOT_APPLICABLE_NO_ROI,,,,芝,,,UNKNOWN,,BOOK_OR_UNSPECIFIED_ROI_SOURCE,roi_presence_raw と完全に1対1でROI記入の有無の言い換え。行の出所ではない,9,,,UNVERIFIED(表示基準日がページ間で不一致: トップ2026-08-16/使い方2026-05-17),(リスト列なし=騎手表),MISSING_ROI,NOT_AVAILABLE,原表と方式を入手するまで使用しない。原行は保持
rec_9a746c5b11fedb3e74fd36e3515129960d51d8be379210822c94e09a02c1d022,PRIMARY_JOCKEY,JockeyROI_連結済み_20260719_卍のみ_pre実測_backup.csv,245,JOCKEY,石田拓郎,,NAME_KEY_ONLY_UNVERIFIED_OFFICIAL_ID,"{""競馬場"":"""",""芝/ダ"":""芝"",""馬場状態"":""稍重"",""条件クラス"":"""",""距離区分"":"""",""回り"":"""",""内外"":""""}",JOCKEY_COLUMNS,PARSED,,,,,,,,,,,,UNKNOWN,,,N,N,NOT_APPLICABLE,,,,,,NOT_APPLICABLE_NO_ROI,,,,芝,,,UNKNOWN,,BOOK_OR_UNSPECIFIED_ROI_SOURCE,roi_presence_raw と完全に1対1でROI記入の有無の言い換え。行の出所ではない,3,,,UNVERIFIED(表示基準日がページ間で不一致: トップ2026-08-16/使い方2026-05-17),(リスト列なし=騎手表),MISSING_ROI,NOT_AVAILABLE,原表と方式を入手するまで使用しない。原行は保持
rec_0bbc732597d727208acf53cd6a71cc97630b45d6db0defacc5074472812cbc03,PRIMARY_JOCKEY,JockeyROI_連結済み_20260719_卍のみ_pre実測_backup.csv,246,JOCKEY,遠藤汰月,,NAME_KEY_ONLY_UNVERIFIED_OFFICIAL_ID,"{""競馬場"":"""",""芝/ダ"":""芝"",""馬場状態"":""稍重"",""条件クラス"":"""",""距離区分"":"""",""回り"":"""",""内外"":""""}",JOCKEY_COLUMNS,PARSED,,,,,,,,,,,,UNKNOWN,,,N,N,NOT_APPLICABLE,,,,,,NOT_APPLICABLE_NO_ROI,,,,芝,,,UNKNOWN,,BOOK_OR_UNSPECIFIED_ROI_SOURCE,roi_presence_raw と完全に1対1でROI記入の有無の言い換え。行の出所ではない,16,,,UNVERIFIED(表示基準日がページ間で不一致: トップ2026-08-16/使い方2026-05-17),(リスト列なし=騎手表),MISSING_ROI,NOT_AVAILABLE,原表と方式を入手するまで使用しない。原行は保持
rec_88d29b155803c2d3adcd598666aee1e2856b557a06288463cd89cd8ebd003470,PRIMARY_JOCKEY,JockeyROI_連結済み_20260719_卍のみ_pre実測_backup.csv,247,JOCKEY,原田和真,,NAME_KEY_ONLY_UNVERIFIED_OFFICIAL_ID,"{""競馬場"":"""",""芝/ダ"":""芝"",""馬場状態"":""稍重"",""条件クラス"":"""",""距離区分"":"""",""回り"":"""",""内外"":""""}",JOCKEY_COLUMNS,PARSED,,,,,,,,,,,,UNKNOWN,,,N,N,NOT_APPLICABLE,,,,,,NOT_APPLICABLE_NO_ROI,,,,芝,,,UNKNOWN,,BOOK_OR_UNSPECIFIED_ROI_SOURCE,roi_presence_raw と完全に1対1でROI記入の有無の言い換え。行の出所ではない,10,,,UNVERIFIED(表示基準日がページ間で不一致: トップ2026-08-16/使い方2026-05-17),(リスト列なし=騎手表),MISSING_ROI,NOT_AVAILABLE,原表と方式を入手するまで使用しない。原行は保持
rec_f545d382661dfb430251c93c4831e75dffca55cb36d9749ec8ff7e1ad9d542a3,PRIMARY_JOCKEY,JockeyROI_連結済み_20260719_卍のみ_pre実測_backup.csv,248,JOCKEY,高杉吏麒,,NAME_KEY_ONLY_UNVERIFIED_OFFICIAL_ID,"{""競馬場"":"""",""芝/ダ"":""芝"",""馬場状態"":""重"",""条件クラス"":"""",""距離区分"":"""",""回り"":"""",""内外"":""""}",JOCKEY_COLUMNS,PARSED,,,,,,,,,,,,UNKNOWN,,,N,N,NOT_APPLICABLE,,,,,,NOT_APPLICABLE_NO_ROI,,,,芝,,,UNKNOWN,,BOOK_OR_UNSPECIFIED_ROI_SOURCE,roi_presence_raw と完全に1対1でROI記入の有無の言い換え。行の出所ではない,21,,,UNVERIFIED(表示基準日がページ間で不一致: トップ2026-08-16/使い方2026-05-17),(リスト列なし=騎手表),MISSING_ROI,NOT_AVAILABLE,原表と方式を入手するまで使用しない。原行は保持
rec_8f7b2732dc25feed480d550831d693f8e87195a07d79052806e051f28c147898,PRIMARY_JOCKEY,JockeyROI_連結済み_20260719_卍のみ_pre実測_backup.csv,249,JOCKEY,秋山稔樹,,NAME_KEY_ONLY_UNVERIFIED_OFFICIAL_ID,"{""競馬場"":"""",""芝/ダ"":""芝"",""馬場状態"":""重"",""条件クラス"":"""",""距離区分"":"""",""回り"":"""",""内外"":""""}",JOCKEY_COLUMNS,PARSED,,,,,,,,,,,,UNKNOWN,,,N,N,NOT_APPLICABLE,,,,,,NOT_APPLICABLE_NO_ROI,,,,芝,,,UNKNOWN,,BOOK_OR_UNSPECIFIED_ROI_SOURCE,roi_presence_raw と完全に1対1でROI記入の有無の言い換え。行の出所ではない,5,,,UNVERIFIED(表示基準日がページ間で不一致: トップ2026-08-16/使い方2026-05-17),(リスト列なし=騎手表),MISSING_ROI,NOT_AVAILABLE,原表と方式を入手するまで使用しない。原行は保持
rec_50097afdd5795ad925df7ef086746b78c22cf20d1fec6aff06b60d21e433c5a6,PRIMARY_JOCKEY,JockeyROI_連結済み_20260719_卍のみ_pre実測_backup.csv,250,JOCKEY,川端海翼,,NAME_KEY_ONLY_UNVERIFIED_OFFICIAL_ID,"{""競馬場"":"""",""芝/ダ"":""芝"",""馬場状態"":""重"",""条件クラス"":"""",""距離区分"":"""",""回り"":"""",""内外"":""""}",JOCKEY_COLUMNS,PARSED,,,,,,,,,,,,UNKNOWN,,,N,N,NOT_APPLICABLE,,,,,,NOT_APPLICABLE_NO_ROI,,,,芝,,,UNKNOWN,,BOOK_OR_UNSPECIFIED_ROI_SOURCE,roi_presence_raw と完全に1対1でROI記入の有無の言い換え。行の出所ではない,6,,,UNVERIFIED(表示基準日がページ間で不一致: トップ2026-08-16/使い方2026-05-17),(リスト列なし=騎手表),MISSING_ROI,NOT_AVAILABLE,原表と方式を入手するまで使用しない。原行は保持
rec_006902804e79dff5f289cb141a089f7c36f88078fe6011ce07ec4ab79fc8b5ea,PRIMARY_JOCKEY,JockeyROI_連結済み_20260719_卍のみ_pre実測_backup.csv,251,JOCKEY,菊沢一樹,,NAME_KEY_ONLY_UNVERIFIED_OFFICIAL_ID,"{""競馬場"":"""",""芝/ダ"":""芝"",""馬場状態"":""重"",""条件クラス"":"""",""距離区分"":"""",""回り"":"""",""内外"":""""}",JOCKEY_COLUMNS,PARSED,,,,,,,,,,,,UNKNOWN,,,N,N,NOT_APPLICABLE,,,,,,NOT_APPLICABLE_NO_ROI,,,,芝,,,UNKNOWN,,BOOK_OR_UNSPECIFIED_ROI_SOURCE,roi_presence_raw と完全に1対1でROI記入の有無の言い換え。行の出所ではない,10,,,UNVERIFIED(表示基準日がページ間で不一致: トップ2026-08-16/使い方2026-05-17),(リスト列なし=騎手表),MISSING_ROI,NOT_AVAILABLE,原表と方式を入手するまで使用しない。原行は保持
rec_4c281c609bc6601d2dc6b8e5ee0f8236e1f9521fc1776be905262d8ad6f746db,PRIMARY_JOCKEY,JockeyROI_連結済み_20260719_卍のみ_pre実測_backup.csv,252,JOCKEY,舟山瑠泉,,NAME_KEY_ONLY_UNVERIFIED_OFFICIAL_ID,"{""競馬場"":"""",""芝/ダ"":""芝"",""馬場状態"":""重"",""条件クラス"":"""",""距離区分"":"""",""回り"":"""",""内外"":""""}",JOCKEY_COLUMNS,PARSED,,,,,,,,,,,,UNKNOWN,,,N,N,NOT_APPLICABLE,,,,,,NOT_APPLICABLE_NO_ROI,,,,芝,,,UNKNOWN,,BOOK_OR_UNSPECIFIED_ROI_SOURCE,roi_presence_raw と完全に1対1でROI記入の有無の言い換え。行の出所ではない,10,,,UNVERIFIED(表示基準日がページ間で不一致: トップ2026-08-16/使い方2026-05-17),(リスト列なし=騎手表),MISSING_ROI,NOT_AVAILABLE,原表と方式を入手するまで使用しない。原行は保持
rec_e2bc6968023a7ac7cddff86fad7601343f3d38ebf459b717ca5d7bcacca74da5,PRIMARY_JOCKEY,JockeyROI_連結済み_20260719_卍のみ_pre実測_backup.csv,253,JOCKEY,佐々木大輔,,NAME_KEY_ONLY_UNVERIFIED_OFFICIAL_ID,"{""競馬場"":"""",""芝/ダ"":""芝"",""馬場状態"":""重"",""条件クラス"":"""",""距離区分"":"""",""回り"":"""",""内外"":""""}",JOCKEY_COLUMNS,PARSED,,,,,,,,,,,,UNKNOWN,,,N,N,NOT_APPLICABLE,,,,,,NOT_APPLICABLE_NO_ROI,,,,芝,,,UNKNOWN,,BOOK_OR_UNSPECIFIED_ROI_SOURCE,roi_presence_raw と完全に1対1でROI記入の有無の言い換え。行の出所ではない,4,,,UNVERIFIED(表示基準日がページ間で不一致: トップ2026-08-16/使い方2026-05-17),(リスト列なし=騎手表),MISSING_ROI,NOT_AVAILABLE,原表と方式を入手するまで使用しない。原行は保持
rec_fac62fa5082eddacb81fddd0c8532d1ced8215ab7a6446cac2fa6da9662c0f5d,PRIMARY_JOCKEY,JockeyROI_連結済み_20260719_卍のみ_pre実測_backup.csv,254,JOCKEY,古川吉洋,,NAME_KEY_ONLY_UNVERIFIED_OFFICIAL_ID,"{""競馬場"":"""",""芝/ダ"":""芝"",""馬場状態"":""重"",""条件クラス"":"""",""距離区分"":"""",""回り"":"""",""内外"":""""}",JOCKEY_COLUMNS,PARSED,,,,,,,,,,,,UNKNOWN,,,N,N,NOT_APPLICABLE,,,,,,NOT_APPLICABLE_NO_ROI,,,,芝,,,UNKNOWN,,BOOK_OR_UNSPECIFIED_ROI_SOURCE,roi_presence_raw と完全に1対1でROI記入の有無の言い換え。行の出所ではない,6,,,UNVERIFIED(表示基準日がページ間で不一致: トップ2026-08-16/使い方2026-05-17),(リスト列なし=騎手表),MISSING_ROI,NOT_AVAILABLE,原表と方式を入手するまで使用しない。原行は保持
rec_6b42091c8026d3c68af2571acdb32d007b8ab87e49b7666bd3ac4c3619b3b8cf,PRIMARY_JOCKEY,JockeyROI_連結済み_20260719_卍のみ_pre実測_backup.csv,255,JOCKEY,国分恭介,,NAME_KEY_ONLY_UNVERIFIED_OFFICIAL_ID,"{""競馬場"":"""",""芝/ダ"":""芝"",""馬場状態"":""重"",""条件クラス"":"""",""距離区分"":"""",""回り"":"""",""内外"":""""}",JOCKEY_COLUMNS,PARSED,,,,,,,,,,,,UNKNOWN,,,N,N,NOT_APPLICABLE,,,,,,NOT_APPLICABLE_NO_ROI,,,,芝,,,UNKNOWN,,BOOK_OR_UNSPECIFIED_ROI_SOURCE,roi_presence_raw と完全に1対1でROI記入の有無の言い換え。行の出所ではない,15,,,UNVERIFIED(表示基準日がページ間で不一致: トップ2026-08-16/使い方2026-05-17),(リスト列なし=騎手表),MISSING_ROI,NOT_AVAILABLE,原表と方式を入手するまで使用しない。原行は保持
rec_3dc16893a8a5ffe747a6e871a9d085775c39fc1697b3467ff70e95c98e0b9f3b,PRIMARY_JOCKEY,JockeyROI_連結済み_20260719_卍のみ_pre実測_backup.csv,256,JOCKEY,浜中俊,,NAME_KEY_ONLY_UNVERIFIED_OFFICIAL_ID,"{""競馬場"":"""",""芝/ダ"":""芝"",""馬場状態"":""重"",""条件クラス"":"""",""距離区分"":"""",""回り"":"""",""内外"":""""}",JOCKEY_COLUMNS,PARSED,,,,,,,,,,,,UNKNOWN,,,N,N,NOT_APPLICABLE,,,,,,NOT_APPLICABLE_NO_ROI,,,,芝,,,UNKNOWN,,BOOK_OR_UNSPECIFIED_ROI_SOURCE,roi_presence_raw と完全に1対1でROI記入の有無の言い換え。行の出所ではない,6,,,UNVERIFIED(表示基準日がページ間で不一致: トップ2026-08-16/使い方2026-05-17),(リスト列なし=騎手表),MISSING_ROI,NOT_AVAILABLE,原表と方式を入手するまで使用しない。原行は保持
rec_1c3d178516654da7b4ddb6e75657eacd14772c85b411fe3740615b5d091935a0,PRIMARY_JOCKEY,JockeyROI_連結済み_20260719_卍のみ_pre実測_backup.csv,257,JOCKEY,鷲頭虎太,,NAME_KEY_ONLY_UNVERIFIED_OFFICIAL_ID,"{""競馬場"":"""",""芝/ダ"":""芝"",""馬場状態"":""重"",""条件クラス"":"""",""距離区分"":"""",""回り"":"""",""内外"":""""}",JOCKEY_COLUMNS,PARSED,,,,,,,,,,,,UNKNOWN,,,N,N,NOT_APPLICABLE,,,,,,NOT_APPLICABLE_NO_ROI,,,,芝,,,UNKNOWN,,BOOK_OR_UNSPECIFIED_ROI_SOURCE,roi_presence_raw と完全に1対1でROI記入の有無の言い換え。行の出所ではない,9,,,UNVERIFIED(表示基準日がページ間で不一致: トップ2026-08-16/使い方2026-05-17),(リスト列なし=騎手表),MISSING_ROI,NOT_AVAILABLE,原表と方式を入手するまで使用しない。原行は保持
rec_d563ea8eb5cc14c1b4fc70ea8cd9870779abe41f2b90edeb7bda4d602e3aa64a,PRIMARY_JOCKEY,JockeyROI_連結済み_20260719_卍のみ_pre実測_backup.csv,258,JOCKEY,石田拓郎,,NAME_KEY_ONLY_UNVERIFIED_OFFICIAL_ID,"{""競馬場"":"""",""芝/ダ"":""芝"",""馬場状態"":""重"",""条件クラス"":"""",""距離区分"":"""",""回り"":"""",""内外"":""""}",JOCKEY_COLUMNS,PARSED,,,,,,,,,,,,UNKNOWN,,,N,N,NOT_APPLICABLE,,,,,,NOT_APPLICABLE_NO_ROI,,,,芝,,,UNKNOWN,,BOOK_OR_UNSPECIFIED_ROI_SOURCE,roi_presence_raw と完全に1対1でROI記入の有無の言い換え。行の出所ではない,3,,,UNVERIFIED(表示基準日がページ間で不一致: トップ2026-08-16/使い方2026-05-17),(リスト列なし=騎手表),MISSING_ROI,NOT_AVAILABLE,原表と方式を入手するまで使用しない。原行は保持
rec_01b1a28154fe3ea5541d73430a0ce9bc5d9341480894b1963c9b724ab90b1959,PRIMARY_JOCKEY,JockeyROI_連結済み_20260719_卍のみ_pre実測_backup.csv,259,JOCKEY,遠藤汰月,,NAME_KEY_ONLY_UNVERIFIED_OFFICIAL_ID,"{""競馬場"":"""",""芝/ダ"":""芝"",""馬場状態"":""重"",""条件クラス"":"""",""距離区分"":"""",""回り"":"""",""内外"":""""}",JOCKEY_COLUMNS,PARSED,,,,,,,,,,,,UNKNOWN,,,N,N,NOT_APPLICABLE,,,,,,NOT_APPLICABLE_NO_ROI,,,,芝,,,UNKNOWN,,BOOK_OR_UNSPECIFIED_ROI_SOURCE,roi_presence_raw と完全に1対1でROI記入の有無の言い換え。行の出所ではない,16,,,UNVERIFIED(表示基準日がページ間で不一致: トップ2026-08-16/使い方2026-05-17),(リスト列なし=騎手表),MISSING_ROI,NOT_AVAILABLE,原表と方式を入手するまで使用しない。原行は保持
rec_79119a44969c8b384e9300a552553b21df6b0fbcd4f2174771e48752a1dcb170,PRIMARY_JOCKEY,JockeyROI_連結済み_20260719_卍のみ_pre実測_backup.csv,260,JOCKEY,原田和真,,NAME_KEY_ONLY_UNVERIFIED_OFFICIAL_ID,"{""競馬場"":"""",""芝/ダ"":""芝"",""馬場状態"":""重"",""条件クラス"":"""",""距離区分"":"""",""回り"":"""",""内外"":""""}",JOCKEY_COLUMNS,PARSED,,,,,,,,,,,,UNKNOWN,,,N,N,NOT_APPLICABLE,,,,,,NOT_APPLICABLE_NO_ROI,,,,芝,,,UNKNOWN,,BOOK_OR_UNSPECIFIED_ROI_SOURCE,roi_presence_raw と完全に1対1でROI記入の有無の言い換え。行の出所ではない,10,,,UNVERIFIED(表示基準日がページ間で不一致: トップ2026-08-16/使い方2026-05-17),(リスト列なし=騎手表),MISSING_ROI,NOT_AVAILABLE,原表と方式を入手するまで使用しない。原行は保持
rec_04432814ea3449fd377cc6034cc878aeee8630721686779b69cd694c1d60a5da,PRIMARY_JOCKEY,JockeyROI_連結済み_20260719_卍のみ_pre実測_backup.csv,261,JOCKEY,高杉吏麒,,NAME_KEY_ONLY_UNVERIFIED_OFFICIAL_ID,"{""競馬場"":"""",""芝/ダ"":""芝"",""馬場状態"":""不良"",""条件クラス"":"""",""距離区分"":"""",""回り"":"""",""内外"":""""}",JOCKEY_COLUMNS,PARSED,,,,,,,,,,,,UNKNOWN,,,N,N,NOT_APPLICABLE,,,,,,NOT_APPLICABLE_NO_ROI,,,,芝,,,UNKNOWN,,BOOK_OR_UNSPECIFIED_ROI_SOURCE,roi_presence_raw と完全に1対1でROI記入の有無の言い換え。行の出所ではない,21,,,UNVERIFIED(表示基準日がページ間で不一致: トップ2026-08-16/使い方2026-05-17),(リスト列なし=騎手表),MISSING_ROI,NOT_AVAILABLE,原表と方式を入手するまで使用しない。原行は保持
rec_a3450cdfe667fe32c33bea549f8e77d0ce50e74fe288dfc56672ce4345c69aa1,PRIMARY_JOCKEY,JockeyROI_連結済み_20260719_卍のみ_pre実測_backup.csv,262,JOCKEY,秋山稔樹,,NAME_KEY_ONLY_UNVERIFIED_OFFICIAL_ID,"{""競馬場"":"""",""芝/ダ"":""芝"",""馬場状態"":""不良"",""条件クラス"":"""",""距離区分"":"""",""回り"":"""",""内外"":""""}",JOCKEY_COLUMNS,PARSED,,,,,,,,,,,,UNKNOWN,,,N,N,NOT_APPLICABLE,,,,,,NOT_APPLICABLE_NO_ROI,,,,芝,,,UNKNOWN,,BOOK_OR_UNSPECIFIED_ROI_SOURCE,roi_presence_raw と完全に1対1でROI記入の有無の言い換え。行の出所ではない,5,,,UNVERIFIED(表示基準日がページ間で不一致: トップ2026-08-16/使い方2026-05-17),(リスト列なし=騎手表),MISSING_ROI,NOT_AVAILABLE,原表と方式を入手するまで使用しない。原行は保持
rec_763669051f4a40ed68d885c432600778cef8eae27844d979bbe0f63cd80f2977,PRIMARY_JOCKEY,JockeyROI_連結済み_20260719_卍のみ_pre実測_backup.csv,263,JOCKEY,川端海翼,,NAME_KEY_ONLY_UNVERIFIED_OFFICIAL_ID,"{""競馬場"":"""",""芝/ダ"":""芝"",""馬場状態"":""不良"",""条件クラス"":"""",""距離区分"":"""",""回り"":"""",""内外"":""""}",JOCKEY_COLUMNS,PARSED,,,,,,,,,,,,UNKNOWN,,,N,N,NOT_APPLICABLE,,,,,,NOT_APPLICABLE_NO_ROI,,,,芝,,,UNKNOWN,,BOOK_OR_UNSPECIFIED_ROI_SOURCE,roi_presence_raw と完全に1対1でROI記入の有無の言い換え。行の出所ではない,6,,,UNVERIFIED(表示基準日がページ間で不一致: トップ2026-08-16/使い方2026-05-17),(リスト列なし=騎手表),MISSING_ROI,NOT_AVAILABLE,原表と方式を入手するまで使用しない。原行は保持
rec_df552bc0d11c7a29237cfac1cf19fe9f48c9158510595f24384e03da7996ac31,PRIMARY_JOCKEY,JockeyROI_連結済み_20260719_卍のみ_pre実測_backup.csv,264,JOCKEY,菊沢一樹,,NAME_KEY_ONLY_UNVERIFIED_OFFICIAL_ID,"{""競馬場"":"""",""芝/ダ"":""芝"",""馬場状態"":""不良"",""条件クラス"":"""",""距離区分"":"""",""回り"":"""",""内外"":""""}",JOCKEY_COLUMNS,PARSED,,,,,,,,,,,,UNKNOWN,,,N,N,NOT_APPLICABLE,,,,,,NOT_APPLICABLE_NO_ROI,,,,芝,,,UNKNOWN,,BOOK_OR_UNSPECIFIED_ROI_SOURCE,roi_presence_raw と完全に1対1でROI記入の有無の言い換え。行の出所ではない,10,,,UNVERIFIED(表示基準日がページ間で不一致: トップ2026-08-16/使い方2026-05-17),(リスト列なし=騎手表),MISSING_ROI,NOT_AVAILABLE,原表と方式を入手するまで使用しない。原行は保持
rec_1c84620e012266a072eef797b739d16e50fcc325d0c3c7c5245a2e7ac11f6d0c,PRIMARY_JOCKEY,JockeyROI_連結済み_20260719_卍のみ_pre実測_backup.csv,265,JOCKEY,舟山瑠泉,,NAME_KEY_ONLY_UNVERIFIED_OFFICIAL_ID,"{""競馬場"":"""",""芝/ダ"":""芝"",""馬場状態"":""不良"",""条件クラス"":"""",""距離区分"":"""",""回り"":"""",""内外"":""""}",JOCKEY_COLUMNS,PARSED,,,,,,,,,,,,UNKNOWN,,,N,N,NOT_APPLICABLE,,,,,,NOT_APPLICABLE_NO_ROI,,,,芝,,,UNKNOWN,,BOOK_OR_UNSPECIFIED_ROI_SOURCE,roi_presence_raw と完全に1対1でROI記入の有無の言い換え。行の出所ではない,10,,,UNVERIFIED(表示基準日がページ間で不一致: トップ2026-08-16/使い方2026-05-17),(リスト列なし=騎手表),MISSING_ROI,NOT_AVAILABLE,原表と方式を入手するまで使用しない。原行は保持
rec_603f296f58a83bf218f873759c314b74921a555f6b63db9c01ae45884c2076f3,PRIMARY_JOCKEY,JockeyROI_連結済み_20260719_卍のみ_pre実測_backup.csv,266,JOCKEY,佐々木大輔,,NAME_KEY_ONLY_UNVERIFIED_OFFICIAL_ID,"{""競馬場"":"""",""芝/ダ"":""芝"",""馬場状態"":""不良"",""条件クラス"":"""",""距離区分"":"""",""回り"":"""",""内外"":""""}",JOCKEY_COLUMNS,PARSED,,,,,,,,,,,,UNKNOWN,,,N,N,NOT_APPLICABLE,,,,,,NOT_APPLICABLE_NO_ROI,,,,芝,,,UNKNOWN,,BOOK_OR_UNSPECIFIED_ROI_SOURCE,roi_presence_raw と完全に1対1でROI記入の有無の言い換え。行の出所ではない,4,,,UNVERIFIED(表示基準日がページ間で不一致: トップ2026-08-16/使い方2026-05-17),(リスト列なし=騎手表),MISSING_ROI,NOT_AVAILABLE,原表と方式を入手するまで使用しない。原行は保持
rec_f0aa4a1705566b5281cdebcbdb5b05c92c49e8948f3bda3e3b8f8aaf568f0fbc,PRIMARY_JOCKEY,JockeyROI_連結済み_20260719_卍のみ_pre実測_backup.csv,267,JOCKEY,古川吉洋,,NAME_KEY_ONLY_UNVERIFIED_OFFICIAL_ID,"{""競馬場"":"""",""芝/ダ"":""芝"",""馬場状態"":""不良"",""条件クラス"":"""",""距離区分"":"""",""回り"":"""",""内外"":""""}",JOCKEY_COLUMNS,PARSED,,,,,,,,,,,,UNKNOWN,,,N,N,NOT_APPLICABLE,,,,,,NOT_APPLICABLE_NO_ROI,,,,芝,,,UNKNOWN,,BOOK_OR_UNSPECIFIED_ROI_SOURCE,roi_presence_raw と完全に1対1でROI記入の有無の言い換え。行の出所ではない,6,,,UNVERIFIED(表示基準日がページ間で不一致: トップ2026-08-16/使い方2026-05-17),(リスト列なし=騎手表),MISSING_ROI,NOT_AVAILABLE,原表と方式を入手するまで使用しない。原行は保持
rec_46a79931ad04ce5f9eae00218c5ded3ffdd65cfad12d3bf9945328c6535f4b21,PRIMARY_JOCKEY,JockeyROI_連結済み_20260719_卍のみ_pre実測_backup.csv,268,JOCKEY,国分恭介,,NAME_KEY_ONLY_UNVERIFIED_OFFICIAL_ID,"{""競馬場"":"""",""芝/ダ"":""芝"",""馬場状態"":""不良"",""条件クラス"":"""",""距離区分"":"""",""回り"":"""",""内外"":""""}",JOCKEY_COLUMNS,PARSED,,,,,,,,,,,,UNKNOWN,,,N,N,NOT_APPLICABLE,,,,,,NOT_APPLICABLE_NO_ROI,,,,芝,,,UNKNOWN,,BOOK_OR_UNSPECIFIED_ROI_SOURCE,roi_presence_raw と完全に1対1でROI記入の有無の言い換え。行の出所ではない,15,,,UNVERIFIED(表示基準日がページ間で不一致: トップ2026-08-16/使い方2026-05-17),(リスト列なし=騎手表),MISSING_ROI,NOT_AVAILABLE,原表と方式を入手するまで使用しない。原行は保持
rec_01f563669082f4d401c46527f403b94ebb1e2c7173fb8cff37212af0bca14ee3,PRIMARY_JOCKEY,JockeyROI_連結済み_20260719_卍のみ_pre実測_backup.csv,269,JOCKEY,浜中俊,,NAME_KEY_ONLY_UNVERIFIED_OFFICIAL_ID,"{""競馬場"":"""",""芝/ダ"":""芝"",""馬場状態"":""不良"",""条件クラス"":"""",""距離区分"":"""",""回り"":"""",""内外"":""""}",JOCKEY_COLUMNS,PARSED,,,,,,,,,,,,UNKNOWN,,,N,N,NOT_APPLICABLE,,,,,,NOT_APPLICABLE_NO_ROI,,,,芝,,,UNKNOWN,,BOOK_OR_UNSPECIFIED_ROI_SOURCE,roi_presence_raw と完全に1対1でROI記入の有無の言い換え。行の出所ではない,6,,,UNVERIFIED(表示基準日がページ間で不一致: トップ2026-08-16/使い方2026-05-17),(リスト列なし=騎手表),MISSING_ROI,NOT_AVAILABLE,原表と方式を入手するまで使用しない。原行は保持
rec_02ebfdb2cb322b2de8bce912952429a616406c1e99899548c58dbcf9664e1552,PRIMARY_JOCKEY,JockeyROI_連結済み_20260719_卍のみ_pre実測_backup.csv,270,JOCKEY,鷲頭虎太,,NAME_KEY_ONLY_UNVERIFIED_OFFICIAL_ID,"{""競馬場"":"""",""芝/ダ"":""芝"",""馬場状態"":""不良"",""条件クラス"":"""",""距離区分"":"""",""回り"":"""",""内外"":""""}",JOCKEY_COLUMNS,PARSED,,,,,,,,,,,,UNKNOWN,,,N,N,NOT_APPLICABLE,,,,,,NOT_APPLICABLE_NO_ROI,,,,芝,,,UNKNOWN,,BOOK_OR_UNSPECIFIED_ROI_SOURCE,roi_presence_raw と完全に1対1でROI記入の有無の言い換え。行の出所ではない,9,,,UNVERIFIED(表示基準日がページ間で不一致: トップ2026-08-16/使い方2026-05-17),(リスト列なし=騎手表),MISSING_ROI,NOT_AVAILABLE,原表と方式を入手するまで使用しない。原行は保持
rec_30df06375570ecbab451f17a9ada8fa2988aacd16374cfb594a0c821d9f55f37,PRIMARY_JOCKEY,JockeyROI_連結済み_20260719_卍のみ_pre実測_backup.csv,271,JOCKEY,石田拓郎,,NAME_KEY_ONLY_UNVERIFIED_OFFICIAL_ID,"{""競馬場"":"""",""芝/ダ"":""芝"",""馬場状態"":""不良"",""条件クラス"":"""",""距離区分"":"""",""回り"":"""",""内外"":""""}",JOCKEY_COLUMNS,PARSED,,,,,,,,,,,,UNKNOWN,,,N,N,NOT_APPLICABLE,,,,,,NOT_APPLICABLE_NO_ROI,,,,芝,,,UNKNOWN,,BOOK_OR_UNSPECIFIED_ROI_SOURCE,roi_presence_raw と完全に1対1でROI記入の有無の言い換え。行の出所ではない,3,,,UNVERIFIED(表示基準日がページ間で不一致: トップ2026-08-16/使い方2026-05-17),(リスト列なし=騎手表),MISSING_ROI,NOT_AVAILABLE,原表と方式を入手するまで使用しない。原行は保持
rec_873b9deb7d1b1387f7a144a182192c97fa7d1accc55eece5aa2ad69a35a87044,PRIMARY_JOCKEY,JockeyROI_連結済み_20260719_卍のみ_pre実測_backup.csv,272,JOCKEY,遠藤汰月,,NAME_KEY_ONLY_UNVERIFIED_OFFICIAL_ID,"{""競馬場"":"""",""芝/ダ"":""芝"",""馬場状態"":""不良"",""条件クラス"":"""",""距離区分"":"""",""回り"":"""",""内外"":""""}",JOCKEY_COLUMNS,PARSED,,,,,,,,,,,,UNKNOWN,,,N,N,NOT_APPLICABLE,,,,,,NOT_APPLICABLE_NO_ROI,,,,芝,,,UNKNOWN,,BOOK_OR_UNSPECIFIED_ROI_SOURCE,roi_presence_raw と完全に1対1でROI記入の有無の言い換え。行の出所ではない,16,,,UNVERIFIED(表示基準日がページ間で不一致: トップ2026-08-16/使い方2026-05-17),(リスト列なし=騎手表),MISSING_ROI,NOT_AVAILABLE,原表と方式を入手するまで使用しない。原行は保持
rec_97749a8d79f34a5b41cfa6ea3f576ef8ddf5827e3c586b7751486513ba49bf83,PRIMARY_JOCKEY,JockeyROI_連結済み_20260719_卍のみ_pre実測_backup.csv,273,JOCKEY,原田和真,,NAME_KEY_ONLY_UNVERIFIED_OFFICIAL_ID,"{""競馬場"":"""",""芝/ダ"":""芝"",""馬場状態"":""不良"",""条件クラス"":"""",""距離区分"":"""",""回り"":"""",""内外"":""""}",JOCKEY_COLUMNS,PARSED,,,,,,,,,,,,UNKNOWN,,,N,N,NOT_APPLICABLE,,,,,,NOT_APPLICABLE_NO_ROI,,,,芝,,,UNKNOWN,,BOOK_OR_UNSPECIFIED_ROI_SOURCE,roi_presence_raw と完全に1対1でROI記入の有無の言い換え。行の出所ではない,10,,,UNVERIFIED(表示基準日がページ間で不一致: トップ2026-08-16/使い方2026-05-17),(リスト列なし=騎手表),MISSING_ROI,NOT_AVAILABLE,原表と方式を入手するまで使用しない。原行は保持
rec_38ef2250209b8d03aba72068fd38dbecc8c6ba1cdf79053673f04fb7199dc8fb,PRIMARY_JOCKEY,JockeyROI_連結済み_20260719_卍のみ_pre実測_backup.csv,274,JOCKEY,石神深道,,NAME_KEY_ONLY_UNVERIFIED_OFFICIAL_ID,"{""競馬場"":"""",""芝/ダ"":""ダ"",""馬場状態"":""稍重"",""条件クラス"":"""",""距離区分"":"""",""回り"":"""",""内外"":""""}",JOCKEY_COLUMNS,PARSED,,,,,,,,,,,,UNKNOWN,,,N,N,NOT_APPLICABLE,,,,,,NOT_APPLICABLE_NO_ROI,,,,ダ,,,UNKNOWN,,BOOK_OR_UNSPECIFIED_ROI_SOURCE,roi_presence_raw と完全に1対1でROI記入の有無の言い換え。行の出所ではない,13,,,UNVERIFIED(表示基準日がページ間で不一致: トップ2026-08-16/使い方2026-05-17),(リスト列なし=騎手表),MISSING_ROI,NOT_AVAILABLE,原表と方式を入手するまで使用しない。原行は保持
rec_020e629bd545344957ca5ee7fb2a2c9fc7568acdecc97383dfe9b95166be90ea,PRIMARY_JOCKEY,JockeyROI_連結済み_20260719_卍のみ_pre実測_backup.csv,275,JOCKEY,高杉吏麒,,NAME_KEY_ONLY_UNVERIFIED_OFFICIAL_ID,"{""競馬場"":"""",""芝/ダ"":""ダ"",""馬場状態"":""稍重"",""条件クラス"":"""",""距離区分"":"""",""回り"":"""",""内外"":""""}",JOCKEY_COLUMNS,PARSED,,,,,,,,,,,,UNKNOWN,,,N,N,NOT_APPLICABLE,,,,,,NOT_APPLICABLE_NO_ROI,,,,ダ,,,UNKNOWN,,BOOK_OR_UNSPECIFIED_ROI_SOURCE,roi_presence_raw と完全に1対1でROI記入の有無の言い換え。行の出所ではない,21,,,UNVERIFIED(表示基準日がページ間で不一致: トップ2026-08-16/使い方2026-05-17),(リスト列なし=騎手表),MISSING_ROI,NOT_AVAILABLE,原表と方式を入手するまで使用しない。原行は保持
rec_ac9c912ecb74bf6e0c368cf960a2563a7bd057d41ac8d8ba608dbe128ec48441,PRIMARY_JOCKEY,JockeyROI_連結済み_20260719_卍のみ_pre実測_backup.csv,276,JOCKEY,田山旺佑,,NAME_KEY_ONLY_UNVERIFIED_OFFICIAL_ID,"{""競馬場"":"""",""芝/ダ"":""ダ"",""馬場状態"":""稍重"",""条件クラス"":"""",""距離区分"":"""",""回り"":"""",""内外"":""""}",JOCKEY_COLUMNS,PARSED,,,,,,,,,,,,UNKNOWN,,,N,N,NOT_APPLICABLE,,,,,,NOT_APPLICABLE_NO_ROI,,,,ダ,,,UNKNOWN,,BOOK_OR_UNSPECIFIED_ROI_SOURCE,roi_presence_raw と完全に1対1でROI記入の有無の言い換え。行の出所ではない,8,,,UNVERIFIED(表示基準日がページ間で不一致: トップ2026-08-16/使い方2026-05-17),(リスト列なし=騎手表),MISSING_ROI,NOT_AVAILABLE,原表と方式を入手するまで使用しない。原行は保持
rec_8a94e59411123c74875f319f2a0fc4bb97847df98045da6ae5297a1da02e5177,PRIMARY_JOCKEY,JockeyROI_連結済み_20260719_卍のみ_pre実測_backup.csv,277,JOCKEY,上里直汰,,NAME_KEY_ONLY_UNVERIFIED_OFFICIAL_ID,"{""競馬場"":"""",""芝/ダ"":""ダ"",""馬場状態"":""稍重"",""条件クラス"":"""",""距離区分"":"""",""回り"":"""",""内外"":""""}",JOCKEY_COLUMNS,PARSED,,,,,,,,,,,,UNKNOWN,,,N,N,NOT_APPLICABLE,,,,,,NOT_APPLICABLE_NO_ROI,,,,ダ,,,UNKNOWN,,BOOK_OR_UNSPECIFIED_ROI_SOURCE,roi_presence_raw と完全に1対1でROI記入の有無の言い換え。行の出所ではない,6,,,UNVERIFIED(表示基準日がページ間で不一致: トップ2026-08-16/使い方2026-05-17),(リスト列なし=騎手表),MISSING_ROI,NOT_AVAILABLE,原表と方式を入手するまで使用しない。原行は保持
rec_092303611e4b326411678cb5c9d394c0b6486fd812c0e40cd847a3505b552297,PRIMARY_JOCKEY,JockeyROI_連結済み_20260719_卍のみ_pre実測_backup.csv,278,JOCKEY,三浦皇成,,NAME_KEY_ONLY_UNVERIFIED_OFFICIAL_ID,"{""競馬場"":"""",""芝/ダ"":""ダ"",""馬場状態"":""稍重"",""条件クラス"":"""",""距離区分"":"""",""回り"":"""",""内外"":""""}",JOCKEY_COLUMNS,PARSED,,,,,,,,,,,,UNKNOWN,,,N,N,NOT_APPLICABLE,,,,,,NOT_APPLICABLE_NO_ROI,,,,ダ,,,UNKNOWN,,BOOK_OR_UNSPECIFIED_ROI_SOURCE,roi_presence_raw と完全に1対1でROI記入の有無の言い換え。行の出所ではない,5,,,UNVERIFIED(表示基準日がページ間で不一致: トップ2026-08-16/使い方2026-05-17),(リスト列なし=騎手表),MISSING_ROI,NOT_AVAILABLE,原表と方式を入手するまで使用しない。原行は保持
rec_16f7837cf31a77e661ce57abdf0989939f5e78eef1cb76d60533388dca6c6a36,PRIMARY_JOCKEY,JockeyROI_連結済み_20260719_卍のみ_pre実測_backup.csv,279,JOCKEY,小林美駒,,NAME_KEY_ONLY_UNVERIFIED_OFFICIAL_ID,"{""競馬場"":"""",""芝/ダ"":""ダ"",""馬場状態"":""稍重"",""条件クラス"":"""",""距離区分"":"""",""回り"":"""",""内外"":""""}",JOCKEY_COLUMNS,PARSED,,,,,,,,,,,,UNKNOWN,,,N,N,NOT_APPLICABLE,,,,,,NOT_APPLICABLE_NO_ROI,,,,ダ,,,UNKNOWN,,BOOK_OR_UNSPECIFIED_ROI_SOURCE,roi_presence_raw と完全に1対1でROI記入の有無の言い換え。行の出所ではない,5,,,UNVERIFIED(表示基準日がページ間で不一致: トップ2026-08-16/使い方2026-05-17),(リスト列なし=騎手表),MISSING_ROI,NOT_AVAILABLE,原表と方式を入手するまで使用しない。原行は保持
rec_51e2fce9886ade5c404085accabb2efe406f4a45a54818090832763570e15d77,PRIMARY_JOCKEY,JockeyROI_連結済み_20260719_卍のみ_pre実測_backup.csv,280,JOCKEY,松若風馬,,NAME_KEY_ONLY_UNVERIFIED_OFFICIAL_ID,"{""競馬場"":"""",""芝/ダ"":""ダ"",""馬場状態"":""稍重"",""条件クラス"":"""",""距離区分"":"""",""回り"":"""",""内外"":""""}",JOCKEY_COLUMNS,PARSED,,,,,,,,,,,,UNKNOWN,,,N,N,NOT_APPLICABLE,,,,,,NOT_APPLICABLE_NO_ROI,,,,ダ,,,UNKNOWN,,BOOK_OR_UNSPECIFIED_ROI_SOURCE,roi_presence_raw と完全に1対1でROI記入の有無の言い換え。行の出所ではない,13,,,UNVERIFIED(表示基準日がページ間で不一致: トップ2026-08-16/使い方2026-05-17),(リスト列なし=騎手表),MISSING_ROI,NOT_AVAILABLE,原表と方式を入手するまで使用しない。原行は保持
rec_e4234037861acd4585cea674fd4092f13415092e06268ec0ff7f27b7a12be094,PRIMARY_JOCKEY,JockeyROI_連結済み_20260719_卍のみ_pre実測_backup.csv,281,JOCKEY,武藤雅,,NAME_KEY_ONLY_UNVERIFIED_OFFICIAL_ID,"{""競馬場"":"""",""芝/ダ"":""ダ"",""馬場状態"":""稍重"",""条件クラス"":"""",""距離区分"":"""",""回り"":"""",""内外"":""""}",JOCKEY_COLUMNS,PARSED,,,,,,,,,,,,UNKNOWN,,,N,N,NOT_APPLICABLE,,,,,,NOT_APPLICABLE_NO_ROI,,,,ダ,,,UNKNOWN,,BOOK_OR_UNSPECIFIED_ROI_SOURCE,roi_presence_raw と完全に1対1でROI記入の有無の言い換え。行の出所ではない,3,,,UNVERIFIED(表示基準日がページ間で不一致: トップ2026-08-16/使い方2026-05-17),(リスト列なし=騎手表),MISSING_ROI,NOT_AVAILABLE,原表と方式を入手するまで使用しない。原行は保持
rec_72096e4853d5c52c4fe50833f7f9ee2da11fae0d9b602f7fe2ac21813c7624bc,PRIMARY_JOCKEY,JockeyROI_連結済み_20260719_卍のみ_pre実測_backup.csv,282,JOCKEY,長浜鴻緒,,NAME_KEY_ONLY_UNVERIFIED_OFFICIAL_ID,"{""競馬場"":"""",""芝/ダ"":""ダ"",""馬場状態"":""稍重"",""条件クラス"":"""",""距離区分"":"""",""回り"":"""",""内外"":""""}",JOCKEY_COLUMNS,PARSED,,,,,,,,,,,,UNKNOWN,,,N,N,NOT_APPLICABLE,,,,,,NOT_APPLICABLE_NO_ROI,,,,ダ,,,UNKNOWN,,BOOK_OR_UNSPECIFIED_ROI_SOURCE,roi_presence_raw と完全に1対1でROI記入の有無の言い換え。行の出所ではない,8,,,UNVERIFIED(表示基準日がページ間で不一致: トップ2026-08-16/使い方2026-05-17),(リスト列なし=騎手表),MISSING_ROI,NOT_AVAILABLE,原表と方式を入手するまで使用しない。原行は保持
rec_2094e06abf11c8d3828fbbaf68df614be954f24a06f3dd447ea80feff32b84fc,PRIMARY_JOCKEY,JockeyROI_連結済み_20260719_卍のみ_pre実測_backup.csv,283,JOCKEY,鮫島克駿,,NAME_KEY_ONLY_UNVERIFIED_OFFICIAL_ID,"{""競馬場"":"""",""芝/ダ"":""ダ"",""馬場状態"":""稍重"",""条件クラス"":"""",""距離区分"":"""",""回り"":"""",""内外"":""""}",JOCKEY_COLUMNS,PARSED,,,,,,,,,,,,UNKNOWN,,,N,N,NOT_APPLICABLE,,,,,,NOT_APPLICABLE_NO_ROI,,,,ダ,,,UNKNOWN,,BOOK_OR_UNSPECIFIED_ROI_SOURCE,roi_presence_raw と完全に1対1でROI記入の有無の言い換え。行の出所ではない,6,,,UNVERIFIED(表示基準日がページ間で不一致: トップ2026-08-16/使い方2026-05-17),(リスト列なし=騎手表),MISSING_ROI,NOT_AVAILABLE,原表と方式を入手するまで使用しない。原行は保持
rec_1c6c1c8567cddddb49be8c68cb0599b62cd943dcebfa70e1c24d9c501fc2c7e7,PRIMARY_JOCKEY,JockeyROI_連結済み_20260719_卍のみ_pre実測_backup.csv,284,JOCKEY,遠藤汰月,,NAME_KEY_ONLY_UNVERIFIED_OFFICIAL_ID,"{""競馬場"":"""",""芝/ダ"":""ダ"",""馬場状態"":""稍重"",""条件クラス"":"""",""距離区分"":"""",""回り"":"""",""内外"":""""}",JOCKEY_COLUMNS,PARSED,,,,,,,,,,,,UNKNOWN,,,N,N,NOT_APPLICABLE,,,,,,NOT_APPLICABLE_NO_ROI,,,,ダ,,,UNKNOWN,,BOOK_OR_UNSPECIFIED_ROI_SOURCE,roi_presence_raw と完全に1対1でROI記入の有無の言い換え。行の出所ではない,16,,,UNVERIFIED(表示基準日がページ間で不一致: トップ2026-08-16/使い方2026-05-17),(リスト列なし=騎手表),MISSING_ROI,NOT_AVAILABLE,原表と方式を入手するまで使用しない。原行は保持
rec_94cdd35cd02c0f7f6aa3efd9ddd74bd27714cbbc269a87fc0529a6288146dadb,PRIMARY_JOCKEY,JockeyROI_連結済み_20260719_卍のみ_pre実測_backup.csv,285,JOCKEY,江田照男,,NAME_KEY_ONLY_UNVERIFIED_OFFICIAL_ID,"{""競馬場"":"""",""芝/ダ"":""ダ"",""馬場状態"":""稍重"",""条件クラス"":"""",""距離区分"":"""",""回り"":"""",""内外"":""""}",JOCKEY_COLUMNS,PARSED,,,,,,,,,,,,UNKNOWN,,,N,N,NOT_APPLICABLE,,,,,,NOT_APPLICABLE_NO_ROI,,,,ダ,,,UNKNOWN,,BOOK_OR_UNSPECIFIED_ROI_SOURCE,roi_presence_raw と完全に1対1でROI記入の有無の言い換え。行の出所ではない,6,,,UNVERIFIED(表示基準日がページ間で不一致: トップ2026-08-16/使い方2026-05-17),(リスト列なし=騎手表),MISSING_ROI,NOT_AVAILABLE,原表と方式を入手するまで使用しない。原行は保持
rec_a3d49fc6e8662be777e321e5ec018d4c4e34900225e28ab01596dad60c9c747f,PRIMARY_JOCKEY,JockeyROI_連結済み_20260719_卍のみ_pre実測_backup.csv,286,JOCKEY,吉村誠之助,,NAME_KEY_ONLY_UNVERIFIED_OFFICIAL_ID,"{""競馬場"":"""",""芝/ダ"":""ダ"",""馬場状態"":""稍重"",""条件クラス"":"""",""距離区分"":"""",""回り"":"""",""内外"":""""}",JOCKEY_COLUMNS,PARSED,,,,,,,,,,,,UNKNOWN,,,N,N,NOT_APPLICABLE,,,,,,NOT_APPLICABLE_NO_ROI,,,,ダ,,,UNKNOWN,,BOOK_OR_UNSPECIFIED_ROI_SOURCE,roi_presence_raw と完全に1対1でROI記入の有無の言い換え。行の出所ではない,9,,,UNVERIFIED(表示基準日がページ間で不一致: トップ2026-08-16/使い方2026-05-17),(リスト列なし=騎手表),MISSING_ROI,NOT_AVAILABLE,原表と方式を入手するまで使用しない。原行は保持
rec_2573e595cee7af2468ba10dba4164678bc44e219dcda0858b76b6b2ac36e2098,PRIMARY_JOCKEY,JockeyROI_連結済み_20260719_卍のみ_pre実測_backup.csv,287,JOCKEY,石神深道,,NAME_KEY_ONLY_UNVERIFIED_OFFICIAL_ID,"{""競馬場"":"""",""芝/ダ"":""ダ"",""馬場状態"":""重"",""条件クラス"":"""",""距離区分"":"""",""回り"":"""",""内外"":""""}",JOCKEY_COLUMNS,PARSED,,,,,,,,,,,,UNKNOWN,,,N,N,NOT_APPLICABLE,,,,,,NOT_APPLICABLE_NO_ROI,,,,ダ,,,UNKNOWN,,BOOK_OR_UNSPECIFIED_ROI_SOURCE,roi_presence_raw と完全に1対1でROI記入の有無の言い換え。行の出所ではない,13,,,UNVERIFIED(表示基準日がページ間で不一致: トップ2026-08-16/使い方2026-05-17),(リスト列なし=騎手表),MISSING_ROI,NOT_AVAILABLE,原表と方式を入手するまで使用しない。原行は保持
rec_7d14ace34e416151ae5847b63a3fd758fa2274842730fb9fec4e7189e81748a7,PRIMARY_JOCKEY,JockeyROI_連結済み_20260719_卍のみ_pre実測_backup.csv,288,JOCKEY,高杉吏麒,,NAME_KEY_ONLY_UNVERIFIED_OFFICIAL_ID,"{""競馬場"":"""",""芝/ダ"":""ダ"",""馬場状態"":""重"",""条件クラス"":"""",""距離区分"":"""",""回り"":"""",""内外"":""""}",JOCKEY_COLUMNS,PARSED,,,,,,,,,,,,UNKNOWN,,,N,N,NOT_APPLICABLE,,,,,,NOT_APPLICABLE_NO_ROI,,,,ダ,,,UNKNOWN,,BOOK_OR_UNSPECIFIED_ROI_SOURCE,roi_presence_raw と完全に1対1でROI記入の有無の言い換え。行の出所ではない,21,,,UNVERIFIED(表示基準日がページ間で不一致: トップ2026-08-16/使い方2026-05-17),(リスト列なし=騎手表),MISSING_ROI,NOT_AVAILABLE,原表と方式を入手するまで使用しない。原行は保持
rec_f9b86c3cc27da04117a5fef5c9d037597b268770761b639523ec846ab753953e,PRIMARY_JOCKEY,JockeyROI_連結済み_20260719_卍のみ_pre実測_backup.csv,289,JOCKEY,田山旺佑,,NAME_KEY_ONLY_UNVERIFIED_OFFICIAL_ID,"{""競馬場"":"""",""芝/ダ"":""ダ"",""馬場状態"":""重"",""条件クラス"":"""",""距離区分"":"""",""回り"":"""",""内外"":""""}",JOCKEY_COLUMNS,PARSED,,,,,,,,,,,,UNKNOWN,,,N,N,NOT_APPLICABLE,,,,,,NOT_APPLICABLE_NO_ROI,,,,ダ,,,UNKNOWN,,BOOK_OR_UNSPECIFIED_ROI_SOURCE,roi_presence_raw と完全に1対1でROI記入の有無の言い換え。行の出所ではない,8,,,UNVERIFIED(表示基準日がページ間で不一致: トップ2026-08-16/使い方2026-05-17),(リスト列なし=騎手表),MISSING_ROI,NOT_AVAILABLE,原表と方式を入手するまで使用しない。原行は保持
rec_fc4a79181d247df4e85ca2c5f27a4f046bc5ef21b4a38b4b2fb5cae8a1db35b5,PRIMARY_JOCKEY,JockeyROI_連結済み_20260719_卍のみ_pre実測_backup.csv,290,JOCKEY,上里直汰,,NAME_KEY_ONLY_UNVERIFIED_OFFICIAL_ID,"{""競馬場"":"""",""芝/ダ"":""ダ"",""馬場状態"":""重"",""条件クラス"":"""",""距離区分"":"""",""回り"":"""",""内外"":""""}",JOCKEY_COLUMNS,PARSED,,,,,,,,,,,,UNKNOWN,,,N,N,NOT_APPLICABLE,,,,,,NOT_APPLICABLE_NO_ROI,,,,ダ,,,UNKNOWN,,BOOK_OR_UNSPECIFIED_ROI_SOURCE,roi_presence_raw と完全に1対1でROI記入の有無の言い換え。行の出所ではない,6,,,UNVERIFIED(表示基準日がページ間で不一致: トップ2026-08-16/使い方2026-05-17),(リスト列なし=騎手表),MISSING_ROI,NOT_AVAILABLE,原表と方式を入手するまで使用しない。原行は保持
rec_21b9467da7dccdae090457cd23ff3a4f0d3c232079d90db1ea9df780b0cb6fa4,PRIMARY_JOCKEY,JockeyROI_連結済み_20260719_卍のみ_pre実測_backup.csv,291,JOCKEY,三浦皇成,,NAME_KEY_ONLY_UNVERIFIED_OFFICIAL_ID,"{""競馬場"":"""",""芝/ダ"":""ダ"",""馬場状態"":""重"",""条件クラス"":"""",""距離区分"":"""",""回り"":"""",""内外"":""""}",JOCKEY_COLUMNS,PARSED,,,,,,,,,,,,UNKNOWN,,,N,N,NOT_APPLICABLE,,,,,,NOT_APPLICABLE_NO_ROI,,,,ダ,,,UNKNOWN,,BOOK_OR_UNSPECIFIED_ROI_SOURCE,roi_presence_raw と完全に1対1でROI記入の有無の言い換え。行の出所ではない,5,,,UNVERIFIED(表示基準日がページ間で不一致: トップ2026-08-16/使い方2026-05-17),(リスト列なし=騎手表),MISSING_ROI,NOT_AVAILABLE,原表と方式を入手するまで使用しない。原行は保持
rec_b3c04fe39e3c673baa12b3b204835ed820146eec0bc6378c7c5f552e44012239,PRIMARY_JOCKEY,JockeyROI_連結済み_20260719_卍のみ_pre実測_backup.csv,292,JOCKEY,小林美駒,,NAME_KEY_ONLY_UNVERIFIED_OFFICIAL_ID,"{""競馬場"":"""",""芝/ダ"":""ダ"",""馬場状態"":""重"",""条件クラス"":"""",""距離区分"":"""",""回り"":"""",""内外"":""""}",JOCKEY_COLUMNS,PARSED,,,,,,,,,,,,UNKNOWN,,,N,N,NOT_APPLICABLE,,,,,,NOT_APPLICABLE_NO_ROI,,,,ダ,,,UNKNOWN,,BOOK_OR_UNSPECIFIED_ROI_SOURCE,roi_presence_raw と完全に1対1でROI記入の有無の言い換え。行の出所ではない,5,,,UNVERIFIED(表示基準日がページ間で不一致: トップ2026-08-16/使い方2026-05-17),(リスト列なし=騎手表),MISSING_ROI,NOT_AVAILABLE,原表と方式を入手するまで使用しない。原行は保持
rec_f78457687f92769ec25d963f939468c1b63d4a10806c1027986bec82af6b7c0f,PRIMARY_JOCKEY,JockeyROI_連結済み_20260719_卍のみ_pre実測_backup.csv,293,JOCKEY,松若風馬,,NAME_KEY_ONLY_UNVERIFIED_OFFICIAL_ID,"{""競馬場"":"""",""芝/ダ"":""ダ"",""馬場状態"":""重"",""条件クラス"":"""",""距離区分"":"""",""回り"":"""",""内外"":""""}",JOCKEY_COLUMNS,PARSED,,,,,,,,,,,,UNKNOWN,,,N,N,NOT_APPLICABLE,,,,,,NOT_APPLICABLE_NO_ROI,,,,ダ,,,UNKNOWN,,BOOK_OR_UNSPECIFIED_ROI_SOURCE,roi_presence_raw と完全に1対1でROI記入の有無の言い換え。行の出所ではない,13,,,UNVERIFIED(表示基準日がページ間で不一致: トップ2026-08-16/使い方2026-05-17),(リスト列なし=騎手表),MISSING_ROI,NOT_AVAILABLE,原表と方式を入手するまで使用しない。原行は保持
rec_7057f4a6d3fc9953648f9a9419a265ea20c9e0930aa1be45d44d53ac7c47132b,PRIMARY_JOCKEY,JockeyROI_連結済み_20260719_卍のみ_pre実測_backup.csv,294,JOCKEY,武藤雅,,NAME_KEY_ONLY_UNVERIFIED_OFFICIAL_ID,"{""競馬場"":"""",""芝/ダ"":""ダ"",""馬場状態"":""重"",""条件クラス"":"""",""距離区分"":"""",""回り"":"""",""内外"":""""}",JOCKEY_COLUMNS,PARSED,,,,,,,,,,,,UNKNOWN,,,N,N,NOT_APPLICABLE,,,,,,NOT_APPLICABLE_NO_ROI,,,,ダ,,,UNKNOWN,,BOOK_OR_UNSPECIFIED_ROI_SOURCE,roi_presence_raw と完全に1対1でROI記入の有無の言い換え。行の出所ではない,3,,,UNVERIFIED(表示基準日がページ間で不一致: トップ2026-08-16/使い方2026-05-17),(リスト列なし=騎手表),MISSING_ROI,NOT_AVAILABLE,原表と方式を入手するまで使用しない。原行は保持
rec_c329370c5eb8495e532ebd1bf1b7a5c7a8e68c17823665e2596feab1cbc2f42e,PRIMARY_JOCKEY,JockeyROI_連結済み_20260719_卍のみ_pre実測_backup.csv,295,JOCKEY,長浜鴻緒,,NAME_KEY_ONLY_UNVERIFIED_OFFICIAL_ID,"{""競馬場"":"""",""芝/ダ"":""ダ"",""馬場状態"":""重"",""条件クラス"":"""",""距離区分"":"""",""回り"":"""",""内外"":""""}",JOCKEY_COLUMNS,PARSED,,,,,,,,,,,,UNKNOWN,,,N,N,NOT_APPLICABLE,,,,,,NOT_APPLICABLE_NO_ROI,,,,ダ,,,UNKNOWN,,BOOK_OR_UNSPECIFIED_ROI_SOURCE,roi_presence_raw と完全に1対1でROI記入の有無の言い換え。行の出所ではない,8,,,UNVERIFIED(表示基準日がページ間で不一致: トップ2026-08-16/使い方2026-05-17),(リスト列なし=騎手表),MISSING_ROI,NOT_AVAILABLE,原表と方式を入手するまで使用しない。原行は保持
rec_5aa32b26edd1f4281a790bc3ce4e9b656683bac2d0063488f494864e91beaeb1,PRIMARY_JOCKEY,JockeyROI_連結済み_20260719_卍のみ_pre実測_backup.csv,296,JOCKEY,鮫島克駿,,NAME_KEY_ONLY_UNVERIFIED_OFFICIAL_ID,"{""競馬場"":"""",""芝/ダ"":""ダ"",""馬場状態"":""重"",""条件クラス"":"""",""距離区分"":"""",""回り"":"""",""内外"":""""}",JOCKEY_COLUMNS,PARSED,,,,,,,,,,,,UNKNOWN,,,N,N,NOT_APPLICABLE,,,,,,NOT_APPLICABLE_NO_ROI,,,,ダ,,,UNKNOWN,,BOOK_OR_UNSPECIFIED_ROI_SOURCE,roi_presence_raw と完全に1対1でROI記入の有無の言い換え。行の出所ではない,6,,,UNVERIFIED(表示基準日がページ間で不一致: トップ2026-08-16/使い方2026-05-17),(リスト列なし=騎手表),MISSING_ROI,NOT_AVAILABLE,原表と方式を入手するまで使用しない。原行は保持
rec_4b1f8e2a1040f78a44e2a06d6f8f5bd88c568dfbe0188062550e5957e2b1aa74,PRIMARY_JOCKEY,JockeyROI_連結済み_20260719_卍のみ_pre実測_backup.csv,297,JOCKEY,遠藤汰月,,NAME_KEY_ONLY_UNVERIFIED_OFFICIAL_ID,"{""競馬場"":"""",""芝/ダ"":""ダ"",""馬場状態"":""重"",""条件クラス"":"""",""距離区分"":"""",""回り"":"""",""内外"":""""}",JOCKEY_COLUMNS,PARSED,,,,,,,,,,,,UNKNOWN,,,N,N,NOT_APPLICABLE,,,,,,NOT_APPLICABLE_NO_ROI,,,,ダ,,,UNKNOWN,,BOOK_OR_UNSPECIFIED_ROI_SOURCE,roi_presence_raw と完全に1対1でROI記入の有無の言い換え。行の出所ではない,16,,,UNVERIFIED(表示基準日がページ間で不一致: トップ2026-08-16/使い方2026-05-17),(リスト列なし=騎手表),MISSING_ROI,NOT_AVAILABLE,原表と方式を入手するまで使用しない。原行は保持
rec_eea4f02802dbe121fab18186e2c84819d3f76d25fc4bd655c6136229a2462329,PRIMARY_JOCKEY,JockeyROI_連結済み_20260719_卍のみ_pre実測_backup.csv,298,JOCKEY,江田照男,,NAME_KEY_ONLY_UNVERIFIED_OFFICIAL_ID,"{""競馬場"":"""",""芝/ダ"":""ダ"",""馬場状態"":""重"",""条件クラス"":"""",""距離区分"":"""",""回り"":"""",""内外"":""""}",JOCKEY_COLUMNS,PARSED,,,,,,,,,,,,UNKNOWN,,,N,N,NOT_APPLICABLE,,,,,,NOT_APPLICABLE_NO_ROI,,,,ダ,,,UNKNOWN,,BOOK_OR_UNSPECIFIED_ROI_SOURCE,roi_presence_raw と完全に1対1でROI記入の有無の言い換え。行の出所ではない,6,,,UNVERIFIED(表示基準日がページ間で不一致: トップ2026-08-16/使い方2026-05-17),(リスト列なし=騎手表),MISSING_ROI,NOT_AVAILABLE,原表と方式を入手するまで使用しない。原行は保持
rec_deac249b4755f4563d4e0823c05700098a0d6cda480e8f60a5239f5f559f2ee2,PRIMARY_JOCKEY,JockeyROI_連結済み_20260719_卍のみ_pre実測_backup.csv,299,JOCKEY,吉村誠之助,,NAME_KEY_ONLY_UNVERIFIED_OFFICIAL_ID,"{""競馬場"":"""",""芝/ダ"":""ダ"",""馬場状態"":""重"",""条件クラス"":"""",""距離区分"":"""",""回り"":"""",""内外"":""""}",JOCKEY_COLUMNS,PARSED,,,,,,,,,,,,UNKNOWN,,,N,N,NOT_APPLICABLE,,,,,,NOT_APPLICABLE_NO_ROI,,,,ダ,,,UNKNOWN,,BOOK_OR_UNSPECIFIED_ROI_SOURCE,roi_presence_raw と完全に1対1でROI記入の有無の言い換え。行の出所ではない,9,,,UNVERIFIED(表示基準日がページ間で不一致: トップ2026-08-16/使い方2026-05-17),(リスト列なし=騎手表),MISSING_ROI,NOT_AVAILABLE,原表と方式を入手するまで使用しない。原行は保持
rec_cde1e8ce4e21fc07bba6629d8c9ef0b89ad44b3e5e6915c5bdeabb4510d0509d,PRIMARY_JOCKEY,JockeyROI_連結済み_20260719_卍のみ_pre実測_backup.csv,300,JOCKEY,石神深道,,NAME_KEY_ONLY_UNVERIFIED_OFFICIAL_ID,"{""競馬場"":"""",""芝/ダ"":""ダ"",""馬場状態"":""不良"",""条件クラス"":"""",""距離区分"":"""",""回り"":"""",""内外"":""""}",JOCKEY_COLUMNS,PARSED,,,,,,,,,,,,UNKNOWN,,,N,N,NOT_APPLICABLE,,,,,,NOT_APPLICABLE_NO_ROI,,,,ダ,,,UNKNOWN,,BOOK_OR_UNSPECIFIED_ROI_SOURCE,roi_presence_raw と完全に1対1でROI記入の有無の言い換え。行の出所ではない,13,,,UNVERIFIED(表示基準日がページ間で不一致: トップ2026-08-16/使い方2026-05-17),(リスト列なし=騎手表),MISSING_ROI,NOT_AVAILABLE,原表と方式を入手するまで使用しない。原行は保持
rec_0693399f0e77c21190e76aadda66dc06de10e9026ab9be277c83c5a4f11f5c16,PRIMARY_JOCKEY,JockeyROI_連結済み_20260719_卍のみ_pre実測_backup.csv,301,JOCKEY,高杉吏麒,,NAME_KEY_ONLY_UNVERIFIED_OFFICIAL_ID,"{""競馬場"":"""",""芝/ダ"":""ダ"",""馬場状態"":""不良"",""条件クラス"":"""",""距離区分"":"""",""回り"":"""",""内外"":""""}",JOCKEY_COLUMNS,PARSED,,,,,,,,,,,,UNKNOWN,,,N,N,NOT_APPLICABLE,,,,,,NOT_APPLICABLE_NO_ROI,,,,ダ,,,UNKNOWN,,BOOK_OR_UNSPECIFIED_ROI_SOURCE,roi_presence_raw と完全に1対1でROI記入の有無の言い換え。行の出所ではない,21,,,UNVERIFIED(表示基準日がページ間で不一致: トップ2026-08-16/使い方2026-05-17),(リスト列なし=騎手表),MISSING_ROI,NOT_AVAILABLE,原表と方式を入手するまで使用しない。原行は保持
rec_74785eaffc9b79578e28f9564a5a4b924aa4dff86483eab83da45f32f3888046,PRIMARY_JOCKEY,JockeyROI_連結済み_20260719_卍のみ_pre実測_backup.csv,302,JOCKEY,田山旺佑,,NAME_KEY_ONLY_UNVERIFIED_OFFICIAL_ID,"{""競馬場"":"""",""芝/ダ"":""ダ"",""馬場状態"":""不良"",""条件クラス"":"""",""距離区分"":"""",""回り"":"""",""内外"":""""}",JOCKEY_COLUMNS,PARSED,,,,,,,,,,,,UNKNOWN,,,N,N,NOT_APPLICABLE,,,,,,NOT_APPLICABLE_NO_ROI,,,,ダ,,,UNKNOWN,,BOOK_OR_UNSPECIFIED_ROI_SOURCE,roi_presence_raw と完全に1対1でROI記入の有無の言い換え。行の出所ではない,8,,,UNVERIFIED(表示基準日がページ間で不一致: トップ2026-08-16/使い方2026-05-17),(リスト列なし=騎手表),MISSING_ROI,NOT_AVAILABLE,原表と方式を入手するまで使用しない。原行は保持
rec_5bec31490468b3e414e0c6f825d2614083c40b44e1fe8c27636d7f1da4a55963,PRIMARY_JOCKEY,JockeyROI_連結済み_20260719_卍のみ_pre実測_backup.csv,303,JOCKEY,上里直汰,,NAME_KEY_ONLY_UNVERIFIED_OFFICIAL_ID,"{""競馬場"":"""",""芝/ダ"":""ダ"",""馬場状態"":""不良"",""条件クラス"":"""",""距離区分"":"""",""回り"":"""",""内外"":""""}",JOCKEY_COLUMNS,PARSED,,,,,,,,,,,,UNKNOWN,,,N,N,NOT_APPLICABLE,,,,,,NOT_APPLICABLE_NO_ROI,,,,ダ,,,UNKNOWN,,BOOK_OR_UNSPECIFIED_ROI_SOURCE,roi_presence_raw と完全に1対1でROI記入の有無の言い換え。行の出所ではない,6,,,UNVERIFIED(表示基準日がページ間で不一致: トップ2026-08-16/使い方2026-05-17),(リスト列なし=騎手表),MISSING_ROI,NOT_AVAILABLE,原表と方式を入手するまで使用しない。原行は保持
rec_cd9ebecdc76b07f7a0574aae10289ee0f099f151f8fab393e61708ce3d6053e2,PRIMARY_JOCKEY,JockeyROI_連結済み_20260719_卍のみ_pre実測_backup.csv,304,JOCKEY,三浦皇成,,NAME_KEY_ONLY_UNVERIFIED_OFFICIAL_ID,"{""競馬場"":"""",""芝/ダ"":""ダ"",""馬場状態"":""不良"",""条件クラス"":"""",""距離区分"":"""",""回り"":"""",""内外"":""""}",JOCKEY_COLUMNS,PARSED,,,,,,,,,,,,UNKNOWN,,,N,N,NOT_APPLICABLE,,,,,,NOT_APPLICABLE_NO_ROI,,,,ダ,,,UNKNOWN,,BOOK_OR_UNSPECIFIED_ROI_SOURCE,roi_presence_raw と完全に1対1でROI記入の有無の言い換え。行の出所ではない,5,,,UNVERIFIED(表示基準日がページ間で不一致: トップ2026-08-16/使い方2026-05-17),(リスト列なし=騎手表),MISSING_ROI,NOT_AVAILABLE,原表と方式を入手するまで使用しない。原行は保持
rec_2443c170a917621e49137a751d8e76851f4bde3f1843ea3cbf769ebc8aa4f762,PRIMARY_JOCKEY,JockeyROI_連結済み_20260719_卍のみ_pre実測_backup.csv,305,JOCKEY,小林美駒,,NAME_KEY_ONLY_UNVERIFIED_OFFICIAL_ID,"{""競馬場"":"""",""芝/ダ"":""ダ"",""馬場状態"":""不良"",""条件クラス"":"""",""距離区分"":"""",""回り"":"""",""内外"":""""}",JOCKEY_COLUMNS,PARSED,,,,,,,,,,,,UNKNOWN,,,N,N,NOT_APPLICABLE,,,,,,NOT_APPLICABLE_NO_ROI,,,,ダ,,,UNKNOWN,,BOOK_OR_UNSPECIFIED_ROI_SOURCE,roi_presence_raw と完全に1対1でROI記入の有無の言い換え。行の出所ではない,5,,,UNVERIFIED(表示基準日がページ間で不一致: トップ2026-08-16/使い方2026-05-17),(リスト列なし=騎手表),MISSING_ROI,NOT_AVAILABLE,原表と方式を入手するまで使用しない。原行は保持
rec_98d5264fa1ecaa7b76ba510b67b5b998df9c20b483dd94d50add3f2f39850f20,PRIMARY_JOCKEY,JockeyROI_連結済み_20260719_卍のみ_pre実測_backup.csv,306,JOCKEY,松若風馬,,NAME_KEY_ONLY_UNVERIFIED_OFFICIAL_ID,"{""競馬場"":"""",""芝/ダ"":""ダ"",""馬場状態"":""不良"",""条件クラス"":"""",""距離区分"":"""",""回り"":"""",""内外"":""""}",JOCKEY_COLUMNS,PARSED,,,,,,,,,,,,UNKNOWN,,,N,N,NOT_APPLICABLE,,,,,,NOT_APPLICABLE_NO_ROI,,,,ダ,,,UNKNOWN,,BOOK_OR_UNSPECIFIED_ROI_SOURCE,roi_presence_raw と完全に1対1でROI記入の有無の言い換え。行の出所ではない,13,,,UNVERIFIED(表示基準日がページ間で不一致: トップ2026-08-16/使い方2026-05-17),(リスト列なし=騎手表),MISSING_ROI,NOT_AVAILABLE,原表と方式を入手するまで使用しない。原行は保持
rec_24e1d1476f15d62bb19fa21f0abd870d6307f805d05053ccfa517cb59e0a9801,PRIMARY_JOCKEY,JockeyROI_連結済み_20260719_卍のみ_pre実測_backup.csv,307,JOCKEY,武藤雅,,NAME_KEY_ONLY_UNVERIFIED_OFFICIAL_ID,"{""競馬場"":"""",""芝/ダ"":""ダ"",""馬場状態"":""不良"",""条件クラス"":"""",""距離区分"":"""",""回り"":"""",""内外"":""""}",JOCKEY_COLUMNS,PARSED,,,,,,,,,,,,UNKNOWN,,,N,N,NOT_APPLICABLE,,,,,,NOT_APPLICABLE_NO_ROI,,,,ダ,,,UNKNOWN,,BOOK_OR_UNSPECIFIED_ROI_SOURCE,roi_presence_raw と完全に1対1でROI記入の有無の言い換え。行の出所ではない,3,,,UNVERIFIED(表示基準日がページ間で不一致: トップ2026-08-16/使い方2026-05-17),(リスト列なし=騎手表),MISSING_ROI,NOT_AVAILABLE,原表と方式を入手するまで使用しない。原行は保持
rec_b684ebac52e2f477bc27350ef32612b0f9d8d478845f5c300be72cb24524b267,PRIMARY_JOCKEY,JockeyROI_連結済み_20260719_卍のみ_pre実測_backup.csv,308,JOCKEY,長浜鴻緒,,NAME_KEY_ONLY_UNVERIFIED_OFFICIAL_ID,"{""競馬場"":"""",""芝/ダ"":""ダ"",""馬場状態"":""不良"",""条件クラス"":"""",""距離区分"":"""",""回り"":"""",""内外"":""""}",JOCKEY_COLUMNS,PARSED,,,,,,,,,,,,UNKNOWN,,,N,N,NOT_APPLICABLE,,,,,,NOT_APPLICABLE_NO_ROI,,,,ダ,,,UNKNOWN,,BOOK_OR_UNSPECIFIED_ROI_SOURCE,roi_presence_raw と完全に1対1でROI記入の有無の言い換え。行の出所ではない,8,,,UNVERIFIED(表示基準日がページ間で不一致: トップ2026-08-16/使い方2026-05-17),(リスト列なし=騎手表),MISSING_ROI,NOT_AVAILABLE,原表と方式を入手するまで使用しない。原行は保持
rec_316bf4a8c609d7410ad54302f5cfb63d6ab0523be5f332627b842a76851f81e1,PRIMARY_JOCKEY,JockeyROI_連結済み_20260719_卍のみ_pre実測_backup.csv,309,JOCKEY,鮫島克駿,,NAME_KEY_ONLY_UNVERIFIED_OFFICIAL_ID,"{""競馬場"":"""",""芝/ダ"":""ダ"",""馬場状態"":""不良"",""条件クラス"":"""",""距離区分"":"""",""回り"":"""",""内外"":""""}",JOCKEY_COLUMNS,PARSED,,,,,,,,,,,,UNKNOWN,,,N,N,NOT_APPLICABLE,,,,,,NOT_APPLICABLE_NO_ROI,,,,ダ,,,UNKNOWN,,BOOK_OR_UNSPECIFIED_ROI_SOURCE,roi_presence_raw と完全に1対1でROI記入の有無の言い換え。行の出所ではない,6,,,UNVERIFIED(表示基準日がページ間で不一致: トップ2026-08-16/使い方2026-05-17),(リスト列なし=騎手表),MISSING_ROI,NOT_AVAILABLE,原表と方式を入手するまで使用しない。原行は保持
rec_f685d5ff541b3010c6f4531696ec5331dd4388575b97a4725fa7e6d2176d21f3,PRIMARY_JOCKEY,JockeyROI_連結済み_20260719_卍のみ_pre実測_backup.csv,310,JOCKEY,遠藤汰月,,NAME_KEY_ONLY_UNVERIFIED_OFFICIAL_ID,"{""競馬場"":"""",""芝/ダ"":""ダ"",""馬場状態"":""不良"",""条件クラス"":"""",""距離区分"":"""",""回り"":"""",""内外"":""""}",JOCKEY_COLUMNS,PARSED,,,,,,,,,,,,UNKNOWN,,,N,N,NOT_APPLICABLE,,,,,,NOT_APPLICABLE_NO_ROI,,,,ダ,,,UNKNOWN,,BOOK_OR_UNSPECIFIED_ROI_SOURCE,roi_presence_raw と完全に1対1でROI記入の有無の言い換え。行の出所ではない,16,,,UNVERIFIED(表示基準日がページ間で不一致: トップ2026-08-16/使い方2026-05-17),(リスト列なし=騎手表),MISSING_ROI,NOT_AVAILABLE,原表と方式を入手するまで使用しない。原行は保持
rec_ce0f284abd9c4de29469b0c29bef9600885976ec33c9d107fe792ea34fe4a2bd,PRIMARY_JOCKEY,JockeyROI_連結済み_20260719_卍のみ_pre実測_backup.csv,311,JOCKEY,江田照男,,NAME_KEY_ONLY_UNVERIFIED_OFFICIAL_ID,"{""競馬場"":"""",""芝/ダ"":""ダ"",""馬場状態"":""不良"",""条件クラス"":"""",""距離区分"":"""",""回り"":"""",""内外"":""""}",JOCKEY_COLUMNS,PARSED,,,,,,,,,,,,UNKNOWN,,,N,N,NOT_APPLICABLE,,,,,,NOT_APPLICABLE_NO_ROI,,,,ダ,,,UNKNOWN,,BOOK_OR_UNSPECIFIED_ROI_SOURCE,roi_presence_raw と完全に1対1でROI記入の有無の言い換え。行の出所ではない,6,,,UNVERIFIED(表示基準日がページ間で不一致: トップ2026-08-16/使い方2026-05-17),(リスト列なし=騎手表),MISSING_ROI,NOT_AVAILABLE,原表と方式を入手するまで使用しない。原行は保持
rec_3f861a1319ab36b78de7593da5bfd8f80ddb8ce6cc3dac0cdae3ce80905199d0,PRIMARY_JOCKEY,JockeyROI_連結済み_20260719_卍のみ_pre実測_backup.csv,312,JOCKEY,吉村誠之助,,NAME_KEY_ONLY_UNVERIFIED_OFFICIAL_ID,"{""競馬場"":"""",""芝/ダ"":""ダ"",""馬場状態"":""不良"",""条件クラス"":"""",""距離区分"":"""",""回り"":"""",""内外"":""""}",JOCKEY_COLUMNS,PARSED,,,,,,,,,,,,UNKNOWN,,,N,N,NOT_APPLICABLE,,,,,,NOT_APPLICABLE_NO_ROI,,,,ダ,,,UNKNOWN,,BOOK_OR_UNSPECIFIED_ROI_SOURCE,roi_presence_raw と完全に1対1でROI記入の有無の言い換え。行の出所ではない,9,,,UNVERIFIED(表示基準日がページ間で不一致: トップ2026-08-16/使い方2026-05-17),(リスト列なし=騎手表),MISSING_ROI,NOT_AVAILABLE,原表と方式を入手するまで使用しない。原行は保持
rec_9cf9b31c49bdc96c0df1d63c4fe5c922d4e25704edb793a97288454a4ca21d1c,PRIMARY_JOCKEY,JockeyROI_連結済み_20260719_卍のみ_pre実測_backup.csv,313,JOCKEY,原田和真,,NAME_KEY_ONLY_UNVERIFIED_OFFICIAL_ID,"{""競馬場"":"""",""芝/ダ"":"""",""馬場状態"":"""",""条件クラス"":""新馬"",""距離区分"":"""",""回り"":"""",""内外"":""""}",JOCKEY_COLUMNS,PARSED,,,,,,,,,,,WIN_ROI_PCT|PLACE_ROI_PCT|N_STARTS,UNKNOWN,サイト現行既定は「オッズ反比例の賭け金・固定払戻の意図」(WEB_DEFINITION)。CSV作成時点の方式である証明にはならない,EQUAL_STAKE|EQUAL_PAYOUT,Y,Y,YES_PUBLIC_SCOPE_UNRULED,87,,,,DIRECT_TABLE_READ(掲載値の直接転記・未照合),DIRECT_TABLE_CLAIM_UNVERIFIED,,掲載値の整数%,,,,,UNKNOWN,,DB_KEIBA,roi_presence_raw と完全に1対1でROI記入の有無の言い換え。行の出所ではない,10,,,UNVERIFIED(表示基準日がページ間で不一致: トップ2026-08-16/使い方2026-05-17),(リスト列なし=騎手表),,HOLD_METHOD+HOLD_ASOF+HOLD_ID,①購入方式の確定 ②集計期間の確定 ③公式IDでの名寄せ
rec_cd5c4a32c7290e1f3f3d9d70f0338d9d365dc58602d0aa29df4e474f561a7037,PRIMARY_JOCKEY,JockeyROI_連結済み_20260719_卍のみ_pre実測_backup.csv,314,JOCKEY,高杉吏麒,,NAME_KEY_ONLY_UNVERIFIED_OFFICIAL_ID,"{""競馬場"":"""",""芝/ダ"":"""",""馬場状態"":"""",""条件クラス"":""新馬"",""距離区分"":"""",""回り"":"""",""内外"":""""}",JOCKEY_COLUMNS,PARSED,,,,,,,,,,,WIN_ROI_PCT|PLACE_ROI_PCT|N_STARTS,UNKNOWN,サイト現行既定は「オッズ反比例の賭け金・固定払戻の意図」(WEB_DEFINITION)。CSV作成時点の方式である証明にはならない,EQUAL_STAKE|EQUAL_PAYOUT,Y,Y,YES_PUBLIC_SCOPE_UNRULED,108,,,,DIRECT_TABLE_READ(掲載値の直接転記・未照合),DIRECT_TABLE_CLAIM_UNVERIFIED,,掲載値の整数%,,,,,UNKNOWN,,DB_KEIBA,roi_presence_raw と完全に1対1でROI記入の有無の言い換え。行の出所ではない,21,,,UNVERIFIED(表示基準日がページ間で不一致: トップ2026-08-16/使い方2026-05-17),(リスト列なし=騎手表),,HOLD_METHOD+HOLD_ASOF+HOLD_ID,①購入方式の確定 ②集計期間の確定 ③公式IDでの名寄せ
rec_bc5923709ac4f8a4d6f83c27976ef81beda8986b6e856eb3ce52a9f6903442b1,PRIMARY_JOCKEY,JockeyROI_連結済み_20260719_卍のみ_pre実測_backup.csv,315,JOCKEY,丸田恭介,,NAME_KEY_ONLY_UNVERIFIED_OFFICIAL_ID,"{""競馬場"":"""",""芝/ダ"":"""",""馬場状態"":"""",""条件クラス"":""新馬"",""距離区分"":"""",""回り"":"""",""内外"":""""}",JOCKEY_COLUMNS,PARSED,,,,,,,,,,,WIN_ROI_PCT|PLACE_ROI_PCT|N_STARTS,UNKNOWN,サイト現行既定は「オッズ反比例の賭け金・固定払戻の意図」(WEB_DEFINITION)。CSV作成時点の方式である証明にはならない,EQUAL_STAKE|EQUAL_PAYOUT,Y,Y,YES_PUBLIC_SCOPE_UNRULED,207,,,,DIRECT_TABLE_READ(掲載値の直接転記・未照合),DIRECT_TABLE_CLAIM_UNVERIFIED,,掲載値の整数%,,,,,UNKNOWN,,DB_KEIBA,roi_presence_raw と完全に1対1でROI記入の有無の言い換え。行の出所ではない,3,,,UNVERIFIED(表示基準日がページ間で不一致: トップ2026-08-16/使い方2026-05-17),(リスト列なし=騎手表),,HOLD_METHOD+HOLD_ASOF+HOLD_ID,①購入方式の確定 ②集計期間の確定 ③公式IDでの名寄せ
rec_0ad7104f51713c86dab2970717c78e53b297798d8f4ee3e6ea4c248833f3d3b9,PRIMARY_JOCKEY,JockeyROI_連結済み_20260719_卍のみ_pre実測_backup.csv,316,JOCKEY,鮫島克駿,,NAME_KEY_ONLY_UNVERIFIED_OFFICIAL_ID,"{""競馬場"":"""",""芝/ダ"":"""",""馬場状態"":"""",""条件クラス"":""新馬"",""距離区分"":"""",""回り"":"""",""内外"":""""}",JOCKEY_COLUMNS,PARSED,,,,,,,,,,,WIN_ROI_PCT|PLACE_ROI_PCT|N_STARTS,UNKNOWN,サイト現行既定は「オッズ反比例の賭け金・固定払戻の意図」(WEB_DEFINITION)。CSV作成時点の方式である証明にはならない,EQUAL_STAKE|EQUAL_PAYOUT,Y,Y,YES_PUBLIC_SCOPE_UNRULED,348,,,,DIRECT_TABLE_READ(掲載値の直接転記・未照合),DIRECT_TABLE_CLAIM_UNVERIFIED,,掲載値の整数%,,,,,UNKNOWN,,DB_KEIBA,roi_presence_raw と完全に1対1でROI記入の有無の言い換え。行の出所ではない,6,,,UNVERIFIED(表示基準日がページ間で不一致: トップ2026-08-16/使い方2026-05-17),(リスト列なし=騎手表),,HOLD_METHOD+HOLD_ASOF+HOLD_ID,①購入方式の確定 ②集計期間の確定 ③公式IDでの名寄せ
rec_cc951b5451bb4191c693f694ca2bd95aa9bd6e8fd86ffddb5b1d8df3d841f29f,PRIMARY_JOCKEY,JockeyROI_連結済み_20260719_卍のみ_pre実測_backup.csv,317,JOCKEY,嶋田純次,,NAME_KEY_ONLY_UNVERIFIED_OFFICIAL_ID,"{""競馬場"":"""",""芝/ダ"":"""",""馬場状態"":"""",""条件クラス"":""新馬"",""距離区分"":"""",""回り"":"""",""内外"":""""}",JOCKEY_COLUMNS,PARSED,,,,,,,,,,,WIN_ROI_PCT|PLACE_ROI_PCT|N_STARTS,UNKNOWN,サイト現行既定は「オッズ反比例の賭け金・固定払戻の意図」(WEB_DEFINITION)。CSV作成時点の方式である証明にはならない,EQUAL_STAKE|EQUAL_PAYOUT,Y,Y,YES_PUBLIC_SCOPE_UNRULED,98,,,,DIRECT_TABLE_READ(掲載値の直接転記・未照合),DIRECT_TABLE_CLAIM_UNVERIFIED,,掲載値の整数%,,,,,UNKNOWN,,DB_KEIBA,roi_presence_raw と完全に1対1でROI記入の有無の言い換え。行の出所ではない,5,,,UNVERIFIED(表示基準日がページ間で不一致: トップ2026-08-16/使い方2026-05-17),(リスト列なし=騎手表),,HOLD_METHOD+HOLD_ASOF+HOLD_ID,①購入方式の確定 ②集計期間の確定 ③公式IDでの名寄せ
rec_b6e5b7406236abbd5883b73f3644bd382b52090a5b2341cc5345e9f989c64c10,PRIMARY_JOCKEY,JockeyROI_連結済み_20260719_卍のみ_pre実測_backup.csv,318,JOCKEY,太宰啓介,,NAME_KEY_ONLY_UNVERIFIED_OFFICIAL_ID,"{""競馬場"":"""",""芝/ダ"":"""",""馬場状態"":"""",""条件クラス"":""新馬"",""距離区分"":"""",""回り"":"""",""内外"":""""}",JOCKEY_COLUMNS,PARSED,,,,,,,,,,,WIN_ROI_PCT|PLACE_ROI_PCT|N_STARTS,UNKNOWN,サイト現行既定は「オッズ反比例の賭け金・固定払戻の意図」(WEB_DEFINITION)。CSV作成時点の方式である証明にはならない,EQUAL_STAKE|EQUAL_PAYOUT,Y,Y,YES_PUBLIC_SCOPE_UNRULED,82,,,,DIRECT_TABLE_READ(掲載値の直接転記・未照合),DIRECT_TABLE_CLAIM_UNVERIFIED,,掲載値の整数%,,,,,UNKNOWN,,DB_KEIBA,roi_presence_raw と完全に1対1でROI記入の有無の言い換え。行の出所ではない,2,,,UNVERIFIED(表示基準日がページ間で不一致: トップ2026-08-16/使い方2026-05-17),(リスト列なし=騎手表),,HOLD_METHOD+HOLD_ASOF+HOLD_ID,①購入方式の確定 ②集計期間の確定 ③公式IDでの名寄せ
rec_2521c7b0f7f015e1551a109d78f56cf29d61e7a95d00d66a05f238ab5e9c5abe,PRIMARY_JOCKEY,JockeyROI_連結済み_20260719_卍のみ_pre実測_backup.csv,319,JOCKEY,菅原隆一,,NAME_KEY_ONLY_UNVERIFIED_OFFICIAL_ID,"{""競馬場"":"""",""芝/ダ"":"""",""馬場状態"":"""",""条件クラス"":""新馬"",""距離区分"":"""",""回り"":"""",""内外"":""""}",JOCKEY_COLUMNS,PARSED,,,,,,,,,,,WIN_ROI_PCT|PLACE_ROI_PCT|N_STARTS,UNKNOWN,サイト現行既定は「オッズ反比例の賭け金・固定払戻の意図」(WEB_DEFINITION)。CSV作成時点の方式である証明にはならない,EQUAL_STAKE|EQUAL_PAYOUT,Y,Y,YES_PUBLIC_SCOPE_UNRULED,45,,,,DIRECT_TABLE_READ(掲載値の直接転記・未照合),DIRECT_TABLE_CLAIM_UNVERIFIED,,掲載値の整数%,,,,,UNKNOWN,,DB_KEIBA,roi_presence_raw と完全に1対1でROI記入の有無の言い換え。行の出所ではない,1,,,UNVERIFIED(表示基準日がページ間で不一致: トップ2026-08-16/使い方2026-05-17),(リスト列なし=騎手表),,HOLD_METHOD+HOLD_ASOF+HOLD_ID,①購入方式の確定 ②集計期間の確定 ③公式IDでの名寄せ
rec_ca9f4eb41311d7d38d51266f2c06e37aebd605fa425bc366d63101cd8609ae2b,PRIMARY_JOCKEY,JockeyROI_連結済み_20260719_卍のみ_pre実測_backup.csv,320,JOCKEY,松若風馬,,NAME_KEY_ONLY_UNVERIFIED_OFFICIAL_ID,"{""競馬場"":"""",""芝/ダ"":"""",""馬場状態"":"""",""条件クラス"":""新馬"",""距離区分"":"""",""回り"":"""",""内外"":""""}",JOCKEY_COLUMNS,PARSED,,,,,,,,,,,WIN_ROI_PCT|PLACE_ROI_PCT|N_STARTS,UNKNOWN,サイト現行既定は「オッズ反比例の賭け金・固定払戻の意図」(WEB_DEFINITION)。CSV作成時点の方式である証明にはならない,EQUAL_STAKE|EQUAL_PAYOUT,Y,Y,YES_PUBLIC_SCOPE_UNRULED,198,,,,DIRECT_TABLE_READ(掲載値の直接転記・未照合),DIRECT_TABLE_CLAIM_UNVERIFIED,,掲載値の整数%,,,,,UNKNOWN,,DB_KEIBA,roi_presence_raw と完全に1対1でROI記入の有無の言い換え。行の出所ではない,13,,,UNVERIFIED(表示基準日がページ間で不一致: トップ2026-08-16/使い方2026-05-17),(リスト列なし=騎手表),,HOLD_METHOD+HOLD_ASOF+HOLD_ID,①購入方式の確定 ②集計期間の確定 ③公式IDでの名寄せ
rec_8c1ff48689cdc0adfa8dafcfd0c3c827f26ef33f9b709ea5d42a37ee61ecd5b8,PRIMARY_JOCKEY,JockeyROI_連結済み_20260719_卍のみ_pre実測_backup.csv,321,JOCKEY,城戸義政,,NAME_KEY_ONLY_UNVERIFIED_OFFICIAL_ID,"{""競馬場"":"""",""芝/ダ"":"""",""馬場状態"":"""",""条件クラス"":""新馬"",""距離区分"":"""",""回り"":"""",""内外"":""""}",JOCKEY_COLUMNS,PARSED,,,,,,,,,,,,UNKNOWN,,,N,N,NOT_APPLICABLE,,,,,,NOT_APPLICABLE_NO_ROI,,,,,,,UNKNOWN,,BOOK_OR_UNSPECIFIED_ROI_SOURCE,roi_presence_raw と完全に1対1でROI記入の有無の言い換え。行の出所ではない,2,,,UNVERIFIED(表示基準日がページ間で不一致: トップ2026-08-16/使い方2026-05-17),(リスト列なし=騎手表),MISSING_ROI,NOT_AVAILABLE,原表と方式を入手するまで使用しない。原行は保持
rec_b67051a2205c05d03732b1cd551196b1a4fceda2e577e2b071c2518d5eda5d91,PRIMARY_JOCKEY,JockeyROI_連結済み_20260719_卍のみ_pre実測_backup.csv,322,JOCKEY,石神深道,,NAME_KEY_ONLY_UNVERIFIED_OFFICIAL_ID,"{""競馬場"":"""",""芝/ダ"":"""",""馬場状態"":"""",""条件クラス"":""新馬"",""距離区分"":"""",""回り"":"""",""内外"":""""}",JOCKEY_COLUMNS,PARSED,,,,,,,,,,,WIN_ROI_PCT|PLACE_ROI_PCT|N_STARTS,UNKNOWN,サイト現行既定は「オッズ反比例の賭け金・固定払戻の意図」(WEB_DEFINITION)。CSV作成時点の方式である証明にはならない,EQUAL_STAKE|EQUAL_PAYOUT,Y,Y,YES_PUBLIC_SCOPE_UNRULED,69,,,,DIRECT_TABLE_READ(掲載値の直接転記・未照合),DIRECT_TABLE_CLAIM_UNVERIFIED,,掲載値の整数%,,,,,UNKNOWN,,DB_KEIBA,roi_presence_raw と完全に1対1でROI記入の有無の言い換え。行の出所ではない,13,,,UNVERIFIED(表示基準日がページ間で不一致: トップ2026-08-16/使い方2026-05-17),(リスト列なし=騎手表),,HOLD_METHOD+HOLD_ASOF+HOLD_ID,①購入方式の確定 ②集計期間の確定 ③公式IDでの名寄せ
rec_607e321755f03a96491d67a0973adf974f63fd414b59eaabc48ad6af3b597c07,PRIMARY_JOCKEY,JockeyROI_連結済み_20260719_卍のみ_pre実測_backup.csv,323,JOCKEY,丹内祐次,,NAME_KEY_ONLY_UNVERIFIED_OFFICIAL_ID,"{""競馬場"":"""",""芝/ダ"":"""",""馬場状態"":"""",""条件クラス"":""新馬"",""距離区分"":"""",""回り"":"""",""内外"":""""}",JOCKEY_COLUMNS,PARSED,,,,,,,,,,,WIN_ROI_PCT|PLACE_ROI_PCT|N_STARTS,UNKNOWN,サイト現行既定は「オッズ反比例の賭け金・固定払戻の意図」(WEB_DEFINITION)。CSV作成時点の方式である証明にはならない,EQUAL_STAKE|EQUAL_PAYOUT,Y,Y,YES_PUBLIC_SCOPE_UNRULED,295,,,,DIRECT_TABLE_READ(掲載値の直接転記・未照合),DIRECT_TABLE_CLAIM_UNVERIFIED,,掲載値の整数%,,,,,UNKNOWN,,DB_KEIBA,roi_presence_raw と完全に1対1でROI記入の有無の言い換え。行の出所ではない,7,,,UNVERIFIED(表示基準日がページ間で不一致: トップ2026-08-16/使い方2026-05-17),(リスト列なし=騎手表),,HOLD_METHOD+HOLD_ASOF+HOLD_ID,①購入方式の確定 ②集計期間の確定 ③公式IDでの名寄せ
rec_b8343ede7c363687566f91dfb220478a1fbcbaef9e4f86c0856db8066b7a21cb,PRIMARY_JOCKEY,JockeyROI_連結済み_20260719_卍のみ_pre実測_backup.csv,324,JOCKEY,和田陽希,,NAME_KEY_ONLY_UNVERIFIED_OFFICIAL_ID,"{""競馬場"":"""",""芝/ダ"":"""",""馬場状態"":"""",""条件クラス"":""新馬"",""距離区分"":"""",""回り"":"""",""内外"":""""}",JOCKEY_COLUMNS,PARSED,,,,,,,,,,,WIN_ROI_PCT|PLACE_ROI_PCT|N_STARTS,UNKNOWN,サイト現行既定は「オッズ反比例の賭け金・固定払戻の意図」(WEB_DEFINITION)。CSV作成時点の方式である証明にはならない,EQUAL_STAKE|EQUAL_PAYOUT,Y,Y,YES_PUBLIC_SCOPE_UNRULED,18,,,,DIRECT_TABLE_READ(掲載値の直接転記・未照合),DIRECT_TABLE_CLAIM_UNVERIFIED,,掲載値の整数%,,,,,UNKNOWN,,DB_KEIBA,roi_presence_raw と完全に1対1でROI記入の有無の言い換え。行の出所ではない,7,,,UNVERIFIED(表示基準日がページ間で不一致: トップ2026-08-16/使い方2026-05-17),(リスト列なし=騎手表),,HOLD_METHOD+HOLD_ASOF+HOLD_ID,①購入方式の確定 ②集計期間の確定 ③公式IDでの名寄せ
rec_2074c549faeb334960cc5f30ebbaa65be7fb45de3009a824a6893f37353b563e,PRIMARY_JOCKEY,JockeyROI_連結済み_20260719_卍のみ_pre実測_backup.csv,325,JOCKEY,遠藤汰月,,NAME_KEY_ONLY_UNVERIFIED_OFFICIAL_ID,"{""競馬場"":"""",""芝/ダ"":"""",""馬場状態"":"""",""条件クラス"":""新馬"",""距離区分"":"""",""回り"":"""",""内外"":""""}",JOCKEY_COLUMNS,PARSED,,,,,,,,,,,WIN_ROI_PCT|PLACE_ROI_PCT|N_STARTS,UNKNOWN,サイト現行既定は「オッズ反比例の賭け金・固定払戻の意図」(WEB_DEFINITION)。CSV作成時点の方式である証明にはならない,EQUAL_STAKE|EQUAL_PAYOUT,Y,Y,YES_PUBLIC_SCOPE_UNRULED,28,,,,DIRECT_TABLE_READ(掲載値の直接転記・未照合),DIRECT_TABLE_CLAIM_UNVERIFIED,,掲載値の整数%,,,,,UNKNOWN,,DB_KEIBA,roi_presence_raw と完全に1対1でROI記入の有無の言い換え。行の出所ではない,16,,,UNVERIFIED(表示基準日がページ間で不一致: トップ2026-08-16/使い方2026-05-17),(リスト列なし=騎手表),,HOLD_METHOD+HOLD_ASOF+HOLD_ID,①購入方式の確定 ②集計期間の確定 ③公式IDでの名寄せ
rec_f70331ef77f9cdb4eb20b4da56d89a98c0d30c3db22592d7317ecfbeac267ecd,PRIMARY_JOCKEY,JockeyROI_連結済み_20260719_卍のみ_pre実測_backup.csv,326,JOCKEY,高杉吏麒,,NAME_KEY_ONLY_UNVERIFIED_OFFICIAL_ID,"{""競馬場"":"""",""芝/ダ"":"""",""馬場状態"":"""",""条件クラス"":""未勝利"",""距離区分"":"""",""回り"":"""",""内外"":""""}",JOCKEY_COLUMNS,PARSED,,,,,,,,,,,WIN_ROI_PCT|PLACE_ROI_PCT|N_STARTS,UNKNOWN,サイト現行既定は「オッズ反比例の賭け金・固定払戻の意図」(WEB_DEFINITION)。CSV作成時点の方式である証明にはならない,EQUAL_STAKE|EQUAL_PAYOUT,Y,Y,YES_PUBLIC_SCOPE_UNRULED,495,,,,DIRECT_TABLE_READ(掲載値の直接転記・未照合),DIRECT_TABLE_CLAIM_UNVERIFIED,,掲載値の整数%,,,,,UNKNOWN,,DB_KEIBA,roi_presence_raw と完全に1対1でROI記入の有無の言い換え。行の出所ではない,21,,,UNVERIFIED(表示基準日がページ間で不一致: トップ2026-08-16/使い方2026-05-17),(リスト列なし=騎手表),,HOLD_METHOD+HOLD_ASOF+HOLD_ID,①購入方式の確定 ②集計期間の確定 ③公式IDでの名寄せ
rec_468bc76bc7ce95ab4d11136e1436fa6b061a513e37b4d100288e8040a6a032b5,PRIMARY_JOCKEY,JockeyROI_連結済み_20260719_卍のみ_pre実測_backup.csv,327,JOCKEY,菊沢一樹,,NAME_KEY_ONLY_UNVERIFIED_OFFICIAL_ID,"{""競馬場"":"""",""芝/ダ"":"""",""馬場状態"":"""",""条件クラス"":""未勝利"",""距離区分"":"""",""回り"":"""",""内外"":""""}",JOCKEY_COLUMNS,PARSED,,,,,,,,,,,WIN_ROI_PCT|PLACE_ROI_PCT|N_STARTS,UNKNOWN,サイト現行既定は「オッズ反比例の賭け金・固定払戻の意図」(WEB_DEFINITION)。CSV作成時点の方式である証明にはならない,EQUAL_STAKE|EQUAL_PAYOUT,Y,Y,YES_PUBLIC_SCOPE_UNRULED,1096,,,,DIRECT_TABLE_READ(掲載値の直接転記・未照合),DIRECT_TABLE_CLAIM_UNVERIFIED,,掲載値の整数%,,,,,UNKNOWN,,DB_KEIBA,roi_presence_raw と完全に1対1でROI記入の有無の言い換え。行の出所ではない,10,,,UNVERIFIED(表示基準日がページ間で不一致: トップ2026-08-16/使い方2026-05-17),(リスト列なし=騎手表),,HOLD_METHOD+HOLD_ASOF+HOLD_ID,①購入方式の確定 ②集計期間の確定 ③公式IDでの名寄せ
rec_f8101d89c985fcf544e864916a50400f220bc499d4b28819df72c3b9f6269afe,PRIMARY_JOCKEY,JockeyROI_連結済み_20260719_卍のみ_pre実測_backup.csv,328,JOCKEY,長岡禎仁,,NAME_KEY_ONLY_UNVERIFIED_OFFICIAL_ID,"{""競馬場"":"""",""芝/ダ"":"""",""馬場状態"":"""",""条件クラス"":""未勝利"",""距離区分"":"""",""回り"":"""",""内外"":""""}",JOCKEY_COLUMNS,PARSED,,,,,,,,,,,WIN_ROI_PCT|PLACE_ROI_PCT|N_STARTS,UNKNOWN,サイト現行既定は「オッズ反比例の賭け金・固定払戻の意図」(WEB_DEFINITION)。CSV作成時点の方式である証明にはならない,EQUAL_STAKE|EQUAL_PAYOUT,Y,Y,YES_PUBLIC_SCOPE_UNRULED,381,,,,DIRECT_TABLE_READ(掲載値の直接転記・未照合),DIRECT_TABLE_CLAIM_UNVERIFIED,,掲載値の整数%,,,,,UNKNOWN,,DB_KEIBA,roi_presence_raw と完全に1対1でROI記入の有無の言い換え。行の出所ではない,3,,,UNVERIFIED(表示基準日がページ間で不一致: トップ2026-08-16/使い方2026-05-17),(リスト列なし=騎手表),,HOLD_METHOD+HOLD_ASOF+HOLD_ID,①購入方式の確定 ②集計期間の確定 ③公式IDでの名寄せ
rec_f6bd081bc701f1565748eccf3186e34eee118e0b2ce488ad5a14b130ab381ce1,PRIMARY_JOCKEY,JockeyROI_連結済み_20260719_卍のみ_pre実測_backup.csv,329,JOCKEY,津村明秀,,NAME_KEY_ONLY_UNVERIFIED_OFFICIAL_ID,"{""競馬場"":"""",""芝/ダ"":"""",""馬場状態"":"""",""条件クラス"":""未勝利"",""距離区分"":"""",""回り"":"""",""内外"":""""}",JOCKEY_COLUMNS,PARSED,,,,,,,,,,,WIN_ROI_PCT|PLACE_ROI_PCT|N_STARTS,UNKNOWN,サイト現行既定は「オッズ反比例の賭け金・固定払戻の意図」(WEB_DEFINITION)。CSV作成時点の方式である証明にはならない,EQUAL_STAKE|EQUAL_PAYOUT,Y,Y,YES_PUBLIC_SCOPE_UNRULED,878,,,,DIRECT_TABLE_READ(掲載値の直接転記・未照合),DIRECT_TABLE_CLAIM_UNVERIFIED,,掲載値の整数%,,,,,UNKNOWN,,DB_KEIBA,roi_presence_raw と完全に1対1でROI記入の有無の言い換え。行の出所ではない,5,,,UNVERIFIED(表示基準日がページ間で不一致: トップ2026-08-16/使い方2026-05-17),(リスト列なし=騎手表),,HOLD_METHOD+HOLD_ASOF+HOLD_ID,①購入方式の確定 ②集計期間の確定 ③公式IDでの名寄せ
rec_cdfab903c58e2060b08a4365b6fc47e7c4ee93cbb8a5fc3cc13b43667c4e6dec,PRIMARY_JOCKEY,JockeyROI_連結済み_20260719_卍のみ_pre実測_backup.csv,330,JOCKEY,石神深道,,NAME_KEY_ONLY_UNVERIFIED_OFFICIAL_ID,"{""競馬場"":"""",""芝/ダ"":"""",""馬場状態"":"""",""条件クラス"":""未勝利"",""距離区分"":"""",""回り"":"""",""内外"":""""}",JOCKEY_COLUMNS,PARSED,,,,,,,,,,,WIN_ROI_PCT|PLACE_ROI_PCT|N_STARTS,UNKNOWN,サイト現行既定は「オッズ反比例の賭け金・固定払戻の意図」(WEB_DEFINITION)。CSV作成時点の方式である証明にはならない,EQUAL_STAKE|EQUAL_PAYOUT,Y,Y,YES_PUBLIC_SCOPE_UNRULED,378,,,,DIRECT_TABLE_READ(掲載値の直接転記・未照合),DIRECT_TABLE_CLAIM_UNVERIFIED,,掲載値の整数%,,,,,UNKNOWN,,DB_KEIBA,roi_presence_raw と完全に1対1でROI記入の有無の言い換え。行の出所ではない,13,,,UNVERIFIED(表示基準日がページ間で不一致: トップ2026-08-16/使い方2026-05-17),(リスト列なし=騎手表),,HOLD_METHOD+HOLD_ASOF+HOLD_ID,①購入方式の確定 ②集計期間の確定 ③公式IDでの名寄せ
rec_8f767a7fa40488480f6355de567d4f68844fc5602a032e521827218da7e199c4,PRIMARY_JOCKEY,JockeyROI_連結済み_20260719_卍のみ_pre実測_backup.csv,331,JOCKEY,田口貫太,,NAME_KEY_ONLY_UNVERIFIED_OFFICIAL_ID,"{""競馬場"":"""",""芝/ダ"":"""",""馬場状態"":"""",""条件クラス"":""未勝利"",""距離区分"":"""",""回り"":"""",""内外"":""""}",JOCKEY_COLUMNS,PARSED,,,,,,,,,,,WIN_ROI_PCT|PLACE_ROI_PCT|N_STARTS,UNKNOWN,サイト現行既定は「オッズ反比例の賭け金・固定払戻の意図」(WEB_DEFINITION)。CSV作成時点の方式である証明にはならない,EQUAL_STAKE|EQUAL_PAYOUT,Y,Y,YES_PUBLIC_SCOPE_UNRULED,833,,,,DIRECT_TABLE_READ(掲載値の直接転記・未照合),DIRECT_TABLE_CLAIM_UNVERIFIED,,掲載値の整数%,,,,,UNKNOWN,,DB_KEIBA,roi_presence_raw と完全に1対1でROI記入の有無の言い換え。行の出所ではない,10,,,UNVERIFIED(表示基準日がページ間で不一致: トップ2026-08-16/使い方2026-05-17),(リスト列なし=騎手表),,HOLD_METHOD+HOLD_ASOF+HOLD_ID,①購入方式の確定 ②集計期間の確定 ③公式IDでの名寄せ
rec_762edff5214cefd21244dc294865df93590f6f6d8d73d7c14a085a7da41ed965,PRIMARY_JOCKEY,JockeyROI_連結済み_20260719_卍のみ_pre実測_backup.csv,332,JOCKEY,水沼元輝,,NAME_KEY_ONLY_UNVERIFIED_OFFICIAL_ID,"{""競馬場"":"""",""芝/ダ"":"""",""馬場状態"":"""",""条件クラス"":""未勝利"",""距離区分"":"""",""回り"":"""",""内外"":""""}",JOCKEY_COLUMNS,PARSED,,,,,,,,,,,,UNKNOWN,,,N,N,NOT_APPLICABLE,,,,,,NOT_APPLICABLE_NO_ROI,,,,,,,UNKNOWN,,BOOK_OR_UNSPECIFIED_ROI_SOURCE,roi_presence_raw と完全に1対1でROI記入の有無の言い換え。行の出所ではない,4,,,UNVERIFIED(表示基準日がページ間で不一致: トップ2026-08-16/使い方2026-05-17),(リスト列なし=騎手表),MISSING_ROI,NOT_AVAILABLE,原表と方式を入手するまで使用しない。原行は保持
rec_3e17f0bbf9fd2f655798048956cdf37e516e60b5eb00a4bfa98534ccb3883ef2,PRIMARY_JOCKEY,JockeyROI_連結済み_20260719_卍のみ_pre実測_backup.csv,333,JOCKEY,国分恭介,,NAME_KEY_ONLY_UNVERIFIED_OFFICIAL_ID,"{""競馬場"":"""",""芝/ダ"":"""",""馬場状態"":"""",""条件クラス"":""未勝利"",""距離区分"":"""",""回り"":"""",""内外"":""""}",JOCKEY_COLUMNS,PARSED,https://db-keiba.com/jockey-kokubunk/,掲載表(見出し文字列は証跡JSONに未収録),2026-09-10T10:49:08+09:00,2026-05-25T01:02:58+0900,,,,evidence/web/WEB_JOCKEY.json,574a9932deba18d018b6eeeba01f1dc410f2cf610e13710f1b8b3b7a07d42840,WEB_JOCKEY_TABLE_004,WIN_ROI_PCT|PLACE_ROI_PCT|N_STARTS,UNKNOWN,サイト現行既定は「オッズ反比例の賭け金・固定払戻の意図」(WEB_DEFINITION)。CSV作成時点の方式である証明にはならない,EQUAL_STAKE|EQUAL_PAYOUT,Y,Y,YES_PUBLIC_SCOPE_UNRULED,576,,,,DIRECT_TABLE_READ(掲載値の直接転記・未照合),DIRECT_TABLE_CLAIM_UNVERIFIED,,掲載値の整数%,,,,,UNKNOWN,,DB_KEIBA,roi_presence_raw と完全に1対1でROI記入の有無の言い換え。行の出所ではない,15,,,UNVERIFIED(表示基準日がページ間で不一致: トップ2026-08-16/使い方2026-05-17),(リスト列なし=騎手表),,HOLD_METHOD+HOLD_ASOF+HOLD_ID,①購入方式の確定 ②集計期間の確定 ③公式IDでの名寄せ
rec_f00e1c897327dd1a047482426224c6dea33d7552cd2d8a0d9984e8591c9e7244,PRIMARY_JOCKEY,JockeyROI_連結済み_20260719_卍のみ_pre実測_backup.csv,334,JOCKEY,松若風馬,,NAME_KEY_ONLY_UNVERIFIED_OFFICIAL_ID,"{""競馬場"":"""",""芝/ダ"":"""",""馬場状態"":"""",""条件クラス"":""未勝利"",""距離区分"":"""",""回り"":"""",""内外"":""""}",JOCKEY_COLUMNS,PARSED,,,,,,,,,,,WIN_ROI_PCT|PLACE_ROI_PCT|N_STARTS,UNKNOWN,サイト現行既定は「オッズ反比例の賭け金・固定払戻の意図」(WEB_DEFINITION)。CSV作成時点の方式である証明にはならない,EQUAL_STAKE|EQUAL_PAYOUT,Y,Y,YES_PUBLIC_SCOPE_UNRULED,913,,,,DIRECT_TABLE_READ(掲載値の直接転記・未照合),DIRECT_TABLE_CLAIM_UNVERIFIED,,掲載値の整数%,,,,,UNKNOWN,,DB_KEIBA,roi_presence_raw と完全に1対1でROI記入の有無の言い換え。行の出所ではない,13,,,UNVERIFIED(表示基準日がページ間で不一致: トップ2026-08-16/使い方2026-05-17),(リスト列なし=騎手表),,HOLD_METHOD+HOLD_ASOF+HOLD_ID,①購入方式の確定 ②集計期間の確定 ③公式IDでの名寄せ
rec_acc3af631e98c788c19a6c0660ca51430759e32803788118cca090410c49830d,PRIMARY_JOCKEY,JockeyROI_連結済み_20260719_卍のみ_pre実測_backup.csv,335,JOCKEY,江田照男,,NAME_KEY_ONLY_UNVERIFIED_OFFICIAL_ID,"{""競馬場"":"""",""芝/ダ"":"""",""馬場状態"":"""",""条件クラス"":""未勝利"",""距離区分"":"""",""回り"":"""",""内外"":""""}",JOCKEY_COLUMNS,PARSED,,,,,,,,,,,WIN_ROI_PCT|PLACE_ROI_PCT|N_STARTS,UNKNOWN,サイト現行既定は「オッズ反比例の賭け金・固定払戻の意図」(WEB_DEFINITION)。CSV作成時点の方式である証明にはならない,EQUAL_STAKE|EQUAL_PAYOUT,Y,Y,YES_PUBLIC_SCOPE_UNRULED,704,,,,DIRECT_TABLE_READ(掲載値の直接転記・未照合),DIRECT_TABLE_CLAIM_UNVERIFIED,,掲載値の整数%,,,,,UNKNOWN,,DB_KEIBA,roi_presence_raw と完全に1対1でROI記入の有無の言い換え。行の出所ではない,6,,,UNVERIFIED(表示基準日がページ間で不一致: トップ2026-08-16/使い方2026-05-17),(リスト列なし=騎手表),,HOLD_METHOD+HOLD_ASOF+HOLD_ID,①購入方式の確定 ②集計期間の確定 ③公式IDでの名寄せ
rec_fa262d2f354caf349d7d27f2a99a8d1a0420c7fbb073d451b98c66e03aa4384d,PRIMARY_JOCKEY,JockeyROI_連結済み_20260719_卍のみ_pre実測_backup.csv,336,JOCKEY,遠藤汰月,,NAME_KEY_ONLY_UNVERIFIED_OFFICIAL_ID,"{""競馬場"":"""",""芝/ダ"":"""",""馬場状態"":"""",""条件クラス"":""未勝利"",""距離区分"":"""",""回り"":"""",""内外"":""""}",JOCKEY_COLUMNS,PARSED,,,,,,,,,,,WIN_ROI_PCT|PLACE_ROI_PCT|N_STARTS,UNKNOWN,サイト現行既定は「オッズ反比例の賭け金・固定払戻の意図」(WEB_DEFINITION)。CSV作成時点の方式である証明にはならない,EQUAL_STAKE|EQUAL_PAYOUT,Y,Y,YES_PUBLIC_SCOPE_UNRULED,178,,,,DIRECT_TABLE_READ(掲載値の直接転記・未照合),DIRECT_TABLE_CLAIM_UNVERIFIED,,掲載値の整数%,,,,,UNKNOWN,,DB_KEIBA,roi_presence_raw と完全に1対1でROI記入の有無の言い換え。行の出所ではない,16,,,UNVERIFIED(表示基準日がページ間で不一致: トップ2026-08-16/使い方2026-05-17),(リスト列なし=騎手表),,HOLD_METHOD+HOLD_ASOF+HOLD_ID,①購入方式の確定 ②集計期間の確定 ③公式IDでの名寄せ
rec_d848fad7e7728ebb8ec79930674c44d9392f7a0faa0a9a58b17aaac385bd74cf,PRIMARY_JOCKEY,JockeyROI_連結済み_20260719_卍のみ_pre実測_backup.csv,337,JOCKEY,原田和真,,NAME_KEY_ONLY_UNVERIFIED_OFFICIAL_ID,"{""競馬場"":"""",""芝/ダ"":"""",""馬場状態"":"""",""条件クラス"":""未勝利"",""距離区分"":"""",""回り"":"""",""内外"":""""}",JOCKEY_COLUMNS,PARSED,,,,,,,,,,,WIN_ROI_PCT|PLACE_ROI_PCT|N_STARTS,UNKNOWN,サイト現行既定は「オッズ反比例の賭け金・固定払戻の意図」(WEB_DEFINITION)。CSV作成時点の方式である証明にはならない,EQUAL_STAKE|EQUAL_PAYOUT,Y,Y,YES_PUBLIC_SCOPE_UNRULED,353,,,,DIRECT_TABLE_READ(掲載値の直接転記・未照合),DIRECT_TABLE_CLAIM_UNVERIFIED,,掲載値の整数%,,,,,UNKNOWN,,DB_KEIBA,roi_presence_raw と完全に1対1でROI記入の有無の言い換え。行の出所ではない,10,,,UNVERIFIED(表示基準日がページ間で不一致: トップ2026-08-16/使い方2026-05-17),(リスト列なし=騎手表),,HOLD_METHOD+HOLD_ASOF+HOLD_ID,①購入方式の確定 ②集計期間の確定 ③公式IDでの名寄せ
rec_ba129a821fdb33931ff41507cf929581bbb016583d5adeb4b716f00900723bef,PRIMARY_JOCKEY,JockeyROI_連結済み_20260719_卍のみ_pre実測_backup.csv,338,JOCKEY,川端海翼,,NAME_KEY_ONLY_UNVERIFIED_OFFICIAL_ID,"{""競馬場"":"""",""芝/ダ"":"""",""馬場状態"":"""",""条件クラス"":""未勝利"",""距離区分"":"""",""回り"":"""",""内外"":""""}",JOCKEY_COLUMNS,PARSED,,,,,,,,,,,WIN_ROI_PCT|PLACE_ROI_PCT|N_STARTS,UNKNOWN,サイト現行既定は「オッズ反比例の賭け金・固定払戻の意図」(WEB_DEFINITION)。CSV作成時点の方式である証明にはならない,EQUAL_STAKE|EQUAL_PAYOUT,Y,Y,YES_PUBLIC_SCOPE_UNRULED,440,,,,DIRECT_TABLE_READ(掲載値の直接転記・未照合),DIRECT_TABLE_CLAIM_UNVERIFIED,,掲載値の整数%,,,,,UNKNOWN,,DB_KEIBA,roi_presence_raw と完全に1対1でROI記入の有無の言い換え。行の出所ではない,6,,,UNVERIFIED(表示基準日がページ間で不一致: トップ2026-08-16/使い方2026-05-17),(リスト列なし=騎手表),,HOLD_METHOD+HOLD_ASOF+HOLD_ID,①購入方式の確定 ②集計期間の確定 ③公式IDでの名寄せ
rec_cb398d5c83a8d8f87bafd5cfb55b96a8f99554c1430e99e0c436907c2f6aa304,PRIMARY_JOCKEY,JockeyROI_連結済み_20260719_卍のみ_pre実測_backup.csv,339,JOCKEY,舟山瑠泉,,NAME_KEY_ONLY_UNVERIFIED_OFFICIAL_ID,"{""競馬場"":"""",""芝/ダ"":"""",""馬場状態"":"""",""条件クラス"":""1勝"",""距離区分"":"""",""回り"":"""",""内外"":""""}",JOCKEY_COLUMNS,PARSED,,,,,,,,,,,WIN_ROI_PCT|PLACE_ROI_PCT|N_STARTS,UNKNOWN,サイト現行既定は「オッズ反比例の賭け金・固定払戻の意図」(WEB_DEFINITION)。CSV作成時点の方式である証明にはならない,EQUAL_STAKE|EQUAL_PAYOUT,Y,Y,YES_PUBLIC_SCOPE_UNRULED,115,,,,DIRECT_TABLE_READ(掲載値の直接転記・未照合),DIRECT_TABLE_CLAIM_UNVERIFIED,,掲載値の整数%,,,,,UNKNOWN,,DB_KEIBA,roi_presence_raw と完全に1対1でROI記入の有無の言い換え。行の出所ではない,10,,,UNVERIFIED(表示基準日がページ間で不一致: トップ2026-08-16/使い方2026-05-17),(リスト列なし=騎手表),,HOLD_METHOD+HOLD_ASOF+HOLD_ID,①購入方式の確定 ②集計期間の確定 ③公式IDでの名寄せ
rec_355919f8c0ad6f414a92c8afb98186f07701564db27db1c25dfe7e163cab1f3f,PRIMARY_JOCKEY,JockeyROI_連結済み_20260719_卍のみ_pre実測_backup.csv,340,JOCKEY,森田誠也,,NAME_KEY_ONLY_UNVERIFIED_OFFICIAL_ID,"{""競馬場"":"""",""芝/ダ"":"""",""馬場状態"":"""",""条件クラス"":""1勝"",""距離区分"":"""",""回り"":"""",""内外"":""""}",JOCKEY_COLUMNS,PARSED,,,,,,,,,,,WIN_ROI_PCT|PLACE_ROI_PCT|N_STARTS,UNKNOWN,サイト現行既定は「オッズ反比例の賭け金・固定払戻の意図」(WEB_DEFINITION)。CSV作成時点の方式である証明にはならない,EQUAL_STAKE|EQUAL_PAYOUT,Y,Y,YES_PUBLIC_SCOPE_UNRULED,72,,,,DIRECT_TABLE_READ(掲載値の直接転記・未照合),DIRECT_TABLE_CLAIM_UNVERIFIED,,掲載値の整数%,,,,,UNKNOWN,,DB_KEIBA,roi_presence_raw と完全に1対1でROI記入の有無の言い換え。行の出所ではない,9,,,UNVERIFIED(表示基準日がページ間で不一致: トップ2026-08-16/使い方2026-05-17),(リスト列なし=騎手表),,HOLD_METHOD+HOLD_ASOF+HOLD_ID,①購入方式の確定 ②集計期間の確定 ③公式IDでの名寄せ
rec_7a67ff8875fdade4467e1293c4951b14b65a89a93b4ff868533a088ba4b73cc6,PRIMARY_JOCKEY,JockeyROI_連結済み_20260719_卍のみ_pre実測_backup.csv,341,JOCKEY,団野大成,,NAME_KEY_ONLY_UNVERIFIED_OFFICIAL_ID,"{""競馬場"":"""",""芝/ダ"":"""",""馬場状態"":"""",""条件クラス"":""1勝"",""距離区分"":"""",""回り"":"""",""内外"":""""}",JOCKEY_COLUMNS,PARSED,,,,,,,,,,,WIN_ROI_PCT|PLACE_ROI_PCT|N_STARTS,UNKNOWN,サイト現行既定は「オッズ反比例の賭け金・固定払戻の意図」(WEB_DEFINITION)。CSV作成時点の方式である証明にはならない,EQUAL_STAKE|EQUAL_PAYOUT,Y,Y,YES_PUBLIC_SCOPE_UNRULED,848,,,,DIRECT_TABLE_READ(掲載値の直接転記・未照合),DIRECT_TABLE_CLAIM_UNVERIFIED,,掲載値の整数%,,,,,UNKNOWN,,DB_KEIBA,roi_presence_raw と完全に1対1でROI記入の有無の言い換え。行の出所ではない,7,,,UNVERIFIED(表示基準日がページ間で不一致: トップ2026-08-16/使い方2026-05-17),(リスト列なし=騎手表),,HOLD_METHOD+HOLD_ASOF+HOLD_ID,①購入方式の確定 ②集計期間の確定 ③公式IDでの名寄せ
rec_1c3034c191539e64ebc37343ddef644b5664098273f5bf9834773ad28adc52a4,PRIMARY_JOCKEY,JockeyROI_連結済み_20260719_卍のみ_pre実測_backup.csv,342,JOCKEY,高杉吏麒,,NAME_KEY_ONLY_UNVERIFIED_OFFICIAL_ID,"{""競馬場"":"""",""芝/ダ"":"""",""馬場状態"":"""",""条件クラス"":""1勝"",""距離区分"":"""",""回り"":"""",""内外"":""""}",JOCKEY_COLUMNS,PARSED,,,,,,,,,,,WIN_ROI_PCT|PLACE_ROI_PCT|N_STARTS,UNKNOWN,サイト現行既定は「オッズ反比例の賭け金・固定払戻の意図」(WEB_DEFINITION)。CSV作成時点の方式である証明にはならない,EQUAL_STAKE|EQUAL_PAYOUT,Y,Y,YES_PUBLIC_SCOPE_UNRULED,391,,,,DIRECT_TABLE_READ(掲載値の直接転記・未照合),DIRECT_TABLE_CLAIM_UNVERIFIED,,掲載値の整数%,,,,,UNKNOWN,,DB_KEIBA,roi_presence_raw と完全に1対1でROI記入の有無の言い換え。行の出所ではない,21,,,UNVERIFIED(表示基準日がページ間で不一致: トップ2026-08-16/使い方2026-05-17),(リスト列なし=騎手表),,HOLD_METHOD+HOLD_ASOF+HOLD_ID,①購入方式の確定 ②集計期間の確定 ③公式IDでの名寄せ
rec_67b3338f6c82aabe5f7e82b19624cb892d302e19df8a31c27bc68ee9971f2a56,PRIMARY_JOCKEY,JockeyROI_連結済み_20260719_卍のみ_pre実測_backup.csv,343,JOCKEY,国分恭介,,NAME_KEY_ONLY_UNVERIFIED_OFFICIAL_ID,"{""競馬場"":"""",""芝/ダ"":"""",""馬場状態"":"""",""条件クラス"":""1勝"",""距離区分"":"""",""回り"":"""",""内外"":""""}",JOCKEY_COLUMNS,PARSED,https://db-keiba.com/jockey-kokubunk/,掲載表(見出し文字列は証跡JSONに未収録),2026-09-10T10:49:08+09:00,2026-05-25T01:02:58+0900,,,,evidence/web/WEB_JOCKEY.json,574a9932deba18d018b6eeeba01f1dc410f2cf610e13710f1b8b3b7a07d42840,WEB_JOCKEY_TABLE_004,WIN_ROI_PCT|PLACE_ROI_PCT|N_STARTS,UNKNOWN,サイト現行既定は「オッズ反比例の賭け金・固定払戻の意図」(WEB_DEFINITION)。CSV作成時点の方式である証明にはならない,EQUAL_STAKE|EQUAL_PAYOUT,Y,Y,YES_PUBLIC_SCOPE_UNRULED,380,,,,DIRECT_TABLE_READ(掲載値の直接転記・未照合),DIRECT_TABLE_CLAIM_UNVERIFIED,,掲載値の整数%,,,,,UNKNOWN,,DB_KEIBA,roi_presence_raw と完全に1対1でROI記入の有無の言い換え。行の出所ではない,15,,,UNVERIFIED(表示基準日がページ間で不一致: トップ2026-08-16/使い方2026-05-17),(リスト列なし=騎手表),,HOLD_METHOD+HOLD_ASOF+HOLD_ID,①購入方式の確定 ②集計期間の確定 ③公式IDでの名寄せ
rec_eaa56dc74ea6f473e84d6f9f5614f3c5617a328db35854868db19ff16dd350eb,PRIMARY_JOCKEY,JockeyROI_連結済み_20260719_卍のみ_pre実測_backup.csv,344,JOCKEY,田口貫太,,NAME_KEY_ONLY_UNVERIFIED_OFFICIAL_ID,"{""競馬場"":"""",""芝/ダ"":"""",""馬場状態"":"""",""条件クラス"":""1勝"",""距離区分"":"""",""回り"":"""",""内外"":""""}",JOCKEY_COLUMNS,PARSED,,,,,,,,,,,WIN_ROI_PCT|PLACE_ROI_PCT|N_STARTS,UNKNOWN,サイト現行既定は「オッズ反比例の賭け金・固定払戻の意図」(WEB_DEFINITION)。CSV作成時点の方式である証明にはならない,EQUAL_STAKE|EQUAL_PAYOUT,Y,Y,YES_PUBLIC_SCOPE_UNRULED,553,,,,DIRECT_TABLE_READ(掲載値の直接転記・未照合),DIRECT_TABLE_CLAIM_UNVERIFIED,,掲載値の整数%,,,,,UNKNOWN,,DB_KEIBA,roi_presence_raw と完全に1対1でROI記入の有無の言い換え。行の出所ではない,10,,,UNVERIFIED(表示基準日がページ間で不一致: トップ2026-08-16/使い方2026-05-17),(リスト列なし=騎手表),,HOLD_METHOD+HOLD_ASOF+HOLD_ID,①購入方式の確定 ②集計期間の確定 ③公式IDでの名寄せ
rec_64341150df82dd8d2a4210fc9fa6f15e228f75fbf843a87b4a3f377c3a7ef87d,PRIMARY_JOCKEY,JockeyROI_連結済み_20260719_卍のみ_pre実測_backup.csv,345,JOCKEY,長浜鴻緒,,NAME_KEY_ONLY_UNVERIFIED_OFFICIAL_ID,"{""競馬場"":"""",""芝/ダ"":"""",""馬場状態"":"""",""条件クラス"":""1勝"",""距離区分"":"""",""回り"":"""",""内外"":""""}",JOCKEY_COLUMNS,PARSED,,,,,,,,,,,WIN_ROI_PCT|PLACE_ROI_PCT|N_STARTS,UNKNOWN,サイト現行既定は「オッズ反比例の賭け金・固定払戻の意図」(WEB_DEFINITION)。CSV作成時点の方式である証明にはならない,EQUAL_STAKE|EQUAL_PAYOUT,Y,Y,YES_PUBLIC_SCOPE_UNRULED,319,,,,DIRECT_TABLE_READ(掲載値の直接転記・未照合),DIRECT_TABLE_CLAIM_UNVERIFIED,,掲載値の整数%,,,,,UNKNOWN,,DB_KEIBA,roi_presence_raw と完全に1対1でROI記入の有無の言い換え。行の出所ではない,8,,,UNVERIFIED(表示基準日がページ間で不一致: トップ2026-08-16/使い方2026-05-17),(リスト列なし=騎手表),,HOLD_METHOD+HOLD_ASOF+HOLD_ID,①購入方式の確定 ②集計期間の確定 ③公式IDでの名寄せ
rec_ef25f10438f3562edfc08aee7baafc0c877dfc4dd24c5f7cc93195d6ef2d5c3d,PRIMARY_JOCKEY,JockeyROI_連結済み_20260719_卍のみ_pre実測_backup.csv,346,JOCKEY,原田和真,,NAME_KEY_ONLY_UNVERIFIED_OFFICIAL_ID,"{""競馬場"":"""",""芝/ダ"":"""",""馬場状態"":"""",""条件クラス"":""1勝"",""距離区分"":"""",""回り"":"""",""内外"":""""}",JOCKEY_COLUMNS,PARSED,,,,,,,,,,,WIN_ROI_PCT|PLACE_ROI_PCT|N_STARTS,UNKNOWN,サイト現行既定は「オッズ反比例の賭け金・固定払戻の意図」(WEB_DEFINITION)。CSV作成時点の方式である証明にはならない,EQUAL_STAKE|EQUAL_PAYOUT,Y,Y,YES_PUBLIC_SCOPE_UNRULED,193,,,,DIRECT_TABLE_READ(掲載値の直接転記・未照合),DIRECT_TABLE_CLAIM_UNVERIFIED,,掲載値の整数%,,,,,UNKNOWN,,DB_KEIBA,roi_presence_raw と完全に1対1でROI記入の有無の言い換え。行の出所ではない,10,,,UNVERIFIED(表示基準日がページ間で不一致: トップ2026-08-16/使い方2026-05-17),(リスト列なし=騎手表),,HOLD_METHOD+HOLD_ASOF+HOLD_ID,①購入方式の確定 ②集計期間の確定 ③公式IDでの名寄せ
rec_5f1360310cf709be04281c95a2841823234441bb22c2186c6e20f73630f1a882,PRIMARY_JOCKEY,JockeyROI_連結済み_20260719_卍のみ_pre実測_backup.csv,347,JOCKEY,丹内祐次,,NAME_KEY_ONLY_UNVERIFIED_OFFICIAL_ID,"{""競馬場"":"""",""芝/ダ"":"""",""馬場状態"":"""",""条件クラス"":""1勝"",""距離区分"":"""",""回り"":"""",""内外"":""""}",JOCKEY_COLUMNS,PARSED,,,,,,,,,,,WIN_ROI_PCT|PLACE_ROI_PCT|N_STARTS,UNKNOWN,サイト現行既定は「オッズ反比例の賭け金・固定払戻の意図」(WEB_DEFINITION)。CSV作成時点の方式である証明にはならない,EQUAL_STAKE|EQUAL_PAYOUT,Y,Y,YES_PUBLIC_SCOPE_UNRULED,1411,,,,DIRECT_TABLE_READ(掲載値の直接転記・未照合),DIRECT_TABLE_CLAIM_UNVERIFIED,,掲載値の整数%,,,,,UNKNOWN,,DB_KEIBA,roi_presence_raw と完全に1対1でROI記入の有無の言い換え。行の出所ではない,7,,,UNVERIFIED(表示基準日がページ間で不一致: トップ2026-08-16/使い方2026-05-17),(リスト列なし=騎手表),,HOLD_METHOD+HOLD_ASOF+HOLD_ID,①購入方式の確定 ②集計期間の確定 ③公式IDでの名寄せ
rec_371741dcf1574fd5e6b3ee3ce72a881cf8575ddca51dc995ca659d18c02a9f67,PRIMARY_JOCKEY,JockeyROI_連結済み_20260719_卍のみ_pre実測_backup.csv,348,JOCKEY,鷲頭虎太,,NAME_KEY_ONLY_UNVERIFIED_OFFICIAL_ID,"{""競馬場"":"""",""芝/ダ"":"""",""馬場状態"":"""",""条件クラス"":""1勝"",""距離区分"":"""",""回り"":"""",""内外"":""""}",JOCKEY_COLUMNS,PARSED,,,,,,,,,,,WIN_ROI_PCT|PLACE_ROI_PCT|N_STARTS,UNKNOWN,サイト現行既定は「オッズ反比例の賭け金・固定払戻の意図」(WEB_DEFINITION)。CSV作成時点の方式である証明にはならない,EQUAL_STAKE|EQUAL_PAYOUT,Y,Y,YES_PUBLIC_SCOPE_UNRULED,342,,,,DIRECT_TABLE_READ(掲載値の直接転記・未照合),DIRECT_TABLE_CLAIM_UNVERIFIED,,掲載値の整数%,,,,,UNKNOWN,,DB_KEIBA,roi_presence_raw と完全に1対1でROI記入の有無の言い換え。行の出所ではない,9,,,UNVERIFIED(表示基準日がページ間で不一致: トップ2026-08-16/使い方2026-05-17),(リスト列なし=騎手表),,HOLD_METHOD+HOLD_ASOF+HOLD_ID,①購入方式の確定 ②集計期間の確定 ③公式IDでの名寄せ
rec_3b2e0563782312f18aff7a0a2798c5c7321343181ae004c7e2695928c25c221b,PRIMARY_JOCKEY,JockeyROI_連結済み_20260719_卍のみ_pre実測_backup.csv,349,JOCKEY,石神深道,,NAME_KEY_ONLY_UNVERIFIED_OFFICIAL_ID,"{""競馬場"":"""",""芝/ダ"":"""",""馬場状態"":"""",""条件クラス"":""1勝"",""距離区分"":"""",""回り"":"""",""内外"":""""}",JOCKEY_COLUMNS,PARSED,,,,,,,,,,,WIN_ROI_PCT|PLACE_ROI_PCT|N_STARTS,UNKNOWN,サイト現行既定は「オッズ反比例の賭け金・固定払戻の意図」(WEB_DEFINITION)。CSV作成時点の方式である証明にはならない,EQUAL_STAKE|EQUAL_PAYOUT,Y,Y,YES_PUBLIC_SCOPE_UNRULED,236,,,,DIRECT_TABLE_READ(掲載値の直接転記・未照合),DIRECT_TABLE_CLAIM_UNVERIFIED,,掲載値の整数%,,,,,UNKNOWN,,DB_KEIBA,roi_presence_raw と完全に1対1でROI記入の有無の言い換え。行の出所ではない,13,,,UNVERIFIED(表示基準日がページ間で不一致: トップ2026-08-16/使い方2026-05-17),(リスト列なし=騎手表),,HOLD_METHOD+HOLD_ASOF+HOLD_ID,①購入方式の確定 ②集計期間の確定 ③公式IDでの名寄せ
rec_5b350c41174d6511108e5b1ff6964bb2bebd34bf7b4c800b703dad8ab0e906cb,PRIMARY_JOCKEY,JockeyROI_連結済み_20260719_卍のみ_pre実測_backup.csv,350,JOCKEY,的場勇人,,NAME_KEY_ONLY_UNVERIFIED_OFFICIAL_ID,"{""競馬場"":"""",""芝/ダ"":"""",""馬場状態"":"""",""条件クラス"":""1勝"",""距離区分"":"""",""回り"":"""",""内外"":""""}",JOCKEY_COLUMNS,PARSED,,,,,,,,,,,,UNKNOWN,,,N,N,NOT_APPLICABLE,,,,,,NOT_APPLICABLE_NO_ROI,,,,,,,UNKNOWN,,BOOK_OR_UNSPECIFIED_ROI_SOURCE,roi_presence_raw と完全に1対1でROI記入の有無の言い換え。行の出所ではない,3,,,UNVERIFIED(表示基準日がページ間で不一致: トップ2026-08-16/使い方2026-05-17),(リスト列なし=騎手表),MISSING_ROI,NOT_AVAILABLE,原表と方式を入手するまで使用しない。原行は保持
rec_32f81239bfd92951172d3d0db4ea5c755b082bbd22d35bad8cadd0b7802bb843,PRIMARY_JOCKEY,JockeyROI_連結済み_20260719_卍のみ_pre実測_backup.csv,351,JOCKEY,吉村誠之助,,NAME_KEY_ONLY_UNVERIFIED_OFFICIAL_ID,"{""競馬場"":"""",""芝/ダ"":"""",""馬場状態"":"""",""条件クラス"":""1勝"",""距離区分"":"""",""回り"":"""",""内外"":""""}",JOCKEY_COLUMNS,PARSED,,,,,,,,,,,WIN_ROI_PCT|PLACE_ROI_PCT|N_STARTS,UNKNOWN,サイト現行既定は「オッズ反比例の賭け金・固定払戻の意図」(WEB_DEFINITION)。CSV作成時点の方式である証明にはならない,EQUAL_STAKE|EQUAL_PAYOUT,Y,Y,YES_PUBLIC_SCOPE_UNRULED,394,,,,DIRECT_TABLE_READ(掲載値の直接転記・未照合),DIRECT_TABLE_CLAIM_UNVERIFIED,,掲載値の整数%,,,,,UNKNOWN,,DB_KEIBA,roi_presence_raw と完全に1対1でROI記入の有無の言い換え。行の出所ではない,9,,,UNVERIFIED(表示基準日がページ間で不一致: トップ2026-08-16/使い方2026-05-17),(リスト列なし=騎手表),,HOLD_METHOD+HOLD_ASOF+HOLD_ID,①購入方式の確定 ②集計期間の確定 ③公式IDでの名寄せ
rec_048e4391560bd575ce52b57f19810f8245e0125d047f216ccb4ed83f43102bed,PRIMARY_JOCKEY,JockeyROI_連結済み_20260719_卍のみ_pre実測_backup.csv,352,JOCKEY,舟山瑠泉,,NAME_KEY_ONLY_UNVERIFIED_OFFICIAL_ID,"{""競馬場"":"""",""芝/ダ"":"""",""馬場状態"":"""",""条件クラス"":""2勝"",""距離区分"":"""",""回り"":"""",""内外"":""""}",JOCKEY_COLUMNS,PARSED,,,,,,,,,,,WIN_ROI_PCT|PLACE_ROI_PCT|N_STARTS,UNKNOWN,サイト現行既定は「オッズ反比例の賭け金・固定払戻の意図」(WEB_DEFINITION)。CSV作成時点の方式である証明にはならない,EQUAL_STAKE|EQUAL_PAYOUT,Y,Y,YES_PUBLIC_SCOPE_UNRULED,22,,,,DIRECT_TABLE_READ(掲載値の直接転記・未照合),DIRECT_TABLE_CLAIM_UNVERIFIED,,掲載値の整数%,,,,,UNKNOWN,,DB_KEIBA,roi_presence_raw と完全に1対1でROI記入の有無の言い換え。行の出所ではない,10,,,UNVERIFIED(表示基準日がページ間で不一致: トップ2026-08-16/使い方2026-05-17),(リスト列なし=騎手表),,HOLD_METHOD+HOLD_ASOF+HOLD_ID,①購入方式の確定 ②集計期間の確定 ③公式IDでの名寄せ
rec_563a92d4a0ed2d940489625b94de94c0b3f445371f499aead797f6c6eae567b2,PRIMARY_JOCKEY,JockeyROI_連結済み_20260719_卍のみ_pre実測_backup.csv,353,JOCKEY,森田誠也,,NAME_KEY_ONLY_UNVERIFIED_OFFICIAL_ID,"{""競馬場"":"""",""芝/ダ"":"""",""馬場状態"":"""",""条件クラス"":""2勝"",""距離区分"":"""",""回り"":"""",""内外"":""""}",JOCKEY_COLUMNS,PARSED,,,,,,,,,,,WIN_ROI_PCT|PLACE_ROI_PCT|N_STARTS,UNKNOWN,サイト現行既定は「オッズ反比例の賭け金・固定払戻の意図」(WEB_DEFINITION)。CSV作成時点の方式である証明にはならない,EQUAL_STAKE|EQUAL_PAYOUT,Y,Y,YES_PUBLIC_SCOPE_UNRULED,16,,,,DIRECT_TABLE_READ(掲載値の直接転記・未照合),DIRECT_TABLE_CLAIM_UNVERIFIED,,掲載値の整数%,,,,,UNKNOWN,,DB_KEIBA,roi_presence_raw と完全に1対1でROI記入の有無の言い換え。行の出所ではない,9,,,UNVERIFIED(表示基準日がページ間で不一致: トップ2026-08-16/使い方2026-05-17),(リスト列なし=騎手表),,HOLD_METHOD+HOLD_ASOF+HOLD_ID,①購入方式の確定 ②集計期間の確定 ③公式IDでの名寄せ
rec_f99f438a5bf863bc4c0e234b8a1d2794f577614532bbc1799af99d786eb7ba6e,PRIMARY_JOCKEY,JockeyROI_連結済み_20260719_卍のみ_pre実測_backup.csv,354,JOCKEY,団野大成,,NAME_KEY_ONLY_UNVERIFIED_OFFICIAL_ID,"{""競馬場"":"""",""芝/ダ"":"""",""馬場状態"":"""",""条件クラス"":""2勝"",""距離区分"":"""",""回り"":"""",""内外"":""""}",JOCKEY_COLUMNS,PARSED,,,,,,,,,,,WIN_ROI_PCT|PLACE_ROI_PCT|N_STARTS,UNKNOWN,サイト現行既定は「オッズ反比例の賭け金・固定払戻の意図」(WEB_DEFINITION)。CSV作成時点の方式である証明にはならない,EQUAL_STAKE|EQUAL_PAYOUT,Y,Y,YES_PUBLIC_SCOPE_UNRULED,506,,,,DIRECT_TABLE_READ(掲載値の直接転記・未照合),DIRECT_TABLE_CLAIM_UNVERIFIED,,掲載値の整数%,,,,,UNKNOWN,,DB_KEIBA,roi_presence_raw と完全に1対1でROI記入の有無の言い換え。行の出所ではない,7,,,UNVERIFIED(表示基準日がページ間で不一致: トップ2026-08-16/使い方2026-05-17),(リスト列なし=騎手表),,HOLD_METHOD+HOLD_ASOF+HOLD_ID,①購入方式の確定 ②集計期間の確定 ③公式IDでの名寄せ
rec_aac5b442e56a294441eafd003a388c0a6681825a6034d7fb2ce0fd129fbf349d,PRIMARY_JOCKEY,JockeyROI_連結済み_20260719_卍のみ_pre実測_backup.csv,355,JOCKEY,高杉吏麒,,NAME_KEY_ONLY_UNVERIFIED_OFFICIAL_ID,"{""競馬場"":"""",""芝/ダ"":"""",""馬場状態"":"""",""条件クラス"":""2勝"",""距離区分"":"""",""回り"":"""",""内外"":""""}",JOCKEY_COLUMNS,PARSED,,,,,,,,,,,WIN_ROI_PCT|PLACE_ROI_PCT|N_STARTS,UNKNOWN,サイト現行既定は「オッズ反比例の賭け金・固定払戻の意図」(WEB_DEFINITION)。CSV作成時点の方式である証明にはならない,EQUAL_STAKE|EQUAL_PAYOUT,Y,Y,YES_PUBLIC_SCOPE_UNRULED,151,,,,DIRECT_TABLE_READ(掲載値の直接転記・未照合),DIRECT_TABLE_CLAIM_UNVERIFIED,,掲載値の整数%,,,,,UNKNOWN,,DB_KEIBA,roi_presence_raw と完全に1対1でROI記入の有無の言い換え。行の出所ではない,21,,,UNVERIFIED(表示基準日がページ間で不一致: トップ2026-08-16/使い方2026-05-17),(リスト列なし=騎手表),,HOLD_METHOD+HOLD_ASOF+HOLD_ID,①購入方式の確定 ②集計期間の確定 ③公式IDでの名寄せ
rec_ef96740f56ac842f7d27b2d6170f701f23a86f6f71422ae0c4cdca86bcdf5292,PRIMARY_JOCKEY,JockeyROI_連結済み_20260719_卍のみ_pre実測_backup.csv,356,JOCKEY,国分恭介,,NAME_KEY_ONLY_UNVERIFIED_OFFICIAL_ID,"{""競馬場"":"""",""芝/ダ"":"""",""馬場状態"":"""",""条件クラス"":""2勝"",""距離区分"":"""",""回り"":"""",""内外"":""""}",JOCKEY_COLUMNS,PARSED,https://db-keiba.com/jockey-kokubunk/,掲載表(見出し文字列は証跡JSONに未収録),2026-09-10T10:49:08+09:00,2026-05-25T01:02:58+0900,,,,evidence/web/WEB_JOCKEY.json,574a9932deba18d018b6eeeba01f1dc410f2cf610e13710f1b8b3b7a07d42840,WEB_JOCKEY_TABLE_004,WIN_ROI_PCT|PLACE_ROI_PCT|N_STARTS,UNKNOWN,サイト現行既定は「オッズ反比例の賭け金・固定払戻の意図」(WEB_DEFINITION)。CSV作成時点の方式である証明にはならない,EQUAL_STAKE|EQUAL_PAYOUT,Y,Y,YES_PUBLIC_SCOPE_UNRULED,184,,,,DIRECT_TABLE_READ(掲載値の直接転記・未照合),DIRECT_TABLE_CLAIM_UNVERIFIED,,掲載値の整数%,,,,,UNKNOWN,,DB_KEIBA,roi_presence_raw と完全に1対1でROI記入の有無の言い換え。行の出所ではない,15,,,UNVERIFIED(表示基準日がページ間で不一致: トップ2026-08-16/使い方2026-05-17),(リスト列なし=騎手表),,HOLD_METHOD+HOLD_ASOF+HOLD_ID,①購入方式の確定 ②集計期間の確定 ③公式IDでの名寄せ
rec_1ca19684b5aa60eb7aff95a7ce2a3bf9b2e08a636b532b0ed1b82ede9f47b95e,PRIMARY_JOCKEY,JockeyROI_連結済み_20260719_卍のみ_pre実測_backup.csv,357,JOCKEY,田口貫太,,NAME_KEY_ONLY_UNVERIFIED_OFFICIAL_ID,"{""競馬場"":"""",""芝/ダ"":"""",""馬場状態"":"""",""条件クラス"":""2勝"",""距離区分"":"""",""回り"":"""",""内外"":""""}",JOCKEY_COLUMNS,PARSED,,,,,,,,,,,WIN_ROI_PCT|PLACE_ROI_PCT|N_STARTS,UNKNOWN,サイト現行既定は「オッズ反比例の賭け金・固定払戻の意図」(WEB_DEFINITION)。CSV作成時点の方式である証明にはならない,EQUAL_STAKE|EQUAL_PAYOUT,Y,Y,YES_PUBLIC_SCOPE_UNRULED,311,,,,DIRECT_TABLE_READ(掲載値の直接転記・未照合),DIRECT_TABLE_CLAIM_UNVERIFIED,,掲載値の整数%,,,,,UNKNOWN,,DB_KEIBA,roi_presence_raw と完全に1対1でROI記入の有無の言い換え。行の出所ではない,10,,,UNVERIFIED(表示基準日がページ間で不一致: トップ2026-08-16/使い方2026-05-17),(リスト列なし=騎手表),,HOLD_METHOD+HOLD_ASOF+HOLD_ID,①購入方式の確定 ②集計期間の確定 ③公式IDでの名寄せ
rec_c674e9d4479e8dd7c7371f34f0db7c8a415d7d8579bf515c439635245d15097d,PRIMARY_JOCKEY,JockeyROI_連結済み_20260719_卍のみ_pre実測_backup.csv,358,JOCKEY,長浜鴻緒,,NAME_KEY_ONLY_UNVERIFIED_OFFICIAL_ID,"{""競馬場"":"""",""芝/ダ"":"""",""馬場状態"":"""",""条件クラス"":""2勝"",""距離区分"":"""",""回り"":"""",""内外"":""""}",JOCKEY_COLUMNS,PARSED,,,,,,,,,,,WIN_ROI_PCT|PLACE_ROI_PCT|N_STARTS,UNKNOWN,サイト現行既定は「オッズ反比例の賭け金・固定払戻の意図」(WEB_DEFINITION)。CSV作成時点の方式である証明にはならない,EQUAL_STAKE|EQUAL_PAYOUT,Y,Y,YES_PUBLIC_SCOPE_UNRULED,87,,,,DIRECT_TABLE_READ(掲載値の直接転記・未照合),DIRECT_TABLE_CLAIM_UNVERIFIED,,掲載値の整数%,,,,,UNKNOWN,,DB_KEIBA,roi_presence_raw と完全に1対1でROI記入の有無の言い換え。行の出所ではない,8,,,UNVERIFIED(表示基準日がページ間で不一致: トップ2026-08-16/使い方2026-05-17),(リスト列なし=騎手表),,HOLD_METHOD+HOLD_ASOF+HOLD_ID,①購入方式の確定 ②集計期間の確定 ③公式IDでの名寄せ
rec_7ac7e7de6b337ee4ce0dcb7a8eb8305cb88071aa23cf203fd4a581c59df3a592,PRIMARY_JOCKEY,JockeyROI_連結済み_20260719_卍のみ_pre実測_backup.csv,359,JOCKEY,原田和真,,NAME_KEY_ONLY_UNVERIFIED_OFFICIAL_ID,"{""競馬場"":"""",""芝/ダ"":"""",""馬場状態"":"""",""条件クラス"":""2勝"",""距離区分"":"""",""回り"":"""",""内外"":""""}",JOCKEY_COLUMNS,PARSED,,,,,,,,,,,WIN_ROI_PCT|PLACE_ROI_PCT|N_STARTS,UNKNOWN,サイト現行既定は「オッズ反比例の賭け金・固定払戻の意図」(WEB_DEFINITION)。CSV作成時点の方式である証明にはならない,EQUAL_STAKE|EQUAL_PAYOUT,Y,Y,YES_PUBLIC_SCOPE_UNRULED,56,,,,DIRECT_TABLE_READ(掲載値の直接転記・未照合),DIRECT_TABLE_CLAIM_UNVERIFIED,,掲載値の整数%,,,,,UNKNOWN,,DB_KEIBA,roi_presence_raw と完全に1対1でROI記入の有無の言い換え。行の出所ではない,10,,,UNVERIFIED(表示基準日がページ間で不一致: トップ2026-08-16/使い方2026-05-17),(リスト列なし=騎手表),,HOLD_METHOD+HOLD_ASOF+HOLD_ID,①購入方式の確定 ②集計期間の確定 ③公式IDでの名寄せ
rec_98bc7445b75a27e0ee7fda0093ca935c86d722142765c0f35fc259ce4a6124ef,PRIMARY_JOCKEY,JockeyROI_連結済み_20260719_卍のみ_pre実測_backup.csv,360,JOCKEY,丹内祐次,,NAME_KEY_ONLY_UNVERIFIED_OFFICIAL_ID,"{""競馬場"":"""",""芝/ダ"":"""",""馬場状態"":"""",""条件クラス"":""2勝"",""距離区分"":"""",""回り"":"""",""内外"":""""}",JOCKEY_COLUMNS,PARSED,,,,,,,,,,,WIN_ROI_PCT|PLACE_ROI_PCT|N_STARTS,UNKNOWN,サイト現行既定は「オッズ反比例の賭け金・固定払戻の意図」(WEB_DEFINITION)。CSV作成時点の方式である証明にはならない,EQUAL_STAKE|EQUAL_PAYOUT,Y,Y,YES_PUBLIC_SCOPE_UNRULED,582,,,,DIRECT_TABLE_READ(掲載値の直接転記・未照合),DIRECT_TABLE_CLAIM_UNVERIFIED,,掲載値の整数%,,,,,UNKNOWN,,DB_KEIBA,roi_presence_raw と完全に1対1でROI記入の有無の言い換え。行の出所ではない,7,,,UNVERIFIED(表示基準日がページ間で不一致: トップ2026-08-16/使い方2026-05-17),(リスト列なし=騎手表),,HOLD_METHOD+HOLD_ASOF+HOLD_ID,①購入方式の確定 ②集計期間の確定 ③公式IDでの名寄せ
rec_45baecd305780e248b0e02ccad65645e9cbe458ecd4c5e1778b5db2b5f16d83b,PRIMARY_JOCKEY,JockeyROI_連結済み_20260719_卍のみ_pre実測_backup.csv,361,JOCKEY,鷲頭虎太,,NAME_KEY_ONLY_UNVERIFIED_OFFICIAL_ID,"{""競馬場"":"""",""芝/ダ"":"""",""馬場状態"":"""",""条件クラス"":""2勝"",""距離区分"":"""",""回り"":"""",""内外"":""""}",JOCKEY_COLUMNS,PARSED,,,,,,,,,,,WIN_ROI_PCT|PLACE_ROI_PCT|N_STARTS,UNKNOWN,サイト現行既定は「オッズ反比例の賭け金・固定払戻の意図」(WEB_DEFINITION)。CSV作成時点の方式である証明にはならない,EQUAL_STAKE|EQUAL_PAYOUT,Y,Y,YES_PUBLIC_SCOPE_UNRULED,74,,,,DIRECT_TABLE_READ(掲載値の直接転記・未照合),DIRECT_TABLE_CLAIM_UNVERIFIED,,掲載値の整数%,,,,,UNKNOWN,,DB_KEIBA,roi_presence_raw と完全に1対1でROI記入の有無の言い換え。行の出所ではない,9,,,UNVERIFIED(表示基準日がページ間で不一致: トップ2026-08-16/使い方2026-05-17),(リスト列なし=騎手表),,HOLD_METHOD+HOLD_ASOF+HOLD_ID,①購入方式の確定 ②集計期間の確定 ③公式IDでの名寄せ
rec_7817648396862dcb909ccfdc46c4986991778475cd7166c24bcb85522d892dad,PRIMARY_JOCKEY,JockeyROI_連結済み_20260719_卍のみ_pre実測_backup.csv,362,JOCKEY,石神深道,,NAME_KEY_ONLY_UNVERIFIED_OFFICIAL_ID,"{""競馬場"":"""",""芝/ダ"":"""",""馬場状態"":"""",""条件クラス"":""2勝"",""距離区分"":"""",""回り"":"""",""内外"":""""}",JOCKEY_COLUMNS,PARSED,,,,,,,,,,,WIN_ROI_PCT|PLACE_ROI_PCT|N_STARTS,UNKNOWN,サイト現行既定は「オッズ反比例の賭け金・固定払戻の意図」(WEB_DEFINITION)。CSV作成時点の方式である証明にはならない,EQUAL_STAKE|EQUAL_PAYOUT,Y,Y,YES_PUBLIC_SCOPE_UNRULED,16,,,,DIRECT_TABLE_READ(掲載値の直接転記・未照合),DIRECT_TABLE_CLAIM_UNVERIFIED,,掲載値の整数%,,,,,UNKNOWN,,DB_KEIBA,roi_presence_raw と完全に1対1でROI記入の有無の言い換え。行の出所ではない,13,,,UNVERIFIED(表示基準日がページ間で不一致: トップ2026-08-16/使い方2026-05-17),(リスト列なし=騎手表),,HOLD_METHOD+HOLD_ASOF+HOLD_ID,①購入方式の確定 ②集計期間の確定 ③公式IDでの名寄せ
rec_7ffd4b0556cf7baea038845cdd4ea35da3e1cc50996cc965d2a7d816b3cb6a5e,PRIMARY_JOCKEY,JockeyROI_連結済み_20260719_卍のみ_pre実測_backup.csv,363,JOCKEY,的場勇人,,NAME_KEY_ONLY_UNVERIFIED_OFFICIAL_ID,"{""競馬場"":"""",""芝/ダ"":"""",""馬場状態"":"""",""条件クラス"":""2勝"",""距離区分"":"""",""回り"":"""",""内外"":""""}",JOCKEY_COLUMNS,PARSED,,,,,,,,,,,,UNKNOWN,,,N,N,NOT_APPLICABLE,,,,,,NOT_APPLICABLE_NO_ROI,,,,,,,UNKNOWN,,BOOK_OR_UNSPECIFIED_ROI_SOURCE,roi_presence_raw と完全に1対1でROI記入の有無の言い換え。行の出所ではない,3,,,UNVERIFIED(表示基準日がページ間で不一致: トップ2026-08-16/使い方2026-05-17),(リスト列なし=騎手表),MISSING_ROI,NOT_AVAILABLE,原表と方式を入手するまで使用しない。原行は保持
rec_2427a817af5b6389dd00a838c2aa244bcea2a3b8680a137b44b9ba07a03828dc,PRIMARY_JOCKEY,JockeyROI_連結済み_20260719_卍のみ_pre実測_backup.csv,364,JOCKEY,吉村誠之助,,NAME_KEY_ONLY_UNVERIFIED_OFFICIAL_ID,"{""競馬場"":"""",""芝/ダ"":"""",""馬場状態"":"""",""条件クラス"":""2勝"",""距離区分"":"""",""回り"":"""",""内外"":""""}",JOCKEY_COLUMNS,PARSED,,,,,,,,,,,WIN_ROI_PCT|PLACE_ROI_PCT|N_STARTS,UNKNOWN,サイト現行既定は「オッズ反比例の賭け金・固定払戻の意図」(WEB_DEFINITION)。CSV作成時点の方式である証明にはならない,EQUAL_STAKE|EQUAL_PAYOUT,Y,Y,YES_PUBLIC_SCOPE_UNRULED,192,,,,DIRECT_TABLE_READ(掲載値の直接転記・未照合),DIRECT_TABLE_CLAIM_UNVERIFIED,,掲載値の整数%,,,,,UNKNOWN,,DB_KEIBA,roi_presence_raw と完全に1対1でROI記入の有無の言い換え。行の出所ではない,9,,,UNVERIFIED(表示基準日がページ間で不一致: トップ2026-08-16/使い方2026-05-17),(リスト列なし=騎手表),,HOLD_METHOD+HOLD_ASOF+HOLD_ID,①購入方式の確定 ②集計期間の確定 ③公式IDでの名寄せ
rec_cb1b1ae83c0bc7fa2dfcb341eb95e691baa19a2464e208b2d03202270a80e094,PRIMARY_JOCKEY,JockeyROI_連結済み_20260719_卍のみ_pre実測_backup.csv,365,JOCKEY,舟山瑠泉,,NAME_KEY_ONLY_UNVERIFIED_OFFICIAL_ID,"{""競馬場"":"""",""芝/ダ"":"""",""馬場状態"":"""",""条件クラス"":""3勝"",""距離区分"":"""",""回り"":"""",""内外"":""""}",JOCKEY_COLUMNS,PARSED,,,,,,,,,,,WIN_ROI_PCT|PLACE_ROI_PCT|N_STARTS,UNKNOWN,サイト現行既定は「オッズ反比例の賭け金・固定払戻の意図」(WEB_DEFINITION)。CSV作成時点の方式である証明にはならない,EQUAL_STAKE|EQUAL_PAYOUT,Y,Y,YES_PUBLIC_SCOPE_UNRULED,2,,,,DIRECT_TABLE_READ(掲載値の直接転記・未照合),DIRECT_TABLE_CLAIM_UNVERIFIED,,掲載値の整数%,,,,,UNKNOWN,,DB_KEIBA,roi_presence_raw と完全に1対1でROI記入の有無の言い換え。行の出所ではない,10,,,UNVERIFIED(表示基準日がページ間で不一致: トップ2026-08-16/使い方2026-05-17),(リスト列なし=騎手表),,HOLD_METHOD+HOLD_ASOF+HOLD_ID,①購入方式の確定 ②集計期間の確定 ③公式IDでの名寄せ
rec_634ff34c538c9e02473cc9d8f30f5ac0d9fd29ec27d760000ad6821e8426e5ef,PRIMARY_JOCKEY,JockeyROI_連結済み_20260719_卍のみ_pre実測_backup.csv,366,JOCKEY,森田誠也,,NAME_KEY_ONLY_UNVERIFIED_OFFICIAL_ID,"{""競馬場"":"""",""芝/ダ"":"""",""馬場状態"":"""",""条件クラス"":""3勝"",""距離区分"":"""",""回り"":"""",""内外"":""""}",JOCKEY_COLUMNS,PARSED,,,,,,,,,,,WIN_ROI_PCT|PLACE_ROI_PCT|N_STARTS,UNKNOWN,サイト現行既定は「オッズ反比例の賭け金・固定払戻の意図」(WEB_DEFINITION)。CSV作成時点の方式である証明にはならない,EQUAL_STAKE|EQUAL_PAYOUT,Y,Y,YES_PUBLIC_SCOPE_UNRULED,2,,,,DIRECT_TABLE_READ(掲載値の直接転記・未照合),DIRECT_TABLE_CLAIM_UNVERIFIED,,掲載値の整数%,,,,,UNKNOWN,,DB_KEIBA,roi_presence_raw と完全に1対1でROI記入の有無の言い換え。行の出所ではない,9,,,UNVERIFIED(表示基準日がページ間で不一致: トップ2026-08-16/使い方2026-05-17),(リスト列なし=騎手表),,HOLD_METHOD+HOLD_ASOF+HOLD_ID,①購入方式の確定 ②集計期間の確定 ③公式IDでの名寄せ
rec_920b1e82d13ecf164746ca9312e9a0f87c1770b5fc147310d5a17ade66c8fa64,PRIMARY_JOCKEY,JockeyROI_連結済み_20260719_卍のみ_pre実測_backup.csv,367,JOCKEY,団野大成,,NAME_KEY_ONLY_UNVERIFIED_OFFICIAL_ID,"{""競馬場"":"""",""芝/ダ"":"""",""馬場状態"":"""",""条件クラス"":""3勝"",""距離区分"":"""",""回り"":"""",""内外"":""""}",JOCKEY_COLUMNS,PARSED,,,,,,,,,,,WIN_ROI_PCT|PLACE_ROI_PCT|N_STARTS,UNKNOWN,サイト現行既定は「オッズ反比例の賭け金・固定払戻の意図」(WEB_DEFINITION)。CSV作成時点の方式である証明にはならない,EQUAL_STAKE|EQUAL_PAYOUT,Y,Y,YES_PUBLIC_SCOPE_UNRULED,283,,,,DIRECT_TABLE_READ(掲載値の直接転記・未照合),DIRECT_TABLE_CLAIM_UNVERIFIED,,掲載値の整数%,,,,,UNKNOWN,,DB_KEIBA,roi_presence_raw と完全に1対1でROI記入の有無の言い換え。行の出所ではない,7,,,UNVERIFIED(表示基準日がページ間で不一致: トップ2026-08-16/使い方2026-05-17),(リスト列なし=騎手表),,HOLD_METHOD+HOLD_ASOF+HOLD_ID,①購入方式の確定 ②集計期間の確定 ③公式IDでの名寄せ
rec_68689942f675c4ee43fd817298bfb37f8ec691d5368469872951fe8bb0f93481,PRIMARY_JOCKEY,JockeyROI_連結済み_20260719_卍のみ_pre実測_backup.csv,368,JOCKEY,高杉吏麒,,NAME_KEY_ONLY_UNVERIFIED_OFFICIAL_ID,"{""競馬場"":"""",""芝/ダ"":"""",""馬場状態"":"""",""条件クラス"":""3勝"",""距離区分"":"""",""回り"":"""",""内外"":""""}",JOCKEY_COLUMNS,PARSED,,,,,,,,,,,WIN_ROI_PCT|PLACE_ROI_PCT|N_STARTS,UNKNOWN,サイト現行既定は「オッズ反比例の賭け金・固定払戻の意図」(WEB_DEFINITION)。CSV作成時点の方式である証明にはならない,EQUAL_STAKE|EQUAL_PAYOUT,Y,Y,YES_PUBLIC_SCOPE_UNRULED,72,,,,DIRECT_TABLE_READ(掲載値の直接転記・未照合),DIRECT_TABLE_CLAIM_UNVERIFIED,,掲載値の整数%,,,,,UNKNOWN,,DB_KEIBA,roi_presence_raw と完全に1対1でROI記入の有無の言い換え。行の出所ではない,21,,,UNVERIFIED(表示基準日がページ間で不一致: トップ2026-08-16/使い方2026-05-17),(リスト列なし=騎手表),,HOLD_METHOD+HOLD_ASOF+HOLD_ID,①購入方式の確定 ②集計期間の確定 ③公式IDでの名寄せ
rec_3ca8d280f3d60202464854a7b525857a543b9e045fd7771f1744ec033cfaf3f0,PRIMARY_JOCKEY,JockeyROI_連結済み_20260719_卍のみ_pre実測_backup.csv,369,JOCKEY,国分恭介,,NAME_KEY_ONLY_UNVERIFIED_OFFICIAL_ID,"{""競馬場"":"""",""芝/ダ"":"""",""馬場状態"":"""",""条件クラス"":""3勝"",""距離区分"":"""",""回り"":"""",""内外"":""""}",JOCKEY_COLUMNS,PARSED,https://db-keiba.com/jockey-kokubunk/,掲載表(見出し文字列は証跡JSONに未収録),2026-09-10T10:49:08+09:00,2026-05-25T01:02:58+0900,,,,evidence/web/WEB_JOCKEY.json,574a9932deba18d018b6eeeba01f1dc410f2cf610e13710f1b8b3b7a07d42840,WEB_JOCKEY_TABLE_004,WIN_ROI_PCT|PLACE_ROI_PCT|N_STARTS,UNKNOWN,サイト現行既定は「オッズ反比例の賭け金・固定払戻の意図」(WEB_DEFINITION)。CSV作成時点の方式である証明にはならない,EQUAL_STAKE|EQUAL_PAYOUT,Y,Y,YES_PUBLIC_SCOPE_UNRULED,116,,,,DIRECT_TABLE_READ(掲載値の直接転記・未照合),DIRECT_TABLE_CLAIM_UNVERIFIED,,掲載値の整数%,,,,,UNKNOWN,,DB_KEIBA,roi_presence_raw と完全に1対1でROI記入の有無の言い換え。行の出所ではない,15,,,UNVERIFIED(表示基準日がページ間で不一致: トップ2026-08-16/使い方2026-05-17),(リスト列なし=騎手表),,HOLD_METHOD+HOLD_ASOF+HOLD_ID,①購入方式の確定 ②集計期間の確定 ③公式IDでの名寄せ
rec_0be5e5cbd5fed86b3cfdb78c34a67537d2c96e52d72be8e0c814f1bf78d4d7a5,PRIMARY_JOCKEY,JockeyROI_連結済み_20260719_卍のみ_pre実測_backup.csv,370,JOCKEY,田口貫太,,NAME_KEY_ONLY_UNVERIFIED_OFFICIAL_ID,"{""競馬場"":"""",""芝/ダ"":"""",""馬場状態"":"""",""条件クラス"":""3勝"",""距離区分"":"""",""回り"":"""",""内外"":""""}",JOCKEY_COLUMNS,PARSED,,,,,,,,,,,WIN_ROI_PCT|PLACE_ROI_PCT|N_STARTS,UNKNOWN,サイト現行既定は「オッズ反比例の賭け金・固定払戻の意図」(WEB_DEFINITION)。CSV作成時点の方式である証明にはならない,EQUAL_STAKE|EQUAL_PAYOUT,Y,Y,YES_PUBLIC_SCOPE_UNRULED,136,,,,DIRECT_TABLE_READ(掲載値の直接転記・未照合),DIRECT_TABLE_CLAIM_UNVERIFIED,,掲載値の整数%,,,,,UNKNOWN,,DB_KEIBA,roi_presence_raw と完全に1対1でROI記入の有無の言い換え。行の出所ではない,10,,,UNVERIFIED(表示基準日がページ間で不一致: トップ2026-08-16/使い方2026-05-17),(リスト列なし=騎手表),,HOLD_METHOD+HOLD_ASOF+HOLD_ID,①購入方式の確定 ②集計期間の確定 ③公式IDでの名寄せ
rec_7d31aa5d9f91c3efeef1c7d3ce22daf52d3c7e4d5447581be40e72db6c7826c7,PRIMARY_JOCKEY,JockeyROI_連結済み_20260719_卍のみ_pre実測_backup.csv,371,JOCKEY,長浜鴻緒,,NAME_KEY_ONLY_UNVERIFIED_OFFICIAL_ID,"{""競馬場"":"""",""芝/ダ"":"""",""馬場状態"":"""",""条件クラス"":""3勝"",""距離区分"":"""",""回り"":"""",""内外"":""""}",JOCKEY_COLUMNS,PARSED,,,,,,,,,,,WIN_ROI_PCT|PLACE_ROI_PCT|N_STARTS,UNKNOWN,サイト現行既定は「オッズ反比例の賭け金・固定払戻の意図」(WEB_DEFINITION)。CSV作成時点の方式である証明にはならない,EQUAL_STAKE|EQUAL_PAYOUT,Y,Y,YES_PUBLIC_SCOPE_UNRULED,16,,,,DIRECT_TABLE_READ(掲載値の直接転記・未照合),DIRECT_TABLE_CLAIM_UNVERIFIED,,掲載値の整数%,,,,,UNKNOWN,,DB_KEIBA,roi_presence_raw と完全に1対1でROI記入の有無の言い換え。行の出所ではない,8,,,UNVERIFIED(表示基準日がページ間で不一致: トップ2026-08-16/使い方2026-05-17),(リスト列なし=騎手表),,HOLD_METHOD+HOLD_ASOF+HOLD_ID,①購入方式の確定 ②集計期間の確定 ③公式IDでの名寄せ
rec_f769243fffee3a9f41f83fbb3889f1b129b7c3cb16572edf045e65457cfa8bb4,PRIMARY_JOCKEY,JockeyROI_連結済み_20260719_卍のみ_pre実測_backup.csv,372,JOCKEY,原田和真,,NAME_KEY_ONLY_UNVERIFIED_OFFICIAL_ID,"{""競馬場"":"""",""芝/ダ"":"""",""馬場状態"":"""",""条件クラス"":""3勝"",""距離区分"":"""",""回り"":"""",""内外"":""""}",JOCKEY_COLUMNS,PARSED,,,,,,,,,,,WIN_ROI_PCT|PLACE_ROI_PCT|N_STARTS,UNKNOWN,サイト現行既定は「オッズ反比例の賭け金・固定払戻の意図」(WEB_DEFINITION)。CSV作成時点の方式である証明にはならない,EQUAL_STAKE|EQUAL_PAYOUT,Y,Y,YES_PUBLIC_SCOPE_UNRULED,13,,,,DIRECT_TABLE_READ(掲載値の直接転記・未照合),DIRECT_TABLE_CLAIM_UNVERIFIED,,掲載値の整数%,,,,,UNKNOWN,,DB_KEIBA,roi_presence_raw と完全に1対1でROI記入の有無の言い換え。行の出所ではない,10,,,UNVERIFIED(表示基準日がページ間で不一致: トップ2026-08-16/使い方2026-05-17),(リスト列なし=騎手表),,HOLD_METHOD+HOLD_ASOF+HOLD_ID,①購入方式の確定 ②集計期間の確定 ③公式IDでの名寄せ
rec_0eddae68daeec8b5ab98324e213c7660a57033cad67b9021e18619cf344939c5,PRIMARY_JOCKEY,JockeyROI_連結済み_20260719_卍のみ_pre実測_backup.csv,373,JOCKEY,丹内祐次,,NAME_KEY_ONLY_UNVERIFIED_OFFICIAL_ID,"{""競馬場"":"""",""芝/ダ"":"""",""馬場状態"":"""",""条件クラス"":""3勝"",""距離区分"":"""",""回り"":"""",""内外"":""""}",JOCKEY_COLUMNS,PARSED,,,,,,,,,,,WIN_ROI_PCT|PLACE_ROI_PCT|N_STARTS,UNKNOWN,サイト現行既定は「オッズ反比例の賭け金・固定払戻の意図」(WEB_DEFINITION)。CSV作成時点の方式である証明にはならない,EQUAL_STAKE|EQUAL_PAYOUT,Y,Y,YES_PUBLIC_SCOPE_UNRULED,205,,,,DIRECT_TABLE_READ(掲載値の直接転記・未照合),DIRECT_TABLE_CLAIM_UNVERIFIED,,掲載値の整数%,,,,,UNKNOWN,,DB_KEIBA,roi_presence_raw と完全に1対1でROI記入の有無の言い換え。行の出所ではない,7,,,UNVERIFIED(表示基準日がページ間で不一致: トップ2026-08-16/使い方2026-05-17),(リスト列なし=騎手表),,HOLD_METHOD+HOLD_ASOF+HOLD_ID,①購入方式の確定 ②集計期間の確定 ③公式IDでの名寄せ
rec_057aabc01794385c78f05ef7c072ac17f8503ad94ea36fdb050f59188444b6e9,PRIMARY_JOCKEY,JockeyROI_連結済み_20260719_卍のみ_pre実測_backup.csv,374,JOCKEY,鷲頭虎太,,NAME_KEY_ONLY_UNVERIFIED_OFFICIAL_ID,"{""競馬場"":"""",""芝/ダ"":"""",""馬場状態"":"""",""条件クラス"":""3勝"",""距離区分"":"""",""回り"":"""",""内外"":""""}",JOCKEY_COLUMNS,PARSED,,,,,,,,,,,WIN_ROI_PCT|PLACE_ROI_PCT|N_STARTS,UNKNOWN,サイト現行既定は「オッズ反比例の賭け金・固定払戻の意図」(WEB_DEFINITION)。CSV作成時点の方式である証明にはならない,EQUAL_STAKE|EQUAL_PAYOUT,Y,Y,YES_PUBLIC_SCOPE_UNRULED,2,,,,DIRECT_TABLE_READ(掲載値の直接転記・未照合),DIRECT_TABLE_CLAIM_UNVERIFIED,,掲載値の整数%,,,,,UNKNOWN,,DB_KEIBA,roi_presence_raw と完全に1対1でROI記入の有無の言い換え。行の出所ではない,9,,,UNVERIFIED(表示基準日がページ間で不一致: トップ2026-08-16/使い方2026-05-17),(リスト列なし=騎手表),,HOLD_METHOD+HOLD_ASOF+HOLD_ID,①購入方式の確定 ②集計期間の確定 ③公式IDでの名寄せ
rec_da7cdccb8cae0370c55a8d89ed2af3a6a903fcc2bf05efd50ba35d23c71149d5,PRIMARY_JOCKEY,JockeyROI_連結済み_20260719_卍のみ_pre実測_backup.csv,375,JOCKEY,石神深道,,NAME_KEY_ONLY_UNVERIFIED_OFFICIAL_ID,"{""競馬場"":"""",""芝/ダ"":"""",""馬場状態"":"""",""条件クラス"":""3勝"",""距離区分"":"""",""回り"":"""",""内外"":""""}",JOCKEY_COLUMNS,PARSED,,,,,,,,,,,,UNKNOWN,,,N,N,NOT_APPLICABLE,,,,,,NOT_APPLICABLE_NO_ROI,,,,,,,UNKNOWN,,BOOK_OR_UNSPECIFIED_ROI_SOURCE,roi_presence_raw と完全に1対1でROI記入の有無の言い換え。行の出所ではない,13,,,UNVERIFIED(表示基準日がページ間で不一致: トップ2026-08-16/使い方2026-05-17),(リスト列なし=騎手表),MISSING_ROI,NOT_AVAILABLE,原表と方式を入手するまで使用しない。原行は保持
rec_3fbd2f42d6215a05f29939e27998f4fbb0f0ffd8bdebc54b99767c901e546d34,PRIMARY_JOCKEY,JockeyROI_連結済み_20260719_卍のみ_pre実測_backup.csv,376,JOCKEY,的場勇人,,NAME_KEY_ONLY_UNVERIFIED_OFFICIAL_ID,"{""競馬場"":"""",""芝/ダ"":"""",""馬場状態"":"""",""条件クラス"":""3勝"",""距離区分"":"""",""回り"":"""",""内外"":""""}",JOCKEY_COLUMNS,PARSED,,,,,,,,,,,,UNKNOWN,,,N,N,NOT_APPLICABLE,,,,,,NOT_APPLICABLE_NO_ROI,,,,,,,UNKNOWN,,BOOK_OR_UNSPECIFIED_ROI_SOURCE,roi_presence_raw と完全に1対1でROI記入の有無の言い換え。行の出所ではない,3,,,UNVERIFIED(表示基準日がページ間で不一致: トップ2026-08-16/使い方2026-05-17),(リスト列なし=騎手表),MISSING_ROI,NOT_AVAILABLE,原表と方式を入手するまで使用しない。原行は保持
rec_09ceab7fae154e035549875d8f863f15ebd5e2435f7ef278ecdeca8682045fd8,PRIMARY_JOCKEY,JockeyROI_連結済み_20260719_卍のみ_pre実測_backup.csv,377,JOCKEY,吉村誠之助,,NAME_KEY_ONLY_UNVERIFIED_OFFICIAL_ID,"{""競馬場"":"""",""芝/ダ"":"""",""馬場状態"":"""",""条件クラス"":""3勝"",""距離区分"":"""",""回り"":"""",""内外"":""""}",JOCKEY_COLUMNS,PARSED,,,,,,,,,,,WIN_ROI_PCT|PLACE_ROI_PCT|N_STARTS,UNKNOWN,サイト現行既定は「オッズ反比例の賭け金・固定払戻の意図」(WEB_DEFINITION)。CSV作成時点の方式である証明にはならない,EQUAL_STAKE|EQUAL_PAYOUT,Y,Y,YES_PUBLIC_SCOPE_UNRULED,75,,,,DIRECT_TABLE_READ(掲載値の直接転記・未照合),DIRECT_TABLE_CLAIM_UNVERIFIED,,掲載値の整数%,,,,,UNKNOWN,,DB_KEIBA,roi_presence_raw と完全に1対1でROI記入の有無の言い換え。行の出所ではない,9,,,UNVERIFIED(表示基準日がページ間で不一致: トップ2026-08-16/使い方2026-05-17),(リスト列なし=騎手表),,HOLD_METHOD+HOLD_ASOF+HOLD_ID,①購入方式の確定 ②集計期間の確定 ③公式IDでの名寄せ
rec_2d140a8fa2dfccc5e30c947a9803a782acbe10f0f847cdf8c3be54d82f7336a9,PRIMARY_JOCKEY,JockeyROI_連結済み_20260719_卍のみ_pre実測_backup.csv,378,JOCKEY,丸山元気,,NAME_KEY_ONLY_UNVERIFIED_OFFICIAL_ID,"{""競馬場"":"""",""芝/ダ"":"""",""馬場状態"":"""",""条件クラス"":""OP"",""距離区分"":"""",""回り"":"""",""内外"":""""}",JOCKEY_COLUMNS,PARSED,,,,,,,,,,,WIN_ROI_PCT|PLACE_ROI_PCT|N_STARTS,UNKNOWN,サイト現行既定は「オッズ反比例の賭け金・固定払戻の意図」(WEB_DEFINITION)。CSV作成時点の方式である証明にはならない,EQUAL_STAKE|EQUAL_PAYOUT,Y,Y,YES_PUBLIC_SCOPE_UNRULED,229,,,,N_WEIGHTED_MEAN_OF_PCT: sum(ROI_i*n_i)/sum(n_i) を整数丸め,UNVERIFIED_AGGREGATION,LEGACY_JOCKEY_CODE,二重丸め(掲載値が整数%＋加重平均後に再度整数丸め),,,,,UNKNOWN,,DB_KEIBA,roi_presence_raw と完全に1対1でROI記入の有無の言い換え。行の出所ではない,2,,,UNVERIFIED(表示基準日がページ間で不一致: トップ2026-08-16/使い方2026-05-17),(リスト列なし=騎手表),,HOLD_MERGE+HOLD_METHOD+HOLD_ASOF+HOLD_ID,①購入方式の確定 ②分母(賭け金総額・払戻総額)の入手 ③加重平均の再現可否検証 ④場/距離/回りの重複排除
rec_cd19eb621124be061f107f9536477c61b0ff2a5b6df37b5509b8b700a3852e34,PRIMARY_JOCKEY,JockeyROI_連結済み_20260719_卍のみ_pre実測_backup.csv,379,JOCKEY,杉原誠人,,NAME_KEY_ONLY_UNVERIFIED_OFFICIAL_ID,"{""競馬場"":"""",""芝/ダ"":"""",""馬場状態"":"""",""条件クラス"":""OP"",""距離区分"":"""",""回り"":"""",""内外"":""""}",JOCKEY_COLUMNS,PARSED,,,,,,,,,,,WIN_ROI_PCT|PLACE_ROI_PCT|N_STARTS,UNKNOWN,サイト現行既定は「オッズ反比例の賭け金・固定払戻の意図」(WEB_DEFINITION)。CSV作成時点の方式である証明にはならない,EQUAL_STAKE|EQUAL_PAYOUT,Y,Y,YES_PUBLIC_SCOPE_UNRULED,128,,,,N_WEIGHTED_MEAN_OF_PCT: sum(ROI_i*n_i)/sum(n_i) を整数丸め,UNVERIFIED_AGGREGATION,LEGACY_JOCKEY_CODE,二重丸め(掲載値が整数%＋加重平均後に再度整数丸め),,,,,UNKNOWN,,DB_KEIBA,roi_presence_raw と完全に1対1でROI記入の有無の言い換え。行の出所ではない,2,,,UNVERIFIED(表示基準日がページ間で不一致: トップ2026-08-16/使い方2026-05-17),(リスト列なし=騎手表),,HOLD_MERGE+HOLD_METHOD+HOLD_ASOF+HOLD_ID,①購入方式の確定 ②分母(賭け金総額・払戻総額)の入手 ③加重平均の再現可否検証 ④場/距離/回りの重複排除
rec_42f2363ad53a0e912d0df61f48d2083104ebf6a24c28dcc9eaee5ae77aedf431,PRIMARY_JOCKEY,JockeyROI_連結済み_20260719_卍のみ_pre実測_backup.csv,380,JOCKEY,浜中俊,,NAME_KEY_ONLY_UNVERIFIED_OFFICIAL_ID,"{""競馬場"":"""",""芝/ダ"":"""",""馬場状態"":"""",""条件クラス"":""OP"",""距離区分"":"""",""回り"":"""",""内外"":""""}",JOCKEY_COLUMNS,PARSED,,,,,,,,,,,WIN_ROI_PCT|PLACE_ROI_PCT|N_STARTS,UNKNOWN,サイト現行既定は「オッズ反比例の賭け金・固定払戻の意図」(WEB_DEFINITION)。CSV作成時点の方式である証明にはならない,EQUAL_STAKE|EQUAL_PAYOUT,Y,Y,YES_PUBLIC_SCOPE_UNRULED,321,,,,N_WEIGHTED_MEAN_OF_PCT: sum(ROI_i*n_i)/sum(n_i) を整数丸め,UNVERIFIED_AGGREGATION,LEGACY_JOCKEY_CODE,二重丸め(掲載値が整数%＋加重平均後に再度整数丸め),,,,,UNKNOWN,,DB_KEIBA,roi_presence_raw と完全に1対1でROI記入の有無の言い換え。行の出所ではない,6,,,UNVERIFIED(表示基準日がページ間で不一致: トップ2026-08-16/使い方2026-05-17),(リスト列なし=騎手表),,HOLD_MERGE+HOLD_METHOD+HOLD_ASOF+HOLD_ID,①購入方式の確定 ②分母(賭け金総額・払戻総額)の入手 ③加重平均の再現可否検証 ④場/距離/回りの重複排除
rec_ac9620a36d7405e215b134546f0f85529da60d55543622ac6b7e712417874925,PRIMARY_JOCKEY,JockeyROI_連結済み_20260719_卍のみ_pre実測_backup.csv,381,JOCKEY,金子光希,,NAME_KEY_ONLY_UNVERIFIED_OFFICIAL_ID,"{""競馬場"":"""",""芝/ダ"":"""",""馬場状態"":"""",""条件クラス"":""OP"",""距離区分"":"""",""回り"":"""",""内外"":""""}",JOCKEY_COLUMNS,PARSED,,,,,,,,,,,,UNKNOWN,,,N,N,NOT_APPLICABLE,,,,,,NOT_APPLICABLE_NO_ROI,,,,,,,UNKNOWN,,BOOK_OR_UNSPECIFIED_ROI_SOURCE,roi_presence_raw と完全に1対1でROI記入の有無の言い換え。行の出所ではない,4,,,UNVERIFIED(表示基準日がページ間で不一致: トップ2026-08-16/使い方2026-05-17),(リスト列なし=騎手表),MISSING_ROI,NOT_AVAILABLE,原表と方式を入手するまで使用しない。原行は保持
rec_b5c2a9e67ed9fc9458cff99d24571ef72fadf923ffdbc9aeaaf952cd9774b188,PRIMARY_JOCKEY,JockeyROI_連結済み_20260719_卍のみ_pre実測_backup.csv,382,JOCKEY,原優介,,NAME_KEY_ONLY_UNVERIFIED_OFFICIAL_ID,"{""競馬場"":"""",""芝/ダ"":"""",""馬場状態"":"""",""条件クラス"":""OP"",""距離区分"":"""",""回り"":"""",""内外"":""""}",JOCKEY_COLUMNS,PARSED,,,,,,,,,,,WIN_ROI_PCT|PLACE_ROI_PCT|N_STARTS,UNKNOWN,サイト現行既定は「オッズ反比例の賭け金・固定払戻の意図」(WEB_DEFINITION)。CSV作成時点の方式である証明にはならない,EQUAL_STAKE|EQUAL_PAYOUT,Y,Y,YES_PUBLIC_SCOPE_UNRULED,105,,,,N_WEIGHTED_MEAN_OF_PCT: sum(ROI_i*n_i)/sum(n_i) を整数丸め,UNVERIFIED_AGGREGATION,LEGACY_JOCKEY_CODE,二重丸め(掲載値が整数%＋加重平均後に再度整数丸め),,,,,UNKNOWN,,DB_KEIBA,roi_presence_raw と完全に1対1でROI記入の有無の言い換え。行の出所ではない,1,,,UNVERIFIED(表示基準日がページ間で不一致: トップ2026-08-16/使い方2026-05-17),(リスト列なし=騎手表),,HOLD_MERGE+HOLD_METHOD+HOLD_ASOF+HOLD_ID,①購入方式の確定 ②分母(賭け金総額・払戻総額)の入手 ③加重平均の再現可否検証 ④場/距離/回りの重複排除
rec_062f6f90d751413a353371b8261c0c701a399213c2cfc3e7caa9e3ae369493c5,PRIMARY_JOCKEY,JockeyROI_連結済み_20260719_卍のみ_pre実測_backup.csv,383,JOCKEY,松若風馬,,NAME_KEY_ONLY_UNVERIFIED_OFFICIAL_ID,"{""競馬場"":"""",""芝/ダ"":"""",""馬場状態"":"""",""条件クラス"":""OP"",""距離区分"":"""",""回り"":"""",""内外"":""""}",JOCKEY_COLUMNS,PARSED,,,,,,,,,,,WIN_ROI_PCT|PLACE_ROI_PCT|N_STARTS,UNKNOWN,サイト現行既定は「オッズ反比例の賭け金・固定払戻の意図」(WEB_DEFINITION)。CSV作成時点の方式である証明にはならない,EQUAL_STAKE|EQUAL_PAYOUT,Y,Y,YES_PUBLIC_SCOPE_UNRULED,278,,,,N_WEIGHTED_MEAN_OF_PCT: sum(ROI_i*n_i)/sum(n_i) を整数丸め,UNVERIFIED_AGGREGATION,LEGACY_JOCKEY_CODE,二重丸め(掲載値が整数%＋加重平均後に再度整数丸め),,,,,UNKNOWN,,DB_KEIBA,roi_presence_raw と完全に1対1でROI記入の有無の言い換え。行の出所ではない,13,,,UNVERIFIED(表示基準日がページ間で不一致: トップ2026-08-16/使い方2026-05-17),(リスト列なし=騎手表),,HOLD_MERGE+HOLD_METHOD+HOLD_ASOF+HOLD_ID,①購入方式の確定 ②分母(賭け金総額・払戻総額)の入手 ③加重平均の再現可否検証 ④場/距離/回りの重複排除
rec_580a66d49498293335f3f007f762c510cd794ec96d9d062a459f74101185c885,PRIMARY_JOCKEY,JockeyROI_連結済み_20260719_卍のみ_pre実測_backup.csv,384,JOCKEY,北村宏司,,NAME_KEY_ONLY_UNVERIFIED_OFFICIAL_ID,"{""競馬場"":"""",""芝/ダ"":"""",""馬場状態"":"""",""条件クラス"":""OP"",""距離区分"":"""",""回り"":"""",""内外"":""""}",JOCKEY_COLUMNS,PARSED,,,,,,,,,,,WIN_ROI_PCT|PLACE_ROI_PCT|N_STARTS,UNKNOWN,サイト現行既定は「オッズ反比例の賭け金・固定払戻の意図」(WEB_DEFINITION)。CSV作成時点の方式である証明にはならない,EQUAL_STAKE|EQUAL_PAYOUT,Y,Y,YES_PUBLIC_SCOPE_UNRULED,178,,,,N_WEIGHTED_MEAN_OF_PCT: sum(ROI_i*n_i)/sum(n_i) を整数丸め,UNVERIFIED_AGGREGATION,LEGACY_JOCKEY_CODE,二重丸め(掲載値が整数%＋加重平均後に再度整数丸め),,,,,UNKNOWN,,DB_KEIBA,roi_presence_raw と完全に1対1でROI記入の有無の言い換え。行の出所ではない,2,,,UNVERIFIED(表示基準日がページ間で不一致: トップ2026-08-16/使い方2026-05-17),(リスト列なし=騎手表),,HOLD_MERGE+HOLD_METHOD+HOLD_ASOF+HOLD_ID,①購入方式の確定 ②分母(賭け金総額・払戻総額)の入手 ③加重平均の再現可否検証 ④場/距離/回りの重複排除
rec_05d18aa061a59fb1dff5c936aa6ffdedcc098d3ffaa471202d2078a50204dcaa,PRIMARY_JOCKEY,JockeyROI_連結済み_20260719_卍のみ_pre実測_backup.csv,385,JOCKEY,大野拓弥,,NAME_KEY_ONLY_UNVERIFIED_OFFICIAL_ID,"{""競馬場"":"""",""芝/ダ"":"""",""馬場状態"":"""",""条件クラス"":""OP"",""距離区分"":"""",""回り"":"""",""内外"":""""}",JOCKEY_COLUMNS,PARSED,,,,,,,,,,,WIN_ROI_PCT|PLACE_ROI_PCT|N_STARTS,UNKNOWN,サイト現行既定は「オッズ反比例の賭け金・固定払戻の意図」(WEB_DEFINITION)。CSV作成時点の方式である証明にはならない,EQUAL_STAKE|EQUAL_PAYOUT,Y,Y,YES_PUBLIC_SCOPE_UNRULED,287,,,,N_WEIGHTED_MEAN_OF_PCT: sum(ROI_i*n_i)/sum(n_i) を整数丸め,UNVERIFIED_AGGREGATION,LEGACY_JOCKEY_CODE,二重丸め(掲載値が整数%＋加重平均後に再度整数丸め),,,,,UNKNOWN,,DB_KEIBA,roi_presence_raw と完全に1対1でROI記入の有無の言い換え。行の出所ではない,1,,,UNVERIFIED(表示基準日がページ間で不一致: トップ2026-08-16/使い方2026-05-17),(リスト列なし=騎手表),,HOLD_MERGE+HOLD_METHOD+HOLD_ASOF+HOLD_ID,①購入方式の確定 ②分母(賭け金総額・払戻総額)の入手 ③加重平均の再現可否検証 ④場/距離/回りの重複排除
rec_4c066b59835e588fc66b515cbc496962eb3747dc65535dbc883a636c006680c7,PRIMARY_JOCKEY,JockeyROI_連結済み_20260719_卍のみ_pre実測_backup.csv,386,JOCKEY,鮫島克駿,,NAME_KEY_ONLY_UNVERIFIED_OFFICIAL_ID,"{""競馬場"":"""",""芝/ダ"":"""",""馬場状態"":"""",""条件クラス"":""OP"",""距離区分"":"""",""回り"":"""",""内外"":""""}",JOCKEY_COLUMNS,PARSED,,,,,,,,,,,WIN_ROI_PCT|PLACE_ROI_PCT|N_STARTS,UNKNOWN,サイト現行既定は「オッズ反比例の賭け金・固定払戻の意図」(WEB_DEFINITION)。CSV作成時点の方式である証明にはならない,EQUAL_STAKE|EQUAL_PAYOUT,Y,Y,YES_PUBLIC_SCOPE_UNRULED,403,,,,N_WEIGHTED_MEAN_OF_PCT: sum(ROI_i*n_i)/sum(n_i) を整数丸め,UNVERIFIED_AGGREGATION,LEGACY_JOCKEY_CODE,二重丸め(掲載値が整数%＋加重平均後に再度整数丸め),,,,,UNKNOWN,,DB_KEIBA,roi_presence_raw と完全に1対1でROI記入の有無の言い換え。行の出所ではない,6,,,UNVERIFIED(表示基準日がページ間で不一致: トップ2026-08-16/使い方2026-05-17),(リスト列なし=騎手表),,HOLD_MERGE+HOLD_METHOD+HOLD_ASOF+HOLD_ID,①購入方式の確定 ②分母(賭け金総額・払戻総額)の入手 ③加重平均の再現可否検証 ④場/距離/回りの重複排除
rec_300eff117ad03fd898cc704ef7c15c8284613f5f9c95039b708a295c850f2b6f,PRIMARY_JOCKEY,JockeyROI_連結済み_20260719_卍のみ_pre実測_backup.csv,387,JOCKEY,武豊,,NAME_KEY_ONLY_UNVERIFIED_OFFICIAL_ID,"{""競馬場"":"""",""芝/ダ"":"""",""馬場状態"":"""",""条件クラス"":""OP"",""距離区分"":"""",""回り"":"""",""内外"":""""}",JOCKEY_COLUMNS,PARSED,,,,,,,,,,,WIN_ROI_PCT|PLACE_ROI_PCT|N_STARTS,UNKNOWN,サイト現行既定は「オッズ反比例の賭け金・固定払戻の意図」(WEB_DEFINITION)。CSV作成時点の方式である証明にはならない,EQUAL_STAKE|EQUAL_PAYOUT,Y,Y,YES_PUBLIC_SCOPE_UNRULED,432,,,,N_WEIGHTED_MEAN_OF_PCT: sum(ROI_i*n_i)/sum(n_i) を整数丸め,UNVERIFIED_AGGREGATION,LEGACY_JOCKEY_CODE,二重丸め(掲載値が整数%＋加重平均後に再度整数丸め),,,,,UNKNOWN,,DB_KEIBA,roi_presence_raw と完全に1対1でROI記入の有無の言い換え。行の出所ではない,1,,,UNVERIFIED(表示基準日がページ間で不一致: トップ2026-08-16/使い方2026-05-17),(リスト列なし=騎手表),,HOLD_MERGE+HOLD_METHOD+HOLD_ASOF+HOLD_ID,①購入方式の確定 ②分母(賭け金総額・払戻総額)の入手 ③加重平均の再現可否検証 ④場/距離/回りの重複排除
rec_43cc4bcf25120f54cdd8e8d251b3aee564311ded25d1f8a6d97049340d5e6fb1,PRIMARY_JOCKEY,JockeyROI_連結済み_20260719_卍のみ_pre実測_backup.csv,388,JOCKEY,小沢大仁,,NAME_KEY_ONLY_UNVERIFIED_OFFICIAL_ID,"{""競馬場"":"""",""芝/ダ"":"""",""馬場状態"":"""",""条件クラス"":""OP"",""距離区分"":"""",""回り"":"""",""内外"":""""}",JOCKEY_COLUMNS,PARSED,,,,,,,,,,,WIN_ROI_PCT|PLACE_ROI_PCT|N_STARTS,UNKNOWN,サイト現行既定は「オッズ反比例の賭け金・固定払戻の意図」(WEB_DEFINITION)。CSV作成時点の方式である証明にはならない,EQUAL_STAKE|EQUAL_PAYOUT,Y,Y,YES_PUBLIC_SCOPE_UNRULED,109,,,,N_WEIGHTED_MEAN_OF_PCT: sum(ROI_i*n_i)/sum(n_i) を整数丸め,UNVERIFIED_AGGREGATION,LEGACY_JOCKEY_CODE,二重丸め(掲載値が整数%＋加重平均後に再度整数丸め),,,,,UNKNOWN,,DB_KEIBA,roi_presence_raw と完全に1対1でROI記入の有無の言い換え。行の出所ではない,9,,,UNVERIFIED(表示基準日がページ間で不一致: トップ2026-08-16/使い方2026-05-17),(リスト列なし=騎手表),,HOLD_MERGE+HOLD_METHOD+HOLD_ASOF+HOLD_ID,①購入方式の確定 ②分母(賭け金総額・払戻総額)の入手 ③加重平均の再現可否検証 ④場/距離/回りの重複排除
rec_61f8316e5a7f06fe6704c1372dd21ca754f74e44f3a03e4e34d7399da5a7500c,PRIMARY_JOCKEY,JockeyROI_連結済み_20260719_卍のみ_pre実測_backup.csv,389,JOCKEY,田口貫太,,NAME_KEY_ONLY_UNVERIFIED_OFFICIAL_ID,"{""競馬場"":"""",""芝/ダ"":"""",""馬場状態"":"""",""条件クラス"":""OP"",""距離区分"":"""",""回り"":"""",""内外"":""""}",JOCKEY_COLUMNS,PARSED,,,,,,,,,,,WIN_ROI_PCT|PLACE_ROI_PCT|N_STARTS,UNKNOWN,サイト現行既定は「オッズ反比例の賭け金・固定払戻の意図」(WEB_DEFINITION)。CSV作成時点の方式である証明にはならない,EQUAL_STAKE|EQUAL_PAYOUT,Y,Y,YES_PUBLIC_SCOPE_UNRULED,130,,,,N_WEIGHTED_MEAN_OF_PCT: sum(ROI_i*n_i)/sum(n_i) を整数丸め,UNVERIFIED_AGGREGATION,LEGACY_JOCKEY_CODE,二重丸め(掲載値が整数%＋加重平均後に再度整数丸め),,,,,UNKNOWN,,DB_KEIBA,roi_presence_raw と完全に1対1でROI記入の有無の言い換え。行の出所ではない,10,,,UNVERIFIED(表示基準日がページ間で不一致: トップ2026-08-16/使い方2026-05-17),(リスト列なし=騎手表),,HOLD_MERGE+HOLD_METHOD+HOLD_ASOF+HOLD_ID,①購入方式の確定 ②分母(賭け金総額・払戻総額)の入手 ③加重平均の再現可否検証 ④場/距離/回りの重複排除
rec_80740d1728a792c90b01b8fb6ae0347b0e7f3b051e88c9b944337817fd6f96c6,PRIMARY_JOCKEY,JockeyROI_連結済み_20260719_卍のみ_pre実測_backup.csv,390,JOCKEY,和田竜二,,NAME_KEY_ONLY_UNVERIFIED_OFFICIAL_ID,"{""競馬場"":"""",""芝/ダ"":"""",""馬場状態"":"""",""条件クラス"":""OP"",""距離区分"":"""",""回り"":"""",""内外"":""""}",JOCKEY_COLUMNS,PARSED,,,,,,,,,,,WIN_ROI_PCT|PLACE_ROI_PCT|N_STARTS,UNKNOWN,サイト現行既定は「オッズ反比例の賭け金・固定払戻の意図」(WEB_DEFINITION)。CSV作成時点の方式である証明にはならない,EQUAL_STAKE|EQUAL_PAYOUT,Y,Y,YES_PUBLIC_SCOPE_UNRULED,371,,,,N_WEIGHTED_MEAN_OF_PCT: sum(ROI_i*n_i)/sum(n_i) を整数丸め,UNVERIFIED_AGGREGATION,LEGACY_JOCKEY_CODE,二重丸め(掲載値が整数%＋加重平均後に再度整数丸め),,,,,UNKNOWN,,DB_KEIBA,roi_presence_raw と完全に1対1でROI記入の有無の言い換え。行の出所ではない,1,,,UNVERIFIED(表示基準日がページ間で不一致: トップ2026-08-16/使い方2026-05-17),(リスト列なし=騎手表),,HOLD_MERGE+HOLD_METHOD+HOLD_ASOF+HOLD_ID,①購入方式の確定 ②分母(賭け金総額・払戻総額)の入手 ③加重平均の再現可否検証 ④場/距離/回りの重複排除
rec_634af1012e6f79ea811a14174a3a44df58ea928f80c2cdcb6e41a1d6a1dd5d7a,PRIMARY_JOCKEY,JockeyROI_連結済み_20260719_卍のみ_pre実測_backup.csv,391,JOCKEY,井上敏樹,,NAME_KEY_ONLY_UNVERIFIED_OFFICIAL_ID,"{""競馬場"":"""",""芝/ダ"":"""",""馬場状態"":"""",""条件クラス"":""重賞"",""距離区分"":"""",""回り"":"""",""内外"":""""}",JOCKEY_COLUMNS,PARSED,,,,,,,,,,,,UNKNOWN,,,N,N,NOT_APPLICABLE,,,,,,NOT_APPLICABLE_NO_ROI,,,,,,,UNKNOWN,,BOOK_OR_UNSPECIFIED_ROI_SOURCE,roi_presence_raw と完全に1対1でROI記入の有無の言い換え。行の出所ではない,2,,,UNVERIFIED(表示基準日がページ間で不一致: トップ2026-08-16/使い方2026-05-17),(リスト列なし=騎手表),MISSING_ROI,NOT_AVAILABLE,原表と方式を入手するまで使用しない。原行は保持
rec_2b7065893f569a96977071b1a0436e9ed8111b7e8d95a200d46a88f17d5d46a3,PRIMARY_JOCKEY,JockeyROI_連結済み_20260719_卍のみ_pre実測_backup.csv,392,JOCKEY,秋山稔樹,,NAME_KEY_ONLY_UNVERIFIED_OFFICIAL_ID,"{""競馬場"":"""",""芝/ダ"":"""",""馬場状態"":"""",""条件クラス"":""重賞"",""距離区分"":"""",""回り"":"""",""内外"":""""}",JOCKEY_COLUMNS,PARSED,,,,,,,,,,,WIN_ROI_PCT|PLACE_ROI_PCT|N_STARTS,UNKNOWN,サイト現行既定は「オッズ反比例の賭け金・固定払戻の意図」(WEB_DEFINITION)。CSV作成時点の方式である証明にはならない,EQUAL_STAKE|EQUAL_PAYOUT,Y,Y,YES_PUBLIC_SCOPE_UNRULED,44,,,,N_WEIGHTED_MEAN_OF_PCT: sum(ROI_i*n_i)/sum(n_i) を整数丸め,UNVERIFIED_AGGREGATION,LEGACY_JOCKEY_CODE,二重丸め(掲載値が整数%＋加重平均後に再度整数丸め),,,,,UNKNOWN,,DB_KEIBA,roi_presence_raw と完全に1対1でROI記入の有無の言い換え。行の出所ではない,5,,,UNVERIFIED(表示基準日がページ間で不一致: トップ2026-08-16/使い方2026-05-17),(リスト列なし=騎手表),,HOLD_MERGE+HOLD_METHOD+HOLD_ASOF+HOLD_ID,①購入方式の確定 ②分母(賭け金総額・払戻総額)の入手 ③加重平均の再現可否検証 ④場/距離/回りの重複排除
rec_ff498127a11576531640be9c6821d01ea4d62cc180849972179eb08e6d46e927,PRIMARY_JOCKEY,JockeyROI_連結済み_20260719_卍のみ_pre実測_backup.csv,393,JOCKEY,杉原誠人,,NAME_KEY_ONLY_UNVERIFIED_OFFICIAL_ID,"{""競馬場"":"""",""芝/ダ"":"""",""馬場状態"":"""",""条件クラス"":""重賞"",""距離区分"":"""",""回り"":"""",""内外"":""""}",JOCKEY_COLUMNS,PARSED,,,,,,,,,,,WIN_ROI_PCT|PLACE_ROI_PCT|N_STARTS,UNKNOWN,サイト現行既定は「オッズ反比例の賭け金・固定払戻の意図」(WEB_DEFINITION)。CSV作成時点の方式である証明にはならない,EQUAL_STAKE|EQUAL_PAYOUT,Y,Y,YES_PUBLIC_SCOPE_UNRULED,128,,,,N_WEIGHTED_MEAN_OF_PCT: sum(ROI_i*n_i)/sum(n_i) を整数丸め,UNVERIFIED_AGGREGATION,LEGACY_JOCKEY_CODE,二重丸め(掲載値が整数%＋加重平均後に再度整数丸め),,,,,UNKNOWN,,DB_KEIBA,roi_presence_raw と完全に1対1でROI記入の有無の言い換え。行の出所ではない,2,,,UNVERIFIED(表示基準日がページ間で不一致: トップ2026-08-16/使い方2026-05-17),(リスト列なし=騎手表),,HOLD_MERGE+HOLD_METHOD+HOLD_ASOF+HOLD_ID,①購入方式の確定 ②分母(賭け金総額・払戻総額)の入手 ③加重平均の再現可否検証 ④場/距離/回りの重複排除
rec_1d1d244f5484b883706a500a796c5c88dcee490352a61d5b9e7c85c3521d84a2,PRIMARY_JOCKEY,JockeyROI_連結済み_20260719_卍のみ_pre実測_backup.csv,394,JOCKEY,吉村誠之助,,NAME_KEY_ONLY_UNVERIFIED_OFFICIAL_ID,"{""競馬場"":"""",""芝/ダ"":"""",""馬場状態"":"""",""条件クラス"":""重賞"",""距離区分"":"""",""回り"":"""",""内外"":""""}",JOCKEY_COLUMNS,PARSED,,,,,,,,,,,WIN_ROI_PCT|PLACE_ROI_PCT|N_STARTS,UNKNOWN,サイト現行既定は「オッズ反比例の賭け金・固定払戻の意図」(WEB_DEFINITION)。CSV作成時点の方式である証明にはならない,EQUAL_STAKE|EQUAL_PAYOUT,Y,Y,YES_PUBLIC_SCOPE_UNRULED,76,,,,N_WEIGHTED_MEAN_OF_PCT: sum(ROI_i*n_i)/sum(n_i) を整数丸め,UNVERIFIED_AGGREGATION,LEGACY_JOCKEY_CODE,二重丸め(掲載値が整数%＋加重平均後に再度整数丸め),,,,,UNKNOWN,,DB_KEIBA,roi_presence_raw と完全に1対1でROI記入の有無の言い換え。行の出所ではない,9,,,UNVERIFIED(表示基準日がページ間で不一致: トップ2026-08-16/使い方2026-05-17),(リスト列なし=騎手表),,HOLD_MERGE+HOLD_METHOD+HOLD_ASOF+HOLD_ID,①購入方式の確定 ②分母(賭け金総額・払戻総額)の入手 ③加重平均の再現可否検証 ④場/距離/回りの重複排除
rec_c01afcbbe340541a9f60499233be7b4e581cfc5ced9a129a23a31020e02e3e1c,PRIMARY_JOCKEY,JockeyROI_連結済み_20260719_卍のみ_pre実測_backup.csv,395,JOCKEY,松若風馬,,NAME_KEY_ONLY_UNVERIFIED_OFFICIAL_ID,"{""競馬場"":"""",""芝/ダ"":"""",""馬場状態"":"""",""条件クラス"":""重賞"",""距離区分"":"""",""回り"":"""",""内外"":""""}",JOCKEY_COLUMNS,PARSED,,,,,,,,,,,WIN_ROI_PCT|PLACE_ROI_PCT|N_STARTS,UNKNOWN,サイト現行既定は「オッズ反比例の賭け金・固定払戻の意図」(WEB_DEFINITION)。CSV作成時点の方式である証明にはならない,EQUAL_STAKE|EQUAL_PAYOUT,Y,Y,YES_PUBLIC_SCOPE_UNRULED,278,,,,N_WEIGHTED_MEAN_OF_PCT: sum(ROI_i*n_i)/sum(n_i) を整数丸め,UNVERIFIED_AGGREGATION,LEGACY_JOCKEY_CODE,二重丸め(掲載値が整数%＋加重平均後に再度整数丸め),,,,,UNKNOWN,,DB_KEIBA,roi_presence_raw と完全に1対1でROI記入の有無の言い換え。行の出所ではない,13,,,UNVERIFIED(表示基準日がページ間で不一致: トップ2026-08-16/使い方2026-05-17),(リスト列なし=騎手表),,HOLD_MERGE+HOLD_METHOD+HOLD_ASOF+HOLD_ID,①購入方式の確定 ②分母(賭け金総額・払戻総額)の入手 ③加重平均の再現可否検証 ④場/距離/回りの重複排除
rec_e383ca74358662c77c99fa635ad945cc01d66679bea15f81bb52621f999da0c6,PRIMARY_JOCKEY,JockeyROI_連結済み_20260719_卍のみ_pre実測_backup.csv,396,JOCKEY,菅原明良,,NAME_KEY_ONLY_UNVERIFIED_OFFICIAL_ID,"{""競馬場"":"""",""芝/ダ"":"""",""馬場状態"":"""",""条件クラス"":""重賞"",""距離区分"":"""",""回り"":"""",""内外"":""""}",JOCKEY_COLUMNS,PARSED,,,,,,,,,,,WIN_ROI_PCT|PLACE_ROI_PCT|N_STARTS,UNKNOWN,サイト現行既定は「オッズ反比例の賭け金・固定払戻の意図」(WEB_DEFINITION)。CSV作成時点の方式である証明にはならない,EQUAL_STAKE|EQUAL_PAYOUT,Y,Y,YES_PUBLIC_SCOPE_UNRULED,372,,,,N_WEIGHTED_MEAN_OF_PCT: sum(ROI_i*n_i)/sum(n_i) を整数丸め,UNVERIFIED_AGGREGATION,LEGACY_JOCKEY_CODE,二重丸め(掲載値が整数%＋加重平均後に再度整数丸め),,,,,UNKNOWN,,DB_KEIBA,roi_presence_raw と完全に1対1でROI記入の有無の言い換え。行の出所ではない,5,,,UNVERIFIED(表示基準日がページ間で不一致: トップ2026-08-16/使い方2026-05-17),(リスト列なし=騎手表),,HOLD_MERGE+HOLD_METHOD+HOLD_ASOF+HOLD_ID,①購入方式の確定 ②分母(賭け金総額・払戻総額)の入手 ③加重平均の再現可否検証 ④場/距離/回りの重複排除
rec_355be37b2eac1aa11b1ed10fb145ce875ed7541279c3c0c4183f54368f783a8e,PRIMARY_JOCKEY,JockeyROI_連結済み_20260719_卍のみ_pre実測_backup.csv,397,JOCKEY,古川吉洋,,NAME_KEY_ONLY_UNVERIFIED_OFFICIAL_ID,"{""競馬場"":"""",""芝/ダ"":"""",""馬場状態"":"""",""条件クラス"":""重賞"",""距離区分"":"""",""回り"":"""",""内外"":""""}",JOCKEY_COLUMNS,PARSED,,,,,,,,,,,WIN_ROI_PCT|PLACE_ROI_PCT|N_STARTS,UNKNOWN,サイト現行既定は「オッズ反比例の賭け金・固定払戻の意図」(WEB_DEFINITION)。CSV作成時点の方式である証明にはならない,EQUAL_STAKE|EQUAL_PAYOUT,Y,Y,YES_PUBLIC_SCOPE_UNRULED,179,,,,N_WEIGHTED_MEAN_OF_PCT: sum(ROI_i*n_i)/sum(n_i) を整数丸め,UNVERIFIED_AGGREGATION,LEGACY_JOCKEY_CODE,二重丸め(掲載値が整数%＋加重平均後に再度整数丸め),,,,,UNKNOWN,,DB_KEIBA,roi_presence_raw と完全に1対1でROI記入の有無の言い換え。行の出所ではない,6,,,UNVERIFIED(表示基準日がページ間で不一致: トップ2026-08-16/使い方2026-05-17),(リスト列なし=騎手表),,HOLD_MERGE+HOLD_METHOD+HOLD_ASOF+HOLD_ID,①購入方式の確定 ②分母(賭け金総額・払戻総額)の入手 ③加重平均の再現可否検証 ④場/距離/回りの重複排除
rec_8d2b38518d413c5bfbe72170bcfc8bf2718ac8a595e6da43e5a44934437710bc,PRIMARY_JOCKEY,JockeyROI_連結済み_20260719_卍のみ_pre実測_backup.csv,398,JOCKEY,国分恭介,,NAME_KEY_ONLY_UNVERIFIED_OFFICIAL_ID,"{""競馬場"":"""",""芝/ダ"":"""",""馬場状態"":"""",""条件クラス"":""重賞"",""距離区分"":"""",""回り"":"""",""内外"":""""}",JOCKEY_COLUMNS,PARSED,,,,,,,,,,,WIN_ROI_PCT|PLACE_ROI_PCT|N_STARTS,UNKNOWN,サイト現行既定は「オッズ反比例の賭け金・固定払戻の意図」(WEB_DEFINITION)。CSV作成時点の方式である証明にはならない,EQUAL_STAKE|EQUAL_PAYOUT,Y,Y,YES_PUBLIC_SCOPE_UNRULED,120,,,,N_WEIGHTED_MEAN_OF_PCT: sum(ROI_i*n_i)/sum(n_i) を整数丸め,UNVERIFIED_AGGREGATION,LEGACY_JOCKEY_CODE,二重丸め(掲載値が整数%＋加重平均後に再度整数丸め),,,,,UNKNOWN,,DB_KEIBA,roi_presence_raw と完全に1対1でROI記入の有無の言い換え。行の出所ではない,15,,,UNVERIFIED(表示基準日がページ間で不一致: トップ2026-08-16/使い方2026-05-17),(リスト列なし=騎手表),,HOLD_MERGE+HOLD_METHOD+HOLD_ASOF+HOLD_ID,①購入方式の確定 ②分母(賭け金総額・払戻総額)の入手 ③加重平均の再現可否検証 ④場/距離/回りの重複排除
rec_2dd645c893b95832a8ef71f1765686a31d073b6f7e9cadf91dd96e779436b7ff,PRIMARY_JOCKEY,JockeyROI_連結済み_20260719_卍のみ_pre実測_backup.csv,399,JOCKEY,岩田康誠,,NAME_KEY_ONLY_UNVERIFIED_OFFICIAL_ID,"{""競馬場"":"""",""芝/ダ"":"""",""馬場状態"":"""",""条件クラス"":""重賞"",""距離区分"":"""",""回り"":"""",""内外"":""""}",JOCKEY_COLUMNS,PARSED,,,,,,,,,,,WIN_ROI_PCT|PLACE_ROI_PCT|N_STARTS,UNKNOWN,サイト現行既定は「オッズ反比例の賭け金・固定払戻の意図」(WEB_DEFINITION)。CSV作成時点の方式である証明にはならない,EQUAL_STAKE|EQUAL_PAYOUT,Y,Y,YES_PUBLIC_SCOPE_UNRULED,362,,,,N_WEIGHTED_MEAN_OF_PCT: sum(ROI_i*n_i)/sum(n_i) を整数丸め,UNVERIFIED_AGGREGATION,LEGACY_JOCKEY_CODE,二重丸め(掲載値が整数%＋加重平均後に再度整数丸め),,,,,UNKNOWN,,DB_KEIBA,roi_presence_raw と完全に1対1でROI記入の有無の言い換え。行の出所ではない,1,,,UNVERIFIED(表示基準日がページ間で不一致: トップ2026-08-16/使い方2026-05-17),(リスト列なし=騎手表),,HOLD_MERGE+HOLD_METHOD+HOLD_ASOF+HOLD_ID,①購入方式の確定 ②分母(賭け金総額・払戻総額)の入手 ③加重平均の再現可否検証 ④場/距離/回りの重複排除
rec_58c1191926a8d4f7cc6d261805dd0ba03f89c3af5440a7ca7ce56ac9fc7698a5,PRIMARY_JOCKEY,JockeyROI_連結済み_20260719_卍のみ_pre実測_backup.csv,400,JOCKEY,西村淳也,,NAME_KEY_ONLY_UNVERIFIED_OFFICIAL_ID,"{""競馬場"":"""",""芝/ダ"":"""",""馬場状態"":"""",""条件クラス"":""重賞"",""距離区分"":"""",""回り"":"""",""内外"":""""}",JOCKEY_COLUMNS,PARSED,,,,,,,,,,,WIN_ROI_PCT|PLACE_ROI_PCT|N_STARTS,UNKNOWN,サイト現行既定は「オッズ反比例の賭け金・固定払戻の意図」(WEB_DEFINITION)。CSV作成時点の方式である証明にはならない,EQUAL_STAKE|EQUAL_PAYOUT,Y,Y,YES_PUBLIC_SCOPE_UNRULED,336,,,,N_WEIGHTED_MEAN_OF_PCT: sum(ROI_i*n_i)/sum(n_i) を整数丸め,UNVERIFIED_AGGREGATION,LEGACY_JOCKEY_CODE,二重丸め(掲載値が整数%＋加重平均後に再度整数丸め),,,,,UNKNOWN,,DB_KEIBA,roi_presence_raw と完全に1対1でROI記入の有無の言い換え。行の出所ではない,1,,,UNVERIFIED(表示基準日がページ間で不一致: トップ2026-08-16/使い方2026-05-17),(リスト列なし=騎手表),,HOLD_MERGE+HOLD_METHOD+HOLD_ASOF+HOLD_ID,①購入方式の確定 ②分母(賭け金総額・払戻総額)の入手 ③加重平均の再現可否検証 ④場/距離/回りの重複排除
rec_159cb68fa52cdb12e6ac6f261e41038ca4379316aa895bc9b883c77b0e0a78a0,PRIMARY_JOCKEY,JockeyROI_連結済み_20260719_卍のみ_pre実測_backup.csv,401,JOCKEY,高杉吏麒,,NAME_KEY_ONLY_UNVERIFIED_OFFICIAL_ID,"{""競馬場"":"""",""芝/ダ"":"""",""馬場状態"":"""",""条件クラス"":""重賞"",""距離区分"":"""",""回り"":"""",""内外"":""""}",JOCKEY_COLUMNS,PARSED,,,,,,,,,,,WIN_ROI_PCT|PLACE_ROI_PCT|N_STARTS,UNKNOWN,サイト現行既定は「オッズ反比例の賭け金・固定払戻の意図」(WEB_DEFINITION)。CSV作成時点の方式である証明にはならない,EQUAL_STAKE|EQUAL_PAYOUT,Y,Y,YES_PUBLIC_SCOPE_UNRULED,78,,,,N_WEIGHTED_MEAN_OF_PCT: sum(ROI_i*n_i)/sum(n_i) を整数丸め,UNVERIFIED_AGGREGATION,LEGACY_JOCKEY_CODE,二重丸め(掲載値が整数%＋加重平均後に再度整数丸め),,,,,UNKNOWN,,DB_KEIBA,roi_presence_raw と完全に1対1でROI記入の有無の言い換え。行の出所ではない,21,,,UNVERIFIED(表示基準日がページ間で不一致: トップ2026-08-16/使い方2026-05-17),(リスト列なし=騎手表),,HOLD_MERGE+HOLD_METHOD+HOLD_ASOF+HOLD_ID,①購入方式の確定 ②分母(賭け金総額・払戻総額)の入手 ③加重平均の再現可否検証 ④場/距離/回りの重複排除
rec_1087b143b2fee09a33bf721b25930c50589977420e61ceafc783015becaaafd0,PRIMARY_JOCKEY,JockeyROI_連結済み_20260719_卍のみ_pre実測_backup.csv,402,JOCKEY,田口貫太,,NAME_KEY_ONLY_UNVERIFIED_OFFICIAL_ID,"{""競馬場"":"""",""芝/ダ"":"""",""馬場状態"":"""",""条件クラス"":""重賞"",""距離区分"":"""",""回り"":"""",""内外"":""""}",JOCKEY_COLUMNS,PARSED,,,,,,,,,,,WIN_ROI_PCT|PLACE_ROI_PCT|N_STARTS,UNKNOWN,サイト現行既定は「オッズ反比例の賭け金・固定払戻の意図」(WEB_DEFINITION)。CSV作成時点の方式である証明にはならない,EQUAL_STAKE|EQUAL_PAYOUT,Y,Y,YES_PUBLIC_SCOPE_UNRULED,130,,,,N_WEIGHTED_MEAN_OF_PCT: sum(ROI_i*n_i)/sum(n_i) を整数丸め,UNVERIFIED_AGGREGATION,LEGACY_JOCKEY_CODE,二重丸め(掲載値が整数%＋加重平均後に再度整数丸め),,,,,UNKNOWN,,DB_KEIBA,roi_presence_raw と完全に1対1でROI記入の有無の言い換え。行の出所ではない,10,,,UNVERIFIED(表示基準日がページ間で不一致: トップ2026-08-16/使い方2026-05-17),(リスト列なし=騎手表),,HOLD_MERGE+HOLD_METHOD+HOLD_ASOF+HOLD_ID,①購入方式の確定 ②分母(賭け金総額・払戻総額)の入手 ③加重平均の再現可否検証 ④場/距離/回りの重複排除
rec_4d125288e3869707cce7cf9870014506a1ed369d705263233edf4e21bdca9cba,PRIMARY_JOCKEY,JockeyROI_連結済み_20260719_卍のみ_pre実測_backup.csv,403,JOCKEY,池添謙一,,NAME_KEY_ONLY_UNVERIFIED_OFFICIAL_ID,"{""競馬場"":"""",""芝/ダ"":"""",""馬場状態"":"""",""条件クラス"":""重賞"",""距離区分"":"""",""回り"":"""",""内外"":""""}",JOCKEY_COLUMNS,PARSED,,,,,,,,,,,WIN_ROI_PCT|PLACE_ROI_PCT|N_STARTS,UNKNOWN,サイト現行既定は「オッズ反比例の賭け金・固定払戻の意図」(WEB_DEFINITION)。CSV作成時点の方式である証明にはならない,EQUAL_STAKE|EQUAL_PAYOUT,Y,Y,YES_PUBLIC_SCOPE_UNRULED,365,,,,N_WEIGHTED_MEAN_OF_PCT: sum(ROI_i*n_i)/sum(n_i) を整数丸め,UNVERIFIED_AGGREGATION,LEGACY_JOCKEY_CODE,二重丸め(掲載値が整数%＋加重平均後に再度整数丸め),,,,,UNKNOWN,,DB_KEIBA,roi_presence_raw と完全に1対1でROI記入の有無の言い換え。行の出所ではない,2,,,UNVERIFIED(表示基準日がページ間で不一致: トップ2026-08-16/使い方2026-05-17),(リスト列なし=騎手表),,HOLD_MERGE+HOLD_METHOD+HOLD_ASOF+HOLD_ID,①購入方式の確定 ②分母(賭け金総額・払戻総額)の入手 ③加重平均の再現可否検証 ④場/距離/回りの重複排除
rec_7b7abbf45671f748f9a5e979cc32ecec654302454cf88600f5ad02f02de984c4,PRIMARY_SIRE,SireCond_連結済み_20260701.csv,1,SIRE,モズアスコット,,NAME_KEY_ONLY_UNVERIFIED_OFFICIAL_ID,芝,NAMED_CONDITION,PARSED,https://db-keiba.com/stallion-mozuascot/,掲載表(見出し文字列は証跡JSONに未収録),2026-09-10T10:49:09+09:00,2026-05-24T00:00:00+0900,,,,evidence/web/WEB_SIRE.json,1175b1d697698ac0aade9fe09094a6ab698347fb3b5b0571412fb669cc43ea02,WEB_SIRE,WIN_ROI_PCT|PLACE_ROI_PCT|N_STARTS,UNKNOWN,サイト現行既定は「オッズ反比例の賭け金・固定払戻の意図」(WEB_DEFINITION)。CSV作成時点の方式である証明にはならない,EQUAL_STAKE|EQUAL_PAYOUT,Y,Y,YES_PUBLIC_SCOPE_UNRULED,260,,,,DIRECT_TABLE_READ(掲載値の直接転記・未照合),DIRECT_TABLE_CLAIM_UNVERIFIED,,掲載値の整数%,,芝,,,UNKNOWN,,DB_KEIBA,roi_presence_raw と完全に1対1でROI記入の有無の言い換え。行の出所ではない,16,,,UNVERIFIED(表示基準日がページ間で不一致: トップ2026-08-16/使い方2026-05-17),TOP10,,HOLD_METHOD+HOLD_ASOF+HOLD_ID,①購入方式の確定 ②集計期間の確定 ③公式IDでの名寄せ
rec_8434717a35c30403f1107f2a04b1e21a8c0b9d692fbe5f78eb7bb3ca2cb023dc,PRIMARY_SIRE,SireCond_連結済み_20260701.csv,2,SIRE,レイデオロ,,NAME_KEY_ONLY_UNVERIFIED_OFFICIAL_ID,芝,NAMED_CONDITION,PARSED,,,,,,,,,,,WIN_ROI_PCT|PLACE_ROI_PCT|N_STARTS,UNKNOWN,サイト現行既定は「オッズ反比例の賭け金・固定払戻の意図」(WEB_DEFINITION)。CSV作成時点の方式である証明にはならない,EQUAL_STAKE|EQUAL_PAYOUT,Y,Y,YES_PUBLIC_SCOPE_UNRULED,1024,,,,DIRECT_TABLE_READ(掲載値の直接転記・未照合),DIRECT_TABLE_CLAIM_UNVERIFIED,,掲載値の整数%,,芝,,,UNKNOWN,,DB_KEIBA,roi_presence_raw と完全に1対1でROI記入の有無の言い換え。行の出所ではない,8,,,UNVERIFIED(表示基準日がページ間で不一致: トップ2026-08-16/使い方2026-05-17),TOP10,,HOLD_METHOD+HOLD_ASOF+HOLD_ID,①購入方式の確定 ②集計期間の確定 ③公式IDでの名寄せ
rec_d08642f8fb72c6f615a52feb4b7e83142380cc3bb7290abf01b16e290a60084b,PRIMARY_SIRE,SireCond_連結済み_20260701.csv,3,SIRE,イスラボニータ,,NAME_KEY_ONLY_UNVERIFIED_OFFICIAL_ID,芝,NAMED_CONDITION,PARSED,,,,,,,,,,,WIN_ROI_PCT|PLACE_ROI_PCT|N_STARTS,UNKNOWN,サイト現行既定は「オッズ反比例の賭け金・固定払戻の意図」(WEB_DEFINITION)。CSV作成時点の方式である証明にはならない,EQUAL_STAKE|EQUAL_PAYOUT,Y,Y,YES_PUBLIC_SCOPE_UNRULED,1421,,,,DIRECT_TABLE_READ(掲載値の直接転記・未照合),DIRECT_TABLE_CLAIM_UNVERIFIED,,掲載値の整数%,,芝,,,UNKNOWN,,DB_KEIBA,roi_presence_raw と完全に1対1でROI記入の有無の言い換え。行の出所ではない,8,,,UNVERIFIED(表示基準日がページ間で不一致: トップ2026-08-16/使い方2026-05-17),TOP10,,HOLD_METHOD+HOLD_ASOF+HOLD_ID,①購入方式の確定 ②集計期間の確定 ③公式IDでの名寄せ
rec_d188aaedf937aae90e7408e3b341fc39bd82dda8cacce0cf3ce5d2e9a9f25235,PRIMARY_SIRE,SireCond_連結済み_20260701.csv,4,SIRE,キズナ,,NAME_KEY_ONLY_UNVERIFIED_OFFICIAL_ID,芝,NAMED_CONDITION,PARSED,,,,,,,,,,,WIN_ROI_PCT|PLACE_ROI_PCT|N_STARTS,UNKNOWN,サイト現行既定は「オッズ反比例の賭け金・固定払戻の意図」(WEB_DEFINITION)。CSV作成時点の方式である証明にはならない,EQUAL_STAKE|EQUAL_PAYOUT,Y,Y,YES_PUBLIC_SCOPE_UNRULED,4092,,,,DIRECT_TABLE_READ(掲載値の直接転記・未照合),DIRECT_TABLE_CLAIM_UNVERIFIED,,掲載値の整数%,,芝,,,UNKNOWN,,DB_KEIBA,roi_presence_raw と完全に1対1でROI記入の有無の言い換え。行の出所ではない,10,,,UNVERIFIED(表示基準日がページ間で不一致: トップ2026-08-16/使い方2026-05-17),TOP10,,HOLD_METHOD+HOLD_ASOF+HOLD_ID,①購入方式の確定 ②集計期間の確定 ③公式IDでの名寄せ
rec_1166bed2949d90cbe1f4b878611aa5aa069576d1bb298e52683a00076b17be56,PRIMARY_SIRE,SireCond_連結済み_20260701.csv,5,SIRE,シルバーステート,,NAME_KEY_ONLY_UNVERIFIED_OFFICIAL_ID,芝,NAMED_CONDITION,PARSED,,,,,,,,,,,WIN_ROI_PCT|PLACE_ROI_PCT|N_STARTS,UNKNOWN,サイト現行既定は「オッズ反比例の賭け金・固定払戻の意図」(WEB_DEFINITION)。CSV作成時点の方式である証明にはならない,EQUAL_STAKE|EQUAL_PAYOUT,Y,Y,YES_PUBLIC_SCOPE_UNRULED,2049,,,,DIRECT_TABLE_READ(掲載値の直接転記・未照合),DIRECT_TABLE_CLAIM_UNVERIFIED,,掲載値の整数%,,芝,,,UNKNOWN,,DB_KEIBA,roi_presence_raw と完全に1対1でROI記入の有無の言い換え。行の出所ではない,5,,,UNVERIFIED(表示基準日がページ間で不一致: トップ2026-08-16/使い方2026-05-17),TOP10,,HOLD_METHOD+HOLD_ASOF+HOLD_ID,①購入方式の確定 ②集計期間の確定 ③公式IDでの名寄せ
rec_64aaa6dc37198cf000409da384da77f4e5916b65cd64c5505ba00cd30eb038dd,PRIMARY_SIRE,SireCond_連結済み_20260701.csv,6,SIRE,ミッキーアイル,,NAME_KEY_ONLY_UNVERIFIED_OFFICIAL_ID,芝,NAMED_CONDITION,PARSED,,,,,,,,,,,WIN_ROI_PCT|PLACE_ROI_PCT|N_STARTS,UNKNOWN,サイト現行既定は「オッズ反比例の賭け金・固定払戻の意図」(WEB_DEFINITION)。CSV作成時点の方式である証明にはならない,EQUAL_STAKE|EQUAL_PAYOUT,Y,Y,YES_PUBLIC_SCOPE_UNRULED,1330,,,,DIRECT_TABLE_READ(掲載値の直接転記・未照合),DIRECT_TABLE_CLAIM_UNVERIFIED,,掲載値の整数%,,芝,,,UNKNOWN,,DB_KEIBA,roi_presence_raw と完全に1対1でROI記入の有無の言い換え。行の出所ではない,7,,,UNVERIFIED(表示基準日がページ間で不一致: トップ2026-08-16/使い方2026-05-17),TOP10,,HOLD_METHOD+HOLD_ASOF+HOLD_ID,①購入方式の確定 ②集計期間の確定 ③公式IDでの名寄せ
rec_c88b23dea4ae76121dc9149c4c06fa3a009d7c5dd902971ab84060e24f794524,PRIMARY_SIRE,SireCond_連結済み_20260701.csv,7,SIRE,スクリーンヒーロー,,NAME_KEY_ONLY_UNVERIFIED_OFFICIAL_ID,芝,NAMED_CONDITION,PARSED,,,,,,,,,,,WIN_ROI_PCT|PLACE_ROI_PCT|N_STARTS,UNKNOWN,サイト現行既定は「オッズ反比例の賭け金・固定払戻の意図」(WEB_DEFINITION)。CSV作成時点の方式である証明にはならない,EQUAL_STAKE|EQUAL_PAYOUT,Y,Y,YES_PUBLIC_SCOPE_UNRULED,1519,,,,DIRECT_TABLE_READ(掲載値の直接転記・未照合),DIRECT_TABLE_CLAIM_UNVERIFIED,,掲載値の整数%,,芝,,,UNKNOWN,,DB_KEIBA,roi_presence_raw と完全に1対1でROI記入の有無の言い換え。行の出所ではない,3,,,UNVERIFIED(表示基準日がページ間で不一致: トップ2026-08-16/使い方2026-05-17),TOP10,,HOLD_METHOD+HOLD_ASOF+HOLD_ID,①購入方式の確定 ②集計期間の確定 ③公式IDでの名寄せ
rec_f4811d2e34697ad9e04ccd6a45cfe4ef5a094d8a54b14b0d0cdea386bbf40ffe,PRIMARY_SIRE,SireCond_連結済み_20260701.csv,8,SIRE,ゴールドアクター,,NAME_KEY_ONLY_UNVERIFIED_OFFICIAL_ID,芝,NAMED_CONDITION,PARSED,,,,,,,,,,,WIN_ROI_PCT|PLACE_ROI_PCT|N_STARTS,UNKNOWN,サイト現行既定は「オッズ反比例の賭け金・固定払戻の意図」(WEB_DEFINITION)。CSV作成時点の方式である証明にはならない,EQUAL_STAKE|EQUAL_PAYOUT,Y,Y,YES_PUBLIC_SCOPE_UNRULED,238,,,,DIRECT_TABLE_READ(掲載値の直接転記・未照合),DIRECT_TABLE_CLAIM_UNVERIFIED,,掲載値の整数%,,芝,,,UNKNOWN,,DB_KEIBA,roi_presence_raw と完全に1対1でROI記入の有無の言い換え。行の出所ではない,8,,,UNVERIFIED(表示基準日がページ間で不一致: トップ2026-08-16/使い方2026-05-17),TOP10,,HOLD_METHOD+HOLD_ASOF+HOLD_ID,①購入方式の確定 ②集計期間の確定 ③公式IDでの名寄せ
rec_2bf2b2597f43aff67624ab346ebbd0f1e132da628530ea88de222090821a0acd,PRIMARY_SIRE,SireCond_連結済み_20260701.csv,9,SIRE,フィエールマン,,NAME_KEY_ONLY_UNVERIFIED_OFFICIAL_ID,芝,NAMED_CONDITION,PARSED,,,,,,,,,,,WIN_ROI_PCT|PLACE_ROI_PCT|N_STARTS,UNKNOWN,サイト現行既定は「オッズ反比例の賭け金・固定払戻の意図」(WEB_DEFINITION)。CSV作成時点の方式である証明にはならない,EQUAL_STAKE|EQUAL_PAYOUT,Y,Y,YES_PUBLIC_SCOPE_UNRULED,337,,,,DIRECT_TABLE_READ(掲載値の直接転記・未照合),DIRECT_TABLE_CLAIM_UNVERIFIED,,掲載値の整数%,,芝,,,UNKNOWN,,DB_KEIBA,roi_presence_raw と完全に1対1でROI記入の有無の言い換え。行の出所ではない,5,,,UNVERIFIED(表示基準日がページ間で不一致: トップ2026-08-16/使い方2026-05-17),TOP10,,HOLD_METHOD+HOLD_ASOF+HOLD_ID,①購入方式の確定 ②集計期間の確定 ③公式IDでの名寄せ
rec_8bf69ab6bf85b888c35f0abeb34d4524b38690e6e60b069ec8c56ae7d6d631aa,PRIMARY_SIRE,SireCond_連結済み_20260701.csv,10,SIRE,ネロ,,NAME_KEY_ONLY_UNVERIFIED_OFFICIAL_ID,芝,NAMED_CONDITION,PARSED,,,,,,,,,,,WIN_ROI_PCT|PLACE_ROI_PCT|N_STARTS,UNKNOWN,サイト現行既定は「オッズ反比例の賭け金・固定払戻の意図」(WEB_DEFINITION)。CSV作成時点の方式である証明にはならない,EQUAL_STAKE|EQUAL_PAYOUT,Y,Y,YES_PUBLIC_SCOPE_UNRULED,161,,,,DIRECT_TABLE_READ(掲載値の直接転記・未照合),DIRECT_TABLE_CLAIM_UNVERIFIED,,掲載値の整数%,,芝,,,UNKNOWN,,DB_KEIBA,roi_presence_raw と完全に1対1でROI記入の有無の言い換え。行の出所ではない,3,,,UNVERIFIED(表示基準日がページ間で不一致: トップ2026-08-16/使い方2026-05-17),TOP10,,HOLD_METHOD+HOLD_ASOF+HOLD_ID,①購入方式の確定 ②集計期間の確定 ③公式IDでの名寄せ
rec_5370e53d7ac8c5dde0f4ac6b2c6e5442838250079ba3e67c7c905253a0ad9f43,PRIMARY_SIRE,SireCond_連結済み_20260701.csv,11,SIRE,ノーブルミッション,,NAME_KEY_ONLY_UNVERIFIED_OFFICIAL_ID,芝,NAMED_CONDITION,PARSED,,,,,,,,,,,WIN_ROI_PCT|PLACE_ROI_PCT|N_STARTS,UNKNOWN,サイト現行既定は「オッズ反比例の賭け金・固定払戻の意図」(WEB_DEFINITION)。CSV作成時点の方式である証明にはならない,EQUAL_STAKE|EQUAL_PAYOUT,Y,Y,YES_PUBLIC_SCOPE_UNRULED,208,,,,DIRECT_TABLE_READ(掲載値の直接転記・未照合),DIRECT_TABLE_CLAIM_UNVERIFIED,,掲載値の整数%,,芝,,,UNKNOWN,,DB_KEIBA,roi_presence_raw と完全に1対1でROI記入の有無の言い換え。行の出所ではない,15,,,UNVERIFIED(表示基準日がページ間で不一致: トップ2026-08-16/使い方2026-05-17),ワースト3,,HOLD_METHOD+HOLD_ASOF+HOLD_ID,①購入方式の確定 ②集計期間の確定 ③公式IDでの名寄せ
rec_c5caedbfec9f24e48844d02a29555a2918002d49b07d0d08855a2b9cadebbb26,PRIMARY_SIRE,SireCond_連結済み_20260701.csv,12,SIRE,エピファネイア,,NAME_KEY_ONLY_UNVERIFIED_OFFICIAL_ID,芝,NAMED_CONDITION,PARSED,,,,,,,,,,,WIN_ROI_PCT|PLACE_ROI_PCT|N_STARTS,UNKNOWN,サイト現行既定は「オッズ反比例の賭け金・固定払戻の意図」(WEB_DEFINITION)。CSV作成時点の方式である証明にはならない,EQUAL_STAKE|EQUAL_PAYOUT,Y,Y,YES_PUBLIC_SCOPE_UNRULED,4487,,,,DIRECT_TABLE_READ(掲載値の直接転記・未照合),DIRECT_TABLE_CLAIM_UNVERIFIED,,掲載値の整数%,,芝,,,UNKNOWN,,DB_KEIBA,roi_presence_raw と完全に1対1でROI記入の有無の言い換え。行の出所ではない,13,,,UNVERIFIED(表示基準日がページ間で不一致: トップ2026-08-16/使い方2026-05-17),ワースト3,,HOLD_METHOD+HOLD_ASOF+HOLD_ID,①購入方式の確定 ②集計期間の確定 ③公式IDでの名寄せ
rec_6f688830bceb0179e0e2a69d080ff661eb552fc4f7de229cbc51c3eb35cd2038,PRIMARY_SIRE,SireCond_連結済み_20260701.csv,13,SIRE,アドマイヤマーズ,,NAME_KEY_ONLY_UNVERIFIED_OFFICIAL_ID,芝,NAMED_CONDITION,PARSED,,,,,,,,,,,WIN_ROI_PCT|PLACE_ROI_PCT|N_STARTS,UNKNOWN,サイト現行既定は「オッズ反比例の賭け金・固定払戻の意図」(WEB_DEFINITION)。CSV作成時点の方式である証明にはならない,EQUAL_STAKE|EQUAL_PAYOUT,Y,Y,YES_PUBLIC_SCOPE_UNRULED,335,,,,DIRECT_TABLE_READ(掲載値の直接転記・未照合),DIRECT_TABLE_CLAIM_UNVERIFIED,,掲載値の整数%,,芝,,,UNKNOWN,,DB_KEIBA,roi_presence_raw と完全に1対1でROI記入の有無の言い換え。行の出所ではない,4,,,UNVERIFIED(表示基準日がページ間で不一致: トップ2026-08-16/使い方2026-05-17),ワースト3,,HOLD_METHOD+HOLD_ASOF+HOLD_ID,①購入方式の確定 ②集計期間の確定 ③公式IDでの名寄せ
rec_139d4d72e7e5a246011ea5c35c990fbac24d1b739715aeef7773433d719cc141,PRIMARY_SIRE,SireCond_連結済み_20260701.csv,14,SIRE,ルヴァンスレーヴ,,NAME_KEY_ONLY_UNVERIFIED_OFFICIAL_ID,ダート,NAMED_CONDITION,PARSED,,,,,,,,,,,WIN_ROI_PCT|PLACE_ROI_PCT|N_STARTS,UNKNOWN,サイト現行既定は「オッズ反比例の賭け金・固定払戻の意図」(WEB_DEFINITION)。CSV作成時点の方式である証明にはならない,EQUAL_STAKE|EQUAL_PAYOUT,Y,Y,YES_PUBLIC_SCOPE_UNRULED,718,,,,DIRECT_TABLE_READ(掲載値の直接転記・未照合),DIRECT_TABLE_CLAIM_UNVERIFIED,,掲載値の整数%,,ダート,,,UNKNOWN,,DB_KEIBA,roi_presence_raw と完全に1対1でROI記入の有無の言い換え。行の出所ではない,19,,,UNVERIFIED(表示基準日がページ間で不一致: トップ2026-08-16/使い方2026-05-17),TOP10,,HOLD_METHOD+HOLD_ASOF+HOLD_ID,①購入方式の確定 ②集計期間の確定 ③公式IDでの名寄せ
rec_34c02cc9ab08159540ef0b2452ad86ae3c3a554f11b586d670ba9cb015150a5f,PRIMARY_SIRE,SireCond_連結済み_20260701.csv,15,SIRE,シニスターミニスター,,NAME_KEY_ONLY_UNVERIFIED_OFFICIAL_ID,ダート,NAMED_CONDITION,PARSED,,,,,,,,,,,WIN_ROI_PCT|PLACE_ROI_PCT|N_STARTS,UNKNOWN,サイト現行既定は「オッズ反比例の賭け金・固定払戻の意図」(WEB_DEFINITION)。CSV作成時点の方式である証明にはならない,EQUAL_STAKE|EQUAL_PAYOUT,Y,Y,YES_PUBLIC_SCOPE_UNRULED,2834,,,,DIRECT_TABLE_READ(掲載値の直接転記・未照合),DIRECT_TABLE_CLAIM_UNVERIFIED,,掲載値の整数%,,ダート,,,UNKNOWN,,DB_KEIBA,roi_presence_raw と完全に1対1でROI記入の有無の言い換え。行の出所ではない,12,,,UNVERIFIED(表示基準日がページ間で不一致: トップ2026-08-16/使い方2026-05-17),TOP10,,HOLD_METHOD+HOLD_ASOF+HOLD_ID,①購入方式の確定 ②集計期間の確定 ③公式IDでの名寄せ
rec_a210d05099c3254375ca16a42fbb1e8375c3f4e197e5e1024d43291f3fb2d625,PRIMARY_SIRE,SireCond_連結済み_20260701.csv,16,SIRE,ドレフォン,,NAME_KEY_ONLY_UNVERIFIED_OFFICIAL_ID,ダート,NAMED_CONDITION,PARSED,,,,,,,,,,,WIN_ROI_PCT|PLACE_ROI_PCT|N_STARTS,UNKNOWN,サイト現行既定は「オッズ反比例の賭け金・固定払戻の意図」(WEB_DEFINITION)。CSV作成時点の方式である証明にはならない,EQUAL_STAKE|EQUAL_PAYOUT,Y,Y,YES_PUBLIC_SCOPE_UNRULED,3022,,,,DIRECT_TABLE_READ(掲載値の直接転記・未照合),DIRECT_TABLE_CLAIM_UNVERIFIED,,掲載値の整数%,,ダート,,,UNKNOWN,,DB_KEIBA,roi_presence_raw と完全に1対1でROI記入の有無の言い換え。行の出所ではない,18,,,UNVERIFIED(表示基準日がページ間で不一致: トップ2026-08-16/使い方2026-05-17),TOP10,,HOLD_METHOD+HOLD_ASOF+HOLD_ID,①購入方式の確定 ②集計期間の確定 ③公式IDでの名寄せ
rec_d5bfb971acc3de5f917e53fdfa0ac6f381c98b7ca2121acd031238fe735ca323,PRIMARY_SIRE,SireCond_連結済み_20260701.csv,17,SIRE,ダノンレジェンド,,NAME_KEY_ONLY_UNVERIFIED_OFFICIAL_ID,ダート,NAMED_CONDITION,PARSED,,,,,,,,,,,WIN_ROI_PCT|PLACE_ROI_PCT|N_STARTS,UNKNOWN,サイト現行既定は「オッズ反比例の賭け金・固定払戻の意図」(WEB_DEFINITION)。CSV作成時点の方式である証明にはならない,EQUAL_STAKE|EQUAL_PAYOUT,Y,Y,YES_PUBLIC_SCOPE_UNRULED,1205,,,,DIRECT_TABLE_READ(掲載値の直接転記・未照合),DIRECT_TABLE_CLAIM_UNVERIFIED,,掲載値の整数%,,ダート,,,UNKNOWN,,DB_KEIBA,roi_presence_raw と完全に1対1でROI記入の有無の言い換え。行の出所ではない,6,,,UNVERIFIED(表示基準日がページ間で不一致: トップ2026-08-16/使い方2026-05-17),TOP10,,HOLD_METHOD+HOLD_ASOF+HOLD_ID,①購入方式の確定 ②集計期間の確定 ③公式IDでの名寄せ
rec_7a242724281952b245291ae124cb14f443f1bb6757c004627088c06e3a85edba,PRIMARY_SIRE,SireCond_連結済み_20260701.csv,18,SIRE,サンダースノー,,NAME_KEY_ONLY_UNVERIFIED_OFFICIAL_ID,ダート,NAMED_CONDITION,PARSED,,,,,,,,,,,WIN_ROI_PCT|PLACE_ROI_PCT|N_STARTS,UNKNOWN,サイト現行既定は「オッズ反比例の賭け金・固定払戻の意図」(WEB_DEFINITION)。CSV作成時点の方式である証明にはならない,EQUAL_STAKE|EQUAL_PAYOUT,Y,Y,YES_PUBLIC_SCOPE_UNRULED,693,,,,DIRECT_TABLE_READ(掲載値の直接転記・未照合),DIRECT_TABLE_CLAIM_UNVERIFIED,,掲載値の整数%,,ダート,,,UNKNOWN,,DB_KEIBA,roi_presence_raw と完全に1対1でROI記入の有無の言い換え。行の出所ではない,10,,,UNVERIFIED(表示基準日がページ間で不一致: トップ2026-08-16/使い方2026-05-17),TOP10,,HOLD_METHOD+HOLD_ASOF+HOLD_ID,①購入方式の確定 ②集計期間の確定 ③公式IDでの名寄せ
rec_698c4c89c07f60db6362c1cd88e573d956bcd7cce96a945893702b0c3cb9abe6,PRIMARY_SIRE,SireCond_連結済み_20260701.csv,19,SIRE,シスキン,,NAME_KEY_ONLY_UNVERIFIED_OFFICIAL_ID,ダート,NAMED_CONDITION,PARSED,,,,,,,,,,,WIN_ROI_PCT|PLACE_ROI_PCT|N_STARTS,UNKNOWN,サイト現行既定は「オッズ反比例の賭け金・固定払戻の意図」(WEB_DEFINITION)。CSV作成時点の方式である証明にはならない,EQUAL_STAKE|EQUAL_PAYOUT,Y,Y,YES_PUBLIC_SCOPE_UNRULED,15,,,,DIRECT_TABLE_READ(掲載値の直接転記・未照合),DIRECT_TABLE_CLAIM_UNVERIFIED,,掲載値の整数%,,ダート,,,UNKNOWN,,DB_KEIBA,roi_presence_raw と完全に1対1でROI記入の有無の言い換え。行の出所ではない,6,,,UNVERIFIED(表示基準日がページ間で不一致: トップ2026-08-16/使い方2026-05-17),TOP10,,HOLD_METHOD+HOLD_ASOF+HOLD_ID,①購入方式の確定 ②集計期間の確定 ③公式IDでの名寄せ
rec_02b18a2f0c1ab8bb1cf61385754b04878d091c21f086f595c9e58aed280270d3,PRIMARY_SIRE,SireCond_連結済み_20260701.csv,20,SIRE,モズアスコット,,NAME_KEY_ONLY_UNVERIFIED_OFFICIAL_ID,ダート,NAMED_CONDITION,PARSED,https://db-keiba.com/stallion-mozuascot/,掲載表(見出し文字列は証跡JSONに未収録),2026-09-10T10:49:09+09:00,2026-05-24T00:00:00+0900,,,,evidence/web/WEB_SIRE.json,1175b1d697698ac0aade9fe09094a6ab698347fb3b5b0571412fb669cc43ea02,WEB_SIRE_TABLE_002,WIN_ROI_PCT|PLACE_ROI_PCT|N_STARTS,UNKNOWN,サイト現行既定は「オッズ反比例の賭け金・固定払戻の意図」(WEB_DEFINITION)。CSV作成時点の方式である証明にはならない,EQUAL_STAKE|EQUAL_PAYOUT,Y,Y,YES_PUBLIC_SCOPE_UNRULED,374,,,,DIRECT_TABLE_READ(掲載値の直接転記・未照合),DIRECT_TABLE_CLAIM_UNVERIFIED,,掲載値の整数%,,ダート,,,UNKNOWN,,DB_KEIBA,roi_presence_raw と完全に1対1でROI記入の有無の言い換え。行の出所ではない,16,,,UNVERIFIED(表示基準日がページ間で不一致: トップ2026-08-16/使い方2026-05-17),TOP10,,HOLD_METHOD+HOLD_ASOF+HOLD_ID,①購入方式の確定 ②集計期間の確定 ③公式IDでの名寄せ
rec_dbab34f53c6c7f40a3961da4ea3696651115f7c7fb713fcda511ca6ad60c31fd,PRIMARY_SIRE,SireCond_連結済み_20260701.csv,21,SIRE,モーニン,,NAME_KEY_ONLY_UNVERIFIED_OFFICIAL_ID,ダート,NAMED_CONDITION,PARSED,,,,,,,,,,,WIN_ROI_PCT|PLACE_ROI_PCT|N_STARTS,UNKNOWN,サイト現行既定は「オッズ反比例の賭け金・固定払戻の意図」(WEB_DEFINITION)。CSV作成時点の方式である証明にはならない,EQUAL_STAKE|EQUAL_PAYOUT,Y,Y,YES_PUBLIC_SCOPE_UNRULED,497,,,,DIRECT_TABLE_READ(掲載値の直接転記・未照合),DIRECT_TABLE_CLAIM_UNVERIFIED,,掲載値の整数%,,ダート,,,UNKNOWN,,DB_KEIBA,roi_presence_raw と完全に1対1でROI記入の有無の言い換え。行の出所ではない,3,,,UNVERIFIED(表示基準日がページ間で不一致: トップ2026-08-16/使い方2026-05-17),TOP10,,HOLD_METHOD+HOLD_ASOF+HOLD_ID,①購入方式の確定 ②集計期間の確定 ③公式IDでの名寄せ
rec_d72b66d74420e5e4aaab71b164b72832a7e0c0d739d250914f70484c46cee030,PRIMARY_SIRE,SireCond_連結済み_20260701.csv,22,SIRE,ミスチヴィアスアレックス,,NAME_KEY_ONLY_UNVERIFIED_OFFICIAL_ID,ダート,NAMED_CONDITION,PARSED,,,,,,,,,,,WIN_ROI_PCT|PLACE_ROI_PCT|N_STARTS,UNKNOWN,サイト現行既定は「オッズ反比例の賭け金・固定払戻の意図」(WEB_DEFINITION)。CSV作成時点の方式である証明にはならない,EQUAL_STAKE|EQUAL_PAYOUT,Y,Y,YES_PUBLIC_SCOPE_UNRULED,66,,,,DIRECT_TABLE_READ(掲載値の直接転記・未照合),DIRECT_TABLE_CLAIM_UNVERIFIED,,掲載値の整数%,,ダート,,,UNKNOWN,,DB_KEIBA,roi_presence_raw と完全に1対1でROI記入の有無の言い換え。行の出所ではない,8,,,UNVERIFIED(表示基準日がページ間で不一致: トップ2026-08-16/使い方2026-05-17),TOP10,,HOLD_METHOD+HOLD_ASOF+HOLD_ID,①購入方式の確定 ②集計期間の確定 ③公式IDでの名寄せ
rec_d2943a1e325a4f04a4be419be14f5b9bffa3ebfb59e70689bc9507417f4572d0,PRIMARY_SIRE,SireCond_連結済み_20260701.csv,23,SIRE,フォーウィールドライブ,,NAME_KEY_ONLY_UNVERIFIED_OFFICIAL_ID,ダート,NAMED_CONDITION,PARSED,,,,,,,,,,,WIN_ROI_PCT|PLACE_ROI_PCT|N_STARTS,UNKNOWN,サイト現行既定は「オッズ反比例の賭け金・固定払戻の意図」(WEB_DEFINITION)。CSV作成時点の方式である証明にはならない,EQUAL_STAKE|EQUAL_PAYOUT,Y,Y,YES_PUBLIC_SCOPE_UNRULED,316,,,,DIRECT_TABLE_READ(掲載値の直接転記・未照合),DIRECT_TABLE_CLAIM_UNVERIFIED,,掲載値の整数%,,ダート,,,UNKNOWN,,DB_KEIBA,roi_presence_raw と完全に1対1でROI記入の有無の言い換え。行の出所ではない,9,,,UNVERIFIED(表示基準日がページ間で不一致: トップ2026-08-16/使い方2026-05-17),TOP10,,HOLD_METHOD+HOLD_ASOF+HOLD_ID,①購入方式の確定 ②集計期間の確定 ③公式IDでの名寄せ
rec_888e66b336eaf1bb448f5d8d6294f8e844a76e9ffe28c4040ca2c247bf065fda,PRIMARY_SIRE,SireCond_連結済み_20260701.csv,24,SIRE,ノーブルミッション,,NAME_KEY_ONLY_UNVERIFIED_OFFICIAL_ID,ダート,NAMED_CONDITION,PARSED,,,,,,,,,,,WIN_ROI_PCT|PLACE_ROI_PCT|N_STARTS,UNKNOWN,サイト現行既定は「オッズ反比例の賭け金・固定払戻の意図」(WEB_DEFINITION)。CSV作成時点の方式である証明にはならない,EQUAL_STAKE|EQUAL_PAYOUT,Y,Y,YES_PUBLIC_SCOPE_UNRULED,126,,,,DIRECT_TABLE_READ(掲載値の直接転記・未照合),DIRECT_TABLE_CLAIM_UNVERIFIED,,掲載値の整数%,,ダート,,,UNKNOWN,,DB_KEIBA,roi_presence_raw と完全に1対1でROI記入の有無の言い換え。行の出所ではない,15,,,UNVERIFIED(表示基準日がページ間で不一致: トップ2026-08-16/使い方2026-05-17),ワースト3,,HOLD_METHOD+HOLD_ASOF+HOLD_ID,①購入方式の確定 ②集計期間の確定 ③公式IDでの名寄せ
rec_7ec69be6b291e297d7482f78d033f20e27473329fa81616930b29cb4588c6925,PRIMARY_SIRE,SireCond_連結済み_20260701.csv,25,SIRE,サートゥルナーリア,,NAME_KEY_ONLY_UNVERIFIED_OFFICIAL_ID,ダート,NAMED_CONDITION,PARSED,,,,,,,,,,,WIN_ROI_PCT|PLACE_ROI_PCT|N_STARTS,UNKNOWN,サイト現行既定は「オッズ反比例の賭け金・固定払戻の意図」(WEB_DEFINITION)。CSV作成時点の方式である証明にはならない,EQUAL_STAKE|EQUAL_PAYOUT,Y,Y,YES_PUBLIC_SCOPE_UNRULED,216,,,,DIRECT_TABLE_READ(掲載値の直接転記・未照合),DIRECT_TABLE_CLAIM_UNVERIFIED,,掲載値の整数%,,ダート,,,UNKNOWN,,DB_KEIBA,roi_presence_raw と完全に1対1でROI記入の有無の言い換え。行の出所ではない,6,,,UNVERIFIED(表示基準日がページ間で不一致: トップ2026-08-16/使い方2026-05-17),ワースト3,,HOLD_METHOD+HOLD_ASOF+HOLD_ID,①購入方式の確定 ②集計期間の確定 ③公式IDでの名寄せ
rec_31bb5661822c934b1a18eb8d612ba28741511a669015858c418b54480c01be68,PRIMARY_SIRE,SireCond_連結済み_20260701.csv,26,SIRE,モーリス,,NAME_KEY_ONLY_UNVERIFIED_OFFICIAL_ID,ダート,NAMED_CONDITION,PARSED,,,,,,,,,,,WIN_ROI_PCT|PLACE_ROI_PCT|N_STARTS,UNKNOWN,サイト現行既定は「オッズ反比例の賭け金・固定払戻の意図」(WEB_DEFINITION)。CSV作成時点の方式である証明にはならない,EQUAL_STAKE|EQUAL_PAYOUT,Y,Y,YES_PUBLIC_SCOPE_UNRULED,1497,,,,DIRECT_TABLE_READ(掲載値の直接転記・未照合),DIRECT_TABLE_CLAIM_UNVERIFIED,,掲載値の整数%,,ダート,,,UNKNOWN,,DB_KEIBA,roi_presence_raw と完全に1対1でROI記入の有無の言い換え。行の出所ではない,7,,,UNVERIFIED(表示基準日がページ間で不一致: トップ2026-08-16/使い方2026-05-17),ワースト3,,HOLD_METHOD+HOLD_ASOF+HOLD_ID,①購入方式の確定 ②集計期間の確定 ③公式IDでの名寄せ
rec_79f64fe107d0a3978679fc40ff5e2e3ca8e69ed970bed735853559eb9c87ee10,PRIMARY_SIRE,SireCond_連結済み_20260701.csv,27,SIRE,キズナ,,NAME_KEY_ONLY_UNVERIFIED_OFFICIAL_ID,障害,NAMED_CONDITION,PARSED,,,,,,,,,,,,UNKNOWN,,,N,N,NOT_APPLICABLE,,,,,,NOT_APPLICABLE_NO_ROI,,,,障害,,,UNKNOWN,,BOOK_OR_UNSPECIFIED_ROI_SOURCE,roi_presence_raw と完全に1対1でROI記入の有無の言い換え。行の出所ではない,10,,,UNVERIFIED(表示基準日がページ間で不一致: トップ2026-08-16/使い方2026-05-17),TOP10,MISSING_ROI,NOT_AVAILABLE,原表と方式を入手するまで使用しない。原行は保持
rec_a32d9f417aa690576da57439baeb12ca3b0853adef73782a03e50a996a7ea6b1,PRIMARY_SIRE,SireCond_連結済み_20260701.csv,28,SIRE,エイシンヒカリ,,NAME_KEY_ONLY_UNVERIFIED_OFFICIAL_ID,障害,NAMED_CONDITION,PARSED,,,,,,,,,,,,UNKNOWN,,,N,N,NOT_APPLICABLE,,,,,,NOT_APPLICABLE_NO_ROI,,,,障害,,,UNKNOWN,,BOOK_OR_UNSPECIFIED_ROI_SOURCE,roi_presence_raw と完全に1対1でROI記入の有無の言い換え。行の出所ではない,3,,,UNVERIFIED(表示基準日がページ間で不一致: トップ2026-08-16/使い方2026-05-17),TOP10,MISSING_ROI,NOT_AVAILABLE,原表と方式を入手するまで使用しない。原行は保持
rec_da4cc8fa7ec54fe1ccfbaf265a44df101b038a401b93521ed137c968ecacfb07,PRIMARY_SIRE,SireCond_連結済み_20260701.csv,29,SIRE,サトノダイヤモンド,,NAME_KEY_ONLY_UNVERIFIED_OFFICIAL_ID,障害,NAMED_CONDITION,PARSED,,,,,,,,,,,,UNKNOWN,,,N,N,NOT_APPLICABLE,,,,,,NOT_APPLICABLE_NO_ROI,,,,障害,,,UNKNOWN,,BOOK_OR_UNSPECIFIED_ROI_SOURCE,roi_presence_raw と完全に1対1でROI記入の有無の言い換え。行の出所ではない,3,,,UNVERIFIED(表示基準日がページ間で不一致: トップ2026-08-16/使い方2026-05-17),TOP10,MISSING_ROI,NOT_AVAILABLE,原表と方式を入手するまで使用しない。原行は保持
rec_d89eed81f2c5e4367030ea9e0d3865ef4a7aeb24edc74cf7259c60500b69bfa7,PRIMARY_SIRE,SireCond_連結済み_20260701.csv,30,SIRE,スワーヴリチャード,,NAME_KEY_ONLY_UNVERIFIED_OFFICIAL_ID,障害,NAMED_CONDITION,PARSED,,,,,,,,,,,,UNKNOWN,,,N,N,NOT_APPLICABLE,,,,,,NOT_APPLICABLE_NO_ROI,,,,障害,,,UNKNOWN,,BOOK_OR_UNSPECIFIED_ROI_SOURCE,roi_presence_raw と完全に1対1でROI記入の有無の言い換え。行の出所ではない,2,,,UNVERIFIED(表示基準日がページ間で不一致: トップ2026-08-16/使い方2026-05-17),TOP10,MISSING_ROI,NOT_AVAILABLE,原表と方式を入手するまで使用しない。原行は保持
rec_22c7dc66ead72ac4e6351e6b8f9a9ed0bb57fdc5a26c85a06938b6b39d3f4b1a,PRIMARY_SIRE,SireCond_連結済み_20260701.csv,31,SIRE,アメリカンペイトリオット,,NAME_KEY_ONLY_UNVERIFIED_OFFICIAL_ID,障害,NAMED_CONDITION,PARSED,,,,,,,,,,,,UNKNOWN,,,N,N,NOT_APPLICABLE,,,,,,NOT_APPLICABLE_NO_ROI,,,,障害,,,UNKNOWN,,BOOK_OR_UNSPECIFIED_ROI_SOURCE,roi_presence_raw と完全に1対1でROI記入の有無の言い換え。行の出所ではない,4,,,UNVERIFIED(表示基準日がページ間で不一致: トップ2026-08-16/使い方2026-05-17),TOP10,MISSING_ROI,NOT_AVAILABLE,原表と方式を入手するまで使用しない。原行は保持
rec_b6e164c1e2a10e33742e3334c28e74a40bc7a1c4273f8dfdab48278f472c0a59,PRIMARY_SIRE,SireCond_連結済み_20260701.csv,32,SIRE,Golden Horn,,NAME_KEY_ONLY_UNVERIFIED_OFFICIAL_ID,障害,NAMED_CONDITION,PARSED,,,,,,,,,,,,UNKNOWN,,,N,N,NOT_APPLICABLE,,,,,,NOT_APPLICABLE_NO_ROI,,,,障害,,,UNKNOWN,,BOOK_OR_UNSPECIFIED_ROI_SOURCE,roi_presence_raw と完全に1対1でROI記入の有無の言い換え。行の出所ではない,1,,,UNVERIFIED(表示基準日がページ間で不一致: トップ2026-08-16/使い方2026-05-17),TOP10,MISSING_ROI,NOT_AVAILABLE,原表と方式を入手するまで使用しない。原行は保持
rec_97a70281ae6a16c4ac9978ff93c1a002aa51a290c5079fa633e58aa347dc966b,PRIMARY_SIRE,SireCond_連結済み_20260701.csv,33,SIRE,キタサンブラック,,NAME_KEY_ONLY_UNVERIFIED_OFFICIAL_ID,障害,NAMED_CONDITION,PARSED,,,,,,,,,,,,UNKNOWN,,,N,N,NOT_APPLICABLE,,,,,,NOT_APPLICABLE_NO_ROI,,,,障害,,,UNKNOWN,,BOOK_OR_UNSPECIFIED_ROI_SOURCE,roi_presence_raw と完全に1対1でROI記入の有無の言い換え。行の出所ではない,5,,,UNVERIFIED(表示基準日がページ間で不一致: トップ2026-08-16/使い方2026-05-17),TOP10,MISSING_ROI,NOT_AVAILABLE,原表と方式を入手するまで使用しない。原行は保持
rec_5b09057b08c800470a0c8d9153c38cfec55e0378e7d0c96f45fd95cf7d5bf9f4,PRIMARY_SIRE,SireCond_連結済み_20260701.csv,34,SIRE,エイシンフラッシュ,,NAME_KEY_ONLY_UNVERIFIED_OFFICIAL_ID,障害,NAMED_CONDITION,PARSED,,,,,,,,,,,,UNKNOWN,,,N,N,NOT_APPLICABLE,,,,,,NOT_APPLICABLE_NO_ROI,,,,障害,,,UNKNOWN,,BOOK_OR_UNSPECIFIED_ROI_SOURCE,roi_presence_raw と完全に1対1でROI記入の有無の言い換え。行の出所ではない,1,,,UNVERIFIED(表示基準日がページ間で不一致: トップ2026-08-16/使い方2026-05-17),TOP10,MISSING_ROI,NOT_AVAILABLE,原表と方式を入手するまで使用しない。原行は保持
rec_dacdf6419a1e4b015d1c1133a9023616235b7681cc6389fdd293fde36b7fd7ec,PRIMARY_SIRE,SireCond_連結済み_20260701.csv,35,SIRE,ゴールドシップ,,NAME_KEY_ONLY_UNVERIFIED_OFFICIAL_ID,障害,NAMED_CONDITION,PARSED,,,,,,,,,,,,UNKNOWN,,,N,N,NOT_APPLICABLE,,,,,,NOT_APPLICABLE_NO_ROI,,,,障害,,,UNKNOWN,,BOOK_OR_UNSPECIFIED_ROI_SOURCE,roi_presence_raw と完全に1対1でROI記入の有無の言い換え。行の出所ではない,2,,,UNVERIFIED(表示基準日がページ間で不一致: トップ2026-08-16/使い方2026-05-17),TOP10,MISSING_ROI,NOT_AVAILABLE,原表と方式を入手するまで使用しない。原行は保持
rec_ce89c9ec8ba530cbbbc9bd71efc101ee3fd4f498d8126952397d7347a669cd9e,PRIMARY_SIRE,SireCond_連結済み_20260701.csv,36,SIRE,ロードカナロア,,NAME_KEY_ONLY_UNVERIFIED_OFFICIAL_ID,障害,NAMED_CONDITION,PARSED,,,,,,,,,,,,UNKNOWN,,,N,N,NOT_APPLICABLE,,,,,,NOT_APPLICABLE_NO_ROI,,,,障害,,,UNKNOWN,,BOOK_OR_UNSPECIFIED_ROI_SOURCE,roi_presence_raw と完全に1対1でROI記入の有無の言い換え。行の出所ではない,4,,,UNVERIFIED(表示基準日がページ間で不一致: トップ2026-08-16/使い方2026-05-17),TOP10,MISSING_ROI,NOT_AVAILABLE,原表と方式を入手するまで使用しない。原行は保持
rec_d814b1d65bf3015df21cd381285449bc46492f2ac462c587249dabce45a18639,PRIMARY_SIRE,SireCond_連結済み_20260701.csv,37,SIRE,ヘニーヒューズ,,NAME_KEY_ONLY_UNVERIFIED_OFFICIAL_ID,障害,NAMED_CONDITION,PARSED,,,,,,,,,,,,UNKNOWN,,,N,N,NOT_APPLICABLE,,,,,,NOT_APPLICABLE_NO_ROI,,,,障害,,,UNKNOWN,,BOOK_OR_UNSPECIFIED_ROI_SOURCE,roi_presence_raw と完全に1対1でROI記入の有無の言い換え。行の出所ではない,1,,,UNVERIFIED(表示基準日がページ間で不一致: トップ2026-08-16/使い方2026-05-17),ワースト3,MISSING_ROI,NOT_AVAILABLE,原表と方式を入手するまで使用しない。原行は保持
rec_a91e3fa44bbcc8dcfc8f903e20548806ebd2ea6f60e1c33195ef2ac4344428cd,PRIMARY_SIRE,SireCond_連結済み_20260701.csv,38,SIRE,シルバーステート,,NAME_KEY_ONLY_UNVERIFIED_OFFICIAL_ID,障害,NAMED_CONDITION,PARSED,,,,,,,,,,,,UNKNOWN,,,N,N,NOT_APPLICABLE,,,,,,NOT_APPLICABLE_NO_ROI,,,,障害,,,UNKNOWN,,BOOK_OR_UNSPECIFIED_ROI_SOURCE,roi_presence_raw と完全に1対1でROI記入の有無の言い換え。行の出所ではない,5,,,UNVERIFIED(表示基準日がページ間で不一致: トップ2026-08-16/使い方2026-05-17),ワースト3,MISSING_ROI,NOT_AVAILABLE,原表と方式を入手するまで使用しない。原行は保持
rec_8e163a815493192eb233d4aa0a5e0aa037e42547c8ed89ae560a43f810c6885b,PRIMARY_SIRE,SireCond_連結済み_20260701.csv,39,SIRE,マジェスティックウォリアー,,NAME_KEY_ONLY_UNVERIFIED_OFFICIAL_ID,障害,NAMED_CONDITION,PARSED,,,,,,,,,,,,UNKNOWN,,,N,N,NOT_APPLICABLE,,,,,,NOT_APPLICABLE_NO_ROI,,,,障害,,,UNKNOWN,,BOOK_OR_UNSPECIFIED_ROI_SOURCE,roi_presence_raw と完全に1対1でROI記入の有無の言い換え。行の出所ではない,4,,,UNVERIFIED(表示基準日がページ間で不一致: トップ2026-08-16/使い方2026-05-17),ワースト3,MISSING_ROI,NOT_AVAILABLE,原表と方式を入手するまで使用しない。原行は保持
rec_8f8159f60a68a817659cc5b9f49f16e6eef10e264dbba280e829352cd91ef1c2,PRIMARY_SIRE,SireCond_連結済み_20260701.csv,40,SIRE,モズアスコット,,NAME_KEY_ONLY_UNVERIFIED_OFFICIAL_ID,短距離（1600m以下）,NAMED_CONDITION,PARSED,,,,,,,,,,,WIN_ROI_PCT|PLACE_ROI_PCT|N_STARTS,UNKNOWN,サイト現行既定は「オッズ反比例の賭け金・固定払戻の意図」(WEB_DEFINITION)。CSV作成時点の方式である証明にはならない,EQUAL_STAKE|EQUAL_PAYOUT,Y,Y,YES_PUBLIC_SCOPE_UNRULED,14,,,,N_WEIGHTED_MEAN_OF_PCT: sum(ROI_i*n_i)/sum(n_i) を整数丸め,UNVERIFIED_AGGREGATION,LEGACY_SIRE_TRAINER_CODE,二重丸め(掲載値が整数%＋加重平均後に再度整数丸め),,,,,UNKNOWN,,DB_KEIBA,roi_presence_raw と完全に1対1でROI記入の有無の言い換え。行の出所ではない,16,,,UNVERIFIED(表示基準日がページ間で不一致: トップ2026-08-16/使い方2026-05-17),TOP10,,HOLD_MERGE+HOLD_METHOD+HOLD_ASOF+HOLD_ID,①購入方式の確定 ②分母(賭け金総額・払戻総額)の入手 ③加重平均の再現可否検証 ④場/距離/回りの重複排除
rec_41b67c0a9b94e6499e3a87a2292e8e9289184048a7e825a9afe73cdda99e8bf2,PRIMARY_SIRE,SireCond_連結済み_20260701.csv,41,SIRE,カリフォルニアクローム,,NAME_KEY_ONLY_UNVERIFIED_OFFICIAL_ID,短距離（1600m以下）,NAMED_CONDITION,PARSED,,,,,,,,,,,,UNKNOWN,,,N,N,NOT_APPLICABLE,,,,,,NOT_APPLICABLE_NO_ROI,,,,,,,UNKNOWN,,BOOK_OR_UNSPECIFIED_ROI_SOURCE,roi_presence_raw と完全に1対1でROI記入の有無の言い換え。行の出所ではない,6,,,UNVERIFIED(表示基準日がページ間で不一致: トップ2026-08-16/使い方2026-05-17),TOP10,MISSING_ROI,NOT_AVAILABLE,原表と方式を入手するまで使用しない。原行は保持
rec_d1165032fa74cab93b035d2c5459f5d1745b87276ac35678478f6174e11674ea,PRIMARY_SIRE,SireCond_連結済み_20260701.csv,42,SIRE,フォーウィールドライブ,,NAME_KEY_ONLY_UNVERIFIED_OFFICIAL_ID,短距離（1600m以下）,NAMED_CONDITION,PARSED,,,,,,,,,,,,UNKNOWN,,,N,N,NOT_APPLICABLE,,,,,,NOT_APPLICABLE_NO_ROI,,,,,,,UNKNOWN,,BOOK_OR_UNSPECIFIED_ROI_SOURCE,roi_presence_raw と完全に1対1でROI記入の有無の言い換え。行の出所ではない,9,,,UNVERIFIED(表示基準日がページ間で不一致: トップ2026-08-16/使い方2026-05-17),TOP10,MISSING_ROI,NOT_AVAILABLE,原表と方式を入手するまで使用しない。原行は保持
rec_1784f59d975f425c6d17c366bd115074d3379fa705d8ad9254fb326e6e1ead28,PRIMARY_SIRE,SireCond_連結済み_20260701.csv,43,SIRE,ダノンレジェンド,,NAME_KEY_ONLY_UNVERIFIED_OFFICIAL_ID,短距離（1600m以下）,NAMED_CONDITION,PARSED,,,,,,,,,,,WIN_ROI_PCT|PLACE_ROI_PCT|N_STARTS,UNKNOWN,サイト現行既定は「オッズ反比例の賭け金・固定払戻の意図」(WEB_DEFINITION)。CSV作成時点の方式である証明にはならない,EQUAL_STAKE|EQUAL_PAYOUT,Y,Y,YES_PUBLIC_SCOPE_UNRULED,406,,,,N_WEIGHTED_MEAN_OF_PCT: sum(ROI_i*n_i)/sum(n_i) を整数丸め,UNVERIFIED_AGGREGATION,LEGACY_SIRE_TRAINER_CODE,二重丸め(掲載値が整数%＋加重平均後に再度整数丸め),,,,,UNKNOWN,,DB_KEIBA,roi_presence_raw と完全に1対1でROI記入の有無の言い換え。行の出所ではない,6,,,UNVERIFIED(表示基準日がページ間で不一致: トップ2026-08-16/使い方2026-05-17),TOP10,,HOLD_MERGE+HOLD_METHOD+HOLD_ASOF+HOLD_ID,①購入方式の確定 ②分母(賭け金総額・払戻総額)の入手 ③加重平均の再現可否検証 ④場/距離/回りの重複排除
rec_e56c22b5c964b1cade3cd90fd8669ef8df07eeb83367ff3e97fb75309182e217,PRIMARY_SIRE,SireCond_連結済み_20260701.csv,44,SIRE,サンダースノー,,NAME_KEY_ONLY_UNVERIFIED_OFFICIAL_ID,短距離（1600m以下）,NAMED_CONDITION,PARSED,,,,,,,,,,,,UNKNOWN,,,N,N,NOT_APPLICABLE,,,,,,NOT_APPLICABLE_NO_ROI,,,,,,,UNKNOWN,,BOOK_OR_UNSPECIFIED_ROI_SOURCE,roi_presence_raw と完全に1対1でROI記入の有無の言い換え。行の出所ではない,10,,,UNVERIFIED(表示基準日がページ間で不一致: トップ2026-08-16/使い方2026-05-17),TOP10,MISSING_ROI,NOT_AVAILABLE,原表と方式を入手するまで使用しない。原行は保持
rec_34803929045a82318e2a0bc253f0b6dd83fc4fa1cc673cc58694db5bf02007b4,PRIMARY_SIRE,SireCond_連結済み_20260701.csv,45,SIRE,ディスクリートキャット,,NAME_KEY_ONLY_UNVERIFIED_OFFICIAL_ID,短距離（1600m以下）,NAMED_CONDITION,PARSED,,,,,,,,,,,WIN_ROI_PCT|PLACE_ROI_PCT|N_STARTS,UNKNOWN,サイト現行既定は「オッズ反比例の賭け金・固定払戻の意図」(WEB_DEFINITION)。CSV作成時点の方式である証明にはならない,EQUAL_STAKE|EQUAL_PAYOUT,Y,Y,YES_PUBLIC_SCOPE_UNRULED,660,,,,N_WEIGHTED_MEAN_OF_PCT: sum(ROI_i*n_i)/sum(n_i) を整数丸め,UNVERIFIED_AGGREGATION,LEGACY_SIRE_TRAINER_CODE,二重丸め(掲載値が整数%＋加重平均後に再度整数丸め),,,,,UNKNOWN,,DB_KEIBA,roi_presence_raw と完全に1対1でROI記入の有無の言い換え。行の出所ではない,5,,,UNVERIFIED(表示基準日がページ間で不一致: トップ2026-08-16/使い方2026-05-17),TOP10,,HOLD_MERGE+HOLD_METHOD+HOLD_ASOF+HOLD_ID,①購入方式の確定 ②分母(賭け金総額・払戻総額)の入手 ③加重平均の再現可否検証 ④場/距離/回りの重複排除
rec_c72de25f29301cc7e7a412896c9d71ff44f30f05db1f949c38aa453d7fa23624,PRIMARY_SIRE,SireCond_連結済み_20260701.csv,46,SIRE,ドレフォン,,NAME_KEY_ONLY_UNVERIFIED_OFFICIAL_ID,短距離（1600m以下）,NAMED_CONDITION,PARSED,,,,,,,,,,,WIN_ROI_PCT|PLACE_ROI_PCT|N_STARTS,UNKNOWN,サイト現行既定は「オッズ反比例の賭け金・固定払戻の意図」(WEB_DEFINITION)。CSV作成時点の方式である証明にはならない,EQUAL_STAKE|EQUAL_PAYOUT,Y,Y,YES_PUBLIC_SCOPE_UNRULED,1480,,,,N_WEIGHTED_MEAN_OF_PCT: sum(ROI_i*n_i)/sum(n_i) を整数丸め,UNVERIFIED_AGGREGATION,LEGACY_SIRE_TRAINER_CODE,二重丸め(掲載値が整数%＋加重平均後に再度整数丸め),,,,,UNKNOWN,,DB_KEIBA,roi_presence_raw と完全に1対1でROI記入の有無の言い換え。行の出所ではない,18,,,UNVERIFIED(表示基準日がページ間で不一致: トップ2026-08-16/使い方2026-05-17),TOP10,,HOLD_MERGE+HOLD_METHOD+HOLD_ASOF+HOLD_ID,①購入方式の確定 ②分母(賭け金総額・払戻総額)の入手 ③加重平均の再現可否検証 ④場/距離/回りの重複排除
rec_64dc61e0e7182510018ed6bb3b5dd396f22fc02741fb2bc774b8ba7cc61deb06,PRIMARY_SIRE,SireCond_連結済み_20260701.csv,47,SIRE,イスラボニータ,,NAME_KEY_ONLY_UNVERIFIED_OFFICIAL_ID,短距離（1600m以下）,NAMED_CONDITION,PARSED,,,,,,,,,,,WIN_ROI_PCT|PLACE_ROI_PCT|N_STARTS,UNKNOWN,サイト現行既定は「オッズ反比例の賭け金・固定払戻の意図」(WEB_DEFINITION)。CSV作成時点の方式である証明にはならない,EQUAL_STAKE|EQUAL_PAYOUT,Y,Y,YES_PUBLIC_SCOPE_UNRULED,639,,,,N_WEIGHTED_MEAN_OF_PCT: sum(ROI_i*n_i)/sum(n_i) を整数丸め,UNVERIFIED_AGGREGATION,LEGACY_SIRE_TRAINER_CODE,二重丸め(掲載値が整数%＋加重平均後に再度整数丸め),,,,,UNKNOWN,,DB_KEIBA,roi_presence_raw と完全に1対1でROI記入の有無の言い換え。行の出所ではない,8,,,UNVERIFIED(表示基準日がページ間で不一致: トップ2026-08-16/使い方2026-05-17),TOP10,,HOLD_MERGE+HOLD_METHOD+HOLD_ASOF+HOLD_ID,①購入方式の確定 ②分母(賭け金総額・払戻総額)の入手 ③加重平均の再現可否検証 ④場/距離/回りの重複排除
rec_038768fd545b8975015675f349cf6ed8eb3f30433c80531ff1c2bc6b14126a9e,PRIMARY_SIRE,SireCond_連結済み_20260701.csv,48,SIRE,ダノンプレミアム,,NAME_KEY_ONLY_UNVERIFIED_OFFICIAL_ID,短距離（1600m以下）,NAMED_CONDITION,PARSED,,,,,,,,,,,,UNKNOWN,,,N,N,NOT_APPLICABLE,,,,,,NOT_APPLICABLE_NO_ROI,,,,,,,UNKNOWN,,BOOK_OR_UNSPECIFIED_ROI_SOURCE,roi_presence_raw と完全に1対1でROI記入の有無の言い換え。行の出所ではない,1,,,UNVERIFIED(表示基準日がページ間で不一致: トップ2026-08-16/使い方2026-05-17),TOP10,MISSING_ROI,NOT_AVAILABLE,原表と方式を入手するまで使用しない。原行は保持
rec_420263bfdfe148d36f72c284199443db22594de428863be10d3a6fb0a1301185,PRIMARY_SIRE,SireCond_連結済み_20260701.csv,49,SIRE,ミスチヴィアスアレックス,,NAME_KEY_ONLY_UNVERIFIED_OFFICIAL_ID,短距離（1600m以下）,NAMED_CONDITION,PARSED,,,,,,,,,,,,UNKNOWN,,,N,N,NOT_APPLICABLE,,,,,,NOT_APPLICABLE_NO_ROI,,,,,,,UNKNOWN,,BOOK_OR_UNSPECIFIED_ROI_SOURCE,roi_presence_raw と完全に1対1でROI記入の有無の言い換え。行の出所ではない,8,,,UNVERIFIED(表示基準日がページ間で不一致: トップ2026-08-16/使い方2026-05-17),TOP10,MISSING_ROI,NOT_AVAILABLE,原表と方式を入手するまで使用しない。原行は保持
rec_7f1a1672c6853a8115f57dbcc57caeb2c39127a4eb9b8cc39f0474dc36117669,PRIMARY_SIRE,SireCond_連結済み_20260701.csv,50,SIRE,ノーブルミッション,,NAME_KEY_ONLY_UNVERIFIED_OFFICIAL_ID,短距離（1600m以下）,NAMED_CONDITION,PARSED,,,,,,,,,,,,UNKNOWN,,,N,N,NOT_APPLICABLE,,,,,,NOT_APPLICABLE_NO_ROI,,,,,,,UNKNOWN,,BOOK_OR_UNSPECIFIED_ROI_SOURCE,roi_presence_raw と完全に1対1でROI記入の有無の言い換え。行の出所ではない,15,,,UNVERIFIED(表示基準日がページ間で不一致: トップ2026-08-16/使い方2026-05-17),ワースト3,MISSING_ROI,NOT_AVAILABLE,原表と方式を入手するまで使用しない。原行は保持
rec_ea4a00a6baf4c887c91a5c588e8dcd7d37c51b3be1b52b644d21c1beeb3ff6e5,PRIMARY_SIRE,SireCond_連結済み_20260701.csv,51,SIRE,ドゥラメンテ,,NAME_KEY_ONLY_UNVERIFIED_OFFICIAL_ID,短距離（1600m以下）,NAMED_CONDITION,PARSED,,,,,,,,,,,WIN_ROI_PCT|PLACE_ROI_PCT|N_STARTS,UNKNOWN,サイト現行既定は「オッズ反比例の賭け金・固定払戻の意図」(WEB_DEFINITION)。CSV作成時点の方式である証明にはならない,EQUAL_STAKE|EQUAL_PAYOUT,Y,Y,YES_PUBLIC_SCOPE_UNRULED,811,,,,N_WEIGHTED_MEAN_OF_PCT: sum(ROI_i*n_i)/sum(n_i) を整数丸め,UNVERIFIED_AGGREGATION,LEGACY_SIRE_TRAINER_CODE,二重丸め(掲載値が整数%＋加重平均後に再度整数丸め),,,,,UNKNOWN,,DB_KEIBA,roi_presence_raw と完全に1対1でROI記入の有無の言い換え。行の出所ではない,5,,,UNVERIFIED(表示基準日がページ間で不一致: トップ2026-08-16/使い方2026-05-17),ワースト3,,HOLD_MERGE+HOLD_METHOD+HOLD_ASOF+HOLD_ID,①購入方式の確定 ②分母(賭け金総額・払戻総額)の入手 ③加重平均の再現可否検証 ④場/距離/回りの重複排除
rec_e1f660cfce8a292b58503a4943fad32a66aefcb8be80d7cf0e566091d1feedcf,PRIMARY_SIRE,SireCond_連結済み_20260701.csv,52,SIRE,ゴールドドリーム,,NAME_KEY_ONLY_UNVERIFIED_OFFICIAL_ID,短距離（1600m以下）,NAMED_CONDITION,PARSED,,,,,,,,,,,,UNKNOWN,,,N,N,NOT_APPLICABLE,,,,,,NOT_APPLICABLE_NO_ROI,,,,,,,UNKNOWN,,BOOK_OR_UNSPECIFIED_ROI_SOURCE,roi_presence_raw と完全に1対1でROI記入の有無の言い換え。行の出所ではない,3,,,UNVERIFIED(表示基準日がページ間で不一致: トップ2026-08-16/使い方2026-05-17),ワースト3,MISSING_ROI,NOT_AVAILABLE,原表と方式を入手するまで使用しない。原行は保持
rec_6764a579c9a07ded6dd35237dfaef4c2b8b23c4c036a8015f99bb74f7c1d0d95,PRIMARY_SIRE,SireCond_連結済み_20260701.csv,53,SIRE,ルヴァンスレーヴ,,NAME_KEY_ONLY_UNVERIFIED_OFFICIAL_ID,中距離（1700〜2200m）,NAMED_CONDITION,PARSED,,,,,,,,,,,WIN_ROI_PCT|PLACE_ROI_PCT|N_STARTS,UNKNOWN,サイト現行既定は「オッズ反比例の賭け金・固定払戻の意図」(WEB_DEFINITION)。CSV作成時点の方式である証明にはならない,EQUAL_STAKE|EQUAL_PAYOUT,Y,Y,YES_PUBLIC_SCOPE_UNRULED,78,,,,N_WEIGHTED_MEAN_OF_PCT: sum(ROI_i*n_i)/sum(n_i) を整数丸め,UNVERIFIED_AGGREGATION,LEGACY_SIRE_TRAINER_CODE,二重丸め(掲載値が整数%＋加重平均後に再度整数丸め),,,,,UNKNOWN,,DB_KEIBA,roi_presence_raw と完全に1対1でROI記入の有無の言い換え。行の出所ではない,19,,,UNVERIFIED(表示基準日がページ間で不一致: トップ2026-08-16/使い方2026-05-17),TOP10,,HOLD_MERGE+HOLD_METHOD+HOLD_ASOF+HOLD_ID,①購入方式の確定 ②分母(賭け金総額・払戻総額)の入手 ③加重平均の再現可否検証 ④場/距離/回りの重複排除
rec_c65d2ff0ab62451b6ca515720714ab89bf83389810f602f73bfaca6b42f5d10b,PRIMARY_SIRE,SireCond_連結済み_20260701.csv,54,SIRE,シニスターミニスター,,NAME_KEY_ONLY_UNVERIFIED_OFFICIAL_ID,中距離（1700〜2200m）,NAMED_CONDITION,PARSED,,,,,,,,,,,WIN_ROI_PCT|PLACE_ROI_PCT|N_STARTS,UNKNOWN,サイト現行既定は「オッズ反比例の賭け金・固定払戻の意図」(WEB_DEFINITION)。CSV作成時点の方式である証明にはならない,EQUAL_STAKE|EQUAL_PAYOUT,Y,Y,YES_PUBLIC_SCOPE_UNRULED,1373,,,,N_WEIGHTED_MEAN_OF_PCT: sum(ROI_i*n_i)/sum(n_i) を整数丸め,UNVERIFIED_AGGREGATION,LEGACY_SIRE_TRAINER_CODE,二重丸め(掲載値が整数%＋加重平均後に再度整数丸め),,,,,UNKNOWN,,DB_KEIBA,roi_presence_raw と完全に1対1でROI記入の有無の言い換え。行の出所ではない,12,,,UNVERIFIED(表示基準日がページ間で不一致: トップ2026-08-16/使い方2026-05-17),TOP10,,HOLD_MERGE+HOLD_METHOD+HOLD_ASOF+HOLD_ID,①購入方式の確定 ②分母(賭け金総額・払戻総額)の入手 ③加重平均の再現可否検証 ④場/距離/回りの重複排除
rec_37cf6b1f45ba1f7ae432baf051cf4b5076a76c836e416b9db3703042f32bf710,PRIMARY_SIRE,SireCond_連結済み_20260701.csv,55,SIRE,モズアスコット,,NAME_KEY_ONLY_UNVERIFIED_OFFICIAL_ID,中距離（1700〜2200m）,NAMED_CONDITION,PARSED,,,,,,,,,,,,UNKNOWN,,,N,N,NOT_APPLICABLE,,,,,,NOT_APPLICABLE_NO_ROI,,,,,,,UNKNOWN,,BOOK_OR_UNSPECIFIED_ROI_SOURCE,roi_presence_raw と完全に1対1でROI記入の有無の言い換え。行の出所ではない,16,,,UNVERIFIED(表示基準日がページ間で不一致: トップ2026-08-16/使い方2026-05-17),TOP10,MISSING_ROI,NOT_AVAILABLE,原表と方式を入手するまで使用しない。原行は保持
rec_9c20e6b554f77647d624f5453a2a69c138150756d45219499947089f85e412a7,PRIMARY_SIRE,SireCond_連結済み_20260701.csv,56,SIRE,キズナ,,NAME_KEY_ONLY_UNVERIFIED_OFFICIAL_ID,中距離（1700〜2200m）,NAMED_CONDITION,PARSED,,,,,,,,,,,WIN_ROI_PCT|PLACE_ROI_PCT|N_STARTS,UNKNOWN,サイト現行既定は「オッズ反比例の賭け金・固定払戻の意図」(WEB_DEFINITION)。CSV作成時点の方式である証明にはならない,EQUAL_STAKE|EQUAL_PAYOUT,Y,Y,YES_PUBLIC_SCOPE_UNRULED,3407,,,,N_WEIGHTED_MEAN_OF_PCT: sum(ROI_i*n_i)/sum(n_i) を整数丸め,UNVERIFIED_AGGREGATION,LEGACY_SIRE_TRAINER_CODE,二重丸め(掲載値が整数%＋加重平均後に再度整数丸め),,,,,UNKNOWN,,DB_KEIBA,roi_presence_raw と完全に1対1でROI記入の有無の言い換え。行の出所ではない,10,,,UNVERIFIED(表示基準日がページ間で不一致: トップ2026-08-16/使い方2026-05-17),TOP10,,HOLD_MERGE+HOLD_METHOD+HOLD_ASOF+HOLD_ID,①購入方式の確定 ②分母(賭け金総額・払戻総額)の入手 ③加重平均の再現可否検証 ④場/距離/回りの重複排除
rec_7841de209aafd953f907a0b996d4ce7fe80bba451d25be56aacb48514be029d5,PRIMARY_SIRE,SireCond_連結済み_20260701.csv,57,SIRE,ゴールドアクター,,NAME_KEY_ONLY_UNVERIFIED_OFFICIAL_ID,中距離（1700〜2200m）,NAMED_CONDITION,PARSED,,,,,,,,,,,,UNKNOWN,,,N,N,NOT_APPLICABLE,,,,,,NOT_APPLICABLE_NO_ROI,,,,,,,UNKNOWN,,BOOK_OR_UNSPECIFIED_ROI_SOURCE,roi_presence_raw と完全に1対1でROI記入の有無の言い換え。行の出所ではない,8,,,UNVERIFIED(表示基準日がページ間で不一致: トップ2026-08-16/使い方2026-05-17),TOP10,MISSING_ROI,NOT_AVAILABLE,原表と方式を入手するまで使用しない。原行は保持
rec_4d2be6e5cb1a3656d65ada50ffed87e3602b203450a35f19dc8885dc59047fd6,PRIMARY_SIRE,SireCond_連結済み_20260701.csv,58,SIRE,トビーズコーナー,,NAME_KEY_ONLY_UNVERIFIED_OFFICIAL_ID,中距離（1700〜2200m）,NAMED_CONDITION,PARSED,,,,,,,,,,,,UNKNOWN,,,N,N,NOT_APPLICABLE,,,,,,NOT_APPLICABLE_NO_ROI,,,,,,,UNKNOWN,,BOOK_OR_UNSPECIFIED_ROI_SOURCE,roi_presence_raw と完全に1対1でROI記入の有無の言い換え。行の出所ではない,1,,,UNVERIFIED(表示基準日がページ間で不一致: トップ2026-08-16/使い方2026-05-17),TOP10,MISSING_ROI,NOT_AVAILABLE,原表と方式を入手するまで使用しない。原行は保持
rec_624af11fd7553d343c2b686d06b67a0ff78bcfa4c72c80c0472f3055e1754104,PRIMARY_SIRE,SireCond_連結済み_20260701.csv,59,SIRE,ドレフォン,,NAME_KEY_ONLY_UNVERIFIED_OFFICIAL_ID,中距離（1700〜2200m）,NAMED_CONDITION,PARSED,,,,,,,,,,,WIN_ROI_PCT|PLACE_ROI_PCT|N_STARTS,UNKNOWN,サイト現行既定は「オッズ反比例の賭け金・固定払戻の意図」(WEB_DEFINITION)。CSV作成時点の方式である証明にはならない,EQUAL_STAKE|EQUAL_PAYOUT,Y,Y,YES_PUBLIC_SCOPE_UNRULED,1375,,,,N_WEIGHTED_MEAN_OF_PCT: sum(ROI_i*n_i)/sum(n_i) を整数丸め,UNVERIFIED_AGGREGATION,LEGACY_SIRE_TRAINER_CODE,二重丸め(掲載値が整数%＋加重平均後に再度整数丸め),,,,,UNKNOWN,,DB_KEIBA,roi_presence_raw と完全に1対1でROI記入の有無の言い換え。行の出所ではない,18,,,UNVERIFIED(表示基準日がページ間で不一致: トップ2026-08-16/使い方2026-05-17),TOP10,,HOLD_MERGE+HOLD_METHOD+HOLD_ASOF+HOLD_ID,①購入方式の確定 ②分母(賭け金総額・払戻総額)の入手 ③加重平均の再現可否検証 ④場/距離/回りの重複排除
rec_38633f5a950e48bf1723fda95dc9e948fae5c067df7cc4eaaaae8550af87547e,PRIMARY_SIRE,SireCond_連結済み_20260701.csv,60,SIRE,リアルスティール,,NAME_KEY_ONLY_UNVERIFIED_OFFICIAL_ID,中距離（1700〜2200m）,NAMED_CONDITION,PARSED,,,,,,,,,,,WIN_ROI_PCT|PLACE_ROI_PCT|N_STARTS,UNKNOWN,サイト現行既定は「オッズ反比例の賭け金・固定払戻の意図」(WEB_DEFINITION)。CSV作成時点の方式である証明にはならない,EQUAL_STAKE|EQUAL_PAYOUT,Y,Y,YES_PUBLIC_SCOPE_UNRULED,319,,,,N_WEIGHTED_MEAN_OF_PCT: sum(ROI_i*n_i)/sum(n_i) を整数丸め,UNVERIFIED_AGGREGATION,LEGACY_SIRE_TRAINER_CODE,二重丸め(掲載値が整数%＋加重平均後に再度整数丸め),,,,,UNKNOWN,,DB_KEIBA,roi_presence_raw と完全に1対1でROI記入の有無の言い換え。行の出所ではない,4,,,UNVERIFIED(表示基準日がページ間で不一致: トップ2026-08-16/使い方2026-05-17),TOP10,,HOLD_MERGE+HOLD_METHOD+HOLD_ASOF+HOLD_ID,①購入方式の確定 ②分母(賭け金総額・払戻総額)の入手 ③加重平均の再現可否検証 ④場/距離/回りの重複排除
rec_a15a004607ede4c98fbab97e3a5194b3a16a6aecdfba068ea6c1547b57883449,PRIMARY_SIRE,SireCond_連結済み_20260701.csv,61,SIRE,アニマルキングダム,,NAME_KEY_ONLY_UNVERIFIED_OFFICIAL_ID,中距離（1700〜2200m）,NAMED_CONDITION,PARSED,,,,,,,,,,,,UNKNOWN,,,N,N,NOT_APPLICABLE,,,,,,NOT_APPLICABLE_NO_ROI,,,,,,,UNKNOWN,,BOOK_OR_UNSPECIFIED_ROI_SOURCE,roi_presence_raw と完全に1対1でROI記入の有無の言い換え。行の出所ではない,6,,,UNVERIFIED(表示基準日がページ間で不一致: トップ2026-08-16/使い方2026-05-17),TOP10,MISSING_ROI,NOT_AVAILABLE,原表と方式を入手するまで使用しない。原行は保持
rec_56e17274e075cc3ba4f676d33fa7657b6b8d9b3b535c94ecdc840cbaaade0114,PRIMARY_SIRE,SireCond_連結済み_20260701.csv,62,SIRE,ホッコータルマエ,,NAME_KEY_ONLY_UNVERIFIED_OFFICIAL_ID,中距離（1700〜2200m）,NAMED_CONDITION,PARSED,,,,,,,,,,,WIN_ROI_PCT|PLACE_ROI_PCT|N_STARTS,UNKNOWN,サイト現行既定は「オッズ反比例の賭け金・固定払戻の意図」(WEB_DEFINITION)。CSV作成時点の方式である証明にはならない,EQUAL_STAKE|EQUAL_PAYOUT,Y,Y,YES_PUBLIC_SCOPE_UNRULED,1200,,,,N_WEIGHTED_MEAN_OF_PCT: sum(ROI_i*n_i)/sum(n_i) を整数丸め,UNVERIFIED_AGGREGATION,LEGACY_SIRE_TRAINER_CODE,二重丸め(掲載値が整数%＋加重平均後に再度整数丸め),,,,,UNKNOWN,,DB_KEIBA,roi_presence_raw と完全に1対1でROI記入の有無の言い換え。行の出所ではない,6,,,UNVERIFIED(表示基準日がページ間で不一致: トップ2026-08-16/使い方2026-05-17),TOP10,,HOLD_MERGE+HOLD_METHOD+HOLD_ASOF+HOLD_ID,①購入方式の確定 ②分母(賭け金総額・払戻総額)の入手 ③加重平均の再現可否検証 ④場/距離/回りの重複排除
rec_a2b0050b73c2a136ee38e7e8380db1d3b572d7a942cee844c4ea149aacb1950c,PRIMARY_SIRE,SireCond_連結済み_20260701.csv,63,SIRE,ノーブルミッション,,NAME_KEY_ONLY_UNVERIFIED_OFFICIAL_ID,中距離（1700〜2200m）,NAMED_CONDITION,PARSED,,,,,,,,,,,,UNKNOWN,,,N,N,NOT_APPLICABLE,,,,,,NOT_APPLICABLE_NO_ROI,,,,,,,UNKNOWN,,BOOK_OR_UNSPECIFIED_ROI_SOURCE,roi_presence_raw と完全に1対1でROI記入の有無の言い換え。行の出所ではない,15,,,UNVERIFIED(表示基準日がページ間で不一致: トップ2026-08-16/使い方2026-05-17),ワースト3,MISSING_ROI,NOT_AVAILABLE,原表と方式を入手するまで使用しない。原行は保持
rec_4a0ef56d7fe8a9a9f215c9ad9e3f98cfdd0bb8d9e309b309a9c97ccee34148e2,PRIMARY_SIRE,SireCond_連結済み_20260701.csv,64,SIRE,ルーラーシップ,,NAME_KEY_ONLY_UNVERIFIED_OFFICIAL_ID,中距離（1700〜2200m）,NAMED_CONDITION,PARSED,,,,,,,,,,,WIN_ROI_PCT|PLACE_ROI_PCT|N_STARTS,UNKNOWN,サイト現行既定は「オッズ反比例の賭け金・固定払戻の意図」(WEB_DEFINITION)。CSV作成時点の方式である証明にはならない,EQUAL_STAKE|EQUAL_PAYOUT,Y,Y,YES_PUBLIC_SCOPE_UNRULED,1912,,,,N_WEIGHTED_MEAN_OF_PCT: sum(ROI_i*n_i)/sum(n_i) を整数丸め,UNVERIFIED_AGGREGATION,LEGACY_SIRE_TRAINER_CODE,二重丸め(掲載値が整数%＋加重平均後に再度整数丸め),,,,,UNKNOWN,,DB_KEIBA,roi_presence_raw と完全に1対1でROI記入の有無の言い換え。行の出所ではない,2,,,UNVERIFIED(表示基準日がページ間で不一致: トップ2026-08-16/使い方2026-05-17),ワースト3,,HOLD_MERGE+HOLD_METHOD+HOLD_ASOF+HOLD_ID,①購入方式の確定 ②分母(賭け金総額・払戻総額)の入手 ③加重平均の再現可否検証 ④場/距離/回りの重複排除
rec_6cecfa63e7e166784b55b6bed13d266dfeba86fc4defc7826eff464fd18b8174,PRIMARY_SIRE,SireCond_連結済み_20260701.csv,65,SIRE,サートゥルナーリア,,NAME_KEY_ONLY_UNVERIFIED_OFFICIAL_ID,中距離（1700〜2200m）,NAMED_CONDITION,PARSED,,,,,,,,,,,WIN_ROI_PCT|PLACE_ROI_PCT|N_STARTS,UNKNOWN,サイト現行既定は「オッズ反比例の賭け金・固定払戻の意図」(WEB_DEFINITION)。CSV作成時点の方式である証明にはならない,EQUAL_STAKE|EQUAL_PAYOUT,Y,Y,YES_PUBLIC_SCOPE_UNRULED,30,,,,N_WEIGHTED_MEAN_OF_PCT: sum(ROI_i*n_i)/sum(n_i) を整数丸め,UNVERIFIED_AGGREGATION,LEGACY_SIRE_TRAINER_CODE,二重丸め(掲載値が整数%＋加重平均後に再度整数丸め),,,,,UNKNOWN,,DB_KEIBA,roi_presence_raw と完全に1対1でROI記入の有無の言い換え。行の出所ではない,6,,,UNVERIFIED(表示基準日がページ間で不一致: トップ2026-08-16/使い方2026-05-17),ワースト3,,HOLD_MERGE+HOLD_METHOD+HOLD_ASOF+HOLD_ID,①購入方式の確定 ②分母(賭け金総額・払戻総額)の入手 ③加重平均の再現可否検証 ④場/距離/回りの重複排除
rec_5d6235e38f457718710fff859e0cc9193240d8948861c2d1a3014aa9eb4c312f,PRIMARY_SIRE,SireCond_連結済み_20260701.csv,66,SIRE,キズナ,,NAME_KEY_ONLY_UNVERIFIED_OFFICIAL_ID,長距離（2300m以上）,NAMED_CONDITION,PARSED,,,,,,,,,,,WIN_ROI_PCT|PLACE_ROI_PCT|N_STARTS,UNKNOWN,サイト現行既定は「オッズ反比例の賭け金・固定払戻の意図」(WEB_DEFINITION)。CSV作成時点の方式である証明にはならない,EQUAL_STAKE|EQUAL_PAYOUT,Y,Y,YES_PUBLIC_SCOPE_UNRULED,314,,,,N_WEIGHTED_MEAN_OF_PCT: sum(ROI_i*n_i)/sum(n_i) を整数丸め,UNVERIFIED_AGGREGATION,LEGACY_SIRE_TRAINER_CODE,二重丸め(掲載値が整数%＋加重平均後に再度整数丸め),,,,,UNKNOWN,,DB_KEIBA,roi_presence_raw と完全に1対1でROI記入の有無の言い換え。行の出所ではない,10,,,UNVERIFIED(表示基準日がページ間で不一致: トップ2026-08-16/使い方2026-05-17),TOP10,,HOLD_MERGE+HOLD_METHOD+HOLD_ASOF+HOLD_ID,①購入方式の確定 ②分母(賭け金総額・払戻総額)の入手 ③加重平均の再現可否検証 ④場/距離/回りの重複排除
rec_c2b73518535f147006d0c85e8380013851833b08e3228730bfbf4b9d90c89f05,PRIMARY_SIRE,SireCond_連結済み_20260701.csv,67,SIRE,サトノクラウン,,NAME_KEY_ONLY_UNVERIFIED_OFFICIAL_ID,長距離（2300m以上）,NAMED_CONDITION,PARSED,,,,,,,,,,,WIN_ROI_PCT|PLACE_ROI_PCT|N_STARTS,UNKNOWN,サイト現行既定は「オッズ反比例の賭け金・固定払戻の意図」(WEB_DEFINITION)。CSV作成時点の方式である証明にはならない,EQUAL_STAKE|EQUAL_PAYOUT,Y,Y,YES_PUBLIC_SCOPE_UNRULED,5,,,,N_WEIGHTED_MEAN_OF_PCT: sum(ROI_i*n_i)/sum(n_i) を整数丸め,UNVERIFIED_AGGREGATION,LEGACY_SIRE_TRAINER_CODE,二重丸め(掲載値が整数%＋加重平均後に再度整数丸め),,,,,UNKNOWN,,DB_KEIBA,roi_presence_raw と完全に1対1でROI記入の有無の言い換え。行の出所ではない,1,,,UNVERIFIED(表示基準日がページ間で不一致: トップ2026-08-16/使い方2026-05-17),TOP10,,HOLD_MERGE+HOLD_METHOD+HOLD_ASOF+HOLD_ID,①購入方式の確定 ②分母(賭け金総額・払戻総額)の入手 ③加重平均の再現可否検証 ④場/距離/回りの重複排除
rec_6c4f232265357c13ea54048c015f09d72eb6c4024583d04108a83b95510287bb,PRIMARY_SIRE,SireCond_連結済み_20260701.csv,68,SIRE,デクラレーションオブウォー,,NAME_KEY_ONLY_UNVERIFIED_OFFICIAL_ID,長距離（2300m以上）,NAMED_CONDITION,PARSED,,,,,,,,,,,,UNKNOWN,,,N,N,NOT_APPLICABLE,,,,,,NOT_APPLICABLE_NO_ROI,,,,,,,UNKNOWN,,BOOK_OR_UNSPECIFIED_ROI_SOURCE,roi_presence_raw と完全に1対1でROI記入の有無の言い換え。行の出所ではない,2,,,UNVERIFIED(表示基準日がページ間で不一致: トップ2026-08-16/使い方2026-05-17),TOP10,MISSING_ROI,NOT_AVAILABLE,原表と方式を入手するまで使用しない。原行は保持
rec_b905192f2e9b01fb6325b152651e0f4c94ff013c094b7a1ba7717a9966972f79,PRIMARY_SIRE,SireCond_連結済み_20260701.csv,69,SIRE,ドゥラメンテ,,NAME_KEY_ONLY_UNVERIFIED_OFFICIAL_ID,長距離（2300m以上）,NAMED_CONDITION,PARSED,,,,,,,,,,,WIN_ROI_PCT|PLACE_ROI_PCT|N_STARTS,UNKNOWN,サイト現行既定は「オッズ反比例の賭け金・固定払戻の意図」(WEB_DEFINITION)。CSV作成時点の方式である証明にはならない,EQUAL_STAKE|EQUAL_PAYOUT,Y,Y,YES_PUBLIC_SCOPE_UNRULED,307,,,,N_WEIGHTED_MEAN_OF_PCT: sum(ROI_i*n_i)/sum(n_i) を整数丸め,UNVERIFIED_AGGREGATION,LEGACY_SIRE_TRAINER_CODE,二重丸め(掲載値が整数%＋加重平均後に再度整数丸め),,,,,UNKNOWN,,DB_KEIBA,roi_presence_raw と完全に1対1でROI記入の有無の言い換え。行の出所ではない,5,,,UNVERIFIED(表示基準日がページ間で不一致: トップ2026-08-16/使い方2026-05-17),TOP10,,HOLD_MERGE+HOLD_METHOD+HOLD_ASOF+HOLD_ID,①購入方式の確定 ②分母(賭け金総額・払戻総額)の入手 ③加重平均の再現可否検証 ④場/距離/回りの重複排除
rec_27862348a24e0923a1602a32d53fb3b33aea43a5f68ce2b0bf74ea5deba0cdb0,PRIMARY_SIRE,SireCond_連結済み_20260701.csv,70,SIRE,エイシンヒカリ,,NAME_KEY_ONLY_UNVERIFIED_OFFICIAL_ID,長距離（2300m以上）,NAMED_CONDITION,PARSED,,,,,,,,,,,,UNKNOWN,,,N,N,NOT_APPLICABLE,,,,,,NOT_APPLICABLE_NO_ROI,,,,,,,UNKNOWN,,BOOK_OR_UNSPECIFIED_ROI_SOURCE,roi_presence_raw と完全に1対1でROI記入の有無の言い換え。行の出所ではない,3,,,UNVERIFIED(表示基準日がページ間で不一致: トップ2026-08-16/使い方2026-05-17),TOP10,MISSING_ROI,NOT_AVAILABLE,原表と方式を入手するまで使用しない。原行は保持
rec_3ae116eb5c3194e3f17766a2e009b4a90ecd9496f50d417f95c9cfb3fb7724f7,PRIMARY_SIRE,SireCond_連結済み_20260701.csv,71,SIRE,Good Magic,,NAME_KEY_ONLY_UNVERIFIED_OFFICIAL_ID,長距離（2300m以上）,NAMED_CONDITION,PARSED,,,,,,,,,,,WIN_ROI_PCT|PLACE_ROI_PCT|N_STARTS,UNKNOWN,サイト現行既定は「オッズ反比例の賭け金・固定払戻の意図」(WEB_DEFINITION)。CSV作成時点の方式である証明にはならない,EQUAL_STAKE|EQUAL_PAYOUT,Y,Y,YES_PUBLIC_SCOPE_UNRULED,1,,,,N_WEIGHTED_MEAN_OF_PCT: sum(ROI_i*n_i)/sum(n_i) を整数丸め,UNVERIFIED_AGGREGATION,LEGACY_SIRE_TRAINER_CODE,二重丸め(掲載値が整数%＋加重平均後に再度整数丸め),,,,,UNKNOWN,,DB_KEIBA,roi_presence_raw と完全に1対1でROI記入の有無の言い換え。行の出所ではない,1,,,UNVERIFIED(表示基準日がページ間で不一致: トップ2026-08-16/使い方2026-05-17),TOP10,,HOLD_MERGE+HOLD_METHOD+HOLD_ASOF+HOLD_ID,①購入方式の確定 ②分母(賭け金総額・払戻総額)の入手 ③加重平均の再現可否検証 ④場/距離/回りの重複排除
rec_b28a0eaf0e9df4a96a0842e8e659fd5800d613717d5cd944774cacd32905f047,PRIMARY_SIRE,SireCond_連結済み_20260701.csv,72,SIRE,ルヴァンスレーヴ,,NAME_KEY_ONLY_UNVERIFIED_OFFICIAL_ID,長距離（2300m以上）,NAMED_CONDITION,PARSED,,,,,,,,,,,WIN_ROI_PCT|PLACE_ROI_PCT|N_STARTS,UNKNOWN,サイト現行既定は「オッズ反比例の賭け金・固定払戻の意図」(WEB_DEFINITION)。CSV作成時点の方式である証明にはならない,EQUAL_STAKE|EQUAL_PAYOUT,Y,Y,YES_PUBLIC_SCOPE_UNRULED,7,,,,N_WEIGHTED_MEAN_OF_PCT: sum(ROI_i*n_i)/sum(n_i) を整数丸め,UNVERIFIED_AGGREGATION,LEGACY_SIRE_TRAINER_CODE,二重丸め(掲載値が整数%＋加重平均後に再度整数丸め),,,,,UNKNOWN,,DB_KEIBA,roi_presence_raw と完全に1対1でROI記入の有無の言い換え。行の出所ではない,19,,,UNVERIFIED(表示基準日がページ間で不一致: トップ2026-08-16/使い方2026-05-17),TOP10,,HOLD_MERGE+HOLD_METHOD+HOLD_ASOF+HOLD_ID,①購入方式の確定 ②分母(賭け金総額・払戻総額)の入手 ③加重平均の再現可否検証 ④場/距離/回りの重複排除
rec_d1b4b8406a26a2b0bf99dfabd3a27187388b6cffe4545a4a72c9d712f640b84f,PRIMARY_SIRE,SireCond_連結済み_20260701.csv,73,SIRE,トーセンラー,,NAME_KEY_ONLY_UNVERIFIED_OFFICIAL_ID,長距離（2300m以上）,NAMED_CONDITION,PARSED,,,,,,,,,,,WIN_ROI_PCT|PLACE_ROI_PCT|N_STARTS,UNKNOWN,サイト現行既定は「オッズ反比例の賭け金・固定払戻の意図」(WEB_DEFINITION)。CSV作成時点の方式である証明にはならない,EQUAL_STAKE|EQUAL_PAYOUT,Y,Y,YES_PUBLIC_SCOPE_UNRULED,9,,,,N_WEIGHTED_MEAN_OF_PCT: sum(ROI_i*n_i)/sum(n_i) を整数丸め,UNVERIFIED_AGGREGATION,LEGACY_SIRE_TRAINER_CODE,二重丸め(掲載値が整数%＋加重平均後に再度整数丸め),,,,,UNKNOWN,,DB_KEIBA,roi_presence_raw と完全に1対1でROI記入の有無の言い換え。行の出所ではない,1,,,UNVERIFIED(表示基準日がページ間で不一致: トップ2026-08-16/使い方2026-05-17),TOP10,,HOLD_MERGE+HOLD_METHOD+HOLD_ASOF+HOLD_ID,①購入方式の確定 ②分母(賭け金総額・払戻総額)の入手 ③加重平均の再現可否検証 ④場/距離/回りの重複排除
rec_3a312cef08074e905aa48767281a43af7a4cd2afec58bb3989d8bb7bf635cefb,PRIMARY_SIRE,SireCond_連結済み_20260701.csv,74,SIRE,ガルボ,,NAME_KEY_ONLY_UNVERIFIED_OFFICIAL_ID,長距離（2300m以上）,NAMED_CONDITION,PARSED,,,,,,,,,,,,UNKNOWN,,,N,N,NOT_APPLICABLE,,,,,,NOT_APPLICABLE_NO_ROI,,,,,,,UNKNOWN,,BOOK_OR_UNSPECIFIED_ROI_SOURCE,roi_presence_raw と完全に1対1でROI記入の有無の言い換え。行の出所ではない,2,,,UNVERIFIED(表示基準日がページ間で不一致: トップ2026-08-16/使い方2026-05-17),TOP10,MISSING_ROI,NOT_AVAILABLE,原表と方式を入手するまで使用しない。原行は保持
rec_34d89663d0087c288970d309c5bc5e0ad7f87b48bdad5f7077e9ab458d2f7fe6,PRIMARY_SIRE,SireCond_連結済み_20260701.csv,75,SIRE,Collected,,NAME_KEY_ONLY_UNVERIFIED_OFFICIAL_ID,長距離（2300m以上）,NAMED_CONDITION,PARSED,,,,,,,,,,,,UNKNOWN,,,N,N,NOT_APPLICABLE,,,,,,NOT_APPLICABLE_NO_ROI,,,,,,,UNKNOWN,,BOOK_OR_UNSPECIFIED_ROI_SOURCE,roi_presence_raw と完全に1対1でROI記入の有無の言い換え。行の出所ではない,1,,,UNVERIFIED(表示基準日がページ間で不一致: トップ2026-08-16/使い方2026-05-17),TOP10,MISSING_ROI,NOT_AVAILABLE,原表と方式を入手するまで使用しない。原行は保持
rec_b37c91597c092976c60fb55aa896e40c723347b41155cee09fe63ed5255c1e52,PRIMARY_SIRE,SireCond_連結済み_20260701.csv,76,SIRE,エピファネイア,,NAME_KEY_ONLY_UNVERIFIED_OFFICIAL_ID,長距離（2300m以上）,NAMED_CONDITION,PARSED,,,,,,,,,,,WIN_ROI_PCT|PLACE_ROI_PCT|N_STARTS,UNKNOWN,サイト現行既定は「オッズ反比例の賭け金・固定払戻の意図」(WEB_DEFINITION)。CSV作成時点の方式である証明にはならない,EQUAL_STAKE|EQUAL_PAYOUT,Y,Y,YES_PUBLIC_SCOPE_UNRULED,240,,,,N_WEIGHTED_MEAN_OF_PCT: sum(ROI_i*n_i)/sum(n_i) を整数丸め,UNVERIFIED_AGGREGATION,LEGACY_SIRE_TRAINER_CODE,二重丸め(掲載値が整数%＋加重平均後に再度整数丸め),,,,,UNKNOWN,,DB_KEIBA,roi_presence_raw と完全に1対1でROI記入の有無の言い換え。行の出所ではない,13,,,UNVERIFIED(表示基準日がページ間で不一致: トップ2026-08-16/使い方2026-05-17),ワースト3,,HOLD_MERGE+HOLD_METHOD+HOLD_ASOF+HOLD_ID,①購入方式の確定 ②分母(賭け金総額・払戻総額)の入手 ③加重平均の再現可否検証 ④場/距離/回りの重複排除
rec_ab38f154305c20ec78c7889e4455f46a4cf078d8cc627a03f60430fc8ec083b5,PRIMARY_SIRE,SireCond_連結済み_20260701.csv,77,SIRE,ハーツクライ,,NAME_KEY_ONLY_UNVERIFIED_OFFICIAL_ID,長距離（2300m以上）,NAMED_CONDITION,PARSED,,,,,,,,,,,WIN_ROI_PCT|PLACE_ROI_PCT|N_STARTS,UNKNOWN,サイト現行既定は「オッズ反比例の賭け金・固定払戻の意図」(WEB_DEFINITION)。CSV作成時点の方式である証明にはならない,EQUAL_STAKE|EQUAL_PAYOUT,Y,Y,YES_PUBLIC_SCOPE_UNRULED,544,,,,N_WEIGHTED_MEAN_OF_PCT: sum(ROI_i*n_i)/sum(n_i) を整数丸め,UNVERIFIED_AGGREGATION,LEGACY_SIRE_TRAINER_CODE,二重丸め(掲載値が整数%＋加重平均後に再度整数丸め),,,,,UNKNOWN,,DB_KEIBA,roi_presence_raw と完全に1対1でROI記入の有無の言い換え。行の出所ではない,1,,,UNVERIFIED(表示基準日がページ間で不一致: トップ2026-08-16/使い方2026-05-17),ワースト3,,HOLD_MERGE+HOLD_METHOD+HOLD_ASOF+HOLD_ID,①購入方式の確定 ②分母(賭け金総額・払戻総額)の入手 ③加重平均の再現可否検証 ④場/距離/回りの重複排除
rec_1925e721788d8613ca77b047465289b8994a81c8c817c1c9917bc0610021a2ba,PRIMARY_SIRE,SireCond_連結済み_20260701.csv,78,SIRE,バゴ,,NAME_KEY_ONLY_UNVERIFIED_OFFICIAL_ID,長距離（2300m以上）,NAMED_CONDITION,PARSED,,,,,,,,,,,,UNKNOWN,,,N,N,NOT_APPLICABLE,,,,,,NOT_APPLICABLE_NO_ROI,,,,,,,UNKNOWN,,BOOK_OR_UNSPECIFIED_ROI_SOURCE,roi_presence_raw と完全に1対1でROI記入の有無の言い換え。行の出所ではない,3,,,UNVERIFIED(表示基準日がページ間で不一致: トップ2026-08-16/使い方2026-05-17),ワースト3,MISSING_ROI,NOT_AVAILABLE,原表と方式を入手するまで使用しない。原行は保持
rec_702512a65047bdfc93f3f97d7141133417aefe4eb6e9f0f6a930a4dbe29ebb43,PRIMARY_SIRE,SireCond_連結済み_20260701.csv,79,SIRE,モズアスコット,,NAME_KEY_ONLY_UNVERIFIED_OFFICIAL_ID,左回り,NAMED_CONDITION,PARSED,,,,,,,,,,,,UNKNOWN,,,N,N,NOT_APPLICABLE,,,,,,NOT_APPLICABLE_NO_ROI,,,,,,,UNKNOWN,,BOOK_OR_UNSPECIFIED_ROI_SOURCE,roi_presence_raw と完全に1対1でROI記入の有無の言い換え。行の出所ではない,16,,,UNVERIFIED(表示基準日がページ間で不一致: トップ2026-08-16/使い方2026-05-17),TOP10,MISSING_ROI,NOT_AVAILABLE,原表と方式を入手するまで使用しない。原行は保持
rec_14e28b74bb5966a7d245231054d6851b0ee67a6b968857f0e02d7a1ea6cbcbae,PRIMARY_SIRE,SireCond_連結済み_20260701.csv,80,SIRE,レイデオロ,,NAME_KEY_ONLY_UNVERIFIED_OFFICIAL_ID,左回り,NAMED_CONDITION,PARSED,,,,,,,,,,,WIN_ROI_PCT|PLACE_ROI_PCT|N_STARTS,UNKNOWN,サイト現行既定は「オッズ反比例の賭け金・固定払戻の意図」(WEB_DEFINITION)。CSV作成時点の方式である証明にはならない,EQUAL_STAKE|EQUAL_PAYOUT,Y,Y,YES_PUBLIC_SCOPE_UNRULED,5,,,,N_WEIGHTED_MEAN_OF_PCT: sum(ROI_i*n_i)/sum(n_i) を整数丸め,UNVERIFIED_AGGREGATION,LEGACY_SIRE_TRAINER_CODE,二重丸め(掲載値が整数%＋加重平均後に再度整数丸め),,,,,UNKNOWN,,DB_KEIBA,roi_presence_raw と完全に1対1でROI記入の有無の言い換え。行の出所ではない,8,,,UNVERIFIED(表示基準日がページ間で不一致: トップ2026-08-16/使い方2026-05-17),TOP10,,HOLD_MERGE+HOLD_METHOD+HOLD_ASOF+HOLD_ID,①購入方式の確定 ②分母(賭け金総額・払戻総額)の入手 ③加重平均の再現可否検証 ④場/距離/回りの重複排除
rec_796a791ea0ce45742c16c2c381e41dd81de7801a0075135f7719526291555db9,PRIMARY_SIRE,SireCond_連結済み_20260701.csv,81,SIRE,ルヴァンスレーヴ,,NAME_KEY_ONLY_UNVERIFIED_OFFICIAL_ID,左回り,NAMED_CONDITION,PARSED,,,,,,,,,,,,UNKNOWN,,,N,N,NOT_APPLICABLE,,,,,,NOT_APPLICABLE_NO_ROI,,,,,,,UNKNOWN,,BOOK_OR_UNSPECIFIED_ROI_SOURCE,roi_presence_raw と完全に1対1でROI記入の有無の言い換え。行の出所ではない,19,,,UNVERIFIED(表示基準日がページ間で不一致: トップ2026-08-16/使い方2026-05-17),TOP10,MISSING_ROI,NOT_AVAILABLE,原表と方式を入手するまで使用しない。原行は保持
rec_494a1ab7ec012e98adb350cc5b970efdec96b0f230d9b7be448319d4d5fed110,PRIMARY_SIRE,SireCond_連結済み_20260701.csv,82,SIRE,フォーウィールドライブ,,NAME_KEY_ONLY_UNVERIFIED_OFFICIAL_ID,左回り,NAMED_CONDITION,PARSED,,,,,,,,,,,,UNKNOWN,,,N,N,NOT_APPLICABLE,,,,,,NOT_APPLICABLE_NO_ROI,,,,,,,UNKNOWN,,BOOK_OR_UNSPECIFIED_ROI_SOURCE,roi_presence_raw と完全に1対1でROI記入の有無の言い換え。行の出所ではない,9,,,UNVERIFIED(表示基準日がページ間で不一致: トップ2026-08-16/使い方2026-05-17),TOP10,MISSING_ROI,NOT_AVAILABLE,原表と方式を入手するまで使用しない。原行は保持
rec_5db1870495b428bfd98e0e2867d0f1f41bd939a6dea9f2f558fdd37ace752885,PRIMARY_SIRE,SireCond_連結済み_20260701.csv,83,SIRE,ミスチヴィアスアレックス,,NAME_KEY_ONLY_UNVERIFIED_OFFICIAL_ID,左回り,NAMED_CONDITION,PARSED,,,,,,,,,,,,UNKNOWN,,,N,N,NOT_APPLICABLE,,,,,,NOT_APPLICABLE_NO_ROI,,,,,,,UNKNOWN,,BOOK_OR_UNSPECIFIED_ROI_SOURCE,roi_presence_raw と完全に1対1でROI記入の有無の言い換え。行の出所ではない,8,,,UNVERIFIED(表示基準日がページ間で不一致: トップ2026-08-16/使い方2026-05-17),TOP10,MISSING_ROI,NOT_AVAILABLE,原表と方式を入手するまで使用しない。原行は保持
rec_3ca23adc939226f40adece8ee28523d9ec08d04ca392581090213dfc98f4aa68,PRIMARY_SIRE,SireCond_連結済み_20260701.csv,84,SIRE,ホッコータルマエ,,NAME_KEY_ONLY_UNVERIFIED_OFFICIAL_ID,左回り,NAMED_CONDITION,PARSED,,,,,,,,,,,WIN_ROI_PCT|PLACE_ROI_PCT|N_STARTS,UNKNOWN,サイト現行既定は「オッズ反比例の賭け金・固定払戻の意図」(WEB_DEFINITION)。CSV作成時点の方式である証明にはならない,EQUAL_STAKE|EQUAL_PAYOUT,Y,Y,YES_PUBLIC_SCOPE_UNRULED,644,,,,N_WEIGHTED_MEAN_OF_PCT: sum(ROI_i*n_i)/sum(n_i) を整数丸め,UNVERIFIED_AGGREGATION,LEGACY_SIRE_TRAINER_CODE,二重丸め(掲載値が整数%＋加重平均後に再度整数丸め),,,,,UNKNOWN,,DB_KEIBA,roi_presence_raw と完全に1対1でROI記入の有無の言い換え。行の出所ではない,6,,,UNVERIFIED(表示基準日がページ間で不一致: トップ2026-08-16/使い方2026-05-17),TOP10,,HOLD_MERGE+HOLD_METHOD+HOLD_ASOF+HOLD_ID,①購入方式の確定 ②分母(賭け金総額・払戻総額)の入手 ③加重平均の再現可否検証 ④場/距離/回りの重複排除
rec_23237760753a94ffcb5efee0ef521ac2e8a67c61a8c38ed8ec71d15c38e6ade4,PRIMARY_SIRE,SireCond_連結済み_20260701.csv,85,SIRE,マインドユアビスケッツ,,NAME_KEY_ONLY_UNVERIFIED_OFFICIAL_ID,左回り,NAMED_CONDITION,PARSED,,,,,,,,,,,WIN_ROI_PCT|PLACE_ROI_PCT|N_STARTS,UNKNOWN,サイト現行既定は「オッズ反比例の賭け金・固定払戻の意図」(WEB_DEFINITION)。CSV作成時点の方式である証明にはならない,EQUAL_STAKE|EQUAL_PAYOUT,Y,Y,YES_PUBLIC_SCOPE_UNRULED,131,,,,N_WEIGHTED_MEAN_OF_PCT: sum(ROI_i*n_i)/sum(n_i) を整数丸め,UNVERIFIED_AGGREGATION,LEGACY_SIRE_TRAINER_CODE,二重丸め(掲載値が整数%＋加重平均後に再度整数丸め),,,,,UNKNOWN,,DB_KEIBA,roi_presence_raw と完全に1対1でROI記入の有無の言い換え。行の出所ではない,5,,,UNVERIFIED(表示基準日がページ間で不一致: トップ2026-08-16/使い方2026-05-17),TOP10,,HOLD_MERGE+HOLD_METHOD+HOLD_ASOF+HOLD_ID,①購入方式の確定 ②分母(賭け金総額・払戻総額)の入手 ③加重平均の再現可否検証 ④場/距離/回りの重複排除
rec_6f8cffc1677da8581e4db3b60ba7eba60f27ca133141ced1f799c6ae807cc964,PRIMARY_SIRE,SireCond_連結済み_20260701.csv,86,SIRE,ドレフォン,,NAME_KEY_ONLY_UNVERIFIED_OFFICIAL_ID,左回り,NAMED_CONDITION,PARSED,,,,,,,,,,,WIN_ROI_PCT|PLACE_ROI_PCT|N_STARTS,UNKNOWN,サイト現行既定は「オッズ反比例の賭け金・固定払戻の意図」(WEB_DEFINITION)。CSV作成時点の方式である証明にはならない,EQUAL_STAKE|EQUAL_PAYOUT,Y,Y,YES_PUBLIC_SCOPE_UNRULED,1090,,,,N_WEIGHTED_MEAN_OF_PCT: sum(ROI_i*n_i)/sum(n_i) を整数丸め,UNVERIFIED_AGGREGATION,LEGACY_SIRE_TRAINER_CODE,二重丸め(掲載値が整数%＋加重平均後に再度整数丸め),,,,,UNKNOWN,,DB_KEIBA,roi_presence_raw と完全に1対1でROI記入の有無の言い換え。行の出所ではない,18,,,UNVERIFIED(表示基準日がページ間で不一致: トップ2026-08-16/使い方2026-05-17),TOP10,,HOLD_MERGE+HOLD_METHOD+HOLD_ASOF+HOLD_ID,①購入方式の確定 ②分母(賭け金総額・払戻総額)の入手 ③加重平均の再現可否検証 ④場/距離/回りの重複排除
rec_f8cd52dbe1e113f137bc547986ee52de78b08db437cc16c705b8522c42a5db76,PRIMARY_SIRE,SireCond_連結済み_20260701.csv,87,SIRE,ミッキーアイル,,NAME_KEY_ONLY_UNVERIFIED_OFFICIAL_ID,左回り,NAMED_CONDITION,PARSED,,,,,,,,,,,WIN_ROI_PCT|PLACE_ROI_PCT|N_STARTS,UNKNOWN,サイト現行既定は「オッズ反比例の賭け金・固定払戻の意図」(WEB_DEFINITION)。CSV作成時点の方式である証明にはならない,EQUAL_STAKE|EQUAL_PAYOUT,Y,Y,YES_PUBLIC_SCOPE_UNRULED,198,,,,N_WEIGHTED_MEAN_OF_PCT: sum(ROI_i*n_i)/sum(n_i) を整数丸め,UNVERIFIED_AGGREGATION,LEGACY_SIRE_TRAINER_CODE,二重丸め(掲載値が整数%＋加重平均後に再度整数丸め),,,,,UNKNOWN,,DB_KEIBA,roi_presence_raw と完全に1対1でROI記入の有無の言い換え。行の出所ではない,7,,,UNVERIFIED(表示基準日がページ間で不一致: トップ2026-08-16/使い方2026-05-17),TOP10,,HOLD_MERGE+HOLD_METHOD+HOLD_ASOF+HOLD_ID,①購入方式の確定 ②分母(賭け金総額・払戻総額)の入手 ③加重平均の再現可否検証 ④場/距離/回りの重複排除
rec_47a612d916742aba0acdc5511cf08286ab8bbfb6466a74870a753b59e696e423,PRIMARY_SIRE,SireCond_連結済み_20260701.csv,88,SIRE,ダノンバラード,,NAME_KEY_ONLY_UNVERIFIED_OFFICIAL_ID,左回り,NAMED_CONDITION,PARSED,,,,,,,,,,,,UNKNOWN,,,N,N,NOT_APPLICABLE,,,,,,NOT_APPLICABLE_NO_ROI,,,,,,,UNKNOWN,,BOOK_OR_UNSPECIFIED_ROI_SOURCE,roi_presence_raw と完全に1対1でROI記入の有無の言い換え。行の出所ではない,6,,,UNVERIFIED(表示基準日がページ間で不一致: トップ2026-08-16/使い方2026-05-17),TOP10,MISSING_ROI,NOT_AVAILABLE,原表と方式を入手するまで使用しない。原行は保持
rec_1ab258be945db80c115865ade92cf343391ca764e27f878e807c05089418d13a,PRIMARY_SIRE,SireCond_連結済み_20260701.csv,89,SIRE,ノーブルミッション,,NAME_KEY_ONLY_UNVERIFIED_OFFICIAL_ID,左回り,NAMED_CONDITION,PARSED,,,,,,,,,,,,UNKNOWN,,,N,N,NOT_APPLICABLE,,,,,,NOT_APPLICABLE_NO_ROI,,,,,,,UNKNOWN,,BOOK_OR_UNSPECIFIED_ROI_SOURCE,roi_presence_raw と完全に1対1でROI記入の有無の言い換え。行の出所ではない,15,,,UNVERIFIED(表示基準日がページ間で不一致: トップ2026-08-16/使い方2026-05-17),ワースト3,MISSING_ROI,NOT_AVAILABLE,原表と方式を入手するまで使用しない。原行は保持
rec_8f5bac4c73d6ab3cda7128211d7c0831a21e03b97c977b6e297767ae53b6a4a7,PRIMARY_SIRE,SireCond_連結済み_20260701.csv,90,SIRE,ハービンジャー,,NAME_KEY_ONLY_UNVERIFIED_OFFICIAL_ID,左回り,NAMED_CONDITION,PARSED,,,,,,,,,,,WIN_ROI_PCT|PLACE_ROI_PCT|N_STARTS,UNKNOWN,サイト現行既定は「オッズ反比例の賭け金・固定払戻の意図」(WEB_DEFINITION)。CSV作成時点の方式である証明にはならない,EQUAL_STAKE|EQUAL_PAYOUT,Y,Y,YES_PUBLIC_SCOPE_UNRULED,819,,,,N_WEIGHTED_MEAN_OF_PCT: sum(ROI_i*n_i)/sum(n_i) を整数丸め,UNVERIFIED_AGGREGATION,LEGACY_SIRE_TRAINER_CODE,二重丸め(掲載値が整数%＋加重平均後に再度整数丸め),,,,,UNKNOWN,,DB_KEIBA,roi_presence_raw と完全に1対1でROI記入の有無の言い換え。行の出所ではない,2,,,UNVERIFIED(表示基準日がページ間で不一致: トップ2026-08-16/使い方2026-05-17),ワースト3,,HOLD_MERGE+HOLD_METHOD+HOLD_ASOF+HOLD_ID,①購入方式の確定 ②分母(賭け金総額・払戻総額)の入手 ③加重平均の再現可否検証 ④場/距離/回りの重複排除
rec_f29d7867a37223cca5ee21987e8ffac3b9611a6213a1fd0450162cd1d07739b1,PRIMARY_SIRE,SireCond_連結済み_20260701.csv,91,SIRE,リオンディーズ,,NAME_KEY_ONLY_UNVERIFIED_OFFICIAL_ID,左回り,NAMED_CONDITION,PARSED,,,,,,,,,,,WIN_ROI_PCT|PLACE_ROI_PCT|N_STARTS,UNKNOWN,サイト現行既定は「オッズ反比例の賭け金・固定払戻の意図」(WEB_DEFINITION)。CSV作成時点の方式である証明にはならない,EQUAL_STAKE|EQUAL_PAYOUT,Y,Y,YES_PUBLIC_SCOPE_UNRULED,142,,,,N_WEIGHTED_MEAN_OF_PCT: sum(ROI_i*n_i)/sum(n_i) を整数丸め,UNVERIFIED_AGGREGATION,LEGACY_SIRE_TRAINER_CODE,二重丸め(掲載値が整数%＋加重平均後に再度整数丸め),,,,,UNKNOWN,,DB_KEIBA,roi_presence_raw と完全に1対1でROI記入の有無の言い換え。行の出所ではない,4,,,UNVERIFIED(表示基準日がページ間で不一致: トップ2026-08-16/使い方2026-05-17),ワースト3,,HOLD_MERGE+HOLD_METHOD+HOLD_ASOF+HOLD_ID,①購入方式の確定 ②分母(賭け金総額・払戻総額)の入手 ③加重平均の再現可否検証 ④場/距離/回りの重複排除
rec_ceadc1ddefc453fd69f365494f371c599d834135481b0cb43011d0565d097136,PRIMARY_SIRE,SireCond_連結済み_20260701.csv,92,SIRE,ルヴァンスレーヴ,,NAME_KEY_ONLY_UNVERIFIED_OFFICIAL_ID,右回り,NAMED_CONDITION,PARSED,,,,,,,,,,,WIN_ROI_PCT|PLACE_ROI_PCT|N_STARTS,UNKNOWN,サイト現行既定は「オッズ反比例の賭け金・固定払戻の意図」(WEB_DEFINITION)。CSV作成時点の方式である証明にはならない,EQUAL_STAKE|EQUAL_PAYOUT,Y,Y,YES_PUBLIC_SCOPE_UNRULED,85,,,,N_WEIGHTED_MEAN_OF_PCT: sum(ROI_i*n_i)/sum(n_i) を整数丸め,UNVERIFIED_AGGREGATION,LEGACY_SIRE_TRAINER_CODE,二重丸め(掲載値が整数%＋加重平均後に再度整数丸め),,,,,UNKNOWN,,DB_KEIBA,roi_presence_raw と完全に1対1でROI記入の有無の言い換え。行の出所ではない,19,,,UNVERIFIED(表示基準日がページ間で不一致: トップ2026-08-16/使い方2026-05-17),TOP10,,HOLD_MERGE+HOLD_METHOD+HOLD_ASOF+HOLD_ID,①購入方式の確定 ②分母(賭け金総額・払戻総額)の入手 ③加重平均の再現可否検証 ④場/距離/回りの重複排除
rec_4d3200453220324a7f249e6613ed97b56aa49d496273d5bb0f2d2ed880efce65,PRIMARY_SIRE,SireCond_連結済み_20260701.csv,93,SIRE,シニスターミニスター,,NAME_KEY_ONLY_UNVERIFIED_OFFICIAL_ID,右回り,NAMED_CONDITION,PARSED,,,,,,,,,,,WIN_ROI_PCT|PLACE_ROI_PCT|N_STARTS,UNKNOWN,サイト現行既定は「オッズ反比例の賭け金・固定払戻の意図」(WEB_DEFINITION)。CSV作成時点の方式である証明にはならない,EQUAL_STAKE|EQUAL_PAYOUT,Y,Y,YES_PUBLIC_SCOPE_UNRULED,1491,,,,N_WEIGHTED_MEAN_OF_PCT: sum(ROI_i*n_i)/sum(n_i) を整数丸め,UNVERIFIED_AGGREGATION,LEGACY_SIRE_TRAINER_CODE,二重丸め(掲載値が整数%＋加重平均後に再度整数丸め),,,,,UNKNOWN,,DB_KEIBA,roi_presence_raw と完全に1対1でROI記入の有無の言い換え。行の出所ではない,12,,,UNVERIFIED(表示基準日がページ間で不一致: トップ2026-08-16/使い方2026-05-17),TOP10,,HOLD_MERGE+HOLD_METHOD+HOLD_ASOF+HOLD_ID,①購入方式の確定 ②分母(賭け金総額・払戻総額)の入手 ③加重平均の再現可否検証 ④場/距離/回りの重複排除
rec_a8cb7bacbc41df3bd7451597c1cd056eac163f9c9b64b8165704a59784065b24,PRIMARY_SIRE,SireCond_連結済み_20260701.csv,94,SIRE,ドレフォン,,NAME_KEY_ONLY_UNVERIFIED_OFFICIAL_ID,右回り,NAMED_CONDITION,PARSED,,,,,,,,,,,WIN_ROI_PCT|PLACE_ROI_PCT|N_STARTS,UNKNOWN,サイト現行既定は「オッズ反比例の賭け金・固定払戻の意図」(WEB_DEFINITION)。CSV作成時点の方式である証明にはならない,EQUAL_STAKE|EQUAL_PAYOUT,Y,Y,YES_PUBLIC_SCOPE_UNRULED,1773,,,,N_WEIGHTED_MEAN_OF_PCT: sum(ROI_i*n_i)/sum(n_i) を整数丸め,UNVERIFIED_AGGREGATION,LEGACY_SIRE_TRAINER_CODE,二重丸め(掲載値が整数%＋加重平均後に再度整数丸め),,,,,UNKNOWN,,DB_KEIBA,roi_presence_raw と完全に1対1でROI記入の有無の言い換え。行の出所ではない,18,,,UNVERIFIED(表示基準日がページ間で不一致: トップ2026-08-16/使い方2026-05-17),TOP10,,HOLD_MERGE+HOLD_METHOD+HOLD_ASOF+HOLD_ID,①購入方式の確定 ②分母(賭け金総額・払戻総額)の入手 ③加重平均の再現可否検証 ④場/距離/回りの重複排除
rec_366f6ba99018a44ecaeb5d9c8f430d55f1aa7e32287b4bccb4503fc0522786ca,PRIMARY_SIRE,SireCond_連結済み_20260701.csv,95,SIRE,ダノンレジェンド,,NAME_KEY_ONLY_UNVERIFIED_OFFICIAL_ID,右回り,NAMED_CONDITION,PARSED,,,,,,,,,,,WIN_ROI_PCT|PLACE_ROI_PCT|N_STARTS,UNKNOWN,サイト現行既定は「オッズ反比例の賭け金・固定払戻の意図」(WEB_DEFINITION)。CSV作成時点の方式である証明にはならない,EQUAL_STAKE|EQUAL_PAYOUT,Y,Y,YES_PUBLIC_SCOPE_UNRULED,251,,,,N_WEIGHTED_MEAN_OF_PCT: sum(ROI_i*n_i)/sum(n_i) を整数丸め,UNVERIFIED_AGGREGATION,LEGACY_SIRE_TRAINER_CODE,二重丸め(掲載値が整数%＋加重平均後に再度整数丸め),,,,,UNKNOWN,,DB_KEIBA,roi_presence_raw と完全に1対1でROI記入の有無の言い換え。行の出所ではない,6,,,UNVERIFIED(表示基準日がページ間で不一致: トップ2026-08-16/使い方2026-05-17),TOP10,,HOLD_MERGE+HOLD_METHOD+HOLD_ASOF+HOLD_ID,①購入方式の確定 ②分母(賭け金総額・払戻総額)の入手 ③加重平均の再現可否検証 ④場/距離/回りの重複排除
rec_ec44e66ef4dc33ac43d6320e24522f7e9ea5f2a78323c14c33856656ca8633cc,PRIMARY_SIRE,SireCond_連結済み_20260701.csv,96,SIRE,サンダースノー,,NAME_KEY_ONLY_UNVERIFIED_OFFICIAL_ID,右回り,NAMED_CONDITION,PARSED,,,,,,,,,,,WIN_ROI_PCT|PLACE_ROI_PCT|N_STARTS,UNKNOWN,サイト現行既定は「オッズ反比例の賭け金・固定払戻の意図」(WEB_DEFINITION)。CSV作成時点の方式である証明にはならない,EQUAL_STAKE|EQUAL_PAYOUT,Y,Y,YES_PUBLIC_SCOPE_UNRULED,73,,,,N_WEIGHTED_MEAN_OF_PCT: sum(ROI_i*n_i)/sum(n_i) を整数丸め,UNVERIFIED_AGGREGATION,LEGACY_SIRE_TRAINER_CODE,二重丸め(掲載値が整数%＋加重平均後に再度整数丸め),,,,,UNKNOWN,,DB_KEIBA,roi_presence_raw と完全に1対1でROI記入の有無の言い換え。行の出所ではない,10,,,UNVERIFIED(表示基準日がページ間で不一致: トップ2026-08-16/使い方2026-05-17),TOP10,,HOLD_MERGE+HOLD_METHOD+HOLD_ASOF+HOLD_ID,①購入方式の確定 ②分母(賭け金総額・払戻総額)の入手 ③加重平均の再現可否検証 ④場/距離/回りの重複排除
rec_bd70b4ffa96d0fd83beef8f7785876136603a5302b7b30cf1546a98af3591785,PRIMARY_SIRE,SireCond_連結済み_20260701.csv,97,SIRE,イスラボニータ,,NAME_KEY_ONLY_UNVERIFIED_OFFICIAL_ID,右回り,NAMED_CONDITION,PARSED,,,,,,,,,,,WIN_ROI_PCT|PLACE_ROI_PCT|N_STARTS,UNKNOWN,サイト現行既定は「オッズ反比例の賭け金・固定払戻の意図」(WEB_DEFINITION)。CSV作成時点の方式である証明にはならない,EQUAL_STAKE|EQUAL_PAYOUT,Y,Y,YES_PUBLIC_SCOPE_UNRULED,391,,,,N_WEIGHTED_MEAN_OF_PCT: sum(ROI_i*n_i)/sum(n_i) を整数丸め,UNVERIFIED_AGGREGATION,LEGACY_SIRE_TRAINER_CODE,二重丸め(掲載値が整数%＋加重平均後に再度整数丸め),,,,,UNKNOWN,,DB_KEIBA,roi_presence_raw と完全に1対1でROI記入の有無の言い換え。行の出所ではない,8,,,UNVERIFIED(表示基準日がページ間で不一致: トップ2026-08-16/使い方2026-05-17),TOP10,,HOLD_MERGE+HOLD_METHOD+HOLD_ASOF+HOLD_ID,①購入方式の確定 ②分母(賭け金総額・払戻総額)の入手 ③加重平均の再現可否検証 ④場/距離/回りの重複排除
rec_9230d64afe006b54516c931b3f367d0cf3f4b32f4093a12e1a152ceaac023680,PRIMARY_SIRE,SireCond_連結済み_20260701.csv,98,SIRE,ディスクリートキャット,,NAME_KEY_ONLY_UNVERIFIED_OFFICIAL_ID,右回り,NAMED_CONDITION,PARSED,,,,,,,,,,,WIN_ROI_PCT|PLACE_ROI_PCT|N_STARTS,UNKNOWN,サイト現行既定は「オッズ反比例の賭け金・固定払戻の意図」(WEB_DEFINITION)。CSV作成時点の方式である証明にはならない,EQUAL_STAKE|EQUAL_PAYOUT,Y,Y,YES_PUBLIC_SCOPE_UNRULED,272,,,,N_WEIGHTED_MEAN_OF_PCT: sum(ROI_i*n_i)/sum(n_i) を整数丸め,UNVERIFIED_AGGREGATION,LEGACY_SIRE_TRAINER_CODE,二重丸め(掲載値が整数%＋加重平均後に再度整数丸め),,,,,UNKNOWN,,DB_KEIBA,roi_presence_raw と完全に1対1でROI記入の有無の言い換え。行の出所ではない,5,,,UNVERIFIED(表示基準日がページ間で不一致: トップ2026-08-16/使い方2026-05-17),TOP10,,HOLD_MERGE+HOLD_METHOD+HOLD_ASOF+HOLD_ID,①購入方式の確定 ②分母(賭け金総額・払戻総額)の入手 ③加重平均の再現可否検証 ④場/距離/回りの重複排除
rec_c3cb447c7068e41f15c409ed5778ddc116010582f2bc2714d80a685a517bd2ee,PRIMARY_SIRE,SireCond_連結済み_20260701.csv,99,SIRE,カリフォルニアクローム,,NAME_KEY_ONLY_UNVERIFIED_OFFICIAL_ID,右回り,NAMED_CONDITION,PARSED,,,,,,,,,,,,UNKNOWN,,,N,N,NOT_APPLICABLE,,,,,,NOT_APPLICABLE_NO_ROI,,,,,,,UNKNOWN,,BOOK_OR_UNSPECIFIED_ROI_SOURCE,roi_presence_raw と完全に1対1でROI記入の有無の言い換え。行の出所ではない,6,,,UNVERIFIED(表示基準日がページ間で不一致: トップ2026-08-16/使い方2026-05-17),TOP10,MISSING_ROI,NOT_AVAILABLE,原表と方式を入手するまで使用しない。原行は保持
rec_7c877bf325a352ab7136cc4b89b6718363b7c9c0261c61e0f0be9b95ac2653aa,PRIMARY_SIRE,SireCond_連結済み_20260701.csv,100,SIRE,アニマルキングダム,,NAME_KEY_ONLY_UNVERIFIED_OFFICIAL_ID,右回り,NAMED_CONDITION,PARSED,,,,,,,,,,,WIN_ROI_PCT|PLACE_ROI_PCT|N_STARTS,UNKNOWN,サイト現行既定は「オッズ反比例の賭け金・固定払戻の意図」(WEB_DEFINITION)。CSV作成時点の方式である証明にはならない,EQUAL_STAKE|EQUAL_PAYOUT,Y,Y,YES_PUBLIC_SCOPE_UNRULED,1,,,,N_WEIGHTED_MEAN_OF_PCT: sum(ROI_i*n_i)/sum(n_i) を整数丸め,UNVERIFIED_AGGREGATION,LEGACY_SIRE_TRAINER_CODE,二重丸め(掲載値が整数%＋加重平均後に再度整数丸め),,,,,UNKNOWN,,DB_KEIBA,roi_presence_raw と完全に1対1でROI記入の有無の言い換え。行の出所ではない,6,,,UNVERIFIED(表示基準日がページ間で不一致: トップ2026-08-16/使い方2026-05-17),TOP10,,HOLD_MERGE+HOLD_METHOD+HOLD_ASOF+HOLD_ID,①購入方式の確定 ②分母(賭け金総額・払戻総額)の入手 ③加重平均の再現可否検証 ④場/距離/回りの重複排除
rec_d9219f5bad46e4b047919ee036e088d80f12dc7b143db18b6f8783a05a9ee1d7,PRIMARY_SIRE,SireCond_連結済み_20260701.csv,101,SIRE,ゴールドアクター,,NAME_KEY_ONLY_UNVERIFIED_OFFICIAL_ID,右回り,NAMED_CONDITION,PARSED,,,,,,,,,,,WIN_ROI_PCT|PLACE_ROI_PCT|N_STARTS,UNKNOWN,サイト現行既定は「オッズ反比例の賭け金・固定払戻の意図」(WEB_DEFINITION)。CSV作成時点の方式である証明にはならない,EQUAL_STAKE|EQUAL_PAYOUT,Y,Y,YES_PUBLIC_SCOPE_UNRULED,1,,,,N_WEIGHTED_MEAN_OF_PCT: sum(ROI_i*n_i)/sum(n_i) を整数丸め,UNVERIFIED_AGGREGATION,LEGACY_SIRE_TRAINER_CODE,二重丸め(掲載値が整数%＋加重平均後に再度整数丸め),,,,,UNKNOWN,,DB_KEIBA,roi_presence_raw と完全に1対1でROI記入の有無の言い換え。行の出所ではない,8,,,UNVERIFIED(表示基準日がページ間で不一致: トップ2026-08-16/使い方2026-05-17),TOP10,,HOLD_MERGE+HOLD_METHOD+HOLD_ASOF+HOLD_ID,①購入方式の確定 ②分母(賭け金総額・払戻総額)の入手 ③加重平均の再現可否検証 ④場/距離/回りの重複排除
rec_bdd2de817583369685566a3361e730ebf34532c3d0876832df26cffb2c42d8f6,PRIMARY_SIRE,SireCond_連結済み_20260701.csv,102,SIRE,ノーブルミッション,,NAME_KEY_ONLY_UNVERIFIED_OFFICIAL_ID,右回り,NAMED_CONDITION,PARSED,,,,,,,,,,,,UNKNOWN,,,N,N,NOT_APPLICABLE,,,,,,NOT_APPLICABLE_NO_ROI,,,,,,,UNKNOWN,,BOOK_OR_UNSPECIFIED_ROI_SOURCE,roi_presence_raw と完全に1対1でROI記入の有無の言い換え。行の出所ではない,15,,,UNVERIFIED(表示基準日がページ間で不一致: トップ2026-08-16/使い方2026-05-17),ワースト3,MISSING_ROI,NOT_AVAILABLE,原表と方式を入手するまで使用しない。原行は保持
rec_966a195347e24945a9cbaca79134f298c3b26063285f76080b2894fcde8b460b,PRIMARY_SIRE,SireCond_連結済み_20260701.csv,103,SIRE,エピファネイア,,NAME_KEY_ONLY_UNVERIFIED_OFFICIAL_ID,右回り,NAMED_CONDITION,PARSED,,,,,,,,,,,WIN_ROI_PCT|PLACE_ROI_PCT|N_STARTS,UNKNOWN,サイト現行既定は「オッズ反比例の賭け金・固定払戻の意図」(WEB_DEFINITION)。CSV作成時点の方式である証明にはならない,EQUAL_STAKE|EQUAL_PAYOUT,Y,Y,YES_PUBLIC_SCOPE_UNRULED,2329,,,,N_WEIGHTED_MEAN_OF_PCT: sum(ROI_i*n_i)/sum(n_i) を整数丸め,UNVERIFIED_AGGREGATION,LEGACY_SIRE_TRAINER_CODE,二重丸め(掲載値が整数%＋加重平均後に再度整数丸め),,,,,UNKNOWN,,DB_KEIBA,roi_presence_raw と完全に1対1でROI記入の有無の言い換え。行の出所ではない,13,,,UNVERIFIED(表示基準日がページ間で不一致: トップ2026-08-16/使い方2026-05-17),ワースト3,,HOLD_MERGE+HOLD_METHOD+HOLD_ASOF+HOLD_ID,①購入方式の確定 ②分母(賭け金総額・払戻総額)の入手 ③加重平均の再現可否検証 ④場/距離/回りの重複排除
rec_8c63f7c52e841f8a5c4fe0e18bf1359870ba110f02341023c0b96b57ae8e5c34,PRIMARY_SIRE,SireCond_連結済み_20260701.csv,104,SIRE,モーリス,,NAME_KEY_ONLY_UNVERIFIED_OFFICIAL_ID,右回り,NAMED_CONDITION,PARSED,,,,,,,,,,,WIN_ROI_PCT|PLACE_ROI_PCT|N_STARTS,UNKNOWN,サイト現行既定は「オッズ反比例の賭け金・固定払戻の意図」(WEB_DEFINITION)。CSV作成時点の方式である証明にはならない,EQUAL_STAKE|EQUAL_PAYOUT,Y,Y,YES_PUBLIC_SCOPE_UNRULED,2227,,,,N_WEIGHTED_MEAN_OF_PCT: sum(ROI_i*n_i)/sum(n_i) を整数丸め,UNVERIFIED_AGGREGATION,LEGACY_SIRE_TRAINER_CODE,二重丸め(掲載値が整数%＋加重平均後に再度整数丸め),,,,,UNKNOWN,,DB_KEIBA,roi_presence_raw と完全に1対1でROI記入の有無の言い換え。行の出所ではない,7,,,UNVERIFIED(表示基準日がページ間で不一致: トップ2026-08-16/使い方2026-05-17),ワースト3,,HOLD_MERGE+HOLD_METHOD+HOLD_ASOF+HOLD_ID,①購入方式の確定 ②分母(賭け金総額・払戻総額)の入手 ③加重平均の再現可否検証 ④場/距離/回りの重複排除
rec_1ac3fb04799b353208b58aef4b02f1d8306e1ec84fc07dfa9581cd82746da869,PRIMARY_SIRE,SireCond_連結済み_20260701.csv,105,SIRE,ゴールドアクター,,NAME_KEY_ONLY_UNVERIFIED_OFFICIAL_ID,札幌,NAMED_CONDITION,PARSED,,,,,,,,,,,,UNKNOWN,,,N,N,NOT_APPLICABLE,,,,,,NOT_APPLICABLE_NO_ROI,,,,,,,UNKNOWN,,BOOK_OR_UNSPECIFIED_ROI_SOURCE,roi_presence_raw と完全に1対1でROI記入の有無の言い換え。行の出所ではない,8,,,UNVERIFIED(表示基準日がページ間で不一致: トップ2026-08-16/使い方2026-05-17),TOP10,MISSING_ROI,NOT_AVAILABLE,原表と方式を入手するまで使用しない。原行は保持
rec_6fab77e2ccdfe7da4f39f48fea590d35899d17af5fd5ed7c5ed2a8d287c09936,PRIMARY_SIRE,SireCond_連結済み_20260701.csv,106,SIRE,ルヴァンスレーヴ,,NAME_KEY_ONLY_UNVERIFIED_OFFICIAL_ID,札幌,NAMED_CONDITION,PARSED,,,,,,,,,,,WIN_ROI_PCT|PLACE_ROI_PCT|N_STARTS,UNKNOWN,サイト現行既定は「オッズ反比例の賭け金・固定払戻の意図」(WEB_DEFINITION)。CSV作成時点の方式である証明にはならない,EQUAL_STAKE|EQUAL_PAYOUT,Y,Y,YES_PUBLIC_SCOPE_UNRULED,1,,,,N_WEIGHTED_MEAN_OF_PCT: sum(ROI_i*n_i)/sum(n_i) を整数丸め,UNVERIFIED_AGGREGATION,LEGACY_SIRE_TRAINER_CODE,二重丸め(掲載値が整数%＋加重平均後に再度整数丸め),,,,,UNKNOWN,,DB_KEIBA,roi_presence_raw と完全に1対1でROI記入の有無の言い換え。行の出所ではない,19,,,UNVERIFIED(表示基準日がページ間で不一致: トップ2026-08-16/使い方2026-05-17),TOP10,,HOLD_MERGE+HOLD_METHOD+HOLD_ASOF+HOLD_ID,①購入方式の確定 ②分母(賭け金総額・払戻総額)の入手 ③加重平均の再現可否検証 ④場/距離/回りの重複排除
rec_12e41592a034ed47b2504b29fa79307b3371fc7c67a2b5c971be11d2be800213,PRIMARY_SIRE,SireCond_連結済み_20260701.csv,107,SIRE,キタサンブラック,,NAME_KEY_ONLY_UNVERIFIED_OFFICIAL_ID,札幌,NAMED_CONDITION,PARSED,,,,,,,,,,,WIN_ROI_PCT|PLACE_ROI_PCT|N_STARTS,UNKNOWN,サイト現行既定は「オッズ反比例の賭け金・固定払戻の意図」(WEB_DEFINITION)。CSV作成時点の方式である証明にはならない,EQUAL_STAKE|EQUAL_PAYOUT,Y,Y,YES_PUBLIC_SCOPE_UNRULED,18,,,,N_WEIGHTED_MEAN_OF_PCT: sum(ROI_i*n_i)/sum(n_i) を整数丸め,UNVERIFIED_AGGREGATION,LEGACY_SIRE_TRAINER_CODE,二重丸め(掲載値が整数%＋加重平均後に再度整数丸め),,,,,UNKNOWN,,DB_KEIBA,roi_presence_raw と完全に1対1でROI記入の有無の言い換え。行の出所ではない,5,,,UNVERIFIED(表示基準日がページ間で不一致: トップ2026-08-16/使い方2026-05-17),TOP10,,HOLD_MERGE+HOLD_METHOD+HOLD_ASOF+HOLD_ID,①購入方式の確定 ②分母(賭け金総額・払戻総額)の入手 ③加重平均の再現可否検証 ④場/距離/回りの重複排除
rec_aa46cc82c0bd84561da433a82c3034cbd2d3d35a100ce37ae31dae74888e3c00,PRIMARY_SIRE,SireCond_連結済み_20260701.csv,108,SIRE,Union Rags,,NAME_KEY_ONLY_UNVERIFIED_OFFICIAL_ID,札幌,NAMED_CONDITION,PARSED,,,,,,,,,,,,UNKNOWN,,,N,N,NOT_APPLICABLE,,,,,,NOT_APPLICABLE_NO_ROI,,,,,,,UNKNOWN,,BOOK_OR_UNSPECIFIED_ROI_SOURCE,roi_presence_raw と完全に1対1でROI記入の有無の言い換え。行の出所ではない,1,,,UNVERIFIED(表示基準日がページ間で不一致: トップ2026-08-16/使い方2026-05-17),TOP10,MISSING_ROI,NOT_AVAILABLE,原表と方式を入手するまで使用しない。原行は保持
rec_0c19d6ac19e9ee10ddad42a8dc81054b504f9baa12a07bbca63a82d25202d20a,PRIMARY_SIRE,SireCond_連結済み_20260701.csv,109,SIRE,ドリームバレンチノ,,NAME_KEY_ONLY_UNVERIFIED_OFFICIAL_ID,札幌,NAMED_CONDITION,PARSED,,,,,,,,,,,,UNKNOWN,,,N,N,NOT_APPLICABLE,,,,,,NOT_APPLICABLE_NO_ROI,,,,,,,UNKNOWN,,BOOK_OR_UNSPECIFIED_ROI_SOURCE,roi_presence_raw と完全に1対1でROI記入の有無の言い換え。行の出所ではない,2,,,UNVERIFIED(表示基準日がページ間で不一致: トップ2026-08-16/使い方2026-05-17),TOP10,MISSING_ROI,NOT_AVAILABLE,原表と方式を入手するまで使用しない。原行は保持
rec_05663ba006d0375f192d4c68c7bc4454be990162a3fb6aa718925c3ddb192c16,PRIMARY_SIRE,SireCond_連結済み_20260701.csv,110,SIRE,ダノンバラード,,NAME_KEY_ONLY_UNVERIFIED_OFFICIAL_ID,札幌,NAMED_CONDITION,PARSED,,,,,,,,,,,,UNKNOWN,,,N,N,NOT_APPLICABLE,,,,,,NOT_APPLICABLE_NO_ROI,,,,,,,UNKNOWN,,BOOK_OR_UNSPECIFIED_ROI_SOURCE,roi_presence_raw と完全に1対1でROI記入の有無の言い換え。行の出所ではない,6,,,UNVERIFIED(表示基準日がページ間で不一致: トップ2026-08-16/使い方2026-05-17),TOP10,MISSING_ROI,NOT_AVAILABLE,原表と方式を入手するまで使用しない。原行は保持
rec_a77f2697ef7605e7796c600b077d1ed3756681782362d454338f12cab13fbb4e,PRIMARY_SIRE,SireCond_連結済み_20260701.csv,111,SIRE,サンダースノー,,NAME_KEY_ONLY_UNVERIFIED_OFFICIAL_ID,札幌,NAMED_CONDITION,PARSED,,,,,,,,,,,,UNKNOWN,,,N,N,NOT_APPLICABLE,,,,,,NOT_APPLICABLE_NO_ROI,,,,,,,UNKNOWN,,BOOK_OR_UNSPECIFIED_ROI_SOURCE,roi_presence_raw と完全に1対1でROI記入の有無の言い換え。行の出所ではない,10,,,UNVERIFIED(表示基準日がページ間で不一致: トップ2026-08-16/使い方2026-05-17),TOP10,MISSING_ROI,NOT_AVAILABLE,原表と方式を入手するまで使用しない。原行は保持
rec_b17dd244935a95ed7a9c356214d60947f839045ef36d99862cd7bdebe61a6a9e,PRIMARY_SIRE,SireCond_連結済み_20260701.csv,112,SIRE,モズアスコット,,NAME_KEY_ONLY_UNVERIFIED_OFFICIAL_ID,札幌,NAMED_CONDITION,PARSED,,,,,,,,,,,,UNKNOWN,,,N,N,NOT_APPLICABLE,,,,,,NOT_APPLICABLE_NO_ROI,,,,,,,UNKNOWN,,BOOK_OR_UNSPECIFIED_ROI_SOURCE,roi_presence_raw と完全に1対1でROI記入の有無の言い換え。行の出所ではない,16,,,UNVERIFIED(表示基準日がページ間で不一致: トップ2026-08-16/使い方2026-05-17),TOP10,MISSING_ROI,NOT_AVAILABLE,原表と方式を入手するまで使用しない。原行は保持
rec_0058fe4cb5dbb86344034c49b578cfa9a4e54697ee13a72760c88403f064b611,PRIMARY_SIRE,SireCond_連結済み_20260701.csv,113,SIRE,ホッコータルマエ,,NAME_KEY_ONLY_UNVERIFIED_OFFICIAL_ID,札幌,NAMED_CONDITION,PARSED,,,,,,,,,,,,UNKNOWN,,,N,N,NOT_APPLICABLE,,,,,,NOT_APPLICABLE_NO_ROI,,,,,,,UNKNOWN,,BOOK_OR_UNSPECIFIED_ROI_SOURCE,roi_presence_raw と完全に1対1でROI記入の有無の言い換え。行の出所ではない,6,,,UNVERIFIED(表示基準日がページ間で不一致: トップ2026-08-16/使い方2026-05-17),TOP10,MISSING_ROI,NOT_AVAILABLE,原表と方式を入手するまで使用しない。原行は保持
rec_c86bfcef62b5898a136dcad58b1417e809e579ca631f4f355e0e5f412eb5e8c8,PRIMARY_SIRE,SireCond_連結済み_20260701.csv,114,SIRE,ドレフォン,,NAME_KEY_ONLY_UNVERIFIED_OFFICIAL_ID,札幌,NAMED_CONDITION,PARSED,,,,,,,,,,,WIN_ROI_PCT|PLACE_ROI_PCT|N_STARTS,UNKNOWN,サイト現行既定は「オッズ反比例の賭け金・固定払戻の意図」(WEB_DEFINITION)。CSV作成時点の方式である証明にはならない,EQUAL_STAKE|EQUAL_PAYOUT,Y,Y,YES_PUBLIC_SCOPE_UNRULED,137,,,,N_WEIGHTED_MEAN_OF_PCT: sum(ROI_i*n_i)/sum(n_i) を整数丸め,UNVERIFIED_AGGREGATION,LEGACY_SIRE_TRAINER_CODE,二重丸め(掲載値が整数%＋加重平均後に再度整数丸め),,,,,UNKNOWN,,DB_KEIBA,roi_presence_raw と完全に1対1でROI記入の有無の言い換え。行の出所ではない,18,,,UNVERIFIED(表示基準日がページ間で不一致: トップ2026-08-16/使い方2026-05-17),TOP10,,HOLD_MERGE+HOLD_METHOD+HOLD_ASOF+HOLD_ID,①購入方式の確定 ②分母(賭け金総額・払戻総額)の入手 ③加重平均の再現可否検証 ④場/距離/回りの重複排除
rec_60fa12a529216c25c951854c44e070522d877a14623655cb067e7b836e14f948,PRIMARY_SIRE,SireCond_連結済み_20260701.csv,115,SIRE,シャンハイボビー,,NAME_KEY_ONLY_UNVERIFIED_OFFICIAL_ID,札幌,NAMED_CONDITION,PARSED,,,,,,,,,,,,UNKNOWN,,,N,N,NOT_APPLICABLE,,,,,,NOT_APPLICABLE_NO_ROI,,,,,,,UNKNOWN,,BOOK_OR_UNSPECIFIED_ROI_SOURCE,roi_presence_raw と完全に1対1でROI記入の有無の言い換え。行の出所ではない,4,,,UNVERIFIED(表示基準日がページ間で不一致: トップ2026-08-16/使い方2026-05-17),ワースト3,MISSING_ROI,NOT_AVAILABLE,原表と方式を入手するまで使用しない。原行は保持
rec_5f8de09ba2eeab988fcee95c2f6fb61c77f086bc2fc71b451593488a8ce90c85,PRIMARY_SIRE,SireCond_連結済み_20260701.csv,116,SIRE,ナダル,,NAME_KEY_ONLY_UNVERIFIED_OFFICIAL_ID,札幌,NAMED_CONDITION,PARSED,,,,,,,,,,,,UNKNOWN,,,N,N,NOT_APPLICABLE,,,,,,NOT_APPLICABLE_NO_ROI,,,,,,,UNKNOWN,,BOOK_OR_UNSPECIFIED_ROI_SOURCE,roi_presence_raw と完全に1対1でROI記入の有無の言い換え。行の出所ではない,3,,,UNVERIFIED(表示基準日がページ間で不一致: トップ2026-08-16/使い方2026-05-17),ワースト3,MISSING_ROI,NOT_AVAILABLE,原表と方式を入手するまで使用しない。原行は保持
rec_fec169c88de724a2dc7480d68670ce6c4ed1b6b31a622e891acf801e734961a2,PRIMARY_SIRE,SireCond_連結済み_20260701.csv,117,SIRE,アルアイン,,NAME_KEY_ONLY_UNVERIFIED_OFFICIAL_ID,札幌,NAMED_CONDITION,PARSED,,,,,,,,,,,,UNKNOWN,,,N,N,NOT_APPLICABLE,,,,,,NOT_APPLICABLE_NO_ROI,,,,,,,UNKNOWN,,BOOK_OR_UNSPECIFIED_ROI_SOURCE,roi_presence_raw と完全に1対1でROI記入の有無の言い換え。行の出所ではない,2,,,UNVERIFIED(表示基準日がページ間で不一致: トップ2026-08-16/使い方2026-05-17),ワースト3,MISSING_ROI,NOT_AVAILABLE,原表と方式を入手するまで使用しない。原行は保持
rec_6d1ac14aa941693c60c1620fef84e7b3fac32591958467f8d1661ae8e76dd31e,PRIMARY_SIRE,SireCond_連結済み_20260701.csv,118,SIRE,マインドユアビスケッツ,,NAME_KEY_ONLY_UNVERIFIED_OFFICIAL_ID,函館,NAMED_CONDITION,PARSED,,,,,,,,,,,WIN_ROI_PCT|PLACE_ROI_PCT|N_STARTS,UNKNOWN,サイト現行既定は「オッズ反比例の賭け金・固定払戻の意図」(WEB_DEFINITION)。CSV作成時点の方式である証明にはならない,EQUAL_STAKE|EQUAL_PAYOUT,Y,Y,YES_PUBLIC_SCOPE_UNRULED,46,,,,N_WEIGHTED_MEAN_OF_PCT: sum(ROI_i*n_i)/sum(n_i) を整数丸め,UNVERIFIED_AGGREGATION,LEGACY_SIRE_TRAINER_CODE,二重丸め(掲載値が整数%＋加重平均後に再度整数丸め),,,,,UNKNOWN,,DB_KEIBA,roi_presence_raw と完全に1対1でROI記入の有無の言い換え。行の出所ではない,5,,,UNVERIFIED(表示基準日がページ間で不一致: トップ2026-08-16/使い方2026-05-17),TOP10,,HOLD_MERGE+HOLD_METHOD+HOLD_ASOF+HOLD_ID,①購入方式の確定 ②分母(賭け金総額・払戻総額)の入手 ③加重平均の再現可否検証 ④場/距離/回りの重複排除
rec_568424c0b3d472101c28215099af368ef09d621a85d51baeb21812e00b8fdbb2,PRIMARY_SIRE,SireCond_連結済み_20260701.csv,119,SIRE,ドレフォン,,NAME_KEY_ONLY_UNVERIFIED_OFFICIAL_ID,函館,NAMED_CONDITION,PARSED,,,,,,,,,,,WIN_ROI_PCT|PLACE_ROI_PCT|N_STARTS,UNKNOWN,サイト現行既定は「オッズ反比例の賭け金・固定払戻の意図」(WEB_DEFINITION)。CSV作成時点の方式である証明にはならない,EQUAL_STAKE|EQUAL_PAYOUT,Y,Y,YES_PUBLIC_SCOPE_UNRULED,91,,,,N_WEIGHTED_MEAN_OF_PCT: sum(ROI_i*n_i)/sum(n_i) を整数丸め,UNVERIFIED_AGGREGATION,LEGACY_SIRE_TRAINER_CODE,二重丸め(掲載値が整数%＋加重平均後に再度整数丸め),,,,,UNKNOWN,,DB_KEIBA,roi_presence_raw と完全に1対1でROI記入の有無の言い換え。行の出所ではない,18,,,UNVERIFIED(表示基準日がページ間で不一致: トップ2026-08-16/使い方2026-05-17),TOP10,,HOLD_MERGE+HOLD_METHOD+HOLD_ASOF+HOLD_ID,①購入方式の確定 ②分母(賭け金総額・払戻総額)の入手 ③加重平均の再現可否検証 ④場/距離/回りの重複排除
rec_ee0945c49895babc9d5e45579e9c1374c36cb626a8c4495fb32cff16ba1e76a4,PRIMARY_SIRE,SireCond_連結済み_20260701.csv,120,SIRE,ダノンバラード,,NAME_KEY_ONLY_UNVERIFIED_OFFICIAL_ID,函館,NAMED_CONDITION,PARSED,,,,,,,,,,,WIN_ROI_PCT|PLACE_ROI_PCT|N_STARTS,UNKNOWN,サイト現行既定は「オッズ反比例の賭け金・固定払戻の意図」(WEB_DEFINITION)。CSV作成時点の方式である証明にはならない,EQUAL_STAKE|EQUAL_PAYOUT,Y,Y,YES_PUBLIC_SCOPE_UNRULED,19,,,,N_WEIGHTED_MEAN_OF_PCT: sum(ROI_i*n_i)/sum(n_i) を整数丸め,UNVERIFIED_AGGREGATION,LEGACY_SIRE_TRAINER_CODE,二重丸め(掲載値が整数%＋加重平均後に再度整数丸め),,,,,UNKNOWN,,DB_KEIBA,roi_presence_raw と完全に1対1でROI記入の有無の言い換え。行の出所ではない,6,,,UNVERIFIED(表示基準日がページ間で不一致: トップ2026-08-16/使い方2026-05-17),TOP10,,HOLD_MERGE+HOLD_METHOD+HOLD_ASOF+HOLD_ID,①購入方式の確定 ②分母(賭け金総額・払戻総額)の入手 ③加重平均の再現可否検証 ④場/距離/回りの重複排除
rec_608a89519aaa68a15add65f1f6fb8d559d6405b58f8617cd49eb8f8a4dce9c0e,PRIMARY_SIRE,SireCond_連結済み_20260701.csv,121,SIRE,バゴ,,NAME_KEY_ONLY_UNVERIFIED_OFFICIAL_ID,函館,NAMED_CONDITION,PARSED,,,,,,,,,,,,UNKNOWN,,,N,N,NOT_APPLICABLE,,,,,,NOT_APPLICABLE_NO_ROI,,,,,,,UNKNOWN,,BOOK_OR_UNSPECIFIED_ROI_SOURCE,roi_presence_raw と完全に1対1でROI記入の有無の言い換え。行の出所ではない,3,,,UNVERIFIED(表示基準日がページ間で不一致: トップ2026-08-16/使い方2026-05-17),TOP10,MISSING_ROI,NOT_AVAILABLE,原表と方式を入手するまで使用しない。原行は保持
rec_2e4bb0414a0ffb326dcdb228b3f936a65bac234b9b58bd090fd34a55d2d75d3a,PRIMARY_SIRE,SireCond_連結済み_20260701.csv,122,SIRE,ウインブライト,,NAME_KEY_ONLY_UNVERIFIED_OFFICIAL_ID,函館,NAMED_CONDITION,PARSED,,,,,,,,,,,,UNKNOWN,,,N,N,NOT_APPLICABLE,,,,,,NOT_APPLICABLE_NO_ROI,,,,,,,UNKNOWN,,BOOK_OR_UNSPECIFIED_ROI_SOURCE,roi_presence_raw と完全に1対1でROI記入の有無の言い換え。行の出所ではない,2,,,UNVERIFIED(表示基準日がページ間で不一致: トップ2026-08-16/使い方2026-05-17),TOP10,MISSING_ROI,NOT_AVAILABLE,原表と方式を入手するまで使用しない。原行は保持
rec_12f0ed44da7f9bbb5345fe77c50e09fe0f7269019e29d49fe85c78f9f839cdc8,PRIMARY_SIRE,SireCond_連結済み_20260701.csv,123,SIRE,ノヴェリスト,,NAME_KEY_ONLY_UNVERIFIED_OFFICIAL_ID,函館,NAMED_CONDITION,PARSED,,,,,,,,,,,WIN_ROI_PCT|PLACE_ROI_PCT|N_STARTS,UNKNOWN,サイト現行既定は「オッズ反比例の賭け金・固定払戻の意図」(WEB_DEFINITION)。CSV作成時点の方式である証明にはならない,EQUAL_STAKE|EQUAL_PAYOUT,Y,Y,YES_PUBLIC_SCOPE_UNRULED,17,,,,N_WEIGHTED_MEAN_OF_PCT: sum(ROI_i*n_i)/sum(n_i) を整数丸め,UNVERIFIED_AGGREGATION,LEGACY_SIRE_TRAINER_CODE,二重丸め(掲載値が整数%＋加重平均後に再度整数丸め),,,,,UNKNOWN,,DB_KEIBA,roi_presence_raw と完全に1対1でROI記入の有無の言い換え。行の出所ではない,1,,,UNVERIFIED(表示基準日がページ間で不一致: トップ2026-08-16/使い方2026-05-17),TOP10,,HOLD_MERGE+HOLD_METHOD+HOLD_ASOF+HOLD_ID,①購入方式の確定 ②分母(賭け金総額・払戻総額)の入手 ③加重平均の再現可否検証 ④場/距離/回りの重複排除
rec_ff595feaa3132bdaee68b5b14d0d398c50f04f27707d3c94d6d28e333af595b9,PRIMARY_SIRE,SireCond_連結済み_20260701.csv,124,SIRE,アドマイヤマーズ,,NAME_KEY_ONLY_UNVERIFIED_OFFICIAL_ID,函館,NAMED_CONDITION,PARSED,,,,,,,,,,,,UNKNOWN,,,N,N,NOT_APPLICABLE,,,,,,NOT_APPLICABLE_NO_ROI,,,,,,,UNKNOWN,,BOOK_OR_UNSPECIFIED_ROI_SOURCE,roi_presence_raw と完全に1対1でROI記入の有無の言い換え。行の出所ではない,4,,,UNVERIFIED(表示基準日がページ間で不一致: トップ2026-08-16/使い方2026-05-17),TOP10,MISSING_ROI,NOT_AVAILABLE,原表と方式を入手するまで使用しない。原行は保持
rec_cc81044cad5e455b2da1387e093df0b2adc455fe07b5d55875360b276c618ed4,PRIMARY_SIRE,SireCond_連結済み_20260701.csv,125,SIRE,カリフォルニアクローム,,NAME_KEY_ONLY_UNVERIFIED_OFFICIAL_ID,函館,NAMED_CONDITION,PARSED,,,,,,,,,,,,UNKNOWN,,,N,N,NOT_APPLICABLE,,,,,,NOT_APPLICABLE_NO_ROI,,,,,,,UNKNOWN,,BOOK_OR_UNSPECIFIED_ROI_SOURCE,roi_presence_raw と完全に1対1でROI記入の有無の言い換え。行の出所ではない,6,,,UNVERIFIED(表示基準日がページ間で不一致: トップ2026-08-16/使い方2026-05-17),TOP10,MISSING_ROI,NOT_AVAILABLE,原表と方式を入手するまで使用しない。原行は保持
rec_90a939635b6c81e227bc0a94e5cf658034facc374005169dbabf66d8a022dc0c,PRIMARY_SIRE,SireCond_連結済み_20260701.csv,126,SIRE,オーヴァルエース,,NAME_KEY_ONLY_UNVERIFIED_OFFICIAL_ID,函館,NAMED_CONDITION,PARSED,,,,,,,,,,,,UNKNOWN,,,N,N,NOT_APPLICABLE,,,,,,NOT_APPLICABLE_NO_ROI,,,,,,,UNKNOWN,,BOOK_OR_UNSPECIFIED_ROI_SOURCE,roi_presence_raw と完全に1対1でROI記入の有無の言い換え。行の出所ではない,1,,,UNVERIFIED(表示基準日がページ間で不一致: トップ2026-08-16/使い方2026-05-17),TOP10,MISSING_ROI,NOT_AVAILABLE,原表と方式を入手するまで使用しない。原行は保持
rec_2774b7abdbe48e09ab1ec0c89503473c3496efc67b89b846cb7b553bba6bce0f,PRIMARY_SIRE,SireCond_連結済み_20260701.csv,127,SIRE,スワーヴリチャード,,NAME_KEY_ONLY_UNVERIFIED_OFFICIAL_ID,函館,NAMED_CONDITION,PARSED,,,,,,,,,,,WIN_ROI_PCT|PLACE_ROI_PCT|N_STARTS,UNKNOWN,サイト現行既定は「オッズ反比例の賭け金・固定払戻の意図」(WEB_DEFINITION)。CSV作成時点の方式である証明にはならない,EQUAL_STAKE|EQUAL_PAYOUT,Y,Y,YES_PUBLIC_SCOPE_UNRULED,2,,,,N_WEIGHTED_MEAN_OF_PCT: sum(ROI_i*n_i)/sum(n_i) を整数丸め,UNVERIFIED_AGGREGATION,LEGACY_SIRE_TRAINER_CODE,二重丸め(掲載値が整数%＋加重平均後に再度整数丸め),,,,,UNKNOWN,,DB_KEIBA,roi_presence_raw と完全に1対1でROI記入の有無の言い換え。行の出所ではない,2,,,UNVERIFIED(表示基準日がページ間で不一致: トップ2026-08-16/使い方2026-05-17),TOP10,,HOLD_MERGE+HOLD_METHOD+HOLD_ASOF+HOLD_ID,①購入方式の確定 ②分母(賭け金総額・払戻総額)の入手 ③加重平均の再現可否検証 ④場/距離/回りの重複排除
rec_2acce59f62d8b28812884d3c38b5ee5047b498ccb15c78475961c2a02695feb9,PRIMARY_SIRE,SireCond_連結済み_20260701.csv,128,SIRE,ロジャーバローズ,,NAME_KEY_ONLY_UNVERIFIED_OFFICIAL_ID,函館,NAMED_CONDITION,PARSED,,,,,,,,,,,,UNKNOWN,,,N,N,NOT_APPLICABLE,,,,,,NOT_APPLICABLE_NO_ROI,,,,,,,UNKNOWN,,BOOK_OR_UNSPECIFIED_ROI_SOURCE,roi_presence_raw と完全に1対1でROI記入の有無の言い換え。行の出所ではない,2,,,UNVERIFIED(表示基準日がページ間で不一致: トップ2026-08-16/使い方2026-05-17),ワースト3,MISSING_ROI,NOT_AVAILABLE,原表と方式を入手するまで使用しない。原行は保持
rec_c801c59cb16e64a5252c480ee6f0c0cdc3373c2fbc8fd424d7cdbd6a06443b05,PRIMARY_SIRE,SireCond_連結済み_20260701.csv,129,SIRE,フィエールマン,,NAME_KEY_ONLY_UNVERIFIED_OFFICIAL_ID,函館,NAMED_CONDITION,PARSED,,,,,,,,,,,,UNKNOWN,,,N,N,NOT_APPLICABLE,,,,,,NOT_APPLICABLE_NO_ROI,,,,,,,UNKNOWN,,BOOK_OR_UNSPECIFIED_ROI_SOURCE,roi_presence_raw と完全に1対1でROI記入の有無の言い換え。行の出所ではない,5,,,UNVERIFIED(表示基準日がページ間で不一致: トップ2026-08-16/使い方2026-05-17),ワースト3,MISSING_ROI,NOT_AVAILABLE,原表と方式を入手するまで使用しない。原行は保持
rec_7e3ecb5ca25c294743b7fe35e73f9232d3b428637950446238e4a4b7f9a4236a,PRIMARY_SIRE,SireCond_連結済み_20260701.csv,130,SIRE,モーリス,,NAME_KEY_ONLY_UNVERIFIED_OFFICIAL_ID,函館,NAMED_CONDITION,PARSED,,,,,,,,,,,WIN_ROI_PCT|PLACE_ROI_PCT|N_STARTS,UNKNOWN,サイト現行既定は「オッズ反比例の賭け金・固定払戻の意図」(WEB_DEFINITION)。CSV作成時点の方式である証明にはならない,EQUAL_STAKE|EQUAL_PAYOUT,Y,Y,YES_PUBLIC_SCOPE_UNRULED,131,,,,N_WEIGHTED_MEAN_OF_PCT: sum(ROI_i*n_i)/sum(n_i) を整数丸め,UNVERIFIED_AGGREGATION,LEGACY_SIRE_TRAINER_CODE,二重丸め(掲載値が整数%＋加重平均後に再度整数丸め),,,,,UNKNOWN,,DB_KEIBA,roi_presence_raw と完全に1対1でROI記入の有無の言い換え。行の出所ではない,7,,,UNVERIFIED(表示基準日がページ間で不一致: トップ2026-08-16/使い方2026-05-17),ワースト3,,HOLD_MERGE+HOLD_METHOD+HOLD_ASOF+HOLD_ID,①購入方式の確定 ②分母(賭け金総額・払戻総額)の入手 ③加重平均の再現可否検証 ④場/距離/回りの重複排除
rec_b2032a03c6a0cf7878f31b9cb45ef74208bf37b504d7aab68ee65e29f1605c1c,PRIMARY_SIRE,SireCond_連結済み_20260701.csv,131,SIRE,ルヴァンスレーヴ,,NAME_KEY_ONLY_UNVERIFIED_OFFICIAL_ID,福島,NAMED_CONDITION,PARSED,,,,,,,,,,,WIN_ROI_PCT|PLACE_ROI_PCT|N_STARTS,UNKNOWN,サイト現行既定は「オッズ反比例の賭け金・固定払戻の意図」(WEB_DEFINITION)。CSV作成時点の方式である証明にはならない,EQUAL_STAKE|EQUAL_PAYOUT,Y,Y,YES_PUBLIC_SCOPE_UNRULED,2,,,,N_WEIGHTED_MEAN_OF_PCT: sum(ROI_i*n_i)/sum(n_i) を整数丸め,UNVERIFIED_AGGREGATION,LEGACY_SIRE_TRAINER_CODE,二重丸め(掲載値が整数%＋加重平均後に再度整数丸め),,,,,UNKNOWN,,DB_KEIBA,roi_presence_raw と完全に1対1でROI記入の有無の言い換え。行の出所ではない,19,,,UNVERIFIED(表示基準日がページ間で不一致: トップ2026-08-16/使い方2026-05-17),TOP10,,HOLD_MERGE+HOLD_METHOD+HOLD_ASOF+HOLD_ID,①購入方式の確定 ②分母(賭け金総額・払戻総額)の入手 ③加重平均の再現可否検証 ④場/距離/回りの重複排除
rec_2af43a177476c18193aa1d6d326351aebe6e999b62414189c3af11b3f8eefa02,PRIMARY_SIRE,SireCond_連結済み_20260701.csv,132,SIRE,レッドベルジュール,,NAME_KEY_ONLY_UNVERIFIED_OFFICIAL_ID,福島,NAMED_CONDITION,PARSED,,,,,,,,,,,,UNKNOWN,,,N,N,NOT_APPLICABLE,,,,,,NOT_APPLICABLE_NO_ROI,,,,,,,UNKNOWN,,BOOK_OR_UNSPECIFIED_ROI_SOURCE,roi_presence_raw と完全に1対1でROI記入の有無の言い換え。行の出所ではない,1,,,UNVERIFIED(表示基準日がページ間で不一致: トップ2026-08-16/使い方2026-05-17),TOP10,MISSING_ROI,NOT_AVAILABLE,原表と方式を入手するまで使用しない。原行は保持
rec_f110af0b39ccc9730a7964f44938a4d15b3ddc4c15768ecda3585a84755bdf4e,PRIMARY_SIRE,SireCond_連結済み_20260701.csv,133,SIRE,ミッキーグローリー,,NAME_KEY_ONLY_UNVERIFIED_OFFICIAL_ID,福島,NAMED_CONDITION,PARSED,,,,,,,,,,,,UNKNOWN,,,N,N,NOT_APPLICABLE,,,,,,NOT_APPLICABLE_NO_ROI,,,,,,,UNKNOWN,,BOOK_OR_UNSPECIFIED_ROI_SOURCE,roi_presence_raw と完全に1対1でROI記入の有無の言い換え。行の出所ではない,1,,,UNVERIFIED(表示基準日がページ間で不一致: トップ2026-08-16/使い方2026-05-17),TOP10,MISSING_ROI,NOT_AVAILABLE,原表と方式を入手するまで使用しない。原行は保持
rec_5b62621e6e947e35f6a76b76c1dd08fd4991e3e73c9a5baf1e8b98a8cd267074,PRIMARY_SIRE,SireCond_連結済み_20260701.csv,134,SIRE,レオアクティブ,,NAME_KEY_ONLY_UNVERIFIED_OFFICIAL_ID,福島,NAMED_CONDITION,PARSED,,,,,,,,,,,,UNKNOWN,,,N,N,NOT_APPLICABLE,,,,,,NOT_APPLICABLE_NO_ROI,,,,,,,UNKNOWN,,BOOK_OR_UNSPECIFIED_ROI_SOURCE,roi_presence_raw と完全に1対1でROI記入の有無の言い換え。行の出所ではない,1,,,UNVERIFIED(表示基準日がページ間で不一致: トップ2026-08-16/使い方2026-05-17),TOP10,MISSING_ROI,NOT_AVAILABLE,原表と方式を入手するまで使用しない。原行は保持
rec_0929e2398d1ca7b506f9011f6c961fab184d88b530e3abf3c4bccfd51cfed4a5,PRIMARY_SIRE,SireCond_連結済み_20260701.csv,135,SIRE,ノーブルミッション,,NAME_KEY_ONLY_UNVERIFIED_OFFICIAL_ID,福島,NAMED_CONDITION,PARSED,,,,,,,,,,,,UNKNOWN,,,N,N,NOT_APPLICABLE,,,,,,NOT_APPLICABLE_NO_ROI,,,,,,,UNKNOWN,,BOOK_OR_UNSPECIFIED_ROI_SOURCE,roi_presence_raw と完全に1対1でROI記入の有無の言い換え。行の出所ではない,15,,,UNVERIFIED(表示基準日がページ間で不一致: トップ2026-08-16/使い方2026-05-17),TOP10,MISSING_ROI,NOT_AVAILABLE,原表と方式を入手するまで使用しない。原行は保持
rec_5bee3fd638ed70603a061debabcba400c8cc2a28eb6f6592f0a9e96bf70c9582,PRIMARY_SIRE,SireCond_連結済み_20260701.csv,136,SIRE,マインドユアビスケッツ,,NAME_KEY_ONLY_UNVERIFIED_OFFICIAL_ID,福島,NAMED_CONDITION,PARSED,,,,,,,,,,,WIN_ROI_PCT|PLACE_ROI_PCT|N_STARTS,UNKNOWN,サイト現行既定は「オッズ反比例の賭け金・固定払戻の意図」(WEB_DEFINITION)。CSV作成時点の方式である証明にはならない,EQUAL_STAKE|EQUAL_PAYOUT,Y,Y,YES_PUBLIC_SCOPE_UNRULED,61,,,,N_WEIGHTED_MEAN_OF_PCT: sum(ROI_i*n_i)/sum(n_i) を整数丸め,UNVERIFIED_AGGREGATION,LEGACY_SIRE_TRAINER_CODE,二重丸め(掲載値が整数%＋加重平均後に再度整数丸め),,,,,UNKNOWN,,DB_KEIBA,roi_presence_raw と完全に1対1でROI記入の有無の言い換え。行の出所ではない,5,,,UNVERIFIED(表示基準日がページ間で不一致: トップ2026-08-16/使い方2026-05-17),TOP10,,HOLD_MERGE+HOLD_METHOD+HOLD_ASOF+HOLD_ID,①購入方式の確定 ②分母(賭け金総額・払戻総額)の入手 ③加重平均の再現可否検証 ④場/距離/回りの重複排除
rec_c5d66de697ab6a0c16f6c9bfdd036909360fbfdc009ec3ae583c5761cb4e97bd,PRIMARY_SIRE,SireCond_連結済み_20260701.csv,137,SIRE,ウインブライト,,NAME_KEY_ONLY_UNVERIFIED_OFFICIAL_ID,福島,NAMED_CONDITION,PARSED,,,,,,,,,,,,UNKNOWN,,,N,N,NOT_APPLICABLE,,,,,,NOT_APPLICABLE_NO_ROI,,,,,,,UNKNOWN,,BOOK_OR_UNSPECIFIED_ROI_SOURCE,roi_presence_raw と完全に1対1でROI記入の有無の言い換え。行の出所ではない,2,,,UNVERIFIED(表示基準日がページ間で不一致: トップ2026-08-16/使い方2026-05-17),TOP10,MISSING_ROI,NOT_AVAILABLE,原表と方式を入手するまで使用しない。原行は保持
rec_8d5293983f54b73e2ccaa758280d3cdfee70715dc22fa02e6aa8c52465403ffe,PRIMARY_SIRE,SireCond_連結済み_20260701.csv,138,SIRE,レイデオロ,,NAME_KEY_ONLY_UNVERIFIED_OFFICIAL_ID,福島,NAMED_CONDITION,PARSED,,,,,,,,,,,,UNKNOWN,,,N,N,NOT_APPLICABLE,,,,,,NOT_APPLICABLE_NO_ROI,,,,,,,UNKNOWN,,BOOK_OR_UNSPECIFIED_ROI_SOURCE,roi_presence_raw と完全に1対1でROI記入の有無の言い換え。行の出所ではない,8,,,UNVERIFIED(表示基準日がページ間で不一致: トップ2026-08-16/使い方2026-05-17),TOP10,MISSING_ROI,NOT_AVAILABLE,原表と方式を入手するまで使用しない。原行は保持
rec_5ceb0a71aad53378ce556c06d3b04b0f2a33cd2dce9e670e9d222a122ee8d61d,PRIMARY_SIRE,SireCond_連結済み_20260701.csv,139,SIRE,ゴールドアクター,,NAME_KEY_ONLY_UNVERIFIED_OFFICIAL_ID,福島,NAMED_CONDITION,PARSED,,,,,,,,,,,,UNKNOWN,,,N,N,NOT_APPLICABLE,,,,,,NOT_APPLICABLE_NO_ROI,,,,,,,UNKNOWN,,BOOK_OR_UNSPECIFIED_ROI_SOURCE,roi_presence_raw と完全に1対1でROI記入の有無の言い換え。行の出所ではない,8,,,UNVERIFIED(表示基準日がページ間で不一致: トップ2026-08-16/使い方2026-05-17),TOP10,MISSING_ROI,NOT_AVAILABLE,原表と方式を入手するまで使用しない。原行は保持
rec_bcc7dee4d8781aabee99b9b0c1ba77f40c6bf7e913e02361630fb903691619b7,PRIMARY_SIRE,SireCond_連結済み_20260701.csv,140,SIRE,サートゥルナーリア,,NAME_KEY_ONLY_UNVERIFIED_OFFICIAL_ID,福島,NAMED_CONDITION,PARSED,,,,,,,,,,,,UNKNOWN,,,N,N,NOT_APPLICABLE,,,,,,NOT_APPLICABLE_NO_ROI,,,,,,,UNKNOWN,,BOOK_OR_UNSPECIFIED_ROI_SOURCE,roi_presence_raw と完全に1対1でROI記入の有無の言い換え。行の出所ではない,6,,,UNVERIFIED(表示基準日がページ間で不一致: トップ2026-08-16/使い方2026-05-17),TOP10,MISSING_ROI,NOT_AVAILABLE,原表と方式を入手するまで使用しない。原行は保持
rec_7eec12b40afda81de1af5d1d25582b9e9647200f1ffbba76a4702fd428972339,PRIMARY_SIRE,SireCond_連結済み_20260701.csv,141,SIRE,ゴールドドリーム,,NAME_KEY_ONLY_UNVERIFIED_OFFICIAL_ID,福島,NAMED_CONDITION,PARSED,,,,,,,,,,,,UNKNOWN,,,N,N,NOT_APPLICABLE,,,,,,NOT_APPLICABLE_NO_ROI,,,,,,,UNKNOWN,,BOOK_OR_UNSPECIFIED_ROI_SOURCE,roi_presence_raw と完全に1対1でROI記入の有無の言い換え。行の出所ではない,3,,,UNVERIFIED(表示基準日がページ間で不一致: トップ2026-08-16/使い方2026-05-17),ワースト3,MISSING_ROI,NOT_AVAILABLE,原表と方式を入手するまで使用しない。原行は保持
rec_72099955fa0213582e5466a0b585ffc3097e4c85708616515def4ad86cade6f9,PRIMARY_SIRE,SireCond_連結済み_20260701.csv,142,SIRE,エピファネイア,,NAME_KEY_ONLY_UNVERIFIED_OFFICIAL_ID,福島,NAMED_CONDITION,PARSED,,,,,,,,,,,WIN_ROI_PCT|PLACE_ROI_PCT|N_STARTS,UNKNOWN,サイト現行既定は「オッズ反比例の賭け金・固定払戻の意図」(WEB_DEFINITION)。CSV作成時点の方式である証明にはならない,EQUAL_STAKE|EQUAL_PAYOUT,Y,Y,YES_PUBLIC_SCOPE_UNRULED,98,,,,N_WEIGHTED_MEAN_OF_PCT: sum(ROI_i*n_i)/sum(n_i) を整数丸め,UNVERIFIED_AGGREGATION,LEGACY_SIRE_TRAINER_CODE,二重丸め(掲載値が整数%＋加重平均後に再度整数丸め),,,,,UNKNOWN,,DB_KEIBA,roi_presence_raw と完全に1対1でROI記入の有無の言い換え。行の出所ではない,13,,,UNVERIFIED(表示基準日がページ間で不一致: トップ2026-08-16/使い方2026-05-17),ワースト3,,HOLD_MERGE+HOLD_METHOD+HOLD_ASOF+HOLD_ID,①購入方式の確定 ②分母(賭け金総額・払戻総額)の入手 ③加重平均の再現可否検証 ④場/距離/回りの重複排除
rec_5272572dd7006121cbcbba5f0889523cf7c418415096458a198a56bc98ed28e8,PRIMARY_SIRE,SireCond_連結済み_20260701.csv,143,SIRE,ワールドエース,,NAME_KEY_ONLY_UNVERIFIED_OFFICIAL_ID,福島,NAMED_CONDITION,PARSED,,,,,,,,,,,,UNKNOWN,,,N,N,NOT_APPLICABLE,,,,,,NOT_APPLICABLE_NO_ROI,,,,,,,UNKNOWN,,BOOK_OR_UNSPECIFIED_ROI_SOURCE,roi_presence_raw と完全に1対1でROI記入の有無の言い換え。行の出所ではない,1,,,UNVERIFIED(表示基準日がページ間で不一致: トップ2026-08-16/使い方2026-05-17),ワースト3,MISSING_ROI,NOT_AVAILABLE,原表と方式を入手するまで使用しない。原行は保持
rec_b329d6d2d4ff83a6b6ca1de94ff38cade12b44f4256aed921cc13f8d2d9d95a6,PRIMARY_SIRE,SireCond_連結済み_20260701.csv,144,SIRE,モズアスコット,,NAME_KEY_ONLY_UNVERIFIED_OFFICIAL_ID,新潟,NAMED_CONDITION,PARSED,,,,,,,,,,,,UNKNOWN,,,N,N,NOT_APPLICABLE,,,,,,NOT_APPLICABLE_NO_ROI,,,,,,,UNKNOWN,,BOOK_OR_UNSPECIFIED_ROI_SOURCE,roi_presence_raw と完全に1対1でROI記入の有無の言い換え。行の出所ではない,16,,,UNVERIFIED(表示基準日がページ間で不一致: トップ2026-08-16/使い方2026-05-17),TOP10,MISSING_ROI,NOT_AVAILABLE,原表と方式を入手するまで使用しない。原行は保持
rec_f3cf2035ad40e0c0919937d3a617fd7d8dce49450b6c819c24c6c06a51a10506,PRIMARY_SIRE,SireCond_連結済み_20260701.csv,145,SIRE,レイデオロ,,NAME_KEY_ONLY_UNVERIFIED_OFFICIAL_ID,新潟,NAMED_CONDITION,PARSED,,,,,,,,,,,,UNKNOWN,,,N,N,NOT_APPLICABLE,,,,,,NOT_APPLICABLE_NO_ROI,,,,,,,UNKNOWN,,BOOK_OR_UNSPECIFIED_ROI_SOURCE,roi_presence_raw と完全に1対1でROI記入の有無の言い換え。行の出所ではない,8,,,UNVERIFIED(表示基準日がページ間で不一致: トップ2026-08-16/使い方2026-05-17),TOP10,MISSING_ROI,NOT_AVAILABLE,原表と方式を入手するまで使用しない。原行は保持
rec_891dc67e5e54c99d5dc19624c8f13e45a1e3d8208f8bbf89de1ab61e53365d06,PRIMARY_SIRE,SireCond_連結済み_20260701.csv,146,SIRE,フォーウィールドライブ,,NAME_KEY_ONLY_UNVERIFIED_OFFICIAL_ID,新潟,NAMED_CONDITION,PARSED,,,,,,,,,,,,UNKNOWN,,,N,N,NOT_APPLICABLE,,,,,,NOT_APPLICABLE_NO_ROI,,,,,,,UNKNOWN,,BOOK_OR_UNSPECIFIED_ROI_SOURCE,roi_presence_raw と完全に1対1でROI記入の有無の言い換え。行の出所ではない,9,,,UNVERIFIED(表示基準日がページ間で不一致: トップ2026-08-16/使い方2026-05-17),TOP10,MISSING_ROI,NOT_AVAILABLE,原表と方式を入手するまで使用しない。原行は保持
rec_1074b9191a12f394f7c3221069a2d82185899d7f5d3590be553ba5d782afeb8e,PRIMARY_SIRE,SireCond_連結済み_20260701.csv,147,SIRE,Palace Pier,,NAME_KEY_ONLY_UNVERIFIED_OFFICIAL_ID,新潟,NAMED_CONDITION,PARSED,,,,,,,,,,,,UNKNOWN,,,N,N,NOT_APPLICABLE,,,,,,NOT_APPLICABLE_NO_ROI,,,,,,,UNKNOWN,,BOOK_OR_UNSPECIFIED_ROI_SOURCE,roi_presence_raw と完全に1対1でROI記入の有無の言い換え。行の出所ではない,1,,,UNVERIFIED(表示基準日がページ間で不一致: トップ2026-08-16/使い方2026-05-17),TOP10,MISSING_ROI,NOT_AVAILABLE,原表と方式を入手するまで使用しない。原行は保持
rec_d84673b8b707d9fea28aabddd9b29c4fe4e3bf421a6447fd24cee25aa9c7ca18,PRIMARY_SIRE,SireCond_連結済み_20260701.csv,148,SIRE,ゴールドシップ,,NAME_KEY_ONLY_UNVERIFIED_OFFICIAL_ID,新潟,NAMED_CONDITION,PARSED,,,,,,,,,,,WIN_ROI_PCT|PLACE_ROI_PCT|N_STARTS,UNKNOWN,サイト現行既定は「オッズ反比例の賭け金・固定払戻の意図」(WEB_DEFINITION)。CSV作成時点の方式である証明にはならない,EQUAL_STAKE|EQUAL_PAYOUT,Y,Y,YES_PUBLIC_SCOPE_UNRULED,195,,,,N_WEIGHTED_MEAN_OF_PCT: sum(ROI_i*n_i)/sum(n_i) を整数丸め,UNVERIFIED_AGGREGATION,LEGACY_SIRE_TRAINER_CODE,二重丸め(掲載値が整数%＋加重平均後に再度整数丸め),,,,,UNKNOWN,,DB_KEIBA,roi_presence_raw と完全に1対1でROI記入の有無の言い換え。行の出所ではない,2,,,UNVERIFIED(表示基準日がページ間で不一致: トップ2026-08-16/使い方2026-05-17),TOP10,,HOLD_MERGE+HOLD_METHOD+HOLD_ASOF+HOLD_ID,①購入方式の確定 ②分母(賭け金総額・払戻総額)の入手 ③加重平均の再現可否検証 ④場/距離/回りの重複排除
rec_773dc4dcdfda6601818d58d53f3ed0f59d5361bb28d45d4b0abae5176eaad4d9,PRIMARY_SIRE,SireCond_連結済み_20260701.csv,149,SIRE,アポロケンタッキー,,NAME_KEY_ONLY_UNVERIFIED_OFFICIAL_ID,新潟,NAMED_CONDITION,PARSED,,,,,,,,,,,,UNKNOWN,,,N,N,NOT_APPLICABLE,,,,,,NOT_APPLICABLE_NO_ROI,,,,,,,UNKNOWN,,BOOK_OR_UNSPECIFIED_ROI_SOURCE,roi_presence_raw と完全に1対1でROI記入の有無の言い換え。行の出所ではない,1,,,UNVERIFIED(表示基準日がページ間で不一致: トップ2026-08-16/使い方2026-05-17),TOP10,MISSING_ROI,NOT_AVAILABLE,原表と方式を入手するまで使用しない。原行は保持
rec_bebe0627eff5be80aa624c6f21fc25ae2c02dd630cbdde94b84d3faf835f6274,PRIMARY_SIRE,SireCond_連結済み_20260701.csv,150,SIRE,ミスチヴィアスアレックス,,NAME_KEY_ONLY_UNVERIFIED_OFFICIAL_ID,新潟,NAMED_CONDITION,PARSED,,,,,,,,,,,,UNKNOWN,,,N,N,NOT_APPLICABLE,,,,,,NOT_APPLICABLE_NO_ROI,,,,,,,UNKNOWN,,BOOK_OR_UNSPECIFIED_ROI_SOURCE,roi_presence_raw と完全に1対1でROI記入の有無の言い換え。行の出所ではない,8,,,UNVERIFIED(表示基準日がページ間で不一致: トップ2026-08-16/使い方2026-05-17),TOP10,MISSING_ROI,NOT_AVAILABLE,原表と方式を入手するまで使用しない。原行は保持
rec_d19f8387e126dcc6f2b5a8e51d3f484b0acfe9e053d1befa6e9050893438f909,PRIMARY_SIRE,SireCond_連結済み_20260701.csv,151,SIRE,ニューイヤーズデイ,,NAME_KEY_ONLY_UNVERIFIED_OFFICIAL_ID,新潟,NAMED_CONDITION,PARSED,,,,,,,,,,,,UNKNOWN,,,N,N,NOT_APPLICABLE,,,,,,NOT_APPLICABLE_NO_ROI,,,,,,,UNKNOWN,,BOOK_OR_UNSPECIFIED_ROI_SOURCE,roi_presence_raw と完全に1対1でROI記入の有無の言い換え。行の出所ではない,5,,,UNVERIFIED(表示基準日がページ間で不一致: トップ2026-08-16/使い方2026-05-17),TOP10,MISSING_ROI,NOT_AVAILABLE,原表と方式を入手するまで使用しない。原行は保持
rec_0fd1fdf69d738025aef84f16b6593a8a8d4604a411984a9c9305d033f2f9cf32,PRIMARY_SIRE,SireCond_連結済み_20260701.csv,152,SIRE,ダノンスマッシュ,,NAME_KEY_ONLY_UNVERIFIED_OFFICIAL_ID,新潟,NAMED_CONDITION,PARSED,,,,,,,,,,,,UNKNOWN,,,N,N,NOT_APPLICABLE,,,,,,NOT_APPLICABLE_NO_ROI,,,,,,,UNKNOWN,,BOOK_OR_UNSPECIFIED_ROI_SOURCE,roi_presence_raw と完全に1対1でROI記入の有無の言い換え。行の出所ではない,1,,,UNVERIFIED(表示基準日がページ間で不一致: トップ2026-08-16/使い方2026-05-17),TOP10,MISSING_ROI,NOT_AVAILABLE,原表と方式を入手するまで使用しない。原行は保持
rec_862f572f46caf58b794a5d412661f0b24d57abd4366fa3150ba5c3d1a71a8030,PRIMARY_SIRE,SireCond_連結済み_20260701.csv,153,SIRE,ゴールドアクター,,NAME_KEY_ONLY_UNVERIFIED_OFFICIAL_ID,新潟,NAMED_CONDITION,PARSED,,,,,,,,,,,,UNKNOWN,,,N,N,NOT_APPLICABLE,,,,,,NOT_APPLICABLE_NO_ROI,,,,,,,UNKNOWN,,BOOK_OR_UNSPECIFIED_ROI_SOURCE,roi_presence_raw と完全に1対1でROI記入の有無の言い換え。行の出所ではない,8,,,UNVERIFIED(表示基準日がページ間で不一致: トップ2026-08-16/使い方2026-05-17),TOP10,MISSING_ROI,NOT_AVAILABLE,原表と方式を入手するまで使用しない。原行は保持
rec_8ecdfc18629ab0d26cc36f2ee68ce761aa70762b201cc2fd6bca1fbf7e65c3e1,PRIMARY_SIRE,SireCond_連結済み_20260701.csv,154,SIRE,ノーブルミッション,,NAME_KEY_ONLY_UNVERIFIED_OFFICIAL_ID,新潟,NAMED_CONDITION,PARSED,,,,,,,,,,,,UNKNOWN,,,N,N,NOT_APPLICABLE,,,,,,NOT_APPLICABLE_NO_ROI,,,,,,,UNKNOWN,,BOOK_OR_UNSPECIFIED_ROI_SOURCE,roi_presence_raw と完全に1対1でROI記入の有無の言い換え。行の出所ではない,15,,,UNVERIFIED(表示基準日がページ間で不一致: トップ2026-08-16/使い方2026-05-17),ワースト3,MISSING_ROI,NOT_AVAILABLE,原表と方式を入手するまで使用しない。原行は保持
rec_8c38fc16bdbcc9b44955f5c6f2d2051fbff362976fc54fc116160dd1251eea65,PRIMARY_SIRE,SireCond_連結済み_20260701.csv,155,SIRE,ドレフォン,,NAME_KEY_ONLY_UNVERIFIED_OFFICIAL_ID,新潟,NAMED_CONDITION,PARSED,,,,,,,,,,,WIN_ROI_PCT|PLACE_ROI_PCT|N_STARTS,UNKNOWN,サイト現行既定は「オッズ反比例の賭け金・固定払戻の意図」(WEB_DEFINITION)。CSV作成時点の方式である証明にはならない,EQUAL_STAKE|EQUAL_PAYOUT,Y,Y,YES_PUBLIC_SCOPE_UNRULED,101,,,,N_WEIGHTED_MEAN_OF_PCT: sum(ROI_i*n_i)/sum(n_i) を整数丸め,UNVERIFIED_AGGREGATION,LEGACY_SIRE_TRAINER_CODE,二重丸め(掲載値が整数%＋加重平均後に再度整数丸め),,,,,UNKNOWN,,DB_KEIBA,roi_presence_raw と完全に1対1でROI記入の有無の言い換え。行の出所ではない,18,,,UNVERIFIED(表示基準日がページ間で不一致: トップ2026-08-16/使い方2026-05-17),ワースト3,,HOLD_MERGE+HOLD_METHOD+HOLD_ASOF+HOLD_ID,①購入方式の確定 ②分母(賭け金総額・払戻総額)の入手 ③加重平均の再現可否検証 ④場/距離/回りの重複排除
rec_ff1d358c54da725011bc7515a8aeb59dbf6aeb15cb5aa7724aff58259d27528c,PRIMARY_SIRE,SireCond_連結済み_20260701.csv,156,SIRE,シャンハイボビー,,NAME_KEY_ONLY_UNVERIFIED_OFFICIAL_ID,新潟,NAMED_CONDITION,PARSED,,,,,,,,,,,,UNKNOWN,,,N,N,NOT_APPLICABLE,,,,,,NOT_APPLICABLE_NO_ROI,,,,,,,UNKNOWN,,BOOK_OR_UNSPECIFIED_ROI_SOURCE,roi_presence_raw と完全に1対1でROI記入の有無の言い換え。行の出所ではない,4,,,UNVERIFIED(表示基準日がページ間で不一致: トップ2026-08-16/使い方2026-05-17),ワースト3,MISSING_ROI,NOT_AVAILABLE,原表と方式を入手するまで使用しない。原行は保持
rec_35f20e48853bcf9b52a1e72ad3931a344c146fbe283034c6e81f19bb75bbfc85,PRIMARY_SIRE,SireCond_連結済み_20260701.csv,157,SIRE,マインドユアビスケッツ,,NAME_KEY_ONLY_UNVERIFIED_OFFICIAL_ID,東京,NAMED_CONDITION,PARSED,,,,,,,,,,,WIN_ROI_PCT|PLACE_ROI_PCT|N_STARTS,UNKNOWN,サイト現行既定は「オッズ反比例の賭け金・固定払戻の意図」(WEB_DEFINITION)。CSV作成時点の方式である証明にはならない,EQUAL_STAKE|EQUAL_PAYOUT,Y,Y,YES_PUBLIC_SCOPE_UNRULED,131,,,,N_WEIGHTED_MEAN_OF_PCT: sum(ROI_i*n_i)/sum(n_i) を整数丸め,UNVERIFIED_AGGREGATION,LEGACY_SIRE_TRAINER_CODE,二重丸め(掲載値が整数%＋加重平均後に再度整数丸め),,,,,UNKNOWN,,DB_KEIBA,roi_presence_raw と完全に1対1でROI記入の有無の言い換え。行の出所ではない,5,,,UNVERIFIED(表示基準日がページ間で不一致: トップ2026-08-16/使い方2026-05-17),TOP10,,HOLD_MERGE+HOLD_METHOD+HOLD_ASOF+HOLD_ID,①購入方式の確定 ②分母(賭け金総額・払戻総額)の入手 ③加重平均の再現可否検証 ④場/距離/回りの重複排除
rec_092251ef7c0ec47dd96ff2c2d585bdb67d58f09d5e90f4827b2a9a0053126faa,PRIMARY_SIRE,SireCond_連結済み_20260701.csv,158,SIRE,ルヴァンスレーヴ,,NAME_KEY_ONLY_UNVERIFIED_OFFICIAL_ID,東京,NAMED_CONDITION,PARSED,,,,,,,,,,,,UNKNOWN,,,N,N,NOT_APPLICABLE,,,,,,NOT_APPLICABLE_NO_ROI,,,,,,,UNKNOWN,,BOOK_OR_UNSPECIFIED_ROI_SOURCE,roi_presence_raw と完全に1対1でROI記入の有無の言い換え。行の出所ではない,19,,,UNVERIFIED(表示基準日がページ間で不一致: トップ2026-08-16/使い方2026-05-17),TOP10,MISSING_ROI,NOT_AVAILABLE,原表と方式を入手するまで使用しない。原行は保持
rec_b040a95fda48346a8072383edcb497185082390cb33b1a85c030a2ceb1ca9b4b,PRIMARY_SIRE,SireCond_連結済み_20260701.csv,159,SIRE,モーリス,,NAME_KEY_ONLY_UNVERIFIED_OFFICIAL_ID,東京,NAMED_CONDITION,PARSED,,,,,,,,,,,WIN_ROI_PCT|PLACE_ROI_PCT|N_STARTS,UNKNOWN,サイト現行既定は「オッズ反比例の賭け金・固定払戻の意図」(WEB_DEFINITION)。CSV作成時点の方式である証明にはならない,EQUAL_STAKE|EQUAL_PAYOUT,Y,Y,YES_PUBLIC_SCOPE_UNRULED,574,,,,N_WEIGHTED_MEAN_OF_PCT: sum(ROI_i*n_i)/sum(n_i) を整数丸め,UNVERIFIED_AGGREGATION,LEGACY_SIRE_TRAINER_CODE,二重丸め(掲載値が整数%＋加重平均後に再度整数丸め),,,,,UNKNOWN,,DB_KEIBA,roi_presence_raw と完全に1対1でROI記入の有無の言い換え。行の出所ではない,7,,,UNVERIFIED(表示基準日がページ間で不一致: トップ2026-08-16/使い方2026-05-17),TOP10,,HOLD_MERGE+HOLD_METHOD+HOLD_ASOF+HOLD_ID,①購入方式の確定 ②分母(賭け金総額・払戻総額)の入手 ③加重平均の再現可否検証 ④場/距離/回りの重複排除
rec_660ea9540c9dd5bedfc898f1ab2436994241edbef19cea13a82f00de973848c8,PRIMARY_SIRE,SireCond_連結済み_20260701.csv,160,SIRE,レイデオロ,,NAME_KEY_ONLY_UNVERIFIED_OFFICIAL_ID,東京,NAMED_CONDITION,PARSED,,,,,,,,,,,WIN_ROI_PCT|PLACE_ROI_PCT|N_STARTS,UNKNOWN,サイト現行既定は「オッズ反比例の賭け金・固定払戻の意図」(WEB_DEFINITION)。CSV作成時点の方式である証明にはならない,EQUAL_STAKE|EQUAL_PAYOUT,Y,Y,YES_PUBLIC_SCOPE_UNRULED,5,,,,N_WEIGHTED_MEAN_OF_PCT: sum(ROI_i*n_i)/sum(n_i) を整数丸め,UNVERIFIED_AGGREGATION,LEGACY_SIRE_TRAINER_CODE,二重丸め(掲載値が整数%＋加重平均後に再度整数丸め),,,,,UNKNOWN,,DB_KEIBA,roi_presence_raw と完全に1対1でROI記入の有無の言い換え。行の出所ではない,8,,,UNVERIFIED(表示基準日がページ間で不一致: トップ2026-08-16/使い方2026-05-17),TOP10,,HOLD_MERGE+HOLD_METHOD+HOLD_ASOF+HOLD_ID,①購入方式の確定 ②分母(賭け金総額・払戻総額)の入手 ③加重平均の再現可否検証 ④場/距離/回りの重複排除
rec_380bc60974cf08cc434ac59228ce6359671ed7e128f431fce973efc443a16ece,PRIMARY_SIRE,SireCond_連結済み_20260701.csv,161,SIRE,ミスチヴィアスアレックス,,NAME_KEY_ONLY_UNVERIFIED_OFFICIAL_ID,東京,NAMED_CONDITION,PARSED,,,,,,,,,,,,UNKNOWN,,,N,N,NOT_APPLICABLE,,,,,,NOT_APPLICABLE_NO_ROI,,,,,,,UNKNOWN,,BOOK_OR_UNSPECIFIED_ROI_SOURCE,roi_presence_raw と完全に1対1でROI記入の有無の言い換え。行の出所ではない,8,,,UNVERIFIED(表示基準日がページ間で不一致: トップ2026-08-16/使い方2026-05-17),TOP10,MISSING_ROI,NOT_AVAILABLE,原表と方式を入手するまで使用しない。原行は保持
rec_af4e9eaa1cc97e2675d3018d8911e4115092ae2d08dfbacdba6267f45c94279c,PRIMARY_SIRE,SireCond_連結済み_20260701.csv,162,SIRE,ベンバトル,,NAME_KEY_ONLY_UNVERIFIED_OFFICIAL_ID,東京,NAMED_CONDITION,PARSED,,,,,,,,,,,,UNKNOWN,,,N,N,NOT_APPLICABLE,,,,,,NOT_APPLICABLE_NO_ROI,,,,,,,UNKNOWN,,BOOK_OR_UNSPECIFIED_ROI_SOURCE,roi_presence_raw と完全に1対1でROI記入の有無の言い換え。行の出所ではない,1,,,UNVERIFIED(表示基準日がページ間で不一致: トップ2026-08-16/使い方2026-05-17),TOP10,MISSING_ROI,NOT_AVAILABLE,原表と方式を入手するまで使用しない。原行は保持
rec_d89df8f64241d12c0a5ecba4b0cfcd3f578cdcb2fbbdf8c3afac91bb1a0f0b83,PRIMARY_SIRE,SireCond_連結済み_20260701.csv,163,SIRE,フィレンツェファイア,,NAME_KEY_ONLY_UNVERIFIED_OFFICIAL_ID,東京,NAMED_CONDITION,PARSED,,,,,,,,,,,,UNKNOWN,,,N,N,NOT_APPLICABLE,,,,,,NOT_APPLICABLE_NO_ROI,,,,,,,UNKNOWN,,BOOK_OR_UNSPECIFIED_ROI_SOURCE,roi_presence_raw と完全に1対1でROI記入の有無の言い換え。行の出所ではない,1,,,UNVERIFIED(表示基準日がページ間で不一致: トップ2026-08-16/使い方2026-05-17),TOP10,MISSING_ROI,NOT_AVAILABLE,原表と方式を入手するまで使用しない。原行は保持
rec_610f9c15af3d01b68b98529cfd29a73827e92471ad207edc44fe23718487f8a2,PRIMARY_SIRE,SireCond_連結済み_20260701.csv,164,SIRE,スニッツェル,,NAME_KEY_ONLY_UNVERIFIED_OFFICIAL_ID,東京,NAMED_CONDITION,PARSED,,,,,,,,,,,,UNKNOWN,,,N,N,NOT_APPLICABLE,,,,,,NOT_APPLICABLE_NO_ROI,,,,,,,UNKNOWN,,BOOK_OR_UNSPECIFIED_ROI_SOURCE,roi_presence_raw と完全に1対1でROI記入の有無の言い換え。行の出所ではない,1,,,UNVERIFIED(表示基準日がページ間で不一致: トップ2026-08-16/使い方2026-05-17),TOP10,MISSING_ROI,NOT_AVAILABLE,原表と方式を入手するまで使用しない。原行は保持
rec_13f5dde411685efa33047373289c9ad12ac8788849798a65286aaf73e8725ac4,PRIMARY_SIRE,SireCond_連結済み_20260701.csv,165,SIRE,ドレフォン,,NAME_KEY_ONLY_UNVERIFIED_OFFICIAL_ID,東京,NAMED_CONDITION,PARSED,,,,,,,,,,,WIN_ROI_PCT|PLACE_ROI_PCT|N_STARTS,UNKNOWN,サイト現行既定は「オッズ反比例の賭け金・固定払戻の意図」(WEB_DEFINITION)。CSV作成時点の方式である証明にはならない,EQUAL_STAKE|EQUAL_PAYOUT,Y,Y,YES_PUBLIC_SCOPE_UNRULED,631,,,,N_WEIGHTED_MEAN_OF_PCT: sum(ROI_i*n_i)/sum(n_i) を整数丸め,UNVERIFIED_AGGREGATION,LEGACY_SIRE_TRAINER_CODE,二重丸め(掲載値が整数%＋加重平均後に再度整数丸め),,,,,UNKNOWN,,DB_KEIBA,roi_presence_raw と完全に1対1でROI記入の有無の言い換え。行の出所ではない,18,,,UNVERIFIED(表示基準日がページ間で不一致: トップ2026-08-16/使い方2026-05-17),TOP10,,HOLD_MERGE+HOLD_METHOD+HOLD_ASOF+HOLD_ID,①購入方式の確定 ②分母(賭け金総額・払戻総額)の入手 ③加重平均の再現可否検証 ④場/距離/回りの重複排除
rec_952f4d65974825f087402e088b2e99aa26c94718c5d243317aca52aa1f3374e2,PRIMARY_SIRE,SireCond_連結済み_20260701.csv,166,SIRE,ダノンバラード,,NAME_KEY_ONLY_UNVERIFIED_OFFICIAL_ID,東京,NAMED_CONDITION,PARSED,,,,,,,,,,,,UNKNOWN,,,N,N,NOT_APPLICABLE,,,,,,NOT_APPLICABLE_NO_ROI,,,,,,,UNKNOWN,,BOOK_OR_UNSPECIFIED_ROI_SOURCE,roi_presence_raw と完全に1対1でROI記入の有無の言い換え。行の出所ではない,6,,,UNVERIFIED(表示基準日がページ間で不一致: トップ2026-08-16/使い方2026-05-17),TOP10,MISSING_ROI,NOT_AVAILABLE,原表と方式を入手するまで使用しない。原行は保持
rec_14579ea6590b6cf465004696c73c238b97e6de740b61b63644526e887e292f7e,PRIMARY_SIRE,SireCond_連結済み_20260701.csv,167,SIRE,シルバーステート,,NAME_KEY_ONLY_UNVERIFIED_OFFICIAL_ID,東京,NAMED_CONDITION,PARSED,,,,,,,,,,,,UNKNOWN,,,N,N,NOT_APPLICABLE,,,,,,NOT_APPLICABLE_NO_ROI,,,,,,,UNKNOWN,,BOOK_OR_UNSPECIFIED_ROI_SOURCE,roi_presence_raw と完全に1対1でROI記入の有無の言い換え。行の出所ではない,5,,,UNVERIFIED(表示基準日がページ間で不一致: トップ2026-08-16/使い方2026-05-17),ワースト3,MISSING_ROI,NOT_AVAILABLE,原表と方式を入手するまで使用しない。原行は保持
rec_372b26a19a9c352475456a736f91e04a8098bf1ebfdcf0022a576b52340d5489,PRIMARY_SIRE,SireCond_連結済み_20260701.csv,168,SIRE,アメリカンペイトリオット,,NAME_KEY_ONLY_UNVERIFIED_OFFICIAL_ID,東京,NAMED_CONDITION,PARSED,,,,,,,,,,,,UNKNOWN,,,N,N,NOT_APPLICABLE,,,,,,NOT_APPLICABLE_NO_ROI,,,,,,,UNKNOWN,,BOOK_OR_UNSPECIFIED_ROI_SOURCE,roi_presence_raw と完全に1対1でROI記入の有無の言い換え。行の出所ではない,4,,,UNVERIFIED(表示基準日がページ間で不一致: トップ2026-08-16/使い方2026-05-17),ワースト3,MISSING_ROI,NOT_AVAILABLE,原表と方式を入手するまで使用しない。原行は保持
rec_b5c8f5343fd2621cd1e95f2879ddc94f775a4ecb4d78abc86d9ae6e1666e7fcc,PRIMARY_SIRE,SireCond_連結済み_20260701.csv,169,SIRE,アルアイン,,NAME_KEY_ONLY_UNVERIFIED_OFFICIAL_ID,東京,NAMED_CONDITION,PARSED,,,,,,,,,,,,UNKNOWN,,,N,N,NOT_APPLICABLE,,,,,,NOT_APPLICABLE_NO_ROI,,,,,,,UNKNOWN,,BOOK_OR_UNSPECIFIED_ROI_SOURCE,roi_presence_raw と完全に1対1でROI記入の有無の言い換え。行の出所ではない,2,,,UNVERIFIED(表示基準日がページ間で不一致: トップ2026-08-16/使い方2026-05-17),ワースト3,MISSING_ROI,NOT_AVAILABLE,原表と方式を入手するまで使用しない。原行は保持
rec_61061435e3bec2b95d895049aa628a9643429885ff4906ffe8e1079f8f74b67e,PRIMARY_SIRE,SireCond_連結済み_20260701.csv,170,SIRE,フィエールマン,,NAME_KEY_ONLY_UNVERIFIED_OFFICIAL_ID,中山,NAMED_CONDITION,PARSED,,,,,,,,,,,,UNKNOWN,,,N,N,NOT_APPLICABLE,,,,,,NOT_APPLICABLE_NO_ROI,,,,,,,UNKNOWN,,BOOK_OR_UNSPECIFIED_ROI_SOURCE,roi_presence_raw と完全に1対1でROI記入の有無の言い換え。行の出所ではない,5,,,UNVERIFIED(表示基準日がページ間で不一致: トップ2026-08-16/使い方2026-05-17),TOP10,MISSING_ROI,NOT_AVAILABLE,原表と方式を入手するまで使用しない。原行は保持
rec_96875f2ae72a02fef5e34e878f85e076efa738659aed2c35ae2b5328ede7f38b,PRIMARY_SIRE,SireCond_連結済み_20260701.csv,171,SIRE,ルヴァンスレーヴ,,NAME_KEY_ONLY_UNVERIFIED_OFFICIAL_ID,中山,NAMED_CONDITION,PARSED,,,,,,,,,,,WIN_ROI_PCT|PLACE_ROI_PCT|N_STARTS,UNKNOWN,サイト現行既定は「オッズ反比例の賭け金・固定払戻の意図」(WEB_DEFINITION)。CSV作成時点の方式である証明にはならない,EQUAL_STAKE|EQUAL_PAYOUT,Y,Y,YES_PUBLIC_SCOPE_UNRULED,4,,,,N_WEIGHTED_MEAN_OF_PCT: sum(ROI_i*n_i)/sum(n_i) を整数丸め,UNVERIFIED_AGGREGATION,LEGACY_SIRE_TRAINER_CODE,二重丸め(掲載値が整数%＋加重平均後に再度整数丸め),,,,,UNKNOWN,,DB_KEIBA,roi_presence_raw と完全に1対1でROI記入の有無の言い換え。行の出所ではない,19,,,UNVERIFIED(表示基準日がページ間で不一致: トップ2026-08-16/使い方2026-05-17),TOP10,,HOLD_MERGE+HOLD_METHOD+HOLD_ASOF+HOLD_ID,①購入方式の確定 ②分母(賭け金総額・払戻総額)の入手 ③加重平均の再現可否検証 ④場/距離/回りの重複排除
rec_69b28e01941d60f72a1417b513d6ab0c2755adde28cba3f17f732d5fa4d0c5ac,PRIMARY_SIRE,SireCond_連結済み_20260701.csv,172,SIRE,イスラボニータ,,NAME_KEY_ONLY_UNVERIFIED_OFFICIAL_ID,中山,NAMED_CONDITION,PARSED,,,,,,,,,,,WIN_ROI_PCT|PLACE_ROI_PCT|N_STARTS,UNKNOWN,サイト現行既定は「オッズ反比例の賭け金・固定払戻の意図」(WEB_DEFINITION)。CSV作成時点の方式である証明にはならない,EQUAL_STAKE|EQUAL_PAYOUT,Y,Y,YES_PUBLIC_SCOPE_UNRULED,262,,,,N_WEIGHTED_MEAN_OF_PCT: sum(ROI_i*n_i)/sum(n_i) を整数丸め,UNVERIFIED_AGGREGATION,LEGACY_SIRE_TRAINER_CODE,二重丸め(掲載値が整数%＋加重平均後に再度整数丸め),,,,,UNKNOWN,,DB_KEIBA,roi_presence_raw と完全に1対1でROI記入の有無の言い換え。行の出所ではない,8,,,UNVERIFIED(表示基準日がページ間で不一致: トップ2026-08-16/使い方2026-05-17),TOP10,,HOLD_MERGE+HOLD_METHOD+HOLD_ASOF+HOLD_ID,①購入方式の確定 ②分母(賭け金総額・払戻総額)の入手 ③加重平均の再現可否検証 ④場/距離/回りの重複排除
rec_e7286b86bff89ef988bfe1fdafb6740c137beb0516b286f6620d29f1f6e1c29b,PRIMARY_SIRE,SireCond_連結済み_20260701.csv,173,SIRE,シルバーステート,,NAME_KEY_ONLY_UNVERIFIED_OFFICIAL_ID,中山,NAMED_CONDITION,PARSED,,,,,,,,,,,WIN_ROI_PCT|PLACE_ROI_PCT|N_STARTS,UNKNOWN,サイト現行既定は「オッズ反比例の賭け金・固定払戻の意図」(WEB_DEFINITION)。CSV作成時点の方式である証明にはならない,EQUAL_STAKE|EQUAL_PAYOUT,Y,Y,YES_PUBLIC_SCOPE_UNRULED,183,,,,N_WEIGHTED_MEAN_OF_PCT: sum(ROI_i*n_i)/sum(n_i) を整数丸め,UNVERIFIED_AGGREGATION,LEGACY_SIRE_TRAINER_CODE,二重丸め(掲載値が整数%＋加重平均後に再度整数丸め),,,,,UNKNOWN,,DB_KEIBA,roi_presence_raw と完全に1対1でROI記入の有無の言い換え。行の出所ではない,5,,,UNVERIFIED(表示基準日がページ間で不一致: トップ2026-08-16/使い方2026-05-17),TOP10,,HOLD_MERGE+HOLD_METHOD+HOLD_ASOF+HOLD_ID,①購入方式の確定 ②分母(賭け金総額・払戻総額)の入手 ③加重平均の再現可否検証 ④場/距離/回りの重複排除
rec_911fc3aa57f834b271f45cb82c331c9dc22160a99a072b75b5f4cb126c0986f5,PRIMARY_SIRE,SireCond_連結済み_20260701.csv,174,SIRE,サンダースノー,,NAME_KEY_ONLY_UNVERIFIED_OFFICIAL_ID,中山,NAMED_CONDITION,PARSED,,,,,,,,,,,,UNKNOWN,,,N,N,NOT_APPLICABLE,,,,,,NOT_APPLICABLE_NO_ROI,,,,,,,UNKNOWN,,BOOK_OR_UNSPECIFIED_ROI_SOURCE,roi_presence_raw と完全に1対1でROI記入の有無の言い換え。行の出所ではない,10,,,UNVERIFIED(表示基準日がページ間で不一致: トップ2026-08-16/使い方2026-05-17),TOP10,MISSING_ROI,NOT_AVAILABLE,原表と方式を入手するまで使用しない。原行は保持
rec_1da1924db50b6f67f2d8d435bfe812b4628c817a8e890f972d3a6efe7eb38363,PRIMARY_SIRE,SireCond_連結済み_20260701.csv,175,SIRE,マテラスカイ,,NAME_KEY_ONLY_UNVERIFIED_OFFICIAL_ID,中山,NAMED_CONDITION,PARSED,,,,,,,,,,,,UNKNOWN,,,N,N,NOT_APPLICABLE,,,,,,NOT_APPLICABLE_NO_ROI,,,,,,,UNKNOWN,,BOOK_OR_UNSPECIFIED_ROI_SOURCE,roi_presence_raw と完全に1対1でROI記入の有無の言い換え。行の出所ではない,1,,,UNVERIFIED(表示基準日がページ間で不一致: トップ2026-08-16/使い方2026-05-17),TOP10,MISSING_ROI,NOT_AVAILABLE,原表と方式を入手するまで使用しない。原行は保持
rec_c5ab7510811ed308c596b74e78d28513aad131ad2de97be4183aa31ef7837115,PRIMARY_SIRE,SireCond_連結済み_20260701.csv,176,SIRE,モズアスコット,,NAME_KEY_ONLY_UNVERIFIED_OFFICIAL_ID,中山,NAMED_CONDITION,PARSED,,,,,,,,,,,,UNKNOWN,,,N,N,NOT_APPLICABLE,,,,,,NOT_APPLICABLE_NO_ROI,,,,,,,UNKNOWN,,BOOK_OR_UNSPECIFIED_ROI_SOURCE,roi_presence_raw と完全に1対1でROI記入の有無の言い換え。行の出所ではない,16,,,UNVERIFIED(表示基準日がページ間で不一致: トップ2026-08-16/使い方2026-05-17),TOP10,MISSING_ROI,NOT_AVAILABLE,原表と方式を入手するまで使用しない。原行は保持
rec_5e4148835873b5ac59962fef399436e9ee5e293def34a94c9f21c643dbd45551,PRIMARY_SIRE,SireCond_連結済み_20260701.csv,177,SIRE,ホッコータルマエ,,NAME_KEY_ONLY_UNVERIFIED_OFFICIAL_ID,中山,NAMED_CONDITION,PARSED,,,,,,,,,,,WIN_ROI_PCT|PLACE_ROI_PCT|N_STARTS,UNKNOWN,サイト現行既定は「オッズ反比例の賭け金・固定払戻の意図」(WEB_DEFINITION)。CSV作成時点の方式である証明にはならない,EQUAL_STAKE|EQUAL_PAYOUT,Y,Y,YES_PUBLIC_SCOPE_UNRULED,298,,,,N_WEIGHTED_MEAN_OF_PCT: sum(ROI_i*n_i)/sum(n_i) を整数丸め,UNVERIFIED_AGGREGATION,LEGACY_SIRE_TRAINER_CODE,二重丸め(掲載値が整数%＋加重平均後に再度整数丸め),,,,,UNKNOWN,,DB_KEIBA,roi_presence_raw と完全に1対1でROI記入の有無の言い換え。行の出所ではない,6,,,UNVERIFIED(表示基準日がページ間で不一致: トップ2026-08-16/使い方2026-05-17),TOP10,,HOLD_MERGE+HOLD_METHOD+HOLD_ASOF+HOLD_ID,①購入方式の確定 ②分母(賭け金総額・払戻総額)の入手 ③加重平均の再現可否検証 ④場/距離/回りの重複排除
rec_301dadda99761659cbac3d00f27a6957c8829a216f81682105019211ae9119ec,PRIMARY_SIRE,SireCond_連結済み_20260701.csv,178,SIRE,ケイムホーム,,NAME_KEY_ONLY_UNVERIFIED_OFFICIAL_ID,中山,NAMED_CONDITION,PARSED,,,,,,,,,,,,UNKNOWN,,,N,N,NOT_APPLICABLE,,,,,,NOT_APPLICABLE_NO_ROI,,,,,,,UNKNOWN,,BOOK_OR_UNSPECIFIED_ROI_SOURCE,roi_presence_raw と完全に1対1でROI記入の有無の言い換え。行の出所ではない,1,,,UNVERIFIED(表示基準日がページ間で不一致: トップ2026-08-16/使い方2026-05-17),TOP10,MISSING_ROI,NOT_AVAILABLE,原表と方式を入手するまで使用しない。原行は保持
rec_cf2db9d954257dc5d79f16e10e3b2b06b93755313293408566b2b4baeaa39e75,PRIMARY_SIRE,SireCond_連結済み_20260701.csv,179,SIRE,ガルボ,,NAME_KEY_ONLY_UNVERIFIED_OFFICIAL_ID,中山,NAMED_CONDITION,PARSED,,,,,,,,,,,,UNKNOWN,,,N,N,NOT_APPLICABLE,,,,,,NOT_APPLICABLE_NO_ROI,,,,,,,UNKNOWN,,BOOK_OR_UNSPECIFIED_ROI_SOURCE,roi_presence_raw と完全に1対1でROI記入の有無の言い換え。行の出所ではない,2,,,UNVERIFIED(表示基準日がページ間で不一致: トップ2026-08-16/使い方2026-05-17),TOP10,MISSING_ROI,NOT_AVAILABLE,原表と方式を入手するまで使用しない。原行は保持
rec_d8dd9a3c3eec17dcab907e7d9536d698d4179793fb3bb63872c3772488796228,PRIMARY_SIRE,SireCond_連結済み_20260701.csv,180,SIRE,ダノンバラード,,NAME_KEY_ONLY_UNVERIFIED_OFFICIAL_ID,中山,NAMED_CONDITION,PARSED,,,,,,,,,,,,UNKNOWN,,,N,N,NOT_APPLICABLE,,,,,,NOT_APPLICABLE_NO_ROI,,,,,,,UNKNOWN,,BOOK_OR_UNSPECIFIED_ROI_SOURCE,roi_presence_raw と完全に1対1でROI記入の有無の言い換え。行の出所ではない,6,,,UNVERIFIED(表示基準日がページ間で不一致: トップ2026-08-16/使い方2026-05-17),ワースト3,MISSING_ROI,NOT_AVAILABLE,原表と方式を入手するまで使用しない。原行は保持
rec_bb6a2776fb467053456bfb3ecb37ffb8311663e3590b0bc8cec342d18a8097fd,PRIMARY_SIRE,SireCond_連結済み_20260701.csv,181,SIRE,モーリス,,NAME_KEY_ONLY_UNVERIFIED_OFFICIAL_ID,中山,NAMED_CONDITION,PARSED,,,,,,,,,,,WIN_ROI_PCT|PLACE_ROI_PCT|N_STARTS,UNKNOWN,サイト現行既定は「オッズ反比例の賭け金・固定払戻の意図」(WEB_DEFINITION)。CSV作成時点の方式である証明にはならない,EQUAL_STAKE|EQUAL_PAYOUT,Y,Y,YES_PUBLIC_SCOPE_UNRULED,439,,,,N_WEIGHTED_MEAN_OF_PCT: sum(ROI_i*n_i)/sum(n_i) を整数丸め,UNVERIFIED_AGGREGATION,LEGACY_SIRE_TRAINER_CODE,二重丸め(掲載値が整数%＋加重平均後に再度整数丸め),,,,,UNKNOWN,,DB_KEIBA,roi_presence_raw と完全に1対1でROI記入の有無の言い換え。行の出所ではない,7,,,UNVERIFIED(表示基準日がページ間で不一致: トップ2026-08-16/使い方2026-05-17),ワースト3,,HOLD_MERGE+HOLD_METHOD+HOLD_ASOF+HOLD_ID,①購入方式の確定 ②分母(賭け金総額・払戻総額)の入手 ③加重平均の再現可否検証 ④場/距離/回りの重複排除
rec_fa37921257094014672ae2952afcda7efa37041c654762779070700ade32fac8,PRIMARY_SIRE,SireCond_連結済み_20260701.csv,182,SIRE,ノーブルミッション,,NAME_KEY_ONLY_UNVERIFIED_OFFICIAL_ID,中山,NAMED_CONDITION,PARSED,,,,,,,,,,,,UNKNOWN,,,N,N,NOT_APPLICABLE,,,,,,NOT_APPLICABLE_NO_ROI,,,,,,,UNKNOWN,,BOOK_OR_UNSPECIFIED_ROI_SOURCE,roi_presence_raw と完全に1対1でROI記入の有無の言い換え。行の出所ではない,15,,,UNVERIFIED(表示基準日がページ間で不一致: トップ2026-08-16/使い方2026-05-17),ワースト3,MISSING_ROI,NOT_AVAILABLE,原表と方式を入手するまで使用しない。原行は保持
rec_6f04739357996a6844eb55fda01f8a6d9e563557c0c32eb82b4861d71e5993ad,PRIMARY_SIRE,SireCond_連結済み_20260701.csv,183,SIRE,ミッキーアイル,,NAME_KEY_ONLY_UNVERIFIED_OFFICIAL_ID,中京,NAMED_CONDITION,PARSED,,,,,,,,,,,WIN_ROI_PCT|PLACE_ROI_PCT|N_STARTS,UNKNOWN,サイト現行既定は「オッズ反比例の賭け金・固定払戻の意図」(WEB_DEFINITION)。CSV作成時点の方式である証明にはならない,EQUAL_STAKE|EQUAL_PAYOUT,Y,Y,YES_PUBLIC_SCOPE_UNRULED,163,,,,N_WEIGHTED_MEAN_OF_PCT: sum(ROI_i*n_i)/sum(n_i) を整数丸め,UNVERIFIED_AGGREGATION,LEGACY_SIRE_TRAINER_CODE,二重丸め(掲載値が整数%＋加重平均後に再度整数丸め),,,,,UNKNOWN,,DB_KEIBA,roi_presence_raw と完全に1対1でROI記入の有無の言い換え。行の出所ではない,7,,,UNVERIFIED(表示基準日がページ間で不一致: トップ2026-08-16/使い方2026-05-17),TOP10,,HOLD_MERGE+HOLD_METHOD+HOLD_ASOF+HOLD_ID,①購入方式の確定 ②分母(賭け金総額・払戻総額)の入手 ③加重平均の再現可否検証 ④場/距離/回りの重複排除
rec_00f5389b1b4b4fe293bc7fb7d01e349030abbd86f4e69ec96d218a4af15975b4,PRIMARY_SIRE,SireCond_連結済み_20260701.csv,184,SIRE,ルヴァンスレーヴ,,NAME_KEY_ONLY_UNVERIFIED_OFFICIAL_ID,中京,NAMED_CONDITION,PARSED,,,,,,,,,,,,UNKNOWN,,,N,N,NOT_APPLICABLE,,,,,,NOT_APPLICABLE_NO_ROI,,,,,,,UNKNOWN,,BOOK_OR_UNSPECIFIED_ROI_SOURCE,roi_presence_raw と完全に1対1でROI記入の有無の言い換え。行の出所ではない,19,,,UNVERIFIED(表示基準日がページ間で不一致: トップ2026-08-16/使い方2026-05-17),TOP10,MISSING_ROI,NOT_AVAILABLE,原表と方式を入手するまで使用しない。原行は保持
rec_4d87f732e5dea0f7a28de9c329a62d3dddd7ffe979a1ff4a60f2abccd0cd5539,PRIMARY_SIRE,SireCond_連結済み_20260701.csv,185,SIRE,モズアスコット,,NAME_KEY_ONLY_UNVERIFIED_OFFICIAL_ID,中京,NAMED_CONDITION,PARSED,,,,,,,,,,,,UNKNOWN,,,N,N,NOT_APPLICABLE,,,,,,NOT_APPLICABLE_NO_ROI,,,,,,,UNKNOWN,,BOOK_OR_UNSPECIFIED_ROI_SOURCE,roi_presence_raw と完全に1対1でROI記入の有無の言い換え。行の出所ではない,16,,,UNVERIFIED(表示基準日がページ間で不一致: トップ2026-08-16/使い方2026-05-17),TOP10,MISSING_ROI,NOT_AVAILABLE,原表と方式を入手するまで使用しない。原行は保持
rec_dfc492a1beb34d198717a1c0865961486b81e8bf0dd27ff61a80dca53b14a5af,PRIMARY_SIRE,SireCond_連結済み_20260701.csv,186,SIRE,キズナ,,NAME_KEY_ONLY_UNVERIFIED_OFFICIAL_ID,中京,NAMED_CONDITION,PARSED,,,,,,,,,,,WIN_ROI_PCT|PLACE_ROI_PCT|N_STARTS,UNKNOWN,サイト現行既定は「オッズ反比例の賭け金・固定払戻の意図」(WEB_DEFINITION)。CSV作成時点の方式である証明にはならない,EQUAL_STAKE|EQUAL_PAYOUT,Y,Y,YES_PUBLIC_SCOPE_UNRULED,995,,,,N_WEIGHTED_MEAN_OF_PCT: sum(ROI_i*n_i)/sum(n_i) を整数丸め,UNVERIFIED_AGGREGATION,LEGACY_SIRE_TRAINER_CODE,二重丸め(掲載値が整数%＋加重平均後に再度整数丸め),,,,,UNKNOWN,,DB_KEIBA,roi_presence_raw と完全に1対1でROI記入の有無の言い換え。行の出所ではない,10,,,UNVERIFIED(表示基準日がページ間で不一致: トップ2026-08-16/使い方2026-05-17),TOP10,,HOLD_MERGE+HOLD_METHOD+HOLD_ASOF+HOLD_ID,①購入方式の確定 ②分母(賭け金総額・払戻総額)の入手 ③加重平均の再現可否検証 ④場/距離/回りの重複排除
rec_d743d563cdacb8ed81a8b4748be720b969aecc1f2b8e387379304f2073d60176,PRIMARY_SIRE,SireCond_連結済み_20260701.csv,187,SIRE,フォーウィールドライブ,,NAME_KEY_ONLY_UNVERIFIED_OFFICIAL_ID,中京,NAMED_CONDITION,PARSED,,,,,,,,,,,,UNKNOWN,,,N,N,NOT_APPLICABLE,,,,,,NOT_APPLICABLE_NO_ROI,,,,,,,UNKNOWN,,BOOK_OR_UNSPECIFIED_ROI_SOURCE,roi_presence_raw と完全に1対1でROI記入の有無の言い換え。行の出所ではない,9,,,UNVERIFIED(表示基準日がページ間で不一致: トップ2026-08-16/使い方2026-05-17),TOP10,MISSING_ROI,NOT_AVAILABLE,原表と方式を入手するまで使用しない。原行は保持
rec_3f0a150060515c5870c422a40377d19f6069b2f3beeb5c53e514ee6725d29704,PRIMARY_SIRE,SireCond_連結済み_20260701.csv,188,SIRE,ドレフォン,,NAME_KEY_ONLY_UNVERIFIED_OFFICIAL_ID,中京,NAMED_CONDITION,PARSED,,,,,,,,,,,WIN_ROI_PCT|PLACE_ROI_PCT|N_STARTS,UNKNOWN,サイト現行既定は「オッズ反比例の賭け金・固定払戻の意図」(WEB_DEFINITION)。CSV作成時点の方式である証明にはならない,EQUAL_STAKE|EQUAL_PAYOUT,Y,Y,YES_PUBLIC_SCOPE_UNRULED,358,,,,N_WEIGHTED_MEAN_OF_PCT: sum(ROI_i*n_i)/sum(n_i) を整数丸め,UNVERIFIED_AGGREGATION,LEGACY_SIRE_TRAINER_CODE,二重丸め(掲載値が整数%＋加重平均後に再度整数丸め),,,,,UNKNOWN,,DB_KEIBA,roi_presence_raw と完全に1対1でROI記入の有無の言い換え。行の出所ではない,18,,,UNVERIFIED(表示基準日がページ間で不一致: トップ2026-08-16/使い方2026-05-17),TOP10,,HOLD_MERGE+HOLD_METHOD+HOLD_ASOF+HOLD_ID,①購入方式の確定 ②分母(賭け金総額・払戻総額)の入手 ③加重平均の再現可否検証 ④場/距離/回りの重複排除
rec_3067a4199b6be469378a2e242358d52f150a174a503299f162a678f789202235,PRIMARY_SIRE,SireCond_連結済み_20260701.csv,189,SIRE,ナダル,,NAME_KEY_ONLY_UNVERIFIED_OFFICIAL_ID,中京,NAMED_CONDITION,PARSED,,,,,,,,,,,,UNKNOWN,,,N,N,NOT_APPLICABLE,,,,,,NOT_APPLICABLE_NO_ROI,,,,,,,UNKNOWN,,BOOK_OR_UNSPECIFIED_ROI_SOURCE,roi_presence_raw と完全に1対1でROI記入の有無の言い換え。行の出所ではない,3,,,UNVERIFIED(表示基準日がページ間で不一致: トップ2026-08-16/使い方2026-05-17),TOP10,MISSING_ROI,NOT_AVAILABLE,原表と方式を入手するまで使用しない。原行は保持
rec_d6174bcd9f4bba92eaef0654bd13e2ead906dace57c48b637a4b6e3212d00ff6,PRIMARY_SIRE,SireCond_連結済み_20260701.csv,190,SIRE,Cloud Computing,,NAME_KEY_ONLY_UNVERIFIED_OFFICIAL_ID,中京,NAMED_CONDITION,PARSED,,,,,,,,,,,,UNKNOWN,,,N,N,NOT_APPLICABLE,,,,,,NOT_APPLICABLE_NO_ROI,,,,,,,UNKNOWN,,BOOK_OR_UNSPECIFIED_ROI_SOURCE,roi_presence_raw と完全に1対1でROI記入の有無の言い換え。行の出所ではない,1,,,UNVERIFIED(表示基準日がページ間で不一致: トップ2026-08-16/使い方2026-05-17),TOP10,MISSING_ROI,NOT_AVAILABLE,原表と方式を入手するまで使用しない。原行は保持
rec_bed5d99e4b5c2bf9e67fcf044a93bba6e6e8ff1d8cf7aba21f46008c17aa6308,PRIMARY_SIRE,SireCond_連結済み_20260701.csv,191,SIRE,サトノアラジン,,NAME_KEY_ONLY_UNVERIFIED_OFFICIAL_ID,中京,NAMED_CONDITION,PARSED,,,,,,,,,,,,UNKNOWN,,,N,N,NOT_APPLICABLE,,,,,,NOT_APPLICABLE_NO_ROI,,,,,,,UNKNOWN,,BOOK_OR_UNSPECIFIED_ROI_SOURCE,roi_presence_raw と完全に1対1でROI記入の有無の言い換え。行の出所ではない,2,,,UNVERIFIED(表示基準日がページ間で不一致: トップ2026-08-16/使い方2026-05-17),TOP10,MISSING_ROI,NOT_AVAILABLE,原表と方式を入手するまで使用しない。原行は保持
rec_680806ef7a02ef97683a8d8d8a25c54dfbfe47d15af9b22e42dbb58aef5ee05d,PRIMARY_SIRE,SireCond_連結済み_20260701.csv,192,SIRE,ニューイヤーズデイ,,NAME_KEY_ONLY_UNVERIFIED_OFFICIAL_ID,中京,NAMED_CONDITION,PARSED,,,,,,,,,,,,UNKNOWN,,,N,N,NOT_APPLICABLE,,,,,,NOT_APPLICABLE_NO_ROI,,,,,,,UNKNOWN,,BOOK_OR_UNSPECIFIED_ROI_SOURCE,roi_presence_raw と完全に1対1でROI記入の有無の言い換え。行の出所ではない,5,,,UNVERIFIED(表示基準日がページ間で不一致: トップ2026-08-16/使い方2026-05-17),TOP10,MISSING_ROI,NOT_AVAILABLE,原表と方式を入手するまで使用しない。原行は保持
rec_1da18c705fbe48970c536e50aa60197e693162f02211aad7bd9f4924e20e50c5,PRIMARY_SIRE,SireCond_連結済み_20260701.csv,193,SIRE,サトノダイヤモンド,,NAME_KEY_ONLY_UNVERIFIED_OFFICIAL_ID,中京,NAMED_CONDITION,PARSED,,,,,,,,,,,,UNKNOWN,,,N,N,NOT_APPLICABLE,,,,,,NOT_APPLICABLE_NO_ROI,,,,,,,UNKNOWN,,BOOK_OR_UNSPECIFIED_ROI_SOURCE,roi_presence_raw と完全に1対1でROI記入の有無の言い換え。行の出所ではない,3,,,UNVERIFIED(表示基準日がページ間で不一致: トップ2026-08-16/使い方2026-05-17),ワースト3,MISSING_ROI,NOT_AVAILABLE,原表と方式を入手するまで使用しない。原行は保持
rec_46ecdfe182aeb6389469095efb32b0523649ce2054e647874a099f43c26da668,PRIMARY_SIRE,SireCond_連結済み_20260701.csv,194,SIRE,シュヴァルグラン,,NAME_KEY_ONLY_UNVERIFIED_OFFICIAL_ID,中京,NAMED_CONDITION,PARSED,,,,,,,,,,,,UNKNOWN,,,N,N,NOT_APPLICABLE,,,,,,NOT_APPLICABLE_NO_ROI,,,,,,,UNKNOWN,,BOOK_OR_UNSPECIFIED_ROI_SOURCE,roi_presence_raw と完全に1対1でROI記入の有無の言い換え。行の出所ではない,1,,,UNVERIFIED(表示基準日がページ間で不一致: トップ2026-08-16/使い方2026-05-17),ワースト3,MISSING_ROI,NOT_AVAILABLE,原表と方式を入手するまで使用しない。原行は保持
rec_31e14a82696a12f05421d21f0b25c8879f5e80e489f7bf0a149d4988eeacd81c,PRIMARY_SIRE,SireCond_連結済み_20260701.csv,195,SIRE,モーリス,,NAME_KEY_ONLY_UNVERIFIED_OFFICIAL_ID,中京,NAMED_CONDITION,PARSED,,,,,,,,,,,WIN_ROI_PCT|PLACE_ROI_PCT|N_STARTS,UNKNOWN,サイト現行既定は「オッズ反比例の賭け金・固定払戻の意図」(WEB_DEFINITION)。CSV作成時点の方式である証明にはならない,EQUAL_STAKE|EQUAL_PAYOUT,Y,Y,YES_PUBLIC_SCOPE_UNRULED,500,,,,N_WEIGHTED_MEAN_OF_PCT: sum(ROI_i*n_i)/sum(n_i) を整数丸め,UNVERIFIED_AGGREGATION,LEGACY_SIRE_TRAINER_CODE,二重丸め(掲載値が整数%＋加重平均後に再度整数丸め),,,,,UNKNOWN,,DB_KEIBA,roi_presence_raw と完全に1対1でROI記入の有無の言い換え。行の出所ではない,7,,,UNVERIFIED(表示基準日がページ間で不一致: トップ2026-08-16/使い方2026-05-17),ワースト3,,HOLD_MERGE+HOLD_METHOD+HOLD_ASOF+HOLD_ID,①購入方式の確定 ②分母(賭け金総額・払戻総額)の入手 ③加重平均の再現可否検証 ④場/距離/回りの重複排除
rec_b897d20801602c56679a1344c2dcc25f2d9fc880b4e114c686d3309d7a833cc0,PRIMARY_SIRE,SireCond_連結済み_20260701.csv,196,SIRE,Le Havre,,NAME_KEY_ONLY_UNVERIFIED_OFFICIAL_ID,京都,NAMED_CONDITION,PARSED,,,,,,,,,,,,UNKNOWN,,,N,N,NOT_APPLICABLE,,,,,,NOT_APPLICABLE_NO_ROI,,,,,,,UNKNOWN,,BOOK_OR_UNSPECIFIED_ROI_SOURCE,roi_presence_raw と完全に1対1でROI記入の有無の言い換え。行の出所ではない,1,,,UNVERIFIED(表示基準日がページ間で不一致: トップ2026-08-16/使い方2026-05-17),TOP10,MISSING_ROI,NOT_AVAILABLE,原表と方式を入手するまで使用しない。原行は保持
rec_76bd8c4c9df05626894101b40a1306d13677bfd9ee6ac93b526d94e6690050d7,PRIMARY_SIRE,SireCond_連結済み_20260701.csv,197,SIRE,シニスターミニスター,,NAME_KEY_ONLY_UNVERIFIED_OFFICIAL_ID,京都,NAMED_CONDITION,PARSED,,,,,,,,,,,WIN_ROI_PCT|PLACE_ROI_PCT|N_STARTS,UNKNOWN,サイト現行既定は「オッズ反比例の賭け金・固定払戻の意図」(WEB_DEFINITION)。CSV作成時点の方式である証明にはならない,EQUAL_STAKE|EQUAL_PAYOUT,Y,Y,YES_PUBLIC_SCOPE_UNRULED,373,,,,N_WEIGHTED_MEAN_OF_PCT: sum(ROI_i*n_i)/sum(n_i) を整数丸め,UNVERIFIED_AGGREGATION,LEGACY_SIRE_TRAINER_CODE,二重丸め(掲載値が整数%＋加重平均後に再度整数丸め),,,,,UNKNOWN,,DB_KEIBA,roi_presence_raw と完全に1対1でROI記入の有無の言い換え。行の出所ではない,12,,,UNVERIFIED(表示基準日がページ間で不一致: トップ2026-08-16/使い方2026-05-17),TOP10,,HOLD_MERGE+HOLD_METHOD+HOLD_ASOF+HOLD_ID,①購入方式の確定 ②分母(賭け金総額・払戻総額)の入手 ③加重平均の再現可否検証 ④場/距離/回りの重複排除
rec_e444131a0c9f82d464f25ae5d9aebdd42c3c913685c6018003861203abe29980,PRIMARY_SIRE,SireCond_連結済み_20260701.csv,198,SIRE,Leinster,,NAME_KEY_ONLY_UNVERIFIED_OFFICIAL_ID,京都,NAMED_CONDITION,PARSED,,,,,,,,,,,,UNKNOWN,,,N,N,NOT_APPLICABLE,,,,,,NOT_APPLICABLE_NO_ROI,,,,,,,UNKNOWN,,BOOK_OR_UNSPECIFIED_ROI_SOURCE,roi_presence_raw と完全に1対1でROI記入の有無の言い換え。行の出所ではない,1,,,UNVERIFIED(表示基準日がページ間で不一致: トップ2026-08-16/使い方2026-05-17),TOP10,MISSING_ROI,NOT_AVAILABLE,原表と方式を入手するまで使用しない。原行は保持
rec_1715c5064afdcaa97df08472cb112181d8fb52acb1383a9fcc5ef734190a9a8d,PRIMARY_SIRE,SireCond_連結済み_20260701.csv,199,SIRE,ルヴァンスレーヴ,,NAME_KEY_ONLY_UNVERIFIED_OFFICIAL_ID,京都,NAMED_CONDITION,PARSED,,,,,,,,,,,WIN_ROI_PCT|PLACE_ROI_PCT|N_STARTS,UNKNOWN,サイト現行既定は「オッズ反比例の賭け金・固定払戻の意図」(WEB_DEFINITION)。CSV作成時点の方式である証明にはならない,EQUAL_STAKE|EQUAL_PAYOUT,Y,Y,YES_PUBLIC_SCOPE_UNRULED,78,,,,N_WEIGHTED_MEAN_OF_PCT: sum(ROI_i*n_i)/sum(n_i) を整数丸め,UNVERIFIED_AGGREGATION,LEGACY_SIRE_TRAINER_CODE,二重丸め(掲載値が整数%＋加重平均後に再度整数丸め),,,,,UNKNOWN,,DB_KEIBA,roi_presence_raw と完全に1対1でROI記入の有無の言い換え。行の出所ではない,19,,,UNVERIFIED(表示基準日がページ間で不一致: トップ2026-08-16/使い方2026-05-17),TOP10,,HOLD_MERGE+HOLD_METHOD+HOLD_ASOF+HOLD_ID,①購入方式の確定 ②分母(賭け金総額・払戻総額)の入手 ③加重平均の再現可否検証 ④場/距離/回りの重複排除
rec_f510c517b61216187bc06978741ed0e55b98640d7722e806229de155bcd467b5,PRIMARY_SIRE,SireCond_連結済み_20260701.csv,200,SIRE,ドレフォン,,NAME_KEY_ONLY_UNVERIFIED_OFFICIAL_ID,京都,NAMED_CONDITION,PARSED,,,,,,,,,,,WIN_ROI_PCT|PLACE_ROI_PCT|N_STARTS,UNKNOWN,サイト現行既定は「オッズ反比例の賭け金・固定払戻の意図」(WEB_DEFINITION)。CSV作成時点の方式である証明にはならない,EQUAL_STAKE|EQUAL_PAYOUT,Y,Y,YES_PUBLIC_SCOPE_UNRULED,406,,,,N_WEIGHTED_MEAN_OF_PCT: sum(ROI_i*n_i)/sum(n_i) を整数丸め,UNVERIFIED_AGGREGATION,LEGACY_SIRE_TRAINER_CODE,二重丸め(掲載値が整数%＋加重平均後に再度整数丸め),,,,,UNKNOWN,,DB_KEIBA,roi_presence_raw と完全に1対1でROI記入の有無の言い換え。行の出所ではない,18,,,UNVERIFIED(表示基準日がページ間で不一致: トップ2026-08-16/使い方2026-05-17),TOP10,,HOLD_MERGE+HOLD_METHOD+HOLD_ASOF+HOLD_ID,①購入方式の確定 ②分母(賭け金総額・払戻総額)の入手 ③加重平均の再現可否検証 ④場/距離/回りの重複排除
rec_f68b26a12f46204fcdaa94cff058a85b890577e8a259eeccb23b06976d4e136b,PRIMARY_SIRE,SireCond_連結済み_20260701.csv,201,SIRE,モーニン,,NAME_KEY_ONLY_UNVERIFIED_OFFICIAL_ID,京都,NAMED_CONDITION,PARSED,,,,,,,,,,,,UNKNOWN,,,N,N,NOT_APPLICABLE,,,,,,NOT_APPLICABLE_NO_ROI,,,,,,,UNKNOWN,,BOOK_OR_UNSPECIFIED_ROI_SOURCE,roi_presence_raw と完全に1対1でROI記入の有無の言い換え。行の出所ではない,3,,,UNVERIFIED(表示基準日がページ間で不一致: トップ2026-08-16/使い方2026-05-17),TOP10,MISSING_ROI,NOT_AVAILABLE,原表と方式を入手するまで使用しない。原行は保持
rec_b2fc00cad59fe71f7ef9803a413d25d6ccb137d887e8e4b989879c5b6ef70f07,PRIMARY_SIRE,SireCond_連結済み_20260701.csv,202,SIRE,リオンリオン,,NAME_KEY_ONLY_UNVERIFIED_OFFICIAL_ID,京都,NAMED_CONDITION,PARSED,,,,,,,,,,,,UNKNOWN,,,N,N,NOT_APPLICABLE,,,,,,NOT_APPLICABLE_NO_ROI,,,,,,,UNKNOWN,,BOOK_OR_UNSPECIFIED_ROI_SOURCE,roi_presence_raw と完全に1対1でROI記入の有無の言い換え。行の出所ではない,1,,,UNVERIFIED(表示基準日がページ間で不一致: トップ2026-08-16/使い方2026-05-17),TOP10,MISSING_ROI,NOT_AVAILABLE,原表と方式を入手するまで使用しない。原行は保持
rec_3b1aa949a659ddc0fb3dcaa77ab195ceab556fddac638d0872beb2d074d040f6,PRIMARY_SIRE,SireCond_連結済み_20260701.csv,203,SIRE,タワーオブロンドン,,NAME_KEY_ONLY_UNVERIFIED_OFFICIAL_ID,京都,NAMED_CONDITION,PARSED,,,,,,,,,,,WIN_ROI_PCT|PLACE_ROI_PCT|N_STARTS,UNKNOWN,サイト現行既定は「オッズ反比例の賭け金・固定払戻の意図」(WEB_DEFINITION)。CSV作成時点の方式である証明にはならない,EQUAL_STAKE|EQUAL_PAYOUT,Y,Y,YES_PUBLIC_SCOPE_UNRULED,14,,,,N_WEIGHTED_MEAN_OF_PCT: sum(ROI_i*n_i)/sum(n_i) を整数丸め,UNVERIFIED_AGGREGATION,LEGACY_SIRE_TRAINER_CODE,二重丸め(掲載値が整数%＋加重平均後に再度整数丸め),,,,,UNKNOWN,,DB_KEIBA,roi_presence_raw と完全に1対1でROI記入の有無の言い換え。行の出所ではない,4,,,UNVERIFIED(表示基準日がページ間で不一致: トップ2026-08-16/使い方2026-05-17),TOP10,,HOLD_MERGE+HOLD_METHOD+HOLD_ASOF+HOLD_ID,①購入方式の確定 ②分母(賭け金総額・払戻総額)の入手 ③加重平均の再現可否検証 ④場/距離/回りの重複排除
rec_d0a3786a30f3c563eee8f8c9ddcef2fa1d102c8884391b46e89cba17dbc45fca,PRIMARY_SIRE,SireCond_連結済み_20260701.csv,204,SIRE,キタサンブラック,,NAME_KEY_ONLY_UNVERIFIED_OFFICIAL_ID,京都,NAMED_CONDITION,PARSED,,,,,,,,,,,WIN_ROI_PCT|PLACE_ROI_PCT|N_STARTS,UNKNOWN,サイト現行既定は「オッズ反比例の賭け金・固定払戻の意図」(WEB_DEFINITION)。CSV作成時点の方式である証明にはならない,EQUAL_STAKE|EQUAL_PAYOUT,Y,Y,YES_PUBLIC_SCOPE_UNRULED,165,,,,N_WEIGHTED_MEAN_OF_PCT: sum(ROI_i*n_i)/sum(n_i) を整数丸め,UNVERIFIED_AGGREGATION,LEGACY_SIRE_TRAINER_CODE,二重丸め(掲載値が整数%＋加重平均後に再度整数丸め),,,,,UNKNOWN,,DB_KEIBA,roi_presence_raw と完全に1対1でROI記入の有無の言い換え。行の出所ではない,5,,,UNVERIFIED(表示基準日がページ間で不一致: トップ2026-08-16/使い方2026-05-17),TOP10,,HOLD_MERGE+HOLD_METHOD+HOLD_ASOF+HOLD_ID,①購入方式の確定 ②分母(賭け金総額・払戻総額)の入手 ③加重平均の再現可否検証 ④場/距離/回りの重複排除
rec_9c25a4c94f9ef5922b720ce6d86464e02758bb381f2fdc1877dc1f0f76df7dae,PRIMARY_SIRE,SireCond_連結済み_20260701.csv,205,SIRE,パイロ,,NAME_KEY_ONLY_UNVERIFIED_OFFICIAL_ID,京都,NAMED_CONDITION,PARSED,,,,,,,,,,,WIN_ROI_PCT|PLACE_ROI_PCT|N_STARTS,UNKNOWN,サイト現行既定は「オッズ反比例の賭け金・固定払戻の意図」(WEB_DEFINITION)。CSV作成時点の方式である証明にはならない,EQUAL_STAKE|EQUAL_PAYOUT,Y,Y,YES_PUBLIC_SCOPE_UNRULED,83,,,,N_WEIGHTED_MEAN_OF_PCT: sum(ROI_i*n_i)/sum(n_i) を整数丸め,UNVERIFIED_AGGREGATION,LEGACY_SIRE_TRAINER_CODE,二重丸め(掲載値が整数%＋加重平均後に再度整数丸め),,,,,UNKNOWN,,DB_KEIBA,roi_presence_raw と完全に1対1でROI記入の有無の言い換え。行の出所ではない,1,,,UNVERIFIED(表示基準日がページ間で不一致: トップ2026-08-16/使い方2026-05-17),TOP10,,HOLD_MERGE+HOLD_METHOD+HOLD_ASOF+HOLD_ID,①購入方式の確定 ②分母(賭け金総額・払戻総額)の入手 ③加重平均の再現可否検証 ④場/距離/回りの重複排除
rec_5fc369d62025d1239f8418452ae80277200b4f37a1b3f69263f31fb17088deaa,PRIMARY_SIRE,SireCond_連結済み_20260701.csv,206,SIRE,ドゥラメンテ,,NAME_KEY_ONLY_UNVERIFIED_OFFICIAL_ID,京都,NAMED_CONDITION,PARSED,,,,,,,,,,,WIN_ROI_PCT|PLACE_ROI_PCT|N_STARTS,UNKNOWN,サイト現行既定は「オッズ反比例の賭け金・固定払戻の意図」(WEB_DEFINITION)。CSV作成時点の方式である証明にはならない,EQUAL_STAKE|EQUAL_PAYOUT,Y,Y,YES_PUBLIC_SCOPE_UNRULED,324,,,,N_WEIGHTED_MEAN_OF_PCT: sum(ROI_i*n_i)/sum(n_i) を整数丸め,UNVERIFIED_AGGREGATION,LEGACY_SIRE_TRAINER_CODE,二重丸め(掲載値が整数%＋加重平均後に再度整数丸め),,,,,UNKNOWN,,DB_KEIBA,roi_presence_raw と完全に1対1でROI記入の有無の言い換え。行の出所ではない,5,,,UNVERIFIED(表示基準日がページ間で不一致: トップ2026-08-16/使い方2026-05-17),ワースト3,,HOLD_MERGE+HOLD_METHOD+HOLD_ASOF+HOLD_ID,①購入方式の確定 ②分母(賭け金総額・払戻総額)の入手 ③加重平均の再現可否検証 ④場/距離/回りの重複排除
rec_aa97b6b5a35753e71e7ddfc0804cedd9046592fe320649193e695ba3534dd82c,PRIMARY_SIRE,SireCond_連結済み_20260701.csv,207,SIRE,ホッコータルマエ,,NAME_KEY_ONLY_UNVERIFIED_OFFICIAL_ID,京都,NAMED_CONDITION,PARSED,,,,,,,,,,,WIN_ROI_PCT|PLACE_ROI_PCT|N_STARTS,UNKNOWN,サイト現行既定は「オッズ反比例の賭け金・固定払戻の意図」(WEB_DEFINITION)。CSV作成時点の方式である証明にはならない,EQUAL_STAKE|EQUAL_PAYOUT,Y,Y,YES_PUBLIC_SCOPE_UNRULED,54,,,,N_WEIGHTED_MEAN_OF_PCT: sum(ROI_i*n_i)/sum(n_i) を整数丸め,UNVERIFIED_AGGREGATION,LEGACY_SIRE_TRAINER_CODE,二重丸め(掲載値が整数%＋加重平均後に再度整数丸め),,,,,UNKNOWN,,DB_KEIBA,roi_presence_raw と完全に1対1でROI記入の有無の言い換え。行の出所ではない,6,,,UNVERIFIED(表示基準日がページ間で不一致: トップ2026-08-16/使い方2026-05-17),ワースト3,,HOLD_MERGE+HOLD_METHOD+HOLD_ASOF+HOLD_ID,①購入方式の確定 ②分母(賭け金総額・払戻総額)の入手 ③加重平均の再現可否検証 ④場/距離/回りの重複排除
rec_c028fe93fb5efa269571fd1dd4289a56aa2bfa363685e2cb453c6b6553604957,PRIMARY_SIRE,SireCond_連結済み_20260701.csv,208,SIRE,ブリックスアンドモルタル,,NAME_KEY_ONLY_UNVERIFIED_OFFICIAL_ID,京都,NAMED_CONDITION,PARSED,,,,,,,,,,,WIN_ROI_PCT|PLACE_ROI_PCT|N_STARTS,UNKNOWN,サイト現行既定は「オッズ反比例の賭け金・固定払戻の意図」(WEB_DEFINITION)。CSV作成時点の方式である証明にはならない,EQUAL_STAKE|EQUAL_PAYOUT,Y,Y,YES_PUBLIC_SCOPE_UNRULED,19,,,,N_WEIGHTED_MEAN_OF_PCT: sum(ROI_i*n_i)/sum(n_i) を整数丸め,UNVERIFIED_AGGREGATION,LEGACY_SIRE_TRAINER_CODE,二重丸め(掲載値が整数%＋加重平均後に再度整数丸め),,,,,UNKNOWN,,DB_KEIBA,roi_presence_raw と完全に1対1でROI記入の有無の言い換え。行の出所ではない,4,,,UNVERIFIED(表示基準日がページ間で不一致: トップ2026-08-16/使い方2026-05-17),ワースト3,,HOLD_MERGE+HOLD_METHOD+HOLD_ASOF+HOLD_ID,①購入方式の確定 ②分母(賭け金総額・払戻総額)の入手 ③加重平均の再現可否検証 ④場/距離/回りの重複排除
rec_d9556f8c913a81a2e25e7a0aa2d9f7a814e28e5da9929f945f1407e59932c76f,PRIMARY_SIRE,SireCond_連結済み_20260701.csv,209,SIRE,シニスターミニスター,,NAME_KEY_ONLY_UNVERIFIED_OFFICIAL_ID,阪神,NAMED_CONDITION,PARSED,,,,,,,,,,,WIN_ROI_PCT|PLACE_ROI_PCT|N_STARTS,UNKNOWN,サイト現行既定は「オッズ反比例の賭け金・固定払戻の意図」(WEB_DEFINITION)。CSV作成時点の方式である証明にはならない,EQUAL_STAKE|EQUAL_PAYOUT,Y,Y,YES_PUBLIC_SCOPE_UNRULED,339,,,,N_WEIGHTED_MEAN_OF_PCT: sum(ROI_i*n_i)/sum(n_i) を整数丸め,UNVERIFIED_AGGREGATION,LEGACY_SIRE_TRAINER_CODE,二重丸め(掲載値が整数%＋加重平均後に再度整数丸め),,,,,UNKNOWN,,DB_KEIBA,roi_presence_raw と完全に1対1でROI記入の有無の言い換え。行の出所ではない,12,,,UNVERIFIED(表示基準日がページ間で不一致: トップ2026-08-16/使い方2026-05-17),TOP10,,HOLD_MERGE+HOLD_METHOD+HOLD_ASOF+HOLD_ID,①購入方式の確定 ②分母(賭け金総額・払戻総額)の入手 ③加重平均の再現可否検証 ④場/距離/回りの重複排除
rec_4dfbd2a7c9595d600adea1a227e9ee5f11028319a86654e2405c20e6fe7a6068,PRIMARY_SIRE,SireCond_連結済み_20260701.csv,210,SIRE,キズナ,,NAME_KEY_ONLY_UNVERIFIED_OFFICIAL_ID,阪神,NAMED_CONDITION,PARSED,,,,,,,,,,,WIN_ROI_PCT|PLACE_ROI_PCT|N_STARTS,UNKNOWN,サイト現行既定は「オッズ反比例の賭け金・固定払戻の意図」(WEB_DEFINITION)。CSV作成時点の方式である証明にはならない,EQUAL_STAKE|EQUAL_PAYOUT,Y,Y,YES_PUBLIC_SCOPE_UNRULED,1102,,,,N_WEIGHTED_MEAN_OF_PCT: sum(ROI_i*n_i)/sum(n_i) を整数丸め,UNVERIFIED_AGGREGATION,LEGACY_SIRE_TRAINER_CODE,二重丸め(掲載値が整数%＋加重平均後に再度整数丸め),,,,,UNKNOWN,,DB_KEIBA,roi_presence_raw と完全に1対1でROI記入の有無の言い換え。行の出所ではない,10,,,UNVERIFIED(表示基準日がページ間で不一致: トップ2026-08-16/使い方2026-05-17),TOP10,,HOLD_MERGE+HOLD_METHOD+HOLD_ASOF+HOLD_ID,①購入方式の確定 ②分母(賭け金総額・払戻総額)の入手 ③加重平均の再現可否検証 ④場/距離/回りの重複排除
rec_ba8fad2925aeb4abcb508239df3e7c6792e87aab099afc9cf0c2cb1fbaee0a2f,PRIMARY_SIRE,SireCond_連結済み_20260701.csv,211,SIRE,ニューイヤーズデイ,,NAME_KEY_ONLY_UNVERIFIED_OFFICIAL_ID,阪神,NAMED_CONDITION,PARSED,,,,,,,,,,,,UNKNOWN,,,N,N,NOT_APPLICABLE,,,,,,NOT_APPLICABLE_NO_ROI,,,,,,,UNKNOWN,,BOOK_OR_UNSPECIFIED_ROI_SOURCE,roi_presence_raw と完全に1対1でROI記入の有無の言い換え。行の出所ではない,5,,,UNVERIFIED(表示基準日がページ間で不一致: トップ2026-08-16/使い方2026-05-17),TOP10,MISSING_ROI,NOT_AVAILABLE,原表と方式を入手するまで使用しない。原行は保持
rec_3925265246b3fca3c6562e27d7d27de62a7544bb43adc0d66989149277af240c,PRIMARY_SIRE,SireCond_連結済み_20260701.csv,212,SIRE,シスキン,,NAME_KEY_ONLY_UNVERIFIED_OFFICIAL_ID,阪神,NAMED_CONDITION,PARSED,,,,,,,,,,,,UNKNOWN,,,N,N,NOT_APPLICABLE,,,,,,NOT_APPLICABLE_NO_ROI,,,,,,,UNKNOWN,,BOOK_OR_UNSPECIFIED_ROI_SOURCE,roi_presence_raw と完全に1対1でROI記入の有無の言い換え。行の出所ではない,6,,,UNVERIFIED(表示基準日がページ間で不一致: トップ2026-08-16/使い方2026-05-17),TOP10,MISSING_ROI,NOT_AVAILABLE,原表と方式を入手するまで使用しない。原行は保持
rec_bd4fdcb6897fe3729c298d0b13cad710f47236ae928468880f4be1474009bbbd,PRIMARY_SIRE,SireCond_連結済み_20260701.csv,213,SIRE,ルヴァンスレーヴ,,NAME_KEY_ONLY_UNVERIFIED_OFFICIAL_ID,阪神,NAMED_CONDITION,PARSED,,,,,,,,,,,,UNKNOWN,,,N,N,NOT_APPLICABLE,,,,,,NOT_APPLICABLE_NO_ROI,,,,,,,UNKNOWN,,BOOK_OR_UNSPECIFIED_ROI_SOURCE,roi_presence_raw と完全に1対1でROI記入の有無の言い換え。行の出所ではない,19,,,UNVERIFIED(表示基準日がページ間で不一致: トップ2026-08-16/使い方2026-05-17),TOP10,MISSING_ROI,NOT_AVAILABLE,原表と方式を入手するまで使用しない。原行は保持
rec_ee5a798d80695b7ecd803e945636370aa47f61f5d170ec7ab6782cb40441da68,PRIMARY_SIRE,SireCond_連結済み_20260701.csv,214,SIRE,ブリックスアンドモルタル,,NAME_KEY_ONLY_UNVERIFIED_OFFICIAL_ID,阪神,NAMED_CONDITION,PARSED,,,,,,,,,,,,UNKNOWN,,,N,N,NOT_APPLICABLE,,,,,,NOT_APPLICABLE_NO_ROI,,,,,,,UNKNOWN,,BOOK_OR_UNSPECIFIED_ROI_SOURCE,roi_presence_raw と完全に1対1でROI記入の有無の言い換え。行の出所ではない,4,,,UNVERIFIED(表示基準日がページ間で不一致: トップ2026-08-16/使い方2026-05-17),TOP10,MISSING_ROI,NOT_AVAILABLE,原表と方式を入手するまで使用しない。原行は保持
rec_66d58e8b83a87835050abc601cc6a33f4f0a66ae0895c933183d52b9aaa6caca,PRIMARY_SIRE,SireCond_連結済み_20260701.csv,215,SIRE,ヴァンゴッホ,,NAME_KEY_ONLY_UNVERIFIED_OFFICIAL_ID,阪神,NAMED_CONDITION,PARSED,,,,,,,,,,,,UNKNOWN,,,N,N,NOT_APPLICABLE,,,,,,NOT_APPLICABLE_NO_ROI,,,,,,,UNKNOWN,,BOOK_OR_UNSPECIFIED_ROI_SOURCE,roi_presence_raw と完全に1対1でROI記入の有無の言い換え。行の出所ではない,1,,,UNVERIFIED(表示基準日がページ間で不一致: トップ2026-08-16/使い方2026-05-17),TOP10,MISSING_ROI,NOT_AVAILABLE,原表と方式を入手するまで使用しない。原行は保持
rec_c3f3a3c3f1a315e9b216a68b21f46e82e400602dd8f37e1e0db4048023aec02a,PRIMARY_SIRE,SireCond_連結済み_20260701.csv,216,SIRE,ドレフォン,,NAME_KEY_ONLY_UNVERIFIED_OFFICIAL_ID,阪神,NAMED_CONDITION,PARSED,,,,,,,,,,,WIN_ROI_PCT|PLACE_ROI_PCT|N_STARTS,UNKNOWN,サイト現行既定は「オッズ反比例の賭け金・固定払戻の意図」(WEB_DEFINITION)。CSV作成時点の方式である証明にはならない,EQUAL_STAKE|EQUAL_PAYOUT,Y,Y,YES_PUBLIC_SCOPE_UNRULED,452,,,,N_WEIGHTED_MEAN_OF_PCT: sum(ROI_i*n_i)/sum(n_i) を整数丸め,UNVERIFIED_AGGREGATION,LEGACY_SIRE_TRAINER_CODE,二重丸め(掲載値が整数%＋加重平均後に再度整数丸め),,,,,UNKNOWN,,DB_KEIBA,roi_presence_raw と完全に1対1でROI記入の有無の言い換え。行の出所ではない,18,,,UNVERIFIED(表示基準日がページ間で不一致: トップ2026-08-16/使い方2026-05-17),TOP10,,HOLD_MERGE+HOLD_METHOD+HOLD_ASOF+HOLD_ID,①購入方式の確定 ②分母(賭け金総額・払戻総額)の入手 ③加重平均の再現可否検証 ④場/距離/回りの重複排除
rec_7a2c5123928f7b84f5738912f98b1fea9553c99200f49be8e3b6f6241f2d9ce7,PRIMARY_SIRE,SireCond_連結済み_20260701.csv,217,SIRE,リアルスティール,,NAME_KEY_ONLY_UNVERIFIED_OFFICIAL_ID,阪神,NAMED_CONDITION,PARSED,,,,,,,,,,,WIN_ROI_PCT|PLACE_ROI_PCT|N_STARTS,UNKNOWN,サイト現行既定は「オッズ反比例の賭け金・固定払戻の意図」(WEB_DEFINITION)。CSV作成時点の方式である証明にはならない,EQUAL_STAKE|EQUAL_PAYOUT,Y,Y,YES_PUBLIC_SCOPE_UNRULED,44,,,,N_WEIGHTED_MEAN_OF_PCT: sum(ROI_i*n_i)/sum(n_i) を整数丸め,UNVERIFIED_AGGREGATION,LEGACY_SIRE_TRAINER_CODE,二重丸め(掲載値が整数%＋加重平均後に再度整数丸め),,,,,UNKNOWN,,DB_KEIBA,roi_presence_raw と完全に1対1でROI記入の有無の言い換え。行の出所ではない,4,,,UNVERIFIED(表示基準日がページ間で不一致: トップ2026-08-16/使い方2026-05-17),TOP10,,HOLD_MERGE+HOLD_METHOD+HOLD_ASOF+HOLD_ID,①購入方式の確定 ②分母(賭け金総額・払戻総額)の入手 ③加重平均の再現可否検証 ④場/距離/回りの重複排除
rec_4be58de8478d6452e9dcade059ea80a00874334b14d08a5b4ce838ad5e637804,PRIMARY_SIRE,SireCond_連結済み_20260701.csv,218,SIRE,マジェスティックウォリアー,,NAME_KEY_ONLY_UNVERIFIED_OFFICIAL_ID,阪神,NAMED_CONDITION,PARSED,,,,,,,,,,,WIN_ROI_PCT|PLACE_ROI_PCT|N_STARTS,UNKNOWN,サイト現行既定は「オッズ反比例の賭け金・固定払戻の意図」(WEB_DEFINITION)。CSV作成時点の方式である証明にはならない,EQUAL_STAKE|EQUAL_PAYOUT,Y,Y,YES_PUBLIC_SCOPE_UNRULED,379,,,,N_WEIGHTED_MEAN_OF_PCT: sum(ROI_i*n_i)/sum(n_i) を整数丸め,UNVERIFIED_AGGREGATION,LEGACY_SIRE_TRAINER_CODE,二重丸め(掲載値が整数%＋加重平均後に再度整数丸め),,,,,UNKNOWN,,DB_KEIBA,roi_presence_raw と完全に1対1でROI記入の有無の言い換え。行の出所ではない,4,,,UNVERIFIED(表示基準日がページ間で不一致: トップ2026-08-16/使い方2026-05-17),TOP10,,HOLD_MERGE+HOLD_METHOD+HOLD_ASOF+HOLD_ID,①購入方式の確定 ②分母(賭け金総額・払戻総額)の入手 ③加重平均の再現可否検証 ④場/距離/回りの重複排除
rec_0cc4f35d9bfce6bb2167a3b96b813af5764c66b58af4f3a9b8889ec29774c6ba,PRIMARY_SIRE,SireCond_連結済み_20260701.csv,219,SIRE,サートゥルナーリア,,NAME_KEY_ONLY_UNVERIFIED_OFFICIAL_ID,阪神,NAMED_CONDITION,PARSED,,,,,,,,,,,WIN_ROI_PCT|PLACE_ROI_PCT|N_STARTS,UNKNOWN,サイト現行既定は「オッズ反比例の賭け金・固定払戻の意図」(WEB_DEFINITION)。CSV作成時点の方式である証明にはならない,EQUAL_STAKE|EQUAL_PAYOUT,Y,Y,YES_PUBLIC_SCOPE_UNRULED,10,,,,N_WEIGHTED_MEAN_OF_PCT: sum(ROI_i*n_i)/sum(n_i) を整数丸め,UNVERIFIED_AGGREGATION,LEGACY_SIRE_TRAINER_CODE,二重丸め(掲載値が整数%＋加重平均後に再度整数丸め),,,,,UNKNOWN,,DB_KEIBA,roi_presence_raw と完全に1対1でROI記入の有無の言い換え。行の出所ではない,6,,,UNVERIFIED(表示基準日がページ間で不一致: トップ2026-08-16/使い方2026-05-17),ワースト3,,HOLD_MERGE+HOLD_METHOD+HOLD_ASOF+HOLD_ID,①購入方式の確定 ②分母(賭け金総額・払戻総額)の入手 ③加重平均の再現可否検証 ④場/距離/回りの重複排除
rec_8fb2c74d4def718180fe8d5c0778d24647714d63d088c096ce59857487bcc3b5,PRIMARY_SIRE,SireCond_連結済み_20260701.csv,220,SIRE,タワーオブロンドン,,NAME_KEY_ONLY_UNVERIFIED_OFFICIAL_ID,阪神,NAMED_CONDITION,PARSED,,,,,,,,,,,WIN_ROI_PCT|PLACE_ROI_PCT|N_STARTS,UNKNOWN,サイト現行既定は「オッズ反比例の賭け金・固定払戻の意図」(WEB_DEFINITION)。CSV作成時点の方式である証明にはならない,EQUAL_STAKE|EQUAL_PAYOUT,Y,Y,YES_PUBLIC_SCOPE_UNRULED,8,,,,N_WEIGHTED_MEAN_OF_PCT: sum(ROI_i*n_i)/sum(n_i) を整数丸め,UNVERIFIED_AGGREGATION,LEGACY_SIRE_TRAINER_CODE,二重丸め(掲載値が整数%＋加重平均後に再度整数丸め),,,,,UNKNOWN,,DB_KEIBA,roi_presence_raw と完全に1対1でROI記入の有無の言い換え。行の出所ではない,4,,,UNVERIFIED(表示基準日がページ間で不一致: トップ2026-08-16/使い方2026-05-17),ワースト3,,HOLD_MERGE+HOLD_METHOD+HOLD_ASOF+HOLD_ID,①購入方式の確定 ②分母(賭け金総額・払戻総額)の入手 ③加重平均の再現可否検証 ④場/距離/回りの重複排除
rec_c22e4ddb74f251067ec61480310eddfa69cca9e86e2be9fbe2b5ba0946e7d151,PRIMARY_SIRE,SireCond_連結済み_20260701.csv,221,SIRE,キタサンブラック,,NAME_KEY_ONLY_UNVERIFIED_OFFICIAL_ID,阪神,NAMED_CONDITION,PARSED,,,,,,,,,,,WIN_ROI_PCT|PLACE_ROI_PCT|N_STARTS,UNKNOWN,サイト現行既定は「オッズ反比例の賭け金・固定払戻の意図」(WEB_DEFINITION)。CSV作成時点の方式である証明にはならない,EQUAL_STAKE|EQUAL_PAYOUT,Y,Y,YES_PUBLIC_SCOPE_UNRULED,80,,,,N_WEIGHTED_MEAN_OF_PCT: sum(ROI_i*n_i)/sum(n_i) を整数丸め,UNVERIFIED_AGGREGATION,LEGACY_SIRE_TRAINER_CODE,二重丸め(掲載値が整数%＋加重平均後に再度整数丸め),,,,,UNKNOWN,,DB_KEIBA,roi_presence_raw と完全に1対1でROI記入の有無の言い換え。行の出所ではない,5,,,UNVERIFIED(表示基準日がページ間で不一致: トップ2026-08-16/使い方2026-05-17),ワースト3,,HOLD_MERGE+HOLD_METHOD+HOLD_ASOF+HOLD_ID,①購入方式の確定 ②分母(賭け金総額・払戻総額)の入手 ③加重平均の再現可否検証 ④場/距離/回りの重複排除
rec_400373728c2a718d5c9db5d001c42ff4aaa86a2acfff554a5ca2a184bf5cf89d,PRIMARY_SIRE,SireCond_連結済み_20260701.csv,222,SIRE,アメリカンペイトリオット,,NAME_KEY_ONLY_UNVERIFIED_OFFICIAL_ID,小倉,NAMED_CONDITION,PARSED,,,,,,,,,,,,UNKNOWN,,,N,N,NOT_APPLICABLE,,,,,,NOT_APPLICABLE_NO_ROI,,,,,,,UNKNOWN,,BOOK_OR_UNSPECIFIED_ROI_SOURCE,roi_presence_raw と完全に1対1でROI記入の有無の言い換え。行の出所ではない,4,,,UNVERIFIED(表示基準日がページ間で不一致: トップ2026-08-16/使い方2026-05-17),TOP10,MISSING_ROI,NOT_AVAILABLE,原表と方式を入手するまで使用しない。原行は保持
rec_6d34f0041b93bcef191ead14f4f90cb1d5a07d5c46c08d977e053b86b86586c2,PRIMARY_SIRE,SireCond_連結済み_20260701.csv,223,SIRE,ミッキーアイル,,NAME_KEY_ONLY_UNVERIFIED_OFFICIAL_ID,小倉,NAMED_CONDITION,PARSED,,,,,,,,,,,WIN_ROI_PCT|PLACE_ROI_PCT|N_STARTS,UNKNOWN,サイト現行既定は「オッズ反比例の賭け金・固定払戻の意図」(WEB_DEFINITION)。CSV作成時点の方式である証明にはならない,EQUAL_STAKE|EQUAL_PAYOUT,Y,Y,YES_PUBLIC_SCOPE_UNRULED,229,,,,N_WEIGHTED_MEAN_OF_PCT: sum(ROI_i*n_i)/sum(n_i) を整数丸め,UNVERIFIED_AGGREGATION,LEGACY_SIRE_TRAINER_CODE,二重丸め(掲載値が整数%＋加重平均後に再度整数丸め),,,,,UNKNOWN,,DB_KEIBA,roi_presence_raw と完全に1対1でROI記入の有無の言い換え。行の出所ではない,7,,,UNVERIFIED(表示基準日がページ間で不一致: トップ2026-08-16/使い方2026-05-17),TOP10,,HOLD_MERGE+HOLD_METHOD+HOLD_ASOF+HOLD_ID,①購入方式の確定 ②分母(賭け金総額・払戻総額)の入手 ③加重平均の再現可否検証 ④場/距離/回りの重複排除
rec_c95ed48d46fdcc0a4cb61d3ad8739784943b13cd40133f105c5092f44493a5b4,PRIMARY_SIRE,SireCond_連結済み_20260701.csv,224,SIRE,アニマルキングダム,,NAME_KEY_ONLY_UNVERIFIED_OFFICIAL_ID,小倉,NAMED_CONDITION,PARSED,,,,,,,,,,,,UNKNOWN,,,N,N,NOT_APPLICABLE,,,,,,NOT_APPLICABLE_NO_ROI,,,,,,,UNKNOWN,,BOOK_OR_UNSPECIFIED_ROI_SOURCE,roi_presence_raw と完全に1対1でROI記入の有無の言い換え。行の出所ではない,6,,,UNVERIFIED(表示基準日がページ間で不一致: トップ2026-08-16/使い方2026-05-17),TOP10,MISSING_ROI,NOT_AVAILABLE,原表と方式を入手するまで使用しない。原行は保持
rec_e240a46a76d1546dafce9708a7abf6bf602ad6da4a20a71f8628061d06878438,PRIMARY_SIRE,SireCond_連結済み_20260701.csv,225,SIRE,ネロ,,NAME_KEY_ONLY_UNVERIFIED_OFFICIAL_ID,小倉,NAMED_CONDITION,PARSED,,,,,,,,,,,,UNKNOWN,,,N,N,NOT_APPLICABLE,,,,,,NOT_APPLICABLE_NO_ROI,,,,,,,UNKNOWN,,BOOK_OR_UNSPECIFIED_ROI_SOURCE,roi_presence_raw と完全に1対1でROI記入の有無の言い換え。行の出所ではない,3,,,UNVERIFIED(表示基準日がページ間で不一致: トップ2026-08-16/使い方2026-05-17),TOP10,MISSING_ROI,NOT_AVAILABLE,原表と方式を入手するまで使用しない。原行は保持
rec_adef1a71225c808bf1919c0b6549f9de5a68a33cdb62491e268bd61b55c903eb,PRIMARY_SIRE,SireCond_連結済み_20260701.csv,226,SIRE,オルフェーヴル,,NAME_KEY_ONLY_UNVERIFIED_OFFICIAL_ID,小倉,NAMED_CONDITION,PARSED,,,,,,,,,,,WIN_ROI_PCT|PLACE_ROI_PCT|N_STARTS,UNKNOWN,サイト現行既定は「オッズ反比例の賭け金・固定払戻の意図」(WEB_DEFINITION)。CSV作成時点の方式である証明にはならない,EQUAL_STAKE|EQUAL_PAYOUT,Y,Y,YES_PUBLIC_SCOPE_UNRULED,165,,,,N_WEIGHTED_MEAN_OF_PCT: sum(ROI_i*n_i)/sum(n_i) を整数丸め,UNVERIFIED_AGGREGATION,LEGACY_SIRE_TRAINER_CODE,二重丸め(掲載値が整数%＋加重平均後に再度整数丸め),,,,,UNKNOWN,,DB_KEIBA,roi_presence_raw と完全に1対1でROI記入の有無の言い換え。行の出所ではない,1,,,UNVERIFIED(表示基準日がページ間で不一致: トップ2026-08-16/使い方2026-05-17),TOP10,,HOLD_MERGE+HOLD_METHOD+HOLD_ASOF+HOLD_ID,①購入方式の確定 ②分母(賭け金総額・払戻総額)の入手 ③加重平均の再現可否検証 ④場/距離/回りの重複排除
rec_b2dbcea20602df45a6b43baa5b18ef24b7335e15a338119913b5f93972d6ea8c,PRIMARY_SIRE,SireCond_連結済み_20260701.csv,227,SIRE,デクラレーションオブウォー,,NAME_KEY_ONLY_UNVERIFIED_OFFICIAL_ID,小倉,NAMED_CONDITION,PARSED,,,,,,,,,,,,UNKNOWN,,,N,N,NOT_APPLICABLE,,,,,,NOT_APPLICABLE_NO_ROI,,,,,,,UNKNOWN,,BOOK_OR_UNSPECIFIED_ROI_SOURCE,roi_presence_raw と完全に1対1でROI記入の有無の言い換え。行の出所ではない,2,,,UNVERIFIED(表示基準日がページ間で不一致: トップ2026-08-16/使い方2026-05-17),TOP10,MISSING_ROI,NOT_AVAILABLE,原表と方式を入手するまで使用しない。原行は保持
rec_7196f72fcbafe3eb2f4389eb371e16c62c61d307e7a71f1a7b58472b46a86012,PRIMARY_SIRE,SireCond_連結済み_20260701.csv,228,SIRE,リアルスティール,,NAME_KEY_ONLY_UNVERIFIED_OFFICIAL_ID,小倉,NAMED_CONDITION,PARSED,,,,,,,,,,,,UNKNOWN,,,N,N,NOT_APPLICABLE,,,,,,NOT_APPLICABLE_NO_ROI,,,,,,,UNKNOWN,,BOOK_OR_UNSPECIFIED_ROI_SOURCE,roi_presence_raw と完全に1対1でROI記入の有無の言い換え。行の出所ではない,4,,,UNVERIFIED(表示基準日がページ間で不一致: トップ2026-08-16/使い方2026-05-17),TOP10,MISSING_ROI,NOT_AVAILABLE,原表と方式を入手するまで使用しない。原行は保持
rec_7d6a4e7eac1168785faf4a5bec9f2c38c9fa8d94658cfe62eec4f425c584ea87,PRIMARY_SIRE,SireCond_連結済み_20260701.csv,229,SIRE,カリフォルニアクローム,,NAME_KEY_ONLY_UNVERIFIED_OFFICIAL_ID,小倉,NAMED_CONDITION,PARSED,,,,,,,,,,,,UNKNOWN,,,N,N,NOT_APPLICABLE,,,,,,NOT_APPLICABLE_NO_ROI,,,,,,,UNKNOWN,,BOOK_OR_UNSPECIFIED_ROI_SOURCE,roi_presence_raw と完全に1対1でROI記入の有無の言い換え。行の出所ではない,6,,,UNVERIFIED(表示基準日がページ間で不一致: トップ2026-08-16/使い方2026-05-17),TOP10,MISSING_ROI,NOT_AVAILABLE,原表と方式を入手するまで使用しない。原行は保持
rec_18a116fe4d7a143efc6f79465e4a8697b8802300cd0061a4072de36e00af2bea,PRIMARY_SIRE,SireCond_連結済み_20260701.csv,230,SIRE,エイシンヒカリ,,NAME_KEY_ONLY_UNVERIFIED_OFFICIAL_ID,小倉,NAMED_CONDITION,PARSED,,,,,,,,,,,,UNKNOWN,,,N,N,NOT_APPLICABLE,,,,,,NOT_APPLICABLE_NO_ROI,,,,,,,UNKNOWN,,BOOK_OR_UNSPECIFIED_ROI_SOURCE,roi_presence_raw と完全に1対1でROI記入の有無の言い換え。行の出所ではない,3,,,UNVERIFIED(表示基準日がページ間で不一致: トップ2026-08-16/使い方2026-05-17),TOP10,MISSING_ROI,NOT_AVAILABLE,原表と方式を入手するまで使用しない。原行は保持
rec_f25cfbb2a4d8644d233009fd258867d1bb7f82776f584c480c3a5ba2f48c3f60,PRIMARY_SIRE,SireCond_連結済み_20260701.csv,231,SIRE,ファインニードル,,NAME_KEY_ONLY_UNVERIFIED_OFFICIAL_ID,小倉,NAMED_CONDITION,PARSED,,,,,,,,,,,WIN_ROI_PCT|PLACE_ROI_PCT|N_STARTS,UNKNOWN,サイト現行既定は「オッズ反比例の賭け金・固定払戻の意図」(WEB_DEFINITION)。CSV作成時点の方式である証明にはならない,EQUAL_STAKE|EQUAL_PAYOUT,Y,Y,YES_PUBLIC_SCOPE_UNRULED,66,,,,N_WEIGHTED_MEAN_OF_PCT: sum(ROI_i*n_i)/sum(n_i) を整数丸め,UNVERIFIED_AGGREGATION,LEGACY_SIRE_TRAINER_CODE,二重丸め(掲載値が整数%＋加重平均後に再度整数丸め),,,,,UNKNOWN,,DB_KEIBA,roi_presence_raw と完全に1対1でROI記入の有無の言い換え。行の出所ではない,2,,,UNVERIFIED(表示基準日がページ間で不一致: トップ2026-08-16/使い方2026-05-17),TOP10,,HOLD_MERGE+HOLD_METHOD+HOLD_ASOF+HOLD_ID,①購入方式の確定 ②分母(賭け金総額・払戻総額)の入手 ③加重平均の再現可否検証 ④場/距離/回りの重複排除
rec_293566a69e301210d0145e7f9a74b6cc60bed9291d4a28b98b91681027f382b8,PRIMARY_SIRE,SireCond_連結済み_20260701.csv,232,SIRE,タワーオブロンドン,,NAME_KEY_ONLY_UNVERIFIED_OFFICIAL_ID,小倉,NAMED_CONDITION,PARSED,,,,,,,,,,,,UNKNOWN,,,N,N,NOT_APPLICABLE,,,,,,NOT_APPLICABLE_NO_ROI,,,,,,,UNKNOWN,,BOOK_OR_UNSPECIFIED_ROI_SOURCE,roi_presence_raw と完全に1対1でROI記入の有無の言い換え。行の出所ではない,4,,,UNVERIFIED(表示基準日がページ間で不一致: トップ2026-08-16/使い方2026-05-17),ワースト3,MISSING_ROI,NOT_AVAILABLE,原表と方式を入手するまで使用しない。原行は保持
rec_b040be90ce186c608ab5d38bc51565a35151ba41ec99cc312de3e87accb5bbba,PRIMARY_SIRE,SireCond_連結済み_20260701.csv,233,SIRE,ノーブルミッション,,NAME_KEY_ONLY_UNVERIFIED_OFFICIAL_ID,小倉,NAMED_CONDITION,PARSED,,,,,,,,,,,,UNKNOWN,,,N,N,NOT_APPLICABLE,,,,,,NOT_APPLICABLE_NO_ROI,,,,,,,UNKNOWN,,BOOK_OR_UNSPECIFIED_ROI_SOURCE,roi_presence_raw と完全に1対1でROI記入の有無の言い換え。行の出所ではない,15,,,UNVERIFIED(表示基準日がページ間で不一致: トップ2026-08-16/使い方2026-05-17),ワースト3,MISSING_ROI,NOT_AVAILABLE,原表と方式を入手するまで使用しない。原行は保持
rec_07a978971f397826b42ebbded0be8ed9944de75b4f590199cabce08b4f40814f,PRIMARY_SIRE,SireCond_連結済み_20260701.csv,234,SIRE,フォーウィールドライブ,,NAME_KEY_ONLY_UNVERIFIED_OFFICIAL_ID,小倉,NAMED_CONDITION,PARSED,,,,,,,,,,,,UNKNOWN,,,N,N,NOT_APPLICABLE,,,,,,NOT_APPLICABLE_NO_ROI,,,,,,,UNKNOWN,,BOOK_OR_UNSPECIFIED_ROI_SOURCE,roi_presence_raw と完全に1対1でROI記入の有無の言い換え。行の出所ではない,9,,,UNVERIFIED(表示基準日がページ間で不一致: トップ2026-08-16/使い方2026-05-17),ワースト3,MISSING_ROI,NOT_AVAILABLE,原表と方式を入手するまで使用しない。原行は保持
rec_b9f1a6fb16ccdc1cfc3cb7ec554093b98f395d695f2edd4af0589099fd108c9b,PRIMARY_SIRE,SireCond_連結済み_20260701.csv,235,SIRE,Lucky Vega,,NAME_KEY_ONLY_UNVERIFIED_OFFICIAL_ID,芝道悪（稍重/重/不良）,NAMED_CONDITION,PARSED,,,,,,,,,,,,UNKNOWN,,,N,N,NOT_APPLICABLE,,,,,,NOT_APPLICABLE_NO_ROI,,,,芝,,,UNKNOWN,,BOOK_OR_UNSPECIFIED_ROI_SOURCE,roi_presence_raw と完全に1対1でROI記入の有無の言い換え。行の出所ではない,1,,,UNVERIFIED(表示基準日がページ間で不一致: トップ2026-08-16/使い方2026-05-17),TOP10,MISSING_ROI,NOT_AVAILABLE,原表と方式を入手するまで使用しない。原行は保持
rec_00367017b590707084598613bbb7732a3913ce8fa3749001b1a7bcffb318cec8,PRIMARY_SIRE,SireCond_連結済み_20260701.csv,236,SIRE,アドマイヤマーズ,,NAME_KEY_ONLY_UNVERIFIED_OFFICIAL_ID,芝道悪（稍重/重/不良）,NAMED_CONDITION,PARSED,,,,,,,,,,,,UNKNOWN,,,N,N,NOT_APPLICABLE,,,,,,NOT_APPLICABLE_NO_ROI,,,,芝,,,UNKNOWN,,BOOK_OR_UNSPECIFIED_ROI_SOURCE,roi_presence_raw と完全に1対1でROI記入の有無の言い換え。行の出所ではない,4,,,UNVERIFIED(表示基準日がページ間で不一致: トップ2026-08-16/使い方2026-05-17),TOP10,MISSING_ROI,NOT_AVAILABLE,原表と方式を入手するまで使用しない。原行は保持
rec_ffb1ed49b31ffb4e78e0447e8fc391571def81a1a896e03ed0fd3989d925918e,PRIMARY_SIRE,SireCond_連結済み_20260701.csv,237,SIRE,ミスチヴィアスアレックス,,NAME_KEY_ONLY_UNVERIFIED_OFFICIAL_ID,芝道悪（稍重/重/不良）,NAMED_CONDITION,PARSED,,,,,,,,,,,,UNKNOWN,,,N,N,NOT_APPLICABLE,,,,,,NOT_APPLICABLE_NO_ROI,,,,芝,,,UNKNOWN,,BOOK_OR_UNSPECIFIED_ROI_SOURCE,roi_presence_raw と完全に1対1でROI記入の有無の言い換え。行の出所ではない,8,,,UNVERIFIED(表示基準日がページ間で不一致: トップ2026-08-16/使い方2026-05-17),TOP10,MISSING_ROI,NOT_AVAILABLE,原表と方式を入手するまで使用しない。原行は保持
rec_e497c6a09a5d122acf6b5cd4cfd34f7b79cd5988c2ce3a509f4e72838a7abb90,PRIMARY_SIRE,SireCond_連結済み_20260701.csv,238,SIRE,ニューイヤーズデイ,,NAME_KEY_ONLY_UNVERIFIED_OFFICIAL_ID,芝道悪（稍重/重/不良）,NAMED_CONDITION,PARSED,,,,,,,,,,,,UNKNOWN,,,N,N,NOT_APPLICABLE,,,,,,NOT_APPLICABLE_NO_ROI,,,,芝,,,UNKNOWN,,BOOK_OR_UNSPECIFIED_ROI_SOURCE,roi_presence_raw と完全に1対1でROI記入の有無の言い換え。行の出所ではない,5,,,UNVERIFIED(表示基準日がページ間で不一致: トップ2026-08-16/使い方2026-05-17),TOP10,MISSING_ROI,NOT_AVAILABLE,原表と方式を入手するまで使用しない。原行は保持
rec_18d9c1f2128af1f923640a38c9132b2d039b3dbfcebf4a91c200986202941c7a,PRIMARY_SIRE,SireCond_連結済み_20260701.csv,239,SIRE,サンダースノー,,NAME_KEY_ONLY_UNVERIFIED_OFFICIAL_ID,芝道悪（稍重/重/不良）,NAMED_CONDITION,PARSED,,,,,,,,,,,,UNKNOWN,,,N,N,NOT_APPLICABLE,,,,,,NOT_APPLICABLE_NO_ROI,,,,芝,,,UNKNOWN,,BOOK_OR_UNSPECIFIED_ROI_SOURCE,roi_presence_raw と完全に1対1でROI記入の有無の言い換え。行の出所ではない,10,,,UNVERIFIED(表示基準日がページ間で不一致: トップ2026-08-16/使い方2026-05-17),TOP10,MISSING_ROI,NOT_AVAILABLE,原表と方式を入手するまで使用しない。原行は保持
rec_365211cd2ad78681cd95f128738ac311de2b6e31ddea83a8bc3cf427840cb780,PRIMARY_SIRE,SireCond_連結済み_20260701.csv,240,SIRE,サートゥルナーリア,,NAME_KEY_ONLY_UNVERIFIED_OFFICIAL_ID,芝道悪（稍重/重/不良）,NAMED_CONDITION,PARSED,,,,,,,,,,,,UNKNOWN,,,N,N,NOT_APPLICABLE,,,,,,NOT_APPLICABLE_NO_ROI,,,,芝,,,UNKNOWN,,BOOK_OR_UNSPECIFIED_ROI_SOURCE,roi_presence_raw と完全に1対1でROI記入の有無の言い換え。行の出所ではない,6,,,UNVERIFIED(表示基準日がページ間で不一致: トップ2026-08-16/使い方2026-05-17),TOP10,MISSING_ROI,NOT_AVAILABLE,原表と方式を入手するまで使用しない。原行は保持
rec_13e9a6ea8b382ab5802ea0659235b133150f0cea536a1a376a80acecd167f3c6,PRIMARY_SIRE,SireCond_連結済み_20260701.csv,241,SIRE,ディスクリートキャット,,NAME_KEY_ONLY_UNVERIFIED_OFFICIAL_ID,芝道悪（稍重/重/不良）,NAMED_CONDITION,PARSED,,,,,,,,,,,,UNKNOWN,,,N,N,NOT_APPLICABLE,,,,,,NOT_APPLICABLE_NO_ROI,,,,芝,,,UNKNOWN,,BOOK_OR_UNSPECIFIED_ROI_SOURCE,roi_presence_raw と完全に1対1でROI記入の有無の言い換え。行の出所ではない,5,,,UNVERIFIED(表示基準日がページ間で不一致: トップ2026-08-16/使い方2026-05-17),TOP10,MISSING_ROI,NOT_AVAILABLE,原表と方式を入手するまで使用しない。原行は保持
rec_a677a2c595de4407763dfb6a3c84fc3307adc4ca02d0319582b00f459c04dea7,PRIMARY_SIRE,SireCond_連結済み_20260701.csv,242,SIRE,キズナ,,NAME_KEY_ONLY_UNVERIFIED_OFFICIAL_ID,芝道悪（稍重/重/不良）,NAMED_CONDITION,PARSED,,,,,,,,,,,,UNKNOWN,,,N,N,NOT_APPLICABLE,,,,,,NOT_APPLICABLE_NO_ROI,,,,芝,,,UNKNOWN,,BOOK_OR_UNSPECIFIED_ROI_SOURCE,roi_presence_raw と完全に1対1でROI記入の有無の言い換え。行の出所ではない,10,,,UNVERIFIED(表示基準日がページ間で不一致: トップ2026-08-16/使い方2026-05-17),TOP10,MISSING_ROI,NOT_AVAILABLE,原表と方式を入手するまで使用しない。原行は保持
rec_1bc59c7347c4986a915abb20ad84617c32c6922f7e5d168a3663d8977dda2702,PRIMARY_SIRE,SireCond_連結済み_20260701.csv,243,SIRE,ファインニードル,,NAME_KEY_ONLY_UNVERIFIED_OFFICIAL_ID,芝道悪（稍重/重/不良）,NAMED_CONDITION,PARSED,,,,,,,,,,,,UNKNOWN,,,N,N,NOT_APPLICABLE,,,,,,NOT_APPLICABLE_NO_ROI,,,,芝,,,UNKNOWN,,BOOK_OR_UNSPECIFIED_ROI_SOURCE,roi_presence_raw と完全に1対1でROI記入の有無の言い換え。行の出所ではない,2,,,UNVERIFIED(表示基準日がページ間で不一致: トップ2026-08-16/使い方2026-05-17),TOP10,MISSING_ROI,NOT_AVAILABLE,原表と方式を入手するまで使用しない。原行は保持
rec_09b0a497e06dbb468afcc536b725e7977287a46d0aef1237a24535fa5b2192e5,PRIMARY_SIRE,SireCond_連結済み_20260701.csv,244,SIRE,スクリーンヒーロー,,NAME_KEY_ONLY_UNVERIFIED_OFFICIAL_ID,芝道悪（稍重/重/不良）,NAMED_CONDITION,PARSED,,,,,,,,,,,,UNKNOWN,,,N,N,NOT_APPLICABLE,,,,,,NOT_APPLICABLE_NO_ROI,,,,芝,,,UNKNOWN,,BOOK_OR_UNSPECIFIED_ROI_SOURCE,roi_presence_raw と完全に1対1でROI記入の有無の言い換え。行の出所ではない,3,,,UNVERIFIED(表示基準日がページ間で不一致: トップ2026-08-16/使い方2026-05-17),TOP10,MISSING_ROI,NOT_AVAILABLE,原表と方式を入手するまで使用しない。原行は保持
rec_ddacd7562072142430d32a832abdf62d092a61bc73d4ed3e8d44a857b80d631f,PRIMARY_SIRE,SireCond_連結済み_20260701.csv,245,SIRE,エピファネイア,,NAME_KEY_ONLY_UNVERIFIED_OFFICIAL_ID,芝道悪（稍重/重/不良）,NAMED_CONDITION,PARSED,,,,,,,,,,,,UNKNOWN,,,N,N,NOT_APPLICABLE,,,,,,NOT_APPLICABLE_NO_ROI,,,,芝,,,UNKNOWN,,BOOK_OR_UNSPECIFIED_ROI_SOURCE,roi_presence_raw と完全に1対1でROI記入の有無の言い換え。行の出所ではない,13,,,UNVERIFIED(表示基準日がページ間で不一致: トップ2026-08-16/使い方2026-05-17),ワースト3,MISSING_ROI,NOT_AVAILABLE,原表と方式を入手するまで使用しない。原行は保持
rec_28853279cc621a02c63efe286cbbb19b7b8e4593079ecce036c6fade2fe223e2,PRIMARY_SIRE,SireCond_連結済み_20260701.csv,246,SIRE,ノーブルミッション,,NAME_KEY_ONLY_UNVERIFIED_OFFICIAL_ID,芝道悪（稍重/重/不良）,NAMED_CONDITION,PARSED,,,,,,,,,,,,UNKNOWN,,,N,N,NOT_APPLICABLE,,,,,,NOT_APPLICABLE_NO_ROI,,,,芝,,,UNKNOWN,,BOOK_OR_UNSPECIFIED_ROI_SOURCE,roi_presence_raw と完全に1対1でROI記入の有無の言い換え。行の出所ではない,15,,,UNVERIFIED(表示基準日がページ間で不一致: トップ2026-08-16/使い方2026-05-17),ワースト3,MISSING_ROI,NOT_AVAILABLE,原表と方式を入手するまで使用しない。原行は保持
rec_dda394fe33fbf038341d0b74261f547e274608d327fd6d8b307a316fc9025b88,PRIMARY_SIRE,SireCond_連結済み_20260701.csv,247,SIRE,イスラボニータ,,NAME_KEY_ONLY_UNVERIFIED_OFFICIAL_ID,芝道悪（稍重/重/不良）,NAMED_CONDITION,PARSED,,,,,,,,,,,,UNKNOWN,,,N,N,NOT_APPLICABLE,,,,,,NOT_APPLICABLE_NO_ROI,,,,芝,,,UNKNOWN,,BOOK_OR_UNSPECIFIED_ROI_SOURCE,roi_presence_raw と完全に1対1でROI記入の有無の言い換え。行の出所ではない,8,,,UNVERIFIED(表示基準日がページ間で不一致: トップ2026-08-16/使い方2026-05-17),ワースト3,MISSING_ROI,NOT_AVAILABLE,原表と方式を入手するまで使用しない。原行は保持
rec_b9989c4ef14b7c21b3b971a8fdff7e6619eb310762729912f4ec6d54abee2db5,PRIMARY_SIRE,SireCond_連結済み_20260701.csv,248,SIRE,ルヴァンスレーヴ,,NAME_KEY_ONLY_UNVERIFIED_OFFICIAL_ID,ダ道悪（稍重/重/不良）,NAMED_CONDITION,PARSED,,,,,,,,,,,,UNKNOWN,,,N,N,NOT_APPLICABLE,,,,,,NOT_APPLICABLE_NO_ROI,,,,ダート,,,UNKNOWN,,BOOK_OR_UNSPECIFIED_ROI_SOURCE,roi_presence_raw と完全に1対1でROI記入の有無の言い換え。行の出所ではない,19,,,UNVERIFIED(表示基準日がページ間で不一致: トップ2026-08-16/使い方2026-05-17),TOP10,MISSING_ROI,NOT_AVAILABLE,原表と方式を入手するまで使用しない。原行は保持
rec_78856bbcb679b57aada1fdb8b1007f7534cf5d354898254a2e3e51405ac7c6e4,PRIMARY_SIRE,SireCond_連結済み_20260701.csv,249,SIRE,サンダースノー,,NAME_KEY_ONLY_UNVERIFIED_OFFICIAL_ID,ダ道悪（稍重/重/不良）,NAMED_CONDITION,PARSED,,,,,,,,,,,,UNKNOWN,,,N,N,NOT_APPLICABLE,,,,,,NOT_APPLICABLE_NO_ROI,,,,ダート,,,UNKNOWN,,BOOK_OR_UNSPECIFIED_ROI_SOURCE,roi_presence_raw と完全に1対1でROI記入の有無の言い換え。行の出所ではない,10,,,UNVERIFIED(表示基準日がページ間で不一致: トップ2026-08-16/使い方2026-05-17),TOP10,MISSING_ROI,NOT_AVAILABLE,原表と方式を入手するまで使用しない。原行は保持
rec_5301d9ddc95dcca9ceb7b877739c87e1836280e003430b4d22a478762e80b181,PRIMARY_SIRE,SireCond_連結済み_20260701.csv,250,SIRE,ホッコータルマエ,,NAME_KEY_ONLY_UNVERIFIED_OFFICIAL_ID,ダ道悪（稍重/重/不良）,NAMED_CONDITION,PARSED,,,,,,,,,,,,UNKNOWN,,,N,N,NOT_APPLICABLE,,,,,,NOT_APPLICABLE_NO_ROI,,,,ダート,,,UNKNOWN,,BOOK_OR_UNSPECIFIED_ROI_SOURCE,roi_presence_raw と完全に1対1でROI記入の有無の言い換え。行の出所ではない,6,,,UNVERIFIED(表示基準日がページ間で不一致: トップ2026-08-16/使い方2026-05-17),TOP10,MISSING_ROI,NOT_AVAILABLE,原表と方式を入手するまで使用しない。原行は保持
rec_ac1da73e6e4e3e887ea6a08672c33e12a60551816eb8fe93589ada69d9230f19,PRIMARY_SIRE,SireCond_連結済み_20260701.csv,251,SIRE,シニスターミニスター,,NAME_KEY_ONLY_UNVERIFIED_OFFICIAL_ID,ダ道悪（稍重/重/不良）,NAMED_CONDITION,PARSED,,,,,,,,,,,,UNKNOWN,,,N,N,NOT_APPLICABLE,,,,,,NOT_APPLICABLE_NO_ROI,,,,ダート,,,UNKNOWN,,BOOK_OR_UNSPECIFIED_ROI_SOURCE,roi_presence_raw と完全に1対1でROI記入の有無の言い換え。行の出所ではない,12,,,UNVERIFIED(表示基準日がページ間で不一致: トップ2026-08-16/使い方2026-05-17),TOP10,MISSING_ROI,NOT_AVAILABLE,原表と方式を入手するまで使用しない。原行は保持
rec_239c10e3739997cc770a34045cfa04de9ba2d6132efc3b9659cf9bb244baa327,PRIMARY_SIRE,SireCond_連結済み_20260701.csv,252,SIRE,マジェスティックウォリアー,,NAME_KEY_ONLY_UNVERIFIED_OFFICIAL_ID,ダ道悪（稍重/重/不良）,NAMED_CONDITION,PARSED,,,,,,,,,,,,UNKNOWN,,,N,N,NOT_APPLICABLE,,,,,,NOT_APPLICABLE_NO_ROI,,,,ダート,,,UNKNOWN,,BOOK_OR_UNSPECIFIED_ROI_SOURCE,roi_presence_raw と完全に1対1でROI記入の有無の言い換え。行の出所ではない,4,,,UNVERIFIED(表示基準日がページ間で不一致: トップ2026-08-16/使い方2026-05-17),TOP10,MISSING_ROI,NOT_AVAILABLE,原表と方式を入手するまで使用しない。原行は保持
rec_914a78db80c7deb561ad5ac5578888aec357d6b9ce08b23988636f07490463fd,PRIMARY_SIRE,SireCond_連結済み_20260701.csv,253,SIRE,レインボーライン,,NAME_KEY_ONLY_UNVERIFIED_OFFICIAL_ID,ダ道悪（稍重/重/不良）,NAMED_CONDITION,PARSED,,,,,,,,,,,,UNKNOWN,,,N,N,NOT_APPLICABLE,,,,,,NOT_APPLICABLE_NO_ROI,,,,ダート,,,UNKNOWN,,BOOK_OR_UNSPECIFIED_ROI_SOURCE,roi_presence_raw と完全に1対1でROI記入の有無の言い換え。行の出所ではない,1,,,UNVERIFIED(表示基準日がページ間で不一致: トップ2026-08-16/使い方2026-05-17),TOP10,MISSING_ROI,NOT_AVAILABLE,原表と方式を入手するまで使用しない。原行は保持
rec_a3d9e478953d5c506912132b04e31310d7f41ce6b0162174616dcb491163e5f2,PRIMARY_SIRE,SireCond_連結済み_20260701.csv,254,SIRE,ディーマジェスティ,,NAME_KEY_ONLY_UNVERIFIED_OFFICIAL_ID,ダ道悪（稍重/重/不良）,NAMED_CONDITION,PARSED,,,,,,,,,,,,UNKNOWN,,,N,N,NOT_APPLICABLE,,,,,,NOT_APPLICABLE_NO_ROI,,,,ダート,,,UNKNOWN,,BOOK_OR_UNSPECIFIED_ROI_SOURCE,roi_presence_raw と完全に1対1でROI記入の有無の言い換え。行の出所ではない,3,,,UNVERIFIED(表示基準日がページ間で不一致: トップ2026-08-16/使い方2026-05-17),TOP10,MISSING_ROI,NOT_AVAILABLE,原表と方式を入手するまで使用しない。原行は保持
rec_abae5fa64d47a6b66be781525d08c8605614b9c61325168966893aa0abd0dca6,PRIMARY_SIRE,SireCond_連結済み_20260701.csv,255,SIRE,モズアスコット,,NAME_KEY_ONLY_UNVERIFIED_OFFICIAL_ID,ダ道悪（稍重/重/不良）,NAMED_CONDITION,PARSED,,,,,,,,,,,,UNKNOWN,,,N,N,NOT_APPLICABLE,,,,,,NOT_APPLICABLE_NO_ROI,,,,ダート,,,UNKNOWN,,BOOK_OR_UNSPECIFIED_ROI_SOURCE,roi_presence_raw と完全に1対1でROI記入の有無の言い換え。行の出所ではない,16,,,UNVERIFIED(表示基準日がページ間で不一致: トップ2026-08-16/使い方2026-05-17),TOP10,MISSING_ROI,NOT_AVAILABLE,原表と方式を入手するまで使用しない。原行は保持
rec_351d7de6da810095a592fef185c1d7bc6ef7276e2e66f9d2f8c75012714494f0,PRIMARY_SIRE,SireCond_連結済み_20260701.csv,256,SIRE,カリフォルニアクローム,,NAME_KEY_ONLY_UNVERIFIED_OFFICIAL_ID,ダ道悪（稍重/重/不良）,NAMED_CONDITION,PARSED,,,,,,,,,,,,UNKNOWN,,,N,N,NOT_APPLICABLE,,,,,,NOT_APPLICABLE_NO_ROI,,,,ダート,,,UNKNOWN,,BOOK_OR_UNSPECIFIED_ROI_SOURCE,roi_presence_raw と完全に1対1でROI記入の有無の言い換え。行の出所ではない,6,,,UNVERIFIED(表示基準日がページ間で不一致: トップ2026-08-16/使い方2026-05-17),TOP10,MISSING_ROI,NOT_AVAILABLE,原表と方式を入手するまで使用しない。原行は保持
rec_fbd0e4ce234bf1a7e663399c2f4f756822a8df01faaa10090d817088ccaadb46,PRIMARY_SIRE,SireCond_連結済み_20260701.csv,257,SIRE,ドレフォン,,NAME_KEY_ONLY_UNVERIFIED_OFFICIAL_ID,ダ道悪（稍重/重/不良）,NAMED_CONDITION,PARSED,,,,,,,,,,,,UNKNOWN,,,N,N,NOT_APPLICABLE,,,,,,NOT_APPLICABLE_NO_ROI,,,,ダート,,,UNKNOWN,,BOOK_OR_UNSPECIFIED_ROI_SOURCE,roi_presence_raw と完全に1対1でROI記入の有無の言い換え。行の出所ではない,18,,,UNVERIFIED(表示基準日がページ間で不一致: トップ2026-08-16/使い方2026-05-17),TOP10,MISSING_ROI,NOT_AVAILABLE,原表と方式を入手するまで使用しない。原行は保持
rec_e2058b3e81cab48392107fb5d6c3bd704ab59ae294d41475a40f3e5e3f5159ff,PRIMARY_SIRE,SireCond_連結済み_20260701.csv,258,SIRE,ゴールドドリーム,,NAME_KEY_ONLY_UNVERIFIED_OFFICIAL_ID,ダ道悪（稍重/重/不良）,NAMED_CONDITION,PARSED,,,,,,,,,,,,UNKNOWN,,,N,N,NOT_APPLICABLE,,,,,,NOT_APPLICABLE_NO_ROI,,,,ダート,,,UNKNOWN,,BOOK_OR_UNSPECIFIED_ROI_SOURCE,roi_presence_raw と完全に1対1でROI記入の有無の言い換え。行の出所ではない,3,,,UNVERIFIED(表示基準日がページ間で不一致: トップ2026-08-16/使い方2026-05-17),ワースト3,MISSING_ROI,NOT_AVAILABLE,原表と方式を入手するまで使用しない。原行は保持
rec_b4fc59f3f86bc6dd109acfefc0a55f1ba5c09523aeaa55649414d74a3782d63b,PRIMARY_SIRE,SireCond_連結済み_20260701.csv,259,SIRE,フィエールマン,,NAME_KEY_ONLY_UNVERIFIED_OFFICIAL_ID,ダ道悪（稍重/重/不良）,NAMED_CONDITION,PARSED,,,,,,,,,,,,UNKNOWN,,,N,N,NOT_APPLICABLE,,,,,,NOT_APPLICABLE_NO_ROI,,,,ダート,,,UNKNOWN,,BOOK_OR_UNSPECIFIED_ROI_SOURCE,roi_presence_raw と完全に1対1でROI記入の有無の言い換え。行の出所ではない,5,,,UNVERIFIED(表示基準日がページ間で不一致: トップ2026-08-16/使い方2026-05-17),ワースト3,MISSING_ROI,NOT_AVAILABLE,原表と方式を入手するまで使用しない。原行は保持
rec_c3911115fc9ba1ffa678d51c80e75e138c5ec5ccfc6996db6f14697325a1a78a,PRIMARY_SIRE,SireCond_連結済み_20260701.csv,260,SIRE,ルーラーシップ,,NAME_KEY_ONLY_UNVERIFIED_OFFICIAL_ID,ダ道悪（稍重/重/不良）,NAMED_CONDITION,PARSED,,,,,,,,,,,,UNKNOWN,,,N,N,NOT_APPLICABLE,,,,,,NOT_APPLICABLE_NO_ROI,,,,ダート,,,UNKNOWN,,BOOK_OR_UNSPECIFIED_ROI_SOURCE,roi_presence_raw と完全に1対1でROI記入の有無の言い換え。行の出所ではない,2,,,UNVERIFIED(表示基準日がページ間で不一致: トップ2026-08-16/使い方2026-05-17),ワースト3,MISSING_ROI,NOT_AVAILABLE,原表と方式を入手するまで使用しない。原行は保持
rec_a153283b2a33f88ad665a6e5f3cd21f4a5ec5edeb9a20afc79d98be4a8e7e964,PRIMARY_SIRE,SireCond_連結済み_20260701.csv,261,SIRE,ルヴァンスレーヴ,,NAME_KEY_ONLY_UNVERIFIED_OFFICIAL_ID,新馬,NAMED_CONDITION,PARSED,,,,,,,,,,,,UNKNOWN,,,N,N,NOT_APPLICABLE,,,,,,NOT_APPLICABLE_NO_ROI,,,,,,,UNKNOWN,,BOOK_OR_UNSPECIFIED_ROI_SOURCE,roi_presence_raw と完全に1対1でROI記入の有無の言い換え。行の出所ではない,19,,,UNVERIFIED(表示基準日がページ間で不一致: トップ2026-08-16/使い方2026-05-17),TOP10,MISSING_ROI,NOT_AVAILABLE,原表と方式を入手するまで使用しない。原行は保持
rec_59e8b48bc1e08b6b1278c824b37d747fba464f5c35eaceec878fe044f86cc18b,PRIMARY_SIRE,SireCond_連結済み_20260701.csv,262,SIRE,ミスチヴィアスアレックス,,NAME_KEY_ONLY_UNVERIFIED_OFFICIAL_ID,新馬,NAMED_CONDITION,PARSED,,,,,,,,,,,,UNKNOWN,,,N,N,NOT_APPLICABLE,,,,,,NOT_APPLICABLE_NO_ROI,,,,,,,UNKNOWN,,BOOK_OR_UNSPECIFIED_ROI_SOURCE,roi_presence_raw と完全に1対1でROI記入の有無の言い換え。行の出所ではない,8,,,UNVERIFIED(表示基準日がページ間で不一致: トップ2026-08-16/使い方2026-05-17),TOP10,MISSING_ROI,NOT_AVAILABLE,原表と方式を入手するまで使用しない。原行は保持
rec_80a977cbd74c77ce54232301c22ff056406406996fd23fa7aa4d80be362c24a4,PRIMARY_SIRE,SireCond_連結済み_20260701.csv,263,SIRE,エピファネイア,,NAME_KEY_ONLY_UNVERIFIED_OFFICIAL_ID,新馬,NAMED_CONDITION,PARSED,,,,,,,,,,,,UNKNOWN,,,N,N,NOT_APPLICABLE,,,,,,NOT_APPLICABLE_NO_ROI,,,,,,,UNKNOWN,,BOOK_OR_UNSPECIFIED_ROI_SOURCE,roi_presence_raw と完全に1対1でROI記入の有無の言い換え。行の出所ではない,13,,,UNVERIFIED(表示基準日がページ間で不一致: トップ2026-08-16/使い方2026-05-17),TOP10,MISSING_ROI,NOT_AVAILABLE,原表と方式を入手するまで使用しない。原行は保持
rec_f14e0bb6d6d168c3b07bd987393141317b1f31ae3669c8407a7fcd5de60dbc04,PRIMARY_SIRE,SireCond_連結済み_20260701.csv,264,SIRE,モズアスコット,,NAME_KEY_ONLY_UNVERIFIED_OFFICIAL_ID,新馬,NAMED_CONDITION,PARSED,,,,,,,,,,,,UNKNOWN,,,N,N,NOT_APPLICABLE,,,,,,NOT_APPLICABLE_NO_ROI,,,,,,,UNKNOWN,,BOOK_OR_UNSPECIFIED_ROI_SOURCE,roi_presence_raw と完全に1対1でROI記入の有無の言い換え。行の出所ではない,16,,,UNVERIFIED(表示基準日がページ間で不一致: トップ2026-08-16/使い方2026-05-17),TOP10,MISSING_ROI,NOT_AVAILABLE,原表と方式を入手するまで使用しない。原行は保持
rec_44f18c252f12d9c2d75eefe7ecf576561b89867a7d4919b0f012e53d74eca1e5,PRIMARY_SIRE,SireCond_連結済み_20260701.csv,265,SIRE,ダノンレジェンド,,NAME_KEY_ONLY_UNVERIFIED_OFFICIAL_ID,新馬,NAMED_CONDITION,PARSED,,,,,,,,,,,,UNKNOWN,,,N,N,NOT_APPLICABLE,,,,,,NOT_APPLICABLE_NO_ROI,,,,,,,UNKNOWN,,BOOK_OR_UNSPECIFIED_ROI_SOURCE,roi_presence_raw と完全に1対1でROI記入の有無の言い換え。行の出所ではない,6,,,UNVERIFIED(表示基準日がページ間で不一致: トップ2026-08-16/使い方2026-05-17),TOP10,MISSING_ROI,NOT_AVAILABLE,原表と方式を入手するまで使用しない。原行は保持
rec_a07581d5c4c94d494dd860ecdbff1c6a6619e5bee61621ab00a1fc783af8af3b,PRIMARY_SIRE,SireCond_連結済み_20260701.csv,266,SIRE,ニューイヤーズデイ,,NAME_KEY_ONLY_UNVERIFIED_OFFICIAL_ID,新馬,NAMED_CONDITION,PARSED,,,,,,,,,,,,UNKNOWN,,,N,N,NOT_APPLICABLE,,,,,,NOT_APPLICABLE_NO_ROI,,,,,,,UNKNOWN,,BOOK_OR_UNSPECIFIED_ROI_SOURCE,roi_presence_raw と完全に1対1でROI記入の有無の言い換え。行の出所ではない,5,,,UNVERIFIED(表示基準日がページ間で不一致: トップ2026-08-16/使い方2026-05-17),TOP10,MISSING_ROI,NOT_AVAILABLE,原表と方式を入手するまで使用しない。原行は保持
rec_411287b58a4cd5d2029754877f7a657553359f12c0a0d614e041e01178040d97,PRIMARY_SIRE,SireCond_連結済み_20260701.csv,267,SIRE,ヘンリーバローズ,,NAME_KEY_ONLY_UNVERIFIED_OFFICIAL_ID,新馬,NAMED_CONDITION,PARSED,,,,,,,,,,,,UNKNOWN,,,N,N,NOT_APPLICABLE,,,,,,NOT_APPLICABLE_NO_ROI,,,,,,,UNKNOWN,,BOOK_OR_UNSPECIFIED_ROI_SOURCE,roi_presence_raw と完全に1対1でROI記入の有無の言い換え。行の出所ではない,2,,,UNVERIFIED(表示基準日がページ間で不一致: トップ2026-08-16/使い方2026-05-17),TOP10,MISSING_ROI,NOT_AVAILABLE,原表と方式を入手するまで使用しない。原行は保持
rec_60ee391acdd32b72f0baba13640f444e3c2805a679162a9677cae791b3cdf5dc,PRIMARY_SIRE,SireCond_連結済み_20260701.csv,268,SIRE,ダノンバラード,,NAME_KEY_ONLY_UNVERIFIED_OFFICIAL_ID,新馬,NAMED_CONDITION,PARSED,,,,,,,,,,,,UNKNOWN,,,N,N,NOT_APPLICABLE,,,,,,NOT_APPLICABLE_NO_ROI,,,,,,,UNKNOWN,,BOOK_OR_UNSPECIFIED_ROI_SOURCE,roi_presence_raw と完全に1対1でROI記入の有無の言い換え。行の出所ではない,6,,,UNVERIFIED(表示基準日がページ間で不一致: トップ2026-08-16/使い方2026-05-17),TOP10,MISSING_ROI,NOT_AVAILABLE,原表と方式を入手するまで使用しない。原行は保持
rec_c0942a7ee1811af2dcbf857990ba6240a110e3a0b92b77d0712d359a8a8abe0f,PRIMARY_SIRE,SireCond_連結済み_20260701.csv,269,SIRE,ラブリーデイ,,NAME_KEY_ONLY_UNVERIFIED_OFFICIAL_ID,新馬,NAMED_CONDITION,PARSED,,,,,,,,,,,,UNKNOWN,,,N,N,NOT_APPLICABLE,,,,,,NOT_APPLICABLE_NO_ROI,,,,,,,UNKNOWN,,BOOK_OR_UNSPECIFIED_ROI_SOURCE,roi_presence_raw と完全に1対1でROI記入の有無の言い換え。行の出所ではない,1,,,UNVERIFIED(表示基準日がページ間で不一致: トップ2026-08-16/使い方2026-05-17),TOP10,MISSING_ROI,NOT_AVAILABLE,原表と方式を入手するまで使用しない。原行は保持
rec_018112a268fdd4bbd095b3f81474cd890d39a39f01815c0b9c7b0f94a6fc12c9,PRIMARY_SIRE,SireCond_連結済み_20260701.csv,270,SIRE,シスキン,,NAME_KEY_ONLY_UNVERIFIED_OFFICIAL_ID,新馬,NAMED_CONDITION,PARSED,,,,,,,,,,,,UNKNOWN,,,N,N,NOT_APPLICABLE,,,,,,NOT_APPLICABLE_NO_ROI,,,,,,,UNKNOWN,,BOOK_OR_UNSPECIFIED_ROI_SOURCE,roi_presence_raw と完全に1対1でROI記入の有無の言い換え。行の出所ではない,6,,,UNVERIFIED(表示基準日がページ間で不一致: トップ2026-08-16/使い方2026-05-17),TOP10,MISSING_ROI,NOT_AVAILABLE,原表と方式を入手するまで使用しない。原行は保持
rec_005e706d03fcc9ef55cc465dbb9a9d737e0acf371209b0d2a1a65da44996732e,PRIMARY_SIRE,SireCond_連結済み_20260701.csv,271,SIRE,ドレフォン,,NAME_KEY_ONLY_UNVERIFIED_OFFICIAL_ID,新馬,NAMED_CONDITION,PARSED,,,,,,,,,,,,UNKNOWN,,,N,N,NOT_APPLICABLE,,,,,,NOT_APPLICABLE_NO_ROI,,,,,,,UNKNOWN,,BOOK_OR_UNSPECIFIED_ROI_SOURCE,roi_presence_raw と完全に1対1でROI記入の有無の言い換え。行の出所ではない,18,,,UNVERIFIED(表示基準日がページ間で不一致: トップ2026-08-16/使い方2026-05-17),ワースト3,MISSING_ROI,NOT_AVAILABLE,原表と方式を入手するまで使用しない。原行は保持
rec_214d73c27428339c9aa328de775f7f115a7f903829aea0681a35029c1857fc79,PRIMARY_SIRE,SireCond_連結済み_20260701.csv,272,SIRE,タワーオブロンドン,,NAME_KEY_ONLY_UNVERIFIED_OFFICIAL_ID,新馬,NAMED_CONDITION,PARSED,,,,,,,,,,,,UNKNOWN,,,N,N,NOT_APPLICABLE,,,,,,NOT_APPLICABLE_NO_ROI,,,,,,,UNKNOWN,,BOOK_OR_UNSPECIFIED_ROI_SOURCE,roi_presence_raw と完全に1対1でROI記入の有無の言い換え。行の出所ではない,4,,,UNVERIFIED(表示基準日がページ間で不一致: トップ2026-08-16/使い方2026-05-17),ワースト3,MISSING_ROI,NOT_AVAILABLE,原表と方式を入手するまで使用しない。原行は保持
rec_338760cb9d2a7ef164826fc4579988f6a40b67e54e1d422fee46b99119387aa3,PRIMARY_SIRE,SireCond_連結済み_20260701.csv,273,SIRE,ロードカナロア,,NAME_KEY_ONLY_UNVERIFIED_OFFICIAL_ID,新馬,NAMED_CONDITION,PARSED,,,,,,,,,,,,UNKNOWN,,,N,N,NOT_APPLICABLE,,,,,,NOT_APPLICABLE_NO_ROI,,,,,,,UNKNOWN,,BOOK_OR_UNSPECIFIED_ROI_SOURCE,roi_presence_raw と完全に1対1でROI記入の有無の言い換え。行の出所ではない,4,,,UNVERIFIED(表示基準日がページ間で不一致: トップ2026-08-16/使い方2026-05-17),ワースト3,MISSING_ROI,NOT_AVAILABLE,原表と方式を入手するまで使用しない。原行は保持
rec_786a3467b77b0d9a326a48e75b21688133dcf91a7d1c4850f681c9ec38389a0e,PRIMARY_SIRE,SireCond_連結済み_20260701.csv,274,SIRE,モズアスコット,,NAME_KEY_ONLY_UNVERIFIED_OFFICIAL_ID,未勝利,NAMED_CONDITION,PARSED,,,,,,,,,,,,UNKNOWN,,,N,N,NOT_APPLICABLE,,,,,,NOT_APPLICABLE_NO_ROI,,,,,,,UNKNOWN,,BOOK_OR_UNSPECIFIED_ROI_SOURCE,roi_presence_raw と完全に1対1でROI記入の有無の言い換え。行の出所ではない,16,,,UNVERIFIED(表示基準日がページ間で不一致: トップ2026-08-16/使い方2026-05-17),TOP10,MISSING_ROI,NOT_AVAILABLE,原表と方式を入手するまで使用しない。原行は保持
rec_6157310032cc53b07bd5f518cb5cbbeebe28f6046d5bdd73d0ce7135c247c7a2,PRIMARY_SIRE,SireCond_連結済み_20260701.csv,275,SIRE,サンダースノー,,NAME_KEY_ONLY_UNVERIFIED_OFFICIAL_ID,未勝利,NAMED_CONDITION,PARSED,,,,,,,,,,,,UNKNOWN,,,N,N,NOT_APPLICABLE,,,,,,NOT_APPLICABLE_NO_ROI,,,,,,,UNKNOWN,,BOOK_OR_UNSPECIFIED_ROI_SOURCE,roi_presence_raw と完全に1対1でROI記入の有無の言い換え。行の出所ではない,10,,,UNVERIFIED(表示基準日がページ間で不一致: トップ2026-08-16/使い方2026-05-17),TOP10,MISSING_ROI,NOT_AVAILABLE,原表と方式を入手するまで使用しない。原行は保持
rec_2d6757738b69417dc9acfbcef54bf7443f3b1e3bf628c9b79ce5a62f5f5b0bc2,PRIMARY_SIRE,SireCond_連結済み_20260701.csv,276,SIRE,レイデオロ,,NAME_KEY_ONLY_UNVERIFIED_OFFICIAL_ID,未勝利,NAMED_CONDITION,PARSED,,,,,,,,,,,,UNKNOWN,,,N,N,NOT_APPLICABLE,,,,,,NOT_APPLICABLE_NO_ROI,,,,,,,UNKNOWN,,BOOK_OR_UNSPECIFIED_ROI_SOURCE,roi_presence_raw と完全に1対1でROI記入の有無の言い換え。行の出所ではない,8,,,UNVERIFIED(表示基準日がページ間で不一致: トップ2026-08-16/使い方2026-05-17),TOP10,MISSING_ROI,NOT_AVAILABLE,原表と方式を入手するまで使用しない。原行は保持
rec_3a8573d2c6c483a82c60901e941aad525b3d3aefb29c5c152882dc2a2169b2ae,PRIMARY_SIRE,SireCond_連結済み_20260701.csv,277,SIRE,シニスターミニスター,,NAME_KEY_ONLY_UNVERIFIED_OFFICIAL_ID,未勝利,NAMED_CONDITION,PARSED,,,,,,,,,,,,UNKNOWN,,,N,N,NOT_APPLICABLE,,,,,,NOT_APPLICABLE_NO_ROI,,,,,,,UNKNOWN,,BOOK_OR_UNSPECIFIED_ROI_SOURCE,roi_presence_raw と完全に1対1でROI記入の有無の言い換え。行の出所ではない,12,,,UNVERIFIED(表示基準日がページ間で不一致: トップ2026-08-16/使い方2026-05-17),TOP10,MISSING_ROI,NOT_AVAILABLE,原表と方式を入手するまで使用しない。原行は保持
rec_69d64d26a31c0a81dc8e31314f6c75a2efab76bf5670c5e96db30b6c6e3e84ba,PRIMARY_SIRE,SireCond_連結済み_20260701.csv,278,SIRE,フォーウィールドライブ,,NAME_KEY_ONLY_UNVERIFIED_OFFICIAL_ID,未勝利,NAMED_CONDITION,PARSED,,,,,,,,,,,,UNKNOWN,,,N,N,NOT_APPLICABLE,,,,,,NOT_APPLICABLE_NO_ROI,,,,,,,UNKNOWN,,BOOK_OR_UNSPECIFIED_ROI_SOURCE,roi_presence_raw と完全に1対1でROI記入の有無の言い換え。行の出所ではない,9,,,UNVERIFIED(表示基準日がページ間で不一致: トップ2026-08-16/使い方2026-05-17),TOP10,MISSING_ROI,NOT_AVAILABLE,原表と方式を入手するまで使用しない。原行は保持
rec_a627b2840a7e9a6868f7b32076f734f329a95d88438ee2551d46059a6167aeef,PRIMARY_SIRE,SireCond_連結済み_20260701.csv,279,SIRE,シスキン,,NAME_KEY_ONLY_UNVERIFIED_OFFICIAL_ID,未勝利,NAMED_CONDITION,PARSED,,,,,,,,,,,,UNKNOWN,,,N,N,NOT_APPLICABLE,,,,,,NOT_APPLICABLE_NO_ROI,,,,,,,UNKNOWN,,BOOK_OR_UNSPECIFIED_ROI_SOURCE,roi_presence_raw と完全に1対1でROI記入の有無の言い換え。行の出所ではない,6,,,UNVERIFIED(表示基準日がページ間で不一致: トップ2026-08-16/使い方2026-05-17),TOP10,MISSING_ROI,NOT_AVAILABLE,原表と方式を入手するまで使用しない。原行は保持
rec_ac71d451c4b45c7aae778df4f2fb6827b195088efa591c701c0ce3b110546849,PRIMARY_SIRE,SireCond_連結済み_20260701.csv,280,SIRE,イスラボニータ,,NAME_KEY_ONLY_UNVERIFIED_OFFICIAL_ID,未勝利,NAMED_CONDITION,PARSED,,,,,,,,,,,,UNKNOWN,,,N,N,NOT_APPLICABLE,,,,,,NOT_APPLICABLE_NO_ROI,,,,,,,UNKNOWN,,BOOK_OR_UNSPECIFIED_ROI_SOURCE,roi_presence_raw と完全に1対1でROI記入の有無の言い換え。行の出所ではない,8,,,UNVERIFIED(表示基準日がページ間で不一致: トップ2026-08-16/使い方2026-05-17),TOP10,MISSING_ROI,NOT_AVAILABLE,原表と方式を入手するまで使用しない。原行は保持
rec_056b6a8ed2a0bf1883c6c2d466745690cb0f4daace5f046fd5368518ec0d2431,PRIMARY_SIRE,SireCond_連結済み_20260701.csv,281,SIRE,キズナ,,NAME_KEY_ONLY_UNVERIFIED_OFFICIAL_ID,未勝利,NAMED_CONDITION,PARSED,,,,,,,,,,,,UNKNOWN,,,N,N,NOT_APPLICABLE,,,,,,NOT_APPLICABLE_NO_ROI,,,,,,,UNKNOWN,,BOOK_OR_UNSPECIFIED_ROI_SOURCE,roi_presence_raw と完全に1対1でROI記入の有無の言い換え。行の出所ではない,10,,,UNVERIFIED(表示基準日がページ間で不一致: トップ2026-08-16/使い方2026-05-17),TOP10,MISSING_ROI,NOT_AVAILABLE,原表と方式を入手するまで使用しない。原行は保持
rec_13ecb0015269f4558e98f9388201e7d735bb1e8fd5462082cd0b51105b56f7d8,PRIMARY_SIRE,SireCond_連結済み_20260701.csv,282,SIRE,カリフォルニアクローム,,NAME_KEY_ONLY_UNVERIFIED_OFFICIAL_ID,未勝利,NAMED_CONDITION,PARSED,,,,,,,,,,,,UNKNOWN,,,N,N,NOT_APPLICABLE,,,,,,NOT_APPLICABLE_NO_ROI,,,,,,,UNKNOWN,,BOOK_OR_UNSPECIFIED_ROI_SOURCE,roi_presence_raw と完全に1対1でROI記入の有無の言い換え。行の出所ではない,6,,,UNVERIFIED(表示基準日がページ間で不一致: トップ2026-08-16/使い方2026-05-17),TOP10,MISSING_ROI,NOT_AVAILABLE,原表と方式を入手するまで使用しない。原行は保持
rec_433c63975caf691ec14b174d1c3485ef379d711431d9e979b5e1f0e6635276f0,PRIMARY_SIRE,SireCond_連結済み_20260701.csv,283,SIRE,ディーマジェスティ,,NAME_KEY_ONLY_UNVERIFIED_OFFICIAL_ID,未勝利,NAMED_CONDITION,PARSED,,,,,,,,,,,,UNKNOWN,,,N,N,NOT_APPLICABLE,,,,,,NOT_APPLICABLE_NO_ROI,,,,,,,UNKNOWN,,BOOK_OR_UNSPECIFIED_ROI_SOURCE,roi_presence_raw と完全に1対1でROI記入の有無の言い換え。行の出所ではない,3,,,UNVERIFIED(表示基準日がページ間で不一致: トップ2026-08-16/使い方2026-05-17),TOP10,MISSING_ROI,NOT_AVAILABLE,原表と方式を入手するまで使用しない。原行は保持
rec_07e271cc43e5ebc072534f17c48f27f9b4621a3d1e3dbac488902ac4d2d17c8d,PRIMARY_SIRE,SireCond_連結済み_20260701.csv,284,SIRE,ノーブルミッション,,NAME_KEY_ONLY_UNVERIFIED_OFFICIAL_ID,未勝利,NAMED_CONDITION,PARSED,,,,,,,,,,,,UNKNOWN,,,N,N,NOT_APPLICABLE,,,,,,NOT_APPLICABLE_NO_ROI,,,,,,,UNKNOWN,,BOOK_OR_UNSPECIFIED_ROI_SOURCE,roi_presence_raw と完全に1対1でROI記入の有無の言い換え。行の出所ではない,15,,,UNVERIFIED(表示基準日がページ間で不一致: トップ2026-08-16/使い方2026-05-17),ワースト3,MISSING_ROI,NOT_AVAILABLE,原表と方式を入手するまで使用しない。原行は保持
rec_72087958fac041b0784db4bd866cf4090a549e6404fa992bf70e06e9cb20b4da,PRIMARY_SIRE,SireCond_連結済み_20260701.csv,285,SIRE,リオンディーズ,,NAME_KEY_ONLY_UNVERIFIED_OFFICIAL_ID,未勝利,NAMED_CONDITION,PARSED,,,,,,,,,,,,UNKNOWN,,,N,N,NOT_APPLICABLE,,,,,,NOT_APPLICABLE_NO_ROI,,,,,,,UNKNOWN,,BOOK_OR_UNSPECIFIED_ROI_SOURCE,roi_presence_raw と完全に1対1でROI記入の有無の言い換え。行の出所ではない,4,,,UNVERIFIED(表示基準日がページ間で不一致: トップ2026-08-16/使い方2026-05-17),ワースト3,MISSING_ROI,NOT_AVAILABLE,原表と方式を入手するまで使用しない。原行は保持
rec_2e3f3e3d4b2b33fb0b4013ac7f693456cf04a938641a6891e27c49daf8b8747e,PRIMARY_SIRE,SireCond_連結済み_20260701.csv,286,SIRE,バゴ,,NAME_KEY_ONLY_UNVERIFIED_OFFICIAL_ID,未勝利,NAMED_CONDITION,PARSED,,,,,,,,,,,,UNKNOWN,,,N,N,NOT_APPLICABLE,,,,,,NOT_APPLICABLE_NO_ROI,,,,,,,UNKNOWN,,BOOK_OR_UNSPECIFIED_ROI_SOURCE,roi_presence_raw と完全に1対1でROI記入の有無の言い換え。行の出所ではない,3,,,UNVERIFIED(表示基準日がページ間で不一致: トップ2026-08-16/使い方2026-05-17),ワースト3,MISSING_ROI,NOT_AVAILABLE,原表と方式を入手するまで使用しない。原行は保持
rec_566fd9d54c3b232c07df5597738c7b9fa7d462541d84f91bfc6d3c90b28583fb,PRIMARY_SIRE,SireCond_連結済み_20260701.csv,287,SIRE,ルヴァンスレーヴ,,NAME_KEY_ONLY_UNVERIFIED_OFFICIAL_ID,1〜3勝クラス,NAMED_CONDITION,PARSED,,,,,,,,,,,,UNKNOWN,,,N,N,NOT_APPLICABLE,,,,,,NOT_APPLICABLE_NO_ROI,,,,,,,UNKNOWN,,BOOK_OR_UNSPECIFIED_ROI_SOURCE,roi_presence_raw と完全に1対1でROI記入の有無の言い換え。行の出所ではない,19,,,UNVERIFIED(表示基準日がページ間で不一致: トップ2026-08-16/使い方2026-05-17),TOP10,MISSING_ROI,NOT_AVAILABLE,原表と方式を入手するまで使用しない。原行は保持
rec_ce0ef93ed44ed17d28e03c4c449c527726c05b66a970f5136b0834b60d130ca1,PRIMARY_SIRE,SireCond_連結済み_20260701.csv,288,SIRE,ドレフォン,,NAME_KEY_ONLY_UNVERIFIED_OFFICIAL_ID,1〜3勝クラス,NAMED_CONDITION,PARSED,,,,,,,,,,,,UNKNOWN,,,N,N,NOT_APPLICABLE,,,,,,NOT_APPLICABLE_NO_ROI,,,,,,,UNKNOWN,,BOOK_OR_UNSPECIFIED_ROI_SOURCE,roi_presence_raw と完全に1対1でROI記入の有無の言い換え。行の出所ではない,18,,,UNVERIFIED(表示基準日がページ間で不一致: トップ2026-08-16/使い方2026-05-17),TOP10,MISSING_ROI,NOT_AVAILABLE,原表と方式を入手するまで使用しない。原行は保持
rec_332a6ba67d35a0cbbe069e13d767235dc8d27595f4ae7240ce747c092d8115d4,PRIMARY_SIRE,SireCond_連結済み_20260701.csv,289,SIRE,シニスターミニスター,,NAME_KEY_ONLY_UNVERIFIED_OFFICIAL_ID,1〜3勝クラス,NAMED_CONDITION,PARSED,,,,,,,,,,,,UNKNOWN,,,N,N,NOT_APPLICABLE,,,,,,NOT_APPLICABLE_NO_ROI,,,,,,,UNKNOWN,,BOOK_OR_UNSPECIFIED_ROI_SOURCE,roi_presence_raw と完全に1対1でROI記入の有無の言い換え。行の出所ではない,12,,,UNVERIFIED(表示基準日がページ間で不一致: トップ2026-08-16/使い方2026-05-17),TOP10,MISSING_ROI,NOT_AVAILABLE,原表と方式を入手するまで使用しない。原行は保持
rec_5985bc177de690b39c617e0a23024dd28d36e4794d98e2c0397d454eaebed155,PRIMARY_SIRE,SireCond_連結済み_20260701.csv,290,SIRE,アジアエクスプレス,,NAME_KEY_ONLY_UNVERIFIED_OFFICIAL_ID,1〜3勝クラス,NAMED_CONDITION,PARSED,,,,,,,,,,,,UNKNOWN,,,N,N,NOT_APPLICABLE,,,,,,NOT_APPLICABLE_NO_ROI,,,,,,,UNKNOWN,,BOOK_OR_UNSPECIFIED_ROI_SOURCE,roi_presence_raw と完全に1対1でROI記入の有無の言い換え。行の出所ではない,3,,,UNVERIFIED(表示基準日がページ間で不一致: トップ2026-08-16/使い方2026-05-17),TOP10,MISSING_ROI,NOT_AVAILABLE,原表と方式を入手するまで使用しない。原行は保持
rec_ab4c378d75ee574c5a0228308e471609a7cbc3fa9a242bd50cbc0545801a3c58,PRIMARY_SIRE,SireCond_連結済み_20260701.csv,291,SIRE,ミッキーアイル,,NAME_KEY_ONLY_UNVERIFIED_OFFICIAL_ID,1〜3勝クラス,NAMED_CONDITION,PARSED,,,,,,,,,,,,UNKNOWN,,,N,N,NOT_APPLICABLE,,,,,,NOT_APPLICABLE_NO_ROI,,,,,,,UNKNOWN,,BOOK_OR_UNSPECIFIED_ROI_SOURCE,roi_presence_raw と完全に1対1でROI記入の有無の言い換え。行の出所ではない,7,,,UNVERIFIED(表示基準日がページ間で不一致: トップ2026-08-16/使い方2026-05-17),TOP10,MISSING_ROI,NOT_AVAILABLE,原表と方式を入手するまで使用しない。原行は保持
rec_ba92e75c903f423a3e2e5331f48f1c9394a862525d526d7a6cc2ad64a243ed1e,PRIMARY_SIRE,SireCond_連結済み_20260701.csv,292,SIRE,ゴールドアクター,,NAME_KEY_ONLY_UNVERIFIED_OFFICIAL_ID,1〜3勝クラス,NAMED_CONDITION,PARSED,,,,,,,,,,,,UNKNOWN,,,N,N,NOT_APPLICABLE,,,,,,NOT_APPLICABLE_NO_ROI,,,,,,,UNKNOWN,,BOOK_OR_UNSPECIFIED_ROI_SOURCE,roi_presence_raw と完全に1対1でROI記入の有無の言い換え。行の出所ではない,8,,,UNVERIFIED(表示基準日がページ間で不一致: トップ2026-08-16/使い方2026-05-17),TOP10,MISSING_ROI,NOT_AVAILABLE,原表と方式を入手するまで使用しない。原行は保持
rec_9e1d698eed851ace4e4786189786e3153416fa2bac999501bdd26e7c7d0a441f,PRIMARY_SIRE,SireCond_連結済み_20260701.csv,293,SIRE,モーニン,,NAME_KEY_ONLY_UNVERIFIED_OFFICIAL_ID,1〜3勝クラス,NAMED_CONDITION,PARSED,,,,,,,,,,,,UNKNOWN,,,N,N,NOT_APPLICABLE,,,,,,NOT_APPLICABLE_NO_ROI,,,,,,,UNKNOWN,,BOOK_OR_UNSPECIFIED_ROI_SOURCE,roi_presence_raw と完全に1対1でROI記入の有無の言い換え。行の出所ではない,3,,,UNVERIFIED(表示基準日がページ間で不一致: トップ2026-08-16/使い方2026-05-17),TOP10,MISSING_ROI,NOT_AVAILABLE,原表と方式を入手するまで使用しない。原行は保持
rec_92374e45612abc900a64cb0335d2020ca14b38437839887bc79c1da045133835,PRIMARY_SIRE,SireCond_連結済み_20260701.csv,294,SIRE,マジェスティックウォリアー,,NAME_KEY_ONLY_UNVERIFIED_OFFICIAL_ID,1〜3勝クラス,NAMED_CONDITION,PARSED,,,,,,,,,,,,UNKNOWN,,,N,N,NOT_APPLICABLE,,,,,,NOT_APPLICABLE_NO_ROI,,,,,,,UNKNOWN,,BOOK_OR_UNSPECIFIED_ROI_SOURCE,roi_presence_raw と完全に1対1でROI記入の有無の言い換え。行の出所ではない,4,,,UNVERIFIED(表示基準日がページ間で不一致: トップ2026-08-16/使い方2026-05-17),TOP10,MISSING_ROI,NOT_AVAILABLE,原表と方式を入手するまで使用しない。原行は保持
rec_f4758f6e7e45aaeb594a5b2e327cd1514ee93ebbda7c16b0199c1068f4e55f0e,PRIMARY_SIRE,SireCond_連結済み_20260701.csv,295,SIRE,レーヴミストラル,,NAME_KEY_ONLY_UNVERIFIED_OFFICIAL_ID,1〜3勝クラス,NAMED_CONDITION,PARSED,,,,,,,,,,,,UNKNOWN,,,N,N,NOT_APPLICABLE,,,,,,NOT_APPLICABLE_NO_ROI,,,,,,,UNKNOWN,,BOOK_OR_UNSPECIFIED_ROI_SOURCE,roi_presence_raw と完全に1対1でROI記入の有無の言い換え。行の出所ではない,1,,,UNVERIFIED(表示基準日がページ間で不一致: トップ2026-08-16/使い方2026-05-17),TOP10,MISSING_ROI,NOT_AVAILABLE,原表と方式を入手するまで使用しない。原行は保持
rec_15759d2c6487eeda4103c2c85115dc2fed05627bd6334e60adc1453ac44a2d52,PRIMARY_SIRE,SireCond_連結済み_20260701.csv,296,SIRE,アドマイヤマーズ,,NAME_KEY_ONLY_UNVERIFIED_OFFICIAL_ID,1〜3勝クラス,NAMED_CONDITION,PARSED,,,,,,,,,,,,UNKNOWN,,,N,N,NOT_APPLICABLE,,,,,,NOT_APPLICABLE_NO_ROI,,,,,,,UNKNOWN,,BOOK_OR_UNSPECIFIED_ROI_SOURCE,roi_presence_raw と完全に1対1でROI記入の有無の言い換え。行の出所ではない,4,,,UNVERIFIED(表示基準日がページ間で不一致: トップ2026-08-16/使い方2026-05-17),TOP10,MISSING_ROI,NOT_AVAILABLE,原表と方式を入手するまで使用しない。原行は保持
rec_e03b3e5c853d1a47084a5515832323b47a134c7bef8becd8cd6a573699d08188,PRIMARY_SIRE,SireCond_連結済み_20260701.csv,297,SIRE,エピファネイア,,NAME_KEY_ONLY_UNVERIFIED_OFFICIAL_ID,1〜3勝クラス,NAMED_CONDITION,PARSED,,,,,,,,,,,,UNKNOWN,,,N,N,NOT_APPLICABLE,,,,,,NOT_APPLICABLE_NO_ROI,,,,,,,UNKNOWN,,BOOK_OR_UNSPECIFIED_ROI_SOURCE,roi_presence_raw と完全に1対1でROI記入の有無の言い換え。行の出所ではない,13,,,UNVERIFIED(表示基準日がページ間で不一致: トップ2026-08-16/使い方2026-05-17),ワースト3,MISSING_ROI,NOT_AVAILABLE,原表と方式を入手するまで使用しない。原行は保持
rec_af61997a6d60729c2f438d2f678117d984f1430b1e3bb3f2b686e35ff8e620b9,PRIMARY_SIRE,SireCond_連結済み_20260701.csv,298,SIRE,シャンハイボビー,,NAME_KEY_ONLY_UNVERIFIED_OFFICIAL_ID,1〜3勝クラス,NAMED_CONDITION,PARSED,,,,,,,,,,,,UNKNOWN,,,N,N,NOT_APPLICABLE,,,,,,NOT_APPLICABLE_NO_ROI,,,,,,,UNKNOWN,,BOOK_OR_UNSPECIFIED_ROI_SOURCE,roi_presence_raw と完全に1対1でROI記入の有無の言い換え。行の出所ではない,4,,,UNVERIFIED(表示基準日がページ間で不一致: トップ2026-08-16/使い方2026-05-17),ワースト3,MISSING_ROI,NOT_AVAILABLE,原表と方式を入手するまで使用しない。原行は保持
rec_93636164c3198e5a540c37dc19a45a3b63b31c0dc98a1075321277043ef97a23,PRIMARY_SIRE,SireCond_連結済み_20260701.csv,299,SIRE,マインドユアビスケッツ,,NAME_KEY_ONLY_UNVERIFIED_OFFICIAL_ID,1〜3勝クラス,NAMED_CONDITION,PARSED,,,,,,,,,,,,UNKNOWN,,,N,N,NOT_APPLICABLE,,,,,,NOT_APPLICABLE_NO_ROI,,,,,,,UNKNOWN,,BOOK_OR_UNSPECIFIED_ROI_SOURCE,roi_presence_raw と完全に1対1でROI記入の有無の言い換え。行の出所ではない,5,,,UNVERIFIED(表示基準日がページ間で不一致: トップ2026-08-16/使い方2026-05-17),ワースト3,MISSING_ROI,NOT_AVAILABLE,原表と方式を入手するまで使用しない。原行は保持
rec_6be5f3d0b8893ae03e0c7ba0dc098585422b78fbd99d5ac231b319c563cce317,PRIMARY_SIRE,SireCond_連結済み_20260701.csv,300,SIRE,ロードカナロア,,NAME_KEY_ONLY_UNVERIFIED_OFFICIAL_ID,OP（重賞含む）,NAMED_CONDITION,PARSED,,,,,,,,,,,,UNKNOWN,,,N,N,NOT_APPLICABLE,,,,,,NOT_APPLICABLE_NO_ROI,,,,,,,UNKNOWN,,BOOK_OR_UNSPECIFIED_ROI_SOURCE,roi_presence_raw と完全に1対1でROI記入の有無の言い換え。行の出所ではない,4,,,UNVERIFIED(表示基準日がページ間で不一致: トップ2026-08-16/使い方2026-05-17),TOP10,MISSING_ROI,NOT_AVAILABLE,原表と方式を入手するまで使用しない。原行は保持
rec_42cb167ae5ec64a1ec89b67dc247c9c6a68ba1019d354a2e26149194844b9698,PRIMARY_SIRE,SireCond_連結済み_20260701.csv,301,SIRE,スクリーンヒーロー,,NAME_KEY_ONLY_UNVERIFIED_OFFICIAL_ID,OP（重賞含む）,NAMED_CONDITION,PARSED,,,,,,,,,,,,UNKNOWN,,,N,N,NOT_APPLICABLE,,,,,,NOT_APPLICABLE_NO_ROI,,,,,,,UNKNOWN,,BOOK_OR_UNSPECIFIED_ROI_SOURCE,roi_presence_raw と完全に1対1でROI記入の有無の言い換え。行の出所ではない,3,,,UNVERIFIED(表示基準日がページ間で不一致: トップ2026-08-16/使い方2026-05-17),TOP10,MISSING_ROI,NOT_AVAILABLE,原表と方式を入手するまで使用しない。原行は保持
rec_178334e6b5376ca7539f142fd908198af59ecfd10d9bd1d87d626d023bd223d9,PRIMARY_SIRE,SireCond_連結済み_20260701.csv,302,SIRE,キズナ,,NAME_KEY_ONLY_UNVERIFIED_OFFICIAL_ID,OP（重賞含む）,NAMED_CONDITION,PARSED,,,,,,,,,,,,UNKNOWN,,,N,N,NOT_APPLICABLE,,,,,,NOT_APPLICABLE_NO_ROI,,,,,,,UNKNOWN,,BOOK_OR_UNSPECIFIED_ROI_SOURCE,roi_presence_raw と完全に1対1でROI記入の有無の言い換え。行の出所ではない,10,,,UNVERIFIED(表示基準日がページ間で不一致: トップ2026-08-16/使い方2026-05-17),TOP10,MISSING_ROI,NOT_AVAILABLE,原表と方式を入手するまで使用しない。原行は保持
rec_596bc66ad3c9b647caf553910bcd05b6a40d121e6343204002f4d97637e45780,PRIMARY_SIRE,SireCond_連結済み_20260701.csv,303,SIRE,アジアエクスプレス,,NAME_KEY_ONLY_UNVERIFIED_OFFICIAL_ID,OP（重賞含む）,NAMED_CONDITION,PARSED,,,,,,,,,,,,UNKNOWN,,,N,N,NOT_APPLICABLE,,,,,,NOT_APPLICABLE_NO_ROI,,,,,,,UNKNOWN,,BOOK_OR_UNSPECIFIED_ROI_SOURCE,roi_presence_raw と完全に1対1でROI記入の有無の言い換え。行の出所ではない,3,,,UNVERIFIED(表示基準日がページ間で不一致: トップ2026-08-16/使い方2026-05-17),TOP10,MISSING_ROI,NOT_AVAILABLE,原表と方式を入手するまで使用しない。原行は保持
rec_a1304c031e7b428b80d044fd935c6b007269fa49f9a209d93b94cd4441a4ef78,PRIMARY_SIRE,SireCond_連結済み_20260701.csv,304,SIRE,モズアスコット,,NAME_KEY_ONLY_UNVERIFIED_OFFICIAL_ID,OP（重賞含む）,NAMED_CONDITION,PARSED,,,,,,,,,,,,UNKNOWN,,,N,N,NOT_APPLICABLE,,,,,,NOT_APPLICABLE_NO_ROI,,,,,,,UNKNOWN,,BOOK_OR_UNSPECIFIED_ROI_SOURCE,roi_presence_raw と完全に1対1でROI記入の有無の言い換え。行の出所ではない,16,,,UNVERIFIED(表示基準日がページ間で不一致: トップ2026-08-16/使い方2026-05-17),TOP10,MISSING_ROI,NOT_AVAILABLE,原表と方式を入手するまで使用しない。原行は保持
rec_4cf9fe8b5efe5c301b87dc3a90db5e0bb736bbfb1b509857a81cc42d4c4dfc84,PRIMARY_SIRE,SireCond_連結済み_20260701.csv,305,SIRE,ドリームバレンチノ,,NAME_KEY_ONLY_UNVERIFIED_OFFICIAL_ID,OP（重賞含む）,NAMED_CONDITION,PARSED,,,,,,,,,,,,UNKNOWN,,,N,N,NOT_APPLICABLE,,,,,,NOT_APPLICABLE_NO_ROI,,,,,,,UNKNOWN,,BOOK_OR_UNSPECIFIED_ROI_SOURCE,roi_presence_raw と完全に1対1でROI記入の有無の言い換え。行の出所ではない,2,,,UNVERIFIED(表示基準日がページ間で不一致: トップ2026-08-16/使い方2026-05-17),TOP10,MISSING_ROI,NOT_AVAILABLE,原表と方式を入手するまで使用しない。原行は保持
rec_7bdf328fd7c2e2ccaa7ba1f252d82f5311e46b65e9758faba569586a56608470,PRIMARY_SIRE,SireCond_連結済み_20260701.csv,306,SIRE,リオンディーズ,,NAME_KEY_ONLY_UNVERIFIED_OFFICIAL_ID,OP（重賞含む）,NAMED_CONDITION,PARSED,,,,,,,,,,,,UNKNOWN,,,N,N,NOT_APPLICABLE,,,,,,NOT_APPLICABLE_NO_ROI,,,,,,,UNKNOWN,,BOOK_OR_UNSPECIFIED_ROI_SOURCE,roi_presence_raw と完全に1対1でROI記入の有無の言い換え。行の出所ではない,4,,,UNVERIFIED(表示基準日がページ間で不一致: トップ2026-08-16/使い方2026-05-17),TOP10,MISSING_ROI,NOT_AVAILABLE,原表と方式を入手するまで使用しない。原行は保持
rec_aae3b726ebab4e4617a915d16693a8cd9750badb003c0de9383e19d86b6f622f,PRIMARY_SIRE,SireCond_連結済み_20260701.csv,307,SIRE,ベストウォーリア,,NAME_KEY_ONLY_UNVERIFIED_OFFICIAL_ID,OP（重賞含む）,NAMED_CONDITION,PARSED,,,,,,,,,,,,UNKNOWN,,,N,N,NOT_APPLICABLE,,,,,,NOT_APPLICABLE_NO_ROI,,,,,,,UNKNOWN,,BOOK_OR_UNSPECIFIED_ROI_SOURCE,roi_presence_raw と完全に1対1でROI記入の有無の言い換え。行の出所ではない,2,,,UNVERIFIED(表示基準日がページ間で不一致: トップ2026-08-16/使い方2026-05-17),TOP10,MISSING_ROI,NOT_AVAILABLE,原表と方式を入手するまで使用しない。原行は保持
rec_087f98e85375c8ce8f4c9fd7d28cb501443812b586d4d5f436ac393a2e0225c3,PRIMARY_SIRE,SireCond_連結済み_20260701.csv,308,SIRE,アニマルキングダム,,NAME_KEY_ONLY_UNVERIFIED_OFFICIAL_ID,OP（重賞含む）,NAMED_CONDITION,PARSED,,,,,,,,,,,,UNKNOWN,,,N,N,NOT_APPLICABLE,,,,,,NOT_APPLICABLE_NO_ROI,,,,,,,UNKNOWN,,BOOK_OR_UNSPECIFIED_ROI_SOURCE,roi_presence_raw と完全に1対1でROI記入の有無の言い換え。行の出所ではない,6,,,UNVERIFIED(表示基準日がページ間で不一致: トップ2026-08-16/使い方2026-05-17),TOP10,MISSING_ROI,NOT_AVAILABLE,原表と方式を入手するまで使用しない。原行は保持
rec_db6ad827d975a07d27beeb91f3ff54db74504c9b1395402b0b72881de654f5a0,PRIMARY_SIRE,SireCond_連結済み_20260701.csv,309,SIRE,マクフィ,,NAME_KEY_ONLY_UNVERIFIED_OFFICIAL_ID,OP（重賞含む）,NAMED_CONDITION,PARSED,,,,,,,,,,,,UNKNOWN,,,N,N,NOT_APPLICABLE,,,,,,NOT_APPLICABLE_NO_ROI,,,,,,,UNKNOWN,,BOOK_OR_UNSPECIFIED_ROI_SOURCE,roi_presence_raw と完全に1対1でROI記入の有無の言い換え。行の出所ではない,1,,,UNVERIFIED(表示基準日がページ間で不一致: トップ2026-08-16/使い方2026-05-17),TOP10,MISSING_ROI,NOT_AVAILABLE,原表と方式を入手するまで使用しない。原行は保持
rec_f2103d988cb757be3da481966b3493aaa7a8d0325fac1f9375b551ba47f6d491,PRIMARY_SIRE,SireCond_連結済み_20260701.csv,310,SIRE,グレーターロンドン,,NAME_KEY_ONLY_UNVERIFIED_OFFICIAL_ID,OP（重賞含む）,NAMED_CONDITION,PARSED,,,,,,,,,,,,UNKNOWN,,,N,N,NOT_APPLICABLE,,,,,,NOT_APPLICABLE_NO_ROI,,,,,,,UNKNOWN,,BOOK_OR_UNSPECIFIED_ROI_SOURCE,roi_presence_raw と完全に1対1でROI記入の有無の言い換え。行の出所ではない,1,,,UNVERIFIED(表示基準日がページ間で不一致: トップ2026-08-16/使い方2026-05-17),ワースト3,MISSING_ROI,NOT_AVAILABLE,原表と方式を入手するまで使用しない。原行は保持
rec_e02f7d92a80ac2b521abcb50d9df03e62b9c925f79a00206b25f2a25496a2570,PRIMARY_SIRE,SireCond_連結済み_20260701.csv,311,SIRE,モーリス,,NAME_KEY_ONLY_UNVERIFIED_OFFICIAL_ID,OP（重賞含む）,NAMED_CONDITION,PARSED,,,,,,,,,,,,UNKNOWN,,,N,N,NOT_APPLICABLE,,,,,,NOT_APPLICABLE_NO_ROI,,,,,,,UNKNOWN,,BOOK_OR_UNSPECIFIED_ROI_SOURCE,roi_presence_raw と完全に1対1でROI記入の有無の言い換え。行の出所ではない,7,,,UNVERIFIED(表示基準日がページ間で不一致: トップ2026-08-16/使い方2026-05-17),ワースト3,MISSING_ROI,NOT_AVAILABLE,原表と方式を入手するまで使用しない。原行は保持
rec_52745fb16595363d8cc47175ba178cb7e890f16121932ce97d49365e07514efa,PRIMARY_SIRE,SireCond_連結済み_20260701.csv,312,SIRE,カレンブラックヒル,,NAME_KEY_ONLY_UNVERIFIED_OFFICIAL_ID,OP（重賞含む）,NAMED_CONDITION,PARSED,,,,,,,,,,,,UNKNOWN,,,N,N,NOT_APPLICABLE,,,,,,NOT_APPLICABLE_NO_ROI,,,,,,,UNKNOWN,,BOOK_OR_UNSPECIFIED_ROI_SOURCE,roi_presence_raw と完全に1対1でROI記入の有無の言い換え。行の出所ではない,1,,,UNVERIFIED(表示基準日がページ間で不一致: トップ2026-08-16/使い方2026-05-17),ワースト3,MISSING_ROI,NOT_AVAILABLE,原表と方式を入手するまで使用しない。原行は保持
rec_b1e0262a2fa6eb0ee26c8fe6d130df908559ea4c0b81276f8a036781df4b3e44,PRIMARY_SIRE,SireCond_連結済み_20260701.csv,313,SIRE,モズアスコット,,NAME_KEY_ONLY_UNVERIFIED_OFFICIAL_ID,2歳,NAMED_CONDITION,PARSED,,,,,,,,,,,,UNKNOWN,,,N,N,NOT_APPLICABLE,,,,,,NOT_APPLICABLE_NO_ROI,,,,,,,UNKNOWN,,BOOK_OR_UNSPECIFIED_ROI_SOURCE,roi_presence_raw と完全に1対1でROI記入の有無の言い換え。行の出所ではない,16,,,UNVERIFIED(表示基準日がページ間で不一致: トップ2026-08-16/使い方2026-05-17),TOP10,MISSING_ROI,NOT_AVAILABLE,原表と方式を入手するまで使用しない。原行は保持
rec_37817697b9251629f13000c4060b44f73678e608e0bff805cb543789eec859a9,PRIMARY_SIRE,SireCond_連結済み_20260701.csv,314,SIRE,シスキン,,NAME_KEY_ONLY_UNVERIFIED_OFFICIAL_ID,2歳,NAMED_CONDITION,PARSED,,,,,,,,,,,,UNKNOWN,,,N,N,NOT_APPLICABLE,,,,,,NOT_APPLICABLE_NO_ROI,,,,,,,UNKNOWN,,BOOK_OR_UNSPECIFIED_ROI_SOURCE,roi_presence_raw と完全に1対1でROI記入の有無の言い換え。行の出所ではない,6,,,UNVERIFIED(表示基準日がページ間で不一致: トップ2026-08-16/使い方2026-05-17),TOP10,MISSING_ROI,NOT_AVAILABLE,原表と方式を入手するまで使用しない。原行は保持
rec_0835b7a33ef85dcc05d164b654766b4e1f1671a7731c15a77873459cbf10386b,PRIMARY_SIRE,SireCond_連結済み_20260701.csv,315,SIRE,ミスチヴィアスアレックス,,NAME_KEY_ONLY_UNVERIFIED_OFFICIAL_ID,2歳,NAMED_CONDITION,PARSED,,,,,,,,,,,,UNKNOWN,,,N,N,NOT_APPLICABLE,,,,,,NOT_APPLICABLE_NO_ROI,,,,,,,UNKNOWN,,BOOK_OR_UNSPECIFIED_ROI_SOURCE,roi_presence_raw と完全に1対1でROI記入の有無の言い換え。行の出所ではない,8,,,UNVERIFIED(表示基準日がページ間で不一致: トップ2026-08-16/使い方2026-05-17),TOP10,MISSING_ROI,NOT_AVAILABLE,原表と方式を入手するまで使用しない。原行は保持
rec_bf29dbf0a680ae8c21878f17ccc79f0cf7e35c69b1c0bc5da7ff51d25685d3ca,PRIMARY_SIRE,SireCond_連結済み_20260701.csv,316,SIRE,ルヴァンスレーヴ,,NAME_KEY_ONLY_UNVERIFIED_OFFICIAL_ID,2歳,NAMED_CONDITION,PARSED,,,,,,,,,,,,UNKNOWN,,,N,N,NOT_APPLICABLE,,,,,,NOT_APPLICABLE_NO_ROI,,,,,,,UNKNOWN,,BOOK_OR_UNSPECIFIED_ROI_SOURCE,roi_presence_raw と完全に1対1でROI記入の有無の言い換え。行の出所ではない,19,,,UNVERIFIED(表示基準日がページ間で不一致: トップ2026-08-16/使い方2026-05-17),TOP10,MISSING_ROI,NOT_AVAILABLE,原表と方式を入手するまで使用しない。原行は保持
rec_44b1dbe1fefcd35ab5de2fb5bdedd6eb3dcd4d35beb375ef601304fb7a109436,PRIMARY_SIRE,SireCond_連結済み_20260701.csv,317,SIRE,イスラボニータ,,NAME_KEY_ONLY_UNVERIFIED_OFFICIAL_ID,2歳,NAMED_CONDITION,PARSED,,,,,,,,,,,,UNKNOWN,,,N,N,NOT_APPLICABLE,,,,,,NOT_APPLICABLE_NO_ROI,,,,,,,UNKNOWN,,BOOK_OR_UNSPECIFIED_ROI_SOURCE,roi_presence_raw と完全に1対1でROI記入の有無の言い換え。行の出所ではない,8,,,UNVERIFIED(表示基準日がページ間で不一致: トップ2026-08-16/使い方2026-05-17),TOP10,MISSING_ROI,NOT_AVAILABLE,原表と方式を入手するまで使用しない。原行は保持
rec_b563412e617f12b4dfadab0b3650900943c2b80f084eab8bf4eecefa57f3fc1b,PRIMARY_SIRE,SireCond_連結済み_20260701.csv,318,SIRE,レイデオロ,,NAME_KEY_ONLY_UNVERIFIED_OFFICIAL_ID,2歳,NAMED_CONDITION,PARSED,,,,,,,,,,,,UNKNOWN,,,N,N,NOT_APPLICABLE,,,,,,NOT_APPLICABLE_NO_ROI,,,,,,,UNKNOWN,,BOOK_OR_UNSPECIFIED_ROI_SOURCE,roi_presence_raw と完全に1対1でROI記入の有無の言い換え。行の出所ではない,8,,,UNVERIFIED(表示基準日がページ間で不一致: トップ2026-08-16/使い方2026-05-17),TOP10,MISSING_ROI,NOT_AVAILABLE,原表と方式を入手するまで使用しない。原行は保持
rec_800ee47730ccfdf1bc2c850e62905390df012b253e960862c1c9684e1edaf801,PRIMARY_SIRE,SireCond_連結済み_20260701.csv,319,SIRE,エピファネイア,,NAME_KEY_ONLY_UNVERIFIED_OFFICIAL_ID,2歳,NAMED_CONDITION,PARSED,,,,,,,,,,,,UNKNOWN,,,N,N,NOT_APPLICABLE,,,,,,NOT_APPLICABLE_NO_ROI,,,,,,,UNKNOWN,,BOOK_OR_UNSPECIFIED_ROI_SOURCE,roi_presence_raw と完全に1対1でROI記入の有無の言い換え。行の出所ではない,13,,,UNVERIFIED(表示基準日がページ間で不一致: トップ2026-08-16/使い方2026-05-17),TOP10,MISSING_ROI,NOT_AVAILABLE,原表と方式を入手するまで使用しない。原行は保持
rec_498cca2fe037c10d47cff3c8bdb7b2e2e79f03c67aead064ce3e02e23b1a4aa9,PRIMARY_SIRE,SireCond_連結済み_20260701.csv,320,SIRE,フォーウィールドライブ,,NAME_KEY_ONLY_UNVERIFIED_OFFICIAL_ID,2歳,NAMED_CONDITION,PARSED,,,,,,,,,,,,UNKNOWN,,,N,N,NOT_APPLICABLE,,,,,,NOT_APPLICABLE_NO_ROI,,,,,,,UNKNOWN,,BOOK_OR_UNSPECIFIED_ROI_SOURCE,roi_presence_raw と完全に1対1でROI記入の有無の言い換え。行の出所ではない,9,,,UNVERIFIED(表示基準日がページ間で不一致: トップ2026-08-16/使い方2026-05-17),TOP10,MISSING_ROI,NOT_AVAILABLE,原表と方式を入手するまで使用しない。原行は保持
rec_63c78ba6ff11188718c70fc050a3140b2581274f0fb62c8d08ca33d12d970cdf,PRIMARY_SIRE,SireCond_連結済み_20260701.csv,321,SIRE,ヘンリーバローズ,,NAME_KEY_ONLY_UNVERIFIED_OFFICIAL_ID,2歳,NAMED_CONDITION,PARSED,,,,,,,,,,,,UNKNOWN,,,N,N,NOT_APPLICABLE,,,,,,NOT_APPLICABLE_NO_ROI,,,,,,,UNKNOWN,,BOOK_OR_UNSPECIFIED_ROI_SOURCE,roi_presence_raw と完全に1対1でROI記入の有無の言い換え。行の出所ではない,2,,,UNVERIFIED(表示基準日がページ間で不一致: トップ2026-08-16/使い方2026-05-17),TOP10,MISSING_ROI,NOT_AVAILABLE,原表と方式を入手するまで使用しない。原行は保持
rec_a18909ee705cdc7c59630453a80c2ad173fb18980da3dc8b6b44b96a31b8f2c1,PRIMARY_SIRE,SireCond_連結済み_20260701.csv,322,SIRE,インディチャンプ,,NAME_KEY_ONLY_UNVERIFIED_OFFICIAL_ID,2歳,NAMED_CONDITION,PARSED,,,,,,,,,,,,UNKNOWN,,,N,N,NOT_APPLICABLE,,,,,,NOT_APPLICABLE_NO_ROI,,,,,,,UNKNOWN,,BOOK_OR_UNSPECIFIED_ROI_SOURCE,roi_presence_raw と完全に1対1でROI記入の有無の言い換え。行の出所ではない,2,,,UNVERIFIED(表示基準日がページ間で不一致: トップ2026-08-16/使い方2026-05-17),TOP10,MISSING_ROI,NOT_AVAILABLE,原表と方式を入手するまで使用しない。原行は保持
rec_998161e8887dea63d172603f1f3cafa8ce7a8431ba1f1eb8379779f79d12fb4b,PRIMARY_SIRE,SireCond_連結済み_20260701.csv,323,SIRE,キセキ,,NAME_KEY_ONLY_UNVERIFIED_OFFICIAL_ID,2歳,NAMED_CONDITION,PARSED,,,,,,,,,,,,UNKNOWN,,,N,N,NOT_APPLICABLE,,,,,,NOT_APPLICABLE_NO_ROI,,,,,,,UNKNOWN,,BOOK_OR_UNSPECIFIED_ROI_SOURCE,roi_presence_raw と完全に1対1でROI記入の有無の言い換え。行の出所ではない,1,,,UNVERIFIED(表示基準日がページ間で不一致: トップ2026-08-16/使い方2026-05-17),ワースト3,MISSING_ROI,NOT_AVAILABLE,原表と方式を入手するまで使用しない。原行は保持
rec_85168f2ff4f74860c72e09027acece1b16a5d41db02429a35ea3e07bc52a3422,PRIMARY_SIRE,SireCond_連結済み_20260701.csv,324,SIRE,セイウンコウセイ,,NAME_KEY_ONLY_UNVERIFIED_OFFICIAL_ID,2歳,NAMED_CONDITION,PARSED,,,,,,,,,,,,UNKNOWN,,,N,N,NOT_APPLICABLE,,,,,,NOT_APPLICABLE_NO_ROI,,,,,,,UNKNOWN,,BOOK_OR_UNSPECIFIED_ROI_SOURCE,roi_presence_raw と完全に1対1でROI記入の有無の言い換え。行の出所ではない,1,,,UNVERIFIED(表示基準日がページ間で不一致: トップ2026-08-16/使い方2026-05-17),ワースト3,MISSING_ROI,NOT_AVAILABLE,原表と方式を入手するまで使用しない。原行は保持
rec_1de4ef9b3bfaadbd4fb046aed8bcbcc19119a2acb2f10b4a099e38d88a89ab14,PRIMARY_SIRE,SireCond_連結済み_20260701.csv,325,SIRE,ノーブルミッション,,NAME_KEY_ONLY_UNVERIFIED_OFFICIAL_ID,2歳,NAMED_CONDITION,PARSED,,,,,,,,,,,,UNKNOWN,,,N,N,NOT_APPLICABLE,,,,,,NOT_APPLICABLE_NO_ROI,,,,,,,UNKNOWN,,BOOK_OR_UNSPECIFIED_ROI_SOURCE,roi_presence_raw と完全に1対1でROI記入の有無の言い換え。行の出所ではない,15,,,UNVERIFIED(表示基準日がページ間で不一致: トップ2026-08-16/使い方2026-05-17),ワースト3,MISSING_ROI,NOT_AVAILABLE,原表と方式を入手するまで使用しない。原行は保持
rec_e06c350c73d3c8e47c114abdd2d33fc54e094e66b71b1f05ae87d4472d2629e8,PRIMARY_SIRE,SireCond_連結済み_20260701.csv,326,SIRE,ルヴァンスレーヴ,,NAME_KEY_ONLY_UNVERIFIED_OFFICIAL_ID,3歳,NAMED_CONDITION,PARSED,,,,,,,,,,,,UNKNOWN,,,N,N,NOT_APPLICABLE,,,,,,NOT_APPLICABLE_NO_ROI,,,,,,,UNKNOWN,,BOOK_OR_UNSPECIFIED_ROI_SOURCE,roi_presence_raw と完全に1対1でROI記入の有無の言い換え。行の出所ではない,19,,,UNVERIFIED(表示基準日がページ間で不一致: トップ2026-08-16/使い方2026-05-17),TOP10,MISSING_ROI,NOT_AVAILABLE,原表と方式を入手するまで使用しない。原行は保持
rec_3145b7387d8af984282a4011d7739e3fafe86d9975a5201f96d1248d8b0db829,PRIMARY_SIRE,SireCond_連結済み_20260701.csv,327,SIRE,リアルスティール,,NAME_KEY_ONLY_UNVERIFIED_OFFICIAL_ID,3歳,NAMED_CONDITION,PARSED,,,,,,,,,,,,UNKNOWN,,,N,N,NOT_APPLICABLE,,,,,,NOT_APPLICABLE_NO_ROI,,,,,,,UNKNOWN,,BOOK_OR_UNSPECIFIED_ROI_SOURCE,roi_presence_raw と完全に1対1でROI記入の有無の言い換え。行の出所ではない,4,,,UNVERIFIED(表示基準日がページ間で不一致: トップ2026-08-16/使い方2026-05-17),TOP10,MISSING_ROI,NOT_AVAILABLE,原表と方式を入手するまで使用しない。原行は保持
rec_42f1da60b0f93b7610450146cc8eccabe5b44aee86c68920efb5e1632cd79f5c,PRIMARY_SIRE,SireCond_連結済み_20260701.csv,328,SIRE,サンダースノー,,NAME_KEY_ONLY_UNVERIFIED_OFFICIAL_ID,3歳,NAMED_CONDITION,PARSED,,,,,,,,,,,,UNKNOWN,,,N,N,NOT_APPLICABLE,,,,,,NOT_APPLICABLE_NO_ROI,,,,,,,UNKNOWN,,BOOK_OR_UNSPECIFIED_ROI_SOURCE,roi_presence_raw と完全に1対1でROI記入の有無の言い換え。行の出所ではない,10,,,UNVERIFIED(表示基準日がページ間で不一致: トップ2026-08-16/使い方2026-05-17),TOP10,MISSING_ROI,NOT_AVAILABLE,原表と方式を入手するまで使用しない。原行は保持
rec_c7c7f9a2038b14fd18fe7d272d5775606ca6ac2f211b020bf28b675833ecccb5,PRIMARY_SIRE,SireCond_連結済み_20260701.csv,329,SIRE,ドレフォン,,NAME_KEY_ONLY_UNVERIFIED_OFFICIAL_ID,3歳,NAMED_CONDITION,PARSED,,,,,,,,,,,,UNKNOWN,,,N,N,NOT_APPLICABLE,,,,,,NOT_APPLICABLE_NO_ROI,,,,,,,UNKNOWN,,BOOK_OR_UNSPECIFIED_ROI_SOURCE,roi_presence_raw と完全に1対1でROI記入の有無の言い換え。行の出所ではない,18,,,UNVERIFIED(表示基準日がページ間で不一致: トップ2026-08-16/使い方2026-05-17),TOP10,MISSING_ROI,NOT_AVAILABLE,原表と方式を入手するまで使用しない。原行は保持
rec_6c0fbb192705d033075aa2b8756ff81e3a01ce63a61a7710e8fbf53b91d93d97,PRIMARY_SIRE,SireCond_連結済み_20260701.csv,330,SIRE,シニスターミニスター,,NAME_KEY_ONLY_UNVERIFIED_OFFICIAL_ID,3歳,NAMED_CONDITION,PARSED,,,,,,,,,,,,UNKNOWN,,,N,N,NOT_APPLICABLE,,,,,,NOT_APPLICABLE_NO_ROI,,,,,,,UNKNOWN,,BOOK_OR_UNSPECIFIED_ROI_SOURCE,roi_presence_raw と完全に1対1でROI記入の有無の言い換え。行の出所ではない,12,,,UNVERIFIED(表示基準日がページ間で不一致: トップ2026-08-16/使い方2026-05-17),TOP10,MISSING_ROI,NOT_AVAILABLE,原表と方式を入手するまで使用しない。原行は保持
rec_b546da04666fccabcd9a8f730eab7b507fa6c3dc774dcd2dee384368029230bf,PRIMARY_SIRE,SireCond_連結済み_20260701.csv,331,SIRE,モズアスコット,,NAME_KEY_ONLY_UNVERIFIED_OFFICIAL_ID,3歳,NAMED_CONDITION,PARSED,,,,,,,,,,,,UNKNOWN,,,N,N,NOT_APPLICABLE,,,,,,NOT_APPLICABLE_NO_ROI,,,,,,,UNKNOWN,,BOOK_OR_UNSPECIFIED_ROI_SOURCE,roi_presence_raw と完全に1対1でROI記入の有無の言い換え。行の出所ではない,16,,,UNVERIFIED(表示基準日がページ間で不一致: トップ2026-08-16/使い方2026-05-17),TOP10,MISSING_ROI,NOT_AVAILABLE,原表と方式を入手するまで使用しない。原行は保持
rec_b99d7236c85fd879e4a1d3714ce569642fd031de8ab1a509788af95518f48fff,PRIMARY_SIRE,SireCond_連結済み_20260701.csv,332,SIRE,フィエールマン,,NAME_KEY_ONLY_UNVERIFIED_OFFICIAL_ID,3歳,NAMED_CONDITION,PARSED,,,,,,,,,,,,UNKNOWN,,,N,N,NOT_APPLICABLE,,,,,,NOT_APPLICABLE_NO_ROI,,,,,,,UNKNOWN,,BOOK_OR_UNSPECIFIED_ROI_SOURCE,roi_presence_raw と完全に1対1でROI記入の有無の言い換え。行の出所ではない,5,,,UNVERIFIED(表示基準日がページ間で不一致: トップ2026-08-16/使い方2026-05-17),TOP10,MISSING_ROI,NOT_AVAILABLE,原表と方式を入手するまで使用しない。原行は保持
rec_6a517cbe47f993b0ebd06f9f6e5d1028250e153722576fba2e4e7b8e5b769aa5,PRIMARY_SIRE,SireCond_連結済み_20260701.csv,333,SIRE,ダノンレジェンド,,NAME_KEY_ONLY_UNVERIFIED_OFFICIAL_ID,3歳,NAMED_CONDITION,PARSED,,,,,,,,,,,,UNKNOWN,,,N,N,NOT_APPLICABLE,,,,,,NOT_APPLICABLE_NO_ROI,,,,,,,UNKNOWN,,BOOK_OR_UNSPECIFIED_ROI_SOURCE,roi_presence_raw と完全に1対1でROI記入の有無の言い換え。行の出所ではない,6,,,UNVERIFIED(表示基準日がページ間で不一致: トップ2026-08-16/使い方2026-05-17),TOP10,MISSING_ROI,NOT_AVAILABLE,原表と方式を入手するまで使用しない。原行は保持
rec_2c6090603342b036941161545bc924c3d0ba672df31e83c5f15cdeb72d24d107,PRIMARY_SIRE,SireCond_連結済み_20260701.csv,334,SIRE,エポカドーロ,,NAME_KEY_ONLY_UNVERIFIED_OFFICIAL_ID,3歳,NAMED_CONDITION,PARSED,,,,,,,,,,,,UNKNOWN,,,N,N,NOT_APPLICABLE,,,,,,NOT_APPLICABLE_NO_ROI,,,,,,,UNKNOWN,,BOOK_OR_UNSPECIFIED_ROI_SOURCE,roi_presence_raw と完全に1対1でROI記入の有無の言い換え。行の出所ではない,1,,,UNVERIFIED(表示基準日がページ間で不一致: トップ2026-08-16/使い方2026-05-17),TOP10,MISSING_ROI,NOT_AVAILABLE,原表と方式を入手するまで使用しない。原行は保持
rec_498b474b8f22c8912e271391380c0a4e469cf3ab38a7f12acc911d25e07cceb7,PRIMARY_SIRE,SireCond_連結済み_20260701.csv,335,SIRE,ディーマジェスティ,,NAME_KEY_ONLY_UNVERIFIED_OFFICIAL_ID,3歳,NAMED_CONDITION,PARSED,,,,,,,,,,,,UNKNOWN,,,N,N,NOT_APPLICABLE,,,,,,NOT_APPLICABLE_NO_ROI,,,,,,,UNKNOWN,,BOOK_OR_UNSPECIFIED_ROI_SOURCE,roi_presence_raw と完全に1対1でROI記入の有無の言い換え。行の出所ではない,3,,,UNVERIFIED(表示基準日がページ間で不一致: トップ2026-08-16/使い方2026-05-17),TOP10,MISSING_ROI,NOT_AVAILABLE,原表と方式を入手するまで使用しない。原行は保持
rec_25e5e4c7b591ee757f569d67174e947d8d43bbb89d785409062b8cb2de12b8ac,PRIMARY_SIRE,SireCond_連結済み_20260701.csv,336,SIRE,ノーブルミッション,,NAME_KEY_ONLY_UNVERIFIED_OFFICIAL_ID,3歳,NAMED_CONDITION,PARSED,,,,,,,,,,,,UNKNOWN,,,N,N,NOT_APPLICABLE,,,,,,NOT_APPLICABLE_NO_ROI,,,,,,,UNKNOWN,,BOOK_OR_UNSPECIFIED_ROI_SOURCE,roi_presence_raw と完全に1対1でROI記入の有無の言い換え。行の出所ではない,15,,,UNVERIFIED(表示基準日がページ間で不一致: トップ2026-08-16/使い方2026-05-17),ワースト3,MISSING_ROI,NOT_AVAILABLE,原表と方式を入手するまで使用しない。原行は保持
rec_fa4de183c24dd12292a4f05d7d1f89c8ddc9de0bed849517166b6fd6e14a2a93,PRIMARY_SIRE,SireCond_連結済み_20260701.csv,337,SIRE,エピファネイア,,NAME_KEY_ONLY_UNVERIFIED_OFFICIAL_ID,3歳,NAMED_CONDITION,PARSED,,,,,,,,,,,,UNKNOWN,,,N,N,NOT_APPLICABLE,,,,,,NOT_APPLICABLE_NO_ROI,,,,,,,UNKNOWN,,BOOK_OR_UNSPECIFIED_ROI_SOURCE,roi_presence_raw と完全に1対1でROI記入の有無の言い換え。行の出所ではない,13,,,UNVERIFIED(表示基準日がページ間で不一致: トップ2026-08-16/使い方2026-05-17),ワースト3,MISSING_ROI,NOT_AVAILABLE,原表と方式を入手するまで使用しない。原行は保持
rec_530a43546bface73ba7366dbc91631202e56a86c1b6071617d93484ae7cbd584,PRIMARY_SIRE,SireCond_連結済み_20260701.csv,338,SIRE,サートゥルナーリア,,NAME_KEY_ONLY_UNVERIFIED_OFFICIAL_ID,3歳,NAMED_CONDITION,PARSED,,,,,,,,,,,,UNKNOWN,,,N,N,NOT_APPLICABLE,,,,,,NOT_APPLICABLE_NO_ROI,,,,,,,UNKNOWN,,BOOK_OR_UNSPECIFIED_ROI_SOURCE,roi_presence_raw と完全に1対1でROI記入の有無の言い換え。行の出所ではない,6,,,UNVERIFIED(表示基準日がページ間で不一致: トップ2026-08-16/使い方2026-05-17),ワースト3,MISSING_ROI,NOT_AVAILABLE,原表と方式を入手するまで使用しない。原行は保持
rec_d9625a242d62f75aeee05a86be0789e347966a44c0d18ac7069f2840280a97df,PRIMARY_SIRE,SireCond_連結済み_20260701.csv,339,SIRE,シニスターミニスター,,NAME_KEY_ONLY_UNVERIFIED_OFFICIAL_ID,4歳,NAMED_CONDITION,PARSED,,,,,,,,,,,,UNKNOWN,,,N,N,NOT_APPLICABLE,,,,,,NOT_APPLICABLE_NO_ROI,,,,,,,UNKNOWN,,BOOK_OR_UNSPECIFIED_ROI_SOURCE,roi_presence_raw と完全に1対1でROI記入の有無の言い換え。行の出所ではない,12,,,UNVERIFIED(表示基準日がページ間で不一致: トップ2026-08-16/使い方2026-05-17),TOP10,MISSING_ROI,NOT_AVAILABLE,原表と方式を入手するまで使用しない。原行は保持
rec_dfcf5ef9fc26598db551568420bf3605dc0dc592642b4d5ad805672335760611,PRIMARY_SIRE,SireCond_連結済み_20260701.csv,340,SIRE,アニマルキングダム,,NAME_KEY_ONLY_UNVERIFIED_OFFICIAL_ID,4歳,NAMED_CONDITION,PARSED,,,,,,,,,,,,UNKNOWN,,,N,N,NOT_APPLICABLE,,,,,,NOT_APPLICABLE_NO_ROI,,,,,,,UNKNOWN,,BOOK_OR_UNSPECIFIED_ROI_SOURCE,roi_presence_raw と完全に1対1でROI記入の有無の言い換え。行の出所ではない,6,,,UNVERIFIED(表示基準日がページ間で不一致: トップ2026-08-16/使い方2026-05-17),TOP10,MISSING_ROI,NOT_AVAILABLE,原表と方式を入手するまで使用しない。原行は保持
rec_402de5002a69efe0a458b15e7f2993b4582e55a9d8f79e39160b258ba04e7470,PRIMARY_SIRE,SireCond_連結済み_20260701.csv,341,SIRE,サトノアラジン,,NAME_KEY_ONLY_UNVERIFIED_OFFICIAL_ID,4歳,NAMED_CONDITION,PARSED,,,,,,,,,,,,UNKNOWN,,,N,N,NOT_APPLICABLE,,,,,,NOT_APPLICABLE_NO_ROI,,,,,,,UNKNOWN,,BOOK_OR_UNSPECIFIED_ROI_SOURCE,roi_presence_raw と完全に1対1でROI記入の有無の言い換え。行の出所ではない,2,,,UNVERIFIED(表示基準日がページ間で不一致: トップ2026-08-16/使い方2026-05-17),TOP10,MISSING_ROI,NOT_AVAILABLE,原表と方式を入手するまで使用しない。原行は保持
rec_3f67aa4f7d498feed1da0e30f737c7ec82312b3e3bb3fc057dbaea2f3d91c288,PRIMARY_SIRE,SireCond_連結済み_20260701.csv,342,SIRE,ドレフォン,,NAME_KEY_ONLY_UNVERIFIED_OFFICIAL_ID,4歳,NAMED_CONDITION,PARSED,,,,,,,,,,,,UNKNOWN,,,N,N,NOT_APPLICABLE,,,,,,NOT_APPLICABLE_NO_ROI,,,,,,,UNKNOWN,,BOOK_OR_UNSPECIFIED_ROI_SOURCE,roi_presence_raw と完全に1対1でROI記入の有無の言い換え。行の出所ではない,18,,,UNVERIFIED(表示基準日がページ間で不一致: トップ2026-08-16/使い方2026-05-17),TOP10,MISSING_ROI,NOT_AVAILABLE,原表と方式を入手するまで使用しない。原行は保持
rec_478543f778947a49cba7bb09401d46aeb85b791428d4cb32338cddaa2f891178,PRIMARY_SIRE,SireCond_連結済み_20260701.csv,343,SIRE,ダノンレジェンド,,NAME_KEY_ONLY_UNVERIFIED_OFFICIAL_ID,4歳,NAMED_CONDITION,PARSED,,,,,,,,,,,,UNKNOWN,,,N,N,NOT_APPLICABLE,,,,,,NOT_APPLICABLE_NO_ROI,,,,,,,UNKNOWN,,BOOK_OR_UNSPECIFIED_ROI_SOURCE,roi_presence_raw と完全に1対1でROI記入の有無の言い換え。行の出所ではない,6,,,UNVERIFIED(表示基準日がページ間で不一致: トップ2026-08-16/使い方2026-05-17),TOP10,MISSING_ROI,NOT_AVAILABLE,原表と方式を入手するまで使用しない。原行は保持
rec_cd2de087cf91705d60051cd4a28c04db1c87e1b77d9d25babd7d2cd23777635b,PRIMARY_SIRE,SireCond_連結済み_20260701.csv,344,SIRE,ゴールドアクター,,NAME_KEY_ONLY_UNVERIFIED_OFFICIAL_ID,4歳,NAMED_CONDITION,PARSED,,,,,,,,,,,,UNKNOWN,,,N,N,NOT_APPLICABLE,,,,,,NOT_APPLICABLE_NO_ROI,,,,,,,UNKNOWN,,BOOK_OR_UNSPECIFIED_ROI_SOURCE,roi_presence_raw と完全に1対1でROI記入の有無の言い換え。行の出所ではない,8,,,UNVERIFIED(表示基準日がページ間で不一致: トップ2026-08-16/使い方2026-05-17),TOP10,MISSING_ROI,NOT_AVAILABLE,原表と方式を入手するまで使用しない。原行は保持
rec_8adeb590643995085d21cd85c4bce6efa77946583fde7a704106e4a20ccf2919,PRIMARY_SIRE,SireCond_連結済み_20260701.csv,345,SIRE,ミッキーロケット,,NAME_KEY_ONLY_UNVERIFIED_OFFICIAL_ID,4歳,NAMED_CONDITION,PARSED,,,,,,,,,,,,UNKNOWN,,,N,N,NOT_APPLICABLE,,,,,,NOT_APPLICABLE_NO_ROI,,,,,,,UNKNOWN,,BOOK_OR_UNSPECIFIED_ROI_SOURCE,roi_presence_raw と完全に1対1でROI記入の有無の言い換え。行の出所ではない,1,,,UNVERIFIED(表示基準日がページ間で不一致: トップ2026-08-16/使い方2026-05-17),TOP10,MISSING_ROI,NOT_AVAILABLE,原表と方式を入手するまで使用しない。原行は保持
rec_9f5dff4078e3becc8f8c6cc67927fe95be4cd47d48f3cfbf9026eea9d0c06d50,PRIMARY_SIRE,SireCond_連結済み_20260701.csv,346,SIRE,Constitution,,NAME_KEY_ONLY_UNVERIFIED_OFFICIAL_ID,4歳,NAMED_CONDITION,PARSED,,,,,,,,,,,,UNKNOWN,,,N,N,NOT_APPLICABLE,,,,,,NOT_APPLICABLE_NO_ROI,,,,,,,UNKNOWN,,BOOK_OR_UNSPECIFIED_ROI_SOURCE,roi_presence_raw と完全に1対1でROI記入の有無の言い換え。行の出所ではない,1,,,UNVERIFIED(表示基準日がページ間で不一致: トップ2026-08-16/使い方2026-05-17),TOP10,MISSING_ROI,NOT_AVAILABLE,原表と方式を入手するまで使用しない。原行は保持
rec_ed6ef2ba9bc3929e498ae689cb526b3afaa2a314c2697e438cae40a06b9a35a8,PRIMARY_SIRE,SireCond_連結済み_20260701.csv,347,SIRE,リオンディーズ,,NAME_KEY_ONLY_UNVERIFIED_OFFICIAL_ID,4歳,NAMED_CONDITION,PARSED,,,,,,,,,,,,UNKNOWN,,,N,N,NOT_APPLICABLE,,,,,,NOT_APPLICABLE_NO_ROI,,,,,,,UNKNOWN,,BOOK_OR_UNSPECIFIED_ROI_SOURCE,roi_presence_raw と完全に1対1でROI記入の有無の言い換え。行の出所ではない,4,,,UNVERIFIED(表示基準日がページ間で不一致: トップ2026-08-16/使い方2026-05-17),TOP10,MISSING_ROI,NOT_AVAILABLE,原表と方式を入手するまで使用しない。原行は保持
rec_e780d165b332b6372981c042162aff908cd0f10f461e8ee4754f8d35311b0150,PRIMARY_SIRE,SireCond_連結済み_20260701.csv,348,SIRE,ベストウォーリア,,NAME_KEY_ONLY_UNVERIFIED_OFFICIAL_ID,4歳,NAMED_CONDITION,PARSED,,,,,,,,,,,,UNKNOWN,,,N,N,NOT_APPLICABLE,,,,,,NOT_APPLICABLE_NO_ROI,,,,,,,UNKNOWN,,BOOK_OR_UNSPECIFIED_ROI_SOURCE,roi_presence_raw と完全に1対1でROI記入の有無の言い換え。行の出所ではない,2,,,UNVERIFIED(表示基準日がページ間で不一致: トップ2026-08-16/使い方2026-05-17),TOP10,MISSING_ROI,NOT_AVAILABLE,原表と方式を入手するまで使用しない。原行は保持
rec_f075d4c32b75164e1dfb5ed4a577a937da06a91b78c1a7cc13693a51fea2ed6e,PRIMARY_SIRE,SireCond_連結済み_20260701.csv,349,SIRE,エピファネイア,,NAME_KEY_ONLY_UNVERIFIED_OFFICIAL_ID,4歳,NAMED_CONDITION,PARSED,,,,,,,,,,,,UNKNOWN,,,N,N,NOT_APPLICABLE,,,,,,NOT_APPLICABLE_NO_ROI,,,,,,,UNKNOWN,,BOOK_OR_UNSPECIFIED_ROI_SOURCE,roi_presence_raw と完全に1対1でROI記入の有無の言い換え。行の出所ではない,13,,,UNVERIFIED(表示基準日がページ間で不一致: トップ2026-08-16/使い方2026-05-17),ワースト3,MISSING_ROI,NOT_AVAILABLE,原表と方式を入手するまで使用しない。原行は保持
rec_84e65bad990ffd2863cafd7ca3f8a067a1376ab424d5b99a9c18a0c5a943f4c8,PRIMARY_SIRE,SireCond_連結済み_20260701.csv,350,SIRE,ロジャーバローズ,,NAME_KEY_ONLY_UNVERIFIED_OFFICIAL_ID,4歳,NAMED_CONDITION,PARSED,,,,,,,,,,,,UNKNOWN,,,N,N,NOT_APPLICABLE,,,,,,NOT_APPLICABLE_NO_ROI,,,,,,,UNKNOWN,,BOOK_OR_UNSPECIFIED_ROI_SOURCE,roi_presence_raw と完全に1対1でROI記入の有無の言い換え。行の出所ではない,2,,,UNVERIFIED(表示基準日がページ間で不一致: トップ2026-08-16/使い方2026-05-17),ワースト3,MISSING_ROI,NOT_AVAILABLE,原表と方式を入手するまで使用しない。原行は保持
rec_d41fa620595b412c634020dae424614ee8eaae5d597605e03b5c0baf08472934,PRIMARY_SIRE,SireCond_連結済み_20260701.csv,351,SIRE,ブリックスアンドモルタル,,NAME_KEY_ONLY_UNVERIFIED_OFFICIAL_ID,4歳,NAMED_CONDITION,PARSED,,,,,,,,,,,,UNKNOWN,,,N,N,NOT_APPLICABLE,,,,,,NOT_APPLICABLE_NO_ROI,,,,,,,UNKNOWN,,BOOK_OR_UNSPECIFIED_ROI_SOURCE,roi_presence_raw と完全に1対1でROI記入の有無の言い換え。行の出所ではない,4,,,UNVERIFIED(表示基準日がページ間で不一致: トップ2026-08-16/使い方2026-05-17),ワースト3,MISSING_ROI,NOT_AVAILABLE,原表と方式を入手するまで使用しない。原行は保持
rec_e10f92f2374efa755f5b29405ccf071f10b00ecf30b3dac91d7d3379cc0ddb09,PRIMARY_SIRE,SireCond_連結済み_20260701.csv,352,SIRE,キタサンブラック,,NAME_KEY_ONLY_UNVERIFIED_OFFICIAL_ID,5歳以上,NAMED_CONDITION,PARSED,,,,,,,,,,,,UNKNOWN,,,N,N,NOT_APPLICABLE,,,,,,NOT_APPLICABLE_NO_ROI,,,,,,,UNKNOWN,,BOOK_OR_UNSPECIFIED_ROI_SOURCE,roi_presence_raw と完全に1対1でROI記入の有無の言い換え。行の出所ではない,5,,,UNVERIFIED(表示基準日がページ間で不一致: トップ2026-08-16/使い方2026-05-17),TOP10,MISSING_ROI,NOT_AVAILABLE,原表と方式を入手するまで使用しない。原行は保持
rec_118cd2766d912515c24fdeb939670d5e2edcbfdec0a66543d78e960167c14bd8,PRIMARY_SIRE,SireCond_連結済み_20260701.csv,353,SIRE,サトノダイヤモンド,,NAME_KEY_ONLY_UNVERIFIED_OFFICIAL_ID,5歳以上,NAMED_CONDITION,PARSED,,,,,,,,,,,,UNKNOWN,,,N,N,NOT_APPLICABLE,,,,,,NOT_APPLICABLE_NO_ROI,,,,,,,UNKNOWN,,BOOK_OR_UNSPECIFIED_ROI_SOURCE,roi_presence_raw と完全に1対1でROI記入の有無の言い換え。行の出所ではない,3,,,UNVERIFIED(表示基準日がページ間で不一致: トップ2026-08-16/使い方2026-05-17),TOP10,MISSING_ROI,NOT_AVAILABLE,原表と方式を入手するまで使用しない。原行は保持
rec_c7d3fcac266527c6f13cd0680dd9d6e87a4854672f3cdfde1e3ef4a2da0da0b0,PRIMARY_SIRE,SireCond_連結済み_20260701.csv,354,SIRE,ビッグアーサー,,NAME_KEY_ONLY_UNVERIFIED_OFFICIAL_ID,5歳以上,NAMED_CONDITION,PARSED,,,,,,,,,,,,UNKNOWN,,,N,N,NOT_APPLICABLE,,,,,,NOT_APPLICABLE_NO_ROI,,,,,,,UNKNOWN,,BOOK_OR_UNSPECIFIED_ROI_SOURCE,roi_presence_raw と完全に1対1でROI記入の有無の言い換え。行の出所ではない,1,,,UNVERIFIED(表示基準日がページ間で不一致: トップ2026-08-16/使い方2026-05-17),TOP10,MISSING_ROI,NOT_AVAILABLE,原表と方式を入手するまで使用しない。原行は保持
rec_34e89c58a765b73828e4fd7b6d7b0dd18c50b115bc3240f7c4c159c01d04d188,PRIMARY_SIRE,SireCond_連結済み_20260701.csv,355,SIRE,ディスクリートキャット,,NAME_KEY_ONLY_UNVERIFIED_OFFICIAL_ID,5歳以上,NAMED_CONDITION,PARSED,,,,,,,,,,,,UNKNOWN,,,N,N,NOT_APPLICABLE,,,,,,NOT_APPLICABLE_NO_ROI,,,,,,,UNKNOWN,,BOOK_OR_UNSPECIFIED_ROI_SOURCE,roi_presence_raw と完全に1対1でROI記入の有無の言い換え。行の出所ではない,5,,,UNVERIFIED(表示基準日がページ間で不一致: トップ2026-08-16/使い方2026-05-17),TOP10,MISSING_ROI,NOT_AVAILABLE,原表と方式を入手するまで使用しない。原行は保持
rec_376bea23f88335bae451f3ebff2f79e06cf128e86dab100ddd79d7eb98017b68,PRIMARY_SIRE,SireCond_連結済み_20260701.csv,356,SIRE,アメリカンペイトリオット,,NAME_KEY_ONLY_UNVERIFIED_OFFICIAL_ID,5歳以上,NAMED_CONDITION,PARSED,,,,,,,,,,,,UNKNOWN,,,N,N,NOT_APPLICABLE,,,,,,NOT_APPLICABLE_NO_ROI,,,,,,,UNKNOWN,,BOOK_OR_UNSPECIFIED_ROI_SOURCE,roi_presence_raw と完全に1対1でROI記入の有無の言い換え。行の出所ではない,4,,,UNVERIFIED(表示基準日がページ間で不一致: トップ2026-08-16/使い方2026-05-17),TOP10,MISSING_ROI,NOT_AVAILABLE,原表と方式を入手するまで使用しない。原行は保持
rec_ae656ab05f98722b362df0517c4659210cb29170d2d04795c85c26d7afd85c1e,PRIMARY_SIRE,SireCond_連結済み_20260701.csv,357,SIRE,アジアエクスプレス,,NAME_KEY_ONLY_UNVERIFIED_OFFICIAL_ID,5歳以上,NAMED_CONDITION,PARSED,,,,,,,,,,,,UNKNOWN,,,N,N,NOT_APPLICABLE,,,,,,NOT_APPLICABLE_NO_ROI,,,,,,,UNKNOWN,,BOOK_OR_UNSPECIFIED_ROI_SOURCE,roi_presence_raw と完全に1対1でROI記入の有無の言い換え。行の出所ではない,3,,,UNVERIFIED(表示基準日がページ間で不一致: トップ2026-08-16/使い方2026-05-17),TOP10,MISSING_ROI,NOT_AVAILABLE,原表と方式を入手するまで使用しない。原行は保持
rec_d671144b8c7662b398d8e54561fac927186437707528396a5e61e7e4ac8c2372,PRIMARY_SIRE,SireCond_連結済み_20260701.csv,358,SIRE,ロゴタイプ,,NAME_KEY_ONLY_UNVERIFIED_OFFICIAL_ID,5歳以上,NAMED_CONDITION,PARSED,,,,,,,,,,,,UNKNOWN,,,N,N,NOT_APPLICABLE,,,,,,NOT_APPLICABLE_NO_ROI,,,,,,,UNKNOWN,,BOOK_OR_UNSPECIFIED_ROI_SOURCE,roi_presence_raw と完全に1対1でROI記入の有無の言い換え。行の出所ではない,1,,,UNVERIFIED(表示基準日がページ間で不一致: トップ2026-08-16/使い方2026-05-17),TOP10,MISSING_ROI,NOT_AVAILABLE,原表と方式を入手するまで使用しない。原行は保持
rec_094ff2fd6b2533a09bfc9e7897cc6c295253e7b07817185ef0ba09ecbeae31b6,PRIMARY_SIRE,SireCond_連結済み_20260701.csv,359,SIRE,Bolt d'Oro,,NAME_KEY_ONLY_UNVERIFIED_OFFICIAL_ID,5歳以上,NAMED_CONDITION,PARSED,,,,,,,,,,,,UNKNOWN,,,N,N,NOT_APPLICABLE,,,,,,NOT_APPLICABLE_NO_ROI,,,,,,,UNKNOWN,,BOOK_OR_UNSPECIFIED_ROI_SOURCE,roi_presence_raw と完全に1対1でROI記入の有無の言い換え。行の出所ではない,1,,,UNVERIFIED(表示基準日がページ間で不一致: トップ2026-08-16/使い方2026-05-17),TOP10,MISSING_ROI,NOT_AVAILABLE,原表と方式を入手するまで使用しない。原行は保持
rec_5b4056aeb692da0851168a6f9f7d2e82f68ea8cfba4467bdd082b5eb18578243,PRIMARY_SIRE,SireCond_連結済み_20260701.csv,360,SIRE,ネロ,,NAME_KEY_ONLY_UNVERIFIED_OFFICIAL_ID,5歳以上,NAMED_CONDITION,PARSED,,,,,,,,,,,,UNKNOWN,,,N,N,NOT_APPLICABLE,,,,,,NOT_APPLICABLE_NO_ROI,,,,,,,UNKNOWN,,BOOK_OR_UNSPECIFIED_ROI_SOURCE,roi_presence_raw と完全に1対1でROI記入の有無の言い換え。行の出所ではない,3,,,UNVERIFIED(表示基準日がページ間で不一致: トップ2026-08-16/使い方2026-05-17),TOP10,MISSING_ROI,NOT_AVAILABLE,原表と方式を入手するまで使用しない。原行は保持
rec_ab9d322c8610e5a96b04aa88ca52b2f93d3ce2da7d91f0bff3123334a396e726,PRIMARY_SIRE,SireCond_連結済み_20260701.csv,361,SIRE,イスラボニータ,,NAME_KEY_ONLY_UNVERIFIED_OFFICIAL_ID,5歳以上,NAMED_CONDITION,PARSED,,,,,,,,,,,,UNKNOWN,,,N,N,NOT_APPLICABLE,,,,,,NOT_APPLICABLE_NO_ROI,,,,,,,UNKNOWN,,BOOK_OR_UNSPECIFIED_ROI_SOURCE,roi_presence_raw と完全に1対1でROI記入の有無の言い換え。行の出所ではない,8,,,UNVERIFIED(表示基準日がページ間で不一致: トップ2026-08-16/使い方2026-05-17),TOP10,MISSING_ROI,NOT_AVAILABLE,原表と方式を入手するまで使用しない。原行は保持
rec_13d5bc93a651a3e62a841d2486c71df7e4853fa18e066cacbdc11c9542e1a80c,PRIMARY_SIRE,SireCond_連結済み_20260701.csv,362,SIRE,ドゥラメンテ,,NAME_KEY_ONLY_UNVERIFIED_OFFICIAL_ID,5歳以上,NAMED_CONDITION,PARSED,,,,,,,,,,,,UNKNOWN,,,N,N,NOT_APPLICABLE,,,,,,NOT_APPLICABLE_NO_ROI,,,,,,,UNKNOWN,,BOOK_OR_UNSPECIFIED_ROI_SOURCE,roi_presence_raw と完全に1対1でROI記入の有無の言い換え。行の出所ではない,5,,,UNVERIFIED(表示基準日がページ間で不一致: トップ2026-08-16/使い方2026-05-17),ワースト3,MISSING_ROI,NOT_AVAILABLE,原表と方式を入手するまで使用しない。原行は保持
rec_e5de2d20ed99f91f2a6197045a05b7f52ba418ff8efe3c985d784caf5c4153e4,PRIMARY_SIRE,SireCond_連結済み_20260701.csv,363,SIRE,エピファネイア,,NAME_KEY_ONLY_UNVERIFIED_OFFICIAL_ID,5歳以上,NAMED_CONDITION,PARSED,,,,,,,,,,,,UNKNOWN,,,N,N,NOT_APPLICABLE,,,,,,NOT_APPLICABLE_NO_ROI,,,,,,,UNKNOWN,,BOOK_OR_UNSPECIFIED_ROI_SOURCE,roi_presence_raw と完全に1対1でROI記入の有無の言い換え。行の出所ではない,13,,,UNVERIFIED(表示基準日がページ間で不一致: トップ2026-08-16/使い方2026-05-17),ワースト3,MISSING_ROI,NOT_AVAILABLE,原表と方式を入手するまで使用しない。原行は保持
rec_9b6db78142f372547e0b7e68d495a1f2ae9095bae2eb47f07d76529aeab527f3,PRIMARY_SIRE,SireCond_連結済み_20260701.csv,364,SIRE,シャンハイボビー,,NAME_KEY_ONLY_UNVERIFIED_OFFICIAL_ID,5歳以上,NAMED_CONDITION,PARSED,,,,,,,,,,,,UNKNOWN,,,N,N,NOT_APPLICABLE,,,,,,NOT_APPLICABLE_NO_ROI,,,,,,,UNKNOWN,,BOOK_OR_UNSPECIFIED_ROI_SOURCE,roi_presence_raw と完全に1対1でROI記入の有無の言い換え。行の出所ではない,4,,,UNVERIFIED(表示基準日がページ間で不一致: トップ2026-08-16/使い方2026-05-17),ワースト3,MISSING_ROI,NOT_AVAILABLE,原表と方式を入手するまで使用しない。原行は保持
rec_122099602ba8b76bd20f1c9034a68fcc90afb8802583c81a01889bcad90f6b56,PRIMARY_SIRE,SireCond_連結済み_20260701.csv,365,SIRE,サンダースノー,,NAME_KEY_ONLY_UNVERIFIED_OFFICIAL_ID,距離短縮,NAMED_CONDITION,PARSED,,,,,,,,,,,,UNKNOWN,,,N,N,NOT_APPLICABLE,,,,,,NOT_APPLICABLE_NO_ROI,,,,,,,UNKNOWN,,BOOK_OR_UNSPECIFIED_ROI_SOURCE,roi_presence_raw と完全に1対1でROI記入の有無の言い換え。行の出所ではない,10,,,UNVERIFIED(表示基準日がページ間で不一致: トップ2026-08-16/使い方2026-05-17),TOP10,MISSING_ROI,NOT_AVAILABLE,原表と方式を入手するまで使用しない。原行は保持
rec_beb1de1597d3ac0de65f6dba48b3c2d553162b99ed7b23c755d7c0fe55e1f8f3,PRIMARY_SIRE,SireCond_連結済み_20260701.csv,366,SIRE,モズアスコット,,NAME_KEY_ONLY_UNVERIFIED_OFFICIAL_ID,距離短縮,NAMED_CONDITION,PARSED,,,,,,,,,,,,UNKNOWN,,,N,N,NOT_APPLICABLE,,,,,,NOT_APPLICABLE_NO_ROI,,,,,,,UNKNOWN,,BOOK_OR_UNSPECIFIED_ROI_SOURCE,roi_presence_raw と完全に1対1でROI記入の有無の言い換え。行の出所ではない,16,,,UNVERIFIED(表示基準日がページ間で不一致: トップ2026-08-16/使い方2026-05-17),TOP10,MISSING_ROI,NOT_AVAILABLE,原表と方式を入手するまで使用しない。原行は保持
rec_f8a0329f40eacc204b2b2b6e81d6581e56a44ed6a4c88a0cef4b2af8255e77c8,PRIMARY_SIRE,SireCond_連結済み_20260701.csv,367,SIRE,ロードカナロア,,NAME_KEY_ONLY_UNVERIFIED_OFFICIAL_ID,距離短縮,NAMED_CONDITION,PARSED,,,,,,,,,,,,UNKNOWN,,,N,N,NOT_APPLICABLE,,,,,,NOT_APPLICABLE_NO_ROI,,,,,,,UNKNOWN,,BOOK_OR_UNSPECIFIED_ROI_SOURCE,roi_presence_raw と完全に1対1でROI記入の有無の言い換え。行の出所ではない,4,,,UNVERIFIED(表示基準日がページ間で不一致: トップ2026-08-16/使い方2026-05-17),TOP10,MISSING_ROI,NOT_AVAILABLE,原表と方式を入手するまで使用しない。原行は保持
rec_597559e79915366c17eb340ac19b86fa166ca98fa3c111b575bd2e223e4ea1b2,PRIMARY_SIRE,SireCond_連結済み_20260701.csv,368,SIRE,ドレフォン,,NAME_KEY_ONLY_UNVERIFIED_OFFICIAL_ID,距離短縮,NAMED_CONDITION,PARSED,,,,,,,,,,,,UNKNOWN,,,N,N,NOT_APPLICABLE,,,,,,NOT_APPLICABLE_NO_ROI,,,,,,,UNKNOWN,,BOOK_OR_UNSPECIFIED_ROI_SOURCE,roi_presence_raw と完全に1対1でROI記入の有無の言い換え。行の出所ではない,18,,,UNVERIFIED(表示基準日がページ間で不一致: トップ2026-08-16/使い方2026-05-17),TOP10,MISSING_ROI,NOT_AVAILABLE,原表と方式を入手するまで使用しない。原行は保持
rec_1acfc3ce608dfce1083e59489b3550c12c4c18a64f1edf75370df3ea3f1878eb,PRIMARY_SIRE,SireCond_連結済み_20260701.csv,369,SIRE,ディスクリートキャット,,NAME_KEY_ONLY_UNVERIFIED_OFFICIAL_ID,距離短縮,NAMED_CONDITION,PARSED,,,,,,,,,,,,UNKNOWN,,,N,N,NOT_APPLICABLE,,,,,,NOT_APPLICABLE_NO_ROI,,,,,,,UNKNOWN,,BOOK_OR_UNSPECIFIED_ROI_SOURCE,roi_presence_raw と完全に1対1でROI記入の有無の言い換え。行の出所ではない,5,,,UNVERIFIED(表示基準日がページ間で不一致: トップ2026-08-16/使い方2026-05-17),TOP10,MISSING_ROI,NOT_AVAILABLE,原表と方式を入手するまで使用しない。原行は保持
rec_fd14fe793dcb23cdf532f2a1a3e5c12946ca51e8988aaf786ba913a4b2c53b92,PRIMARY_SIRE,SireCond_連結済み_20260701.csv,370,SIRE,ルヴァンスレーヴ,,NAME_KEY_ONLY_UNVERIFIED_OFFICIAL_ID,距離短縮,NAMED_CONDITION,PARSED,,,,,,,,,,,,UNKNOWN,,,N,N,NOT_APPLICABLE,,,,,,NOT_APPLICABLE_NO_ROI,,,,,,,UNKNOWN,,BOOK_OR_UNSPECIFIED_ROI_SOURCE,roi_presence_raw と完全に1対1でROI記入の有無の言い換え。行の出所ではない,19,,,UNVERIFIED(表示基準日がページ間で不一致: トップ2026-08-16/使い方2026-05-17),TOP10,MISSING_ROI,NOT_AVAILABLE,原表と方式を入手するまで使用しない。原行は保持
rec_c22c9df7dff5d4f12e3f00f8c5cee11346499c2a1e849f1e73257c9ee919fc02,PRIMARY_SIRE,SireCond_連結済み_20260701.csv,371,SIRE,レイデオロ,,NAME_KEY_ONLY_UNVERIFIED_OFFICIAL_ID,距離短縮,NAMED_CONDITION,PARSED,,,,,,,,,,,,UNKNOWN,,,N,N,NOT_APPLICABLE,,,,,,NOT_APPLICABLE_NO_ROI,,,,,,,UNKNOWN,,BOOK_OR_UNSPECIFIED_ROI_SOURCE,roi_presence_raw と完全に1対1でROI記入の有無の言い換え。行の出所ではない,8,,,UNVERIFIED(表示基準日がページ間で不一致: トップ2026-08-16/使い方2026-05-17),TOP10,MISSING_ROI,NOT_AVAILABLE,原表と方式を入手するまで使用しない。原行は保持
rec_20634191bbccfa92190d2b9cf932710abf40fde6f38a1cc1dcb0790fc4be8b7e,PRIMARY_SIRE,SireCond_連結済み_20260701.csv,372,SIRE,ミッキーアイル,,NAME_KEY_ONLY_UNVERIFIED_OFFICIAL_ID,距離短縮,NAMED_CONDITION,PARSED,,,,,,,,,,,,UNKNOWN,,,N,N,NOT_APPLICABLE,,,,,,NOT_APPLICABLE_NO_ROI,,,,,,,UNKNOWN,,BOOK_OR_UNSPECIFIED_ROI_SOURCE,roi_presence_raw と完全に1対1でROI記入の有無の言い換え。行の出所ではない,7,,,UNVERIFIED(表示基準日がページ間で不一致: トップ2026-08-16/使い方2026-05-17),TOP10,MISSING_ROI,NOT_AVAILABLE,原表と方式を入手するまで使用しない。原行は保持
rec_0d80a8f8a03dab8ad04a19e471faf8fd2acad4ea9808d1528c6ad582f889a8c8,PRIMARY_SIRE,SireCond_連結済み_20260701.csv,373,SIRE,シニスターミニスター,,NAME_KEY_ONLY_UNVERIFIED_OFFICIAL_ID,距離短縮,NAMED_CONDITION,PARSED,,,,,,,,,,,,UNKNOWN,,,N,N,NOT_APPLICABLE,,,,,,NOT_APPLICABLE_NO_ROI,,,,,,,UNKNOWN,,BOOK_OR_UNSPECIFIED_ROI_SOURCE,roi_presence_raw と完全に1対1でROI記入の有無の言い換え。行の出所ではない,12,,,UNVERIFIED(表示基準日がページ間で不一致: トップ2026-08-16/使い方2026-05-17),TOP10,MISSING_ROI,NOT_AVAILABLE,原表と方式を入手するまで使用しない。原行は保持
rec_d229a07ab5678e8d6edf58869ad502962826c7be119bd2ee38ec28197796dd71,PRIMARY_SIRE,SireCond_連結済み_20260701.csv,374,SIRE,シスキン,,NAME_KEY_ONLY_UNVERIFIED_OFFICIAL_ID,距離短縮,NAMED_CONDITION,PARSED,,,,,,,,,,,,UNKNOWN,,,N,N,NOT_APPLICABLE,,,,,,NOT_APPLICABLE_NO_ROI,,,,,,,UNKNOWN,,BOOK_OR_UNSPECIFIED_ROI_SOURCE,roi_presence_raw と完全に1対1でROI記入の有無の言い換え。行の出所ではない,6,,,UNVERIFIED(表示基準日がページ間で不一致: トップ2026-08-16/使い方2026-05-17),TOP10,MISSING_ROI,NOT_AVAILABLE,原表と方式を入手するまで使用しない。原行は保持
rec_af1fbdca36a4c099f4767f2eeeff6d6aa97c84d8d6fb3bb57e044ea71189456a,PRIMARY_SIRE,SireCond_連結済み_20260701.csv,375,SIRE,エピファネイア,,NAME_KEY_ONLY_UNVERIFIED_OFFICIAL_ID,距離短縮,NAMED_CONDITION,PARSED,,,,,,,,,,,,UNKNOWN,,,N,N,NOT_APPLICABLE,,,,,,NOT_APPLICABLE_NO_ROI,,,,,,,UNKNOWN,,BOOK_OR_UNSPECIFIED_ROI_SOURCE,roi_presence_raw と完全に1対1でROI記入の有無の言い換え。行の出所ではない,13,,,UNVERIFIED(表示基準日がページ間で不一致: トップ2026-08-16/使い方2026-05-17),ワースト3,MISSING_ROI,NOT_AVAILABLE,原表と方式を入手するまで使用しない。原行は保持
rec_032702d9638251c38e7eb0601358fa3edb9aabecda6a2f5f652401b8348e662a,PRIMARY_SIRE,SireCond_連結済み_20260701.csv,376,SIRE,ハービンジャー,,NAME_KEY_ONLY_UNVERIFIED_OFFICIAL_ID,距離短縮,NAMED_CONDITION,PARSED,,,,,,,,,,,,UNKNOWN,,,N,N,NOT_APPLICABLE,,,,,,NOT_APPLICABLE_NO_ROI,,,,,,,UNKNOWN,,BOOK_OR_UNSPECIFIED_ROI_SOURCE,roi_presence_raw と完全に1対1でROI記入の有無の言い換え。行の出所ではない,2,,,UNVERIFIED(表示基準日がページ間で不一致: トップ2026-08-16/使い方2026-05-17),ワースト3,MISSING_ROI,NOT_AVAILABLE,原表と方式を入手するまで使用しない。原行は保持
rec_5889ef45bc780f0077c6b9ad9e18aafe7a9871d5ebbb4cfc2813c665926b56bd,PRIMARY_SIRE,SireCond_連結済み_20260701.csv,377,SIRE,ドゥラメンテ,,NAME_KEY_ONLY_UNVERIFIED_OFFICIAL_ID,距離短縮,NAMED_CONDITION,PARSED,,,,,,,,,,,,UNKNOWN,,,N,N,NOT_APPLICABLE,,,,,,NOT_APPLICABLE_NO_ROI,,,,,,,UNKNOWN,,BOOK_OR_UNSPECIFIED_ROI_SOURCE,roi_presence_raw と完全に1対1でROI記入の有無の言い換え。行の出所ではない,5,,,UNVERIFIED(表示基準日がページ間で不一致: トップ2026-08-16/使い方2026-05-17),ワースト3,MISSING_ROI,NOT_AVAILABLE,原表と方式を入手するまで使用しない。原行は保持
rec_8b6fa9cb941d3271844e1975d732d72d2638a9af9ee46cf32419301a7e5710ee,PRIMARY_SIRE,SireCond_連結済み_20260701.csv,378,SIRE,キズナ,,NAME_KEY_ONLY_UNVERIFIED_OFFICIAL_ID,距離延長,NAMED_CONDITION,PARSED,,,,,,,,,,,,UNKNOWN,,,N,N,NOT_APPLICABLE,,,,,,NOT_APPLICABLE_NO_ROI,,,,,,,UNKNOWN,,BOOK_OR_UNSPECIFIED_ROI_SOURCE,roi_presence_raw と完全に1対1でROI記入の有無の言い換え。行の出所ではない,10,,,UNVERIFIED(表示基準日がページ間で不一致: トップ2026-08-16/使い方2026-05-17),TOP10,MISSING_ROI,NOT_AVAILABLE,原表と方式を入手するまで使用しない。原行は保持
rec_85a8a9ba6df01d3a8e993fe95673c72c5db048e8578138024ea5cfba7ae6d243,PRIMARY_SIRE,SireCond_連結済み_20260701.csv,379,SIRE,ルヴァンスレーヴ,,NAME_KEY_ONLY_UNVERIFIED_OFFICIAL_ID,距離延長,NAMED_CONDITION,PARSED,,,,,,,,,,,,UNKNOWN,,,N,N,NOT_APPLICABLE,,,,,,NOT_APPLICABLE_NO_ROI,,,,,,,UNKNOWN,,BOOK_OR_UNSPECIFIED_ROI_SOURCE,roi_presence_raw と完全に1対1でROI記入の有無の言い換え。行の出所ではない,19,,,UNVERIFIED(表示基準日がページ間で不一致: トップ2026-08-16/使い方2026-05-17),TOP10,MISSING_ROI,NOT_AVAILABLE,原表と方式を入手するまで使用しない。原行は保持
rec_59a1eef1f688d8ce340755c30291e29fda017104251c89648efc0ce47d8b09da,PRIMARY_SIRE,SireCond_連結済み_20260701.csv,380,SIRE,フォーウィールドライブ,,NAME_KEY_ONLY_UNVERIFIED_OFFICIAL_ID,距離延長,NAMED_CONDITION,PARSED,,,,,,,,,,,,UNKNOWN,,,N,N,NOT_APPLICABLE,,,,,,NOT_APPLICABLE_NO_ROI,,,,,,,UNKNOWN,,BOOK_OR_UNSPECIFIED_ROI_SOURCE,roi_presence_raw と完全に1対1でROI記入の有無の言い換え。行の出所ではない,9,,,UNVERIFIED(表示基準日がページ間で不一致: トップ2026-08-16/使い方2026-05-17),TOP10,MISSING_ROI,NOT_AVAILABLE,原表と方式を入手するまで使用しない。原行は保持
rec_53599e940b930eb2afa8939a52692a27f345815deeb5de88c4af053bd5f8ce14,PRIMARY_SIRE,SireCond_連結済み_20260701.csv,381,SIRE,シルバーステート,,NAME_KEY_ONLY_UNVERIFIED_OFFICIAL_ID,距離延長,NAMED_CONDITION,PARSED,,,,,,,,,,,,UNKNOWN,,,N,N,NOT_APPLICABLE,,,,,,NOT_APPLICABLE_NO_ROI,,,,,,,UNKNOWN,,BOOK_OR_UNSPECIFIED_ROI_SOURCE,roi_presence_raw と完全に1対1でROI記入の有無の言い換え。行の出所ではない,5,,,UNVERIFIED(表示基準日がページ間で不一致: トップ2026-08-16/使い方2026-05-17),TOP10,MISSING_ROI,NOT_AVAILABLE,原表と方式を入手するまで使用しない。原行は保持
rec_1b0c884740fe34d4b37947d7168eeaef6b2a605055dbf69455775a883a08b759,PRIMARY_SIRE,SireCond_連結済み_20260701.csv,382,SIRE,アニマルキングダム,,NAME_KEY_ONLY_UNVERIFIED_OFFICIAL_ID,距離延長,NAMED_CONDITION,PARSED,,,,,,,,,,,,UNKNOWN,,,N,N,NOT_APPLICABLE,,,,,,NOT_APPLICABLE_NO_ROI,,,,,,,UNKNOWN,,BOOK_OR_UNSPECIFIED_ROI_SOURCE,roi_presence_raw と完全に1対1でROI記入の有無の言い換え。行の出所ではない,6,,,UNVERIFIED(表示基準日がページ間で不一致: トップ2026-08-16/使い方2026-05-17),TOP10,MISSING_ROI,NOT_AVAILABLE,原表と方式を入手するまで使用しない。原行は保持
rec_f4b1be05bef11907c4561bb0729dd74d0bfa26998aacb826ca0a4833332a6d36,PRIMARY_SIRE,SireCond_連結済み_20260701.csv,383,SIRE,レッドファルクス,,NAME_KEY_ONLY_UNVERIFIED_OFFICIAL_ID,距離延長,NAMED_CONDITION,PARSED,,,,,,,,,,,,UNKNOWN,,,N,N,NOT_APPLICABLE,,,,,,NOT_APPLICABLE_NO_ROI,,,,,,,UNKNOWN,,BOOK_OR_UNSPECIFIED_ROI_SOURCE,roi_presence_raw と完全に1対1でROI記入の有無の言い換え。行の出所ではない,1,,,UNVERIFIED(表示基準日がページ間で不一致: トップ2026-08-16/使い方2026-05-17),TOP10,MISSING_ROI,NOT_AVAILABLE,原表と方式を入手するまで使用しない。原行は保持
rec_1f82bb0877688ceb50e0173ddb7ee15c78cc9d53260512e3fb70d048ff0139a1,PRIMARY_SIRE,SireCond_連結済み_20260701.csv,384,SIRE,シニスターミニスター,,NAME_KEY_ONLY_UNVERIFIED_OFFICIAL_ID,距離延長,NAMED_CONDITION,PARSED,,,,,,,,,,,,UNKNOWN,,,N,N,NOT_APPLICABLE,,,,,,NOT_APPLICABLE_NO_ROI,,,,,,,UNKNOWN,,BOOK_OR_UNSPECIFIED_ROI_SOURCE,roi_presence_raw と完全に1対1でROI記入の有無の言い換え。行の出所ではない,12,,,UNVERIFIED(表示基準日がページ間で不一致: トップ2026-08-16/使い方2026-05-17),TOP10,MISSING_ROI,NOT_AVAILABLE,原表と方式を入手するまで使用しない。原行は保持
rec_9b52309fd4a1d26feb2c17e6e3a3d5ac9d0c99fecd79a8920d5a712f0c14b105,PRIMARY_SIRE,SireCond_連結済み_20260701.csv,385,SIRE,ミッキーアイル,,NAME_KEY_ONLY_UNVERIFIED_OFFICIAL_ID,距離延長,NAMED_CONDITION,PARSED,,,,,,,,,,,,UNKNOWN,,,N,N,NOT_APPLICABLE,,,,,,NOT_APPLICABLE_NO_ROI,,,,,,,UNKNOWN,,BOOK_OR_UNSPECIFIED_ROI_SOURCE,roi_presence_raw と完全に1対1でROI記入の有無の言い換え。行の出所ではない,7,,,UNVERIFIED(表示基準日がページ間で不一致: トップ2026-08-16/使い方2026-05-17),TOP10,MISSING_ROI,NOT_AVAILABLE,原表と方式を入手するまで使用しない。原行は保持
rec_e61a380940d1b0e5ce0f36a6ea9bceb1091a2e3c51f7f1759c620b3251ce0018,PRIMARY_SIRE,SireCond_連結済み_20260701.csv,386,SIRE,インディチャンプ,,NAME_KEY_ONLY_UNVERIFIED_OFFICIAL_ID,距離延長,NAMED_CONDITION,PARSED,,,,,,,,,,,,UNKNOWN,,,N,N,NOT_APPLICABLE,,,,,,NOT_APPLICABLE_NO_ROI,,,,,,,UNKNOWN,,BOOK_OR_UNSPECIFIED_ROI_SOURCE,roi_presence_raw と完全に1対1でROI記入の有無の言い換え。行の出所ではない,2,,,UNVERIFIED(表示基準日がページ間で不一致: トップ2026-08-16/使い方2026-05-17),TOP10,MISSING_ROI,NOT_AVAILABLE,原表と方式を入手するまで使用しない。原行は保持
rec_a5f4e20a02ef17a00fb38ea575e3640a2acfd6c1d2a8ca50579eb7804f9e9834,PRIMARY_SIRE,SireCond_連結済み_20260701.csv,387,SIRE,ナダル,,NAME_KEY_ONLY_UNVERIFIED_OFFICIAL_ID,距離延長,NAMED_CONDITION,PARSED,,,,,,,,,,,,UNKNOWN,,,N,N,NOT_APPLICABLE,,,,,,NOT_APPLICABLE_NO_ROI,,,,,,,UNKNOWN,,BOOK_OR_UNSPECIFIED_ROI_SOURCE,roi_presence_raw と完全に1対1でROI記入の有無の言い換え。行の出所ではない,3,,,UNVERIFIED(表示基準日がページ間で不一致: トップ2026-08-16/使い方2026-05-17),TOP10,MISSING_ROI,NOT_AVAILABLE,原表と方式を入手するまで使用しない。原行は保持
rec_aaf25b2ef2e5b3994dafc61bd4538a22f3e05889ab6033e3cd413eb9658f0a58,PRIMARY_SIRE,SireCond_連結済み_20260701.csv,388,SIRE,ブリックスアンドモルタル,,NAME_KEY_ONLY_UNVERIFIED_OFFICIAL_ID,距離延長,NAMED_CONDITION,PARSED,,,,,,,,,,,,UNKNOWN,,,N,N,NOT_APPLICABLE,,,,,,NOT_APPLICABLE_NO_ROI,,,,,,,UNKNOWN,,BOOK_OR_UNSPECIFIED_ROI_SOURCE,roi_presence_raw と完全に1対1でROI記入の有無の言い換え。行の出所ではない,4,,,UNVERIFIED(表示基準日がページ間で不一致: トップ2026-08-16/使い方2026-05-17),ワースト3,MISSING_ROI,NOT_AVAILABLE,原表と方式を入手するまで使用しない。原行は保持
rec_ded898e02c282556180f366760d9fb6d66e81a13498946de46216dae22ba8b34,PRIMARY_SIRE,SireCond_連結済み_20260701.csv,389,SIRE,エピファネイア,,NAME_KEY_ONLY_UNVERIFIED_OFFICIAL_ID,距離延長,NAMED_CONDITION,PARSED,,,,,,,,,,,,UNKNOWN,,,N,N,NOT_APPLICABLE,,,,,,NOT_APPLICABLE_NO_ROI,,,,,,,UNKNOWN,,BOOK_OR_UNSPECIFIED_ROI_SOURCE,roi_presence_raw と完全に1対1でROI記入の有無の言い換え。行の出所ではない,13,,,UNVERIFIED(表示基準日がページ間で不一致: トップ2026-08-16/使い方2026-05-17),ワースト3,MISSING_ROI,NOT_AVAILABLE,原表と方式を入手するまで使用しない。原行は保持
rec_bea9b7b9e9888417ccaccd734b06c7e081ed0682da1fb07f9a9c9000b1ca8b71,PRIMARY_SIRE,SireCond_連結済み_20260701.csv,390,SIRE,ノーブルミッション,,NAME_KEY_ONLY_UNVERIFIED_OFFICIAL_ID,距離延長,NAMED_CONDITION,PARSED,,,,,,,,,,,,UNKNOWN,,,N,N,NOT_APPLICABLE,,,,,,NOT_APPLICABLE_NO_ROI,,,,,,,UNKNOWN,,BOOK_OR_UNSPECIFIED_ROI_SOURCE,roi_presence_raw と完全に1対1でROI記入の有無の言い換え。行の出所ではない,15,,,UNVERIFIED(表示基準日がページ間で不一致: トップ2026-08-16/使い方2026-05-17),ワースト3,MISSING_ROI,NOT_AVAILABLE,原表と方式を入手するまで使用しない。原行は保持
rec_192295497994fe8e37b5070a56ef7cdb8bcdea055cd91a153cb0cab30b808409,PRIMARY_TRAINER,TrainerCond_連結済み_20260701.csv,1,TRAINER,宮地 貴稔,,NAME_KEY_ONLY_UNVERIFIED_OFFICIAL_ID,芝,NAMED_CONDITION,PARSED,https://db-keiba.com/trainer-takatoshi-miyaji/,掲載表(見出し文字列は証跡JSONに未収録),2026-09-10T10:49:09+09:00,2026-06-05T00:00:00+0900,,,,evidence/web/WEB_TRAINER.json,2330640654dd5c87d7ae7ddbc956accf753466c6e89dc7b67e2a0cb87bdc8e3e,WEB_TRAINER,WIN_ROI_PCT|PLACE_ROI_PCT|N_STARTS,UNKNOWN,サイト現行既定は「オッズ反比例の賭け金・固定払戻の意図」(WEB_DEFINITION)。CSV作成時点の方式である証明にはならない,EQUAL_STAKE|EQUAL_PAYOUT,Y,Y,YES_PUBLIC_SCOPE_UNRULED,127,,,,DIRECT_TABLE_READ(掲載値の直接転記・未照合),DIRECT_TABLE_CLAIM_UNVERIFIED,,掲載値の整数%,,芝,,,UNKNOWN,,DB_KEIBA,roi_presence_raw と完全に1対1でROI記入の有無の言い換え。行の出所ではない,14,,,UNVERIFIED(表示基準日がページ間で不一致: トップ2026-08-16/使い方2026-05-17),TOP10,,HOLD_METHOD+HOLD_ASOF+HOLD_ID,①購入方式の確定 ②集計期間の確定 ③公式IDでの名寄せ
rec_b472937211c160e3ecb462268a86af2231f260106b108bdff80b0ed7dbb4db85,PRIMARY_TRAINER,TrainerCond_連結済み_20260701.csv,2,TRAINER,千田 輝彦,,NAME_KEY_ONLY_UNVERIFIED_OFFICIAL_ID,芝,NAMED_CONDITION,PARSED,,,,,,,,,,,WIN_ROI_PCT|PLACE_ROI_PCT|N_STARTS,UNKNOWN,サイト現行既定は「オッズ反比例の賭け金・固定払戻の意図」(WEB_DEFINITION)。CSV作成時点の方式である証明にはならない,EQUAL_STAKE|EQUAL_PAYOUT,Y,Y,YES_PUBLIC_SCOPE_UNRULED,760,,,,DIRECT_TABLE_READ(掲載値の直接転記・未照合),DIRECT_TABLE_CLAIM_UNVERIFIED,,掲載値の整数%,,芝,,,UNKNOWN,,DB_KEIBA,roi_presence_raw と完全に1対1でROI記入の有無の言い換え。行の出所ではない,12,,,UNVERIFIED(表示基準日がページ間で不一致: トップ2026-08-16/使い方2026-05-17),TOP10,,HOLD_METHOD+HOLD_ASOF+HOLD_ID,①購入方式の確定 ②集計期間の確定 ③公式IDでの名寄せ
rec_59b96ff6d64f99d6ff652ea5962fa2bae3582dd129ec1156539f0c504b1f1437,PRIMARY_TRAINER,TrainerCond_連結済み_20260701.csv,3,TRAINER,清水 英克,,NAME_KEY_ONLY_UNVERIFIED_OFFICIAL_ID,芝,NAMED_CONDITION,PARSED,,,,,,,,,,,,UNKNOWN,,,N,N,NOT_APPLICABLE,,,,,,NOT_APPLICABLE_NO_ROI,,,,芝,,,UNKNOWN,,BOOK_OR_UNSPECIFIED_ROI_SOURCE,roi_presence_raw と完全に1対1でROI記入の有無の言い換え。行の出所ではない,2,,,UNVERIFIED(表示基準日がページ間で不一致: トップ2026-08-16/使い方2026-05-17),TOP10,MISSING_ROI,NOT_AVAILABLE,原表と方式を入手するまで使用しない。原行は保持
rec_e3c2f3f851551ec9e9139abfa17e45962ae67ccba32e1d3026dc352297797930,PRIMARY_TRAINER,TrainerCond_連結済み_20260701.csv,4,TRAINER,上村 洋行,,NAME_KEY_ONLY_UNVERIFIED_OFFICIAL_ID,芝,NAMED_CONDITION,PARSED,,,,,,,,,,,WIN_ROI_PCT|PLACE_ROI_PCT|N_STARTS,UNKNOWN,サイト現行既定は「オッズ反比例の賭け金・固定払戻の意図」(WEB_DEFINITION)。CSV作成時点の方式である証明にはならない,EQUAL_STAKE|EQUAL_PAYOUT,Y,Y,YES_PUBLIC_SCOPE_UNRULED,653,,,,DIRECT_TABLE_READ(掲載値の直接転記・未照合),DIRECT_TABLE_CLAIM_UNVERIFIED,,掲載値の整数%,,芝,,,UNKNOWN,,DB_KEIBA,roi_presence_raw と完全に1対1でROI記入の有無の言い換え。行の出所ではない,5,,,UNVERIFIED(表示基準日がページ間で不一致: トップ2026-08-16/使い方2026-05-17),TOP10,,HOLD_METHOD+HOLD_ASOF+HOLD_ID,①購入方式の確定 ②集計期間の確定 ③公式IDでの名寄せ
rec_82be138ac355ed6bde87e4f2cdb11367346dd079a493fdb142e0bee934ffe8dd,PRIMARY_TRAINER,TrainerCond_連結済み_20260701.csv,5,TRAINER,北出 成人,,NAME_KEY_ONLY_UNVERIFIED_OFFICIAL_ID,芝,NAMED_CONDITION,PARSED,,,,,,,,,,,WIN_ROI_PCT|PLACE_ROI_PCT|N_STARTS,UNKNOWN,サイト現行既定は「オッズ反比例の賭け金・固定払戻の意図」(WEB_DEFINITION)。CSV作成時点の方式である証明にはならない,EQUAL_STAKE|EQUAL_PAYOUT,Y,Y,YES_PUBLIC_SCOPE_UNRULED,650,,,,DIRECT_TABLE_READ(掲載値の直接転記・未照合),DIRECT_TABLE_CLAIM_UNVERIFIED,,掲載値の整数%,,芝,,,UNKNOWN,,DB_KEIBA,roi_presence_raw と完全に1対1でROI記入の有無の言い換え。行の出所ではない,5,,,UNVERIFIED(表示基準日がページ間で不一致: トップ2026-08-16/使い方2026-05-17),TOP10,,HOLD_METHOD+HOLD_ASOF+HOLD_ID,①購入方式の確定 ②集計期間の確定 ③公式IDでの名寄せ
rec_6ea02cd09f6b9b7fad18fac99de99e2a6d118c3d1e6c941b487645db8e17c43c,PRIMARY_TRAINER,TrainerCond_連結済み_20260701.csv,6,TRAINER,佐藤 悠太,,NAME_KEY_ONLY_UNVERIFIED_OFFICIAL_ID,芝,NAMED_CONDITION,PARSED,,,,,,,,,,,WIN_ROI_PCT|PLACE_ROI_PCT|N_STARTS,UNKNOWN,サイト現行既定は「オッズ反比例の賭け金・固定払戻の意図」(WEB_DEFINITION)。CSV作成時点の方式である証明にはならない,EQUAL_STAKE|EQUAL_PAYOUT,Y,Y,YES_PUBLIC_SCOPE_UNRULED,103,,,,DIRECT_TABLE_READ(掲載値の直接転記・未照合),DIRECT_TABLE_CLAIM_UNVERIFIED,,掲載値の整数%,,芝,,,UNKNOWN,,DB_KEIBA,roi_presence_raw と完全に1対1でROI記入の有無の言い換え。行の出所ではない,6,,,UNVERIFIED(表示基準日がページ間で不一致: トップ2026-08-16/使い方2026-05-17),TOP10,,HOLD_METHOD+HOLD_ASOF+HOLD_ID,①購入方式の確定 ②集計期間の確定 ③公式IDでの名寄せ
rec_7b965aa8d9541ef2c60e3a74acbe215c8dc57225a125b186ac91a29358530723,PRIMARY_TRAINER,TrainerCond_連結済み_20260701.csv,7,TRAINER,加藤 公太,,NAME_KEY_ONLY_UNVERIFIED_OFFICIAL_ID,芝,NAMED_CONDITION,PARSED,,,,,,,,,,,WIN_ROI_PCT|PLACE_ROI_PCT|N_STARTS,UNKNOWN,サイト現行既定は「オッズ反比例の賭け金・固定払戻の意図」(WEB_DEFINITION)。CSV作成時点の方式である証明にはならない,EQUAL_STAKE|EQUAL_PAYOUT,Y,Y,YES_PUBLIC_SCOPE_UNRULED,100,,,,DIRECT_TABLE_READ(掲載値の直接転記・未照合),DIRECT_TABLE_CLAIM_UNVERIFIED,,掲載値の整数%,,芝,,,UNKNOWN,,DB_KEIBA,roi_presence_raw と完全に1対1でROI記入の有無の言い換え。行の出所ではない,5,,,UNVERIFIED(表示基準日がページ間で不一致: トップ2026-08-16/使い方2026-05-17),TOP10,,HOLD_METHOD+HOLD_ASOF+HOLD_ID,①購入方式の確定 ②集計期間の確定 ③公式IDでの名寄せ
rec_98ea351bd4551e110edb6f07bc06655594a567582c9f71bdfb82ff23080be619,PRIMARY_TRAINER,TrainerCond_連結済み_20260701.csv,8,TRAINER,池上 昌和,,NAME_KEY_ONLY_UNVERIFIED_OFFICIAL_ID,芝,NAMED_CONDITION,PARSED,,,,,,,,,,,WIN_ROI_PCT|PLACE_ROI_PCT|N_STARTS,UNKNOWN,サイト現行既定は「オッズ反比例の賭け金・固定払戻の意図」(WEB_DEFINITION)。CSV作成時点の方式である証明にはならない,EQUAL_STAKE|EQUAL_PAYOUT,Y,Y,YES_PUBLIC_SCOPE_UNRULED,514,,,,DIRECT_TABLE_READ(掲載値の直接転記・未照合),DIRECT_TABLE_CLAIM_UNVERIFIED,,掲載値の整数%,,芝,,,UNKNOWN,,DB_KEIBA,roi_presence_raw と完全に1対1でROI記入の有無の言い換え。行の出所ではない,2,,,UNVERIFIED(表示基準日がページ間で不一致: トップ2026-08-16/使い方2026-05-17),TOP10,,HOLD_METHOD+HOLD_ASOF+HOLD_ID,①購入方式の確定 ②集計期間の確定 ③公式IDでの名寄せ
rec_d5d34e502fde0554ee496948164b9f3b89e42a47bfd5056e93be6f8ffd4c84de,PRIMARY_TRAINER,TrainerCond_連結済み_20260701.csv,9,TRAINER,辻 哲英,,NAME_KEY_ONLY_UNVERIFIED_OFFICIAL_ID,芝,NAMED_CONDITION,PARSED,,,,,,,,,,,WIN_ROI_PCT|PLACE_ROI_PCT|N_STARTS,UNKNOWN,サイト現行既定は「オッズ反比例の賭け金・固定払戻の意図」(WEB_DEFINITION)。CSV作成時点の方式である証明にはならない,EQUAL_STAKE|EQUAL_PAYOUT,Y,Y,YES_PUBLIC_SCOPE_UNRULED,401,,,,DIRECT_TABLE_READ(掲載値の直接転記・未照合),DIRECT_TABLE_CLAIM_UNVERIFIED,,掲載値の整数%,,芝,,,UNKNOWN,,DB_KEIBA,roi_presence_raw と完全に1対1でROI記入の有無の言い換え。行の出所ではない,7,,,UNVERIFIED(表示基準日がページ間で不一致: トップ2026-08-16/使い方2026-05-17),TOP10,,HOLD_METHOD+HOLD_ASOF+HOLD_ID,①購入方式の確定 ②集計期間の確定 ③公式IDでの名寄せ
rec_8a46b501974a8768fcc3aaf44a5e050c38549b0eea52fd8570fdb672961a58e0,PRIMARY_TRAINER,TrainerCond_連結済み_20260701.csv,10,TRAINER,長谷川 浩大,,NAME_KEY_ONLY_UNVERIFIED_OFFICIAL_ID,芝,NAMED_CONDITION,PARSED,,,,,,,,,,,WIN_ROI_PCT|PLACE_ROI_PCT|N_STARTS,UNKNOWN,サイト現行既定は「オッズ反比例の賭け金・固定払戻の意図」(WEB_DEFINITION)。CSV作成時点の方式である証明にはならない,EQUAL_STAKE|EQUAL_PAYOUT,Y,Y,YES_PUBLIC_SCOPE_UNRULED,784,,,,DIRECT_TABLE_READ(掲載値の直接転記・未照合),DIRECT_TABLE_CLAIM_UNVERIFIED,,掲載値の整数%,,芝,,,UNKNOWN,,DB_KEIBA,roi_presence_raw と完全に1対1でROI記入の有無の言い換え。行の出所ではない,3,,,UNVERIFIED(表示基準日がページ間で不一致: トップ2026-08-16/使い方2026-05-17),TOP10,,HOLD_METHOD+HOLD_ASOF+HOLD_ID,①購入方式の確定 ②集計期間の確定 ③公式IDでの名寄せ
rec_aa131462fb8bf4dd1c02fe3423ac921b3787f5f5f309054784d6bafd937e5576,PRIMARY_TRAINER,TrainerCond_連結済み_20260701.csv,11,TRAINER,的場 均,,NAME_KEY_ONLY_UNVERIFIED_OFFICIAL_ID,芝,NAMED_CONDITION,PARSED,,,,,,,,,,,,UNKNOWN,,,N,N,NOT_APPLICABLE,,,,,,NOT_APPLICABLE_NO_ROI,,,,芝,,,UNKNOWN,,BOOK_OR_UNSPECIFIED_ROI_SOURCE,roi_presence_raw と完全に1対1でROI記入の有無の言い換え。行の出所ではない,13,,,UNVERIFIED(表示基準日がページ間で不一致: トップ2026-08-16/使い方2026-05-17),ワースト3,MISSING_ROI,NOT_AVAILABLE,原表と方式を入手するまで使用しない。原行は保持
rec_da968a2198fddfcabd642215b9314796afc88d3011520b68fc84eccbe55b6235,PRIMARY_TRAINER,TrainerCond_連結済み_20260701.csv,12,TRAINER,加藤 和宏,,NAME_KEY_ONLY_UNVERIFIED_OFFICIAL_ID,芝,NAMED_CONDITION,PARSED,,,,,,,,,,,WIN_ROI_PCT|PLACE_ROI_PCT|N_STARTS,UNKNOWN,サイト現行既定は「オッズ反比例の賭け金・固定払戻の意図」(WEB_DEFINITION)。CSV作成時点の方式である証明にはならない,EQUAL_STAKE|EQUAL_PAYOUT,Y,Y,YES_PUBLIC_SCOPE_UNRULED,473,,,,DIRECT_TABLE_READ(掲載値の直接転記・未照合),DIRECT_TABLE_CLAIM_UNVERIFIED,,掲載値の整数%,,芝,,,UNKNOWN,,DB_KEIBA,roi_presence_raw と完全に1対1でROI記入の有無の言い換え。行の出所ではない,7,,,UNVERIFIED(表示基準日がページ間で不一致: トップ2026-08-16/使い方2026-05-17),ワースト3,,HOLD_METHOD+HOLD_ASOF+HOLD_ID,①購入方式の確定 ②集計期間の確定 ③公式IDでの名寄せ
rec_b30a0a6359ca2934322d398ee08ee9ad7984657d68e24b52efee7d5725006ca0,PRIMARY_TRAINER,TrainerCond_連結済み_20260701.csv,13,TRAINER,天間 昭一,,NAME_KEY_ONLY_UNVERIFIED_OFFICIAL_ID,芝,NAMED_CONDITION,PARSED,,,,,,,,,,,WIN_ROI_PCT|PLACE_ROI_PCT|N_STARTS,UNKNOWN,サイト現行既定は「オッズ反比例の賭け金・固定払戻の意図」(WEB_DEFINITION)。CSV作成時点の方式である証明にはならない,EQUAL_STAKE|EQUAL_PAYOUT,Y,Y,YES_PUBLIC_SCOPE_UNRULED,556,,,,DIRECT_TABLE_READ(掲載値の直接転記・未照合),DIRECT_TABLE_CLAIM_UNVERIFIED,,掲載値の整数%,,芝,,,UNKNOWN,,DB_KEIBA,roi_presence_raw と完全に1対1でROI記入の有無の言い換え。行の出所ではない,5,,,UNVERIFIED(表示基準日がページ間で不一致: トップ2026-08-16/使い方2026-05-17),ワースト3,,HOLD_METHOD+HOLD_ASOF+HOLD_ID,①購入方式の確定 ②集計期間の確定 ③公式IDでの名寄せ
rec_060694a092c4be39d1670b0ec3c0b13c016d925d01166be774a39ade4ca16821,PRIMARY_TRAINER,TrainerCond_連結済み_20260701.csv,14,TRAINER,河嶋 宏樹,,NAME_KEY_ONLY_UNVERIFIED_OFFICIAL_ID,ダート,NAMED_CONDITION,PARSED,,,,,,,,,,,WIN_ROI_PCT|PLACE_ROI_PCT|N_STARTS,UNKNOWN,サイト現行既定は「オッズ反比例の賭け金・固定払戻の意図」(WEB_DEFINITION)。CSV作成時点の方式である証明にはならない,EQUAL_STAKE|EQUAL_PAYOUT,Y,Y,YES_PUBLIC_SCOPE_UNRULED,264,,,,DIRECT_TABLE_READ(掲載値の直接転記・未照合),DIRECT_TABLE_CLAIM_UNVERIFIED,,掲載値の整数%,,ダート,,,UNKNOWN,,DB_KEIBA,roi_presence_raw と完全に1対1でROI記入の有無の言い換え。行の出所ではない,8,,,UNVERIFIED(表示基準日がページ間で不一致: トップ2026-08-16/使い方2026-05-17),TOP10,,HOLD_METHOD+HOLD_ASOF+HOLD_ID,①購入方式の確定 ②集計期間の確定 ③公式IDでの名寄せ
rec_3fde4239b85eb65483fe8f5399b0d786cfbe98db6de871c1ae0c8e901f48ce87,PRIMARY_TRAINER,TrainerCond_連結済み_20260701.csv,15,TRAINER,大根田 裕之,,NAME_KEY_ONLY_UNVERIFIED_OFFICIAL_ID,ダート,NAMED_CONDITION,PARSED,,,,,,,,,,,WIN_ROI_PCT|PLACE_ROI_PCT|N_STARTS,UNKNOWN,サイト現行既定は「オッズ反比例の賭け金・固定払戻の意図」(WEB_DEFINITION)。CSV作成時点の方式である証明にはならない,EQUAL_STAKE|EQUAL_PAYOUT,Y,Y,YES_PUBLIC_SCOPE_UNRULED,757,,,,DIRECT_TABLE_READ(掲載値の直接転記・未照合),DIRECT_TABLE_CLAIM_UNVERIFIED,,掲載値の整数%,,ダート,,,UNKNOWN,,DB_KEIBA,roi_presence_raw と完全に1対1でROI記入の有無の言い換え。行の出所ではない,5,,,UNVERIFIED(表示基準日がページ間で不一致: トップ2026-08-16/使い方2026-05-17),TOP10,,HOLD_METHOD+HOLD_ASOF+HOLD_ID,①購入方式の確定 ②集計期間の確定 ③公式IDでの名寄せ
rec_01e5f46d71866bb037afd598632d9d8d1267d617ddd415c8053c20a1f5ea4bc7,PRIMARY_TRAINER,TrainerCond_連結済み_20260701.csv,16,TRAINER,千田 輝彦,,NAME_KEY_ONLY_UNVERIFIED_OFFICIAL_ID,ダート,NAMED_CONDITION,PARSED,,,,,,,,,,,WIN_ROI_PCT|PLACE_ROI_PCT|N_STARTS,UNKNOWN,サイト現行既定は「オッズ反比例の賭け金・固定払戻の意図」(WEB_DEFINITION)。CSV作成時点の方式である証明にはならない,EQUAL_STAKE|EQUAL_PAYOUT,Y,Y,YES_PUBLIC_SCOPE_UNRULED,548,,,,DIRECT_TABLE_READ(掲載値の直接転記・未照合),DIRECT_TABLE_CLAIM_UNVERIFIED,,掲載値の整数%,,ダート,,,UNKNOWN,,DB_KEIBA,roi_presence_raw と完全に1対1でROI記入の有無の言い換え。行の出所ではない,12,,,UNVERIFIED(表示基準日がページ間で不一致: トップ2026-08-16/使い方2026-05-17),TOP10,,HOLD_METHOD+HOLD_ASOF+HOLD_ID,①購入方式の確定 ②集計期間の確定 ③公式IDでの名寄せ
rec_21d6941b749d122320e16d765ba0e9896f7bd9dc9a6d52612a65dcbddc7ac6c1,PRIMARY_TRAINER,TrainerCond_連結済み_20260701.csv,17,TRAINER,大橋 勇樹,,NAME_KEY_ONLY_UNVERIFIED_OFFICIAL_ID,ダート,NAMED_CONDITION,PARSED,,,,,,,,,,,WIN_ROI_PCT|PLACE_ROI_PCT|N_STARTS,UNKNOWN,サイト現行既定は「オッズ反比例の賭け金・固定払戻の意図」(WEB_DEFINITION)。CSV作成時点の方式である証明にはならない,EQUAL_STAKE|EQUAL_PAYOUT,Y,Y,YES_PUBLIC_SCOPE_UNRULED,1101,,,,DIRECT_TABLE_READ(掲載値の直接転記・未照合),DIRECT_TABLE_CLAIM_UNVERIFIED,,掲載値の整数%,,ダート,,,UNKNOWN,,DB_KEIBA,roi_presence_raw と完全に1対1でROI記入の有無の言い換え。行の出所ではない,7,,,UNVERIFIED(表示基準日がページ間で不一致: トップ2026-08-16/使い方2026-05-17),TOP10,,HOLD_METHOD+HOLD_ASOF+HOLD_ID,①購入方式の確定 ②集計期間の確定 ③公式IDでの名寄せ
rec_0085dcbd7152d793396a474c5843db90a79526bdc88955dbb36758a4f0961a8e,PRIMARY_TRAINER,TrainerCond_連結済み_20260701.csv,18,TRAINER,井上 智史,,NAME_KEY_ONLY_UNVERIFIED_OFFICIAL_ID,ダート,NAMED_CONDITION,PARSED,,,,,,,,,,,WIN_ROI_PCT|PLACE_ROI_PCT|N_STARTS,UNKNOWN,サイト現行既定は「オッズ反比例の賭け金・固定払戻の意図」(WEB_DEFINITION)。CSV作成時点の方式である証明にはならない,EQUAL_STAKE|EQUAL_PAYOUT,Y,Y,YES_PUBLIC_SCOPE_UNRULED,86,,,,DIRECT_TABLE_READ(掲載値の直接転記・未照合),DIRECT_TABLE_CLAIM_UNVERIFIED,,掲載値の整数%,,ダート,,,UNKNOWN,,DB_KEIBA,roi_presence_raw と完全に1対1でROI記入の有無の言い換え。行の出所ではない,10,,,UNVERIFIED(表示基準日がページ間で不一致: トップ2026-08-16/使い方2026-05-17),TOP10,,HOLD_METHOD+HOLD_ASOF+HOLD_ID,①購入方式の確定 ②集計期間の確定 ③公式IDでの名寄せ
rec_c7a566f15010f2ddc58aee17da844494ab482fc10d3df427ddde5187b0f55dc4,PRIMARY_TRAINER,TrainerCond_連結済み_20260701.csv,19,TRAINER,小林 真也,,NAME_KEY_ONLY_UNVERIFIED_OFFICIAL_ID,ダート,NAMED_CONDITION,PARSED,,,,,,,,,,,WIN_ROI_PCT|PLACE_ROI_PCT|N_STARTS,UNKNOWN,サイト現行既定は「オッズ反比例の賭け金・固定払戻の意図」(WEB_DEFINITION)。CSV作成時点の方式である証明にはならない,EQUAL_STAKE|EQUAL_PAYOUT,Y,Y,YES_PUBLIC_SCOPE_UNRULED,602,,,,DIRECT_TABLE_READ(掲載値の直接転記・未照合),DIRECT_TABLE_CLAIM_UNVERIFIED,,掲載値の整数%,,ダート,,,UNKNOWN,,DB_KEIBA,roi_presence_raw と完全に1対1でROI記入の有無の言い換え。行の出所ではない,6,,,UNVERIFIED(表示基準日がページ間で不一致: トップ2026-08-16/使い方2026-05-17),TOP10,,HOLD_METHOD+HOLD_ASOF+HOLD_ID,①購入方式の確定 ②集計期間の確定 ③公式IDでの名寄せ
rec_6743c5475c4544a3d78b4b5cdbea58fa33183a74ffebb9375a7d69d9334dc373,PRIMARY_TRAINER,TrainerCond_連結済み_20260701.csv,20,TRAINER,杉山 佳明,,NAME_KEY_ONLY_UNVERIFIED_OFFICIAL_ID,ダート,NAMED_CONDITION,PARSED,,,,,,,,,,,WIN_ROI_PCT|PLACE_ROI_PCT|N_STARTS,UNKNOWN,サイト現行既定は「オッズ反比例の賭け金・固定払戻の意図」(WEB_DEFINITION)。CSV作成時点の方式である証明にはならない,EQUAL_STAKE|EQUAL_PAYOUT,Y,Y,YES_PUBLIC_SCOPE_UNRULED,824,,,,DIRECT_TABLE_READ(掲載値の直接転記・未照合),DIRECT_TABLE_CLAIM_UNVERIFIED,,掲載値の整数%,,ダート,,,UNKNOWN,,DB_KEIBA,roi_presence_raw と完全に1対1でROI記入の有無の言い換え。行の出所ではない,2,,,UNVERIFIED(表示基準日がページ間で不一致: トップ2026-08-16/使い方2026-05-17),TOP10,,HOLD_METHOD+HOLD_ASOF+HOLD_ID,①購入方式の確定 ②集計期間の確定 ③公式IDでの名寄せ
rec_8dad6216df8e3ecf8b2fdea8943af684a4cec8ee9cebaa956083daa46b85f1d4,PRIMARY_TRAINER,TrainerCond_連結済み_20260701.csv,21,TRAINER,金成 貴史,,NAME_KEY_ONLY_UNVERIFIED_OFFICIAL_ID,ダート,NAMED_CONDITION,PARSED,,,,,,,,,,,WIN_ROI_PCT|PLACE_ROI_PCT|N_STARTS,UNKNOWN,サイト現行既定は「オッズ反比例の賭け金・固定払戻の意図」(WEB_DEFINITION)。CSV作成時点の方式である証明にはならない,EQUAL_STAKE|EQUAL_PAYOUT,Y,Y,YES_PUBLIC_SCOPE_UNRULED,525,,,,DIRECT_TABLE_READ(掲載値の直接転記・未照合),DIRECT_TABLE_CLAIM_UNVERIFIED,,掲載値の整数%,,ダート,,,UNKNOWN,,DB_KEIBA,roi_presence_raw と完全に1対1でROI記入の有無の言い換え。行の出所ではない,2,,,UNVERIFIED(表示基準日がページ間で不一致: トップ2026-08-16/使い方2026-05-17),TOP10,,HOLD_METHOD+HOLD_ASOF+HOLD_ID,①購入方式の確定 ②集計期間の確定 ③公式IDでの名寄せ
rec_2858c22d2b66299a676890f68e8c46baa816fef5cf52eb6510add1c1f823cc78,PRIMARY_TRAINER,TrainerCond_連結済み_20260701.csv,22,TRAINER,森 秀行,,NAME_KEY_ONLY_UNVERIFIED_OFFICIAL_ID,ダート,NAMED_CONDITION,PARSED,,,,,,,,,,,WIN_ROI_PCT|PLACE_ROI_PCT|N_STARTS,UNKNOWN,サイト現行既定は「オッズ反比例の賭け金・固定払戻の意図」(WEB_DEFINITION)。CSV作成時点の方式である証明にはならない,EQUAL_STAKE|EQUAL_PAYOUT,Y,Y,YES_PUBLIC_SCOPE_UNRULED,942,,,,DIRECT_TABLE_READ(掲載値の直接転記・未照合),DIRECT_TABLE_CLAIM_UNVERIFIED,,掲載値の整数%,,ダート,,,UNKNOWN,,DB_KEIBA,roi_presence_raw と完全に1対1でROI記入の有無の言い換え。行の出所ではない,4,,,UNVERIFIED(表示基準日がページ間で不一致: トップ2026-08-16/使い方2026-05-17),TOP10,,HOLD_METHOD+HOLD_ASOF+HOLD_ID,①購入方式の確定 ②集計期間の確定 ③公式IDでの名寄せ
rec_4e09ece55525e464fd83d9d7094ed3550c55c447e7bfdccd7b48b1ac6b7c4380,PRIMARY_TRAINER,TrainerCond_連結済み_20260701.csv,23,TRAINER,加藤 士津八,,NAME_KEY_ONLY_UNVERIFIED_OFFICIAL_ID,ダート,NAMED_CONDITION,PARSED,,,,,,,,,,,WIN_ROI_PCT|PLACE_ROI_PCT|N_STARTS,UNKNOWN,サイト現行既定は「オッズ反比例の賭け金・固定払戻の意図」(WEB_DEFINITION)。CSV作成時点の方式である証明にはならない,EQUAL_STAKE|EQUAL_PAYOUT,Y,Y,YES_PUBLIC_SCOPE_UNRULED,756,,,,DIRECT_TABLE_READ(掲載値の直接転記・未照合),DIRECT_TABLE_CLAIM_UNVERIFIED,,掲載値の整数%,,ダート,,,UNKNOWN,,DB_KEIBA,roi_presence_raw と完全に1対1でROI記入の有無の言い換え。行の出所ではない,3,,,UNVERIFIED(表示基準日がページ間で不一致: トップ2026-08-16/使い方2026-05-17),TOP10,,HOLD_METHOD+HOLD_ASOF+HOLD_ID,①購入方式の確定 ②集計期間の確定 ③公式IDでの名寄せ
rec_8709f5ee11e043bb320b129dce5900d6af6512fe2517e41338b6b7a363e0d667,PRIMARY_TRAINER,TrainerCond_連結済み_20260701.csv,24,TRAINER,的場 均,,NAME_KEY_ONLY_UNVERIFIED_OFFICIAL_ID,ダート,NAMED_CONDITION,PARSED,,,,,,,,,,,,UNKNOWN,,,N,N,NOT_APPLICABLE,,,,,,NOT_APPLICABLE_NO_ROI,,,,ダート,,,UNKNOWN,,BOOK_OR_UNSPECIFIED_ROI_SOURCE,roi_presence_raw と完全に1対1でROI記入の有無の言い換え。行の出所ではない,13,,,UNVERIFIED(表示基準日がページ間で不一致: トップ2026-08-16/使い方2026-05-17),ワースト3,MISSING_ROI,NOT_AVAILABLE,原表と方式を入手するまで使用しない。原行は保持
rec_e202edf668f39ef3729617a58807e07a577291d79339ea7d335748e49c761adf,PRIMARY_TRAINER,TrainerCond_連結済み_20260701.csv,25,TRAINER,伊藤 伸一,,NAME_KEY_ONLY_UNVERIFIED_OFFICIAL_ID,ダート,NAMED_CONDITION,PARSED,,,,,,,,,,,WIN_ROI_PCT|PLACE_ROI_PCT|N_STARTS,UNKNOWN,サイト現行既定は「オッズ反比例の賭け金・固定払戻の意図」(WEB_DEFINITION)。CSV作成時点の方式である証明にはならない,EQUAL_STAKE|EQUAL_PAYOUT,Y,Y,YES_PUBLIC_SCOPE_UNRULED,545,,,,DIRECT_TABLE_READ(掲載値の直接転記・未照合),DIRECT_TABLE_CLAIM_UNVERIFIED,,掲載値の整数%,,ダート,,,UNKNOWN,,DB_KEIBA,roi_presence_raw と完全に1対1でROI記入の有無の言い換え。行の出所ではない,6,,,UNVERIFIED(表示基準日がページ間で不一致: トップ2026-08-16/使い方2026-05-17),ワースト3,,HOLD_METHOD+HOLD_ASOF+HOLD_ID,①購入方式の確定 ②集計期間の確定 ③公式IDでの名寄せ
rec_871c2cfe90086fa34d8344e8f1c154100e410978c40f013c4865e224b06e08c5,PRIMARY_TRAINER,TrainerCond_連結済み_20260701.csv,26,TRAINER,南田 美知雄,,NAME_KEY_ONLY_UNVERIFIED_OFFICIAL_ID,ダート,NAMED_CONDITION,PARSED,,,,,,,,,,,,UNKNOWN,,,N,N,NOT_APPLICABLE,,,,,,NOT_APPLICABLE_NO_ROI,,,,ダート,,,UNKNOWN,,BOOK_OR_UNSPECIFIED_ROI_SOURCE,roi_presence_raw と完全に1対1でROI記入の有無の言い換え。行の出所ではない,4,,,UNVERIFIED(表示基準日がページ間で不一致: トップ2026-08-16/使い方2026-05-17),ワースト3,MISSING_ROI,NOT_AVAILABLE,原表と方式を入手するまで使用しない。原行は保持
rec_4025ebea21e22e6f197625789a6516cd269ae673c9654a073b752b4aa4d0bb17,PRIMARY_TRAINER,TrainerCond_連結済み_20260701.csv,27,TRAINER,松永 幹夫,,NAME_KEY_ONLY_UNVERIFIED_OFFICIAL_ID,障害,NAMED_CONDITION,PARSED,,,,,,,,,,,,UNKNOWN,,,N,N,NOT_APPLICABLE,,,,,,NOT_APPLICABLE_NO_ROI,,,,障害,,,UNKNOWN,,BOOK_OR_UNSPECIFIED_ROI_SOURCE,roi_presence_raw と完全に1対1でROI記入の有無の言い換え。行の出所ではない,1,,,UNVERIFIED(表示基準日がページ間で不一致: トップ2026-08-16/使い方2026-05-17),TOP10,MISSING_ROI,NOT_AVAILABLE,原表と方式を入手するまで使用しない。原行は保持
rec_8db3ba456f89314eb060262b986126351095d6a0b829918154f5c38c4afb625a,PRIMARY_TRAINER,TrainerCond_連結済み_20260701.csv,28,TRAINER,石栗 龍彦,,NAME_KEY_ONLY_UNVERIFIED_OFFICIAL_ID,障害,NAMED_CONDITION,PARSED,,,,,,,,,,,,UNKNOWN,,,N,N,NOT_APPLICABLE,,,,,,NOT_APPLICABLE_NO_ROI,,,,障害,,,UNKNOWN,,BOOK_OR_UNSPECIFIED_ROI_SOURCE,roi_presence_raw と完全に1対1でROI記入の有無の言い換え。行の出所ではない,4,,,UNVERIFIED(表示基準日がページ間で不一致: トップ2026-08-16/使い方2026-05-17),TOP10,MISSING_ROI,NOT_AVAILABLE,原表と方式を入手するまで使用しない。原行は保持
rec_adc96b62b62324d05084dd93cf9913e0b051df1c772eff0640e619bd41ee2471,PRIMARY_TRAINER,TrainerCond_連結済み_20260701.csv,29,TRAINER,清水 久詞,,NAME_KEY_ONLY_UNVERIFIED_OFFICIAL_ID,障害,NAMED_CONDITION,PARSED,,,,,,,,,,,,UNKNOWN,,,N,N,NOT_APPLICABLE,,,,,,NOT_APPLICABLE_NO_ROI,,,,障害,,,UNKNOWN,,BOOK_OR_UNSPECIFIED_ROI_SOURCE,roi_presence_raw と完全に1対1でROI記入の有無の言い換え。行の出所ではない,3,,,UNVERIFIED(表示基準日がページ間で不一致: トップ2026-08-16/使い方2026-05-17),TOP10,MISSING_ROI,NOT_AVAILABLE,原表と方式を入手するまで使用しない。原行は保持
rec_8fa03edf5ab91a2ca060cd45965aa238b51aefd1fa9ca713f7aac84e00212158,PRIMARY_TRAINER,TrainerCond_連結済み_20260701.csv,30,TRAINER,昆 貢,,NAME_KEY_ONLY_UNVERIFIED_OFFICIAL_ID,障害,NAMED_CONDITION,PARSED,,,,,,,,,,,,UNKNOWN,,,N,N,NOT_APPLICABLE,,,,,,NOT_APPLICABLE_NO_ROI,,,,障害,,,UNKNOWN,,BOOK_OR_UNSPECIFIED_ROI_SOURCE,roi_presence_raw と完全に1対1でROI記入の有無の言い換え。行の出所ではない,1,,,UNVERIFIED(表示基準日がページ間で不一致: トップ2026-08-16/使い方2026-05-17),TOP10,MISSING_ROI,NOT_AVAILABLE,原表と方式を入手するまで使用しない。原行は保持
rec_f3cfbcf00e59dd69f4f011b985b9bb26496b051c8a487bd9c2a26c6194ea0bda,PRIMARY_TRAINER,TrainerCond_連結済み_20260701.csv,31,TRAINER,天間 昭一,,NAME_KEY_ONLY_UNVERIFIED_OFFICIAL_ID,障害,NAMED_CONDITION,PARSED,,,,,,,,,,,,UNKNOWN,,,N,N,NOT_APPLICABLE,,,,,,NOT_APPLICABLE_NO_ROI,,,,障害,,,UNKNOWN,,BOOK_OR_UNSPECIFIED_ROI_SOURCE,roi_presence_raw と完全に1対1でROI記入の有無の言い換え。行の出所ではない,5,,,UNVERIFIED(表示基準日がページ間で不一致: トップ2026-08-16/使い方2026-05-17),TOP10,MISSING_ROI,NOT_AVAILABLE,原表と方式を入手するまで使用しない。原行は保持
rec_f1143af3504f0beda6420b4c2e3ca2dc6632f6ed57a4ae240a4902de8ae3dcce,PRIMARY_TRAINER,TrainerCond_連結済み_20260701.csv,32,TRAINER,奥村 豊,,NAME_KEY_ONLY_UNVERIFIED_OFFICIAL_ID,障害,NAMED_CONDITION,PARSED,,,,,,,,,,,,UNKNOWN,,,N,N,NOT_APPLICABLE,,,,,,NOT_APPLICABLE_NO_ROI,,,,障害,,,UNKNOWN,,BOOK_OR_UNSPECIFIED_ROI_SOURCE,roi_presence_raw と完全に1対1でROI記入の有無の言い換え。行の出所ではない,3,,,UNVERIFIED(表示基準日がページ間で不一致: トップ2026-08-16/使い方2026-05-17),TOP10,MISSING_ROI,NOT_AVAILABLE,原表と方式を入手するまで使用しない。原行は保持
rec_c148aa1d1d749396674dd6b7db2d29de9a21363a15c07ab4ac8ce543a6d5c8fa,PRIMARY_TRAINER,TrainerCond_連結済み_20260701.csv,33,TRAINER,牧田 和弥,,NAME_KEY_ONLY_UNVERIFIED_OFFICIAL_ID,障害,NAMED_CONDITION,PARSED,,,,,,,,,,,,UNKNOWN,,,N,N,NOT_APPLICABLE,,,,,,NOT_APPLICABLE_NO_ROI,,,,障害,,,UNKNOWN,,BOOK_OR_UNSPECIFIED_ROI_SOURCE,roi_presence_raw と完全に1対1でROI記入の有無の言い換え。行の出所ではない,4,,,UNVERIFIED(表示基準日がページ間で不一致: トップ2026-08-16/使い方2026-05-17),TOP10,MISSING_ROI,NOT_AVAILABLE,原表と方式を入手するまで使用しない。原行は保持
rec_bc0968e924682d7678fd1046fc5e7c82e54175e026e51f8feb8a45eed5db8a36,PRIMARY_TRAINER,TrainerCond_連結済み_20260701.csv,34,TRAINER,武 英智,,NAME_KEY_ONLY_UNVERIFIED_OFFICIAL_ID,障害,NAMED_CONDITION,PARSED,,,,,,,,,,,,UNKNOWN,,,N,N,NOT_APPLICABLE,,,,,,NOT_APPLICABLE_NO_ROI,,,,障害,,,UNKNOWN,,BOOK_OR_UNSPECIFIED_ROI_SOURCE,roi_presence_raw と完全に1対1でROI記入の有無の言い換え。行の出所ではない,6,,,UNVERIFIED(表示基準日がページ間で不一致: トップ2026-08-16/使い方2026-05-17),TOP10,MISSING_ROI,NOT_AVAILABLE,原表と方式を入手するまで使用しない。原行は保持
rec_4409f81cbcc81b08d3e6cd69b84b3dc30fd57488bc24cdc765b44ce8d31c2384,PRIMARY_TRAINER,TrainerCond_連結済み_20260701.csv,35,TRAINER,小栗 実,,NAME_KEY_ONLY_UNVERIFIED_OFFICIAL_ID,障害,NAMED_CONDITION,PARSED,,,,,,,,,,,,UNKNOWN,,,N,N,NOT_APPLICABLE,,,,,,NOT_APPLICABLE_NO_ROI,,,,障害,,,UNKNOWN,,BOOK_OR_UNSPECIFIED_ROI_SOURCE,roi_presence_raw と完全に1対1でROI記入の有無の言い換え。行の出所ではない,3,,,UNVERIFIED(表示基準日がページ間で不一致: トップ2026-08-16/使い方2026-05-17),TOP10,MISSING_ROI,NOT_AVAILABLE,原表と方式を入手するまで使用しない。原行は保持
rec_5300239e32dac684b87d61f37777ee8136edc191e9d5134e6e68bc259ca6856b,PRIMARY_TRAINER,TrainerCond_連結済み_20260701.csv,36,TRAINER,角田 晃一,,NAME_KEY_ONLY_UNVERIFIED_OFFICIAL_ID,障害,NAMED_CONDITION,PARSED,,,,,,,,,,,,UNKNOWN,,,N,N,NOT_APPLICABLE,,,,,,NOT_APPLICABLE_NO_ROI,,,,障害,,,UNKNOWN,,BOOK_OR_UNSPECIFIED_ROI_SOURCE,roi_presence_raw と完全に1対1でROI記入の有無の言い換え。行の出所ではない,6,,,UNVERIFIED(表示基準日がページ間で不一致: トップ2026-08-16/使い方2026-05-17),TOP10,MISSING_ROI,NOT_AVAILABLE,原表と方式を入手するまで使用しない。原行は保持
rec_f593af6932597751789e996f1714fa8ae35acd1370bfbc6ec6b95de78a754e26,PRIMARY_TRAINER,TrainerCond_連結済み_20260701.csv,37,TRAINER,土田 稔,,NAME_KEY_ONLY_UNVERIFIED_OFFICIAL_ID,障害,NAMED_CONDITION,PARSED,,,,,,,,,,,,UNKNOWN,,,N,N,NOT_APPLICABLE,,,,,,NOT_APPLICABLE_NO_ROI,,,,障害,,,UNKNOWN,,BOOK_OR_UNSPECIFIED_ROI_SOURCE,roi_presence_raw と完全に1対1でROI記入の有無の言い換え。行の出所ではない,6,,,UNVERIFIED(表示基準日がページ間で不一致: トップ2026-08-16/使い方2026-05-17),ワースト3,MISSING_ROI,NOT_AVAILABLE,原表と方式を入手するまで使用しない。原行は保持
rec_e7e1664c8fedeab833fe9546a8dff81cba74114de0d7c1cae432f8845547f956,PRIMARY_TRAINER,TrainerCond_連結済み_20260701.csv,38,TRAINER,栗田 徹,,NAME_KEY_ONLY_UNVERIFIED_OFFICIAL_ID,障害,NAMED_CONDITION,PARSED,,,,,,,,,,,,UNKNOWN,,,N,N,NOT_APPLICABLE,,,,,,NOT_APPLICABLE_NO_ROI,,,,障害,,,UNKNOWN,,BOOK_OR_UNSPECIFIED_ROI_SOURCE,roi_presence_raw と完全に1対1でROI記入の有無の言い換え。行の出所ではない,1,,,UNVERIFIED(表示基準日がページ間で不一致: トップ2026-08-16/使い方2026-05-17),ワースト3,MISSING_ROI,NOT_AVAILABLE,原表と方式を入手するまで使用しない。原行は保持
rec_10ec429e14ad82355835efd507fa2563e2a76605e05a63a2f74e63f839e47af1,PRIMARY_TRAINER,TrainerCond_連結済み_20260701.csv,39,TRAINER,平田 修,,NAME_KEY_ONLY_UNVERIFIED_OFFICIAL_ID,障害,NAMED_CONDITION,PARSED,,,,,,,,,,,,UNKNOWN,,,N,N,NOT_APPLICABLE,,,,,,NOT_APPLICABLE_NO_ROI,,,,障害,,,UNKNOWN,,BOOK_OR_UNSPECIFIED_ROI_SOURCE,roi_presence_raw と完全に1対1でROI記入の有無の言い換え。行の出所ではない,1,,,UNVERIFIED(表示基準日がページ間で不一致: トップ2026-08-16/使い方2026-05-17),ワースト3,MISSING_ROI,NOT_AVAILABLE,原表と方式を入手するまで使用しない。原行は保持
rec_33da4cdda58529801afaa7aca9cc75cb84f79d97caeb21905dfd93b5d43d24da,PRIMARY_TRAINER,TrainerCond_連結済み_20260701.csv,40,TRAINER,千田 輝彦,,NAME_KEY_ONLY_UNVERIFIED_OFFICIAL_ID,短距離(1600m以下),NAMED_CONDITION,PARSED,,,,,,,,,,,WIN_ROI_PCT|PLACE_ROI_PCT|N_STARTS,UNKNOWN,サイト現行既定は「オッズ反比例の賭け金・固定払戻の意図」(WEB_DEFINITION)。CSV作成時点の方式である証明にはならない,EQUAL_STAKE|EQUAL_PAYOUT,Y,Y,YES_PUBLIC_SCOPE_UNRULED,140,,,,N_WEIGHTED_MEAN_OF_PCT: sum(ROI_i*n_i)/sum(n_i) を整数丸め,UNVERIFIED_AGGREGATION,LEGACY_SIRE_TRAINER_CODE,二重丸め(掲載値が整数%＋加重平均後に再度整数丸め),,,,,UNKNOWN,,DB_KEIBA,roi_presence_raw と完全に1対1でROI記入の有無の言い換え。行の出所ではない,12,,,UNVERIFIED(表示基準日がページ間で不一致: トップ2026-08-16/使い方2026-05-17),TOP10,,HOLD_MERGE+HOLD_METHOD+HOLD_ASOF+HOLD_ID,①購入方式の確定 ②分母(賭け金総額・払戻総額)の入手 ③加重平均の再現可否検証 ④場/距離/回りの重複排除
rec_cb1d430af0b2356c9e5e127273ae1cd6f10adfc2c42ac3cf5a902f75f40451ec,PRIMARY_TRAINER,TrainerCond_連結済み_20260701.csv,41,TRAINER,森 秀行,,NAME_KEY_ONLY_UNVERIFIED_OFFICIAL_ID,短距離(1600m以下),NAMED_CONDITION,PARSED,,,,,,,,,,,WIN_ROI_PCT|PLACE_ROI_PCT|N_STARTS,UNKNOWN,サイト現行既定は「オッズ反比例の賭け金・固定払戻の意図」(WEB_DEFINITION)。CSV作成時点の方式である証明にはならない,EQUAL_STAKE|EQUAL_PAYOUT,Y,Y,YES_PUBLIC_SCOPE_UNRULED,528,,,,N_WEIGHTED_MEAN_OF_PCT: sum(ROI_i*n_i)/sum(n_i) を整数丸め,UNVERIFIED_AGGREGATION,LEGACY_SIRE_TRAINER_CODE,二重丸め(掲載値が整数%＋加重平均後に再度整数丸め),,,,,UNKNOWN,,DB_KEIBA,roi_presence_raw と完全に1対1でROI記入の有無の言い換え。行の出所ではない,4,,,UNVERIFIED(表示基準日がページ間で不一致: トップ2026-08-16/使い方2026-05-17),TOP10,,HOLD_MERGE+HOLD_METHOD+HOLD_ASOF+HOLD_ID,①購入方式の確定 ②分母(賭け金総額・払戻総額)の入手 ③加重平均の再現可否検証 ④場/距離/回りの重複排除
rec_8821377eed23bea939e3522047030380900a8158a771767b4282f5badee05331,PRIMARY_TRAINER,TrainerCond_連結済み_20260701.csv,42,TRAINER,北出 成人,,NAME_KEY_ONLY_UNVERIFIED_OFFICIAL_ID,短距離(1600m以下),NAMED_CONDITION,PARSED,,,,,,,,,,,WIN_ROI_PCT|PLACE_ROI_PCT|N_STARTS,UNKNOWN,サイト現行既定は「オッズ反比例の賭け金・固定払戻の意図」(WEB_DEFINITION)。CSV作成時点の方式である証明にはならない,EQUAL_STAKE|EQUAL_PAYOUT,Y,Y,YES_PUBLIC_SCOPE_UNRULED,214,,,,N_WEIGHTED_MEAN_OF_PCT: sum(ROI_i*n_i)/sum(n_i) を整数丸め,UNVERIFIED_AGGREGATION,LEGACY_SIRE_TRAINER_CODE,二重丸め(掲載値が整数%＋加重平均後に再度整数丸め),,,,,UNKNOWN,,DB_KEIBA,roi_presence_raw と完全に1対1でROI記入の有無の言い換え。行の出所ではない,5,,,UNVERIFIED(表示基準日がページ間で不一致: トップ2026-08-16/使い方2026-05-17),TOP10,,HOLD_MERGE+HOLD_METHOD+HOLD_ASOF+HOLD_ID,①購入方式の確定 ②分母(賭け金総額・払戻総額)の入手 ③加重平均の再現可否検証 ④場/距離/回りの重複排除
rec_1cdc1dd4c1ce1ac73b49e0183aefbf4d18a93ed7283032cd7cf681afe3ecd7dc,PRIMARY_TRAINER,TrainerCond_連結済み_20260701.csv,43,TRAINER,鈴木 慎太郎,,NAME_KEY_ONLY_UNVERIFIED_OFFICIAL_ID,短距離(1600m以下),NAMED_CONDITION,PARSED,,,,,,,,,,,,UNKNOWN,,,N,N,NOT_APPLICABLE,,,,,,NOT_APPLICABLE_NO_ROI,,,,,,,UNKNOWN,,BOOK_OR_UNSPECIFIED_ROI_SOURCE,roi_presence_raw と完全に1対1でROI記入の有無の言い換え。行の出所ではない,8,,,UNVERIFIED(表示基準日がページ間で不一致: トップ2026-08-16/使い方2026-05-17),TOP10,MISSING_ROI,NOT_AVAILABLE,原表と方式を入手するまで使用しない。原行は保持
rec_66767ce517b1de6a72b1134e4c044491207bca37bc84c8a7cae94a255636117f,PRIMARY_TRAINER,TrainerCond_連結済み_20260701.csv,44,TRAINER,千葉 直人,,NAME_KEY_ONLY_UNVERIFIED_OFFICIAL_ID,短距離(1600m以下),NAMED_CONDITION,PARSED,,,,,,,,,,,,UNKNOWN,,,N,N,NOT_APPLICABLE,,,,,,NOT_APPLICABLE_NO_ROI,,,,,,,UNKNOWN,,BOOK_OR_UNSPECIFIED_ROI_SOURCE,roi_presence_raw と完全に1対1でROI記入の有無の言い換え。行の出所ではない,10,,,UNVERIFIED(表示基準日がページ間で不一致: トップ2026-08-16/使い方2026-05-17),TOP10,MISSING_ROI,NOT_AVAILABLE,原表と方式を入手するまで使用しない。原行は保持
rec_c91639fb1d4b15ee054fe22c22a5ee902cda9643bb4e43e7fe14fec25ddf3c4c,PRIMARY_TRAINER,TrainerCond_連結済み_20260701.csv,45,TRAINER,藤野 健太,,NAME_KEY_ONLY_UNVERIFIED_OFFICIAL_ID,短距離(1600m以下),NAMED_CONDITION,PARSED,,,,,,,,,,,,UNKNOWN,,,N,N,NOT_APPLICABLE,,,,,,NOT_APPLICABLE_NO_ROI,,,,,,,UNKNOWN,,BOOK_OR_UNSPECIFIED_ROI_SOURCE,roi_presence_raw と完全に1対1でROI記入の有無の言い換え。行の出所ではない,7,,,UNVERIFIED(表示基準日がページ間で不一致: トップ2026-08-16/使い方2026-05-17),TOP10,MISSING_ROI,NOT_AVAILABLE,原表と方式を入手するまで使用しない。原行は保持
rec_74e20fd1ad4cb5f53cb7ce3f6356a3a4cbbd374cf5a0480b43d9e6d6081e9ea7,PRIMARY_TRAINER,TrainerCond_連結済み_20260701.csv,46,TRAINER,竹内 正洋,,NAME_KEY_ONLY_UNVERIFIED_OFFICIAL_ID,短距離(1600m以下),NAMED_CONDITION,PARSED,,,,,,,,,,,WIN_ROI_PCT|PLACE_ROI_PCT|N_STARTS,UNKNOWN,サイト現行既定は「オッズ反比例の賭け金・固定払戻の意図」(WEB_DEFINITION)。CSV作成時点の方式である証明にはならない,EQUAL_STAKE|EQUAL_PAYOUT,Y,Y,YES_PUBLIC_SCOPE_UNRULED,28,,,,N_WEIGHTED_MEAN_OF_PCT: sum(ROI_i*n_i)/sum(n_i) を整数丸め,UNVERIFIED_AGGREGATION,LEGACY_SIRE_TRAINER_CODE,二重丸め(掲載値が整数%＋加重平均後に再度整数丸め),,,,,UNKNOWN,,DB_KEIBA,roi_presence_raw と完全に1対1でROI記入の有無の言い換え。行の出所ではない,5,,,UNVERIFIED(表示基準日がページ間で不一致: トップ2026-08-16/使い方2026-05-17),TOP10,,HOLD_MERGE+HOLD_METHOD+HOLD_ASOF+HOLD_ID,①購入方式の確定 ②分母(賭け金総額・払戻総額)の入手 ③加重平均の再現可否検証 ④場/距離/回りの重複排除
rec_039c87972ca44dab55b2f36a214588d04ba7dc863d2a1acc6741f817da77f764,PRIMARY_TRAINER,TrainerCond_連結済み_20260701.csv,47,TRAINER,長谷川 浩大,,NAME_KEY_ONLY_UNVERIFIED_OFFICIAL_ID,短距離(1600m以下),NAMED_CONDITION,PARSED,,,,,,,,,,,WIN_ROI_PCT|PLACE_ROI_PCT|N_STARTS,UNKNOWN,サイト現行既定は「オッズ反比例の賭け金・固定払戻の意図」(WEB_DEFINITION)。CSV作成時点の方式である証明にはならない,EQUAL_STAKE|EQUAL_PAYOUT,Y,Y,YES_PUBLIC_SCOPE_UNRULED,220,,,,N_WEIGHTED_MEAN_OF_PCT: sum(ROI_i*n_i)/sum(n_i) を整数丸め,UNVERIFIED_AGGREGATION,LEGACY_SIRE_TRAINER_CODE,二重丸め(掲載値が整数%＋加重平均後に再度整数丸め),,,,,UNKNOWN,,DB_KEIBA,roi_presence_raw と完全に1対1でROI記入の有無の言い換え。行の出所ではない,3,,,UNVERIFIED(表示基準日がページ間で不一致: トップ2026-08-16/使い方2026-05-17),TOP10,,HOLD_MERGE+HOLD_METHOD+HOLD_ASOF+HOLD_ID,①購入方式の確定 ②分母(賭け金総額・払戻総額)の入手 ③加重平均の再現可否検証 ④場/距離/回りの重複排除
rec_b478b2f354e339195ef3a63adfeba486fa07cbfd9d2afe66ed69702b2458b298,PRIMARY_TRAINER,TrainerCond_連結済み_20260701.csv,48,TRAINER,高木 登,,NAME_KEY_ONLY_UNVERIFIED_OFFICIAL_ID,短距離(1600m以下),NAMED_CONDITION,PARSED,,,,,,,,,,,WIN_ROI_PCT|PLACE_ROI_PCT|N_STARTS,UNKNOWN,サイト現行既定は「オッズ反比例の賭け金・固定払戻の意図」(WEB_DEFINITION)。CSV作成時点の方式である証明にはならない,EQUAL_STAKE|EQUAL_PAYOUT,Y,Y,YES_PUBLIC_SCOPE_UNRULED,142,,,,N_WEIGHTED_MEAN_OF_PCT: sum(ROI_i*n_i)/sum(n_i) を整数丸め,UNVERIFIED_AGGREGATION,LEGACY_SIRE_TRAINER_CODE,二重丸め(掲載値が整数%＋加重平均後に再度整数丸め),,,,,UNKNOWN,,DB_KEIBA,roi_presence_raw と完全に1対1でROI記入の有無の言い換え。行の出所ではない,5,,,UNVERIFIED(表示基準日がページ間で不一致: トップ2026-08-16/使い方2026-05-17),TOP10,,HOLD_MERGE+HOLD_METHOD+HOLD_ASOF+HOLD_ID,①購入方式の確定 ②分母(賭け金総額・払戻総額)の入手 ③加重平均の再現可否検証 ④場/距離/回りの重複排除
rec_7577e014f4e9ef9dcfc85a5f398c93927c4cb54de6ac0c162868bc7525457b05,PRIMARY_TRAINER,TrainerCond_連結済み_20260701.csv,49,TRAINER,宮地 貴稔,,NAME_KEY_ONLY_UNVERIFIED_OFFICIAL_ID,短距離(1600m以下),NAMED_CONDITION,PARSED,,,,,,,,,,,,UNKNOWN,,,N,N,NOT_APPLICABLE,,,,,,NOT_APPLICABLE_NO_ROI,,,,,,,UNKNOWN,,BOOK_OR_UNSPECIFIED_ROI_SOURCE,roi_presence_raw と完全に1対1でROI記入の有無の言い換え。行の出所ではない,14,,,UNVERIFIED(表示基準日がページ間で不一致: トップ2026-08-16/使い方2026-05-17),TOP10,MISSING_ROI,NOT_AVAILABLE,原表と方式を入手するまで使用しない。原行は保持
rec_1a741a8bf89efe2345cf44358a84c6f262ca0ddce884710b9886a7882f6a3839,PRIMARY_TRAINER,TrainerCond_連結済み_20260701.csv,50,TRAINER,的場 均,,NAME_KEY_ONLY_UNVERIFIED_OFFICIAL_ID,短距離(1600m以下),NAMED_CONDITION,PARSED,,,,,,,,,,,,UNKNOWN,,,N,N,NOT_APPLICABLE,,,,,,NOT_APPLICABLE_NO_ROI,,,,,,,UNKNOWN,,BOOK_OR_UNSPECIFIED_ROI_SOURCE,roi_presence_raw と完全に1対1でROI記入の有無の言い換え。行の出所ではない,13,,,UNVERIFIED(表示基準日がページ間で不一致: トップ2026-08-16/使い方2026-05-17),ワースト3,MISSING_ROI,NOT_AVAILABLE,原表と方式を入手するまで使用しない。原行は保持
rec_f3241e274ad498326732a105a04c2b6c765e867a8a39ae29912cb08e589c9642,PRIMARY_TRAINER,TrainerCond_連結済み_20260701.csv,51,TRAINER,伊藤 伸一,,NAME_KEY_ONLY_UNVERIFIED_OFFICIAL_ID,短距離(1600m以下),NAMED_CONDITION,PARSED,,,,,,,,,,,,UNKNOWN,,,N,N,NOT_APPLICABLE,,,,,,NOT_APPLICABLE_NO_ROI,,,,,,,UNKNOWN,,BOOK_OR_UNSPECIFIED_ROI_SOURCE,roi_presence_raw と完全に1対1でROI記入の有無の言い換え。行の出所ではない,6,,,UNVERIFIED(表示基準日がページ間で不一致: トップ2026-08-16/使い方2026-05-17),ワースト3,MISSING_ROI,NOT_AVAILABLE,原表と方式を入手するまで使用しない。原行は保持
rec_621a5b01434191cb136bd7ec3ff778bb692c1e5d2257bd7c60356f8f13349613,PRIMARY_TRAINER,TrainerCond_連結済み_20260701.csv,52,TRAINER,尾関 知人,,NAME_KEY_ONLY_UNVERIFIED_OFFICIAL_ID,短距離(1600m以下),NAMED_CONDITION,PARSED,,,,,,,,,,,WIN_ROI_PCT|PLACE_ROI_PCT|N_STARTS,UNKNOWN,サイト現行既定は「オッズ反比例の賭け金・固定払戻の意図」(WEB_DEFINITION)。CSV作成時点の方式である証明にはならない,EQUAL_STAKE|EQUAL_PAYOUT,Y,Y,YES_PUBLIC_SCOPE_UNRULED,56,,,,N_WEIGHTED_MEAN_OF_PCT: sum(ROI_i*n_i)/sum(n_i) を整数丸め,UNVERIFIED_AGGREGATION,LEGACY_SIRE_TRAINER_CODE,二重丸め(掲載値が整数%＋加重平均後に再度整数丸め),,,,,UNKNOWN,,DB_KEIBA,roi_presence_raw と完全に1対1でROI記入の有無の言い換え。行の出所ではない,1,,,UNVERIFIED(表示基準日がページ間で不一致: トップ2026-08-16/使い方2026-05-17),ワースト3,,HOLD_MERGE+HOLD_METHOD+HOLD_ASOF+HOLD_ID,①購入方式の確定 ②分母(賭け金総額・払戻総額)の入手 ③加重平均の再現可否検証 ④場/距離/回りの重複排除
rec_4889e26873912bd6a0de612506597e0f71178217d89a57a15ebb3527c59e83bf,PRIMARY_TRAINER,TrainerCond_連結済み_20260701.csv,53,TRAINER,井上 智史,,NAME_KEY_ONLY_UNVERIFIED_OFFICIAL_ID,中距離(1700〜2200m),NAMED_CONDITION,PARSED,,,,,,,,,,,,UNKNOWN,,,N,N,NOT_APPLICABLE,,,,,,NOT_APPLICABLE_NO_ROI,,,,,,,UNKNOWN,,BOOK_OR_UNSPECIFIED_ROI_SOURCE,roi_presence_raw と完全に1対1でROI記入の有無の言い換え。行の出所ではない,10,,,UNVERIFIED(表示基準日がページ間で不一致: トップ2026-08-16/使い方2026-05-17),TOP10,MISSING_ROI,NOT_AVAILABLE,原表と方式を入手するまで使用しない。原行は保持
rec_c68a7a06c01e5f33ae62f4f3ba1c396fdd2c7379a22d4f3c476de0d4130fe5ee,PRIMARY_TRAINER,TrainerCond_連結済み_20260701.csv,54,TRAINER,宮地 貴稔,,NAME_KEY_ONLY_UNVERIFIED_OFFICIAL_ID,中距離(1700〜2200m),NAMED_CONDITION,PARSED,,,,,,,,,,,,UNKNOWN,,,N,N,NOT_APPLICABLE,,,,,,NOT_APPLICABLE_NO_ROI,,,,,,,UNKNOWN,,BOOK_OR_UNSPECIFIED_ROI_SOURCE,roi_presence_raw と完全に1対1でROI記入の有無の言い換え。行の出所ではない,14,,,UNVERIFIED(表示基準日がページ間で不一致: トップ2026-08-16/使い方2026-05-17),TOP10,MISSING_ROI,NOT_AVAILABLE,原表と方式を入手するまで使用しない。原行は保持
rec_c08995f9c939581d1cca873e303a100cf7a903d4ce10bfa17d73a8ec79282bdf,PRIMARY_TRAINER,TrainerCond_連結済み_20260701.csv,55,TRAINER,辻 哲英,,NAME_KEY_ONLY_UNVERIFIED_OFFICIAL_ID,中距離(1700〜2200m),NAMED_CONDITION,PARSED,,,,,,,,,,,WIN_ROI_PCT|PLACE_ROI_PCT|N_STARTS,UNKNOWN,サイト現行既定は「オッズ反比例の賭け金・固定払戻の意図」(WEB_DEFINITION)。CSV作成時点の方式である証明にはならない,EQUAL_STAKE|EQUAL_PAYOUT,Y,Y,YES_PUBLIC_SCOPE_UNRULED,207,,,,N_WEIGHTED_MEAN_OF_PCT: sum(ROI_i*n_i)/sum(n_i) を整数丸め,UNVERIFIED_AGGREGATION,LEGACY_SIRE_TRAINER_CODE,二重丸め(掲載値が整数%＋加重平均後に再度整数丸め),,,,,UNKNOWN,,DB_KEIBA,roi_presence_raw と完全に1対1でROI記入の有無の言い換え。行の出所ではない,7,,,UNVERIFIED(表示基準日がページ間で不一致: トップ2026-08-16/使い方2026-05-17),TOP10,,HOLD_MERGE+HOLD_METHOD+HOLD_ASOF+HOLD_ID,①購入方式の確定 ②分母(賭け金総額・払戻総額)の入手 ③加重平均の再現可否検証 ④場/距離/回りの重複排除
rec_5516bb5ce916fa49e723cd436fa64ad3765e58acf5ced4b736d8fe7d221e3b11,PRIMARY_TRAINER,TrainerCond_連結済み_20260701.csv,56,TRAINER,杉山 佳明,,NAME_KEY_ONLY_UNVERIFIED_OFFICIAL_ID,中距離(1700〜2200m),NAMED_CONDITION,PARSED,,,,,,,,,,,WIN_ROI_PCT|PLACE_ROI_PCT|N_STARTS,UNKNOWN,サイト現行既定は「オッズ反比例の賭け金・固定払戻の意図」(WEB_DEFINITION)。CSV作成時点の方式である証明にはならない,EQUAL_STAKE|EQUAL_PAYOUT,Y,Y,YES_PUBLIC_SCOPE_UNRULED,11,,,,N_WEIGHTED_MEAN_OF_PCT: sum(ROI_i*n_i)/sum(n_i) を整数丸め,UNVERIFIED_AGGREGATION,LEGACY_SIRE_TRAINER_CODE,二重丸め(掲載値が整数%＋加重平均後に再度整数丸め),,,,,UNKNOWN,,DB_KEIBA,roi_presence_raw と完全に1対1でROI記入の有無の言い換え。行の出所ではない,2,,,UNVERIFIED(表示基準日がページ間で不一致: トップ2026-08-16/使い方2026-05-17),TOP10,,HOLD_MERGE+HOLD_METHOD+HOLD_ASOF+HOLD_ID,①購入方式の確定 ②分母(賭け金総額・払戻総額)の入手 ③加重平均の再現可否検証 ④場/距離/回りの重複排除
rec_334c5b86129941c4eae4a614baf110e2a408bc6c38e661b779b57cdc5dfbed96,PRIMARY_TRAINER,TrainerCond_連結済み_20260701.csv,57,TRAINER,前川 恭子,,NAME_KEY_ONLY_UNVERIFIED_OFFICIAL_ID,中距離(1700〜2200m),NAMED_CONDITION,PARSED,,,,,,,,,,,,UNKNOWN,,,N,N,NOT_APPLICABLE,,,,,,NOT_APPLICABLE_NO_ROI,,,,,,,UNKNOWN,,BOOK_OR_UNSPECIFIED_ROI_SOURCE,roi_presence_raw と完全に1対1でROI記入の有無の言い換え。行の出所ではない,9,,,UNVERIFIED(表示基準日がページ間で不一致: トップ2026-08-16/使い方2026-05-17),TOP10,MISSING_ROI,NOT_AVAILABLE,原表と方式を入手するまで使用しない。原行は保持
rec_fc23047d184484eb4ec4767a8f9d5190412e2ba47457cfa525548130aa2fc168,PRIMARY_TRAINER,TrainerCond_連結済み_20260701.csv,58,TRAINER,上村 洋行,,NAME_KEY_ONLY_UNVERIFIED_OFFICIAL_ID,中距離(1700〜2200m),NAMED_CONDITION,PARSED,,,,,,,,,,,WIN_ROI_PCT|PLACE_ROI_PCT|N_STARTS,UNKNOWN,サイト現行既定は「オッズ反比例の賭け金・固定払戻の意図」(WEB_DEFINITION)。CSV作成時点の方式である証明にはならない,EQUAL_STAKE|EQUAL_PAYOUT,Y,Y,YES_PUBLIC_SCOPE_UNRULED,296,,,,N_WEIGHTED_MEAN_OF_PCT: sum(ROI_i*n_i)/sum(n_i) を整数丸め,UNVERIFIED_AGGREGATION,LEGACY_SIRE_TRAINER_CODE,二重丸め(掲載値が整数%＋加重平均後に再度整数丸め),,,,,UNKNOWN,,DB_KEIBA,roi_presence_raw と完全に1対1でROI記入の有無の言い換え。行の出所ではない,5,,,UNVERIFIED(表示基準日がページ間で不一致: トップ2026-08-16/使い方2026-05-17),TOP10,,HOLD_MERGE+HOLD_METHOD+HOLD_ASOF+HOLD_ID,①購入方式の確定 ②分母(賭け金総額・払戻総額)の入手 ③加重平均の再現可否検証 ④場/距離/回りの重複排除
rec_f1f9fee959961013c6728b7be7fbf76900c4b417e952b74d558b3c2486e651c2,PRIMARY_TRAINER,TrainerCond_連結済み_20260701.csv,59,TRAINER,辻野 泰之,,NAME_KEY_ONLY_UNVERIFIED_OFFICIAL_ID,中距離(1700〜2200m),NAMED_CONDITION,PARSED,,,,,,,,,,,WIN_ROI_PCT|PLACE_ROI_PCT|N_STARTS,UNKNOWN,サイト現行既定は「オッズ反比例の賭け金・固定払戻の意図」(WEB_DEFINITION)。CSV作成時点の方式である証明にはならない,EQUAL_STAKE|EQUAL_PAYOUT,Y,Y,YES_PUBLIC_SCOPE_UNRULED,39,,,,N_WEIGHTED_MEAN_OF_PCT: sum(ROI_i*n_i)/sum(n_i) を整数丸め,UNVERIFIED_AGGREGATION,LEGACY_SIRE_TRAINER_CODE,二重丸め(掲載値が整数%＋加重平均後に再度整数丸め),,,,,UNKNOWN,,DB_KEIBA,roi_presence_raw と完全に1対1でROI記入の有無の言い換え。行の出所ではない,4,,,UNVERIFIED(表示基準日がページ間で不一致: トップ2026-08-16/使い方2026-05-17),TOP10,,HOLD_MERGE+HOLD_METHOD+HOLD_ASOF+HOLD_ID,①購入方式の確定 ②分母(賭け金総額・払戻総額)の入手 ③加重平均の再現可否検証 ④場/距離/回りの重複排除
rec_674076db818cec6f8253ede300747e4365dc310caf2214e4f49f3fc0e9cd398d,PRIMARY_TRAINER,TrainerCond_連結済み_20260701.csv,60,TRAINER,武 幸四郎,,NAME_KEY_ONLY_UNVERIFIED_OFFICIAL_ID,中距離(1700〜2200m),NAMED_CONDITION,PARSED,,,,,,,,,,,WIN_ROI_PCT|PLACE_ROI_PCT|N_STARTS,UNKNOWN,サイト現行既定は「オッズ反比例の賭け金・固定払戻の意図」(WEB_DEFINITION)。CSV作成時点の方式である証明にはならない,EQUAL_STAKE|EQUAL_PAYOUT,Y,Y,YES_PUBLIC_SCOPE_UNRULED,74,,,,N_WEIGHTED_MEAN_OF_PCT: sum(ROI_i*n_i)/sum(n_i) を整数丸め,UNVERIFIED_AGGREGATION,LEGACY_SIRE_TRAINER_CODE,二重丸め(掲載値が整数%＋加重平均後に再度整数丸め),,,,,UNKNOWN,,DB_KEIBA,roi_presence_raw と完全に1対1でROI記入の有無の言い換え。行の出所ではない,2,,,UNVERIFIED(表示基準日がページ間で不一致: トップ2026-08-16/使い方2026-05-17),TOP10,,HOLD_MERGE+HOLD_METHOD+HOLD_ASOF+HOLD_ID,①購入方式の確定 ②分母(賭け金総額・払戻総額)の入手 ③加重平均の再現可否検証 ④場/距離/回りの重複排除
rec_8166dee91ec9396d6be5a2c6e20912819c7d3f732e20c5a98c00453c498c1395,PRIMARY_TRAINER,TrainerCond_連結済み_20260701.csv,61,TRAINER,大橋 勇樹,,NAME_KEY_ONLY_UNVERIFIED_OFFICIAL_ID,中距離(1700〜2200m),NAMED_CONDITION,PARSED,,,,,,,,,,,WIN_ROI_PCT|PLACE_ROI_PCT|N_STARTS,UNKNOWN,サイト現行既定は「オッズ反比例の賭け金・固定払戻の意図」(WEB_DEFINITION)。CSV作成時点の方式である証明にはならない,EQUAL_STAKE|EQUAL_PAYOUT,Y,Y,YES_PUBLIC_SCOPE_UNRULED,360,,,,N_WEIGHTED_MEAN_OF_PCT: sum(ROI_i*n_i)/sum(n_i) を整数丸め,UNVERIFIED_AGGREGATION,LEGACY_SIRE_TRAINER_CODE,二重丸め(掲載値が整数%＋加重平均後に再度整数丸め),,,,,UNKNOWN,,DB_KEIBA,roi_presence_raw と完全に1対1でROI記入の有無の言い換え。行の出所ではない,7,,,UNVERIFIED(表示基準日がページ間で不一致: トップ2026-08-16/使い方2026-05-17),TOP10,,HOLD_MERGE+HOLD_METHOD+HOLD_ASOF+HOLD_ID,①購入方式の確定 ②分母(賭け金総額・払戻総額)の入手 ③加重平均の再現可否検証 ④場/距離/回りの重複排除
rec_73a83b4b4150a9aba7e5288dbbacf79986e5b824bc0632f7d462de442c00858d,PRIMARY_TRAINER,TrainerCond_連結済み_20260701.csv,62,TRAINER,大根田 裕之,,NAME_KEY_ONLY_UNVERIFIED_OFFICIAL_ID,中距離(1700〜2200m),NAMED_CONDITION,PARSED,,,,,,,,,,,WIN_ROI_PCT|PLACE_ROI_PCT|N_STARTS,UNKNOWN,サイト現行既定は「オッズ反比例の賭け金・固定払戻の意図」(WEB_DEFINITION)。CSV作成時点の方式である証明にはならない,EQUAL_STAKE|EQUAL_PAYOUT,Y,Y,YES_PUBLIC_SCOPE_UNRULED,72,,,,N_WEIGHTED_MEAN_OF_PCT: sum(ROI_i*n_i)/sum(n_i) を整数丸め,UNVERIFIED_AGGREGATION,LEGACY_SIRE_TRAINER_CODE,二重丸め(掲載値が整数%＋加重平均後に再度整数丸め),,,,,UNKNOWN,,DB_KEIBA,roi_presence_raw と完全に1対1でROI記入の有無の言い換え。行の出所ではない,5,,,UNVERIFIED(表示基準日がページ間で不一致: トップ2026-08-16/使い方2026-05-17),TOP10,,HOLD_MERGE+HOLD_METHOD+HOLD_ASOF+HOLD_ID,①購入方式の確定 ②分母(賭け金総額・払戻総額)の入手 ③加重平均の再現可否検証 ④場/距離/回りの重複排除
rec_98ba77cc2d355cb5cf68da408e5f5b53805fc79eac6b74cfb4304c44e1e19406,PRIMARY_TRAINER,TrainerCond_連結済み_20260701.csv,63,TRAINER,加藤 和宏,,NAME_KEY_ONLY_UNVERIFIED_OFFICIAL_ID,中距離(1700〜2200m),NAMED_CONDITION,PARSED,,,,,,,,,,,,UNKNOWN,,,N,N,NOT_APPLICABLE,,,,,,NOT_APPLICABLE_NO_ROI,,,,,,,UNKNOWN,,BOOK_OR_UNSPECIFIED_ROI_SOURCE,roi_presence_raw と完全に1対1でROI記入の有無の言い換え。行の出所ではない,7,,,UNVERIFIED(表示基準日がページ間で不一致: トップ2026-08-16/使い方2026-05-17),ワースト3,MISSING_ROI,NOT_AVAILABLE,原表と方式を入手するまで使用しない。原行は保持
rec_fee4b63181ce543cf72c7a6f3f85588f77c7922451f38810353b43f53779e67d,PRIMARY_TRAINER,TrainerCond_連結済み_20260701.csv,64,TRAINER,小椋 研介,,NAME_KEY_ONLY_UNVERIFIED_OFFICIAL_ID,中距離(1700〜2200m),NAMED_CONDITION,PARSED,,,,,,,,,,,,UNKNOWN,,,N,N,NOT_APPLICABLE,,,,,,NOT_APPLICABLE_NO_ROI,,,,,,,UNKNOWN,,BOOK_OR_UNSPECIFIED_ROI_SOURCE,roi_presence_raw と完全に1対1でROI記入の有無の言い換え。行の出所ではない,3,,,UNVERIFIED(表示基準日がページ間で不一致: トップ2026-08-16/使い方2026-05-17),ワースト3,MISSING_ROI,NOT_AVAILABLE,原表と方式を入手するまで使用しない。原行は保持
rec_ae8d796086b8a54b8543acfa5ca852777d71282096d166770d5e1c6c5f45e0cd,PRIMARY_TRAINER,TrainerCond_連結済み_20260701.csv,65,TRAINER,高橋 文雅,,NAME_KEY_ONLY_UNVERIFIED_OFFICIAL_ID,中距離(1700〜2200m),NAMED_CONDITION,PARSED,,,,,,,,,,,WIN_ROI_PCT|PLACE_ROI_PCT|N_STARTS,UNKNOWN,サイト現行既定は「オッズ反比例の賭け金・固定払戻の意図」(WEB_DEFINITION)。CSV作成時点の方式である証明にはならない,EQUAL_STAKE|EQUAL_PAYOUT,Y,Y,YES_PUBLIC_SCOPE_UNRULED,8,,,,N_WEIGHTED_MEAN_OF_PCT: sum(ROI_i*n_i)/sum(n_i) を整数丸め,UNVERIFIED_AGGREGATION,LEGACY_SIRE_TRAINER_CODE,二重丸め(掲載値が整数%＋加重平均後に再度整数丸め),,,,,UNKNOWN,,DB_KEIBA,roi_presence_raw と完全に1対1でROI記入の有無の言い換え。行の出所ではない,1,,,UNVERIFIED(表示基準日がページ間で不一致: トップ2026-08-16/使い方2026-05-17),ワースト3,,HOLD_MERGE+HOLD_METHOD+HOLD_ASOF+HOLD_ID,①購入方式の確定 ②分母(賭け金総額・払戻総額)の入手 ③加重平均の再現可否検証 ④場/距離/回りの重複排除
rec_dc09dda85fad515d8c0e668a1ac9392b379275c4cc99b3aa133dc74fa96bcca1,PRIMARY_TRAINER,TrainerCond_連結済み_20260701.csv,66,TRAINER,羽月 友彦,,NAME_KEY_ONLY_UNVERIFIED_OFFICIAL_ID,長距離(2300m以上),NAMED_CONDITION,PARSED,,,,,,,,,,,WIN_ROI_PCT|PLACE_ROI_PCT|N_STARTS,UNKNOWN,サイト現行既定は「オッズ反比例の賭け金・固定払戻の意図」(WEB_DEFINITION)。CSV作成時点の方式である証明にはならない,EQUAL_STAKE|EQUAL_PAYOUT,Y,Y,YES_PUBLIC_SCOPE_UNRULED,4,,,,N_WEIGHTED_MEAN_OF_PCT: sum(ROI_i*n_i)/sum(n_i) を整数丸め,UNVERIFIED_AGGREGATION,LEGACY_SIRE_TRAINER_CODE,二重丸め(掲載値が整数%＋加重平均後に再度整数丸め),,,,,UNKNOWN,,DB_KEIBA,roi_presence_raw と完全に1対1でROI記入の有無の言い換え。行の出所ではない,1,,,UNVERIFIED(表示基準日がページ間で不一致: トップ2026-08-16/使い方2026-05-17),TOP10,,HOLD_MERGE+HOLD_METHOD+HOLD_ASOF+HOLD_ID,①購入方式の確定 ②分母(賭け金総額・払戻総額)の入手 ③加重平均の再現可否検証 ④場/距離/回りの重複排除
rec_a09ed5a0b01b9c85fffde5da3eb3829bb4247d73d0846878de1481fb226ca26d,PRIMARY_TRAINER,TrainerCond_連結済み_20260701.csv,67,TRAINER,青木 孝文,,NAME_KEY_ONLY_UNVERIFIED_OFFICIAL_ID,長距離(2300m以上),NAMED_CONDITION,PARSED,,,,,,,,,,,WIN_ROI_PCT|PLACE_ROI_PCT|N_STARTS,UNKNOWN,サイト現行既定は「オッズ反比例の賭け金・固定払戻の意図」(WEB_DEFINITION)。CSV作成時点の方式である証明にはならない,EQUAL_STAKE|EQUAL_PAYOUT,Y,Y,YES_PUBLIC_SCOPE_UNRULED,34,,,,N_WEIGHTED_MEAN_OF_PCT: sum(ROI_i*n_i)/sum(n_i) を整数丸め,UNVERIFIED_AGGREGATION,LEGACY_SIRE_TRAINER_CODE,二重丸め(掲載値が整数%＋加重平均後に再度整数丸め),,,,,UNKNOWN,,DB_KEIBA,roi_presence_raw と完全に1対1でROI記入の有無の言い換え。行の出所ではない,4,,,UNVERIFIED(表示基準日がページ間で不一致: トップ2026-08-16/使い方2026-05-17),TOP10,,HOLD_MERGE+HOLD_METHOD+HOLD_ASOF+HOLD_ID,①購入方式の確定 ②分母(賭け金総額・払戻総額)の入手 ③加重平均の再現可否検証 ④場/距離/回りの重複排除
rec_c9e2d6acc36dbb1d41a661157bebd9958a72a25ab82fd473cb7c24a03c87ce34,PRIMARY_TRAINER,TrainerCond_連結済み_20260701.csv,68,TRAINER,石栗 龍彦,,NAME_KEY_ONLY_UNVERIFIED_OFFICIAL_ID,長距離(2300m以上),NAMED_CONDITION,PARSED,,,,,,,,,,,,UNKNOWN,,,N,N,NOT_APPLICABLE,,,,,,NOT_APPLICABLE_NO_ROI,,,,,,,UNKNOWN,,BOOK_OR_UNSPECIFIED_ROI_SOURCE,roi_presence_raw と完全に1対1でROI記入の有無の言い換え。行の出所ではない,4,,,UNVERIFIED(表示基準日がページ間で不一致: トップ2026-08-16/使い方2026-05-17),TOP10,MISSING_ROI,NOT_AVAILABLE,原表と方式を入手するまで使用しない。原行は保持
rec_3435d6bd4929f21af40b087383b5176ef1d1db81a93c055bdf66e6b58992dbfa,PRIMARY_TRAINER,TrainerCond_連結済み_20260701.csv,69,TRAINER,清水 久詞,,NAME_KEY_ONLY_UNVERIFIED_OFFICIAL_ID,長距離(2300m以上),NAMED_CONDITION,PARSED,,,,,,,,,,,WIN_ROI_PCT|PLACE_ROI_PCT|N_STARTS,UNKNOWN,サイト現行既定は「オッズ反比例の賭け金・固定払戻の意図」(WEB_DEFINITION)。CSV作成時点の方式である証明にはならない,EQUAL_STAKE|EQUAL_PAYOUT,Y,Y,YES_PUBLIC_SCOPE_UNRULED,13,,,,N_WEIGHTED_MEAN_OF_PCT: sum(ROI_i*n_i)/sum(n_i) を整数丸め,UNVERIFIED_AGGREGATION,LEGACY_SIRE_TRAINER_CODE,二重丸め(掲載値が整数%＋加重平均後に再度整数丸め),,,,,UNKNOWN,,DB_KEIBA,roi_presence_raw と完全に1対1でROI記入の有無の言い換え。行の出所ではない,3,,,UNVERIFIED(表示基準日がページ間で不一致: トップ2026-08-16/使い方2026-05-17),TOP10,,HOLD_MERGE+HOLD_METHOD+HOLD_ASOF+HOLD_ID,①購入方式の確定 ②分母(賭け金総額・払戻総額)の入手 ③加重平均の再現可否検証 ④場/距離/回りの重複排除
rec_d50d2a7bdf543c6d217a44fc1144652b3cee9bfdd1c27eadb19ac1b7acc046fa,PRIMARY_TRAINER,TrainerCond_連結済み_20260701.csv,70,TRAINER,高橋 亮,,NAME_KEY_ONLY_UNVERIFIED_OFFICIAL_ID,長距離(2300m以上),NAMED_CONDITION,PARSED,,,,,,,,,,,WIN_ROI_PCT|PLACE_ROI_PCT|N_STARTS,UNKNOWN,サイト現行既定は「オッズ反比例の賭け金・固定払戻の意図」(WEB_DEFINITION)。CSV作成時点の方式である証明にはならない,EQUAL_STAKE|EQUAL_PAYOUT,Y,Y,YES_PUBLIC_SCOPE_UNRULED,1,,,,N_WEIGHTED_MEAN_OF_PCT: sum(ROI_i*n_i)/sum(n_i) を整数丸め,UNVERIFIED_AGGREGATION,LEGACY_SIRE_TRAINER_CODE,二重丸め(掲載値が整数%＋加重平均後に再度整数丸め),,,,,UNKNOWN,,DB_KEIBA,roi_presence_raw と完全に1対1でROI記入の有無の言い換え。行の出所ではない,2,,,UNVERIFIED(表示基準日がページ間で不一致: トップ2026-08-16/使い方2026-05-17),TOP10,,HOLD_MERGE+HOLD_METHOD+HOLD_ASOF+HOLD_ID,①購入方式の確定 ②分母(賭け金総額・払戻総額)の入手 ③加重平均の再現可否検証 ④場/距離/回りの重複排除
rec_cb47ed7d223ec4ab441647b09aa11bcc2c80514b326628d68dfee408fa3838ce,PRIMARY_TRAINER,TrainerCond_連結済み_20260701.csv,71,TRAINER,佐藤 悠太,,NAME_KEY_ONLY_UNVERIFIED_OFFICIAL_ID,長距離(2300m以上),NAMED_CONDITION,PARSED,,,,,,,,,,,WIN_ROI_PCT|PLACE_ROI_PCT|N_STARTS,UNKNOWN,サイト現行既定は「オッズ反比例の賭け金・固定払戻の意図」(WEB_DEFINITION)。CSV作成時点の方式である証明にはならない,EQUAL_STAKE|EQUAL_PAYOUT,Y,Y,YES_PUBLIC_SCOPE_UNRULED,1,,,,N_WEIGHTED_MEAN_OF_PCT: sum(ROI_i*n_i)/sum(n_i) を整数丸め,UNVERIFIED_AGGREGATION,LEGACY_SIRE_TRAINER_CODE,二重丸め(掲載値が整数%＋加重平均後に再度整数丸め),,,,,UNKNOWN,,DB_KEIBA,roi_presence_raw と完全に1対1でROI記入の有無の言い換え。行の出所ではない,6,,,UNVERIFIED(表示基準日がページ間で不一致: トップ2026-08-16/使い方2026-05-17),TOP10,,HOLD_MERGE+HOLD_METHOD+HOLD_ASOF+HOLD_ID,①購入方式の確定 ②分母(賭け金総額・払戻総額)の入手 ③加重平均の再現可否検証 ④場/距離/回りの重複排除
rec_5feff43993446923d3f03dd4c75d060cb6837115fa1d4c38f726d21c093d34fb,PRIMARY_TRAINER,TrainerCond_連結済み_20260701.csv,72,TRAINER,田島 俊明,,NAME_KEY_ONLY_UNVERIFIED_OFFICIAL_ID,長距離(2300m以上),NAMED_CONDITION,PARSED,,,,,,,,,,,WIN_ROI_PCT|PLACE_ROI_PCT|N_STARTS,UNKNOWN,サイト現行既定は「オッズ反比例の賭け金・固定払戻の意図」(WEB_DEFINITION)。CSV作成時点の方式である証明にはならない,EQUAL_STAKE|EQUAL_PAYOUT,Y,Y,YES_PUBLIC_SCOPE_UNRULED,17,,,,N_WEIGHTED_MEAN_OF_PCT: sum(ROI_i*n_i)/sum(n_i) を整数丸め,UNVERIFIED_AGGREGATION,LEGACY_SIRE_TRAINER_CODE,二重丸め(掲載値が整数%＋加重平均後に再度整数丸め),,,,,UNKNOWN,,DB_KEIBA,roi_presence_raw と完全に1対1でROI記入の有無の言い換え。行の出所ではない,2,,,UNVERIFIED(表示基準日がページ間で不一致: トップ2026-08-16/使い方2026-05-17),TOP10,,HOLD_MERGE+HOLD_METHOD+HOLD_ASOF+HOLD_ID,①購入方式の確定 ②分母(賭け金総額・払戻総額)の入手 ③加重平均の再現可否検証 ④場/距離/回りの重複排除
rec_05dd55e8e3d4bdde6509ef0d4fbc520001c18d863d1f7ff1851e4aecc497dc27,PRIMARY_TRAINER,TrainerCond_連結済み_20260701.csv,73,TRAINER,小林 真也,,NAME_KEY_ONLY_UNVERIFIED_OFFICIAL_ID,長距離(2300m以上),NAMED_CONDITION,PARSED,,,,,,,,,,,WIN_ROI_PCT|PLACE_ROI_PCT|N_STARTS,UNKNOWN,サイト現行既定は「オッズ反比例の賭け金・固定払戻の意図」(WEB_DEFINITION)。CSV作成時点の方式である証明にはならない,EQUAL_STAKE|EQUAL_PAYOUT,Y,Y,YES_PUBLIC_SCOPE_UNRULED,7,,,,N_WEIGHTED_MEAN_OF_PCT: sum(ROI_i*n_i)/sum(n_i) を整数丸め,UNVERIFIED_AGGREGATION,LEGACY_SIRE_TRAINER_CODE,二重丸め(掲載値が整数%＋加重平均後に再度整数丸め),,,,,UNKNOWN,,DB_KEIBA,roi_presence_raw と完全に1対1でROI記入の有無の言い換え。行の出所ではない,6,,,UNVERIFIED(表示基準日がページ間で不一致: トップ2026-08-16/使い方2026-05-17),TOP10,,HOLD_MERGE+HOLD_METHOD+HOLD_ASOF+HOLD_ID,①購入方式の確定 ②分母(賭け金総額・払戻総額)の入手 ③加重平均の再現可否検証 ④場/距離/回りの重複排除
rec_55100393d8aff0a738c764964f72a0cc060965e2575bbca2a24d5ce71ab0afa5,PRIMARY_TRAINER,TrainerCond_連結済み_20260701.csv,74,TRAINER,佐々木 晶三,,NAME_KEY_ONLY_UNVERIFIED_OFFICIAL_ID,長距離(2300m以上),NAMED_CONDITION,PARSED,,,,,,,,,,,WIN_ROI_PCT|PLACE_ROI_PCT|N_STARTS,UNKNOWN,サイト現行既定は「オッズ反比例の賭け金・固定払戻の意図」(WEB_DEFINITION)。CSV作成時点の方式である証明にはならない,EQUAL_STAKE|EQUAL_PAYOUT,Y,Y,YES_PUBLIC_SCOPE_UNRULED,12,,,,N_WEIGHTED_MEAN_OF_PCT: sum(ROI_i*n_i)/sum(n_i) を整数丸め,UNVERIFIED_AGGREGATION,LEGACY_SIRE_TRAINER_CODE,二重丸め(掲載値が整数%＋加重平均後に再度整数丸め),,,,,UNKNOWN,,DB_KEIBA,roi_presence_raw と完全に1対1でROI記入の有無の言い換え。行の出所ではない,5,,,UNVERIFIED(表示基準日がページ間で不一致: トップ2026-08-16/使い方2026-05-17),TOP10,,HOLD_MERGE+HOLD_METHOD+HOLD_ASOF+HOLD_ID,①購入方式の確定 ②分母(賭け金総額・払戻総額)の入手 ③加重平均の再現可否検証 ④場/距離/回りの重複排除
rec_c788e2096758696f61e5066ddd69538c3770ff4cad39b2d4855917def4ec0bed,PRIMARY_TRAINER,TrainerCond_連結済み_20260701.csv,75,TRAINER,中村 直也,,NAME_KEY_ONLY_UNVERIFIED_OFFICIAL_ID,長距離(2300m以上),NAMED_CONDITION,PARSED,,,,,,,,,,,WIN_ROI_PCT|PLACE_ROI_PCT|N_STARTS,UNKNOWN,サイト現行既定は「オッズ反比例の賭け金・固定払戻の意図」(WEB_DEFINITION)。CSV作成時点の方式である証明にはならない,EQUAL_STAKE|EQUAL_PAYOUT,Y,Y,YES_PUBLIC_SCOPE_UNRULED,1,,,,N_WEIGHTED_MEAN_OF_PCT: sum(ROI_i*n_i)/sum(n_i) を整数丸め,UNVERIFIED_AGGREGATION,LEGACY_SIRE_TRAINER_CODE,二重丸め(掲載値が整数%＋加重平均後に再度整数丸め),,,,,UNKNOWN,,DB_KEIBA,roi_presence_raw と完全に1対1でROI記入の有無の言い換え。行の出所ではない,1,,,UNVERIFIED(表示基準日がページ間で不一致: トップ2026-08-16/使い方2026-05-17),TOP10,,HOLD_MERGE+HOLD_METHOD+HOLD_ASOF+HOLD_ID,①購入方式の確定 ②分母(賭け金総額・払戻総額)の入手 ③加重平均の再現可否検証 ④場/距離/回りの重複排除
rec_ba249c7b07ea0ea652a03cd10912c0efe80765996ef31b8d829fd768b0545e7b,PRIMARY_TRAINER,TrainerCond_連結済み_20260701.csv,76,TRAINER,土田 稔,,NAME_KEY_ONLY_UNVERIFIED_OFFICIAL_ID,長距離(2300m以上),NAMED_CONDITION,PARSED,,,,,,,,,,,,UNKNOWN,,,N,N,NOT_APPLICABLE,,,,,,NOT_APPLICABLE_NO_ROI,,,,,,,UNKNOWN,,BOOK_OR_UNSPECIFIED_ROI_SOURCE,roi_presence_raw と完全に1対1でROI記入の有無の言い換え。行の出所ではない,6,,,UNVERIFIED(表示基準日がページ間で不一致: トップ2026-08-16/使い方2026-05-17),ワースト3,MISSING_ROI,NOT_AVAILABLE,原表と方式を入手するまで使用しない。原行は保持
rec_886723a7f6bade06424506fdc7ec178c5e62c6588ed20e351aa3d94a4efa7938,PRIMARY_TRAINER,TrainerCond_連結済み_20260701.csv,77,TRAINER,加藤 公太,,NAME_KEY_ONLY_UNVERIFIED_OFFICIAL_ID,長距離(2300m以上),NAMED_CONDITION,PARSED,,,,,,,,,,,,UNKNOWN,,,N,N,NOT_APPLICABLE,,,,,,NOT_APPLICABLE_NO_ROI,,,,,,,UNKNOWN,,BOOK_OR_UNSPECIFIED_ROI_SOURCE,roi_presence_raw と完全に1対1でROI記入の有無の言い換え。行の出所ではない,5,,,UNVERIFIED(表示基準日がページ間で不一致: トップ2026-08-16/使い方2026-05-17),ワースト3,MISSING_ROI,NOT_AVAILABLE,原表と方式を入手するまで使用しない。原行は保持
rec_601999e4073bdddf827d7edb672067844e81222e8abd6b43c8cfe62e91956a00,PRIMARY_TRAINER,TrainerCond_連結済み_20260701.csv,78,TRAINER,井上 智史,,NAME_KEY_ONLY_UNVERIFIED_OFFICIAL_ID,長距離(2300m以上),NAMED_CONDITION,PARSED,,,,,,,,,,,,UNKNOWN,,,N,N,NOT_APPLICABLE,,,,,,NOT_APPLICABLE_NO_ROI,,,,,,,UNKNOWN,,BOOK_OR_UNSPECIFIED_ROI_SOURCE,roi_presence_raw と完全に1対1でROI記入の有無の言い換え。行の出所ではない,10,,,UNVERIFIED(表示基準日がページ間で不一致: トップ2026-08-16/使い方2026-05-17),ワースト3,MISSING_ROI,NOT_AVAILABLE,原表と方式を入手するまで使用しない。原行は保持
rec_9a7b4e8fbb6423b7e65bc793e86bdf1f63a1591ff10f113199b0e6da7ec190f2,PRIMARY_TRAINER,TrainerCond_連結済み_20260701.csv,79,TRAINER,千葉 直人,,NAME_KEY_ONLY_UNVERIFIED_OFFICIAL_ID,左回り,NAMED_CONDITION,PARSED,,,,,,,,,,,,UNKNOWN,,,N,N,NOT_APPLICABLE,,,,,,NOT_APPLICABLE_NO_ROI,,,,,,,UNKNOWN,,BOOK_OR_UNSPECIFIED_ROI_SOURCE,roi_presence_raw と完全に1対1でROI記入の有無の言い換え。行の出所ではない,10,,,UNVERIFIED(表示基準日がページ間で不一致: トップ2026-08-16/使い方2026-05-17),TOP10,MISSING_ROI,NOT_AVAILABLE,原表と方式を入手するまで使用しない。原行は保持
rec_cc31072ff187f921b2cd35c07541c6113154c7a55c290828ee3eab9990d17e66,PRIMARY_TRAINER,TrainerCond_連結済み_20260701.csv,80,TRAINER,高木 登,,NAME_KEY_ONLY_UNVERIFIED_OFFICIAL_ID,左回り,NAMED_CONDITION,PARSED,,,,,,,,,,,WIN_ROI_PCT|PLACE_ROI_PCT|N_STARTS,UNKNOWN,サイト現行既定は「オッズ反比例の賭け金・固定払戻の意図」(WEB_DEFINITION)。CSV作成時点の方式である証明にはならない,EQUAL_STAKE|EQUAL_PAYOUT,Y,Y,YES_PUBLIC_SCOPE_UNRULED,194,,,,N_WEIGHTED_MEAN_OF_PCT: sum(ROI_i*n_i)/sum(n_i) を整数丸め,UNVERIFIED_AGGREGATION,LEGACY_SIRE_TRAINER_CODE,二重丸め(掲載値が整数%＋加重平均後に再度整数丸め),,,,,UNKNOWN,,DB_KEIBA,roi_presence_raw と完全に1対1でROI記入の有無の言い換え。行の出所ではない,5,,,UNVERIFIED(表示基準日がページ間で不一致: トップ2026-08-16/使い方2026-05-17),TOP10,,HOLD_MERGE+HOLD_METHOD+HOLD_ASOF+HOLD_ID,①購入方式の確定 ②分母(賭け金総額・払戻総額)の入手 ③加重平均の再現可否検証 ④場/距離/回りの重複排除
rec_d992710dde47b95f02c32ace67e1ff01a04a2c79d5fa0b767388709e01c54daf,PRIMARY_TRAINER,TrainerCond_連結済み_20260701.csv,81,TRAINER,大和田 成,,NAME_KEY_ONLY_UNVERIFIED_OFFICIAL_ID,左回り,NAMED_CONDITION,PARSED,,,,,,,,,,,,UNKNOWN,,,N,N,NOT_APPLICABLE,,,,,,NOT_APPLICABLE_NO_ROI,,,,,,,UNKNOWN,,BOOK_OR_UNSPECIFIED_ROI_SOURCE,roi_presence_raw と完全に1対1でROI記入の有無の言い換え。行の出所ではない,2,,,UNVERIFIED(表示基準日がページ間で不一致: トップ2026-08-16/使い方2026-05-17),TOP10,MISSING_ROI,NOT_AVAILABLE,原表と方式を入手するまで使用しない。原行は保持
rec_28f1f7135731debff9a9e01c5e54cb8702e76b611e719e6b0432a484e8104006,PRIMARY_TRAINER,TrainerCond_連結済み_20260701.csv,82,TRAINER,宮地 貴稔,,NAME_KEY_ONLY_UNVERIFIED_OFFICIAL_ID,左回り,NAMED_CONDITION,PARSED,,,,,,,,,,,,UNKNOWN,,,N,N,NOT_APPLICABLE,,,,,,NOT_APPLICABLE_NO_ROI,,,,,,,UNKNOWN,,BOOK_OR_UNSPECIFIED_ROI_SOURCE,roi_presence_raw と完全に1対1でROI記入の有無の言い換え。行の出所ではない,14,,,UNVERIFIED(表示基準日がページ間で不一致: トップ2026-08-16/使い方2026-05-17),TOP10,MISSING_ROI,NOT_AVAILABLE,原表と方式を入手するまで使用しない。原行は保持
rec_4c9aa508a3d55e18893b7401eb8c9c66d3e4d7d8a90ff79bb293a2f24302d64f,PRIMARY_TRAINER,TrainerCond_連結済み_20260701.csv,83,TRAINER,西園 翔太,,NAME_KEY_ONLY_UNVERIFIED_OFFICIAL_ID,左回り,NAMED_CONDITION,PARSED,,,,,,,,,,,,UNKNOWN,,,N,N,NOT_APPLICABLE,,,,,,NOT_APPLICABLE_NO_ROI,,,,,,,UNKNOWN,,BOOK_OR_UNSPECIFIED_ROI_SOURCE,roi_presence_raw と完全に1対1でROI記入の有無の言い換え。行の出所ではない,4,,,UNVERIFIED(表示基準日がページ間で不一致: トップ2026-08-16/使い方2026-05-17),TOP10,MISSING_ROI,NOT_AVAILABLE,原表と方式を入手するまで使用しない。原行は保持
rec_a19d602a6eb40c564c38eb95fe99ebb06e184d806d89c569e6882de708b4f8f5,PRIMARY_TRAINER,TrainerCond_連結済み_20260701.csv,84,TRAINER,辻 哲英,,NAME_KEY_ONLY_UNVERIFIED_OFFICIAL_ID,左回り,NAMED_CONDITION,PARSED,,,,,,,,,,,WIN_ROI_PCT|PLACE_ROI_PCT|N_STARTS,UNKNOWN,サイト現行既定は「オッズ反比例の賭け金・固定払戻の意図」(WEB_DEFINITION)。CSV作成時点の方式である証明にはならない,EQUAL_STAKE|EQUAL_PAYOUT,Y,Y,YES_PUBLIC_SCOPE_UNRULED,100,,,,N_WEIGHTED_MEAN_OF_PCT: sum(ROI_i*n_i)/sum(n_i) を整数丸め,UNVERIFIED_AGGREGATION,LEGACY_SIRE_TRAINER_CODE,二重丸め(掲載値が整数%＋加重平均後に再度整数丸め),,,,,UNKNOWN,,DB_KEIBA,roi_presence_raw と完全に1対1でROI記入の有無の言い換え。行の出所ではない,7,,,UNVERIFIED(表示基準日がページ間で不一致: トップ2026-08-16/使い方2026-05-17),TOP10,,HOLD_MERGE+HOLD_METHOD+HOLD_ASOF+HOLD_ID,①購入方式の確定 ②分母(賭け金総額・払戻総額)の入手 ③加重平均の再現可否検証 ④場/距離/回りの重複排除
rec_d7132f7a42d6710aeca833f8b848d5a04e2af6a739ec4a2ea31f5130b42c44de,PRIMARY_TRAINER,TrainerCond_連結済み_20260701.csv,85,TRAINER,鹿戸 雄一,,NAME_KEY_ONLY_UNVERIFIED_OFFICIAL_ID,左回り,NAMED_CONDITION,PARSED,,,,,,,,,,,WIN_ROI_PCT|PLACE_ROI_PCT|N_STARTS,UNKNOWN,サイト現行既定は「オッズ反比例の賭け金・固定払戻の意図」(WEB_DEFINITION)。CSV作成時点の方式である証明にはならない,EQUAL_STAKE|EQUAL_PAYOUT,Y,Y,YES_PUBLIC_SCOPE_UNRULED,382,,,,N_WEIGHTED_MEAN_OF_PCT: sum(ROI_i*n_i)/sum(n_i) を整数丸め,UNVERIFIED_AGGREGATION,LEGACY_SIRE_TRAINER_CODE,二重丸め(掲載値が整数%＋加重平均後に再度整数丸め),,,,,UNKNOWN,,DB_KEIBA,roi_presence_raw と完全に1対1でROI記入の有無の言い換え。行の出所ではない,2,,,UNVERIFIED(表示基準日がページ間で不一致: トップ2026-08-16/使い方2026-05-17),TOP10,,HOLD_MERGE+HOLD_METHOD+HOLD_ASOF+HOLD_ID,①購入方式の確定 ②分母(賭け金総額・払戻総額)の入手 ③加重平均の再現可否検証 ④場/距離/回りの重複排除
rec_b2afd8bd65abdfe1225993a9094513d4f551de56636a2e2f31f1c8fb7870c8fb,PRIMARY_TRAINER,TrainerCond_連結済み_20260701.csv,86,TRAINER,浅利 英明,,NAME_KEY_ONLY_UNVERIFIED_OFFICIAL_ID,左回り,NAMED_CONDITION,PARSED,,,,,,,,,,,,UNKNOWN,,,N,N,NOT_APPLICABLE,,,,,,NOT_APPLICABLE_NO_ROI,,,,,,,UNKNOWN,,BOOK_OR_UNSPECIFIED_ROI_SOURCE,roi_presence_raw と完全に1対1でROI記入の有無の言い換え。行の出所ではない,5,,,UNVERIFIED(表示基準日がページ間で不一致: トップ2026-08-16/使い方2026-05-17),TOP10,MISSING_ROI,NOT_AVAILABLE,原表と方式を入手するまで使用しない。原行は保持
rec_ed017df705ae75cfa275e41d26387bc73d30b76d5a0ca581bcf836d97e76f011,PRIMARY_TRAINER,TrainerCond_連結済み_20260701.csv,87,TRAINER,鈴木 慎太郎,,NAME_KEY_ONLY_UNVERIFIED_OFFICIAL_ID,左回り,NAMED_CONDITION,PARSED,,,,,,,,,,,,UNKNOWN,,,N,N,NOT_APPLICABLE,,,,,,NOT_APPLICABLE_NO_ROI,,,,,,,UNKNOWN,,BOOK_OR_UNSPECIFIED_ROI_SOURCE,roi_presence_raw と完全に1対1でROI記入の有無の言い換え。行の出所ではない,8,,,UNVERIFIED(表示基準日がページ間で不一致: トップ2026-08-16/使い方2026-05-17),TOP10,MISSING_ROI,NOT_AVAILABLE,原表と方式を入手するまで使用しない。原行は保持
rec_1aa5fc40dfe81428a0586b7973bcec468af11ca0c76405ae229018395dc68064,PRIMARY_TRAINER,TrainerCond_連結済み_20260701.csv,88,TRAINER,森 一誠,,NAME_KEY_ONLY_UNVERIFIED_OFFICIAL_ID,左回り,NAMED_CONDITION,PARSED,,,,,,,,,,,WIN_ROI_PCT|PLACE_ROI_PCT|N_STARTS,UNKNOWN,サイト現行既定は「オッズ反比例の賭け金・固定払戻の意図」(WEB_DEFINITION)。CSV作成時点の方式である証明にはならない,EQUAL_STAKE|EQUAL_PAYOUT,Y,Y,YES_PUBLIC_SCOPE_UNRULED,5,,,,N_WEIGHTED_MEAN_OF_PCT: sum(ROI_i*n_i)/sum(n_i) を整数丸め,UNVERIFIED_AGGREGATION,LEGACY_SIRE_TRAINER_CODE,二重丸め(掲載値が整数%＋加重平均後に再度整数丸め),,,,,UNKNOWN,,DB_KEIBA,roi_presence_raw と完全に1対1でROI記入の有無の言い換え。行の出所ではない,4,,,UNVERIFIED(表示基準日がページ間で不一致: トップ2026-08-16/使い方2026-05-17),TOP10,,HOLD_MERGE+HOLD_METHOD+HOLD_ASOF+HOLD_ID,①購入方式の確定 ②分母(賭け金総額・払戻総額)の入手 ③加重平均の再現可否検証 ④場/距離/回りの重複排除
rec_e8d16d9d2a01aa5a854698c3cab3c97b6ee7700715b7b6b732debde9d33cbd59,PRIMARY_TRAINER,TrainerCond_連結済み_20260701.csv,89,TRAINER,的場 均,,NAME_KEY_ONLY_UNVERIFIED_OFFICIAL_ID,左回り,NAMED_CONDITION,PARSED,,,,,,,,,,,,UNKNOWN,,,N,N,NOT_APPLICABLE,,,,,,NOT_APPLICABLE_NO_ROI,,,,,,,UNKNOWN,,BOOK_OR_UNSPECIFIED_ROI_SOURCE,roi_presence_raw と完全に1対1でROI記入の有無の言い換え。行の出所ではない,13,,,UNVERIFIED(表示基準日がページ間で不一致: トップ2026-08-16/使い方2026-05-17),ワースト3,MISSING_ROI,NOT_AVAILABLE,原表と方式を入手するまで使用しない。原行は保持
rec_c6da27fd23e17cb34dbef25bf8f8d8adc4ea947c61288da526370e1642461aad,PRIMARY_TRAINER,TrainerCond_連結済み_20260701.csv,90,TRAINER,伊藤 伸一,,NAME_KEY_ONLY_UNVERIFIED_OFFICIAL_ID,左回り,NAMED_CONDITION,PARSED,,,,,,,,,,,,UNKNOWN,,,N,N,NOT_APPLICABLE,,,,,,NOT_APPLICABLE_NO_ROI,,,,,,,UNKNOWN,,BOOK_OR_UNSPECIFIED_ROI_SOURCE,roi_presence_raw と完全に1対1でROI記入の有無の言い換え。行の出所ではない,6,,,UNVERIFIED(表示基準日がページ間で不一致: トップ2026-08-16/使い方2026-05-17),ワースト3,MISSING_ROI,NOT_AVAILABLE,原表と方式を入手するまで使用しない。原行は保持
rec_ca32563b2a80fe48f96300535580ad0e4fc2f24246784c937f82f23a0146446f,PRIMARY_TRAINER,TrainerCond_連結済み_20260701.csv,91,TRAINER,和田 雄二,,NAME_KEY_ONLY_UNVERIFIED_OFFICIAL_ID,左回り,NAMED_CONDITION,PARSED,,,,,,,,,,,,UNKNOWN,,,N,N,NOT_APPLICABLE,,,,,,NOT_APPLICABLE_NO_ROI,,,,,,,UNKNOWN,,BOOK_OR_UNSPECIFIED_ROI_SOURCE,roi_presence_raw と完全に1対1でROI記入の有無の言い換え。行の出所ではない,3,,,UNVERIFIED(表示基準日がページ間で不一致: トップ2026-08-16/使い方2026-05-17),ワースト3,MISSING_ROI,NOT_AVAILABLE,原表と方式を入手するまで使用しない。原行は保持
rec_69933639d01f6edb4366a4bd3152dcba041d5e56e3cc4587d9ae1bba6f04c6f5,PRIMARY_TRAINER,TrainerCond_連結済み_20260701.csv,92,TRAINER,千田 輝彦,,NAME_KEY_ONLY_UNVERIFIED_OFFICIAL_ID,右回り,NAMED_CONDITION,PARSED,,,,,,,,,,,WIN_ROI_PCT|PLACE_ROI_PCT|N_STARTS,UNKNOWN,サイト現行既定は「オッズ反比例の賭け金・固定払戻の意図」(WEB_DEFINITION)。CSV作成時点の方式である証明にはならない,EQUAL_STAKE|EQUAL_PAYOUT,Y,Y,YES_PUBLIC_SCOPE_UNRULED,140,,,,N_WEIGHTED_MEAN_OF_PCT: sum(ROI_i*n_i)/sum(n_i) を整数丸め,UNVERIFIED_AGGREGATION,LEGACY_SIRE_TRAINER_CODE,二重丸め(掲載値が整数%＋加重平均後に再度整数丸め),,,,,UNKNOWN,,DB_KEIBA,roi_presence_raw と完全に1対1でROI記入の有無の言い換え。行の出所ではない,12,,,UNVERIFIED(表示基準日がページ間で不一致: トップ2026-08-16/使い方2026-05-17),TOP10,,HOLD_MERGE+HOLD_METHOD+HOLD_ASOF+HOLD_ID,①購入方式の確定 ②分母(賭け金総額・払戻総額)の入手 ③加重平均の再現可否検証 ④場/距離/回りの重複排除
rec_ecaf9e8418044a9e142a483c4e0cae2dc60b43a65bfe9aebade599da357ddb86,PRIMARY_TRAINER,TrainerCond_連結済み_20260701.csv,93,TRAINER,大橋 勇樹,,NAME_KEY_ONLY_UNVERIFIED_OFFICIAL_ID,右回り,NAMED_CONDITION,PARSED,,,,,,,,,,,WIN_ROI_PCT|PLACE_ROI_PCT|N_STARTS,UNKNOWN,サイト現行既定は「オッズ反比例の賭け金・固定払戻の意図」(WEB_DEFINITION)。CSV作成時点の方式である証明にはならない,EQUAL_STAKE|EQUAL_PAYOUT,Y,Y,YES_PUBLIC_SCOPE_UNRULED,499,,,,N_WEIGHTED_MEAN_OF_PCT: sum(ROI_i*n_i)/sum(n_i) を整数丸め,UNVERIFIED_AGGREGATION,LEGACY_SIRE_TRAINER_CODE,二重丸め(掲載値が整数%＋加重平均後に再度整数丸め),,,,,UNKNOWN,,DB_KEIBA,roi_presence_raw と完全に1対1でROI記入の有無の言い換え。行の出所ではない,7,,,UNVERIFIED(表示基準日がページ間で不一致: トップ2026-08-16/使い方2026-05-17),TOP10,,HOLD_MERGE+HOLD_METHOD+HOLD_ASOF+HOLD_ID,①購入方式の確定 ②分母(賭け金総額・払戻総額)の入手 ③加重平均の再現可否検証 ④場/距離/回りの重複排除
rec_2b1b12ebd2666df0cfff51195d1e08498206302aeb4dd52fa26938a20143a86f,PRIMARY_TRAINER,TrainerCond_連結済み_20260701.csv,94,TRAINER,佐藤 悠太,,NAME_KEY_ONLY_UNVERIFIED_OFFICIAL_ID,右回り,NAMED_CONDITION,PARSED,,,,,,,,,,,,UNKNOWN,,,N,N,NOT_APPLICABLE,,,,,,NOT_APPLICABLE_NO_ROI,,,,,,,UNKNOWN,,BOOK_OR_UNSPECIFIED_ROI_SOURCE,roi_presence_raw と完全に1対1でROI記入の有無の言い換え。行の出所ではない,6,,,UNVERIFIED(表示基準日がページ間で不一致: トップ2026-08-16/使い方2026-05-17),TOP10,MISSING_ROI,NOT_AVAILABLE,原表と方式を入手するまで使用しない。原行は保持
rec_a430c50876e3394d1d30dc626c10be3da54b29d7a730949f5580176584cf727a,PRIMARY_TRAINER,TrainerCond_連結済み_20260701.csv,95,TRAINER,井上 智史,,NAME_KEY_ONLY_UNVERIFIED_OFFICIAL_ID,右回り,NAMED_CONDITION,PARSED,,,,,,,,,,,,UNKNOWN,,,N,N,NOT_APPLICABLE,,,,,,NOT_APPLICABLE_NO_ROI,,,,,,,UNKNOWN,,BOOK_OR_UNSPECIFIED_ROI_SOURCE,roi_presence_raw と完全に1対1でROI記入の有無の言い換え。行の出所ではない,10,,,UNVERIFIED(表示基準日がページ間で不一致: トップ2026-08-16/使い方2026-05-17),TOP10,MISSING_ROI,NOT_AVAILABLE,原表と方式を入手するまで使用しない。原行は保持
rec_88062b2d0c7d7fa8615bb5fcbffc7eb172ec77567b5e4f12e0f7cdb7b6ba6276,PRIMARY_TRAINER,TrainerCond_連結済み_20260701.csv,96,TRAINER,宮地 貴稔,,NAME_KEY_ONLY_UNVERIFIED_OFFICIAL_ID,右回り,NAMED_CONDITION,PARSED,,,,,,,,,,,,UNKNOWN,,,N,N,NOT_APPLICABLE,,,,,,NOT_APPLICABLE_NO_ROI,,,,,,,UNKNOWN,,BOOK_OR_UNSPECIFIED_ROI_SOURCE,roi_presence_raw と完全に1対1でROI記入の有無の言い換え。行の出所ではない,14,,,UNVERIFIED(表示基準日がページ間で不一致: トップ2026-08-16/使い方2026-05-17),TOP10,MISSING_ROI,NOT_AVAILABLE,原表と方式を入手するまで使用しない。原行は保持
rec_d68086d2b5528212fa008dc5963c331580535425f72d616658faed1f0ce1ffdd,PRIMARY_TRAINER,TrainerCond_連結済み_20260701.csv,97,TRAINER,藤野 健太,,NAME_KEY_ONLY_UNVERIFIED_OFFICIAL_ID,右回り,NAMED_CONDITION,PARSED,,,,,,,,,,,,UNKNOWN,,,N,N,NOT_APPLICABLE,,,,,,NOT_APPLICABLE_NO_ROI,,,,,,,UNKNOWN,,BOOK_OR_UNSPECIFIED_ROI_SOURCE,roi_presence_raw と完全に1対1でROI記入の有無の言い換え。行の出所ではない,7,,,UNVERIFIED(表示基準日がページ間で不一致: トップ2026-08-16/使い方2026-05-17),TOP10,MISSING_ROI,NOT_AVAILABLE,原表と方式を入手するまで使用しない。原行は保持
rec_104e439138dccb230b633d6ab3c32be78ed576fcf1ad065e3fa7e346965c7fee,PRIMARY_TRAINER,TrainerCond_連結済み_20260701.csv,98,TRAINER,河嶋 宏樹,,NAME_KEY_ONLY_UNVERIFIED_OFFICIAL_ID,右回り,NAMED_CONDITION,PARSED,,,,,,,,,,,,UNKNOWN,,,N,N,NOT_APPLICABLE,,,,,,NOT_APPLICABLE_NO_ROI,,,,,,,UNKNOWN,,BOOK_OR_UNSPECIFIED_ROI_SOURCE,roi_presence_raw と完全に1対1でROI記入の有無の言い換え。行の出所ではない,8,,,UNVERIFIED(表示基準日がページ間で不一致: トップ2026-08-16/使い方2026-05-17),TOP10,MISSING_ROI,NOT_AVAILABLE,原表と方式を入手するまで使用しない。原行は保持
rec_1d246b682a9f8610ca70bfa29092a199bfa5f3f85c75292d023161b3c0dd3148,PRIMARY_TRAINER,TrainerCond_連結済み_20260701.csv,99,TRAINER,北出 成人,,NAME_KEY_ONLY_UNVERIFIED_OFFICIAL_ID,右回り,NAMED_CONDITION,PARSED,,,,,,,,,,,WIN_ROI_PCT|PLACE_ROI_PCT|N_STARTS,UNKNOWN,サイト現行既定は「オッズ反比例の賭け金・固定払戻の意図」(WEB_DEFINITION)。CSV作成時点の方式である証明にはならない,EQUAL_STAKE|EQUAL_PAYOUT,Y,Y,YES_PUBLIC_SCOPE_UNRULED,111,,,,N_WEIGHTED_MEAN_OF_PCT: sum(ROI_i*n_i)/sum(n_i) を整数丸め,UNVERIFIED_AGGREGATION,LEGACY_SIRE_TRAINER_CODE,二重丸め(掲載値が整数%＋加重平均後に再度整数丸め),,,,,UNKNOWN,,DB_KEIBA,roi_presence_raw と完全に1対1でROI記入の有無の言い換え。行の出所ではない,5,,,UNVERIFIED(表示基準日がページ間で不一致: トップ2026-08-16/使い方2026-05-17),TOP10,,HOLD_MERGE+HOLD_METHOD+HOLD_ASOF+HOLD_ID,①購入方式の確定 ②分母(賭け金総額・払戻総額)の入手 ③加重平均の再現可否検証 ④場/距離/回りの重複排除
rec_c75474b6c2c58f9d38af209213ee028796a9330ccace97f4b2e5b83e3628c264,PRIMARY_TRAINER,TrainerCond_連結済み_20260701.csv,100,TRAINER,杉山 晴紀,,NAME_KEY_ONLY_UNVERIFIED_OFFICIAL_ID,右回り,NAMED_CONDITION,PARSED,,,,,,,,,,,WIN_ROI_PCT|PLACE_ROI_PCT|N_STARTS,UNKNOWN,サイト現行既定は「オッズ反比例の賭け金・固定払戻の意図」(WEB_DEFINITION)。CSV作成時点の方式である証明にはならない,EQUAL_STAKE|EQUAL_PAYOUT,Y,Y,YES_PUBLIC_SCOPE_UNRULED,597,,,,N_WEIGHTED_MEAN_OF_PCT: sum(ROI_i*n_i)/sum(n_i) を整数丸め,UNVERIFIED_AGGREGATION,LEGACY_SIRE_TRAINER_CODE,二重丸め(掲載値が整数%＋加重平均後に再度整数丸め),,,,,UNKNOWN,,DB_KEIBA,roi_presence_raw と完全に1対1でROI記入の有無の言い換え。行の出所ではない,5,,,UNVERIFIED(表示基準日がページ間で不一致: トップ2026-08-16/使い方2026-05-17),TOP10,,HOLD_MERGE+HOLD_METHOD+HOLD_ASOF+HOLD_ID,①購入方式の確定 ②分母(賭け金総額・払戻総額)の入手 ③加重平均の再現可否検証 ④場/距離/回りの重複排除
rec_c2be54cd16854738dfcc9b5d1a23fe1cf63eba9c87895912e2ae9664f8e37867,PRIMARY_TRAINER,TrainerCond_連結済み_20260701.csv,101,TRAINER,小野 次郎,,NAME_KEY_ONLY_UNVERIFIED_OFFICIAL_ID,右回り,NAMED_CONDITION,PARSED,,,,,,,,,,,,UNKNOWN,,,N,N,NOT_APPLICABLE,,,,,,NOT_APPLICABLE_NO_ROI,,,,,,,UNKNOWN,,BOOK_OR_UNSPECIFIED_ROI_SOURCE,roi_presence_raw と完全に1対1でROI記入の有無の言い換え。行の出所ではない,4,,,UNVERIFIED(表示基準日がページ間で不一致: トップ2026-08-16/使い方2026-05-17),TOP10,MISSING_ROI,NOT_AVAILABLE,原表と方式を入手するまで使用しない。原行は保持
rec_224cdd7c57a9f1443cf115d171a68fe7b3f3de22dec4411f76a72be42f20feab,PRIMARY_TRAINER,TrainerCond_連結済み_20260701.csv,102,TRAINER,加藤 和宏,,NAME_KEY_ONLY_UNVERIFIED_OFFICIAL_ID,右回り,NAMED_CONDITION,PARSED,,,,,,,,,,,,UNKNOWN,,,N,N,NOT_APPLICABLE,,,,,,NOT_APPLICABLE_NO_ROI,,,,,,,UNKNOWN,,BOOK_OR_UNSPECIFIED_ROI_SOURCE,roi_presence_raw と完全に1対1でROI記入の有無の言い換え。行の出所ではない,7,,,UNVERIFIED(表示基準日がページ間で不一致: トップ2026-08-16/使い方2026-05-17),ワースト3,MISSING_ROI,NOT_AVAILABLE,原表と方式を入手するまで使用しない。原行は保持
rec_b67e9831bbbe7c8c28f9261c552207f0109d495895a361e92af30f9ec243001e,PRIMARY_TRAINER,TrainerCond_連結済み_20260701.csv,103,TRAINER,小椋 研介,,NAME_KEY_ONLY_UNVERIFIED_OFFICIAL_ID,右回り,NAMED_CONDITION,PARSED,,,,,,,,,,,WIN_ROI_PCT|PLACE_ROI_PCT|N_STARTS,UNKNOWN,サイト現行既定は「オッズ反比例の賭け金・固定払戻の意図」(WEB_DEFINITION)。CSV作成時点の方式である証明にはならない,EQUAL_STAKE|EQUAL_PAYOUT,Y,Y,YES_PUBLIC_SCOPE_UNRULED,9,,,,N_WEIGHTED_MEAN_OF_PCT: sum(ROI_i*n_i)/sum(n_i) を整数丸め,UNVERIFIED_AGGREGATION,LEGACY_SIRE_TRAINER_CODE,二重丸め(掲載値が整数%＋加重平均後に再度整数丸め),,,,,UNKNOWN,,DB_KEIBA,roi_presence_raw と完全に1対1でROI記入の有無の言い換え。行の出所ではない,3,,,UNVERIFIED(表示基準日がページ間で不一致: トップ2026-08-16/使い方2026-05-17),ワースト3,,HOLD_MERGE+HOLD_METHOD+HOLD_ASOF+HOLD_ID,①購入方式の確定 ②分母(賭け金総額・払戻総額)の入手 ③加重平均の再現可否検証 ④場/距離/回りの重複排除
rec_cd083d028c8749babac9a2ee33df5a2b66f7cdcabe675f5cb1705f3369aca13c,PRIMARY_TRAINER,TrainerCond_連結済み_20260701.csv,104,TRAINER,天間 昭一,,NAME_KEY_ONLY_UNVERIFIED_OFFICIAL_ID,右回り,NAMED_CONDITION,PARSED,,,,,,,,,,,WIN_ROI_PCT|PLACE_ROI_PCT|N_STARTS,UNKNOWN,サイト現行既定は「オッズ反比例の賭け金・固定払戻の意図」(WEB_DEFINITION)。CSV作成時点の方式である証明にはならない,EQUAL_STAKE|EQUAL_PAYOUT,Y,Y,YES_PUBLIC_SCOPE_UNRULED,14,,,,N_WEIGHTED_MEAN_OF_PCT: sum(ROI_i*n_i)/sum(n_i) を整数丸め,UNVERIFIED_AGGREGATION,LEGACY_SIRE_TRAINER_CODE,二重丸め(掲載値が整数%＋加重平均後に再度整数丸め),,,,,UNKNOWN,,DB_KEIBA,roi_presence_raw と完全に1対1でROI記入の有無の言い換え。行の出所ではない,5,,,UNVERIFIED(表示基準日がページ間で不一致: トップ2026-08-16/使い方2026-05-17),ワースト3,,HOLD_MERGE+HOLD_METHOD+HOLD_ASOF+HOLD_ID,①購入方式の確定 ②分母(賭け金総額・払戻総額)の入手 ③加重平均の再現可否検証 ④場/距離/回りの重複排除
rec_b2f9564d552627c2d89a8a3e73999b4865de7d358a7f4fa72d784160e12d0dc3,PRIMARY_TRAINER,TrainerCond_連結済み_20260701.csv,105,TRAINER,須貝 尚介,,NAME_KEY_ONLY_UNVERIFIED_OFFICIAL_ID,札幌,NAMED_CONDITION,PARSED,,,,,,,,,,,WIN_ROI_PCT|PLACE_ROI_PCT|N_STARTS,UNKNOWN,サイト現行既定は「オッズ反比例の賭け金・固定払戻の意図」(WEB_DEFINITION)。CSV作成時点の方式である証明にはならない,EQUAL_STAKE|EQUAL_PAYOUT,Y,Y,YES_PUBLIC_SCOPE_UNRULED,151,,,,N_WEIGHTED_MEAN_OF_PCT: sum(ROI_i*n_i)/sum(n_i) を整数丸め,UNVERIFIED_AGGREGATION,LEGACY_SIRE_TRAINER_CODE,二重丸め(掲載値が整数%＋加重平均後に再度整数丸め),,,,,UNKNOWN,,DB_KEIBA,roi_presence_raw と完全に1対1でROI記入の有無の言い換え。行の出所ではない,1,,,UNVERIFIED(表示基準日がページ間で不一致: トップ2026-08-16/使い方2026-05-17),TOP10,,HOLD_MERGE+HOLD_METHOD+HOLD_ASOF+HOLD_ID,①購入方式の確定 ②分母(賭け金総額・払戻総額)の入手 ③加重平均の再現可否検証 ④場/距離/回りの重複排除
rec_560c7d1fae55a39d1a4855593ea5ef4814e1f3a8591a5a6d23ed317c62ad873d,PRIMARY_TRAINER,TrainerCond_連結済み_20260701.csv,106,TRAINER,伊藤 圭三,,NAME_KEY_ONLY_UNVERIFIED_OFFICIAL_ID,札幌,NAMED_CONDITION,PARSED,,,,,,,,,,,WIN_ROI_PCT|PLACE_ROI_PCT|N_STARTS,UNKNOWN,サイト現行既定は「オッズ反比例の賭け金・固定払戻の意図」(WEB_DEFINITION)。CSV作成時点の方式である証明にはならない,EQUAL_STAKE|EQUAL_PAYOUT,Y,Y,YES_PUBLIC_SCOPE_UNRULED,90,,,,N_WEIGHTED_MEAN_OF_PCT: sum(ROI_i*n_i)/sum(n_i) を整数丸め,UNVERIFIED_AGGREGATION,LEGACY_SIRE_TRAINER_CODE,二重丸め(掲載値が整数%＋加重平均後に再度整数丸め),,,,,UNKNOWN,,DB_KEIBA,roi_presence_raw と完全に1対1でROI記入の有無の言い換え。行の出所ではない,4,,,UNVERIFIED(表示基準日がページ間で不一致: トップ2026-08-16/使い方2026-05-17),TOP10,,HOLD_MERGE+HOLD_METHOD+HOLD_ASOF+HOLD_ID,①購入方式の確定 ②分母(賭け金総額・払戻総額)の入手 ③加重平均の再現可否検証 ④場/距離/回りの重複排除
rec_856d974c8441765518cc636cc76d0dc5c8832be27ab6a66cd87910b214bcaf43,PRIMARY_TRAINER,TrainerCond_連結済み_20260701.csv,107,TRAINER,奥村 武,,NAME_KEY_ONLY_UNVERIFIED_OFFICIAL_ID,札幌,NAMED_CONDITION,PARSED,,,,,,,,,,,WIN_ROI_PCT|PLACE_ROI_PCT|N_STARTS,UNKNOWN,サイト現行既定は「オッズ反比例の賭け金・固定払戻の意図」(WEB_DEFINITION)。CSV作成時点の方式である証明にはならない,EQUAL_STAKE|EQUAL_PAYOUT,Y,Y,YES_PUBLIC_SCOPE_UNRULED,33,,,,N_WEIGHTED_MEAN_OF_PCT: sum(ROI_i*n_i)/sum(n_i) を整数丸め,UNVERIFIED_AGGREGATION,LEGACY_SIRE_TRAINER_CODE,二重丸め(掲載値が整数%＋加重平均後に再度整数丸め),,,,,UNKNOWN,,DB_KEIBA,roi_presence_raw と完全に1対1でROI記入の有無の言い換え。行の出所ではない,1,,,UNVERIFIED(表示基準日がページ間で不一致: トップ2026-08-16/使い方2026-05-17),TOP10,,HOLD_MERGE+HOLD_METHOD+HOLD_ASOF+HOLD_ID,①購入方式の確定 ②分母(賭け金総額・払戻総額)の入手 ③加重平均の再現可否検証 ④場/距離/回りの重複排除
rec_59c6bb0daf6b470ec75ca2da1d8b6846c2186d1ef5947781a0cbd5e264a23269,PRIMARY_TRAINER,TrainerCond_連結済み_20260701.csv,108,TRAINER,武 幸四郎,,NAME_KEY_ONLY_UNVERIFIED_OFFICIAL_ID,札幌,NAMED_CONDITION,PARSED,,,,,,,,,,,WIN_ROI_PCT|PLACE_ROI_PCT|N_STARTS,UNKNOWN,サイト現行既定は「オッズ反比例の賭け金・固定払戻の意図」(WEB_DEFINITION)。CSV作成時点の方式である証明にはならない,EQUAL_STAKE|EQUAL_PAYOUT,Y,Y,YES_PUBLIC_SCOPE_UNRULED,44,,,,N_WEIGHTED_MEAN_OF_PCT: sum(ROI_i*n_i)/sum(n_i) を整数丸め,UNVERIFIED_AGGREGATION,LEGACY_SIRE_TRAINER_CODE,二重丸め(掲載値が整数%＋加重平均後に再度整数丸め),,,,,UNKNOWN,,DB_KEIBA,roi_presence_raw と完全に1対1でROI記入の有無の言い換え。行の出所ではない,2,,,UNVERIFIED(表示基準日がページ間で不一致: トップ2026-08-16/使い方2026-05-17),TOP10,,HOLD_MERGE+HOLD_METHOD+HOLD_ASOF+HOLD_ID,①購入方式の確定 ②分母(賭け金総額・払戻総額)の入手 ③加重平均の再現可否検証 ④場/距離/回りの重複排除
rec_bef4c7b292ad0b0743a3933c8db9ffd7899342692e97ba1db785f7c1fbc4e165,PRIMARY_TRAINER,TrainerCond_連結済み_20260701.csv,109,TRAINER,和田 雄二,,NAME_KEY_ONLY_UNVERIFIED_OFFICIAL_ID,札幌,NAMED_CONDITION,PARSED,,,,,,,,,,,,UNKNOWN,,,N,N,NOT_APPLICABLE,,,,,,NOT_APPLICABLE_NO_ROI,,,,,,,UNKNOWN,,BOOK_OR_UNSPECIFIED_ROI_SOURCE,roi_presence_raw と完全に1対1でROI記入の有無の言い換え。行の出所ではない,3,,,UNVERIFIED(表示基準日がページ間で不一致: トップ2026-08-16/使い方2026-05-17),TOP10,MISSING_ROI,NOT_AVAILABLE,原表と方式を入手するまで使用しない。原行は保持
rec_3f60bd3f2929b00096f503a81490fec2bcd983f8b8368a0ddcbb3de5d68a7c26,PRIMARY_TRAINER,TrainerCond_連結済み_20260701.csv,110,TRAINER,小野 次郎,,NAME_KEY_ONLY_UNVERIFIED_OFFICIAL_ID,札幌,NAMED_CONDITION,PARSED,,,,,,,,,,,,UNKNOWN,,,N,N,NOT_APPLICABLE,,,,,,NOT_APPLICABLE_NO_ROI,,,,,,,UNKNOWN,,BOOK_OR_UNSPECIFIED_ROI_SOURCE,roi_presence_raw と完全に1対1でROI記入の有無の言い換え。行の出所ではない,4,,,UNVERIFIED(表示基準日がページ間で不一致: トップ2026-08-16/使い方2026-05-17),TOP10,MISSING_ROI,NOT_AVAILABLE,原表と方式を入手するまで使用しない。原行は保持
rec_a55ab8a2a1dd0e5fe92608eec5b8d13dbcf15a418d942a82d83c06ba916e9402,PRIMARY_TRAINER,TrainerCond_連結済み_20260701.csv,111,TRAINER,青木 孝文,,NAME_KEY_ONLY_UNVERIFIED_OFFICIAL_ID,札幌,NAMED_CONDITION,PARSED,,,,,,,,,,,,UNKNOWN,,,N,N,NOT_APPLICABLE,,,,,,NOT_APPLICABLE_NO_ROI,,,,,,,UNKNOWN,,BOOK_OR_UNSPECIFIED_ROI_SOURCE,roi_presence_raw と完全に1対1でROI記入の有無の言い換え。行の出所ではない,4,,,UNVERIFIED(表示基準日がページ間で不一致: トップ2026-08-16/使い方2026-05-17),TOP10,MISSING_ROI,NOT_AVAILABLE,原表と方式を入手するまで使用しない。原行は保持
rec_944c7f561cad1b31f9bc439c711a5b5ec800b7de26f2bd52907721ef1e6b2b65,PRIMARY_TRAINER,TrainerCond_連結済み_20260701.csv,112,TRAINER,奥平 雅士,,NAME_KEY_ONLY_UNVERIFIED_OFFICIAL_ID,札幌,NAMED_CONDITION,PARSED,,,,,,,,,,,,UNKNOWN,,,N,N,NOT_APPLICABLE,,,,,,NOT_APPLICABLE_NO_ROI,,,,,,,UNKNOWN,,BOOK_OR_UNSPECIFIED_ROI_SOURCE,roi_presence_raw と完全に1対1でROI記入の有無の言い換え。行の出所ではない,1,,,UNVERIFIED(表示基準日がページ間で不一致: トップ2026-08-16/使い方2026-05-17),TOP10,MISSING_ROI,NOT_AVAILABLE,原表と方式を入手するまで使用しない。原行は保持
rec_f9bf9544484cdde25ac752775feb9f23b49327aaf1de4aef20f3cd277d8207d6,PRIMARY_TRAINER,TrainerCond_連結済み_20260701.csv,113,TRAINER,菊川 正達,,NAME_KEY_ONLY_UNVERIFIED_OFFICIAL_ID,札幌,NAMED_CONDITION,PARSED,,,,,,,,,,,,UNKNOWN,,,N,N,NOT_APPLICABLE,,,,,,NOT_APPLICABLE_NO_ROI,,,,,,,UNKNOWN,,BOOK_OR_UNSPECIFIED_ROI_SOURCE,roi_presence_raw と完全に1対1でROI記入の有無の言い換え。行の出所ではない,4,,,UNVERIFIED(表示基準日がページ間で不一致: トップ2026-08-16/使い方2026-05-17),TOP10,MISSING_ROI,NOT_AVAILABLE,原表と方式を入手するまで使用しない。原行は保持
rec_e166cf8600339f2ee887f9c728913a95fe7b3a5dab2dedb34c0bd445489c3981,PRIMARY_TRAINER,TrainerCond_連結済み_20260701.csv,114,TRAINER,佐藤 悠太,,NAME_KEY_ONLY_UNVERIFIED_OFFICIAL_ID,札幌,NAMED_CONDITION,PARSED,,,,,,,,,,,,UNKNOWN,,,N,N,NOT_APPLICABLE,,,,,,NOT_APPLICABLE_NO_ROI,,,,,,,UNKNOWN,,BOOK_OR_UNSPECIFIED_ROI_SOURCE,roi_presence_raw と完全に1対1でROI記入の有無の言い換え。行の出所ではない,6,,,UNVERIFIED(表示基準日がページ間で不一致: トップ2026-08-16/使い方2026-05-17),TOP10,MISSING_ROI,NOT_AVAILABLE,原表と方式を入手するまで使用しない。原行は保持
rec_3c3a681082c1454c73b08a887478d92169059da92335a7e7a39eff23dac0ea68,PRIMARY_TRAINER,TrainerCond_連結済み_20260701.csv,115,TRAINER,谷 潔,,NAME_KEY_ONLY_UNVERIFIED_OFFICIAL_ID,札幌,NAMED_CONDITION,PARSED,,,,,,,,,,,,UNKNOWN,,,N,N,NOT_APPLICABLE,,,,,,NOT_APPLICABLE_NO_ROI,,,,,,,UNKNOWN,,BOOK_OR_UNSPECIFIED_ROI_SOURCE,roi_presence_raw と完全に1対1でROI記入の有無の言い換え。行の出所ではない,1,,,UNVERIFIED(表示基準日がページ間で不一致: トップ2026-08-16/使い方2026-05-17),ワースト3,MISSING_ROI,NOT_AVAILABLE,原表と方式を入手するまで使用しない。原行は保持
rec_e1f1c88fa64dd9a2ba7fb8505ffeb0517764490230f8fecfb499cb46636331e7,PRIMARY_TRAINER,TrainerCond_連結済み_20260701.csv,116,TRAINER,秋山 真一郎,,NAME_KEY_ONLY_UNVERIFIED_OFFICIAL_ID,札幌,NAMED_CONDITION,PARSED,,,,,,,,,,,,UNKNOWN,,,N,N,NOT_APPLICABLE,,,,,,NOT_APPLICABLE_NO_ROI,,,,,,,UNKNOWN,,BOOK_OR_UNSPECIFIED_ROI_SOURCE,roi_presence_raw と完全に1対1でROI記入の有無の言い換え。行の出所ではない,6,,,UNVERIFIED(表示基準日がページ間で不一致: トップ2026-08-16/使い方2026-05-17),ワースト3,MISSING_ROI,NOT_AVAILABLE,原表と方式を入手するまで使用しない。原行は保持
rec_d423dd5aa5a991d8ab439d26729bae4c06bacf128d39f7c0717caebc675e8460,PRIMARY_TRAINER,TrainerCond_連結済み_20260701.csv,117,TRAINER,浅利 英明,,NAME_KEY_ONLY_UNVERIFIED_OFFICIAL_ID,札幌,NAMED_CONDITION,PARSED,,,,,,,,,,,,UNKNOWN,,,N,N,NOT_APPLICABLE,,,,,,NOT_APPLICABLE_NO_ROI,,,,,,,UNKNOWN,,BOOK_OR_UNSPECIFIED_ROI_SOURCE,roi_presence_raw と完全に1対1でROI記入の有無の言い換え。行の出所ではない,5,,,UNVERIFIED(表示基準日がページ間で不一致: トップ2026-08-16/使い方2026-05-17),ワースト3,MISSING_ROI,NOT_AVAILABLE,原表と方式を入手するまで使用しない。原行は保持
rec_53c51246194332bfd55a7eb5acd64f36003f2e0bca85ab18f5e088fb3605e389,PRIMARY_TRAINER,TrainerCond_連結済み_20260701.csv,118,TRAINER,小林 真也,,NAME_KEY_ONLY_UNVERIFIED_OFFICIAL_ID,函館,NAMED_CONDITION,PARSED,,,,,,,,,,,,UNKNOWN,,,N,N,NOT_APPLICABLE,,,,,,NOT_APPLICABLE_NO_ROI,,,,,,,UNKNOWN,,BOOK_OR_UNSPECIFIED_ROI_SOURCE,roi_presence_raw と完全に1対1でROI記入の有無の言い換え。行の出所ではない,6,,,UNVERIFIED(表示基準日がページ間で不一致: トップ2026-08-16/使い方2026-05-17),TOP10,MISSING_ROI,NOT_AVAILABLE,原表と方式を入手するまで使用しない。原行は保持
rec_58f431aa1e5fdb0982d4ee14748bfdd4c3925f5bbc0dc34ea08e7484f351268f,PRIMARY_TRAINER,TrainerCond_連結済み_20260701.csv,119,TRAINER,大橋 勇樹,,NAME_KEY_ONLY_UNVERIFIED_OFFICIAL_ID,函館,NAMED_CONDITION,PARSED,,,,,,,,,,,WIN_ROI_PCT|PLACE_ROI_PCT|N_STARTS,UNKNOWN,サイト現行既定は「オッズ反比例の賭け金・固定払戻の意図」(WEB_DEFINITION)。CSV作成時点の方式である証明にはならない,EQUAL_STAKE|EQUAL_PAYOUT,Y,Y,YES_PUBLIC_SCOPE_UNRULED,51,,,,N_WEIGHTED_MEAN_OF_PCT: sum(ROI_i*n_i)/sum(n_i) を整数丸め,UNVERIFIED_AGGREGATION,LEGACY_SIRE_TRAINER_CODE,二重丸め(掲載値が整数%＋加重平均後に再度整数丸め),,,,,UNKNOWN,,DB_KEIBA,roi_presence_raw と完全に1対1でROI記入の有無の言い換え。行の出所ではない,7,,,UNVERIFIED(表示基準日がページ間で不一致: トップ2026-08-16/使い方2026-05-17),TOP10,,HOLD_MERGE+HOLD_METHOD+HOLD_ASOF+HOLD_ID,①購入方式の確定 ②分母(賭け金総額・払戻総額)の入手 ③加重平均の再現可否検証 ④場/距離/回りの重複排除
rec_ea3946db151d4ae1d5854d53ded2f955d16b8f3cbf0979c84f49b271a4891ce9,PRIMARY_TRAINER,TrainerCond_連結済み_20260701.csv,120,TRAINER,伊藤 圭三,,NAME_KEY_ONLY_UNVERIFIED_OFFICIAL_ID,函館,NAMED_CONDITION,PARSED,,,,,,,,,,,WIN_ROI_PCT|PLACE_ROI_PCT|N_STARTS,UNKNOWN,サイト現行既定は「オッズ反比例の賭け金・固定払戻の意図」(WEB_DEFINITION)。CSV作成時点の方式である証明にはならない,EQUAL_STAKE|EQUAL_PAYOUT,Y,Y,YES_PUBLIC_SCOPE_UNRULED,80,,,,N_WEIGHTED_MEAN_OF_PCT: sum(ROI_i*n_i)/sum(n_i) を整数丸め,UNVERIFIED_AGGREGATION,LEGACY_SIRE_TRAINER_CODE,二重丸め(掲載値が整数%＋加重平均後に再度整数丸め),,,,,UNKNOWN,,DB_KEIBA,roi_presence_raw と完全に1対1でROI記入の有無の言い換え。行の出所ではない,4,,,UNVERIFIED(表示基準日がページ間で不一致: トップ2026-08-16/使い方2026-05-17),TOP10,,HOLD_MERGE+HOLD_METHOD+HOLD_ASOF+HOLD_ID,①購入方式の確定 ②分母(賭け金総額・払戻総額)の入手 ③加重平均の再現可否検証 ④場/距離/回りの重複排除
rec_fde840402daec1b809c7f0f0613313a292f24813e9a23b43bdae189796206721,PRIMARY_TRAINER,TrainerCond_連結済み_20260701.csv,121,TRAINER,伊藤 大士,,NAME_KEY_ONLY_UNVERIFIED_OFFICIAL_ID,函館,NAMED_CONDITION,PARSED,,,,,,,,,,,WIN_ROI_PCT|PLACE_ROI_PCT|N_STARTS,UNKNOWN,サイト現行既定は「オッズ反比例の賭け金・固定払戻の意図」(WEB_DEFINITION)。CSV作成時点の方式である証明にはならない,EQUAL_STAKE|EQUAL_PAYOUT,Y,Y,YES_PUBLIC_SCOPE_UNRULED,18,,,,N_WEIGHTED_MEAN_OF_PCT: sum(ROI_i*n_i)/sum(n_i) を整数丸め,UNVERIFIED_AGGREGATION,LEGACY_SIRE_TRAINER_CODE,二重丸め(掲載値が整数%＋加重平均後に再度整数丸め),,,,,UNKNOWN,,DB_KEIBA,roi_presence_raw と完全に1対1でROI記入の有無の言い換え。行の出所ではない,1,,,UNVERIFIED(表示基準日がページ間で不一致: トップ2026-08-16/使い方2026-05-17),TOP10,,HOLD_MERGE+HOLD_METHOD+HOLD_ASOF+HOLD_ID,①購入方式の確定 ②分母(賭け金総額・払戻総額)の入手 ③加重平均の再現可否検証 ④場/距離/回りの重複排除
rec_4f3b2ba453e295cff22ea9ee8068c27aecb8f575f25e263f8a5430bc1228bc0f,PRIMARY_TRAINER,TrainerCond_連結済み_20260701.csv,122,TRAINER,武 英智,,NAME_KEY_ONLY_UNVERIFIED_OFFICIAL_ID,函館,NAMED_CONDITION,PARSED,,,,,,,,,,,WIN_ROI_PCT|PLACE_ROI_PCT|N_STARTS,UNKNOWN,サイト現行既定は「オッズ反比例の賭け金・固定払戻の意図」(WEB_DEFINITION)。CSV作成時点の方式である証明にはならない,EQUAL_STAKE|EQUAL_PAYOUT,Y,Y,YES_PUBLIC_SCOPE_UNRULED,58,,,,N_WEIGHTED_MEAN_OF_PCT: sum(ROI_i*n_i)/sum(n_i) を整数丸め,UNVERIFIED_AGGREGATION,LEGACY_SIRE_TRAINER_CODE,二重丸め(掲載値が整数%＋加重平均後に再度整数丸め),,,,,UNKNOWN,,DB_KEIBA,roi_presence_raw と完全に1対1でROI記入の有無の言い換え。行の出所ではない,6,,,UNVERIFIED(表示基準日がページ間で不一致: トップ2026-08-16/使い方2026-05-17),TOP10,,HOLD_MERGE+HOLD_METHOD+HOLD_ASOF+HOLD_ID,①購入方式の確定 ②分母(賭け金総額・払戻総額)の入手 ③加重平均の再現可否検証 ④場/距離/回りの重複排除
rec_c0a149450aafe2f4f633cb2ef6d700dcc558505bdba50ade0915642a559d0f55,PRIMARY_TRAINER,TrainerCond_連結済み_20260701.csv,123,TRAINER,井上 智史,,NAME_KEY_ONLY_UNVERIFIED_OFFICIAL_ID,函館,NAMED_CONDITION,PARSED,,,,,,,,,,,,UNKNOWN,,,N,N,NOT_APPLICABLE,,,,,,NOT_APPLICABLE_NO_ROI,,,,,,,UNKNOWN,,BOOK_OR_UNSPECIFIED_ROI_SOURCE,roi_presence_raw と完全に1対1でROI記入の有無の言い換え。行の出所ではない,10,,,UNVERIFIED(表示基準日がページ間で不一致: トップ2026-08-16/使い方2026-05-17),TOP10,MISSING_ROI,NOT_AVAILABLE,原表と方式を入手するまで使用しない。原行は保持
rec_35e1b7322be9f150a2f86ec3a6f42a5b12c1affeeb76c8184fa7b583e62816bc,PRIMARY_TRAINER,TrainerCond_連結済み_20260701.csv,124,TRAINER,浅利 英明,,NAME_KEY_ONLY_UNVERIFIED_OFFICIAL_ID,函館,NAMED_CONDITION,PARSED,,,,,,,,,,,,UNKNOWN,,,N,N,NOT_APPLICABLE,,,,,,NOT_APPLICABLE_NO_ROI,,,,,,,UNKNOWN,,BOOK_OR_UNSPECIFIED_ROI_SOURCE,roi_presence_raw と完全に1対1でROI記入の有無の言い換え。行の出所ではない,5,,,UNVERIFIED(表示基準日がページ間で不一致: トップ2026-08-16/使い方2026-05-17),TOP10,MISSING_ROI,NOT_AVAILABLE,原表と方式を入手するまで使用しない。原行は保持
rec_2b88f0b5f80b8f9ca175e823884adac6f5dc56c5418fe50a1a39c734fed4e05b,PRIMARY_TRAINER,TrainerCond_連結済み_20260701.csv,125,TRAINER,田中 剛,,NAME_KEY_ONLY_UNVERIFIED_OFFICIAL_ID,函館,NAMED_CONDITION,PARSED,,,,,,,,,,,,UNKNOWN,,,N,N,NOT_APPLICABLE,,,,,,NOT_APPLICABLE_NO_ROI,,,,,,,UNKNOWN,,BOOK_OR_UNSPECIFIED_ROI_SOURCE,roi_presence_raw と完全に1対1でROI記入の有無の言い換え。行の出所ではない,1,,,UNVERIFIED(表示基準日がページ間で不一致: トップ2026-08-16/使い方2026-05-17),TOP10,MISSING_ROI,NOT_AVAILABLE,原表と方式を入手するまで使用しない。原行は保持
rec_d11c0c41ba2c6445154023f3edd732167ea9c698aaafd8eea737291f39d12055,PRIMARY_TRAINER,TrainerCond_連結済み_20260701.csv,126,TRAINER,土田 稔,,NAME_KEY_ONLY_UNVERIFIED_OFFICIAL_ID,函館,NAMED_CONDITION,PARSED,,,,,,,,,,,,UNKNOWN,,,N,N,NOT_APPLICABLE,,,,,,NOT_APPLICABLE_NO_ROI,,,,,,,UNKNOWN,,BOOK_OR_UNSPECIFIED_ROI_SOURCE,roi_presence_raw と完全に1対1でROI記入の有無の言い換え。行の出所ではない,6,,,UNVERIFIED(表示基準日がページ間で不一致: トップ2026-08-16/使い方2026-05-17),TOP10,MISSING_ROI,NOT_AVAILABLE,原表と方式を入手するまで使用しない。原行は保持
rec_8484545d381b9fea6948fcacea4f2ecd0fc9a99a9f97ab7048c644eaedc4fd92,PRIMARY_TRAINER,TrainerCond_連結済み_20260701.csv,127,TRAINER,戸田 博文,,NAME_KEY_ONLY_UNVERIFIED_OFFICIAL_ID,函館,NAMED_CONDITION,PARSED,,,,,,,,,,,,UNKNOWN,,,N,N,NOT_APPLICABLE,,,,,,NOT_APPLICABLE_NO_ROI,,,,,,,UNKNOWN,,BOOK_OR_UNSPECIFIED_ROI_SOURCE,roi_presence_raw と完全に1対1でROI記入の有無の言い換え。行の出所ではない,1,,,UNVERIFIED(表示基準日がページ間で不一致: トップ2026-08-16/使い方2026-05-17),TOP10,MISSING_ROI,NOT_AVAILABLE,原表と方式を入手するまで使用しない。原行は保持
rec_95619fd63027b6856f7ba4eb9c3f9a4f1f5595ca71d94aefedfd6165e8f7537e,PRIMARY_TRAINER,TrainerCond_連結済み_20260701.csv,128,TRAINER,小椋 研介,,NAME_KEY_ONLY_UNVERIFIED_OFFICIAL_ID,函館,NAMED_CONDITION,PARSED,,,,,,,,,,,,UNKNOWN,,,N,N,NOT_APPLICABLE,,,,,,NOT_APPLICABLE_NO_ROI,,,,,,,UNKNOWN,,BOOK_OR_UNSPECIFIED_ROI_SOURCE,roi_presence_raw と完全に1対1でROI記入の有無の言い換え。行の出所ではない,3,,,UNVERIFIED(表示基準日がページ間で不一致: トップ2026-08-16/使い方2026-05-17),ワースト3,MISSING_ROI,NOT_AVAILABLE,原表と方式を入手するまで使用しない。原行は保持
rec_86529febfd9d46587c50f0dc8c8c812f61c6892e2721e14c17ac4772f6f4cb2e,PRIMARY_TRAINER,TrainerCond_連結済み_20260701.csv,129,TRAINER,松山 将樹,,NAME_KEY_ONLY_UNVERIFIED_OFFICIAL_ID,函館,NAMED_CONDITION,PARSED,,,,,,,,,,,,UNKNOWN,,,N,N,NOT_APPLICABLE,,,,,,NOT_APPLICABLE_NO_ROI,,,,,,,UNKNOWN,,BOOK_OR_UNSPECIFIED_ROI_SOURCE,roi_presence_raw と完全に1対1でROI記入の有無の言い換え。行の出所ではない,4,,,UNVERIFIED(表示基準日がページ間で不一致: トップ2026-08-16/使い方2026-05-17),ワースト3,MISSING_ROI,NOT_AVAILABLE,原表と方式を入手するまで使用しない。原行は保持
rec_25747d76aac11c40b3765269067e7c0e3b5758db93f3c6ea2605ad8ed0c01aea,PRIMARY_TRAINER,TrainerCond_連結済み_20260701.csv,130,TRAINER,加藤 和宏,,NAME_KEY_ONLY_UNVERIFIED_OFFICIAL_ID,函館,NAMED_CONDITION,PARSED,,,,,,,,,,,,UNKNOWN,,,N,N,NOT_APPLICABLE,,,,,,NOT_APPLICABLE_NO_ROI,,,,,,,UNKNOWN,,BOOK_OR_UNSPECIFIED_ROI_SOURCE,roi_presence_raw と完全に1対1でROI記入の有無の言い換え。行の出所ではない,7,,,UNVERIFIED(表示基準日がページ間で不一致: トップ2026-08-16/使い方2026-05-17),ワースト3,MISSING_ROI,NOT_AVAILABLE,原表と方式を入手するまで使用しない。原行は保持
rec_f71d5bf5e48451c2c85631a88e7938ef42b8e9fe09b5fd9086a9cbd9a33d8bd3,PRIMARY_TRAINER,TrainerCond_連結済み_20260701.csv,131,TRAINER,佐藤 悠太,,NAME_KEY_ONLY_UNVERIFIED_OFFICIAL_ID,福島,NAMED_CONDITION,PARSED,,,,,,,,,,,,UNKNOWN,,,N,N,NOT_APPLICABLE,,,,,,NOT_APPLICABLE_NO_ROI,,,,,,,UNKNOWN,,BOOK_OR_UNSPECIFIED_ROI_SOURCE,roi_presence_raw と完全に1対1でROI記入の有無の言い換え。行の出所ではない,6,,,UNVERIFIED(表示基準日がページ間で不一致: トップ2026-08-16/使い方2026-05-17),TOP10,MISSING_ROI,NOT_AVAILABLE,原表と方式を入手するまで使用しない。原行は保持
rec_fc32fbe0bc0b19bfc0b4e9bf431d0f2f58ddec3cf108be10b61644286b375d53,PRIMARY_TRAINER,TrainerCond_連結済み_20260701.csv,132,TRAINER,前川 恭子,,NAME_KEY_ONLY_UNVERIFIED_OFFICIAL_ID,福島,NAMED_CONDITION,PARSED,,,,,,,,,,,,UNKNOWN,,,N,N,NOT_APPLICABLE,,,,,,NOT_APPLICABLE_NO_ROI,,,,,,,UNKNOWN,,BOOK_OR_UNSPECIFIED_ROI_SOURCE,roi_presence_raw と完全に1対1でROI記入の有無の言い換え。行の出所ではない,9,,,UNVERIFIED(表示基準日がページ間で不一致: トップ2026-08-16/使い方2026-05-17),TOP10,MISSING_ROI,NOT_AVAILABLE,原表と方式を入手するまで使用しない。原行は保持
rec_68bf63b4c52b51964325e88bce5215ea43c3194b654a6dfcb74a4c48f8b4282e,PRIMARY_TRAINER,TrainerCond_連結済み_20260701.csv,133,TRAINER,上原 佑紀,,NAME_KEY_ONLY_UNVERIFIED_OFFICIAL_ID,福島,NAMED_CONDITION,PARSED,,,,,,,,,,,WIN_ROI_PCT|PLACE_ROI_PCT|N_STARTS,UNKNOWN,サイト現行既定は「オッズ反比例の賭け金・固定払戻の意図」(WEB_DEFINITION)。CSV作成時点の方式である証明にはならない,EQUAL_STAKE|EQUAL_PAYOUT,Y,Y,YES_PUBLIC_SCOPE_UNRULED,43,,,,N_WEIGHTED_MEAN_OF_PCT: sum(ROI_i*n_i)/sum(n_i) を整数丸め,UNVERIFIED_AGGREGATION,LEGACY_SIRE_TRAINER_CODE,二重丸め(掲載値が整数%＋加重平均後に再度整数丸め),,,,,UNKNOWN,,DB_KEIBA,roi_presence_raw と完全に1対1でROI記入の有無の言い換え。行の出所ではない,3,,,UNVERIFIED(表示基準日がページ間で不一致: トップ2026-08-16/使い方2026-05-17),TOP10,,HOLD_MERGE+HOLD_METHOD+HOLD_ASOF+HOLD_ID,①購入方式の確定 ②分母(賭け金総額・払戻総額)の入手 ③加重平均の再現可否検証 ④場/距離/回りの重複排除
rec_11720d4f6ea69eb7933933f631b9f20300e2fcbe11b6ffbd0c3b69632b2254b5,PRIMARY_TRAINER,TrainerCond_連結済み_20260701.csv,134,TRAINER,牧浦 充徳,,NAME_KEY_ONLY_UNVERIFIED_OFFICIAL_ID,福島,NAMED_CONDITION,PARSED,,,,,,,,,,,WIN_ROI_PCT|PLACE_ROI_PCT|N_STARTS,UNKNOWN,サイト現行既定は「オッズ反比例の賭け金・固定払戻の意図」(WEB_DEFINITION)。CSV作成時点の方式である証明にはならない,EQUAL_STAKE|EQUAL_PAYOUT,Y,Y,YES_PUBLIC_SCOPE_UNRULED,105,,,,N_WEIGHTED_MEAN_OF_PCT: sum(ROI_i*n_i)/sum(n_i) を整数丸め,UNVERIFIED_AGGREGATION,LEGACY_SIRE_TRAINER_CODE,二重丸め(掲載値が整数%＋加重平均後に再度整数丸め),,,,,UNKNOWN,,DB_KEIBA,roi_presence_raw と完全に1対1でROI記入の有無の言い換え。行の出所ではない,1,,,UNVERIFIED(表示基準日がページ間で不一致: トップ2026-08-16/使い方2026-05-17),TOP10,,HOLD_MERGE+HOLD_METHOD+HOLD_ASOF+HOLD_ID,①購入方式の確定 ②分母(賭け金総額・払戻総額)の入手 ③加重平均の再現可否検証 ④場/距離/回りの重複排除
rec_f8406611a1380b41df53b88df6f94118fa35a5a10de7498a8e9913bbe4114231,PRIMARY_TRAINER,TrainerCond_連結済み_20260701.csv,135,TRAINER,小島 茂之,,NAME_KEY_ONLY_UNVERIFIED_OFFICIAL_ID,福島,NAMED_CONDITION,PARSED,,,,,,,,,,,WIN_ROI_PCT|PLACE_ROI_PCT|N_STARTS,UNKNOWN,サイト現行既定は「オッズ反比例の賭け金・固定払戻の意図」(WEB_DEFINITION)。CSV作成時点の方式である証明にはならない,EQUAL_STAKE|EQUAL_PAYOUT,Y,Y,YES_PUBLIC_SCOPE_UNRULED,15,,,,N_WEIGHTED_MEAN_OF_PCT: sum(ROI_i*n_i)/sum(n_i) を整数丸め,UNVERIFIED_AGGREGATION,LEGACY_SIRE_TRAINER_CODE,二重丸め(掲載値が整数%＋加重平均後に再度整数丸め),,,,,UNKNOWN,,DB_KEIBA,roi_presence_raw と完全に1対1でROI記入の有無の言い換え。行の出所ではない,2,,,UNVERIFIED(表示基準日がページ間で不一致: トップ2026-08-16/使い方2026-05-17),TOP10,,HOLD_MERGE+HOLD_METHOD+HOLD_ASOF+HOLD_ID,①購入方式の確定 ②分母(賭け金総額・払戻総額)の入手 ③加重平均の再現可否検証 ④場/距離/回りの重複排除
rec_38013809e56e04553e6b4b91b335d550b740562e60541b5ace1ddf6b5dc58a0b,PRIMARY_TRAINER,TrainerCond_連結済み_20260701.csv,136,TRAINER,水野 貴広,,NAME_KEY_ONLY_UNVERIFIED_OFFICIAL_ID,福島,NAMED_CONDITION,PARSED,,,,,,,,,,,WIN_ROI_PCT|PLACE_ROI_PCT|N_STARTS,UNKNOWN,サイト現行既定は「オッズ反比例の賭け金・固定払戻の意図」(WEB_DEFINITION)。CSV作成時点の方式である証明にはならない,EQUAL_STAKE|EQUAL_PAYOUT,Y,Y,YES_PUBLIC_SCOPE_UNRULED,10,,,,N_WEIGHTED_MEAN_OF_PCT: sum(ROI_i*n_i)/sum(n_i) を整数丸め,UNVERIFIED_AGGREGATION,LEGACY_SIRE_TRAINER_CODE,二重丸め(掲載値が整数%＋加重平均後に再度整数丸め),,,,,UNKNOWN,,DB_KEIBA,roi_presence_raw と完全に1対1でROI記入の有無の言い換え。行の出所ではない,1,,,UNVERIFIED(表示基準日がページ間で不一致: トップ2026-08-16/使い方2026-05-17),TOP10,,HOLD_MERGE+HOLD_METHOD+HOLD_ASOF+HOLD_ID,①購入方式の確定 ②分母(賭け金総額・払戻総額)の入手 ③加重平均の再現可否検証 ④場/距離/回りの重複排除
rec_1afc3b7bd1b1ac14a8dba3c9f33b5949a6fdabc033be78383b41ab28acef373a,PRIMARY_TRAINER,TrainerCond_連結済み_20260701.csv,137,TRAINER,武藤 善則,,NAME_KEY_ONLY_UNVERIFIED_OFFICIAL_ID,福島,NAMED_CONDITION,PARSED,,,,,,,,,,,WIN_ROI_PCT|PLACE_ROI_PCT|N_STARTS,UNKNOWN,サイト現行既定は「オッズ反比例の賭け金・固定払戻の意図」(WEB_DEFINITION)。CSV作成時点の方式である証明にはならない,EQUAL_STAKE|EQUAL_PAYOUT,Y,Y,YES_PUBLIC_SCOPE_UNRULED,29,,,,N_WEIGHTED_MEAN_OF_PCT: sum(ROI_i*n_i)/sum(n_i) を整数丸め,UNVERIFIED_AGGREGATION,LEGACY_SIRE_TRAINER_CODE,二重丸め(掲載値が整数%＋加重平均後に再度整数丸め),,,,,UNKNOWN,,DB_KEIBA,roi_presence_raw と完全に1対1でROI記入の有無の言い換え。行の出所ではない,1,,,UNVERIFIED(表示基準日がページ間で不一致: トップ2026-08-16/使い方2026-05-17),TOP10,,HOLD_MERGE+HOLD_METHOD+HOLD_ASOF+HOLD_ID,①購入方式の確定 ②分母(賭け金総額・払戻総額)の入手 ③加重平均の再現可否検証 ④場/距離/回りの重複排除
rec_89207cac988d4a2aece8383b499dec823d116cf9a81335c5d11e41c1c4eb067b,PRIMARY_TRAINER,TrainerCond_連結済み_20260701.csv,138,TRAINER,青木 孝文,,NAME_KEY_ONLY_UNVERIFIED_OFFICIAL_ID,福島,NAMED_CONDITION,PARSED,,,,,,,,,,,WIN_ROI_PCT|PLACE_ROI_PCT|N_STARTS,UNKNOWN,サイト現行既定は「オッズ反比例の賭け金・固定払戻の意図」(WEB_DEFINITION)。CSV作成時点の方式である証明にはならない,EQUAL_STAKE|EQUAL_PAYOUT,Y,Y,YES_PUBLIC_SCOPE_UNRULED,29,,,,N_WEIGHTED_MEAN_OF_PCT: sum(ROI_i*n_i)/sum(n_i) を整数丸め,UNVERIFIED_AGGREGATION,LEGACY_SIRE_TRAINER_CODE,二重丸め(掲載値が整数%＋加重平均後に再度整数丸め),,,,,UNKNOWN,,DB_KEIBA,roi_presence_raw と完全に1対1でROI記入の有無の言い換え。行の出所ではない,4,,,UNVERIFIED(表示基準日がページ間で不一致: トップ2026-08-16/使い方2026-05-17),TOP10,,HOLD_MERGE+HOLD_METHOD+HOLD_ASOF+HOLD_ID,①購入方式の確定 ②分母(賭け金総額・払戻総額)の入手 ③加重平均の再現可否検証 ④場/距離/回りの重複排除
rec_1a95f63f56340d2e3e909c0124b92dc68d28285c9df49891c3b8b72139add74e,PRIMARY_TRAINER,TrainerCond_連結済み_20260701.csv,139,TRAINER,松山 将樹,,NAME_KEY_ONLY_UNVERIFIED_OFFICIAL_ID,福島,NAMED_CONDITION,PARSED,,,,,,,,,,,,UNKNOWN,,,N,N,NOT_APPLICABLE,,,,,,NOT_APPLICABLE_NO_ROI,,,,,,,UNKNOWN,,BOOK_OR_UNSPECIFIED_ROI_SOURCE,roi_presence_raw と完全に1対1でROI記入の有無の言い換え。行の出所ではない,4,,,UNVERIFIED(表示基準日がページ間で不一致: トップ2026-08-16/使い方2026-05-17),TOP10,MISSING_ROI,NOT_AVAILABLE,原表と方式を入手するまで使用しない。原行は保持
rec_4dd2024c57a5ed16c398432dc697fb34866ff2a844ec47dbe4d6e658bd3e55a1,PRIMARY_TRAINER,TrainerCond_連結済み_20260701.csv,140,TRAINER,佐藤 吉勝,,NAME_KEY_ONLY_UNVERIFIED_OFFICIAL_ID,福島,NAMED_CONDITION,PARSED,,,,,,,,,,,,UNKNOWN,,,N,N,NOT_APPLICABLE,,,,,,NOT_APPLICABLE_NO_ROI,,,,,,,UNKNOWN,,BOOK_OR_UNSPECIFIED_ROI_SOURCE,roi_presence_raw と完全に1対1でROI記入の有無の言い換え。行の出所ではない,5,,,UNVERIFIED(表示基準日がページ間で不一致: トップ2026-08-16/使い方2026-05-17),TOP10,MISSING_ROI,NOT_AVAILABLE,原表と方式を入手するまで使用しない。原行は保持
rec_a8d288b8c8291069a7daba3355987a749f793c714cb33365b8d0d6febf8500e3,PRIMARY_TRAINER,TrainerCond_連結済み_20260701.csv,141,TRAINER,柄崎 将寿,,NAME_KEY_ONLY_UNVERIFIED_OFFICIAL_ID,福島,NAMED_CONDITION,PARSED,,,,,,,,,,,,UNKNOWN,,,N,N,NOT_APPLICABLE,,,,,,NOT_APPLICABLE_NO_ROI,,,,,,,UNKNOWN,,BOOK_OR_UNSPECIFIED_ROI_SOURCE,roi_presence_raw と完全に1対1でROI記入の有無の言い換え。行の出所ではない,3,,,UNVERIFIED(表示基準日がページ間で不一致: トップ2026-08-16/使い方2026-05-17),ワースト3,MISSING_ROI,NOT_AVAILABLE,原表と方式を入手するまで使用しない。原行は保持
rec_26ea62153f6e8106b3f0b34d63dd02a1e3924df91d48a763df33563c684c219a,PRIMARY_TRAINER,TrainerCond_連結済み_20260701.csv,142,TRAINER,加藤 和宏,,NAME_KEY_ONLY_UNVERIFIED_OFFICIAL_ID,福島,NAMED_CONDITION,PARSED,,,,,,,,,,,,UNKNOWN,,,N,N,NOT_APPLICABLE,,,,,,NOT_APPLICABLE_NO_ROI,,,,,,,UNKNOWN,,BOOK_OR_UNSPECIFIED_ROI_SOURCE,roi_presence_raw と完全に1対1でROI記入の有無の言い換え。行の出所ではない,7,,,UNVERIFIED(表示基準日がページ間で不一致: トップ2026-08-16/使い方2026-05-17),ワースト3,MISSING_ROI,NOT_AVAILABLE,原表と方式を入手するまで使用しない。原行は保持
rec_5d31f91c29a6d3c522a19a41cea7c94287fa4876547991d33b6e83c14672b03e,PRIMARY_TRAINER,TrainerCond_連結済み_20260701.csv,143,TRAINER,菅野 浩二,,NAME_KEY_ONLY_UNVERIFIED_OFFICIAL_ID,福島,NAMED_CONDITION,PARSED,,,,,,,,,,,,UNKNOWN,,,N,N,NOT_APPLICABLE,,,,,,NOT_APPLICABLE_NO_ROI,,,,,,,UNKNOWN,,BOOK_OR_UNSPECIFIED_ROI_SOURCE,roi_presence_raw と完全に1対1でROI記入の有無の言い換え。行の出所ではない,3,,,UNVERIFIED(表示基準日がページ間で不一致: トップ2026-08-16/使い方2026-05-17),ワースト3,MISSING_ROI,NOT_AVAILABLE,原表と方式を入手するまで使用しない。原行は保持
rec_36e300b755bae2eb28f66022f6bb350fdf96c042624d77162326eeac62511bcb,PRIMARY_TRAINER,TrainerCond_連結済み_20260701.csv,144,TRAINER,小手川 準,,NAME_KEY_ONLY_UNVERIFIED_OFFICIAL_ID,新潟,NAMED_CONDITION,PARSED,,,,,,,,,,,,UNKNOWN,,,N,N,NOT_APPLICABLE,,,,,,NOT_APPLICABLE_NO_ROI,,,,,,,UNKNOWN,,BOOK_OR_UNSPECIFIED_ROI_SOURCE,roi_presence_raw と完全に1対1でROI記入の有無の言い換え。行の出所ではない,1,,,UNVERIFIED(表示基準日がページ間で不一致: トップ2026-08-16/使い方2026-05-17),TOP10,MISSING_ROI,NOT_AVAILABLE,原表と方式を入手するまで使用しない。原行は保持
rec_54e35cc4932fadb00230b124302d57b2b27fb89c3d559697a0c3eaa45994db8d,PRIMARY_TRAINER,TrainerCond_連結済み_20260701.csv,145,TRAINER,菊川 正達,,NAME_KEY_ONLY_UNVERIFIED_OFFICIAL_ID,新潟,NAMED_CONDITION,PARSED,,,,,,,,,,,,UNKNOWN,,,N,N,NOT_APPLICABLE,,,,,,NOT_APPLICABLE_NO_ROI,,,,,,,UNKNOWN,,BOOK_OR_UNSPECIFIED_ROI_SOURCE,roi_presence_raw と完全に1対1でROI記入の有無の言い換え。行の出所ではない,4,,,UNVERIFIED(表示基準日がページ間で不一致: トップ2026-08-16/使い方2026-05-17),TOP10,MISSING_ROI,NOT_AVAILABLE,原表と方式を入手するまで使用しない。原行は保持
rec_651f19301435b91dab52f7083b1826654ae6da8ae77fff4d9b5e103c55839955,PRIMARY_TRAINER,TrainerCond_連結済み_20260701.csv,146,TRAINER,清水 英克,,NAME_KEY_ONLY_UNVERIFIED_OFFICIAL_ID,新潟,NAMED_CONDITION,PARSED,,,,,,,,,,,WIN_ROI_PCT|PLACE_ROI_PCT|N_STARTS,UNKNOWN,サイト現行既定は「オッズ反比例の賭け金・固定払戻の意図」(WEB_DEFINITION)。CSV作成時点の方式である証明にはならない,EQUAL_STAKE|EQUAL_PAYOUT,Y,Y,YES_PUBLIC_SCOPE_UNRULED,35,,,,N_WEIGHTED_MEAN_OF_PCT: sum(ROI_i*n_i)/sum(n_i) を整数丸め,UNVERIFIED_AGGREGATION,LEGACY_SIRE_TRAINER_CODE,二重丸め(掲載値が整数%＋加重平均後に再度整数丸め),,,,,UNKNOWN,,DB_KEIBA,roi_presence_raw と完全に1対1でROI記入の有無の言い換え。行の出所ではない,2,,,UNVERIFIED(表示基準日がページ間で不一致: トップ2026-08-16/使い方2026-05-17),TOP10,,HOLD_MERGE+HOLD_METHOD+HOLD_ASOF+HOLD_ID,①購入方式の確定 ②分母(賭け金総額・払戻総額)の入手 ③加重平均の再現可否検証 ④場/距離/回りの重複排除
rec_d9ba5b9b9002b62b25b492e477aac34d7d2b74deea80c8d3e156e8cd1a3a1303,PRIMARY_TRAINER,TrainerCond_連結済み_20260701.csv,147,TRAINER,西園 翔太,,NAME_KEY_ONLY_UNVERIFIED_OFFICIAL_ID,新潟,NAMED_CONDITION,PARSED,,,,,,,,,,,,UNKNOWN,,,N,N,NOT_APPLICABLE,,,,,,NOT_APPLICABLE_NO_ROI,,,,,,,UNKNOWN,,BOOK_OR_UNSPECIFIED_ROI_SOURCE,roi_presence_raw と完全に1対1でROI記入の有無の言い換え。行の出所ではない,4,,,UNVERIFIED(表示基準日がページ間で不一致: トップ2026-08-16/使い方2026-05-17),TOP10,MISSING_ROI,NOT_AVAILABLE,原表と方式を入手するまで使用しない。原行は保持
rec_fa12ed740c3b9f8e061e90b5f8bb0fcd23a418c43e0f461fe3816d95193e4636,PRIMARY_TRAINER,TrainerCond_連結済み_20260701.csv,148,TRAINER,森 一誠,,NAME_KEY_ONLY_UNVERIFIED_OFFICIAL_ID,新潟,NAMED_CONDITION,PARSED,,,,,,,,,,,WIN_ROI_PCT|PLACE_ROI_PCT|N_STARTS,UNKNOWN,サイト現行既定は「オッズ反比例の賭け金・固定払戻の意図」(WEB_DEFINITION)。CSV作成時点の方式である証明にはならない,EQUAL_STAKE|EQUAL_PAYOUT,Y,Y,YES_PUBLIC_SCOPE_UNRULED,5,,,,N_WEIGHTED_MEAN_OF_PCT: sum(ROI_i*n_i)/sum(n_i) を整数丸め,UNVERIFIED_AGGREGATION,LEGACY_SIRE_TRAINER_CODE,二重丸め(掲載値が整数%＋加重平均後に再度整数丸め),,,,,UNKNOWN,,DB_KEIBA,roi_presence_raw と完全に1対1でROI記入の有無の言い換え。行の出所ではない,4,,,UNVERIFIED(表示基準日がページ間で不一致: トップ2026-08-16/使い方2026-05-17),TOP10,,HOLD_MERGE+HOLD_METHOD+HOLD_ASOF+HOLD_ID,①購入方式の確定 ②分母(賭け金総額・払戻総額)の入手 ③加重平均の再現可否検証 ④場/距離/回りの重複排除
rec_74e89b6e5c51bfc9c48e6359fe53e66367cdae1e9200a01a6ed75d55abab0fe8,PRIMARY_TRAINER,TrainerCond_連結済み_20260701.csv,149,TRAINER,角田 晃一,,NAME_KEY_ONLY_UNVERIFIED_OFFICIAL_ID,新潟,NAMED_CONDITION,PARSED,,,,,,,,,,,,UNKNOWN,,,N,N,NOT_APPLICABLE,,,,,,NOT_APPLICABLE_NO_ROI,,,,,,,UNKNOWN,,BOOK_OR_UNSPECIFIED_ROI_SOURCE,roi_presence_raw と完全に1対1でROI記入の有無の言い換え。行の出所ではない,6,,,UNVERIFIED(表示基準日がページ間で不一致: トップ2026-08-16/使い方2026-05-17),TOP10,MISSING_ROI,NOT_AVAILABLE,原表と方式を入手するまで使用しない。原行は保持
rec_ec0fe793be418b9d536e08d5d8230453adb3f03c973ce96139ac1092164edaac,PRIMARY_TRAINER,TrainerCond_連結済み_20260701.csv,150,TRAINER,鹿戸 雄一,,NAME_KEY_ONLY_UNVERIFIED_OFFICIAL_ID,新潟,NAMED_CONDITION,PARSED,,,,,,,,,,,WIN_ROI_PCT|PLACE_ROI_PCT|N_STARTS,UNKNOWN,サイト現行既定は「オッズ反比例の賭け金・固定払戻の意図」(WEB_DEFINITION)。CSV作成時点の方式である証明にはならない,EQUAL_STAKE|EQUAL_PAYOUT,Y,Y,YES_PUBLIC_SCOPE_UNRULED,131,,,,N_WEIGHTED_MEAN_OF_PCT: sum(ROI_i*n_i)/sum(n_i) を整数丸め,UNVERIFIED_AGGREGATION,LEGACY_SIRE_TRAINER_CODE,二重丸め(掲載値が整数%＋加重平均後に再度整数丸め),,,,,UNKNOWN,,DB_KEIBA,roi_presence_raw と完全に1対1でROI記入の有無の言い換え。行の出所ではない,2,,,UNVERIFIED(表示基準日がページ間で不一致: トップ2026-08-16/使い方2026-05-17),TOP10,,HOLD_MERGE+HOLD_METHOD+HOLD_ASOF+HOLD_ID,①購入方式の確定 ②分母(賭け金総額・払戻総額)の入手 ③加重平均の再現可否検証 ④場/距離/回りの重複排除
rec_0a7f28b609bc29e3736906f7d2f45c677c22c9495bbe0aff9813b60e43dce6e2,PRIMARY_TRAINER,TrainerCond_連結済み_20260701.csv,151,TRAINER,高柳 瑞樹,,NAME_KEY_ONLY_UNVERIFIED_OFFICIAL_ID,新潟,NAMED_CONDITION,PARSED,,,,,,,,,,,WIN_ROI_PCT|PLACE_ROI_PCT|N_STARTS,UNKNOWN,サイト現行既定は「オッズ反比例の賭け金・固定払戻の意図」(WEB_DEFINITION)。CSV作成時点の方式である証明にはならない,EQUAL_STAKE|EQUAL_PAYOUT,Y,Y,YES_PUBLIC_SCOPE_UNRULED,14,,,,N_WEIGHTED_MEAN_OF_PCT: sum(ROI_i*n_i)/sum(n_i) を整数丸め,UNVERIFIED_AGGREGATION,LEGACY_SIRE_TRAINER_CODE,二重丸め(掲載値が整数%＋加重平均後に再度整数丸め),,,,,UNKNOWN,,DB_KEIBA,roi_presence_raw と完全に1対1でROI記入の有無の言い換え。行の出所ではない,1,,,UNVERIFIED(表示基準日がページ間で不一致: トップ2026-08-16/使い方2026-05-17),TOP10,,HOLD_MERGE+HOLD_METHOD+HOLD_ASOF+HOLD_ID,①購入方式の確定 ②分母(賭け金総額・払戻総額)の入手 ③加重平均の再現可否検証 ④場/距離/回りの重複排除
rec_f39539ff17e7d77857e27663a230b3a8a8b9567964bce01e71d01f687123d3e4,PRIMARY_TRAINER,TrainerCond_連結済み_20260701.csv,152,TRAINER,中尾 秀正,,NAME_KEY_ONLY_UNVERIFIED_OFFICIAL_ID,新潟,NAMED_CONDITION,PARSED,,,,,,,,,,,,UNKNOWN,,,N,N,NOT_APPLICABLE,,,,,,NOT_APPLICABLE_NO_ROI,,,,,,,UNKNOWN,,BOOK_OR_UNSPECIFIED_ROI_SOURCE,roi_presence_raw と完全に1対1でROI記入の有無の言い換え。行の出所ではない,3,,,UNVERIFIED(表示基準日がページ間で不一致: トップ2026-08-16/使い方2026-05-17),TOP10,MISSING_ROI,NOT_AVAILABLE,原表と方式を入手するまで使用しない。原行は保持
rec_7d7c72ba8a68eea369539a7eb1301599242ac070f92aeb9d17aa1dc0aafcb0a1,PRIMARY_TRAINER,TrainerCond_連結済み_20260701.csv,153,TRAINER,菊沢 隆徳,,NAME_KEY_ONLY_UNVERIFIED_OFFICIAL_ID,新潟,NAMED_CONDITION,PARSED,,,,,,,,,,,WIN_ROI_PCT|PLACE_ROI_PCT|N_STARTS,UNKNOWN,サイト現行既定は「オッズ反比例の賭け金・固定払戻の意図」(WEB_DEFINITION)。CSV作成時点の方式である証明にはならない,EQUAL_STAKE|EQUAL_PAYOUT,Y,Y,YES_PUBLIC_SCOPE_UNRULED,66,,,,N_WEIGHTED_MEAN_OF_PCT: sum(ROI_i*n_i)/sum(n_i) を整数丸め,UNVERIFIED_AGGREGATION,LEGACY_SIRE_TRAINER_CODE,二重丸め(掲載値が整数%＋加重平均後に再度整数丸め),,,,,UNKNOWN,,DB_KEIBA,roi_presence_raw と完全に1対1でROI記入の有無の言い換え。行の出所ではない,1,,,UNVERIFIED(表示基準日がページ間で不一致: トップ2026-08-16/使い方2026-05-17),TOP10,,HOLD_MERGE+HOLD_METHOD+HOLD_ASOF+HOLD_ID,①購入方式の確定 ②分母(賭け金総額・払戻総額)の入手 ③加重平均の再現可否検証 ④場/距離/回りの重複排除
rec_baaad0409befa17e7d9784d340df78638947bcf0ca725abd25df5bbb9964b1dc,PRIMARY_TRAINER,TrainerCond_連結済み_20260701.csv,154,TRAINER,土田 稔,,NAME_KEY_ONLY_UNVERIFIED_OFFICIAL_ID,新潟,NAMED_CONDITION,PARSED,,,,,,,,,,,,UNKNOWN,,,N,N,NOT_APPLICABLE,,,,,,NOT_APPLICABLE_NO_ROI,,,,,,,UNKNOWN,,BOOK_OR_UNSPECIFIED_ROI_SOURCE,roi_presence_raw と完全に1対1でROI記入の有無の言い換え。行の出所ではない,6,,,UNVERIFIED(表示基準日がページ間で不一致: トップ2026-08-16/使い方2026-05-17),ワースト3,MISSING_ROI,NOT_AVAILABLE,原表と方式を入手するまで使用しない。原行は保持
rec_f0229a596f728ac6923f5cdf265768c159638b401015cba80bd5e0d5ba81e33b,PRIMARY_TRAINER,TrainerCond_連結済み_20260701.csv,155,TRAINER,的場 均,,NAME_KEY_ONLY_UNVERIFIED_OFFICIAL_ID,新潟,NAMED_CONDITION,PARSED,,,,,,,,,,,,UNKNOWN,,,N,N,NOT_APPLICABLE,,,,,,NOT_APPLICABLE_NO_ROI,,,,,,,UNKNOWN,,BOOK_OR_UNSPECIFIED_ROI_SOURCE,roi_presence_raw と完全に1対1でROI記入の有無の言い換え。行の出所ではない,13,,,UNVERIFIED(表示基準日がページ間で不一致: トップ2026-08-16/使い方2026-05-17),ワースト3,MISSING_ROI,NOT_AVAILABLE,原表と方式を入手するまで使用しない。原行は保持
rec_950ef22c2bb494f9861ab758e1bc0228e251735a9e6e8048a1c62416cf516938,PRIMARY_TRAINER,TrainerCond_連結済み_20260701.csv,156,TRAINER,矢嶋 大樹,,NAME_KEY_ONLY_UNVERIFIED_OFFICIAL_ID,新潟,NAMED_CONDITION,PARSED,,,,,,,,,,,,UNKNOWN,,,N,N,NOT_APPLICABLE,,,,,,NOT_APPLICABLE_NO_ROI,,,,,,,UNKNOWN,,BOOK_OR_UNSPECIFIED_ROI_SOURCE,roi_presence_raw と完全に1対1でROI記入の有無の言い換え。行の出所ではない,3,,,UNVERIFIED(表示基準日がページ間で不一致: トップ2026-08-16/使い方2026-05-17),ワースト3,MISSING_ROI,NOT_AVAILABLE,原表と方式を入手するまで使用しない。原行は保持
rec_01880c79730853130db7c5505003f43f2459147051e1054f23c42f0c518a6dd5,PRIMARY_TRAINER,TrainerCond_連結済み_20260701.csv,157,TRAINER,千葉 直人,,NAME_KEY_ONLY_UNVERIFIED_OFFICIAL_ID,東京,NAMED_CONDITION,PARSED,,,,,,,,,,,,UNKNOWN,,,N,N,NOT_APPLICABLE,,,,,,NOT_APPLICABLE_NO_ROI,,,,,,,UNKNOWN,,BOOK_OR_UNSPECIFIED_ROI_SOURCE,roi_presence_raw と完全に1対1でROI記入の有無の言い換え。行の出所ではない,10,,,UNVERIFIED(表示基準日がページ間で不一致: トップ2026-08-16/使い方2026-05-17),TOP10,MISSING_ROI,NOT_AVAILABLE,原表と方式を入手するまで使用しない。原行は保持
rec_63c5b32de772f4674eef47f46d3f0bbec84e870a24920b25e14887304b717d1f,PRIMARY_TRAINER,TrainerCond_連結済み_20260701.csv,158,TRAINER,高木 登,,NAME_KEY_ONLY_UNVERIFIED_OFFICIAL_ID,東京,NAMED_CONDITION,PARSED,,,,,,,,,,,WIN_ROI_PCT|PLACE_ROI_PCT|N_STARTS,UNKNOWN,サイト現行既定は「オッズ反比例の賭け金・固定払戻の意図」(WEB_DEFINITION)。CSV作成時点の方式である証明にはならない,EQUAL_STAKE|EQUAL_PAYOUT,Y,Y,YES_PUBLIC_SCOPE_UNRULED,182,,,,N_WEIGHTED_MEAN_OF_PCT: sum(ROI_i*n_i)/sum(n_i) を整数丸め,UNVERIFIED_AGGREGATION,LEGACY_SIRE_TRAINER_CODE,二重丸め(掲載値が整数%＋加重平均後に再度整数丸め),,,,,UNKNOWN,,DB_KEIBA,roi_presence_raw と完全に1対1でROI記入の有無の言い換え。行の出所ではない,5,,,UNVERIFIED(表示基準日がページ間で不一致: トップ2026-08-16/使い方2026-05-17),TOP10,,HOLD_MERGE+HOLD_METHOD+HOLD_ASOF+HOLD_ID,①購入方式の確定 ②分母(賭け金総額・払戻総額)の入手 ③加重平均の再現可否検証 ④場/距離/回りの重複排除
rec_5034e3b8aae5af9515baaaa77d8fa033a02065736fac00d4be8f32ed073de13f,PRIMARY_TRAINER,TrainerCond_連結済み_20260701.csv,159,TRAINER,井上 智史,,NAME_KEY_ONLY_UNVERIFIED_OFFICIAL_ID,東京,NAMED_CONDITION,PARSED,,,,,,,,,,,,UNKNOWN,,,N,N,NOT_APPLICABLE,,,,,,NOT_APPLICABLE_NO_ROI,,,,,,,UNKNOWN,,BOOK_OR_UNSPECIFIED_ROI_SOURCE,roi_presence_raw と完全に1対1でROI記入の有無の言い換え。行の出所ではない,10,,,UNVERIFIED(表示基準日がページ間で不一致: トップ2026-08-16/使い方2026-05-17),TOP10,MISSING_ROI,NOT_AVAILABLE,原表と方式を入手するまで使用しない。原行は保持
rec_4bbb12987d11c0bb58e5c2a5fd9afd10b04dcf041bb99c592c01fe1e1797f0ad,PRIMARY_TRAINER,TrainerCond_連結済み_20260701.csv,160,TRAINER,鈴木 慎太郎,,NAME_KEY_ONLY_UNVERIFIED_OFFICIAL_ID,東京,NAMED_CONDITION,PARSED,,,,,,,,,,,,UNKNOWN,,,N,N,NOT_APPLICABLE,,,,,,NOT_APPLICABLE_NO_ROI,,,,,,,UNKNOWN,,BOOK_OR_UNSPECIFIED_ROI_SOURCE,roi_presence_raw と完全に1対1でROI記入の有無の言い換え。行の出所ではない,8,,,UNVERIFIED(表示基準日がページ間で不一致: トップ2026-08-16/使い方2026-05-17),TOP10,MISSING_ROI,NOT_AVAILABLE,原表と方式を入手するまで使用しない。原行は保持
rec_4dc6d1e3b37500f3607eeb01fc0ce3f4c5635c471fa1d20633c12a5efda37bd2,PRIMARY_TRAINER,TrainerCond_連結済み_20260701.csv,161,TRAINER,竹内 正洋,,NAME_KEY_ONLY_UNVERIFIED_OFFICIAL_ID,東京,NAMED_CONDITION,PARSED,,,,,,,,,,,,UNKNOWN,,,N,N,NOT_APPLICABLE,,,,,,NOT_APPLICABLE_NO_ROI,,,,,,,UNKNOWN,,BOOK_OR_UNSPECIFIED_ROI_SOURCE,roi_presence_raw と完全に1対1でROI記入の有無の言い換え。行の出所ではない,5,,,UNVERIFIED(表示基準日がページ間で不一致: トップ2026-08-16/使い方2026-05-17),TOP10,MISSING_ROI,NOT_AVAILABLE,原表と方式を入手するまで使用しない。原行は保持
rec_dc487dd1c8646837b8a222eb7f3362ed59521a85f888530c47b10900d2e5a0e2,PRIMARY_TRAINER,TrainerCond_連結済み_20260701.csv,162,TRAINER,大和田 成,,NAME_KEY_ONLY_UNVERIFIED_OFFICIAL_ID,東京,NAMED_CONDITION,PARSED,,,,,,,,,,,,UNKNOWN,,,N,N,NOT_APPLICABLE,,,,,,NOT_APPLICABLE_NO_ROI,,,,,,,UNKNOWN,,BOOK_OR_UNSPECIFIED_ROI_SOURCE,roi_presence_raw と完全に1対1でROI記入の有無の言い換え。行の出所ではない,2,,,UNVERIFIED(表示基準日がページ間で不一致: トップ2026-08-16/使い方2026-05-17),TOP10,MISSING_ROI,NOT_AVAILABLE,原表と方式を入手するまで使用しない。原行は保持
rec_e7ce71d6793df2a7af8185f83836418b5b14681522d816364c28a438c902bf96,PRIMARY_TRAINER,TrainerCond_連結済み_20260701.csv,163,TRAINER,辻 哲英,,NAME_KEY_ONLY_UNVERIFIED_OFFICIAL_ID,東京,NAMED_CONDITION,PARSED,,,,,,,,,,,WIN_ROI_PCT|PLACE_ROI_PCT|N_STARTS,UNKNOWN,サイト現行既定は「オッズ反比例の賭け金・固定払戻の意図」(WEB_DEFINITION)。CSV作成時点の方式である証明にはならない,EQUAL_STAKE|EQUAL_PAYOUT,Y,Y,YES_PUBLIC_SCOPE_UNRULED,55,,,,N_WEIGHTED_MEAN_OF_PCT: sum(ROI_i*n_i)/sum(n_i) を整数丸め,UNVERIFIED_AGGREGATION,LEGACY_SIRE_TRAINER_CODE,二重丸め(掲載値が整数%＋加重平均後に再度整数丸め),,,,,UNKNOWN,,DB_KEIBA,roi_presence_raw と完全に1対1でROI記入の有無の言い換え。行の出所ではない,7,,,UNVERIFIED(表示基準日がページ間で不一致: トップ2026-08-16/使い方2026-05-17),TOP10,,HOLD_MERGE+HOLD_METHOD+HOLD_ASOF+HOLD_ID,①購入方式の確定 ②分母(賭け金総額・払戻総額)の入手 ③加重平均の再現可否検証 ④場/距離/回りの重複排除
rec_b31f5fa0abacf61a5fbf7041f36999e0feedf60aef9374f345f6ed42610ed9d8,PRIMARY_TRAINER,TrainerCond_連結済み_20260701.csv,164,TRAINER,稲垣 幸雄,,NAME_KEY_ONLY_UNVERIFIED_OFFICIAL_ID,東京,NAMED_CONDITION,PARSED,,,,,,,,,,,WIN_ROI_PCT|PLACE_ROI_PCT|N_STARTS,UNKNOWN,サイト現行既定は「オッズ反比例の賭け金・固定払戻の意図」(WEB_DEFINITION)。CSV作成時点の方式である証明にはならない,EQUAL_STAKE|EQUAL_PAYOUT,Y,Y,YES_PUBLIC_SCOPE_UNRULED,43,,,,N_WEIGHTED_MEAN_OF_PCT: sum(ROI_i*n_i)/sum(n_i) を整数丸め,UNVERIFIED_AGGREGATION,LEGACY_SIRE_TRAINER_CODE,二重丸め(掲載値が整数%＋加重平均後に再度整数丸め),,,,,UNKNOWN,,DB_KEIBA,roi_presence_raw と完全に1対1でROI記入の有無の言い換え。行の出所ではない,1,,,UNVERIFIED(表示基準日がページ間で不一致: トップ2026-08-16/使い方2026-05-17),TOP10,,HOLD_MERGE+HOLD_METHOD+HOLD_ASOF+HOLD_ID,①購入方式の確定 ②分母(賭け金総額・払戻総額)の入手 ③加重平均の再現可否検証 ④場/距離/回りの重複排除
rec_65bb5f8919ac24af2dab11b8c0dd2191da809912226ee4a62074e7237647f7da,PRIMARY_TRAINER,TrainerCond_連結済み_20260701.csv,165,TRAINER,黒岩 陽一,,NAME_KEY_ONLY_UNVERIFIED_OFFICIAL_ID,東京,NAMED_CONDITION,PARSED,,,,,,,,,,,WIN_ROI_PCT|PLACE_ROI_PCT|N_STARTS,UNKNOWN,サイト現行既定は「オッズ反比例の賭け金・固定払戻の意図」(WEB_DEFINITION)。CSV作成時点の方式である証明にはならない,EQUAL_STAKE|EQUAL_PAYOUT,Y,Y,YES_PUBLIC_SCOPE_UNRULED,89,,,,N_WEIGHTED_MEAN_OF_PCT: sum(ROI_i*n_i)/sum(n_i) を整数丸め,UNVERIFIED_AGGREGATION,LEGACY_SIRE_TRAINER_CODE,二重丸め(掲載値が整数%＋加重平均後に再度整数丸め),,,,,UNKNOWN,,DB_KEIBA,roi_presence_raw と完全に1対1でROI記入の有無の言い換え。行の出所ではない,1,,,UNVERIFIED(表示基準日がページ間で不一致: トップ2026-08-16/使い方2026-05-17),TOP10,,HOLD_MERGE+HOLD_METHOD+HOLD_ASOF+HOLD_ID,①購入方式の確定 ②分母(賭け金総額・払戻総額)の入手 ③加重平均の再現可否検証 ④場/距離/回りの重複排除
rec_63eac442f3bd5ffb0b8ba2efdc5123be15c8bd1a72f644c81947eaf973a1b419,PRIMARY_TRAINER,TrainerCond_連結済み_20260701.csv,166,TRAINER,小崎 憲,,NAME_KEY_ONLY_UNVERIFIED_OFFICIAL_ID,東京,NAMED_CONDITION,PARSED,,,,,,,,,,,,UNKNOWN,,,N,N,NOT_APPLICABLE,,,,,,NOT_APPLICABLE_NO_ROI,,,,,,,UNKNOWN,,BOOK_OR_UNSPECIFIED_ROI_SOURCE,roi_presence_raw と完全に1対1でROI記入の有無の言い換え。行の出所ではない,2,,,UNVERIFIED(表示基準日がページ間で不一致: トップ2026-08-16/使い方2026-05-17),TOP10,MISSING_ROI,NOT_AVAILABLE,原表と方式を入手するまで使用しない。原行は保持
rec_17b91d07a7fe73aec6a6cd2e1bea196394f5930ce9481c2e3490e664e7a1b9e1,PRIMARY_TRAINER,TrainerCond_連結済み_20260701.csv,167,TRAINER,伊藤 伸一,,NAME_KEY_ONLY_UNVERIFIED_OFFICIAL_ID,東京,NAMED_CONDITION,PARSED,,,,,,,,,,,,UNKNOWN,,,N,N,NOT_APPLICABLE,,,,,,NOT_APPLICABLE_NO_ROI,,,,,,,UNKNOWN,,BOOK_OR_UNSPECIFIED_ROI_SOURCE,roi_presence_raw と完全に1対1でROI記入の有無の言い換え。行の出所ではない,6,,,UNVERIFIED(表示基準日がページ間で不一致: トップ2026-08-16/使い方2026-05-17),ワースト3,MISSING_ROI,NOT_AVAILABLE,原表と方式を入手するまで使用しない。原行は保持
rec_055a4e8d3fb151a322a42064a42f290c051e02564ad5b6407f60499dc5123239,PRIMARY_TRAINER,TrainerCond_連結済み_20260701.csv,168,TRAINER,蛯名 利弘,,NAME_KEY_ONLY_UNVERIFIED_OFFICIAL_ID,東京,NAMED_CONDITION,PARSED,,,,,,,,,,,,UNKNOWN,,,N,N,NOT_APPLICABLE,,,,,,NOT_APPLICABLE_NO_ROI,,,,,,,UNKNOWN,,BOOK_OR_UNSPECIFIED_ROI_SOURCE,roi_presence_raw と完全に1対1でROI記入の有無の言い換え。行の出所ではない,4,,,UNVERIFIED(表示基準日がページ間で不一致: トップ2026-08-16/使い方2026-05-17),ワースト3,MISSING_ROI,NOT_AVAILABLE,原表と方式を入手するまで使用しない。原行は保持
rec_6fc01f4f4c348db262d77069aa57a319645f0f9ba82212bad319897c15926165,PRIMARY_TRAINER,TrainerCond_連結済み_20260701.csv,169,TRAINER,的場 均,,NAME_KEY_ONLY_UNVERIFIED_OFFICIAL_ID,東京,NAMED_CONDITION,PARSED,,,,,,,,,,,,UNKNOWN,,,N,N,NOT_APPLICABLE,,,,,,NOT_APPLICABLE_NO_ROI,,,,,,,UNKNOWN,,BOOK_OR_UNSPECIFIED_ROI_SOURCE,roi_presence_raw と完全に1対1でROI記入の有無の言い換え。行の出所ではない,13,,,UNVERIFIED(表示基準日がページ間で不一致: トップ2026-08-16/使い方2026-05-17),ワースト3,MISSING_ROI,NOT_AVAILABLE,原表と方式を入手するまで使用しない。原行は保持
rec_0fabeae08c7b54d26320b674d348909460a367524d37484616ff13ad1ce43032,PRIMARY_TRAINER,TrainerCond_連結済み_20260701.csv,170,TRAINER,菅野 浩二,,NAME_KEY_ONLY_UNVERIFIED_OFFICIAL_ID,中山,NAMED_CONDITION,PARSED,,,,,,,,,,,,UNKNOWN,,,N,N,NOT_APPLICABLE,,,,,,NOT_APPLICABLE_NO_ROI,,,,,,,UNKNOWN,,BOOK_OR_UNSPECIFIED_ROI_SOURCE,roi_presence_raw と完全に1対1でROI記入の有無の言い換え。行の出所ではない,3,,,UNVERIFIED(表示基準日がページ間で不一致: トップ2026-08-16/使い方2026-05-17),TOP10,MISSING_ROI,NOT_AVAILABLE,原表と方式を入手するまで使用しない。原行は保持
rec_36b509e5f1d5d77c9db9c632313e531cd084d162509d6a096f814f79f18d9bef,PRIMARY_TRAINER,TrainerCond_連結済み_20260701.csv,171,TRAINER,加藤 士津八,,NAME_KEY_ONLY_UNVERIFIED_OFFICIAL_ID,中山,NAMED_CONDITION,PARSED,,,,,,,,,,,WIN_ROI_PCT|PLACE_ROI_PCT|N_STARTS,UNKNOWN,サイト現行既定は「オッズ反比例の賭け金・固定払戻の意図」(WEB_DEFINITION)。CSV作成時点の方式である証明にはならない,EQUAL_STAKE|EQUAL_PAYOUT,Y,Y,YES_PUBLIC_SCOPE_UNRULED,124,,,,N_WEIGHTED_MEAN_OF_PCT: sum(ROI_i*n_i)/sum(n_i) を整数丸め,UNVERIFIED_AGGREGATION,LEGACY_SIRE_TRAINER_CODE,二重丸め(掲載値が整数%＋加重平均後に再度整数丸め),,,,,UNKNOWN,,DB_KEIBA,roi_presence_raw と完全に1対1でROI記入の有無の言い換え。行の出所ではない,3,,,UNVERIFIED(表示基準日がページ間で不一致: トップ2026-08-16/使い方2026-05-17),TOP10,,HOLD_MERGE+HOLD_METHOD+HOLD_ASOF+HOLD_ID,①購入方式の確定 ②分母(賭け金総額・払戻総額)の入手 ③加重平均の再現可否検証 ④場/距離/回りの重複排除
rec_30d7b522efced711317d2625eec32d2dfff84d116dd961f131e325bd3baa471f,PRIMARY_TRAINER,TrainerCond_連結済み_20260701.csv,172,TRAINER,深山 雅史,,NAME_KEY_ONLY_UNVERIFIED_OFFICIAL_ID,中山,NAMED_CONDITION,PARSED,,,,,,,,,,,,UNKNOWN,,,N,N,NOT_APPLICABLE,,,,,,NOT_APPLICABLE_NO_ROI,,,,,,,UNKNOWN,,BOOK_OR_UNSPECIFIED_ROI_SOURCE,roi_presence_raw と完全に1対1でROI記入の有無の言い換え。行の出所ではない,2,,,UNVERIFIED(表示基準日がページ間で不一致: トップ2026-08-16/使い方2026-05-17),TOP10,MISSING_ROI,NOT_AVAILABLE,原表と方式を入手するまで使用しない。原行は保持
rec_e4c822a53181fba2b47d69be25986b25c10dd1d08cca68d8dfede68fc7bcdded,PRIMARY_TRAINER,TrainerCond_連結済み_20260701.csv,173,TRAINER,千葉 直人,,NAME_KEY_ONLY_UNVERIFIED_OFFICIAL_ID,中山,NAMED_CONDITION,PARSED,,,,,,,,,,,,UNKNOWN,,,N,N,NOT_APPLICABLE,,,,,,NOT_APPLICABLE_NO_ROI,,,,,,,UNKNOWN,,BOOK_OR_UNSPECIFIED_ROI_SOURCE,roi_presence_raw と完全に1対1でROI記入の有無の言い換え。行の出所ではない,10,,,UNVERIFIED(表示基準日がページ間で不一致: トップ2026-08-16/使い方2026-05-17),TOP10,MISSING_ROI,NOT_AVAILABLE,原表と方式を入手するまで使用しない。原行は保持
rec_f7092461662a0132a6414018677a0bf86e9f9b21599edd7cfda30d87c5a4a6d6,PRIMARY_TRAINER,TrainerCond_連結済み_20260701.csv,174,TRAINER,畠山 吉宏,,NAME_KEY_ONLY_UNVERIFIED_OFFICIAL_ID,中山,NAMED_CONDITION,PARSED,,,,,,,,,,,,UNKNOWN,,,N,N,NOT_APPLICABLE,,,,,,NOT_APPLICABLE_NO_ROI,,,,,,,UNKNOWN,,BOOK_OR_UNSPECIFIED_ROI_SOURCE,roi_presence_raw と完全に1対1でROI記入の有無の言い換え。行の出所ではない,1,,,UNVERIFIED(表示基準日がページ間で不一致: トップ2026-08-16/使い方2026-05-17),TOP10,MISSING_ROI,NOT_AVAILABLE,原表と方式を入手するまで使用しない。原行は保持
rec_b8887f8254794d88858e0d9e98db3caf6df7b06b85c9b237e46acac74510a055,PRIMARY_TRAINER,TrainerCond_連結済み_20260701.csv,175,TRAINER,辻 哲英,,NAME_KEY_ONLY_UNVERIFIED_OFFICIAL_ID,中山,NAMED_CONDITION,PARSED,,,,,,,,,,,WIN_ROI_PCT|PLACE_ROI_PCT|N_STARTS,UNKNOWN,サイト現行既定は「オッズ反比例の賭け金・固定払戻の意図」(WEB_DEFINITION)。CSV作成時点の方式である証明にはならない,EQUAL_STAKE|EQUAL_PAYOUT,Y,Y,YES_PUBLIC_SCOPE_UNRULED,67,,,,N_WEIGHTED_MEAN_OF_PCT: sum(ROI_i*n_i)/sum(n_i) を整数丸め,UNVERIFIED_AGGREGATION,LEGACY_SIRE_TRAINER_CODE,二重丸め(掲載値が整数%＋加重平均後に再度整数丸め),,,,,UNKNOWN,,DB_KEIBA,roi_presence_raw と完全に1対1でROI記入の有無の言い換え。行の出所ではない,7,,,UNVERIFIED(表示基準日がページ間で不一致: トップ2026-08-16/使い方2026-05-17),TOP10,,HOLD_MERGE+HOLD_METHOD+HOLD_ASOF+HOLD_ID,①購入方式の確定 ②分母(賭け金総額・払戻総額)の入手 ③加重平均の再現可否検証 ④場/距離/回りの重複排除
rec_23ed10608c54a88c040d20ee3a3fbc11da5422d8db2d7d0808497d984085b283,PRIMARY_TRAINER,TrainerCond_連結済み_20260701.csv,176,TRAINER,牧田 和弥,,NAME_KEY_ONLY_UNVERIFIED_OFFICIAL_ID,中山,NAMED_CONDITION,PARSED,,,,,,,,,,,,UNKNOWN,,,N,N,NOT_APPLICABLE,,,,,,NOT_APPLICABLE_NO_ROI,,,,,,,UNKNOWN,,BOOK_OR_UNSPECIFIED_ROI_SOURCE,roi_presence_raw と完全に1対1でROI記入の有無の言い換え。行の出所ではない,4,,,UNVERIFIED(表示基準日がページ間で不一致: トップ2026-08-16/使い方2026-05-17),TOP10,MISSING_ROI,NOT_AVAILABLE,原表と方式を入手するまで使用しない。原行は保持
rec_ef404dc1f6a69a9de64967ca560b795c499995f079ae5167a5cac4ab49cd35d7,PRIMARY_TRAINER,TrainerCond_連結済み_20260701.csv,177,TRAINER,上原 佑紀,,NAME_KEY_ONLY_UNVERIFIED_OFFICIAL_ID,中山,NAMED_CONDITION,PARSED,,,,,,,,,,,,UNKNOWN,,,N,N,NOT_APPLICABLE,,,,,,NOT_APPLICABLE_NO_ROI,,,,,,,UNKNOWN,,BOOK_OR_UNSPECIFIED_ROI_SOURCE,roi_presence_raw と完全に1対1でROI記入の有無の言い換え。行の出所ではない,3,,,UNVERIFIED(表示基準日がページ間で不一致: トップ2026-08-16/使い方2026-05-17),TOP10,MISSING_ROI,NOT_AVAILABLE,原表と方式を入手するまで使用しない。原行は保持
rec_2dff2e078bbd9284ef9d0e922c69e0cb5e8de92351345ae8e795fc700e670b54,PRIMARY_TRAINER,TrainerCond_連結済み_20260701.csv,178,TRAINER,鈴木 慎太郎,,NAME_KEY_ONLY_UNVERIFIED_OFFICIAL_ID,中山,NAMED_CONDITION,PARSED,,,,,,,,,,,WIN_ROI_PCT|PLACE_ROI_PCT|N_STARTS,UNKNOWN,サイト現行既定は「オッズ反比例の賭け金・固定払戻の意図」(WEB_DEFINITION)。CSV作成時点の方式である証明にはならない,EQUAL_STAKE|EQUAL_PAYOUT,Y,Y,YES_PUBLIC_SCOPE_UNRULED,2,,,,N_WEIGHTED_MEAN_OF_PCT: sum(ROI_i*n_i)/sum(n_i) を整数丸め,UNVERIFIED_AGGREGATION,LEGACY_SIRE_TRAINER_CODE,二重丸め(掲載値が整数%＋加重平均後に再度整数丸め),,,,,UNKNOWN,,DB_KEIBA,roi_presence_raw と完全に1対1でROI記入の有無の言い換え。行の出所ではない,8,,,UNVERIFIED(表示基準日がページ間で不一致: トップ2026-08-16/使い方2026-05-17),TOP10,,HOLD_MERGE+HOLD_METHOD+HOLD_ASOF+HOLD_ID,①購入方式の確定 ②分母(賭け金総額・払戻総額)の入手 ③加重平均の再現可否検証 ④場/距離/回りの重複排除
rec_f09b86e4fdcd36e62bebed928896e1a6ca261d05df7eaab8c5f596dae011bcb2,PRIMARY_TRAINER,TrainerCond_連結済み_20260701.csv,179,TRAINER,田中 勝春,,NAME_KEY_ONLY_UNVERIFIED_OFFICIAL_ID,中山,NAMED_CONDITION,PARSED,,,,,,,,,,,,UNKNOWN,,,N,N,NOT_APPLICABLE,,,,,,NOT_APPLICABLE_NO_ROI,,,,,,,UNKNOWN,,BOOK_OR_UNSPECIFIED_ROI_SOURCE,roi_presence_raw と完全に1対1でROI記入の有無の言い換え。行の出所ではない,5,,,UNVERIFIED(表示基準日がページ間で不一致: トップ2026-08-16/使い方2026-05-17),TOP10,MISSING_ROI,NOT_AVAILABLE,原表と方式を入手するまで使用しない。原行は保持
rec_5f6553c7aff5ae1fe6ae813cfb6d180cb1114d09cdcdaf3e3cffcd27cd90affd,PRIMARY_TRAINER,TrainerCond_連結済み_20260701.csv,180,TRAINER,伊藤 圭三,,NAME_KEY_ONLY_UNVERIFIED_OFFICIAL_ID,中山,NAMED_CONDITION,PARSED,,,,,,,,,,,WIN_ROI_PCT|PLACE_ROI_PCT|N_STARTS,UNKNOWN,サイト現行既定は「オッズ反比例の賭け金・固定払戻の意図」(WEB_DEFINITION)。CSV作成時点の方式である証明にはならない,EQUAL_STAKE|EQUAL_PAYOUT,Y,Y,YES_PUBLIC_SCOPE_UNRULED,246,,,,N_WEIGHTED_MEAN_OF_PCT: sum(ROI_i*n_i)/sum(n_i) を整数丸め,UNVERIFIED_AGGREGATION,LEGACY_SIRE_TRAINER_CODE,二重丸め(掲載値が整数%＋加重平均後に再度整数丸め),,,,,UNKNOWN,,DB_KEIBA,roi_presence_raw と完全に1対1でROI記入の有無の言い換え。行の出所ではない,4,,,UNVERIFIED(表示基準日がページ間で不一致: トップ2026-08-16/使い方2026-05-17),ワースト3,,HOLD_MERGE+HOLD_METHOD+HOLD_ASOF+HOLD_ID,①購入方式の確定 ②分母(賭け金総額・払戻総額)の入手 ③加重平均の再現可否検証 ④場/距離/回りの重複排除
rec_d04400528ae5763114a7dc2bb3220260df013da91474f9803df2070de04f753e,PRIMARY_TRAINER,TrainerCond_連結済み_20260701.csv,181,TRAINER,村田 一誠,,NAME_KEY_ONLY_UNVERIFIED_OFFICIAL_ID,中山,NAMED_CONDITION,PARSED,,,,,,,,,,,,UNKNOWN,,,N,N,NOT_APPLICABLE,,,,,,NOT_APPLICABLE_NO_ROI,,,,,,,UNKNOWN,,BOOK_OR_UNSPECIFIED_ROI_SOURCE,roi_presence_raw と完全に1対1でROI記入の有無の言い換え。行の出所ではない,3,,,UNVERIFIED(表示基準日がページ間で不一致: トップ2026-08-16/使い方2026-05-17),ワースト3,MISSING_ROI,NOT_AVAILABLE,原表と方式を入手するまで使用しない。原行は保持
rec_49a3bb3c58dbd91b33e6c6e562b0a630adfa75c49af054ea75eca7fdb86ac104,PRIMARY_TRAINER,TrainerCond_連結済み_20260701.csv,182,TRAINER,蛯名 利弘,,NAME_KEY_ONLY_UNVERIFIED_OFFICIAL_ID,中山,NAMED_CONDITION,PARSED,,,,,,,,,,,,UNKNOWN,,,N,N,NOT_APPLICABLE,,,,,,NOT_APPLICABLE_NO_ROI,,,,,,,UNKNOWN,,BOOK_OR_UNSPECIFIED_ROI_SOURCE,roi_presence_raw と完全に1対1でROI記入の有無の言い換え。行の出所ではない,4,,,UNVERIFIED(表示基準日がページ間で不一致: トップ2026-08-16/使い方2026-05-17),ワースト3,MISSING_ROI,NOT_AVAILABLE,原表と方式を入手するまで使用しない。原行は保持
rec_2f564042e41ceef7f23496b1a8858d0265d0358fb7bcab5251bd9f354ead7f0f,PRIMARY_TRAINER,TrainerCond_連結済み_20260701.csv,183,TRAINER,宮地 貴稔,,NAME_KEY_ONLY_UNVERIFIED_OFFICIAL_ID,中京,NAMED_CONDITION,PARSED,,,,,,,,,,,,UNKNOWN,,,N,N,NOT_APPLICABLE,,,,,,NOT_APPLICABLE_NO_ROI,,,,,,,UNKNOWN,,BOOK_OR_UNSPECIFIED_ROI_SOURCE,roi_presence_raw と完全に1対1でROI記入の有無の言い換え。行の出所ではない,14,,,UNVERIFIED(表示基準日がページ間で不一致: トップ2026-08-16/使い方2026-05-17),TOP10,MISSING_ROI,NOT_AVAILABLE,原表と方式を入手するまで使用しない。原行は保持
rec_87d4120cd9cf5116fcafdd0068afe6926080677dbd286d1fc1b5b63dd7424786,PRIMARY_TRAINER,TrainerCond_連結済み_20260701.csv,184,TRAINER,荒川 義之,,NAME_KEY_ONLY_UNVERIFIED_OFFICIAL_ID,中京,NAMED_CONDITION,PARSED,,,,,,,,,,,,UNKNOWN,,,N,N,NOT_APPLICABLE,,,,,,NOT_APPLICABLE_NO_ROI,,,,,,,UNKNOWN,,BOOK_OR_UNSPECIFIED_ROI_SOURCE,roi_presence_raw と完全に1対1でROI記入の有無の言い換え。行の出所ではない,4,,,UNVERIFIED(表示基準日がページ間で不一致: トップ2026-08-16/使い方2026-05-17),TOP10,MISSING_ROI,NOT_AVAILABLE,原表と方式を入手するまで使用しない。原行は保持
rec_59eab293dbf6081ac9194b635d286ec6d1123d983916b319e2b03c0b930aac0d,PRIMARY_TRAINER,TrainerCond_連結済み_20260701.csv,185,TRAINER,今野 貞一,,NAME_KEY_ONLY_UNVERIFIED_OFFICIAL_ID,中京,NAMED_CONDITION,PARSED,,,,,,,,,,,,UNKNOWN,,,N,N,NOT_APPLICABLE,,,,,,NOT_APPLICABLE_NO_ROI,,,,,,,UNKNOWN,,BOOK_OR_UNSPECIFIED_ROI_SOURCE,roi_presence_raw と完全に1対1でROI記入の有無の言い換え。行の出所ではない,3,,,UNVERIFIED(表示基準日がページ間で不一致: トップ2026-08-16/使い方2026-05-17),TOP10,MISSING_ROI,NOT_AVAILABLE,原表と方式を入手するまで使用しない。原行は保持
rec_ca43e3becc500a7f07a1c2e091262afcc17b12df0cbe759b5c0282e5420f5b5b,PRIMARY_TRAINER,TrainerCond_連結済み_20260701.csv,186,TRAINER,小林 真也,,NAME_KEY_ONLY_UNVERIFIED_OFFICIAL_ID,中京,NAMED_CONDITION,PARSED,,,,,,,,,,,,UNKNOWN,,,N,N,NOT_APPLICABLE,,,,,,NOT_APPLICABLE_NO_ROI,,,,,,,UNKNOWN,,BOOK_OR_UNSPECIFIED_ROI_SOURCE,roi_presence_raw と完全に1対1でROI記入の有無の言い換え。行の出所ではない,6,,,UNVERIFIED(表示基準日がページ間で不一致: トップ2026-08-16/使い方2026-05-17),TOP10,MISSING_ROI,NOT_AVAILABLE,原表と方式を入手するまで使用しない。原行は保持
rec_4d6d71a4df05cce21e8f0a81b4ec0d451a7ecd3c2d2a052d2abc0ac622e1734a,PRIMARY_TRAINER,TrainerCond_連結済み_20260701.csv,187,TRAINER,佐藤 吉勝,,NAME_KEY_ONLY_UNVERIFIED_OFFICIAL_ID,中京,NAMED_CONDITION,PARSED,,,,,,,,,,,,UNKNOWN,,,N,N,NOT_APPLICABLE,,,,,,NOT_APPLICABLE_NO_ROI,,,,,,,UNKNOWN,,BOOK_OR_UNSPECIFIED_ROI_SOURCE,roi_presence_raw と完全に1対1でROI記入の有無の言い換え。行の出所ではない,5,,,UNVERIFIED(表示基準日がページ間で不一致: トップ2026-08-16/使い方2026-05-17),TOP10,MISSING_ROI,NOT_AVAILABLE,原表と方式を入手するまで使用しない。原行は保持
rec_7c50731fe770044cb187d75c3b8fe9fc03749ec6ee6d9298dfbedbdf63dfbe42,PRIMARY_TRAINER,TrainerCond_連結済み_20260701.csv,188,TRAINER,金成 貴史,,NAME_KEY_ONLY_UNVERIFIED_OFFICIAL_ID,中京,NAMED_CONDITION,PARSED,,,,,,,,,,,WIN_ROI_PCT|PLACE_ROI_PCT|N_STARTS,UNKNOWN,サイト現行既定は「オッズ反比例の賭け金・固定払戻の意図」(WEB_DEFINITION)。CSV作成時点の方式である証明にはならない,EQUAL_STAKE|EQUAL_PAYOUT,Y,Y,YES_PUBLIC_SCOPE_UNRULED,16,,,,N_WEIGHTED_MEAN_OF_PCT: sum(ROI_i*n_i)/sum(n_i) を整数丸め,UNVERIFIED_AGGREGATION,LEGACY_SIRE_TRAINER_CODE,二重丸め(掲載値が整数%＋加重平均後に再度整数丸め),,,,,UNKNOWN,,DB_KEIBA,roi_presence_raw と完全に1対1でROI記入の有無の言い換え。行の出所ではない,2,,,UNVERIFIED(表示基準日がページ間で不一致: トップ2026-08-16/使い方2026-05-17),TOP10,,HOLD_MERGE+HOLD_METHOD+HOLD_ASOF+HOLD_ID,①購入方式の確定 ②分母(賭け金総額・払戻総額)の入手 ③加重平均の再現可否検証 ④場/距離/回りの重複排除
rec_e8c3b2296797aaf5b07d1804eacd9a938e82bcbb03b9cad0d9bb268b54d7ebb3,PRIMARY_TRAINER,TrainerCond_連結済み_20260701.csv,189,TRAINER,加藤 公太,,NAME_KEY_ONLY_UNVERIFIED_OFFICIAL_ID,中京,NAMED_CONDITION,PARSED,,,,,,,,,,,,UNKNOWN,,,N,N,NOT_APPLICABLE,,,,,,NOT_APPLICABLE_NO_ROI,,,,,,,UNKNOWN,,BOOK_OR_UNSPECIFIED_ROI_SOURCE,roi_presence_raw と完全に1対1でROI記入の有無の言い換え。行の出所ではない,5,,,UNVERIFIED(表示基準日がページ間で不一致: トップ2026-08-16/使い方2026-05-17),TOP10,MISSING_ROI,NOT_AVAILABLE,原表と方式を入手するまで使用しない。原行は保持
rec_d643d956184b4cdff612ce8dd498fe2f2d9e65b9ce90cf24bb1268c65643c364,PRIMARY_TRAINER,TrainerCond_連結済み_20260701.csv,190,TRAINER,武 英智,,NAME_KEY_ONLY_UNVERIFIED_OFFICIAL_ID,中京,NAMED_CONDITION,PARSED,,,,,,,,,,,WIN_ROI_PCT|PLACE_ROI_PCT|N_STARTS,UNKNOWN,サイト現行既定は「オッズ反比例の賭け金・固定払戻の意図」(WEB_DEFINITION)。CSV作成時点の方式である証明にはならない,EQUAL_STAKE|EQUAL_PAYOUT,Y,Y,YES_PUBLIC_SCOPE_UNRULED,195,,,,N_WEIGHTED_MEAN_OF_PCT: sum(ROI_i*n_i)/sum(n_i) を整数丸め,UNVERIFIED_AGGREGATION,LEGACY_SIRE_TRAINER_CODE,二重丸め(掲載値が整数%＋加重平均後に再度整数丸め),,,,,UNKNOWN,,DB_KEIBA,roi_presence_raw と完全に1対1でROI記入の有無の言い換え。行の出所ではない,6,,,UNVERIFIED(表示基準日がページ間で不一致: トップ2026-08-16/使い方2026-05-17),TOP10,,HOLD_MERGE+HOLD_METHOD+HOLD_ASOF+HOLD_ID,①購入方式の確定 ②分母(賭け金総額・払戻総額)の入手 ③加重平均の再現可否検証 ④場/距離/回りの重複排除
rec_a50804a3520beff67621e02e73f9612292bde61e4ca6655e6a3311cf27a589c2,PRIMARY_TRAINER,TrainerCond_連結済み_20260701.csv,191,TRAINER,高橋 康之,,NAME_KEY_ONLY_UNVERIFIED_OFFICIAL_ID,中京,NAMED_CONDITION,PARSED,,,,,,,,,,,,UNKNOWN,,,N,N,NOT_APPLICABLE,,,,,,NOT_APPLICABLE_NO_ROI,,,,,,,UNKNOWN,,BOOK_OR_UNSPECIFIED_ROI_SOURCE,roi_presence_raw と完全に1対1でROI記入の有無の言い換え。行の出所ではない,2,,,UNVERIFIED(表示基準日がページ間で不一致: トップ2026-08-16/使い方2026-05-17),TOP10,MISSING_ROI,NOT_AVAILABLE,原表と方式を入手するまで使用しない。原行は保持
rec_7a7f0bb57765dc667a58b22b95104001a90899cbc8db34f162e0520e0f64e491,PRIMARY_TRAINER,TrainerCond_連結済み_20260701.csv,192,TRAINER,高野 友和,,NAME_KEY_ONLY_UNVERIFIED_OFFICIAL_ID,中京,NAMED_CONDITION,PARSED,,,,,,,,,,,WIN_ROI_PCT|PLACE_ROI_PCT|N_STARTS,UNKNOWN,サイト現行既定は「オッズ反比例の賭け金・固定払戻の意図」(WEB_DEFINITION)。CSV作成時点の方式である証明にはならない,EQUAL_STAKE|EQUAL_PAYOUT,Y,Y,YES_PUBLIC_SCOPE_UNRULED,47,,,,N_WEIGHTED_MEAN_OF_PCT: sum(ROI_i*n_i)/sum(n_i) を整数丸め,UNVERIFIED_AGGREGATION,LEGACY_SIRE_TRAINER_CODE,二重丸め(掲載値が整数%＋加重平均後に再度整数丸め),,,,,UNKNOWN,,DB_KEIBA,roi_presence_raw と完全に1対1でROI記入の有無の言い換え。行の出所ではない,1,,,UNVERIFIED(表示基準日がページ間で不一致: トップ2026-08-16/使い方2026-05-17),TOP10,,HOLD_MERGE+HOLD_METHOD+HOLD_ASOF+HOLD_ID,①購入方式の確定 ②分母(賭け金総額・払戻総額)の入手 ③加重平均の再現可否検証 ④場/距離/回りの重複排除
rec_bddff026f9ea4f42219227927aa84f839e1de64b0d8f727df0f4a257a353fbed,PRIMARY_TRAINER,TrainerCond_連結済み_20260701.csv,193,TRAINER,藤野 健太,,NAME_KEY_ONLY_UNVERIFIED_OFFICIAL_ID,中京,NAMED_CONDITION,PARSED,,,,,,,,,,,,UNKNOWN,,,N,N,NOT_APPLICABLE,,,,,,NOT_APPLICABLE_NO_ROI,,,,,,,UNKNOWN,,BOOK_OR_UNSPECIFIED_ROI_SOURCE,roi_presence_raw と完全に1対1でROI記入の有無の言い換え。行の出所ではない,7,,,UNVERIFIED(表示基準日がページ間で不一致: トップ2026-08-16/使い方2026-05-17),ワースト3,MISSING_ROI,NOT_AVAILABLE,原表と方式を入手するまで使用しない。原行は保持
rec_cfdaa36aa43eeef7801a9af9b08de81f41887dd5d762ef6d3d2583419ed26cc8,PRIMARY_TRAINER,TrainerCond_連結済み_20260701.csv,194,TRAINER,緒方 努,,NAME_KEY_ONLY_UNVERIFIED_OFFICIAL_ID,中京,NAMED_CONDITION,PARSED,,,,,,,,,,,,UNKNOWN,,,N,N,NOT_APPLICABLE,,,,,,NOT_APPLICABLE_NO_ROI,,,,,,,UNKNOWN,,BOOK_OR_UNSPECIFIED_ROI_SOURCE,roi_presence_raw と完全に1対1でROI記入の有無の言い換え。行の出所ではない,2,,,UNVERIFIED(表示基準日がページ間で不一致: トップ2026-08-16/使い方2026-05-17),ワースト3,MISSING_ROI,NOT_AVAILABLE,原表と方式を入手するまで使用しない。原行は保持
rec_9bba10b9c258eefdb489c4e119382bad98f162e64338f6a0bcb3155335954d9a,PRIMARY_TRAINER,TrainerCond_連結済み_20260701.csv,195,TRAINER,高橋 一哉,,NAME_KEY_ONLY_UNVERIFIED_OFFICIAL_ID,中京,NAMED_CONDITION,PARSED,,,,,,,,,,,,UNKNOWN,,,N,N,NOT_APPLICABLE,,,,,,NOT_APPLICABLE_NO_ROI,,,,,,,UNKNOWN,,BOOK_OR_UNSPECIFIED_ROI_SOURCE,roi_presence_raw と完全に1対1でROI記入の有無の言い換え。行の出所ではない,3,,,UNVERIFIED(表示基準日がページ間で不一致: トップ2026-08-16/使い方2026-05-17),ワースト3,MISSING_ROI,NOT_AVAILABLE,原表と方式を入手するまで使用しない。原行は保持
rec_06b97ff82731c67d046a33e8f2455d56bf60c7a40fa41031c97f2896f8871613,PRIMARY_TRAINER,TrainerCond_連結済み_20260701.csv,196,TRAINER,千田 輝彦,,NAME_KEY_ONLY_UNVERIFIED_OFFICIAL_ID,京都,NAMED_CONDITION,PARSED,,,,,,,,,,,WIN_ROI_PCT|PLACE_ROI_PCT|N_STARTS,UNKNOWN,サイト現行既定は「オッズ反比例の賭け金・固定払戻の意図」(WEB_DEFINITION)。CSV作成時点の方式である証明にはならない,EQUAL_STAKE|EQUAL_PAYOUT,Y,Y,YES_PUBLIC_SCOPE_UNRULED,58,,,,N_WEIGHTED_MEAN_OF_PCT: sum(ROI_i*n_i)/sum(n_i) を整数丸め,UNVERIFIED_AGGREGATION,LEGACY_SIRE_TRAINER_CODE,二重丸め(掲載値が整数%＋加重平均後に再度整数丸め),,,,,UNKNOWN,,DB_KEIBA,roi_presence_raw と完全に1対1でROI記入の有無の言い換え。行の出所ではない,12,,,UNVERIFIED(表示基準日がページ間で不一致: トップ2026-08-16/使い方2026-05-17),TOP10,,HOLD_MERGE+HOLD_METHOD+HOLD_ASOF+HOLD_ID,①購入方式の確定 ②分母(賭け金総額・払戻総額)の入手 ③加重平均の再現可否検証 ④場/距離/回りの重複排除
rec_e029d9f45dfde6cd0765dfb663722b06b58c413795c671ffd9c835621e8b0c26,PRIMARY_TRAINER,TrainerCond_連結済み_20260701.csv,197,TRAINER,河嶋 宏樹,,NAME_KEY_ONLY_UNVERIFIED_OFFICIAL_ID,京都,NAMED_CONDITION,PARSED,,,,,,,,,,,,UNKNOWN,,,N,N,NOT_APPLICABLE,,,,,,NOT_APPLICABLE_NO_ROI,,,,,,,UNKNOWN,,BOOK_OR_UNSPECIFIED_ROI_SOURCE,roi_presence_raw と完全に1対1でROI記入の有無の言い換え。行の出所ではない,8,,,UNVERIFIED(表示基準日がページ間で不一致: トップ2026-08-16/使い方2026-05-17),TOP10,MISSING_ROI,NOT_AVAILABLE,原表と方式を入手するまで使用しない。原行は保持
rec_4c999f97ede7a59e17d1c651f1c66e0d727dda9d7ca77e83198ba664b98caddb,PRIMARY_TRAINER,TrainerCond_連結済み_20260701.csv,198,TRAINER,石橋 守,,NAME_KEY_ONLY_UNVERIFIED_OFFICIAL_ID,京都,NAMED_CONDITION,PARSED,,,,,,,,,,,WIN_ROI_PCT|PLACE_ROI_PCT|N_STARTS,UNKNOWN,サイト現行既定は「オッズ反比例の賭け金・固定払戻の意図」(WEB_DEFINITION)。CSV作成時点の方式である証明にはならない,EQUAL_STAKE|EQUAL_PAYOUT,Y,Y,YES_PUBLIC_SCOPE_UNRULED,106,,,,N_WEIGHTED_MEAN_OF_PCT: sum(ROI_i*n_i)/sum(n_i) を整数丸め,UNVERIFIED_AGGREGATION,LEGACY_SIRE_TRAINER_CODE,二重丸め(掲載値が整数%＋加重平均後に再度整数丸め),,,,,UNKNOWN,,DB_KEIBA,roi_presence_raw と完全に1対1でROI記入の有無の言い換え。行の出所ではない,2,,,UNVERIFIED(表示基準日がページ間で不一致: トップ2026-08-16/使い方2026-05-17),TOP10,,HOLD_MERGE+HOLD_METHOD+HOLD_ASOF+HOLD_ID,①購入方式の確定 ②分母(賭け金総額・払戻総額)の入手 ③加重平均の再現可否検証 ④場/距離/回りの重複排除
rec_b4cb566f2799a6661f357eafc665fe53ae263880fe767fbec36665e6cd6e9a12,PRIMARY_TRAINER,TrainerCond_連結済み_20260701.csv,199,TRAINER,杉山 晴紀,,NAME_KEY_ONLY_UNVERIFIED_OFFICIAL_ID,京都,NAMED_CONDITION,PARSED,,,,,,,,,,,WIN_ROI_PCT|PLACE_ROI_PCT|N_STARTS,UNKNOWN,サイト現行既定は「オッズ反比例の賭け金・固定払戻の意図」(WEB_DEFINITION)。CSV作成時点の方式である証明にはならない,EQUAL_STAKE|EQUAL_PAYOUT,Y,Y,YES_PUBLIC_SCOPE_UNRULED,208,,,,N_WEIGHTED_MEAN_OF_PCT: sum(ROI_i*n_i)/sum(n_i) を整数丸め,UNVERIFIED_AGGREGATION,LEGACY_SIRE_TRAINER_CODE,二重丸め(掲載値が整数%＋加重平均後に再度整数丸め),,,,,UNKNOWN,,DB_KEIBA,roi_presence_raw と完全に1対1でROI記入の有無の言い換え。行の出所ではない,5,,,UNVERIFIED(表示基準日がページ間で不一致: トップ2026-08-16/使い方2026-05-17),TOP10,,HOLD_MERGE+HOLD_METHOD+HOLD_ASOF+HOLD_ID,①購入方式の確定 ②分母(賭け金総額・払戻総額)の入手 ③加重平均の再現可否検証 ④場/距離/回りの重複排除
rec_e82949f23345872a28bd5f58841f83d24f8eec31e3712092ef43a54b7750d70e,PRIMARY_TRAINER,TrainerCond_連結済み_20260701.csv,200,TRAINER,荒川 義之,,NAME_KEY_ONLY_UNVERIFIED_OFFICIAL_ID,京都,NAMED_CONDITION,PARSED,,,,,,,,,,,WIN_ROI_PCT|PLACE_ROI_PCT|N_STARTS,UNKNOWN,サイト現行既定は「オッズ反比例の賭け金・固定払戻の意図」(WEB_DEFINITION)。CSV作成時点の方式である証明にはならない,EQUAL_STAKE|EQUAL_PAYOUT,Y,Y,YES_PUBLIC_SCOPE_UNRULED,74,,,,N_WEIGHTED_MEAN_OF_PCT: sum(ROI_i*n_i)/sum(n_i) を整数丸め,UNVERIFIED_AGGREGATION,LEGACY_SIRE_TRAINER_CODE,二重丸め(掲載値が整数%＋加重平均後に再度整数丸め),,,,,UNKNOWN,,DB_KEIBA,roi_presence_raw と完全に1対1でROI記入の有無の言い換え。行の出所ではない,4,,,UNVERIFIED(表示基準日がページ間で不一致: トップ2026-08-16/使い方2026-05-17),TOP10,,HOLD_MERGE+HOLD_METHOD+HOLD_ASOF+HOLD_ID,①購入方式の確定 ②分母(賭け金総額・払戻総額)の入手 ③加重平均の再現可否検証 ④場/距離/回りの重複排除
rec_b1da51ce28d9db36a15dc33625187a43e5a15151ac8c6e2e2f1a9d3eee5690a8,PRIMARY_TRAINER,TrainerCond_連結済み_20260701.csv,201,TRAINER,庄野 靖志,,NAME_KEY_ONLY_UNVERIFIED_OFFICIAL_ID,京都,NAMED_CONDITION,PARSED,,,,,,,,,,,WIN_ROI_PCT|PLACE_ROI_PCT|N_STARTS,UNKNOWN,サイト現行既定は「オッズ反比例の賭け金・固定払戻の意図」(WEB_DEFINITION)。CSV作成時点の方式である証明にはならない,EQUAL_STAKE|EQUAL_PAYOUT,Y,Y,YES_PUBLIC_SCOPE_UNRULED,65,,,,N_WEIGHTED_MEAN_OF_PCT: sum(ROI_i*n_i)/sum(n_i) を整数丸め,UNVERIFIED_AGGREGATION,LEGACY_SIRE_TRAINER_CODE,二重丸め(掲載値が整数%＋加重平均後に再度整数丸め),,,,,UNKNOWN,,DB_KEIBA,roi_presence_raw と完全に1対1でROI記入の有無の言い換え。行の出所ではない,1,,,UNVERIFIED(表示基準日がページ間で不一致: トップ2026-08-16/使い方2026-05-17),TOP10,,HOLD_MERGE+HOLD_METHOD+HOLD_ASOF+HOLD_ID,①購入方式の確定 ②分母(賭け金総額・払戻総額)の入手 ③加重平均の再現可否検証 ④場/距離/回りの重複排除
rec_28cb57f4dacc0dbafdc5c185c30a1c0d8cf1e47181dcbe82ac65b4eb116a93ad,PRIMARY_TRAINER,TrainerCond_連結済み_20260701.csv,202,TRAINER,石栗 龍彦,,NAME_KEY_ONLY_UNVERIFIED_OFFICIAL_ID,京都,NAMED_CONDITION,PARSED,,,,,,,,,,,,UNKNOWN,,,N,N,NOT_APPLICABLE,,,,,,NOT_APPLICABLE_NO_ROI,,,,,,,UNKNOWN,,BOOK_OR_UNSPECIFIED_ROI_SOURCE,roi_presence_raw と完全に1対1でROI記入の有無の言い換え。行の出所ではない,4,,,UNVERIFIED(表示基準日がページ間で不一致: トップ2026-08-16/使い方2026-05-17),TOP10,MISSING_ROI,NOT_AVAILABLE,原表と方式を入手するまで使用しない。原行は保持
rec_0d68310d1dac67f76a1c37082bdb72ffd0e4ef5206520139a0b7d13efb51f996,PRIMARY_TRAINER,TrainerCond_連結済み_20260701.csv,203,TRAINER,奥村 豊,,NAME_KEY_ONLY_UNVERIFIED_OFFICIAL_ID,京都,NAMED_CONDITION,PARSED,,,,,,,,,,,,UNKNOWN,,,N,N,NOT_APPLICABLE,,,,,,NOT_APPLICABLE_NO_ROI,,,,,,,UNKNOWN,,BOOK_OR_UNSPECIFIED_ROI_SOURCE,roi_presence_raw と完全に1対1でROI記入の有無の言い換え。行の出所ではない,3,,,UNVERIFIED(表示基準日がページ間で不一致: トップ2026-08-16/使い方2026-05-17),TOP10,MISSING_ROI,NOT_AVAILABLE,原表と方式を入手するまで使用しない。原行は保持
rec_4dbeee6bcbe807d72ecb0bf223d7e6f465a5f2c6e8a3dfbbdfd362b9bec7370a,PRIMARY_TRAINER,TrainerCond_連結済み_20260701.csv,204,TRAINER,藤野 健太,,NAME_KEY_ONLY_UNVERIFIED_OFFICIAL_ID,京都,NAMED_CONDITION,PARSED,,,,,,,,,,,,UNKNOWN,,,N,N,NOT_APPLICABLE,,,,,,NOT_APPLICABLE_NO_ROI,,,,,,,UNKNOWN,,BOOK_OR_UNSPECIFIED_ROI_SOURCE,roi_presence_raw と完全に1対1でROI記入の有無の言い換え。行の出所ではない,7,,,UNVERIFIED(表示基準日がページ間で不一致: トップ2026-08-16/使い方2026-05-17),TOP10,MISSING_ROI,NOT_AVAILABLE,原表と方式を入手するまで使用しない。原行は保持
rec_ae5b521f92e2e984a44fe67565fc794a957174390f23a97315bab946d1da2f34,PRIMARY_TRAINER,TrainerCond_連結済み_20260701.csv,205,TRAINER,宮地 貴稔,,NAME_KEY_ONLY_UNVERIFIED_OFFICIAL_ID,京都,NAMED_CONDITION,PARSED,,,,,,,,,,,,UNKNOWN,,,N,N,NOT_APPLICABLE,,,,,,NOT_APPLICABLE_NO_ROI,,,,,,,UNKNOWN,,BOOK_OR_UNSPECIFIED_ROI_SOURCE,roi_presence_raw と完全に1対1でROI記入の有無の言い換え。行の出所ではない,14,,,UNVERIFIED(表示基準日がページ間で不一致: トップ2026-08-16/使い方2026-05-17),TOP10,MISSING_ROI,NOT_AVAILABLE,原表と方式を入手するまで使用しない。原行は保持
rec_a0e70e0e3e2db2fa8aea6af87141ae9e03f906db753607270648b2c9d65901c4,PRIMARY_TRAINER,TrainerCond_連結済み_20260701.csv,206,TRAINER,秋山 真一郎,,NAME_KEY_ONLY_UNVERIFIED_OFFICIAL_ID,京都,NAMED_CONDITION,PARSED,,,,,,,,,,,,UNKNOWN,,,N,N,NOT_APPLICABLE,,,,,,NOT_APPLICABLE_NO_ROI,,,,,,,UNKNOWN,,BOOK_OR_UNSPECIFIED_ROI_SOURCE,roi_presence_raw と完全に1対1でROI記入の有無の言い換え。行の出所ではない,6,,,UNVERIFIED(表示基準日がページ間で不一致: トップ2026-08-16/使い方2026-05-17),ワースト3,MISSING_ROI,NOT_AVAILABLE,原表と方式を入手するまで使用しない。原行は保持
rec_bf652b255faab8787a76bbe94a2796dd38c76c5123473570e03042dafd11d23d,PRIMARY_TRAINER,TrainerCond_連結済み_20260701.csv,207,TRAINER,前川 恭子,,NAME_KEY_ONLY_UNVERIFIED_OFFICIAL_ID,京都,NAMED_CONDITION,PARSED,,,,,,,,,,,,UNKNOWN,,,N,N,NOT_APPLICABLE,,,,,,NOT_APPLICABLE_NO_ROI,,,,,,,UNKNOWN,,BOOK_OR_UNSPECIFIED_ROI_SOURCE,roi_presence_raw と完全に1対1でROI記入の有無の言い換え。行の出所ではない,9,,,UNVERIFIED(表示基準日がページ間で不一致: トップ2026-08-16/使い方2026-05-17),ワースト3,MISSING_ROI,NOT_AVAILABLE,原表と方式を入手するまで使用しない。原行は保持
rec_3439a25b593a8b420ece3514b01c8f58757320f57c498b495c417e0327074d15,PRIMARY_TRAINER,TrainerCond_連結済み_20260701.csv,208,TRAINER,佐々木 晶三,,NAME_KEY_ONLY_UNVERIFIED_OFFICIAL_ID,京都,NAMED_CONDITION,PARSED,,,,,,,,,,,,UNKNOWN,,,N,N,NOT_APPLICABLE,,,,,,NOT_APPLICABLE_NO_ROI,,,,,,,UNKNOWN,,BOOK_OR_UNSPECIFIED_ROI_SOURCE,roi_presence_raw と完全に1対1でROI記入の有無の言い換え。行の出所ではない,5,,,UNVERIFIED(表示基準日がページ間で不一致: トップ2026-08-16/使い方2026-05-17),ワースト3,MISSING_ROI,NOT_AVAILABLE,原表と方式を入手するまで使用しない。原行は保持
rec_7171a4deeff79ebc9692bf47e3ba49e9f550dc3e0ab1b78c36fd1b59e4875f2b,PRIMARY_TRAINER,TrainerCond_連結済み_20260701.csv,209,TRAINER,秋山 真一郎,,NAME_KEY_ONLY_UNVERIFIED_OFFICIAL_ID,阪神,NAMED_CONDITION,PARSED,,,,,,,,,,,,UNKNOWN,,,N,N,NOT_APPLICABLE,,,,,,NOT_APPLICABLE_NO_ROI,,,,,,,UNKNOWN,,BOOK_OR_UNSPECIFIED_ROI_SOURCE,roi_presence_raw と完全に1対1でROI記入の有無の言い換え。行の出所ではない,6,,,UNVERIFIED(表示基準日がページ間で不一致: トップ2026-08-16/使い方2026-05-17),TOP10,MISSING_ROI,NOT_AVAILABLE,原表と方式を入手するまで使用しない。原行は保持
rec_52cd5408247d19524421180afab2968df46772a5829f3902581e87d4b865ebe0,PRIMARY_TRAINER,TrainerCond_連結済み_20260701.csv,210,TRAINER,中竹 和也,,NAME_KEY_ONLY_UNVERIFIED_OFFICIAL_ID,阪神,NAMED_CONDITION,PARSED,,,,,,,,,,,WIN_ROI_PCT|PLACE_ROI_PCT|N_STARTS,UNKNOWN,サイト現行既定は「オッズ反比例の賭け金・固定払戻の意図」(WEB_DEFINITION)。CSV作成時点の方式である証明にはならない,EQUAL_STAKE|EQUAL_PAYOUT,Y,Y,YES_PUBLIC_SCOPE_UNRULED,146,,,,N_WEIGHTED_MEAN_OF_PCT: sum(ROI_i*n_i)/sum(n_i) を整数丸め,UNVERIFIED_AGGREGATION,LEGACY_SIRE_TRAINER_CODE,二重丸め(掲載値が整数%＋加重平均後に再度整数丸め),,,,,UNKNOWN,,DB_KEIBA,roi_presence_raw と完全に1対1でROI記入の有無の言い換え。行の出所ではない,2,,,UNVERIFIED(表示基準日がページ間で不一致: トップ2026-08-16/使い方2026-05-17),TOP10,,HOLD_MERGE+HOLD_METHOD+HOLD_ASOF+HOLD_ID,①購入方式の確定 ②分母(賭け金総額・払戻総額)の入手 ③加重平均の再現可否検証 ④場/距離/回りの重複排除
rec_ce59f2fedac07d02be129f810fa050c745dd739538ea589ef574ae87789d792d,PRIMARY_TRAINER,TrainerCond_連結済み_20260701.csv,211,TRAINER,福永 祐一,,NAME_KEY_ONLY_UNVERIFIED_OFFICIAL_ID,阪神,NAMED_CONDITION,PARSED,,,,,,,,,,,,UNKNOWN,,,N,N,NOT_APPLICABLE,,,,,,NOT_APPLICABLE_NO_ROI,,,,,,,UNKNOWN,,BOOK_OR_UNSPECIFIED_ROI_SOURCE,roi_presence_raw と完全に1対1でROI記入の有無の言い換え。行の出所ではない,2,,,UNVERIFIED(表示基準日がページ間で不一致: トップ2026-08-16/使い方2026-05-17),TOP10,MISSING_ROI,NOT_AVAILABLE,原表と方式を入手するまで使用しない。原行は保持
rec_4360441f1e438dfc9147ae85ab51338b550bb2eb5dd0c1d35aea39ae26cc33e9,PRIMARY_TRAINER,TrainerCond_連結済み_20260701.csv,212,TRAINER,高橋 一哉,,NAME_KEY_ONLY_UNVERIFIED_OFFICIAL_ID,阪神,NAMED_CONDITION,PARSED,,,,,,,,,,,,UNKNOWN,,,N,N,NOT_APPLICABLE,,,,,,NOT_APPLICABLE_NO_ROI,,,,,,,UNKNOWN,,BOOK_OR_UNSPECIFIED_ROI_SOURCE,roi_presence_raw と完全に1対1でROI記入の有無の言い換え。行の出所ではない,3,,,UNVERIFIED(表示基準日がページ間で不一致: トップ2026-08-16/使い方2026-05-17),TOP10,MISSING_ROI,NOT_AVAILABLE,原表と方式を入手するまで使用しない。原行は保持
rec_40f2927fbb3f493f880ec6a4491dbeacff7f56b711fd870f767dc5a9bc5bcb13,PRIMARY_TRAINER,TrainerCond_連結済み_20260701.csv,213,TRAINER,井上 智史,,NAME_KEY_ONLY_UNVERIFIED_OFFICIAL_ID,阪神,NAMED_CONDITION,PARSED,,,,,,,,,,,,UNKNOWN,,,N,N,NOT_APPLICABLE,,,,,,NOT_APPLICABLE_NO_ROI,,,,,,,UNKNOWN,,BOOK_OR_UNSPECIFIED_ROI_SOURCE,roi_presence_raw と完全に1対1でROI記入の有無の言い換え。行の出所ではない,10,,,UNVERIFIED(表示基準日がページ間で不一致: トップ2026-08-16/使い方2026-05-17),TOP10,MISSING_ROI,NOT_AVAILABLE,原表と方式を入手するまで使用しない。原行は保持
rec_e39db05fd788b93e85f00e9a6b4f5f3fd85a30b6ebf75f0ce5a3d8511375e913,PRIMARY_TRAINER,TrainerCond_連結済み_20260701.csv,214,TRAINER,北出 成人,,NAME_KEY_ONLY_UNVERIFIED_OFFICIAL_ID,阪神,NAMED_CONDITION,PARSED,,,,,,,,,,,,UNKNOWN,,,N,N,NOT_APPLICABLE,,,,,,NOT_APPLICABLE_NO_ROI,,,,,,,UNKNOWN,,BOOK_OR_UNSPECIFIED_ROI_SOURCE,roi_presence_raw と完全に1対1でROI記入の有無の言い換え。行の出所ではない,5,,,UNVERIFIED(表示基準日がページ間で不一致: トップ2026-08-16/使い方2026-05-17),TOP10,MISSING_ROI,NOT_AVAILABLE,原表と方式を入手するまで使用しない。原行は保持
rec_ba0689ed41b6d4027e21eb46d529373d440d2d344130741c70d84f2727b2e10a,PRIMARY_TRAINER,TrainerCond_連結済み_20260701.csv,215,TRAINER,佐々木 晶三,,NAME_KEY_ONLY_UNVERIFIED_OFFICIAL_ID,阪神,NAMED_CONDITION,PARSED,,,,,,,,,,,WIN_ROI_PCT|PLACE_ROI_PCT|N_STARTS,UNKNOWN,サイト現行既定は「オッズ反比例の賭け金・固定払戻の意図」(WEB_DEFINITION)。CSV作成時点の方式である証明にはならない,EQUAL_STAKE|EQUAL_PAYOUT,Y,Y,YES_PUBLIC_SCOPE_UNRULED,7,,,,N_WEIGHTED_MEAN_OF_PCT: sum(ROI_i*n_i)/sum(n_i) を整数丸め,UNVERIFIED_AGGREGATION,LEGACY_SIRE_TRAINER_CODE,二重丸め(掲載値が整数%＋加重平均後に再度整数丸め),,,,,UNKNOWN,,DB_KEIBA,roi_presence_raw と完全に1対1でROI記入の有無の言い換え。行の出所ではない,5,,,UNVERIFIED(表示基準日がページ間で不一致: トップ2026-08-16/使い方2026-05-17),TOP10,,HOLD_MERGE+HOLD_METHOD+HOLD_ASOF+HOLD_ID,①購入方式の確定 ②分母(賭け金総額・払戻総額)の入手 ③加重平均の再現可否検証 ④場/距離/回りの重複排除
rec_23145c7697a8de1180ec2064492602f0e1bde8c131d1ac2e08226bcf41e4c9bf,PRIMARY_TRAINER,TrainerCond_連結済み_20260701.csv,216,TRAINER,上村 洋行,,NAME_KEY_ONLY_UNVERIFIED_OFFICIAL_ID,阪神,NAMED_CONDITION,PARSED,,,,,,,,,,,WIN_ROI_PCT|PLACE_ROI_PCT|N_STARTS,UNKNOWN,サイト現行既定は「オッズ反比例の賭け金・固定払戻の意図」(WEB_DEFINITION)。CSV作成時点の方式である証明にはならない,EQUAL_STAKE|EQUAL_PAYOUT,Y,Y,YES_PUBLIC_SCOPE_UNRULED,191,,,,N_WEIGHTED_MEAN_OF_PCT: sum(ROI_i*n_i)/sum(n_i) を整数丸め,UNVERIFIED_AGGREGATION,LEGACY_SIRE_TRAINER_CODE,二重丸め(掲載値が整数%＋加重平均後に再度整数丸め),,,,,UNKNOWN,,DB_KEIBA,roi_presence_raw と完全に1対1でROI記入の有無の言い換え。行の出所ではない,5,,,UNVERIFIED(表示基準日がページ間で不一致: トップ2026-08-16/使い方2026-05-17),TOP10,,HOLD_MERGE+HOLD_METHOD+HOLD_ASOF+HOLD_ID,①購入方式の確定 ②分母(賭け金総額・払戻総額)の入手 ③加重平均の再現可否検証 ④場/距離/回りの重複排除
rec_cf37215638dac46f54e56f0edf0ff99731fc83ef3be845e85632635d2a24570b,PRIMARY_TRAINER,TrainerCond_連結済み_20260701.csv,217,TRAINER,大根田 裕之,,NAME_KEY_ONLY_UNVERIFIED_OFFICIAL_ID,阪神,NAMED_CONDITION,PARSED,,,,,,,,,,,,UNKNOWN,,,N,N,NOT_APPLICABLE,,,,,,NOT_APPLICABLE_NO_ROI,,,,,,,UNKNOWN,,BOOK_OR_UNSPECIFIED_ROI_SOURCE,roi_presence_raw と完全に1対1でROI記入の有無の言い換え。行の出所ではない,5,,,UNVERIFIED(表示基準日がページ間で不一致: トップ2026-08-16/使い方2026-05-17),TOP10,MISSING_ROI,NOT_AVAILABLE,原表と方式を入手するまで使用しない。原行は保持
rec_3315daaa6d6dae41ed21e0d8a6969773469be90b97c8c7e9b57fbfb86cbfb4ed,PRIMARY_TRAINER,TrainerCond_連結済み_20260701.csv,218,TRAINER,宮地 貴稔,,NAME_KEY_ONLY_UNVERIFIED_OFFICIAL_ID,阪神,NAMED_CONDITION,PARSED,,,,,,,,,,,,UNKNOWN,,,N,N,NOT_APPLICABLE,,,,,,NOT_APPLICABLE_NO_ROI,,,,,,,UNKNOWN,,BOOK_OR_UNSPECIFIED_ROI_SOURCE,roi_presence_raw と完全に1対1でROI記入の有無の言い換え。行の出所ではない,14,,,UNVERIFIED(表示基準日がページ間で不一致: トップ2026-08-16/使い方2026-05-17),TOP10,MISSING_ROI,NOT_AVAILABLE,原表と方式を入手するまで使用しない。原行は保持
rec_25103647d42e11cca7aae58bf667bcb8f053022f27239feaddb2d1c8e065c20d,PRIMARY_TRAINER,TrainerCond_連結済み_20260701.csv,219,TRAINER,寺島 良,,NAME_KEY_ONLY_UNVERIFIED_OFFICIAL_ID,阪神,NAMED_CONDITION,PARSED,,,,,,,,,,,WIN_ROI_PCT|PLACE_ROI_PCT|N_STARTS,UNKNOWN,サイト現行既定は「オッズ反比例の賭け金・固定払戻の意図」(WEB_DEFINITION)。CSV作成時点の方式である証明にはならない,EQUAL_STAKE|EQUAL_PAYOUT,Y,Y,YES_PUBLIC_SCOPE_UNRULED,298,,,,N_WEIGHTED_MEAN_OF_PCT: sum(ROI_i*n_i)/sum(n_i) を整数丸め,UNVERIFIED_AGGREGATION,LEGACY_SIRE_TRAINER_CODE,二重丸め(掲載値が整数%＋加重平均後に再度整数丸め),,,,,UNKNOWN,,DB_KEIBA,roi_presence_raw と完全に1対1でROI記入の有無の言い換え。行の出所ではない,2,,,UNVERIFIED(表示基準日がページ間で不一致: トップ2026-08-16/使い方2026-05-17),ワースト3,,HOLD_MERGE+HOLD_METHOD+HOLD_ASOF+HOLD_ID,①購入方式の確定 ②分母(賭け金総額・払戻総額)の入手 ③加重平均の再現可否検証 ④場/距離/回りの重複排除
rec_56995e195193e62a02ea55eef22a259df878172c2d7b7214661bdd85d9c48b69,PRIMARY_TRAINER,TrainerCond_連結済み_20260701.csv,220,TRAINER,小崎 憲,,NAME_KEY_ONLY_UNVERIFIED_OFFICIAL_ID,阪神,NAMED_CONDITION,PARSED,,,,,,,,,,,,UNKNOWN,,,N,N,NOT_APPLICABLE,,,,,,NOT_APPLICABLE_NO_ROI,,,,,,,UNKNOWN,,BOOK_OR_UNSPECIFIED_ROI_SOURCE,roi_presence_raw と完全に1対1でROI記入の有無の言い換え。行の出所ではない,2,,,UNVERIFIED(表示基準日がページ間で不一致: トップ2026-08-16/使い方2026-05-17),ワースト3,MISSING_ROI,NOT_AVAILABLE,原表と方式を入手するまで使用しない。原行は保持
rec_f004d76b84db597b9fc2f64ad0896f79161668fa9b8a4e7c340f5e74adbc5074,PRIMARY_TRAINER,TrainerCond_連結済み_20260701.csv,221,TRAINER,飯田 祐史,,NAME_KEY_ONLY_UNVERIFIED_OFFICIAL_ID,阪神,NAMED_CONDITION,PARSED,,,,,,,,,,,,UNKNOWN,,,N,N,NOT_APPLICABLE,,,,,,NOT_APPLICABLE_NO_ROI,,,,,,,UNKNOWN,,BOOK_OR_UNSPECIFIED_ROI_SOURCE,roi_presence_raw と完全に1対1でROI記入の有無の言い換え。行の出所ではない,1,,,UNVERIFIED(表示基準日がページ間で不一致: トップ2026-08-16/使い方2026-05-17),ワースト3,MISSING_ROI,NOT_AVAILABLE,原表と方式を入手するまで使用しない。原行は保持
rec_5b616bdb790b5a67a24c65121912b8bd86da4a221754f338ddacfb1a569a040e,PRIMARY_TRAINER,TrainerCond_連結済み_20260701.csv,222,TRAINER,角田 晃一,,NAME_KEY_ONLY_UNVERIFIED_OFFICIAL_ID,小倉,NAMED_CONDITION,PARSED,,,,,,,,,,,WIN_ROI_PCT|PLACE_ROI_PCT|N_STARTS,UNKNOWN,サイト現行既定は「オッズ反比例の賭け金・固定払戻の意図」(WEB_DEFINITION)。CSV作成時点の方式である証明にはならない,EQUAL_STAKE|EQUAL_PAYOUT,Y,Y,YES_PUBLIC_SCOPE_UNRULED,104,,,,N_WEIGHTED_MEAN_OF_PCT: sum(ROI_i*n_i)/sum(n_i) を整数丸め,UNVERIFIED_AGGREGATION,LEGACY_SIRE_TRAINER_CODE,二重丸め(掲載値が整数%＋加重平均後に再度整数丸め),,,,,UNKNOWN,,DB_KEIBA,roi_presence_raw と完全に1対1でROI記入の有無の言い換え。行の出所ではない,6,,,UNVERIFIED(表示基準日がページ間で不一致: トップ2026-08-16/使い方2026-05-17),TOP10,,HOLD_MERGE+HOLD_METHOD+HOLD_ASOF+HOLD_ID,①購入方式の確定 ②分母(賭け金総額・払戻総額)の入手 ③加重平均の再現可否検証 ④場/距離/回りの重複排除
rec_16dc9c6757a9aaddd813c894ebcc6df19cd5cce0ac6870fa8c640606a490c668,PRIMARY_TRAINER,TrainerCond_連結済み_20260701.csv,223,TRAINER,小野 次郎,,NAME_KEY_ONLY_UNVERIFIED_OFFICIAL_ID,小倉,NAMED_CONDITION,PARSED,,,,,,,,,,,,UNKNOWN,,,N,N,NOT_APPLICABLE,,,,,,NOT_APPLICABLE_NO_ROI,,,,,,,UNKNOWN,,BOOK_OR_UNSPECIFIED_ROI_SOURCE,roi_presence_raw と完全に1対1でROI記入の有無の言い換え。行の出所ではない,4,,,UNVERIFIED(表示基準日がページ間で不一致: トップ2026-08-16/使い方2026-05-17),TOP10,MISSING_ROI,NOT_AVAILABLE,原表と方式を入手するまで使用しない。原行は保持
rec_96c3cc4a84f70b8a4e737245859b8945b28e405a1a4ca77a94ee58a904ed94ba,PRIMARY_TRAINER,TrainerCond_連結済み_20260701.csv,224,TRAINER,辻野 泰之,,NAME_KEY_ONLY_UNVERIFIED_OFFICIAL_ID,小倉,NAMED_CONDITION,PARSED,,,,,,,,,,,,UNKNOWN,,,N,N,NOT_APPLICABLE,,,,,,NOT_APPLICABLE_NO_ROI,,,,,,,UNKNOWN,,BOOK_OR_UNSPECIFIED_ROI_SOURCE,roi_presence_raw と完全に1対1でROI記入の有無の言い換え。行の出所ではない,4,,,UNVERIFIED(表示基準日がページ間で不一致: トップ2026-08-16/使い方2026-05-17),TOP10,MISSING_ROI,NOT_AVAILABLE,原表と方式を入手するまで使用しない。原行は保持
rec_58bf490588f7c5d9523378d12d9f3b78530f88733e2c3334033339e8922fbc9b,PRIMARY_TRAINER,TrainerCond_連結済み_20260701.csv,225,TRAINER,中尾 秀正,,NAME_KEY_ONLY_UNVERIFIED_OFFICIAL_ID,小倉,NAMED_CONDITION,PARSED,,,,,,,,,,,,UNKNOWN,,,N,N,NOT_APPLICABLE,,,,,,NOT_APPLICABLE_NO_ROI,,,,,,,UNKNOWN,,BOOK_OR_UNSPECIFIED_ROI_SOURCE,roi_presence_raw と完全に1対1でROI記入の有無の言い換え。行の出所ではない,3,,,UNVERIFIED(表示基準日がページ間で不一致: トップ2026-08-16/使い方2026-05-17),TOP10,MISSING_ROI,NOT_AVAILABLE,原表と方式を入手するまで使用しない。原行は保持
rec_178845d85d0daed5cf3a8ea952a3fc6316dc6392b37bba84679fe5214df6ed5c,PRIMARY_TRAINER,TrainerCond_連結済み_20260701.csv,226,TRAINER,奥村 豊,,NAME_KEY_ONLY_UNVERIFIED_OFFICIAL_ID,小倉,NAMED_CONDITION,PARSED,,,,,,,,,,,WIN_ROI_PCT|PLACE_ROI_PCT|N_STARTS,UNKNOWN,サイト現行既定は「オッズ反比例の賭け金・固定払戻の意図」(WEB_DEFINITION)。CSV作成時点の方式である証明にはならない,EQUAL_STAKE|EQUAL_PAYOUT,Y,Y,YES_PUBLIC_SCOPE_UNRULED,28,,,,N_WEIGHTED_MEAN_OF_PCT: sum(ROI_i*n_i)/sum(n_i) を整数丸め,UNVERIFIED_AGGREGATION,LEGACY_SIRE_TRAINER_CODE,二重丸め(掲載値が整数%＋加重平均後に再度整数丸め),,,,,UNKNOWN,,DB_KEIBA,roi_presence_raw と完全に1対1でROI記入の有無の言い換え。行の出所ではない,3,,,UNVERIFIED(表示基準日がページ間で不一致: トップ2026-08-16/使い方2026-05-17),TOP10,,HOLD_MERGE+HOLD_METHOD+HOLD_ASOF+HOLD_ID,①購入方式の確定 ②分母(賭け金総額・払戻総額)の入手 ③加重平均の再現可否検証 ④場/距離/回りの重複排除
rec_a08c1cdc282d9f2886c7545452b0bb4715bad4d9423b2297879171c567c7b4bf,PRIMARY_TRAINER,TrainerCond_連結済み_20260701.csv,227,TRAINER,新谷 功一,,NAME_KEY_ONLY_UNVERIFIED_OFFICIAL_ID,小倉,NAMED_CONDITION,PARSED,,,,,,,,,,,WIN_ROI_PCT|PLACE_ROI_PCT|N_STARTS,UNKNOWN,サイト現行既定は「オッズ反比例の賭け金・固定払戻の意図」(WEB_DEFINITION)。CSV作成時点の方式である証明にはならない,EQUAL_STAKE|EQUAL_PAYOUT,Y,Y,YES_PUBLIC_SCOPE_UNRULED,51,,,,N_WEIGHTED_MEAN_OF_PCT: sum(ROI_i*n_i)/sum(n_i) を整数丸め,UNVERIFIED_AGGREGATION,LEGACY_SIRE_TRAINER_CODE,二重丸め(掲載値が整数%＋加重平均後に再度整数丸め),,,,,UNKNOWN,,DB_KEIBA,roi_presence_raw と完全に1対1でROI記入の有無の言い換え。行の出所ではない,2,,,UNVERIFIED(表示基準日がページ間で不一致: トップ2026-08-16/使い方2026-05-17),TOP10,,HOLD_MERGE+HOLD_METHOD+HOLD_ASOF+HOLD_ID,①購入方式の確定 ②分母(賭け金総額・払戻総額)の入手 ③加重平均の再現可否検証 ④場/距離/回りの重複排除
rec_de1fc4a19511148fe97e8fd87484aa34269fe1b4ee1e0c3b0496525339e99507,PRIMARY_TRAINER,TrainerCond_連結済み_20260701.csv,228,TRAINER,森田 直行,,NAME_KEY_ONLY_UNVERIFIED_OFFICIAL_ID,小倉,NAMED_CONDITION,PARSED,,,,,,,,,,,,UNKNOWN,,,N,N,NOT_APPLICABLE,,,,,,NOT_APPLICABLE_NO_ROI,,,,,,,UNKNOWN,,BOOK_OR_UNSPECIFIED_ROI_SOURCE,roi_presence_raw と完全に1対1でROI記入の有無の言い換え。行の出所ではない,1,,,UNVERIFIED(表示基準日がページ間で不一致: トップ2026-08-16/使い方2026-05-17),TOP10,MISSING_ROI,NOT_AVAILABLE,原表と方式を入手するまで使用しない。原行は保持
rec_e122395b8be5f46caa45e084d9d3ae3bef3b85b7fe0dcebb9a8a9954436d4190,PRIMARY_TRAINER,TrainerCond_連結済み_20260701.csv,229,TRAINER,斉藤 崇史,,NAME_KEY_ONLY_UNVERIFIED_OFFICIAL_ID,小倉,NAMED_CONDITION,PARSED,,,,,,,,,,,WIN_ROI_PCT|PLACE_ROI_PCT|N_STARTS,UNKNOWN,サイト現行既定は「オッズ反比例の賭け金・固定払戻の意図」(WEB_DEFINITION)。CSV作成時点の方式である証明にはならない,EQUAL_STAKE|EQUAL_PAYOUT,Y,Y,YES_PUBLIC_SCOPE_UNRULED,30,,,,N_WEIGHTED_MEAN_OF_PCT: sum(ROI_i*n_i)/sum(n_i) を整数丸め,UNVERIFIED_AGGREGATION,LEGACY_SIRE_TRAINER_CODE,二重丸め(掲載値が整数%＋加重平均後に再度整数丸め),,,,,UNKNOWN,,DB_KEIBA,roi_presence_raw と完全に1対1でROI記入の有無の言い換え。行の出所ではない,1,,,UNVERIFIED(表示基準日がページ間で不一致: トップ2026-08-16/使い方2026-05-17),TOP10,,HOLD_MERGE+HOLD_METHOD+HOLD_ASOF+HOLD_ID,①購入方式の確定 ②分母(賭け金総額・払戻総額)の入手 ③加重平均の再現可否検証 ④場/距離/回りの重複排除
rec_c4d50586db747c10f88618e10d7712387fa3519aa38cdce8f0ab131d6e214451,PRIMARY_TRAINER,TrainerCond_連結済み_20260701.csv,230,TRAINER,寺島 良,,NAME_KEY_ONLY_UNVERIFIED_OFFICIAL_ID,小倉,NAMED_CONDITION,PARSED,,,,,,,,,,,WIN_ROI_PCT|PLACE_ROI_PCT|N_STARTS,UNKNOWN,サイト現行既定は「オッズ反比例の賭け金・固定払戻の意図」(WEB_DEFINITION)。CSV作成時点の方式である証明にはならない,EQUAL_STAKE|EQUAL_PAYOUT,Y,Y,YES_PUBLIC_SCOPE_UNRULED,78,,,,N_WEIGHTED_MEAN_OF_PCT: sum(ROI_i*n_i)/sum(n_i) を整数丸め,UNVERIFIED_AGGREGATION,LEGACY_SIRE_TRAINER_CODE,二重丸め(掲載値が整数%＋加重平均後に再度整数丸め),,,,,UNKNOWN,,DB_KEIBA,roi_presence_raw と完全に1対1でROI記入の有無の言い換え。行の出所ではない,2,,,UNVERIFIED(表示基準日がページ間で不一致: トップ2026-08-16/使い方2026-05-17),TOP10,,HOLD_MERGE+HOLD_METHOD+HOLD_ASOF+HOLD_ID,①購入方式の確定 ②分母(賭け金総額・払戻総額)の入手 ③加重平均の再現可否検証 ④場/距離/回りの重複排除
rec_3bad960aecc44915c70af9b800c03a23da598a451a97b84b644ec6ca8b67d603,PRIMARY_TRAINER,TrainerCond_連結済み_20260701.csv,231,TRAINER,新開 幸一,,NAME_KEY_ONLY_UNVERIFIED_OFFICIAL_ID,小倉,NAMED_CONDITION,PARSED,,,,,,,,,,,,UNKNOWN,,,N,N,NOT_APPLICABLE,,,,,,NOT_APPLICABLE_NO_ROI,,,,,,,UNKNOWN,,BOOK_OR_UNSPECIFIED_ROI_SOURCE,roi_presence_raw と完全に1対1でROI記入の有無の言い換え。行の出所ではない,1,,,UNVERIFIED(表示基準日がページ間で不一致: トップ2026-08-16/使い方2026-05-17),TOP10,MISSING_ROI,NOT_AVAILABLE,原表と方式を入手するまで使用しない。原行は保持
rec_8db4cdd9c6f5149c4959c43da4cc20b306cd40350e603cf85b78fc8ee911141c,PRIMARY_TRAINER,TrainerCond_連結済み_20260701.csv,232,TRAINER,千葉 直人,,NAME_KEY_ONLY_UNVERIFIED_OFFICIAL_ID,小倉,NAMED_CONDITION,PARSED,,,,,,,,,,,,UNKNOWN,,,N,N,NOT_APPLICABLE,,,,,,NOT_APPLICABLE_NO_ROI,,,,,,,UNKNOWN,,BOOK_OR_UNSPECIFIED_ROI_SOURCE,roi_presence_raw と完全に1対1でROI記入の有無の言い換え。行の出所ではない,10,,,UNVERIFIED(表示基準日がページ間で不一致: トップ2026-08-16/使い方2026-05-17),ワースト3,MISSING_ROI,NOT_AVAILABLE,原表と方式を入手するまで使用しない。原行は保持
rec_7fa70b779f98a55ca054cb33b3ff4dad00e336f4cb5f41c465aa35c76ab3acab,PRIMARY_TRAINER,TrainerCond_連結済み_20260701.csv,233,TRAINER,今野 貞一,,NAME_KEY_ONLY_UNVERIFIED_OFFICIAL_ID,小倉,NAMED_CONDITION,PARSED,,,,,,,,,,,,UNKNOWN,,,N,N,NOT_APPLICABLE,,,,,,NOT_APPLICABLE_NO_ROI,,,,,,,UNKNOWN,,BOOK_OR_UNSPECIFIED_ROI_SOURCE,roi_presence_raw と完全に1対1でROI記入の有無の言い換え。行の出所ではない,3,,,UNVERIFIED(表示基準日がページ間で不一致: トップ2026-08-16/使い方2026-05-17),ワースト3,MISSING_ROI,NOT_AVAILABLE,原表と方式を入手するまで使用しない。原行は保持
rec_8ac44965e6f4746f70c1aa382c2fce7e70553fcf799c2247024371de6b59457a,PRIMARY_TRAINER,TrainerCond_連結済み_20260701.csv,234,TRAINER,池江 泰寿,,NAME_KEY_ONLY_UNVERIFIED_OFFICIAL_ID,小倉,NAMED_CONDITION,PARSED,,,,,,,,,,,WIN_ROI_PCT|PLACE_ROI_PCT|N_STARTS,UNKNOWN,サイト現行既定は「オッズ反比例の賭け金・固定払戻の意図」(WEB_DEFINITION)。CSV作成時点の方式である証明にはならない,EQUAL_STAKE|EQUAL_PAYOUT,Y,Y,YES_PUBLIC_SCOPE_UNRULED,37,,,,N_WEIGHTED_MEAN_OF_PCT: sum(ROI_i*n_i)/sum(n_i) を整数丸め,UNVERIFIED_AGGREGATION,LEGACY_SIRE_TRAINER_CODE,二重丸め(掲載値が整数%＋加重平均後に再度整数丸め),,,,,UNKNOWN,,DB_KEIBA,roi_presence_raw と完全に1対1でROI記入の有無の言い換え。行の出所ではない,3,,,UNVERIFIED(表示基準日がページ間で不一致: トップ2026-08-16/使い方2026-05-17),ワースト3,,HOLD_MERGE+HOLD_METHOD+HOLD_ASOF+HOLD_ID,①購入方式の確定 ②分母(賭け金総額・払戻総額)の入手 ③加重平均の再現可否検証 ④場/距離/回りの重複排除
rec_9ba7e40a3a7e336c49356c771420c829c2cfffbd12a85780293d9bb0d230ee7b,PRIMARY_TRAINER,TrainerCond_連結済み_20260701.csv,235,TRAINER,小野 次郎,,NAME_KEY_ONLY_UNVERIFIED_OFFICIAL_ID,芝道悪(稍重/重/不良),NAMED_CONDITION,PARSED,,,,,,,,,,,,UNKNOWN,,,N,N,NOT_APPLICABLE,,,,,,NOT_APPLICABLE_NO_ROI,,,,芝,,,UNKNOWN,,BOOK_OR_UNSPECIFIED_ROI_SOURCE,roi_presence_raw と完全に1対1でROI記入の有無の言い換え。行の出所ではない,4,,,UNVERIFIED(表示基準日がページ間で不一致: トップ2026-08-16/使い方2026-05-17),TOP10,MISSING_ROI,NOT_AVAILABLE,原表と方式を入手するまで使用しない。原行は保持
rec_5f9f63330faa6f956d737862b6cb5d0a74d9e5431db2cc4b01afab6325fd7ab0,PRIMARY_TRAINER,TrainerCond_連結済み_20260701.csv,236,TRAINER,矢嶋 大樹,,NAME_KEY_ONLY_UNVERIFIED_OFFICIAL_ID,芝道悪(稍重/重/不良),NAMED_CONDITION,PARSED,,,,,,,,,,,,UNKNOWN,,,N,N,NOT_APPLICABLE,,,,,,NOT_APPLICABLE_NO_ROI,,,,芝,,,UNKNOWN,,BOOK_OR_UNSPECIFIED_ROI_SOURCE,roi_presence_raw と完全に1対1でROI記入の有無の言い換え。行の出所ではない,3,,,UNVERIFIED(表示基準日がページ間で不一致: トップ2026-08-16/使い方2026-05-17),TOP10,MISSING_ROI,NOT_AVAILABLE,原表と方式を入手するまで使用しない。原行は保持
rec_1f1d02de7c097c838e61006b73913a252d35678762ccd3ac288cd4ef6703bc1b,PRIMARY_TRAINER,TrainerCond_連結済み_20260701.csv,237,TRAINER,青木 孝文,,NAME_KEY_ONLY_UNVERIFIED_OFFICIAL_ID,芝道悪(稍重/重/不良),NAMED_CONDITION,PARSED,,,,,,,,,,,,UNKNOWN,,,N,N,NOT_APPLICABLE,,,,,,NOT_APPLICABLE_NO_ROI,,,,芝,,,UNKNOWN,,BOOK_OR_UNSPECIFIED_ROI_SOURCE,roi_presence_raw と完全に1対1でROI記入の有無の言い換え。行の出所ではない,4,,,UNVERIFIED(表示基準日がページ間で不一致: トップ2026-08-16/使い方2026-05-17),TOP10,MISSING_ROI,NOT_AVAILABLE,原表と方式を入手するまで使用しない。原行は保持
rec_2cc383b3470362d8af2a1b900dec4db89bc6923e0799d17842eda41cb15bae7b,PRIMARY_TRAINER,TrainerCond_連結済み_20260701.csv,238,TRAINER,堀内 岳志,,NAME_KEY_ONLY_UNVERIFIED_OFFICIAL_ID,芝道悪(稍重/重/不良),NAMED_CONDITION,PARSED,,,,,,,,,,,,UNKNOWN,,,N,N,NOT_APPLICABLE,,,,,,NOT_APPLICABLE_NO_ROI,,,,芝,,,UNKNOWN,,BOOK_OR_UNSPECIFIED_ROI_SOURCE,roi_presence_raw と完全に1対1でROI記入の有無の言い換え。行の出所ではない,5,,,UNVERIFIED(表示基準日がページ間で不一致: トップ2026-08-16/使い方2026-05-17),TOP10,MISSING_ROI,NOT_AVAILABLE,原表と方式を入手するまで使用しない。原行は保持
rec_21610fc818b710de2c7059ec7966d15e5a53d32cc90441c7c5d334ddfff1e911,PRIMARY_TRAINER,TrainerCond_連結済み_20260701.csv,239,TRAINER,中尾 秀正,,NAME_KEY_ONLY_UNVERIFIED_OFFICIAL_ID,芝道悪(稍重/重/不良),NAMED_CONDITION,PARSED,,,,,,,,,,,,UNKNOWN,,,N,N,NOT_APPLICABLE,,,,,,NOT_APPLICABLE_NO_ROI,,,,芝,,,UNKNOWN,,BOOK_OR_UNSPECIFIED_ROI_SOURCE,roi_presence_raw と完全に1対1でROI記入の有無の言い換え。行の出所ではない,3,,,UNVERIFIED(表示基準日がページ間で不一致: トップ2026-08-16/使い方2026-05-17),TOP10,MISSING_ROI,NOT_AVAILABLE,原表と方式を入手するまで使用しない。原行は保持
rec_1d23a80c1306eeaab54165e13ea44d0d77fcfef2d2091d5d52bac75dac854d02,PRIMARY_TRAINER,TrainerCond_連結済み_20260701.csv,240,TRAINER,石栗 龍彦,,NAME_KEY_ONLY_UNVERIFIED_OFFICIAL_ID,芝道悪(稍重/重/不良),NAMED_CONDITION,PARSED,,,,,,,,,,,,UNKNOWN,,,N,N,NOT_APPLICABLE,,,,,,NOT_APPLICABLE_NO_ROI,,,,芝,,,UNKNOWN,,BOOK_OR_UNSPECIFIED_ROI_SOURCE,roi_presence_raw と完全に1対1でROI記入の有無の言い換え。行の出所ではない,4,,,UNVERIFIED(表示基準日がページ間で不一致: トップ2026-08-16/使い方2026-05-17),TOP10,MISSING_ROI,NOT_AVAILABLE,原表と方式を入手するまで使用しない。原行は保持
rec_3f8dd1f269d493afd98f2c6ef81f8c9e83c2158914f2547915b9f80b3531e549,PRIMARY_TRAINER,TrainerCond_連結済み_20260701.csv,241,TRAINER,西村 真幸,,NAME_KEY_ONLY_UNVERIFIED_OFFICIAL_ID,芝道悪(稍重/重/不良),NAMED_CONDITION,PARSED,,,,,,,,,,,,UNKNOWN,,,N,N,NOT_APPLICABLE,,,,,,NOT_APPLICABLE_NO_ROI,,,,芝,,,UNKNOWN,,BOOK_OR_UNSPECIFIED_ROI_SOURCE,roi_presence_raw と完全に1対1でROI記入の有無の言い換え。行の出所ではない,1,,,UNVERIFIED(表示基準日がページ間で不一致: トップ2026-08-16/使い方2026-05-17),TOP10,MISSING_ROI,NOT_AVAILABLE,原表と方式を入手するまで使用しない。原行は保持
rec_f112523dd98bb1c2a0bf02b239062371aaad7afe02d7fb10047dabcaee5cedd3,PRIMARY_TRAINER,TrainerCond_連結済み_20260701.csv,242,TRAINER,辻 哲英,,NAME_KEY_ONLY_UNVERIFIED_OFFICIAL_ID,芝道悪(稍重/重/不良),NAMED_CONDITION,PARSED,,,,,,,,,,,,UNKNOWN,,,N,N,NOT_APPLICABLE,,,,,,NOT_APPLICABLE_NO_ROI,,,,芝,,,UNKNOWN,,BOOK_OR_UNSPECIFIED_ROI_SOURCE,roi_presence_raw と完全に1対1でROI記入の有無の言い換え。行の出所ではない,7,,,UNVERIFIED(表示基準日がページ間で不一致: トップ2026-08-16/使い方2026-05-17),TOP10,MISSING_ROI,NOT_AVAILABLE,原表と方式を入手するまで使用しない。原行は保持
rec_272e9560f7bc5780a676097acfe4e8e168bff78798b7d8dc26bcd7d3512db87c,PRIMARY_TRAINER,TrainerCond_連結済み_20260701.csv,243,TRAINER,田中 勝春,,NAME_KEY_ONLY_UNVERIFIED_OFFICIAL_ID,芝道悪(稍重/重/不良),NAMED_CONDITION,PARSED,,,,,,,,,,,,UNKNOWN,,,N,N,NOT_APPLICABLE,,,,,,NOT_APPLICABLE_NO_ROI,,,,芝,,,UNKNOWN,,BOOK_OR_UNSPECIFIED_ROI_SOURCE,roi_presence_raw と完全に1対1でROI記入の有無の言い換え。行の出所ではない,5,,,UNVERIFIED(表示基準日がページ間で不一致: トップ2026-08-16/使い方2026-05-17),TOP10,MISSING_ROI,NOT_AVAILABLE,原表と方式を入手するまで使用しない。原行は保持
rec_a3162ae9a9bd36b92118ee6722663645df64b75ffce3976043a716b4a6f126f4,PRIMARY_TRAINER,TrainerCond_連結済み_20260701.csv,244,TRAINER,竹内 正洋,,NAME_KEY_ONLY_UNVERIFIED_OFFICIAL_ID,芝道悪(稍重/重/不良),NAMED_CONDITION,PARSED,,,,,,,,,,,,UNKNOWN,,,N,N,NOT_APPLICABLE,,,,,,NOT_APPLICABLE_NO_ROI,,,,芝,,,UNKNOWN,,BOOK_OR_UNSPECIFIED_ROI_SOURCE,roi_presence_raw と完全に1対1でROI記入の有無の言い換え。行の出所ではない,5,,,UNVERIFIED(表示基準日がページ間で不一致: トップ2026-08-16/使い方2026-05-17),TOP10,MISSING_ROI,NOT_AVAILABLE,原表と方式を入手するまで使用しない。原行は保持
rec_6b0b2dd82edd2de12cb59d1d5f6d03f0aa5f9e869ed0f00ab2f609578f6638a1,PRIMARY_TRAINER,TrainerCond_連結済み_20260701.csv,245,TRAINER,蛯名 利弘,,NAME_KEY_ONLY_UNVERIFIED_OFFICIAL_ID,芝道悪(稍重/重/不良),NAMED_CONDITION,PARSED,,,,,,,,,,,,UNKNOWN,,,N,N,NOT_APPLICABLE,,,,,,NOT_APPLICABLE_NO_ROI,,,,芝,,,UNKNOWN,,BOOK_OR_UNSPECIFIED_ROI_SOURCE,roi_presence_raw と完全に1対1でROI記入の有無の言い換え。行の出所ではない,4,,,UNVERIFIED(表示基準日がページ間で不一致: トップ2026-08-16/使い方2026-05-17),ワースト3,MISSING_ROI,NOT_AVAILABLE,原表と方式を入手するまで使用しない。原行は保持
rec_9592155d54e54f1441821ba57dd29550085970625f0039029c30e9664fd8642f,PRIMARY_TRAINER,TrainerCond_連結済み_20260701.csv,246,TRAINER,梅田 智之,,NAME_KEY_ONLY_UNVERIFIED_OFFICIAL_ID,芝道悪(稍重/重/不良),NAMED_CONDITION,PARSED,,,,,,,,,,,,UNKNOWN,,,N,N,NOT_APPLICABLE,,,,,,NOT_APPLICABLE_NO_ROI,,,,芝,,,UNKNOWN,,BOOK_OR_UNSPECIFIED_ROI_SOURCE,roi_presence_raw と完全に1対1でROI記入の有無の言い換え。行の出所ではない,2,,,UNVERIFIED(表示基準日がページ間で不一致: トップ2026-08-16/使い方2026-05-17),ワースト3,MISSING_ROI,NOT_AVAILABLE,原表と方式を入手するまで使用しない。原行は保持
rec_80876bfc784b98b72c8aba1051f49070a2429a941c71c8e91b948a9209e6f0da,PRIMARY_TRAINER,TrainerCond_連結済み_20260701.csv,247,TRAINER,大竹 正博,,NAME_KEY_ONLY_UNVERIFIED_OFFICIAL_ID,芝道悪(稍重/重/不良),NAMED_CONDITION,PARSED,,,,,,,,,,,,UNKNOWN,,,N,N,NOT_APPLICABLE,,,,,,NOT_APPLICABLE_NO_ROI,,,,芝,,,UNKNOWN,,BOOK_OR_UNSPECIFIED_ROI_SOURCE,roi_presence_raw と完全に1対1でROI記入の有無の言い換え。行の出所ではない,1,,,UNVERIFIED(表示基準日がページ間で不一致: トップ2026-08-16/使い方2026-05-17),ワースト3,MISSING_ROI,NOT_AVAILABLE,原表と方式を入手するまで使用しない。原行は保持
rec_5e065d4ed3850e06eaac9dc16ff5e3624949df4be9b8f20e76063a38c7340929,PRIMARY_TRAINER,TrainerCond_連結済み_20260701.csv,248,TRAINER,鈴木 慎太郎,,NAME_KEY_ONLY_UNVERIFIED_OFFICIAL_ID,ダ道悪(稍重/重/不良),NAMED_CONDITION,PARSED,,,,,,,,,,,,UNKNOWN,,,N,N,NOT_APPLICABLE,,,,,,NOT_APPLICABLE_NO_ROI,,,,ダート,,,UNKNOWN,,BOOK_OR_UNSPECIFIED_ROI_SOURCE,roi_presence_raw と完全に1対1でROI記入の有無の言い換え。行の出所ではない,8,,,UNVERIFIED(表示基準日がページ間で不一致: トップ2026-08-16/使い方2026-05-17),TOP10,MISSING_ROI,NOT_AVAILABLE,原表と方式を入手するまで使用しない。原行は保持
rec_6f2488b53ae7178ae869c2879138d3d68f7c58cb89801eee5c4df710a7dbb387,PRIMARY_TRAINER,TrainerCond_連結済み_20260701.csv,249,TRAINER,菅野 浩二,,NAME_KEY_ONLY_UNVERIFIED_OFFICIAL_ID,ダ道悪(稍重/重/不良),NAMED_CONDITION,PARSED,,,,,,,,,,,,UNKNOWN,,,N,N,NOT_APPLICABLE,,,,,,NOT_APPLICABLE_NO_ROI,,,,ダート,,,UNKNOWN,,BOOK_OR_UNSPECIFIED_ROI_SOURCE,roi_presence_raw と完全に1対1でROI記入の有無の言い換え。行の出所ではない,3,,,UNVERIFIED(表示基準日がページ間で不一致: トップ2026-08-16/使い方2026-05-17),TOP10,MISSING_ROI,NOT_AVAILABLE,原表と方式を入手するまで使用しない。原行は保持
rec_44c3852cc9c34de901f69fb35d27d27330b4f672aea4520ca37bc531ee87d047,PRIMARY_TRAINER,TrainerCond_連結済み_20260701.csv,250,TRAINER,高橋 一哉,,NAME_KEY_ONLY_UNVERIFIED_OFFICIAL_ID,ダ道悪(稍重/重/不良),NAMED_CONDITION,PARSED,,,,,,,,,,,,UNKNOWN,,,N,N,NOT_APPLICABLE,,,,,,NOT_APPLICABLE_NO_ROI,,,,ダート,,,UNKNOWN,,BOOK_OR_UNSPECIFIED_ROI_SOURCE,roi_presence_raw と完全に1対1でROI記入の有無の言い換え。行の出所ではない,3,,,UNVERIFIED(表示基準日がページ間で不一致: トップ2026-08-16/使い方2026-05-17),TOP10,MISSING_ROI,NOT_AVAILABLE,原表と方式を入手するまで使用しない。原行は保持
rec_942db630b73c567b9cd404ce2794c5100e134fd7635f1b6b34b6acca04d4f089,PRIMARY_TRAINER,TrainerCond_連結済み_20260701.csv,251,TRAINER,森 一誠,,NAME_KEY_ONLY_UNVERIFIED_OFFICIAL_ID,ダ道悪(稍重/重/不良),NAMED_CONDITION,PARSED,,,,,,,,,,,,UNKNOWN,,,N,N,NOT_APPLICABLE,,,,,,NOT_APPLICABLE_NO_ROI,,,,ダート,,,UNKNOWN,,BOOK_OR_UNSPECIFIED_ROI_SOURCE,roi_presence_raw と完全に1対1でROI記入の有無の言い換え。行の出所ではない,4,,,UNVERIFIED(表示基準日がページ間で不一致: トップ2026-08-16/使い方2026-05-17),TOP10,MISSING_ROI,NOT_AVAILABLE,原表と方式を入手するまで使用しない。原行は保持
rec_039dcbce136998ea34014bdba21c7738a333cb033047ecbe56db7ee59f826e2b,PRIMARY_TRAINER,TrainerCond_連結済み_20260701.csv,252,TRAINER,加藤 士津八,,NAME_KEY_ONLY_UNVERIFIED_OFFICIAL_ID,ダ道悪(稍重/重/不良),NAMED_CONDITION,PARSED,,,,,,,,,,,,UNKNOWN,,,N,N,NOT_APPLICABLE,,,,,,NOT_APPLICABLE_NO_ROI,,,,ダート,,,UNKNOWN,,BOOK_OR_UNSPECIFIED_ROI_SOURCE,roi_presence_raw と完全に1対1でROI記入の有無の言い換え。行の出所ではない,3,,,UNVERIFIED(表示基準日がページ間で不一致: トップ2026-08-16/使い方2026-05-17),TOP10,MISSING_ROI,NOT_AVAILABLE,原表と方式を入手するまで使用しない。原行は保持
rec_8d2d46a338b097ea9e7df98a3c82e4d531ef3a89cc2f4653c1a4c9afef01bf6a,PRIMARY_TRAINER,TrainerCond_連結済み_20260701.csv,253,TRAINER,千葉 直人,,NAME_KEY_ONLY_UNVERIFIED_OFFICIAL_ID,ダ道悪(稍重/重/不良),NAMED_CONDITION,PARSED,,,,,,,,,,,,UNKNOWN,,,N,N,NOT_APPLICABLE,,,,,,NOT_APPLICABLE_NO_ROI,,,,ダート,,,UNKNOWN,,BOOK_OR_UNSPECIFIED_ROI_SOURCE,roi_presence_raw と完全に1対1でROI記入の有無の言い換え。行の出所ではない,10,,,UNVERIFIED(表示基準日がページ間で不一致: トップ2026-08-16/使い方2026-05-17),TOP10,MISSING_ROI,NOT_AVAILABLE,原表と方式を入手するまで使用しない。原行は保持
rec_79fee7f7138bfb2e4f960a3f08bef42db95e080e4cb07aa5c173cd9c59f5dcad,PRIMARY_TRAINER,TrainerCond_連結済み_20260701.csv,254,TRAINER,大橋 勇樹,,NAME_KEY_ONLY_UNVERIFIED_OFFICIAL_ID,ダ道悪(稍重/重/不良),NAMED_CONDITION,PARSED,,,,,,,,,,,,UNKNOWN,,,N,N,NOT_APPLICABLE,,,,,,NOT_APPLICABLE_NO_ROI,,,,ダート,,,UNKNOWN,,BOOK_OR_UNSPECIFIED_ROI_SOURCE,roi_presence_raw と完全に1対1でROI記入の有無の言い換え。行の出所ではない,7,,,UNVERIFIED(表示基準日がページ間で不一致: トップ2026-08-16/使い方2026-05-17),TOP10,MISSING_ROI,NOT_AVAILABLE,原表と方式を入手するまで使用しない。原行は保持
rec_2739ee649ef601ebf6ad4f77e6b2c29a6b868a2489040a9aa2fb7691055fe4c0,PRIMARY_TRAINER,TrainerCond_連結済み_20260701.csv,255,TRAINER,西田 雄一郎,,NAME_KEY_ONLY_UNVERIFIED_OFFICIAL_ID,ダ道悪(稍重/重/不良),NAMED_CONDITION,PARSED,,,,,,,,,,,,UNKNOWN,,,N,N,NOT_APPLICABLE,,,,,,NOT_APPLICABLE_NO_ROI,,,,ダート,,,UNKNOWN,,BOOK_OR_UNSPECIFIED_ROI_SOURCE,roi_presence_raw と完全に1対1でROI記入の有無の言い換え。行の出所ではない,2,,,UNVERIFIED(表示基準日がページ間で不一致: トップ2026-08-16/使い方2026-05-17),TOP10,MISSING_ROI,NOT_AVAILABLE,原表と方式を入手するまで使用しない。原行は保持
rec_a0f1758e701e500669b0e0b6a58a3484f6b8f8b60f2c9c5f06c2eee14585b190,PRIMARY_TRAINER,TrainerCond_連結済み_20260701.csv,256,TRAINER,和田 正一郎,,NAME_KEY_ONLY_UNVERIFIED_OFFICIAL_ID,ダ道悪(稍重/重/不良),NAMED_CONDITION,PARSED,,,,,,,,,,,,UNKNOWN,,,N,N,NOT_APPLICABLE,,,,,,NOT_APPLICABLE_NO_ROI,,,,ダート,,,UNKNOWN,,BOOK_OR_UNSPECIFIED_ROI_SOURCE,roi_presence_raw と完全に1対1でROI記入の有無の言い換え。行の出所ではない,1,,,UNVERIFIED(表示基準日がページ間で不一致: トップ2026-08-16/使い方2026-05-17),TOP10,MISSING_ROI,NOT_AVAILABLE,原表と方式を入手するまで使用しない。原行は保持
rec_b599e74fea3ae827f8f199248a795b31db5aba7d92b4ee534eea2939f4164786,PRIMARY_TRAINER,TrainerCond_連結済み_20260701.csv,257,TRAINER,河嶋 宏樹,,NAME_KEY_ONLY_UNVERIFIED_OFFICIAL_ID,ダ道悪(稍重/重/不良),NAMED_CONDITION,PARSED,,,,,,,,,,,,UNKNOWN,,,N,N,NOT_APPLICABLE,,,,,,NOT_APPLICABLE_NO_ROI,,,,ダート,,,UNKNOWN,,BOOK_OR_UNSPECIFIED_ROI_SOURCE,roi_presence_raw と完全に1対1でROI記入の有無の言い換え。行の出所ではない,8,,,UNVERIFIED(表示基準日がページ間で不一致: トップ2026-08-16/使い方2026-05-17),TOP10,MISSING_ROI,NOT_AVAILABLE,原表と方式を入手するまで使用しない。原行は保持
rec_eed562ad04420d7f084e91bd8d802265a79a0635df7adeed4905034000a7049c,PRIMARY_TRAINER,TrainerCond_連結済み_20260701.csv,258,TRAINER,的場 均,,NAME_KEY_ONLY_UNVERIFIED_OFFICIAL_ID,ダ道悪(稍重/重/不良),NAMED_CONDITION,PARSED,,,,,,,,,,,,UNKNOWN,,,N,N,NOT_APPLICABLE,,,,,,NOT_APPLICABLE_NO_ROI,,,,ダート,,,UNKNOWN,,BOOK_OR_UNSPECIFIED_ROI_SOURCE,roi_presence_raw と完全に1対1でROI記入の有無の言い換え。行の出所ではない,13,,,UNVERIFIED(表示基準日がページ間で不一致: トップ2026-08-16/使い方2026-05-17),ワースト3,MISSING_ROI,NOT_AVAILABLE,原表と方式を入手するまで使用しない。原行は保持
rec_9ceb0ab5a0cc8621e150885de18414d479ad96cc3428954de4e73d440eec1c94,PRIMARY_TRAINER,TrainerCond_連結済み_20260701.csv,259,TRAINER,村田 一誠,,NAME_KEY_ONLY_UNVERIFIED_OFFICIAL_ID,ダ道悪(稍重/重/不良),NAMED_CONDITION,PARSED,,,,,,,,,,,,UNKNOWN,,,N,N,NOT_APPLICABLE,,,,,,NOT_APPLICABLE_NO_ROI,,,,ダート,,,UNKNOWN,,BOOK_OR_UNSPECIFIED_ROI_SOURCE,roi_presence_raw と完全に1対1でROI記入の有無の言い換え。行の出所ではない,3,,,UNVERIFIED(表示基準日がページ間で不一致: トップ2026-08-16/使い方2026-05-17),ワースト3,MISSING_ROI,NOT_AVAILABLE,原表と方式を入手するまで使用しない。原行は保持
rec_376a7e229855b795fd39da898bdb063b8a20e046b53624edf54296c1248e3796,PRIMARY_TRAINER,TrainerCond_連結済み_20260701.csv,260,TRAINER,南田 美知雄,,NAME_KEY_ONLY_UNVERIFIED_OFFICIAL_ID,ダ道悪(稍重/重/不良),NAMED_CONDITION,PARSED,,,,,,,,,,,,UNKNOWN,,,N,N,NOT_APPLICABLE,,,,,,NOT_APPLICABLE_NO_ROI,,,,ダート,,,UNKNOWN,,BOOK_OR_UNSPECIFIED_ROI_SOURCE,roi_presence_raw と完全に1対1でROI記入の有無の言い換え。行の出所ではない,4,,,UNVERIFIED(表示基準日がページ間で不一致: トップ2026-08-16/使い方2026-05-17),ワースト3,MISSING_ROI,NOT_AVAILABLE,原表と方式を入手するまで使用しない。原行は保持
rec_10cf54e7ff4f36acdc95408578bb1f55ab6c62998df81067d5487bbc2b13cc07,PRIMARY_TRAINER,TrainerCond_連結済み_20260701.csv,261,TRAINER,鈴木 慎太郎,,NAME_KEY_ONLY_UNVERIFIED_OFFICIAL_ID,新馬,NAMED_CONDITION,PARSED,,,,,,,,,,,WIN_ROI_PCT|PLACE_ROI_PCT|N_STARTS,UNKNOWN,サイト現行既定は「オッズ反比例の賭け金・固定払戻の意図」(WEB_DEFINITION)。CSV作成時点の方式である証明にはならない,EQUAL_STAKE|EQUAL_PAYOUT,Y,Y,YES_PUBLIC_SCOPE_UNRULED,113,,,,DIRECT_TABLE_READ(掲載値の直接転記・未照合),DIRECT_TABLE_CLAIM_UNVERIFIED,,掲載値の整数%,,,,,UNKNOWN,,DB_KEIBA,roi_presence_raw と完全に1対1でROI記入の有無の言い換え。行の出所ではない,8,,,UNVERIFIED(表示基準日がページ間で不一致: トップ2026-08-16/使い方2026-05-17),TOP10,,HOLD_METHOD+HOLD_ASOF+HOLD_ID,①購入方式の確定 ②集計期間の確定 ③公式IDでの名寄せ
rec_e6ffd9e051d770c34fec1c7d5142a6df8991ba3c1a6d8363ffaae2af8002ccd0,PRIMARY_TRAINER,TrainerCond_連結済み_20260701.csv,262,TRAINER,柄崎 将寿,,NAME_KEY_ONLY_UNVERIFIED_OFFICIAL_ID,新馬,NAMED_CONDITION,PARSED,,,,,,,,,,,WIN_ROI_PCT|PLACE_ROI_PCT|N_STARTS,UNKNOWN,サイト現行既定は「オッズ反比例の賭け金・固定払戻の意図」(WEB_DEFINITION)。CSV作成時点の方式である証明にはならない,EQUAL_STAKE|EQUAL_PAYOUT,Y,Y,YES_PUBLIC_SCOPE_UNRULED,12,,,,DIRECT_TABLE_READ(掲載値の直接転記・未照合),DIRECT_TABLE_CLAIM_UNVERIFIED,,掲載値の整数%,,,,,UNKNOWN,,DB_KEIBA,roi_presence_raw と完全に1対1でROI記入の有無の言い換え。行の出所ではない,3,,,UNVERIFIED(表示基準日がページ間で不一致: トップ2026-08-16/使い方2026-05-17),TOP10,,HOLD_METHOD+HOLD_ASOF+HOLD_ID,①購入方式の確定 ②集計期間の確定 ③公式IDでの名寄せ
rec_184da7dda527882dcf705f674b795e49bba52fb9fef44d4d6e531b0c87030c15,PRIMARY_TRAINER,TrainerCond_連結済み_20260701.csv,263,TRAINER,千田 輝彦,,NAME_KEY_ONLY_UNVERIFIED_OFFICIAL_ID,新馬,NAMED_CONDITION,PARSED,,,,,,,,,,,WIN_ROI_PCT|PLACE_ROI_PCT|N_STARTS,UNKNOWN,サイト現行既定は「オッズ反比例の賭け金・固定払戻の意図」(WEB_DEFINITION)。CSV作成時点の方式である証明にはならない,EQUAL_STAKE|EQUAL_PAYOUT,Y,Y,YES_PUBLIC_SCOPE_UNRULED,96,,,,DIRECT_TABLE_READ(掲載値の直接転記・未照合),DIRECT_TABLE_CLAIM_UNVERIFIED,,掲載値の整数%,,,,,UNKNOWN,,DB_KEIBA,roi_presence_raw と完全に1対1でROI記入の有無の言い換え。行の出所ではない,12,,,UNVERIFIED(表示基準日がページ間で不一致: トップ2026-08-16/使い方2026-05-17),TOP10,,HOLD_METHOD+HOLD_ASOF+HOLD_ID,①購入方式の確定 ②集計期間の確定 ③公式IDでの名寄せ
rec_4628cd0853257ff82b217cef436c610e9afd890a3da318eb207177ac7e329994,PRIMARY_TRAINER,TrainerCond_連結済み_20260701.csv,264,TRAINER,加藤 公太,,NAME_KEY_ONLY_UNVERIFIED_OFFICIAL_ID,新馬,NAMED_CONDITION,PARSED,,,,,,,,,,,WIN_ROI_PCT|PLACE_ROI_PCT|N_STARTS,UNKNOWN,サイト現行既定は「オッズ反比例の賭け金・固定払戻の意図」(WEB_DEFINITION)。CSV作成時点の方式である証明にはならない,EQUAL_STAKE|EQUAL_PAYOUT,Y,Y,YES_PUBLIC_SCOPE_UNRULED,13,,,,DIRECT_TABLE_READ(掲載値の直接転記・未照合),DIRECT_TABLE_CLAIM_UNVERIFIED,,掲載値の整数%,,,,,UNKNOWN,,DB_KEIBA,roi_presence_raw と完全に1対1でROI記入の有無の言い換え。行の出所ではない,5,,,UNVERIFIED(表示基準日がページ間で不一致: トップ2026-08-16/使い方2026-05-17),TOP10,,HOLD_METHOD+HOLD_ASOF+HOLD_ID,①購入方式の確定 ②集計期間の確定 ③公式IDでの名寄せ
rec_148f5693a4c0e40d7bb772f74bd6cec15990f9e8a368d18c60369935a885c9af,PRIMARY_TRAINER,TrainerCond_連結済み_20260701.csv,265,TRAINER,勢司 和浩,,NAME_KEY_ONLY_UNVERIFIED_OFFICIAL_ID,新馬,NAMED_CONDITION,PARSED,,,,,,,,,,,WIN_ROI_PCT|PLACE_ROI_PCT|N_STARTS,UNKNOWN,サイト現行既定は「オッズ反比例の賭け金・固定払戻の意図」(WEB_DEFINITION)。CSV作成時点の方式である証明にはならない,EQUAL_STAKE|EQUAL_PAYOUT,Y,Y,YES_PUBLIC_SCOPE_UNRULED,108,,,,DIRECT_TABLE_READ(掲載値の直接転記・未照合),DIRECT_TABLE_CLAIM_UNVERIFIED,,掲載値の整数%,,,,,UNKNOWN,,DB_KEIBA,roi_presence_raw と完全に1対1でROI記入の有無の言い換え。行の出所ではない,1,,,UNVERIFIED(表示基準日がページ間で不一致: トップ2026-08-16/使い方2026-05-17),TOP10,,HOLD_METHOD+HOLD_ASOF+HOLD_ID,①購入方式の確定 ②集計期間の確定 ③公式IDでの名寄せ
rec_515cf44038fbdf773ce4939c977ec33a5ae83087517ed2d1c7498bb6c9237b8c,PRIMARY_TRAINER,TrainerCond_連結済み_20260701.csv,266,TRAINER,竹内 正洋,,NAME_KEY_ONLY_UNVERIFIED_OFFICIAL_ID,新馬,NAMED_CONDITION,PARSED,,,,,,,,,,,WIN_ROI_PCT|PLACE_ROI_PCT|N_STARTS,UNKNOWN,サイト現行既定は「オッズ反比例の賭け金・固定払戻の意図」(WEB_DEFINITION)。CSV作成時点の方式である証明にはならない,EQUAL_STAKE|EQUAL_PAYOUT,Y,Y,YES_PUBLIC_SCOPE_UNRULED,111,,,,DIRECT_TABLE_READ(掲載値の直接転記・未照合),DIRECT_TABLE_CLAIM_UNVERIFIED,,掲載値の整数%,,,,,UNKNOWN,,DB_KEIBA,roi_presence_raw と完全に1対1でROI記入の有無の言い換え。行の出所ではない,5,,,UNVERIFIED(表示基準日がページ間で不一致: トップ2026-08-16/使い方2026-05-17),TOP10,,HOLD_METHOD+HOLD_ASOF+HOLD_ID,①購入方式の確定 ②集計期間の確定 ③公式IDでの名寄せ
rec_e04372c597a32c76626f86b15fabe17ad5ebbf5d37c31404cf0fa537b2fc02b4,PRIMARY_TRAINER,TrainerCond_連結済み_20260701.csv,267,TRAINER,本間 忍,,NAME_KEY_ONLY_UNVERIFIED_OFFICIAL_ID,新馬,NAMED_CONDITION,PARSED,,,,,,,,,,,WIN_ROI_PCT|PLACE_ROI_PCT|N_STARTS,UNKNOWN,サイト現行既定は「オッズ反比例の賭け金・固定払戻の意図」(WEB_DEFINITION)。CSV作成時点の方式である証明にはならない,EQUAL_STAKE|EQUAL_PAYOUT,Y,Y,YES_PUBLIC_SCOPE_UNRULED,97,,,,DIRECT_TABLE_READ(掲載値の直接転記・未照合),DIRECT_TABLE_CLAIM_UNVERIFIED,,掲載値の整数%,,,,,UNKNOWN,,DB_KEIBA,roi_presence_raw と完全に1対1でROI記入の有無の言い換え。行の出所ではない,2,,,UNVERIFIED(表示基準日がページ間で不一致: トップ2026-08-16/使い方2026-05-17),TOP10,,HOLD_METHOD+HOLD_ASOF+HOLD_ID,①購入方式の確定 ②集計期間の確定 ③公式IDでの名寄せ
rec_7e65d261faa77fa1dfbabe02780954bf458fc228396a7a5e4189c2b4a4b07a68,PRIMARY_TRAINER,TrainerCond_連結済み_20260701.csv,268,TRAINER,蛯名 正義,,NAME_KEY_ONLY_UNVERIFIED_OFFICIAL_ID,新馬,NAMED_CONDITION,PARSED,,,,,,,,,,,WIN_ROI_PCT|PLACE_ROI_PCT|N_STARTS,UNKNOWN,サイト現行既定は「オッズ反比例の賭け金・固定払戻の意図」(WEB_DEFINITION)。CSV作成時点の方式である証明にはならない,EQUAL_STAKE|EQUAL_PAYOUT,Y,Y,YES_PUBLIC_SCOPE_UNRULED,67,,,,DIRECT_TABLE_READ(掲載値の直接転記・未照合),DIRECT_TABLE_CLAIM_UNVERIFIED,,掲載値の整数%,,,,,UNKNOWN,,DB_KEIBA,roi_presence_raw と完全に1対1でROI記入の有無の言い換え。行の出所ではない,4,,,UNVERIFIED(表示基準日がページ間で不一致: トップ2026-08-16/使い方2026-05-17),TOP10,,HOLD_METHOD+HOLD_ASOF+HOLD_ID,①購入方式の確定 ②集計期間の確定 ③公式IDでの名寄せ
rec_209a95f31fceede632cea453f952b2d9d14ff7ebcc98e5f0ac123efc56194f34,PRIMARY_TRAINER,TrainerCond_連結済み_20260701.csv,269,TRAINER,堀内 岳志,,NAME_KEY_ONLY_UNVERIFIED_OFFICIAL_ID,新馬,NAMED_CONDITION,PARSED,,,,,,,,,,,WIN_ROI_PCT|PLACE_ROI_PCT|N_STARTS,UNKNOWN,サイト現行既定は「オッズ反比例の賭け金・固定払戻の意図」(WEB_DEFINITION)。CSV作成時点の方式である証明にはならない,EQUAL_STAKE|EQUAL_PAYOUT,Y,Y,YES_PUBLIC_SCOPE_UNRULED,68,,,,DIRECT_TABLE_READ(掲載値の直接転記・未照合),DIRECT_TABLE_CLAIM_UNVERIFIED,,掲載値の整数%,,,,,UNKNOWN,,DB_KEIBA,roi_presence_raw と完全に1対1でROI記入の有無の言い換え。行の出所ではない,5,,,UNVERIFIED(表示基準日がページ間で不一致: トップ2026-08-16/使い方2026-05-17),TOP10,,HOLD_METHOD+HOLD_ASOF+HOLD_ID,①購入方式の確定 ②集計期間の確定 ③公式IDでの名寄せ
rec_7acb79f01a2c0c242ee9f355c7875c264b2ba29f5c8207193b038fbb02352b19,PRIMARY_TRAINER,TrainerCond_連結済み_20260701.csv,270,TRAINER,武市 康男,,NAME_KEY_ONLY_UNVERIFIED_OFFICIAL_ID,新馬,NAMED_CONDITION,PARSED,,,,,,,,,,,WIN_ROI_PCT|PLACE_ROI_PCT|N_STARTS,UNKNOWN,サイト現行既定は「オッズ反比例の賭け金・固定払戻の意図」(WEB_DEFINITION)。CSV作成時点の方式である証明にはならない,EQUAL_STAKE|EQUAL_PAYOUT,Y,Y,YES_PUBLIC_SCOPE_UNRULED,149,,,,DIRECT_TABLE_READ(掲載値の直接転記・未照合),DIRECT_TABLE_CLAIM_UNVERIFIED,,掲載値の整数%,,,,,UNKNOWN,,DB_KEIBA,roi_presence_raw と完全に1対1でROI記入の有無の言い換え。行の出所ではない,2,,,UNVERIFIED(表示基準日がページ間で不一致: トップ2026-08-16/使い方2026-05-17),TOP10,,HOLD_METHOD+HOLD_ASOF+HOLD_ID,①購入方式の確定 ②集計期間の確定 ③公式IDでの名寄せ
rec_fa6ebd5b4e5908bb6581357b2ce919c7529d1706933a834567257aca8b5d9f76,PRIMARY_TRAINER,TrainerCond_連結済み_20260701.csv,271,TRAINER,天間 昭一,,NAME_KEY_ONLY_UNVERIFIED_OFFICIAL_ID,新馬,NAMED_CONDITION,PARSED,,,,,,,,,,,WIN_ROI_PCT|PLACE_ROI_PCT|N_STARTS,UNKNOWN,サイト現行既定は「オッズ反比例の賭け金・固定払戻の意図」(WEB_DEFINITION)。CSV作成時点の方式である証明にはならない,EQUAL_STAKE|EQUAL_PAYOUT,Y,Y,YES_PUBLIC_SCOPE_UNRULED,84,,,,DIRECT_TABLE_READ(掲載値の直接転記・未照合),DIRECT_TABLE_CLAIM_UNVERIFIED,,掲載値の整数%,,,,,UNKNOWN,,DB_KEIBA,roi_presence_raw と完全に1対1でROI記入の有無の言い換え。行の出所ではない,5,,,UNVERIFIED(表示基準日がページ間で不一致: トップ2026-08-16/使い方2026-05-17),ワースト3,,HOLD_METHOD+HOLD_ASOF+HOLD_ID,①購入方式の確定 ②集計期間の確定 ③公式IDでの名寄せ
rec_fb015320f79bacececcbdab32531c0cd3e36c7ffd653897baae14963fbd4e809,PRIMARY_TRAINER,TrainerCond_連結済み_20260701.csv,272,TRAINER,高橋 義忠,,NAME_KEY_ONLY_UNVERIFIED_OFFICIAL_ID,新馬,NAMED_CONDITION,PARSED,,,,,,,,,,,WIN_ROI_PCT|PLACE_ROI_PCT|N_STARTS,UNKNOWN,サイト現行既定は「オッズ反比例の賭け金・固定払戻の意図」(WEB_DEFINITION)。CSV作成時点の方式である証明にはならない,EQUAL_STAKE|EQUAL_PAYOUT,Y,Y,YES_PUBLIC_SCOPE_UNRULED,132,,,,DIRECT_TABLE_READ(掲載値の直接転記・未照合),DIRECT_TABLE_CLAIM_UNVERIFIED,,掲載値の整数%,,,,,UNKNOWN,,DB_KEIBA,roi_presence_raw と完全に1対1でROI記入の有無の言い換え。行の出所ではない,1,,,UNVERIFIED(表示基準日がページ間で不一致: トップ2026-08-16/使い方2026-05-17),ワースト3,,HOLD_METHOD+HOLD_ASOF+HOLD_ID,①購入方式の確定 ②集計期間の確定 ③公式IDでの名寄せ
rec_b5267c6a1b21607c3144cf9e615c348d12a56eb3ea697bd48afdb510a165a62c,PRIMARY_TRAINER,TrainerCond_連結済み_20260701.csv,273,TRAINER,前川 恭子,,NAME_KEY_ONLY_UNVERIFIED_OFFICIAL_ID,新馬,NAMED_CONDITION,PARSED,,,,,,,,,,,WIN_ROI_PCT|PLACE_ROI_PCT|N_STARTS,UNKNOWN,サイト現行既定は「オッズ反比例の賭け金・固定払戻の意図」(WEB_DEFINITION)。CSV作成時点の方式である証明にはならない,EQUAL_STAKE|EQUAL_PAYOUT,Y,Y,YES_PUBLIC_SCOPE_UNRULED,22,,,,DIRECT_TABLE_READ(掲載値の直接転記・未照合),DIRECT_TABLE_CLAIM_UNVERIFIED,,掲載値の整数%,,,,,UNKNOWN,,DB_KEIBA,roi_presence_raw と完全に1対1でROI記入の有無の言い換え。行の出所ではない,9,,,UNVERIFIED(表示基準日がページ間で不一致: トップ2026-08-16/使い方2026-05-17),ワースト3,,HOLD_METHOD+HOLD_ASOF+HOLD_ID,①購入方式の確定 ②集計期間の確定 ③公式IDでの名寄せ
rec_9472aa2c53586205571d5b68f74ba57c212c0347193a02910cec643d0e493fa8,PRIMARY_TRAINER,TrainerCond_連結済み_20260701.csv,274,TRAINER,河嶋 宏樹,,NAME_KEY_ONLY_UNVERIFIED_OFFICIAL_ID,未勝利,NAMED_CONDITION,PARSED,,,,,,,,,,,WIN_ROI_PCT|PLACE_ROI_PCT|N_STARTS,UNKNOWN,サイト現行既定は「オッズ反比例の賭け金・固定払戻の意図」(WEB_DEFINITION)。CSV作成時点の方式である証明にはならない,EQUAL_STAKE|EQUAL_PAYOUT,Y,Y,YES_PUBLIC_SCOPE_UNRULED,206,,,,DIRECT_TABLE_READ(掲載値の直接転記・未照合),DIRECT_TABLE_CLAIM_UNVERIFIED,,掲載値の整数%,,,,,UNKNOWN,,DB_KEIBA,roi_presence_raw と完全に1対1でROI記入の有無の言い換え。行の出所ではない,8,,,UNVERIFIED(表示基準日がページ間で不一致: トップ2026-08-16/使い方2026-05-17),TOP10,,HOLD_METHOD+HOLD_ASOF+HOLD_ID,①購入方式の確定 ②集計期間の確定 ③公式IDでの名寄せ
rec_9093d7de95ae4ead39aed434bf9934f7dd2e3afdd9cd4d98d596ae62a24c1700,PRIMARY_TRAINER,TrainerCond_連結済み_20260701.csv,275,TRAINER,大橋 勇樹,,NAME_KEY_ONLY_UNVERIFIED_OFFICIAL_ID,未勝利,NAMED_CONDITION,PARSED,,,,,,,,,,,WIN_ROI_PCT|PLACE_ROI_PCT|N_STARTS,UNKNOWN,サイト現行既定は「オッズ反比例の賭け金・固定払戻の意図」(WEB_DEFINITION)。CSV作成時点の方式である証明にはならない,EQUAL_STAKE|EQUAL_PAYOUT,Y,Y,YES_PUBLIC_SCOPE_UNRULED,464,,,,DIRECT_TABLE_READ(掲載値の直接転記・未照合),DIRECT_TABLE_CLAIM_UNVERIFIED,,掲載値の整数%,,,,,UNKNOWN,,DB_KEIBA,roi_presence_raw と完全に1対1でROI記入の有無の言い換え。行の出所ではない,7,,,UNVERIFIED(表示基準日がページ間で不一致: トップ2026-08-16/使い方2026-05-17),TOP10,,HOLD_METHOD+HOLD_ASOF+HOLD_ID,①購入方式の確定 ②集計期間の確定 ③公式IDでの名寄せ
rec_6c26497941fa6f957ed23ca01df2a8701823a4ec187126ebd624bc6c064f17d9,PRIMARY_TRAINER,TrainerCond_連結済み_20260701.csv,276,TRAINER,千田 輝彦,,NAME_KEY_ONLY_UNVERIFIED_OFFICIAL_ID,未勝利,NAMED_CONDITION,PARSED,,,,,,,,,,,WIN_ROI_PCT|PLACE_ROI_PCT|N_STARTS,UNKNOWN,サイト現行既定は「オッズ反比例の賭け金・固定払戻の意図」(WEB_DEFINITION)。CSV作成時点の方式である証明にはならない,EQUAL_STAKE|EQUAL_PAYOUT,Y,Y,YES_PUBLIC_SCOPE_UNRULED,376,,,,DIRECT_TABLE_READ(掲載値の直接転記・未照合),DIRECT_TABLE_CLAIM_UNVERIFIED,,掲載値の整数%,,,,,UNKNOWN,,DB_KEIBA,roi_presence_raw と完全に1対1でROI記入の有無の言い換え。行の出所ではない,12,,,UNVERIFIED(表示基準日がページ間で不一致: トップ2026-08-16/使い方2026-05-17),TOP10,,HOLD_METHOD+HOLD_ASOF+HOLD_ID,①購入方式の確定 ②集計期間の確定 ③公式IDでの名寄せ
rec_c91268943870a3e130c419ff11da9cd303fcfd25d7ecbdbc6007fc75844ce52c,PRIMARY_TRAINER,TrainerCond_連結済み_20260701.csv,277,TRAINER,宮本 博,,NAME_KEY_ONLY_UNVERIFIED_OFFICIAL_ID,未勝利,NAMED_CONDITION,PARSED,,,,,,,,,,,WIN_ROI_PCT|PLACE_ROI_PCT|N_STARTS,UNKNOWN,サイト現行既定は「オッズ反比例の賭け金・固定払戻の意図」(WEB_DEFINITION)。CSV作成時点の方式である証明にはならない,EQUAL_STAKE|EQUAL_PAYOUT,Y,Y,YES_PUBLIC_SCOPE_UNRULED,496,,,,DIRECT_TABLE_READ(掲載値の直接転記・未照合),DIRECT_TABLE_CLAIM_UNVERIFIED,,掲載値の整数%,,,,,UNKNOWN,,DB_KEIBA,roi_presence_raw と完全に1対1でROI記入の有無の言い換え。行の出所ではない,1,,,UNVERIFIED(表示基準日がページ間で不一致: トップ2026-08-16/使い方2026-05-17),TOP10,,HOLD_METHOD+HOLD_ASOF+HOLD_ID,①購入方式の確定 ②集計期間の確定 ③公式IDでの名寄せ
rec_a666e21abbd9b60aacd519dd1f766da0b7ba4cf6b07ec7e02a7beb173899ed20,PRIMARY_TRAINER,TrainerCond_連結済み_20260701.csv,278,TRAINER,千葉 直人,,NAME_KEY_ONLY_UNVERIFIED_OFFICIAL_ID,未勝利,NAMED_CONDITION,PARSED,,,,,,,,,,,WIN_ROI_PCT|PLACE_ROI_PCT|N_STARTS,UNKNOWN,サイト現行既定は「オッズ反比例の賭け金・固定払戻の意図」(WEB_DEFINITION)。CSV作成時点の方式である証明にはならない,EQUAL_STAKE|EQUAL_PAYOUT,Y,Y,YES_PUBLIC_SCOPE_UNRULED,200,,,,DIRECT_TABLE_READ(掲載値の直接転記・未照合),DIRECT_TABLE_CLAIM_UNVERIFIED,,掲載値の整数%,,,,,UNKNOWN,,DB_KEIBA,roi_presence_raw と完全に1対1でROI記入の有無の言い換え。行の出所ではない,10,,,UNVERIFIED(表示基準日がページ間で不一致: トップ2026-08-16/使い方2026-05-17),TOP10,,HOLD_METHOD+HOLD_ASOF+HOLD_ID,①購入方式の確定 ②集計期間の確定 ③公式IDでの名寄せ
rec_bfd8982e53c0783388765a50932d8b832906893b8105ae8795d2eaff702478d0,PRIMARY_TRAINER,TrainerCond_連結済み_20260701.csv,279,TRAINER,辻野 泰之,,NAME_KEY_ONLY_UNVERIFIED_OFFICIAL_ID,未勝利,NAMED_CONDITION,PARSED,,,,,,,,,,,WIN_ROI_PCT|PLACE_ROI_PCT|N_STARTS,UNKNOWN,サイト現行既定は「オッズ反比例の賭け金・固定払戻の意図」(WEB_DEFINITION)。CSV作成時点の方式である証明にはならない,EQUAL_STAKE|EQUAL_PAYOUT,Y,Y,YES_PUBLIC_SCOPE_UNRULED,332,,,,DIRECT_TABLE_READ(掲載値の直接転記・未照合),DIRECT_TABLE_CLAIM_UNVERIFIED,,掲載値の整数%,,,,,UNKNOWN,,DB_KEIBA,roi_presence_raw と完全に1対1でROI記入の有無の言い換え。行の出所ではない,4,,,UNVERIFIED(表示基準日がページ間で不一致: トップ2026-08-16/使い方2026-05-17),TOP10,,HOLD_METHOD+HOLD_ASOF+HOLD_ID,①購入方式の確定 ②集計期間の確定 ③公式IDでの名寄せ
rec_b7e20706ea3d591dfce24acbd50eb40d6d3d7d66704544a1f84d51527f03daa5,PRIMARY_TRAINER,TrainerCond_連結済み_20260701.csv,280,TRAINER,森 一誠,,NAME_KEY_ONLY_UNVERIFIED_OFFICIAL_ID,未勝利,NAMED_CONDITION,PARSED,,,,,,,,,,,WIN_ROI_PCT|PLACE_ROI_PCT|N_STARTS,UNKNOWN,サイト現行既定は「オッズ反比例の賭け金・固定払戻の意図」(WEB_DEFINITION)。CSV作成時点の方式である証明にはならない,EQUAL_STAKE|EQUAL_PAYOUT,Y,Y,YES_PUBLIC_SCOPE_UNRULED,90,,,,DIRECT_TABLE_READ(掲載値の直接転記・未照合),DIRECT_TABLE_CLAIM_UNVERIFIED,,掲載値の整数%,,,,,UNKNOWN,,DB_KEIBA,roi_presence_raw と完全に1対1でROI記入の有無の言い換え。行の出所ではない,4,,,UNVERIFIED(表示基準日がページ間で不一致: トップ2026-08-16/使い方2026-05-17),TOP10,,HOLD_METHOD+HOLD_ASOF+HOLD_ID,①購入方式の確定 ②集計期間の確定 ③公式IDでの名寄せ
rec_4372f15b5d369198292822ac4f4068929700494ef2e1a5b0a09e84c6d8008901,PRIMARY_TRAINER,TrainerCond_連結済み_20260701.csv,281,TRAINER,宮地 貴稔,,NAME_KEY_ONLY_UNVERIFIED_OFFICIAL_ID,未勝利,NAMED_CONDITION,PARSED,https://db-keiba.com/trainer-takatoshi-miyaji/,掲載表(見出し文字列は証跡JSONに未収録),2026-09-10T10:49:09+09:00,2026-06-05T00:00:00+0900,,,,evidence/web/WEB_TRAINER.json,2330640654dd5c87d7ae7ddbc956accf753466c6e89dc7b67e2a0cb87bdc8e3e,WEB_TRAINER_TABLE_004,WIN_ROI_PCT|PLACE_ROI_PCT|N_STARTS,UNKNOWN,サイト現行既定は「オッズ反比例の賭け金・固定払戻の意図」(WEB_DEFINITION)。CSV作成時点の方式である証明にはならない,EQUAL_STAKE|EQUAL_PAYOUT,Y,Y,YES_PUBLIC_SCOPE_UNRULED,83,,,,DIRECT_TABLE_READ(掲載値の直接転記・未照合),DIRECT_TABLE_CLAIM_UNVERIFIED,,掲載値の整数%,,,,,UNKNOWN,,DB_KEIBA,roi_presence_raw と完全に1対1でROI記入の有無の言い換え。行の出所ではない,14,,,UNVERIFIED(表示基準日がページ間で不一致: トップ2026-08-16/使い方2026-05-17),TOP10,,HOLD_METHOD+HOLD_ASOF+HOLD_ID,①購入方式の確定 ②集計期間の確定 ③公式IDでの名寄せ
rec_261f28d46068e4b9ac34c42234778d009700946a2a8c0fc11ef5f65af8e29312,PRIMARY_TRAINER,TrainerCond_連結済み_20260701.csv,282,TRAINER,蛯名 正義,,NAME_KEY_ONLY_UNVERIFIED_OFFICIAL_ID,未勝利,NAMED_CONDITION,PARSED,,,,,,,,,,,WIN_ROI_PCT|PLACE_ROI_PCT|N_STARTS,UNKNOWN,サイト現行既定は「オッズ反比例の賭け金・固定払戻の意図」(WEB_DEFINITION)。CSV作成時点の方式である証明にはならない,EQUAL_STAKE|EQUAL_PAYOUT,Y,Y,YES_PUBLIC_SCOPE_UNRULED,239,,,,DIRECT_TABLE_READ(掲載値の直接転記・未照合),DIRECT_TABLE_CLAIM_UNVERIFIED,,掲載値の整数%,,,,,UNKNOWN,,DB_KEIBA,roi_presence_raw と完全に1対1でROI記入の有無の言い換え。行の出所ではない,4,,,UNVERIFIED(表示基準日がページ間で不一致: トップ2026-08-16/使い方2026-05-17),TOP10,,HOLD_METHOD+HOLD_ASOF+HOLD_ID,①購入方式の確定 ②集計期間の確定 ③公式IDでの名寄せ
rec_73bd8f931c75f3680b4e1fbf24323bec4e2df5463454a855708ca25a30fd8e60,PRIMARY_TRAINER,TrainerCond_連結済み_20260701.csv,283,TRAINER,杉山 晴紀,,NAME_KEY_ONLY_UNVERIFIED_OFFICIAL_ID,未勝利,NAMED_CONDITION,PARSED,,,,,,,,,,,WIN_ROI_PCT|PLACE_ROI_PCT|N_STARTS,UNKNOWN,サイト現行既定は「オッズ反比例の賭け金・固定払戻の意図」(WEB_DEFINITION)。CSV作成時点の方式である証明にはならない,EQUAL_STAKE|EQUAL_PAYOUT,Y,Y,YES_PUBLIC_SCOPE_UNRULED,631,,,,DIRECT_TABLE_READ(掲載値の直接転記・未照合),DIRECT_TABLE_CLAIM_UNVERIFIED,,掲載値の整数%,,,,,UNKNOWN,,DB_KEIBA,roi_presence_raw と完全に1対1でROI記入の有無の言い換え。行の出所ではない,5,,,UNVERIFIED(表示基準日がページ間で不一致: トップ2026-08-16/使い方2026-05-17),TOP10,,HOLD_METHOD+HOLD_ASOF+HOLD_ID,①購入方式の確定 ②集計期間の確定 ③公式IDでの名寄せ
rec_61bd2cca74cb0aa70c87c2fa00e862457dd331099e27499dd52050a91b4ebb55,PRIMARY_TRAINER,TrainerCond_連結済み_20260701.csv,284,TRAINER,伊藤 伸一,,NAME_KEY_ONLY_UNVERIFIED_OFFICIAL_ID,未勝利,NAMED_CONDITION,PARSED,,,,,,,,,,,WIN_ROI_PCT|PLACE_ROI_PCT|N_STARTS,UNKNOWN,サイト現行既定は「オッズ反比例の賭け金・固定払戻の意図」(WEB_DEFINITION)。CSV作成時点の方式である証明にはならない,EQUAL_STAKE|EQUAL_PAYOUT,Y,Y,YES_PUBLIC_SCOPE_UNRULED,536,,,,DIRECT_TABLE_READ(掲載値の直接転記・未照合),DIRECT_TABLE_CLAIM_UNVERIFIED,,掲載値の整数%,,,,,UNKNOWN,,DB_KEIBA,roi_presence_raw と完全に1対1でROI記入の有無の言い換え。行の出所ではない,6,,,UNVERIFIED(表示基準日がページ間で不一致: トップ2026-08-16/使い方2026-05-17),ワースト3,,HOLD_METHOD+HOLD_ASOF+HOLD_ID,①購入方式の確定 ②集計期間の確定 ③公式IDでの名寄せ
rec_ccc89fea30473a8d1f5e7f4408e88d440627b6c004a4b0fc5b7b87c386e9dcba,PRIMARY_TRAINER,TrainerCond_連結済み_20260701.csv,285,TRAINER,土田 稔,,NAME_KEY_ONLY_UNVERIFIED_OFFICIAL_ID,未勝利,NAMED_CONDITION,PARSED,,,,,,,,,,,,UNKNOWN,,,N,N,NOT_APPLICABLE,,,,,,NOT_APPLICABLE_NO_ROI,,,,,,,UNKNOWN,,BOOK_OR_UNSPECIFIED_ROI_SOURCE,roi_presence_raw と完全に1対1でROI記入の有無の言い換え。行の出所ではない,6,,,UNVERIFIED(表示基準日がページ間で不一致: トップ2026-08-16/使い方2026-05-17),ワースト3,MISSING_ROI,NOT_AVAILABLE,原表と方式を入手するまで使用しない。原行は保持
rec_576b74eff63a1d7b95e798965e05b5eeaab2d4de79783fca52f6c1125c002ee4,PRIMARY_TRAINER,TrainerCond_連結済み_20260701.csv,286,TRAINER,安達 昭夫,,NAME_KEY_ONLY_UNVERIFIED_OFFICIAL_ID,未勝利,NAMED_CONDITION,PARSED,,,,,,,,,,,WIN_ROI_PCT|PLACE_ROI_PCT|N_STARTS,UNKNOWN,サイト現行既定は「オッズ反比例の賭け金・固定払戻の意図」(WEB_DEFINITION)。CSV作成時点の方式である証明にはならない,EQUAL_STAKE|EQUAL_PAYOUT,Y,Y,YES_PUBLIC_SCOPE_UNRULED,384,,,,DIRECT_TABLE_READ(掲載値の直接転記・未照合),DIRECT_TABLE_CLAIM_UNVERIFIED,,掲載値の整数%,,,,,UNKNOWN,,DB_KEIBA,roi_presence_raw と完全に1対1でROI記入の有無の言い換え。行の出所ではない,1,,,UNVERIFIED(表示基準日がページ間で不一致: トップ2026-08-16/使い方2026-05-17),ワースト3,,HOLD_METHOD+HOLD_ASOF+HOLD_ID,①購入方式の確定 ②集計期間の確定 ③公式IDでの名寄せ
rec_eb6768bf77c7a076abecdacd00c390a5a996406ed1d0fcc71b6a7b1d268f350d,PRIMARY_TRAINER,TrainerCond_連結済み_20260701.csv,287,TRAINER,宮地 貴稔,,NAME_KEY_ONLY_UNVERIFIED_OFFICIAL_ID,1〜3勝クラス,NAMED_CONDITION,PARSED,,,,,,,,,,,WIN_ROI_PCT|PLACE_ROI_PCT|N_STARTS,UNKNOWN,サイト現行既定は「オッズ反比例の賭け金・固定払戻の意図」(WEB_DEFINITION)。CSV作成時点の方式である証明にはならない,EQUAL_STAKE|EQUAL_PAYOUT,Y,Y,YES_PUBLIC_SCOPE_UNRULED,131,,,,N_WEIGHTED_MEAN_OF_PCT: sum(ROI_i*n_i)/sum(n_i) を整数丸め,UNVERIFIED_AGGREGATION,LEGACY_SIRE_TRAINER_CODE,二重丸め(掲載値が整数%＋加重平均後に再度整数丸め),,,,,UNKNOWN,,DB_KEIBA,roi_presence_raw と完全に1対1でROI記入の有無の言い換え。行の出所ではない,14,,,UNVERIFIED(表示基準日がページ間で不一致: トップ2026-08-16/使い方2026-05-17),TOP10,,HOLD_MERGE+HOLD_METHOD+HOLD_ASOF+HOLD_ID,①購入方式の確定 ②分母(賭け金総額・払戻総額)の入手 ③加重平均の再現可否検証 ④場/距離/回りの重複排除
rec_2d297019d7f0c95dc1bd1bd641f364b7294035bbbc5ad9b7b8058bfdef557991,PRIMARY_TRAINER,TrainerCond_連結済み_20260701.csv,288,TRAINER,前川 恭子,,NAME_KEY_ONLY_UNVERIFIED_OFFICIAL_ID,1〜3勝クラス,NAMED_CONDITION,PARSED,,,,,,,,,,,WIN_ROI_PCT|PLACE_ROI_PCT|N_STARTS,UNKNOWN,サイト現行既定は「オッズ反比例の賭け金・固定払戻の意図」(WEB_DEFINITION)。CSV作成時点の方式である証明にはならない,EQUAL_STAKE|EQUAL_PAYOUT,Y,Y,YES_PUBLIC_SCOPE_UNRULED,93,,,,N_WEIGHTED_MEAN_OF_PCT: sum(ROI_i*n_i)/sum(n_i) を整数丸め,UNVERIFIED_AGGREGATION,LEGACY_SIRE_TRAINER_CODE,二重丸め(掲載値が整数%＋加重平均後に再度整数丸め),,,,,UNKNOWN,,DB_KEIBA,roi_presence_raw と完全に1対1でROI記入の有無の言い換え。行の出所ではない,9,,,UNVERIFIED(表示基準日がページ間で不一致: トップ2026-08-16/使い方2026-05-17),TOP10,,HOLD_MERGE+HOLD_METHOD+HOLD_ASOF+HOLD_ID,①購入方式の確定 ②分母(賭け金総額・払戻総額)の入手 ③加重平均の再現可否検証 ④場/距離/回りの重複排除
rec_194011dafe8653cc11677832a2306c26ab8ab35df137983cf23d11488905b4a0,PRIMARY_TRAINER,TrainerCond_連結済み_20260701.csv,289,TRAINER,伊藤 圭三,,NAME_KEY_ONLY_UNVERIFIED_OFFICIAL_ID,1〜3勝クラス,NAMED_CONDITION,PARSED,,,,,,,,,,,WIN_ROI_PCT|PLACE_ROI_PCT|N_STARTS,UNKNOWN,サイト現行既定は「オッズ反比例の賭け金・固定払戻の意図」(WEB_DEFINITION)。CSV作成時点の方式である証明にはならない,EQUAL_STAKE|EQUAL_PAYOUT,Y,Y,YES_PUBLIC_SCOPE_UNRULED,871,,,,N_WEIGHTED_MEAN_OF_PCT: sum(ROI_i*n_i)/sum(n_i) を整数丸め,UNVERIFIED_AGGREGATION,LEGACY_SIRE_TRAINER_CODE,二重丸め(掲載値が整数%＋加重平均後に再度整数丸め),,,,,UNKNOWN,,DB_KEIBA,roi_presence_raw と完全に1対1でROI記入の有無の言い換え。行の出所ではない,4,,,UNVERIFIED(表示基準日がページ間で不一致: トップ2026-08-16/使い方2026-05-17),TOP10,,HOLD_MERGE+HOLD_METHOD+HOLD_ASOF+HOLD_ID,①購入方式の確定 ②分母(賭け金総額・払戻総額)の入手 ③加重平均の再現可否検証 ④場/距離/回りの重複排除
rec_c7483b6867bec5db71ca80328b297e31a65c9343d5656e0bf237c239681719d0,PRIMARY_TRAINER,TrainerCond_連結済み_20260701.csv,290,TRAINER,荒川 義之,,NAME_KEY_ONLY_UNVERIFIED_OFFICIAL_ID,1〜3勝クラス,NAMED_CONDITION,PARSED,,,,,,,,,,,WIN_ROI_PCT|PLACE_ROI_PCT|N_STARTS,UNKNOWN,サイト現行既定は「オッズ反比例の賭け金・固定払戻の意図」(WEB_DEFINITION)。CSV作成時点の方式である証明にはならない,EQUAL_STAKE|EQUAL_PAYOUT,Y,Y,YES_PUBLIC_SCOPE_UNRULED,613,,,,N_WEIGHTED_MEAN_OF_PCT: sum(ROI_i*n_i)/sum(n_i) を整数丸め,UNVERIFIED_AGGREGATION,LEGACY_SIRE_TRAINER_CODE,二重丸め(掲載値が整数%＋加重平均後に再度整数丸め),,,,,UNKNOWN,,DB_KEIBA,roi_presence_raw と完全に1対1でROI記入の有無の言い換え。行の出所ではない,4,,,UNVERIFIED(表示基準日がページ間で不一致: トップ2026-08-16/使い方2026-05-17),TOP10,,HOLD_MERGE+HOLD_METHOD+HOLD_ASOF+HOLD_ID,①購入方式の確定 ②分母(賭け金総額・払戻総額)の入手 ③加重平均の再現可否検証 ④場/距離/回りの重複排除
rec_bbb8252ba16ba056c31b2292df4648fd5623b8b9b338515bdf4608af3b90c5b0,PRIMARY_TRAINER,TrainerCond_連結済み_20260701.csv,291,TRAINER,浜田 多実雄,,NAME_KEY_ONLY_UNVERIFIED_OFFICIAL_ID,1〜3勝クラス,NAMED_CONDITION,PARSED,,,,,,,,,,,WIN_ROI_PCT|PLACE_ROI_PCT|N_STARTS,UNKNOWN,サイト現行既定は「オッズ反比例の賭け金・固定払戻の意図」(WEB_DEFINITION)。CSV作成時点の方式である証明にはならない,EQUAL_STAKE|EQUAL_PAYOUT,Y,Y,YES_PUBLIC_SCOPE_UNRULED,565,,,,N_WEIGHTED_MEAN_OF_PCT: sum(ROI_i*n_i)/sum(n_i) を整数丸め,UNVERIFIED_AGGREGATION,LEGACY_SIRE_TRAINER_CODE,二重丸め(掲載値が整数%＋加重平均後に再度整数丸め),,,,,UNKNOWN,,DB_KEIBA,roi_presence_raw と完全に1対1でROI記入の有無の言い換え。行の出所ではない,3,,,UNVERIFIED(表示基準日がページ間で不一致: トップ2026-08-16/使い方2026-05-17),TOP10,,HOLD_MERGE+HOLD_METHOD+HOLD_ASOF+HOLD_ID,①購入方式の確定 ②分母(賭け金総額・払戻総額)の入手 ③加重平均の再現可否検証 ④場/距離/回りの重複排除
rec_d1cc47a6d9a565e66043264c414a625346bd6d818a08c0146296251c316e5e18,PRIMARY_TRAINER,TrainerCond_連結済み_20260701.csv,292,TRAINER,西園 翔太,,NAME_KEY_ONLY_UNVERIFIED_OFFICIAL_ID,1〜3勝クラス,NAMED_CONDITION,PARSED,,,,,,,,,,,WIN_ROI_PCT|PLACE_ROI_PCT|N_STARTS,UNKNOWN,サイト現行既定は「オッズ反比例の賭け金・固定払戻の意図」(WEB_DEFINITION)。CSV作成時点の方式である証明にはならない,EQUAL_STAKE|EQUAL_PAYOUT,Y,Y,YES_PUBLIC_SCOPE_UNRULED,350,,,,N_WEIGHTED_MEAN_OF_PCT: sum(ROI_i*n_i)/sum(n_i) を整数丸め,UNVERIFIED_AGGREGATION,LEGACY_SIRE_TRAINER_CODE,二重丸め(掲載値が整数%＋加重平均後に再度整数丸め),,,,,UNKNOWN,,DB_KEIBA,roi_presence_raw と完全に1対1でROI記入の有無の言い換え。行の出所ではない,4,,,UNVERIFIED(表示基準日がページ間で不一致: トップ2026-08-16/使い方2026-05-17),TOP10,,HOLD_MERGE+HOLD_METHOD+HOLD_ASOF+HOLD_ID,①購入方式の確定 ②分母(賭け金総額・払戻総額)の入手 ③加重平均の再現可否検証 ④場/距離/回りの重複排除
rec_5cd4e0f5f5dd797a857f5d3190079a648b6b9fd436cacaecd076dfbb2020c77f,PRIMARY_TRAINER,TrainerCond_連結済み_20260701.csv,293,TRAINER,菊川 正達,,NAME_KEY_ONLY_UNVERIFIED_OFFICIAL_ID,1〜3勝クラス,NAMED_CONDITION,PARSED,,,,,,,,,,,WIN_ROI_PCT|PLACE_ROI_PCT|N_STARTS,UNKNOWN,サイト現行既定は「オッズ反比例の賭け金・固定払戻の意図」(WEB_DEFINITION)。CSV作成時点の方式である証明にはならない,EQUAL_STAKE|EQUAL_PAYOUT,Y,Y,YES_PUBLIC_SCOPE_UNRULED,555,,,,N_WEIGHTED_MEAN_OF_PCT: sum(ROI_i*n_i)/sum(n_i) を整数丸め,UNVERIFIED_AGGREGATION,LEGACY_SIRE_TRAINER_CODE,二重丸め(掲載値が整数%＋加重平均後に再度整数丸め),,,,,UNKNOWN,,DB_KEIBA,roi_presence_raw と完全に1対1でROI記入の有無の言い換え。行の出所ではない,4,,,UNVERIFIED(表示基準日がページ間で不一致: トップ2026-08-16/使い方2026-05-17),TOP10,,HOLD_MERGE+HOLD_METHOD+HOLD_ASOF+HOLD_ID,①購入方式の確定 ②分母(賭け金総額・払戻総額)の入手 ③加重平均の再現可否検証 ④場/距離/回りの重複排除
rec_c5eec66e20c922fd4d2ad2fc3c15202d0b4ce45da9bd920c237f7bf08955604c,PRIMARY_TRAINER,TrainerCond_連結済み_20260701.csv,294,TRAINER,森 秀行,,NAME_KEY_ONLY_UNVERIFIED_OFFICIAL_ID,1〜3勝クラス,NAMED_CONDITION,PARSED,,,,,,,,,,,WIN_ROI_PCT|PLACE_ROI_PCT|N_STARTS,UNKNOWN,サイト現行既定は「オッズ反比例の賭け金・固定払戻の意図」(WEB_DEFINITION)。CSV作成時点の方式である証明にはならない,EQUAL_STAKE|EQUAL_PAYOUT,Y,Y,YES_PUBLIC_SCOPE_UNRULED,831,,,,N_WEIGHTED_MEAN_OF_PCT: sum(ROI_i*n_i)/sum(n_i) を整数丸め,UNVERIFIED_AGGREGATION,LEGACY_SIRE_TRAINER_CODE,二重丸め(掲載値が整数%＋加重平均後に再度整数丸め),,,,,UNKNOWN,,DB_KEIBA,roi_presence_raw と完全に1対1でROI記入の有無の言い換え。行の出所ではない,4,,,UNVERIFIED(表示基準日がページ間で不一致: トップ2026-08-16/使い方2026-05-17),TOP10,,HOLD_MERGE+HOLD_METHOD+HOLD_ASOF+HOLD_ID,①購入方式の確定 ②分母(賭け金総額・払戻総額)の入手 ③加重平均の再現可否検証 ④場/距離/回りの重複排除
rec_414e0746d98a68cf47e7f6ae975152fb86291905a915c66069d98969af6a0e1a,PRIMARY_TRAINER,TrainerCond_連結済み_20260701.csv,295,TRAINER,大根田 裕之,,NAME_KEY_ONLY_UNVERIFIED_OFFICIAL_ID,1〜3勝クラス,NAMED_CONDITION,PARSED,,,,,,,,,,,WIN_ROI_PCT|PLACE_ROI_PCT|N_STARTS,UNKNOWN,サイト現行既定は「オッズ反比例の賭け金・固定払戻の意図」(WEB_DEFINITION)。CSV作成時点の方式である証明にはならない,EQUAL_STAKE|EQUAL_PAYOUT,Y,Y,YES_PUBLIC_SCOPE_UNRULED,489,,,,N_WEIGHTED_MEAN_OF_PCT: sum(ROI_i*n_i)/sum(n_i) を整数丸め,UNVERIFIED_AGGREGATION,LEGACY_SIRE_TRAINER_CODE,二重丸め(掲載値が整数%＋加重平均後に再度整数丸め),,,,,UNKNOWN,,DB_KEIBA,roi_presence_raw と完全に1対1でROI記入の有無の言い換え。行の出所ではない,5,,,UNVERIFIED(表示基準日がページ間で不一致: トップ2026-08-16/使い方2026-05-17),TOP10,,HOLD_MERGE+HOLD_METHOD+HOLD_ASOF+HOLD_ID,①購入方式の確定 ②分母(賭け金総額・払戻総額)の入手 ③加重平均の再現可否検証 ④場/距離/回りの重複排除
rec_55999cb5818728fa555afc2872454092cc13dec42dd4053d2c646df53b5b5db1,PRIMARY_TRAINER,TrainerCond_連結済み_20260701.csv,296,TRAINER,田中 勝春,,NAME_KEY_ONLY_UNVERIFIED_OFFICIAL_ID,1〜3勝クラス,NAMED_CONDITION,PARSED,,,,,,,,,,,WIN_ROI_PCT|PLACE_ROI_PCT|N_STARTS,UNKNOWN,サイト現行既定は「オッズ反比例の賭け金・固定払戻の意図」(WEB_DEFINITION)。CSV作成時点の方式である証明にはならない,EQUAL_STAKE|EQUAL_PAYOUT,Y,Y,YES_PUBLIC_SCOPE_UNRULED,66,,,,N_WEIGHTED_MEAN_OF_PCT: sum(ROI_i*n_i)/sum(n_i) を整数丸め,UNVERIFIED_AGGREGATION,LEGACY_SIRE_TRAINER_CODE,二重丸め(掲載値が整数%＋加重平均後に再度整数丸め),,,,,UNKNOWN,,DB_KEIBA,roi_presence_raw と完全に1対1でROI記入の有無の言い換え。行の出所ではない,5,,,UNVERIFIED(表示基準日がページ間で不一致: トップ2026-08-16/使い方2026-05-17),TOP10,,HOLD_MERGE+HOLD_METHOD+HOLD_ASOF+HOLD_ID,①購入方式の確定 ②分母(賭け金総額・払戻総額)の入手 ③加重平均の再現可否検証 ④場/距離/回りの重複排除
rec_b9d797077f61ebc59dbd21160df73b3b25f7f9f0b697e660883f1978fa3db862,PRIMARY_TRAINER,TrainerCond_連結済み_20260701.csv,297,TRAINER,的場 均,,NAME_KEY_ONLY_UNVERIFIED_OFFICIAL_ID,1〜3勝クラス,NAMED_CONDITION,PARSED,,,,,,,,,,,,UNKNOWN,,,N,N,NOT_APPLICABLE,,,,,,NOT_APPLICABLE_NO_ROI,,,,,,,UNKNOWN,,BOOK_OR_UNSPECIFIED_ROI_SOURCE,roi_presence_raw と完全に1対1でROI記入の有無の言い換え。行の出所ではない,13,,,UNVERIFIED(表示基準日がページ間で不一致: トップ2026-08-16/使い方2026-05-17),ワースト3,MISSING_ROI,NOT_AVAILABLE,原表と方式を入手するまで使用しない。原行は保持
rec_b23d172e10bad27b3b954f2b50d69a641f38b896120ecf88c74cdc2526b4aac4,PRIMARY_TRAINER,TrainerCond_連結済み_20260701.csv,298,TRAINER,粕谷 昌央,,NAME_KEY_ONLY_UNVERIFIED_OFFICIAL_ID,1〜3勝クラス,NAMED_CONDITION,PARSED,,,,,,,,,,,WIN_ROI_PCT|PLACE_ROI_PCT|N_STARTS,UNKNOWN,サイト現行既定は「オッズ反比例の賭け金・固定払戻の意図」(WEB_DEFINITION)。CSV作成時点の方式である証明にはならない,EQUAL_STAKE|EQUAL_PAYOUT,Y,Y,YES_PUBLIC_SCOPE_UNRULED,453,,,,N_WEIGHTED_MEAN_OF_PCT: sum(ROI_i*n_i)/sum(n_i) を整数丸め,UNVERIFIED_AGGREGATION,LEGACY_SIRE_TRAINER_CODE,二重丸め(掲載値が整数%＋加重平均後に再度整数丸め),,,,,UNKNOWN,,DB_KEIBA,roi_presence_raw と完全に1対1でROI記入の有無の言い換え。行の出所ではない,2,,,UNVERIFIED(表示基準日がページ間で不一致: トップ2026-08-16/使い方2026-05-17),ワースト3,,HOLD_MERGE+HOLD_METHOD+HOLD_ASOF+HOLD_ID,①購入方式の確定 ②分母(賭け金総額・払戻総額)の入手 ③加重平均の再現可否検証 ④場/距離/回りの重複排除
rec_b6451b521794b82b8478cf20d543b75201cf643f9f0f678ad854dc370d65c0a6,PRIMARY_TRAINER,TrainerCond_連結済み_20260701.csv,299,TRAINER,和田 雄二,,NAME_KEY_ONLY_UNVERIFIED_OFFICIAL_ID,1〜3勝クラス,NAMED_CONDITION,PARSED,,,,,,,,,,,WIN_ROI_PCT|PLACE_ROI_PCT|N_STARTS,UNKNOWN,サイト現行既定は「オッズ反比例の賭け金・固定払戻の意図」(WEB_DEFINITION)。CSV作成時点の方式である証明にはならない,EQUAL_STAKE|EQUAL_PAYOUT,Y,Y,YES_PUBLIC_SCOPE_UNRULED,473,,,,N_WEIGHTED_MEAN_OF_PCT: sum(ROI_i*n_i)/sum(n_i) を整数丸め,UNVERIFIED_AGGREGATION,LEGACY_SIRE_TRAINER_CODE,二重丸め(掲載値が整数%＋加重平均後に再度整数丸め),,,,,UNKNOWN,,DB_KEIBA,roi_presence_raw と完全に1対1でROI記入の有無の言い換え。行の出所ではない,3,,,UNVERIFIED(表示基準日がページ間で不一致: トップ2026-08-16/使い方2026-05-17),ワースト3,,HOLD_MERGE+HOLD_METHOD+HOLD_ASOF+HOLD_ID,①購入方式の確定 ②分母(賭け金総額・払戻総額)の入手 ③加重平均の再現可否検証 ④場/距離/回りの重複排除
rec_1e81fec1a3f20e5d45ea628cd496f7b4bab846cdd4b5cf9f331a703a4308111a,PRIMARY_TRAINER,TrainerCond_連結済み_20260701.csv,300,TRAINER,千葉 直人,,NAME_KEY_ONLY_UNVERIFIED_OFFICIAL_ID,OP(重賞含む),NAMED_CONDITION,PARSED,,,,,,,,,,,WIN_ROI_PCT|PLACE_ROI_PCT|N_STARTS,UNKNOWN,サイト現行既定は「オッズ反比例の賭け金・固定払戻の意図」(WEB_DEFINITION)。CSV作成時点の方式である証明にはならない,EQUAL_STAKE|EQUAL_PAYOUT,Y,Y,YES_PUBLIC_SCOPE_UNRULED,19,,,,N_WEIGHTED_MEAN_OF_PCT: sum(ROI_i*n_i)/sum(n_i) を整数丸め,UNVERIFIED_AGGREGATION,LEGACY_SIRE_TRAINER_CODE,二重丸め(掲載値が整数%＋加重平均後に再度整数丸め),,,,,UNKNOWN,,DB_KEIBA,roi_presence_raw と完全に1対1でROI記入の有無の言い換え。行の出所ではない,10,,,UNVERIFIED(表示基準日がページ間で不一致: トップ2026-08-16/使い方2026-05-17),TOP10,,HOLD_MERGE+HOLD_METHOD+HOLD_ASOF+HOLD_ID,①購入方式の確定 ②分母(賭け金総額・払戻総額)の入手 ③加重平均の再現可否検証 ④場/距離/回りの重複排除
rec_daad3f8e83a8fb225d3282dc8bcb88a73c10dd39542762ae2a842d0ac7840320,PRIMARY_TRAINER,TrainerCond_連結済み_20260701.csv,301,TRAINER,武 英智,,NAME_KEY_ONLY_UNVERIFIED_OFFICIAL_ID,OP(重賞含む),NAMED_CONDITION,PARSED,,,,,,,,,,,WIN_ROI_PCT|PLACE_ROI_PCT|N_STARTS,UNKNOWN,サイト現行既定は「オッズ反比例の賭け金・固定払戻の意図」(WEB_DEFINITION)。CSV作成時点の方式である証明にはならない,EQUAL_STAKE|EQUAL_PAYOUT,Y,Y,YES_PUBLIC_SCOPE_UNRULED,162,,,,N_WEIGHTED_MEAN_OF_PCT: sum(ROI_i*n_i)/sum(n_i) を整数丸め,UNVERIFIED_AGGREGATION,LEGACY_SIRE_TRAINER_CODE,二重丸め(掲載値が整数%＋加重平均後に再度整数丸め),,,,,UNKNOWN,,DB_KEIBA,roi_presence_raw と完全に1対1でROI記入の有無の言い換え。行の出所ではない,6,,,UNVERIFIED(表示基準日がページ間で不一致: トップ2026-08-16/使い方2026-05-17),TOP10,,HOLD_MERGE+HOLD_METHOD+HOLD_ASOF+HOLD_ID,①購入方式の確定 ②分母(賭け金総額・払戻総額)の入手 ③加重平均の再現可否検証 ④場/距離/回りの重複排除
rec_ed859fafe37802fddc23640370f261a0b904277d407efb2e94d6d48028033799,PRIMARY_TRAINER,TrainerCond_連結済み_20260701.csv,302,TRAINER,池江 泰寿,,NAME_KEY_ONLY_UNVERIFIED_OFFICIAL_ID,OP(重賞含む),NAMED_CONDITION,PARSED,,,,,,,,,,,WIN_ROI_PCT|PLACE_ROI_PCT|N_STARTS,UNKNOWN,サイト現行既定は「オッズ反比例の賭け金・固定払戻の意図」(WEB_DEFINITION)。CSV作成時点の方式である証明にはならない,EQUAL_STAKE|EQUAL_PAYOUT,Y,Y,YES_PUBLIC_SCOPE_UNRULED,342,,,,N_WEIGHTED_MEAN_OF_PCT: sum(ROI_i*n_i)/sum(n_i) を整数丸め,UNVERIFIED_AGGREGATION,LEGACY_SIRE_TRAINER_CODE,二重丸め(掲載値が整数%＋加重平均後に再度整数丸め),,,,,UNKNOWN,,DB_KEIBA,roi_presence_raw と完全に1対1でROI記入の有無の言い換え。行の出所ではない,3,,,UNVERIFIED(表示基準日がページ間で不一致: トップ2026-08-16/使い方2026-05-17),TOP10,,HOLD_MERGE+HOLD_METHOD+HOLD_ASOF+HOLD_ID,①購入方式の確定 ②分母(賭け金総額・払戻総額)の入手 ③加重平均の再現可否検証 ④場/距離/回りの重複排除
rec_bb00fae4d2dfa00ae348a5a87949cae91c383f4dd8fe68c88a632fd2ee56cc94,PRIMARY_TRAINER,TrainerCond_連結済み_20260701.csv,303,TRAINER,上村 洋行,,NAME_KEY_ONLY_UNVERIFIED_OFFICIAL_ID,OP(重賞含む),NAMED_CONDITION,PARSED,,,,,,,,,,,WIN_ROI_PCT|PLACE_ROI_PCT|N_STARTS,UNKNOWN,サイト現行既定は「オッズ反比例の賭け金・固定払戻の意図」(WEB_DEFINITION)。CSV作成時点の方式である証明にはならない,EQUAL_STAKE|EQUAL_PAYOUT,Y,Y,YES_PUBLIC_SCOPE_UNRULED,177,,,,N_WEIGHTED_MEAN_OF_PCT: sum(ROI_i*n_i)/sum(n_i) を整数丸め,UNVERIFIED_AGGREGATION,LEGACY_SIRE_TRAINER_CODE,二重丸め(掲載値が整数%＋加重平均後に再度整数丸め),,,,,UNKNOWN,,DB_KEIBA,roi_presence_raw と完全に1対1でROI記入の有無の言い換え。行の出所ではない,5,,,UNVERIFIED(表示基準日がページ間で不一致: トップ2026-08-16/使い方2026-05-17),TOP10,,HOLD_MERGE+HOLD_METHOD+HOLD_ASOF+HOLD_ID,①購入方式の確定 ②分母(賭け金総額・払戻総額)の入手 ③加重平均の再現可否検証 ④場/距離/回りの重複排除
rec_b9773b393d5a94f07d7a0c8f40e14506737e360ad67d5a3c84862a41287e9ad3,PRIMARY_TRAINER,TrainerCond_連結済み_20260701.csv,304,TRAINER,四位 洋文,,NAME_KEY_ONLY_UNVERIFIED_OFFICIAL_ID,OP(重賞含む),NAMED_CONDITION,PARSED,,,,,,,,,,,WIN_ROI_PCT|PLACE_ROI_PCT|N_STARTS,UNKNOWN,サイト現行既定は「オッズ反比例の賭け金・固定払戻の意図」(WEB_DEFINITION)。CSV作成時点の方式である証明にはならない,EQUAL_STAKE|EQUAL_PAYOUT,Y,Y,YES_PUBLIC_SCOPE_UNRULED,80,,,,N_WEIGHTED_MEAN_OF_PCT: sum(ROI_i*n_i)/sum(n_i) を整数丸め,UNVERIFIED_AGGREGATION,LEGACY_SIRE_TRAINER_CODE,二重丸め(掲載値が整数%＋加重平均後に再度整数丸め),,,,,UNKNOWN,,DB_KEIBA,roi_presence_raw と完全に1対1でROI記入の有無の言い換え。行の出所ではない,4,,,UNVERIFIED(表示基準日がページ間で不一致: トップ2026-08-16/使い方2026-05-17),TOP10,,HOLD_MERGE+HOLD_METHOD+HOLD_ASOF+HOLD_ID,①購入方式の確定 ②分母(賭け金総額・払戻総額)の入手 ③加重平均の再現可否検証 ④場/距離/回りの重複排除
rec_dfa1d59a9651654661aa531c3507b2dceb19a83d85e61f4b14b5d47e770690b9,PRIMARY_TRAINER,TrainerCond_連結済み_20260701.csv,305,TRAINER,浅利 英明,,NAME_KEY_ONLY_UNVERIFIED_OFFICIAL_ID,OP(重賞含む),NAMED_CONDITION,PARSED,,,,,,,,,,,WIN_ROI_PCT|PLACE_ROI_PCT|N_STARTS,UNKNOWN,サイト現行既定は「オッズ反比例の賭け金・固定払戻の意図」(WEB_DEFINITION)。CSV作成時点の方式である証明にはならない,EQUAL_STAKE|EQUAL_PAYOUT,Y,Y,YES_PUBLIC_SCOPE_UNRULED,6,,,,N_WEIGHTED_MEAN_OF_PCT: sum(ROI_i*n_i)/sum(n_i) を整数丸め,UNVERIFIED_AGGREGATION,LEGACY_SIRE_TRAINER_CODE,二重丸め(掲載値が整数%＋加重平均後に再度整数丸め),,,,,UNKNOWN,,DB_KEIBA,roi_presence_raw と完全に1対1でROI記入の有無の言い換え。行の出所ではない,5,,,UNVERIFIED(表示基準日がページ間で不一致: トップ2026-08-16/使い方2026-05-17),TOP10,,HOLD_MERGE+HOLD_METHOD+HOLD_ASOF+HOLD_ID,①購入方式の確定 ②分母(賭け金総額・払戻総額)の入手 ③加重平均の再現可否検証 ④場/距離/回りの重複排除
rec_14a63df0efef3160dca12767de74b175a69f6eb6bcd8fd670724169cf08fe1fc,PRIMARY_TRAINER,TrainerCond_連結済み_20260701.csv,306,TRAINER,井上 智史,,NAME_KEY_ONLY_UNVERIFIED_OFFICIAL_ID,OP(重賞含む),NAMED_CONDITION,PARSED,,,,,,,,,,,WIN_ROI_PCT|PLACE_ROI_PCT|N_STARTS,UNKNOWN,サイト現行既定は「オッズ反比例の賭け金・固定払戻の意図」(WEB_DEFINITION)。CSV作成時点の方式である証明にはならない,EQUAL_STAKE|EQUAL_PAYOUT,Y,Y,YES_PUBLIC_SCOPE_UNRULED,9,,,,N_WEIGHTED_MEAN_OF_PCT: sum(ROI_i*n_i)/sum(n_i) を整数丸め,UNVERIFIED_AGGREGATION,LEGACY_SIRE_TRAINER_CODE,二重丸め(掲載値が整数%＋加重平均後に再度整数丸め),,,,,UNKNOWN,,DB_KEIBA,roi_presence_raw と完全に1対1でROI記入の有無の言い換え。行の出所ではない,10,,,UNVERIFIED(表示基準日がページ間で不一致: トップ2026-08-16/使い方2026-05-17),TOP10,,HOLD_MERGE+HOLD_METHOD+HOLD_ASOF+HOLD_ID,①購入方式の確定 ②分母(賭け金総額・払戻総額)の入手 ③加重平均の再現可否検証 ④場/距離/回りの重複排除
rec_4c10ec56e1c4418e92d0451d53408e371df1fd07962a3be5c8af706f280ca8fe,PRIMARY_TRAINER,TrainerCond_連結済み_20260701.csv,307,TRAINER,千田 輝彦,,NAME_KEY_ONLY_UNVERIFIED_OFFICIAL_ID,OP(重賞含む),NAMED_CONDITION,PARSED,,,,,,,,,,,WIN_ROI_PCT|PLACE_ROI_PCT|N_STARTS,UNKNOWN,サイト現行既定は「オッズ反比例の賭け金・固定払戻の意図」(WEB_DEFINITION)。CSV作成時点の方式である証明にはならない,EQUAL_STAKE|EQUAL_PAYOUT,Y,Y,YES_PUBLIC_SCOPE_UNRULED,128,,,,N_WEIGHTED_MEAN_OF_PCT: sum(ROI_i*n_i)/sum(n_i) を整数丸め,UNVERIFIED_AGGREGATION,LEGACY_SIRE_TRAINER_CODE,二重丸め(掲載値が整数%＋加重平均後に再度整数丸め),,,,,UNKNOWN,,DB_KEIBA,roi_presence_raw と完全に1対1でROI記入の有無の言い換え。行の出所ではない,12,,,UNVERIFIED(表示基準日がページ間で不一致: トップ2026-08-16/使い方2026-05-17),TOP10,,HOLD_MERGE+HOLD_METHOD+HOLD_ASOF+HOLD_ID,①購入方式の確定 ②分母(賭け金総額・払戻総額)の入手 ③加重平均の再現可否検証 ④場/距離/回りの重複排除
rec_017841f43d816f7f1db2aae9dda59ff40d1d8b5a8b11d3fb29ac7ae1028276bb,PRIMARY_TRAINER,TrainerCond_連結済み_20260701.csv,308,TRAINER,田中 勝春,,NAME_KEY_ONLY_UNVERIFIED_OFFICIAL_ID,OP(重賞含む),NAMED_CONDITION,PARSED,,,,,,,,,,,WIN_ROI_PCT|PLACE_ROI_PCT|N_STARTS,UNKNOWN,サイト現行既定は「オッズ反比例の賭け金・固定払戻の意図」(WEB_DEFINITION)。CSV作成時点の方式である証明にはならない,EQUAL_STAKE|EQUAL_PAYOUT,Y,Y,YES_PUBLIC_SCOPE_UNRULED,9,,,,N_WEIGHTED_MEAN_OF_PCT: sum(ROI_i*n_i)/sum(n_i) を整数丸め,UNVERIFIED_AGGREGATION,LEGACY_SIRE_TRAINER_CODE,二重丸め(掲載値が整数%＋加重平均後に再度整数丸め),,,,,UNKNOWN,,DB_KEIBA,roi_presence_raw と完全に1対1でROI記入の有無の言い換え。行の出所ではない,5,,,UNVERIFIED(表示基準日がページ間で不一致: トップ2026-08-16/使い方2026-05-17),TOP10,,HOLD_MERGE+HOLD_METHOD+HOLD_ASOF+HOLD_ID,①購入方式の確定 ②分母(賭け金総額・払戻総額)の入手 ③加重平均の再現可否検証 ④場/距離/回りの重複排除
rec_efaab35a29483fc509a63d5301dc7b4955303b7df43e173da1220d68a7aa4933,PRIMARY_TRAINER,TrainerCond_連結済み_20260701.csv,309,TRAINER,高木 登,,NAME_KEY_ONLY_UNVERIFIED_OFFICIAL_ID,OP(重賞含む),NAMED_CONDITION,PARSED,,,,,,,,,,,WIN_ROI_PCT|PLACE_ROI_PCT|N_STARTS,UNKNOWN,サイト現行既定は「オッズ反比例の賭け金・固定払戻の意図」(WEB_DEFINITION)。CSV作成時点の方式である証明にはならない,EQUAL_STAKE|EQUAL_PAYOUT,Y,Y,YES_PUBLIC_SCOPE_UNRULED,152,,,,N_WEIGHTED_MEAN_OF_PCT: sum(ROI_i*n_i)/sum(n_i) を整数丸め,UNVERIFIED_AGGREGATION,LEGACY_SIRE_TRAINER_CODE,二重丸め(掲載値が整数%＋加重平均後に再度整数丸め),,,,,UNKNOWN,,DB_KEIBA,roi_presence_raw と完全に1対1でROI記入の有無の言い換え。行の出所ではない,5,,,UNVERIFIED(表示基準日がページ間で不一致: トップ2026-08-16/使い方2026-05-17),TOP10,,HOLD_MERGE+HOLD_METHOD+HOLD_ASOF+HOLD_ID,①購入方式の確定 ②分母(賭け金総額・払戻総額)の入手 ③加重平均の再現可否検証 ④場/距離/回りの重複排除
rec_a6d2a5ff3d84462ec12d3c45951659583f4cd31d65c926ad340ff0d84ceb9bb2,PRIMARY_TRAINER,TrainerCond_連結済み_20260701.csv,310,TRAINER,小栗 実,,NAME_KEY_ONLY_UNVERIFIED_OFFICIAL_ID,OP(重賞含む),NAMED_CONDITION,PARSED,,,,,,,,,,,WIN_ROI_PCT|PLACE_ROI_PCT|N_STARTS,UNKNOWN,サイト現行既定は「オッズ反比例の賭け金・固定払戻の意図」(WEB_DEFINITION)。CSV作成時点の方式である証明にはならない,EQUAL_STAKE|EQUAL_PAYOUT,Y,Y,YES_PUBLIC_SCOPE_UNRULED,59,,,,N_WEIGHTED_MEAN_OF_PCT: sum(ROI_i*n_i)/sum(n_i) を整数丸め,UNVERIFIED_AGGREGATION,LEGACY_SIRE_TRAINER_CODE,二重丸め(掲載値が整数%＋加重平均後に再度整数丸め),,,,,UNKNOWN,,DB_KEIBA,roi_presence_raw と完全に1対1でROI記入の有無の言い換え。行の出所ではない,3,,,UNVERIFIED(表示基準日がページ間で不一致: トップ2026-08-16/使い方2026-05-17),ワースト3,,HOLD_MERGE+HOLD_METHOD+HOLD_ASOF+HOLD_ID,①購入方式の確定 ②分母(賭け金総額・払戻総額)の入手 ③加重平均の再現可否検証 ④場/距離/回りの重複排除
rec_c7ded3315aede706734af6695e848e61aae51e5f697a573a5d42ee0db88c82f0,PRIMARY_TRAINER,TrainerCond_連結済み_20260701.csv,311,TRAINER,堀内 岳志,,NAME_KEY_ONLY_UNVERIFIED_OFFICIAL_ID,OP(重賞含む),NAMED_CONDITION,PARSED,,,,,,,,,,,WIN_ROI_PCT|PLACE_ROI_PCT|N_STARTS,UNKNOWN,サイト現行既定は「オッズ反比例の賭け金・固定払戻の意図」(WEB_DEFINITION)。CSV作成時点の方式である証明にはならない,EQUAL_STAKE|EQUAL_PAYOUT,Y,Y,YES_PUBLIC_SCOPE_UNRULED,43,,,,N_WEIGHTED_MEAN_OF_PCT: sum(ROI_i*n_i)/sum(n_i) を整数丸め,UNVERIFIED_AGGREGATION,LEGACY_SIRE_TRAINER_CODE,二重丸め(掲載値が整数%＋加重平均後に再度整数丸め),,,,,UNKNOWN,,DB_KEIBA,roi_presence_raw と完全に1対1でROI記入の有無の言い換え。行の出所ではない,5,,,UNVERIFIED(表示基準日がページ間で不一致: トップ2026-08-16/使い方2026-05-17),ワースト3,,HOLD_MERGE+HOLD_METHOD+HOLD_ASOF+HOLD_ID,①購入方式の確定 ②分母(賭け金総額・払戻総額)の入手 ③加重平均の再現可否検証 ④場/距離/回りの重複排除
rec_365fe3c463daab111c2fd644a5e840425aace38e2830ea762a24a61ddff63236,PRIMARY_TRAINER,TrainerCond_連結済み_20260701.csv,312,TRAINER,西園 翔太,,NAME_KEY_ONLY_UNVERIFIED_OFFICIAL_ID,OP(重賞含む),NAMED_CONDITION,PARSED,,,,,,,,,,,WIN_ROI_PCT|PLACE_ROI_PCT|N_STARTS,UNKNOWN,サイト現行既定は「オッズ反比例の賭け金・固定払戻の意図」(WEB_DEFINITION)。CSV作成時点の方式である証明にはならない,EQUAL_STAKE|EQUAL_PAYOUT,Y,Y,YES_PUBLIC_SCOPE_UNRULED,26,,,,N_WEIGHTED_MEAN_OF_PCT: sum(ROI_i*n_i)/sum(n_i) を整数丸め,UNVERIFIED_AGGREGATION,LEGACY_SIRE_TRAINER_CODE,二重丸め(掲載値が整数%＋加重平均後に再度整数丸め),,,,,UNKNOWN,,DB_KEIBA,roi_presence_raw と完全に1対1でROI記入の有無の言い換え。行の出所ではない,4,,,UNVERIFIED(表示基準日がページ間で不一致: トップ2026-08-16/使い方2026-05-17),ワースト3,,HOLD_MERGE+HOLD_METHOD+HOLD_ASOF+HOLD_ID,①購入方式の確定 ②分母(賭け金総額・払戻総額)の入手 ③加重平均の再現可否検証 ④場/距離/回りの重複排除
rec_ff63878ed19f8be01a52a83725934303ac732a7e0c6199811a0f8816c31cee07,PRIMARY_TRAINER,TrainerCond_連結済み_20260701.csv,313,TRAINER,西田 雄一郎,,NAME_KEY_ONLY_UNVERIFIED_OFFICIAL_ID,重賞,NAMED_CONDITION,PARSED,,,,,,,,,,,WIN_ROI_PCT|PLACE_ROI_PCT|N_STARTS,UNKNOWN,サイト現行既定は「オッズ反比例の賭け金・固定払戻の意図」(WEB_DEFINITION)。CSV作成時点の方式である証明にはならない,EQUAL_STAKE|EQUAL_PAYOUT,Y,Y,YES_PUBLIC_SCOPE_UNRULED,9,,,,N_WEIGHTED_MEAN_OF_PCT: sum(ROI_i*n_i)/sum(n_i) を整数丸め,UNVERIFIED_AGGREGATION,LEGACY_SIRE_TRAINER_CODE,二重丸め(掲載値が整数%＋加重平均後に再度整数丸め),,,,,UNKNOWN,,DB_KEIBA,roi_presence_raw と完全に1対1でROI記入の有無の言い換え。行の出所ではない,2,,,UNVERIFIED(表示基準日がページ間で不一致: トップ2026-08-16/使い方2026-05-17),TOP10,,HOLD_MERGE+HOLD_METHOD+HOLD_ASOF+HOLD_ID,①購入方式の確定 ②分母(賭け金総額・払戻総額)の入手 ③加重平均の再現可否検証 ④場/距離/回りの重複排除
rec_686c4d43c73a85038bb3d677749918fae173c31db0a5dc596f6714635e76bbcc,PRIMARY_TRAINER,TrainerCond_連結済み_20260701.csv,314,TRAINER,吉村 圭司,,NAME_KEY_ONLY_UNVERIFIED_OFFICIAL_ID,重賞,NAMED_CONDITION,PARSED,,,,,,,,,,,WIN_ROI_PCT|PLACE_ROI_PCT|N_STARTS,UNKNOWN,サイト現行既定は「オッズ反比例の賭け金・固定払戻の意図」(WEB_DEFINITION)。CSV作成時点の方式である証明にはならない,EQUAL_STAKE|EQUAL_PAYOUT,Y,Y,YES_PUBLIC_SCOPE_UNRULED,143,,,,N_WEIGHTED_MEAN_OF_PCT: sum(ROI_i*n_i)/sum(n_i) を整数丸め,UNVERIFIED_AGGREGATION,LEGACY_SIRE_TRAINER_CODE,二重丸め(掲載値が整数%＋加重平均後に再度整数丸め),,,,,UNKNOWN,,DB_KEIBA,roi_presence_raw と完全に1対1でROI記入の有無の言い換え。行の出所ではない,1,,,UNVERIFIED(表示基準日がページ間で不一致: トップ2026-08-16/使い方2026-05-17),TOP10,,HOLD_MERGE+HOLD_METHOD+HOLD_ASOF+HOLD_ID,①購入方式の確定 ②分母(賭け金総額・払戻総額)の入手 ③加重平均の再現可否検証 ④場/距離/回りの重複排除
rec_99168d4e901d0c9952bf07ec5efc9708af785c83b6b38493abc8af39396c6f17,PRIMARY_TRAINER,TrainerCond_連結済み_20260701.csv,315,TRAINER,和田 勇介,,NAME_KEY_ONLY_UNVERIFIED_OFFICIAL_ID,重賞,NAMED_CONDITION,PARSED,,,,,,,,,,,WIN_ROI_PCT|PLACE_ROI_PCT|N_STARTS,UNKNOWN,サイト現行既定は「オッズ反比例の賭け金・固定払戻の意図」(WEB_DEFINITION)。CSV作成時点の方式である証明にはならない,EQUAL_STAKE|EQUAL_PAYOUT,Y,Y,YES_PUBLIC_SCOPE_UNRULED,64,,,,N_WEIGHTED_MEAN_OF_PCT: sum(ROI_i*n_i)/sum(n_i) を整数丸め,UNVERIFIED_AGGREGATION,LEGACY_SIRE_TRAINER_CODE,二重丸め(掲載値が整数%＋加重平均後に再度整数丸め),,,,,UNKNOWN,,DB_KEIBA,roi_presence_raw と完全に1対1でROI記入の有無の言い換え。行の出所ではない,1,,,UNVERIFIED(表示基準日がページ間で不一致: トップ2026-08-16/使い方2026-05-17),TOP10,,HOLD_MERGE+HOLD_METHOD+HOLD_ASOF+HOLD_ID,①購入方式の確定 ②分母(賭け金総額・払戻総額)の入手 ③加重平均の再現可否検証 ④場/距離/回りの重複排除
rec_4667fe5a907760ac4db0ffbc1093f77640af47a92069e6fb5d16f136216ac85d,PRIMARY_TRAINER,TrainerCond_連結済み_20260701.csv,316,TRAINER,東田 明士,,NAME_KEY_ONLY_UNVERIFIED_OFFICIAL_ID,重賞,NAMED_CONDITION,PARSED,,,,,,,,,,,WIN_ROI_PCT|PLACE_ROI_PCT|N_STARTS,UNKNOWN,サイト現行既定は「オッズ反比例の賭け金・固定払戻の意図」(WEB_DEFINITION)。CSV作成時点の方式である証明にはならない,EQUAL_STAKE|EQUAL_PAYOUT,Y,Y,YES_PUBLIC_SCOPE_UNRULED,17,,,,N_WEIGHTED_MEAN_OF_PCT: sum(ROI_i*n_i)/sum(n_i) を整数丸め,UNVERIFIED_AGGREGATION,LEGACY_SIRE_TRAINER_CODE,二重丸め(掲載値が整数%＋加重平均後に再度整数丸め),,,,,UNKNOWN,,DB_KEIBA,roi_presence_raw と完全に1対1でROI記入の有無の言い換え。行の出所ではない,2,,,UNVERIFIED(表示基準日がページ間で不一致: トップ2026-08-16/使い方2026-05-17),TOP10,,HOLD_MERGE+HOLD_METHOD+HOLD_ASOF+HOLD_ID,①購入方式の確定 ②分母(賭け金総額・払戻総額)の入手 ③加重平均の再現可否検証 ④場/距離/回りの重複排除
rec_62ff0410deaee0064ecd5a0ba921dc2d65411e272f6356e8331b8d0a281fb5d1,PRIMARY_TRAINER,TrainerCond_連結済み_20260701.csv,317,TRAINER,四位 洋文,,NAME_KEY_ONLY_UNVERIFIED_OFFICIAL_ID,重賞,NAMED_CONDITION,PARSED,,,,,,,,,,,WIN_ROI_PCT|PLACE_ROI_PCT|N_STARTS,UNKNOWN,サイト現行既定は「オッズ反比例の賭け金・固定払戻の意図」(WEB_DEFINITION)。CSV作成時点の方式である証明にはならない,EQUAL_STAKE|EQUAL_PAYOUT,Y,Y,YES_PUBLIC_SCOPE_UNRULED,80,,,,N_WEIGHTED_MEAN_OF_PCT: sum(ROI_i*n_i)/sum(n_i) を整数丸め,UNVERIFIED_AGGREGATION,LEGACY_SIRE_TRAINER_CODE,二重丸め(掲載値が整数%＋加重平均後に再度整数丸め),,,,,UNKNOWN,,DB_KEIBA,roi_presence_raw と完全に1対1でROI記入の有無の言い換え。行の出所ではない,4,,,UNVERIFIED(表示基準日がページ間で不一致: トップ2026-08-16/使い方2026-05-17),TOP10,,HOLD_MERGE+HOLD_METHOD+HOLD_ASOF+HOLD_ID,①購入方式の確定 ②分母(賭け金総額・払戻総額)の入手 ③加重平均の再現可否検証 ④場/距離/回りの重複排除
rec_f5f4d824fc69df19105440681683d0257651aef4b25dc9fece416ca7f2c5300c,PRIMARY_TRAINER,TrainerCond_連結済み_20260701.csv,318,TRAINER,千葉 直人,,NAME_KEY_ONLY_UNVERIFIED_OFFICIAL_ID,重賞,NAMED_CONDITION,PARSED,,,,,,,,,,,WIN_ROI_PCT|PLACE_ROI_PCT|N_STARTS,UNKNOWN,サイト現行既定は「オッズ反比例の賭け金・固定払戻の意図」(WEB_DEFINITION)。CSV作成時点の方式である証明にはならない,EQUAL_STAKE|EQUAL_PAYOUT,Y,Y,YES_PUBLIC_SCOPE_UNRULED,19,,,,N_WEIGHTED_MEAN_OF_PCT: sum(ROI_i*n_i)/sum(n_i) を整数丸め,UNVERIFIED_AGGREGATION,LEGACY_SIRE_TRAINER_CODE,二重丸め(掲載値が整数%＋加重平均後に再度整数丸め),,,,,UNKNOWN,,DB_KEIBA,roi_presence_raw と完全に1対1でROI記入の有無の言い換え。行の出所ではない,10,,,UNVERIFIED(表示基準日がページ間で不一致: トップ2026-08-16/使い方2026-05-17),TOP10,,HOLD_MERGE+HOLD_METHOD+HOLD_ASOF+HOLD_ID,①購入方式の確定 ②分母(賭け金総額・払戻総額)の入手 ③加重平均の再現可否検証 ④場/距離/回りの重複排除
rec_bfdf84e366cee9098882dd1684959fc3106e9d1054118d4f249987031aebb88f,PRIMARY_TRAINER,TrainerCond_連結済み_20260701.csv,319,TRAINER,池江 泰寿,,NAME_KEY_ONLY_UNVERIFIED_OFFICIAL_ID,重賞,NAMED_CONDITION,PARSED,,,,,,,,,,,WIN_ROI_PCT|PLACE_ROI_PCT|N_STARTS,UNKNOWN,サイト現行既定は「オッズ反比例の賭け金・固定払戻の意図」(WEB_DEFINITION)。CSV作成時点の方式である証明にはならない,EQUAL_STAKE|EQUAL_PAYOUT,Y,Y,YES_PUBLIC_SCOPE_UNRULED,342,,,,N_WEIGHTED_MEAN_OF_PCT: sum(ROI_i*n_i)/sum(n_i) を整数丸め,UNVERIFIED_AGGREGATION,LEGACY_SIRE_TRAINER_CODE,二重丸め(掲載値が整数%＋加重平均後に再度整数丸め),,,,,UNKNOWN,,DB_KEIBA,roi_presence_raw と完全に1対1でROI記入の有無の言い換え。行の出所ではない,3,,,UNVERIFIED(表示基準日がページ間で不一致: トップ2026-08-16/使い方2026-05-17),TOP10,,HOLD_MERGE+HOLD_METHOD+HOLD_ASOF+HOLD_ID,①購入方式の確定 ②分母(賭け金総額・払戻総額)の入手 ③加重平均の再現可否検証 ④場/距離/回りの重複排除
rec_eff039c64dead199b02c193c6a2daff5372cc4da3a34982b6d6da372fa1c9a56,PRIMARY_TRAINER,TrainerCond_連結済み_20260701.csv,320,TRAINER,上村 洋行,,NAME_KEY_ONLY_UNVERIFIED_OFFICIAL_ID,重賞,NAMED_CONDITION,PARSED,,,,,,,,,,,WIN_ROI_PCT|PLACE_ROI_PCT|N_STARTS,UNKNOWN,サイト現行既定は「オッズ反比例の賭け金・固定払戻の意図」(WEB_DEFINITION)。CSV作成時点の方式である証明にはならない,EQUAL_STAKE|EQUAL_PAYOUT,Y,Y,YES_PUBLIC_SCOPE_UNRULED,177,,,,N_WEIGHTED_MEAN_OF_PCT: sum(ROI_i*n_i)/sum(n_i) を整数丸め,UNVERIFIED_AGGREGATION,LEGACY_SIRE_TRAINER_CODE,二重丸め(掲載値が整数%＋加重平均後に再度整数丸め),,,,,UNKNOWN,,DB_KEIBA,roi_presence_raw と完全に1対1でROI記入の有無の言い換え。行の出所ではない,5,,,UNVERIFIED(表示基準日がページ間で不一致: トップ2026-08-16/使い方2026-05-17),TOP10,,HOLD_MERGE+HOLD_METHOD+HOLD_ASOF+HOLD_ID,①購入方式の確定 ②分母(賭け金総額・払戻総額)の入手 ③加重平均の再現可否検証 ④場/距離/回りの重複排除
rec_a85c46ab819ecd1a3b8191a8a782441dc2dacc6732b747f460bcb4ae5b874a23,PRIMARY_TRAINER,TrainerCond_連結済み_20260701.csv,321,TRAINER,藤野 健太,,NAME_KEY_ONLY_UNVERIFIED_OFFICIAL_ID,重賞,NAMED_CONDITION,PARSED,,,,,,,,,,,WIN_ROI_PCT|PLACE_ROI_PCT|N_STARTS,UNKNOWN,サイト現行既定は「オッズ反比例の賭け金・固定払戻の意図」(WEB_DEFINITION)。CSV作成時点の方式である証明にはならない,EQUAL_STAKE|EQUAL_PAYOUT,Y,Y,YES_PUBLIC_SCOPE_UNRULED,19,,,,N_WEIGHTED_MEAN_OF_PCT: sum(ROI_i*n_i)/sum(n_i) を整数丸め,UNVERIFIED_AGGREGATION,LEGACY_SIRE_TRAINER_CODE,二重丸め(掲載値が整数%＋加重平均後に再度整数丸め),,,,,UNKNOWN,,DB_KEIBA,roi_presence_raw と完全に1対1でROI記入の有無の言い換え。行の出所ではない,7,,,UNVERIFIED(表示基準日がページ間で不一致: トップ2026-08-16/使い方2026-05-17),TOP10,,HOLD_MERGE+HOLD_METHOD+HOLD_ASOF+HOLD_ID,①購入方式の確定 ②分母(賭け金総額・払戻総額)の入手 ③加重平均の再現可否検証 ④場/距離/回りの重複排除
rec_4cd261f238c2c2666e0f8f9c6e0f81a018b2e7b82d35201cf6fb2d09489eb8e6,PRIMARY_TRAINER,TrainerCond_連結済み_20260701.csv,322,TRAINER,今野 貞一,,NAME_KEY_ONLY_UNVERIFIED_OFFICIAL_ID,重賞,NAMED_CONDITION,PARSED,,,,,,,,,,,WIN_ROI_PCT|PLACE_ROI_PCT|N_STARTS,UNKNOWN,サイト現行既定は「オッズ反比例の賭け金・固定払戻の意図」(WEB_DEFINITION)。CSV作成時点の方式である証明にはならない,EQUAL_STAKE|EQUAL_PAYOUT,Y,Y,YES_PUBLIC_SCOPE_UNRULED,112,,,,N_WEIGHTED_MEAN_OF_PCT: sum(ROI_i*n_i)/sum(n_i) を整数丸め,UNVERIFIED_AGGREGATION,LEGACY_SIRE_TRAINER_CODE,二重丸め(掲載値が整数%＋加重平均後に再度整数丸め),,,,,UNKNOWN,,DB_KEIBA,roi_presence_raw と完全に1対1でROI記入の有無の言い換え。行の出所ではない,3,,,UNVERIFIED(表示基準日がページ間で不一致: トップ2026-08-16/使い方2026-05-17),TOP10,,HOLD_MERGE+HOLD_METHOD+HOLD_ASOF+HOLD_ID,①購入方式の確定 ②分母(賭け金総額・払戻総額)の入手 ③加重平均の再現可否検証 ④場/距離/回りの重複排除
rec_acd683eeaa42ee00a93b81e8e4bec088cc2cc121bc3ce50adb9e83b6b024c0a7,PRIMARY_TRAINER,TrainerCond_連結済み_20260701.csv,323,TRAINER,前川 恭子,,NAME_KEY_ONLY_UNVERIFIED_OFFICIAL_ID,重賞,NAMED_CONDITION,PARSED,,,,,,,,,,,WIN_ROI_PCT|PLACE_ROI_PCT|N_STARTS,UNKNOWN,サイト現行既定は「オッズ反比例の賭け金・固定払戻の意図」(WEB_DEFINITION)。CSV作成時点の方式である証明にはならない,EQUAL_STAKE|EQUAL_PAYOUT,Y,Y,YES_PUBLIC_SCOPE_UNRULED,12,,,,N_WEIGHTED_MEAN_OF_PCT: sum(ROI_i*n_i)/sum(n_i) を整数丸め,UNVERIFIED_AGGREGATION,LEGACY_SIRE_TRAINER_CODE,二重丸め(掲載値が整数%＋加重平均後に再度整数丸め),,,,,UNKNOWN,,DB_KEIBA,roi_presence_raw と完全に1対1でROI記入の有無の言い換え。行の出所ではない,9,,,UNVERIFIED(表示基準日がページ間で不一致: トップ2026-08-16/使い方2026-05-17),ワースト3,,HOLD_MERGE+HOLD_METHOD+HOLD_ASOF+HOLD_ID,①購入方式の確定 ②分母(賭け金総額・払戻総額)の入手 ③加重平均の再現可否検証 ④場/距離/回りの重複排除
rec_f0eab7b897c785278c3b9f12767e80ab84a8e1af1159f03db30737b9a716f9d3,PRIMARY_TRAINER,TrainerCond_連結済み_20260701.csv,324,TRAINER,堀内 岳志,,NAME_KEY_ONLY_UNVERIFIED_OFFICIAL_ID,重賞,NAMED_CONDITION,PARSED,,,,,,,,,,,WIN_ROI_PCT|PLACE_ROI_PCT|N_STARTS,UNKNOWN,サイト現行既定は「オッズ反比例の賭け金・固定払戻の意図」(WEB_DEFINITION)。CSV作成時点の方式である証明にはならない,EQUAL_STAKE|EQUAL_PAYOUT,Y,Y,YES_PUBLIC_SCOPE_UNRULED,43,,,,N_WEIGHTED_MEAN_OF_PCT: sum(ROI_i*n_i)/sum(n_i) を整数丸め,UNVERIFIED_AGGREGATION,LEGACY_SIRE_TRAINER_CODE,二重丸め(掲載値が整数%＋加重平均後に再度整数丸め),,,,,UNKNOWN,,DB_KEIBA,roi_presence_raw と完全に1対1でROI記入の有無の言い換え。行の出所ではない,5,,,UNVERIFIED(表示基準日がページ間で不一致: トップ2026-08-16/使い方2026-05-17),ワースト3,,HOLD_MERGE+HOLD_METHOD+HOLD_ASOF+HOLD_ID,①購入方式の確定 ②分母(賭け金総額・払戻総額)の入手 ③加重平均の再現可否検証 ④場/距離/回りの重複排除
rec_59347d8baf9beaffe09ca5921ab7983abe18f11ae4abcb09fbc2040b4b443c1a,PRIMARY_TRAINER,TrainerCond_連結済み_20260701.csv,325,TRAINER,藤岡 健一,,NAME_KEY_ONLY_UNVERIFIED_OFFICIAL_ID,重賞,NAMED_CONDITION,PARSED,,,,,,,,,,,WIN_ROI_PCT|PLACE_ROI_PCT|N_STARTS,UNKNOWN,サイト現行既定は「オッズ反比例の賭け金・固定払戻の意図」(WEB_DEFINITION)。CSV作成時点の方式である証明にはならない,EQUAL_STAKE|EQUAL_PAYOUT,Y,Y,YES_PUBLIC_SCOPE_UNRULED,227,,,,N_WEIGHTED_MEAN_OF_PCT: sum(ROI_i*n_i)/sum(n_i) を整数丸め,UNVERIFIED_AGGREGATION,LEGACY_SIRE_TRAINER_CODE,二重丸め(掲載値が整数%＋加重平均後に再度整数丸め),,,,,UNKNOWN,,DB_KEIBA,roi_presence_raw と完全に1対1でROI記入の有無の言い換え。行の出所ではない,1,,,UNVERIFIED(表示基準日がページ間で不一致: トップ2026-08-16/使い方2026-05-17),ワースト3,,HOLD_MERGE+HOLD_METHOD+HOLD_ASOF+HOLD_ID,①購入方式の確定 ②分母(賭け金総額・払戻総額)の入手 ③加重平均の再現可否検証 ④場/距離/回りの重複排除
rec_17f68d94d936ba769c72ce966c1642362651c730e164bacef3b1f35291de666d,PRIMARY_TRAINER,TrainerCond_連結済み_20260701.csv,326,TRAINER,蛯名 正義,,NAME_KEY_ONLY_UNVERIFIED_OFFICIAL_ID,2歳,NAMED_CONDITION,PARSED,,,,,,,,,,,,UNKNOWN,,,N,N,NOT_APPLICABLE,,,,,,NOT_APPLICABLE_NO_ROI,,,,,,,UNKNOWN,,BOOK_OR_UNSPECIFIED_ROI_SOURCE,roi_presence_raw と完全に1対1でROI記入の有無の言い換え。行の出所ではない,4,,,UNVERIFIED(表示基準日がページ間で不一致: トップ2026-08-16/使い方2026-05-17),TOP10,MISSING_ROI,NOT_AVAILABLE,原表と方式を入手するまで使用しない。原行は保持
rec_a75bdeeb5dc33e5ac71be77d990c6df978d2a4334f204d4f37cf9d11d0c2a18a,PRIMARY_TRAINER,TrainerCond_連結済み_20260701.csv,327,TRAINER,宮地 貴稔,,NAME_KEY_ONLY_UNVERIFIED_OFFICIAL_ID,2歳,NAMED_CONDITION,PARSED,,,,,,,,,,,,UNKNOWN,,,N,N,NOT_APPLICABLE,,,,,,NOT_APPLICABLE_NO_ROI,,,,,,,UNKNOWN,,BOOK_OR_UNSPECIFIED_ROI_SOURCE,roi_presence_raw と完全に1対1でROI記入の有無の言い換え。行の出所ではない,14,,,UNVERIFIED(表示基準日がページ間で不一致: トップ2026-08-16/使い方2026-05-17),TOP10,MISSING_ROI,NOT_AVAILABLE,原表と方式を入手するまで使用しない。原行は保持
rec_23962329a93074df3f53bd16b20718305ffe81080ef2cf961dce8184356e627b,PRIMARY_TRAINER,TrainerCond_連結済み_20260701.csv,328,TRAINER,竹内 正洋,,NAME_KEY_ONLY_UNVERIFIED_OFFICIAL_ID,2歳,NAMED_CONDITION,PARSED,,,,,,,,,,,,UNKNOWN,,,N,N,NOT_APPLICABLE,,,,,,NOT_APPLICABLE_NO_ROI,,,,,,,UNKNOWN,,BOOK_OR_UNSPECIFIED_ROI_SOURCE,roi_presence_raw と完全に1対1でROI記入の有無の言い換え。行の出所ではない,5,,,UNVERIFIED(表示基準日がページ間で不一致: トップ2026-08-16/使い方2026-05-17),TOP10,MISSING_ROI,NOT_AVAILABLE,原表と方式を入手するまで使用しない。原行は保持
rec_203a2a0edb8949f49dee2f815578a1dfb0d8d0ee9c7bc706be8ee70f0992832a,PRIMARY_TRAINER,TrainerCond_連結済み_20260701.csv,329,TRAINER,加藤 公太,,NAME_KEY_ONLY_UNVERIFIED_OFFICIAL_ID,2歳,NAMED_CONDITION,PARSED,,,,,,,,,,,,UNKNOWN,,,N,N,NOT_APPLICABLE,,,,,,NOT_APPLICABLE_NO_ROI,,,,,,,UNKNOWN,,BOOK_OR_UNSPECIFIED_ROI_SOURCE,roi_presence_raw と完全に1対1でROI記入の有無の言い換え。行の出所ではない,5,,,UNVERIFIED(表示基準日がページ間で不一致: トップ2026-08-16/使い方2026-05-17),TOP10,MISSING_ROI,NOT_AVAILABLE,原表と方式を入手するまで使用しない。原行は保持
rec_3f63a3f1cdcc3eb34e8752796d8272f6443e16633fa70848a7215133e15115eb,PRIMARY_TRAINER,TrainerCond_連結済み_20260701.csv,330,TRAINER,佐藤 悠太,,NAME_KEY_ONLY_UNVERIFIED_OFFICIAL_ID,2歳,NAMED_CONDITION,PARSED,,,,,,,,,,,,UNKNOWN,,,N,N,NOT_APPLICABLE,,,,,,NOT_APPLICABLE_NO_ROI,,,,,,,UNKNOWN,,BOOK_OR_UNSPECIFIED_ROI_SOURCE,roi_presence_raw と完全に1対1でROI記入の有無の言い換え。行の出所ではない,6,,,UNVERIFIED(表示基準日がページ間で不一致: トップ2026-08-16/使い方2026-05-17),TOP10,MISSING_ROI,NOT_AVAILABLE,原表と方式を入手するまで使用しない。原行は保持
rec_e57c97012654799b37db6501ee817a601b5d3980068a9c7f1cb829e70f41f12c,PRIMARY_TRAINER,TrainerCond_連結済み_20260701.csv,331,TRAINER,松山 将樹,,NAME_KEY_ONLY_UNVERIFIED_OFFICIAL_ID,2歳,NAMED_CONDITION,PARSED,,,,,,,,,,,,UNKNOWN,,,N,N,NOT_APPLICABLE,,,,,,NOT_APPLICABLE_NO_ROI,,,,,,,UNKNOWN,,BOOK_OR_UNSPECIFIED_ROI_SOURCE,roi_presence_raw と完全に1対1でROI記入の有無の言い換え。行の出所ではない,4,,,UNVERIFIED(表示基準日がページ間で不一致: トップ2026-08-16/使い方2026-05-17),TOP10,MISSING_ROI,NOT_AVAILABLE,原表と方式を入手するまで使用しない。原行は保持
rec_2508d0e04e40603afd24325a0b82557d66aa385c254a41dd159b50a5ef32a7f4,PRIMARY_TRAINER,TrainerCond_連結済み_20260701.csv,332,TRAINER,千田 輝彦,,NAME_KEY_ONLY_UNVERIFIED_OFFICIAL_ID,2歳,NAMED_CONDITION,PARSED,,,,,,,,,,,,UNKNOWN,,,N,N,NOT_APPLICABLE,,,,,,NOT_APPLICABLE_NO_ROI,,,,,,,UNKNOWN,,BOOK_OR_UNSPECIFIED_ROI_SOURCE,roi_presence_raw と完全に1対1でROI記入の有無の言い換え。行の出所ではない,12,,,UNVERIFIED(表示基準日がページ間で不一致: トップ2026-08-16/使い方2026-05-17),TOP10,MISSING_ROI,NOT_AVAILABLE,原表と方式を入手するまで使用しない。原行は保持
rec_a82370358676a85f9d631b2a00dce368a3332be30f7322cdeaf483cc45c9327a,PRIMARY_TRAINER,TrainerCond_連結済み_20260701.csv,333,TRAINER,鈴木 慎太郎,,NAME_KEY_ONLY_UNVERIFIED_OFFICIAL_ID,2歳,NAMED_CONDITION,PARSED,,,,,,,,,,,,UNKNOWN,,,N,N,NOT_APPLICABLE,,,,,,NOT_APPLICABLE_NO_ROI,,,,,,,UNKNOWN,,BOOK_OR_UNSPECIFIED_ROI_SOURCE,roi_presence_raw と完全に1対1でROI記入の有無の言い換え。行の出所ではない,8,,,UNVERIFIED(表示基準日がページ間で不一致: トップ2026-08-16/使い方2026-05-17),TOP10,MISSING_ROI,NOT_AVAILABLE,原表と方式を入手するまで使用しない。原行は保持
rec_dd51dd1ac49ecc9892e136ee01d63ef3d33f20af654afe274171816cd7fccbbe,PRIMARY_TRAINER,TrainerCond_連結済み_20260701.csv,334,TRAINER,池上 昌和,,NAME_KEY_ONLY_UNVERIFIED_OFFICIAL_ID,2歳,NAMED_CONDITION,PARSED,,,,,,,,,,,,UNKNOWN,,,N,N,NOT_APPLICABLE,,,,,,NOT_APPLICABLE_NO_ROI,,,,,,,UNKNOWN,,BOOK_OR_UNSPECIFIED_ROI_SOURCE,roi_presence_raw と完全に1対1でROI記入の有無の言い換え。行の出所ではない,2,,,UNVERIFIED(表示基準日がページ間で不一致: トップ2026-08-16/使い方2026-05-17),TOP10,MISSING_ROI,NOT_AVAILABLE,原表と方式を入手するまで使用しない。原行は保持
rec_7418a7e8acf6ddce3354c04d51fca83f3c5a8dbd96708daa499cc8af3e2cf5da,PRIMARY_TRAINER,TrainerCond_連結済み_20260701.csv,335,TRAINER,杉山 晴紀,,NAME_KEY_ONLY_UNVERIFIED_OFFICIAL_ID,2歳,NAMED_CONDITION,PARSED,,,,,,,,,,,,UNKNOWN,,,N,N,NOT_APPLICABLE,,,,,,NOT_APPLICABLE_NO_ROI,,,,,,,UNKNOWN,,BOOK_OR_UNSPECIFIED_ROI_SOURCE,roi_presence_raw と完全に1対1でROI記入の有無の言い換え。行の出所ではない,5,,,UNVERIFIED(表示基準日がページ間で不一致: トップ2026-08-16/使い方2026-05-17),TOP10,MISSING_ROI,NOT_AVAILABLE,原表と方式を入手するまで使用しない。原行は保持
rec_9752c759a03e1fa57cd4e6fb07189cdd9a4aa5fad9be1dbe2481996c7849099b,PRIMARY_TRAINER,TrainerCond_連結済み_20260701.csv,336,TRAINER,蛯名 利弘,,NAME_KEY_ONLY_UNVERIFIED_OFFICIAL_ID,2歳,NAMED_CONDITION,PARSED,,,,,,,,,,,,UNKNOWN,,,N,N,NOT_APPLICABLE,,,,,,NOT_APPLICABLE_NO_ROI,,,,,,,UNKNOWN,,BOOK_OR_UNSPECIFIED_ROI_SOURCE,roi_presence_raw と完全に1対1でROI記入の有無の言い換え。行の出所ではない,4,,,UNVERIFIED(表示基準日がページ間で不一致: トップ2026-08-16/使い方2026-05-17),ワースト3,MISSING_ROI,NOT_AVAILABLE,原表と方式を入手するまで使用しない。原行は保持
rec_82d4c81fd46eba1251cf37c2af521070401778f44f1edd0c91ca01f789904b57,PRIMARY_TRAINER,TrainerCond_連結済み_20260701.csv,337,TRAINER,村田 一誠,,NAME_KEY_ONLY_UNVERIFIED_OFFICIAL_ID,2歳,NAMED_CONDITION,PARSED,,,,,,,,,,,,UNKNOWN,,,N,N,NOT_APPLICABLE,,,,,,NOT_APPLICABLE_NO_ROI,,,,,,,UNKNOWN,,BOOK_OR_UNSPECIFIED_ROI_SOURCE,roi_presence_raw と完全に1対1でROI記入の有無の言い換え。行の出所ではない,3,,,UNVERIFIED(表示基準日がページ間で不一致: トップ2026-08-16/使い方2026-05-17),ワースト3,MISSING_ROI,NOT_AVAILABLE,原表と方式を入手するまで使用しない。原行は保持
rec_0cc817fa14d2f6623b5f547e7e92741e8076f0421f7783e8af4e6c832d52d782,PRIMARY_TRAINER,TrainerCond_連結済み_20260701.csv,338,TRAINER,佐藤 吉勝,,NAME_KEY_ONLY_UNVERIFIED_OFFICIAL_ID,2歳,NAMED_CONDITION,PARSED,,,,,,,,,,,,UNKNOWN,,,N,N,NOT_APPLICABLE,,,,,,NOT_APPLICABLE_NO_ROI,,,,,,,UNKNOWN,,BOOK_OR_UNSPECIFIED_ROI_SOURCE,roi_presence_raw と完全に1対1でROI記入の有無の言い換え。行の出所ではない,5,,,UNVERIFIED(表示基準日がページ間で不一致: トップ2026-08-16/使い方2026-05-17),ワースト3,MISSING_ROI,NOT_AVAILABLE,原表と方式を入手するまで使用しない。原行は保持
rec_2cecb10893ad4adf9b093515fcdf6b6c6e5b3532e155f83f6e9e52b83e5e2ecf,PRIMARY_TRAINER,TrainerCond_連結済み_20260701.csv,339,TRAINER,河嶋 宏樹,,NAME_KEY_ONLY_UNVERIFIED_OFFICIAL_ID,3歳,NAMED_CONDITION,PARSED,,,,,,,,,,,,UNKNOWN,,,N,N,NOT_APPLICABLE,,,,,,NOT_APPLICABLE_NO_ROI,,,,,,,UNKNOWN,,BOOK_OR_UNSPECIFIED_ROI_SOURCE,roi_presence_raw と完全に1対1でROI記入の有無の言い換え。行の出所ではない,8,,,UNVERIFIED(表示基準日がページ間で不一致: トップ2026-08-16/使い方2026-05-17),TOP10,MISSING_ROI,NOT_AVAILABLE,原表と方式を入手するまで使用しない。原行は保持
rec_2291ee7737e07c25baf16cbe670d8d5b60bc863681d71fded67d85970fa74105,PRIMARY_TRAINER,TrainerCond_連結済み_20260701.csv,340,TRAINER,千田 輝彦,,NAME_KEY_ONLY_UNVERIFIED_OFFICIAL_ID,3歳,NAMED_CONDITION,PARSED,,,,,,,,,,,,UNKNOWN,,,N,N,NOT_APPLICABLE,,,,,,NOT_APPLICABLE_NO_ROI,,,,,,,UNKNOWN,,BOOK_OR_UNSPECIFIED_ROI_SOURCE,roi_presence_raw と完全に1対1でROI記入の有無の言い換え。行の出所ではない,12,,,UNVERIFIED(表示基準日がページ間で不一致: トップ2026-08-16/使い方2026-05-17),TOP10,MISSING_ROI,NOT_AVAILABLE,原表と方式を入手するまで使用しない。原行は保持
rec_ccfcc4dd9319d7fb9c680683baf7ac5a52c1a7444fd0f16709c64202c37dd036,PRIMARY_TRAINER,TrainerCond_連結済み_20260701.csv,341,TRAINER,大橋 勇樹,,NAME_KEY_ONLY_UNVERIFIED_OFFICIAL_ID,3歳,NAMED_CONDITION,PARSED,,,,,,,,,,,,UNKNOWN,,,N,N,NOT_APPLICABLE,,,,,,NOT_APPLICABLE_NO_ROI,,,,,,,UNKNOWN,,BOOK_OR_UNSPECIFIED_ROI_SOURCE,roi_presence_raw と完全に1対1でROI記入の有無の言い換え。行の出所ではない,7,,,UNVERIFIED(表示基準日がページ間で不一致: トップ2026-08-16/使い方2026-05-17),TOP10,MISSING_ROI,NOT_AVAILABLE,原表と方式を入手するまで使用しない。原行は保持
rec_182c120a8b70318974af0f740d4750588fa3859dc1cbb712f4f6aad68701829b,PRIMARY_TRAINER,TrainerCond_連結済み_20260701.csv,342,TRAINER,千葉 直人,,NAME_KEY_ONLY_UNVERIFIED_OFFICIAL_ID,3歳,NAMED_CONDITION,PARSED,,,,,,,,,,,,UNKNOWN,,,N,N,NOT_APPLICABLE,,,,,,NOT_APPLICABLE_NO_ROI,,,,,,,UNKNOWN,,BOOK_OR_UNSPECIFIED_ROI_SOURCE,roi_presence_raw と完全に1対1でROI記入の有無の言い換え。行の出所ではない,10,,,UNVERIFIED(表示基準日がページ間で不一致: トップ2026-08-16/使い方2026-05-17),TOP10,MISSING_ROI,NOT_AVAILABLE,原表と方式を入手するまで使用しない。原行は保持
rec_8bfeac782b2dbc03c74aa1951ed66bca9c36fea97db3ba39208fa1d99d73daa7,PRIMARY_TRAINER,TrainerCond_連結済み_20260701.csv,343,TRAINER,小林 真也,,NAME_KEY_ONLY_UNVERIFIED_OFFICIAL_ID,3歳,NAMED_CONDITION,PARSED,,,,,,,,,,,,UNKNOWN,,,N,N,NOT_APPLICABLE,,,,,,NOT_APPLICABLE_NO_ROI,,,,,,,UNKNOWN,,BOOK_OR_UNSPECIFIED_ROI_SOURCE,roi_presence_raw と完全に1対1でROI記入の有無の言い換え。行の出所ではない,6,,,UNVERIFIED(表示基準日がページ間で不一致: トップ2026-08-16/使い方2026-05-17),TOP10,MISSING_ROI,NOT_AVAILABLE,原表と方式を入手するまで使用しない。原行は保持
rec_8574dc7a8565fc56dcbbbda149ecd78743692d8facd65c57d4356ef4709da103,PRIMARY_TRAINER,TrainerCond_連結済み_20260701.csv,344,TRAINER,福永 祐一,,NAME_KEY_ONLY_UNVERIFIED_OFFICIAL_ID,3歳,NAMED_CONDITION,PARSED,,,,,,,,,,,,UNKNOWN,,,N,N,NOT_APPLICABLE,,,,,,NOT_APPLICABLE_NO_ROI,,,,,,,UNKNOWN,,BOOK_OR_UNSPECIFIED_ROI_SOURCE,roi_presence_raw と完全に1対1でROI記入の有無の言い換え。行の出所ではない,2,,,UNVERIFIED(表示基準日がページ間で不一致: トップ2026-08-16/使い方2026-05-17),TOP10,MISSING_ROI,NOT_AVAILABLE,原表と方式を入手するまで使用しない。原行は保持
rec_208e86946d5aa0508d069e63389baa0590dbeac9ecaf08f218e0e81f0c20d394,PRIMARY_TRAINER,TrainerCond_連結済み_20260701.csv,345,TRAINER,辻野 泰之,,NAME_KEY_ONLY_UNVERIFIED_OFFICIAL_ID,3歳,NAMED_CONDITION,PARSED,,,,,,,,,,,,UNKNOWN,,,N,N,NOT_APPLICABLE,,,,,,NOT_APPLICABLE_NO_ROI,,,,,,,UNKNOWN,,BOOK_OR_UNSPECIFIED_ROI_SOURCE,roi_presence_raw と完全に1対1でROI記入の有無の言い換え。行の出所ではない,4,,,UNVERIFIED(表示基準日がページ間で不一致: トップ2026-08-16/使い方2026-05-17),TOP10,MISSING_ROI,NOT_AVAILABLE,原表と方式を入手するまで使用しない。原行は保持
rec_06b7c011bb9004902fc851aa8daee387d1b69f8a460bf66d38440dd17232dfb1,PRIMARY_TRAINER,TrainerCond_連結済み_20260701.csv,346,TRAINER,佐々木 晶三,,NAME_KEY_ONLY_UNVERIFIED_OFFICIAL_ID,3歳,NAMED_CONDITION,PARSED,,,,,,,,,,,,UNKNOWN,,,N,N,NOT_APPLICABLE,,,,,,NOT_APPLICABLE_NO_ROI,,,,,,,UNKNOWN,,BOOK_OR_UNSPECIFIED_ROI_SOURCE,roi_presence_raw と完全に1対1でROI記入の有無の言い換え。行の出所ではない,5,,,UNVERIFIED(表示基準日がページ間で不一致: トップ2026-08-16/使い方2026-05-17),TOP10,MISSING_ROI,NOT_AVAILABLE,原表と方式を入手するまで使用しない。原行は保持
rec_b6664baf40d9758ce8054d60c35998194591753f01238bd09bab6743c69d6263,PRIMARY_TRAINER,TrainerCond_連結済み_20260701.csv,347,TRAINER,大根田 裕之,,NAME_KEY_ONLY_UNVERIFIED_OFFICIAL_ID,3歳,NAMED_CONDITION,PARSED,,,,,,,,,,,,UNKNOWN,,,N,N,NOT_APPLICABLE,,,,,,NOT_APPLICABLE_NO_ROI,,,,,,,UNKNOWN,,BOOK_OR_UNSPECIFIED_ROI_SOURCE,roi_presence_raw と完全に1対1でROI記入の有無の言い換え。行の出所ではない,5,,,UNVERIFIED(表示基準日がページ間で不一致: トップ2026-08-16/使い方2026-05-17),TOP10,MISSING_ROI,NOT_AVAILABLE,原表と方式を入手するまで使用しない。原行は保持
rec_5652502d2b005a4fa5035c1908e3e658c8fbe207313dcc9a7051bcacb54b0b71,PRIMARY_TRAINER,TrainerCond_連結済み_20260701.csv,348,TRAINER,鈴木 慎太郎,,NAME_KEY_ONLY_UNVERIFIED_OFFICIAL_ID,3歳,NAMED_CONDITION,PARSED,,,,,,,,,,,,UNKNOWN,,,N,N,NOT_APPLICABLE,,,,,,NOT_APPLICABLE_NO_ROI,,,,,,,UNKNOWN,,BOOK_OR_UNSPECIFIED_ROI_SOURCE,roi_presence_raw と完全に1対1でROI記入の有無の言い換え。行の出所ではない,8,,,UNVERIFIED(表示基準日がページ間で不一致: トップ2026-08-16/使い方2026-05-17),TOP10,MISSING_ROI,NOT_AVAILABLE,原表と方式を入手するまで使用しない。原行は保持
rec_e99d5cafbfb53e21f00e69918e65e77ddc279f668219d21869715bb498da360f,PRIMARY_TRAINER,TrainerCond_連結済み_20260701.csv,349,TRAINER,伊藤 伸一,,NAME_KEY_ONLY_UNVERIFIED_OFFICIAL_ID,3歳,NAMED_CONDITION,PARSED,,,,,,,,,,,,UNKNOWN,,,N,N,NOT_APPLICABLE,,,,,,NOT_APPLICABLE_NO_ROI,,,,,,,UNKNOWN,,BOOK_OR_UNSPECIFIED_ROI_SOURCE,roi_presence_raw と完全に1対1でROI記入の有無の言い換え。行の出所ではない,6,,,UNVERIFIED(表示基準日がページ間で不一致: トップ2026-08-16/使い方2026-05-17),ワースト3,MISSING_ROI,NOT_AVAILABLE,原表と方式を入手するまで使用しない。原行は保持
rec_a8aa48faf70a68c8c4ddb2c84d65c242768ecd6b44f0c403caf58a4177faf7e5,PRIMARY_TRAINER,TrainerCond_連結済み_20260701.csv,350,TRAINER,土田 稔,,NAME_KEY_ONLY_UNVERIFIED_OFFICIAL_ID,3歳,NAMED_CONDITION,PARSED,,,,,,,,,,,,UNKNOWN,,,N,N,NOT_APPLICABLE,,,,,,NOT_APPLICABLE_NO_ROI,,,,,,,UNKNOWN,,BOOK_OR_UNSPECIFIED_ROI_SOURCE,roi_presence_raw と完全に1対1でROI記入の有無の言い換え。行の出所ではない,6,,,UNVERIFIED(表示基準日がページ間で不一致: トップ2026-08-16/使い方2026-05-17),ワースト3,MISSING_ROI,NOT_AVAILABLE,原表と方式を入手するまで使用しない。原行は保持
rec_6a2b2475cbc1d07dad40e60184d15ae2034f8d0e621c9e7cdd5afe58de767a32,PRIMARY_TRAINER,TrainerCond_連結済み_20260701.csv,351,TRAINER,中舘 英二,,NAME_KEY_ONLY_UNVERIFIED_OFFICIAL_ID,3歳,NAMED_CONDITION,PARSED,,,,,,,,,,,,UNKNOWN,,,N,N,NOT_APPLICABLE,,,,,,NOT_APPLICABLE_NO_ROI,,,,,,,UNKNOWN,,BOOK_OR_UNSPECIFIED_ROI_SOURCE,roi_presence_raw と完全に1対1でROI記入の有無の言い換え。行の出所ではない,1,,,UNVERIFIED(表示基準日がページ間で不一致: トップ2026-08-16/使い方2026-05-17),ワースト3,MISSING_ROI,NOT_AVAILABLE,原表と方式を入手するまで使用しない。原行は保持
rec_daff4db9c7da9282e0ca136c5770718e9636455d12e199da6444debea2123323,PRIMARY_TRAINER,TrainerCond_連結済み_20260701.csv,352,TRAINER,前川 恭子,,NAME_KEY_ONLY_UNVERIFIED_OFFICIAL_ID,4歳,NAMED_CONDITION,PARSED,,,,,,,,,,,,UNKNOWN,,,N,N,NOT_APPLICABLE,,,,,,NOT_APPLICABLE_NO_ROI,,,,,,,UNKNOWN,,BOOK_OR_UNSPECIFIED_ROI_SOURCE,roi_presence_raw と完全に1対1でROI記入の有無の言い換え。行の出所ではない,9,,,UNVERIFIED(表示基準日がページ間で不一致: トップ2026-08-16/使い方2026-05-17),TOP10,MISSING_ROI,NOT_AVAILABLE,原表と方式を入手するまで使用しない。原行は保持
rec_0ae06a422b14f03ddaa334242305e816a3fe9e5ad9367e1d934a3240bf43dfb6,PRIMARY_TRAINER,TrainerCond_連結済み_20260701.csv,353,TRAINER,浜田 多実雄,,NAME_KEY_ONLY_UNVERIFIED_OFFICIAL_ID,4歳,NAMED_CONDITION,PARSED,,,,,,,,,,,,UNKNOWN,,,N,N,NOT_APPLICABLE,,,,,,NOT_APPLICABLE_NO_ROI,,,,,,,UNKNOWN,,BOOK_OR_UNSPECIFIED_ROI_SOURCE,roi_presence_raw と完全に1対1でROI記入の有無の言い換え。行の出所ではない,3,,,UNVERIFIED(表示基準日がページ間で不一致: トップ2026-08-16/使い方2026-05-17),TOP10,MISSING_ROI,NOT_AVAILABLE,原表と方式を入手するまで使用しない。原行は保持
rec_a281934f598fdca91922f45407c216e292f758b7a07acef014273c84226f3e46,PRIMARY_TRAINER,TrainerCond_連結済み_20260701.csv,354,TRAINER,田中 勝春,,NAME_KEY_ONLY_UNVERIFIED_OFFICIAL_ID,4歳,NAMED_CONDITION,PARSED,,,,,,,,,,,,UNKNOWN,,,N,N,NOT_APPLICABLE,,,,,,NOT_APPLICABLE_NO_ROI,,,,,,,UNKNOWN,,BOOK_OR_UNSPECIFIED_ROI_SOURCE,roi_presence_raw と完全に1対1でROI記入の有無の言い換え。行の出所ではない,5,,,UNVERIFIED(表示基準日がページ間で不一致: トップ2026-08-16/使い方2026-05-17),TOP10,MISSING_ROI,NOT_AVAILABLE,原表と方式を入手するまで使用しない。原行は保持
rec_2e3271c8ca160b3d446ace86692e52aa2cbeeabec4e0f73da6a15cd7c42db022,PRIMARY_TRAINER,TrainerCond_連結済み_20260701.csv,355,TRAINER,武 英智,,NAME_KEY_ONLY_UNVERIFIED_OFFICIAL_ID,4歳,NAMED_CONDITION,PARSED,,,,,,,,,,,,UNKNOWN,,,N,N,NOT_APPLICABLE,,,,,,NOT_APPLICABLE_NO_ROI,,,,,,,UNKNOWN,,BOOK_OR_UNSPECIFIED_ROI_SOURCE,roi_presence_raw と完全に1対1でROI記入の有無の言い換え。行の出所ではない,6,,,UNVERIFIED(表示基準日がページ間で不一致: トップ2026-08-16/使い方2026-05-17),TOP10,MISSING_ROI,NOT_AVAILABLE,原表と方式を入手するまで使用しない。原行は保持
rec_d68a0f53166c077f0d1d705caa4d8fe616f1cb911a306764a57bb2cc1d3e12bb,PRIMARY_TRAINER,TrainerCond_連結済み_20260701.csv,356,TRAINER,田島 俊明,,NAME_KEY_ONLY_UNVERIFIED_OFFICIAL_ID,4歳,NAMED_CONDITION,PARSED,,,,,,,,,,,,UNKNOWN,,,N,N,NOT_APPLICABLE,,,,,,NOT_APPLICABLE_NO_ROI,,,,,,,UNKNOWN,,BOOK_OR_UNSPECIFIED_ROI_SOURCE,roi_presence_raw と完全に1対1でROI記入の有無の言い換え。行の出所ではない,2,,,UNVERIFIED(表示基準日がページ間で不一致: トップ2026-08-16/使い方2026-05-17),TOP10,MISSING_ROI,NOT_AVAILABLE,原表と方式を入手するまで使用しない。原行は保持
rec_5a770a4968f405168f0ccd5ce616c13cf35943d89cb3810591405d1dbe840299,PRIMARY_TRAINER,TrainerCond_連結済み_20260701.csv,357,TRAINER,石橋 守,,NAME_KEY_ONLY_UNVERIFIED_OFFICIAL_ID,4歳,NAMED_CONDITION,PARSED,,,,,,,,,,,,UNKNOWN,,,N,N,NOT_APPLICABLE,,,,,,NOT_APPLICABLE_NO_ROI,,,,,,,UNKNOWN,,BOOK_OR_UNSPECIFIED_ROI_SOURCE,roi_presence_raw と完全に1対1でROI記入の有無の言い換え。行の出所ではない,2,,,UNVERIFIED(表示基準日がページ間で不一致: トップ2026-08-16/使い方2026-05-17),TOP10,MISSING_ROI,NOT_AVAILABLE,原表と方式を入手するまで使用しない。原行は保持
rec_0456d80f4dcc082b4537f54a2ab0b68384a0a0c48568f6620271ba606f5aab4e,PRIMARY_TRAINER,TrainerCond_連結済み_20260701.csv,358,TRAINER,秋山 真一郎,,NAME_KEY_ONLY_UNVERIFIED_OFFICIAL_ID,4歳,NAMED_CONDITION,PARSED,,,,,,,,,,,,UNKNOWN,,,N,N,NOT_APPLICABLE,,,,,,NOT_APPLICABLE_NO_ROI,,,,,,,UNKNOWN,,BOOK_OR_UNSPECIFIED_ROI_SOURCE,roi_presence_raw と完全に1対1でROI記入の有無の言い換え。行の出所ではない,6,,,UNVERIFIED(表示基準日がページ間で不一致: トップ2026-08-16/使い方2026-05-17),TOP10,MISSING_ROI,NOT_AVAILABLE,原表と方式を入手するまで使用しない。原行は保持
rec_39522176d7a08f38306870392d6d036da2dd74f5c3fbde0316ce68cde369156b,PRIMARY_TRAINER,TrainerCond_連結済み_20260701.csv,359,TRAINER,長谷川 浩大,,NAME_KEY_ONLY_UNVERIFIED_OFFICIAL_ID,4歳,NAMED_CONDITION,PARSED,,,,,,,,,,,,UNKNOWN,,,N,N,NOT_APPLICABLE,,,,,,NOT_APPLICABLE_NO_ROI,,,,,,,UNKNOWN,,BOOK_OR_UNSPECIFIED_ROI_SOURCE,roi_presence_raw と完全に1対1でROI記入の有無の言い換え。行の出所ではない,3,,,UNVERIFIED(表示基準日がページ間で不一致: トップ2026-08-16/使い方2026-05-17),TOP10,MISSING_ROI,NOT_AVAILABLE,原表と方式を入手するまで使用しない。原行は保持
rec_d787c69c38b416d1deb9971aa943926a3d86104a1aa48cdbae111d9a27547212,PRIMARY_TRAINER,TrainerCond_連結済み_20260701.csv,360,TRAINER,新谷 功一,,NAME_KEY_ONLY_UNVERIFIED_OFFICIAL_ID,4歳,NAMED_CONDITION,PARSED,,,,,,,,,,,,UNKNOWN,,,N,N,NOT_APPLICABLE,,,,,,NOT_APPLICABLE_NO_ROI,,,,,,,UNKNOWN,,BOOK_OR_UNSPECIFIED_ROI_SOURCE,roi_presence_raw と完全に1対1でROI記入の有無の言い換え。行の出所ではない,2,,,UNVERIFIED(表示基準日がページ間で不一致: トップ2026-08-16/使い方2026-05-17),TOP10,MISSING_ROI,NOT_AVAILABLE,原表と方式を入手するまで使用しない。原行は保持
rec_0080a25112d01e8883d045d81514621322d2b5512992d0cb49f3b596beb92355,PRIMARY_TRAINER,TrainerCond_連結済み_20260701.csv,361,TRAINER,四位 洋文,,NAME_KEY_ONLY_UNVERIFIED_OFFICIAL_ID,4歳,NAMED_CONDITION,PARSED,,,,,,,,,,,,UNKNOWN,,,N,N,NOT_APPLICABLE,,,,,,NOT_APPLICABLE_NO_ROI,,,,,,,UNKNOWN,,BOOK_OR_UNSPECIFIED_ROI_SOURCE,roi_presence_raw と完全に1対1でROI記入の有無の言い換え。行の出所ではない,4,,,UNVERIFIED(表示基準日がページ間で不一致: トップ2026-08-16/使い方2026-05-17),TOP10,MISSING_ROI,NOT_AVAILABLE,原表と方式を入手するまで使用しない。原行は保持
rec_f122d72fa66fcf68a8087bceca0fd23b88311693bb02b3838fe1500e8ce5ca0d,PRIMARY_TRAINER,TrainerCond_連結済み_20260701.csv,362,TRAINER,本間 忍,,NAME_KEY_ONLY_UNVERIFIED_OFFICIAL_ID,4歳,NAMED_CONDITION,PARSED,,,,,,,,,,,,UNKNOWN,,,N,N,NOT_APPLICABLE,,,,,,NOT_APPLICABLE_NO_ROI,,,,,,,UNKNOWN,,BOOK_OR_UNSPECIFIED_ROI_SOURCE,roi_presence_raw と完全に1対1でROI記入の有無の言い換え。行の出所ではない,2,,,UNVERIFIED(表示基準日がページ間で不一致: トップ2026-08-16/使い方2026-05-17),ワースト3,MISSING_ROI,NOT_AVAILABLE,原表と方式を入手するまで使用しない。原行は保持
rec_645dee001945fe7844422295f22fd15633b6566075b744e7f468e37ac29e6e05,PRIMARY_TRAINER,TrainerCond_連結済み_20260701.csv,363,TRAINER,加藤 和宏,,NAME_KEY_ONLY_UNVERIFIED_OFFICIAL_ID,4歳,NAMED_CONDITION,PARSED,,,,,,,,,,,,UNKNOWN,,,N,N,NOT_APPLICABLE,,,,,,NOT_APPLICABLE_NO_ROI,,,,,,,UNKNOWN,,BOOK_OR_UNSPECIFIED_ROI_SOURCE,roi_presence_raw と完全に1対1でROI記入の有無の言い換え。行の出所ではない,7,,,UNVERIFIED(表示基準日がページ間で不一致: トップ2026-08-16/使い方2026-05-17),ワースト3,MISSING_ROI,NOT_AVAILABLE,原表と方式を入手するまで使用しない。原行は保持
rec_9248eaad8ece14cac13b78619d7100c2a41f1f67210c7c5624f9947ef881e0d6,PRIMARY_TRAINER,TrainerCond_連結済み_20260701.csv,364,TRAINER,武井 亮,,NAME_KEY_ONLY_UNVERIFIED_OFFICIAL_ID,4歳,NAMED_CONDITION,PARSED,,,,,,,,,,,,UNKNOWN,,,N,N,NOT_APPLICABLE,,,,,,NOT_APPLICABLE_NO_ROI,,,,,,,UNKNOWN,,BOOK_OR_UNSPECIFIED_ROI_SOURCE,roi_presence_raw と完全に1対1でROI記入の有無の言い換え。行の出所ではない,1,,,UNVERIFIED(表示基準日がページ間で不一致: トップ2026-08-16/使い方2026-05-17),ワースト3,MISSING_ROI,NOT_AVAILABLE,原表と方式を入手するまで使用しない。原行は保持
rec_4513ef3b237cb17d623951b60896f2d3b556f9efe0d807fc79fb15feeb4ea872,PRIMARY_TRAINER,TrainerCond_連結済み_20260701.csv,365,TRAINER,佐藤 吉勝,,NAME_KEY_ONLY_UNVERIFIED_OFFICIAL_ID,5歳以上,NAMED_CONDITION,PARSED,,,,,,,,,,,,UNKNOWN,,,N,N,NOT_APPLICABLE,,,,,,NOT_APPLICABLE_NO_ROI,,,,,,,UNKNOWN,,BOOK_OR_UNSPECIFIED_ROI_SOURCE,roi_presence_raw と完全に1対1でROI記入の有無の言い換え。行の出所ではない,5,,,UNVERIFIED(表示基準日がページ間で不一致: トップ2026-08-16/使い方2026-05-17),TOP10,MISSING_ROI,NOT_AVAILABLE,原表と方式を入手するまで使用しない。原行は保持
rec_311b0dd846df0ffc161d883d39088c52c1c0902db8a9d542c1138c6f227df195,PRIMARY_TRAINER,TrainerCond_連結済み_20260701.csv,366,TRAINER,南田 美知雄,,NAME_KEY_ONLY_UNVERIFIED_OFFICIAL_ID,5歳以上,NAMED_CONDITION,PARSED,,,,,,,,,,,,UNKNOWN,,,N,N,NOT_APPLICABLE,,,,,,NOT_APPLICABLE_NO_ROI,,,,,,,UNKNOWN,,BOOK_OR_UNSPECIFIED_ROI_SOURCE,roi_presence_raw と完全に1対1でROI記入の有無の言い換え。行の出所ではない,4,,,UNVERIFIED(表示基準日がページ間で不一致: トップ2026-08-16/使い方2026-05-17),TOP10,MISSING_ROI,NOT_AVAILABLE,原表と方式を入手するまで使用しない。原行は保持
rec_afe9d02b769d3ec4304c8e39b98edd09c35a809a3204f6255275cb22bc6acf7c,PRIMARY_TRAINER,TrainerCond_連結済み_20260701.csv,367,TRAINER,清水 久詞,,NAME_KEY_ONLY_UNVERIFIED_OFFICIAL_ID,5歳以上,NAMED_CONDITION,PARSED,,,,,,,,,,,,UNKNOWN,,,N,N,NOT_APPLICABLE,,,,,,NOT_APPLICABLE_NO_ROI,,,,,,,UNKNOWN,,BOOK_OR_UNSPECIFIED_ROI_SOURCE,roi_presence_raw と完全に1対1でROI記入の有無の言い換え。行の出所ではない,3,,,UNVERIFIED(表示基準日がページ間で不一致: トップ2026-08-16/使い方2026-05-17),TOP10,MISSING_ROI,NOT_AVAILABLE,原表と方式を入手するまで使用しない。原行は保持
rec_b1dd1a853d8228bdec7e3447ba2ed79690913ae8205e1d5974279edd1c7c23af,PRIMARY_TRAINER,TrainerCond_連結済み_20260701.csv,368,TRAINER,宮地 貴稔,,NAME_KEY_ONLY_UNVERIFIED_OFFICIAL_ID,5歳以上,NAMED_CONDITION,PARSED,,,,,,,,,,,,UNKNOWN,,,N,N,NOT_APPLICABLE,,,,,,NOT_APPLICABLE_NO_ROI,,,,,,,UNKNOWN,,BOOK_OR_UNSPECIFIED_ROI_SOURCE,roi_presence_raw と完全に1対1でROI記入の有無の言い換え。行の出所ではない,14,,,UNVERIFIED(表示基準日がページ間で不一致: トップ2026-08-16/使い方2026-05-17),TOP10,MISSING_ROI,NOT_AVAILABLE,原表と方式を入手するまで使用しない。原行は保持
rec_144b3a0bb86fb889fc874c39d80d0262cba7ed94a77f9cef008f12e84647ccff,PRIMARY_TRAINER,TrainerCond_連結済み_20260701.csv,369,TRAINER,井上 智史,,NAME_KEY_ONLY_UNVERIFIED_OFFICIAL_ID,5歳以上,NAMED_CONDITION,PARSED,,,,,,,,,,,,UNKNOWN,,,N,N,NOT_APPLICABLE,,,,,,NOT_APPLICABLE_NO_ROI,,,,,,,UNKNOWN,,BOOK_OR_UNSPECIFIED_ROI_SOURCE,roi_presence_raw と完全に1対1でROI記入の有無の言い換え。行の出所ではない,10,,,UNVERIFIED(表示基準日がページ間で不一致: トップ2026-08-16/使い方2026-05-17),TOP10,MISSING_ROI,NOT_AVAILABLE,原表と方式を入手するまで使用しない。原行は保持
rec_d7174f1edbe498af838abf73c8ae5ac6ee940140463b6c0ec05e1bea422f3196,PRIMARY_TRAINER,TrainerCond_連結済み_20260701.csv,370,TRAINER,辻 哲英,,NAME_KEY_ONLY_UNVERIFIED_OFFICIAL_ID,5歳以上,NAMED_CONDITION,PARSED,,,,,,,,,,,,UNKNOWN,,,N,N,NOT_APPLICABLE,,,,,,NOT_APPLICABLE_NO_ROI,,,,,,,UNKNOWN,,BOOK_OR_UNSPECIFIED_ROI_SOURCE,roi_presence_raw と完全に1対1でROI記入の有無の言い換え。行の出所ではない,7,,,UNVERIFIED(表示基準日がページ間で不一致: トップ2026-08-16/使い方2026-05-17),TOP10,MISSING_ROI,NOT_AVAILABLE,原表と方式を入手するまで使用しない。原行は保持
rec_8cbab4b2885ccfbc96e437dcd81aa3cf03171db51410c1c6256ecd7045f2b02d,PRIMARY_TRAINER,TrainerCond_連結済み_20260701.csv,371,TRAINER,菊川 正達,,NAME_KEY_ONLY_UNVERIFIED_OFFICIAL_ID,5歳以上,NAMED_CONDITION,PARSED,,,,,,,,,,,,UNKNOWN,,,N,N,NOT_APPLICABLE,,,,,,NOT_APPLICABLE_NO_ROI,,,,,,,UNKNOWN,,BOOK_OR_UNSPECIFIED_ROI_SOURCE,roi_presence_raw と完全に1対1でROI記入の有無の言い換え。行の出所ではない,4,,,UNVERIFIED(表示基準日がページ間で不一致: トップ2026-08-16/使い方2026-05-17),TOP10,MISSING_ROI,NOT_AVAILABLE,原表と方式を入手するまで使用しない。原行は保持
rec_9e68e1827e6058efe31633419048f2f392b764f6173159053ceeb0d313fe0c12,PRIMARY_TRAINER,TrainerCond_連結済み_20260701.csv,372,TRAINER,高木 登,,NAME_KEY_ONLY_UNVERIFIED_OFFICIAL_ID,5歳以上,NAMED_CONDITION,PARSED,,,,,,,,,,,,UNKNOWN,,,N,N,NOT_APPLICABLE,,,,,,NOT_APPLICABLE_NO_ROI,,,,,,,UNKNOWN,,BOOK_OR_UNSPECIFIED_ROI_SOURCE,roi_presence_raw と完全に1対1でROI記入の有無の言い換え。行の出所ではない,5,,,UNVERIFIED(表示基準日がページ間で不一致: トップ2026-08-16/使い方2026-05-17),TOP10,MISSING_ROI,NOT_AVAILABLE,原表と方式を入手するまで使用しない。原行は保持
rec_6d1b5b499620ca0f183795589de2346202bce9fe658721a52cbedea8c0f391d1,PRIMARY_TRAINER,TrainerCond_連結済み_20260701.csv,373,TRAINER,上原 博之,,NAME_KEY_ONLY_UNVERIFIED_OFFICIAL_ID,5歳以上,NAMED_CONDITION,PARSED,,,,,,,,,,,,UNKNOWN,,,N,N,NOT_APPLICABLE,,,,,,NOT_APPLICABLE_NO_ROI,,,,,,,UNKNOWN,,BOOK_OR_UNSPECIFIED_ROI_SOURCE,roi_presence_raw と完全に1対1でROI記入の有無の言い換え。行の出所ではない,1,,,UNVERIFIED(表示基準日がページ間で不一致: トップ2026-08-16/使い方2026-05-17),TOP10,MISSING_ROI,NOT_AVAILABLE,原表と方式を入手するまで使用しない。原行は保持
rec_6e2f20a85818a10b052b88b6352318cb4661be77fecb15b588b1b86e1a51e78a,PRIMARY_TRAINER,TrainerCond_連結済み_20260701.csv,374,TRAINER,角田 晃一,,NAME_KEY_ONLY_UNVERIFIED_OFFICIAL_ID,5歳以上,NAMED_CONDITION,PARSED,,,,,,,,,,,,UNKNOWN,,,N,N,NOT_APPLICABLE,,,,,,NOT_APPLICABLE_NO_ROI,,,,,,,UNKNOWN,,BOOK_OR_UNSPECIFIED_ROI_SOURCE,roi_presence_raw と完全に1対1でROI記入の有無の言い換え。行の出所ではない,6,,,UNVERIFIED(表示基準日がページ間で不一致: トップ2026-08-16/使い方2026-05-17),TOP10,MISSING_ROI,NOT_AVAILABLE,原表と方式を入手するまで使用しない。原行は保持
rec_a740227563f335c489b25209e5be114d7f0da40b8e98c0cfc00abf3c939f2831,PRIMARY_TRAINER,TrainerCond_連結済み_20260701.csv,375,TRAINER,的場 均,,NAME_KEY_ONLY_UNVERIFIED_OFFICIAL_ID,5歳以上,NAMED_CONDITION,PARSED,,,,,,,,,,,,UNKNOWN,,,N,N,NOT_APPLICABLE,,,,,,NOT_APPLICABLE_NO_ROI,,,,,,,UNKNOWN,,BOOK_OR_UNSPECIFIED_ROI_SOURCE,roi_presence_raw と完全に1対1でROI記入の有無の言い換え。行の出所ではない,13,,,UNVERIFIED(表示基準日がページ間で不一致: トップ2026-08-16/使い方2026-05-17),ワースト3,MISSING_ROI,NOT_AVAILABLE,原表と方式を入手するまで使用しない。原行は保持
rec_417b61e665726674a4de93897f6e69826f36679df23427ca7e752463a85b0a2a,PRIMARY_TRAINER,TrainerCond_連結済み_20260701.csv,376,TRAINER,秋山 真一郎,,NAME_KEY_ONLY_UNVERIFIED_OFFICIAL_ID,5歳以上,NAMED_CONDITION,PARSED,,,,,,,,,,,,UNKNOWN,,,N,N,NOT_APPLICABLE,,,,,,NOT_APPLICABLE_NO_ROI,,,,,,,UNKNOWN,,BOOK_OR_UNSPECIFIED_ROI_SOURCE,roi_presence_raw と完全に1対1でROI記入の有無の言い換え。行の出所ではない,6,,,UNVERIFIED(表示基準日がページ間で不一致: トップ2026-08-16/使い方2026-05-17),ワースト3,MISSING_ROI,NOT_AVAILABLE,原表と方式を入手するまで使用しない。原行は保持
rec_875e7155a47fca0f270b6e0a6780961d022372a76d14a23f3b17c4bb6718b0fa,PRIMARY_TRAINER,TrainerCond_連結済み_20260701.csv,377,TRAINER,鈴木 伸尋,,NAME_KEY_ONLY_UNVERIFIED_OFFICIAL_ID,5歳以上,NAMED_CONDITION,PARSED,,,,,,,,,,,,UNKNOWN,,,N,N,NOT_APPLICABLE,,,,,,NOT_APPLICABLE_NO_ROI,,,,,,,UNKNOWN,,BOOK_OR_UNSPECIFIED_ROI_SOURCE,roi_presence_raw と完全に1対1でROI記入の有無の言い換え。行の出所ではない,1,,,UNVERIFIED(表示基準日がページ間で不一致: トップ2026-08-16/使い方2026-05-17),ワースト3,MISSING_ROI,NOT_AVAILABLE,原表と方式を入手するまで使用しない。原行は保持
rec_6008fa0601ee06b43c73222c3103ed99aafcdebad8cdf0eaca15ef3e817e8542,PRIMARY_TRAINER,TrainerCond_連結済み_20260701.csv,378,TRAINER,宮地 貴稔,,NAME_KEY_ONLY_UNVERIFIED_OFFICIAL_ID,休み明け初戦(中9週以上),NAMED_CONDITION,PARTIAL,,,,,,,,,,,,UNKNOWN,,,N,N,NOT_APPLICABLE,,,,,,NOT_APPLICABLE_NO_ROI,,,,,,,UNKNOWN,,BOOK_OR_UNSPECIFIED_ROI_SOURCE,roi_presence_raw と完全に1対1でROI記入の有無の言い換え。行の出所ではない,14,,,UNVERIFIED(表示基準日がページ間で不一致: トップ2026-08-16/使い方2026-05-17),TOP10,MISSING_ROI,NOT_AVAILABLE,原表と方式を入手するまで使用しない。原行は保持
rec_14457630060d2c1f104ede01903057a5ed73ad0187127efb29d2371a3f90abd3,PRIMARY_TRAINER,TrainerCond_連結済み_20260701.csv,379,TRAINER,四位 洋文,,NAME_KEY_ONLY_UNVERIFIED_OFFICIAL_ID,休み明け初戦(中9週以上),NAMED_CONDITION,PARTIAL,,,,,,,,,,,,UNKNOWN,,,N,N,NOT_APPLICABLE,,,,,,NOT_APPLICABLE_NO_ROI,,,,,,,UNKNOWN,,BOOK_OR_UNSPECIFIED_ROI_SOURCE,roi_presence_raw と完全に1対1でROI記入の有無の言い換え。行の出所ではない,4,,,UNVERIFIED(表示基準日がページ間で不一致: トップ2026-08-16/使い方2026-05-17),TOP10,MISSING_ROI,NOT_AVAILABLE,原表と方式を入手するまで使用しない。原行は保持
rec_be5bd6a9a7889556fa02017952edb26e1a6197ed994cd36a2077cc397857f0d0,PRIMARY_TRAINER,TrainerCond_連結済み_20260701.csv,380,TRAINER,森 秀行,,NAME_KEY_ONLY_UNVERIFIED_OFFICIAL_ID,休み明け初戦(中9週以上),NAMED_CONDITION,PARTIAL,,,,,,,,,,,,UNKNOWN,,,N,N,NOT_APPLICABLE,,,,,,NOT_APPLICABLE_NO_ROI,,,,,,,UNKNOWN,,BOOK_OR_UNSPECIFIED_ROI_SOURCE,roi_presence_raw と完全に1対1でROI記入の有無の言い換え。行の出所ではない,4,,,UNVERIFIED(表示基準日がページ間で不一致: トップ2026-08-16/使い方2026-05-17),TOP10,MISSING_ROI,NOT_AVAILABLE,原表と方式を入手するまで使用しない。原行は保持
rec_c7c764d82764b3f36a99af684a1d51e6f23d2b65c55b9185311502f0c0a59b1f,PRIMARY_TRAINER,TrainerCond_連結済み_20260701.csv,381,TRAINER,藤野 健太,,NAME_KEY_ONLY_UNVERIFIED_OFFICIAL_ID,休み明け初戦(中9週以上),NAMED_CONDITION,PARTIAL,,,,,,,,,,,,UNKNOWN,,,N,N,NOT_APPLICABLE,,,,,,NOT_APPLICABLE_NO_ROI,,,,,,,UNKNOWN,,BOOK_OR_UNSPECIFIED_ROI_SOURCE,roi_presence_raw と完全に1対1でROI記入の有無の言い換え。行の出所ではない,7,,,UNVERIFIED(表示基準日がページ間で不一致: トップ2026-08-16/使い方2026-05-17),TOP10,MISSING_ROI,NOT_AVAILABLE,原表と方式を入手するまで使用しない。原行は保持
rec_80d8cefe5b931c987901c8dfdd366454c53c685734b526e86c4d8be9a12b7e84,PRIMARY_TRAINER,TrainerCond_連結済み_20260701.csv,382,TRAINER,上原 佑紀,,NAME_KEY_ONLY_UNVERIFIED_OFFICIAL_ID,休み明け初戦(中9週以上),NAMED_CONDITION,PARTIAL,,,,,,,,,,,,UNKNOWN,,,N,N,NOT_APPLICABLE,,,,,,NOT_APPLICABLE_NO_ROI,,,,,,,UNKNOWN,,BOOK_OR_UNSPECIFIED_ROI_SOURCE,roi_presence_raw と完全に1対1でROI記入の有無の言い換え。行の出所ではない,3,,,UNVERIFIED(表示基準日がページ間で不一致: トップ2026-08-16/使い方2026-05-17),TOP10,MISSING_ROI,NOT_AVAILABLE,原表と方式を入手するまで使用しない。原行は保持
rec_6d80505fc19a7af84485f09d1bf6884a5319814441a6f2c9d918a981e234c569,PRIMARY_TRAINER,TrainerCond_連結済み_20260701.csv,383,TRAINER,小林 真也,,NAME_KEY_ONLY_UNVERIFIED_OFFICIAL_ID,休み明け初戦(中9週以上),NAMED_CONDITION,PARTIAL,,,,,,,,,,,,UNKNOWN,,,N,N,NOT_APPLICABLE,,,,,,NOT_APPLICABLE_NO_ROI,,,,,,,UNKNOWN,,BOOK_OR_UNSPECIFIED_ROI_SOURCE,roi_presence_raw と完全に1対1でROI記入の有無の言い換え。行の出所ではない,6,,,UNVERIFIED(表示基準日がページ間で不一致: トップ2026-08-16/使い方2026-05-17),TOP10,MISSING_ROI,NOT_AVAILABLE,原表と方式を入手するまで使用しない。原行は保持
rec_9b11c351ab1fa0d7097230d86b192adc0b35b7752e0363dc545d0cc6775c6056,PRIMARY_TRAINER,TrainerCond_連結済み_20260701.csv,384,TRAINER,角田 晃一,,NAME_KEY_ONLY_UNVERIFIED_OFFICIAL_ID,休み明け初戦(中9週以上),NAMED_CONDITION,PARTIAL,,,,,,,,,,,,UNKNOWN,,,N,N,NOT_APPLICABLE,,,,,,NOT_APPLICABLE_NO_ROI,,,,,,,UNKNOWN,,BOOK_OR_UNSPECIFIED_ROI_SOURCE,roi_presence_raw と完全に1対1でROI記入の有無の言い換え。行の出所ではない,6,,,UNVERIFIED(表示基準日がページ間で不一致: トップ2026-08-16/使い方2026-05-17),TOP10,MISSING_ROI,NOT_AVAILABLE,原表と方式を入手するまで使用しない。原行は保持
rec_5b6791498bd2ee6ecee92cc418e341897fbd0dc2b4afac59ca00d001600cc5fa,PRIMARY_TRAINER,TrainerCond_連結済み_20260701.csv,385,TRAINER,松山 将樹,,NAME_KEY_ONLY_UNVERIFIED_OFFICIAL_ID,休み明け初戦(中9週以上),NAMED_CONDITION,PARTIAL,,,,,,,,,,,,UNKNOWN,,,N,N,NOT_APPLICABLE,,,,,,NOT_APPLICABLE_NO_ROI,,,,,,,UNKNOWN,,BOOK_OR_UNSPECIFIED_ROI_SOURCE,roi_presence_raw と完全に1対1でROI記入の有無の言い換え。行の出所ではない,4,,,UNVERIFIED(表示基準日がページ間で不一致: トップ2026-08-16/使い方2026-05-17),TOP10,MISSING_ROI,NOT_AVAILABLE,原表と方式を入手するまで使用しない。原行は保持
rec_7e0aef015c410c0566ac5604ec46f0fdebba03d2f4b1ff3827193e4202ef8dd1,PRIMARY_TRAINER,TrainerCond_連結済み_20260701.csv,386,TRAINER,前川 恭子,,NAME_KEY_ONLY_UNVERIFIED_OFFICIAL_ID,休み明け初戦(中9週以上),NAMED_CONDITION,PARTIAL,,,,,,,,,,,,UNKNOWN,,,N,N,NOT_APPLICABLE,,,,,,NOT_APPLICABLE_NO_ROI,,,,,,,UNKNOWN,,BOOK_OR_UNSPECIFIED_ROI_SOURCE,roi_presence_raw と完全に1対1でROI記入の有無の言い換え。行の出所ではない,9,,,UNVERIFIED(表示基準日がページ間で不一致: トップ2026-08-16/使い方2026-05-17),TOP10,MISSING_ROI,NOT_AVAILABLE,原表と方式を入手するまで使用しない。原行は保持
rec_2b6d6ad12efa3ed4fabb37fed94e1b7b9b7b9680a2f0fdad5700db3f7e736600,PRIMARY_TRAINER,TrainerCond_連結済み_20260701.csv,387,TRAINER,深山 雅史,,NAME_KEY_ONLY_UNVERIFIED_OFFICIAL_ID,休み明け初戦(中9週以上),NAMED_CONDITION,PARTIAL,,,,,,,,,,,,UNKNOWN,,,N,N,NOT_APPLICABLE,,,,,,NOT_APPLICABLE_NO_ROI,,,,,,,UNKNOWN,,BOOK_OR_UNSPECIFIED_ROI_SOURCE,roi_presence_raw と完全に1対1でROI記入の有無の言い換え。行の出所ではない,2,,,UNVERIFIED(表示基準日がページ間で不一致: トップ2026-08-16/使い方2026-05-17),TOP10,MISSING_ROI,NOT_AVAILABLE,原表と方式を入手するまで使用しない。原行は保持
rec_bdb081bedffb0f3be7892f8fbc7d880105e17662967e122257f1020b1acad7e6,PRIMARY_TRAINER,TrainerCond_連結済み_20260701.csv,388,TRAINER,武市 康男,,NAME_KEY_ONLY_UNVERIFIED_OFFICIAL_ID,休み明け初戦(中9週以上),NAMED_CONDITION,PARTIAL,,,,,,,,,,,,UNKNOWN,,,N,N,NOT_APPLICABLE,,,,,,NOT_APPLICABLE_NO_ROI,,,,,,,UNKNOWN,,BOOK_OR_UNSPECIFIED_ROI_SOURCE,roi_presence_raw と完全に1対1でROI記入の有無の言い換え。行の出所ではない,2,,,UNVERIFIED(表示基準日がページ間で不一致: トップ2026-08-16/使い方2026-05-17),ワースト3,MISSING_ROI,NOT_AVAILABLE,原表と方式を入手するまで使用しない。原行は保持
rec_5fa2035e9ef93663f40bf0bd0d02373099fff01cdff9e325a17046828f244ea4,PRIMARY_TRAINER,TrainerCond_連結済み_20260701.csv,389,TRAINER,的場 均,,NAME_KEY_ONLY_UNVERIFIED_OFFICIAL_ID,休み明け初戦(中9週以上),NAMED_CONDITION,PARTIAL,,,,,,,,,,,,UNKNOWN,,,N,N,NOT_APPLICABLE,,,,,,NOT_APPLICABLE_NO_ROI,,,,,,,UNKNOWN,,BOOK_OR_UNSPECIFIED_ROI_SOURCE,roi_presence_raw と完全に1対1でROI記入の有無の言い換え。行の出所ではない,13,,,UNVERIFIED(表示基準日がページ間で不一致: トップ2026-08-16/使い方2026-05-17),ワースト3,MISSING_ROI,NOT_AVAILABLE,原表と方式を入手するまで使用しない。原行は保持
rec_08b78f775f143a296102392578ac77be0d69ba6a955866d714d417869a418edf,PRIMARY_TRAINER,TrainerCond_連結済み_20260701.csv,390,TRAINER,加藤 和宏,,NAME_KEY_ONLY_UNVERIFIED_OFFICIAL_ID,休み明け初戦(中9週以上),NAMED_CONDITION,PARTIAL,,,,,,,,,,,,UNKNOWN,,,N,N,NOT_APPLICABLE,,,,,,NOT_APPLICABLE_NO_ROI,,,,,,,UNKNOWN,,BOOK_OR_UNSPECIFIED_ROI_SOURCE,roi_presence_raw と完全に1対1でROI記入の有無の言い換え。行の出所ではない,7,,,UNVERIFIED(表示基準日がページ間で不一致: トップ2026-08-16/使い方2026-05-17),ワースト3,MISSING_ROI,NOT_AVAILABLE,原表と方式を入手するまで使用しない。原行は保持
rec_80934a8558734c6402ff06710bad0e40dd5ba50a93fd35d52cc62415c3ce9b62,PRIMARY_TRAINER,TrainerCond_連結済み_20260701.csv,391,TRAINER,井上 智史,,NAME_KEY_ONLY_UNVERIFIED_OFFICIAL_ID,休み明け2走目,NAMED_CONDITION,PARTIAL,,,,,,,,,,,,UNKNOWN,,,N,N,NOT_APPLICABLE,,,,,,NOT_APPLICABLE_NO_ROI,,,,,,,UNKNOWN,,BOOK_OR_UNSPECIFIED_ROI_SOURCE,roi_presence_raw と完全に1対1でROI記入の有無の言い換え。行の出所ではない,10,,,UNVERIFIED(表示基準日がページ間で不一致: トップ2026-08-16/使い方2026-05-17),TOP10,MISSING_ROI,NOT_AVAILABLE,原表と方式を入手するまで使用しない。原行は保持
rec_f38868e6c6d0f212ec1579e075a817528595e0eb4b64c8f509bd7d0981672b82,PRIMARY_TRAINER,TrainerCond_連結済み_20260701.csv,392,TRAINER,小島 茂之,,NAME_KEY_ONLY_UNVERIFIED_OFFICIAL_ID,休み明け2走目,NAMED_CONDITION,PARTIAL,,,,,,,,,,,,UNKNOWN,,,N,N,NOT_APPLICABLE,,,,,,NOT_APPLICABLE_NO_ROI,,,,,,,UNKNOWN,,BOOK_OR_UNSPECIFIED_ROI_SOURCE,roi_presence_raw と完全に1対1でROI記入の有無の言い換え。行の出所ではない,2,,,UNVERIFIED(表示基準日がページ間で不一致: トップ2026-08-16/使い方2026-05-17),TOP10,MISSING_ROI,NOT_AVAILABLE,原表と方式を入手するまで使用しない。原行は保持
rec_7b37b0ad276483125188a8c49bc683450d1668b4edd85e2661c6796685e1eb57,PRIMARY_TRAINER,TrainerCond_連結済み_20260701.csv,393,TRAINER,角田 晃一,,NAME_KEY_ONLY_UNVERIFIED_OFFICIAL_ID,休み明け2走目,NAMED_CONDITION,PARTIAL,,,,,,,,,,,,UNKNOWN,,,N,N,NOT_APPLICABLE,,,,,,NOT_APPLICABLE_NO_ROI,,,,,,,UNKNOWN,,BOOK_OR_UNSPECIFIED_ROI_SOURCE,roi_presence_raw と完全に1対1でROI記入の有無の言い換え。行の出所ではない,6,,,UNVERIFIED(表示基準日がページ間で不一致: トップ2026-08-16/使い方2026-05-17),TOP10,MISSING_ROI,NOT_AVAILABLE,原表と方式を入手するまで使用しない。原行は保持
rec_1452f4eb59c6218c1bb2547e86e7e21c592c4d3efb53b1645141aca431e26fa9,PRIMARY_TRAINER,TrainerCond_連結済み_20260701.csv,394,TRAINER,高橋 亮,,NAME_KEY_ONLY_UNVERIFIED_OFFICIAL_ID,休み明け2走目,NAMED_CONDITION,PARTIAL,,,,,,,,,,,,UNKNOWN,,,N,N,NOT_APPLICABLE,,,,,,NOT_APPLICABLE_NO_ROI,,,,,,,UNKNOWN,,BOOK_OR_UNSPECIFIED_ROI_SOURCE,roi_presence_raw と完全に1対1でROI記入の有無の言い換え。行の出所ではない,2,,,UNVERIFIED(表示基準日がページ間で不一致: トップ2026-08-16/使い方2026-05-17),TOP10,MISSING_ROI,NOT_AVAILABLE,原表と方式を入手するまで使用しない。原行は保持
rec_f4d30993f7d0c3d051481df6691b429de6a807a19d074c37ebdb0f6402b82ae9,PRIMARY_TRAINER,TrainerCond_連結済み_20260701.csv,395,TRAINER,千田 輝彦,,NAME_KEY_ONLY_UNVERIFIED_OFFICIAL_ID,休み明け2走目,NAMED_CONDITION,PARTIAL,,,,,,,,,,,,UNKNOWN,,,N,N,NOT_APPLICABLE,,,,,,NOT_APPLICABLE_NO_ROI,,,,,,,UNKNOWN,,BOOK_OR_UNSPECIFIED_ROI_SOURCE,roi_presence_raw と完全に1対1でROI記入の有無の言い換え。行の出所ではない,12,,,UNVERIFIED(表示基準日がページ間で不一致: トップ2026-08-16/使い方2026-05-17),TOP10,MISSING_ROI,NOT_AVAILABLE,原表と方式を入手するまで使用しない。原行は保持
rec_05ac8ed015b723574d31a8eca55ae55037eb5855bdcd9e0141d2153fd5644da0,PRIMARY_TRAINER,TrainerCond_連結済み_20260701.csv,396,TRAINER,秋山 真一郎,,NAME_KEY_ONLY_UNVERIFIED_OFFICIAL_ID,休み明け2走目,NAMED_CONDITION,PARTIAL,,,,,,,,,,,,UNKNOWN,,,N,N,NOT_APPLICABLE,,,,,,NOT_APPLICABLE_NO_ROI,,,,,,,UNKNOWN,,BOOK_OR_UNSPECIFIED_ROI_SOURCE,roi_presence_raw と完全に1対1でROI記入の有無の言い換え。行の出所ではない,6,,,UNVERIFIED(表示基準日がページ間で不一致: トップ2026-08-16/使い方2026-05-17),TOP10,MISSING_ROI,NOT_AVAILABLE,原表と方式を入手するまで使用しない。原行は保持
rec_063a80ff4ead769965e36f72b890a152787b2ec4386792687c4b3e8bce365540,PRIMARY_TRAINER,TrainerCond_連結済み_20260701.csv,397,TRAINER,牧田 和弥,,NAME_KEY_ONLY_UNVERIFIED_OFFICIAL_ID,休み明け2走目,NAMED_CONDITION,PARTIAL,,,,,,,,,,,,UNKNOWN,,,N,N,NOT_APPLICABLE,,,,,,NOT_APPLICABLE_NO_ROI,,,,,,,UNKNOWN,,BOOK_OR_UNSPECIFIED_ROI_SOURCE,roi_presence_raw と完全に1対1でROI記入の有無の言い換え。行の出所ではない,4,,,UNVERIFIED(表示基準日がページ間で不一致: トップ2026-08-16/使い方2026-05-17),TOP10,MISSING_ROI,NOT_AVAILABLE,原表と方式を入手するまで使用しない。原行は保持
rec_77b4b1a585c8f2bd60d3cff105e23bbcfb1a773d35e382a9a4e57f8e8ecc2559,PRIMARY_TRAINER,TrainerCond_連結済み_20260701.csv,398,TRAINER,小栗 実,,NAME_KEY_ONLY_UNVERIFIED_OFFICIAL_ID,休み明け2走目,NAMED_CONDITION,PARTIAL,,,,,,,,,,,,UNKNOWN,,,N,N,NOT_APPLICABLE,,,,,,NOT_APPLICABLE_NO_ROI,,,,,,,UNKNOWN,,BOOK_OR_UNSPECIFIED_ROI_SOURCE,roi_presence_raw と完全に1対1でROI記入の有無の言い換え。行の出所ではない,3,,,UNVERIFIED(表示基準日がページ間で不一致: トップ2026-08-16/使い方2026-05-17),TOP10,MISSING_ROI,NOT_AVAILABLE,原表と方式を入手するまで使用しない。原行は保持
rec_5635087e4a7a66f804a0a35c935fd0550ce2717a717b72322c0e268231e3be16,PRIMARY_TRAINER,TrainerCond_連結済み_20260701.csv,399,TRAINER,緒方 努,,NAME_KEY_ONLY_UNVERIFIED_OFFICIAL_ID,休み明け2走目,NAMED_CONDITION,PARTIAL,,,,,,,,,,,,UNKNOWN,,,N,N,NOT_APPLICABLE,,,,,,NOT_APPLICABLE_NO_ROI,,,,,,,UNKNOWN,,BOOK_OR_UNSPECIFIED_ROI_SOURCE,roi_presence_raw と完全に1対1でROI記入の有無の言い換え。行の出所ではない,2,,,UNVERIFIED(表示基準日がページ間で不一致: トップ2026-08-16/使い方2026-05-17),TOP10,MISSING_ROI,NOT_AVAILABLE,原表と方式を入手するまで使用しない。原行は保持
rec_9692adb795164d1f51bab81fe16dce835a6a4ccfded53a9427b89281865b0bfc,PRIMARY_TRAINER,TrainerCond_連結済み_20260701.csv,400,TRAINER,佐々木 晶三,,NAME_KEY_ONLY_UNVERIFIED_OFFICIAL_ID,休み明け2走目,NAMED_CONDITION,PARTIAL,,,,,,,,,,,,UNKNOWN,,,N,N,NOT_APPLICABLE,,,,,,NOT_APPLICABLE_NO_ROI,,,,,,,UNKNOWN,,BOOK_OR_UNSPECIFIED_ROI_SOURCE,roi_presence_raw と完全に1対1でROI記入の有無の言い換え。行の出所ではない,5,,,UNVERIFIED(表示基準日がページ間で不一致: トップ2026-08-16/使い方2026-05-17),TOP10,MISSING_ROI,NOT_AVAILABLE,原表と方式を入手するまで使用しない。原行は保持
rec_e47c5bad44c4d8bab68aeda6947eec9c6ba6bbb8cc059bfb6e457c9c04df30c0,PRIMARY_TRAINER,TrainerCond_連結済み_20260701.csv,401,TRAINER,藤野 健太,,NAME_KEY_ONLY_UNVERIFIED_OFFICIAL_ID,休み明け2走目,NAMED_CONDITION,PARTIAL,,,,,,,,,,,,UNKNOWN,,,N,N,NOT_APPLICABLE,,,,,,NOT_APPLICABLE_NO_ROI,,,,,,,UNKNOWN,,BOOK_OR_UNSPECIFIED_ROI_SOURCE,roi_presence_raw と完全に1対1でROI記入の有無の言い換え。行の出所ではない,7,,,UNVERIFIED(表示基準日がページ間で不一致: トップ2026-08-16/使い方2026-05-17),ワースト3,MISSING_ROI,NOT_AVAILABLE,原表と方式を入手するまで使用しない。原行は保持
rec_046ba9f140f13e020ca05181dba1c1325aa7a85e26b81b38c922a39154243394,PRIMARY_TRAINER,TrainerCond_連結済み_20260701.csv,402,TRAINER,梅田 智之,,NAME_KEY_ONLY_UNVERIFIED_OFFICIAL_ID,休み明け2走目,NAMED_CONDITION,PARTIAL,,,,,,,,,,,,UNKNOWN,,,N,N,NOT_APPLICABLE,,,,,,NOT_APPLICABLE_NO_ROI,,,,,,,UNKNOWN,,BOOK_OR_UNSPECIFIED_ROI_SOURCE,roi_presence_raw と完全に1対1でROI記入の有無の言い換え。行の出所ではない,2,,,UNVERIFIED(表示基準日がページ間で不一致: トップ2026-08-16/使い方2026-05-17),ワースト3,MISSING_ROI,NOT_AVAILABLE,原表と方式を入手するまで使用しない。原行は保持
rec_9304097eae1bf6699c16ddd1ce501cd52a7c3b189ed1147ff304988ec41e076c,PRIMARY_TRAINER,TrainerCond_連結済み_20260701.csv,403,TRAINER,的場 均,,NAME_KEY_ONLY_UNVERIFIED_OFFICIAL_ID,休み明け2走目,NAMED_CONDITION,PARTIAL,,,,,,,,,,,,UNKNOWN,,,N,N,NOT_APPLICABLE,,,,,,NOT_APPLICABLE_NO_ROI,,,,,,,UNKNOWN,,BOOK_OR_UNSPECIFIED_ROI_SOURCE,roi_presence_raw と完全に1対1でROI記入の有無の言い換え。行の出所ではない,13,,,UNVERIFIED(表示基準日がページ間で不一致: トップ2026-08-16/使い方2026-05-17),ワースト3,MISSING_ROI,NOT_AVAILABLE,原表と方式を入手するまで使用しない。原行は保持
rec_77a0e5c4fadd968ea068beb7f5cc23a58213ddec5fcf7e0500699f03186d2317,PRIMARY_TRAINER,TrainerCond_連結済み_20260701.csv,404,TRAINER,前川 恭子,,NAME_KEY_ONLY_UNVERIFIED_OFFICIAL_ID,休み明け3走目,NAMED_CONDITION,PARTIAL,,,,,,,,,,,,UNKNOWN,,,N,N,NOT_APPLICABLE,,,,,,NOT_APPLICABLE_NO_ROI,,,,,,,UNKNOWN,,BOOK_OR_UNSPECIFIED_ROI_SOURCE,roi_presence_raw と完全に1対1でROI記入の有無の言い換え。行の出所ではない,9,,,UNVERIFIED(表示基準日がページ間で不一致: トップ2026-08-16/使い方2026-05-17),TOP10,MISSING_ROI,NOT_AVAILABLE,原表と方式を入手するまで使用しない。原行は保持
rec_d93e3f20c9a8991d222eab8c8cac93c4995bf854878c7d6ce0905be2c29c9acb,PRIMARY_TRAINER,TrainerCond_連結済み_20260701.csv,405,TRAINER,佐藤 吉勝,,NAME_KEY_ONLY_UNVERIFIED_OFFICIAL_ID,休み明け3走目,NAMED_CONDITION,PARTIAL,,,,,,,,,,,,UNKNOWN,,,N,N,NOT_APPLICABLE,,,,,,NOT_APPLICABLE_NO_ROI,,,,,,,UNKNOWN,,BOOK_OR_UNSPECIFIED_ROI_SOURCE,roi_presence_raw と完全に1対1でROI記入の有無の言い換え。行の出所ではない,5,,,UNVERIFIED(表示基準日がページ間で不一致: トップ2026-08-16/使い方2026-05-17),TOP10,MISSING_ROI,NOT_AVAILABLE,原表と方式を入手するまで使用しない。原行は保持
rec_5eb3f11f2f12546b022ff85f7df47fa0b5a611c08a687ab020f7e5e06d19b463,PRIMARY_TRAINER,TrainerCond_連結済み_20260701.csv,406,TRAINER,武 英智,,NAME_KEY_ONLY_UNVERIFIED_OFFICIAL_ID,休み明け3走目,NAMED_CONDITION,PARTIAL,,,,,,,,,,,,UNKNOWN,,,N,N,NOT_APPLICABLE,,,,,,NOT_APPLICABLE_NO_ROI,,,,,,,UNKNOWN,,BOOK_OR_UNSPECIFIED_ROI_SOURCE,roi_presence_raw と完全に1対1でROI記入の有無の言い換え。行の出所ではない,6,,,UNVERIFIED(表示基準日がページ間で不一致: トップ2026-08-16/使い方2026-05-17),TOP10,MISSING_ROI,NOT_AVAILABLE,原表と方式を入手するまで使用しない。原行は保持
rec_a620f5e398279181425ba84ae667dc7700c76fd7bfefcdd00f6485ef6c30a151,PRIMARY_TRAINER,TrainerCond_連結済み_20260701.csv,407,TRAINER,矢嶋 大樹,,NAME_KEY_ONLY_UNVERIFIED_OFFICIAL_ID,休み明け3走目,NAMED_CONDITION,PARTIAL,,,,,,,,,,,,UNKNOWN,,,N,N,NOT_APPLICABLE,,,,,,NOT_APPLICABLE_NO_ROI,,,,,,,UNKNOWN,,BOOK_OR_UNSPECIFIED_ROI_SOURCE,roi_presence_raw と完全に1対1でROI記入の有無の言い換え。行の出所ではない,3,,,UNVERIFIED(表示基準日がページ間で不一致: トップ2026-08-16/使い方2026-05-17),TOP10,MISSING_ROI,NOT_AVAILABLE,原表と方式を入手するまで使用しない。原行は保持
rec_fd100f6bd4613ae0b8b4d8634de312d67584b87d395c981e032bed11d46fbea0,PRIMARY_TRAINER,TrainerCond_連結済み_20260701.csv,408,TRAINER,河嶋 宏樹,,NAME_KEY_ONLY_UNVERIFIED_OFFICIAL_ID,休み明け3走目,NAMED_CONDITION,PARTIAL,,,,,,,,,,,,UNKNOWN,,,N,N,NOT_APPLICABLE,,,,,,NOT_APPLICABLE_NO_ROI,,,,,,,UNKNOWN,,BOOK_OR_UNSPECIFIED_ROI_SOURCE,roi_presence_raw と完全に1対1でROI記入の有無の言い換え。行の出所ではない,8,,,UNVERIFIED(表示基準日がページ間で不一致: トップ2026-08-16/使い方2026-05-17),TOP10,MISSING_ROI,NOT_AVAILABLE,原表と方式を入手するまで使用しない。原行は保持
rec_6c341a8560de6fff53045c63eeeb8ab51eaa355cfb5a32fdca0a328e6f7ce936,PRIMARY_TRAINER,TrainerCond_連結済み_20260701.csv,409,TRAINER,宮地 貴稔,,NAME_KEY_ONLY_UNVERIFIED_OFFICIAL_ID,休み明け3走目,NAMED_CONDITION,PARTIAL,,,,,,,,,,,,UNKNOWN,,,N,N,NOT_APPLICABLE,,,,,,NOT_APPLICABLE_NO_ROI,,,,,,,UNKNOWN,,BOOK_OR_UNSPECIFIED_ROI_SOURCE,roi_presence_raw と完全に1対1でROI記入の有無の言い換え。行の出所ではない,14,,,UNVERIFIED(表示基準日がページ間で不一致: トップ2026-08-16/使い方2026-05-17),TOP10,MISSING_ROI,NOT_AVAILABLE,原表と方式を入手するまで使用しない。原行は保持
rec_0df75b19db1410f071995878b14ba12021cb4961b9929df62ab093415ca0efc8,PRIMARY_TRAINER,TrainerCond_連結済み_20260701.csv,410,TRAINER,中竹 和也,,NAME_KEY_ONLY_UNVERIFIED_OFFICIAL_ID,休み明け3走目,NAMED_CONDITION,PARTIAL,,,,,,,,,,,,UNKNOWN,,,N,N,NOT_APPLICABLE,,,,,,NOT_APPLICABLE_NO_ROI,,,,,,,UNKNOWN,,BOOK_OR_UNSPECIFIED_ROI_SOURCE,roi_presence_raw と完全に1対1でROI記入の有無の言い換え。行の出所ではない,2,,,UNVERIFIED(表示基準日がページ間で不一致: トップ2026-08-16/使い方2026-05-17),TOP10,MISSING_ROI,NOT_AVAILABLE,原表と方式を入手するまで使用しない。原行は保持
rec_b5ab1b90b4aead9dc1632d3eceff7cd0627fa82ff006a0fb32f3e23d39cf05fe,PRIMARY_TRAINER,TrainerCond_連結済み_20260701.csv,411,TRAINER,柄崎 将寿,,NAME_KEY_ONLY_UNVERIFIED_OFFICIAL_ID,休み明け3走目,NAMED_CONDITION,PARTIAL,,,,,,,,,,,,UNKNOWN,,,N,N,NOT_APPLICABLE,,,,,,NOT_APPLICABLE_NO_ROI,,,,,,,UNKNOWN,,BOOK_OR_UNSPECIFIED_ROI_SOURCE,roi_presence_raw と完全に1対1でROI記入の有無の言い換え。行の出所ではない,3,,,UNVERIFIED(表示基準日がページ間で不一致: トップ2026-08-16/使い方2026-05-17),TOP10,MISSING_ROI,NOT_AVAILABLE,原表と方式を入手するまで使用しない。原行は保持
rec_e0f03cd27c3f6757236907ddc4fae881e85b2ad6142ea54366b45057e09801b4,PRIMARY_TRAINER,TrainerCond_連結済み_20260701.csv,412,TRAINER,高橋 康之,,NAME_KEY_ONLY_UNVERIFIED_OFFICIAL_ID,休み明け3走目,NAMED_CONDITION,PARTIAL,,,,,,,,,,,,UNKNOWN,,,N,N,NOT_APPLICABLE,,,,,,NOT_APPLICABLE_NO_ROI,,,,,,,UNKNOWN,,BOOK_OR_UNSPECIFIED_ROI_SOURCE,roi_presence_raw と完全に1対1でROI記入の有無の言い換え。行の出所ではない,2,,,UNVERIFIED(表示基準日がページ間で不一致: トップ2026-08-16/使い方2026-05-17),TOP10,MISSING_ROI,NOT_AVAILABLE,原表と方式を入手するまで使用しない。原行は保持
rec_d237fa425c3ba4b921720bb9f7346b0eb1f52cf5e5f4562362474645ab167df1,PRIMARY_TRAINER,TrainerCond_連結済み_20260701.csv,413,TRAINER,千田 輝彦,,NAME_KEY_ONLY_UNVERIFIED_OFFICIAL_ID,休み明け3走目,NAMED_CONDITION,PARTIAL,,,,,,,,,,,,UNKNOWN,,,N,N,NOT_APPLICABLE,,,,,,NOT_APPLICABLE_NO_ROI,,,,,,,UNKNOWN,,BOOK_OR_UNSPECIFIED_ROI_SOURCE,roi_presence_raw と完全に1対1でROI記入の有無の言い換え。行の出所ではない,12,,,UNVERIFIED(表示基準日がページ間で不一致: トップ2026-08-16/使い方2026-05-17),TOP10,MISSING_ROI,NOT_AVAILABLE,原表と方式を入手するまで使用しない。原行は保持
rec_7675390f1d880ffff5b7ee9122294465b0615ec5c18a7a255b12ce94b880b119,PRIMARY_TRAINER,TrainerCond_連結済み_20260701.csv,414,TRAINER,堀内 岳志,,NAME_KEY_ONLY_UNVERIFIED_OFFICIAL_ID,休み明け3走目,NAMED_CONDITION,PARTIAL,,,,,,,,,,,,UNKNOWN,,,N,N,NOT_APPLICABLE,,,,,,NOT_APPLICABLE_NO_ROI,,,,,,,UNKNOWN,,BOOK_OR_UNSPECIFIED_ROI_SOURCE,roi_presence_raw と完全に1対1でROI記入の有無の言い換え。行の出所ではない,5,,,UNVERIFIED(表示基準日がページ間で不一致: トップ2026-08-16/使い方2026-05-17),ワースト3,MISSING_ROI,NOT_AVAILABLE,原表と方式を入手するまで使用しない。原行は保持
rec_21ba0fc9fc36b765e79d2feb47ee9c43134e7dea7595e9bd13a4072c775a7fa7,PRIMARY_TRAINER,TrainerCond_連結済み_20260701.csv,415,TRAINER,的場 均,,NAME_KEY_ONLY_UNVERIFIED_OFFICIAL_ID,休み明け3走目,NAMED_CONDITION,PARTIAL,,,,,,,,,,,,UNKNOWN,,,N,N,NOT_APPLICABLE,,,,,,NOT_APPLICABLE_NO_ROI,,,,,,,UNKNOWN,,BOOK_OR_UNSPECIFIED_ROI_SOURCE,roi_presence_raw と完全に1対1でROI記入の有無の言い換え。行の出所ではない,13,,,UNVERIFIED(表示基準日がページ間で不一致: トップ2026-08-16/使い方2026-05-17),ワースト3,MISSING_ROI,NOT_AVAILABLE,原表と方式を入手するまで使用しない。原行は保持
rec_403b1bae1144c4f9bda5e927e9cd2d9123ab5c577ee17cab11bc5e846054b9e3,PRIMARY_TRAINER,TrainerCond_連結済み_20260701.csv,416,TRAINER,天間 昭一,,NAME_KEY_ONLY_UNVERIFIED_OFFICIAL_ID,休み明け3走目,NAMED_CONDITION,PARTIAL,,,,,,,,,,,,UNKNOWN,,,N,N,NOT_APPLICABLE,,,,,,NOT_APPLICABLE_NO_ROI,,,,,,,UNKNOWN,,BOOK_OR_UNSPECIFIED_ROI_SOURCE,roi_presence_raw と完全に1対1でROI記入の有無の言い換え。行の出所ではない,5,,,UNVERIFIED(表示基準日がページ間で不一致: トップ2026-08-16/使い方2026-05-17),ワースト3,MISSING_ROI,NOT_AVAILABLE,原表と方式を入手するまで使用しない。原行は保持
rec_82d54b2b7bb91db4c677dcfadd9d773b7f75fcf2fad1afd72f49cb8ce0ee928f,PRIMARY_TRAINER,TrainerCond_連結済み_20260701.csv,417,TRAINER,東田 明士,,NAME_KEY_ONLY_UNVERIFIED_OFFICIAL_ID,連闘,NAMED_CONDITION,PARTIAL,,,,,,,,,,,,UNKNOWN,,,N,N,NOT_APPLICABLE,,,,,,NOT_APPLICABLE_NO_ROI,,,,,,,UNKNOWN,,BOOK_OR_UNSPECIFIED_ROI_SOURCE,roi_presence_raw と完全に1対1でROI記入の有無の言い換え。行の出所ではない,2,,,UNVERIFIED(表示基準日がページ間で不一致: トップ2026-08-16/使い方2026-05-17),TOP10,MISSING_ROI,NOT_AVAILABLE,原表と方式を入手するまで使用しない。原行は保持
rec_b7f888c5d5b1e7621a57494928d786ab2199250a96304623be0d8d85be4890b5,PRIMARY_TRAINER,TrainerCond_連結済み_20260701.csv,418,TRAINER,浜田 多実雄,,NAME_KEY_ONLY_UNVERIFIED_OFFICIAL_ID,連闘,NAMED_CONDITION,PARTIAL,,,,,,,,,,,,UNKNOWN,,,N,N,NOT_APPLICABLE,,,,,,NOT_APPLICABLE_NO_ROI,,,,,,,UNKNOWN,,BOOK_OR_UNSPECIFIED_ROI_SOURCE,roi_presence_raw と完全に1対1でROI記入の有無の言い換え。行の出所ではない,3,,,UNVERIFIED(表示基準日がページ間で不一致: トップ2026-08-16/使い方2026-05-17),TOP10,MISSING_ROI,NOT_AVAILABLE,原表と方式を入手するまで使用しない。原行は保持
rec_b9955ac7a23356c45fe714842e265d9828d9d631b3424759bb8d6ed520143cdb,PRIMARY_TRAINER,TrainerCond_連結済み_20260701.csv,419,TRAINER,北出 成人,,NAME_KEY_ONLY_UNVERIFIED_OFFICIAL_ID,連闘,NAMED_CONDITION,PARTIAL,,,,,,,,,,,,UNKNOWN,,,N,N,NOT_APPLICABLE,,,,,,NOT_APPLICABLE_NO_ROI,,,,,,,UNKNOWN,,BOOK_OR_UNSPECIFIED_ROI_SOURCE,roi_presence_raw と完全に1対1でROI記入の有無の言い換え。行の出所ではない,5,,,UNVERIFIED(表示基準日がページ間で不一致: トップ2026-08-16/使い方2026-05-17),TOP10,MISSING_ROI,NOT_AVAILABLE,原表と方式を入手するまで使用しない。原行は保持
rec_3807016863afe7422ceb7e8b4e33e887d9a41fd25394124f90a22d1c1838dae6,PRIMARY_TRAINER,TrainerCond_連結済み_20260701.csv,420,TRAINER,浅利 英明,,NAME_KEY_ONLY_UNVERIFIED_OFFICIAL_ID,連闘,NAMED_CONDITION,PARTIAL,,,,,,,,,,,,UNKNOWN,,,N,N,NOT_APPLICABLE,,,,,,NOT_APPLICABLE_NO_ROI,,,,,,,UNKNOWN,,BOOK_OR_UNSPECIFIED_ROI_SOURCE,roi_presence_raw と完全に1対1でROI記入の有無の言い換え。行の出所ではない,5,,,UNVERIFIED(表示基準日がページ間で不一致: トップ2026-08-16/使い方2026-05-17),TOP10,MISSING_ROI,NOT_AVAILABLE,原表と方式を入手するまで使用しない。原行は保持
rec_85302149d951f5d599634602fb0b791180e5228240a0926691b9cce033ee5285,PRIMARY_TRAINER,TrainerCond_連結済み_20260701.csv,421,TRAINER,牧田 和弥,,NAME_KEY_ONLY_UNVERIFIED_OFFICIAL_ID,連闘,NAMED_CONDITION,PARTIAL,,,,,,,,,,,,UNKNOWN,,,N,N,NOT_APPLICABLE,,,,,,NOT_APPLICABLE_NO_ROI,,,,,,,UNKNOWN,,BOOK_OR_UNSPECIFIED_ROI_SOURCE,roi_presence_raw と完全に1対1でROI記入の有無の言い換え。行の出所ではない,4,,,UNVERIFIED(表示基準日がページ間で不一致: トップ2026-08-16/使い方2026-05-17),TOP10,MISSING_ROI,NOT_AVAILABLE,原表と方式を入手するまで使用しない。原行は保持
rec_3c71aef86883a6588cb1afb4d9bba52841cf5bcc96c77d5ffe0ff997aafb88f7,PRIMARY_TRAINER,TrainerCond_連結済み_20260701.csv,422,TRAINER,粕谷 昌央,,NAME_KEY_ONLY_UNVERIFIED_OFFICIAL_ID,連闘,NAMED_CONDITION,PARTIAL,,,,,,,,,,,,UNKNOWN,,,N,N,NOT_APPLICABLE,,,,,,NOT_APPLICABLE_NO_ROI,,,,,,,UNKNOWN,,BOOK_OR_UNSPECIFIED_ROI_SOURCE,roi_presence_raw と完全に1対1でROI記入の有無の言い換え。行の出所ではない,2,,,UNVERIFIED(表示基準日がページ間で不一致: トップ2026-08-16/使い方2026-05-17),TOP10,MISSING_ROI,NOT_AVAILABLE,原表と方式を入手するまで使用しない。原行は保持
rec_c0c455b7cf9491658df4c9949060e7a6d6b8509d2470289c89527f222557dba8,PRIMARY_TRAINER,TrainerCond_連結済み_20260701.csv,423,TRAINER,杉山 晴紀,,NAME_KEY_ONLY_UNVERIFIED_OFFICIAL_ID,連闘,NAMED_CONDITION,PARTIAL,,,,,,,,,,,,UNKNOWN,,,N,N,NOT_APPLICABLE,,,,,,NOT_APPLICABLE_NO_ROI,,,,,,,UNKNOWN,,BOOK_OR_UNSPECIFIED_ROI_SOURCE,roi_presence_raw と完全に1対1でROI記入の有無の言い換え。行の出所ではない,5,,,UNVERIFIED(表示基準日がページ間で不一致: トップ2026-08-16/使い方2026-05-17),TOP10,MISSING_ROI,NOT_AVAILABLE,原表と方式を入手するまで使用しない。原行は保持
rec_c185f9d4439f17a5a7aef9193e82479cc14587fae076959377afa79ea43fe7d5,PRIMARY_TRAINER,TrainerCond_連結済み_20260701.csv,424,TRAINER,河嶋 宏樹,,NAME_KEY_ONLY_UNVERIFIED_OFFICIAL_ID,連闘,NAMED_CONDITION,PARTIAL,,,,,,,,,,,,UNKNOWN,,,N,N,NOT_APPLICABLE,,,,,,NOT_APPLICABLE_NO_ROI,,,,,,,UNKNOWN,,BOOK_OR_UNSPECIFIED_ROI_SOURCE,roi_presence_raw と完全に1対1でROI記入の有無の言い換え。行の出所ではない,8,,,UNVERIFIED(表示基準日がページ間で不一致: トップ2026-08-16/使い方2026-05-17),TOP10,MISSING_ROI,NOT_AVAILABLE,原表と方式を入手するまで使用しない。原行は保持
rec_48ebcc0a33a55d9c4907ca85e4ba036008fcc44dd5c02193c6622104bf04a167,PRIMARY_TRAINER,TrainerCond_連結済み_20260701.csv,425,TRAINER,荒川 義之,,NAME_KEY_ONLY_UNVERIFIED_OFFICIAL_ID,連闘,NAMED_CONDITION,PARTIAL,,,,,,,,,,,,UNKNOWN,,,N,N,NOT_APPLICABLE,,,,,,NOT_APPLICABLE_NO_ROI,,,,,,,UNKNOWN,,BOOK_OR_UNSPECIFIED_ROI_SOURCE,roi_presence_raw と完全に1対1でROI記入の有無の言い換え。行の出所ではない,4,,,UNVERIFIED(表示基準日がページ間で不一致: トップ2026-08-16/使い方2026-05-17),TOP10,MISSING_ROI,NOT_AVAILABLE,原表と方式を入手するまで使用しない。原行は保持
rec_5dbff06d0506d556f5060e5553fa7377bf9e50b8a20aa371e58cd7094331be98,PRIMARY_TRAINER,TrainerCond_連結済み_20260701.csv,426,TRAINER,蛯名 正義,,NAME_KEY_ONLY_UNVERIFIED_OFFICIAL_ID,連闘,NAMED_CONDITION,PARTIAL,,,,,,,,,,,,UNKNOWN,,,N,N,NOT_APPLICABLE,,,,,,NOT_APPLICABLE_NO_ROI,,,,,,,UNKNOWN,,BOOK_OR_UNSPECIFIED_ROI_SOURCE,roi_presence_raw と完全に1対1でROI記入の有無の言い換え。行の出所ではない,4,,,UNVERIFIED(表示基準日がページ間で不一致: トップ2026-08-16/使い方2026-05-17),TOP10,MISSING_ROI,NOT_AVAILABLE,原表と方式を入手するまで使用しない。原行は保持
rec_d8cc79207ba1a0897f2731b2be48f79efa35cdc747c77541b7190c85230f3210,PRIMARY_TRAINER,TrainerCond_連結済み_20260701.csv,427,TRAINER,的場 均,,NAME_KEY_ONLY_UNVERIFIED_OFFICIAL_ID,連闘,NAMED_CONDITION,PARTIAL,,,,,,,,,,,,UNKNOWN,,,N,N,NOT_APPLICABLE,,,,,,NOT_APPLICABLE_NO_ROI,,,,,,,UNKNOWN,,BOOK_OR_UNSPECIFIED_ROI_SOURCE,roi_presence_raw と完全に1対1でROI記入の有無の言い換え。行の出所ではない,13,,,UNVERIFIED(表示基準日がページ間で不一致: トップ2026-08-16/使い方2026-05-17),ワースト3,MISSING_ROI,NOT_AVAILABLE,原表と方式を入手するまで使用しない。原行は保持
rec_d501d143565fadad2001f973fdf42a351c01c61839020495ad2a8f0786ab8ec0,PRIMARY_TRAINER,TrainerCond_連結済み_20260701.csv,428,TRAINER,南田 美知雄,,NAME_KEY_ONLY_UNVERIFIED_OFFICIAL_ID,連闘,NAMED_CONDITION,PARTIAL,,,,,,,,,,,,UNKNOWN,,,N,N,NOT_APPLICABLE,,,,,,NOT_APPLICABLE_NO_ROI,,,,,,,UNKNOWN,,BOOK_OR_UNSPECIFIED_ROI_SOURCE,roi_presence_raw と完全に1対1でROI記入の有無の言い換え。行の出所ではない,4,,,UNVERIFIED(表示基準日がページ間で不一致: トップ2026-08-16/使い方2026-05-17),ワースト3,MISSING_ROI,NOT_AVAILABLE,原表と方式を入手するまで使用しない。原行は保持
rec_1750f7c2074938cc19e7a4e1358406bc2e3361c37479440c2935855ceddca2ee,PRIMARY_TRAINER,TrainerCond_連結済み_20260701.csv,429,TRAINER,牧 光二,,NAME_KEY_ONLY_UNVERIFIED_OFFICIAL_ID,連闘,NAMED_CONDITION,PARTIAL,,,,,,,,,,,,UNKNOWN,,,N,N,NOT_APPLICABLE,,,,,,NOT_APPLICABLE_NO_ROI,,,,,,,UNKNOWN,,BOOK_OR_UNSPECIFIED_ROI_SOURCE,roi_presence_raw と完全に1対1でROI記入の有無の言い換え。行の出所ではない,1,,,UNVERIFIED(表示基準日がページ間で不一致: トップ2026-08-16/使い方2026-05-17),ワースト3,MISSING_ROI,NOT_AVAILABLE,原表と方式を入手するまで使用しない。原行は保持
